<?xml version="1.0" encoding="UTF-8"?>
<alto xmlns:xsi="http://www.w3.org/2001/XMLSchema-instance"
      xmlns="http://www.loc.gov/standards/alto/ns-v4#"
      xsi:schemaLocation="http://www.loc.gov/standards/alto/ns-v4# http://www.loc.gov/standards/alto/v4/alto-4-2.xsd">
  <Description>
    <MeasurementUnit>pixel</MeasurementUnit>
    <sourceImageInformation>
      <fileName>bsb00084914_00096.jpg</fileName>
      
    </sourceImageInformation>
  </Description>
  
  <Tags>
    <OtherTag ID="BT1" LABEL="Title" DESCRIPTION="block type Title"/><OtherTag ID="BT2" LABEL="Main" DESCRIPTION="block type Main"/><OtherTag ID="BT3" LABEL="Commentary" DESCRIPTION="block type Commentary"/><OtherTag ID="BT4" LABEL="Illustration" DESCRIPTION="block type Illustration"/><OtherTag ID="BT844" LABEL="Margin" DESCRIPTION="block type Margin"/><OtherTag ID="BT845" LABEL="Paratext" DESCRIPTION="block type Paratext"/><OtherTag ID="BT978" LABEL="Hole" DESCRIPTION="block type Hole"/>
    <OtherTag ID="LT2" LABEL="Numbering" DESCRIPTION="line type Numbering"/><OtherTag ID="LT3" LABEL="Correction" DESCRIPTION="line type Correction"/>
  </Tags>
  
  <Layout>
    <Page WIDTH="3120"
          HEIGHT="4340"
          PHYSICAL_IMG_NR="95"
          ID="eSc_dummypage_">
      <PrintSpace HPOS="0"
                  VPOS="0"
                  WIDTH="3120"
                  HEIGHT="4340">
        
        <TextBlock HPOS="286.0"
                   VPOS="570.0"
                   WIDTH="1926.0"
                   HEIGHT="2630.0"
                   ID="eSc_textblock_10612"
                   TAGREFS="BT2">
          <Shape><Polygon POINTS="352 570 2212 570 2184 3171 286 3200"/></Shape>
          
          
          <TextLine ID="eSc_line_1645948"
                    
                    BASELINE="371 665 941 665 1523 672 2005 658 2213 658" 
                    HPOS="369.0"
                    VPOS="585.0"
                    WIDTH="1842.0"
                    HEIGHT="131.0">
            <Shape><Polygon POINTS="369 661 372 607 390 589 441 589 488 629 532 625 557 600 582 614 611 600 637 622 669 611 698 629 839 629 890 589 930 629 1183 629 1292 589 1368 589 1407 629 1552 629 1650 596 1733 603 1759 589 1791 603 1809 585 2066 585 2121 614 2193 607 2211 654 2200 687 2073 687 2055 705 1969 705 1950 687 1892 701 1874 687 1791 687 1751 705 1668 687 1639 705 1563 694 1541 712 1455 690 1389 716 1078 716 1046 701 998 716 915 716 901 701 810 716 778 690 749 712 694 698 673 716 448 716 423 694 372 694"/></Shape>
	    <String CONTENT="הדברים האלה בשר ודם אינו יכול לשמוע משני בני אדם כשהן צועקין [כ&#39;]"
                    HPOS="369.0"
                    VPOS="585.0"
                    WIDTH="1842.0"
                    HEIGHT="131.0"></String>
          </TextLine>

          
          
          <TextLine ID="eSc_line_1645935"
                    
                    BASELINE="336 777 499 770 1455 773 1827 759 2213 759" 
                    HPOS="332.0"
                    VPOS="679.0"
                    WIDTH="1879.0"
                    HEIGHT="156.0">
            <Shape><Polygon POINTS="332 773 419 694 452 723 488 726 586 726 615 698 647 730 930 719 973 730 1035 701 1071 730 1205 734 1266 712 1382 730 1455 690 1512 726 1563 690 1592 716 1675 723 1690 708 1788 708 1824 679 1878 716 1925 679 1954 708 2117 708 2149 694 2211 755 2171 795 2146 799 2052 792 2012 810 1990 788 1972 802 1867 792 1809 817 1780 792 1690 813 1675 802 1646 824 1610 799 1538 820 1422 810 1364 831 1317 802 1281 820 1194 824 919 813 868 835 818 795 789 820 705 806 644 835 626 817 546 810 492 806 470 820 405 781 336 777"/></Shape>
	    <String CONTENT="כאחת אבל הק&#39; אינו כן אלא [כל] אפי&#39; כל באי העולם באין וצועקין לפניו [באין]"
                    HPOS="332.0"
                    VPOS="679.0"
                    WIDTH="1879.0"
                    HEIGHT="156.0"></String>
          </TextLine>

          
          
          <TextLine ID="eSc_line_1645938"
                    
                    BASELINE="311 860 738 875 908 871 1433 875 1849 857 2207 860" 
                    HPOS="307.0"
                    VPOS="788.0"
                    WIDTH="1897.0"
                    HEIGHT="148.0">
            <Shape><Polygon POINTS="307 857 365 792 401 788 466 828 535 813 553 831 608 820 651 842 709 810 741 835 774 835 810 806 879 839 922 820 984 835 1082 813 1198 824 1252 810 1274 828 1321 799 1353 828 1404 828 1422 813 1538 820 1614 802 1643 820 1708 817 1730 795 1759 810 1784 795 1806 817 1849 799 2088 810 2113 795 2164 799 2204 857 2171 893 1802 893 1784 911 1751 900 1726 925 1686 896 1335 922 1303 900 1266 900 1172 925 1140 896 1082 911 1053 889 995 929 955 911 854 929 836 911 814 925 774 911 749 929 720 911 662 936 629 911 586 911 550 933 423 896 365 896 351 911 311 871"/></Shape>
	    <String CONTENT="הוא שומע צעקתן שנ&#39; שומע תפלה עדיך כו&#39; ˙ נורא תהלות לא מעכשיו ﭏא"
                    HPOS="307.0"
                    VPOS="788.0"
                    WIDTH="1897.0"
                    HEIGHT="148.0"></String>
          </TextLine>

          
          
          <TextLine ID="eSc_line_1645936"
                    
                    BASELINE="369 965 524 976 904 976 1321 962 1755 958 1925 962 2168 951 2213 953" 
                    HPOS="365.0"
                    VPOS="893.0"
                    WIDTH="1846.0"
                    HEIGHT="137.0">
            <Shape><Polygon POINTS="365 962 398 922 532 922 604 940 694 929 716 911 749 933 785 907 807 929 832 915 854 933 897 918 1031 922 1056 896 1085 918 1140 907 1172 933 1252 922 1284 900 1328 925 1444 911 1512 925 1534 900 1574 900 1632 936 1683 904 1726 933 1809 893 1835 911 1860 896 2045 907 2059 893 2186 893 2211 951 2164 987 2117 983 2099 998 1918 987 1856 1005 1827 987 1798 1009 1740 1009 1722 990 1672 1001 1643 972 1617 998 1578 987 1549 1009 1523 998 1397 1016 1346 1012 1324 994 1172 1019 1143 1001 1056 1016 1017 998 904 1016 832 1009 814 1023 680 1012 640 1030 593 1001 528 1027 477 998 434 1001 409 1023 372 1001"/></Shape>
	    <String CONTENT="מעו&#39; ˙ נורא תהילות ˙˙ ד&#39;א&#39; נורא תהילות מי&#39; ב&#39; ו&#39; ˙ מוראו על רחוקים יותר מן"
                    HPOS="365.0"
                    VPOS="893.0"
                    WIDTH="1846.0"
                    HEIGHT="137.0"></String>
          </TextLine>

          
          
          <TextLine ID="eSc_line_1645939"
                    
                    BASELINE="329 1059 651 1077 1038 1077 1252 1070 1531 1070 2193 1048" 
                    HPOS="325.0"
                    VPOS="980.0"
                    WIDTH="1864.0"
                    HEIGHT="144.0">
            <Shape><Polygon POINTS="325 1056 369 1016 419 1030 456 1012 477 1030 542 1034 582 1001 694 1034 904 1027 926 1001 980 1001 1009 1027 1035 1005 1056 1023 1129 1027 1143 1012 1223 1012 1245 994 1274 1012 1440 1019 1509 998 1549 1016 1588 987 1614 1009 1704 1001 1737 1016 1831 994 1860 1009 1947 994 2135 1005 2178 980 2189 1045 2168 1088 2102 1081 2026 1106 1997 1092 1744 1106 1693 1085 1639 1106 1549 1095 1491 1113 1462 1095 1444 1113 1411 1103 1368 1121 1350 1106 1328 1124 1284 1095 1241 1121 1208 1099 1187 1121 984 1103 933 1124 894 1106 828 1124 789 1099 713 1124 604 1124 589 1110 466 1124 441 1106 380 1103 336 1059"/></Shape>
	    <String CONTENT="[הרחוקים] ˙ הקרובים ˙ אבל הק&#39; אינו כן אלא מוראו על קרוביו יותר מעל רחוקיו [/]"
                    HPOS="325.0"
                    VPOS="980.0"
                    WIDTH="1864.0"
                    HEIGHT="144.0"></String>
          </TextLine>

          
          
          <TextLine ID="eSc_line_1645940"
                    
                    BASELINE="340 1164 1679 1160 1911 1150 2193 1142" 
                    HPOS="336.0"
                    VPOS="1081.0"
                    WIDTH="1853.0"
                    HEIGHT="152.0">
            <Shape><Polygon POINTS="336 1160 372 1117 427 1110 463 1124 550 1121 564 1135 803 1117 941 1128 984 1106 1190 1117 1208 1099 1237 1121 1375 1121 1418 1103 1473 1124 1585 1106 1607 1121 1672 1092 1798 1110 1983 1092 2034 1103 2102 1081 2139 1099 2178 1095 2189 1139 2175 1171 2135 1186 1997 1193 1965 1171 1925 1189 1896 1164 1813 1207 1784 1186 1751 1200 1719 1189 1701 1207 1650 1204 1625 1182 1596 1200 1321 1211 1245 1189 1183 1215 1132 1197 1024 1215 970 1204 843 1233 818 1211 698 1189 669 1218 640 1218 626 1204 579 1207 553 1182 481 1218 434 1189 369 1189 340 1160"/></Shape>
	    <String CONTENT="שנ&#39; בקרוביי אקדש וכ&#39; ˙ וסביביו נסערה מ&#39; ˙ ואומ&#39; ﭏ נערץ בסוד קדושי&#39; רבה"
                    HPOS="336.0"
                    VPOS="1081.0"
                    WIDTH="1853.0"
                    HEIGHT="152.0"></String>
          </TextLine>

          
          
          <TextLine ID="eSc_line_1645941"
                    
                    BASELINE="361 1265 1321 1262 2204 1240" 
                    HPOS="358.0"
                    VPOS="1168.0"
                    WIDTH="1842.0"
                    HEIGHT="152.0">
            <Shape><Polygon POINTS="358 1262 361 1215 510 1226 550 1186 586 1222 691 1236 731 1200 839 1233 915 1215 1179 1218 1216 1215 1237 1193 1313 1218 1491 1193 1599 1204 1617 1186 1701 1215 1773 1186 1809 1204 1853 1200 1900 1168 1929 1197 1965 1175 1997 1197 2171 1186 2189 1193 2200 1236 2186 1269 2102 1291 2063 1258 2037 1280 1914 1291 1730 1291 1715 1276 1672 1298 1592 1298 1502 1280 1331 1305 1277 1287 1248 1305 1064 1320 1017 1305 919 1316 894 1294 745 1309 662 1298 626 1320 365 1302"/></Shape>
	    <String CONTENT="ונורא על כל סביביו ˙ ואו&#39; ייי ﭏהי&#39; צבאות מי כמוך חסין יה ˙ מי&#39; ב&#39;ו&#39; ˙ ופעל עושה"
                    HPOS="358.0"
                    VPOS="1168.0"
                    WIDTH="1842.0"
                    HEIGHT="152.0"></String>
          </TextLine>

          
          
          <TextLine ID="eSc_line_1645942"
                    
                    BASELINE="337 1347 401 1363 445 1367 792 1367 1212 1349 1759 1349 2193 1327" 
                    HPOS="336.0"
                    VPOS="1262.0"
                    WIDTH="1853.0"
                    HEIGHT="170.0">
            <Shape><Polygon POINTS="336 1345 343 1305 409 1302 437 1320 524 1305 597 1323 745 1316 767 1302 861 1323 886 1298 908 1316 1176 1316 1277 1291 1331 1309 1469 1294 1516 1309 1661 1305 1693 1287 1719 1302 2037 1287 2063 1262 2099 1298 2178 1273 2189 1323 2124 1377 2008 1363 1867 1381 1842 1367 1806 1385 1769 1370 1617 1396 1556 1381 1523 1392 1483 1374 1407 1396 1125 1392 1049 1410 995 1392 951 1403 883 1388 854 1410 799 1410 778 1392 658 1417 488 1392 466 1414 441 1399 380 1403 343 1432"/></Shape>
	    <String CONTENT="אצל בעל הבית חורש עמו וזורע עמו ˙ מנכש עמו מטבע אחד פחת הוא נותן"
                    HPOS="336.0"
                    VPOS="1262.0"
                    WIDTH="1853.0"
                    HEIGHT="170.0"></String>
          </TextLine>

          
          
          <TextLine ID="eSc_line_1645943"
                    
                    BASELINE="337 1444 474 1453 1042 1453 1418 1439 1737 1439 2203 1418" 
                    HPOS="336.0"
                    VPOS="1345.0"
                    WIDTH="1864.0"
                    HEIGHT="170.0">
            <Shape><Polygon POINTS="336 1443 376 1406 463 1417 492 1392 521 1414 568 1396 589 1414 713 1417 781 1396 857 1410 886 1388 933 1414 1143 1392 1165 1406 1234 1392 1404 1399 1498 1374 1520 1392 1556 1381 1570 1396 1636 1399 1751 1370 1795 1388 1842 1370 1878 1385 1911 1370 1990 1377 2008 1363 2124 1377 2153 1345 2189 1370 2200 1417 2160 1461 2095 1450 2070 1468 1987 1479 1936 1443 1892 1475 1791 1468 1762 1493 1726 1464 1672 1482 1617 1471 1581 1508 1541 1468 1494 1464 1455 1482 1299 1475 1230 1493 1074 1493 1024 1479 933 1511 854 1490 774 1504 727 1490 702 1508 575 1493 456 1515 394 1475 369 1486 343 1461"/></Shape>
	    <String CONTENT="לו והולך ˙ אבל הק&#39; אינו כן אלא אדם תאב לבנים נותן לו שנ&#39; הנה נחלת לי בנים"
                    HPOS="336.0"
                    VPOS="1345.0"
                    WIDTH="1864.0"
                    HEIGHT="170.0"></String>
          </TextLine>

          
          
          <TextLine ID="eSc_line_1645944"
                    
                    BASELINE="332 1533 647 1547 861 1547 1686 1522 2073 1526 2200 1511" 
                    HPOS="329.0"
                    VPOS="1450.0"
                    WIDTH="1868.0"
                    HEIGHT="163.0">
            <Shape><Polygon POINTS="329 1529 365 1490 441 1515 539 1497 698 1511 723 1490 760 1508 933 1511 1002 1500 1024 1479 1074 1500 1458 1482 1473 1468 1545 1482 1578 1508 1614 1468 1639 1482 1719 1468 1762 1497 1791 1471 1892 1471 1932 1450 1987 1486 2084 1450 2178 1461 2197 1508 2189 1544 2128 1562 1947 1562 1921 1544 1860 1569 1795 1558 1759 1584 1733 1558 1552 1576 1480 1551 1422 1558 1397 1584 1321 1566 1078 1591 1053 1569 962 1594 875 1573 767 1613 597 1584 390 1587 332 1544"/></Shape>
	    <String CONTENT="ת&#39; לחכמה ˙ הק&#39; נותן לו שנ&#39; כי ייי יתן חכמה ˙ תאב לנכסים ˙ נותן לו נכסים שנ&#39; [ו/]"
                    HPOS="329.0"
                    VPOS="1450.0"
                    WIDTH="1868.0"
                    HEIGHT="163.0"></String>
          </TextLine>

          
          
          <TextLine ID="eSc_line_1645945"
                    
                    BASELINE="300 1645 398 1638 1027 1641 2171 1613" 
                    HPOS="296.0"
                    VPOS="1551.0"
                    WIDTH="1872.0"
                    HEIGHT="159.0">
            <Shape><Polygon POINTS="296 1641 300 1587 340 1569 416 1594 441 1580 488 1602 546 1587 568 1602 637 1594 770 1613 828 1605 872 1573 904 1602 998 1602 1024 1584 1060 1598 1140 1576 1245 1591 1321 1562 1389 1587 1418 1562 1451 1580 1509 1580 1523 1566 1570 1587 1679 1580 1726 1555 1759 1584 1795 1562 1849 1573 1889 1551 1907 1566 2157 1562 2168 1609 2157 1663 2110 1649 2008 1660 1961 1638 1936 1663 1784 1652 1672 1681 1654 1670 1628 1692 1596 1663 1512 1649 1422 1674 1303 1663 1198 1678 1176 1660 1129 1688 618 1688 589 1710 521 1681 492 1703 466 1681 340 1681 304 1645"/></Shape>
	    <String CONTENT="והעושר והכבוד מלפניך ˙ מי&#39; ב&#39; ו&#39; כשהוא בונה בונה את התחתון ואח&#39;כ&#39; בונ&#39;"
                    HPOS="296.0"
                    VPOS="1551.0"
                    WIDTH="1872.0"
                    HEIGHT="159.0"></String>
          </TextLine>

          
          
          <TextLine ID="eSc_line_1645949"
                    
                    BASELINE="318 1736 1129 1743 1563 1725 2182 1714" 
                    HPOS="314.0"
                    VPOS="1638.0"
                    WIDTH="1864.0"
                    HEIGHT="173.0">
            <Shape><Polygon POINTS="314 1735 361 1692 423 1678 456 1678 488 1707 571 1710 629 1692 680 1707 716 1685 767 1703 865 1685 912 1703 1143 1678 1179 1703 1248 1670 1400 1685 1455 1663 1473 1681 1596 1670 1625 1688 1650 1674 1751 1674 1777 1656 1820 1670 1932 1667 1961 1638 2026 1663 2121 1660 2149 1670 2178 1710 2168 1739 2113 1761 2019 1746 1976 1761 1940 1743 1911 1768 1871 1732 1835 1761 1795 1757 1766 1786 1737 1764 1646 1772 1617 1754 1455 1783 1422 1772 1393 1793 1328 1761 1292 1783 1205 1772 1074 1790 1049 1779 1035 1793 872 1790 846 1811 770 1790 561 1793 532 1768 503 1797 463 1797 441 1775 361 1772 329 1739"/></Shape>
	    <String CONTENT="את העליון ˙ והק&#39; ברא את העליון ואח&#39;כ&#39; [ברא] → את התחתון שנ&#39; בראשית וגו&#39; ˙ [/]"
                    HPOS="314.0"
                    VPOS="1638.0"
                    WIDTH="1864.0"
                    HEIGHT="173.0"></String>
          </TextLine>

          
          
          <TextLine ID="eSc_line_1645950"
                    
                    BASELINE="296 1833 445 1844 1035 1844 1400 1830 1693 1826 1860 1815 2182 1808" 
                    HPOS="293.0"
                    VPOS="1743.0"
                    WIDTH="1885.0"
                    HEIGHT="162.0">
            <Shape><Polygon POINTS="293 1830 322 1786 354 1779 372 1793 401 1775 463 1804 495 1804 539 1772 568 1801 622 1786 694 1808 720 1797 846 1815 915 1790 1082 1797 1190 1790 1208 1772 1310 1786 1331 1764 1389 1793 1592 1761 1607 1775 1697 1761 1766 1786 1795 1757 1838 1775 1871 1743 1907 1775 1936 1757 2117 1757 2168 1743 2178 1804 2160 1862 2113 1844 1802 1851 1780 1833 1733 1866 1610 1851 1531 1866 1512 1851 1491 1869 1212 1866 1100 1884 995 1873 868 1898 821 1877 731 1898 597 1873 579 1891 557 1880 437 1905 401 1877 383 1887 329 1869 300 1840"/></Shape>
	    <String CONTENT="מדת בשר ודם כשהוא מקרה בעצים ובאבנים ובעפר ובמים ˙ אבל הק&#39; אינו"
                    HPOS="293.0"
                    VPOS="1743.0"
                    WIDTH="1885.0"
                    HEIGHT="162.0"></String>
          </TextLine>

          
          
          <TextLine ID="eSc_line_1645951"
                    
                    BASELINE="322 1934 973 1942 1143 1931 1353 1927 1578 1913 1921 1913 2160 1902" 
                    HPOS="318.0"
                    VPOS="1837.0"
                    WIDTH="1839.0"
                    HEIGHT="155.0">
            <Shape><Polygon POINTS="318 1931 351 1887 398 1884 419 1902 495 1902 600 1873 651 1902 825 1905 991 1898 1056 1873 1132 1887 1436 1866 1480 1877 1505 1858 1527 1873 1708 1866 1755 1858 1777 1837 1806 1855 1889 1844 2117 1855 2146 1866 2157 1898 2146 1942 2095 1963 2073 1942 1954 1942 1936 1927 1900 1949 1882 1934 1856 1949 1780 1938 1715 1942 1697 1960 1610 1949 1588 1963 1552 1949 1531 1967 1455 1956 1360 1971 1324 1945 1263 1967 1125 1963 1096 1981 1035 1963 998 1985 901 1974 741 1992 658 1974 618 1992 398 1978 322 1945"/></Shape>
	    <String CONTENT="כן קירה את עולמו במים שנ&#39; המקרה במים וגו&#39; ˙ בשר ודם אינו יכול לצור צורה"
                    HPOS="318.0"
                    VPOS="1837.0"
                    WIDTH="1839.0"
                    HEIGHT="155.0"></String>
          </TextLine>

          
          
          <TextLine ID="eSc_line_1645952"
                    
                    BASELINE="314 2032 1060 2028 1234 2018 1541 2010 1686 2000 1936 2000 2179 1986" 
                    HPOS="311.0"
                    VPOS="1927.0"
                    WIDTH="1867.0"
                    HEIGHT="159.0">
            <Shape><Polygon POINTS="311 2028 354 1978 492 1985 513 2000 767 2000 926 1974 977 1989 1071 1971 1093 1985 1154 1971 1274 1981 1324 1949 1357 1974 1411 1960 1541 1967 1556 1952 1578 1967 1610 1952 1701 1960 1777 1942 1849 1956 1882 1938 1914 1952 1936 1927 1950 1942 2073 1942 2095 1963 2142 1942 2178 1985 2149 2043 1965 2025 1925 2039 1816 2028 1780 2057 1751 2036 1733 2047 1683 2032 1646 2050 1389 2043 1375 2057 1277 2061 1241 2039 1216 2065 1165 2050 1078 2072 951 2057 894 2079 836 2061 810 2086 770 2072 713 2086 669 2065 608 2075 586 2054 506 2083 445 2079 369 2057 340 2028"/></Shape>
	    <String CONTENT="במים אבל הק&#39; צר צורה במים שנ&#39; ויאמר ﭏהים ישרצו המים ˙˙ בשר"
                    HPOS="311.0"
                    VPOS="1927.0"
                    WIDTH="1867.0"
                    HEIGHT="159.0"></String>
          </TextLine>

          
          
          <TextLine ID="eSc_line_1645953"
                    
                    BASELINE="288 2110 361 2122 506 2133 731 2133 1295 2119 2164 2075" 
                    HPOS="285.0"
                    VPOS="2025.0"
                    WIDTH="1875.0"
                    HEIGHT="166.0">
            <Shape><Polygon POINTS="285 2108 318 2065 365 2057 387 2075 513 2090 568 2061 604 2079 665 2068 691 2090 738 2072 810 2090 846 2072 879 2086 984 2065 1002 2083 1024 2068 1122 2072 1143 2054 1194 2072 1248 2043 1288 2068 1328 2054 1371 2065 1393 2047 1429 2065 1487 2047 1541 2061 1581 2039 1639 2057 1769 2054 1813 2025 1853 2043 1961 2043 2001 2025 2045 2039 2088 2025 2135 2036 2160 2072 2153 2130 2121 2112 2066 2130 2023 2112 1976 2130 1954 2112 1871 2137 1672 2130 1429 2162 1393 2162 1350 2137 1313 2162 1172 2162 1147 2191 1103 2155 937 2162 919 2180 886 2162 810 2180 760 2180 734 2162 713 2180 662 2173 640 2188 611 2170 568 2184 466 2180 390 2166 365 2144 318 2155 293 2130"/></Shape>
	    <String CONTENT="ודם אינו יכול לצור צורה בעפר ˙ אבל הק&#39; צר צורה בעפר שנ&#39; אשר עשיתי"
                    HPOS="285.0"
                    VPOS="2025.0"
                    WIDTH="1875.0"
                    HEIGHT="166.0"></String>
          </TextLine>

          
          
          <TextLine ID="eSc_line_1645937"
                    
                    BASELINE="300 2209 575 2227 803 2227 1060 2217 1313 2217 1712 2191 1907 2188 2037 2177 2179 2180" 
                    HPOS="296.0"
                    VPOS="2119.0"
                    WIDTH="1882.0"
                    HEIGHT="159.0">
            <Shape><Polygon POINTS="296 2206 329 2170 658 2191 709 2184 731 2162 796 2188 875 2166 991 2180 1006 2166 1078 2170 1103 2155 1143 2191 1230 2162 1313 2159 1339 2177 1357 2162 1885 2137 1943 2119 1979 2133 2008 2119 2131 2119 2149 2137 2168 2126 2178 2177 2168 2206 2128 2224 2041 2213 2019 2227 1983 2209 1900 2238 1831 2220 1722 2238 1632 2220 1581 2245 1523 2238 1426 2264 1386 2227 1335 2242 1299 2220 1266 2253 1205 2267 1118 2253 991 2253 966 2267 901 2249 857 2271 709 2260 669 2278 582 2278 550 2260 434 2271 351 2249 311 2209"/></Shape>
	    <String CONTENT="בסתר רוקמתי בתחתיות ארץ בשר ודם כשהוא בא לצור צורה מתח&#39; ˙"
                    HPOS="296.0"
                    VPOS="2119.0"
                    WIDTH="1882.0"
                    HEIGHT="159.0"></String>
          </TextLine>

          
          
          <TextLine ID="eSc_line_1645947"
                    
                    BASELINE="296 2300 582 2321 951 2321 1357 2307 1578 2292 1784 2292 2063 2274 2164 2278" 
                    HPOS="293.0"
                    VPOS="2224.0"
                    WIDTH="1867.0"
                    HEIGHT="166.0">
            <Shape><Polygon POINTS="293 2296 329 2249 358 2245 437 2274 676 2278 694 2292 807 2264 886 2274 908 2253 962 2271 995 2253 1237 2267 1299 2227 1321 2245 1368 2231 1436 2264 1614 2242 1636 2253 1657 2227 1690 2249 1726 2235 1885 2242 2088 2224 2131 2231 2160 2274 2135 2321 2077 2307 1871 2329 1693 2318 1639 2336 1570 2325 1552 2343 1487 2329 1426 2350 1299 2347 1255 2365 1208 2347 1089 2365 1071 2347 1053 2365 988 2365 962 2339 908 2379 865 2358 789 2372 760 2358 720 2390 658 2365 626 2376 589 2350 532 2354 495 2379 409 2368 376 2347 351 2361 300 2314"/></Shape>
	    <String CONTENT="בראשה או באחד מאיבריה ואח&#39;כ&#39; גומרה אבל הק&#39; [אינו כן] צר צורה כולה"
                    HPOS="293.0"
                    VPOS="2224.0"
                    WIDTH="1867.0"
                    HEIGHT="166.0"></String>
          </TextLine>

          
          
          <TextLine ID="eSc_line_1645931"
                    
                    BASELINE="369 2412 463 2423 991 2419 1082 2412 1740 2390 1900 2376 2048 2379 2131 2372 2179 2358" 
                    HPOS="365.0"
                    VPOS="2311.0"
                    WIDTH="1813.0"
                    HEIGHT="170.0">
            <Shape><Polygon POINTS="365 2408 380 2358 499 2383 532 2350 597 2383 676 2372 723 2387 760 2358 785 2379 839 2368 908 2383 962 2339 984 2361 1111 2372 1169 2350 1259 2365 1284 2350 1462 2350 1476 2336 1549 2347 1574 2321 1625 2343 1690 2343 1704 2329 1733 2339 1773 2321 1795 2339 1820 2325 1856 2339 1892 2314 1972 2332 2052 2311 2139 2325 2178 2354 2128 2426 2016 2405 1983 2423 1950 2412 1864 2430 1759 2426 1737 2412 1701 2430 1679 2415 1643 2434 1473 2434 1451 2452 1415 2430 1375 2434 1353 2455 1266 2441 1190 2462 1118 2434 1082 2459 973 2452 948 2470 879 2444 850 2466 836 2452 774 2481 640 2466 622 2448 593 2470 495 2459 470 2477 437 2473 372 2423"/></Shape>
	    <String CONTENT="כאחת שנ&#39; כי יוצר הכל הוא ˙ ואומר אין צור כﭏהינו אין צייר כﭏהינו ˙˙"
                    HPOS="365.0"
                    VPOS="2311.0"
                    WIDTH="1813.0"
                    HEIGHT="170.0"></String>
          </TextLine>

          
          
          <TextLine ID="eSc_line_1645930"
                    
                    BASELINE="289 2513 347 2509 597 2524 720 2524 991 2506 1324 2506 1545 2499 1827 2481 2197 2481" 
                    HPOS="285.0"
                    VPOS="2412.0"
                    WIDTH="1908.0"
                    HEIGHT="163.0">
            <Shape><Polygon POINTS="285 2509 332 2448 365 2434 427 2473 477 2477 510 2455 553 2477 622 2448 698 2484 789 2466 846 2481 890 2444 922 2473 955 2473 1085 2459 1111 2441 1187 2466 1223 2452 1375 2459 1415 2430 1444 2455 1483 2455 1527 2430 1545 2448 1628 2444 1664 2415 1726 2444 1773 2426 1802 2437 1842 2419 1867 2434 1950 2412 1972 2426 2131 2423 2193 2477 2171 2477 2128 2520 2030 2506 1947 2517 1921 2502 1820 2546 1788 2520 1748 2535 1686 2524 1657 2546 1567 2542 1505 2520 1422 2553 1292 2542 1198 2556 1132 2542 1056 2546 1013 2567 908 2553 879 2575 843 2542 807 2564 716 2575 586 2560 535 2575 503 2553 470 2571 383 2538 322 2549 293 2520"/></Shape>
	    <String CONTENT="בשר ודם הולך אצל עושה צלמים ואומ&#39; לו עשה לי צורת של אבא ˙ והלא"
                    HPOS="285.0"
                    VPOS="2412.0"
                    WIDTH="1908.0"
                    HEIGHT="163.0"></String>
          </TextLine>

          
          
          <TextLine ID="eSc_line_1645927"
                    
                    BASELINE="311 2607 513 2625 890 2622 1020 2611 1270 2607 1806 2582 2102 2575 2193 2564" 
                    HPOS="307.0"
                    VPOS="2502.0"
                    WIDTH="1882.0"
                    HEIGHT="177.0">
            <Shape><Polygon POINTS="307 2604 354 2538 441 2575 499 2553 528 2582 561 2567 579 2585 662 2585 723 2571 796 2578 828 2546 875 2575 901 2553 970 2575 1046 2549 1114 2560 1143 2538 1216 2560 1295 2546 1465 2553 1509 2524 1541 2549 1686 2549 1766 2528 1820 2546 1845 2524 1903 2524 1921 2506 1947 2524 2041 2506 2084 2528 2149 2502 2189 2560 2164 2593 2102 2611 2016 2607 1979 2629 1824 2607 1791 2632 1755 2614 1726 2643 1704 2629 1679 2640 1581 2625 1498 2647 1483 2636 1411 2651 1386 2636 1364 2654 1335 2640 1255 2654 1208 2636 1140 2658 1111 2636 1089 2654 1042 2647 1006 2665 937 2669 904 2647 839 2672 760 2658 655 2672 615 2654 542 2679 510 2658 485 2676 427 2654 387 2665 311 2622"/></Shape>
	    <String CONTENT="אומ&#39; לו יבא אביך ויעמוד לפניי או הביא לו איקונין שלו ואני עושה לך [צור&#39;]"
                    HPOS="307.0"
                    VPOS="2502.0"
                    WIDTH="1882.0"
                    HEIGHT="177.0"></String>
          </TextLine>

          
          
          <TextLine ID="eSc_line_1645928"
                    
                    BASELINE="434 2716 1082 2712 1353 2698 1646 2694 1921 2679 2197 2679" 
                    HPOS="430.0"
                    VPOS="2607.0"
                    WIDTH="1763.0"
                    HEIGHT="166.0">
            <Shape><Polygon POINTS="430 2712 434 2672 485 2679 499 2665 561 2683 622 2658 680 2679 720 2654 738 2672 872 2676 894 2658 1357 2658 1389 2640 1552 2654 1657 2629 1730 2647 1755 2622 1802 2636 1827 2607 1943 2632 2026 2618 2135 2625 2193 2676 2164 2676 2113 2716 2001 2723 1976 2705 1947 2723 1907 2705 1889 2723 1813 2719 1755 2745 1701 2719 1646 2730 1625 2708 1585 2741 1509 2730 1415 2745 1386 2726 1299 2759 1198 2730 1107 2752 1089 2737 1024 2741 998 2759 915 2752 890 2734 857 2763 807 2748 778 2770 727 2759 684 2773 651 2752 499 2766 470 2737 437 2741"/></Shape>
	    <String CONTENT="צורתו ˙ אבל הק&#39; צר את העובר במעי אמו ˙ ודומה צורתו לשל אביו ˙˙"
                    HPOS="430.0"
                    VPOS="2607.0"
                    WIDTH="1763.0"
                    HEIGHT="166.0"></String>
          </TextLine>

          
          
          <TextLine ID="eSc_line_1645929"
                    
                    BASELINE="327 2800 506 2813 894 2813 1190 2799 1444 2799 1835 2781 2182 2770" 
                    HPOS="325.0"
                    VPOS="2708.0"
                    WIDTH="1853.0"
                    HEIGHT="170.0">
            <Shape><Polygon POINTS="325 2799 329 2748 365 2755 394 2726 474 2773 521 2777 546 2759 600 2773 644 2752 669 2773 752 2781 796 2752 850 2763 879 2734 948 2770 1046 2741 1085 2763 1147 2759 1176 2730 1266 2759 1386 2726 1411 2752 1476 2748 1505 2730 1581 2745 1610 2716 1646 2741 1813 2741 1911 2708 1969 2737 2012 2716 2066 2730 2139 2723 2178 2766 2149 2813 2102 2820 1969 2810 1943 2831 1820 2817 1802 2831 1683 2820 1617 2839 1523 2810 1476 2853 1447 2831 1342 2835 1281 2857 1219 2835 1107 2864 991 2842 930 2864 857 2849 789 2878 698 2853 615 2868 542 2860 517 2842 492 2864 445 2846 383 2842 361 2860 332 2846"/></Shape>
	    <String CONTENT="עושה פלא ˙ עשה פלא אין כתי&#39; כאן אלא עושה פלא לעתיד לבא ˙ שנ&#39; לכן"
                    HPOS="325.0"
                    VPOS="2708.0"
                    WIDTH="1853.0"
                    HEIGHT="170.0"></String>
          </TextLine>

          
          
          <TextLine ID="eSc_line_1645933"
                    
                    BASELINE="327 2897 720 2911 915 2900 1212 2900 1979 2868 2168 2871" 
                    HPOS="325.0"
                    VPOS="2810.0"
                    WIDTH="1839.0"
                    HEIGHT="159.0">
            <Shape><Polygon POINTS="325 2896 329 2853 423 2846 539 2871 669 2868 684 2853 749 2875 951 2864 973 2846 1049 2864 1447 2835 1473 2853 1527 2810 1556 2828 1599 2824 1617 2842 1690 2828 1737 2842 1813 2820 1867 2835 1936 2835 1965 2817 2034 2831 2131 2813 2153 2817 2164 2868 2128 2904 1947 2904 1903 2922 1860 2915 1842 2933 1788 2907 1769 2922 1650 2922 1636 2936 1599 2911 1549 2933 1451 2915 1433 2933 1321 2943 1295 2918 1263 2943 1227 2929 1154 2951 1103 2933 1024 2958 977 2943 930 2958 832 2943 731 2969 669 2943 586 2965 532 2947 470 2962 347 2936 332 2947"/></Shape>
	    <String CONTENT="הנה ימים באים נאם ייי לא יאמר עוד חי ייי וגו&#39; ˙ כי חי ייי וגו&#39; ˙ עושה פלא ˙"
                    HPOS="325.0"
                    VPOS="2810.0"
                    WIDTH="1839.0"
                    HEIGHT="159.0"></String>
          </TextLine>

          
          
          <TextLine ID="eSc_line_1645932"
                    
                    BASELINE="327 2983 499 3001 1027 2998 1216 2987 1552 2983 1950 2965 2171 2965" 
                    HPOS="325.0"
                    VPOS="2896.0"
                    WIDTH="1843.0"
                    HEIGHT="167.0">
            <Shape><Polygon POINTS="325 2980 347 2947 477 2965 640 2965 669 2947 705 2969 767 2969 857 2940 883 2962 973 2947 1064 2969 1122 2943 1259 2951 1288 2922 1328 2947 1465 2925 1531 2943 1701 2925 1730 2936 1795 2911 1845 2940 1929 2907 2124 2915 2142 2896 2168 2962 2106 3009 2001 2990 1943 3009 1900 2990 1820 3030 1766 3012 1744 3034 1726 3016 1632 3030 1570 3012 1534 3027 1422 3016 1364 3045 1248 3019 1227 3041 1194 3023 1169 3048 1132 3023 1071 3052 970 3056 937 3041 760 3063 741 3048 608 3052 561 3019 513 3056 452 3056 329 3019"/></Shape>
	    <String CONTENT="עשה עמנו פלא ועושה עמנו בכל דור ודור שנ&#39; נפלאים מעשיך ונפשי"
                    HPOS="325.0"
                    VPOS="2896.0"
                    WIDTH="1843.0"
                    HEIGHT="167.0"></String>
          </TextLine>

          
          
          <TextLine ID="eSc_line_1645934"
                    
                    BASELINE="308 3095 405 3095 655 3110 872 3110 1701 3081 2175 3056" 
                    HPOS="307.0"
                    VPOS="3005.0"
                    WIDTH="1864.0"
                    HEIGHT="166.0">
            <Shape><Polygon POINTS="307 3092 311 3056 394 3056 412 3070 466 3052 495 3074 532 3048 568 3048 600 3077 640 3077 832 3070 857 3052 922 3066 951 3048 980 3063 1006 3045 1074 3063 1132 3030 1169 3059 1234 3048 1255 3027 1321 3045 1360 3030 1426 3052 1465 3030 1531 3041 1567 3019 1610 3045 1650 3045 1683 3019 1733 3041 1791 3041 1842 3009 1911 3005 1976 3034 2052 3012 2128 3016 2160 3027 2171 3052 2164 3088 2113 3110 2059 3092 2026 3128 1907 3099 1889 3117 1809 3106 1773 3128 1722 3113 1672 3139 1570 3142 1516 3142 1498 3124 1386 3146 1353 3124 1335 3139 1281 3132 1255 3150 1208 3132 1082 3146 1035 3135 995 3160 937 3160 886 3139 846 3160 807 3135 651 3171 561 3171 521 3142 314 3153"/></Shape>
	    <String CONTENT="יודעת מא&#39; ˙ רבות עשית&#39; אתה ייי ﭏי נפלאותיך [נ&#39;] ומחשבותך ﭏ&#39; ˙ ד&#39;א&#39;"
                    HPOS="307.0"
                    VPOS="3005.0"
                    WIDTH="1864.0"
                    HEIGHT="166.0"></String>
          </TextLine>

          
        </TextBlock>
        
        <TextBlock HPOS="2294.0"
                   VPOS="1613.0"
                   WIDTH="149.0"
                   HEIGHT="133.0"
                   ID="eSc_textblock_11307"
                   TAGREFS="BT844">
          <Shape><Polygon POINTS="2443 1613 2443 1746 2294 1746 2294 1613"/></Shape>
          
          
          <TextLine ID="eSc_line_1645946"
                    
                    BASELINE="2295 1695 2349 1707 2446 1710" 
                    HPOS="2286.0"
                    VPOS="1655.0"
                    WIDTH="161.0"
                    HEIGHT="94.0">
            <Shape><Polygon POINTS="2303 1655 2357 1667 2447 1670 2444 1749 2340 1746 2286 1734"/></Shape>
	    <String CONTENT="בנה"
                    HPOS="2286.0"
                    VPOS="1655.0"
                    WIDTH="161.0"
                    HEIGHT="94.0"></String>
          </TextLine>

          
        </TextBlock>
        

        
      </PrintSpace>
    </Page>
  </Layout>
</alto>
