<?xml version="1.0" encoding="UTF-8"?>
<alto xmlns:xsi="http://www.w3.org/2001/XMLSchema-instance"
      xmlns="http://www.loc.gov/standards/alto/ns-v4#"
      xsi:schemaLocation="http://www.loc.gov/standards/alto/ns-v4# http://www.loc.gov/standards/alto/v4/alto-4-2.xsd">
  <Description>
    <MeasurementUnit>pixel</MeasurementUnit>
    <sourceImageInformation>
      <fileName>bsb00084914_00114.jpg</fileName>
      
    </sourceImageInformation>
  </Description>
  
  <Tags>
    <OtherTag ID="BT1" LABEL="Title" DESCRIPTION="block type Title"/><OtherTag ID="BT2" LABEL="Main" DESCRIPTION="block type Main"/><OtherTag ID="BT3" LABEL="Commentary" DESCRIPTION="block type Commentary"/><OtherTag ID="BT4" LABEL="Illustration" DESCRIPTION="block type Illustration"/><OtherTag ID="BT844" LABEL="Margin" DESCRIPTION="block type Margin"/><OtherTag ID="BT845" LABEL="Paratext" DESCRIPTION="block type Paratext"/><OtherTag ID="BT978" LABEL="Hole" DESCRIPTION="block type Hole"/>
    <OtherTag ID="LT2" LABEL="Numbering" DESCRIPTION="line type Numbering"/><OtherTag ID="LT3" LABEL="Correction" DESCRIPTION="line type Correction"/>
  </Tags>
  
  <Layout>
    <Page WIDTH="3040"
          HEIGHT="4305"
          PHYSICAL_IMG_NR="113"
          ID="eSc_dummypage_">
      <PrintSpace HPOS="0"
                  VPOS="0"
                  WIDTH="3040"
                  HEIGHT="4305">
        
        <TextBlock HPOS="193.0"
                   VPOS="621.0"
                   WIDTH="1913.0"
                   HEIGHT="2631.0"
                   ID="eSc_textblock_10630"
                   TAGREFS="BT2">
          <Shape><Polygon POINTS="204 621 2106 644 2072 3252 193 3213"/></Shape>
          
          
          <TextLine ID="eSc_line_1646451"
                    
                    BASELINE="258 703 1421 703 2085 710" 
                    HPOS="254.0"
                    VPOS="638.0"
                    WIDTH="1827.0"
                    HEIGHT="122.0">
            <Shape><Polygon POINTS="254 699 254 649 272 638 380 663 452 652 732 667 796 667 854 642 900 663 933 649 954 667 1065 667 1112 642 1270 642 1284 656 1313 642 1414 642 1460 667 1575 667 1622 649 1640 663 1679 642 1737 663 1780 642 1819 656 1862 642 1909 660 1948 649 1963 663 1988 642 2074 652 2081 706 2078 739 2042 739 2020 760 1963 739 1819 760 1758 760 1733 739 1665 753 1604 739 1532 760 1424 760 1378 739 1281 739 1259 760 832 760 728 742 660 756 559 739 455 753 419 735 351 749 254 735"/></Shape>
	    <String CONTENT="תשמרו שבת זו עתיד המקום ליתן לכם ג&#39; מועדות טובות פסח עצרת וסוכות"
                    HPOS="254.0"
                    VPOS="638.0"
                    WIDTH="1827.0"
                    HEIGHT="122.0"></String>
          </TextLine>

          
          
          <TextLine ID="eSc_line_1646452"
                    
                    BASELINE="240 800 380 792 610 807 789 810 2085 803" 
                    HPOS="236.0"
                    VPOS="735.0"
                    WIDTH="1845.0"
                    HEIGHT="136.0">
            <Shape><Polygon POINTS="236 796 240 764 265 739 362 749 387 735 405 753 473 742 495 760 545 764 613 753 843 767 908 764 940 742 965 767 1098 771 1123 756 1234 771 1288 739 1342 771 1371 746 1432 767 1615 749 1758 767 1956 760 2031 764 2081 800 2045 850 1981 846 1963 864 1841 843 1780 857 1762 839 1604 857 1503 839 1428 864 1345 839 1288 857 1259 839 1177 861 1109 850 1087 871 1051 839 1015 861 936 839 857 861 509 835 434 853 391 835 301 835 251 796"/></Shape>
	    <String CONTENT="וכיון ששמעו הדבר הזה קבלו עליהם ושבתו שנ&#39; וישבתו העם ˙˙ ר&#39; אלעזר"
                    HPOS="236.0"
                    VPOS="735.0"
                    WIDTH="1845.0"
                    HEIGHT="136.0"></String>
          </TextLine>

          
          
          <TextLine ID="eSc_line_1646453"
                    
                    BASELINE="243 884 373 893 667 893 979 904 2085 904" 
                    HPOS="240.0"
                    VPOS="832.0"
                    WIDTH="1841.0"
                    HEIGHT="133.0">
            <Shape><Polygon POINTS="240 882 272 832 387 835 427 853 477 853 502 835 538 853 703 861 825 846 893 861 940 843 972 864 1012 864 1048 839 1083 871 1109 853 1148 864 1259 850 1274 864 1324 864 1349 850 1446 868 1561 850 1704 857 1762 839 1780 857 1834 843 1902 861 2027 850 2081 900 2056 957 1934 947 1913 925 1866 950 1823 929 1798 950 1550 932 1457 954 1385 936 1360 954 1299 954 1266 929 1249 947 1205 932 1180 957 1152 939 1073 965 1055 947 879 954 847 936 753 929 714 947 556 947 506 932 455 943 380 921 279 939 244 918"/></Shape>
	    <String CONTENT="המודעי אומ&#39; אם תשמרו שבת זו עתיד הק&#39; ליתן לכם שש מדות טובות ארץ"
                    HPOS="240.0"
                    VPOS="832.0"
                    WIDTH="1841.0"
                    HEIGHT="133.0"></String>
          </TextLine>

          
          
          <TextLine ID="eSc_line_1646454"
                    
                    BASELINE="243 963 466 986 642 993 1801 993 2085 1004" 
                    HPOS="240.0"
                    VPOS="921.0"
                    WIDTH="1841.0"
                    HEIGHT="137.0">
            <Shape><Polygon POINTS="240 961 254 921 283 939 305 925 387 929 412 947 556 954 617 939 717 947 753 929 843 954 922 947 1069 965 1155 943 1180 957 1205 932 1266 957 1493 957 1536 943 1647 961 1704 947 1798 957 1826 929 1866 954 1909 925 1938 954 2063 954 2081 1000 1977 1058 1913 1029 1859 1047 1658 1036 1600 1051 1489 1033 1439 1051 1324 1029 1195 1043 1166 1018 1123 1047 1001 1051 965 1036 653 1040 620 1008 567 1040 473 1015 430 1043 384 1018 366 1036 312 1029 244 982"/></Shape>
	    <String CONTENT="ישרﭏ וגו&#39; ˙ וכיון ששמעו שבתו שנ&#39; וישבתו העם ˙ ר&#39; ﭏיעזר המודעי אומר"
                    HPOS="240.0"
                    VPOS="921.0"
                    WIDTH="1841.0"
                    HEIGHT="137.0"></String>
          </TextLine>

          
          
          <TextLine ID="eSc_line_1646455"
                    
                    BASELINE="355 1076 1073 1097 1794 1094 2085 1097" 
                    HPOS="351.0"
                    VPOS="1011.0"
                    WIDTH="1730.0"
                    HEIGHT="144.0">
            <Shape><Polygon POINTS="351 1072 387 1029 430 1043 480 1018 524 1047 585 1036 610 1011 653 1047 961 1040 976 1054 1126 1047 1159 1015 1202 1047 1288 1051 1320 1033 1342 1051 1367 1040 1435 1054 1715 1040 1884 1054 1916 1036 1984 1058 2038 1026 2056 1043 2070 1036 2081 1094 2070 1155 1999 1155 1977 1137 1959 1151 1934 1140 1880 1155 1859 1137 1755 1133 1546 1144 1503 1122 1467 1148 1126 1133 1048 1151 1022 1130 951 1148 908 1119 864 1137 786 1122 732 1133 696 1115 462 1133 373 1079 355 1094"/></Shape>
	    <String CONTENT="להם אם תשמרו שבת זו תנצלו משלש פורענויות מיומו של גוג וגו&#39; ˙˙"
                    HPOS="351.0"
                    VPOS="1011.0"
                    WIDTH="1730.0"
                    HEIGHT="144.0"></String>
          </TextLine>

          
          
          <TextLine ID="eSc_line_1646456"
                    
                    BASELINE="257 1158 588 1183 1213 1180 1338 1187 1582 1187 1909 1198 2078 1191" 
                    HPOS="254.0"
                    VPOS="1115.0"
                    WIDTH="1820.0"
                    HEIGHT="144.0">
            <Shape><Polygon POINTS="254 1155 262 1119 279 1115 452 1140 559 1140 628 1119 707 1144 807 1144 821 1130 872 1140 904 1126 918 1140 1030 1144 1055 1158 1134 1137 1471 1151 1514 1122 1539 1148 1855 1137 1877 1155 2063 1151 2074 1187 2063 1248 2020 1255 1981 1241 1959 1259 1938 1237 1841 1252 1823 1234 1751 1219 1719 1244 1672 1252 1636 1234 1604 1252 1557 1237 1528 1259 1485 1226 1453 1252 1428 1237 1388 1252 1342 1237 1284 1255 1256 1226 1195 1237 1144 1205 1101 1219 1062 1180 965 1244 886 1216 864 1237 807 1248 771 1223 714 1248 656 1244 610 1208 574 1237 538 1219 409 1237 258 1191"/></Shape>
	    <String CONTENT="וכיון ששמעו שבתו שנ&#39; וישבתו העם ˙˙ ויקראו בית ישר&#39; את שמו מן [ד]"
                    HPOS="254.0"
                    VPOS="1115.0"
                    WIDTH="1820.0"
                    HEIGHT="144.0"></String>
          </TextLine>

          
          
          <TextLine ID="eSc_line_1646457"
                    
                    BASELINE="248 1281 333 1273 434 1273 911 1291 1234 1291 1353 1298 2085 1291" 
                    HPOS="247.0"
                    VPOS="1212.0"
                    WIDTH="1834.0"
                    HEIGHT="151.0">
            <Shape><Polygon POINTS="247 1280 251 1248 297 1212 405 1241 513 1226 531 1241 653 1244 746 1241 760 1226 789 1244 1026 1244 1048 1223 1101 1255 1170 1241 1306 1255 1356 1237 1378 1255 1439 1259 1536 1259 1554 1241 1823 1259 1905 1230 1956 1259 1988 1244 2035 1255 2081 1287 2038 1345 1991 1330 1941 1348 1891 1327 1837 1348 1744 1327 1722 1348 1694 1323 1665 1352 1611 1330 1582 1348 1507 1334 1439 1356 1335 1327 1284 1363 1252 1345 1216 1352 1195 1330 1144 1345 1112 1327 1055 1345 1019 1323 994 1348 961 1334 886 1348 764 1316 678 1334 656 1313 628 1313 595 1345 559 1345 520 1309 480 1345 448 1320 405 1341 279 1316 251 1334"/></Shape>
	    <String CONTENT="דורשי רשומות אמ&#39; בני ישר&#39; קראו את שמו מן והוא כזרע גד איני יודע"
                    HPOS="247.0"
                    VPOS="1212.0"
                    WIDTH="1834.0"
                    HEIGHT="151.0"></String>
          </TextLine>

          
          
          <TextLine ID="eSc_line_1646458"
                    
                    BASELINE="248 1367 401 1381 613 1381 836 1395 1371 1395 1855 1402 2090 1395" 
                    HPOS="247.0"
                    VPOS="1320.0"
                    WIDTH="1841.0"
                    HEIGHT="143.0">
            <Shape><Polygon POINTS="247 1366 276 1320 355 1338 430 1338 452 1323 480 1345 534 1327 585 1345 685 1345 703 1330 725 1352 836 1330 904 1352 1022 1356 1040 1341 1094 1363 1134 1363 1191 1334 1281 1359 1324 1341 1338 1359 1410 1345 1460 1363 1496 1338 1615 1338 1661 1359 1704 1330 1737 1363 1773 1345 1844 1359 1859 1345 1891 1363 1981 1341 2002 1356 2024 1338 2060 1348 2088 1391 2031 1449 1995 1427 1963 1452 1920 1445 1891 1460 1837 1442 1769 1456 1733 1435 1643 1463 1618 1449 1446 1456 1381 1438 1353 1456 1231 1456 1137 1427 1109 1445 782 1438 750 1460 732 1442 685 1445 642 1424 567 1442 524 1420 498 1445 455 1420 423 1431 398 1406 362 1435 319 1435 251 1391"/></Shape>
	    <String CONTENT="ר&#39; יהושע אומ&#39; דומה לזרע פשתן כשם שזרע פשתן כאדום כך זה אדום"
                    HPOS="247.0"
                    VPOS="1320.0"
                    WIDTH="1841.0"
                    HEIGHT="143.0"></String>
          </TextLine>

          
          
          <TextLine ID="eSc_line_1646459"
                    
                    BASELINE="269 1463 459 1481 585 1481 1069 1499 1564 1495 2090 1517" 
                    HPOS="265.0"
                    VPOS="1417.0"
                    WIDTH="1823.0"
                    HEIGHT="150.0">
            <Shape><Polygon POINTS="265 1460 279 1417 323 1442 502 1449 538 1424 563 1442 613 1431 638 1449 735 1442 753 1460 857 1438 886 1452 1015 1438 1105 1449 1141 1427 1162 1452 1241 1460 1345 1460 1381 1438 1432 1456 1507 1449 1636 1467 1708 1463 1751 1438 1773 1460 1844 1445 1880 1467 1959 1467 1995 1438 2081 1463 2088 1513 2063 1546 1956 1567 1895 1531 1866 1556 1844 1539 1826 1553 1719 1556 1640 1531 1572 1560 1503 1539 1475 1560 1406 1539 1324 1553 1266 1517 1195 1556 1134 1535 965 1546 951 1531 897 1542 821 1521 786 1546 742 1524 642 1542 613 1521 570 1546 480 1513 348 1528 305 1488 269 1495"/></Shape>
	    <String CONTENT="ת&#39;ל&#39; גד ˙ ר&#39; אלעזר המודעי אומ&#39; דומה לדבר הגדה שהוא מושך לבית בני [/]"
                    HPOS="265.0"
                    VPOS="1417.0"
                    WIDTH="1823.0"
                    HEIGHT="150.0"></String>
          </TextLine>

          
          
          <TextLine ID="eSc_line_1646460"
                    
                    BASELINE="226 1560 581 1585 807 1585 1094 1596 1589 1596 1909 1614 2090 1614" 
                    HPOS="222.0"
                    VPOS="1513.0"
                    WIDTH="1866.0"
                    HEIGHT="151.0">
            <Shape><Polygon POINTS="222 1556 269 1513 398 1528 423 1546 480 1513 567 1549 742 1528 789 1549 821 1531 933 1531 951 1549 1091 1549 1119 1535 1184 1560 1220 1553 1263 1517 1313 1556 1353 1560 1414 1546 1475 1564 1532 1542 1568 1564 1690 1546 1837 1567 1895 1539 1930 1567 1981 1574 2045 1549 2088 1610 2042 1650 2024 1643 1991 1664 1895 1646 1844 1661 1798 1635 1758 1657 1697 1628 1557 1653 1507 1635 1388 1653 1374 1639 1353 1657 1245 1628 1195 1643 1170 1625 1141 1653 1098 1632 1062 1650 1015 1625 983 1646 943 1625 918 1646 890 1628 854 1650 735 1621 671 1650 660 1635 552 1635 495 1614 477 1628 430 1628 405 1610 369 1628 330 1625 226 1574"/></Shape>
	    <String CONTENT="אדם ואחרים אומ&#39; הוא מעיד על עצמו שהוא מן שאינו יורד לא בשבת"
                    HPOS="222.0"
                    VPOS="1513.0"
                    WIDTH="1866.0"
                    HEIGHT="151.0"></String>
          </TextLine>

          
          
          <TextLine ID="eSc_line_1646461"
                    
                    BASELINE="226 1664 958 1700 1575 1696 1830 1714 2090 1708" 
                    HPOS="222.0"
                    VPOS="1614.0"
                    WIDTH="1866.0"
                    HEIGHT="168.0">
            <Shape><Polygon POINTS="222 1661 276 1614 459 1643 520 1646 574 1625 613 1650 750 1653 771 1639 789 1653 850 1646 886 1661 947 1621 1008 1657 1044 1646 1137 1661 1177 1635 1198 1653 1220 1639 1241 1661 1471 1653 1503 1639 1582 1661 1668 1635 1715 1668 1801 1639 1834 1661 1905 1653 1974 1675 2024 1646 2081 1678 2088 1707 2078 1747 2009 1782 1877 1747 1808 1768 1755 1765 1708 1736 1683 1754 1640 1736 1597 1761 1543 1739 1496 1761 1471 1739 1457 1754 1428 1743 1274 1761 1227 1732 1195 1750 1173 1736 1141 1750 1091 1729 1008 1757 940 1718 847 1754 775 1725 742 1754 707 1757 678 1732 656 1743 592 1729 559 1750 531 1729 466 1747 452 1729 373 1729 344 1704 279 1722 226 1675"/></Shape>
	    <String CONTENT="ולא ביום טוב ולא ביום הכפורים ˙ ור&#39; יוסי אומ&#39; כשם שהנביא מגיד חדרין"
                    HPOS="222.0"
                    VPOS="1614.0"
                    WIDTH="1866.0"
                    HEIGHT="168.0"></String>
          </TextLine>

          
          
          <TextLine ID="eSc_line_1646462"
                    
                    BASELINE="226 1765 613 1797 1026 1797 1564 1815 1790 1811 1959 1822 2099 1822" 
                    HPOS="222.0"
                    VPOS="1711.0"
                    WIDTH="1874.0"
                    HEIGHT="172.0">
            <Shape><Polygon POINTS="222 1761 254 1711 337 1732 448 1732 480 1750 538 1736 563 1754 628 1739 660 1754 678 1739 699 1761 778 1747 850 1761 872 1739 897 1750 943 1725 969 1750 1037 1765 1062 1765 1105 1729 1137 1765 1184 1765 1231 1736 1263 1765 1317 1750 1428 1765 1446 1747 1482 1768 1618 1775 1651 1743 1679 1757 1708 1736 1751 1768 1798 1775 1819 1775 1851 1743 1913 1772 1941 1765 2017 1786 2056 1768 2096 1818 2038 1876 1938 1861 1916 1883 1869 1865 1855 1876 1830 1851 1780 1858 1755 1840 1643 1869 1604 1843 1582 1861 1546 1840 1503 1840 1446 1869 1388 1851 1288 1869 1238 1840 1152 1861 1105 1843 1040 1858 990 1836 786 1861 768 1840 671 1854 638 1833 602 1858 527 1826 498 1847 430 1818 358 1829 315 1804 269 1808 226 1779"/></Shape>
	    <String CONTENT="וסתרין לישרﭏ כך היה המן מגיד להם לישרﭏ חדרין וסתרין ˙ הא כאיזה צד"
                    HPOS="222.0"
                    VPOS="1711.0"
                    WIDTH="1874.0"
                    HEIGHT="172.0"></String>
          </TextLine>

          
          
          <TextLine ID="eSc_line_1646463"
                    
                    BASELINE="247 1865 699 1901 1091 1901 1396 1915 1658 1915 1898 1930 2070 1922" 
                    HPOS="244.0"
                    VPOS="1815.0"
                    WIDTH="1823.0"
                    HEIGHT="168.0">
            <Shape><Polygon POINTS="244 1861 276 1815 384 1836 434 1822 452 1843 642 1861 725 1858 742 1843 782 1861 861 1861 893 1843 969 1861 997 1843 1040 1865 1098 1851 1152 1865 1213 1840 1266 1869 1327 1872 1378 1854 1503 1876 1557 1840 1604 1879 1704 1879 1722 1861 1751 1883 1798 1858 1823 1883 1923 1887 1952 1872 2017 1894 2060 1879 2067 1919 2056 1976 2013 1983 1995 1965 1769 1965 1747 1944 1697 1976 1668 1955 1572 1951 1518 1973 1450 1937 1421 1962 1399 1944 1195 1944 1173 1962 1065 1948 1040 1965 983 1944 947 1962 918 1933 857 1951 764 1937 681 1958 653 1937 595 1951 520 1926 491 1948 348 1912 276 1926 247 1894"/></Shape>
	    <String CONTENT="איש ואשה שבאו לפני משה וכו&#39; ˙ וכן שנים שבאו לפני משה וגו&#39; ˙ וכן"
                    HPOS="244.0"
                    VPOS="1815.0"
                    WIDTH="1823.0"
                    HEIGHT="168.0"></String>
          </TextLine>

          
          
          <TextLine ID="eSc_line_1646464"
                    
                    BASELINE="226 1973 330 1969 656 1998 1342 2016 1668 2012 2106 2030" 
                    HPOS="222.0"
                    VPOS="1915.0"
                    WIDTH="1881.0"
                    HEIGHT="165.0">
            <Shape><Polygon POINTS="222 1969 269 1919 308 1915 366 1933 384 1919 401 1937 427 1922 441 1940 491 1948 574 1944 592 1958 735 1951 771 1987 800 1962 893 1948 1022 1965 1159 1965 1205 1948 1274 1965 1324 1948 1345 1973 1388 1955 1435 1973 1633 1958 1701 1976 1744 1944 1765 1969 1844 1962 1887 1980 2081 1987 2103 2026 2009 2080 1873 2059 1765 2077 1740 2052 1672 2066 1428 2044 1396 2059 1306 2037 1223 2055 1098 2044 1065 2062 965 2044 947 2059 897 2048 829 2001 760 2052 703 2034 667 2052 624 2037 610 2052 506 2016 445 2037 405 2019 369 2030 340 2005 312 2016 272 1973 226 1969"/></Shape>
	    <String CONTENT="שנים שבאו לפני משה בדין זה אומ&#39; עבדי גנבת וגו&#39; ˙˙ וטעמו כצפיחית"
                    HPOS="222.0"
                    VPOS="1915.0"
                    WIDTH="1881.0"
                    HEIGHT="165.0"></String>
          </TextLine>

          
          
          <TextLine ID="eSc_line_1646446"
                    
                    BASELINE="226 2059 825 2102 1112 2098 1543 2116 1898 2116 2085 2105" 
                    HPOS="222.0"
                    VPOS="1980.0"
                    WIDTH="1859.0"
                    HEIGHT="197.0">
            <Shape><Polygon POINTS="222 2055 229 2012 276 1980 315 2019 337 2009 366 2030 441 2041 502 2019 549 2052 574 2041 613 2055 642 2034 667 2052 689 2034 714 2052 778 2052 839 2012 893 2052 954 2069 1015 2048 1065 2066 1202 2048 1320 2069 1374 2052 1435 2073 1496 2044 1528 2069 1572 2055 1586 2069 1661 2062 1740 2084 1780 2069 1816 2084 1859 2066 1880 2084 1974 2069 2017 2080 2035 2066 2081 2102 2070 2145 2020 2170 1977 2159 1920 2177 1887 2141 1841 2163 1798 2145 1751 2166 1694 2152 1658 2170 1607 2145 1485 2145 1453 2159 1399 2141 1378 2163 1295 2148 1266 2166 1234 2134 1170 2166 1144 2141 1101 2159 1073 2130 1026 2148 965 2113 918 2134 807 2127 732 2145 685 2123 667 2141 613 2130 585 2145 488 2113 441 2130 405 2102 373 2120 340 2095 305 2109 276 2080 226 2080"/></Shape>
	    <String CONTENT="בדבש ˙ ר&#39; יהושע אומ&#39; כלפס וכעין איסקריטי ˙ ר&#39; אליעזר או&#39; כסולת זו היא [ש&#39;]"
                    HPOS="222.0"
                    VPOS="1980.0"
                    WIDTH="1859.0"
                    HEIGHT="197.0"></String>
          </TextLine>

          
          
          <TextLine ID="eSc_line_1646445"
                    
                    BASELINE="234 2141 416 2166 570 2181 836 2195 1008 2202 1209 2202 1546 2217 1938 2213 2078 2220" 
                    HPOS="233.0"
                    VPOS="2091.0"
                    WIDTH="1841.0"
                    HEIGHT="183.0">
            <Shape><Polygon POINTS="233 2138 240 2091 262 2091 290 2113 337 2095 369 2123 452 2127 477 2113 524 2145 541 2127 588 2148 635 2130 728 2152 882 2127 951 2145 987 2123 1022 2156 1044 2145 1058 2159 1274 2166 1331 2148 1353 2166 1414 2174 1435 2152 1485 2177 1539 2145 1579 2163 1597 2148 1618 2170 1722 2159 1737 2174 1776 2170 1816 2141 1873 2181 1938 2166 2020 2174 2067 2148 2074 2217 1974 2274 1959 2256 1776 2263 1726 2242 1686 2260 1589 2263 1525 2242 1482 2256 1353 2252 1327 2235 1270 2252 1198 2235 1137 2252 1044 2235 951 2252 918 2238 904 2252 872 2224 821 2245 725 2213 667 2224 642 2209 541 2235 498 2206 462 2224 348 2184 308 2199 279 2181 236 2188"/></Shape>
	    <String CONTENT="שצפה על גבי נפה ולושה בדבש וחמאה אם אומ&#39; אני זה הדבר אשר צוה"
                    HPOS="233.0"
                    VPOS="2091.0"
                    WIDTH="1841.0"
                    HEIGHT="183.0"></String>
          </TextLine>

          
          
          <TextLine ID="eSc_line_1646442"
                    
                    BASELINE="234 2242 452 2256 624 2274 951 2288 1126 2285 1392 2299 1683 2299 2092 2313" 
                    HPOS="233.0"
                    VPOS="2184.0"
                    WIDTH="1855.0"
                    HEIGHT="183.0">
            <Shape><Polygon POINTS="233 2238 276 2184 301 2199 344 2184 373 2209 409 2202 455 2227 502 2209 549 2238 642 2209 667 2235 692 2224 843 2245 868 2231 908 2252 1030 2245 1076 2260 1180 2235 1249 2256 1335 2238 1417 2263 1511 2245 1550 2263 1726 2245 1808 2274 1945 2256 2024 2281 2060 2270 2081 2281 2088 2310 2002 2360 1963 2342 1920 2367 1880 2349 1801 2364 1719 2346 1643 2360 1507 2360 1489 2346 1417 2356 1306 2324 1241 2346 1148 2328 1033 2342 1012 2321 908 2335 868 2321 850 2339 814 2313 703 2331 624 2310 585 2331 559 2306 437 2317 384 2285 362 2299 312 2278 283 2299 236 2285"/></Shape>
	    <String CONTENT="ייי וגו&#39; שיכול לא הניחו אהרן אלא [בשבת] בשנת הארבעים ת&#39;ל&#39; ויניחהו אהרן"
                    HPOS="233.0"
                    VPOS="2184.0"
                    WIDTH="1855.0"
                    HEIGHT="183.0"></String>
          </TextLine>

          
          
          <TextLine ID="eSc_line_1646443"
                    
                    BASELINE="234 2360 279 2349 362 2349 563 2371 1033 2385 1231 2385 1557 2403 2063 2396" 
                    HPOS="233.0"
                    VPOS="2285.0"
                    WIDTH="1827.0"
                    HEIGHT="179.0">
            <Shape><Polygon POINTS="233 2356 240 2299 301 2285 373 2317 405 2306 559 2335 620 2313 656 2331 746 2328 775 2342 800 2328 925 2342 1105 2342 1144 2328 1277 2346 1302 2328 1335 2353 1489 2349 1539 2367 1708 2346 1740 2367 1859 2353 1941 2367 1959 2349 1995 2360 2027 2328 2052 2353 2060 2392 2049 2439 2027 2453 2009 2435 1913 2461 1887 2439 1719 2461 1640 2443 1532 2464 1496 2439 1471 2450 1406 2428 1331 2446 1302 2421 1277 2439 1249 2421 1209 2453 1180 2428 1137 2439 1116 2417 1098 2432 1076 2417 1008 2417 983 2443 954 2425 897 2432 875 2410 803 2432 771 2407 699 2414 678 2432 642 2410 606 2435 556 2410 480 2421 376 2407 351 2378 312 2400 236 2385"/></Shape>
	    <String CONTENT="לפני העדות ˙ אימתי נעשה הארון אלא בשנה השנייה כך לא הניחו אהרן"
                    HPOS="233.0"
                    VPOS="2285.0"
                    WIDTH="1827.0"
                    HEIGHT="179.0"></String>
          </TextLine>

          
          
          <TextLine ID="eSc_line_1646447"
                    
                    BASELINE="234 2437 663 2475 886 2475 1109 2489 1288 2486 1536 2500 2074 2504" 
                    HPOS="233.0"
                    VPOS="2378.0"
                    WIDTH="1837.0"
                    HEIGHT="179.0">
            <Shape><Polygon POINTS="233 2435 262 2396 319 2400 340 2378 380 2410 419 2400 452 2425 538 2417 549 2432 631 2425 649 2439 721 2421 750 2439 768 2425 850 2439 943 2425 987 2446 1040 2432 1058 2450 1148 2432 1205 2450 1295 2450 1313 2435 1360 2457 1496 2446 1546 2471 1640 2446 1708 2461 1758 2443 1808 2461 1844 2443 1891 2468 2009 2439 2024 2457 2056 2443 2070 2500 2060 2529 2027 2547 1966 2539 1938 2557 1887 2539 1737 2557 1593 2539 1564 2557 1528 2539 1450 2543 1435 2529 1371 2554 1345 2525 1173 2543 1141 2514 1098 2532 1015 2532 994 2514 972 2536 807 2522 786 2507 753 2525 660 2532 488 2504 441 2518 419 2500 391 2518 369 2496 340 2507 305 2486 276 2489 236 2450"/></Shape>
	    <String CONTENT="אלא בשנה השנייה ˙ וזה אחד מעשרה דברים שנבראו בין השמשו&#39; אלו הן"
                    HPOS="233.0"
                    VPOS="2378.0"
                    WIDTH="1837.0"
                    HEIGHT="179.0"></String>
          </TextLine>

          
          
          <TextLine ID="eSc_line_1646444"
                    
                    BASELINE="218 2543 628 2572 943 2575 1105 2586 1313 2586 1568 2600 1927 2604 2103 2593" 
                    HPOS="215.0"
                    VPOS="2489.0"
                    WIDTH="1884.0"
                    HEIGHT="180.0">
            <Shape><Polygon POINTS="215 2539 287 2489 326 2511 369 2500 384 2518 455 2522 488 2504 502 2522 624 2525 642 2539 746 2529 778 2507 811 2536 854 2522 1015 2543 1058 2525 1116 2543 1234 2547 1320 2529 1345 2557 1593 2557 1665 2539 1729 2561 1891 2539 1927 2565 1959 2547 1988 2561 2063 2550 2099 2590 2088 2629 1988 2669 1959 2640 1869 2636 1776 2661 1755 2636 1719 2636 1697 2658 1528 2633 1500 2647 1485 2633 1349 2643 1295 2629 1277 2643 1227 2636 1205 2615 1170 2633 1137 2615 1080 2636 1015 2622 979 2636 933 2618 864 2636 803 2604 742 2629 667 2611 620 2622 595 2597 441 2615 401 2600 384 2615 308 2590 279 2604 218 2543"/></Shape>
	    <String CONTENT="הקשת ˙ והמן והמטה והכתב והמכתב והשמיר והלוחות ופתיח&#39; פי הארץ"
                    HPOS="215.0"
                    VPOS="2489.0"
                    WIDTH="1884.0"
                    HEIGHT="180.0"></String>
          </TextLine>

          
          
          <TextLine ID="eSc_line_1646439"
                    
                    BASELINE="238 2633 348 2647 746 2676 954 2676 1177 2687 1345 2687 1589 2704 1963 2701 2088 2708" 
                    HPOS="236.0"
                    VPOS="2579.0"
                    WIDTH="1849.0"
                    HEIGHT="179.0">
            <Shape><Polygon POINTS="236 2629 251 2579 276 2600 315 2593 380 2615 491 2608 520 2622 595 2600 624 2629 660 2633 771 2615 800 2636 854 2626 904 2640 933 2626 1083 2640 1141 2615 1166 2640 1195 2611 1249 2647 1363 2651 1406 2633 1482 2636 1507 2654 1525 2640 1557 2651 1579 2633 1622 2661 1726 2643 1751 2672 1780 2658 1823 2665 1877 2636 1923 2658 1952 2640 1999 2669 2074 2665 2085 2704 2074 2733 1984 2755 1816 2755 1787 2740 1722 2758 1683 2740 1640 2758 1575 2726 1525 2748 1363 2740 1270 2719 1076 2737 1051 2722 943 2726 911 2701 807 2733 739 2712 628 2722 549 2701 509 2719 441 2694 312 2697 269 2651 240 2669"/></Shape>
	    <String CONTENT="שבלעה את הרשעים ופי האתון של בלעם הרשע וקבורתו של משה ומערה"
                    HPOS="236.0"
                    VPOS="2579.0"
                    WIDTH="1849.0"
                    HEIGHT="179.0"></String>
          </TextLine>

          
          
          <TextLine ID="eSc_line_1646441"
                    
                    BASELINE="238 2735 524 2762 732 2773 1119 2780 1335 2791 1539 2787 1884 2801 2088 2783" 
                    HPOS="236.0"
                    VPOS="2651.0"
                    WIDTH="1849.0"
                    HEIGHT="208.0">
            <Shape><Polygon POINTS="236 2733 244 2676 269 2651 337 2704 401 2712 448 2694 470 2719 509 2722 585 2708 638 2730 710 2712 753 2733 821 2733 918 2704 943 2730 1004 2737 1055 2726 1126 2744 1144 2726 1180 2737 1198 2719 1249 2737 1270 2719 1363 2744 1507 2755 1572 2726 1640 2758 1708 2744 1726 2762 1801 2744 1869 2762 1991 2762 2031 2744 2085 2780 2027 2852 1913 2830 1880 2848 1787 2830 1769 2844 1647 2837 1572 2852 1539 2830 1478 2859 1450 2837 1421 2859 1396 2834 1378 2848 1274 2826 1238 2841 1202 2826 1055 2834 904 2809 854 2830 829 2805 796 2826 760 2826 681 2798 595 2830 556 2809 455 2816 434 2794 376 2809 240 2737"/></Shape>
	    <String CONTENT="שעמד בה משה ואליהו ˙ ויש אומ&#39; אף בגדיו של אדם הראשון ומקלו של"
                    HPOS="236.0"
                    VPOS="2651.0"
                    WIDTH="1849.0"
                    HEIGHT="208.0"></String>
          </TextLine>

          
          
          <TextLine ID="eSc_line_1646450"
                    
                    BASELINE="238 2832 495 2859 843 2873 1094 2873 1388 2887 1916 2887 2060 2895" 
                    HPOS="236.0"
                    VPOS="2776.0"
                    WIDTH="1820.0"
                    HEIGHT="180.0">
            <Shape><Polygon POINTS="236 2830 254 2783 301 2776 344 2805 577 2830 674 2798 714 2823 821 2819 861 2834 900 2812 1026 2837 1310 2834 1342 2837 1385 2880 1485 2866 1503 2848 1539 2862 1647 2841 1704 2859 1783 2834 1816 2859 1848 2859 1905 2834 1952 2855 2049 2844 2056 2891 2045 2930 2006 2948 1963 2930 1938 2956 1898 2934 1880 2948 1851 2938 1783 2956 1755 2927 1726 2945 1694 2934 1651 2948 1615 2923 1557 2945 1410 2923 1388 2934 1363 2916 1338 2930 1302 2920 1284 2938 1209 2920 1184 2934 1098 2920 1033 2934 1008 2909 961 2902 868 2902 832 2923 778 2902 742 2920 685 2895 642 2913 570 2913 541 2880 466 2913 409 2913 366 2877 323 2902 240 2873"/></Shape>
	    <String CONTENT="אהרן בשקדיו ופרחיו ˙˙ שבעה דברים מכוסים מבני אדם ˙ יום מיתה"
                    HPOS="236.0"
                    VPOS="2776.0"
                    WIDTH="1820.0"
                    HEIGHT="180.0"></String>
          </TextLine>

          
          
          <TextLine ID="eSc_line_1646440"
                    
                    BASELINE="208 2948 344 2945 502 2959 585 2959 836 2977 1180 2974 1335 2984 1579 2991 2096 2984" 
                    HPOS="204.0"
                    VPOS="2884.0"
                    WIDTH="1888.0"
                    HEIGHT="168.0">
            <Shape><Polygon POINTS="204 2945 254 2884 416 2920 491 2920 506 2905 538 2920 581 2905 642 2916 689 2898 732 2927 789 2913 818 2934 879 2902 915 2927 961 2909 997 2934 1040 2938 1119 2923 1335 2941 1356 2920 1388 2945 1536 2934 1561 2948 1611 2927 1647 2952 1686 2938 1726 2952 1751 2938 1780 2959 1862 2941 2013 2952 2031 2934 2092 2981 2081 3052 2052 3031 2020 3045 2002 3027 1891 3038 1862 3024 1776 3042 1651 3027 1615 3045 1589 3020 1489 3045 1439 3020 1410 3038 1363 3020 1338 3035 1234 3035 1198 3009 1173 3027 1055 3013 1022 3024 1008 3009 958 3027 936 3006 879 3006 847 3027 728 3009 660 3024 635 2999 552 3002 534 2984 484 3013 376 3009 265 2981 229 2945"/></Shape>
	    <String CONTENT="ויום נחמה ועומק הדין ואין אדם יודע במה מסתכר ואין אדם יודע מה"
                    HPOS="204.0"
                    VPOS="2884.0"
                    WIDTH="1888.0"
                    HEIGHT="168.0"></String>
          </TextLine>

          
          
          <TextLine ID="eSc_line_1646449"
                    
                    BASELINE="244 3020 441 3052 534 3060 1087 3074 1808 3074 2078 3081" 
                    HPOS="240.0"
                    VPOS="2981.0"
                    WIDTH="1834.0"
                    HEIGHT="158.0">
            <Shape><Polygon POINTS="240 3017 244 2984 269 2981 297 3002 452 3006 520 3024 592 3020 624 2999 656 3024 721 3031 778 3017 861 3024 875 3009 900 3024 936 3006 961 3031 1051 3017 1094 3035 1439 3027 1500 3052 1582 3020 1615 3045 1651 3031 1758 3045 1859 3020 1887 3042 2002 3027 2074 3078 2063 3131 2049 3117 1905 3128 1891 3113 1877 3128 1855 3113 1819 3131 1694 3131 1672 3113 1582 3139 1453 3117 1299 3124 1216 3103 1195 3117 1177 3099 1126 3117 1019 3106 943 3124 861 3106 839 3117 811 3096 520 3110 430 3088 366 3103 305 3056 269 3070 244 3052"/></Shape>
	    <String CONTENT="בלבו של חבירו ˙ ומלכות בית דוד אימתי תחזור למקומה ˙ ומלכות חייבת זו [/]"
                    HPOS="240.0"
                    VPOS="2981.0"
                    WIDTH="1834.0"
                    HEIGHT="158.0"></String>
          </TextLine>

          
          
          <TextLine ID="eSc_line_1646448"
                    
                    BASELINE="210 3119 685 3153 1119 3164 1582 3171 2063 3160" 
                    HPOS="208.0"
                    VPOS="3088.0"
                    WIDTH="1852.0"
                    HEIGHT="151.0">
            <Shape><Polygon POINTS="208 3117 215 3088 323 3088 366 3110 376 3099 513 3113 545 3099 714 3121 775 3099 829 3121 1065 3128 1180 3106 1277 3131 1417 3121 1507 3135 1532 3117 1572 3139 1719 3142 1762 3121 1830 3142 2052 3124 2060 3157 2038 3235 1995 3214 1930 3214 1877 3235 1844 3210 1816 3210 1769 3239 1701 3210 1615 3217 1593 3235 1349 3228 1295 3210 1234 3228 1205 3207 1062 3225 1008 3203 954 3221 918 3192 868 3189 839 3214 796 3203 778 3217 721 3200 703 3217 599 3214 531 3182 391 3182 308 3207 283 3185 211 3178"/></Shape>
	    <String CONTENT="אימתי תעקר ˙˙ ויאמר משה אל אהרן קח צנצנת אחת אינו יודע שלמה"
                    HPOS="208.0"
                    VPOS="3088.0"
                    WIDTH="1852.0"
                    HEIGHT="151.0"></String>
          </TextLine>

          
        </TextBlock>
        

        
      </PrintSpace>
    </Page>
  </Layout>
</alto>
