<?xml version="1.0" encoding="UTF-8"?>
<alto xmlns:xsi="http://www.w3.org/2001/XMLSchema-instance"
      xmlns="http://www.loc.gov/standards/alto/ns-v4#"
      xsi:schemaLocation="http://www.loc.gov/standards/alto/ns-v4# http://www.loc.gov/standards/alto/v4/alto-4-2.xsd">
  <Description>
    <MeasurementUnit>pixel</MeasurementUnit>
    <sourceImageInformation>
      <fileName>bsb00084914_00338.jpg</fileName>
      
    </sourceImageInformation>
  </Description>
  
  <Tags>
    <OtherTag ID="BT1" LABEL="Title" DESCRIPTION="block type Title"/><OtherTag ID="BT2" LABEL="Main" DESCRIPTION="block type Main"/><OtherTag ID="BT3" LABEL="Commentary" DESCRIPTION="block type Commentary"/><OtherTag ID="BT4" LABEL="Illustration" DESCRIPTION="block type Illustration"/><OtherTag ID="BT844" LABEL="Margin" DESCRIPTION="block type Margin"/><OtherTag ID="BT845" LABEL="Paratext" DESCRIPTION="block type Paratext"/><OtherTag ID="BT978" LABEL="Hole" DESCRIPTION="block type Hole"/>
    <OtherTag ID="LT2" LABEL="Numbering" DESCRIPTION="line type Numbering"/><OtherTag ID="LT3" LABEL="Correction" DESCRIPTION="line type Correction"/>
  </Tags>
  
  <Layout>
    <Page WIDTH="3040"
          HEIGHT="4308"
          PHYSICAL_IMG_NR="337"
          ID="eSc_dummypage_">
      <PrintSpace HPOS="0"
                  VPOS="0"
                  WIDTH="3040"
                  HEIGHT="4308">
        
        <TextBlock HPOS="222.0"
                   VPOS="566.0"
                   WIDTH="1963.0"
                   HEIGHT="2667.0"
                   ID="eSc_textblock_10854"
                   TAGREFS="BT2">
          <Shape><Polygon POINTS="244 566 2185 605 2146 3233 222 3193"/></Shape>
          
          
          <TextLine ID="eSc_line_1653111"
                    
                    BASELINE="265 656 481 678 600 682 1079 697 2142 682" 
                    HPOS="262.0"
                    VPOS="606.0"
                    WIDTH="1879.0"
                    HEIGHT="126.0">
            <Shape><Polygon POINTS="262 653 269 610 348 631 427 610 521 610 546 635 578 610 657 635 686 610 725 628 761 610 801 646 912 635 1038 646 1063 624 1092 646 1164 646 1210 613 1250 642 1394 642 1440 606 1541 606 1577 642 1620 642 1670 606 1728 642 1836 639 1857 621 1904 621 1933 639 2033 610 2059 635 2087 621 2130 642 2141 678 2130 700 2080 700 2066 714 2019 721 2001 703 1951 700 1922 725 1890 700 1803 714 1742 700 1717 718 1681 707 1609 728 1466 725 1433 707 1372 728 1336 714 1200 732 1063 718 1020 732 945 718 848 732 830 718 815 732 711 718 625 732 531 703 474 721 438 703 265 703"/></Shape>
	    <String CONTENT="אומר&#39; יהי רצון מלפניך ייי ﭏהינו שתהא שנה זאת הבאה על עמך ישרﭏ שחונה"
                    HPOS="262.0"
                    VPOS="606.0"
                    WIDTH="1879.0"
                    HEIGHT="126.0"></String>
          </TextLine>

          
          
          <TextLine ID="eSc_line_1653112"
                    
                    BASELINE="247 761 352 761 632 782 848 779 1559 782 1793 771 2142 775" 
                    HPOS="244.0"
                    VPOS="685.0"
                    WIDTH="1897.0"
                    HEIGHT="158.0">
            <Shape><Polygon POINTS="244 757 251 714 273 692 319 685 352 718 510 732 621 718 643 739 689 728 797 746 826 732 912 746 1394 746 1415 725 1462 743 1609 739 1703 735 1728 714 1760 739 1789 710 1814 728 1886 732 1944 714 2102 721 2141 771 2069 825 2008 807 1767 811 1724 836 1692 811 1624 822 1591 807 1566 825 1523 814 1487 843 1458 822 1379 843 1325 829 1146 832 1092 814 1006 836 980 811 941 840 873 804 833 832 786 829 761 804 733 822 671 804 636 829 600 800 553 825 427 807 359 818 280 789 247 757"/></Shape>
	    <String CONTENT="וגשומה וטלולה שנתר ˙ן שנת שובע שנת פרנסה שנת משא שנת מתן [שנ&#39;"
                    HPOS="244.0"
                    VPOS="685.0"
                    WIDTH="1897.0"
                    HEIGHT="158.0"></String>
          </TextLine>

          
          
          <TextLine ID="eSc_line_1653113"
                    
                    BASELINE="257 836 434 872 643 883 682 879 955 890 1369 890 1584 879 2123 883" 
                    HPOS="255.0"
                    VPOS="800.0"
                    WIDTH="1865.0"
                    HEIGHT="154.0">
            <Shape><Polygon POINTS="255 832 287 800 535 832 600 800 632 836 679 811 715 843 754 804 794 836 844 832 873 807 916 847 980 807 1013 840 1092 818 1149 847 1210 832 1484 850 1552 847 1591 807 1624 832 1663 822 1685 840 1897 814 1929 832 2094 825 2120 879 2102 908 2037 926 1997 911 1929 922 1800 911 1775 929 1739 908 1670 929 1516 936 1448 919 1401 936 1304 933 1272 954 1135 919 1070 929 1024 893 959 933 919 919 855 933 794 897 707 933 618 915 413 915 362 908 337 883 294 886 258 850"/></Shape>
	    <String CONTENT="מקח שנת ממכר ואל יצטרכו עמך ישרﭏ אילו על אילו ולא לעמי הארץ ˙ [ז]"
                    HPOS="255.0"
                    VPOS="800.0"
                    WIDTH="1865.0"
                    HEIGHT="154.0"></String>
          </TextLine>

          
          
          <TextLine ID="eSc_line_1653116"
                    
                    BASELINE="257 942 589 976 869 983 1814 983 2134 969" 
                    HPOS="255.0"
                    VPOS="886.0"
                    WIDTH="1875.0"
                    HEIGHT="165.0">
            <Shape><Polygon POINTS="255 940 265 897 330 886 362 911 445 904 474 922 729 947 790 901 822 929 894 929 912 915 934 936 963 936 1020 893 1060 933 1110 926 1131 944 1225 944 1282 962 1311 936 1703 940 1746 908 1775 936 1821 915 1850 933 1954 915 1990 929 2098 926 2120 929 2130 965 2094 1012 2026 998 1987 1037 1947 1012 1829 1001 1782 1033 1710 1015 1624 1041 1548 1015 1458 1051 1408 1026 1243 1048 1221 1030 1088 1037 1052 1023 1016 1041 837 1012 736 1033 646 1019 603 1041 531 987 510 1005 488 987 431 1019 380 998 309 998 258 947"/></Shape>
	    <String CONTENT="רבנן אמרי אל ינהגו עמך ישרﭏ סדרה אילו על אילו ˙ רבנן דדרומא אמרי"
                    HPOS="255.0"
                    VPOS="886.0"
                    WIDTH="1875.0"
                    HEIGHT="165.0"></String>
          </TextLine>

          
          
          <TextLine ID="eSc_line_1653117"
                    
                    BASELINE="257 1038 334 1059 413 1066 675 1073 801 1084 1714 1080 1875 1084 1990 1077 2142 1077" 
                    HPOS="255.0"
                    VPOS="990.0"
                    WIDTH="1886.0"
                    HEIGHT="158.0">
            <Shape><Polygon POINTS="255 1037 258 994 449 1023 488 990 510 1008 531 990 603 1041 646 1023 790 1041 833 1015 869 1041 912 1030 1016 1048 1207 1037 1458 1051 1552 1015 1624 1041 1821 1033 1850 1005 1879 1030 1990 1037 2037 998 2130 1033 2141 1077 2076 1127 2041 1112 1965 1127 1915 1102 1890 1127 1846 1112 1811 1130 1688 1123 1670 1138 1642 1109 1563 1123 1530 1102 1509 1123 1484 1112 1448 1130 1397 1116 1361 1127 1347 1112 1311 1130 1279 1112 1182 1148 1124 1127 1052 1130 1024 1102 941 1145 851 1112 779 1134 754 1120 718 1134 646 1120 589 1130 513 1105 434 1120 312 1051 280 1059 262 1041"/></Shape>
	    <String CONTENT="על אחינו שבשרון שלא יהו בתיהם קבריהם משם א&#39; חפר אוכל למרחום"
                    HPOS="255.0"
                    VPOS="990.0"
                    WIDTH="1886.0"
                    HEIGHT="158.0"></String>
          </TextLine>

          
          
          <TextLine ID="eSc_line_1653118"
                    
                    BASELINE="247 1130 413 1159 761 1184 1681 1181 1825 1184 2138 1173" 
                    HPOS="244.0"
                    VPOS="1080.0"
                    WIDTH="1890.0"
                    HEIGHT="169.0">
            <Shape><Polygon POINTS="244 1127 269 1091 334 1109 362 1080 406 1112 513 1109 531 1130 955 1141 1031 1102 1063 1134 1160 1148 1250 1141 1282 1112 1318 1138 1347 1112 1365 1127 1397 1116 1419 1138 1487 1138 1545 1102 1566 1123 1595 1112 1642 1155 1699 1134 1861 1138 1922 1112 1965 1130 2102 1127 2127 1141 2134 1170 2112 1209 2080 1202 2055 1217 1954 1206 1846 1231 1814 1213 1617 1231 1563 1209 1534 1234 1505 1220 1469 1234 1383 1220 1293 1249 1182 1242 1153 1224 919 1231 866 1217 808 1224 790 1209 754 1238 661 1217 607 1231 564 1213 463 1227 402 1191 326 1195 247 1159"/></Shape>
	    <String CONTENT="עיניו יביטו משם יליל אוכל לכל באי העולם תאני בשעה שהכהן גדול ככס"
                    HPOS="244.0"
                    VPOS="1080.0"
                    WIDTH="1890.0"
                    HEIGHT="169.0"></String>
          </TextLine>

          
          
          <TextLine ID="eSc_line_1653119"
                    
                    BASELINE="237 1234 488 1267 740 1285 1049 1281 1369 1288 2008 1285 2142 1275" 
                    HPOS="233.0"
                    VPOS="1188.0"
                    WIDTH="1908.0"
                    HEIGHT="151.0">
            <Shape><Polygon POINTS="233 1231 280 1188 355 1188 380 1206 395 1195 467 1231 754 1238 794 1209 815 1231 901 1252 919 1238 1088 1227 1128 1249 1440 1231 1480 1242 1498 1227 1555 1245 1609 1231 1685 1242 1703 1224 1735 1238 1803 1227 1832 1245 1886 1224 2051 1224 2094 1202 2123 1231 2134 1224 2141 1274 2073 1321 2012 1317 1958 1335 1890 1321 1861 1295 1757 1339 1735 1321 1670 1331 1656 1317 1502 1331 1430 1317 1379 1339 1333 1335 1311 1313 1268 1331 1239 1310 1218 1328 1175 1321 1128 1339 1078 1321 1031 1335 927 1317 840 1331 794 1313 707 1313 671 1335 567 1306 521 1321 359 1285 309 1288 237 1234"/></Shape>
	    <String CONTENT="לבית קדשי הקדשים ביום הכפורים יודע מה בשנה כולה בשעה שהוא רואה"
                    HPOS="233.0"
                    VPOS="1188.0"
                    WIDTH="1908.0"
                    HEIGHT="151.0"></String>
          </TextLine>

          
          
          <TextLine ID="eSc_line_1653120"
                    
                    BASELINE="240 1339 607 1371 934 1385 1634 1378 1926 1367 2141 1374" 
                    HPOS="237.0"
                    VPOS="1281.0"
                    WIDTH="1901.0"
                    HEIGHT="162.0">
            <Shape><Polygon POINTS="237 1335 280 1281 510 1324 571 1317 686 1335 718 1313 740 1335 786 1317 851 1335 923 1317 948 1339 1016 1342 1157 1339 1178 1324 1228 1342 1315 1342 1412 1331 1430 1313 1466 1331 1667 1335 1724 1317 1771 1335 1829 1324 1857 1299 1882 1324 1936 1335 2094 1313 2138 1371 2112 1421 2033 1400 1994 1414 1961 1400 1922 1414 1782 1407 1735 1385 1703 1418 1620 1418 1599 1400 1548 1425 1498 1392 1455 1418 1422 1410 1322 1443 1203 1407 1178 1428 1056 1414 1002 1443 980 1425 894 1425 880 1407 725 1428 682 1396 621 1421 567 1403 485 1410 362 1382 312 1385 262 1353 240 1364"/></Shape>
	    <String CONTENT="עשנה של מערכה שנוטה לצפון יודע שצפון כולו שבע לדרום יודע שדרום"
                    HPOS="237.0"
                    VPOS="1281.0"
                    WIDTH="1901.0"
                    HEIGHT="162.0"></String>
          </TextLine>

          
          
          <TextLine ID="eSc_line_1653121"
                    
                    BASELINE="215 1414 337 1439 542 1464 725 1471 2044 1468 2138 1475" 
                    HPOS="212.0"
                    VPOS="1374.0"
                    WIDTH="1922.0"
                    HEIGHT="151.0">
            <Shape><Polygon POINTS="212 1410 247 1374 337 1396 398 1389 499 1418 632 1425 686 1396 740 1432 837 1428 880 1410 901 1432 1016 1443 1060 1418 1095 1436 1178 1436 1203 1410 1225 1428 1322 1443 1469 1428 1498 1400 1530 1428 1570 1425 1599 1396 1634 1425 1699 1421 1739 1385 1793 1421 1836 1400 1854 1418 1933 1414 1954 1428 2033 1400 2055 1421 2112 1428 2134 1471 2098 1507 1983 1493 1904 1518 1818 1497 1706 1511 1681 1500 1663 1514 1599 1489 1570 1518 1422 1504 1408 1518 1225 1522 1196 1504 1139 1525 966 1525 909 1522 891 1504 844 1518 812 1504 653 1504 625 1522 578 1489 470 1504 441 1482 384 1493 215 1443"/></Shape>
	    <String CONTENT="כולו שבע לחללו של עולם יודע שכל העולם שבע אחר כל השבח הזה ואפרוחז"
                    HPOS="212.0"
                    VPOS="1374.0"
                    WIDTH="1922.0"
                    HEIGHT="151.0"></String>
          </TextLine>

          
          
          <TextLine ID="eSc_line_1653122"
                    
                    BASELINE="226 1522 535 1558 858 1572 1627 1572 1789 1565 2145 1565" 
                    HPOS="222.0"
                    VPOS="1471.0"
                    WIDTH="1919.0"
                    HEIGHT="162.0">
            <Shape><Polygon POINTS="222 1518 309 1471 352 1497 431 1507 531 1511 578 1493 625 1525 790 1511 833 1525 891 1504 916 1522 995 1529 1142 1525 1178 1507 1225 1529 1383 1511 1537 1529 1566 1525 1599 1493 1638 1522 1785 1518 1803 1500 1857 1522 1961 1522 1983 1500 2026 1497 2044 1514 2123 1518 2141 1561 2073 1615 1864 1590 1825 1608 1717 1593 1681 1622 1624 1597 1491 1615 1466 1633 1437 1611 1300 1633 1275 1608 1189 1604 1049 1608 977 1633 945 1604 919 1622 887 1608 592 1615 574 1601 524 1615 488 1583 449 1601 380 1579 330 1593 276 1579 226 1529"/></Shape>
	    <String CONTENT="יעלעו דם חאמי גוזליה מגעגעין בזמא ושתיק אלא באשר חללים שם הוא"
                    HPOS="222.0"
                    VPOS="1471.0"
                    WIDTH="1919.0"
                    HEIGHT="162.0"></String>
          </TextLine>

          
          
          <TextLine ID="eSc_line_1653123"
                    
                    BASELINE="238 1627 603 1662 876 1672 2141 1662" 
                    HPOS="237.0"
                    VPOS="1576.0"
                    WIDTH="1901.0"
                    HEIGHT="154.0">
            <Shape><Polygon POINTS="237 1626 265 1583 294 1576 330 1590 380 1579 449 1604 485 1583 513 1611 679 1611 707 1626 833 1608 851 1622 952 1615 977 1633 1020 1633 1052 1604 1081 1604 1110 1629 1264 1608 1311 1633 1430 1615 1469 1629 1534 1608 1728 1619 1760 1601 1821 1619 1843 1601 1879 1622 1961 1608 1997 1619 2023 1604 2109 1626 2138 1658 2080 1716 2001 1698 1972 1712 1958 1698 1678 1708 1606 1687 1566 1708 1473 1705 1422 1730 1401 1708 1239 1701 1153 1723 1121 1698 1074 1723 1038 1701 883 1719 840 1705 618 1708 510 1687 445 1701 377 1669 287 1665 251 1629"/></Shape>
	    <String CONTENT="שם היתה שכינה ˙ ר&#39; יודן בשם ר&#39; יוסי ב&#39;ר&#39; יהודה ור&#39; ברכיה בשם ר&#39; חייא בר"
                    HPOS="237.0"
                    VPOS="1576.0"
                    WIDTH="1901.0"
                    HEIGHT="154.0"></String>
          </TextLine>

          
          
          <TextLine ID="eSc_line_1653124"
                    
                    BASELINE="238 1722 370 1748 578 1766 751 1773 1757 1773 2145 1762" 
                    HPOS="237.0"
                    VPOS="1665.0"
                    WIDTH="1904.0"
                    HEIGHT="173.0">
            <Shape><Polygon POINTS="237 1719 258 1687 287 1690 334 1665 373 1701 553 1712 596 1698 636 1723 657 1708 729 1726 826 1708 970 1730 1013 1716 1081 1730 1106 1712 1164 1730 1261 1712 1437 1733 1487 1712 1577 1719 1595 1705 1775 1723 1868 1719 1882 1705 1954 1726 2019 1705 2051 1719 2105 1712 2141 1759 2130 1791 2098 1809 1904 1809 1861 1827 1839 1805 1767 1838 1728 1809 1670 1802 1645 1816 1602 1798 1570 1820 1537 1809 1512 1834 1405 1809 1121 1823 1074 1802 1038 1805 1009 1834 966 1805 840 1820 822 1805 768 1809 751 1823 567 1798 488 1820 456 1787 402 1791 373 1762 341 1780 269 1784 240 1766"/></Shape>
	    <String CONTENT="אבא כת&#39; קרבן שאו את אחיכם מאת פני הקדש מאת פני הארון אין כת&#39;ו]"
                    HPOS="237.0"
                    VPOS="1665.0"
                    WIDTH="1904.0"
                    HEIGHT="173.0"></String>
          </TextLine>

          
          
          <TextLine ID="eSc_line_1653125"
                    
                    BASELINE="238 1831 610 1870 905 1877 1369 1877 1753 1888 2130 1888" 
                    HPOS="237.0"
                    VPOS="1759.0"
                    WIDTH="1890.0"
                    HEIGHT="186.0">
            <Shape><Polygon POINTS="237 1830 255 1780 330 1784 370 1759 398 1791 438 1805 459 1791 485 1816 653 1809 704 1830 844 1827 880 1809 1016 1834 1056 1805 1106 1841 1149 1816 1408 1816 1491 1838 1577 1820 1642 1838 1670 1812 1724 1812 1757 1841 1782 1841 1854 1805 1886 1823 2120 1816 2127 1884 2098 1920 1947 1945 1854 1917 1796 1927 1663 1913 1563 1931 1527 1909 1462 1945 1419 1909 1397 1927 1300 1909 1264 1938 1218 1906 1182 1927 1124 1909 1092 1931 1056 1909 1027 1924 995 1913 794 1931 743 1906 503 1906 470 1884 424 1902 366 1870 316 1881 240 1856"/></Shape>
	    <String CONTENT="א כאן אלא מאת פני הקדש ויקרבו וישאום בכתנותם כאדם שאמ&#39; לחבירו"
                    HPOS="237.0"
                    VPOS="1759.0"
                    WIDTH="1890.0"
                    HEIGHT="186.0"></String>
          </TextLine>

          
          
          <TextLine ID="eSc_line_1653126"
                    
                    BASELINE="237 1924 636 1967 995 1988 1311 1981 1954 1981 2134 1988" 
                    HPOS="233.0"
                    VPOS="1873.0"
                    WIDTH="1897.0"
                    HEIGHT="166.0">
            <Shape><Polygon POINTS="233 1920 273 1884 359 1873 434 1906 470 1888 495 1909 582 1920 625 1909 711 1924 736 1906 779 1935 848 1920 905 1938 948 1917 1002 1942 1042 1924 1067 1942 1128 1920 1167 1938 1203 1902 1261 1942 1293 1920 1437 1942 1476 1942 1502 1917 1559 1938 1609 1924 1696 1935 1710 1920 1778 1920 1796 1935 1846 1920 1940 1949 2048 1945 2123 1920 2130 1985 2120 2024 2066 2021 2041 2039 1987 2031 1965 2010 1911 2028 1563 2024 1534 2010 1509 2028 1476 2010 1408 2031 1333 2010 1275 2028 1099 2010 1063 2031 952 2010 848 2024 830 2010 790 2028 733 2003 650 2013 621 1996 556 2006 535 1992 398 1992 370 1967 326 1988 240 1924"/></Shape>
	    <String CONTENT="העבר את המת הזה מאת פני האבל הזה עד מתי האבל הזה מצטער אחרי"
                    HPOS="233.0"
                    VPOS="1873.0"
                    WIDTH="1897.0"
                    HEIGHT="166.0"></String>
          </TextLine>

          
          
          <TextLine ID="eSc_line_1653127"
                    
                    BASELINE="271 2028 326 2042 524 2067 830 2085 1430 2089 1703 2078 2147 2082" 
                    HPOS="269.0"
                    VPOS="1974.0"
                    WIDTH="1876.0"
                    HEIGHT="165.0">
            <Shape><Polygon POINTS="269 2024 276 1988 309 1974 370 2006 531 1996 600 2017 625 2003 671 2031 740 2021 851 2039 941 2006 977 2035 1020 2028 1085 2046 1164 2024 1182 2039 1261 2042 1297 2013 1397 2028 1480 2013 1502 2031 1530 2017 1706 2031 1954 2024 2030 2042 2127 2031 2145 2078 2134 2110 2005 2125 1732 2114 1692 2132 1656 2096 1642 2110 1552 2100 1509 2132 1430 2132 1390 2107 1369 2128 1307 2118 1264 2136 1239 2110 1185 2125 1157 2107 1139 2125 1081 2132 1063 2118 973 2136 927 2107 898 2136 869 2121 830 2139 765 2096 740 2114 715 2100 686 2114 549 2110 513 2103 485 2075 431 2096 413 2078 323 2085 273 2060"/></Shape>
	    <String CONTENT="מות שני בני אהרן ˙ אמ&#39; ר&#39; אלעזר המודעי כל מקום שמזכיר מיתתן שם"
                    HPOS="269.0"
                    VPOS="1974.0"
                    WIDTH="1876.0"
                    HEIGHT="165.0"></String>
          </TextLine>

          
          
          <TextLine ID="eSc_line_1653102"
                    
                    BASELINE="271 2127 348 2132 510 2154 826 2175 2041 2175 2145 2164" 
                    HPOS="269.0"
                    VPOS="2078.0"
                    WIDTH="1872.0"
                    HEIGHT="162.0">
            <Shape><Polygon POINTS="269 2125 287 2078 355 2092 413 2078 441 2107 481 2078 510 2107 682 2118 704 2100 736 2118 761 2096 790 2125 844 2139 873 2125 894 2146 912 2132 1024 2139 1060 2121 1078 2136 1135 2132 1164 2107 1185 2128 1239 2110 1264 2136 1325 2118 1340 2132 1408 2121 1430 2136 1484 2121 1502 2139 1552 2100 1591 2136 1620 2136 1656 2100 1692 2136 1706 2125 1746 2139 1764 2125 2098 2121 2141 2161 2130 2204 2087 2211 1951 2197 1929 2211 1839 2204 1778 2218 1753 2193 1721 2225 1692 2207 1642 2211 1588 2236 1563 2211 1390 2222 1351 2193 1311 2215 1228 2193 1207 2215 1124 2207 1074 2236 995 2218 898 2240 804 2204 740 2215 596 2189 524 2197 499 2179 452 2200 427 2179 409 2189 348 2161 316 2168 273 2136"/></Shape>
	    <String CONTENT="מזכירסורחנו וכל כך למה כדי שלא ליתן פתחון פה לכל באי העולם לומר"
                    HPOS="269.0"
                    VPOS="2078.0"
                    WIDTH="1872.0"
                    HEIGHT="162.0"></String>
          </TextLine>

          
          
          <TextLine ID="eSc_line_1653110"
                    
                    BASELINE="253 2225 424 2247 643 2265 1009 2276 1796 2272 2059 2268 2147 2259" 
                    HPOS="251.0"
                    VPOS="2146.0"
                    WIDTH="1894.0"
                    HEIGHT="191.0">
            <Shape><Polygon POINTS="251 2222 258 2175 287 2146 312 2171 348 2161 445 2207 499 2179 524 2204 596 2193 758 2225 883 2225 901 2240 998 2222 1081 2232 1124 2207 1203 2222 1232 2193 1282 2232 1552 2211 1613 2232 1634 2211 1670 2222 1685 2207 1724 2229 1753 2200 1785 2232 1868 2211 1893 2232 1944 2211 2138 2215 2145 2258 2087 2315 2008 2315 1987 2297 1961 2311 1947 2297 1879 2326 1854 2304 1814 2329 1757 2308 1714 2333 1688 2304 1667 2322 1634 2294 1595 2319 1548 2290 1512 2319 1430 2333 1347 2311 1272 2322 1225 2294 1103 2337 1038 2301 1002 2319 955 2308 937 2326 912 2311 894 2329 858 2308 768 2311 686 2286 650 2304 582 2286 441 2304 388 2261 330 2265 312 2247 280 2268 255 2243"/></Shape>
	    <String CONTENT="מעשיו מקולקלין היו בידן בסתר לפיכך היו מתן דתני כשם ר&#39; אליעזר לא"
                    HPOS="251.0"
                    VPOS="2146.0"
                    WIDTH="1894.0"
                    HEIGHT="191.0"></String>
          </TextLine>

          
          
          <TextLine ID="eSc_line_1653108"
                    
                    BASELINE="253 2322 517 2351 761 2362 1818 2358 2141 2365" 
                    HPOS="251.0"
                    VPOS="2265.0"
                    WIDTH="1887.0"
                    HEIGHT="169.0">
            <Shape><Polygon POINTS="251 2319 283 2279 316 2286 344 2265 445 2304 535 2297 582 2311 607 2297 628 2311 686 2290 715 2311 880 2326 912 2311 1034 2326 1052 2311 1103 2340 1196 2326 1225 2297 1264 2322 1390 2311 1422 2329 1476 2329 1548 2290 1588 2329 1613 2315 1634 2337 1746 2329 1767 2311 1796 2329 1987 2329 2059 2308 2105 2322 2138 2362 2123 2408 2087 2405 2073 2419 1979 2401 1958 2419 1868 2401 1843 2419 1785 2419 1753 2401 1735 2419 1678 2408 1624 2434 1591 2408 1548 2419 1523 2398 1505 2412 1203 2398 1175 2419 840 2398 772 2426 707 2390 603 2398 585 2380 492 2387 445 2369 406 2380 384 2358 330 2376 255 2333"/></Shape>
	    <String CONTENT="מתו שני בני אהרן אלא שהורו הלכה בפני משה רבן ˙ וכל המורה הלכה בפני"
                    HPOS="251.0"
                    VPOS="2265.0"
                    WIDTH="1887.0"
                    HEIGHT="169.0"></String>
          </TextLine>

          
          
          <TextLine ID="eSc_line_1653104"
                    
                    BASELINE="253 2416 729 2459 1606 2459 2062 2469 2147 2475" 
                    HPOS="251.0"
                    VPOS="2344.0"
                    WIDTH="1894.0"
                    HEIGHT="172.0">
            <Shape><Polygon POINTS="251 2412 255 2344 334 2380 380 2362 406 2387 452 2372 503 2394 564 2394 585 2376 610 2401 707 2390 772 2430 819 2405 876 2419 1146 2408 1175 2426 1203 2398 1239 2416 1333 2412 1361 2426 1455 2408 1620 2430 1811 2412 1872 2426 1933 2412 2012 2430 2073 2426 2098 2408 2138 2444 2145 2473 2102 2509 2005 2495 1979 2516 1947 2480 1908 2513 1793 2502 1717 2516 1663 2491 1645 2509 1555 2513 1146 2513 1103 2495 1042 2513 973 2487 952 2502 779 2498 736 2495 718 2477 657 2498 618 2473 531 2495 431 2448 402 2466 312 2462 255 2416"/></Shape>
	    <String CONTENT="רבו חייב מיתה ˙ ומעשה ואירע בתלמיד אחד שהורה הלכה לפני ר&#39; אליעזר"
                    HPOS="251.0"
                    VPOS="2344.0"
                    WIDTH="1894.0"
                    HEIGHT="172.0"></String>
          </TextLine>

          
          
          <TextLine ID="eSc_line_1653115"
                    
                    BASELINE="253 2507 337 2513 470 2530 682 2548 901 2563 1387 2559 2130 2581" 
                    HPOS="251.0"
                    VPOS="2444.0"
                    WIDTH="1876.0"
                    HEIGHT="176.0">
            <Shape><Polygon POINTS="251 2505 258 2459 276 2444 391 2473 431 2448 528 2495 567 2480 679 2505 718 2473 776 2505 905 2498 948 2513 973 2491 1034 2516 1175 2520 1620 2520 1667 2491 1732 2527 1800 2505 1882 2527 1947 2480 1983 2516 2008 2495 2048 2527 2102 2513 2120 2523 2127 2577 2109 2620 2066 2602 2033 2617 1976 2599 1900 2613 1818 2599 1778 2617 1714 2602 1609 2613 1577 2595 1537 2609 1520 2591 1487 2613 1412 2599 1340 2609 1254 2584 1225 2606 1124 2606 1009 2599 984 2574 952 2602 905 2606 740 2595 704 2577 657 2595 625 2563 585 2581 553 2559 499 2584 470 2556 427 2566 406 2552 384 2566 341 2541 255 2545"/></Shape>
	    <String CONTENT="ואמ&#39; לאימא שלום אשתו תמיהני אם יוציא שבתו ולא יצאת עליו אותו"
                    HPOS="251.0"
                    VPOS="2444.0"
                    WIDTH="1876.0"
                    HEIGHT="176.0"></String>
          </TextLine>

          
          
          <TextLine ID="eSc_line_1653109"
                    
                    BASELINE="274 2605 335 2615 729 2645 945 2649 1121 2660 2066 2663 2147 2655" 
                    HPOS="273.0"
                    VPOS="2545.0"
                    WIDTH="1872.0"
                    HEIGHT="169.0">
            <Shape><Polygon POINTS="273 2602 280 2552 309 2559 334 2545 409 2574 467 2556 517 2584 553 2563 578 2588 614 2570 643 2591 693 2581 743 2602 812 2591 930 2606 980 2577 1013 2609 1193 2599 1218 2613 1246 2591 1282 2617 1372 2617 1387 2602 1444 2620 1487 2620 1512 2595 1537 2613 1681 2620 1785 2620 1803 2602 1936 2620 2066 2609 2145 2653 2116 2699 1987 2714 1886 2696 1527 2710 1484 2706 1462 2685 1246 2706 1178 2699 1157 2678 1085 2696 1020 2670 887 2696 858 2674 840 2692 779 2699 747 2667 711 2696 661 2667 592 2692 539 2667 495 2696 463 2667 416 2656 391 2670 312 2631 276 2656"/></Shape>
	    <String CONTENT="שבת עד שמת נכנסו תלמידיו אצלו ואמרו לו נביא אתה אמ&#39; להן לא נביא"
                    HPOS="273.0"
                    VPOS="2545.0"
                    WIDTH="1872.0"
                    HEIGHT="169.0"></String>
          </TextLine>

          
          
          <TextLine ID="eSc_line_1653105"
                    
                    BASELINE="247 2703 355 2710 585 2735 768 2739 945 2749 1095 2746 1523 2764 2120 2757" 
                    HPOS="244.0"
                    VPOS="2635.0"
                    WIDTH="1872.0"
                    HEIGHT="190.0">
            <Shape><Polygon POINTS="244 2699 309 2635 337 2663 434 2663 495 2699 531 2681 603 2688 618 2674 740 2710 794 2692 952 2692 973 2706 1031 2670 1095 2710 1142 2681 1175 2706 1210 2696 1387 2710 1458 2681 1487 2710 1552 2717 1660 2703 1775 2721 1908 2703 1929 2728 2008 2706 2084 2710 2116 2753 2102 2793 2055 2807 1929 2810 1904 2793 1793 2825 1724 2810 1703 2789 1681 2803 1649 2778 1613 2810 1573 2814 1520 2793 1484 2800 1444 2767 1408 2800 1372 2793 1325 2821 1254 2785 1157 2803 1124 2789 909 2796 862 2778 822 2793 661 2771 481 2775 395 2746 380 2760 305 2746 255 2703"/></Shape>
	    <String CONTENT="אנכי ולא בן נביא אנכי אלא כך מקובלני כל המורה הלכה בפני רבו חייב [מ&#39;]"
                    HPOS="244.0"
                    VPOS="2635.0"
                    WIDTH="1872.0"
                    HEIGHT="190.0"></String>
          </TextLine>

          
          
          <TextLine ID="eSc_line_1653101"
                    
                    BASELINE="265 2796 646 2832 927 2846 1218 2846 1678 2864 1965 2861 2076 2868 2147 2879" 
                    HPOS="262.0"
                    VPOS="2746.0"
                    WIDTH="1883.0"
                    HEIGHT="169.0">
            <Shape><Polygon POINTS="262 2793 273 2757 319 2746 391 2767 506 2767 618 2789 812 2800 848 2782 912 2800 941 2785 977 2803 1099 2789 1113 2807 1290 2803 1336 2818 1401 2807 1448 2767 1484 2803 1577 2800 1599 2821 1652 2782 1703 2818 1757 2807 1800 2828 1836 2803 1893 2825 2023 2810 2055 2821 2102 2796 2134 2810 2145 2875 2098 2907 2026 2889 1990 2915 1976 2897 1944 2911 1732 2904 1656 2875 1613 2904 1494 2897 1476 2879 1394 2900 1361 2882 1336 2897 1221 2904 1182 2886 1142 2900 1113 2864 1081 2889 934 2882 901 2900 876 2875 858 2886 844 2872 801 2904 772 2882 664 2886 653 2872 632 2886 578 2864 535 2879 445 2850 384 2857 330 2843 265 2796"/></Shape>
	    <String CONTENT="מיתה דתני אסור לתלמיד להורות עד שיהא רבו רחוק ממנו שנים עשר"
                    HPOS="262.0"
                    VPOS="2746.0"
                    WIDTH="1883.0"
                    HEIGHT="169.0"></String>
          </TextLine>

          
          
          <TextLine ID="eSc_line_1653107"
                    
                    BASELINE="240 2879 470 2922 639 2936 733 2936 1002 2950 1419 2947 1706 2961 1908 2965 2147 2955" 
                    HPOS="237.0"
                    VPOS="2843.0"
                    WIDTH="1908.0"
                    HEIGHT="179.0">
            <Shape><Polygon POINTS="237 2875 280 2843 334 2843 420 2868 477 2861 524 2882 567 2872 603 2889 1042 2907 1067 2904 1106 2864 1149 2904 1218 2911 1315 2893 1333 2911 1570 2911 1617 2907 1660 2879 1732 2918 1882 2907 1904 2922 1983 2922 2033 2889 2051 2911 2138 2911 2145 2954 2087 3001 2041 2990 1987 3008 1886 3008 1800 2994 1767 3022 1721 2979 1638 3008 1541 2990 1430 3004 1376 2979 1196 3001 1006 2979 934 3008 887 2983 801 2990 761 2972 718 2990 643 2968 618 2983 592 2968 539 2979 517 2958 481 2968 445 2936 409 2965 240 2879"/></Shape>
	    <String CONTENT="מיל במחנה ישרﭏ מה טעמיה ויחנו על הירדן מבית הישימות וכמה הם"
                    HPOS="237.0"
                    VPOS="2843.0"
                    WIDTH="1908.0"
                    HEIGHT="179.0"></String>
          </TextLine>

          
          
          <TextLine ID="eSc_line_1653106"
                    
                    BASELINE="254 2970 506 3026 772 3047 1081 3047 1394 3062 1602 3065 2147 3047" 
                    HPOS="251.0"
                    VPOS="2925.0"
                    WIDTH="1894.0"
                    HEIGHT="187.0">
            <Shape><Polygon POINTS="251 2968 258 2940 301 2925 391 2965 441 2940 477 2972 517 2954 556 2983 592 2972 643 2990 671 2972 754 3001 862 2990 930 3008 995 2997 1203 3012 1239 2997 1261 3012 1333 3008 1372 2986 1405 3015 1570 3019 1609 2994 1631 3015 1681 3022 1721 2986 1764 3022 1814 2994 1875 3015 1922 3001 1987 3015 2102 3004 2145 3044 2066 3098 1987 3105 1958 3087 1886 3105 1843 3080 1782 3098 1746 3073 1706 3094 1656 3087 1530 3112 1466 3094 1361 3101 1333 3083 1225 3101 1175 3073 1110 3098 1078 3076 1002 3083 984 3101 963 3083 905 3094 880 3069 815 3094 790 3076 661 3094 636 3069 549 3076 521 3044 492 3069 459 3037 395 3055 283 3022 255 3029"/></Shape>
	    <String CONTENT="שנים עשר מיל ˙ ר&#39; תנחום ב&#39;ר&#39; ירמיה הוה יתיב בחפר היון שאלון ליה והוא"
                    HPOS="251.0"
                    VPOS="2925.0"
                    WIDTH="1894.0"
                    HEIGHT="187.0"></String>
          </TextLine>

          
          
          <TextLine ID="eSc_line_1653103"
                    
                    BASELINE="289 3066 354 3080 449 3123 621 3134 1074 3148 1520 3155 2138 3141" 
                    HPOS="287.0"
                    VPOS="3065.0"
                    WIDTH="1847.0"
                    HEIGHT="144.0">
            <Shape><Polygon POINTS="287 3065 542 3065 664 3101 725 3080 826 3098 866 3069 1009 3105 1067 3073 1117 3105 1182 3080 1218 3105 1322 3087 1387 3108 1681 3108 1703 3087 1757 3076 1789 3101 1839 3083 1882 3108 2080 3112 2123 3087 2134 3137 2123 3180 2062 3173 2041 3191 2026 3177 1961 3173 1893 3205 1836 3187 1789 3209 1703 3180 1649 3205 1491 3205 1426 3184 1394 3205 1354 3184 1340 3198 1171 3202 1106 3177 1052 3202 1009 3202 901 3195 858 3173 797 3198 765 3169 740 3184 700 3162 553 3173 521 3159 291 3159"/></Shape>
	    <String CONTENT="מורי שאלון ליה והוא מורי אמרון ליה לא כן אלפן רבי אסור לתל מי"
                    HPOS="287.0"
                    VPOS="3065.0"
                    WIDTH="1847.0"
                    HEIGHT="144.0"></String>
          </TextLine>

          
        </TextBlock>
        
        <TextBlock HPOS="2317.0"
                   VPOS="883.0"
                   WIDTH="593.0"
                   HEIGHT="208.0"
                   ID="eSc_textblock_11484"
                   TAGREFS="BT844">
          <Shape><Polygon POINTS="2910 883 2910 1091 2317 1091 2317 883"/></Shape>
          
          
          <TextLine ID="eSc_line_1653114"
                    
                    BASELINE="2318 968 2899 973 2911 973" 
                    HPOS="2317.0"
                    VPOS="928.0"
                    WIDTH="594.0"
                    HEIGHT="85.0">
            <Shape><Polygon POINTS="2318 928 2899 933 2911 933 2911 1013 2898 1012 2317 1007"/></Shape>
	    <String CONTENT="רו וי"
                    HPOS="2317.0"
                    VPOS="928.0"
                    WIDTH="594.0"
                    HEIGHT="85.0"></String>
          </TextLine>

          
        </TextBlock>
        
        <TextBlock HPOS="172.0"
                   VPOS="3908.0"
                   WIDTH="103.0"
                   HEIGHT="122.0"
                   ID="eSc_textblock_11485"
                   TAGREFS="BT845">
          <Shape><Polygon POINTS="275 3919 275 4030 172 4024 172 3908"/></Shape>
          
          
          <TextLine ID="eSc_line_1995460"
                    
                    BASELINE="182 3967 267 4009" 
                    HPOS="164.0"
                    VPOS="3931.0"
                    WIDTH="120.0"
                    HEIGHT="113.0">
            <Shape><Polygon POINTS="199 3931 284 3973 249 4044 164 4002"/></Shape>
	    <String CONTENT="ה"
                    HPOS="164.0"
                    VPOS="3931.0"
                    WIDTH="120.0"
                    HEIGHT="113.0"></String>
          </TextLine>

          
        </TextBlock>
        

        
      </PrintSpace>
    </Page>
  </Layout>
</alto>
