<?xml version="1.0" encoding="UTF-8"?>
<alto xmlns:xsi="http://www.w3.org/2001/XMLSchema-instance"
      xmlns="http://www.loc.gov/standards/alto/ns-v4#"
      xsi:schemaLocation="http://www.loc.gov/standards/alto/ns-v4# http://www.loc.gov/standards/alto/v4/alto-4-2.xsd">
  <Description>
    <MeasurementUnit>pixel</MeasurementUnit>
    <sourceImageInformation>
      <fileName>bsb00084914_00361.jpg</fileName>
      
    </sourceImageInformation>
  </Description>
  
  <Tags>
    <OtherTag ID="BT1" LABEL="Title" DESCRIPTION="block type Title"/><OtherTag ID="BT2" LABEL="Main" DESCRIPTION="block type Main"/><OtherTag ID="BT3" LABEL="Commentary" DESCRIPTION="block type Commentary"/><OtherTag ID="BT4" LABEL="Illustration" DESCRIPTION="block type Illustration"/><OtherTag ID="BT844" LABEL="Margin" DESCRIPTION="block type Margin"/><OtherTag ID="BT845" LABEL="Paratext" DESCRIPTION="block type Paratext"/><OtherTag ID="BT978" LABEL="Hole" DESCRIPTION="block type Hole"/>
    <OtherTag ID="LT2" LABEL="Numbering" DESCRIPTION="line type Numbering"/><OtherTag ID="LT3" LABEL="Correction" DESCRIPTION="line type Correction"/>
  </Tags>
  
  <Layout>
    <Page WIDTH="2984"
          HEIGHT="4324"
          PHYSICAL_IMG_NR="360"
          ID="eSc_dummypage_">
      <PrintSpace HPOS="0"
                  VPOS="0"
                  WIDTH="2984"
                  HEIGHT="4324">
        
        <TextBlock HPOS="751.0"
                   VPOS="563.0"
                   WIDTH="1941.0"
                   HEIGHT="2636.0"
                   ID="eSc_textblock_11057"
                   TAGREFS="BT2">
          <Shape><Polygon POINTS="751 563 2692 622 2685 3199 751 3154"/></Shape>
          
          
          <TextLine ID="eSc_line_1653717"
                    
                    BASELINE="813 671 1481 695 2126 695 2688 671" 
                    HPOS="810.0"
                    VPOS="619.0"
                    WIDTH="1874.0"
                    HEIGHT="116.0">
            <Shape><Polygon POINTS="810 670 814 626 846 619 918 619 958 644 1016 619 1214 619 1257 648 1326 641 1355 619 1398 641 1481 648 1517 648 1564 619 1603 648 2101 648 2129 619 2227 619 2299 648 2403 619 2461 644 2475 630 2558 641 2583 619 2638 619 2684 670 2674 709 2555 709 2526 735 2501 717 2382 720 2367 735 2328 720 2288 735 1863 735 1845 717 1747 717 1719 735 1628 735 1549 713 1470 731 1437 717 1383 731 1340 713 1300 727 1210 713 1178 735 1095 720 1045 735 962 709 890 709 843 735 814 709"/></Shape>
	    <String CONTENT="שאיוב אמר יי נתן וייי לקח יהי שם ייי מבורך ˙ ולא עוד אלא כשנתן לו לא נימלך"
                    HPOS="810.0"
                    VPOS="619.0"
                    WIDTH="1874.0"
                    HEIGHT="116.0"></String>
          </TextLine>

          
          
          <TextLine ID="eSc_line_1653718"
                    
                    BASELINE="769 769 1109 785 2400 785 2612 771 2688 771" 
                    HPOS="767.0"
                    VPOS="684.0"
                    WIDTH="1917.0"
                    HEIGHT="166.0">
            <Shape><Polygon POINTS="767 767 771 695 789 684 854 742 904 702 933 702 955 724 983 709 1005 731 1091 727 1124 742 1196 738 1232 713 1290 745 1322 731 1380 742 1434 709 1477 742 1618 735 1650 753 1737 724 1783 742 1809 731 1827 749 1964 735 1978 749 2108 753 2151 727 2169 745 2241 753 2295 742 2320 717 2353 738 2533 735 2638 706 2684 767 2616 810 2565 803 2443 835 2335 821 2288 846 2256 828 2151 828 2129 850 2101 821 2039 843 2021 828 1974 839 1946 814 1866 846 1819 807 1791 835 1755 839 1632 821 1571 843 1513 843 1499 828 1463 843 1434 825 1380 843 1311 817 1239 828 1218 810 1135 835 1113 817 947 817 886 789 836 814 771 799"/></Shape>
	    <String CONTENT="בבית דינו כשלקח נמלך בבית דינו ˙ א&#39;ר&#39; שמעון בן לקיש ˙ כל מקום שכת&#39; ייי יכול"
                    HPOS="767.0"
                    VPOS="684.0"
                    WIDTH="1917.0"
                    HEIGHT="166.0"></String>
          </TextLine>

          
          
          <TextLine ID="eSc_line_1653735"
                    
                    BASELINE="796 868 951 882 1603 882 1848 893 2165 893 2497 882 2688 864" 
                    HPOS="792.0"
                    VPOS="803.0"
                    WIDTH="1892.0"
                    HEIGHT="148.0">
            <Shape><Polygon POINTS="792 864 803 803 861 803 890 832 1037 832 1063 817 1131 839 1164 825 1218 839 1340 828 1387 846 1437 835 1510 850 1578 850 1607 832 1628 853 1877 850 1931 821 1992 853 2075 843 2097 821 2126 850 2158 828 2219 828 2281 853 2338 828 2497 839 2529 810 2591 803 2612 821 2634 807 2684 861 2587 929 2533 908 2479 929 2320 933 2292 951 2259 918 2191 940 2162 915 2122 940 2043 944 1996 922 1960 936 1888 922 1863 947 1841 933 1610 929 1592 915 1560 940 1481 926 1430 936 1398 915 1365 940 1344 922 1218 926 1189 911 1174 926 1124 911 1016 922 904 897 854 915 800 868"/></Shape>
	    <String CONTENT="הק&#39;ב&#39;ה&#39; ובית דינו ˙ א&#39;ר&#39; אלעזר כת&#39; אתה מרום ואתה מרים מרומים שאת מרומי&#39;"
                    HPOS="792.0"
                    VPOS="803.0"
                    WIDTH="1892.0"
                    HEIGHT="148.0"></String>
          </TextLine>

          
          
          <TextLine ID="eSc_line_1653736"
                    
                    BASELINE="818 974 1012 987 1304 983 1758 998 2245 1001 2508 987 2684 965" 
                    HPOS="814.0"
                    VPOS="890.0"
                    WIDTH="1867.0"
                    HEIGHT="169.0">
            <Shape><Polygon POINTS="814 972 821 929 861 933 900 897 940 929 965 908 1005 936 1059 929 1106 944 1196 944 1257 922 1279 944 1337 951 1466 933 1546 954 1592 915 1636 936 1675 922 1733 954 1848 954 1902 926 1942 954 1992 918 2032 954 2057 954 2086 940 2119 951 2165 918 2216 954 2295 954 2317 940 2371 951 2443 933 2490 944 2537 908 2580 933 2641 890 2670 918 2681 962 2656 994 2630 980 2583 1019 2540 1001 2508 1030 2418 1016 2364 1034 2331 1016 2310 1037 2230 1026 2054 1048 2003 1026 1971 1030 1942 1059 1906 1037 1823 1041 1776 1023 1744 1041 1481 1037 1416 1023 1333 1030 1308 1008 1279 1037 1236 1030 1207 1005 1182 1030 1117 1016 1048 1037 994 1016 868 1023 818 1001"/></Shape>
	    <String CONTENT="לעולם ˙ נתתה כהונה לפנחס לעולם והיתה לו ולזרעו אחריו וגו&#39; ˙ נתתה גדולה לדוד"
                    HPOS="814.0"
                    VPOS="890.0"
                    WIDTH="1867.0"
                    HEIGHT="169.0"></String>
          </TextLine>

          
          
          <TextLine ID="eSc_line_1653737"
                    
                    BASELINE="818 1070 958 1081 1221 1088 2162 1084 2349 1088 2688 1062" 
                    HPOS="814.0"
                    VPOS="987.0"
                    WIDTH="1870.0"
                    HEIGHT="162.0">
            <Shape><Polygon POINTS="814 1066 828 1008 872 1030 1048 1041 1109 1023 1135 1037 1279 1041 1311 1008 1340 1037 1369 1041 1409 1019 1470 1044 1560 1034 1578 1048 1639 1034 1733 1048 1776 1026 1798 1044 1902 1041 1946 1055 1971 1030 1989 1041 2021 1026 2054 1055 2201 1055 2230 1030 2302 1048 2335 1016 2367 1041 2421 1016 2450 1041 2508 1037 2537 1008 2587 1030 2630 987 2684 1059 2587 1131 2486 1127 2432 1106 2378 1135 2284 1124 2263 1149 2191 1131 2028 1142 1982 1117 1895 1131 1870 1109 1679 1145 1643 1124 1578 1142 1261 1109 1131 1127 1070 1124 1041 1095 1012 1117 868 1120 818 1099"/></Shape>
	    <String CONTENT="לעולם הלא לכם לדעת כי ייי ﭏהי ישר&#39; נתן את הממלכה לדוד לעולם ˙ נתתה קד&#39;"
                    HPOS="814.0"
                    VPOS="987.0"
                    WIDTH="1870.0"
                    HEIGHT="162.0"></String>
          </TextLine>

          
          
          <TextLine ID="eSc_line_1653722"
                    
                    BASELINE="820 1177 893 1171 1009 1171 1286 1185 2425 1189 2688 1163" 
                    HPOS="818.0"
                    VPOS="1106.0"
                    WIDTH="1866.0"
                    HEIGHT="140.0">
            <Shape><Polygon POINTS="818 1174 821 1109 890 1127 1207 1135 1246 1106 1293 1135 1344 1117 1369 1142 1484 1127 1740 1145 1787 1127 1805 1145 1917 1149 2075 1149 2115 1127 2151 1145 2263 1149 2288 1124 2353 1145 2400 1138 2439 1106 2479 1135 2641 1120 2684 1160 2623 1225 2407 1221 2324 1246 2277 1225 2230 1235 2201 1217 1989 1239 1928 1217 1798 1228 1773 1214 1701 1235 1672 1207 1571 1235 1517 1207 1477 1228 1455 1214 1290 1221 1207 1207 1113 1228 1055 1210 1023 1225 933 1207 821 1217"/></Shape>
	    <String CONTENT="קדושה לישרﭏ קדושי&#39; תהין כי קדוש אני ייי מקדישכם ˙ ישלח עזרך מקדש ומצ&#39;]"
                    HPOS="818.0"
                    VPOS="1106.0"
                    WIDTH="1866.0"
                    HEIGHT="140.0"></String>
          </TextLine>

          
          
          <TextLine ID="eSc_line_1653723"
                    
                    BASELINE="764 1261 1131 1275 1481 1275 1942 1289 2313 1286 2547 1275 2674 1275" 
                    HPOS="760.0"
                    VPOS="1210.0"
                    WIDTH="1910.0"
                    HEIGHT="130.0">
            <Shape><Polygon POINTS="760 1257 767 1228 839 1210 937 1228 1185 1228 1210 1214 1236 1232 1394 1217 1517 1235 1538 1221 1560 1239 1636 1221 1654 1239 1834 1246 1931 1221 1964 1246 2065 1250 2205 1246 2259 1225 2313 1250 2645 1221 2663 1232 2670 1271 2641 1304 2601 1315 2465 1336 2403 1308 2382 1329 2331 1340 2241 1326 2194 1336 2169 1322 2075 1336 2032 1315 1874 1329 1614 1322 1585 1308 1542 1326 1416 1318 1394 1304 1315 1304 1297 1322 1254 1304 1225 1318 1106 1315 1066 1293 1034 1311 947 1304 933 1318 900 1297 764 1300"/></Shape>
	    <String CONTENT="ומציון יסעדך ˙ ר&#39; ברכיה בשם ר&#39; לוי מעשה באבא יוסי איש צאיתור שהיה יושבן"
                    HPOS="760.0"
                    VPOS="1210.0"
                    WIDTH="1910.0"
                    HEIGHT="130.0"></String>
          </TextLine>

          
          
          <TextLine ID="eSc_line_1653724"
                    
                    BASELINE="842 1364 962 1358 1448 1376 1953 1372 2378 1376 2573 1369 2674 1358" 
                    HPOS="839.0"
                    VPOS="1293.0"
                    WIDTH="1831.0"
                    HEIGHT="148.0">
            <Shape><Polygon POINTS="839 1362 843 1308 861 1293 900 1318 1373 1329 1520 1311 1556 1329 1596 1304 1618 1326 1657 1318 1686 1333 1881 1333 1899 1318 1996 1333 2028 1315 2075 1336 2169 1326 2191 1340 2317 1344 2367 1336 2403 1308 2425 1329 2461 1333 2645 1311 2670 1354 2659 1387 2620 1405 2465 1401 2392 1426 2223 1419 2191 1441 2147 1416 2108 1408 2050 1426 2003 1405 1960 1412 1928 1390 1902 1412 1809 1412 1783 1426 1751 1426 1729 1405 1708 1423 1589 1416 1571 1398 1520 1412 1434 1405 1416 1419 1351 1398 1236 1426 1203 1401 1120 1394 1037 1426 1012 1405 900 1412 882 1394 843 1398"/></Shape>
	    <String CONTENT="ופושט על גב מעיין איתגלי רוחא תמן ˙ אמ&#39; ליה אתון דידעין דהויתין נפקין [ב]"
                    HPOS="839.0"
                    VPOS="1293.0"
                    WIDTH="1831.0"
                    HEIGHT="148.0"></String>
          </TextLine>

          
          
          <TextLine ID="eSc_line_1653725"
                    
                    BASELINE="823 1438 983 1462 1405 1459 1625 1470 1794 1470 1956 1477 2281 1477 2684 1452" 
                    HPOS="821.0"
                    VPOS="1394.0"
                    WIDTH="1860.0"
                    HEIGHT="133.0">
            <Shape><Polygon POINTS="821 1437 825 1405 1005 1405 1045 1430 1156 1408 1254 1426 1293 1405 1333 1416 1365 1401 1383 1419 1693 1430 1837 1423 1852 1408 1895 1419 1928 1394 1971 1423 2032 1416 2046 1430 2176 1437 2227 1419 2392 1430 2461 1412 2497 1430 2645 1401 2681 1448 2674 1477 2634 1477 2562 1513 2519 1517 2479 1498 2418 1527 2241 1502 2209 1517 2155 1502 2126 1513 2104 1495 2061 1517 2018 1502 1989 1517 1964 1495 1928 1517 1874 1480 1837 1509 1798 1498 1769 1517 1733 1502 1675 1517 1614 1498 1470 1498 1427 1517 1387 1498 1214 1506 1192 1488 1138 1517 987 1488 922 1498 857 1484 828 1502"/></Shape>
	    <String CONTENT="בטי הריא וברמשא ומיומאי לא אזיקית חד מינכון בדאתו רוח קשי מעי ובעי&#39;"
                    HPOS="821.0"
                    VPOS="1394.0"
                    WIDTH="1860.0"
                    HEIGHT="133.0"></String>
          </TextLine>

          
          
          <TextLine ID="eSc_line_1653738"
                    
                    BASELINE="839 1549 1030 1545 1109 1553 1448 1563 1747 1560 2147 1574 2367 1574 2681 1549" 
                    HPOS="836.0"
                    VPOS="1477.0"
                    WIDTH="1841.0"
                    HEIGHT="148.0">
            <Shape><Polygon POINTS="836 1545 854 1484 900 1509 983 1491 1138 1513 1189 1484 1214 1509 1315 1498 1427 1517 1531 1495 1549 1513 1755 1520 1837 1509 1870 1480 1906 1517 1985 1520 2018 1502 2054 1527 2101 1491 2122 1513 2158 1506 2176 1524 2266 1509 2346 1527 2450 1509 2558 1513 2630 1477 2666 1506 2677 1545 2638 1585 2576 1607 2429 1603 2364 1625 2306 1607 2212 1625 2086 1596 2003 1614 1989 1599 1837 1610 1704 1589 1600 1614 1567 1592 1463 1603 1409 1581 1365 1607 1243 1581 1063 1596 1023 1578 991 1592 839 1585"/></Shape>
	    <String CONTENT="לאפקותי מן הכא אמ&#39; ליה איזיל ואכריז בקרתא מאן דאית ליה פסא או [מ&#39;]"
                    HPOS="836.0"
                    VPOS="1477.0"
                    WIDTH="1841.0"
                    HEIGHT="148.0"></String>
          </TextLine>

          
          
          <TextLine ID="eSc_line_1653726"
                    
                    BASELINE="832 1648 929 1643 1243 1646 1603 1664 1791 1661 2284 1664 2551 1646 2688 1650" 
                    HPOS="828.0"
                    VPOS="1581.0"
                    WIDTH="1856.0"
                    HEIGHT="152.0">
            <Shape><Polygon POINTS="828 1646 836 1599 861 1589 1200 1607 1228 1581 1290 1607 1387 1596 1614 1617 1719 1599 1751 1617 1924 1610 2212 1628 2367 1628 2447 1607 2465 1617 2486 1599 2580 1610 2641 1589 2677 1617 2684 1646 2616 1700 2555 1689 2421 1707 2389 1689 2342 1718 2295 1697 2234 1733 2169 1711 2050 1718 2032 1704 1740 1689 1506 1711 1455 1675 1419 1707 1391 1686 1297 1715 1272 1689 1218 1679 1066 1697 1037 1668 1012 1682 937 1668 893 1682 832 1657"/></Shape>
	    <String CONTENT="מכוש או מגדופין ויפקון בשעת טיהרא וייתון ויקימון על מבועא דמיא []"
                    HPOS="828.0"
                    VPOS="1581.0"
                    WIDTH="1856.0"
                    HEIGHT="152.0"></String>
          </TextLine>

          
          
          <TextLine ID="eSc_line_1653727"
                    
                    BASELINE="835 1735 1167 1751 1419 1751 1553 1762 1711 1765 2475 1765 2707 1748" 
                    HPOS="832.0"
                    VPOS="1668.0"
                    WIDTH="1874.0"
                    HEIGHT="158.0">
            <Shape><Polygon POINTS="832 1733 839 1697 875 1675 904 1693 937 1671 969 1700 1001 1700 1037 1668 1070 1700 1185 1700 1210 1686 1225 1700 1275 1697 1300 1722 1351 1697 1419 1711 1452 1679 1502 1711 1643 1711 1697 1686 1729 1707 1892 1704 2191 1722 2227 1736 2302 1693 2338 1722 2385 1689 2429 1718 2656 1700 2706 1747 2638 1787 2490 1801 2475 1816 2439 1801 2421 1816 2385 1801 2209 1801 2151 1805 2122 1826 2072 1801 2028 1823 2003 1805 1834 1798 1816 1816 1758 1776 1726 1805 1690 1790 1672 1808 1600 1794 1517 1801 1481 1776 1427 1801 1210 1783 1160 1798 1131 1772 1088 1790 1023 1787 1009 1772 987 1790 962 1776 904 1798 836 1776"/></Shape>
	    <String CONTENT="וכד חמן עלעולא יהון מקשו ואמרין דילן נצח דילו נצח איתעביד ליה כן [פ&#39;]"
                    HPOS="832.0"
                    VPOS="1668.0"
                    WIDTH="1874.0"
                    HEIGHT="158.0"></String>
          </TextLine>

          
          
          <TextLine ID="eSc_line_1653728"
                    
                    BASELINE="800 1839 915 1834 1200 1848 1668 1852 1949 1866 2432 1866 2692 1848" 
                    HPOS="796.0"
                    VPOS="1772.0"
                    WIDTH="1892.0"
                    HEIGHT="144.0">
            <Shape><Polygon POINTS="796 1837 814 1772 904 1794 958 1780 987 1798 1063 1783 1088 1798 1135 1772 1164 1801 1210 1787 1239 1805 1452 1794 1466 1808 1607 1801 1639 1816 1726 1816 1762 1780 1827 1819 1845 1805 2028 1823 2072 1798 2115 1826 2158 1805 2219 1805 2270 1826 2382 1826 2400 1808 2519 1819 2630 1805 2659 1783 2688 1844 2652 1880 2537 1916 2501 1902 2454 1913 2439 1898 2241 1916 2162 1895 2126 1916 2093 1902 2039 1913 2014 1888 1974 1916 1942 1898 1819 1913 1672 1884 1628 1902 1499 1898 1455 1873 1416 1891 1243 1880 1210 1902 1113 1873 1012 1891 994 1877 958 1898 926 1877 800 1873"/></Shape>
	    <String CONTENT="נפקון בשעת טיהרא אתון וקאמון על מבועא דמיא וכד חמן על מבוען דמיא"
                    HPOS="796.0"
                    VPOS="1772.0"
                    WIDTH="1892.0"
                    HEIGHT="144.0"></String>
          </TextLine>

          
          
          <TextLine ID="eSc_line_1653739"
                    
                    BASELINE="810 1942 1091 1934 1473 1953 1675 1949 2191 1967 2356 1967 2605 1949 2707 1955" 
                    HPOS="807.0"
                    VPOS="1880.0"
                    WIDTH="1899.0"
                    HEIGHT="145.0">
            <Shape><Polygon POINTS="807 1938 861 1880 951 1898 1218 1898 1257 1884 1297 1902 1574 1895 1628 1909 1675 1880 1704 1906 1942 1906 1978 1920 2021 1895 2046 1920 2090 1924 2137 1916 2158 1895 2238 1924 2356 1906 2374 1920 2461 1920 2483 1906 2540 1924 2641 1884 2706 1953 2558 2014 2504 1996 2475 2017 2443 1999 2378 2014 2328 1985 2295 2007 2230 2007 2198 2025 2147 1985 2108 2007 2057 1992 2014 2010 1982 1981 1953 2003 1881 1985 1845 2003 1827 1989 1769 1996 1708 1978 1664 1999 1571 1999 1549 1981 1466 1978 1409 1992 1264 1974 1221 1985 1178 1953 1142 1978 1063 1981 973 1974 944 1953 908 1978 828 1981 810 1960"/></Shape>
	    <String CONTENT="הונן מקשן ואמרין ליה דילן נצחיאמרו לא זדו זזו משם עד שראו בחרדת"
                    HPOS="807.0"
                    VPOS="1880.0"
                    WIDTH="1899.0"
                    HEIGHT="145.0"></String>
          </TextLine>

          
          
          <TextLine ID="eSc_line_1653729"
                    
                    BASELINE="810 2017 1023 2025 1167 2035 1517 2039 1874 2053 2364 2053 2707 2039" 
                    HPOS="807.0"
                    VPOS="1953.0"
                    WIDTH="1899.0"
                    HEIGHT="158.0">
            <Shape><Polygon POINTS="807 2014 825 1981 911 1978 940 1953 969 1981 1109 1989 1178 1956 1214 1992 1261 1996 1463 1999 1553 1981 1571 1999 1819 2010 1877 1985 1899 2007 1935 2010 1985 1985 2021 2014 2079 1992 2191 2028 2299 2010 2328 1985 2378 2021 2436 1999 2465 2017 2504 1996 2569 2010 2645 1992 2706 2035 2674 2039 2609 2082 2562 2075 2432 2111 2306 2089 2147 2104 2126 2082 2068 2111 1992 2086 1888 2100 1787 2075 1744 2093 1592 2089 1564 2071 1502 2086 1459 2061 1347 2082 1156 2061 1088 2079 1023 2057 933 2064 918 2050 850 2064 810 2104"/></Shape>
	    <String CONTENT="דם טיסא על אפי מיא והלא קל וחומר ומה אם המחות שלא נבראו לשום"
                    HPOS="807.0"
                    VPOS="1953.0"
                    WIDTH="1899.0"
                    HEIGHT="158.0"></String>
          </TextLine>

          
          
          <TextLine ID="eSc_line_1653730"
                    
                    BASELINE="803 2125 1023 2118 1142 2125 1300 2125 1560 2140 1949 2143 2115 2154 2465 2151 2695 2133" 
                    HPOS="800.0"
                    VPOS="2053.0"
                    WIDTH="1892.0"
                    HEIGHT="145.0">
            <Shape><Polygon POINTS="800 2122 879 2057 915 2053 962 2093 994 2075 1146 2068 1167 2086 1380 2086 1455 2064 1499 2093 1657 2100 1798 2075 1816 2093 1996 2089 2065 2111 2115 2097 2277 2111 2378 2097 2436 2111 2638 2079 2681 2082 2692 2129 2681 2151 2630 2165 2598 2158 2537 2180 2504 2165 2472 2180 2436 2172 2407 2198 2259 2183 2183 2198 2101 2172 2075 2180 2054 2162 2025 2190 1971 2194 1938 2169 1892 2190 1863 2172 1805 2172 1780 2190 1762 2172 1722 2183 1564 2169 1506 2183 1430 2162 1037 2162 973 2118 933 2158 882 2158 803 2122"/></Shape>
	    <String CONTENT="סיוע צריכים סיוע הבריות שנבראו לשום סיוע על אחת כמה וכמה ˙ ד&#39;א&#39;"
                    HPOS="800.0"
                    VPOS="2053.0"
                    WIDTH="1892.0"
                    HEIGHT="145.0"></String>
          </TextLine>

          
          
          <TextLine ID="eSc_line_1653731"
                    
                    BASELINE="821 2201 1192 2212 1391 2226 1628 2223 2043 2241 2537 2241 2699 2226" 
                    HPOS="818.0"
                    VPOS="2122.0"
                    WIDTH="1877.0"
                    HEIGHT="180.0">
            <Shape><Polygon POINTS="818 2198 846 2147 929 2162 976 2122 1030 2169 1167 2158 1228 2176 1282 2154 1409 2183 1863 2183 1892 2198 1942 2169 1971 2194 2032 2190 2061 2208 2115 2180 2169 2187 2187 2205 2374 2198 2511 2219 2569 2169 2674 2151 2695 2223 2641 2266 2576 2280 2429 2280 2407 2298 2367 2280 2288 2302 2198 2273 2111 2288 2079 2273 2046 2288 2028 2270 1762 2280 1747 2266 1628 2262 1607 2277 1492 2262 1437 2277 1333 2255 1106 2259 1088 2241 1059 2259 1034 2234 1009 2255 969 2255 947 2230 890 2244 821 2208"/></Shape>
	    <String CONTENT="ישלח עזרך מקדש ˙ א&#39;ר&#39; לוי כל ברכות טובות ונחמות שהק&#39;ב&#39;ה&#39; מביאן על ישר&#39;"
                    HPOS="818.0"
                    VPOS="2122.0"
                    WIDTH="1877.0"
                    HEIGHT="180.0"></String>
          </TextLine>

          
          
          <TextLine ID="eSc_line_1653732"
                    
                    BASELINE="843 2288 1430 2309 1740 2327 2119 2327 2349 2334 2681 2316" 
                    HPOS="839.0"
                    VPOS="2223.0"
                    WIDTH="1838.0"
                    HEIGHT="173.0">
            <Shape><Polygon POINTS="839 2284 843 2241 864 2223 890 2248 940 2234 962 2255 1012 2259 1037 2237 1059 2259 1109 2266 1657 2266 1755 2284 1863 2270 1996 2291 2295 2302 2648 2270 2677 2313 2666 2363 2609 2349 2508 2392 2465 2370 2429 2385 2396 2370 2346 2392 2234 2381 2212 2396 2028 2363 1992 2381 1935 2356 1841 2381 1816 2363 1628 2349 1607 2367 1578 2356 1535 2378 1506 2345 1484 2360 1463 2342 1416 2360 1369 2345 1337 2360 1311 2334 1257 2334 1221 2363 1102 2327 951 2352 918 2327 843 2324"/></Shape>
	    <String CONTENT="מציון תורה מציון ישועה מציון ברכה מציון שופר מציון עוז מציון טל"
                    HPOS="839.0"
                    VPOS="2223.0"
                    WIDTH="1838.0"
                    HEIGHT="173.0"></String>
          </TextLine>

          
          
          <TextLine ID="eSc_line_1653733"
                    
                    BASELINE="800 2378 1059 2396 1383 2399 1917 2428 2479 2428 2616 2421 2707 2404" 
                    HPOS="796.0"
                    VPOS="2334.0"
                    WIDTH="1910.0"
                    HEIGHT="155.0">
            <Shape><Polygon POINTS="796 2374 832 2334 864 2334 951 2352 1138 2345 1218 2363 1510 2360 1538 2381 1747 2360 1780 2381 1809 2367 1830 2385 1881 2385 1910 2363 2028 2389 2133 2378 2173 2399 2342 2396 2396 2374 2497 2392 2565 2363 2583 2378 2692 2363 2706 2403 2656 2450 2612 2464 2504 2461 2447 2479 2324 2468 2266 2486 2223 2471 2198 2489 2065 2461 1960 2479 1920 2453 1852 2482 1809 2457 1567 2461 1542 2435 1488 2461 1434 2439 1355 2453 1293 2432 1221 2435 1182 2457 1135 2432 1084 2446 1055 2417 973 2450 947 2425 872 2414 828 2457 800 2453"/></Shape>
	    <String CONTENT="וברכה וחיים ˙ מציון תורה ˙ כי מציון תצא תורה ˙ ישועה מציון ˙ מי יתן מציון"
                    HPOS="796.0"
                    VPOS="2334.0"
                    WIDTH="1910.0"
                    HEIGHT="155.0"></String>
          </TextLine>

          
          
          <TextLine ID="eSc_line_1653740"
                    
                    BASELINE="810 2486 922 2482 1160 2497 1405 2500 1571 2511 2090 2529 2400 2529 2706 2507" 
                    HPOS="807.0"
                    VPOS="2414.0"
                    WIDTH="1895.0"
                    HEIGHT="176.0">
            <Shape><Polygon POINTS="807 2482 814 2461 890 2414 973 2453 1019 2432 1171 2457 1214 2446 1236 2461 1286 2435 1311 2453 1416 2464 1646 2464 1762 2482 1801 2453 1830 2482 2057 2482 2079 2468 2144 2493 2281 2497 2310 2468 2331 2482 2353 2468 2374 2482 2425 2468 2465 2493 2663 2457 2692 2471 2702 2504 2634 2554 2576 2551 2515 2572 2497 2561 2468 2587 2439 2572 2320 2569 2241 2590 2216 2569 2176 2579 2140 2558 2079 2579 2018 2565 1982 2583 1960 2561 1913 2572 1902 2558 1855 2558 1830 2533 1780 2536 1751 2561 1697 2551 1625 2569 1574 2533 1531 2561 1499 2536 1387 2561 1358 2533 1290 2536 1246 2558 1218 2533 1174 2561 1138 2533 1095 2536 1077 2518 947 2540 918 2522 886 2525 857 2500 839 2507 814 2482"/></Shape>
	    <String CONTENT="ישועות ישרא ˙ ברכה מציון יברכך ייי מציון ˙ שופר מציון ˙ תקעו שופר [בצ&#39;]"
                    HPOS="807.0"
                    VPOS="2414.0"
                    WIDTH="1895.0"
                    HEIGHT="176.0"></String>
          </TextLine>

          
          
          <TextLine ID="eSc_line_1653741"
                    
                    BASELINE="814 2583 918 2583 1203 2601 1365 2601 1542 2612 1664 2612 1888 2626 2389 2630 2713 2605" 
                    HPOS="810.0"
                    VPOS="2522.0"
                    WIDTH="1900.0"
                    HEIGHT="173.0">
            <Shape><Polygon POINTS="810 2579 821 2543 872 2529 1012 2543 1055 2522 1084 2543 1174 2561 1293 2547 1326 2561 1347 2540 1376 2561 1437 2561 1506 2536 1535 2565 1592 2543 1621 2572 1661 2561 1747 2576 1791 2547 1827 2583 1863 2561 1967 2587 2079 2587 2155 2565 2219 2594 2677 2558 2710 2601 2656 2655 2565 2655 2529 2680 2483 2659 2439 2677 2385 2666 2367 2680 2288 2677 2263 2659 2227 2695 2176 2666 2010 2666 1982 2684 1949 2659 1859 2684 1798 2641 1722 2662 1643 2644 1585 2670 1560 2648 1520 2662 1441 2641 1268 2644 1239 2623 1218 2637 1066 2626 1027 2641 1009 2623 904 2619 839 2587 814 2601"/></Shape>
	    <String CONTENT="בציון ˙ ערז מציון מטה עזך ישלח ייי מציון ˙ טל וברכה וחיים מציון כטל"
                    HPOS="810.0"
                    VPOS="2522.0"
                    WIDTH="1900.0"
                    HEIGHT="173.0"></String>
          </TextLine>

          
          
          <TextLine ID="eSc_line_1653734"
                    
                    BASELINE="825 2666 1091 2680 1178 2691 1311 2698 1520 2702 2093 2731 2274 2731 2706 2706" 
                    HPOS="821.0"
                    VPOS="2623.0"
                    WIDTH="1881.0"
                    HEIGHT="165.0">
            <Shape><Polygon POINTS="821 2662 825 2634 846 2623 1009 2626 1027 2641 1142 2641 1171 2626 1189 2641 1236 2626 1264 2652 1319 2659 1340 2648 1582 2670 1625 2666 1654 2641 1690 2670 1737 2677 1801 2641 1848 2680 1884 2688 1917 2670 1971 2688 2021 2670 2227 2691 2259 2659 2292 2684 2533 2684 2674 2662 2702 2702 2656 2742 2555 2756 2508 2788 2472 2760 2295 2774 2108 2752 2007 2781 1985 2767 1935 2774 1902 2749 1866 2763 1798 2749 1776 2760 1751 2742 1719 2760 1661 2745 1636 2760 1596 2742 1477 2763 1452 2738 1358 2752 1337 2734 1279 2738 1261 2720 1160 2738 1142 2720 1084 2724 1048 2706 1009 2727 969 2709 825 2706"/></Shape>
	    <String CONTENT="חרמון שיורד על הררי ציון וגו&#39; ˙ ד&#39;א&#39; ישלח עזרך מקדש מקודש מעשים"
                    HPOS="821.0"
                    VPOS="2623.0"
                    WIDTH="1881.0"
                    HEIGHT="165.0"></String>
          </TextLine>

          
          
          <TextLine ID="eSc_line_1653719"
                    
                    BASELINE="792 2768 962 2774 1322 2799 1625 2803 1837 2817 2504 2814 2720 2803" 
                    HPOS="789.0"
                    VPOS="2709.0"
                    WIDTH="1928.0"
                    HEIGHT="184.0">
            <Shape><Polygon POINTS="789 2767 843 2709 868 2709 922 2716 940 2734 969 2716 998 2738 1052 2724 1073 2742 1232 2738 1268 2756 1459 2749 1636 2767 1675 2756 1715 2770 1747 2749 1809 2778 2025 2781 2083 2767 2115 2781 2421 2774 2508 2788 2594 2749 2645 2749 2717 2799 2692 2803 2645 2850 2612 2839 2544 2868 2504 2850 2313 2861 2263 2893 2227 2868 2173 2875 2122 2857 2086 2875 1956 2861 1917 2882 1884 2850 1870 2864 1819 2850 1711 2864 1668 2850 1646 2868 1571 2846 1434 2850 1391 2828 1293 2850 1200 2832 1185 2846 1160 2817 1091 2846 1052 2806 1023 2835 933 2814 890 2839 821 2821 792 2796"/></Shape>
	    <String CONTENT="טובים שיש בידך מציון יסערך מציון מעשים טובים שיש בידיך ˙ אמ&#39; הק&#39;ב&#39;ה&#39;"
                    HPOS="789.0"
                    VPOS="2709.0"
                    WIDTH="1928.0"
                    HEIGHT="184.0"></String>
          </TextLine>

          
          
          <TextLine ID="eSc_line_1653720"
                    
                    BASELINE="823 2883 1189 2889 1358 2900 1481 2900 1722 2918 1877 2915 2075 2925 2292 2925 2699 2904" 
                    HPOS="821.0"
                    VPOS="2817.0"
                    WIDTH="1874.0"
                    HEIGHT="170.0">
            <Shape><Polygon POINTS="821 2882 846 2835 908 2835 926 2817 976 2839 1059 2825 1084 2850 1124 2846 1156 2821 1185 2846 1355 2853 1412 2835 1441 2857 1488 2843 1517 2861 1798 2875 1837 2864 1852 2879 1920 2882 2068 2882 2119 2861 2140 2882 2216 2868 2263 2893 2313 2868 2439 2879 2472 2857 2490 2875 2533 2875 2684 2853 2695 2900 2634 2954 2580 2943 2385 2979 2364 2969 2338 2987 2281 2961 2194 2961 2133 2987 2108 2961 2046 2961 2021 2983 1989 2954 1910 2951 1837 2976 1787 2947 1672 2951 1639 2929 1564 2958 1531 2940 1437 2954 1373 2933 1333 2951 1160 2918 1106 2940 1030 2936 1016 2922 951 2929 911 2897 857 2911 828 2886"/></Shape>
	    <String CONTENT="כשם שאני קדוש אף אתם תהיו קדושים ˙ כשם שאני פרוש אף אתם"
                    HPOS="821.0"
                    VPOS="2817.0"
                    WIDTH="1874.0"
                    HEIGHT="170.0"></String>
          </TextLine>

          
          
          <TextLine ID="eSc_line_1653716"
                    
                    BASELINE="792 2981 908 2990 1167 2990 1437 3001 1683 3019 1992 3030 2227 3030 2317 3023 2573 3019 2710 3008" 
                    HPOS="789.0"
                    VPOS="2922.0"
                    WIDTH="1917.0"
                    HEIGHT="162.0">
            <Shape><Polygon POINTS="789 2979 832 2922 864 2940 897 2929 1023 2947 1099 2947 1153 2925 1174 2951 1210 2954 1236 2933 1383 2965 1596 2958 1765 2983 1928 2965 1956 2987 2104 2969 2126 2990 2169 2990 2223 2961 2256 2987 2320 2994 2663 2958 2706 3005 2652 3052 2565 3052 2454 3077 2374 3066 2342 3084 2317 3059 2219 3059 2191 3080 2122 3066 1971 3080 1928 3062 1870 3073 1837 3052 1812 3066 1733 3048 1600 3066 1571 3044 1499 3055 1427 3026 1394 3055 1344 3034 1160 3034 1138 3019 1102 3041 1041 3023 1016 3044 973 3030 918 3037 904 3023 792 3034"/></Shape>
	    <String CONTENT="תהיו פרושים ˙ הה&#39;ד&#39; והתקדישתם והייתם קדושים קדושים תהין כי קדוש אני"
                    HPOS="789.0"
                    VPOS="2922.0"
                    WIDTH="1917.0"
                    HEIGHT="162.0"></String>
          </TextLine>

          
          
          <TextLine ID="eSc_line_1653721"
                    
                    BASELINE="792 3080 1315 3102 2198 3124 2666 3113" 
                    HPOS="789.0"
                    VPOS="3037.0"
                    WIDTH="1874.0"
                    HEIGHT="144.0">
            <Shape><Polygon POINTS="789 3077 796 3059 933 3055 965 3037 1016 3055 1059 3041 1203 3041 1218 3059 1236 3044 1293 3059 1448 3048 1473 3073 1560 3062 1585 3077 1672 3077 1697 3052 1740 3070 1780 3055 1830 3080 1942 3084 2194 3088 2227 3062 2306 3091 2493 3091 2526 3070 2591 3070 2663 3109 2652 3156 2594 3152 2551 3174 2501 3152 2468 3181 2364 3181 2328 3156 2302 3167 2270 3152 2133 3178 1874 3170 1855 3152 1830 3167 1769 3149 1740 3163 1701 3152 1589 3167 1571 3149 1459 3163 1419 3156 1394 3127 1243 3152 1200 3124 994 3120 969 3142 940 3124 893 3145 846 3116 792 3116"/></Shape>
	    <String CONTENT="ר&#39; יוחנן בשם ר&#39; שמעון בן יוחי פרש&#39; זו חניבה ולמה חביבה מפני שרוב"
                    HPOS="789.0"
                    VPOS="3037.0"
                    WIDTH="1874.0"
                    HEIGHT="144.0"></String>
          </TextLine>

          
        </TextBlock>
        
        <TextBlock HPOS="270.0"
                   VPOS="1347.0"
                   WIDTH="497.0"
                   HEIGHT="227.0"
                   ID="eSc_textblock_11503"
                   TAGREFS="BT844">
          <Shape><Polygon POINTS="767 1347 767 1574 270 1574 270 1347"/></Shape>
          
          
          <TextLine ID="eSc_line_1653742"
                    
                    BASELINE="271 1440 464 1430 771 1437" 
                    HPOS="268.0"
                    VPOS="1390.0"
                    WIDTH="503.0"
                    HEIGHT="89.0">
            <Shape><Polygon POINTS="268 1400 461 1390 771 1397 770 1476 466 1469 273 1479"/></Shape>
	    <String CONTENT="וחוקריסייוע"
                    HPOS="268.0"
                    VPOS="1390.0"
                    WIDTH="503.0"
                    HEIGHT="89.0"></String>
          </TextLine>

          
        </TextBlock>
        

        
      </PrintSpace>
    </Page>
  </Layout>
</alto>
