<?xml version="1.0" encoding="UTF-8"?>
<alto xmlns:xsi="http://www.w3.org/2001/XMLSchema-instance"
      xmlns="http://www.loc.gov/standards/alto/ns-v4#"
      xsi:schemaLocation="http://www.loc.gov/standards/alto/ns-v4# http://www.loc.gov/standards/alto/v4/alto-4-2.xsd">
  <Description>
    <MeasurementUnit>pixel</MeasurementUnit>
    <sourceImageInformation>
      <fileName>bsb00084914_00358.jpg</fileName>
      
    </sourceImageInformation>
  </Description>
  
  <Tags>
    <OtherTag ID="BT1" LABEL="Title" DESCRIPTION="block type Title"/><OtherTag ID="BT2" LABEL="Main" DESCRIPTION="block type Main"/><OtherTag ID="BT3" LABEL="Commentary" DESCRIPTION="block type Commentary"/><OtherTag ID="BT4" LABEL="Illustration" DESCRIPTION="block type Illustration"/><OtherTag ID="BT844" LABEL="Margin" DESCRIPTION="block type Margin"/><OtherTag ID="BT845" LABEL="Paratext" DESCRIPTION="block type Paratext"/><OtherTag ID="BT978" LABEL="Hole" DESCRIPTION="block type Hole"/>
    <OtherTag ID="LT2" LABEL="Numbering" DESCRIPTION="line type Numbering"/><OtherTag ID="LT3" LABEL="Correction" DESCRIPTION="line type Correction"/>
  </Tags>
  
  <Layout>
    <Page WIDTH="3040"
          HEIGHT="4308"
          PHYSICAL_IMG_NR="357"
          ID="eSc_dummypage_">
      <PrintSpace HPOS="0"
                  VPOS="0"
                  WIDTH="3040"
                  HEIGHT="4308">
        
        <TextBlock HPOS="227.0"
                   VPOS="537.0"
                   WIDTH="1975.0"
                   HEIGHT="2718.0"
                   ID="eSc_textblock_10874"
                   TAGREFS="BT2">
          <Shape><Polygon POINTS="227 537 2202 582 2185 3255 233 3204"/></Shape>
          
          
          <TextLine ID="eSc_line_1653707"
                    
                    BASELINE="247 631 883 653 2163 653" 
                    HPOS="244.0"
                    VPOS="567.0"
                    WIDTH="1915.0"
                    HEIGHT="143.0">
            <Shape><Polygon POINTS="244 628 251 603 294 606 366 567 521 567 578 610 801 610 858 577 887 588 916 570 1074 570 1131 613 1196 595 1397 613 1484 574 1530 613 1609 606 1649 577 1717 603 1753 577 1785 577 1814 603 1890 617 1940 617 1990 581 2008 599 2037 581 2116 581 2148 606 2159 649 2148 682 2112 707 2048 682 2015 710 1976 685 1918 703 1893 682 1742 692 1724 710 1696 710 1667 682 1566 682 1534 703 1466 685 1419 707 1376 689 1336 707 1221 707 1200 692 1092 707 1016 685 927 703 729 703 707 685 643 703 517 678 495 700 467 700 420 671 247 671"/></Shape>
	    <String CONTENT="גלימסאות שלהן לזכור ולבהמה דא&#39;ר&#39; שמלאי בעון דבר זימה בעאן אנדחומו&#39;"
                    HPOS="244.0"
                    VPOS="567.0"
                    WIDTH="1915.0"
                    HEIGHT="143.0"></String>
          </TextLine>

          
          
          <TextLine ID="eSc_line_1653708"
                    
                    BASELINE="251 743 359 739 574 753 2195 746" 
                    HPOS="247.0"
                    VPOS="678.0"
                    WIDTH="1944.0"
                    HEIGHT="136.0">
            <Shape><Polygon POINTS="247 739 305 682 348 678 380 700 452 685 474 707 546 696 600 714 625 692 675 689 697 710 797 721 909 714 927 700 966 700 988 721 1006 707 1060 721 1185 721 1210 707 1415 714 1469 696 1502 710 1563 682 1627 707 1663 678 1699 714 1775 689 1897 714 2051 718 2076 700 2102 718 2134 703 2191 743 2123 804 2076 804 2041 779 2015 800 1861 789 1843 807 1821 793 1570 789 1541 814 1512 793 1369 811 1347 789 1024 811 970 782 909 814 848 796 661 804 628 782 585 800 506 782 459 807 398 768 348 779 283 739 262 761 251 750"/></Shape>
	    <String CONTENT="אדרומוסיא באה לעולם והורגת טובים ורעים ˙ ר&#39; עזריה בש&#39; ר&#39; סימון אמ&#39; עם"
                    HPOS="247.0"
                    VPOS="678.0"
                    WIDTH="1944.0"
                    HEIGHT="136.0"></String>
          </TextLine>

          
          
          <TextLine ID="eSc_line_1653700"
                    
                    BASELINE="258 829 510 854 1070 868 1864 865 2195 872" 
                    HPOS="255.0"
                    VPOS="768.0"
                    WIDTH="1936.0"
                    HEIGHT="165.0">
            <Shape><Polygon POINTS="255 825 316 771 359 793 388 768 463 811 517 789 542 814 582 814 625 782 682 818 779 822 855 800 876 818 1049 804 1103 825 1175 811 1207 786 1261 822 1333 793 1372 822 1469 800 1505 818 1742 818 1764 796 1782 814 1811 800 1857 818 1882 793 1936 793 1979 814 2048 775 2080 807 2123 811 2191 868 2170 890 1987 897 1944 919 1900 897 1843 915 1757 893 1732 908 1692 897 1667 919 1645 901 1617 915 1591 897 1545 919 1523 901 1509 915 1383 908 1358 926 1311 897 1293 915 1185 901 1081 926 1045 893 991 929 948 933 905 897 873 911 851 890 812 915 697 890 510 911 459 886 441 901 416 883 337 886 258 847"/></Shape>
	    <String CONTENT="הכל ˙ הק&#39;ב&#39;ה&#39; רוחומן הזנות ואית ליה תלתא קראיין ויראו בני הﭏהים את בנ&#39; הז"
                    HPOS="255.0"
                    VPOS="768.0"
                    WIDTH="1936.0"
                    HEIGHT="165.0"></String>
          </TextLine>

          
          
          <TextLine ID="eSc_line_1653701"
                    
                    BASELINE="240 933 952 969 1843 969 2177 958" 
                    HPOS="237.0"
                    VPOS="883.0"
                    WIDTH="1936.0"
                    HEIGHT="143.0">
            <Shape><Polygon POINTS="237 929 283 883 359 883 420 911 470 890 506 915 553 893 574 915 596 897 657 915 704 893 783 904 797 922 862 911 909 936 1009 919 1113 929 1171 908 1300 929 1322 908 1358 929 1383 911 1534 929 1642 904 1663 919 1692 893 1728 915 1767 897 1796 922 1897 901 1972 919 1994 897 2051 915 2098 897 2173 954 2163 998 2141 990 2116 1015 2076 994 2044 1012 2001 998 1951 1015 1829 1001 1739 1015 1703 983 1670 1008 1315 1005 1286 1023 1157 1005 1052 1026 948 1008 916 976 880 1008 794 1019 765 1005 693 1012 653 976 614 1008 553 1008 510 983 337 998 316 976 240 965"/></Shape>
	    <String CONTENT="האדם וגו&#39; ˙ וירא ייי כי רבה רעת האדם בארץ וכו&#39; ˙ ויאמר ייי אמחה את האדם"
                    HPOS="237.0"
                    VPOS="883.0"
                    WIDTH="1936.0"
                    HEIGHT="143.0"></String>
          </TextLine>

          
          
          <TextLine ID="eSc_line_1653702"
                    
                    BASELINE="276 1023 352 1041 492 1051 1045 1069 1372 1069 1545 1062 2177 1066" 
                    HPOS="273.0"
                    VPOS="983.0"
                    WIDTH="1900.0"
                    HEIGHT="144.0">
            <Shape><Polygon POINTS="273 1019 294 994 373 990 431 1012 582 998 668 1023 736 1008 1042 1026 1160 1012 1297 1023 1311 1008 1502 1019 1520 1005 1649 1023 1706 983 1739 1019 1954 1019 2005 998 2044 1015 2069 994 2130 1019 2173 1062 2112 1112 2059 1091 2030 1120 1976 1080 1915 1102 1843 1094 1825 1112 1767 1102 1728 1116 1670 1073 1627 1116 1588 1127 1541 1105 1512 1120 1498 1102 1430 1116 1390 1084 1354 1116 1322 1087 1257 1120 1167 1116 1124 1091 1092 1120 1049 1098 998 1105 973 1080 909 1127 887 1112 862 1120 840 1098 808 1112 783 1087 733 1105 704 1094 628 1109 578 1080 556 1102 513 1102 470 1073 434 1091 348 1077 276 1041"/></Shape>
	    <String CONTENT="וגו&#39; ˙ ר&#39; יהושע בן לוי בש&#39; ר&#39; פראיא אף בסדומיים כן טרם ישכבו ואנשי העיר"
                    HPOS="273.0"
                    VPOS="983.0"
                    WIDTH="1900.0"
                    HEIGHT="144.0"></String>
          </TextLine>

          
          
          <TextLine ID="eSc_line_1653703"
                    
                    BASELINE="244 1123 373 1130 689 1155 952 1152 1214 1163 1714 1159 2166 1163" 
                    HPOS="240.0"
                    VPOS="1077.0"
                    WIDTH="1923.0"
                    HEIGHT="143.0">
            <Shape><Polygon POINTS="240 1120 276 1080 370 1077 564 1112 718 1094 747 1120 909 1123 930 1123 970 1087 1038 1120 1099 1116 1131 1091 1157 1116 1221 1127 1257 1127 1322 1087 1358 1120 1394 1087 1448 1123 1599 1123 1634 1120 1674 1080 1724 1120 1929 1109 1972 1084 2012 1120 2059 1094 2094 1116 2138 1112 2163 1159 2134 1202 2109 1195 2076 1220 1972 1220 1951 1206 1829 1217 1796 1188 1746 1217 1660 1217 1638 1195 1559 1213 1415 1213 1387 1184 1333 1191 1297 1217 1264 1217 1246 1199 1225 1217 1160 1199 1142 1213 1103 1191 1078 1209 1049 1195 970 1209 952 1188 930 1206 866 1213 747 1206 722 1181 603 1191 585 1206 506 1181 352 1181 276 1159 244 1123"/></Shape>
	    <String CONTENT="וגו&#39; ˙ מלמד שהיה לוט עומד כל הלילה ומלמד עליהן סניגוריא כיון שבאו ואמרו"
                    HPOS="240.0"
                    VPOS="1077.0"
                    WIDTH="1923.0"
                    HEIGHT="143.0"></String>
          </TextLine>

          
          
          <TextLine ID="eSc_line_1653704"
                    
                    BASELINE="280 1217 909 1256 1225 1252 1961 1270 2181 1260" 
                    HPOS="276.0"
                    VPOS="1173.0"
                    WIDTH="1901.0"
                    HEIGHT="148.0">
            <Shape><Polygon POINTS="276 1213 323 1173 431 1191 492 1181 542 1202 686 1188 855 1217 1045 1202 1333 1220 1372 1202 1401 1224 1606 1202 1645 1224 1749 1220 1800 1188 1832 1220 1951 1202 1969 1220 2030 1213 2080 1227 2120 1199 2152 1227 2170 1224 2177 1256 2112 1317 2033 1285 1994 1321 1918 1303 1868 1317 1832 1295 1785 1303 1767 1285 1721 1306 1606 1313 1555 1285 1512 1303 1419 1295 1405 1310 1325 1310 1300 1285 1261 1306 1236 1288 1214 1310 1160 1288 991 1285 945 1313 901 1274 848 1310 822 1281 754 1299 664 1270 560 1281 485 1267 459 1281 319 1252 280 1217"/></Shape>
	    <String CONTENT="לו הוציאם אלינו ונדעה אותם בתשמיש המטה מיד ויבאו ויאמרו האנשים"
                    HPOS="276.0"
                    VPOS="1173.0"
                    WIDTH="1901.0"
                    HEIGHT="148.0"></String>
          </TextLine>

          
          
          <TextLine ID="eSc_line_1653705"
                    
                    BASELINE="265 1313 869 1353 1742 1353 2191 1367" 
                    HPOS="262.0"
                    VPOS="1263.0"
                    WIDTH="1926.0"
                    HEIGHT="155.0">
            <Shape><Polygon POINTS="262 1310 309 1263 330 1278 406 1263 539 1299 603 1295 625 1274 671 1306 704 1292 786 1313 844 1313 880 1278 941 1313 1095 1285 1153 1317 1257 1310 1282 1285 1322 1313 1444 1317 1545 1285 1577 1321 1609 1324 1645 1310 1706 1317 1746 1285 1800 1313 1821 1303 1857 1321 1994 1317 2019 1292 2037 1310 2073 1292 2188 1364 2156 1364 2098 1410 2059 1403 2044 1418 2012 1382 1940 1414 1861 1400 1728 1414 1703 1385 1678 1403 1642 1389 1613 1414 1563 1414 1520 1378 1498 1400 1415 1392 1383 1410 1315 1414 1246 1414 1214 1392 1185 1410 1095 1410 1067 1378 1002 1403 858 1371 833 1392 772 1385 736 1400 675 1367 643 1392 582 1400 535 1367 474 1389 431 1385 380 1349 330 1374 273 1313"/></Shape>
	    <String CONTENT="אל לוט עוד מי לך פה וגו&#39; מהו מי לך פה וגו&#39; ˙ אמרו לו עוד מי לך פה ער כאן []"
                    HPOS="262.0"
                    VPOS="1263.0"
                    WIDTH="1926.0"
                    HEIGHT="155.0"></String>
          </TextLine>

          
          
          <TextLine ID="eSc_line_1653709"
                    
                    BASELINE="294 1418 891 1453 1721 1453 1983 1461 2199 1450" 
                    HPOS="291.0"
                    VPOS="1349.0"
                    WIDTH="1904.0"
                    HEIGHT="176.0">
            <Shape><Polygon POINTS="291 1414 298 1371 344 1374 380 1349 427 1392 477 1392 521 1364 553 1371 582 1403 639 1403 675 1371 733 1403 797 1403 869 1378 898 1407 973 1389 1038 1414 1070 1392 1092 1414 1185 1414 1203 1396 1232 1414 1307 1414 1444 1410 1480 1389 1498 1410 1523 1403 1541 1418 1620 1414 1656 1392 1703 1421 1757 1407 1861 1407 1879 1421 1972 1410 2008 1382 2044 1421 2059 1407 2127 1418 2152 1443 2184 1414 2195 1446 2123 1511 2073 1525 2041 1500 1983 1522 1951 1500 1872 1497 1800 1518 1717 1486 1617 1514 1523 1500 1440 1518 1390 1518 1354 1486 1290 1514 1257 1511 1225 1479 1135 1511 995 1514 945 1486 919 1511 876 1514 833 1471 797 1479 768 1507 700 1511 664 1507 639 1482 610 1500 585 1479 506 1468 485 1489 431 1457 413 1471 355 1453 330 1479 294 1464"/></Shape>
	    <String CONTENT="היה לך פתחון פה ללמוד עליהן סניגוריא מכאן ואילך אין לך פה ללמד עליהן"
                    HPOS="291.0"
                    VPOS="1349.0"
                    WIDTH="1904.0"
                    HEIGHT="176.0"></String>
          </TextLine>

          
          
          <TextLine ID="eSc_line_1653710"
                    
                    BASELINE="265 1514 858 1558 1767 1558 2177 1568" 
                    HPOS="262.0"
                    VPOS="1457.0"
                    WIDTH="1911.0"
                    HEIGHT="176.0">
            <Shape><Polygon POINTS="262 1511 280 1457 312 1482 370 1471 402 1486 434 1461 467 1497 556 1486 592 1522 675 1500 797 1511 837 1475 873 1511 912 1518 1121 1518 1164 1497 1203 1497 1228 1518 1318 1518 1354 1489 1387 1522 1735 1504 1875 1522 1951 1500 1972 1522 2041 1507 2087 1525 2145 1507 2163 1518 2173 1565 2141 1604 2051 1633 1976 1583 1897 1611 1778 1601 1757 1622 1688 1590 1642 1615 1620 1593 1602 1611 1563 1601 1458 1622 1440 1604 1340 1615 1304 1586 1268 1615 1167 1593 1110 1597 1092 1615 984 1597 901 1615 873 1601 855 1619 768 1615 736 1590 711 1604 668 1590 639 1611 585 1583 571 1597 513 1576 477 1590 398 1547 265 1568"/></Shape>
	    <String CONTENT="סניגוריא ˙ חתן בניך ובנותיך וכו&#39; ˙ כי מת משחיתים אנחנו וגו ˙ תאני ר&#39; ישמ"
                    HPOS="262.0"
                    VPOS="1457.0"
                    WIDTH="1911.0"
                    HEIGHT="176.0"></String>
          </TextLine>

          
          
          <TextLine ID="eSc_line_1653711"
                    
                    BASELINE="280 1604 463 1633 815 1658 1685 1654 1965 1669 2163 1662" 
                    HPOS="276.0"
                    VPOS="1554.0"
                    WIDTH="1883.0"
                    HEIGHT="169.0">
            <Shape><Polygon POINTS="276 1601 280 1576 402 1554 467 1590 510 1579 632 1611 668 1593 848 1622 980 1604 1081 1619 1139 1601 1178 1615 1275 1611 1293 1593 1351 1619 1437 1608 1458 1626 1523 1604 1617 1601 1638 1622 1670 1593 1710 1622 1749 1622 1782 1601 1803 1615 1825 1597 1897 1622 1972 1586 2026 1629 2105 1615 2159 1658 2148 1712 2026 1701 2001 1723 1868 1716 1829 1694 1699 1716 1670 1687 1649 1705 1613 1690 1577 1716 1559 1698 1516 1694 1476 1719 1444 1705 1351 1719 1290 1683 1207 1716 1164 1690 1113 1712 1085 1683 1042 1708 984 1694 934 1705 916 1690 883 1712 851 1680 808 1705 740 1701 689 1665 664 1683 618 1680 556 1701 452 1665 395 1687 309 1640 280 1658"/></Shape>
	    <String CONTENT="מה ת&#39;ל&#39; אני ייי אני ייי שתי פעמים אני הוא שפרעתי מזמרי ומשמשון ומד"
                    HPOS="276.0"
                    VPOS="1554.0"
                    WIDTH="1883.0"
                    HEIGHT="169.0"></String>
          </TextLine>

          
          
          <TextLine ID="eSc_line_1653712"
                    
                    BASELINE="262 1733 409 1730 934 1759 1347 1755 1494 1762 1746 1762 1987 1773 2184 1773" 
                    HPOS="258.0"
                    VPOS="1662.0"
                    WIDTH="1923.0"
                    HEIGHT="172.0">
            <Shape><Polygon POINTS="258 1730 294 1669 330 1662 402 1690 574 1705 639 1680 661 1705 682 1683 740 1708 783 1698 815 1716 851 1683 887 1712 919 1687 970 1723 1045 1716 1085 1683 1135 1726 1243 1719 1279 1683 1318 1716 1351 1719 1599 1712 1638 1726 1670 1701 1735 1726 1753 1708 1793 1723 1836 1705 1872 1733 1969 1716 2033 1730 2066 1712 2173 1744 2181 1769 2170 1809 2152 1798 2105 1830 2041 1795 2012 1816 1958 1791 1890 1834 1868 1816 1692 1816 1667 1791 1627 1816 1451 1816 1419 1795 1318 1809 1275 1780 1207 1820 1103 1812 1063 1777 988 1816 955 1816 916 1784 898 1802 830 1787 794 1798 761 1762 722 1751 668 1787 535 1780 510 1805 470 1773 362 1773 334 1791 319 1777 291 1791 262 1762"/></Shape>
	    <String CONTENT="ומאמנון ˙ ואני הוא שנתתי שכר ליוסף וליעל ולפלטי ˙ אמ&#39; רבן שמעון בן"
                    HPOS="258.0"
                    VPOS="1662.0"
                    WIDTH="1923.0"
                    HEIGHT="172.0"></String>
          </TextLine>

          
          
          <TextLine ID="eSc_line_1653713"
                    
                    BASELINE="395 1827 822 1859 1322 1856 2159 1881" 
                    HPOS="391.0"
                    VPOS="1773.0"
                    WIDTH="1765.0"
                    HEIGHT="165.0">
            <Shape><Polygon POINTS="391 1823 398 1784 420 1773 503 1802 539 1777 574 1809 628 1795 729 1816 779 1816 826 1787 858 1816 898 1805 912 1820 1027 1809 1067 1784 1095 1812 1193 1823 1221 1823 1272 1784 1318 1816 1354 1805 1369 1820 1433 1823 1491 1802 1545 1820 1627 1816 1663 1787 1696 1820 1886 1834 1940 1830 1969 1802 1987 1820 2041 1802 2069 1830 2127 1827 2156 1877 2145 1924 2102 1938 2037 1935 1990 1902 1922 1927 1890 1902 1836 1924 1771 1924 1746 1899 1685 1917 1638 1891 1581 1917 1455 1899 1415 1924 1387 1899 1351 1917 1225 1899 1135 1902 1103 1924 1078 1899 1052 1917 984 1917 945 1888 909 1913 866 1895 754 1895 733 1913 679 1866 607 1902 567 1881 546 1888 510 1859 477 1884 431 1863 395 1870"/></Shape>
	    <String CONTENT="גמליﭏ יוסף משלו נתנו לו פה שלא נשק לעבירה על פיך ישק כל עמי"
                    HPOS="391.0"
                    VPOS="1773.0"
                    WIDTH="1765.0"
                    HEIGHT="165.0"></String>
          </TextLine>

          
          
          <TextLine ID="eSc_line_1653714"
                    
                    BASELINE="262 1920 337 1920 772 1956 869 1960 1203 1960 1480 1974 1803 1970 2037 1988 2173 1981" 
                    HPOS="258.0"
                    VPOS="1838.0"
                    WIDTH="1912.0"
                    HEIGHT="201.0">
            <Shape><Polygon POINTS="258 1917 265 1884 312 1838 352 1866 370 1859 434 1888 524 1902 574 1877 603 1906 664 1902 715 1920 779 1906 815 1920 851 1899 909 1917 952 1888 988 1924 1268 1906 1286 1920 1455 1927 1480 1902 1498 1920 1566 1924 1638 1895 1670 1924 1706 1917 1721 1931 1803 1920 1821 1935 1890 1906 1922 1931 1965 1917 1990 1942 2130 1938 2170 1978 2159 2024 2127 2013 2094 2035 2015 2031 1969 2006 1915 2028 1785 2006 1764 2024 1703 2021 1649 2039 1599 1996 1555 2028 1534 2010 1469 2013 1444 1999 1401 2013 1383 1996 1325 2010 1261 2003 1246 2017 1182 2010 1146 1988 1085 2013 995 2003 966 2017 916 1999 894 2013 855 1996 768 1999 740 1970 689 2003 671 1981 646 1999 628 1985 603 1992 578 1967 539 1988 517 1974 499 1988 456 1988 434 1970 355 1974 312 1960 265 1917"/></Shape>
	    <String CONTENT="צואר שלא הרכין לעבירה ˙ וישם רביד הזהב על צוארו ˙ יד שלא נגעה [בע&#39;]"
                    HPOS="258.0"
                    VPOS="1838.0"
                    WIDTH="1912.0"
                    HEIGHT="201.0"></String>
          </TextLine>

          
          
          <TextLine ID="eSc_line_1653715"
                    
                    BASELINE="244 1996 280 2013 352 2024 891 2060 1142 2057 1523 2075 1829 2071 2181 2082" 
                    HPOS="240.0"
                    VPOS="1960.0"
                    WIDTH="1937.0"
                    HEIGHT="183.0">
            <Shape><Polygon POINTS="240 1992 326 1960 459 1996 521 1978 582 2006 625 1988 668 2010 718 1970 765 1999 797 1992 848 2017 912 2006 1099 2021 1146 1988 1185 2017 1264 2010 1290 2024 1307 2006 1329 2017 1383 2003 1433 2024 1466 2013 1516 2028 1530 2013 1548 2031 1595 1996 1652 2039 1782 2013 1882 2039 1951 2013 1976 2035 2109 2028 2177 2078 2170 2110 2116 2132 2019 2107 1987 2125 1940 2103 1825 2143 1785 2107 1717 2128 1595 2121 1505 2092 1390 2132 1325 2107 1297 2128 1268 2107 1225 2118 1203 2100 1121 2114 1092 2100 1045 2128 1009 2107 887 2114 855 2089 822 2107 740 2085 689 2107 653 2085 449 2085 416 2064 402 2075 380 2057 294 2042 244 2010"/></Shape>
	    <String CONTENT="בעביירה ויתן אותה על יד יוסף ˙ גוף שלא נגע בעבירה וילבש אותו בגדי שש"
                    HPOS="240.0"
                    VPOS="1960.0"
                    WIDTH="1937.0"
                    HEIGHT="183.0"></String>
          </TextLine>

          
          
          <TextLine ID="eSc_line_1653706"
                    
                    BASELINE="251 2107 488 2136 959 2171 1433 2171 1821 2182 1915 2189 2127 2182" 
                    HPOS="247.0"
                    VPOS="2046.0"
                    WIDTH="1876.0"
                    HEIGHT="204.0">
            <Shape><Polygon POINTS="247 2103 255 2071 298 2046 337 2046 366 2078 474 2092 531 2100 549 2085 571 2103 625 2092 639 2110 725 2114 786 2096 830 2121 883 2125 905 2107 955 2128 1175 2121 1210 2136 1261 2110 1286 2132 1333 2125 1376 2139 1451 2118 1469 2136 1494 2121 1566 2139 1584 2121 1638 2132 1652 2118 1692 2136 1749 2125 1771 2139 1861 2139 1940 2103 1972 2136 2015 2107 2062 2146 2116 2132 2123 2179 2112 2225 2066 2250 2005 2215 1972 2240 1911 2215 1875 2232 1829 2215 1778 2240 1735 2218 1652 2215 1555 2232 1466 2200 1397 2229 1325 2207 1279 2236 1207 2197 1095 2229 1070 2207 1013 2207 984 2225 952 2204 927 2222 894 2200 812 2215 768 2189 743 2204 722 2182 650 2207 618 2186 474 2189 341 2139 280 2146 251 2118"/></Shape>
	    <String CONTENT="רגל שלא הפסיעה בעבירה תתיאן וירכבן הרין קא רוכא ˙ וירכב אותו במרכב&#39;"
                    HPOS="247.0"
                    VPOS="2046.0"
                    WIDTH="1876.0"
                    HEIGHT="204.0"></String>
          </TextLine>

          
          
          <TextLine ID="eSc_line_1653692"
                    
                    BASELINE="265 2211 786 2258 1045 2261 1286 2276 1767 2276 2026 2290 2181 2279" 
                    HPOS="262.0"
                    VPOS="2139.0"
                    WIDTH="1915.0"
                    HEIGHT="201.0">
            <Shape><Polygon POINTS="262 2207 294 2161 348 2139 384 2179 445 2168 470 2193 546 2186 632 2211 725 2215 768 2189 801 2218 919 2222 948 2204 970 2229 1110 2225 1128 2211 1153 2225 1207 2193 1254 2236 1325 2218 1394 2236 1469 2200 1498 2236 1678 2225 1764 2232 1796 2250 1854 2215 1875 2236 1904 2222 1926 2243 1997 2247 2012 2232 2062 2254 2120 2232 2177 2276 2138 2319 2023 2340 1983 2319 1936 2333 1922 2315 1861 2337 1807 2290 1771 2315 1714 2304 1696 2319 1663 2301 1624 2319 1552 2294 1523 2319 1433 2319 1408 2290 1372 2322 1351 2304 1272 2319 1214 2304 1182 2322 1081 2294 804 2308 722 2279 700 2294 474 2283 438 2261 395 2268 377 2250 294 2258 265 2229"/></Shape>
	    <String CONTENT="המשנה כו&#39; ˙ מחשבה שלא חשבה לעבירה תבא ותקרא חכמה ויקראו [פ]"
                    HPOS="262.0"
                    VPOS="2139.0"
                    WIDTH="1915.0"
                    HEIGHT="201.0"></String>
          </TextLine>

          
          
          <TextLine ID="eSc_line_1653693"
                    
                    BASELINE="265 2304 449 2319 610 2340 995 2358 1113 2358 1394 2376 1602 2372 1803 2376 2001 2387 2177 2387" 
                    HPOS="262.0"
                    VPOS="2258.0"
                    WIDTH="1911.0"
                    HEIGHT="183.0">
            <Shape><Polygon POINTS="262 2301 305 2258 592 2297 661 2297 679 2283 725 2301 772 2290 801 2311 1085 2297 1124 2322 1218 2311 1232 2326 1282 2315 1297 2329 1372 2329 1412 2294 1448 2329 1537 2333 1591 2308 1631 2326 1670 2301 1717 2337 1811 2297 1864 2340 1965 2340 1997 2326 2044 2347 2123 2315 2173 2383 2120 2437 2076 2441 1976 2419 1890 2419 1868 2437 1832 2394 1782 2423 1642 2416 1617 2390 1577 2423 1548 2405 1451 2416 1440 2398 1394 2416 1214 2398 1139 2419 1113 2387 1063 2405 1042 2390 916 2390 894 2408 833 2372 812 2390 768 2376 668 2394 636 2372 596 2387 524 2369 485 2383 434 2340 413 2362 391 2344 330 2362 265 2304"/></Shape>
	    <String CONTENT="לפניו אברך לב שלא הירהר לעבירה ייקרא אמנה ויקרא פרעה שם יוסף"
                    HPOS="262.0"
                    VPOS="2258.0"
                    WIDTH="1911.0"
                    HEIGHT="183.0"></String>
          </TextLine>

          
          
          <TextLine ID="eSc_line_1653696"
                    
                    BASELINE="269 2398 600 2434 916 2455 1218 2459 1444 2473 1724 2477 1969 2487 2159 2487" 
                    HPOS="265.0"
                    VPOS="2315.0"
                    WIDTH="1891.0"
                    HEIGHT="233.0">
            <Shape><Polygon POINTS="265 2394 287 2315 330 2362 388 2347 467 2383 513 2372 585 2394 704 2390 722 2405 779 2376 826 2380 844 2401 891 2412 1031 2405 1254 2423 1268 2408 1290 2426 1415 2416 1502 2434 1541 2412 1577 2426 1617 2394 1724 2459 1782 2419 1839 2444 1918 2426 1958 2444 2148 2441 2156 2484 2098 2530 2044 2530 2019 2548 1990 2523 1933 2548 1911 2530 1875 2541 1850 2520 1825 2527 1789 2484 1760 2498 1721 2484 1660 2520 1620 2505 1588 2520 1512 2505 1466 2520 1408 2502 1315 2534 1264 2502 1092 2505 1078 2491 1009 2498 991 2480 909 2516 866 2484 808 2505 786 2487 747 2491 722 2466 668 2487 596 2480 585 2466 524 2480 492 2455 459 2469 427 2434 388 2455 269 2419"/></Shape>
	    <String CONTENT="צפנת פענח ˙ שלשה ברחו מן העבירה ושיתף הק&#39;ב&#39;ה&#39; שמו ושמן ˙ ואילו"
                    HPOS="265.0"
                    VPOS="2315.0"
                    WIDTH="1891.0"
                    HEIGHT="233.0"></String>
          </TextLine>

          
          
          <TextLine ID="eSc_line_1653697"
                    
                    BASELINE="251 2502 312 2502 743 2545 963 2548 1103 2559 1405 2566 1559 2577 1638 2574 1922 2591 2091 2588 2181 2609" 
                    HPOS="247.0"
                    VPOS="2434.0"
                    WIDTH="1930.0"
                    HEIGHT="229.0">
            <Shape><Polygon POINTS="247 2498 316 2448 380 2459 420 2434 485 2487 567 2477 589 2491 618 2473 657 2502 686 2477 722 2473 740 2495 826 2509 866 2487 891 2516 930 2502 1013 2513 1124 2498 1142 2513 1257 2505 1290 2530 1336 2534 1473 2534 1491 2520 1520 2534 1541 2516 1552 2530 1563 2520 1624 2534 1692 2502 1721 2534 1760 2541 1778 2527 1796 2548 1839 2523 1868 2545 1904 2538 1918 2556 1987 2530 2012 2548 2123 2548 2170 2574 2177 2606 2163 2631 2127 2631 2091 2663 2048 2617 2012 2645 1994 2635 1947 2656 1915 2631 1890 2645 1872 2624 1807 2642 1778 2613 1721 2638 1678 2617 1642 2631 1595 2595 1448 2627 1394 2599 1275 2595 1218 2613 1167 2591 1095 2606 1063 2577 1013 2584 984 2613 927 2606 901 2577 862 2602 826 2577 761 2577 715 2602 653 2556 628 2577 560 2574 539 2591 499 2548 420 2570 373 2541 312 2552 255 2498"/></Shape>
	    <String CONTENT="הן יוסף ויעל ופלטי ˙ יוסף דכת עדות ביהוסף שמו וגו&#39; ˙ מעיד על יוסף"
                    HPOS="247.0"
                    VPOS="2434.0"
                    WIDTH="1930.0"
                    HEIGHT="229.0"></String>
          </TextLine>

          
          
          <TextLine ID="eSc_line_1653695"
                    
                    BASELINE="244 2588 539 2642 736 2656 1121 2660 2163 2710" 
                    HPOS="240.0"
                    VPOS="2552.0"
                    WIDTH="1919.0"
                    HEIGHT="208.0">
            <Shape><Polygon POINTS="240 2584 316 2552 344 2574 391 2570 549 2609 614 2609 646 2591 689 2613 754 2617 815 2577 862 2613 880 2602 898 2617 919 2599 977 2624 1067 2581 1092 2613 1121 2602 1153 2624 1175 2609 1203 2627 1246 2627 1272 2602 1336 2627 1387 2595 1469 2635 1548 2638 1581 2613 1638 2642 1667 2631 1717 2645 1749 2627 1771 2649 1839 2649 1868 2627 1893 2653 1987 2663 2048 2624 2087 2663 2141 2674 2159 2706 2102 2760 2066 2739 1933 2753 1818 2721 1789 2739 1749 2717 1703 2735 1617 2714 1548 2728 1484 2692 1426 2724 1336 2692 1218 2717 1117 2688 1081 2706 1049 2688 1016 2706 977 2696 952 2714 927 2692 880 2706 804 2688 751 2714 715 2692 689 2703 607 2681 531 2692 427 2649 388 2663 294 2620 269 2591 244 2595"/></Shape>
	    <String CONTENT="שלא נגע באשת פוטיפר ˙ יעל דכת&#39; ויסר אליה האהלה ותכסהו בסמיכה"
                    HPOS="240.0"
                    VPOS="2552.0"
                    WIDTH="1919.0"
                    HEIGHT="208.0"></String>
          </TextLine>

          
          
          <TextLine ID="eSc_line_1653698"
                    
                    BASELINE="319 2710 510 2739 715 2753 1315 2771 1732 2789 1850 2800 2163 2807" 
                    HPOS="316.0"
                    VPOS="2645.0"
                    WIDTH="1843.0"
                    HEIGHT="205.0">
            <Shape><Polygon POINTS="316 2706 344 2667 370 2681 427 2645 467 2692 488 2674 539 2699 582 2688 618 2706 671 2696 765 2714 819 2696 848 2717 873 2703 937 2721 998 2717 1034 2696 1070 2724 1193 2710 1228 2728 1304 2703 1340 2717 1369 2699 1394 2728 1426 2731 1494 2706 1512 2728 1599 2742 1638 2731 1749 2749 1814 2735 1832 2757 1890 2742 1929 2760 1961 2742 1983 2757 2055 2742 2138 2767 2159 2803 2098 2850 2059 2836 1778 2843 1728 2810 1674 2846 1627 2810 1573 2832 1545 2814 1494 2839 1469 2810 1419 2818 1376 2789 1311 2836 1282 2807 1218 2803 1196 2782 1146 2810 1121 2789 1070 2789 984 2821 948 2796 837 2803 815 2785 783 2796 758 2775 718 2796 697 2778 646 2810 610 2785 499 2767 463 2785 409 2753 384 2771 319 2731"/></Shape>
	    <String CONTENT="מהו סמיכה ˙ רבנן דתמן אמרי&#39; בסודרא ˙ רבנן דהכא אמרין במשיכלא ˙"
                    HPOS="316.0"
                    VPOS="2645.0"
                    WIDTH="1843.0"
                    HEIGHT="205.0"></String>
          </TextLine>

          
          
          <TextLine ID="eSc_line_1653699"
                    
                    BASELINE="283 2810 643 2843 1121 2864 1272 2864 2008 2900 2156 2900" 
                    HPOS="280.0"
                    VPOS="2742.0"
                    WIDTH="1872.0"
                    HEIGHT="216.0">
            <Shape><Polygon POINTS="280 2807 323 2742 420 2785 578 2782 657 2807 725 2800 761 2778 794 2807 819 2796 848 2818 934 2796 980 2821 1034 2818 1074 2785 1157 2810 1203 2789 1246 2821 1282 2810 1315 2836 1372 2789 1405 2821 1595 2839 1642 2825 1660 2846 1717 2810 1757 2843 1854 2843 1872 2857 1936 2839 1965 2861 1990 2843 2015 2861 2051 2839 2105 2854 2141 2836 2152 2897 2127 2933 2084 2947 1929 2933 1864 2936 1829 2958 1760 2907 1681 2950 1652 2918 1617 2922 1602 2904 1566 2918 1502 2907 1451 2940 1419 2907 1379 2925 1354 2900 1325 2922 1293 2886 1239 2907 1210 2889 1124 2900 1099 2882 1027 2904 1006 2879 973 2900 941 2882 916 2897 883 2882 837 2904 812 2889 776 2897 747 2864 693 2886 653 2868 567 2882 503 2861 402 2864 283 2810"/></Shape>
	    <String CONTENT="א&#39;ר&#39; שמעון בן לקיש חזרנו על כל הכלים ולא מצינו כלי ששמו סמיכה"
                    HPOS="280.0"
                    VPOS="2742.0"
                    WIDTH="1872.0"
                    HEIGHT="216.0"></String>
          </TextLine>

          
          
          <TextLine ID="eSc_line_1653694"
                    
                    BASELINE="233 2893 373 2922 671 2947 991 2954 1721 2990 2008 2994 2181 2983" 
                    HPOS="229.0"
                    VPOS="2825.0"
                    WIDTH="1948.0"
                    HEIGHT="230.0">
            <Shape><Polygon POINTS="229 2889 312 2825 334 2825 398 2868 424 2861 467 2879 506 2861 524 2882 589 2889 653 2872 671 2889 718 2879 765 2904 848 2904 883 2886 945 2918 1002 2882 1049 2911 1110 2882 1142 2915 1200 2886 1250 2925 1286 2911 1329 2929 1361 2911 1444 2940 1487 2922 1541 2936 1599 2900 1620 2925 1645 2922 1685 2950 1757 2904 1821 2954 1893 2940 2112 2940 2177 2979 2120 3029 2076 3040 2015 3029 1972 3044 1936 3022 1843 3037 1803 3019 1760 3037 1742 3026 1706 3055 1588 3004 1555 3026 1480 3019 1458 2997 1408 3022 1315 3012 1290 2990 1221 3012 1189 2983 1113 3001 1099 2986 1049 2997 1002 2979 851 3001 826 2986 779 2994 743 2972 636 2983 610 2961 564 2990 488 2983 434 2954 395 2976 377 2954 334 2961 258 2897 233 2893"/></Shape>
	    <String CONTENT="מהו סמיכה שין כת&#39; שמי מעיד על יעל שלא נגע בה סיסרא ˙ עלטי [מנלן]"
                    HPOS="229.0"
                    VPOS="2825.0"
                    WIDTH="1948.0"
                    HEIGHT="230.0"></String>
          </TextLine>

          
          
          <TextLine ID="eSc_line_1653689"
                    
                    BASELINE="222 3004 621 3040 927 3051 1261 3073 1793 3094 2177 3094" 
                    HPOS="219.0"
                    VPOS="2940.0"
                    WIDTH="1954.0"
                    HEIGHT="212.0">
            <Shape><Polygon POINTS="219 3001 301 2940 330 2965 362 2958 384 2983 438 2961 470 2986 517 2994 571 2994 614 2965 675 3001 740 2972 768 3001 826 2986 840 3004 883 3008 945 2983 970 3012 984 3001 1009 3015 1067 3012 1092 2990 1139 3008 1185 2983 1225 3022 1282 3001 1315 3029 1379 3022 1397 3037 1458 3012 1520 3037 1537 3022 1555 3033 1588 3008 1638 3047 1681 3040 1699 3055 1739 3033 1757 3047 1821 3037 1879 3051 1929 3026 2012 3047 2166 3026 2173 3090 2102 3130 1933 3126 1832 3152 1803 3123 1778 3141 1685 3141 1663 3123 1602 3130 1573 3116 1466 3130 1437 3105 1419 3119 1343 3105 1275 3116 1228 3112 1207 3090 1175 3112 1124 3094 1067 3105 1038 3083 945 3112 876 3076 851 3090 837 3076 668 3080 628 3098 589 3065 556 3083 521 3065 391 3069 362 3040 273 3040 222 3004"/></Shape>
	    <String CONTENT="ושאול נתן את מיכל בתו אשת דוד לפלטי בן ליש אש&#39; מגלים ˙ וכת&#39; וישלח"
                    HPOS="219.0"
                    VPOS="2940.0"
                    WIDTH="1954.0"
                    HEIGHT="212.0"></String>
          </TextLine>

          
          
          <TextLine ID="eSc_line_1653690"
                    
                    BASELINE="269 3123 553 3130 1196 3166 1958 3184 2102 3184 2152 3169" 
                    HPOS="265.0"
                    VPOS="3065.0"
                    WIDTH="1883.0"
                    HEIGHT="187.0">
            <Shape><Polygon POINTS="265 3119 273 3083 309 3065 388 3065 675 3101 697 3080 711 3094 754 3080 837 3098 894 3083 945 3119 998 3087 1045 3112 1124 3094 1160 3126 1214 3130 1250 3112 1318 3134 1408 3123 1437 3137 1516 3116 1566 3141 1588 3126 1631 3144 1746 3137 1836 3152 1933 3137 1976 3155 2008 3134 2030 3144 2062 3126 2123 3126 2148 3166 2138 3252 2055 3252 1976 3223 1922 3245 1836 3231 1767 3241 1717 3213 1670 3238 1555 3213 1437 3231 1415 3209 1329 3216 1228 3191 1175 3220 1016 3216 937 3180 909 3202 876 3177 826 3187 697 3166 643 3198 592 3162 528 3184 485 3159 269 3152"/></Shape>
	    <String CONTENT="איש בשת ויקחה מעם איש מעם פלטיל בין ליש מאן דנסיב לה פלטי"
                    HPOS="265.0"
                    VPOS="3065.0"
                    WIDTH="1883.0"
                    HEIGHT="187.0"></String>
          </TextLine>

          
        </TextBlock>
        
        <TextBlock HPOS="2375.0"
                   VPOS="2879.0"
                   WIDTH="258.0"
                   HEIGHT="179.0"
                   ID="eSc_textblock_11502"
                   TAGREFS="BT844">
          <Shape><Polygon POINTS="2633 2879 2633 3058 2375 3058 2375 2879"/></Shape>
          
          
          <TextLine ID="eSc_line_1653691"
                    
                    BASELINE="2378 2997 2515 2990 2648 2997" 
                    HPOS="2375.0"
                    VPOS="2950.0"
                    WIDTH="275.0"
                    HEIGHT="86.0">
            <Shape><Polygon POINTS="2375 2957 2512 2950 2650 2957 2645 3036 2517 3029 2380 3036"/></Shape>
	    <String CONTENT="שמי כאן"
                    HPOS="2375.0"
                    VPOS="2950.0"
                    WIDTH="275.0"
                    HEIGHT="86.0"></String>
          </TextLine>

          
        </TextBlock>
        

        
      </PrintSpace>
    </Page>
  </Layout>
</alto>
