<?xml version="1.0" encoding="UTF-8"?>
<alto xmlns:xsi="http://www.w3.org/2001/XMLSchema-instance"
      xmlns="http://www.loc.gov/standards/alto/ns-v4#"
      xsi:schemaLocation="http://www.loc.gov/standards/alto/ns-v4# http://www.loc.gov/standards/alto/v4/alto-4-2.xsd">
  <Description>
    <MeasurementUnit>pixel</MeasurementUnit>
    <sourceImageInformation>
      <fileName>bsb00084914_00326.jpg</fileName>
      
    </sourceImageInformation>
  </Description>
  
  <Tags>
    <OtherTag ID="BT1" LABEL="Title" DESCRIPTION="block type Title"/><OtherTag ID="BT2" LABEL="Main" DESCRIPTION="block type Main"/><OtherTag ID="BT3" LABEL="Commentary" DESCRIPTION="block type Commentary"/><OtherTag ID="BT4" LABEL="Illustration" DESCRIPTION="block type Illustration"/><OtherTag ID="BT844" LABEL="Margin" DESCRIPTION="block type Margin"/><OtherTag ID="BT845" LABEL="Paratext" DESCRIPTION="block type Paratext"/><OtherTag ID="BT978" LABEL="Hole" DESCRIPTION="block type Hole"/>
    <OtherTag ID="LT2" LABEL="Numbering" DESCRIPTION="line type Numbering"/><OtherTag ID="LT3" LABEL="Correction" DESCRIPTION="line type Correction"/>
  </Tags>
  
  <Layout>
    <Page WIDTH="3040"
          HEIGHT="4305"
          PHYSICAL_IMG_NR="325"
          ID="eSc_dummypage_">
      <PrintSpace HPOS="0"
                  VPOS="0"
                  WIDTH="3040"
                  HEIGHT="4305">
        
        <TextBlock HPOS="233.0"
                   VPOS="571.0"
                   WIDTH="1941.0"
                   HEIGHT="2667.0"
                   ID="eSc_textblock_10842"
                   TAGREFS="BT2">
          <Shape><Polygon POINTS="272 571 2174 622 2157 3238 233 3187"/></Shape>
          
          
          <TextLine ID="eSc_line_1652772"
                    
                    BASELINE="290 657 1403 681 2164 670" 
                    HPOS="287.0"
                    VPOS="595.0"
                    WIDTH="1873.0"
                    HEIGHT="133.0">
            <Shape><Polygon POINTS="287 656 290 595 419 609 437 595 506 595 549 609 599 602 628 631 732 602 768 638 839 638 893 599 933 617 979 606 1015 642 1083 627 1101 642 1119 624 1137 642 1277 631 1335 645 1518 645 1557 606 1622 624 1661 609 1694 631 1758 613 1798 631 1826 620 1848 642 1873 627 1895 642 1920 624 1941 645 2049 624 2135 634 2149 620 2160 667 2149 710 2135 713 1726 706 1658 728 1582 713 1536 728 1177 724 1152 710 1087 724 1030 724 1015 710 979 724 886 710 696 721 678 703 635 721 588 699 509 721 473 717 452 695 434 710 405 692 290 692"/></Shape>
	    <String CONTENT="בשם ר אחא שני אלפיס שנה קדמה תורה לבריתן של עולם הה&#39;ד&#39; [וא"
                    HPOS="287.0"
                    VPOS="595.0"
                    WIDTH="1873.0"
                    HEIGHT="133.0"></String>
          </TextLine>

          
          
          <TextLine ID="eSc_line_1652781"
                    
                    BASELINE="290 748 696 782 868 778 1701 782 1898 774 2160 774" 
                    HPOS="287.0"
                    VPOS="685.0"
                    WIDTH="1870.0"
                    HEIGHT="161.0">
            <Shape><Polygon POINTS="287 746 290 710 326 685 369 713 459 728 549 731 599 703 638 735 671 717 775 717 793 735 825 735 857 706 893 739 983 728 1083 735 1101 749 1130 735 1263 749 1310 731 1349 746 1385 728 1421 746 1518 742 1564 721 1615 746 1722 739 1816 695 1848 728 1866 710 1966 739 2027 706 2092 713 2146 728 2157 771 2103 825 1988 796 1959 821 1930 814 1916 828 1805 810 1773 825 1737 817 1704 843 1672 821 1629 846 1554 817 1500 835 1421 821 1403 839 1313 821 1288 843 1259 814 1223 843 1198 817 1126 832 1051 814 997 839 951 814 832 814 757 843 671 814 624 828 602 807 581 828 441 814 380 785 290 800"/></Shape>
	    <String CONTENT="ואהיה אצלו אמון שעשועים יום יום ויומו של הק&#39;ב&#39;ה&#39; אלף שנים [שנ&#39;"
                    HPOS="287.0"
                    VPOS="685.0"
                    WIDTH="1870.0"
                    HEIGHT="161.0"></String>
          </TextLine>

          
          
          <TextLine ID="eSc_line_1652773"
                    
                    BASELINE="295 870 412 864 674 882 890 878 2042 882 2166 872" 
                    HPOS="294.0"
                    VPOS="785.0"
                    WIDTH="1870.0"
                    HEIGHT="172.0">
            <Shape><Polygon POINTS="294 868 297 835 380 785 423 792 455 825 681 825 699 846 951 814 983 850 1080 839 1101 821 1123 839 1162 843 1184 825 1223 843 1256 817 1281 846 1313 839 1342 857 1424 835 1450 850 1633 850 1661 828 1740 843 1783 825 1808 843 1902 839 1999 792 2035 828 2056 814 2128 828 2164 871 2153 904 2110 925 1970 911 1948 932 1916 918 1805 918 1733 943 1618 929 1586 957 1500 929 1457 943 1432 921 1392 943 1223 929 1191 900 1116 932 1065 932 1030 900 983 900 951 932 911 932 864 900 807 947 721 950 660 907 581 921 531 900 502 921 394 896 362 914 297 889"/></Shape>
	    <String CONTENT="כי אלף שנים בעיניך כיום אתמול כי יעבור ˙ א&#39;ר&#39; יוחנן דציפרי בתלולית"
                    HPOS="294.0"
                    VPOS="785.0"
                    WIDTH="1870.0"
                    HEIGHT="172.0"></String>
          </TextLine>

          
          
          <TextLine ID="eSc_line_1652774"
                    
                    BASELINE="295 951 412 972 886 997 1464 997 1755 982 2063 982 2166 973" 
                    HPOS="294.0"
                    VPOS="896.0"
                    WIDTH="1870.0"
                    HEIGHT="158.0">
            <Shape><Polygon POINTS="294 950 297 896 380 929 412 914 513 925 541 907 646 914 671 943 703 936 721 950 836 947 879 904 925 943 987 932 1004 950 1116 939 1152 907 1195 904 1274 950 1288 936 1313 950 1371 936 1388 950 1428 918 1457 947 1500 932 1568 957 1625 936 1819 939 1855 921 1948 939 1974 914 1999 936 2056 914 2153 954 2164 972 2153 997 2110 1018 1991 1011 1916 1033 1823 1011 1787 1029 1715 1015 1668 1040 1525 1036 1496 1054 1432 1047 1414 1029 1399 1043 1349 1040 1310 1008 1270 1029 1188 1011 1116 1051 1091 1029 1001 1043 929 1033 911 1047 864 1026 768 1054 699 1015 628 1036 585 1000 549 1026 441 1026 297 954"/></Shape>
	    <String CONTENT="זו של עפר מה הטי עשאמ&#39; מי יכול לסיפה אבל פיקח אמ&#39; ולא אחד"
                    HPOS="294.0"
                    VPOS="896.0"
                    WIDTH="1870.0"
                    HEIGHT="158.0"></String>
          </TextLine>

          
          
          <TextLine ID="eSc_line_1652775"
                    
                    BASELINE="290 1070 922 1097 1633 1097 1934 1090 2160 1072" 
                    HPOS="287.0"
                    VPOS="979.0"
                    WIDTH="1870.0"
                    HEIGHT="176.0">
            <Shape><Polygon POINTS="287 1069 294 1008 323 979 401 1029 552 1029 585 1000 631 1047 699 1015 739 1051 768 1054 983 1036 1001 1051 1062 1040 1170 1058 1263 1022 1324 1047 1514 1058 1586 1036 1722 1051 1747 1029 1794 1043 1819 1018 1848 1047 1916 1040 1938 1022 1991 1047 2049 1029 2063 1043 2149 1029 2157 1069 2081 1137 1938 1119 1851 1148 1830 1130 1812 1140 1715 1126 1676 1151 1633 1126 1604 1144 1589 1130 1564 1155 1543 1137 1432 1130 1410 1144 1310 1130 1270 1148 1231 1126 1184 1140 1162 1119 1144 1133 1105 1119 1065 1140 972 1148 943 1130 900 1140 868 1126 721 1148 685 1130 620 1133 599 1112 545 1130 480 1126 459 1104 430 1126 384 1101 348 1119 290 1072"/></Shape>
	    <String CONTENT="צברה אף אני קוצה שני משפלות היום ושתי משפלות למחד עד [שו&#39;"
                    HPOS="287.0"
                    VPOS="979.0"
                    WIDTH="1870.0"
                    HEIGHT="176.0"></String>
          </TextLine>

          
          
          <TextLine ID="eSc_line_1652776"
                    
                    BASELINE="301 1162 581 1194 671 1198 1776 1191 2088 1191 2166 1196" 
                    HPOS="297.0"
                    VPOS="1115.0"
                    WIDTH="1867.0"
                    HEIGHT="144.0">
            <Shape><Polygon POINTS="297 1158 315 1115 380 1115 448 1140 556 1140 595 1115 638 1155 796 1133 850 1162 886 1140 900 1155 1062 1144 1109 1115 1141 1133 1162 1119 1195 1151 1241 1155 1313 1137 1353 1155 1374 1133 1410 1151 1446 1155 1482 1133 1586 1155 1629 1130 1690 1151 2099 1126 2164 1194 2117 1226 2060 1212 1999 1230 1920 1219 1902 1234 1851 1216 1816 1237 1755 1223 1701 1259 1651 1230 1607 1244 1582 1234 1554 1252 1528 1230 1453 1226 1421 1244 1367 1234 1335 1255 1274 1216 1238 1237 1141 1230 1055 1248 976 1223 922 1255 875 1234 742 1234 667 1259 592 1230 509 1248 430 1219 394 1241 340 1187 326 1198 301 1176"/></Shape>
	    <String CONTENT="שאני מסיפה כך טיפש אמ&#39; מי יכול ללמוד תורה נזיקין תלתין פירקדין"
                    HPOS="297.0"
                    VPOS="1115.0"
                    WIDTH="1867.0"
                    HEIGHT="144.0"></String>
          </TextLine>

          
          
          <TextLine ID="eSc_line_1652777"
                    
                    BASELINE="300 1281 362 1273 610 1295 897 1302 1180 1298 1453 1305 1722 1295 2166 1302" 
                    HPOS="297.0"
                    VPOS="1176.0"
                    WIDTH="1867.0"
                    HEIGHT="201.0">
            <Shape><Polygon POINTS="297 1280 308 1176 326 1194 340 1183 394 1241 434 1230 524 1248 545 1234 613 1241 624 1255 649 1244 663 1259 757 1234 775 1252 861 1241 908 1262 958 1255 1001 1223 1037 1252 1144 1237 1170 1262 1202 1234 1245 1259 1292 1244 1342 1259 1388 1237 1417 1262 1489 1262 1532 1234 1557 1259 1575 1241 1589 1255 1633 1241 1651 1262 1740 1262 1834 1255 1859 1234 1877 1252 1920 1223 1988 1252 2085 1216 2164 1298 2149 1323 2056 1352 2035 1338 1959 1348 1905 1330 1830 1366 1758 1327 1719 1363 1665 1377 1622 1334 1600 1352 1543 1334 1511 1356 1460 1345 1428 1359 1360 1323 1317 1359 1295 1338 1245 1327 1188 1356 1137 1327 1044 1345 836 1327 768 1356 732 1334 692 1345 610 1327 552 1345 520 1313 448 1334 394 1298 380 1313 301 1305"/></Shape>
	    <String CONTENT="כלים תלתין פירקין אבל פיקח אמ&#39; ולא אחר למדה אף אני למד שתי הלכ"
                    HPOS="297.0"
                    VPOS="1176.0"
                    WIDTH="1867.0"
                    HEIGHT="201.0"></String>
          </TextLine>

          
          
          <TextLine ID="eSc_line_1652778"
                    
                    BASELINE="290 1364 495 1377 656 1395 1184 1413 1554 1413 1974 1402 2166 1406" 
                    HPOS="287.0"
                    VPOS="1302.0"
                    WIDTH="1877.0"
                    HEIGHT="154.0">
            <Shape><Polygon POINTS="287 1363 290 1305 369 1320 398 1302 445 1330 513 1313 545 1348 631 1356 656 1338 692 1352 732 1338 789 1363 832 1338 897 1363 918 1341 997 1341 1037 1377 1144 1352 1195 1366 1241 1327 1313 1366 1353 1341 1392 1366 1410 1352 1564 1370 1589 1348 1665 1374 1726 1363 1769 1327 1808 1366 1948 1348 2024 1359 2103 1338 2164 1402 2114 1445 1923 1438 1895 1420 1859 1449 1765 1435 1737 1452 1629 1442 1450 1452 1414 1424 1345 1452 1259 1452 1234 1438 1188 1456 1112 1445 1091 1427 1065 1445 1001 1438 965 1452 890 1424 836 1452 717 1445 660 1424 642 1438 538 1431 491 1402 448 1424 340 1406 290 1381"/></Shape>
	    <String CONTENT="היום ושתי הלכות למחר עד שאני לומדה ˙ א&#39;ר&#39; יונה כת&#39; ראמות לאויל [חנ&#39;]"
                    HPOS="287.0"
                    VPOS="1302.0"
                    WIDTH="1877.0"
                    HEIGHT="154.0"></String>
          </TextLine>

          
          
          <TextLine ID="eSc_line_1652782"
                    
                    BASELINE="301 1467 495 1474 782 1495 904 1499 2147 1492" 
                    HPOS="297.0"
                    VPOS="1402.0"
                    WIDTH="1849.0"
                    HEIGHT="147.0">
            <Shape><Polygon POINTS="297 1463 358 1402 470 1435 509 1424 534 1438 574 1420 592 1438 821 1445 879 1463 908 1442 979 1456 1069 1445 1087 1427 1123 1452 1374 1456 1414 1424 1453 1460 1507 1445 1582 1460 1690 1442 1737 1452 1776 1431 1798 1452 1866 1452 1905 1420 1927 1442 2128 1445 2146 1488 2131 1528 2085 1517 2067 1535 2002 1539 1877 1539 1798 1521 1776 1542 1668 1542 1625 1524 1607 1539 1518 1528 1500 1546 1424 1546 1381 1521 1327 1542 1302 1517 1277 1539 1234 1528 1062 1546 1026 1513 997 1539 868 1524 818 1549 771 1521 732 1542 685 1539 660 1513 631 1531 559 1510 502 1521 473 1492 409 1517 319 1467"/></Shape>
	    <String CONTENT="חכמות לכבד נקוב שהוא תלוי באוירו של בית מה הטיפש אומ&#39; מי יכול"
                    HPOS="297.0"
                    VPOS="1402.0"
                    WIDTH="1849.0"
                    HEIGHT="147.0"></String>
          </TextLine>

          
          
          <TextLine ID="eSc_line_1652779"
                    
                    BASELINE="276 1546 725 1592 864 1600 1227 1596 1525 1582 1701 1582 2038 1582 2124 1589 2147 1593" 
                    HPOS="272.0"
                    VPOS="1467.0"
                    WIDTH="1874.0"
                    HEIGHT="190.0">
            <Shape><Polygon POINTS="272 1542 279 1485 315 1467 369 1510 430 1528 520 1524 549 1542 599 1521 617 1539 642 1531 689 1549 778 1539 811 1560 854 1553 879 1528 947 1560 1026 1517 1069 1553 1141 1553 1159 1539 1198 1549 1213 1535 1277 1546 1302 1524 1345 1549 1388 1524 1414 1553 1521 1539 1539 1556 1604 1549 1633 1524 1665 1553 1834 1535 2024 1549 2063 1546 2103 1517 2139 1553 2146 1592 2099 1632 2017 1610 1999 1628 1938 1625 1913 1650 1887 1628 1844 1628 1826 1646 1808 1628 1773 1639 1737 1603 1683 1643 1629 1621 1586 1639 1554 1628 1528 1650 1356 1621 1324 1646 1284 1621 1263 1639 1220 1625 1177 1643 1105 1628 1037 1639 1015 1617 972 1639 933 1614 893 1646 875 1635 825 1657 786 1621 750 1643 696 1621 649 1639 635 1625 549 1621 538 1607 470 1617 380 1589 315 1592 276 1549"/></Shape>
	    <String CONTENT="להורידו משם ˙ אבל פיקח אמ&#39; ולא אחד תלאו ˙ אף אני מביא שנים של"
                    HPOS="272.0"
                    VPOS="1467.0"
                    WIDTH="1874.0"
                    HEIGHT="190.0"></String>
          </TextLine>

          
          
          <TextLine ID="eSc_line_1652783"
                    
                    BASELINE="305 1657 384 1657 527 1675 681 1686 1744 1682 2124 1689 2147 1684" 
                    HPOS="301.0"
                    VPOS="1596.0"
                    WIDTH="1845.0"
                    HEIGHT="158.0">
            <Shape><Polygon POINTS="301 1653 305 1617 337 1596 376 1614 430 1603 455 1625 527 1603 559 1632 574 1621 592 1639 620 1632 667 1653 710 1643 821 1657 864 1643 997 1653 1062 1635 1116 1650 1205 1635 1277 1653 1356 1653 1374 1635 1773 1643 1790 1625 1823 1650 1913 1650 1991 1643 2027 1610 2081 1650 2124 1653 2146 1682 2114 1729 2081 1739 2027 1707 2002 1722 1945 1711 1895 1747 1834 1729 1801 1743 1765 1718 1744 1739 1722 1718 1600 1739 1564 1707 1546 1725 1457 1736 1417 1707 1338 1739 1295 1739 1266 1714 1195 1747 1152 1718 1069 1736 1048 1714 994 1714 976 1732 847 1729 825 1747 746 1722 681 1754 599 1696 570 1725 527 1725 491 1700 455 1714 405 1686 391 1700 348 1696 305 1653"/></Shape>
	    <String CONTENT="שלשה קנים מספקן זה בזה עד שאני מורידו משם כך טיפס אמ&#39; מי"
                    HPOS="301.0"
                    VPOS="1596.0"
                    WIDTH="1845.0"
                    HEIGHT="158.0"></String>
          </TextLine>

          
          
          <TextLine ID="eSc_line_1652784"
                    
                    BASELINE="290 1749 373 1754 559 1775 742 1786 2060 1782 2166 1789" 
                    HPOS="287.0"
                    VPOS="1700.0"
                    WIDTH="1877.0"
                    HEIGHT="143.0">
            <Shape><Polygon POINTS="287 1747 290 1700 394 1718 419 1707 434 1722 488 1707 527 1732 570 1729 599 1700 642 1743 660 1736 678 1754 721 1747 750 1722 796 1725 818 1747 854 1729 929 1725 972 1750 1037 1711 1073 1739 1148 1725 1202 1747 1227 1725 1270 1725 1288 1743 1381 1743 1417 1707 1457 1739 1496 1747 1532 1743 1572 1711 1600 1739 1683 1732 1830 1750 1851 1732 1891 1750 1945 1711 1999 1725 2031 1711 2060 1739 2149 1757 2164 1786 2153 1804 2099 1808 2067 1840 1938 1826 1866 1843 1837 1818 1751 1840 1722 1811 1679 1833 1629 1818 1600 1836 1561 1818 1539 1840 1496 1822 1446 1836 1414 1804 1338 1833 1306 1822 1173 1836 1144 1811 1112 1826 1037 1815 1001 1840 933 1840 861 1811 818 1840 742 1826 721 1840 663 1815 628 1826 570 1811 549 1826 531 1811 491 1818 473 1800 445 1815 387 1800 351 1768 290 1757"/></Shape>
	    <String CONTENT="יכנל ללמוד תורה שבלבו של חכם הזה אבל פיקח אמ&#39; והוא לא מאחר"
                    HPOS="287.0"
                    VPOS="1700.0"
                    WIDTH="1877.0"
                    HEIGHT="143.0"></String>
          </TextLine>

          
          
          <TextLine ID="eSc_line_1652785"
                    
                    BASELINE="226 1836 387 1847 513 1865 789 1887 2166 1887" 
                    HPOS="222.0"
                    VPOS="1775.0"
                    WIDTH="1942.0"
                    HEIGHT="173.0">
            <Shape><Polygon POINTS="222 1833 229 1808 276 1775 312 1804 369 1790 405 1815 559 1826 577 1811 595 1829 663 1818 717 1843 803 1851 882 1833 1004 1847 1073 1818 1137 1847 1245 1829 1310 1851 1360 1826 1388 1829 1414 1804 1450 1843 1489 1847 1679 1843 1719 1811 1758 1847 1834 1822 1898 1847 1945 1826 2067 1843 2114 1808 2157 1829 2164 1883 2153 1915 2139 1904 2035 1937 2017 1919 1930 1912 1884 1948 1844 1912 1798 1933 1762 1919 1654 1937 1557 1912 1536 1930 1493 1930 1475 1912 1403 1940 1295 1922 1220 1922 1188 1940 1134 1922 1105 1940 1044 1922 965 1937 922 1919 890 1940 861 1912 764 1930 732 1897 703 1915 653 1897 624 1919 559 1904 527 1919 312 1876 262 1887 226 1858"/></Shape>
	    <String CONTENT="למדה אף אני למד שתי הלכות ושתי הלכות למחר עד שאני נעשה כמותו&#39; ˙"
                    HPOS="222.0"
                    VPOS="1775.0"
                    WIDTH="1942.0"
                    HEIGHT="173.0"></String>
          </TextLine>

          
          
          <TextLine ID="eSc_line_1652786"
                    
                    BASELINE="301 1930 412 1951 541 1962 893 1983 2060 1983" 
                    HPOS="297.0"
                    VPOS="1883.0"
                    WIDTH="1759.0"
                    HEIGHT="165.0">
            <Shape><Polygon POINTS="297 1926 301 1883 348 1887 373 1908 409 1901 427 1915 462 1901 524 1922 549 1908 631 1922 663 1904 696 1933 735 1901 786 1940 811 1940 843 1912 890 1940 1004 1940 1040 1919 1109 1944 1198 1944 1231 1926 1313 1944 1414 1940 1464 1912 1532 1930 1557 1908 1622 1948 1740 1940 1762 1919 1808 1948 1848 1919 1887 1948 1927 1915 1959 1915 2056 1980 2020 1980 1959 2026 1913 2023 1895 2005 1873 2019 1826 2005 1729 2048 1694 2030 1658 2041 1593 2009 1539 2012 1518 2034 1489 2012 1450 2034 1406 2016 1378 2041 1345 2012 1284 2041 1263 2026 1195 2037 1159 2016 1137 2030 1051 2026 1022 1998 997 2023 943 2034 829 2019 800 2034 768 2016 692 2034 617 2001 567 2012 527 1976 502 1998 384 1991 333 1976 301 1944"/></Shape>
	    <String CONTENT="א&#39;ר&#39; לוי ליקס טיל מלכים שסברו בעליו פועלים למלאותו מה [הטי&#39;]"
                    HPOS="297.0"
                    VPOS="1883.0"
                    WIDTH="1759.0"
                    HEIGHT="165.0"></String>
          </TextLine>

          
          
          <TextLine ID="eSc_line_1652788"
                    
                    BASELINE="271 2026 384 2034 577 2059 825 2077 1432 2087 2020 2084 2164 2091" 
                    HPOS="269.0"
                    VPOS="1973.0"
                    WIDTH="1891.0"
                    HEIGHT="168.0">
            <Shape><Polygon POINTS="269 2023 305 1973 459 2009 498 2005 531 1976 570 2016 631 2009 692 2034 768 2012 803 2041 1166 2026 1249 2044 1327 2026 1381 2048 1500 2030 1543 2041 1575 2019 1593 2044 1697 2030 1712 2044 1859 2044 1913 2023 1930 2044 1963 2030 1977 2052 2013 2052 2045 2026 2063 2044 2114 2041 2160 2087 2110 2123 2070 2113 1995 2141 1945 2134 1913 2109 1848 2134 1816 2105 1773 2134 1722 2109 1690 2109 1661 2134 1532 2109 1511 2127 1457 2116 1406 2134 1324 2113 1274 2120 1252 2141 1223 2113 1109 2134 1094 2120 958 2102 925 2123 839 2105 800 2130 699 2098 653 2105 635 2087 592 2109 531 2091 419 2102 366 2062 337 2080 272 2052"/></Shape>
	    <String CONTENT="הטיפס אמ&#39; מה אני מועיל כשאני מכניס בזו ומוציא בזו אבל פיקח אמ&#39;"
                    HPOS="269.0"
                    VPOS="1973.0"
                    WIDTH="1891.0"
                    HEIGHT="168.0"></String>
          </TextLine>

          
          
          <TextLine ID="eSc_line_1652780"
                    
                    BASELINE="290 2125 531 2152 868 2177 1249 2188 2149 2181" 
                    HPOS="287.0"
                    VPOS="2073.0"
                    WIDTH="1859.0"
                    HEIGHT="169.0">
            <Shape><Polygon POINTS="287 2123 323 2077 373 2073 419 2098 534 2113 549 2098 567 2116 646 2123 699 2098 721 2120 746 2113 803 2134 868 2134 882 2120 922 2138 965 2134 1012 2105 1069 2130 1083 2120 1101 2138 1209 2145 1274 2145 1313 2120 1345 2141 1432 2130 1450 2145 1511 2134 1536 2113 1593 2120 1615 2141 1733 2113 1773 2141 1808 2105 1851 2141 1902 2120 1938 2141 2027 2141 2085 2113 2135 2138 2146 2177 2135 2217 2070 2220 2052 2238 1959 2220 1930 2242 1877 2213 1837 2242 1801 2206 1773 2220 1733 2209 1697 2238 1561 2213 1536 2231 1457 2206 1424 2227 1173 2217 1091 2231 1062 2217 1037 2235 965 2209 832 2231 771 2206 721 2231 660 2177 599 2220 567 2191 452 2195 412 2166 308 2170 290 2152"/></Shape>
	    <String CONTENT="ולא שבר כל הלכה והלכה חבית וחבית בעל הבית נותן לי כך טיפש אמ&#39;"
                    HPOS="287.0"
                    VPOS="2073.0"
                    WIDTH="1859.0"
                    HEIGHT="169.0"></String>
          </TextLine>

          
          
          <TextLine ID="eSc_line_1652769"
                    
                    BASELINE="262 2218 412 2227 592 2252 789 2270 1048 2270 1345 2285 2045 2288 2160 2278" 
                    HPOS="258.0"
                    VPOS="2163.0"
                    WIDTH="1899.0"
                    HEIGHT="179.0">
            <Shape><Polygon POINTS="258 2217 294 2174 355 2163 380 2188 416 2166 455 2199 534 2209 563 2195 588 2217 671 2181 717 2235 782 2209 832 2231 929 2235 969 2206 1008 2235 1069 2224 1141 2238 1252 2220 1281 2242 1331 2224 1432 2242 1493 2209 1528 2238 1582 2220 1683 2245 1751 2209 1851 2245 1873 2231 1941 2238 1959 2220 2052 2245 2085 2224 2157 2274 2146 2313 2049 2324 2024 2306 1981 2342 1956 2321 1913 2317 1891 2335 1830 2317 1765 2339 1722 2310 1672 2324 1622 2306 1589 2324 1521 2306 1482 2331 1414 2306 1205 2328 1173 2310 1141 2324 1087 2296 1026 2331 1012 2317 890 2324 847 2299 807 2317 782 2303 739 2313 656 2281 620 2299 509 2288 477 2260 434 2278 416 2260 312 2263 262 2238"/></Shape>
	    <String CONTENT="מה אני מועיל כשאני למד תורה ושכח ˙ אבל פיקח אמ&#39; ולא שבר כל הלכה"
                    HPOS="258.0"
                    VPOS="2163.0"
                    WIDTH="1899.0"
                    HEIGHT="179.0"></String>
          </TextLine>

          
          
          <TextLine ID="eSc_line_1652764"
                    
                    BASELINE="311 2323 864 2367 1073 2374 1471 2371 1704 2382 2164 2382" 
                    HPOS="308.0"
                    VPOS="2260.0"
                    WIDTH="1852.0"
                    HEIGHT="190.0">
            <Shape><Polygon POINTS="308 2321 315 2278 337 2260 434 2288 480 2260 513 2292 595 2288 628 2306 656 2288 681 2306 714 2299 807 2324 850 2306 868 2328 979 2331 1033 2331 1087 2296 1148 2331 1173 2317 1205 2331 1234 2317 1324 2317 1356 2339 1414 2310 1432 2328 1460 2313 1478 2335 1539 2335 1568 2317 1582 2335 1622 2303 1672 2342 1694 2324 1783 2342 1830 2317 1873 2321 1887 2342 1948 2328 1991 2342 2027 2306 2063 2331 2099 2328 2160 2378 2078 2435 2052 2414 1991 2428 1909 2410 1862 2443 1758 2446 1729 2425 1640 2450 1593 2410 1532 2439 1471 2432 1446 2407 1371 2417 1349 2396 1277 2428 1184 2403 1130 2432 1094 2414 1012 2421 979 2407 886 2425 814 2382 775 2410 742 2389 699 2414 642 2367 599 2367 545 2403 513 2403 466 2374 398 2385 362 2353 337 2374 312 2371"/></Shape>
	    <String CONTENT="והלכה הק&#39;ב&#39;ה&#39; נותן לי אף אני יגיע והק&#39;ב&#39;ה&#39; נותן לי שכרי ˙ א&#39;ר&#39; לוי אפי&#39;"
                    HPOS="308.0"
                    VPOS="2260.0"
                    WIDTH="1852.0"
                    HEIGHT="190.0"></String>
          </TextLine>

          
          
          <TextLine ID="eSc_line_1652762"
                    
                    BASELINE="290 2410 462 2439 638 2457 818 2468 1019 2475 1363 2475 1600 2489 2170 2489" 
                    HPOS="287.0"
                    VPOS="2353.0"
                    WIDTH="1880.0"
                    HEIGHT="197.0">
            <Shape><Polygon POINTS="287 2407 312 2371 337 2374 366 2353 398 2389 466 2378 524 2407 585 2389 610 2410 678 2403 735 2425 811 2407 879 2428 954 2414 1295 2439 1345 2400 1378 2432 1428 2417 1446 2439 1618 2425 1658 2450 1733 2428 1751 2446 1880 2432 1902 2450 1959 2453 2013 2421 2045 2450 2099 2439 2167 2486 2056 2547 2013 2504 1981 2529 1952 2522 1923 2550 1880 2514 1819 2532 1712 2507 1651 2518 1629 2504 1478 2550 1460 2532 1310 2500 1241 2529 1205 2500 1184 2514 1144 2504 1022 2529 890 2489 843 2504 793 2489 732 2511 678 2482 656 2504 585 2500 567 2482 534 2496 462 2468 355 2471 290 2432"/></Shape>
	    <String CONTENT="דברים שאת רואה אותן כאילו הן מיותרין בתורה מחריבין את העולם"
                    HPOS="287.0"
                    VPOS="2353.0"
                    WIDTH="1880.0"
                    HEIGHT="197.0"></String>
          </TextLine>

          
          
          <TextLine ID="eSc_line_1652767"
                    
                    BASELINE="272 2514 524 2539 1069 2575 1367 2575 1622 2590 2170 2590" 
                    HPOS="269.0"
                    VPOS="2464.0"
                    WIDTH="1898.0"
                    HEIGHT="179.0">
            <Shape><Polygon POINTS="269 2511 323 2464 434 2486 470 2475 549 2504 628 2496 656 2511 685 2489 728 2518 796 2489 854 2525 994 2514 1030 2532 1202 2504 1231 2536 1302 2496 1353 2539 1396 2522 1475 2547 1511 2532 1554 2539 1593 2514 1651 2543 1708 2507 1758 2532 1798 2525 1848 2543 1873 2525 1916 2550 2013 2536 2060 2550 2096 2529 2167 2586 2106 2633 1981 2629 1952 2615 1913 2643 1855 2640 1819 2615 1765 2640 1729 2618 1690 2633 1625 2611 1582 2640 1539 2615 1410 2636 1374 2608 1338 2626 1306 2611 1249 2618 1227 2597 1177 2633 1141 2597 1101 2618 1037 2593 976 2618 918 2590 890 2611 814 2593 796 2608 728 2608 681 2579 556 2593 534 2583 516 2597 416 2554 308 2565 272 2525"/></Shape>
	    <String CONTENT="ועושין אותן ת&#39;ל&#39; הה&#39;ד&#39; והיתה תל עולם אם עשית דלת דיש אתה מחריב"
                    HPOS="269.0"
                    VPOS="2464.0"
                    WIDTH="1898.0"
                    HEIGHT="179.0"></String>
          </TextLine>

          
          
          <TextLine ID="eSc_line_1652766"
                    
                    BASELINE="281 2618 333 2618 832 2658 1001 2658 1195 2676 1399 2676 1747 2690 2146 2683" 
                    HPOS="279.0"
                    VPOS="2550.0"
                    WIDTH="1863.0"
                    HEIGHT="205.0">
            <Shape><Polygon POINTS="279 2615 287 2557 355 2575 416 2550 448 2586 502 2586 516 2600 620 2586 653 2608 707 2597 721 2611 775 2600 890 2615 915 2600 972 2626 1033 2597 1184 2633 1227 2597 1249 2622 1313 2611 1338 2629 1378 2608 1417 2640 1485 2636 1507 2618 1543 2643 1589 2636 1622 2651 1668 2626 1769 2640 1801 2615 1869 2647 1909 2647 1959 2615 1999 2658 2117 2633 2142 2679 2124 2722 2056 2755 2017 2733 1970 2748 1941 2712 1905 2730 1816 2719 1769 2733 1740 2719 1690 2740 1633 2712 1604 2730 1500 2715 1450 2733 1435 2715 1360 2712 1338 2690 1209 2704 1177 2726 1159 2704 1105 2712 1040 2687 983 2712 893 2672 864 2694 721 2704 689 2679 613 2697 567 2690 541 2665 484 2683 401 2651 355 2661 312 2615 287 2615"/></Shape>
	    <String CONTENT="את כל העולם כגון שמע ישר&#39; ייי ﭏהינו ייי אחד ˙ אם עשית דיש דלת"
                    HPOS="279.0"
                    VPOS="2550.0"
                    WIDTH="1863.0"
                    HEIGHT="205.0"></String>
          </TextLine>

          
          
          <TextLine ID="eSc_line_1652768"
                    
                    BASELINE="281 2714 599 2744 854 2758 997 2758 1166 2773 1396 2773 1808 2791 2147 2784" 
                    HPOS="279.0"
                    VPOS="2618.0"
                    WIDTH="1867.0"
                    HEIGHT="230.0">
            <Shape><Polygon POINTS="279 2712 287 2636 312 2618 401 2683 419 2672 480 2694 498 2679 602 2701 696 2687 757 2715 796 2697 940 2694 997 2712 1037 2694 1048 2708 1083 2697 1101 2715 1126 2704 1152 2733 1263 2701 1317 2737 1349 2719 1367 2737 1450 2740 1500 2715 1536 2740 1564 2719 1633 2755 1737 2722 1769 2740 1816 2722 1891 2730 1913 2751 2078 2758 2114 2726 2139 2730 2146 2783 2070 2848 2031 2848 2020 2834 1988 2848 1959 2826 1891 2844 1866 2826 1830 2841 1737 2823 1712 2834 1651 2798 1593 2834 1539 2812 1428 2830 1374 2819 1335 2837 1292 2812 1073 2805 1030 2780 965 2791 947 2809 875 2783 789 2816 696 2794 678 2805 656 2780 599 2801 538 2780 488 2794 441 2762 340 2762 283 2740"/></Shape>
	    <String CONTENT="את מחריב את כל העולם כגון שמע ישר&#39; ייי ﭏהינו ˙ כי לא תשתחוה לﭏ"
                    HPOS="279.0"
                    VPOS="2618.0"
                    WIDTH="1867.0"
                    HEIGHT="230.0"></String>
          </TextLine>

          
          
          <TextLine ID="eSc_line_1652765"
                    
                    BASELINE="281 2803 516 2837 764 2859 1155 2859 1442 2873 1765 2877 1930 2887 2147 2891" 
                    HPOS="279.0"
                    VPOS="2744.0"
                    WIDTH="1867.0"
                    HEIGHT="212.0">
            <Shape><Polygon POINTS="279 2801 287 2744 344 2769 387 2758 412 2783 466 2773 484 2794 516 2798 549 2787 599 2805 649 2780 696 2816 818 2816 882 2783 929 2819 1037 2780 1073 2823 1101 2801 1119 2819 1141 2798 1155 2812 1234 2812 1252 2826 1281 2816 1335 2837 1374 2819 1424 2834 1503 2830 1521 2816 1597 2834 1647 2801 1679 2834 1722 2841 1895 2848 1956 2830 1977 2855 2088 2855 2139 2823 2146 2887 2139 2920 2110 2913 2078 2934 2027 2934 1995 2913 1966 2930 1952 2916 1891 2956 1855 2916 1636 2913 1600 2934 1589 2920 1546 2920 1503 2938 1467 2905 1367 2905 1342 2923 1277 2884 1152 2916 1126 2887 1048 2913 1015 2880 990 2902 864 2902 821 2884 775 2913 717 2913 649 2870 556 2895 520 2873 502 2880 480 2855 434 2880 366 2844 319 2866 283 2834"/></Shape>
	    <String CONTENT="אחר ˙ אם עשית בית כף את מחריב את כל העולם בגון בייי בגדו ˙ אם את"
                    HPOS="279.0"
                    VPOS="2744.0"
                    WIDTH="1867.0"
                    HEIGHT="212.0"></String>
          </TextLine>

          
          
          <TextLine ID="eSc_line_1652771"
                    
                    BASELINE="301 2917 861 2959 1019 2959 1546 2977 2052 2974 2147 2980" 
                    HPOS="297.0"
                    VPOS="2859.0"
                    WIDTH="1849.0"
                    HEIGHT="179.0">
            <Shape><Polygon POINTS="297 2916 305 2866 330 2859 384 2884 452 2873 470 2891 516 2880 549 2898 653 2873 717 2913 760 2905 793 2920 821 2902 897 2920 958 2898 1012 2927 1055 2913 1076 2923 1116 2891 1152 2923 1173 2913 1195 2927 1274 2884 1317 2930 1417 2909 1446 2930 1464 2920 1521 2938 1729 2923 1776 2948 2099 2934 2146 2977 2106 3013 2063 3024 1948 3006 1920 3027 1855 3038 1783 3009 1758 3027 1726 3006 1629 3027 1554 3009 1525 3027 1485 2999 1439 3024 1410 2991 1327 3024 1266 2988 1223 3020 1198 3006 1119 3017 1058 2999 947 3024 911 2995 800 3006 764 2988 674 2991 653 2970 524 2988 427 2977 398 2948 366 2948 344 2970 301 2956"/></Shape>
	    <String CONTENT="עושה כף בית את מחריב את כל העולם כגון א&#39; כחשן בייי אם עשית"
                    HPOS="297.0"
                    VPOS="2859.0"
                    WIDTH="1849.0"
                    HEIGHT="179.0"></String>
          </TextLine>

          
          
          <TextLine ID="eSc_line_1652770"
                    
                    BASELINE="262 3013 373 3013 656 3042 976 3060 1198 3063 1381 3074 2147 3067" 
                    HPOS="258.0"
                    VPOS="2959.0"
                    WIDTH="1888.0"
                    HEIGHT="172.0">
            <Shape><Polygon POINTS="258 3009 330 2959 358 2981 401 2970 599 3006 638 2984 653 2999 710 2984 793 3013 915 3002 954 3024 1065 3009 1191 3027 1252 2991 1302 3031 1363 3027 1403 2995 1442 3031 1546 3024 1561 3009 1589 3027 1668 3017 1704 3031 1726 3009 1816 3038 1902 3038 1945 3009 2013 3027 2106 3013 2121 3027 2139 3020 2146 3063 2056 3131 2013 3110 1948 3110 1923 3128 1877 3128 1866 3113 1679 3128 1640 3096 1593 3128 1572 3103 1528 3106 1514 3092 1475 3113 1385 3096 1313 3121 1245 3099 1209 3110 1184 3088 1162 3110 1126 3096 1062 3124 1037 3099 1004 3113 961 3070 940 3081 925 3067 839 3103 735 3074 714 3092 696 3074 678 3092 506 3085 473 3060 427 3070 394 3045 308 3049 262 3009"/></Shape>
	    <String CONTENT="כף בית את מחריב את כל העולם כגון אין קדוש כיי אם עשית חית"
                    HPOS="258.0"
                    VPOS="2959.0"
                    WIDTH="1888.0"
                    HEIGHT="172.0"></String>
          </TextLine>

          
          
          <TextLine ID="eSc_line_1652763"
                    
                    BASELINE="287 3099 606 3131 667 3142 1044 3164 2118 3172 2137 3172" 
                    HPOS="283.0"
                    VPOS="3074.0"
                    WIDTH="1852.0"
                    HEIGHT="161.0">
            <Shape><Polygon POINTS="283 3096 290 3074 491 3078 531 3099 592 3085 635 3106 696 3085 750 3110 879 3113 904 3099 929 3113 954 3088 979 3088 1008 3117 1105 3117 1126 3099 1162 3110 1195 3096 1252 3121 1317 3124 1353 3099 1424 3099 1442 3117 1460 3103 1528 3103 1589 3128 1668 3117 1683 3131 1819 3135 1913 3135 1966 3110 2024 3113 2049 3139 2117 3128 2135 3171 2124 3210 2070 3192 2009 3235 1934 3200 1902 3200 1880 3221 1830 3196 1783 3232 1643 3232 1604 3214 1589 3225 1557 3200 1532 3207 1496 3182 1399 3225 1299 3221 1274 3200 1249 3221 1101 3217 1073 3192 1008 3207 972 3178 943 3196 868 3182 836 3196 803 3182 771 3207 728 3174 674 3196 606 3182 574 3207 541 3189 531 3200 488 3167 441 3182 416 3157 287 3153"/></Shape>
	    <String CONTENT="היא את מחריב את כל העולם כגון ולא תחללו את שם קדשי אם"
                    HPOS="283.0"
                    VPOS="3074.0"
                    WIDTH="1852.0"
                    HEIGHT="161.0"></String>
          </TextLine>

          
        </TextBlock>
        

        
      </PrintSpace>
    </Page>
  </Layout>
</alto>
