<?xml version="1.0" encoding="UTF-8"?>
<alto xmlns:xsi="http://www.w3.org/2001/XMLSchema-instance"
      xmlns="http://www.loc.gov/standards/alto/ns-v4#"
      xsi:schemaLocation="http://www.loc.gov/standards/alto/ns-v4# http://www.loc.gov/standards/alto/v4/alto-4-2.xsd">
  <Description>
    <MeasurementUnit>pixel</MeasurementUnit>
    <sourceImageInformation>
      <fileName>bsb00084914_00446.jpg</fileName>
      
    </sourceImageInformation>
  </Description>
  
  <Tags>
    <OtherTag ID="BT1" LABEL="Title" DESCRIPTION="block type Title"/><OtherTag ID="BT2" LABEL="Main" DESCRIPTION="block type Main"/><OtherTag ID="BT3" LABEL="Commentary" DESCRIPTION="block type Commentary"/><OtherTag ID="BT4" LABEL="Illustration" DESCRIPTION="block type Illustration"/><OtherTag ID="BT844" LABEL="Margin" DESCRIPTION="block type Margin"/><OtherTag ID="BT845" LABEL="Paratext" DESCRIPTION="block type Paratext"/><OtherTag ID="BT978" LABEL="Hole" DESCRIPTION="block type Hole"/>
    <OtherTag ID="LT2" LABEL="Numbering" DESCRIPTION="line type Numbering"/><OtherTag ID="LT3" LABEL="Correction" DESCRIPTION="line type Correction"/>
  </Tags>
  
  <Layout>
    <Page WIDTH="3040"
          HEIGHT="4237"
          PHYSICAL_IMG_NR="445"
          ID="eSc_dummypage_">
      <PrintSpace HPOS="0"
                  VPOS="0"
                  WIDTH="3040"
                  HEIGHT="4237">
        
        <TextBlock HPOS="265.0"
                   VPOS="488.0"
                   WIDTH="1982.0"
                   HEIGHT="2676.0"
                   ID="eSc_textblock_11142"
                   TAGREFS="BT2">
          <Shape><Polygon POINTS="310 503 2217 488 2247 3164 265 3164"/></Shape>
          
          
          <TextLine ID="eSc_line_1656169"
                    
                    BASELINE="339 571 922 582 2199 570" 
                    HPOS="335.0"
                    VPOS="501.0"
                    WIDTH="1863.0"
                    HEIGHT="134.0">
            <Shape><Polygon POINTS="335 568 339 511 371 533 410 533 463 508 530 526 671 504 738 533 784 504 897 529 961 504 989 529 1025 533 1078 504 1159 519 1184 504 1208 529 1247 533 1385 529 1413 501 1474 501 1502 522 1594 501 1640 529 1707 515 1742 529 1859 529 1884 508 1926 526 1965 501 2007 501 2050 526 2067 515 2082 529 2188 529 2198 568 2191 610 2145 621 2106 603 1990 603 1976 617 1944 603 1880 603 1866 617 1809 603 1774 628 1735 607 1689 632 1512 632 1495 617 1329 632 1307 610 1279 635 1120 635 1095 621 1018 635 996 614 968 635 904 617 880 635 820 624 714 635 692 614 597 607 547 624 523 607 388 607 342 624"/></Shape>
	    <String CONTENT="גהינם קרואה עמוקה שנ&#39; עמזקה משאול מה תדע וכן הוא אומ&#39; וירדו [ה]"
                    HPOS="335.0"
                    VPOS="501.0"
                    WIDTH="1863.0"
                    HEIGHT="134.0"></String>
          </TextLine>

          
          
          <TextLine ID="eSc_line_1656170"
                    
                    BASELINE="334 687 410 684 632 695 915 699 1074 692 1866 684 2046 674 2198 674" 
                    HPOS="332.0"
                    VPOS="589.0"
                    WIDTH="1863.0"
                    HEIGHT="166.0">
            <Shape><Polygon POINTS="332 684 335 621 413 635 470 603 516 639 600 646 689 635 798 649 834 632 866 649 908 614 943 649 996 610 1035 646 1095 617 1138 646 1194 635 1258 653 1343 635 1368 656 1424 614 1474 646 1498 624 1534 642 1650 632 1696 646 1725 624 1792 624 1816 600 1894 632 1937 628 1993 589 2021 614 2067 607 2089 628 2184 639 2195 670 2131 716 2089 720 2064 702 2004 730 1958 702 1930 734 1824 730 1806 713 1746 737 1664 716 1583 737 1523 723 1424 737 1410 723 1360 748 1311 737 1269 755 1219 723 1187 748 1120 734 1099 745 1067 720 1028 734 986 720 961 745 933 727 873 745 848 734 827 752 760 737 664 748 625 727 597 755 565 727 339 727"/></Shape>
	    <String CONTENT="הם וכל אשר להם חיים שאולה ואין ירידה אלא למקום עמוק ומלכיות"
                    HPOS="332.0"
                    VPOS="589.0"
                    WIDTH="1863.0"
                    HEIGHT="166.0"></String>
          </TextLine>

          
          
          <TextLine ID="eSc_line_1656171"
                    
                    BASELINE="321 787 516 797 887 794 1445 797 1664 783 2053 783 2184 773" 
                    HPOS="318.0"
                    VPOS="706.0"
                    WIDTH="1863.0"
                    HEIGHT="148.0">
            <Shape><Polygon POINTS="318 783 321 723 526 730 583 752 615 734 632 748 820 752 929 730 957 748 996 720 1060 755 1272 755 1403 730 1459 755 1498 737 1580 745 1657 723 1696 745 1781 720 1799 734 2007 730 2057 706 2085 723 2145 713 2181 769 2152 808 2110 822 2082 794 2046 819 1976 801 1930 808 1908 829 1735 812 1679 836 1629 822 1548 840 1477 822 1435 847 1332 829 1290 854 1265 829 1251 843 1131 829 1018 850 982 826 929 840 908 819 827 847 742 829 629 840 593 815 558 815 540 833 501 826 470 850 434 822 388 822 360 843 321 826"/></Shape>
	    <String CONTENT="נקראו יותר ממנה ומתהומות הארץ תשוב תעלינו אין תהומות הארץ כאן"
                    HPOS="318.0"
                    VPOS="706.0"
                    WIDTH="1863.0"
                    HEIGHT="148.0"></String>
          </TextLine>

          
          
          <TextLine ID="eSc_line_1656172"
                    
                    BASELINE="332 875 657 896 1074 900 1696 893 2032 879 2178 882" 
                    HPOS="328.0"
                    VPOS="797.0"
                    WIDTH="1849.0"
                    HEIGHT="156.0">
            <Shape><Polygon POINTS="328 872 332 836 434 826 473 850 505 826 565 840 593 815 622 843 760 836 834 857 904 822 929 843 986 836 1000 850 1131 826 1198 850 1265 829 1290 854 1332 829 1445 847 1481 819 1647 847 1739 812 1806 836 1838 822 1915 836 1961 812 1986 836 2018 836 2085 797 2131 829 2166 805 2177 879 2163 932 2074 907 2046 925 2018 914 1997 935 1976 914 1905 935 1869 914 1848 928 1799 925 1774 903 1749 925 1732 910 1682 935 1608 939 1583 918 1498 946 1474 921 1413 946 1353 925 1265 942 1251 928 1170 942 1141 928 1113 953 1078 925 989 942 929 921 901 942 827 932 781 946 668 925 636 946 597 910 505 928 487 910 420 932 349 896 332 907"/></Shape>
	    <String CONTENT="אלא מלכיות מלמד שאינ&#39; אחת אלא מלכ&#39; יוצאי&#39; מזו ונכנסין לזו זו מנחתן"
                    HPOS="328.0"
                    VPOS="797.0"
                    WIDTH="1849.0"
                    HEIGHT="156.0"></String>
          </TextLine>

          
          
          <TextLine ID="eSc_line_1656173"
                    
                    BASELINE="329 974 452 992 579 992 961 1009 1562 1002 1852 992 2050 995 2128 988 2178 977" 
                    HPOS="328.0"
                    VPOS="903.0"
                    WIDTH="1849.0"
                    HEIGHT="166.0">
            <Shape><Polygon POINTS="328 970 385 925 427 942 533 946 590 914 636 953 685 956 717 939 784 953 841 935 947 960 975 939 1021 970 1049 949 1109 960 1187 942 1251 956 1276 939 1318 946 1346 925 1385 949 1438 953 1470 939 1498 953 1520 932 1573 953 1636 935 1682 946 1703 925 1732 946 1778 903 1855 949 1944 932 2096 939 2117 925 2159 935 2177 974 2156 1041 2074 1013 2039 1027 1926 1023 1887 1045 1827 1031 1774 1052 1682 1038 1604 1062 1548 1034 1498 1066 1449 1034 1421 1052 1378 1034 1336 1055 1269 1031 1064 1059 996 1045 961 1059 904 1041 869 1069 837 1048 809 1062 763 1031 717 1055 692 1031 661 1055 632 1027 600 1048 498 1020 466 1045 431 1031 399 1041 332 992"/></Shape>
	    <String CONTENT="וזו תופסתן בכל מנחתן יוון מנחת&#39; ואדום תופסת&#39; והק&#39;ב&#39;ה&#39; עתיד לאבדו על"
                    HPOS="328.0"
                    VPOS="903.0"
                    WIDTH="1849.0"
                    HEIGHT="166.0"></String>
          </TextLine>

          
          
          <TextLine ID="eSc_line_1656174"
                    
                    BASELINE="329 1090 565 1105 968 1108 1770 1108 2103 1091 2199 1091" 
                    HPOS="328.0"
                    VPOS="1013.0"
                    WIDTH="1870.0"
                    HEIGHT="166.0">
            <Shape><Polygon POINTS="328 1087 332 1023 357 1013 417 1045 466 1041 498 1016 558 1052 579 1038 657 1059 689 1027 717 1055 774 1045 816 1059 834 1045 858 1069 1014 1052 1099 1062 1120 1045 1145 1059 1191 1045 1226 1062 1322 1062 1357 1045 1445 1062 1466 1045 1488 1066 1594 1066 1661 1048 1696 1062 1788 1045 1831 1055 1848 1038 1926 1055 1947 1034 2004 1031 2032 1055 2149 1048 2198 1087 2142 1133 2074 1115 1958 1147 1937 1133 1922 1147 1813 1140 1767 1158 1721 1136 1686 1165 1647 1143 1601 1158 1580 1140 1530 1161 1470 1140 1438 1154 1343 1154 1329 1140 1304 1158 1272 1147 1219 1168 1177 1136 1155 1158 1117 1154 1092 1179 1014 1143 841 1158 813 1147 777 1168 745 1140 668 1143 636 1126 604 1151 512 1129 381 1158 332 1119"/></Shape>
	    <String CONTENT="ידי ישר&#39; הה&#39;ד&#39; באדין דקו כחדא וגו&#39; ˙ ואין אבין האמור כאן אלא ישרﭏ שכך"
                    HPOS="328.0"
                    VPOS="1013.0"
                    WIDTH="1870.0"
                    HEIGHT="166.0"></String>
          </TextLine>

          
          
          <TextLine ID="eSc_line_1656175"
                    
                    BASELINE="293 1204 399 1204 664 1221 1021 1218 1290 1228 1558 1228 1767 1218 2199 1207" 
                    HPOS="289.0"
                    VPOS="1115.0"
                    WIDTH="1909.0"
                    HEIGHT="166.0">
            <Shape><Polygon POINTS="289 1200 314 1158 357 1140 385 1161 480 1158 509 1136 558 1165 579 1143 611 1161 643 1133 689 1168 756 1154 777 1172 866 1175 933 1140 979 1175 1049 1161 1078 1182 1191 1165 1219 1179 1382 1182 1424 1161 1516 1179 1565 1151 1580 1165 1735 1154 1756 1168 1831 1168 1855 1143 1891 1140 1915 1158 2021 1165 2057 1158 2103 1115 2198 1204 2135 1260 2050 1260 2011 1239 1954 1249 1930 1274 1855 1242 1792 1267 1721 1242 1693 1271 1664 1246 1587 1267 1558 1256 1516 1281 1442 1253 1413 1271 1350 1249 1247 1271 1212 1239 1166 1271 1042 1256 1021 1278 986 1264 965 1274 929 1253 862 1264 844 1281 813 1264 795 1278 763 1246 632 1267 600 1235 427 1246 378 1221 321 1271 293 1242"/></Shape>
	    <String CONTENT="בלעם מתנבא וירא את הקיני זה יתרו ˙ ושים בסלע קנך אילו ישר&#39; שנדבק"
                    HPOS="289.0"
                    VPOS="1115.0"
                    WIDTH="1909.0"
                    HEIGHT="166.0"></String>
          </TextLine>

          
          
          <TextLine ID="eSc_line_1656176"
                    
                    BASELINE="332 1313 590 1320 866 1334 1707 1331 1792 1334 2000 1331 2199 1318" 
                    HPOS="328.0"
                    VPOS="1225.0"
                    WIDTH="1870.0"
                    HEIGHT="159.0">
            <Shape><Polygon POINTS="328 1309 332 1267 381 1225 420 1264 509 1271 551 1242 583 1274 724 1274 763 1256 791 1285 851 1281 894 1256 947 1281 1392 1281 1438 1253 1498 1285 1555 1264 1580 1278 1615 1253 1647 1285 1795 1271 1852 1242 1922 1278 2025 1278 2043 1260 2064 1278 2106 1260 2120 1274 2142 1267 2198 1317 2145 1369 2103 1348 2067 1369 2036 1352 2004 1373 1983 1359 1912 1369 1891 1348 1824 1377 1749 1362 1682 1384 1640 1345 1611 1373 1555 1352 1488 1373 1325 1359 1279 1380 1166 1348 1131 1373 1056 1373 1025 1355 1007 1369 901 1373 873 1352 830 1384 756 1348 685 1369 657 1341 600 1362 544 1338 505 1359 434 1359 399 1338 360 1359 332 1331"/></Shape>
	    <String CONTENT="בהם וישרﭏ עתידין להיות לבדם אומה והם ממלאים את העולם כולו"
                    HPOS="328.0"
                    VPOS="1225.0"
                    WIDTH="1870.0"
                    HEIGHT="159.0"></String>
          </TextLine>

          
          
          <TextLine ID="eSc_line_1656177"
                    
                    BASELINE="296 1401 519 1422 752 1433 2085 1429 2199 1436" 
                    HPOS="293.0"
                    VPOS="1341.0"
                    WIDTH="1905.0"
                    HEIGHT="145.0">
            <Shape><Polygon POINTS="293 1398 342 1359 367 1369 395 1345 463 1377 501 1373 540 1341 579 1380 618 1377 657 1345 699 1387 756 1352 827 1391 876 1355 919 1391 993 1366 1025 1398 1049 1384 1117 1394 1155 1355 1269 1387 1336 1384 1378 1362 1413 1384 1498 1369 1527 1380 1555 1352 1608 1377 1640 1345 1682 1387 1746 1366 1848 1377 1880 1394 1919 1369 1997 1380 2036 1359 2060 1377 2103 1352 2124 1373 2152 1373 2198 1433 2145 1461 2043 1472 1873 1472 1831 1458 1650 1475 1633 1458 1580 1475 1502 1458 1406 1482 1353 1444 1318 1479 1269 1461 1251 1475 1155 1468 1032 1486 982 1461 950 1479 901 1475 876 1451 851 1472 770 1472 745 1447 724 1465 661 1472 604 1468 583 1451 551 1465 530 1444 406 1465 364 1444 339 1451 296 1408"/></Shape>
	    <String CONTENT="שנ&#39; ואבנא די מחת לצלמא וגו&#39; ˙ וישרﭏ מתעלים למעלה למעלה שנ&#39; [ז]"
                    HPOS="293.0"
                    VPOS="1341.0"
                    WIDTH="1905.0"
                    HEIGHT="145.0"></String>
          </TextLine>

          
          
          <TextLine ID="eSc_line_1656178"
                    
                    BASELINE="307 1514 445 1514 752 1532 915 1528 1131 1535 1325 1535 1502 1528 2199 1528" 
                    HPOS="304.0"
                    VPOS="1440.0"
                    WIDTH="1894.0"
                    HEIGHT="155.0">
            <Shape><Polygon POINTS="304 1511 342 1451 477 1472 530 1440 554 1465 583 1447 682 1486 742 1447 777 1479 837 1486 873 1451 904 1482 968 1482 989 1461 1032 1493 1201 1475 1254 1507 1290 1475 1318 1482 1350 1451 1399 1490 1505 1461 1580 1479 1622 1472 1643 1493 1668 1475 1721 1482 1749 1468 2060 1482 2089 1465 2166 1486 2198 1525 2110 1574 2089 1557 1926 1567 1908 1553 1749 1574 1728 1553 1689 1581 1590 1557 1544 1564 1523 1585 1421 1560 1375 1578 1336 1564 1293 1578 1265 1560 1247 1574 1180 1581 1138 1567 1088 1585 979 1564 912 1595 880 1574 745 1571 728 1553 682 1571 622 1550 544 1564 519 1550 321 1553 307 1539"/></Shape>
	    <String CONTENT="תשוב תחיינו וגו&#39; ˙ וחזר הק&#39;ב&#39;ה&#39; על כל המידות ליתן להם לישרﭏ ולא מצא"
                    HPOS="304.0"
                    VPOS="1440.0"
                    WIDTH="1894.0"
                    HEIGHT="155.0"></String>
          </TextLine>

          
          
          <TextLine ID="eSc_line_1656179"
                    
                    BASELINE="363 1619 498 1617 781 1631 1682 1627 1806 1631 2071 1627 2199 1617" 
                    HPOS="360.0"
                    VPOS="1553.0"
                    WIDTH="1838.0"
                    HEIGHT="141.0">
            <Shape><Polygon POINTS="360 1617 364 1564 448 1553 516 1571 558 1564 597 1585 657 1557 696 1581 714 1564 731 1581 763 1567 809 1581 869 1571 908 1595 965 1574 1046 1574 1071 1592 1134 1574 1155 1595 1237 1574 1314 1578 1332 1595 1413 1592 1431 1574 1527 1592 1548 1571 1587 1567 1615 1585 1686 1588 1756 1581 1774 1564 1813 1588 1898 1592 1940 1567 1972 1585 1993 1564 2099 1588 2152 1553 2198 1613 2188 1648 2110 1663 2085 1687 2032 1663 1799 1670 1778 1652 1739 1670 1696 1648 1647 1670 1410 1670 1371 1691 1332 1670 1166 1670 1138 1694 1102 1670 1039 1680 1000 1663 912 1677 855 1663 830 1680 809 1663 692 1666 671 1648 632 1663 597 1648 558 1659 544 1645 381 1648 364 1631"/></Shape>
	    <String CONTENT="להן בתורה שכל מי שהוא עוסק בתורה ואפי&#39; שהיו מכוערים מעשיו"
                    HPOS="360.0"
                    VPOS="1553.0"
                    WIDTH="1838.0"
                    HEIGHT="141.0"></String>
          </TextLine>

          
          
          <TextLine ID="eSc_line_1656180"
                    
                    BASELINE="304 1705 413 1715 653 1715 912 1730 2188 1723" 
                    HPOS="304.0"
                    VPOS="1645.0"
                    WIDTH="1880.0"
                    HEIGHT="134.0">
            <Shape><Polygon POINTS="304 1701 349 1645 385 1663 438 1648 632 1677 653 1659 728 1673 805 1666 827 1684 904 1677 922 1691 957 1670 1141 1701 1177 1677 1332 1677 1353 1694 1392 1677 1452 1684 1498 1670 1604 1670 1622 1684 1636 1670 1675 1677 1707 1648 1739 1673 1781 1670 1799 1684 1940 1663 1983 1691 2036 1663 2089 1687 2113 1666 2170 1691 2184 1719 2173 1754 2089 1768 1898 1754 1792 1772 1640 1754 1626 1768 1562 1758 1544 1776 1449 1761 1406 1779 1329 1761 1060 1779 1028 1758 1003 1772 883 1768 862 1747 827 1768 798 1747 752 1776 632 1744 611 1758 459 1733 441 1751 367 1751 318 1705"/></Shape>
	    <String CONTENT="התורה מושכתו ליראה ועוד כנד שאצו כבה שנ&#39; כי נר מצוה ותורה אור"
                    HPOS="304.0"
                    VPOS="1645.0"
                    WIDTH="1880.0"
                    HEIGHT="134.0"></String>
          </TextLine>

          
          
          <TextLine ID="eSc_line_1656185"
                    
                    BASELINE="293 1811 554 1811 915 1828 1891 1828 2046 1825 2184 1825" 
                    HPOS="289.0"
                    VPOS="1737.0"
                    WIDTH="1892.0"
                    HEIGHT="155.0">
            <Shape><Polygon POINTS="289 1807 318 1758 441 1761 466 1737 618 1768 675 1751 749 1779 777 1761 791 1776 834 1772 862 1751 894 1783 926 1772 950 1793 1032 1765 1074 1786 1148 1765 1187 1786 1251 1765 1332 1779 1364 1765 1413 1783 1456 1765 1512 1786 1640 1761 1672 1786 1707 1761 1795 1779 1873 1768 1891 1783 1947 1761 2004 1818 2113 1765 2135 1786 2166 1786 2181 1821 2170 1857 2128 1881 2106 1881 2032 1825 1990 1825 1951 1860 1915 1853 1891 1874 1703 1853 1654 1881 1558 1850 1527 1871 1498 1864 1470 1892 1421 1850 1385 1871 1360 1853 1159 1864 1127 1885 1109 1867 1049 1860 950 1860 873 1881 703 1850 615 1864 590 1846 526 1864 491 1839 311 1853 293 1836"/></Shape>
	    <String CONTENT="וגו&#39; ˙˙ ייי בחכמה יסד ארץ ˙ כשברא הק&#39;ב&#39;ה&#39; את עולמו ברחמים ברא אותו"
                    HPOS="289.0"
                    VPOS="1737.0"
                    WIDTH="1892.0"
                    HEIGHT="155.0"></String>
          </TextLine>

          
          
          <TextLine ID="eSc_line_1656182"
                    
                    BASELINE="311 1903 586 1910 774 1924 1025 1927 1148 1934 1597 1934 2021 1941 2188 1927" 
                    HPOS="307.0"
                    VPOS="1836.0"
                    WIDTH="1877.0"
                    HEIGHT="151.0">
            <Shape><Polygon POINTS="307 1899 357 1846 424 1860 456 1843 501 1846 523 1867 593 1850 618 1871 682 1864 724 1881 795 1860 922 1885 965 1857 1014 1888 1067 1892 1088 1878 1106 1896 1254 1885 1290 1899 1353 1857 1392 1892 1424 1892 1438 1878 1477 1888 1498 1867 1527 1874 1565 1850 1626 1896 1647 1881 1739 1892 1763 1878 1788 1892 1816 1878 1831 1892 1922 1896 1990 1836 2014 1860 2057 1839 2106 1888 2166 1874 2184 1924 2173 1963 2135 1970 2113 1956 2000 1984 1947 1959 1912 1984 1792 1984 1763 1966 1643 1984 1580 1959 1495 1970 1442 1949 1389 1980 1216 1966 1162 1987 1131 1956 1113 1973 1071 1959 1039 1970 1025 1956 996 1970 894 1970 629 1959 583 1938 473 1963 431 1952 395 1917 374 1931 325 1903"/></Shape>
	    <String CONTENT="ואילמלי רחמיו הרבים לא העולכי מתקיים שכל דבר ודבר שברא הק&#39;&#39;"
                    HPOS="307.0"
                    VPOS="1836.0"
                    WIDTH="1877.0"
                    HEIGHT="151.0"></String>
          </TextLine>

          
          
          <TextLine ID="eSc_line_1656183"
                    
                    BASELINE="300 1991 466 2009 664 2012 922 2026 1481 2023 1725 2037 1915 2040 2184 2030" 
                    HPOS="296.0"
                    VPOS="1917.0"
                    WIDTH="1885.0"
                    HEIGHT="173.0">
            <Shape><Polygon POINTS="296 1987 304 1934 314 1945 349 1927 367 1941 399 1917 452 1959 526 1956 551 1977 738 1956 763 1973 798 1959 830 1977 862 1966 873 1980 993 1973 1014 1994 1064 1959 1092 1987 1138 1973 1184 1987 1223 1970 1276 1987 1293 1970 1325 1998 1371 1973 1399 1987 1442 1949 1488 1991 1505 1977 1544 1987 1565 1973 1604 1994 1767 1970 1788 1987 1958 1994 2074 1973 2120 1987 2135 1973 2173 1984 2181 2026 2170 2062 2142 2076 2092 2054 2021 2083 1968 2072 1894 2090 1824 2072 1778 2090 1749 2062 1636 2062 1601 2079 1520 2054 1477 2072 1435 2058 1368 2069 1329 2044 1293 2072 1071 2054 993 2076 943 2051 908 2072 841 2047 813 2065 788 2051 760 2072 735 2054 675 2065 639 2051 622 2065 604 2047 558 2062 487 2026 459 2051 424 2026 388 2054 300 2009"/></Shape>
	    <String CONTENT="ברא כנגדו ונתן אימת זה על זה ˙ ברא ישרﭏ ברא כנגדן אומות העולם ˙"
                    HPOS="296.0"
                    VPOS="1917.0"
                    WIDTH="1885.0"
                    HEIGHT="173.0"></String>
          </TextLine>

          
          
          <TextLine ID="eSc_line_1656184"
                    
                    BASELINE="356 2110 547 2107 795 2122 1657 2122 1862 2129 2194 2129" 
                    HPOS="353.0"
                    VPOS="2026.0"
                    WIDTH="1838.0"
                    HEIGHT="159.0">
            <Shape><Polygon POINTS="353 2107 360 2062 395 2058 427 2026 463 2054 491 2026 562 2069 597 2062 650 2079 742 2062 791 2079 851 2054 912 2090 961 2054 996 2076 1021 2062 1088 2083 1322 2065 1410 2079 1435 2065 1449 2079 1541 2086 1562 2065 1601 2083 1633 2065 1707 2079 1749 2069 1778 2093 1933 2090 1972 2069 2000 2090 2074 2062 2110 2090 2131 2076 2166 2090 2191 2125 2156 2160 2106 2157 2085 2178 2064 2157 2004 2164 1947 2143 1884 2167 1749 2157 1643 2185 1583 2150 1382 2182 1360 2157 1297 2150 1198 2146 1177 2164 1138 2153 1074 2171 993 2150 950 2167 919 2143 897 2164 830 2150 752 2182 721 2150 703 2164 668 2150 611 2167 526 2132 473 2146 438 2129 402 2164 357 2160"/></Shape>
	    <String CONTENT="ואילמלי רחמיו ותקנה שתיקן היו אומות העולם בולעין את ישרﭏ לפי"
                    HPOS="353.0"
                    VPOS="2026.0"
                    WIDTH="1838.0"
                    HEIGHT="159.0"></String>
          </TextLine>

          
          
          <TextLine ID="eSc_line_1656159"
                    
                    BASELINE="300 2210 512 2206 848 2220 1155 2224 2194 2217" 
                    HPOS="296.0"
                    VPOS="2129.0"
                    WIDTH="1895.0"
                    HEIGHT="151.0">
            <Shape><Polygon POINTS="296 2206 339 2153 360 2171 402 2167 448 2129 487 2160 523 2153 554 2167 576 2153 618 2171 639 2157 706 2164 721 2150 752 2182 784 2157 816 2164 830 2150 858 2167 890 2164 919 2139 954 2174 972 2164 996 2182 1039 2164 1102 2178 1141 2153 1177 2167 1201 2146 1254 2153 1286 2185 1329 2171 1346 2185 1431 2185 1449 2171 1470 2185 1516 2160 1594 2189 1611 2171 1647 2185 1753 2157 1820 2182 1855 2167 1877 2189 1901 2167 1933 2185 1965 2167 2004 2185 2053 2171 2096 2185 2149 2167 2191 2213 2138 2273 2050 2273 2011 2252 1976 2270 1930 2256 1884 2273 1866 2256 1813 2259 1795 2245 1749 2270 1721 2252 1647 2256 1611 2280 1573 2252 1544 2263 1505 2245 1474 2266 1385 2270 1357 2245 1307 2259 1254 2242 1219 2263 1177 2238 1053 2263 915 2235 876 2266 837 2270 781 2259 760 2238 689 2252 671 2235 629 2235 590 2256 558 2235 540 2249 501 2238 477 2252 378 2252 357 2231 335 2245 300 2210"/></Shape>
	    <String CONTENT="שעה שהן חיים שכן דוד משורר לולי ייישהים לנו וגו&#39; ˙ אזי חיים בלעונו"
                    HPOS="296.0"
                    VPOS="2129.0"
                    WIDTH="1895.0"
                    HEIGHT="151.0"></String>
          </TextLine>

          
          
          <TextLine ID="eSc_line_1656161"
                    
                    BASELINE="286 2295 392 2305 781 2309 1078 2323 1657 2319 1905 2330 2113 2330 2194 2321" 
                    HPOS="282.0"
                    VPOS="2235.0"
                    WIDTH="1909.0"
                    HEIGHT="151.0">
            <Shape><Polygon POINTS="282 2291 286 2259 325 2259 349 2235 392 2266 406 2252 420 2266 434 2252 509 2266 551 2249 622 2263 668 2235 692 2259 717 2249 869 2280 919 2235 1010 2277 1155 2259 1177 2280 1219 2273 1247 2249 1272 2266 1332 2263 1353 2242 1385 2273 1452 2259 1484 2284 1573 2259 1611 2284 1654 2284 1682 2259 1756 2280 1838 2259 1869 2287 1915 2259 2011 2287 2113 2263 2131 2280 2163 2280 2191 2319 2163 2365 2128 2379 2067 2358 2011 2383 1965 2355 1869 2386 1841 2358 1781 2351 1672 2383 1611 2362 1580 2379 1505 2355 1399 2355 1375 2333 1332 2372 1300 2376 1244 2351 1194 2365 1170 2348 1145 2369 1003 2348 968 2358 943 2333 897 2351 869 2337 820 2351 774 2319 731 2355 703 2333 597 2348 523 2337 484 2355 431 2337 395 2355 349 2323 325 2337 286 2302"/></Shape>
	    <String CONTENT="וגו&#39; ˙ ומה תקנה תיקן הק&#39;ב&#39;ה&#39; ברא להן לאומות העולה שרים לאומות העולם"
                    HPOS="282.0"
                    VPOS="2235.0"
                    WIDTH="1909.0"
                    HEIGHT="151.0"></String>
          </TextLine>

          
          
          <TextLine ID="eSc_line_1656160"
                    
                    BASELINE="329 2397 724 2408 1025 2422 1753 2418 2195 2425" 
                    HPOS="328.0"
                    VPOS="2319.0"
                    WIDTH="1863.0"
                    HEIGHT="166.0">
            <Shape><Polygon POINTS="328 2393 332 2337 349 2326 388 2362 466 2362 533 2337 629 2372 692 2355 724 2365 770 2319 795 2344 848 2358 876 2340 901 2365 940 2333 1010 2372 1035 2351 1056 2369 1145 2372 1173 2348 1230 2376 1261 2355 1283 2376 1318 2379 1378 2337 1403 2362 1442 2369 1505 2358 1537 2386 1604 2369 1668 2386 1714 2365 1841 2362 1877 2390 1905 2376 1937 2386 1979 2355 2011 2386 2053 2386 2074 2365 2135 2379 2191 2422 2159 2453 2106 2468 2067 2446 2021 2478 2000 2457 1958 2478 1922 2453 1848 2471 1834 2457 1739 2468 1707 2450 1689 2468 1629 2457 1608 2478 1565 2471 1548 2485 1516 2457 1463 2460 1421 2436 1382 2453 1346 2439 1314 2464 1265 2464 1244 2443 1219 2464 1155 2453 1106 2482 1032 2446 993 2468 954 2439 869 2457 823 2425 777 2443 745 2432 721 2453 675 2443 653 2418 583 2439 505 2422 395 2443 332 2397"/></Shape>
	    <String CONTENT="שרים למעלה וברא כנגדן ישרﭏ ˙ וברא להן מצﭏ וגבריﭏ שרי ישר&#39; והפיל"
                    HPOS="328.0"
                    VPOS="2319.0"
                    WIDTH="1863.0"
                    HEIGHT="166.0"></String>
          </TextLine>

          
          
          <TextLine ID="eSc_line_1656156"
                    
                    BASELINE="329 2499 463 2496 887 2503 1194 2521 1700 2517 1997 2528 2205 2528" 
                    HPOS="328.0"
                    VPOS="2397.0"
                    WIDTH="1874.0"
                    HEIGHT="198.0">
            <Shape><Polygon POINTS="328 2496 339 2397 381 2439 420 2450 505 2429 572 2457 650 2418 710 2460 933 2443 968 2475 1014 2460 1032 2478 1056 2457 1124 2482 1152 2460 1180 2475 1304 2464 1371 2499 1435 2439 1488 2485 1516 2475 1530 2489 1573 2471 1728 2482 1799 2464 1848 2482 1915 2450 1954 2485 1993 2468 2029 2489 2085 2453 2120 2485 2173 2464 2202 2524 2191 2549 2181 2538 2117 2577 2039 2570 1983 2595 1891 2559 1845 2573 1774 2538 1725 2563 1672 2556 1633 2573 1565 2552 1527 2577 1488 2559 1466 2581 1431 2545 1396 2556 1368 2528 1339 2556 1304 2552 1272 2577 1219 2549 1162 2549 1120 2570 1046 2531 986 2556 950 2531 926 2552 880 2528 848 2545 752 2538 710 2559 625 2517 547 2535 491 2535 463 2506 424 2535 357 2510 332 2521"/></Shape>
	    <String CONTENT="אימתן עד&#39; ניזרי אומוא העולם ˙ ודזמן שישרﭏ עוברין על רצונו של"
                    HPOS="328.0"
                    VPOS="2397.0"
                    WIDTH="1874.0"
                    HEIGHT="198.0"></String>
          </TextLine>

          
          
          <TextLine ID="eSc_line_1656155"
                    
                    BASELINE="297 2593 381 2605 724 2602 993 2616 1597 2619 1891 2634 2078 2634 2208 2624" 
                    HPOS="296.0"
                    VPOS="2521.0"
                    WIDTH="1909.0"
                    HEIGHT="165.0">
            <Shape><Polygon POINTS="296 2591 300 2531 321 2524 402 2521 452 2559 505 2531 537 2563 572 2552 625 2577 675 2545 721 2559 742 2542 795 2538 837 2566 866 2549 915 2566 954 2531 986 2563 1042 2531 1106 2581 1166 2552 1240 2552 1261 2573 1360 2556 1378 2573 1406 2563 1424 2581 1488 2588 1548 2559 1569 2581 1703 2563 1742 2588 1763 2573 1792 2591 1827 2577 1894 2588 1915 2570 2004 2595 2046 2570 2120 2581 2159 2556 2195 2577 2205 2623 2195 2686 2071 2672 2043 2686 2011 2658 1983 2672 1877 2672 1845 2655 1824 2676 1795 2648 1770 2672 1725 2676 1707 2658 1664 2686 1636 2655 1597 2651 1558 2672 1498 2641 1452 2669 1417 2651 1385 2658 1360 2634 1276 2655 1254 2641 1191 2658 1106 2651 1088 2665 975 2634 894 2665 837 2634 791 2655 724 2637 685 2662 611 2634 586 2651 505 2623 374 2648 300 2619"/></Shape>
	    <String CONTENT="מקום עומדין ומקטרגין שרי אומות העולם לפני הק&#39;ב&#39;ה&#39; על ישרﭏ ועמדי&#39;"
                    HPOS="296.0"
                    VPOS="2521.0"
                    WIDTH="1909.0"
                    HEIGHT="165.0"></String>
          </TextLine>

          
          
          <TextLine ID="eSc_line_1656165"
                    
                    BASELINE="304 2690 1060 2718 1208 2715 1809 2732 2208 2722" 
                    HPOS="304.0"
                    VPOS="2630.0"
                    WIDTH="1901.0"
                    HEIGHT="155.0">
            <Shape><Polygon POINTS="304 2686 311 2634 374 2655 533 2658 565 2641 583 2658 749 2665 767 2651 791 2662 834 2630 897 2672 1141 2669 1177 2704 1208 2679 1233 2701 1297 2648 1336 2644 1360 2672 1413 2651 1442 2676 1498 2644 1569 2686 1626 2669 1654 2690 1696 2690 1795 2655 1838 2694 1951 2669 2004 2686 2021 2669 2050 2694 2067 2679 2198 2690 2205 2718 2156 2771 2128 2775 2074 2746 2004 2771 1877 2768 1827 2785 1756 2757 1739 2771 1650 2771 1608 2754 1470 2775 1410 2757 1332 2785 1290 2757 1251 2757 1226 2732 1198 2739 1173 2725 1134 2764 1117 2754 1053 2771 1018 2750 908 2778 851 2739 777 2761 696 2739 653 2771 615 2739 456 2739 417 2718 339 2725 307 2708"/></Shape>
	    <String CONTENT="שרי ישר&#39; בתפלה ובתחינה לפני הק&#39;ב&#39;ה&#39; ˙ וכיון שישרﭏ עושין תשובה"
                    HPOS="304.0"
                    VPOS="2630.0"
                    WIDTH="1901.0"
                    HEIGHT="155.0"></String>
          </TextLine>

          
          
          <TextLine ID="eSc_line_1656157"
                    
                    BASELINE="286 2798 395 2796 876 2817 1261 2817 1438 2824 1739 2824 1891 2814 2142 2817 2208 2810" 
                    HPOS="282.0"
                    VPOS="2729.0"
                    WIDTH="1923.0"
                    HEIGHT="152.0">
            <Shape><Polygon POINTS="282 2796 286 2771 332 2732 406 2729 434 2746 491 2739 530 2757 554 2743 629 2750 646 2768 703 2743 760 2775 823 2750 841 2768 915 2782 954 2761 996 2778 1018 2757 1141 2782 1184 2739 1223 2739 1290 2785 1368 2789 1396 2764 1481 2785 1530 2768 1562 2782 1633 2764 1693 2782 1763 2761 1831 2785 2004 2778 2067 2761 2163 2775 2205 2807 2195 2877 2149 2845 2089 2877 2029 2845 1990 2877 1930 2849 1901 2877 1866 2863 1820 2877 1746 2852 1668 2867 1477 2859 1442 2881 1378 2852 1336 2863 1237 2845 1170 2859 1088 2845 954 2859 887 2835 767 2870 745 2849 724 2859 696 2831 622 2852 558 2835 494 2845 480 2831 402 2838 381 2824 300 2845 286 2831"/></Shape>
	    <String CONTENT="ומשכי מין בכתי כנסיות ועומדי&#39; בזני&quot;לה זב חנונים ועומדים ומטונים את"
                    HPOS="282.0"
                    VPOS="2729.0"
                    WIDTH="1923.0"
                    HEIGHT="152.0"></String>
          </TextLine>

          
          
          <TextLine ID="eSc_line_1656162"
                    
                    BASELINE="286 2902 445 2898 731 2916 1226 2916 1230 2919 1329 2912 2014 2912 2205 2919" 
                    HPOS="282.0"
                    VPOS="2838.0"
                    WIDTH="1920.0"
                    HEIGHT="142.0">
            <Shape><Polygon POINTS="282 2898 318 2852 367 2838 424 2859 452 2845 484 2867 501 2856 583 2874 643 2842 678 2845 710 2874 805 2870 823 2856 858 2867 901 2838 954 2859 1088 2852 1124 2884 1159 2863 1219 2898 1279 2863 1304 2877 1329 2863 1368 2884 1392 2870 1498 2881 1520 2859 1555 2877 1569 2863 1647 2859 1668 2881 1739 2863 1767 2884 1792 2863 1859 2888 1898 2884 1922 2863 1944 2881 1993 2874 2032 2842 2096 2877 2145 2845 2191 2881 2202 2916 2142 2934 2082 2976 2032 2951 1869 2958 1845 2944 1813 2976 1774 2955 1710 2972 1629 2948 1576 2969 1555 2958 1537 2976 1488 2955 1389 2955 1350 2980 1314 2948 1198 2955 1177 2934 1120 2958 1064 2951 1046 2934 993 2955 915 2937 841 2958 774 2937 699 2962 661 2944 593 2972 565 2944 463 2944 431 2927 399 2941 286 2909"/></Shape>
	    <String CONTENT="לבן לאביהר שבשמים מתחברות חמ˙י&#39; ישרﭏ עם תפילתן מזו מתריצה"
                    HPOS="282.0"
                    VPOS="2838.0"
                    WIDTH="1920.0"
                    HEIGHT="142.0"></String>
          </TextLine>

          
          
          <TextLine ID="eSc_line_1656168"
                    
                    BASELINE="286 2997 459 2997 685 3008 1117 3008 1265 3015 2191 3004" 
                    HPOS="282.0"
                    VPOS="2923.0"
                    WIDTH="1906.0"
                    HEIGHT="155.0">
            <Shape><Polygon POINTS="282 2994 300 2944 406 2941 427 2923 459 2955 477 2944 530 2962 551 2948 593 2972 646 2951 675 2969 742 2958 781 2972 809 2951 837 2965 880 2951 947 2965 965 2948 1003 2958 1032 2937 1060 2965 1078 2951 1106 2976 1138 2948 1198 2980 1226 2951 1240 2965 1261 2955 1307 2987 1385 2980 1403 2962 1428 2983 1474 2962 1530 2983 1558 2969 1587 2983 1611 2962 1633 2980 1710 2980 1742 2955 1770 2955 1792 2976 1869 2980 1898 2958 2004 2955 2082 2980 2156 2937 2177 2941 2188 3001 2163 3043 2096 3071 2074 3050 2043 3047 2004 3071 1933 3047 1884 3057 1852 3036 1806 3075 1774 3054 1611 3064 1583 3050 1527 3068 1505 3050 1449 3078 1410 3075 1364 3040 1336 3064 1304 3050 1272 3064 1233 3025 1159 3050 1124 3029 1067 3064 993 3029 965 3043 922 3032 883 3071 834 3064 798 3040 678 3064 653 3040 625 3050 611 3036 512 3061 480 3029 438 3043 289 3001"/></Shape>
	    <String CONTENT="להן הק&#39;ב&#39;ה&#39; ונותן להם כח ומתגבייין איישתן ונותניו אימתן על שרי"
                    HPOS="282.0"
                    VPOS="2923.0"
                    WIDTH="1906.0"
                    HEIGHT="155.0"></String>
          </TextLine>

          
          
          <TextLine ID="eSc_line_1656163"
                    
                    BASELINE="331 3097 1216 3117 1269 3121 2131 3110 2187 3106" 
                    HPOS="328.0"
                    VPOS="3043.0"
                    WIDTH="1856.0"
                    HEIGHT="127.0">
            <Shape><Polygon POINTS="328 3096 332 3043 484 3043 505 3064 540 3050 643 3078 671 3078 721 3047 802 3047 873 3075 915 3047 957 3047 1018 3082 1064 3064 1081 3082 1353 3085 1509 3085 1544 3064 1573 3085 1654 3071 1778 3085 1824 3050 1972 3050 2000 3078 2085 3078 2113 3050 2159 3050 2184 3103 2173 3138 2138 3145 2078 3138 2043 3160 1965 3138 1905 3153 1792 3138 1746 3170 1693 3167 1675 3149 1643 3170 1474 3170 1435 3149 1410 3170 1152 3167 1131 3145 1095 3156 1081 3142 837 3156 791 3135 745 3153 699 3135 625 3167 576 3138 530 3167 470 3131 332 3135"/></Shape>
	    <String CONTENT="אומות העולם ˙ וכשאימתן נופ  ישדרים של מעלה אימה נופלת על"
                    HPOS="328.0"
                    VPOS="3043.0"
                    WIDTH="1856.0"
                    HEIGHT="127.0"></String>
          </TextLine>

          
        </TextBlock>
        
        <TextBlock HPOS="321.0"
                   VPOS="4056.0"
                   WIDTH="106.0"
                   HEIGHT="99.0"
                   ID="eSc_textblock_11594"
                   TAGREFS="BT845">
          <Shape><Polygon POINTS="427 4056 427 4155 321 4155 321 4056"/></Shape>
          
          
          <TextLine ID="eSc_line_1995586"
                    
                    BASELINE="328 4094 428 4113" 
                    HPOS="320.0"
                    VPOS="4054.0"
                    WIDTH="115.0"
                    HEIGHT="98.0">
            <Shape><Polygon POINTS="335 4054 435 4073 420 4152 320 4133"/></Shape>
	    <String CONTENT="ו"
                    HPOS="320.0"
                    VPOS="4054.0"
                    WIDTH="115.0"
                    HEIGHT="98.0"></String>
          </TextLine>

          
        </TextBlock>
        

        
      </PrintSpace>
    </Page>
  </Layout>
</alto>
