<?xml version="1.0" encoding="UTF-8"?>
<alto xmlns:xsi="http://www.w3.org/2001/XMLSchema-instance"
      xmlns="http://www.loc.gov/standards/alto/ns-v4#"
      xsi:schemaLocation="http://www.loc.gov/standards/alto/ns-v4# http://www.loc.gov/standards/alto/v4/alto-4-2.xsd">
  <Description>
    <MeasurementUnit>pixel</MeasurementUnit>
    <sourceImageInformation>
      <fileName>bsb00084914_00017.jpg</fileName>
      
    </sourceImageInformation>
  </Description>
  
  <Tags>
    <OtherTag ID="BT1" LABEL="Title" DESCRIPTION="block type Title"/><OtherTag ID="BT2" LABEL="Main" DESCRIPTION="block type Main"/><OtherTag ID="BT3" LABEL="Commentary" DESCRIPTION="block type Commentary"/><OtherTag ID="BT4" LABEL="Illustration" DESCRIPTION="block type Illustration"/><OtherTag ID="BT844" LABEL="Margin" DESCRIPTION="block type Margin"/><OtherTag ID="BT845" LABEL="Paratext" DESCRIPTION="block type Paratext"/><OtherTag ID="BT978" LABEL="Hole" DESCRIPTION="block type Hole"/>
    <OtherTag ID="LT2" LABEL="Numbering" DESCRIPTION="line type Numbering"/><OtherTag ID="LT3" LABEL="Correction" DESCRIPTION="line type Correction"/>
  </Tags>
  
  <Layout>
    <Page WIDTH="3176"
          HEIGHT="4308"
          PHYSICAL_IMG_NR="16"
          ID="eSc_dummypage_">
      <PrintSpace HPOS="0"
                  VPOS="0"
                  WIDTH="3176"
                  HEIGHT="4308">
        
        <TextBlock HPOS="751.0"
                   VPOS="537.0"
                   WIDTH="2089.0"
                   HEIGHT="2667.0"
                   ID="eSc_textblock_10533"
                   TAGREFS="BT2">
          <Shape><Polygon POINTS="751 537 2840 537 2840 3204 751 3204"/></Shape>
          
          
          <TextLine ID="eSc_line_1643647"
                    
                    BASELINE="851 656 1972 678 2245 678 2741 656 2784 664" 
                    HPOS="847.0"
                    VPOS="585.0"
                    WIDTH="1933.0"
                    HEIGHT="143.0">
            <Shape><Polygon POINTS="847 653 851 624 977 624 1002 610 1059 624 1102 613 1131 585 1282 588 1314 621 1340 606 1361 628 1544 617 1559 631 1620 592 1638 610 1667 603 1724 628 1753 610 1807 631 1907 617 1979 635 2083 635 2166 595 2227 595 2281 635 2349 635 2399 599 2450 617 2486 599 2518 631 2540 617 2568 639 2615 599 2741 599 2770 613 2780 660 2770 703 2561 703 2540 721 2522 710 2468 728 2421 710 2317 725 2263 707 2073 725 2008 710 1879 721 1853 703 1807 721 1760 700 1735 714 1674 700 1652 721 1548 714 1537 700 1365 714 1296 703 1261 718 1196 700 1138 718 1110 700 1088 714 970 714 952 696 851 692"/></Shape>
	    <String CONTENT="במועדו אלא להקיש לדון גזירה שוה שנ&#39; כאן במועדו ונאמ&#39; להלן במועדו"
                    HPOS="847.0"
                    VPOS="585.0"
                    WIDTH="1933.0"
                    HEIGHT="143.0"></String>
          </TextLine>

          
          
          <TextLine ID="eSc_line_1643648"
                    
                    BASELINE="851 761 1695 768 1997 782 2367 779 2690 757 2813 745" 
                    HPOS="847.0"
                    VPOS="685.0"
                    WIDTH="1962.0"
                    HEIGHT="144.0">
            <Shape><Polygon POINTS="847 757 851 714 934 707 998 707 1016 725 1164 714 1199 728 1214 714 1404 721 1433 696 1490 710 1523 700 1537 714 1595 710 1631 739 1677 696 1692 710 1803 710 1825 728 1882 710 1950 725 2015 707 2062 735 2324 735 2371 714 2407 732 2532 725 2572 685 2611 714 2647 685 2673 710 2744 700 2809 743 2737 789 2647 807 2597 796 2558 818 2507 804 2457 825 2378 811 2187 822 2141 807 1979 818 1936 800 1900 825 1861 807 1832 822 1670 807 1613 829 1588 807 1559 822 1534 800 1415 822 1325 804 1296 829 1264 829 1243 807 1192 814 1128 796 1067 811 1027 789 887 811 851 775"/></Shape>
	    <String CONTENT="מה להלן דוחה את השבת ˙ [ושחטו אותו כל ק&#39; ר&#39; ﭏיעזר] אף כאן דוחה את"
                    HPOS="847.0"
                    VPOS="685.0"
                    WIDTH="1962.0"
                    HEIGHT="144.0"></String>
          </TextLine>

          
          
          <TextLine ID="eSc_line_1643651"
                    
                    BASELINE="833 858 1437 875 2310 879 2791 850" 
                    HPOS="829.0"
                    VPOS="789.0"
                    WIDTH="1958.0"
                    HEIGHT="155.0">
            <Shape><Polygon POINTS="829 854 855 807 980 814 1005 789 1063 818 1138 800 1196 822 1243 811 1279 832 1318 807 1350 822 1383 807 1419 829 1519 807 1555 829 1670 829 1706 807 1728 829 1760 829 1803 811 1821 829 1857 818 1904 832 1943 800 1972 829 2037 807 2062 832 2087 814 2148 811 2227 836 2317 814 2396 829 2561 822 2593 800 2716 807 2752 789 2777 807 2787 847 2777 875 2744 872 2705 901 2619 901 2593 886 2572 908 2532 911 2511 893 2471 915 2389 926 2281 915 2263 933 2130 915 2098 944 2001 893 1958 936 1925 919 1785 908 1735 926 1652 911 1534 929 1476 908 1404 915 1368 893 1318 919 1221 901 1196 919 1135 904 1059 926 1034 904 908 897 847 858"/></Shape>
	    <String CONTENT="השבת ˙ ושחטו אותו כל ק&#39; ˙ ר&#39; אליעזר אומ&#39; מניין אתה או&#39; שאם אין להם"
                    HPOS="829.0"
                    VPOS="789.0"
                    WIDTH="1958.0"
                    HEIGHT="155.0"></String>
          </TextLine>

          
          
          <TextLine ID="eSc_line_1643652"
                    
                    BASELINE="829 944 1106 965 1476 965 1724 976 2011 980 2134 980 2396 965 2561 965 2816 944" 
                    HPOS="826.0"
                    VPOS="872.0"
                    WIDTH="1987.0"
                    HEIGHT="158.0">
            <Shape><Polygon POINTS="826 940 869 883 937 911 1005 904 1059 926 1117 908 1322 926 1365 893 1426 936 1447 919 1699 933 1807 915 1925 922 1961 940 2037 904 2098 944 2126 929 2166 940 2198 922 2256 936 2281 922 2446 926 2511 893 2536 915 2576 908 2597 886 2615 901 2708 904 2744 872 2813 940 2798 972 2773 951 2708 998 2493 1005 2414 1026 2374 1008 2324 1019 2299 1001 2213 1030 2187 1005 2166 1019 2008 1012 1961 1026 1835 1023 1792 1005 1559 1005 1476 1026 1444 994 1383 1019 1214 1001 1185 1012 1131 983 1092 1012 1009 1005 984 980 926 1005 829 965"/></Shape>
	    <String CONTENT="לישרﭏ אלא פסח יחידי שכולם יוצאי&#39; בו ידי חובתן ˙ ת&#39;ל&#39; ושחטו אותו ˙ [וש&#39;]"
                    HPOS="826.0"
                    VPOS="872.0"
                    WIDTH="1987.0"
                    HEIGHT="158.0"></String>
          </TextLine>

          
          
          <TextLine ID="eSc_line_1643674"
                    
                    BASELINE="828 1047 1074 1066 1207 1069 2453 1066 2662 1051 2805 1059" 
                    HPOS="826.0"
                    VPOS="980.0"
                    WIDTH="1976.0"
                    HEIGHT="147.0">
            <Shape><Polygon POINTS="826 1044 829 1008 858 980 898 1008 977 1015 995 1001 1092 1012 1120 983 1164 1015 1235 1008 1282 1023 1415 1019 1444 994 1476 1026 1674 1012 1925 1030 2026 1012 2047 1026 2144 1019 2205 1044 2231 1026 2270 1059 2349 1008 2421 1026 2536 1001 2637 1008 2741 987 2791 1023 2802 1055 2744 1094 2619 1091 2550 1098 2525 1116 2468 1098 2385 1127 2306 1094 2234 1109 2195 1091 2162 1123 2098 1120 2083 1105 2037 1123 2008 1109 1663 1105 1616 1087 1566 1109 1286 1109 1228 1091 1185 1120 1142 1094 1124 1109 1070 1094 1027 1109 844 1087 829 1073"/></Shape>
	    <String CONTENT="ושחטו אותו וגו&#39; ˙ מכאן אמ&#39; הפסח נשחט בשלש כתים ˙ קהל עדה וישר&#39;"
                    HPOS="826.0"
                    VPOS="980.0"
                    WIDTH="1976.0"
                    HEIGHT="147.0"></String>
          </TextLine>

          
          
          <TextLine ID="eSc_line_1643653"
                    
                    BASELINE="828 1138 869 1148 955 1155 1494 1152 1667 1155 1922 1170 2256 1170 2601 1152 2820 1155" 
                    HPOS="826.0"
                    VPOS="1084.0"
                    WIDTH="1990.0"
                    HEIGHT="133.0">
            <Shape><Polygon POINTS="826 1134 829 1109 865 1084 919 1105 984 1098 1034 1112 1070 1094 1085 1109 1182 1120 1253 1102 1268 1116 1573 1116 1616 1091 1667 1120 2040 1127 2202 1123 2267 1105 2306 1123 2392 1127 2471 1098 2504 1120 2583 1102 2655 1112 2748 1098 2816 1152 2755 1195 2726 1188 2701 1209 2633 1188 2615 1202 2558 1191 2443 1209 2414 1188 2371 1209 2295 1213 2238 1188 2205 1217 2162 1213 2144 1195 2073 1209 1997 1199 1972 1213 1925 1195 1904 1217 1846 1213 1821 1195 1774 1209 1699 1199 1677 1181 1616 1209 1455 1206 1386 1181 1361 1202 1182 1195 1156 1181 1074 1202 1041 1184 955 1191 934 1170 883 1191 833 1155"/></Shape>
	    <String CONTENT="בין הערביים ˙ שומ&#39; אני עם דמדומי חמה ˙ ת&#39;ל&#39; בערב ˙ אי בערב יכול [משתח&#39;]"
                    HPOS="826.0"
                    VPOS="1084.0"
                    WIDTH="1990.0"
                    HEIGHT="133.0"></String>
          </TextLine>

          
          
          <TextLine ID="eSc_line_1643654"
                    
                    BASELINE="808 1242 959 1238 1498 1256 2795 1249" 
                    HPOS="804.0"
                    VPOS="1170.0"
                    WIDTH="1987.0"
                    HEIGHT="143.0">
            <Shape><Polygon POINTS="804 1238 858 1177 887 1191 926 1170 952 1195 1041 1188 1067 1202 1156 1184 1196 1202 1246 1188 1358 1206 1383 1181 1404 1202 1620 1206 1674 1177 1735 1213 1817 1195 1839 1213 1979 1213 1993 1199 2047 1217 2130 1206 2166 1220 2198 1220 2227 1191 2295 1220 2353 1220 2389 1195 2417 1213 2493 1213 2507 1199 2572 1213 2644 1188 2683 1206 2759 1199 2791 1245 2752 1285 2619 1303 2543 1295 2514 1313 2482 1299 2335 1295 2173 1306 2119 1288 2037 1306 1940 1299 1922 1285 1850 1299 1832 1281 1756 1299 1735 1278 1706 1295 1372 1281 1329 1292 1282 1274 1002 1288 980 1267 901 1285 808 1249"/></Shape>
	    <String CONTENT="משתחשך חמה ˙ ת&#39;ל&#39; כבוא השמש ˙ אי כבוא השמש ובשלת ואכלת ˙ ת&#39;ל&#39;"
                    HPOS="804.0"
                    VPOS="1170.0"
                    WIDTH="1987.0"
                    HEIGHT="143.0"></String>
          </TextLine>

          
          
          <TextLine ID="eSc_line_1643663"
                    
                    BASELINE="837 1328 1034 1342 1580 1339 2073 1357 2507 1357 2816 1346" 
                    HPOS="833.0"
                    VPOS="1270.0"
                    WIDTH="1980.0"
                    HEIGHT="148.0">
            <Shape><Polygon POINTS="833 1324 858 1270 894 1288 980 1278 995 1292 1279 1274 1300 1292 1379 1299 1702 1299 1731 1281 1760 1303 1814 1288 1875 1306 1914 1288 1936 1310 2328 1306 2414 1321 2759 1292 2813 1342 2694 1396 2597 1382 2565 1403 2504 1400 2475 1418 2435 1389 2374 1410 2252 1396 2223 1418 2195 1389 2047 1410 2026 1392 1843 1396 1799 1371 1774 1385 1738 1367 1681 1389 1652 1378 1591 1389 1559 1371 1516 1389 1426 1378 1401 1392 1246 1367 873 1382 837 1357"/></Shape>
	    <String CONTENT="מועד צאתך ˙ הפסיק העניין ובשלת ואכלת ˙ מי שחשיכה ר&#39; או&#39; הרי הוא או&#39;"
                    HPOS="833.0"
                    VPOS="1270.0"
                    WIDTH="1980.0"
                    HEIGHT="148.0"></String>
          </TextLine>

          
          
          <TextLine ID="eSc_line_1643664"
                    
                    BASELINE="857 1421 1300 1428 1595 1439 2022 1439 2231 1450 2726 1443 2812 1458" 
                    HPOS="855.0"
                    VPOS="1364.0"
                    WIDTH="1954.0"
                    HEIGHT="147.0">
            <Shape><Polygon POINTS="855 1418 873 1382 1052 1378 1067 1364 1102 1385 1225 1374 1512 1389 1555 1374 1570 1389 1685 1400 1735 1371 1799 1400 1911 1385 2044 1410 2162 1407 2191 1389 2223 1421 2252 1403 2374 1410 2432 1392 2461 1418 2719 1392 2759 1400 2809 1457 2773 1453 2716 1489 2644 1479 2543 1497 2507 1479 2464 1511 2410 1482 2331 1500 2252 1486 1983 1493 1896 1471 1850 1482 1814 1446 1767 1486 1738 1486 1713 1461 1677 1482 1598 1482 1552 1450 1512 1471 1411 1479 1379 1450 1293 1475 1110 1468 1085 1453 1041 1475 970 1461 887 1475 858 1453"/></Shape>
	    <String CONTENT="שם תזבח וגו&#39; ˙ ˙ שומע אני כשומעו ˙ ת&#39;ל&#39; מועד צאתך ממצרים ˙ אימתי"
                    HPOS="855.0"
                    VPOS="1364.0"
                    WIDTH="1954.0"
                    HEIGHT="147.0"></String>
          </TextLine>

          
          
          <TextLine ID="eSc_line_1643655"
                    
                    BASELINE="857 1514 1720 1525 2198 1543 2389 1543 2812 1525" 
                    HPOS="855.0"
                    VPOS="1450.0"
                    WIDTH="1954.0"
                    HEIGHT="147.0">
            <Shape><Polygon POINTS="855 1511 865 1475 959 1464 1034 1479 1085 1461 1286 1479 1383 1453 1408 1479 1473 1464 1609 1486 1681 1482 1710 1461 1756 1489 1814 1450 1850 1486 1896 1471 1922 1489 2101 1500 2389 1489 2475 1511 2504 1482 2550 1500 2651 1479 2755 1482 2809 1522 2665 1583 2583 1568 2554 1586 2514 1576 2439 1597 2284 1568 2227 1583 2205 1561 2180 1586 2026 1586 2004 1565 1979 1583 1943 1561 1911 1576 1746 1568 1677 1586 1641 1558 1570 1590 1534 1565 1473 1554 1440 1568 1397 1554 1264 1568 1228 1547 1185 1572 973 1543 952 1561 901 1565 858 1525"/></Shape>
	    <String CONTENT="יצאו ישר&#39; ממצרים ˙ משש שעו&#39; ולמעלן ˙ וכן הוא או&#39; ויהי בעצם היום"
                    HPOS="855.0"
                    VPOS="1450.0"
                    WIDTH="1954.0"
                    HEIGHT="147.0"></String>
          </TextLine>

          
          
          <TextLine ID="eSc_line_1643656"
                    
                    BASELINE="808 1619 977 1629 2015 1626 2274 1637 2468 1637 2716 1626 2805 1633" 
                    HPOS="804.0"
                    VPOS="1532.0"
                    WIDTH="1998.0"
                    HEIGHT="166.0">
            <Shape><Polygon POINTS="804 1615 808 1579 873 1532 905 1565 952 1565 988 1543 1088 1572 1286 1572 1332 1558 1487 1565 1552 1586 1627 1568 1674 1583 1738 1568 1911 1579 1943 1561 1990 1586 2101 1576 2284 1593 2320 1579 2443 1597 2507 1576 2547 1593 2579 1568 2622 1590 2712 1572 2755 1583 2802 1629 2708 1676 2644 1665 2583 1690 2558 1672 2493 1672 2403 1698 2360 1669 2324 1687 2270 1662 2166 1698 2094 1658 2062 1676 2033 1647 1990 1680 1958 1658 1861 1683 1828 1662 1620 1676 1602 1662 1451 1658 1437 1672 1347 1654 1225 1665 1142 1644 1120 1662 1049 1665 901 1654 840 1690 808 1658"/></Shape>
	    <String CONTENT="הזה וגו&#39; ˙ ר&#39; נתן או&#39; מניין ראייה לבין הערבים שהוא משש שעות ולמעלן ˙"
                    HPOS="804.0"
                    VPOS="1532.0"
                    WIDTH="1998.0"
                    HEIGHT="166.0"></String>
          </TextLine>

          
          
          <TextLine ID="eSc_line_1643657"
                    
                    BASELINE="858 1705 988 1716 1261 1712 1562 1723 1832 1723 2055 1730 2683 1730 2795 1719" 
                    HPOS="855.0"
                    VPOS="1647.0"
                    WIDTH="1936.0"
                    HEIGHT="151.0">
            <Shape><Polygon POINTS="855 1701 901 1654 926 1669 1120 1669 1149 1647 1214 1672 1343 1658 1376 1672 1530 1669 1620 1687 1796 1680 1817 1665 1843 1683 1990 1680 2029 1647 2065 1683 2094 1662 2162 1701 2238 1687 2259 1665 2299 1690 2360 1680 2403 1701 2532 1680 2604 1694 2637 1669 2680 1665 2726 1680 2766 1658 2791 1716 2726 1766 2640 1780 2532 1769 2464 1798 2439 1777 2364 1784 2295 1762 2259 1787 2231 1766 2162 1777 2098 1766 2058 1741 2037 1759 1976 1766 1914 1751 1886 1769 1832 1759 1692 1777 1620 1755 1498 1766 1465 1733 1429 1762 1361 1751 1343 1769 1228 1730 1189 1762 1135 1744 1049 1762 923 1755 901 1730 883 1744 858 1737"/></Shape>
	    <String CONTENT="א&#39;ע&#39;פ&#39; שאין ראיה לדבר זכר לדבר ˙ שנ&#39; כי פנה היום ˙ כי ינטו צללו ערב ˙ ר&#39;"
                    HPOS="855.0"
                    VPOS="1647.0"
                    WIDTH="1936.0"
                    HEIGHT="151.0"></String>
          </TextLine>

          
          
          <TextLine ID="eSc_line_1643658"
                    
                    BASELINE="843 1793 1289 1816 2015 1816 2518 1830 2795 1820" 
                    HPOS="840.0"
                    VPOS="1748.0"
                    WIDTH="1951.0"
                    HEIGHT="140.0">
            <Shape><Polygon POINTS="840 1791 873 1751 1128 1762 1142 1748 1156 1766 1225 1773 1257 1755 1336 1769 1397 1755 1455 1777 1627 1755 1699 1777 1782 1766 1817 1784 1983 1777 2069 1748 2126 1777 2234 1766 2263 1787 2295 1762 2367 1787 2439 1777 2461 1795 2755 1769 2791 1816 2734 1866 2655 1866 2604 1888 2565 1848 2522 1888 2403 1870 2382 1848 2320 1881 2213 1859 1972 1877 1925 1848 1889 1863 1853 1845 1817 1870 1764 1856 1724 1870 1674 1852 1631 1877 1602 1848 1552 1866 1526 1841 1455 1873 1390 1838 1365 1859 1286 1852 1250 1866 1228 1852 1189 1866 1128 1848 1081 1870 1041 1845 970 1845 952 1859 844 1838"/></Shape>
	    <String CONTENT="שמעון בן יוחי או&#39; בא הכת&#39; להשוות ראשון אחרון ואחרון ראשון מועד"
                    HPOS="840.0"
                    VPOS="1748.0"
                    WIDTH="1951.0"
                    HEIGHT="140.0"></String>
          </TextLine>

          
          
          <TextLine ID="eSc_line_1643659"
                    
                    BASELINE="843 1903 1282 1917 2807 1909" 
                    HPOS="840.0"
                    VPOS="1838.0"
                    WIDTH="1965.0"
                    HEIGHT="140.0">
            <Shape><Polygon POINTS="840 1902 844 1866 894 1845 952 1859 988 1841 1063 1870 1131 1856 1289 1870 1365 1863 1390 1838 1419 1866 1473 1870 1526 1838 1566 1877 1631 1881 1817 1873 1850 1848 1879 1877 1925 1852 1965 1881 2159 1881 2216 1866 2263 1884 2288 1870 2349 1877 2378 1852 2399 1873 2565 1877 2586 1895 2640 1870 2759 1866 2805 1906 2795 1935 2780 1924 2726 1963 2647 1956 2619 1978 2586 1956 2439 1974 2346 1970 2328 1956 2310 1970 2094 1970 2069 1949 2040 1963 2001 1952 1986 1967 1943 1952 1914 1967 1738 1967 1717 1952 1598 1967 1577 1945 1555 1960 1350 1949 1322 1978 1279 1949 1225 1978 1149 1952 1059 1956 1031 1938 970 1970 941 1942 898 1949 862 1913 844 1927"/></Shape>
	    <String CONTENT="צאתך לשחיטתו ˙ כבוא השמש לצלייתו ˙ בערב לאכילתן ˙ בן בתירה או&#39; בין"
                    HPOS="840.0"
                    VPOS="1838.0"
                    WIDTH="1965.0"
                    HEIGHT="140.0"></String>
          </TextLine>

          
          
          <TextLine ID="eSc_line_1643660"
                    
                    BASELINE="1300 2003 1649 2017 2338 2017 2626 2010 2723 2010 2807 2016" 
                    HPOS="1296.0"
                    VPOS="1945.0"
                    WIDTH="1509.0"
                    HEIGHT="133.0">
            <Shape><Polygon POINTS="1296 1999 1300 1974 1318 1981 1372 1956 1419 1967 1440 1949 1462 1967 1541 1967 1577 1945 1602 1970 1749 1970 1864 1952 1914 1967 1940 1949 1965 1967 2001 1952 2040 1963 2069 1945 2105 1974 2270 1967 2292 1981 2507 1967 2622 1978 2651 1956 2752 1960 2805 2013 2662 2067 2640 2046 2529 2060 2479 2046 2335 2057 2295 2042 2234 2078 2101 2046 1968 2057 1932 2042 1724 2071 1695 2053 1300 2042"/></Shape>
	    <String CONTENT="הערבים שוחטהו תן ערב לשחיטתו ותן ערב לאכילה ˙˙"
                    HPOS="1296.0"
                    VPOS="1945.0"
                    WIDTH="1509.0"
                    HEIGHT="133.0"></String>
          </TextLine>

          
          
          <TextLine ID="eSc_line_d373efe1"
                    
                    BASELINE="2280 2109 2410 2114 2809 2125" 
                    HPOS="2277.0"
                    VPOS="2042.0"
                    WIDTH="528.0"
                    HEIGHT="201.0">
            <Shape><Polygon POINTS="2277 2107 2284 2057 2306 2049 2335 2067 2392 2042 2417 2057 2475 2042 2532 2060 2633 2046 2701 2078 2798 2078 2805 2121 2795 2211 2734 2211 2708 2232 2669 2207 2583 2243 2550 2218 2475 2240 2385 2207 2364 2225 2281 2236"/></Shape>
	    <String CONTENT="פרשה ו&#39;"
                    HPOS="2277.0"
                    VPOS="2042.0"
                    WIDTH="528.0"
                    HEIGHT="201.0"></String>
          </TextLine>

          
          
          <TextLine ID="eSc_line_1643670"
                    
                    BASELINE="838 2103 2065 2100 2193 2106" 
                    HPOS="837.0"
                    VPOS="2024.0"
                    WIDTH="1354.0"
                    HEIGHT="122.0">
            <Shape><Polygon POINTS="837 2100 840 2024 1002 2024 1027 2049 1074 2024 1120 2024 1192 2064 1235 2039 1343 2039 1379 2067 1411 2053 1476 2067 1548 2049 1886 2067 1936 2046 1993 2067 2011 2053 2080 2067 2105 2046 2148 2046 2180 2064 2191 2103 2180 2136 2094 2146 2011 2143 1993 2128 1950 2146 1853 2146 1821 2128 1792 2146 1746 2128 1695 2146 1462 2146 1437 2128 1379 2146 1325 2146 1296 2128 1235 2128 1214 2146 1167 2146 1149 2128 840 2128"/></Shape>
	    <String CONTENT="ולקחו מן הדם ˙ שומע אני בין ביד בין [כלי] בכלי ת&#39;ל&#39;"
                    HPOS="837.0"
                    VPOS="2024.0"
                    WIDTH="1354.0"
                    HEIGHT="122.0"></String>
          </TextLine>

          
          
          <TextLine ID="eSc_line_1643675"
                    
                    BASELINE="811 2204 2105 2204 2183 2196" 
                    HPOS="808.0"
                    VPOS="2121.0"
                    WIDTH="1372.0"
                    HEIGHT="147.0">
            <Shape><Polygon POINTS="808 2200 811 2154 844 2121 876 2154 934 2125 955 2146 1049 2154 1131 2154 1149 2136 1178 2161 1268 2136 1289 2154 1390 2157 1429 2132 1476 2161 1562 2157 1591 2132 1685 2157 1738 2132 1760 2154 1914 2161 1936 2146 1968 2154 1990 2132 2033 2157 2073 2157 2130 2154 2170 2125 2180 2193 2155 2229 2108 2254 2004 2236 1932 2247 1900 2268 1839 2232 1577 2250 1250 2232 1174 2261 1153 2240 833 2247 811 2225"/></Shape>
	    <String CONTENT="אשר בסף ˙ מגיד הכת&#39; שעוקה חוצץ בצד [האסקו&#39;]"
                    HPOS="808.0"
                    VPOS="2121.0"
                    WIDTH="1372.0"
                    HEIGHT="147.0"></String>
          </TextLine>

          
          
          <TextLine ID="eSc_line_1643672"
                    
                    BASELINE="828 2304 1904 2301 2198 2311 2687 2315 2812 2321" 
                    HPOS="826.0"
                    VPOS="2215.0"
                    WIDTH="1983.0"
                    HEIGHT="157.0">
            <Shape><Polygon POINTS="826 2301 847 2254 1020 2240 1138 2247 1182 2265 1250 2240 1372 2240 1433 2258 1598 2243 1631 2254 1663 2240 1710 2254 1735 2232 1767 2247 1835 2232 1886 2268 2033 2243 2130 2254 2144 2268 2184 2250 2249 2265 2288 2243 2346 2250 2403 2222 2425 2240 2522 2243 2550 2225 2590 2243 2655 2215 2683 2243 2712 2232 2770 2268 2809 2319 2762 2351 2629 2351 2608 2369 2576 2351 2432 2344 2116 2355 2040 2329 1986 2358 1958 2358 1936 2337 1868 2372 1792 2337 1767 2351 1688 2351 1649 2333 1537 2362 1411 2329 1390 2347 1253 2351 1185 2351 1153 2329 1120 2355 1095 2329 1074 2351 959 2337 873 2347 829 2322"/></Shape>
	    <String CONTENT="האסקופה ושוחט בתוכה ˙ אין סף אלא אסקופה שנ&#39; בתתם סיפם את"
                    HPOS="826.0"
                    VPOS="2215.0"
                    WIDTH="1983.0"
                    HEIGHT="157.0"></String>
          </TextLine>

          
          
          <TextLine ID="eSc_line_1643666"
                    
                    BASELINE="828 2395 970 2405 2787 2398" 
                    HPOS="826.0"
                    VPOS="2333.0"
                    WIDTH="1958.0"
                    HEIGHT="133.0">
            <Shape><Polygon POINTS="826 2394 862 2344 1099 2344 1146 2362 1171 2344 1243 2358 1318 2340 1390 2351 1408 2333 1537 2365 1652 2337 1681 2355 1832 2355 1853 2372 1904 2351 1986 2362 2011 2337 2033 2351 2367 2355 2396 2372 2421 2347 2450 2362 2554 2355 2590 2372 2633 2355 2773 2358 2784 2394 2744 2444 2701 2423 2662 2455 2619 2437 2593 2455 2522 2441 2500 2455 2360 2455 2346 2441 2238 2451 2216 2430 2177 2451 2090 2441 2037 2455 1940 2441 1882 2455 1789 2437 1724 2448 1706 2430 1663 2448 1623 2430 1595 2444 1404 2448 1376 2426 1329 2444 1304 2423 1228 2448 1124 2444 1110 2430 1081 2448 1013 2437 980 2462 905 2444 851 2466 829 2444"/></Shape>
	    <String CONTENT="סיפי וגו&#39; ˙ וכת&#39; וינועו אמות הסיפים דברי ר&#39; ישמעﭏ ˙ ר&#39; עקיבה או&#39; אין סף"
                    HPOS="826.0"
                    VPOS="2333.0"
                    WIDTH="1958.0"
                    HEIGHT="133.0"></String>
          </TextLine>

          
          
          <TextLine ID="eSc_line_1643667"
                    
                    BASELINE="962 2498 1835 2498 2004 2505 2338 2505 2812 2491" 
                    HPOS="959.0"
                    VPOS="2419.0"
                    WIDTH="1850.0"
                    HEIGHT="137.0">
            <Shape><Polygon POINTS="959 2495 962 2459 1332 2448 1358 2426 1393 2451 1674 2451 1789 2434 1843 2455 2180 2459 2213 2434 2241 2459 2346 2444 2396 2462 2425 2448 2536 2459 2572 2441 2597 2455 2662 2451 2701 2419 2734 2448 2770 2434 2809 2487 2762 2527 2680 2548 2590 2545 2547 2509 2496 2545 2320 2538 2302 2552 2069 2530 2037 2556 1947 2534 1843 2545 1789 2523 1609 2552 1508 2534 1462 2552 1447 2538 1358 2541 1322 2523 1142 2548 1088 2541 1063 2520 1005 2538 962 2530"/></Shape>
	    <String CONTENT="אלא כלי ˙ כשהוא או&#39; והספים והמזר&#39; והכפות והמ?ח&#39; זהב סגור ˙˙"
                    HPOS="959.0"
                    VPOS="2419.0"
                    WIDTH="1850.0"
                    HEIGHT="137.0"></String>
          </TextLine>

          
          
          <TextLine ID="eSc_line_1643668"
                    
                    BASELINE="790 2588 1286 2588 1501 2599 1843 2606 2694 2599 2809 2602" 
                    HPOS="786.0"
                    VPOS="2513.0"
                    WIDTH="2019.0"
                    HEIGHT="150.0">
            <Shape><Polygon POINTS="786 2584 790 2556 804 2566 855 2530 948 2530 973 2545 1045 2520 1117 2548 1246 2545 1289 2527 1307 2545 1476 2548 1512 2534 1541 2548 1663 2538 1728 2552 1796 2527 1843 2559 1929 2545 1997 2559 2033 2556 2062 2527 2152 2552 2504 2552 2554 2513 2593 2552 2759 2541 2805 2599 2726 2645 2694 2624 2651 2645 2514 2635 2399 2656 2360 2627 2313 2624 2187 2642 2055 2635 2040 2649 1879 2638 1799 2663 1713 2635 1670 2649 1595 2635 1552 2645 1494 2613 1415 2642 1393 2624 1296 2624 1142 2645 1038 2624 977 2638 944 2617 908 2635 887 2613 829 2642 801 2613 790 2620"/></Shape>
	    <String CONTENT="ונתנו על שתי המזוזות ועל המשקוף מבפנים ˙ אתה או&#39; מבפנים או אינו"
                    HPOS="786.0"
                    VPOS="2513.0"
                    WIDTH="2019.0"
                    HEIGHT="150.0"></String>
          </TextLine>

          
          
          <TextLine ID="eSc_line_1643669"
                    
                    BASELINE="808 2678 1023 2688 1419 2688 1936 2706 2812 2689" 
                    HPOS="804.0"
                    VPOS="2613.0"
                    WIDTH="2005.0"
                    HEIGHT="154.0">
            <Shape><Polygon POINTS="804 2674 876 2613 937 2653 1041 2631 1257 2645 1300 2624 1332 2645 1390 2624 1437 2653 1490 2613 1523 2645 1616 2638 1717 2660 1749 2645 1771 2663 1835 2656 1864 2674 1918 2649 1940 2663 1954 2649 2044 2656 2058 2642 2130 2656 2209 2635 2274 2656 2313 2624 2364 2631 2399 2660 2457 2645 2622 2656 2698 2624 2723 2649 2762 2635 2809 2688 2730 2739 2604 2746 2536 2724 2507 2753 2464 2731 2428 2767 2364 2739 2324 2749 2220 2728 2170 2746 1972 2749 1914 2706 1871 2735 1771 2739 1753 2757 1613 2728 1566 2742 1523 2724 1462 2735 1444 2717 1404 2742 1322 2728 1282 2739 1199 2728 1164 2706 1081 2731 1038 2710 1002 2731 869 2717 829 2678"/></Shape>
	    <String CONTENT="אלא מבחוץ ˙ ת&#39;ל&#39; וראיתי את הדם הנראה לי ולא לאחרים דברי ר&#39;"
                    HPOS="804.0"
                    VPOS="2613.0"
                    WIDTH="2005.0"
                    HEIGHT="154.0"></String>
          </TextLine>

          
          
          <TextLine ID="eSc_line_1643673"
                    
                    BASELINE="826 2778 930 2775 1160 2789 1440 2793 1580 2803 1749 2807 2525 2803 2759 2796 2812 2787" 
                    HPOS="822.0"
                    VPOS="2714.0"
                    WIDTH="1987.0"
                    HEIGHT="150.0">
            <Shape><Polygon POINTS="822 2775 826 2742 855 2714 998 2742 1045 2714 1074 2742 1102 2728 1131 2746 1264 2749 1325 2735 1570 2757 1613 2731 1681 2760 1789 2760 1857 2731 1918 2775 1947 2753 2011 2760 2040 2739 2090 2760 2184 2753 2205 2735 2428 2767 2461 2735 2504 2757 2543 2724 2604 2753 2647 2735 2673 2749 2762 2746 2809 2785 2730 2836 2529 2846 2435 2814 2292 2864 2263 2843 2152 2846 2126 2825 2069 2854 1914 2821 1864 2846 1803 2828 1778 2854 1706 2854 1667 2821 1584 2854 1566 2836 1516 2850 1473 2828 1422 2846 1386 2821 1318 2846 1253 2846 1138 2814 1106 2843 919 2825 826 2796"/></Shape>
	    <String CONTENT="ישמעﭏ ˙ ר&#39; יונתן או&#39; מבפנים ˙ אתה או&#39; מבפנים או אינו אלא [מבח&#39;]"
                    HPOS="822.0"
                    VPOS="2714.0"
                    WIDTH="1987.0"
                    HEIGHT="150.0"></String>
          </TextLine>

          
          
          <TextLine ID="eSc_line_1643662"
                    
                    BASELINE="833 2879 952 2879 1135 2889 1692 2889 1918 2900 2565 2900 2812 2886" 
                    HPOS="829.0"
                    VPOS="2807.0"
                    WIDTH="1980.0"
                    HEIGHT="151.0">
            <Shape><Polygon POINTS="829 2875 833 2828 873 2807 959 2843 977 2828 1110 2839 1149 2810 1221 2843 1336 2843 1386 2818 1419 2846 1473 2825 1516 2854 1627 2850 1670 2821 1706 2857 1778 2854 1803 2828 1868 2857 1954 2854 1990 2832 2019 2854 2090 2854 2126 2825 2159 2857 2259 2850 2281 2864 2392 2857 2446 2814 2511 2857 2593 2854 2619 2836 2647 2850 2752 2839 2780 2864 2798 2850 2809 2882 2798 2929 2762 2918 2633 2943 2586 2922 2565 2940 2532 2918 2493 2922 2464 2950 2399 2922 2295 2950 2223 2947 2205 2929 2170 2958 2144 2940 2029 2947 2015 2933 1896 2958 1516 2925 1401 2940 1246 2933 1225 2918 1124 2936 944 2911 923 2929 833 2893"/></Shape>
	    <String CONTENT="מבחוץ ˙ ת&#39;ל&#39; והיה הדם לכם לאות ˙ לכם לאות ˙ ולא לאחרים לאות ˙ ר&#39;"
                    HPOS="829.0"
                    VPOS="2807.0"
                    WIDTH="1980.0"
                    HEIGHT="151.0"></String>
          </TextLine>

          
          
          <TextLine ID="eSc_line_1643649"
                    
                    BASELINE="779 2976 930 2976 1156 2990 1347 2994 2812 2994" 
                    HPOS="776.0"
                    VPOS="2918.0"
                    WIDTH="2033.0"
                    HEIGHT="147.0">
            <Shape><Polygon POINTS="776 2972 826 2929 962 2936 980 2918 1067 2943 1106 2929 1124 2943 1160 2933 1354 2950 1498 2936 1544 2958 1641 2943 1692 2958 1782 2943 1907 2958 2008 2940 2331 2958 2392 2922 2461 2954 2493 2922 2536 2922 2576 2961 2597 2940 2723 2947 2770 2918 2798 2929 2809 2990 2773 3029 2734 3029 2701 3062 2665 3040 2608 3062 2568 3033 2507 3055 2435 3044 2403 3022 2371 3044 2320 3033 2277 3051 2177 3033 2144 3065 2090 3040 2001 3029 1983 3047 1882 3033 1853 3047 1710 3037 1631 3051 1616 3037 1483 3029 1433 3044 1361 3015 1314 3055 1250 3022 1102 3037 1056 3015 955 3015 912 3037 869 3026 833 3051 779 2997"/></Shape>
	    <String CONTENT="יצחק או&#39; לעולם מבחוץ כדי שיהיו המצריים רואים ומיעיהם מתחתכין"
                    HPOS="776.0"
                    VPOS="2918.0"
                    WIDTH="2033.0"
                    HEIGHT="147.0"></String>
          </TextLine>

          
          
          <TextLine ID="eSc_line_1643650"
                    
                    BASELINE="794 3080 1225 3094 2814 3101" 
                    HPOS="794.0"
                    VPOS="3029.0"
                    WIDTH="2019.0"
                    HEIGHT="123.0">
            <Shape><Polygon POINTS="794 3076 801 3058 912 3047 941 3029 998 3029 1045 3051 1074 3033 1095 3047 1146 3029 1264 3062 1314 3033 1501 3033 1566 3062 1670 3055 1688 3040 1746 3065 1792 3040 1810 3058 1835 3044 1857 3065 1918 3047 1936 3065 2001 3051 2019 3065 2087 3065 2108 3051 2130 3065 2267 3069 2356 3069 2392 3040 2435 3040 2479 3065 2500 3055 2514 3069 2572 3069 2597 3047 2622 3062 2644 3040 2694 3069 2759 3051 2805 3069 2813 3098 2802 3126 2658 3152 2464 3152 2450 3137 2417 3152 2396 3137 2371 3152 2259 3152 2216 3126 2166 3144 2112 3123 2051 3144 1997 3126 1958 3144 1940 3130 1918 3148 1828 3126 1810 3144 1785 3134 1706 3148 1677 3130 1476 3144 1462 3130 1350 3134 1332 3119 1160 3119 1120 3141 1016 3141 988 3116 851 3141 797 3116"/></Shape>
	    <String CONTENT="˙˙ ונתנו על שתי המזוזות ˙ שומע אני הקדים זה לזה יצא נמצאינו"
                    HPOS="794.0"
                    VPOS="3029.0"
                    WIDTH="2019.0"
                    HEIGHT="123.0"></String>
          </TextLine>

          
        </TextBlock>
        
        <TextBlock HPOS="1862.0"
                   VPOS="2657.0"
                   WIDTH="112.0"
                   HEIGHT="200.0"
                   ID="eSc_textblock_4d96c5a2"
                   TAGREFS="BT978">
          <Shape><Polygon POINTS="1869 2657 1862 2852 1969 2857 1974 2660"/></Shape>
          
        </TextBlock>
        

        
      </PrintSpace>
    </Page>
  </Layout>
</alto>
