<?xml version="1.0" encoding="UTF-8"?>
<alto xmlns:xsi="http://www.w3.org/2001/XMLSchema-instance"
      xmlns="http://www.loc.gov/standards/alto/ns-v4#"
      xsi:schemaLocation="http://www.loc.gov/standards/alto/ns-v4# http://www.loc.gov/standards/alto/v4/alto-4-2.xsd">
  <Description>
    <MeasurementUnit>pixel</MeasurementUnit>
    <sourceImageInformation>
      <fileName>bsb00084914_00344.jpg</fileName>
      
    </sourceImageInformation>
  </Description>
  
  <Tags>
    <OtherTag ID="BT1" LABEL="Title" DESCRIPTION="block type Title"/><OtherTag ID="BT2" LABEL="Main" DESCRIPTION="block type Main"/><OtherTag ID="BT3" LABEL="Commentary" DESCRIPTION="block type Commentary"/><OtherTag ID="BT4" LABEL="Illustration" DESCRIPTION="block type Illustration"/><OtherTag ID="BT844" LABEL="Margin" DESCRIPTION="block type Margin"/><OtherTag ID="BT845" LABEL="Paratext" DESCRIPTION="block type Paratext"/><OtherTag ID="BT978" LABEL="Hole" DESCRIPTION="block type Hole"/>
    <OtherTag ID="LT2" LABEL="Numbering" DESCRIPTION="line type Numbering"/><OtherTag ID="LT3" LABEL="Correction" DESCRIPTION="line type Correction"/>
  </Tags>
  
  <Layout>
    <Page WIDTH="3040"
          HEIGHT="4308"
          PHYSICAL_IMG_NR="343"
          ID="eSc_dummypage_">
      <PrintSpace HPOS="0"
                  VPOS="0"
                  WIDTH="3040"
                  HEIGHT="4308">
        
        <TextBlock HPOS="238.0"
                   VPOS="554.0"
                   WIDTH="1942.0"
                   HEIGHT="2633.0"
                   ID="eSc_textblock_10860"
                   TAGREFS="BT2">
          <Shape><Polygon POINTS="238 583 2180 554 2180 3187 238 3153"/></Shape>
          
          
          <TextLine ID="eSc_line_1653281"
                    
                    BASELINE="263 640 819 667 1002 667 1778 642 2155 637" 
                    HPOS="262.0"
                    VPOS="577.0"
                    WIDTH="1890.0"
                    HEIGHT="130.0">
            <Shape><Polygon POINTS="262 639 265 588 459 595 499 617 560 588 661 588 707 606 772 595 794 613 819 585 916 613 970 613 1016 592 1078 613 1124 585 1153 613 1279 613 1297 599 1552 610 1570 595 1595 610 1670 588 1703 610 1861 610 1908 581 1976 606 2026 577 2141 577 2152 635 2145 667 2059 685 2023 671 2005 685 1972 667 1940 689 1911 671 1764 692 1714 671 1674 689 1627 674 1570 696 1552 682 1494 692 1462 678 1430 700 1390 685 1376 703 1268 703 1236 682 1157 703 1070 689 941 703 887 700 866 682 790 707 751 689 639 707 571 678 553 696 445 707 413 685 398 696 269 678"/></Shape>
	    <String CONTENT="לעשות מצות ˙ ר&#39; בנאיה פתר קרייה במשנאות ˙ דא&#39;ר&#39; בנאיה כריך אדם"
                    HPOS="262.0"
                    VPOS="577.0"
                    WIDTH="1890.0"
                    HEIGHT="130.0"></String>
          </TextLine>

          
          
          <TextLine ID="eSc_line_1653295"
                    
                    BASELINE="263 763 431 761 528 768 1412 768 2134 743" 
                    HPOS="262.0"
                    VPOS="678.0"
                    WIDTH="1868.0"
                    HEIGHT="151.0">
            <Shape><Polygon POINTS="262 761 265 725 305 685 416 703 449 728 524 703 600 721 783 718 812 689 855 714 916 707 930 721 977 703 1009 721 1189 714 1304 732 1329 710 1476 718 1491 703 1555 721 1627 692 1645 710 1699 700 1757 718 1785 703 1854 714 1886 689 1929 710 2015 710 2091 678 2120 692 2130 739 2116 789 2044 796 2026 779 1994 811 1911 793 1796 793 1760 807 1681 789 1645 807 1537 804 1509 822 1300 796 1171 829 1139 796 1117 818 1078 804 937 811 880 793 837 822 808 800 736 822 650 804 524 811 495 793 445 814 319 796 265 822"/></Shape>
	    <String CONTENT="לשקע עצמו במשנאות שאם ירתיק יפתחו לו ר&#39; אלעזר בשם ר&#39; יהושע בן"
                    HPOS="262.0"
                    VPOS="678.0"
                    WIDTH="1868.0"
                    HEIGHT="151.0"></String>
          </TextLine>

          
          
          <TextLine ID="eSc_line_1653283"
                    
                    BASELINE="222 872 380 868 600 883 1067 879 1225 883 1620 868 1958 865 2134 850" 
                    HPOS="219.0"
                    VPOS="779.0"
                    WIDTH="1911.0"
                    HEIGHT="172.0">
            <Shape><Polygon POINTS="219 868 319 800 391 818 485 818 513 800 531 818 625 822 653 807 707 832 794 804 822 825 923 829 1042 825 1078 804 1106 825 1185 832 1207 818 1286 829 1340 807 1401 825 1555 825 1620 807 1652 818 1685 789 1742 822 1879 814 1904 796 1979 814 2023 779 2051 807 2069 793 2120 807 2130 847 2123 904 2062 926 1994 883 1929 915 1818 890 1778 915 1742 901 1631 901 1584 922 1570 911 1516 926 1480 901 1376 904 1343 926 1049 926 998 911 952 933 815 908 768 951 671 911 585 922 506 908 463 926 413 904 273 904 233 868"/></Shape>
	    <String CONTENT="כן לוי עמוד ברזל משמו ˙ ד&#39;א&#39; כי בתחבולות תעשה לך מלחמה אם עשית"
                    HPOS="219.0"
                    VPOS="779.0"
                    WIDTH="1911.0"
                    HEIGHT="172.0"></String>
          </TextLine>

          
          
          <TextLine ID="eSc_line_1653284"
                    
                    BASELINE="237 951 334 958 553 983 779 990 1714 980 1882 969 2163 962" 
                    HPOS="233.0"
                    VPOS="886.0"
                    WIDTH="1926.0"
                    HEIGHT="158.0">
            <Shape><Polygon POINTS="233 947 309 897 352 911 409 904 463 926 517 915 618 929 664 911 772 951 815 911 866 933 973 933 1016 908 1042 933 1311 922 1480 926 1498 940 1545 919 1588 933 1631 904 1667 904 1688 926 1739 929 1818 886 1879 926 1958 926 1994 890 2044 926 2105 908 2159 958 2152 987 2138 980 2105 1005 2023 998 1879 1019 1825 990 1764 1019 1642 1005 1620 1023 1537 1012 1476 1033 1297 1012 1157 1044 1042 1015 880 1033 510 1019 481 1044 420 987 380 1005 287 994 240 954"/></Shape>
	    <String CONTENT="חבילות חבילות של עבירות עשה כנגדן חבילות חבילות של מצותן ˙ עינים"
                    HPOS="233.0"
                    VPOS="886.0"
                    WIDTH="1926.0"
                    HEIGHT="158.0"></String>
          </TextLine>

          
          
          <TextLine ID="eSc_line_1653296"
                    
                    BASELINE="355 1069 664 1084 1383 1080 1685 1066 2152 1059" 
                    HPOS="352.0"
                    VPOS="994.0"
                    WIDTH="1796.0"
                    HEIGHT="154.0">
            <Shape><Polygon POINTS="352 1066 406 1008 434 1008 474 1044 524 1019 585 1019 614 1041 1049 1026 1157 1044 1228 1041 1275 1012 1415 1037 1609 1026 1638 1008 1767 1026 1825 994 1857 1023 2102 1008 2138 1015 2148 1055 2134 1116 2109 1094 1976 1112 1897 1094 1789 1109 1760 1094 1692 1116 1570 1112 1545 1134 1509 1116 1448 1120 1422 1141 1401 1120 1279 1109 1178 1148 1092 1105 1063 1134 1031 1109 1002 1130 901 1120 848 1134 790 1116 686 1134 657 1105 621 1123 413 1112 359 1069"/></Shape>
	    <String CONTENT="רמות והיו לטוטפות בין עיניך ˙ לשון שקר ˙ ושננתם לבניך ודברת בם ˙"
                    HPOS="352.0"
                    VPOS="994.0"
                    WIDTH="1796.0"
                    HEIGHT="154.0"></String>
          </TextLine>

          
          
          <TextLine ID="eSc_line_1653285"
                    
                    BASELINE="244 1152 603 1181 1171 1184 1670 1170 2148 1145" 
                    HPOS="240.0"
                    VPOS="1094.0"
                    WIDTH="1905.0"
                    HEIGHT="148.0">
            <Shape><Polygon POINTS="240 1148 305 1094 337 1116 373 1102 395 1120 449 1112 503 1130 578 1120 643 1152 693 1130 776 1145 797 1127 837 1134 898 1116 937 1138 1034 1127 1056 1141 1088 1109 1117 1138 1178 1152 1275 1105 1351 1127 1397 1116 1419 1138 1440 1123 1523 1138 1563 1123 1757 1123 1803 1105 1900 1120 2105 1105 2145 1141 2112 1191 1681 1202 1624 1234 1566 1195 1509 1227 1426 1202 1369 1224 1315 1209 1275 1220 1261 1206 1193 1227 1103 1227 1067 1206 1009 1242 963 1199 898 1224 546 1224 521 1202 434 1206 398 1170 359 1195 312 1181 287 1206 247 1166"/></Shape>
	    <String CONTENT="ידים שופכות דם נקי ˙ וקשרתם לאות על ירך ˙ לב חורש מחשבות און ˙ והיו"
                    HPOS="240.0"
                    VPOS="1094.0"
                    WIDTH="1905.0"
                    HEIGHT="148.0"></String>
          </TextLine>

          
          
          <TextLine ID="eSc_line_1653286"
                    
                    BASELINE="251 1245 395 1263 844 1285 1318 1281 2134 1245" 
                    HPOS="247.0"
                    VPOS="1181.0"
                    WIDTH="1883.0"
                    HEIGHT="158.0">
            <Shape><Polygon POINTS="247 1242 309 1181 362 1195 391 1224 517 1199 574 1234 618 1220 930 1220 952 1238 973 1217 1002 1245 1074 1206 1103 1227 1142 1217 1228 1238 1246 1220 1272 1234 1311 1213 1361 1227 1422 1209 1512 1231 1545 1209 1627 1231 1685 1209 1771 1213 1796 1195 1897 1213 2120 1191 2130 1242 2116 1274 2059 1292 1994 1267 1954 1306 1922 1292 1886 1303 1872 1288 1803 1303 1753 1278 1717 1313 1638 1288 1559 1313 1433 1303 1376 1324 1351 1299 1232 1324 1200 1310 1146 1321 1117 1303 1020 1331 973 1292 901 1339 848 1313 808 1328 790 1313 625 1303 600 1317 488 1299 452 1317 420 1285 319 1292 255 1245"/></Shape>
	    <String CONTENT="הדברים האלה אשר אנכי מצוך היום על לבבך ˙ רגלים ממהרות לרוץ לרע&#39;"
                    HPOS="247.0"
                    VPOS="1181.0"
                    WIDTH="1883.0"
                    HEIGHT="158.0"></String>
          </TextLine>

          
          
          <TextLine ID="eSc_line_1653297"
                    
                    BASELINE="233 1346 352 1346 628 1371 1261 1371 1530 1360 1918 1357 2130 1342" 
                    HPOS="229.0"
                    VPOS="1260.0"
                    WIDTH="1898.0"
                    HEIGHT="161.0">
            <Shape><Polygon POINTS="229 1342 233 1299 280 1260 316 1295 413 1281 445 1313 625 1306 883 1339 984 1303 1020 1331 1070 1306 1228 1324 1351 1303 1379 1324 1430 1306 1559 1317 1638 1285 1699 1313 1749 1278 1785 1310 1954 1306 1990 1270 2048 1295 2112 1270 2127 1339 2116 1367 2080 1382 1983 1385 1954 1371 1890 1389 1875 1374 1803 1410 1771 1385 1717 1400 1476 1389 1376 1414 1340 1382 1261 1410 1056 1392 998 1414 963 1392 934 1414 891 1392 826 1421 600 1396 549 1414 510 1389 445 1389 413 1407 359 1364 280 1389 233 1342"/></Shape>
	    <String CONTENT="לעולם הוי רץ למילה שהיא בין ירכותיו של אדם ˙ יפיח כזבים עד שקר אילו"
                    HPOS="229.0"
                    VPOS="1260.0"
                    WIDTH="1898.0"
                    HEIGHT="161.0"></String>
          </TextLine>

          
          
          <TextLine ID="eSc_line_1653287"
                    
                    BASELINE="280 1439 510 1457 833 1471 1153 1457 1412 1457 2134 1436" 
                    HPOS="276.0"
                    VPOS="1364.0"
                    WIDTH="1854.0"
                    HEIGHT="150.0">
            <Shape><Polygon POINTS="276 1436 287 1396 352 1364 413 1407 513 1400 549 1425 574 1403 653 1407 671 1421 937 1418 966 1392 995 1418 1056 1403 1257 1418 1315 1410 1340 1385 1376 1418 1469 1400 1548 1410 1775 1396 1807 1410 1922 1400 1958 1374 1987 1392 2091 1392 2120 1371 2130 1436 2120 1475 2012 1468 1926 1489 1728 1475 1688 1493 1516 1497 1498 1514 1469 1486 1369 1497 1347 1514 1325 1500 1149 1507 1106 1489 1085 1504 984 1493 776 1514 736 1479 693 1500 564 1500 535 1471 499 1468 452 1493 280 1450"/></Shape>
	    <String CONTENT="ישרﭏ שהעידו עדות שקר בהק&#39;ב&#39;ה&#39; ואמרו אילו אלהיך ישרﭏ ˙ משלח"
                    HPOS="276.0"
                    VPOS="1364.0"
                    WIDTH="1854.0"
                    HEIGHT="150.0"></String>
          </TextLine>

          
          
          <TextLine ID="eSc_line_1653288"
                    
                    BASELINE="280 1522 445 1547 707 1558 1343 1558 1753 1540 2170 1540" 
                    HPOS="276.0"
                    VPOS="1461.0"
                    WIDTH="1890.0"
                    HEIGHT="161.0">
            <Shape><Polygon POINTS="276 1518 280 1482 301 1461 398 1489 521 1486 539 1504 747 1489 776 1518 952 1497 1286 1497 1351 1514 1372 1497 1466 1486 1502 1511 1523 1493 1649 1482 1918 1493 1987 1489 2012 1471 2026 1486 2102 1475 2152 1493 2166 1536 2116 1579 1936 1576 1875 1601 1829 1572 1706 1583 1670 1558 1609 1586 1516 1568 1361 1597 1286 1583 1272 1597 1038 1601 963 1583 848 1622 830 1604 758 1601 733 1583 704 1608 657 1583 477 1579 434 1601 280 1529"/></Shape>
	    <String CONTENT="מדנים בין אחים ˙ אמר לחכמה אחותי את ˙ ר&#39; אבן פתר&#39; קרייה בכהן גדול"
                    HPOS="276.0"
                    VPOS="1461.0"
                    WIDTH="1890.0"
                    HEIGHT="161.0"></String>
          </TextLine>

          
          
          <TextLine ID="eSc_line_1653289"
                    
                    BASELINE="251 1626 689 1658 1498 1658 1624 1651 2170 1644" 
                    HPOS="247.0"
                    VPOS="1547.0"
                    WIDTH="1919.0"
                    HEIGHT="169.0">
            <Shape><Polygon POINTS="247 1622 319 1547 445 1608 492 1586 560 1604 614 1586 700 1611 830 1604 848 1626 909 1604 1307 1593 1369 1608 1502 1579 1617 1590 1681 1558 1710 1586 1843 1593 1868 1608 1972 1583 2105 1579 2166 1640 2120 1690 2037 1672 1987 1690 1947 1672 1929 1687 1836 1683 1811 1705 1760 1705 1670 1672 1631 1694 1512 1683 1426 1716 1397 1701 1376 1712 1343 1687 1282 1690 1264 1672 1178 1705 1146 1683 966 1705 866 1690 740 1701 689 1683 463 1687 273 1662 251 1644"/></Shape>
	    <String CONTENT="בשעה שכהן גדול נכנס לבין קדשי הקדשים ביום הכפורים חבילות חבילות"
                    HPOS="247.0"
                    VPOS="1547.0"
                    WIDTH="1919.0"
                    HEIGHT="169.0"></String>
          </TextLine>

          
          
          <TextLine ID="eSc_line_1653290"
                    
                    BASELINE="280 1715 556 1744 848 1759 1153 1755 1505 1741 2181 1741" 
                    HPOS="276.0"
                    VPOS="1665.0"
                    WIDTH="1901.0"
                    HEIGHT="137.0">
            <Shape><Polygon POINTS="276 1712 305 1665 729 1705 1103 1701 1146 1683 1175 1708 1236 1690 1340 1690 1412 1719 1509 1687 1678 1683 1814 1705 1843 1683 1911 1698 2048 1676 2116 1694 2177 1737 2112 1791 1990 1787 1965 1773 1868 1795 1534 1780 1232 1798 1139 1777 1078 1798 812 1802 470 1780 362 1755 316 1762 280 1726"/></Shape>
	    <String CONTENT="של מצות נכנסות עמו נכנס בזכות מילה נכנס בזכות שבת בזכות תורה []"
                    HPOS="276.0"
                    VPOS="1665.0"
                    WIDTH="1901.0"
                    HEIGHT="137.0"></String>
          </TextLine>

          
          
          <TextLine ID="eSc_line_1653291"
                    
                    BASELINE="280 1811 689 1845 1846 1845 2152 1834" 
                    HPOS="276.0"
                    VPOS="1755.0"
                    WIDTH="1872.0"
                    HEIGHT="140.0">
            <Shape><Polygon POINTS="276 1809 305 1755 470 1787 862 1805 1117 1805 1139 1784 1214 1802 1947 1787 2019 1802 2069 1787 2138 1798 2148 1830 2138 1873 2112 1895 1929 1881 1721 1891 1667 1877 1573 1888 1469 1873 998 1895 395 1870 337 1863 280 1812"/></Shape>
	    <String CONTENT="נכנס בזכות שבטים נכנס בזכות ישרﭏ ˙ נכנס בזכות יהודה ˙ נכנס בזכות"
                    HPOS="276.0"
                    VPOS="1755.0"
                    WIDTH="1872.0"
                    HEIGHT="140.0"></String>
          </TextLine>

          
          
          <TextLine ID="eSc_line_1653292"
                    
                    BASELINE="244 1931 312 1924 445 1924 747 1945 2080 1945 2163 1935" 
                    HPOS="240.0"
                    VPOS="1856.0"
                    WIDTH="1919.0"
                    HEIGHT="147.0">
            <Shape><Polygon POINTS="240 1927 301 1856 323 1856 693 1895 733 1884 984 1906 1243 1891 1297 1938 1333 1938 1376 1895 1440 1881 1473 1895 2134 1895 2159 1931 2148 1967 2102 2003 2073 1981 2005 1992 1918 1974 1408 1985 1300 1952 1261 1988 1178 1996 934 1996 783 1967 650 1985 362 1960 316 1927 251 1927"/></Shape>
	    <String CONTENT="קרבנות ˙ נכנס בזכות ירושלם ˙ נכנס בזכות מילה ˙ זאת בריתי אשר"
                    HPOS="240.0"
                    VPOS="1856.0"
                    WIDTH="1919.0"
                    HEIGHT="147.0"></String>
          </TextLine>

          
          
          <TextLine ID="eSc_line_1653293"
                    
                    BASELINE="251 1996 420 2013 679 2028 1846 2028 1933 2035 2156 2039" 
                    HPOS="247.0"
                    VPOS="1931.0"
                    WIDTH="1905.0"
                    HEIGHT="154.0">
            <Shape><Polygon POINTS="247 1992 309 1931 355 1963 413 1970 600 1970 625 1985 786 1970 804 1988 930 1999 1376 1981 1581 1996 2073 1985 2098 2003 2130 1992 2152 2035 2091 2085 1951 2064 1846 2082 1674 2078 1591 2057 1552 2085 1207 2085 1189 2071 1106 2085 952 2071 919 2085 808 2064 761 2078 585 2057 546 2067 485 2046 395 2060 341 2039 287 2042 251 2006"/></Shape>
	    <String CONTENT="תשמרו ביני וביניכס ˙ נכנס בזכות שבת אשרי אעוש יעשה זאת ˙ נכנס [ב&#39;]"
                    HPOS="247.0"
                    VPOS="1931.0"
                    WIDTH="1905.0"
                    HEIGHT="154.0"></String>
          </TextLine>

          
          
          <TextLine ID="eSc_line_1653294"
                    
                    BASELINE="255 2092 768 2132 1631 2128 1843 2139 2152 2143" 
                    HPOS="251.0"
                    VPOS="2042.0"
                    WIDTH="1897.0"
                    HEIGHT="144.0">
            <Shape><Polygon POINTS="251 2089 298 2042 416 2064 470 2053 553 2078 952 2092 1135 2092 1175 2075 1236 2096 1455 2078 1581 2089 1606 2064 1631 2089 2116 2085 2148 2139 2120 2179 1979 2186 1829 2164 1796 2186 1760 2168 1685 2164 1599 2186 1480 2164 1437 2179 1318 2168 1002 2182 909 2179 873 2150 819 2182 362 2150 312 2136 265 2092"/></Shape>
	    <String CONTENT="בזכות תורה ˙ וזאת התורה אשר דבר להם אביהם ˙ נכנס בזכות ישר&#39; זאת"
                    HPOS="251.0"
                    VPOS="2042.0"
                    WIDTH="1897.0"
                    HEIGHT="144.0"></String>
          </TextLine>

          
          
          <TextLine ID="eSc_line_1653282"
                    
                    BASELINE="251 2193 506 2218 866 2232 1541 2229 1710 2236 2163 2240" 
                    HPOS="247.0"
                    VPOS="2139.0"
                    WIDTH="1912.0"
                    HEIGHT="162.0">
            <Shape><Polygon POINTS="247 2189 298 2139 578 2179 837 2179 869 2154 898 2182 1218 2193 1336 2175 1390 2189 1502 2182 1527 2197 1548 2179 1735 2182 1767 2168 1785 2182 1882 2175 1936 2197 2120 2182 2159 2236 2098 2290 2066 2272 1994 2272 1951 2301 1868 2265 1757 2283 1714 2268 1642 2286 1530 2261 1494 2279 1218 2279 1200 2261 1178 2279 1124 2279 1103 2261 1027 2279 988 2265 894 2279 837 2254 786 2272 675 2272 650 2258 503 2258 485 2240 373 2250 298 2236 255 2193"/></Shape>
	    <String CONTENT="קומתך ˙ דמתה לתמר ˙ נכנס בזכות יהודה וזאת ליהודה ויאמר ˙ נכנס []"
                    HPOS="247.0"
                    VPOS="2139.0"
                    WIDTH="1912.0"
                    HEIGHT="162.0"></String>
          </TextLine>

          
          
          <TextLine ID="eSc_line_1653274"
                    
                    BASELINE="251 2286 553 2315 815 2319 1167 2333 2173 2326" 
                    HPOS="247.0"
                    VPOS="2236.0"
                    WIDTH="1923.0"
                    HEIGHT="154.0">
            <Shape><Polygon POINTS="247 2283 273 2247 305 2236 589 2272 786 2276 844 2254 866 2276 1016 2286 1534 2268 1638 2290 1681 2276 1782 2286 1872 2272 1958 2297 1979 2279 2062 2276 2084 2290 2127 2283 2170 2322 2127 2372 1990 2372 1940 2390 1915 2369 1821 2383 1696 2369 1584 2380 1458 2355 1340 2372 1315 2347 1232 2376 991 2369 970 2351 880 2362 858 2344 840 2362 621 2351 592 2365 571 2351 517 2358 330 2329 305 2340 251 2286"/></Shape>
	    <String CONTENT="בזכות קרבנות ˙ בזאת יבא אהרן ˙ נכנס בזכות ירושלם ˙ הזאת ירושלם בתוך"
                    HPOS="247.0"
                    VPOS="2236.0"
                    WIDTH="1923.0"
                    HEIGHT="154.0"></String>
          </TextLine>

          
          
          <TextLine ID="eSc_line_1653278"
                    
                    BASELINE="269 2380 445 2401 855 2419 1020 2416 1512 2434 2173 2426" 
                    HPOS="265.0"
                    VPOS="2329.0"
                    WIDTH="1905.0"
                    HEIGHT="166.0">
            <Shape><Polygon POINTS="265 2376 330 2329 402 2351 596 2365 837 2365 862 2351 887 2369 945 2369 973 2351 1063 2380 1239 2380 1275 2362 1304 2394 1351 2372 1458 2362 1545 2383 1656 2369 1782 2383 1915 2372 1933 2390 2026 2390 2076 2372 2116 2376 2170 2423 2055 2495 2026 2469 1534 2469 1473 2451 1433 2469 1383 2451 1347 2469 1239 2451 1034 2466 1002 2451 891 2459 804 2444 725 2477 700 2451 574 2455 546 2426 513 2448 377 2434 269 2380"/></Shape>
	    <String CONTENT="הגוים שמתיה וסביבותיה ארצות ˙ מה כתו&#39; למעלה מן העניין דבר אל"
                    HPOS="265.0"
                    VPOS="2329.0"
                    WIDTH="1905.0"
                    HEIGHT="166.0"></String>
          </TextLine>

          
          
          <TextLine ID="eSc_line_1653273"
                    
                    BASELINE="219 2473 334 2480 675 2513 840 2520 1588 2516 2026 2534 2170 2523" 
                    HPOS="215.0"
                    VPOS="2408.0"
                    WIDTH="1951.0"
                    HEIGHT="180.0">
            <Shape><Polygon POINTS="215 2469 298 2408 384 2437 420 2426 470 2448 524 2448 546 2469 589 2448 704 2455 725 2473 768 2455 905 2462 934 2448 1002 2473 1099 2451 1146 2473 1365 2466 1390 2451 1426 2473 1484 2459 1721 2473 1764 2462 1814 2480 1965 2466 2033 2477 2051 2495 2138 2469 2166 2520 2127 2563 2019 2566 1983 2588 1951 2559 1857 2577 1814 2534 1760 2559 1670 2566 1527 2548 1491 2566 1329 2548 1279 2566 1175 2566 1139 2552 973 2548 830 2559 812 2541 783 2556 675 2556 582 2530 441 2541 391 2509 370 2523 262 2509 222 2473"/></Shape>
	    <String CONTENT="אהרן אחיך ˙ ר&#39; חמא בר חנינא צער גדול היה לו למשה בדבר זה אמ&#39; דומה"
                    HPOS="215.0"
                    VPOS="2408.0"
                    WIDTH="1951.0"
                    HEIGHT="180.0"></String>
          </TextLine>

          
          
          <TextLine ID="eSc_line_1653272"
                    
                    BASELINE="258 2591 402 2588 653 2606 927 2613 1167 2613 1343 2620 1936 2617 2163 2624" 
                    HPOS="255.0"
                    VPOS="2513.0"
                    WIDTH="1904.0"
                    HEIGHT="175.0">
            <Shape><Polygon POINTS="255 2588 312 2520 348 2541 395 2513 438 2541 776 2559 808 2545 840 2563 1092 2556 1182 2574 1311 2556 1487 2570 1512 2552 1591 2570 1832 2556 1861 2584 1882 2566 1926 2577 1951 2563 1979 2588 2023 2566 2102 2563 2159 2620 2148 2653 2091 2667 2037 2656 1969 2688 1926 2645 1900 2663 1846 2656 1814 2681 1782 2656 1696 2645 1631 2663 1545 2649 1469 2663 1383 2645 1333 2653 1311 2674 1279 2653 1135 2638 1078 2656 1024 2627 966 2653 894 2656 837 2656 812 2631 776 2653 614 2645 600 2631 578 2649 474 2645 398 2617 330 2624 258 2588"/></Shape>
	    <String CONTENT="שאין אהרן אחי נכנס לפנים מן המחיצה ˙ יש עת לשעה ויש עת ליום ˙"
                    HPOS="255.0"
                    VPOS="2513.0"
                    WIDTH="1904.0"
                    HEIGHT="175.0"></String>
          </TextLine>

          
          
          <TextLine ID="eSc_line_1653275"
                    
                    BASELINE="247 2681 564 2703 866 2703 1110 2717 1318 2721 2166 2714" 
                    HPOS="244.0"
                    VPOS="2624.0"
                    WIDTH="1919.0"
                    HEIGHT="143.0">
            <Shape><Polygon POINTS="244 2678 298 2635 319 2642 341 2624 761 2660 804 2631 840 2660 1067 2663 1193 2645 1207 2660 1282 2660 1304 2678 1340 2656 1505 2667 1541 2649 1559 2667 1782 2663 1814 2681 1839 2660 1897 2663 1922 2642 1965 2685 2055 2656 2141 2674 2163 2710 2130 2746 2109 2739 2080 2760 2023 2767 1688 2764 1663 2742 1631 2764 1426 2760 1408 2742 1290 2760 1210 2753 1185 2728 1157 2753 995 2735 966 2753 873 2757 657 2746 560 2724 524 2735 283 2721 247 2685"/></Shape>
	    <String CONTENT="וש עת לשנה ויש עת לשתים עשרה שנה ˙ יש עת לשבעים שנה ˙ ויש עת"
                    HPOS="244.0"
                    VPOS="2624.0"
                    WIDTH="1919.0"
                    HEIGHT="143.0"></String>
          </TextLine>

          
          
          <TextLine ID="eSc_line_1653279"
                    
                    BASELINE="265 2771 722 2807 927 2803 1196 2818 1832 2821 2181 2807" 
                    HPOS="262.0"
                    VPOS="2721.0"
                    WIDTH="1915.0"
                    HEIGHT="143.0">
            <Shape><Polygon POINTS="262 2767 312 2721 452 2739 535 2739 560 2724 610 2749 754 2753 973 2757 1006 2735 1024 2753 1117 2760 1157 2760 1189 2735 1210 2757 1297 2767 1376 2764 1405 2742 1422 2760 1502 2771 1634 2764 1656 2742 1692 2771 1922 2778 1990 2760 2073 2771 2112 2739 2177 2803 2120 2857 2076 2861 1972 2861 1904 2818 1843 2861 1422 2861 1394 2846 1354 2861 1106 2861 1060 2843 912 2864 883 2832 862 2850 808 2825 765 2825 740 2843 686 2825 632 2850 546 2818 510 2832 463 2821 431 2839 362 2810 312 2814 265 2771"/></Shape>
	    <String CONTENT="לעולם ˙ יש עת לשעה ואל יבא בכל עת אל הקדש ˙ יש עת ליום ומים"
                    HPOS="262.0"
                    VPOS="2721.0"
                    WIDTH="1915.0"
                    HEIGHT="143.0"></String>
          </TextLine>

          
          
          <TextLine ID="eSc_line_1653276"
                    
                    BASELINE="251 2872 758 2907 1016 2907 1139 2918 2048 2918 2152 2925" 
                    HPOS="247.0"
                    VPOS="2814.0"
                    WIDTH="1901.0"
                    HEIGHT="162.0">
            <Shape><Polygon POINTS="247 2872 312 2814 431 2839 467 2825 481 2839 549 2843 582 2825 603 2846 682 2854 747 2850 772 2825 812 2864 1451 2857 1570 2872 1656 2857 1749 2872 2105 2857 2141 2875 2148 2922 2134 2950 2073 2961 1886 2950 1854 2968 1735 2968 1714 2947 1667 2961 1577 2947 1545 2961 1426 2954 1390 2976 1322 2947 1236 2961 1131 2940 1078 2961 898 2936 858 2947 801 2925 603 2943 578 2925 456 2925 434 2907 402 2929 377 2907 326 2915 265 2875"/></Shape>
	    <String CONTENT="במשורה תשתה ששית ההין מעת עד עת תשתה ˙ יש עת לשנה ˙ ויהי"
                    HPOS="247.0"
                    VPOS="2814.0"
                    WIDTH="1901.0"
                    HEIGHT="162.0"></String>
          </TextLine>

          
          
          <TextLine ID="eSc_line_1653277"
                    
                    BASELINE="222 2954 585 2990 711 2990 991 3008 1121 3004 1210 3012 1634 3022 2181 3008" 
                    HPOS="219.0"
                    VPOS="2893.0"
                    WIDTH="1958.0"
                    HEIGHT="172.0">
            <Shape><Polygon POINTS="219 2950 287 2893 373 2929 434 2911 485 2936 567 2929 643 2947 869 2950 898 2936 923 2954 1139 2950 1182 2965 1282 2961 1322 2943 1387 2979 1444 2958 1670 2965 1699 2947 1735 2976 1782 2958 1861 2976 2026 2958 2076 2972 2120 2947 2177 3004 2141 3037 2076 3058 1990 3051 1929 3065 1872 3051 1857 3065 1573 3062 1494 3037 1448 3062 1261 3047 1214 3058 1131 3012 1074 3055 980 3055 955 3029 934 3044 869 3029 653 3047 614 3026 582 3037 564 3019 510 3040 362 3001 273 3019 222 2965"/></Shape>
	    <String CONTENT="לתשובת השנה לעת צאת המלכים ˙ יש עת לשנים עשרה שנה מיוסף"
                    HPOS="219.0"
                    VPOS="2893.0"
                    WIDTH="1958.0"
                    HEIGHT="172.0"></String>
          </TextLine>

          
          
          <TextLine ID="eSc_line_1653280"
                    
                    BASELINE="287 3065 495 3087 955 3105 1890 3108 2195 3100" 
                    HPOS="283.0"
                    VPOS="3033.0"
                    WIDTH="1908.0"
                    HEIGHT="126.0">
            <Shape><Polygon POINTS="283 3062 291 3033 596 3040 675 3065 945 3040 1024 3069 1200 3069 1225 3044 1261 3044 1307 3073 1437 3073 1469 3047 1509 3047 1577 3076 1656 3062 1717 3076 1846 3076 1879 3062 1969 3076 1990 3058 2041 3073 2069 3058 2084 3073 2141 3065 2184 3080 2191 3098 2181 3134 2033 3134 1969 3152 1868 3141 1846 3159 1757 3159 1735 3144 1721 3159 1631 3159 1617 3144 1563 3152 1552 3137 1516 3152 1397 3137 1361 3155 1257 3155 1218 3134 1171 3152 1117 3152 1099 3134 1042 3152 1009 3130 988 3144 973 3130 880 3144 855 3126 830 3148 804 3126 722 3148 664 3123 643 3141 610 3119 542 3137 521 3116 370 3126 287 3112"/></Shape>
	    <String CONTENT="עד עת בוא דברו אמרת ייי צרפתהו יש עת לעולם מדוד נתתה שמחה"
                    HPOS="283.0"
                    VPOS="3033.0"
                    WIDTH="1908.0"
                    HEIGHT="126.0"></String>
          </TextLine>

          
        </TextBlock>
        

        
      </PrintSpace>
    </Page>
  </Layout>
</alto>
