<?xml version="1.0" encoding="UTF-8"?>
<alto xmlns:xsi="http://www.w3.org/2001/XMLSchema-instance"
      xmlns="http://www.loc.gov/standards/alto/ns-v4#"
      xsi:schemaLocation="http://www.loc.gov/standards/alto/ns-v4# http://www.loc.gov/standards/alto/v4/alto-4-2.xsd">
  <Description>
    <MeasurementUnit>pixel</MeasurementUnit>
    <sourceImageInformation>
      <fileName>bsb00084914_00225.jpg</fileName>
      
    </sourceImageInformation>
  </Description>
  
  <Tags>
    <OtherTag ID="BT1" LABEL="Title" DESCRIPTION="block type Title"/><OtherTag ID="BT2" LABEL="Main" DESCRIPTION="block type Main"/><OtherTag ID="BT3" LABEL="Commentary" DESCRIPTION="block type Commentary"/><OtherTag ID="BT4" LABEL="Illustration" DESCRIPTION="block type Illustration"/><OtherTag ID="BT844" LABEL="Margin" DESCRIPTION="block type Margin"/><OtherTag ID="BT845" LABEL="Paratext" DESCRIPTION="block type Paratext"/><OtherTag ID="BT978" LABEL="Hole" DESCRIPTION="block type Hole"/>
    <OtherTag ID="LT2" LABEL="Numbering" DESCRIPTION="line type Numbering"/><OtherTag ID="LT3" LABEL="Correction" DESCRIPTION="line type Correction"/>
  </Tags>
  
  <Layout>
    <Page WIDTH="3130"
          HEIGHT="4306"
          PHYSICAL_IMG_NR="224"
          ID="eSc_dummypage_">
      <PrintSpace HPOS="0"
                  VPOS="0"
                  WIDTH="3130"
                  HEIGHT="4306">
        
        <TextBlock HPOS="896.0"
                   VPOS="588.0"
                   WIDTH="1857.0"
                   HEIGHT="2738.0"
                   ID="eSc_textblock_10741"
                   TAGREFS="BT2">
          <Shape><Polygon POINTS="937 588 2753 594 2747 3297 896 3326"/></Shape>
          
          
          <TextLine ID="eSc_line_a1be14bf"
                    
                    BASELINE="1758 719 2268 742 2480 739 2562 714 2774 678" 
                    HPOS="1755.0"
                    VPOS="656.0"
                    WIDTH="1016.0"
                    HEIGHT="198.0">
            <Shape><Polygon POINTS="1755 717 1758 681 1783 656 1841 692 2146 703 2304 703 2333 674 2397 688 2419 667 2455 681 2552 656 2713 656 2771 674 2760 782 2577 782 2473 850 2369 854 2354 839 2340 854 2200 854 2107 782 2035 782 1967 839 1913 814 1852 854 1794 846 1758 810"/></Shape>
	    <String CONTENT="פרשה ב&#39; ויקהל"
                    HPOS="1755.0"
                    VPOS="656.0"
                    WIDTH="1016.0"
                    HEIGHT="198.0"></String>
          </TextLine>

          
          
          <TextLine ID="eSc_line_1649749"
                    
                    BASELINE="977 697 1543 706 1686 716" 
                    HPOS="976.0"
                    VPOS="627.0"
                    WIDTH="707.0"
                    HEIGHT="126.0">
            <Shape><Polygon POINTS="976 696 979 638 994 627 1051 667 1087 635 1180 653 1202 631 1231 631 1277 635 1302 660 1331 635 1367 635 1403 671 1468 674 1543 645 1600 674 1676 674 1683 714 1672 735 1590 753 1503 735 1356 749 1335 732 1274 749 1249 728 1173 746 1037 746 1019 724 979 724"/></Shape>
	    <String CONTENT="משה את כל וגו&#39; ˙ למה נאמר&#39;"
                    HPOS="976.0"
                    VPOS="627.0"
                    WIDTH="707.0"
                    HEIGHT="126.0"></String>
          </TextLine>

          
          
          <TextLine ID="eSc_line_1649751"
                    
                    BASELINE="977 795 1116 793 1374 810 1703 810" 
                    HPOS="976.0"
                    VPOS="724.0"
                    WIDTH="725.0"
                    HEIGHT="133.0">
            <Shape><Polygon POINTS="976 793 983 732 997 724 1019 724 1048 757 1134 742 1148 757 1277 767 1414 767 1489 732 1536 764 1658 757 1701 807 1690 846 1676 832 1651 854 1611 857 1356 843 1277 857 1238 839 1216 850 1177 818 1141 843 979 839"/></Shape>
	    <String CONTENT="פרשה [לפי] זו לפי שהוא אומ&#39;"
                    HPOS="976.0"
                    VPOS="724.0"
                    WIDTH="725.0"
                    HEIGHT="133.0"></String>
          </TextLine>

          
          
          <TextLine ID="eSc_line_1649752"
                    
                    BASELINE="977 875 1084 886 1421 897 1654 911 1834 907 2042 918 2168 918 2480 900 2649 871 2756 861" 
                    HPOS="976.0"
                    VPOS="793.0"
                    WIDTH="1777.0"
                    HEIGHT="175.0">
            <Shape><Polygon POINTS="976 871 1008 836 1145 843 1173 818 1220 850 1511 861 1561 846 1712 879 1751 861 1880 868 1920 828 1970 879 2035 882 2053 864 2081 882 2153 868 2203 879 2325 871 2351 846 2390 868 2455 861 2534 843 2584 793 2627 825 2720 818 2753 857 2742 918 2681 904 2458 947 2422 925 2390 958 2336 929 2304 958 2203 965 2013 968 1963 940 1855 961 1618 950 1547 922 1514 947 1442 940 1407 954 1295 929 1202 940 1159 911 1134 932 1101 915 1084 929 979 922"/></Shape>
	    <String CONTENT="ועשו לי מקדש וגו&#39; ˙ שומע אני בין חול בין בשבת ˙ ומה אני מקיים מחלליה מות"
                    HPOS="976.0"
                    VPOS="793.0"
                    WIDTH="1777.0"
                    HEIGHT="175.0"></String>
          </TextLine>

          
          
          <TextLine ID="eSc_line_1649753"
                    
                    BASELINE="977 968 1123 979 1453 983 1697 997 2286 997 2491 983 2774 940" 
                    HPOS="976.0"
                    VPOS="907.0"
                    WIDTH="1795.0"
                    HEIGHT="155.0">
            <Shape><Polygon POINTS="976 965 1012 929 1098 922 1209 947 1349 936 1414 954 1518 943 1543 918 1633 954 1923 961 1959 943 2010 972 2038 958 2275 961 2336 925 2383 958 2419 925 2444 950 2498 950 2541 925 2688 907 2771 936 2674 997 2555 1004 2509 1026 2448 1011 2430 1029 2246 1051 2175 1037 2110 1062 2038 1022 2010 1051 1827 1044 1801 1029 1683 1033 1661 1054 1622 1029 1550 1033 1529 1019 1493 1040 1299 1015 1249 1029 1123 1026 1098 1011 1019 1015 983 979"/></Shape>
	    <String CONTENT="יומת ˙ כשאר כל מלאכות חוץ ממלאכת המשכן במלאכת המשכן ˙ מה אני"
                    HPOS="976.0"
                    VPOS="907.0"
                    WIDTH="1795.0"
                    HEIGHT="155.0"></String>
          </TextLine>

          
          
          <TextLine ID="eSc_line_1649754"
                    
                    BASELINE="938 1059 1410 1080 2340 1083 2422 1080 2771 1029" 
                    HPOS="936.0"
                    VPOS="986.0"
                    WIDTH="1831.0"
                    HEIGHT="155.0">
            <Shape><Polygon POINTS="936 1058 940 1019 976 1001 1048 1022 1453 1029 1493 1047 1636 1037 1654 1054 1676 1037 2010 1051 2038 1026 2099 1065 2164 1040 2336 1047 2430 1029 2451 1008 2480 1026 2710 986 2767 1026 2681 1087 2652 1076 2634 1094 2519 1112 2433 1094 2340 1141 2311 1123 2178 1137 2150 1112 2128 1130 2049 1137 2020 1123 1995 1141 1862 1123 1791 1123 1755 1141 1730 1115 1687 1133 1658 1119 1579 1130 1507 1112 1320 1126 1270 1108 1241 1119 1213 1101 1195 1119 1155 1105 1058 1119 1012 1098 940 1112"/></Shape>
	    <String CONTENT="מקיים ועשו לי מקדש בשאר כל הימים חוץ מן השבת והשבת והדין נותן ומה"
                    HPOS="936.0"
                    VPOS="986.0"
                    WIDTH="1831.0"
                    HEIGHT="155.0"></String>
          </TextLine>

          
          
          <TextLine ID="eSc_line_1649755"
                    
                    BASELINE="979 1155 1299 1169 1460 1166 1862 1184 2239 1184 2358 1180 2645 1141 2778 1133" 
                    HPOS="976.0"
                    VPOS="1062.0"
                    WIDTH="1798.0"
                    HEIGHT="183.0">
            <Shape><Polygon POINTS="976 1151 997 1115 1022 1108 1324 1126 1471 1123 1503 1108 1604 1137 1748 1144 1855 1130 2002 1144 2028 1126 2081 1144 2142 1115 2182 1144 2203 1126 2268 1137 2293 1119 2358 1137 2444 1105 2487 1123 2684 1087 2717 1062 2774 1130 2613 1191 2501 1191 2458 1212 2440 1198 2369 1223 2336 1209 2293 1234 2257 1216 2203 1237 2117 1212 2042 1237 2024 1223 1884 1230 1791 1212 1730 1245 1697 1212 1643 1205 1521 1216 1475 1202 1399 1223 1356 1202 1213 1212 1134 1202 1116 1184 1091 1202 1026 1173 979 1184"/></Shape>
	    <String CONTENT="יום עבודה שאינה באה אלא מכח המכשירין הרי הוא ← את השבת ומכשירי"
                    HPOS="976.0"
                    VPOS="1062.0"
                    WIDTH="1798.0"
                    HEIGHT="183.0"></String>
          </TextLine>

          
          
          <TextLine ID="eSc_line_1649756"
                    
                    BASELINE="972 1256 1105 1266 1421 1266 1812 1284 2114 1284 2487 1263 2778 1216" 
                    HPOS="969.0"
                    VPOS="1166.0"
                    WIDTH="1805.0"
                    HEIGHT="179.0">
            <Shape><Polygon POINTS="969 1255 972 1223 1022 1180 1066 1220 1112 1198 1137 1220 1342 1230 1486 1216 1568 1230 1629 1209 1654 1234 1697 1216 1722 1241 1952 1241 2010 1223 2045 1241 2099 1209 2139 1237 2218 1237 2268 1220 2293 1245 2325 1227 2473 1220 2509 1194 2584 1205 2710 1166 2774 1212 2706 1266 2620 1291 2562 1277 2473 1320 2372 1320 2354 1302 2264 1324 2193 1316 2175 1334 2153 1320 2117 1331 2089 1309 2060 1331 1941 1327 1920 1345 1884 1320 1841 1334 1801 1313 1679 1324 1615 1302 1565 1320 1493 1306 1374 1324 1288 1284 1256 1313 1202 1313 1155 1306 1127 1277 1101 1302 1026 1281 1001 1302 976 1277"/></Shape>
	    <String CONTENT="עבודה שאין עבודה באה אלא מכחן דין שידחה את השבת כגון שנטלה [ק&#39;]"
                    HPOS="969.0"
                    VPOS="1166.0"
                    WIDTH="1805.0"
                    HEIGHT="179.0"></String>
          </TextLine>

          
          
          <TextLine ID="eSc_line_1649758"
                    
                    BASELINE="952 1353 1270 1367 1877 1370 2142 1377 2469 1363 2552 1352 2750 1311 2769 1307" 
                    HPOS="951.0"
                    VPOS="1266.0"
                    WIDTH="1816.0"
                    HEIGHT="172.0">
            <Shape><Polygon POINTS="951 1352 954 1306 1012 1324 1037 1306 1091 1309 1119 1281 1162 1316 1249 1316 1288 1291 1371 1327 1478 1313 1719 1334 1809 1313 1913 1345 1967 1331 2221 1334 2293 1316 2376 1327 2419 1309 2476 1320 2534 1306 2562 1277 2623 1288 2713 1266 2767 1306 2706 1377 2638 1349 2605 1377 2577 1359 2541 1395 2426 1403 2390 1420 2308 1410 2275 1424 2081 1424 2060 1406 2010 1438 1927 1406 1791 1406 1776 1420 1755 1399 1615 1424 1539 1388 1511 1406 1356 1395 1313 1413 1270 1392 1195 1417 1166 1395 1062 1399 958 1374"/></Shape>
	    <String CONTENT="קרנו של מזבח או שנפגמה הסכין שומע אני יתקנם בשבת ˙ ת&#39;ל&#39; ויקהל משה"
                    HPOS="951.0"
                    VPOS="1266.0"
                    WIDTH="1816.0"
                    HEIGHT="172.0"></String>
          </TextLine>

          
          
          <TextLine ID="eSc_line_1649759"
                    
                    BASELINE="952 1439 1105 1456 1378 1456 1554 1467 2232 1471 2422 1456 2763 1406" 
                    HPOS="951.0"
                    VPOS="1352.0"
                    WIDTH="1809.0"
                    HEIGHT="169.0">
            <Shape><Polygon POINTS="951 1438 954 1385 976 1367 1048 1410 1101 1413 1202 1413 1231 1399 1252 1417 1453 1420 1500 1417 1536 1388 1565 1417 1622 1424 1669 1413 1712 1428 1751 1399 1776 1424 1794 1406 1837 1428 1931 1410 1952 1431 2024 1435 2060 1406 2085 1431 2128 1417 2221 1435 2293 1424 2311 1442 2358 1420 2530 1399 2573 1359 2605 1381 2634 1352 2684 1381 2720 1367 2760 1403 2713 1464 2666 1471 2631 1446 2595 1478 2505 1499 2369 1496 2340 1510 2304 1485 2225 1521 2153 1517 2132 1496 2092 1521 1995 1503 1931 1517 1766 1503 1719 1517 1611 1499 1536 1510 1521 1496 1403 1489 1335 1510 1285 1489 1245 1510 1198 1489 1173 1503 1134 1481 1019 1489 958 1449"/></Shape>
	    <String CONTENT="בחול ולא בשבת ˙˙ ויאמר אליהם ר&#39; אומ&#39; להביא שלשים ותשע אבות [המל&#39;]"
                    HPOS="951.0"
                    VPOS="1352.0"
                    WIDTH="1809.0"
                    HEIGHT="169.0"></String>
          </TextLine>

          
          
          <TextLine ID="eSc_line_1649760"
                    
                    BASELINE="952 1537 1198 1553 1920 1571 2272 1560 2462 1546 2584 1532 2760 1496" 
                    HPOS="951.0"
                    VPOS="1442.0"
                    WIDTH="1805.0"
                    HEIGHT="183.0">
            <Shape><Polygon POINTS="951 1535 954 1478 990 1496 1119 1478 1166 1514 1252 1514 1302 1489 1371 1521 1442 1503 1593 1510 1787 1525 1827 1546 1877 1521 1952 1528 1981 1503 2056 1528 2214 1528 2264 1521 2304 1481 2340 1514 2426 1507 2455 1489 2509 1499 2584 1485 2631 1442 2663 1467 2724 1464 2756 1492 2692 1553 2627 1546 2602 1571 2476 1593 2455 1582 2433 1600 2390 1589 2358 1603 2329 1586 2272 1600 2243 1625 2189 1603 2124 1611 2107 1593 2024 1614 1977 1603 1934 1625 1880 1593 1783 1621 1737 1607 1615 1618 1593 1600 1539 1596 1503 1611 1374 1589 1313 1600 1292 1578 1216 1600 1173 1575 1152 1593 1069 1571 990 1586 954 1557"/></Shape>
	    <String CONTENT="המלאכות שאמר להן משה על פה ˙˙ ששת ימים תעשה מלאכה ˙ כת&#39; אחד"
                    HPOS="951.0"
                    VPOS="1442.0"
                    WIDTH="1805.0"
                    HEIGHT="183.0"></String>
          </TextLine>

          
          
          <TextLine ID="eSc_line_1649761"
                    
                    BASELINE="952 1636 1299 1643 1550 1657 1672 1654 2214 1657 2480 1643 2763 1596" 
                    HPOS="951.0"
                    VPOS="1532.0"
                    WIDTH="1809.0"
                    HEIGHT="190.0">
            <Shape><Polygon POINTS="951 1632 997 1589 1051 1575 1141 1600 1640 1621 1730 1603 1780 1625 1830 1621 1873 1596 1952 1625 2045 1621 2107 1596 2128 1618 2153 1600 2243 1625 2268 1611 2444 1600 2458 1586 2476 1600 2537 1596 2605 1578 2634 1546 2677 1560 2720 1532 2760 1593 2713 1639 2591 1675 2462 1675 2383 1704 2336 1690 2293 1711 2175 1693 2124 1708 2074 1679 2028 1711 1967 1690 1859 1722 1740 1690 1694 1700 1676 1682 1626 1708 1557 1708 1514 1690 1475 1708 1374 1686 1317 1697 1026 1679 983 1636"/></Shape>
	    <String CONTENT="אומ&#39; ששת ימים תעשה מלאכה ˙ וכת&#39; אחר אומר ששת ימים תעבד ˙ כיצד"
                    HPOS="951.0"
                    VPOS="1532.0"
                    WIDTH="1809.0"
                    HEIGHT="190.0"></String>
          </TextLine>

          
          
          <TextLine ID="eSc_line_1649762"
                    
                    BASELINE="952 1740 1320 1740 1597 1758 2329 1754 2548 1736 2663 1715 2778 1679" 
                    HPOS="951.0"
                    VPOS="1650.0"
                    WIDTH="1823.0"
                    HEIGHT="165.0">
            <Shape><Polygon POINTS="951 1736 1008 1679 1489 1715 1633 1715 1672 1682 1730 1722 1773 1711 1859 1725 1938 1700 1984 1725 2035 1718 2081 1675 2139 1718 2236 1725 2297 1722 2347 1690 2365 1704 2455 1704 2509 1686 2598 1686 2710 1650 2774 1675 2695 1751 2670 1747 2641 1772 2516 1783 2487 1765 2430 1790 2315 1790 2272 1812 2117 1790 2013 1815 1938 1801 1870 1815 1805 1797 1766 1815 1744 1794 1701 1804 1661 1779 1575 1815 1489 1783 1439 1794 1184 1776 1155 1797 972 1736"/></Shape>
	    <String CONTENT="יתקיימו שני כתובי&#39; כשישרﭏ עושי&#39; רצונו של מקום ששת ימים תעשה"
                    HPOS="951.0"
                    VPOS="1650.0"
                    WIDTH="1823.0"
                    HEIGHT="165.0"></String>
          </TextLine>

          
          
          <TextLine ID="eSc_line_1649763"
                    
                    BASELINE="952 1826 1629 1858 2243 1858 2483 1844 2760 1786" 
                    HPOS="951.0"
                    VPOS="1743.0"
                    WIDTH="1805.0"
                    HEIGHT="180.0">
            <Shape><Polygon POINTS="951 1822 954 1783 983 1754 1019 1772 1037 1761 1066 1790 1148 1801 1299 1804 1349 1790 1367 1808 1396 1797 1410 1812 1543 1819 1748 1804 1769 1822 1837 1815 1891 1830 2071 1819 2135 1790 2171 1819 2325 1815 2343 1801 2448 1794 2491 1765 2519 1786 2598 1779 2645 1769 2670 1743 2727 1751 2756 1783 2717 1844 2670 1840 2634 1865 2491 1891 2386 1880 2358 1908 2336 1894 2121 1908 2085 1891 2045 1912 1977 1898 1941 1912 1895 1891 1816 1923 1783 1898 1676 1891 1586 1912 1554 1883 1536 1901 1410 1901 1346 1876 1202 1891 1159 1865 1094 1880 1022 1869 1005 1887 954 1837"/></Shape>
	    <String CONTENT="מלאכה מלאכתן נעשית ע&#39;י&#39; אחרים ˙ וכן הוא אומר ובני נכר אכרכם ˙ וכשאי&#39;"
                    HPOS="951.0"
                    VPOS="1743.0"
                    WIDTH="1805.0"
                    HEIGHT="180.0"></String>
          </TextLine>

          
          
          <TextLine ID="eSc_line_1649764"
                    
                    BASELINE="961 1934 1468 1959 2322 1959 2498 1944 2620 1923 2781 1883" 
                    HPOS="958.0"
                    VPOS="1847.0"
                    WIDTH="1820.0"
                    HEIGHT="173.0">
            <Shape><Polygon POINTS="958 1930 987 1887 1263 1901 1299 1873 1363 1908 1396 1894 1643 1916 1690 1887 1726 1919 1827 1919 1859 1901 1913 1926 1988 1912 2053 1923 2089 1894 2132 1923 2354 1912 2386 1880 2462 1905 2480 1891 2641 1873 2699 1847 2778 1880 2713 1952 2677 1941 2627 1973 2570 1955 2548 1977 2465 1973 2430 1995 2372 1980 2297 2020 2211 1995 2182 2009 2045 2009 2031 1995 2002 2009 1783 2009 1769 1995 1737 2009 1694 1984 1565 2020 1543 2002 1432 1984 1371 2002 1320 1995 1288 1969 1256 1987 1220 1969 1184 1991 1094 1977 1051 1991 1030 1969 1008 1977 965 1934"/></Shape>
	    <String CONTENT="עושין רצונו של מקום ששת ימים תעבד מלאכתן נעשית על ידי עצמן [/]"
                    HPOS="958.0"
                    VPOS="1847.0"
                    WIDTH="1820.0"
                    HEIGHT="173.0"></String>
          </TextLine>

          
          
          <TextLine ID="eSc_line_1649765"
                    
                    BASELINE="918 2028 1547 2059 1704 2059 1909 2070 2160 2074 2376 2059 2566 2038 2789 1991" 
                    HPOS="915.0"
                    VPOS="1941.0"
                    WIDTH="1870.0"
                    HEIGHT="186.0">
            <Shape><Polygon POINTS="915 2027 976 1952 1015 1987 1055 1995 1094 1984 1263 1998 1299 1973 1331 2005 1374 2013 1392 1995 1421 2013 1565 2023 1618 2020 1694 1987 1755 2020 1816 2016 1859 2059 1888 2059 1934 2027 2049 2027 2081 2009 2099 2027 2132 2013 2150 2030 2261 2005 2279 2023 2340 2009 2383 2020 2469 1973 2505 1991 2519 1977 2555 1991 2623 1984 2681 1941 2785 1987 2735 2034 2659 2066 2641 2056 2591 2088 2534 2056 2491 2095 2455 2077 2422 2099 2315 2117 2268 2091 2246 2113 2211 2106 2175 2127 2117 2102 1999 2120 1956 2077 1923 2088 1902 2066 1809 2102 1751 2106 1737 2091 1694 2109 1665 2091 1636 2117 1611 2102 1536 2109 1306 2081 1213 2077 1173 2099 1148 2074 1084 2081 1055 2059 969 2066 944 2084 918 2066"/></Shape>
	    <String CONTENT="ולא עוד אלא ועבדת את אויבך ˙˙ וביום השביעי יהיה לכם קדש שלא"
                    HPOS="915.0"
                    VPOS="1941.0"
                    WIDTH="1870.0"
                    HEIGHT="186.0"></String>
          </TextLine>

          
          
          <TextLine ID="eSc_line_1649766"
                    
                    BASELINE="976 2131 1586 2160 2268 2160 2491 2149 2645 2131 2763 2102" 
                    HPOS="972.0"
                    VPOS="2059.0"
                    WIDTH="1788.0"
                    HEIGHT="158.0">
            <Shape><Polygon POINTS="972 2127 976 2095 1012 2070 1094 2091 1148 2077 1170 2099 1579 2106 1636 2120 1669 2091 1694 2113 1888 2120 1956 2081 1995 2120 2031 2131 2193 2127 2268 2088 2308 2117 2415 2117 2440 2099 2483 2106 2534 2059 2587 2088 2738 2063 2760 2099 2706 2153 2663 2149 2616 2174 2552 2163 2491 2199 2462 2188 2419 2206 2325 2188 2308 2203 2257 2196 2150 2217 2103 2217 2074 2199 2010 2217 1984 2188 1941 2185 1902 2210 1844 2196 1719 2206 1694 2188 1669 2203 1525 2199 1500 2185 1460 2199 1439 2178 1414 2192 1356 2181 1324 2203 1295 2178 1263 2192 1227 2178 1188 2185 1162 2160 1116 2178 1001 2174 976 2149"/></Shape>
	    <String CONTENT="יהו ישרﭏ אומ&#39; הואיל ואנו מותרי&#39; לעשות מלאכה בבית המקדש נהא [מות&#39;]"
                    HPOS="972.0"
                    VPOS="2059.0"
                    WIDTH="1788.0"
                    HEIGHT="158.0"></String>
          </TextLine>

          
          
          <TextLine ID="eSc_line_1649770"
                    
                    BASELINE="947 2231 1356 2242 1611 2260 2257 2260 2544 2246 2634 2231 2763 2199" 
                    HPOS="944.0"
                    VPOS="2153.0"
                    WIDTH="1816.0"
                    HEIGHT="172.0">
            <Shape><Polygon POINTS="944 2228 947 2181 965 2196 1001 2181 1127 2185 1152 2160 1198 2192 1363 2206 1432 2174 1464 2203 1500 2185 1539 2210 1629 2214 1895 2217 1923 2188 1967 2188 2020 2224 2063 2196 2110 2224 2268 2221 2329 2188 2358 2214 2433 2210 2498 2199 2552 2160 2591 2188 2695 2153 2731 2156 2760 2196 2738 2246 2663 2242 2602 2285 2462 2278 2351 2307 2221 2303 2164 2318 2067 2300 2042 2325 1999 2296 1956 2321 1913 2296 1855 2307 1708 2285 1669 2300 1565 2289 1529 2307 1468 2278 1442 2296 1338 2285 1313 2300 1270 2271 1227 2285 1123 2260 1080 2292 1051 2267 1022 2275 947 2239"/></Shape>
	    <String CONTENT="מותרין לעשות מלאכה בגבולין ˙ ת&#39;ל&#39; וביום השביעי וגו&#39; ˙ לכם קדש ולמקום"
                    HPOS="944.0"
                    VPOS="2153.0"
                    WIDTH="1816.0"
                    HEIGHT="172.0"></String>
          </TextLine>

          
          
          <TextLine ID="eSc_line_1649774"
                    
                    BASELINE="965 2318 1134 2343 1263 2343 1518 2357 1798 2361 2254 2361 2517 2341 2782 2295" 
                    HPOS="961.0"
                    VPOS="2242.0"
                    WIDTH="1820.0"
                    HEIGHT="180.0">
            <Shape><Polygon POINTS="961 2314 990 2285 1080 2296 1119 2264 1155 2296 1241 2289 1640 2318 1708 2285 1762 2318 2045 2328 2114 2303 2132 2321 2221 2325 2437 2307 2465 2282 2505 2303 2552 2303 2623 2285 2666 2242 2688 2260 2731 2257 2781 2292 2720 2350 2595 2357 2534 2397 2501 2379 2473 2400 2437 2389 2422 2404 2322 2411 2085 2407 2071 2422 2020 2397 1877 2411 1687 2397 1647 2407 1633 2393 1579 2411 1529 2389 1425 2386 1374 2397 1267 2379 1249 2361 1152 2382 1101 2357 1066 2382 969 2332"/></Shape>
	    <String CONTENT="חול ˙˙ וכל העושה בו מלאכה יומת בו ולא בו ובחבירו ˙ והרי שחל יום"
                    HPOS="961.0"
                    VPOS="2242.0"
                    WIDTH="1820.0"
                    HEIGHT="180.0"></String>
          </TextLine>

          
          
          <TextLine ID="eSc_line_1649775"
                    
                    BASELINE="972 2432 1119 2429 1342 2447 1511 2447 1694 2458 2315 2461 2523 2443 2781 2404" 
                    HPOS="969.0"
                    VPOS="2339.0"
                    WIDTH="1809.0"
                    HEIGHT="176.0">
            <Shape><Polygon POINTS="969 2429 976 2339 1066 2386 1134 2375 1191 2397 1241 2371 1267 2397 1417 2386 1582 2414 1629 2393 1647 2411 1923 2422 2017 2397 2078 2422 2272 2422 2476 2400 2505 2375 2552 2397 2720 2361 2778 2400 2720 2447 2681 2447 2645 2475 2501 2475 2476 2501 2383 2483 2340 2504 2264 2511 2157 2511 2063 2486 2028 2508 1870 2497 1809 2515 1708 2486 1669 2493 1647 2475 1600 2504 1579 2483 1482 2493 1008 2472 972 2447"/></Shape>
	    <String CONTENT="הכפורים לערב שבת יעשה מלאכה בין השמשו&#39; שומע אני יהיה חייב ˙ ת&#39;ל&#39;"
                    HPOS="969.0"
                    VPOS="2339.0"
                    WIDTH="1809.0"
                    HEIGHT="176.0"></String>
          </TextLine>

          
          
          <TextLine ID="eSc_line_1649777"
                    
                    BASELINE="972 2514 1005 2522 1127 2533 1586 2544 1992 2562 2365 2558 2760 2504" 
                    HPOS="969.0"
                    VPOS="2443.0"
                    WIDTH="1787.0"
                    HEIGHT="169.0">
            <Shape><Polygon POINTS="969 2511 972 2475 1001 2468 1170 2490 1367 2486 1407 2501 1511 2501 1543 2486 1575 2508 1643 2475 1704 2529 1730 2508 2035 2515 2067 2486 2121 2522 2318 2515 2376 2483 2408 2504 2566 2493 2652 2472 2681 2443 2727 2461 2756 2501 2724 2540 2674 2544 2602 2583 2469 2594 2444 2580 2412 2597 2354 2583 2300 2605 2236 2590 2103 2612 2056 2594 1888 2608 1787 2590 1758 2565 1654 2590 1615 2576 1503 2594 1446 2576 1396 2590 1363 2562 1299 2580 1241 2562 1195 2594 1170 2572 1119 2587 1087 2558 1048 2551 1012 2565 976 2544"/></Shape>
	    <String CONTENT="כל העושה בו מלאכה יומת ולא בו ובחבירו ˙˙ לא תשבית שבות מן החריש"
                    HPOS="969.0"
                    VPOS="2443.0"
                    WIDTH="1787.0"
                    HEIGHT="169.0"></String>
          </TextLine>

          
          
          <TextLine ID="eSc_line_1649773"
                    
                    BASELINE="943 2616 1112 2630 1367 2633 1543 2648 1654 2644 1959 2658 2390 2651 2526 2641 2699 2615 2766 2618" 
                    HPOS="940.0"
                    VPOS="2554.0"
                    WIDTH="1823.0"
                    HEIGHT="155.0">
            <Shape><Polygon POINTS="940 2615 983 2576 1019 2587 1073 2562 1116 2587 1162 2580 1191 2594 1256 2562 1285 2583 1335 2583 1360 2562 1399 2594 1486 2583 1514 2605 1629 2590 1647 2605 1712 2605 1755 2562 1798 2605 1823 2608 1916 2612 1945 2597 1970 2612 2150 2605 2196 2619 2354 2612 2372 2594 2412 2612 2702 2554 2731 2562 2763 2615 2702 2655 2544 2669 2501 2698 2483 2680 2444 2687 2415 2673 2383 2694 2343 2684 2300 2702 2214 2691 2099 2709 2060 2684 2031 2702 1909 2691 1891 2709 1697 2684 1597 2698 1572 2680 1536 2691 1503 2666 1410 2687 1385 2666 1288 2673 1263 2648 1216 2673 1091 2658 1033 2669 987 2662 944 2619"/></Shape>
	    <String CONTENT="בשעת הקציר שישבות מערב שביעית לשביעית ˙ אין לי אלא [שהוא] [/]"
                    HPOS="940.0"
                    VPOS="2554.0"
                    WIDTH="1823.0"
                    HEIGHT="155.0"></String>
          </TextLine>

          
          
          <TextLine ID="eSc_line_1649776"
                    
                    BASELINE="943 2716 1561 2748 2063 2763 2430 2752 2523 2741 2766 2693" 
                    HPOS="940.0"
                    VPOS="2651.0"
                    WIDTH="1823.0"
                    HEIGHT="162.0">
            <Shape><Polygon POINTS="940 2712 1008 2666 1069 2680 1155 2673 1170 2687 1188 2669 1227 2680 1256 2651 1302 2687 1353 2698 1457 2705 1507 2673 1532 2698 1629 2691 1712 2712 1905 2705 1938 2719 2024 2716 2060 2684 2096 2719 2512 2702 2713 2651 2763 2691 2706 2748 2627 2755 2605 2777 2537 2777 2494 2795 2473 2770 2448 2795 2225 2813 2196 2780 2157 2809 1916 2809 1873 2795 1798 2809 1762 2773 1737 2795 1715 2784 1661 2809 1629 2777 1590 2795 1529 2784 1439 2798 1421 2780 1385 2791 1288 2766 1206 2766 1191 2780 1112 2759 1080 2784 1030 2759 1001 2784 944 2730"/></Shape>
	    <String CONTENT="שהוא שובת מערב שביעית לשביעית כן ישבות מערב שבת לשבת והדין"
                    HPOS="940.0"
                    VPOS="2651.0"
                    WIDTH="1823.0"
                    HEIGHT="162.0"></String>
          </TextLine>

          
          
          <TextLine ID="eSc_line_1649747"
                    
                    BASELINE="943 2827 1586 2856 2142 2863 2304 2856 2516 2838 2766 2789" 
                    HPOS="940.0"
                    VPOS="2752.0"
                    WIDTH="1823.0"
                    HEIGHT="161.0">
            <Shape><Polygon POINTS="940 2824 976 2780 1005 2784 1026 2763 1055 2784 1145 2798 1206 2777 1249 2795 1285 2770 1338 2806 1414 2788 1428 2802 1500 2795 1554 2809 1575 2795 1590 2809 1683 2813 1722 2788 1751 2816 1783 2820 1866 2806 2157 2816 2193 2780 2229 2820 2390 2813 2440 2806 2469 2777 2498 2795 2713 2752 2763 2788 2720 2838 2681 2849 2641 2885 2609 2867 2559 2888 2487 2870 2473 2885 2304 2910 2211 2906 2178 2885 2150 2906 2035 2895 1923 2913 1898 2895 1748 2913 1726 2899 1565 2888 1507 2892 1486 2913 1442 2888 1392 2906 1306 2870 1241 2895 1202 2874 1001 2885 944 2841"/></Shape>
	    <String CONTENT="נותן והואיל ושביעית לשום השם ושבת לשום השם ˙ אם למדת שהוא"
                    HPOS="940.0"
                    VPOS="2752.0"
                    WIDTH="1823.0"
                    HEIGHT="161.0"></String>
          </TextLine>

          
          
          <TextLine ID="eSc_line_1649767"
                    
                    BASELINE="943 2921 1238 2942 1561 2949 1697 2960 2164 2963 2537 2942 2616 2931 2763 2895" 
                    HPOS="940.0"
                    VPOS="2852.0"
                    WIDTH="1820.0"
                    HEIGHT="172.0">
            <Shape><Polygon POINTS="940 2920 944 2885 983 2874 1048 2888 1198 2874 1238 2899 1317 2874 1396 2913 1450 2902 1493 2917 1532 2899 1661 2899 1697 2913 1712 2899 1730 2913 1801 2906 1834 2924 1888 2902 1920 2920 1995 2906 2099 2920 2146 2913 2178 2885 2243 2910 2390 2895 2430 2910 2498 2892 2641 2888 2706 2852 2760 2892 2717 2946 2666 2938 2641 2963 2580 2981 2552 2971 2469 2996 2412 2978 2386 3003 2340 3007 2182 3010 2160 2992 2139 3014 2060 2992 2035 3017 1898 3007 1880 3024 1837 2996 1798 3007 1740 2989 1672 3007 1643 2981 1600 3003 1532 2992 1496 3007 1435 2978 1396 2999 1320 2999 1231 2974 1184 2996 1137 2974 1105 2981 1062 2953 1015 2963 958 2928 944 2935"/></Shape>
	    <String CONTENT="שובת מערב שביעית לשביעית ˙ כך ושבות מערב שבת לשבת ˙˙ ועוד"
                    HPOS="940.0"
                    VPOS="2852.0"
                    WIDTH="1820.0"
                    HEIGHT="172.0"></String>
          </TextLine>

          
          
          <TextLine ID="eSc_line_1649771"
                    
                    BASELINE="943 3028 1127 3028 1514 3050 1633 3046 1859 3057 2078 3057 2426 3042 2670 3014 2766 3008" 
                    HPOS="940.0"
                    VPOS="2935.0"
                    WIDTH="1823.0"
                    HEIGHT="176.0">
            <Shape><Polygon POINTS="940 3024 947 2985 990 2992 1048 2956 1098 2981 1216 2999 1245 2989 1396 3003 1435 2978 1471 3007 1597 3010 1643 2985 1676 3017 1755 2992 1791 3014 1841 2996 1880 3021 2042 3014 2063 2996 2124 3017 2379 3010 2430 2989 2480 2999 2544 2974 2580 2985 2634 2971 2666 2935 2720 2953 2763 3007 2692 3057 2666 3039 2627 3068 2584 3060 2473 3100 2433 3075 2401 3103 2361 3093 2343 3107 2286 3096 2236 3111 2168 3093 2089 3107 2056 3075 1999 3107 1794 3111 1704 3093 1478 3093 1450 3068 1396 3093 1346 3082 1331 3096 1224 3085 1195 3068 1069 3085 1033 3057 983 3068 944 3046"/></Shape>
	    <String CONTENT="קל וחומ&#39; מה אם שביעית שאין חייבי&#39; עליה לא כרת ולא מיתת בית דין הרי"
                    HPOS="940.0"
                    VPOS="2935.0"
                    WIDTH="1823.0"
                    HEIGHT="176.0"></String>
          </TextLine>

          
          
          <TextLine ID="eSc_line_1649768"
                    
                    BASELINE="947 3121 1751 3150 2329 3150 2573 3125 2760 3089" 
                    HPOS="944.0"
                    VPOS="3046.0"
                    WIDTH="1812.0"
                    HEIGHT="165.0">
            <Shape><Polygon POINTS="944 3118 997 3068 1037 3060 1073 3089 1202 3071 1310 3103 1396 3096 1442 3064 1478 3093 1629 3107 1701 3096 1744 3111 2013 3114 2053 3078 2114 3118 2160 3100 2236 3111 2290 3093 2308 3111 2372 3096 2404 3107 2422 3093 2476 3103 2591 3064 2616 3075 2659 3046 2727 3050 2756 3085 2713 3129 2519 3179 2236 3200 2182 3190 2142 3207 2117 3193 2096 3211 2038 3197 1977 3204 1949 3175 1913 3204 1791 3204 1776 3190 1529 3193 1432 3168 1385 3186 1360 3164 1338 3179 1270 3179 1249 3164 1180 3175 1162 3157 1033 3172 947 3121"/></Shape>
	    <String CONTENT="הוא שובת מערב שביעית לשבות שבת שחייבין עליה כרת ומיתת ב&#39;ד&#39;"
                    HPOS="944.0"
                    VPOS="3046.0"
                    WIDTH="1812.0"
                    HEIGHT="165.0"></String>
          </TextLine>

          
          
          <TextLine ID="eSc_line_1649769"
                    
                    BASELINE="933 3223 2107 3254 2325 3243 2766 3200" 
                    HPOS="929.0"
                    VPOS="3164.0"
                    WIDTH="1834.0"
                    HEIGHT="130.0">
            <Shape><Polygon POINTS="929 3222 936 3190 972 3190 1005 3164 1055 3190 1098 3164 1162 3164 1180 3182 1256 3164 1270 3179 1363 3168 1403 3197 1457 3175 1500 3190 1518 3179 1547 3200 1665 3186 1679 3200 1744 3200 1769 3186 1812 3204 1920 3204 1952 3179 1981 3204 2361 3207 2562 3175 2738 3175 2763 3197 2753 3251 2512 3251 2483 3268 2390 3261 2293 3290 2171 3276 2150 3294 2114 3279 2099 3294 1816 3294 1712 3276 1608 3290 1550 3251 1460 3276 1435 3265 1403 3290 1277 3240 1188 3286 1119 3247 1062 3272 933 3240"/></Shape>
	    <String CONTENT="דין הוא שישבות מערב שבת לשבת ˙ או יהיה רשאי להדליק לו את הנר"
                    HPOS="929.0"
                    VPOS="3164.0"
                    WIDTH="1834.0"
                    HEIGHT="130.0"></String>
          </TextLine>

          
        </TextBlock>
        
        <TextBlock HPOS="696.0"
                   VPOS="1044.0"
                   WIDTH="209.0"
                   HEIGHT="163.0"
                   ID="eSc_textblock_13754"
                   TAGREFS="BT844">
          <Shape><Polygon POINTS="696 1044 696 1201 905 1207 899 1044"/></Shape>
          
          
          <TextLine ID="eSc_line_1649778"
                    
                    BASELINE="732 1162 796 1151 911 1144" 
                    HPOS="725.0"
                    VPOS="1104.0"
                    WIDTH="188.0"
                    HEIGHT="97.0">
            <Shape><Polygon POINTS="725 1122 789 1111 908 1104 913 1183 802 1190 738 1201"/></Shape>
	    <String CONTENT="דוחה"
                    HPOS="725.0"
                    VPOS="1104.0"
                    WIDTH="188.0"
                    HEIGHT="97.0"></String>
          </TextLine>

          
        </TextBlock>
        

        
      </PrintSpace>
    </Page>
  </Layout>
</alto>
