<?xml version="1.0" encoding="UTF-8"?>
<alto xmlns:xsi="http://www.w3.org/2001/XMLSchema-instance"
      xmlns="http://www.loc.gov/standards/alto/ns-v4#"
      xsi:schemaLocation="http://www.loc.gov/standards/alto/ns-v4# http://www.loc.gov/standards/alto/v4/alto-4-2.xsd">
  <Description>
    <MeasurementUnit>pixel</MeasurementUnit>
    <sourceImageInformation>
      <fileName>bsb00084914_00011.jpg</fileName>
      
    </sourceImageInformation>
  </Description>
  
  <Tags>
    <OtherTag ID="BT1" LABEL="Title" DESCRIPTION="block type Title"/><OtherTag ID="BT2" LABEL="Main" DESCRIPTION="block type Main"/><OtherTag ID="BT3" LABEL="Commentary" DESCRIPTION="block type Commentary"/><OtherTag ID="BT4" LABEL="Illustration" DESCRIPTION="block type Illustration"/><OtherTag ID="BT844" LABEL="Margin" DESCRIPTION="block type Margin"/><OtherTag ID="BT845" LABEL="Paratext" DESCRIPTION="block type Paratext"/><OtherTag ID="BT978" LABEL="Hole" DESCRIPTION="block type Hole"/>
    <OtherTag ID="LT2" LABEL="Numbering" DESCRIPTION="line type Numbering"/><OtherTag ID="LT3" LABEL="Correction" DESCRIPTION="line type Correction"/>
  </Tags>
  
  <Layout>
    <Page WIDTH="3176"
          HEIGHT="4306"
          PHYSICAL_IMG_NR="10"
          ID="eSc_dummypage_">
      <PrintSpace HPOS="0"
                  VPOS="0"
                  WIDTH="3176"
                  HEIGHT="4306">
        
        <TextBlock HPOS="822.0"
                   VPOS="584.0"
                   WIDTH="1990.0"
                   HEIGHT="2609.0"
                   ID="eSc_textblock_10527"
                   TAGREFS="BT2">
          <Shape><Polygon POINTS="874 584 2812 589 2812 3188 822 3193"/></Shape>
          
          
          <TextLine ID="eSc_line_1643472"
                    
                    BASELINE="893 653 2764 667" 
                    HPOS="889.0"
                    VPOS="592.0"
                    WIDTH="1874.0"
                    HEIGHT="125.0">
            <Shape><Polygon POINTS="889 649 893 620 954 602 1087 620 1123 592 1191 620 1284 606 1363 624 1428 624 1446 610 1471 624 1496 602 1582 592 1697 592 1733 613 1833 627 1998 627 2031 602 2163 595 2214 627 2336 617 2354 631 2429 624 2476 599 2752 599 2763 663 2752 696 2720 696 2698 717 2634 703 2605 717 2573 696 2530 717 2425 696 2296 717 2264 696 2210 710 2117 699 2095 714 1830 714 1758 688 1729 710 1690 710 1668 688 1625 710 1417 688 1367 710 1295 706 1273 685 1248 706 1187 706 1144 685 1044 685 1026 703 1004 685 893 685"/></Shape>
	    <String CONTENT="את מונע ˙ ראשון הוא לחדשי השנה ˙ שלא יעשה ניסן שיני ˙ ר&#39; יאשיה"
                    HPOS="889.0"
                    VPOS="592.0"
                    WIDTH="1874.0"
                    HEIGHT="125.0"></String>
          </TextLine>

          
          
          <TextLine ID="eSc_line_1643473"
                    
                    BASELINE="893 746 1306 753 1733 767 2382 767 2637 760 2770 739" 
                    HPOS="889.0"
                    VPOS="663.0"
                    WIDTH="1877.0"
                    HEIGHT="158.0">
            <Shape><Polygon POINTS="889 742 897 685 979 714 1051 706 1098 663 1137 703 1177 696 1230 714 1374 714 1428 681 1453 706 1500 699 1528 717 1625 721 1668 703 1704 717 1772 696 1797 717 1937 714 1973 732 2056 717 2131 728 2167 706 2199 728 2264 703 2293 728 2364 728 2400 706 2429 721 2569 703 2655 714 2745 681 2766 735 2741 807 2680 785 2555 800 2490 785 2458 818 2415 785 2393 800 2350 785 2318 818 2268 793 2232 818 2167 818 2146 800 2102 818 2077 803 2016 814 1980 778 1919 814 1812 807 1790 821 1758 796 1693 810 1679 796 1629 807 1596 789 1561 810 1392 810 1302 796 1281 775 1184 803 1126 793 1105 814 1065 778 968 810 929 796 911 807 893 789"/></Shape>
	    <String CONTENT="אומר מניין אתה אומ&#39; שאין מעברין את השנה אלא בבית הגדול [שבירו&#39;]"
                    HPOS="889.0"
                    VPOS="663.0"
                    WIDTH="1877.0"
                    HEIGHT="158.0"></String>
          </TextLine>

          
          
          <TextLine ID="eSc_line_1643474"
                    
                    BASELINE="1263 847 1500 854 1858 868 2102 868 2587 850 2763 854" 
                    HPOS="1259.0"
                    VPOS="775.0"
                    WIDTH="1500.0"
                    HEIGHT="161.0">
            <Shape><Polygon POINTS="1259 846 1263 782 1277 775 1299 796 1352 807 1561 810 1593 785 1640 818 1675 793 1697 814 1740 810 1758 825 1941 825 1980 789 2020 828 2074 807 2099 825 2189 807 2260 818 2282 800 2318 818 2354 782 2397 803 2411 789 2440 818 2490 785 2512 803 2669 789 2748 810 2759 850 2720 893 2673 907 2569 875 2504 893 2425 886 2390 918 2300 875 2257 907 2203 897 2160 936 2092 907 1902 915 1876 889 1848 918 1797 907 1783 922 1744 893 1701 915 1643 915 1575 882 1528 904 1478 882 1439 897 1367 879 1263 889"/></Shape>
	    <String CONTENT="שבירושלם ˙ ת&#39;ל&#39; ראשון הוא לכם ˙ דברו אל כל עדת ישרﭏ"
                    HPOS="1259.0"
                    VPOS="775.0"
                    WIDTH="1500.0"
                    HEIGHT="161.0"></String>
          </TextLine>

          
          
          <TextLine ID="eSc_line_f9784447"
                    
                    BASELINE="2193 969 2217 972 2601 954 2749 951" 
                    HPOS="2192.0"
                    VPOS="879.0"
                    WIDTH="556.0"
                    HEIGHT="201.0">
            <Shape><Polygon POINTS="2192 968 2196 893 2271 915 2314 889 2361 918 2422 915 2454 886 2540 897 2562 879 2641 886 2669 904 2738 900 2748 950 2741 1033 2695 1062 2648 1054 2612 1022 2547 1022 2508 1054 2476 1033 2440 1033 2282 1080 2203 1076"/></Shape>
	    <String CONTENT="פרשה ב&#39;"
                    HPOS="2192.0"
                    VPOS="879.0"
                    WIDTH="556.0"
                    HEIGHT="201.0"></String>
          </TextLine>

          
          
          <TextLine ID="eSc_line_1643475"
                    
                    BASELINE="915 937 1216 950 1618 954 1959 968 2113 961 2120 962" 
                    HPOS="911.0"
                    VPOS="879.0"
                    WIDTH="1206.0"
                    HEIGHT="136.0">
            <Shape><Polygon POINTS="911 936 918 904 990 911 1026 879 1123 879 1177 900 1263 886 1299 918 1467 922 1489 907 1507 922 1683 925 1722 893 1805 897 1837 929 1866 911 1891 929 1937 904 1980 922 2056 907 2070 925 2092 907 2110 911 2117 961 2106 1015 2041 1015 1998 993 1955 1015 1916 1001 1640 1008 1618 983 1478 1004 1453 979 1403 979 1378 1001 1266 976 1159 976 1141 990 1044 979 1029 993 979 972 915 979"/></Shape>
	    <String CONTENT="דברו אל כל עדת ישר&#39; וגו&#39; ˙ ר&#39; ישמעﭏ או&#39; וכי"
                    HPOS="911.0"
                    VPOS="879.0"
                    WIDTH="1206.0"
                    HEIGHT="136.0"></String>
          </TextLine>

          
          
          <TextLine ID="eSc_line_1643477"
                    
                    BASELINE="915 1033 1004 1051 1614 1051 1941 1065 2106 1058" 
                    HPOS="911.0"
                    VPOS="961.0"
                    WIDTH="1191.0"
                    HEIGHT="158.0">
            <Shape><Polygon POINTS="911 1029 922 979 1116 1004 1191 1004 1212 983 1241 983 1259 1001 1381 1008 1431 961 1485 1015 1557 1015 1593 993 1618 1015 1693 1008 1751 1022 1973 1011 2074 1022 2102 1054 2045 1112 1927 1101 1905 1119 1876 1098 1736 1119 1701 1101 1593 1108 1550 1083 1514 1108 1449 1087 1388 1112 1342 1098 1270 1108 1252 1094 1141 1087 1101 1105 1044 1087 915 1083"/></Shape>
	    <String CONTENT="שניהם היו מדברים ˙ והלא כבר נאמר ואתה"
                    HPOS="911.0"
                    VPOS="961.0"
                    WIDTH="1191.0"
                    HEIGHT="158.0"></String>
          </TextLine>

          
          
          <TextLine ID="eSc_line_1643478"
                    
                    BASELINE="898 1143 1087 1155 1334 1151 1772 1169 2149 1166 2458 1151 2760 1151" 
                    HPOS="897.0"
                    VPOS="1054.0"
                    WIDTH="1862.0"
                    HEIGHT="166.0">
            <Shape><Polygon POINTS="897 1141 911 1112 965 1098 1001 1108 1037 1083 1094 1108 1302 1101 1510 1126 1571 1105 1596 1123 1697 1105 1711 1119 1797 1119 1869 1090 1905 1119 1927 1105 2041 1115 2095 1069 2171 1130 2246 1123 2268 1101 2286 1119 2325 1080 2368 1108 2386 1094 2440 1119 2458 1101 2508 1098 2555 1054 2587 1087 2752 1101 2759 1148 2748 1191 2680 1202 2626 1187 2569 1205 2551 1191 2436 1198 2411 1173 2375 1198 2318 1184 2282 1209 2224 1205 2207 1220 2167 1198 2142 1212 1995 1220 1937 1198 1884 1212 1866 1194 1833 1194 1765 1220 1729 1191 1668 1216 1625 1198 1582 1212 1535 1187 1514 1205 1467 1198 1431 1212 1403 1194 1378 1209 1360 1191 1098 1202 1055 1184 1029 1202 958 1191 936 1212 900 1212"/></Shape>
	    <String CONTENT="דבר אל בני ישר&#39; ˙ ומה ת&#39;ל&#39; דברו אלא כיון שהיה משה מדבר היה אהרן"
                    HPOS="897.0"
                    VPOS="1054.0"
                    WIDTH="1862.0"
                    HEIGHT="166.0"></String>
          </TextLine>

          
          
          <TextLine ID="eSc_line_1643482"
                    
                    BASELINE="886 1237 1417 1255 1701 1252 2440 1255 2569 1248 2760 1248" 
                    HPOS="882.0"
                    VPOS="1173.0"
                    WIDTH="1877.0"
                    HEIGHT="147.0">
            <Shape><Polygon POINTS="882 1234 965 1191 1087 1209 1360 1194 1428 1212 1482 1202 1532 1223 1604 1194 1647 1216 1686 1212 1708 1191 1758 1223 1819 1220 1855 1198 1884 1220 1930 1202 1995 1223 2128 1220 2174 1202 2207 1223 2300 1198 2354 1209 2408 1173 2440 1209 2731 1194 2759 1245 2745 1288 2644 1281 2619 1302 2486 1284 2465 1298 2415 1284 2386 1306 2271 1295 2203 1309 2185 1295 2128 1306 2009 1291 1988 1313 1930 1302 1909 1316 1841 1295 1772 1320 1751 1302 1718 1320 1683 1316 1657 1291 1625 1306 1589 1295 1571 1313 1514 1306 1492 1284 1460 1302 1406 1277 1370 1302 1284 1284 1144 1302 1105 1270 1073 1302 1022 1302 976 1277 925 1281 886 1245"/></Shape>
	    <String CONTENT="מרכין אזנו לשמוע באימה ומעלים עליו כאילו שומעים מפי הקדש"
                    HPOS="882.0"
                    VPOS="1173.0"
                    WIDTH="1877.0"
                    HEIGHT="147.0"></String>
          </TextLine>

          
          
          <TextLine ID="eSc_line_1643483"
                    
                    BASELINE="889 1339 1385 1356 1704 1352 2372 1356 2760 1342" 
                    HPOS="886.0"
                    VPOS="1277.0"
                    WIDTH="1873.0"
                    HEIGHT="143.0">
            <Shape><Polygon POINTS="886 1338 900 1298 1051 1295 1126 1313 1162 1291 1245 1284 1370 1306 1399 1277 1500 1316 1521 1306 1751 1331 1808 1309 1855 1331 1930 1313 2031 1324 2067 1306 2120 1306 2163 1327 2217 1298 2386 1309 2411 1288 2447 1309 2479 1284 2533 1309 2691 1281 2759 1338 2684 1403 2580 1385 2551 1359 2504 1395 2329 1385 2311 1399 2163 1410 2146 1392 2070 1385 2034 1420 1988 1403 1963 1417 1887 1410 1858 1381 1815 1420 1794 1403 1715 1417 1604 1399 1564 1417 1521 1392 1500 1403 1460 1388 1442 1403 1421 1385 1374 1403 1277 1399 1256 1377 1169 1406 1058 1381 1008 1399 933 1374 889 1385"/></Shape>
	    <String CONTENT="ר&#39; אחי ב&#39;ר&#39; יאשיה או&#39; וכי שניהם היו מדברים ˙ והלא כבר נאמ&#39; ואתה"
                    HPOS="886.0"
                    VPOS="1277.0"
                    WIDTH="1873.0"
                    HEIGHT="143.0"></String>
          </TextLine>

          
          
          <TextLine ID="eSc_line_1643484"
                    
                    BASELINE="898 1444 983 1438 1065 1438 1413 1456 1672 1453 2411 1456 2760 1443" 
                    HPOS="897.0"
                    VPOS="1359.0"
                    WIDTH="1862.0"
                    HEIGHT="166.0">
            <Shape><Polygon POINTS="897 1442 900 1406 925 1381 943 1399 1055 1385 1087 1403 1173 1410 1220 1406 1238 1388 1259 1410 1385 1410 1421 1395 1439 1410 1485 1399 1568 1417 1596 1399 1690 1420 1819 1417 1858 1377 1894 1417 1923 1406 1937 1420 2024 1424 2077 1385 2153 1420 2217 1406 2296 1417 2332 1385 2382 1406 2512 1403 2555 1359 2591 1395 2748 1410 2759 1442 2748 1525 2723 1499 2655 1489 2630 1467 2598 1496 2565 1499 2544 1485 2465 1489 2436 1460 2397 1489 2321 1481 2268 1507 2099 1492 2063 1517 2034 1499 1930 1503 1916 1517 1744 1503 1704 1517 1582 1492 1550 1507 1503 1496 1485 1510 1464 1489 1302 1507 1177 1481 1101 1499 1051 1471 983 1489 954 1471 933 1489 900 1456"/></Shape>
	    <String CONTENT="דבר אל בני ישר&#39; ˙ ומה ת&#39;ל&#39; דברו אלא כיון שהיה משה מדבר היה אהרן"
                    HPOS="897.0"
                    VPOS="1359.0"
                    WIDTH="1862.0"
                    HEIGHT="166.0"></String>
          </TextLine>

          
          
          <TextLine ID="eSc_line_1643485"
                    
                    BASELINE="893 1545 1090 1539 1485 1557 1923 1553 2016 1557 2760 1542" 
                    HPOS="889.0"
                    VPOS="1467.0"
                    WIDTH="1870.0"
                    HEIGHT="151.0">
            <Shape><Polygon POINTS="889 1542 893 1503 911 1492 925 1507 958 1474 979 1492 1015 1478 1087 1496 1187 1489 1202 1503 1349 1496 1399 1514 1457 1492 1485 1514 1561 1510 1579 1492 1625 1514 1729 1525 1833 1510 1963 1521 2016 1496 2070 1514 2102 1489 2160 1507 2336 1514 2397 1499 2429 1467 2461 1492 2512 1499 2716 1499 2759 1539 2745 1575 2705 1589 2587 1575 2512 1596 2451 1578 2364 1600 2332 1582 2300 1596 2268 1571 2189 1603 2002 1593 1880 1603 1866 1618 1826 1589 1758 1603 1740 1589 1704 1607 1640 1586 1600 1607 1528 1568 1500 1593 1453 1578 1428 1603 1378 1589 1345 1618 1309 1589 1277 1596 1198 1571 1144 1593 1101 1586 1080 1564 1044 1593 1012 1568 893 1589"/></Shape>
	    <String CONTENT="מימינו וﭏעזר משמﭏו ואיתמר מימינו של אהרן ˙ והדיבור יוצא"
                    HPOS="889.0"
                    VPOS="1467.0"
                    WIDTH="1870.0"
                    HEIGHT="151.0"></String>
          </TextLine>

          
          
          <TextLine ID="eSc_line_1643486"
                    
                    BASELINE="904 1645 1083 1639 1381 1643 1657 1654 1873 1654 2268 1639 2608 1643 2760 1633" 
                    HPOS="900.0"
                    VPOS="1571.0"
                    WIDTH="1859.0"
                    HEIGHT="144.0">
            <Shape><Polygon POINTS="900 1643 904 1589 929 1582 1137 1596 1195 1571 1273 1600 1295 1589 1338 1618 1374 1593 1431 1607 1460 1582 1500 1596 1525 1571 1550 1593 1643 1614 1675 1593 1701 1611 1805 1589 1837 1618 2006 1596 2232 1607 2268 1571 2314 1607 2343 1593 2408 1603 2429 1582 2472 1600 2583 1578 2598 1593 2691 1596 2748 1582 2759 1632 2727 1675 2698 1672 2680 1690 2652 1672 2587 1690 2490 1675 2458 1686 2422 1664 2393 1690 2192 1686 2156 1715 2085 1679 2041 1697 2009 1679 1934 1693 1891 1664 1841 1704 1819 1686 1765 1682 1722 1697 1604 1686 1557 1704 1539 1690 1474 1700 1439 1664 1399 1693 1273 1682 1248 1697 1216 1664 1166 1693 1116 1693 1073 1675 951 1679 904 1657"/></Shape>
	    <String CONTENT="מביניהם כﭏו שלשתן מדברים ˙ ר&#39; ישמעﭏ ב&#39;ר&#39; יוחי או&#39; משה היה"
                    HPOS="900.0"
                    VPOS="1571.0"
                    WIDTH="1859.0"
                    HEIGHT="144.0"></String>
          </TextLine>

          
          
          <TextLine ID="eSc_line_1643487"
                    
                    BASELINE="865 1727 1001 1743 2239 1743 2769 1733" 
                    HPOS="864.0"
                    VPOS="1654.0"
                    WIDTH="1902.0"
                    HEIGHT="154.0">
            <Shape><Polygon POINTS="864 1725 868 1657 886 1654 947 1690 1015 1675 1033 1693 1184 1693 1216 1664 1248 1697 1266 1682 1385 1697 1435 1661 1474 1700 1518 1690 1582 1704 1614 1690 1643 1708 1668 1693 1754 1708 1819 1693 1841 1715 1909 1690 1980 1697 1998 1682 2041 1700 2063 1679 2153 1715 2207 1686 2397 1697 2422 1672 2454 1690 2587 1697 2648 1668 2695 1693 2734 1690 2766 1729 2738 1769 2652 1754 2616 1790 2580 1776 2494 1783 2469 1765 2451 1779 2336 1779 2303 1808 2260 1783 2153 1779 2117 1797 2034 1776 2016 1790 1909 1794 1844 1794 1812 1776 1779 1797 1711 1786 1657 1804 1589 1776 1553 1801 1439 1786 1399 1808 1378 1786 1288 1783 1256 1758 1227 1786 1015 1783 994 1765 947 1786 918 1758 886 1765 868 1747"/></Shape>
	    <String CONTENT="חולק כבוד לאהרן ˙ ואומ&#39; לו למדני ˙ ואהרן היה חולק כבוד למשה ואומ&#39;"
                    HPOS="864.0"
                    VPOS="1654.0"
                    WIDTH="1902.0"
                    HEIGHT="154.0"></String>
          </TextLine>

          
          
          <TextLine ID="eSc_line_1643488"
                    
                    BASELINE="893 1826 1169 1840 2336 1844 2769 1823" 
                    HPOS="889.0"
                    VPOS="1754.0"
                    WIDTH="1877.0"
                    HEIGHT="144.0">
            <Shape><Polygon POINTS="889 1822 893 1769 907 1758 951 1790 994 1769 1022 1790 1195 1790 1245 1833 1284 1794 1331 1804 1378 1790 1396 1808 1489 1794 1564 1812 1593 1783 1672 1808 1783 1797 1808 1776 1876 1797 2214 1779 2307 1804 2361 1776 2422 1790 2583 1776 2616 1790 2652 1754 2691 1772 2720 1758 2756 1786 2766 1822 2713 1873 2677 1844 2644 1869 2411 1865 2379 1891 2289 1873 2253 1887 2149 1891 2120 1876 2070 1891 2045 1876 2013 1891 1991 1880 1973 1894 1862 1894 1830 1865 1805 1891 1769 1880 1668 1898 1586 1891 1561 1873 1543 1891 1446 1887 1403 1869 1349 1887 1309 1855 1256 1873 1223 1840 1134 1883 1015 1865 965 1883 893 1840"/></Shape>
	    <String CONTENT="לו למדני והדיבור יוצא מביניהם כﭏו שניהם מדברים ˙ דברו אל"
                    HPOS="889.0"
                    VPOS="1754.0"
                    WIDTH="1877.0"
                    HEIGHT="144.0"></String>
          </TextLine>

          
          
          <TextLine ID="eSc_line_1643489"
                    
                    BASELINE="871 1931 1270 1944 1909 1944 2425 1923 2774 1923" 
                    HPOS="868.0"
                    VPOS="1840.0"
                    WIDTH="1902.0"
                    HEIGHT="155.0">
            <Shape><Polygon POINTS="868 1930 872 1840 907 1876 936 1862 972 1891 1144 1894 1180 1880 1223 1898 1270 1894 1306 1869 1334 1898 1439 1883 1453 1898 1518 1887 1625 1905 1801 1898 1833 1869 1862 1898 2110 1883 2217 1894 2293 1876 2382 1898 2436 1865 2465 1880 2587 1865 2644 1880 2680 1847 2770 1919 2759 1952 2684 1977 2655 1962 2558 1962 2526 1941 2490 1973 2429 1980 1988 1980 1948 1955 1923 1980 1869 1973 1855 1987 1790 1987 1769 1969 1647 1991 1403 1984 1338 1980 1320 1962 1238 1991 990 1977 958 1995 872 1966"/></Shape>
	    <String CONTENT="כל עדת ישר&#39; ˙ הדיבור בראש חדש ולקיחה בעשור ושחיטה בארבעה עש(ר)"
                    HPOS="868.0"
                    VPOS="1840.0"
                    WIDTH="1902.0"
                    HEIGHT="155.0"></String>
          </TextLine>

          
          
          <TextLine ID="eSc_line_1643490"
                    
                    BASELINE="865 2041 965 2034 1263 2038 1618 2027 2006 2030 2781 2005" 
                    HPOS="864.0"
                    VPOS="1941.0"
                    WIDTH="1913.0"
                    HEIGHT="147.0">
            <Shape><Polygon POINTS="864 2038 868 1995 907 1980 951 1998 1001 1980 1245 1995 1302 1977 1327 1998 1352 1973 1403 1991 1647 1991 1769 1973 1787 1987 1923 1987 1959 1959 1991 1984 2429 1984 2494 1973 2526 1941 2558 1966 2605 1973 2705 1973 2766 1952 2777 2002 2731 2045 2691 2034 2637 2066 2469 2056 2451 2074 2296 2059 2268 2074 2102 2077 2070 2059 1919 2084 1905 2070 1708 2077 1683 2056 1632 2056 1611 2077 1352 2074 1306 2088 1105 2084 1090 2070 1051 2084 1022 2066 994 2084 940 2070 872 2077"/></Shape>
	    <String CONTENT="אתה או&#39; הדיבור בראש חדש ולקיחה בעשור ושחיטה בארבעה ˙ או הדיבור"
                    HPOS="864.0"
                    VPOS="1941.0"
                    WIDTH="1913.0"
                    HEIGHT="147.0"></String>
          </TextLine>

          
          
          <TextLine ID="eSc_line_1643491"
                    
                    BASELINE="875 2135 1022 2127 1632 2131 2081 2113 2476 2117 2774 2106" 
                    HPOS="872.0"
                    VPOS="2034.0"
                    WIDTH="1898.0"
                    HEIGHT="147.0">
            <Shape><Polygon POINTS="872 2131 875 2102 911 2070 990 2084 1015 2063 1044 2088 1539 2084 1607 2077 1632 2052 1679 2056 1708 2081 2041 2077 2070 2059 2113 2081 2246 2077 2300 2059 2422 2074 2465 2059 2641 2063 2687 2034 2716 2056 2759 2048 2770 2102 2759 2127 2705 2163 2641 2163 2612 2145 2562 2163 2390 2170 2368 2149 2332 2170 2246 2163 2207 2178 2185 2160 2146 2174 2038 2160 1998 2178 1948 2160 1805 2174 1776 2156 1650 2178 1618 2145 1557 2174 1503 2153 1478 2174 1439 2160 1388 2178 1345 2153 1327 2170 1216 2163 1166 2181 1141 2167 1058 2170 1037 2149 1015 2167 979 2145 925 2170 875 2156"/></Shape>
	    <String CONTENT="ולקיחה בעשור ושחיטה בארבעה עשר ˙ ת&#39;ל&#39; החדש הזה לכם ˙ דברו ˙ [אימ&#39;]"
                    HPOS="872.0"
                    VPOS="2034.0"
                    WIDTH="1898.0"
                    HEIGHT="147.0"></String>
          </TextLine>

          
          
          <TextLine ID="eSc_line_1643492"
                    
                    BASELINE="879 2228 1909 2228 2207 2214 2612 2217 2770 2206" 
                    HPOS="875.0"
                    VPOS="2142.0"
                    WIDTH="1891.0"
                    HEIGHT="154.0">
            <Shape><Polygon POINTS="875 2224 879 2170 936 2170 976 2145 1012 2174 1040 2153 1105 2178 1191 2178 1216 2163 1320 2178 1363 2153 1413 2185 1435 2163 1478 2181 1521 2153 1575 2185 1614 2149 1650 2185 1726 2185 1765 2160 1894 2185 2024 2178 2038 2163 2149 2174 2178 2156 2199 2174 2336 2174 2368 2156 2386 2174 2483 2174 2533 2160 2587 2167 2619 2149 2641 2167 2705 2167 2741 2142 2766 2203 2745 2235 2702 2246 2677 2224 2648 2249 2569 2264 2357 2253 2217 2271 2171 2257 2138 2271 1991 2257 1898 2278 1833 2264 1801 2282 1762 2253 1726 2282 1675 2264 1654 2278 1607 2275 1586 2296 1535 2260 1460 2278 1331 2267 1317 2282 1291 2264 1248 2282 1212 2260 1184 2282 1162 2267 1141 2278 1116 2257 1080 2292 1055 2275 954 2264 897 2285 879 2267"/></Shape>
	    <String CONTENT="אימתי היה הדיבור בראש חדש ˙ הא אין עליך לומ&#39; כלשון אחרון אלא"
                    HPOS="875.0"
                    VPOS="2142.0"
                    WIDTH="1891.0"
                    HEIGHT="154.0"></String>
          </TextLine>

          
          
          <TextLine ID="eSc_line_1643493"
                    
                    BASELINE="882 2325 1844 2332 2013 2325 2368 2325 2623 2314 2763 2318" 
                    HPOS="879.0"
                    VPOS="2221.0"
                    WIDTH="1880.0"
                    HEIGHT="168.0">
            <Shape><Polygon POINTS="879 2321 893 2289 1047 2278 1080 2292 1112 2260 1141 2282 1159 2267 1198 2282 1216 2264 1288 2285 1431 2271 1471 2285 1496 2271 1568 2296 1607 2278 1650 2285 1672 2267 1729 2285 1762 2253 1805 2285 2049 2275 2070 2260 2135 2275 2282 2264 2325 2278 2357 2257 2411 2253 2454 2271 2508 2253 2626 2267 2677 2221 2748 2282 2759 2314 2748 2368 2608 2350 2573 2371 2551 2350 2494 2368 2429 2361 2408 2382 2357 2350 2307 2368 2260 2357 2242 2371 2156 2357 2135 2375 2031 2353 2002 2379 1762 2364 1715 2389 1690 2371 1604 2386 1442 2371 1413 2353 1381 2371 1273 2368 1259 2382 1234 2364 933 2379 882 2346"/></Shape>
	    <String CONTENT="כלשון ראשון ˙ הדיבור בראש חדש ולקיחה בעשור ושחיטה בארבעה"
                    HPOS="879.0"
                    VPOS="2221.0"
                    WIDTH="1880.0"
                    HEIGHT="168.0"></String>
          </TextLine>

          
          
          <TextLine ID="eSc_line_1643494"
                    
                    BASELINE="882 2424 1015 2432 1747 2432 2260 2414 2662 2418 2770 2407" 
                    HPOS="879.0"
                    VPOS="2353.0"
                    WIDTH="1887.0"
                    HEIGHT="126.0">
            <Shape><Polygon POINTS="879 2422 893 2361 936 2379 1029 2368 1051 2382 1169 2389 1230 2371 1270 2389 1381 2379 1421 2357 1446 2382 1672 2375 1726 2389 1765 2368 1808 2386 1887 2364 1998 2382 2031 2353 2056 2371 2092 2357 2117 2375 2250 2371 2264 2357 2307 2371 2354 2353 2397 2389 2425 2368 2490 2375 2555 2357 2583 2375 2655 2353 2716 2364 2766 2404 2716 2461 2515 2454 2454 2468 2404 2450 2350 2465 2307 2436 2210 2468 2085 2450 2041 2472 1927 2454 1869 2472 1744 2458 1711 2475 1690 2454 1661 2472 1482 2458 1446 2479 1370 2440 1320 2479 1202 2479 1069 2475 1044 2450 1022 2472 925 2472 882 2440"/></Shape>
	    <String CONTENT="עשר ˙ ר&#39; אחי ב&#39;ר&#39; יאשיה או&#39; הדיבור בראש חדש ולקיחה בעשור ושחי&#39;"
                    HPOS="879.0"
                    VPOS="2353.0"
                    WIDTH="1887.0"
                    HEIGHT="126.0"></String>
          </TextLine>

          
          
          <TextLine ID="eSc_line_1643495"
                    
                    BASELINE="876 2531 1026 2522 1108 2526 1352 2515 2343 2519 2774 2504" 
                    HPOS="875.0"
                    VPOS="2447.0"
                    WIDTH="1895.0"
                    HEIGHT="136.0">
            <Shape><Polygon POINTS="875 2529 879 2486 943 2465 1026 2475 1044 2458 1069 2479 1141 2465 1334 2483 1367 2450 1396 2475 1439 2483 1482 2465 1503 2479 1657 2472 1690 2450 1715 2475 1747 2458 1779 2475 1891 2461 2059 2472 2077 2454 2110 2472 2160 2458 2235 2472 2303 2447 2336 2465 2397 2450 2447 2468 2515 2454 2687 2458 2770 2501 2723 2554 2325 2544 2228 2565 2149 2551 2081 2562 2006 2529 1952 2569 1898 2547 1797 2562 1772 2536 1733 2565 1701 2547 1650 2565 1539 2551 1406 2569 1378 2540 1342 2576 1295 2565 1245 2583 1227 2565 1159 2565 1144 2551 1098 2569 911 2565 882 2547"/></Shape>
	    <String CONTENT="בארבעה עשר ˙ אתה או&#39; כן או אינו אלא הדיבור ולקיחה בראש חדש"
                    HPOS="875.0"
                    VPOS="2447.0"
                    WIDTH="1895.0"
                    HEIGHT="136.0"></String>
          </TextLine>

          
          
          <TextLine ID="eSc_line_1643496"
                    
                    BASELINE="876 2606 1338 2619 2006 2619 2469 2601 2770 2605" 
                    HPOS="875.0"
                    VPOS="2533.0"
                    WIDTH="1891.0"
                    HEIGHT="136.0">
            <Shape><Polygon POINTS="875 2605 879 2562 1227 2562 1241 2576 1320 2569 1370 2583 1424 2554 1535 2572 1596 2554 1675 2569 1701 2554 1729 2572 1769 2544 1797 2572 1837 2554 1894 2572 1966 2565 2002 2533 2074 2565 2106 2551 2300 2565 2379 2562 2390 2547 2515 2558 2677 2544 2756 2558 2766 2601 2716 2655 2569 2637 2551 2655 2343 2644 2221 2662 2074 2651 2038 2666 1726 2666 1686 2648 1632 2669 1607 2644 1579 2658 1535 2648 1500 2669 1446 2644 1431 2658 1238 2648 1202 2662 1090 2637 1058 2651 1040 2633 958 2662 879 2619"/></Shape>
	    <String CONTENT="ושחישה בארבעה עשר ˙ ת&#39;ל&#39; דברו אל כל עדת וגו&#39; ˙ אלא כל דבר הדבר"
                    HPOS="875.0"
                    VPOS="2533.0"
                    WIDTH="1891.0"
                    HEIGHT="136.0"></String>
          </TextLine>

          
          
          <TextLine ID="eSc_line_1643497"
                    
                    BASELINE="867 2708 943 2705 1342 2719 1833 2719 2278 2705 2770 2705" 
                    HPOS="864.0"
                    VPOS="2633.0"
                    WIDTH="1902.0"
                    HEIGHT="133.0">
            <Shape><Polygon POINTS="864 2705 875 2655 929 2644 976 2662 1029 2633 1062 2655 1080 2637 1119 2644 1141 2666 1220 2666 1248 2648 1327 2680 1367 2666 1507 2669 1532 2651 1632 2669 1701 2648 1722 2666 1783 2669 1826 2655 2221 2662 2357 2641 2375 2655 2469 2648 2486 2662 2580 2666 2666 2644 2727 2662 2766 2702 2756 2755 2738 2741 2691 2748 2666 2723 2605 2755 2576 2734 2447 2755 2408 2727 2386 2745 2350 2734 2318 2759 2275 2741 2228 2755 2196 2741 1797 2759 1772 2741 1747 2766 1708 2763 1686 2741 1586 2766 1535 2734 1464 2766 1413 2748 1313 2748 1299 2763 1245 2745 1198 2763 1169 2737 1098 2755 1058 2727 1022 2755 965 2752 889 2745 868 2727"/></Shape>
	    <String CONTENT="בראש חדש ˙ ולקיחה בעשור ושחיטה בארבעה עשר ˙ שאין ת&#39;ל&#39; לאמר"
                    HPOS="864.0"
                    VPOS="2633.0"
                    WIDTH="1902.0"
                    HEIGHT="133.0"></String>
          </TextLine>

          
          
          <TextLine ID="eSc_line_1643480"
                    
                    BASELINE="867 2803 1238 2816 1424 2816 1887 2802 2307 2806 2770 2795" 
                    HPOS="864.0"
                    VPOS="2723.0"
                    WIDTH="1902.0"
                    HEIGHT="154.0">
            <Shape><Polygon POINTS="864 2802 879 2759 994 2745 1019 2759 1051 2727 1101 2766 1173 2745 1198 2770 1259 2759 1309 2773 1406 2748 1439 2770 1474 2770 1532 2737 1579 2777 1650 2770 1675 2745 1711 2770 1779 2777 2006 2748 2045 2770 2070 2755 2210 2766 2250 2752 2268 2770 2400 2734 2447 2763 2490 2745 2526 2759 2576 2734 2605 2763 2666 2723 2691 2745 2741 2741 2766 2791 2756 2831 2720 2852 2680 2831 2605 2852 2440 2845 2386 2867 2343 2838 2242 2856 2142 2849 2092 2867 2067 2841 2009 2849 1970 2813 1923 2856 1826 2852 1808 2867 1762 2849 1736 2874 1675 2856 1614 2874 1575 2856 1557 2870 1525 2841 1449 2867 1406 2849 1317 2849 1277 2877 1234 2845 1195 2859 1141 2845 1087 2863 983 2838 947 2874 907 2838 868 2849"/></Shape>
	    <String CONTENT="אלא להפסיק את העניין ˙ הא אין עליך לדון כלשון אחרון אלא כלשון [ר&#39;]"
                    HPOS="864.0"
                    VPOS="2723.0"
                    WIDTH="1902.0"
                    HEIGHT="154.0"></String>
          </TextLine>

          
          
          <TextLine ID="eSc_line_1643471"
                    
                    BASELINE="867 2902 943 2910 1144 2902 2762 2902" 
                    HPOS="864.0"
                    VPOS="2831.0"
                    WIDTH="1895.0"
                    HEIGHT="132.0">
            <Shape><Polygon POINTS="864 2899 868 2856 904 2841 940 2874 1004 2852 1220 2856 1277 2874 1306 2852 1352 2867 1396 2849 1431 2870 1532 2859 1607 2874 1657 2856 1693 2870 1923 2859 1977 2831 2088 2863 2300 2841 2375 2867 2443 2845 2576 2852 2695 2834 2759 2899 2705 2946 2662 2931 2634 2949 2501 2931 2479 2913 2451 2942 2404 2942 2372 2920 2336 2949 2282 2931 2260 2953 2092 2935 2059 2953 2024 2938 1995 2956 1930 2960 1912 2942 1891 2953 1765 2938 1747 2956 1704 2960 1453 2946 1334 2963 1306 2946 1259 2963 1108 2942 1037 2960 979 2938 911 2942 868 2902"/></Shape>
	    <String CONTENT="ראש הדיבור בראש חדש ולקיחה בעשור ושחיטה בארבעה עשר ˙ ר&#39;"
                    HPOS="864.0"
                    VPOS="2831.0"
                    WIDTH="1895.0"
                    HEIGHT="132.0"></String>
          </TextLine>

          
          
          <TextLine ID="eSc_line_1643481"
                    
                    BASELINE="852 2999 2501 3007 2762 2996" 
                    HPOS="850.0"
                    VPOS="2902.0"
                    WIDTH="1909.0"
                    HEIGHT="173.0">
            <Shape><Polygon POINTS="850 2996 857 2902 915 2953 979 2942 1029 2967 1073 2967 1105 2942 1134 2967 1532 2949 1701 2971 1722 2956 1747 2963 1769 2942 1815 2963 1998 2963 2034 2946 2063 2960 2110 2942 2124 2956 2189 2960 2332 2949 2372 2967 2433 2935 2454 2942 2483 2913 2504 2935 2530 2928 2587 2953 2731 2949 2759 2992 2748 3035 2562 3050 2537 3035 2483 3046 2443 3024 2400 3046 2296 3035 2253 3050 2203 3042 2174 3017 2149 3042 2088 3028 2027 3057 1955 3042 1919 3060 1848 3042 1790 3060 1754 3046 1726 3068 1708 3050 1589 3057 1550 3035 1446 3060 1388 3035 1313 3057 1281 3042 1169 3042 1148 3057 1062 3050 911 3075 854 3042"/></Shape>
	    <String CONTENT="יוסי הגלילי או הדיבור בראש חדש ˙ ולקיחה בעשרה ושחיטה בארבע&#39; עש&#39;"
                    HPOS="850.0"
                    VPOS="2902.0"
                    WIDTH="1909.0"
                    HEIGHT="173.0"></String>
          </TextLine>

          
          
          <TextLine ID="eSc_line_1643479"
                    
                    BASELINE="852 3107 2045 3107 2740 3098 2753 3098" 
                    HPOS="850.0"
                    VPOS="3039.0"
                    WIDTH="1902.0"
                    HEIGHT="122.0">
            <Shape><Polygon POINTS="850 3103 854 3064 875 3053 1130 3064 1166 3042 1212 3064 1324 3046 1352 3060 1370 3042 1421 3042 1449 3064 1489 3042 1561 3042 1600 3064 1830 3064 1858 3042 1902 3046 1919 3064 2024 3064 2056 3042 2095 3057 2113 3042 2214 3039 2275 3057 2303 3039 2336 3053 2364 3039 2397 3053 2447 3039 2469 3053 2540 3039 2558 3053 2594 3039 2619 3053 2669 3042 2702 3060 2731 3042 2752 3096 2741 3129 2662 3146 2623 3132 2591 3150 2544 3136 2490 3157 2422 3154 2397 3129 2282 3129 2250 3150 2160 3132 2128 3161 1844 3161 1830 3146 1805 3161 1783 3139 1754 3161 1708 3161 1690 3143 1622 3161 1579 3146 1492 3161 1439 3136 1396 3161 1273 3161 1245 3143 1173 3161 1141 3132 1108 3146 1055 3132 854 3132"/></Shape>
	    <String CONTENT="אתה או&#39; כן או אינו אלא הדיבור בראש חדש ולקיחה ושחישה בעשור ת&#39;ל&#39;"
                    HPOS="850.0"
                    VPOS="3039.0"
                    WIDTH="1902.0"
                    HEIGHT="122.0"></String>
          </TextLine>

          
        </TextBlock>
        

        
      </PrintSpace>
    </Page>
  </Layout>
</alto>
