<?xml version="1.0" encoding="UTF-8"?>
<alto xmlns:xsi="http://www.w3.org/2001/XMLSchema-instance"
      xmlns="http://www.loc.gov/standards/alto/ns-v4#"
      xsi:schemaLocation="http://www.loc.gov/standards/alto/ns-v4# http://www.loc.gov/standards/alto/v4/alto-4-2.xsd">
  <Description>
    <MeasurementUnit>pixel</MeasurementUnit>
    <sourceImageInformation>
      <fileName>bsb00084914_00165.jpg</fileName>
      
    </sourceImageInformation>
  </Description>
  
  <Tags>
    <OtherTag ID="BT1" LABEL="Title" DESCRIPTION="block type Title"/><OtherTag ID="BT2" LABEL="Main" DESCRIPTION="block type Main"/><OtherTag ID="BT3" LABEL="Commentary" DESCRIPTION="block type Commentary"/><OtherTag ID="BT4" LABEL="Illustration" DESCRIPTION="block type Illustration"/><OtherTag ID="BT844" LABEL="Margin" DESCRIPTION="block type Margin"/><OtherTag ID="BT845" LABEL="Paratext" DESCRIPTION="block type Paratext"/><OtherTag ID="BT978" LABEL="Hole" DESCRIPTION="block type Hole"/>
    <OtherTag ID="LT2" LABEL="Numbering" DESCRIPTION="line type Numbering"/><OtherTag ID="LT3" LABEL="Correction" DESCRIPTION="line type Correction"/>
  </Tags>
  
  <Layout>
    <Page WIDTH="3132"
          HEIGHT="4306"
          PHYSICAL_IMG_NR="164"
          ID="eSc_dummypage_">
      <PrintSpace HPOS="0"
                  VPOS="0"
                  WIDTH="3132"
                  HEIGHT="4306">
        
        <TextBlock HPOS="873.0"
                   VPOS="588.0"
                   WIDTH="1932.0"
                   HEIGHT="2650.0"
                   ID="eSc_textblock_10681"
                   TAGREFS="BT2">
          <Shape><Polygon POINTS="873 622 2718 588 2805 3192 972 3238"/></Shape>
          
          
          <TextLine ID="eSc_line_1647942"
                    
                    BASELINE="926 753 1224 753 1885 735 2719 667" 
                    HPOS="923.0"
                    VPOS="606.0"
                    WIDTH="1795.0"
                    HEIGHT="201.0">
            <Shape><Polygon POINTS="923 749 926 692 1038 688 1099 724 1167 678 1235 678 1249 692 1285 688 1314 714 1357 714 1469 706 1594 667 1655 696 1713 674 1788 688 1817 656 1864 678 1889 660 1921 678 1946 653 1979 678 2061 674 2126 624 2183 624 2223 656 2255 656 2331 635 2352 613 2410 613 2442 645 2510 649 2575 631 2618 642 2636 617 2679 606 2708 620 2718 663 2708 699 2650 699 2618 732 2535 717 2295 749 2266 724 2201 757 2036 753 1946 771 1813 771 1788 757 1774 775 1734 767 1691 785 1627 767 1580 789 1501 767 1476 789 1454 778 1433 793 1393 775 1357 796 1336 778 1260 793 1203 782 1167 800 1091 789 1045 807 1023 793 933 796"/></Shape>
	    <String CONTENT="אומר דבר אל בני ישרﭏ ואמרת אלהם שנה ושליש ורביע עד שילמדו ˙ ת&#39;ל&#39;"
                    HPOS="923.0"
                    VPOS="606.0"
                    WIDTH="1795.0"
                    HEIGHT="201.0"></String>
          </TextLine>

          
          
          <TextLine ID="eSc_line_1647944"
                    
                    BASELINE="919 846 1170 846 1386 836 1591 839 2137 821 2463 796 2719 760" 
                    HPOS="915.0"
                    VPOS="696.0"
                    WIDTH="1803.0"
                    HEIGHT="204.0">
            <Shape><Polygon POINTS="915 843 984 803 1109 810 1178 785 1210 803 1336 785 1397 803 1461 789 1587 796 1623 778 1666 793 1763 785 1803 757 1896 789 1925 775 1975 782 1989 764 2011 778 2043 753 2079 778 2183 771 2266 732 2323 760 2471 739 2507 749 2535 732 2618 724 2654 696 2704 728 2718 757 2690 810 2643 793 2614 814 2560 807 2514 832 2309 839 2298 854 2248 843 2155 854 2126 871 2090 850 1971 868 1921 857 1889 886 1828 861 1770 861 1734 882 1641 864 1551 879 1407 868 1361 886 1321 875 1228 897 1178 879 1127 897 1084 868 1023 900 976 893 926 843"/></Shape>
	    <String CONTENT="ולמדה את בני ישרﭏ למידין ולא שונין ת&#39;ל&#39; שימה בפיהם או שונין ולא יודעים"
                    HPOS="915.0"
                    VPOS="696.0"
                    WIDTH="1803.0"
                    HEIGHT="204.0"></String>
          </TextLine>

          
          
          <TextLine ID="eSc_line_1647945"
                    
                    BASELINE="957 947 973 943 1048 936 1325 940 1594 925 1932 922 2183 911 2449 889 2711 857" 
                    HPOS="955.0"
                    VPOS="796.0"
                    WIDTH="1753.0"
                    HEIGHT="205.0">
            <Shape><Polygon POINTS="955 943 966 907 1027 904 1091 871 1127 897 1170 900 1203 879 1224 900 1260 904 1343 875 1357 889 1393 886 1422 868 1440 886 1508 871 1533 886 1702 886 1828 857 1885 889 1914 861 1964 875 2079 850 2122 871 2155 854 2190 864 2377 839 2478 843 2557 810 2621 814 2639 796 2679 807 2708 854 2686 889 2621 897 2593 922 2528 911 2517 925 2424 922 2363 943 2313 925 2284 947 1975 947 1846 965 1799 954 1777 976 1752 954 1706 972 1616 958 1555 976 1519 965 1497 983 1422 958 1390 976 1289 979 1260 965 1206 986 1038 986 1009 1001 962 968"/></Shape>
	    <String CONTENT="ת&#39;ל&#39; ואלה המשפטים ערכם לפניהם כשלחן ערוך כעניין שנ&#39; אתה הראת לדעת"
                    HPOS="955.0"
                    VPOS="796.0"
                    WIDTH="1753.0"
                    HEIGHT="205.0"></String>
          </TextLine>

          
          
          <TextLine ID="eSc_line_1647949"
                    
                    BASELINE="872 1040 2043 1004 2719 950" 
                    HPOS="869.0"
                    VPOS="889.0"
                    WIDTH="1849.0"
                    HEIGHT="198.0">
            <Shape><Polygon POINTS="869 1037 872 961 890 979 908 961 987 1001 1228 986 1264 961 1289 983 1346 968 1393 983 1429 958 1469 983 1598 965 1777 972 1799 950 1846 972 1982 950 2058 961 2108 943 2219 954 2320 929 2395 936 2431 918 2596 922 2675 889 2708 911 2718 947 2693 990 2492 1004 2449 1026 2381 1008 2345 1029 2108 1044 2076 1029 2018 1047 1878 1040 1706 1058 1540 1051 1429 1072 1379 1040 1357 1054 1325 1040 1285 1076 1217 1062 1120 1087 1102 1072 1002 1080 958 1062 908 1083 876 1054"/></Shape>
	    <String CONTENT="ר&#39; יהודה אומ&#39; ואלה המשפטים במדה [שם] שנ&#39; שם שם לו ˙ ר&#39; אלעזר בן עזריה או&#39;"
                    HPOS="869.0"
                    VPOS="889.0"
                    WIDTH="1849.0"
                    HEIGHT="198.0"></String>
          </TextLine>

          
          
          <TextLine ID="eSc_line_1647951"
                    
                    BASELINE="963 1123 1073 1123 1264 1108 1476 1112 1835 1094 2068 1094 2553 1058 2723 1040" 
                    HPOS="962.0"
                    VPOS="990.0"
                    WIDTH="1760.0"
                    HEIGHT="179.0">
            <Shape><Polygon POINTS="962 1119 966 1065 1002 1083 1102 1072 1124 1087 1228 1062 1289 1076 1318 1044 1425 1072 1522 1058 1548 1069 1583 1051 1662 1065 1774 1044 1964 1051 2076 1033 2158 1044 2176 1029 2277 1040 2309 1026 2467 1026 2499 1004 2546 1015 2586 990 2629 1004 2686 993 2722 1037 2683 1080 2611 1076 2564 1108 2399 1101 2331 1126 2266 1115 2162 1137 2076 1115 2047 1133 1943 1126 1903 1141 1526 1137 1501 1162 1458 1137 1411 1159 1285 1162 1260 1144 1221 1169 1178 1148 1152 1169 1106 1148 1066 1169 969 1162"/></Shape>
	    <String CONTENT="והרי הגוים שדנו כדיני ישרﭏ שומע אני יהיו דיניהם קיימי&#39; ת&#39;ל&#39; ואלה [המשפטי&#39;]"
                    HPOS="962.0"
                    VPOS="990.0"
                    WIDTH="1760.0"
                    HEIGHT="179.0"></String>
          </TextLine>

          
          
          <TextLine ID="eSc_line_1647952"
                    
                    BASELINE="963 1206 1224 1212 1562 1194 1716 1198 2111 1187 2428 1166 2723 1134" 
                    HPOS="962.0"
                    VPOS="1072.0"
                    WIDTH="1760.0"
                    HEIGHT="198.0">
            <Shape><Polygon POINTS="962 1205 966 1166 984 1162 1038 1159 1073 1180 1095 1166 1257 1169 1346 1151 1458 1151 1486 1166 1540 1133 1601 1151 1637 1141 1652 1155 1698 1133 1817 1133 1846 1151 1871 1133 1925 1144 1943 1123 1979 1141 2054 1141 2079 1115 2115 1137 2173 1141 2226 1123 2338 1130 2402 1108 2460 1123 2510 1101 2564 1112 2578 1094 2607 1105 2647 1076 2697 1072 2722 1133 2668 1184 2629 1173 2582 1198 2431 1198 2392 1223 2302 1202 2262 1227 2068 1223 2050 1241 2000 1237 1979 1220 1907 1223 1892 1241 1763 1227 1745 1248 1713 1230 1655 1234 1645 1248 1576 1230 1548 1255 1483 1216 1454 1245 1411 1234 1368 1255 1332 1241 1310 1259 1253 1248 1206 1266 1145 1248 1084 1263 1045 1245 1027 1270 969 1237"/></Shape>
	    <String CONTENT="המשפטים אתה דן את שלהן [ואין אתה דן את שלך] והם אינן דנין את שלך ˙"
                    HPOS="962.0"
                    VPOS="1072.0"
                    WIDTH="1760.0"
                    HEIGHT="198.0"></String>
          </TextLine>

          
          
          <TextLine ID="eSc_line_1647953"
                    
                    BASELINE="963 1302 1375 1298 1813 1284 2151 1281 2377 1270 2723 1235" 
                    HPOS="962.0"
                    VPOS="1159.0"
                    WIDTH="1760.0"
                    HEIGHT="204.0">
            <Shape><Polygon POINTS="962 1298 966 1263 1023 1270 1045 1248 1077 1263 1361 1259 1415 1234 1454 1252 1483 1220 1540 1259 1580 1230 1623 1255 1662 1255 1684 1237 1731 1252 1799 1230 1878 1245 1939 1220 2047 1245 2273 1227 2313 1202 2341 1223 2388 1223 2593 1202 2625 1184 2650 1198 2704 1159 2722 1234 2715 1284 2625 1273 2593 1302 2564 1277 2546 1295 2424 1316 2356 1302 2241 1327 2101 1306 2054 1324 1997 1309 1917 1327 1831 1324 1813 1342 1781 1331 1759 1345 1680 1327 1652 1345 1616 1324 1386 1349 1296 1327 1235 1363 1203 1342 1138 1363 1109 1338 1012 1349 969 1320"/></Shape>
	    <String CONTENT="מכאן אמרו גט המעושה בישרﭏ כשר ← ובגוים פסול ובגוים הגיטין אותו"
                    HPOS="962.0"
                    VPOS="1159.0"
                    WIDTH="1760.0"
                    HEIGHT="204.0"></String>
          </TextLine>

          
          
          <TextLine ID="eSc_line_1647954"
                    
                    BASELINE="955 1405 1170 1395 1422 1399 1842 1381 2036 1381 2216 1374 2557 1345 2723 1335" 
                    HPOS="951.0"
                    VPOS="1273.0"
                    WIDTH="1771.0"
                    HEIGHT="191.0">
            <Shape><Polygon POINTS="951 1403 958 1374 1059 1342 1113 1363 1199 1345 1231 1363 1318 1359 1343 1334 1404 1356 1451 1334 1508 1352 1540 1331 1576 1352 1677 1352 1813 1345 1846 1324 1917 1334 1957 1309 2025 1334 2093 1309 2165 1331 2269 1316 2291 1331 2356 1306 2374 1320 2449 1316 2489 1295 2539 1306 2564 1273 2596 1302 2625 1302 2661 1273 2708 1288 2722 1334 2690 1363 2672 1359 2643 1395 2621 1377 2413 1392 2374 1424 2341 1406 2291 1406 2277 1420 2061 1410 2047 1428 2004 1413 1957 1420 1932 1446 1885 1410 1846 1442 1821 1424 1767 1442 1720 1424 1677 1449 1641 1413 1605 1449 1569 1420 1533 1435 1476 1420 1440 1442 1411 1428 1293 1431 1246 1446 1228 1435 1203 1460 1160 1442 1048 1464 1016 1438 998 1453 955 1413"/></Shape>
	    <String CONTENT="ואומ&#39; לו עשה מה שישרﭏ אומ&#39; לך ר&#39; שמעון בן יוחי אומ&#39; מה ראו דינין [/]"
                    HPOS="951.0"
                    VPOS="1273.0"
                    WIDTH="1771.0"
                    HEIGHT="191.0"></String>
          </TextLine>

          
          
          <TextLine ID="eSc_line_1647955"
                    
                    BASELINE="955 1508 1310 1496 1601 1496 1806 1485 2068 1481 2327 1471 2578 1453 2729 1420" 
                    HPOS="951.0"
                    VPOS="1359.0"
                    WIDTH="1775.0"
                    HEIGHT="194.0">
            <Shape><Polygon POINTS="951 1507 958 1467 1070 1467 1106 1449 1199 1460 1296 1446 1346 1460 1372 1431 1393 1449 1465 1449 1497 1431 1515 1449 1594 1453 1634 1417 1680 1453 1731 1431 1763 1449 1803 1428 1838 1446 1928 1449 1964 1420 2004 1438 2022 1424 2090 1438 2137 1413 2392 1424 2442 1417 2471 1392 2514 1399 2528 1377 2568 1399 2650 1395 2683 1359 2726 1417 2711 1456 2621 1492 2485 1507 2449 1496 2424 1510 2384 1496 2359 1521 2316 1499 2187 1521 2115 1507 2076 1539 2043 1521 1950 1514 1903 1539 1846 1528 1828 1546 1759 1517 1627 1535 1476 1525 1443 1546 1404 1532 1357 1546 1210 1535 1174 1553 1131 1528 1102 1553 1005 1553 958 1517"/></Shape>
	    <String CONTENT="ליקדם לכל המצות שבתורה שהדינין בין אדם לחבירו תחרות ביניהם ˙ נתפסק"
                    HPOS="951.0"
                    VPOS="1359.0"
                    WIDTH="1775.0"
                    HEIGHT="194.0"></String>
          </TextLine>

          
          
          <TextLine ID="eSc_line_1647956"
                    
                    BASELINE="955 1593 1339 1600 1835 1582 2083 1582 2165 1575 2370 1571 2539 1557 2729 1524" 
                    HPOS="951.0"
                    VPOS="1456.0"
                    WIDTH="1775.0"
                    HEIGHT="198.0">
            <Shape><Polygon POINTS="951 1589 1002 1553 1109 1557 1142 1532 1174 1557 1210 1539 1267 1557 1332 1542 1447 1550 1479 1528 1548 1550 1583 1525 1627 1546 1662 1528 1720 1542 1763 1514 1813 1550 1846 1528 1907 1542 1961 1525 2040 1528 2076 1542 2104 1514 2187 1532 2298 1503 2352 1525 2424 1510 2460 1521 2517 1499 2546 1510 2654 1489 2697 1456 2715 1467 2726 1521 2715 1564 2643 1589 2596 1568 2564 1607 2503 1596 2406 1618 2359 1603 2280 1625 2234 1603 2212 1625 2093 1618 2072 1639 2043 1625 2025 1639 1989 1621 1910 1632 1849 1618 1795 1639 1734 1614 1673 1636 1612 1621 1580 1650 1544 1629 1393 1643 1354 1625 1314 1654 1267 1621 1214 1643 1134 1632 1066 1650 998 1632 955 1593"/></Shape>
	    <String CONTENT="להן דין נעשה שלום ביני&#39; ˙ וכן יתרו אומ&#39; למשה אם את הדבר הזה תעשה"
                    HPOS="951.0"
                    VPOS="1456.0"
                    WIDTH="1775.0"
                    HEIGHT="198.0"></String>
          </TextLine>

          
          
          <TextLine ID="eSc_line_1647965"
                    
                    BASELINE="979 1694 1048 1700 1178 1700 1634 1682 1953 1682 2093 1672 2298 1668 2489 1657 2547 1659" 
                    HPOS="976.0"
                    VPOS="1603.0"
                    WIDTH="1570.0"
                    HEIGHT="144.0">
            <Shape><Polygon POINTS="976 1693 980 1647 998 1636 1034 1654 1149 1639 1170 1657 1188 1643 1221 1654 1271 1621 1310 1657 1343 1632 1483 1647 1497 1629 1537 1625 1580 1650 1645 1632 1709 1639 1749 1618 1788 1639 1846 1621 1874 1636 1935 1625 1979 1643 2147 1621 2201 1632 2237 1607 2273 1625 2535 1603 2546 1657 2503 1711 2478 1697 2402 1697 2384 1715 2320 1700 2298 1722 2104 1718 2090 1733 2058 1718 1961 1725 1928 1700 1903 1722 1752 1725 1734 1740 1706 1722 1659 1733 1634 1711 1544 1743 1515 1725 1451 1736 1397 1715 1354 1747 1321 1733 1296 1743 1264 1722 1188 1747 1127 1729 1102 1747 1081 1733 1045 1747 984 1736"/></Shape>
	    <String CONTENT="˙˙ כי תקנה עבד עברי בנמכר בב&#39;ד&#39; על גניבו הכת&#39; מדבר עובדו ועובד את"
                    HPOS="976.0"
                    VPOS="1603.0"
                    WIDTH="1570.0"
                    HEIGHT="144.0"></String>
          </TextLine>

          
          
          <TextLine ID="eSc_line_1647957"
                    
                    BASELINE="979 1794 1361 1794 1695 1783 2076 1783 2406 1769 2744 1733" 
                    HPOS="976.0"
                    VPOS="1686.0"
                    WIDTH="1764.0"
                    HEIGHT="165.0">
            <Shape><Polygon POINTS="976 1790 987 1743 1073 1754 1120 1733 1239 1754 1267 1729 1282 1743 1321 1729 1343 1751 1397 1758 1418 1743 1469 1754 1490 1736 1526 1754 1573 1729 1634 1743 1706 1722 1731 1743 1770 1747 1785 1733 1885 1740 1943 1708 1961 1725 1997 1718 2025 1736 2043 1722 2061 1740 2187 1722 2291 1729 2334 1711 2388 1715 2402 1697 2503 1715 2550 1686 2726 1690 2740 1729 2726 1758 2650 1808 2596 1783 2485 1801 2463 1819 2406 1801 2244 1833 2212 1812 2133 1822 2119 1808 2068 1833 2047 1819 2025 1840 1989 1819 1921 1840 1806 1822 1576 1833 1530 1812 1508 1833 1451 1815 1429 1833 1346 1826 1289 1851 1242 1830 1160 1840 1106 1822 1077 1844 984 1819"/></Shape>
	    <String CONTENT="הבן ˙ אתה אומ&#39; בנמכר בבית דין על גניבו הכת&#39; מדבר שיהיה עובדו ועובד"
                    HPOS="976.0"
                    VPOS="1686.0"
                    WIDTH="1764.0"
                    HEIGHT="165.0"></String>
          </TextLine>

          
          
          <TextLine ID="eSc_line_1647958"
                    
                    BASELINE="979 1892 1303 1901 1767 1887 2108 1883 2277 1873 2481 1869 2754 1837" 
                    HPOS="976.0"
                    VPOS="1776.0"
                    WIDTH="1775.0"
                    HEIGHT="193.0">
            <Shape><Polygon POINTS="976 1891 1016 1826 1081 1847 1099 1830 1145 1833 1163 1851 1196 1833 1214 1847 1257 1833 1282 1855 1346 1855 1364 1833 1404 1851 1486 1847 1530 1815 1551 1837 1587 1833 1609 1851 1645 1837 1684 1862 1763 1826 1792 1840 1864 1830 1950 1844 1986 1822 2050 1840 2119 1804 2151 1833 2194 1822 2212 1840 2331 1819 2363 1833 2388 1808 2413 1826 2510 1808 2535 1819 2550 1804 2578 1819 2596 1797 2650 1812 2711 1776 2740 1794 2751 1833 2736 1873 2621 1894 2564 1930 2460 1898 2366 1923 2259 1908 2187 1944 2101 1908 2079 1926 1989 1926 1957 1944 1892 1930 1630 1937 1580 1923 1458 1944 1350 1930 1332 1944 1278 1923 1224 1937 1199 1962 1134 1930 1077 1969 1048 1962 984 1901"/></Shape>
	    <String CONTENT="את הבן ˙ או אינו מדבר אלא במוכר עצמו ˙ כשהוא אומ&#39; כי ימוך אחיך"
                    HPOS="976.0"
                    VPOS="1776.0"
                    WIDTH="1775.0"
                    HEIGHT="193.0"></String>
          </TextLine>

          
          
          <TextLine ID="eSc_line_1647966"
                    
                    BASELINE="979 1996 1641 2002 2083 1987 2298 1987 2460 1980 2754 1944" 
                    HPOS="976.0"
                    VPOS="1887.0"
                    WIDTH="1775.0"
                    HEIGHT="169.0">
            <Shape><Polygon POINTS="976 1995 1002 1944 1030 1966 1073 1969 1217 1952 1260 1962 1282 1944 1303 1962 1332 1944 1361 1959 1379 1941 1418 1959 1512 1959 1580 1923 1630 1959 1659 1959 1720 1955 1763 1934 1788 1948 1810 1934 1835 1952 1874 1937 1975 1948 1989 1934 2025 1948 2065 1919 2101 1955 2277 1926 2331 1944 2445 1898 2481 1926 2507 1916 2571 1930 2621 1898 2697 1887 2751 1941 2722 1984 2661 2005 2604 1998 2503 2016 2474 1995 2428 2041 2366 2016 2248 2023 2226 2048 2183 2020 2147 2038 2090 2023 2054 2045 2011 2016 1968 2056 1943 2030 1885 2027 1864 2041 1824 2016 1770 2052 1741 2030 1702 2034 1677 2056 1619 2030 1551 2030 1522 2048 1494 2030 1472 2052 1375 2030 1343 2045 1156 2034 1124 2056 1009 2038 984 2052"/></Shape>
	    <String CONTENT="עמך ונמכר לך הרי מוכר עצמו אמור ˙ הא מה ת&#39;ל&#39; כי תקנה עבד עברי בנמכר"
                    HPOS="976.0"
                    VPOS="1887.0"
                    WIDTH="1775.0"
                    HEIGHT="169.0"></String>
          </TextLine>

          
          
          <TextLine ID="eSc_line_1647959"
                    
                    BASELINE="983 2108 1372 2099 2011 2099 2424 2084 2668 2059 2772 2052" 
                    HPOS="980.0"
                    VPOS="1984.0"
                    WIDTH="1789.0"
                    HEIGHT="183.0">
            <Shape><Polygon POINTS="980 2106 984 2063 1012 2070 1038 2045 1124 2070 1142 2052 1221 2070 1257 2034 1343 2048 1372 2030 1443 2059 1515 2063 1558 2059 1576 2041 1612 2056 1645 2045 1662 2059 1781 2059 1842 2030 1889 2052 1935 2038 1979 2056 2029 2030 2050 2052 2093 2059 2223 2052 2255 2023 2295 2052 2349 2023 2431 2045 2478 1998 2532 2030 2571 2005 2668 2013 2704 1984 2758 2020 2769 2048 2754 2117 2715 2095 2665 2124 2625 2131 2604 2113 2524 2142 2485 2120 2453 2142 2392 2113 2327 2145 2305 2127 2252 2124 2216 2149 2173 2138 2155 2160 2119 2145 2097 2160 1989 2163 1856 2145 1799 2160 1727 2131 1580 2167 1515 2149 1472 2167 1443 2142 1422 2156 1328 2142 1145 2167 1131 2153 1088 2149 1073 2163 987 2138"/></Shape>
	    <String CONTENT="בבית דין על גניבו הכת&#39; מדבר שיהיה עובדו ועובד את הבן ˙˙ כי תקנה עבד"
                    HPOS="980.0"
                    VPOS="1984.0"
                    WIDTH="1789.0"
                    HEIGHT="183.0"></String>
          </TextLine>

          
          
          <TextLine ID="eSc_line_1647967"
                    
                    BASELINE="983 2223 1249 2214 1734 2217 2111 2199 2280 2203 2772 2163" 
                    HPOS="980.0"
                    VPOS="2109.0"
                    WIDTH="1789.0"
                    HEIGHT="173.0">
            <Shape><Polygon POINTS="980 2221 984 2178 1016 2149 1052 2178 1113 2160 1127 2174 1185 2163 1228 2181 1249 2160 1336 2178 1372 2153 1422 2160 1443 2142 1472 2167 1512 2156 1530 2174 1609 2170 1627 2153 1659 2163 1724 2138 1756 2153 1777 2142 1803 2167 1853 2149 1878 2163 2000 2167 2036 2153 2093 2163 2122 2145 2216 2160 2259 2124 2327 2149 2388 2117 2456 2145 2481 2124 2514 2145 2557 2145 2593 2117 2625 2131 2718 2109 2769 2160 2736 2210 2578 2221 2521 2246 2471 2246 2428 2224 2187 2260 2119 2235 2101 2257 2043 2242 1943 2260 1882 2239 1813 2264 1666 2249 1558 2249 1540 2264 1504 2242 1458 2257 1425 2246 1368 2275 1318 2253 1271 2282 1199 2249 1142 2253 1124 2271 1088 2260 1059 2282 991 2278"/></Shape>
	    <String CONTENT="עברי בבן ישרﭏ הכת&#39; מדבר או אינו מדבר אלא בעבדו של עברי ˙ ומה אני [מ&#39;]"
                    HPOS="980.0"
                    VPOS="2109.0"
                    WIDTH="1789.0"
                    HEIGHT="173.0"></String>
          </TextLine>

          
          
          <TextLine ID="eSc_line_1647960"
                    
                    BASELINE="983 2320 1145 2314 1917 2318 2252 2303 2514 2300 2758 2257" 
                    HPOS="980.0"
                    VPOS="2210.0"
                    WIDTH="1774.0"
                    HEIGHT="183.0">
            <Shape><Polygon POINTS="980 2318 984 2282 1002 2275 1120 2278 1142 2257 1174 2264 1192 2249 1228 2278 1372 2282 1418 2246 1483 2260 1515 2242 1540 2267 1555 2253 1652 2267 1677 2257 1752 2278 1777 2264 1849 2267 1882 2239 1925 2271 2068 2264 2119 2235 2165 2264 2259 2264 2298 2242 2323 2257 2402 2228 2438 2257 2489 2239 2557 2246 2582 2221 2643 2235 2718 2210 2744 2221 2754 2253 2747 2300 2650 2328 2614 2321 2564 2350 2542 2328 2510 2350 2489 2336 2410 2339 2392 2357 2331 2343 2298 2357 2190 2357 2144 2343 2126 2361 2032 2346 1835 2368 1770 2346 1738 2379 1706 2361 1612 2368 1540 2350 1515 2364 1418 2361 1397 2379 1357 2361 1210 2361 1063 2368 1027 2393 1005 2375 984 2386"/></Shape>
	    <String CONTENT="מקיים והתנחלתם אותם לבניכם בנלקח מן הגוי אבל בנלקח מישר&#39; שומע"
                    HPOS="980.0"
                    VPOS="2210.0"
                    WIDTH="1774.0"
                    HEIGHT="183.0"></String>
          </TextLine>

          
          
          <TextLine ID="eSc_line_1647961"
                    
                    BASELINE="983 2429 1059 2425 1260 2422 1892 2418 2395 2400 2589 2386 2762 2361" 
                    HPOS="980.0"
                    VPOS="2300.0"
                    WIDTH="1778.0"
                    HEIGHT="186.0">
            <Shape><Polygon POINTS="980 2425 1009 2379 1030 2393 1120 2364 1210 2382 1260 2364 1393 2382 1447 2364 1519 2368 1551 2346 1583 2371 1741 2375 1770 2346 1846 2371 2025 2353 2040 2368 2104 2368 2151 2339 2198 2364 2223 2350 2388 2361 2417 2343 2517 2353 2535 2332 2557 2346 2621 2343 2704 2321 2726 2300 2747 2307 2758 2357 2751 2382 2711 2404 2683 2393 2647 2429 2600 2418 2528 2447 2266 2436 2201 2458 2151 2440 2101 2458 2007 2447 1979 2461 1928 2447 1821 2468 1767 2465 1734 2443 1652 2468 1627 2458 1533 2472 1515 2454 1425 2454 1397 2479 1339 2450 1275 2472 1106 2461 1070 2486 1038 2454 1023 2468 987 2454"/></Shape>
	    <String CONTENT="אני יהיה עובד שש ויצא בשביעית ˙ ת&#39;ל&#39; כי ימכר לך אחיך העברי שאין [ו]"
                    HPOS="980.0"
                    VPOS="2300.0"
                    WIDTH="1778.0"
                    HEIGHT="186.0"></String>
          </TextLine>

          
          
          <TextLine ID="eSc_line_1647962"
                    
                    BASELINE="1000 2526 1145 2526 1350 2515 1598 2519 2018 2501 2219 2504 2524 2486 2765 2458" 
                    HPOS="998.0"
                    VPOS="2400.0"
                    WIDTH="1764.0"
                    HEIGHT="183.0">
            <Shape><Polygon POINTS="998 2522 1012 2472 1038 2497 1066 2497 1084 2475 1163 2486 1188 2458 1260 2483 1346 2447 1386 2479 1436 2475 1454 2458 1490 2475 1508 2454 1548 2475 1662 2472 1713 2454 1749 2475 1781 2458 1849 2472 1939 2443 1979 2465 2058 2447 2093 2465 2158 2465 2255 2454 2284 2436 2363 2458 2388 2443 2449 2450 2460 2436 2496 2450 2589 2443 2647 2429 2672 2400 2718 2400 2762 2454 2747 2511 2697 2504 2672 2522 2643 2508 2611 2533 2568 2522 2517 2544 2474 2526 2413 2536 2374 2522 2338 2551 2266 2551 2234 2519 2198 2554 2176 2533 2155 2558 2115 2547 1749 2565 1720 2551 1576 2565 1548 2544 1425 2580 1354 2554 1300 2583 1267 2558 1246 2583 1170 2554 1070 2572 1005 2547"/></Shape>
	    <String CONTENT="ת&#39;ל&#39; העברי שכבר נאמ&#39; אחיך ˙ ומה ת&#39;ל&#39; עברי אלא מפני להקיש לדון גזירה שוה"
                    HPOS="998.0"
                    VPOS="2400.0"
                    WIDTH="1764.0"
                    HEIGHT="183.0"></String>
          </TextLine>

          
          
          <TextLine ID="eSc_line_1647963"
                    
                    BASELINE="1000 2622 1504 2615 1914 2601 2155 2601 2485 2587 2614 2576 2762 2554" 
                    HPOS="998.0"
                    VPOS="2508.0"
                    WIDTH="1760.0"
                    HEIGHT="168.0">
            <Shape><Polygon POINTS="998 2619 1009 2580 1127 2580 1160 2554 1196 2583 1249 2580 1267 2562 1289 2583 1361 2565 1425 2580 1494 2547 1530 2565 1555 2547 1591 2569 2090 2554 2147 2565 2176 2536 2201 2554 2237 2519 2269 2551 2341 2551 2381 2526 2424 2551 2453 2536 2510 2547 2575 2526 2621 2533 2647 2511 2683 2522 2700 2508 2744 2515 2758 2551 2736 2590 2611 2626 2323 2633 2165 2662 2126 2644 2065 2648 2032 2615 1961 2651 1932 2637 1777 2662 1749 2641 1695 2658 1641 2641 1490 2655 1472 2676 1443 2655 1386 2669 1346 2651 1145 2669 1099 2655 1077 2669 1005 2648"/></Shape>
	    <String CONTENT="נאמ&#39; כאן עברי ונאמר להלן עברי ˙ מה עברי שנאמ&#39; להלן בבן ישר&#39; הכת&#39; מדבר"
                    HPOS="998.0"
                    VPOS="2508.0"
                    WIDTH="1760.0"
                    HEIGHT="168.0"></String>
          </TextLine>

          
          
          <TextLine ID="eSc_line_1647964"
                    
                    BASELINE="1000 2704 1063 2712 1156 2712 1339 2702 2058 2698 2395 2687 2768 2650" 
                    HPOS="998.0"
                    VPOS="2597.0"
                    WIDTH="1767.0"
                    HEIGHT="173.0">
            <Shape><Polygon POINTS="998 2702 1002 2658 1084 2673 1106 2655 1131 2676 1196 2658 1260 2669 1318 2648 1390 2673 1436 2651 1476 2676 1558 2651 1619 2662 1645 2644 1695 2658 1749 2644 1785 2666 1943 2641 1975 2662 2025 2612 2061 2648 2165 2662 2352 2644 2384 2626 2417 2641 2600 2630 2729 2597 2765 2648 2718 2687 2672 2702 2657 2687 2614 2719 2546 2687 2503 2734 2273 2745 2252 2730 2230 2748 2190 2748 2158 2727 2097 2745 2072 2723 1946 2770 1914 2748 1892 2766 1871 2745 1706 2755 1662 2737 1634 2755 1605 2741 1519 2748 1494 2766 1458 2730 1440 2748 1350 2755 1257 2755 1217 2737 1203 2752 1106 2755 1005 2745"/></Shape>
	    <String CONTENT="אף עברי שנאמ&#39; כאן בבן ישרﭏ הכת&#39; מדבר א&#39;ע&#39;פ&#39; שאין ראיה לדבר זכר לדבר"
                    HPOS="998.0"
                    VPOS="2597.0"
                    WIDTH="1767.0"
                    HEIGHT="173.0"></String>
          </TextLine>

          
          
          <TextLine ID="eSc_line_1647943"
                    
                    BASELINE="992 2806 1231 2806 1910 2788 2201 2791 2528 2773 2768 2743" 
                    HPOS="991.0"
                    VPOS="2684.0"
                    WIDTH="1774.0"
                    HEIGHT="175.0">
            <Shape><Polygon POINTS="991 2802 994 2770 1023 2752 1088 2770 1117 2752 1203 2759 1221 2737 1264 2759 1357 2759 1436 2755 1461 2734 1494 2766 1583 2745 1641 2755 1670 2737 1724 2759 1824 2745 1882 2770 1946 2770 2061 2727 2101 2748 2158 2734 2190 2748 2237 2748 2248 2734 2467 2737 2507 2730 2546 2691 2611 2719 2729 2684 2754 2698 2765 2741 2726 2777 2700 2763 2654 2809 2550 2824 2467 2813 2435 2831 2370 2809 2223 2841 2190 2824 2090 2841 2040 2813 1975 2845 1587 2845 1544 2824 1515 2841 1490 2827 1472 2845 1451 2831 1196 2852 1124 2838 1066 2859 998 2802"/></Shape>
	    <String CONTENT="ויאמרו ﭏהי העברים נקרא עלינו ˙˙ ויבא הפליט ויגד לאברהם העברי או"
                    HPOS="991.0"
                    VPOS="2684.0"
                    WIDTH="1774.0"
                    HEIGHT="175.0"></String>
          </TextLine>

          
          
          <TextLine ID="eSc_line_1647940"
                    
                    BASELINE="992 2899 1052 2906 1131 2906 1569 2888 2072 2888 2478 2870 2768 2835" 
                    HPOS="991.0"
                    VPOS="2763.0"
                    WIDTH="1774.0"
                    HEIGHT="193.0">
            <Shape><Polygon POINTS="991 2895 994 2859 1030 2852 1091 2863 1120 2845 1494 2849 1544 2820 1583 2852 1993 2845 2036 2816 2090 2845 2331 2831 2352 2809 2399 2834 2539 2827 2571 2809 2657 2809 2697 2763 2722 2784 2754 2773 2765 2834 2733 2888 2683 2885 2636 2913 2575 2906 2553 2920 2532 2906 2510 2924 2392 2917 2349 2931 2302 2910 2237 2938 2165 2931 2137 2949 2050 2917 1989 2938 1953 2920 1917 2946 1713 2931 1673 2942 1645 2928 1616 2942 1519 2917 1469 2942 1418 2931 1393 2953 1346 2928 1275 2946 1242 2928 1188 2956 1138 2942 1109 2913 1063 2953 998 2938"/></Shape>
	    <String CONTENT="אל תקראנו עבד לשום בזיון ˙ ת&#39;ל&#39; כי תקנה עבד עברי על כרחו התורה קראו עבד"
                    HPOS="991.0"
                    VPOS="2763.0"
                    WIDTH="1774.0"
                    HEIGHT="193.0"></String>
          </TextLine>

          
          
          <TextLine ID="eSc_line_1647941"
                    
                    BASELINE="962 2996 1185 2989 2047 2992 2532 2971 2773 2930" 
                    HPOS="958.0"
                    VPOS="2888.0"
                    WIDTH="1814.0"
                    HEIGHT="158.0">
            <Shape><Polygon POINTS="958 2992 962 2956 1066 2956 1106 2920 1167 2953 1328 2935 1386 2953 1429 2935 1458 2953 1526 2920 1540 2935 1594 2924 1641 2953 1702 2942 1749 2956 1928 2946 1950 2931 1979 2946 2047 2917 2147 2949 2173 2935 2284 2935 2309 2910 2352 2938 2420 2920 2604 2920 2693 2888 2744 2892 2772 2928 2744 2974 2693 2978 2643 3007 2575 3003 2528 3021 2445 3010 2327 3032 2277 3003 2205 3032 2043 3032 2004 3010 1989 3028 1921 3039 1792 3028 1777 3042 1666 3035 1630 3014 1526 3039 1501 3014 1476 3035 1425 3035 1375 3010 1325 3035 1289 3024 1253 3042 1206 3028 1145 3046 1117 3028 1016 3039 962 2992"/></Shape>
	    <String CONTENT="כי תקנה עבד עברי למה נאמר להביא את הגר דברי ר&#39; ﭏיעזר ˙ ר&#39; ישמעﭏ אומ&#39;"
                    HPOS="958.0"
                    VPOS="2888.0"
                    WIDTH="1814.0"
                    HEIGHT="158.0"></String>
          </TextLine>

          
          
          <TextLine ID="eSc_line_1647946"
                    
                    BASELINE="998 3085 1228 3093 1759 3075 2151 3078 2571 3057 2772 3032" 
                    HPOS="994.0"
                    VPOS="2971.0"
                    WIDTH="1775.0"
                    HEIGHT="208.0">
            <Shape><Polygon POINTS="994 3082 998 3046 1030 3039 1271 3046 1339 3035 1372 3010 1422 3042 1472 3039 1494 3014 1522 3039 1576 3039 1616 3017 1662 3042 1921 3042 1971 3039 2011 3010 2043 3035 2129 3021 2194 3035 2262 3003 2341 3032 2665 3007 2751 2971 2769 3028 2754 3075 2711 3093 2639 3064 2532 3154 2460 3118 2313 3129 2277 3114 2262 3129 2169 3132 2137 3103 2097 3136 1903 3114 1853 3139 1741 3121 1720 3146 1645 3125 1616 3154 1580 3121 1469 3121 1422 3143 1361 3118 1300 3179 1242 3132 1002 3136"/></Shape>
	    <String CONTENT="אינו צריך אם ישרﭏ עובד הגר לא יעבוד ˙ אם ישראל עובד ← אף הגר יעבוד"
                    HPOS="994.0"
                    VPOS="2971.0"
                    WIDTH="1775.0"
                    HEIGHT="208.0"></String>
          </TextLine>

          
          
          <TextLine ID="eSc_line_1995293"
                    
                    BASELINE="1007 3191 1185 3193 1860 3180 2005 3170 2595 3149 2679 3143 2722 3132 2773 3132" 
                    HPOS="1005.0"
                    VPOS="3107.0"
                    WIDTH="1767.0"
                    HEIGHT="144.0">
            <Shape><Polygon POINTS="1005 3190 1009 3150 1142 3146 1206 3179 1267 3179 1282 3161 1321 3175 1548 3172 1569 3157 1824 3164 1882 3129 1957 3129 1979 3143 2058 3125 2079 3143 2111 3129 2140 3143 2187 3129 2338 3129 2359 3143 2456 3118 2514 3146 2657 3107 2762 3107 2772 3129 2765 3175 2697 3175 2675 3193 2657 3182 2611 3215 2496 3218 2460 3182 2384 3182 2316 3215 2226 3204 2194 3225 2133 3211 2104 3229 2054 3218 1910 3233 1871 3215 1817 3236 1749 3207 1702 3207 1673 3233 1637 3233 1569 3204 1494 3225 1418 3207 1372 3247 1307 3233 1278 3251 1214 3251 1185 3222 1145 3243 1088 3218 1012 3229"/></Shape>
	    <String CONTENT="[שכחתי זאת השיט&#39; ˙]"
                    HPOS="1005.0"
                    VPOS="3107.0"
                    WIDTH="1767.0"
                    HEIGHT="144.0"></String>
          </TextLine>

          
        </TextBlock>
        
        <TextBlock HPOS="204.0"
                   VPOS="1159.0"
                   WIDTH="708.0"
                   HEIGHT="229.0"
                   ID="eSc_textblock_11351"
                   TAGREFS="BT3">
          <Shape><Polygon POINTS="912 1159 912 1388 204 1388 204 1159"/></Shape>
          
          
          <TextLine ID="eSc_line_1647968"
                    
                    BASELINE="208 1302 581 1291 907 1297 923 1298" 
                    HPOS="206.0"
                    VPOS="1251.0"
                    WIDTH="719.0"
                    HEIGHT="90.0">
            <Shape><Polygon POINTS="206 1262 579 1251 907 1257 925 1258 920 1337 906 1336 582 1330 209 1341"/></Shape>
	    <String CONTENT="גיט המעושה בגוים פסול"
                    HPOS="206.0"
                    VPOS="1251.0"
                    WIDTH="719.0"
                    HEIGHT="90.0"></String>
          </TextLine>

          
        </TextBlock>
        
        <TextBlock HPOS="812.0"
                   VPOS="3014.0"
                   WIDTH="151.0"
                   HEIGHT="105.0"
                   ID="eSc_textblock_13652"
                   TAGREFS="BT844">
          <Shape><Polygon POINTS="812 3014 812 3119 963 3119 963 3014"/></Shape>
          
          
          <TextLine ID="eSc_line_1995292"
                    
                    BASELINE="864 3078 955 3078" 
                    HPOS="864.0"
                    VPOS="3038.0"
                    WIDTH="91.0"
                    HEIGHT="80.0">
            <Shape><Polygon POINTS="864 3038 955 3038 955 3118 864 3118"/></Shape>
	    <String CONTENT="שש"
                    HPOS="864.0"
                    VPOS="3038.0"
                    WIDTH="91.0"
                    HEIGHT="80.0"></String>
          </TextLine>

          
        </TextBlock>
        

        
      </PrintSpace>
    </Page>
  </Layout>
</alto>
