<?xml version="1.0" encoding="UTF-8"?>
<alto xmlns:xsi="http://www.w3.org/2001/XMLSchema-instance"
      xmlns="http://www.loc.gov/standards/alto/ns-v4#"
      xsi:schemaLocation="http://www.loc.gov/standards/alto/ns-v4# http://www.loc.gov/standards/alto/v4/alto-4-2.xsd">
  <Description>
    <MeasurementUnit>pixel</MeasurementUnit>
    <sourceImageInformation>
      <fileName>bsb00084914_00116.jpg</fileName>
      
    </sourceImageInformation>
  </Description>
  
  <Tags>
    <OtherTag ID="BT1" LABEL="Title" DESCRIPTION="block type Title"/><OtherTag ID="BT2" LABEL="Main" DESCRIPTION="block type Main"/><OtherTag ID="BT3" LABEL="Commentary" DESCRIPTION="block type Commentary"/><OtherTag ID="BT4" LABEL="Illustration" DESCRIPTION="block type Illustration"/><OtherTag ID="BT844" LABEL="Margin" DESCRIPTION="block type Margin"/><OtherTag ID="BT845" LABEL="Paratext" DESCRIPTION="block type Paratext"/><OtherTag ID="BT978" LABEL="Hole" DESCRIPTION="block type Hole"/>
    <OtherTag ID="LT2" LABEL="Numbering" DESCRIPTION="line type Numbering"/><OtherTag ID="LT3" LABEL="Correction" DESCRIPTION="line type Correction"/>
  </Tags>
  
  <Layout>
    <Page WIDTH="3040"
          HEIGHT="4305"
          PHYSICAL_IMG_NR="115"
          ID="eSc_dummypage_">
      <PrintSpace HPOS="0"
                  VPOS="0"
                  WIDTH="3040"
                  HEIGHT="4305">
        
        <TextBlock HPOS="198.0"
                   VPOS="576.0"
                   WIDTH="1936.0"
                   HEIGHT="2670.0"
                   ID="eSc_textblock_10632"
                   TAGREFS="BT2">
          <Shape><Polygon POINTS="209 576 2134 627 2101 3246 198 3213"/></Shape>
          
          
          <TextLine ID="eSc_line_1646533"
                    
                    BASELINE="262 646 1256 670 1999 678 2128 694" 
                    HPOS="258.0"
                    VPOS="591.0"
                    WIDTH="1866.0"
                    HEIGHT="140.0">
            <Shape><Polygon POINTS="258 645 262 617 326 609 344 591 394 591 427 620 538 606 552 620 649 624 674 599 707 599 728 620 786 627 900 613 972 631 1022 631 1080 606 1130 627 1162 609 1227 624 1331 609 1392 638 1485 613 1507 631 1536 617 1554 634 1568 624 1633 642 1679 617 1729 617 1801 620 1844 645 1913 631 1934 649 2009 649 2042 627 2063 649 2117 649 2124 692 2114 713 2049 713 2009 731 1956 713 1902 731 1866 710 1812 728 1755 713 1701 724 1683 710 1643 728 1593 710 1550 728 1378 724 1342 706 1310 721 1087 717 1004 695 983 710 943 695 872 713 721 710 707 695 649 710 585 692 545 706 488 706 473 692 423 706 373 685 262 681"/></Shape>
	    <String CONTENT="מת משה נסתלק המן ˙ ר&#39; יהושע אומר מתה מרים נסתלקה הבאר וחזרה"
                    HPOS="258.0"
                    VPOS="591.0"
                    WIDTH="1866.0"
                    HEIGHT="140.0"></String>
          </TextLine>

          
          
          <TextLine ID="eSc_line_1646549"
                    
                    BASELINE="253 745 416 764 904 767 1579 796 2117 796" 
                    HPOS="251.0"
                    VPOS="699.0"
                    WIDTH="1863.0"
                    HEIGHT="144.0">
            <Shape><Polygon POINTS="251 742 294 699 434 710 466 728 556 713 692 721 707 706 947 721 976 703 1119 731 1173 706 1220 735 1421 739 1460 724 1478 739 1582 731 1665 746 1733 724 1808 746 2052 742 2114 792 2035 839 1712 821 1668 839 1629 817 1582 843 1557 817 1528 832 1511 814 1475 832 1396 835 1360 807 1317 843 1292 821 1223 825 1202 803 1126 832 1001 803 897 807 825 828 725 810 696 785 649 814 484 814 394 800 308 810 254 778"/></Shape>
	    <String CONTENT="בזכות משה ואהרן ˙ מת אהרן נסתלק עמוד הענן וחזרו שניהם בזכות"
                    HPOS="251.0"
                    VPOS="699.0"
                    WIDTH="1863.0"
                    HEIGHT="144.0"></String>
          </TextLine>

          
          
          <TextLine ID="eSc_line_1646529"
                    
                    BASELINE="253 856 355 853 574 868 925 864 1331 882 1450 878 1823 893 2117 896" 
                    HPOS="251.0"
                    VPOS="785.0"
                    WIDTH="1863.0"
                    HEIGHT="158.0">
            <Shape><Polygon POINTS="251 853 283 807 631 817 689 785 728 817 803 814 836 828 925 807 979 828 1076 817 1134 832 1202 807 1220 825 1292 828 1317 846 1363 807 1410 839 1467 839 1507 814 1582 846 1647 828 1769 843 1826 825 1877 850 2067 850 2114 893 2045 943 1974 943 1948 929 1913 936 1891 918 1862 936 1665 918 1579 936 1371 914 1245 932 1227 914 1019 911 972 871 933 907 739 911 660 896 552 921 524 896 434 911 398 889 297 900 254 868"/></Shape>
	    <String CONTENT="משה ˙˙ מת משה נסתלקו שלשתן ולא חזרו ˙ והצרעה לא עברה עמהן [/]"
                    HPOS="251.0"
                    VPOS="785.0"
                    WIDTH="1863.0"
                    HEIGHT="158.0"></String>
          </TextLine>

          
          
          <TextLine ID="eSc_line_1646530"
                    
                    BASELINE="253 953 394 950 725 968 1173 965 1435 979 2114 982" 
                    HPOS="251.0"
                    VPOS="882.0"
                    WIDTH="1859.0"
                    HEIGHT="161.0">
            <Shape><Polygon POINTS="251 950 258 896 506 904 545 918 671 900 703 918 786 918 861 900 925 921 969 882 1026 921 1098 904 1123 918 1223 918 1245 936 1281 921 1439 918 1579 939 2070 932 2110 979 2031 1029 1873 1018 1841 1043 1801 1011 1672 1029 1579 1015 1514 1026 1500 1011 1432 1022 1417 1008 1310 1022 1184 1004 1162 1015 1051 1008 1030 990 969 1011 814 997 574 1011 531 990 423 1004 323 997 283 975 254 986"/></Shape>
	    <String CONTENT="את הירדן ˙ והעומר אינו יודע כמה הוא ˙ ת&#39;ל&#39; עשירית האיפה וכמה הוא"
                    HPOS="251.0"
                    VPOS="882.0"
                    WIDTH="1859.0"
                    HEIGHT="161.0"></String>
          </TextLine>

          
          
          <TextLine ID="eSc_line_1646534"
                    
                    BASELINE="253 1040 387 1040 559 1054 864 1051 1223 1065 1514 1065 1841 1083 2128 1083" 
                    HPOS="251.0"
                    VPOS="979.0"
                    WIDTH="1873.0"
                    HEIGHT="169.0">
            <Shape><Polygon POINTS="251 1036 287 979 427 1011 488 993 617 1015 660 1000 997 1008 1030 993 1058 1015 1543 1029 1654 1018 1668 1033 1805 1018 1823 1040 1891 1036 1905 1022 2067 1040 2124 1079 2099 1079 2017 1148 1966 1126 1934 1133 1909 1108 1877 1130 1794 1112 1737 1140 1665 1108 1593 1130 1572 1112 1493 1108 1471 1130 1421 1108 1184 1122 1015 1101 965 1122 904 1104 872 1126 814 1094 775 1108 671 1094 624 1108 552 1094 495 1104 391 1076 287 1079 254 1051"/></Shape>
	    <String CONTENT="עשירית האיפה אחד משבעה רבעים ועוד עומר זה כמה הוא אחד [מח&#39;]"
                    HPOS="251.0"
                    VPOS="979.0"
                    WIDTH="1873.0"
                    HEIGHT="169.0"></String>
          </TextLine>

          
          
          <TextLine ID="eSc_line_1646551"
                    
                    BASELINE="1010 1167 1065 1162 1227 1169 1474 1163" 
                    HPOS="1008.0"
                    VPOS="1104.0"
                    WIDTH="463.0"
                    HEIGHT="108.0">
            <Shape><Polygon POINTS="1008 1165 1022 1104 1166 1122 1442 1119 1471 1162 1460 1212 1012 1208"/></Shape>
	    <String CONTENT="מחמשה ברביע ˙"
                    HPOS="1008.0"
                    VPOS="1104.0"
                    WIDTH="463.0"
                    HEIGHT="108.0"></String>
          </TextLine>

          
          
          <TextLine ID="eSc_line_a629f35a"
                    
                    BASELINE="1609 1295 1622 1298 1704 1291 2117 1313" 
                    HPOS="1607.0"
                    VPOS="1183.0"
                    WIDTH="503.0"
                    HEIGHT="234.0">
            <Shape><Polygon POINTS="1607 1291 1618 1208 1676 1212 1719 1183 1816 1212 1884 1212 1905 1194 1948 1194 1970 1212 2002 1201 2052 1226 2092 1205 2110 1212 2099 1377 2052 1377 2009 1417 1733 1417 1665 1359 1611 1356"/></Shape>
	    <String CONTENT="פרשה ז&#39;"
                    HPOS="1607.0"
                    VPOS="1183.0"
                    WIDTH="503.0"
                    HEIGHT="234.0"></String>
          </TextLine>

          
          
          <TextLine ID="eSc_line_1646543"
                    
                    BASELINE="281 1239 384 1237 692 1255 897 1255 1543 1280 1554 1282" 
                    HPOS="279.0"
                    VPOS="1176.0"
                    WIDTH="1271.0"
                    HEIGHT="151.0">
            <Shape><Polygon POINTS="279 1237 287 1176 301 1176 333 1201 366 1201 384 1183 423 1205 477 1191 559 1208 663 1191 707 1216 803 1219 839 1198 893 1198 922 1223 951 1201 987 1201 1220 1234 1241 1212 1274 1226 1367 1216 1410 1237 1450 1223 1475 1244 1539 1237 1550 1280 1525 1323 1500 1313 1453 1327 1428 1309 1270 1323 1216 1302 1184 1316 1062 1295 922 1309 908 1295 825 1302 771 1284 703 1302 631 1287 513 1295 398 1269 333 1284 283 1266"/></Shape>
	    <String CONTENT="ויסעו כל עדת בני ישרﭏ ממדבר סין לפי שפרשו [מד&#39;]"
                    HPOS="279.0"
                    VPOS="1176.0"
                    WIDTH="1271.0"
                    HEIGHT="151.0"></String>
          </TextLine>

          
          
          <TextLine ID="eSc_line_1646546"
                    
                    BASELINE="243 1311 401 1338 527 1345 958 1356 1130 1366 1593 1374" 
                    HPOS="240.0"
                    VPOS="1269.0"
                    WIDTH="1349.0"
                    HEIGHT="176.0">
            <Shape><Polygon POINTS="240 1309 279 1269 348 1295 387 1284 445 1298 638 1298 681 1320 796 1291 832 1309 897 1295 936 1320 1008 1313 1044 1327 1073 1309 1173 1323 1213 1302 1266 1330 1356 1320 1503 1338 1550 1320 1582 1341 1589 1370 1579 1438 1536 1445 1464 1409 1371 1420 1353 1402 1299 1420 1274 1409 1249 1431 1231 1409 1109 1424 918 1417 847 1399 674 1409 570 1384 541 1402 513 1374 488 1388 384 1381 369 1395 272 1363 244 1334"/></Shape>
	    <String CONTENT="מדברי תורה לפי&#39; בא השונא עליהם שאין השונא בא"
                    HPOS="240.0"
                    VPOS="1269.0"
                    WIDTH="1349.0"
                    HEIGHT="176.0"></String>
          </TextLine>

          
          
          <TextLine ID="eSc_line_1646544"
                    
                    BASELINE="243 1429 692 1456 904 1456 1550 1485 1801 1481 2128 1485" 
                    HPOS="240.0"
                    VPOS="1366.0"
                    WIDTH="1884.0"
                    HEIGHT="173.0">
            <Shape><Polygon POINTS="240 1427 247 1388 276 1366 301 1391 419 1399 437 1384 459 1406 513 1374 567 1417 635 1395 656 1409 757 1413 836 1399 868 1417 1048 1417 1098 1431 1137 1413 1184 1427 1220 1413 1274 1435 1345 1402 1378 1442 1446 1413 1482 1438 1543 1449 1615 1406 1651 1438 1672 1420 1733 1427 1751 1445 1776 1424 1819 1442 1898 1417 1920 1438 1970 1442 2006 1409 2049 1438 2121 1409 2124 1481 2114 1510 2081 1510 2056 1535 1844 1539 1780 1524 1672 1539 1557 1521 1525 1535 1478 1521 1453 1531 1435 1513 1381 1524 1299 1485 1241 1510 1134 1521 1091 1506 976 1513 958 1495 893 1510 631 1503 606 1481 577 1495 387 1485 362 1499 330 1470 297 1470 262 1495 244 1478"/></Shape>
	    <String CONTENT="אלא על החטא ועל העבירה ˙˙ וירב העם עם משה עברו על שורת הדין"
                    HPOS="240.0"
                    VPOS="1366.0"
                    WIDTH="1884.0"
                    HEIGHT="173.0"></String>
          </TextLine>

          
          
          <TextLine ID="eSc_line_1646539"
                    
                    BASELINE="243 1539 366 1539 617 1556 811 1556 947 1567 1302 1567 1550 1582 1787 1582 1948 1596 2099 1600" 
                    HPOS="240.0"
                    VPOS="1474.0"
                    WIDTH="1856.0"
                    HEIGHT="179.0">
            <Shape><Polygon POINTS="240 1535 251 1499 326 1474 409 1506 466 1481 531 1492 549 1510 602 1481 631 1510 696 1499 739 1521 897 1521 954 1492 979 1517 1004 1510 1022 1524 1223 1513 1288 1535 1353 1510 1381 1535 1905 1542 1945 1528 1974 1549 2088 1556 2096 1596 2056 1639 1984 1653 1956 1625 1923 1646 1877 1632 1851 1650 1823 1617 1794 1635 1719 1617 1615 1632 1568 1610 1514 1610 1482 1635 1453 1614 1356 1617 1335 1600 1249 1628 1223 1610 1137 1628 1109 1607 1022 1610 983 1596 918 1614 782 1610 746 1628 714 1596 692 1603 660 1585 599 1607 563 1589 541 1603 430 1585 323 1592 305 1574 269 1582 244 1553"/></Shape>
	    <String CONTENT="דרך ארץ אדם כועס בתוך ביתו אינו נותן עיניו אלא בקטן ˙ אבל אילו לא נתנו"
                    HPOS="240.0"
                    VPOS="1474.0"
                    WIDTH="1856.0"
                    HEIGHT="179.0"></String>
          </TextLine>

          
          
          <TextLine ID="eSc_line_1646540"
                    
                    BASELINE="333 1635 602 1657 904 1657 1324 1671 1539 1686 1676 1686 2099 1702" 
                    HPOS="330.0"
                    VPOS="1585.0"
                    WIDTH="1766.0"
                    HEIGHT="169.0">
            <Shape><Polygon POINTS="330 1632 337 1600 376 1592 459 1607 509 1592 538 1610 567 1592 617 1617 656 1585 742 1628 775 1614 961 1607 987 1621 1306 1632 1335 1607 1374 1632 1406 1614 1475 1643 1525 1607 1611 1639 1726 1621 1823 1650 1891 1639 1927 1653 1948 1632 1974 1653 2067 1646 2088 1661 2096 1700 2035 1754 1923 1747 1909 1729 1834 1739 1769 1722 1654 1739 1528 1714 1482 1739 1457 1739 1435 1714 1363 1739 1338 1711 1295 1725 1249 1696 1148 1714 1065 1700 994 1722 958 1704 847 1696 807 1711 699 1696 646 1711 606 1696 577 1711 466 1686 384 1704 333 1671"/></Shape>
	    <String CONTENT="את עיניהם אלא בגדול לכך נאמ&#39; וירב העם עם משה עברו על שורת הדין ˙"
                    HPOS="330.0"
                    VPOS="1585.0"
                    WIDTH="1766.0"
                    HEIGHT="169.0"></String>
          </TextLine>

          
          
          <TextLine ID="eSc_line_1646545"
                    
                    BASELINE="215 1736 559 1757 775 1757 1008 1772 1306 1772 1489 1782 1787 1786 1948 1800 2099 1793" 
                    HPOS="211.0"
                    VPOS="1675.0"
                    WIDTH="1885.0"
                    HEIGHT="176.0">
            <Shape><Polygon POINTS="211 1732 290 1675 376 1707 459 1686 484 1711 541 1696 588 1718 757 1704 861 1714 925 1700 943 1725 1040 1729 1098 1704 1144 1729 1173 1711 1202 1725 1245 1696 1281 1732 1338 1714 1360 1739 1600 1725 1615 1743 1834 1736 1862 1750 1905 1729 1956 1754 2027 1750 2096 1790 2056 1851 1988 1851 1923 1826 1873 1847 1737 1822 1643 1836 1586 1826 1532 1843 1471 1808 1256 1808 1213 1822 1180 1804 1116 1818 1040 1804 997 1826 951 1804 707 1811 689 1793 617 1815 588 1790 506 1808 441 1786 384 1793 240 1736"/></Shape>
	    <String CONTENT="ויאמר להם מה תריבון עמדי ˙ אמ&#39; להם כל זמן שאתם מדיינים עמי אתם"
                    HPOS="211.0"
                    VPOS="1675.0"
                    WIDTH="1885.0"
                    HEIGHT="176.0"></String>
          </TextLine>

          
          
          <TextLine ID="eSc_line_1646541"
                    
                    BASELINE="186 1833 312 1829 484 1851 610 1858 1414 1872 1905 1897 2099 1897" 
                    HPOS="183.0"
                    VPOS="1750.0"
                    WIDTH="1913.0"
                    HEIGHT="198.0">
            <Shape><Polygon POINTS="183 1829 272 1750 305 1782 351 1793 610 1818 628 1804 667 1818 782 1804 1083 1826 1152 1822 1180 1800 1213 1826 1324 1808 1388 1826 1471 1815 1528 1843 1665 1829 1751 1847 1769 1829 1869 1851 1898 1833 1916 1851 2049 1854 2096 1894 2006 1948 1744 1940 1729 1926 1604 1933 1582 1908 1561 1930 1381 1926 1292 1897 1231 1922 1170 1897 1094 1930 1069 1904 943 1904 925 1919 771 1897 671 1915 656 1901 588 1908 549 1890 491 1908 441 1883 323 1883 279 1847 251 1858 204 1833"/></Shape>
	    <String CONTENT="מנסין את המקום ˙˙ ד&#39;א&#39; אמ&#39; להם כל זמן שאתם מדיינים עמי המקום עוש&#39;"
                    HPOS="183.0"
                    VPOS="1750.0"
                    WIDTH="1913.0"
                    HEIGHT="198.0"></String>
          </TextLine>

          
          
          <TextLine ID="eSc_line_1646542"
                    
                    BASELINE="253 1920 567 1955 832 1969 1432 1973 1751 1987 2099 1987" 
                    HPOS="251.0"
                    VPOS="1851.0"
                    WIDTH="1845.0"
                    HEIGHT="193.0">
            <Shape><Polygon POINTS="251 1919 258 1858 279 1851 323 1890 441 1890 459 1908 531 1897 577 1919 624 1904 725 1926 775 1901 796 1919 882 1915 961 1937 1048 1919 1098 1937 1166 1901 1227 1930 1277 1897 1324 1926 1597 1940 1719 1930 1733 1944 1790 1937 1844 1951 2009 1951 2063 1922 2096 1983 2027 2041 1884 2044 1787 2026 1744 2044 1665 2019 1593 2037 1378 2009 1349 2026 1292 2009 1205 2023 1123 2009 1094 1987 1073 2005 943 2001 929 2016 864 1991 832 2012 771 1998 685 2005 660 1983 577 2009 509 1991 452 2005 398 1980 308 1980 254 1948"/></Shape>
	    <String CONTENT="לכם ניסים וגבורות ושמו מתגדל בעולם ˙˙ ויצמא שם העם וגו&#39; ˙ אבל"
                    HPOS="251.0"
                    VPOS="1851.0"
                    WIDTH="1845.0"
                    HEIGHT="193.0"></String>
          </TextLine>

          
          
          <TextLine ID="eSc_line_1646550"
                    
                    BASELINE="253 2028 376 2034 502 2048 631 2055 879 2059 1076 2069 1367 2069 1783 2087 2099 2077" 
                    HPOS="251.0"
                    VPOS="1969.0"
                    WIDTH="1845.0"
                    HEIGHT="176.0">
            <Shape><Polygon POINTS="251 2026 258 1976 287 1969 380 1994 506 1994 524 2009 620 2009 663 1987 689 2016 836 2016 850 2001 886 2019 1001 2005 1044 2023 1091 1991 1130 2023 1528 2023 1625 2044 1708 2030 1776 2048 2038 2048 2060 2026 2096 2073 2042 2127 1977 2145 1913 2123 1877 2141 1830 2127 1744 2138 1722 2116 1690 2123 1661 2095 1607 2127 1302 2102 1245 2116 1184 2098 1105 2113 994 2109 969 2095 897 2105 739 2091 653 2105 602 2084 534 2113 506 2084 398 2087 326 2044 279 2084 254 2059"/></Shape>
	    <String CONTENT="נגע בהן צימאון ˙ ובמקום אחר מהו אומ&#39; ויבאו מרתה אבל כאן נגע בהן"
                    HPOS="251.0"
                    VPOS="1969.0"
                    WIDTH="1845.0"
                    HEIGHT="176.0"></String>
          </TextLine>

          
          
          <TextLine ID="eSc_line_1646548"
                    
                    BASELINE="186 2098 574 2141 875 2156 1080 2156 1406 2174 1532 2174 1844 2188 1974 2188 2099 2162" 
                    HPOS="183.0"
                    VPOS="2052.0"
                    WIDTH="1913.0"
                    HEIGHT="193.0">
            <Shape><Polygon POINTS="183 2095 211 2052 276 2084 333 2052 391 2087 502 2084 538 2113 613 2087 653 2113 710 2095 742 2113 775 2098 1126 2116 1184 2102 1263 2130 1306 2109 1335 2127 1399 2130 1435 2105 1554 2138 1582 2120 1615 2134 1640 2109 1676 2148 1740 2152 1776 2127 1808 2148 1826 2134 1898 2148 1927 2127 1970 2148 2049 2130 2096 2159 2081 2227 2056 2245 2031 2245 2013 2224 1977 2238 1920 2224 1880 2245 1834 2224 1776 2245 1715 2213 1661 2235 1586 2220 1424 2235 1396 2217 1302 2220 1256 2199 1216 2220 1191 2191 1083 2217 1069 2199 1048 2213 1022 2199 915 2206 886 2191 868 2209 800 2220 771 2199 732 2213 692 2188 606 2199 585 2181 455 2184 445 2170 405 2177 387 2156 333 2170 319 2152 279 2159 186 2116"/></Shape>
	    <String CONTENT="צימאון ˙˙ וילן העם על משה ˙ מכאן היה ר&#39; יהושע אומ&#39; נפל ביתא חבל לכוותא"
                    HPOS="183.0"
                    VPOS="2052.0"
                    WIDTH="1913.0"
                    HEIGHT="193.0"></String>
          </TextLine>

          
          
          <TextLine ID="eSc_line_1646532"
                    
                    BASELINE="233 2202 448 2227 879 2256 1152 2260 1277 2270 1518 2270 1780 2288 2099 2292" 
                    HPOS="229.0"
                    VPOS="2156.0"
                    WIDTH="1867.0"
                    HEIGHT="190.0">
            <Shape><Polygon POINTS="229 2199 283 2156 326 2170 384 2156 412 2181 516 2181 563 2199 649 2206 692 2188 721 2220 771 2202 803 2220 969 2199 987 2217 1094 2220 1188 2195 1223 2220 1259 2206 1299 2224 1388 2217 1421 2235 1586 2220 1651 2238 1715 2217 1780 2249 1826 2242 1844 2256 1913 2227 1984 2245 2013 2231 2049 2242 2096 2288 2020 2331 1995 2321 1970 2346 1923 2321 1880 2339 1780 2321 1729 2339 1712 2317 1611 2335 1582 2313 1345 2321 1259 2313 1249 2299 1105 2317 1065 2296 1030 2317 954 2288 800 2299 775 2281 714 2278 649 2292 563 2281 549 2263 488 2281 398 2263 348 2278 337 2260 301 2256 251 2202 233 2206"/></Shape>
	    <String CONTENT="השוו בהמתן לגופן אמרו בהמתו של אדם הוא חי?יו ˙˙ אדם המתהלך"
                    HPOS="229.0"
                    VPOS="2156.0"
                    WIDTH="1867.0"
                    HEIGHT="190.0"></String>
          </TextLine>

          
          
          <TextLine ID="eSc_line_1646526"
                    
                    BASELINE="219 2293 401 2321 620 2339 875 2346 1012 2356 1306 2364 1435 2374 1647 2374 1880 2389 2085 2382" 
                    HPOS="218.0"
                    VPOS="2252.0"
                    WIDTH="1863.0"
                    HEIGHT="191.0">
            <Shape><Polygon POINTS="218 2292 222 2274 262 2252 491 2292 541 2263 563 2288 602 2278 642 2299 707 2285 739 2299 768 2285 803 2306 857 2292 915 2310 954 2299 987 2324 1392 2313 1446 2331 1564 2317 1593 2335 1712 2324 1737 2342 1794 2328 1859 2342 1905 2324 1923 2342 2045 2339 2081 2378 2031 2435 1970 2407 1927 2443 1905 2421 1844 2432 1816 2414 1747 2435 1726 2407 1690 2425 1607 2407 1568 2428 1554 2414 1457 2410 1446 2396 1349 2417 1220 2396 1144 2410 1098 2385 990 2403 890 2403 882 2389 800 2400 786 2378 703 2389 674 2367 628 2392 459 2371 409 2382 358 2367 330 2339 290 2353 222 2328"/></Shape>
	    <String CONTENT="בדרך אם אין בהמתו עמו הוא מסתגף ˙˙ ויצעק משה וגו&#39; ˙ להודיע שבחו"
                    HPOS="218.0"
                    VPOS="2252.0"
                    WIDTH="1863.0"
                    HEIGHT="191.0"></String>
          </TextLine>

          
          
          <TextLine ID="eSc_line_1646520"
                    
                    BASELINE="219 2408 520 2428 1098 2446 1256 2457 1464 2461 1765 2475 1977 2471 2090 2481" 
                    HPOS="218.0"
                    VPOS="2342.0"
                    WIDTH="1870.0"
                    HEIGHT="197.0">
            <Shape><Polygon POINTS="218 2407 269 2353 330 2342 358 2371 391 2367 416 2385 491 2374 606 2396 663 2364 703 2396 879 2392 897 2407 1044 2392 1392 2421 1442 2396 1471 2421 1489 2410 1525 2428 1611 2414 1690 2428 1726 2410 1744 2432 1798 2439 1819 2421 1834 2435 1923 2443 1981 2407 2002 2432 2052 2439 2088 2478 2013 2536 1948 2514 1790 2532 1747 2511 1676 2518 1654 2496 1600 2539 1568 2507 1514 2522 1489 2504 1410 2514 1356 2500 1310 2514 1281 2493 1173 2522 1148 2493 1058 2504 1001 2486 890 2500 857 2482 821 2496 771 2478 717 2486 703 2471 520 2482 488 2468 455 2482 294 2461 222 2410"/></Shape>
	    <String CONTENT="של משה שלא אמ&#39; הואיל והן מדיינין עמי איני מבקש עליהן רחמים אלא"
                    HPOS="218.0"
                    VPOS="2342.0"
                    WIDTH="1870.0"
                    HEIGHT="197.0"></String>
          </TextLine>

          
          
          <TextLine ID="eSc_line_1646525"
                    
                    BASELINE="219 2496 531 2529 610 2529 821 2543 936 2543 1220 2561 1295 2557 1543 2572 1830 2572 1966 2579 2090 2594" 
                    HPOS="218.0"
                    VPOS="2453.0"
                    WIDTH="1870.0"
                    HEIGHT="187.0">
            <Shape><Polygon POINTS="218 2493 251 2457 287 2453 455 2489 495 2478 563 2493 592 2475 635 2489 699 2471 725 2493 796 2482 811 2500 857 2504 1008 2507 1033 2493 1076 2511 1148 2493 1177 2525 1231 2504 1320 2522 1360 2500 1385 2522 1421 2511 1446 2539 1489 2547 1518 2525 1550 2550 1575 2525 1611 2539 1658 2500 1679 2529 1701 2518 1733 2536 1848 2525 1859 2539 1941 2543 1981 2529 2002 2547 2038 2522 2088 2593 2027 2636 1977 2618 1877 2640 1805 2611 1765 2629 1744 2611 1719 2636 1697 2615 1629 2633 1600 2604 1564 2597 1482 2618 1460 2590 1374 2618 1345 2600 1320 2615 1266 2593 1126 2611 1012 2593 983 2611 965 2590 929 2611 904 2583 879 2597 818 2575 753 2597 681 2586 667 2600 638 2579 617 2600 592 2575 563 2593 524 2568 445 2590 394 2565 348 2575 272 2539 233 2496"/></Shape>
	    <String CONTENT="ויצעק משה אל ייי ˙˙ אמ&#39; משה לפני המקום רבו&#39; של עולם בינך ובינם"
                    HPOS="218.0"
                    VPOS="2453.0"
                    WIDTH="1870.0"
                    HEIGHT="187.0"></String>
          </TextLine>

          
          
          <TextLine ID="eSc_line_1646527"
                    
                    BASELINE="219 2611 689 2647 843 2647 997 2658 1116 2658 1396 2676 1564 2672 1794 2687 2090 2690" 
                    HPOS="218.0"
                    VPOS="2547.0"
                    WIDTH="1870.0"
                    HEIGHT="204.0">
            <Shape><Polygon POINTS="218 2608 269 2547 348 2583 484 2597 541 2579 552 2597 653 2604 735 2583 768 2608 814 2608 864 2583 915 2615 1033 2600 1069 2618 1105 2608 1252 2629 1292 2608 1320 2626 1385 2618 1410 2633 1453 2593 1482 2622 1564 2597 1611 2636 1694 2618 1722 2640 1765 2643 1805 2622 1877 2647 1909 2633 1952 2658 1991 2622 2088 2687 2074 2726 2052 2719 2002 2744 1988 2730 1866 2726 1819 2751 1783 2726 1740 2733 1633 2712 1543 2726 1507 2704 1460 2722 1424 2708 1310 2719 1252 2701 1162 2715 1152 2701 1076 2694 997 2708 904 2683 857 2704 742 2687 563 2697 527 2679 502 2697 441 2679 416 2690 391 2672 348 2687 315 2658 269 2672 222 2626"/></Shape>
	    <String CONTENT="אני הרוג אתה אומ&#39; לי אל תקפיד כנגד כי תאמר אלי שאהו בחיקך והם [בק&#39;]"
                    HPOS="218.0"
                    VPOS="2547.0"
                    WIDTH="1870.0"
                    HEIGHT="204.0"></String>
          </TextLine>

          
          
          <TextLine ID="eSc_line_1646524"
                    
                    BASELINE="219 2709 462 2737 646 2748 811 2751 890 2758 1209 2762 1539 2776 1729 2791 2090 2794" 
                    HPOS="218.0"
                    VPOS="2658.0"
                    WIDTH="1870.0"
                    HEIGHT="194.0">
            <Shape><Polygon POINTS="218 2708 226 2665 244 2658 269 2679 308 2661 358 2690 527 2683 570 2704 707 2690 725 2708 782 2697 893 2712 915 2697 933 2712 961 2701 1105 2715 1126 2701 1162 2719 1205 2704 1299 2722 1450 2719 1514 2737 1536 2719 1575 2740 1733 2730 1783 2755 1873 2730 1920 2748 1948 2730 2038 2751 2088 2791 2009 2852 1991 2830 1974 2844 1898 2830 1758 2844 1708 2823 1622 2844 1521 2816 1478 2830 1424 2805 1331 2809 1288 2830 1266 2805 1241 2816 1188 2798 1170 2812 1137 2783 1091 2812 1073 2798 786 2809 760 2783 746 2794 699 2780 595 2798 574 2773 448 2791 348 2769 315 2780 254 2737 222 2737"/></Shape>
	    <String CONTENT="בקשו להרגני כאן המקום ממיך ומשה מגביה ובמקום אחר המקום מגביה"
                    HPOS="218.0"
                    VPOS="2658.0"
                    WIDTH="1870.0"
                    HEIGHT="194.0"></String>
          </TextLine>

          
          
          <TextLine ID="eSc_line_1646521"
                    
                    BASELINE="357 2833 678 2848 800 2848 1051 2862 1270 2866 1356 2873 1475 2873 1744 2887 1930 2887 2090 2894" 
                    HPOS="355.0"
                    VPOS="2776.0"
                    WIDTH="1733.0"
                    HEIGHT="172.0">
            <Shape><Polygon POINTS="355 2830 362 2783 534 2794 570 2776 592 2798 660 2805 696 2776 732 2805 983 2801 1022 2816 1065 2798 1091 2819 1144 2791 1173 2816 1241 2823 1266 2809 1299 2834 1439 2819 1471 2837 1521 2823 1686 2848 1715 2834 1769 2848 1916 2834 1977 2852 1991 2837 2002 2852 2035 2848 2088 2891 2031 2938 1898 2916 1841 2948 1787 2927 1765 2941 1737 2913 1625 2938 1611 2920 1579 2934 1500 2916 1450 2923 1424 2902 1378 2923 1335 2902 1249 2920 1234 2902 1058 2909 929 2884 904 2902 818 2891 793 2909 768 2891 427 2891 358 2866"/></Shape>
	    <String CONTENT="ומשה ממך כעניין שנ&#39; ועתה הניחה לי ואחריו מהו אומ&#39; ויחל משה ˙"
                    HPOS="355.0"
                    VPOS="2776.0"
                    WIDTH="1733.0"
                    HEIGHT="172.0"></String>
          </TextLine>

          
          
          <TextLine ID="eSc_line_1646523"
                    
                    BASELINE="234 2912 308 2923 574 2945 929 2959 1231 2963 1514 2977 1866 2974 2002 2981 2090 2992" 
                    HPOS="233.0"
                    VPOS="2862.0"
                    WIDTH="1855.0"
                    HEIGHT="173.0">
            <Shape><Polygon POINTS="233 2909 265 2862 301 2880 373 2870 427 2895 524 2884 714 2913 757 2895 796 2909 839 2895 864 2916 904 2902 925 2920 976 2887 1048 2916 1080 2905 1148 2909 1162 2923 1288 2923 1302 2909 1367 2930 1424 2902 1457 2930 1514 2923 1572 2941 1676 2941 1737 2913 1769 2945 1851 2945 1927 2923 1959 2938 2045 2934 2088 2991 2031 3031 1830 3009 1672 3035 1564 3027 1532 3009 1467 3031 1453 3013 1353 3024 1310 3002 1195 3006 1177 3020 1134 3002 1048 3009 1015 2995 976 3013 925 2991 796 3009 735 3006 714 2988 689 2999 649 2977 599 2991 344 2966 315 2981 279 2945 236 2930"/></Shape>
	    <String CONTENT="ויאמר ייי אל משה עבור לפני העם עבור על דבריהן ר&#39; יהודה אומ&#39; עבור"
                    HPOS="233.0"
                    VPOS="2862.0"
                    WIDTH="1855.0"
                    HEIGHT="173.0"></String>
          </TextLine>

          
          
          <TextLine ID="eSc_line_1646522"
                    
                    BASELINE="271 3031 351 3031 599 3049 1055 3063 1324 3063 1597 3078 1884 3078 2074 3067" 
                    HPOS="269.0"
                    VPOS="2966.0"
                    WIDTH="1801.0"
                    HEIGHT="165.0">
            <Shape><Polygon POINTS="269 3027 276 2966 308 2984 394 2970 455 2995 524 2984 581 3013 642 2974 714 3013 861 2995 922 3020 947 3002 1015 3020 1130 3002 1170 3024 1245 3024 1274 3006 1306 3027 1446 3017 1471 3035 1543 3013 1640 3038 1694 3024 1812 3038 1855 3017 1952 3035 2002 3024 2070 3063 2013 3117 1970 3103 1938 3131 1902 3110 1848 3106 1830 3121 1790 3106 1651 3124 1572 3110 1471 3131 1442 3113 1360 3117 1313 3099 1195 3110 1162 3085 1080 3110 1015 3110 969 3088 933 3113 825 3085 753 3103 703 3081 595 3099 520 3078 416 3088 401 3074 384 3092 319 3092 272 3045"/></Shape>
	    <String CONTENT="מהן שאתה מוציא להן את המים ˙ ור&#39; נחמיה או&#39; עבור על חטא שלהן ˙˙"
                    HPOS="269.0"
                    VPOS="2966.0"
                    WIDTH="1801.0"
                    HEIGHT="165.0"></String>
          </TextLine>

          
          
          <TextLine ID="eSc_line_1646528"
                    
                    BASELINE="234 3133 811 3160 1597 3171 2070 3171" 
                    HPOS="233.0"
                    VPOS="3081.0"
                    WIDTH="1834.0"
                    HEIGHT="147.0">
            <Shape><Polygon POINTS="233 3131 240 3081 366 3081 409 3103 437 3085 513 3085 549 3110 595 3113 735 3099 782 3117 929 3117 987 3096 1012 3117 1065 3121 1148 3096 1266 3121 1324 3103 1342 3128 1464 3117 1514 3131 1729 3135 1773 3110 1834 3131 1877 3110 1898 3135 1923 3135 1959 3113 2002 3113 2035 3139 2056 3128 2067 3167 2056 3203 1995 3203 1948 3228 1916 3207 1887 3225 1816 3207 1751 3225 1629 3196 1597 3214 1564 3203 1485 3217 1324 3200 1306 3214 1277 3192 1256 3214 1188 3210 1148 3185 1033 3189 1004 3207 943 3189 908 3207 796 3207 775 3182 728 3203 599 3203 430 3178 391 3189 369 3171 236 3171"/></Shape>
	    <String CONTENT="ד&#39;א&#39; עבור לפני העם ודגוישה ליה ימלל ˙ וקח אתך מזקני ישרﭏ לעדות"
                    HPOS="233.0"
                    VPOS="3081.0"
                    WIDTH="1834.0"
                    HEIGHT="147.0"></String>
          </TextLine>

          
        </TextBlock>
        

        
      </PrintSpace>
    </Page>
  </Layout>
</alto>
