<?xml version="1.0" encoding="UTF-8"?>
<alto xmlns:xsi="http://www.w3.org/2001/XMLSchema-instance"
      xmlns="http://www.loc.gov/standards/alto/ns-v4#"
      xsi:schemaLocation="http://www.loc.gov/standards/alto/ns-v4# http://www.loc.gov/standards/alto/v4/alto-4-2.xsd">
  <Description>
    <MeasurementUnit>pixel</MeasurementUnit>
    <sourceImageInformation>
      <fileName>bsb00084914_00433.jpg</fileName>
      
    </sourceImageInformation>
  </Description>
  
  <Tags>
    <OtherTag ID="BT1" LABEL="Title" DESCRIPTION="block type Title"/><OtherTag ID="BT2" LABEL="Main" DESCRIPTION="block type Main"/><OtherTag ID="BT3" LABEL="Commentary" DESCRIPTION="block type Commentary"/><OtherTag ID="BT4" LABEL="Illustration" DESCRIPTION="block type Illustration"/><OtherTag ID="BT844" LABEL="Margin" DESCRIPTION="block type Margin"/><OtherTag ID="BT845" LABEL="Paratext" DESCRIPTION="block type Paratext"/><OtherTag ID="BT978" LABEL="Hole" DESCRIPTION="block type Hole"/>
    <OtherTag ID="LT2" LABEL="Numbering" DESCRIPTION="line type Numbering"/><OtherTag ID="LT3" LABEL="Correction" DESCRIPTION="line type Correction"/>
  </Tags>
  
  <Layout>
    <Page WIDTH="3040"
          HEIGHT="4324"
          PHYSICAL_IMG_NR="432"
          ID="eSc_dummypage_">
      <PrintSpace HPOS="0"
                  VPOS="0"
                  WIDTH="3040"
                  HEIGHT="4324">
        
        <TextBlock HPOS="781.0"
                   VPOS="548.0"
                   WIDTH="1969.0"
                   HEIGHT="2694.0"
                   ID="eSc_textblock_11129"
                   TAGREFS="BT2">
          <Shape><Polygon POINTS="849 548 2750 601 2750 3242 781 3167"/></Shape>
          
          
          <TextLine ID="eSc_line_1655792"
                    
                    BASELINE="865 630 1518 655 1712 652 2106 670 2531 670 2738 659" 
                    HPOS="861.0"
                    VPOS="569.0"
                    WIDTH="1876.0"
                    HEIGHT="148.0">
            <Shape><Polygon POINTS="861 626 869 587 912 569 973 594 1002 580 1135 601 1655 601 1705 616 1792 616 1813 598 1871 619 1940 605 1968 616 2005 598 2145 598 2178 619 2264 601 2441 605 2473 623 2589 608 2664 612 2729 637 2737 655 2726 702 2423 695 2322 717 2257 695 2217 713 2001 709 1983 695 1853 706 1795 688 1752 702 1698 677 1644 691 1547 681 1503 695 1489 681 1410 695 1388 681 1312 691 1283 670 1247 681 1175 666 1125 688 1099 663 1045 677 959 659 930 681 887 681 865 659"/></Shape>
	    <String CONTENT="ניתנו במתנה לעולם ואילו הן התורה והמאורות והגשמים ˙ התורה מניין ויתן"
                    HPOS="861.0"
                    VPOS="569.0"
                    WIDTH="1876.0"
                    HEIGHT="148.0"></String>
          </TextLine>

          
          
          <TextLine ID="eSc_line_1655793"
                    
                    BASELINE="869 742 1121 738 1456 756 1590 756 1904 771 2738 763" 
                    HPOS="865.0"
                    VPOS="681.0"
                    WIDTH="1872.0"
                    HEIGHT="147.0">
            <Shape><Polygon POINTS="865 738 869 691 1262 695 1341 713 1456 699 1474 713 1579 717 1629 713 1680 681 1723 717 1972 717 1997 731 2116 731 2152 717 2174 735 2217 724 2250 691 2307 735 2358 706 2463 731 2491 709 2517 727 2596 731 2639 699 2664 713 2708 699 2737 760 2682 810 2582 825 2365 803 2300 821 2116 810 1997 828 1965 810 1821 814 1752 799 1727 810 1640 796 1622 814 1604 799 1363 799 1334 774 1247 796 1002 781 937 803 869 749"/></Shape>
	    <String CONTENT="אל משה ככלותו לדבר אתו בהר סיני שני לוחות העדות ˙ מאורות מניין ˙ []"
                    HPOS="865.0"
                    VPOS="681.0"
                    WIDTH="1872.0"
                    HEIGHT="147.0"></String>
          </TextLine>

          
          
          <TextLine ID="eSc_line_1655794"
                    
                    BASELINE="876 835 1384 853 1626 868 2037 872 2156 882 2279 886 2737 879" 
                    HPOS="872.0"
                    VPOS="792.0"
                    WIDTH="1861.0"
                    HEIGHT="170.0">
            <Shape><Polygon POINTS="872 832 876 803 1038 792 1265 792 1294 810 1428 803 1547 821 1676 810 1824 825 1871 807 1986 832 2095 814 2196 835 2228 821 2246 839 2304 843 2354 810 2390 832 2419 817 2585 832 2672 814 2733 875 2715 922 2646 918 2585 962 2517 922 2174 922 2131 944 2106 915 1857 915 1828 890 1770 926 1640 893 1485 900 1446 926 1406 897 1265 911 1200 882 1161 897 933 897 876 857"/></Shape>
	    <String CONTENT="ויתן אותם אלהים ברקיע השמים ˙ גשמים מניין ונתתי גשמיכם בעיתם"
                    HPOS="872.0"
                    VPOS="792.0"
                    WIDTH="1861.0"
                    HEIGHT="170.0"></String>
          </TextLine>

          
          
          <TextLine ID="eSc_line_1655795"
                    
                    BASELINE="883 951 1222 969 1474 969 1734 983 1979 987 2116 998 2657 1001 2738 992" 
                    HPOS="879.0"
                    VPOS="893.0"
                    WIDTH="1858.0"
                    HEIGHT="180.0">
            <Shape><Polygon POINTS="879 947 887 893 959 915 1103 915 1175 893 1269 918 1363 918 1384 904 1438 933 1525 900 1572 929 1651 933 1716 911 1748 936 1795 922 1846 940 1904 915 1932 936 1958 911 1983 911 2023 944 2091 933 2106 947 2188 951 2239 933 2268 958 2322 954 2365 918 2390 918 2419 951 2527 958 2553 936 2589 965 2708 926 2729 936 2737 990 2693 1034 2654 1026 2582 1048 2506 1037 2408 1073 2340 1030 2243 1044 2196 1026 2127 1052 2059 1023 1947 1034 1886 1012 1795 1034 1716 1016 1446 1019 1410 1001 1384 1012 1370 998 1305 998 1262 1037 1215 987 1139 987 1110 1008 1056 998 1013 1034 883 972"/></Shape>
	    <String CONTENT="ר&#39; יהושע בן לוי אמ&#39; אף השלום ˙ שנ&#39; ונתתי שלום בארץ ˙ ר&#39; יצחק בר"
                    HPOS="879.0"
                    VPOS="893.0"
                    WIDTH="1858.0"
                    HEIGHT="180.0"></String>
          </TextLine>

          
          
          <TextLine ID="eSc_line_1655796"
                    
                    BASELINE="888 1069 1016 1081 1453 1084 1860 1102 2030 1099 2455 1117 2643 1117 2731 1108" 
                    HPOS="887.0"
                    VPOS="994.0"
                    WIDTH="1842.0"
                    HEIGHT="177.0">
            <Shape><Polygon POINTS="887 1066 894 1023 908 1030 930 1008 1006 1037 1161 1037 1218 994 1258 1034 1309 1041 1366 998 1384 1016 1420 1001 1456 1041 1514 1023 1575 1048 1709 1037 1734 1052 1763 1034 1871 1055 1900 1026 1979 1044 2005 1019 2069 1055 2152 1066 2217 1066 2275 1041 2344 1066 2448 1066 2495 1044 2517 1066 2549 1048 2603 1070 2682 1059 2708 1037 2722 1044 2729 1106 2719 1149 2701 1135 2646 1153 2618 1135 2553 1171 2527 1149 2495 1160 2437 1145 2398 1160 2365 1142 2279 1138 2185 1153 2145 1142 2124 1160 1958 1127 1914 1145 1857 1113 1813 1135 1763 1135 1738 1160 1702 1131 1601 1138 1561 1117 1510 1149 1478 1120 1334 1109 1071 1117 1034 1145 890 1088"/></Shape>
	    <String CONTENT="מריון אמ&#39; פרישת&#39; ים הגדול דא&#39;ר&#39; יצחק בר מריון אילולי שכת&#39; הנותן בים"
                    HPOS="887.0"
                    VPOS="994.0"
                    WIDTH="1842.0"
                    HEIGHT="177.0"></String>
          </TextLine>

          
          
          <TextLine ID="eSc_line_1655797"
                    
                    BASELINE="888 1188 1038 1181 1117 1189 1269 1189 1521 1199 1810 1199 2106 1217 2607 1214 2731 1221" 
                    HPOS="887.0"
                    VPOS="1113.0"
                    WIDTH="1842.0"
                    HEIGHT="166.0">
            <Shape><Polygon POINTS="887 1185 890 1113 915 1131 973 1127 1027 1145 1089 1124 1114 1138 1247 1142 1294 1113 1327 1145 1575 1142 1611 1160 1936 1149 1979 1163 2048 1160 2062 1145 2221 1171 2289 1145 2434 1174 2719 1167 2729 1217 2618 1279 2596 1257 2571 1271 2553 1257 2426 1246 2192 1261 2120 1239 2023 1261 2005 1243 1849 1243 1828 1228 1651 1246 1615 1246 1593 1225 1565 1239 1413 1228 1370 1250 1276 1217 1045 1228 962 1214 941 1228 890 1192"/></Shape>
	    <String CONTENT="דרך ובמים עזים נתיבה כיון שהיה אדם מפריש בים הגדול מיד הוא מת ˙"
                    HPOS="887.0"
                    VPOS="1113.0"
                    WIDTH="1842.0"
                    HEIGHT="166.0"></String>
          </TextLine>

          
          
          <TextLine ID="eSc_line_1655798"
                    
                    BASELINE="881 1286 1280 1286 1557 1300 1842 1304 2073 1315 2545 1315 2731 1321" 
                    HPOS="879.0"
                    VPOS="1225.0"
                    WIDTH="1850.0"
                    HEIGHT="158.0">
            <Shape><Polygon POINTS="879 1282 883 1232 930 1228 966 1243 1089 1232 1222 1246 1291 1225 1316 1246 1345 1232 1438 1246 1453 1232 1496 1250 1767 1261 1821 1232 1849 1261 1914 1250 1968 1264 2001 1246 2023 1268 2124 1268 2174 1250 2192 1268 2311 1282 2426 1250 2477 1279 2506 1257 2545 1282 2643 1279 2675 1246 2701 1246 2729 1318 2690 1351 2646 1344 2517 1383 2488 1354 2444 1351 2369 1351 2329 1372 2304 1347 2127 1354 2055 1340 1983 1354 1882 1336 1828 1365 1777 1326 1658 1362 1626 1329 1492 1354 1456 1322 1355 1344 1330 1322 955 1322 883 1297"/></Shape>
	    <String CONTENT="ר&#39; יונתן אמ&#39; אף הישועה שנ&#39; ותתן לי מגן ישעך ˙ רבנו אמ&#39; אף הרחמנים"
                    HPOS="879.0"
                    VPOS="1225.0"
                    WIDTH="1850.0"
                    HEIGHT="158.0"></String>
          </TextLine>

          
          
          <TextLine ID="eSc_line_1655799"
                    
                    BASELINE="948 1369 1139 1387 1265 1387 1622 1405 1770 1401 2037 1416 2731 1416" 
                    HPOS="944.0"
                    VPOS="1318.0"
                    WIDTH="1785.0"
                    HEIGHT="155.0">
            <Shape><Polygon POINTS="944 1365 948 1344 1034 1318 1287 1347 1327 1329 1363 1351 1456 1322 1492 1358 1651 1362 1705 1362 1727 1340 1777 1333 1835 1365 1882 1336 1947 1365 2073 1336 2142 1376 2199 1372 2235 1347 2300 1344 2329 1376 2365 1358 2452 1372 2484 1351 2524 1387 2600 1380 2657 1344 2729 1412 2675 1448 2488 1473 2459 1444 2369 1462 2333 1448 2293 1459 2279 1444 2113 1452 2080 1434 1997 1462 1878 1426 1716 1441 1644 1419 1539 1437 1395 1416 1341 1444 1316 1419 1247 1437 1226 1416 1103 1419 1042 1401 991 1416 948 1394"/></Shape>
	    <String CONTENT="שנ&#39; ויתן אותם לרחמים לפני כל שוביהם ˙ ויש או&#39; אף נקמה באדום"
                    HPOS="944.0"
                    VPOS="1318.0"
                    WIDTH="1785.0"
                    HEIGHT="155.0"></String>
          </TextLine>

          
          
          <TextLine ID="eSc_line_1655800"
                    
                    BASELINE="875 1480 970 1473 1128 1473 1446 1488 1684 1488 2005 1506 2592 1506 2740 1495" 
                    HPOS="872.0"
                    VPOS="1383.0"
                    WIDTH="1865.0"
                    HEIGHT="177.0">
            <Shape><Polygon POINTS="872 1477 879 1394 919 1383 988 1419 1157 1412 1294 1444 1370 1444 1420 1419 1464 1430 1514 1477 1550 1452 1590 1455 1619 1426 1648 1426 1673 1441 1745 1434 1767 1455 1821 1434 1875 1437 1900 1462 1940 1466 2033 1462 2087 1437 2113 1452 2250 1448 2286 1470 2329 1448 2354 1466 2448 1448 2488 1477 2592 1473 2650 1444 2701 1459 2737 1491 2701 1549 2600 1531 2578 1549 2506 1556 2430 1535 2322 1542 2289 1560 2250 1538 1853 1542 1774 1513 1698 1531 1536 1502 1341 1524 1309 1542 1254 1513 1197 1506 1006 1509 973 1527 876 1480"/></Shape>
	    <String CONTENT="הה&#39;ד&#39; ונתתי את נקמתי באדום ביד עמי ישרﭏ ˙ ונתתי גשמיכם בעיתם"
                    HPOS="872.0"
                    VPOS="1383.0"
                    WIDTH="1865.0"
                    HEIGHT="177.0"></String>
          </TextLine>

          
          
          <TextLine ID="eSc_line_1655806"
                    
                    BASELINE="875 1557 1777 1592 2030 1589 2243 1599 2722 1592" 
                    HPOS="872.0"
                    VPOS="1502.0"
                    WIDTH="1847.0"
                    HEIGHT="151.0">
            <Shape><Polygon POINTS="872 1556 879 1527 919 1502 977 1527 1009 1509 1038 1509 1060 1531 1190 1509 1229 1535 1406 1542 1485 1513 1694 1531 1777 1520 1828 1549 1936 1531 2026 1560 2051 1538 2192 1538 2228 1556 2246 1538 2304 1567 2567 1563 2600 1535 2621 1545 2657 1531 2719 1589 2708 1621 2675 1635 2174 1643 2037 1617 2008 1635 1889 1625 1828 1653 1799 1625 1748 1643 1730 1625 1536 1614 1474 1635 1446 1614 1323 1614 1298 1596 1211 1610 1179 1592 1110 1614 1092 1596 894 1599 876 1578"/></Shape>
	    <String CONTENT="כלילי שבתות וברביעי&#39; בימי שמעון בן שטח היו גשמים יורדי&#39; עד שנעשו"
                    HPOS="872.0"
                    VPOS="1502.0"
                    WIDTH="1847.0"
                    HEIGHT="151.0"></String>
          </TextLine>

          
          
          <TextLine ID="eSc_line_1655807"
                    
                    BASELINE="887 1657 1117 1675 1388 1675 1785 1693 2721 1693" 
                    HPOS="883.0"
                    VPOS="1596.0"
                    WIDTH="1836.0"
                    HEIGHT="155.0">
            <Shape><Polygon POINTS="883 1653 901 1599 1049 1610 1092 1596 1135 1625 1193 1607 1215 1628 1337 1643 1453 1628 1633 1643 1648 1628 1705 1628 1723 1646 1774 1650 1799 1628 1828 1653 1857 1632 1904 1628 1936 1643 2048 1632 2127 1646 2250 1639 2268 1653 2322 1643 2354 1657 2466 1635 2708 1632 2719 1689 2701 1729 2603 1725 2578 1744 2470 1729 2372 1744 2282 1722 2264 1736 2217 1725 2174 1751 2156 1736 2124 1747 2106 1729 1824 1718 1788 1736 1662 1715 1554 1722 1529 1704 1503 1718 1449 1700 1341 1718 1316 1700 1294 1715 1038 1693 908 1700 887 1682"/></Shape>
	    <String CONTENT="חטין ככליות ושעורין כגרעיני זתים ועדשים כדינרי זהב צדו מהם חכמים"
                    HPOS="883.0"
                    VPOS="1596.0"
                    WIDTH="1836.0"
                    HEIGHT="155.0"></String>
          </TextLine>

          
          
          <TextLine ID="eSc_line_1655808"
                    
                    BASELINE="840 1754 1265 1765 1532 1780 1734 1776 2033 1794 2721 1787" 
                    HPOS="836.0"
                    VPOS="1689.0"
                    WIDTH="1883.0"
                    HEIGHT="155.0">
            <Shape><Polygon POINTS="836 1751 879 1689 962 1715 1034 1689 1060 1704 1262 1718 1319 1707 1777 1736 1925 1725 1994 1744 2106 1729 2127 1751 2152 1736 2196 1751 2289 1722 2380 1747 2679 1733 2711 1747 2719 1783 2675 1830 2574 1823 2408 1844 2257 1819 1972 1830 1741 1812 1658 1837 1572 1805 1348 1816 1067 1798 1042 1772 1009 1794 973 1783 905 1798 872 1794 840 1765"/></Shape>
	    <String CONTENT="והניחום דיגמא לדורות לידע במה חטא גורם שנ&#39; עונותיכם הטו אלה [וחט&#39;]"
                    HPOS="836.0"
                    VPOS="1689.0"
                    WIDTH="1883.0"
                    HEIGHT="155.0"></String>
          </TextLine>

          
          
          <TextLine ID="eSc_line_1655809"
                    
                    BASELINE="869 1852 1063 1852 1723 1880 2567 1877 2679 1884 2721 1892" 
                    HPOS="865.0"
                    VPOS="1780.0"
                    WIDTH="1854.0"
                    HEIGHT="158.0">
            <Shape><Polygon POINTS="865 1848 869 1790 883 1805 955 1801 980 1783 1016 1794 1042 1780 1067 1805 1388 1808 1503 1826 1622 1816 1655 1834 2174 1826 2408 1844 2452 1830 2701 1826 2719 1891 2693 1927 2657 1906 2636 1924 2491 1931 2401 1913 2325 1934 2091 1916 2055 1938 2033 1916 1932 1916 1889 1938 1864 1913 1669 1909 1651 1895 1626 1909 1525 1906 1478 1927 1460 1909 1363 1888 1305 1902 1283 1880 1233 1906 1161 1888 1063 1895 1027 1877 970 1888 915 1873 887 1888 869 1870"/></Shape>
	    <String CONTENT="וחטאתיכם מנעו הטוב מכס כך היו הרודים היו גשמים יורדים בלילה"
                    HPOS="865.0"
                    VPOS="1780.0"
                    WIDTH="1854.0"
                    HEIGHT="158.0"></String>
          </TextLine>

          
          
          <TextLine ID="eSc_line_1655810"
                    
                    BASELINE="825 1938 1229 1953 1395 1963 1597 1963 2015 1981 2721 1971" 
                    HPOS="822.0"
                    VPOS="1884.0"
                    WIDTH="1897.0"
                    HEIGHT="141.0">
            <Shape><Polygon POINTS="822 1934 858 1891 887 1898 908 1884 1233 1906 1359 1888 1474 1927 1514 1913 1842 1913 1886 1942 1932 1924 2030 1924 2051 1938 2077 1924 2275 1927 2307 1942 2589 1931 2636 1927 2661 1906 2719 1967 2675 2017 2333 2025 2174 2007 2131 2021 1738 1999 1529 2007 1482 1992 1334 2010 1244 1985 1096 2003 1020 1978 908 1978 869 2007 825 1963"/></Shape>
	    <String CONTENT="לשחרית נשבה הרוח ונתפזרו העבים וזרחה החמה ונתגנבה ונתנגבה הארץ"
                    HPOS="822.0"
                    VPOS="1884.0"
                    WIDTH="1897.0"
                    HEIGHT="141.0"></String>
          </TextLine>

          
          
          <TextLine ID="eSc_line_1655811"
                    
                    BASELINE="807 2043 1009 2053 1265 2050 1705 2068 1878 2064 2069 2079 2232 2082 2621 2079 2721 2085" 
                    HPOS="804.0"
                    VPOS="1981.0"
                    WIDTH="1915.0"
                    HEIGHT="148.0">
            <Shape><Polygon POINTS="804 2039 840 2007 988 1981 1099 2003 1269 1989 1330 2014 1478 1992 1510 2010 1608 2007 1640 2021 1734 2003 1853 2021 1986 2010 2127 2025 2163 2007 2192 2035 2235 2025 2250 2039 2293 2021 2376 2035 2444 2021 2502 2032 2520 2017 2675 2025 2719 2082 2672 2122 2452 2115 2405 2129 2322 2111 2210 2122 2185 2104 1940 2111 1925 2097 1900 2115 1810 2100 1723 2111 1662 2107 1637 2086 1608 2104 1377 2104 1269 2086 1060 2093 919 2075 836 2089 807 2064"/></Shape>
	    <String CONTENT="ויוצאים איש איש למלאכתו ויודעים שיש מלכות שמים במעשה ידיהם"
                    HPOS="804.0"
                    VPOS="1981.0"
                    WIDTH="1915.0"
                    HEIGHT="148.0"></String>
          </TextLine>

          
          
          <TextLine ID="eSc_line_1655814"
                    
                    BASELINE="829 2136 1337 2151 1583 2165 1911 2169 2163 2183 2488 2180 2569 2185" 
                    HPOS="825.0"
                    VPOS="2082.0"
                    WIDTH="1742.0"
                    HEIGHT="155.0">
            <Shape><Polygon POINTS="825 2133 865 2097 915 2082 1597 2111 1637 2086 1662 2107 1723 2115 1896 2118 1922 2097 1943 2115 2069 2111 2131 2129 2170 2115 2188 2129 2322 2122 2383 2140 2545 2122 2567 2183 2527 2226 2401 2223 2354 2237 2250 2208 1994 2219 1968 2201 1886 2201 1828 2223 1716 2190 1536 2201 1503 2180 1456 2201 1391 2172 1363 2198 1276 2190 1265 2176 1182 2190 1128 2165 1081 2198 1038 2172 858 2190 829 2180"/></Shape>
	    <String CONTENT="ונתתי גשמיכם בעיתם ולא גשמי כל הארצות ומה אני מקיים ונבדנו"
                    HPOS="825.0"
                    VPOS="2082.0"
                    WIDTH="1742.0"
                    HEIGHT="155.0"></String>
          </TextLine>

          
          
          <TextLine ID="eSc_line_1655812"
                    
                    BASELINE="861 2234 1319 2255 1529 2252 1831 2266 2142 2270 2268 2280 2556 2284 2721 2274" 
                    HPOS="858.0"
                    VPOS="2169.0"
                    WIDTH="1861.0"
                    HEIGHT="162.0">
            <Shape><Polygon POINTS="858 2230 876 2180 1031 2183 1074 2205 1121 2169 1229 2208 1276 2194 1355 2205 1391 2172 1482 2208 1687 2201 1842 2226 1936 2205 1990 2223 2275 2219 2354 2241 2408 2226 2524 2234 2571 2194 2600 2223 2711 2219 2719 2273 2654 2327 2625 2298 2600 2316 2545 2306 2390 2331 2344 2313 2109 2316 2069 2295 1947 2309 1922 2291 1687 2302 1604 2288 1565 2313 1532 2277 1467 2295 1420 2280 1301 2291 1132 2273 861 2273"/></Shape>
	    <String CONTENT="כך כל משפחות האדמה שיהא שובע בארץ ישרﭏ ורעב בכל המדינות"
                    HPOS="858.0"
                    VPOS="2169.0"
                    WIDTH="1861.0"
                    HEIGHT="162.0"></String>
          </TextLine>

          
          
          <TextLine ID="eSc_line_1655815"
                    
                    BASELINE="812 2322 840 2334 912 2342 1262 2338 1565 2352 1824 2352 2077 2367 2600 2367 2721 2373" 
                    HPOS="811.0"
                    VPOS="2277.0"
                    WIDTH="1908.0"
                    HEIGHT="151.0">
            <Shape><Polygon POINTS="811 2320 818 2280 854 2277 879 2291 901 2277 1153 2295 1179 2277 1399 2298 1547 2291 1565 2309 1810 2291 1954 2316 2084 2309 2279 2331 2542 2313 2574 2327 2628 2298 2654 2324 2711 2313 2719 2370 2672 2414 2473 2414 2437 2399 2416 2410 2390 2392 2369 2410 2214 2428 2163 2396 2041 2407 1857 2389 1806 2414 1781 2389 1705 2399 1298 2374 1254 2403 1226 2374 1045 2374 995 2389 977 2370 930 2370 876 2392 814 2360"/></Shape>
	    <String CONTENT="ויהיו באים ושוברין מכם ומעשרין אתכם בכספים כעניין שנ&#39; ביוסף וילקט"
                    HPOS="811.0"
                    VPOS="2277.0"
                    WIDTH="1908.0"
                    HEIGHT="151.0"></String>
          </TextLine>

          
          
          <TextLine ID="eSc_line_1655816"
                    
                    BASELINE="833 2439 1323 2439 1666 2453 2012 2457 2304 2471 2607 2468 2721 2459" 
                    HPOS="829.0"
                    VPOS="2370.0"
                    WIDTH="1890.0"
                    HEIGHT="155.0">
            <Shape><Polygon POINTS="829 2435 865 2392 919 2378 1092 2392 1168 2370 1208 2389 1229 2381 1254 2403 1291 2385 1781 2399 1803 2414 2026 2399 2210 2428 2354 2417 2394 2392 2437 2421 2708 2410 2719 2457 2650 2507 2545 2525 2524 2504 2437 2515 2304 2493 2279 2515 2225 2518 2203 2500 2080 2489 1860 2493 1824 2515 1795 2486 1720 2500 1586 2493 1500 2482 1478 2464 1435 2493 1410 2475 1294 2489 1269 2464 1150 2482 1009 2471 980 2489 944 2457 861 2457 833 2435"/></Shape>
	    <String CONTENT="יוסף את כל הכסף הנמצא בארץ מצרים ובארץ כנען ואמ&#39; וכימיך"
                    HPOS="829.0"
                    VPOS="2370.0"
                    WIDTH="1890.0"
                    HEIGHT="155.0"></String>
          </TextLine>

          
          
          <TextLine ID="eSc_line_1655817"
                    
                    BASELINE="793 2533 952 2525 1287 2540 1557 2540 1853 2554 2048 2554 2307 2565 2596 2565 2721 2551" 
                    HPOS="789.0"
                    VPOS="2461.0"
                    WIDTH="1930.0"
                    HEIGHT="165.0">
            <Shape><Polygon POINTS="789 2529 793 2471 843 2461 955 2471 973 2489 1027 2471 1172 2486 1265 2464 1291 2493 1428 2493 1478 2464 1514 2493 1792 2493 1824 2515 1878 2497 2282 2515 2311 2497 2344 2522 2491 2511 2560 2525 2628 2504 2650 2518 2708 2515 2719 2547 2701 2598 2600 2605 2571 2626 2513 2601 2372 2612 2304 2590 2268 2605 1810 2587 1763 2601 1705 2594 1687 2576 1507 2583 1388 2569 1355 2590 1319 2565 1211 2561 1193 2576 1139 2561 1016 2565 980 2587 948 2565 793 2558"/></Shape>
	    <String CONTENT="דבאך שיהו כל הארצות דובאות כסף ומביאות לארץ ישר&#39; עד כמה גשמים"
                    HPOS="789.0"
                    VPOS="2461.0"
                    WIDTH="1930.0"
                    HEIGHT="165.0"></String>
          </TextLine>

          
          
          <TextLine ID="eSc_line_1655813"
                    
                    BASELINE="829 2616 1319 2626 1586 2644 1839 2644 2163 2659 2712 2659" 
                    HPOS="825.0"
                    VPOS="2561.0"
                    WIDTH="1886.0"
                    HEIGHT="163.0">
            <Shape><Polygon POINTS="825 2612 829 2569 851 2565 876 2579 948 2561 995 2587 1143 2561 1182 2579 1319 2572 1355 2594 1381 2572 1622 2594 1684 2576 1767 2605 1853 2590 1918 2601 1943 2587 1983 2605 2109 2594 2145 2612 2282 2612 2318 2598 2376 2616 2538 2608 2556 2626 2654 2601 2711 2655 2682 2691 2563 2702 2524 2724 2491 2702 2307 2706 2232 2688 2156 2702 2073 2680 2012 2698 1979 2677 1954 2691 1777 2691 1752 2673 1575 2684 1226 2659 1045 2680 1020 2655 879 2648 854 2662 829 2637"/></Shape>
	    <String CONTENT="הארץ עושה ר&#39; מאיר ור&#39; יוסי ר&#39; מאיר אמ&#39; עד שנים ˙ ר&#39; יוסי אמ&#39; עד שלשה ˙"
                    HPOS="825.0"
                    VPOS="2561.0"
                    WIDTH="1886.0"
                    HEIGHT="163.0"></String>
          </TextLine>

          
          
          <TextLine ID="eSc_line_1655802"
                    
                    BASELINE="840 2720 1262 2727 1510 2742 1799 2742 2239 2760 2509 2760 2712 2750" 
                    HPOS="836.0"
                    VPOS="2648.0"
                    WIDTH="1875.0"
                    HEIGHT="162.0">
            <Shape><Polygon POINTS="836 2716 843 2666 890 2648 1045 2684 1316 2662 1337 2680 1575 2691 1640 2670 1694 2702 1752 2677 1785 2695 1896 2702 1965 2691 2376 2713 2401 2698 2538 2720 2675 2691 2711 2749 2682 2796 2607 2785 2567 2806 2481 2796 2444 2810 2192 2803 2124 2781 2033 2796 2008 2774 1972 2792 1849 2796 1785 2778 1738 2799 1666 2778 1572 2792 1489 2774 1377 2792 1276 2767 1204 2792 1182 2770 883 2763 840 2720"/></Shape>
	    <String CONTENT="ר&#39; מאיר אמ&#39; עד שנים יורה במרחשון ומלקוש כניסן ˙ ר&#39; יוסי אומ&#39; עד [של&#39;]"
                    HPOS="836.0"
                    VPOS="2648.0"
                    WIDTH="1875.0"
                    HEIGHT="162.0"></String>
          </TextLine>

          
          
          <TextLine ID="eSc_line_1655804"
                    
                    BASELINE="847 2810 1604 2832 1835 2846 2712 2846" 
                    HPOS="843.0"
                    VPOS="2767.0"
                    WIDTH="1868.0"
                    HEIGHT="133.0">
            <Shape><Polygon POINTS="843 2806 879 2767 1179 2774 1200 2796 1319 2770 1373 2788 1492 2778 1521 2792 1720 2788 1745 2803 1781 2788 1976 2799 2015 2781 2033 2799 2491 2817 2574 2810 2610 2781 2636 2799 2701 2799 2711 2843 2668 2886 2538 2900 2491 2868 2444 2897 2362 2900 2167 2879 2138 2897 2012 2882 1965 2893 1940 2868 1767 2889 1741 2864 1687 2893 1666 2875 1485 2875 1337 2850 1294 2864 1204 2846 1150 2861 1103 2843 1063 2868 1049 2853 923 2853 847 2814"/></Shape>
	    <String CONTENT="שלשה יורה במרחשון ומלקוש בניסן וגשמים באמצע שנ&#39; ונתן מטר"
                    HPOS="843.0"
                    VPOS="2767.0"
                    WIDTH="1868.0"
                    HEIGHT="133.0"></String>
          </TextLine>

          
          
          <TextLine ID="eSc_line_1655805"
                    
                    BASELINE="844 2910 944 2907 1287 2918 1482 2918 1658 2929 1958 2933 2304 2947 2712 2940" 
                    HPOS="843.0"
                    VPOS="2843.0"
                    WIDTH="1868.0"
                    HEIGHT="162.0">
            <Shape><Polygon POINTS="843 2907 847 2879 883 2857 973 2850 1074 2875 1107 2843 1168 2864 1204 2843 1229 2864 1334 2853 1413 2871 1669 2879 1738 2900 1774 2882 1839 2889 1932 2871 1972 2893 2124 2900 2170 2882 2246 2900 2444 2900 2491 2871 2531 2904 2701 2897 2711 2936 2701 2969 2596 2983 2556 3005 2538 2987 2466 2994 2398 2976 2336 2994 2116 2983 2098 2969 1950 2987 1914 2965 1781 2994 1756 2969 1694 2958 1521 2961 1399 2936 1373 2961 1244 2954 1226 2940 1125 2940 1096 2961 1056 2940 1006 2947 847 2922"/></Shape>
	    <String CONTENT="זרעך ולחם עבודת האדמה וגו&#39; ˙ רבנן אמ&#39; עד חמשה שנ&#39; כי לשלג יאמר הוי"
                    HPOS="843.0"
                    VPOS="2843.0"
                    WIDTH="1868.0"
                    HEIGHT="162.0"></String>
          </TextLine>

          
          
          <TextLine ID="eSc_line_1655803"
                    
                    BASELINE="844 2994 1247 3005 1460 3019 1593 3019 2293 3048 2610 3048 2708 3037" 
                    HPOS="843.0"
                    VPOS="2922.0"
                    WIDTH="1861.0"
                    HEIGHT="176.0">
            <Shape><Polygon POINTS="843 2990 851 2929 876 2922 915 2943 1089 2958 1125 2943 1341 2951 1363 2965 1424 2947 1611 2972 1680 2958 1727 2976 1756 2969 1781 2990 1904 2972 1961 2994 1990 2972 2030 2972 2174 2997 2441 2987 2578 3001 2682 2976 2704 3034 2672 3077 2632 3084 2603 3066 2567 3098 2524 3084 2253 3077 2170 3098 2073 3070 1857 3080 1748 3066 1723 3044 1673 3066 1586 3066 1305 3041 1251 3055 1027 3044 991 3030 937 3041 919 3023 876 3041 847 3019"/></Shape>
	    <String CONTENT="ארץ וגשם מטר וגשם מטרות עוזו ˙ ר&#39; דוסתאי ב&#39;ר&#39; ינאי עד שבעה כי [ל&#39;]"
                    HPOS="843.0"
                    VPOS="2922.0"
                    WIDTH="1861.0"
                    HEIGHT="176.0"></String>
          </TextLine>

          
          
          <TextLine ID="eSc_line_1655801"
                    
                    BASELINE="844 3100 2246 3145 2712 3149" 
                    HPOS="843.0"
                    VPOS="3062.0"
                    WIDTH="1868.0"
                    HEIGHT="130.0">
            <Shape><Polygon POINTS="843 3098 851 3062 1413 3062 1428 3077 1543 3062 1730 3084 1799 3073 1878 3091 1911 3073 1976 3091 2048 3077 2113 3095 2152 3080 2167 3095 2217 3084 2264 3102 2293 3084 2362 3102 2434 3088 2488 3102 2704 3095 2711 3145 2686 3188 2632 3178 2618 3192 2470 3192 2455 3178 2347 3188 2297 3170 2275 3185 2232 3170 1932 3174 1846 3156 1720 3170 1702 3156 1611 3149 1586 3163 1539 3145 1464 3163 1442 3142 1381 3156 1323 3138 1233 3149 1197 3134 1024 3131 962 3145 944 3131 933 3142 847 3127"/></Shape>
	    <String CONTENT="כי לשלג יאמר הוי ארץ וגשם מטר וגשם מטרות עוזו הרי חמשה ˙ ויורה"
                    HPOS="843.0"
                    VPOS="3062.0"
                    WIDTH="1868.0"
                    HEIGHT="130.0"></String>
          </TextLine>

          
        </TextBlock>
        

        
      </PrintSpace>
    </Page>
  </Layout>
</alto>
