<?xml version="1.0" encoding="UTF-8"?>
<alto xmlns:xsi="http://www.w3.org/2001/XMLSchema-instance"
      xmlns="http://www.loc.gov/standards/alto/ns-v4#"
      xsi:schemaLocation="http://www.loc.gov/standards/alto/ns-v4# http://www.loc.gov/standards/alto/v4/alto-4-2.xsd">
  <Description>
    <MeasurementUnit>pixel</MeasurementUnit>
    <sourceImageInformation>
      <fileName>bsb00084914_00183.jpg</fileName>
      
    </sourceImageInformation>
  </Description>
  
  <Tags>
    <OtherTag ID="BT1" LABEL="Title" DESCRIPTION="block type Title"/><OtherTag ID="BT2" LABEL="Main" DESCRIPTION="block type Main"/><OtherTag ID="BT3" LABEL="Commentary" DESCRIPTION="block type Commentary"/><OtherTag ID="BT4" LABEL="Illustration" DESCRIPTION="block type Illustration"/><OtherTag ID="BT844" LABEL="Margin" DESCRIPTION="block type Margin"/><OtherTag ID="BT845" LABEL="Paratext" DESCRIPTION="block type Paratext"/><OtherTag ID="BT978" LABEL="Hole" DESCRIPTION="block type Hole"/>
    <OtherTag ID="LT2" LABEL="Numbering" DESCRIPTION="line type Numbering"/><OtherTag ID="LT3" LABEL="Correction" DESCRIPTION="line type Correction"/>
  </Tags>
  
  <Layout>
    <Page WIDTH="3132"
          HEIGHT="4306"
          PHYSICAL_IMG_NR="182"
          ID="eSc_dummypage_">
      <PrintSpace HPOS="0"
                  VPOS="0"
                  WIDTH="3132"
                  HEIGHT="4306">
        
        <TextBlock HPOS="954.0"
                   VPOS="662.0"
                   WIDTH="1810.0"
                   HEIGHT="2705.0"
                   ID="eSc_textblock_10699"
                   TAGREFS="BT2">
          <Shape><Polygon POINTS="954 697 2753 662 2764 3332 972 3367"/></Shape>
          
          
          <TextLine ID="eSc_line_1648462"
                    
                    BASELINE="944 742 2280 757 2743 732" 
                    HPOS="941.0"
                    VPOS="685.0"
                    WIDTH="1799.0"
                    HEIGHT="118.0">
            <Shape><Polygon POINTS="941 739 944 703 962 692 1016 710 1055 696 1081 710 1124 696 1178 706 1203 692 1239 710 1307 710 1361 692 1415 706 1433 688 1512 685 1591 685 1616 710 1648 696 1727 710 1752 688 1853 710 1889 685 1928 714 2115 714 2140 692 2194 714 2273 685 2341 703 2410 688 2460 706 2524 685 2564 706 2593 685 2718 685 2740 728 2729 775 2524 775 2499 793 2435 778 2374 803 2237 803 2223 789 2180 803 1986 803 1961 785 1917 803 1821 803 1792 775 1734 796 1702 778 1673 796 1591 771 1544 775 1512 800 1476 800 1433 771 1372 800 1267 775 1224 800 1196 778 1138 796 1106 771 1073 793 944 771"/></Shape>
	    <String CONTENT="להכות את שונאו והכה את אוהבו לא שמענו ˙ ת&#39;ל&#39; וכי ינצו אנשי&#39; וגו&#39; ˙ ואם"
                    HPOS="941.0"
                    VPOS="685.0"
                    WIDTH="1799.0"
                    HEIGHT="118.0"></String>
          </TextLine>

          
          
          <TextLine ID="eSc_line_1648463"
                    
                    BASELINE="951 836 1551 854 2338 854 2499 846 2743 819" 
                    HPOS="948.0"
                    VPOS="753.0"
                    WIDTH="1792.0"
                    HEIGHT="183.0">
            <Shape><Polygon POINTS="948 832 951 778 998 775 1034 796 1095 785 1113 803 1167 785 1188 800 1307 785 1321 800 1386 789 1404 807 1429 782 1476 803 1537 785 1684 800 1713 782 1738 803 1864 814 1896 800 1917 818 1964 793 1986 814 2050 825 2076 810 2104 818 2129 793 2226 818 2334 800 2370 818 2399 789 2445 807 2535 785 2575 796 2700 753 2729 771 2740 818 2675 868 2629 868 2607 889 2575 864 2539 882 2517 868 2467 875 2435 907 2388 882 2313 911 2194 889 2115 911 2068 900 2032 936 1986 893 1889 893 1860 915 1842 897 1774 893 1745 911 1727 893 1616 882 1354 879 1307 897 1275 879 1257 897 1231 882 1124 889 1052 875 1020 889 951 843"/></Shape>
	    <String CONTENT="אסון יהיה וגו&#39; ˙ בא הכת&#39; ללמדך על המתכוין להכות את שונאו והכה את [או&#39;]"
                    HPOS="948.0"
                    VPOS="753.0"
                    WIDTH="1792.0"
                    HEIGHT="183.0"></String>
          </TextLine>

          
          
          <TextLine ID="eSc_line_1648464"
                    
                    BASELINE="923 940 1454 940 1781 954 2381 954 2743 916" 
                    HPOS="919.0"
                    VPOS="854.0"
                    WIDTH="1821.0"
                    HEIGHT="157.0">
            <Shape><Polygon POINTS="919 936 923 889 958 854 1002 889 1063 871 1138 904 1214 889 1257 904 1336 889 1354 904 1375 886 1418 893 1451 879 1555 904 1724 889 1759 907 1810 893 1860 918 1900 893 1957 918 1997 907 2025 936 2065 900 2151 918 2201 889 2259 918 2320 918 2381 893 2413 915 2456 889 2481 904 2514 871 2535 886 2560 871 2604 897 2697 861 2740 915 2668 976 2639 965 2614 979 2600 965 2560 983 2499 979 2481 997 2431 976 2320 1011 2291 990 2262 1008 2226 983 2151 1011 2122 990 2000 986 1957 1011 1921 986 1896 1008 1856 972 1828 990 1803 976 1774 997 1623 976 1530 983 1512 1001 1472 968 1393 986 1300 972 1260 986 1221 968 1185 993 1088 979 1066 958 1030 976 966 976 926 936"/></Shape>
	    <String CONTENT="אוהבו שהוא במיתה לכך נאמ&#39; פרש&#39; ר&#39; אומ&#39; המתכוין להכות והכה פטור אבל"
                    HPOS="919.0"
                    VPOS="854.0"
                    WIDTH="1821.0"
                    HEIGHT="157.0"></String>
          </TextLine>

          
          
          <TextLine ID="eSc_line_1648485"
                    
                    BASELINE="933 1040 1041 1033 1548 1037 1810 1051 2226 1054 2586 1029 2733 1001" 
                    HPOS="930.0"
                    VPOS="958.0"
                    WIDTH="1799.0"
                    HEIGHT="150.0">
            <Shape><Polygon POINTS="930 1037 1002 976 1052 968 1178 993 1221 968 1260 990 1285 972 1350 990 1469 972 1501 1001 1544 983 1583 1001 1666 986 1777 1008 1853 1001 1867 1015 1921 997 1950 1015 1975 1001 2032 1015 2065 993 2115 1015 2201 1019 2241 1001 2320 1011 2356 986 2392 1001 2431 976 2481 1004 2697 958 2729 997 2700 1044 2629 1047 2614 1065 2586 1058 2521 1087 2381 1076 2352 1101 2287 1080 2226 1105 2043 1083 2014 1108 1979 1083 1939 1108 1882 1080 1842 1101 1813 1072 1706 1076 1691 1090 1605 1076 1587 1090 1562 1065 1522 1101 1458 1069 1433 1080 1368 1065 1167 1072 1131 1101 1070 1051 955 1037"/></Shape>
	    <String CONTENT="המתכוין שלא להכות והכה דין הוא שיהא פטור אבל בא הכת&#39; ללמדך"
                    HPOS="930.0"
                    VPOS="958.0"
                    WIDTH="1799.0"
                    HEIGHT="150.0"></String>
          </TextLine>

          
          
          <TextLine ID="eSc_line_1648468"
                    
                    BASELINE="966 1123 1393 1123 1677 1137 2273 1141 2453 1133 2618 1112 2743 1112" 
                    HPOS="962.0"
                    VPOS="1047.0"
                    WIDTH="1778.0"
                    HEIGHT="151.0">
            <Shape><Polygon POINTS="962 1119 966 1080 998 1051 1084 1065 1124 1101 1156 1076 1210 1072 1249 1090 1278 1076 1296 1094 1372 1072 1393 1090 1407 1080 1522 1101 1558 1069 1583 1094 1605 1080 1695 1101 1774 1080 1846 1101 1878 1076 1950 1105 1982 1083 2011 1112 2090 1087 2126 1101 2255 1101 2287 1080 2352 1105 2377 1080 2420 1094 2474 1076 2521 1083 2582 1054 2625 1072 2693 1047 2740 1108 2647 1159 2571 1144 2445 1184 2413 1162 2384 1184 2295 1194 2237 1169 2216 1187 2165 1169 2147 1187 2068 1176 2011 1198 1892 1194 1828 1166 1795 1191 1749 1191 1716 1169 1634 1180 1591 1159 1490 1173 1451 1159 1400 1176 1357 1166 1321 1180 1214 1155 1145 1176 1120 1155 1070 1169 1002 1159 966 1126"/></Shape>
	    <String CONTENT="שחבלה אשה לבעל ודמי וולדות לבעל ˙ וכל המתחייב מיתה פטור מן [התשל&#39;]"
                    HPOS="962.0"
                    VPOS="1047.0"
                    WIDTH="1778.0"
                    HEIGHT="151.0"></String>
          </TextLine>

          
          
          <TextLine ID="eSc_line_1648469"
                    
                    BASELINE="963 1215 1073 1212 1282 1227 1609 1223 2162 1241 2341 1234 2665 1202 2743 1207" 
                    HPOS="962.0"
                    VPOS="1144.0"
                    WIDTH="1778.0"
                    HEIGHT="154.0">
            <Shape><Polygon POINTS="962 1212 966 1148 1048 1169 1117 1151 1152 1176 1210 1155 1314 1180 1440 1162 1479 1180 1515 1162 1544 1180 1627 1187 1716 1169 1738 1191 1792 1191 1828 1166 1856 1191 2101 1202 2169 1173 2198 1194 2248 1198 2384 1187 2406 1166 2438 1187 2467 1173 2528 1180 2564 1148 2600 1166 2690 1144 2729 1159 2740 1205 2686 1241 2661 1227 2578 1263 2532 1266 2510 1248 2463 1277 2395 1237 2338 1270 2295 1266 2266 1295 2223 1263 2140 1277 2115 1298 2068 1273 2022 1295 1989 1273 1907 1259 1874 1291 1856 1273 1813 1273 1795 1291 1745 1263 1702 1281 1551 1248 1490 1277 1411 1245 1346 1255 1264 1241 1235 1266 1134 1245 1091 1263 1038 1241 1002 1248 966 1227"/></Shape>
	    <String CONTENT="התשלומין ˙ ר&#39; יצחק או&#39; אף המתכוין להכות והכה פטור עד שיאמר לאיש"
                    HPOS="962.0"
                    VPOS="1144.0"
                    WIDTH="1778.0"
                    HEIGHT="154.0"></String>
          </TextLine>

          
          
          <TextLine ID="eSc_line_1648470"
                    
                    BASELINE="963 1304 1249 1320 1526 1320 1695 1327 2269 1327 2625 1302 2743 1281" 
                    HPOS="962.0"
                    VPOS="1230.0"
                    WIDTH="1778.0"
                    HEIGHT="162.0">
            <Shape><Polygon POINTS="962 1302 969 1230 994 1248 1045 1245 1088 1273 1127 1248 1174 1266 1192 1252 1235 1277 1264 1248 1343 1263 1418 1248 1486 1281 1551 1252 1616 1288 1670 1291 1684 1277 1702 1288 1741 1263 1785 1291 1853 1273 1878 1291 1914 1266 2011 1298 2104 1302 2219 1266 2259 1298 2334 1295 2395 1248 2435 1281 2460 1281 2586 1263 2665 1230 2740 1277 2654 1356 2560 1356 2524 1338 2474 1374 2453 1356 2384 1385 2341 1370 2237 1385 2190 1359 2169 1381 2097 1370 2072 1392 1997 1370 1979 1385 1835 1385 1799 1356 1745 1381 1702 1352 1677 1377 1619 1381 1591 1352 1537 1377 1469 1338 1433 1370 1390 1356 1364 1367 1339 1349 1289 1370 1174 1342 1052 1359 1034 1345 1002 1352 966 1316"/></Shape>
	    <String CONTENT="פלו&#39; אני מכה לאיש פל&#39; אני מכה ˙ ת&#39;ל&#39; וארב לו וקם עליו ˙ ומה ת&#39;ל&#39; וכי ינצו [א&#39;]"
                    HPOS="962.0"
                    VPOS="1230.0"
                    WIDTH="1778.0"
                    HEIGHT="162.0"></String>
          </TextLine>

          
          
          <TextLine ID="eSc_line_1648471"
                    
                    BASELINE="963 1400 1289 1413 1558 1413 1781 1428 2370 1428 2736 1395" 
                    HPOS="962.0"
                    VPOS="1338.0"
                    WIDTH="1771.0"
                    HEIGHT="147.0">
            <Shape><Polygon POINTS="962 1399 966 1345 1030 1345 1052 1363 1106 1349 1120 1363 1160 1342 1206 1370 1231 1359 1249 1374 1328 1356 1343 1370 1436 1377 1469 1345 1526 1377 1591 1359 1619 1381 1641 1370 1756 1388 1799 1359 1849 1395 1896 1381 2076 1388 2090 1374 2169 1388 2190 1367 2255 1392 2334 1374 2395 1388 2428 1367 2449 1385 2514 1342 2571 1367 2700 1338 2722 1352 2733 1392 2679 1442 2582 1456 2542 1438 2514 1467 2449 1449 2420 1467 2345 1464 2309 1485 2277 1460 2104 1481 2076 1453 1968 1467 1943 1446 1889 1485 1846 1453 1821 1467 1774 1456 1709 1485 1648 1449 1623 1471 1576 1446 1522 1446 1508 1460 1451 1446 1415 1460 1242 1456 1214 1438 1185 1456 1149 1438 1095 1464 1063 1435 991 1431 966 1446"/></Shape>
	    <String CONTENT="אנשים לפי שהוא אומ&#39; ואיש כי יכה כל נפש אדם שומע אני אף בן [שמ&#39;]"
                    HPOS="962.0"
                    VPOS="1338.0"
                    WIDTH="1771.0"
                    HEIGHT="147.0"></String>
          </TextLine>

          
          
          <TextLine ID="eSc_line_1648472"
                    
                    BASELINE="963 1501 1099 1510 1375 1510 1831 1528 2345 1528 2438 1525 2621 1496 2743 1483" 
                    HPOS="962.0"
                    VPOS="1435.0"
                    WIDTH="1778.0"
                    HEIGHT="147.0">
            <Shape><Polygon POINTS="962 1499 966 1456 994 1435 1052 1446 1077 1471 1145 1446 1221 1474 1321 1449 1343 1471 1530 1456 1591 1478 1659 1453 1709 1489 1860 1492 1939 1485 1957 1467 1986 1492 2047 1467 2083 1496 2212 1489 2273 1456 2302 1485 2366 1485 2453 1478 2471 1460 2546 1474 2614 1446 2700 1438 2740 1481 2729 1546 2715 1550 2657 1557 2621 1535 2550 1535 2524 1560 2406 1553 2381 1575 2341 1560 2316 1582 2287 1564 2252 1582 2226 1560 2187 1582 2151 1557 2032 1571 1961 1571 1939 1557 1763 1582 1720 1542 1548 1560 1472 1542 1454 1560 1361 1560 1249 1539 1203 1542 1167 1568 1149 1550 1106 1564 1088 1546 1055 1553 1034 1532 1005 1542 966 1528"/></Shape>
	    <String CONTENT="שמנה במשמע ˙ ת&#39;ל&#39; וכי ינצו אנשים מגיד שאינו חייב עד שיהרג בן קיימ&#39;"
                    HPOS="962.0"
                    VPOS="1435.0"
                    WIDTH="1778.0"
                    HEIGHT="147.0"></String>
          </TextLine>

          
          
          <TextLine ID="eSc_line_1648473"
                    
                    BASELINE="966 1600 1088 1600 1343 1614 1634 1614 2119 1629 2208 1629 2331 1618 2589 1607" 
                    HPOS="962.0"
                    VPOS="1535.0"
                    WIDTH="1624.0"
                    HEIGHT="155.0">
            <Shape><Polygon POINTS="962 1596 966 1557 994 1535 1052 1553 1084 1546 1109 1564 1145 1546 1170 1568 1199 1546 1260 1546 1303 1568 1325 1553 1361 1568 1386 1550 1526 1557 1555 1582 1583 1557 1609 1582 1677 1557 1724 1586 1821 1586 1943 1553 2014 1582 2047 1560 2086 1593 2140 1575 2158 1589 2320 1589 2341 1568 2410 1589 2474 1553 2496 1571 2524 1564 2586 1603 2514 1672 2489 1650 2442 1675 2395 1661 2366 1679 2341 1661 2287 1675 2205 1654 2176 1668 2140 1657 2097 1690 2068 1690 2014 1650 1788 1668 1752 1650 1469 1650 1418 1686 1375 1647 1249 1650 1224 1629 1160 1650 1081 1636 1020 1647 966 1618"/></Shape>
	    <String CONTENT="˙˙ וכי ינצו אנשים אין לי אלא אנשים נשים מניין ˙ היה ר&#39; ישמעאל"
                    HPOS="962.0"
                    VPOS="1535.0"
                    WIDTH="1624.0"
                    HEIGHT="155.0"></String>
          </TextLine>

          
          
          <TextLine ID="eSc_line_1648474"
                    
                    BASELINE="937 1711 1120 1708 1515 1729 1684 1725 2359 1729 2743 1701" 
                    HPOS="933.0"
                    VPOS="1600.0"
                    WIDTH="1807.0"
                    HEIGHT="186.0">
            <Shape><Polygon POINTS="933 1708 937 1679 987 1639 1030 1650 1088 1636 1102 1650 1185 1657 1217 1632 1275 1657 1368 1650 1411 1686 1465 1654 1623 1657 1662 1686 1706 1657 1734 1682 1759 1675 1799 1693 1864 1686 1889 1661 1993 1654 2018 1654 2065 1690 2101 1690 2129 1664 2180 1690 2237 1661 2284 1690 2327 1668 2428 1686 2456 1664 2496 1661 2514 1675 2571 1618 2586 1629 2672 1600 2729 1636 2740 1700 2672 1761 2636 1754 2621 1769 2564 1743 2539 1758 2503 1740 2460 1765 2313 1761 2287 1776 2201 1758 2155 1769 2140 1754 2115 1776 2029 1765 2007 1786 1917 1758 1777 1776 1630 1761 1609 1743 1494 1786 1458 1761 1328 1751 1293 1765 1271 1743 1203 1754 1167 1779 1131 1743 1005 1743 969 1708 937 1708"/></Shape>
	    <String CONTENT="או&#39; וגו&#39; ר&#39; יאשיה אומ&#39; איש ואשה למה נאמ&#39; ˙ ר&#39; יונתן או&#39; אינו צריך הלא"
                    HPOS="933.0"
                    VPOS="1600.0"
                    WIDTH="1807.0"
                    HEIGHT="186.0"></String>
          </TextLine>

          
          
          <TextLine ID="eSc_line_1648475"
                    
                    BASELINE="951 1819 1192 1815 1469 1830 1713 1826 2363 1830 2748 1802" 
                    HPOS="948.0"
                    VPOS="1740.0"
                    WIDTH="1799.0"
                    HEIGHT="154.0">
            <Shape><Polygon POINTS="948 1815 951 1779 987 1743 1020 1740 1138 1754 1167 1783 1203 1758 1271 1754 1300 1772 1336 1754 1425 1776 1451 1765 1479 1790 1612 1751 1680 1765 1713 1790 1738 1772 1824 1797 1864 1776 1917 1797 2007 1790 2036 1819 2061 1819 2093 1786 2144 1790 2183 1761 2273 1804 2334 1776 2356 1797 2377 1794 2410 1761 2456 1794 2510 1797 2586 1758 2629 1769 2704 1754 2736 1765 2747 1801 2686 1851 2643 1837 2611 1869 2510 1894 2478 1894 2460 1876 2435 1891 2395 1865 2356 1880 2266 1858 2212 1880 2194 1865 2137 1873 2104 1844 1946 1887 1871 1869 1429 1862 1390 1891 1361 1862 1170 1865 1156 1851 1048 1851 1034 1837 1002 1847 955 1815"/></Shape>
	    <String CONTENT="כבר נאמ&#39; בעל הבור ישלם ˙˙ ונגפו אשה הרה אבא חנן אומר משום ר&#39;"
                    HPOS="948.0"
                    VPOS="1740.0"
                    WIDTH="1799.0"
                    HEIGHT="154.0"></String>
          </TextLine>

          
          
          <TextLine ID="eSc_line_1648476"
                    
                    BASELINE="933 1905 1109 1926 1278 1926 1666 1944 2388 1944 2618 1916 2704 1908 2748 1911" 
                    HPOS="930.0"
                    VPOS="1837.0"
                    WIDTH="1817.0"
                    HEIGHT="168.0">
            <Shape><Polygon POINTS="930 1901 994 1844 1167 1869 1310 1858 1332 1873 1361 1865 1390 1894 1415 1880 1433 1894 1461 1869 1817 1869 1856 1908 1917 1869 1946 1883 2076 1855 2151 1876 2180 1905 2352 1908 2374 1887 2417 1901 2453 1876 2481 1894 2589 1880 2665 1837 2683 1855 2704 1840 2736 1847 2747 1908 2621 1977 2604 1962 2564 1984 2532 1969 2478 1980 2392 1966 2338 2005 2287 1977 2230 1973 1749 1984 1691 1962 1605 1980 1562 1966 1436 1980 1418 1966 1278 1973 1030 1941 973 1966 933 1926"/></Shape>
	    <String CONTENT="אליעזר ונגפו אשה הרה מה ת&#39;ל&#39; לפי שנ&#39; ויצאו ילדיה הא למדנו שהיא"
                    HPOS="930.0"
                    VPOS="1837.0"
                    WIDTH="1817.0"
                    HEIGHT="168.0"></String>
          </TextLine>

          
          
          <TextLine ID="eSc_line_1648477"
                    
                    BASELINE="962 2016 1239 2030 1476 2027 1982 2045 2352 2045 2485 2038 2748 1991" 
                    HPOS="958.0"
                    VPOS="1952.0"
                    WIDTH="1789.0"
                    HEIGHT="136.0">
            <Shape><Polygon POINTS="958 2013 962 1977 1030 1952 1120 1966 1138 1952 1156 1966 1418 1966 1436 1984 1558 1966 1594 1980 1698 1969 1885 1991 1939 1977 1968 1987 2226 1973 2287 1980 2331 2009 2384 2005 2413 1977 2467 1977 2514 2002 2539 1984 2661 1966 2747 1987 2690 2034 2629 2038 2575 2077 2489 2066 2445 2084 2277 2074 2248 2088 2198 2074 2173 2088 2147 2074 2115 2088 2058 2074 1964 2084 1925 2070 1878 2088 1842 2070 1792 2084 1716 2056 1691 2081 1598 2066 1476 2074 1461 2059 1303 2074 1178 2045 1081 2070 1045 2034 1012 2059 969 2016"/></Shape>
	    <String CONTENT="הרה ומה ת&#39;ל&#39; הרה אלא אם הכה על אחד מאיבריה שומע אני יהיה"
                    HPOS="958.0"
                    VPOS="1952.0"
                    WIDTH="1789.0"
                    HEIGHT="136.0"></String>
          </TextLine>

          
          
          <TextLine ID="eSc_line_1648479"
                    
                    BASELINE="1124 2120 1235 2131 1792 2131 1925 2138 2432 2153 2582 2124 2629 2113 2736 2102" 
                    HPOS="1120.0"
                    VPOS="2052.0"
                    WIDTH="1613.0"
                    HEIGHT="162.0">
            <Shape><Polygon POINTS="1120 2117 1124 2063 1142 2081 1188 2056 1278 2077 1357 2066 1490 2084 1598 2070 1634 2095 1713 2063 1785 2084 1831 2074 1885 2088 1925 2074 1997 2106 2047 2074 2399 2074 2456 2102 2517 2063 2596 2084 2686 2052 2733 2099 2722 2124 2708 2117 2672 2145 2647 2127 2611 2160 2564 2156 2499 2199 2474 2174 2384 2174 2323 2214 2252 2170 2137 2185 2018 2178 1997 2163 1964 2185 1882 2185 1853 2167 1788 2185 1645 2170 1537 2170 1508 2185 1425 2163 1357 2188 1285 2163 1231 2174 1124 2131"/></Shape>
	    <String CONTENT="חייב ת&#39;ל&#39; הרה מגיד שאינו חייב עד שיכינה במקום שעיברה ˙˙"
                    HPOS="1120.0"
                    VPOS="2052.0"
                    WIDTH="1613.0"
                    HEIGHT="162.0"></String>
          </TextLine>

          
          
          <TextLine ID="eSc_line_1648480"
                    
                    BASELINE="933 2231 1124 2228 1655 2246 2381 2246 2553 2231 2736 2196" 
                    HPOS="930.0"
                    VPOS="2131.0"
                    WIDTH="1803.0"
                    HEIGHT="161.0">
            <Shape><Polygon POINTS="930 2228 976 2178 1059 2178 1102 2160 1160 2178 1181 2156 1368 2188 1425 2163 1508 2181 1587 2174 1601 2188 1630 2174 1792 2185 1853 2163 1932 2206 1993 2167 2090 2192 2162 2174 2187 2199 2259 2174 2334 2214 2388 2170 2467 2170 2496 2199 2578 2196 2647 2131 2733 2192 2722 2242 2672 2235 2621 2275 2596 2264 2560 2289 2467 2275 2431 2292 2147 2292 2101 2275 2043 2289 1885 2278 1867 2292 1634 2275 1418 2285 1210 2264 1163 2282 1081 2267 1055 2242 1023 2275 1002 2275 955 2228 933 2231"/></Shape>
	    <String CONTENT="ד&#39;א&#39; ונגפו אשה הרה מה ת&#39;ל&#39; לפי שנ&#39; כאשר ישית עליו בעל האשה ˙ [/]"
                    HPOS="930.0"
                    VPOS="2131.0"
                    WIDTH="1803.0"
                    HEIGHT="161.0"></String>
          </TextLine>

          
          
          <TextLine ID="eSc_line_1648487"
                    
                    BASELINE="968 2346 2381 2346 2559 2350 2733 2297 2742 2296" 
                    HPOS="966.0"
                    VPOS="2249.0"
                    WIDTH="1774.0"
                    HEIGHT="169.0">
            <Shape><Polygon POINTS="966 2343 969 2271 1030 2278 1059 2249 1077 2267 1160 2285 1221 2267 1310 2289 1566 2296 1627 2282 1731 2285 1745 2300 1781 2285 1860 2300 1882 2282 2129 2282 2158 2296 2212 2282 2277 2300 2374 2289 2428 2303 2467 2282 2514 2300 2542 2282 2564 2292 2668 2264 2700 2264 2740 2292 2683 2343 2607 2353 2575 2386 2460 2371 2402 2404 2384 2389 2313 2400 2241 2379 2180 2411 2111 2375 2025 2389 1997 2418 1953 2386 1867 2382 1616 2389 1591 2411 1530 2375 1436 2389 1407 2375 1023 2375 998 2393 969 2364"/></Shape>
	    <String CONTENT="שומע אני א&#39;ע&#39;פ&#39; שאין ההריון שלו ת&#39;ל&#39; הרה מגיד שאינו משלם אלא"
                    HPOS="966.0"
                    VPOS="2249.0"
                    WIDTH="1774.0"
                    HEIGHT="169.0"></String>
          </TextLine>

          
          
          <TextLine ID="eSc_line_1648482"
                    
                    BASELINE="968 2428 1102 2440 1282 2440 1447 2447 2345 2447 2751 2407" 
                    HPOS="966.0"
                    VPOS="2321.0"
                    WIDTH="1781.0"
                    HEIGHT="180.0">
            <Shape><Polygon POINTS="966 2425 1027 2375 1091 2389 1404 2382 1447 2400 1465 2386 1515 2407 1558 2386 1598 2407 1619 2386 1864 2382 1903 2404 1953 2393 1986 2422 2119 2379 2173 2411 2223 2393 2255 2414 2277 2397 2320 2404 2356 2436 2388 2400 2463 2371 2514 2397 2575 2389 2611 2353 2636 2357 2711 2321 2736 2346 2747 2404 2708 2443 2654 2443 2629 2468 2503 2475 2463 2472 2438 2447 2363 2447 2320 2490 2287 2472 2255 2490 2126 2475 2097 2501 2065 2475 1971 2493 1914 2483 1878 2501 1856 2483 1792 2479 1343 2475 1314 2501 1285 2472 1185 2483 1167 2465 1127 2483 969 2432"/></Shape>
	    <String CONTENT="לבעל ההריון ˙˙ ויצאו ילדיה מיעוט וולדות שנים ומניין אפי&#39; אחד"
                    HPOS="966.0"
                    VPOS="2321.0"
                    WIDTH="1781.0"
                    HEIGHT="180.0"></String>
          </TextLine>

          
          
          <TextLine ID="eSc_line_1648483"
                    
                    BASELINE="968 2522 1404 2529 1831 2547 2287 2547 2431 2540 2657 2511 2769 2511" 
                    HPOS="966.0"
                    VPOS="2440.0"
                    WIDTH="1799.0"
                    HEIGHT="165.0">
            <Shape><Polygon POINTS="966 2519 969 2479 1020 2458 1038 2475 1174 2475 1188 2490 1210 2472 1275 2472 1310 2504 1343 2479 1393 2501 1461 2479 1605 2483 1634 2501 1655 2483 1749 2475 1885 2504 1910 2486 1971 2504 1997 2483 2072 2486 2104 2511 2133 2486 2180 2483 2255 2515 2287 2483 2327 2511 2370 2479 2428 2529 2496 2472 2539 2493 2568 2465 2629 2468 2675 2440 2704 2447 2765 2508 2733 2511 2675 2565 2539 2554 2510 2580 2460 2587 2420 2558 2349 2605 2313 2580 2269 2590 2234 2562 2201 2594 2147 2580 2119 2594 2101 2576 2050 2590 2032 2576 1943 2576 1831 2605 1806 2580 1756 2587 1734 2572 1544 2590 1461 2562 1393 2583 1203 2572 1181 2558 1113 2583 1091 2562 1048 2576 969 2558"/></Shape>
	    <String CONTENT="ת&#39;ל&#39; הרה מכל מקום ˙ ולא יהיה אסון באשה ענוש יענש בוולדות אתה"
                    HPOS="966.0"
                    VPOS="2440.0"
                    WIDTH="1799.0"
                    HEIGHT="165.0"></String>
          </TextLine>

          
          
          <TextLine ID="eSc_line_1648486"
                    
                    BASELINE="968 2624 1113 2633 1544 2630 1821 2641 2252 2641 2607 2623 2754 2605" 
                    HPOS="966.0"
                    VPOS="2551.0"
                    WIDTH="1785.0"
                    HEIGHT="151.0">
            <Shape><Polygon POINTS="966 2623 984 2569 1055 2576 1084 2562 1117 2590 1178 2565 1390 2580 1458 2565 1522 2576 1540 2594 1594 2580 1612 2597 1666 2597 1688 2576 1731 2572 1756 2594 1795 2583 1838 2612 1925 2605 1946 2583 2011 2605 2065 2580 2108 2601 2158 2590 2244 2608 2305 2576 2345 2605 2384 2605 2428 2562 2474 2597 2542 2558 2621 2576 2708 2551 2751 2601 2722 2648 2708 2637 2643 2676 2582 2648 2546 2673 2524 2658 2496 2687 2449 2669 2331 2666 2298 2691 2169 2698 2140 2676 2050 2687 2011 2669 1921 2702 1896 2676 1853 2680 1838 2666 1734 2687 1680 2662 1630 2684 1451 2669 1429 2691 1397 2658 1357 2676 1321 2658 1267 2680 1249 2662 1210 2676 1131 2676 1109 2662 1081 2676 1045 2655 1016 2684 973 2655"/></Shape>
	    <String CONTENT="אומר לא יהיה אסון באשה ענוש יענש בוולדות או אינו אלא לא"
                    HPOS="966.0"
                    VPOS="2551.0"
                    WIDTH="1785.0"
                    HEIGHT="151.0"></String>
          </TextLine>

          
          
          <TextLine ID="eSc_line_1648484"
                    
                    BASELINE="968 2734 1361 2730 1979 2748 2460 2727 2736 2702" 
                    HPOS="966.0"
                    VPOS="2648.0"
                    WIDTH="1767.0"
                    HEIGHT="154.0">
            <Shape><Polygon POINTS="966 2730 969 2658 1009 2691 1152 2666 1228 2673 1253 2698 1282 2698 1318 2666 1364 2694 1454 2698 1533 2676 1558 2702 1605 2702 1666 2666 1774 2702 1806 2669 1835 2666 1914 2702 1943 2691 1982 2709 2058 2687 2090 2705 2309 2691 2331 2669 2514 2691 2582 2655 2643 2673 2722 2648 2733 2698 2690 2734 2650 2730 2611 2755 2586 2745 2542 2784 2514 2763 2478 2791 2395 2766 2356 2784 2331 2763 2266 2788 2158 2791 2083 2766 2043 2802 1997 2784 1950 2795 1874 2777 1853 2795 1799 2798 1759 2773 1709 2777 1691 2795 1637 2777 1598 2802 1551 2766 1497 2780 1443 2770 1407 2795 1375 2770 1267 2773 1239 2759 1160 2777 1045 2763 973 2730"/></Shape>
	    <String CONTENT="יהיה אסון בוולדות ענוש יענש באשה ת&#39;ל&#39; אם אסון יהיה הא מה"
                    HPOS="966.0"
                    VPOS="2648.0"
                    WIDTH="1767.0"
                    HEIGHT="154.0"></String>
          </TextLine>

          
          
          <TextLine ID="eSc_line_1648465"
                    
                    BASELINE="941 2827 2262 2834 2636 2813 2751 2791" 
                    HPOS="937.0"
                    VPOS="2727.0"
                    WIDTH="1810.0"
                    HEIGHT="165.0">
            <Shape><Polygon POINTS="937 2824 994 2770 1066 2755 1149 2777 1235 2759 1267 2777 1372 2773 1404 2798 1443 2770 1504 2780 1519 2766 1562 2773 1591 2802 1637 2777 1731 2802 1774 2780 1810 2802 1853 2798 1871 2780 1889 2795 2040 2802 2083 2766 2158 2795 2280 2791 2298 2773 2349 2791 2388 2763 2449 2791 2560 2770 2578 2780 2629 2741 2700 2727 2747 2788 2672 2852 2654 2834 2621 2863 2575 2863 2557 2845 2395 2870 2331 2863 2309 2885 2277 2863 2104 2877 2076 2856 2054 2877 1968 2888 1896 2856 1824 2885 1777 2870 1533 2870 1512 2888 1483 2863 1433 2881 1390 2877 1361 2856 1336 2870 1300 2859 1278 2877 1249 2859 1228 2881 1145 2867 1117 2892 1091 2867 1030 2856 1002 2877 955 2831 941 2841"/></Shape>
	    <String CONTENT="ת&#39;ל&#39; לא יהיה אסון באשה ˙ ענוש יענש בוולדות או לא יהיה אסון לא"
                    HPOS="937.0"
                    VPOS="2727.0"
                    WIDTH="1810.0"
                    HEIGHT="165.0"></String>
          </TextLine>

          
          
          <TextLine ID="eSc_line_1648460"
                    
                    BASELINE="955 2935 1576 2931 1706 2938 1892 2938 2022 2931 2374 2931 2532 2920 2768 2893" 
                    HPOS="951.0"
                    VPOS="2841.0"
                    WIDTH="1814.0"
                    HEIGHT="169.0">
            <Shape><Polygon POINTS="951 2931 955 2910 1030 2859 1091 2874 1117 2899 1149 2870 1253 2888 1364 2859 1390 2885 1425 2877 1454 2892 1483 2867 1515 2895 1583 2881 1619 2902 1641 2881 1684 2874 1813 2888 1928 2874 1964 2895 2086 2877 2104 2895 2144 2867 2277 2870 2298 2892 2331 2870 2374 2870 2449 2888 2507 2852 2553 2852 2582 2877 2600 2863 2654 2867 2697 2841 2765 2892 2715 2935 2643 2938 2582 2963 2560 2949 2489 2949 2417 2971 2183 2981 2147 2960 2040 2981 1982 2960 1939 2985 1910 2971 1792 2981 1756 3010 1724 2981 1670 2999 1627 2974 1508 2967 1429 2971 1411 2985 1325 2967 1278 2992 1239 2963 1077 2971 1055 2949 1034 2971 1002 2971 955 2935"/></Shape>
	    <String CONTENT="באשה ולא בוולדות ˙ אלא אם אמרת כן אף הוא צריך ליתן שכר חייה"
                    HPOS="951.0"
                    VPOS="2841.0"
                    WIDTH="1814.0"
                    HEIGHT="169.0"></String>
          </TextLine>

          
          
          <TextLine ID="eSc_line_1648466"
                    
                    BASELINE="948 3021 1573 3035 2269 3035 2629 3010 2768 2978" 
                    HPOS="944.0"
                    VPOS="2935.0"
                    WIDTH="1821.0"
                    HEIGHT="150.0">
            <Shape><Polygon POINTS="944 3017 948 2999 998 2971 1059 2960 1246 2974 1264 2992 1321 2967 1404 2999 1429 2978 1594 2978 1666 3003 1724 2985 1752 3010 1788 2981 1824 2996 1842 2978 1882 2985 1896 2971 1935 2996 1971 2974 2065 2967 2187 2992 2205 2978 2266 2985 2305 2971 2334 2992 2499 2949 2586 2963 2636 2946 2657 2960 2711 2935 2765 2974 2697 3035 2557 3050 2496 3078 2445 3064 2410 3078 2388 3057 2359 3071 2262 3060 2212 3085 2169 3071 2115 3085 2065 3068 1889 3068 1860 3082 1763 3057 1695 3085 1616 3068 1573 3078 1551 3064 1415 3078 1364 3028 1296 3068 1188 3068 1160 3053 1081 3075 1005 3068 958 3021"/></Shape>
	    <String CONTENT="הא מה ת&#39;ל&#39; לא יהיה אסון באשה ענוש יענש בולדות ˙ ענוש יענש"
                    HPOS="944.0"
                    VPOS="2935.0"
                    WIDTH="1821.0"
                    HEIGHT="150.0"></String>
          </TextLine>

          
          
          <TextLine ID="eSc_line_1648461"
                    
                    BASELINE="972 3132 2309 3132 2542 3118 2675 3100 2768 3078" 
                    HPOS="969.0"
                    VPOS="3028.0"
                    WIDTH="1796.0"
                    HEIGHT="162.0">
            <Shape><Polygon POINTS="969 3129 973 3089 1023 3068 1131 3078 1170 3064 1296 3082 1375 3064 1397 3082 1483 3085 1504 3071 1540 3085 1645 3075 1716 3089 1756 3064 1785 3093 1810 3075 1864 3082 1885 3068 1968 3093 2058 3071 2201 3089 2273 3068 2295 3089 2309 3075 2496 3082 2708 3028 2765 3075 2754 3125 2697 3125 2668 3150 2650 3136 2611 3175 2571 3146 2550 3168 2517 3161 2499 3179 2424 3157 2381 3182 2341 3164 2313 3186 2212 3161 2169 3186 2079 3154 2065 3168 1982 3164 1957 3182 1928 3161 1914 3175 1860 3168 1799 3190 1749 3175 1706 3186 1670 3168 1591 3186 1573 3168 1454 3175 1382 3150 1350 3172 1310 3164 1242 3186 1206 3168 1091 3168 1002 3190 973 3161"/></Shape>
	    <String CONTENT="ממון אתה אומ&#39; ממון או אינו אלא אשה מיתה הרי את דן נאמ&#39; כאן"
                    HPOS="969.0"
                    VPOS="3028.0"
                    WIDTH="1796.0"
                    HEIGHT="162.0"></String>
          </TextLine>

          
          
          <TextLine ID="eSc_line_1648467"
                    
                    BASELINE="972 3233 2259 3233 2521 3215 2690 3193 2768 3176" 
                    HPOS="969.0"
                    VPOS="3161.0"
                    WIDTH="1796.0"
                    HEIGHT="133.0">
            <Shape><Polygon POINTS="969 3229 980 3186 1246 3186 1296 3168 1343 3190 1400 3168 1465 3168 1504 3190 1519 3179 1566 3193 1630 3190 1666 3164 1720 3190 1774 3175 1803 3190 1831 3172 1935 3190 2025 3190 2043 3172 2065 3190 2280 3190 2417 3161 2489 3179 2514 3161 2571 3175 2747 3161 2765 3175 2754 3243 2521 3243 2496 3268 2442 3243 2349 3286 2284 3290 2244 3265 2219 3279 2097 3261 2065 3290 1917 3290 1896 3276 1882 3290 1637 3279 1627 3294 1576 3294 1544 3279 1486 3294 1422 3251 1350 3251 1332 3268 1260 3265 1231 3286 1160 3258 1117 3286 1077 3265 1059 3283 1038 3268 1020 3286 1009 3276 973 3290"/></Shape>
	    <String CONTENT="עונש ונאמ&#39; להלן עונש מה להלן ממון אף כאן ממון ˙ כאשר ישית"
                    HPOS="969.0"
                    VPOS="3161.0"
                    WIDTH="1796.0"
                    HEIGHT="133.0"></String>
          </TextLine>

          
        </TextBlock>
        

        
      </PrintSpace>
    </Page>
  </Layout>
</alto>
