<?xml version="1.0" encoding="UTF-8"?>
<alto xmlns:xsi="http://www.w3.org/2001/XMLSchema-instance"
      xmlns="http://www.loc.gov/standards/alto/ns-v4#"
      xsi:schemaLocation="http://www.loc.gov/standards/alto/ns-v4# http://www.loc.gov/standards/alto/v4/alto-4-2.xsd">
  <Description>
    <MeasurementUnit>pixel</MeasurementUnit>
    <sourceImageInformation>
      <fileName>bsb00084914_00328.jpg</fileName>
      
    </sourceImageInformation>
  </Description>
  
  <Tags>
    <OtherTag ID="BT1" LABEL="Title" DESCRIPTION="block type Title"/><OtherTag ID="BT2" LABEL="Main" DESCRIPTION="block type Main"/><OtherTag ID="BT3" LABEL="Commentary" DESCRIPTION="block type Commentary"/><OtherTag ID="BT4" LABEL="Illustration" DESCRIPTION="block type Illustration"/><OtherTag ID="BT844" LABEL="Margin" DESCRIPTION="block type Margin"/><OtherTag ID="BT845" LABEL="Paratext" DESCRIPTION="block type Paratext"/><OtherTag ID="BT978" LABEL="Hole" DESCRIPTION="block type Hole"/>
    <OtherTag ID="LT2" LABEL="Numbering" DESCRIPTION="line type Numbering"/><OtherTag ID="LT3" LABEL="Correction" DESCRIPTION="line type Correction"/>
  </Tags>
  
  <Layout>
    <Page WIDTH="3040"
          HEIGHT="4308"
          PHYSICAL_IMG_NR="327"
          ID="eSc_dummypage_">
      <PrintSpace HPOS="0"
                  VPOS="0"
                  WIDTH="3040"
                  HEIGHT="4308">
        
        <TextBlock HPOS="238.0"
                   VPOS="571.0"
                   WIDTH="1930.0"
                   HEIGHT="2695.0"
                   ID="eSc_textblock_10844"
                   TAGREFS="BT2">
          <Shape><Polygon POINTS="238 571 2168 616 2141 3266 244 3204"/></Shape>
          
          
          <TextLine ID="eSc_line_1652857"
                    
                    BASELINE="300 660 1113 696 1911 696 2170 686" 
                    HPOS="298.0"
                    VPOS="592.0"
                    WIDTH="1868.0"
                    HEIGHT="158.0">
            <Shape><Polygon POINTS="298 656 301 592 373 592 441 599 467 624 506 599 621 599 643 617 679 606 736 631 819 631 873 613 916 635 977 635 998 617 1034 635 1171 639 1210 610 1239 639 1333 642 1351 628 1365 642 1419 642 1448 613 1491 642 1563 631 1577 646 1692 649 1717 624 1760 621 1911 624 1929 642 1976 624 2105 628 2134 656 2159 656 2166 685 2156 721 2001 732 1987 718 1875 718 1821 750 1760 714 1692 728 1541 718 1520 739 1469 735 1437 714 1397 732 1369 721 1106 735 1020 718 1002 732 916 732 740 728 725 710 639 710 614 725 596 710 567 725 531 700 495 707 474 692 427 714 409 696 377 707 348 685 301 685"/></Shape>
	    <String CONTENT="יוד&#39; שנטל הק&#39;ב&#39;ה&#39; משמה של שרה נחתך חציו לאברהם וחציו לשרה עלה"
                    HPOS="298.0"
                    VPOS="592.0"
                    WIDTH="1868.0"
                    HEIGHT="158.0"></String>
          </TextLine>

          
          
          <TextLine ID="eSc_line_1652858"
                    
                    BASELINE="276 768 377 768 542 786 761 800 1160 811 1387 807 1724 793 2170 796" 
                    HPOS="273.0"
                    VPOS="703.0"
                    WIDTH="1893.0"
                    HEIGHT="158.0">
            <Shape><Polygon POINTS="273 764 294 710 348 718 362 703 445 710 485 739 539 718 564 743 607 750 646 725 682 750 743 753 801 735 894 761 988 753 1024 721 1060 753 1128 753 1171 775 1218 757 1318 764 1361 725 1397 750 1426 732 1458 757 1581 735 1627 757 1703 753 1757 721 1785 750 1821 757 2084 753 2105 735 2166 793 2102 858 2080 836 1890 847 1829 840 1811 822 1724 843 1645 832 1577 850 1498 832 1394 836 1318 861 1261 854 1243 836 1142 861 1103 836 1070 847 912 832 883 854 797 858 776 832 316 804 276 771"/></Shape>
	    <String CONTENT="ושטח עצמו לפני הק&#39;ב&#39;ה&#39; אמ&#39; לפניו רבון העולמים נעקרתי משמה של אותה"
                    HPOS="273.0"
                    VPOS="703.0"
                    WIDTH="1893.0"
                    HEIGHT="158.0"></String>
          </TextLine>

          
          
          <TextLine ID="eSc_line_1652859"
                    
                    BASELINE="280 872 822 908 977 911 1440 911 1609 904 1825 904 2023 911 2170 904" 
                    HPOS="276.0"
                    VPOS="807.0"
                    WIDTH="1890.0"
                    HEIGHT="162.0">
            <Shape><Polygon POINTS="276 868 334 811 370 829 395 814 416 840 510 807 600 850 661 850 679 836 819 861 851 847 891 854 916 832 941 854 1297 868 1351 850 1458 861 1476 847 1563 861 1602 836 1624 858 1649 836 1753 854 1789 822 1872 850 2112 861 2166 901 2123 944 2094 954 2076 936 2059 951 2026 940 1994 969 1911 936 1864 947 1789 929 1703 954 1631 933 1563 951 1527 944 1512 958 1358 936 1167 965 1106 944 1060 958 995 936 948 947 894 926 869 944 779 929 700 944 495 919 474 929 413 911 388 922 291 872"/></Shape>
	    <String CONTENT="הצדקת ˙ אמ&#39; לו הק&#39;ב&#39;ה&#39; לשעבר הייתה נתון בסופה של תיבה ובשמה של נקבה"
                    HPOS="276.0"
                    VPOS="807.0"
                    WIDTH="1890.0"
                    HEIGHT="162.0"></String>
          </TextLine>

          
          
          <TextLine ID="eSc_line_1652860"
                    
                    BASELINE="281 959 380 976 592 994 822 994 1218 1012 2170 1005" 
                    HPOS="280.0"
                    VPOS="911.0"
                    WIDTH="1886.0"
                    HEIGHT="148.0">
            <Shape><Polygon POINTS="280 958 301 915 359 911 395 933 416 911 456 911 488 940 524 926 571 951 600 929 625 954 646 940 862 951 883 933 930 962 1171 965 1329 944 1358 965 1520 965 1552 951 1573 969 1613 940 1652 965 1778 962 1807 947 1933 951 1976 969 2109 954 2156 962 2166 1001 2094 1055 1990 1037 1972 1051 1890 1044 1875 1030 1818 1055 1793 1041 1652 1051 1620 1026 1588 1051 1523 1037 1494 1055 1401 1041 1250 1055 1182 1033 1164 1051 1142 1033 1117 1048 812 1048 740 1030 704 1059 661 1023 625 1044 485 1008 449 1023 348 1001 316 1012 283 994"/></Shape>
	    <String CONTENT="עכשיו הרי את נותנך בראשה שלתיבה ובשמו של זכר ויקרא משה ללהושע"
                    HPOS="280.0"
                    VPOS="911.0"
                    WIDTH="1886.0"
                    HEIGHT="148.0"></String>
          </TextLine>

          
          
          <TextLine ID="eSc_line_1652861"
                    
                    BASELINE="281 1058 503 1091 952 1109 2170 1109" 
                    HPOS="280.0"
                    VPOS="1005.0"
                    WIDTH="1886.0"
                    HEIGHT="168.0">
            <Shape><Polygon POINTS="280 1055 283 1015 359 1005 456 1026 481 1008 585 1055 607 1041 689 1059 747 1059 761 1044 1095 1059 1142 1037 1164 1059 1214 1044 1236 1062 1293 1062 1325 1044 1351 1073 1437 1077 1480 1073 1516 1041 1555 1062 1624 1023 1652 1051 1710 1041 1728 1059 1811 1066 2116 1051 2166 1105 2112 1159 2066 1170 2037 1152 1990 1173 1961 1148 1911 1141 1800 1159 1728 1109 1631 1155 1584 1138 1530 1163 1505 1152 1444 1166 1412 1148 1361 1159 1329 1138 1297 1152 1189 1141 1074 1155 754 1130 675 1141 546 1120 503 1130 488 1116 438 1138 420 1120 395 1127 344 1087 309 1105 283 1080"/></Shape>
	    <String CONTENT="בן נון יהושע ˙ א&#39;ר&#39; אל עזר בר אבינא לעשרים וששה דור היה אלף קורא"
                    HPOS="280.0"
                    VPOS="1005.0"
                    WIDTH="1886.0"
                    HEIGHT="168.0"></String>
          </TextLine>

          
          
          <TextLine ID="eSc_line_1652862"
                    
                    BASELINE="281 1171 600 1195 801 1195 1088 1209 1670 1209 2148 1220" 
                    HPOS="280.0"
                    VPOS="1094.0"
                    WIDTH="1865.0"
                    HEIGHT="180.0">
            <Shape><Polygon POINTS="280 1170 287 1134 344 1094 431 1141 459 1141 481 1120 610 1145 725 1134 808 1152 1016 1145 1117 1163 1207 1141 1264 1159 1480 1173 1588 1145 1649 1170 1714 1141 1861 1173 1922 1141 1990 1177 2127 1166 2145 1217 2094 1267 2059 1252 2008 1274 1940 1245 1875 1270 1818 1252 1746 1267 1724 1245 1667 1245 1634 1263 1527 1249 1491 1274 1426 1242 1322 1270 1300 1249 1218 1242 991 1249 891 1227 636 1242 488 1209 420 1224 377 1195 341 1206 283 1173"/></Shape>
	    <String CONTENT="קטיגור לפני הק&#39;ב&#39;ה&#39; אמ&#39; לפניו רבון העולמים נתתני בראש האותיות ולא בי בר&#39;"
                    HPOS="280.0"
                    VPOS="1094.0"
                    WIDTH="1865.0"
                    HEIGHT="180.0"></String>
          </TextLine>

          
          
          <TextLine ID="eSc_line_1652863"
                    
                    BASELINE="273 1260 643 1299 815 1299 1031 1310 1900 1310 2156 1316" 
                    HPOS="269.0"
                    VPOS="1195.0"
                    WIDTH="1883.0"
                    HEIGHT="169.0">
            <Shape><Polygon POINTS="269 1256 312 1206 377 1195 431 1231 488 1209 521 1231 607 1227 668 1249 736 1234 862 1249 894 1227 916 1245 959 1234 980 1252 1139 1249 1167 1263 1203 1249 1221 1267 1290 1256 1325 1270 1390 1270 1405 1256 1426 1274 1491 1274 1530 1249 1563 1274 1717 1252 1735 1274 1850 1256 1868 1274 1904 1263 2005 1278 2062 1256 2109 1267 2152 1313 2120 1353 2051 1346 2033 1364 1944 1349 1785 1349 1760 1364 1706 1342 1685 1364 1627 1349 1599 1360 1537 1357 1512 1335 1462 1360 1437 1342 1369 1360 1290 1335 1250 1357 1193 1335 1142 1353 1110 1321 1070 1346 1027 1324 963 1346 848 1339 776 1357 707 1328 668 1346 528 1331 492 1306 438 1324 348 1292 312 1295 273 1260"/></Shape>
	    <String CONTENT="בראת העולם אלא בבית ייי בחכמה יסד אץ ˙ אמ&#39; לו הק&#39;ב&#39;ה&#39; עולם כולו ומלואו"
                    HPOS="269.0"
                    VPOS="1195.0"
                    WIDTH="1883.0"
                    HEIGHT="169.0"></String>
          </TextLine>

          
          
          <TextLine ID="eSc_line_1652864"
                    
                    BASELINE="265 1367 621 1396 1045 1407 1246 1407 1437 1414 1681 1410 2156 1414" 
                    HPOS="262.0"
                    VPOS="1299.0"
                    WIDTH="1890.0"
                    HEIGHT="162.0">
            <Shape><Polygon POINTS="262 1364 312 1299 344 1299 456 1324 488 1310 521 1331 639 1349 707 1335 772 1357 866 1346 930 1367 984 1328 1020 1357 1063 1360 1103 1321 1142 1357 1182 1346 1200 1364 1264 1364 1293 1346 1336 1371 1426 1339 1466 1371 1498 1357 1516 1371 1581 1357 1602 1367 1617 1353 1764 1367 1846 1346 1868 1364 1954 1353 2041 1374 2094 1346 2145 1385 2152 1410 2109 1453 2080 1443 2030 1461 1954 1443 1857 1461 1818 1443 1793 1457 1746 1443 1660 1453 1624 1432 1591 1457 1541 1443 1487 1450 1473 1436 1397 1450 1304 1428 1264 1443 1236 1432 1214 1450 1095 1436 1013 1450 912 1436 768 1443 733 1428 664 1457 636 1432 614 1446 567 1421 499 1432 474 1414 456 1428 395 1400 355 1414 316 1374 276 1367"/></Shape>
	    <String CONTENT="לא נברא אלא בשביל תורה ˙ למחר אני ˙ גלה על הר סיני ונותן תורה לישראל ˙"
                    HPOS="262.0"
                    VPOS="1299.0"
                    WIDTH="1890.0"
                    HEIGHT="162.0"></String>
          </TextLine>

          
          
          <TextLine ID="eSc_line_1652865"
                    
                    BASELINE="243 1450 477 1479 754 1500 952 1500 1070 1507 1480 1507 1663 1514 1803 1511 2134 1514" 
                    HPOS="240.0"
                    VPOS="1374.0"
                    WIDTH="1890.0"
                    HEIGHT="187.0">
            <Shape><Polygon POINTS="240 1446 319 1374 359 1418 384 1410 449 1436 553 1425 653 1453 711 1450 747 1428 808 1450 919 1443 948 1464 1016 1446 1200 1464 1236 1432 1272 1461 1293 1443 1351 1439 1408 1464 1484 1446 1566 1464 1624 1428 1652 1461 1692 1446 1714 1457 1739 1439 1793 1464 2102 1453 2130 1511 2120 1543 2062 1561 2001 1543 1947 1561 1857 1540 1785 1554 1739 1529 1688 1543 1667 1525 1541 1558 1509 1525 1444 1550 1329 1518 1275 1543 1239 1522 1175 1554 1135 1518 1078 1554 1038 1529 991 1550 909 1529 873 1550 858 1536 707 1540 646 1522 589 1543 560 1514 513 1532 362 1493 287 1511 244 1468"/></Shape>
	    <String CONTENT="ואיני פותח תחלה אלא בך אנכי ייי אלהיך ˙ בר אוטא אמ&#39; למה נקרא שמו אלף"
                    HPOS="240.0"
                    VPOS="1374.0"
                    WIDTH="1890.0"
                    HEIGHT="187.0"></String>
          </TextLine>

          
          
          <TextLine ID="eSc_line_1652866"
                    
                    BASELINE="243 1552 388 1565 603 1593 765 1601 1771 1597 2156 1608" 
                    HPOS="240.0"
                    VPOS="1500.0"
                    WIDTH="1912.0"
                    HEIGHT="158.0">
            <Shape><Polygon POINTS="240 1550 291 1511 355 1500 416 1529 564 1525 600 1543 639 1522 733 1547 869 1554 966 1536 1081 1550 1139 1529 1171 1558 1232 1525 1268 1550 1322 1518 1354 1547 1484 1540 1505 1561 1613 1540 1645 1558 1717 1543 1735 1561 1904 1547 1958 1561 2005 1547 2023 1561 2109 1561 2152 1604 2098 1647 1965 1640 1947 1622 1922 1644 1800 1626 1775 1647 1721 1629 1617 1647 1566 1615 1509 1637 1415 1640 1390 1622 1329 1637 1293 1622 1225 1654 1171 1629 1092 1629 1027 1604 966 1647 916 1626 894 1644 776 1640 733 1658 704 1633 657 1647 621 1626 596 1640 574 1619 477 1626 452 1608 377 1611 334 1593 291 1633 244 1583"/></Shape>
	    <String CONTENT="שהוא מסכיס לאלף ˙ דבר צוה לאלף דור ˙ א&#39;ר&#39; שמעון בן לקיש תורה שנן"
                    HPOS="240.0"
                    VPOS="1500.0"
                    WIDTH="1912.0"
                    HEIGHT="158.0"></String>
          </TextLine>

          
          
          <TextLine ID="eSc_line_1652867"
                    
                    BASELINE="281 1656 722 1690 1002 1701 1282 1694 2170 1698" 
                    HPOS="280.0"
                    VPOS="1601.0"
                    WIDTH="1886.0"
                    HEIGHT="161.0">
            <Shape><Polygon POINTS="280 1654 326 1601 445 1608 477 1629 621 1629 668 1654 704 1640 725 1658 783 1637 804 1654 830 1640 973 1651 1020 1629 1070 1647 1110 1637 1131 1654 1149 1637 1200 1654 1279 1637 1365 1647 1387 1626 1415 1644 1516 1644 1563 1622 1609 1651 1714 1633 1775 1651 1807 1626 1954 1662 1994 1637 2156 1651 2166 1694 2109 1737 2066 1741 2037 1762 1969 1730 1947 1748 1926 1723 1872 1737 1832 1719 1796 1737 1771 1719 1724 1741 1645 1719 1606 1737 1537 1723 1487 1737 1426 1716 1358 1741 1210 1730 1185 1751 1146 1755 1128 1737 837 1733 801 1716 711 1741 632 1730 610 1708 560 1719 503 1701 434 1716 416 1698 319 1690 287 1658"/></Shape>
	    <String CONTENT="הק&#39;ב&#39;ה&#39; לישרﭏ עודה של אש לכנה כתובה באש שחורה אש והיא חצובה מ"
                    HPOS="280.0"
                    VPOS="1601.0"
                    WIDTH="1886.0"
                    HEIGHT="161.0"></String>
          </TextLine>

          
          
          <TextLine ID="eSc_line_1652868"
                    
                    BASELINE="281 1748 567 1780 901 1802 2156 1795" 
                    HPOS="280.0"
                    VPOS="1698.0"
                    WIDTH="1872.0"
                    HEIGHT="150.0">
            <Shape><Polygon POINTS="280 1744 305 1701 330 1698 427 1723 445 1708 499 1723 528 1712 567 1744 600 1748 650 1726 693 1748 754 1744 797 1719 869 1751 1031 1737 1149 1759 1239 1755 1254 1741 1286 1751 1304 1733 1426 1748 1444 1730 1498 1751 1742 1748 1778 1719 1803 1744 1832 1723 1872 1748 1944 1755 2041 1759 2069 1744 2112 1755 2152 1795 2127 1834 2102 1841 2048 1827 2026 1841 1803 1841 1782 1827 1688 1841 1444 1823 1422 1841 1099 1830 1038 1848 1013 1827 909 1838 880 1823 822 1848 804 1830 740 1838 704 1802 675 1823 639 1802 578 1823 334 1787 283 1812"/></Shape>
	    <String CONTENT="מאש ומלבלבת באש והיא נתונה מימינו אש דת למו ˙ ר&#39; יהוד&#39; ב&#39;ר&#39; סימון"
                    HPOS="280.0"
                    VPOS="1698.0"
                    WIDTH="1872.0"
                    HEIGHT="150.0"></String>
          </TextLine>

          
          
          <TextLine ID="eSc_line_1652869"
                    
                    BASELINE="281 1855 772 1899 2156 1899" 
                    HPOS="280.0"
                    VPOS="1798.0"
                    WIDTH="1872.0"
                    HEIGHT="154.0">
            <Shape><Polygon POINTS="280 1852 283 1823 330 1798 474 1820 650 1820 700 1848 776 1838 808 1856 883 1823 912 1845 980 1827 1038 1852 1171 1834 1426 1848 1484 1827 1555 1848 1627 1834 1645 1848 1767 1823 1829 1852 1940 1856 1958 1838 2044 1856 2102 1848 2152 1895 2105 1952 2023 1938 2005 1920 1961 1952 1933 1924 1800 1942 1692 1917 1663 1927 1645 1909 1581 1938 1494 1931 1473 1913 1426 1935 1311 1913 1232 1942 1070 1935 1052 1920 991 1935 963 1913 901 1938 833 1938 779 1917 693 1935 632 1906 499 1924 431 1895 344 1902 291 1856"/></Shape>
	    <String CONTENT="פתר קרייה בתלמידי חכמי&#39; שחורות כעורב אילו תלמידי חכמי&#39; א&#39;ע&#39;פ&#39; שאת"
                    HPOS="280.0"
                    VPOS="1798.0"
                    WIDTH="1872.0"
                    HEIGHT="154.0"></String>
          </TextLine>

          
          
          <TextLine ID="eSc_line_1652870"
                    
                    BASELINE="262 1952 420 1960 632 1981 786 1988 941 1985 1433 2003 2159 2003" 
                    HPOS="258.0"
                    VPOS="1881.0"
                    WIDTH="1898.0"
                    HEIGHT="179.0">
            <Shape><Polygon POINTS="258 1949 326 1881 355 1909 434 1895 506 1927 560 1920 578 1935 625 1913 686 1949 704 1935 754 1949 776 1927 887 1927 909 1945 970 1917 995 1942 1067 1927 1275 1949 1315 1913 1365 1938 1494 1931 1520 1956 1609 1935 1656 1952 1692 1917 1800 1952 1850 1927 1936 1956 2066 1945 2123 1960 2156 1999 2109 2035 2048 2031 2012 2049 1861 2028 1829 2060 1667 2024 1624 2042 1548 2035 1530 2053 1473 2060 1440 2031 1358 2042 1282 2021 1254 2035 1149 2021 1106 2057 1002 2021 955 2035 812 2028 786 2003 743 2046 689 2031 671 2010 639 2024 334 1992 262 1952"/></Shape>
	    <String CONTENT="רואה אותן כאילו שחורין וכאילו כעורין בעולם הזה ˙ אבל בעולם הבא מר"
                    HPOS="258.0"
                    VPOS="1881.0"
                    WIDTH="1898.0"
                    HEIGHT="179.0"></String>
          </TextLine>

          
          
          <TextLine ID="eSc_line_1652871"
                    
                    BASELINE="243 2059 341 2057 758 2089 1110 2085 1484 2103 2151 2103" 
                    HPOS="240.0"
                    VPOS="1992.0"
                    WIDTH="1908.0"
                    HEIGHT="165.0">
            <Shape><Polygon POINTS="240 2057 247 2010 330 2010 370 1992 388 2010 409 1996 456 2021 521 2010 600 2039 618 2021 664 2042 729 2031 743 2046 776 2031 855 2046 909 2024 959 2042 1006 2024 1113 2057 1157 2024 1182 2039 1282 2024 1354 2042 1401 2031 1476 2064 1581 2053 1599 2035 1645 2057 1714 2046 1778 2060 1836 2060 1864 2031 1904 2057 2019 2057 2062 2035 2138 2060 2148 2100 2116 2143 2087 2154 2041 2121 2005 2150 1976 2128 1933 2157 1864 2136 1829 2154 1789 2136 1663 2150 1617 2128 1573 2154 1555 2136 1523 2146 1502 2125 1462 2146 1426 2121 1322 2150 1286 2114 1239 2107 1196 2132 1027 2114 980 2136 880 2110 840 2136 797 2125 768 2150 743 2125 668 2125 650 2110 603 2139 564 2096 427 2110 344 2082 280 2096 244 2075"/></Shape>
	    <String CONTENT="מראיהן כלפידים בברקים ירוצצו ˙ ר&#39; שמוﭏ בר יצחק פתר קרייה בפרשיותיה"
                    HPOS="240.0"
                    VPOS="1992.0"
                    WIDTH="1908.0"
                    HEIGHT="165.0"></String>
          </TextLine>

          
          
          <TextLine ID="eSc_line_1652846"
                    
                    BASELINE="286 2151 891 2189 1095 2189 1466 2204 2151 2204" 
                    HPOS="283.0"
                    VPOS="2082.0"
                    WIDTH="1865.0"
                    HEIGHT="168.0">
            <Shape><Polygon POINTS="283 2150 291 2103 337 2082 384 2110 470 2107 499 2121 539 2107 618 2139 653 2118 722 2136 743 2125 768 2150 794 2125 855 2136 909 2118 984 2139 1045 2114 1070 2132 1182 2128 1228 2161 1268 2157 1293 2136 1354 2154 1379 2128 1422 2125 1444 2146 1512 2157 1545 2143 1581 2157 1771 2150 1785 2164 1857 2150 1890 2164 1976 2139 2005 2150 2041 2125 2073 2157 2120 2150 2148 2200 2102 2240 2073 2243 2005 2225 1979 2240 1900 2240 1875 2215 1807 2243 1699 2232 1670 2247 1523 2247 1458 2225 1440 2240 1383 2232 1365 2250 1218 2225 1113 2243 1045 2218 991 2240 963 2218 901 2211 826 2232 650 2207 628 2222 485 2189 330 2193 287 2157"/></Shape>
	    <String CONTENT="של תורה ˙ שחורות כעורב אילו פרשיות של תורה אע&#39;פ&#39; שאת רואה אותו [כ&#39;]"
                    HPOS="283.0"
                    VPOS="2082.0"
                    WIDTH="1865.0"
                    HEIGHT="168.0"></String>
          </TextLine>

          
          
          <TextLine ID="eSc_line_1652854"
                    
                    BASELINE="286 2254 352 2254 700 2283 1157 2301 1936 2301 2151 2307" 
                    HPOS="283.0"
                    VPOS="2186.0"
                    WIDTH="1865.0"
                    HEIGHT="169.0">
            <Shape><Polygon POINTS="283 2250 319 2197 413 2200 427 2186 556 2215 592 2207 632 2232 679 2211 740 2240 891 2215 970 2225 988 2243 1038 2222 1149 2250 1225 2232 1304 2254 1448 2243 1476 2258 1595 2254 1638 2236 1685 2258 1710 2240 1757 2258 1775 2243 1958 2258 2001 2229 2037 2258 2087 2243 2123 2261 2148 2304 2120 2333 2044 2351 2023 2337 1994 2347 1965 2326 1944 2340 1821 2337 1793 2351 1714 2347 1699 2333 1642 2355 1620 2333 1505 2347 1448 2329 1415 2344 1361 2329 1311 2344 1175 2329 1142 2344 1124 2326 1085 2337 1020 2319 840 2333 751 2311 715 2329 668 2308 539 2308 503 2322 431 2286 319 2294 287 2276"/></Shape>
	    <String CONTENT="כאילו שחורות כאילו כעורות מלומדם ברבים אמ&#39; הק&#39;ב&#39;ה&#39; עריבותיהן עלי תדע"
                    HPOS="283.0"
                    VPOS="2186.0"
                    WIDTH="1865.0"
                    HEIGHT="169.0"></String>
          </TextLine>

          
          
          <TextLine ID="eSc_line_1652856"
                    
                    BASELINE="286 2347 316 2344 671 2376 970 2390 1218 2387 1383 2394 2151 2405" 
                    HPOS="283.0"
                    VPOS="2286.0"
                    WIDTH="1865.0"
                    HEIGHT="176.0">
            <Shape><Polygon POINTS="283 2344 305 2294 416 2286 503 2322 668 2315 733 2333 758 2308 866 2344 905 2329 955 2347 988 2326 1142 2351 1290 2340 1304 2355 1329 2337 1412 2351 1440 2326 1520 2355 1882 2347 1922 2362 1979 2344 2044 2358 2105 2347 2148 2401 2102 2437 2041 2441 2005 2462 1969 2441 1886 2441 1864 2426 1829 2451 1785 2430 1563 2430 1520 2444 1469 2426 1455 2441 1354 2444 1189 2426 1103 2441 1074 2430 1027 2455 1006 2434 959 2444 934 2423 887 2423 855 2394 794 2437 768 2412 729 2430 675 2408 567 2419 542 2398 510 2412 406 2383 362 2390 287 2355"/></Shape>
	    <String CONTENT="שכן שהרי פרשת זב וזבה לא נאמרו שתיהן כאחד ˙ אלא זו בפני עצמה וזה"
                    HPOS="283.0"
                    VPOS="2286.0"
                    WIDTH="1865.0"
                    HEIGHT="176.0"></String>
          </TextLine>

          
          
          <TextLine ID="eSc_line_1652849"
                    
                    BASELINE="323 2451 434 2451 639 2469 912 2477 1092 2491 1379 2487 1850 2505 2001 2505 2151 2496" 
                    HPOS="319.0"
                    VPOS="2372.0"
                    WIDTH="1829.0"
                    HEIGHT="176.0">
            <Shape><Polygon POINTS="319 2448 326 2372 413 2405 477 2398 539 2426 632 2416 661 2430 679 2416 722 2434 761 2416 790 2441 822 2423 855 2437 916 2426 966 2473 991 2477 1146 2437 1257 2451 1376 2437 1624 2451 1660 2437 1692 2459 1793 2444 1818 2462 1868 2441 1900 2459 1969 2444 2008 2462 2055 2441 2112 2448 2148 2495 2120 2530 2073 2545 1972 2527 1944 2545 1836 2541 1807 2516 1760 2545 1721 2527 1660 2541 1642 2520 1620 2534 1584 2520 1555 2548 1516 2520 1494 2538 1448 2520 1397 2538 1329 2520 1282 2545 1257 2523 1175 2541 1056 2498 1038 2509 991 2480 923 2530 887 2513 715 2513 697 2495 632 2513 517 2513 477 2487 420 2498 326 2448"/></Shape>
	    <String CONTENT="בפני עצמו ˙ איש איש כי יהיה זב מבשרו ˙ ואשה כי יזוב זוב דמה ˙"
                    HPOS="319.0"
                    VPOS="2372.0"
                    WIDTH="1829.0"
                    HEIGHT="176.0"></String>
          </TextLine>

          
          
          <TextLine ID="eSc_line_1652852"
                    
                    BASELINE="281 2523 373 2545 628 2570 1232 2591 1361 2588 1850 2606 2141 2606" 
                    HPOS="280.0"
                    VPOS="2477.0"
                    WIDTH="1858.0"
                    HEIGHT="190.0">
            <Shape><Polygon POINTS="280 2520 319 2477 416 2502 492 2495 553 2527 574 2509 621 2523 668 2502 697 2527 891 2513 937 2541 977 2520 1024 2538 1063 2498 1135 2548 1207 2548 1221 2534 1236 2545 1250 2530 1297 2545 1347 2520 1390 2552 1494 2548 1509 2563 1566 2541 1642 2541 1670 2559 1739 2563 1789 2545 1872 2559 1890 2541 1972 2530 2026 2538 2044 2556 2109 2538 2130 2559 2138 2602 2120 2642 1911 2645 1850 2624 1760 2667 1721 2627 1667 2642 1645 2624 1609 2653 1530 2606 1502 2635 1480 2617 1448 2638 1290 2638 1228 2631 1207 2609 1175 2627 1131 2609 1103 2631 1063 2602 1009 2642 970 2613 883 2613 855 2635 822 2602 639 2617 549 2591 488 2599 463 2574 384 2581 359 2599 337 2577 283 2566"/></Shape>
	    <String CONTENT="בעצלתים ימך המקרה ˙ ובשפלות ידים ידלוף הבית&#39; ˙ בעצלתים ימך המקרה"
                    HPOS="280.0"
                    VPOS="2477.0"
                    WIDTH="1858.0"
                    HEIGHT="190.0"></String>
          </TextLine>

          
          
          <TextLine ID="eSc_line_1652847"
                    
                    BASELINE="281 2620 402 2642 901 2678 1189 2688 1509 2692 1742 2703 2048 2703 2156 2714" 
                    HPOS="280.0"
                    VPOS="2581.0"
                    WIDTH="1872.0"
                    HEIGHT="168.0">
            <Shape><Polygon POINTS="280 2617 334 2584 366 2595 388 2581 431 2584 456 2617 499 2599 740 2624 819 2609 848 2635 952 2617 998 2645 1063 2602 1092 2631 1167 2635 1203 2606 1228 2638 1343 2631 1369 2645 1433 2631 1451 2642 1484 2620 1498 2635 1527 2609 1599 2653 1717 2627 1753 2667 1818 2642 2015 2653 2055 2638 2076 2663 2112 2663 2152 2710 2073 2749 2023 2724 1997 2739 1972 2717 1929 2742 1742 2749 1678 2721 1591 2735 1570 2717 1530 2728 1505 2710 1437 2739 1422 2724 1390 2735 1369 2714 1307 2735 1243 2731 1207 2706 1142 2742 1121 2721 1092 2728 1070 2699 1016 2731 927 2710 901 2688 866 2714 797 2714 765 2674 704 2706 671 2710 643 2681 539 2692 517 2710 481 2670 409 2685 384 2660 344 2674 291 2620"/></Shape>
	    <String CONTENT="על ידי שנתעצלו ישרﭏ לחנות במחלוקת לפני הר סיני ˙ ימך המקרה ויט"
                    HPOS="280.0"
                    VPOS="2581.0"
                    WIDTH="1872.0"
                    HEIGHT="168.0"></String>
          </TextLine>

          
          
          <TextLine ID="eSc_line_1652851"
                    
                    BASELINE="281 2722 700 2764 1469 2793 2066 2793 2166 2783" 
                    HPOS="280.0"
                    VPOS="2667.0"
                    WIDTH="1883.0"
                    HEIGHT="179.0">
            <Shape><Polygon POINTS="280 2721 334 2667 384 2670 416 2692 481 2670 517 2714 539 2696 603 2699 646 2681 671 2710 772 2699 858 2717 898 2688 919 2710 1006 2728 1042 2728 1070 2703 1135 2746 1214 2721 1243 2746 1264 2731 1286 2746 1333 2731 1354 2757 1401 2731 1444 2746 1469 2724 1494 2742 1541 2735 1573 2749 1634 2721 1670 2746 1793 2753 2033 2739 2163 2782 2094 2843 1879 2818 1843 2832 1821 2807 1775 2846 1688 2828 1656 2839 1624 2814 1555 2836 1505 2810 1462 2832 1379 2828 1358 2807 1325 2828 1297 2807 1246 2825 1106 2828 1038 2793 984 2814 923 2793 891 2814 855 2789 819 2807 718 2800 675 2818 639 2793 589 2807 549 2782 452 2793 309 2724"/></Shape>
	    <String CONTENT="שמים וירד ˙ ובשפלות ידים על ידי שנשפלו ישר&#39; לחנות במחלוקת לפני הר"
                    HPOS="280.0"
                    VPOS="2667.0"
                    WIDTH="1883.0"
                    HEIGHT="179.0"></String>
          </TextLine>

          
          
          <TextLine ID="eSc_line_1652850"
                    
                    BASELINE="281 2814 467 2839 840 2864 970 2864 1642 2893 2166 2886" 
                    HPOS="280.0"
                    VPOS="2728.0"
                    WIDTH="1883.0"
                    HEIGHT="222.0">
            <Shape><Polygon POINTS="280 2810 287 2778 341 2728 388 2778 513 2800 553 2789 589 2810 636 2800 650 2814 715 2807 758 2821 855 2793 883 2814 941 2821 1031 2796 1099 2828 1347 2825 1422 2839 1494 2821 1552 2846 1631 2821 1649 2839 1717 2832 1803 2861 1882 2818 1904 2839 1951 2846 2120 2843 2163 2882 2112 2929 2066 2915 2019 2925 1965 2889 1836 2950 1800 2925 1728 2936 1710 2922 1638 2940 1573 2922 1509 2936 1476 2918 1318 2936 1272 2904 1171 2918 1124 2886 1056 2915 1034 2900 991 2915 830 2907 751 2886 700 2900 661 2875 632 2897 600 2872 513 2897 492 2879 384 2872 352 2843 330 2857 283 2814"/></Shape>
	    <String CONTENT="סיני ˙ ילף הבית וגם עבים נטפו מים ˙ ד&#39;א&#39; בעצלתים על ידי שנתעצלו"
                    HPOS="280.0"
                    VPOS="2728.0"
                    WIDTH="1883.0"
                    HEIGHT="222.0"></String>
          </TextLine>

          
          
          <TextLine ID="eSc_line_1652853"
                    
                    BASELINE="280 2911 812 2965 1365 2979 1534 2990 1821 2990 2156 2968" 
                    HPOS="276.0"
                    VPOS="2857.0"
                    WIDTH="1876.0"
                    HEIGHT="190.0">
            <Shape><Polygon POINTS="276 2907 341 2857 506 2897 614 2889 671 2907 751 2886 786 2915 894 2904 959 2922 1193 2922 1254 2940 1383 2929 1426 2943 1566 2929 1577 2943 1681 2933 1724 2947 1771 2933 1782 2950 1818 2950 1872 2943 1965 2889 1997 2925 2059 2933 2069 2950 2145 2907 2152 2965 2141 2990 2094 3015 1951 3019 1872 3047 1800 3026 1703 3044 1642 3019 1530 3033 1480 3026 1458 3004 1394 3026 1297 3022 1214 2986 1067 3037 1016 2994 941 3029 912 2994 851 3008 819 2994 790 3019 747 2986 600 2994 539 2983 506 2954 438 2979 283 2911"/></Shape>
	    <String CONTENT="ישרﭏ לעשות תשובה בימי ירמיה ˙ ימך המקרה ניגל את מסך יהודה"
                    HPOS="276.0"
                    VPOS="2857.0"
                    WIDTH="1876.0"
                    HEIGHT="190.0"></String>
          </TextLine>

          
          
          <TextLine ID="eSc_line_1652855"
                    
                    BASELINE="262 3011 391 3019 664 3055 1106 3080 1272 3076 1645 3094 1965 3090 2159 3076" 
                    HPOS="258.0"
                    VPOS="2958.0"
                    WIDTH="1898.0"
                    HEIGHT="183.0">
            <Shape><Polygon POINTS="258 3008 269 2958 341 2958 452 2990 470 2976 517 3001 546 2979 628 3004 733 2997 790 3015 819 2994 844 3012 876 2994 934 3029 1002 2997 1092 3040 1171 3019 1203 3037 1354 3022 1426 3040 1566 3040 1620 3019 1660 3044 1749 3051 1782 3029 1803 3051 1839 3051 1969 3047 1997 3026 2033 3037 2055 3015 2084 3015 2156 3073 2145 3101 2102 3134 2076 3130 2048 3098 1958 3134 1908 3134 1890 3116 1861 3134 1818 3116 1749 3141 1620 3126 1552 3137 1534 3119 1358 3134 1333 3105 1293 3123 1268 3098 1218 3130 1153 3112 1103 3134 1088 3116 1031 3126 973 3094 894 3112 819 3094 761 3112 729 3090 639 3101 528 3073 492 3087 409 3051 373 3073 359 3058 344 3069 262 3022"/></Shape>
	    <String CONTENT="גלי דוכסיה ˙ ובשפלות ידים על ידי שנשתפלו ישר&#39; לעשות תשוב&#39; בימי ירמיה ˙"
                    HPOS="258.0"
                    VPOS="2958.0"
                    WIDTH="1898.0"
                    HEIGHT="183.0"></String>
          </TextLine>

          
          
          <TextLine ID="eSc_line_1652848"
                    
                    BASELINE="262 3118 434 3141 1024 3177 2051 3180 2163 3166" 
                    HPOS="258.0"
                    VPOS="3090.0"
                    WIDTH="1901.0"
                    HEIGHT="144.0">
            <Shape><Polygon POINTS="258 3116 262 3090 477 3094 492 3108 542 3101 574 3116 614 3101 650 3123 707 3105 729 3119 758 3098 812 3123 866 3101 945 3101 1009 3137 1228 3126 1257 3141 1595 3134 1627 3148 1656 3130 1674 3144 1778 3152 1890 3134 1976 3144 1997 3123 2062 3123 2159 3162 2148 3209 2012 3209 1987 3234 1926 3205 1897 3223 1818 3231 1749 3209 1714 3227 1638 3209 1584 3227 1545 3209 1512 3223 1476 3209 1426 3223 1275 3205 1250 3220 1070 3216 1034 3202 1020 3216 909 3213 887 3198 873 3213 794 3198 765 3209 729 3184 632 3195 621 3180 567 3202 531 3180 388 3177 344 3202 309 3202 262 3177"/></Shape>
	    <String CONTENT="ידלוף הבית כי הנה ייי מצוה והבה את הבית הגדול רסיסים ˙ ואת הבית הקטן"
                    HPOS="258.0"
                    VPOS="3090.0"
                    WIDTH="1901.0"
                    HEIGHT="144.0"></String>
          </TextLine>

          
        </TextBlock>
        
        <TextBlock HPOS="158.0"
                   VPOS="3895.0"
                   WIDTH="255.0"
                   HEIGHT="269.0"
                   ID="eSc_textblock_11480"
                   TAGREFS="BT845">
          <Shape><Polygon POINTS="413 3895 413 4164 158 4164 158 3895"/></Shape>
          
          
          <TextLine ID="eSc_line_1995445"
                    
                    BASELINE="191 3985 385 4056" 
                    HPOS="177.0"
                    VPOS="3947.0"
                    WIDTH="221.0"
                    HEIGHT="146.0">
            <Shape><Polygon POINTS="204 3947 398 4018 371 4093 177 4022"/></Shape>
	    <String CONTENT="בקיעים"
                    HPOS="177.0"
                    VPOS="3947.0"
                    WIDTH="221.0"
                    HEIGHT="146.0"></String>
          </TextLine>

          
        </TextBlock>
        

        
      </PrintSpace>
    </Page>
  </Layout>
</alto>
