<?xml version="1.0" encoding="UTF-8"?>
<alto xmlns:xsi="http://www.w3.org/2001/XMLSchema-instance"
      xmlns="http://www.loc.gov/standards/alto/ns-v4#"
      xsi:schemaLocation="http://www.loc.gov/standards/alto/ns-v4# http://www.loc.gov/standards/alto/v4/alto-4-2.xsd">
  <Description>
    <MeasurementUnit>pixel</MeasurementUnit>
    <sourceImageInformation>
      <fileName>bsb00084914_00185.jpg</fileName>
      
    </sourceImageInformation>
  </Description>
  
  <Tags>
    <OtherTag ID="BT1" LABEL="Title" DESCRIPTION="block type Title"/><OtherTag ID="BT2" LABEL="Main" DESCRIPTION="block type Main"/><OtherTag ID="BT3" LABEL="Commentary" DESCRIPTION="block type Commentary"/><OtherTag ID="BT4" LABEL="Illustration" DESCRIPTION="block type Illustration"/><OtherTag ID="BT844" LABEL="Margin" DESCRIPTION="block type Margin"/><OtherTag ID="BT845" LABEL="Paratext" DESCRIPTION="block type Paratext"/><OtherTag ID="BT978" LABEL="Hole" DESCRIPTION="block type Hole"/>
    <OtherTag ID="LT2" LABEL="Numbering" DESCRIPTION="line type Numbering"/><OtherTag ID="LT3" LABEL="Correction" DESCRIPTION="line type Correction"/>
  </Tags>
  
  <Layout>
    <Page WIDTH="3132"
          HEIGHT="4306"
          PHYSICAL_IMG_NR="184"
          ID="eSc_dummypage_">
      <PrintSpace HPOS="0"
                  VPOS="0"
                  WIDTH="3132"
                  HEIGHT="4306">
        
        <TextBlock HPOS="937.0"
                   VPOS="578.0"
                   WIDTH="1851.0"
                   HEIGHT="2611.0"
                   ID="eSc_textblock_10701"
                   TAGREFS="BT2">
          <Shape><Polygon POINTS="937 607 2753 578 2788 3171 960 3189"/></Shape>
          
          
          <TextLine ID="eSc_line_1648523"
                    
                    BASELINE="977 681 1034 678 2104 681 2352 671 2763 632" 
                    HPOS="976.0"
                    VPOS="606.0"
                    WIDTH="1786.0"
                    HEIGHT="126.0">
            <Shape><Polygon POINTS="976 678 980 635 998 627 1023 649 1048 635 1231 649 1260 624 1328 617 1364 620 1393 645 1458 645 1479 624 1548 645 1738 642 1770 613 1821 613 1864 642 2180 638 2216 610 2309 610 2345 635 2370 613 2449 627 2507 606 2733 606 2762 631 2754 685 2553 685 2514 710 2478 710 2449 688 2377 724 2284 699 2266 717 2208 703 2194 717 2137 710 2043 728 1975 714 1921 728 1831 728 1810 714 1777 724 1738 706 1684 728 1645 710 1598 732 1486 714 1429 732 1368 703 1325 724 1307 706 1246 724 1124 699 1084 714 980 699"/></Shape>
	    <String CONTENT="שעשה בו חבורה והלא כבר נאמר חבורה תחת חבורה ˙ ומה ת&#39;ל&#39; כויה תחת כויה"
                    HPOS="976.0"
                    VPOS="606.0"
                    WIDTH="1786.0"
                    HEIGHT="126.0"></String>
          </TextLine>

          
          
          <TextLine ID="eSc_line_1648524"
                    
                    BASELINE="977 770 1095 764 1307 775 1946 782 2205 767 2420 764 2650 735 2762 728" 
                    HPOS="976.0"
                    VPOS="671.0"
                    WIDTH="1782.0"
                    HEIGHT="161.0">
            <Shape><Polygon POINTS="976 767 987 696 1048 732 1088 732 1113 706 1163 735 1181 717 1253 732 1300 710 1343 732 1368 706 1436 732 1526 721 1562 739 1821 721 1846 742 1950 732 1997 746 2040 732 2147 739 2194 721 2212 739 2273 724 2291 742 2309 724 2438 710 2463 724 2557 688 2607 699 2647 685 2661 699 2704 671 2758 724 2683 771 2582 778 2557 796 2542 785 2428 800 2406 818 2366 803 2331 818 2262 803 2208 814 2173 796 2147 825 2129 807 2104 825 2014 828 1961 810 1882 832 1831 807 1777 821 1752 800 1662 825 1634 810 1519 818 1501 800 1422 818 1368 796 1339 825 1242 825 1224 807 1174 825 1152 803 1052 821 1002 782 980 785"/></Shape>
	    <String CONTENT="אלא כואו על כף רגלו ולא רשם בו טענו אבנים וציערו הטיל וציננו שלג על"
                    HPOS="976.0"
                    VPOS="671.0"
                    WIDTH="1782.0"
                    HEIGHT="161.0"></String>
          </TextLine>

          
          
          <TextLine ID="eSc_line_1648525"
                    
                    BASELINE="977 864 2122 864 2489 846 2762 814" 
                    HPOS="976.0"
                    VPOS="771.0"
                    WIDTH="1782.0"
                    HEIGHT="158.0">
            <Shape><Polygon POINTS="976 861 980 796 994 782 1059 825 1149 810 1163 825 1206 810 1239 828 1364 825 1393 807 1451 807 1479 828 1630 814 1662 828 1752 796 1777 821 1835 810 1878 839 2032 818 2133 825 2176 796 2223 821 2323 825 2352 807 2395 818 2453 800 2550 803 2690 771 2715 771 2758 810 2726 854 2629 875 2568 864 2539 882 2395 889 2366 871 2313 904 2248 900 2212 918 2147 897 2079 915 1946 918 1925 904 1900 918 1846 882 1799 911 1752 915 1555 897 1508 918 1461 889 1415 907 1339 900 1300 929 1260 904 1124 925 1095 897 1055 904 980 861"/></Shape>
	    <String CONTENT="ראשו וציננו הרי זה נותן לו דמי צערו ˙ אבל היה מרוכך ומעודן ומפונק כל"
                    HPOS="976.0"
                    VPOS="771.0"
                    WIDTH="1782.0"
                    HEIGHT="158.0"></String>
          </TextLine>

          
          
          <TextLine ID="eSc_line_1648526"
                    
                    BASELINE="1306 944 1637 954 1684 950 2173 954 2298 947 2762 900" 
                    HPOS="1303.0"
                    VPOS="857.0"
                    WIDTH="1455.0"
                    HEIGHT="147.0">
            <Shape><Polygon POINTS="1303 943 1321 911 1407 911 1461 893 1508 918 1566 897 1583 911 1605 900 1738 922 1946 922 1971 907 2079 922 2104 900 2180 918 2302 907 2366 875 2406 897 2557 875 2582 886 2715 857 2758 897 2700 943 2672 936 2647 965 2621 943 2593 961 2424 961 2399 979 2284 972 2262 986 2219 976 2111 1001 1964 983 1946 1001 1867 983 1842 1001 1777 990 1745 1004 1666 986 1605 997 1558 961 1519 993 1386 993 1343 972 1310 990"/></Shape>
	    <String CONTENT="שכן צערו מכופל זה הוא הצער האמור בתורה כויה תחת כויה ˙˙"
                    HPOS="1303.0"
                    VPOS="857.0"
                    WIDTH="1455.0"
                    HEIGHT="147.0"></String>
          </TextLine>

          
          
          <TextLine ID="eSc_line_a95bb11b"
                    
                    BASELINE="2249 1044 2395 1047 2460 1044 2618 1033 2733 1033" 
                    HPOS="2248.0"
                    VPOS="950.0"
                    WIDTH="481.0"
                    HEIGHT="212.0">
            <Shape><Polygon POINTS="2248 1040 2252 976 2402 976 2424 954 2445 972 2528 972 2575 950 2643 968 2665 950 2718 950 2729 1029 2711 1137 2596 1130 2564 1159 2456 1144 2406 1162 2302 1159 2255 1137"/></Shape>
	    <String CONTENT="פרשה ט&#39;"
                    HPOS="2248.0"
                    VPOS="950.0"
                    WIDTH="481.0"
                    HEIGHT="212.0"></String>
          </TextLine>

          
          
          <TextLine ID="eSc_line_1648528"
                    
                    BASELINE="948 1015 1379 1040 1961 1037 2191 1042" 
                    HPOS="944.0"
                    VPOS="968.0"
                    WIDTH="1246.0"
                    HEIGHT="122.0">
            <Shape><Polygon POINTS="944 1011 951 968 994 968 1034 997 1106 997 1131 972 1192 972 1242 976 1267 1001 1310 1001 1346 976 1375 1001 1490 1004 1526 979 1587 979 1637 1008 1716 986 1738 1008 1795 1011 1914 1011 1935 997 1964 1011 1997 990 2032 1015 2079 1015 2183 990 2190 1040 2180 1080 2144 1090 2111 1076 1903 1087 1874 1072 1806 1087 1792 1072 1695 1083 1580 1065 1562 1080 1526 1065 1267 1076 1188 1058 1145 1072 948 1069"/></Shape>
	    <String CONTENT="וכי יכה איש את עין עבדו למה נאמ&#39; פרש&#39; זו לפי שהו&#39;"
                    HPOS="944.0"
                    VPOS="968.0"
                    WIDTH="1246.0"
                    HEIGHT="122.0"></String>
          </TextLine>

          
          
          <TextLine ID="eSc_line_1648530"
                    
                    BASELINE="989 1126 1821 1123 2197 1129" 
                    HPOS="987.0"
                    VPOS="1058.0"
                    WIDTH="1207.0"
                    HEIGHT="129.0">
            <Shape><Polygon POINTS="987 1123 991 1076 1030 1058 1066 1080 1106 1069 1181 1083 1210 1069 1393 1083 1433 1069 1479 1087 1526 1072 1609 1083 1641 1065 1662 1087 1713 1090 1853 1087 1874 1065 1907 1090 2036 1087 2076 1069 2140 1090 2173 1072 2194 1126 2151 1166 2104 1180 1935 1159 1860 1187 1767 1166 1558 1184 1483 1155 1458 1180 1425 1169 1400 1184 1375 1159 1336 1180 1267 1151 1199 1173 1081 1155 1012 1184 991 1162"/></Shape>
	    <String CONTENT="אומ&#39; והתנחלתם אתם לבניכם וגו&#39; ˙ שומע אני אפי&#39;"
                    HPOS="987.0"
                    VPOS="1058.0"
                    WIDTH="1207.0"
                    HEIGHT="129.0"></String>
          </TextLine>

          
          
          <TextLine ID="eSc_line_1648532"
                    
                    BASELINE="989 1227 1688 1223 2216 1227 2776 1191" 
                    HPOS="987.0"
                    VPOS="1126.0"
                    WIDTH="1785.0"
                    HEIGHT="158.0">
            <Shape><Polygon POINTS="987 1223 994 1184 1059 1169 1077 1184 1156 1184 1178 1166 1203 1180 1242 1162 1264 1184 1318 1173 1336 1187 1479 1187 1497 1173 1576 1187 1601 1173 1698 1191 1759 1169 1777 1187 1860 1194 1900 1191 1943 1162 2054 1194 2169 1187 2187 1169 2295 1169 2323 1184 2370 1166 2413 1180 2460 1151 2517 1169 2593 1155 2621 1126 2661 1155 2715 1141 2772 1187 2665 1245 2546 1241 2428 1270 2320 1255 2241 1281 2165 1259 2025 1277 2000 1252 1968 1273 1860 1281 1759 1248 1720 1263 1698 1245 1655 1273 1605 1252 1583 1273 1411 1259 1361 1263 1343 1281 1293 1259 1267 1284 1217 1248 1199 1266 994 1266"/></Shape>
	    <String CONTENT="הפיל את שינו וסימא את עינו ˙ ת&#39;ל&#39; וכי יכה איש את עין עבדו וגו&#39; ˙ ואם שן"
                    HPOS="987.0"
                    VPOS="1126.0"
                    WIDTH="1785.0"
                    HEIGHT="158.0"></String>
          </TextLine>

          
          
          <TextLine ID="eSc_line_1648533"
                    
                    BASELINE="976 1320 2115 1320 2410 1309 2618 1288 2772 1281" 
                    HPOS="973.0"
                    VPOS="1237.0"
                    WIDTH="1796.0"
                    HEIGHT="144.0">
            <Shape><Polygon POINTS="973 1316 1005 1266 1063 1270 1077 1255 1106 1277 1167 1255 1199 1273 1221 1259 1260 1288 1293 1259 1325 1281 1372 1270 1411 1284 1451 1263 1515 1281 1605 1266 1652 1281 1702 1245 1727 1270 1759 1248 1885 1288 1979 1281 1997 1263 2022 1284 2047 1270 2115 1284 2162 1263 2187 1277 2323 1255 2349 1273 2453 1270 2546 1245 2586 1255 2718 1237 2769 1277 2708 1324 2611 1320 2575 1352 2374 1338 2331 1370 2223 1349 2201 1370 2173 1359 2151 1381 2111 1359 1986 1370 1896 1345 1871 1367 1824 1356 1806 1370 1727 1349 1695 1367 1609 1356 1497 1374 1476 1352 1433 1359 1404 1334 1368 1359 1289 1370 1206 1349 1174 1363 1134 1352 1063 1367 1045 1352 1012 1367 976 1331"/></Shape>
	    <String CONTENT="עבדו וגו&#39; והרי הכת&#39; מוציא עבד עברי מכללו להחמיר עליו שהו&#39;[א] ˙ יוצא [ברא&#39;]"
                    HPOS="973.0"
                    VPOS="1237.0"
                    WIDTH="1796.0"
                    HEIGHT="144.0"></String>
          </TextLine>

          
          
          <TextLine ID="eSc_line_1648534"
                    
                    BASELINE="970 1406 2334 1413 2643 1381 2751 1374" 
                    HPOS="969.0"
                    VPOS="1320.0"
                    WIDTH="1778.0"
                    HEIGHT="154.0">
            <Shape><Polygon POINTS="969 1403 1002 1367 1138 1370 1210 1352 1289 1370 1375 1356 1400 1331 1425 1356 1469 1349 1494 1374 1576 1363 1601 1377 1645 1356 1695 1374 1731 1352 1759 1374 1792 1363 1939 1377 2025 1359 2076 1381 2147 1381 2173 1367 2248 1370 2262 1356 2334 1374 2374 1338 2417 1363 2456 1363 2474 1345 2578 1349 2668 1320 2722 1327 2747 1370 2700 1417 2621 1431 2557 1417 2524 1442 2456 1435 2417 1460 2402 1449 2338 1467 2302 1442 2255 1442 2237 1460 2173 1446 2129 1467 2093 1467 2076 1449 1975 1442 1953 1456 1928 1442 1907 1464 1885 1453 1835 1471 1813 1453 1781 1474 1731 1446 1645 1467 1566 1438 1530 1471 1429 1438 1386 1464 1339 1428 1296 1464 1239 1449 1134 1460 1106 1431 1063 1464 1045 1446 973 1435"/></Shape>
	    <String CONTENT="בראשי אברים לכך נאמר פרשה וכי יכה איש ˙ אין לי ﭏא איש אשה"
                    HPOS="969.0"
                    VPOS="1320.0"
                    WIDTH="1778.0"
                    HEIGHT="154.0"></String>
          </TextLine>

          
          
          <TextLine ID="eSc_line_1648535"
                    
                    BASELINE="970 1515 1088 1510 1619 1510 1860 1521 2122 1521 2460 1503 2762 1456" 
                    HPOS="969.0"
                    VPOS="1413.0"
                    WIDTH="1789.0"
                    HEIGHT="165.0">
            <Shape><Polygon POINTS="969 1514 973 1474 998 1449 1027 1478 1059 1474 1102 1431 1149 1471 1214 1456 1300 1471 1339 1428 1390 1474 1508 1460 1544 1481 1587 1474 1616 1449 1645 1478 1706 1449 1770 1489 1846 1478 1864 1460 1889 1481 1935 1456 1961 1474 1986 1449 2068 1478 2176 1478 2201 1453 2241 1467 2262 1446 2298 1446 2327 1471 2381 1471 2708 1413 2758 1453 2715 1503 2675 1503 2629 1528 2553 1525 2499 1546 2471 1528 2453 1546 2374 1560 2266 1550 2244 1571 2140 1553 2043 1578 1971 1542 1803 1564 1741 1550 1691 1568 1673 1550 1637 1564 1601 1546 1515 1575 1411 1546 1275 1564 1231 1539 1152 1571 1102 1539 1073 1568 976 1542"/></Shape>
	    <String CONTENT="מניין היה ר&#39; ישמעﭏ אומר וגו&#39; ר&#39; יאשיה או&#39; איש ואשה למה נאמ&#39; לפי [/]"
                    HPOS="969.0"
                    VPOS="1413.0"
                    WIDTH="1789.0"
                    HEIGHT="165.0"></String>
          </TextLine>

          
          
          <TextLine ID="eSc_line_1648547"
                    
                    BASELINE="970 1598 1113 1614 1684 1611 2349 1614 2366 1612 2540 1588 2553 1589 2765 1557" 
                    HPOS="969.0"
                    VPOS="1510.0"
                    WIDTH="1793.0"
                    HEIGHT="165.0">
            <Shape><Polygon POINTS="969 1596 984 1560 1167 1571 1231 1539 1307 1578 1346 1560 1386 1575 1436 1560 1562 1578 1609 1550 1637 1571 1673 1557 1695 1575 1731 1575 1749 1557 1785 1578 1817 1557 1867 1568 1943 1553 1979 1578 2004 1560 2029 1575 2201 1564 2234 1578 2269 1553 2331 1575 2413 1560 2431 1542 2507 1550 2711 1510 2762 1553 2686 1611 2636 1600 2532 1639 2428 1614 2392 1650 2313 1647 2226 1668 2190 1647 2137 1657 2119 1643 2054 1675 2036 1657 2000 1664 1975 1650 1921 1672 1871 1643 1835 1664 1813 1643 1781 1664 1720 1657 1698 1675 1662 1650 1627 1672 1533 1643 1486 1675 1443 1639 1400 1664 1368 1636 1336 1668 1318 1650 1249 1657 1217 1636 1178 1672 1138 1647 1095 1661 1073 1639 1055 1654 976 1643"/></Shape>
	    <String CONTENT="שהוא אומר וכי יפתח איש בור וגו&#39; ˙ ר&#39; יונתן או&#39; אינו צריך והלא כבר נאמ&#39;"
                    HPOS="969.0"
                    VPOS="1510.0"
                    WIDTH="1793.0"
                    HEIGHT="165.0"></String>
          </TextLine>

          
          
          <TextLine ID="eSc_line_1648548"
                    
                    BASELINE="996 1702 1267 1715 1688 1711 2280 1715 2417 1704 2672 1672 2754 1672" 
                    HPOS="994.0"
                    VPOS="1596.0"
                    WIDTH="1757.0"
                    HEIGHT="190.0">
            <Shape><Polygon POINTS="994 1700 1009 1654 1185 1672 1217 1639 1264 1675 1328 1675 1357 1700 1407 1661 1497 1672 1537 1643 1591 1675 1637 1675 1655 1657 1677 1679 1720 1661 1749 1682 1838 1664 1957 1672 1975 1654 2043 1682 2158 1679 2180 1657 2262 1668 2313 1647 2374 1672 2428 1618 2474 1650 2550 1632 2560 1643 2636 1596 2672 1618 2740 1618 2751 1668 2740 1715 2715 1693 2690 1711 2643 1697 2557 1743 2510 1722 2463 1747 2370 1743 2345 1769 2284 1740 2244 1754 2190 1743 2147 1776 2111 1754 2040 1772 1979 1747 1939 1765 1910 1743 1882 1772 1846 1754 1813 1779 1788 1769 1767 1786 1745 1786 1709 1751 1533 1761 1501 1747 1472 1765 1296 1751 1275 1769 1231 1769 1124 1747 1099 1769 1016 1736 998 1754"/></Shape>
	    <String CONTENT="בעל הבור ישלם וגו&#39; את עין עבדו או את עין אמתו לחייב על זה בפני עצמו"
                    HPOS="994.0"
                    VPOS="1596.0"
                    WIDTH="1757.0"
                    HEIGHT="190.0"></String>
          </TextLine>

          
          
          <TextLine ID="eSc_line_1648549"
                    
                    BASELINE="969 1808 2284 1815 2553 1794 2754 1756" 
                    HPOS="966.0"
                    VPOS="1718.0"
                    WIDTH="1785.0"
                    HEIGHT="162.0">
            <Shape><Polygon POINTS="966 1804 969 1772 1020 1736 1095 1772 1131 1754 1156 1769 1278 1769 1303 1747 1350 1751 1386 1779 1436 1783 1479 1761 1555 1761 1598 1779 1619 1758 1680 1754 1752 1786 1781 1772 1921 1786 1961 1758 2025 1783 2115 1783 2190 1747 2241 1765 2266 1754 2291 1779 2363 1776 2381 1758 2424 1769 2478 1736 2643 1747 2672 1718 2740 1729 2751 1754 2740 1790 2697 1819 2607 1819 2499 1851 2460 1837 2402 1873 2384 1858 2309 1873 2284 1847 2255 1862 2223 1855 2201 1876 2173 1847 2144 1869 2104 1869 2072 1844 2029 1873 1982 1876 1957 1858 1932 1876 1871 1858 1734 1858 1680 1880 1648 1862 1551 1873 1508 1851 1382 1862 1339 1844 1318 1865 1267 1855 1217 1876 1113 1844 1034 1865 969 1833"/></Shape>
	    <String CONTENT="ועל זה בפני עצמו ˙ ר&#39; ﭏיעזר אומ&#39; בכנעני הכת&#39; מדבר אתה או&#39; בכנעני הכת&#39;"
                    HPOS="966.0"
                    VPOS="1718.0"
                    WIDTH="1785.0"
                    HEIGHT="162.0"></String>
          </TextLine>

          
          
          <TextLine ID="eSc_line_1648550"
                    
                    BASELINE="1199 1919 1831 1930 2198 1926 2499 1905 2643 1887 2754 1863" 
                    HPOS="1196.0"
                    VPOS="1826.0"
                    WIDTH="1555.0"
                    HEIGHT="161.0">
            <Shape><Polygon POINTS="1196 1916 1199 1876 1267 1858 1293 1880 1407 1869 1425 1887 1479 1873 1573 1891 1637 1869 1662 1887 1727 1891 1756 1873 1774 1891 1821 1891 1867 1858 1961 1894 2126 1883 2169 1847 2205 1883 2234 1862 2277 1883 2428 1869 2460 1837 2499 1851 2593 1830 2611 1847 2632 1826 2700 1826 2751 1862 2715 1916 2661 1916 2625 1948 2593 1919 2560 1952 2503 1934 2485 1952 2431 1944 2359 1969 2320 1955 2259 1973 2237 1955 2194 1980 2169 1962 2079 1987 2054 1969 2014 1984 1946 1955 1917 1977 1842 1966 1821 1980 1709 1959 1659 1980 1641 1962 1612 1973 1591 1959 1479 1969 1336 1955 1307 1973 1246 1952 1199 1969"/></Shape>
	    <String CONTENT="מדבר או אינו מדבר אלא בעברי ת&#39;ל&#39; מהם תיקנו עבד ואמה ˙˙"
                    HPOS="1196.0"
                    VPOS="1826.0"
                    WIDTH="1555.0"
                    HEIGHT="161.0"></String>
          </TextLine>

          
          
          <TextLine ID="eSc_line_1648537"
                    
                    BASELINE="974 2023 1052 2030 2273 2030 2489 2016 2769 1969" 
                    HPOS="973.0"
                    VPOS="1919.0"
                    WIDTH="1792.0"
                    HEIGHT="172.0">
            <Shape><Polygon POINTS="973 2020 976 1987 1030 1934 1070 1962 1156 1984 1217 1969 1257 1984 1275 1966 1314 1984 1339 1955 1433 1955 1465 1987 1583 1962 1691 1995 1806 1995 1835 1966 1878 1987 1975 1973 2004 1995 2040 1977 2072 1995 2129 1973 2194 1984 2219 1959 2255 1995 2298 1973 2338 1991 2374 1962 2435 1980 2460 1952 2481 1962 2507 1937 2532 1959 2625 1952 2661 1919 2679 1934 2722 1919 2765 1966 2718 2020 2643 2027 2586 2059 2503 2066 2471 2052 2370 2088 2331 2070 2205 2070 2183 2091 2144 2070 2115 2088 2043 2070 1928 2091 1903 2070 1781 2070 1759 2091 1627 2063 1587 2084 1519 2059 1393 2088 1296 2063 1152 2077 1106 2045 1063 2074 1020 2056 1002 2074 980 2066"/></Shape>
	    <String CONTENT="את עין עבדו וגו&#39; ˙ שומע אני אפי&#39; העלת חוַרְוַר ← ת&#39;ל&#39; ושחת&#39; לא אמרתי אלא"
                    HPOS="973.0"
                    VPOS="1919.0"
                    WIDTH="1792.0"
                    HEIGHT="172.0"></String>
          </TextLine>

          
          
          <TextLine ID="eSc_line_1648544"
                    
                    BASELINE="970 2124 1066 2131 1407 2127 2101 2145 2428 2127 2517 2117 2740 2074" 
                    HPOS="969.0"
                    VPOS="2027.0"
                    WIDTH="1767.0"
                    HEIGHT="169.0">
            <Shape><Polygon POINTS="969 2120 1002 2074 1034 2066 1055 2084 1095 2045 1170 2088 1476 2091 1522 2066 1555 2095 1587 2095 1662 2066 1713 2091 1767 2095 1788 2081 1813 2095 1838 2074 1903 2095 1982 2084 2040 2102 2065 2091 2079 2106 2137 2077 2162 2099 2266 2099 2309 2070 2356 2088 2424 2074 2474 2084 2611 2059 2639 2030 2657 2041 2675 2027 2726 2038 2736 2070 2718 2117 2611 2135 2568 2167 2542 2153 2481 2174 2413 2160 2374 2185 2327 2167 2287 2192 2269 2178 2158 2178 2129 2192 2090 2174 2068 2192 2011 2167 1975 2196 1957 2181 1910 2188 1892 2170 1727 2188 1684 2174 1645 2192 1569 2170 1544 2196 1425 2170 1372 2192 1314 2192 1249 2167 1203 2178 1178 2160 1134 2185 1091 2170 1038 2174 1020 2192 973 2185"/></Shape>
	    <String CONTENT="מכה שיש בה כדי השחתה ˙ מכאן אמרו טפה על עינו וסימוה על אזנו"
                    HPOS="969.0"
                    VPOS="2027.0"
                    WIDTH="1767.0"
                    HEIGHT="169.0"></String>
          </TextLine>

          
          
          <TextLine ID="eSc_line_1648551"
                    
                    BASELINE="966 2239 2280 2246 2449 2235 2747 2181" 
                    HPOS="962.0"
                    VPOS="2124.0"
                    WIDTH="1782.0"
                    HEIGHT="183.0">
            <Shape><Polygon POINTS="962 2235 966 2217 1045 2178 1152 2192 1178 2167 1228 2196 1271 2174 1285 2188 1390 2199 1433 2170 1515 2203 1673 2192 1698 2206 1785 2181 1806 2203 1838 2188 1932 2206 2011 2163 2097 2206 2137 2192 2212 2210 2287 2203 2316 2181 2356 2203 2413 2170 2456 2188 2503 2181 2550 2160 2647 2153 2700 2124 2733 2145 2744 2178 2675 2246 2586 2239 2521 2257 2496 2242 2478 2267 2410 2267 2374 2300 2341 2289 2327 2303 2262 2285 2234 2307 2212 2289 2122 2282 2083 2307 2011 2278 1975 2296 1946 2282 1856 2296 1731 2278 1688 2300 1659 2278 1569 2296 1512 2278 1494 2296 1461 2271 1429 2285 1375 2278 1346 2296 1289 2267 1246 2289 1203 2275 1167 2296 1106 2278 1084 2300 1005 2289 966 2253"/></Shape>
	    <String CONTENT="וחרשו הרי זה יוצא בן חורין כלום כנגד עינו ואינו רואה כנגד אזנו ואינו"
                    HPOS="962.0"
                    VPOS="2124.0"
                    WIDTH="1782.0"
                    HEIGHT="183.0"></String>
          </TextLine>

          
          
          <TextLine ID="eSc_line_1648539"
                    
                    BASELINE="979 2350 980 2350 1055 2343 2320 2346 2456 2336 2758 2282" 
                    HPOS="976.0"
                    VPOS="2239.0"
                    WIDTH="1778.0"
                    HEIGHT="179.0">
            <Shape><Polygon POINTS="976 2346 980 2303 1020 2289 1091 2307 1138 2289 1156 2307 1196 2307 1249 2300 1275 2275 1350 2300 1375 2278 1411 2285 1443 2267 1490 2303 1627 2303 1648 2285 1670 2307 1709 2292 1745 2303 1795 2285 1828 2310 1882 2289 1939 2307 1957 2289 1986 2307 2032 2296 2126 2314 2155 2292 2230 2310 2374 2300 2417 2275 2460 2292 2492 2260 2524 2285 2700 2239 2733 2246 2754 2278 2744 2310 2700 2343 2690 2332 2621 2364 2568 2364 2542 2386 2370 2400 2341 2375 2323 2393 2262 2386 2241 2404 2223 2386 2158 2397 2137 2418 2115 2418 2072 2375 2047 2397 2018 2389 1968 2414 1896 2414 1871 2389 1842 2404 1810 2382 1727 2386 1680 2411 1652 2382 1612 2382 1562 2411 1526 2411 1504 2389 1486 2407 1458 2404 1433 2379 1411 2397 1350 2386 1328 2404 1228 2404 1181 2375 1127 2404 1102 2389 1038 2404 1016 2382 980 2386"/></Shape>
	    <String CONTENT="שומע הרי זה אינו יוצא בן חורין דברי ר&#39; חנניה בן גמליﭏ שנ&#39; וכי יכה איש"
                    HPOS="976.0"
                    VPOS="2239.0"
                    WIDTH="1778.0"
                    HEIGHT="179.0"></String>
          </TextLine>

          
          
          <TextLine ID="eSc_line_1648545"
                    
                    BASELINE="976 2454 2090 2461 2456 2440 2636 2411 2763 2402" 
                    HPOS="973.0"
                    VPOS="2336.0"
                    WIDTH="1789.0"
                    HEIGHT="186.0">
            <Shape><Polygon POINTS="973 2450 1030 2407 1289 2411 1361 2389 1404 2414 1436 2400 1451 2414 1583 2411 1598 2425 1652 2404 1706 2418 1731 2393 1752 2411 1777 2393 1806 2422 1846 2404 1925 2418 2018 2411 2076 2436 2097 2414 2158 2418 2173 2404 2262 2418 2291 2400 2356 2411 2539 2389 2650 2364 2683 2336 2751 2357 2762 2400 2700 2450 2632 2450 2575 2479 2410 2479 2349 2504 2277 2497 2259 2479 2237 2497 2162 2493 2126 2508 2054 2490 2022 2508 1939 2479 1917 2497 1867 2483 1817 2508 1713 2479 1655 2515 1637 2497 1544 2497 1490 2515 1436 2493 1390 2504 1203 2486 1084 2508 1059 2486 1023 2486 976 2522"/></Shape>
	    <String CONTENT="עד שיעשה מעשה ˙ והפיל שתי שיניו כאחת וסימה שתי עיניו כאחת"
                    HPOS="973.0"
                    VPOS="2336.0"
                    WIDTH="1789.0"
                    HEIGHT="186.0"></String>
          </TextLine>

          
          
          <TextLine ID="eSc_line_1648546"
                    
                    BASELINE="980 2547 1361 2562 2004 2562 2485 2544 2614 2529 2635 2519 2760 2492" 
                    HPOS="976.0"
                    VPOS="2447.0"
                    WIDTH="1782.0"
                    HEIGHT="183.0">
            <Shape><Polygon POINTS="976 2544 1027 2486 1059 2486 1084 2511 1246 2511 1260 2497 1307 2511 1332 2497 1361 2511 1418 2501 1569 2519 1619 2504 1659 2519 1720 2475 1835 2519 1867 2486 1907 2515 1946 2486 1979 2515 2194 2515 2226 2497 2255 2519 2352 2508 2388 2483 2456 2497 2499 2468 2532 2490 2639 2454 2657 2468 2747 2447 2758 2490 2722 2536 2578 2551 2521 2583 2445 2580 2417 2605 2327 2587 2280 2619 2248 2594 2011 2608 1900 2597 1874 2580 1846 2601 1785 2587 1749 2605 1709 2608 1691 2594 1619 2612 1594 2594 1522 2615 1486 2597 1443 2615 1407 2587 1350 2630 1293 2576 1217 2615 1178 2590 1106 2580 980 2587"/></Shape>
	    <String CONTENT="הרי זה יוצא בן חורין ואינו נוטל כלום ˙ ת&#39;ל&#39; עין עין שן שן זו אחר זו יוצ&#39;"
                    HPOS="976.0"
                    VPOS="2447.0"
                    WIDTH="1782.0"
                    HEIGHT="183.0"></String>
          </TextLine>

          
          
          <TextLine ID="eSc_line_1648541"
                    
                    BASELINE="980 2648 1174 2644 1400 2655 1616 2655 1799 2662 2047 2658 2298 2644 2413 2648 2783 2605" 
                    HPOS="976.0"
                    VPOS="2533.0"
                    WIDTH="1804.0"
                    HEIGHT="183.0">
            <Shape><Polygon POINTS="976 2644 1048 2583 1081 2583 1113 2615 1163 2594 1221 2615 1285 2572 1386 2648 1429 2612 1476 2601 1501 2619 1594 2605 1774 2615 1806 2594 1846 2605 1882 2580 1953 2619 2093 2605 2155 2615 2201 2594 2219 2612 2277 2619 2305 2597 2327 2612 2456 2605 2571 2562 2589 2572 2639 2547 2665 2558 2686 2533 2711 2536 2780 2601 2700 2662 2661 2648 2600 2655 2568 2684 2510 2676 2467 2698 2438 2684 2341 2705 2208 2694 2190 2712 2137 2676 2097 2705 1932 2694 1910 2716 1752 2680 1702 2705 1666 2691 1648 2705 1587 2705 1540 2680 1490 2698 1368 2651 1303 2702 1214 2702 1102 2680 1034 2691 980 2648"/></Shape>
	    <String CONTENT="על הראשונה ˙ ונוטל נזקי שנייה ת&#39;ל&#39; עינו תחת שינו ˙˙ לחפשי [ישל&#39;]"
                    HPOS="976.0"
                    VPOS="2533.0"
                    WIDTH="1804.0"
                    HEIGHT="183.0"></String>
          </TextLine>

          
          
          <TextLine ID="eSc_line_1648543"
                    
                    BASELINE="981 2748 2316 2748 2410 2745 2607 2723 2643 2723 2765 2690" 
                    HPOS="980.0"
                    VPOS="2648.0"
                    WIDTH="1782.0"
                    HEIGHT="158.0">
            <Shape><Polygon POINTS="980 2745 984 2705 1020 2691 1091 2684 1131 2705 1257 2691 1278 2705 1346 2655 1386 2694 1447 2684 1508 2716 1537 2702 1569 2716 1702 2712 1738 2680 1889 2712 1946 2698 2090 2712 2129 2680 2190 2716 2244 2716 2463 2702 2510 2680 2542 2694 2650 2648 2683 2662 2729 2648 2762 2687 2693 2748 2668 2741 2639 2763 2611 2755 2564 2777 2539 2763 2510 2784 2442 2773 2359 2798 2259 2780 2180 2802 2104 2788 2072 2806 2007 2773 1907 2802 1813 2780 1770 2802 1716 2784 1695 2806 1645 2788 1526 2806 1429 2777 1397 2802 1357 2777 1289 2798 1217 2773 1174 2798 1127 2798 1005 2791 984 2770"/></Shape>
	    <String CONTENT="ישלחנו ˙ שומע אני יכתו&#39; לו גט שחרור ת&#39;ל תחת עינו ר&#39; אליעזר אומ&#39; [ש&#39;]"
                    HPOS="980.0"
                    VPOS="2648.0"
                    WIDTH="1782.0"
                    HEIGHT="158.0"></String>
          </TextLine>

          
          
          <TextLine ID="eSc_line_1648531"
                    
                    BASELINE="981 2835 1052 2841 1379 2849 2262 2849 2449 2841 2790 2784" 
                    HPOS="980.0"
                    VPOS="2737.0"
                    WIDTH="1807.0"
                    HEIGHT="165.0">
            <Shape><Polygon POINTS="980 2834 984 2802 1045 2784 1088 2802 1231 2788 1361 2813 1429 2773 1533 2809 1594 2788 1695 2809 1731 2784 1767 2809 1882 2798 1964 2813 2004 2773 2040 2806 2122 2809 2151 2788 2180 2809 2252 2780 2352 2806 2384 2788 2417 2795 2445 2770 2514 2791 2582 2780 2600 2759 2697 2755 2718 2737 2787 2780 2722 2838 2643 2841 2568 2881 2542 2867 2460 2867 2435 2885 2377 2877 2323 2895 2241 2870 2155 2892 2126 2863 2086 2892 2025 2877 1867 2895 1724 2874 1684 2902 1659 2881 1616 2888 1598 2870 1515 2899 1472 2874 1307 2899 1246 2885 1224 2863 1192 2888 1167 2867 1142 2892 1052 2885 1027 2859 984 2885"/></Shape>
	    <String CONTENT="נאמ&#39; כאן שילוח ונאמ&#39; להלן שילוח מה שילוח האמור להלן גט אף שילוח"
                    HPOS="980.0"
                    VPOS="2737.0"
                    WIDTH="1807.0"
                    HEIGHT="165.0"></String>
          </TextLine>

          
          
          <TextLine ID="eSc_line_1648522"
                    
                    BASELINE="979 2935 2402 2935 2639 2910 2790 2899" 
                    HPOS="976.0"
                    VPOS="2841.0"
                    WIDTH="1811.0"
                    HEIGHT="155.0">
            <Shape><Polygon POINTS="976 2931 980 2895 1020 2859 1055 2888 1120 2892 1170 2874 1192 2888 1221 2863 1282 2895 1461 2881 1522 2899 1576 2874 1612 2895 1691 2902 1734 2874 1810 2899 1849 2888 1871 2906 1892 2885 1982 2895 2029 2881 2058 2899 2115 2863 2151 2895 2190 2877 2212 2888 2234 2870 2266 2895 2331 2895 2363 2877 2474 2888 2535 2870 2571 2885 2711 2841 2754 2856 2787 2895 2675 2949 2578 2946 2535 2963 2521 2953 2485 2989 2388 2967 2295 2992 2248 2967 2180 2967 2155 2992 2101 2974 2040 2992 2014 2978 1961 2996 1928 2981 1842 2992 1777 2967 1724 2974 1702 2996 1688 2981 1580 2985 1540 2967 1508 2989 1465 2974 1357 2989 1296 2956 1239 2981 1192 2963 1149 2985 1106 2956 1059 2989 998 2981 980 2963"/></Shape>
	    <String CONTENT="האמור כאן גט ˙ אין לי אלא שהוא יכול להשתלח שאינו יכול להשתלח"
                    HPOS="976.0"
                    VPOS="2841.0"
                    WIDTH="1811.0"
                    HEIGHT="155.0"></String>
          </TextLine>

          
          
          <TextLine ID="eSc_line_1648521"
                    
                    BASELINE="966 3035 2341 3035 2514 3024 2769 2981" 
                    HPOS="962.0"
                    VPOS="2920.0"
                    WIDTH="1803.0"
                    HEIGHT="176.0">
            <Shape><Polygon POINTS="962 3032 966 2992 1066 2989 1109 2956 1142 2989 1196 2963 1242 2989 1293 2960 1357 2996 1418 2978 1508 2989 1548 2967 1573 2992 1609 2978 1623 2992 1727 2999 1767 2963 1842 2996 2169 2996 2190 2974 2212 2985 2241 2967 2273 2996 2370 2978 2406 2996 2435 2981 2485 2989 2521 2953 2632 2956 2754 2920 2765 2978 2736 3021 2647 3050 2618 3024 2575 3060 2542 3053 2521 3075 2492 3064 2413 3089 2323 3064 2151 3082 2122 3064 2097 3085 2058 3078 2025 3093 1925 3075 1896 3096 1828 3075 1795 3096 1756 3060 1677 3093 1648 3071 1540 3078 1522 3060 1404 3093 1368 3075 1310 3089 1271 3064 1231 3071 1199 3057 1170 3085 1142 3060 1102 3082 966 3064"/></Shape>
	    <String CONTENT="מניין ת&#39;ל&#39; לחפשי ישלחנו תחת עינו מכל מקום ˙ ר&#39; ישמעﭏ [הואיל אומ&#39;]"
                    HPOS="962.0"
                    VPOS="2920.0"
                    WIDTH="1803.0"
                    HEIGHT="176.0"></String>
          </TextLine>

          
          
          <TextLine ID="eSc_line_1648538"
                    
                    BASELINE="1002 3139 1009 3139 2284 3136 2546 3121 2783 3078" 
                    HPOS="998.0"
                    VPOS="3057.0"
                    WIDTH="1782.0"
                    HEIGHT="140.0">
            <Shape><Polygon POINTS="998 3136 1002 3096 1055 3075 1095 3089 1156 3075 1206 3093 1264 3075 1293 3103 1364 3082 1393 3100 1422 3085 1447 3100 1494 3085 1512 3096 1544 3078 1562 3093 1583 3075 1662 3103 1741 3068 1763 3068 1795 3100 1896 3100 1928 3071 1997 3100 2040 3078 2104 3085 2126 3064 2162 3096 2334 3096 2363 3082 2456 3093 2471 3078 2546 3089 2575 3060 2672 3057 2765 3057 2780 3075 2769 3143 2607 3146 2528 3179 2449 3154 2374 3179 2345 3154 2331 3168 2198 3175 2183 3190 2162 3172 2101 3186 2058 3164 1968 3193 1925 3168 1907 3179 1882 3161 1838 3182 1799 3161 1752 3193 1497 3197 1443 3161 1400 3179 1375 3157 1332 3157 1282 3182 1253 3168 1167 3193 1124 3168 1091 3190 1048 3172 1002 3193"/></Shape>
	    <String CONTENT="הואיל ואמרה תורה במשלח אם למדת על משלח שאינו משלח אלא [ם]"
                    HPOS="998.0"
                    VPOS="3057.0"
                    WIDTH="1782.0"
                    HEIGHT="140.0"></String>
          </TextLine>

          
        </TextBlock>
        
        <TextBlock HPOS="652.0"
                   VPOS="1957.0"
                   WIDTH="256.0"
                   HEIGHT="110.0"
                   ID="eSc_textblock_13665"
                   TAGREFS="BT3">
          <Shape><Polygon POINTS="652 1957 652 2067 902 2067 908 1957"/></Shape>
          
          
          <TextLine ID="eSc_line_1995310"
                    
                    BASELINE="690 2016 888 2011" 
                    HPOS="688.0"
                    VPOS="1971.0"
                    WIDTH="201.0"
                    HEIGHT="84.0">
            <Shape><Polygon POINTS="688 1976 886 1971 889 2050 691 2055"/></Shape>
	    <String CONTENT="חורור"
                    HPOS="688.0"
                    VPOS="1971.0"
                    WIDTH="201.0"
                    HEIGHT="84.0"></String>
          </TextLine>

          
        </TextBlock>
        

        
      </PrintSpace>
    </Page>
  </Layout>
</alto>
