<?xml version="1.0" encoding="UTF-8"?>
<alto xmlns:xsi="http://www.w3.org/2001/XMLSchema-instance"
      xmlns="http://www.loc.gov/standards/alto/ns-v4#"
      xsi:schemaLocation="http://www.loc.gov/standards/alto/ns-v4# http://www.loc.gov/standards/alto/v4/alto-4-2.xsd">
  <Description>
    <MeasurementUnit>pixel</MeasurementUnit>
    <sourceImageInformation>
      <fileName>bsb00084914_00124.jpg</fileName>
      
    </sourceImageInformation>
  </Description>
  
  <Tags>
    <OtherTag ID="BT1" LABEL="Title" DESCRIPTION="block type Title"/><OtherTag ID="BT2" LABEL="Main" DESCRIPTION="block type Main"/><OtherTag ID="BT3" LABEL="Commentary" DESCRIPTION="block type Commentary"/><OtherTag ID="BT4" LABEL="Illustration" DESCRIPTION="block type Illustration"/><OtherTag ID="BT844" LABEL="Margin" DESCRIPTION="block type Margin"/><OtherTag ID="BT845" LABEL="Paratext" DESCRIPTION="block type Paratext"/><OtherTag ID="BT978" LABEL="Hole" DESCRIPTION="block type Hole"/>
    <OtherTag ID="LT2" LABEL="Numbering" DESCRIPTION="line type Numbering"/><OtherTag ID="LT3" LABEL="Correction" DESCRIPTION="line type Correction"/>
  </Tags>
  
  <Layout>
    <Page WIDTH="3040"
          HEIGHT="4305"
          PHYSICAL_IMG_NR="123"
          ID="eSc_dummypage_">
      <PrintSpace HPOS="0"
                  VPOS="0"
                  WIDTH="3040"
                  HEIGHT="4305">
        
        <TextBlock HPOS="210.0"
                   VPOS="621.0"
                   WIDTH="1947.0"
                   HEIGHT="2597.0"
                   ID="eSc_textblock_10640"
                   TAGREFS="BT2">
          <Shape><Polygon POINTS="284 621 2157 661 2106 3218 210 3196"/></Shape>
          
          
          <TextLine ID="eSc_line_1646707"
                    
                    BASELINE="290 706 1030 703 2135 720" 
                    HPOS="287.0"
                    VPOS="631.0"
                    WIDTH="1844.0"
                    HEIGHT="133.0">
            <Shape><Polygon POINTS="287 703 290 631 330 649 355 631 387 645 419 631 595 631 656 649 678 638 696 656 742 634 821 652 847 634 864 649 900 634 925 652 954 638 1051 638 1105 652 1166 642 1205 660 1327 660 1342 645 1388 645 1414 663 1467 649 1765 667 2092 660 2121 667 2131 717 2099 764 2035 764 2009 746 1981 760 1834 764 1805 746 1765 756 1755 742 1704 742 1690 756 1676 742 1604 756 1554 746 1536 760 1471 742 1406 760 1349 739 1295 756 1231 739 1116 756 1065 739 1026 756 979 739 954 753 929 735 890 749 839 735 821 753 671 753 653 731 613 749 384 749 290 731"/></Shape>
	    <String CONTENT="ולא נתחלקה ארץ ישרﭏ לישרﭏ ˙ ומה ת&#39;ל&#39; עד דן אלא שאמ&#39; לאברהם שנים עשר"
                    HPOS="287.0"
                    VPOS="631.0"
                    WIDTH="1844.0"
                    HEIGHT="133.0"></String>
          </TextLine>

          
          
          <TextLine ID="eSc_line_1646708"
                    
                    BASELINE="286 810 1658 807 2135 814" 
                    HPOS="283.0"
                    VPOS="731.0"
                    WIDTH="1848.0"
                    HEIGHT="144.0">
            <Shape><Polygon POINTS="283 807 287 742 308 731 355 764 434 749 452 767 513 753 534 771 559 746 585 760 613 749 631 767 656 753 699 767 721 746 742 764 764 746 796 764 861 764 893 742 1001 742 1030 771 1055 753 1073 767 1130 753 1155 778 1209 749 1335 746 1353 760 1399 746 1496 764 1554 746 1625 764 1672 746 1712 778 1762 746 1798 746 1859 778 1905 753 1948 767 2121 764 2131 810 2063 864 1970 843 1869 857 1790 832 1672 871 1622 846 1528 846 1482 875 1450 843 1388 868 1349 843 1299 846 1263 871 1223 839 1144 853 1087 825 922 839 897 814 854 850 814 821 735 857 628 832 581 868 531 843 509 857 434 835 412 853 398 839 351 846 330 828 297 861 287 853"/></Shape>
	    <String CONTENT="שבטים עתידי&#39; לצאת מחלציך וזה חלקו של אחד מהם ˙ כיוצא בו וירדף עד דן עדיין"
                    HPOS="283.0"
                    VPOS="731.0"
                    WIDTH="1848.0"
                    HEIGHT="144.0"></String>
          </TextLine>

          
          
          <TextLine ID="eSc_line_1646709"
                    
                    BASELINE="269 898 462 911 2024 907 2135 913" 
                    HPOS="265.0"
                    VPOS="817.0"
                    WIDTH="1866.0"
                    HEIGHT="155.0">
            <Shape><Polygon POINTS="265 896 269 861 297 861 330 828 355 850 455 839 491 864 567 871 642 832 753 871 839 875 897 817 918 839 987 839 1019 861 1055 828 1091 828 1141 857 1223 843 1263 875 1302 846 1349 846 1396 871 1446 843 1478 875 1528 850 1582 846 1679 871 1715 868 1740 843 1808 839 1891 871 1923 850 2020 861 2035 875 2106 850 2131 911 2121 972 2092 947 2027 965 1880 943 1837 957 1794 925 1762 957 1697 939 1672 965 1643 947 1450 950 1428 972 1363 939 1313 957 1288 936 1252 965 1216 929 1087 947 1022 932 987 947 951 929 900 939 872 911 796 947 746 932 717 954 681 932 649 950 513 936 452 957 398 932 348 954 312 929 269 936"/></Shape>
	    <String CONTENT="לא באו שבטי&#39; לארץ ולא נתחלקה ארץ ישרﭏ לישרﭏ ˙ עד דן אלא שאמ&#39; לו הק&#39;ב&#39;ה&#39;"
                    HPOS="265.0"
                    VPOS="817.0"
                    WIDTH="1866.0"
                    HEIGHT="155.0"></String>
          </TextLine>

          
          
          <TextLine ID="eSc_line_1646710"
                    
                    BASELINE="258 982 376 993 987 1000 1302 1011 1751 1008 2135 1011" 
                    HPOS="254.0"
                    VPOS="929.0"
                    WIDTH="1877.0"
                    HEIGHT="143.0">
            <Shape><Polygon POINTS="254 979 297 929 348 957 405 936 437 961 520 939 595 957 681 936 703 954 750 936 800 954 886 929 947 954 1022 936 1220 936 1256 972 1292 943 1317 961 1371 943 1417 975 1550 954 1604 965 1636 947 1661 965 1726 954 1851 965 1869 950 2031 965 2092 943 2124 972 2131 1008 2060 1065 1981 1036 1948 1058 1790 1029 1755 1061 1690 1040 1661 1061 1622 1043 1572 1065 1539 1051 1507 1072 1421 1054 1399 1065 1371 1036 1252 1040 1234 1058 1213 1040 1159 1054 1083 1029 1055 1051 969 1029 875 1051 814 1033 796 1051 742 1026 581 1040 556 1015 506 1043 376 1040 340 1004 290 1029 258 997"/></Shape>
	    <String CONTENT="לאברהם אבינו במקום הזה בניך עתידין לעבוד ע&#39;ז&#39; ותשש כחו מעליו ˙ ומניין [ש&#39;]"
                    HPOS="254.0"
                    VPOS="929.0"
                    WIDTH="1877.0"
                    HEIGHT="143.0"></String>
          </TextLine>

          
          
          <TextLine ID="eSc_line_1646711"
                    
                    BASELINE="290 1094 581 1094 1033 1108 1345 1112 2139 1104" 
                    HPOS="287.0"
                    VPOS="1011.0"
                    WIDTH="1848.0"
                    HEIGHT="158.0">
            <Shape><Polygon POINTS="287 1090 294 1036 344 1011 401 1047 556 1033 710 1043 742 1029 800 1054 829 1033 875 1058 969 1033 1055 1058 1080 1036 1166 1058 1202 1043 1227 1065 1266 1036 1374 1040 1399 1065 1514 1072 1629 1043 1661 1065 1697 1040 1726 1061 1765 1061 1808 1029 1837 1051 1877 1033 1941 1065 1977 1040 2024 1065 2042 1051 2135 1101 2074 1155 1880 1130 1851 1144 1812 1137 1776 1162 1697 1151 1665 1169 1622 1148 1561 1165 1546 1151 1464 1158 1406 1140 1356 1144 1320 1169 1227 1155 1205 1133 1130 1151 1058 1140 1022 1158 965 1140 918 1169 882 1144 850 1155 786 1130 750 1151 678 1140 653 1162 613 1133 577 1144 556 1126 534 1148 290 1133"/></Shape>
	    <String CONTENT="שהראה לו לברק בן אבינועם [מק&#39; נפ&#39;] שנ&#39; ואת כל נפתלי ˙ ולהלן הוא או&#39; ותשלח"
                    HPOS="287.0"
                    VPOS="1011.0"
                    WIDTH="1848.0"
                    HEIGHT="158.0"></String>
          </TextLine>

          
          
          <TextLine ID="eSc_line_1646712"
                    
                    BASELINE="290 1188 1001 1212 1726 1208 2131 1212" 
                    HPOS="287.0"
                    VPOS="1126.0"
                    WIDTH="1841.0"
                    HEIGHT="169.0">
            <Shape><Polygon POINTS="287 1187 290 1133 534 1148 559 1126 581 1144 613 1137 646 1165 674 1151 750 1155 786 1130 829 1133 850 1155 882 1140 918 1169 1180 1140 1202 1162 1266 1158 1324 1183 1360 1148 1396 1165 1424 1148 1485 1158 1507 1176 1582 1162 1665 1173 1694 1158 1808 1169 1855 1162 1891 1133 1988 1151 2009 1169 2117 1169 2128 1208 2092 1252 2063 1262 2042 1248 2006 1269 1959 1248 1916 1259 1848 1241 1798 1266 1769 1237 1737 1262 1708 1234 1679 1259 1629 1248 1536 1266 1482 1244 1421 1266 1396 1252 1331 1262 1274 1230 1227 1259 1134 1248 1112 1266 1091 1244 1040 1241 1026 1255 918 1255 890 1237 818 1262 789 1234 735 1230 646 1252 567 1234 502 1248 394 1241 323 1295 290 1280"/></Shape>
	    <String CONTENT="ותקרא לברק בן אבינועם מק&#39; נפ&#39; ˙ ומניין שהראה לו ליהושע שנ&#39; ואת ארץ"
                    HPOS="287.0"
                    VPOS="1126.0"
                    WIDTH="1841.0"
                    HEIGHT="169.0"></String>
          </TextLine>

          
          
          <TextLine ID="eSc_line_1646713"
                    
                    BASELINE="445 1302 595 1302 854 1313 2131 1305" 
                    HPOS="441.0"
                    VPOS="1230.0"
                    WIDTH="1687.0"
                    HEIGHT="133.0">
            <Shape><Polygon POINTS="441 1298 445 1244 506 1252 563 1234 667 1244 689 1262 717 1234 746 1230 814 1266 854 1244 940 1262 990 1244 1044 1273 1116 1269 1134 1252 1155 1266 1231 1262 1266 1234 1335 1266 1371 1255 1399 1269 1475 1248 1507 1266 1564 1248 1586 1262 1679 1262 1708 1234 1740 1266 1765 1241 1801 1269 1848 1237 1909 1273 1938 1255 2009 1273 2038 1255 2067 1269 2114 1241 2128 1302 2078 1348 1999 1363 1970 1334 1934 1359 1851 1338 1715 1334 1686 1363 1658 1341 1589 1359 1550 1338 1532 1352 1514 1334 1478 1356 1439 1338 1349 1352 1310 1334 1227 1359 1137 1334 1105 1352 987 1363 969 1345 807 1345 786 1327 760 1345 725 1334 649 1352 610 1334 556 1348 445 1316"/></Shape>
	    <String CONTENT="אפרים ומנ&#39; ולהלן הוא אומר הנה אלפי הדל במנשה ואנכי הצ&#39; בבית אבי ˙˙"
                    HPOS="441.0"
                    VPOS="1230.0"
                    WIDTH="1687.0"
                    HEIGHT="133.0"></String>
          </TextLine>

          
          
          <TextLine ID="eSc_line_1646714"
                    
                    BASELINE="262 1374 549 1395 1826 1395 2131 1402" 
                    HPOS="258.0"
                    VPOS="1284.0"
                    WIDTH="1870.0"
                    HEIGHT="179.0">
            <Shape><Polygon POINTS="258 1370 265 1323 308 1284 366 1338 513 1330 527 1345 642 1359 725 1338 757 1352 786 1330 811 1352 947 1348 961 1363 1055 1363 1134 1334 1223 1359 1320 1330 1356 1356 1432 1341 1475 1366 1511 1338 1539 1366 1564 1352 1593 1366 1686 1366 1715 1338 1934 1359 1966 1330 1995 1359 2081 1352 2128 1399 2117 1427 2074 1445 1877 1438 1823 1420 1780 1442 1729 1424 1672 1449 1600 1431 1543 1445 1518 1431 1450 1456 1424 1431 1320 1445 1231 1424 1202 1445 1062 1449 1044 1435 1008 1463 979 1438 900 1449 821 1431 778 1449 725 1438 692 1456 671 1435 419 1431 333 1413 315 1395 283 1399 262 1377"/></Shape>
	    <String CONTENT="ומניין שהראה לו דוד במלכותו שנ&#39; ואת כל ארץ יהודה ולהלן הוא אומ&#39; ויבחר ייי"
                    HPOS="258.0"
                    VPOS="1284.0"
                    WIDTH="1870.0"
                    HEIGHT="179.0"></String>
          </TextLine>

          
          
          <TextLine ID="eSc_line_1646715"
                    
                    BASELINE="255 1475 620 1499 1913 1495 2131 1503" 
                    HPOS="254.0"
                    VPOS="1417.0"
                    WIDTH="1874.0"
                    HEIGHT="154.0">
            <Shape><Polygon POINTS="254 1474 283 1420 312 1431 348 1417 427 1449 448 1427 671 1435 692 1456 728 1438 760 1463 832 1431 943 1460 972 1445 1004 1467 1037 1449 1205 1452 1231 1427 1263 1449 1324 1456 1392 1452 1417 1431 1446 1456 1485 1452 1518 1427 1543 1445 1597 1431 1643 1452 1733 1420 1773 1445 1798 1427 1816 1442 1945 1431 1974 1456 2038 1438 2128 1499 2117 1549 2067 1556 2035 1531 1909 1542 1855 1528 1834 1542 1808 1528 1719 1546 1658 1521 1607 1553 1546 1528 1496 1571 1442 1531 1313 1546 1277 1521 1170 1556 1134 1535 1080 1531 951 1535 915 1553 850 1528 775 1553 732 1521 703 1539 599 1539 577 1517 527 1546 495 1524 380 1528 348 1503 301 1517 258 1481"/></Shape>
	    <String CONTENT="בי מכל בית אבי להיות למלך על ישראל ˙ כי ביהודה בחר לנגיד ובבני יהודה בית אבי"
                    HPOS="254.0"
                    VPOS="1417.0"
                    WIDTH="1874.0"
                    HEIGHT="154.0"></String>
          </TextLine>

          
          
          <TextLine ID="eSc_line_1646716"
                    
                    BASELINE="262 1578 538 1585 703 1596 1880 1596 2126 1612" 
                    HPOS="258.0"
                    VPOS="1510.0"
                    WIDTH="1866.0"
                    HEIGHT="165.0">
            <Shape><Polygon POINTS="258 1574 340 1510 376 1531 495 1528 527 1549 556 1528 599 1549 613 1535 710 1539 732 1521 782 1556 847 1531 933 1556 954 1542 1058 1556 1126 1531 1170 1567 1274 1517 1310 1546 1439 1531 1496 1578 1550 1531 1597 1556 1668 1524 1712 1553 1773 1553 1798 1535 1823 1556 1859 1528 1913 1549 1959 1542 1981 1564 2006 1546 2031 1567 2088 1549 2124 1610 2081 1657 1934 1639 1837 1657 1755 1635 1686 1661 1611 1632 1582 1653 1557 1639 1518 1675 1475 1632 1406 1653 1378 1639 1335 1646 1313 1628 1256 1643 1227 1614 1184 1603 1155 1603 1116 1643 1065 1632 997 1653 908 1625 879 1639 843 1625 811 1646 760 1628 717 1639 685 1617 516 1643 466 1621 373 1632 333 1621 290 1578 262 1578"/></Shape>
	    <String CONTENT="ובבני אבי בי רצה להמליך על ישרﭏ ˙˙ ומניין שהראה לו את המערב כולו ˙"
                    HPOS="258.0"
                    VPOS="1510.0"
                    WIDTH="1866.0"
                    HEIGHT="165.0"></String>
          </TextLine>

          
          
          <TextLine ID="eSc_line_1646717"
                    
                    BASELINE="258 1686 434 1682 681 1700 1658 1696 2126 1713" 
                    HPOS="254.0"
                    VPOS="1621.0"
                    WIDTH="1870.0"
                    HEIGHT="144.0">
            <Shape><Polygon POINTS="254 1682 333 1621 373 1635 466 1625 513 1646 610 1646 635 1625 681 1621 703 1643 768 1650 814 1650 836 1628 882 1639 897 1625 1019 1650 1083 1628 1112 1653 1159 1653 1188 1625 1227 1621 1256 1650 1302 1643 1320 1657 1371 1639 1392 1657 1457 1643 1514 1682 1557 1639 1607 1661 1704 1661 1733 1646 1773 1668 1787 1653 1859 1664 1913 1643 1995 1668 2020 1650 2052 1668 2099 1653 2124 1711 2099 1739 2052 1754 1952 1754 1866 1732 1837 1750 1676 1750 1636 1732 1597 1765 1507 1711 1467 1750 1385 1743 1331 1765 1299 1736 1249 1729 1216 1743 1198 1725 1152 1739 1044 1722 997 1750 947 1718 890 1739 847 1729 753 1750 703 1732 502 1732 480 1711 448 1732 391 1714 323 1736 258 1682"/></Shape>
	    <String CONTENT="שנ&#39; עד היום האחרון ˙ ומניין שהראה לו קברי אבותיכם ת&#39;ל&#39; ואת ˙ ומניין"
                    HPOS="254.0"
                    VPOS="1621.0"
                    WIDTH="1870.0"
                    HEIGHT="144.0"></String>
          </TextLine>

          
          
          <TextLine ID="eSc_line_1646718"
                    
                    BASELINE="226 1765 445 1782 893 1800 1546 1797 1744 1800 2126 1817" 
                    HPOS="222.0"
                    VPOS="1707.0"
                    WIDTH="1902.0"
                    HEIGHT="165.0">
            <Shape><Polygon POINTS="222 1761 290 1707 323 1739 355 1722 513 1747 595 1732 613 1750 646 1743 678 1761 710 1736 757 1754 803 1732 915 1754 947 1722 983 1750 1040 1761 1080 1743 1105 1754 1141 1725 1173 1750 1259 1732 1281 1750 1310 1739 1331 1761 1388 1747 1475 1757 1493 1739 1507 1754 1532 1732 1589 1768 1708 1743 1762 1761 1783 1747 1834 1754 1869 1732 1920 1739 1952 1768 2117 1739 2124 1815 2013 1872 1927 1847 1808 1869 1790 1851 1704 1833 1672 1851 1496 1836 1467 1858 1439 1836 1374 1851 1320 1826 1231 1847 1019 1847 951 1843 925 1822 882 1847 850 1826 814 1840 778 1826 728 1861 671 1818 646 1829 617 1815 581 1840 488 1822 459 1840 434 1818 355 1826 326 1808 283 1811 240 1775 226 1790"/></Shape>
	    <String CONTENT="למדנו על קברי אבות שהן בנגב שנ&#39; ויעלו בנגב וי&#39; עד חברון ˙ ומניין שהראה"
                    HPOS="222.0"
                    VPOS="1707.0"
                    WIDTH="1902.0"
                    HEIGHT="165.0"></String>
          </TextLine>

          
          
          <TextLine ID="eSc_line_1646719"
                    
                    BASELINE="240 1861 491 1883 656 1883 951 1901 1654 1897 1923 1915 2114 1908" 
                    HPOS="236.0"
                    VPOS="1811.0"
                    WIDTH="1874.0"
                    HEIGHT="154.0">
            <Shape><Polygon POINTS="236 1858 312 1811 398 1829 427 1818 455 1843 488 1829 585 1840 599 1826 649 1840 663 1826 725 1861 764 1833 814 1843 836 1826 864 1843 929 1826 958 1851 1019 1854 1058 1840 1396 1851 1432 1836 1457 1858 1507 1840 1528 1854 1618 1843 1647 1861 1712 1840 1751 1854 1773 1843 1823 1869 1855 1854 2017 1872 2060 1854 2110 1904 2099 1937 2052 1965 1905 1965 1869 1951 1851 1965 1773 1937 1729 1937 1694 1958 1665 1944 1589 1948 1554 1926 1489 1965 1353 1926 1198 1955 1112 1930 954 1933 940 1948 893 1912 864 1940 793 1930 764 1944 663 1922 624 1930 606 1915 531 1930 491 1908 462 1922 427 1904 337 1930 269 1861 240 1861"/></Shape>
	    <String CONTENT="לו מהפכת סדום ועמורה שנ&#39; ואת הנגב ואת הככר ˙ ולהלן הוא אומר ויהפוך"
                    HPOS="236.0"
                    VPOS="1811.0"
                    WIDTH="1874.0"
                    HEIGHT="154.0"></String>
          </TextLine>

          
          
          <TextLine ID="eSc_line_1646720"
                    
                    BASELINE="236 1969 301 1965 556 1983 760 1983 1051 1998 1546 1998 1981 2016 2115 2010" 
                    HPOS="233.0"
                    VPOS="1908.0"
                    WIDTH="1881.0"
                    HEIGHT="154.0">
            <Shape><Polygon POINTS="233 1965 294 1915 358 1930 412 1926 430 1908 455 1922 498 1912 531 1933 581 1926 599 1944 631 1930 739 1930 811 1951 832 1937 864 1948 897 1915 958 1955 1015 1937 1284 1955 1310 1937 1381 1933 1496 1962 1554 1930 1589 1958 1668 1944 1701 1962 1722 1940 1776 1940 1844 1973 1877 1958 1959 1955 2027 1973 2088 1958 2114 2009 2027 2062 1945 2044 1884 2059 1808 2037 1776 2052 1744 2037 1715 2059 1668 2034 1489 2052 1363 2026 1313 2026 1292 2048 1195 2030 1170 2055 1144 2030 1098 2048 1037 2019 976 2048 933 2019 875 2044 750 2026 660 2041 502 2012 398 2026 297 2005 236 1965"/></Shape>
	    <String CONTENT="את הערים הﭏ ואת כל הככר ˙˙ ומניין שהראה לו גוג וכל המונו שנ&#39; בקעת"
                    HPOS="233.0"
                    VPOS="1908.0"
                    WIDTH="1881.0"
                    HEIGHT="154.0"></String>
          </TextLine>

          
          
          <TextLine ID="eSc_line_1646721"
                    
                    BASELINE="226 2059 864 2102 1948 2102 2115 2093" 
                    HPOS="222.0"
                    VPOS="2005.0"
                    WIDTH="1892.0"
                    HEIGHT="161.0">
            <Shape><Polygon POINTS="222 2055 305 2005 437 2034 513 2012 660 2052 717 2030 897 2048 929 2019 965 2048 1040 2026 1065 2052 1101 2055 1137 2030 1170 2055 1216 2030 1234 2052 1306 2059 1392 2034 1482 2059 1564 2044 1651 2055 1668 2037 1708 2062 1769 2066 1812 2041 1855 2059 2067 2059 2114 2091 2078 2127 2024 2134 1999 2156 1830 2134 1776 2156 1593 2145 1554 2166 1302 2134 1241 2148 1101 2134 814 2148 707 2127 602 2134 574 2105 531 2127 398 2130 380 2113 294 2102 247 2059 226 2062"/></Shape>
	    <String CONTENT="יריחו (ו)למדנו שעתידין גוג וכל המונו לעלות ולנפול בבקעת יריחו ˙˙ ד&#39;א&#39; בקעת"
                    HPOS="222.0"
                    VPOS="2005.0"
                    WIDTH="1892.0"
                    HEIGHT="161.0"></String>
          </TextLine>

          
          
          <TextLine ID="eSc_line_1646705"
                    
                    BASELINE="251 2163 538 2184 746 2188 929 2199 2112 2199" 
                    HPOS="247.0"
                    VPOS="2102.0"
                    WIDTH="1863.0"
                    HEIGHT="154.0">
            <Shape><Polygon POINTS="247 2159 287 2109 319 2102 405 2134 534 2134 567 2113 602 2134 936 2141 994 2156 1080 2134 1259 2152 1299 2130 1317 2148 1471 2148 1557 2170 1633 2148 1769 2156 1790 2170 1837 2138 1927 2159 2027 2156 2052 2134 2110 2195 2042 2242 2013 2217 1970 2242 1755 2249 1676 2231 1647 2252 1514 2238 1496 2256 1450 2238 1360 2252 1313 2227 1256 2242 1216 2227 1162 2245 1116 2231 1098 2249 1048 2231 1030 2245 911 2227 850 2245 786 2227 717 2231 703 2217 455 2227 251 2163"/></Shape>
	    <String CONTENT="יריחו והלא ההדיוט מאה בקעת יריחו אלא מה בקעה זו מיושבת שדה"
                    HPOS="247.0"
                    VPOS="2102.0"
                    WIDTH="1863.0"
                    HEIGHT="154.0"></String>
          </TextLine>

          
          
          <TextLine ID="eSc_line_1646706"
                    
                    BASELINE="240 2252 534 2281 789 2288 1353 2285 1618 2296 1841 2296 2106 2281" 
                    HPOS="236.0"
                    VPOS="2181.0"
                    WIDTH="1867.0"
                    HEIGHT="168.0">
            <Shape><Polygon POINTS="236 2249 244 2209 272 2213 297 2188 340 2181 441 2231 617 2220 642 2235 703 2220 717 2235 796 2231 850 2249 918 2227 997 2249 1116 2249 1130 2235 1152 2249 1284 2249 1317 2227 1363 2256 1457 2245 1518 2260 1622 2242 1668 2252 1690 2231 1783 2256 1938 2252 2013 2217 2049 2249 2078 2245 2103 2278 2074 2342 1981 2346 1920 2321 1866 2349 1801 2328 1729 2342 1661 2328 1439 2342 1403 2324 1306 2342 1274 2321 1220 2342 1134 2317 1101 2335 1051 2313 925 2331 843 2317 786 2335 689 2335 671 2317 552 2331 488 2299 462 2317 437 2303 351 2317 326 2292 240 2321"/></Shape>
	    <String CONTENT="מליאה חטים כל שהיא שדה מליאה שעורים כל שהוא כך הראהו את כל ארץ"
                    HPOS="236.0"
                    VPOS="2181.0"
                    WIDTH="1867.0"
                    HEIGHT="168.0"></String>
          </TextLine>

          
          
          <TextLine ID="eSc_line_1646700"
                    
                    BASELINE="233 2349 462 2367 725 2371 1048 2389 2106 2382" 
                    HPOS="229.0"
                    VPOS="2292.0"
                    WIDTH="1874.0"
                    HEIGHT="151.0">
            <Shape><Polygon POINTS="229 2346 290 2292 323 2292 348 2317 434 2303 455 2321 495 2303 531 2331 656 2321 692 2342 839 2339 864 2321 915 2339 1019 2335 1044 2321 1069 2342 1148 2324 1216 2349 1277 2324 1306 2353 1406 2324 1439 2346 1665 2331 1869 2349 1927 2317 1977 2346 2063 2342 2103 2378 2009 2432 1945 2417 1902 2421 1873 2443 1830 2425 1794 2439 1690 2421 1589 2435 1557 2414 1521 2432 1432 2425 1381 2443 1363 2425 1195 2435 1109 2414 1022 2428 943 2414 771 2421 757 2407 696 2421 588 2400 563 2414 437 2403 416 2425 380 2389 272 2392 233 2353"/></Shape>
	    <String CONTENT="ישרﭏ כבקעת יריחו ˙ ומניין שהראה לו דבורה שנ&#39; עיר התמרים ולהלן הוא"
                    HPOS="229.0"
                    VPOS="2292.0"
                    WIDTH="1874.0"
                    HEIGHT="151.0"></String>
          </TextLine>

          
          
          <TextLine ID="eSc_line_1646703"
                    
                    BASELINE="226 2443 351 2457 660 2471 1073 2475 1403 2489 2112 2482" 
                    HPOS="222.0"
                    VPOS="2389.0"
                    WIDTH="1888.0"
                    HEIGHT="147.0">
            <Shape><Polygon POINTS="222 2439 236 2400 254 2410 315 2389 380 2392 416 2428 448 2410 581 2421 624 2407 760 2410 811 2428 1048 2425 1098 2468 1126 2468 1166 2428 1331 2439 1360 2425 1403 2446 1439 2428 1575 2425 1600 2439 1665 2425 1722 2443 1808 2446 1837 2432 1887 2446 1913 2425 2052 2439 2103 2417 2110 2478 2038 2536 1991 2514 1873 2532 1830 2507 1787 2532 1758 2518 1729 2532 1712 2514 1575 2529 1511 2514 1442 2532 1406 2518 1320 2532 1302 2518 1284 2532 1188 2518 1105 2478 1040 2518 961 2507 897 2529 782 2493 732 2514 638 2511 620 2496 581 2511 369 2504 305 2489 247 2446 226 2464"/></Shape>
	    <String CONTENT="אומר והיא יושבת תחת תומר דבורה ˙˙ ומניין שהראה לו אשתו של לוט"
                    HPOS="222.0"
                    VPOS="2389.0"
                    WIDTH="1888.0"
                    HEIGHT="147.0"></String>
          </TextLine>

          
          
          <TextLine ID="eSc_line_1646696"
                    
                    BASELINE="222 2536 559 2561 861 2561 1284 2575 2114 2575" 
                    HPOS="218.0"
                    VPOS="2482.0"
                    WIDTH="1892.0"
                    HEIGHT="151.0">
            <Shape><Polygon POINTS="218 2532 276 2482 330 2507 355 2496 638 2518 739 2514 778 2493 821 2522 893 2529 943 2511 969 2529 990 2507 1040 2522 1119 2500 1148 2525 1220 2514 1324 2536 1399 2522 1442 2536 1507 2518 1557 2532 1651 2518 1672 2532 1712 2511 1744 2536 1851 2518 1869 2536 1895 2525 1959 2539 2002 2518 2024 2536 2096 2543 2110 2572 2099 2597 2002 2633 1956 2615 1819 2608 1747 2608 1694 2633 1665 2615 1586 2633 1536 2604 1446 2626 1299 2604 1266 2618 1249 2600 1180 2615 1144 2597 1116 2611 929 2597 836 2626 789 2593 692 2593 624 2615 592 2597 466 2597 401 2568 305 2600 226 2536"/></Shape>
	    <String CONTENT="שנ&#39; עד צוער ולהלן הוא אומ&#39; השמש יצא על הארץ ולוט בא צוערה ˙˙ יעקב"
                    HPOS="218.0"
                    VPOS="2482.0"
                    WIDTH="1892.0"
                    HEIGHT="151.0"></String>
          </TextLine>

          
          
          <TextLine ID="eSc_line_1646702"
                    
                    BASELINE="218 2633 757 2658 1119 2658 1654 2676 1988 2676 2099 2665" 
                    HPOS="215.0"
                    VPOS="2572.0"
                    WIDTH="1881.0"
                    HEIGHT="161.0">
            <Shape><Polygon POINTS="215 2629 265 2572 301 2597 348 2600 373 2579 398 2604 445 2586 488 2611 599 2597 620 2615 663 2615 757 2597 793 2618 818 2604 836 2622 983 2600 1026 2618 1073 2604 1144 2622 1166 2608 1216 2611 1256 2629 1385 2604 1460 2629 1532 2604 1582 2633 1636 2629 1658 2611 1704 2636 1758 2608 1808 2633 1837 2615 1905 2633 1952 2611 1981 2636 2056 2622 2096 2661 2085 2722 2063 2733 1959 2712 1930 2726 1891 2704 1869 2726 1790 2704 1719 2722 1647 2704 1561 2719 1536 2708 1511 2722 1485 2704 1467 2722 1367 2694 1317 2712 1245 2701 1155 2719 1137 2701 1116 2712 1087 2694 1022 2712 972 2690 904 2719 868 2690 782 2697 764 2683 732 2708 707 2687 663 2704 642 2683 606 2704 570 2679 466 2701 412 2697 394 2679 358 2690 326 2672 251 2676 218 2643"/></Shape>
	    <String CONTENT="רמז לו רמז ולא חש ˙ שנ&#39; והנה אנכי עמך ושמרתיך ובסוף היה ירא ופחד שנ&#39;"
                    HPOS="215.0"
                    VPOS="2572.0"
                    WIDTH="1881.0"
                    HEIGHT="161.0"></String>
          </TextLine>

          
          
          <TextLine ID="eSc_line_1646698"
                    
                    BASELINE="233 2726 502 2748 771 2744 1177 2762 1744 2758 2098 2768" 
                    HPOS="229.0"
                    VPOS="2672.0"
                    WIDTH="1867.0"
                    HEIGHT="154.0">
            <Shape><Polygon POINTS="229 2722 269 2676 319 2690 337 2672 355 2694 391 2687 416 2704 574 2687 617 2708 638 2687 656 2704 710 2694 735 2712 768 2687 793 2704 875 2690 900 2715 1094 2704 1148 2722 1256 2704 1406 2726 1432 2704 1460 2719 1489 2708 1511 2726 1622 2712 1643 2730 1690 2712 1733 2733 1963 2719 2060 2733 2096 2765 2045 2809 1952 2805 1927 2826 1887 2805 1798 2823 1769 2805 1701 2805 1625 2823 1607 2809 1593 2819 1550 2801 1521 2816 1439 2794 1324 2819 1302 2798 1126 2801 1091 2783 1048 2809 979 2783 886 2812 839 2794 807 2809 653 2783 624 2798 531 2773 445 2794 319 2762 301 2780 287 2765 258 2773 233 2748"/></Shape>
	    <String CONTENT="ויירא יעקב מאד אדם שהבטיחו המקום היה פחד אלא שאמ&#39; יעקב אבינו"
                    HPOS="229.0"
                    VPOS="2672.0"
                    WIDTH="1867.0"
                    HEIGHT="154.0"></String>
          </TextLine>

          
          
          <TextLine ID="eSc_line_1646699"
                    
                    BASELINE="218 2826 419 2834 653 2848 1048 2844 1424 2859 2098 2862" 
                    HPOS="215.0"
                    VPOS="2773.0"
                    WIDTH="1881.0"
                    HEIGHT="168.0">
            <Shape><Polygon POINTS="215 2823 279 2773 305 2787 351 2773 373 2791 520 2791 595 2809 649 2787 699 2801 739 2791 857 2816 929 2791 1058 2812 1091 2791 1137 2801 1152 2787 1227 2812 1249 2801 1324 2819 1446 2798 1482 2823 1554 2801 1622 2826 1704 2809 1758 2826 1938 2826 1974 2801 1991 2816 2049 2809 2088 2830 2096 2859 2085 2941 2060 2916 2002 2902 1970 2913 1927 2898 1891 2920 1866 2895 1830 2916 1765 2905 1733 2923 1715 2905 1604 2913 1586 2895 1554 2916 1496 2891 1464 2916 1417 2870 1388 2887 1356 2866 1320 2902 1252 2905 1227 2884 1188 2880 1144 2909 1087 2891 1012 2909 940 2880 918 2895 728 2887 707 2905 689 2887 656 2898 506 2873 470 2884 441 2866 376 2887 315 2855 262 2877 218 2834"/></Shape>
	    <String CONTENT="אומ&#39; שמא יגרום החטא ˙ דוד נתן לו הרמז וחש שנ&#39; גם את הארי וגם [ה/]"
                    HPOS="215.0"
                    VPOS="2773.0"
                    WIDTH="1881.0"
                    HEIGHT="168.0"></String>
          </TextLine>

          
          
          <TextLine ID="eSc_line_1646704"
                    
                    BASELINE="204 2941 276 2930 358 2930 613 2948 1123 2963 2098 2963" 
                    HPOS="200.0"
                    VPOS="2870.0"
                    WIDTH="1896.0"
                    HEIGHT="165.0">
            <Shape><Polygon POINTS="200 2938 208 2877 229 2887 247 2873 344 2870 398 2887 434 2870 466 2887 506 2873 534 2898 563 2887 610 2902 631 2884 653 2902 717 2909 739 2887 760 2909 836 2895 854 2913 882 2895 918 2909 940 2887 1012 2913 1069 2898 1148 2913 1209 2884 1302 2913 1356 2895 1414 2927 1446 2909 1471 2920 1500 2895 1532 2920 1600 2923 1661 2898 1694 2927 1733 2930 1959 2902 2056 2916 2096 2959 1999 3017 1866 2991 1665 3035 1633 3002 1579 3027 1536 3006 1417 3024 1399 3006 1338 3009 1310 2995 1234 3009 1141 2999 1101 3017 1062 2984 1037 3006 1008 2988 969 3009 900 2995 868 3009 789 3002 725 2977 671 2984 649 3006 620 2984 541 2984 520 3002 409 2970 337 2981 258 2934 204 2938"/></Shape>
	    <String CONTENT="הדוב הכה עבדך וגם הפלשתי הערל הזה כאחד מהם כי חרף מער&#39; ﭏהים"
                    HPOS="200.0"
                    VPOS="2870.0"
                    WIDTH="1896.0"
                    HEIGHT="165.0"></String>
          </TextLine>

          
          
          <TextLine ID="eSc_line_1646701"
                    
                    BASELINE="233 3024 509 3045 742 3045 1123 3060 1981 3060 2088 3067" 
                    HPOS="229.0"
                    VPOS="2977.0"
                    WIDTH="1856.0"
                    HEIGHT="144.0">
            <Shape><Polygon POINTS="229 3020 244 2981 279 2977 391 2995 491 2981 520 3002 617 2984 642 3009 728 2981 811 3013 879 2999 897 3017 915 3002 994 3020 1058 2988 1101 3017 1148 3002 1162 3017 1263 3020 1306 2995 1378 3020 1396 3006 1410 3020 1525 3009 1579 3035 1629 3035 1643 3020 1661 3035 1726 3027 1765 3002 1816 3013 1873 2991 1920 3017 2027 3006 2067 3027 2085 3063 2074 3096 2052 3088 2031 3110 1974 3081 1945 3110 1887 3085 1773 3121 1676 3099 1618 3110 1593 3092 1561 3117 1482 3096 1299 3096 1277 3117 1256 3096 1223 3113 1173 3085 1109 3081 990 3106 879 3092 814 3106 742 3088 613 3096 595 3078 520 3096 427 3081 380 3092 348 3074 319 3088 236 3024"/></Shape>
	    <String CONTENT="חיים ﭏא אמ&#39; דוד כי מה אני ספון שהכיתי חיות רעות הללו אלא שמא דבר"
                    HPOS="229.0"
                    VPOS="2977.0"
                    WIDTH="1856.0"
                    HEIGHT="144.0"></String>
          </TextLine>

          
          
          <TextLine ID="eSc_line_1646697"
                    
                    BASELINE="190 3121 689 3149 1126 3146 1385 3164 1625 3164 2070 3149" 
                    HPOS="186.0"
                    VPOS="3074.0"
                    WIDTH="1881.0"
                    HEIGHT="147.0">
            <Shape><Polygon POINTS="186 3117 193 3085 204 3096 229 3074 297 3074 355 3099 427 3078 455 3099 556 3099 574 3081 649 3103 717 3103 739 3088 803 3106 882 3092 908 3106 994 3106 1040 3085 1058 3099 1180 3088 1213 3110 1277 3110 1295 3092 1338 3113 1424 3096 1471 3113 1500 3099 1550 3117 1589 3096 1658 3117 1697 3103 1798 3121 1837 3121 1859 3099 1941 3099 1981 3121 2038 3113 2067 3146 2056 3221 1988 3221 1952 3196 1895 3196 1866 3221 1819 3203 1640 3217 1604 3196 1572 3217 1324 3214 1292 3200 1220 3210 1195 3189 1148 3185 1105 3203 1073 3182 1030 3185 1004 3207 972 3207 947 3182 836 3207 760 3185 728 3196 671 3182 646 3203 613 3203 581 3178 534 3196 506 3182 452 3192 366 3189 326 3171 190 3171"/></Shape>
	    <String CONTENT="עתיד לארע בישרﭏ והן עתידין להנצל על [ידיה] ידי מרדכי נתן לו רמז וחש שנ&#39;"
                    HPOS="186.0"
                    VPOS="3074.0"
                    WIDTH="1881.0"
                    HEIGHT="147.0"></String>
          </TextLine>

          
        </TextBlock>
        
        <TextBlock HPOS="154.0"
                   VPOS="3913.0"
                   WIDTH="194.0"
                   HEIGHT="273.0"
                   ID="eSc_textblock_11313"
                   TAGREFS="BT845">
          <Shape><Polygon POINTS="348 3913 348 4186 154 4186 154 3913"/></Shape>
          
          
          <TextLine ID="eSc_line_1995261"
                    
                    BASELINE="177 4052 338 4090" 
                    HPOS="167.0"
                    VPOS="4013.0"
                    WIDTH="180.0"
                    HEIGHT="115.0">
            <Shape><Polygon POINTS="186 4013 347 4051 328 4128 167 4090"/></Shape>
	    <String CONTENT="ובכל"
                    HPOS="167.0"
                    VPOS="4013.0"
                    WIDTH="180.0"
                    HEIGHT="115.0"></String>
          </TextLine>

          
        </TextBlock>
        

        
      </PrintSpace>
    </Page>
  </Layout>
</alto>
