<?xml version="1.0" encoding="UTF-8"?>
<alto xmlns:xsi="http://www.w3.org/2001/XMLSchema-instance"
      xmlns="http://www.loc.gov/standards/alto/ns-v4#"
      xsi:schemaLocation="http://www.loc.gov/standards/alto/ns-v4# http://www.loc.gov/standards/alto/v4/alto-4-2.xsd">
  <Description>
    <MeasurementUnit>pixel</MeasurementUnit>
    <sourceImageInformation>
      <fileName>bsb00084914_00454.jpg</fileName>
      
    </sourceImageInformation>
  </Description>
  
  <Tags>
    <OtherTag ID="BT1" LABEL="Title" DESCRIPTION="block type Title"/><OtherTag ID="BT2" LABEL="Main" DESCRIPTION="block type Main"/><OtherTag ID="BT3" LABEL="Commentary" DESCRIPTION="block type Commentary"/><OtherTag ID="BT4" LABEL="Illustration" DESCRIPTION="block type Illustration"/><OtherTag ID="BT844" LABEL="Margin" DESCRIPTION="block type Margin"/><OtherTag ID="BT845" LABEL="Paratext" DESCRIPTION="block type Paratext"/><OtherTag ID="BT978" LABEL="Hole" DESCRIPTION="block type Hole"/>
    <OtherTag ID="LT2" LABEL="Numbering" DESCRIPTION="line type Numbering"/><OtherTag ID="LT3" LABEL="Correction" DESCRIPTION="line type Correction"/>
  </Tags>
  
  <Layout>
    <Page WIDTH="3149"
          HEIGHT="4238"
          PHYSICAL_IMG_NR="453"
          ID="eSc_dummypage_">
      <PrintSpace HPOS="0"
                  VPOS="0"
                  WIDTH="3149"
                  HEIGHT="4238">
        
        <TextBlock HPOS="354.0"
                   VPOS="480.0"
                   WIDTH="2006.0"
                   HEIGHT="2767.0"
                   ID="eSc_textblock_11150"
                   TAGREFS="BT2">
          <Shape><Polygon POINTS="354 480 2360 480 2360 3247 354 3247"/></Shape>
          
          
          <TextLine ID="eSc_line_1656332"
                    
                    BASELINE="439 608 636 610 2095 593 2321 603" 
                    HPOS="438.0"
                    VPOS="515.0"
                    WIDTH="1880.0"
                    HEIGHT="141.0">
            <Shape><Polygon POINTS="438 607 445 558 523 568 554 547 590 568 703 568 738 554 809 565 844 543 915 561 978 529 1007 554 1049 536 1155 561 1222 533 1300 550 1353 529 1410 547 1438 522 1636 522 1689 558 1830 554 1862 536 1908 554 2039 554 2109 515 2307 529 2318 600 2307 618 2237 632 2180 618 2152 639 2109 642 2003 628 1851 639 1827 621 1774 639 1760 625 1675 625 1643 642 1572 628 1530 646 1438 649 1247 649 1198 628 1173 649 1120 639 1102 653 1042 653 989 632 933 653 844 639 713 656 689 639 639 656 576 642 501 656 441 635"/></Shape>
	    <String CONTENT="על המקום והוא יעזור אתכם שנ&#39; כי אין ליי מעצור להושיע וגו&#39; ˙ פתחה"
                    HPOS="438.0"
                    VPOS="515.0"
                    WIDTH="1880.0"
                    HEIGHT="141.0"></String>
          </TextLine>

          
          
          <TextLine ID="eSc_line_1656333"
                    
                    BASELINE="439 715 611 709 802 720 1060 720 1332 709 1608 713 1996 706 2117 699 2201 699 2332 716" 
                    HPOS="438.0"
                    VPOS="632.0"
                    WIDTH="1891.0"
                    HEIGHT="148.0">
            <Shape><Polygon POINTS="438 713 441 681 484 656 586 671 646 649 660 663 703 656 738 678 770 663 802 681 865 649 904 678 971 685 1024 678 1042 660 1081 674 1120 646 1155 671 1205 653 1314 671 1396 642 1431 674 1491 649 1533 660 1586 639 1608 653 1668 632 1707 656 1749 656 1774 639 1805 649 1823 635 1972 646 1996 632 2018 649 2035 639 2095 653 2166 639 2201 667 2244 653 2304 709 2329 713 2290 709 2244 755 2201 734 2063 745 1989 731 1954 745 1933 727 1855 723 1827 748 1671 741 1604 759 1519 738 1449 769 1417 741 1364 759 1328 741 1297 759 1183 769 1106 752 1042 776 1021 759 957 762 943 776 922 759 876 773 855 759 812 780 791 759 724 773 706 755 685 766 625 752 590 752 551 780 491 727 445 720"/></Shape>
	    <String CONTENT="פיה בככייה ואמ&#39; רבו&#39; שלעולם אם לא תחוס עלינו חום על קדושת שמך"
                    HPOS="438.0"
                    VPOS="632.0"
                    WIDTH="1891.0"
                    HEIGHT="148.0"></String>
          </TextLine>

          
          
          <TextLine ID="eSc_line_1656334"
                    
                    BASELINE="439 819 1427 826 1862 808 2300 808" 
                    HPOS="438.0"
                    VPOS="723.0"
                    WIDTH="1859.0"
                    HEIGHT="156.0">
            <Shape><Polygon POINTS="438 815 441 787 477 752 544 780 597 762 618 780 844 766 943 776 961 762 1039 780 1297 759 1311 773 1364 762 1392 776 1420 759 1438 773 1498 762 1537 776 1572 745 1632 776 1675 745 1728 766 1816 755 1859 723 1901 755 1989 738 2007 755 2039 741 2251 762 2297 805 2286 844 2254 840 2215 861 2148 840 2014 861 1979 826 1947 851 1922 840 1890 858 1788 847 1774 861 1724 851 1661 868 1625 847 1608 865 1502 854 1459 879 1413 851 1357 868 1325 854 1282 879 1215 851 1148 865 943 858 904 875 887 861 865 879 812 858 781 875 742 858 622 872 484 851 441 861"/></Shape>
	    <String CONTENT="הגבור שנקרא עלינו ונקום היום נקמתינו באותה שעה נתקנאו אחיה ואמרו"
                    HPOS="438.0"
                    VPOS="723.0"
                    WIDTH="1859.0"
                    HEIGHT="156.0"></String>
          </TextLine>

          
          
          <TextLine ID="eSc_line_1656335"
                    
                    BASELINE="439 917 519 928 618 932 1194 932 1569 921 2124 925 2311 914" 
                    HPOS="438.0"
                    VPOS="829.0"
                    WIDTH="1869.0"
                    HEIGHT="159.0">
            <Shape><Polygon POINTS="438 914 441 886 484 854 519 875 692 872 710 889 961 868 1003 872 1021 889 1046 872 1077 882 1116 865 1166 889 1208 858 1233 882 1254 868 1272 886 1328 886 1413 854 1441 882 1470 886 1544 865 1579 882 1593 868 1668 879 1728 854 1767 868 1795 854 1894 861 1950 854 1979 829 2049 879 2120 851 2184 875 2223 861 2307 911 2268 967 2194 953 2162 974 2046 957 1965 974 1933 953 1876 964 1837 950 1788 967 1615 967 1526 939 1473 981 1434 960 1410 974 1244 967 1226 985 1201 964 1141 981 1109 960 1007 978 978 960 961 974 759 960 678 978 657 967 622 988 576 953 487 974 441 960"/></Shape>
	    <String CONTENT="בואו וניטול עצה במה נעשה ˙ נטלו עצה זה מזה ואמרו בואו ונקח אחו&#39;"
                    HPOS="438.0"
                    VPOS="829.0"
                    WIDTH="1869.0"
                    HEIGHT="159.0"></String>
          </TextLine>

          
          
          <TextLine ID="eSc_line_1656336"
                    
                    BASELINE="439 1041 1109 1034 1565 1038 1749 1034 1904 1024 2321 1024" 
                    HPOS="438.0"
                    VPOS="957.0"
                    WIDTH="1880.0"
                    HEIGHT="151.0">
            <Shape><Polygon POINTS="438 1038 441 964 508 992 565 957 622 995 671 995 689 978 742 1006 784 992 844 1002 865 981 894 1002 1010 1002 1099 960 1120 960 1155 995 1247 992 1265 974 1282 988 1328 964 1374 992 1487 992 1523 957 1565 992 1625 988 1657 957 1721 988 1781 967 1876 981 1922 957 1961 981 2261 967 2318 1020 2293 1020 2230 1070 2180 1048 2152 1070 2039 1077 2000 1052 1972 1073 1774 1059 1752 1077 1675 1066 1622 1084 1604 1066 1526 1091 1494 1063 1417 1094 1385 1070 1346 1084 1328 1070 1194 1084 1145 1066 1109 1101 1067 1066 1010 1101 975 1084 929 1108 897 1084 855 1108 802 1108 742 1084 667 1105 576 1059 547 1087 523 1073 462 1108 441 1098"/></Shape>
	    <String CONTENT="אחותינו ונוליכנה אצל המלך הגדול ונאמר לו אחותינו בת כהן גדול ואין"
                    HPOS="438.0"
                    VPOS="957.0"
                    WIDTH="1880.0"
                    HEIGHT="151.0"></String>
          </TextLine>

          
          
          <TextLine ID="eSc_line_1656337"
                    
                    BASELINE="399 1151 1385 1151 1844 1133 2339 1126" 
                    HPOS="395.0"
                    VPOS="1048.0"
                    WIDTH="1941.0"
                    HEIGHT="173.0">
            <Shape><Polygon POINTS="395 1147 438 1108 505 1098 526 1077 547 1091 576 1063 622 1108 643 1094 685 1112 781 1101 802 1116 989 1094 1081 1116 1152 1108 1176 1087 1215 1108 1258 1077 1289 1101 1328 1101 1392 1070 1420 1098 1512 1108 1586 1077 1611 1094 1668 1077 1714 1094 1742 1080 1770 1091 1805 1070 1841 1084 1873 1059 1940 1098 2003 1052 2039 1080 2134 1091 2194 1048 2226 1080 2279 1077 2321 1094 2336 1123 2251 1193 2162 1151 2085 1193 2007 1176 1968 1200 1940 1186 1841 1186 1795 1165 1738 1197 1696 1176 1657 1193 1572 1179 1470 1200 1452 1183 1399 1190 1360 1176 1265 1186 1212 1221 1166 1186 1099 1207 1024 1207 1007 1190 911 1200 802 1186 773 1214 752 1197 731 1214 713 1197 660 1214 632 1186 604 1197 583 1179 466 1197 402 1147"/></Shape>
	    <String CONTENT="בכל ישרﭏ גדול מאבינו וראינו שלא תלין אחותינו עם ההגמון אלא עם"
                    HPOS="395.0"
                    VPOS="1048.0"
                    WIDTH="1941.0"
                    HEIGHT="173.0"></String>
          </TextLine>

          
          
          <TextLine ID="eSc_line_1656338"
                    
                    BASELINE="426 1260 1254 1260 1502 1246 2131 1246 2311 1253" 
                    HPOS="424.0"
                    VPOS="1161.0"
                    WIDTH="1883.0"
                    HEIGHT="152.0">
            <Shape><Polygon POINTS="424 1257 427 1225 466 1200 515 1214 643 1204 657 1218 696 1204 728 1218 756 1197 773 1214 897 1221 971 1204 1127 1218 1169 1193 1215 1218 1268 1193 1304 1211 1343 1179 1374 1197 1434 1193 1452 1211 1668 1190 1760 1207 1813 1168 1866 1204 2067 1193 2092 1207 2141 1161 2194 1204 2219 1186 2297 1204 2307 1250 2212 1303 2166 1278 2109 1313 2085 1296 2003 1296 1961 1267 1887 1303 1749 1303 1710 1281 1622 1313 1555 1289 1353 1299 1328 1278 1279 1310 1212 1289 1166 1313 978 1306 957 1292 876 1310 791 1296 667 1310 622 1292 512 1303 462 1289 427 1257"/></Shape>
	    <String CONTENT="המלך שהוא גדול כמותינו ונכנסו עליו ונהרגנו ונצא ונתחיל בעבדו ובשר"
                    HPOS="424.0"
                    VPOS="1161.0"
                    WIDTH="1883.0"
                    HEIGHT="152.0"></String>
          </TextLine>

          
          
          <TextLine ID="eSc_line_1656339"
                    
                    BASELINE="426 1362 742 1359 1028 1366 1208 1359 1392 1363 1915 1345 2350 1349" 
                    HPOS="424.0"
                    VPOS="1260.0"
                    WIDTH="1922.0"
                    HEIGHT="163.0">
            <Shape><Polygon POINTS="424 1359 427 1260 523 1327 561 1306 604 1320 738 1320 777 1299 858 1313 901 1303 915 1317 961 1299 978 1317 1077 1324 1176 1313 1198 1292 1332 1324 1360 1299 1431 1299 1449 1281 1526 1313 1540 1299 1668 1313 1707 1292 1721 1306 1859 1292 1954 1310 1975 1289 2003 1306 2071 1299 2113 1313 2166 1278 2194 1306 2247 1296 2307 1342 2346 1345 2318 1345 2254 1409 2205 1409 2166 1387 2120 1402 1993 1402 1979 1387 1922 1398 1904 1380 1841 1384 1809 1405 1696 1387 1639 1405 1608 1380 1565 1409 1466 1409 1452 1395 1357 1416 1279 1391 1240 1423 1180 1384 1127 1412 1099 1398 982 1416 844 1387 819 1412 720 1398 685 1419 537 1398 498 1423 431 1387"/></Shape>
	    <String CONTENT="והשם עוזרנו ומשגבינו ˙ ונטלו עצה וגו&#39; ˙ ועשה לה הק&#39;ב&#39;ה&#39; תשועה גדול"
                    HPOS="424.0"
                    VPOS="1260.0"
                    WIDTH="1922.0"
                    HEIGHT="163.0"></String>
          </TextLine>

          
          
          <TextLine ID="eSc_line_1656340"
                    
                    BASELINE="426 1462 1484 1462 1823 1447 2134 1455 2329 1447" 
                    HPOS="424.0"
                    VPOS="1380.0"
                    WIDTH="1901.0"
                    HEIGHT="156.0">
            <Shape><Polygon POINTS="424 1458 445 1412 512 1423 544 1402 597 1419 614 1402 692 1419 738 1402 752 1416 816 1416 844 1387 901 1416 933 1405 1042 1433 1092 1402 1244 1426 1286 1395 1360 1426 1441 1426 1473 1412 1696 1409 1710 1395 1851 1412 1901 1380 1929 1405 1965 1395 1979 1409 2018 1395 2056 1409 2173 1395 2201 1412 2304 1423 2325 1444 2311 1486 2283 1486 2226 1536 2173 1497 2138 1511 2106 1493 2067 1497 2046 1515 2003 1490 1936 1508 1890 1483 1827 1508 1763 1486 1707 1511 1650 1490 1618 1515 1558 1500 1519 1532 1484 1508 1431 1504 1304 1518 1254 1490 1229 1508 1130 1500 1113 1515 1085 1504 996 1518 964 1500 925 1515 858 1504 837 1486 816 1504 710 1511 639 1497 487 1504 427 1458"/></Shape>
	    <String CONTENT="ושמעו בת קול מבית קדש הקדשים כל ישרﭏ נצחו טליה באנטוביה"
                    HPOS="424.0"
                    VPOS="1380.0"
                    WIDTH="1901.0"
                    HEIGHT="156.0"></String>
          </TextLine>

          
          
          <TextLine ID="eSc_line_1656346"
                    
                    BASELINE="1087 1568 1470 1568 1675 1557 1787 1559" 
                    HPOS="1085.0"
                    VPOS="1500.0"
                    WIDTH="699.0"
                    HEIGHT="138.0">
            <Shape><Polygon POINTS="1085 1564 1088 1511 1127 1525 1176 1500 1198 1518 1240 1508 1360 1522 1406 1508 1434 1525 1480 1508 1516 1529 1590 1508 1774 1511 1784 1557 1777 1592 1707 1638 1661 1599 1427 1603 1399 1631 1307 1592 1265 1613 1205 1599 1173 1621 1092 1603"/></Shape>
	    <String CONTENT="כן יעשה המקום ישועה"
                    HPOS="1085.0"
                    VPOS="1500.0"
                    WIDTH="699.0"
                    HEIGHT="138.0"></String>
          </TextLine>

          
          
          <TextLine ID="eSc_line_1656347"
                    
                    BASELINE="1268 1662 1427 1656 1639 1656" 
                    HPOS="1265.0"
                    VPOS="1603.0"
                    WIDTH="371.0"
                    HEIGHT="159.0">
            <Shape><Polygon POINTS="1265 1659 1268 1613 1318 1621 1335 1606 1396 1631 1427 1606 1456 1628 1473 1610 1498 1621 1579 1603 1625 1610 1636 1652 1625 1702 1604 1712 1509 1698 1434 1712 1410 1698 1392 1712 1364 1705 1328 1744 1272 1762"/></Shape>
	    <String CONTENT="בימיכו אמן ˙"
                    HPOS="1265.0"
                    VPOS="1603.0"
                    WIDTH="371.0"
                    HEIGHT="159.0"></String>
          </TextLine>

          
          
          <TextLine ID="eSc_line_02624595"
                    
                    BASELINE="1739 1948 1950 1942 2304 1958" 
                    HPOS="1738.0"
                    VPOS="1882.0"
                    WIDTH="562.0"
                    HEIGHT="187.0">
            <Shape><Polygon POINTS="1738 1945 1745 1889 1972 1907 2018 1882 2088 1910 2113 1910 2138 1885 2208 1889 2265 1914 2293 1900 2300 1956 2290 2058 2254 2069 2095 2066 2014 2041 1947 1984 1742 1977"/></Shape>
	    <String CONTENT="תנו רבנן"
                    HPOS="1738.0"
                    VPOS="1882.0"
                    WIDTH="562.0"
                    HEIGHT="187.0"></String>
          </TextLine>

          
          
          <TextLine ID="eSc_line_1656345"
                    
                    BASELINE="425 1946 1637 1960 1646 1958" 
                    HPOS="424.0"
                    VPOS="1871.0"
                    WIDTH="1219.0"
                    HEIGHT="134.0">
            <Shape><Polygon POINTS="424 1945 427 1871 604 1875 622 1889 660 1875 706 1903 784 1889 834 1907 1010 1907 1035 1882 1070 1878 1095 1900 1148 1907 1191 1882 1240 1910 1297 1907 1325 1882 1388 1882 1417 1907 1487 1896 1547 1910 1583 1885 1632 1900 1643 1956 1632 1984 1449 1984 1427 2005 1399 1988 1364 2005 1346 1991 1314 2005 1289 1991 1261 2005 1236 1991 1010 2002 986 1984 911 2002 883 1981 834 1977 795 1998 749 1984 699 1998 667 1981 477 1998 427 1974"/></Shape>
	    <String CONTENT="בימי מלכות יוון הרשעה גזרו שמד על ישרﭏ"
                    HPOS="424.0"
                    VPOS="1871.0"
                    WIDTH="1219.0"
                    HEIGHT="134.0"></String>
          </TextLine>

          
          
          <TextLine ID="eSc_line_1656343"
                    
                    BASELINE="425 2073 1641 2055" 
                    HPOS="424.0"
                    VPOS="1984.0"
                    WIDTH="1215.0"
                    HEIGHT="145.0">
            <Shape><Polygon POINTS="424 2069 427 1995 462 1984 537 2005 572 1998 586 2013 622 1991 660 2013 724 1998 745 2020 763 2005 823 2009 841 2027 865 2005 883 2023 908 2013 933 2027 1017 2005 1053 2041 1102 2005 1130 2020 1180 2005 1198 2023 1244 2002 1318 2020 1420 2002 1459 2016 1530 1988 1551 2009 1590 2009 1639 2051 1625 2090 1562 2111 1512 2087 1480 2101 1449 2080 1378 2119 1357 2101 1332 2122 1268 2104 1226 2129 1180 2097 1109 2108 1070 2094 1035 2129 996 2108 880 2119 791 2094 752 2115 689 2094 653 2111 544 2104 515 2083 480 2104 431 2097"/></Shape>
	    <String CONTENT="שלא יעסקו בתורה ˙ מה עשו ישרﭏ היו [ע&#39;]"
                    HPOS="424.0"
                    VPOS="1984.0"
                    WIDTH="1215.0"
                    HEIGHT="145.0"></String>
          </TextLine>

          
          
          <TextLine ID="eSc_line_1656344"
                    
                    BASELINE="452 2161 1427 2168 1641 2158" 
                    HPOS="448.0"
                    VPOS="2090.0"
                    WIDTH="1191.0"
                    HEIGHT="142.0">
            <Shape><Polygon POINTS="448 2157 470 2111 537 2136 632 2108 685 2133 710 2108 742 2126 784 2094 819 2129 848 2111 940 2129 968 2115 1010 2140 1081 2111 1102 2133 1130 2119 1166 2150 1244 2122 1286 2129 1304 2111 1328 2126 1470 2119 1505 2090 1579 2115 1629 2094 1639 2157 1629 2182 1547 2221 1505 2200 1487 2217 1456 2207 1431 2228 1357 2196 1215 2207 1183 2182 1148 2217 1060 2221 1024 2193 986 2232 940 2200 904 2196 855 2224 834 2203 713 2210 692 2196 629 2217 604 2200 498 2210 452 2193"/></Shape>
	    <String CONTENT="עוסקין בצנעה ˙ ועוד גזרו שכל מי שיש לו"
                    HPOS="448.0"
                    VPOS="2090.0"
                    WIDTH="1191.0"
                    HEIGHT="142.0"></String>
          </TextLine>

          
          
          <TextLine ID="eSc_line_1656342"
                    
                    BASELINE="444 2267 2127 2267 2304 2254" 
                    HPOS="441.0"
                    VPOS="2171.0"
                    WIDTH="1859.0"
                    HEIGHT="156.0">
            <Shape><Polygon POINTS="441 2263 459 2228 519 2207 646 2228 667 2207 703 2203 738 2239 837 2224 993 2232 1007 2217 1162 2228 1215 2207 1244 2228 1300 2207 1339 2224 1622 2228 1685 2200 1710 2224 1731 2221 1781 2171 1848 2207 1897 2179 1940 2217 1975 2193 1993 2207 2092 2200 2109 2217 2191 2200 2237 2217 2290 2196 2300 2253 2290 2292 2205 2284 2162 2299 2131 2281 2109 2295 2063 2292 2046 2309 1982 2270 1940 2299 1894 2302 1873 2284 1830 2309 1805 2284 1738 2302 1643 2292 1618 2316 1537 2284 1512 2306 1417 2299 1374 2313 1258 2288 1240 2302 1176 2299 1138 2327 1085 2295 1046 2316 996 2299 971 2320 865 2292 816 2327 788 2327 738 2292 710 2316 692 2306 650 2327 569 2327 501 2292 473 2302 445 2288"/></Shape>
	    <String CONTENT="שור יחקוק עלקרניו הריגה ˙ מה עמדו ומכרו כל שווריהם ˙ ועוד גזרו"
                    HPOS="441.0"
                    VPOS="2171.0"
                    WIDTH="1859.0"
                    HEIGHT="156.0"></String>
          </TextLine>

          
          
          <TextLine ID="eSc_line_1656327"
                    
                    BASELINE="444 2359 1374 2366 2007 2348 2304 2354" 
                    HPOS="441.0"
                    VPOS="2277.0"
                    WIDTH="1859.0"
                    HEIGHT="145.0">
            <Shape><Polygon POINTS="441 2355 452 2288 498 2323 572 2330 1145 2327 1236 2309 1261 2288 1300 2323 1399 2313 1477 2327 1540 2302 1569 2320 1622 2320 1646 2299 1731 2316 1795 2288 1834 2316 1954 2309 1986 2277 2032 2313 2113 2299 2173 2309 2205 2288 2254 2295 2300 2352 2254 2401 2212 2408 2187 2387 2109 2401 2081 2383 1943 2390 1915 2373 1816 2401 1763 2383 1699 2405 1646 2387 1629 2401 1480 2390 1339 2412 1215 2390 1127 2405 918 2398 901 2415 678 2398 629 2419 576 2394 445 2422"/></Shape>
	    <String CONTENT="עליהם שלא ימולו את בניהם ושיבעלו את כשיהם כשהסנדות ˙ ובעו"
                    HPOS="441.0"
                    VPOS="2277.0"
                    WIDTH="1859.0"
                    HEIGHT="145.0"></String>
          </TextLine>

          
          
          <TextLine ID="eSc_line_1656323"
                    
                    BASELINE="459 2461 1081 2461 1562 2447 2304 2450" 
                    HPOS="455.0"
                    VPOS="2373.0"
                    WIDTH="1845.0"
                    HEIGHT="145.0">
            <Shape><Polygon POINTS="455 2458 459 2422 480 2415 915 2422 936 2401 957 2422 1031 2419 1060 2436 1141 2401 1176 2422 1335 2419 1466 2390 1530 2415 1586 2394 1622 2408 1650 2383 1678 2408 1798 2412 1919 2373 1975 2419 2035 2419 2056 2398 2092 2394 2120 2419 2272 2412 2300 2447 2258 2500 2219 2486 2095 2500 1873 2479 1837 2500 1749 2489 1731 2503 1685 2475 1646 2475 1544 2500 1456 2482 1127 2503 1063 2468 1031 2500 993 2507 925 2486 883 2511 844 2486 827 2503 805 2486 766 2500 710 2479 667 2500 597 2489 565 2518 512 2518 459 2475"/></Shape>
	    <String CONTENT="ובעונות בטלו את המילה ובטלו את הטבילה ˙ ועוד גזרו כדי שיחקקו"
                    HPOS="455.0"
                    VPOS="2373.0"
                    WIDTH="1845.0"
                    HEIGHT="145.0"></String>
          </TextLine>

          
          
          <TextLine ID="eSc_line_1656326"
                    
                    BASELINE="413 2549 872 2556 1162 2546 2138 2546 2304 2552" 
                    HPOS="409.0"
                    VPOS="2475.0"
                    WIDTH="1891.0"
                    HEIGHT="134.0">
            <Shape><Polygon POINTS="409 2546 441 2514 569 2521 604 2496 671 2500 706 2482 742 2518 802 2489 827 2511 883 2514 918 2486 975 2514 1060 2493 1152 2507 1169 2489 1194 2511 1279 2496 1314 2525 1335 2503 1406 2511 1427 2489 1487 2489 1519 2514 1611 2511 1650 2475 1675 2475 1714 2507 1968 2511 1986 2493 2056 2493 2074 2511 2159 2511 2230 2486 2251 2507 2265 2500 2300 2549 2261 2595 2233 2599 2184 2571 2152 2599 2085 2602 2035 2574 2010 2588 1982 2581 1965 2599 1936 2581 1883 2599 1813 2571 1749 2602 1682 2574 1632 2592 1593 2574 1558 2592 1473 2581 1406 2606 1318 2556 1261 2588 1138 2595 1056 2571 1035 2588 940 2581 915 2602 897 2588 837 2588 819 2606 791 2581 717 2595 692 2574 650 2599 565 2574 519 2609 484 2574 438 2592 413 2567"/></Shape>
	    <String CONTENT="כל אחד ואחד בבריח של ביתו הריגה ˙ מה עשו ישרﭏ עקרו כל אחד בריח"
                    HPOS="409.0"
                    VPOS="2475.0"
                    WIDTH="1891.0"
                    HEIGHT="134.0"></String>
          </TextLine>

          
          
          <TextLine ID="eSc_line_1656331"
                    
                    BASELINE="449 2642 834 2655 1636 2634 1823 2634 1972 2641 2304 2632" 
                    HPOS="448.0"
                    VPOS="2571.0"
                    WIDTH="1852.0"
                    HEIGHT="144.0">
            <Shape><Polygon POINTS="448 2641 462 2574 484 2574 519 2609 607 2616 653 2609 685 2585 717 2599 763 2585 805 2620 841 2592 869 2620 915 2616 943 2592 993 2581 1123 2620 1222 2609 1244 2588 1307 2595 1332 2578 1367 2609 1512 2613 1565 2602 1586 2581 1745 2609 1827 2595 2003 2606 2032 2581 2056 2606 2099 2606 2152 2599 2191 2571 2226 2602 2279 2606 2300 2631 2290 2669 2268 2666 2237 2691 2212 2677 2046 2684 2025 2662 1936 2684 1880 2666 1859 2691 1784 2669 1555 2684 1526 2659 1484 2684 1431 2669 1403 2691 1346 2698 1325 2677 1304 2691 1268 2677 1074 2701 982 2673 961 2694 915 2701 766 2687 724 2715 699 2694 544 2694 452 2669"/></Shape>
	    <String CONTENT="של ביתו ˙ ועוד גזרו שכל מי שנושא אשה שיוליכה למלך שיבעול"
                    HPOS="448.0"
                    VPOS="2571.0"
                    WIDTH="1852.0"
                    HEIGHT="144.0"></String>
          </TextLine>

          
          
          <TextLine ID="eSc_line_1656328"
                    
                    BASELINE="449 2737 533 2747 1484 2747 1784 2737 2315 2737" 
                    HPOS="448.0"
                    VPOS="2662.0"
                    WIDTH="1866.0"
                    HEIGHT="138.0">
            <Shape><Polygon POINTS="448 2733 466 2684 505 2705 607 2708 650 2694 667 2712 798 2719 841 2698 876 2715 933 2712 993 2677 1028 2712 1099 2708 1120 2687 1145 2712 1229 2712 1350 2705 1431 2673 1505 2687 1530 2662 1608 2698 1625 2684 1685 2684 1710 2708 1745 2680 1802 2680 1823 2701 1859 2691 1887 2719 2018 2666 2039 2687 2095 2687 2117 2705 2247 2698 2279 2669 2304 2673 2314 2733 2272 2786 2254 2772 2173 2786 2134 2786 2117 2768 2035 2779 2021 2765 1979 2786 1915 2751 1894 2751 1862 2782 1798 2782 1781 2768 1650 2782 1576 2761 1512 2790 1371 2775 1279 2793 1155 2782 1106 2800 1000 2779 851 2800 576 2790 452 2768"/></Shape>
	    <String CONTENT="אותה תחילה ˙ ואח&#39;ב&#39; יחזור לבעלה ונהגו בדבר שלש שנים ושמונה"
                    HPOS="448.0"
                    VPOS="2662.0"
                    WIDTH="1866.0"
                    HEIGHT="138.0"></String>
          </TextLine>

          
          
          <TextLine ID="eSc_line_1656329"
                    
                    BASELINE="429 2839 1537 2846 1784 2839 2315 2832" 
                    HPOS="427.0"
                    VPOS="2765.0"
                    WIDTH="1887.0"
                    HEIGHT="138.0">
            <Shape><Polygon POINTS="427 2835 455 2797 512 2782 611 2807 625 2793 664 2797 682 2814 795 2793 830 2821 876 2797 1010 2818 1102 2814 1123 2793 1145 2811 1233 2811 1261 2797 1275 2807 1300 2782 1385 2807 1417 2782 1466 2804 1494 2786 1530 2804 1608 2793 1639 2807 1714 2800 1756 2765 1901 2804 1986 2786 2014 2765 2074 2800 2099 2782 2166 2797 2194 2779 2212 2797 2276 2790 2314 2828 2304 2867 2120 2881 2060 2850 2028 2881 1954 2867 1912 2899 1883 2874 1827 2878 1809 2864 1774 2878 1721 2864 1675 2903 1639 2871 1505 2885 1360 2885 1339 2871 1229 2892 940 2895 890 2881 752 2895 660 2881 636 2895 484 2878 455 2888 431 2864"/></Shape>
	    <String CONTENT="חדשים ˙ וכיון שראו&#39; כך מנעו רבים את עצמם מפריה ורביה וכשהין"
                    HPOS="427.0"
                    VPOS="2765.0"
                    WIDTH="1887.0"
                    HEIGHT="138.0"></String>
          </TextLine>

          
          
          <TextLine ID="eSc_line_1656324"
                    
                    BASELINE="429 2940 713 2952 1095 2952 1509 2941 2315 2941" 
                    HPOS="427.0"
                    VPOS="2867.0"
                    WIDTH="1887.0"
                    HEIGHT="138.0">
            <Shape><Polygon POINTS="427 2938 431 2913 466 2881 505 2906 618 2888 667 2917 717 2917 766 2888 887 2885 978 2892 1039 2917 1215 2917 1293 2910 1311 2892 1353 2910 1385 2881 1420 2906 1491 2892 1533 2910 1664 2906 1714 2867 1890 2910 2053 2906 2099 2878 2148 2899 2279 2903 2314 2938 2276 2977 2251 2973 2223 2994 2117 2970 2085 3001 2032 2970 1979 2984 1880 2963 1851 2987 1760 2963 1646 2991 1586 2970 1555 2998 1533 2977 1470 2973 1434 3001 1374 2977 1350 2998 1314 2970 1212 3005 1152 2987 1063 2991 1046 2973 1024 2987 986 2980 961 3005 904 2973 872 2987 837 2973 819 2987 791 2980 752 3005 724 2984 667 2977 607 2994 551 2970 515 2980 498 2963 455 2994 431 2970"/></Shape>
	    <String CONTENT="וכשראו חכמי ישרﭏ שהיו מונעים את עצמן מפריה ורביה עמדו [ו&#39;]"
                    HPOS="427.0"
                    VPOS="2867.0"
                    WIDTH="1887.0"
                    HEIGHT="138.0"></String>
          </TextLine>

          
          
          <TextLine ID="eSc_line_1656330"
                    
                    BASELINE="429 3033 710 3044 1456 3044 1707 3033 2315 3026" 
                    HPOS="427.0"
                    VPOS="2970.0"
                    WIDTH="1887.0"
                    HEIGHT="134.0">
            <Shape><Polygon POINTS="427 3030 498 2970 519 2984 547 2970 586 3001 703 3005 724 2987 742 3005 1017 3016 1046 3016 1074 2987 1120 3016 1162 3001 1272 3012 1318 2973 1353 3005 1664 3005 1749 2994 1774 2970 1802 2994 1848 3001 1982 3001 2028 2970 2060 2998 2283 2994 2314 3023 2268 3083 2240 3065 2212 3086 2141 3090 2117 3072 2071 3090 2039 3061 1954 3093 1912 3061 1873 3079 1841 3065 1813 3093 1717 3093 1668 3051 1544 3093 1487 3072 1466 3093 1434 3076 1392 3079 1364 3104 1321 3076 1289 3100 1261 3100 1219 3065 1173 3093 1134 3086 1088 3104 1039 3079 989 3104 933 3072 894 3090 862 3065 841 3083 777 3069 745 3083 590 3079 533 3065 484 3104 431 3051"/></Shape>
	    <String CONTENT="והתקינו להם ˙ סימנים ˙ התקינו שכל מי שנולד בן זכר שיהא מדליק"
                    HPOS="427.0"
                    VPOS="2970.0"
                    WIDTH="1887.0"
                    HEIGHT="134.0"></String>
          </TextLine>

          
          
          <TextLine ID="eSc_line_1656325"
                    
                    BASELINE="429 3156 526 3146 710 3139 1325 3143 1809 3129 2205 3129 2315 3121" 
                    HPOS="427.0"
                    VPOS="3083.0"
                    WIDTH="1887.0"
                    HEIGHT="120.0">
            <Shape><Polygon POINTS="427 3153 431 3114 498 3097 749 3114 865 3093 1081 3111 1293 3097 1413 3107 1449 3093 1516 3107 1544 3090 1590 3104 1643 3086 1724 3100 1784 3090 1798 3104 1866 3090 1883 3104 2056 3083 2127 3100 2148 3086 2170 3100 2194 3083 2254 3083 2304 3097 2314 3118 2304 3157 2215 3164 2177 3189 2124 3174 2109 3189 2088 3174 2010 3189 1929 3182 1904 3164 1820 3164 1756 3192 1636 3192 1586 3164 1547 3164 1410 3167 1381 3196 1240 3196 1212 3171 1176 3167 1035 3171 986 3199 738 3203 713 3178 660 3178 625 3203 569 3203 519 3174 431 3178"/></Shape>
	    <String CONTENT="נרות חדשים ביום השמיני ועשו כן וכיון שהיו ישרﭏ עוברין ורואין נרות"
                    HPOS="427.0"
                    VPOS="3083.0"
                    WIDTH="1887.0"
                    HEIGHT="120.0"></String>
          </TextLine>

          
        </TextBlock>
        
        <TextBlock HPOS="303.0"
                   VPOS="3898.0"
                   WIDTH="103.0"
                   HEIGHT="234.0"
                   ID="eSc_textblock_11600"
                   TAGREFS="BT845">
          <Shape><Polygon POINTS="303 3898 406 3898 406 4132 303 4132 303 3898"/></Shape>
          
          
          <TextLine ID="eSc_line_1995589"
                    
                    BASELINE="306 3991 417 3993" 
                    HPOS="305.0"
                    VPOS="3951.0"
                    WIDTH="112.0"
                    HEIGHT="81.0">
            <Shape><Polygon POINTS="306 3951 417 3953 416 4032 305 4030"/></Shape>
	    <String CONTENT="ר"
                    HPOS="305.0"
                    VPOS="3951.0"
                    WIDTH="112.0"
                    HEIGHT="81.0"></String>
          </TextLine>

          
        </TextBlock>
        

        
      </PrintSpace>
    </Page>
  </Layout>
</alto>
