<?xml version="1.0" encoding="UTF-8"?>
<alto xmlns:xsi="http://www.w3.org/2001/XMLSchema-instance"
      xmlns="http://www.loc.gov/standards/alto/ns-v4#"
      xsi:schemaLocation="http://www.loc.gov/standards/alto/ns-v4# http://www.loc.gov/standards/alto/v4/alto-4-2.xsd">
  <Description>
    <MeasurementUnit>pixel</MeasurementUnit>
    <sourceImageInformation>
      <fileName>oulis2017-aya-0275-0.jpg</fileName>
      
    </sourceImageInformation>
  </Description>
  
  <Tags>
    <OtherTag ID="BT1164" LABEL="Hole" DESCRIPTION="block type Hole"/><OtherTag ID="BT2" LABEL="Main" DESCRIPTION="block type Main"/><OtherTag ID="BT3" LABEL="Commentary" DESCRIPTION="block type Commentary"/><OtherTag ID="BT4" LABEL="Illustration" DESCRIPTION="block type Illustration"/><OtherTag ID="BT218" LABEL="Margin" DESCRIPTION="block type Margin"/><OtherTag ID="BT219" LABEL="Paratext" DESCRIPTION="block type Paratext"/>
    <OtherTag ID="LT2" LABEL="Numbering" DESCRIPTION="line type Numbering"/><OtherTag ID="LT3" LABEL="Correction" DESCRIPTION="line type Correction"/><OtherTag ID="LT481" LABEL="Gloss" DESCRIPTION="line type Gloss"/>
  </Tags>
  
  <Layout>
    <Page WIDTH="5402"
          HEIGHT="6454"
          PHYSICAL_IMG_NR="262"
          ID="eSc_dummypage_">
      <PrintSpace HPOS="0"
                  VPOS="0"
                  WIDTH="5402"
                  HEIGHT="6454">
        
        <TextBlock HPOS="3112.0"
                   VPOS="1014.0"
                   WIDTH="1660.0"
                   HEIGHT="4166.0"
                   ID="eSc_textblock_12714"
                   TAGREFS="BT2">
          <Shape><Polygon POINTS="3112 1014 3121 5180 4772 5180 4772 1015"/></Shape>
          
          
          <TextLine ID="eSc_line_1336149"
                    
                    BASELINE="3174 1091 4707 1086" 
                    HPOS="3169.0"
                    VPOS="1016.0"
                    WIDTH="1533.0"
                    HEIGHT="145.0">
            <Shape><Polygon POINTS="3169 1086 3174 1027 3201 1016 4073 1016 4105 1038 4541 1021 4686 1038 4702 1081 4664 1161 4234 1161 4175 1134 4083 1161 3900 1161 3879 1140 3852 1161 3771 1140 3717 1161 3631 1134 3497 1134 3459 1161 3314 1134 3249 1161 3174 1134"/></Shape>
	    <String CONTENT="שבשמים א&#39; הק&#39; לא תניף עליהן ברזל"
                    HPOS="3169.0"
                    VPOS="1016.0"
                    WIDTH="1533.0"
                    HEIGHT="145.0"></String>
          </TextLine>

          
          
          <TextLine ID="eSc_line_1336151"
                    
                    BASELINE="3206 1215 4745 1215" 
                    HPOS="3201.0"
                    VPOS="1140.0"
                    WIDTH="1539.0"
                    HEIGHT="161.0">
            <Shape><Polygon POINTS="3201 1210 3212 1150 3373 1177 3513 1150 3588 1167 3626 1145 4089 1172 4164 1140 4202 1167 4363 1145 4401 1172 4670 1172 4740 1210 4664 1296 4632 1301 4498 1274 4438 1296 4395 1253 4358 1285 4320 1258 4277 1285 4040 1290 3943 1290 3922 1269 3825 1290 3787 1258 3723 1290 3529 1285 3502 1258 3438 1290 3389 1269 3249 1290 3212 1253"/></Shape>
	    <String CONTENT="המיטיל שלום בין איש לאיש בין"
                    HPOS="3201.0"
                    VPOS="1140.0"
                    WIDTH="1539.0"
                    HEIGHT="161.0"></String>
          </TextLine>

          
          
          <TextLine ID="eSc_line_1336154"
                    
                    BASELINE="3131 1339 4729 1344" 
                    HPOS="3126.0"
                    VPOS="1247.0"
                    WIDTH="1598.0"
                    HEIGHT="178.0">
            <Shape><Polygon POINTS="3126 1333 3217 1274 3728 1290 3787 1263 3820 1290 4019 1290 4261 1285 4320 1263 4352 1285 4395 1247 4438 1290 4643 1296 4724 1339 4654 1419 4616 1398 4584 1425 4546 1398 4471 1414 4444 1392 4325 1414 3997 1414 3965 1392 3873 1425 3803 1376 3701 1414 3621 1382 3540 1414 3475 1414 3448 1387 3368 1414 3206 1409 3131 1339"/></Shape>
	    <String CONTENT="איש לאשה בין עיר לעיר בין אומה"
                    HPOS="3126.0"
                    VPOS="1247.0"
                    WIDTH="1598.0"
                    HEIGHT="178.0"></String>
          </TextLine>

          
          
          <TextLine ID="eSc_line_1336157"
                    
                    BASELINE="3212 1462 4702 1468" 
                    HPOS="3206.0"
                    VPOS="1382.0"
                    WIDTH="1491.0"
                    HEIGHT="166.0">
            <Shape><Polygon POINTS="3206 1457 3233 1409 3384 1425 3454 1392 3497 1419 3615 1387 3707 1414 3809 1382 3873 1425 3960 1398 4013 1419 4433 1398 4498 1419 4541 1398 4568 1425 4621 1403 4675 1419 4697 1462 4648 1543 4379 1522 4266 1543 4239 1522 3970 1538 3949 1516 3830 1516 3583 1538 3389 1522 3255 1548 3212 1505"/></Shape>
	    <String CONTENT="לאומה בין משפחה למשפחה בין"
                    HPOS="3206.0"
                    VPOS="1382.0"
                    WIDTH="1491.0"
                    HEIGHT="166.0"></String>
          </TextLine>

          
          
          <TextLine ID="eSc_line_1336160"
                    
                    BASELINE="3163 1586 4729 1602" 
                    HPOS="3158.0"
                    VPOS="1511.0"
                    WIDTH="1566.0"
                    HEIGHT="167.0">
            <Shape><Polygon POINTS="3158 1581 3228 1532 3922 1532 3943 1511 3976 1543 4654 1543 4724 1597 4670 1678 4363 1678 4288 1640 4234 1672 3884 1661 3857 1635 3782 1672 3728 1651 3239 1661 3163 1586"/></Shape>
	    <String CONTENT="ממשלה לממשלה על אחת כמה"
                    HPOS="3158.0"
                    VPOS="1511.0"
                    WIDTH="1566.0"
                    HEIGHT="167.0"></String>
          </TextLine>

          
          
          <TextLine ID="eSc_line_1336163"
                    
                    BASELINE="3341 1721 4707 1737" 
                    HPOS="3335.0"
                    VPOS="1640.0"
                    WIDTH="1367.0"
                    HEIGHT="161.0">
            <Shape><Polygon POINTS="3335 1715 3416 1704 3459 1661 3567 1651 4229 1672 4282 1640 4320 1678 4374 1683 4686 1678 4702 1731 4675 1796 4627 1769 4594 1796 4363 1801 4336 1774 4299 1801 4083 1790 4024 1758 3992 1790 3836 1774 3793 1796 3669 1764 3615 1790 3465 1796 3389 1721 3341 1721"/></Shape>
	    <String CONTENT="וכמה שלא תבואהו פורענות ˙"
                    HPOS="3335.0"
                    VPOS="1640.0"
                    WIDTH="1367.0"
                    HEIGHT="161.0"></String>
          </TextLine>

          
          
          <TextLine ID="eSc_line_1336164"
                    
                    BASELINE="3190 1834 4707 1844" 
                    HPOS="3185.0"
                    VPOS="1764.0"
                    WIDTH="1517.0"
                    HEIGHT="161.0">
            <Shape><Polygon POINTS="3185 1828 3190 1769 3325 1780 3346 1801 3427 1780 3459 1812 3513 1780 3992 1790 4019 1764 4051 1796 4288 1801 4331 1769 4363 1796 4594 1796 4627 1774 4654 1801 4686 1790 4702 1839 4648 1914 4056 1920 3933 1914 3900 1882 3820 1920 3771 1898 3411 1898 3276 1925 3190 1839"/></Shape>
	    <String CONTENT="לא תעלה במעלות על מזבחי מיכן"
                    HPOS="3185.0"
                    VPOS="1764.0"
                    WIDTH="1517.0"
                    HEIGHT="161.0"></String>
          </TextLine>

          
          
          <TextLine ID="eSc_line_1336167"
                    
                    BASELINE="3099 1973 4702 1973" 
                    HPOS="3093.0"
                    VPOS="1877.0"
                    WIDTH="1604.0"
                    HEIGHT="177.0">
            <Shape><Polygon POINTS="3093 1968 3222 1877 3276 1925 3411 1903 3825 1925 3906 1893 3938 1925 3986 1903 4654 1925 4686 1903 4697 1968 4664 2038 4428 2016 4342 2049 4186 2022 3895 2033 3830 2011 3782 2038 3637 2022 3513 2043 3481 2011 3421 2033 3384 2006 3319 2038 3249 2000 3174 2054 3104 1984"/></Shape>
	    <String CONTENT="אמרו עשה כבש למזבח אין לי אלא"
                    HPOS="3093.0"
                    VPOS="1877.0"
                    WIDTH="1604.0"
                    HEIGHT="177.0"></String>
          </TextLine>

          
          
          <TextLine ID="eSc_line_1336168"
                    
                    BASELINE="3163 2092 4729 2102" 
                    HPOS="3158.0"
                    VPOS="2006.0"
                    WIDTH="1566.0"
                    HEIGHT="188.0">
            <Shape><Polygon POINTS="3158 2086 3244 2006 3282 2038 3400 2022 3432 2043 3470 2011 3524 2043 3642 2022 3777 2038 3830 2006 3992 2038 4261 2027 4320 2049 4406 2022 4713 2022 4724 2097 4637 2172 4234 2145 4180 2172 4056 2167 3981 2194 3938 2156 3825 2162 3798 2135 3771 2162 3545 2140 3459 2172 3378 2140 3325 2178 3190 2167 3163 2140"/></Shape>
	    <String CONTENT="עלייה ירידה מנין ת&#39;ל&#39; אשר לא תגלה"
                    HPOS="3158.0"
                    VPOS="2006.0"
                    WIDTH="1566.0"
                    HEIGHT="188.0"></String>
          </TextLine>

          
          
          <TextLine ID="eSc_line_1336169"
                    
                    BASELINE="3163 2232 4745 2226" 
                    HPOS="3158.0"
                    VPOS="2135.0"
                    WIDTH="1582.0"
                    HEIGHT="188.0">
            <Shape><Polygon POINTS="3158 2226 3222 2156 3319 2183 3384 2135 3470 2172 3621 2145 3766 2172 3890 2151 3970 2194 4051 2172 4164 2183 4239 2145 4363 2183 4659 2172 4707 2221 4740 2221 4643 2301 4471 2296 4428 2323 4385 2280 4282 2307 4245 2280 4191 2296 4142 2264 4099 2296 4062 2275 3960 2301 3750 2280 3664 2296 3610 2264 3534 2291 3491 2264 3217 2285 3163 2232"/></Shape>
	    <String CONTENT="ערוותך עליו ˙ הא לא עלייה ולא"
                    HPOS="3158.0"
                    VPOS="2135.0"
                    WIDTH="1582.0"
                    HEIGHT="188.0"></String>
          </TextLine>

          
          
          <TextLine ID="eSc_line_1336171"
                    
                    BASELINE="3147 2339 4718 2344" 
                    HPOS="3142.0"
                    VPOS="2269.0"
                    WIDTH="1571.0"
                    HEIGHT="151.0">
            <Shape><Polygon POINTS="3142 2334 3228 2285 3459 2291 3491 2269 3518 2296 3658 2301 4008 2296 4062 2275 4250 2280 4277 2301 4390 2285 4422 2318 4498 2291 4659 2296 4713 2339 4627 2409 4573 2393 4385 2420 4180 2393 4089 2414 3809 2414 3760 2393 3723 2420 3475 2393 3206 2414 3147 2355"/></Shape>
	    <String CONTENT="ירידה גרמה אלא כיסוי גורם ר&#39; ישמע&#39;"
                    HPOS="3142.0"
                    VPOS="2269.0"
                    WIDTH="1571.0"
                    HEIGHT="151.0"></String>
          </TextLine>

          
          
          <TextLine ID="eSc_line_1336174"
                    
                    BASELINE="3185 2468 4750 2468" 
                    HPOS="3179.0"
                    VPOS="2398.0"
                    WIDTH="1566.0"
                    HEIGHT="162.0">
            <Shape><Polygon POINTS="3179 2463 3255 2409 3572 2420 3599 2398 3674 2425 3755 2404 4358 2425 4734 2404 4745 2463 4670 2533 4605 2549 4557 2527 4514 2549 4368 2543 4325 2506 4282 2543 4207 2522 4164 2560 4121 2527 4008 2533 3981 2511 3803 2543 3621 2538 3588 2517 3443 2549 3303 2517 3244 2538 3190 2484"/></Shape>
	    <String CONTENT="או&#39; אינו צריך הרי הוא או&#39; ועשה"
                    HPOS="3179.0"
                    VPOS="2398.0"
                    WIDTH="1566.0"
                    HEIGHT="162.0"></String>
          </TextLine>

          
          
          <TextLine ID="eSc_line_1336176"
                    
                    BASELINE="3185 2597 4707 2597" 
                    HPOS="3179.0"
                    VPOS="2522.0"
                    WIDTH="1523.0"
                    HEIGHT="151.0">
            <Shape><Polygon POINTS="3179 2592 3239 2538 3298 2533 3809 2543 3965 2522 4121 2533 4148 2560 4202 2527 4498 2554 4691 2527 4702 2592 4670 2656 4336 2673 4266 2635 4159 2662 4110 2630 4019 2662 3938 2656 3911 2630 3857 2662 3680 2662 3626 2624 3513 2673 3395 2656 3352 2624 3265 2662 3190 2592"/></Shape>
	    <String CONTENT="להם מכנסי בד לכסות בשר ערוה"
                    HPOS="3179.0"
                    VPOS="2522.0"
                    WIDTH="1523.0"
                    HEIGHT="151.0"></String>
          </TextLine>

          
          
          <TextLine ID="eSc_line_1336178"
                    
                    BASELINE="3169 2716 4707 2716" 
                    HPOS="3163.0"
                    VPOS="2630.0"
                    WIDTH="1539.0"
                    HEIGHT="166.0">
            <Shape><Polygon POINTS="3163 2710 3233 2656 3459 2651 3513 2673 3615 2630 3680 2662 3782 2667 3852 2667 3900 2635 3943 2662 4121 2646 4180 2667 4272 2640 4390 2683 4411 2662 4691 2651 4702 2710 4691 2780 4643 2791 4568 2769 4325 2785 4255 2753 4212 2785 4029 2780 3970 2748 3943 2775 3841 2785 3540 2769 3486 2796 3384 2775 3314 2796 3260 2753 3222 2764 3174 2716"/></Shape>
	    <String CONTENT="וג&#39; ומה ת&#39;ל&#39; אשר לא תגלה ערותך"
                    HPOS="3163.0"
                    VPOS="2630.0"
                    WIDTH="1539.0"
                    HEIGHT="166.0"></String>
          </TextLine>

          
          
          <TextLine ID="eSc_line_1336180"
                    
                    BASELINE="3185 2850 4702 2839" 
                    HPOS="3179.0"
                    VPOS="2759.0"
                    WIDTH="1518.0"
                    HEIGHT="166.0">
            <Shape><Polygon POINTS="3179 2845 3233 2775 3825 2791 3976 2759 4465 2791 4557 2769 4589 2796 4681 2780 4697 2834 4659 2909 4589 2925 4546 2882 4508 2915 4465 2893 4401 2915 4250 2893 4218 2909 4180 2882 4142 2909 4008 2893 3965 2915 3841 2898 3803 2920 3669 2888 3561 2920 3497 2888 3427 2915 3244 2909 3185 2872"/></Shape>
	    <String CONTENT="עליו שלא יפסע בו פסיעה יתירה"
                    HPOS="3179.0"
                    VPOS="2759.0"
                    WIDTH="1518.0"
                    HEIGHT="166.0"></String>
          </TextLine>

          
          
          <TextLine ID="eSc_line_1336183"
                    
                    BASELINE="3185 2958 4729 2963" 
                    HPOS="3179.0"
                    VPOS="2877.0"
                    WIDTH="1545.0"
                    HEIGHT="167.0">
            <Shape><Polygon POINTS="3179 2952 3217 2909 3809 2920 3847 2898 3970 2915 4013 2893 4186 2893 4255 2920 4304 2898 4514 2909 4546 2877 4589 2920 4707 2888 4724 2958 4654 3028 4611 3033 4395 3033 4315 3006 4089 3033 4024 2990 3943 3038 3873 3011 3825 3033 3529 3022 3432 3044 3341 3001 3212 3011 3185 2984"/></Shape>
	    <String CONTENT="אלא גודל בצד עקב ועקב בצד"
                    HPOS="3179.0"
                    VPOS="2877.0"
                    WIDTH="1545.0"
                    HEIGHT="167.0"></String>
          </TextLine>

          
          
          <TextLine ID="eSc_line_1336184"
                    
                    BASELINE="3196 3092 4745 3092" 
                    HPOS="3190.0"
                    VPOS="2995.0"
                    WIDTH="1550.0"
                    HEIGHT="178.0">
            <Shape><Polygon POINTS="3190 3087 3282 2995 3432 3044 3534 3022 3707 3038 3879 3017 3943 3044 4029 3017 4089 3038 4304 3017 4621 3038 4729 3017 4740 3087 4600 3173 4498 3167 4444 3135 4390 3167 4293 3140 4153 3167 4089 3124 4013 3167 3943 3135 3895 3157 3857 3119 3820 3157 3626 3135 3529 3157 3228 3157 3201 3135"/></Shape>
	    <String CONTENT="עקב ועקב בצד גודל אשר לא תגלה"
                    HPOS="3190.0"
                    VPOS="2995.0"
                    WIDTH="1550.0"
                    HEIGHT="178.0"></String>
          </TextLine>

          
          
          <TextLine ID="eSc_line_1336185"
                    
                    BASELINE="3174 3200 4740 3210" 
                    HPOS="3169.0"
                    VPOS="3124.0"
                    WIDTH="1565.0"
                    HEIGHT="167.0">
            <Shape><Polygon POINTS="3169 3194 3179 3140 3481 3162 3615 3140 3825 3151 3863 3124 3890 3151 3938 3130 4003 3173 4083 3130 4148 3167 4255 3167 4277 3146 4401 3162 4444 3135 4476 3162 4670 3162 4734 3205 4632 3280 4444 3286 4406 3253 4320 3286 4277 3243 4245 3275 4186 3259 4116 3286 4003 3248 3873 3275 3814 3253 3448 3286 3292 3259 3212 3291 3174 3280"/></Shape>
	    <String CONTENT="ערותך עליו עליו אין את פוסע פסיעה"
                    HPOS="3169.0"
                    VPOS="3124.0"
                    WIDTH="1565.0"
                    HEIGHT="167.0"></String>
          </TextLine>

          
          
          <TextLine ID="eSc_line_1336186"
                    
                    BASELINE="3163 3323 4745 3329" 
                    HPOS="3158.0"
                    VPOS="3243.0"
                    WIDTH="1582.0"
                    HEIGHT="161.0">
            <Shape><Polygon POINTS="3158 3318 3276 3270 3868 3286 3992 3253 4121 3280 4245 3270 4282 3243 4320 3280 4417 3264 4444 3291 4659 3270 4740 3323 4621 3393 4487 3393 4444 3350 4406 3388 3949 3382 3847 3404 3572 3382 3465 3399 3319 3366 3255 3393 3163 3323"/></Shape>
	    <String CONTENT="יתירה אבל את פוסע פסיעה יתירה"
                    HPOS="3158.0"
                    VPOS="3243.0"
                    WIDTH="1582.0"
                    HEIGHT="161.0"></String>
          </TextLine>

          
          
          <TextLine ID="eSc_line_1336188"
                    
                    BASELINE="3206 3436 4724 3442" 
                    HPOS="3201.0"
                    VPOS="3356.0"
                    WIDTH="1517.0"
                    HEIGHT="161.0">
            <Shape><Polygon POINTS="3201 3431 3217 3382 3895 3404 4411 3388 4449 3356 4487 3393 4659 3388 4718 3436 4654 3512 4444 3490 4299 3512 4229 3479 4148 3506 4089 3479 3954 3512 3900 3490 3847 3512 3820 3490 3319 3506 3292 3485 3233 3517 3206 3495"/></Shape>
	    <String CONTENT="בהיכל ובקדשי הקדשים שהיה בדין"
                    HPOS="3201.0"
                    VPOS="3356.0"
                    WIDTH="1517.0"
                    HEIGHT="161.0"></String>
          </TextLine>

          
          
          <TextLine ID="eSc_line_1336189"
                    
                    BASELINE="3233 3560 4702 3560" 
                    HPOS="3228.0"
                    VPOS="3495.0"
                    WIDTH="1469.0"
                    HEIGHT="146.0">
            <Shape><Polygon POINTS="3228 3555 3239 3517 3292 3501 3502 3495 3615 3517 3782 3495 3960 3517 4686 3506 4697 3555 4681 3641 3551 3641 3475 3619 3239 3635"/></Shape>
	    <String CONTENT="ומה אם מזבח ההיכל ובית קודש [הק&#39;]"
                    HPOS="3228.0"
                    VPOS="3495.0"
                    WIDTH="1469.0"
                    HEIGHT="146.0"></String>
          </TextLine>

          
          
          <TextLine ID="eSc_line_1336190"
                    
                    BASELINE="3196 3700 4761 3700" 
                    HPOS="3190.0"
                    VPOS="3624.0"
                    WIDTH="1566.0"
                    HEIGHT="151.0">
            <Shape><Polygon POINTS="3190 3694 3206 3630 3459 3624 4654 3635 4713 3689 4756 3694 4654 3770 4492 3743 4428 3770 4379 3743 4342 3770 4078 3748 4040 3775 3997 3748 3890 3775 3857 3754 3664 3770 3642 3748 3594 3770 3308 3775 3201 3737"/></Shape>
	    <String CONTENT="הקודשים חמורין דין הוא שתהא [אס&#39;]"
                    HPOS="3190.0"
                    VPOS="3624.0"
                    WIDTH="1566.0"
                    HEIGHT="151.0"></String>
          </TextLine>

          
          
          <TextLine ID="eSc_line_1336192"
                    
                    BASELINE="3190 3834 4740 3813" 
                    HPOS="3185.0"
                    VPOS="3737.0"
                    WIDTH="1549.0"
                    HEIGHT="173.0">
            <Shape><Polygon POINTS="3185 3829 3276 3764 3325 3759 3405 3780 3637 3754 3890 3775 3986 3748 4024 3775 4062 3748 4331 3770 4374 3737 4417 3764 4487 3748 4578 3770 4718 3748 4734 3807 4659 3893 4401 3867 4342 3910 4245 3883 4191 3904 4067 3883 3997 3899 3976 3877 3916 3904 3825 3877 3760 3899 3669 3856 3604 3893 3524 3877 3475 3904 3373 3904 3260 3872 3206 3829"/></Shape>
	    <String CONTENT="אסור לפסוע בהן פסיעה יתירה ת&#39;ל&#39;"
                    HPOS="3185.0"
                    VPOS="3737.0"
                    WIDTH="1549.0"
                    HEIGHT="173.0"></String>
          </TextLine>

          
          
          <TextLine ID="eSc_line_1336194"
                    
                    BASELINE="3169 3963 4750 3947" 
                    HPOS="3163.0"
                    VPOS="3861.0"
                    WIDTH="1582.0"
                    HEIGHT="205.0">
            <Shape><Polygon POINTS="3163 3958 3217 3877 3594 3904 3664 3861 3728 3893 4067 3888 4089 3910 4148 3888 4180 3910 4229 3877 4358 3904 4401 3867 4551 3899 4729 3872 4745 3942 4670 4017 4503 4017 4460 3990 4212 4022 4083 4001 4019 4028 3900 4001 3830 4028 3787 3985 3728 4022 3669 3985 3588 4022 3497 4001 3368 4028 3271 4012 3222 4060 3174 4066"/></Shape>
	    <String CONTENT="אשר לא תגלה ערותך עליו בו אין את"
                    HPOS="3163.0"
                    VPOS="3861.0"
                    WIDTH="1582.0"
                    HEIGHT="205.0"></String>
          </TextLine>

          
          
          <TextLine ID="eSc_line_1336195"
                    
                    BASELINE="3206 4082 4772 4082" 
                    HPOS="3201.0"
                    VPOS="3990.0"
                    WIDTH="1566.0"
                    HEIGHT="178.0">
            <Shape><Polygon POINTS="3201 4076 3276 4022 3594 4022 3664 3990 3712 4033 3777 3996 3825 4033 3916 4006 4003 4033 4073 4006 4347 4022 4465 4001 4659 4022 4756 3996 4767 4076 4659 4152 4514 4141 4395 4168 4299 4130 4218 4162 4142 4125 4040 4157 3986 4130 3916 4146 3879 4109 3836 4141 3454 4162 3330 4141 3239 4162 3212 4135"/></Shape>
	    <String CONTENT="פוסע פסיעה יתירה אבל את פוסע"
                    HPOS="3201.0"
                    VPOS="3990.0"
                    WIDTH="1566.0"
                    HEIGHT="178.0"></String>
          </TextLine>

          
          
          <TextLine ID="eSc_line_1336197"
                    
                    BASELINE="3217 4200 4707 4195" 
                    HPOS="3212.0"
                    VPOS="4103.0"
                    WIDTH="1490.0"
                    HEIGHT="194.0">
            <Shape><Polygon POINTS="3212 4195 3228 4162 3298 4135 3400 4157 3830 4141 3868 4103 3906 4141 3965 4130 4024 4157 4121 4130 4202 4162 4293 4135 4379 4168 4686 4141 4702 4189 4664 4275 4508 4265 4455 4286 4374 4248 4293 4297 4229 4254 4126 4254 4013 4297 3873 4243 3728 4265 3642 4243 3572 4281 3481 4243 3421 4275 3357 4248 3244 4275 3217 4248"/></Shape>
	    <String CONTENT="פסיעה יתירה בהיכל ובבית קודש [ה&#39;/]"
                    HPOS="3212.0"
                    VPOS="4103.0"
                    WIDTH="1490.0"
                    HEIGHT="194.0"></String>
          </TextLine>

          
          
          <TextLine ID="eSc_line_1336199"
                    
                    BASELINE="3190 4329 4729 4313" 
                    HPOS="3185.0"
                    VPOS="4248.0"
                    WIDTH="1539.0"
                    HEIGHT="162.0">
            <Shape><Polygon POINTS="3185 4324 3265 4270 3352 4259 3578 4286 3637 4254 3873 4248 4019 4302 4046 4275 4207 4254 4266 4297 4363 4248 4455 4286 4519 4265 4670 4275 4707 4254 4724 4308 4686 4377 4616 4410 4514 4372 4471 4394 4406 4372 4331 4388 4293 4361 4132 4394 4078 4372 4019 4394 3847 4372 3717 4399 3438 4399 3346 4356 3244 4377 3190 4324"/></Shape>
	    <String CONTENT="הקדשים ˙ והרי דברים קל וחומר"
                    HPOS="3185.0"
                    VPOS="4248.0"
                    WIDTH="1539.0"
                    HEIGHT="162.0"></String>
          </TextLine>

          
          
          <TextLine ID="eSc_line_1336201"
                    
                    BASELINE="3233 4442 4740 4442" 
                    HPOS="3228.0"
                    VPOS="4367.0"
                    WIDTH="1506.0"
                    HEIGHT="172.0">
            <Shape><Polygon POINTS="3228 4437 3239 4383 3717 4404 4299 4372 4336 4399 4519 4377 4637 4410 4718 4367 4734 4437 4691 4512 4541 4528 4492 4485 4455 4523 4250 4523 4212 4501 4078 4517 4029 4490 3825 4539 3771 4507 3637 4523 3545 4490 3443 4528 3368 4480 3287 4528 3239 4490"/></Shape>
	    <String CONTENT="ומה אם אבנים שאין בהן דעת"
                    HPOS="3228.0"
                    VPOS="4367.0"
                    WIDTH="1506.0"
                    HEIGHT="172.0"></String>
          </TextLine>

          
          
          <TextLine ID="eSc_line_1336203"
                    
                    BASELINE="3217 4571 4750 4571" 
                    HPOS="3212.0"
                    VPOS="4480.0"
                    WIDTH="1533.0"
                    HEIGHT="177.0">
            <Shape><Polygon POINTS="3212 4566 3255 4517 3298 4528 3346 4480 3438 4528 3744 4507 3814 4544 4029 4496 4078 4517 4207 4501 4245 4523 4449 4528 4492 4485 4541 4533 4605 4533 4664 4501 4745 4566 4627 4646 4433 4619 4395 4652 4288 4630 4245 4657 4094 4630 3852 4641 3825 4614 3777 4641 3249 4646 3222 4619"/></Shape>
	    <String CONTENT="לא לרעה ולא לטובה א&#39; המקום לא"
                    HPOS="3212.0"
                    VPOS="4480.0"
                    WIDTH="1533.0"
                    HEIGHT="177.0"></String>
          </TextLine>

          
          
          <TextLine ID="eSc_line_1336215"
                    
                    BASELINE="3228 4684 4750 4689" 
                    HPOS="3222.0"
                    VPOS="4614.0"
                    WIDTH="1523.0"
                    HEIGHT="156.0">
            <Shape><Polygon POINTS="3222 4679 3282 4630 3378 4652 3400 4630 3728 4646 3814 4614 3841 4641 4094 4630 4250 4657 4395 4646 4433 4614 4471 4641 4643 4630 4745 4684 4670 4765 4282 4770 4056 4732 3976 4759 3890 4738 3728 4765 3664 4722 3610 4754 3481 4754 3438 4722 3405 4749 3265 4749 3228 4711"/></Shape>
	    <String CONTENT="תנהוג בהן בביזיון חבירך שהוא"
                    HPOS="3222.0"
                    VPOS="4614.0"
                    WIDTH="1523.0"
                    HEIGHT="156.0"></String>
          </TextLine>

          
          
          <TextLine ID="eSc_line_1336205"
                    
                    BASELINE="3249 4808 4767 4813" 
                    HPOS="3244.0"
                    VPOS="4722.0"
                    WIDTH="1517.0"
                    HEIGHT="166.0">
            <Shape><Polygon POINTS="3244 4802 3265 4754 3405 4749 3438 4722 3497 4759 3615 4754 3642 4732 3723 4765 3890 4738 3970 4759 4153 4743 4282 4770 4524 4754 4681 4765 4761 4808 4670 4883 4594 4856 4352 4883 4309 4851 4239 4883 4218 4862 4073 4872 4024 4845 3986 4872 3653 4862 3518 4888 3282 4888 3249 4867"/></Shape>
	    <String CONTENT="בדימיונו של מי שא&#39; והיה העולם"
                    HPOS="3244.0"
                    VPOS="4722.0"
                    WIDTH="1517.0"
                    HEIGHT="166.0"></String>
          </TextLine>

          
          
          <TextLine ID="eSc_line_1336218"
                    
                    BASELINE="3427 4942 4724 4937" 
                    HPOS="3421.0"
                    VPOS="4862.0"
                    WIDTH="1297.0"
                    HEIGHT="155.0">
            <Shape><Polygon POINTS="3421 4937 3470 4878 3798 4862 4207 4872 4229 4894 4309 4867 4347 4888 4702 4872 4718 4931 4697 5001 4643 4991 4605 5017 4417 5012 4379 4974 4315 5012 4164 5012 4137 4985 4067 5012 3583 4980 3491 5012 3427 4953"/></Shape>
	    <String CONTENT="דין הוא שלא תינהוג בו בביזיון ˙"
                    HPOS="3421.0"
                    VPOS="4862.0"
                    WIDTH="1297.0"
                    HEIGHT="155.0"></String>
          </TextLine>

          
          
          <TextLine ID="eSc_line_1336224"
                    
                    BASELINE="3271 5050 4750 5050" 
                    HPOS="3265.0"
                    VPOS="4996.0"
                    WIDTH="1480.0"
                    HEIGHT="129.0">
            <Shape><Polygon POINTS="3265 5044 3287 5012 3346 4996 3454 4996 3481 5023 3594 5023 3642 4996 3970 5023 4159 4996 4186 5023 4309 5023 4406 4996 4433 5023 4627 5012 4734 5023 4745 5044 4734 5125 4492 5125 4471 5104 4411 5125 4148 5125 4083 5104 4013 5125 3884 5104 3857 5125 3766 5104 3707 5125 3664 5104 3276 5120"/></Shape>
	    <String CONTENT="אשר לא תגלה ערותך עליו ואלה"
                    HPOS="3265.0"
                    VPOS="4996.0"
                    WIDTH="1480.0"
                    HEIGHT="129.0"></String>
          </TextLine>

          
        </TextBlock>
        
        <TextBlock HPOS="1245.0"
                   VPOS="1014.0"
                   WIDTH="1718.0"
                   HEIGHT="4190.0"
                   ID="eSc_textblock_12713"
                   TAGREFS="BT2">
          <Shape><Polygon POINTS="1245 1023 1362 5204 2963 5163 2946 1014"/></Shape>
          
          
          <TextLine ID="eSc_line_1336150"
                    
                    BASELINE="1253 1113 2900 1097" 
                    HPOS="1248.0"
                    VPOS="1021.0"
                    WIDTH="1646.0"
                    HEIGHT="167.0">
            <Shape><Polygon POINTS="1248 1107 1253 1064 1350 1048 1544 1064 1603 1032 1657 1064 1710 1032 1840 1059 1915 1027 2049 1027 2146 1059 2184 1032 2265 1054 2292 1027 2356 1021 2431 1043 2464 1021 2625 1043 2770 1027 2797 1054 2878 1054 2894 1091 2883 1145 2835 1167 2727 1145 2647 1177 2518 1145 2329 1172 2249 1150 2179 1172 1797 1150 1748 1188 1651 1161 1608 1188 1474 1188 1420 1156 1382 1188 1259 1188"/></Shape>
	    <String CONTENT="המשפטים נימצאינו למידין שסנהדרין"
                    HPOS="1248.0"
                    VPOS="1021.0"
                    WIDTH="1646.0"
                    HEIGHT="167.0"></String>
          </TextLine>

          
          
          <TextLine ID="eSc_line_1336152"
                    
                    BASELINE="1355 1237 2878 1220" 
                    HPOS="1350.0"
                    VPOS="1129.0"
                    WIDTH="1523.0"
                    HEIGHT="177.0">
            <Shape><Polygon POINTS="1350 1231 1409 1172 1743 1188 1791 1161 1953 1172 1996 1129 2044 1172 2098 1177 2857 1167 2873 1215 2857 1296 2824 1301 2797 1280 2760 1301 2663 1280 2431 1290 2378 1253 2345 1290 2060 1301 1915 1296 1883 1269 1834 1301 1501 1296 1436 1269 1398 1306 1355 1269"/></Shape>
	    <String CONTENT="בצד המזבח אף על פי שאין ראיה"
                    HPOS="1350.0"
                    VPOS="1129.0"
                    WIDTH="1523.0"
                    HEIGHT="177.0"></String>
          </TextLine>

          
          
          <TextLine ID="eSc_line_1336155"
                    
                    BASELINE="1425 1344 2910 1349" 
                    HPOS="1420.0"
                    VPOS="1253.0"
                    WIDTH="1485.0"
                    HEIGHT="177.0">
            <Shape><Polygon POINTS="1420 1339 1441 1274 1501 1301 1893 1285 2066 1306 2351 1285 2383 1253 2431 1290 2808 1280 2905 1344 2835 1403 2690 1409 2636 1371 2544 1414 2259 1409 2216 1382 2125 1382 2082 1419 1829 1403 1511 1430 1425 1387"/></Shape>
	    <String CONTENT="לדבר זכר לדבר שנ&#39; וינס יואב אל"
                    HPOS="1420.0"
                    VPOS="1253.0"
                    WIDTH="1485.0"
                    HEIGHT="177.0"></String>
          </TextLine>

          
          
          <TextLine ID="eSc_line_1336158"
                    
                    BASELINE="1657 1468 2873 1462" 
                    HPOS="1651.0"
                    VPOS="1376.0"
                    WIDTH="1216.0"
                    HEIGHT="194.0">
            <Shape><Polygon POINTS="1651 1462 1657 1419 1705 1409 2082 1414 2130 1382 2259 1414 2544 1425 2641 1376 2690 1414 2840 1414 2867 1457 2857 1532 2776 1570 2684 1548 2641 1505 2593 1527 2431 1505 2335 1565 2254 1543 2195 1495 2125 1522 1926 1516 1786 1548 1662 1511"/></Shape>
	    <String CONTENT="אהל ייי ויחזק בק(ר)נות המזבח ˙"
                    HPOS="1651.0"
                    VPOS="1376.0"
                    WIDTH="1216.0"
                    HEIGHT="194.0"></String>
          </TextLine>

          
          
          <TextLine ID="eSc_line_1336159"
                    
                    BASELINE="1840 1602 2679 1581" 
                    HPOS="1834.0"
                    VPOS="1500.0"
                    WIDTH="840.0"
                    HEIGHT="172.0">
            <Shape><Polygon POINTS="1834 1597 1926 1516 2033 1532 2066 1505 2141 1559 2249 1554 2270 1575 2329 1575 2431 1505 2501 1500 2561 1527 2641 1511 2674 1575 2571 1672 2480 1640 2383 1656 2313 1586 2227 1667 2141 1645 1899 1661 1845 1608"/></Shape>
	    <String CONTENT="חסלת מסכתא"
                    HPOS="1834.0"
                    VPOS="1500.0"
                    WIDTH="840.0"
                    HEIGHT="172.0"></String>
          </TextLine>

          
          
          <TextLine ID="eSc_line_1336162"
                    
                    BASELINE="1813 1726 2682 1725 2740 1733" 
                    HPOS="1807.0"
                    VPOS="1618.0"
                    WIDTH="931.0"
                    HEIGHT="205.0">
            <Shape><Polygon POINTS="1807 1721 1813 1645 1850 1618 1904 1672 2012 1640 2162 1645 2254 1699 2345 1618 2383 1656 2507 1645 2539 1672 2657 1640 2722 1667 2738 1731 2722 1769 2690 1758 2636 1807 2604 1785 2561 1823 2410 1780 2318 1796 2265 1758 2179 1807 1969 1780 1861 1807 1813 1769"/></Shape>
	    <String CONTENT="דבחדש השלישי"
                    HPOS="1807.0"
                    VPOS="1618.0"
                    WIDTH="931.0"
                    HEIGHT="205.0"></String>
          </TextLine>

          
          
          <TextLine ID="eSc_line_1336165"
                    
                    BASELINE="2233 1862 2593 1855" 
                    HPOS="2232.0"
                    VPOS="1769.0"
                    WIDTH="356.0"
                    HEIGHT="183.0">
            <Shape><Polygon POINTS="2232 1860 2259 1769 2318 1801 2485 1796 2588 1850 2544 1855 2469 1930 2367 1952 2243 1920"/></Shape>
	    <String CONTENT="נזיקין"
                    HPOS="2232.0"
                    VPOS="1769.0"
                    WIDTH="356.0"
                    HEIGHT="183.0"></String>
          </TextLine>

          
          
          <TextLine ID="eSc_line_1336166"
                    
                    BASELINE="1786 1968 2733 1973" 
                    HPOS="1780.0"
                    VPOS="1817.0"
                    WIDTH="947.0"
                    HEIGHT="328.0">
            <Shape><Polygon POINTS="1780 1963 1910 1823 1990 1817 2093 1855 2136 1823 2275 1946 2528 1936 2588 1877 2641 1860 2727 1968 2711 2135 2652 2145 2577 2070 2501 2076 2464 2043 2426 2070 2324 2070 2270 2016 2227 2022 2152 2086 2012 2043 1850 2059 1786 2027"/></Shape>
	    <String CONTENT="פרשתא קמיתא ˙˙"
                    HPOS="1780.0"
                    VPOS="1817.0"
                    WIDTH="947.0"
                    HEIGHT="328.0"></String>
          </TextLine>

          
          
          <TextLine ID="eSc_line_1336170"
                    
                    BASELINE="1398 2232 2916 2226" 
                    HPOS="1393.0"
                    VPOS="2119.0"
                    WIDTH="1517.0"
                    HEIGHT="193.0">
            <Shape><Polygon POINTS="1393 2226 1415 2119 1495 2167 1581 2124 1646 2167 1721 2172 1926 2172 1953 2145 2028 2162 2076 2140 2162 2172 2238 2145 2265 2172 2340 2156 2372 2178 2555 2183 2636 2178 2690 2135 2760 2178 2824 2162 2910 2221 2851 2296 2722 2296 2684 2264 2641 2301 2313 2312 2184 2285 2044 2301 2012 2269 1899 2275 1850 2301 1452 2296 1398 2242"/></Shape>
	    <String CONTENT="ואלה המשפטים וג&#39; ר&#39; ישמעﭏ או&#39;"
                    HPOS="1393.0"
                    VPOS="2119.0"
                    WIDTH="1517.0"
                    HEIGHT="193.0"></String>
          </TextLine>

          
          
          <TextLine ID="eSc_line_1336172"
                    
                    BASELINE="1382 2350 2937 2350" 
                    HPOS="1377.0"
                    VPOS="2258.0"
                    WIDTH="1555.0"
                    HEIGHT="178.0">
            <Shape><Polygon POINTS="1377 2344 1409 2258 1452 2301 1646 2312 1953 2301 1980 2275 2044 2307 2647 2307 2695 2264 2727 2296 2840 2296 2932 2344 2835 2420 2652 2404 2598 2431 2512 2414 2426 2436 2345 2436 2318 2409 2254 2431 1678 2431 1641 2409 1565 2431 1533 2404 1388 2420"/></Shape>
	    <String CONTENT="אילו מוסיפין על העליונים מה עליונים"
                    HPOS="1377.0"
                    VPOS="2258.0"
                    WIDTH="1555.0"
                    HEIGHT="178.0"></String>
          </TextLine>

          
          
          <TextLine ID="eSc_line_1336173"
                    
                    BASELINE="1366 2484 2889 2468" 
                    HPOS="1361.0"
                    VPOS="2409.0"
                    WIDTH="1522.0"
                    HEIGHT="151.0">
            <Shape><Polygon POINTS="1361 2479 1420 2420 1474 2414 1721 2436 2076 2414 2216 2436 2313 2414 2356 2436 2534 2409 2846 2420 2883 2463 2840 2543 2663 2549 2604 2517 2566 2543 2539 2522 2518 2543 2372 2554 1974 2533 1861 2549 1737 2522 1651 2560 1511 2533 1420 2560 1366 2506"/></Shape>
	    <String CONTENT="מסיני אף תחתונים מסיני ר&#39; עקיבא"
                    HPOS="1361.0"
                    VPOS="2409.0"
                    WIDTH="1522.0"
                    HEIGHT="151.0"></String>
          </TextLine>

          
          
          <TextLine ID="eSc_line_1336175"
                    
                    BASELINE="1431 2608 2921 2592" 
                    HPOS="1425.0"
                    VPOS="2533.0"
                    WIDTH="1491.0"
                    HEIGHT="150.0">
            <Shape><Polygon POINTS="1425 2603 1490 2533 1662 2560 1829 2533 1867 2560 1915 2533 2157 2554 2760 2533 2846 2543 2916 2586 2900 2630 2840 2673 2808 2646 2776 2673 2458 2656 2243 2678 2093 2651 2060 2673 1920 2662 1893 2683 1511 2667 1441 2603"/></Shape>
	    <String CONTENT="או&#39; ואלה המשפטים וג&#39; למה נאמ&#39;"
                    HPOS="1425.0"
                    VPOS="2533.0"
                    WIDTH="1491.0"
                    HEIGHT="150.0"></String>
          </TextLine>

          
          
          <TextLine ID="eSc_line_1336179"
                    
                    BASELINE="1420 2726 2932 2726" 
                    HPOS="1415.0"
                    VPOS="2630.0"
                    WIDTH="1511.0"
                    HEIGHT="177.0">
            <Shape><Polygon POINTS="1415 2721 1452 2630 1511 2673 1899 2689 1985 2667 2792 2667 2862 2673 2926 2721 2846 2791 2792 2802 2733 2802 2701 2775 2641 2796 2431 2796 2405 2769 2329 2802 2275 2780 2184 2802 2098 2780 2039 2802 1904 2785 1861 2807 1754 2775 1673 2796 1576 2769 1533 2796 1425 2785"/></Shape>
	    <String CONTENT="לפי שהוא או&#39; דבר אל בני ישרﭏ"
                    HPOS="1415.0"
                    VPOS="2630.0"
                    WIDTH="1511.0"
                    HEIGHT="177.0"></String>
          </TextLine>

          
          
          <TextLine ID="eSc_line_1336223"
                    
                    BASELINE="1398 2850 2916 2850" 
                    HPOS="1393.0"
                    VPOS="2769.0"
                    WIDTH="1517.0"
                    HEIGHT="167.0">
            <Shape><Polygon POINTS="1393 2845 1447 2796 1565 2785 2335 2802 2399 2769 2431 2802 2862 2791 2910 2845 2873 2915 2770 2920 2636 2904 2566 2925 2534 2893 2496 2915 2302 2920 2249 2882 2189 2925 1931 2920 1888 2888 1780 2920 1517 2904 1436 2936 1404 2904"/></Shape>
	    <String CONTENT="ואמרת אלהם שנה ושליש ורביע"
                    HPOS="1393.0"
                    VPOS="2769.0"
                    WIDTH="1517.0"
                    HEIGHT="167.0"></String>
          </TextLine>

          
          
          <TextLine ID="eSc_line_1336206"
                    
                    BASELINE="1420 2974 2921 2974" 
                    HPOS="1415.0"
                    VPOS="2882.0"
                    WIDTH="1501.0"
                    HEIGHT="167.0">
            <Shape><Polygon POINTS="1415 2968 1506 2915 1856 2920 1899 2888 1931 2920 2200 2925 2249 2882 2292 2920 2485 2920 2523 2893 2561 2925 2862 2920 2916 2968 2905 3011 2787 3049 2722 3011 2636 3049 2582 3028 2480 3044 2453 3017 2162 3049 2114 3017 2017 3044 1807 3044 1775 3022 1700 3033 1667 3006 1598 3049 1528 3022 1452 3049 1425 3022"/></Shape>
	    <String CONTENT="עד שילמדו ת&#39;ל&#39; תורה ולמדה את"
                    HPOS="1415.0"
                    VPOS="2882.0"
                    WIDTH="1501.0"
                    HEIGHT="167.0"></String>
          </TextLine>

          
          
          <TextLine ID="eSc_line_1336227"
                    
                    BASELINE="1409 3103 2943 3092" 
                    HPOS="1404.0"
                    VPOS="3001.0"
                    WIDTH="1533.0"
                    HEIGHT="172.0">
            <Shape><Polygon POINTS="1404 3097 1409 3033 1619 3044 1662 3001 1807 3049 2060 3044 2087 3017 2136 3049 2281 3044 2437 3011 2475 3038 2539 3022 2620 3049 2857 3038 2905 3087 2937 3087 2851 3162 2749 3162 2717 3130 2604 3167 2523 3135 2480 3157 2286 3135 2243 3167 2211 3146 2136 3157 2103 3124 2044 3167 1802 3173 1770 3151 1689 3162 1646 3119 1587 3167 1409 3157"/></Shape>
	    <String CONTENT="בני ישר&#39; למידין ולא שונין ת&#39;ל&#39; שימה"
                    HPOS="1404.0"
                    VPOS="3001.0"
                    WIDTH="1533.0"
                    HEIGHT="172.0"></String>
          </TextLine>

          
          
          <TextLine ID="eSc_line_1336182"
                    
                    BASELINE="1334 3205 2943 3205" 
                    HPOS="1328.0"
                    VPOS="3124.0"
                    WIDTH="1609.0"
                    HEIGHT="178.0">
            <Shape><Polygon POINTS="1328 3200 1398 3157 1592 3173 1646 3130 1710 3173 2012 3173 2071 3162 2109 3124 2146 3162 2243 3173 2292 3151 2733 3151 2862 3162 2937 3200 2851 3286 2501 3286 2469 3264 2238 3296 2152 3270 2076 3291 1996 3259 1963 3286 1877 3264 1770 3302 1727 3280 1624 3291 1554 3253 1415 3280 1339 3205"/></Shape>
	    <String CONTENT="בפיהם או שונין ולא יודעין ת&#39;ל&#39; ואלה"
                    HPOS="1328.0"
                    VPOS="3124.0"
                    WIDTH="1609.0"
                    HEIGHT="178.0"></String>
          </TextLine>

          
          
          <TextLine ID="eSc_line_1336207"
                    
                    BASELINE="1377 3339 2916 3334" 
                    HPOS="1372.0"
                    VPOS="3248.0"
                    WIDTH="1538.0"
                    HEIGHT="167.0">
            <Shape><Polygon POINTS="1372 3334 1436 3280 1544 3248 1581 3286 1748 3296 1985 3270 2232 3296 2356 3270 2415 3291 2862 3286 2910 3329 2835 3404 2555 3409 2512 3388 2491 3409 2367 3415 2082 3393 1963 3409 1942 3388 1458 3409 1382 3334"/></Shape>
	    <String CONTENT="המשפטים וג&#39; ערכם לפניהם כשולחן"
                    HPOS="1372.0"
                    VPOS="3248.0"
                    WIDTH="1538.0"
                    HEIGHT="167.0"></String>
          </TextLine>

          
          
          <TextLine ID="eSc_line_1336229"
                    
                    BASELINE="1334 3452 2921 3452" 
                    HPOS="1328.0"
                    VPOS="3372.0"
                    WIDTH="1588.0"
                    HEIGHT="166.0">
            <Shape><Polygon POINTS="1328 3447 1415 3372 1474 3420 1936 3393 1963 3415 2453 3415 2539 3393 2588 3415 2873 3404 2916 3447 2835 3522 2787 3533 2749 3501 2695 3538 2657 3501 2539 3528 2232 3528 2179 3501 2098 3533 1893 3506 1727 3533 1608 3528 1571 3495 1474 3533 1393 3506 1339 3452"/></Shape>
	    <String CONTENT="ערוך שנ&#39; אתה הראית לדעת וג&#39; ר&#39; יהוד&#39;"
                    HPOS="1328.0"
                    VPOS="3372.0"
                    WIDTH="1588.0"
                    HEIGHT="166.0"></String>
          </TextLine>

          
          
          <TextLine ID="eSc_line_1336220"
                    
                    BASELINE="1468 3587 2900 3571" 
                    HPOS="1463.0"
                    VPOS="3495.0"
                    WIDTH="1431.0"
                    HEIGHT="162.0">
            <Shape><Polygon POINTS="1463 3581 1549 3495 1592 3522 1716 3533 1936 3506 1990 3528 2173 3506 2222 3528 2528 3528 2636 3501 2684 3538 2744 3501 2781 3533 2878 3501 2894 3565 2792 3657 2512 3646 2485 3619 2259 3657 2125 3630 1936 3657 1619 3630 1474 3657"/></Shape>
	    <String CONTENT="או&#39; ואלה המשפטים וג&#39; במרה שנ&#39;"
                    HPOS="1463.0"
                    VPOS="3495.0"
                    WIDTH="1431.0"
                    HEIGHT="162.0"></String>
          </TextLine>

          
          
          <TextLine ID="eSc_line_1336222"
                    
                    BASELINE="1398 3700 2894 3705" 
                    HPOS="1393.0"
                    VPOS="3619.0"
                    WIDTH="1496.0"
                    HEIGHT="172.0">
            <Shape><Polygon POINTS="1393 3694 1447 3657 1576 3662 1608 3641 1748 3668 1797 3646 1829 3673 1856 3646 2232 3657 2437 3646 2480 3619 2512 3651 2873 3646 2889 3700 2873 3748 2813 3780 2340 3759 2313 3786 2238 3764 1845 3791 1770 3759 1732 3780 1522 3786 1474 3775 1398 3705"/></Shape>
	    <String CONTENT="שם שם לו חק ומשפט וג&#39; ר&#39; אלעזר"
                    HPOS="1393.0"
                    VPOS="3619.0"
                    WIDTH="1496.0"
                    HEIGHT="172.0"></String>
          </TextLine>

          
          
          <TextLine ID="eSc_line_1336219"
                    
                    BASELINE="1355 3829 2900 3840" 
                    HPOS="1350.0"
                    VPOS="3754.0"
                    WIDTH="1544.0"
                    HEIGHT="156.0">
            <Shape><Polygon POINTS="1350 3823 1431 3759 1517 3786 1775 3764 1840 3786 2318 3791 2345 3764 2453 3786 2819 3780 2878 3754 2894 3834 2867 3904 2797 3910 2754 3877 2679 3910 2593 3883 2378 3910 2340 3888 2211 3904 2119 3872 1969 3910 1834 3883 1791 3904 1522 3904 1495 3883 1415 3904 1355 3845"/></Shape>
	    <String CONTENT="בן עזריה או&#39; והרי הגוים שדני&#39; בדיני"
                    HPOS="1350.0"
                    VPOS="3754.0"
                    WIDTH="1544.0"
                    HEIGHT="156.0"></String>
          </TextLine>

          
          
          <TextLine ID="eSc_line_1336217"
                    
                    BASELINE="1334 3947 2937 3958" 
                    HPOS="1328.0"
                    VPOS="3888.0"
                    WIDTH="1604.0"
                    HEIGHT="178.0">
            <Shape><Polygon POINTS="1328 3942 1388 3899 1490 3893 2523 3910 2577 3888 2668 3915 2706 3893 2867 3904 2932 3953 2787 4017 2760 4001 2593 4028 2561 4001 2507 4033 2372 4039 2184 4033 2157 4006 1996 4028 1893 3996 1840 4028 1581 4033 1528 4001 1415 4066 1334 3990"/></Shape>
	    <String CONTENT="ישר&#39; שומע אני יהיו דיניהם קיימין"
                    HPOS="1328.0"
                    VPOS="3888.0"
                    WIDTH="1604.0"
                    HEIGHT="178.0"></String>
          </TextLine>

          
          
          <TextLine ID="eSc_line_1336230"
                    
                    BASELINE="1420 4076 2959 4076" 
                    HPOS="1415.0"
                    VPOS="4006.0"
                    WIDTH="1538.0"
                    HEIGHT="156.0">
            <Shape><Polygon POINTS="1415 4071 1538 4006 1587 4033 1899 4017 2012 4039 2496 4039 2561 4012 2674 4033 2851 4006 2910 4066 2953 4071 2873 4146 2792 4152 2749 4114 2641 4157 2211 4162 2012 4135 1743 4157 1721 4135 1592 4146 1560 4114 1511 4152 1468 4152 1425 4109"/></Shape>
	    <String CONTENT="ת&#39;ל&#39; ואלה המשפטים את דן את"
                    HPOS="1415.0"
                    VPOS="4006.0"
                    WIDTH="1538.0"
                    HEIGHT="156.0"></String>
          </TextLine>

          
          
          <TextLine ID="eSc_line_1336214"
                    
                    BASELINE="1404 4211 2959 4195" 
                    HPOS="1398.0"
                    VPOS="4114.0"
                    WIDTH="1555.0"
                    HEIGHT="172.0">
            <Shape><Polygon POINTS="1398 4205 1447 4146 2690 4152 2744 4114 2781 4152 2878 4146 2953 4189 2846 4275 2776 4254 2668 4281 2620 4254 2475 4270 2442 4238 2410 4270 2254 4286 2152 4243 2049 4275 1985 4243 1899 4275 1614 4275 1571 4238 1447 4238 1409 4205"/></Shape>
	    <String CONTENT="שלהן והן אינן דנין את שלך"
                    HPOS="1398.0"
                    VPOS="4114.0"
                    WIDTH="1555.0"
                    HEIGHT="172.0"></String>
          </TextLine>

          
          
          <TextLine ID="eSc_line_1336225"
                    
                    BASELINE="1420 4313 2959 4329" 
                    HPOS="1415.0"
                    VPOS="4232.0"
                    WIDTH="1538.0"
                    HEIGHT="178.0">
            <Shape><Polygon POINTS="1415 4308 1501 4232 1608 4281 1985 4259 2033 4286 2200 4254 2259 4281 2437 4248 2475 4275 2588 4265 2668 4286 2781 4254 2808 4275 2873 4265 2953 4324 2883 4394 2415 4372 2318 4394 2205 4361 2173 4394 2055 4388 2006 4410 1958 4383 1904 4399 1705 4377 1641 4399 1571 4367 1468 4394 1420 4345"/></Shape>
	    <String CONTENT="מיכן אמרו גט המעוסה בישרﭏ"
                    HPOS="1415.0"
                    VPOS="4232.0"
                    WIDTH="1538.0"
                    HEIGHT="178.0"></String>
          </TextLine>

          
          
          <TextLine ID="eSc_line_1336226"
                    
                    BASELINE="1388 4442 2943 4447" 
                    HPOS="1382.0"
                    VPOS="4361.0"
                    WIDTH="1555.0"
                    HEIGHT="178.0">
            <Shape><Polygon POINTS="1382 4437 1425 4372 1468 4399 1920 4410 1958 4388 2017 4410 2152 4404 2232 4361 2281 4394 2813 4383 2883 4394 2937 4442 2900 4501 2797 4512 2684 4474 2652 4496 2512 4490 2405 4517 2216 4496 2109 4528 1818 4507 1657 4523 1581 4517 1554 4490 1441 4539 1388 4485"/></Shape>
	    <String CONTENT="כשר בגוים פסול ובגוים חובטין אותו"
                    HPOS="1382.0"
                    VPOS="4361.0"
                    WIDTH="1555.0"
                    HEIGHT="178.0"></String>
          </TextLine>

          
          
          <TextLine ID="eSc_line_1336228"
                    
                    BASELINE="1463 4571 2916 4571" 
                    HPOS="1458.0"
                    VPOS="4485.0"
                    WIDTH="1452.0"
                    HEIGHT="167.0">
            <Shape><Polygon POINTS="1458 4566 1490 4517 1554 4496 1710 4528 1807 4507 1947 4528 2222 4507 2254 4528 2383 4528 2571 4517 2609 4490 2657 4507 2684 4485 2760 4517 2900 4512 2910 4566 2900 4625 2857 4609 2830 4636 2744 4641 2571 4614 2431 4652 2340 4630 2130 4646 2087 4614 2039 4652 1963 4619 1877 4652 1807 4619 1700 4646 1624 4614 1565 4646 1511 4614 1468 4625"/></Shape>
	    <String CONTENT="ואומ&#39; לו עשה מה שישר&#39; או&#39; לך"
                    HPOS="1458.0"
                    VPOS="4485.0"
                    WIDTH="1452.0"
                    HEIGHT="167.0"></String>
          </TextLine>

          
          
          <TextLine ID="eSc_line_1336213"
                    
                    BASELINE="1415 4689 2980 4679" 
                    HPOS="1409.0"
                    VPOS="4609.0"
                    WIDTH="1566.0"
                    HEIGHT="199.0">
            <Shape><Polygon POINTS="1409 4684 1415 4614 1544 4641 1614 4619 1662 4641 1797 4625 1861 4652 2039 4652 2071 4619 2195 4652 2259 4625 2426 4646 2566 4609 2604 4636 2744 4641 2862 4614 2932 4673 2975 4673 2894 4749 2846 4716 2744 4781 2657 4743 2458 4754 2415 4722 2367 4749 2265 4749 2205 4722 2179 4754 2119 4765 1899 4765 1867 4738 1700 4759 1662 4732 1624 4749 1560 4727 1436 4808 1415 4786"/></Shape>
	    <String CONTENT="ר&#39; שמע&#39; בן יוחי או&#39; מה ראו דיינין"
                    HPOS="1409.0"
                    VPOS="4609.0"
                    WIDTH="1566.0"
                    HEIGHT="199.0"></String>
          </TextLine>

          
          
          <TextLine ID="eSc_line_1336221"
                    
                    BASELINE="1425 4824 2953 4797" 
                    HPOS="1420.0"
                    VPOS="4722.0"
                    WIDTH="1528.0"
                    HEIGHT="188.0">
            <Shape><Polygon POINTS="1420 4818 1485 4765 1657 4770 1845 4732 1904 4770 2652 4738 2744 4781 2857 4722 2948 4792 2878 4878 2787 4872 2749 4840 2679 4872 2620 4835 2577 4878 2448 4878 2421 4856 2205 4888 2152 4862 2076 4883 2039 4856 1974 4894 1770 4878 1721 4905 1667 4883 1565 4910 1528 4878 1468 4888 1425 4845"/></Shape>
	    <String CONTENT="לכל מצות שבתורה שכ(ש)הדין בין [/]"
                    HPOS="1420.0"
                    VPOS="4722.0"
                    WIDTH="1528.0"
                    HEIGHT="188.0"></String>
          </TextLine>

          
          
          <TextLine ID="eSc_line_1336216"
                    
                    BASELINE="1355 4953 2964 4915" 
                    HPOS="1350.0"
                    VPOS="4835.0"
                    WIDTH="1609.0"
                    HEIGHT="220.0">
            <Shape><Polygon POINTS="1350 4948 1409 4883 1554 4910 1662 4883 1689 4905 1791 4883 2475 4883 2577 4878 2625 4835 2668 4878 2883 4878 2932 4845 2959 4910 2878 5001 2851 4974 2722 5012 2577 4996 2453 5017 2345 4996 2259 5017 2082 4991 2033 5017 1581 5017 1436 5055 1361 4991"/></Shape>
	    <String CONTENT="אדם לחבירו תחרות ביניהן ניתפסק"
                    HPOS="1350.0"
                    VPOS="4835.0"
                    WIDTH="1609.0"
                    HEIGHT="220.0"></String>
          </TextLine>

          
          
          <TextLine ID="eSc_line_1336212"
                    
                    BASELINE="1436 5071 2943 5044" 
                    HPOS="1431.0"
                    VPOS="4996.0"
                    WIDTH="1506.0"
                    HEIGHT="161.0">
            <Shape><Polygon POINTS="1431 5066 1436 5039 1517 5017 1624 5039 1867 5012 2033 5028 2055 5007 2313 5028 2345 5001 2378 5023 2609 5023 2889 4996 2937 5039 2921 5104 2873 5125 2668 5104 2631 5141 2534 5141 2453 5109 2168 5141 2114 5114 2082 5147 1845 5125 1797 5152 1538 5157 1506 5125 1436 5125"/></Shape>
	    <String CONTENT="להם דין נעשה שלום ביניהן ˙ וכן"
                    HPOS="1431.0"
                    VPOS="4996.0"
                    WIDTH="1506.0"
                    HEIGHT="161.0"></String>
          </TextLine>

          
        </TextBlock>
        
        <TextBlock HPOS="739.0"
                   VPOS="458.0"
                   WIDTH="266.0"
                   HEIGHT="199.0"
                   ID="eSc_textblock_12712"
                   TAGREFS="BT219">
          <Shape><Polygon POINTS="739 458 739 657 1005 657 1005 458"/></Shape>
          
          
          <TextLine ID="eSc_line_1336231"
                    
                    BASELINE="726 543 1006 543" 
                    HPOS="720.0"
                    VPOS="478.0"
                    WIDTH="270.0"
                    HEIGHT="129.0">
            <Shape><Polygon POINTS="720 537 731 505 990 478 990 575 877 607 731 580"/></Shape>
	    <String CONTENT="מכילת&#39;"
                    HPOS="720.0"
                    VPOS="478.0"
                    WIDTH="270.0"
                    HEIGHT="129.0"></String>
          </TextLine>

          
        </TextBlock>
        

        
      </PrintSpace>
    </Page>
  </Layout>
</alto>
