<?xml version="1.0" encoding="UTF-8"?>
<alto xmlns:xsi="http://www.w3.org/2001/XMLSchema-instance"
      xmlns="http://www.loc.gov/standards/alto/ns-v4#"
      xsi:schemaLocation="http://www.loc.gov/standards/alto/ns-v4# http://www.loc.gov/standards/alto/v4/alto-4-2.xsd">
  <Description>
    <MeasurementUnit>pixel</MeasurementUnit>
    <sourceImageInformation>
      <fileName>oulis2017-aya-0065-0.jpg</fileName>
      
    </sourceImageInformation>
  </Description>
  
  <Tags>
    <OtherTag ID="BT1164" LABEL="Hole" DESCRIPTION="block type Hole"/><OtherTag ID="BT2" LABEL="Main" DESCRIPTION="block type Main"/><OtherTag ID="BT3" LABEL="Commentary" DESCRIPTION="block type Commentary"/><OtherTag ID="BT4" LABEL="Illustration" DESCRIPTION="block type Illustration"/><OtherTag ID="BT218" LABEL="Margin" DESCRIPTION="block type Margin"/><OtherTag ID="BT219" LABEL="Paratext" DESCRIPTION="block type Paratext"/>
    <OtherTag ID="LT2" LABEL="Numbering" DESCRIPTION="line type Numbering"/><OtherTag ID="LT3" LABEL="Correction" DESCRIPTION="line type Correction"/><OtherTag ID="LT481" LABEL="Gloss" DESCRIPTION="line type Gloss"/>
  </Tags>
  
  <Layout>
    <Page WIDTH="5402"
          HEIGHT="6454"
          PHYSICAL_IMG_NR="52"
          ID="eSc_dummypage_">
      <PrintSpace HPOS="0"
                  VPOS="0"
                  WIDTH="5402"
                  HEIGHT="6454">
        
        <TextBlock HPOS="3092.0"
                   VPOS="894.0"
                   WIDTH="1624.0"
                   HEIGHT="4129.0"
                   ID="eSc_textblock_7096"
                   TAGREFS="BT2">
          <Shape><Polygon POINTS="3092 894 3092 5023 4716 5023 4716 894"/></Shape>
          
          
          <TextLine ID="eSc_line_1321363"
                    
                    BASELINE="3147 978 4707 978" 
                    HPOS="3142.0"
                    VPOS="903.0"
                    WIDTH="1560.0"
                    HEIGHT="140.0">
            <Shape><Polygon POINTS="3142 973 3152 919 3190 903 3750 903 4659 914 4691 919 4702 973 4691 1043 3152 1032"/></Shape>
	    <String CONTENT="והיה בר קפרא או&#39; לו היה בני פורש את"
                    HPOS="3142.0"
                    VPOS="903.0"
                    WIDTH="1560.0"
                    HEIGHT="140.0"></String>
          </TextLine>

          
          
          <TextLine ID="eSc_line_1321365"
                    
                    BASELINE="3163 1086 4729 1097" 
                    HPOS="3158.0"
                    VPOS="1027.0"
                    WIDTH="1566.0"
                    HEIGHT="145.0">
            <Shape><Polygon POINTS="3158 1081 3308 1032 3459 1054 3588 1027 3696 1048 3938 1038 4029 1059 4116 1038 4320 1059 4374 1027 4406 1048 4707 1032 4724 1091 4621 1161 4476 1145 4455 1167 4363 1150 4293 1172 4164 1145 4040 1172 3976 1145 3755 1161 3712 1140 3604 1167 3567 1134 3534 1156 3470 1140 3438 1167 3276 1156 3163 1086"/></Shape>
	    <String CONTENT="שמע ועובר לפני התיבה על שם כבד"
                    HPOS="3158.0"
                    VPOS="1027.0"
                    WIDTH="1566.0"
                    HEIGHT="145.0"></String>
          </TextLine>

          
          
          <TextLine ID="eSc_line_1321367"
                    
                    BASELINE="3169 1193 4707 1210" 
                    HPOS="3163.0"
                    VPOS="1134.0"
                    WIDTH="1539.0"
                    HEIGHT="156.0">
            <Shape><Polygon POINTS="3163 1188 3179 1134 3432 1167 3470 1134 3567 1140 3610 1172 3669 1150 3927 1167 3981 1145 4099 1167 4180 1145 4288 1172 4379 1156 4455 1188 4487 1156 4637 1156 4702 1204 4627 1274 4508 1280 4465 1253 4223 1290 4169 1258 3664 1285 3615 1247 3443 1269 3416 1242 3373 1274 3303 1274 3169 1226"/></Shape>
	    <String CONTENT="את יי מהונך ממה שחננך ד&#39;א&#39; כבד"
                    HPOS="3163.0"
                    VPOS="1134.0"
                    WIDTH="1539.0"
                    HEIGHT="156.0"></String>
          </TextLine>

          
          
          <TextLine ID="eSc_line_1321369"
                    
                    BASELINE="3163 1323 4729 1328" 
                    HPOS="3158.0"
                    VPOS="1247.0"
                    WIDTH="1566.0"
                    HEIGHT="183.0">
            <Shape><Polygon POINTS="3158 1317 3169 1247 3308 1280 3416 1247 3443 1274 3615 1258 3664 1290 4159 1263 4223 1285 4476 1253 4503 1280 4600 1274 4724 1323 4621 1398 4336 1398 4272 1376 4191 1409 4153 1376 4051 1409 3949 1371 3890 1430 3798 1387 3701 1403 3664 1376 3594 1403 3524 1376 3206 1403 3163 1382"/></Shape>
	    <String CONTENT="את ייי מהונך עביד בהינך עד רלא [תש&#39;]"
                    HPOS="3158.0"
                    VPOS="1247.0"
                    WIDTH="1566.0"
                    HEIGHT="183.0"></String>
          </TextLine>

          
          
          <TextLine ID="eSc_line_1321371"
                    
                    BASELINE="3196 1457 4686 1457" 
                    HPOS="3190.0"
                    VPOS="1382.0"
                    WIDTH="1491.0"
                    HEIGHT="156.0">
            <Shape><Polygon POINTS="3190 1452 3201 1403 3454 1382 3529 1382 3567 1409 3653 1382 3771 1398 3820 1446 3895 1446 3954 1387 4051 1414 4164 1387 4207 1414 4277 1382 4336 1403 4584 1409 4659 1382 4681 1452 4670 1495 4616 1532 4422 1500 4390 1522 4073 1516 4008 1538 3868 1452 3750 1522 3276 1522 3201 1500"/></Shape>
	    <String CONTENT="תעבד דלא בהונך ˙ מעשה באחד"
                    HPOS="3190.0"
                    VPOS="1382.0"
                    WIDTH="1491.0"
                    HEIGHT="156.0"></String>
          </TextLine>

          
          
          <TextLine ID="eSc_line_1321373"
                    
                    BASELINE="3196 1575 4724 1581" 
                    HPOS="3190.0"
                    VPOS="1495.0"
                    WIDTH="1528.0"
                    HEIGHT="166.0">
            <Shape><Polygon POINTS="3190 1570 3196 1511 3658 1527 3798 1495 3965 1500 3997 1532 4342 1505 4589 1532 4627 1516 4718 1575 4621 1640 4261 1645 4191 1624 4159 1656 4040 1635 3906 1661 3777 1635 3196 1640"/></Shape>
	    <String CONTENT="שהיה כונס יין ושמן ולא היה מוציא"
                    HPOS="3190.0"
                    VPOS="1495.0"
                    WIDTH="1528.0"
                    HEIGHT="166.0"></String>
          </TextLine>

          
          
          <TextLine ID="eSc_line_1321375"
                    
                    BASELINE="3077 1699 4681 1710" 
                    HPOS="3072.0"
                    VPOS="1613.0"
                    WIDTH="1603.0"
                    HEIGHT="161.0">
            <Shape><Polygon POINTS="3072 1694 3077 1640 3136 1640 3163 1613 3206 1651 3373 1645 3411 1624 3820 1635 3879 1661 4471 1629 4616 1645 4659 1624 4675 1704 4632 1769 4514 1774 4379 1753 4164 1774 4116 1747 4013 1769 3976 1737 3922 1769 3798 1747 3734 1769 3583 1764 3540 1742 3465 1774 3142 1774 3077 1710"/></Shape>
	    <String CONTENT="מעשרותיו כראוי מה עשה הקב&#39;ה&#39; הכנים"
                    HPOS="3072.0"
                    VPOS="1613.0"
                    WIDTH="1603.0"
                    HEIGHT="161.0"></String>
          </TextLine>

          
          
          <TextLine ID="eSc_line_1321377"
                    
                    BASELINE="3185 1828 4724 1834" 
                    HPOS="3179.0"
                    VPOS="1731.0"
                    WIDTH="1539.0"
                    HEIGHT="172.0">
            <Shape><Polygon POINTS="3179 1823 3282 1769 3927 1769 3970 1731 4008 1764 4557 1758 4718 1828 4637 1887 4594 1871 4363 1893 4035 1887 3954 1866 3879 1898 3529 1882 3357 1903 3217 1882 3185 1850"/></Shape>
	    <String CONTENT="בו רוח תזזית ונטל את המקל ותתחיל"
                    HPOS="3179.0"
                    VPOS="1731.0"
                    WIDTH="1539.0"
                    HEIGHT="172.0"></String>
          </TextLine>

          
          
          <TextLine ID="eSc_line_1321379"
                    
                    BASELINE="3185 1952 4675 1936" 
                    HPOS="3179.0"
                    VPOS="1877.0"
                    WIDTH="1491.0"
                    HEIGHT="156.0">
            <Shape><Polygon POINTS="3179 1946 3190 1877 3416 1903 4605 1882 4654 1887 4670 1930 4654 1995 4600 1989 4551 2016 4444 2011 4411 1984 4379 2011 4013 2033 3960 2006 3604 2022 3572 1989 3540 2016 3405 2000 3282 2022 3185 1995"/></Shape>
	    <String CONTENT="לשבר בחביות גער בו בן ביתו מה עשה"
                    HPOS="3179.0"
                    VPOS="1877.0"
                    WIDTH="1491.0"
                    HEIGHT="156.0"></String>
          </TextLine>

          
          
          <TextLine ID="eSc_line_1321381"
                    
                    BASELINE="3174 2070 4707 2070" 
                    HPOS="3169.0"
                    VPOS="1989.0"
                    WIDTH="1533.0"
                    HEIGHT="183.0">
            <Shape><Polygon POINTS="3169 2065 3179 2000 3282 2027 3513 2022 3578 1995 3610 2022 3760 2033 3970 2011 4008 2038 4379 2022 4417 1989 4455 2016 4691 1995 4702 2065 4648 2124 4546 2140 4385 2119 4309 2156 3997 2124 3873 2145 3847 2172 3809 2140 3750 2151 3717 2119 3653 2145 3583 2119 3287 2119 3228 2151 3179 2102"/></Shape>
	    <String CONTENT="לו נטל את המקל וסצעו על ראשו א&#39;"
                    HPOS="3169.0"
                    VPOS="1989.0"
                    WIDTH="1533.0"
                    HEIGHT="183.0"></String>
          </TextLine>

          
          
          <TextLine ID="eSc_line_1321383"
                    
                    BASELINE="3120 2199 4681 2183" 
                    HPOS="3115.0"
                    VPOS="2097.0"
                    WIDTH="1560.0"
                    HEIGHT="178.0">
            <Shape><Polygon POINTS="3115 2194 3120 2113 3163 2097 3217 2145 3276 2119 3373 2140 3578 2124 3604 2145 3717 2124 3836 2167 3992 2129 4315 2156 4379 2119 4524 2145 4659 2119 4675 2178 4659 2237 4600 2258 4551 2242 4277 2264 4153 2242 4078 2248 4051 2275 3970 2248 3868 2264 3836 2242 3766 2264 3438 2264 3395 2237 3233 2264 3163 2258 3120 2221"/></Shape>
	    <String CONTENT="לו תחות מסייעה יתי את גער בי אמ&#39; לו"
                    HPOS="3115.0"
                    VPOS="2097.0"
                    WIDTH="1560.0"
                    HEIGHT="178.0"></String>
          </TextLine>

          
          
          <TextLine ID="eSc_line_1321387"
                    
                    BASELINE="3126 2318 4707 2318" 
                    HPOS="3120.0"
                    VPOS="2248.0"
                    WIDTH="1582.0"
                    HEIGHT="150.0">
            <Shape><Polygon POINTS="3120 2312 3131 2253 3255 2275 3405 2248 3459 2269 3981 2253 4046 2280 4089 2248 4207 2269 4568 2248 4632 2253 4702 2312 4648 2377 4514 2382 4460 2361 4331 2393 4207 2387 4175 2361 4142 2393 3664 2387 3621 2366 3518 2393 3443 2371 3190 2398 3131 2339"/></Shape>
	    <String CONTENT="תן לי את המקל ואנו משבר אף אני נתן"
                    HPOS="3120.0"
                    VPOS="2248.0"
                    WIDTH="1582.0"
                    HEIGHT="150.0"></String>
          </TextLine>

          
          
          <TextLine ID="eSc_line_1321391"
                    
                    BASELINE="3169 2441 4686 2447" 
                    HPOS="3163.0"
                    VPOS="2355.0"
                    WIDTH="1518.0"
                    HEIGHT="156.0">
            <Shape><Polygon POINTS="3163 2436 3169 2387 4137 2387 4175 2355 4202 2382 4315 2387 4664 2361 4681 2441 4643 2495 4557 2479 4487 2506 4164 2484 3976 2511 3610 2511 3551 2490 3459 2500 3427 2468 3384 2511 3276 2500 3244 2468 3206 2506 3169 2500"/></Shape>
	    <String CONTENT="לו את המקל והנה הוא מתבר חרה חדה"
                    HPOS="3163.0"
                    VPOS="2355.0"
                    WIDTH="1518.0"
                    HEIGHT="156.0"></String>
          </TextLine>

          
          
          <TextLine ID="eSc_line_1321395"
                    
                    BASELINE="3104 2554 4718 2538" 
                    HPOS="3099.0"
                    VPOS="2474.0"
                    WIDTH="1614.0"
                    HEIGHT="156.0">
            <Shape><Polygon POINTS="3099 2549 3147 2490 3384 2511 3427 2474 3454 2500 3583 2511 3965 2517 4164 2490 4492 2511 4697 2479 4713 2533 4643 2608 4460 2624 4234 2597 4164 2624 4046 2624 3997 2597 3906 2630 3884 2608 3809 2619 3777 2592 3717 2619 3653 2597 3626 2624 3497 2630 3368 2597 3260 2624 3233 2597 3147 2592 3104 2554"/></Shape>
	    <String CONTENT="והוא מתבר תרתיי תרתיי מי גדם לו על ידי"
                    HPOS="3099.0"
                    VPOS="2474.0"
                    WIDTH="1614.0"
                    HEIGHT="156.0"></String>
          </TextLine>

          
          
          <TextLine ID="eSc_line_1321400"
                    
                    BASELINE="3077 2673 4707 2673" 
                    HPOS="3072.0"
                    VPOS="2597.0"
                    WIDTH="1630.0"
                    HEIGHT="156.0">
            <Shape><Polygon POINTS="3072 2667 3152 2597 3260 2630 3378 2603 3497 2630 3621 2630 3653 2608 3728 2624 3766 2603 3911 2630 4003 2603 4046 2624 4621 2608 4702 2667 4589 2753 4551 2721 4433 2748 3798 2748 3292 2732 3271 2710 3179 2742 3083 2667"/></Shape>
	    <String CONTENT="שלא היה מוציא מעשרותיו כראוי דא&#39;"
                    HPOS="3072.0"
                    VPOS="2597.0"
                    WIDTH="1630.0"
                    HEIGHT="156.0"></String>
          </TextLine>

          
          
          <TextLine ID="eSc_line_1321402"
                    
                    BASELINE="3147 2812 4718 2796" 
                    HPOS="3142.0"
                    VPOS="2721.0"
                    WIDTH="1571.0"
                    HEIGHT="151.0">
            <Shape><Polygon POINTS="3142 2807 3206 2732 3368 2726 3578 2748 3669 2726 4438 2748 4546 2721 4578 2753 4697 2726 4713 2791 4648 2861 4535 2866 4460 2845 4315 2872 3922 2866 3884 2839 3803 2866 3696 2834 3572 2866 3179 2866 3147 2834"/></Shape>
	    <String CONTENT="ר&#39; לוי מעשה באחד שהיה מוציא [מע]"
                    HPOS="3142.0"
                    VPOS="2721.0"
                    WIDTH="1571.0"
                    HEIGHT="151.0"></String>
          </TextLine>

          
          
          <TextLine ID="eSc_line_1321404"
                    
                    BASELINE="3142 2925 4729 2915" 
                    HPOS="3136.0"
                    VPOS="2839.0"
                    WIDTH="1588.0"
                    HEIGHT="162.0">
            <Shape><Polygon POINTS="3136 2920 3212 2855 3642 2866 3680 2839 3798 2872 4126 2855 4411 2877 4455 2855 4611 2855 4675 2909 4724 2909 4632 2990 4514 3001 4374 2974 4320 3001 4239 2958 4191 2990 4046 2984 4013 2963 3820 2990 3621 2963 3556 2990 3470 2968 3174 2990 3142 2963"/></Shape>
	    <String CONTENT="מעשרותיו מראוי והיתה לו שדה אחת"
                    HPOS="3136.0"
                    VPOS="2839.0"
                    WIDTH="1588.0"
                    HEIGHT="162.0"></String>
          </TextLine>

          
          
          <TextLine ID="eSc_line_1321406"
                    
                    BASELINE="3120 3049 4707 3044" 
                    HPOS="3115.0"
                    VPOS="2963.0"
                    WIDTH="1587.0"
                    HEIGHT="167.0">
            <Shape><Polygon POINTS="3115 3044 3152 2984 3389 2968 3551 2990 3604 2963 3739 2984 4019 2974 4056 2995 4196 2995 4234 2963 4315 3001 4368 2974 4460 3001 4621 2995 4702 3038 4632 3108 4481 3124 4438 3103 4363 3130 4320 3103 4003 3119 3847 3092 3169 3114 3120 3071"/></Shape>
	    <String CONTENT="ונתן הק&#39; בלבו ועשה חצייה זרע וחציה"
                    HPOS="3115.0"
                    VPOS="2963.0"
                    WIDTH="1587.0"
                    HEIGHT="167.0"></String>
          </TextLine>

          
          
          <TextLine ID="eSc_line_1321408"
                    
                    BASELINE="3088 3178 4707 3178" 
                    HPOS="3083.0"
                    VPOS="3103.0"
                    WIDTH="1619.0"
                    HEIGHT="150.0">
            <Shape><Polygon POINTS="3083 3173 3093 3108 3131 3103 4331 3108 4358 3130 4627 3108 4702 3173 4637 3243 4411 3253 3647 3253 3551 3227 3158 3243 3093 3178"/></Shape>
	    <String CONTENT="בת מקוות מים ובאת שנה בצורת והיה"
                    HPOS="3083.0"
                    VPOS="3103.0"
                    WIDTH="1619.0"
                    HEIGHT="150.0"></String>
          </TextLine>

          
          
          <TextLine ID="eSc_line_1321447"
                    
                    BASELINE="3142 3291 4681 3307" 
                    HPOS="3136.0"
                    VPOS="3221.0"
                    WIDTH="1539.0"
                    HEIGHT="167.0">
            <Shape><Polygon POINTS="3136 3286 3206 3232 3362 3248 3540 3221 3653 3253 4659 3232 4675 3302 4632 3366 4492 3350 4455 3372 4374 3356 4255 3377 4212 3350 4164 3377 4073 3372 4040 3345 3814 3377 3760 3361 3734 3388 3534 3356 3475 3377 3427 3356 3271 3372 3196 3361 3142 3307"/></Shape>
	    <String CONTENT="מכרין ואמ&#39; סאה דחיטין בסלע סאה"
                    HPOS="3136.0"
                    VPOS="3221.0"
                    WIDTH="1539.0"
                    HEIGHT="167.0"></String>
          </TextLine>

          
          
          <TextLine ID="eSc_line_1321410"
                    
                    BASELINE="3142 3431 4707 3431" 
                    HPOS="3136.0"
                    VPOS="3350.0"
                    WIDTH="1566.0"
                    HEIGHT="172.0">
            <Shape><Polygon POINTS="3136 3425 3217 3361 3739 3388 3766 3366 3997 3377 4046 3350 4078 3377 4186 3377 4218 3350 4255 3377 4632 3377 4664 3350 4691 3366 4702 3425 4637 3501 4503 3479 4428 3512 4099 3506 4035 3485 3943 3522 3900 3495 3782 3490 3524 3485 3491 3517 3448 3485 3228 3506 3147 3425"/></Shape>
	    <String CONTENT="דמיא בתלת סלעין והיה מכרין ואו מ&#39;"
                    HPOS="3136.0"
                    VPOS="3350.0"
                    WIDTH="1566.0"
                    HEIGHT="172.0"></String>
          </TextLine>

          
          
          <TextLine ID="eSc_line_1321437"
                    
                    BASELINE="3152 3555 4686 3560" 
                    HPOS="3147.0"
                    VPOS="3485.0"
                    WIDTH="1534.0"
                    HEIGHT="161.0">
            <Shape><Polygon POINTS="3147 3549 3152 3490 3179 3485 3212 3506 3448 3490 3475 3517 3518 3485 3647 3506 3895 3495 3916 3517 4024 3485 4094 3506 4229 3490 4255 3512 4293 3490 4422 3512 4492 3485 4664 3485 4681 3555 4654 3635 4546 3603 4503 3646 4460 3608 4331 3635 4277 3608 4132 3635 3992 3608 3900 3630 3873 3608 3760 3641 3653 3624 3626 3598 3551 3635 3443 3630 3421 3608 3384 3624 3352 3598 3298 3624 3196 3624 3152 3581"/></Shape>
	    <String CONTENT="מאן בעי סאה דמיא והיא עבדא"
                    HPOS="3147.0"
                    VPOS="3485.0"
                    WIDTH="1534.0"
                    HEIGHT="161.0"></String>
          </TextLine>

          
          
          <TextLine ID="eSc_line_1321449"
                    
                    BASELINE="3147 3684 4686 3694" 
                    HPOS="3142.0"
                    VPOS="3592.0"
                    WIDTH="1539.0"
                    HEIGHT="194.0">
            <Shape><Polygon POINTS="3142 3678 3196 3624 3416 3608 3438 3630 3556 3630 3626 3592 3658 3624 3755 3635 3863 3614 4105 3641 4460 3614 4492 3646 4562 3603 4632 3630 4681 3689 4654 3786 4621 3754 4342 3732 4299 3764 4261 3732 4024 3743 3986 3775 3954 3743 3594 3743 3556 3721 3448 3759 3411 3721 3357 3743 3303 3716 3196 3727 3147 3684"/></Shape>
	    <String CONTENT="תלת סאין דחיטין מי גרם לו על ידי"
                    HPOS="3142.0"
                    VPOS="3592.0"
                    WIDTH="1539.0"
                    HEIGHT="194.0"></String>
          </TextLine>

          
          
          <TextLine ID="eSc_line_1321439"
                    
                    BASELINE="3077 3807 4686 3807" 
                    HPOS="3072.0"
                    VPOS="3716.0"
                    WIDTH="1609.0"
                    HEIGHT="177.0">
            <Shape><Polygon POINTS="3072 3802 3088 3732 3276 3716 3454 3759 3545 3737 3777 3759 3960 3743 3992 3775 4029 3743 4266 3737 4299 3770 4336 3743 4573 3754 4681 3802 4670 3861 4605 3893 4320 3883 4266 3861 4229 3883 3825 3877 3766 3856 3540 3877 3373 3850 3163 3893 3083 3813"/></Shape>
	    <String CONTENT="שהיה מוציא מעשרותיו בראוי לפיניך"
                    HPOS="3072.0"
                    VPOS="3716.0"
                    WIDTH="1609.0"
                    HEIGHT="177.0"></String>
          </TextLine>

          
          
          <TextLine ID="eSc_line_1321441"
                    
                    BASELINE="3120 3920 4686 3947" 
                    HPOS="3115.0"
                    VPOS="3850.0"
                    WIDTH="1566.0"
                    HEIGHT="183.0">
            <Shape><Polygon POINTS="3115 3915 3346 3850 3551 3883 3588 3861 3879 3883 4202 3883 4261 3861 4406 3888 4627 3883 4681 3942 4654 4033 4573 3996 4449 4017 4293 3985 4164 4006 4126 3979 4062 4028 3981 3996 3933 4012 3900 3979 3857 4001 3803 3979 3615 4001 3567 3985 3491 4012 3459 3985 3330 3979 3249 4006 3120 3931"/></Shape>
	    <String CONTENT="משה מזהיר את ישור&#39; ואומ&#39; להם"
                    HPOS="3115.0"
                    VPOS="3850.0"
                    WIDTH="1566.0"
                    HEIGHT="183.0"></String>
          </TextLine>

          
          
          <TextLine ID="eSc_line_1321414"
                    
                    BASELINE="3271 4055 4724 4060" 
                    HPOS="3265.0"
                    VPOS="3985.0"
                    WIDTH="1453.0"
                    HEIGHT="161.0">
            <Shape><Polygon POINTS="3265 4049 3341 3985 3465 3990 3491 4012 3556 3990 3906 3990 3933 4017 3992 4001 4062 4028 4116 3990 4186 4006 4293 3985 4621 4017 4718 4055 4573 4146 4428 4103 4250 4130 4223 4109 4056 4098 4019 4125 3900 4135 3798 4092 3734 4119 3572 4125 3524 4092 3497 4119 3421 4103 3335 4135 3271 4071"/></Shape>
	    <String CONTENT="עשר תעשור את כל תבואי&#39; זרע&#39; ˙"
                    HPOS="3265.0"
                    VPOS="3985.0"
                    WIDTH="1453.0"
                    HEIGHT="161.0"></String>
          </TextLine>

          
          
          <TextLine ID="eSc_line_1321428"
                    
                    BASELINE="3088 4184 4675 4184" 
                    HPOS="3083.0"
                    VPOS="4071.0"
                    WIDTH="1587.0"
                    HEIGHT="204.0">
            <Shape><Polygon POINTS="3083 4178 3093 4114 3169 4071 3217 4109 3271 4071 3341 4141 3427 4109 3508 4119 3534 4092 3567 4125 3803 4098 3906 4135 4062 4114 4368 4135 4428 4114 4514 4157 4659 4119 4670 4178 4648 4248 4476 4275 4385 4243 4331 4265 4137 4248 4078 4270 3927 4243 3578 4254 3540 4232 3384 4265 3201 4243 3163 4275 3093 4205"/></Shape>
	    <String CONTENT="לא תירא לביתה משלג בי כל ביתה לבוש"
                    HPOS="3083.0"
                    VPOS="4071.0"
                    WIDTH="1587.0"
                    HEIGHT="204.0"></String>
          </TextLine>

          
          
          <TextLine ID="eSc_line_1321430"
                    
                    BASELINE="3163 4329 4707 4329" 
                    HPOS="3158.0"
                    VPOS="4243.0"
                    WIDTH="1544.0"
                    HEIGHT="161.0">
            <Shape><Polygon POINTS="3158 4324 3196 4254 3244 4248 3362 4270 3416 4248 3873 4265 3916 4243 4089 4275 4153 4254 4476 4281 4616 4254 4702 4324 4594 4399 4433 4399 4379 4361 4229 4404 4169 4377 4083 4394 4051 4367 3933 4394 3890 4372 3830 4394 3481 4372 3292 4399 3212 4394 3169 4361"/></Shape>
	    <String CONTENT="שבים ˙ חזקיה אמ&#39; מש פט רשעים"
                    HPOS="3158.0"
                    VPOS="4243.0"
                    WIDTH="1544.0"
                    HEIGHT="161.0"></String>
          </TextLine>

          
          
          <TextLine ID="eSc_line_1321422"
                    
                    BASELINE="3147 4447 4681 4447" 
                    HPOS="3142.0"
                    VPOS="4367.0"
                    WIDTH="1533.0"
                    HEIGHT="161.0">
            <Shape><Polygon POINTS="3142 4442 3152 4372 3287 4399 3475 4377 4051 4377 4142 4399 4169 4377 4229 4404 4336 4394 4368 4367 4422 4399 4632 4394 4675 4442 4664 4528 4347 4496 4304 4523 4110 4523 4083 4501 3949 4517 3884 4490 3847 4512 3707 4490 3615 4512 3583 4485 3518 4523 3314 4485 3222 4512 3152 4442"/></Shape>
	    <String CONTENT="בגיהנס שנים עשר חודש ששה"
                    HPOS="3142.0"
                    VPOS="4367.0"
                    WIDTH="1533.0"
                    HEIGHT="161.0"></String>
          </TextLine>

          
          
          <TextLine ID="eSc_line_1321424"
                    
                    BASELINE="3185 4560 4686 4566" 
                    HPOS="3179.0"
                    VPOS="4490.0"
                    WIDTH="1502.0"
                    HEIGHT="151.0">
            <Shape><Polygon POINTS="3179 4555 3185 4501 3244 4512 3276 4490 3502 4523 3567 4496 3621 4517 3685 4496 3836 4517 3873 4490 3900 4512 4078 4523 4605 4512 4654 4523 4681 4560 4643 4625 4535 4614 4492 4636 4433 4603 4385 4636 4223 4614 4110 4636 3938 4619 3911 4641 3664 4614 3583 4636 3551 4609 3405 4641 3185 4619"/></Shape>
	    <String CONTENT="חדשים בחמה וששה חדשים בצינה"
                    HPOS="3179.0"
                    VPOS="4490.0"
                    WIDTH="1502.0"
                    HEIGHT="151.0"></String>
          </TextLine>

          
          
          <TextLine ID="eSc_line_1321426"
                    
                    BASELINE="3126 4684 4675 4679" 
                    HPOS="3120.0"
                    VPOS="4609.0"
                    WIDTH="1550.0"
                    HEIGHT="161.0">
            <Shape><Polygon POINTS="3120 4679 3185 4619 3416 4636 3551 4614 3610 4636 3664 4614 3890 4646 4116 4641 4169 4619 4385 4646 4422 4609 4465 4641 4637 4630 4670 4673 4654 4749 4541 4759 4465 4732 4438 4759 4250 4770 3933 4765 3879 4743 3572 4743 3475 4770 3438 4732 3325 4759 3190 4754 3126 4689"/></Shape>
	    <String CONTENT="בתחילה הקבה מכנים בהם חכך והוא"
                    HPOS="3120.0"
                    VPOS="4609.0"
                    WIDTH="1550.0"
                    HEIGHT="161.0"></String>
          </TextLine>

          
          
          <TextLine ID="eSc_line_1321434"
                    
                    BASELINE="3126 4813 4724 4813" 
                    HPOS="3120.0"
                    VPOS="4743.0"
                    WIDTH="1598.0"
                    HEIGHT="162.0">
            <Shape><Polygon POINTS="3120 4808 3201 4759 3438 4743 3475 4775 3583 4749 4035 4775 4643 4754 4718 4808 4632 4894 4099 4888 4029 4867 3976 4894 3723 4872 3658 4905 3604 4872 3438 4888 3384 4867 3352 4899 3292 4872 3228 4883 3131 4808"/></Shape>
	    <String CONTENT="מכניסם בניהנם בחמה והן אומרין זו"
                    HPOS="3120.0"
                    VPOS="4743.0"
                    WIDTH="1598.0"
                    HEIGHT="162.0"></String>
          </TextLine>

          
          
          <TextLine ID="eSc_line_1321445"
                    
                    BASELINE="3104 4937 4675 4948" 
                    HPOS="3099.0"
                    VPOS="4856.0"
                    WIDTH="1571.0"
                    HEIGHT="156.0">
            <Shape><Polygon POINTS="3099 4931 3109 4872 3158 4856 3228 4883 3691 4883 3734 4862 3938 4867 3960 4888 4024 4862 4116 4883 4476 4862 4659 4888 4670 4942 4654 4996 4395 5012 3104 4991"/></Shape>
	    <String CONTENT="היא גיהנם של הקבה ˙ ואחר כך הוא"
                    HPOS="3099.0"
                    VPOS="4856.0"
                    WIDTH="1571.0"
                    HEIGHT="156.0"></String>
          </TextLine>

          
        </TextBlock>
        
        <TextBlock HPOS="1290.0"
                   VPOS="914.0"
                   WIDTH="1604.0"
                   HEIGHT="4109.0"
                   ID="eSc_textblock_7095"
                   TAGREFS="BT2">
          <Shape><Polygon POINTS="1290 934 1290 5013 2894 5023 2894 914"/></Shape>
          
          
          <TextLine ID="eSc_line_1321364"
                    
                    BASELINE="1393 1005 2916 994" 
                    HPOS="1388.0"
                    VPOS="925.0"
                    WIDTH="1522.0"
                    HEIGHT="139.0">
            <Shape><Polygon POINTS="1388 1000 1393 951 1554 930 1603 951 1716 930 1737 951 2028 951 2141 925 2776 925 2894 946 2910 989 2894 1032 2835 1048 2727 1032 2695 1054 2523 1054 2421 1032 2388 1054 2324 1032 2302 1054 2184 1038 2141 1064 1942 1064 1920 1043 1850 1064 1786 1043 1393 1064"/></Shape>
	    <String CONTENT="מוציאם לשלג והן אומרין זו היא [צ/]"
                    HPOS="1388.0"
                    VPOS="925.0"
                    WIDTH="1522.0"
                    HEIGHT="139.0"></String>
          </TextLine>

          
          
          <TextLine ID="eSc_line_1321366"
                    
                    BASELINE="1355 1124 2916 1107" 
                    HPOS="1350.0"
                    VPOS="1032.0"
                    WIDTH="1560.0"
                    HEIGHT="151.0">
            <Shape><Polygon POINTS="1350 1118 1436 1064 1834 1086 1883 1043 1936 1064 2162 1070 2205 1048 2399 1059 2426 1032 2528 1059 2840 1064 2910 1102 2770 1183 2749 1161 2647 1172 2593 1140 2534 1172 2426 1150 2378 1177 1431 1177 1372 1118"/></Shape>
	    <String CONTENT="צינתו של הקבה בתחילה הז אומ&#39; וה&#39;"
                    HPOS="1350.0"
                    VPOS="1032.0"
                    WIDTH="1560.0"
                    HEIGHT="151.0"></String>
          </TextLine>

          
          
          <TextLine ID="eSc_line_1321368"
                    
                    BASELINE="1361 1215 2900 1215" 
                    HPOS="1355.0"
                    VPOS="1156.0"
                    WIDTH="1539.0"
                    HEIGHT="140.0">
            <Shape><Polygon POINTS="1355 1210 1398 1177 2249 1183 2292 1161 2313 1183 2555 1177 2588 1156 2749 1172 2770 1193 2840 1161 2894 1210 2846 1280 2657 1269 2491 1296 2426 1274 1953 1296 1893 1274 1834 1296 1780 1269 1710 1290 1673 1263 1619 1290 1452 1296 1366 1237"/></Shape>
	    <String CONTENT="ולבסוף הן אומ&#39; ווי והוא שדוד או מר"
                    HPOS="1355.0"
                    VPOS="1156.0"
                    WIDTH="1539.0"
                    HEIGHT="140.0"></String>
          </TextLine>

          
          
          <TextLine ID="eSc_line_1321370"
                    
                    BASELINE="1318 1344 2878 1333" 
                    HPOS="1312.0"
                    VPOS="1269.0"
                    WIDTH="1561.0"
                    HEIGHT="167.0">
            <Shape><Polygon POINTS="1312 1339 1377 1290 1840 1301 1888 1280 1953 1296 2426 1274 2469 1301 2544 1280 2620 1296 2652 1269 2701 1290 2808 1269 2873 1328 2862 1392 2787 1387 2701 1425 2437 1409 2372 1382 2292 1414 2136 1425 2109 1403 1850 1398 1700 1436 1528 1403 1377 1419 1323 1366"/></Shape>
	    <String CONTENT="ויעלני מטר שאון מטיט היון מה הוא"
                    HPOS="1312.0"
                    VPOS="1269.0"
                    WIDTH="1561.0"
                    HEIGHT="167.0"></String>
          </TextLine>

          
          
          <TextLine ID="eSc_line_1321372"
                    
                    BASELINE="1339 1473 2910 1468" 
                    HPOS="1334.0"
                    VPOS="1392.0"
                    WIDTH="1571.0"
                    HEIGHT="178.0">
            <Shape><Polygon POINTS="1334 1468 1345 1419 1468 1409 1694 1436 1732 1409 1802 1425 1845 1392 1877 1414 2098 1409 2125 1430 2340 1409 2701 1425 2813 1403 2905 1462 2813 1532 2491 1516 2437 1548 2415 1527 2130 1543 2087 1522 2028 1543 1565 1532 1388 1548 1361 1570 1339 1554"/></Shape>
	    <String CONTENT="מטיט היון ממקום שאומ&#39; וה&#39; ווי ואיכן"
                    HPOS="1334.0"
                    VPOS="1392.0"
                    WIDTH="1571.0"
                    HEIGHT="178.0"></String>
          </TextLine>

          
          
          <TextLine ID="eSc_line_1321374"
                    
                    BASELINE="1334 1608 2894 1586" 
                    HPOS="1328.0"
                    VPOS="1511.0"
                    WIDTH="1561.0"
                    HEIGHT="167.0">
            <Shape><Polygon POINTS="1328 1602 1398 1548 2415 1532 2453 1554 2491 1511 2609 1538 2819 1532 2889 1581 2840 1645 2754 1661 2577 1661 2539 1635 2426 1661 2367 1645 2335 1667 2297 1645 2259 1667 2130 1656 2103 1678 1587 1678 1517 1651 1420 1672 1350 1602"/></Shape>
	    <String CONTENT="הן משלימין נפשותיהם יהודה ברבי"
                    HPOS="1328.0"
                    VPOS="1511.0"
                    WIDTH="1561.0"
                    HEIGHT="167.0"></String>
          </TextLine>

          
          
          <TextLine ID="eSc_line_1321376"
                    
                    BASELINE="1361 1721 2894 1721" 
                    HPOS="1355.0"
                    VPOS="1640.0"
                    WIDTH="1534.0"
                    HEIGHT="172.0">
            <Shape><Polygon POINTS="1355 1715 1393 1672 1479 1678 1511 1656 1641 1683 2066 1667 2103 1688 2141 1661 2270 1678 2367 1645 2426 1667 2539 1640 2582 1672 2797 1651 2889 1715 2808 1796 2528 1774 2475 1796 2383 1774 2324 1796 2292 1764 2130 1812 1980 1812 1942 1774 1899 1807 1845 1785 1764 1807 1673 1774 1624 1801 1554 1780 1404 1807 1366 1785"/></Shape>
	    <String CONTENT="א&#39; בשלג הד&#39;ה&#39; דכת&#39; בפרש שדי מלכים"
                    HPOS="1355.0"
                    VPOS="1640.0"
                    WIDTH="1534.0"
                    HEIGHT="172.0"></String>
          </TextLine>

          
          
          <TextLine ID="eSc_line_1321378"
                    
                    BASELINE="1318 1866 2873 1855" 
                    HPOS="1312.0"
                    VPOS="1764.0"
                    WIDTH="1555.0"
                    HEIGHT="172.0">
            <Shape><Polygon POINTS="1312 1860 1366 1801 1517 1801 1554 1774 1592 1801 1867 1817 1936 1774 1990 1817 2232 1796 2281 1764 2324 1796 2405 1780 2464 1812 2512 1780 2663 1785 2722 1823 2819 1796 2867 1850 2830 1920 2733 1920 2711 1898 2657 1920 2469 1920 2405 1893 2356 1920 2292 1903 2189 1930 2087 1914 1899 1936 1850 1903 1721 1930 1678 1909 1366 1930 1318 1882"/></Shape>
	    <String CONTENT="נה תשלג בצלמון השלג היא צל מונה"
                    HPOS="1312.0"
                    VPOS="1764.0"
                    WIDTH="1555.0"
                    HEIGHT="172.0"></String>
          </TextLine>

          
          
          <TextLine ID="eSc_line_1321380"
                    
                    BASELINE="1318 1979 2921 1968" 
                    HPOS="1312.0"
                    VPOS="1893.0"
                    WIDTH="1604.0"
                    HEIGHT="166.0">
            <Shape><Polygon POINTS="1312 1973 1398 1925 1678 1914 1710 1936 1845 1903 1936 1941 2066 1920 2238 1930 2286 1909 2356 1925 2405 1893 2507 1925 2706 1898 2916 1963 2760 2038 2544 2027 2512 2049 2410 2022 2286 2049 2125 2043 2087 2022 1980 2059 1872 2059 1829 2016 1743 2054 1517 2033 1404 2054 1323 1973"/></Shape>
	    <String CONTENT="שלהם יכול אף ישר&#39; כן ת&#39;ל&#39; לא תירא"
                    HPOS="1312.0"
                    VPOS="1893.0"
                    WIDTH="1604.0"
                    HEIGHT="166.0"></String>
          </TextLine>

          
          
          <TextLine ID="eSc_line_1321382"
                    
                    BASELINE="1366 2108 2900 2092" 
                    HPOS="1361.0"
                    VPOS="2016.0"
                    WIDTH="1533.0"
                    HEIGHT="172.0">
            <Shape><Polygon POINTS="1361 2102 1377 2054 1732 2059 1780 2054 1818 2016 1861 2054 1985 2054 2093 2016 2136 2054 2281 2059 2399 2027 2523 2043 2544 2022 2577 2043 2760 2043 2808 2016 2894 2086 2824 2145 2684 2167 2485 2145 2232 2167 2195 2135 2157 2167 1872 2156 1823 2183 1678 2183 1630 2156 1598 2188 1393 2178 1372 2156"/></Shape>
	    <String CONTENT="לביתה משלג כי כל ביתה לבוש שנים"
                    HPOS="1361.0"
                    VPOS="2016.0"
                    WIDTH="1533.0"
                    HEIGHT="172.0"></String>
          </TextLine>

          
          
          <TextLine ID="eSc_line_1321385"
                    
                    BASELINE="1339 2232 2878 2210" 
                    HPOS="1334.0"
                    VPOS="2129.0"
                    WIDTH="1539.0"
                    HEIGHT="183.0">
            <Shape><Polygon POINTS="1334 2226 1404 2178 2033 2178 2152 2167 2195 2129 2227 2162 2345 2178 2480 2151 2754 2167 2792 2135 2857 2135 2873 2205 2824 2269 2770 2285 2657 2280 2598 2242 2555 2280 2475 2296 2362 2275 2292 2291 2249 2264 2060 2301 1990 2301 1963 2275 1904 2307 1797 2280 1748 2307 1684 2291 1598 2312 1517 2275 1393 2301 1339 2248"/></Shape>
	    <String CONTENT="לבוש שנים מילה ופריעה ציצית"
                    HPOS="1334.0"
                    VPOS="2129.0"
                    WIDTH="1539.0"
                    HEIGHT="183.0"></String>
          </TextLine>

          
          
          <TextLine ID="eSc_line_1321389"
                    
                    BASELINE="1339 2355 2878 2334" 
                    HPOS="1334.0"
                    VPOS="2248.0"
                    WIDTH="1539.0"
                    HEIGHT="193.0">
            <Shape><Polygon POINTS="1334 2350 1463 2285 1608 2318 1797 2291 1910 2307 1958 2285 2012 2307 2243 2275 2496 2301 2598 2248 2668 2285 2857 2264 2873 2328 2846 2387 2781 2409 2684 2414 2625 2382 2528 2409 2491 2377 2458 2404 2345 2420 2238 2420 2205 2398 1990 2425 1953 2387 1904 2425 1786 2404 1646 2441 1415 2420 1345 2350"/></Shape>
	    <String CONTENT="ותפילים ˙ הענק תענק נתן תתן פתח"
                    HPOS="1334.0"
                    VPOS="2248.0"
                    WIDTH="1539.0"
                    HEIGHT="193.0"></String>
          </TextLine>

          
          
          <TextLine ID="eSc_line_1321393"
                    
                    BASELINE="1253 2479 2889 2468" 
                    HPOS="1248.0"
                    VPOS="2387.0"
                    WIDTH="1635.0"
                    HEIGHT="173.0">
            <Shape><Polygon POINTS="1248 2474 1334 2409 1619 2420 1651 2441 1780 2414 1910 2425 1953 2387 2006 2431 2485 2393 2582 2420 2636 2393 2679 2414 2813 2409 2883 2463 2873 2554 2830 2522 2706 2533 2582 2506 2491 2533 2367 2495 2340 2522 2292 2500 2232 2533 2103 2511 1942 2543 1549 2522 1377 2560 1275 2474"/></Shape>
	    <String CONTENT="תפתח עשר תעשר ˙ למיכך משהמזהיר"
                    HPOS="1248.0"
                    VPOS="2387.0"
                    WIDTH="1635.0"
                    HEIGHT="173.0"></String>
          </TextLine>

          
          
          <TextLine ID="eSc_line_1321398"
                    
                    BASELINE="1468 2586 2894 2576" 
                    HPOS="1463.0"
                    VPOS="2495.0"
                    WIDTH="1426.0"
                    HEIGHT="167.0">
            <Shape><Polygon POINTS="1463 2581 1468 2554 1549 2522 1936 2543 2044 2517 2162 2538 2286 2506 2335 2522 2362 2495 2480 2527 2571 2511 2830 2527 2889 2570 2797 2651 2722 2662 2652 2619 2588 2646 2512 2608 2475 2640 2388 2646 2345 2613 2103 2656 1813 2656 1689 2624 1560 2656 1468 2613"/></Shape>
	    <String CONTENT="את ישר&#39; ואו&#39; להם עשר תעשר וגו&#39; ˙"
                    HPOS="1463.0"
                    VPOS="2495.0"
                    WIDTH="1426.0"
                    HEIGHT="167.0"></String>
          </TextLine>

          
          
          <TextLine ID="eSc_line_1321467"
                    
                    BASELINE="1398 2699 2781 2689" 
                    HPOS="1393.0"
                    VPOS="2619.0"
                    WIDTH="1383.0"
                    HEIGHT="156.0">
            <Shape><Polygon POINTS="1393 2694 1404 2651 1479 2619 1554 2656 1689 2640 2071 2662 2302 2635 2480 2646 2512 2619 2550 2646 2674 2640 2727 2683 2776 2683 2760 2721 2684 2753 2469 2748 2442 2775 2405 2753 2227 2769 2168 2748 1996 2775 1899 2753 1581 2775 1398 2742"/></Shape>
	    <String CONTENT="והארץ חנפה תחת יושביה וג&#39; אר"
                    HPOS="1393.0"
                    VPOS="2619.0"
                    WIDTH="1383.0"
                    HEIGHT="156.0"></String>
          </TextLine>

          
          
          <TextLine ID="eSc_line_1321473"
                    
                    BASELINE="1307 2818 2851 2807" 
                    HPOS="1302.0"
                    VPOS="2732.0"
                    WIDTH="1544.0"
                    HEIGHT="161.0">
            <Shape><Polygon POINTS="1302 2812 1328 2764 1377 2748 1581 2775 1845 2775 1872 2753 1969 2775 2394 2753 2448 2775 2475 2748 2582 2769 2760 2732 2830 2748 2846 2802 2819 2855 2787 2845 2717 2888 2679 2866 2625 2893 2577 2861 2518 2888 2431 2888 2399 2855 2313 2877 2270 2845 2227 2877 2017 2893 1931 2872 1850 2893 1705 2872 1603 2888 1549 2861 1339 2893 1307 2861"/></Shape>
	    <String CONTENT="ויצחק את סבר מחנפה לה והיא מחנפה"
                    HPOS="1302.0"
                    VPOS="2732.0"
                    WIDTH="1544.0"
                    HEIGHT="161.0"></String>
          </TextLine>

          
          
          <TextLine ID="eSc_line_1321465"
                    
                    BASELINE="1334 2931 2894 2920" 
                    HPOS="1328.0"
                    VPOS="2845.0"
                    WIDTH="1561.0"
                    HEIGHT="166.0">
            <Shape><Polygon POINTS="1328 2925 1393 2888 1538 2866 1856 2904 1877 2882 2023 2893 2259 2861 2335 2888 2399 2855 2431 2888 2577 2866 2609 2893 2684 2872 2717 2898 2776 2850 2851 2845 2873 2845 2889 2915 2770 3011 2727 2984 2636 3001 2604 2979 2448 2979 2405 3001 2356 2979 2006 2984 1974 3006 1926 2979 1840 3006 1592 2984 1538 3006 1485 2963 1420 2963 1393 2990 1334 2931"/></Shape>
	    <String CONTENT="לך מראה לך קמה ואינה מראה לך"
                    HPOS="1328.0"
                    VPOS="2845.0"
                    WIDTH="1561.0"
                    HEIGHT="166.0"></String>
          </TextLine>

          
          
          <TextLine ID="eSc_line_1321485"
                    
                    BASELINE="1291 3054 2900 3044" 
                    HPOS="1285.0"
                    VPOS="2979.0"
                    WIDTH="1609.0"
                    HEIGHT="161.0">
            <Shape><Polygon POINTS="1285 3049 1361 2995 1754 2995 1818 3038 1920 2984 1980 3006 2006 2984 2318 2979 2378 3001 2722 2984 2749 3011 2803 2984 2857 3038 2894 3038 2765 3130 2604 3108 2566 3130 2501 3097 1963 3119 1915 3140 1872 3119 1710 3135 1641 3103 1415 3135 1361 3124 1291 3054"/></Shape>
	    <String CONTENT="עומדים ואינה מראה לך נגדיש ואינה"
                    HPOS="1285.0"
                    VPOS="2979.0"
                    WIDTH="1609.0"
                    HEIGHT="161.0"></String>
          </TextLine>

          
          
          <TextLine ID="eSc_line_1321455"
                    
                    BASELINE="1339 3189 2878 3189" 
                    HPOS="1334.0"
                    VPOS="3097.0"
                    WIDTH="1539.0"
                    HEIGHT="189.0">
            <Shape><Polygon POINTS="1334 3183 1398 3135 1560 3140 1614 3108 1667 3135 1926 3140 2421 3124 2512 3097 2555 3130 2862 3114 2873 3183 2808 3248 2475 3227 2405 3259 2324 3237 2270 3259 1705 3264 1667 3227 1624 3264 1576 3243 1538 3270 1458 3259 1415 3286 1345 3216"/></Shape>
	    <String CONTENT="מראה לך גדיש ואינה מראה לך גורן"
                    HPOS="1334.0"
                    VPOS="3097.0"
                    WIDTH="1539.0"
                    HEIGHT="189.0"></String>
          </TextLine>

          
          
          <TextLine ID="eSc_line_1321463"
                    
                    BASELINE="1280 3323 2900 3302" 
                    HPOS="1275.0"
                    VPOS="3221.0"
                    WIDTH="1619.0"
                    HEIGHT="183.0">
            <Shape><Polygon POINTS="1275 3318 1328 3259 1404 3280 1619 3264 1662 3227 1721 3264 2227 3243 2426 3259 2480 3221 2534 3243 2770 3243 2840 3296 2894 3296 2813 3372 2528 3361 2485 3388 2351 3377 2324 3404 2227 3361 2055 3399 2001 3377 1678 3366 1651 3399 1608 3372 1501 3399 1463 3372 1361 3404 1285 3339"/></Shape>
	    <String CONTENT="מראה לך גורן ואינה מראה לך ערימה ˙"
                    HPOS="1275.0"
                    VPOS="3221.0"
                    WIDTH="1619.0"
                    HEIGHT="183.0"></String>
          </TextLine>

          
          
          <TextLine ID="eSc_line_1321459"
                    
                    BASELINE="1345 3442 2851 3442" 
                    HPOS="1339.0"
                    VPOS="3366.0"
                    WIDTH="1507.0"
                    HEIGHT="156.0">
            <Shape><Polygon POINTS="1339 3436 1425 3388 1651 3399 1678 3372 1743 3393 2044 3399 2232 3377 2324 3404 2770 3366 2846 3436 2824 3490 2744 3517 2566 3506 2539 3485 2485 3517 2345 3495 2292 3517 2184 3501 1936 3522 1791 3495 1743 3517 1651 3495 1565 3522 1522 3485 1436 3517 1350 3436"/></Shape>
	    <String CONTENT="למה כי עבדו תורות שעברו על שתי"
                    HPOS="1339.0"
                    VPOS="3366.0"
                    WIDTH="1507.0"
                    HEIGHT="156.0"></String>
          </TextLine>

          
          
          <TextLine ID="eSc_line_1321491"
                    
                    BASELINE="1377 3565 2889 3565" 
                    HPOS="1372.0"
                    VPOS="3479.0"
                    WIDTH="1511.0"
                    HEIGHT="178.0">
            <Shape><Polygon POINTS="1372 3560 1398 3512 1479 3517 1511 3485 1565 3522 2049 3522 2195 3501 2475 3522 2534 3490 2765 3517 2857 3479 2883 3560 2797 3635 2760 3635 2722 3598 2641 3635 2394 3635 2356 3603 2318 3635 1936 3641 1877 3608 1845 3635 1528 3630 1382 3657"/></Shape>
	    <String CONTENT="תורות תורה שבכתב ותורה שבעל פה"
                    HPOS="1372.0"
                    VPOS="3479.0"
                    WIDTH="1511.0"
                    HEIGHT="178.0"></String>
          </TextLine>

          
          
          <TextLine ID="eSc_line_1321471"
                    
                    BASELINE="1382 3689 2851 3684" 
                    HPOS="1377.0"
                    VPOS="3603.0"
                    WIDTH="1469.0"
                    HEIGHT="167.0">
            <Shape><Polygon POINTS="1377 3684 1425 3630 1845 3635 1877 3603 1931 3635 2286 3641 2340 3608 2388 3635 2625 3641 2722 3603 2760 3641 2819 3641 2846 3678 2819 3748 2711 3759 2625 3737 2501 3764 2286 3764 2243 3727 2071 3770 2033 3732 1990 3759 1565 3754 1544 3732 1404 3754 1382 3732"/></Shape>
	    <String CONTENT="חלפו חוק חלפו חוקן של מעשרו ת"
                    HPOS="1377.0"
                    VPOS="3603.0"
                    WIDTH="1469.0"
                    HEIGHT="167.0"></String>
          </TextLine>

          
          
          <TextLine ID="eSc_line_1321453"
                    
                    BASELINE="1269 3813 2857 3807" 
                    HPOS="1264.0"
                    VPOS="3727.0"
                    WIDTH="1587.0"
                    HEIGHT="166.0">
            <Shape><Polygon POINTS="1264 3807 1372 3737 1485 3754 1538 3732 1678 3764 2033 3743 2087 3775 2243 3727 2281 3764 2835 3743 2851 3802 2835 3856 2738 3883 2620 3861 2566 3883 2501 3856 2302 3893 2259 3872 2055 3893 1942 3861 1667 3861 1592 3883 1511 3856 1334 3888 1275 3829"/></Shape>
	    <String CONTENT="הפרו ברית עולם הפרו בריתן של אבות"
                    HPOS="1264.0"
                    VPOS="3727.0"
                    WIDTH="1587.0"
                    HEIGHT="166.0"></String>
          </TextLine>

          
          
          <TextLine ID="eSc_line_1321469"
                    
                    BASELINE="1312 3931 2894 3936" 
                    HPOS="1307.0"
                    VPOS="3856.0"
                    WIDTH="1582.0"
                    HEIGHT="172.0">
            <Shape><Polygon POINTS="1307 3926 1382 3877 1447 3872 2071 3893 2152 3872 2335 3888 2507 3856 2571 3888 2609 3861 2787 3861 2889 3931 2733 4017 2631 4012 2598 3979 2555 4006 2507 3985 2453 4001 2098 3979 2006 3985 1920 4028 1872 3985 1829 4012 1716 3974 1576 4006 1425 3990 1312 3931"/></Shape>
	    <String CONTENT="לפיכך משה מזהיר את ישר&#39; ואומר"
                    HPOS="1307.0"
                    VPOS="3856.0"
                    WIDTH="1582.0"
                    HEIGHT="172.0"></String>
          </TextLine>

          
          
          <TextLine ID="eSc_line_1321451"
                    
                    BASELINE="1361 4039 2878 4060" 
                    HPOS="1355.0"
                    VPOS="3969.0"
                    WIDTH="1518.0"
                    HEIGHT="166.0">
            <Shape><Polygon POINTS="1355 4033 1393 3985 1587 4001 1727 3979 1813 4039 1915 4039 2001 3985 2066 3979 2119 4001 2507 3990 2528 4012 2598 3990 2625 4017 2738 4017 2776 3979 2840 3969 2873 4055 2803 4114 2674 4135 2625 4109 2528 4135 2415 4098 2297 4125 2082 4098 2006 4125 1893 4044 1845 4044 1764 4119 1560 4098 1415 4119 1361 4071"/></Shape>
	    <String CONTENT="להם עשר תעשר וג&#39; ˙ נצור בני"
                    HPOS="1355.0"
                    VPOS="3969.0"
                    WIDTH="1518.0"
                    HEIGHT="166.0"></String>
          </TextLine>

          
          
          <TextLine ID="eSc_line_1321457"
                    
                    BASELINE="1377 4168 2900 4189" 
                    HPOS="1372.0"
                    VPOS="4087.0"
                    WIDTH="1522.0"
                    HEIGHT="178.0">
            <Shape><Polygon POINTS="1372 4162 1382 4087 1409 4119 1501 4125 1942 4098 2028 4125 2152 4092 2184 4119 2292 4130 2378 4103 2539 4135 2625 4109 2652 4135 2722 4141 2776 4119 2840 4173 2894 4184 2808 4254 2722 4232 2679 4265 2480 4243 2399 4265 2362 4227 2238 4254 1942 4227 1915 4248 1840 4232 1759 4254 1700 4232 1431 4265 1377 4211"/></Shape>
	    <String CONTENT="מצות אביך ואל תטוש תורת אמך"
                    HPOS="1372.0"
                    VPOS="4087.0"
                    WIDTH="1522.0"
                    HEIGHT="178.0"></String>
          </TextLine>

          
          
          <TextLine ID="eSc_line_1321475"
                    
                    BASELINE="1296 4308 2867 4318" 
                    HPOS="1291.0"
                    VPOS="4232.0"
                    WIDTH="1571.0"
                    HEIGHT="156.0">
            <Shape><Polygon POINTS="1291 4302 1404 4248 1710 4259 1963 4232 2292 4265 2367 4238 2421 4275 2469 4243 2684 4259 2738 4232 2862 4313 2803 4377 2754 4388 2679 4351 2641 4372 2464 4383 2426 4361 2329 4388 2114 4377 2066 4345 1996 4372 1705 4356 1598 4383 1495 4351 1431 4377 1377 4372 1296 4308"/></Shape>
	    <String CONTENT="א&#39;ר&#39; חונה אבות הראשונים הפרי שו"
                    HPOS="1291.0"
                    VPOS="4232.0"
                    WIDTH="1571.0"
                    HEIGHT="156.0"></String>
          </TextLine>

          
          
          <TextLine ID="eSc_line_1321461"
                    
                    BASELINE="1312 4426 2900 4447" 
                    HPOS="1307.0"
                    VPOS="4340.0"
                    WIDTH="1587.0"
                    HEIGHT="183.0">
            <Shape><Polygon POINTS="1307 4420 1318 4351 1345 4340 1420 4377 1506 4356 1571 4377 2076 4361 2286 4388 2437 4361 2539 4394 2561 4372 2679 4367 2787 4383 2894 4442 2819 4512 2636 4485 2571 4523 2351 4512 2254 4480 2168 4501 2076 4485 2044 4512 1985 4469 1899 4474 1845 4507 1813 4485 1657 4496 1624 4464 1565 4490 1334 4490 1312 4469"/></Shape>
	    <String CONTENT="תרימה ומעשאות אברהם הפריש תרומ&#39;"
                    HPOS="1307.0"
                    VPOS="4340.0"
                    WIDTH="1587.0"
                    HEIGHT="183.0"></String>
          </TextLine>

          
          
          <TextLine ID="eSc_line_1321477"
                    
                    BASELINE="1339 4528 2851 4576" 
                    HPOS="1334.0"
                    VPOS="4469.0"
                    WIDTH="1512.0"
                    HEIGHT="177.0">
            <Shape><Polygon POINTS="1334 4523 1350 4485 1415 4474 1571 4496 1619 4469 1673 4501 1764 4490 1850 4512 1893 4480 1942 4490 1980 4469 2049 4523 2259 4480 2362 4523 2582 4528 2647 4480 2690 4517 2819 4517 2846 4571 2830 4646 2738 4630 2690 4593 2523 4630 2453 4603 2405 4630 2238 4630 2109 4593 2049 4593 2012 4625 1947 4593 1899 4625 1721 4603 1678 4636 1614 4593 1565 4614 1501 4587 1377 4609 1339 4593"/></Shape>
	    <String CONTENT="גדולה הרימותי ידי אי ייי ואין הרמה"
                    HPOS="1334.0"
                    VPOS="4469.0"
                    WIDTH="1512.0"
                    HEIGHT="177.0"></String>
          </TextLine>

          
          
          <TextLine ID="eSc_line_1321479"
                    
                    BASELINE="1269 4657 2889 4679" 
                    HPOS="1264.0"
                    VPOS="4587.0"
                    WIDTH="1619.0"
                    HEIGHT="172.0">
            <Shape><Polygon POINTS="1264 4652 1339 4603 1619 4598 1667 4636 1710 4603 1856 4630 2049 4598 2227 4630 2442 4609 2485 4630 2636 4630 2695 4587 2765 4641 2883 4673 2792 4754 2684 4727 2539 4759 2475 4732 2119 4738 2044 4695 1985 4743 1334 4732 1269 4673"/></Shape>
	    <String CONTENT="אלא תרומה במה דאת אמ&#39; והרמתם"
                    HPOS="1264.0"
                    VPOS="4587.0"
                    WIDTH="1619.0"
                    HEIGHT="172.0"></String>
          </TextLine>

          
          
          <TextLine ID="eSc_line_1321483"
                    
                    BASELINE="1323 4786 2867 4813" 
                    HPOS="1318.0"
                    VPOS="4706.0"
                    WIDTH="1544.0"
                    HEIGHT="199.0">
            <Shape><Polygon POINTS="1318 4781 1372 4727 1985 4754 2049 4706 2076 4732 2265 4749 2491 4738 2571 4759 2684 4738 2803 4754 2862 4808 2846 4905 2824 4905 2776 4872 2604 4878 2571 4845 2480 4878 2318 4872 2286 4851 2103 4862 2071 4835 2039 4862 1931 4835 1893 4862 1791 4851 1754 4883 1705 4845 1657 4867 1571 4867 1522 4829 1393 4851 1323 4786"/></Shape>
	    <String CONTENT="ממנו את תרומת ייי יצחק הפריש"
                    HPOS="1318.0"
                    VPOS="4706.0"
                    WIDTH="1544.0"
                    HEIGHT="199.0"></String>
          </TextLine>

          
          
          <TextLine ID="eSc_line_1321481"
                    
                    BASELINE="1291 4899 2889 4931" 
                    HPOS="1285.0"
                    VPOS="4829.0"
                    WIDTH="1598.0"
                    HEIGHT="172.0">
            <Shape><Polygon POINTS="1285 4894 1296 4829 1554 4867 1662 4867 1705 4835 1737 4867 1823 4872 2082 4840 2205 4878 2270 4845 2367 4872 2588 4862 2620 4888 2749 4862 2792 4888 2867 4888 2883 4926 2867 4974 2744 4996 2722 4974 2668 5001 2523 4991 2501 4969 2415 4996 2249 4964 1823 4985 1291 4948"/></Shape>
	    <String CONTENT="מעשר שני ויזרע יצחק בארץ ההי&#39;"
                    HPOS="1285.0"
                    VPOS="4829.0"
                    WIDTH="1598.0"
                    HEIGHT="172.0"></String>
          </TextLine>

          
        </TextBlock>
        
        <TextBlock HPOS="759.0"
                   VPOS="441.0"
                   WIDTH="558.0"
                   HEIGHT="269.0"
                   ID="eSc_textblock_7094"
                   TAGREFS="BT219">
          <Shape><Polygon POINTS="985 554 759 561 766 703 1317 710 1303 441 957 446"/></Shape>
          
          
          <TextLine ID="eSc_line_1615648"
                    
                    BASELINE="996 488 1309 488" 
                    HPOS="995.0"
                    VPOS="441.0"
                    WIDTH="312.0"
                    HEIGHT="118.0">
            <Shape><Polygon POINTS="995 484 1022 441 1296 441 1307 484 1291 559 1006 559"/></Shape>
	    <String CONTENT="אפקתא"
                    HPOS="995.0"
                    VPOS="441.0"
                    WIDTH="312.0"
                    HEIGHT="118.0"></String>
          </TextLine>

          
          
          <TextLine ID="eSc_line_1321361"
                    
                    BASELINE="758 623 1323 637" 
                    HPOS="753.0"
                    VPOS="564.0"
                    WIDTH="565.0"
                    HEIGHT="156.0">
            <Shape><Polygon POINTS="753 618 758 591 925 564 973 596 1038 580 1146 602 1269 575 1318 634 1296 720 1215 688 1135 720 1086 693 1054 715 1011 683 957 709 850 709 758 677"/></Shape>
	    <String CONTENT="קדשת עשי רעשם"
                    HPOS="753.0"
                    VPOS="564.0"
                    WIDTH="565.0"
                    HEIGHT="156.0"></String>
          </TextLine>

          
        </TextBlock>
        

        
      </PrintSpace>
    </Page>
  </Layout>
</alto>
