<?xml version="1.0" encoding="UTF-8"?>
<alto xmlns:xsi="http://www.w3.org/2001/XMLSchema-instance"
      xmlns="http://www.loc.gov/standards/alto/ns-v4#"
      xsi:schemaLocation="http://www.loc.gov/standards/alto/ns-v4# http://www.loc.gov/standards/alto/v4/alto-4-2.xsd">
  <Description>
    <MeasurementUnit>pixel</MeasurementUnit>
    <sourceImageInformation>
      <fileName>oulis2017-aya-0079-0.jpg</fileName>
      
    </sourceImageInformation>
  </Description>
  
  <Tags>
    <OtherTag ID="BT1164" LABEL="Hole" DESCRIPTION="block type Hole"/><OtherTag ID="BT2" LABEL="Main" DESCRIPTION="block type Main"/><OtherTag ID="BT3" LABEL="Commentary" DESCRIPTION="block type Commentary"/><OtherTag ID="BT4" LABEL="Illustration" DESCRIPTION="block type Illustration"/><OtherTag ID="BT218" LABEL="Margin" DESCRIPTION="block type Margin"/><OtherTag ID="BT219" LABEL="Paratext" DESCRIPTION="block type Paratext"/>
    <OtherTag ID="LT2" LABEL="Numbering" DESCRIPTION="line type Numbering"/><OtherTag ID="LT3" LABEL="Correction" DESCRIPTION="line type Correction"/><OtherTag ID="LT481" LABEL="Gloss" DESCRIPTION="line type Gloss"/>
  </Tags>
  
  <Layout>
    <Page WIDTH="5402"
          HEIGHT="6454"
          PHYSICAL_IMG_NR="66"
          ID="eSc_dummypage_">
      <PrintSpace HPOS="0"
                  VPOS="0"
                  WIDTH="5402"
                  HEIGHT="6454">
        
        <TextBlock HPOS="3154.0"
                   VPOS="893.0"
                   WIDTH="1617.0"
                   HEIGHT="4159.0"
                   ID="eSc_textblock_7168"
                   TAGREFS="BT2">
          <Shape><Polygon POINTS="3154 918 3220 5052 4771 5027 4714 893"/></Shape>
          
          
          <TextLine ID="eSc_line_1322410"
                    
                    BASELINE="3185 1016 4664 984" 
                    HPOS="3179.0"
                    VPOS="908.0"
                    WIDTH="1480.0"
                    HEIGHT="194.0">
            <Shape><Polygon POINTS="3179 1011 3185 957 3222 935 3303 957 3357 935 3378 957 3421 925 3588 951 3664 946 3685 919 3836 946 3981 935 4003 914 4169 935 4207 908 4336 941 4379 914 4401 935 4643 935 4659 978 4648 1054 4530 1054 4476 1016 4428 1016 4401 1048 4293 1054 4250 1021 4186 1059 3954 1032 3900 1059 3814 1059 3793 1038 3653 1064 3572 1048 3513 1097 3271 1102 3190 1043"/></Shape>
	    <String CONTENT="צו ˙ ייי זו ברבת השם כמה דאת אמ&#39;"
                    HPOS="3179.0"
                    VPOS="908.0"
                    WIDTH="1480.0"
                    HEIGHT="194.0"></String>
          </TextLine>

          
          
          <TextLine ID="eSc_line_1322412"
                    
                    BASELINE="3534 1118 4664 1107" 
                    HPOS="3529.0"
                    VPOS="1021.0"
                    WIDTH="1130.0"
                    HEIGHT="162.0">
            <Shape><Polygon POINTS="3529 1113 3604 1064 3712 1043 3820 1070 4142 1048 4202 1064 4245 1021 4363 1059 4406 1038 4611 1054 4659 1102 4643 1183 4519 1183 4481 1156 3825 1183 3793 1150 3610 1183 3540 1113"/></Shape>
	    <String CONTENT="ונקב שם ייי מות יומת ˙ אים"
                    HPOS="3529.0"
                    VPOS="1021.0"
                    WIDTH="1130.0"
                    HEIGHT="162.0"></String>
          </TextLine>

          
          
          <TextLine ID="eSc_line_1322414"
                    
                    BASELINE="3185 1237 4707 1215" 
                    HPOS="3179.0"
                    VPOS="1140.0"
                    WIDTH="1523.0"
                    HEIGHT="177.0">
            <Shape><Polygon POINTS="3179 1231 3185 1177 3222 1156 3287 1177 3362 1145 3443 1183 3561 1140 3604 1183 3691 1161 3750 1183 4008 1161 4153 1183 4481 1156 4514 1183 4627 1177 4702 1210 4611 1296 4573 1301 4487 1263 4320 1263 4277 1285 4239 1269 4207 1301 3610 1280 3287 1317 3190 1258"/></Shape>
	    <String CONTENT="אילו הדיינין במה ראת אמ&#39; א&#39;ים לא ר&#39;"
                    HPOS="3179.0"
                    VPOS="1140.0"
                    WIDTH="1523.0"
                    HEIGHT="177.0"></String>
          </TextLine>

          
          
          <TextLine ID="eSc_line_1322416"
                    
                    BASELINE="3169 1371 4686 1344" 
                    HPOS="3163.0"
                    VPOS="1263.0"
                    WIDTH="1518.0"
                    HEIGHT="183.0">
            <Shape><Polygon POINTS="3163 1366 3169 1306 3196 1301 3319 1323 3518 1290 3782 1301 3890 1280 3976 1301 4159 1280 4207 1301 4234 1274 4401 1285 4428 1263 4616 1301 4681 1339 4670 1387 4600 1425 4390 1382 4304 1436 4245 1403 3992 1436 3847 1409 3712 1441 3561 1446 3497 1425 3459 1446 3174 1446"/></Shape>
	    <String CONTENT="תקלל ˙ על האדם זו שפיכות דמים במה"
                    HPOS="3163.0"
                    VPOS="1263.0"
                    WIDTH="1518.0"
                    HEIGHT="183.0"></String>
          </TextLine>

          
          
          <TextLine ID="eSc_line_1322418"
                    
                    BASELINE="3185 1511 4729 1473" 
                    HPOS="3179.0"
                    VPOS="1398.0"
                    WIDTH="1545.0"
                    HEIGHT="177.0">
            <Shape><Polygon POINTS="3179 1505 3233 1441 3362 1457 3513 1430 3567 1457 3658 1430 4234 1414 4288 1436 4358 1398 4616 1419 4670 1468 4724 1468 4637 1543 4573 1543 4546 1516 4498 1554 4315 1532 4272 1559 3922 1543 3782 1565 3583 1532 3545 1570 3416 1570 3378 1548 3346 1575 3239 1575 3185 1522"/></Shape>
	    <String CONTENT="ראת אמ&#39; שופך דם האדם לאמר זה"
                    HPOS="3179.0"
                    VPOS="1398.0"
                    WIDTH="1545.0"
                    HEIGHT="177.0"></String>
          </TextLine>

          
          
          <TextLine ID="eSc_line_1322420"
                    
                    BASELINE="3196 1624 4707 1608" 
                    HPOS="3190.0"
                    VPOS="1522.0"
                    WIDTH="1512.0"
                    HEIGHT="193.0">
            <Shape><Polygon POINTS="3190 1618 3287 1565 3540 1575 3583 1532 3637 1570 3685 1548 4153 1570 4309 1543 4492 1559 4546 1522 4573 1548 4632 1543 4702 1602 4648 1683 4535 1672 4508 1645 4379 1688 4331 1656 4040 1688 3647 1667 3594 1688 3524 1667 3438 1694 3389 1667 3282 1715 3196 1635"/></Shape>
	    <String CONTENT="גילוי עריות כמה דאת אמ&#39; לאמר הן"
                    HPOS="3190.0"
                    VPOS="1522.0"
                    WIDTH="1512.0"
                    HEIGHT="193.0"></String>
          </TextLine>

          
          
          <TextLine ID="eSc_line_1322422"
                    
                    BASELINE="3212 1758 4686 1731" 
                    HPOS="3206.0"
                    VPOS="1640.0"
                    WIDTH="1475.0"
                    HEIGHT="204.0">
            <Shape><Polygon POINTS="3206 1753 3212 1688 3287 1715 3400 1683 3486 1694 3534 1661 3674 1688 4331 1667 4374 1694 4492 1640 4535 1672 4654 1688 4681 1726 4648 1785 4594 1807 4422 1785 4331 1812 4212 1785 3986 1817 3820 1817 3798 1796 3691 1828 3513 1796 3448 1834 3357 1807 3228 1844 3212 1828"/></Shape>
	    <String CONTENT="ישלח איש את אשתו וג&#39; מכל עץ הגן"
                    HPOS="3206.0"
                    VPOS="1640.0"
                    WIDTH="1475.0"
                    HEIGHT="204.0"></String>
          </TextLine>

          
          
          <TextLine ID="eSc_line_1322424"
                    
                    BASELINE="3217 1887 4724 1860" 
                    HPOS="3212.0"
                    VPOS="1785.0"
                    WIDTH="1506.0"
                    HEIGHT="178.0">
            <Shape><Polygon POINTS="3212 1882 3233 1839 3298 1817 3448 1834 3524 1807 3717 1828 3793 1801 3970 1823 4212 1790 4352 1812 4686 1785 4718 1855 4654 1920 4594 1936 4444 1936 4352 1903 4288 1946 4116 1925 3970 1946 3943 1925 3927 1946 3631 1936 3529 1957 3497 1936 3421 1952 3352 1930 3298 1963 3222 1952"/></Shape>
	    <String CONTENT="זה הגזל ˙ כמה דאת אמ&#39; ומעץ הדעת"
                    HPOS="3212.0"
                    VPOS="1785.0"
                    WIDTH="1506.0"
                    HEIGHT="178.0"></String>
          </TextLine>

          
          
          <TextLine ID="eSc_line_1322426"
                    
                    BASELINE="3233 2016 4707 1995" 
                    HPOS="3228.0"
                    VPOS="1914.0"
                    WIDTH="1474.0"
                    HEIGHT="172.0">
            <Shape><Polygon POINTS="3228 2011 3233 1957 3298 1963 3352 1936 3534 1968 3604 1957 3647 1995 3701 1941 4272 1952 4331 1914 4438 1936 4675 1914 4702 1989 4648 2054 4551 2038 4519 2065 4422 2043 4325 2070 3943 2049 3884 2076 3777 2076 3658 2027 3561 2086 3233 2076"/></Shape>
	    <String CONTENT="טוב ורע לא תאכל ממנו ˙ נח נצטווה"
                    HPOS="3228.0"
                    VPOS="1914.0"
                    WIDTH="1474.0"
                    HEIGHT="172.0"></String>
          </TextLine>

          
          
          <TextLine ID="eSc_line_1322428"
                    
                    BASELINE="3228 2135 4729 2108" 
                    HPOS="3222.0"
                    VPOS="2033.0"
                    WIDTH="1502.0"
                    HEIGHT="172.0">
            <Shape><Polygon POINTS="3222 2129 3228 2076 3475 2086 3658 2059 3782 2081 3916 2070 3943 2043 4019 2076 4352 2076 4417 2049 4519 2059 4557 2033 4664 2059 4724 2102 4616 2188 4578 2188 4541 2151 4476 2178 4401 2151 4299 2194 4083 2151 4013 2205 3809 2178 3771 2199 3578 2178 3518 2205 3368 2205 3282 2199 3228 2156"/></Shape>
	    <String CONTENT="על אבר מן החי שנ&#39; אך בשר בנפשו"
                    HPOS="3222.0"
                    VPOS="2033.0"
                    WIDTH="1502.0"
                    HEIGHT="172.0"></String>
          </TextLine>

          
          
          <TextLine ID="eSc_line_1322430"
                    
                    BASELINE="3169 2253 4750 2232" 
                    HPOS="3163.0"
                    VPOS="2135.0"
                    WIDTH="1582.0"
                    HEIGHT="199.0">
            <Shape><Polygon POINTS="3163 2248 3169 2167 3201 2135 3265 2194 3335 2205 3534 2205 3594 2183 3976 2194 4008 2215 4094 2145 4142 2188 4320 2194 4406 2151 4433 2178 4664 2183 4707 2226 4745 2226 4664 2301 4541 2307 4476 2258 4406 2301 4245 2296 4207 2318 4094 2307 4051 2275 3949 2312 3244 2334 3174 2264"/></Shape>
	    <String CONTENT="רמו לא תאכלו ˙ אברהם נצטווה על"
                    HPOS="3163.0"
                    VPOS="2135.0"
                    WIDTH="1582.0"
                    HEIGHT="199.0"></String>
          </TextLine>

          
          
          <TextLine ID="eSc_line_1322431"
                    
                    BASELINE="3206 2377 4702 2355" 
                    HPOS="3201.0"
                    VPOS="2258.0"
                    WIDTH="1496.0"
                    HEIGHT="199.0">
            <Shape><Polygon POINTS="3201 2371 3308 2318 3970 2318 4067 2291 4164 2318 4358 2312 4438 2296 4476 2258 4524 2307 4675 2312 4697 2350 4686 2404 4632 2457 4594 2425 4411 2409 4250 2441 4110 2436 4078 2409 4046 2431 3809 2441 3712 2409 3637 2436 3384 2447 3260 2414 3217 2371"/></Shape>
	    <String CONTENT="המילה שנ&#39; ואתה את בריתי תשמר ˙"
                    HPOS="3201.0"
                    VPOS="2258.0"
                    WIDTH="1496.0"
                    HEIGHT="199.0"></String>
          </TextLine>

          
          
          <TextLine ID="eSc_line_1322436"
                    
                    BASELINE="3185 2500 4681 2490" 
                    HPOS="3179.0"
                    VPOS="2382.0"
                    WIDTH="1496.0"
                    HEIGHT="188.0">
            <Shape><Polygon POINTS="3179 2495 3185 2404 3212 2382 3276 2441 3362 2447 3405 2425 4035 2436 4067 2409 4105 2436 4347 2441 4524 2414 4675 2484 4616 2538 4568 2527 4508 2560 4422 2543 4395 2570 4272 2538 4202 2570 4153 2533 3890 2565 3610 2565 3572 2538 3508 2565 3260 2565 3185 2506"/></Shape>
	    <String CONTENT="יצחק חינך לשמנת ימים ˙ שנ&#39; וימל"
                    HPOS="3179.0"
                    VPOS="2382.0"
                    WIDTH="1496.0"
                    HEIGHT="188.0"></String>
          </TextLine>

          
          
          <TextLine ID="eSc_line_1322438"
                    
                    BASELINE="3169 2613 4724 2608" 
                    HPOS="3163.0"
                    VPOS="2527.0"
                    WIDTH="1555.0"
                    HEIGHT="178.0">
            <Shape><Polygon POINTS="3163 2608 3206 2554 4159 2549 4207 2576 4261 2549 4379 2570 4417 2549 4524 2560 4573 2533 4643 2554 4670 2527 4702 2527 4718 2603 4659 2673 4589 2683 4385 2662 4223 2683 4169 2640 4126 2683 4035 2678 4003 2699 3965 2673 3809 2673 3760 2705 3712 2673 3448 2694 3416 2667 3389 2694 3260 2683 3212 2705 3169 2662"/></Shape>
	    <String CONTENT="אברהם את יצחק בנו בן שמונת ימים ˙"
                    HPOS="3163.0"
                    VPOS="2527.0"
                    WIDTH="1555.0"
                    HEIGHT="178.0"></String>
          </TextLine>

          
          
          <TextLine ID="eSc_line_1322440"
                    
                    BASELINE="3228 2748 4616 2721" 
                    HPOS="3222.0"
                    VPOS="2635.0"
                    WIDTH="1389.0"
                    HEIGHT="215.0">
            <Shape><Polygon POINTS="3222 2742 3260 2683 3303 2705 3389 2699 3416 2673 3448 2699 3696 2683 3760 2710 3803 2678 3965 2678 4008 2699 4051 2673 4116 2683 4169 2635 4223 2683 4304 2689 4374 2662 4530 2673 4573 2716 4611 2716 4557 2769 4438 2807 4363 2769 4234 2812 4056 2791 3960 2818 3421 2812 3330 2850 3292 2812 3260 2823 3233 2802"/></Shape>
	    <String CONTENT="יעקר על גיד הנשה שנ&#39; על כן [/]"
                    HPOS="3222.0"
                    VPOS="2635.0"
                    WIDTH="1389.0"
                    HEIGHT="215.0"></String>
          </TextLine>

          
          
          <TextLine ID="eSc_line_1322442"
                    
                    BASELINE="3335 2877 4767 2850" 
                    HPOS="3330.0"
                    VPOS="2732.0"
                    WIDTH="1431.0"
                    HEIGHT="215.0">
            <Shape><Polygon POINTS="3330 2872 3400 2812 3895 2818 3997 2785 4207 2812 4325 2802 4363 2775 4401 2812 4438 2812 4508 2775 4557 2780 4605 2732 4745 2785 4761 2845 4632 2920 4514 2904 4352 2931 4304 2888 4272 2920 4137 2909 4089 2936 3965 2909 3895 2941 3755 2941 3664 2909 3599 2941 3470 2947 3335 2904"/></Shape>
	    <String CONTENT="לא יאכלו בני ישר&#39; את גיד הנשה ˙"
                    HPOS="3330.0"
                    VPOS="2732.0"
                    WIDTH="1431.0"
                    HEIGHT="215.0"></String>
          </TextLine>

          
          
          <TextLine ID="eSc_line_1322443"
                    
                    BASELINE="3201 2995 4772 2984" 
                    HPOS="3196.0"
                    VPOS="2888.0"
                    WIDTH="1571.0"
                    HEIGHT="183.0">
            <Shape><Polygon POINTS="3196 2990 3260 2931 3610 2941 3680 2920 3809 2947 3976 2915 4261 2925 4309 2888 4347 2925 4664 2915 4729 2979 4767 2979 4627 3044 3981 3038 3857 3071 3744 3038 3599 3065 3545 3038 3276 3065 3206 2995"/></Shape>
	    <String CONTENT="יהודה על היבמה שנ&#39; ויאמר יהודה"
                    HPOS="3196.0"
                    VPOS="2888.0"
                    WIDTH="1571.0"
                    HEIGHT="183.0"></String>
          </TextLine>

          
          
          <TextLine ID="eSc_line_1322444"
                    
                    BASELINE="3206 3135 4745 3114" 
                    HPOS="3201.0"
                    VPOS="3028.0"
                    WIDTH="1539.0"
                    HEIGHT="172.0">
            <Shape><Polygon POINTS="3201 3130 3217 3060 3755 3044 3847 3087 3976 3038 4013 3060 4304 3044 4336 3065 4406 3033 4616 3049 4637 3028 4724 3028 4740 3108 4686 3162 4643 3151 4594 3183 4401 3151 4309 3183 4164 3178 4132 3157 3965 3189 3642 3200 3604 3173 3572 3194 3206 3194"/></Shape>
	    <String CONTENT="לאונן בא אל אשת אחיך ויבם אתה"
                    HPOS="3201.0"
                    VPOS="3028.0"
                    WIDTH="1539.0"
                    HEIGHT="172.0"></String>
          </TextLine>

          
          
          <TextLine ID="eSc_line_1322445"
                    
                    BASELINE="3185 3243 4756 3221" 
                    HPOS="3179.0"
                    VPOS="3151.0"
                    WIDTH="1571.0"
                    HEIGHT="167.0">
            <Shape><Polygon POINTS="3179 3237 3228 3200 3314 3183 4320 3183 4406 3151 4481 3183 4589 3189 4648 3151 4750 3216 4664 3302 4578 3275 4460 3296 4395 3264 4261 3307 3992 3286 3863 3286 3836 3307 3755 3286 3647 3313 3470 3291 3443 3313 3260 3318 3185 3248"/></Shape>
	    <String CONTENT="וג&#39; אבל את מאתים וארבעים ושמנה"
                    HPOS="3179.0"
                    VPOS="3151.0"
                    WIDTH="1571.0"
                    HEIGHT="167.0"></String>
          </TextLine>

          
          
          <TextLine ID="eSc_line_1322446"
                    
                    BASELINE="3228 3366 4718 3345" 
                    HPOS="3222.0"
                    VPOS="3275.0"
                    WIDTH="1491.0"
                    HEIGHT="172.0">
            <Shape><Polygon POINTS="3222 3361 3303 3307 3475 3296 3594 3318 3760 3286 3836 3313 3863 3291 3981 3286 4067 3307 4116 3291 4142 3313 4374 3275 4449 3302 4578 3280 4691 3307 4713 3339 4681 3415 4621 3399 4180 3420 4099 3393 4067 3425 3680 3420 3653 3447 3556 3420 3287 3431 3233 3377"/></Shape>
	    <String CONTENT="מצות בעשה ושלש מאות וששים"
                    HPOS="3222.0"
                    VPOS="3275.0"
                    WIDTH="1491.0"
                    HEIGHT="172.0"></String>
          </TextLine>

          
          
          <TextLine ID="eSc_line_1322447"
                    
                    BASELINE="3249 3495 4788 3469" 
                    HPOS="3244.0"
                    VPOS="3388.0"
                    WIDTH="1539.0"
                    HEIGHT="183.0">
            <Shape><Polygon POINTS="3244 3490 3282 3436 3583 3425 3642 3469 3685 3425 4062 3431 4099 3399 4186 3425 4455 3425 4611 3399 4686 3415 4750 3388 4783 3463 4772 3501 4745 3485 4702 3522 4455 3522 4417 3544 4352 3528 4320 3549 4191 3533 4024 3560 3976 3533 3717 3555 3647 3512 3599 3549 3524 3544 3459 3571 3287 3555 3255 3522"/></Shape>
	    <String CONTENT="וחמש מצות בלא תעשה ˙ מאתים"
                    HPOS="3244.0"
                    VPOS="3388.0"
                    WIDTH="1539.0"
                    HEIGHT="183.0"></String>
          </TextLine>

          
          
          <TextLine ID="eSc_line_1322449"
                    
                    BASELINE="3249 3603 4756 3592" 
                    HPOS="3244.0"
                    VPOS="3517.0"
                    WIDTH="1506.0"
                    HEIGHT="172.0">
            <Shape><Polygon POINTS="3244 3598 3249 3533 3298 3560 3465 3565 3647 3528 3771 3571 3981 3538 4035 3560 4062 3538 4331 3544 4352 3522 4422 3544 4455 3522 4503 3544 4664 3517 4750 3587 4697 3651 4465 3673 4299 3646 3637 3689 3604 3668 3298 3678 3249 3646"/></Shape>
	    <String CONTENT="וארבעים ושמנה מצות בעשה כנגד"
                    HPOS="3244.0"
                    VPOS="3517.0"
                    WIDTH="1506.0"
                    HEIGHT="172.0"></String>
          </TextLine>

          
          
          <TextLine ID="eSc_line_1322450"
                    
                    BASELINE="3233 3737 4794 3711" 
                    HPOS="3228.0"
                    VPOS="3646.0"
                    WIDTH="1560.0"
                    HEIGHT="161.0">
            <Shape><Polygon POINTS="3228 3732 3303 3678 4116 3678 4293 3651 4460 3673 4568 3646 4681 3651 4745 3705 4788 3705 4691 3780 4621 3759 4492 3770 4460 3807 4422 3775 4272 3764 4159 3807 4105 3786 4062 3802 4035 3775 3825 3807 3696 3786 3319 3802 3244 3732"/></Shape>
	    <String CONTENT="מאתים וארבעים ושמנה איכרים"
                    HPOS="3228.0"
                    VPOS="3646.0"
                    WIDTH="1560.0"
                    HEIGHT="161.0"></String>
          </TextLine>

          
          
          <TextLine ID="eSc_line_1322451"
                    
                    BASELINE="3249 3856 4750 3845" 
                    HPOS="3244.0"
                    VPOS="3764.0"
                    WIDTH="1501.0"
                    HEIGHT="167.0">
            <Shape><Polygon POINTS="3244 3850 3298 3797 3438 3786 3825 3813 4029 3770 4062 3797 4099 3780 4180 3807 4277 3770 4411 3775 4471 3807 4616 3764 4745 3840 4643 3910 4578 3888 4535 3915 4282 3893 4196 3915 4164 3888 4126 3915 4019 3893 3943 3926 3841 3910 3642 3931 3561 3910 3357 3931 3292 3915 3249 3872"/></Shape>
	    <String CONTENT="שיש באדם ˙ כל אבר ואבר אומר"
                    HPOS="3244.0"
                    VPOS="3764.0"
                    WIDTH="1501.0"
                    HEIGHT="167.0"></String>
          </TextLine>

          
          
          <TextLine ID="eSc_line_1322452"
                    
                    BASELINE="3260 3985 4772 3958" 
                    HPOS="3255.0"
                    VPOS="3872.0"
                    WIDTH="1512.0"
                    HEIGHT="194.0">
            <Shape><Polygon POINTS="3255 3979 3308 3920 4116 3926 4277 3899 4336 3920 4541 3910 4573 3888 4632 3915 4718 3872 4750 3883 4767 3953 4686 4033 4449 4017 4358 4028 4331 4055 4277 4022 4245 4044 4121 4022 4083 4055 3949 4055 3906 4012 3782 4066 3712 4028 3583 4039 3556 4017 3454 4049 3378 4022 3314 4055 3260 4001"/></Shape>
	    <String CONTENT="לאדם בבקשה ממך עשה בי את"
                    HPOS="3255.0"
                    VPOS="3872.0"
                    WIDTH="1512.0"
                    HEIGHT="194.0"></String>
          </TextLine>

          
          
          <TextLine ID="eSc_line_1322453"
                    
                    BASELINE="3185 4098 4788 4092" 
                    HPOS="3179.0"
                    VPOS="4017.0"
                    WIDTH="1604.0"
                    HEIGHT="172.0">
            <Shape><Polygon POINTS="3179 4092 3185 4033 3271 4017 3308 4055 3378 4028 3443 4049 3556 4022 3723 4028 3771 4060 3906 4017 3943 4055 4035 4039 4089 4066 4186 4033 4234 4055 4401 4055 4460 4022 4481 4044 4691 4039 4783 4087 4707 4146 4637 4162 4573 4141 4535 4162 4401 4146 4126 4173 4040 4146 4003 4173 3884 4152 3836 4173 3362 4168 3233 4189 3185 4141"/></Shape>
	    <String CONTENT="המצוה הזאת ושלש מאות וששים"
                    HPOS="3179.0"
                    VPOS="4017.0"
                    WIDTH="1604.0"
                    HEIGHT="172.0"></String>
          </TextLine>

          
          
          <TextLine ID="eSc_line_1322454"
                    
                    BASELINE="3249 4227 4772 4205" 
                    HPOS="3244.0"
                    VPOS="4141.0"
                    WIDTH="1523.0"
                    HEIGHT="161.0">
            <Shape><Polygon POINTS="3244 4221 3282 4178 3992 4173 4046 4141 4121 4168 4390 4146 4578 4146 4621 4168 4686 4146 4767 4200 4718 4275 3255 4302"/></Shape>
	    <String CONTENT="וחמש מצוות בלא תעשה כנגד ימות"
                    HPOS="3244.0"
                    VPOS="4141.0"
                    WIDTH="1523.0"
                    HEIGHT="161.0"></String>
          </TextLine>

          
          
          <TextLine ID="eSc_line_1322455"
                    
                    BASELINE="3260 4372 4750 4345" 
                    HPOS="3255.0"
                    VPOS="4270.0"
                    WIDTH="1490.0"
                    HEIGHT="172.0">
            <Shape><Polygon POINTS="3255 4367 3319 4297 3863 4302 3927 4281 3997 4302 4255 4275 4417 4291 4460 4270 4686 4275 4745 4340 4718 4394 4670 4410 4449 4399 4411 4420 4374 4394 4299 4415 4148 4399 4116 4426 3900 4399 3782 4431 3615 4415 3470 4442 3319 4437 3265 4388"/></Shape>
	    <String CONTENT="החמה כל יום ויום או&#39; לאדם בבקשה"
                    HPOS="3255.0"
                    VPOS="4270.0"
                    WIDTH="1490.0"
                    HEIGHT="172.0"></String>
          </TextLine>

          
          
          <TextLine ID="eSc_line_1322457"
                    
                    BASELINE="3271 4485 4750 4469" 
                    HPOS="3265.0"
                    VPOS="4383.0"
                    WIDTH="1480.0"
                    HEIGHT="199.0">
            <Shape><Polygon POINTS="3265 4480 3271 4415 3308 4437 3744 4437 3895 4404 4110 4431 4358 4388 4395 4415 4643 4415 4729 4383 4745 4464 4729 4507 4589 4550 4546 4512 4449 4533 4347 4517 4239 4550 4121 4523 4094 4544 4013 4528 3938 4550 3900 4528 3760 4533 3691 4560 3588 4533 3545 4555 3330 4544 3271 4582"/></Shape>
	    <String CONTENT="ממך אל תעש כי את העבירה הזאת"
                    HPOS="3265.0"
                    VPOS="4383.0"
                    WIDTH="1480.0"
                    HEIGHT="199.0"></String>
          </TextLine>

          
          
          <TextLine ID="eSc_line_1322459"
                    
                    BASELINE="3249 4609 4600 4593" 
                    HPOS="3244.0"
                    VPOS="4523.0"
                    WIDTH="1350.0"
                    HEIGHT="161.0">
            <Shape><Polygon POINTS="3244 4603 3319 4550 3389 4539 3540 4560 3567 4539 3707 4555 3836 4533 3943 4555 4024 4528 4089 4555 4121 4528 4245 4544 4325 4523 4487 4533 4535 4582 4594 4587 4541 4593 4455 4657 4363 4663 4293 4636 4164 4657 4137 4684 4094 4657 3830 4663 3803 4636 3691 4679 3389 4684 3265 4603"/></Shape>
	    <String CONTENT="שקר החן והכל היופי וג&#39; שקר"
                    HPOS="3244.0"
                    VPOS="4523.0"
                    WIDTH="1350.0"
                    HEIGHT="161.0"></String>
          </TextLine>

          
          
          <TextLine ID="eSc_line_1322458"
                    
                    BASELINE="3276 4738 4772 4700" 
                    HPOS="3271.0"
                    VPOS="4625.0"
                    WIDTH="1496.0"
                    HEIGHT="188.0">
            <Shape><Polygon POINTS="3271 4732 3276 4673 3308 4663 3405 4695 3502 4673 3680 4684 3793 4641 3830 4668 4132 4684 4164 4657 4449 4663 4573 4625 4702 4652 4767 4695 4718 4765 4686 4770 4589 4775 4557 4754 4481 4781 4422 4749 4401 4770 4342 4754 4304 4775 4169 4786 4126 4765 4013 4786 3986 4759 3906 4792 3814 4775 3599 4808 3470 4802 3438 4770 3384 4813 3282 4808"/></Shape>
	    <String CONTENT="החן שקר היה חינו שלנח ונח מצא"
                    HPOS="3271.0"
                    VPOS="4625.0"
                    WIDTH="1496.0"
                    HEIGHT="188.0"></String>
          </TextLine>

          
          
          <TextLine ID="eSc_line_1322434"
                    
                    BASELINE="3228 4856 4740 4813" 
                    HPOS="3222.0"
                    VPOS="4759.0"
                    WIDTH="1512.0"
                    HEIGHT="172.0">
            <Shape><Polygon POINTS="3222 4851 3271 4802 3384 4813 3432 4765 3481 4808 3578 4808 3825 4775 3965 4775 3986 4797 4089 4770 4180 4786 4358 4765 4406 4786 4428 4765 4498 4781 4718 4759 4734 4808 4643 4899 4594 4878 4449 4894 4358 4872 4255 4905 4175 4883 4099 4905 4019 4899 3992 4872 3933 4910 3847 4883 3734 4888 3696 4926 3599 4894 3529 4926 3432 4905 3373 4921 3330 4888 3276 4931 3228 4883"/></Shape>
	    <String CONTENT="חן והכל חיופי הכל היה יופיו של אדם"
                    HPOS="3222.0"
                    VPOS="4759.0"
                    WIDTH="1512.0"
                    HEIGHT="172.0"></String>
          </TextLine>

          
          
          <TextLine ID="eSc_line_1322448"
                    
                    BASELINE="3314 4974 4745 4931" 
                    HPOS="3308.0"
                    VPOS="4867.0"
                    WIDTH="1432.0"
                    HEIGHT="183.0">
            <Shape><Polygon POINTS="3308 4969 3314 4905 3378 4905 3405 4931 3658 4926 3717 4894 3777 4910 3841 4888 4013 4915 4046 4888 4191 4910 4487 4878 4551 4899 4724 4867 4740 4926 4729 4985 4691 5012 4643 4985 4562 4985 4492 5023 4196 5001 4137 5028 4099 5007 4062 5034 3841 5044 3728 5012 3664 5050 3637 5028 3604 5050 3486 5028 3465 5050 3443 5028 3319 5023"/></Shape>
	    <String CONTENT="הראשון היה מכהה גלגל חמה ואל"
                    HPOS="3308.0"
                    VPOS="4867.0"
                    WIDTH="1432.0"
                    HEIGHT="183.0"></String>
          </TextLine>

          
        </TextBlock>
        
        <TextBlock HPOS="1323.0"
                   VPOS="952.0"
                   WIDTH="1716.0"
                   HEIGHT="4133.0"
                   ID="eSc_textblock_7167"
                   TAGREFS="BT2">
          <Shape><Polygon POINTS="1323 1026 1488 5085 3039 5068 2932 952"/></Shape>
          
          
          <TextLine ID="eSc_line_1322411"
                    
                    BASELINE="1361 1102 2900 1038" 
                    HPOS="1355.0"
                    VPOS="962.0"
                    WIDTH="1539.0"
                    HEIGHT="188.0">
            <Shape><Polygon POINTS="1355 1097 1361 1043 1474 1043 1528 1016 2087 1016 2119 989 2189 1011 2340 984 2367 1005 2399 984 2631 994 2657 968 2690 989 2787 962 2878 984 2894 1032 2873 1091 2614 1086 2372 1113 2270 1097 2238 1118 2017 1107 1818 1134 1748 1118 1732 1140 1614 1124 1592 1145 1517 1129 1479 1150 1366 1134"/></Shape>
	    <String CONTENT="תתמה בנוחג שבעולם אדם עושה לו שני"
                    HPOS="1355.0"
                    VPOS="962.0"
                    WIDTH="1539.0"
                    HEIGHT="188.0"></String>
          </TextLine>

          
          
          <TextLine ID="eSc_line_1322413"
                    
                    BASELINE="1377 1199 2937 1150" 
                    HPOS="1372.0"
                    VPOS="1091.0"
                    WIDTH="1560.0"
                    HEIGHT="194.0">
            <Shape><Polygon POINTS="1372 1193 1485 1172 1528 1129 1560 1156 1899 1140 1936 1102 1985 1134 2130 1113 2200 1129 2275 1091 2329 1118 2840 1097 2894 1145 2932 1145 2900 1220 2781 1193 2690 1226 2609 1210 2582 1231 2308 1220 2179 1242 2141 1215 2066 1247 1910 1231 1888 1258 1759 1247 1511 1285 1458 1280 1377 1204"/></Shape>
	    <String CONTENT="דיסקרין אחד לו ואחד לבן ביתו שלמי"
                    HPOS="1372.0"
                    VPOS="1091.0"
                    WIDTH="1560.0"
                    HEIGHT="194.0"></String>
          </TextLine>

          
          
          <TextLine ID="eSc_line_1322415"
                    
                    BASELINE="1361 1328 2926 1269" 
                    HPOS="1355.0"
                    VPOS="1199.0"
                    WIDTH="1566.0"
                    HEIGHT="204.0">
            <Shape><Polygon POINTS="1355 1323 1382 1253 1463 1285 1624 1258 1867 1263 1915 1231 2152 1247 2351 1220 2690 1226 2803 1199 2921 1263 2851 1328 2620 1349 2571 1317 2523 1344 2103 1366 2049 1333 1996 1376 1953 1349 1845 1349 1748 1382 1700 1349 1662 1382 1614 1366 1565 1398 1506 1382 1436 1403 1366 1371"/></Shape>
	    <String CONTENT="הוא עושה נאה ולא שלו ˙ כד אדם הרא&#39;"
                    HPOS="1355.0"
                    VPOS="1199.0"
                    WIDTH="1566.0"
                    HEIGHT="204.0"></String>
          </TextLine>

          
          
          <TextLine ID="eSc_line_1322417"
                    
                    BASELINE="1388 1457 2910 1392" 
                    HPOS="1382.0"
                    VPOS="1312.0"
                    WIDTH="1523.0"
                    HEIGHT="215.0">
            <Shape><Polygon POINTS="1382 1452 1415 1403 1576 1398 1630 1360 1667 1387 1716 1349 1759 1382 1834 1387 1920 1349 1985 1382 2049 1349 2098 1382 2152 1355 2512 1349 2571 1312 2609 1349 2824 1339 2905 1387 2846 1479 2577 1446 2523 1473 2211 1468 2119 1495 2071 1452 1974 1516 1705 1516 1673 1495 1490 1527 1393 1468"/></Shape>
	    <String CONTENT="נברא לתשמישו של הקב&#39;ה&#39; וגלגל חמה"
                    HPOS="1382.0"
                    VPOS="1312.0"
                    WIDTH="1523.0"
                    HEIGHT="215.0"></String>
          </TextLine>

          
          
          <TextLine ID="eSc_line_1322419"
                    
                    BASELINE="1377 1586 2458 1532 2937 1532" 
                    HPOS="1372.0"
                    VPOS="1446.0"
                    WIDTH="1560.0"
                    HEIGHT="215.0">
            <Shape><Polygon POINTS="1372 1581 1425 1511 1576 1527 1673 1500 1727 1527 1931 1500 1985 1548 2076 1452 2130 1500 2518 1479 2582 1446 2631 1473 2857 1479 2932 1527 2910 1565 2835 1597 2555 1591 2093 1629 2012 1581 1953 1640 1861 1613 1840 1635 1501 1661 1398 1581"/></Shape>
	    <String CONTENT="נברא לתשמישו של כריות לא כל"
                    HPOS="1372.0"
                    VPOS="1446.0"
                    WIDTH="1560.0"
                    HEIGHT="215.0"></String>
          </TextLine>

          
          
          <TextLine ID="eSc_line_1322421"
                    
                    BASELINE="1318 1715 2921 1656" 
                    HPOS="1312.0"
                    VPOS="1575.0"
                    WIDTH="1604.0"
                    HEIGHT="242.0">
            <Shape><Polygon POINTS="1312 1710 1372 1661 1856 1645 1904 1618 1958 1640 2017 1575 2087 1629 2787 1591 2851 1602 2916 1651 2840 1715 2695 1742 2657 1704 2588 1731 2544 1704 2421 1747 2335 1721 2222 1769 2071 1737 2028 1764 1904 1742 1872 1769 1770 1758 1721 1785 1511 1769 1409 1817 1323 1747"/></Shape>
	    <String CONTENT="שכן יהי תפוח עסיבו של ארם הראשין"
                    HPOS="1312.0"
                    VPOS="1575.0"
                    WIDTH="1604.0"
                    HEIGHT="242.0"></String>
          </TextLine>

          
          
          <TextLine ID="eSc_line_1322423"
                    
                    BASELINE="1404 1844 2937 1785" 
                    HPOS="1398.0"
                    VPOS="1704.0"
                    WIDTH="1534.0"
                    HEIGHT="216.0">
            <Shape><Polygon POINTS="1398 1839 1441 1785 2093 1747 2222 1774 2324 1731 2507 1737 2544 1704 2582 1731 2652 1710 2690 1737 2916 1704 2932 1780 2867 1850 2604 1871 2485 1871 2453 1850 2372 1877 2238 1860 1953 1898 1867 1877 1813 1903 1641 1893 1549 1920 1463 1920 1409 1871"/></Shape>
	    <String CONTENT="מכהה גלגל חמה ומה אם תפוח עקיבו"
                    HPOS="1398.0"
                    VPOS="1704.0"
                    WIDTH="1534.0"
                    HEIGHT="216.0"></String>
          </TextLine>

          
          
          <TextLine ID="eSc_line_1322425"
                    
                    BASELINE="1361 1973 2943 1914" 
                    HPOS="1355.0"
                    VPOS="1850.0"
                    WIDTH="1582.0"
                    HEIGHT="188.0">
            <Shape><Polygon POINTS="1355 1968 1415 1893 1474 1925 1888 1882 2173 1887 2232 1860 2292 1882 2340 1860 2614 1871 2840 1850 2900 1909 2937 1909 2830 1979 2701 1968 2647 1989 2302 2006 2254 1984 2162 2011 2087 1984 2060 2016 1678 2038 1576 2038 1554 2016 1452 2038 1377 1968"/></Shape>
	    <String CONTENT="היה מכהה גלגל חמה קלסתר פניו על"
                    HPOS="1355.0"
                    VPOS="1850.0"
                    WIDTH="1582.0"
                    HEIGHT="188.0"></String>
          </TextLine>

          
          
          <TextLine ID="eSc_line_1322427"
                    
                    BASELINE="1377 2097 2900 2049" 
                    HPOS="1372.0"
                    VPOS="1973.0"
                    WIDTH="1522.0"
                    HEIGHT="199.0">
            <Shape><Polygon POINTS="1372 2092 1485 2033 1969 2027 2087 1984 2173 2011 2878 1973 2894 2043 2862 2108 2518 2113 2448 2086 2383 2119 2098 2124 2044 2145 1867 2151 1786 2124 1630 2167 1452 2172 1382 2102"/></Shape>
	    <String CONTENT="אחת במה ובמה ומכלם אשה יראת [יי]"
                    HPOS="1372.0"
                    VPOS="1973.0"
                    WIDTH="1522.0"
                    HEIGHT="199.0"></String>
          </TextLine>

          
          
          <TextLine ID="eSc_line_1322429"
                    
                    BASELINE="1382 2223 2475 2162 2483 2185 2943 2169" 
                    HPOS="1377.0"
                    VPOS="2086.0"
                    WIDTH="1560.0"
                    HEIGHT="205.0">
            <Shape><Polygon POINTS="1377 2221 1415 2172 1495 2162 1754 2162 1823 2129 2055 2151 2093 2129 2415 2119 2475 2086 2523 2119 2867 2102 2937 2167 2840 2232 2528 2232 2485 2199 2431 2199 2405 2232 2066 2232 1947 2269 1883 2242 1635 2291 1576 2264 1533 2280 1501 2253 1441 2264 1393 2221"/></Shape>
	    <String CONTENT="היא תתהקל זה משה ˙ תנו לה מפרי"
                    HPOS="1377.0"
                    VPOS="2086.0"
                    WIDTH="1560.0"
                    HEIGHT="205.0"></String>
          </TextLine>

          
          
          <TextLine ID="eSc_line_1615656"
                    
                    BASELINE="1408 2335 2957 2281" 
                    HPOS="1404.0"
                    VPOS="2199.0"
                    WIDTH="1549.0"
                    HEIGHT="199.0">
            <Shape><Polygon POINTS="1404 2334 1409 2253 1635 2291 1888 2248 1942 2269 2060 2237 2329 2242 2405 2232 2437 2199 2561 2237 2867 2221 2953 2280 2840 2334 2717 2350 2604 2328 2577 2355 2179 2350 2114 2377 2039 2350 1980 2377 1538 2398 1409 2350"/></Shape>
	    <String CONTENT="ידיה ויהללוה בשערים מעשיה ˙ א&#39;ר&#39;"
                    HPOS="1404.0"
                    VPOS="2199.0"
                    WIDTH="1549.0"
                    HEIGHT="199.0"></String>
          </TextLine>

          
          
          <TextLine ID="eSc_line_1322435"
                    
                    BASELINE="1447 2447 2345 2404 2953 2404" 
                    HPOS="1441.0"
                    VPOS="2323.0"
                    WIDTH="1507.0"
                    HEIGHT="188.0">
            <Shape><Polygon POINTS="1441 2441 1447 2366 1538 2398 2254 2350 2577 2355 2614 2323 2679 2350 2873 2339 2948 2398 2846 2457 2733 2441 2690 2468 2593 2441 2561 2463 2222 2484 2119 2468 2039 2495 1947 2457 1904 2500 1603 2511 1447 2474"/></Shape>
	    <String CONTENT="יוסי בר&#39; ירמיה מפני מה הוא מושל"
                    HPOS="1441.0"
                    VPOS="2323.0"
                    WIDTH="1507.0"
                    HEIGHT="188.0"></String>
          </TextLine>

          
          
          <TextLine ID="eSc_line_1322437"
                    
                    BASELINE="1339 2560 2943 2517" 
                    HPOS="1334.0"
                    VPOS="2436.0"
                    WIDTH="1603.0"
                    HEIGHT="199.0">
            <Shape><Polygon POINTS="1334 2554 1447 2484 1479 2517 1823 2506 1904 2500 1947 2457 2076 2500 2119 2474 2485 2474 2588 2447 2695 2468 2733 2441 2787 2463 2921 2436 2937 2511 2840 2592 2157 2592 2114 2613 2076 2581 2044 2613 1872 2630 1743 2613 1425 2635 1339 2565"/></Shape>
	    <String CONTENT="את הנביאים כנשים אלא מה האשה"
                    HPOS="1334.0"
                    VPOS="2436.0"
                    WIDTH="1603.0"
                    HEIGHT="199.0"></String>
          </TextLine>

          
          
          <TextLine ID="eSc_line_1322439"
                    
                    BASELINE="1404 2683 2964 2662" 
                    HPOS="1398.0"
                    VPOS="2581.0"
                    WIDTH="1561.0"
                    HEIGHT="188.0">
            <Shape><Polygon POINTS="1398 2678 1420 2630 2039 2619 2076 2581 2119 2619 2173 2597 2631 2603 2717 2581 2754 2603 2889 2603 2959 2656 2862 2716 2668 2694 2566 2726 2211 2716 2033 2742 1942 2726 1904 2748 1845 2721 1705 2764 1619 2737 1592 2759 1474 2748 1441 2769 1409 2742"/></Shape>
	    <String CONTENT="הזאת אינה כושה לתבוע צורכי ביתה"
                    HPOS="1398.0"
                    VPOS="2581.0"
                    WIDTH="1561.0"
                    HEIGHT="188.0"></String>
          </TextLine>

          
          
          <TextLine ID="eSc_line_1322441"
                    
                    BASELINE="1425 2812 2959 2764" 
                    HPOS="1420.0"
                    VPOS="2699.0"
                    WIDTH="1533.0"
                    HEIGHT="199.0">
            <Shape><Polygon POINTS="1420 2807 1468 2748 1710 2764 1910 2753 1953 2726 2006 2748 2302 2721 2571 2732 2631 2699 2701 2721 2889 2699 2953 2759 2900 2834 2840 2812 2765 2845 2652 2829 2501 2850 2448 2829 2329 2866 2286 2839 2184 2866 2136 2834 2082 2866 1936 2845 1899 2877 1689 2855 1592 2872 1565 2898 1522 2855 1431 2855"/></Shape>
	    <String CONTENT="מבעלה כך אין הנביאים מתביישין [/]"
                    HPOS="1420.0"
                    VPOS="2699.0"
                    WIDTH="1533.0"
                    HEIGHT="199.0"></String>
          </TextLine>

          
          
          <TextLine ID="eSc_line_1322464"
                    
                    BASELINE="1366 2925 2943 2898" 
                    HPOS="1361.0"
                    VPOS="2818.0"
                    WIDTH="1576.0"
                    HEIGHT="193.0">
            <Shape><Polygon POINTS="1361 2920 1495 2855 1565 2898 1770 2855 1899 2888 1936 2850 1974 2872 2114 2839 2157 2866 2324 2866 2426 2839 2781 2845 2840 2818 2937 2893 2889 2952 2808 2968 2711 2947 2652 2963 2625 2936 2501 2968 2442 2941 2340 2990 2286 2958 2238 2984 2157 2984 2114 2958 2055 2984 1926 2974 1883 3001 1441 3011 1372 2941"/></Shape>
	    <String CONTENT="לתבוע צורכיהן של ישר&#39; מלפני הקבה"
                    HPOS="1361.0"
                    VPOS="2818.0"
                    WIDTH="1576.0"
                    HEIGHT="193.0"></String>
          </TextLine>

          
          
          <TextLine ID="eSc_line_1322469"
                    
                    BASELINE="1420 3049 2980 3011" 
                    HPOS="1415.0"
                    VPOS="2936.0"
                    WIDTH="1560.0"
                    HEIGHT="194.0">
            <Shape><Polygon POINTS="1415 3044 1479 2995 2033 2995 2136 2968 2232 2990 2275 2958 2335 2990 2442 2947 2491 2979 2598 2936 2652 2974 2857 2952 2975 3006 2873 3081 2787 3092 2421 3076 2162 3108 2087 3081 2023 3114 1926 3092 1856 3124 1780 3103 1710 3130 1673 3097 1560 3130 1474 3119 1425 3071"/></Shape>
	    <String CONTENT="אין הק&#39;ב&#39;ה לישר&#39; בניי היו קורין את"
                    HPOS="1415.0"
                    VPOS="2936.0"
                    WIDTH="1560.0"
                    HEIGHT="194.0"></String>
          </TextLine>

          
          
          <TextLine ID="eSc_line_1322465"
                    
                    BASELINE="1425 3183 2932 3140" 
                    HPOS="1420.0"
                    VPOS="3081.0"
                    WIDTH="1506.0"
                    HEIGHT="178.0">
            <Shape><Polygon POINTS="1420 3178 1501 3108 1571 3135 1743 3135 1791 3114 2125 3114 2146 3092 2297 3108 2383 3087 2889 3081 2926 3135 2862 3210 2830 3216 2776 3178 2690 3216 2405 3189 2324 3227 1872 3221 1651 3253 1614 3232 1565 3259 1463 3253 1431 3221"/></Shape>
	    <String CONTENT="הפרשה הזאת בכל שנה ואני מעלה"
                    HPOS="1420.0"
                    VPOS="3081.0"
                    WIDTH="1506.0"
                    HEIGHT="178.0"></String>
          </TextLine>

          
          
          <TextLine ID="eSc_line_1322472"
                    
                    BASELINE="1425 3286 2959 3259" 
                    HPOS="1420.0"
                    VPOS="3189.0"
                    WIDTH="1533.0"
                    HEIGHT="177.0">
            <Shape><Polygon POINTS="1420 3280 1501 3243 1619 3243 1646 3270 1721 3237 1867 3227 2329 3227 2410 3189 2593 3216 2776 3189 2803 3216 2900 3216 2953 3253 2889 3329 2846 3339 2787 3313 2582 3334 2340 3307 2292 3345 1888 3356 1807 3334 1780 3356 1614 3366 1522 3361 1441 3280"/></Shape>
	    <String CONTENT="עליכם כאילו שאתם עומדים לפני"
                    HPOS="1420.0"
                    VPOS="3189.0"
                    WIDTH="1533.0"
                    HEIGHT="177.0"></String>
          </TextLine>

          
          
          <TextLine ID="eSc_line_1322468"
                    
                    BASELINE="1452 3388 2943 3382" 
                    HPOS="1447.0"
                    VPOS="3313.0"
                    WIDTH="1490.0"
                    HEIGHT="161.0">
            <Shape><Polygon POINTS="1447 3382 1485 3356 1802 3339 2292 3345 2324 3313 2894 3334 2937 3377 2873 3452 2765 3436 2431 3458 2388 3436 2362 3458 2329 3442 2292 3474 2238 3447 2205 3463 2179 3436 2146 3463 2039 3442 1958 3469 1813 3463 1775 3436 1737 3474 1635 3436 1603 3469 1533 3469 1452 3404"/></Shape>
	    <String CONTENT="הר סיני ומקבלין את התורה אימתיי"
                    HPOS="1447.0"
                    VPOS="3313.0"
                    WIDTH="1490.0"
                    HEIGHT="161.0"></String>
          </TextLine>

          
          
          <TextLine ID="eSc_line_1322473"
                    
                    BASELINE="1377 3522 2986 3495" 
                    HPOS="1372.0"
                    VPOS="3431.0"
                    WIDTH="1608.0"
                    HEIGHT="167.0">
            <Shape><Polygon POINTS="1372 3517 1490 3436 1533 3474 1598 3479 1635 3447 1732 3479 1780 3436 1823 3469 1926 3474 2039 3442 2087 3469 2179 3442 2211 3469 2292 3474 2394 3431 2431 3452 2765 3436 2900 3447 2943 3490 2980 3490 2900 3576 2727 3544 2523 3571 2383 3555 2324 3587 2243 3560 2205 3581 2130 3560 2098 3581 1797 3587 1764 3555 1727 3592 1495 3598 1388 3517"/></Shape>
	    <String CONTENT="בחודש השלישי לצא&#39; בני יש&#39; מא&#39; מצ&#39; ˙"
                    HPOS="1372.0"
                    VPOS="3431.0"
                    WIDTH="1608.0"
                    HEIGHT="167.0"></String>
          </TextLine>

          
          
          <TextLine ID="eSc_line_1322461"
                    
                    BASELINE="1431 3641 2894 3614" 
                    HPOS="1425.0"
                    VPOS="3549.0"
                    WIDTH="1464.0"
                    HEIGHT="172.0">
            <Shape><Polygon POINTS="1425 3635 1447 3571 1485 3598 1721 3592 1759 3555 1791 3587 2119 3565 2184 3587 2754 3549 2824 3608 2889 3608 2873 3657 2824 3689 2733 3668 2582 3694 2286 3673 2227 3705 2146 3662 2103 3705 1780 3689 1485 3721 1431 3673"/></Shape>
	    <String CONTENT="ר&#39; יוחנ&#39; פתח יצילני מאיבי עז משא&#39;"
                    HPOS="1425.0"
                    VPOS="3549.0"
                    WIDTH="1464.0"
                    HEIGHT="172.0"></String>
          </TextLine>

          
          
          <TextLine ID="eSc_line_1322474"
                    
                    BASELINE="1495 3759 2959 3743" 
                    HPOS="1490.0"
                    VPOS="3662.0"
                    WIDTH="1463.0"
                    HEIGHT="172.0">
            <Shape><Polygon POINTS="1490 3754 1511 3705 2103 3705 2146 3662 2211 3705 2647 3678 2883 3689 2953 3737 2916 3813 2593 3791 2394 3818 2356 3786 2329 3807 2302 3791 2270 3823 2066 3802 1877 3829 1780 3802 1732 3834 1495 3813"/></Shape>
	    <String CONTENT="כי אמצו ממני יצילני מאיבי עז זה"
                    HPOS="1490.0"
                    VPOS="3662.0"
                    WIDTH="1463.0"
                    HEIGHT="172.0"></String>
          </TextLine>

          
          
          <TextLine ID="eSc_line_1322466"
                    
                    BASELINE="1441 3883 2986 3861" 
                    HPOS="1436.0"
                    VPOS="3797.0"
                    WIDTH="1544.0"
                    HEIGHT="161.0">
            <Shape><Polygon POINTS="1436 3877 1501 3823 2458 3823 2770 3797 2905 3813 2980 3856 2932 3931 2835 3947 2668 3920 2507 3936 2464 3910 2426 3936 2297 3936 2265 3904 2205 3958 1754 3958 1705 3931 1624 3958 1576 3926 1501 3953 1447 3899"/></Shape>
	    <String CONTENT="פרעה אמר אויב ארדף משנאי כיא"
                    HPOS="1436.0"
                    VPOS="3797.0"
                    WIDTH="1544.0"
                    HEIGHT="161.0"></String>
          </TextLine>

          
          
          <TextLine ID="eSc_line_1322460"
                    
                    BASELINE="1425 4012 2948 3990" 
                    HPOS="1420.0"
                    VPOS="3910.0"
                    WIDTH="1523.0"
                    HEIGHT="177.0">
            <Shape><Polygon POINTS="1420 4006 1479 3953 2216 3953 2259 3910 2297 3942 2926 3942 2943 3985 2889 4060 2711 4076 2684 4049 2464 4071 2431 4039 2383 4071 2351 4049 2152 4076 1872 4071 1813 4033 1748 4087 1608 4082 1576 4049 1495 4087 1425 4017"/></Shape>
	    <String CONTENT="אמצו ממני אילו המצריים ˙ יקדמוני"
                    HPOS="1420.0"
                    VPOS="3910.0"
                    WIDTH="1523.0"
                    HEIGHT="177.0"></String>
          </TextLine>

          
          
          <TextLine ID="eSc_line_1322467"
                    
                    BASELINE="1506 4130 3007 4125" 
                    HPOS="1501.0"
                    VPOS="4033.0"
                    WIDTH="1501.0"
                    HEIGHT="178.0">
            <Shape><Polygon POINTS="1501 4125 1506 4087 1571 4049 1603 4076 1754 4082 1818 4033 1872 4071 2388 4071 2426 4039 2464 4071 2873 4066 2959 4119 3002 4119 2900 4195 2797 4189 2738 4152 2657 4200 2480 4162 2388 4195 2049 4200 2001 4157 1969 4184 1511 4211"/></Shape>
	    <String CONTENT="אידי מן דאמ&#39; פרעה ומן דאמ&#39; עמליק"
                    HPOS="1501.0"
                    VPOS="4033.0"
                    WIDTH="1501.0"
                    HEIGHT="178.0"></String>
          </TextLine>

          
          
          <TextLine ID="eSc_line_1322463"
                    
                    BASELINE="1490 4265 2996 4254" 
                    HPOS="1485.0"
                    VPOS="4152.0"
                    WIDTH="1506.0"
                    HEIGHT="188.0">
            <Shape><Polygon POINTS="1485 4259 1528 4211 1840 4189 1947 4211 2001 4162 2049 4211 2415 4189 2469 4157 2684 4200 2738 4152 2792 4195 2916 4195 2991 4248 2932 4313 2889 4302 2851 4324 2544 4308 2518 4286 2464 4318 2318 4318 2286 4286 2249 4324 2130 4340 1996 4308 1861 4324 1840 4302 1802 4334 1678 4329 1657 4308 1565 4334 1495 4270"/></Shape>
	    <String CONTENT="ומכלם ויהיייי למשען לי ויוציאני"
                    HPOS="1485.0"
                    VPOS="4152.0"
                    WIDTH="1506.0"
                    HEIGHT="188.0"></String>
          </TextLine>

          
          
          <TextLine ID="eSc_line_1322470"
                    
                    BASELINE="1485 4404 2959 4383" 
                    HPOS="1479.0"
                    VPOS="4291.0"
                    WIDTH="1474.0"
                    HEIGHT="173.0">
            <Shape><Polygon POINTS="1479 4399 1485 4351 1608 4340 1641 4308 1678 4340 1958 4318 2125 4340 2232 4329 2275 4291 2324 4324 2620 4302 2835 4334 2883 4302 2937 4308 2953 4377 2916 4447 2851 4453 2614 4426 2534 4453 2458 4420 2410 4453 2227 4420 2200 4447 2098 4458 1899 4431 1834 4458 1511 4464 1485 4437"/></Shape>
	    <String CONTENT="למרחב שנתן לי את התורה יחלצני"
                    HPOS="1479.0"
                    VPOS="4291.0"
                    WIDTH="1474.0"
                    HEIGHT="173.0"></String>
          </TextLine>

          
          
          <TextLine ID="eSc_line_1322471"
                    
                    BASELINE="1490 4512 2980 4496" 
                    HPOS="1485.0"
                    VPOS="4426.0"
                    WIDTH="1490.0"
                    HEIGHT="156.0">
            <Shape><Polygon POINTS="1485 4507 1538 4458 2275 4437 2415 4453 2442 4426 2534 4447 2921 4447 2975 4490 2910 4576 2722 4576 2566 4528 2475 4560 2405 4539 2238 4582 2189 4555 2023 4560 1996 4533 1953 4571 1834 4555 1576 4576 1490 4523"/></Shape>
	    <String CONTENT="כי חפץ בי א&#39;ר&#39; יוחנן פיזמה דידה"
                    HPOS="1485.0"
                    VPOS="4426.0"
                    WIDTH="1490.0"
                    HEIGHT="156.0"></String>
          </TextLine>

          
          
          <TextLine ID="eSc_line_1322475"
                    
                    BASELINE="1463 4630 2964 4619" 
                    HPOS="1458.0"
                    VPOS="4539.0"
                    WIDTH="1501.0"
                    HEIGHT="167.0">
            <Shape><Polygon POINTS="1458 4625 1528 4560 1953 4576 1996 4544 2049 4571 2243 4576 2394 4544 2464 4571 2539 4539 2701 4576 2910 4576 2959 4614 2943 4673 2900 4695 2577 4700 2313 4668 2098 4706 1990 4668 1834 4689 1775 4663 1641 4700 1571 4679 1528 4695 1463 4630"/></Shape>
	    <String CONTENT="היא סליקת בה למיתן לי אורייתא"
                    HPOS="1458.0"
                    VPOS="4539.0"
                    WIDTH="1501.0"
                    HEIGHT="167.0"></String>
          </TextLine>

          
          
          <TextLine ID="eSc_line_1322476"
                    
                    BASELINE="1490 4743 2996 4743" 
                    HPOS="1485.0"
                    VPOS="4673.0"
                    WIDTH="1506.0"
                    HEIGHT="156.0">
            <Shape><Polygon POINTS="1485 4738 1560 4689 1673 4706 1727 4673 1807 4732 1840 4706 1893 4732 1936 4700 2103 4711 2125 4689 2921 4689 2991 4738 2926 4813 2813 4818 2690 4818 2657 4792 2614 4818 2469 4797 2281 4824 2098 4797 2001 4824 1877 4749 1791 4818 1544 4829 1495 4797"/></Shape>
	    <String CONTENT="אימתי בחדש השלישי ˙ ר&#39; יצח&#39;"
                    HPOS="1485.0"
                    VPOS="4673.0"
                    WIDTH="1506.0"
                    HEIGHT="156.0"></String>
          </TextLine>

          
          
          <TextLine ID="eSc_line_1322462"
                    
                    BASELINE="1528 4862 2964 4862" 
                    HPOS="1522.0"
                    VPOS="4786.0"
                    WIDTH="1437.0"
                    HEIGHT="162.0">
            <Shape><Polygon POINTS="1522 4856 1571 4824 1662 4813 1867 4824 1904 4786 1996 4824 2103 4802 2275 4824 2426 4824 2475 4802 2926 4813 2959 4856 2948 4937 2905 4948 2749 4926 2216 4942 2189 4915 2136 4942 1694 4942 1598 4937 1533 4872"/></Shape>
	    <String CONTENT="פתח סמכוני באשישות וג&#39; סמכוני"
                    HPOS="1522.0"
                    VPOS="4786.0"
                    WIDTH="1437.0"
                    HEIGHT="162.0"></String>
          </TextLine>

          
          
          <TextLine ID="eSc_line_1322477"
                    
                    BASELINE="1581 4980 2980 4985" 
                    HPOS="1576.0"
                    VPOS="4926.0"
                    WIDTH="1399.0"
                    HEIGHT="145.0">
            <Shape><Polygon POINTS="1576 4974 1581 4931 1619 4926 1678 4948 1791 4948 1813 4926 1872 4948 2679 4926 2701 4948 2959 4931 2975 4980 2959 5039 2916 5071 2787 5071 2727 5034 2534 5034 2507 5061 2415 5050 2372 5071 2265 5071 2189 5034 1840 5071 1791 5034 1705 5034 1581 5066"/></Shape>
	    <String CONTENT="באשישות בשתי אישות באישו"
                    HPOS="1576.0"
                    VPOS="4926.0"
                    WIDTH="1399.0"
                    HEIGHT="145.0"></String>
          </TextLine>

          
        </TextBlock>
        
        <TextBlock HPOS="753.0"
                   VPOS="547.0"
                   WIDTH="603.0"
                   HEIGHT="363.0"
                   ID="eSc_textblock_7165"
                   TAGREFS="BT219">
          <Shape><Polygon POINTS="951 671 753 671 835 910 1356 877 1356 547 927 547"/></Shape>
          
          
          <TextLine ID="eSc_line_1322407"
                    
                    BASELINE="990 613 1242 613" 
                    HPOS="984.0"
                    VPOS="559.0"
                    WIDTH="253.0"
                    HEIGHT="129.0">
            <Shape><Polygon POINTS="984 607 995 580 1102 559 1146 580 1226 559 1237 607 1226 666 1162 688 995 677"/></Shape>
	    <String CONTENT="עסייקן ותא&#39;"
                    HPOS="984.0"
                    VPOS="559.0"
                    WIDTH="253.0"
                    HEIGHT="129.0"></String>
          </TextLine>

          
          
          <TextLine ID="eSc_line_1322408"
                    
                    BASELINE="823 742 1366 715" 
                    HPOS="817.0"
                    VPOS="634.0"
                    WIDTH="544.0"
                    HEIGHT="215.0">
            <Shape><Polygon POINTS="817 736 823 699 882 661 914 683 946 661 984 699 1027 677 1070 704 1318 634 1361 709 1323 779 1038 785 930 801 882 849 833 839"/></Shape>
	    <String CONTENT="ערשת כהרש&#39; השנכר"
                    HPOS="817.0"
                    VPOS="634.0"
                    WIDTH="544.0"
                    HEIGHT="215.0"></String>
          </TextLine>

          
          
          <TextLine ID="eSc_line_1322409"
                    
                    BASELINE="909 833 1237 812" 
                    HPOS="903.0"
                    VPOS="774.0"
                    WIDTH="329.0"
                    HEIGHT="118.0">
            <Shape><Polygon POINTS="903 828 909 795 1113 801 1146 774 1215 774 1232 806 1226 876 1097 860 973 892 914 871"/></Shape>
	    <String CONTENT="ושכועז"
                    HPOS="903.0"
                    VPOS="774.0"
                    WIDTH="329.0"
                    HEIGHT="118.0"></String>
          </TextLine>

          
        </TextBlock>
        
        <TextBlock HPOS="4804.0"
                   VPOS="4895.0"
                   WIDTH="314.0"
                   HEIGHT="247.0"
                   ID="eSc_textblock_7166"
                   TAGREFS="BT218">
          <Shape><Polygon POINTS="4804 4895 4804 5142 5118 5142 5118 4895"/></Shape>
          
          
          <TextLine ID="eSc_line_1322432"
                    
                    BASELINE="4816 4921 5068 4921" 
                    HPOS="4815.0"
                    VPOS="4899.0"
                    WIDTH="248.0"
                    HEIGHT="70.0">
            <Shape><Polygon POINTS="4815 4915 4998 4899 5063 4915 5036 4964 4826 4969"/></Shape>
	    <String CONTENT="תפוח עקי בן"
                    HPOS="4815.0"
                    VPOS="4899.0"
                    WIDTH="248.0"
                    HEIGHT="70.0"></String>
          </TextLine>

          
          
          <TextLine ID="eSc_line_1615657"
                    
                    BASELINE="4834 5021 5101 5013" 
                    HPOS="4831.0"
                    VPOS="4953.0"
                    WIDTH="269.0"
                    HEIGHT="102.0">
            <Shape><Polygon POINTS="4831 5017 4858 4974 4960 4953 5084 4969 5100 5012 5036 5044 4906 5034 4837 5055"/></Shape>
	    <String CONTENT="של אדם"
                    HPOS="4831.0"
                    VPOS="4953.0"
                    WIDTH="269.0"
                    HEIGHT="102.0"></String>
          </TextLine>

          
          
          <TextLine ID="eSc_line_1615658"
                    
                    BASELINE="4849 5082 5101 5082" 
                    HPOS="4847.0"
                    VPOS="5039.0"
                    WIDTH="253.0"
                    HEIGHT="118.0">
            <Shape><Polygon POINTS="4847 5077 4874 5044 4998 5039 5089 5050 5100 5077 5089 5157 5003 5136 4858 5152"/></Shape>
	    <String CONTENT="הריו שון"
                    HPOS="4847.0"
                    VPOS="5039.0"
                    WIDTH="253.0"
                    HEIGHT="118.0"></String>
          </TextLine>

          
        </TextBlock>
        

        
      </PrintSpace>
    </Page>
  </Layout>
</alto>
