<?xml version="1.0" encoding="UTF-8"?>
<alto xmlns:xsi="http://www.w3.org/2001/XMLSchema-instance"
      xmlns="http://www.loc.gov/standards/alto/ns-v4#"
      xsi:schemaLocation="http://www.loc.gov/standards/alto/ns-v4# http://www.loc.gov/standards/alto/v4/alto-4-2.xsd">
  <Description>
    <MeasurementUnit>pixel</MeasurementUnit>
    <sourceImageInformation>
      <fileName>oulis2017-aya-0333-0.jpg</fileName>
      
    </sourceImageInformation>
  </Description>
  
  <Tags>
    <OtherTag ID="BT1164" LABEL="Hole" DESCRIPTION="block type Hole"/><OtherTag ID="BT2" LABEL="Main" DESCRIPTION="block type Main"/><OtherTag ID="BT3" LABEL="Commentary" DESCRIPTION="block type Commentary"/><OtherTag ID="BT4" LABEL="Illustration" DESCRIPTION="block type Illustration"/><OtherTag ID="BT218" LABEL="Margin" DESCRIPTION="block type Margin"/><OtherTag ID="BT219" LABEL="Paratext" DESCRIPTION="block type Paratext"/>
    <OtherTag ID="LT2" LABEL="Numbering" DESCRIPTION="line type Numbering"/><OtherTag ID="LT3" LABEL="Correction" DESCRIPTION="line type Correction"/><OtherTag ID="LT481" LABEL="Gloss" DESCRIPTION="line type Gloss"/>
  </Tags>
  
  <Layout>
    <Page WIDTH="5402"
          HEIGHT="6454"
          PHYSICAL_IMG_NR="320"
          ID="eSc_dummypage_">
      <PrintSpace HPOS="0"
                  VPOS="0"
                  WIDTH="5402"
                  HEIGHT="6454">
        
        <TextBlock HPOS="3200.0"
                   VPOS="1409.0"
                   WIDTH="1600.0"
                   HEIGHT="3817.0"
                   ID="eSc_textblock_12899"
                   TAGREFS="BT2">
          <Shape><Polygon POINTS="3214 1409 3200 5226 4800 5226 4787 1422"/></Shape>
          
          
          <TextLine ID="eSc_line_1339935"
                    
                    BASELINE="3233 1511 4783 1500" 
                    HPOS="3228.0"
                    VPOS="1430.0"
                    WIDTH="1549.0"
                    HEIGHT="145.0">
            <Shape><Polygon POINTS="3228 1505 3233 1430 4691 1436 4761 1441 4777 1495 4761 1570 4691 1548 4600 1570 3976 1554 3938 1575 3766 1554 3744 1575 3696 1554 3604 1575 3233 1554"/></Shape>
	    <String CONTENT="ר&#39; ישמעﭏ אומ&#39; בשלש עשרה מדות"
                    HPOS="3228.0"
                    VPOS="1430.0"
                    WIDTH="1549.0"
                    HEIGHT="145.0"></String>
          </TextLine>

          
          
          <TextLine ID="eSc_line_1339937"
                    
                    BASELINE="3206 1645 4794 1645" 
                    HPOS="3201.0"
                    VPOS="1554.0"
                    WIDTH="1587.0"
                    HEIGHT="172.0">
            <Shape><Polygon POINTS="3201 1640 3212 1602 3244 1591 3760 1586 3825 1565 3895 1586 4433 1586 4648 1554 4777 1570 4788 1640 4777 1683 4734 1710 4342 1699 4078 1726 4040 1704 3647 1726 3604 1694 3578 1715 3282 1726 3212 1656"/></Shape>
	    <String CONTENT="התורה נדרשת בהן מקל וחומר ומגזירה"
                    HPOS="3201.0"
                    VPOS="1554.0"
                    WIDTH="1587.0"
                    HEIGHT="172.0"></String>
          </TextLine>

          
          
          <TextLine ID="eSc_line_1339939"
                    
                    BASELINE="3228 1774 4794 1764" 
                    HPOS="3222.0"
                    VPOS="1699.0"
                    WIDTH="1566.0"
                    HEIGHT="151.0">
            <Shape><Polygon POINTS="3222 1769 3233 1715 4078 1721 4336 1699 4756 1704 4788 1758 4745 1817 4691 1839 4368 1823 4288 1844 4255 1812 3997 1839 3933 1817 3895 1839 3873 1817 3750 1844 3346 1828 3325 1850 3228 1780"/></Shape>
	    <String CONTENT="שוה ומיבינין אב ומכתוב אחד ומבניין"
                    HPOS="3222.0"
                    VPOS="1699.0"
                    WIDTH="1566.0"
                    HEIGHT="151.0"></String>
          </TextLine>

          
          
          <TextLine ID="eSc_line_1339985"
                    
                    BASELINE="3196 1893 4810 1882" 
                    HPOS="3190.0"
                    VPOS="1790.0"
                    WIDTH="1614.0"
                    HEIGHT="183.0">
            <Shape><Polygon POINTS="3190 1887 3196 1790 3265 1796 3319 1850 3346 1828 3755 1844 3873 1817 3895 1839 3927 1817 3954 1839 4255 1817 4299 1844 4702 1839 4788 1817 4804 1877 4729 1957 4449 1963 4352 1941 4137 1973 3771 1973 3739 1941 3707 1968 3271 1963 3201 1893"/></Shape>
	    <String CONTENT="אב ומשני כתובין מכלל ופרט מפרט וכלל"
                    HPOS="3190.0"
                    VPOS="1790.0"
                    WIDTH="1614.0"
                    HEIGHT="183.0"></String>
          </TextLine>

          
          
          <TextLine ID="eSc_line_1339942"
                    
                    BASELINE="3212 2038 4788 2033" 
                    HPOS="3206.0"
                    VPOS="1936.0"
                    WIDTH="1577.0"
                    HEIGHT="166.0">
            <Shape><Polygon POINTS="3206 2033 3212 1968 3239 1957 3696 1968 3728 1936 3766 1968 3938 1957 4116 1984 4347 1946 4428 1946 4449 1968 4767 1957 4783 2027 4740 2092 4691 2097 4546 2065 4438 2097 4229 2076 4196 2102 4159 2081 4024 2102 3960 2065 3906 2097 3847 2070 3319 2102 3217 2070"/></Shape>
	    <String CONTENT="ופרט וכלל ואין אתה דן אלא כעין הפרט"
                    HPOS="3206.0"
                    VPOS="1936.0"
                    WIDTH="1577.0"
                    HEIGHT="166.0"></String>
          </TextLine>

          
          
          <TextLine ID="eSc_line_1339965"
                    
                    BASELINE="3260 2151 4772 2145" 
                    HPOS="3255.0"
                    VPOS="2065.0"
                    WIDTH="1512.0"
                    HEIGHT="183.0">
            <Shape><Polygon POINTS="3255 2145 3260 2086 3534 2102 3847 2076 3900 2097 3954 2065 4024 2108 4148 2081 4196 2102 4229 2076 4433 2097 4546 2065 4643 2102 4713 2092 4767 2140 4734 2215 4336 2183 4282 2210 4132 2199 4094 2232 4046 2183 3911 2248 3868 2205 3712 2194 3674 2215 3534 2194 3481 2215 3260 2210"/></Shape>
	    <String CONTENT="מכלל שהוא צריך לפרט מפרט שהוא"
                    HPOS="3255.0"
                    VPOS="2065.0"
                    WIDTH="1512.0"
                    HEIGHT="183.0"></String>
          </TextLine>

          
          
          <TextLine ID="eSc_line_1339982"
                    
                    BASELINE="3249 2275 4804 2269" 
                    HPOS="3244.0"
                    VPOS="2183.0"
                    WIDTH="1555.0"
                    HEIGHT="156.0">
            <Shape><Polygon POINTS="3244 2269 3319 2210 3664 2221 3701 2194 3771 2210 3820 2258 3970 2258 4040 2188 4116 2258 4255 2264 4336 2183 4444 2210 4681 2210 4799 2264 4707 2334 4632 2307 4589 2334 4535 2307 4492 2339 4304 2318 4245 2269 4196 2269 4142 2312 4089 2269 3847 2269 3777 2334 3712 2296 3680 2328 3610 2334 3518 2301 3470 2339 3303 2334 3249 2280"/></Shape>
	    <String CONTENT="צריך לכלל ˙ ב&#39; כל דבר שהיה"
                    HPOS="3244.0"
                    VPOS="2183.0"
                    WIDTH="1555.0"
                    HEIGHT="156.0"></String>
          </TextLine>

          
          
          <TextLine ID="eSc_line_1339977"
                    
                    BASELINE="3249 2382 4745 2382" 
                    HPOS="3244.0"
                    VPOS="2280.0"
                    WIDTH="1496.0"
                    HEIGHT="183.0">
            <Shape><Polygon POINTS="3244 2377 3255 2296 3303 2339 3481 2344 3524 2312 3626 2339 3691 2334 3717 2307 3787 2339 3954 2280 3997 2301 4019 2285 4062 2328 4175 2301 4503 2339 4535 2312 4600 2334 4632 2307 4675 2339 4729 2323 4740 2377 4729 2457 4514 2431 4471 2457 4245 2463 4223 2441 4099 2452 3965 2414 3863 2457 3803 2436 3674 2457 3642 2425 3540 2457 3470 2425 3319 2463 3255 2414"/></Shape>
	    <String CONTENT="בכלל יצא מן הכלל ללמד לא ללמד על"
                    HPOS="3244.0"
                    VPOS="2280.0"
                    WIDTH="1496.0"
                    HEIGHT="183.0"></String>
          </TextLine>

          
          
          <TextLine ID="eSc_line_1339962"
                    
                    BASELINE="3260 2511 4815 2511" 
                    HPOS="3255.0"
                    VPOS="2414.0"
                    WIDTH="1555.0"
                    HEIGHT="172.0">
            <Shape><Polygon POINTS="3255 2506 3276 2420 3330 2468 3470 2425 3502 2457 3615 2452 3637 2431 3669 2463 3787 2441 3873 2457 3970 2414 4003 2441 4223 2441 4245 2463 4476 2457 4514 2436 4740 2457 4799 2431 4810 2506 4697 2581 4541 2576 4471 2549 4320 2581 3911 2581 3820 2554 3701 2586 3265 2570"/></Shape>
	    <String CONTENT="עצמו יצא אלא ללמד על הכלל כולו"
                    HPOS="3255.0"
                    VPOS="2414.0"
                    WIDTH="1555.0"
                    HEIGHT="172.0"></String>
          </TextLine>

          
          
          <TextLine ID="eSc_line_1339971"
                    
                    BASELINE="3276 2646 4772 2635" 
                    HPOS="3271.0"
                    VPOS="2549.0"
                    WIDTH="1496.0"
                    HEIGHT="177.0">
            <Shape><Polygon POINTS="3271 2640 3276 2576 3319 2570 3701 2586 3809 2554 3938 2586 4406 2576 4444 2549 4551 2581 4750 2570 4767 2630 4750 2716 4325 2716 4261 2689 4218 2716 3863 2721 3782 2694 3717 2726 3276 2726"/></Shape>
	    <String CONTENT="יצא כל דבר שהיה בכלל יצא לטעון"
                    HPOS="3271.0"
                    VPOS="2549.0"
                    WIDTH="1496.0"
                    HEIGHT="177.0"></String>
          </TextLine>

          
          
          <TextLine ID="eSc_line_1339956"
                    
                    BASELINE="3298 2791 4815 2785" 
                    HPOS="3292.0"
                    VPOS="2705.0"
                    WIDTH="1518.0"
                    HEIGHT="172.0">
            <Shape><Polygon POINTS="3292 2785 3298 2721 4202 2726 4255 2705 4718 2716 4810 2780 4729 2850 4697 2829 4573 2861 4519 2823 4406 2877 4358 2839 4261 2855 4234 2829 4202 2850 3857 2834 3685 2861 3448 2829 3330 2850 3298 2818"/></Shape>
	    <String CONTENT="טעם [אם] אחר שהוא כעיניינו יצא"
                    HPOS="3292.0"
                    VPOS="2705.0"
                    WIDTH="1518.0"
                    HEIGHT="172.0"></String>
          </TextLine>

          
          
          <TextLine ID="eSc_line_1339950"
                    
                    BASELINE="3233 2893 4794 2898" 
                    HPOS="3228.0"
                    VPOS="2802.0"
                    WIDTH="1560.0"
                    HEIGHT="172.0">
            <Shape><Polygon POINTS="3228 2888 3239 2802 3373 2861 3448 2839 3685 2866 3868 2839 4196 2850 4234 2823 4277 2855 4358 2834 4411 2882 4524 2818 4600 2861 4702 2829 4788 2893 4713 2958 4605 2974 4541 2963 4508 2931 4374 2963 3766 2968 3701 2941 3637 2974 3373 2974 3271 2963 3233 2925"/></Shape>
	    <String CONTENT="להקל ולא להחמיר כל דבר שהיה בכלל"
                    HPOS="3228.0"
                    VPOS="2802.0"
                    WIDTH="1560.0"
                    HEIGHT="172.0"></String>
          </TextLine>

          
          
          <TextLine ID="eSc_line_1339972"
                    
                    BASELINE="3228 3022 4810 3022" 
                    HPOS="3222.0"
                    VPOS="2936.0"
                    WIDTH="1582.0"
                    HEIGHT="161.0">
            <Shape><Polygon POINTS="3222 3017 3265 3011 3319 2958 3647 2974 3744 2947 3766 2968 4325 2974 4492 2958 4514 2936 4594 2979 4794 2941 4804 3017 4750 3065 4675 3087 4568 3081 4519 3054 4481 3081 4363 3092 4299 3060 4250 3081 4083 3071 4003 3092 3895 3054 3836 3092 3540 3097 3427 3076 3352 3092 3233 3017"/></Shape>
	    <String CONTENT="יצא לטעון טעם אחר שלא כעיניינו"
                    HPOS="3222.0"
                    VPOS="2936.0"
                    WIDTH="1582.0"
                    HEIGHT="161.0"></String>
          </TextLine>

          
          
          <TextLine ID="eSc_line_1339966"
                    
                    BASELINE="3260 3135 4772 3135" 
                    HPOS="3255.0"
                    VPOS="3049.0"
                    WIDTH="1512.0"
                    HEIGHT="167.0">
            <Shape><Polygon POINTS="3255 3130 3265 3049 3352 3092 3524 3097 3847 3092 3900 3054 3997 3092 4304 3065 4363 3114 4428 3071 4487 3081 4530 3054 4632 3087 4756 3071 4767 3130 4756 3183 4670 3205 4519 3178 4444 3205 4013 3189 3793 3216 3728 3189 3674 3216 3556 3194 3368 3210 3314 3205 3265 3157"/></Shape>
	    <String CONTENT="יצא להקל ולהחמיר כל דבר שהיה בכלל"
                    HPOS="3255.0"
                    VPOS="3049.0"
                    WIDTH="1512.0"
                    HEIGHT="167.0"></String>
          </TextLine>

          
          
          <TextLine ID="eSc_line_1339967"
                    
                    BASELINE="3276 3264 4810 3264" 
                    HPOS="3271.0"
                    VPOS="3173.0"
                    WIDTH="1533.0"
                    HEIGHT="166.0">
            <Shape><Polygon POINTS="3271 3259 3282 3173 3314 3205 3384 3216 4734 3189 4804 3259 4750 3302 4718 3286 4675 3329 4498 3302 4438 3307 4401 3339 4363 3313 4191 3323 4159 3302 3857 3329 3750 3323 3717 3296 3674 3339 3626 3296 3594 3323 3513 3307 3481 3334 3282 3318"/></Shape>
	    <String CONTENT="יצא לידון בדבר החדש ואין אתה יכול"
                    HPOS="3271.0"
                    VPOS="3173.0"
                    WIDTH="1533.0"
                    HEIGHT="166.0"></String>
          </TextLine>

          
          
          <TextLine ID="eSc_line_1339973"
                    
                    BASELINE="3185 3377 4794 3366" 
                    HPOS="3179.0"
                    VPOS="3291.0"
                    WIDTH="1609.0"
                    HEIGHT="167.0">
            <Shape><Polygon POINTS="3179 3372 3217 3307 3481 3329 3508 3302 3588 3323 3615 3296 3664 3339 3707 3302 3852 3329 4352 3307 4401 3339 4438 3307 4584 3334 4772 3291 4788 3361 4724 3442 4541 3420 4514 3436 4481 3404 4336 3458 4282 3415 4196 3442 4024 3425 3707 3452 3674 3420 3615 3447 3475 3425 3352 3447 3239 3436 3190 3404"/></Shape>
	    <String CONTENT="להחזירו עד שיחזירנו הכת&#39; לכללו בפירוש"
                    HPOS="3179.0"
                    VPOS="3291.0"
                    WIDTH="1609.0"
                    HEIGHT="167.0"></String>
          </TextLine>

          
          
          <TextLine ID="eSc_line_1339957"
                    
                    BASELINE="3233 3495 4815 3501" 
                    HPOS="3228.0"
                    VPOS="3399.0"
                    WIDTH="1582.0"
                    HEIGHT="182.0">
            <Shape><Polygon POINTS="3228 3490 3298 3442 3615 3447 3664 3420 3701 3452 4094 3425 4196 3442 4277 3420 4325 3463 4476 3399 4508 3431 4734 3431 4810 3495 4740 3555 4686 3560 4325 3544 4196 3565 3803 3555 3599 3581 3556 3560 3287 3576 3233 3522"/></Shape>
	    <String CONTENT="דבר הלמד מעינינו ודבר הלמד מסופו"
                    HPOS="3228.0"
                    VPOS="3399.0"
                    WIDTH="1582.0"
                    HEIGHT="182.0"></String>
          </TextLine>

          
          
          <TextLine ID="eSc_line_1339951"
                    
                    BASELINE="3292 3624 4810 3630" 
                    HPOS="3287.0"
                    VPOS="3549.0"
                    WIDTH="1517.0"
                    HEIGHT="178.0">
            <Shape><Polygon POINTS="3287 3619 3292 3576 3346 3571 4713 3549 4804 3624 4745 3689 4670 3700 4627 3678 4573 3700 4266 3689 4223 3716 4191 3684 4046 3678 3890 3700 3852 3727 3820 3694 3691 3684 3465 3705 3292 3689"/></Shape>
	    <String CONTENT="וכן שני כתובין מכחישין זה את זה עד"
                    HPOS="3287.0"
                    VPOS="3549.0"
                    WIDTH="1517.0"
                    HEIGHT="178.0"></String>
          </TextLine>

          
          
          <TextLine ID="eSc_line_1339952"
                    
                    BASELINE="3265 3754 4837 3754" 
                    HPOS="3260.0"
                    VPOS="3684.0"
                    WIDTH="1571.0"
                    HEIGHT="183.0">
            <Shape><Polygon POINTS="3260 3748 3271 3694 3362 3711 3701 3689 3830 3700 3868 3727 3900 3700 4040 3684 4202 3694 4234 3727 4266 3700 4734 3694 4783 3743 4831 3748 4681 3845 4519 3845 4471 3867 4207 3802 4137 3834 4040 3802 3954 3829 3884 3802 3771 3829 3658 3807 3599 3840 3352 3829 3271 3775"/></Shape>
	    <String CONTENT="שיבוא הכתוב השלישי ויכריע ביניהם ˙"
                    HPOS="3260.0"
                    VPOS="3684.0"
                    WIDTH="1571.0"
                    HEIGHT="183.0"></String>
          </TextLine>

          
          
          <TextLine ID="eSc_line_1339978"
                    
                    BASELINE="3303 3861 4787 3885" 
                    HPOS="3298.0"
                    VPOS="3791.0"
                    WIDTH="1485.0"
                    HEIGHT="162.0">
            <Shape><Polygon POINTS="3298 3856 3303 3797 3346 3829 3513 3818 3599 3840 3647 3813 3734 3829 3884 3802 3922 3829 3997 3807 4137 3829 4196 3802 4229 3823 4342 3818 4390 3867 4492 3872 4524 3850 4551 3877 4616 3877 4767 3791 4783 3883 4734 3953 4675 3947 4637 3915 4524 3942 4465 3877 4428 3877 4358 3942 4261 3953 3454 3942 3405 3915 3303 3936"/></Shape>
	    <String CONTENT="ג&#39; ˙ מקל וחומר כיצד ויאמר ייי"
                    HPOS="3298.0"
                    VPOS="3791.0"
                    WIDTH="1485.0"
                    HEIGHT="162.0"></String>
          </TextLine>

          
          
          <TextLine ID="eSc_line_1339974"
                    
                    BASELINE="3255 4006 4794 4017" 
                    HPOS="3249.0"
                    VPOS="3915.0"
                    WIDTH="1539.0"
                    HEIGHT="177.0">
            <Shape><Polygon POINTS="3249 4001 3260 3931 3341 3947 3400 3915 3454 3947 3691 3931 4239 3953 4368 3947 4428 3915 4465 3942 4654 3920 4691 3953 4777 3926 4788 4012 4772 4055 4697 4092 4573 4060 4487 4082 4180 4060 4132 4082 4024 4071 3986 4044 3943 4082 3900 4060 3653 4092 3508 4060 3319 4082 3255 4049"/></Shape>
	    <String CONTENT="אל משה ואביה ירוק ירק בפניה הל&#39; תכ&#39;"
                    HPOS="3249.0"
                    VPOS="3915.0"
                    WIDTH="1539.0"
                    HEIGHT="177.0"></String>
          </TextLine>

          
          
          <TextLine ID="eSc_line_1339979"
                    
                    BASELINE="3249 4130 4788 4146" 
                    HPOS="3244.0"
                    VPOS="4049.0"
                    WIDTH="1539.0"
                    HEIGHT="167.0">
            <Shape><Polygon POINTS="3244 4125 3303 4082 3465 4082 3502 4060 3647 4092 3809 4092 3830 4071 3949 4087 3986 4049 4008 4071 4148 4076 4196 4055 4471 4087 4568 4060 4648 4092 4767 4066 4783 4141 4713 4211 4401 4189 4245 4205 4159 4173 3798 4211 3707 4178 3556 4184 3427 4216 3389 4178 3325 4205 3249 4130"/></Shape>
	    <String CONTENT="שבע&#39; ימים קל וחו&#39; לשכינה ארבעה"
                    HPOS="3244.0"
                    VPOS="4049.0"
                    WIDTH="1539.0"
                    HEIGHT="167.0"></String>
          </TextLine>

          
          
          <TextLine ID="eSc_line_1339968"
                    
                    BASELINE="3265 4265 4815 4259" 
                    HPOS="3260.0"
                    VPOS="4178.0"
                    WIDTH="1550.0"
                    HEIGHT="162.0">
            <Shape><Polygon POINTS="3260 4259 3314 4200 3368 4195 4116 4200 4164 4178 4250 4216 4288 4195 4519 4216 4740 4200 4810 4254 4691 4334 4503 4308 4315 4318 4288 4340 4229 4318 4024 4318 3997 4340 3970 4313 3647 4324 3626 4302 3298 4329 3265 4297"/></Shape>
	    <String CONTENT="עשר יום דין לבוא מן הדין להיות"
                    HPOS="3260.0"
                    VPOS="4178.0"
                    WIDTH="1550.0"
                    HEIGHT="162.0"></String>
          </TextLine>

          
          
          <TextLine ID="eSc_line_1339946"
                    
                    BASELINE="3260 4383 4777 4383" 
                    HPOS="3255.0"
                    VPOS="4313.0"
                    WIDTH="1517.0"
                    HEIGHT="172.0">
            <Shape><Polygon POINTS="3255 4377 3368 4318 3626 4313 3976 4324 4003 4351 4029 4324 4229 4318 4293 4340 4541 4313 4686 4340 4761 4313 4772 4377 4761 4469 4320 4464 4293 4485 4191 4447 4040 4480 3707 4464 3637 4426 3567 4458 3416 4453 3389 4426 3308 4437 3265 4394"/></Shape>
	    <String CONTENT="כנדון תס&#39; שבע&#39; ימי&#39; מח&#39; למח&#39; ואחר"
                    HPOS="3255.0"
                    VPOS="4313.0"
                    WIDTH="1517.0"
                    HEIGHT="172.0"></String>
          </TextLine>

          
          
          <TextLine ID="eSc_line_1339958"
                    
                    BASELINE="3271 4501 4826 4507" 
                    HPOS="3265.0"
                    VPOS="4431.0"
                    WIDTH="1555.0"
                    HEIGHT="151.0">
            <Shape><Polygon POINTS="3265 4496 3330 4431 3551 4458 3631 4431 3680 4464 3863 4464 3938 4496 4024 4496 4051 4469 4132 4469 4180 4442 4250 4490 4315 4464 4417 4490 4455 4464 4621 4453 4750 4464 4820 4501 4734 4582 4481 4566 4411 4512 4379 4544 4255 4528 4196 4566 4067 4544 4024 4501 3960 4555 3857 4576 3734 4582 3647 4544 3604 4576 3470 4576 3395 4533 3346 4571 3271 4512"/></Shape>
	    <String CONTENT="תאסף ˙ ד&#39; מגזירה שוה"
                    HPOS="3265.0"
                    VPOS="4431.0"
                    WIDTH="1555.0"
                    HEIGHT="151.0"></String>
          </TextLine>

          
          
          <TextLine ID="eSc_line_1339959"
                    
                    BASELINE="3271 4625 4794 4625" 
                    HPOS="3265.0"
                    VPOS="4533.0"
                    WIDTH="1523.0"
                    HEIGHT="178.0">
            <Shape><Polygon POINTS="3265 4619 3287 4533 3346 4571 3400 4533 3475 4576 3594 4582 3653 4544 3734 4582 3857 4582 3890 4560 4218 4571 4250 4550 4433 4539 4498 4576 4745 4587 4788 4619 4745 4700 4681 4684 4616 4711 4573 4679 4535 4700 4455 4679 4417 4711 4395 4689 4159 4700 4110 4668 4035 4700 3857 4673 3750 4706 3701 4663 3669 4695 3599 4706 3540 4684 3475 4695 3443 4663 3411 4689 3368 4673 3325 4695 3276 4652"/></Shape>
	    <String CONTENT="כיצד נא&#39; בשומר שכר אם לא שלח"
                    HPOS="3265.0"
                    VPOS="4533.0"
                    WIDTH="1523.0"
                    HEIGHT="178.0"></String>
          </TextLine>

          
          
          <TextLine ID="eSc_line_1339953"
                    
                    BASELINE="3244 4743 4815 4743" 
                    HPOS="3239.0"
                    VPOS="4663.0"
                    WIDTH="1571.0"
                    HEIGHT="199.0">
            <Shape><Polygon POINTS="3239 4738 3249 4663 3319 4695 3405 4695 3443 4663 3481 4700 3572 4706 3658 4706 3701 4668 3739 4706 3852 4679 4067 4700 4110 4673 4153 4700 4261 4684 4422 4716 4476 4679 4498 4700 4573 4684 4605 4711 4756 4700 4810 4738 4750 4797 4611 4802 4546 4845 4433 4840 4379 4802 3782 4824 3384 4797 3303 4808 3249 4862"/></Shape>
	    <String CONTENT="ידו ונא&#39; ושומר חנם אם לא שלח ידו"
                    HPOS="3239.0"
                    VPOS="4663.0"
                    WIDTH="1571.0"
                    HEIGHT="199.0"></String>
          </TextLine>

          
          
          <TextLine ID="eSc_line_1339943"
                    
                    BASELINE="3298 4883 4810 4888" 
                    HPOS="3292.0"
                    VPOS="4797.0"
                    WIDTH="1512.0"
                    HEIGHT="172.0">
            <Shape><Polygon POINTS="3292 4878 3298 4808 3378 4797 3481 4808 3529 4840 3578 4802 3793 4829 3895 4808 3938 4851 3976 4813 4024 4840 4067 4802 4142 4797 4186 4835 4756 4824 4804 4883 4756 4958 4148 4931 4040 4969 3298 4948"/></Shape>
	    <String CONTENT="מה שומר שכר שנ&#39; בו אם לא שלח"
                    HPOS="3292.0"
                    VPOS="4797.0"
                    WIDTH="1512.0"
                    HEIGHT="172.0"></String>
          </TextLine>

          
          
          <TextLine ID="eSc_line_1339945"
                    
                    BASELINE="3341 5023 4804 5023" 
                    HPOS="3335.0"
                    VPOS="4937.0"
                    WIDTH="1464.0"
                    HEIGHT="177.0">
            <Shape><Polygon POINTS="3335 5017 3432 4937 3551 5012 3637 4958 4056 4969 4358 4948 4422 4969 4745 4964 4799 5017 4713 5093 4621 5071 4594 5098 4487 5114 4196 5109 4159 5071 4024 5104 3981 5077 3847 5098 3803 5071 3750 5114 3712 5082 3653 5109 3551 5023 3411 5109 3346 5066"/></Shape>
	    <String CONTENT="ידו פטר בו [מן] את היורשים ˙ ה&#39;"
                    HPOS="3335.0"
                    VPOS="4937.0"
                    WIDTH="1464.0"
                    HEIGHT="177.0"></String>
          </TextLine>

          
          
          <TextLine ID="eSc_line_1339944"
                    
                    BASELINE="3271 5157 4810 5147" 
                    HPOS="3265.0"
                    VPOS="5098.0"
                    WIDTH="1539.0"
                    HEIGHT="145.0">
            <Shape><Polygon POINTS="3265 5152 3271 5120 3400 5120 3421 5098 3642 5120 4756 5104 4804 5141 4788 5238 4465 5238 4417 5200 4035 5195 3701 5216 3664 5200 3610 5243 3368 5243 3271 5200"/></Shape>
	    <String CONTENT="מבינין אב ומכתוב אחד כיצד לא"
                    HPOS="3265.0"
                    VPOS="5098.0"
                    WIDTH="1539.0"
                    HEIGHT="145.0"></String>
          </TextLine>

          
        </TextBlock>
        
        <TextBlock HPOS="1414.0"
                   VPOS="1076.0"
                   WIDTH="1594.0"
                   HEIGHT="4157.0"
                   ID="eSc_textblock_12898"
                   TAGREFS="BT2">
          <Shape><Polygon POINTS="1414 1076 1434 5233 3008 5233 3008 1103"/></Shape>
          
          
          <TextLine ID="eSc_line_1339931"
                    
                    BASELINE="1415 1129 3002 1156" 
                    HPOS="1409.0"
                    VPOS="1081.0"
                    WIDTH="1587.0"
                    HEIGHT="134.0">
            <Shape><Polygon POINTS="1409 1124 1415 1086 1474 1081 2641 1097 2953 1102 2996 1150 2980 1193 2867 1215 2631 1215 2582 1193 2448 1215 2351 1188 2329 1210 2227 1188 1888 1204 1861 1177 1823 1204 1635 1183 1490 1199 1463 1172 1415 1172"/></Shape>
	    <String CONTENT="המשכב בהרי המושב בהרי המשכב"
                    HPOS="1409.0"
                    VPOS="1081.0"
                    WIDTH="1587.0"
                    HEIGHT="134.0"></String>
          </TextLine>

          
          
          <TextLine ID="eSc_line_1339932"
                    
                    BASELINE="1427 1278 2959 1274" 
                    HPOS="1425.0"
                    VPOS="1183.0"
                    WIDTH="1528.0"
                    HEIGHT="166.0">
            <Shape><Polygon POINTS="1425 1274 1436 1193 1549 1210 1630 1183 1732 1210 2937 1204 2953 1269 2916 1333 2824 1349 2749 1323 2270 1328 2216 1349 2173 1312 2109 1339 2001 1339 1969 1312 1877 1339 1780 1317 1581 1333 1458 1323 1431 1296"/></Shape>
	    <String CONTENT="הצד השוה שבהן שהן עשוין לנוחת"
                    HPOS="1425.0"
                    VPOS="1183.0"
                    WIDTH="1528.0"
                    HEIGHT="166.0"></String>
          </TextLine>

          
          
          <TextLine ID="eSc_line_1339933"
                    
                    BASELINE="1408 1389 2959 1392" 
                    HPOS="1404.0"
                    VPOS="1317.0"
                    WIDTH="1549.0"
                    HEIGHT="151.0">
            <Shape><Polygon POINTS="1404 1387 1458 1382 1511 1328 1737 1344 1770 1323 1893 1344 1969 1317 2001 1344 2184 1323 2216 1349 2754 1323 2808 1355 2943 1323 2953 1387 2943 1441 2857 1468 2744 1468 2701 1441 2647 1462 2518 1441 2335 1462 1700 1452 1603 1430 1533 1446 1463 1387 1415 1392"/></Shape>
	    <String CONTENT="אדם לבדו יהיה והזב מטמא אותו"
                    HPOS="1404.0"
                    VPOS="1317.0"
                    WIDTH="1549.0"
                    HEIGHT="151.0"></String>
          </TextLine>

          
          
          <TextLine ID="eSc_line_1339936"
                    
                    BASELINE="1434 1503 1770 1500 1834 1495 2991 1522" 
                    HPOS="1431.0"
                    VPOS="1425.0"
                    WIDTH="1555.0"
                    HEIGHT="172.0">
            <Shape><Polygon POINTS="1431 1500 1474 1430 1587 1425 1641 1452 1872 1441 2012 1468 2060 1441 2275 1462 2383 1441 2641 1457 2695 1436 2727 1468 2840 1473 2970 1436 2986 1516 2921 1586 2781 1597 2663 1575 2501 1591 2437 1565 2259 1591 1845 1570 1727 1591 1614 1570 1436 1586"/></Shape>
	    <String CONTENT="ברובו לטמא אדם במגע ובמשא ולטמ&#39;"
                    HPOS="1431.0"
                    VPOS="1425.0"
                    WIDTH="1555.0"
                    HEIGHT="172.0"></String>
          </TextLine>

          
          
          <TextLine ID="eSc_line_1339938"
                    
                    BASELINE="1459 1666 2959 1656" 
                    HPOS="1458.0"
                    VPOS="1565.0"
                    WIDTH="1495.0"
                    HEIGHT="172.0">
            <Shape><Polygon POINTS="1458 1661 1463 1591 1485 1586 1840 1575 2082 1602 2394 1586 2426 1565 2501 1591 2937 1591 2953 1651 2926 1726 2840 1737 2469 1726 2421 1699 2367 1726 2200 1731 2125 1710 2071 1731 1662 1715 1641 1694 1614 1715 1468 1710"/></Shape>
	    <String CONTENT="בגדים אף כל שהוא עשוי לנוחת אדם"
                    HPOS="1458.0"
                    VPOS="1565.0"
                    WIDTH="1495.0"
                    HEIGHT="172.0"></String>
          </TextLine>

          
          
          <TextLine ID="eSc_line_1339984"
                    
                    BASELINE="1474 1780 2975 1785" 
                    HPOS="1468.0"
                    VPOS="1704.0"
                    WIDTH="1502.0"
                    HEIGHT="146.0">
            <Shape><Polygon POINTS="1468 1774 1474 1721 1603 1726 1630 1704 1662 1726 1920 1715 2044 1737 2109 1715 2367 1726 2415 1704 2577 1731 2873 1715 2970 1780 2883 1850 2727 1828 2641 1850 2598 1828 2060 1850 2012 1817 1974 1850 1748 1850 1705 1828 1474 1844"/></Shape>
	    <String CONTENT="לבדו יהי הזב מטמא אתו ברובו לטמא"
                    HPOS="1468.0"
                    VPOS="1704.0"
                    WIDTH="1502.0"
                    HEIGHT="146.0"></String>
          </TextLine>

          
          
          <TextLine ID="eSc_line_1339998"
                    
                    BASELINE="1528 1898 1598 1887 1657 1887 1775 1887 1845 1887 2937 1909" 
                    HPOS="1522.0"
                    VPOS="1817.0"
                    WIDTH="1410.0"
                    HEIGHT="172.0">
            <Shape><Polygon POINTS="1522 1893 1528 1839 1549 1834 1963 1850 2012 1817 2109 1855 2604 1834 2647 1855 2792 1839 2824 1871 2916 1834 2932 1903 2894 1984 2792 1963 2770 1984 2448 1989 2109 1979 2044 1957 1867 1979 1780 1941 1694 1973 1630 1952 1528 1963"/></Shape>
	    <String CONTENT="אדם במגע ובמשא ולטמא בגדים"
                    HPOS="1522.0"
                    VPOS="1817.0"
                    WIDTH="1410.0"
                    HEIGHT="172.0"></String>
          </TextLine>

          
          
          <TextLine ID="eSc_line_1339964"
                    
                    BASELINE="1495 2038 2980 2038" 
                    HPOS="1490.0"
                    VPOS="1946.0"
                    WIDTH="1485.0"
                    HEIGHT="183.0">
            <Shape><Polygon POINTS="1490 2033 1501 1973 1533 1963 1705 1979 1786 1946 1850 1979 2448 1989 2797 1973 2910 1989 2948 1957 2975 2033 2921 2086 2749 2124 2701 2097 2523 2092 2114 2113 2082 2086 1958 2113 1856 2070 1818 2108 1619 2102 1581 2129 1544 2092 1501 2102"/></Shape>
	    <String CONTENT="יצא המרכב שהוא עשוי לסבלון [א&#39;]"
                    HPOS="1490.0"
                    VPOS="1946.0"
                    WIDTH="1485.0"
                    HEIGHT="183.0"></String>
          </TextLine>

          
          
          <TextLine ID="eSc_line_1339981"
                    
                    BASELINE="1490 2156 2986 2162" 
                    HPOS="1485.0"
                    VPOS="2065.0"
                    WIDTH="1495.0"
                    HEIGHT="177.0">
            <Shape><Polygon POINTS="1485 2151 1490 2102 1538 2097 1576 2135 1614 2102 1786 2097 1823 2119 1861 2081 1942 2113 2071 2092 2103 2113 2222 2102 2265 2145 2378 2145 2453 2092 2507 2145 2614 2145 2679 2092 2722 2119 2824 2113 2953 2065 2980 2156 2873 2232 2609 2205 2534 2162 2442 2226 2356 2156 2297 2156 2200 2237 2006 2242 1974 2210 1931 2232 1528 2237 1490 2199"/></Shape>
	    <String CONTENT="אחר ˙ ו&#39; מבינין אב ומשני"
                    HPOS="1485.0"
                    VPOS="2065.0"
                    WIDTH="1495.0"
                    HEIGHT="177.0"></String>
          </TextLine>

          
          
          <TextLine ID="eSc_line_1339976"
                    
                    BASELINE="1463 2280 2959 2285" 
                    HPOS="1458.0"
                    VPOS="2167.0"
                    WIDTH="1495.0"
                    HEIGHT="204.0">
            <Shape><Polygon POINTS="1458 2275 1463 2205 1522 2237 1641 2226 1689 2253 1710 2232 1958 2215 2006 2242 2200 2237 2308 2167 2345 2205 2442 2226 2588 2199 2878 2232 2937 2205 2953 2280 2916 2339 2808 2355 2749 2334 2711 2371 2668 2328 2577 2344 2539 2307 2464 2344 2345 2323 2136 2361 2098 2334 1974 2344 1942 2312 1850 2350 1592 2350 1463 2285"/></Shape>
	    <String CONTENT="כתובין כאיצד לא פרשה הנדות כהרי"
                    HPOS="1458.0"
                    VPOS="2167.0"
                    WIDTH="1495.0"
                    HEIGHT="204.0"></String>
          </TextLine>

          
          
          <TextLine ID="eSc_line_1339961"
                    
                    BASELINE="1382 2404 2980 2404" 
                    HPOS="1377.0"
                    VPOS="2312.0"
                    WIDTH="1598.0"
                    HEIGHT="199.0">
            <Shape><Polygon POINTS="1377 2398 1388 2328 1452 2312 1522 2312 1592 2350 1861 2350 1947 2318 1974 2344 2103 2334 2130 2361 2356 2328 2475 2350 2539 2312 2582 2350 2668 2334 2711 2377 2754 2339 2792 2361 2910 2350 2975 2398 2964 2441 2894 2490 2824 2457 2765 2479 2727 2452 2620 2474 2588 2447 2324 2468 1936 2452 1904 2474 1850 2474 1823 2447 1560 2447 1501 2457 1447 2511 1388 2506"/></Shape>
	    <String CONTENT="פרש&#39; שילוח טמאים ואל פרשת שילוח"
                    HPOS="1377.0"
                    VPOS="2312.0"
                    WIDTH="1598.0"
                    HEIGHT="199.0"></String>
          </TextLine>

          
          
          <TextLine ID="eSc_line_1339970"
                    
                    BASELINE="1468 2511 2980 2533" 
                    HPOS="1463.0"
                    VPOS="2447.0"
                    WIDTH="1512.0"
                    HEIGHT="177.0">
            <Shape><Polygon POINTS="1463 2506 1501 2457 1544 2452 1818 2447 1845 2474 1904 2474 1936 2452 2324 2468 2593 2447 2620 2479 2695 2452 2749 2479 2819 2457 2857 2484 2916 2479 2975 2527 2857 2613 2722 2624 2668 2586 2480 2581 2410 2554 2345 2597 2281 2565 2227 2592 2179 2565 2082 2586 1996 2565 1931 2597 1893 2576 1867 2603 1802 2560 1743 2581 1716 2554 1641 2592 1517 2597 1468 2549"/></Shape>
	    <String CONTENT="טמאים בהרי נדות הצד השוה שבהן"
                    HPOS="1463.0"
                    VPOS="2447.0"
                    WIDTH="1512.0"
                    HEIGHT="177.0"></String>
          </TextLine>

          
          
          <TextLine ID="eSc_line_1339949"
                    
                    BASELINE="1485 2635 2975 2656" 
                    HPOS="1479.0"
                    VPOS="2554.0"
                    WIDTH="1491.0"
                    HEIGHT="199.0">
            <Shape><Polygon POINTS="1479 2630 1485 2570 1511 2597 1581 2597 1651 2592 1710 2554 1748 2586 1797 2560 1877 2613 1985 2570 2044 2597 2179 2570 2227 2597 2270 2565 2351 2608 2431 2565 2507 2576 2550 2619 2631 2624 2862 2619 2953 2570 2970 2651 2894 2726 2797 2721 2749 2753 2717 2726 2469 2732 2394 2694 2345 2721 1936 2726 1915 2705 1791 2710 1764 2683 1705 2716 1581 2694 1485 2721"/></Shape>
	    <String CONTENT="שהן בצו מיד ולדורות אף כל שהוא"
                    HPOS="1479.0"
                    VPOS="2554.0"
                    WIDTH="1491.0"
                    HEIGHT="199.0"></String>
          </TextLine>

          
          
          <TextLine ID="eSc_line_1339955"
                    
                    BASELINE="1447 2775 2953 2796" 
                    HPOS="1441.0"
                    VPOS="2689.0"
                    WIDTH="1507.0"
                    HEIGHT="183.0">
            <Shape><Polygon POINTS="1441 2769 1522 2699 1823 2721 1915 2705 2001 2775 2098 2769 2184 2716 2345 2726 2399 2689 2469 2732 2717 2726 2744 2753 2808 2721 2937 2721 2948 2791 2894 2872 2808 2872 2765 2834 2695 2861 2647 2839 2555 2861 2442 2834 2162 2861 2071 2780 1996 2780 1915 2861 1813 2775 1737 2845 1549 2845 1447 2775"/></Shape>
	    <String CONTENT="בצו יהי מיד לדורות ˙ ז&#39; מכלל"
                    HPOS="1441.0"
                    VPOS="2689.0"
                    WIDTH="1507.0"
                    HEIGHT="183.0"></String>
          </TextLine>

          
          
          <TextLine ID="eSc_line_1339989"
                    
                    BASELINE="1447 2893 3002 2920" 
                    HPOS="1441.0"
                    VPOS="2796.0"
                    WIDTH="1555.0"
                    HEIGHT="221.0">
            <Shape><Polygon POINTS="1441 2888 1447 2823 1721 2850 1802 2796 1899 2861 1996 2829 2114 2834 2157 2866 2249 2839 2539 2861 2765 2839 2803 2877 2862 2861 2996 2915 2921 2974 2835 2995 2792 2968 2738 2990 2539 2958 2496 2979 2372 2958 2270 2984 2232 2947 2136 2979 1936 2958 1657 2974 1576 2947 1501 3011 1447 3017"/></Shape>
	    <String CONTENT="ופרט כאיצד מן הבהמה כלל מן הבקר"
                    HPOS="1441.0"
                    VPOS="2796.0"
                    WIDTH="1555.0"
                    HEIGHT="221.0"></String>
          </TextLine>

          
          
          <TextLine ID="eSc_line_1339983"
                    
                    BASELINE="1485 3028 2986 3033" 
                    HPOS="1479.0"
                    VPOS="2952.0"
                    WIDTH="1501.0"
                    HEIGHT="188.0">
            <Shape><Polygon POINTS="1479 3022 1565 2952 1657 2979 1775 2963 2006 2984 2232 2952 2302 2990 2378 2958 2442 2979 2706 2968 2738 2990 2787 2963 2813 2990 2905 2990 2980 3028 2932 3092 2830 3114 2792 3076 2738 3103 2690 3087 2539 3119 2512 3097 2157 3081 2109 3130 1990 3130 1926 3071 1829 3140 1635 3135 1485 3038"/></Shape>
	    <String CONTENT="ומן הצאן פרט כלל ופרט ואין בכלל"
                    HPOS="1479.0"
                    VPOS="2952.0"
                    WIDTH="1501.0"
                    HEIGHT="188.0"></String>
          </TextLine>

          
          
          <TextLine ID="eSc_line_1339993"
                    
                    BASELINE="1823 3146 2980 3157" 
                    HPOS="1818.0"
                    VPOS="3071.0"
                    WIDTH="1157.0"
                    HEIGHT="166.0">
            <Shape><Polygon POINTS="1818 3140 1850 3140 1926 3071 1996 3140 2119 3135 2168 3087 2189 3103 2211 3081 2259 3103 2394 3087 2426 3114 2512 3103 2544 3124 2690 3092 2749 3108 2792 3076 2830 3114 2910 3114 2975 3151 2910 3221 2797 3205 2663 3237 2577 3227 2534 3183 2464 3232 2286 3200 2222 3210 2109 3146 2017 3146 1920 3221 1823 3146"/></Shape>
	    <String CONTENT="אלא מה שבפרט ˙ ח&#39;"
                    HPOS="1818.0"
                    VPOS="3071.0"
                    WIDTH="1157.0"
                    HEIGHT="166.0"></String>
          </TextLine>

          
          
          <TextLine ID="eSc_line_1339963"
                    
                    BASELINE="1468 3248 2953 3264" 
                    HPOS="1463.0"
                    VPOS="3140.0"
                    WIDTH="1485.0"
                    HEIGHT="199.0">
            <Shape><Polygon POINTS="1463 3243 1474 3183 1538 3140 1592 3189 1840 3162 1931 3221 1990 3183 2103 3183 2318 3221 2437 3210 2475 3243 2539 3183 2582 3227 2679 3243 2803 3210 2921 3221 2948 3259 2921 3329 2787 3334 2760 3313 2577 3339 2480 3307 2431 3329 2351 3307 2109 3329 2060 3307 1963 3339 1926 3307 1823 3323 1802 3302 1748 3323 1700 3291 1657 3323 1565 3323 1468 3248"/></Shape>
	    <String CONTENT="מפרט וכלל כאיצד כי יתן איש אל"
                    HPOS="1463.0"
                    VPOS="3140.0"
                    WIDTH="1485.0"
                    HEIGHT="199.0"></String>
          </TextLine>

          
          
          <TextLine ID="eSc_line_1339975"
                    
                    BASELINE="1479 3366 3007 3388" 
                    HPOS="1474.0"
                    VPOS="3286.0"
                    WIDTH="1528.0"
                    HEIGHT="177.0">
            <Shape><Polygon POINTS="1474 3361 1485 3302 1619 3329 1700 3286 1748 3323 1931 3313 1963 3339 2066 3307 2200 3307 2259 3334 2313 3313 2437 3334 2480 3307 2555 3334 2921 3329 3002 3382 2921 3447 2873 3425 2813 3463 2701 3436 2668 3458 2550 3452 2491 3409 2415 3452 2329 3431 2243 3452 2168 3420 2028 3452 1980 3415 1840 3442 1802 3420 1727 3442 1667 3420 1608 3447 1517 3420 1479 3382"/></Shape>
	    <String CONTENT="רעהו חמור או שור או שה או&#39; הרי"
                    HPOS="1474.0"
                    VPOS="3286.0"
                    WIDTH="1528.0"
                    HEIGHT="177.0"></String>
          </TextLine>

          
          
          <TextLine ID="eSc_line_1339954"
                    
                    BASELINE="1485 3495 2975 3512" 
                    HPOS="1479.0"
                    VPOS="3415.0"
                    WIDTH="1491.0"
                    HEIGHT="166.0">
            <Shape><Polygon POINTS="1479 3490 1485 3425 1598 3447 1791 3425 1861 3485 1926 3420 2039 3458 2157 3425 2259 3452 2313 3425 2421 3447 2491 3415 2523 3447 2625 3469 2695 3442 2819 3469 2883 3431 2970 3506 2921 3576 2840 3581 2604 3555 1980 3571 1883 3555 1850 3522 1786 3571 1721 3581 1657 3549 1560 3571 1485 3533"/></Shape>
	    <String CONTENT="זה פרט וכל בהמה הרי כלל עשה"
                    HPOS="1479.0"
                    VPOS="3415.0"
                    WIDTH="1491.0"
                    HEIGHT="166.0"></String>
          </TextLine>

          
          
          <TextLine ID="eSc_line_1339994"
                    
                    BASELINE="1528 3624 2986 3630" 
                    HPOS="1522.0"
                    VPOS="3544.0"
                    WIDTH="1458.0"
                    HEIGHT="167.0">
            <Shape><Polygon POINTS="1522 3619 1533 3544 1560 3571 1651 3549 1737 3587 1850 3565 2152 3555 2243 3576 2598 3549 2738 3581 2813 3565 2980 3624 2964 3684 2851 3711 2614 3694 2539 3662 2496 3694 2324 3705 2254 3684 2200 3711 2136 3689 1915 3694 1883 3662 1850 3694 1759 3711 1608 3700 1528 3662"/></Shape>
	    <String CONTENT="את הכלל מוסף על הפרט ומכלל"
                    HPOS="1522.0"
                    VPOS="3544.0"
                    WIDTH="1458.0"
                    HEIGHT="167.0"></String>
          </TextLine>

          
          
          <TextLine ID="eSc_line_1339986"
                    
                    BASELINE="1517 3759 2975 3764" 
                    HPOS="1511.0"
                    VPOS="3662.0"
                    WIDTH="1459.0"
                    HEIGHT="183.0">
            <Shape><Polygon POINTS="1511 3754 1554 3694 1775 3711 1883 3668 1915 3700 2205 3711 2265 3684 2324 3705 2496 3694 2539 3662 2631 3700 2953 3694 2970 3759 2953 3845 2555 3829 2523 3797 2442 3834 2378 3791 2340 3829 2179 3840 2130 3813 2049 3834 2012 3802 1936 3845 1915 3823 1818 3823 1780 3786 1721 3829 1576 3829 1517 3786"/></Shape>
	    <String CONTENT="ופרט וכלל אי אתה דן אלא כעין"
                    HPOS="1511.0"
                    VPOS="3662.0"
                    WIDTH="1459.0"
                    HEIGHT="183.0"></String>
          </TextLine>

          
          
          <TextLine ID="eSc_line_1339988"
                    
                    BASELINE="1506 3861 3002 3888" 
                    HPOS="1501.0"
                    VPOS="3780.0"
                    WIDTH="1495.0"
                    HEIGHT="189.0">
            <Shape><Polygon POINTS="1501 3856 1528 3807 1571 3829 1727 3823 1780 3780 1818 3823 1942 3845 2012 3802 2044 3829 2195 3840 2345 3829 2378 3797 2448 3840 2943 3840 2996 3883 2937 3936 2835 3969 2690 3931 2238 3953 2023 3942 1969 3915 1910 3947 1807 3942 1775 3910 1641 3942 1506 3926"/></Shape>
	    <String CONTENT="הפרט כיצד ונתתה הכסף בכל אשר"
                    HPOS="1501.0"
                    VPOS="3780.0"
                    WIDTH="1495.0"
                    HEIGHT="189.0"></String>
          </TextLine>

          
          
          <TextLine ID="eSc_line_1339947"
                    
                    BASELINE="1425 3990 2970 4017" 
                    HPOS="1420.0"
                    VPOS="3915.0"
                    WIDTH="1544.0"
                    HEIGHT="204.0">
            <Shape><Polygon POINTS="1420 3985 1431 3926 1915 3942 1963 3915 2023 3947 2921 3947 2964 4012 2932 4071 2803 4092 2501 4071 2464 4098 2415 4066 2329 4076 2281 4044 2146 4076 2023 4049 1861 4071 1813 4049 1528 4066 1474 4119 1425 4119"/></Shape>
	    <String CONTENT="תאוה נפשך הרי זה כלל בבקר ובצאן"
                    HPOS="1420.0"
                    VPOS="3915.0"
                    WIDTH="1544.0"
                    HEIGHT="204.0"></String>
          </TextLine>

          
          
          <TextLine ID="eSc_line_1339960"
                    
                    BASELINE="1474 4135 2964 4146" 
                    HPOS="1468.0"
                    VPOS="4049.0"
                    WIDTH="1491.0"
                    HEIGHT="167.0">
            <Shape><Polygon POINTS="1468 4130 1522 4071 1786 4071 1818 4049 1883 4071 2028 4055 2216 4076 2281 4055 2318 4082 2410 4066 2458 4098 2647 4076 2894 4087 2943 4066 2959 4141 2943 4200 2883 4216 2824 4184 2765 4216 2663 4178 2534 4205 2496 4173 2415 4205 2318 4184 2114 4205 2006 4178 1931 4205 1872 4178 1657 4205 1576 4157 1495 4173 1474 4152"/></Shape>
	    <String CONTENT="וביין ובשכר הרי זה פרט ובכל אשר"
                    HPOS="1468.0"
                    VPOS="4049.0"
                    WIDTH="1491.0"
                    HEIGHT="167.0"></String>
          </TextLine>

          
          
          <TextLine ID="eSc_line_1339980"
                    
                    BASELINE="1468 4248 2970 4270" 
                    HPOS="1463.0"
                    VPOS="4162.0"
                    WIDTH="1501.0"
                    HEIGHT="183.0">
            <Shape><Polygon POINTS="1463 4243 1501 4168 1581 4162 1667 4205 1813 4184 1872 4248 1931 4200 1985 4195 2141 4211 2485 4178 2593 4227 2652 4184 2770 4221 2824 4189 2851 4216 2943 4221 2964 4265 2932 4329 2711 4318 2652 4345 2604 4297 2523 4329 2405 4318 2367 4340 2329 4313 2216 4324 2173 4297 1936 4329 1867 4286 1818 4318 1667 4302 1587 4324 1528 4318 1468 4259"/></Shape>
	    <String CONTENT="תשאלך נפשך הרי זה כלל אחר כלל"
                    HPOS="1463.0"
                    VPOS="4162.0"
                    WIDTH="1501.0"
                    HEIGHT="183.0"></String>
          </TextLine>

          
          
          <TextLine ID="eSc_line_1339991"
                    
                    BASELINE="1528 4383 2964 4394" 
                    HPOS="1522.0"
                    VPOS="4286.0"
                    WIDTH="1437.0"
                    HEIGHT="178.0">
            <Shape><Polygon POINTS="1522 4377 1528 4318 1823 4324 1861 4286 1931 4324 2184 4308 2243 4329 2329 4318 2351 4340 2523 4340 2604 4291 2652 4340 2717 4313 2808 4340 2943 4324 2959 4388 2943 4464 2566 4453 2534 4420 2475 4453 2383 4453 2351 4420 2313 4453 2049 4453 2006 4415 1942 4447 1619 4458 1560 4458 1528 4426"/></Shape>
	    <String CONTENT="ופרט וכלל אין אתה דן אלא כעין"
                    HPOS="1522.0"
                    VPOS="4286.0"
                    WIDTH="1437.0"
                    HEIGHT="178.0"></String>
          </TextLine>

          
          
          <TextLine ID="eSc_line_1339990"
                    
                    BASELINE="1517 4496 2986 4512" 
                    HPOS="1511.0"
                    VPOS="4420.0"
                    WIDTH="1469.0"
                    HEIGHT="167.0">
            <Shape><Polygon POINTS="1511 4490 1528 4431 1560 4458 1990 4437 2109 4458 2318 4447 2345 4420 2372 4447 2539 4431 2647 4469 2916 4458 2980 4507 2948 4560 2846 4587 2727 4576 2701 4550 2534 4566 2491 4539 2426 4560 2372 4539 2238 4576 2119 4544 2049 4571 1942 4571 1888 4544 1657 4566 1592 4528 1517 4550"/></Shape>
	    <String CONTENT="הפרט לומר מה פרט מפורש דבר"
                    HPOS="1511.0"
                    VPOS="4420.0"
                    WIDTH="1469.0"
                    HEIGHT="167.0"></String>
          </TextLine>

          
          
          <TextLine ID="eSc_line_1339992"
                    
                    BASELINE="1517 4619 2980 4641" 
                    HPOS="1511.0"
                    VPOS="4528.0"
                    WIDTH="1464.0"
                    HEIGHT="178.0">
            <Shape><Polygon POINTS="1511 4614 1517 4560 1571 4528 1651 4566 1877 4550 1936 4576 2114 4544 2249 4576 2345 4571 2383 4544 2410 4571 2491 4539 2523 4560 2701 4555 2727 4582 2808 4587 2910 4587 2959 4555 2975 4636 2910 4706 2824 4673 2776 4706 2668 4700 2523 4657 2453 4689 2426 4663 2394 4695 2351 4673 2205 4695 2119 4657 2033 4706 1990 4700 1936 4646 1899 4684 1662 4695 1517 4641"/></Shape>
	    <String CONTENT="שהוא ולד ולדות הארץ אף אין לי"
                    HPOS="1511.0"
                    VPOS="4528.0"
                    WIDTH="1464.0"
                    HEIGHT="178.0"></String>
          </TextLine>

          
          
          <TextLine ID="eSc_line_1339969"
                    
                    BASELINE="1490 4738 2996 4743" 
                    HPOS="1485.0"
                    VPOS="4646.0"
                    WIDTH="1506.0"
                    HEIGHT="199.0">
            <Shape><Polygon POINTS="1485 4732 1511 4646 1667 4695 1872 4695 1942 4646 1996 4700 2039 4706 2130 4663 2200 4700 2475 4689 2528 4663 2717 4700 2797 4700 2830 4673 2991 4738 2975 4845 2932 4845 2900 4813 2840 4845 2598 4840 2512 4775 2448 4808 2308 4781 2232 4813 1899 4792 1770 4813 1694 4786 1624 4813 1581 4786 1549 4818 1490 4781"/></Shape>
	    <String CONTENT="אלא דבר שהוא ולד ולדות הארץ ˙"
                    HPOS="1485.0"
                    VPOS="4646.0"
                    WIDTH="1506.0"
                    HEIGHT="199.0"></String>
          </TextLine>

          
          
          <TextLine ID="eSc_line_1339940"
                    
                    BASELINE="1490 4867 2996 4872" 
                    HPOS="1485.0"
                    VPOS="4781.0"
                    WIDTH="1506.0"
                    HEIGHT="183.0">
            <Shape><Polygon POINTS="1485 4862 1490 4792 1533 4818 1576 4792 1635 4813 1694 4786 1775 4818 2082 4797 2232 4829 2324 4781 2394 4786 2431 4824 2485 4792 2550 4845 2641 4856 2835 4856 2894 4813 2991 4867 2975 4915 2894 4964 2754 4867 2609 4867 2518 4948 2281 4921 2227 4953 2039 4953 1974 4921 1904 4953 1845 4931 1786 4964 1743 4937 1533 4942 1490 4899"/></Shape>
	    <String CONTENT="ט&#39; מכלל שהוא צריך לפרט"
                    HPOS="1485.0"
                    VPOS="4781.0"
                    WIDTH="1506.0"
                    HEIGHT="183.0"></String>
          </TextLine>

          
          
          <TextLine ID="eSc_line_1339987"
                    
                    BASELINE="1517 5023 2991 5028" 
                    HPOS="1511.0"
                    VPOS="4926.0"
                    WIDTH="1475.0"
                    HEIGHT="194.0">
            <Shape><Polygon POINTS="1511 5017 1517 4948 1754 4948 1807 4969 1990 4931 2039 4953 2243 4953 2302 4926 2453 4953 2840 4937 2878 4964 2970 4937 2986 5023 2970 5120 2706 5104 2641 5044 2566 5104 2507 5066 2351 5093 2302 5055 2238 5114 2125 5109 2076 5066 1996 5114 1883 5114 1840 5077 1764 5104 1727 5066 1673 5104 1587 5061 1517 5077"/></Shape>
	    <String CONTENT="ומפרט שהוא צריך לפרט כיצד"
                    HPOS="1511.0"
                    VPOS="4926.0"
                    WIDTH="1475.0"
                    HEIGHT="194.0"></String>
          </TextLine>

          
          
          <TextLine ID="eSc_line_1339948"
                    
                    BASELINE="1463 5152 3007 5168" 
                    HPOS="1458.0"
                    VPOS="5077.0"
                    WIDTH="1544.0"
                    HEIGHT="188.0">
            <Shape><Polygon POINTS="1458 5147 1468 5120 1522 5109 1969 5104 1985 5125 2082 5077 2184 5125 2238 5120 2286 5077 2485 5077 2674 5082 2706 5114 2749 5104 2776 5125 2959 5125 2991 5130 3002 5163 2986 5216 2867 5265 2776 5238 2544 5260 2480 5211 2238 5211 2179 5260 1931 5238 1657 5254 1614 5249 1571 5206 1463 5206"/></Shape>
	    <String CONTENT="קדש לי כל בכור יכול אף הנקבה"
                    HPOS="1458.0"
                    VPOS="5077.0"
                    WIDTH="1544.0"
                    HEIGHT="188.0"></String>
          </TextLine>

          
        </TextBlock>
        
        <TextBlock HPOS="1096.0"
                   VPOS="519.0"
                   WIDTH="378.0"
                   HEIGHT="120.0"
                   ID="eSc_textblock_12897"
                   TAGREFS="BT219">
          <Shape><Polygon POINTS="1096 519 1096 639 1474 639 1474 519"/></Shape>
          
          
          <TextLine ID="eSc_line_1630661"
                    
                    BASELINE="1080 572 1515 557" 
                    HPOS="1076.0"
                    VPOS="516.0"
                    WIDTH="435.0"
                    HEIGHT="107.0">
            <Shape><Polygon POINTS="1076 570 1081 516 1495 516 1511 553 1501 607 1479 613 1447 591 1210 623 1081 602"/></Shape>
	    <String CONTENT="תורת כהנים"
                    HPOS="1076.0"
                    VPOS="516.0"
                    WIDTH="435.0"
                    HEIGHT="107.0"></String>
          </TextLine>

          
        </TextBlock>
        

        
      </PrintSpace>
    </Page>
  </Layout>
</alto>
