<?xml version="1.0" encoding="UTF-8"?>
<alto xmlns:xsi="http://www.w3.org/2001/XMLSchema-instance"
      xmlns="http://www.loc.gov/standards/alto/ns-v4#"
      xsi:schemaLocation="http://www.loc.gov/standards/alto/ns-v4# http://www.loc.gov/standards/alto/v4/alto-4-2.xsd">
  <Description>
    <MeasurementUnit>pixel</MeasurementUnit>
    <sourceImageInformation>
      <fileName>oulis2017-aya-0392-0.jpg</fileName>
      
    </sourceImageInformation>
  </Description>
  
  <Tags>
    <OtherTag ID="BT1164" LABEL="Hole" DESCRIPTION="block type Hole"/><OtherTag ID="BT2" LABEL="Main" DESCRIPTION="block type Main"/><OtherTag ID="BT3" LABEL="Commentary" DESCRIPTION="block type Commentary"/><OtherTag ID="BT4" LABEL="Illustration" DESCRIPTION="block type Illustration"/><OtherTag ID="BT218" LABEL="Margin" DESCRIPTION="block type Margin"/><OtherTag ID="BT219" LABEL="Paratext" DESCRIPTION="block type Paratext"/>
    <OtherTag ID="LT2" LABEL="Numbering" DESCRIPTION="line type Numbering"/><OtherTag ID="LT3" LABEL="Correction" DESCRIPTION="line type Correction"/><OtherTag ID="LT481" LABEL="Gloss" DESCRIPTION="line type Gloss"/>
  </Tags>
  
  <Layout>
    <Page WIDTH="5398"
          HEIGHT="6459"
          PHYSICAL_IMG_NR="379"
          ID="eSc_dummypage_">
      <PrintSpace HPOS="0"
                  VPOS="0"
                  WIDTH="5398"
                  HEIGHT="6459">
        
        <TextBlock HPOS="2206.0"
                   VPOS="847.0"
                   WIDTH="1683.0"
                   HEIGHT="4213.0"
                   ID="eSc_textblock_13062"
                   TAGREFS="BT2">
          <Shape><Polygon POINTS="2206 856 2223 5060 3889 5011 3815 847"/></Shape>
          
          
          <TextLine ID="eSc_line_1343794"
                    
                    BASELINE="2176 936 3727 963" 
                    HPOS="2171.0"
                    VPOS="861.0"
                    WIDTH="1551.0"
                    HEIGHT="161.0">
            <Shape><Polygon POINTS="2171 931 2192 861 2268 861 2289 882 2440 871 2483 893 2769 866 2806 898 2844 871 2941 898 3076 871 3178 904 3318 898 3340 877 3367 904 3480 904 3501 882 3539 909 3706 909 3722 958 3706 1022 2176 984"/></Shape>
	    <String CONTENT="נאמרו בו דמים [למעלה] למטה ונאמרו"
                    HPOS="2171.0"
                    VPOS="861.0"
                    WIDTH="1551.0"
                    HEIGHT="161.0"></String>
          </TextLine>

          
          
          <TextLine ID="eSc_line_1343795"
                    
                    BASELINE="2251 1060 3782 1087" 
                    HPOS="2246.0"
                    VPOS="1001.0"
                    WIDTH="1535.0"
                    HEIGHT="150.0">
            <Shape><Polygon POINTS="2246 1054 2268 1001 2779 1006 2903 1028 3173 1028 3210 1001 3253 1028 3587 1038 3701 1033 3733 1001 3781 1081 3749 1081 3695 1135 3587 1151 2839 1124 2801 1146 2715 1119 2677 1135 2456 1114 2381 1135 2289 1130 2251 1092"/></Shape>
	    <String CONTENT="בו דמים למעלה מה דמים האמורין בו"
                    HPOS="2246.0"
                    VPOS="1001.0"
                    WIDTH="1535.0"
                    HEIGHT="150.0"></String>
          </TextLine>

          
          
          <TextLine ID="eSc_line_1343827"
                    
                    BASELINE="2262 1173 3787 1184" 
                    HPOS="2257.0"
                    VPOS="1081.0"
                    WIDTH="1524.0"
                    HEIGHT="189.0">
            <Shape><Polygon POINTS="2257 1168 2300 1130 2435 1124 3593 1146 3701 1135 3754 1081 3781 1178 3727 1270 3442 1243 3377 1270 2855 1259 2801 1205 2725 1254 2596 1232 2575 1254 2402 1259 2348 1227 2294 1232 2262 1200"/></Shape>
	    <String CONTENT="למטה אם נותנן מתן אחת כיפר"
                    HPOS="2257.0"
                    VPOS="1081.0"
                    WIDTH="1524.0"
                    HEIGHT="189.0"></String>
          </TextLine>

          
          
          <TextLine ID="eSc_line_1343831"
                    
                    BASELINE="2230 1307 3733 1318" 
                    HPOS="2224.0"
                    VPOS="1205.0"
                    WIDTH="1503.0"
                    HEIGHT="194.0">
            <Shape><Polygon POINTS="2224 1302 2284 1243 2515 1270 2602 1227 2634 1248 2758 1248 2801 1205 2855 1259 3550 1254 3711 1270 3727 1313 3711 1388 3684 1394 3129 1388 3059 1367 3016 1399 2968 1367 2892 1383 2844 1361 2742 1388 2531 1377 2505 1351 2435 1383 2332 1383 2294 1377 2230 1313"/></Shape>
	    <String CONTENT="אף דמים האמורין בו למעלה אם"
                    HPOS="2224.0"
                    VPOS="1205.0"
                    WIDTH="1503.0"
                    HEIGHT="194.0"></String>
          </TextLine>

          
          
          <TextLine ID="eSc_line_1343797"
                    
                    BASELINE="2284 1437 3776 1431" 
                    HPOS="2278.0"
                    VPOS="1345.0"
                    WIDTH="1493.0"
                    HEIGHT="178.0">
            <Shape><Polygon POINTS="2278 1431 2284 1372 2440 1377 2483 1345 2548 1377 2968 1372 3011 1399 3065 1377 3733 1394 3771 1426 3754 1523 3555 1523 3528 1501 2860 1517 2774 1485 2661 1512 2607 1490 2456 1507 2418 1480 2284 1485"/></Shape>
	    <String CONTENT="נתנן מתנה אחת כיפר או כלך"
                    HPOS="2278.0"
                    VPOS="1345.0"
                    WIDTH="1493.0"
                    HEIGHT="178.0"></String>
          </TextLine>

          
          
          <TextLine ID="eSc_line_1343837"
                    
                    BASELINE="2230 1566 3797 1571" 
                    HPOS="2224.0"
                    VPOS="1496.0"
                    WIDTH="1568.0"
                    HEIGHT="151.0">
            <Shape><Polygon POINTS="2224 1560 2273 1501 2682 1517 2779 1496 2860 1523 3528 1501 3571 1523 3711 1501 3792 1566 3776 1647 3243 1641 3146 1620 3000 1647 2451 1625 2364 1641 2268 1630 2230 1593"/></Shape>
	    <String CONTENT="לדרך זו נאמרו דמים בפנים ונאמרו"
                    HPOS="2224.0"
                    VPOS="1496.0"
                    WIDTH="1568.0"
                    HEIGHT="151.0"></String>
          </TextLine>

          
          
          <TextLine ID="eSc_line_1343821"
                    
                    BASELINE="2241 1695 3792 1706" 
                    HPOS="2235.0"
                    VPOS="1620.0"
                    WIDTH="1552.0"
                    HEIGHT="166.0">
            <Shape><Polygon POINTS="2235 1690 2246 1620 2478 1647 3657 1636 3760 1647 3787 1700 3754 1760 3399 1760 3367 1786 3313 1760 2645 1765 2569 1738 2526 1776 2499 1754 2402 1781 2241 1765"/></Shape>
	    <String CONTENT="דמים בחוץ מה דמים האמורין בפנים"
                    HPOS="2235.0"
                    VPOS="1620.0"
                    WIDTH="1552.0"
                    HEIGHT="166.0"></String>
          </TextLine>

          
          
          <TextLine ID="eSc_line_1343834"
                    
                    BASELINE="2203 1819 3776 1835" 
                    HPOS="2197.0"
                    VPOS="1733.0"
                    WIDTH="1574.0"
                    HEIGHT="177.0">
            <Shape><Polygon POINTS="2197 1813 2268 1770 2408 1781 2505 1754 2537 1770 2575 1733 2650 1770 2892 1781 3081 1754 3323 1770 3361 1792 3393 1770 3744 1765 3771 1830 3754 1889 3679 1900 2542 1889 2338 1910 2284 1910 2203 1830"/></Shape>
	    <String CONTENT="אם חיסר אחת מן המתנות לא כיפר"
                    HPOS="2197.0"
                    VPOS="1733.0"
                    WIDTH="1574.0"
                    HEIGHT="177.0"></String>
          </TextLine>

          
          
          <TextLine ID="eSc_line_1343818"
                    
                    BASELINE="2284 1953 3797 1948" 
                    HPOS="2278.0"
                    VPOS="1883.0"
                    WIDTH="1514.0"
                    HEIGHT="146.0">
            <Shape><Polygon POINTS="2278 1948 2284 1905 2381 1894 2709 1905 2968 1883 3022 1905 3598 1910 3776 1889 3792 1943 3776 2002 3706 2029 3092 2018 3059 1996 3011 2018 2979 1986 2925 2018 2801 2007 2774 2029 2725 2002 2628 2023 2413 2002 2343 2023 2284 1996"/></Shape>
	    <String CONTENT="אף דמים האמורים בחוץ אם חיסר"
                    HPOS="2278.0"
                    VPOS="1883.0"
                    WIDTH="1514.0"
                    HEIGHT="146.0"></String>
          </TextLine>

          
          
          <TextLine ID="eSc_line_1343839"
                    
                    BASELINE="2289 2083 3771 2083" 
                    HPOS="2284.0"
                    VPOS="2013.0"
                    WIDTH="1481.0"
                    HEIGHT="145.0">
            <Shape><Polygon POINTS="2284 2077 2294 2018 2957 2018 2989 2045 3016 2023 3221 2013 3367 2034 3754 2023 3765 2077 3754 2142 3711 2126 3684 2153 3415 2153 3388 2131 2731 2158 2682 2126 2634 2153 2564 2126 2461 2158 2402 2136 2321 2153 2294 2126"/></Shape>
	    <String CONTENT="אחת מן המתנות לא כיפר נראה"
                    HPOS="2284.0"
                    VPOS="2013.0"
                    WIDTH="1481.0"
                    HEIGHT="145.0"></String>
          </TextLine>

          
          
          <TextLine ID="eSc_line_1343840"
                    
                    BASELINE="2224 2196 3771 2201" 
                    HPOS="2219.0"
                    VPOS="2120.0"
                    WIDTH="1546.0"
                    HEIGHT="162.0">
            <Shape><Polygon POINTS="2219 2190 2268 2120 2321 2158 2677 2136 2715 2158 3377 2131 3684 2147 3717 2120 3765 2196 3733 2266 3253 2244 3205 2276 3054 2244 2984 2266 2882 2271 2833 2249 2769 2276 2537 2282 2499 2244 2461 2276 2289 2276 2224 2212"/></Shape>
	    <String CONTENT="למי דומה דנין דמים שבחוץ מדמי&#39;"
                    HPOS="2219.0"
                    VPOS="2120.0"
                    WIDTH="1546.0"
                    HEIGHT="162.0"></String>
          </TextLine>

          
          
          <TextLine ID="eSc_line_1343841"
                    
                    BASELINE="2305 2314 3819 2319" 
                    HPOS="2300.0"
                    VPOS="2244.0"
                    WIDTH="1514.0"
                    HEIGHT="156.0">
            <Shape><Polygon POINTS="2300 2309 2311 2276 2467 2276 2505 2244 2531 2271 2677 2276 2844 2249 2871 2271 3124 2249 3210 2282 3243 2249 3717 2260 3803 2276 3814 2314 3733 2384 3587 2389 3523 2368 3463 2400 3404 2352 3286 2384 3189 2362 3108 2384 2305 2395"/></Shape>
	    <String CONTENT="שבחוץ ואל יוכיחו דמים שלפנים"
                    HPOS="2300.0"
                    VPOS="2244.0"
                    WIDTH="1514.0"
                    HEIGHT="156.0"></String>
          </TextLine>

          
          
          <TextLine ID="eSc_line_1343842"
                    
                    BASELINE="2262 2443 3803 2443" 
                    HPOS="2257.0"
                    VPOS="2357.0"
                    WIDTH="1540.0"
                    HEIGHT="172.0">
            <Shape><Polygon POINTS="2257 2438 2327 2395 3302 2389 3399 2357 3458 2405 3534 2373 3587 2395 3776 2384 3797 2438 3787 2497 3749 2508 3641 2492 3512 2519 3463 2486 3259 2519 3216 2492 2952 2529 2914 2508 2650 2519 2618 2486 2553 2524 2483 2529 2435 2497 2327 2524 2268 2465"/></Shape>
	    <String CONTENT="או כלך לדרך זו דנין דם חטאת"
                    HPOS="2257.0"
                    VPOS="2357.0"
                    WIDTH="1540.0"
                    HEIGHT="172.0"></String>
          </TextLine>

          
          
          <TextLine ID="eSc_line_1343843"
                    
                    BASELINE="2262 2578 3824 2567" 
                    HPOS="2257.0"
                    VPOS="2486.0"
                    WIDTH="1562.0"
                    HEIGHT="172.0">
            <Shape><Polygon POINTS="2257 2572 2311 2519 2435 2502 2510 2524 2607 2486 2650 2524 2936 2529 3103 2497 3221 2497 3259 2519 3350 2497 3593 2519 3652 2497 3760 2508 3819 2562 3803 2632 3684 2653 3598 2605 3544 2642 3313 2621 2688 2658 2607 2632 2564 2653 2499 2632 2311 2648 2262 2599"/></Shape>
	    <String CONTENT="על קרנות מדם חטאת על קרנות"
                    HPOS="2257.0"
                    VPOS="2486.0"
                    WIDTH="1562.0"
                    HEIGHT="172.0"></String>
          </TextLine>

          
          
          <TextLine ID="eSc_line_1343844"
                    
                    BASELINE="2235 2702 3824 2707" 
                    HPOS="2230.0"
                    VPOS="2599.0"
                    WIDTH="1589.0"
                    HEIGHT="226.0">
            <Shape><Polygon POINTS="2230 2696 2262 2648 3442 2642 3550 2637 3598 2599 3663 2648 3803 2642 3819 2702 3803 2782 3776 2755 3668 2761 3636 2728 3577 2728 3539 2761 3200 2739 3140 2771 2962 2788 2801 2761 2682 2788 2510 2761 2311 2771 2235 2825"/></Shape>
	    <String CONTENT="ואל יוכיחו תחתונים שאין דם חטאת"
                    HPOS="2230.0"
                    VPOS="2599.0"
                    WIDTH="1589.0"
                    HEIGHT="226.0"></String>
          </TextLine>

          
          
          <TextLine ID="eSc_line_1343845"
                    
                    BASELINE="2289 2836 3771 2815" 
                    HPOS="2284.0"
                    VPOS="2734.0"
                    WIDTH="1481.0"
                    HEIGHT="177.0">
            <Shape><Polygon POINTS="2284 2831 2327 2766 2693 2782 2801 2755 2833 2782 2973 2788 3119 2777 3194 2745 3577 2766 3625 2734 3674 2771 3749 2766 3765 2809 3749 2885 3695 2901 3609 2868 3571 2895 3501 2858 3437 2890 3253 2901 3205 2852 3167 2890 3097 2901 2747 2901 2693 2852 2645 2906 2607 2911 2505 2885 2467 2901 2445 2879 2343 2901 2289 2852"/></Shape>
	    <String CONTENT="על קרנות ת&#39;ל&#39; וכיפר א&#39;ע&#39;פ&#39; שלא"
                    HPOS="2284.0"
                    VPOS="2734.0"
                    WIDTH="1481.0"
                    HEIGHT="177.0"></String>
          </TextLine>

          
          
          <TextLine ID="eSc_line_1343846"
                    
                    BASELINE="2289 2954 3776 2944" 
                    HPOS="2284.0"
                    VPOS="2852.0"
                    WIDTH="1487.0"
                    HEIGHT="178.0">
            <Shape><Polygon POINTS="2284 2949 2305 2879 2359 2906 2424 2879 2472 2901 2645 2906 2682 2879 2709 2906 3016 2906 3167 2890 3205 2852 3253 2895 3442 2895 3480 2868 3544 2895 3754 2885 3771 2938 3754 3008 3652 3019 3447 2992 3420 3019 3361 2998 3000 3030 2806 3003 2747 3030 2628 3008 2531 3030 2386 2998 2327 3030 2289 3014"/></Shape>
	    <String CONTENT="נתן אלא שלש וכפר א&#39;ע&#39;פ&#39; שלא"
                    HPOS="2284.0"
                    VPOS="2852.0"
                    WIDTH="1487.0"
                    HEIGHT="178.0"></String>
          </TextLine>

          
          
          <TextLine ID="eSc_line_1343847"
                    
                    BASELINE="2262 3084 3781 3073" 
                    HPOS="2257.0"
                    VPOS="2998.0"
                    WIDTH="1519.0"
                    HEIGHT="166.0">
            <Shape><Polygon POINTS="2257 3078 2278 3014 2338 3030 2370 3003 2564 3035 2612 3014 3006 3030 3361 3003 3404 3024 3447 2998 3528 3019 3760 3014 3776 3068 3760 3132 3657 3143 3593 3121 3485 3132 3453 3100 3399 3137 3329 3121 2866 3164 2812 3127 2688 3148 2623 3132 2575 3159 2548 3137 2488 3154 2343 3132 2294 3164 2262 3132"/></Shape>
	    <String CONTENT="נתן אלא שתים וכיפר א&#39;ע&#39;פ&#39; שלא"
                    HPOS="2257.0"
                    VPOS="2998.0"
                    WIDTH="1519.0"
                    HEIGHT="166.0"></String>
          </TextLine>

          
          
          <TextLine ID="eSc_line_1343848"
                    
                    BASELINE="2278 3202 3824 3175" 
                    HPOS="2273.0"
                    VPOS="3105.0"
                    WIDTH="1546.0"
                    HEIGHT="167.0">
            <Shape><Polygon POINTS="2273 3197 2348 3132 2623 3170 2709 3132 2812 3132 2844 3164 2930 3148 2968 3175 3006 3143 3410 3137 3447 3105 3485 3132 3760 3132 3819 3170 3760 3251 3598 3234 3377 3267 3226 3261 3167 3234 3119 3272 2968 3186 2882 3191 2801 3267 2548 3240 2483 3272 2332 3261 2278 3207"/></Shape>
	    <String CONTENT="נתן אלא אחת ˙ אילו אומ&#39;"
                    HPOS="2273.0"
                    VPOS="3105.0"
                    WIDTH="1546.0"
                    HEIGHT="167.0"></String>
          </TextLine>

          
          
          <TextLine ID="eSc_line_1343849"
                    
                    BASELINE="2268 3315 3846 3310" 
                    HPOS="2262.0"
                    VPOS="3234.0"
                    WIDTH="1579.0"
                    HEIGHT="162.0">
            <Shape><Polygon POINTS="2262 3310 2284 3261 2483 3267 2526 3240 2612 3261 3038 3245 3129 3272 3167 3234 3237 3272 3771 3251 3841 3304 3765 3369 3717 3337 3657 3380 3393 3385 3361 3364 3264 3385 3237 3364 3135 3364 3076 3390 2941 3374 2785 3396 2634 3380 2612 3358 2526 3385 2268 3380"/></Shape>
	    <String CONTENT="ושמעה יכול אף האומר לחבירו"
                    HPOS="2262.0"
                    VPOS="3234.0"
                    WIDTH="1579.0"
                    HEIGHT="162.0"></String>
          </TextLine>

          
          
          <TextLine ID="eSc_line_1343850"
                    
                    BASELINE="2284 3444 3803 3439" 
                    HPOS="2278.0"
                    VPOS="3342.0"
                    WIDTH="1519.0"
                    HEIGHT="188.0">
            <Shape><Polygon POINTS="2278 3439 2327 3385 3065 3396 3221 3364 3264 3385 3647 3385 3711 3342 3754 3374 3781 3364 3797 3434 3781 3477 3717 3514 3663 3487 3582 3514 3404 3487 3296 3525 3065 3504 2903 3530 2763 3498 2672 3530 2548 3525 2515 3498 2327 3525 2284 3493"/></Shape>
	    <String CONTENT="לך עבוד עבו&#39; זר&#39; יהא חייב הן אם"
                    HPOS="2278.0"
                    VPOS="3342.0"
                    WIDTH="1519.0"
                    HEIGHT="188.0"></String>
          </TextLine>

          
          
          <TextLine ID="eSc_line_1343851"
                    
                    BASELINE="2251 3573 3797 3563" 
                    HPOS="2246.0"
                    VPOS="3493.0"
                    WIDTH="1546.0"
                    HEIGHT="167.0">
            <Shape><Polygon POINTS="2246 3568 2294 3520 2515 3509 2720 3536 2790 3514 2925 3536 3049 3509 3582 3514 3657 3493 3701 3520 3776 3504 3792 3557 3776 3627 3485 3627 3431 3606 3410 3627 3286 3638 3070 3622 3011 3654 2957 3633 2795 3660 2618 3638 2440 3654 2359 3633 2305 3660 2251 3611"/></Shape>
	    <String CONTENT="האומר אינו חייב יהא שומע חייב"
                    HPOS="2246.0"
                    VPOS="3493.0"
                    WIDTH="1546.0"
                    HEIGHT="167.0"></String>
          </TextLine>

          
          
          <TextLine ID="eSc_line_1343852"
                    
                    BASELINE="2273 3713 3846 3670" 
                    HPOS="2268.0"
                    VPOS="3611.0"
                    WIDTH="1573.0"
                    HEIGHT="183.0">
            <Shape><Polygon POINTS="2268 3708 2354 3643 2456 3665 2505 3643 2736 3638 2785 3665 2941 3638 3027 3654 3081 3622 3167 3643 3361 3638 3447 3611 3544 3633 3701 3617 3841 3665 3765 3746 3625 3735 3404 3762 3383 3740 3350 3767 3259 3756 3232 3778 2909 3751 2752 3783 2564 3756 2488 3794 2461 3767 2305 3773 2278 3746"/></Shape>
	    <String CONTENT="זה יוכיח שהאומר אינו חייב [וה/]"
                    HPOS="2268.0"
                    VPOS="3611.0"
                    WIDTH="1573.0"
                    HEIGHT="183.0"></String>
          </TextLine>

          
          
          <TextLine ID="eSc_line_1343861"
                    
                    BASELINE="2246 3821 3846 3805" 
                    HPOS="2241.0"
                    VPOS="3740.0"
                    WIDTH="1600.0"
                    HEIGHT="167.0">
            <Shape><Polygon POINTS="2241 3816 2246 3756 2429 3762 2488 3805 2564 3762 2758 3783 2925 3751 3232 3778 3625 3740 3765 3746 3841 3800 3781 3864 3684 3875 3641 3853 3614 3880 3437 3870 3377 3891 3226 3853 3178 3891 3108 3875 2946 3896 2871 3870 2839 3902 2763 3907 2699 3907 2661 3880 2585 3902 2510 3902 2488 3880 2429 3896 2408 3875 2278 3907 2251 3880"/></Shape>
	    <String CONTENT="והשומע חייב אף אתה אל תתמה"
                    HPOS="2241.0"
                    VPOS="3740.0"
                    WIDTH="1600.0"
                    HEIGHT="167.0"></String>
          </TextLine>

          
          
          <TextLine ID="eSc_line_1343854"
                    
                    BASELINE="2241 3956 3824 3929" 
                    HPOS="2235.0"
                    VPOS="3848.0"
                    WIDTH="1584.0"
                    HEIGHT="183.0">
            <Shape><Polygon POINTS="2235 3950 2311 3886 2521 3907 2655 3880 2688 3907 2833 3907 2866 3870 3027 3902 3173 3886 3210 3848 3372 3896 3442 3875 3598 3880 3636 3853 3679 3875 3803 3859 3819 3923 3776 3993 3717 4009 3609 3983 3383 4009 3275 3988 3135 4015 2946 3993 2866 4031 2822 4004 2666 4026 2558 3993 2440 4031 2321 4009 2257 3950"/></Shape>
	    <String CONTENT="על האומר לחבירו לך ועבוד עב&#39; זר&#39;"
                    HPOS="2235.0"
                    VPOS="3848.0"
                    WIDTH="1584.0"
                    HEIGHT="183.0"></String>
          </TextLine>

          
          
          <TextLine ID="eSc_line_1343857"
                    
                    BASELINE="2305 4074 3803 4063" 
                    HPOS="2300.0"
                    VPOS="3988.0"
                    WIDTH="1497.0"
                    HEIGHT="161.0">
            <Shape><Polygon POINTS="2300 4069 2327 4009 2456 4026 2553 4004 2661 4031 2752 4009 2871 4031 2930 4009 3033 4020 3070 3993 3463 4009 3539 3988 3781 3999 3797 4058 3781 4112 3727 4133 3162 4133 3059 4096 3022 4133 2952 4144 2682 4122 2612 4149 2569 4117 2483 4133 2456 4106 2424 4133 2332 4144 2305 4122"/></Shape>
	    <String CONTENT="שא&#39;ע&#39;פ&#39; שהאומ&#39; אינו חייב יהא"
                    HPOS="2300.0"
                    VPOS="3988.0"
                    WIDTH="1497.0"
                    HEIGHT="161.0"></String>
          </TextLine>

          
          
          <TextLine ID="eSc_line_1343860"
                    
                    BASELINE="2294 4187 3835 4176" 
                    HPOS="2289.0"
                    VPOS="4101.0"
                    WIDTH="1541.0"
                    HEIGHT="172.0">
            <Shape><Polygon POINTS="2289 4182 2343 4139 2451 4112 2488 4139 2575 4122 2612 4149 2682 4128 2860 4149 3016 4139 3054 4101 3156 4133 3781 4122 3830 4171 3749 4246 3507 4241 3447 4262 3313 4230 3210 4230 3113 4262 3059 4230 2936 4268 2779 4252 2699 4273 2618 4241 2542 4262 2364 4257 2294 4198"/></Shape>
	    <String CONTENT="השומע חייב ת&#39;ל&#39; ושמעה אלה"
                    HPOS="2289.0"
                    VPOS="4101.0"
                    WIDTH="1541.0"
                    HEIGHT="172.0"></String>
          </TextLine>

          
          
          <TextLine ID="eSc_line_1343853"
                    
                    BASELINE="2332 4322 3846 4300" 
                    HPOS="2327.0"
                    VPOS="4236.0"
                    WIDTH="1514.0"
                    HEIGHT="166.0">
            <Shape><Polygon POINTS="2327 4316 2354 4257 2941 4268 3043 4246 3119 4262 3205 4236 3447 4268 3474 4241 3787 4241 3841 4295 3771 4375 3684 4354 3652 4386 3604 4349 3420 4381 3146 4381 3103 4359 3076 4386 2715 4375 2634 4402 2602 4375 2494 4370 2381 4392 2338 4359"/></Shape>
	    <String CONTENT="אין אלה אלא שבועה וכן הוא"
                    HPOS="2327.0"
                    VPOS="4236.0"
                    WIDTH="1514.0"
                    HEIGHT="166.0"></String>
          </TextLine>

          
          
          <TextLine ID="eSc_line_1343856"
                    
                    BASELINE="2311 4451 3814 4429" 
                    HPOS="2305.0"
                    VPOS="4354.0"
                    WIDTH="1503.0"
                    HEIGHT="167.0">
            <Shape><Polygon POINTS="2305 4445 2348 4386 2472 4375 2639 4402 2704 4381 2876 4397 3604 4359 3641 4392 3679 4354 3733 4375 3792 4359 3808 4424 3781 4483 3722 4499 3657 4478 3350 4494 3286 4521 3194 4483 3049 4515 3011 4478 2930 4515 2849 4483 2774 4510 2672 4510 2650 4489 2607 4521 2418 4483 2370 4510 2311 4451"/></Shape>
	    <String CONTENT="או&#39; והשביע הכהן את האשה"
                    HPOS="2305.0"
                    VPOS="4354.0"
                    WIDTH="1503.0"
                    HEIGHT="167.0"></String>
          </TextLine>

          
          
          <TextLine ID="eSc_line_1343855"
                    
                    BASELINE="2294 4564 3819 4542" 
                    HPOS="2289.0"
                    VPOS="4478.0"
                    WIDTH="1525.0"
                    HEIGHT="172.0">
            <Shape><Polygon POINTS="2289 4558 2321 4478 2370 4510 2461 4494 2580 4521 2645 4494 2785 4510 2849 4489 2930 4515 3011 4489 3059 4515 3189 4483 3291 4521 3345 4499 3797 4483 3814 4537 3803 4602 3620 4623 3560 4607 3507 4628 3420 4612 3243 4634 3113 4607 3049 4634 2946 4634 2806 4612 2591 4645 2386 4623 2332 4650 2300 4618"/></Shape>
	    <String CONTENT="בשבועה האלה אין לי אלא שבוע&#39;"
                    HPOS="2289.0"
                    VPOS="4478.0"
                    WIDTH="1525.0"
                    HEIGHT="172.0"></String>
          </TextLine>

          
          
          <TextLine ID="eSc_line_1343858"
                    
                    BASELINE="2375 4698 3868 4661" 
                    HPOS="2370.0"
                    VPOS="4607.0"
                    WIDTH="1492.0"
                    HEIGHT="161.0">
            <Shape><Polygon POINTS="2370 4693 2375 4628 2731 4645 2833 4612 3006 4639 3103 4612 3146 4634 3280 4634 3797 4607 3862 4655 3765 4736 3657 4715 3604 4747 3528 4720 3340 4758 3275 4725 3221 4758 3113 4763 3006 4725 2968 4758 2849 4747 2795 4768 2715 4747 2483 4768 2435 4725 2402 4763 2375 4741"/></Shape>
	    <String CONTENT="שיש עמה אלה שבועה שאין"
                    HPOS="2370.0"
                    VPOS="4607.0"
                    WIDTH="1492.0"
                    HEIGHT="161.0"></String>
          </TextLine>

          
          
          <TextLine ID="eSc_line_1343859"
                    
                    BASELINE="2332 4817 3819 4785" 
                    HPOS="2327.0"
                    VPOS="4720.0"
                    WIDTH="1487.0"
                    HEIGHT="167.0">
            <Shape><Polygon POINTS="2327 4811 2354 4752 2402 4763 2435 4731 2472 4768 2709 4752 2790 4774 2855 4747 2962 4758 3000 4731 3081 4758 3221 4758 3404 4725 3458 4752 3797 4720 3814 4779 3727 4865 3248 4855 3205 4881 3173 4849 3140 4881 3113 4860 3022 4881 2979 4855 2849 4887 2338 4881"/></Shape>
	    <String CONTENT="עמה אלה מנין ת&#39;ל&#39; ושמעה אלה"
                    HPOS="2327.0"
                    VPOS="4720.0"
                    WIDTH="1487.0"
                    HEIGHT="167.0"></String>
          </TextLine>

          
          
          <TextLine ID="eSc_line_1343862"
                    
                    BASELINE="2294 4962 3846 4919" 
                    HPOS="2289.0"
                    VPOS="4849.0"
                    WIDTH="1552.0"
                    HEIGHT="199.0">
            <Shape><Polygon POINTS="2289 4957 2294 4903 2429 4903 2461 4881 2650 4898 2682 4876 2839 4892 3054 4865 3426 4876 3485 4855 3571 4871 3781 4849 3824 4860 3841 4914 3830 4957 3647 4957 3598 4989 3566 4962 3469 4962 3410 4984 3216 4984 3162 5011 3140 4989 2989 5021 2946 5005 2812 5038 2752 5021 2300 5048"/></Shape>
	    <String CONTENT="ושמעה קול לעשות שבועה שאין"
                    HPOS="2289.0"
                    VPOS="4849.0"
                    WIDTH="1552.0"
                    HEIGHT="199.0"></String>
          </TextLine>

          
        </TextBlock>
        
        <TextBlock HPOS="440.0"
                   VPOS="840.0"
                   WIDTH="1600.0"
                   HEIGHT="4212.0"
                   ID="eSc_textblock_13061"
                   TAGREFS="BT2">
          <Shape><Polygon POINTS="440 872 448 5052 2040 5052 2015 840"/></Shape>
          
          
          <TextLine ID="eSc_line_1343826"
                    
                    BASELINE="490 974 1977 936" 
                    HPOS="484.0"
                    VPOS="855.0"
                    WIDTH="1487.0"
                    HEIGHT="189.0">
            <Shape><Polygon POINTS="484 968 490 915 522 888 581 915 668 888 797 909 937 877 1104 904 1174 871 1222 898 1287 877 1325 898 1497 893 1551 861 1605 888 1772 855 1955 882 1971 931 1960 979 1842 1011 1799 995 1632 1017 1556 995 1379 1022 1303 1001 1244 1028 1185 995 1152 1028 1055 1001 1023 1033 975 1033 921 1001 883 1033 845 1006 694 1044 635 1022 608 1044 495 1033"/></Shape>
	    <String CONTENT="עמה אלא כשבועה שיש עמה אלה"
                    HPOS="484.0"
                    VPOS="855.0"
                    WIDTH="1487.0"
                    HEIGHT="189.0"></String>
          </TextLine>

          
          
          <TextLine ID="eSc_line_1343830"
                    
                    BASELINE="463 1092 1955 1071" 
                    HPOS="457.0"
                    VPOS="990.0"
                    WIDTH="1493.0"
                    HEIGHT="172.0">
            <Shape><Polygon POINTS="457 1087 484 1044 538 1033 754 1038 948 1011 1120 1033 1217 1011 1853 1017 1901 990 1950 1065 1928 1124 1853 1114 1799 1135 1260 1135 1233 1114 635 1162 501 1151 463 1114"/></Shape>
	    <String CONTENT="ר&#39; עקיבא או&#39; אין לי אלא מפי עצמו"
                    HPOS="457.0"
                    VPOS="990.0"
                    WIDTH="1493.0"
                    HEIGHT="172.0"></String>
          </TextLine>

          
          
          <TextLine ID="eSc_line_1343836"
                    
                    BASELINE="436 1205 1998 1173" 
                    HPOS="430.0"
                    VPOS="1119.0"
                    WIDTH="1563.0"
                    HEIGHT="162.0">
            <Shape><Polygon POINTS="430 1200 479 1151 646 1162 700 1141 888 1151 1169 1124 1713 1141 1885 1119 1993 1168 1912 1254 1729 1227 1686 1259 888 1248 856 1270 711 1259 641 1281 479 1275 436 1232"/></Shape>
	    <String CONTENT="מזיד מנין מפי עצמו שוגג מפי אחרים"
                    HPOS="430.0"
                    VPOS="1119.0"
                    WIDTH="1563.0"
                    HEIGHT="162.0"></String>
          </TextLine>

          
          
          <TextLine ID="eSc_line_1343823"
                    
                    BASELINE="457 1329 1998 1302" 
                    HPOS="452.0"
                    VPOS="1243.0"
                    WIDTH="1541.0"
                    HEIGHT="161.0">
            <Shape><Polygon POINTS="452 1324 506 1270 668 1281 878 1248 996 1275 1082 1254 1562 1270 1820 1243 1912 1254 1955 1297 1993 1297 1928 1383 1729 1356 1578 1394 1540 1372 1061 1394 1028 1367 1007 1394 948 1399 872 1377 603 1404 457 1345"/></Shape>
	    <String CONTENT="מזיד מפי אחרים שוגג ת&#39;ל&#39; והוא עד"
                    HPOS="452.0"
                    VPOS="1243.0"
                    WIDTH="1541.0"
                    HEIGHT="161.0"></String>
          </TextLine>

          
          
          <TextLine ID="eSc_line_1343816"
                    
                    BASELINE="479 1458 1998 1437" 
                    HPOS="474.0"
                    VPOS="1367.0"
                    WIDTH="1519.0"
                    HEIGHT="161.0">
            <Shape><Polygon POINTS="474 1453 511 1388 1039 1399 1325 1372 1578 1394 1750 1367 1907 1383 1993 1431 1907 1512 1750 1480 1729 1501 1691 1480 1648 1507 1567 1490 1492 1517 1427 1480 1260 1517 1206 1496 1158 1523 975 1501 867 1523 829 1496 759 1523 506 1528 484 1507"/></Shape>
	    <String CONTENT="או ראה או ידע אם לא יגיד ונשא"
                    HPOS="474.0"
                    VPOS="1367.0"
                    WIDTH="1519.0"
                    HEIGHT="161.0"></String>
          </TextLine>

          
          
          <TextLine ID="eSc_line_1343833"
                    
                    BASELINE="501 1587 1998 1566" 
                    HPOS="495.0"
                    VPOS="1480.0"
                    WIDTH="1498.0"
                    HEIGHT="183.0">
            <Shape><Polygon POINTS="495 1582 506 1528 770 1528 824 1496 872 1528 969 1496 1002 1517 1222 1528 1341 1496 1470 1517 1659 1507 1686 1480 1723 1507 1923 1512 1993 1560 1928 1630 1853 1647 1734 1620 1492 1647 1244 1636 1195 1657 1115 1603 1050 1657 878 1630 748 1663 501 1625"/></Shape>
	    <String CONTENT="עונו לרבות את כולן ˙ שלח להן ביד"
                    HPOS="495.0"
                    VPOS="1480.0"
                    WIDTH="1498.0"
                    HEIGHT="183.0"></String>
          </TextLine>

          
          
          <TextLine ID="eSc_line_1343820"
                    
                    BASELINE="452 1711 1998 1690" 
                    HPOS="447.0"
                    VPOS="1603.0"
                    WIDTH="1546.0"
                    HEIGHT="183.0">
            <Shape><Polygon POINTS="447 1706 522 1641 673 1663 883 1636 1061 1657 1120 1603 1190 1657 1745 1630 1783 1652 1950 1657 1977 1630 1993 1684 1982 1733 1917 1770 1632 1749 1567 1781 1260 1749 1206 1776 1023 1776 969 1754 824 1781 721 1760 635 1786 538 1776 463 1706"/></Shape>
	    <String CONTENT="בנו ביד עבדו ביד שלוחו או שאמר"
                    HPOS="447.0"
                    VPOS="1603.0"
                    WIDTH="1546.0"
                    HEIGHT="183.0"></String>
          </TextLine>

          
          
          <TextLine ID="eSc_line_1343817"
                    
                    BASELINE="479 1840 1998 1819" 
                    HPOS="474.0"
                    VPOS="1754.0"
                    WIDTH="1519.0"
                    HEIGHT="167.0">
            <Shape><Polygon POINTS="474 1835 479 1770 700 1786 727 1760 764 1786 1195 1781 1271 1760 1416 1786 1874 1754 1993 1813 1901 1894 1799 1905 1740 1883 1416 1916 1341 1873 1082 1916 899 1910 867 1889 797 1921 732 1900 484 1916"/></Shape>
	    <String CONTENT="להן הנתבע משביע אני עליכם אם"
                    HPOS="474.0"
                    VPOS="1754.0"
                    WIDTH="1519.0"
                    HEIGHT="167.0"></String>
          </TextLine>

          
          
          <TextLine ID="eSc_line_1343829"
                    
                    BASELINE="474 1964 1993 1948" 
                    HPOS="468.0"
                    VPOS="1889.0"
                    WIDTH="1519.0"
                    HEIGHT="156.0">
            <Shape><Polygon POINTS="468 1959 511 1905 808 1921 1217 1910 1249 1889 1287 1910 1357 1889 1411 1916 1917 1894 1987 1943 1977 1980 1907 2023 1804 2007 1696 2034 1648 2007 1379 2034 1319 2013 1292 2034 1012 2023 856 2045 775 2007 743 2039 474 2045"/></Shape>
	    <String CONTENT="יודעין אתם לו לעדות שתבואו [ותע&#39;]"
                    HPOS="468.0"
                    VPOS="1889.0"
                    WIDTH="1519.0"
                    HEIGHT="156.0"></String>
          </TextLine>

          
          
          <TextLine ID="eSc_line_1343804"
                    
                    BASELINE="501 2077 1998 2083" 
                    HPOS="495.0"
                    VPOS="2007.0"
                    WIDTH="1498.0"
                    HEIGHT="162.0">
            <Shape><Polygon POINTS="495 2072 527 2034 748 2039 781 2007 878 2050 1190 2045 1352 2007 1373 2029 1486 2034 1923 2018 1993 2077 1917 2142 1820 2142 1793 2120 1745 2147 1626 2115 1594 2142 1519 2126 1454 2153 1303 2136 1239 2158 1066 2142 942 2169 501 2169"/></Shape>
	    <String CONTENT="ותעידוהו יכול יהו חייבין ת&#39;ל&#39; ושמע&#39;"
                    HPOS="495.0"
                    VPOS="2007.0"
                    WIDTH="1498.0"
                    HEIGHT="162.0"></String>
          </TextLine>

          
          
          <TextLine ID="eSc_line_1343835"
                    
                    BASELINE="479 2212 2014 2201" 
                    HPOS="474.0"
                    VPOS="2126.0"
                    WIDTH="1535.0"
                    HEIGHT="161.0">
            <Shape><Polygon POINTS="474 2206 495 2163 571 2147 948 2169 1314 2136 1546 2147 1616 2126 1734 2153 1793 2126 1820 2147 1950 2147 2009 2196 1998 2228 1917 2276 1777 2244 1696 2276 1610 2255 1282 2266 1222 2287 1169 2233 1077 2287 1002 2249 921 2287 484 2260"/></Shape>
	    <String CONTENT="קול אלה והוא עד עד שישמעו [/]"
                    HPOS="474.0"
                    VPOS="2126.0"
                    WIDTH="1535.0"
                    HEIGHT="161.0"></String>
          </TextLine>

          
          
          <TextLine ID="eSc_line_1343822"
                    
                    BASELINE="452 2336 1955 2314" 
                    HPOS="447.0"
                    VPOS="2239.0"
                    WIDTH="1503.0"
                    HEIGHT="183.0">
            <Shape><Polygon POINTS="447 2330 463 2271 1077 2287 1158 2239 1217 2282 1934 2260 1950 2309 1939 2389 1847 2395 1810 2422 1750 2384 1567 2400 1540 2379 1497 2411 1292 2400 1271 2379 1120 2411 479 2411 457 2389"/></Shape>
	    <String CONTENT="מפי התובע אמר לשנים משביע אני"
                    HPOS="447.0"
                    VPOS="2239.0"
                    WIDTH="1503.0"
                    HEIGHT="183.0"></String>
          </TextLine>

          
          
          <TextLine ID="eSc_line_1343803"
                    
                    BASELINE="479 2470 1977 2459" 
                    HPOS="474.0"
                    VPOS="2379.0"
                    WIDTH="1497.0"
                    HEIGHT="166.0">
            <Shape><Polygon POINTS="474 2465 517 2405 1152 2416 1255 2379 1298 2405 1497 2405 1546 2379 1583 2405 1761 2400 1810 2427 1837 2400 1955 2384 1971 2454 1955 2513 1896 2508 1869 2535 1810 2513 1621 2540 1546 2519 1217 2545 872 2519 818 2540 527 2540 479 2508"/></Shape>
	    <String CONTENT="עליכם פלוני ופלוני אם יודעים אתם"
                    HPOS="474.0"
                    VPOS="2379.0"
                    WIDTH="1497.0"
                    HEIGHT="166.0"></String>
          </TextLine>

          
          
          <TextLine ID="eSc_line_1343838"
                    
                    BASELINE="420 2599 1998 2572" 
                    HPOS="414.0"
                    VPOS="2508.0"
                    WIDTH="1579.0"
                    HEIGHT="183.0">
            <Shape><Polygon POINTS="414 2594 468 2529 1605 2545 1659 2524 1869 2535 1896 2508 1977 2529 1993 2567 1977 2637 1934 2648 1890 2610 1756 2664 1713 2642 1637 2664 1163 2653 1034 2680 964 2648 905 2675 829 2653 694 2675 560 2648 484 2691 420 2632"/></Shape>
	    <String CONTENT="לי עדות שתבאו ותעידוני והן יודעין"
                    HPOS="414.0"
                    VPOS="2508.0"
                    WIDTH="1579.0"
                    HEIGHT="183.0"></String>
          </TextLine>

          
          
          <TextLine ID="eSc_line_1343808"
                    
                    BASELINE="457 2723 2014 2702" 
                    HPOS="452.0"
                    VPOS="2615.0"
                    WIDTH="1557.0"
                    HEIGHT="200.0">
            <Shape><Polygon POINTS="452 2718 549 2658 694 2680 980 2653 1028 2680 1233 2653 1756 2664 1885 2615 2009 2696 1928 2777 1842 2761 1772 2788 1670 2771 1540 2798 1492 2798 1465 2771 1341 2793 1255 2777 1185 2815 1131 2777 1034 2798 975 2750 910 2793 597 2793 463 2728"/></Shape>
	    <String CONTENT="לו עדות עד מפי עד או שהיה אחד"
                    HPOS="452.0"
                    VPOS="2615.0"
                    WIDTH="1557.0"
                    HEIGHT="200.0"></String>
          </TextLine>

          
          
          <TextLine ID="eSc_line_1343807"
                    
                    BASELINE="479 2831 1998 2831" 
                    HPOS="474.0"
                    VPOS="2755.0"
                    WIDTH="1519.0"
                    HEIGHT="167.0">
            <Shape><Polygon POINTS="474 2825 484 2761 592 2798 915 2798 975 2755 1018 2798 1136 2788 1169 2820 1244 2788 1750 2798 1847 2771 1934 2782 1993 2825 1939 2911 1454 2917 1411 2879 1352 2922 1282 2917 1255 2890 1195 2906 1174 2885 1093 2917 969 2885 894 2911 517 2922 484 2890"/></Shape>
	    <String CONTENT="מהן קרוב או פסול יכול יהו חייבין ת&#39;ל&#39;"
                    HPOS="474.0"
                    VPOS="2755.0"
                    WIDTH="1519.0"
                    HEIGHT="167.0"></String>
          </TextLine>

          
          
          <TextLine ID="eSc_line_1343812"
                    
                    BASELINE="522 2965 2009 2965" 
                    HPOS="517.0"
                    VPOS="2879.0"
                    WIDTH="1487.0"
                    HEIGHT="172.0">
            <Shape><Polygon POINTS="517 2960 527 2917 554 2911 1185 2917 1255 2890 1282 2917 1357 2922 1416 2879 1454 2917 1944 2911 2004 2960 1944 3030 1573 3024 1519 3046 1416 3008 1384 3041 1007 3041 975 3014 948 3041 856 3046 802 3019 608 3051 565 3008 527 3030"/></Shape>
	    <String CONTENT="ושמעה קול אלה והוא עד בזמן [/]"
                    HPOS="517.0"
                    VPOS="2879.0"
                    WIDTH="1487.0"
                    HEIGHT="172.0"></String>
          </TextLine>

          
          
          <TextLine ID="eSc_line_1343832"
                    
                    BASELINE="447 3094 2020 3084" 
                    HPOS="441.0"
                    VPOS="3019.0"
                    WIDTH="1573.0"
                    HEIGHT="151.0">
            <Shape><Polygon POINTS="441 3089 484 3024 603 3046 802 3024 867 3046 969 3019 996 3041 1901 3024 2014 3078 1939 3143 1783 3159 1734 3127 1691 3159 1486 3137 1427 3164 1389 3132 1357 3154 1098 3170 689 3164 662 3143 495 3159 452 3116"/></Shape>
	    <String CONTENT="שהן כשירין לעדות ולא בזמן שהן"
                    HPOS="441.0"
                    VPOS="3019.0"
                    WIDTH="1573.0"
                    HEIGHT="151.0"></String>
          </TextLine>

          
          
          <TextLine ID="eSc_line_1343828"
                    
                    BASELINE="501 3207 2009 3197" 
                    HPOS="495.0"
                    VPOS="3127.0"
                    WIDTH="1509.0"
                    HEIGHT="167.0">
            <Shape><Polygon POINTS="495 3202 501 3159 560 3148 662 3148 694 3170 1239 3170 1384 3148 1438 3170 1546 3143 1691 3159 1723 3127 1756 3159 1944 3148 2004 3191 1993 3240 1934 3283 1734 3261 1680 3288 1659 3267 1524 3261 1088 3294 1018 3283 980 3245 931 3283 506 3277"/></Shape>
	    <String CONTENT="פסולין מן העדות עמד בבית הכנסת"
                    HPOS="495.0"
                    VPOS="3127.0"
                    WIDTH="1509.0"
                    HEIGHT="167.0"></String>
          </TextLine>

          
          
          <TextLine ID="eSc_line_1343813"
                    
                    BASELINE="474 3331 1993 3331" 
                    HPOS="468.0"
                    VPOS="3245.0"
                    WIDTH="1519.0"
                    HEIGHT="189.0">
            <Shape><Polygon POINTS="468 3326 479 3277 937 3283 975 3245 1023 3288 1088 3294 1508 3272 1659 3272 1691 3294 1783 3267 1955 3283 1987 3326 1960 3396 1783 3407 1707 3380 1670 3412 1109 3396 1028 3417 975 3396 694 3412 560 3380 479 3434"/></Shape>
	    <String CONTENT="ואמר משביע אני עליכם אם יודעין"
                    HPOS="468.0"
                    VPOS="3245.0"
                    WIDTH="1519.0"
                    HEIGHT="189.0"></String>
          </TextLine>

          
          
          <TextLine ID="eSc_line_1343815"
                    
                    BASELINE="495 3460 1998 3460" 
                    HPOS="490.0"
                    VPOS="3396.0"
                    WIDTH="1503.0"
                    HEIGHT="151.0">
            <Shape><Polygon POINTS="490 3455 533 3401 1352 3417 1907 3396 1971 3412 1993 3455 1944 3530 1880 3541 1793 3520 1664 3536 1605 3504 1540 3547 1470 3520 1362 3547 1244 3520 1185 3541 980 3541 953 3520 748 3547 711 3509 549 3541 501 3509"/></Shape>
	    <String CONTENT="אתם לי עדות שתבואו ותעידוני"
                    HPOS="490.0"
                    VPOS="3396.0"
                    WIDTH="1503.0"
                    HEIGHT="151.0"></String>
          </TextLine>

          
          
          <TextLine ID="eSc_line_1343814"
                    
                    BASELINE="474 3584 1998 3590" 
                    HPOS="468.0"
                    VPOS="3509.0"
                    WIDTH="1525.0"
                    HEIGHT="161.0">
            <Shape><Polygon POINTS="468 3579 511 3530 657 3536 705 3509 743 3547 1072 3525 1190 3541 1233 3514 1346 3547 1443 3525 1508 3547 1589 3514 1670 3536 1783 3514 1804 3536 1944 3530 1993 3584 1917 3654 1804 3654 1772 3627 1594 3660 1513 3633 1400 3670 1362 3649 797 3665 705 3622 624 3665 511 3654 474 3617"/></Shape>
	    <String CONTENT="יכול יהו חייבין ת&#39;ל&#39; ושמעה קול אלה"
                    HPOS="468.0"
                    VPOS="3509.0"
                    WIDTH="1525.0"
                    HEIGHT="161.0"></String>
          </TextLine>

          
          
          <TextLine ID="eSc_line_1343819"
                    
                    BASELINE="533 3703 1993 3708" 
                    HPOS="527.0"
                    VPOS="3622.0"
                    WIDTH="1460.0"
                    HEIGHT="172.0">
            <Shape><Polygon POINTS="527 3697 533 3654 646 3665 705 3622 738 3654 921 3670 1971 3638 1987 3703 1955 3773 1869 3778 1680 3767 1600 3789 1562 3751 1427 3783 1389 3746 1330 3783 1260 3751 1233 3778 1104 3794 1039 3756 1007 3783 926 3789 786 3789 754 3756 727 3783 587 3762 533 3778"/></Shape>
	    <String CONTENT="והוא עד עד שיהא מתכוין להם"
                    HPOS="527.0"
                    VPOS="3622.0"
                    WIDTH="1460.0"
                    HEIGHT="172.0"></String>
          </TextLine>

          
          
          <TextLine ID="eSc_line_1343825"
                    
                    BASELINE="544 3821 1987 3837" 
                    HPOS="538.0"
                    VPOS="3751.0"
                    WIDTH="1444.0"
                    HEIGHT="167.0">
            <Shape><Polygon POINTS="538 3816 571 3762 641 3789 754 3767 1007 3783 1039 3762 1104 3794 1228 3783 1265 3751 1298 3783 1379 3762 1416 3783 1562 3767 1605 3800 1934 3773 1982 3832 1950 3896 1702 3891 1626 3918 1449 3907 1411 3875 1325 3913 1271 3886 1228 3907 1093 3886 824 3913 775 3870 694 3918 641 3880 614 3902 544 3880"/></Shape>
	    <String CONTENT="משביע אני עליכם לכשתדעו לי"
                    HPOS="538.0"
                    VPOS="3751.0"
                    WIDTH="1444.0"
                    HEIGHT="167.0"></String>
          </TextLine>

          
          
          <TextLine ID="eSc_line_1343801"
                    
                    BASELINE="452 3950 1998 3950" 
                    HPOS="447.0"
                    VPOS="3870.0"
                    WIDTH="1546.0"
                    HEIGHT="166.0">
            <Shape><Polygon POINTS="447 3945 484 3870 684 3918 770 3875 824 3918 1093 3896 1276 3896 1336 3918 1411 3891 1449 3913 1637 3918 1702 3896 1982 3891 1993 3945 1982 3993 1944 4020 1847 3993 1820 4020 1740 4031 1362 4036 1314 3988 1239 4031 958 4031 931 4009 840 4031 764 4004 700 4026 484 4026 457 3999"/></Shape>
	    <String CONTENT="עדות שתבואו ותעידוני יכול יהו חייבי&#39;"
                    HPOS="447.0"
                    VPOS="3870.0"
                    WIDTH="1546.0"
                    HEIGHT="166.0"></String>
          </TextLine>

          
          
          <TextLine ID="eSc_line_1343809"
                    
                    BASELINE="495 4063 1987 4079" 
                    HPOS="490.0"
                    VPOS="3988.0"
                    WIDTH="1492.0"
                    HEIGHT="172.0">
            <Shape><Polygon POINTS="490 4058 501 4020 544 4009 1228 4031 1314 3988 1357 4031 1529 4036 1810 4020 1858 3988 1944 4015 1982 4074 1966 4144 1917 4149 1842 4117 1799 4144 1600 4139 1556 4160 1465 4133 1319 4149 1292 4128 1212 4155 818 4133 732 4155 705 4128 641 4122 517 4149 495 4128"/></Shape>
	    <String CONTENT="ת&#39;ל&#39; ושמעה קול אלה והוא עד בזמן"
                    HPOS="490.0"
                    VPOS="3988.0"
                    WIDTH="1492.0"
                    HEIGHT="172.0"></String>
          </TextLine>

          
          
          <TextLine ID="eSc_line_1343802"
                    
                    BASELINE="517 4187 1998 4187" 
                    HPOS="511.0"
                    VPOS="4128.0"
                    WIDTH="1482.0"
                    HEIGHT="156.0">
            <Shape><Polygon POINTS="511 4182 522 4149 624 4128 711 4133 743 4160 1562 4160 1847 4133 1885 4155 1977 4149 1993 4182 1982 4236 1934 4273 1815 4279 1767 4252 1734 4273 1573 4257 1503 4284 1459 4257 1346 4284 1007 4279 964 4252 942 4273 635 4262 522 4284"/></Shape>
	    <String CONTENT="שקדמה עדות את השבועה ולא"
                    HPOS="511.0"
                    VPOS="4128.0"
                    WIDTH="1482.0"
                    HEIGHT="156.0"></String>
          </TextLine>

          
          
          <TextLine ID="eSc_line_1343810"
                    
                    BASELINE="689 4316 1998 4316" 
                    HPOS="684.0"
                    VPOS="4262.0"
                    WIDTH="1309.0"
                    HEIGHT="146.0">
            <Shape><Polygon POINTS="684 4311 694 4268 738 4262 958 4289 1055 4268 1352 4284 1454 4262 1508 4284 1777 4262 1966 4273 1993 4311 1977 4392 1804 4408 1750 4375 1589 4408 1551 4386 1384 4397 1346 4370 1298 4402 1082 4402 1055 4375 856 4402 694 4370"/></Shape>
	    <String CONTENT="בזמן שקדמה שבועה לעדות ˙"
                    HPOS="684.0"
                    VPOS="4262.0"
                    WIDTH="1309.0"
                    HEIGHT="146.0"></String>
          </TextLine>

          
          
          <TextLine ID="eSc_line_1343811"
                    
                    BASELINE="506 4435 1998 4445" 
                    HPOS="501.0"
                    VPOS="4370.0"
                    WIDTH="1492.0"
                    HEIGHT="162.0">
            <Shape><Polygon POINTS="501 4429 538 4375 867 4402 1045 4370 1077 4402 1977 4392 1993 4440 1966 4510 1799 4526 1750 4489 1707 4515 1578 4499 1497 4532 1459 4505 1400 4521 1373 4494 1249 4526 1190 4499 867 4521 732 4499 651 4521 614 4499 538 4515 506 4483"/></Shape>
	    <String CONTENT="מנין שאין מדבר אלא בתביעת"
                    HPOS="501.0"
                    VPOS="4370.0"
                    WIDTH="1492.0"
                    HEIGHT="162.0"></String>
          </TextLine>

          
          
          <TextLine ID="eSc_line_1343798"
                    
                    BASELINE="517 4553 2041 4569" 
                    HPOS="511.0"
                    VPOS="4494.0"
                    WIDTH="1525.0"
                    HEIGHT="167.0">
            <Shape><Polygon POINTS="511 4548 614 4505 1255 4526 1384 4494 1503 4526 1556 4526 1583 4499 1653 4521 1756 4499 1788 4526 1971 4510 2036 4564 1971 4634 1799 4634 1772 4661 1713 4612 1626 4645 1556 4618 1438 4650 1362 4623 1319 4645 1244 4628 1098 4650 931 4623 759 4655 727 4623 619 4639 517 4585"/></Shape>
	    <String CONTENT="ממון א&#39;ר&#39; אלעז&#39; נאמרו כאן או [/]"
                    HPOS="511.0"
                    VPOS="4494.0"
                    WIDTH="1525.0"
                    HEIGHT="167.0"></String>
          </TextLine>

          
          
          <TextLine ID="eSc_line_1343799"
                    
                    BASELINE="549 4698 1977 4688" 
                    HPOS="544.0"
                    VPOS="4618.0"
                    WIDTH="1427.0"
                    HEIGHT="167.0">
            <Shape><Polygon POINTS="544 4693 554 4623 732 4628 754 4650 1249 4628 1287 4650 1357 4628 1443 4650 1546 4618 1675 4645 1718 4623 1756 4661 1955 4645 1971 4682 1955 4768 1842 4785 1804 4758 1605 4779 1449 4747 1416 4768 1292 4747 1152 4785 1115 4758 991 4779 942 4763 905 4785 856 4752 802 4779 775 4752 689 4763 635 4731 549 4747"/></Shape>
	    <String CONTENT="אין ונאמרו או אין בפיקדון מה"
                    HPOS="544.0"
                    VPOS="4618.0"
                    WIDTH="1427.0"
                    HEIGHT="167.0"></String>
          </TextLine>

          
          
          <TextLine ID="eSc_line_1343806"
                    
                    BASELINE="495 4811 2025 4811" 
                    HPOS="490.0"
                    VPOS="4752.0"
                    WIDTH="1530.0"
                    HEIGHT="162.0">
            <Shape><Polygon POINTS="490 4806 501 4758 624 4752 781 4763 802 4785 840 4763 910 4785 1109 4763 1147 4785 1287 4763 1815 4763 1853 4785 2009 4758 2020 4806 1977 4892 1890 4898 1847 4871 1740 4914 1691 4892 1535 4908 1357 4887 1303 4908 1276 4881 1217 4903 958 4903 926 4876 840 4876 786 4903 576 4871 527 4914 501 4887"/></Shape>
	    <String CONTENT="או אין האמורין בפיקדון אין מדברין"
                    HPOS="490.0"
                    VPOS="4752.0"
                    WIDTH="1530.0"
                    HEIGHT="162.0"></String>
          </TextLine>

          
          
          <TextLine ID="eSc_line_1343805"
                    
                    BASELINE="522 4946 2020 4941" 
                    HPOS="517.0"
                    VPOS="4881.0"
                    WIDTH="1497.0"
                    HEIGHT="146.0">
            <Shape><Polygon POINTS="517 4941 522 4892 554 4881 619 4903 646 4881 759 4881 781 4903 813 4881 953 4903 1131 4903 1163 4881 1212 4903 1777 4903 1853 4881 1885 4903 1987 4887 2014 4935 1998 5000 1950 5027 1513 5027 1492 5005 1459 5027 1120 5027 1093 5000 1002 5021 975 5005 953 5027 915 5000 705 5000 624 5027 597 5000 522 5000"/></Shape>
	    <String CONTENT="אלא בתביעת ממון אף או אין [/]"
                    HPOS="517.0"
                    VPOS="4881.0"
                    WIDTH="1497.0"
                    HEIGHT="146.0"></String>
          </TextLine>

          
        </TextBlock>
        

        
      </PrintSpace>
    </Page>
  </Layout>
</alto>
