<?xml version="1.0" encoding="UTF-8"?>
<alto xmlns:xsi="http://www.w3.org/2001/XMLSchema-instance"
      xmlns="http://www.loc.gov/standards/alto/ns-v4#"
      xsi:schemaLocation="http://www.loc.gov/standards/alto/ns-v4# http://www.loc.gov/standards/alto/v4/alto-4-2.xsd">
  <Description>
    <MeasurementUnit>pixel</MeasurementUnit>
    <sourceImageInformation>
      <fileName>oulis2017-aya-0101-0.jpg</fileName>
      
    </sourceImageInformation>
  </Description>
  
  <Tags>
    <OtherTag ID="BT1164" LABEL="Hole" DESCRIPTION="block type Hole"/><OtherTag ID="BT2" LABEL="Main" DESCRIPTION="block type Main"/><OtherTag ID="BT3" LABEL="Commentary" DESCRIPTION="block type Commentary"/><OtherTag ID="BT4" LABEL="Illustration" DESCRIPTION="block type Illustration"/><OtherTag ID="BT218" LABEL="Margin" DESCRIPTION="block type Margin"/><OtherTag ID="BT219" LABEL="Paratext" DESCRIPTION="block type Paratext"/>
    <OtherTag ID="LT2" LABEL="Numbering" DESCRIPTION="line type Numbering"/><OtherTag ID="LT3" LABEL="Correction" DESCRIPTION="line type Correction"/><OtherTag ID="LT481" LABEL="Gloss" DESCRIPTION="line type Gloss"/>
  </Tags>
  
  <Layout>
    <Page WIDTH="5402"
          HEIGHT="6454"
          PHYSICAL_IMG_NR="88"
          ID="eSc_dummypage_">
      <PrintSpace HPOS="0"
                  VPOS="0"
                  WIDTH="5402"
                  HEIGHT="6454">
        
        <TextBlock HPOS="3036.0"
                   VPOS="1068.0"
                   WIDTH="1794.0"
                   HEIGHT="4195.0"
                   ID="eSc_textblock_7414"
                   TAGREFS="BT2">
          <Shape><Polygon POINTS="3036 1093 3160 5263 4830 5263 4731 1068"/></Shape>
          
          
          <TextLine ID="eSc_line_1324107"
                    
                    BASELINE="3104 1177 4643 1167" 
                    HPOS="3099.0"
                    VPOS="1081.0"
                    WIDTH="1538.0"
                    HEIGHT="161.0">
            <Shape><Polygon POINTS="3099 1172 3104 1124 3174 1124 3228 1091 3335 1124 3578 1124 3621 1102 3685 1124 3777 1086 3814 1124 3857 1124 3927 1102 4180 1118 4282 1081 4621 1081 4637 1161 4621 1226 4578 1237 4379 1237 4352 1215 4169 1237 4116 1215 4062 1237 3981 1215 3863 1237 3669 1220 3637 1242 3529 1220 3475 1242 3421 1220 3378 1242 3104 1231"/></Shape>
	    <String CONTENT="לסיגים למה סבאך מהול במים בר קפרא"
                    HPOS="3099.0"
                    VPOS="1081.0"
                    WIDTH="1538.0"
                    HEIGHT="161.0"></String>
          </TextLine>

          
          
          <TextLine ID="eSc_line_1324109"
                    
                    BASELINE="3126 1301 4637 1290" 
                    HPOS="3120.0"
                    VPOS="1226.0"
                    WIDTH="1512.0"
                    HEIGHT="166.0">
            <Shape><Polygon POINTS="3120 1296 3147 1263 3384 1253 3416 1231 4013 1247 4352 1226 4487 1247 4573 1226 4616 1231 4632 1285 4616 1355 4557 1371 4261 1366 4229 1339 4148 1366 3960 1355 3809 1382 3691 1339 3594 1382 3551 1360 3384 1376 3265 1360 3174 1392 3126 1349"/></Shape>
	    <String CONTENT="א&#39; ארכי בר יונים דהוון זיינין אטקטיא ˙"
                    HPOS="3120.0"
                    VPOS="1226.0"
                    WIDTH="1512.0"
                    HEIGHT="166.0"></String>
          </TextLine>

          
          
          <TextLine ID="eSc_line_1324111"
                    
                    BASELINE="3158 1430 4637 1414" 
                    HPOS="3152.0"
                    VPOS="1333.0"
                    WIDTH="1480.0"
                    HEIGHT="183.0">
            <Shape><Polygon POINTS="3152 1425 3265 1366 3599 1382 3696 1333 3750 1371 3868 1360 3900 1382 4325 1349 4374 1371 4616 1360 4632 1409 4616 1479 4546 1495 4455 1452 4411 1489 4374 1468 4019 1505 3551 1484 3395 1516 3341 1484 3271 1505 3158 1495"/></Shape>
	    <String CONTENT="שריך סוררים שהיו בולם אוהנין את"
                    HPOS="3152.0"
                    VPOS="1333.0"
                    WIDTH="1480.0"
                    HEIGHT="183.0"></String>
          </TextLine>

          
          
          <TextLine ID="eSc_line_1324113"
                    
                    BASELINE="3099 1559 4686 1554" 
                    HPOS="3093.0"
                    VPOS="1457.0"
                    WIDTH="1588.0"
                    HEIGHT="194.0">
            <Shape><Polygon POINTS="3093 1554 3147 1495 3196 1511 3335 1489 3400 1511 3578 1479 3658 1500 4142 1505 4406 1495 4449 1457 4519 1495 4611 1500 4654 1479 4681 1548 4616 1608 4546 1629 4406 1602 4309 1629 4218 1602 4121 1635 3206 1624 3158 1651 3099 1591"/></Shape>
	    <String CONTENT="הגזל ˙ חברי גנבים שהיו כולם מתחברין"
                    HPOS="3093.0"
                    VPOS="1457.0"
                    WIDTH="1588.0"
                    HEIGHT="194.0"></String>
          </TextLine>

          
          
          <TextLine ID="eSc_line_1324115"
                    
                    BASELINE="3147 1704 4659 1683" 
                    HPOS="3142.0"
                    VPOS="1608.0"
                    WIDTH="1512.0"
                    HEIGHT="204.0">
            <Shape><Polygon POINTS="3142 1699 3147 1656 3201 1635 4159 1635 4272 1613 4535 1635 4573 1608 4600 1608 4654 1678 4643 1726 4594 1753 4411 1753 4385 1731 4352 1753 3981 1742 3938 1774 3911 1747 3820 1769 3717 1737 3421 1769 3228 1758 3174 1812 3152 1790"/></Shape>
	    <String CONTENT="לגנבין א&#39;ר&#39; ברכיה מעשה באשה אחת"
                    HPOS="3142.0"
                    VPOS="1608.0"
                    WIDTH="1512.0"
                    HEIGHT="204.0"></String>
          </TextLine>

          
          
          <TextLine ID="eSc_line_1324117"
                    
                    BASELINE="3190 1823 4686 1807" 
                    HPOS="3185.0"
                    VPOS="1731.0"
                    WIDTH="1496.0"
                    HEIGHT="172.0">
            <Shape><Polygon POINTS="3185 1817 3233 1764 3647 1769 3712 1731 3803 1764 3890 1747 3938 1785 3976 1753 4616 1753 4681 1801 4637 1866 4573 1887 4530 1866 4406 1893 4218 1866 3970 1893 3884 1871 3680 1893 3594 1877 3513 1903 3427 1871 3319 1898 3260 1866 3196 1882"/></Shape>
	    <String CONTENT="שנגנב מיחם שלה והלכה לקיבול"
                    HPOS="3185.0"
                    VPOS="1731.0"
                    WIDTH="1496.0"
                    HEIGHT="172.0"></String>
          </TextLine>

          
          
          <TextLine ID="eSc_line_1324119"
                    
                    BASELINE="3185 1963 4664 1936" 
                    HPOS="3179.0"
                    VPOS="1866.0"
                    WIDTH="1480.0"
                    HEIGHT="172.0">
            <Shape><Polygon POINTS="3179 1957 3206 1893 3378 1903 3411 1877 3454 1898 4358 1877 4390 1898 4524 1866 4546 1887 4621 1887 4659 1930 4605 2011 4309 1995 4261 2038 4202 2011 3841 2027 3814 2000 3674 2038 3540 2016 3330 2038 3244 2033 3185 1995"/></Shape>
	    <String CONTENT="עליו לדיין ומצאתו שפות על גבי"
                    HPOS="3179.0"
                    VPOS="1866.0"
                    WIDTH="1480.0"
                    HEIGHT="172.0"></String>
          </TextLine>

          
          
          <TextLine ID="eSc_line_1324121"
                    
                    BASELINE="3077 2086 4664 2081" 
                    HPOS="3072.0"
                    VPOS="2000.0"
                    WIDTH="1587.0"
                    HEIGHT="172.0">
            <Shape><Polygon POINTS="3072 2081 3169 2006 3260 2038 3400 2033 3421 2011 3448 2033 3680 2033 3809 2006 3852 2033 4013 2043 4191 2022 4261 2038 4299 2006 4368 2022 4449 2000 4643 2016 4659 2076 4611 2145 4541 2113 4487 2145 4363 2119 4336 2145 4245 2140 4175 2167 4046 2156 3976 2124 3943 2156 3873 2162 3820 2124 3787 2151 3734 2140 3658 2167 3545 2151 3513 2124 3438 2156 3163 2172 3083 2108"/></Shape>
	    <String CONTENT="נירתו ˙ מעשה באיש אחד שניגנבה"
                    HPOS="3072.0"
                    VPOS="2000.0"
                    WIDTH="1587.0"
                    HEIGHT="172.0"></String>
          </TextLine>

          
          
          <TextLine ID="eSc_line_1324123"
                    
                    BASELINE="3163 2205 4686 2194" 
                    HPOS="3158.0"
                    VPOS="2113.0"
                    WIDTH="1523.0"
                    HEIGHT="178.0">
            <Shape><Polygon POINTS="3158 2199 3190 2156 3491 2167 3518 2140 3658 2178 3787 2156 3814 2129 3906 2162 3970 2124 3992 2145 4148 2145 4169 2167 4245 2135 4487 2145 4530 2113 4568 2145 4654 2124 4681 2188 4648 2253 4471 2275 4245 2275 4212 2242 4142 2280 3954 2258 3873 2291 3814 2269 3717 2291 3572 2258 3529 2291 3459 2248 3416 2280 3341 2285 3222 2280 3163 2248"/></Shape>
	    <String CONTENT="טליתו ובא לקיבול עליה לדיין ומצאה"
                    HPOS="3158.0"
                    VPOS="2113.0"
                    WIDTH="1523.0"
                    HEIGHT="178.0"></String>
          </TextLine>

          
          
          <TextLine ID="eSc_line_1324125"
                    
                    BASELINE="3120 2334 4664 2323" 
                    HPOS="3115.0"
                    VPOS="2242.0"
                    WIDTH="1544.0"
                    HEIGHT="172.0">
            <Shape><Polygon POINTS="3115 2328 3174 2264 3233 2285 3416 2285 3459 2248 3513 2296 3583 2258 3712 2301 3954 2264 4148 2280 4212 2242 4261 2280 4643 2264 4659 2318 4643 2387 3954 2382 3841 2409 3723 2344 3610 2409 3556 2409 3529 2382 3405 2382 3196 2414 3120 2339"/></Shape>
	    <String CONTENT="מוצעת על גבי מיטתן ˙ א&#39;ר&#39; לוי מעש&#39;"
                    HPOS="3115.0"
                    VPOS="2242.0"
                    WIDTH="1544.0"
                    HEIGHT="172.0"></String>
          </TextLine>

          
          
          <TextLine ID="eSc_line_1324127"
                    
                    BASELINE="3190 2457 4697 2425" 
                    HPOS="3185.0"
                    VPOS="2344.0"
                    WIDTH="1506.0"
                    HEIGHT="183.0">
            <Shape><Polygon POINTS="3185 2452 3212 2409 3524 2382 3561 2414 3642 2404 3723 2344 3814 2409 3938 2387 4169 2404 4212 2382 4433 2398 4551 2371 4654 2387 4691 2420 4648 2495 4428 2511 4315 2511 4277 2474 4186 2517 3954 2517 3890 2495 3830 2522 3685 2495 3615 2527 3421 2527 3298 2500 3260 2517 3190 2463"/></Shape>
	    <String CONTENT="נאשה אחת שכיבדה לריין מנורה"
                    HPOS="3185.0"
                    VPOS="2344.0"
                    WIDTH="1506.0"
                    HEIGHT="183.0"></String>
          </TextLine>

          
          
          <TextLine ID="eSc_line_1324129"
                    
                    BASELINE="3163 2576 4707 2554" 
                    HPOS="3158.0"
                    VPOS="2479.0"
                    WIDTH="1544.0"
                    HEIGHT="172.0">
            <Shape><Polygon POINTS="3158 2570 3212 2479 3265 2522 3319 2506 3416 2527 3647 2506 3847 2522 3890 2500 4191 2517 4272 2484 4309 2511 4589 2495 4643 2500 4702 2549 4627 2624 4142 2635 4046 2608 4013 2635 3916 2646 3803 2613 3734 2646 3594 2635 3567 2608 3518 2646 3368 2624 3222 2651 3169 2624"/></Shape>
	    <String CONTENT="אחת של כסף והלך אנטידיקום שלה"
                    HPOS="3158.0"
                    VPOS="2479.0"
                    WIDTH="1544.0"
                    HEIGHT="172.0"></String>
          </TextLine>

          
          
          <TextLine ID="eSc_line_1324131"
                    
                    BASELINE="3212 2689 4707 2683" 
                    HPOS="3206.0"
                    VPOS="2613.0"
                    WIDTH="1496.0"
                    HEIGHT="178.0">
            <Shape><Polygon POINTS="3206 2683 3239 2635 3357 2624 3814 2646 3852 2619 4013 2640 4046 2613 4153 2640 4659 2613 4702 2678 4648 2742 4594 2753 4401 2737 4024 2769 3841 2748 3739 2764 3653 2759 3621 2732 3594 2759 3481 2769 3438 2748 3271 2753 3212 2791"/></Shape>
	    <String CONTENT="וכיבדו סייח של זהב למחר אתת ואש&#39;"
                    HPOS="3206.0"
                    VPOS="2613.0"
                    WIDTH="1496.0"
                    HEIGHT="178.0"></String>
          </TextLine>

          
          
          <TextLine ID="eSc_line_1324133"
                    
                    BASELINE="3217 2829 4707 2807" 
                    HPOS="3212.0"
                    VPOS="2721.0"
                    WIDTH="1490.0"
                    HEIGHT="199.0">
            <Shape><Polygon POINTS="3212 2823 3228 2780 3368 2753 3438 2753 3465 2780 3723 2759 3782 2785 4250 2742 4282 2764 4455 2742 4535 2759 4654 2748 4681 2721 4702 2802 4664 2888 4218 2898 4180 2866 4094 2904 3965 2893 3836 2920 3787 2872 3712 2898 3615 2904 3583 2882 3491 2909 3341 2882 3276 2904 3217 2866"/></Shape>
	    <String CONTENT="ואשתבחת דינה הפוך אמרה ליד"
                    HPOS="3212.0"
                    VPOS="2721.0"
                    WIDTH="1490.0"
                    HEIGHT="199.0"></String>
          </TextLine>

          
          
          <TextLine ID="eSc_line_1324134"
                    
                    BASELINE="3169 2963 4729 2936" 
                    HPOS="3163.0"
                    VPOS="2866.0"
                    WIDTH="1561.0"
                    HEIGHT="172.0">
            <Shape><Polygon POINTS="3163 2958 3201 2877 3421 2925 3540 2888 3669 2915 3798 2893 3825 2915 4083 2915 4180 2866 4218 2898 4643 2882 4724 2931 4632 3017 4524 2990 4406 3022 4288 2990 4250 3017 4196 2984 4153 3028 4116 3033 4083 3006 4046 3038 3927 3011 3814 3038 3766 3001 3707 3038 3169 3038"/></Shape>
	    <String CONTENT="מרי ונהר דיני קודמך בההוא מנורת"
                    HPOS="3163.0"
                    VPOS="2866.0"
                    WIDTH="1561.0"
                    HEIGHT="172.0"></String>
          </TextLine>

          
          
          <TextLine ID="eSc_line_1324135"
                    
                    BASELINE="3152 3087 4745 3071" 
                    HPOS="3147.0"
                    VPOS="2990.0"
                    WIDTH="1593.0"
                    HEIGHT="199.0">
            <Shape><Polygon POINTS="3147 3081 3239 3028 3405 3033 3432 3054 3771 3022 4116 3044 4196 2990 4245 3028 4293 2990 4336 3022 4460 3001 4659 3011 4740 3065 4654 3130 4584 3146 4234 3140 4142 3162 4105 3135 3825 3162 3728 3140 3621 3162 3534 3140 3486 3189 3438 3140 3405 3167 3352 3135 3303 3167 3233 3157 3152 3087"/></Shape>
	    <String CONTENT="דכספא א&#39; לה ומה אעשה ליך ובפה"
                    HPOS="3147.0"
                    VPOS="2990.0"
                    WIDTH="1593.0"
                    HEIGHT="199.0"></String>
          </TextLine>

          
          
          <TextLine ID="eSc_line_1324136"
                    
                    BASELINE="3206 3221 4740 3194" 
                    HPOS="3201.0"
                    VPOS="3130.0"
                    WIDTH="1533.0"
                    HEIGHT="166.0">
            <Shape><Polygon POINTS="3201 3216 3249 3162 3314 3167 3335 3146 3486 3189 3534 3135 3674 3173 3728 3146 3803 3167 3911 3146 4411 3157 4637 3130 4734 3189 4637 3259 4401 3243 4374 3270 4116 3280 3992 3259 3809 3280 3744 3259 3717 3286 3621 3270 3502 3296 3357 3291 3308 3264 3244 3286 3206 3259"/></Shape>
	    <String CONTENT="הסייח את המנורה הדה&#39; דבת&#39; כולו [/]"
                    HPOS="3201.0"
                    VPOS="3130.0"
                    WIDTH="1533.0"
                    HEIGHT="166.0"></String>
          </TextLine>

          
          
          <TextLine ID="eSc_line_1324140"
                    
                    BASELINE="3190 3345 4740 3302" 
                    HPOS="3185.0"
                    VPOS="3248.0"
                    WIDTH="1549.0"
                    HEIGHT="167.0">
            <Shape><Polygon POINTS="3185 3339 3222 3280 3712 3291 3755 3253 3847 3286 3986 3270 4137 3291 4159 3270 4605 3248 4734 3296 4643 3377 4422 3366 4245 3388 4186 3361 4083 3399 3890 3388 3755 3409 3658 3366 3615 3404 3534 3415 3276 3404 3212 3339"/></Shape>
	    <String CONTENT="אוהב שוחד שהיו כולן אוהבין את"
                    HPOS="3185.0"
                    VPOS="3248.0"
                    WIDTH="1549.0"
                    HEIGHT="167.0"></String>
          </TextLine>

          
          
          <TextLine ID="eSc_line_1324141"
                    
                    BASELINE="3163 3452 4750 3420" 
                    HPOS="3158.0"
                    VPOS="3361.0"
                    WIDTH="1587.0"
                    HEIGHT="167.0">
            <Shape><Polygon POINTS="3158 3447 3163 3399 3222 3361 3276 3409 3400 3415 3599 3415 3642 3388 3664 3409 3701 3388 3820 3409 3895 3388 4078 3404 4191 3372 4460 3388 4481 3366 4670 3372 4745 3415 4637 3506 4508 3495 4487 3474 4455 3501 4363 3495 4331 3474 4164 3517 3809 3495 3615 3522 3572 3490 3545 3517 3497 3495 3411 3528 3346 3495 3319 3528 3206 3528 3163 3490"/></Shape>
	    <String CONTENT="הגזל ורודף שלמונים שלם לי ואשלם"
                    HPOS="3158.0"
                    VPOS="3361.0"
                    WIDTH="1587.0"
                    HEIGHT="167.0"></String>
          </TextLine>

          
          
          <TextLine ID="eSc_line_1324142"
                    
                    BASELINE="3185 3587 4745 3538" 
                    HPOS="3179.0"
                    VPOS="3479.0"
                    WIDTH="1561.0"
                    HEIGHT="183.0">
            <Shape><Polygon POINTS="3179 3581 3244 3522 3303 3533 3346 3495 3448 3528 3567 3490 3610 3522 3949 3522 4083 3501 4175 3517 4336 3479 4557 3506 4675 3490 4740 3533 4643 3624 4568 3598 4541 3624 4428 3630 4390 3598 4315 3630 4223 3608 4094 3646 3814 3608 3787 3635 3664 3641 3545 3619 3459 3662 3411 3624 3265 3657 3185 3603"/></Shape>
	    <String CONTENT="לך יתום לא ישפוטו וריב אלמנה לא"
                    HPOS="3179.0"
                    VPOS="3479.0"
                    WIDTH="1561.0"
                    HEIGHT="183.0"></String>
          </TextLine>

          
          
          <TextLine ID="eSc_line_1324143"
                    
                    BASELINE="3233 3694 4724 3668" 
                    HPOS="3228.0"
                    VPOS="3603.0"
                    WIDTH="1490.0"
                    HEIGHT="177.0">
            <Shape><Polygon POINTS="3228 3689 3233 3651 3405 3635 3454 3668 3545 3619 3691 3641 3787 3635 3820 3608 3906 3646 3938 3630 4083 3651 4207 3614 4261 3635 4358 3624 4379 3603 4417 3630 4675 3619 4718 3662 4686 3721 4562 3748 4508 3732 4481 3754 4159 3732 4013 3770 3787 3732 3621 3775 3518 3743 3373 3780 3303 3727 3233 3743"/></Shape>
	    <String CONTENT="יבא אליהם ר&#39; לעזר ור&#39; יוחנ&#39; ר&#39; לעזרי"
                    HPOS="3228.0"
                    VPOS="3603.0"
                    WIDTH="1490.0"
                    HEIGHT="177.0"></String>
          </TextLine>

          
          
          <TextLine ID="eSc_line_1324144"
                    
                    BASELINE="3206 3834 4767 3797" 
                    HPOS="3201.0"
                    VPOS="3727.0"
                    WIDTH="1560.0"
                    HEIGHT="183.0">
            <Shape><Polygon POINTS="3201 3829 3206 3775 3287 3732 3362 3780 3524 3748 3615 3786 3728 3748 3777 3770 3916 3748 4083 3770 4159 3737 4202 3759 4492 3759 4637 3727 4718 3791 4761 3791 4675 3872 4616 3877 4169 3867 3782 3893 3664 3872 3610 3904 3497 3877 3411 3910 3260 3910 3206 3861"/></Shape>
	    <String CONTENT="א&#39; בראשונה היה אדם מת בירושלם"
                    HPOS="3201.0"
                    VPOS="3727.0"
                    WIDTH="1560.0"
                    HEIGHT="183.0"></String>
          </TextLine>

          
          
          <TextLine ID="eSc_line_1324145"
                    
                    BASELINE="3228 3947 4772 3931" 
                    HPOS="3222.0"
                    VPOS="3867.0"
                    WIDTH="1545.0"
                    HEIGHT="172.0">
            <Shape><Polygon POINTS="3222 3942 3287 3899 4492 3867 4691 3872 4767 3926 4697 3990 4250 3990 4116 4017 3976 3996 3852 4039 3793 3990 3728 4022 3631 4006 3599 4033 3308 4039 3228 3958"/></Shape>
	    <String CONTENT="והיה ממנה אפוטרופין על היתומין"
                    HPOS="3222.0"
                    VPOS="3867.0"
                    WIDTH="1545.0"
                    HEIGHT="172.0"></String>
          </TextLine>

          
          
          <TextLine ID="eSc_line_1324146"
                    
                    BASELINE="3233 4076 4772 4049" 
                    HPOS="3228.0"
                    VPOS="3990.0"
                    WIDTH="1539.0"
                    HEIGHT="172.0">
            <Shape><Polygon POINTS="3228 4071 3276 4028 3502 4044 3631 4006 3723 4028 3782 4001 3852 4039 3960 4001 4121 4022 4207 3996 4686 3990 4767 4044 4697 4109 4503 4125 4460 4109 4148 4141 4024 4114 3873 4146 3626 4130 3416 4162 3233 4135"/></Shape>
	    <String CONTENT="והיתה אלמנה תובעת כתובתה מן [ה/]"
                    HPOS="3228.0"
                    VPOS="3990.0"
                    WIDTH="1539.0"
                    HEIGHT="172.0"></String>
          </TextLine>

          
          
          <TextLine ID="eSc_line_1324147"
                    
                    BASELINE="3249 4205 4767 4168" 
                    HPOS="3244.0"
                    VPOS="4109.0"
                    WIDTH="1517.0"
                    HEIGHT="172.0">
            <Shape><Polygon POINTS="3244 4200 3249 4152 3416 4162 3513 4135 3604 4157 3626 4135 3760 4130 3879 4152 4024 4114 4056 4141 4245 4141 4637 4109 4691 4114 4761 4162 4664 4232 4621 4216 4541 4243 4438 4232 4417 4254 4368 4221 4293 4254 3863 4243 3669 4270 3626 4243 3561 4265 3459 4238 3421 4281 3249 4254"/></Shape>
	    <String CONTENT="היתומין והם הולכים אצל הדיין [ו/]"
                    HPOS="3244.0"
                    VPOS="4109.0"
                    WIDTH="1517.0"
                    HEIGHT="172.0"></String>
          </TextLine>

          
          
          <TextLine ID="eSc_line_1324148"
                    
                    BASELINE="3142 4329 4761 4286" 
                    HPOS="3136.0"
                    VPOS="4227.0"
                    WIDTH="1620.0"
                    HEIGHT="199.0">
            <Shape><Polygon POINTS="3136 4324 3190 4275 3362 4265 3405 4286 3448 4259 3615 4248 3701 4270 3857 4248 4299 4254 4374 4232 4417 4259 4438 4238 4681 4227 4756 4281 4691 4351 4562 4334 4535 4367 3798 4367 3739 4394 3647 4394 3626 4372 3475 4404 3298 4377 3239 4426 3142 4345"/></Shape>
	    <String CONTENT="ומוצאין אותו חשוד עם האפוטרופין"
                    HPOS="3136.0"
                    VPOS="4227.0"
                    WIDTH="1620.0"
                    HEIGHT="199.0"></String>
          </TextLine>

          
          
          <TextLine ID="eSc_line_1324149"
                    
                    BASELINE="3244 4447 4729 4415" 
                    HPOS="3239.0"
                    VPOS="4334.0"
                    WIDTH="1485.0"
                    HEIGHT="189.0">
            <Shape><Polygon POINTS="3239 4442 3244 4410 3298 4372 3352 4404 3475 4410 3798 4372 4159 4383 4293 4361 4315 4377 4336 4356 4401 4377 4541 4367 4573 4334 4707 4356 4724 4410 4691 4458 4637 4480 4530 4464 4352 4496 4325 4469 4261 4485 4223 4458 4148 4501 4003 4496 3949 4517 3701 4496 3615 4523 3572 4490 3502 4517 3465 4485 3416 4523 3244 4512"/></Shape>
	    <String CONTENT="אר&#39; יוחנן בראשונה היה אדם עולה"
                    HPOS="3239.0"
                    VPOS="4334.0"
                    WIDTH="1485.0"
                    HEIGHT="189.0"></String>
          </TextLine>

          
          
          <TextLine ID="eSc_line_1324150"
                    
                    BASELINE="3239 4566 4772 4528" 
                    HPOS="3233.0"
                    VPOS="4458.0"
                    WIDTH="1534.0"
                    HEIGHT="188.0">
            <Shape><Polygon POINTS="3233 4560 3249 4517 3421 4523 3459 4480 3502 4517 3567 4496 3658 4523 3701 4496 4062 4512 4218 4464 4261 4490 4379 4490 4691 4458 4767 4523 4686 4587 4616 4582 4589 4603 4266 4598 4223 4625 4067 4625 4040 4598 3997 4619 3809 4603 3739 4646 3685 4603 3653 4630 3610 4609 3588 4630 3524 4614 3491 4636 3438 4598 3362 4646 3244 4619"/></Shape>
	    <String CONTENT="לדון בירושלם והיה הדיין או&#39; לו בקע"
                    HPOS="3233.0"
                    VPOS="4458.0"
                    WIDTH="1534.0"
                    HEIGHT="188.0"></String>
          </TextLine>

          
          
          <TextLine ID="eSc_line_1324151"
                    
                    BASELINE="3206 4689 4772 4657" 
                    HPOS="3201.0"
                    VPOS="4587.0"
                    WIDTH="1566.0"
                    HEIGHT="172.0">
            <Shape><Polygon POINTS="3201 4684 3206 4630 3233 4619 3389 4646 3438 4598 3481 4636 3615 4609 3642 4636 3691 4619 3744 4646 3820 4603 3970 4630 4035 4593 4062 4619 4229 4630 4277 4598 4492 4614 4697 4587 4767 4652 4681 4722 4551 4716 4455 4754 4315 4722 4239 4749 4073 4743 4019 4716 3976 4749 3744 4732 3513 4754 3411 4722 3357 4759 3255 4759 3212 4716"/></Shape>
	    <String CONTENT="שתי בקעיות של עצים מלא לי שתי"
                    HPOS="3201.0"
                    VPOS="4587.0"
                    WIDTH="1566.0"
                    HEIGHT="172.0"></String>
          </TextLine>

          
          
          <TextLine ID="eSc_line_1324105"
                    
                    BASELINE="3239 4797 4745 4781" 
                    HPOS="3233.0"
                    VPOS="4716.0"
                    WIDTH="1507.0"
                    HEIGHT="156.0">
            <Shape><Polygon POINTS="3233 4792 3260 4759 3362 4754 3405 4716 3508 4759 4675 4727 4740 4775 4713 4829 4654 4856 4519 4867 4019 4867 3911 4835 3701 4872 3658 4851 3239 4856"/></Shape>
	    <String CONTENT="חביות של מים והיו יציאותיו כלים"
                    HPOS="3233.0"
                    VPOS="4716.0"
                    WIDTH="1507.0"
                    HEIGHT="156.0"></String>
          </TextLine>

          
          
          <TextLine ID="eSc_line_1324138"
                    
                    BASELINE="3260 4921 4767 4915" 
                    HPOS="3255.0"
                    VPOS="4840.0"
                    WIDTH="1506.0"
                    HEIGHT="161.0">
            <Shape><Polygon POINTS="3255 4915 3260 4867 3830 4867 3900 4845 4008 4872 4261 4878 4659 4862 4681 4840 4761 4910 4702 4974 4557 4985 4519 4958 4481 4985 4320 5001 3997 4974 3863 4991 3787 4958 3723 4991 3567 4991 3534 4964 3438 4996 3400 4969 3346 4996 3260 4980"/></Shape>
	    <String CONTENT="והיה יוצא משם בפחי נפש והיתה"
                    HPOS="3255.0"
                    VPOS="4840.0"
                    WIDTH="1506.0"
                    HEIGHT="161.0"></String>
          </TextLine>

          
          
          <TextLine ID="eSc_line_1324137"
                    
                    BASELINE="3190 5050 4772 5028" 
                    HPOS="3185.0"
                    VPOS="4958.0"
                    WIDTH="1582.0"
                    HEIGHT="178.0">
            <Shape><Polygon POINTS="3185 5044 3190 4991 3222 4974 3319 5001 3400 4974 3432 5007 3782 4969 3852 4996 3976 4974 4342 5001 4530 4958 4557 4985 4713 4980 4767 5023 4713 5087 4637 5109 4169 5120 3949 5087 3868 5125 3830 5087 3696 5114 3561 5114 3518 5087 3470 5120 3335 5098 3196 5136"/></Shape>
	    <String CONTENT="האלמנה נוגעת בדרך ואומרת לו מה"
                    HPOS="3185.0"
                    VPOS="4958.0"
                    WIDTH="1582.0"
                    HEIGHT="178.0"></String>
          </TextLine>

          
          
          <TextLine ID="eSc_line_1324139"
                    
                    BASELINE="3228 5163 4788 5152" 
                    HPOS="3222.0"
                    VPOS="5098.0"
                    WIDTH="1561.0"
                    HEIGHT="140.0">
            <Shape><Polygon POINTS="3222 5157 3228 5125 3282 5098 3389 5104 3411 5125 3486 5098 3540 5098 3567 5125 3637 5098 3728 5125 3782 5098 3852 5125 3906 5098 4008 5120 4594 5104 4767 5114 4783 5147 4767 5200 4670 5233 4551 5233 4519 5211 4428 5233 4207 5233 4153 5211 3949 5238 3895 5216 3615 5233 3545 5206 3384 5233 3325 5206 3228 5206"/></Shape>
	    <String CONTENT="נעשה בדינך והוא או&#39; לה כלו יציא"
                    HPOS="3222.0"
                    VPOS="5098.0"
                    WIDTH="1561.0"
                    HEIGHT="140.0"></String>
          </TextLine>

          
        </TextBlock>
        
        <TextBlock HPOS="1254.0"
                   VPOS="1105.0"
                   WIDTH="1794.0"
                   HEIGHT="4294.0"
                   ID="eSc_textblock_7413"
                   TAGREFS="BT2">
          <Shape><Polygon POINTS="1254 1143 1390 5399 3048 5325 2937 1105"/></Shape>
          
          
          <TextLine ID="eSc_line_1324108"
                    
                    BASELINE="1275 1263 2873 1210" 
                    HPOS="1269.0"
                    VPOS="1118.0"
                    WIDTH="1598.0"
                    HEIGHT="215.0">
            <Shape><Polygon POINTS="1269 1258 1275 1210 1345 1199 1581 1204 1619 1177 1700 1199 1802 1150 1899 1193 1963 1183 2006 1145 2216 1183 2302 1134 2383 1129 2668 1124 2738 1161 2851 1118 2867 1204 2851 1247 2690 1280 2561 1253 2507 1274 2345 1263 2313 1301 2227 1306 2152 1306 2098 1269 2066 1296 1974 1280 1861 1306 1764 1280 1737 1317 1684 1301 1662 1323 1495 1328 1436 1301 1366 1333 1280 1333"/></Shape>
	    <String CONTENT="יציאותיו ולא הועלותי כלום אני שאני&#39;"
                    HPOS="1269.0"
                    VPOS="1118.0"
                    WIDTH="1598.0"
                    HEIGHT="215.0"></String>
          </TextLine>

          
          
          <TextLine ID="eSc_line_1324110"
                    
                    BASELINE="1355 1371 2900 1339" 
                    HPOS="1350.0"
                    VPOS="1263.0"
                    WIDTH="1544.0"
                    HEIGHT="183.0">
            <Shape><Polygon POINTS="1350 1366 1409 1317 1581 1328 1990 1285 2055 1312 2442 1274 2566 1296 2787 1263 2857 1333 2894 1333 2792 1409 2690 1392 2571 1419 2523 1376 2480 1414 2243 1425 2136 1392 2071 1425 2028 1392 1963 1430 1867 1414 1845 1436 1641 1425 1501 1446 1436 1419 1382 1436 1355 1409"/></Shape>
	    <String CONTENT="והיתה או מרת מה אם זה שהוא [/]"
                    HPOS="1350.0"
                    VPOS="1263.0"
                    WIDTH="1544.0"
                    HEIGHT="183.0"></String>
          </TextLine>

          
          
          <TextLine ID="eSc_line_1324112"
                    
                    BASELINE="1323 1489 2900 1452" 
                    HPOS="1318.0"
                    VPOS="1387.0"
                    WIDTH="1576.0"
                    HEIGHT="194.0">
            <Shape><Polygon POINTS="1318 1484 1366 1436 1899 1441 1969 1436 2028 1387 2098 1430 2141 1398 2173 1425 2410 1430 2496 1409 2518 1430 2668 1403 2835 1414 2878 1392 2894 1446 2878 1489 2840 1489 2787 1543 2727 1532 2690 1495 2641 1538 2512 1516 2437 1548 2281 1527 2179 1554 2141 1527 2109 1559 2060 1538 1974 1559 1694 1559 1646 1538 1463 1581 1404 1570 1328 1495"/></Shape>
	    <String CONTENT="איש לא הועיל כלום אני שאני"
                    HPOS="1318.0"
                    VPOS="1387.0"
                    WIDTH="1576.0"
                    HEIGHT="194.0"></String>
          </TextLine>

          
          
          <TextLine ID="eSc_line_1324114"
                    
                    BASELINE="1291 1629 2900 1591" 
                    HPOS="1285.0"
                    VPOS="1500.0"
                    WIDTH="1609.0"
                    HEIGHT="210.0">
            <Shape><Polygon POINTS="1285 1624 1350 1570 1468 1586 1565 1548 1651 1581 1770 1548 1963 1559 2033 1538 2114 1565 2335 1527 2388 1548 2491 1548 2512 1527 2631 1543 2679 1500 2727 1538 2824 1538 2894 1586 2878 1635 2776 1672 2701 1645 2614 1672 2480 1656 2421 1672 2367 1629 2297 1672 1775 1672 1743 1694 1630 1694 1565 1667 1495 1704 1366 1710 1291 1640"/></Shape>
	    <String CONTENT="אלמנה על אחת כמה ובמה לקיים מה"
                    HPOS="1285.0"
                    VPOS="1500.0"
                    WIDTH="1609.0"
                    HEIGHT="210.0"></String>
          </TextLine>

          
          
          <TextLine ID="eSc_line_1324116"
                    
                    BASELINE="1361 1747 2867 1721" 
                    HPOS="1355.0"
                    VPOS="1645.0"
                    WIDTH="1507.0"
                    HEIGHT="178.0">
            <Shape><Polygon POINTS="1355 1742 1404 1699 1554 1699 1581 1672 1624 1699 2093 1667 2292 1678 2340 1656 2388 1678 2604 1672 2679 1645 2738 1678 2824 1667 2862 1715 2846 1764 2744 1796 2475 1807 2372 1796 2345 1769 2297 1796 2254 1764 2152 1812 2087 1801 2055 1769 2028 1796 1867 1812 1737 1796 1420 1823 1361 1764"/></Shape>
	    <String CONTENT="שנ&#39; יתום לא ישפוטו ודין אלמנה"
                    HPOS="1355.0"
                    VPOS="1645.0"
                    WIDTH="1507.0"
                    HEIGHT="178.0"></String>
          </TextLine>

          
          
          <TextLine ID="eSc_line_1324118"
                    
                    BASELINE="1339 1866 2916 1844" 
                    HPOS="1334.0"
                    VPOS="1774.0"
                    WIDTH="1576.0"
                    HEIGHT="172.0">
            <Shape><Polygon POINTS="1334 1860 1398 1817 1915 1796 1953 1817 2049 1780 2114 1812 2254 1780 2345 1812 2749 1796 2808 1774 2910 1839 2824 1914 2781 1903 2711 1930 2657 1903 2631 1925 2475 1909 2372 1936 2329 1898 2308 1920 2168 1925 2125 1893 2071 1930 2023 1920 1980 1946 1867 1914 1764 1941 1479 1941 1398 1860"/></Shape>
	    <String CONTENT="לא יבא אליהם ˙ לכן נאם האדון [/]"
                    HPOS="1334.0"
                    VPOS="1774.0"
                    WIDTH="1576.0"
                    HEIGHT="172.0"></String>
          </TextLine>

          
          
          <TextLine ID="eSc_line_1324120"
                    
                    BASELINE="1409 1989 2889 1984" 
                    HPOS="1404.0"
                    VPOS="1898.0"
                    WIDTH="1479.0"
                    HEIGHT="178.0">
            <Shape><Polygon POINTS="1404 1984 1431 1898 1474 1941 1791 1941 1856 1914 1958 1946 2017 1914 2168 1936 2679 1936 2867 1898 2883 1979 2781 2059 2636 2070 2491 2070 2405 2027 2351 2065 2270 2043 2227 2059 2205 2038 2168 2059 2141 2033 2044 2054 2001 2033 1877 2070 1780 2033 1721 2076 1603 2070 1581 2049 1485 2070 1409 2022"/></Shape>
	    <String CONTENT="יייצבאות אביר ישר&#39; אר&#39; שמואל"
                    HPOS="1404.0"
                    VPOS="1898.0"
                    WIDTH="1479.0"
                    HEIGHT="178.0"></String>
          </TextLine>

          
          
          <TextLine ID="eSc_line_1324122"
                    
                    BASELINE="1355 2119 2894 2119" 
                    HPOS="1350.0"
                    VPOS="2033.0"
                    WIDTH="1539.0"
                    HEIGHT="182.0">
            <Shape><Polygon POINTS="1350 2113 1436 2049 1468 2081 1775 2081 1963 2070 2012 2038 2103 2070 2275 2049 2362 2065 2405 2033 2507 2076 2846 2070 2889 2113 2878 2194 2367 2183 1361 2215"/></Shape>
	    <String CONTENT="בר נחמן כל מקום שנ&#39; נאם תאדון [/]"
                    HPOS="1350.0"
                    VPOS="2033.0"
                    WIDTH="1539.0"
                    HEIGHT="182.0"></String>
          </TextLine>

          
          
          <TextLine ID="eSc_line_1324124"
                    
                    BASELINE="1345 2275 2867 2237" 
                    HPOS="1339.0"
                    VPOS="2188.0"
                    WIDTH="1523.0"
                    HEIGHT="178.0">
            <Shape><Polygon POINTS="1339 2269 1404 2210 1953 2210 2082 2188 2770 2188 2846 2194 2862 2232 2787 2318 2593 2318 2523 2285 2485 2307 2437 2280 2367 2334 2308 2312 1764 2312 1716 2344 1511 2344 1485 2318 1431 2366 1350 2285"/></Shape>
	    <String CONTENT="עוקר דייורין ומבנים דייורין ביניין"
                    HPOS="1339.0"
                    VPOS="2188.0"
                    WIDTH="1523.0"
                    HEIGHT="178.0"></String>
          </TextLine>

          
          
          <TextLine ID="eSc_line_1324126"
                    
                    BASELINE="1415 2393 2867 2361" 
                    HPOS="1409.0"
                    VPOS="2280.0"
                    WIDTH="1453.0"
                    HEIGHT="210.0">
            <Shape><Polygon POINTS="1409 2387 1474 2328 2367 2334 2442 2280 2485 2312 2846 2318 2862 2355 2851 2414 2819 2431 2453 2420 2254 2441 2136 2414 2098 2447 2033 2436 1996 2457 1764 2441 1571 2479 1522 2463 1485 2490 1452 2457 1420 2468"/></Shape>
	    <String CONTENT="אב שבכולם הנה ארון הברית אדון"
                    HPOS="1409.0"
                    VPOS="2280.0"
                    WIDTH="1453.0"
                    HEIGHT="210.0"></String>
          </TextLine>

          
          
          <TextLine ID="eSc_line_1324128"
                    
                    BASELINE="1571 2511 2905 2474" 
                    HPOS="1565.0"
                    VPOS="2414.0"
                    WIDTH="1335.0"
                    HEIGHT="172.0">
            <Shape><Polygon POINTS="1565 2506 1576 2474 1635 2452 1996 2457 2098 2447 2136 2414 2249 2447 2335 2425 2657 2441 2738 2414 2851 2420 2900 2468 2819 2554 2744 2533 2690 2554 2571 2549 2534 2527 2501 2560 2442 2543 2238 2560 2205 2538 2103 2570 1856 2576 1754 2554 1657 2586 1608 2549 1576 2576"/></Shape>
	    <String CONTENT="כל הארץ עו בר לפניבם בירדן [˙/]"
                    HPOS="1565.0"
                    VPOS="2414.0"
                    WIDTH="1335.0"
                    HEIGHT="172.0"></String>
          </TextLine>

          
          
          <TextLine ID="eSc_line_1324130"
                    
                    BASELINE="1312 2613 2932 2592" 
                    HPOS="1307.0"
                    VPOS="2533.0"
                    WIDTH="1619.0"
                    HEIGHT="161.0">
            <Shape><Polygon POINTS="1307 2608 1382 2533 1431 2570 1528 2586 1802 2560 2066 2576 2189 2549 2507 2560 2534 2538 2900 2549 2926 2586 2819 2678 2738 2656 2690 2678 2625 2640 2593 2673 2464 2689 2308 2667 2103 2683 2071 2651 2028 2689 1936 2694 1581 2694 1554 2667 1415 2689 1318 2608"/></Shape>
	    <String CONTENT="עוקד כנענים ומכנים ישר&#39; אמר ישר&#39;"
                    HPOS="1307.0"
                    VPOS="2533.0"
                    WIDTH="1619.0"
                    HEIGHT="161.0"></String>
          </TextLine>

          
          
          <TextLine ID="eSc_line_1324132"
                    
                    BASELINE="1312 2748 2932 2726" 
                    HPOS="1307.0"
                    VPOS="2651.0"
                    WIDTH="1619.0"
                    HEIGHT="183.0">
            <Shape><Polygon POINTS="1307 2742 1312 2705 1377 2662 1404 2689 1883 2683 1926 2705 2028 2689 2066 2651 2098 2683 2335 2689 2846 2667 2926 2721 2819 2807 2749 2807 2711 2780 2657 2807 2114 2802 2044 2829 1931 2796 1850 2796 1802 2823 1770 2791 1737 2818 1630 2834 1366 2791 1318 2818"/></Shape>
	    <String CONTENT="א&#39;ר&#39; תנחום בר חנולאי תקפיהון דישר&#39;"
                    HPOS="1307.0"
                    VPOS="2651.0"
                    WIDTH="1619.0"
                    HEIGHT="183.0"></String>
          </TextLine>

          
          
          <TextLine ID="eSc_line_1324167"
                    
                    BASELINE="1318 2872 2889 2861" 
                    HPOS="1312.0"
                    VPOS="2796.0"
                    WIDTH="1571.0"
                    HEIGHT="178.0">
            <Shape><Polygon POINTS="1312 2866 1404 2812 1689 2818 1764 2850 1850 2802 2044 2834 2093 2807 2657 2818 2717 2796 2846 2807 2883 2855 2873 2904 2803 2947 2614 2920 2555 2952 2415 2952 2394 2931 2324 2947 2292 2915 2259 2947 2082 2947 2028 2925 1926 2952 1829 2925 1700 2958 1624 2931 1436 2974 1409 2947 1355 2968 1323 2936"/></Shape>
	    <String CONTENT="ורבנין אמרין אביד יש ר&#39; לפני אומות"
                    HPOS="1312.0"
                    VPOS="2796.0"
                    WIDTH="1571.0"
                    HEIGHT="178.0"></String>
          </TextLine>

          
          
          <TextLine ID="eSc_line_1324160"
                    
                    BASELINE="1409 3006 2921 2995" 
                    HPOS="1404.0"
                    VPOS="2920.0"
                    WIDTH="1512.0"
                    HEIGHT="161.0">
            <Shape><Polygon POINTS="1404 3001 1409 2979 1506 2947 1786 2952 1867 2931 1915 2952 2259 2952 2292 2920 2329 2952 2415 2958 2571 2958 2636 2931 2674 2958 2733 2936 2862 2941 2916 2990 2900 3054 2830 3071 2356 3054 2098 3076 1996 3054 1974 3076 1818 3081 1657 3054 1624 3076 1409 3076"/></Shape>
	    <String CONTENT="העולם הוי אנ&#39; מצריו ואנקמה מא"
                    HPOS="1404.0"
                    VPOS="2920.0"
                    WIDTH="1512.0"
                    HEIGHT="161.0"></String>
          </TextLine>

          
          
          <TextLine ID="eSc_line_1324157"
                    
                    BASELINE="1388 3135 2894 3108" 
                    HPOS="1382.0"
                    VPOS="3049.0"
                    WIDTH="1507.0"
                    HEIGHT="167.0">
            <Shape><Polygon POINTS="1382 3130 1398 3081 1974 3081 2006 3049 2087 3071 2372 3060 2431 3108 2469 3071 2862 3065 2889 3103 2857 3194 2582 3194 2544 3157 2431 3194 2087 3183 1915 3205 1770 3183 1678 3205 1641 3173 1592 3205 1415 3216 1388 3189"/></Shape>
	    <String CONTENT="מאו יבין ˙ ר&#39; יודה ור&#39; נחמיה ר&#39; יודה"
                    HPOS="1382.0"
                    VPOS="3049.0"
                    WIDTH="1507.0"
                    HEIGHT="167.0"></String>
          </TextLine>

          
          
          <TextLine ID="eSc_line_1324168"
                    
                    BASELINE="1377 3264 2900 3248" 
                    HPOS="1372.0"
                    VPOS="3151.0"
                    WIDTH="1522.0"
                    HEIGHT="188.0">
            <Shape><Polygon POINTS="1372 3259 1431 3210 1506 3200 2378 3200 2496 3189 2534 3151 2631 3194 2819 3178 2878 3194 2894 3243 2878 3313 2808 3318 2636 3318 2588 3296 2362 3323 2318 3286 2270 3323 2055 3323 2006 3286 1953 3334 1791 3318 1716 3339 1646 3313 1441 3334 1377 3280"/></Shape>
	    <String CONTENT="א&#39; היה לאותו האיש עשרה זהובים"
                    HPOS="1372.0"
                    VPOS="3151.0"
                    WIDTH="1522.0"
                    HEIGHT="188.0"></String>
          </TextLine>

          
          
          <TextLine ID="eSc_line_1324158"
                    
                    BASELINE="1339 3388 2964 3361" 
                    HPOS="1334.0"
                    VPOS="3280.0"
                    WIDTH="1625.0"
                    HEIGHT="183.0">
            <Shape><Polygon POINTS="1334 3382 1339 3345 1404 3329 1614 3334 1646 3313 1705 3334 1953 3339 2006 3286 2049 3323 2281 3323 2324 3280 2362 3318 2943 3313 2959 3356 2883 3425 2808 3436 2754 3409 2695 3431 2647 3399 2620 3431 2507 3431 2475 3399 2372 3431 2335 3393 2297 3436 2146 3442 2060 3409 2006 3447 1910 3447 1883 3420 1856 3447 1528 3463 1415 3458 1339 3382"/></Shape>
	    <String CONTENT="ואת עוקם עליו ונוטלן ממנו א&#39; הקבה"
                    HPOS="1334.0"
                    VPOS="3280.0"
                    WIDTH="1625.0"
                    HEIGHT="183.0"></String>
          </TextLine>

          
          
          <TextLine ID="eSc_line_1324154"
                    
                    BASELINE="1382 3512 2943 3479" 
                    HPOS="1377.0"
                    VPOS="3393.0"
                    WIDTH="1560.0"
                    HEIGHT="194.0">
            <Shape><Polygon POINTS="1377 3506 1441 3447 1850 3447 1888 3479 1920 3442 2023 3447 2060 3415 2087 3436 2297 3442 2340 3404 2405 3436 2475 3393 2534 3436 2647 3409 2706 3436 2744 3409 2776 3436 2889 3431 2937 3474 2840 3555 2760 3528 2604 3555 2383 3538 2292 3565 2227 3538 2173 3560 2103 3538 2044 3560 1899 3549 1867 3571 1802 3549 1764 3581 1662 3560 1598 3587 1522 3571 1490 3538 1431 3587 1388 3544"/></Shape>
	    <String CONTENT="עלי לשלם לו גמולו ˙ ולהיפרע מי"
                    HPOS="1377.0"
                    VPOS="3393.0"
                    WIDTH="1560.0"
                    HEIGHT="194.0"></String>
          </TextLine>

          
          
          <TextLine ID="eSc_line_1324164"
                    
                    BASELINE="1447 3614 2937 3608" 
                    HPOS="1441.0"
                    VPOS="3538.0"
                    WIDTH="1491.0"
                    HEIGHT="140.0">
            <Shape><Polygon POINTS="1441 3608 1490 3538 1598 3581 1764 3576 1802 3544 1829 3565 2098 3538 2173 3565 2195 3544 2281 3565 2378 3544 2878 3544 2932 3603 2916 3657 2873 3673 1447 3678"/></Shape>
	    <String CONTENT="מאותו האיש ור&#39; נחמיה א&#39; הוי אנ&#39;"
                    HPOS="1441.0"
                    VPOS="3538.0"
                    WIDTH="1491.0"
                    HEIGHT="140.0"></String>
          </TextLine>

          
          
          <TextLine ID="eSc_line_1324163"
                    
                    BASELINE="1382 3737 2932 3727" 
                    HPOS="1377.0"
                    VPOS="3668.0"
                    WIDTH="1549.0"
                    HEIGHT="155.0">
            <Shape><Polygon POINTS="1377 3732 1436 3678 1797 3700 1872 3678 2695 3668 2910 3668 2926 3721 2846 3797 2754 3802 2706 3764 2663 3807 2281 3802 2254 3775 2211 3807 2162 3791 2033 3823 1861 3818 1829 3791 1759 3802 1716 3780 1657 3818 1592 3818 1554 3791 1528 3818 1447 3823 1388 3764"/></Shape>
	    <String CONTENT="מצר&#39; שתים ואנקמה מאוביי שתים"
                    HPOS="1377.0"
                    VPOS="3668.0"
                    WIDTH="1549.0"
                    HEIGHT="155.0"></String>
          </TextLine>

          
          
          <TextLine ID="eSc_line_1324156"
                    
                    BASELINE="1425 3861 2932 3850" 
                    HPOS="1420.0"
                    VPOS="3764.0"
                    WIDTH="1506.0"
                    HEIGHT="178.0">
            <Shape><Polygon POINTS="1420 3856 1554 3797 1673 3818 1721 3786 1823 3791 1856 3823 2039 3829 2082 3807 2216 3807 2243 3780 2281 3802 2663 3807 2706 3764 2754 3802 2910 3807 2926 3845 2910 3920 2803 3926 2776 3899 2711 3926 2528 3910 2093 3942 1490 3936 1425 3872"/></Shape>
	    <String CONTENT="אילו ארבע מלכיות ˙ ואשיבה [ש/]"
                    HPOS="1420.0"
                    VPOS="3764.0"
                    WIDTH="1506.0"
                    HEIGHT="178.0"></String>
          </TextLine>

          
          
          <TextLine ID="eSc_line_1324159"
                    
                    BASELINE="1447 3990 2964 3969" 
                    HPOS="1441.0"
                    VPOS="3915.0"
                    WIDTH="1518.0"
                    HEIGHT="156.0">
            <Shape><Polygon POINTS="1441 3985 1490 3936 2017 3947 2544 3915 2905 3920 2943 3926 2959 3963 2883 4039 2609 4049 2577 4017 2501 4049 2345 4028 2098 4066 1883 4039 1705 4071 1673 4049 1495 4049 1447 4001"/></Shape>
	    <String CONTENT="שופטיך בבראשונה ויועציך [בכ/]"
                    HPOS="1441.0"
                    VPOS="3915.0"
                    WIDTH="1518.0"
                    HEIGHT="156.0"></String>
          </TextLine>

          
          
          <TextLine ID="eSc_line_1324152"
                    
                    BASELINE="1404 4098 2986 4087" 
                    HPOS="1398.0"
                    VPOS="4017.0"
                    WIDTH="1582.0"
                    HEIGHT="167.0">
            <Shape><Polygon POINTS="1398 4092 1441 4017 1490 4049 1662 4044 1705 4066 2109 4066 2388 4044 2426 4022 2512 4044 2571 4017 2609 4055 2867 4039 2980 4082 2900 4168 2717 4168 2647 4141 2620 4168 2340 4152 1904 4184 1646 4157 1474 4173 1404 4119"/></Shape>
	    <String CONTENT="נבתחילה וג&#39; ואשיבה שופטיך כברא&#39;"
                    HPOS="1398.0"
                    VPOS="4017.0"
                    WIDTH="1582.0"
                    HEIGHT="167.0"></String>
          </TextLine>

          
          
          <TextLine ID="eSc_line_1324161"
                    
                    BASELINE="1452 4216 2970 4205" 
                    HPOS="1447.0"
                    VPOS="4141.0"
                    WIDTH="1517.0"
                    HEIGHT="161.0">
            <Shape><Polygon POINTS="1447 4211 1517 4162 1910 4184 2566 4152 2614 4178 2652 4141 2711 4168 2943 4157 2964 4200 2894 4281 2846 4265 2819 4286 2792 4265 2657 4291 2609 4243 2577 4275 2475 4286 2222 4275 2066 4297 1990 4265 1953 4302 1910 4275 1560 4297 1452 4216"/></Shape>
	    <String CONTENT="ויועצ&#39; זה משה ואהרן ויועציך"
                    HPOS="1447.0"
                    VPOS="4141.0"
                    WIDTH="1517.0"
                    HEIGHT="161.0"></String>
          </TextLine>

          
          
          <TextLine ID="eSc_line_1324153"
                    
                    BASELINE="1398 4345 2932 4334" 
                    HPOS="1393.0"
                    VPOS="4248.0"
                    WIDTH="1533.0"
                    HEIGHT="172.0">
            <Shape><Polygon POINTS="1393 4340 1398 4297 1431 4313 1474 4270 1560 4297 1786 4302 1899 4281 1953 4302 1990 4265 2055 4297 2534 4291 2604 4248 2657 4297 2862 4275 2905 4286 2926 4329 2910 4415 2722 4415 2604 4377 2512 4410 2227 4394 2076 4415 1969 4394 1872 4415 1813 4388 1791 4410 1490 4399 1463 4420 1398 4356"/></Shape>
	    <String CONTENT="בבתחילה זה דוד ושלמה ˙ ואחריכן"
                    HPOS="1393.0"
                    VPOS="4248.0"
                    WIDTH="1533.0"
                    HEIGHT="172.0"></String>
          </TextLine>

          
          
          <TextLine ID="eSc_line_1324162"
                    
                    BASELINE="1398 4469 2986 4469" 
                    HPOS="1393.0"
                    VPOS="4377.0"
                    WIDTH="1587.0"
                    HEIGHT="194.0">
            <Shape><Polygon POINTS="1393 4464 1495 4410 2523 4420 2614 4377 2652 4410 2905 4420 2980 4464 2932 4517 2857 4533 2593 4533 2523 4496 2458 4528 2119 4517 2098 4539 1947 4544 1899 4523 1775 4566 1705 4539 1592 4560 1506 4544 1458 4571 1404 4517"/></Shape>
	    <String CONTENT="יקרא לך עיר הצדק וג&#39; ציון במשפ&#39;"
                    HPOS="1393.0"
                    VPOS="4377.0"
                    WIDTH="1587.0"
                    HEIGHT="194.0"></String>
          </TextLine>

          
          
          <TextLine ID="eSc_line_1324171"
                    
                    BASELINE="1899 4576 2975 4576" 
                    HPOS="1893.0"
                    VPOS="4517.0"
                    WIDTH="1077.0"
                    HEIGHT="146.0">
            <Shape><Polygon POINTS="1893 4571 1904 4539 2501 4517 2959 4523 2970 4571 2900 4657 2738 4657 2690 4630 2631 4657 2593 4625 2544 4646 2426 4625 2254 4663 2184 4625 2152 4657 1904 4663"/></Shape>
	    <String CONTENT="תפדה ושבוה בצדקה ˙"
                    HPOS="1893.0"
                    VPOS="4517.0"
                    WIDTH="1077.0"
                    HEIGHT="146.0"></String>
          </TextLine>

          
          
          <TextLine ID="eSc_line_1324155"
                    
                    BASELINE="1614 4722 2835 4716" 
                    HPOS="1608.0"
                    VPOS="4625.0"
                    WIDTH="1222.0"
                    HEIGHT="161.0">
            <Shape><Polygon POINTS="1608 4716 1614 4679 1641 4673 1700 4689 1818 4652 1926 4663 2017 4641 2109 4657 2173 4625 2254 4673 2378 4663 2421 4625 2512 4652 2582 4625 2625 4663 2684 4630 2830 4711 2787 4770 2566 4765 2539 4786 2501 4759 2399 4770 2340 4716 2302 4716 2216 4775 1759 4775 1657 4754 1619 4716"/></Shape>
	    <String CONTENT="ה&#39;טי&#39;לה נחמו ˙"
                    HPOS="1608.0"
                    VPOS="4625.0"
                    WIDTH="1222.0"
                    HEIGHT="161.0"></String>
          </TextLine>

          
          
          <TextLine ID="eSc_line_1324169"
                    
                    BASELINE="1420 4829 2943 4813" 
                    HPOS="1415.0"
                    VPOS="4716.0"
                    WIDTH="1522.0"
                    HEIGHT="210.0">
            <Shape><Polygon POINTS="1415 4824 1447 4765 1587 4775 1635 4743 1662 4770 1754 4781 2211 4781 2308 4716 2410 4775 2496 4754 2523 4781 2571 4759 2701 4781 2900 4738 2937 4808 2921 4888 2555 4867 2507 4888 2275 4878 2195 4905 2071 4910 2033 4888 1780 4921 1684 4894 1641 4915 1544 4899 1522 4926 1420 4862"/></Shape>
	    <String CONTENT="האנוש מאלוה יצדק אם מעושהו"
                    HPOS="1415.0"
                    VPOS="4716.0"
                    WIDTH="1522.0"
                    HEIGHT="210.0"></String>
          </TextLine>

          
          
          <TextLine ID="eSc_line_1324165"
                    
                    BASELINE="1528 4974 2980 4942" 
                    HPOS="1522.0"
                    VPOS="4872.0"
                    WIDTH="1453.0"
                    HEIGHT="194.0">
            <Shape><Polygon POINTS="1522 4969 1544 4905 1867 4905 1888 4926 1926 4899 2211 4905 2292 4872 2421 4899 2550 4872 2674 4894 2900 4883 2975 4937 2883 5017 2722 5017 2701 4996 2550 5028 2491 4991 2378 5028 2324 5012 1926 5055 1856 5034 1748 5066 1533 5055"/></Shape>
	    <String CONTENT="יטהרגבר ˙ ובי יש אדם צדיק"
                    HPOS="1522.0"
                    VPOS="4872.0"
                    WIDTH="1453.0"
                    HEIGHT="194.0"></String>
          </TextLine>

          
          
          <TextLine ID="eSc_line_1324166"
                    
                    BASELINE="1490 5114 2604 5066 2986 5071" 
                    HPOS="1485.0"
                    VPOS="5001.0"
                    WIDTH="1495.0"
                    HEIGHT="205.0">
            <Shape><Polygon POINTS="1485 5109 1495 5061 1759 5066 2243 5023 2302 5039 2485 5001 2550 5034 2824 5012 2921 5028 2980 5066 2910 5152 2776 5109 2733 5147 2588 5141 2555 5120 2475 5152 2410 5125 2281 5173 2259 5152 1748 5190 1678 5173 1608 5206 1495 5163"/></Shape>
	    <String CONTENT="מבוראו אלא מעשהו יטהר גבד"
                    HPOS="1485.0"
                    VPOS="5001.0"
                    WIDTH="1495.0"
                    HEIGHT="205.0"></String>
          </TextLine>

          
          
          <TextLine ID="eSc_line_1324170"
                    
                    BASELINE="1490 5227 2959 5200" 
                    HPOS="1485.0"
                    VPOS="5136.0"
                    WIDTH="1468.0"
                    HEIGHT="183.0">
            <Shape><Polygon POINTS="1485 5222 1490 5195 1554 5179 1764 5195 1823 5173 1953 5190 2028 5163 2168 5184 2227 5163 2259 5184 2362 5141 2480 5141 2501 5163 2528 5141 2684 5157 2867 5136 2894 5163 2937 5141 2953 5195 2937 5260 2878 5260 2835 5292 2744 5260 2652 5303 2491 5265 2437 5286 2367 5265 2318 5308 2200 5270 1996 5313 1910 5286 1770 5319 1490 5308"/></Shape>
	    <String CONTENT="אלא א&#39; הק&#39;ב&#39;ה בועז מנחם ואני"
                    HPOS="1485.0"
                    VPOS="5136.0"
                    WIDTH="1468.0"
                    HEIGHT="183.0"></String>
          </TextLine>

          
        </TextBlock>
        
        <TextBlock HPOS="883.0"
                   VPOS="549.0"
                   WIDTH="396.0"
                   HEIGHT="185.0"
                   ID="eSc_textblock_7412"
                   TAGREFS="BT219">
          <Shape><Polygon POINTS="932 549 883 734 1006 734 1279 734 1279 549"/></Shape>
          
          
          <TextLine ID="eSc_line_1324106"
                    
                    BASELINE="807 623 1259 629" 
                    HPOS="801.0"
                    VPOS="575.0"
                    WIDTH="452.0"
                    HEIGHT="161.0">
            <Shape><Polygon POINTS="801 618 807 586 957 602 995 580 1049 596 1162 575 1237 580 1253 623 1226 736 1113 736 941 693 909 661 807 661"/></Shape>
	    <String CONTENT="עשי קדנא ˙"
                    HPOS="801.0"
                    VPOS="575.0"
                    WIDTH="452.0"
                    HEIGHT="161.0"></String>
          </TextLine>

          
        </TextBlock>
        

        
      </PrintSpace>
    </Page>
  </Layout>
</alto>
