<?xml version="1.0" encoding="UTF-8"?>
<alto xmlns:xsi="http://www.w3.org/2001/XMLSchema-instance"
      xmlns="http://www.loc.gov/standards/alto/ns-v4#"
      xsi:schemaLocation="http://www.loc.gov/standards/alto/ns-v4# http://www.loc.gov/standards/alto/v4/alto-4-2.xsd">
  <Description>
    <MeasurementUnit>pixel</MeasurementUnit>
    <sourceImageInformation>
      <fileName>oulis2017-aya-0122-0.jpg</fileName>
      
    </sourceImageInformation>
  </Description>
  
  <Tags>
    <OtherTag ID="BT1164" LABEL="Hole" DESCRIPTION="block type Hole"/><OtherTag ID="BT2" LABEL="Main" DESCRIPTION="block type Main"/><OtherTag ID="BT3" LABEL="Commentary" DESCRIPTION="block type Commentary"/><OtherTag ID="BT4" LABEL="Illustration" DESCRIPTION="block type Illustration"/><OtherTag ID="BT218" LABEL="Margin" DESCRIPTION="block type Margin"/><OtherTag ID="BT219" LABEL="Paratext" DESCRIPTION="block type Paratext"/>
    <OtherTag ID="LT2" LABEL="Numbering" DESCRIPTION="line type Numbering"/><OtherTag ID="LT3" LABEL="Correction" DESCRIPTION="line type Correction"/><OtherTag ID="LT481" LABEL="Gloss" DESCRIPTION="line type Gloss"/>
  </Tags>
  
  <Layout>
    <Page WIDTH="5398"
          HEIGHT="6459"
          PHYSICAL_IMG_NR="109"
          ID="eSc_dummypage_">
      <PrintSpace HPOS="0"
                  VPOS="0"
                  WIDTH="5398"
                  HEIGHT="6459">
        
        <TextBlock HPOS="2279.0"
                   VPOS="924.0"
                   WIDTH="1641.0"
                   HEIGHT="4135.0"
                   ID="eSc_textblock_8044"
                   TAGREFS="BT2">
          <Shape><Polygon POINTS="2279 924 2288 4703 2289 5059 3920 5039 3871 943"/></Shape>
          
          
          <TextLine ID="eSc_line_1325669"
                    
                    BASELINE="2354 1038 3792 1038" 
                    HPOS="2348.0"
                    VPOS="963.0"
                    WIDTH="1439.0"
                    HEIGHT="145.0">
            <Shape><Polygon POINTS="2348 1033 2359 990 2634 963 2763 963 2833 990 2866 968 3205 990 3270 963 3367 990 3437 963 3560 984 3587 963 3657 990 3776 990 3787 1033 3776 1108 3577 1081 3383 1108 3183 1108 3119 1081 3054 1103 2672 1087 2478 1108 2359 1081"/></Shape>
	    <String CONTENT="ונאיר לציון קומי אורי כי בא אורך ˙"
                    HPOS="2348.0"
                    VPOS="963.0"
                    WIDTH="1439.0"
                    HEIGHT="145.0"></String>
          </TextLine>

          
          
          <TextLine ID="eSc_line_1325680"
                    
                    BASELINE="2284 1151 3717 1151" 
                    HPOS="2278.0"
                    VPOS="1054.0"
                    WIDTH="1433.0"
                    HEIGHT="189.0">
            <Shape><Polygon POINTS="2278 1146 2348 1054 2402 1103 2472 1114 3038 1114 3146 1092 3183 1114 3383 1119 3609 1092 3711 1146 3630 1221 3555 1232 3124 1232 3049 1211 3022 1232 2817 1216 2790 1237 2747 1194 2677 1232 2623 1216 2537 1237 2424 1211 2338 1243 2289 1194"/></Shape>
	    <String CONTENT="ר&#39; פנחם בשם ר&#39; ראובן א&#39; עתיר [הק&#39;"
                    HPOS="2278.0"
                    VPOS="1054.0"
                    WIDTH="1433.0"
                    HEIGHT="189.0"></String>
          </TextLine>

          
          
          <TextLine ID="eSc_line_1325710"
                    
                    BASELINE="2284 1281 3797 1286" 
                    HPOS="2278.0"
                    VPOS="1173.0"
                    WIDTH="1514.0"
                    HEIGHT="188.0">
            <Shape><Polygon POINTS="2278 1275 2364 1227 2682 1232 2731 1200 2801 1264 2839 1227 3674 1227 3727 1173 3776 1173 3792 1281 3754 1340 3690 1356 3345 1351 3307 1324 3226 1356 3092 1334 3011 1361 2488 1356 2402 1334 2348 1361 2284 1297"/></Shape>
	    <String CONTENT="להביא סיני ותבור וכרמל ולבנות בית"
                    HPOS="2278.0"
                    VPOS="1173.0"
                    WIDTH="1514.0"
                    HEIGHT="188.0"></String>
          </TextLine>

          
          
          <TextLine ID="eSc_line_1325681"
                    
                    BASELINE="2316 1410 3814 1410" 
                    HPOS="2311.0"
                    VPOS="1329.0"
                    WIDTH="1497.0"
                    HEIGHT="178.0">
            <Shape><Polygon POINTS="2311 1404 2413 1334 2445 1356 2957 1351 3167 1377 3280 1361 3313 1329 3356 1361 3754 1356 3797 1367 3808 1404 3776 1490 3604 1501 3550 1474 3469 1496 3437 1474 3383 1507 3194 1501 3173 1480 3135 1496 3113 1474 3049 1496 2634 1485 2612 1464 2569 1485 2391 1490 2321 1420"/></Shape>
	    <String CONTENT="המקדש על גבי ראשיהם ומה טעמ&#39;"
                    HPOS="2311.0"
                    VPOS="1329.0"
                    WIDTH="1497.0"
                    HEIGHT="178.0"></String>
          </TextLine>

          
          
          <TextLine ID="eSc_line_1325724"
                    
                    BASELINE="2305 1544 3841 1550" 
                    HPOS="2300.0"
                    VPOS="1480.0"
                    WIDTH="1535.0"
                    HEIGHT="150.0">
            <Shape><Polygon POINTS="2300 1539 2370 1480 3243 1507 3776 1485 3835 1544 3787 1620 3738 1593 3609 1625 3264 1630 3221 1609 2844 1620 2720 1593 2655 1614 2521 1593 2354 1614 2305 1566"/></Shape>
	    <String CONTENT="והיה באחרית הימים נכון יהיה הר בית"
                    HPOS="2300.0"
                    VPOS="1480.0"
                    WIDTH="1535.0"
                    HEIGHT="150.0"></String>
          </TextLine>

          
          
          <TextLine ID="eSc_line_1325730"
                    
                    BASELINE="2289 1663 3803 1679" 
                    HPOS="2284.0"
                    VPOS="1593.0"
                    WIDTH="1513.0"
                    HEIGHT="161.0">
            <Shape><Polygon POINTS="2284 1657 2348 1614 2521 1598 3690 1630 3754 1593 3797 1673 3781 1727 3738 1749 3593 1733 3512 1754 3469 1733 3442 1754 3334 1754 3226 1727 3183 1749 2995 1743 2968 1722 2790 1738 2618 1700 2526 1733 2494 1711 2386 1738 2289 1668"/></Shape>
	    <String CONTENT="ייי בראש ההרים אר&#39; חומה ודייך עד"
                    HPOS="2284.0"
                    VPOS="1593.0"
                    WIDTH="1513.0"
                    HEIGHT="161.0"></String>
          </TextLine>

          
          
          <TextLine ID="eSc_line_1325707"
                    
                    BASELINE="2354 1776 3841 1797" 
                    HPOS="2348.0"
                    VPOS="1700.0"
                    WIDTH="1487.0"
                    HEIGHT="183.0">
            <Shape><Polygon POINTS="2348 1770 2359 1727 2526 1733 2585 1700 2785 1738 2962 1727 3146 1754 3480 1733 3512 1754 3760 1749 3835 1792 3776 1867 3684 1862 3641 1883 3485 1862 3086 1867 3027 1835 2962 1862 2354 1840"/></Shape>
	    <String CONTENT="באן אלא בית המקדש אומ&#39; שירה"
                    HPOS="2348.0"
                    VPOS="1700.0"
                    WIDTH="1487.0"
                    HEIGHT="183.0"></String>
          </TextLine>

          
          
          <TextLine ID="eSc_line_1325719"
                    
                    BASELINE="2311 1921 3846 1932" 
                    HPOS="2305.0"
                    VPOS="1840.0"
                    WIDTH="1536.0"
                    HEIGHT="156.0">
            <Shape><Polygon POINTS="2305 1916 2364 1851 2892 1851 2979 1878 3027 1840 3076 1873 3776 1873 3841 1926 3771 1991 3566 1975 3162 1996 3027 1980 2989 1948 2957 1980 2386 1975 2343 1996 2311 1964"/></Shape>
	    <String CONTENT="וההרים עונים אחריו ומה טעמ&#39; ונשא"
                    HPOS="2305.0"
                    VPOS="1840.0"
                    WIDTH="1536.0"
                    HEIGHT="156.0"></String>
          </TextLine>

          
          
          <TextLine ID="eSc_line_1325715"
                    
                    BASELINE="2354 2039 3803 2050" 
                    HPOS="2348.0"
                    VPOS="1948.0"
                    WIDTH="1449.0"
                    HEIGHT="167.0">
            <Shape><Polygon POINTS="2348 2034 2386 1975 2418 1996 2925 1986 2995 1948 3027 1980 3156 1996 3749 1991 3781 1996 3797 2045 3781 2104 3744 2115 3652 2088 3620 2109 3361 2115 3076 2109 3054 2088 2844 2109 2715 2083 2634 2109 2354 2104"/></Shape>
	    <String CONTENT="הוא מגבעות ואין לשון זה ונשא [/]"
                    HPOS="2348.0"
                    VPOS="1948.0"
                    WIDTH="1449.0"
                    HEIGHT="167.0"></String>
          </TextLine>

          
          
          <TextLine ID="eSc_line_1325731"
                    
                    BASELINE="2311 2163 3819 2163" 
                    HPOS="2305.0"
                    VPOS="2093.0"
                    WIDTH="1509.0"
                    HEIGHT="140.0">
            <Shape><Polygon POINTS="2305 2158 2397 2104 2715 2093 2844 2115 3625 2115 3652 2093 3787 2120 3814 2158 3776 2222 3733 2233 3690 2201 3587 2228 3129 2206 2666 2228 2628 2201 2548 2228 2375 2212 2316 2158"/></Shape>
	    <String CONTENT="אלא שירה ומה טעמ&#39; ובניהו שר"
                    HPOS="2305.0"
                    VPOS="2093.0"
                    WIDTH="1509.0"
                    HEIGHT="140.0"></String>
          </TextLine>

          
          
          <TextLine ID="eSc_line_1325685"
                    
                    BASELINE="2262 2276 3851 2276" 
                    HPOS="2257.0"
                    VPOS="2201.0"
                    WIDTH="1589.0"
                    HEIGHT="151.0">
            <Shape><Polygon POINTS="2257 2271 2343 2201 2548 2228 2628 2206 2661 2228 3647 2228 3684 2201 3717 2233 3792 2228 3846 2271 3776 2352 3690 2346 3657 2319 3620 2346 3081 2325 3033 2346 2936 2330 2343 2352 2268 2276"/></Shape>
	    <String CONTENT="הלוים במשא יסוד במשא כי מבין הוא ˙"
                    HPOS="2257.0"
                    VPOS="2201.0"
                    WIDTH="1589.0"
                    HEIGHT="151.0"></String>
          </TextLine>

          
          
          <TextLine ID="eSc_line_1325725"
                    
                    BASELINE="2316 2400 3781 2395" 
                    HPOS="2311.0"
                    VPOS="2319.0"
                    WIDTH="1465.0"
                    HEIGHT="156.0">
            <Shape><Polygon POINTS="2311 2395 2375 2336 3620 2346 3647 2319 3722 2389 3776 2389 3738 2395 3679 2454 3630 2438 3560 2459 3512 2438 3458 2465 3404 2427 3356 2470 3226 2449 3108 2475 2979 2459 2946 2427 2779 2470 2720 2470 2677 2427 2623 2465 2478 2449 2408 2465 2316 2405"/></Shape>
	    <String CONTENT="ר&#39; הושיעיה בשם ר&#39; אפס עתידה"
                    HPOS="2311.0"
                    VPOS="2319.0"
                    WIDTH="1465.0"
                    HEIGHT="156.0"></String>
          </TextLine>

          
          
          <TextLine ID="eSc_line_1325732"
                    
                    BASELINE="2311 2519 3792 2519" 
                    HPOS="2305.0"
                    VPOS="2427.0"
                    WIDTH="1482.0"
                    HEIGHT="172.0">
            <Shape><Polygon POINTS="2305 2513 2386 2465 2628 2475 2677 2432 2720 2475 2871 2470 2952 2438 2984 2470 3135 2481 3232 2454 3367 2470 3415 2427 3469 2475 3523 2438 3566 2459 3760 2465 3787 2513 3765 2583 3625 2583 3582 2556 3528 2588 3404 2572 3167 2599 3038 2594 3000 2556 2957 2588 2876 2594 2375 2588 2316 2529"/></Shape>
	    <String CONTENT="רושלם לעשות כסיל פנים לאומות"
                    HPOS="2305.0"
                    VPOS="2427.0"
                    WIDTH="1482.0"
                    HEIGHT="172.0"></String>
          </TextLine>

          
          
          <TextLine ID="eSc_line_1325690"
                    
                    BASELINE="2305 2642 3841 2642" 
                    HPOS="2300.0"
                    VPOS="2556.0"
                    WIDTH="1535.0"
                    HEIGHT="162.0">
            <Shape><Polygon POINTS="2300 2637 2408 2578 2898 2594 3000 2562 3033 2594 3167 2605 3189 2583 3528 2594 3582 2556 3630 2588 3787 2583 3835 2637 3781 2707 3679 2691 3393 2712 3361 2691 3097 2712 3065 2680 3043 2702 2989 2680 2957 2702 2575 2696 2429 2718 2343 2642 2311 2648"/></Shape>
	    <String CONTENT="העולם והם מה לכין לאורה ומה טעמ&#39;"
                    HPOS="2300.0"
                    VPOS="2556.0"
                    WIDTH="1535.0"
                    HEIGHT="162.0"></String>
          </TextLine>

          
          
          <TextLine ID="eSc_line_1325726"
                    
                    BASELINE="2348 2761 3824 2761" 
                    HPOS="2343.0"
                    VPOS="2680.0"
                    WIDTH="1476.0"
                    HEIGHT="156.0">
            <Shape><Polygon POINTS="2343 2755 2375 2680 2429 2718 2887 2707 2989 2680 3038 2707 3070 2685 3103 2718 3173 2696 3695 2696 3792 2712 3819 2755 3808 2836 3253 2809 3200 2831 3173 2804 2973 2831 2914 2798 2822 2831 2467 2831 2391 2825 2354 2788"/></Shape>
	    <String CONTENT="והלכו גוים לאורך וג&#39; א&#39;ר&#39; אחא צמשלו"
                    HPOS="2343.0"
                    VPOS="2680.0"
                    WIDTH="1476.0"
                    HEIGHT="156.0"></String>
          </TextLine>

          
          
          <TextLine ID="eSc_line_1325711"
                    
                    BASELINE="2338 2879 3814 2879" 
                    HPOS="2332.0"
                    VPOS="2777.0"
                    WIDTH="1476.0"
                    HEIGHT="177.0">
            <Shape><Polygon POINTS="2332 2874 2343 2777 2391 2825 2461 2831 3679 2820 3797 2836 3808 2874 3797 2917 3760 2938 3593 2949 3302 2928 3156 2954 2892 2954 2855 2922 2785 2944 2472 2949 2343 2922"/></Shape>
	    <String CONTENT="ישר&#39; בזית זית רענןיפה פרי תואר ונמשל"
                    HPOS="2332.0"
                    VPOS="2777.0"
                    WIDTH="1476.0"
                    HEIGHT="177.0"></String>
          </TextLine>

          
          
          <TextLine ID="eSc_line_1325727"
                    
                    BASELINE="2332 2992 3868 2998" 
                    HPOS="2327.0"
                    VPOS="2922.0"
                    WIDTH="1535.0"
                    HEIGHT="151.0">
            <Shape><Polygon POINTS="2327 2987 2343 2938 3065 2954 3313 2922 3334 2944 3722 2928 3797 2944 3862 2992 3797 3057 3717 3068 3657 3041 3609 3062 3323 3046 2914 3073 2451 3068 2418 3046 2359 3068 2332 3046"/></Shape>
	    <String CONTENT="הק&#39; נר נר אלהים נשמת אדם מה דרכו"
                    HPOS="2327.0"
                    VPOS="2922.0"
                    WIDTH="1535.0"
                    HEIGHT="151.0"></String>
          </TextLine>

          
          
          <TextLine ID="eSc_line_1325686"
                    
                    BASELINE="2370 3111 3846 3116" 
                    HPOS="2364.0"
                    VPOS="3041.0"
                    WIDTH="1477.0"
                    HEIGHT="150.0">
            <Shape><Polygon POINTS="2364 3105 2370 3068 2413 3046 2440 3073 2962 3073 3323 3046 3614 3062 3652 3041 3679 3068 3797 3062 3841 3111 3803 3170 3738 3181 3630 3148 3577 3181 3437 3186 3393 3159 3361 3181 3183 3191 3129 3164 3016 3191 2984 3170 2731 3186 2704 3164 2666 3191 2478 3191 2445 3164 2370 3159"/></Shape>
	    <String CONTENT="של שמן להנתן בכר והן מאירים [/]"
                    HPOS="2364.0"
                    VPOS="3041.0"
                    WIDTH="1477.0"
                    HEIGHT="150.0"></String>
          </TextLine>

          
          
          <TextLine ID="eSc_line_1325720"
                    
                    BASELINE="2327 3234 3819 3234" 
                    HPOS="2321.0"
                    VPOS="3159.0"
                    WIDTH="1493.0"
                    HEIGHT="156.0">
            <Shape><Polygon POINTS="2321 3229 2359 3159 2478 3191 2677 3191 2704 3164 2752 3191 2817 3170 3000 3191 3070 3175 3124 3197 3803 3181 3814 3229 3803 3294 3733 3310 3388 3283 3205 3315 3162 3288 2925 3315 2790 3310 2763 3288 2424 3310 2364 3251 2332 3251"/></Shape>
	    <String CONTENT="שניהם באחת כך א&#39; הק&#39;ב&#39;ה לישראל"
                    HPOS="2321.0"
                    VPOS="3159.0"
                    WIDTH="1493.0"
                    HEIGHT="156.0"></String>
          </TextLine>

          
          
          <TextLine ID="eSc_line_1325721"
                    
                    BASELINE="2305 3358 3857 3364" 
                    HPOS="2300.0"
                    VPOS="3277.0"
                    WIDTH="1551.0"
                    HEIGHT="157.0">
            <Shape><Polygon POINTS="2300 3353 2348 3288 2402 3310 2763 3299 2903 3321 3124 3283 3200 3310 3383 3277 3420 3299 3776 3299 3851 3358 3787 3428 3695 3428 3647 3396 3593 3423 3113 3407 3065 3428 2909 3428 2844 3401 2806 3434 2338 3434 2305 3401"/></Shape>
	    <String CONTENT="בניי הואיל ואורי הוא אורכס ואורכם"
                    HPOS="2300.0"
                    VPOS="3277.0"
                    WIDTH="1551.0"
                    HEIGHT="157.0"></String>
          </TextLine>

          
          
          <TextLine ID="eSc_line_1325687"
                    
                    BASELINE="2391 3487 3889 3477" 
                    HPOS="2386.0"
                    VPOS="3401.0"
                    WIDTH="1498.0"
                    HEIGHT="162.0">
            <Shape><Polygon POINTS="2386 3482 2391 3428 2731 3412 2806 3434 2844 3401 2903 3428 3501 3417 3604 3439 3641 3412 3797 3434 3835 3471 3884 3471 3797 3547 3760 3530 3582 3563 3447 3525 3318 3552 3200 3536 2860 3563 2801 3536 2575 3557 2510 3525 2391 3530"/></Shape>
	    <String CONTENT="הוא אורי אני ואתם נלך ונאיר"
                    HPOS="2386.0"
                    VPOS="3401.0"
                    WIDTH="1498.0"
                    HEIGHT="162.0"></String>
          </TextLine>

          
          
          <TextLine ID="eSc_line_1325688"
                    
                    BASELINE="2381 3611 3884 3611" 
                    HPOS="2375.0"
                    VPOS="3530.0"
                    WIDTH="1503.0"
                    HEIGHT="167.0">
            <Shape><Polygon POINTS="2375 3606 2408 3547 2505 3536 2569 3568 2785 3541 2828 3563 3582 3568 3706 3563 3771 3530 3878 3606 3803 3665 3754 3654 3711 3687 3625 3692 3571 3665 3512 3697 3474 3676 3404 3687 3361 3654 3264 3681 3232 3649 3194 3670 3151 3654 3119 3681 2779 3681 2709 3643 2666 3676 2612 3638 2564 3670 2526 3649 2499 3676 2435 3676 2386 3638"/></Shape>
	    <String CONTENT="לציון קומי אורי כי בא אורך ˙ תני"
                    HPOS="2375.0"
                    VPOS="3530.0"
                    WIDTH="1503.0"
                    HEIGHT="167.0"></String>
          </TextLine>

          
          
          <TextLine ID="eSc_line_1325716"
                    
                    BASELINE="2418 3724 3889 3730" 
                    HPOS="2413.0"
                    VPOS="3643.0"
                    WIDTH="1471.0"
                    HEIGHT="162.0">
            <Shape><Polygon POINTS="2413 3719 2418 3670 2494 3676 2526 3654 2666 3676 2699 3643 2736 3681 3162 3687 3232 3649 3259 3676 3356 3665 3496 3692 3560 3670 3717 3681 3765 3649 3884 3724 3808 3783 3749 3767 3587 3794 3000 3783 2909 3805 2871 3773 2817 3805 2688 3783 2634 3805 2418 3794"/></Shape>
	    <String CONTENT="ר&#39; חייא מתחילת ברייתו של עולם"
                    HPOS="2413.0"
                    VPOS="3643.0"
                    WIDTH="1471.0"
                    HEIGHT="162.0"></String>
          </TextLine>

          
          
          <TextLine ID="eSc_line_1325689"
                    
                    BASELINE="2370 3848 3862 3848" 
                    HPOS="2364.0"
                    VPOS="3778.0"
                    WIDTH="1493.0"
                    HEIGHT="151.0">
            <Shape><Polygon POINTS="2364 3843 2375 3789 3361 3810 3410 3783 3544 3805 3754 3778 3819 3794 3857 3843 3846 3891 3781 3923 3593 3907 3022 3929 2957 3891 2876 3929 2672 3907 2402 3923 2375 3896"/></Shape>
	    <String CONTENT="צפה הקבה בית המקדש בנוי וחרב"
                    HPOS="2364.0"
                    VPOS="3778.0"
                    WIDTH="1493.0"
                    HEIGHT="151.0"></String>
          </TextLine>

          
          
          <TextLine ID="eSc_line_1325684"
                    
                    BASELINE="2424 3972 3868 3972" 
                    HPOS="2418.0"
                    VPOS="3891.0"
                    WIDTH="1444.0"
                    HEIGHT="162.0">
            <Shape><Polygon POINTS="2418 3966 2429 3923 2892 3929 2941 3891 3011 3929 3803 3918 3862 3966 3851 4020 3787 4042 3614 4020 3474 4047 2650 4053 2575 4020 2429 4047"/></Shape>
	    <String CONTENT="ובנוי בראשית ברא א&#39; הים את"
                    HPOS="2418.0"
                    VPOS="3891.0"
                    WIDTH="1444.0"
                    HEIGHT="162.0"></String>
          </TextLine>

          
          
          <TextLine ID="eSc_line_1325672"
                    
                    BASELINE="2375 4096 3884 4085" 
                    HPOS="2370.0"
                    VPOS="4026.0"
                    WIDTH="1508.0"
                    HEIGHT="156.0">
            <Shape><Polygon POINTS="2370 4090 2402 4042 2596 4026 2763 4053 3490 4047 3614 4026 3824 4042 3878 4079 3851 4149 3787 4160 3507 4166 3431 4144 3054 4160 3011 4182 2973 4160 2860 4171 2817 4144 2639 4166 2521 4144 2451 4176 2381 4117"/></Shape>
	    <String CONTENT="השמים ואת הארץ בנוי והארץ"
                    HPOS="2370.0"
                    VPOS="4026.0"
                    WIDTH="1508.0"
                    HEIGHT="156.0"></String>
          </TextLine>

          
          
          <TextLine ID="eSc_line_1325677"
                    
                    BASELINE="2375 4214 3868 4214" 
                    HPOS="2370.0"
                    VPOS="4149.0"
                    WIDTH="1492.0"
                    HEIGHT="140.0">
            <Shape><Polygon POINTS="2370 4209 2418 4166 2461 4182 2510 4160 2812 4155 3011 4187 3054 4166 3733 4149 3830 4155 3862 4209 3830 4273 3744 4252 3706 4279 3577 4289 3210 4289 3022 4262 2957 4284 2812 4289 2752 4268 2666 4289 2456 4262 2381 4219"/></Shape>
	    <String CONTENT="היתה תהו ובהו הרי חרב ויאמר"
                    HPOS="2370.0"
                    VPOS="4149.0"
                    WIDTH="1492.0"
                    HEIGHT="140.0"></String>
          </TextLine>

          
          
          <TextLine ID="eSc_line_1325667"
                    
                    BASELINE="2370 4316 3857 4332" 
                    HPOS="2364.0"
                    VPOS="4246.0"
                    WIDTH="1487.0"
                    HEIGHT="162.0">
            <Shape><Polygon POINTS="2364 4311 2370 4257 2391 4252 2585 4284 3340 4273 3566 4295 3711 4279 3749 4246 3797 4257 3851 4327 3819 4386 3776 4397 3469 4397 3420 4370 3388 4402 3356 4375 3329 4397 3151 4375 3081 4402 3027 4365 2989 4402 2936 4408 2882 4402 2849 4370 2758 4402 2677 4375 2542 4408 2440 4359 2397 4386 2370 4375"/></Shape>
	    <String CONTENT="א&#39;הים יהיאור ויהי אור הרי בנוי [/]"
                    HPOS="2364.0"
                    VPOS="4246.0"
                    WIDTH="1487.0"
                    HEIGHT="162.0"></String>
          </TextLine>

          
          
          <TextLine ID="eSc_line_1325670"
                    
                    BASELINE="2359 4462 3862 4440" 
                    HPOS="2354.0"
                    VPOS="4354.0"
                    WIDTH="1503.0"
                    HEIGHT="188.0">
            <Shape><Polygon POINTS="2354 4456 2440 4354 2553 4413 2645 4392 2779 4402 2844 4375 2903 4408 2984 4408 3027 4365 3081 4402 3329 4402 3356 4381 3399 4402 3442 4370 3463 4392 3512 4375 3609 4402 3830 4397 3857 4435 3830 4505 3458 4515 3393 4483 3302 4526 3011 4526 2984 4505 2925 4542 2812 4499 2709 4542 2553 4532 2526 4510 2494 4537 2375 4456"/></Shape>
	    <String CONTENT="ומש וכלל לעתיד לבא ר&#39; שמואל"
                    HPOS="2354.0"
                    VPOS="4354.0"
                    WIDTH="1503.0"
                    HEIGHT="188.0"></String>
          </TextLine>

          
          
          <TextLine ID="eSc_line_1325673"
                    
                    BASELINE="2359 4585 3900 4553" 
                    HPOS="2354.0"
                    VPOS="4478.0"
                    WIDTH="1540.0"
                    HEIGHT="188.0">
            <Shape><Polygon POINTS="2354 4580 2418 4515 2499 4548 2526 4521 2919 4542 2968 4505 3011 4526 3296 4532 3399 4478 3523 4526 3819 4505 3894 4548 3808 4612 3711 4602 3684 4628 3507 4655 3453 4623 3372 4650 3286 4628 3253 4655 3178 4645 3108 4666 3011 4639 2952 4661 2909 4634 2860 4661 2736 4666 2672 4634 2650 4655 2531 4645 2451 4666 2359 4585"/></Shape>
	    <String CONTENT="בר נחמן לפי שבעולם הזה מהלכין"
                    HPOS="2354.0"
                    VPOS="4478.0"
                    WIDTH="1540.0"
                    HEIGHT="188.0"></String>
          </TextLine>

          
          
          <TextLine ID="eSc_line_1325674"
                    
                    BASELINE="2354 4704 3911 4682" 
                    HPOS="2348.0"
                    VPOS="4607.0"
                    WIDTH="1557.0"
                    HEIGHT="178.0">
            <Shape><Polygon POINTS="2348 4698 2354 4666 2413 4650 2645 4666 2672 4639 2822 4666 2903 4639 2962 4666 3011 4639 3092 4672 3178 4650 3722 4639 3760 4607 3868 4677 3905 4677 3803 4747 3722 4731 3690 4758 3636 4725 3512 4763 3323 4768 3291 4747 3259 4779 3070 4779 3000 4752 2941 4785 2553 4785 2521 4758 2456 4779 2397 4731 2359 4736"/></Shape>
	    <String CONTENT="לאור חחמה ביום ולאור הלבנה"
                    HPOS="2348.0"
                    VPOS="4607.0"
                    WIDTH="1557.0"
                    HEIGHT="178.0"></String>
          </TextLine>

          
          
          <TextLine ID="eSc_line_1325668"
                    
                    BASELINE="2354 4833 3868 4801" 
                    HPOS="2348.0"
                    VPOS="4731.0"
                    WIDTH="1514.0"
                    HEIGHT="193.0">
            <Shape><Polygon POINTS="2348 4828 2418 4752 2467 4790 2946 4779 3000 4752 3054 4785 3259 4785 3296 4752 3372 4785 3431 4758 3577 4768 3620 4731 3695 4758 3733 4731 3781 4752 3841 4741 3862 4795 3765 4871 3711 4844 3604 4881 3560 4865 3485 4887 3458 4860 3404 4876 3361 4849 3302 4898 3189 4908 3043 4865 2995 4908 2903 4898 2844 4924 2591 4919 2564 4892 2467 4914 2402 4903 2354 4855"/></Shape>
	    <String CONTENT="בלילה אבל לעתיד לבוא אינן [עומ&#39;"
                    HPOS="2348.0"
                    VPOS="4731.0"
                    WIDTH="1514.0"
                    HEIGHT="193.0"></String>
          </TextLine>

          
          
          <TextLine ID="eSc_line_1325666"
                    
                    BASELINE="2327 4957 3889 4919" 
                    HPOS="2321.0"
                    VPOS="4871.0"
                    WIDTH="1563.0"
                    HEIGHT="172.0">
            <Shape><Polygon POINTS="2321 4951 2402 4898 2467 4914 2558 4892 2596 4924 2962 4919 3022 4881 3097 4898 3189 4876 3232 4908 3302 4908 3334 4876 3474 4871 3582 4903 3722 4871 3749 4892 3868 4881 3884 4914 3873 4978 3792 4978 3744 5016 3652 4984 3571 5021 3490 5000 3431 5027 3146 5005 3124 5027 2930 5016 2887 5038 2822 5000 2795 5027 2542 5016 2515 5043 2445 5011 2332 5011"/></Shape>
	    <String CONTENT="עומדין להלוך לא לאור החמה כיום"
                    HPOS="2321.0"
                    VPOS="4871.0"
                    WIDTH="1563.0"
                    HEIGHT="172.0"></String>
          </TextLine>

          
        </TextBlock>
        
        <TextBlock HPOS="498.0"
                   VPOS="943.0"
                   WIDTH="1652.0"
                   HEIGHT="4135.0"
                   ID="eSc_textblock_8045"
                   TAGREFS="BT2">
          <Shape><Polygon POINTS="498 983 498 5068 2150 5078 2101 943"/></Shape>
          
          
          <TextLine ID="eSc_line_1325709"
                    
                    BASELINE="565 1081 2030 1054" 
                    HPOS="560.0"
                    VPOS="974.0"
                    WIDTH="1465.0"
                    HEIGHT="156.0">
            <Shape><Polygon POINTS="560 1076 565 1017 641 995 840 1017 872 990 905 1011 1093 1011 1179 984 1427 1006 1508 979 1556 1001 1718 1001 1788 974 1944 974 1966 995 2009 974 2025 1049 2009 1108 1767 1092 1723 1114 1540 1098 1433 1119 1158 1103 1115 1124 899 1108 845 1130 565 1130"/></Shape>
	    <String CONTENT="ולא לאור הלבנה בלילה ומה טע&#39; ˙ לא"
                    HPOS="560.0"
                    VPOS="974.0"
                    WIDTH="1465.0"
                    HEIGHT="156.0"></String>
          </TextLine>

          
          
          <TextLine ID="eSc_line_1325714"
                    
                    BASELINE="506 1189 2084 1162" 
                    HPOS="501.0"
                    VPOS="1087.0"
                    WIDTH="1578.0"
                    HEIGHT="172.0">
            <Shape><Polygon POINTS="501 1184 549 1135 662 1141 689 1119 770 1146 835 1124 1039 1135 1163 1103 1271 1130 1740 1124 1777 1087 1842 1119 1971 1108 2036 1157 2079 1157 1939 1237 1837 1237 1810 1216 1767 1243 1718 1216 1648 1254 1551 1221 1433 1248 1292 1248 1222 1221 1093 1254 781 1232 560 1259 506 1205"/></Shape>
	    <String CONTENT="יהיה לך עוד השמש לאור יומם ולנוגה"
                    HPOS="501.0"
                    VPOS="1087.0"
                    WIDTH="1578.0"
                    HEIGHT="172.0"></String>
          </TextLine>

          
          
          <TextLine ID="eSc_line_1325706"
                    
                    BASELINE="549 1307 2041 1297" 
                    HPOS="544.0"
                    VPOS="1216.0"
                    WIDTH="1492.0"
                    HEIGHT="167.0">
            <Shape><Polygon POINTS="544 1302 565 1259 624 1237 668 1259 781 1227 813 1248 1082 1259 1395 1227 1653 1254 1723 1216 1772 1254 1998 1248 2036 1291 2014 1356 1907 1367 1664 1372 1621 1329 1556 1367 1443 1334 1368 1377 1314 1345 1190 1372 867 1361 835 1383 791 1356 711 1383 668 1340 614 1372 549 1356"/></Shape>
	    <String CONTENT="הירח לא יאיר לך לאור מי מהלכין [ל/]"
                    HPOS="544.0"
                    VPOS="1216.0"
                    WIDTH="1492.0"
                    HEIGHT="167.0"></String>
          </TextLine>

          
          
          <TextLine ID="eSc_line_1325723"
                    
                    BASELINE="517 1437 2079 1426" 
                    HPOS="511.0"
                    VPOS="1329.0"
                    WIDTH="1563.0"
                    HEIGHT="178.0">
            <Shape><Polygon POINTS="511 1431 657 1345 711 1388 764 1356 829 1388 1249 1356 1373 1377 1427 1340 1562 1367 1610 1329 1670 1372 1982 1351 2074 1420 2009 1474 1966 1464 1917 1496 1680 1496 1616 1464 1476 1496 1341 1474 1287 1501 1244 1485 1023 1507 958 1480 937 1501 764 1507 727 1480 571 1485 517 1447"/></Shape>
	    <String CONTENT="לאורו של הקב&#39;ה הדה וכת&#39; והיה לך ייי י"
                    HPOS="511.0"
                    VPOS="1329.0"
                    WIDTH="1563.0"
                    HEIGHT="178.0"></String>
          </TextLine>

          
          
          <TextLine ID="eSc_line_1325729"
                    
                    BASELINE="479 1566 2084 1550" 
                    HPOS="474.0"
                    VPOS="1469.0"
                    WIDTH="1605.0"
                    HEIGHT="167.0">
            <Shape><Polygon POINTS="474 1560 549 1496 662 1480 748 1512 926 1507 958 1480 1012 1501 1255 1485 1309 1507 1373 1480 1465 1517 1610 1469 1691 1496 1901 1501 1977 1469 2079 1544 2014 1603 1756 1598 1680 1625 1061 1614 818 1636 738 1630 689 1598 657 1630 527 1630 484 1587"/></Shape>
	    <String CONTENT="לאור עולם וג&#39; אר&#39; חנינה חלונות היו בבית"
                    HPOS="474.0"
                    VPOS="1469.0"
                    WIDTH="1605.0"
                    HEIGHT="167.0"></String>
          </TextLine>

          
          
          <TextLine ID="eSc_line_1325718"
                    
                    BASELINE="501 1684 2074 1668" 
                    HPOS="495.0"
                    VPOS="1598.0"
                    WIDTH="1573.0"
                    HEIGHT="188.0">
            <Shape><Polygon POINTS="495 1679 565 1614 657 1630 689 1598 813 1636 1966 1603 2068 1663 2004 1733 1858 1743 1680 1722 1637 1749 1163 1749 1088 1711 1039 1743 894 1754 597 1743 560 1786 501 1733"/></Shape>
	    <String CONTENT="המקדש ומהם היתה אורה יוצאת לעולם"
                    HPOS="495.0"
                    VPOS="1598.0"
                    WIDTH="1573.0"
                    HEIGHT="188.0"></String>
          </TextLine>

          
          
          <TextLine ID="eSc_line_1325703"
                    
                    BASELINE="571 1808 2041 1803" 
                    HPOS="565.0"
                    VPOS="1717.0"
                    WIDTH="1471.0"
                    HEIGHT="188.0">
            <Shape><Polygon POINTS="565 1803 603 1749 1045 1743 1077 1717 1120 1743 1298 1754 1336 1733 1384 1754 1632 1754 1686 1727 1837 1749 1993 1738 2036 1797 2020 1862 1987 1867 1605 1873 1567 1846 1503 1883 1395 1862 1066 1862 738 1873 619 1905 571 1856"/></Shape>
	    <String CONTENT="ומה טעמ&#39; ויעש לבית חלונות שקופים"
                    HPOS="565.0"
                    VPOS="1717.0"
                    WIDTH="1471.0"
                    HEIGHT="188.0"></String>
          </TextLine>

          
          
          <TextLine ID="eSc_line_1325704"
                    
                    BASELINE="549 1948 2079 1926" 
                    HPOS="544.0"
                    VPOS="1856.0"
                    WIDTH="1530.0"
                    HEIGHT="162.0">
            <Shape><Polygon POINTS="544 1943 549 1883 624 1910 743 1883 1513 1883 1573 1862 1664 1883 1815 1856 1998 1867 2074 1921 2004 2002 1222 2013 1077 1986 1012 2013 732 2018 630 1980 597 2007 554 1986"/></Shape>
	    <String CONTENT="אטומים שקופות א היו אטומות היו [/]"
                    HPOS="544.0"
                    VPOS="1856.0"
                    WIDTH="1530.0"
                    HEIGHT="162.0"></String>
          </TextLine>

          
          
          <TextLine ID="eSc_line_1325705"
                    
                    BASELINE="544 2066 2041 2045" 
                    HPOS="538.0"
                    VPOS="1986.0"
                    WIDTH="1498.0"
                    HEIGHT="150.0">
            <Shape><Polygon POINTS="538 2061 619 1986 716 2023 1756 1991 2004 2002 2036 2039 1998 2109 1519 2131 1379 2099 1282 2126 1260 2104 1212 2126 1152 2109 1109 2136 678 2136 549 2061"/></Shape>
	    <String CONTENT="מקטינות מבפנים ומרחיבות מבחוץ כדי"
                    HPOS="538.0"
                    VPOS="1986.0"
                    WIDTH="1498.0"
                    HEIGHT="150.0"></String>
          </TextLine>

          
          
          <TextLine ID="eSc_line_1325708"
                    
                    BASELINE="560 2174 2063 2163" 
                    HPOS="554.0"
                    VPOS="2099.0"
                    WIDTH="1503.0"
                    HEIGHT="150.0">
            <Shape><Polygon POINTS="554 2169 581 2099 668 2136 1115 2136 1152 2109 1195 2131 1244 2104 1292 2131 1384 2099 1427 2126 1707 2131 1982 2104 2057 2158 1998 2222 1907 2228 1869 2196 1837 2228 1729 2244 1691 2217 1562 2228 1535 2201 1492 2233 1352 2244 1282 2212 1244 2249 1136 2206 1093 2244 1002 2249 958 2222 931 2244 560 2239"/></Shape>
	    <String CONTENT="להוציא אורה לעולם ר&#39; ברכיה בשם בצ&#39;"
                    HPOS="554.0"
                    VPOS="2099.0"
                    WIDTH="1503.0"
                    HEIGHT="150.0"></String>
          </TextLine>

          
          
          <TextLine ID="eSc_line_1325682"
                    
                    BASELINE="495 2292 2084 2271" 
                    HPOS="490.0"
                    VPOS="2196.0"
                    WIDTH="1589.0"
                    HEIGHT="183.0">
            <Shape><Polygon POINTS="490 2287 544 2244 641 2249 668 2228 700 2255 818 2255 921 2244 958 2217 985 2244 1088 2249 1142 2212 1233 2255 1282 2206 1341 2249 1443 2228 1486 2244 1529 2206 1616 2244 1670 2239 1691 2212 1729 2239 1831 2228 1863 2196 1901 2228 2004 2222 2079 2266 2009 2352 1869 2330 1346 2352 1190 2325 1093 2357 888 2341 797 2368 738 2352 549 2379 501 2330"/></Shape>
	    <String CONTENT="בצלה כת&#39; וחלונות לו ולא ילמיו כחלונות"
                    HPOS="490.0"
                    VPOS="2196.0"
                    WIDTH="1589.0"
                    HEIGHT="183.0"></String>
          </TextLine>

          
          
          <TextLine ID="eSc_line_1325691"
                    
                    BASELINE="560 2422 2041 2405" 
                    HPOS="554.0"
                    VPOS="2319.0"
                    WIDTH="1482.0"
                    HEIGHT="162.0">
            <Shape><Polygon POINTS="554 2416 581 2362 1066 2357 1158 2346 1185 2319 1222 2346 1336 2357 1454 2357 1486 2330 1610 2357 1955 2341 2020 2357 2036 2400 2014 2470 1890 2481 1777 2459 1643 2475 1621 2454 1438 2481 1271 2459 560 2481"/></Shape>
	    <String CONTENT="אין בת&#39; כן אלא כהחלונות חלונות בהות"
                    HPOS="554.0"
                    VPOS="2319.0"
                    WIDTH="1482.0"
                    HEIGHT="162.0"></String>
          </TextLine>

          
          
          <TextLine ID="eSc_line_1325698"
                    
                    BASELINE="538 2545 2106 2535" 
                    HPOS="533.0"
                    VPOS="2459.0"
                    WIDTH="1568.0"
                    HEIGHT="151.0">
            <Shape><Polygon POINTS="533 2540 603 2481 1427 2481 1600 2459 1880 2486 1993 2465 2063 2529 2101 2529 2020 2588 1831 2599 1524 2599 1395 2572 1292 2610 1195 2605 1158 2578 1109 2610 581 2610 538 2567"/></Shape>
	    <String CONTENT="היו אטומות היו מקטינות מבפנים [ומ/]"
                    HPOS="533.0"
                    VPOS="2459.0"
                    WIDTH="1568.0"
                    HEIGHT="151.0"></String>
          </TextLine>

          
          
          <TextLine ID="eSc_line_1325712"
                    
                    BASELINE="565 2664 2090 2637" 
                    HPOS="560.0"
                    VPOS="2578.0"
                    WIDTH="1524.0"
                    HEIGHT="161.0">
            <Shape><Polygon POINTS="560 2658 587 2610 1115 2610 1147 2578 1201 2605 1346 2615 1416 2578 1637 2610 1890 2583 2014 2594 2084 2632 2025 2707 1928 2712 1831 2680 1713 2739 1637 2707 1314 2723 1217 2675 1136 2712 1018 2723 915 2702 883 2723 851 2696 797 2728 721 2702 597 2723 565 2691"/></Shape>
	    <String CONTENT="ומרחיבות מבחות כדי להוציא אורה"
                    HPOS="560.0"
                    VPOS="2578.0"
                    WIDTH="1524.0"
                    HEIGHT="161.0"></String>
          </TextLine>

          
          
          <TextLine ID="eSc_line_1325700"
                    
                    BASELINE="565 2771 2106 2755" 
                    HPOS="560.0"
                    VPOS="2675.0"
                    WIDTH="1541.0"
                    HEIGHT="177.0">
            <Shape><Polygon POINTS="560 2766 592 2723 705 2696 759 2723 829 2718 878 2755 921 2712 1125 2712 1190 2675 1292 2723 1637 2702 1707 2745 1815 2685 1863 2712 1993 2696 2052 2750 2101 2750 2014 2825 1901 2836 1804 2825 1761 2782 1675 2825 1605 2809 1583 2831 1325 2841 1271 2815 1217 2847 1169 2809 1072 2841 980 2820 910 2852 872 2815 797 2841 764 2809 700 2831 673 2809 603 2815 571 2782"/></Shape>
	    <String CONTENT="לעולם ˙ ר&#39; שמעון בן&#39; יוצדק שלח"
                    HPOS="560.0"
                    VPOS="2675.0"
                    WIDTH="1541.0"
                    HEIGHT="177.0"></String>
          </TextLine>

          
          
          <TextLine ID="eSc_line_1325728"
                    
                    BASELINE="517 2885 2063 2874" 
                    HPOS="511.0"
                    VPOS="2793.0"
                    WIDTH="1546.0"
                    HEIGHT="172.0">
            <Shape><Polygon POINTS="511 2879 587 2815 705 2836 759 2809 791 2841 867 2820 899 2852 1125 2847 1179 2825 1228 2852 1276 2815 1314 2836 1583 2831 1610 2809 1680 2831 1750 2793 1793 2831 2020 2825 2057 2868 1998 2954 1610 2954 1519 2922 1476 2949 1260 2960 1190 2960 1147 2933 1104 2965 651 2938 571 2965 522 2917"/></Shape>
	    <String CONTENT="שואל את ר&#39; שמוא&#39; בר נחמן א&#39; ליה לפי"
                    HPOS="511.0"
                    VPOS="2793.0"
                    WIDTH="1546.0"
                    HEIGHT="172.0"></String>
          </TextLine>

          
          
          <TextLine ID="eSc_line_1325701"
                    
                    BASELINE="549 3003 2084 3008" 
                    HPOS="544.0"
                    VPOS="2938.0"
                    WIDTH="1535.0"
                    HEIGHT="151.0">
            <Shape><Polygon POINTS="544 2998 614 2944 651 2965 948 2971 1109 2965 1142 2938 1190 2965 2009 2938 2079 3003 2030 3062 1966 3073 1653 3073 1610 3046 1562 3073 1309 3057 1201 3084 1163 3046 1131 3073 1039 3084 1018 3062 969 3078 937 3046 905 3078 684 3089 657 3068 587 3078 549 3041"/></Shape>
	    <String CONTENT="ששמעתי שאתה בעל הגדה מאיכן [/]"
                    HPOS="544.0"
                    VPOS="2938.0"
                    WIDTH="1535.0"
                    HEIGHT="151.0"></String>
          </TextLine>

          
          
          <TextLine ID="eSc_line_1325722"
                    
                    BASELINE="560 3137 2057 3121" 
                    HPOS="554.0"
                    VPOS="3046.0"
                    WIDTH="1498.0"
                    HEIGHT="156.0">
            <Shape><Polygon POINTS="554 3132 560 3068 888 3084 937 3046 969 3078 1012 3062 1082 3089 1158 3046 1195 3078 1540 3078 1610 3051 1707 3078 2009 3073 2052 3116 2036 3181 1987 3197 1934 3175 1729 3191 1675 3170 1433 3202 1357 3202 1303 3170 1255 3197 1125 3197 1093 3175 1023 3202 560 3181"/></Shape>
	    <String CONTENT="היתה אורה יוצא לעולם א&#39; ליה נתעטף"
                    HPOS="554.0"
                    VPOS="3046.0"
                    WIDTH="1498.0"
                    HEIGHT="156.0"></String>
          </TextLine>

          
          
          <TextLine ID="eSc_line_1325699"
                    
                    BASELINE="544 3256 2106 3240" 
                    HPOS="538.0"
                    VPOS="3164.0"
                    WIDTH="1563.0"
                    HEIGHT="157.0">
            <Shape><Polygon POINTS="538 3251 587 3197 657 3175 689 3202 743 3186 786 3207 872 3181 1158 3202 1260 3197 1298 3164 1352 3202 1928 3175 2025 3191 2101 3234 2020 3304 1934 3315 1912 3294 1621 3294 1573 3321 1115 3299 921 3315 829 3294 727 3321 581 3304 544 3272"/></Shape>
	    <String CONTENT="הקבה באיצטלית לבנה והיה כל העולם"
                    HPOS="538.0"
                    VPOS="3164.0"
                    WIDTH="1563.0"
                    HEIGHT="157.0"></String>
          </TextLine>

          
          
          <TextLine ID="eSc_line_1325717"
                    
                    BASELINE="587 3374 2106 3353" 
                    HPOS="581.0"
                    VPOS="3294.0"
                    WIDTH="1520.0"
                    HEIGHT="140.0">
            <Shape><Polygon POINTS="581 3369 587 3310 764 3321 835 3294 894 3315 1174 3321 1912 3294 2101 3347 2025 3428 1955 3407 1573 3434 1400 3407 1336 3428 1179 3412 1147 3434 1061 3428 1028 3401 926 3434 587 3417"/></Shape>
	    <String CONTENT="כולו מבהיק מזיו הדרו אמרה ליה בלח"
                    HPOS="581.0"
                    VPOS="3294.0"
                    WIDTH="1520.0"
                    HEIGHT="140.0"></String>
          </TextLine>

          
          
          <TextLine ID="eSc_line_1325692"
                    
                    BASELINE="495 3487 2127 3477" 
                    HPOS="490.0"
                    VPOS="3407.0"
                    WIDTH="1632.0"
                    HEIGHT="156.0">
            <Shape><Polygon POINTS="490 3482 565 3417 942 3434 1028 3407 1082 3439 1529 3412 1896 3428 1955 3407 1982 3434 2030 3428 2074 3471 2122 3471 2047 3557 1869 3536 1718 3552 1675 3514 1632 3552 1352 3536 964 3563 851 3541 684 3563 565 3552 501 3487"/></Shape>
	    <String CONTENT="בלחישה א&#39; ליה מקרא מלא הוא עוטה"
                    HPOS="490.0"
                    VPOS="3407.0"
                    WIDTH="1632.0"
                    HEIGHT="156.0"></String>
          </TextLine>

          
          
          <TextLine ID="eSc_line_1325693"
                    
                    BASELINE="527 3606 2117 3600" 
                    HPOS="522.0"
                    VPOS="3520.0"
                    WIDTH="1589.0"
                    HEIGHT="167.0">
            <Shape><Polygon POINTS="522 3600 592 3547 721 3563 1255 3536 1303 3557 1626 3557 1670 3520 1707 3552 1955 3547 2111 3595 2030 3670 1987 3676 1880 3649 1826 3676 1734 3676 1696 3643 1653 3670 1524 3649 1481 3681 1136 3654 1002 3681 872 3660 813 3687 576 3687 527 3638"/></Shape>
	    <String CONTENT="אור כשלמה נוטה שמים כיריעה ואת"
                    HPOS="522.0"
                    VPOS="3520.0"
                    WIDTH="1589.0"
                    HEIGHT="167.0"></String>
          </TextLine>

          
          
          <TextLine ID="eSc_line_1325697"
                    
                    BASELINE="522 3735 2127 3735" 
                    HPOS="517.0"
                    VPOS="3649.0"
                    WIDTH="1605.0"
                    HEIGHT="167.0">
            <Shape><Polygon POINTS="517 3730 565 3687 1088 3687 1142 3660 1179 3681 1503 3681 1535 3649 1578 3676 1648 3676 1686 3649 1740 3681 2025 3676 2122 3730 2036 3794 1966 3805 1896 3805 1858 3778 1799 3805 1411 3810 1303 3789 1201 3810 1147 3767 1082 3810 975 3789 948 3810 657 3816 576 3810 527 3762"/></Shape>
	    <String CONTENT="אומרה לי בלחישה א&#39; ליה כשם שאמרו"
                    HPOS="517.0"
                    VPOS="3649.0"
                    WIDTH="1605.0"
                    HEIGHT="167.0"></String>
          </TextLine>

          
          
          <TextLine ID="eSc_line_1325694"
                    
                    BASELINE="560 3870 2063 3859" 
                    HPOS="554.0"
                    VPOS="3767.0"
                    WIDTH="1503.0"
                    HEIGHT="167.0">
            <Shape><Polygon POINTS="554 3864 608 3794 975 3794 1072 3816 1142 3767 1185 3810 1298 3789 1788 3810 1858 3778 1890 3810 1955 3810 2004 3789 2057 3853 2036 3934 1977 3907 1923 3929 1804 3918 1783 3896 1734 3929 1610 3913 1540 3934 1503 3913 1303 3907 1147 3934 1093 3907 1055 3934 835 3929 754 3902 673 3934 651 3913 587 3929 560 3902"/></Shape>
	    <String CONTENT="לי בלחישה בך אמרתי לך בלחישה [וא/&#39;]"
                    HPOS="554.0"
                    VPOS="3767.0"
                    WIDTH="1503.0"
                    HEIGHT="167.0"></String>
          </TextLine>

          
          
          <TextLine ID="eSc_line_1325679"
                    
                    BASELINE="554 3993 2090 3972" 
                    HPOS="549.0"
                    VPOS="3891.0"
                    WIDTH="1535.0"
                    HEIGHT="167.0">
            <Shape><Polygon POINTS="549 3988 624 3923 684 3950 727 3907 802 3934 1050 3934 1093 3913 1125 3939 1190 3918 1239 3934 1486 3913 1546 3939 1734 3929 1772 3891 1810 3918 1858 3902 1885 3929 1977 3913 2084 3966 2047 4042 1960 4047 1750 4020 1659 4053 1497 4026 1384 4047 1233 4026 1195 4058 1050 4036 835 4058 797 4031 608 4053 560 4004"/></Shape>
	    <String CONTENT="ואילולי שדרשה ר&#39; יצחק ברבים לא"
                    HPOS="549.0"
                    VPOS="3891.0"
                    WIDTH="1535.0"
                    HEIGHT="167.0"></String>
          </TextLine>

          
          
          <TextLine ID="eSc_line_1325695"
                    
                    BASELINE="581 4101 2111 4106" 
                    HPOS="576.0"
                    VPOS="4026.0"
                    WIDTH="1530.0"
                    HEIGHT="156.0">
            <Shape><Polygon POINTS="576 4096 581 4058 786 4036 867 4063 1206 4058 1239 4031 1336 4053 1486 4026 1874 4053 2014 4036 2106 4101 2052 4155 1734 4171 1535 4139 1497 4166 1190 4160 1158 4182 1034 4155 905 4182 867 4144 770 4176 581 4166"/></Shape>
	    <String CONTENT="היה איפשר לאומרה קמייכון ˙ ר&#39; ברכיה"
                    HPOS="576.0"
                    VPOS="4026.0"
                    WIDTH="1530.0"
                    HEIGHT="156.0"></String>
          </TextLine>

          
          
          <TextLine ID="eSc_line_1325675"
                    
                    BASELINE="544 4230 2122 4209" 
                    HPOS="538.0"
                    VPOS="4155.0"
                    WIDTH="1579.0"
                    HEIGHT="140.0">
            <Shape><Polygon POINTS="538 4225 581 4166 915 4187 1018 4160 1158 4182 1540 4155 1696 4182 2014 4155 2074 4203 2117 4203 2041 4279 2009 4268 1987 4289 1874 4284 1842 4257 1767 4295 1341 4273 1287 4295 1142 4273 1066 4289 1002 4268 894 4295 845 4262 791 4295 700 4268 668 4289 587 4284 544 4246"/></Shape>
	    <String CONTENT="א&#39; ממקום בית המקדש היתה אורה יוצא"
                    HPOS="538.0"
                    VPOS="4155.0"
                    WIDTH="1579.0"
                    HEIGHT="140.0"></String>
          </TextLine>

          
          
          <TextLine ID="eSc_line_1325696"
                    
                    BASELINE="538 4343 2138 4343" 
                    HPOS="533.0"
                    VPOS="4262.0"
                    WIDTH="1600.0"
                    HEIGHT="151.0">
            <Shape><Polygon POINTS="533 4338 576 4284 797 4295 840 4262 899 4300 1002 4279 1783 4300 1847 4262 1880 4289 2030 4268 2133 4338 2047 4402 1934 4413 1583 4392 1433 4413 1239 4386 1169 4413 1028 4402 996 4375 840 4413 732 4386 603 4408 544 4365"/></Shape>
	    <String CONTENT="לעולם ומה טעמא והנה כבוד אהי ישר&#39;"
                    HPOS="533.0"
                    VPOS="4262.0"
                    WIDTH="1600.0"
                    HEIGHT="151.0"></String>
          </TextLine>

          
          
          <TextLine ID="eSc_line_1325676"
                    
                    BASELINE="560 4467 2101 4451" 
                    HPOS="554.0"
                    VPOS="4381.0"
                    WIDTH="1541.0"
                    HEIGHT="151.0">
            <Shape><Polygon POINTS="554 4462 608 4402 840 4413 980 4381 1018 4402 1185 4408 1233 4381 1422 4413 1578 4392 1934 4413 2079 4392 2095 4445 2057 4526 1793 4505 1718 4526 1691 4499 1562 4532 1492 4505 1438 4532 1190 4505 1158 4526 641 4521 560 4472"/></Shape>
	    <String CONTENT="בא מדרך הקרים וקולו כקול מים רבים"
                    HPOS="554.0"
                    VPOS="4381.0"
                    WIDTH="1541.0"
                    HEIGHT="151.0"></String>
          </TextLine>

          
          
          <TextLine ID="eSc_line_1325678"
                    
                    BASELINE="527 4575 2101 4569" 
                    HPOS="522.0"
                    VPOS="4510.0"
                    WIDTH="1573.0"
                    HEIGHT="151.0">
            <Shape><Polygon POINTS="522 4569 576 4515 781 4510 1271 4510 1438 4537 1470 4510 1540 4532 1691 4510 1713 4532 2047 4526 2095 4564 2052 4645 1863 4645 1831 4623 1799 4655 1740 4623 1691 4645 1303 4645 1217 4623 894 4650 732 4618 581 4661 527 4607"/></Shape>
	    <String CONTENT="והארץ האירה מכבורו ואין כבודו אלא"
                    HPOS="522.0"
                    VPOS="4510.0"
                    WIDTH="1573.0"
                    HEIGHT="151.0"></String>
          </TextLine>

          
          
          <TextLine ID="eSc_line_1325683"
                    
                    BASELINE="560 4709 2106 4704" 
                    HPOS="554.0"
                    VPOS="4628.0"
                    WIDTH="1547.0"
                    HEIGHT="162.0">
            <Shape><Polygon POINTS="554 4704 614 4645 684 4628 845 4634 905 4661 1233 4628 1330 4666 1362 4639 1513 4666 1718 4639 1799 4661 1837 4628 1869 4661 2057 4661 2101 4698 2063 4785 1928 4790 1740 4790 1664 4752 1610 4779 673 4779 565 4704"/></Shape>
	    <String CONTENT="בית המקדש דבת&#39; כסא כבוד מרום"
                    HPOS="554.0"
                    VPOS="4628.0"
                    WIDTH="1547.0"
                    HEIGHT="162.0"></String>
          </TextLine>

          
          
          <TextLine ID="eSc_line_1325702"
                    
                    BASELINE="581 4833 2127 4833" 
                    HPOS="576.0"
                    VPOS="4774.0"
                    WIDTH="1546.0"
                    HEIGHT="150.0">
            <Shape><Polygon POINTS="576 4828 630 4774 1993 4779 2122 4828 2063 4919 1917 4924 1513 4919 1465 4898 1330 4914 1303 4887 1244 4914 1195 4892 1125 4914 1082 4871 958 4914 926 4887 808 4914 738 4892 630 4908 587 4865"/></Shape>
	    <String CONTENT="מראשון מקום מקדשינו ˙ כי הנה [ה/]"
                    HPOS="576.0"
                    VPOS="4774.0"
                    WIDTH="1546.0"
                    HEIGHT="150.0"></String>
          </TextLine>

          
          
          <TextLine ID="eSc_line_1325671"
                    
                    BASELINE="581 4957 2138 4968" 
                    HPOS="576.0"
                    VPOS="4892.0"
                    WIDTH="1557.0"
                    HEIGHT="146.0">
            <Shape><Polygon POINTS="576 4951 587 4924 635 4924 668 4892 1115 4892 1163 4924 1443 4930 1939 4930 2004 4908 2122 4930 2133 4962 2117 5011 1923 5011 1874 5038 1799 5038 1756 5011 1707 5038 1610 5016 1357 5038 1271 5005 942 5027 732 5011 668 5032 581 5005"/></Shape>
	    <String CONTENT="החשך יכסה אריץ וערפל לאמים ר&#39;"
                    HPOS="576.0"
                    VPOS="4892.0"
                    WIDTH="1557.0"
                    HEIGHT="146.0"></String>
          </TextLine>

          
        </TextBlock>
        

        
      </PrintSpace>
    </Page>
  </Layout>
</alto>
