<?xml version="1.0" encoding="UTF-8"?>
<alto xmlns:xsi="http://www.w3.org/2001/XMLSchema-instance"
      xmlns="http://www.loc.gov/standards/alto/ns-v4#"
      xsi:schemaLocation="http://www.loc.gov/standards/alto/ns-v4# http://www.loc.gov/standards/alto/v4/alto-4-2.xsd">
  <Description>
    <MeasurementUnit>pixel</MeasurementUnit>
    <sourceImageInformation>
      <fileName>oulis2017-aya-0084-0.jpg</fileName>
      
    </sourceImageInformation>
  </Description>
  
  <Tags>
    <OtherTag ID="BT1164" LABEL="Hole" DESCRIPTION="block type Hole"/><OtherTag ID="BT2" LABEL="Main" DESCRIPTION="block type Main"/><OtherTag ID="BT3" LABEL="Commentary" DESCRIPTION="block type Commentary"/><OtherTag ID="BT4" LABEL="Illustration" DESCRIPTION="block type Illustration"/><OtherTag ID="BT218" LABEL="Margin" DESCRIPTION="block type Margin"/><OtherTag ID="BT219" LABEL="Paratext" DESCRIPTION="block type Paratext"/>
    <OtherTag ID="LT2" LABEL="Numbering" DESCRIPTION="line type Numbering"/><OtherTag ID="LT3" LABEL="Correction" DESCRIPTION="line type Correction"/><OtherTag ID="LT481" LABEL="Gloss" DESCRIPTION="line type Gloss"/>
  </Tags>
  
  <Layout>
    <Page WIDTH="5398"
          HEIGHT="6459"
          PHYSICAL_IMG_NR="71"
          ID="eSc_dummypage_">
      <PrintSpace HPOS="0"
                  VPOS="0"
                  WIDTH="5398"
                  HEIGHT="6459">
        
        <TextBlock HPOS="2467.0"
                   VPOS="993.0"
                   WIDTH="1602.0"
                   HEIGHT="4095.0"
                   ID="eSc_textblock_7372"
                   TAGREFS="BT2">
          <Shape><Polygon POINTS="2467 993 2467 5088 4069 5088 4069 1012"/></Shape>
          
          
          <TextLine ID="eSc_line_1322789"
                    
                    BASELINE="2505 1092 3426 1108 3512 1124 4067 1151" 
                    HPOS="2499.0"
                    VPOS="1011.0"
                    WIDTH="1562.0"
                    HEIGHT="200.0">
            <Shape><Polygon POINTS="2499 1087 2505 1028 2548 1011 2736 1033 2801 1017 2828 1038 2968 1022 3065 1071 3108 1028 3162 1054 3189 1028 3243 1028 3280 1071 3340 1054 3463 1087 3684 1092 3760 1065 3808 1092 3975 1081 4051 1098 4061 1146 4045 1194 4013 1178 3959 1211 3862 1211 3663 1205 3571 1173 3512 1189 3458 1162 3383 1162 3350 1194 3194 1157 3156 1184 3081 1162 2860 1173 2795 1146 2661 1178 2596 1141 2505 1141"/></Shape>
	    <String CONTENT="אמ&#39; רבן [/ גמליﭏ אילו נתעצלה"
                    HPOS="2499.0"
                    VPOS="1011.0"
                    WIDTH="1562.0"
                    HEIGHT="200.0"></String>
          </TextLine>

          
          
          <TextLine ID="eSc_line_1322791"
                    
                    BASELINE="2499 1211 4013 1264" 
                    HPOS="2494.0"
                    VPOS="1114.0"
                    WIDTH="1514.0"
                    HEIGHT="231.0">
            <Shape><Polygon POINTS="2494 1205 2505 1114 2548 1157 2672 1173 3248 1173 3318 1200 3463 1146 3566 1211 3679 1200 3717 1243 3754 1211 3954 1216 3997 1221 4008 1259 3981 1345 3776 1329 3727 1302 3598 1324 3173 1286 3135 1313 3027 1275 2973 1297 2930 1275 2499 1264"/></Shape>
	    <String CONTENT="זו ככר היו כל הטהרות טמאות בעצל"
                    HPOS="2494.0"
                    VPOS="1114.0"
                    WIDTH="1514.0"
                    HEIGHT="231.0"></String>
          </TextLine>

          
          
          <TextLine ID="eSc_line_1322828"
                    
                    BASELINE="2505 1307 4018 1383" 
                    HPOS="2499.0"
                    VPOS="1259.0"
                    WIDTH="1514.0"
                    HEIGHT="205.0">
            <Shape><Polygon POINTS="2499 1302 2537 1264 2591 1259 2930 1275 2962 1297 3097 1286 3135 1324 3200 1286 3587 1324 3744 1307 3814 1345 3997 1334 4013 1377 3997 1442 3841 1464 3819 1437 3614 1442 3571 1410 3517 1426 3490 1399 3388 1420 3296 1383 3189 1415 3119 1383 3059 1399 2984 1361 2909 1399 2758 1394 2709 1361 2655 1388 2602 1367 2531 1388 2505 1367"/></Shape>
	    <String CONTENT="ימך המקרה הוי על ידי שהאשה"
                    HPOS="2499.0"
                    VPOS="1259.0"
                    WIDTH="1514.0"
                    HEIGHT="205.0"></String>
          </TextLine>

          
          
          <TextLine ID="eSc_line_1322823"
                    
                    BASELINE="2521 1431 4040 1512" 
                    HPOS="2515.0"
                    VPOS="1361.0"
                    WIDTH="1520.0"
                    HEIGHT="221.0">
            <Shape><Polygon POINTS="2515 1426 2548 1377 2666 1388 2704 1361 2742 1399 3016 1383 3286 1420 3442 1420 3490 1399 3684 1447 3970 1453 4035 1507 3970 1582 3932 1582 3841 1555 3367 1544 3291 1517 2925 1534 2822 1517 2785 1480 2731 1517 2677 1490 2564 1501 2521 1458"/></Shape>
	    <String CONTENT="הזו מתעצלות היא שופעת דמים"
                    HPOS="2515.0"
                    VPOS="1361.0"
                    WIDTH="1520.0"
                    HEIGHT="221.0"></String>
          </TextLine>

          
          
          <TextLine ID="eSc_line_1322846"
                    
                    BASELINE="2531 1555 4029 1614" 
                    HPOS="2526.0"
                    VPOS="1480.0"
                    WIDTH="1498.0"
                    HEIGHT="210.0">
            <Shape><Polygon POINTS="2526 1550 2537 1480 2564 1507 2715 1512 2779 1480 2860 1528 3162 1517 3620 1566 3841 1555 4024 1609 4008 1652 3943 1690 3868 1690 3835 1657 3760 1684 3620 1684 3560 1652 3490 1673 3415 1647 3286 1663 3183 1636 2839 1647 2634 1603 2580 1636 2531 1625"/></Shape>
	    <String CONTENT="ימך המקרה ואין המקרה אלא דמי&#39;"
                    HPOS="2526.0"
                    VPOS="1480.0"
                    WIDTH="1498.0"
                    HEIGHT="210.0"></String>
          </TextLine>

          
          
          <TextLine ID="eSc_line_1322840"
                    
                    BASELINE="2510 1690 3991 1733" 
                    HPOS="2505.0"
                    VPOS="1609.0"
                    WIDTH="1481.0"
                    HEIGHT="210.0">
            <Shape><Polygon POINTS="2505 1684 2548 1636 2645 1609 2876 1647 3173 1636 3275 1668 3334 1647 3431 1673 3560 1657 3614 1684 3824 1663 3862 1700 3964 1668 3986 1727 3970 1792 3857 1819 3760 1786 3701 1808 3614 1786 3453 1803 3361 1770 3280 1792 3189 1770 3103 1786 3006 1754 2720 1770 2634 1733 2558 1765 2510 1749"/></Shape>
	    <String CONTENT="שנ&#39; ואת מקורה הערה ובשפלות"
                    HPOS="2505.0"
                    VPOS="1609.0"
                    WIDTH="1481.0"
                    HEIGHT="210.0"></String>
          </TextLine>

          
          
          <TextLine ID="eSc_line_1322835"
                    
                    BASELINE="2542 1813 4002 1862" 
                    HPOS="2537.0"
                    VPOS="1743.0"
                    WIDTH="1460.0"
                    HEIGHT="194.0">
            <Shape><Polygon POINTS="2537 1808 2548 1765 2672 1743 2725 1776 3027 1765 3528 1803 3614 1781 3695 1813 3760 1792 3830 1819 3959 1797 3997 1856 3981 1916 3808 1937 3668 1916 3598 1932 3555 1910 3490 1932 3350 1926 3248 1894 2925 1894 2903 1873 2542 1878"/></Shape>
	    <String CONTENT="ידים ידלף הבית ואשה כי יזוב זוב"
                    HPOS="2537.0"
                    VPOS="1743.0"
                    WIDTH="1460.0"
                    HEIGHT="194.0"></String>
          </TextLine>

          
          
          <TextLine ID="eSc_line_1322817"
                    
                    BASELINE="2499 1937 4061 1996" 
                    HPOS="2494.0"
                    VPOS="1867.0"
                    WIDTH="1562.0"
                    HEIGHT="199.0">
            <Shape><Polygon POINTS="2494 1932 2505 1867 2817 1894 2903 1873 2957 1900 3076 1889 3113 1910 3221 1883 3334 1926 3485 1937 3517 1910 3587 1937 3738 1921 3808 1943 3889 1916 3921 1937 3970 1926 4056 1991 3975 2066 3916 2066 3787 2061 3754 2023 3636 2050 3571 2018 3528 2050 3485 2013 3350 2045 3140 2013 3086 2034 3027 2002 2936 2039 2882 1980 2833 2013 2558 2013 2499 1959"/></Shape>
	    <String CONTENT="דמה ˙ ד&#39;א&#39; בעצלתים ימך המקרה"
                    HPOS="2494.0"
                    VPOS="1867.0"
                    WIDTH="1562.0"
                    HEIGHT="199.0"></String>
          </TextLine>

          
          
          <TextLine ID="eSc_line_1322843"
                    
                    BASELINE="2499 2056 4018 2104" 
                    HPOS="2494.0"
                    VPOS="1986.0"
                    WIDTH="1519.0"
                    HEIGHT="204.0">
            <Shape><Polygon POINTS="2494 2050 2542 2013 2833 2018 2882 1986 2930 2034 3043 2013 3076 2034 3140 2018 3340 2045 3496 2029 3539 2056 3587 2029 3701 2061 4002 2061 4013 2099 3997 2174 3884 2190 3760 2153 3711 2174 3469 2147 3006 2153 2941 2115 2866 2147 2553 2147 2499 2093"/></Shape>
	    <String CONTENT="מדבר ביש&#39; בשעה שבאו לרפידים"
                    HPOS="2494.0"
                    VPOS="1986.0"
                    WIDTH="1519.0"
                    HEIGHT="204.0"></String>
          </TextLine>

          
          
          <TextLine ID="eSc_line_1322829"
                    
                    BASELINE="2478 2212 4040 2233" 
                    HPOS="2472.0"
                    VPOS="2126.0"
                    WIDTH="1563.0"
                    HEIGHT="183.0">
            <Shape><Polygon POINTS="2472 2206 2505 2206 2575 2147 2715 2131 2860 2153 2941 2126 2989 2158 3221 2147 3296 2169 3523 2153 3706 2179 3744 2153 3797 2185 4008 2179 4035 2228 4018 2282 3981 2303 3916 2276 3814 2298 3674 2292 3641 2271 3587 2298 3544 2276 3480 2309 3437 2271 3226 2292 3200 2271 3033 2287 3000 2266 2946 2287 2725 2255 2558 2282 2478 2255"/></Shape>
	    <String CONTENT="מה בת&#39; וים עו מדפידים ויב&#39; מד&#39; סיני"
                    HPOS="2472.0"
                    VPOS="2126.0"
                    WIDTH="1563.0"
                    HEIGHT="183.0"></String>
          </TextLine>

          
          
          <TextLine ID="eSc_line_1322847"
                    
                    BASELINE="2569 2325 4018 2362" 
                    HPOS="2564.0"
                    VPOS="2260.0"
                    WIDTH="1449.0"
                    HEIGHT="172.0">
            <Shape><Polygon POINTS="2564 2319 2585 2276 2725 2260 2801 2282 3205 2282 3226 2303 3318 2276 3437 2282 3474 2314 3534 2282 3604 2303 3630 2282 3868 2303 3911 2276 3975 2303 4013 2357 3997 2422 3808 2427 3760 2405 3695 2432 3598 2400 3393 2416 3183 2389 3113 2422 3000 2384 2925 2395 2898 2368 2828 2405 2725 2373 2655 2405 2569 2389"/></Shape>
	    <String CONTENT="ולמה נקרא שמה רפידים שריפו"
                    HPOS="2564.0"
                    VPOS="2260.0"
                    WIDTH="1449.0"
                    HEIGHT="172.0"></String>
          </TextLine>

          
          
          <TextLine ID="eSc_line_1322836"
                    
                    BASELINE="2548 2443 4018 2465" 
                    HPOS="2542.0"
                    VPOS="2368.0"
                    WIDTH="1471.0"
                    HEIGHT="177.0">
            <Shape><Polygon POINTS="2542 2438 2553 2384 2607 2405 2725 2384 2839 2400 2898 2368 2941 2405 3011 2389 3119 2427 3167 2395 3329 2416 3604 2400 3679 2432 3986 2422 4013 2459 3997 2519 3943 2535 3911 2513 3787 2545 3485 2508 3442 2535 3399 2513 3226 2524 3183 2481 3151 2508 2989 2535 2849 2497 2715 2529 2677 2502 2548 2497"/></Shape>
	    <String CONTENT="ודיהם מן העבירות ˙ בעצל&#39; ימך"
                    HPOS="2542.0"
                    VPOS="2368.0"
                    WIDTH="1471.0"
                    HEIGHT="177.0"></String>
          </TextLine>

          
          
          <TextLine ID="eSc_line_1322818"
                    
                    BASELINE="2483 2567 3997 2572" 
                    HPOS="2478.0"
                    VPOS="2497.0"
                    WIDTH="1513.0"
                    HEIGHT="156.0">
            <Shape><Polygon POINTS="2478 2562 2488 2497 2672 2508 2699 2535 2839 2508 2968 2535 3167 2513 3194 2540 3383 2508 3420 2529 3577 2513 3598 2535 3765 2540 3916 2519 3975 2524 3991 2567 3975 2637 3894 2648 3490 2637 3431 2610 3383 2642 3264 2653 3200 2615 3151 2642 3033 2626 2979 2648 2957 2626 2914 2648 2871 2605 2779 2653 2731 2653 2704 2626 2515 2642 2483 2621"/></Shape>
	    <String CONTENT="המקרה וירד ייי על הר סיני על ראש"
                    HPOS="2478.0"
                    VPOS="2497.0"
                    WIDTH="1513.0"
                    HEIGHT="156.0"></String>
          </TextLine>

          
          
          <TextLine ID="eSc_line_1322848"
                    
                    BASELINE="2505 2696 4035 2707" 
                    HPOS="2499.0"
                    VPOS="2615.0"
                    WIDTH="1530.0"
                    HEIGHT="162.0">
            <Shape><Polygon POINTS="2499 2691 2564 2637 2709 2632 2742 2658 2849 2637 2892 2680 2957 2626 3011 2648 3043 2621 3210 2621 3280 2658 3383 2653 3437 2615 3507 2648 3900 2653 4018 2626 4029 2702 4013 2745 3948 2777 3873 2771 3835 2734 3744 2739 3711 2766 3463 2777 3350 2766 3313 2728 3270 2761 3092 2766 3033 2745 2876 2777 2564 2766 2505 2707"/></Shape>
	    <String CONTENT="ההר ˙ ובשפלות ידים ידלף הבית"
                    HPOS="2499.0"
                    VPOS="2615.0"
                    WIDTH="1530.0"
                    HEIGHT="162.0"></String>
          </TextLine>

          
          
          <TextLine ID="eSc_line_1322830"
                    
                    BASELINE="2483 2825 4035 2820" 
                    HPOS="2478.0"
                    VPOS="2734.0"
                    WIDTH="1551.0"
                    HEIGHT="167.0">
            <Shape><Polygon POINTS="2478 2820 2483 2755 2515 2739 2575 2766 2628 2750 2898 2771 2962 2750 3275 2766 3307 2734 3350 2771 3458 2777 3722 2771 3776 2750 3846 2793 4013 2761 4029 2815 4013 2868 3948 2901 3894 2901 3841 2847 3787 2890 3684 2868 3566 2890 3528 2868 3345 2895 3280 2863 3151 2863 2882 2895 2833 2874 2505 2895 2483 2874"/></Shape>
	    <String CONTENT="על ידי ששפלו ידיהם מן העבירות"
                    HPOS="2478.0"
                    VPOS="2734.0"
                    WIDTH="1551.0"
                    HEIGHT="167.0"></String>
          </TextLine>

          
          
          <TextLine ID="eSc_line_1322803"
                    
                    BASELINE="2526 2938 4035 2938" 
                    HPOS="2521.0"
                    VPOS="2852.0"
                    WIDTH="1508.0"
                    HEIGHT="178.0">
            <Shape><Polygon POINTS="2521 2933 2531 2895 2596 2885 2892 2901 3156 2874 3221 2890 3280 2863 3356 2901 3657 2874 3797 2895 3841 2852 3900 2901 4002 2901 4029 2933 4018 2987 3970 3008 3237 3019 3210 2998 2774 3030 2742 3008 2531 3003"/></Shape>
	    <String CONTENT="ידלף הבות מה כת&#39; ארץ רעשה גם"
                    HPOS="2521.0"
                    VPOS="2852.0"
                    WIDTH="1508.0"
                    HEIGHT="178.0"></String>
          </TextLine>

          
          
          <TextLine ID="eSc_line_1322831"
                    
                    BASELINE="2483 3068 4061 3051" 
                    HPOS="2478.0"
                    VPOS="2998.0"
                    WIDTH="1578.0"
                    HEIGHT="156.0">
            <Shape><Polygon POINTS="2478 3062 2542 3008 2655 3003 2725 3003 2769 3035 3200 2998 3744 2998 3797 3019 3991 3003 4056 3046 3943 3154 3803 3121 3447 3121 3356 3143 3253 3100 3205 3132 2736 3143 2677 3094 2628 3132 2569 3127 2499 3062"/></Shape>
	    <String CONTENT="שמים נטפו גם עבים נטפו מים ˙"
                    HPOS="2478.0"
                    VPOS="2998.0"
                    WIDTH="1578.0"
                    HEIGHT="156.0"></String>
          </TextLine>

          
          
          <TextLine ID="eSc_line_1322804"
                    
                    BASELINE="2478 3181 3943 3181" 
                    HPOS="2472.0"
                    VPOS="3089.0"
                    WIDTH="1466.0"
                    HEIGHT="167.0">
            <Shape><Polygon POINTS="2472 3175 2515 3089 2623 3143 2682 3100 2736 3154 2763 3132 2866 3148 3038 3127 3243 3148 3286 3116 3356 3143 3894 3132 3938 3175 3894 3251 3744 3234 3684 3256 3571 3256 3539 3224 3485 3251 3372 3229 3264 3251 3226 3229 3027 3256 2984 3213 2936 3256 2591 3229 2531 3256 2483 3207"/></Shape>
	    <String CONTENT="ואימתי היו כל הדברים הללו ביו&#39;"
                    HPOS="2472.0"
                    VPOS="3089.0"
                    WIDTH="1466.0"
                    HEIGHT="167.0"></String>
          </TextLine>

          
          
          <TextLine ID="eSc_line_1322819"
                    
                    BASELINE="2499 3294 4040 3304" 
                    HPOS="2494.0"
                    VPOS="3207.0"
                    WIDTH="1541.0"
                    HEIGHT="173.0">
            <Shape><Polygon POINTS="2494 3288 2575 3229 2903 3256 2973 3207 3016 3251 3367 3234 3539 3261 3744 3229 3884 3251 3948 3224 4035 3299 3991 3364 3835 3380 3803 3353 3674 3364 3630 3337 3598 3369 3469 3369 3431 3342 3280 3369 3237 3337 3194 3364 2925 3353 2844 3374 2795 3353 2548 3364 2499 3331"/></Shape>
	    <String CONTENT="מתן תורה בחדש השלישי וגומ&#39;"
                    HPOS="2494.0"
                    VPOS="3207.0"
                    WIDTH="1541.0"
                    HEIGHT="173.0"></String>
          </TextLine>

          
          
          <TextLine ID="eSc_line_1322805"
                    
                    BASELINE="2526 3412 4018 3412" 
                    HPOS="2521.0"
                    VPOS="3342.0"
                    WIDTH="1492.0"
                    HEIGHT="172.0">
            <Shape><Polygon POINTS="2521 3407 2569 3364 3194 3374 3248 3347 3323 3369 3431 3342 3469 3369 3630 3385 3727 3358 3803 3358 3830 3385 3975 3369 4013 3407 3981 3487 3399 3487 3367 3466 3248 3498 3226 3477 3146 3487 3113 3455 3081 3487 2979 3493 2957 3514 2919 3477 2812 3498 2564 3493 2531 3471"/></Shape>
	    <String CONTENT="מה כת&#39; למעלה מן העינין פרשת"
                    HPOS="2521.0"
                    VPOS="3342.0"
                    WIDTH="1492.0"
                    HEIGHT="172.0"></String>
          </TextLine>

          
          
          <TextLine ID="eSc_line_1322832"
                    
                    BASELINE="2521 3530 4013 3530" 
                    HPOS="2515.0"
                    VPOS="3460.0"
                    WIDTH="1493.0"
                    HEIGHT="167.0">
            <Shape><Polygon POINTS="2515 3525 2537 3487 2919 3482 2957 3514 2979 3493 3081 3487 3108 3460 3140 3487 3248 3498 3997 3487 4008 3525 3997 3579 3905 3611 3857 3579 3824 3606 3523 3611 3065 3611 3033 3579 2795 3627 2526 3595"/></Shape>
	    <String CONTENT="יתרו מה שהוא מלמד את משה"
                    HPOS="2515.0"
                    VPOS="3460.0"
                    WIDTH="1493.0"
                    HEIGHT="167.0"></String>
          </TextLine>

          
          
          <TextLine ID="eSc_line_1322837"
                    
                    BASELINE="2505 3649 4061 3649" 
                    HPOS="2499.0"
                    VPOS="3579.0"
                    WIDTH="1557.0"
                    HEIGHT="167.0">
            <Shape><Polygon POINTS="2499 3643 2510 3584 2548 3611 2790 3627 2968 3600 3038 3638 3108 3606 3819 3611 3851 3579 3889 3611 3964 3606 4056 3643 4045 3676 3954 3730 3851 3730 3814 3692 3733 3730 3663 3708 3636 3730 3453 3740 3232 3719 2892 3746 2742 3730 2720 3708 2585 3730 2510 3676"/></Shape>
	    <String CONTENT="שנ&#39; ואתה תחזה מכל העם אנשי"
                    HPOS="2499.0"
                    VPOS="3579.0"
                    WIDTH="1557.0"
                    HEIGHT="167.0"></String>
          </TextLine>

          
          
          <TextLine ID="eSc_line_1322806"
                    
                    BASELINE="2569 3783 4013 3767" 
                    HPOS="2564.0"
                    VPOS="3703.0"
                    WIDTH="1444.0"
                    HEIGHT="161.0">
            <Shape><Polygon POINTS="2564 3778 2575 3746 2688 3708 2898 3746 3221 3719 3453 3740 3684 3703 3754 3719 3797 3762 3846 3730 3970 3724 4008 3762 3975 3843 3824 3837 3803 3816 3776 3843 3684 3848 3641 3805 3604 3837 3426 3864 3388 3837 3280 3859 3226 3832 2779 3853 2569 3800"/></Shape>
	    <String CONTENT="חיל וגו&#39; ואחר בך בחדש השל&#39; ˙"
                    HPOS="2564.0"
                    VPOS="3703.0"
                    WIDTH="1444.0"
                    HEIGHT="161.0"></String>
          </TextLine>

          
          
          <TextLine ID="eSc_line_1322849"
                    
                    BASELINE="2521 3896 4018 3886" 
                    HPOS="2515.0"
                    VPOS="3805.0"
                    WIDTH="1498.0"
                    HEIGHT="172.0">
            <Shape><Polygon POINTS="2515 3891 2521 3805 2747 3853 3253 3859 3388 3837 3420 3870 3458 3843 3609 3837 3636 3816 3679 3853 3873 3826 3964 3843 4013 3880 3981 3950 3921 3934 3894 3961 3313 3945 3205 3972 3162 3939 3124 3977 2731 3977 2618 3945 2521 3956"/></Shape>
	    <String CONTENT="אמ&#39; שלמה לב יודע מרת נפש [י/]"
                    HPOS="2515.0"
                    VPOS="3805.0"
                    WIDTH="1498.0"
                    HEIGHT="172.0"></String>
          </TextLine>

          
          
          <TextLine ID="eSc_line_1322820"
                    
                    BASELINE="2510 4015 3997 4009" 
                    HPOS="2505.0"
                    VPOS="3934.0"
                    WIDTH="1486.0"
                    HEIGHT="167.0">
            <Shape><Polygon POINTS="2505 4009 2510 3956 2709 3961 2736 3983 2925 3961 3103 3977 3162 3934 3210 3972 3900 3961 3927 3934 3975 3961 3991 4004 3959 4085 3851 4090 3808 4069 3776 4101 3727 4069 3668 4085 3577 4063 3280 4096 3221 4053 3124 4085 3016 4069 2866 4096 2666 4085 2645 4063 2580 4090 2510 4063"/></Shape>
	    <String CONTENT="לפיכך ובשמחתו לא יתערב זל ˙"
                    HPOS="2505.0"
                    VPOS="3934.0"
                    WIDTH="1486.0"
                    HEIGHT="167.0"></String>
          </TextLine>

          
          
          <TextLine ID="eSc_line_1322786"
                    
                    BASELINE="2456 4144 4018 4122" 
                    HPOS="2451.0"
                    VPOS="4063.0"
                    WIDTH="1562.0"
                    HEIGHT="156.0">
            <Shape><Polygon POINTS="2451 4139 2526 4079 2607 4090 2628 4069 2715 4096 3081 4096 3237 4063 3275 4090 3620 4063 3717 4069 3765 4101 3814 4069 3846 4090 3970 4090 3997 4069 4013 4117 3997 4171 3889 4209 3771 4176 3652 4209 3577 4209 3544 4176 3512 4209 3447 4182 3275 4203 3243 4176 3183 4209 2839 4192 2742 4219 2666 4192 2542 4203 2478 4139"/></Shape>
	    <String CONTENT="אמ&#39; הק&#39;בה ישר&#39; היו משועברים"
                    HPOS="2451.0"
                    VPOS="4063.0"
                    WIDTH="1562.0"
                    HEIGHT="156.0"></String>
          </TextLine>

          
          
          <TextLine ID="eSc_line_1322800"
                    
                    BASELINE="2435 4252 4040 4257" 
                    HPOS="2429.0"
                    VPOS="4182.0"
                    WIDTH="1606.0"
                    HEIGHT="167.0">
            <Shape><Polygon POINTS="2429 4246 2456 4187 2747 4219 2833 4198 2903 4219 2968 4198 3006 4219 3442 4192 3550 4225 3571 4203 3776 4182 3797 4203 3970 4192 4024 4214 4035 4252 3970 4322 3711 4300 3539 4327 3022 4327 2903 4349 2876 4327 2699 4332 2661 4295 2596 4338 2526 4311 2483 4327 2435 4289"/></Shape>
	    <String CONTENT="בשיט וכלבנים במצרים ויתרו יושב"
                    HPOS="2429.0"
                    VPOS="4182.0"
                    WIDTH="1606.0"
                    HEIGHT="167.0"></String>
          </TextLine>

          
          
          <TextLine ID="eSc_line_1322801"
                    
                    BASELINE="2456 4381 4018 4386" 
                    HPOS="2451.0"
                    VPOS="4300.0"
                    WIDTH="1562.0"
                    HEIGHT="167.0">
            <Shape><Polygon POINTS="2451 4375 2521 4311 2607 4338 2661 4300 2699 4338 2849 4327 2898 4354 2930 4332 3119 4343 3237 4322 3964 4322 4013 4381 3970 4435 3814 4462 3754 4435 3609 4456 3431 4440 3307 4462 2882 4462 2849 4429 2736 4467 2612 4445 2542 4462 2456 4381"/></Shape>
	    <String CONTENT="בתוך ביתו השקט ובטח ובא לראו&#39;"
                    HPOS="2451.0"
                    VPOS="4300.0"
                    WIDTH="1562.0"
                    HEIGHT="167.0"></String>
          </TextLine>

          
          
          <TextLine ID="eSc_line_1322788"
                    
                    BASELINE="2478 4515 4018 4489" 
                    HPOS="2472.0"
                    VPOS="4440.0"
                    WIDTH="1541.0"
                    HEIGHT="156.0">
            <Shape><Polygon POINTS="2472 4510 2596 4445 2709 4467 2822 4451 2849 4478 2871 4456 3205 4451 3296 4472 3426 4445 3587 4467 3744 4440 3776 4462 3964 4445 4013 4483 3964 4575 3781 4575 3744 4548 3657 4585 3598 4564 3200 4585 2752 4564 2693 4596 2666 4569 2596 4575 2564 4553 2531 4575 2483 4526"/></Shape>
	    <String CONTENT="בשמחת התורה עם בנין לפיכך"
                    HPOS="2472.0"
                    VPOS="4440.0"
                    WIDTH="1541.0"
                    HEIGHT="156.0"></String>
          </TextLine>

          
          
          <TextLine ID="eSc_line_1322787"
                    
                    BASELINE="2521 4639 4029 4618" 
                    HPOS="2515.0"
                    VPOS="4548.0"
                    WIDTH="1509.0"
                    HEIGHT="167.0">
            <Shape><Polygon POINTS="2515 4634 2521 4580 2558 4564 2704 4602 2752 4564 2785 4591 2892 4569 3205 4591 3286 4564 3657 4585 3749 4548 3776 4575 3959 4569 4024 4612 3964 4682 3932 4661 3835 4688 3787 4666 3641 4698 3507 4693 3410 4661 3216 4715 3108 4682 2989 4704 2946 4661 2909 4698 2645 4709 2526 4677"/></Shape>
	    <String CONTENT="וישלח משה את חותנו ואח&#39; בך"
                    HPOS="2515.0"
                    VPOS="4548.0"
                    WIDTH="1509.0"
                    HEIGHT="167.0"></String>
          </TextLine>

          
          
          <TextLine ID="eSc_line_1322798"
                    
                    BASELINE="2456 4752 3970 4731" 
                    HPOS="2451.0"
                    VPOS="4661.0"
                    WIDTH="1513.0"
                    HEIGHT="167.0">
            <Shape><Polygon POINTS="2451 4747 2467 4672 2591 4682 2634 4720 2903 4698 2941 4661 3006 4709 3097 4682 3194 4709 3232 4688 3307 4704 3388 4672 3630 4704 3916 4661 3964 4725 3948 4795 3792 4801 3760 4779 3690 4806 3652 4779 3625 4806 3512 4828 3334 4768 3200 4822 3124 4790 3065 4828 3000 4806 2655 4828 2575 4801 2505 4811 2456 4763"/></Shape>
	    <String CONTENT="בחדש השל&#39; ˙ וג&#39; ד&#39;א&#39; למה כן דרש"
                    HPOS="2451.0"
                    VPOS="4661.0"
                    WIDTH="1513.0"
                    HEIGHT="167.0"></String>
          </TextLine>

          
          
          <TextLine ID="eSc_line_1322799"
                    
                    BASELINE="2440 4871 3975 4838" 
                    HPOS="2435.0"
                    VPOS="4763.0"
                    WIDTH="1535.0"
                    HEIGHT="188.0">
            <Shape><Polygon POINTS="2435 4865 2440 4763 2526 4822 2882 4828 2995 4806 3059 4833 3108 4795 3200 4822 3404 4785 3507 4833 3771 4785 3954 4795 3970 4833 3948 4914 3749 4903 3593 4941 3550 4914 3442 4941 3248 4914 3097 4946 3049 4914 2903 4951 2488 4946 2445 4914"/></Shape>
	    <String CONTENT="משה מקל וחומ&#39; אמ&#39; ומה אם מישה"
                    HPOS="2435.0"
                    VPOS="4763.0"
                    WIDTH="1535.0"
                    HEIGHT="188.0"></String>
          </TextLine>

          
          
          <TextLine ID="eSc_line_1322802"
                    
                    BASELINE="2456 5005 3530 4991 4013 4984" 
                    HPOS="2451.0"
                    VPOS="4903.0"
                    WIDTH="1557.0"
                    HEIGHT="188.0">
            <Shape><Polygon POINTS="2451 5000 2456 4946 2596 4919 2634 4946 2887 4946 2941 4924 3000 4941 3049 4914 3103 4941 3173 4914 3210 4941 3334 4941 3469 4914 3991 4903 4008 4978 3991 5075 3604 5081 3555 5054 3420 5054 3183 5086 3119 5059 2968 5059 2930 5081 2898 5059 2812 5091 2655 5091 2456 5064"/></Shape>
	    <String CONTENT="אחת כשבא הק&#39;בה ליתן את מצות"
                    HPOS="2451.0"
                    VPOS="4903.0"
                    WIDTH="1557.0"
                    HEIGHT="188.0"></String>
          </TextLine>

          
        </TextBlock>
        
        <TextBlock HPOS="627.0"
                   VPOS="953.0"
                   WIDTH="1622.0"
                   HEIGHT="4155.0"
                   ID="eSc_textblock_7371"
                   TAGREFS="BT2">
          <Shape><Polygon POINTS="637 963 627 5088 2249 5108 2249 953"/></Shape>
          
          
          <TextLine ID="eSc_line_1322839"
                    
                    BASELINE="711 1071 1265 1054 2208 1071" 
                    HPOS="705.0"
                    VPOS="979.0"
                    WIDTH="1498.0"
                    HEIGHT="156.0">
            <Shape><Polygon POINTS="705 1065 711 1011 754 984 791 1011 910 1011 942 979 1077 979 1125 1006 1352 984 1389 1017 1546 1017 1578 984 1729 995 1750 1017 1944 1017 2020 990 2187 1017 2203 1065 2187 1114 2106 1135 711 1114"/></Shape>
	    <String CONTENT="הפסח אמר כל בן נכר לא יאכל בו [ע/]"
                    HPOS="705.0"
                    VPOS="979.0"
                    WIDTH="1498.0"
                    HEIGHT="156.0"></String>
          </TextLine>

          
          
          <TextLine ID="eSc_line_1322834"
                    
                    BASELINE="641 1184 2235 1200" 
                    HPOS="635.0"
                    VPOS="1092.0"
                    WIDTH="1595.0"
                    HEIGHT="189.0">
            <Shape><Polygon POINTS="635 1178 694 1119 764 1146 894 1141 948 1098 985 1135 1185 1141 1276 1130 1325 1092 1368 1135 1546 1135 1578 1114 1804 1141 2154 1135 2230 1194 2122 1281 1939 1232 1896 1254 1847 1227 1804 1254 1309 1232 1190 1259 926 1237 835 1259 748 1243 700 1270 641 1221"/></Shape>
	    <String CONTENT="עכשיו שהוא בא ליתן את כל התורה"
                    HPOS="635.0"
                    VPOS="1092.0"
                    WIDTH="1595.0"
                    HEIGHT="189.0"></String>
          </TextLine>

          
          
          <TextLine ID="eSc_line_1322827"
                    
                    BASELINE="689 1297 2187 1307" 
                    HPOS="684.0"
                    VPOS="1227.0"
                    WIDTH="1497.0"
                    HEIGHT="145.0">
            <Shape><Polygon POINTS="684 1291 754 1243 1212 1254 1319 1227 1449 1254 1799 1254 1837 1232 1896 1254 1939 1227 1966 1254 2090 1259 2122 1291 2165 1254 2181 1302 2165 1356 2111 1334 2030 1367 1896 1345 1686 1367 1632 1324 1556 1367 1513 1351 1271 1372 1190 1340 775 1372 689 1297"/></Shape>
	    <String CONTENT="לישר&#39; יהא יתרו כאן ויראה אתנו"
                    HPOS="684.0"
                    VPOS="1227.0"
                    WIDTH="1497.0"
                    HEIGHT="145.0"></String>
          </TextLine>

          
          
          <TextLine ID="eSc_line_1322822"
                    
                    BASELINE="738 1410 2214 1415" 
                    HPOS="732.0"
                    VPOS="1318.0"
                    WIDTH="1476.0"
                    HEIGHT="183.0">
            <Shape><Polygon POINTS="732 1404 738 1340 775 1372 1206 1351 1282 1377 1508 1351 1546 1367 1643 1318 1691 1367 2020 1372 2122 1334 2208 1410 2149 1490 1982 1480 1950 1501 1815 1464 1756 1485 1319 1485 1287 1453 1249 1480 1120 1490 964 1490 905 1453 824 1496 738 1485"/></Shape>
	    <String CONTENT="לפי כך וישלח משה את חתנו וגו&#39;"
                    HPOS="732.0"
                    VPOS="1318.0"
                    WIDTH="1476.0"
                    HEIGHT="183.0"></String>
          </TextLine>

          
          
          <TextLine ID="eSc_line_1322845"
                    
                    BASELINE="700 1539 2197 1539" 
                    HPOS="694.0"
                    VPOS="1453.0"
                    WIDTH="1498.0"
                    HEIGHT="177.0">
            <Shape><Polygon POINTS="694 1534 732 1490 867 1490 905 1453 1039 1528 1093 1490 1276 1469 1298 1490 1740 1496 1810 1474 1928 1507 2122 1496 2181 1507 2192 1534 2181 1620 2127 1598 1896 1630 1853 1598 1691 1614 1653 1577 1573 1620 1524 1598 1395 1614 1357 1577 1314 1614 1271 1587 1195 1614 1131 1566 1088 1598 996 1577 905 1614 759 1614 705 1560"/></Shape>
	    <String CONTENT="ואח כך בחדש השלישי ˙ למה"
                    HPOS="694.0"
                    VPOS="1453.0"
                    WIDTH="1498.0"
                    HEIGHT="177.0"></String>
          </TextLine>

          
          
          <TextLine ID="eSc_line_1322815"
                    
                    BASELINE="678 1673 2230 1673" 
                    HPOS="673.0"
                    VPOS="1577.0"
                    WIDTH="1551.0"
                    HEIGHT="177.0">
            <Shape><Polygon POINTS="673 1668 738 1609 910 1620 931 1598 969 1620 1039 1593 1131 1620 1163 1593 1185 1614 1314 1614 1352 1577 1395 1614 1470 1620 1589 1620 1637 1577 1691 1620 1842 1603 1885 1630 2127 1603 2203 1630 2224 1668 2214 1727 2165 1743 2084 1711 2047 1738 1993 1717 1934 1749 1723 1749 1696 1727 1664 1743 1637 1717 1573 1743 1470 1717 1282 1749 1082 1727 1061 1749 975 1733 840 1754 797 1722 748 1749 684 1684"/></Shape>
	    <String CONTENT="בחדש השלישי ולא בחדש השני"
                    HPOS="673.0"
                    VPOS="1577.0"
                    WIDTH="1551.0"
                    HEIGHT="177.0"></String>
          </TextLine>

          
          
          <TextLine ID="eSc_line_1322816"
                    
                    BASELINE="668 1803 2235 1797" 
                    HPOS="662.0"
                    VPOS="1711.0"
                    WIDTH="1568.0"
                    HEIGHT="199.0">
            <Shape><Polygon POINTS="662 1797 781 1717 835 1754 872 1733 1158 1749 1546 1727 1653 1765 1691 1733 1982 1760 2084 1711 2154 1760 2192 1733 2230 1792 2176 1873 1648 1867 1594 1910 1503 1851 1459 1873 1265 1862 1239 1889 1072 1862 888 1883 748 1851 694 1797"/></Shape>
	    <String CONTENT="ולא ברביעי א&#39;ר&#39; הושעיא שנה לי"
                    HPOS="662.0"
                    VPOS="1711.0"
                    WIDTH="1568.0"
                    HEIGHT="199.0"></String>
          </TextLine>

          
          
          <TextLine ID="eSc_line_1322842"
                    
                    BASELINE="668 1926 2208 1932" 
                    HPOS="662.0"
                    VPOS="1851.0"
                    WIDTH="1541.0"
                    HEIGHT="167.0">
            <Shape><Polygon POINTS="662 1921 743 1856 840 1889 1206 1900 1260 1878 1486 1883 1508 1862 1589 1910 1626 1873 2014 1878 2138 1851 2187 1878 2203 1926 2181 2007 2122 1980 2009 1991 1987 1969 1896 2002 1718 2002 1616 1964 1567 2013 1136 2018 1093 1975 1034 2007 872 2013 716 2002 668 1959"/></Shape>
	    <String CONTENT="ר&#39; חייא הגדול גיורת ושכוייה [ומש/&#39;]"
                    HPOS="662.0"
                    VPOS="1851.0"
                    WIDTH="1541.0"
                    HEIGHT="167.0"></String>
          </TextLine>

          
          
          <TextLine ID="eSc_line_1322825"
                    
                    BASELINE="662 2061 2214 2061" 
                    HPOS="657.0"
                    VPOS="1975.0"
                    WIDTH="1551.0"
                    HEIGHT="167.0">
            <Shape><Polygon POINTS="657 2056 668 1996 985 2018 1045 2013 1088 1975 1147 2023 1578 2018 1621 1975 1793 2013 2101 2013 2127 1991 2197 2023 2208 2056 2197 2120 2090 2142 1874 2131 1842 2109 1804 2136 1761 2120 1713 2142 1616 2120 1589 2142 1147 2142 1125 2120 996 2142 964 2109 872 2142 721 2136 668 2099"/></Shape>
	    <String CONTENT="ומשוחררת לא ינשאו ולא יתאריבו"
                    HPOS="657.0"
                    VPOS="1975.0"
                    WIDTH="1551.0"
                    HEIGHT="167.0"></String>
          </TextLine>

          
          
          <TextLine ID="eSc_line_1322826"
                    
                    BASELINE="646 2190 2230 2206" 
                    HPOS="641.0"
                    VPOS="2109.0"
                    WIDTH="1583.0"
                    HEIGHT="173.0">
            <Shape><Polygon POINTS="641 2185 684 2136 894 2147 942 2109 991 2136 1098 2120 1244 2147 1583 2142 1610 2120 1772 2147 1842 2109 1928 2142 2149 2126 2224 2201 2117 2276 2014 2249 1917 2276 1842 2249 1750 2271 1551 2260 1529 2239 1427 2271 1384 2244 1352 2271 1271 2260 1195 2282 1136 2244 1028 2266 915 2249 878 2276 813 2276 748 2249 694 2271 646 2222"/></Shape>
	    <String CONTENT="עד שלשה חדשים כך ישר&#39; נקראו"
                    HPOS="641.0"
                    VPOS="2109.0"
                    WIDTH="1583.0"
                    HEIGHT="173.0"></String>
          </TextLine>

          
          
          <TextLine ID="eSc_line_1322824"
                    
                    BASELINE="630 2314 2224 2336" 
                    HPOS="624.0"
                    VPOS="2233.0"
                    WIDTH="1595.0"
                    HEIGHT="194.0">
            <Shape><Polygon POINTS="624 2309 646 2233 684 2271 732 2249 829 2276 1169 2255 1195 2282 1282 2255 1449 2276 1508 2249 1783 2266 1815 2244 1928 2282 2014 2255 2063 2276 2208 2260 2219 2330 2171 2405 2106 2405 2068 2373 2014 2400 1826 2400 1686 2368 1594 2395 1287 2362 1249 2395 975 2368 926 2400 888 2379 770 2379 630 2427"/></Shape>
	    <String CONTENT="גוים שנ&#39; כי גרים הייתם בארץ מצ&#39; ˙"
                    HPOS="624.0"
                    VPOS="2233.0"
                    WIDTH="1595.0"
                    HEIGHT="194.0"></String>
          </TextLine>

          
          
          <TextLine ID="eSc_line_1322844"
                    
                    BASELINE="673 2422 2192 2449" 
                    HPOS="668.0"
                    VPOS="2368.0"
                    WIDTH="1519.0"
                    HEIGHT="161.0">
            <Shape><Polygon POINTS="668 2416 775 2379 926 2400 969 2368 1088 2395 1255 2395 1314 2368 1352 2389 1556 2379 1616 2400 1680 2379 2025 2400 2074 2379 2106 2405 2171 2405 2187 2443 2171 2513 2068 2529 1998 2497 1950 2519 1831 2502 1648 2524 1567 2481 1395 2513 791 2508 748 2502 673 2438"/></Shape>
	    <String CONTENT="נקראו שבויים שנ&#39; והיו שובים"
                    HPOS="668.0"
                    VPOS="2368.0"
                    WIDTH="1519.0"
                    HEIGHT="161.0"></String>
          </TextLine>

          
          
          <TextLine ID="eSc_line_1322793"
                    
                    BASELINE="684 2556 2208 2567" 
                    HPOS="678.0"
                    VPOS="2481.0"
                    WIDTH="1525.0"
                    HEIGHT="183.0">
            <Shape><Polygon POINTS="678 2551 684 2497 716 2481 754 2508 926 2519 1438 2502 1659 2529 1702 2508 2084 2529 2187 2508 2203 2562 2160 2632 1971 2632 1939 2664 1885 2632 1831 2642 1804 2621 1750 2642 1718 2615 1583 2658 1513 2626 1395 2642 1346 2605 1298 2632 684 2632"/></Shape>
	    <String CONTENT="לשו ביהם ˙ נקראו משוחררים [ענ&#39;]"
                    HPOS="678.0"
                    VPOS="2481.0"
                    WIDTH="1525.0"
                    HEIGHT="183.0"></String>
          </TextLine>

          
          
          <TextLine ID="eSc_line_1322794"
                    
                    BASELINE="646 2685 2181 2691" 
                    HPOS="641.0"
                    VPOS="2615.0"
                    WIDTH="1535.0"
                    HEIGHT="156.0">
            <Shape><Polygon POINTS="641 2680 673 2632 1265 2642 1352 2615 1389 2648 1503 2621 1589 2653 1723 2621 1820 2658 1880 2632 1917 2669 1966 2637 2117 2626 2160 2632 2176 2685 2160 2766 2025 2766 1987 2745 1896 2766 1858 2739 1831 2761 1653 2761 1551 2739 1115 2771 958 2761 926 2728 888 2755 764 2761 689 2755 646 2718"/></Shape>
	    <String CONTENT="אני ייי אהיכם אשר&#39; הוצאתי אתכם"
                    HPOS="641.0"
                    VPOS="2615.0"
                    WIDTH="1535.0"
                    HEIGHT="156.0"></String>
          </TextLine>

          
          
          <TextLine ID="eSc_line_1322812"
                    
                    BASELINE="694 2809 2214 2815" 
                    HPOS="689.0"
                    VPOS="2745.0"
                    WIDTH="1519.0"
                    HEIGHT="156.0">
            <Shape><Polygon POINTS="689 2804 727 2755 1125 2777 1190 2755 1858 2745 1890 2766 2154 2766 2208 2809 2160 2890 1928 2868 1885 2901 1837 2852 1675 2885 1400 2885 1362 2863 1233 2895 1072 2890 1034 2858 926 2890 813 2863 694 2879"/></Shape>
	    <String CONTENT="מארץ מצרים מהיות לכם עבדים"
                    HPOS="689.0"
                    VPOS="2745.0"
                    WIDTH="1519.0"
                    HEIGHT="156.0"></String>
          </TextLine>

          
          
          <TextLine ID="eSc_line_1322810"
                    
                    BASELINE="668 2944 2203 2944" 
                    HPOS="662.0"
                    VPOS="2858.0"
                    WIDTH="1535.0"
                    HEIGHT="161.0">
            <Shape><Polygon POINTS="662 2938 727 2885 813 2868 905 2895 1039 2863 1066 2890 1228 2901 1379 2863 1406 2890 1713 2901 1842 2858 1890 2906 1939 2874 1987 2895 2036 2874 2095 2895 2187 2879 2197 2938 2138 3014 2101 2998 1880 3019 1470 3014 1427 2992 1120 3014 991 2976 953 3008 878 2976 748 3003 673 2938"/></Shape>
	    <String CONTENT="אמ&#39; הקבה נמתין להם שלשה"
                    HPOS="662.0"
                    VPOS="2858.0"
                    WIDTH="1535.0"
                    HEIGHT="161.0"></String>
          </TextLine>

          
          
          <TextLine ID="eSc_line_1322811"
                    
                    BASELINE="668 3046 2214 3062" 
                    HPOS="662.0"
                    VPOS="2971.0"
                    WIDTH="1546.0"
                    HEIGHT="183.0">
            <Shape><Polygon POINTS="662 3041 727 2998 840 2987 942 2998 980 3030 1018 2992 1880 3019 1960 2998 2144 3008 2192 2971 2208 3057 2154 3127 2047 3105 1944 3127 1912 3100 1885 3127 1589 3100 1503 3132 1454 3100 1411 3127 1341 3127 1292 3078 1222 3137 1147 3116 1082 3154 1034 3105 969 3094 905 3121 721 3127 668 3073"/></Shape>
	    <String CONTENT="חדשים ואחר כך אני נותן להם את"
                    HPOS="662.0"
                    VPOS="2971.0"
                    WIDTH="1546.0"
                    HEIGHT="183.0"></String>
          </TextLine>

          
          
          <TextLine ID="eSc_line_1322841"
                    
                    BASELINE="635 3175 2187 3181" 
                    HPOS="630.0"
                    VPOS="3089.0"
                    WIDTH="1551.0"
                    HEIGHT="156.0">
            <Shape><Polygon POINTS="630 3170 700 3111 770 3127 985 3105 1039 3116 1093 3164 1147 3127 1228 3143 1298 3089 1336 3127 1459 3111 1486 3132 1556 3105 1874 3127 1912 3100 1944 3121 2047 3111 2160 3127 2181 3175 2165 3234 2138 3245 1853 3240 1788 3207 1696 3240 1357 3245 1222 3229 1179 3186 1125 3181 1045 3234 953 3240 894 3207 727 3240 635 3175"/></Shape>
	    <String CONTENT="התורה ˙ בחד&#39; השל&#39; ˙ א&#39;ר&#39; אייבו"
                    HPOS="630.0"
                    VPOS="3089.0"
                    WIDTH="1551.0"
                    HEIGHT="156.0"></String>
          </TextLine>

          
          
          <TextLine ID="eSc_line_1322796"
                    
                    BASELINE="646 3283 2230 3288" 
                    HPOS="641.0"
                    VPOS="3175.0"
                    WIDTH="1583.0"
                    HEIGHT="210.0">
            <Shape><Polygon POINTS="641 3277 662 3175 732 3240 888 3213 953 3240 1061 3240 1142 3186 1190 3234 1357 3245 1713 3240 1793 3218 1869 3245 2192 3229 2224 3283 2187 3353 2063 3364 1880 3337 1777 3358 1750 3337 1626 3364 1179 3369 1142 3337 1088 3369 1039 3326 991 3369 915 3385 786 3347 689 3364 646 3321"/></Shape>
	    <String CONTENT="בא חדש בשעה שניגלה הק&#39;בה על"
                    HPOS="641.0"
                    VPOS="3175.0"
                    WIDTH="1583.0"
                    HEIGHT="210.0"></String>
          </TextLine>

          
          
          <TextLine ID="eSc_line_1322814"
                    
                    BASELINE="646 3412 2214 3412" 
                    HPOS="641.0"
                    VPOS="3326.0"
                    WIDTH="1567.0"
                    HEIGHT="204.0">
            <Shape><Polygon POINTS="641 3407 668 3358 791 3353 931 3385 1002 3369 1045 3326 1104 3374 1152 3337 1185 3369 1309 3374 1659 3353 1810 3369 1885 3347 2047 3374 2197 3364 2208 3407 2197 3493 1330 3471 1007 3477 953 3498 738 3482 678 3530 651 3509"/></Shape>
	    <String CONTENT="משה היתנה עימו ואמ&#39; לו בהוציאן"
                    HPOS="641.0"
                    VPOS="3326.0"
                    WIDTH="1567.0"
                    HEIGHT="204.0"></String>
          </TextLine>

          
          
          <TextLine ID="eSc_line_1322807"
                    
                    BASELINE="694 3541 2230 3525" 
                    HPOS="689.0"
                    VPOS="3471.0"
                    WIDTH="1535.0"
                    HEIGHT="151.0">
            <Shape><Polygon POINTS="689 3536 721 3482 958 3498 1330 3471 1998 3493 2084 3477 2224 3520 2214 3600 2106 3611 2052 3573 2020 3606 1120 3590 1077 3622 1034 3595 700 3584"/></Shape>
	    <String CONTENT="את העם ממיצרים תעבדון את"
                    HPOS="689.0"
                    VPOS="3471.0"
                    WIDTH="1535.0"
                    HEIGHT="151.0"></String>
          </TextLine>

          
          
          <TextLine ID="eSc_line_1322821"
                    
                    BASELINE="646 3654 2224 3654" 
                    HPOS="641.0"
                    VPOS="3579.0"
                    WIDTH="1578.0"
                    HEIGHT="161.0">
            <Shape><Polygon POINTS="641 3649 711 3606 797 3595 1045 3600 1066 3622 1125 3590 1206 3611 1605 3595 1696 3600 1734 3638 1772 3600 2014 3611 2052 3579 2090 3611 2192 3611 2219 3649 2187 3724 1923 3730 1874 3708 1777 3730 1729 3681 1691 3719 926 3730 894 3697 829 3740 743 3724 651 3649"/></Shape>
	    <String CONTENT="הא&#39;ים על ההר הזה והיה משה"
                    HPOS="641.0"
                    VPOS="3579.0"
                    WIDTH="1578.0"
                    HEIGHT="161.0"></String>
          </TextLine>

          
          
          <TextLine ID="eSc_line_1322833"
                    
                    BASELINE="678 3783 2187 3778" 
                    HPOS="673.0"
                    VPOS="3687.0"
                    WIDTH="1508.0"
                    HEIGHT="172.0">
            <Shape><Polygon POINTS="673 3778 689 3713 829 3740 888 3692 921 3724 1680 3724 1718 3687 1772 3730 2149 3724 2181 3773 2160 3853 2079 3837 2020 3859 1745 3848 1696 3800 1643 3843 1600 3821 1470 3848 1384 3816 1346 3843 829 3853 743 3848 678 3800"/></Shape>
	    <String CONTENT="מצפה ואו&#39; אימתיי הוא בא לא"
                    HPOS="673.0"
                    VPOS="3687.0"
                    WIDTH="1508.0"
                    HEIGHT="172.0"></String>
          </TextLine>

          
          
          <TextLine ID="eSc_line_1322809"
                    
                    BASELINE="624 3907 2187 3913" 
                    HPOS="619.0"
                    VPOS="3794.0"
                    WIDTH="1562.0"
                    HEIGHT="199.0">
            <Shape><Polygon POINTS="619 3902 630 3816 668 3832 700 3810 748 3859 996 3864 1648 3843 1696 3794 1745 3843 2171 3848 2181 3907 2165 3966 2111 3945 2074 3983 1928 3972 1869 3929 1777 3972 1476 3956 1433 3988 1389 3950 1314 3983 1239 3966 872 3993 700 3956 624 3907"/></Shape>
	    <String CONTENT="עשה אלא כיון שהיגיע הקץ א&#39;"
                    HPOS="619.0"
                    VPOS="3794.0"
                    WIDTH="1562.0"
                    HEIGHT="199.0"></String>
          </TextLine>

          
          
          <TextLine ID="eSc_line_1322838"
                    
                    BASELINE="673 4015 2192 4015" 
                    HPOS="668.0"
                    VPOS="3939.0"
                    WIDTH="1519.0"
                    HEIGHT="167.0">
            <Shape><Polygon POINTS="668 4009 738 3950 861 3993 1325 3983 1389 3961 1454 3993 1486 3961 1578 3988 1632 3966 1772 3983 1863 3939 1934 3983 1987 3972 2117 4004 2171 3977 2187 4009 2154 4085 2063 4074 1934 4106 1788 4096 1767 4074 1740 4096 1433 4096 1314 4058 1212 4096 1045 4074 931 4101 786 4090 678 4042"/></Shape>
	    <String CONTENT="לו הק&#39;ב&#39;ה בא חודש שהייתה [מיי]"
                    HPOS="668.0"
                    VPOS="3939.0"
                    WIDTH="1519.0"
                    HEIGHT="167.0"></String>
          </TextLine>

          
          
          <TextLine ID="eSc_line_1322792"
                    
                    BASELINE="646 4122 2208 4144" 
                    HPOS="641.0"
                    VPOS="4026.0"
                    WIDTH="1562.0"
                    HEIGHT="204.0">
            <Shape><Polygon POINTS="641 4117 662 4026 705 4074 813 4096 1034 4074 1217 4096 1303 4058 1427 4096 1600 4101 1756 4074 1837 4106 2122 4079 2203 4139 2165 4203 1928 4230 1664 4192 1573 4219 1535 4198 1373 4214 1282 4166 1125 4219 1066 4198 721 4214 646 4176"/></Shape>
	    <String CONTENT="מצפה בחדש השל&#39; אינו בירח העול&#39;"
                    HPOS="641.0"
                    VPOS="4026.0"
                    WIDTH="1562.0"
                    HEIGHT="204.0"></String>
          </TextLine>

          
          
          <TextLine ID="eSc_line_1322785"
                    
                    BASELINE="678 4268 2214 4262" 
                    HPOS="673.0"
                    VPOS="4171.0"
                    WIDTH="1535.0"
                    HEIGHT="183.0">
            <Shape><Polygon POINTS="673 4262 678 4187 732 4214 1158 4214 1206 4209 1244 4171 1282 4198 1454 4219 1664 4203 1928 4230 2068 4209 2160 4219 2208 4257 2154 4343 1562 4327 1519 4354 1384 4306 1346 4338 727 4338 678 4311"/></Shape>
	    <String CONTENT="כשם שהוא קורא לחדשים אחרי&#39;"
                    HPOS="673.0"
                    VPOS="4171.0"
                    WIDTH="1535.0"
                    HEIGHT="183.0"></String>
          </TextLine>

          
          
          <TextLine ID="eSc_line_1322783"
                    
                    BASELINE="684 4392 2203 4397" 
                    HPOS="678.0"
                    VPOS="4327.0"
                    WIDTH="1519.0"
                    HEIGHT="162.0">
            <Shape><Polygon POINTS="678 4386 694 4332 1303 4338 1373 4386 1438 4332 1535 4349 1556 4327 1686 4327 2154 4338 2197 4392 2176 4445 2117 4467 2063 4462 2025 4424 1993 4456 1928 4445 1901 4472 1788 4445 1524 4462 1449 4419 1357 4489 1330 4467 1002 4445 684 4462"/></Shape>
	    <String CONTENT="בירח זיו בירח בול בירח האיתנים"
                    HPOS="678.0"
                    VPOS="4327.0"
                    WIDTH="1519.0"
                    HEIGHT="162.0"></String>
          </TextLine>

          
          
          <TextLine ID="eSc_line_1322795"
                    
                    BASELINE="668 4510 2235 4515" 
                    HPOS="662.0"
                    VPOS="4424.0"
                    WIDTH="1568.0"
                    HEIGHT="172.0">
            <Shape><Polygon POINTS="662 4505 673 4451 1098 4451 1174 4462 1217 4499 1265 4467 1319 4467 1373 4505 1454 4424 1519 4462 1723 4445 1761 4467 1874 4456 1901 4478 1939 4445 1987 4467 2030 4429 2068 4467 2154 4462 2230 4510 2133 4585 2068 4553 2009 4591 1718 4569 1621 4591 1578 4564 1535 4596 1459 4542 1384 4591 1330 4569 1265 4591 1190 4548 1131 4575 1093 4564 1066 4591 840 4591 705 4585 668 4548"/></Shape>
	    <String CONTENT="אלא בחד&#39; השל&#39; ˙ א&#39;ר&#39; יהודה"
                    HPOS="662.0"
                    VPOS="4424.0"
                    WIDTH="1568.0"
                    HEIGHT="172.0"></String>
          </TextLine>

          
          
          <TextLine ID="eSc_line_1322808"
                    
                    BASELINE="673 4628 2208 4639" 
                    HPOS="668.0"
                    VPOS="4548.0"
                    WIDTH="1535.0"
                    HEIGHT="172.0">
            <Shape><Polygon POINTS="668 4623 694 4585 759 4580 1039 4602 1093 4558 1174 4548 1239 4585 1395 4591 1459 4548 1529 4602 1578 4569 1621 4596 2020 4596 2068 4553 2111 4585 2187 4558 2203 4634 2187 4693 2149 4709 1912 4698 1788 4720 1718 4688 1675 4715 1556 4715 1529 4688 1503 4715 899 4715 878 4693 743 4715 673 4655"/></Shape>
	    <String CONTENT="בר&#39; סימון אמ&#39; להם הק&#39;בה חידוש"
                    HPOS="668.0"
                    VPOS="4548.0"
                    WIDTH="1535.0"
                    HEIGHT="172.0"></String>
          </TextLine>

          
          
          <TextLine ID="eSc_line_1322784"
                    
                    BASELINE="646 4763 2203 4758" 
                    HPOS="641.0"
                    VPOS="4682.0"
                    WIDTH="1556.0"
                    HEIGHT="162.0">
            <Shape><Polygon POINTS="641 4758 673 4682 727 4709 872 4693 910 4715 1206 4720 1292 4698 1325 4725 1529 4704 1664 4720 1702 4698 1847 4725 2171 4709 2197 4752 2154 4822 2106 4795 2068 4833 2004 4833 1955 4801 1901 4838 1842 4811 1815 4833 1686 4838 1648 4801 1610 4838 1562 4844 1513 4801 1476 4838 1357 4833 1336 4811 770 4833 711 4806 646 4838"/></Shape>
	    <String CONTENT="דברים אני עושה ומחדש אתכם"
                    HPOS="641.0"
                    VPOS="4682.0"
                    WIDTH="1556.0"
                    HEIGHT="162.0"></String>
          </TextLine>

          
          
          <TextLine ID="eSc_line_1322813"
                    
                    BASELINE="673 4881 2203 4876" 
                    HPOS="668.0"
                    VPOS="4795.0"
                    WIDTH="1529.0"
                    HEIGHT="183.0">
            <Shape><Polygon POINTS="668 4876 738 4828 1282 4817 1470 4844 1513 4801 1562 4849 1648 4806 1686 4838 1842 4822 1880 4844 1955 4801 2047 4838 2106 4795 2138 4828 2181 4822 2197 4871 2127 4957 1982 4946 1955 4973 1874 4941 1847 4962 1680 4951 1605 4973 1567 4941 1519 4957 1481 4919 1379 4978 1346 4946 1131 4962 1028 4919 975 4962 899 4978 851 4930 808 4962 732 4962 673 4914"/></Shape>
	    <String CONTENT="למלך שהיה לו כן ועמד הבן על"
                    HPOS="668.0"
                    VPOS="4795.0"
                    WIDTH="1529.0"
                    HEIGHT="183.0"></String>
          </TextLine>

          
          
          <TextLine ID="eSc_line_1322797"
                    
                    BASELINE="635 5011 1813 5015 2235 5016" 
                    HPOS="630.0"
                    VPOS="4946.0"
                    WIDTH="1600.0"
                    HEIGHT="151.0">
            <Shape><Polygon POINTS="630 5005 635 4968 668 4957 975 4973 1002 4946 1061 4946 1109 4973 1158 4951 1282 4973 1330 4951 1406 4973 1438 4946 1583 4946 1643 4973 1810 4951 1944 4973 1982 4946 2133 4946 2214 4973 2230 5011 2214 5091 2192 5075 2122 5097 1917 5097 1890 5070 1729 5097 1670 5070 1481 5070 1443 5097 1287 5075 1120 5097 1077 5070 910 5097 894 5075 716 5091 689 5064 635 5064"/></Shape>
	    <String CONTENT="פירקו ביקש להשיאו ולא היה"
                    HPOS="630.0"
                    VPOS="4946.0"
                    WIDTH="1600.0"
                    HEIGHT="151.0"></String>
          </TextLine>

          
        </TextBlock>
        

        
      </PrintSpace>
    </Page>
  </Layout>
</alto>
