<?xml version="1.0" encoding="UTF-8"?>
<alto xmlns:xsi="http://www.w3.org/2001/XMLSchema-instance"
      xmlns="http://www.loc.gov/standards/alto/ns-v4#"
      xsi:schemaLocation="http://www.loc.gov/standards/alto/ns-v4# http://www.loc.gov/standards/alto/v4/alto-4-2.xsd">
  <Description>
    <MeasurementUnit>pixel</MeasurementUnit>
    <sourceImageInformation>
      <fileName>oulis2017-aya-0132-0.jpg</fileName>
      
    </sourceImageInformation>
  </Description>
  
  <Tags>
    <OtherTag ID="BT1164" LABEL="Hole" DESCRIPTION="block type Hole"/><OtherTag ID="BT2" LABEL="Main" DESCRIPTION="block type Main"/><OtherTag ID="BT3" LABEL="Commentary" DESCRIPTION="block type Commentary"/><OtherTag ID="BT4" LABEL="Illustration" DESCRIPTION="block type Illustration"/><OtherTag ID="BT218" LABEL="Margin" DESCRIPTION="block type Margin"/><OtherTag ID="BT219" LABEL="Paratext" DESCRIPTION="block type Paratext"/>
    <OtherTag ID="LT2" LABEL="Numbering" DESCRIPTION="line type Numbering"/><OtherTag ID="LT3" LABEL="Correction" DESCRIPTION="line type Correction"/><OtherTag ID="LT481" LABEL="Gloss" DESCRIPTION="line type Gloss"/>
  </Tags>
  
  <Layout>
    <Page WIDTH="5398"
          HEIGHT="6459"
          PHYSICAL_IMG_NR="119"
          ID="eSc_dummypage_">
      <PrintSpace HPOS="0"
                  VPOS="0"
                  WIDTH="5398"
                  HEIGHT="6459">
        
        <TextBlock HPOS="2377.0"
                   VPOS="993.0"
                   WIDTH="1573.0"
                   HEIGHT="4154.0"
                   ID="eSc_textblock_8077"
                   TAGREFS="BT2">
          <Shape><Polygon POINTS="2377 993 2377 5147 3911 5147 3950 1012"/></Shape>
          
          
          <TextLine ID="eSc_line_1326356"
                    
                    BASELINE="2391 1065 3889 1092" 
                    HPOS="2386.0"
                    VPOS="995.0"
                    WIDTH="1498.0"
                    HEIGHT="167.0">
            <Shape><Polygon POINTS="2386 1060 2391 1006 2424 995 2494 1017 2715 1001 2758 1022 2822 1001 3119 1001 3178 1028 3410 1006 3437 1033 3598 1038 3830 1011 3884 1087 3868 1162 3593 1157 3566 1135 3512 1157 3458 1135 3383 1157 2989 1151 2957 1124 2790 1146 2607 1119 2494 1141 2391 1119"/></Shape>
	    <String CONTENT="תשובתו של קין קבלתי ותשובתכם איני"
                    HPOS="2386.0"
                    VPOS="995.0"
                    WIDTH="1498.0"
                    HEIGHT="167.0"></String>
          </TextLine>

          
          
          <TextLine ID="eSc_line_1326366"
                    
                    BASELINE="2391 1200 3921 1227" 
                    HPOS="2386.0"
                    VPOS="1130.0"
                    WIDTH="1530.0"
                    HEIGHT="188.0">
            <Shape><Polygon POINTS="2386 1194 2429 1146 2553 1130 2801 1151 2941 1130 3027 1162 3253 1146 3313 1173 3393 1151 3808 1168 3916 1221 3900 1318 3781 1286 3738 1302 3458 1281 3350 1302 3162 1270 2795 1275 2763 1254 2537 1254 2488 1275 2424 1270 2391 1237"/></Shape>
	    <String CONTENT="מקבל אותו שנגזרה עליו גזירה קשה"
                    HPOS="2386.0"
                    VPOS="1130.0"
                    WIDTH="1530.0"
                    HEIGHT="188.0"></String>
          </TextLine>

          
          
          <TextLine ID="eSc_line_1326416"
                    
                    BASELINE="2413 1329 3927 1356" 
                    HPOS="2408.0"
                    VPOS="1259.0"
                    WIDTH="1513.0"
                    HEIGHT="172.0">
            <Shape><Polygon POINTS="2408 1324 2413 1291 2456 1264 2558 1281 2758 1259 3367 1307 3474 1302 3496 1281 3641 1307 3781 1291 3905 1324 3921 1351 3851 1431 3614 1410 3377 1426 3135 1394 3016 1420 2941 1394 2650 1399 2623 1372 2451 1404 2413 1372"/></Shape>
	    <String CONTENT="הדה רכת&#39; כי תעבוד את האדמה לא"
                    HPOS="2408.0"
                    VPOS="1259.0"
                    WIDTH="1513.0"
                    HEIGHT="172.0"></String>
          </TextLine>

          
          
          <TextLine ID="eSc_line_1326390"
                    
                    BASELINE="2348 1458 3911 1474" 
                    HPOS="2343.0"
                    VPOS="1394.0"
                    WIDTH="1562.0"
                    HEIGHT="166.0">
            <Shape><Polygon POINTS="2343 1453 2429 1394 2774 1394 3016 1426 3135 1394 3210 1426 3286 1399 3507 1431 3760 1410 3894 1431 3905 1469 3889 1523 3808 1560 3647 1534 3604 1555 3372 1550 3334 1528 3296 1550 3243 1528 3049 1550 3011 1523 2408 1534 2348 1474"/></Shape>
	    <String CONTENT="תסף תת כחה לך וכיון שעשה תשובה"
                    HPOS="2343.0"
                    VPOS="1394.0"
                    WIDTH="1562.0"
                    HEIGHT="166.0"></String>
          </TextLine>

          
          
          <TextLine ID="eSc_line_1326386"
                    
                    BASELINE="2397 1587 3905 1603" 
                    HPOS="2391.0"
                    VPOS="1528.0"
                    WIDTH="1509.0"
                    HEIGHT="156.0">
            <Shape><Polygon POINTS="2391 1582 2408 1534 2758 1528 3135 1560 3226 1539 3851 1550 3884 1555 3900 1598 3884 1673 3851 1684 3151 1657 3081 1679 3016 1641 2752 1663 2725 1636 2693 1663 2666 1641 2575 1647 2542 1679 2397 1657"/></Shape>
	    <String CONTENT="נמנעה ממנו חצי גזירה ומנין שעשה"
                    HPOS="2391.0"
                    VPOS="1528.0"
                    WIDTH="1509.0"
                    HEIGHT="156.0"></String>
          </TextLine>

          
          
          <TextLine ID="eSc_line_1326395"
                    
                    BASELINE="2397 1711 3905 1733" 
                    HPOS="2391.0"
                    VPOS="1636.0"
                    WIDTH="1509.0"
                    HEIGHT="177.0">
            <Shape><Polygon POINTS="2391 1706 2440 1652 2510 1690 2580 1647 2699 1663 2725 1636 2774 1668 2887 1668 3011 1636 3092 1679 3857 1684 3900 1727 3884 1803 3824 1813 3528 1813 3490 1786 3458 1813 3302 1786 3183 1813 3146 1776 3086 1797 2968 1781 2936 1803 2817 1797 2769 1770 2461 1786 2397 1722"/></Shape>
	    <String CONTENT="תשובה ויאמר קין אל ייי גדול עוני"
                    HPOS="2391.0"
                    VPOS="1636.0"
                    WIDTH="1509.0"
                    HEIGHT="177.0"></String>
          </TextLine>

          
          
          <TextLine ID="eSc_line_1326405"
                    
                    BASELINE="2413 1835 3905 1867" 
                    HPOS="2408.0"
                    VPOS="1786.0"
                    WIDTH="1492.0"
                    HEIGHT="157.0">
            <Shape><Polygon POINTS="2408 1830 2413 1786 3146 1786 3183 1813 3302 1786 3426 1808 3469 1851 3587 1803 3846 1813 3900 1862 3868 1932 3695 1943 3577 1932 3523 1889 3496 1916 3270 1937 3200 1910 3129 1921 3103 1894 3022 1921 2941 1894 2876 1921 2596 1900 2440 1916 2413 1889"/></Shape>
	    <String CONTENT="מנשא ˙ ומנין שנמנעה ממנו חצי"
                    HPOS="2408.0"
                    VPOS="1786.0"
                    WIDTH="1492.0"
                    HEIGHT="157.0"></String>
          </TextLine>

          
          
          <TextLine ID="eSc_line_1326402"
                    
                    BASELINE="2391 1975 3927 1996" 
                    HPOS="2386.0"
                    VPOS="1894.0"
                    WIDTH="1535.0"
                    HEIGHT="178.0">
            <Shape><Polygon POINTS="2386 1969 2429 1916 2903 1926 2946 1894 2984 1921 3076 1921 3108 1894 3135 1926 3216 1921 3243 1943 3469 1910 3657 1943 3884 1932 3921 1991 3862 2072 3566 2039 2903 2045 2855 2018 2795 2039 2521 2039 2494 2013 2429 2056 2391 2018"/></Shape>
	    <String CONTENT="גזירה ויצא קין מלפני ייי וישב בארץ"
                    HPOS="2386.0"
                    VPOS="1894.0"
                    WIDTH="1535.0"
                    HEIGHT="178.0"></String>
          </TextLine>

          
          
          <TextLine ID="eSc_line_1326410"
                    
                    BASELINE="2408 2099 3921 2115" 
                    HPOS="2402.0"
                    VPOS="2013.0"
                    WIDTH="1514.0"
                    HEIGHT="166.0">
            <Shape><Polygon POINTS="2402 2093 2408 2056 2440 2061 2494 2013 2531 2045 2871 2018 2909 2045 3038 2056 3237 2039 3873 2072 3900 2050 3916 2109 3857 2179 3776 2179 3733 2153 3706 2174 3582 2179 3539 2147 3480 2179 3221 2163 3156 2136 3129 2163 3016 2179 2499 2142 2408 2179"/></Shape>
	    <String CONTENT="נזך בארץ נע ונד אין כת&#39; כאן אלא"
                    HPOS="2402.0"
                    VPOS="2013.0"
                    WIDTH="1514.0"
                    HEIGHT="166.0"></String>
          </TextLine>

          
          
          <TextLine ID="eSc_line_1326411"
                    
                    BASELINE="2424 2206 3889 2222" 
                    HPOS="2418.0"
                    VPOS="2142.0"
                    WIDTH="1466.0"
                    HEIGHT="156.0">
            <Shape><Polygon POINTS="2418 2201 2494 2142 2580 2174 2903 2158 3022 2179 3151 2153 3604 2185 3868 2174 3884 2217 3868 2287 3690 2276 3587 2298 3507 2271 3453 2292 3243 2287 3205 2266 3146 2292 3038 2271 2909 2282 2839 2244 2812 2271 2752 2255 2585 2287 2537 2244 2488 2271 2424 2239"/></Shape>
	    <String CONTENT="בארץ נד קדמת עדן מהו ויצא ר&#39;"
                    HPOS="2418.0"
                    VPOS="2142.0"
                    WIDTH="1466.0"
                    HEIGHT="156.0"></String>
          </TextLine>

          
          
          <TextLine ID="eSc_line_1326396"
                    
                    BASELINE="2435 2330 3911 2341" 
                    HPOS="2429.0"
                    VPOS="2244.0"
                    WIDTH="1476.0"
                    HEIGHT="167.0">
            <Shape><Polygon POINTS="2429 2325 2445 2271 2488 2276 2521 2244 2580 2287 2812 2271 2839 2244 2871 2276 3033 2266 3070 2287 3873 2287 3905 2336 3878 2379 3765 2411 3523 2411 3426 2384 3388 2405 3296 2384 3259 2405 3167 2384 2979 2395 2882 2384 2849 2352 2731 2395 2521 2368 2435 2395"/></Shape>
	    <String CONTENT="יודן בשם ר&#39; אייבו כמפשיל דברים ליא"
                    HPOS="2429.0"
                    VPOS="2244.0"
                    WIDTH="1476.0"
                    HEIGHT="167.0"></String>
          </TextLine>

          
          
          <TextLine ID="eSc_line_1326412"
                    
                    BASELINE="2391 2432 3932 2454" 
                    HPOS="2386.0"
                    VPOS="2357.0"
                    WIDTH="1541.0"
                    HEIGHT="172.0">
            <Shape><Polygon POINTS="2386 2427 2391 2373 2445 2400 2515 2379 2812 2389 2844 2357 2882 2395 3727 2416 3830 2384 3878 2400 3911 2373 3927 2449 3911 2502 3781 2529 3663 2529 3625 2508 3566 2524 3534 2486 3501 2519 3404 2524 2995 2502 2957 2529 2828 2497 2429 2524 2391 2486"/></Shape>
	    <String CONTENT="לאחוריו ומגונב דעת העליונה ר&#39; ברביה"
                    HPOS="2386.0"
                    VPOS="2357.0"
                    WIDTH="1541.0"
                    HEIGHT="172.0"></String>
          </TextLine>

          
          
          <TextLine ID="eSc_line_1326391"
                    
                    BASELINE="2435 2572 3927 2588" 
                    HPOS="2429.0"
                    VPOS="2492.0"
                    WIDTH="1492.0"
                    HEIGHT="172.0">
            <Shape><Polygon POINTS="2429 2567 2451 2524 2742 2529 2812 2497 2968 2535 2995 2508 3167 2524 3253 2502 3501 2524 3534 2492 3571 2529 3609 2508 3657 2535 3851 2529 3921 2583 3857 2664 3641 2658 3614 2632 3431 2653 3367 2621 3291 2648 3194 2626 3151 2653 2957 2653 2903 2626 2763 2653 2720 2626 2666 2653 2483 2658 2435 2626"/></Shape>
	    <String CONTENT="בשם ר&#39; לעזד בר&#39; שמע&#39; יצא כמפיים"
                    HPOS="2429.0"
                    VPOS="2492.0"
                    WIDTH="1492.0"
                    HEIGHT="172.0"></String>
          </TextLine>

          
          
          <TextLine ID="eSc_line_1326387"
                    
                    BASELINE="2391 2707 3884 2712" 
                    HPOS="2386.0"
                    VPOS="2626.0"
                    WIDTH="1492.0"
                    HEIGHT="167.0">
            <Shape><Polygon POINTS="2386 2702 2456 2653 2682 2658 2736 2632 2763 2658 2903 2637 3006 2658 3205 2626 3232 2653 3544 2658 3577 2637 3824 2658 3862 2669 3878 2707 3862 2793 3555 2766 3296 2782 3248 2761 3054 2782 2461 2782 2391 2712"/></Shape>
	    <String CONTENT="ובמרמה בבוראו ר&#39; חונה משם ר&#39; חננה"
                    HPOS="2386.0"
                    VPOS="2626.0"
                    WIDTH="1492.0"
                    HEIGHT="167.0"></String>
          </TextLine>

          
          
          <TextLine ID="eSc_line_1326372"
                    
                    BASELINE="2413 2836 3905 2836" 
                    HPOS="2408.0"
                    VPOS="2771.0"
                    WIDTH="1492.0"
                    HEIGHT="146.0">
            <Shape><Polygon POINTS="2408 2831 2451 2782 2704 2771 3571 2777 3765 2798 3824 2782 3889 2793 3900 2831 3889 2901 3846 2917 3727 2879 3684 2906 3571 2911 3507 2874 3474 2901 3183 2911 3124 2885 2661 2885 2445 2917 2418 2890"/></Shape>
	    <String CONTENT="בר&#39; יצחק יצא כמין שמח כמה דאת"
                    HPOS="2408.0"
                    VPOS="2771.0"
                    WIDTH="1492.0"
                    HEIGHT="146.0"></String>
          </TextLine>

          
          
          <TextLine ID="eSc_line_1326417"
                    
                    BASELINE="2424 2949 3911 2954" 
                    HPOS="2418.0"
                    VPOS="2879.0"
                    WIDTH="1487.0"
                    HEIGHT="156.0">
            <Shape><Polygon POINTS="2418 2944 2478 2901 2655 2890 3156 2911 3512 2885 3674 2906 3727 2879 3868 2906 3905 2949 3846 3030 3490 3008 2909 3030 2876 3008 2785 3035 2720 3014 2537 3035 2424 2971"/></Shape>
	    <String CONTENT="אומ&#39; וגם הנה הוא יוצא לקראתך"
                    HPOS="2418.0"
                    VPOS="2879.0"
                    WIDTH="1487.0"
                    HEIGHT="156.0"></String>
          </TextLine>

          
          
          <TextLine ID="eSc_line_1326392"
                    
                    BASELINE="2435 3073 3889 3084" 
                    HPOS="2429.0"
                    VPOS="3008.0"
                    WIDTH="1455.0"
                    HEIGHT="146.0">
            <Shape><Polygon POINTS="2429 3068 2440 3024 2785 3035 2828 3014 3113 3008 3356 3030 3868 3019 3884 3078 3868 3143 3819 3154 3582 3127 3512 3154 3474 3132 3318 3148 3296 3127 2871 3154 2774 3116 2725 3148 2537 3148 2435 3105"/></Shape>
	    <String CONTENT="וג&#39; עם שהוא יוצא פגע בו אדם"
                    HPOS="2429.0"
                    VPOS="3008.0"
                    WIDTH="1455.0"
                    HEIGHT="146.0"></String>
          </TextLine>

          
          
          <TextLine ID="eSc_line_1326373"
                    
                    BASELINE="2348 3202 3889 3202" 
                    HPOS="2343.0"
                    VPOS="3105.0"
                    WIDTH="1541.0"
                    HEIGHT="183.0">
            <Shape><Polygon POINTS="2343 3197 2440 3105 2488 3143 2575 3154 3733 3143 3873 3154 3884 3197 3873 3272 3695 3256 3566 3288 3528 3256 2844 3277 2801 3251 2709 3283 2628 3261 2467 3261 2435 3283 2354 3202"/></Shape>
	    <String CONTENT="הראשון א&#39; לו מה נעשה בדינך אמ&#39; לו"
                    HPOS="2343.0"
                    VPOS="3105.0"
                    WIDTH="1541.0"
                    HEIGHT="183.0"></String>
          </TextLine>

          
          
          <TextLine ID="eSc_line_1326413"
                    
                    BASELINE="2424 3321 3921 3321" 
                    HPOS="2418.0"
                    VPOS="3256.0"
                    WIDTH="1498.0"
                    HEIGHT="145.0">
            <Shape><Polygon POINTS="2418 3315 2456 3267 2715 3283 3528 3261 3571 3288 3701 3256 3868 3277 3916 3315 3851 3390 3797 3401 3690 3380 3119 3396 3070 3374 3000 3396 2849 3380 2704 3401 2585 3396 2548 3369 2478 3396 2429 3364"/></Shape>
	    <String CONTENT="עשיתי תשובה ופירשתי באותה"
                    HPOS="2418.0"
                    VPOS="3256.0"
                    WIDTH="1498.0"
                    HEIGHT="145.0"></String>
          </TextLine>

          
          
          <TextLine ID="eSc_line_1326374"
                    
                    BASELINE="2391 3434 3932 3439" 
                    HPOS="2386.0"
                    VPOS="3380.0"
                    WIDTH="1541.0"
                    HEIGHT="145.0">
            <Shape><Polygon POINTS="2386 3428 2440 3390 2531 3385 2720 3401 3065 3380 3151 3401 3232 3380 3695 3380 3873 3390 3927 3434 3824 3509 3760 3477 3717 3509 3442 3504 3388 3477 3367 3498 3313 3482 3038 3514 2876 3498 2736 3520 2699 3498 2666 3525 2628 3504 2451 3509 2391 3450"/></Shape>
	    <String CONTENT="שעה היתחיל אדם הראשון טופח"
                    HPOS="2386.0"
                    VPOS="3380.0"
                    WIDTH="1541.0"
                    HEIGHT="145.0"></String>
          </TextLine>

          
          
          <TextLine ID="eSc_line_1326406"
                    
                    BASELINE="2413 3552 3889 3563" 
                    HPOS="2408.0"
                    VPOS="3482.0"
                    WIDTH="1476.0"
                    HEIGHT="161.0">
            <Shape><Polygon POINTS="2408 3547 2413 3498 2672 3525 2882 3498 3361 3509 3399 3482 3437 3509 3684 3514 3760 3482 3787 3509 3868 3509 3884 3557 3868 3617 3835 3633 3765 3595 3684 3633 3560 3611 3442 3633 3280 3633 3243 3611 3173 3643 3108 3617 3033 3638 2812 3611 2763 3638 2677 3617 2413 3627"/></Shape>
	    <String CONTENT="על פניו ואו&#39; כך הוא בוחה של תשובה"
                    HPOS="2408.0"
                    VPOS="3482.0"
                    WIDTH="1476.0"
                    HEIGHT="161.0"></String>
          </TextLine>

          
          
          <TextLine ID="eSc_line_1326397"
                    
                    BASELINE="2408 3692 3900 3681" 
                    HPOS="2402.0"
                    VPOS="3606.0"
                    WIDTH="1492.0"
                    HEIGHT="161.0">
            <Shape><Polygon POINTS="2402 3687 2451 3611 2531 3633 3151 3643 3221 3617 3733 3638 3765 3606 3894 3676 3868 3756 3706 3767 3641 3724 3614 3751 3469 3756 3275 3719 3232 3762 3167 3735 3124 3762 2995 3740 2968 3767 2919 3762 2876 3719 2833 3762 2715 3740 2429 3751 2408 3730"/></Shape>
	    <String CONTENT="ולא הייתי יודע באותה השעה אמ&#39;"
                    HPOS="2402.0"
                    VPOS="3606.0"
                    WIDTH="1492.0"
                    HEIGHT="161.0"></String>
          </TextLine>

          
          
          <TextLine ID="eSc_line_1326407"
                    
                    BASELINE="2370 3800 3911 3810" 
                    HPOS="2364.0"
                    VPOS="3719.0"
                    WIDTH="1541.0"
                    HEIGHT="177.0">
            <Shape><Polygon POINTS="2364 3794 2510 3751 2844 3756 2882 3719 2925 3762 3027 3735 3065 3762 3194 3740 3221 3767 3286 3724 3361 3756 3512 3762 3614 3751 3647 3719 3701 3762 3878 3762 3905 3805 3835 3880 3318 3870 3146 3896 2979 3853 2882 3880 2769 3864 2639 3886 2612 3859 2478 3880 2370 3800"/></Shape>
	    <String CONTENT="טוב להודות לייי וג&#39; א&#39;ר&#39; לוי המזמור"
                    HPOS="2364.0"
                    VPOS="3719.0"
                    WIDTH="1541.0"
                    HEIGHT="177.0"></String>
          </TextLine>

          
          
          <TextLine ID="eSc_line_1326361"
                    
                    BASELINE="2429 3934 3911 3950" 
                    HPOS="2424.0"
                    VPOS="3859.0"
                    WIDTH="1481.0"
                    HEIGHT="156.0">
            <Shape><Polygon POINTS="2424 3929 2440 3870 2558 3886 2607 3859 2639 3886 2828 3870 2871 3891 2979 3870 3151 3902 3318 3870 3857 3880 3905 3945 3857 4004 3706 4009 3674 3988 3641 4015 3534 3993 3275 4009 3237 3983 2941 4009 2898 3977 2790 4004 2666 3972 2510 4015 2429 3988"/></Shape>
	    <String CONTENT="הזה אדם אמרו מזמור שיר ליום"
                    HPOS="2424.0"
                    VPOS="3859.0"
                    WIDTH="1481.0"
                    HEIGHT="156.0"></String>
          </TextLine>

          
          
          <TextLine ID="eSc_line_1326371"
                    
                    BASELINE="2564 4058 3878 4058" 
                    HPOS="2558.0"
                    VPOS="3972.0"
                    WIDTH="1315.0"
                    HEIGHT="172.0">
            <Shape><Polygon POINTS="2558 4053 2655 3972 2693 4004 2871 4020 3173 3999 3286 4020 3846 4009 3873 4053 3841 4133 3415 4139 3372 4112 3296 4139 3129 4139 3086 4117 3006 4144 2898 4144 2866 4112 2817 4139 2677 4133 2569 4053"/></Shape>
	    <String CONTENT="השבת ותשוב תיכם איני מקבל ˙"
                    HPOS="2558.0"
                    VPOS="3972.0"
                    WIDTH="1315.0"
                    HEIGHT="172.0"></String>
          </TextLine>

          
          
          <TextLine ID="eSc_line_1326358"
                    
                    BASELINE="2359 4192 3932 4176" 
                    HPOS="2354.0"
                    VPOS="4112.0"
                    WIDTH="1573.0"
                    HEIGHT="145.0">
            <Shape><Polygon POINTS="2354 4187 2359 4144 2429 4117 2720 4144 2817 4139 2839 4117 2887 4139 3334 4139 3367 4112 3399 4133 3652 4139 3878 4122 3927 4171 3862 4257 3555 4252 3528 4230 3458 4252 3426 4219 3399 4246 3361 4219 3286 4257 2429 4252 2364 4198"/></Shape>
	    <String CONTENT="תשובתו של אחאב קיבלתי ותשובת ˙"
                    HPOS="2354.0"
                    VPOS="4112.0"
                    WIDTH="1573.0"
                    HEIGHT="145.0"></String>
          </TextLine>

          
          
          <TextLine ID="eSc_line_1326360"
                    
                    BASELINE="2364 4300 3911 4300" 
                    HPOS="2359.0"
                    VPOS="4225.0"
                    WIDTH="1546.0"
                    HEIGHT="161.0">
            <Shape><Polygon POINTS="2359 4295 2467 4252 3329 4257 3361 4230 3393 4252 3420 4225 3453 4257 3841 4252 3905 4295 3846 4375 3727 4386 3582 4359 3555 4381 3447 4375 3415 4349 3361 4381 3194 4381 3129 4343 3086 4375 3038 4349 2979 4381 2914 4354 2435 4370 2370 4306"/></Shape>
	    <String CONTENT="איני מקבל ישנגזרה עליו גזירה קשה"
                    HPOS="2359.0"
                    VPOS="4225.0"
                    WIDTH="1546.0"
                    HEIGHT="161.0"></String>
          </TextLine>

          
          
          <TextLine ID="eSc_line_1326353"
                    
                    BASELINE="2418 4419 3894 4424" 
                    HPOS="2413.0"
                    VPOS="4343.0"
                    WIDTH="1476.0"
                    HEIGHT="156.0">
            <Shape><Polygon POINTS="2413 4413 2424 4370 2472 4365 2909 4359 2968 4386 3081 4375 3124 4343 3151 4370 3243 4381 3544 4381 3571 4359 3733 4381 3814 4359 3868 4370 3889 4419 3857 4478 3754 4494 3340 4478 3059 4499 3033 4472 2833 4499 2699 4467 2672 4494 2612 4478 2510 4499 2418 4462"/></Shape>
	    <String CONTENT="הה דכת&#39; ודברת אליו לאמר בה אמר"
                    HPOS="2413.0"
                    VPOS="4343.0"
                    WIDTH="1476.0"
                    HEIGHT="156.0"></String>
          </TextLine>

          
          
          <TextLine ID="eSc_line_1326354"
                    
                    BASELINE="2354 4548 3889 4532" 
                    HPOS="2348.0"
                    VPOS="4462.0"
                    WIDTH="1536.0"
                    HEIGHT="156.0">
            <Shape><Polygon POINTS="2348 4542 2354 4483 2381 4494 2413 4462 2494 4494 2655 4499 2715 4467 2742 4494 3097 4489 3243 4510 3345 4483 3765 4499 3824 4478 3884 4526 3873 4585 3830 4580 3792 4618 3663 4596 3183 4612 3146 4575 3108 4607 3011 4618 2866 4618 2833 4591 2790 4618 2709 4591 2688 4612 2634 4596 2413 4618 2359 4580"/></Shape>
	    <String CONTENT="ייי הרצחת וגם יד&#39; ודברת אליו כה אמ&#39;"
                    HPOS="2348.0"
                    VPOS="4462.0"
                    WIDTH="1536.0"
                    HEIGHT="156.0"></String>
          </TextLine>

          
          
          <TextLine ID="eSc_line_1326370"
                    
                    BASELINE="2413 4666 3932 4655" 
                    HPOS="2408.0"
                    VPOS="4575.0"
                    WIDTH="1519.0"
                    HEIGHT="172.0">
            <Shape><Polygon POINTS="2408 4661 2440 4607 2682 4612 2704 4591 2790 4618 2822 4591 2855 4623 2995 4628 3103 4612 3140 4575 3183 4612 3781 4623 3830 4580 3927 4650 3797 4747 3447 4720 3426 4736 3399 4709 3210 4747 3108 4747 2995 4709 2898 4747 2779 4747 2677 4715 2580 4741 2531 4698 2483 4736 2413 4709"/></Shape>
	    <String CONTENT="ייי במקום אשר לקקו הכלבים את"
                    HPOS="2408.0"
                    VPOS="4575.0"
                    WIDTH="1519.0"
                    HEIGHT="172.0"></String>
          </TextLine>

          
          
          <TextLine ID="eSc_line_1326359"
                    
                    BASELINE="2375 4790 3911 4795" 
                    HPOS="2370.0"
                    VPOS="4715.0"
                    WIDTH="1535.0"
                    HEIGHT="166.0">
            <Shape><Polygon POINTS="2370 4785 2531 4715 2575 4747 2822 4736 2909 4763 3006 4758 3043 4725 3119 4752 3668 4725 3846 4741 3905 4790 3841 4860 3808 4838 3765 4860 3474 4860 3442 4838 3356 4865 3221 4849 3124 4876 2736 4876 2688 4849 2602 4881 2553 4855 2451 4871 2375 4811"/></Shape>
	    <String CONTENT="דם נבות ילקקו הכלבים את דמך גם]"
                    HPOS="2370.0"
                    VPOS="4715.0"
                    WIDTH="1535.0"
                    HEIGHT="166.0"></String>
          </TextLine>

          
          
          <TextLine ID="eSc_line_1326357"
                    
                    BASELINE="2370 4919 3889 4903" 
                    HPOS="2364.0"
                    VPOS="4844.0"
                    WIDTH="1520.0"
                    HEIGHT="156.0">
            <Shape><Polygon POINTS="2364 4914 2397 4844 2585 4876 3307 4876 3560 4849 3657 4871 3803 4849 3884 4898 3873 4957 3835 4994 3754 5000 3641 4962 3587 4962 3555 4994 2478 4989 2435 4946 2397 4957 2375 4935"/></Shape>
	    <String CONTENT="אתה ויהי בשמע אחאב את הדברי&#39;"
                    HPOS="2364.0"
                    VPOS="4844.0"
                    WIDTH="1520.0"
                    HEIGHT="156.0"></String>
          </TextLine>

          
          
          <TextLine ID="eSc_line_1326365"
                    
                    BASELINE="2375 5027 3878 5048" 
                    HPOS="2370.0"
                    VPOS="4968.0"
                    WIDTH="1503.0"
                    HEIGHT="161.0">
            <Shape><Polygon POINTS="2370 5021 2413 4968 2488 5000 2758 4973 2785 5000 2957 4984 2984 5005 3367 4994 3501 5016 3566 4984 3717 4984 3776 5016 3851 5011 3873 5043 3835 5129 3797 5107 3555 5129 3496 5102 3453 5124 3361 5102 3146 5124 3108 5097 2946 5118 2806 5097 2747 5118 2445 5113 2375 5091"/></Shape>
	    <String CONTENT="האלה ויקרע בגדיו וושם שק על"
                    HPOS="2370.0"
                    VPOS="4968.0"
                    WIDTH="1503.0"
                    HEIGHT="161.0"></String>
          </TextLine>

          
        </TextBlock>
        
        <TextBlock HPOS="518.0"
                   VPOS="993.0"
                   WIDTH="1622.0"
                   HEIGHT="4204.0"
                   ID="eSc_textblock_8078"
                   TAGREFS="BT2">
          <Shape><Polygon POINTS="518 993 617 5197 2140 5187 2140 993"/></Shape>
          
          
          <TextLine ID="eSc_line_1326389"
                    
                    BASELINE="592 1071 2106 1081" 
                    HPOS="587.0"
                    VPOS="995.0"
                    WIDTH="1514.0"
                    HEIGHT="151.0">
            <Shape><Polygon POINTS="587 1065 592 1022 797 1022 835 995 948 1022 1152 995 1222 1022 1255 995 1336 995 1449 1022 1605 1001 1659 1028 1740 1006 1863 1028 1901 1001 1998 1001 2041 1028 2084 1011 2101 1076 2084 1119 2036 1146 1966 1119 1486 1146 1459 1119 1314 1135 1287 1114 1147 1114 1120 1141 1066 1119 1034 1141 835 1141 770 1119 657 1141 592 1114"/></Shape>
	    <String CONTENT="על בשרו ויצום וישכב בשק וג&#39; וכמה"
                    HPOS="587.0"
                    VPOS="995.0"
                    WIDTH="1514.0"
                    HEIGHT="151.0"></String>
          </TextLine>

          
          
          <TextLine ID="eSc_line_1326415"
                    
                    BASELINE="603 1189 2133 1194" 
                    HPOS="597.0"
                    VPOS="1114.0"
                    WIDTH="1530.0"
                    HEIGHT="161.0">
            <Shape><Polygon POINTS="597 1184 646 1141 754 1124 958 1141 996 1173 1034 1141 1158 1146 1195 1114 1228 1146 1287 1124 1325 1146 1427 1130 2036 1151 2106 1124 2127 1189 2074 1270 1907 1275 1799 1275 1772 1254 1664 1270 1583 1232 1524 1259 1406 1248 1319 1270 1260 1227 1222 1264 835 1264 754 1237 700 1270 651 1221 603 1221"/></Shape>
	    <String CONTENT="נתענה אם היה רגיל לאכול בשלש"
                    HPOS="597.0"
                    VPOS="1114.0"
                    WIDTH="1530.0"
                    HEIGHT="161.0"></String>
          </TextLine>

          
          
          <TextLine ID="eSc_line_1326394"
                    
                    BASELINE="630 1313 2122 1329" 
                    HPOS="624.0"
                    VPOS="1227.0"
                    WIDTH="1493.0"
                    HEIGHT="177.0">
            <Shape><Polygon POINTS="624 1307 635 1227 694 1270 754 1254 1292 1275 1406 1254 1540 1264 1583 1232 1632 1275 1686 1281 2090 1275 2117 1324 2074 1377 1917 1404 1842 1399 1804 1361 1761 1399 1416 1372 1346 1394 1309 1356 1276 1388 1185 1399 1088 1377 808 1399 630 1351"/></Shape>
	    <String CONTENT="שעות אוכל בשש ואם היה רגילל"
                    HPOS="624.0"
                    VPOS="1227.0"
                    WIDTH="1493.0"
                    HEIGHT="177.0"></String>
          </TextLine>

          
          
          <TextLine ID="eSc_line_1326385"
                    
                    BASELINE="565 1458 2138 1458" 
                    HPOS="560.0"
                    VPOS="1356.0"
                    WIDTH="1573.0"
                    HEIGHT="178.0">
            <Shape><Polygon POINTS="560 1453 668 1361 711 1394 910 1388 1002 1410 1276 1394 1314 1356 1357 1399 1772 1399 1810 1437 1863 1399 2009 1404 2052 1377 2133 1453 2063 1528 1982 1534 1869 1507 1373 1523 1336 1485 1282 1517 1147 1523 1088 1501 1050 1523 861 1523 791 1501 759 1523 700 1507 668 1534 571 1474"/></Shape>
	    <String CONTENT="לאכול בשש אוכל בתשע מה ויהלך"
                    HPOS="560.0"
                    VPOS="1356.0"
                    WIDTH="1573.0"
                    HEIGHT="178.0"></String>
          </TextLine>

          
          
          <TextLine ID="eSc_line_1326409"
                    
                    BASELINE="603 1560 2149 1571" 
                    HPOS="597.0"
                    VPOS="1480.0"
                    WIDTH="1547.0"
                    HEIGHT="193.0">
            <Shape><Polygon POINTS="597 1555 630 1523 673 1534 694 1512 1265 1523 1336 1480 1389 1528 1815 1523 1863 1501 1944 1534 2133 1534 2144 1566 2057 1647 1896 1652 1799 1625 1718 1652 1670 1630 1632 1652 1459 1641 1427 1673 1368 1625 1314 1636 1282 1609 1158 1647 1018 1620 942 1647 867 1620 743 1647 716 1620 668 1668 603 1609"/></Shape>
	    <String CONTENT="אט ר&#39; יהושע בן לוי א&#39; שהיה מהלך"
                    HPOS="597.0"
                    VPOS="1480.0"
                    WIDTH="1547.0"
                    HEIGHT="193.0"></String>
          </TextLine>

          
          
          <TextLine ID="eSc_line_1326404"
                    
                    BASELINE="571 1706 2101 1717" 
                    HPOS="565.0"
                    VPOS="1620.0"
                    WIDTH="1530.0"
                    HEIGHT="183.0">
            <Shape><Polygon POINTS="565 1700 571 1657 635 1641 673 1668 716 1625 808 1647 861 1620 905 1652 1028 1625 1066 1657 1217 1647 1271 1620 1303 1652 1368 1647 1411 1673 1454 1652 1626 1668 1670 1636 1702 1663 1837 1636 1907 1668 2041 1647 2079 1657 2095 1711 2079 1765 2036 1781 1691 1765 1659 1792 1508 1781 1486 1803 1265 1754 1169 1776 1098 1754 1045 1776 824 1760 743 1781 689 1760 597 1776 571 1749"/></Shape>
	    <String CONTENT="יחח מה כת&#39; תמן ויהי דבר ייי אל אל יהן"
                    HPOS="565.0"
                    VPOS="1620.0"
                    WIDTH="1530.0"
                    HEIGHT="183.0"></String>
          </TextLine>

          
          
          <TextLine ID="eSc_line_1326401"
                    
                    BASELINE="565 1819 2101 1846" 
                    HPOS="560.0"
                    VPOS="1760.0"
                    WIDTH="1535.0"
                    HEIGHT="166.0">
            <Shape><Polygon POINTS="560 1813 641 1760 705 1781 867 1765 980 1786 1093 1760 1309 1786 1362 1770 1476 1803 1513 1781 2074 1781 2095 1840 2074 1905 1950 1894 1890 1926 1810 1921 1756 1889 1626 1921 1481 1889 1438 1910 1346 1894 1179 1916 1045 1900 1007 1867 883 1916 770 1916 748 1894 614 1910 565 1867"/></Shape>
	    <String CONTENT="התשבי לאמר הראיתה כי נבנע אחא]"
                    HPOS="560.0"
                    VPOS="1760.0"
                    WIDTH="1535.0"
                    HEIGHT="166.0"></String>
          </TextLine>

          
          
          <TextLine ID="eSc_line_1326399"
                    
                    BASELINE="603 1969 2149 1969" 
                    HPOS="597.0"
                    VPOS="1867.0"
                    WIDTH="1547.0"
                    HEIGHT="194.0">
            <Shape><Polygon POINTS="597 1964 635 1910 888 1926 910 1905 948 1916 996 1867 1055 1921 2106 1910 2144 1964 2084 2056 1982 2034 1885 2056 1810 2029 1691 2061 1546 2029 1357 2029 1319 2050 1233 2029 1066 2039 1007 2002 905 2045 867 2013 824 2045 641 2045 608 2018"/></Shape>
	    <String CONTENT="מלפני יען בי נכנע מפני לא אביא"
                    HPOS="597.0"
                    VPOS="1867.0"
                    WIDTH="1547.0"
                    HEIGHT="194.0"></String>
          </TextLine>

          
          
          <TextLine ID="eSc_line_1326400"
                    
                    BASELINE="517 2099 2106 2104" 
                    HPOS="511.0"
                    VPOS="2002.0"
                    WIDTH="1590.0"
                    HEIGHT="172.0">
            <Shape><Polygon POINTS="511 2093 522 2034 808 2050 861 2018 910 2045 958 2039 996 2002 1055 2045 1228 2029 1298 2050 1357 2023 1384 2045 1465 2023 1691 2056 1788 2029 1874 2050 1977 2034 2079 2056 2101 2099 2084 2158 1939 2153 1874 2174 1793 2142 1750 2163 1551 2142 1470 2169 1093 2163 1061 2142 975 2163 840 2142 813 2163 517 2163"/></Shape>
	    <String CONTENT="הרעה בימיו וג&#39; א&#39; הקבה לאליהו המות"
                    HPOS="511.0"
                    VPOS="2002.0"
                    WIDTH="1590.0"
                    HEIGHT="172.0"></String>
          </TextLine>

          
          
          <TextLine ID="eSc_line_1326383"
                    
                    BASELINE="560 2212 2106 2206" 
                    HPOS="554.0"
                    VPOS="2142.0"
                    WIDTH="1547.0"
                    HEIGHT="145.0">
            <Shape><Polygon POINTS="554 2206 630 2142 781 2163 840 2142 1303 2153 1427 2174 1551 2153 1756 2169 1788 2147 1858 2179 2084 2163 2101 2201 2084 2266 2047 2287 1793 2282 1772 2260 1723 2282 1357 2260 1319 2276 1287 2255 1212 2276 721 2287 635 2276 565 2206"/></Shape>
	    <String CONTENT="אחאב תשובה הראיתה כי נבנע אחץ"
                    HPOS="554.0"
                    VPOS="2142.0"
                    WIDTH="1547.0"
                    HEIGHT="145.0"></String>
          </TextLine>

          
          
          <TextLine ID="eSc_line_1326369"
                    
                    BASELINE="716 2309 2144 2330" 
                    HPOS="711.0"
                    VPOS="2255.0"
                    WIDTH="1427.0"
                    HEIGHT="145.0">
            <Shape><Polygon POINTS="711 2303 840 2303 926 2271 1217 2282 1287 2255 1551 2282 1777 2260 1799 2287 2079 2276 2138 2325 2074 2400 1546 2389 1524 2368 1492 2389 856 2395 716 2309"/></Shape>
	    <String CONTENT="מפני וג ותשובתכם איני מקבל ˙"
                    HPOS="711.0"
                    VPOS="2255.0"
                    WIDTH="1427.0"
                    HEIGHT="145.0"></String>
          </TextLine>

          
          
          <TextLine ID="eSc_line_1326388"
                    
                    BASELINE="587 2449 2127 2449" 
                    HPOS="581.0"
                    VPOS="2341.0"
                    WIDTH="1541.0"
                    HEIGHT="194.0">
            <Shape><Polygon POINTS="581 2443 738 2341 797 2389 888 2400 1492 2395 1524 2368 1551 2395 1691 2405 2111 2405 2122 2443 2111 2492 2036 2529 1729 2529 1691 2492 1600 2524 1519 2481 1389 2529 1303 2524 1255 2492 1158 2535 931 2508 694 2519 592 2443"/></Shape>
	    <String CONTENT="תשובתן של אנשי ענתות קיבלתי"
                    HPOS="581.0"
                    VPOS="2341.0"
                    WIDTH="1541.0"
                    HEIGHT="194.0"></String>
          </TextLine>

          
          
          <TextLine ID="eSc_line_1326382"
                    
                    BASELINE="581 2578 2127 2578" 
                    HPOS="576.0"
                    VPOS="2492.0"
                    WIDTH="1546.0"
                    HEIGHT="172.0">
            <Shape><Polygon POINTS="576 2572 624 2492 700 2524 931 2513 1147 2540 1217 2519 1535 2524 1556 2502 1626 2529 1691 2502 1745 2535 2084 2524 2122 2572 2111 2637 2014 2664 1529 2658 1503 2632 1303 2658 1152 2632 910 2658 824 2621 711 2664 668 2621 630 2658 587 2626"/></Shape>
	    <String CONTENT="ותשובתכם איני מקבל שניפרה עליה"
                    HPOS="576.0"
                    VPOS="2492.0"
                    WIDTH="1546.0"
                    HEIGHT="172.0"></String>
          </TextLine>

          
          
          <TextLine ID="eSc_line_1326398"
                    
                    BASELINE="592 2707 2171 2718" 
                    HPOS="587.0"
                    VPOS="2621.0"
                    WIDTH="1578.0"
                    HEIGHT="167.0">
            <Shape><Polygon POINTS="587 2702 662 2621 705 2664 781 2648 808 2675 867 2648 1244 2632 1276 2658 1492 2632 1556 2664 2074 2653 2165 2712 2090 2788 1977 2761 1529 2788 1481 2755 1416 2788 1379 2750 1239 2782 931 2782 861 2745 797 2782 678 2788 592 2723"/></Shape>
	    <String CONTENT="גזירה קשה הדה דבת&#39; בה אמר יי על"
                    HPOS="587.0"
                    VPOS="2621.0"
                    WIDTH="1578.0"
                    HEIGHT="167.0"></String>
          </TextLine>

          
          
          <TextLine ID="eSc_line_1326378"
                    
                    BASELINE="560 2825 2127 2831" 
                    HPOS="554.0"
                    VPOS="2745.0"
                    WIDTH="1568.0"
                    HEIGHT="166.0">
            <Shape><Polygon POINTS="554 2820 630 2771 797 2782 835 2745 921 2782 1131 2793 1314 2782 1379 2745 1416 2782 1476 2755 1524 2782 2106 2777 2122 2825 2074 2895 1928 2906 1820 2879 1756 2911 1416 2890 1309 2911 1276 2879 1239 2911 915 2879 797 2901 754 2874 635 2906 560 2831"/></Shape>
	    <String CONTENT="אנשי ענתות וג&#39; לכן כה א מר ייי הנני"
                    HPOS="554.0"
                    VPOS="2745.0"
                    WIDTH="1568.0"
                    HEIGHT="166.0"></String>
          </TextLine>

          
          
          <TextLine ID="eSc_line_1326414"
                    
                    BASELINE="624 2938 2165 2954" 
                    HPOS="619.0"
                    VPOS="2879.0"
                    WIDTH="1541.0"
                    HEIGHT="156.0">
            <Shape><Polygon POINTS="619 2933 657 2901 818 2906 910 2879 1212 2911 1276 2879 1314 2917 1416 2890 1745 2922 1804 2895 2084 2895 2160 2949 2079 3024 1950 3024 1890 2998 1815 3030 1653 3030 1519 2998 1292 3035 1190 3008 1018 3024 931 2998 840 3024 624 3019"/></Shape>
	    <String CONTENT="פוקד עליהם רעה וג&#39; ושאירית לא"
                    HPOS="619.0"
                    VPOS="2879.0"
                    WIDTH="1541.0"
                    HEIGHT="156.0"></String>
          </TextLine>

          
          
          <TextLine ID="eSc_line_1326384"
                    
                    BASELINE="630 3068 2133 3068" 
                    HPOS="624.0"
                    VPOS="3008.0"
                    WIDTH="1503.0"
                    HEIGHT="156.0">
            <Shape><Polygon POINTS="624 3062 635 3024 921 3008 1287 3035 1513 3008 1750 3024 1804 3057 1901 3008 1950 3030 2117 3024 2127 3062 2117 3143 1454 3143 1427 3164 1368 3127 1292 3159 1249 3137 1072 3148 1039 3127 845 3148 732 3121 678 3143 635 3100"/></Shape>
	    <String CONTENT="תהיה להם וג&#39; וכיון שעשו תשובה"
                    HPOS="624.0"
                    VPOS="3008.0"
                    WIDTH="1503.0"
                    HEIGHT="156.0"></String>
          </TextLine>

          
          
          <TextLine ID="eSc_line_1326408"
                    
                    BASELINE="581 3197 2171 3186" 
                    HPOS="576.0"
                    VPOS="3127.0"
                    WIDTH="1589.0"
                    HEIGHT="156.0">
            <Shape><Polygon POINTS="576 3191 646 3137 1298 3159 1362 3132 1427 3159 1675 3132 2117 3159 2149 3127 2165 3181 2144 3234 2057 3267 1573 3251 1357 3277 1298 3251 1217 3283 813 3272 764 3240 689 3267 608 3191"/></Shape>
	    <String CONTENT="זכו להתיחס אנשי ענתות מאה"
                    HPOS="576.0"
                    VPOS="3127.0"
                    WIDTH="1589.0"
                    HEIGHT="156.0"></String>
          </TextLine>

          
          
          <TextLine ID="eSc_line_1326403"
                    
                    BASELINE="614 3331 2144 3321" 
                    HPOS="608.0"
                    VPOS="3245.0"
                    WIDTH="1530.0"
                    HEIGHT="156.0">
            <Shape><Polygon POINTS="608 3326 614 3261 635 3251 1195 3288 1255 3267 2074 3267 2122 3245 2138 3315 2122 3374 2084 3396 1901 3396 1853 3358 1783 3396 1653 3374 1309 3401 743 3401 614 3374"/></Shape>
	    <String CONTENT="ועשרים ושמונה ותשובתכם איני"
                    HPOS="608.0"
                    VPOS="3245.0"
                    WIDTH="1530.0"
                    HEIGHT="156.0"></String>
          </TextLine>

          
          
          <TextLine ID="eSc_line_1326375"
                    
                    BASELINE="581 3434 2122 3444" 
                    HPOS="576.0"
                    VPOS="3369.0"
                    WIDTH="1541.0"
                    HEIGHT="156.0">
            <Shape><Polygon POINTS="576 3428 646 3396 1767 3396 1842 3369 1869 3396 2101 3390 2117 3439 2101 3509 1977 3520 1880 3477 1788 3514 1497 3525 1454 3504 1357 3514 1292 3477 1195 3509 1055 3509 1007 3477 953 3520 851 3514 824 3487 775 3514 732 3477 657 3520 581 3450"/></Shape>
	    <String CONTENT="מקבל תשובתן של אנשי נינוה [/]"
                    HPOS="576.0"
                    VPOS="3369.0"
                    WIDTH="1541.0"
                    HEIGHT="156.0"></String>
          </TextLine>

          
          
          <TextLine ID="eSc_line_1326381"
                    
                    BASELINE="657 3568 2165 3568" 
                    HPOS="651.0"
                    VPOS="3487.0"
                    WIDTH="1509.0"
                    HEIGHT="162.0">
            <Shape><Polygon POINTS="651 3563 668 3520 786 3520 818 3487 867 3520 1271 3514 1298 3493 1481 3525 1810 3520 1890 3487 1923 3520 2095 3520 2160 3563 2057 3649 2014 3627 1793 3622 1659 3649 1573 3617 1427 3643 1287 3622 1249 3643 937 3643 813 3606 743 3643 662 3638"/></Shape>
	    <String CONTENT="קיבלתי ותשובתכם איני מקבל [ש/]"
                    HPOS="651.0"
                    VPOS="3487.0"
                    WIDTH="1509.0"
                    HEIGHT="162.0"></String>
          </TextLine>

          
          
          <TextLine ID="eSc_line_1326393"
                    
                    BASELINE="581 3697 2127 3687" 
                    HPOS="576.0"
                    VPOS="3611.0"
                    WIDTH="1546.0"
                    HEIGHT="172.0">
            <Shape><Polygon POINTS="576 3692 630 3611 700 3638 861 3617 948 3649 1519 3638 1567 3611 1643 3643 2090 3638 2122 3681 2047 3762 1901 3783 1837 3756 1729 3767 1707 3746 1664 3767 1626 3746 1605 3767 1551 3746 1433 3773 1389 3751 1233 3746 1179 3773 948 3746 581 3773"/></Shape>
	    <String CONTENT="שנגזרה עליו גזירה קשה הד&#39;ה&#39; דבת&#39;"
                    HPOS="576.0"
                    VPOS="3611.0"
                    WIDTH="1546.0"
                    HEIGHT="172.0"></String>
          </TextLine>

          
          
          <TextLine ID="eSc_line_1326418"
                    
                    BASELINE="608 3821 2160 3816" 
                    HPOS="603.0"
                    VPOS="3746.0"
                    WIDTH="1551.0"
                    HEIGHT="172.0">
            <Shape><Polygon POINTS="603 3816 689 3762 878 3767 948 3746 1055 3773 1222 3751 1416 3778 1546 3756 1632 3778 1842 3762 1896 3800 1923 3773 2068 3756 2154 3810 2144 3864 2084 3891 1896 3870 1767 3896 1686 3853 1573 3891 1540 3859 1465 3918 1368 3886 1292 3896 1255 3864 980 3896 861 3864 835 3891 673 3902 614 3843"/></Shape>
	    <String CONTENT="ויחל יונה לבוא בעיר מה וגו&#39; ויגע"
                    HPOS="603.0"
                    VPOS="3746.0"
                    WIDTH="1551.0"
                    HEIGHT="172.0"></String>
          </TextLine>

          
          
          <TextLine ID="eSc_line_1326376"
                    
                    BASELINE="624 3945 2117 3939" 
                    HPOS="619.0"
                    VPOS="3859.0"
                    WIDTH="1492.0"
                    HEIGHT="172.0">
            <Shape><Polygon POINTS="619 3939 624 3864 668 3902 824 3896 867 3870 894 3896 1233 3880 1454 3923 1535 3859 1567 3891 1626 3891 1670 3859 1718 3896 2095 3891 2111 3934 2095 3993 2047 4015 1977 3999 1901 4020 1820 3993 1767 4015 1567 4004 1508 4031 1481 4004 1433 4020 1384 3988 1357 4015 1050 4015 1023 3993 980 4020 899 3999 867 4031 743 3988 673 4026 624 4020"/></Shape>
	    <String CONTENT="הדבר אל מלך ויקם מבסאו וג&#39; ויאמ&#39;"
                    HPOS="619.0"
                    VPOS="3859.0"
                    WIDTH="1492.0"
                    HEIGHT="172.0"></String>
          </TextLine>

          
          
          <TextLine ID="eSc_line_1326363"
                    
                    BASELINE="657 4085 2171 4058" 
                    HPOS="651.0"
                    VPOS="3988.0"
                    WIDTH="1514.0"
                    HEIGHT="161.0">
            <Shape><Polygon POINTS="651 4079 700 4004 748 3988 867 4036 1023 3999 1131 4026 1357 4015 1384 3988 1422 4020 1481 4009 1503 4031 1573 4004 1826 4020 1982 3999 2165 4053 2090 4139 1783 4144 1729 4112 1707 4139 1643 4122 1600 4144 1287 4144 1255 4122 1163 4149 1039 4096 996 4139 953 4112 867 4144 700 4149 657 4117"/></Shape>
	    <String CONTENT="בנינוה מטעם המלך וגדליו לא וג&#39;]"
                    HPOS="651.0"
                    VPOS="3988.0"
                    WIDTH="1514.0"
                    HEIGHT="161.0"></String>
          </TextLine>

          
          
          <TextLine ID="eSc_line_1326379"
                    
                    BASELINE="630 4192 2122 4187" 
                    HPOS="624.0"
                    VPOS="4101.0"
                    WIDTH="1493.0"
                    HEIGHT="167.0">
            <Shape><Polygon POINTS="624 4187 668 4133 991 4144 1039 4101 1125 4144 1260 4128 1292 4149 1702 4144 1729 4117 1756 4144 2041 4128 2117 4182 2068 4257 2025 4268 1934 4230 1863 4268 1745 4236 1713 4268 1535 4246 1330 4268 1249 4262 1212 4225 1152 4262 662 4262 630 4230"/></Shape>
	    <String CONTENT="א&#39; ריש לקיש תשובה של רמיורת"
                    HPOS="624.0"
                    VPOS="4101.0"
                    WIDTH="1493.0"
                    HEIGHT="167.0"></String>
          </TextLine>

          
          
          <TextLine ID="eSc_line_1326362"
                    
                    BASELINE="624 4322 2117 4306" 
                    HPOS="619.0"
                    VPOS="4241.0"
                    WIDTH="1492.0"
                    HEIGHT="161.0">
            <Shape><Polygon POINTS="619 4316 630 4241 651 4262 926 4252 1061 4273 1185 4268 1217 4241 1244 4268 1336 4279 1529 4246 1718 4262 1745 4241 1815 4268 1917 4246 2084 4262 2111 4306 2095 4349 2036 4392 1874 4359 1793 4392 1696 4370 1529 4386 1449 4381 1416 4354 1330 4392 1163 4370 1077 4397 894 4354 872 4375 732 4386 694 4365 624 4402"/></Shape>
	    <String CONTENT="עשו אנשי נינוה מה עשו ר&#39; חוניה"
                    HPOS="619.0"
                    VPOS="4241.0"
                    WIDTH="1492.0"
                    HEIGHT="161.0"></String>
          </TextLine>

          
          
          <TextLine ID="eSc_line_1326364"
                    
                    BASELINE="657 4424 2127 4440" 
                    HPOS="651.0"
                    VPOS="4354.0"
                    WIDTH="1471.0"
                    HEIGHT="167.0">
            <Shape><Polygon POINTS="651 4419 694 4375 743 4392 915 4365 1319 4397 1395 4386 1427 4354 1454 4381 1648 4392 2068 4375 2111 4381 2122 4435 2106 4499 2036 4515 1955 4510 1923 4478 1858 4483 1820 4515 1686 4521 1470 4489 1379 4521 1190 4521 1163 4494 1072 4494 1045 4515 899 4515 861 4489 657 4505"/></Shape>
	    <String CONTENT="בן ר&#39; שמע&#39; בן חלפותא העמידו [ה/]"
                    HPOS="651.0"
                    VPOS="4354.0"
                    WIDTH="1471.0"
                    HEIGHT="167.0"></String>
          </TextLine>

          
          
          <TextLine ID="eSc_line_1326355"
                    
                    BASELINE="630 4564 2122 4564" 
                    HPOS="624.0"
                    VPOS="4483.0"
                    WIDTH="1493.0"
                    HEIGHT="162.0">
            <Shape><Polygon POINTS="624 4558 635 4510 861 4494 899 4526 1158 4505 1201 4526 1465 4526 1820 4521 1869 4483 1917 4515 2106 4515 2117 4558 2101 4634 1987 4645 1885 4645 1847 4618 1820 4645 1691 4618 1605 4645 635 4645"/></Shape>
	    <String CONTENT="העגלים מבפנים ואמותיהם מבחוץ"
                    HPOS="624.0"
                    VPOS="4483.0"
                    WIDTH="1493.0"
                    HEIGHT="162.0"></String>
          </TextLine>

          
          
          <TextLine ID="eSc_line_1326380"
                    
                    BASELINE="603 4682 2144 4688" 
                    HPOS="597.0"
                    VPOS="4618.0"
                    WIDTH="1541.0"
                    HEIGHT="172.0">
            <Shape><Polygon POINTS="597 4677 614 4639 689 4634 1362 4650 1659 4639 1696 4618 1745 4639 2074 4628 2127 4650 2138 4682 2063 4752 2009 4763 1863 4741 1777 4768 1573 4768 1546 4747 1476 4774 1373 4741 1341 4768 1185 4779 996 4752 694 4758 635 4790 603 4758"/></Shape>
	    <String CONTENT="שהיו אילו גועים מכפנים ואימותיהן"
                    HPOS="597.0"
                    VPOS="4618.0"
                    WIDTH="1541.0"
                    HEIGHT="172.0"></String>
          </TextLine>

          
          
          <TextLine ID="eSc_line_1326368"
                    
                    BASELINE="581 4822 2171 4811" 
                    HPOS="576.0"
                    VPOS="4741.0"
                    WIDTH="1589.0"
                    HEIGHT="173.0">
            <Shape><Polygon POINTS="576 4817 694 4758 991 4785 1034 4763 1298 4779 1373 4741 1492 4779 2068 4758 2117 4806 2165 4806 2068 4892 1923 4892 1880 4860 1842 4898 1653 4881 1594 4903 1556 4876 1508 4903 1427 4871 1352 4914 1292 4881 1088 4908 1023 4855 991 4892 915 4903 851 4903 770 4865 689 4892 603 4817"/></Shape>
	    <String CONTENT="מבחוץ והוון אילין מגעיי מיבה"
                    HPOS="576.0"
                    VPOS="4741.0"
                    WIDTH="1589.0"
                    HEIGHT="173.0"></String>
          </TextLine>

          
          
          <TextLine ID="eSc_line_1326367"
                    
                    BASELINE="624 4951 2122 4930" 
                    HPOS="619.0"
                    VPOS="4855.0"
                    WIDTH="1498.0"
                    HEIGHT="183.0">
            <Shape><Polygon POINTS="619 4946 748 4871 910 4914 980 4903 1023 4855 1088 4908 1287 4887 1330 4919 1422 4887 1556 4908 1750 4881 1799 4898 1885 4855 1928 4898 2052 4887 2117 4924 2101 5005 1977 5016 1917 4989 1853 5016 1804 4994 1734 5016 1696 4989 1600 5027 1529 4994 1486 5027 1341 5016 1287 5038 1255 5005 1212 5032 1136 5032 1088 4994 985 5032 894 5011 808 5032 748 4978 700 5027 624 4978"/></Shape>
	    <String CONTENT="ואילין מיכה אמרין אין לית את"
                    HPOS="619.0"
                    VPOS="4855.0"
                    WIDTH="1498.0"
                    HEIGHT="183.0"></String>
          </TextLine>

          
          
          <TextLine ID="eSc_line_1326377"
                    
                    BASELINE="603 5070 2203 5054" 
                    HPOS="597.0"
                    VPOS="5000.0"
                    WIDTH="1600.0"
                    HEIGHT="167.0">
            <Shape><Polygon POINTS="597 5064 603 5027 716 5011 1142 5043 1486 5038 1519 5005 1680 5000 1772 5032 1863 5005 1939 5027 2057 5000 2197 5048 2181 5118 2052 5118 2014 5156 1917 5156 1793 5118 1750 5145 1670 5129 1600 5161 1379 5134 1255 5161 1131 5129 1066 5161 1034 5145 910 5167 861 5134 603 5167"/></Shape>
	    <String CONTENT=" מרחם עלינו לית אנן מרחמין עליהון"
                    HPOS="597.0"
                    VPOS="5000.0"
                    WIDTH="1600.0"
                    HEIGHT="167.0"></String>
          </TextLine>

          
        </TextBlock>
        
        <TextBlock HPOS="2140.0"
                   VPOS="2150.0"
                   WIDTH="158.0"
                   HEIGHT="109.0"
                   ID="eSc_textblock_8075"
                   TAGREFS="BT218">
          <Shape><Polygon POINTS="2140 2150 2140 2259 2298 2259 2298 2150"/></Shape>
          
          
          <TextLine ID="eSc_line_1326420"
                    
                    BASELINE="2150 2209 2300 2212" 
                    HPOS="2149.0"
                    VPOS="2153.0"
                    WIDTH="135.0"
                    HEIGHT="113.0">
            <Shape><Polygon POINTS="2149 2206 2160 2158 2284 2153 2284 2266 2160 2260"/></Shape>
	    <String CONTENT="עבן ר"
                    HPOS="2149.0"
                    VPOS="2153.0"
                    WIDTH="135.0"
                    HEIGHT="113.0"></String>
          </TextLine>

          
        </TextBlock>
        
        <TextBlock HPOS="359.0"
                   VPOS="3861.0"
                   WIDTH="208.0"
                   HEIGHT="159.0"
                   ID="eSc_textblock_8076"
                   TAGREFS="BT218">
          <Shape><Polygon POINTS="359 3861 359 4020 567 4020 567 3861"/></Shape>
          
          
          <TextLine ID="eSc_line_1326419"
                    
                    BASELINE="366 3923 568 3931" 
                    HPOS="360.0"
                    VPOS="3875.0"
                    WIDTH="205.0"
                    HEIGHT="140.0">
            <Shape><Polygon POINTS="360 3918 430 3875 544 3896 565 3929 549 4015 479 4015 463 3993 366 4004"/></Shape>
	    <String CONTENT="וינוה"
                    HPOS="360.0"
                    VPOS="3875.0"
                    WIDTH="205.0"
                    HEIGHT="140.0"></String>
          </TextLine>

          
        </TextBlock>
        

        
      </PrintSpace>
    </Page>
  </Layout>
</alto>
