<?xml version="1.0" encoding="UTF-8"?>
<alto xmlns:xsi="http://www.w3.org/2001/XMLSchema-instance"
      xmlns="http://www.loc.gov/standards/alto/ns-v4#"
      xsi:schemaLocation="http://www.loc.gov/standards/alto/ns-v4# http://www.loc.gov/standards/alto/v4/alto-4-2.xsd">
  <Description>
    <MeasurementUnit>pixel</MeasurementUnit>
    <sourceImageInformation>
      <fileName>oulis2017-aya-0281-0.jpg</fileName>
      
    </sourceImageInformation>
  </Description>
  
  <Tags>
    <OtherTag ID="BT1164" LABEL="Hole" DESCRIPTION="block type Hole"/><OtherTag ID="BT2" LABEL="Main" DESCRIPTION="block type Main"/><OtherTag ID="BT3" LABEL="Commentary" DESCRIPTION="block type Commentary"/><OtherTag ID="BT4" LABEL="Illustration" DESCRIPTION="block type Illustration"/><OtherTag ID="BT218" LABEL="Margin" DESCRIPTION="block type Margin"/><OtherTag ID="BT219" LABEL="Paratext" DESCRIPTION="block type Paratext"/>
    <OtherTag ID="LT2" LABEL="Numbering" DESCRIPTION="line type Numbering"/><OtherTag ID="LT3" LABEL="Correction" DESCRIPTION="line type Correction"/><OtherTag ID="LT481" LABEL="Gloss" DESCRIPTION="line type Gloss"/>
  </Tags>
  
  <Layout>
    <Page WIDTH="5402"
          HEIGHT="6454"
          PHYSICAL_IMG_NR="268"
          ID="eSc_dummypage_">
      <PrintSpace HPOS="0"
                  VPOS="0"
                  WIDTH="5402"
                  HEIGHT="6454">
        
        <TextBlock HPOS="3104.0"
                   VPOS="1055.0"
                   WIDTH="1751.0"
                   HEIGHT="4216.0"
                   ID="eSc_textblock_12733"
                   TAGREFS="BT2">
          <Shape><Polygon POINTS="3104 1055 3203 5271 4855 5246 4731 1072"/></Shape>
          
          
          <TextLine ID="eSc_line_1336607"
                    
                    BASELINE="3088 1167 4707 1145" 
                    HPOS="3083.0"
                    VPOS="1070.0"
                    WIDTH="1619.0"
                    HEIGHT="161.0">
            <Shape><Polygon POINTS="3083 1161 3088 1091 3459 1102 3481 1081 3863 1097 3906 1075 4250 1091 4293 1070 4648 1070 4686 1086 4702 1140 4691 1193 4605 1215 4401 1193 4293 1220 3997 1199 3895 1220 3836 1204 3809 1226 3604 1204 3142 1231 3093 1210"/></Shape>
	    <String CONTENT="לאחוזה לפיכך ייעד תאמר באחיו שאינו"
                    HPOS="3083.0"
                    VPOS="1070.0"
                    WIDTH="1619.0"
                    HEIGHT="161.0"></String>
          </TextLine>

          
          
          <TextLine ID="eSc_line_1336609"
                    
                    BASELINE="3185 1306 4750 1290" 
                    HPOS="3179.0"
                    VPOS="1204.0"
                    WIDTH="1566.0"
                    HEIGHT="178.0">
            <Shape><Polygon POINTS="3179 1301 3185 1258 3228 1215 3508 1242 3793 1231 3830 1204 3954 1237 4073 1220 4126 1253 4180 1210 4229 1237 4304 1215 4535 1237 4670 1215 4745 1285 4675 1366 4605 1371 4514 1371 4492 1349 4433 1371 4277 1366 4229 1333 4196 1360 4078 1371 3949 1333 3922 1355 3868 1339 3685 1376 3615 1339 3513 1344 3475 1382 3405 1344 3298 1376 3190 1301"/></Shape>
	    <String CONTENT="נכנס תחתיו לאחוזה לפיכך ייעד ת&#39;ל&#39;"
                    HPOS="3179.0"
                    VPOS="1204.0"
                    WIDTH="1566.0"
                    HEIGHT="178.0"></String>
          </TextLine>

          
          
          <TextLine ID="eSc_line_1336611"
                    
                    BASELINE="3185 1430 4772 1419" 
                    HPOS="3179.0"
                    VPOS="1333.0"
                    WIDTH="1588.0"
                    HEIGHT="172.0">
            <Shape><Polygon POINTS="3179 1425 3239 1344 3298 1376 3395 1355 3475 1376 3513 1339 3647 1376 3771 1376 3873 1349 3916 1366 3960 1333 4073 1366 4223 1344 4390 1376 4476 1349 4524 1376 4681 1366 4729 1414 4767 1414 4584 1495 4406 1500 4336 1462 4261 1462 4191 1495 4013 1468 3954 1495 3847 1495 3793 1468 3647 1505 3610 1473 3578 1495 3421 1495 3373 1457 3249 1505 3185 1452"/></Shape>
	    <String CONTENT="אם לבנו ייעדנה לבנו ייעד ולא ייעד"
                    HPOS="3179.0"
                    VPOS="1333.0"
                    WIDTH="1588.0"
                    HEIGHT="172.0"></String>
          </TextLine>

          
          
          <TextLine ID="eSc_line_1336613"
                    
                    BASELINE="3147 1548 4729 1543" 
                    HPOS="3142.0"
                    VPOS="1457.0"
                    WIDTH="1582.0"
                    HEIGHT="172.0">
            <Shape><Polygon POINTS="3142 1543 3190 1495 3298 1505 3378 1457 3416 1495 3610 1473 3691 1500 3793 1468 3857 1495 4245 1489 4293 1538 4336 1538 4374 1500 4589 1495 4670 1468 4724 1538 4681 1602 4594 1613 4514 1586 4433 1608 4293 1581 4245 1618 4196 1618 4169 1591 4142 1613 3954 1618 3895 1597 3631 1624 3599 1591 3508 1618 3470 1581 3384 1618 3201 1629 3147 1575"/></Shape>
	    <String CONTENT="לאחיו ˙ כמשפט הבנות יעש&#39; לה וכי"
                    HPOS="3142.0"
                    VPOS="1457.0"
                    WIDTH="1582.0"
                    HEIGHT="172.0"></String>
          </TextLine>

          
          
          <TextLine ID="eSc_line_1336615"
                    
                    BASELINE="3163 1667 4724 1656" 
                    HPOS="3158.0"
                    VPOS="1591.0"
                    WIDTH="1560.0"
                    HEIGHT="162.0">
            <Shape><Polygon POINTS="3158 1661 3255 1618 3416 1613 3470 1651 3502 1618 3588 1602 3621 1629 4121 1602 4175 1640 4272 1597 4503 1591 4551 1618 4702 1597 4718 1651 4702 1721 4664 1737 4438 1737 4406 1715 4347 1737 4293 1704 4212 1742 4164 1721 3933 1753 3847 1715 3739 1753 3298 1742 3217 1721 3163 1667"/></Shape>
	    <String CONTENT="מה למדנו על משפט הבנות אלא הרי"
                    HPOS="3158.0"
                    VPOS="1591.0"
                    WIDTH="1560.0"
                    HEIGHT="162.0"></String>
          </TextLine>

          
          
          <TextLine ID="eSc_line_1336618"
                    
                    BASELINE="3190 1801 4724 1801" 
                    HPOS="3185.0"
                    VPOS="1715.0"
                    WIDTH="1533.0"
                    HEIGHT="167.0">
            <Shape><Polygon POINTS="3185 1796 3244 1742 3701 1758 3798 1747 3852 1715 3890 1753 4229 1747 4304 1715 4358 1742 4395 1715 4449 1742 4691 1737 4718 1796 4686 1866 4627 1871 4245 1871 4202 1850 4110 1882 3900 1882 3873 1860 3766 1877 3712 1839 3669 1877 3481 1860 3389 1882 3335 1844 3271 1877 3228 1877 3196 1844"/></Shape>
	    <String CONTENT="זה בא ללמד ונמצא למד מה זאת"
                    HPOS="3185.0"
                    VPOS="1715.0"
                    WIDTH="1533.0"
                    HEIGHT="167.0"></String>
          </TextLine>

          
          
          <TextLine ID="eSc_line_1336619"
                    
                    BASELINE="3196 1930 4724 1914" 
                    HPOS="3190.0"
                    VPOS="1834.0"
                    WIDTH="1528.0"
                    HEIGHT="166.0">
            <Shape><Polygon POINTS="3190 1925 3222 1877 3319 1850 3384 1877 3615 1882 3669 1877 3707 1834 3771 1877 3873 1860 4110 1882 4202 1850 4406 1855 4449 1877 4681 1871 4718 1909 4702 1963 4643 1995 4498 1995 4449 1968 4196 1995 4046 1973 3970 2000 3766 1973 3513 1995 3465 1963 3389 1995 3222 1989 3196 1968"/></Shape>
	    <String CONTENT="שארה כסותה ועונתה לא יגרע אף"
                    HPOS="3190.0"
                    VPOS="1834.0"
                    WIDTH="1528.0"
                    HEIGHT="166.0"></String>
          </TextLine>

          
          
          <TextLine ID="eSc_line_1336622"
                    
                    BASELINE="3142 2033 4729 2033" 
                    HPOS="3136.0"
                    VPOS="1963.0"
                    WIDTH="1588.0"
                    HEIGHT="166.0">
            <Shape><Polygon POINTS="3136 2027 3152 1963 3222 1995 3384 1989 3454 2022 3491 1984 3981 2000 4406 1995 4460 1973 4498 1995 4713 1984 4724 2027 4702 2119 4594 2119 4562 2092 4530 2113 4444 2108 4411 2086 4325 2113 4175 2097 3884 2124 3454 2097 3265 2119 3228 2092 3190 2129 3147 2086"/></Shape>
	    <String CONTENT="בת ישר&#39; שארה כסותה ועונתה לא יגרע"
                    HPOS="3136.0"
                    VPOS="1963.0"
                    WIDTH="1588.0"
                    HEIGHT="166.0"></String>
          </TextLine>

          
          
          <TextLine ID="eSc_line_1336624"
                    
                    BASELINE="3142 2162 4750 2167" 
                    HPOS="3136.0"
                    VPOS="2092.0"
                    WIDTH="1609.0"
                    HEIGHT="177.0">
            <Shape><Polygon POINTS="3136 2156 3222 2097 3255 2119 3508 2108 3680 2129 3760 2102 3884 2124 4401 2092 4702 2113 4745 2162 4713 2221 4643 2242 4530 2215 4476 2232 4455 2210 4417 2242 4212 2221 4126 2242 4056 2221 3863 2264 3803 2237 3534 2253 3443 2226 3239 2242 3212 2269 3142 2199"/></Shape>
	    <String CONTENT="דברי ר&#39; יאשיה ר&#39; יונתן או&#39; בעבריה הכת&#39;"
                    HPOS="3136.0"
                    VPOS="2092.0"
                    WIDTH="1609.0"
                    HEIGHT="177.0"></String>
          </TextLine>

          
          
          <TextLine ID="eSc_line_1336625"
                    
                    BASELINE="3233 2291 4772 2291" 
                    HPOS="3228.0"
                    VPOS="2226.0"
                    WIDTH="1539.0"
                    HEIGHT="161.0">
            <Shape><Polygon POINTS="3228 2285 3260 2242 3346 2237 3868 2264 4062 2237 4175 2248 4207 2226 4401 2253 4681 2237 4767 2285 4756 2334 4707 2377 4605 2350 4562 2377 4481 2350 4449 2382 4142 2366 4094 2387 4013 2355 3933 2382 3900 2361 3814 2377 3782 2355 3739 2377 3696 2355 3615 2377 3239 2344"/></Shape>
	    <String CONTENT="מדבר את&#39; או&#39; בעבריה או אינו מדבר"
                    HPOS="3228.0"
                    VPOS="2226.0"
                    WIDTH="1539.0"
                    HEIGHT="161.0"></String>
          </TextLine>

          
          
          <TextLine ID="eSc_line_1336627"
                    
                    BASELINE="3190 2420 4729 2425" 
                    HPOS="3185.0"
                    VPOS="2344.0"
                    WIDTH="1539.0"
                    HEIGHT="167.0">
            <Shape><Polygon POINTS="3185 2414 3260 2361 3330 2355 3400 2377 3981 2366 4105 2387 4137 2361 4551 2377 4600 2344 4632 2377 4707 2371 4724 2420 4681 2500 4584 2484 4519 2511 4304 2506 4277 2479 4234 2500 4019 2484 3997 2506 3631 2484 3540 2511 3341 2495 3190 2420"/></Shape>
	    <String CONTENT="אלא בבת ישר&#39; כשהוא או&#39; אם אחרת"
                    HPOS="3185.0"
                    VPOS="2344.0"
                    WIDTH="1539.0"
                    HEIGHT="167.0"></String>
          </TextLine>

          
          
          <TextLine ID="eSc_line_1336630"
                    
                    BASELINE="3206 2554 4745 2554" 
                    HPOS="3201.0"
                    VPOS="2431.0"
                    WIDTH="1539.0"
                    HEIGHT="204.0">
            <Shape><Polygon POINTS="3201 2549 3233 2431 3346 2500 4648 2500 4713 2511 4740 2549 4713 2603 4648 2635 4390 2603 4363 2624 4191 2624 4164 2603 4083 2630 4003 2597 3906 2624 3588 2603 3282 2624 3212 2570"/></Shape>
	    <String CONTENT="יקח הרי בבת ישר&#39; הכת&#39; מדבר ומה ת&#39;ל&#39;"
                    HPOS="3201.0"
                    VPOS="2431.0"
                    WIDTH="1539.0"
                    HEIGHT="204.0"></String>
          </TextLine>

          
          
          <TextLine ID="eSc_line_1336632"
                    
                    BASELINE="3228 2667 4767 2673" 
                    HPOS="3222.0"
                    VPOS="2603.0"
                    WIDTH="1539.0"
                    HEIGHT="145.0">
            <Shape><Polygon POINTS="3222 2662 3249 2619 3911 2624 4013 2603 4105 2624 4385 2603 4616 2630 4697 2608 4745 2630 4761 2667 4745 2710 4681 2742 4142 2737 4121 2716 3906 2742 3707 2742 3674 2716 3631 2748 3551 2721 3475 2742 3228 2737"/></Shape>
	    <String CONTENT="כמשפט הבנות יעשה לה בעבריה הכת&#39;"
                    HPOS="3222.0"
                    VPOS="2603.0"
                    WIDTH="1539.0"
                    HEIGHT="145.0"></String>
          </TextLine>

          
          
          <TextLine ID="eSc_line_1336634"
                    
                    BASELINE="3163 2791 4772 2791" 
                    HPOS="3158.0"
                    VPOS="2716.0"
                    WIDTH="1609.0"
                    HEIGHT="172.0">
            <Shape><Polygon POINTS="3158 2785 3206 2737 3561 2726 3637 2748 3674 2716 3707 2742 4315 2737 4379 2742 4406 2769 4508 2742 4713 2742 4767 2785 4756 2845 4724 2866 4611 2850 4530 2872 4406 2823 4266 2888 4212 2850 3997 2845 3927 2866 3890 2839 3836 2866 3249 2850 3222 2877 3169 2823"/></Shape>
	    <String CONTENT="מדבר ˙ אם אחרת יקח לו מיכן אמרו"
                    HPOS="3158.0"
                    VPOS="2716.0"
                    WIDTH="1609.0"
                    HEIGHT="172.0"></String>
          </TextLine>

          
          
          <TextLine ID="eSc_line_1336636"
                    
                    BASELINE="3228 2909 4767 2909" 
                    HPOS="3222.0"
                    VPOS="2845.0"
                    WIDTH="1539.0"
                    HEIGHT="161.0">
            <Shape><Polygon POINTS="3222 2904 3255 2850 3841 2866 3879 2845 3922 2866 4229 2855 4261 2888 4422 2845 4524 2872 4627 2855 4729 2866 4761 2904 4734 2974 4627 2963 4557 2990 4202 2958 4019 2984 3970 2963 3900 2984 3626 2963 3475 2974 3438 3006 3378 2968 3308 2984 3233 2952"/></Shape>
	    <String CONTENT="חייב אדם להשיא את בנו ובמקום"
                    HPOS="3222.0"
                    VPOS="2845.0"
                    WIDTH="1539.0"
                    HEIGHT="161.0"></String>
          </TextLine>

          
          
          <TextLine ID="eSc_line_1336640"
                    
                    BASELINE="3212 3028 4772 3022" 
                    HPOS="3206.0"
                    VPOS="2958.0"
                    WIDTH="1561.0"
                    HEIGHT="150.0">
            <Shape><Polygon POINTS="3206 3022 3255 2968 3308 2990 3368 2963 3438 3006 3486 2968 3631 2963 3712 3001 3739 2974 3965 2963 4019 2984 4159 2979 4180 2958 4212 2979 4530 2990 4643 2968 4767 3017 4702 3103 4670 3108 4524 3087 4347 3103 4304 3076 4121 3103 3981 3081 3841 3103 3798 3071 3739 3092 3265 3092 3212 3038"/></Shape>
	    <String CONTENT="אחר מהו או&#39; והודעתם לבניך ולבני"
                    HPOS="3206.0"
                    VPOS="2958.0"
                    WIDTH="1561.0"
                    HEIGHT="150.0"></String>
          </TextLine>

          
          
          <TextLine ID="eSc_line_1336642"
                    
                    BASELINE="3185 3157 4794 3151" 
                    HPOS="3179.0"
                    VPOS="3071.0"
                    WIDTH="1609.0"
                    HEIGHT="166.0">
            <Shape><Polygon POINTS="3179 3151 3239 3081 3610 3097 3798 3071 3857 3108 4304 3087 4713 3108 4740 3081 4788 3146 4707 3237 4568 3237 4535 3205 4487 3227 4438 3210 4272 3232 4234 3200 4089 3232 3911 3200 3825 3221 3744 3200 3276 3232 3196 3151"/></Shape>
	    <String CONTENT="בניך אימתי את זכאי לראות בני בניך"
                    HPOS="3179.0"
                    VPOS="3071.0"
                    WIDTH="1609.0"
                    HEIGHT="166.0"></String>
          </TextLine>

          
          
          <TextLine ID="eSc_line_1336643"
                    
                    BASELINE="3190 3286 4772 3286" 
                    HPOS="3185.0"
                    VPOS="3210.0"
                    WIDTH="1582.0"
                    HEIGHT="151.0">
            <Shape><Polygon POINTS="3185 3280 3260 3232 3755 3210 4089 3232 4250 3216 4288 3237 4541 3216 4568 3237 4718 3237 4767 3280 4718 3350 4627 3361 4600 3334 4438 3350 4406 3329 4331 3356 4277 3329 3960 3361 3916 3323 3873 3350 3669 3350 3610 3329 3551 3350 3303 3350 3196 3280"/></Shape>
	    <String CONTENT="כשתשיא את בניך קטנים ˙ שארה"
                    HPOS="3185.0"
                    VPOS="3210.0"
                    WIDTH="1582.0"
                    HEIGHT="151.0"></String>
          </TextLine>

          
          
          <TextLine ID="eSc_line_1336645"
                    
                    BASELINE="3206 3393 4777 3388" 
                    HPOS="3201.0"
                    VPOS="3323.0"
                    WIDTH="1571.0"
                    HEIGHT="151.0">
            <Shape><Polygon POINTS="3201 3388 3271 3334 3551 3345 3583 3323 3734 3350 3922 3329 3954 3356 4067 3334 4169 3356 4514 3356 4589 3334 4616 3361 4729 3350 4772 3382 4707 3463 4406 3452 4368 3474 4191 3474 4164 3447 4051 3474 3976 3436 3922 3463 3787 3463 3750 3436 3658 3463 3341 3463 3265 3436 3217 3388"/></Shape>
	    <String CONTENT="אילו מזונותיה שנ&#39; ואשר אכלו שאר"
                    HPOS="3201.0"
                    VPOS="3323.0"
                    WIDTH="1571.0"
                    HEIGHT="151.0"></String>
          </TextLine>

          
          
          <TextLine ID="eSc_line_1336647"
                    
                    BASELINE="3190 3522 4788 3522" 
                    HPOS="3185.0"
                    VPOS="3442.0"
                    WIDTH="1598.0"
                    HEIGHT="166.0">
            <Shape><Polygon POINTS="3185 3517 3260 3447 3341 3469 3798 3474 3933 3469 3965 3442 4040 3474 4718 3463 4783 3517 4681 3603 4562 3581 4460 3603 4234 3598 4132 3587 4099 3560 4019 3608 3943 3571 3879 3592 3599 3598 3572 3571 3518 3598 3357 3592 3196 3517"/></Shape>
	    <String CONTENT="עמי וכת&#39; וימטר עליהם כעפר שאר ˙"
                    HPOS="3185.0"
                    VPOS="3442.0"
                    WIDTH="1598.0"
                    HEIGHT="166.0"></String>
          </TextLine>

          
          
          <TextLine ID="eSc_line_1336649"
                    
                    BASELINE="3196 3646 4772 3646" 
                    HPOS="3190.0"
                    VPOS="3571.0"
                    WIDTH="1577.0"
                    HEIGHT="161.0">
            <Shape><Polygon POINTS="3190 3641 3249 3576 3599 3603 3954 3587 4013 3614 4094 3571 4229 3598 4724 3603 4767 3641 4734 3721 4627 3711 4557 3732 4094 3727 4040 3689 3949 3727 3771 3732 3610 3705 3475 3727 3427 3700 3260 3732 3201 3678"/></Shape>
	    <String CONTENT="כסותה כמשמעו ˙ עונתה זו דרך ארץ"
                    HPOS="3190.0"
                    VPOS="3571.0"
                    WIDTH="1577.0"
                    HEIGHT="161.0"></String>
          </TextLine>

          
          
          <TextLine ID="eSc_line_1336651"
                    
                    BASELINE="3212 3780 4810 3775" 
                    HPOS="3206.0"
                    VPOS="3700.0"
                    WIDTH="1598.0"
                    HEIGHT="150.0">
            <Shape><Polygon POINTS="3206 3775 3239 3721 3534 3721 3561 3700 3723 3727 4046 3711 4099 3732 4557 3732 4637 3711 4734 3721 4804 3770 4670 3850 4551 3823 4471 3850 3911 3850 3841 3829 3728 3850 3561 3813 3524 3840 3271 3850 3217 3807"/></Shape>
	    <String CONTENT="שנ&#39; וישכב אתה ויענה דברי ר&#39; יאשיה"
                    HPOS="3206.0"
                    VPOS="3700.0"
                    WIDTH="1598.0"
                    HEIGHT="150.0"></String>
          </TextLine>

          
          
          <TextLine ID="eSc_line_1336653"
                    
                    BASELINE="3228 3910 4761 3888" 
                    HPOS="3222.0"
                    VPOS="3823.0"
                    WIDTH="1534.0"
                    HEIGHT="167.0">
            <Shape><Polygon POINTS="3222 3904 3239 3840 3405 3856 3599 3834 3906 3856 4056 3834 4196 3856 4519 3834 4670 3850 4740 3823 4756 3883 4729 3953 4686 3931 4627 3963 4498 3974 4449 3931 4417 3963 4331 3947 4266 3974 4164 3953 3793 3974 3680 3947 3653 3969 3502 3969 3481 3990 3335 3947 3228 3985"/></Shape>
	    <String CONTENT="ר&#39; יונתן או&#39; שארה כסותה כסות שהיא"
                    HPOS="3222.0"
                    VPOS="3823.0"
                    WIDTH="1534.0"
                    HEIGHT="167.0"></String>
          </TextLine>

          
          
          <TextLine ID="eSc_line_1336655"
                    
                    BASELINE="3212 4017 4794 4017" 
                    HPOS="3206.0"
                    VPOS="3942.0"
                    WIDTH="1582.0"
                    HEIGHT="161.0">
            <Shape><Polygon POINTS="3206 4012 3335 3958 3459 3969 3486 3996 3508 3974 3680 3958 3739 3979 4277 3974 4422 3969 4449 3942 4492 3979 4734 3953 4788 4012 4707 4092 4498 4092 4449 4049 4406 4092 4245 4071 4196 4092 3847 4103 3739 4076 3572 4098 3427 4066 3395 4098 3341 4082 3271 4103 3217 4049"/></Shape>
	    <String CONTENT="נופלת לשארה אם היתה ילדה לא יתן"
                    HPOS="3206.0"
                    VPOS="3942.0"
                    WIDTH="1582.0"
                    HEIGHT="161.0"></String>
          </TextLine>

          
          
          <TextLine ID="eSc_line_1336657"
                    
                    BASELINE="3212 4146 4767 4130" 
                    HPOS="3206.0"
                    VPOS="4044.0"
                    WIDTH="1555.0"
                    HEIGHT="177.0">
            <Shape><Polygon POINTS="3206 4141 3303 4082 3389 4092 3421 4060 3459 4092 3561 4098 3712 4098 3755 4076 3841 4098 4169 4098 4239 4076 4401 4087 4444 4044 4498 4092 4734 4087 4761 4125 4745 4189 4707 4205 4600 4195 4519 4216 4444 4168 4411 4200 4358 4178 4239 4221 4067 4216 4046 4195 3997 4221 3760 4216 3723 4178 3631 4221 3524 4221 3475 4184 3443 4211 3276 4211 3212 4146"/></Shape>
	    <String CONTENT="לה של זקינה ואם היתה זקינה לא"
                    HPOS="3206.0"
                    VPOS="4044.0"
                    WIDTH="1555.0"
                    HEIGHT="177.0"></String>
          </TextLine>

          
          
          <TextLine ID="eSc_line_1336659"
                    
                    BASELINE="3228 4275 4794 4248" 
                    HPOS="3222.0"
                    VPOS="4173.0"
                    WIDTH="1566.0"
                    HEIGHT="194.0">
            <Shape><Polygon POINTS="3222 4270 3271 4211 3443 4216 3470 4189 3508 4221 3707 4205 3734 4232 3841 4211 4003 4221 4035 4195 4067 4216 4304 4205 4347 4227 4401 4216 4444 4173 4508 4211 4729 4200 4788 4243 4745 4302 4637 4340 4584 4318 4460 4345 4395 4313 4374 4334 4186 4318 4153 4345 3943 4345 3890 4324 3809 4351 3685 4345 3637 4302 3588 4340 3303 4329 3233 4367"/></Shape>
	    <String CONTENT="יתן של ילדה שלא יתן לה של ימות"
                    HPOS="3222.0"
                    VPOS="4173.0"
                    WIDTH="1566.0"
                    HEIGHT="194.0"></String>
          </TextLine>

          
          
          <TextLine ID="eSc_line_1336661"
                    
                    BASELINE="3276 4388 4767 4383" 
                    HPOS="3271.0"
                    VPOS="4302.0"
                    WIDTH="1490.0"
                    HEIGHT="172.0">
            <Shape><Polygon POINTS="3271 4383 3303 4329 3594 4340 3637 4302 3680 4340 3900 4329 4116 4351 4648 4340 4745 4308 4761 4377 4745 4453 4702 4464 4315 4474 4024 4469 3997 4442 3965 4464 3841 4458 3809 4426 3723 4458 3513 4458 3475 4426 3395 4420 3335 4447 3276 4394"/></Shape>
	    <String CONTENT="החמה בימות הגשמים ושל ימות"
                    HPOS="3271.0"
                    VPOS="4302.0"
                    WIDTH="1490.0"
                    HEIGHT="172.0"></String>
          </TextLine>

          
          
          <TextLine ID="eSc_line_1336662"
                    
                    BASELINE="3276 4512 4794 4507" 
                    HPOS="3271.0"
                    VPOS="4426.0"
                    WIDTH="1517.0"
                    HEIGHT="177.0">
            <Shape><Polygon POINTS="3271 4507 3335 4447 3411 4453 3448 4426 3518 4464 3712 4464 3809 4426 3847 4464 3949 4469 3986 4447 4024 4469 4293 4474 4756 4458 4788 4501 4772 4566 4664 4598 3970 4593 3938 4566 3841 4598 3760 4582 3561 4603 3524 4571 3314 4582 3276 4544"/></Shape>
	    <String CONTENT="הגשמים בימו&#39; החמ&#39; אלא נותן לה כל"
                    HPOS="3271.0"
                    VPOS="4426.0"
                    WIDTH="1517.0"
                    HEIGHT="177.0"></String>
          </TextLine>

          
          
          <TextLine ID="eSc_line_1336664"
                    
                    BASELINE="3298 4641 4815 4636" 
                    HPOS="3292.0"
                    VPOS="4582.0"
                    WIDTH="1518.0"
                    HEIGHT="145.0">
            <Shape><Polygon POINTS="3292 4636 3298 4582 3561 4603 3760 4587 3900 4625 3981 4593 4745 4587 4810 4630 4729 4716 4557 4700 4212 4727 4186 4700 4159 4727 4046 4727 3976 4722 3890 4652 3830 4711 3782 4722 3513 4722 3432 4679 3352 4711 3298 4700"/></Shape>
	    <String CONTENT="אחד ואחד בעונתה ˙ מזונותיה"
                    HPOS="3292.0"
                    VPOS="4582.0"
                    WIDTH="1518.0"
                    HEIGHT="145.0"></String>
          </TextLine>

          
          
          <TextLine ID="eSc_line_1336679"
                    
                    BASELINE="3239 4765 4804 4765" 
                    HPOS="3233.0"
                    VPOS="4689.0"
                    WIDTH="1566.0"
                    HEIGHT="167.0">
            <Shape><Polygon POINTS="3233 4759 3249 4689 3335 4722 3454 4706 3518 4727 3922 4706 3970 4727 4142 4722 4186 4754 4218 4727 4568 4706 4756 4716 4799 4759 4767 4829 4584 4856 4551 4824 4261 4851 4186 4829 3798 4840 3707 4818 3664 4840 3631 4818 3561 4840 3378 4840 3341 4818 3271 4851 3244 4824"/></Shape>
	    <String CONTENT="מנין אמרת קל וחומ&#39; ומה דברים שאינן"
                    HPOS="3233.0"
                    VPOS="4689.0"
                    WIDTH="1566.0"
                    HEIGHT="167.0"></String>
          </TextLine>

          
          
          <TextLine ID="eSc_line_1336673"
                    
                    BASELINE="3212 4899 4826 4883" 
                    HPOS="3206.0"
                    VPOS="4808.0"
                    WIDTH="1614.0"
                    HEIGHT="183.0">
            <Shape><Polygon POINTS="3206 4894 3222 4808 3260 4845 3341 4818 3459 4845 3739 4824 4261 4851 4379 4824 4546 4829 4578 4856 4756 4835 4820 4878 4745 4974 4686 4953 4444 4969 4379 4948 4239 4980 4029 4974 3976 4942 3900 4964 3760 4931 3728 4964 3647 4969 3475 4969 3432 4937 3303 4958 3271 4991 3217 4937"/></Shape>
	    <String CONTENT="קיום נפש אין את רשאי לימנע הימנה"
                    HPOS="3206.0"
                    VPOS="4808.0"
                    WIDTH="1614.0"
                    HEIGHT="183.0"></String>
          </TextLine>

          
          
          <TextLine ID="eSc_line_1336677"
                    
                    BASELINE="3255 5028 4810 5017" 
                    HPOS="3249.0"
                    VPOS="4937.0"
                    WIDTH="1555.0"
                    HEIGHT="161.0">
            <Shape><Polygon POINTS="3249 5023 3308 4958 3373 4964 3427 4937 3465 4964 3626 4969 4681 4958 4761 4969 4804 5012 4767 5082 4691 5093 4352 5093 4315 5071 4272 5087 4239 5055 4186 5082 4013 5098 3873 5066 3830 5098 3572 5077 3298 5087 3255 5044"/></Shape>
	    <String CONTENT="דברים שהן קיום נפש דין הוא שלא"
                    HPOS="3249.0"
                    VPOS="4937.0"
                    WIDTH="1555.0"
                    HEIGHT="161.0"></String>
          </TextLine>

          
          
          <TextLine ID="eSc_line_1336685"
                    
                    BASELINE="3249 5130 4810 5136" 
                    HPOS="3244.0"
                    VPOS="5077.0"
                    WIDTH="1560.0"
                    HEIGHT="139.0">
            <Shape><Polygon POINTS="3244 5125 3292 5093 3411 5087 4003 5104 4051 5077 4315 5077 4358 5098 4492 5077 4562 5098 4767 5082 4804 5130 4788 5190 4681 5216 4643 5190 4578 5216 4519 5190 4487 5211 4363 5195 4331 5216 4142 5190 4116 5211 4062 5190 4024 5216 3658 5190 3556 5216 3491 5190 3303 5216 3249 5190"/></Shape>
	    <String CONTENT="תהא רשאי למנוע הימנה ˙ דרך ארץ"
                    HPOS="3244.0"
                    VPOS="5077.0"
                    WIDTH="1560.0"
                    HEIGHT="139.0"></String>
          </TextLine>

          
        </TextBlock>
        
        <TextBlock HPOS="1312.0"
                   VPOS="1072.0"
                   WIDTH="1734.0"
                   HEIGHT="4175.0"
                   ID="eSc_textblock_12732"
                   TAGREFS="BT2">
          <Shape><Polygon POINTS="1312 1073 1387 5247 3046 5230 2921 1072"/></Shape>
          
          
          <TextLine ID="eSc_line_1336608"
                    
                    BASELINE="1398 1167 2916 1161" 
                    HPOS="1393.0"
                    VPOS="1075.0"
                    WIDTH="1517.0"
                    HEIGHT="156.0">
            <Shape><Polygon POINTS="1393 1161 1404 1075 1845 1075 1877 1102 1969 1075 2012 1102 2049 1075 2146 1102 2259 1102 2292 1081 2351 1102 2415 1075 2469 1102 2857 1091 2894 1102 2910 1156 2867 1231 2388 1231 2367 1210 2071 1210 1985 1231 1942 1210 1861 1210 1840 1231 1807 1210 1689 1210 1608 1231 1576 1210 1554 1231 1420 1231 1398 1210"/></Shape>
	    <String CONTENT="מנ&#39; אמרת קל וחו&#39; ומה אם דברים שלא"
                    HPOS="1393.0"
                    VPOS="1075.0"
                    WIDTH="1517.0"
                    HEIGHT="156.0"></String>
          </TextLine>

          
          
          <TextLine ID="eSc_line_1336610"
                    
                    BASELINE="1382 1306 2964 1306" 
                    HPOS="1377.0"
                    VPOS="1204.0"
                    WIDTH="1582.0"
                    HEIGHT="178.0">
            <Shape><Polygon POINTS="1377 1301 1420 1247 1458 1242 2033 1237 2082 1204 2119 1237 2453 1242 2501 1215 2528 1242 2808 1242 2959 1301 2867 1382 2125 1349 1872 1376 1667 1376 1619 1349 1576 1371 1436 1371 1388 1323"/></Shape>
	    <String CONTENT="נשאת עליהם מתחילה אין את רשאי"
                    HPOS="1377.0"
                    VPOS="1204.0"
                    WIDTH="1582.0"
                    HEIGHT="178.0"></String>
          </TextLine>

          
          
          <TextLine ID="eSc_line_1336612"
                    
                    BASELINE="1355 1425 2916 1425" 
                    HPOS="1350.0"
                    VPOS="1355.0"
                    WIDTH="1560.0"
                    HEIGHT="161.0">
            <Shape><Polygon POINTS="1350 1419 1420 1366 1635 1360 1678 1382 2119 1355 2609 1382 2840 1366 2910 1419 2894 1489 2787 1516 2684 1489 2394 1495 2324 1462 2184 1489 2136 1468 2076 1489 1963 1473 1926 1505 1818 1462 1721 1511 1673 1468 1646 1489 1409 1495 1361 1446"/></Shape>
	    <String CONTENT="למנוע הימנה ˙ דרך ארץ מנין אמרת"
                    HPOS="1350.0"
                    VPOS="1355.0"
                    WIDTH="1560.0"
                    HEIGHT="161.0"></String>
          </TextLine>

          
          
          <TextLine ID="eSc_line_1336614"
                    
                    BASELINE="1355 1543 2953 1543" 
                    HPOS="1350.0"
                    VPOS="1468.0"
                    WIDTH="1598.0"
                    HEIGHT="156.0">
            <Shape><Polygon POINTS="1350 1538 1468 1484 1678 1479 1727 1511 1813 1468 1915 1505 1958 1484 2324 1473 2394 1495 2679 1489 2781 1527 2808 1500 2889 1495 2948 1538 2867 1624 2787 1575 2749 1613 2539 1618 2426 1613 2394 1586 2329 1613 2189 1586 2109 1608 2076 1586 2023 1613 1624 1602 1398 1624 1361 1586"/></Shape>
	    <String CONTENT="קל וחו&#39; ומה אם דברים שלא נשאת"
                    HPOS="1350.0"
                    VPOS="1468.0"
                    WIDTH="1598.0"
                    HEIGHT="156.0"></String>
          </TextLine>

          
          
          <TextLine ID="eSc_line_1336616"
                    
                    BASELINE="1345 1672 2937 1672" 
                    HPOS="1339.0"
                    VPOS="1581.0"
                    WIDTH="1593.0"
                    HEIGHT="172.0">
            <Shape><Polygon POINTS="1339 1667 1431 1618 1624 1602 1662 1624 2071 1597 2335 1613 2388 1586 2415 1613 2744 1618 2781 1581 2932 1667 2840 1753 2776 1731 2577 1753 2415 1726 2308 1742 2281 1721 2222 1747 2109 1726 1985 1753 1915 1731 1813 1747 1764 1726 1727 1753 1684 1721 1651 1742 1485 1747 1382 1667 1350 1667"/></Shape>
	    <String CONTENT="עליהם מתחילה אין את רשאי למנוע"
                    HPOS="1339.0"
                    VPOS="1581.0"
                    WIDTH="1593.0"
                    HEIGHT="172.0"></String>
          </TextLine>

          
          
          <TextLine ID="eSc_line_1336617"
                    
                    BASELINE="1355 1801 2964 1801" 
                    HPOS="1350.0"
                    VPOS="1694.0"
                    WIDTH="1609.0"
                    HEIGHT="193.0">
            <Shape><Polygon POINTS="1350 1796 1361 1726 1393 1694 1441 1742 1495 1753 1737 1753 1764 1726 1823 1753 2442 1737 2582 1758 2776 1737 2883 1742 2959 1796 2873 1871 2636 1877 2598 1844 2442 1871 2399 1839 2362 1871 1867 1866 1813 1887 1754 1850 1694 1877 1436 1866 1361 1807"/></Shape>
	    <String CONTENT="הימנה ˙ דברים שנישאת עליהן מתחיל&#39;"
                    HPOS="1350.0"
                    VPOS="1694.0"
                    WIDTH="1609.0"
                    HEIGHT="193.0"></String>
          </TextLine>

          
          
          <TextLine ID="eSc_line_1336620"
                    
                    BASELINE="1377 1914 2964 1930" 
                    HPOS="1372.0"
                    VPOS="1834.0"
                    WIDTH="1587.0"
                    HEIGHT="166.0">
            <Shape><Polygon POINTS="1372 1909 1452 1860 1651 1877 1748 1844 1791 1882 2157 1877 2362 1866 2405 1834 2437 1871 2894 1866 2959 1925 2883 1984 2835 1973 2813 1995 2469 1995 2399 1973 2119 2000 2028 1973 1996 1995 1845 1995 1813 1963 1780 1984 1538 2000 1495 1968 1431 1984 1377 1930"/></Shape>
	    <String CONTENT="דין הוא שלא תהא רשאי למנוע [ה&#39;]"
                    HPOS="1372.0"
                    VPOS="1834.0"
                    WIDTH="1587.0"
                    HEIGHT="166.0"></String>
          </TextLine>

          
          
          <TextLine ID="eSc_line_1336621"
                    
                    BASELINE="1447 2033 2959 2043" 
                    HPOS="1441.0"
                    VPOS="1973.0"
                    WIDTH="1512.0"
                    HEIGHT="156.0">
            <Shape><Polygon POINTS="1441 2027 1468 1973 1538 2000 2249 2000 2448 1973 2469 1995 2894 1989 2953 2038 2867 2113 2652 2119 2577 2092 2544 2119 2464 2119 2415 2092 2378 2119 2249 2124 2184 2081 2146 2113 1963 2097 1893 2124 1840 2097 1667 2129 1619 2086 1560 2124 1447 2119"/></Shape>
	    <String CONTENT="הימנה ר&#39; או&#39; שארה זו דרך ארץ שנ&#39;"
                    HPOS="1441.0"
                    VPOS="1973.0"
                    WIDTH="1512.0"
                    HEIGHT="156.0"></String>
          </TextLine>

          
          
          <TextLine ID="eSc_line_1336623"
                    
                    BASELINE="1339 2178 2970 2162" 
                    HPOS="1334.0"
                    VPOS="2086.0"
                    WIDTH="1630.0"
                    HEIGHT="167.0">
            <Shape><Polygon POINTS="1334 2172 1393 2113 1592 2119 1624 2086 1667 2129 1840 2108 1915 2129 1953 2102 2146 2119 2195 2086 2238 2124 2388 2119 2421 2097 2480 2119 2835 2113 2964 2156 2867 2253 2781 2232 2706 2253 2668 2226 2631 2248 2464 2248 2431 2221 2394 2253 2179 2232 1603 2253 1431 2242 1345 2172"/></Shape>
	    <String CONTENT="איש איש את כל שאר בשרו וג&#39; שאר"
                    HPOS="1334.0"
                    VPOS="2086.0"
                    WIDTH="1630.0"
                    HEIGHT="167.0"></String>
          </TextLine>

          
          
          <TextLine ID="eSc_line_1336626"
                    
                    BASELINE="1382 2307 2964 2307" 
                    HPOS="1377.0"
                    VPOS="2237.0"
                    WIDTH="1582.0"
                    HEIGHT="156.0">
            <Shape><Polygon POINTS="1377 2301 1441 2248 2168 2237 2275 2258 2781 2242 2900 2258 2959 2301 2846 2387 2722 2387 2690 2361 2496 2393 2437 2355 2356 2387 2211 2382 2168 2350 2109 2382 2023 2355 1980 2387 1947 2366 1458 2382 1388 2312"/></Shape>
	    <String CONTENT="אביך הוא ˙ שאר אמך היא כסותה"
                    HPOS="1377.0"
                    VPOS="2237.0"
                    WIDTH="1582.0"
                    HEIGHT="156.0"></String>
          </TextLine>

          
          
          <TextLine ID="eSc_line_1336628"
                    
                    BASELINE="1404 2425 2964 2436" 
                    HPOS="1398.0"
                    VPOS="2350.0"
                    WIDTH="1561.0"
                    HEIGHT="167.0">
            <Shape><Polygon POINTS="1398 2420 1485 2366 1598 2387 1823 2366 1980 2382 2012 2350 2039 2377 2442 2382 2475 2404 2566 2371 2883 2377 2959 2431 2883 2506 2598 2495 2561 2517 2523 2517 2469 2463 2383 2517 2205 2511 2162 2463 2130 2495 1684 2511 1592 2479 1533 2511 1458 2511 1404 2463"/></Shape>
	    <String CONTENT="כמשמעו ˙ עונתה אילו מזונותיה שנ&#39;"
                    HPOS="1398.0"
                    VPOS="2350.0"
                    WIDTH="1561.0"
                    HEIGHT="167.0"></String>
          </TextLine>

          
          
          <TextLine ID="eSc_line_1336629"
                    
                    BASELINE="1382 2549 2959 2560" 
                    HPOS="1377.0"
                    VPOS="2468.0"
                    WIDTH="1576.0"
                    HEIGHT="172.0">
            <Shape><Polygon POINTS="1377 2543 1425 2506 2119 2500 2162 2468 2211 2517 2900 2506 2953 2554 2905 2613 2824 2603 2754 2640 2668 2613 2388 2640 2345 2613 2222 2640 2162 2619 1963 2630 1926 2608 1823 2630 1780 2603 1436 2635 1382 2581"/></Shape>
	    <String CONTENT="ויענך וירעיבך וג&#39; לא יגרע ר&#39; יאשיה"
                    HPOS="1377.0"
                    VPOS="2468.0"
                    WIDTH="1576.0"
                    HEIGHT="172.0"></String>
          </TextLine>

          
          
          <TextLine ID="eSc_line_1336631"
                    
                    BASELINE="1404 2678 2943 2667" 
                    HPOS="1398.0"
                    VPOS="2608.0"
                    WIDTH="1539.0"
                    HEIGHT="145.0">
            <Shape><Polygon POINTS="1398 2673 1479 2619 1581 2640 1721 2613 2076 2640 2162 2619 2464 2635 2528 2608 2561 2635 2674 2630 2749 2662 2830 2608 2910 2624 2937 2662 2889 2737 2787 2726 2695 2753 2227 2726 2130 2753 1775 2748 1754 2726 1716 2748 1614 2726 1452 2742 1404 2699"/></Shape>
	    <String CONTENT="או&#39; לפי שהוא או&#39; אם אחרת יקח לו [ש&#39;]"
                    HPOS="1398.0"
                    VPOS="2608.0"
                    WIDTH="1539.0"
                    HEIGHT="145.0"></String>
          </TextLine>

          
          
          <TextLine ID="eSc_line_1336633"
                    
                    BASELINE="1393 2796 2986 2791" 
                    HPOS="1388.0"
                    VPOS="2726.0"
                    WIDTH="1592.0"
                    HEIGHT="162.0">
            <Shape><Polygon POINTS="1388 2791 1398 2726 1700 2753 2905 2737 2980 2785 2867 2861 2614 2855 2539 2888 2485 2861 2082 2850 2044 2812 1985 2861 1942 2834 1893 2861 1710 2839 1619 2866 1565 2845 1393 2850"/></Shape>
	    <String CONTENT="שומע אני בבת ישר&#39; הכת&#39; מדבר או אינו"
                    HPOS="1388.0"
                    VPOS="2726.0"
                    WIDTH="1592.0"
                    HEIGHT="162.0"></String>
          </TextLine>

          
          
          <TextLine ID="eSc_line_1336635"
                    
                    BASELINE="1388 2909 2943 2904" 
                    HPOS="1382.0"
                    VPOS="2845.0"
                    WIDTH="1555.0"
                    HEIGHT="134.0">
            <Shape><Polygon POINTS="1382 2904 1468 2850 1624 2866 1694 2845 1926 2855 1947 2877 1985 2861 2017 2893 2130 2845 2480 2861 2534 2888 2582 2861 2889 2855 2937 2898 2900 2974 2674 2958 2620 2979 2033 2968 1980 2963 1942 2925 1888 2974 1823 2952 1743 2974 1700 2952 1624 2979 1490 2968 1388 2904"/></Shape>
	    <String CONTENT="מדבר אלא בעברית ת&#39;ל&#39; לא יגרע ממי"
                    HPOS="1382.0"
                    VPOS="2845.0"
                    WIDTH="1555.0"
                    HEIGHT="134.0"></String>
          </TextLine>

          
          
          <TextLine ID="eSc_line_1336674"
                    
                    BASELINE="1398 3022 2986 3028" 
                    HPOS="1393.0"
                    VPOS="2936.0"
                    WIDTH="1587.0"
                    HEIGHT="172.0">
            <Shape><Polygon POINTS="1393 3017 1452 2952 1495 2979 1775 2979 1813 2958 1872 2984 1942 2936 1980 2974 2060 2979 2921 2963 2980 3022 2900 3092 2787 3065 2727 3092 2614 3071 2577 3092 2464 3087 2421 3054 2367 3087 2189 3076 2162 3097 2017 3097 1872 3071 1614 3108 1565 3071 1485 3097 1398 3022"/></Shape>
	    <String CONTENT="גורעים ממי שכבר נתנו לו ˙ ר&#39; יונתן או&#39;"
                    HPOS="1393.0"
                    VPOS="2936.0"
                    WIDTH="1587.0"
                    HEIGHT="172.0"></String>
          </TextLine>

          
          
          <TextLine ID="eSc_line_1336637"
                    
                    BASELINE="1425 3146 3002 3146" 
                    HPOS="1420.0"
                    VPOS="3071.0"
                    WIDTH="1576.0"
                    HEIGHT="150.0">
            <Shape><Polygon POINTS="1420 3140 1441 3092 1544 3097 1571 3071 1608 3108 1893 3081 2378 3092 2426 3071 2469 3092 2588 3097 2620 3076 2738 3097 2792 3076 2996 3140 2916 3216 2760 3210 2738 3189 2701 3216 2582 3200 2421 3221 2367 3189 2318 3210 2157 3200 2033 3221 1727 3216 1700 3194 1587 3216 1560 3194 1452 3210 1431 3189"/></Shape>
	    <String CONTENT="בבת ישר&#39; הכת&#39; מדבר את&#39; או&#39; בבת ישר&#39; או"
                    HPOS="1420.0"
                    VPOS="3071.0"
                    WIDTH="1576.0"
                    HEIGHT="150.0"></String>
          </TextLine>

          
          
          <TextLine ID="eSc_line_1336675"
                    
                    BASELINE="1447 3259 2986 3259" 
                    HPOS="1441.0"
                    VPOS="3189.0"
                    WIDTH="1539.0"
                    HEIGHT="167.0">
            <Shape><Polygon POINTS="1441 3253 1485 3194 1598 3221 1694 3200 2039 3221 2318 3216 2362 3189 2410 3221 2738 3200 2905 3216 2980 3253 2905 3323 2824 3318 2787 3345 2410 3329 2292 3350 2189 3323 2146 3356 2066 3329 1974 3350 1619 3350 1581 3329 1495 3334 1452 3291"/></Shape>
	    <String CONTENT="אינו מדבר אלא בעברית כשהוא או&#39;"
                    HPOS="1441.0"
                    VPOS="3189.0"
                    WIDTH="1539.0"
                    HEIGHT="167.0"></String>
          </TextLine>

          
          
          <TextLine ID="eSc_line_1336669"
                    
                    BASELINE="1398 3404 2986 3399" 
                    HPOS="1393.0"
                    VPOS="3313.0"
                    WIDTH="1587.0"
                    HEIGHT="161.0">
            <Shape><Polygon POINTS="1393 3399 1458 3313 1522 3339 1942 3350 2146 3350 2189 3323 2222 3350 2900 3334 2980 3393 2905 3469 2695 3474 2507 3436 2475 3469 2039 3469 1958 3447 1856 3474 1813 3442 1705 3469 1662 3447 1506 3463 1404 3399"/></Shape>
	    <String CONTENT="כמשפט הבנות יע&#39; לה הרי עבריה אמור&#39;"
                    HPOS="1393.0"
                    VPOS="3313.0"
                    WIDTH="1587.0"
                    HEIGHT="161.0"></String>
          </TextLine>

          
          
          <TextLine ID="eSc_line_1336676"
                    
                    BASELINE="1377 3512 3002 3517" 
                    HPOS="1372.0"
                    VPOS="3436.0"
                    WIDTH="1624.0"
                    HEIGHT="162.0">
            <Shape><Polygon POINTS="1372 3506 1441 3436 1468 3463 1581 3474 1775 3474 1813 3447 1856 3479 2421 3458 2469 3463 2507 3501 2544 3501 2588 3458 2932 3463 2996 3512 2889 3587 2593 3565 2528 3592 2480 3565 2238 3592 2205 3560 2173 3592 2033 3598 1963 3560 1931 3592 1770 3576 1603 3598 1554 3549 1511 3592 1436 3598 1377 3560"/></Shape>
	    <String CONTENT="הא מה ת&#39;ל&#39; אם אחרת יקח לו בבת ישר&#39;"
                    HPOS="1372.0"
                    VPOS="3436.0"
                    WIDTH="1624.0"
                    HEIGHT="162.0"></String>
          </TextLine>

          
          
          <TextLine ID="eSc_line_1336639"
                    
                    BASELINE="1458 3646 2964 3651" 
                    HPOS="1452.0"
                    VPOS="3555.0"
                    WIDTH="1507.0"
                    HEIGHT="177.0">
            <Shape><Polygon POINTS="1452 3641 1554 3555 1603 3603 1936 3592 1963 3565 2028 3598 2179 3592 2205 3565 2232 3592 2491 3576 2539 3598 2609 3565 2932 3592 2959 3646 2943 3694 2889 3716 2518 3694 2442 3721 2119 3721 2093 3694 2012 3727 1786 3721 1764 3700 1689 3727 1630 3694 1538 3732 1458 3668"/></Shape>
	    <String CONTENT="הכת&#39; מדב&#39; ˙ אם שלש אלה וג&#39; יעד לך"
                    HPOS="1452.0"
                    VPOS="3555.0"
                    WIDTH="1507.0"
                    HEIGHT="177.0"></String>
          </TextLine>

          
          
          <TextLine ID="eSc_line_1336681"
                    
                    BASELINE="1420 3780 3007 3780" 
                    HPOS="1415.0"
                    VPOS="3700.0"
                    WIDTH="1587.0"
                    HEIGHT="156.0">
            <Shape><Polygon POINTS="1415 3775 1474 3711 1544 3732 1662 3705 1694 3727 2200 3711 2458 3732 2512 3711 2722 3721 2749 3700 2792 3727 2926 3721 3002 3775 2878 3850 2647 3850 2609 3829 2431 3856 2345 3834 2044 3850 1980 3845 1953 3818 1813 3850 1646 3850 1614 3823 1485 3845 1425 3786"/></Shape>
	    <String CONTENT="או לבנך או פדה אתה או&#39; יעד לך או"
                    HPOS="1415.0"
                    VPOS="3700.0"
                    WIDTH="1587.0"
                    HEIGHT="156.0"></String>
          </TextLine>

          
          
          <TextLine ID="eSc_line_1336672"
                    
                    BASELINE="1441 3893 2986 3893" 
                    HPOS="1436.0"
                    VPOS="3818.0"
                    WIDTH="1544.0"
                    HEIGHT="151.0">
            <Shape><Polygon POINTS="1436 3888 1495 3845 1818 3850 1947 3818 1974 3845 2071 3856 2910 3834 2980 3888 2932 3958 2878 3969 2335 3963 2297 3926 2238 3969 2114 3969 2076 3936 1883 3969 1522 3963 1447 3899"/></Shape>
	    <String CONTENT="לבנך או פדה או אינו אלא שארה"
                    HPOS="1436.0"
                    VPOS="3818.0"
                    WIDTH="1544.0"
                    HEIGHT="151.0"></String>
          </TextLine>

          
          
          <TextLine ID="eSc_line_1336670"
                    
                    BASELINE="1420 4017 3029 4017" 
                    HPOS="1415.0"
                    VPOS="3926.0"
                    WIDTH="1608.0"
                    HEIGHT="172.0">
            <Shape><Polygon POINTS="1415 4012 1495 3958 2243 3969 2292 3926 2340 3969 2932 3963 2975 4006 3023 4012 2932 4087 2480 4087 2405 4082 2362 4049 2222 4087 1721 4087 1673 4044 1619 4087 1549 4098 1425 4012"/></Shape>
	    <String CONTENT="כסותה ועונתה לא יגרע אמרת אין"
                    HPOS="1415.0"
                    VPOS="3926.0"
                    WIDTH="1608.0"
                    HEIGHT="172.0"></String>
          </TextLine>

          
          
          <TextLine ID="eSc_line_1336671"
                    
                    BASELINE="1425 4141 2991 4135" 
                    HPOS="1420.0"
                    VPOS="4044.0"
                    WIDTH="1566.0"
                    HEIGHT="172.0">
            <Shape><Polygon POINTS="1420 4135 1495 4076 1592 4087 1662 4044 1710 4082 1963 4087 2254 4087 2356 4049 2388 4082 2937 4092 2986 4130 2932 4205 2835 4216 2792 4173 2722 4205 2625 4205 2550 4168 2475 4205 1775 4205 1748 4178 1710 4205 1490 4205 1425 4146"/></Shape>
	    <String CONTENT="דבר אמור אלא בעבריה ומה ת&#39;ל&#39; אם"
                    HPOS="1420.0"
                    VPOS="4044.0"
                    WIDTH="1566.0"
                    HEIGHT="172.0"></String>
          </TextLine>

          
          
          <TextLine ID="eSc_line_1336638"
                    
                    BASELINE="1468 4259 3023 4259" 
                    HPOS="1463.0"
                    VPOS="4168.0"
                    WIDTH="1555.0"
                    HEIGHT="172.0">
            <Shape><Polygon POINTS="1463 4254 1479 4205 1705 4216 1743 4184 1786 4216 2421 4195 2475 4211 2539 4168 2636 4211 2738 4205 2797 4173 2840 4216 2948 4211 3018 4254 2905 4340 1474 4329"/></Shape>
	    <String CONTENT="שלש אלה וג&#39; חנם מן הכסף ולא חנם"
                    HPOS="1463.0"
                    VPOS="4168.0"
                    WIDTH="1555.0"
                    HEIGHT="172.0"></String>
          </TextLine>

          
          
          <TextLine ID="eSc_line_1336678"
                    
                    BASELINE="1420 4377 3029 4394" 
                    HPOS="1415.0"
                    VPOS="4324.0"
                    WIDTH="1608.0"
                    HEIGHT="140.0">
            <Shape><Polygon POINTS="1415 4372 1452 4324 2480 4324 2582 4367 2614 4340 2803 4324 2937 4329 3023 4388 2943 4458 2878 4464 2690 4464 2636 4442 2528 4458 2485 4426 2448 4453 1953 4458 1877 4453 1840 4415 1797 4447 1420 4447"/></Shape>
	    <String CONTENT="מן הגט ˙ ויצאה חנם בבגדה אין כסף"
                    HPOS="1415.0"
                    VPOS="4324.0"
                    WIDTH="1608.0"
                    HEIGHT="140.0"></String>
          </TextLine>

          
          
          <TextLine ID="eSc_line_1336667"
                    
                    BASELINE="1495 4496 2996 4507" 
                    HPOS="1490.0"
                    VPOS="4415.0"
                    WIDTH="1501.0"
                    HEIGHT="178.0">
            <Shape><Polygon POINTS="1490 4490 1517 4442 1802 4453 1840 4415 1877 4453 2926 4458 2991 4501 2975 4571 2937 4587 2765 4587 2706 4555 2534 4587 2453 4582 2421 4555 2308 4582 2216 4555 2152 4593 2114 4566 1495 4576"/></Shape>
	    <String CONTENT="בנעורים שהיה בדין הואיל ויוצא"
                    HPOS="1490.0"
                    VPOS="4415.0"
                    WIDTH="1501.0"
                    HEIGHT="178.0"></String>
          </TextLine>

          
          
          <TextLine ID="eSc_line_1336684"
                    
                    BASELINE="1425 4636 3007 4636" 
                    HPOS="1420.0"
                    VPOS="4555.0"
                    WIDTH="1582.0"
                    HEIGHT="161.0">
            <Shape><Polygon POINTS="1420 4630 1495 4582 2119 4576 2162 4598 2222 4571 2372 4587 2410 4555 2458 4587 2991 4576 3002 4630 2959 4711 2701 4695 2668 4716 2577 4684 2485 4716 2383 4679 2351 4711 1936 4711 1893 4689 1770 4716 1641 4695 1495 4706 1431 4641"/></Shape>
	    <String CONTENT="בימי נעורים לא תצא בימי בגרות [ש&#39;/]"
                    HPOS="1420.0"
                    VPOS="4555.0"
                    WIDTH="1582.0"
                    HEIGHT="161.0"></String>
          </TextLine>

          
          
          <TextLine ID="eSc_line_1336665"
                    
                    BASELINE="1501 4749 2986 4743" 
                    HPOS="1495.0"
                    VPOS="4684.0"
                    WIDTH="1485.0"
                    HEIGHT="145.0">
            <Shape><Polygon POINTS="1495 4743 1501 4700 2324 4716 2372 4684 2405 4711 2480 4716 2550 4689 2647 4722 2695 4695 2959 4711 2980 4738 2964 4797 2921 4829 2012 4829 1877 4797 1823 4824 1501 4818"/></Shape>
	    <String CONTENT="שאילו נא&#39; אלא אחת הייתי או&#39; הן"
                    HPOS="1495.0"
                    VPOS="4684.0"
                    WIDTH="1485.0"
                    HEIGHT="145.0"></String>
          </TextLine>

          
          
          <TextLine ID="eSc_line_1336666"
                    
                    BASELINE="1468 4872 3029 4894" 
                    HPOS="1463.0"
                    VPOS="4797.0"
                    WIDTH="1560.0"
                    HEIGHT="177.0">
            <Shape><Polygon POINTS="1463 4867 1517 4835 1829 4824 1856 4797 1899 4829 2028 4840 2125 4813 2249 4813 2275 4835 2846 4835 3007 4802 3023 4888 2932 4953 2410 4948 2367 4969 2238 4942 2168 4974 2136 4948 1936 4958 1797 4931 1651 4964 1517 4958 1468 4915"/></Shape>
	    <String CONTENT="ימי בגרות והדין נותן הואיל ויוצא"
                    HPOS="1463.0"
                    VPOS="4797.0"
                    WIDTH="1560.0"
                    HEIGHT="177.0"></String>
          </TextLine>

          
          
          <TextLine ID="eSc_line_1336668"
                    
                    BASELINE="1409 5017 2975 5001" 
                    HPOS="1404.0"
                    VPOS="4948.0"
                    WIDTH="1566.0"
                    HEIGHT="145.0">
            <Shape><Polygon POINTS="1404 5012 1452 4948 2136 4953 2168 4980 2227 4953 2383 4969 2953 4948 2970 4996 2959 5077 2851 5055 2717 5082 2017 5071 1619 5093 1458 5087 1415 5044"/></Shape>
	    <String CONTENT="מרשות האב ויוצא מרשות אדון מה"
                    HPOS="1404.0"
                    VPOS="4948.0"
                    WIDTH="1566.0"
                    HEIGHT="145.0"></String>
          </TextLine>

          
          
          <TextLine ID="eSc_line_1336683"
                    
                    BASELINE="1420 5136 3034 5136" 
                    HPOS="1415.0"
                    VPOS="5077.0"
                    WIDTH="1614.0"
                    HEIGHT="139.0">
            <Shape><Polygon POINTS="1415 5130 1425 5104 1549 5082 1619 5104 1716 5082 1737 5104 1904 5104 1942 5077 2093 5098 2162 5082 2205 5104 2900 5077 3018 5104 3029 5130 3018 5184 2878 5184 2787 5216 2706 5190 2663 5211 2620 5190 2561 5190 2534 5216 2351 5190 2184 5216 2146 5184 2087 5216 1996 5190 1915 5216 1678 5216 1603 5195 1549 5216 1425 5184"/></Shape>
	    <String CONTENT="יוצא מרשות האב שנישתנית ממה"
                    HPOS="1415.0"
                    VPOS="5077.0"
                    WIDTH="1614.0"
                    HEIGHT="139.0"></String>
          </TextLine>

          
        </TextBlock>
        
        <TextBlock HPOS="847.0"
                   VPOS="599.0"
                   WIDTH="299.0"
                   HEIGHT="174.0"
                   ID="eSc_textblock_12731"
                   TAGREFS="BT219">
          <Shape><Polygon POINTS="847 599 847 773 1146 773 1146 599"/></Shape>
          
          
          <TextLine ID="eSc_line_1336680"
                    
                    BASELINE="860 683 1135 672" 
                    HPOS="855.0"
                    VPOS="602.0"
                    WIDTH="274.0"
                    HEIGHT="156.0">
            <Shape><Polygon POINTS="855 677 871 607 930 634 990 602 1113 629 1129 666 1119 758 984 736 866 758"/></Shape>
	    <String CONTENT="מכילת&#39;"
                    HPOS="855.0"
                    VPOS="602.0"
                    WIDTH="274.0"
                    HEIGHT="156.0"></String>
          </TextLine>

          
        </TextBlock>
        

        
      </PrintSpace>
    </Page>
  </Layout>
</alto>
