<?xml version="1.0" encoding="UTF-8"?>
<alto xmlns:xsi="http://www.w3.org/2001/XMLSchema-instance"
      xmlns="http://www.loc.gov/standards/alto/ns-v4#"
      xsi:schemaLocation="http://www.loc.gov/standards/alto/ns-v4# http://www.loc.gov/standards/alto/v4/alto-4-2.xsd">
  <Description>
    <MeasurementUnit>pixel</MeasurementUnit>
    <sourceImageInformation>
      <fileName>oulis2017-aya-0343-0.jpg</fileName>
      
    </sourceImageInformation>
  </Description>
  
  <Tags>
    <OtherTag ID="BT1164" LABEL="Hole" DESCRIPTION="block type Hole"/><OtherTag ID="BT2" LABEL="Main" DESCRIPTION="block type Main"/><OtherTag ID="BT3" LABEL="Commentary" DESCRIPTION="block type Commentary"/><OtherTag ID="BT4" LABEL="Illustration" DESCRIPTION="block type Illustration"/><OtherTag ID="BT218" LABEL="Margin" DESCRIPTION="block type Margin"/><OtherTag ID="BT219" LABEL="Paratext" DESCRIPTION="block type Paratext"/>
    <OtherTag ID="LT2" LABEL="Numbering" DESCRIPTION="line type Numbering"/><OtherTag ID="LT3" LABEL="Correction" DESCRIPTION="line type Correction"/><OtherTag ID="LT481" LABEL="Gloss" DESCRIPTION="line type Gloss"/>
  </Tags>
  
  <Layout>
    <Page WIDTH="5402"
          HEIGHT="6454"
          PHYSICAL_IMG_NR="330"
          ID="eSc_dummypage_">
      <PrintSpace HPOS="0"
                  VPOS="0"
                  WIDTH="5402"
                  HEIGHT="6454">
        
        <TextBlock HPOS="3253.0"
                   VPOS="1071.0"
                   WIDTH="1494.0"
                   HEIGHT="1944.0"
                   ID="eSc_textblock_12925"
                   TAGREFS="BT2">
          <Shape><Polygon POINTS="3253 1071 3605 2232 3844 3015 4203 3015 4442 2331 4747 1078"/></Shape>
          
          
          <TextLine ID="eSc_line_1340366"
                    
                    BASELINE="3163 1172 4724 1167" 
                    HPOS="3158.0"
                    VPOS="1086.0"
                    WIDTH="1560.0"
                    HEIGHT="161.0">
            <Shape><Polygon POINTS="3158 1167 3163 1118 3475 1113 3508 1086 3588 1118 3637 1086 3723 1118 3803 1118 3847 1086 3884 1113 4051 1086 4089 1118 4288 1113 4336 1086 4385 1113 4481 1086 4670 1086 4718 1161 4675 1220 4476 1215 4428 1237 4374 1210 4164 1231 4029 1210 3981 1247 3949 1215 3793 1215 3744 1247 3631 1247 3604 1220 3529 1215 3411 1247 3163 1247"/></Shape>
	    <String CONTENT="שנתערב בפסולין שאינן כשרים"
                    HPOS="3158.0"
                    VPOS="1086.0"
                    WIDTH="1560.0"
                    HEIGHT="161.0"></String>
          </TextLine>

          
          
          <TextLine ID="eSc_line_1340368"
                    
                    BASELINE="4293 1263 4750 1285" 
                    HPOS="4288.0"
                    VPOS="1210.0"
                    WIDTH="457.0"
                    HEIGHT="188.0">
            <Shape><Polygon POINTS="4288 1258 4299 1237 4417 1253 4654 1210 4745 1280 4724 1398 4632 1339 4449 1355 4293 1333"/></Shape>
	    <String CONTENT="לקרב"
                    HPOS="4288.0"
                    VPOS="1210.0"
                    WIDTH="457.0"
                    HEIGHT="188.0"></String>
          </TextLine>

          
          
          <TextLine ID="eSc_line_1340370"
                    
                    BASELINE="3400 1414 4707 1403" 
                    HPOS="3395.0"
                    VPOS="1290.0"
                    WIDTH="1307.0"
                    HEIGHT="258.0">
            <Shape><Polygon POINTS="3395 1409 3400 1371 3448 1344 4142 1344 4202 1290 4250 1333 4637 1349 4702 1398 4691 1522 4654 1548 4578 1473 4282 1473 4218 1452 3981 1484 3508 1473 3405 1538"/></Shape>
	    <String CONTENT="מנין אפילו נתערב בחטאות"
                    HPOS="3395.0"
                    VPOS="1290.0"
                    WIDTH="1307.0"
                    HEIGHT="258.0"></String>
          </TextLine>

          
          
          <TextLine ID="eSc_line_1340372"
                    
                    BASELINE="3465 1538 4616 1543" 
                    HPOS="3459.0"
                    VPOS="1452.0"
                    WIDTH="1152.0"
                    HEIGHT="166.0">
            <Shape><Polygon POINTS="3459 1532 3486 1484 4003 1484 4207 1452 4266 1473 4535 1468 4584 1484 4611 1538 4594 1581 4519 1608 4449 1602 4422 1575 4363 1608 3863 1618 3830 1591 3712 1613 3664 1575 3534 1618 3491 1581 3465 1597"/></Shape>
	    <String CONTENT="החיצונות אוציא את"
                    HPOS="3459.0"
                    VPOS="1452.0"
                    WIDTH="1152.0"
                    HEIGHT="166.0"></String>
          </TextLine>

          
          
          <TextLine ID="eSc_line_1340375"
                    
                    BASELINE="3427 1672 4594 1672" 
                    HPOS="3421.0"
                    VPOS="1586.0"
                    WIDTH="1168.0"
                    HEIGHT="204.0">
            <Shape><Polygon POINTS="3421 1667 3497 1586 3534 1618 3637 1591 3712 1613 4132 1624 4433 1597 4471 1618 4551 1613 4589 1667 4568 1737 4481 1747 4261 1747 4229 1715 4180 1747 4126 1721 4073 1742 3933 1737 3911 1715 3847 1742 3717 1742 3604 1715 3578 1742 3551 1731 3491 1790 3432 1790"/></Shape>
	    <String CONTENT="שנתערב בחטאות החיצ&#39;"
                    HPOS="3421.0"
                    VPOS="1586.0"
                    WIDTH="1168.0"
                    HEIGHT="204.0"></String>
          </TextLine>

          
          
          <TextLine ID="eSc_line_1340376"
                    
                    BASELINE="3578 1790 4514 1796" 
                    HPOS="3572.0"
                    VPOS="1710.0"
                    WIDTH="936.0"
                    HEIGHT="177.0">
            <Shape><Polygon POINTS="3572 1785 3604 1715 3728 1747 3890 1721 4078 1737 4121 1715 4175 1747 4223 1710 4261 1747 4492 1742 4508 1790 4492 1866 4449 1887 4379 1839 4325 1877 3863 1882 3782 1850 3750 1877 3691 1877 3658 1850 3578 1887"/></Shape>
	    <String CONTENT="שאלו למעלן ואלו"
                    HPOS="3572.0"
                    VPOS="1710.0"
                    WIDTH="936.0"
                    HEIGHT="177.0"></String>
          </TextLine>

          
          
          <TextLine ID="eSc_line_1340378"
                    
                    BASELINE="3599 1930 4471 1925" 
                    HPOS="3594.0"
                    VPOS="1844.0"
                    WIDTH="871.0"
                    HEIGHT="156.0">
            <Shape><Polygon POINTS="3594 1925 3599 1877 3658 1844 3691 1871 4132 1882 4331 1882 4374 1844 4465 1920 4406 2000 3680 2000 3599 1979"/></Shape>
	    <String CONTENT="למטן מנין אפילו"
                    HPOS="3594.0"
                    VPOS="1844.0"
                    WIDTH="871.0"
                    HEIGHT="156.0"></String>
          </TextLine>

          
          
          <TextLine ID="eSc_line_1340380"
                    
                    BASELINE="3588 2059 4460 2054" 
                    HPOS="3583.0"
                    VPOS="1979.0"
                    WIDTH="872.0"
                    HEIGHT="193.0">
            <Shape><Polygon POINTS="3583 2054 3642 1989 4159 1989 4212 2011 4406 2006 4433 1979 4455 2049 4428 2167 4352 2124 3787 2119 3723 2097 3594 2172"/></Shape>
	    <String CONTENT="נתערב בחטאות"
                    HPOS="3583.0"
                    VPOS="1979.0"
                    WIDTH="872.0"
                    HEIGHT="193.0"></String>
          </TextLine>

          
          
          <TextLine ID="eSc_line_1340382"
                    
                    BASELINE="3642 2167 4385 2178" 
                    HPOS="3637.0"
                    VPOS="2108.0"
                    WIDTH="742.0"
                    HEIGHT="167.0">
            <Shape><Polygon POINTS="3637 2162 3712 2108 4180 2113 4363 2124 4379 2172 4363 2275 4320 2232 3879 2237 3766 2215 3642 2275"/></Shape>
	    <String CONTENT="הפנימיות [או&#39;/]"
                    HPOS="3637.0"
                    VPOS="2108.0"
                    WIDTH="742.0"
                    HEIGHT="167.0"></String>
          </TextLine>

          
          
          <TextLine ID="eSc_line_1340384"
                    
                    BASELINE="3685 2285 4342 2285" 
                    HPOS="3680.0"
                    VPOS="2215.0"
                    WIDTH="656.0"
                    HEIGHT="205.0">
            <Shape><Polygon POINTS="3680 2280 3766 2215 3927 2248 4299 2237 4325 2242 4336 2280 4325 2328 4282 2355 4159 2334 4137 2355 3836 2361 3782 2339 3691 2420"/></Shape>
	    <String CONTENT="אוציא את"
                    HPOS="3680.0"
                    VPOS="2215.0"
                    WIDTH="656.0"
                    HEIGHT="205.0"></String>
          </TextLine>

          
          
          <TextLine ID="eSc_line_1340386"
                    
                    BASELINE="3701 2404 4309 2398" 
                    HPOS="3696.0"
                    VPOS="2334.0"
                    WIDTH="608.0"
                    HEIGHT="193.0">
            <Shape><Polygon POINTS="3696 2398 3777 2339 3997 2361 4137 2355 4159 2334 4191 2355 4288 2350 4304 2393 4293 2511 4239 2479 3970 2468 3787 2484 3744 2527 3707 2500"/></Shape>
	    <String CONTENT="שנתערב"
                    HPOS="3696.0"
                    VPOS="2334.0"
                    WIDTH="608.0"
                    HEIGHT="193.0"></String>
          </TextLine>

          
          
          <TextLine ID="eSc_line_1340388"
                    
                    BASELINE="3798 2527 4239 2533" 
                    HPOS="3793.0"
                    VPOS="2468.0"
                    WIDTH="441.0"
                    HEIGHT="145.0">
            <Shape><Polygon POINTS="3793 2522 3798 2490 4056 2468 4218 2474 4234 2527 4202 2613 4035 2586 3798 2613"/></Shape>
	    <String CONTENT="בחטאות"
                    HPOS="3793.0"
                    VPOS="2468.0"
                    WIDTH="441.0"
                    HEIGHT="145.0"></String>
          </TextLine>

          
          
          <TextLine ID="eSc_line_1340389"
                    
                    BASELINE="3755 2667 4255 2678" 
                    HPOS="3750.0"
                    VPOS="2592.0"
                    WIDTH="500.0"
                    HEIGHT="220.0">
            <Shape><Polygon POINTS="3750 2662 3803 2619 3933 2592 4105 2613 4169 2597 4250 2673 4234 2769 4196 2780 4142 2732 4029 2753 3895 2716 3793 2812 3755 2785"/></Shape>
	    <String CONTENT="הפנימיות"
                    HPOS="3750.0"
                    VPOS="2592.0"
                    WIDTH="500.0"
                    HEIGHT="220.0"></String>
          </TextLine>

          
          
          <TextLine ID="eSc_line_1340390"
                    
                    BASELINE="3830 2796 4229 2796" 
                    HPOS="3825.0"
                    VPOS="2721.0"
                    WIDTH="398.0"
                    HEIGHT="199.0">
            <Shape><Polygon POINTS="3825 2791 3900 2721 4024 2753 4148 2742 4223 2791 4212 2915 4186 2920 4110 2866 3884 2850 3836 2807"/></Shape>
	    <String CONTENT="שאלו"
                    HPOS="3825.0"
                    VPOS="2721.0"
                    WIDTH="398.0"
                    HEIGHT="199.0"></String>
          </TextLine>

          
          
          <TextLine ID="eSc_line_1340391"
                    
                    BASELINE="3830 2904 4191 2915" 
                    HPOS="3825.0"
                    VPOS="2839.0"
                    WIDTH="361.0"
                    HEIGHT="140.0">
            <Shape><Polygon POINTS="3825 2898 3836 2839 3992 2839 4040 2877 4175 2877 4186 2909 4169 2952 4078 2979 3911 2974 3884 2947 3830 2947"/></Shape>
	    <String CONTENT="מבפני&#39;"
                    HPOS="3825.0"
                    VPOS="2839.0"
                    WIDTH="361.0"
                    HEIGHT="140.0"></String>
          </TextLine>

          
        </TextBlock>
        
        <TextBlock HPOS="1474.0"
                   VPOS="1096.0"
                   WIDTH="1521.0"
                   HEIGHT="2039.0"
                   ID="eSc_textblock_12924"
                   TAGREFS="BT2">
          <Shape><Polygon POINTS="1474 1096 1839 2372 2118 3135 2377 3135 2636 2292 2995 1103 2624 1101"/></Shape>
          
          
          <TextLine ID="eSc_line_1340367"
                    
                    BASELINE="1511 1172 2970 1172" 
                    HPOS="1506.0"
                    VPOS="1102.0"
                    WIDTH="1458.0"
                    HEIGHT="151.0">
            <Shape><Polygon POINTS="1506 1167 1517 1118 1592 1102 2910 1102 2953 1113 2964 1167 2953 1226 2883 1226 2857 1253 2792 1226 2706 1226 2674 1253 2566 1253 2518 1226 2464 1253 2399 1253 2372 1226 2238 1231 2216 1253 1899 1253 1840 1226 1754 1253 1684 1231 1619 1253 1587 1226 1517 1226"/></Shape>
	    <String CONTENT="ואלו מבחוץ ומנין אפילו נתערב"
                    HPOS="1506.0"
                    VPOS="1102.0"
                    WIDTH="1458.0"
                    HEIGHT="151.0"></String>
          </TextLine>

          
          
          <TextLine ID="eSc_line_1340369"
                    
                    BASELINE="1560 1290 2953 1301" 
                    HPOS="1554.0"
                    VPOS="1231.0"
                    WIDTH="1394.0"
                    HEIGHT="183.0">
            <Shape><Polygon POINTS="1554 1285 1592 1237 2636 1253 2776 1231 2889 1242 2948 1296 2932 1392 2900 1414 2846 1366 2684 1344 2458 1376 2238 1344 2071 1371 1807 1371 1764 1349 1598 1376 1560 1344"/></Shape>
	    <String CONTENT="בבכור ובמעשר ובפסח אוציא"
                    HPOS="1554.0"
                    VPOS="1231.0"
                    WIDTH="1394.0"
                    HEIGHT="183.0"></String>
          </TextLine>

          
          
          <TextLine ID="eSc_line_1340371"
                    
                    BASELINE="1571 1419 2873 1425" 
                    HPOS="1565.0"
                    VPOS="1349.0"
                    WIDTH="1302.0"
                    HEIGHT="178.0">
            <Shape><Polygon POINTS="1565 1414 1635 1371 1759 1355 2076 1376 2238 1349 2442 1376 2722 1349 2851 1371 2867 1419 2851 1527 2749 1484 2582 1489 2550 1468 2496 1495 2232 1479 2179 1500 2044 1473 1996 1500 1829 1500 1700 1462 1646 1505 1571 1446"/></Shape>
	    <String CONTENT="שנתערב ובמעשר ובפסח"
                    HPOS="1565.0"
                    VPOS="1349.0"
                    WIDTH="1302.0"
                    HEIGHT="178.0"></String>
          </TextLine>

          
          
          <TextLine ID="eSc_line_1340373"
                    
                    BASELINE="1624 1554 2835 1543" 
                    HPOS="1619.0"
                    VPOS="1457.0"
                    WIDTH="1211.0"
                    HEIGHT="199.0">
            <Shape><Polygon POINTS="1619 1548 1705 1457 1764 1489 1910 1500 2561 1479 2582 1500 2749 1495 2830 1538 2808 1656 2765 1624 2544 1624 2518 1602 2340 1624 2141 1608 2023 1635 1813 1613 1754 1581 1684 1645 1630 1613"/></Shape>
	    <String CONTENT="שאלו מתן ארבע ואלו"
                    HPOS="1619.0"
                    VPOS="1457.0"
                    WIDTH="1211.0"
                    HEIGHT="199.0"></String>
          </TextLine>

          
          
          <TextLine ID="eSc_line_1340374"
                    
                    BASELINE="1678 1667 2792 1688" 
                    HPOS="1673.0"
                    VPOS="1586.0"
                    WIDTH="1114.0"
                    HEIGHT="178.0">
            <Shape><Polygon POINTS="1673 1661 1764 1586 1807 1624 1947 1613 2012 1635 2136 1602 2243 1629 2701 1613 2760 1629 2787 1683 2733 1747 2598 1764 2550 1742 2329 1737 2232 1758 2173 1731 2119 1764 2076 1737 2006 1758 1872 1737 1743 1753 1678 1699"/></Shape>
	    <String CONTENT="מתן אחד מנין אפילו"
                    HPOS="1673.0"
                    VPOS="1586.0"
                    WIDTH="1114.0"
                    HEIGHT="178.0"></String>
          </TextLine>

          
          
          <TextLine ID="eSc_line_1340377"
                    
                    BASELINE="1678 1823 2787 1812" 
                    HPOS="1673.0"
                    VPOS="1742.0"
                    WIDTH="1108.0"
                    HEIGHT="188.0">
            <Shape><Polygon POINTS="1673 1817 1737 1753 2125 1769 2162 1742 2216 1764 2690 1753 2744 1807 2781 1807 2765 1914 2733 1930 2636 1882 2475 1871 1791 1871 1737 1898 1678 1893"/></Shape>
	    <String CONTENT="נתערב בשלמים ובתודה"
                    HPOS="1673.0"
                    VPOS="1742.0"
                    WIDTH="1108.0"
                    HEIGHT="188.0"></String>
          </TextLine>

          
          
          <TextLine ID="eSc_line_1340379"
                    
                    BASELINE="1748 1941 2749 1936" 
                    HPOS="1743.0"
                    VPOS="1866.0"
                    WIDTH="1001.0"
                    HEIGHT="183.0">
            <Shape><Polygon POINTS="1743 1936 1780 1877 2205 1866 2238 1887 2631 1882 2701 1930 2744 1930 2652 2000 2598 2011 2539 2011 2512 1984 2480 2011 2431 2011 2405 1984 2335 2011 2232 1989 2001 1995 1850 2006 1786 2049 1754 2043"/></Shape>
	    <String CONTENT="אוציא את שנתערב"
                    HPOS="1743.0"
                    VPOS="1866.0"
                    WIDTH="1001.0"
                    HEIGHT="183.0"></String>
          </TextLine>

          
          
          <TextLine ID="eSc_line_1340381"
                    
                    BASELINE="1861 2054 2641 2054" 
                    HPOS="1856.0"
                    VPOS="1984.0"
                    WIDTH="780.0"
                    HEIGHT="178.0">
            <Shape><Polygon POINTS="1856 2049 1867 2011 2345 2011 2394 1984 2431 2011 2518 1989 2625 2011 2636 2049 2625 2162 2544 2124 2345 2129 2313 2097 2259 2135 1867 2135"/></Shape>
	    <String CONTENT="בשלמים ובתודה"
                    HPOS="1856.0"
                    VPOS="1984.0"
                    WIDTH="780.0"
                    HEIGHT="178.0"></String>
          </TextLine>

          
          
          <TextLine ID="eSc_line_1340383"
                    
                    BASELINE="1904 2178 2598 2167" 
                    HPOS="1899.0"
                    VPOS="2092.0"
                    WIDTH="694.0"
                    HEIGHT="166.0">
            <Shape><Polygon POINTS="1899 2172 1904 2140 1947 2119 2254 2129 2302 2092 2340 2124 2566 2129 2593 2162 2550 2258 2464 2232 2286 2232 2265 2210 2222 2242 2130 2221 2066 2242 1985 2199 1904 2258"/></Shape>
	    <String CONTENT="שאלו קדשי"
                    HPOS="1899.0"
                    VPOS="2092.0"
                    WIDTH="694.0"
                    HEIGHT="166.0"></String>
          </TextLine>

          
          
          <TextLine ID="eSc_line_1340385"
                    
                    BASELINE="1893 2296 2528 2296" 
                    HPOS="1888.0"
                    VPOS="2205.0"
                    WIDTH="635.0"
                    HEIGHT="182.0">
            <Shape><Polygon POINTS="1888 2291 1990 2205 2028 2242 2119 2221 2157 2242 2480 2237 2512 2248 2523 2291 2501 2371 2405 2344 2329 2366 2039 2344 1899 2387"/></Shape>
	    <String CONTENT="קדשים ואלו"
                    HPOS="1888.0"
                    VPOS="2205.0"
                    WIDTH="635.0"
                    HEIGHT="182.0"></String>
          </TextLine>

          
          
          <TextLine ID="eSc_line_1340387"
                    
                    BASELINE="1958 2398 2550 2409" 
                    HPOS="1953.0"
                    VPOS="2339.0"
                    WIDTH="591.0"
                    HEIGHT="145.0">
            <Shape><Polygon POINTS="1953 2393 1963 2355 2006 2350 2335 2366 2394 2339 2544 2404 2458 2484 2356 2452 2265 2484 2232 2463 2071 2468 2033 2431 1985 2457 1958 2441"/></Shape>
	    <String CONTENT="קדשים"
                    HPOS="1953.0"
                    VPOS="2339.0"
                    WIDTH="591.0"
                    HEIGHT="145.0"></String>
          </TextLine>

          
          
          <TextLine ID="eSc_line_1340394"
                    
                    BASELINE="1958 2533 2475 2527" 
                    HPOS="1953.0"
                    VPOS="2425.0"
                    WIDTH="516.0"
                    HEIGHT="237.0">
            <Shape><Polygon POINTS="1953 2527 1958 2484 2017 2425 2076 2468 2152 2479 2302 2484 2356 2452 2394 2484 2453 2490 2469 2522 2458 2662 2345 2586 2265 2608 2227 2581 2146 2597 2103 2570 2055 2608 2012 2576 1963 2581"/></Shape>
	    <String CONTENT="קלים יכול"
                    HPOS="1953.0"
                    VPOS="2425.0"
                    WIDTH="516.0"
                    HEIGHT="237.0"></String>
          </TextLine>

          
          
          <TextLine ID="eSc_line_1340395"
                    
                    BASELINE="2044 2662 2426 2651" 
                    HPOS="2039.0"
                    VPOS="2570.0"
                    WIDTH="382.0"
                    HEIGHT="167.0">
            <Shape><Polygon POINTS="2039 2656 2044 2619 2103 2570 2152 2613 2227 2581 2259 2603 2351 2592 2399 2608 2421 2646 2351 2737 2049 2710"/></Shape>
	    <String CONTENT="אפילו"
                    HPOS="2039.0"
                    VPOS="2570.0"
                    WIDTH="382.0"
                    HEIGHT="167.0"></String>
          </TextLine>

          
          
          <TextLine ID="eSc_line_1340393"
                    
                    BASELINE="2044 2791 2426 2780" 
                    HPOS="2039.0"
                    VPOS="2716.0"
                    WIDTH="382.0"
                    HEIGHT="188.0">
            <Shape><Polygon POINTS="2039 2785 2087 2726 2141 2716 2356 2737 2421 2775 2410 2893 2388 2904 2351 2866 2249 2850 2109 2850 2049 2893"/></Shape>
	    <String CONTENT="נתערב"
                    HPOS="2039.0"
                    VPOS="2716.0"
                    WIDTH="382.0"
                    HEIGHT="188.0"></String>
          </TextLine>

          
          
          <TextLine ID="eSc_line_1340392"
                    
                    BASELINE="2098 2909 2340 2909" 
                    HPOS="2093.0"
                    VPOS="2855.0"
                    WIDTH="242.0"
                    HEIGHT="156.0">
            <Shape><Polygon POINTS="2093 2904 2114 2855 2324 2861 2335 2904 2324 3011 2189 2936 2103 2995"/></Shape>
	    <String CONTENT="באשם"
                    HPOS="2093.0"
                    VPOS="2855.0"
                    WIDTH="242.0"
                    HEIGHT="156.0"></String>
          </TextLine>

          
          
          <TextLine ID="eSc_line_1340396"
                    
                    BASELINE="2146 3017 2297 3017" 
                    HPOS="2141.0"
                    VPOS="2947.0"
                    WIDTH="151.0"
                    HEIGHT="161.0">
            <Shape><Polygon POINTS="2141 3011 2168 2947 2281 2963 2292 3011 2281 3087 2152 3108"/></Shape>
	    <String CONTENT="ת&#39;ל&#39;"
                    HPOS="2141.0"
                    VPOS="2947.0"
                    WIDTH="151.0"
                    HEIGHT="161.0"></String>
          </TextLine>

          
        </TextBlock>
        
        <TextBlock HPOS="1003.0"
                   VPOS="513.0"
                   WIDTH="418.0"
                   HEIGHT="139.0"
                   ID="eSc_textblock_12923"
                   TAGREFS="BT219">
          <Shape><Polygon POINTS="1003 513 1003 652 1421 652 1421 513"/></Shape>
          
          
          <TextLine ID="eSc_line_1630664"
                    
                    BASELINE="1026 588 1454 588" 
                    HPOS="1022.0"
                    VPOS="537.0"
                    WIDTH="430.0"
                    HEIGHT="355.0">
            <Shape><Polygon POINTS="1022 586 1038 537 1108 537 1146 570 1355 548 1452 586 1441 855 1409 882 1339 839 1242 887 1129 892 1076 839 1033 839"/></Shape>
	    <String CONTENT="תורת כה{ני}ם"
                    HPOS="1022.0"
                    VPOS="537.0"
                    WIDTH="430.0"
                    HEIGHT="355.0"></String>
          </TextLine>

          
        </TextBlock>
        

        
      </PrintSpace>
    </Page>
  </Layout>
</alto>
