<?xml version="1.0" encoding="UTF-8"?>
<alto xmlns:xsi="http://www.w3.org/2001/XMLSchema-instance"
      xmlns="http://www.loc.gov/standards/alto/ns-v4#"
      xsi:schemaLocation="http://www.loc.gov/standards/alto/ns-v4# http://www.loc.gov/standards/alto/v4/alto-4-2.xsd">
  <Description>
    <MeasurementUnit>pixel</MeasurementUnit>
    <sourceImageInformation>
      <fileName>oulis2017-aya-0375-0.jpg</fileName>
      
    </sourceImageInformation>
  </Description>
  
  <Tags>
    <OtherTag ID="BT1164" LABEL="Hole" DESCRIPTION="block type Hole"/><OtherTag ID="BT2" LABEL="Main" DESCRIPTION="block type Main"/><OtherTag ID="BT3" LABEL="Commentary" DESCRIPTION="block type Commentary"/><OtherTag ID="BT4" LABEL="Illustration" DESCRIPTION="block type Illustration"/><OtherTag ID="BT218" LABEL="Margin" DESCRIPTION="block type Margin"/><OtherTag ID="BT219" LABEL="Paratext" DESCRIPTION="block type Paratext"/>
    <OtherTag ID="LT2" LABEL="Numbering" DESCRIPTION="line type Numbering"/><OtherTag ID="LT3" LABEL="Correction" DESCRIPTION="line type Correction"/><OtherTag ID="LT481" LABEL="Gloss" DESCRIPTION="line type Gloss"/>
  </Tags>
  
  <Layout>
    <Page WIDTH="5402"
          HEIGHT="6454"
          PHYSICAL_IMG_NR="362"
          ID="eSc_dummypage_">
      <PrintSpace HPOS="0"
                  VPOS="0"
                  WIDTH="5402"
                  HEIGHT="6454">
        
        <TextBlock HPOS="3270.0"
                   VPOS="997.0"
                   WIDTH="1643.0"
                   HEIGHT="4125.0"
                   ID="eSc_textblock_13018"
                   TAGREFS="BT2">
          <Shape><Polygon POINTS="3320 997 3270 5122 4913 5122 4913 997"/></Shape>
          
          
          <TextLine ID="eSc_line_1342654"
                    
                    BASELINE="3276 1064 4912 1075" 
                    HPOS="3271.0"
                    VPOS="1000.0"
                    WIDTH="1635.0"
                    HEIGHT="140.0">
            <Shape><Polygon POINTS="3271 1059 3276 1000 4627 1000 4885 1016 4906 1070 4890 1118 4842 1140 4331 1118 4202 1140 4029 1113 3820 1134 3691 1113 3475 1134 3416 1113 3389 1140 3276 1140"/></Shape>
	    <String CONTENT="מעשה שחייבין על זדונה כרת חייבין"
                    HPOS="3271.0"
                    VPOS="1000.0"
                    WIDTH="1635.0"
                    HEIGHT="140.0"></String>
          </TextLine>

          
          
          <TextLine ID="eSc_line_1342656"
                    
                    BASELINE="3346 1188 4923 1193" 
                    HPOS="3341.0"
                    VPOS="1118.0"
                    WIDTH="1576.0"
                    HEIGHT="156.0">
            <Shape><Polygon POINTS="3341 1183 3411 1183 3508 1124 4116 1140 4180 1118 4229 1140 4331 1118 4707 1156 4783 1134 4858 1145 4917 1188 4794 1274 4724 1253 4519 1274 4401 1247 4099 1263 4051 1242 3992 1263 3481 1258 3346 1188"/></Shape>
	    <String CONTENT="על שגגתה חטאת ועשה אחת יכול"
                    HPOS="3341.0"
                    VPOS="1118.0"
                    WIDTH="1576.0"
                    HEIGHT="156.0"></String>
          </TextLine>

          
          
          <TextLine ID="eSc_line_1342658"
                    
                    BASELINE="3400 1306 4923 1328" 
                    HPOS="3395.0"
                    VPOS="1210.0"
                    WIDTH="1522.0"
                    HEIGHT="204.0">
            <Shape><Polygon POINTS="3395 1301 3400 1210 3448 1258 3491 1263 4073 1247 4406 1253 4541 1280 4837 1269 4917 1323 4815 1409 4729 1382 4648 1414 4277 1382 4062 1392 4024 1355 3960 1398 3890 1371 3793 1392 3647 1339 3561 1387 3400 1366"/></Shape>
	    <String CONTENT="עד שיכתוב כל השם עד שיארוג כל"
                    HPOS="3395.0"
                    VPOS="1210.0"
                    WIDTH="1522.0"
                    HEIGHT="204.0"></String>
          </TextLine>

          
          
          <TextLine ID="eSc_line_1342660"
                    
                    BASELINE="3319 1446 4923 1457" 
                    HPOS="3314.0"
                    VPOS="1349.0"
                    WIDTH="1603.0"
                    HEIGHT="194.0">
            <Shape><Polygon POINTS="3314 1441 3378 1382 3529 1392 3642 1349 3809 1392 3863 1371 3970 1392 4019 1355 4062 1392 4121 1398 4718 1392 4842 1403 4917 1452 4826 1532 4670 1532 4632 1511 4541 1538 4503 1505 4428 1532 4358 1505 4207 1527 3997 1500 3830 1527 3416 1511 3373 1543 3319 1489"/></Shape>
	    <String CONTENT="הבגד עד שיעשה כל הנפה ת&#39;ל&#39; מאחת"
                    HPOS="3314.0"
                    VPOS="1349.0"
                    WIDTH="1603.0"
                    HEIGHT="194.0"></String>
          </TextLine>

          
          
          <TextLine ID="eSc_line_1342662"
                    
                    BASELINE="3378 1581 4880 1581" 
                    HPOS="3373.0"
                    VPOS="1511.0"
                    WIDTH="1501.0"
                    HEIGHT="150.0">
            <Shape><Polygon POINTS="3373 1575 3416 1516 3529 1511 3868 1538 3997 1511 4266 1511 4288 1532 4368 1516 4422 1538 4508 1511 4546 1543 4643 1522 4697 1543 4863 1532 4874 1575 4863 1640 4810 1661 4745 1640 4562 1661 4266 1629 3927 1651 3857 1613 3825 1635 3653 1629 3567 1656 3540 1635 3384 1635"/></Shape>
	    <String CONTENT="אי מאחת יכול אפי&#39; כתב אות אחת"
                    HPOS="3373.0"
                    VPOS="1511.0"
                    WIDTH="1501.0"
                    HEIGHT="150.0"></String>
          </TextLine>

          
          
          <TextLine ID="eSc_line_1342664"
                    
                    BASELINE="3362 1694 4885 1699" 
                    HPOS="3357.0"
                    VPOS="1618.0"
                    WIDTH="1523.0"
                    HEIGHT="162.0">
            <Shape><Polygon POINTS="3357 1688 3465 1635 3567 1656 3857 1618 3890 1651 3949 1656 4223 1629 4557 1656 4740 1640 4788 1661 4863 1640 4880 1694 4831 1764 4745 1780 4686 1780 4659 1753 4471 1774 4299 1753 4255 1726 4175 1764 4040 1737 3868 1774 3820 1742 3755 1774 3567 1747 3395 1764 3362 1731"/></Shape>
	    <String CONTENT="אפי&#39; ארג חוט אחד אפי&#39; עשה בית"
                    HPOS="3357.0"
                    VPOS="1618.0"
                    WIDTH="1523.0"
                    HEIGHT="162.0"></String>
          </TextLine>

          
          
          <TextLine ID="eSc_line_1342666"
                    
                    BASELINE="3341 1823 4885 1817" 
                    HPOS="3335.0"
                    VPOS="1731.0"
                    WIDTH="1545.0"
                    HEIGHT="178.0">
            <Shape><Polygon POINTS="3335 1817 3448 1747 3642 1747 3755 1774 3809 1737 3852 1769 4056 1742 4159 1774 4239 1731 4460 1780 4659 1764 4750 1785 4863 1753 4880 1812 4831 1898 4471 1909 4223 1877 3777 1887 3696 1860 3432 1887 3357 1817"/></Shape>
	    <String CONTENT="אחת בנפה ת&#39;ל&#39; אחת הא כיצד עד"
                    HPOS="3335.0"
                    VPOS="1731.0"
                    WIDTH="1545.0"
                    HEIGHT="178.0"></String>
          </TextLine>

          
          
          <TextLine ID="eSc_line_1342668"
                    
                    BASELINE="3389 1936 4874 1957" 
                    HPOS="3384.0"
                    VPOS="1866.0"
                    WIDTH="1485.0"
                    HEIGHT="167.0">
            <Shape><Polygon POINTS="3384 1930 3405 1871 3427 1893 3707 1866 3771 1893 4067 1877 4428 1903 4783 1903 4853 1877 4869 1952 4820 2027 4729 2011 4519 2033 4492 2011 4282 2033 4040 1995 3895 2022 3744 2000 3389 2011"/></Shape>
	    <String CONTENT="שיכתוב שם קטן משם גדול שם [מ/]"
                    HPOS="3384.0"
                    VPOS="1866.0"
                    WIDTH="1485.0"
                    HEIGHT="167.0"></String>
          </TextLine>

          
          
          <TextLine ID="eSc_line_1342670"
                    
                    BASELINE="3400 2065 4880 2086" 
                    HPOS="3395.0"
                    VPOS="1995.0"
                    WIDTH="1479.0"
                    HEIGHT="172.0">
            <Shape><Polygon POINTS="3395 2059 3443 2011 3674 2000 3868 2027 4040 1995 4282 2033 4740 2016 4863 2033 4874 2081 4858 2145 4820 2156 4750 2140 4508 2167 4347 2129 4293 2156 4008 2124 3895 2140 3868 2113 3766 2145 3578 2119 3470 2156 3400 2102"/></Shape>
	    <String CONTENT="משמעון משמואל נח מנחור דן"
                    HPOS="3395.0"
                    VPOS="1995.0"
                    WIDTH="1479.0"
                    HEIGHT="172.0"></String>
          </TextLine>

          
          
          <TextLine ID="eSc_line_1342672"
                    
                    BASELINE="3384 2188 4874 2210" 
                    HPOS="3378.0"
                    VPOS="2102.0"
                    WIDTH="1491.0"
                    HEIGHT="183.0">
            <Shape><Polygon POINTS="3378 2183 3405 2102 3470 2156 3561 2124 3777 2145 3879 2119 3900 2140 4282 2156 4336 2135 4449 2140 4492 2183 4557 2151 4858 2145 4869 2205 4847 2269 4702 2253 4664 2285 4546 2280 4492 2253 4358 2269 4325 2248 4272 2269 3938 2242 3760 2264 3567 2232 3384 2253"/></Shape>
	    <String CONTENT="מדניאל וגד מגדיאל ר&#39; יהודה אומ&#39;"
                    HPOS="3378.0"
                    VPOS="2102.0"
                    WIDTH="1491.0"
                    HEIGHT="183.0"></String>
          </TextLine>

          
          
          <TextLine ID="eSc_line_1342674"
                    
                    BASELINE="3314 2301 4874 2312" 
                    HPOS="3308.0"
                    VPOS="2237.0"
                    WIDTH="1561.0"
                    HEIGHT="156.0">
            <Shape><Polygon POINTS="3308 2296 3384 2253 3771 2258 3857 2237 4202 2275 4492 2258 4670 2280 4724 2258 4853 2269 4869 2307 4820 2382 4621 2393 4476 2371 4288 2387 4261 2361 3798 2382 3766 2350 3680 2377 3637 2339 3594 2371 3416 2366 3314 2301"/></Shape>
	    <String CONTENT="אפי&#39; כתב שתי אותיות והן שם אחד"
                    HPOS="3308.0"
                    VPOS="2237.0"
                    WIDTH="1561.0"
                    HEIGHT="156.0"></String>
          </TextLine>

          
          
          <TextLine ID="eSc_line_1342676"
                    
                    BASELINE="3341 2425 4880 2436" 
                    HPOS="3335.0"
                    VPOS="2339.0"
                    WIDTH="1539.0"
                    HEIGHT="183.0">
            <Shape><Polygon POINTS="3335 2420 3405 2361 3594 2371 3637 2339 3674 2377 3766 2355 3798 2382 4261 2366 4288 2387 4761 2393 4858 2366 4874 2431 4837 2506 4713 2495 4471 2522 4428 2490 3771 2495 3631 2484 3588 2457 3443 2484 3341 2425"/></Shape>
	    <String CONTENT="חייב כגון שש תת גג הה א&#39;ר&#39; יוסי"
                    HPOS="3335.0"
                    VPOS="2339.0"
                    WIDTH="1539.0"
                    HEIGHT="183.0"></String>
          </TextLine>

          
          
          <TextLine ID="eSc_line_1342678"
                    
                    BASELINE="3362 2554 4874 2576" 
                    HPOS="3357.0"
                    VPOS="2452.0"
                    WIDTH="1512.0"
                    HEIGHT="194.0">
            <Shape><Polygon POINTS="3357 2549 3362 2479 3486 2490 3583 2452 3766 2500 4853 2500 4869 2570 4853 2640 4831 2646 4745 2646 4702 2619 4664 2646 4320 2635 4282 2613 4239 2640 4046 2613 3771 2630 3567 2608 3518 2630 3459 2608 3395 2624 3362 2597"/></Shape>
	    <String CONTENT="וכי משום כותב הוא חייב והלא"
                    HPOS="3357.0"
                    VPOS="2452.0"
                    WIDTH="1512.0"
                    HEIGHT="194.0"></String>
          </TextLine>

          
          
          <TextLine ID="eSc_line_1342680"
                    
                    BASELINE="3346 2683 4858 2705" 
                    HPOS="3341.0"
                    VPOS="2608.0"
                    WIDTH="1512.0"
                    HEIGHT="167.0">
            <Shape><Polygon POINTS="3341 2678 3352 2619 4062 2619 4245 2640 4282 2608 4315 2635 4471 2630 4519 2651 4815 2640 4842 2646 4853 2699 4831 2764 4772 2775 4395 2742 4347 2764 4169 2764 3803 2737 3717 2737 3696 2759 3556 2737 3416 2769 3346 2705"/></Shape>
	    <String CONTENT="אינו חייב אלא משום רושם שכך"
                    HPOS="3341.0"
                    VPOS="2608.0"
                    WIDTH="1512.0"
                    HEIGHT="167.0"></String>
          </TextLine>

          
          
          <TextLine ID="eSc_line_1342682"
                    
                    BASELINE="3335 2812 4858 2823" 
                    HPOS="3330.0"
                    VPOS="2732.0"
                    WIDTH="1523.0"
                    HEIGHT="166.0">
            <Shape><Polygon POINTS="3330 2807 3341 2737 3432 2769 3470 2748 3701 2764 3734 2732 4315 2769 4530 2748 4815 2775 4853 2818 4837 2893 4734 2877 4535 2898 4508 2872 4315 2893 4239 2861 4196 2888 4132 2866 3798 2888 3766 2861 3540 2888 3368 2882 3335 2855"/></Shape>
	    <String CONTENT="רושמין על קרשי המשכן לידע איזה"
                    HPOS="3330.0"
                    VPOS="2732.0"
                    WIDTH="1523.0"
                    HEIGHT="166.0"></String>
          </TextLine>

          
          
          <TextLine ID="eSc_line_1342684"
                    
                    BASELINE="3378 2931 4880 2941" 
                    HPOS="3373.0"
                    VPOS="2866.0"
                    WIDTH="1501.0"
                    HEIGHT="156.0">
            <Shape><Polygon POINTS="3373 2925 3395 2872 3556 2888 3777 2866 3825 2888 4121 2866 4212 2888 4293 2866 4320 2893 4745 2882 4831 2898 4874 2936 4858 2979 4799 3022 4492 3011 4471 2990 4444 3017 4385 3017 4352 2990 4266 3017 4142 3017 4121 2990 3378 2990"/></Shape>
	    <String CONTENT="הוא בן זוגו לפיכך הסורט סירטא"
                    HPOS="3373.0"
                    VPOS="2866.0"
                    WIDTH="1501.0"
                    HEIGHT="156.0"></String>
          </TextLine>

          
          
          <TextLine ID="eSc_line_1342686"
                    
                    BASELINE="3314 3044 4874 3071" 
                    HPOS="3308.0"
                    VPOS="2979.0"
                    WIDTH="1561.0"
                    HEIGHT="161.0">
            <Shape><Polygon POINTS="3308 3038 3314 2979 3411 3001 3879 2984 4245 3017 4352 2995 4471 3022 4745 3006 4820 3017 4869 3065 4804 3124 4740 3135 4713 3114 4632 3140 4460 3114 4390 3135 4121 3114 4008 3135 3933 3108 3696 3124 3658 3087 3626 3119 3540 3092 3357 3119 3314 3076"/></Shape>
	    <String CONTENT="אחת על שני נסרים או שתי סריטות"
                    HPOS="3308.0"
                    VPOS="2979.0"
                    WIDTH="1561.0"
                    HEIGHT="161.0"></String>
          </TextLine>

          
          
          <TextLine ID="eSc_line_1342687"
                    
                    BASELINE="3368 3162 4853 3189" 
                    HPOS="3362.0"
                    VPOS="3097.0"
                    WIDTH="1485.0"
                    HEIGHT="167.0">
            <Shape><Polygon POINTS="3362 3157 3395 3103 3508 3097 3621 3130 3943 3114 4003 3151 4105 3114 4277 3135 4444 3114 4508 3140 4637 3140 4718 3114 4740 3135 4831 3119 4847 3183 4810 3253 4761 3264 4557 3253 4514 3221 4299 3259 4159 3210 4099 3248 3997 3210 3970 3237 3895 3216 3771 3248 3707 3227 3631 3248 3556 3210 3465 3243 3427 3216 3368 3227"/></Shape>
	    <String CONTENT="על נסר אחד חייב ˙ ר&#39; שמע&#39; או&#39; [ו/]"
                    HPOS="3362.0"
                    VPOS="3097.0"
                    WIDTH="1485.0"
                    HEIGHT="167.0"></String>
          </TextLine>

          
          
          <TextLine ID="eSc_line_1342688"
                    
                    BASELINE="3292 3291 4858 3307" 
                    HPOS="3287.0"
                    VPOS="3210.0"
                    WIDTH="1566.0"
                    HEIGHT="172.0">
            <Shape><Polygon POINTS="3287 3286 3411 3221 3448 3248 3518 3243 3551 3210 3621 3248 3707 3227 3830 3253 3933 3227 3986 3259 4105 3243 4153 3210 4191 3243 4304 3259 4498 3237 4810 3253 4853 3302 4820 3372 4411 3361 4336 3382 4288 3350 4234 3372 4196 3339 4110 3339 4062 3377 3970 3345 3922 3372 3863 3350 3825 3372 3362 3366 3292 3296"/></Shape>
	    <String CONTENT="ועשה אחת יכול עד שיכתוב כל השם"
                    HPOS="3287.0"
                    VPOS="3210.0"
                    WIDTH="1566.0"
                    HEIGHT="172.0"></String>
          </TextLine>

          
          
          <TextLine ID="eSc_line_1342694"
                    
                    BASELINE="3362 3409 4874 3436" 
                    HPOS="3357.0"
                    VPOS="3345.0"
                    WIDTH="1512.0"
                    HEIGHT="161.0">
            <Shape><Polygon POINTS="3357 3404 3389 3361 3803 3377 3852 3350 3927 3366 3965 3345 4073 3377 4116 3345 4207 3345 4282 3388 4417 3361 4804 3372 4858 3393 4869 3431 4777 3506 4729 3474 4611 3506 4562 3485 4508 3501 4422 3463 4358 3501 4266 3501 4196 3469 4089 3501 3960 3469 3873 3495 3830 3463 3744 3490 3658 3463 3588 3490 3438 3458 3405 3479 3362 3442"/></Shape>
	    <String CONTENT="עד שיארוג כל הבגד עד שיעשה"
                    HPOS="3357.0"
                    VPOS="3345.0"
                    WIDTH="1512.0"
                    HEIGHT="161.0"></String>
          </TextLine>

          
          
          <TextLine ID="eSc_line_1342695"
                    
                    BASELINE="3357 3522 4858 3538" 
                    HPOS="3352.0"
                    VPOS="3447.0"
                    WIDTH="1501.0"
                    HEIGHT="177.0">
            <Shape><Polygon POINTS="3352 3517 3373 3447 3405 3479 3583 3495 3669 3463 3712 3485 3803 3463 3868 3501 3986 3474 4083 3506 4191 3474 4363 3501 4422 3469 4530 3512 4697 3479 4783 3506 4837 3479 4853 3533 4837 3614 4729 3592 4681 3624 4207 3598 3997 3614 3621 3581 3578 3608 3389 3571 3357 3544"/></Shape>
	    <String CONTENT="כל נפה ת&#39;ל&#39; מאחת אי מאחת יכול"
                    HPOS="3352.0"
                    VPOS="3447.0"
                    WIDTH="1501.0"
                    HEIGHT="177.0"></String>
          </TextLine>

          
          
          <TextLine ID="eSc_line_1342696"
                    
                    BASELINE="3319 3651 4901 3657" 
                    HPOS="3314.0"
                    VPOS="3581.0"
                    WIDTH="1582.0"
                    HEIGHT="151.0">
            <Shape><Polygon POINTS="3314 3646 3421 3581 3572 3608 4202 3598 4664 3630 4734 3603 4896 3651 4810 3727 4729 3732 4492 3732 4411 3705 4089 3732 3997 3711 3830 3732 3803 3705 3723 3727 3491 3721 3395 3711 3319 3651"/></Shape>
	    <String CONTENT="אפי&#39; כתב אות אחת ואפי&#39; ארג חוט"
                    HPOS="3314.0"
                    VPOS="3581.0"
                    WIDTH="1582.0"
                    HEIGHT="151.0"></String>
          </TextLine>

          
          
          <TextLine ID="eSc_line_1342690"
                    
                    BASELINE="3362 3780 4853 3770" 
                    HPOS="3357.0"
                    VPOS="3678.0"
                    WIDTH="1490.0"
                    HEIGHT="183.0">
            <Shape><Polygon POINTS="3357 3775 3362 3678 3411 3711 3809 3711 3830 3732 4379 3727 4411 3705 4514 3743 4772 3727 4847 3764 4820 3834 4707 3829 4670 3856 4438 3861 4385 3834 4320 3856 4191 3834 3954 3856 3717 3829 3524 3850 3491 3823 3400 3834 3362 3802"/></Shape>
	    <String CONTENT="אחת ואפי&#39; עשה בית אחד בנפה"
                    HPOS="3357.0"
                    VPOS="3678.0"
                    WIDTH="1490.0"
                    HEIGHT="183.0"></String>
          </TextLine>

          
          
          <TextLine ID="eSc_line_1342691"
                    
                    BASELINE="3362 3899 4837 3910" 
                    HPOS="3357.0"
                    VPOS="3829.0"
                    WIDTH="1474.0"
                    HEIGHT="156.0">
            <Shape><Polygon POINTS="3357 3893 3368 3834 3518 3856 3723 3829 4293 3861 4379 3845 4449 3867 4508 3845 4637 3861 4724 3829 4815 3840 4831 3904 4815 3969 4788 3979 4750 3979 4702 3936 4648 3979 4551 3963 4455 3985 4099 3974 4040 3953 3906 3985 3857 3942 3787 3969 3696 3953 3647 3979 3438 3942 3395 3979 3362 3947"/></Shape>
	    <String CONTENT="ת&#39;ל&#39; אחת הא כיצד עד שיעשה"
                    HPOS="3357.0"
                    VPOS="3829.0"
                    WIDTH="1474.0"
                    HEIGHT="156.0"></String>
          </TextLine>

          
          
          <TextLine ID="eSc_line_1342692"
                    
                    BASELINE="3465 4022 4896 4022" 
                    HPOS="3459.0"
                    VPOS="3942.0"
                    WIDTH="1431.0"
                    HEIGHT="167.0">
            <Shape><Polygon POINTS="3459 4017 3502 3969 3540 3963 3658 3979 3723 3958 3906 3990 3997 3963 4648 3990 4697 3942 4750 3985 4810 3979 4890 4017 4815 4098 4697 4082 4670 4109 4471 4087 3470 4092"/></Shape>
	    <String CONTENT="מלאכה שכיוצא בה מתקיימת ˙"
                    HPOS="3459.0"
                    VPOS="3942.0"
                    WIDTH="1431.0"
                    HEIGHT="167.0"></String>
          </TextLine>

          
          
          <TextLine ID="eSc_line_1342697"
                    
                    BASELINE="3335 4141 4858 4157" 
                    HPOS="3330.0"
                    VPOS="4082.0"
                    WIDTH="1523.0"
                    HEIGHT="150.0">
            <Shape><Polygon POINTS="3330 4135 3400 4087 3723 4082 3906 4109 4132 4087 4390 4109 4465 4087 4594 4109 4842 4082 4853 4152 4815 4221 4729 4200 4589 4232 4159 4205 3906 4232 3820 4211 3615 4216 3588 4189 3545 4221 3475 4221 3443 4189 3400 4221 3335 4173"/></Shape>
	    <String CONTENT="ר&#39; יוסי או&#39; ועשה אחת ועשה הנה"
                    HPOS="3330.0"
                    VPOS="4082.0"
                    WIDTH="1523.0"
                    HEIGHT="150.0"></String>
          </TextLine>

          
          
          <TextLine ID="eSc_line_1342698"
                    
                    BASELINE="3357 4275 4853 4281" 
                    HPOS="3352.0"
                    VPOS="4195.0"
                    WIDTH="1495.0"
                    HEIGHT="161.0">
            <Shape><Polygon POINTS="3352 4270 3362 4211 3411 4221 3443 4195 3470 4221 3551 4221 3588 4195 3621 4227 3906 4232 4142 4205 4616 4232 4740 4205 4799 4221 4847 4275 4831 4324 4772 4356 4293 4329 4250 4356 4159 4329 3873 4351 3841 4318 3755 4345 3717 4308 3642 4356 3588 4318 3540 4340 3357 4329"/></Shape>
	    <String CONTENT="פעמים שהוא חייב אחת על כולם"
                    HPOS="3352.0"
                    VPOS="4195.0"
                    WIDTH="1495.0"
                    HEIGHT="161.0"></String>
          </TextLine>

          
          
          <TextLine ID="eSc_line_1342699"
                    
                    BASELINE="3335 4394 4837 4404" 
                    HPOS="3330.0"
                    VPOS="4308.0"
                    WIDTH="1501.0"
                    HEIGHT="177.0">
            <Shape><Polygon POINTS="3330 4388 3373 4340 3518 4345 3588 4324 3647 4356 3717 4308 3750 4340 3841 4313 3873 4345 4067 4324 4245 4361 4277 4340 4804 4356 4831 4399 4815 4464 4772 4485 4589 4464 4212 4480 4078 4447 3879 4474 3717 4431 3626 4469 3373 4464 3335 4431"/></Shape>
	    <String CONTENT="פעמים שהוא חייב על כל אחת"
                    HPOS="3330.0"
                    VPOS="4308.0"
                    WIDTH="1501.0"
                    HEIGHT="177.0"></String>
          </TextLine>

          
          
          <TextLine ID="eSc_line_1342700"
                    
                    BASELINE="3292 4517 4858 4533" 
                    HPOS="3287.0"
                    VPOS="4442.0"
                    WIDTH="1566.0"
                    HEIGHT="161.0">
            <Shape><Polygon POINTS="3287 4512 3292 4442 3368 4464 3631 4464 3717 4442 3879 4480 4089 4447 4223 4480 4584 4464 4783 4485 4837 4453 4853 4528 4799 4598 4713 4593 4681 4560 4578 4598 4449 4598 4428 4576 4358 4598 4288 4566 4223 4598 4040 4582 3895 4603 3809 4560 3750 4598 3529 4576 3486 4598 3352 4598 3292 4539"/></Shape>
	    <String CONTENT="ואחת כיצד שכח עיקר שבת ועשה"
                    HPOS="3287.0"
                    VPOS="4442.0"
                    WIDTH="1566.0"
                    HEIGHT="161.0"></String>
          </TextLine>

          
          
          <TextLine ID="eSc_line_1342701"
                    
                    BASELINE="3314 4641 4837 4630" 
                    HPOS="3308.0"
                    VPOS="4566.0"
                    WIDTH="1523.0"
                    HEIGHT="156.0">
            <Shape><Polygon POINTS="3308 4636 3368 4582 3760 4603 3809 4566 3890 4603 4046 4582 4229 4598 4293 4566 4368 4598 4422 4576 4449 4598 4632 4598 4681 4571 4707 4598 4831 4625 4820 4700 4777 4722 4729 4716 4686 4673 4643 4716 4562 4722 4411 4695 3879 4722 3777 4716 3739 4689 3717 4711 3357 4695 3314 4652"/></Shape>
	    <String CONTENT="מלאכות הרבה בשבתות הרבה אף"
                    HPOS="3308.0"
                    VPOS="4566.0"
                    WIDTH="1523.0"
                    HEIGHT="156.0"></String>
          </TextLine>

          
          
          <TextLine ID="eSc_line_1342702"
                    
                    BASELINE="3249 4743 4826 4770" 
                    HPOS="3244.0"
                    VPOS="4668.0"
                    WIDTH="1576.0"
                    HEIGHT="183.0">
            <Shape><Polygon POINTS="3244 4738 3255 4673 3319 4673 3357 4700 3518 4689 3545 4711 3755 4689 3900 4727 4406 4700 4578 4722 4643 4711 4686 4668 4740 4716 4810 4722 4820 4765 4804 4840 4761 4851 4449 4824 4390 4851 4331 4829 4266 4845 4229 4808 4169 4845 4132 4808 4013 4840 3739 4818 3572 4835 3438 4808 3373 4835 3287 4813 3249 4775"/></Shape>
	    <String CONTENT="על פי שמעינין אבות מלאכות עשה"
                    HPOS="3244.0"
                    VPOS="4668.0"
                    WIDTH="1576.0"
                    HEIGHT="183.0"></String>
          </TextLine>

          
          
          <TextLine ID="eSc_line_1342693"
                    
                    BASELINE="3405 4883 4831 4894" 
                    HPOS="3400.0"
                    VPOS="4813.0"
                    WIDTH="1426.0"
                    HEIGHT="172.0">
            <Shape><Polygon POINTS="3400 4878 3405 4813 3432 4813 3513 4840 4132 4818 4164 4851 4207 4840 4229 4862 4315 4829 4374 4856 4438 4829 4589 4851 4675 4829 4804 4845 4826 4888 4810 4953 4750 4969 4691 4953 4621 4974 4040 4974 3976 4948 3836 4948 3803 4969 3572 4953 3518 4985 3405 4948"/></Shape>
	    <String CONTENT="אינו חייב אלא חטאת אחת כל"
                    HPOS="3400.0"
                    VPOS="4813.0"
                    WIDTH="1426.0"
                    HEIGHT="172.0"></String>
          </TextLine>

          
          
          <TextLine ID="eSc_line_1342689"
                    
                    BASELINE="3282 5001 4874 5023" 
                    HPOS="3276.0"
                    VPOS="4948.0"
                    WIDTH="1593.0"
                    HEIGHT="172.0">
            <Shape><Polygon POINTS="3276 4996 3282 4948 3691 4980 4847 4974 4869 5017 4853 5082 4756 5120 4654 5120 4594 5082 4487 5109 4449 5077 4395 5114 3884 5109 3836 5071 3674 5071 3647 5098 3578 5071 3545 5098 3416 5104 3373 5066 3282 5066"/></Shape>
	    <String CONTENT="ימיו היודע שיש שבת טעה"
                    HPOS="3276.0"
                    VPOS="4948.0"
                    WIDTH="1593.0"
                    HEIGHT="172.0"></String>
          </TextLine>

          
        </TextBlock>
        
        <TextBlock HPOS="1469.0"
                   VPOS="997.0"
                   WIDTH="1660.0"
                   HEIGHT="4133.0"
                   ID="eSc_textblock_13017"
                   TAGREFS="BT2">
          <Shape><Polygon POINTS="1527 997 1469 5113 3046 5130 3129 997"/></Shape>
          
          
          <TextLine ID="eSc_line_1342653"
                    
                    BASELINE="1598 1064 3088 1070" 
                    HPOS="1592.0"
                    VPOS="1000.0"
                    WIDTH="1491.0"
                    HEIGHT="129.0">
            <Shape><Polygon POINTS="1592 1059 1598 1011 1856 1000 3029 1000 3066 1005 3083 1064 3066 1118 2937 1107 2905 1129 2862 1107 2652 1129 2582 1107 1651 1129 1598 1107"/></Shape>
	    <String CONTENT="ואין יודע אימתי היה שבת ועשה"
                    HPOS="1592.0"
                    VPOS="1000.0"
                    WIDTH="1491.0"
                    HEIGHT="129.0"></String>
          </TextLine>

          
          
          <TextLine ID="eSc_line_1342655"
                    
                    BASELINE="1554 1177 3126 1183" 
                    HPOS="1549.0"
                    VPOS="1097.0"
                    WIDTH="1571.0"
                    HEIGHT="172.0">
            <Shape><Polygon POINTS="1549 1172 1662 1124 1877 1140 2582 1113 2701 1134 2749 1113 2830 1134 2867 1113 2905 1140 2948 1097 3120 1177 3039 1258 2964 1247 2926 1215 2824 1269 2695 1242 1883 1253 1754 1226 1732 1247 1603 1253 1554 1204"/></Shape>
	    <String CONTENT="מלאכות הרבה בשבתות הרבה חייב"
                    HPOS="1549.0"
                    VPOS="1097.0"
                    WIDTH="1571.0"
                    HEIGHT="172.0"></String>
          </TextLine>

          
          
          <TextLine ID="eSc_line_1342657"
                    
                    BASELINE="1506 1301 3109 1306" 
                    HPOS="1501.0"
                    VPOS="1215.0"
                    WIDTH="1603.0"
                    HEIGHT="177.0">
            <Shape><Polygon POINTS="1501 1296 1565 1253 1759 1242 2706 1247 2797 1253 2824 1280 2937 1215 3018 1258 3093 1231 3104 1301 3018 1382 2959 1387 2813 1366 2292 1382 2189 1355 2060 1382 1840 1360 1549 1392 1506 1349"/></Shape>
	    <String CONTENT="על כל שבת ושבת היודע שהיא שבת"
                    HPOS="1501.0"
                    VPOS="1215.0"
                    WIDTH="1603.0"
                    HEIGHT="177.0"></String>
          </TextLine>

          
          
          <TextLine ID="eSc_line_1342659"
                    
                    BASELINE="1581 1425 3093 1436" 
                    HPOS="1576.0"
                    VPOS="1349.0"
                    WIDTH="1512.0"
                    HEIGHT="167.0">
            <Shape><Polygon POINTS="1576 1419 1630 1371 2066 1376 2205 1349 2318 1387 3045 1382 3088 1430 3072 1489 3039 1505 2975 1511 2932 1484 2889 1516 2620 1489 2458 1516 2329 1489 2259 1511 1963 1484 1861 1505 1818 1473 1710 1500 1630 1495 1581 1446"/></Shape>
	    <String CONTENT="טעה ואמר אין זו מלאכה ועשה"
                    HPOS="1576.0"
                    VPOS="1349.0"
                    WIDTH="1512.0"
                    HEIGHT="167.0"></String>
          </TextLine>

          
          
          <TextLine ID="eSc_line_1342661"
                    
                    BASELINE="1571 1554 3120 1559" 
                    HPOS="1565.0"
                    VPOS="1479.0"
                    WIDTH="1550.0"
                    HEIGHT="177.0">
            <Shape><Polygon POINTS="1565 1548 1592 1495 1754 1505 1818 1479 1856 1505 2249 1516 2340 1495 2894 1516 2943 1484 2970 1511 3045 1505 3115 1554 3045 1629 2275 1629 2232 1591 2114 1656 2082 1629 2012 1629 1969 1586 1920 1629 1727 1629 1646 1597 1592 1629 1571 1608"/></Shape>
	    <String CONTENT="מלאכות הרבה אם מעינין מלאכות"
                    HPOS="1565.0"
                    VPOS="1479.0"
                    WIDTH="1550.0"
                    HEIGHT="177.0"></String>
          </TextLine>

          
          
          <TextLine ID="eSc_line_1342663"
                    
                    BASELINE="1533 1672 3088 1694" 
                    HPOS="1528.0"
                    VPOS="1591.0"
                    WIDTH="1555.0"
                    HEIGHT="173.0">
            <Shape><Polygon POINTS="1528 1667 1565 1597 1598 1629 1651 1597 1678 1624 1931 1629 1974 1591 2017 1635 2082 1629 2119 1661 2168 1613 2211 1618 2238 1591 2308 1635 3072 1624 3083 1688 3045 1747 3002 1764 2953 1737 2878 1764 2711 1764 2631 1737 2588 1747 2544 1710 2491 1747 2351 1753 2195 1731 1845 1742 1780 1710 1716 1742 1646 1715 1587 1742 1533 1731"/></Shape>
	    <String CONTENT="הרבה עשה חייב על כל מלאכה ומלאכ&#39;"
                    HPOS="1528.0"
                    VPOS="1591.0"
                    WIDTH="1555.0"
                    HEIGHT="173.0"></String>
          </TextLine>

          
          
          <TextLine ID="eSc_line_1342665"
                    
                    BASELINE="1571 1780 3115 1812" 
                    HPOS="1565.0"
                    VPOS="1710.0"
                    WIDTH="1544.0"
                    HEIGHT="183.0">
            <Shape><Polygon POINTS="1565 1774 1641 1715 1689 1742 1791 1715 1840 1747 1985 1731 2362 1753 2496 1747 2544 1710 2598 1753 2711 1764 3039 1753 3109 1807 3034 1871 2970 1887 2867 1860 2684 1893 2593 1844 2518 1866 2205 1850 2125 1877 2001 1850 1942 1877 1813 1877 1770 1850 1689 1866 1646 1855 1571 1780"/></Shape>
	    <String CONTENT="אם מעין מלאכה אחת חייב על כל"
                    HPOS="1565.0"
                    VPOS="1710.0"
                    WIDTH="1544.0"
                    HEIGHT="183.0"></String>
          </TextLine>

          
          
          <TextLine ID="eSc_line_1342667"
                    
                    BASELINE="1463 1925 3126 1925" 
                    HPOS="1458.0"
                    VPOS="1817.0"
                    WIDTH="1662.0"
                    HEIGHT="216.0">
            <Shape><Polygon POINTS="1458 1920 1598 1817 1657 1866 1770 1855 1807 1882 1996 1860 2141 1877 2168 1855 2249 1877 2528 1871 2593 1850 2733 1893 2873 1860 2937 1887 3083 1860 3109 1866 3120 1920 3050 2011 2959 2000 2926 2022 2797 2000 2604 2016 2512 1973 2464 1989 2356 1968 2265 2000 2125 1984 2071 2011 2006 2006 1980 1979 1942 2006 1748 2006 1651 1979 1554 2033 1468 1979"/></Shape>
	    <String CONTENT="העלם והעלם ˙ א&#39;ר&#39; עקיבא שאלתי"
                    HPOS="1458.0"
                    VPOS="1817.0"
                    WIDTH="1662.0"
                    HEIGHT="216.0"></String>
          </TextLine>

          
          
          <TextLine ID="eSc_line_1342669"
                    
                    BASELINE="1576 2043 3115 2070" 
                    HPOS="1571.0"
                    VPOS="1979.0"
                    WIDTH="1538.0"
                    HEIGHT="172.0">
            <Shape><Polygon POINTS="1571 2038 1592 1995 1646 1979 1915 2006 1974 1979 2017 2011 2114 1984 2200 2006 2518 1979 2620 2022 2674 1995 2926 2022 2970 1995 3109 2065 3013 2135 2905 2151 2819 2113 2749 2135 2453 2108 2286 2129 2238 2092 2017 2124 1603 2124 1576 2097"/></Shape>
	    <String CONTENT="את רבן גמל&#39; ואת ר&#39; יהוש&#39; באטליז"
                    HPOS="1571.0"
                    VPOS="1979.0"
                    WIDTH="1538.0"
                    HEIGHT="172.0"></String>
          </TextLine>

          
          
          <TextLine ID="eSc_line_1342671"
                    
                    BASELINE="1571 2167 3072 2188" 
                    HPOS="1565.0"
                    VPOS="2086.0"
                    WIDTH="1501.0"
                    HEIGHT="178.0">
            <Shape><Polygon POINTS="1565 2162 1646 2108 2049 2124 2098 2102 2119 2124 2243 2086 2318 2129 2749 2140 2813 2113 2900 2156 3050 2113 3066 2183 3050 2221 2986 2248 2539 2226 2378 2242 2351 2215 2329 2237 2211 2237 2162 2215 1990 2264 1920 2226 1651 2237 1571 2167"/></Shape>
	    <String CONTENT="של אמאום כשהלכו ליקח בהמה"
                    HPOS="1565.0"
                    VPOS="2086.0"
                    WIDTH="1501.0"
                    HEIGHT="178.0"></String>
          </TextLine>

          
          
          <TextLine ID="eSc_line_1342673"
                    
                    BASELINE="1614 2280 3093 2296" 
                    HPOS="1608.0"
                    VPOS="2205.0"
                    WIDTH="1480.0"
                    HEIGHT="166.0">
            <Shape><Polygon POINTS="1608 2275 1614 2205 1646 2237 1920 2226 1996 2269 2071 2221 2329 2237 2356 2264 2383 2237 2528 2232 2937 2242 3002 2264 3072 2221 3088 2291 2991 2371 2905 2350 2598 2361 2544 2328 2469 2350 2292 2334 2232 2361 1818 2344 1791 2366 1737 2334 1651 2350 1614 2328"/></Shape>
	    <String CONTENT="למשתה בנו של רבן גמל&#39; הבא על"
                    HPOS="1608.0"
                    VPOS="2205.0"
                    WIDTH="1480.0"
                    HEIGHT="166.0"></String>
          </TextLine>

          
          
          <TextLine ID="eSc_line_1342675"
                    
                    BASELINE="1533 2387 3072 2425" 
                    HPOS="1528.0"
                    VPOS="2328.0"
                    WIDTH="1538.0"
                    HEIGHT="172.0">
            <Shape><Polygon POINTS="1528 2382 1592 2328 1667 2350 1743 2334 1797 2377 1856 2344 2238 2361 2302 2334 2410 2355 2512 2339 2539 2361 3029 2366 3066 2420 3029 2474 2948 2500 2846 2474 2760 2490 2674 2468 2609 2490 2566 2447 2507 2484 2399 2457 2270 2479 1926 2457 1845 2484 1786 2447 1754 2468 1533 2463"/></Shape>
	    <String CONTENT="אחותו ועל אחות אביו ועל אחות"
                    HPOS="1528.0"
                    VPOS="2328.0"
                    WIDTH="1538.0"
                    HEIGHT="172.0"></String>
          </TextLine>

          
          
          <TextLine ID="eSc_line_1342677"
                    
                    BASELINE="1538 2533 3066 2554" 
                    HPOS="1533.0"
                    VPOS="2452.0"
                    WIDTH="1528.0"
                    HEIGHT="172.0">
            <Shape><Polygon POINTS="1533 2527 1603 2468 2410 2468 2501 2490 2566 2452 2604 2490 2674 2468 2749 2495 3002 2495 3045 2468 3061 2549 3045 2597 2996 2619 2900 2597 2781 2619 2738 2592 2620 2624 2485 2592 2335 2608 2281 2576 2238 2597 2098 2597 2071 2570 2028 2597 1581 2608 1538 2565"/></Shape>
	    <String CONTENT="אמו בהעלם אחד מהו חייב אחת"
                    HPOS="1533.0"
                    VPOS="2452.0"
                    WIDTH="1528.0"
                    HEIGHT="172.0"></String>
          </TextLine>

          
          
          <TextLine ID="eSc_line_1342679"
                    
                    BASELINE="1538 2646 3083 2673" 
                    HPOS="1533.0"
                    VPOS="2565.0"
                    WIDTH="1544.0"
                    HEIGHT="188.0">
            <Shape><Polygon POINTS="1533 2640 1560 2603 1990 2603 2076 2565 2109 2597 2200 2586 2227 2608 2286 2586 2582 2608 2609 2630 2749 2586 2776 2619 3007 2619 3066 2597 3077 2667 3018 2732 2948 2753 2889 2732 2733 2748 2701 2716 2647 2742 2588 2721 2555 2742 2437 2721 2254 2742 2071 2716 1942 2732 1910 2699 1850 2732 1764 2710 1560 2732 1538 2716"/></Shape>
	    <String CONTENT="על כולן או חייב על כל אחת ואחת"
                    HPOS="1533.0"
                    VPOS="2565.0"
                    WIDTH="1544.0"
                    HEIGHT="188.0"></String>
          </TextLine>

          
          
          <TextLine ID="eSc_line_1342681"
                    
                    BASELINE="1571 2780 3077 2791" 
                    HPOS="1565.0"
                    VPOS="2699.0"
                    WIDTH="1507.0"
                    HEIGHT="178.0">
            <Shape><Polygon POINTS="1565 2775 1571 2726 1823 2737 1877 2732 1910 2699 1947 2732 2184 2721 2340 2742 2588 2726 2652 2748 2701 2721 2727 2748 2889 2732 2953 2753 3056 2726 3072 2785 3056 2839 2991 2866 2722 2855 2657 2829 2609 2861 2518 2866 2464 2845 2184 2855 2109 2829 2001 2850 1904 2834 1840 2861 1667 2845 1608 2877 1571 2839"/></Shape>
	    <String CONTENT="אמרו לי לא שמענו אבל שמענו"
                    HPOS="1565.0"
                    VPOS="2699.0"
                    WIDTH="1507.0"
                    HEIGHT="178.0"></String>
          </TextLine>

          
          
          <TextLine ID="eSc_line_1342683"
                    
                    BASELINE="1511 2893 3066 2920" 
                    HPOS="1506.0"
                    VPOS="2823.0"
                    WIDTH="1555.0"
                    HEIGHT="167.0">
            <Shape><Polygon POINTS="1506 2888 1560 2845 1608 2888 1678 2839 1818 2861 2125 2839 2179 2861 2275 2845 2523 2866 2614 2855 2657 2823 2749 2866 3050 2850 3061 2915 3045 2963 2986 2990 2674 2984 2641 2958 2512 2984 2372 2963 2222 2984 2125 2958 2044 2979 1969 2931 1931 2968 1861 2979 1710 2958 1554 2974 1511 2931"/></Shape>
	    <String CONTENT="הבא על חמש נשיו נידות בהעלם"
                    HPOS="1506.0"
                    VPOS="2823.0"
                    WIDTH="1555.0"
                    HEIGHT="167.0"></String>
          </TextLine>

          
          
          <TextLine ID="eSc_line_1342685"
                    
                    BASELINE="1495 3022 3072 3033" 
                    HPOS="1490.0"
                    VPOS="2936.0"
                    WIDTH="1576.0"
                    HEIGHT="172.0">
            <Shape><Polygon POINTS="1490 3017 1544 2968 1867 2979 1969 2936 2071 3001 2125 2963 2281 2990 2647 2968 3013 2984 3066 3028 3007 3097 2765 3081 2711 3108 2550 3087 2216 3097 2168 3071 2130 3103 2001 3092 1963 3054 1920 3092 1721 3097 1673 3060 1538 3103 1495 3060"/></Shape>
	    <String CONTENT="אחד שהוא חייב על כל אחת ואחת"
                    HPOS="1490.0"
                    VPOS="2936.0"
                    WIDTH="1576.0"
                    HEIGHT="172.0"></String>
          </TextLine>

          
          
          <TextLine ID="eSc_line_1342704"
                    
                    BASELINE="1592 3146 3093 3157" 
                    HPOS="1587.0"
                    VPOS="3060.0"
                    WIDTH="1501.0"
                    HEIGHT="167.0">
            <Shape><Polygon POINTS="1587 3140 1592 3097 1673 3060 1721 3097 1926 3097 1963 3060 1996 3092 2125 3103 2168 3076 2200 3097 2550 3092 2674 3114 2754 3087 3007 3097 3088 3151 3013 3227 2986 3205 2905 3227 2421 3227 2367 3189 2222 3221 2157 3167 2119 3205 2039 3189 1883 3216 1684 3221 1592 3189"/></Shape>
	    <String CONTENT="וראינו שהדברים קל וחומ&#39; שאלן"
                    HPOS="1587.0"
                    VPOS="3060.0"
                    WIDTH="1501.0"
                    HEIGHT="167.0"></String>
          </TextLine>

          
          
          <TextLine ID="eSc_line_1342713"
                    
                    BASELINE="1506 3248 3066 3275" 
                    HPOS="1501.0"
                    VPOS="3178.0"
                    WIDTH="1560.0"
                    HEIGHT="172.0">
            <Shape><Polygon POINTS="1501 3243 1549 3189 1684 3216 1963 3216 2044 3189 2130 3205 2162 3178 2227 3227 2356 3205 2442 3227 2604 3210 2900 3232 2991 3205 3061 3270 2996 3339 2926 3323 2883 3350 2641 3339 2593 3313 2550 3339 2130 3339 1958 3313 1931 3334 1560 3329 1506 3275"/></Shape>
	    <String CONTENT="ר&#39; עקיבא אבר המדולדל בבהמה מהו"
                    HPOS="1501.0"
                    VPOS="3178.0"
                    WIDTH="1560.0"
                    HEIGHT="172.0"></String>
          </TextLine>

          
          
          <TextLine ID="eSc_line_1342711"
                    
                    BASELINE="1571 3382 3066 3393" 
                    HPOS="1565.0"
                    VPOS="3318.0"
                    WIDTH="1496.0"
                    HEIGHT="156.0">
            <Shape><Polygon POINTS="1565 3377 1592 3323 1915 3334 1953 3366 1990 3329 2539 3345 2588 3318 2647 3350 2996 3339 3061 3388 2986 3458 2916 3469 2749 3436 2717 3458 2507 3474 2431 3458 2399 3425 2362 3463 1920 3442 1867 3463 1657 3463 1571 3420"/></Shape>
	    <String CONTENT="אמרו לו לא שמענו אבל שמענו"
                    HPOS="1565.0"
                    VPOS="3318.0"
                    WIDTH="1496.0"
                    HEIGHT="156.0"></String>
          </TextLine>

          
          
          <TextLine ID="eSc_line_1342709"
                    
                    BASELINE="1554 3501 3093 3522" 
                    HPOS="1549.0"
                    VPOS="3425.0"
                    WIDTH="1539.0"
                    HEIGHT="173.0">
            <Shape><Polygon POINTS="1549 3495 1571 3425 1657 3463 1904 3442 1969 3463 2318 3458 2399 3495 2453 3458 2512 3479 2571 3452 2765 3452 2797 3479 2824 3458 3002 3458 3088 3517 3056 3517 2986 3587 2889 3598 2819 3565 2744 3592 2641 3571 2415 3581 2394 3560 2367 3581 2136 3560 2114 3581 1936 3581 1818 3560 1727 3587 1608 3544 1554 3565"/></Shape>
	    <String CONTENT="אבר המדולדל באדם טהור כך היו"
                    HPOS="1549.0"
                    VPOS="3425.0"
                    WIDTH="1539.0"
                    HEIGHT="173.0"></String>
          </TextLine>

          
          
          <TextLine ID="eSc_line_1342714"
                    
                    BASELINE="1549 3619 3093 3641" 
                    HPOS="1544.0"
                    VPOS="3549.0"
                    WIDTH="1544.0"
                    HEIGHT="167.0">
            <Shape><Polygon POINTS="1544 3614 1549 3571 1614 3549 1721 3587 2098 3587 2141 3565 2776 3592 2813 3571 2873 3598 2996 3587 3088 3635 2991 3716 2943 3694 2819 3705 2797 3684 2754 3711 2657 3689 2577 3716 2544 3684 2394 3711 2222 3700 2195 3673 2114 3705 2039 3689 1958 3711 1926 3684 1850 3700 1829 3678 1802 3705 1721 3689 1581 3711 1549 3678"/></Shape>
	    <String CONTENT="מוכי שחין שבירושלם עושין הולך"
                    HPOS="1544.0"
                    VPOS="3549.0"
                    WIDTH="1544.0"
                    HEIGHT="167.0"></String>
          </TextLine>

          
          
          <TextLine ID="eSc_line_1342705"
                    
                    BASELINE="1571 3759 3050 3764" 
                    HPOS="1565.0"
                    VPOS="3678.0"
                    WIDTH="1480.0"
                    HEIGHT="172.0">
            <Shape><Polygon POINTS="1565 3754 1576 3716 1630 3700 2157 3705 2189 3678 2216 3705 2550 3694 2577 3716 2663 3694 2948 3700 3002 3711 3045 3759 2986 3840 2889 3823 2851 3850 2781 3823 2647 3840 2561 3818 1657 3829 1614 3823 1571 3780"/></Shape>
	    <String CONTENT="לו ערב פסחים אצל הרופא חותכו"
                    HPOS="1565.0"
                    VPOS="3678.0"
                    WIDTH="1480.0"
                    HEIGHT="172.0"></String>
          </TextLine>

          
          
          <TextLine ID="eSc_line_1342706"
                    
                    BASELINE="1533 3877 3083 3899" 
                    HPOS="1528.0"
                    VPOS="3797.0"
                    WIDTH="1549.0"
                    HEIGHT="172.0">
            <Shape><Polygon POINTS="1528 3872 1538 3802 1576 3797 1646 3829 2539 3818 2840 3856 2948 3834 3077 3893 2948 3969 2857 3936 2797 3969 2335 3958 2302 3920 2222 3958 2141 3936 1942 3963 1635 3936 1533 3953"/></Shape>
	    <String CONTENT="עד שמניח בו כשערה ותוחבו בסירה"
                    HPOS="1528.0"
                    VPOS="3797.0"
                    WIDTH="1549.0"
                    HEIGHT="172.0"></String>
          </TextLine>

          
          
          <TextLine ID="eSc_line_1342708"
                    
                    BASELINE="1549 3990 3066 4017" 
                    HPOS="1544.0"
                    VPOS="3931.0"
                    WIDTH="1517.0"
                    HEIGHT="161.0">
            <Shape><Polygon POINTS="1544 3985 1576 3942 1926 3963 2141 3942 2222 3969 2308 3931 2329 3953 2458 3963 2996 3953 3061 4012 3034 4071 2900 4092 2733 4092 2695 4060 2561 4082 2243 4082 2205 4060 2044 4087 2017 4066 1721 4066 1700 4044 1571 4071 1549 4049"/></Shape>
	    <String CONTENT="ונמשך הימנו הלה עושה פסחו [ו/]"
                    HPOS="1544.0"
                    VPOS="3931.0"
                    WIDTH="1517.0"
                    HEIGHT="161.0"></String>
          </TextLine>

          
          
          <TextLine ID="eSc_line_1342712"
                    
                    BASELINE="1528 4125 3039 4141" 
                    HPOS="1522.0"
                    VPOS="4055.0"
                    WIDTH="1512.0"
                    HEIGHT="161.0">
            <Shape><Polygon POINTS="1522 4119 1581 4066 1700 4055 2006 4066 2060 4103 2211 4066 2539 4087 2598 4066 2722 4098 2975 4076 3034 4135 3002 4205 2561 4216 2442 4184 2270 4200 2238 4173 2200 4200 2103 4178 2076 4205 1926 4178 1727 4195 1694 4162 1667 4189 1614 4189 1528 4125"/></Shape>
	    <String CONTENT="והרופא עשה פסחו ˙ וראינו [ש&#39;/]"
                    HPOS="1522.0"
                    VPOS="4055.0"
                    WIDTH="1512.0"
                    HEIGHT="161.0"></String>
          </TextLine>

          
          
          <TextLine ID="eSc_line_1342703"
                    
                    BASELINE="1485 4227 3072 4265" 
                    HPOS="1479.0"
                    VPOS="4157.0"
                    WIDTH="1587.0"
                    HEIGHT="183.0">
            <Shape><Polygon POINTS="1479 4221 1571 4157 1646 4189 1700 4168 1727 4195 1926 4184 2066 4216 2109 4178 2157 4211 2238 4173 2383 4211 2421 4189 2641 4216 2991 4205 3066 4259 2991 4324 2932 4340 2792 4313 2717 4334 2684 4313 2620 4334 2442 4308 2200 4318 2114 4243 2006 4313 1710 4313 1684 4291 1603 4297 1549 4340 1485 4275"/></Shape>
	    <String CONTENT="שהדברים קל וחומ&#39; ˙ עוד שאלן"
                    HPOS="1479.0"
                    VPOS="4157.0"
                    WIDTH="1587.0"
                    HEIGHT="183.0"></String>
          </TextLine>

          
          
          <TextLine ID="eSc_line_1342716"
                    
                    BASELINE="1554 4361 3039 4377" 
                    HPOS="1549.0"
                    VPOS="4297.0"
                    WIDTH="1485.0"
                    HEIGHT="161.0">
            <Shape><Polygon POINTS="1549 4356 1587 4308 1732 4318 1797 4297 1931 4318 2044 4297 2211 4324 2448 4308 2604 4340 2668 4313 2738 4340 2792 4318 2916 4340 2970 4324 3034 4372 3002 4453 2910 4437 2867 4458 2620 4458 2544 4447 2512 4410 2469 4442 2249 4442 1592 4431 1554 4399"/></Shape>
	    <String CONTENT="ר&#39; עקיבא השוחט חמשה זבחים"
                    HPOS="1549.0"
                    VPOS="4297.0"
                    WIDTH="1485.0"
                    HEIGHT="161.0"></String>
          </TextLine>

          
          
          <TextLine ID="eSc_line_1342717"
                    
                    BASELINE="1495 4490 3072 4512" 
                    HPOS="1490.0"
                    VPOS="4410.0"
                    WIDTH="1576.0"
                    HEIGHT="172.0">
            <Shape><Polygon POINTS="1490 4485 1571 4420 2469 4447 2512 4410 2544 4442 2792 4464 2959 4437 3066 4507 2991 4576 2835 4555 2781 4582 2695 4550 2641 4571 2286 4566 2179 4523 2146 4555 2076 4560 2055 4539 1931 4560 1883 4533 1818 4560 1554 4555 1495 4496"/></Shape>
	    <String CONTENT="בחוץ בהעלם אחד מהו חייב אחת"
                    HPOS="1490.0"
                    VPOS="4410.0"
                    WIDTH="1576.0"
                    HEIGHT="172.0"></String>
          </TextLine>

          
          
          <TextLine ID="eSc_line_1342710"
                    
                    BASELINE="1549 4598 3056 4614" 
                    HPOS="1544.0"
                    VPOS="4533.0"
                    WIDTH="1506.0"
                    HEIGHT="167.0">
            <Shape><Polygon POINTS="1544 4593 1576 4550 1845 4560 1883 4539 2049 4539 2076 4566 2146 4566 2179 4533 2249 4566 2550 4576 2701 4555 2792 4582 2851 4550 2878 4576 2980 4576 3050 4609 2975 4695 2910 4700 2851 4668 2765 4695 2695 4641 2652 4684 2388 4668 2243 4695 2162 4652 2082 4689 2044 4657 1807 4679 1549 4646"/></Shape>
	    <String CONTENT="על כולן או חייב על כל אחת ואחת"
                    HPOS="1544.0"
                    VPOS="4533.0"
                    WIDTH="1506.0"
                    HEIGHT="167.0"></String>
          </TextLine>

          
          
          <TextLine ID="eSc_line_1342707"
                    
                    BASELINE="1549 4711 3050 4749" 
                    HPOS="1544.0"
                    VPOS="4646.0"
                    WIDTH="1501.0"
                    HEIGHT="183.0">
            <Shape><Polygon POINTS="1544 4706 1587 4657 1807 4684 2044 4668 2087 4689 2162 4652 2195 4689 2249 4695 2399 4668 2453 4689 2652 4689 2706 4646 2760 4689 2986 4695 3045 4743 2959 4818 2857 4829 2749 4797 2631 4824 2340 4792 2275 4818 2141 4797 2109 4770 2060 4813 1963 4792 1764 4808 1587 4792 1549 4765"/></Shape>
	    <String CONTENT="אמרו לא שמענו א&#39;ר&#39; יהושע [שמ&#39;]"
                    HPOS="1544.0"
                    VPOS="4646.0"
                    WIDTH="1501.0"
                    HEIGHT="183.0"></String>
          </TextLine>

          
          
          <TextLine ID="eSc_line_1342718"
                    
                    BASELINE="1463 4845 3072 4872" 
                    HPOS="1458.0"
                    VPOS="4775.0"
                    WIDTH="1608.0"
                    HEIGHT="183.0">
            <Shape><Polygon POINTS="1458 4840 1533 4775 1780 4808 2023 4792 2049 4818 2098 4797 2114 4818 2173 4797 2302 4818 2356 4786 2442 4818 2588 4808 2631 4829 2738 4808 2883 4829 3056 4781 3066 4867 2964 4953 2840 4958 2641 4937 2464 4953 2383 4926 2130 4953 1915 4942 1840 4915 1791 4937 1614 4915 1522 4931 1463 4872"/></Shape>
	    <String CONTENT="שמעתי האוכל מזבח אחד בחמשה"
                    HPOS="1458.0"
                    VPOS="4775.0"
                    WIDTH="1608.0"
                    HEIGHT="183.0"></String>
          </TextLine>

          
          
          <TextLine ID="eSc_line_1342715"
                    
                    BASELINE="1501 4980 3072 5007" 
                    HPOS="1495.0"
                    VPOS="4926.0"
                    WIDTH="1571.0"
                    HEIGHT="183.0">
            <Shape><Polygon POINTS="1495 4974 1501 4948 1598 4926 1635 4948 1667 4926 1791 4926 1926 4953 1980 4931 2001 4953 2125 4958 2335 4958 2362 4937 2458 4964 2943 4958 3050 4969 3066 5001 3045 5104 2921 5109 2302 5098 2249 5061 2119 5055 1974 5055 1931 5093 1818 5093 1501 5050"/></Shape>
	    <String CONTENT="תמחויין בהעלם אחד שהוא חייב"
                    HPOS="1495.0"
                    VPOS="4926.0"
                    WIDTH="1571.0"
                    HEIGHT="183.0"></String>
          </TextLine>

          
        </TextBlock>
        
        <TextBlock HPOS="1029.0"
                   VPOS="591.0"
                   WIDTH="465.0"
                   HEIGHT="124.0"
                   ID="eSc_textblock_13016"
                   TAGREFS="BT219">
          <Shape><Polygon POINTS="1029 591 1029 715 1494 715 1494 591"/></Shape>
          
          
          <TextLine ID="eSc_line_1342652"
                    
                    BASELINE="1033 661 1501 650" 
                    HPOS="1027.0"
                    VPOS="602.0"
                    WIDTH="468.0"
                    HEIGHT="129.0">
            <Shape><Polygon POINTS="1027 656 1033 618 1253 602 1436 602 1495 645 1485 699 1431 709 1307 699 1259 731 1086 731 1038 709"/></Shape>
	    <String CONTENT="תורת כהנים"
                    HPOS="1027.0"
                    VPOS="602.0"
                    WIDTH="468.0"
                    HEIGHT="129.0"></String>
          </TextLine>

          
        </TextBlock>
        

        
      </PrintSpace>
    </Page>
  </Layout>
</alto>
