<?xml version="1.0" encoding="UTF-8"?>
<alto xmlns:xsi="http://www.w3.org/2001/XMLSchema-instance"
      xmlns="http://www.loc.gov/standards/alto/ns-v4#"
      xsi:schemaLocation="http://www.loc.gov/standards/alto/ns-v4# http://www.loc.gov/standards/alto/v4/alto-4-2.xsd">
  <Description>
    <MeasurementUnit>pixel</MeasurementUnit>
    <sourceImageInformation>
      <fileName>add_ms_16406_f187r.jpg</fileName>
      
    </sourceImageInformation>
  </Description>
  
  <Tags>
    <OtherTag ID="BT1" LABEL="Title" DESCRIPTION="block type Title"/><OtherTag ID="BT2" LABEL="Main" DESCRIPTION="block type Main"/><OtherTag ID="BT3" LABEL="Commentary" DESCRIPTION="block type Commentary"/><OtherTag ID="BT4" LABEL="Illustration" DESCRIPTION="block type Illustration"/><OtherTag ID="BT224" LABEL="Hole" DESCRIPTION="block type Hole"/><OtherTag ID="BT225" LABEL="Margin" DESCRIPTION="block type Margin"/><OtherTag ID="BT226" LABEL="Paratext" DESCRIPTION="block type Paratext"/>
    <OtherTag ID="LT2" LABEL="Numbering" DESCRIPTION="line type Numbering"/><OtherTag ID="LT3" LABEL="Correction" DESCRIPTION="line type Correction"/><OtherTag ID="LT329" LABEL="Gloss" DESCRIPTION="line type Gloss"/>
  </Tags>
  
  <Layout>
    <Page WIDTH="4492"
          HEIGHT="6359"
          PHYSICAL_IMG_NR="373"
          ID="eSc_dummypage_">
      <PrintSpace HPOS="0"
                  VPOS="0"
                  WIDTH="4492"
                  HEIGHT="6359">
        
        <TextBlock HPOS="2696.0"
                   VPOS="731.0"
                   WIDTH="1499.0"
                   HEIGHT="4380.0"
                   ID="eSc_textblock_4a570d84"
                   TAGREFS="BT2">
          <Shape><Polygon POINTS="4039 5111 4152 5083 4110 5044 4180 4998 4195 4843 4195 777 4138 731 2728 731 2696 5083 4039 5111"/></Shape>
          
          
          <TextLine ID="eSc_line_cae0d3c9"
                    
                    BASELINE="2768 847 2842 842 3616 853 4212 925" 
                    HPOS="2757.0"
                    VPOS="731.0"
                    WIDTH="1459.0"
                    HEIGHT="249.0">
            <Shape><Polygon POINTS="2763 842 2768 747 2900 763 2916 752 2948 731 2954 731 2954 731 2954 731 2959 731 2959 731 2964 731 2964 731 2969 731 2969 731 2969 731 3033 763 3049 768 3102 768 3235 757 3240 757 3240 757 3240 757 3245 757 3319 778 3357 789 3399 784 3547 763 3547 763 3553 763 3553 763 3553 763 3558 763 3558 763 3643 800 3648 805 4051 826 4057 826 4126 794 4126 794 4131 794 4131 794 4131 794 4136 794 4136 794 4136 794 4141 794 4141 794 4141 794 4216 837 4210 922 4195 980 3192 937 3192 937 3192 937 3187 937 3187 937 3187 937 3123 911 2757 916"/></Shape>
	    <String CONTENT="כל המים כימים וכנחלים ˙ ד&#39; ˙ אתה"
                    HPOS="2757.0"
                    VPOS="731.0"
                    WIDTH="1459.0"
                    HEIGHT="249.0"></String>
          </TextLine>

          
          
          <TextLine ID="eSc_line_e7ef5fe3"
                    
                    BASELINE="2725 975 2985 985 3113 975 3176 996 3235 996 3288 1006 3590 1001 3839 1028 4212 1058" 
                    HPOS="2704.0"
                    VPOS="911.0"
                    WIDTH="1506.0"
                    HEIGHT="196.0">
            <Shape><Polygon POINTS="2720 969 2720 916 3346 937 3473 911 3473 911 3473 911 3479 911 3479 911 3484 911 3616 948 3712 922 3717 922 3717 922 3717 922 3723 922 3723 922 3728 922 3728 922 3834 964 3919 932 3919 932 3924 932 3924 932 3929 932 3929 932 3929 932 4210 985 4210 1054 4195 1107 2704 1033"/></Shape>
	    <String CONTENT="אומר לכך נאמר בהם במים במים שהתרתי"
                    HPOS="2704.0"
                    VPOS="911.0"
                    WIDTH="1506.0"
                    HEIGHT="196.0"></String>
          </TextLine>

          
          
          <TextLine ID="eSc_line_f51cae98"
                    
                    BASELINE="2720 1096 2869 1112 3044 1107 3256 1134 3595 1128 3744 1144 3797 1160 3908 1149 4212 1185" 
                    HPOS="2699.0"
                    VPOS="1028.0"
                    WIDTH="1511.0"
                    HEIGHT="217.0">
            <Shape><Polygon POINTS="2715 1091 2715 1043 2996 1054 2996 1054 3060 1028 3060 1028 3065 1028 3065 1028 3065 1028 3070 1028 4210 1123 4210 1181 4195 1245 2699 1171"/></Shape>
	    <String CONTENT="בהם אסרתי ואיזה מין התרתי בעל עצמות"
                    HPOS="2699.0"
                    VPOS="1028.0"
                    WIDTH="1511.0"
                    HEIGHT="217.0"></String>
          </TextLine>

          
          
          <TextLine ID="eSc_line_01ba870f"
                    
                    BASELINE="2789 1240 3325 1234 3436 1266 3505 1255 3749 1255 3802 1271 3929 1282 4212 1301" 
                    HPOS="2773.0"
                    VPOS="1171.0"
                    WIDTH="1437.0"
                    HEIGHT="180.0">
            <Shape><Polygon POINTS="2784 1234 2778 1187 3579 1171 3585 1171 3585 1171 3590 1171 3590 1171 3590 1171 3595 1171 3595 1171 3595 1171 3632 1202 3632 1208 4210 1218 4210 1298 4195 1351 2773 1319"/></Shape>
	    <String CONTENT="ופרה ורבה איני בעל עצמות ופרה ורבה [וש&#39;]"
                    HPOS="2773.0"
                    VPOS="1171.0"
                    WIDTH="1437.0"
                    HEIGHT="180.0"></String>
          </TextLine>

          
          
          <TextLine ID="eSc_line_b2dbda9e"
                    
                    BASELINE="2763 1367 3187 1367 3304 1356 3372 1377 3521 1388 3643 1383 3818 1398 3882 1414 3935 1404 4212 1431" 
                    HPOS="2747.0"
                    VPOS="1292.0"
                    WIDTH="1463.0"
                    HEIGHT="207.0">
            <Shape><Polygon POINTS="2757 1361 2752 1298 3494 1292 3500 1292 3500 1292 3505 1292 3654 1330 3659 1330 3659 1330 3924 1308 3924 1308 3929 1308 3929 1308 4210 1356 4210 1430 4195 1499 2747 1425"/></Shape>
	    <String CONTENT="ומניין לבעל עצמות ואיני פרה ורבה איני"
                    HPOS="2747.0"
                    VPOS="1292.0"
                    WIDTH="1463.0"
                    HEIGHT="207.0"></String>
          </TextLine>

          
          
          <TextLine ID="eSc_line_e64b54ca"
                    
                    BASELINE="2747 1494 3129 1489 3182 1504 3314 1515 3574 1510 3807 1536 4212 1575" 
                    HPOS="2731.0"
                    VPOS="1420.0"
                    WIDTH="1490.0"
                    HEIGHT="196.0">
            <Shape><Polygon POINTS="2741 1489 2736 1430 3272 1420 3277 1420 3744 1473 4168 1467 4173 1467 4173 1467 4179 1467 4179 1467 4179 1467 4184 1467 4184 1467 4221 1499 4210 1573 4195 1616 2731 1547"/></Shape>
	    <String CONTENT="בעל עצמות ופרה ורבה עד שתהא מרבה"
                    HPOS="2731.0"
                    VPOS="1420.0"
                    WIDTH="1490.0"
                    HEIGHT="196.0"></String>
          </TextLine>

          
          
          <TextLine ID="eSc_line_934d7b21"
                    
                    BASELINE="2763 1621 3028 1616 3203 1642 3553 1637 3723 1663 4025 1658 4212 1695" 
                    HPOS="2747.0"
                    VPOS="1547.0"
                    WIDTH="1463.0"
                    HEIGHT="191.0">
            <Shape><Polygon POINTS="2757 1616 2752 1568 2975 1547 2980 1547 4210 1610 4210 1690 4189 1738 2747 1706"/></Shape>
	    <String CONTENT="להביא את הגלום ואת הצפרדעים הגדילים"
                    HPOS="2747.0"
                    VPOS="1547.0"
                    WIDTH="1463.0"
                    HEIGHT="191.0"></String>
          </TextLine>

          
          
          <TextLine ID="eSc_line_683a9b74"
                    
                    BASELINE="2752 1748 3129 1743 3277 1769 3638 1764 3829 1791 4212 1823" 
                    HPOS="2731.0"
                    VPOS="1663.0"
                    WIDTH="1479.0"
                    HEIGHT="207.0">
            <Shape><Polygon POINTS="2747 1743 2741 1685 3203 1663 3208 1663 3208 1663 3208 1663 3213 1663 3213 1663 3219 1663 3219 1663 3256 1690 3404 1674 3404 1674 3410 1674 3410 1674 3791 1716 3844 1690 3844 1690 3844 1690 3850 1690 3850 1690 3850 1690 3855 1690 3855 1690 3860 1690 3860 1690 3860 1690 3866 1690 3866 1690 3866 1695 3871 1695 3871 1695 3892 1727 4210 1743 4210 1822 4195 1870 2832 1833 2832 1833 2832 1833 2826 1833 2731 1801"/></Shape>
	    <String CONTENT="בים וגדילים ב[ב]יבשה תלמוד לומר כל [אש&#39;]"
                    HPOS="2731.0"
                    VPOS="1663.0"
                    WIDTH="1479.0"
                    HEIGHT="207.0"></String>
          </TextLine>

          
          
          <TextLine ID="eSc_line_8a355876"
                    
                    BASELINE="2725 1870 3086 1870 3420 1897 3590 1897 3823 1918 3982 1912 4212 1950" 
                    HPOS="2715.0"
                    VPOS="1791.0"
                    WIDTH="1495.0"
                    HEIGHT="212.0">
            <Shape><Polygon POINTS="2720 1865 2715 1801 3160 1791 3166 1791 4210 1881 4210 1944 4195 2003 3611 2003 3606 1997 3606 1997 3601 1997 3500 1965 3494 1965 3494 1965 3415 1987 3410 1987 3410 1987 3410 1987 3404 1987 2715 1923"/></Shape>
	    <String CONTENT="אשר אין לו סנפיר וקשקשת לא תאכלו"
                    HPOS="2715.0"
                    VPOS="1791.0"
                    WIDTH="1495.0"
                    HEIGHT="212.0"></String>
          </TextLine>

          
          
          <TextLine ID="eSc_line_66b3c755"
                    
                    BASELINE="2699 2008 2842 2024 3346 2018 3399 2034 3569 2045 3807 2040 4062 2066 4202 2099 4209 2097" 
                    HPOS="2694.0"
                    VPOS="1950.0"
                    WIDTH="1511.0"
                    HEIGHT="206.0">
            <Shape><Polygon POINTS="2694 2003 2778 1955 2837 1971 2863 1950 3489 1965 3712 1997 3850 1981 3871 2003 3929 2003 3982 1965 4025 2013 4157 2008 4205 2093 4189 2124 4168 2114 4104 2156 4035 2156 3993 2130 3871 2135 3839 2114 3537 2119 3399 2098 3309 2119 3187 2087 3129 2103 3091 2077 2784 2119 2699 2029"/></Shape>
	    <String CONTENT="אין לי אלא המרבה בקשקשים ובסנפירים"
                    HPOS="2694.0"
                    VPOS="1950.0"
                    WIDTH="1511.0"
                    HEIGHT="206.0"></String>
          </TextLine>

          
          
          <TextLine ID="eSc_line_6d1316a8"
                    
                    BASELINE="2720 2162 2932 2162 2991 2172 3473 2167 3606 2199 3659 2188 3717 2188 4209 2236" 
                    HPOS="2715.0"
                    VPOS="2082.0"
                    WIDTH="1490.0"
                    HEIGHT="207.0">
            <Shape><Polygon POINTS="2715 2156 2810 2109 2964 2114 3065 2082 3213 2114 3638 2114 4099 2151 4152 2167 4205 2230 4131 2289 3908 2278 3860 2246 3441 2257 3388 2252 3351 2215 3309 2257 3060 2230 2858 2252 2725 2156"/></Shape>
	    <String CONTENT="כגון כפיות זו שבים מניין אפילו סנפיר"
                    HPOS="2715.0"
                    VPOS="2082.0"
                    WIDTH="1490.0"
                    HEIGHT="207.0"></String>
          </TextLine>

          
          
          <TextLine ID="eSc_line_b523f44c"
                    
                    BASELINE="2741 2294 3235 2294 3457 2321 3850 2315 3972 2331 4209 2358" 
                    HPOS="2736.0"
                    VPOS="2220.0"
                    WIDTH="1469.0"
                    HEIGHT="196.0">
            <Shape><Polygon POINTS="2736 2289 2837 2241 3309 2257 3346 2220 3383 2257 3717 2252 4136 2283 4205 2352 4083 2416 3977 2389 3802 2405 3266 2363 2996 2363 2900 2389 2800 2374 2741 2315"/></Shape>
	    <String CONTENT="אחד וקשקשת אחת תלמוד לומר וקשה"
                    HPOS="2736.0"
                    VPOS="2220.0"
                    WIDTH="1469.0"
                    HEIGHT="196.0"></String>
          </TextLine>

          
          
          <TextLine ID="eSc_line_9b8f43f0"
                    
                    BASELINE="2741 2411 2810 2427 2991 2421 3049 2432 3351 2437 3479 2448 3961 2442 4181 2491 4209 2487" 
                    HPOS="2736.0"
                    VPOS="2374.0"
                    WIDTH="1469.0"
                    HEIGHT="169.0">
            <Shape><Polygon POINTS="2736 2405 2789 2379 3028 2374 3908 2411 4004 2395 4147 2411 4205 2485 4152 2527 4078 2543 3786 2495 3765 2517 3362 2495 2816 2511 2741 2458"/></Shape>
	    <String CONTENT="וקשקשת ר&#39; יהודה אומר שני קשקשים"
                    HPOS="2736.0"
                    VPOS="2374.0"
                    WIDTH="1469.0"
                    HEIGHT="169.0"></String>
          </TextLine>

          
          
          <TextLine ID="eSc_line_0601c899"
                    
                    BASELINE="2784 2554 3171 2548 3293 2564 3426 2564 3500 2580 3563 2570 4209 2602" 
                    HPOS="2778.0"
                    VPOS="2490.0"
                    WIDTH="1427.0"
                    HEIGHT="170.0">
            <Shape><Polygon POINTS="2778 2548 2842 2501 3192 2511 3224 2490 3282 2511 3680 2522 3791 2501 3844 2527 4152 2533 4205 2601 4126 2660 3966 2654 3935 2628 3839 2654 3680 2654 3601 2628 3155 2649 3102 2612 3044 2638 2784 2617"/></Shape>
	    <String CONTENT="שנאמר וקשקשים אף על פי שאין"
                    HPOS="2778.0"
                    VPOS="2490.0"
                    WIDTH="1427.0"
                    HEIGHT="170.0"></String>
          </TextLine>

          
          
          <TextLine ID="eSc_line_15b58690"
                    
                    BASELINE="2763 2670 2900 2670 2954 2686 3378 2691 3484 2702 4209 2733" 
                    HPOS="2757.0"
                    VPOS="2612.0"
                    WIDTH="1448.0"
                    HEIGHT="170.0">
            <Shape><Polygon POINTS="2757 2665 2879 2623 3526 2649 3579 2612 3675 2654 3892 2649 3924 2628 3966 2654 4163 2660 4205 2729 4168 2776 4067 2782 3961 2744 3929 2771 3839 2776 3595 2755 3346 2771 3272 2750 3203 2771 3160 2744 3107 2771 2863 2739 2826 2766 2763 2723"/></Shape>
	    <String CONTENT="ראיה לדבר זכר לדבר ושריון קשקשים"
                    HPOS="2757.0"
                    VPOS="2612.0"
                    WIDTH="1448.0"
                    HEIGHT="170.0"></String>
          </TextLine>

          
          
          <TextLine ID="eSc_line_6d22a074"
                    
                    BASELINE="2741 2803 3113 2803 3335 2819 3542 2819 3611 2829 4209 2860" 
                    HPOS="2736.0"
                    VPOS="2744.0"
                    WIDTH="1469.0"
                    HEIGHT="159.0">
            <Shape><Polygon POINTS="2736 2797 2763 2755 2863 2744 2991 2771 3404 2755 3447 2776 3876 2776 3961 2744 3998 2776 4184 2782 4205 2856 4189 2893 4131 2903 3951 2903 3935 2882 3807 2898 3770 2856 3696 2893 2741 2888"/></Shape>
	    <String CONTENT="הוא לבוש ˙ ה&#39; ˙ ר&#39; יוסי בן דורמסקית"
                    HPOS="2736.0"
                    VPOS="2744.0"
                    WIDTH="1469.0"
                    HEIGHT="159.0"></String>
          </TextLine>

          
          
          <TextLine ID="eSc_line_64dd93f9"
                    
                    BASELINE="2784 2925 3208 2946 3468 2946 3521 2956 4209 2978" 
                    HPOS="2778.0"
                    VPOS="2882.0"
                    WIDTH="1427.0"
                    HEIGHT="149.0">
            <Shape><Polygon POINTS="2778 2919 2794 2893 3028 2882 4078 2909 4173 2893 4205 2972 4184 3020 4073 3031 3887 3009 3802 3031 3590 3025 3547 2999 3325 3025 2784 3009"/></Shape>
	    <String CONTENT="אומר לויתן דג טהור שנאמר גאוה [אפ&#39;]"
                    HPOS="2778.0"
                    VPOS="2882.0"
                    WIDTH="1427.0"
                    HEIGHT="149.0"></String>
          </TextLine>

          
          
          <TextLine ID="eSc_line_4f236cc1"
                    
                    BASELINE="2747 3052 3192 3073 3457 3073 3510 3084 4202 3117 4209 3115" 
                    HPOS="2741.0"
                    VPOS="2999.0"
                    WIDTH="1464.0"
                    HEIGHT="164.0">
            <Shape><Polygon POINTS="2741 3047 2800 3015 2906 3004 3415 3025 3553 2999 3574 3020 3696 3031 4195 3031 4205 3110 4189 3147 4099 3163 3993 3163 3961 3131 3898 3158 3643 3131 3426 3158 3129 3147 3107 3126 3007 3158 2948 3126 2800 3131 2747 3078"/></Shape>
	    <String CONTENT="אפיקי מגינים אילו הקשקשים שבו [חדו&#39;]"
                    HPOS="2741.0"
                    VPOS="2999.0"
                    WIDTH="1464.0"
                    HEIGHT="164.0"></String>
          </TextLine>

          
          
          <TextLine ID="eSc_line_927b18a8"
                    
                    BASELINE="2747 3195 2879 3179 2948 3195 3489 3200 3611 3211 4209 3231" 
                    HPOS="2741.0"
                    VPOS="3126.0"
                    WIDTH="1464.0"
                    HEIGHT="159.0">
            <Shape><Polygon POINTS="2741 3190 2816 3131 2916 3153 3060 3147 3091 3126 3118 3147 3288 3153 3611 3153 3669 3131 3770 3158 4163 3153 4205 3227 4104 3274 3972 3253 3829 3285 3786 3258 3728 3280 3627 3258 3601 3285 3155 3280 3017 3227 2911 3285 2832 3280 2747 3211"/></Shape>
	    <String CONTENT="חדודי חרש אילו הסנפירים שלו ˙ ו&#39; ˙"
                    HPOS="2741.0"
                    VPOS="3126.0"
                    WIDTH="1464.0"
                    HEIGHT="159.0"></String>
          </TextLine>

          
          
          <TextLine ID="eSc_line_2e8bbb75"
                    
                    BASELINE="2736 3327 3155 3327 3272 3338 4209 3360" 
                    HPOS="2731.0"
                    VPOS="3253.0"
                    WIDTH="1474.0"
                    HEIGHT="164.0">
            <Shape><Polygon POINTS="2731 3322 2805 3274 3585 3290 3781 3269 3829 3290 3988 3253 4019 3285 4141 3274 4205 3359 4110 3417 3956 3396 3860 3417 3229 3417 3197 3386 3123 3417 3017 3396 2800 3402 2736 3338"/></Shape>
	    <String CONTENT="תאכלו לרבות הטהור שבמעי טמא או ˙"
                    HPOS="2731.0"
                    VPOS="3253.0"
                    WIDTH="1474.0"
                    HEIGHT="164.0"></String>
          </TextLine>

          
          
          <TextLine ID="eSc_line_f746450c"
                    
                    BASELINE="2763 3455 4186 3498 4209 3493" 
                    HPOS="2757.0"
                    VPOS="3386.0"
                    WIDTH="1448.0"
                    HEIGHT="169.0">
            <Shape><Polygon POINTS="2757 3449 2784 3407 2938 3417 3017 3396 3102 3423 3160 3417 3192 3386 3256 3423 3606 3407 3638 3428 3738 3428 4030 3402 4083 3423 4141 3412 4205 3492 4104 3550 4046 3523 3929 3550 3807 3534 3632 3555 3601 3523 3563 3550 2938 3550 2784 3534 2763 3513"/></Shape>
	    <String CONTENT="יכול טמא ושבמעי טהור תלמוד לומר"
                    HPOS="2757.0"
                    VPOS="3386.0"
                    WIDTH="1448.0"
                    HEIGHT="169.0"></String>
          </TextLine>

          
          
          <TextLine ID="eSc_line_da65de5e"
                    
                    BASELINE="2720 3598 4209 3631" 
                    HPOS="2715.0"
                    VPOS="3523.0"
                    WIDTH="1490.0"
                    HEIGHT="165.0">
            <Shape><Polygon POINTS="2715 3592 2810 3534 2932 3555 3563 3555 3595 3523 3638 3555 3707 3534 3786 3555 4136 3534 4205 3629 4094 3677 3701 3661 3664 3682 3463 3667 2932 3688 2805 3677 2720 3598"/></Shape>
	    <String CONTENT="אותם מה ראית לומר בבהמה שבמעי [ט&#39;]"
                    HPOS="2715.0"
                    VPOS="3523.0"
                    WIDTH="1490.0"
                    HEIGHT="165.0"></String>
          </TextLine>

          
          
          <TextLine ID="eSc_line_e7a9550a"
                    
                    BASELINE="2720 3720 3351 3730 3404 3741 3643 3741 3765 3730 4209 3764" 
                    HPOS="2715.0"
                    VPOS="3667.0"
                    WIDTH="1490.0"
                    HEIGHT="143.0">
            <Shape><Polygon POINTS="2715 3714 2800 3677 4136 3667 4195 3720 4205 3762 4073 3804 4014 3773 3961 3804 3770 3810 3717 3783 3643 3810 3309 3810 3203 3783 3150 3810 3107 3778 3070 3804 2837 3810 2789 3799 2720 3725"/></Shape>
	    <String CONTENT="טמא טמא ושבמעי טהור ובדגה אינו"
                    HPOS="2715.0"
                    VPOS="3667.0"
                    WIDTH="1490.0"
                    HEIGHT="143.0"></String>
          </TextLine>

          
          
          <TextLine ID="eSc_line_ac6482ec"
                    
                    BASELINE="2741 3857 4208 3890" 
                    HPOS="2736.0"
                    VPOS="3778.0"
                    WIDTH="1469.0"
                    HEIGHT="164.0">
            <Shape><Polygon POINTS="2736 3852 2794 3794 3044 3810 3107 3778 3160 3810 3197 3788 3659 3815 3723 3788 3876 3810 4019 3778 4046 3804 4136 3794 4205 3889 4094 3931 3898 3910 3860 3931 3738 3916 3675 3937 3367 3937 3261 3916 3224 3942 3134 3916 3012 3931 2985 3905 2948 3931 2789 3937 2741 3894"/></Shape>
	    <String CONTENT="כן לפי שאינו גידולו תאכלו לרבות [טה&#39;]"
                    HPOS="2736.0"
                    VPOS="3778.0"
                    WIDTH="1469.0"
                    HEIGHT="164.0"></String>
          </TextLine>

          
          
          <TextLine ID="eSc_line_f3ca7a30"
                    
                    BASELINE="2763 3974 3601 3984 4192 4012 4209 4008" 
                    HPOS="2757.0"
                    VPOS="3900.0"
                    WIDTH="1448.0"
                    HEIGHT="164.0">
            <Shape><Polygon POINTS="2757 3969 2821 3931 2954 3926 2980 3900 3012 3931 3123 3921 3213 3942 3261 3921 3871 3931 3903 3910 4141 3921 4205 4006 4094 4048 4057 4022 3977 4022 3866 4053 3616 4064 3399 4059 3346 4027 3304 4059 3197 4059 3144 4006 3070 4064 2959 4043 2821 4064 2763 4006"/></Shape>
	    <String CONTENT="טהור שנכבש עם הטמא או יכול אף"
                    HPOS="2757.0"
                    VPOS="3900.0"
                    WIDTH="1448.0"
                    HEIGHT="164.0"></String>
          </TextLine>

          
          
          <TextLine ID="eSc_line_111397e3"
                    
                    BASELINE="2720 4101 3807 4101 4209 4118" 
                    HPOS="2715.0"
                    VPOS="4011.0"
                    WIDTH="1490.0"
                    HEIGHT="180.0">
            <Shape><Polygon POINTS="2715 4096 2741 4059 2778 4053 3075 4059 3144 4011 3187 4053 3304 4059 3341 4027 3378 4059 3436 4064 3781 4059 4051 4016 4088 4043 4131 4037 4205 4117 4152 4117 4094 4165 3993 4170 3956 4138 3855 4175 3744 4165 3717 4186 3595 4191 3070 4181 3033 4143 3001 4175 2821 4186 2778 4181 2720 4122"/></Shape>
	    <String CONTENT="על פי שנימוק מקצתו תלמוד לומר אותה ˙"
                    HPOS="2715.0"
                    VPOS="4011.0"
                    WIDTH="1490.0"
                    HEIGHT="180.0"></String>
          </TextLine>

          
          
          <TextLine ID="eSc_line_08781b65"
                    
                    BASELINE="2763 4223 2906 4239 3203 4234 3266 4218 3341 4228 3813 4228 3876 4218 4094 4207" 
                    HPOS="2757.0"
                    VPOS="4143.0"
                    WIDTH="1331.0"
                    HEIGHT="181.0">
            <Shape><Polygon POINTS="2757 4218 2805 4175 2996 4181 3033 4143 3075 4186 3219 4191 3855 4181 3961 4143 4004 4181 4062 4170 4088 4202 4073 4271 3892 4297 3829 4271 3776 4297 3669 4297 3632 4271 3574 4313 3494 4297 3176 4324 2927 4297 2900 4318 2789 4308 2763 4281"/></Shape>
	    <String CONTENT="ז&#39; ˙ חיה זו חית הים נפש להביא"
                    HPOS="2757.0"
                    VPOS="4143.0"
                    WIDTH="1331.0"
                    HEIGHT="181.0"></String>
          </TextLine>

          
          
          <TextLine ID="eSc_line_edd348e1"
                    
                    BASELINE="2678 4366 3086 4366 3341 4377 3410 4366 3638 4361 3765 4355 4193 4378" 
                    HPOS="2672.0"
                    VPOS="4276.0"
                    WIDTH="1517.0"
                    HEIGHT="175.0">
            <Shape><Polygon POINTS="2672 4361 2763 4308 3585 4318 3627 4276 3680 4313 3940 4287 3977 4302 4019 4276 4126 4281 4189 4377 4078 4430 3866 4419 3818 4446 3542 4446 3505 4424 3107 4451 2784 4435 2678 4366"/></Shape>
	    <String CONTENT="את הסירני יכול יהא מטמא באהל כדברי"
                    HPOS="2672.0"
                    VPOS="4276.0"
                    WIDTH="1517.0"
                    HEIGHT="175.0"></String>
          </TextLine>

          
          
          <TextLine ID="eSc_line_7a0e280d"
                    
                    BASELINE="2720 4493 3786 4493 4062 4477 4209 4514" 
                    HPOS="2715.0"
                    VPOS="4424.0"
                    WIDTH="1490.0"
                    HEIGHT="154.0">
            <Shape><Polygon POINTS="2715 4488 2778 4435 2858 4424 3007 4446 4147 4424 4205 4509 4115 4557 3823 4546 3765 4567 3579 4551 3505 4573 3017 4578 2964 4573 2927 4536 2885 4567 2821 4573 2720 4488"/></Shape>
	    <String CONTENT="בן חכינאי תלמוד לומר זאת ושקץ לוסר"
                    HPOS="2715.0"
                    VPOS="4424.0"
                    WIDTH="1490.0"
                    HEIGHT="154.0"></String>
          </TextLine>

          
          
          <TextLine ID="eSc_line_032a9318"
                    
                    BASELINE="2736 4620 3765 4620 3945 4604 4209 4629" 
                    HPOS="2731.0"
                    VPOS="4541.0"
                    WIDTH="1474.0"
                    HEIGHT="169.0">
            <Shape><Polygon POINTS="2731 4615 2805 4578 2885 4578 2927 4541 2964 4578 3012 4583 4157 4551 4205 4626 4147 4668 4057 4679 3860 4689 3823 4652 3744 4689 3235 4710 3033 4689 2784 4700 2736 4652"/></Shape>
	    <String CONTENT="את רוטבן ואת צירן ואת הקיפה שלהם ˙"
                    HPOS="2731.0"
                    VPOS="4541.0"
                    WIDTH="1474.0"
                    HEIGHT="169.0"></String>
          </TextLine>

          
          
          <TextLine ID="eSc_line_22c03d93"
                    
                    BASELINE="2720 4748 3638 4748 4209 4753" 
                    HPOS="2715.0"
                    VPOS="4657.0"
                    WIDTH="1490.0"
                    HEIGHT="181.0">
            <Shape><Polygon POINTS="2715 4742 2773 4700 3510 4705 3781 4689 3823 4657 3855 4689 4147 4673 4205 4748 4115 4795 3993 4811 3834 4790 3791 4816 3669 4801 3632 4827 3229 4816 3113 4838 3022 4811 2810 4838 2720 4753"/></Shape>
	    <String CONTENT="הם פרט לשאין בהם בנותן טעם מותרין"
                    HPOS="2715.0"
                    VPOS="4657.0"
                    WIDTH="1490.0"
                    HEIGHT="181.0"></String>
          </TextLine>

          
          
          <TextLine ID="eSc_line_8e0be48c"
                    
                    BASELINE="2720 4875 3383 4875 3542 4869 3606 4854 4209 4891" 
                    HPOS="2715.0"
                    VPOS="4801.0"
                    WIDTH="1490.0"
                    HEIGHT="164.0">
            <Shape><Polygon POINTS="2715 4869 2752 4816 2821 4832 2869 4811 2922 4832 3022 4806 3070 4832 3627 4838 3675 4801 3760 4827 4126 4801 4205 4885 4189 4922 4173 4907 4035 4938 3882 4922 3532 4954 3489 4933 3282 4965 3213 4938 3144 4960 2911 4938 2800 4954 2720 4891"/></Shape>
	    <String CONTENT="בהנאה ˙ ח&#39; ˙ ושקץ יהיו לכם לוסר"
                    HPOS="2715.0"
                    VPOS="4801.0"
                    WIDTH="1490.0"
                    HEIGHT="164.0"></String>
          </TextLine>

          
          
          <TextLine ID="eSc_line_7f38e192"
                    
                    BASELINE="2752 4991 3595 5002 4209 5018" 
                    HPOS="2747.0"
                    VPOS="4944.0"
                    WIDTH="1458.0"
                    HEIGHT="148.0">
            <Shape><Polygon POINTS="2747 4986 2752 4965 2826 4949 3314 4975 3357 4944 3441 4975 3611 4975 3654 4944 3892 4944 4104 4949 4205 5013 4189 5055 3977 5055 3940 5087 3844 5055 3760 5066 3733 5092 3585 5055 3547 5087 3479 5066 3288 5087 3250 5060 3065 5081 2996 5060 2980 5076 2954 5050 2890 5076 2858 5050 2789 5066 2752 5034"/></Shape>
	    <String CONTENT="את עירוביהן כמה יהא בו ויהא אסור"
                    HPOS="2747.0"
                    VPOS="4944.0"
                    WIDTH="1458.0"
                    HEIGHT="148.0"></String>
          </TextLine>

          
        </TextBlock>
        
        <TextBlock HPOS="844.0"
                   VPOS="759.0"
                   WIDTH="1527.0"
                   HEIGHT="4352.0"
                   ID="eSc_textblock_5374f358"
                   TAGREFS="BT2">
          <Shape><Polygon POINTS="1198 5111 2371 5083 2357 759 858 763 844 5097 1198 5111"/></Shape>
          
          
          <TextLine ID="eSc_line_de834a72"
                    
                    BASELINE="922 842 1490 858 1713 853 2375 883" 
                    HPOS="906.0"
                    VPOS="752.0"
                    WIDTH="1464.0"
                    HEIGHT="217.0">
            <Shape><Polygon POINTS="917 837 906 784 1028 752 1034 752 1034 752 1039 752 1039 752 1039 752 1225 789 1235 794 2370 821 2370 879 2354 969 906 927"/></Shape>
	    <String CONTENT="משקל עשרה זוז ביהודה שהן חמש [סלע&#39;]"
                    HPOS="906.0"
                    VPOS="752.0"
                    WIDTH="1464.0"
                    HEIGHT="217.0"></String>
          </TextLine>

          
          
          <TextLine ID="eSc_line_e8dbbd2c"
                    
                    BASELINE="901 985 1294 996 1362 1006 2375 1022" 
                    HPOS="885.0"
                    VPOS="895.0"
                    WIDTH="1490.0"
                    HEIGHT="180.0">
            <Shape><Polygon POINTS="896 980 885 932 997 895 1002 895 1002 895 1002 895 1007 895 1007 895 1262 932 1723 900 1728 900 1728 900 1728 900 1734 900 1734 900 1739 900 1739 900 1739 906 1787 943 1925 906 1930 906 1930 906 1935 906 1935 906 1935 906 1941 906 2063 948 2073 953 2174 953 2174 948 2216 916 2216 911 2222 911 2222 911 2222 911 2227 911 2227 911 2227 911 2232 911 2232 911 2238 911 2375 953 2370 1017 2354 1075 885 1054"/></Shape>
	    <String CONTENT="סלעים [ביהודה] בגליל וכל גרב שהוא [מחז&#39;]"
                    HPOS="885.0"
                    VPOS="895.0"
                    WIDTH="1490.0"
                    HEIGHT="180.0"></String>
          </TextLine>

          
          
          <TextLine ID="eSc_line_7560220d"
                    
                    BASELINE="875 1123 1012 1118 1294 1123 1405 1134 2375 1139" 
                    HPOS="859.0"
                    VPOS="1043.0"
                    WIDTH="1511.0"
                    HEIGHT="186.0">
            <Shape><Polygon POINTS="869 1118 864 1070 1378 1043 1384 1043 2365 1075 2370 1134 2365 1192 2296 1224 2296 1224 2291 1224 2291 1224 2291 1229 1644 1229 1638 1224 1638 1224 1633 1224 1633 1224 1633 1224 1628 1224 1585 1192 859 1187"/></Shape>
	    <String CONTENT="מחזיק סאתים דג טמא צירו אסור ר&#39; יהוד&#39;"
                    HPOS="859.0"
                    VPOS="1043.0"
                    WIDTH="1511.0"
                    HEIGHT="186.0"></String>
          </TextLine>

          
          
          <TextLine ID="eSc_line_2997eab3"
                    
                    BASELINE="885 1224 959 1240 1198 1234 1426 1240 1543 1245 1675 1250 1739 1266 1808 1255 2375 1270" 
                    HPOS="859.0"
                    VPOS="1176.0"
                    WIDTH="1511.0"
                    HEIGHT="175.0">
            <Shape><Polygon POINTS="880 1218 880 1176 2370 1208 2370 1266 2354 1351 859 1292"/></Shape>
	    <String CONTENT="אומר רביעית ר&#39; יוסי אומר אחד מששה"
                    HPOS="859.0"
                    VPOS="1176.0"
                    WIDTH="1511.0"
                    HEIGHT="175.0"></String>
          </TextLine>

          
          
          <TextLine ID="eSc_line_0a436e42"
                    
                    BASELINE="933 1356 1161 1356 1214 1367 1644 1361 1702 1372 1972 1377 2078 1388 2341 1404 2375 1397" 
                    HPOS="917.0"
                    VPOS="1277.0"
                    WIDTH="1453.0"
                    HEIGHT="164.0">
            <Shape><Polygon POINTS="928 1351 922 1308 1219 1277 1219 1277 1225 1277 2370 1324 2370 1393 2365 1441 917 1436"/></Shape>
	    <String CONTENT="עשר בו ˙ ט&#39; ˙ מבשרם ולא מן [הש&#39;]"
                    HPOS="917.0"
                    VPOS="1277.0"
                    WIDTH="1453.0"
                    HEIGHT="164.0"></String>
          </TextLine>

          
          
          <TextLine ID="eSc_line_bcdc7107"
                    
                    BASELINE="917 1489 1394 1489 1458 1499 1750 1504 1808 1515 2375 1520" 
                    HPOS="901.0"
                    VPOS="1409.0"
                    WIDTH="1469.0"
                    HEIGHT="164.0">
            <Shape><Polygon POINTS="912 1483 906 1441 1119 1409 1119 1409 1124 1409 1124 1409 1124 1409 1129 1409 1214 1436 1781 1414 1787 1414 1787 1414 1792 1414 1792 1414 1792 1414 1850 1441 1951 1420 1951 1420 1951 1420 1956 1420 2365 1451 2370 1515 2354 1573 901 1563"/></Shape>
	    <String CONTENT="העצמות ולא מן הסנפירין ואת נבלתם"
                    HPOS="901.0"
                    VPOS="1409.0"
                    WIDTH="1469.0"
                    HEIGHT="164.0"></String>
          </TextLine>

          
          
          <TextLine ID="eSc_line_29b3945e"
                    
                    BASELINE="944 1621 1426 1616 1479 1626 1665 1632 1739 1648 1792 1637 2375 1657" 
                    HPOS="928.0"
                    VPOS="1563.0"
                    WIDTH="1442.0"
                    HEIGHT="143.0">
            <Shape><Polygon POINTS="938 1616 938 1563 2370 1589 2370 1653 2354 1706 928 1679"/></Shape>
	    <String CONTENT="תשקצו להביא את היבחושין שסיננן ˙"
                    HPOS="928.0"
                    VPOS="1563.0"
                    WIDTH="1442.0"
                    HEIGHT="143.0"></String>
          </TextLine>

          
          
          <TextLine ID="eSc_line_2ddd06b0"
                    
                    BASELINE="896 1732 1028 1748 1352 1743 1431 1754 1654 1759 1760 1769 2346 1785 2375 1779" 
                    HPOS="880.0"
                    VPOS="1663.0"
                    WIDTH="1490.0"
                    HEIGHT="191.0">
            <Shape><Polygon POINTS="890 1727 885 1685 1230 1663 1235 1663 1235 1663 1235 1663 1241 1663 1241 1663 1309 1690 1309 1690 1315 1690 1469 1669 1469 1669 1474 1669 1474 1669 1474 1669 1479 1669 1479 1669 1479 1669 1484 1669 1484 1669 1511 1695 1516 1695 1522 1695 1670 1674 1670 1674 1675 1674 2365 1716 2370 1775 2370 1833 1713 1854 1707 1854 1707 1854 1707 1854 1702 1854 1596 1822 1495 1849 1490 1849 1490 1849 1490 1849 1484 1849 1484 1849 1479 1849 1479 1849 1479 1849 1421 1822 1044 1838 1039 1838 1039 1838 1039 1838 880 1801"/></Shape>
	    <String CONTENT="י&#39; ˙ וכל אשר לו סנפיר וקשקשת [ב&#39;]"
                    HPOS="880.0"
                    VPOS="1663.0"
                    WIDTH="1490.0"
                    HEIGHT="191.0"></String>
          </TextLine>

          
          
          <TextLine ID="eSc_line_cf24190a"
                    
                    BASELINE="832 1881 970 1870 1140 1870 1203 1881 1405 1886 1469 1897 2375 1902" 
                    HPOS="816.0"
                    VPOS="1791.0"
                    WIDTH="1554.0"
                    HEIGHT="190.0">
            <Shape><Polygon POINTS="827 1875 816 1828 949 1791 954 1791 954 1791 959 1791 959 1791 959 1791 965 1791 1050 1817 1373 1791 1378 1791 1378 1791 1378 1791 1532 1822 1569 1796 1575 1796 1575 1796 1575 1796 1580 1796 1580 1796 1585 1796 1585 1796 1585 1796 1591 1796 1702 1828 1707 1828 1713 1828 1919 1796 1919 1796 1925 1796 1925 1796 1925 1796 1930 1796 1930 1796 1935 1796 1935 1796 1978 1828 1978 1833 2365 1833 2370 1897 2360 1955 1537 1981 1532 1981 1532 1981 1527 1981 1527 1981 1527 1981 1522 1981 1522 1981 1490 1955 1484 1955 822 1955"/></Shape>
	    <String CONTENT="במים מה תלמוד לומר שיכול אין לי אלא"
                    HPOS="816.0"
                    VPOS="1791.0"
                    WIDTH="1554.0"
                    HEIGHT="190.0"></String>
          </TextLine>

          
          
          <TextLine ID="eSc_line_a179719a"
                    
                    BASELINE="875 2003 1230 2013 1294 2024 1771 2018 2267 2056 2375 2048" 
                    HPOS="853.0"
                    VPOS="1923.0"
                    WIDTH="1517.0"
                    HEIGHT="191.0">
            <Shape><Polygon POINTS="869 1997 869 1944 1272 1955 1278 1955 1368 1923 1368 1923 1373 1923 1373 1923 1378 1923 1511 1928 1511 1928 1511 1928 1516 1928 1516 1928 1516 1928 1522 1928 1522 1928 1522 1934 1553 1960 2195 1950 2200 1950 2200 1950 2200 1950 2370 1992 2370 2045 2365 2114 1219 2114 1214 2109 853 2061"/></Shape>
	    <String CONTENT="המעלה סימני טהרה שלו ליבשה השירן"
                    HPOS="853.0"
                    VPOS="1923.0"
                    WIDTH="1517.0"
                    HEIGHT="191.0"></String>
          </TextLine>

          
          
          <TextLine ID="eSc_line_bb6c1f5a"
                    
                    BASELINE="896 2151 1119 2140 1182 2156 1426 2162 1495 2172 2375 2178" 
                    HPOS="880.0"
                    VPOS="2077.0"
                    WIDTH="1490.0"
                    HEIGHT="185.0">
            <Shape><Polygon POINTS="890 2146 885 2098 1681 2077 1686 2077 1686 2077 1691 2077 1691 2077 1691 2077 1697 2077 1697 2077 1728 2103 1850 2077 1850 2077 1850 2077 1856 2077 1856 2077 1861 2077 1861 2077 1861 2077 1866 2077 1866 2077 1903 2109 1909 2114 2211 2114 2211 2109 2238 2087 2238 2082 2238 2082 2243 2082 2243 2082 2243 2082 2248 2082 2248 2082 2248 2082 2253 2082 2253 2082 2259 2082 2370 2114 2370 2177 2354 2262 880 2246"/></Shape>
	    <String CONTENT="במים מניין תלמוד לומר ושקץ הם לכם"
                    HPOS="880.0"
                    VPOS="2077.0"
                    WIDTH="1490.0"
                    HEIGHT="185.0"></String>
          </TextLine>

          
          
          <TextLine ID="eSc_line_6d563559"
                    
                    BASELINE="875 2294 1028 2289 1081 2305 1145 2294 2375 2310" 
                    HPOS="859.0"
                    VPOS="2209.0"
                    WIDTH="1511.0"
                    HEIGHT="165.0">
            <Shape><Polygon POINTS="869 2289 864 2236 1304 2209 1309 2209 1309 2209 1315 2209 1315 2209 1315 2209 1373 2236 1617 2215 1617 2215 1622 2215 2089 2246 2121 2246 2126 2246 2227 2220 2232 2220 2232 2220 2238 2220 2238 2220 2238 2220 2370 2252 2370 2305 2354 2374 859 2363"/></Shape>
	    <String CONTENT="שלא יעשה בהם סחורה ˙ י&#39;א&#39; ˙"
                    HPOS="859.0"
                    VPOS="2209.0"
                    WIDTH="1511.0"
                    HEIGHT="165.0"></String>
          </TextLine>

          
          
          <TextLine ID="eSc_line_1c925394"
                    
                    BASELINE="811 2405 1203 2427 1750 2421 1808 2432 2375 2446" 
                    HPOS="790.0"
                    VPOS="2352.0"
                    WIDTH="1580.0"
                    HEIGHT="170.0">
            <Shape><Polygon POINTS="806 2400 806 2352 2370 2358 2370 2442 2360 2511 1304 2522 1299 2522 1299 2522 1294 2522 1294 2522 1294 2522 1225 2490 1219 2490 1203 2490 1002 2517 1002 2517 997 2517 997 2517 790 2480"/></Shape>
	    <String CONTENT="ושקץ תשקצו לוסר את צירן ואת רוטבן"
                    HPOS="790.0"
                    VPOS="2352.0"
                    WIDTH="1580.0"
                    HEIGHT="170.0"></String>
          </TextLine>

          
          
          <TextLine ID="eSc_line_6720b494"
                    
                    BASELINE="875 2559 959 2548 2375 2570" 
                    HPOS="859.0"
                    VPOS="2490.0"
                    WIDTH="1511.0"
                    HEIGHT="159.0">
            <Shape><Polygon POINTS="869 2554 869 2490 2365 2511 2370 2564 2360 2633 1267 2649 1262 2649 859 2612"/></Shape>
	    <String CONTENT="ואת הקיפה שלהם ואת ביציהם ואת [ע&#39;]"
                    HPOS="859.0"
                    VPOS="2490.0"
                    WIDTH="1511.0"
                    HEIGHT="159.0"></String>
          </TextLine>

          
          
          <TextLine ID="eSc_line_38886b5a"
                    
                    BASELINE="896 2665 1172 2681 2375 2686" 
                    HPOS="880.0"
                    VPOS="2601.0"
                    WIDTH="1490.0"
                    HEIGHT="165.0">
            <Shape><Polygon POINTS="890 2660 885 2628 1410 2601 1416 2601 2365 2633 2370 2681 2354 2766 880 2739"/></Shape>
	    <String CONTENT="עורותיהם ואת עירוביהן אלה הם הרי ˙"
                    HPOS="880.0"
                    VPOS="2601.0"
                    WIDTH="1490.0"
                    HEIGHT="165.0"></String>
          </TextLine>

          
          
          <TextLine ID="eSc_line_35d817d1"
                    
                    BASELINE="896 2803 1580 2803 1649 2813 1956 2819 2375 2823" 
                    HPOS="885.0"
                    VPOS="2718.0"
                    WIDTH="1485.0"
                    HEIGHT="170.0">
            <Shape><Polygon POINTS="890 2797 885 2755 1145 2750 1177 2718 1177 2718 1182 2718 1182 2718 1182 2718 1187 2718 1187 2718 1187 2718 1193 2718 1193 2718 1389 2750 1431 2718 1431 2718 1437 2718 1437 2718 1437 2718 1442 2718 1442 2718 1442 2718 1447 2718 1447 2718 1453 2718 1585 2755 1596 2760 1930 2760 1930 2755 2015 2723 2015 2723 2020 2723 2020 2723 2025 2723 2025 2723 2365 2760 2370 2819 2360 2888 885 2888"/></Shape>
	    <String CONTENT="אילו מיעוטין פרט לחרטום ולצפרנים"
                    HPOS="885.0"
                    VPOS="2718.0"
                    WIDTH="1485.0"
                    HEIGHT="170.0"></String>
          </TextLine>

          
          
          <TextLine ID="eSc_line_35567313"
                    
                    BASELINE="1092 2941 1309 2941 1362 2930 2375 2950" 
                    HPOS="1081.0"
                    VPOS="2866.0"
                    WIDTH="1294.0"
                    HEIGHT="159.0">
            <Shape><Polygon POINTS="1087 2935 1081 2877 2280 2866 2285 2866 2285 2866 2291 2866 2291 2866 2375 2903 2370 2946 2360 3025 1081 3025"/></Shape>
	    <String CONTENT="ולכנפים ולנוצה ˙"
                    HPOS="1081.0"
                    VPOS="2866.0"
                    WIDTH="1294.0"
                    HEIGHT="159.0"></String>
          </TextLine>

          
          
          <TextLine ID="eSc_line_201de9c6"
                    
                    BASELINE="1550 3082 1855 3090" 
                    HPOS="1548.0"
                    VPOS="2988.0"
                    WIDTH="302.0"
                    HEIGHT="170.0">
            <Shape><Polygon POINTS="1548 3078 1559 3020 1697 2988 1787 3025 1840 3020 1850 3089 1834 3142 1776 3131 1702 3158 1553 3131"/></Shape>
	    <String CONTENT="פרק ˙"
                    HPOS="1548.0"
                    VPOS="2988.0"
                    WIDTH="302.0"
                    HEIGHT="170.0"></String>
          </TextLine>

          
          
          <TextLine ID="eSc_line_1598aac1"
                    
                    BASELINE="875 3195 997 3184 2375 3206" 
                    HPOS="853.0"
                    VPOS="3089.0"
                    WIDTH="1522.0"
                    HEIGHT="207.0">
            <Shape><Polygon POINTS="869 3190 864 3121 1023 3089 1023 3089 1023 3089 1028 3089 1028 3089 1034 3089 1034 3089 1034 3089 1039 3089 1087 3121 1225 3094 1225 3094 1225 3094 1230 3094 1230 3094 1235 3094 1235 3094 1235 3094 1241 3094 1288 3126 1288 3126 1299 3126 1537 3105 1537 3105 1543 3105 1543 3105 1548 3105 1548 3105 1548 3105 1553 3105 1553 3105 1553 3110 1559 3110 1575 3131 1575 3131 1591 3131 2312 3110 2317 3110 2317 3110 2322 3110 2322 3110 2322 3110 2328 3110 2328 3110 2375 3147 2370 3205 2360 3264 2163 3296 2163 3296 2158 3296 2158 3296 2158 3296 2153 3296 2052 3264 2052 3264 2047 3264 1612 3285 1606 3285 938 3274 938 3274 938 3274 933 3274 933 3274 853 3243"/></Shape>
	    <String CONTENT="לא יאכלו לחייב את המאכיל או לא"
                    HPOS="853.0"
                    VPOS="3089.0"
                    WIDTH="1522.0"
                    HEIGHT="207.0"></String>
          </TextLine>

          
          
          <TextLine ID="eSc_line_e16bfa9c"
                    
                    BASELINE="885 3322 954 3311 1506 3327 2375 3333" 
                    HPOS="875.0"
                    VPOS="3232.0"
                    WIDTH="1495.0"
                    HEIGHT="164.0">
            <Shape><Polygon POINTS="880 3317 875 3258 1007 3232 1007 3232 1012 3232 1012 3232 1012 3232 1018 3232 1018 3232 1018 3232 1065 3258 1076 3264 1320 3264 1325 3258 1352 3232 1352 3232 1357 3232 1357 3232 1357 3232 1362 3232 1362 3232 1368 3232 1368 3232 1368 3232 1373 3232 1447 3258 1479 3264 1532 3258 1654 3237 1654 3237 1659 3237 1659 3237 1659 3237 1665 3237 1728 3258 1755 3264 1760 3258 1781 3237 1781 3237 1787 3237 1787 3237 1787 3237 1792 3237 1792 3237 1792 3237 1797 3237 1797 3237 1930 3258 2020 3269 2063 3258 2100 3243 2100 3243 2105 3243 2105 3243 2110 3243 2370 3258 2370 3327 2354 3396 875 3380"/></Shape>
	    <String CONTENT="יאכלו אלא לאוסרן בהנאה מותרין [ה&#39;]"
                    HPOS="875.0"
                    VPOS="3232.0"
                    WIDTH="1495.0"
                    HEIGHT="164.0"></String>
          </TextLine>

          
          
          <TextLine ID="eSc_line_7887d302"
                    
                    BASELINE="880 3444 1421 3455 1601 3465 2341 3481 2375 3474" 
                    HPOS="859.0"
                    VPOS="3359.0"
                    WIDTH="1511.0"
                    HEIGHT="196.0">
            <Shape><Polygon POINTS="875 3439 869 3386 1325 3359 1331 3359 1331 3359 1331 3359 1490 3396 1495 3396 1500 3396 1585 3364 1585 3364 1591 3364 1591 3364 1596 3364 1596 3364 1596 3364 1601 3364 1702 3402 1713 3402 1744 3402 2121 3375 2126 3375 2126 3375 2126 3375 2370 3417 2370 3470 2370 3534 1919 3555 1914 3555 1914 3555 1909 3555 1909 3555 1909 3555 1903 3555 1903 3555 1903 3550 1877 3529 1670 3550 1670 3550 1665 3550 1665 3550 1659 3550 1659 3550 1659 3550 1654 3550 1606 3523 1172 3539 1166 3539 1166 3539 859 3502"/></Shape>
	    <String CONTENT="הא מה אני מקיים לא יאכלו לחייב [א&#39;]"
                    HPOS="859.0"
                    VPOS="3359.0"
                    WIDTH="1511.0"
                    HEIGHT="196.0"></String>
          </TextLine>

          
          
          <TextLine ID="eSc_line_1b20a2e3"
                    
                    BASELINE="922 3592 2375 3608" 
                    HPOS="890.0"
                    VPOS="3502.0"
                    WIDTH="1480.0"
                    HEIGHT="175.0">
            <Shape><Polygon POINTS="917 3587 917 3523 1410 3529 1421 3529 1453 3502 1458 3502 1458 3502 1458 3502 1463 3502 1463 3502 1469 3502 1469 3502 1469 3502 1474 3502 1474 3502 1537 3529 1543 3529 1548 3529 1622 3502 1628 3502 1628 3502 1628 3502 1633 3502 1633 3502 1633 3502 1638 3502 1718 3529 1723 3529 1728 3529 1877 3502 1877 3502 1877 3502 1882 3502 2365 3539 2370 3603 2360 3661 938 3677 933 3677 933 3677 928 3677 928 3677 928 3677 922 3677 922 3677 922 3672 917 3672 890 3640"/></Shape>
	    <String CONTENT="את המאכיל כאוכל ˙ ב&#39; ˙ את"
                    HPOS="890.0"
                    VPOS="3502.0"
                    WIDTH="1480.0"
                    HEIGHT="175.0"></String>
          </TextLine>

          
          
          <TextLine ID="eSc_line_125c172c"
                    
                    BASELINE="896 3730 1437 3730 1845 3725 1909 3714 2375 3729" 
                    HPOS="880.0"
                    VPOS="3635.0"
                    WIDTH="1490.0"
                    HEIGHT="180.0">
            <Shape><Polygon POINTS="890 3725 885 3661 1474 3635 1479 3635 1479 3635 1484 3635 1575 3661 1585 3661 1596 3661 1718 3640 1718 3640 1723 3640 2365 3667 2370 3725 2360 3788 1601 3815 1596 3815 880 3783"/></Shape>
	    <String CONTENT="הנשר ואת הפרס ואת העוזניה ר&#39; [ישמ&#39;]"
                    HPOS="880.0"
                    VPOS="3635.0"
                    WIDTH="1490.0"
                    HEIGHT="180.0"></String>
          </TextLine>

          
          
          <TextLine ID="eSc_line_dbd971e0"
                    
                    BASELINE="853 3852 997 3841 2375 3862" 
                    HPOS="832.0"
                    VPOS="3778.0"
                    WIDTH="1538.0"
                    HEIGHT="164.0">
            <Shape><Polygon POINTS="848 3847 848 3778 2370 3799 2370 3857 2360 3921 1638 3942 1633 3942 928 3931 928 3931 928 3931 922 3931 832 3900"/></Shape>
	    <String CONTENT="ישמעאל אומר נאמר כאן נשר ונאמ&#39;"
                    HPOS="832.0"
                    VPOS="3778.0"
                    WIDTH="1538.0"
                    HEIGHT="164.0"></String>
          </TextLine>

          
          
          <TextLine ID="eSc_line_22e1ed46"
                    
                    BASELINE="875 3979 944 3969 2375 3989" 
                    HPOS="864.0"
                    VPOS="3889.0"
                    WIDTH="1511.0"
                    HEIGHT="170.0">
            <Shape><Polygon POINTS="869 3974 864 3910 1988 3889 1994 3889 2306 3894 2306 3894 2306 3894 2312 3894 2312 3894 2312 3894 2317 3894 2375 3931 2370 3984 2360 4043 1283 4059 1278 4059 864 4022"/></Shape>
	    <String CONTENT="להלן נשר מה נשר האמורה כאן עשה"
                    HPOS="864.0"
                    VPOS="3889.0"
                    WIDTH="1511.0"
                    HEIGHT="170.0"></String>
          </TextLine>

          
          
          <TextLine ID="eSc_line_7dcb15d1"
                    
                    BASELINE="853 4096 2235 4112 2346 4122 2375 4114" 
                    HPOS="837.0"
                    VPOS="4011.0"
                    WIDTH="1533.0"
                    HEIGHT="175.0">
            <Shape><Polygon POINTS="848 4090 848 4011 1537 4011 1537 4011 1537 4011 1543 4011 1543 4011 1543 4011 1548 4011 1548 4011 1564 4027 1580 4037 1686 4027 1903 4011 1909 4011 1909 4011 1909 4011 2041 4037 2073 4043 2100 4037 2222 4016 2222 4016 2227 4016 2227 4016 2227 4016 2370 4048 2370 4112 2370 4165 1050 4186 1044 4186 1044 4186 837 4154"/></Shape>
	    <String CONTENT="את האמורה בנשר בל תאכיל כבל תאכל"
                    HPOS="837.0"
                    VPOS="4011.0"
                    WIDTH="1533.0"
                    HEIGHT="175.0"></String>
          </TextLine>

          
          
          <TextLine ID="eSc_line_c3200f9e"
                    
                    BASELINE="853 4212 933 4228 2346 4244 2375 4237" 
                    HPOS="832.0"
                    VPOS="4149.0"
                    WIDTH="1538.0"
                    HEIGHT="164.0">
            <Shape><Polygon POINTS="848 4207 848 4149 2370 4175 2370 4234 2370 4292 1479 4313 1474 4313 1474 4313 1469 4313 1469 4313 1400 4287 1400 4287 1400 4287 1028 4308 1023 4308 1023 4308 832 4276"/></Shape>
	    <String CONTENT="אף הנשר האמורה להלן יעשה את [הא&#39;]"
                    HPOS="832.0"
                    VPOS="4149.0"
                    WIDTH="1538.0"
                    HEIGHT="164.0"></String>
          </TextLine>

          
          
          <TextLine ID="eSc_line_e714aa42"
                    
                    BASELINE="901 4355 1304 4366 1697 4361 1766 4350 2314 4371 2375 4364" 
                    HPOS="890.0"
                    VPOS="4255.0"
                    WIDTH="1480.0"
                    HEIGHT="196.0">
            <Shape><Polygon POINTS="896 4350 896 4255 1336 4287 1511 4276 1654 4265 1659 4265 1659 4265 1659 4265 1665 4265 1665 4265 1670 4265 1691 4281 1713 4292 1723 4281 1750 4265 1755 4265 1755 4265 1760 4265 1760 4265 1760 4265 1766 4265 1766 4265 1771 4265 1771 4265 1824 4287 1850 4297 1872 4287 1909 4271 1909 4271 1909 4271 1914 4271 1914 4271 1919 4271 2227 4276 2227 4276 2227 4276 2365 4308 2370 4361 2365 4440 890 4451"/></Shape>
	    <String CONTENT="האמורה בנשר [ועשה] בל תאכיל כבל"
                    HPOS="890.0"
                    VPOS="4255.0"
                    WIDTH="1480.0"
                    HEIGHT="196.0"></String>
          </TextLine>

          
          
          <TextLine ID="eSc_line_4037a874"
                    
                    BASELINE="859 4493 1256 4493 1309 4504 1490 4504 1606 4493 1903 4488 1956 4477 2362 4493 2375 4495" 
                    HPOS="843.0"
                    VPOS="4403.0"
                    WIDTH="1527.0"
                    HEIGHT="175.0">
            <Shape><Polygon POINTS="853 4488 853 4430 1649 4430 1681 4403 1681 4403 1686 4403 1686 4403 1686 4403 1691 4403 1691 4403 1691 4403 1697 4403 1697 4403 1702 4403 1702 4403 1702 4403 1707 4403 1707 4403 1744 4435 1744 4435 1744 4435 1824 4403 1824 4403 1829 4403 1829 4403 1829 4403 1834 4403 1834 4403 1840 4403 1840 4403 1840 4403 1898 4430 2222 4403 2222 4403 2227 4403 2227 4403 2232 4403 2370 4440 2370 4493 2344 4551 1050 4578 1044 4578 1044 4578 843 4541"/></Shape>
	    <String CONTENT="תאכל ˙ ר&#39; עקיבא אומר נאמר כאן איה"
                    HPOS="843.0"
                    VPOS="4403.0"
                    WIDTH="1527.0"
                    HEIGHT="175.0"></String>
          </TextLine>

          
          
          <TextLine ID="eSc_line_ab28d09f"
                    
                    BASELINE="896 4620 1129 4631 1246 4620 1681 4620 1909 4604 2375 4618" 
                    HPOS="880.0"
                    VPOS="4525.0"
                    WIDTH="1490.0"
                    HEIGHT="191.0">
            <Shape><Polygon POINTS="890 4615 885 4557 1076 4525 1076 4525 1081 4525 1081 4525 1081 4525 1262 4557 1272 4557 1299 4557 1734 4530 1739 4530 2365 4567 2370 4615 2360 4679 1951 4684 1951 4689 1925 4710 1925 4716 1925 4716 1919 4716 1919 4716 1919 4716 1914 4716 1914 4716 1914 4716 1909 4716 1909 4716 1903 4716 1903 4716 1840 4689 1808 4679 1792 4689 1766 4710 1760 4710 1760 4710 1760 4710 1755 4710 1755 4710 1755 4710 1750 4710 1750 4710 1654 4695 1596 4684 1569 4695 1532 4710 1532 4710 1527 4710 1527 4710 1522 4710 880 4705"/></Shape>
	    <String CONTENT="ונאמר להלן דיה מה דיה האמורה להלן"
                    HPOS="880.0"
                    VPOS="4525.0"
                    WIDTH="1490.0"
                    HEIGHT="191.0"></String>
          </TextLine>

          
          
          <TextLine ID="eSc_line_db4e8f7a"
                    
                    BASELINE="816 4748 1495 4748 1702 4732 2375 4747" 
                    HPOS="800.0"
                    VPOS="4663.0"
                    WIDTH="1570.0"
                    HEIGHT="180.0">
            <Shape><Polygon POINTS="811 4742 806 4679 2275 4663 2280 4663 2280 4663 2285 4663 2285 4663 2370 4695 2370 4742 2360 4806 1744 4811 1739 4816 1670 4843 1670 4843 1665 4843 1665 4843 1659 4843 800 4827"/></Shape>
	    <String CONTENT="עשה את הראה מין דיה אף האיה האמור"
                    HPOS="800.0"
                    VPOS="4663.0"
                    WIDTH="1570.0"
                    HEIGHT="180.0"></String>
          </TextLine>

          
          
          <TextLine ID="eSc_line_dfa71a3e"
                    
                    BASELINE="896 4864 1246 4875 1479 4859 2267 4880 2325 4870 2375 4870" 
                    HPOS="869.0"
                    VPOS="4779.0"
                    WIDTH="1501.0"
                    HEIGHT="186.0">
            <Shape><Polygon POINTS="890 4859 885 4806 1304 4785 1309 4785 1309 4785 1309 4785 1315 4785 1315 4785 1315 4785 1320 4785 1320 4785 1320 4790 1336 4806 1347 4816 1665 4816 1702 4806 1845 4779 1845 4779 1845 4779 1850 4779 2370 4811 2370 4869 2360 4933 2100 4933 2100 4933 2068 4960 2068 4960 2063 4960 2063 4960 2063 4960 2057 4960 2057 4960 2052 4960 2052 4960 1744 4928 1713 4954 1713 4954 1707 4954 1707 4954 1707 4954 1702 4954 1702 4954 1702 4954 1697 4954 1697 4954 1691 4954 1691 4954 1691 4954 1686 4954 1686 4954 1654 4928 1585 4960 1585 4960 1580 4960 1580 4960 1580 4965 1331 4965 1325 4960 944 4949 944 4949 944 4949 938 4949 938 4949 933 4949 869 4912"/></Shape>
	    <String CONTENT="כאן נעשה את הראה מין דיה ˙ ג&#39; ˙"
                    HPOS="869.0"
                    VPOS="4779.0"
                    WIDTH="1501.0"
                    HEIGHT="186.0"></String>
          </TextLine>

          
          
          <TextLine ID="eSc_line_253efb3d"
                    
                    BASELINE="859 5002 1686 5002 2375 4997" 
                    HPOS="843.0"
                    VPOS="4907.0"
                    WIDTH="1532.0"
                    HEIGHT="243.0">
            <Shape><Polygon POINTS="853 4997 843 4944 1400 4938 1442 4907 1447 4907 1447 4907 1447 4907 1453 4907 1453 4907 1453 4907 1458 4907 1458 4907 1463 4907 1575 4933 1649 4907 1649 4907 1654 4907 1654 4907 1654 4907 1659 4907 1659 4907 1829 4933 2259 4907 2264 4907 2264 4907 2264 4907 2269 4907 2370 4938 2370 4991 2375 5076 2243 5118 2238 5118 2238 5118 2238 5118 2232 5118 2232 5118 2232 5118 2227 5118 2126 5081 2110 5081 2094 5087 1956 5124 1951 5124 1951 5124 1946 5124 1946 5124 1946 5124 1941 5124 1941 5124 1866 5092 1856 5087 1845 5092 1734 5129 1728 5129 1728 5129 1728 5129 1723 5129 1723 5129 1723 5129 1718 5129 1718 5129 1718 5129 1713 5129 1713 5129 1713 5124 1681 5097 1675 5092 1596 5092 1580 5097 1500 5145 1495 5145 1495 5145 1490 5145 1490 5145 1490 5150 1262 5150 1256 5145 1256 5145 1251 5145 1134 5108 1076 5092 853 5113"/></Shape>
	    <String CONTENT="עורב זה עורב כל עורב להביא עורב [הע&#39;]"
                    HPOS="843.0"
                    VPOS="4907.0"
                    WIDTH="1532.0"
                    HEIGHT="243.0"></String>
          </TextLine>

          
        </TextBlock>
        

        
      </PrintSpace>
    </Page>
  </Layout>
</alto>
