<?xml version="1.0" encoding="UTF-8"?>
<alto xmlns:xsi="http://www.w3.org/2001/XMLSchema-instance"
      xmlns="http://www.loc.gov/standards/alto/ns-v4#"
      xsi:schemaLocation="http://www.loc.gov/standards/alto/ns-v4# http://www.loc.gov/standards/alto/v4/alto-4-2.xsd">
  <Description>
    <MeasurementUnit>pixel</MeasurementUnit>
    <sourceImageInformation>
      <fileName>add_ms_16406_f097r.jpg</fileName>
      
    </sourceImageInformation>
  </Description>
  
  <Tags>
    <OtherTag ID="BT1" LABEL="Title" DESCRIPTION="block type Title"/><OtherTag ID="BT2" LABEL="Main" DESCRIPTION="block type Main"/><OtherTag ID="BT3" LABEL="Commentary" DESCRIPTION="block type Commentary"/><OtherTag ID="BT4" LABEL="Illustration" DESCRIPTION="block type Illustration"/><OtherTag ID="BT224" LABEL="Hole" DESCRIPTION="block type Hole"/><OtherTag ID="BT225" LABEL="Margin" DESCRIPTION="block type Margin"/><OtherTag ID="BT226" LABEL="Paratext" DESCRIPTION="block type Paratext"/>
    <OtherTag ID="LT2" LABEL="Numbering" DESCRIPTION="line type Numbering"/><OtherTag ID="LT3" LABEL="Correction" DESCRIPTION="line type Correction"/><OtherTag ID="LT329" LABEL="Gloss" DESCRIPTION="line type Gloss"/>
  </Tags>
  
  <Layout>
    <Page WIDTH="4544"
          HEIGHT="6688"
          PHYSICAL_IMG_NR="191"
          ID="eSc_dummypage_">
      <PrintSpace HPOS="0"
                  VPOS="0"
                  WIDTH="4544"
                  HEIGHT="6688">
        
        <TextBlock HPOS="2625.0"
                   VPOS="590.0"
                   WIDTH="1636.0"
                   HEIGHT="4593.0"
                   ID="eSc_textblock_4939911c"
                   TAGREFS="BT2">
          <Shape><Polygon POINTS="4216 5168 4261 5123 4201 639 4157 590 2658 590 2625 1307 2640 5168 3681 5183"/></Shape>
          
          
          <TextLine ID="eSc_line_fc85918a"
                    
                    BASELINE="2670 713 3114 739 4243 732" 
                    HPOS="2665.0"
                    VPOS="624.0"
                    WIDTH="1577.0"
                    HEIGHT="167.0">
            <Shape><Polygon POINTS="2665 707 2670 668 2765 668 2810 624 2899 624 2949 674 3378 652 3428 668 3467 629 3534 652 3629 629 3707 674 3835 674 3880 629 4092 629 4164 674 4226 674 4242 730 4226 763 4176 763 4148 791 4114 769 3863 763 3830 791 3791 763 3735 791 2904 791 2670 757"/></Shape>
	    <String CONTENT="שהוצאתני מאפילה לאורה במנחה צריך לומר"
                    HPOS="2665.0"
                    VPOS="624.0"
                    WIDTH="1577.0"
                    HEIGHT="167.0"></String>
          </TextLine>

          
          
          <TextLine ID="eSc_line_d4b935c4"
                    
                    BASELINE="2659 847 4153 858 4231 841" 
                    HPOS="2653.0"
                    VPOS="763.0"
                    WIDTH="1573.0"
                    HEIGHT="178.0">
            <Shape><Polygon POINTS="2653 841 2754 780 2804 808 3451 802 3529 769 3657 802 3741 796 3774 763 3830 791 4170 791 4226 836 4181 908 4092 936 3791 919 3690 941 3635 902 3467 936 3049 908 2994 930 2759 936 2659 847"/></Shape>
	    <String CONTENT="יהי רצון מלפניך ייי ﭏקי כשם שזכיתה אותו לר&#39;"
                    HPOS="2653.0"
                    VPOS="763.0"
                    WIDTH="1573.0"
                    HEIGHT="178.0"></String>
          </TextLine>

          
          
          <TextLine ID="eSc_line_f550cb7e"
                    
                    BASELINE="2626 975 2709 992 3869 986 4226 992" 
                    HPOS="2620.0"
                    VPOS="902.0"
                    WIDTH="1600.0"
                    HEIGHT="179.0">
            <Shape><Polygon POINTS="2620 969 2626 930 2698 914 2726 936 3005 930 3027 908 3217 936 3557 925 3585 902 3679 936 4075 947 4136 914 4203 919 4220 986 4181 1075 4097 1081 3724 1042 3467 1064 3005 1047 2698 1075 2626 1003"/></Shape>
	    <String CONTENT="לראות חמה בזריחתה כן תזכה אותי לראות חמה"
                    HPOS="2620.0"
                    VPOS="902.0"
                    WIDTH="1600.0"
                    HEIGHT="179.0"></String>
          </TextLine>

          
          
          <TextLine ID="eSc_line_cc9fe8cd"
                    
                    BASELINE="2648 1125 3607 1120 4114 1125 4209 1109" 
                    HPOS="2642.0"
                    VPOS="1053.0"
                    WIDTH="1561.0"
                    HEIGHT="167.0">
            <Shape><Polygon POINTS="2642 1120 2731 1064 3718 1053 4153 1075 4203 1103 4170 1220 4008 1214 3975 1187 3886 1203 3813 1170 3663 1203 3467 1170 3434 1198 3055 1175 2994 1203 2921 1175 2810 1203 2737 1192 2648 1120"/></Shape>
	    <String CONTENT="כשקיעתה רבנין אמרין כנגד תמידין קבעו [א&#39;]"
                    HPOS="2642.0"
                    VPOS="1053.0"
                    WIDTH="1561.0"
                    HEIGHT="167.0"></String>
          </TextLine>

          
          
          <TextLine ID="eSc_line_178526f2"
                    
                    BASELINE="2603 1242 2904 1259 4224 1276" 
                    HPOS="2598.0"
                    VPOS="1170.0"
                    WIDTH="1622.0"
                    HEIGHT="173.0">
            <Shape><Polygon POINTS="2598 1237 2670 1192 3261 1209 3350 1187 3780 1198 3824 1170 3902 1209 4164 1214 4220 1270 4159 1337 3785 1332 3718 1293 3679 1326 3467 1320 3412 1293 3373 1315 3211 1320 3178 1298 3138 1332 2899 1320 2854 1343 2676 1332 2603 1259"/></Shape>
	    <String CONTENT="אותם תפילת השחר כנגד של שחר תפילת המנחה"
                    HPOS="2598.0"
                    VPOS="1170.0"
                    WIDTH="1622.0"
                    HEIGHT="173.0"></String>
          </TextLine>

          
          
          <TextLine ID="eSc_line_06020f8e"
                    
                    BASELINE="2681 1382 3027 1382 3094 1393 3791 1387 4218 1421" 
                    HPOS="2676.0"
                    VPOS="1293.0"
                    WIDTH="1539.0"
                    HEIGHT="178.0">
            <Shape><Polygon POINTS="2676 1376 2709 1326 3038 1337 3144 1332 3189 1304 3674 1332 3718 1293 3752 1326 3824 1337 4153 1337 4215 1415 4153 1471 3886 1471 3841 1437 3813 1460 3724 1443 3501 1465 3428 1426 3272 1460 3038 1460 2994 1426 2954 1454 2810 1465 2715 1460 2681 1432"/></Shape>
	    <String CONTENT="כנגד תמיד של בין הערבים תפילת הערב לא"
                    HPOS="2676.0"
                    VPOS="1293.0"
                    WIDTH="1539.0"
                    HEIGHT="178.0"></String>
          </TextLine>

          
          
          <TextLine ID="eSc_line_3631e7da"
                    
                    BASELINE="2614 1515 2999 1515 3138 1527 4198 1527" 
                    HPOS="2609.0"
                    VPOS="1432.0"
                    WIDTH="1583.0"
                    HEIGHT="167.0">
            <Shape><Polygon POINTS="2609 1510 2681 1449 2994 1476 3021 1454 3289 1460 3445 1432 3484 1460 4148 1471 4192 1521 4164 1593 4075 1599 3718 1593 3629 1560 3585 1588 3272 1588 3211 1566 3111 1593 3027 1577 2776 1599 2698 1588 2620 1510"/></Shape>
	    <String CONTENT="מצא וקבע אמרו תפילת הערבאין לה קבע אמ&#39;"
                    HPOS="2609.0"
                    VPOS="1432.0"
                    WIDTH="1583.0"
                    HEIGHT="167.0"></String>
          </TextLine>

          
          
          <TextLine ID="eSc_line_b9f86491"
                    
                    BASELINE="2631 1649 3612 1649 3679 1660 4053 1660 4198 1644" 
                    HPOS="2626.0"
                    VPOS="1560.0"
                    WIDTH="1566.0"
                    HEIGHT="173.0">
            <Shape><Polygon POINTS="2626 1644 2720 1582 2793 1605 3111 1593 3211 1566 3267 1588 3596 1588 3624 1560 3702 1593 4153 1593 4192 1638 4176 1716 4086 1733 3467 1716 3362 1688 3295 1711 3256 1672 3150 1722 2921 1722 2876 1683 2798 1727 2726 1722 2648 1644"/></Shape>
	    <String CONTENT="ר&#39; תנחומ&#39; אף תפילת הערב ישלה קבע כנגד"
                    HPOS="2626.0"
                    VPOS="1560.0"
                    WIDTH="1566.0"
                    HEIGHT="173.0"></String>
          </TextLine>

          
          
          <TextLine ID="eSc_line_eec02ede"
                    
                    BASELINE="2670 1772 4047 1772 4209 1755" 
                    HPOS="2665.0"
                    VPOS="1672.0"
                    WIDTH="1538.0"
                    HEIGHT="189.0">
            <Shape><Polygon POINTS="2665 1766 2720 1727 2837 1722 2871 1688 2910 1722 3155 1722 3250 1672 3295 1711 4148 1722 4203 1750 4164 1844 3886 1839 3863 1861 3791 1805 3746 1839 3702 1805 3663 1844 3278 1822 3244 1850 3088 1844 3010 1811 2977 1839 2748 1844 2670 1777"/></Shape>
	    <String CONTENT="איברים ופרדים שהיו מתאבלין באור על גברן"
                    HPOS="2665.0"
                    VPOS="1672.0"
                    WIDTH="1538.0"
                    HEIGHT="189.0"></String>
          </TextLine>

          
          
          <TextLine ID="eSc_line_38ab0b13"
                    
                    BASELINE="2670 1889 2754 1906 4224 1922" 
                    HPOS="2665.0"
                    VPOS="1811.0"
                    WIDTH="1555.0"
                    HEIGHT="178.0">
            <Shape><Polygon POINTS="2665 1883 2731 1844 2943 1839 3713 1861 3785 1811 3852 1867 4136 1850 4220 1917 4136 1984 3819 1978 3752 1939 3685 1972 3518 1950 3473 1978 3144 1961 3116 1984 2949 1967 2899 1989 2798 1972 2771 1945 2743 1956 2676 1889"/></Shape>
	    <String CONTENT="המזבח כל הלילה ויפגע במקום ביקש לעבוד"
                    HPOS="2665.0"
                    VPOS="1811.0"
                    WIDTH="1555.0"
                    HEIGHT="178.0"></String>
          </TextLine>

          
          
          <TextLine ID="eSc_line_12ddc46e"
                    
                    BASELINE="2659 2023 2798 2039 4109 2034 4209 2045" 
                    HPOS="2653.0"
                    VPOS="1939.0"
                    WIDTH="1550.0"
                    HEIGHT="178.0">
            <Shape><Polygon POINTS="2653 2017 2698 2017 2748 1978 3479 1972 3506 1950 3696 1972 3774 1939 3824 1978 4159 1989 4203 2039 4187 2095 4148 2117 3835 2106 3802 2073 3769 2095 3512 2106 3362 2084 3166 2084 3133 2106 3038 2090 3005 2117 2832 2090 2748 2117 2659 2034"/></Shape>
	    <String CONTENT="ונעשה העולם כותל לפניו רבנין אמרין כי בא"
                    HPOS="2653.0"
                    VPOS="1939.0"
                    WIDTH="1550.0"
                    HEIGHT="178.0"></String>
          </TextLine>

          
          
          <TextLine ID="eSc_line_f8372de1"
                    
                    BASELINE="2704 2168 4207 2177" 
                    HPOS="2698.0"
                    VPOS="2078.0"
                    WIDTH="1505.0"
                    HEIGHT="173.0">
            <Shape><Polygon POINTS="2698 2162 2737 2123 2810 2123 2837 2095 2982 2123 3200 2084 3272 2106 3707 2112 3808 2078 3835 2106 4176 2117 4203 2173 4164 2240 3930 2246 3830 2223 3752 2240 3707 2195 3657 2234 3585 2246 3456 2246 3401 2218 3367 2240 3099 2229 2999 2251 2849 2223 2759 2251 2704 2207"/></Shape>
	    <String CONTENT="השמש מלמד שהשקוע הקב&#39;ה חמה שלא"
                    HPOS="2698.0"
                    VPOS="2078.0"
                    WIDTH="1505.0"
                    HEIGHT="173.0"></String>
          </TextLine>

          
          
          <TextLine ID="eSc_line_a23d6b14"
                    
                    BASELINE="2681 2296 3785 2307 3964 2296 4200 2315" 
                    HPOS="2676.0"
                    VPOS="2195.0"
                    WIDTH="1522.0"
                    HEIGHT="195.0">
            <Shape><Polygon POINTS="2676 2290 2731 2234 2826 2246 2849 2223 2999 2257 3462 2251 3657 2234 3707 2195 3752 2246 4148 2240 4187 2262 4198 2312 4170 2368 4120 2351 4097 2374 3852 2374 3824 2351 3757 2374 3713 2324 3663 2374 3350 2363 3272 2385 3205 2351 3178 2374 2949 2390 2876 2368 2804 2390 2759 2385 2681 2307"/></Shape>
	    <String CONTENT="בעונתה בשבילעם אבינו יעקב בצינעה לאוה"
                    HPOS="2676.0"
                    VPOS="2195.0"
                    WIDTH="1522.0"
                    HEIGHT="195.0"></String>
          </TextLine>

          
          
          <TextLine ID="eSc_line_bdcbebcd"
                    
                    BASELINE="2631 2441 3919 2441 4042 2429 4228 2448" 
                    HPOS="2626.0"
                    VPOS="2329.0"
                    WIDTH="1600.0"
                    HEIGHT="195.0">
            <Shape><Polygon POINTS="2626 2435 2715 2346 2776 2390 2876 2368 3178 2379 3205 2351 3250 2379 3663 2374 3718 2329 3763 2374 3808 2346 3852 2374 4097 2374 4125 2351 4192 2379 4226 2446 4209 2480 4103 2502 3941 2485 3702 2508 3668 2480 3612 2502 3334 2502 3289 2474 3200 2513 3138 2496 2726 2524 2637 2435"/></Shape>
	    <String CONTENT="לאוהבו של מלך שבא אצלו לפרקים אמ&#39; המלך"
                    HPOS="2626.0"
                    VPOS="2329.0"
                    WIDTH="1600.0"
                    HEIGHT="195.0"></String>
          </TextLine>

          
          
          <TextLine ID="eSc_line_11aa6e08"
                    
                    BASELINE="2692 2563 3601 2558 3657 2547 4142 2552 4250 2554" 
                    HPOS="2687.0"
                    VPOS="2480.0"
                    WIDTH="1561.0"
                    HEIGHT="167.0">
            <Shape><Polygon POINTS="2687 2558 2759 2513 3205 2513 3283 2480 3345 2508 4159 2502 4248 2552 4142 2630 3980 2641 3874 2619 3211 2636 3144 2613 3088 2641 2999 2619 2888 2647 2715 2636 2692 2613"/></Shape>
	    <String CONTENT="יכבוה פנסים שאני מבקש לדבר עם יעקב [אב&#39;]"
                    HPOS="2687.0"
                    VPOS="2480.0"
                    WIDTH="1561.0"
                    HEIGHT="167.0"></String>
          </TextLine>

          
          
          <TextLine ID="eSc_line_aca8d0ce"
                    
                    BASELINE="2659 2691 2865 2708 3378 2708 3512 2697 3863 2691 3925 2680 4235 2700" 
                    HPOS="2653.0"
                    VPOS="2619.0"
                    WIDTH="1578.0"
                    HEIGHT="178.0">
            <Shape><Polygon POINTS="2653 2686 2715 2636 2932 2658 3133 2619 3434 2647 4159 2619 4231 2697 4170 2764 3941 2769 3880 2747 3852 2775 3769 2775 3707 2736 3585 2769 3256 2753 3105 2781 3038 2753 3010 2781 2882 2769 2854 2797 2737 2775 2659 2697"/></Shape>
	    <String CONTENT="אבינו בצינעה ר&#39; פנחס בשם ר&#39; חמן דציפרין [ש&#39;]"
                    HPOS="2653.0"
                    VPOS="2619.0"
                    WIDTH="1578.0"
                    HEIGHT="178.0"></String>
          </TextLine>

          
          
          <TextLine ID="eSc_line_48a0e2e8"
                    
                    BASELINE="2698 2842 3395 2842 3919 2814 4153 2820 4231 2803" 
                    HPOS="2692.0"
                    VPOS="2736.0"
                    WIDTH="1534.0"
                    HEIGHT="184.0">
            <Shape><Polygon POINTS="2692 2836 2743 2775 2843 2797 2882 2769 2910 2792 3590 2781 3624 2758 3668 2775 3707 2736 3774 2775 4081 2764 4226 2797 4209 2864 4159 2898 3044 2898 2988 2920 2726 2909 2698 2881"/></Shape>
	    <String CONTENT="שמע קולן של מלאכי השרת אומרין [בא&#39; [הש&#39;]"
                    HPOS="2692.0"
                    VPOS="2736.0"
                    WIDTH="1534.0"
                    HEIGHT="184.0"></String>
          </TextLine>

          
          
          <TextLine ID="eSc_line_97b90894"
                    
                    BASELINE="2626 2959 3445 2976 3501 2965 4231 2942" 
                    HPOS="2620.0"
                    VPOS="2898.0"
                    WIDTH="1606.0"
                    HEIGHT="156.0">
            <Shape><Polygon POINTS="2620 2953 2681 2909 2832 2903 3010 2920 4181 2898 4226 2937 4203 3026 4064 3037 3166 3026 2932 3048 2826 3026 2720 3054 2626 2992"/></Shape>
	    <String CONTENT="בא השמש אתא שמשא בשעה שאמ&#39; יוסף"
                    HPOS="2620.0"
                    VPOS="2898.0"
                    WIDTH="1606.0"
                    HEIGHT="156.0"></String>
          </TextLine>

          
          
          <TextLine ID="eSc_line_4b457f29"
                    
                    BASELINE="2692 3098 2860 3109 2932 3098 3757 3098 4025 3082 4148 3087 4231 3070" 
                    HPOS="2687.0"
                    VPOS="3026.0"
                    WIDTH="1539.0"
                    HEIGHT="161.0">
            <Shape><Polygon POINTS="2687 3093 2810 3031 3412 3054 4170 3026 4226 3065 4209 3165 4042 3165 4008 3137 3980 3165 3908 3143 3869 3171 3690 3176 3350 3160 3311 3187 3161 3160 3116 3182 2810 3182 2692 3098"/></Shape>
	    <String CONTENT="והנה השמש והירח ואחד עשר טוכבים וגו&#39; ˙"
                    HPOS="2687.0"
                    VPOS="3026.0"
                    WIDTH="1539.0"
                    HEIGHT="161.0"></String>
          </TextLine>

          
          
          <TextLine ID="eSc_line_6acd5360"
                    
                    BASELINE="2648 3226 2731 3243 3557 3243 3612 3232 4248 3210" 
                    HPOS="2642.0"
                    VPOS="3143.0"
                    WIDTH="1600.0"
                    HEIGHT="189.0">
            <Shape><Polygon POINTS="2642 3221 2692 3226 2748 3176 3016 3193 3629 3165 3908 3187 3930 3165 3975 3176 4008 3143 4086 3171 4187 3165 4242 3204 4164 3288 4097 3299 3830 3304 3796 3271 3757 3304 3646 3282 3579 3310 3211 3304 3166 3327 3122 3299 2971 3332 2743 3316 2653 3232"/></Shape>
	    <String CONTENT="מיגילה לו ששמי השמש אותן שתישעות"
                    HPOS="2642.0"
                    VPOS="3143.0"
                    WIDTH="1600.0"
                    HEIGHT="189.0"></String>
          </TextLine>

          
          
          <TextLine ID="eSc_line_37539187"
                    
                    BASELINE="2626 3355 3663 3366 3729 3360 3791 3344 3847 3355 4153 3349 4231 3360" 
                    HPOS="2620.0"
                    VPOS="3277.0"
                    WIDTH="1606.0"
                    HEIGHT="178.0">
            <Shape><Polygon POINTS="2620 3349 2676 3344 2715 3304 2943 3332 3133 3310 3183 3332 3300 3304 3590 3316 3651 3288 3763 3310 3802 3277 3847 3310 4198 3288 4226 3355 4170 3422 3930 3416 3707 3444 3657 3422 3590 3444 3306 3438 3261 3416 3222 3449 3144 3455 2893 3427 2843 3449 2715 3444 2626 3355"/></Shape>
	    <String CONTENT="שהשקיע לו הקב&#39;ה&#39; ביציאתו מבית אביו ואימ&#39;"
                    HPOS="2620.0"
                    VPOS="3277.0"
                    WIDTH="1606.0"
                    HEIGHT="178.0"></String>
          </TextLine>

          
          
          <TextLine ID="eSc_line_49e98560"
                    
                    BASELINE="2704 3500 3417 3500 3612 3494 3685 3483 4114 3488 4254 3472" 
                    HPOS="2698.0"
                    VPOS="3416.0"
                    WIDTH="1550.0"
                    HEIGHT="156.0">
            <Shape><Polygon POINTS="2698 3494 2754 3433 3161 3449 3239 3444 3267 3416 3334 3444 3629 3438 3663 3416 3685 3438 3858 3444 4176 3427 4248 3466 4192 3555 3997 3566 3964 3544 3925 3566 3356 3566 3306 3533 3267 3572 2765 3572 2704 3511"/></Shape>
	    <String CONTENT="ואימתי החזירן לו בחזירתו לבות אביו הה [י]"
                    HPOS="2698.0"
                    VPOS="3416.0"
                    WIDTH="1550.0"
                    HEIGHT="156.0"></String>
          </TextLine>

          
          
          <TextLine ID="eSc_line_e04768e5"
                    
                    BASELINE="2715 3622 3200 3633 3523 3617 4070 3622 4249 3605" 
                    HPOS="2709.0"
                    VPOS="3539.0"
                    WIDTH="1539.0"
                    HEIGHT="172.0">
            <Shape><Polygon POINTS="2709 3617 2731 3572 3267 3578 3306 3539 3345 3566 3579 3572 3869 3566 3964 3539 3992 3561 4176 3555 4248 3600 4192 3678 4148 3650 4114 3678 3757 3700 3718 3683 3685 3706 3545 3706 3512 3672 3479 3700 2999 3706 2966 3683 2893 3706 2826 3667 2771 3711 2715 3656"/></Shape>
	    <String CONTENT="ויורח לו השמש וגו&#39; ˙ אמ&#39; לו הקב&#39;ה אתה סימן"
                    HPOS="2709.0"
                    VPOS="3539.0"
                    WIDTH="1539.0"
                    HEIGHT="172.0"></String>
          </TextLine>

          
          
          <TextLine ID="eSc_line_d34de25a"
                    
                    BASELINE="2715 3745 2871 3756 2999 3762 3334 3767 3590 3750 3863 3756 4266 3734" 
                    HPOS="2709.0"
                    VPOS="3656.0"
                    WIDTH="1556.0"
                    HEIGHT="206.0">
            <Shape><Polygon POINTS="2709 3739 2826 3672 2893 3717 2966 3689 3005 3717 3590 3717 4070 3700 4148 3656 4265 3728 4176 3812 4081 3840 4008 3812 3735 3845 3651 3834 3607 3801 3568 3845 3428 3851 3378 3806 3339 3840 3150 3851 3027 3828 2954 3862 2787 3840 2720 3778"/></Shape>
	    <String CONTENT="לבניך מה אתה ביציאתך השעקתי לך גלגל"
                    HPOS="2709.0"
                    VPOS="3656.0"
                    WIDTH="1556.0"
                    HEIGHT="206.0"></String>
          </TextLine>

          
          
          <TextLine ID="eSc_line_4f9f7128"
                    
                    BASELINE="2670 3901 3194 3901 3601 3884 4114 3884 4255 3895" 
                    HPOS="2665.0"
                    VPOS="3801.0"
                    WIDTH="1589.0"
                    HEIGHT="189.0">
            <Shape><Polygon POINTS="2665 3895 2748 3840 3322 3851 3378 3812 3428 3856 3456 3834 3562 3845 3607 3801 3696 3840 4181 3828 4254 3890 4142 3957 4047 3962 4003 3940 3897 3962 3824 3929 3774 3973 3718 3951 3484 3968 3440 3945 3389 3984 3334 3968 3283 3990 2748 3968 2676 3895"/></Shape>
	    <String CONTENT="חמה ובחזירתך החרתיו לך בך בניך ביציאתם"
                    HPOS="2665.0"
                    VPOS="3801.0"
                    WIDTH="1589.0"
                    HEIGHT="189.0"></String>
          </TextLine>

          
          
          <TextLine ID="eSc_line_99e96dcc"
                    
                    BASELINE="2704 4012 3785 4023 3847 4012 4042 4012 4148 3990 4237 3990" 
                    HPOS="2698.0"
                    VPOS="3934.0"
                    WIDTH="1533.0"
                    HEIGHT="173.0">
            <Shape><Polygon POINTS="2698 4007 2754 3979 3077 3968 3774 3979 3824 3934 3908 3962 4003 3934 4042 3957 4187 3951 4231 3984 4215 4057 4181 4079 3847 4068 3757 4096 3518 4107 3272 4101 3244 4079 3211 4107 2893 4107 2837 4079 2776 4107 2704 4035"/></Shape>
	    <String CONTENT="או מללה יולדת השבעה נפחה נפשה באה"
                    HPOS="2698.0"
                    VPOS="3934.0"
                    WIDTH="1533.0"
                    HEIGHT="173.0"></String>
          </TextLine>

          
          
          <TextLine ID="eSc_line_a294af7d"
                    
                    BASELINE="2692 4146 2921 4146 2988 4163 3060 4152 3440 4157 3551 4146 3847 4140 3908 4129 4259 4129" 
                    HPOS="2687.0"
                    VPOS="4074.0"
                    WIDTH="1567.0"
                    HEIGHT="172.0">
            <Shape><Polygon POINTS="2687 4140 2743 4090 3217 4113 3244 4085 3529 4101 3835 4074 3925 4096 4181 4085 4254 4124 4148 4213 3612 4207 3551 4246 3506 4219 3300 4235 2938 4213 2821 4235 2754 4213 2692 4152"/></Shape>
	    <String CONTENT="שמשה וגו&#39; בחזירתן וזרחה לכם יראי שמי"
                    HPOS="2687.0"
                    VPOS="4074.0"
                    WIDTH="1567.0"
                    HEIGHT="172.0"></String>
          </TextLine>

          
          
          <TextLine ID="eSc_line_e4566f6c"
                    
                    BASELINE="2692 4291 3718 4291 3774 4280 3913 4280 4254 4252" 
                    HPOS="2687.0"
                    VPOS="4202.0"
                    WIDTH="1561.0"
                    HEIGHT="178.0">
            <Shape><Polygon POINTS="2687 4285 2743 4230 3111 4246 3456 4224 3557 4246 4176 4202 4248 4246 4142 4341 3880 4347 3858 4369 3445 4369 3406 4347 3306 4380 2826 4375 2748 4369 2692 4313"/></Shape>
	    <String CONTENT="שמשצדקה ומרפא וגו&#39; ˙ ויקח מאבני המקום"
                    HPOS="2687.0"
                    VPOS="4202.0"
                    WIDTH="1561.0"
                    HEIGHT="178.0"></String>
          </TextLine>

          
          
          <TextLine ID="eSc_line_96949a9b"
                    
                    BASELINE="2720 4414 3099 4414 3228 4425 3406 4419 3540 4430 3601 4414 3874 4414 4164 4402 4254 4386" 
                    HPOS="2715.0"
                    VPOS="4330.0"
                    WIDTH="1533.0"
                    HEIGHT="173.0">
            <Shape><Polygon POINTS="2715 4408 2776 4369 3311 4375 3412 4347 3440 4369 3618 4375 3953 4341 4142 4352 4176 4330 4248 4380 4209 4469 3640 4492 3607 4458 3568 4497 3501 4503 3395 4469 3322 4497 3055 4475 3010 4497 2787 4492 2720 4430"/></Shape>
	    <String CONTENT="ר&#39; יהוד&#39; ור&#39; נחמיה ורבנין ר&#39; יהוד&#39; אומ&#39; שתים"
                    HPOS="2715.0"
                    VPOS="4330.0"
                    WIDTH="1533.0"
                    HEIGHT="173.0"></String>
          </TextLine>

          
          
          <TextLine ID="eSc_line_d91bf313"
                    
                    BASELINE="2698 4536 3540 4547 3774 4531 3958 4536 4265 4542" 
                    HPOS="2692.0"
                    VPOS="4453.0"
                    WIDTH="1567.0"
                    HEIGHT="184.0">
            <Shape><Polygon POINTS="2692 4531 2748 4480 3010 4497 3049 4469 3155 4503 3506 4503 3562 4497 3607 4453 3690 4497 4187 4464 4259 4536 4153 4598 4042 4586 3724 4625 3451 4614 3417 4637 3244 4614 3116 4637 2960 4603 2754 4620 2698 4564"/></Shape>
	    <String CONTENT="עשרה אבנים נטל אמ&#39; כך גזר הקב&#39;ה] שהוא"
                    HPOS="2692.0"
                    VPOS="4453.0"
                    WIDTH="1567.0"
                    HEIGHT="184.0"></String>
          </TextLine>

          
          
          <TextLine ID="eSc_line_38546ef1"
                    
                    BASELINE="2698 4681 3557 4681 3679 4664 4047 4670 4114 4659 4271 4687" 
                    HPOS="2692.0"
                    VPOS="4586.0"
                    WIDTH="1578.0"
                    HEIGHT="179.0">
            <Shape><Polygon POINTS="2692 4676 2776 4614 3423 4642 4198 4586 4270 4681 4198 4726 4109 4737 3964 4720 3774 4742 3741 4715 3702 4754 3545 4737 3512 4759 3166 4765 2759 4759 2698 4698"/></Shape>
	    <String CONTENT="מעמיד שנים עשר שבטים אברהם לא [הע&#39;]"
                    HPOS="2692.0"
                    VPOS="4586.0"
                    WIDTH="1578.0"
                    HEIGHT="179.0"></String>
          </TextLine>

          
          
          <TextLine ID="eSc_line_c9eaed42"
                    
                    BASELINE="2670 4815 3412 4815 3668 4798 4053 4809 4259 4809" 
                    HPOS="2665.0"
                    VPOS="4715.0"
                    WIDTH="1589.0"
                    HEIGHT="183.0">
            <Shape><Polygon POINTS="2665 4809 2720 4759 3702 4754 3741 4715 3774 4748 4198 4726 4254 4804 4215 4848 4120 4871 3997 4832 3947 4882 3908 4854 3858 4882 3462 4876 3434 4898 2938 4876 2737 4893 2670 4826"/></Shape>
	    <String CONTENT="העמידן יצח&#39; לא העמידן ואני אם מת אחותם"
                    HPOS="2665.0"
                    VPOS="4715.0"
                    WIDTH="1589.0"
                    HEIGHT="183.0"></String>
          </TextLine>

          
          
          <TextLine ID="eSc_line_253167a6"
                    
                    BASELINE="2720 4937 2865 4932 2921 4943 3300 4943 3635 4932 4014 4937 4070 4926 4281 4926" 
                    HPOS="2715.0"
                    VPOS="4837.0"
                    WIDTH="1561.0"
                    HEIGHT="195.0">
            <Shape><Polygon POINTS="2715 4932 2765 4882 3657 4898 3953 4882 3997 4837 4064 4871 4209 4859 4276 4921 4220 4993 4176 5004 4131 4982 4092 5004 4008 4988 3791 5027 3718 5027 3668 4993 3545 5027 3256 5027 3222 4999 3194 5027 2966 5032 2832 5016 2726 4971"/></Shape>
	    <String CONTENT="הן שלש אבנים זולזו אני יודע שהקב&#39;ה [מי&#39;]"
                    HPOS="2715.0"
                    VPOS="4837.0"
                    WIDTH="1561.0"
                    HEIGHT="195.0"></String>
          </TextLine>

          
          
          <TextLine ID="eSc_line_ec54c22f"
                    
                    BASELINE="2626 5082 3646 5082 4276 5055" 
                    HPOS="2620.0"
                    VPOS="4993.0"
                    WIDTH="1650.0"
                    HEIGHT="167.0">
            <Shape><Polygon POINTS="2620 5077 2626 5043 2698 5010 2798 5010 2843 5043 3033 5043 3077 5010 3133 5038 3194 5004 3244 5038 3306 5004 3362 5038 3406 5004 3612 5032 3651 4999 3707 4999 3757 5032 3947 5032 4031 4993 4053 5016 4198 4993 4270 5049 4254 5133 4109 5116 4042 5144 3997 5121 3925 5149 3808 5149 3774 5127 3702 5149 3674 5127 3523 5155 3060 5155 3021 5133 2971 5160 2921 5138 2743 5160 2626 5133"/></Shape>
	    <String CONTENT="מייחד שמו עלי וכיון שנתאחו ידע שהקב&#39;ה‏"
                    HPOS="2620.0"
                    VPOS="4993.0"
                    WIDTH="1650.0"
                    HEIGHT="167.0"></String>
          </TextLine>

          
        </TextBlock>
        
        <TextBlock HPOS="650.0"
                   VPOS="620.0"
                   WIDTH="1633.0"
                   HEIGHT="4579.0"
                   ID="eSc_textblock_c603b2a0"
                   TAGREFS="BT2">
          <Shape><Polygon POINTS="2283 5168 2227 639 743 620 680 683 650 2407 674 3886 796 5199 2227 5198"/></Shape>
          
          
          <TextLine ID="eSc_line_7c5af5b5"
                    
                    BASELINE="708 774 1678 774 1873 763 2293 763" 
                    HPOS="702.0"
                    VPOS="657.0"
                    WIDTH="1589.0"
                    HEIGHT="190.0">
            <Shape><Polygon POINTS="702 769 713 691 786 707 847 657 1059 657 1126 707 1315 707 1405 674 1589 707 1661 668 1750 685 1806 657 1834 685 1878 657 2101 657 2146 702 2274 707 2291 757 2274 813 2202 813 2168 841 2129 813 2062 841 1996 813 1940 841 1817 824 1756 847 1694 813 1661 847 1628 819 1510 847 1471 824 1304 847 1187 830 786 847 752 813 708 813"/></Shape>
	    <String CONTENT="מיחד שמו עלי ורבנין אמרין אבנים מיעוט"
                    HPOS="702.0"
                    VPOS="657.0"
                    WIDTH="1589.0"
                    HEIGHT="190.0"></String>
          </TextLine>

          
          
          <TextLine ID="eSc_line_f0970cfa"
                    
                    BASELINE="741 914 1856 914 2062 908 2118 897 2276 902" 
                    HPOS="735.0"
                    VPOS="830.0"
                    WIDTH="1539.0"
                    HEIGHT="167.0">
            <Shape><Polygon POINTS="735 908 774 847 1271 869 1577 841 1940 858 2012 830 2040 852 2185 852 2274 897 2152 980 1667 980 1628 958 1594 980 1037 975 1003 997 808 997 741 958"/></Shape>
	    <String CONTENT="אבנים שנים אמ&#39; אברהם יצא ממני [עשו פס&#39;]"
                    HPOS="735.0"
                    VPOS="830.0"
                    WIDTH="1539.0"
                    HEIGHT="167.0"></String>
          </TextLine>

          
          
          <TextLine ID="eSc_line_25c90b55"
                    
                    BASELINE="758 1052 2253 1061" 
                    HPOS="752.0"
                    VPOS="964.0"
                    WIDTH="1500.0"
                    HEIGHT="167.0">
            <Shape><Polygon POINTS="752 1047 780 1003 1589 992 1616 969 1672 992 1990 997 2040 964 2068 986 2180 980 2252 1058 2185 1120 1968 1120 1945 1097 1828 1114 1800 1092 1761 1125 1717 1103 1566 1125 1248 1103 1115 1131 1081 1103 1048 1125 808 1131 758 1086"/></Shape>
	    <String CONTENT="פסולת ישמע&#39; וכל בני קטורה יצחק יצא ממנו"
                    HPOS="752.0"
                    VPOS="964.0"
                    WIDTH="1500.0"
                    HEIGHT="167.0"></String>
          </TextLine>

          
          
          <TextLine ID="eSc_line_22b7f188"
                    
                    BASELINE="708 1175 1527 1175 1650 1164 2293 1170" 
                    HPOS="702.0"
                    VPOS="1086.0"
                    WIDTH="1589.0"
                    HEIGHT="179.0">
            <Shape><Polygon POINTS="702 1170 763 1114 1767 1120 1800 1086 1834 1114 1940 1097 1962 1120 2196 1120 2291 1164 2246 1164 2157 1242 1399 1242 1315 1214 1287 1242 1170 1248 1142 1226 1109 1248 992 1231 953 1254 892 1220 853 1259 797 1265 708 1175"/></Shape>
	    <String CONTENT="עשו וכל אלופיו ואני אם מתאחותהן יודע [א&#39;]"
                    HPOS="702.0"
                    VPOS="1086.0"
                    WIDTH="1589.0"
                    HEIGHT="179.0"></String>
          </TextLine>

          
          
          <TextLine ID="eSc_line_cec9ac62"
                    
                    BASELINE="730 1304 1237 1298 2293 1304" 
                    HPOS="724.0"
                    VPOS="1220.0"
                    WIDTH="1567.0"
                    HEIGHT="167.0">
            <Shape><Polygon POINTS="724 1298 758 1265 853 1259 892 1220 953 1265 1142 1226 1170 1248 1282 1248 1310 1220 1349 1242 1728 1254 1845 1254 1873 1226 1945 1254 2180 1237 2291 1298 2135 1371 2062 1343 1923 1371 1778 1354 1432 1376 1204 1354 825 1387 730 1320"/></Shape>
	    <String CONTENT="אני שאם&#39; יוצא ממני פסולת ˙ ר&#39; לויןר&#39; אלעזר"
                    HPOS="724.0"
                    VPOS="1220.0"
                    WIDTH="1567.0"
                    HEIGHT="167.0"></String>
          </TextLine>

          
          
          <TextLine ID="eSc_line_88aec0ed"
                    
                    BASELINE="708 1426 1048 1426 1304 1437 1555 1437 1672 1426 2304 1426" 
                    HPOS="702.0"
                    VPOS="1354.0"
                    WIDTH="1600.0"
                    HEIGHT="173.0">
            <Shape><Polygon POINTS="702 1421 786 1371 942 1387 2062 1354 2196 1365 2241 1410 2302 1421 2263 1421 2191 1493 2046 1504 1973 1482 1789 1515 1694 1482 1310 1510 958 1499 836 1527 814 1504 763 1515 708 1460"/></Shape>
	    <String CONTENT="בשם ר&#39; יוסי בן זימרא עשאן כמרזב ונתנן [ת&#39;]"
                    HPOS="702.0"
                    VPOS="1354.0"
                    WIDTH="1600.0"
                    HEIGHT="173.0"></String>
          </TextLine>

          
          
          <TextLine ID="eSc_line_10378120"
                    
                    BASELINE="708 1554 791 1571 2085 1571 2309 1554" 
                    HPOS="702.0"
                    VPOS="1493.0"
                    WIDTH="1606.0"
                    HEIGHT="156.0">
            <Shape><Polygon POINTS="702 1549 808 1504 858 1527 942 1499 1304 1515 1488 1493 1706 1493 1767 1515 2185 1499 2230 1543 2308 1549 2269 1554 2196 1627 2107 1632 2079 1610 2051 1638 1812 1616 1421 1621 1254 1649 1115 1644 1087 1621 1025 1649 958 1627 774 1649 708 1582"/></Shape>
	    <String CONTENT="תחת ראשו שהיה מתיירא מן החייה ר&#39; ברכיה"
                    HPOS="702.0"
                    VPOS="1493.0"
                    WIDTH="1606.0"
                    HEIGHT="156.0"></String>
          </TextLine>

          
          
          <TextLine ID="eSc_line_c67cb5bf"
                    
                    BASELINE="685 1711 786 1699 1655 1705 1767 1694 2140 1688 2298 1660" 
                    HPOS="680.0"
                    VPOS="1627.0"
                    WIDTH="1617.0"
                    HEIGHT="150.0">
            <Shape><Polygon POINTS="680 1705 752 1644 903 1649 947 1627 981 1649 1823 1627 2068 1655 2096 1627 2174 1627 2297 1655 2196 1750 1934 1766 1611 1772 1505 1738 1477 1766 1031 1772 914 1744 752 1777 685 1711"/></Shape>
	    <String CONTENT="ור&#39; לוי בשם ר&#39; חמאביר&#39; חנינא כת&#39; כיהנה ייי יוצא"
                    HPOS="680.0"
                    VPOS="1627.0"
                    WIDTH="1617.0"
                    HEIGHT="150.0"></String>
          </TextLine>

          
          
          <TextLine ID="eSc_line_1c0c7f34"
                    
                    BASELINE="685 1800 769 1816 1956 1816 2320 1800" 
                    HPOS="680.0"
                    VPOS="1733.0"
                    WIDTH="1639.0"
                    HEIGHT="167.0">
            <Shape><Polygon POINTS="680 1794 853 1761 1477 1766 1510 1733 1605 1772 2207 1755 2246 1794 2319 1794 2269 1800 2191 1878 1683 1900 1616 1855 1577 1889 1438 1861 1377 1889 1332 1867 1081 1889 1048 1867 1009 1889 763 1894 685 1816"/></Shape>
	    <String CONTENT="ממקדמו וירד ודרך על במתי ארץ ונמסו ההרים"
                    HPOS="680.0"
                    VPOS="1733.0"
                    WIDTH="1639.0"
                    HEIGHT="167.0"></String>
          </TextLine>

          
          
          <TextLine ID="eSc_line_5aa7f4b6"
                    
                    BASELINE="696 1939 981 1939 1037 1950 1845 1950 1901 1939 2298 1939" 
                    HPOS="691.0"
                    VPOS="1861.0"
                    WIDTH="1606.0"
                    HEIGHT="173.0">
            <Shape><Polygon POINTS="691 1933 747 1894 1416 1894 1444 1867 1488 1894 1583 1894 1616 1861 1667 1900 2191 1883 2241 1928 2297 1933 2135 2028 1851 2006 1516 2023 1432 1995 1405 2023 1377 2000 1321 2028 1059 2006 897 2028 791 2011 758 2034 702 1978"/></Shape>
	    <String CONTENT="תחתיו וגו&#39; מי שנגלה עליך הקב&#39;ה על אחת כמה"
                    HPOS="691.0"
                    VPOS="1861.0"
                    WIDTH="1606.0"
                    HEIGHT="173.0"></String>
          </TextLine>

          
          
          <TextLine ID="eSc_line_138ce6e5"
                    
                    BASELINE="730 2073 1059 2073 1115 2084 2062 2084 2269 2062" 
                    HPOS="724.0"
                    VPOS="1989.0"
                    WIDTH="1539.0"
                    HEIGHT="173.0">
            <Shape><Polygon POINTS="724 2067 780 2011 1393 2023 1427 1989 1522 2028 2146 2028 2185 2006 2263 2056 2196 2145 2051 2156 1990 2140 1772 2162 1388 2129 1209 2162 763 2156 730 2123"/></Shape>
	    <String CONTENT="וכמה ר&#39; ברכיה משום ר&#39; לוי אותן האכנים [שנ&#39;]"
                    HPOS="724.0"
                    VPOS="1989.0"
                    WIDTH="1539.0"
                    HEIGHT="173.0"></String>
          </TextLine>

          
          
          <TextLine ID="eSc_line_70e749bc"
                    
                    BASELINE="663 2195 1037 2207 1092 2218 1839 2218 1901 2207 2246 2195" 
                    HPOS="657.0"
                    VPOS="2134.0"
                    WIDTH="1584.0"
                    HEIGHT="162.0">
            <Shape><Polygon POINTS="657 2190 708 2134 780 2162 2191 2145 2241 2190 2174 2273 2040 2296 1968 2273 1823 2290 1761 2262 1717 2290 1405 2268 830 2296 769 2279 669 2195"/></Shape>
	    <String CONTENT="שנתן אביני יעקב תחת ראשו נעשו תחתיו [ז]"
                    HPOS="657.0"
                    VPOS="2134.0"
                    WIDTH="1584.0"
                    HEIGHT="162.0"></String>
          </TextLine>

          
          
          <TextLine ID="eSc_line_dfde86c7"
                    
                    BASELINE="708 2351 2040 2351 2235 2335" 
                    HPOS="702.0"
                    VPOS="2279.0"
                    WIDTH="1528.0"
                    HEIGHT="156.0">
            <Shape><Polygon POINTS="702 2346 752 2290 986 2285 2196 2279 2230 2329 2202 2413 1906 2429 1828 2407 1483 2407 1421 2429 1198 2402 1170 2424 925 2429 780 2407 735 2435 708 2407"/></Shape>
	    <String CONTENT="במטה וכפרינס מה טרפה הטריף שם קורות"
                    HPOS="702.0"
                    VPOS="2279.0"
                    WIDTH="1528.0"
                    HEIGHT="156.0"></String>
          </TextLine>

          
          
          <TextLine ID="eSc_line_756b63ec"
                    
                    BASELINE="713 2474 1081 2474 1137 2491 1204 2480 2085 2485 2140 2474 2246 2474" 
                    HPOS="708.0"
                    VPOS="2413.0"
                    WIDTH="1533.0"
                    HEIGHT="150.0">
            <Shape><Polygon POINTS="708 2468 774 2413 1416 2435 2118 2413 2207 2418 2241 2468 2207 2541 1622 2552 1594 2530 1549 2558 1455 2558 1293 2530 1254 2563 780 2547 713 2480"/></Shape>
	    <String CONTENT="בתינו ארזים וגו&#39; צד יקים וצדיקות כביאים"
                    HPOS="708.0"
                    VPOS="2413.0"
                    WIDTH="1533.0"
                    HEIGHT="150.0"></String>
          </TextLine>

          
          
          <TextLine ID="eSc_line_72067160"
                    
                    BASELINE="630 2602 713 2591 830 2602 1304 2608 1594 2602 1650 2591 2252 2591" 
                    HPOS="624.0"
                    VPOS="2524.0"
                    WIDTH="1622.0"
                    HEIGHT="162.0">
            <Shape><Polygon POINTS="624 2597 696 2524 814 2552 875 2535 1248 2558 1293 2530 1349 2552 2213 2541 2246 2586 2202 2669 1912 2680 1873 2652 1828 2675 1544 2680 1510 2652 1488 2675 1265 2680 1215 2641 1131 2686 1053 2664 998 2686 886 2664 747 2680 635 2597"/></Shape>
	    <String CONTENT="ונביאות וישכב כמקום ההוא ר&#39; יהודה ור&#39;"
                    HPOS="624.0"
                    VPOS="2524.0"
                    WIDTH="1622.0"
                    HEIGHT="162.0"></String>
          </TextLine>

          
          
          <TextLine ID="eSc_line_bf665afa"
                    
                    BASELINE="741 2730 1477 2742 1661 2736 1851 2730 2269 2730" 
                    HPOS="735.0"
                    VPOS="2652.0"
                    WIDTH="1528.0"
                    HEIGHT="168.0">
            <Shape><Polygon POINTS="735 2725 769 2680 1421 2686 1488 2680 1516 2652 1555 2691 2118 2664 2202 2675 2263 2725 2207 2803 1984 2814 1522 2792 1148 2820 1048 2814 1014 2781 981 2814 880 2820 830 2781 802 2808 741 2781"/></Shape>
	    <String CONTENT="אמ&#39; כאן שכב הא כל ארבע עשרה שנה"
                    HPOS="735.0"
                    VPOS="2652.0"
                    WIDTH="1528.0"
                    HEIGHT="168.0"></String>
          </TextLine>

          
          
          <TextLine ID="eSc_line_d4f04e33"
                    
                    BASELINE="730 2853 2241 2864" 
                    HPOS="724.0"
                    VPOS="2781.0"
                    WIDTH="1511.0"
                    HEIGHT="172.0">
            <Shape><Polygon POINTS="724 2847 741 2808 975 2820 1014 2781 1053 2820 2213 2808 2235 2859 2202 2914 2157 2931 1817 2926 1767 2953 1282 2937 1237 2898 1176 2948 1081 2926 947 2953 763 2942 730 2909"/></Shape>
	    <String CONTENT="שהיה מוטמן בא ומשמש לעבו לא שכב"
                    HPOS="724.0"
                    VPOS="2781.0"
                    WIDTH="1511.0"
                    HEIGHT="172.0"></String>
          </TextLine>

          
          
          <TextLine ID="eSc_line_e31e540a"
                    
                    BASELINE="691 2987 914 2987 981 3004 1048 2992 2266 2998" 
                    HPOS="685.0"
                    VPOS="2903.0"
                    WIDTH="1578.0"
                    HEIGHT="190.0">
            <Shape><Polygon POINTS="685 2981 752 2937 1181 2953 1237 2903 1282 2948 1772 2948 1806 2926 2085 2942 2191 2920 2263 2992 2196 3059 1678 3076 1628 3037 1566 3093 1449 3048 1416 3076 1226 3059 1176 3087 1037 3054 981 3076 763 3065 691 2998"/></Shape>
	    <String CONTENT="ר&#39; נחמיה אמ&#39; כאן שכב הא כל עשרים שנה"
                    HPOS="685.0"
                    VPOS="2903.0"
                    WIDTH="1578.0"
                    HEIGHT="190.0"></String>
          </TextLine>

          
          
          <TextLine ID="eSc_line_8c92d6f4"
                    
                    BASELINE="663 3137 819 3126 2174 3132 2269 3115" 
                    HPOS="657.0"
                    VPOS="3031.0"
                    WIDTH="1606.0"
                    HEIGHT="190.0">
            <Shape><Polygon POINTS="657 3132 741 3070 1170 3087 1410 3076 1444 3043 1572 3087 1628 3031 1678 3076 2202 3065 2263 3109 2163 3193 1817 3204 1772 3165 1733 3204 1600 3187 1555 3221 1483 3199 1393 3210 1365 3187 1265 3210 752 3221 663 3137"/></Shape>
	    <String CONTENT="שהיה בביתו של לבן לא שכב מה היה אומ&#39;"
                    HPOS="657.0"
                    VPOS="3031.0"
                    WIDTH="1606.0"
                    HEIGHT="190.0"></String>
          </TextLine>

          
          
          <TextLine ID="eSc_line_a17b63c3"
                    
                    BASELINE="730 3265 1694 3265 1817 3254 2057 3254 2185 3232 2263 3254" 
                    HPOS="724.0"
                    VPOS="3165.0"
                    WIDTH="1534.0"
                    HEIGHT="184.0">
            <Shape><Polygon POINTS="724 3260 786 3204 1555 3221 1589 3193 1728 3210 1772 3165 1817 3210 2079 3210 2202 3182 2258 3249 2202 3321 2018 3332 1968 3310 1917 3344 1733 3316 1644 3338 1488 3327 1466 3349 1427 3321 1332 3316 1287 3338 998 3338 958 3299 836 3338 786 3327 730 3271"/></Shape>
	    <String CONTENT="ר&#39; יהושעבן לוי אמ&#39; חמש עשרה שיר [המ&#39;]"
                    HPOS="724.0"
                    VPOS="3165.0"
                    WIDTH="1534.0"
                    HEIGHT="184.0"></String>
          </TextLine>

          
          
          <TextLine ID="eSc_line_d29b905e"
                    
                    BASELINE="674 3388 1193 3388 1248 3405 1315 3394 1756 3399 1812 3388 2246 3377" 
                    HPOS="669.0"
                    VPOS="3299.0"
                    WIDTH="1572.0"
                    HEIGHT="173.0">
            <Shape><Polygon POINTS="669 3383 758 3321 886 3338 958 3299 998 3338 1338 3327 1460 3355 1733 3332 1873 3349 1990 3310 2191 3327 2241 3371 2207 3461 1806 3449 1733 3472 1416 3472 1215 3444 1154 3466 892 3444 763 3472 674 3383"/></Shape>
	    <String CONTENT="המעלות שבספר תילים שיר המעלות&#39; [שב&#39;]"
                    HPOS="669.0"
                    VPOS="3299.0"
                    WIDTH="1572.0"
                    HEIGHT="173.0"></String>
          </TextLine>

          
          
          <TextLine ID="eSc_line_6df2b33d"
                    
                    BASELINE="685 3522 1254 3522 1332 3539 1393 3522 1761 3516 1817 3505 2317 3524" 
                    HPOS="680.0"
                    VPOS="3444.0"
                    WIDTH="1633.0"
                    HEIGHT="161.0">
            <Shape><Polygon POINTS="680 3516 747 3505 791 3466 864 3472 892 3444 953 3472 1778 3466 1817 3444 1873 3466 2207 3455 2313 3522 2246 3522 2202 3566 2079 3566 2046 3594 1873 3594 1817 3572 1745 3594 1661 3566 1616 3600 1181 3578 947 3605 925 3583 786 3600 685 3516"/></Shape>
	    <String CONTENT="שבספר תילים מאי טעמיה שיר המעלות"
                    HPOS="680.0"
                    VPOS="3444.0"
                    WIDTH="1633.0"
                    HEIGHT="161.0"></String>
          </TextLine>

          
          
          <TextLine ID="eSc_line_a9c6be81"
                    
                    BASELINE="685 3650 1483 3650 1538 3639 2317 3663" 
                    HPOS="680.0"
                    VPOS="3566.0"
                    WIDTH="1633.0"
                    HEIGHT="173.0">
            <Shape><Polygon POINTS="680 3644 758 3594 914 3583 1009 3605 1449 3605 1611 3600 1672 3572 1717 3600 2046 3600 2074 3572 2124 3589 2185 3566 2269 3650 2313 3661 2129 3717 1968 3689 1828 3728 1655 3734 1611 3706 1483 3728 1226 3706 1131 3728 1059 3689 1020 3728 925 3711 769 3739 685 3656"/></Shape>
	    <String CONTENT="לולי ייי שהיה לנו יאמר נא ישר&#39; ישר&#39; סבא"
                    HPOS="680.0"
                    VPOS="3566.0"
                    WIDTH="1633.0"
                    HEIGHT="173.0"></String>
          </TextLine>

          
          
          <TextLine ID="eSc_line_fb950f18"
                    
                    BASELINE="708 3762 858 3778 2074 3778 2312 3781" 
                    HPOS="702.0"
                    VPOS="3683.0"
                    WIDTH="1606.0"
                    HEIGHT="184.0">
            <Shape><Polygon POINTS="702 3762 758 3762 791 3728 1003 3728 1087 3683 1159 3728 1349 3706 1839 3728 2196 3700 2308 3778 2274 3778 2219 3834 1800 3834 1622 3867 1583 3840 858 3840 819 3862 708 3767"/></Shape>
	    <String CONTENT="ר&#39; שמוא בר נחמן אמ&#39; כל ספר תילים היה"
                    HPOS="702.0"
                    VPOS="3683.0"
                    WIDTH="1606.0"
                    HEIGHT="184.0"></String>
          </TextLine>

          
          
          <TextLine ID="eSc_line_3badbbab"
                    
                    BASELINE="630 3895 853 3912 1343 3912 2001 3901 2191 3884 2269 3890" 
                    HPOS="624.0"
                    VPOS="3806.0"
                    WIDTH="1639.0"
                    HEIGHT="190.0">
            <Shape><Polygon POINTS="624 3890 669 3884 752 3806 819 3856 942 3862 1583 3845 1628 3873 2246 3834 2263 3884 2219 3962 1901 3962 1784 3990 1522 3962 1494 3984 1349 3990 1304 3962 1209 3990 1154 3968 841 3984 774 3951 708 3996 630 3923"/></Shape>
	    <String CONTENT="אומ&#39; מאי טעמיה ˙ ואתה קדוש יושב תהילות"
                    HPOS="624.0"
                    VPOS="3806.0"
                    WIDTH="1639.0"
                    HEIGHT="190.0"></String>
          </TextLine>

          
          
          <TextLine ID="eSc_line_5131d888"
                    
                    BASELINE="691 4035 1678 4035 1940 4018 2241 4023" 
                    HPOS="685.0"
                    VPOS="3962.0"
                    WIDTH="1550.0"
                    HEIGHT="151.0">
            <Shape><Polygon POINTS="685 4029 791 3962 836 3984 1315 3968 1338 3990 1494 3984 1522 3962 1561 3984 2085 3962 2213 3973 2235 4018 2219 4085 2157 4101 2035 4074 1951 4101 1784 4107 1711 4085 1600 4107 1555 4085 1471 4113 931 4113 886 4090 802 4107 708 4029"/></Shape>
	    <String CONTENT="ישר&#39; ישר&#39; סבא ˙ ויחלום אמ&#39; ר&#39; אבהו דברי [חר&#39;]"
                    HPOS="685.0"
                    VPOS="3962.0"
                    WIDTH="1550.0"
                    HEIGHT="151.0"></String>
          </TextLine>

          
          
          <TextLine ID="eSc_line_e8fb5289"
                    
                    BASELINE="719 4168 1232 4168 1293 4185 1405 4174 1466 4180 1533 4168 1951 4168 2284 4146" 
                    HPOS="713.0"
                    VPOS="4074.0"
                    WIDTH="1567.0"
                    HEIGHT="189.0">
            <Shape><Polygon POINTS="713 4163 763 4096 942 4124 1466 4124 1566 4085 1605 4113 1739 4096 1873 4124 2040 4074 2280 4140 2213 4235 2113 4241 2007 4207 1962 4241 1733 4235 1700 4263 1589 4230 1265 4230 1209 4258 1170 4219 1131 4235 1092 4213 1031 4252 970 4230 908 4252 791 4235 724 4168"/></Shape>
	    <String CONTENT="חלום לא מעלין ולאמורידין ˙ חד ברנש [א&#39;]"
                    HPOS="713.0"
                    VPOS="4074.0"
                    WIDTH="1567.0"
                    HEIGHT="189.0"></String>
          </TextLine>

          
          
          <TextLine ID="eSc_line_3ebd979a"
                    
                    BASELINE="741 4302 1678 4302 1968 4285 2306 4291" 
                    HPOS="735.0"
                    VPOS="4213.0"
                    WIDTH="1567.0"
                    HEIGHT="167.0">
            <Shape><Polygon POINTS="735 4297 791 4252 1042 4246 1076 4213 1170 4224 1204 4258 1321 4230 1449 4246 1477 4224 1683 4258 1945 4252 2023 4213 2046 4235 2219 4241 2302 4285 2185 4375 2057 4341 2023 4375 1906 4352 1622 4375 1488 4347 1455 4380 1103 4352 1009 4375 970 4347 931 4375 864 4375 752 4297"/></Shape>
	    <String CONTENT="אזל לגב ר&#39; יוסי מר&#39; חלפתא אמ&#39; לי איתמר"
                    HPOS="735.0"
                    VPOS="4213.0"
                    WIDTH="1567.0"
                    HEIGHT="167.0"></String>
          </TextLine>

          
          
          <TextLine ID="eSc_line_20262642"
                    
                    BASELINE="713 4430 808 4419 2146 4425 2350 4408" 
                    HPOS="708.0"
                    VPOS="4336.0"
                    WIDTH="1639.0"
                    HEIGHT="172.0">
            <Shape><Polygon POINTS="708 4425 791 4363 931 4375 958 4347 1003 4375 1226 4358 1460 4380 1494 4347 1522 4375 1795 4375 1884 4352 2023 4369 2062 4336 2107 4363 2219 4358 2263 4397 2347 4402 2297 4408 2230 4475 2140 4492 1349 4486 1315 4508 1031 4486 992 4508 886 4475 808 4508 724 4425"/></Shape>
	    <String CONTENT="לוה לההוא גברא בחילמא אזל סב פעליה"
                    HPOS="708.0"
                    VPOS="4336.0"
                    WIDTH="1639.0"
                    HEIGHT="172.0"></String>
          </TextLine>

          
          
          <TextLine ID="eSc_line_d761495b"
                    
                    BASELINE="730 4553 1867 4553 2001 4564 2062 4547 2334 4536" 
                    HPOS="724.0"
                    VPOS="4486.0"
                    WIDTH="1606.0"
                    HEIGHT="162.0">
            <Shape><Polygon POINTS="724 4547 763 4508 1326 4508 1349 4486 2207 4486 2263 4531 2330 4531 2230 4614 2196 4586 2068 4631 1923 4631 1890 4609 1856 4631 1533 4631 1399 4598 1365 4620 1221 4603 1181 4642 1081 4614 814 4648 735 4570"/></Shape>
	    <String CONTENT="דאבוך מן קפודקיא אמ&#39; ליה ואזיל לוה אביך"
                    HPOS="724.0"
                    VPOS="4486.0"
                    WIDTH="1606.0"
                    HEIGHT="162.0"></String>
          </TextLine>

          
          
          <TextLine ID="eSc_line_65a7a125"
                    
                    BASELINE="758 4711 2285 4688" 
                    HPOS="752.0"
                    VPOS="4592.0"
                    WIDTH="1528.0"
                    HEIGHT="184.0">
            <Shape><Polygon POINTS="752 4709 786 4642 841 4631 1165 4637 1204 4670 1276 4653 1299 4676 1399 4603 1444 4637 1856 4637 2152 4625 2196 4592 2280 4687 2180 4759 2046 4737 1477 4770 1405 4748 1332 4776 1276 4742 1109 4776 1064 4754 986 4776 936 4748 825 4770 763 4715"/></Shape>
	    <String CONTENT="לקפודקיא מיומיה אמ&#39; ליה זיל מני עשרה"
                    HPOS="752.0"
                    VPOS="4592.0"
                    WIDTH="1528.0"
                    HEIGHT="184.0"></String>
          </TextLine>

          
          
          <TextLine ID="eSc_line_9e08f5e6"
                    TAGREFS="LT3"
                    BASELINE="1193 4646 1374 4656" 
                    HPOS="1191"
                    VPOS="4616"
                    WIDTH="184"
                    HEIGHT="69">
            <Shape><Polygon POINTS="1194 4616 1375 4626 1372 4685 1191 4675"/></Shape>
	    <String CONTENT=""
                    HPOS="1191"
                    VPOS="4616"
                    WIDTH="184"
                    HEIGHT="69"></String>
          </TextLine>

          
          
          <TextLine ID="eSc_line_59ec360d"
                    
                    BASELINE="792 4848 2266 4819" 
                    HPOS="791.0"
                    VPOS="4742.0"
                    WIDTH="1472.0"
                    HEIGHT="162.0">
            <Shape><Polygon POINTS="791 4843 814 4765 936 4754 1003 4781 1193 4759 1338 4776 1393 4754 1945 4765 2040 4742 2213 4754 2263 4815 2196 4882 2062 4848 2023 4887 2001 4865 1901 4865 1856 4898 1750 4871 1594 4904 1053 4882 931 4904 875 4859 836 4893 797 4876"/></Shape>
	    <String CONTENT="שריין בכרסה דביתא ואת משכחת לה [א&#39;]"
                    HPOS="791.0"
                    VPOS="4742.0"
                    WIDTH="1472.0"
                    HEIGHT="162.0"></String>
          </TextLine>

          
          
          <TextLine ID="eSc_line_d2484792"
                    TAGREFS="LT3"
                    BASELINE="1943 4910 2035 4896" 
                    HPOS="1938"
                    VPOS="4866"
                    WIDTH="101"
                    HEIGHT="73">
            <Shape><Polygon POINTS="1938 4880 2030 4866 2039 4925 1947 4939"/></Shape>
	    <String CONTENT=""
                    HPOS="1938"
                    VPOS="4866"
                    WIDTH="101"
                    HEIGHT="73"></String>
          </TextLine>

          
          
          <TextLine ID="eSc_line_01a203b6"
                    
                    BASELINE="797 4977 2275 4956" 
                    HPOS="791.0"
                    VPOS="4854.0"
                    WIDTH="1483.0"
                    HEIGHT="195.0">
            <Shape><Polygon POINTS="791 4976 797 4882 836 4893 869 4859 919 4904 998 4910 1048 4882 1092 4910 1706 4898 1733 4876 1873 4898 1906 4859 1962 4915 2074 4854 2157 4887 2224 4882 2274 4954 2241 5016 2202 4993 1990 5021 1917 4999 1711 5038 1561 5004 1538 5027 1488 5010 1248 5043 1159 5010 970 5049 925 5016 797 5010"/></Shape>
	    <String CONTENT="אמ&#39; ליה לית בי עשרין מני מן ריש)הוןסו&#39;]"
                    HPOS="791.0"
                    VPOS="4854.0"
                    WIDTH="1483.0"
                    HEIGHT="195.0"></String>
          </TextLine>

          
          
          <TextLine ID="eSc_line_4ff3442c"
                    
                    BASELINE="719 5077 808 5094 1706 5094 2306 5066" 
                    HPOS="713.0"
                    VPOS="5016.0"
                    WIDTH="1589.0"
                    HEIGHT="161.0">
            <Shape><Polygon POINTS="713 5071 1137 5027 1176 5055 1416 5055 1449 5027 1527 5027 1561 5055 1772 5027 1929 5049 2090 5016 2235 5016 2302 5060 2285 5127 2146 5127 1996 5166 1901 5166 1867 5138 1784 5166 1628 5166 1577 5138 1483 5166 1432 5138 1382 5166 1343 5138 1248 5172 1165 5172 1142 5149 1109 5177 1042 5177 975 5144 841 5166 719 5144"/></Shape>
	    <String CONTENT="לסופהון ומסופהון לרישיהון ואן דאת"
                    HPOS="713.0"
                    VPOS="5016.0"
                    WIDTH="1589.0"
                    HEIGHT="161.0"></String>
          </TextLine>

          
        </TextBlock>
        
        <TextBlock HPOS="640.0"
                   VPOS="4771.0"
                   WIDTH="176.0"
                   HEIGHT="117.0"
                   ID="eSc_textblock_9ced0476"
                   TAGREFS="BT225">
          <Shape><Polygon POINTS="640 4771 640 4888 816 4888 816 4771"/></Shape>
          
          
          <TextLine ID="eSc_line_957e94e4"
                    
                    BASELINE="638 4831 805 4819" 
                    HPOS="635"
                    VPOS="4789"
                    WIDTH="172"
                    HEIGHT="71">
            <Shape><Polygon POINTS="635 4801 802 4789 807 4848 640 4860"/></Shape>
	    <String CONTENT="ית"
                    HPOS="635"
                    VPOS="4789"
                    WIDTH="172"
                    HEIGHT="71"></String>
          </TextLine>

          
        </TextBlock>
        

        
      </PrintSpace>
    </Page>
  </Layout>
</alto>
