<?xml version="1.0" encoding="UTF-8"?>
<alto xmlns:xsi="http://www.w3.org/2001/XMLSchema-instance"
      xmlns="http://www.loc.gov/standards/alto/ns-v4#"
      xsi:schemaLocation="http://www.loc.gov/standards/alto/ns-v4# http://www.loc.gov/standards/alto/v4/alto-4-2.xsd">
  <Description>
    <MeasurementUnit>pixel</MeasurementUnit>
    <sourceImageInformation>
      <fileName>add_ms_16406_f159v.jpg</fileName>
      
    </sourceImageInformation>
  </Description>
  
  <Tags>
    <OtherTag ID="BT1" LABEL="Title" DESCRIPTION="block type Title"/><OtherTag ID="BT2" LABEL="Main" DESCRIPTION="block type Main"/><OtherTag ID="BT3" LABEL="Commentary" DESCRIPTION="block type Commentary"/><OtherTag ID="BT4" LABEL="Illustration" DESCRIPTION="block type Illustration"/><OtherTag ID="BT224" LABEL="Hole" DESCRIPTION="block type Hole"/><OtherTag ID="BT225" LABEL="Margin" DESCRIPTION="block type Margin"/><OtherTag ID="BT226" LABEL="Paratext" DESCRIPTION="block type Paratext"/>
    <OtherTag ID="LT2" LABEL="Numbering" DESCRIPTION="line type Numbering"/><OtherTag ID="LT3" LABEL="Correction" DESCRIPTION="line type Correction"/><OtherTag ID="LT329" LABEL="Gloss" DESCRIPTION="line type Gloss"/>
  </Tags>
  
  <Layout>
    <Page WIDTH="4836"
          HEIGHT="6886"
          PHYSICAL_IMG_NR="318"
          ID="eSc_dummypage_">
      <PrintSpace HPOS="0"
                  VPOS="0"
                  WIDTH="4836"
                  HEIGHT="6886">
        
        <TextBlock HPOS="2368.0"
                   VPOS="547.0"
                   WIDTH="1698.0"
                   HEIGHT="4896.0"
                   ID="eSc_textblock_54f43ca2"
                   TAGREFS="BT2">
          <Shape><Polygon POINTS="4036 5443 4066 5386 4021 596 3990 562 2402 547 2368 673 2383 5413 4036 5443"/></Shape>
          
          
          <TextLine ID="eSc_line_c62872ce"
                    
                    BASELINE="2395 659 2911 671 3704 723 4044 769" 
                    HPOS="2366.0"
                    VPOS="533.0"
                    WIDTH="1677.0"
                    HEIGHT="299.0">
            <Shape><Polygon POINTS="2389 654 2389 573 2521 573 2521 573 2613 533 2613 533 2619 533 2619 533 2619 533 2624 533 2624 533 2624 533 2630 533 2630 533 2722 579 3199 585 3199 585 3199 585 3204 585 3245 596 3348 631 3434 602 3474 591 3480 591 3480 591 3480 591 3486 591 3486 591 3624 608 3825 636 4043 625 4043 768 4026 832 3308 826 3308 826 3308 826 3021 774 2687 780 2682 780 2682 780 2676 780 2676 780 2676 780 2670 780 2670 780 2670 774 2664 774 2641 745 2458 768 2458 768 2452 768 2452 768 2452 768 2446 768 2446 768 2446 768 2366 723"/></Shape>
	    <String CONTENT="שעשו חייבין בית דין מביאין פר על ידיהן"
                    HPOS="2366.0"
                    VPOS="533.0"
                    WIDTH="1677.0"
                    HEIGHT="299.0"></String>
          </TextLine>

          
          
          <TextLine ID="eSc_line_bdbbbb6f"
                    
                    BASELINE="2395 820 2475 809 2630 814 2699 803 2848 837 2992 837 3222 860 3423 855 3647 883 4044 913" 
                    HPOS="2383.0"
                    VPOS="705.0"
                    WIDTH="1671.0"
                    HEIGHT="287.0">
            <Shape><Polygon POINTS="2389 814 2383 740 2481 705 2486 705 2486 705 2486 705 2492 705 2492 705 2498 705 2498 705 2498 705 2504 705 2504 705 2555 751 2854 768 2906 734 2911 734 2911 734 2911 734 2917 734 2917 734 2917 734 2923 734 2923 734 2929 734 2929 734 2929 734 2934 734 3009 780 3009 786 3015 786 3687 791 3687 791 3991 814 3991 814 3997 814 3997 814 3997 814 4003 814 4003 814 4054 855 4043 912 4026 981 3497 952 3440 992 3440 992 3434 992 3434 992 3428 992 3428 992 3428 992 3423 992 3164 969 3164 969 3158 969 3158 969 3158 969 3153 969 3084 923 3015 958 3015 958 3009 958 3009 958 3009 958 3003 958 2578 929 2578 929 2573 929 2383 872"/></Shape>
	    <String CONTENT="תלמוד לומר עם הארץ אפילו רובו ואפילו"
                    HPOS="2383.0"
                    VPOS="705.0"
                    WIDTH="1671.0"
                    HEIGHT="287.0"></String>
          </TextLine>

          
          
          <TextLine ID="eSc_line_876eea7a"
                    
                    BASELINE="2395 941 2785 975 2843 969 3084 998 3227 998 3509 1015 4044 1060" 
                    HPOS="2372.0"
                    VPOS="877.0"
                    WIDTH="1682.0"
                    HEIGHT="253.0">
            <Shape><Polygon POINTS="2389 935 2389 877 2957 923 2963 923 3095 889 3101 889 3101 889 3107 889 3107 889 3107 889 3112 889 3112 889 3245 946 3245 946 3250 946 3733 941 3738 941 3985 964 3985 964 3991 964 3991 964 3991 964 3997 964 3997 964 3997 969 4054 1021 4043 1055 4026 1130 3130 1118 3130 1118 2911 1101 2911 1101 2906 1101 2906 1101 2802 1055 2768 1044 2739 1050 2641 1078 2636 1078 2636 1078 2630 1078 2630 1078 2630 1078 2372 1027"/></Shape>
	    <String CONTENT="כולו ˙ עם הארץ פרט לנשיא מעם הארץ"
                    HPOS="2372.0"
                    VPOS="877.0"
                    WIDTH="1682.0"
                    HEIGHT="253.0"></String>
          </TextLine>

          
          
          <TextLine ID="eSc_line_0a916e61"
                    
                    BASELINE="2509 1090 2664 1113 2791 1107 3089 1136 3227 1130 3308 1147 3509 1159 4040 1188" 
                    HPOS="2504.0"
                    VPOS="1027.0"
                    WIDTH="1533.0"
                    HEIGHT="229.0">
            <Shape><Polygon POINTS="2504 1084 2515 1044 2641 1055 2693 1027 2716 1061 2975 1084 3652 1107 3761 1038 3842 1101 3997 1118 4037 1187 3974 1256 3796 1228 3710 1245 3687 1222 3624 1245 3595 1210 3382 1239 3273 1216 3222 1233 3176 1187 3107 1222 2779 1199 2687 1141 2550 1187 2509 1136"/></Shape>
	    <String CONTENT="פרט למשיח ואם כבר יצא משיח לידון"
                    HPOS="2504.0"
                    VPOS="1027.0"
                    WIDTH="1533.0"
                    HEIGHT="229.0"></String>
          </TextLine>

          
          
          <TextLine ID="eSc_line_1e35b6f5"
                    
                    BASELINE="2412 1222 2624 1250 2745 1245 2894 1262 2957 1279 3078 1268 3268 1285 3629 1296 4044 1324" 
                    HPOS="2383.0"
                    VPOS="1136.0"
                    WIDTH="1660.0"
                    HEIGHT="264.0">
            <Shape><Polygon POINTS="2406 1216 2406 1136 3245 1216 3342 1210 3492 1199 3497 1199 3497 1199 3497 1199 3503 1199 3503 1199 3503 1199 3509 1199 3509 1199 3509 1205 3515 1205 3532 1228 3537 1233 3629 1233 3951 1228 3957 1228 3957 1228 3962 1228 3962 1228 3962 1228 4043 1268 4043 1319 4031 1400 3199 1400 3193 1394 2636 1359 2636 1359 2630 1359 2630 1359 2630 1359 2624 1359 2624 1359 2561 1308 2383 1296"/></Shape>
	    <String CONTENT="בפר ונשיא [במשיח] בשעיר שיכול הואיל"
                    HPOS="2383.0"
                    VPOS="1136.0"
                    WIDTH="1660.0"
                    HEIGHT="264.0"></String>
          </TextLine>

          
          
          <TextLine ID="eSc_line_e223b8b4"
                    
                    BASELINE="2446 1365 2544 1394 2613 1382 2739 1382 2900 1400 2957 1417 3101 1405 3285 1423 3371 1440 3434 1428 3914 1475 4044 1461" 
                    HPOS="2406.0"
                    VPOS="1302.0"
                    WIDTH="1643.0"
                    HEIGHT="247.0">
            <Shape><Polygon POINTS="2440 1359 2440 1302 3336 1365 3532 1342 3532 1342 3537 1342 3951 1377 3951 1377 3957 1377 3957 1377 3957 1377 4049 1428 4043 1457 4031 1549 2917 1520 2917 1520 2504 1486 2504 1486 2498 1486 2498 1486 2498 1486 2492 1486 2406 1428"/></Shape>
	    <String CONTENT="הואיל ונעלם עם שגגת מעשה מביא פר"
                    HPOS="2406.0"
                    VPOS="1302.0"
                    WIDTH="1643.0"
                    HEIGHT="247.0"></String>
          </TextLine>

          
          
          <TextLine ID="eSc_line_f3de2abb"
                    
                    BASELINE="2435 1514 2722 1526 2911 1549 3124 1543 3405 1572 3727 1566 3856 1619 4044 1624" 
                    HPOS="2412.0"
                    VPOS="1463.0"
                    WIDTH="1631.0"
                    HEIGHT="229.0">
            <Shape><Polygon POINTS="2429 1509 2429 1463 3572 1514 3761 1486 3761 1486 3767 1486 3767 1486 3767 1486 4043 1549 4043 1623 4037 1687 3750 1692 3744 1692 3744 1692 3738 1692 3738 1692 3738 1692 3733 1692 3733 1692 3704 1669 3698 1664 3687 1669 3670 1687 3670 1687 3664 1687 3664 1687 3664 1687 3658 1687 3658 1687 3652 1687 3652 1687 3652 1687 3647 1687 3555 1658 3509 1646 3457 1652 3342 1669 3342 1669 3336 1669 3336 1669 3336 1669 3331 1669 3331 1669 3331 1669 3325 1669 3325 1669 3325 1664 3302 1641 3291 1629 3055 1623 3049 1629 3021 1652 3021 1652 3015 1652 3015 1652 3015 1652 3009 1652 3009 1652 3009 1652 3003 1652 2785 1641 2785 1641 2779 1641 2779 1641 2779 1641 2774 1641 2774 1641 2733 1606 2733 1606 2728 1606 2636 1629 2630 1629 2630 1629 2624 1629 2624 1629 2624 1629 2412 1583"/></Shape>
	    <String CONTENT="ועל שגגת המעשה יביא כשבה ושעירה"
                    HPOS="2412.0"
                    VPOS="1463.0"
                    WIDTH="1631.0"
                    HEIGHT="229.0"></String>
          </TextLine>

          
          
          <TextLine ID="eSc_line_9ef31156"
                    
                    BASELINE="2423 1646 2498 1664 2687 1658 2871 1687 3015 1681 3336 1710 3549 1704 3612 1715 3989 1773 4044 1764" 
                    HPOS="2395.0"
                    VPOS="1560.0"
                    WIDTH="1659.0"
                    HEIGHT="282.0">
            <Shape><Polygon POINTS="2418 1641 2418 1572 2670 1589 2716 1560 2722 1560 2722 1560 2728 1560 2728 1560 2728 1560 2733 1560 2733 1560 2739 1560 2739 1560 2739 1560 2745 1560 2745 1560 2745 1566 2751 1566 2779 1600 2779 1606 2946 1618 2952 1618 3044 1583 3044 1583 3049 1583 3049 1583 3055 1583 3055 1583 3055 1583 3061 1583 3061 1583 3067 1583 3067 1583 3067 1589 3067 1589 3107 1629 3107 1635 3193 1641 3336 1646 3790 1646 3796 1646 3968 1664 3968 1664 3974 1664 3974 1664 3974 1664 3980 1664 4054 1715 4043 1761 4031 1842 2395 1732"/></Shape>
	    <String CONTENT="תלמוד לומר עם הארץ פר למשומד ר&#39; שמע&#39;"
                    HPOS="2395.0"
                    VPOS="1560.0"
                    WIDTH="1659.0"
                    HEIGHT="282.0"></String>
          </TextLine>

          
          
          <TextLine ID="eSc_line_900079aa"
                    
                    BASELINE="2446 1784 2521 1801 2745 1801 2986 1824 3176 1819 3451 1847 4044 1886" 
                    HPOS="2423.0"
                    VPOS="1710.0"
                    WIDTH="1626.0"
                    HEIGHT="258.0">
            <Shape><Polygon POINTS="2440 1778 2435 1727 2762 1710 2768 1710 2768 1710 2768 1710 2774 1710 2774 1710 2865 1750 2865 1750 2865 1750 3072 1732 3072 1732 3078 1732 3078 1732 3084 1732 3250 1778 3922 1784 3922 1784 3922 1784 3928 1784 3928 1784 4049 1830 4043 1882 4031 1951 3704 1933 3693 1933 3629 1962 3629 1962 3624 1962 3624 1962 3624 1968 3618 1962 3618 1962 3612 1962 3612 1962 3526 1928 3503 1916 3480 1922 3423 1951 3423 1951 3417 1951 3417 1951 3417 1951 3411 1951 3233 1939 3233 1939 3227 1939 3227 1939 3227 1939 3222 1939 3222 1939 3222 1933 3193 1910 3181 1899 3164 1905 3101 1928 3095 1928 3095 1928 3095 1928 3089 1928 3089 1928 3084 1928 3084 1928 3084 1928 3078 1928 3078 1928 3078 1922 3072 1922 3055 1899 3049 1887 3026 1899 2980 1922 2980 1922 2980 1922 2975 1922 2975 1922 2969 1922 2969 1922 2423 1864"/></Shape>
	    <String CONTENT="בן יוסי אומר משום ר&#39; [יוסי] שמעון [אומר]"
                    HPOS="2423.0"
                    VPOS="1710.0"
                    WIDTH="1626.0"
                    HEIGHT="258.0"></String>
          </TextLine>

          
          
          <TextLine ID="eSc_line_3339eccb"
                    
                    BASELINE="2418 1922 2641 1939 2791 1933 3026 1956 3227 1962 3365 1951 3463 1973 3606 1985 4044 2022" 
                    HPOS="2400.0"
                    VPOS="1847.0"
                    WIDTH="1649.0"
                    HEIGHT="247.0">
            <Shape><Polygon POINTS="2418 1916 2412 1853 2739 1847 2745 1847 2745 1847 3015 1893 3015 1893 3021 1893 3141 1859 3147 1859 3147 1859 3153 1859 3153 1859 3153 1859 3158 1859 3158 1859 3158 1859 3250 1910 3417 1916 3784 1905 3790 1905 3790 1905 3796 1905 4049 1973 4043 2019 4026 2094 3589 2088 3589 2088 3589 2088 3428 2054 3394 2048 3377 2048 3273 2077 3268 2077 3268 2077 3262 2077 3262 2077 3262 2077 3256 2077 3256 2077 3250 2077 3250 2077 3250 2071 3245 2071 3216 2037 3216 2037 3210 2037 3084 2065 3084 2065 3084 2065 3078 2065 3078 2065 3078 2065 3072 2065 2934 2025 2527 2025 2521 2025 2521 2025 2515 2025 2515 2025 2400 1979"/></Shape>
	    <String CONTENT="מה תלמוד לומר אשר לא תעשינה בשגגה"
                    HPOS="2400.0"
                    VPOS="1847.0"
                    WIDTH="1649.0"
                    HEIGHT="247.0"></String>
          </TextLine>

          
          
          <TextLine ID="eSc_line_7797c780"
                    
                    BASELINE="2458 2060 2670 2077 2808 2071 3032 2100 3354 2100 3411 2088 3469 2105 3629 2123 4044 2163" 
                    HPOS="2429.0"
                    VPOS="1991.0"
                    WIDTH="1614.0"
                    HEIGHT="235.0">
            <Shape><Polygon POINTS="2452 2054 2452 1991 3693 2042 3693 2042 4043 2100 4043 2157 4031 2226 2946 2192 2946 2192 2699 2174 2699 2174 2693 2174 2693 2174 2693 2174 2687 2174 2687 2174 2687 2174 2647 2140 2544 2163 2544 2163 2544 2163 2538 2163 2538 2163 2538 2163 2532 2163 2532 2163 2429 2117"/></Shape>
	    <String CONTENT="השב מידיעתו מביא קרבן על שגגתו יצא"
                    HPOS="2429.0"
                    VPOS="1991.0"
                    WIDTH="1614.0"
                    HEIGHT="235.0"></String>
          </TextLine>

          
          
          <TextLine ID="eSc_line_30d1f5d2"
                    
                    BASELINE="2469 2197 2877 2214 2946 2209 3193 2237 3589 2232 3833 2296 4044 2296" 
                    HPOS="2435.0"
                    VPOS="2134.0"
                    WIDTH="1608.0"
                    HEIGHT="218.0">
            <Shape><Polygon POINTS="2463 2192 2463 2134 4043 2226 4043 2295 4037 2352 2762 2306 2762 2306 2504 2289 2504 2289 2504 2289 2498 2289 2498 2289 2498 2289 2492 2289 2435 2249"/></Shape>
	    <String CONTENT="משומד שאינו שב מידיעתו בעשותה"
                    HPOS="2435.0"
                    VPOS="2134.0"
                    WIDTH="1608.0"
                    HEIGHT="218.0"></String>
          </TextLine>

          
          
          <TextLine ID="eSc_line_50fbc5d9"
                    
                    BASELINE="2440 2335 2601 2352 2969 2346 3118 2369 3520 2369 3698 2392 4044 2433" 
                    HPOS="2418.0"
                    VPOS="2278.0"
                    WIDTH="1631.0"
                    HEIGHT="206.0">
            <Shape><Polygon POINTS="2435 2329 2435 2278 3268 2283 3268 2283 3819 2335 3882 2312 3882 2312 3888 2312 3888 2312 3888 2312 3894 2312 3894 2312 3899 2312 4049 2352 4043 2427 4026 2484 2418 2410"/></Shape>
	    <String CONTENT="העושה את כולה ולא העושה את מקצתה"
                    HPOS="2418.0"
                    VPOS="2278.0"
                    WIDTH="1631.0"
                    HEIGHT="206.0"></String>
          </TextLine>

          
          
          <TextLine ID="eSc_line_4833e3d9"
                    
                    BASELINE="2458 2478 2687 2501 2906 2501 2963 2513 3411 2513 3647 2536 4006 2577 4044 2568" 
                    HPOS="2435.0"
                    VPOS="2415.0"
                    WIDTH="1608.0"
                    HEIGHT="218.0">
            <Shape><Polygon POINTS="2452 2473 2452 2415 3802 2456 3802 2456 3802 2456 4043 2507 4043 2565 4043 2633 2716 2599 2716 2599 2716 2599 2435 2542"/></Shape>
	    <String CONTENT="כיצד שנים אוחזין במלגז ומולגין בכרכר"
                    HPOS="2435.0"
                    VPOS="2415.0"
                    WIDTH="1608.0"
                    HEIGHT="218.0"></String>
          </TextLine>

          
          
          <TextLine ID="eSc_line_f91aa503"
                    
                    BASELINE="2440 2628 2653 2622 2986 2651 3239 2645 3503 2674 3954 2715 4044 2703" 
                    HPOS="2423.0"
                    VPOS="2519.0"
                    WIDTH="1631.0"
                    HEIGHT="258.0">
            <Shape><Polygon POINTS="2435 2622 2423 2553 2521 2519 2527 2519 2527 2519 2527 2519 2532 2519 2532 2519 2538 2519 2538 2519 2538 2519 2544 2519 2544 2519 2544 2524 2578 2559 2854 2582 3951 2605 3951 2605 3951 2605 3957 2605 3957 2605 3962 2605 4054 2662 4043 2702 4031 2777 3457 2771 3457 2771 3457 2771 3451 2771 3451 2771 3365 2737 3354 2737 3325 2737 3118 2754 3112 2754 3112 2754 2429 2679"/></Shape>
	    <String CONTENT="ועבטין בקולמוס וכותבין בקנה והוציאו [ל&#39;]"
                    HPOS="2423.0"
                    VPOS="2519.0"
                    WIDTH="1631.0"
                    HEIGHT="258.0"></String>
          </TextLine>

          
          
          <TextLine ID="eSc_line_8b30c989"
                    
                    BASELINE="2412 2748 2636 2765 2768 2760 2911 2777 3061 2777 3118 2788 3245 2783 3966 2852 4044 2841" 
                    HPOS="2389.0"
                    VPOS="2651.0"
                    WIDTH="1665.0"
                    HEIGHT="275.0">
            <Shape><Polygon POINTS="2406 2742 2406 2668 2601 2685 2607 2685 2647 2651 2647 2651 2653 2651 2653 2651 2653 2651 2659 2651 2659 2651 2664 2651 2664 2651 2664 2651 2670 2651 2670 2651 2797 2702 2843 2662 2843 2662 2848 2662 2848 2662 2848 2662 2854 2662 2854 2662 2860 2662 2860 2662 2860 2662 2865 2662 2865 2662 2865 2662 2871 2662 2871 2662 2871 2668 2917 2714 3055 2719 3348 2691 3348 2691 3354 2691 3354 2691 3359 2691 3359 2691 3359 2691 3365 2691 3365 2691 3365 2697 3405 2737 3957 2742 3957 2742 3957 2742 3962 2742 3962 2742 3962 2742 3968 2742 3968 2742 4054 2817 4043 2840 4037 2926 3072 2892 3072 2892 3072 2892 2917 2857 2877 2846 2865 2851 2843 2869 2837 2869 2837 2869 2837 2869 2831 2869 2831 2869 2825 2869 2825 2869 2389 2817"/></Shape>
	    <String CONTENT="לרשות הרבים יכול יהו חייבין תלמוד לומר"
                    HPOS="2389.0"
                    VPOS="2651.0"
                    WIDTH="1665.0"
                    HEIGHT="275.0"></String>
          </TextLine>

          
          
          <TextLine ID="eSc_line_d8e2ab7a"
                    
                    BASELINE="2418 2892 2504 2892 2567 2903 2969 2897 3199 2926 3641 2926 3710 2915 3908 2979 4044 2979" 
                    HPOS="2400.0"
                    VPOS="2840.0"
                    WIDTH="1649.0"
                    HEIGHT="207.0">
            <Shape><Polygon POINTS="2418 2886 2418 2840 3578 2846 3578 2846 3578 2846 3583 2846 3583 2846 3583 2846 3589 2846 3589 2846 3624 2874 3882 2857 3888 2857 3888 2857 3894 2857 4049 2897 4043 2978 4031 3047 2980 2983 2900 2983 2578 3001 2573 3001 2573 3001 2567 3001 2400 2955"/></Shape>
	    <String CONTENT="בעשותה העושה את כולה ולא העושה"
                    HPOS="2400.0"
                    VPOS="2840.0"
                    WIDTH="1649.0"
                    HEIGHT="207.0"></String>
          </TextLine>

          
          
          <TextLine ID="eSc_line_ea3fa2ab"
                    
                    BASELINE="2463 3029 3176 3052 3239 3064 4029 3105" 
                    HPOS="2458.0"
                    VPOS="2966.0"
                    WIDTH="1568.0"
                    HEIGHT="190.0">
            <Shape><Polygon POINTS="2458 3024 2486 2983 2929 3001 2980 2966 3009 2995 3130 3001 3170 2978 3216 3006 3302 2972 3342 3012 3962 3012 4026 3104 3905 3144 3750 3156 3555 3133 3417 3150 3313 3133 3291 3104 3250 3133 2814 3133 2768 3081 2716 3133 2567 3127 2550 3104 2486 3133 2463 3110"/></Shape>
	    <String CONTENT="את מקצתה בעיגול של דבילה והוציאוה"
                    HPOS="2458.0"
                    VPOS="2966.0"
                    WIDTH="1568.0"
                    HEIGHT="190.0"></String>
          </TextLine>

          
          
          <TextLine ID="eSc_line_6e0f11ac"
                    
                    BASELINE="2458 3184 2601 3173 2837 3179 3044 3167 3112 3184 3486 3201 4000 3237 4044 3244" 
                    HPOS="2440.0"
                    VPOS="3075.0"
                    WIDTH="1603.0"
                    HEIGHT="224.0">
            <Shape><Polygon POINTS="2452 3179 2452 3104 2693 3110 2693 3110 2779 3075 2779 3075 2785 3075 2785 3075 2791 3075 2791 3075 2791 3075 2797 3075 2797 3075 2797 3075 2877 3121 3922 3127 3922 3127 3922 3127 3928 3127 3928 3127 4043 3173 4043 3242 4026 3299 2440 3242"/></Shape>
	    <String CONTENT="לרשות הרבים בקורה והוציאוה לרשות"
                    HPOS="2440.0"
                    VPOS="3075.0"
                    WIDTH="1603.0"
                    HEIGHT="224.0"></String>
          </TextLine>

          
          
          <TextLine ID="eSc_line_867dac56"
                    
                    BASELINE="2412 3299 2573 3316 2883 3311 3015 3322 3560 3339 4006 3380 4044 3373" 
                    HPOS="2395.0"
                    VPOS="3213.0"
                    WIDTH="1654.0"
                    HEIGHT="230.0">
            <Shape><Polygon POINTS="2406 3293 2400 3236 2768 3213 2774 3213 2774 3213 2774 3213 2779 3213 2779 3213 2779 3213 2785 3213 2785 3213 2785 3219 2825 3253 2825 3259 2837 3259 3917 3270 3917 3270 3917 3270 3922 3270 3922 3270 4049 3322 4043 3368 4049 3437 3624 3443 3618 3443 3618 3443 3612 3443 3492 3408 3480 3408 3469 3408 3377 3437 3371 3437 3371 3437 3371 3437 3365 3437 3365 3437 3359 3437 3359 3437 3256 3397 3245 3397 3216 3397 2911 3414 2906 3414 2906 3414 2900 3414 2739 3374 2578 3397 2578 3397 2573 3397 2573 3397 2573 3397 2395 3351"/></Shape>
	    <String CONTENT="הרבים ר&#39; יהודה אומר אם אין יכול [להוצי&#39;]"
                    HPOS="2395.0"
                    VPOS="3213.0"
                    WIDTH="1654.0"
                    HEIGHT="230.0"></String>
          </TextLine>

          
          
          <TextLine ID="eSc_line_2182e9b7"
                    
                    BASELINE="2435 3443 2728 3443 2797 3454 3920 3495 4044 3481" 
                    HPOS="2423.0"
                    VPOS="3379.0"
                    WIDTH="1620.0"
                    HEIGHT="184.0">
            <Shape><Polygon POINTS="2429 3443 2429 3379 3566 3385 3566 3385 4043 3437 4043 3477 4037 3563 2423 3506"/></Shape>
	    <String CONTENT="להוציאה אחד והוציאוה שנים חייבין"
                    HPOS="2423.0"
                    VPOS="3379.0"
                    WIDTH="1620.0"
                    HEIGHT="184.0"></String>
          </TextLine>

          
          
          <TextLine ID="eSc_line_3e8be23d"
                    
                    BASELINE="2481 3569 2630 3569 2699 3557 2762 3574 3055 3580 3124 3592 3966 3633 4044 3622" 
                    HPOS="2469.0"
                    VPOS="3483.0"
                    WIDTH="1580.0"
                    HEIGHT="223.0">
            <Shape><Polygon POINTS="2475 3563 2475 3483 3928 3529 3928 3529 3928 3529 3934 3529 4049 3569 4043 3620 4043 3684 3738 3706 3733 3706 3733 3706 3239 3655 3112 3684 3107 3684 3107 3684 3101 3684 3101 3684 2469 3615"/></Shape>
	    <String CONTENT="ר&#39; שמעון אומר אף על פי שאין יכול [א&#39;]"
                    HPOS="2469.0"
                    VPOS="3483.0"
                    WIDTH="1580.0"
                    HEIGHT="223.0"></String>
          </TextLine>

          
          
          <TextLine ID="eSc_line_7941481d"
                    
                    BASELINE="2458 3712 2544 3701 3342 3701 3480 3712 4044 3742" 
                    HPOS="2446.0"
                    VPOS="3638.0"
                    WIDTH="1597.0"
                    HEIGHT="183.0">
            <Shape><Polygon POINTS="2452 3706 2446 3643 3761 3638 3767 3638 4043 3672 4043 3741 4031 3787 3842 3821 3842 3821 3836 3821 3836 3821 3836 3821 3830 3821 3830 3821 3756 3787 3750 3787 3738 3787 3480 3815 3480 3815 3474 3815 3474 3815 3474 3815 3313 3781 3296 3775 2992 3775 2980 3775 2923 3804 2923 3804 2917 3804 2917 3804 2917 3804 2911 3804 2446 3770"/></Shape>
	    <String CONTENT="אחד להוציאה והוציאוה שנים פטורין"
                    HPOS="2446.0"
                    VPOS="3638.0"
                    WIDTH="1597.0"
                    HEIGHT="183.0"></String>
          </TextLine>

          
          
          <TextLine ID="eSc_line_f54205cf"
                    
                    BASELINE="2418 3827 2492 3844 4044 3874" 
                    HPOS="2389.0"
                    VPOS="3770.0"
                    WIDTH="1654.0"
                    HEIGHT="200.0">
            <Shape><Polygon POINTS="2418 3821 2412 3775 3761 3770 3767 3770 3767 3770 4043 3810 4043 3873 4031 3942 3813 3970 3813 3970 3807 3970 3067 3953 3067 3953 3067 3953 3061 3953 3061 3953 3061 3953 3055 3953 3015 3925 3009 3925 3003 3925 2515 3942 2509 3942 2509 3942 2504 3942 2389 3907"/></Shape>
	    <String CONTENT="לכך נאמר בעשותה אחד היחיד שעשאה"
                    HPOS="2389.0"
                    VPOS="3770.0"
                    WIDTH="1654.0"
                    HEIGHT="200.0"></String>
          </TextLine>

          
          
          <TextLine ID="eSc_line_2f227120"
                    
                    BASELINE="2481 3982 4044 4022" 
                    HPOS="2446.0"
                    VPOS="3907.0"
                    WIDTH="1597.0"
                    HEIGHT="195.0">
            <Shape><Polygon POINTS="2475 3976 2475 3907 4043 3947 4043 4016 4031 4068 3601 4102 3595 4102 3595 4102 3204 4057 3170 4085 3170 4091 3170 4091 3164 4091 3164 4091 3164 4091 3158 4091 3158 4091 3158 4091 3153 4091 3153 4091 2980 4062 2934 4091 2929 4091 2929 4091 2929 4091 2923 4091 2923 4091 2917 4091 2917 4091 2917 4091 2911 4091 2814 4062 2498 4074 2492 4074 2492 4074 2492 4074 2486 4074 2486 4074 2481 4074 2481 4074 2481 4068 2475 4068 2475 4068 2446 4028"/></Shape>
	    <String CONTENT="חייב ושנים שעשאוה פטורין מכל מצות"
                    HPOS="2446.0"
                    VPOS="3907.0"
                    WIDTH="1597.0"
                    HEIGHT="195.0"></String>
          </TextLine>

          
          
          <TextLine ID="eSc_line_337acfee"
                    
                    BASELINE="2435 4120 2768 4131 2998 4125 3067 4114 4040 4161" 
                    HPOS="2429.0"
                    VPOS="4034.0"
                    WIDTH="1608.0"
                    HEIGHT="183.0">
            <Shape><Polygon POINTS="2429 4114 2544 4068 3107 4074 3199 4034 3245 4062 3308 4068 3348 4039 3428 4074 3980 4051 4026 4097 4037 4160 3807 4206 3388 4188 3342 4211 3291 4183 2980 4211 2733 4211 2705 4188 2670 4217 2561 4217 2435 4137"/></Shape>
	    <String CONTENT="ייי ולא מצות המלך ולא מצות בית דין [מ&#39;]"
                    HPOS="2429.0"
                    VPOS="4034.0"
                    WIDTH="1608.0"
                    HEIGHT="183.0"></String>
          </TextLine>

          
          
          <TextLine ID="eSc_line_5978c5a7"
                    
                    BASELINE="2492 4263 2900 4263 2963 4252 4034 4298 4044 4296" 
                    HPOS="2475.0"
                    VPOS="4183.0"
                    WIDTH="1579.0"
                    HEIGHT="172.0">
            <Shape><Polygon POINTS="2486 4257 2481 4188 3543 4183 3549 4183 3997 4200 3997 4200 3997 4200 4003 4200 4003 4200 4008 4200 4008 4200 4008 4200 4054 4240 4043 4292 4031 4355 2475 4332"/></Shape>
	    <String CONTENT="מצות האמורות בעדה מצוות האמורות"
                    HPOS="2475.0"
                    VPOS="4183.0"
                    WIDTH="1579.0"
                    HEIGHT="172.0"></String>
          </TextLine>

          
          
          <TextLine ID="eSc_line_c40b2898"
                    
                    BASELINE="2504 4384 4044 4435" 
                    HPOS="2469.0"
                    VPOS="4315.0"
                    WIDTH="1574.0"
                    HEIGHT="183.0">
            <Shape><Polygon POINTS="2498 4378 2498 4315 3871 4326 3871 4326 3871 4326 4043 4366 4043 4429 4031 4487 3377 4498 3371 4498 3371 4498 3365 4498 3365 4498 3291 4470 3089 4498 3089 4498 3084 4498 3084 4498 3084 4498 3078 4498 3078 4498 3078 4498 3009 4464 2923 4498 2923 4498 2917 4498 2917 4498 2911 4498 2659 4493 2659 4493 2527 4487 2527 4487 2527 4487 2521 4487 2521 4487 2515 4487 2515 4487 2515 4487 2515 4481 2509 4481 2469 4429"/></Shape>
	    <String CONTENT="בנשיא הן מצוות האמורות כאן מצוות"
                    HPOS="2469.0"
                    VPOS="4315.0"
                    WIDTH="1574.0"
                    HEIGHT="183.0"></String>
          </TextLine>

          
          
          <TextLine ID="eSc_line_b161d181"
                    
                    BASELINE="2446 4521 3966 4574 4040 4557" 
                    HPOS="2440.0"
                    VPOS="4429.0"
                    WIDTH="1597.0"
                    HEIGHT="190.0">
            <Shape><Polygon POINTS="2440 4516 2481 4429 2544 4487 2980 4475 3026 4435 3061 4470 3262 4475 3331 4447 3354 4470 3601 4475 3629 4452 3652 4475 3773 4475 3830 4429 3876 4475 3951 4458 4037 4556 3750 4607 3359 4596 3296 4561 3210 4607 2865 4607 2831 4584 2802 4613 2590 4619 2527 4607 2446 4521"/></Shape>
	    <String CONTENT="ייי ולא כל מצוות ייי פרט לשמיעת הקול"
                    HPOS="2440.0"
                    VPOS="4429.0"
                    WIDTH="1597.0"
                    HEIGHT="190.0"></String>
          </TextLine>

          
          
          <TextLine ID="eSc_line_784ef37f"
                    
                    BASELINE="2440 4659 2676 4659 2733 4671 3176 4671 3245 4659 3816 4694 4034 4683 4044 4685" 
                    HPOS="2429.0"
                    VPOS="4561.0"
                    WIDTH="1620.0"
                    HEIGHT="219.0">
            <Shape><Polygon POINTS="2435 4653 2435 4584 3233 4590 3313 4561 3313 4561 3319 4561 3319 4561 3325 4561 3985 4584 3985 4584 3985 4584 3991 4584 3991 4584 3991 4584 3997 4584 3997 4584 3997 4590 4049 4642 4043 4682 4031 4751 3744 4751 3710 4780 3710 4780 3704 4780 3704 4780 3704 4780 3698 4780 3698 4780 3698 4780 3693 4780 3693 4780 3687 4780 3687 4780 3687 4780 3612 4745 3612 4745 3589 4745 3170 4768 3164 4768 2894 4757 2894 4757 2894 4757 2888 4757 2888 4757 2883 4757 2883 4757 2883 4751 2877 4751 2860 4728 2860 4728 2854 4728 2808 4757 2802 4757 2802 4757 2802 4757 2797 4757 2797 4757 2791 4757 2791 4757 2429 4716"/></Shape>
	    <String CONTENT="ולביטוי שפתים ולטומאת מקדש וקדשיו"
                    HPOS="2429.0"
                    VPOS="4561.0"
                    WIDTH="1620.0"
                    HEIGHT="219.0"></String>
          </TextLine>

          
          
          <TextLine ID="eSc_line_f8e316f4"
                    
                    BASELINE="2463 4797 4044 4815" 
                    HPOS="2440.0"
                    VPOS="4699.0"
                    WIDTH="1603.0"
                    HEIGHT="190.0">
            <Shape><Polygon POINTS="2458 4791 2452 4722 3526 4699 3532 4699 4037 4745 4043 4814 4031 4889 2515 4889 2509 4883 2509 4883 2504 4883 2504 4883 2504 4883 2440 4848"/></Shape>
	    <String CONTENT="אשר לא תעשינה ואשם מלמד [שמבי&#39;]"
                    HPOS="2440.0"
                    VPOS="4699.0"
                    WIDTH="1603.0"
                    HEIGHT="190.0"></String>
          </TextLine>

          
          
          <TextLine ID="eSc_line_f5ec7837"
                    
                    BASELINE="2429 4929 2504 4917 3595 4923 4044 4945" 
                    HPOS="2412.0"
                    VPOS="4843.0"
                    WIDTH="1642.0"
                    HEIGHT="183.0">
            <Shape><Polygon POINTS="2423 4923 2418 4854 3985 4843 3991 4843 3991 4843 3997 4843 3997 4843 3997 4843 4003 4843 4054 4877 4043 4940 4031 4992 3566 5026 3560 5026 3560 5026 3560 5026 3555 5026 3451 4992 3285 5021 3285 5021 3285 5021 3279 5021 3279 5021 3273 5021 3273 5021 3273 5021 3268 5021 3268 5021 3268 5015 3239 4986 2952 4986 2515 5015 2509 5015 2509 5015 2509 5015 2504 5015 2504 5015 2412 4975"/></Shape>
	    <String CONTENT="שמביא אשם תלוי ˙ או הודע אליו [ול&#39;]"
                    HPOS="2412.0"
                    VPOS="4843.0"
                    WIDTH="1642.0"
                    HEIGHT="183.0"></String>
          </TextLine>

          
          
          <TextLine ID="eSc_line_bd8e8e29"
                    
                    BASELINE="2504 5043 2578 5061 3977 5102 4044 5093" 
                    HPOS="2475.0"
                    VPOS="4946.0"
                    WIDTH="1574.0"
                    HEIGHT="229.0">
            <Shape><Polygon POINTS="2498 5038 2492 4980 2664 4946 2664 4946 2664 4946 2670 4946 2670 4946 2676 4946 2676 4946 2676 4946 2682 4946 2682 4946 2682 4952 2716 4986 2865 4986 2946 4946 2946 4946 2946 4946 2952 4946 2952 4946 2957 4946 2957 4946 2957 4946 2963 4946 2963 4946 2963 4946 2969 4946 3038 4992 3469 4963 3474 4963 3474 4963 3474 4963 3480 4963 3595 4992 3957 4980 3962 4980 3962 4980 3962 4980 3968 4980 3968 4980 3968 4980 4049 5026 4043 5089 4043 5175 3382 5175 3377 5170 3377 5170 3371 5170 3371 5170 3371 5170 3365 5170 3365 5170 3365 5164 3359 5164 3342 5147 3336 5130 2998 5124 2934 5130 2653 5153 2653 5153 2647 5153 2647 5153 2641 5153 2475 5107"/></Shape>
	    <String CONTENT="ולא שאמרו לו אחרים יכול אף על פי"
                    HPOS="2475.0"
                    VPOS="4946.0"
                    WIDTH="1574.0"
                    HEIGHT="229.0"></String>
          </TextLine>

          
          
          <TextLine ID="eSc_line_ddc83c35"
                    
                    BASELINE="2458 5198 4044 5227" 
                    HPOS="2435.0"
                    VPOS="5101.0"
                    WIDTH="1608.0"
                    HEIGHT="224.0">
            <Shape><Polygon POINTS="2452 5193 2446 5124 3084 5101 3089 5101 3089 5101 3095 5101 3095 5101 3181 5130 3359 5107 3359 5107 3365 5107 4043 5153 4043 5221 4031 5285 3819 5319 3819 5319 3819 5325 3204 5325 3199 5319 3199 5319 3084 5296 2957 5273 2911 5302 2894 5313 2888 5313 2888 5313 2888 5313 2883 5313 2883 5313 2877 5313 2435 5302"/></Shape>
	    <String CONTENT="שאינו מכחיש תלמוד לומר או הודע [א&#39;]"
                    HPOS="2435.0"
                    VPOS="5101.0"
                    WIDTH="1608.0"
                    HEIGHT="224.0"></String>
          </TextLine>

          
          
          <TextLine ID="eSc_line_5c6e90c1"
                    
                    BASELINE="2664 5325 4044 5375" 
                    HPOS="2641.0"
                    VPOS="5256.0"
                    WIDTH="1408.0"
                    HEIGHT="298.0">
            <Shape><Polygon POINTS="2659 5319 2659 5256 3888 5262 3888 5262 3888 5262 3894 5262 4049 5302 4043 5371 4037 5497 3899 5554 3899 5554 3894 5554 3894 5554 3894 5554 3888 5554 3888 5554 3882 5554 3882 5554 3882 5554 3876 5554 3876 5554 3876 5548 3830 5503 3756 5531 3756 5531 3750 5531 3750 5531 3744 5531 3744 5531 3744 5531 3738 5531 3635 5503 3595 5491 3428 5503 3296 5508 3291 5508 3291 5508 3291 5508 3285 5508 3256 5503 3084 5457 2934 5468 2900 5503 2888 5508 2888 5514 2888 5514 2883 5514 2883 5514 2877 5514 2877 5514 2877 5514 2871 5514 2641 5503"/></Shape>
	    <String CONTENT="אליו חטאתו אשר חטא והביא ˙"
                    HPOS="2641.0"
                    VPOS="5256.0"
                    WIDTH="1408.0"
                    HEIGHT="298.0"></String>
          </TextLine>

          
        </TextBlock>
        
        <TextBlock HPOS="501.0"
                   VPOS="562.0"
                   WIDTH="1484.0"
                   HEIGHT="4866.0"
                   ID="eSc_textblock_a45716be"
                   TAGREFS="BT2">
          <Shape><Polygon POINTS="1985 5428 1955 566 535 562 501 596 516 5397 1985 5428"/></Shape>
          
          
          <TextLine ID="eSc_line_0ed12574"
                    
                    BASELINE="580 757 1154 694 1596 671 1955 711" 
                    HPOS="562.0"
                    VPOS="614.0"
                    WIDTH="1390.0"
                    HEIGHT="252.0">
            <Shape><Polygon POINTS="574 751 562 688 1389 614 1395 614 1947 625 1952 705 1941 797 1286 797 574 866"/></Shape>
	    <String CONTENT="והביא את קרבנה תמימה נקיבה מניין [ש&#39;]"
                    HPOS="562.0"
                    VPOS="614.0"
                    WIDTH="1390.0"
                    HEIGHT="252.0"></String>
          </TextLine>

          
          
          <TextLine ID="eSc_line_64c057cd"
                    
                    BASELINE="580 889 666 906 809 877 1097 855 1165 860 1309 837 1763 837 1955 856" 
                    HPOS="562.0"
                    VPOS="751.0"
                    WIDTH="1390.0"
                    HEIGHT="235.0">
            <Shape><Polygon POINTS="574 883 562 820 1435 751 1441 751 1826 751 1826 751 1826 751 1832 751 1952 791 1952 855 1935 935 1240 923 1160 964 1160 964 1160 964 1154 964 1154 964 1154 964 1148 964 1148 964 1142 964 1142 964 1142 964 1079 935 953 975 947 975 941 975 941 975 941 975 562 986"/></Shape>
	    <String CONTENT="שתביא בת שנתה ודין הוא זה מביא [חט&#39;]"
                    HPOS="562.0"
                    VPOS="751.0"
                    WIDTH="1390.0"
                    HEIGHT="235.0"></String>
          </TextLine>

          
          
          <TextLine ID="eSc_line_00a2c9bb"
                    
                    BASELINE="557 1027 700 1044 786 1027 1119 998 1298 998 1481 969 1955 1009" 
                    HPOS="539.0"
                    VPOS="889.0"
                    WIDTH="1413.0"
                    HEIGHT="229.0">
            <Shape><Polygon POINTS="551 1021 545 958 1171 935 1200 923 1366 889 1366 889 1372 889 1952 895 1952 1004 1935 1096 1659 1067 1326 1090 1320 1090 1320 1090 1320 1090 1315 1090 1315 1090 1315 1090 1252 1061 1154 1096 1102 1118 1102 1118 1097 1118 1097 1118 1091 1118 1091 1118 1091 1118 999 1096 913 1078 878 1096 855 1113 850 1113 850 1113 844 1113 844 1113 844 1113 838 1113 539 1096"/></Shape>
	    <String CONTENT="חטאת ומצורע מביא חטאת מה חטאת"
                    HPOS="539.0"
                    VPOS="889.0"
                    WIDTH="1413.0"
                    HEIGHT="229.0"></String>
          </TextLine>

          
          
          <TextLine ID="eSc_line_094d85d9"
                    
                    BASELINE="562 1170 654 1182 746 1164 878 1153 936 1159 1148 1130 1269 1130 1326 1141 1447 1101 1585 1113 1955 1151" 
                    HPOS="545.0"
                    VPOS="1038.0"
                    WIDTH="1407.0"
                    HEIGHT="218.0">
            <Shape><Polygon POINTS="557 1164 551 1090 712 1055 712 1055 712 1055 717 1055 717 1055 878 1084 936 1090 1005 1078 1234 1038 1234 1038 1240 1038 1947 1067 1952 1147 1935 1210 1453 1205 1217 1233 1160 1239 1160 1239 1154 1239 1154 1239 1148 1239 1148 1239 1148 1239 1142 1239 1142 1239 1142 1239 1142 1233 1114 1210 1062 1239 1033 1256 1028 1256 1028 1256 1028 1256 1022 1256 1022 1256 1016 1256 545 1250"/></Shape>
	    <String CONTENT="מצורע בת שנתה אף זו בת שנתה לא אם"
                    HPOS="545.0"
                    VPOS="1038.0"
                    WIDTH="1407.0"
                    HEIGHT="218.0"></String>
          </TextLine>

          
          
          <TextLine ID="eSc_line_5bc20208"
                    
                    BASELINE="570 1370 832 1291 890 1296 1125 1268 1389 1273 1533 1262 1625 1245 1955 1282" 
                    HPOS="557.0"
                    VPOS="1187.0"
                    WIDTH="1395.0"
                    HEIGHT="230.0">
            <Shape><Polygon POINTS="568 1365 557 1250 1280 1187 1286 1187 1941 1187 1952 1279 1941 1354 1401 1348 574 1417"/></Shape>
	    <String CONTENT="אמרת בחטאת מצורע שהיא טעונה"
                    HPOS="557.0"
                    VPOS="1187.0"
                    WIDTH="1395.0"
                    HEIGHT="230.0"></String>
          </TextLine>

          
          
          <TextLine ID="eSc_line_e4197e59"
                    
                    BASELINE="517 1482 735 1428 809 1434 1183 1405 1435 1411 1955 1426" 
                    HPOS="505.0"
                    VPOS="1308.0"
                    WIDTH="1447.0"
                    HEIGHT="229.0">
            <Shape><Polygon POINTS="516 1480 505 1382 1487 1314 1493 1314 1493 1314 1688 1342 1826 1308 1832 1308 1832 1308 1837 1308 1837 1308 1837 1308 1843 1308 1843 1308 1952 1354 1952 1423 1935 1497 1022 1491 959 1526 959 1532 953 1532 953 1532 953 1532 947 1532 947 1532 947 1532 522 1537"/></Shape>
	    <String CONTENT="נסכים חטאת נזיר תוכיח שאין טעונה"
                    HPOS="505.0"
                    VPOS="1308.0"
                    WIDTH="1447.0"
                    HEIGHT="229.0"></String>
          </TextLine>

          
          
          <TextLine ID="eSc_line_9c663f50"
                    
                    BASELINE="541 1602 821 1566 941 1555 1010 1537 1280 1549 1677 1520 1955 1550" 
                    HPOS="528.0"
                    VPOS="1463.0"
                    WIDTH="1424.0"
                    HEIGHT="206.0">
            <Shape><Polygon POINTS="539 1600 528 1509 1097 1463 1102 1463 1947 1469 1952 1549 1947 1600 1866 1635 1866 1635 1860 1635 1860 1635 1860 1635 1855 1635 1855 1635 1723 1612 1671 1606 545 1669"/></Shape>
	    <String CONTENT="נסכים ובאת בת שנתה לא אם אמרת [בחט&#39;]"
                    HPOS="528.0"
                    VPOS="1463.0"
                    WIDTH="1424.0"
                    HEIGHT="206.0"></String>
          </TextLine>

          
          
          <TextLine ID="eSc_line_c02c9e22"
                    
                    BASELINE="557 1698 631 1710 700 1698 1102 1681 1372 1687 1430 1675 1955 1685" 
                    HPOS="539.0"
                    VPOS="1600.0"
                    WIDTH="1413.0"
                    HEIGHT="161.0">
            <Shape><Polygon POINTS="551 1692 545 1623 1941 1600 1952 1681 1941 1761 539 1761"/></Shape>
	    <String CONTENT="בחטאת ע&#39;ז&#39; שהיא קבועה תאמר בזו [ש&#39;]"
                    HPOS="539.0"
                    VPOS="1600.0"
                    WIDTH="1413.0"
                    HEIGHT="161.0"></String>
          </TextLine>

          
          
          <TextLine ID="eSc_line_20aed328"
                    
                    BASELINE="493 1842 580 1842 637 1853 746 1830 1010 1819 1280 1824 1343 1813 1539 1801 1955 1839" 
                    HPOS="482.0"
                    VPOS="1721.0"
                    WIDTH="1470.0"
                    HEIGHT="184.0">
            <Shape><Polygon POINTS="488 1836 482 1755 660 1721 660 1721 666 1721 666 1721 666 1721 671 1721 671 1721 671 1721 677 1721 677 1721 677 1727 683 1727 706 1755 706 1761 924 1761 959 1755 1131 1721 1131 1721 1131 1721 1137 1721 1137 1721 1142 1721 1142 1721 1142 1721 1148 1721 1148 1721 1148 1727 1177 1750 1734 1732 1740 1732 1740 1732 1947 1767 1952 1836 1941 1905 482 1905"/></Shape>
	    <String CONTENT="שאינה קבועה הואיל ואינה קבועה לא [ת&#39;]"
                    HPOS="482.0"
                    VPOS="1721.0"
                    WIDTH="1470.0"
                    HEIGHT="184.0"></String>
          </TextLine>

          
          
          <TextLine ID="eSc_line_e33488a8"
                    
                    BASELINE="488 1973 781 1968 850 1956 1257 1968 1326 1951 1516 1945 1579 1933 1955 1970" 
                    HPOS="470.0"
                    VPOS="1847.0"
                    WIDTH="1482.0"
                    HEIGHT="213.0">
            <Shape><Polygon POINTS="482 1968 482 1887 941 1893 964 1887 1051 1847 1051 1847 1056 1847 1056 1847 1056 1847 1062 1847 1062 1847 1068 1847 1068 1847 1068 1847 1137 1882 1229 1847 1229 1847 1234 1847 1234 1847 1240 1847 1240 1847 1240 1847 1246 1847 1246 1847 1315 1882 1952 1887 1952 1968 1941 2031 1464 2060 1458 2060 1458 2060 1458 2060 1453 2060 1453 2060 1453 2060 1395 2031 1372 2019 976 2019 959 2025 924 2048 918 2048 918 2048 913 2048 913 2048 913 2048 907 2048 470 2019"/></Shape>
	    <String CONTENT="תביא בת שנתה תלמוד לומר תורה אחת יהיה"
                    HPOS="470.0"
                    VPOS="1847.0"
                    WIDTH="1482.0"
                    HEIGHT="213.0"></String>
          </TextLine>

          
          
          <TextLine ID="eSc_line_8fa8022d"
                    
                    BASELINE="488 2100 1361 2100 1504 2088 1728 2088 1952 2112 1955 2112" 
                    HPOS="476.0"
                    VPOS="1996.0"
                    WIDTH="1476.0"
                    HEIGHT="201.0">
            <Shape><Polygon POINTS="482 2094 476 2037 677 2002 677 2002 683 2002 683 2002 683 2002 689 2002 689 2002 689 2002 694 2002 694 2002 723 2025 729 2037 936 2037 1941 1996 1952 2111 1947 2180 476 2197"/></Shape>
	    <String CONTENT="לכם לעושה הרי כל העושה בשגגה כע&#39;ז&#39; מה"
                    HPOS="476.0"
                    VPOS="1996.0"
                    WIDTH="1476.0"
                    HEIGHT="201.0"></String>
          </TextLine>

          
          
          <TextLine ID="eSc_line_3edb0274"
                    
                    BASELINE="534 2237 1131 2232 1257 2243 1315 2226 1476 2226 1728 2209 1955 2236" 
                    HPOS="516.0"
                    VPOS="2151.0"
                    WIDTH="1436.0"
                    HEIGHT="155.0">
            <Shape><Polygon POINTS="528 2232 516 2169 1941 2151 1952 2232 1941 2301 528 2306"/></Shape>
	    <String CONTENT="חטאת ע&#39;ז&#39; בשעירה כשהוא אומר יהיה"
                    HPOS="516.0"
                    VPOS="2151.0"
                    WIDTH="1436.0"
                    HEIGHT="155.0"></String>
          </TextLine>

          
          
          <TextLine ID="eSc_line_f31ca698"
                    
                    BASELINE="516 2358 660 2375 999 2375 1062 2364 1280 2364 1677 2346 1955 2381" 
                    HPOS="493.0"
                    VPOS="2278.0"
                    WIDTH="1459.0"
                    HEIGHT="195.0">
            <Shape><Polygon POINTS="511 2352 505 2312 1947 2278 1952 2375 1929 2473 1837 2444 1774 2473 1768 2473 1768 2473 1763 2473 1763 2473 1763 2473 1757 2473 493 2444"/></Shape>
	    <String CONTENT="לרבות שעירי נשיא ˙ וסמך את ידו"
                    HPOS="493.0"
                    VPOS="2278.0"
                    WIDTH="1459.0"
                    HEIGHT="195.0"></String>
          </TextLine>

          
          
          <TextLine ID="eSc_line_6f08ea0c"
                    
                    BASELINE="557 2513 1131 2507 1326 2519 1418 2501 1694 2501 1955 2528" 
                    HPOS="539.0"
                    VPOS="2404.0"
                    WIDTH="1413.0"
                    HEIGHT="201.0">
            <Shape><Polygon POINTS="551 2507 551 2421 1085 2433 1119 2427 1234 2404 1234 2404 1234 2404 1240 2404 1240 2404 1240 2404 1246 2404 1246 2404 1246 2404 1252 2404 1252 2404 1280 2433 1286 2438 1705 2438 1717 2438 1843 2410 1843 2410 1843 2410 1849 2410 1849 2410 1849 2410 1855 2410 1952 2444 1952 2524 1947 2570 1849 2605 1843 2605 1843 2605 1843 2605 1837 2605 1837 2605 1832 2605 1832 2605 1832 2605 1768 2570 1338 2570 740 2599 735 2599 735 2599 735 2599 539 2559"/></Shape>
	    <String CONTENT="על ראש החטאת לרבות חטאת ע&#39;ז&#39; [לסמי&#39;]"
                    HPOS="539.0"
                    VPOS="2404.0"
                    WIDTH="1413.0"
                    HEIGHT="201.0"></String>
          </TextLine>

          
          
          <TextLine ID="eSc_line_dbe94781"
                    
                    BASELINE="562 2639 786 2639 844 2651 1556 2651 1625 2639 1955 2669" 
                    HPOS="545.0"
                    VPOS="2559.0"
                    WIDTH="1407.0"
                    HEIGHT="178.0">
            <Shape><Polygon POINTS="557 2633 551 2576 1941 2559 1952 2668 1935 2737 545 2708"/></Shape>
	    <String CONTENT="לסמיכה ושחט את החטאת במקום [העו&#39;]"
                    HPOS="545.0"
                    VPOS="2559.0"
                    WIDTH="1407.0"
                    HEIGHT="178.0"></String>
          </TextLine>

          
          
          <TextLine ID="eSc_line_e62d57da"
                    
                    BASELINE="557 2748 694 2765 1955 2803" 
                    HPOS="534.0"
                    VPOS="2691.0"
                    WIDTH="1418.0"
                    HEIGHT="178.0">
            <Shape><Polygon POINTS="551 2742 551 2691 1952 2737 1952 2800 1941 2869 729 2869 723 2863 723 2863 717 2863 534 2811"/></Shape>
	    <String CONTENT="העולה שתהא שחיטתה בצפון במקום"
                    HPOS="534.0"
                    VPOS="2691.0"
                    WIDTH="1418.0"
                    HEIGHT="178.0"></String>
          </TextLine>

          
          
          <TextLine ID="eSc_line_819079bd"
                    
                    BASELINE="557 2886 775 2903 1955 2941" 
                    HPOS="534.0"
                    VPOS="2817.0"
                    WIDTH="1418.0"
                    HEIGHT="195.0">
            <Shape><Polygon POINTS="551 2880 545 2828 1596 2817 1602 2817 1952 2863 1952 2938 1935 3012 1613 2983 1556 2995 1487 3012 1481 3012 1481 3012 1476 3012 1476 3012 1476 3012 1343 2983 1269 2972 1154 2978 878 2989 873 2989 873 2989 867 2989 867 2989 867 2989 804 2960 654 2983 654 2983 649 2983 649 2983 649 2983 643 2983 534 2943"/></Shape>
	    <String CONTENT="העולה ולקח שיהא קיבול דמה בצפון [מ&#39;]"
                    HPOS="534.0"
                    VPOS="2817.0"
                    WIDTH="1418.0"
                    HEIGHT="195.0"></String>
          </TextLine>

          
          
          <TextLine ID="eSc_line_a30c7a1c"
                    
                    BASELINE="545 3024 740 3041 1955 3075" 
                    HPOS="522.0"
                    VPOS="2960.0"
                    WIDTH="1430.0"
                    HEIGHT="201.0">
            <Shape><Polygon POINTS="539 3018 539 2960 1757 2966 1757 2966 1757 2966 1952 3006 1952 3070 1941 3144 1757 3161 1751 3161 1751 3161 1751 3161 1746 3161 1746 3161 1746 3161 1740 3161 1740 3161 1740 3156 1734 3156 1728 3144 1711 3121 1366 3110 1183 3133 1142 3138 1142 3138 1137 3138 522 3121"/></Shape>
	    <String CONTENT="מיכן אמרו שחט בצפון וקיבל בדרום [ב&#39;]"
                    HPOS="522.0"
                    VPOS="2960.0"
                    WIDTH="1430.0"
                    HEIGHT="201.0"></String>
          </TextLine>

          
          
          <TextLine ID="eSc_line_324b56ef"
                    
                    BASELINE="591 3167 907 3167 987 3184 1062 3173 1955 3215" 
                    HPOS="574.0"
                    VPOS="3081.0"
                    WIDTH="1378.0"
                    HEIGHT="201.0">
            <Shape><Polygon POINTS="585 3161 585 3098 953 3110 976 3104 1033 3081 1033 3081 1039 3081 1039 3081 1045 3081 1045 3081 1045 3081 1051 3081 1051 3081 1056 3081 1091 3104 1114 3115 1211 3104 1447 3081 1447 3081 1453 3081 1952 3121 1952 3213 1935 3282 574 3242"/></Shape>
	    <String CONTENT="בדרום וקיבל בצפון פסול עד שישחט [ב&#39;]"
                    HPOS="574.0"
                    VPOS="3081.0"
                    WIDTH="1378.0"
                    HEIGHT="201.0"></String>
          </TextLine>

          
          
          <TextLine ID="eSc_line_aacffdba"
                    
                    BASELINE="580 3276 804 3305 970 3299 1102 3316 1955 3343" 
                    HPOS="545.0"
                    VPOS="3230.0"
                    WIDTH="1413.0"
                    HEIGHT="201.0">
            <Shape><Polygon POINTS="574 3270 574 3230 1803 3247 1803 3247 1803 3247 1809 3247 1958 3288 1952 3339 1935 3431 1510 3425 1510 3425 1510 3425 1504 3425 1504 3425 1504 3425 1499 3425 1499 3425 1499 3420 1481 3408 1464 3391 1366 3402 1217 3414 1217 3414 1211 3414 1211 3414 1010 3379 964 3374 924 3374 660 3391 654 3391 654 3391 654 3391 649 3391 649 3391 545 3351"/></Shape>
	    <String CONTENT="בצפון ויקבל בצפון את כל דמה ישפך"
                    HPOS="545.0"
                    VPOS="3230.0"
                    WIDTH="1413.0"
                    HEIGHT="201.0"></String>
          </TextLine>

          
          
          <TextLine ID="eSc_line_3c098180"
                    
                    BASELINE="585 3431 867 3425 999 3437 1298 3443 1355 3460 1544 3448 1955 3487" 
                    HPOS="562.0"
                    VPOS="3351.0"
                    WIDTH="1390.0"
                    HEIGHT="206.0">
            <Shape><Polygon POINTS="580 3425 580 3351 1952 3402 1952 3483 1935 3557 712 3523 712 3523 706 3523 562 3483"/></Shape>
	    <String CONTENT="למעלה הוא אומר ואת כל דמו ישפוך [ל&#39;]"
                    HPOS="562.0"
                    VPOS="3351.0"
                    WIDTH="1390.0"
                    HEIGHT="206.0"></String>
          </TextLine>

          
          
          <TextLine ID="eSc_line_3fd2d529"
                    
                    BASELINE="591 3557 827 3557 895 3569 1955 3606" 
                    HPOS="568.0"
                    VPOS="3488.0"
                    WIDTH="1384.0"
                    HEIGHT="184.0">
            <Shape><Polygon POINTS="585 3552 585 3488 1952 3529 1952 3603 1935 3672 867 3661 867 3661 867 3661 861 3661 861 3661 861 3661 855 3661 855 3661 855 3655 850 3655 832 3632 832 3632 827 3632 694 3655 694 3655 689 3655 689 3655 689 3655 683 3655 568 3620"/></Shape>
	    <String CONTENT="למטה הוא אומר ואת כל דמה ישפוך [מ&#39;]"
                    HPOS="568.0"
                    VPOS="3488.0"
                    WIDTH="1384.0"
                    HEIGHT="184.0"></String>
          </TextLine>

          
          
          <TextLine ID="eSc_line_fbbdd70c"
                    
                    BASELINE="562 3684 982 3678 1487 3706 1955 3731" 
                    HPOS="545.0"
                    VPOS="3615.0"
                    WIDTH="1407.0"
                    HEIGHT="195.0">
            <Shape><Polygon POINTS="557 3678 557 3615 1952 3655 1952 3729 1941 3804 1378 3810 1372 3810 1372 3810 1366 3810 1366 3810 1366 3810 1361 3810 1361 3810 1361 3804 1355 3804 1338 3781 1332 3770 1194 3770 1131 3770 781 3787 775 3787 775 3787 775 3787 545 3741"/></Shape>
	    <String CONTENT="מניין אתה אומר חטאת שקיבל דמיה"
                    HPOS="545.0"
                    VPOS="3615.0"
                    WIDTH="1407.0"
                    HEIGHT="195.0"></String>
          </TextLine>

          
          
          <TextLine ID="eSc_line_bf82a9c7"
                    
                    BASELINE="551 3798 626 3793 740 3810 1005 3821 1142 3810 1200 3827 1338 3844 1955 3880" 
                    HPOS="534.0"
                    VPOS="3735.0"
                    WIDTH="1418.0"
                    HEIGHT="212.0">
            <Shape><Polygon POINTS="545 3793 545 3735 1952 3793 1952 3879 1941 3947 1292 3947 1286 3942 534 3861"/></Shape>
	    <String CONTENT="בארבע כוסות ונתן מכוס אחד ארבע [שכ&#39;]"
                    HPOS="534.0"
                    VPOS="3735.0"
                    WIDTH="1418.0"
                    HEIGHT="212.0"></String>
          </TextLine>

          
          
          <TextLine ID="eSc_line_88a95277"
                    
                    BASELINE="562 3936 706 3930 953 3959 1022 3953 1401 3982 1955 4007" 
                    HPOS="545.0"
                    VPOS="3850.0"
                    WIDTH="1407.0"
                    HEIGHT="235.0">
            <Shape><Polygon POINTS="557 3930 551 3873 752 3850 752 3850 758 3850 758 3850 763 3850 763 3850 763 3850 769 3850 815 3879 827 3884 838 3879 907 3856 907 3856 913 3856 913 3856 918 3856 918 3856 918 3856 924 3856 924 3856 993 3884 1016 3902 1952 3925 1952 4005 1935 4085 712 4034 712 4034 712 4034 545 3993"/></Shape>
	    <String CONTENT="שכולן נשפכין על היסוד תלמוד לומר [ו&#39;]"
                    HPOS="545.0"
                    VPOS="3850.0"
                    WIDTH="1407.0"
                    HEIGHT="235.0"></String>
          </TextLine>

          
          
          <TextLine ID="eSc_line_6cf2cada"
                    
                    BASELINE="545 4079 620 4074 953 4097 1028 4091 1085 4102 1298 4114 1763 4120 1955 4135" 
                    HPOS="528.0"
                    VPOS="3993.0"
                    WIDTH="1424.0"
                    HEIGHT="218.0">
            <Shape><Polygon POINTS="539 4074 539 3993 792 4039 1952 4079 1952 4131 1935 4211 528 4160"/></Shape>
	    <String CONTENT="ואת דמו ישפוך הא כיצד הוא נשפך על"
                    HPOS="528.0"
                    VPOS="3993.0"
                    WIDTH="1424.0"
                    HEIGHT="218.0"></String>
          </TextLine>

          
          
          <TextLine ID="eSc_line_37fbba02"
                    
                    BASELINE="557 4200 637 4200 694 4223 1022 4229 1097 4246 1424 4257 1751 4257 1955 4273" 
                    HPOS="534.0"
                    VPOS="4160.0"
                    WIDTH="1418.0"
                    HEIGHT="195.0">
            <Shape><Polygon POINTS="551 4194 551 4160 1952 4200 1952 4269 1941 4343 1585 4355 1579 4355 1579 4355 1286 4320 1194 4309 1171 4315 1102 4338 1097 4338 1097 4338 1097 4338 1091 4338 1091 4338 884 4303 850 4298 821 4298 671 4326 671 4326 666 4326 666 4326 666 4326 660 4326 534 4286"/></Shape>
	    <String CONTENT="והן נשפכין לאמה ר&#39; אלעזר בר&#39; שמעון [א&#39;]"
                    HPOS="534.0"
                    VPOS="4160.0"
                    WIDTH="1418.0"
                    HEIGHT="195.0"></String>
          </TextLine>

          
          
          <TextLine ID="eSc_line_9b1140bd"
                    
                    BASELINE="539 4332 626 4349 763 4343 993 4372 1183 4366 1499 4395 1955 4429" 
                    HPOS="511.0"
                    VPOS="4246.0"
                    WIDTH="1447.0"
                    HEIGHT="264.0">
            <Shape><Polygon POINTS="534 4326 534 4269 775 4286 798 4275 838 4246 844 4246 844 4246 844 4246 850 4246 850 4246 855 4246 855 4246 855 4246 861 4246 861 4246 861 4246 867 4246 867 4246 867 4252 873 4252 895 4280 907 4298 1005 4303 1074 4286 1154 4269 1160 4269 1160 4269 1165 4269 1165 4269 1292 4280 1292 4280 1298 4280 1298 4280 1298 4280 1303 4280 1303 4280 1303 4286 1303 4286 1309 4286 1315 4298 1332 4326 1958 4326 1952 4424 1941 4510 1700 4475 1579 4481 1401 4493 1395 4493 1395 4493 1395 4493 1389 4493 1275 4458 1217 4441 1137 4447 930 4458 924 4458 924 4458 511 4389"/></Shape>
	    <String CONTENT="אומר מניין אפילו לא נתן אלא מאחד ˙"
                    HPOS="511.0"
                    VPOS="4246.0"
                    WIDTH="1447.0"
                    HEIGHT="264.0"></String>
          </TextLine>

          
          
          <TextLine ID="eSc_line_14f97505"
                    
                    BASELINE="545 4447 683 4470 758 4493 832 4481 1079 4510 1280 4504 1567 4533 1947 4574 1955 4573" 
                    HPOS="516.0"
                    VPOS="4366.0"
                    WIDTH="1442.0"
                    HEIGHT="276.0">
            <Shape><Polygon POINTS="539 4441 534 4389 666 4366 666 4366 671 4366 671 4366 671 4366 677 4366 677 4366 683 4366 735 4401 752 4412 1160 4452 1958 4481 1952 4567 1958 4642 689 4567 689 4567 683 4567 683 4567 516 4498"/></Shape>
	    <String CONTENT="מהן מתנה אחת יהו כולן נשפכין על [היס&#39;]"
                    HPOS="516.0"
                    VPOS="4366.0"
                    WIDTH="1442.0"
                    HEIGHT="276.0"></String>
          </TextLine>

          
          
          <TextLine ID="eSc_line_a3906999"
                    
                    BASELINE="545 4584 683 4602 746 4596 804 4613 936 4625 999 4619 1148 4653 1206 4642 1464 4642 1527 4653 1723 4659 1955 4679" 
                    HPOS="522.0"
                    VPOS="4533.0"
                    WIDTH="1430.0"
                    HEIGHT="218.0">
            <Shape><Polygon POINTS="539 4579 539 4533 1952 4607 1952 4676 1941 4751 918 4716 918 4716 522 4653"/></Shape>
	    <String CONTENT="היסוד תלמוד לומר ואת כל דמה ישפוך ˙"
                    HPOS="522.0"
                    VPOS="4533.0"
                    WIDTH="1430.0"
                    HEIGHT="218.0"></String>
          </TextLine>

          
          
          <TextLine ID="eSc_line_2b542548"
                    
                    BASELINE="534 4722 608 4711 717 4739 999 4762 1074 4757 1206 4774 1516 4785 1955 4825" 
                    HPOS="516.0"
                    VPOS="4642.0"
                    WIDTH="1442.0"
                    HEIGHT="252.0">
            <Shape><Polygon POINTS="528 4716 522 4665 614 4642 614 4642 614 4642 620 4642 620 4642 1275 4722 1303 4722 1309 4722 1355 4682 1355 4682 1361 4682 1361 4682 1361 4682 1366 4682 1366 4682 1366 4682 1372 4682 1809 4716 1809 4716 1814 4716 1814 4716 1958 4774 1952 4820 1935 4894 832 4831 832 4831 832 4831 827 4831 827 4831 746 4797 700 4820 700 4820 700 4820 694 4820 694 4820 694 4820 689 4820 689 4820 683 4820 516 4768"/></Shape>
	    <String CONTENT="ואת כל חלבה יסיר כאשר הוסר חלב [מ&#39;]"
                    HPOS="516.0"
                    VPOS="4642.0"
                    WIDTH="1442.0"
                    HEIGHT="252.0"></String>
          </TextLine>

          
          
          <TextLine ID="eSc_line_82dd7d51"
                    
                    BASELINE="511 4843 597 4860 660 4854 1074 4900 1194 4894 1252 4906 1539 4923 1955 4958" 
                    HPOS="482.0"
                    VPOS="4739.0"
                    WIDTH="1476.0"
                    HEIGHT="310.0">
            <Shape><Polygon POINTS="505 4837 493 4780 614 4739 620 4739 620 4739 620 4739 626 4739 626 4739 631 4739 631 4739 631 4739 637 4739 637 4739 637 4745 637 4745 677 4791 683 4791 838 4814 1326 4854 1389 4831 1447 4814 1453 4814 1453 4814 1453 4814 1458 4814 1458 4814 1464 4814 1464 4814 1464 4814 1522 4843 1550 4860 1958 4871 1952 4957 1941 5032 1803 5049 1803 5049 1797 5049 1797 5049 1499 4998 1315 5021 1315 5021 1309 5021 1005 4992 1005 4992 999 4992 999 4992 999 4992 993 4992 993 4992 947 4957 809 4975 809 4975 804 4975 804 4975 804 4975 482 4900"/></Shape>
	    <String CONTENT="מעל זבח שלמים מה מפורש בזבח [שלמי&#39;]"
                    HPOS="482.0"
                    VPOS="4739.0"
                    WIDTH="1476.0"
                    HEIGHT="310.0"></String>
          </TextLine>

          
          
          <TextLine ID="eSc_line_6d45f594"
                    
                    BASELINE="493 4992 568 4980 643 4992 700 4986 769 4998 827 5021 959 5003 1108 5038 1320 5032 1608 5061 1955 5095" 
                    HPOS="476.0"
                    VPOS="4889.0"
                    WIDTH="1476.0"
                    HEIGHT="286.0">
            <Shape><Polygon POINTS="488 4986 476 4923 597 4889 603 4889 603 4889 608 4889 608 4889 608 4889 614 4889 614 4889 614 4889 700 4934 706 4940 873 4946 873 4946 918 4917 924 4917 924 4917 930 4917 930 4917 930 4917 936 4917 936 4917 941 4917 941 4917 1045 4957 1062 4963 1137 4963 1504 4957 1510 4957 1510 4957 1952 5021 1952 5089 1947 5158 1665 5175 1659 5175 1659 5175 1659 5175 1395 5130 1355 5158 1349 5158 1349 5158 1349 5158 1343 5158 1343 5158 1338 5158 1338 5158 1338 5158 1332 5158 1332 5158 1332 5158 1252 5112 1206 5147 1200 5147 1200 5147 1200 5147 1194 5147 1194 5147 1194 5147 1188 5147 1188 5147 482 5049"/></Shape>
	    <String CONTENT="שלמים חלב תותב קרום ונקלף ושתי כליות"
                    HPOS="476.0"
                    VPOS="4889.0"
                    WIDTH="1476.0"
                    HEIGHT="286.0"></String>
          </TextLine>

          
          
          <TextLine ID="eSc_line_3592489e"
                    
                    BASELINE="591 5107 786 5135 855 5153 982 5147 1125 5181 1183 5170 1395 5170 1700 5198 1955 5228" 
                    HPOS="562.0"
                    VPOS="5015.0"
                    WIDTH="1390.0"
                    HEIGHT="298.0">
            <Shape><Polygon POINTS="585 5101 608 5015 637 5049 712 5026 717 5026 717 5026 717 5026 717 5026 723 5026 723 5026 729 5026 729 5026 729 5026 729 5026 735 5026 735 5026 735 5032 769 5066 1079 5101 1188 5107 1234 5072 1234 5072 1240 5072 1240 5072 1240 5072 1240 5072 1246 5072 1246 5072 1252 5072 1252 5072 1252 5072 1257 5072 1257 5072 1263 5072 1263 5072 1263 5072 1326 5124 1952 5141 1952 5227 1929 5313 1051 5267 1051 5267 1051 5267 1045 5267 1045 5267 930 5221 821 5244 821 5244 821 5244 815 5244 815 5244 815 5244 562 5181"/></Shape>
	    <String CONTENT="ויותרת אף כאן חלב תותב קרום ונקלף [ויות&#39;]"
                    HPOS="562.0"
                    VPOS="5015.0"
                    WIDTH="1390.0"
                    HEIGHT="298.0"></String>
          </TextLine>

          
          
          <TextLine ID="eSc_line_abccabda"
                    
                    BASELINE="557 5244 649 5267 1091 5307 1579 5336 1955 5359" 
                    HPOS="522.0"
                    VPOS="5170.0"
                    WIDTH="1430.0"
                    HEIGHT="327.0">
            <Shape><Polygon POINTS="551 5239 551 5170 850 5216 918 5193 924 5193 930 5193 930 5193 930 5193 936 5193 936 5193 941 5193 941 5193 941 5193 953 5198 1022 5233 1952 5273 1952 5353 1947 5451 1878 5485 1878 5485 1878 5485 1872 5485 1872 5485 1866 5485 1866 5485 1453 5439 1315 5497 1315 5497 1309 5497 1309 5497 1309 5497 1303 5497 918 5468 918 5468 913 5468 913 5468 913 5468 907 5468 907 5468 907 5462 815 5388 683 5405 683 5405 677 5405 677 5405 677 5405 671 5405 522 5353"/></Shape>
	    <String CONTENT="ויותרת ושתי כליות ˙ וכפר עליו שתהא [כפ&#39;]"
                    HPOS="522.0"
                    VPOS="5170.0"
                    WIDTH="1430.0"
                    HEIGHT="327.0"></String>
          </TextLine>

          
        </TextBlock>
        

        
      </PrintSpace>
    </Page>
  </Layout>
</alto>
