<?xml version="1.0" encoding="UTF-8"?>
<alto xmlns:xsi="http://www.w3.org/2001/XMLSchema-instance"
      xmlns="http://www.loc.gov/standards/alto/ns-v4#"
      xsi:schemaLocation="http://www.loc.gov/standards/alto/ns-v4# http://www.loc.gov/standards/alto/v4/alto-4-2.xsd">
  <Description>
    <MeasurementUnit>pixel</MeasurementUnit>
    <sourceImageInformation>
      <fileName>add_ms_16406_f032r.jpg</fileName>
      
    </sourceImageInformation>
  </Description>
  
  <Tags>
    <OtherTag ID="BT1" LABEL="Title" DESCRIPTION="block type Title"/><OtherTag ID="BT2" LABEL="Main" DESCRIPTION="block type Main"/><OtherTag ID="BT3" LABEL="Commentary" DESCRIPTION="block type Commentary"/><OtherTag ID="BT4" LABEL="Illustration" DESCRIPTION="block type Illustration"/><OtherTag ID="BT224" LABEL="Hole" DESCRIPTION="block type Hole"/><OtherTag ID="BT225" LABEL="Margin" DESCRIPTION="block type Margin"/><OtherTag ID="BT226" LABEL="Paratext" DESCRIPTION="block type Paratext"/>
    <OtherTag ID="LT2" LABEL="Numbering" DESCRIPTION="line type Numbering"/><OtherTag ID="LT3" LABEL="Correction" DESCRIPTION="line type Correction"/><OtherTag ID="LT329" LABEL="Gloss" DESCRIPTION="line type Gloss"/>
  </Tags>
  
  <Layout>
    <Page WIDTH="4768"
          HEIGHT="6509"
          PHYSICAL_IMG_NR="61"
          ID="eSc_dummypage_">
      <PrintSpace HPOS="0"
                  VPOS="0"
                  WIDTH="4768"
                  HEIGHT="6509">
        
        <TextBlock HPOS="2722.0"
                   VPOS="621.0"
                   WIDTH="1486.0"
                   HEIGHT="4444.0"
                   ID="eSc_textblock_55d9c45c"
                   TAGREFS="BT2">
          <Shape><Polygon POINTS="2722 621 2722 5065 4208 5065 4208 621"/></Shape>
          
          
          <TextLine ID="eSc_line_f6bd1348"
                    
                    BASELINE="2771 726 3053 721 4236 743" 
                    HPOS="2766.0"
                    VPOS="634.0"
                    WIDTH="1464.0"
                    HEIGHT="179.0">
            <Shape><Polygon POINTS="2766 721 2771 661 2934 667 2956 645 2994 667 3064 634 3102 661 3238 672 3417 656 3601 678 3666 672 3693 645 3845 645 4068 650 4095 678 4171 683 4214 656 4230 737 4214 791 4165 813 4106 791 3466 802 3395 781 3363 802 3238 802 2771 775"/></Shape>
	    <String CONTENT="שבעים ושבעה ˙ ר&#39; אומ&#39; הרי זה קל וחומר"
                    HPOS="2766.0"
                    VPOS="634.0"
                    WIDTH="1464.0"
                    HEIGHT="179.0"></String>
          </TextLine>

          
          
          <TextLine ID="eSc_line_7e9d83e7"
                    
                    BASELINE="2728 835 3026 846 3081 857 3813 851 3981 857 4051 846 4171 867 4247 857" 
                    HPOS="2723.0"
                    VPOS="786.0"
                    WIDTH="1518.0"
                    HEIGHT="152.0">
            <Shape><Polygon POINTS="2723 829 2777 829 2826 786 2907 813 3113 819 3151 791 4051 813 4084 786 4149 819 4225 802 4241 851 4225 911 4171 938 3992 911 3894 932 3759 905 3688 938 3585 911 3449 938 3406 916 3194 938 2907 911 2820 927 2728 835"/></Shape>
	    <String CONTENT="שלחושך אם כן מאיכן היה הקב&#39;ה גרבה [ש&#39;]"
                    HPOS="2723.0"
                    VPOS="786.0"
                    WIDTH="1518.0"
                    HEIGHT="152.0"></String>
          </TextLine>

          
          
          <TextLine ID="eSc_line_d5ea4e44"
                    
                    BASELINE="2798 965 3428 987 4149 981 4247 992" 
                    HPOS="2793.0"
                    VPOS="905.0"
                    WIDTH="1448.0"
                    HEIGHT="163.0">
            <Shape><Polygon POINTS="2793 960 2842 916 3449 943 3569 916 3693 938 3759 905 3894 938 4225 927 4241 987 4225 1041 4165 1063 4019 1036 3780 1046 3688 1014 3650 1052 3514 1052 3466 1008 3422 1052 3308 1030 3167 1030 3140 1052 3075 1019 3026 1068 2918 1036 2853 1052 2798 992"/></Shape>
	    <String CONTENT="שטר חובו ˙ ר&#39; יעקב בר אידי בעא קומי [ר&#39;]"
                    HPOS="2793.0"
                    VPOS="905.0"
                    WIDTH="1448.0"
                    HEIGHT="163.0"></String>
          </TextLine>

          
          
          <TextLine ID="eSc_line_619cd6d7"
                    
                    BASELINE="2685 1095 3086 1117 3889 1111 4286 1126" 
                    HPOS="2679.0"
                    VPOS="1014.0"
                    WIDTH="1606.0"
                    HEIGHT="201.0">
            <Shape><Polygon POINTS="2679 1090 2739 1084 2782 1041 3021 1068 3102 1046 3151 1063 3178 1036 3417 1057 3471 1014 3509 1052 3558 1057 3650 1052 3683 1019 3878 1057 4203 1057 4285 1122 4203 1193 4106 1160 4035 1215 3867 1155 3563 1177 3525 1139 3466 1182 3422 1144 3373 1182 3124 1160 2983 1198 2793 1198 2690 1095"/></Shape>
	    <String CONTENT="יוחנן אם איש למה ילד ואם ילד למה איש"
                    HPOS="2679.0"
                    VPOS="1014.0"
                    WIDTH="1606.0"
                    HEIGHT="201.0"></String>
          </TextLine>

          
          
          <TextLine ID="eSc_line_b5b1467e"
                    
                    BASELINE="2750 1231 2902 1215 2961 1231 3363 1236 3487 1247 4273 1262" 
                    HPOS="2744.0"
                    VPOS="1133.0"
                    WIDTH="1524.0"
                    HEIGHT="195.0">
            <Shape><Polygon POINTS="2744 1225 2826 1187 2983 1193 3043 1166 3081 1187 3373 1187 3422 1149 3460 1187 3525 1133 3569 1177 3677 1187 3867 1149 4030 1215 4111 1166 4268 1258 4187 1328 4030 1307 3807 1318 3780 1290 3683 1312 3558 1296 3509 1318 3471 1296 3335 1318 3015 1296 2880 1323 2815 1318 2750 1247"/></Shape>
	    <String CONTENT="אל&#39; איש לעבדים וילד לשנים ˙ אמ&#39; להן []"
                    HPOS="2744.0"
                    VPOS="1133.0"
                    WIDTH="1524.0"
                    HEIGHT="195.0"></String>
          </TextLine>

          
          
          <TextLine ID="eSc_line_42c32968"
                    
                    BASELINE="2750 1366 3211 1366 3298 1383 3363 1372 4268 1403" 
                    HPOS="2744.0"
                    VPOS="1296.0"
                    WIDTH="1519.0"
                    HEIGHT="168.0">
            <Shape><Polygon POINTS="2744 1361 2815 1318 2907 1301 3319 1318 3401 1296 3769 1328 4019 1307 4193 1334 4263 1399 4160 1464 4127 1442 3992 1442 3954 1464 3845 1426 3769 1448 3693 1426 3270 1448 3227 1431 3108 1459 3048 1421 2891 1459 2869 1437 2826 1453 2750 1372"/></Shape>
	    <String CONTENT="איתא ונמיזיל גבארם אמ&#39; להן עשו אתן []"
                    HPOS="2744.0"
                    VPOS="1296.0"
                    WIDTH="1519.0"
                    HEIGHT="168.0"></String>
          </TextLine>

          
          
          <TextLine ID="eSc_line_da902d4b"
                    
                    BASELINE="2771 1497 3129 1497 3189 1507 4273 1523" 
                    HPOS="2766.0"
                    VPOS="1426.0"
                    WIDTH="1502.0"
                    HEIGHT="174.0">
            <Shape><Polygon POINTS="2766 1491 2842 1448 2907 1464 2945 1431 3070 1431 3124 1459 3352 1431 3612 1448 3693 1426 3851 1431 3916 1464 4133 1448 4268 1518 4236 1518 4171 1583 4144 1556 3997 1589 3851 1567 3721 1583 3596 1556 3509 1578 3335 1551 3129 1578 3081 1529 3043 1567 2912 1556 2864 1600 2771 1507"/></Shape>
	    <String CONTENT="את שלכם והקב&#39;ה יעשה את שלו אמרין"
                    HPOS="2766.0"
                    VPOS="1426.0"
                    WIDTH="1502.0"
                    HEIGHT="174.0"></String>
          </TextLine>

          
          
          <TextLine ID="eSc_line_3825fc7c"
                    
                    BASELINE="2706 1627 3053 1627 3108 1638 4223 1655" 
                    HPOS="2701.0"
                    VPOS="1535.0"
                    WIDTH="1519.0"
                    HEIGHT="179.0">
            <Shape><Polygon POINTS="2701 1621 2755 1616 2809 1562 2864 1600 2912 1562 3043 1578 3086 1535 3129 1578 3590 1556 3721 1589 3807 1567 4062 1589 4149 1556 4209 1594 4220 1654 4155 1714 3807 1686 3715 1708 3580 1681 3487 1697 3466 1676 3439 1697 3243 1708 3200 1665 3151 1703 2880 1686 2804 1708 2712 1621"/></Shape>
	    <String CONTENT="ליה אסיא אסיא אםי חגרתך כלום"
                    HPOS="2701.0"
                    VPOS="1535.0"
                    WIDTH="1519.0"
                    HEIGHT="179.0"></String>
          </TextLine>

          
          
          <TextLine ID="eSc_line_88692f08"
                    
                    BASELINE="2739 1757 3211 1757 3341 1768 4169 1779 4256 1790" 
                    HPOS="2733.0"
                    VPOS="1665.0"
                    WIDTH="1519.0"
                    HEIGHT="184.0">
            <Shape><Polygon POINTS="2733 1752 2858 1692 3135 1708 3200 1665 3243 1708 4057 1697 4176 1714 4252 1789 4144 1849 4095 1811 3976 1844 3856 1838 3769 1800 3715 1827 3325 1811 2907 1833 2804 1827 2739 1762"/></Shape>
	    <String CONTENT="פרשתא מחוה הרי מאה ושלשים שנה []"
                    HPOS="2733.0"
                    VPOS="1665.0"
                    WIDTH="1519.0"
                    HEIGHT="184.0"></String>
          </TextLine>

          
          
          <TextLine ID="eSc_line_8b1ec33a"
                    
                    BASELINE="2777 1882 3395 1898 4220 1898" 
                    HPOS="2771.0"
                    VPOS="1806.0"
                    WIDTH="1443.0"
                    HEIGHT="168.0">
            <Shape><Polygon POINTS="2771 1876 2842 1822 3721 1833 3764 1806 3862 1844 3943 1827 3997 1849 4084 1811 4133 1849 4198 1827 4214 1893 4160 1968 3552 1958 3531 1936 3162 1968 3118 1936 2977 1974 2934 1952 2798 1963 2777 1941"/></Shape>
	    <String CONTENT="אלא כדי שלא תעמיד ממנה בן אתמהא"
                    HPOS="2771.0"
                    VPOS="1806.0"
                    WIDTH="1443.0"
                    HEIGHT="168.0"></String>
          </TextLine>

          
          
          <TextLine ID="eSc_line_80de2016"
                    
                    BASELINE="2880 2012 2961 2001 3015 2012 3504 2012 3905 2028 4236 2012" 
                    HPOS="2874.0"
                    VPOS="1931.0"
                    WIDTH="1356.0"
                    HEIGHT="184.0">
            <Shape><Polygon POINTS="2874 2006 2950 1968 3091 1958 3118 1931 3156 1963 3498 1941 3552 1963 4122 1958 4230 2006 4176 2099 4089 2115 4035 2082 3683 2077 3661 2099 3585 2099 3563 2077 3352 2088 3287 2066 3081 2088 3032 2055 2994 2088 2896 2006"/></Shape>
	    <String CONTENT="ביון ששמע נזקק לה עשר תולרות ˙"
                    HPOS="2874.0"
                    VPOS="1931.0"
                    WIDTH="1356.0"
                    HEIGHT="184.0"></String>
          </TextLine>

          
          
          <TextLine ID="eSc_line_244d3d2c"
                    
                    BASELINE="2712 2147 3113 2147 3298 2158 4247 2173" 
                    HPOS="2706.0"
                    VPOS="2072.0"
                    WIDTH="1535.0"
                    HEIGHT="162.0">
            <Shape><Polygon POINTS="2706 2142 2836 2072 2929 2072 3026 2110 3140 2082 3281 2099 3455 2077 3656 2110 3818 2077 3905 2104 4035 2093 4068 2120 4165 2104 4241 2169 4176 2229 4117 2223 4079 2191 4035 2234 3813 2202 3780 2234 3737 2207 3569 2223 3525 2202 3379 2234 3352 2213 3194 2207 2929 2223 2907 2202 2793 2223 2712 2142"/></Shape>
	    <String CONTENT="וידע אדם עוד את אשתו ניתוסף לו תאוה"
                    HPOS="2706.0"
                    VPOS="2072.0"
                    WIDTH="1535.0"
                    HEIGHT="162.0"></String>
          </TextLine>

          
          
          <TextLine ID="eSc_line_ab9fae29"
                    
                    BASELINE="2750 2278 3129 2278 3189 2288 4228 2301" 
                    HPOS="2744.0"
                    VPOS="2191.0"
                    WIDTH="1481.0"
                    HEIGHT="173.0">
            <Shape><Polygon POINTS="2744 2272 2896 2196 2934 2223 2994 2207 3129 2234 3346 2213 3384 2234 3514 2213 3742 2213 3791 2234 3818 2207 4030 2234 4079 2191 4122 2234 4165 2234 4225 2299 4209 2337 4133 2364 3878 2359 3845 2332 3650 2359 3580 2332 3091 2354 3037 2326 2999 2354 2961 2332 2804 2354 2750 2299"/></Shape>
	    <String CONTENT="על תאותו לשעבר אם לא היה רואה לא"
                    HPOS="2744.0"
                    VPOS="2191.0"
                    WIDTH="1481.0"
                    HEIGHT="173.0"></String>
          </TextLine>

          
          
          <TextLine ID="eSc_line_51e0a795"
                    
                    BASELINE="2733 2402 2874 2392 2934 2402 3363 2402 3558 2408 3612 2419 4089 2413 4225 2424" 
                    HPOS="2728.0"
                    VPOS="2332.0"
                    WIDTH="1492.0"
                    HEIGHT="157.0">
            <Shape><Polygon POINTS="2728 2397 2820 2348 2956 2337 2983 2359 3026 2332 3113 2354 3590 2337 4165 2359 4220 2419 4155 2484 3780 2457 3656 2489 3601 2457 3460 2489 3411 2462 3184 2462 3102 2489 3064 2457 2950 2473 2918 2440 2847 2478 2766 2397"/></Shape>
	    <String CONTENT="היה מתאוה עבשין בין רואה ובין שאינו"
                    HPOS="2728.0"
                    VPOS="2332.0"
                    WIDTH="1492.0"
                    HEIGHT="157.0"></String>
          </TextLine>

          
          
          <TextLine ID="eSc_line_86610037"
                    
                    BASELINE="2733 2527 3959 2522 4247 2533" 
                    HPOS="2728.0"
                    VPOS="2440.0"
                    WIDTH="1513.0"
                    HEIGHT="169.0">
            <Shape><Polygon POINTS="2728 2522 2804 2440 2842 2478 2923 2446 2950 2473 3064 2462 3097 2489 3173 2467 3417 2467 3466 2489 3607 2457 3656 2495 3775 2462 4117 2478 4241 2527 4198 2598 4155 2603 4024 2581 3970 2603 3715 2598 3677 2571 3639 2592 3357 2598 3314 2571 3287 2598 3216 2587 3162 2609 2912 2571 2885 2592 2782 2592 2739 2549"/></Shape>
	    <String CONTENT="רואה מתאווה ˙ ר&#39; אבא בר יודן בשם ר&#39; אח&#39;"
                    HPOS="2728.0"
                    VPOS="2440.0"
                    WIDTH="1513.0"
                    HEIGHT="169.0"></String>
          </TextLine>

          
          
          <TextLine ID="eSc_line_cc52d898"
                    
                    BASELINE="2690 2641 2842 2657 4238 2659" 
                    HPOS="2685.0"
                    VPOS="2576.0"
                    WIDTH="1551.0"
                    HEIGHT="163.0">
            <Shape><Polygon POINTS="2685 2636 2912 2576 2967 2598 3146 2598 3173 2619 3308 2592 3959 2603 4014 2576 4046 2598 4176 2592 4236 2657 4193 2728 3710 2712 3683 2733 3390 2739 3200 2712 3173 2739 3070 2717 2782 2728 2695 2641"/></Shape>
	    <String CONTENT="רמן למפרשי ימים שהן נזכרים את בתיהם"
                    HPOS="2685.0"
                    VPOS="2576.0"
                    WIDTH="1551.0"
                    HEIGHT="163.0"></String>
          </TextLine>

          
          
          <TextLine ID="eSc_line_9898b53f"
                    
                    BASELINE="2760 2777 3162 2777 3401 2788 4106 2788 4241 2771" 
                    HPOS="2755.0"
                    VPOS="2712.0"
                    WIDTH="1481.0"
                    HEIGHT="151.0">
            <Shape><Polygon POINTS="2755 2771 2798 2728 3797 2733 3851 2712 3889 2733 4176 2728 4236 2766 4193 2853 4138 2836 4041 2863 3797 2842 3493 2853 3439 2825 3401 2847 2923 2853 2793 2815 2760 2782"/></Shape>
	    <String CONTENT="ובאין ותקרא את שמושת כי לא שת לי []"
                    HPOS="2755.0"
                    VPOS="2712.0"
                    WIDTH="1481.0"
                    HEIGHT="151.0"></String>
          </TextLine>

          
          
          <TextLine ID="eSc_line_a00299a3"
                    
                    BASELINE="2733 2896 3325 2907 3384 2918 3856 2912 3965 2923 4019 2907 4225 2907" 
                    HPOS="2728.0"
                    VPOS="2836.0"
                    WIDTH="1492.0"
                    HEIGHT="152.0">
            <Shape><Polygon POINTS="2728 2891 2847 2847 3026 2863 3449 2836 3504 2858 3596 2847 3628 2874 3666 2853 4024 2869 4160 2836 4220 2901 4176 2977 3894 2967 3807 2988 3775 2967 3731 2988 3677 2956 3509 2988 3032 2988 2815 2972 2744 2896"/></Shape>
	    <String CONTENT="אלקים זרע אחר ˙ ר&#39; תנחומ&#39; בשם שמואל"
                    HPOS="2728.0"
                    VPOS="2836.0"
                    WIDTH="1492.0"
                    HEIGHT="152.0"></String>
          </TextLine>

          
          
          <TextLine ID="eSc_line_aff4166f"
                    
                    BASELINE="2771 3037 3129 3037 3189 3048 4149 3048 4225 3032" 
                    HPOS="2766.0"
                    VPOS="2967.0"
                    WIDTH="1454.0"
                    HEIGHT="162.0">
            <Shape><Polygon POINTS="2766 3032 2820 2972 3677 2967 3780 2988 4149 2972 4220 3026 4182 3108 3856 3108 3759 3070 3704 3113 3509 3091 3395 3129 3314 3102 3162 3102 3129 3124 2961 3097 2869 3108 2771 3048"/></Shape>
	    <String CONTENT="טזית אותו זרע שהוא קם ממקום אחר"
                    HPOS="2766.0"
                    VPOS="2967.0"
                    WIDTH="1454.0"
                    HEIGHT="162.0"></String>
          </TextLine>

          
          
          <TextLine ID="eSc_line_fd1251a7"
                    
                    BASELINE="2755 3167 3005 3167 3173 3178 3927 3162 3981 3151 4095 3156 4225 3140" 
                    HPOS="2750.0"
                    VPOS="3070.0"
                    WIDTH="1470.0"
                    HEIGHT="184.0">
            <Shape><Polygon POINTS="2750 3162 2815 3097 3037 3124 3303 3108 3390 3135 3460 3102 3715 3113 3759 3070 3813 3113 4106 3102 4220 3135 4209 3227 4187 3238 4089 3211 3813 3232 3791 3254 3737 3221 3552 3249 3514 3211 3477 3243 3406 3216 3216 3249 3156 3216 2934 3249 2891 3211 2820 3243 2755 3183"/></Shape>
	    <String CONTENT="ואיזה זה מלך המשיח ˙ תחת הכל כי הרגו"
                    HPOS="2750.0"
                    VPOS="3070.0"
                    WIDTH="1470.0"
                    HEIGHT="184.0"></String>
          </TextLine>

          
          
          <TextLine ID="eSc_line_e09ca7a2"
                    
                    BASELINE="2685 3297 3373 3297 3612 3292 3666 3281 4198 3287" 
                    HPOS="2679.0"
                    VPOS="3211.0"
                    WIDTH="1514.0"
                    HEIGHT="184.0">
            <Shape><Polygon POINTS="2679 3292 2777 3232 2847 3249 2885 3211 2918 3243 3129 3238 3173 3216 3205 3249 3406 3221 3455 3249 3525 3232 3661 3254 3731 3227 3786 3249 3807 3227 4095 3216 4176 3232 4193 3281 4176 3368 4095 3384 4051 3352 3623 3368 3574 3341 3238 3390 3173 3346 3053 3373 2939 3346 2771 3395 2685 3308"/></Shape>
	    <String CONTENT="קין מחטא של הבל נהרג קין לשני אילנות"
                    HPOS="2679.0"
                    VPOS="3211.0"
                    WIDTH="1514.0"
                    HEIGHT="184.0"></String>
          </TextLine>

          
          
          <TextLine ID="eSc_line_d0393e15"
                    
                    BASELINE="2766 3428 3162 3428 3243 3438 3411 3433 3531 3444 3590 3428 4057 3411 4203 3417" 
                    HPOS="2760.0"
                    VPOS="3341.0"
                    WIDTH="1438.0"
                    HEIGHT="179.0">
            <Shape><Polygon POINTS="2760 3422 2815 3373 2950 3362 3173 3400 3205 3368 3232 3390 3487 3379 3580 3341 3623 3373 3672 3352 3731 3373 4046 3357 4089 3390 4182 3384 4198 3411 4182 3482 4024 3514 3976 3476 3737 3520 3618 3493 3314 3509 3091 3471 3059 3504 2912 3493 2831 3520 2766 3455"/></Shape>
	    <String CONTENT="שהיו סמובין זה לזה אתפכרה אחת מהן"
                    HPOS="2760.0"
                    VPOS="3341.0"
                    WIDTH="1438.0"
                    HEIGHT="179.0"></String>
          </TextLine>

          
          
          <TextLine ID="eSc_line_3da0ac28"
                    TAGREFS="LT3"
                    BASELINE="3068 3387 3234 3387" 
                    HPOS="3068"
                    VPOS="3357"
                    WIDTH="166"
                    HEIGHT="60">
            <Shape><Polygon POINTS="3068 3357 3234 3357 3234 3417 3068 3417"/></Shape>
	    <String CONTENT="ם"
                    HPOS="3068"
                    VPOS="3357"
                    WIDTH="166"
                    HEIGHT="60"></String>
          </TextLine>

          
          
          <TextLine ID="eSc_line_c621ab3a"
                    
                    BASELINE="2771 3558 3211 3558 3265 3569 3379 3574 3460 3558 3824 3552 3883 3541 4220 3541" 
                    HPOS="2766.0"
                    VPOS="3466.0"
                    WIDTH="1448.0"
                    HEIGHT="184.0">
            <Shape><Polygon POINTS="2766 3552 2885 3504 3053 3504 3091 3466 3232 3514 3753 3514 3818 3487 3976 3487 4024 3520 4095 3487 4155 3493 4214 3536 4160 3617 3753 3612 3672 3650 3585 3623 3471 3650 3422 3628 3162 3634 3091 3590 3053 3628 2853 3639 2771 3579"/></Shape>
	    <String CONTENT="ונפל על חבירו פכרו בך תחת הבל בי הרגו"
                    HPOS="2766.0"
                    VPOS="3466.0"
                    WIDTH="1448.0"
                    HEIGHT="184.0"></String>
          </TextLine>

          
          
          <TextLine ID="eSc_line_f4e41eff"
                    
                    BASELINE="2750 3688 3194 3688 3270 3699 3531 3699 3656 3688 3856 3688 4068 3672 4203 3677" 
                    HPOS="2744.0"
                    VPOS="3596.0"
                    WIDTH="1454.0"
                    HEIGHT="195.0">
            <Shape><Polygon POINTS="2744 3683 2809 3628 3048 3634 3091 3596 3167 3666 3276 3628 3471 3645 3596 3623 3672 3650 3704 3623 3943 3639 4149 3617 4198 3672 4149 3769 4079 3775 3921 3731 3883 3758 3406 3753 3243 3791 3194 3748 3140 3769 2842 3769 2750 3699"/></Shape>
	    <String CONTENT="קין מחטא של הבל נהרג קין ˙ ולשם גם"
                    HPOS="2744.0"
                    VPOS="3596.0"
                    WIDTH="1454.0"
                    HEIGHT="195.0"></String>
          </TextLine>

          
          
          <TextLine ID="eSc_line_8f81b88f"
                    
                    BASELINE="2755 3813 3596 3829 3661 3818 4003 3813 4203 3791" 
                    HPOS="2750.0"
                    VPOS="3726.0"
                    WIDTH="1448.0"
                    HEIGHT="184.0">
            <Shape><Polygon POINTS="2750 3807 2809 3769 3140 3769 3200 3748 3243 3786 3417 3753 3813 3769 3921 3726 3965 3758 4073 3775 4155 3769 4182 3742 4198 3786 4182 3862 4144 3883 4106 3867 3921 3889 3883 3867 3818 3910 3780 3883 3666 3910 3623 3872 3542 3894 3482 3851 3406 3894 3156 3878 3124 3899 2907 3889 2820 3910 2755 3840"/></Shape>
	    <String CONTENT="הרא יולד בן ותקרא את שמר אנוש בעון"
                    HPOS="2750.0"
                    VPOS="3726.0"
                    WIDTH="1448.0"
                    HEIGHT="184.0"></String>
          </TextLine>

          
          
          <TextLine ID="eSc_line_9f0062a3"
                    
                    BASELINE="2755 3948 3411 3943 3477 3932 4228 3963" 
                    HPOS="2750.0"
                    VPOS="3862.0"
                    WIDTH="1475.0"
                    HEIGHT="173.0">
            <Shape><Polygon POINTS="2750 3943 2798 3889 2831 3910 2918 3889 3455 3894 3487 3862 3520 3894 3645 3883 3683 3905 3780 3883 3813 3910 3889 3872 4155 3883 4225 3959 4144 4024 4095 4003 3845 3997 3726 4035 3596 4003 3449 4024 3308 4008 3276 4035 3216 4013 2885 4030 2831 4003 2788 4019 2755 3986"/></Shape>
	    <String CONTENT="קומי אבא כהן בד דלא ארם שת אנוש [א]"
                    HPOS="2750.0"
                    VPOS="3862.0"
                    WIDTH="1475.0"
                    HEIGHT="173.0"></String>
          </TextLine>

          
          
          <TextLine ID="eSc_line_bb3dde44"
                    
                    BASELINE="2728 4078 3222 4078 3357 4095 3417 4078 4234 4083" 
                    HPOS="2723.0"
                    VPOS="3997.0"
                    WIDTH="1507.0"
                    HEIGHT="179.0">
            <Shape><Polygon POINTS="2723 4073 2815 4013 2874 4035 3672 4013 3726 4035 3845 3997 4008 3997 4122 4024 4182 4013 4230 4078 4176 4133 4024 4133 3981 4154 3872 4138 3829 4100 3726 4165 3683 4138 3569 4138 3493 4144 3460 4176 3422 4149 3265 4176 3173 4144 2853 4160 2728 4073"/></Shape>
	    <String CONTENT="ושתק אמ&#39; להן עד באן בצלם ובדמות [מי&#39;]"
                    HPOS="2723.0"
                    VPOS="3997.0"
                    WIDTH="1507.0"
                    HEIGHT="179.0"></String>
          </TextLine>

          
          
          <TextLine ID="eSc_line_38df1e4c"
                    
                    BASELINE="2728 4209 3303 4203 3514 4192 4008 4192 4203 4203" 
                    HPOS="2723.0"
                    VPOS="4100.0"
                    WIDTH="1475.0"
                    HEIGHT="190.0">
            <Shape><Polygon POINTS="2723 4203 2793 4122 2891 4160 3167 4144 3260 4187 3390 4192 3422 4160 3466 4176 3493 4149 3677 4138 3726 4165 3791 4144 3829 4100 3867 4138 3970 4154 4165 4138 4198 4198 4144 4263 4062 4257 4019 4285 3889 4252 3835 4290 3786 4257 3748 4290 3569 4257 3482 4279 3373 4198 3298 4198 3222 4268 2864 4285 2793 4268 2728 4203"/></Shape>
	    <String CONTENT="מיכן ואילך קנטורים ˙ ארבעה"
                    HPOS="2723.0"
                    VPOS="4100.0"
                    WIDTH="1475.0"
                    HEIGHT="190.0"></String>
          </TextLine>

          
          
          <TextLine ID="eSc_line_4685ffdb"
                    
                    BASELINE="2712 4328 3292 4339 3552 4323 4095 4328 4228 4321" 
                    HPOS="2706.0"
                    VPOS="4257.0"
                    WIDTH="1519.0"
                    HEIGHT="169.0">
            <Shape><Polygon POINTS="2706 4323 2739 4323 2788 4274 3005 4290 3368 4263 3753 4290 3786 4257 3824 4290 3878 4257 4019 4285 4073 4257 4160 4257 4225 4317 4165 4388 3824 4398 3780 4377 3677 4404 3639 4366 3596 4409 3552 4398 3504 4426 3455 4404 2950 4415 2831 4388 2782 4409 2712 4339"/></Shape>
	    <String CONTENT="נשתנו בימי אנוש בן שת ההרים נעשו [א]"
                    HPOS="2706.0"
                    VPOS="4257.0"
                    WIDTH="1519.0"
                    HEIGHT="169.0"></String>
          </TextLine>

          
          
          <TextLine ID="eSc_line_497f5c9b"
                    
                    BASELINE="2712 4458 3460 4469 3634 4453 3981 4458 4203 4442" 
                    HPOS="2706.0"
                    VPOS="4366.0"
                    WIDTH="1492.0"
                    HEIGHT="195.0">
            <Shape><Polygon POINTS="2706 4453 2820 4393 3037 4420 3455 4404 3493 4431 3542 4404 3590 4415 3639 4366 3672 4398 4165 4388 4198 4436 4182 4496 4149 4518 4062 4502 4019 4523 3552 4545 3314 4523 3276 4561 3205 4529 3173 4550 2782 4545 2712 4474"/></Shape>
	    <String CONTENT="טדשים והתחיל המת מרחיש ונעשו"
                    HPOS="2706.0"
                    VPOS="4366.0"
                    WIDTH="1492.0"
                    HEIGHT="195.0"></String>
          </TextLine>

          
          
          <TextLine ID="eSc_line_5c3b8034"
                    
                    BASELINE="2755 4599 3482 4599 3628 4583 3872 4588 4225 4567" 
                    HPOS="2750.0"
                    VPOS="4512.0"
                    WIDTH="1470.0"
                    HEIGHT="179.0">
            <Shape><Polygon POINTS="2750 4594 2771 4550 2815 4534 2967 4556 3151 4540 3194 4567 3238 4529 3287 4556 3308 4534 3683 4545 4084 4512 4160 4518 4220 4561 4160 4648 3927 4637 3894 4675 3856 4653 3504 4675 3422 4632 3390 4659 3303 4653 3270 4691 3227 4659 3162 4675 3135 4648 3102 4675 3064 4659 3032 4691 2961 4691 2907 4643 2864 4664 2755 4615"/></Shape>
	    <String CONTENT="פניהם כקופות ונעשו חולין למזיקין ˙ א&#39;"
                    HPOS="2750.0"
                    VPOS="4512.0"
                    WIDTH="1470.0"
                    HEIGHT="179.0"></String>
          </TextLine>

          
          
          <TextLine ID="eSc_line_1cfdaeae"
                    
                    BASELINE="2733 4719 3938 4719 4003 4708 4209 4697" 
                    HPOS="2728.0"
                    VPOS="4626.0"
                    WIDTH="1475.0"
                    HEIGHT="201.0">
            <Shape><Polygon POINTS="2728 4713 2766 4664 2831 4637 2864 4670 2907 4653 2950 4691 3102 4670 3129 4643 3167 4675 3227 4664 3265 4691 3303 4659 3390 4664 3433 4626 3482 4670 3894 4670 3938 4632 3986 4653 4165 4653 4203 4691 4187 4746 4144 4740 4095 4789 4062 4773 4014 4800 3905 4778 3845 4805 3807 4767 3731 4794 3455 4794 3411 4751 3363 4800 3216 4816 3178 4784 3129 4800 3097 4767 3015 4794 2815 4789 2766 4827 2733 4794"/></Shape>
	    <String CONTENT="יצחק [ה&#39; הן שגרמו על עצמן להיות הולין"
                    HPOS="2728.0"
                    VPOS="4626.0"
                    WIDTH="1475.0"
                    HEIGHT="201.0"></String>
          </TextLine>

          
          
          <TextLine ID="eSc_line_991114c8"
                    
                    BASELINE="2728 4854 2809 4843 3656 4849 3845 4838 4122 4838 4203 4805" 
                    HPOS="2723.0"
                    VPOS="4735.0"
                    WIDTH="1475.0"
                    HEIGHT="206.0">
            <Shape><Polygon POINTS="2723 4849 2815 4794 3005 4800 3091 4767 3124 4800 3287 4816 3368 4800 3411 4756 3460 4800 3769 4794 3807 4773 3878 4805 4089 4789 4144 4735 4182 4746 4198 4800 4176 4892 4144 4876 4057 4908 4024 4887 3986 4925 3921 4930 3883 4908 3710 4914 3677 4941 3504 4892 3466 4925 3086 4919 3043 4892 3005 4930 2874 4919 2842 4892 2809 4925 2733 4849"/></Shape>
	    <String CONTENT="למזיקין מהבין דגחין לצילמא לבין דגחין"
                    HPOS="2723.0"
                    VPOS="4735.0"
                    WIDTH="1475.0"
                    HEIGHT="206.0"></String>
          </TextLine>

          
          
          <TextLine ID="eSc_line_17669122"
                    
                    BASELINE="2750 4957 3574 4979 3965 4968 4089 4952 4220 4957" 
                    HPOS="2744.0"
                    VPOS="4898.0"
                    WIDTH="1470.0"
                    HEIGHT="151.0">
            <Shape><Polygon POINTS="2744 4952 2853 4903 2885 4930 3021 4930 3053 4898 3162 4930 3395 4903 3471 4930 3552 4903 3650 4941 3693 4941 3731 4903 3835 4903 3916 4946 4035 4935 4068 4908 4203 4908 4214 4952 4198 5028 3965 5028 3916 5049 3829 5028 3764 5049 3118 5049 2918 5044 2896 5022 2831 5044 2798 5011 2750 5011"/></Shape>
	    <String CONTENT="לבר אנש ˙ אן הוחל לקרוא בשם יי&#39; ˙ אר&#39;"
                    HPOS="2744.0"
                    VPOS="4898.0"
                    WIDTH="1470.0"
                    HEIGHT="151.0"></String>
          </TextLine>

          
        </TextBlock>
        
        <TextBlock HPOS="889.0"
                   VPOS="646.0"
                   WIDTH="1542.0"
                   HEIGHT="4419.0"
                   ID="eSc_textblock_ab7d3ba9"
                   TAGREFS="BT2">
          <Shape><Polygon POINTS="2431 650 2431 5065 889 5065 978 646"/></Shape>
          
          
          <TextLine ID="eSc_line_9ad55f0e"
                    
                    BASELINE="970 759 1616 743 2419 748" 
                    HPOS="965.0"
                    VPOS="656.0"
                    WIDTH="1448.0"
                    HEIGHT="163.0">
            <Shape><Polygon POINTS="965 753 970 688 1106 672 1198 688 1231 661 1263 688 1415 688 1442 667 1616 661 1665 688 1714 661 1833 683 1898 656 1941 683 1990 656 2088 683 2175 683 2202 656 2375 656 2413 743 2397 791 2337 813 2316 791 2272 813 2218 791 2158 813 1898 797 1882 819 1844 797 1800 819 1442 819 1366 797 1345 819 1133 802 1019 819 970 797"/></Shape>
	    <String CONTENT="סימון בשלשה מקומות נאמרן בלשון [א]"
                    HPOS="965.0"
                    VPOS="656.0"
                    WIDTH="1448.0"
                    HEIGHT="163.0"></String>
          </TextLine>

          
          
          <TextLine ID="eSc_line_c89262bb"
                    
                    BASELINE="949 884 1177 873 2332 873 2424 884" 
                    HPOS="943.0"
                    VPOS="802.0"
                    WIDTH="1476.0"
                    HEIGHT="158.0">
            <Shape><Polygon POINTS="943 878 1025 819 1106 851 1133 824 1464 813 2186 835 2218 802 2240 824 2397 802 2419 878 2365 943 2186 927 2104 960 1979 922 1833 932 1795 894 1719 932 1491 916 1372 943 1339 927 1046 954 960 878"/></Shape>
	    <String CONTENT="הזה לשון מרדות או הוחל ˙ ויהי כי החל [הא&#39;]"
                    HPOS="943.0"
                    VPOS="802.0"
                    WIDTH="1476.0"
                    HEIGHT="158.0"></String>
          </TextLine>

          
          
          <TextLine ID="eSc_line_0f25cce5"
                    
                    BASELINE="954 992 1714 992 2088 998 2272 1008 2402 992" 
                    HPOS="949.0"
                    VPOS="900.0"
                    WIDTH="1448.0"
                    HEIGHT="190.0">
            <Shape><Polygon POINTS="949 987 1030 954 1318 938 1361 954 1486 922 1719 932 1752 900 1828 938 1979 927 2104 965 2180 932 2375 943 2397 987 2381 1057 2332 1041 2310 1063 2207 1068 1887 1063 1800 1019 1762 1057 1697 1025 1643 1063 1399 1052 1361 1025 1328 1057 1296 1030 1253 1068 1106 1090 1025 1079 954 1008"/></Shape>
	    <String CONTENT="האדם ˙ הוא החל להיות גיבור ˙ איתיבון [א]"
                    HPOS="949.0"
                    VPOS="900.0"
                    WIDTH="1448.0"
                    HEIGHT="190.0"></String>
          </TextLine>

          
          
          <TextLine ID="eSc_line_ee3411fc"
                    
                    BASELINE="998 1128 1464 1122 1518 1106 1627 1117 2337 1117 2424 1101" 
                    HPOS="992.0"
                    VPOS="1025.0"
                    WIDTH="1427.0"
                    HEIGHT="184.0">
            <Shape><Polygon POINTS="992 1122 1046 1073 1253 1068 1290 1030 1323 1057 1377 1036 1399 1057 1649 1073 1703 1030 1762 1068 1806 1025 1887 1073 2305 1068 2354 1046 2419 1095 2327 1182 2283 1166 2251 1198 1952 1198 1925 1171 1893 1193 1339 1171 1187 1209 1030 1187 998 1155"/></Shape>
	    <String CONTENT="ליה והכת&#39; וזה החלם לעשות אמ&#39; לון קיפח"
                    HPOS="992.0"
                    VPOS="1025.0"
                    WIDTH="1427.0"
                    HEIGHT="184.0"></String>
          </TextLine>

          
          
          <TextLine ID="eSc_line_b0038a82"
                    
                    BASELINE="970 1247 1410 1242 2402 1247" 
                    HPOS="965.0"
                    VPOS="1171.0"
                    WIDTH="1432.0"
                    HEIGHT="163.0">
            <Shape><Polygon POINTS="965 1242 1041 1193 1193 1215 1334 1177 1529 1171 1898 1204 2218 1187 2267 1209 2381 1182 2397 1242 2354 1307 2299 1312 2261 1285 2196 1312 2142 1290 2104 1323 1958 1328 1621 1312 1583 1285 1540 1312 1421 1290 1171 1334 1030 1318 970 1258"/></Shape>
	    <String CONTENT="על ראשו געעל נמדור ואמ&#39; זה המרידו אמ&#39;"
                    HPOS="965.0"
                    VPOS="1171.0"
                    WIDTH="1432.0"
                    HEIGHT="163.0"></String>
          </TextLine>

          
          
          <TextLine ID="eSc_line_219ca246"
                    
                    BASELINE="884 1383 1166 1383 1236 1366 1366 1377 2419 1377" 
                    HPOS="878.0"
                    VPOS="1285.0"
                    WIDTH="1535.0"
                    HEIGHT="174.0">
            <Shape><Polygon POINTS="878 1377 949 1318 1301 1323 1426 1290 1545 1312 1583 1285 1616 1312 1941 1328 2104 1323 2148 1290 2223 1312 2267 1285 2299 1318 2343 1307 2413 1372 2348 1442 2034 1459 1800 1459 1686 1410 1643 1448 1551 1448 1524 1421 1491 1448 1312 1442 1258 1415 1220 1453 987 1453 884 1377"/></Shape>
	    <String CONTENT="ר&#39; לוי לאשה שאמרה לבעלה ראיתי בהלומי"
                    HPOS="878.0"
                    VPOS="1285.0"
                    WIDTH="1535.0"
                    HEIGHT="174.0"></String>
          </TextLine>

          
          
          <TextLine ID="eSc_line_b4ffe960"
                    
                    BASELINE="976 1517 2409 1526" 
                    HPOS="970.0"
                    VPOS="1410.0"
                    WIDTH="1438.0"
                    HEIGHT="190.0">
            <Shape><Polygon POINTS="970 1513 976 1453 1225 1459 1263 1421 1296 1448 1497 1448 1524 1426 1551 1453 1643 1453 1686 1410 1719 1448 1784 1464 2348 1448 2408 1524 2343 1573 2039 1600 1567 1562 1253 1589 1160 1556 1090 1589 976 1589"/></Shape>
	    <String CONTENT="שאת מגרשני אמ&#39; לה ולמה בחלום אהא"
                    HPOS="970.0"
                    VPOS="1410.0"
                    WIDTH="1438.0"
                    HEIGHT="190.0"></String>
          </TextLine>

          
          
          <TextLine ID="eSc_line_5ce860df"
                    
                    BASELINE="970 1638 1925 1648 2420 1656" 
                    HPOS="965.0"
                    VPOS="1551.0"
                    WIDTH="1454.0"
                    HEIGHT="179.0">
            <Shape><Polygon POINTS="965 1632 976 1594 1117 1583 1155 1551 1296 1594 1573 1567 1936 1600 2218 1594 2375 1551 2408 1583 2419 1654 2348 1708 2261 1692 2158 1724 1903 1719 1855 1686 1806 1730 1621 1714 1573 1676 1524 1714 1442 1703 1415 1730 1372 1703 1225 1719 1171 1676 1139 1708 970 1719"/></Shape>
	    <String CONTENT="אר&#39; אחא אתם עשיתם ע&#39;ז וקראתם לשמכ"
                    HPOS="965.0"
                    VPOS="1551.0"
                    WIDTH="1454.0"
                    HEIGHT="179.0"></String>
          </TextLine>

          
          
          <TextLine ID="eSc_line_5c2e4822"
                    
                    BASELINE="867 1752 954 1768 1828 1762 1979 1773 2039 1762 2381 1762" 
                    HPOS="862.0"
                    VPOS="1676.0"
                    WIDTH="1513.0"
                    HEIGHT="189.0">
            <Shape><Polygon POINTS="862 1746 911 1752 954 1714 1144 1708 1171 1681 1204 1714 1366 1697 1394 1724 1480 1703 1518 1719 1567 1676 1616 1714 1714 1703 1800 1724 1855 1686 1931 1730 2359 1714 2375 1757 2359 1833 2310 1855 2072 1844 2044 1865 1985 1844 1800 1844 1757 1800 1714 1838 1556 1817 1437 1838 1394 1817 1345 1838 998 1827 954 1855 867 1768"/></Shape>
	    <String CONTENT="אף אני אקרא למי הים לשמו ואכלה אותן"
                    HPOS="862.0"
                    VPOS="1676.0"
                    WIDTH="1513.0"
                    HEIGHT="189.0"></String>
          </TextLine>

          
          
          <TextLine ID="eSc_line_daf530d2"
                    
                    BASELINE="884 1876 1242 1887 1307 1898 2419 1898" 
                    HPOS="878.0"
                    VPOS="1806.0"
                    WIDTH="1535.0"
                    HEIGHT="184.0">
            <Shape><Polygon POINTS="878 1871 970 1865 1003 1833 1350 1844 1399 1822 1497 1849 1611 1833 1643 1860 1762 1806 1800 1844 2017 1860 2337 1838 2413 1893 2332 1974 1811 1974 1714 1963 1665 1914 1600 1968 1399 1947 1323 1990 1269 1958 1128 1963 1095 1931 1046 1979 1014 1947 970 1963 884 1876"/></Shape>
	    <String CONTENT="האנשים מן העולם ˙ דרש ר&#39; אבהר או"
                    HPOS="878.0"
                    VPOS="1806.0"
                    WIDTH="1535.0"
                    HEIGHT="184.0"></String>
          </TextLine>

          
          
          <TextLine ID="eSc_line_8cde33f6"
                    
                    BASELINE="932 2017 1301 2017 1567 2028 2392 2028" 
                    HPOS="927.0"
                    VPOS="1914.0"
                    WIDTH="1459.0"
                    HEIGHT="201.0">
            <Shape><Polygon POINTS="927 2012 1003 1947 1090 2006 1128 1968 1247 1958 1334 1996 1404 1958 1611 1968 1665 1914 1724 1968 2354 1974 2386 2023 2365 2082 2234 2115 2164 2093 1925 2099 1898 2072 1855 2099 1524 2104 1432 2066 1399 2099 1345 2055 1296 2099 1204 2077 1019 2099 932 2050"/></Shape>
	    <String CONTENT="אוקיינוס גדוה מבל העמים ˙ אר&#39; אלעד"
                    HPOS="927.0"
                    VPOS="1914.0"
                    WIDTH="1459.0"
                    HEIGHT="201.0"></String>
          </TextLine>

          
          
          <TextLine ID="eSc_line_db63cb35"
                    
                    BASELINE="867 2137 1421 2147 1540 2158 2354 2147" 
                    HPOS="862.0"
                    VPOS="2072.0"
                    WIDTH="1486.0"
                    HEIGHT="173.0">
            <Shape><Polygon POINTS="862 2131 970 2072 1014 2093 1323 2082 1795 2115 1898 2072 1931 2104 2332 2099 2348 2142 2310 2240 2261 2213 2169 2234 1730 2218 1697 2245 1649 2218 1469 2213 1084 2234 1008 2175 938 2218 867 2147"/></Shape>
	    <String CONTENT="בר מנחס והלא מקרא מלא הוא הקורא"
                    HPOS="862.0"
                    VPOS="2072.0"
                    WIDTH="1486.0"
                    HEIGHT="173.0"></String>
          </TextLine>

          
          
          <TextLine ID="eSc_line_7887e257"
                    
                    BASELINE="932 2278 1345 2278 1469 2288 2402 2288" 
                    HPOS="927.0"
                    VPOS="2180.0"
                    WIDTH="1470.0"
                    HEIGHT="190.0">
            <Shape><Polygon POINTS="927 2272 1014 2180 1079 2234 1475 2218 1654 2223 1686 2245 1724 2223 2066 2245 2278 2218 2310 2245 2381 2207 2397 2283 2365 2337 2310 2359 2251 2321 2196 2359 2050 2359 2007 2321 1947 2364 1594 2337 1242 2343 1166 2370 1133 2337 965 2359 932 2326"/></Shape>
	    <String CONTENT="למי הים וישפכם בזה שהוא שופך"
                    HPOS="927.0"
                    VPOS="2180.0"
                    WIDTH="1470.0"
                    HEIGHT="190.0"></String>
          </TextLine>

          
          
          <TextLine ID="eSc_line_5156acbe"
                    
                    BASELINE="927 2397 1952 2419 2327 2413 2402 2424" 
                    HPOS="922.0"
                    VPOS="2326.0"
                    WIDTH="1475.0"
                    HEIGHT="174.0">
            <Shape><Polygon POINTS="922 2392 1008 2348 1128 2337 1166 2375 1318 2343 1887 2370 1958 2364 2012 2326 2066 2370 2191 2370 2251 2326 2289 2364 2343 2359 2397 2419 2354 2484 2305 2451 2234 2489 2099 2500 2044 2473 1849 2500 1817 2467 1502 2489 1469 2462 1193 2495 1133 2467 976 2478 927 2446"/></Shape>
	    <String CONTENT="מלמעלן למטן שני פעמים כת&#39; הקורא"
                    HPOS="922.0"
                    VPOS="2326.0"
                    WIDTH="1475.0"
                    HEIGHT="174.0"></String>
          </TextLine>

          
          
          <TextLine ID="eSc_line_a2ab8e6a"
                    
                    BASELINE="954 2522 1654 2522 2066 2538 2251 2538 2337 2527 2424 2538" 
                    HPOS="949.0"
                    VPOS="2467.0"
                    WIDTH="1470.0"
                    HEIGHT="158.0">
            <Shape><Polygon POINTS="949 2516 954 2467 1187 2489 1811 2467 1855 2500 2044 2484 2077 2505 2321 2478 2419 2533 2348 2603 2207 2592 2120 2625 2012 2592 1969 2614 1838 2592 1730 2614 1670 2587 1502 2609 1437 2587 1383 2614 1215 2581 1106 2609 954 2587"/></Shape>
	    <String CONTENT="למי הקור הים הקורא למי הים וישפכם"
                    HPOS="949.0"
                    VPOS="2467.0"
                    WIDTH="1470.0"
                    HEIGHT="158.0"></String>
          </TextLine>

          
          
          <TextLine ID="eSc_line_046f77e6"
                    
                    BASELINE="905 2652 2402 2652" 
                    HPOS="900.0"
                    VPOS="2592.0"
                    WIDTH="1497.0"
                    HEIGHT="158.0">
            <Shape><Polygon POINTS="900 2646 976 2592 1052 2614 1209 2592 1404 2614 1453 2592 2104 2625 2223 2603 2365 2614 2397 2646 2386 2712 2337 2739 2245 2739 2191 2712 2164 2739 1849 2728 1784 2750 1746 2717 1638 2744 1562 2701 1459 2744 1215 2722 1025 2722 987 2744 911 2684"/></Shape>
	    <String CONTENT="בזה שהרא שופך בנגד שנ פעמים [שע&#39;]"
                    HPOS="900.0"
                    VPOS="2592.0"
                    WIDTH="1497.0"
                    HEIGHT="158.0"></String>
          </TextLine>

          
          
          <TextLine ID="eSc_line_4baff330"
                    
                    BASELINE="862 2777 1280 2777 1518 2788 2397 2788" 
                    HPOS="857.0"
                    VPOS="2701.0"
                    WIDTH="1535.0"
                    HEIGHT="173.0">
            <Shape><Polygon POINTS="857 2771 1019 2728 1453 2744 1562 2701 1627 2739 1741 2717 1773 2744 2164 2733 2191 2706 2234 2733 2354 2733 2392 2782 2375 2831 2332 2858 1502 2853 1339 2831 1301 2858 1139 2847 1106 2874 1074 2842 949 2858 862 2777"/></Shape>
	    <String CONTENT="שעלה הים והציף את העולם ועד היכן עלה"
                    HPOS="857.0"
                    VPOS="2701.0"
                    WIDTH="1535.0"
                    HEIGHT="173.0"></String>
          </TextLine>

          
          
          <TextLine ID="eSc_line_31fc3b86"
                    
                    BASELINE="889 2907 1448 2907 1540 2923 1594 2912 2337 2918 2424 2901" 
                    HPOS="884.0"
                    VPOS="2842.0"
                    WIDTH="1535.0"
                    HEIGHT="152.0">
            <Shape><Polygon POINTS="884 2901 927 2853 1068 2842 1101 2874 1139 2847 1296 2863 1334 2842 1518 2863 2272 2847 2365 2858 2419 2896 2359 2972 2283 2961 2245 2983 2180 2956 2148 2988 1806 2961 1746 2994 1708 2972 1459 2983 1415 2950 1193 2994 1122 2939 1074 2983 949 2983 889 2923"/></Shape>
	    <String CONTENT="בראשוונה וער היכן בשוייה ˙ ר&#39; יודן ור&#39; אבהו"
                    HPOS="884.0"
                    VPOS="2842.0"
                    WIDTH="1535.0"
                    HEIGHT="152.0"></String>
          </TextLine>

          
          
          <TextLine ID="eSc_line_265eb450"
                    
                    BASELINE="905 3021 2180 3048 2310 3042 2402 3053" 
                    HPOS="900.0"
                    VPOS="2939.0"
                    WIDTH="1497.0"
                    HEIGHT="179.0">
            <Shape><Polygon POINTS="900 3015 992 2977 1068 2983 1111 2939 1209 2999 1410 2961 1453 2983 1703 2972 1730 2999 1800 2961 1893 2988 1969 2972 2153 2994 2202 2961 2240 2988 2283 2967 2343 2977 2397 3048 2365 3108 2283 3091 2256 3118 2050 3097 1936 3113 1806 3086 1708 3113 1643 3113 1616 3086 1155 3113 1122 3080 998 3108 905 3021"/></Shape>
	    <String CONTENT="ור&#39; אלעזר בשום ר&#39; חנינא בראשנה עלה עד"
                    HPOS="900.0"
                    VPOS="2939.0"
                    WIDTH="1497.0"
                    HEIGHT="179.0"></String>
          </TextLine>

          
          
          <TextLine ID="eSc_line_4d80dca0"
                    
                    BASELINE="905 3140 987 3156 1166 3151 1220 3162 1990 3167 2110 3178 2229 3173 2294 3183 2401 3182" 
                    HPOS="900.0"
                    VPOS="3080.0"
                    WIDTH="1497.0"
                    HEIGHT="169.0">
            <Shape><Polygon POINTS="900 3135 960 3091 1036 3113 1111 3080 1160 3113 1220 3097 1285 3118 1806 3091 1833 3113 2104 3124 2294 3097 2348 3113 2397 3178 2375 3221 2310 3243 2202 3249 2175 3227 2126 3249 2066 3227 1985 3249 1844 3238 1817 3211 1692 3238 1583 3221 1551 3249 1497 3227 970 3238 905 3173"/></Shape>
	    <String CONTENT="עבו ועד יפו [ההד ואומ&#39; עד פה תבא ללא [תר&#39;]"
                    HPOS="900.0"
                    VPOS="3080.0"
                    WIDTH="1497.0"
                    HEIGHT="169.0"></String>
          </TextLine>

          
          
          <TextLine ID="eSc_line_30f90c9f"
                    
                    BASELINE="905 3270 1057 3292 1790 3297 1844 3314 1958 3303 2267 3308 2402 3292" 
                    HPOS="900.0"
                    VPOS="3221.0"
                    WIDTH="1497.0"
                    HEIGHT="163.0">
            <Shape><Polygon POINTS="900 3265 1019 3232 1562 3249 1583 3227 1817 3221 1963 3249 2337 3238 2397 3287 2348 3362 2164 3362 2131 3384 2104 3362 2044 3379 2017 3352 1730 3368 1665 3346 1638 3373 1502 3379 1469 3346 1334 3373 1301 3341 1280 3362 1160 3362 1041 3335 992 3362 938 3314 905 3330"/></Shape>
	    <String CONTENT="תוסיף ופר ישית בגאון גליך ביפר אשית עד"
                    HPOS="900.0"
                    VPOS="3221.0"
                    WIDTH="1497.0"
                    HEIGHT="163.0"></String>
          </TextLine>

          
          
          <TextLine ID="eSc_line_aa509acf"
                    
                    BASELINE="846 3400 938 3417 1833 3417 2191 3428 2256 3438 2402 3422" 
                    HPOS="840.0"
                    VPOS="3325.0"
                    WIDTH="1557.0"
                    HEIGHT="195.0">
            <Shape><Polygon POINTS="840 3395 873 3395 943 3325 1003 3373 1046 3341 1074 3368 1274 3368 1307 3346 1334 3373 1469 3352 1497 3379 1632 3384 1659 3357 1925 3357 1979 3400 2034 3373 2196 3384 2381 3352 2397 3417 2365 3498 2278 3493 2223 3520 2120 3482 2066 3514 1990 3471 1947 3493 1475 3493 1453 3471 1318 3487 1285 3460 1242 3493 1204 3471 1171 3504 1090 3471 949 3493 857 3400"/></Shape>
	    <String CONTENT="גזון גליך ˙ ר&#39; הרמת ר&#39; אלעזר בר&#39; יוסי ר&#39; אע&#39;"
                    HPOS="840.0"
                    VPOS="3325.0"
                    WIDTH="1557.0"
                    HEIGHT="195.0"></String>
          </TextLine>

          
          
          <TextLine ID="eSc_line_e399bd62"
                    
                    BASELINE="911 3541 1616 3541 1681 3552 1893 3558 2402 3558" 
                    HPOS="905.0"
                    VPOS="3466.0"
                    WIDTH="1492.0"
                    HEIGHT="189.0">
            <Shape><Polygon POINTS="905 3536 960 3498 1084 3476 1198 3509 1220 3487 1415 3487 1448 3466 1480 3493 1643 3476 1790 3498 2001 3482 2061 3514 2120 3487 2223 3520 2343 3504 2397 3552 2381 3607 2343 3628 1545 3607 1480 3655 1442 3617 1383 3612 1312 3634 1274 3607 1225 3645 1160 3617 965 3623 911 3574"/></Shape>
	    <String CONTENT="בשם ר&#39; חנינ בראשונה עלה עד קלורסיא"
                    HPOS="905.0"
                    VPOS="3466.0"
                    WIDTH="1492.0"
                    HEIGHT="189.0"></String>
          </TextLine>

          
          
          <TextLine ID="eSc_line_41a1357b"
                    
                    BASELINE="1453 3677 1724 3672 1795 3683 2082 3699 2400 3703 2402 3703" 
                    HPOS="1448.0"
                    VPOS="3617.0"
                    WIDTH="949.0"
                    HEIGHT="152.0">
            <Shape><Polygon POINTS="1448 3672 1491 3666 1540 3617 1952 3639 2120 3623 2332 3634 2397 3699 2365 3753 2267 3769 1893 3742 1703 3753 1643 3726 1567 3758 1453 3672"/></Shape>
	    <String CONTENT="ובשמיה עו כפי בדבריה ˙"
                    HPOS="1448.0"
                    VPOS="3617.0"
                    WIDTH="949.0"
                    HEIGHT="152.0"></String>
          </TextLine>

          
          
          <TextLine ID="eSc_line_cf486d2e"
                    
                    BASELINE="905 3791 998 3807 1535 3807 1600 3796 1665 3813 1773 3818 2104 3818" 
                    HPOS="900.0"
                    VPOS="3726.0"
                    WIDTH="1199.0"
                    HEIGHT="168.0">
            <Shape><Polygon POINTS="900 3786 965 3731 1068 3726 1209 3748 1356 3731 1426 3742 1480 3796 1545 3796 1654 3731 1833 3758 2055 3748 2082 3758 2099 3813 2082 3883 2044 3894 1979 3872 1909 3889 1865 3856 1806 3894 1746 3872 1676 3883 1632 3851 1600 3872 1529 3802 1442 3883 1258 3889 1204 3834 1133 3878 1079 3840 976 3867 905 3796"/></Shape>
	    <String CONTENT="פרשתא כד ˙ זה ספר ˙ הרי [ה&#39;]"
                    HPOS="900.0"
                    VPOS="3726.0"
                    WIDTH="1199.0"
                    HEIGHT="168.0"></String>
          </TextLine>

          
          
          <TextLine ID="eSc_line_7ad26581"
                    
                    BASELINE="927 3937 2272 3932 2402 3943" 
                    HPOS="922.0"
                    VPOS="3829.0"
                    WIDTH="1475.0"
                    HEIGHT="201.0">
            <Shape><Polygon POINTS="922 3932 970 3867 1041 3867 1079 3840 1122 3883 1198 3829 1258 3889 1301 3867 1377 3894 1475 3862 1638 3862 1795 3899 1838 3883 1871 3910 1963 3878 2001 3899 2191 3878 2327 3889 2397 3937 2348 4008 2148 4024 2104 4003 2066 4030 2028 3992 1838 4019 1676 4013 1611 3981 1464 4019 1383 3970 1339 4008 1084 4013 998 4003 927 3932"/></Shape>
	    <String CONTENT="המעמיקים מייי לסתור עצה ˙ אד לוי לאר"
                    HPOS="922.0"
                    VPOS="3829.0"
                    WIDTH="1475.0"
                    HEIGHT="201.0"></String>
          </TextLine>

          
          
          <TextLine ID="eSc_line_81808420"
                    
                    BASELINE="867 4051 1014 4068 1925 4068 2055 4057 2392 4073" 
                    HPOS="862.0"
                    VPOS="3986.0"
                    WIDTH="1524.0"
                    HEIGHT="168.0">
            <Shape><Polygon POINTS="862 4046 905 4046 965 3986 1084 4019 1372 3997 1535 4019 1621 3997 1844 4024 2028 3986 2072 4030 2104 4003 2191 4024 2327 3992 2386 4068 2370 4116 2321 4144 2017 4154 1882 4133 1800 4149 1779 4127 943 4138 867 4062"/></Shape>
	    <String CONTENT="לאו ביטקנום שבנה את המדינה חדרים [וב&#39;]"
                    HPOS="862.0"
                    VPOS="3986.0"
                    WIDTH="1524.0"
                    HEIGHT="168.0"></String>
          </TextLine>

          
          
          <TextLine ID="eSc_line_d4161e43"
                    
                    BASELINE="862 4187 1225 4187 1296 4198 2321 4192 2402 4203" 
                    HPOS="857.0"
                    VPOS="4127.0"
                    WIDTH="1540.0"
                    HEIGHT="147.0">
            <Shape><Polygon POINTS="857 4182 965 4127 1773 4127 1800 4154 2343 4149 2397 4198 2359 4268 1811 4274 1611 4247 1399 4268 954 4263 862 4182"/></Shape>
	    <String CONTENT="וביבים ומערות לאחד ימים נעשה גביי [וה&#39;]"
                    HPOS="857.0"
                    VPOS="4127.0"
                    WIDTH="1540.0"
                    HEIGHT="147.0"></String>
          </TextLine>

          
          
          <TextLine ID="eSc_line_5f68e63d"
                    
                    BASELINE="932 4317 1215 4317 1269 4328 2267 4323 2402 4333" 
                    HPOS="927.0"
                    VPOS="4252.0"
                    WIDTH="1470.0"
                    HEIGHT="163.0">
            <Shape><Polygon POINTS="927 4312 998 4252 1719 4252 1806 4274 2310 4268 2397 4328 2348 4404 2278 4415 1958 4398 1931 4377 1882 4409 1611 4377 1573 4398 1144 4398 1101 4355 1025 4388 932 4339"/></Shape>
	    <String CONTENT="והיו בני המדינה מטמינים מפניו בתוך [הח&#39;]"
                    HPOS="927.0"
                    VPOS="4252.0"
                    WIDTH="1470.0"
                    HEIGHT="163.0"></String>
          </TextLine>

          
          
          <TextLine ID="eSc_line_da40f011"
                    
                    BASELINE="867 4447 1442 4447 1502 4458 2409 4467" 
                    HPOS="862.0"
                    VPOS="4355.0"
                    WIDTH="1546.0"
                    HEIGHT="195.0">
            <Shape><Polygon POINTS="862 4442 960 4371 1068 4388 1101 4355 1133 4388 1345 4409 1567 4404 1600 4382 1768 4404 1811 4388 1855 4409 1920 4388 2055 4409 2310 4393 2408 4464 2348 4523 2153 4507 2066 4540 1963 4523 1882 4550 1855 4523 1697 4507 1632 4534 960 4518 867 4442"/></Shape>
	    <String CONTENT="החדרים ובתוך [המדינ&#39;] המערות אמ&#39; להם [ש&#39;]"
                    HPOS="862.0"
                    VPOS="4355.0"
                    WIDTH="1546.0"
                    HEIGHT="195.0"></String>
          </TextLine>

          
          
          <TextLine ID="eSc_line_cc10598f"
                    
                    BASELINE="840 4550 1171 4577 1551 4577 1735 4588 2120 4588 2397 4572" 
                    HPOS="835.0"
                    VPOS="4502.0"
                    WIDTH="1557.0"
                    HEIGHT="173.0">
            <Shape><Polygon POINTS="835 4545 873 4545 916 4502 1198 4534 1643 4540 1692 4518 1860 4518 1887 4545 1958 4523 2082 4545 2169 4512 2343 4529 2392 4567 2321 4653 2110 4664 1567 4664 1535 4643 1296 4653 1220 4632 1187 4653 987 4637 916 4675 840 4599"/></Shape>
	    <String CONTENT="שוטים אמ הוא שבניתי את החדרים והמבין"
                    HPOS="835.0"
                    VPOS="4502.0"
                    WIDTH="1557.0"
                    HEIGHT="173.0"></String>
          </TextLine>

          
          
          <TextLine ID="eSc_line_09cc6b56"
                    
                    BASELINE="927 4697 1177 4691 1231 4702 1540 4708 1605 4719 2245 4719 2402 4702" 
                    HPOS="922.0"
                    VPOS="4632.0"
                    WIDTH="1475.0"
                    HEIGHT="157.0">
            <Shape><Polygon POINTS="922 4691 992 4637 1182 4653 1220 4632 1556 4659 2327 4653 2397 4697 2337 4789 2196 4767 1882 4789 1838 4756 1784 4789 1752 4756 1714 4784 1111 4784 1084 4756 970 4751 927 4708"/></Shape>
	    <String CONTENT="והמערות מפני מה אתם מטמנים כךהוי"
                    HPOS="922.0"
                    VPOS="4632.0"
                    WIDTH="1475.0"
                    HEIGHT="157.0"></String>
          </TextLine>

          
          
          <TextLine ID="eSc_line_51042542"
                    
                    BASELINE="840 4811 1063 4827 1480 4827 1535 4816 1600 4832 1681 4838 2289 4838 2379 4844" 
                    HPOS="835.0"
                    VPOS="4756.0"
                    WIDTH="1540.0"
                    HEIGHT="169.0">
            <Shape><Polygon POINTS="835 4805 889 4800 932 4756 1198 4789 1708 4789 1752 4756 1784 4794 1822 4762 1871 4794 2316 4784 2375 4843 2337 4903 2120 4908 2093 4887 2055 4925 2012 4903 1627 4908 1573 4881 1524 4908 1404 4914 1312 4892 960 4903 867 4811 840 4811"/></Shape>
	    <String CONTENT="המעמיקים מייי לסתור עיצה ויהי במחשך"
                    HPOS="835.0"
                    VPOS="4756.0"
                    WIDTH="1540.0"
                    HEIGHT="169.0"></String>
          </TextLine>

          
          
          <TextLine ID="eSc_line_87d3e620"
                    
                    BASELINE="889 4935 1345 4963 2398 4977" 
                    HPOS="884.0"
                    VPOS="4881.0"
                    WIDTH="1513.0"
                    HEIGHT="152.0">
            <Shape><Polygon POINTS="884 4930 895 4903 1019 4908 1095 4881 1204 4914 1394 4919 1627 4919 1681 4898 1746 4925 1779 4898 1876 4898 2229 4930 2251 4908 2327 4908 2386 4941 2397 4973 2381 5022 2348 5033 1426 5022 1318 5001 960 5011 889 4990"/></Shape>
	    <String CONTENT="מעשיהם הפככם אם בחומר היוצר יחשב‏"
                    HPOS="884.0"
                    VPOS="4881.0"
                    WIDTH="1513.0"
                    HEIGHT="152.0"></String>
          </TextLine>

          
        </TextBlock>
        
        <TextBlock HPOS="677.0"
                   VPOS="1434.0"
                   WIDTH="328.0"
                   HEIGHT="74.0"
                   ID="eSc_textblock_d054c021"
                   TAGREFS="BT225">
          <Shape><Polygon POINTS="677 1434 677 1508 1005 1508 1005 1434"/></Shape>
          
          
          <TextLine ID="eSc_line_92270741"
                    
                    BASELINE="688 1464 1013 1475" 
                    HPOS="686"
                    VPOS="1434"
                    WIDTH="328"
                    HEIGHT="70">
            <Shape><Polygon POINTS="689 1434 1014 1445 1011 1504 686 1493"/></Shape>
	    <String CONTENT="ר"
                    HPOS="686"
                    VPOS="1434"
                    WIDTH="328"
                    HEIGHT="70"></String>
          </TextLine>

          
        </TextBlock>
        
        <TextBlock HPOS="799.0"
                   VPOS="1550.0"
                   WIDTH="148.0"
                   HEIGHT="58.0"
                   ID="eSc_textblock_361aacd6"
                   TAGREFS="BT225">
          <Shape><Polygon POINTS="799 1550 799 1608 947 1608 947 1550"/></Shape>
          
          
          <TextLine ID="eSc_line_4427272a"
                    
                    BASELINE="814 1583 960 1596" 
                    HPOS="811"
                    VPOS="1553"
                    WIDTH="151"
                    HEIGHT="72">
            <Shape><Polygon POINTS="816 1553 962 1566 957 1625 811 1612"/></Shape>
	    <String CONTENT=""
                    HPOS="811"
                    VPOS="1553"
                    WIDTH="151"
                    HEIGHT="72"></String>
          </TextLine>

          
        </TextBlock>
        

        
      </PrintSpace>
    </Page>
  </Layout>
</alto>
