<?xml version="1.0" encoding="UTF-8"?>
<alto xmlns:xsi="http://www.w3.org/2001/XMLSchema-instance"
      xmlns="http://www.loc.gov/standards/alto/ns-v4#"
      xsi:schemaLocation="http://www.loc.gov/standards/alto/ns-v4# http://www.loc.gov/standards/alto/v4/alto-4-2.xsd">
  <Description>
    <MeasurementUnit>pixel</MeasurementUnit>
    <sourceImageInformation>
      <fileName>add_ms_16406_f148r.jpg</fileName>
      
    </sourceImageInformation>
  </Description>
  
  <Tags>
    <OtherTag ID="BT1" LABEL="Title" DESCRIPTION="block type Title"/><OtherTag ID="BT2" LABEL="Main" DESCRIPTION="block type Main"/><OtherTag ID="BT3" LABEL="Commentary" DESCRIPTION="block type Commentary"/><OtherTag ID="BT4" LABEL="Illustration" DESCRIPTION="block type Illustration"/><OtherTag ID="BT224" LABEL="Hole" DESCRIPTION="block type Hole"/><OtherTag ID="BT225" LABEL="Margin" DESCRIPTION="block type Margin"/><OtherTag ID="BT226" LABEL="Paratext" DESCRIPTION="block type Paratext"/>
    <OtherTag ID="LT2" LABEL="Numbering" DESCRIPTION="line type Numbering"/><OtherTag ID="LT3" LABEL="Correction" DESCRIPTION="line type Correction"/><OtherTag ID="LT329" LABEL="Gloss" DESCRIPTION="line type Gloss"/>
  </Tags>
  
  <Layout>
    <Page WIDTH="4588"
          HEIGHT="6400"
          PHYSICAL_IMG_NR="295"
          ID="eSc_dummypage_">
      <PrintSpace HPOS="0"
                  VPOS="0"
                  WIDTH="4588"
                  HEIGHT="6400">
        
        <TextBlock HPOS="2567.0"
                   VPOS="608.0"
                   WIDTH="1537.0"
                   HEIGHT="4579.0"
                   ID="eSc_textblock_6e26bc25"
                   TAGREFS="BT2">
          <Shape><Polygon POINTS="4104 654 4061 608 2599 608 2567 5173 4090 5187"/></Shape>
          
          
          <TextLine ID="eSc_line_e2b6d87c"
                    
                    BASELINE="2630 720 3024 704 3184 725 3424 736 3489 730 3649 752 3755 752 4169 812" 
                    HPOS="2624.0"
                    VPOS="613.0"
                    WIDTH="1542.0"
                    HEIGHT="245.0">
            <Shape><Polygon POINTS="2624 720 2635 640 2747 650 2838 613 2976 634 3040 613 3163 677 3328 629 3457 640 3515 698 3595 704 3745 656 3867 704 3931 666 4081 730 4155 736 4166 810 4155 832 3995 858 3905 832 3793 842 3777 821 3702 837 3649 800 3457 810 3430 789 3158 789 3120 768 3019 768 2971 794 2710 778 2630 746"/></Shape>
	    <String CONTENT="[כפול] כפול כן זה כפול תלמוד לומר זהב"
                    HPOS="2624.0"
                    VPOS="613.0"
                    WIDTH="1542.0"
                    HEIGHT="245.0"></String>
          </TextLine>

          
          
          <TextLine ID="eSc_line_7cc6a119"
                    
                    BASELINE="2608 869 2816 858 3062 858 3248 869 3302 885 3595 880 3851 906 4164 930" 
                    HPOS="2603.0"
                    VPOS="768.0"
                    WIDTH="1558.0"
                    HEIGHT="229.0">
            <Shape><Polygon POINTS="2603 864 2678 789 2715 821 2790 784 2859 810 2998 805 3078 848 3238 853 3355 768 3430 832 3526 800 3622 832 3659 800 3723 848 4006 869 4059 853 4161 928 4129 928 4070 986 3974 965 3921 997 3798 960 3734 976 3654 938 3611 954 3563 922 3446 970 3382 938 3334 949 3222 864 3136 858 3099 864 3030 933 2971 906 2923 954 2854 922 2827 949 2747 960 2704 928 2656 960 2608 917"/></Shape>
	    <String CONTENT="לזהב שוה ולא לכפילו ˙ ואם מנחה"
                    HPOS="2603.0"
                    VPOS="768.0"
                    WIDTH="1558.0"
                    HEIGHT="229.0"></String>
          </TextLine>

          
          
          <TextLine ID="eSc_line_77cd7ef2"
                    
                    BASELINE="2656 1008 3302 1008 3606 1034 3809 1029 3969 1050 4174 1084" 
                    HPOS="2651.0"
                    VPOS="906.0"
                    WIDTH="1520.0"
                    HEIGHT="235.0">
            <Shape><Polygon POINTS="2651 1008 2662 970 2928 954 2976 906 3040 960 3232 954 3296 928 3424 970 3526 960 3569 922 3617 970 3953 997 3985 965 4171 1082 4113 1077 4054 1136 3995 1141 3963 1109 3851 1125 3809 1082 3766 1109 3633 1104 3505 1093 3451 1061 3408 1093 3280 1072 3099 1093 2992 1082 2955 1056 2880 1093 2838 1077 2736 1098 2656 1040"/></Shape>
	    <String CONTENT="על המחבת מלמד שטעונין כלי קרבנך"
                    HPOS="2651.0"
                    VPOS="906.0"
                    WIDTH="1520.0"
                    HEIGHT="235.0"></String>
          </TextLine>

          
          
          <TextLine ID="eSc_line_f778b01b"
                    
                    BASELINE="2614 1125 2742 1141 3355 1136 3505 1162 3745 1157 3862 1173 4068 1218 4121 1212 4190 1223" 
                    HPOS="2608.0"
                    VPOS="1061.0"
                    WIDTH="1579.0"
                    HEIGHT="219.0">
            <Shape><Polygon POINTS="2608 1120 2635 1061 2715 1098 2918 1077 3408 1098 3435 1072 3526 1104 3761 1114 3809 1082 3862 1125 4075 1146 4134 1205 4187 1221 4123 1216 4033 1280 4011 1258 3745 1248 3713 1221 3595 1205 3574 1226 3494 1205 3360 1216 3328 1184 3286 1210 3259 1189 3227 1221 3184 1200 3003 1216 2971 1194 2864 1221 2768 1178 2704 1216 2614 1157"/></Shape>
	    <String CONTENT="קרבנך לגזירה שוה מה קרבן האמור [כא&#39;]"
                    HPOS="2608.0"
                    VPOS="1061.0"
                    WIDTH="1579.0"
                    HEIGHT="219.0"></String>
          </TextLine>

          
          
          <TextLine ID="eSc_line_9729348a"
                    
                    BASELINE="2640 1264 3318 1264 3478 1290 3649 1290 3707 1280 3867 1312 4190 1335" 
                    HPOS="2635.0"
                    VPOS="1184.0"
                    WIDTH="1552.0"
                    HEIGHT="218.0">
            <Shape><Polygon POINTS="2635 1264 2646 1200 2704 1221 3120 1226 3222 1216 3259 1184 3286 1216 3328 1189 3360 1221 3958 1258 4075 1280 4118 1322 4187 1333 4118 1333 4022 1402 3926 1392 3894 1365 3793 1392 3734 1354 3713 1370 3675 1333 3617 1360 3515 1360 3462 1338 3360 1349 3323 1322 3115 1349 2907 1328 2875 1354 2784 1306 2704 1333 2640 1285"/></Shape>
	    <String CONTENT="כאן טעון יציקה ובלילה אף קרבנך [ה&#39;]"
                    HPOS="2635.0"
                    VPOS="1184.0"
                    WIDTH="1552.0"
                    HEIGHT="218.0"></String>
          </TextLine>

          
          
          <TextLine ID="eSc_line_f9e26161"
                    
                    BASELINE="2598 1392 3248 1392 3419 1418 3601 1413 3846 1440 4094 1468 4158 1479" 
                    HPOS="2592.0"
                    VPOS="1317.0"
                    WIDTH="1563.0"
                    HEIGHT="213.0">
            <Shape><Polygon POINTS="2592 1392 2678 1317 2768 1360 2886 1354 2912 1328 2966 1354 3350 1338 4038 1402 4155 1477 4113 1472 4054 1530 3873 1514 3793 1477 3771 1498 3617 1493 3558 1461 3376 1493 3291 1445 3248 1472 3174 1456 3142 1488 3046 1461 2928 1477 2880 1445 2704 1477 2598 1392"/></Shape>
	    <String CONTENT="האמור למטה טעון יציקה ובלילה [ומ&#39;]"
                    HPOS="2592.0"
                    VPOS="1317.0"
                    WIDTH="1563.0"
                    HEIGHT="213.0"></String>
          </TextLine>

          
          
          <TextLine ID="eSc_line_7f346569"
                    
                    BASELINE="2587 1530 2726 1514 2779 1530 3179 1536 3243 1546 3665 1546 3819 1562 4137 1602" 
                    HPOS="2582.0"
                    VPOS="1450.0"
                    WIDTH="1552.0"
                    HEIGHT="203.0">
            <Shape><Polygon POINTS="2582 1525 2656 1461 2699 1482 2843 1477 2880 1450 2934 1482 3206 1482 3259 1461 3360 1488 3670 1488 4054 1525 4134 1600 4054 1653 3969 1648 3937 1621 3883 1648 3835 1626 3734 1632 3675 1589 3649 1616 3478 1605 3446 1568 3387 1605 3264 1568 3227 1600 3147 1600 3104 1562 3040 1610 2832 1589 2806 1616 2763 1594 2662 1616 2587 1541"/></Shape>
	    <String CONTENT="ומה קרבנך האמור למטה טעון שמן [בכ&#39;]"
                    HPOS="2582.0"
                    VPOS="1450.0"
                    WIDTH="1552.0"
                    HEIGHT="203.0"></String>
          </TextLine>

          
          
          <TextLine ID="eSc_line_4991a4a6"
                    
                    BASELINE="2608 1658 2731 1648 3131 1648 3355 1674 3595 1669 4105 1730" 
                    HPOS="2603.0"
                    VPOS="1568.0"
                    WIDTH="1499.0"
                    HEIGHT="213.0">
            <Shape><Polygon POINTS="2603 1653 2715 1600 2998 1616 3056 1610 3115 1568 3158 1610 3275 1573 3296 1600 3339 1589 3376 1610 3643 1621 3691 1594 3718 1632 3825 1626 3873 1653 3937 1621 3958 1653 4038 1658 4102 1728 4033 1781 3947 1776 3899 1722 3841 1770 3809 1738 3718 1749 3670 1712 3617 1754 3526 1701 3457 1738 3211 1733 3184 1712 2752 1733 2640 1653"/></Shape>
	    <String CONTENT="בכלי קודם לעשייתן סלת בלולה מלמד"
                    HPOS="2603.0"
                    VPOS="1568.0"
                    WIDTH="1499.0"
                    HEIGHT="213.0"></String>
          </TextLine>

          
          
          <TextLine ID="eSc_line_361d86b3"
                    
                    BASELINE="2630 1781 3254 1776 3446 1802 3686 1797 4148 1863" 
                    HPOS="2624.0"
                    VPOS="1701.0"
                    WIDTH="1521.0"
                    HEIGHT="203.0">
            <Shape><Polygon POINTS="2624 1776 2651 1722 3104 1733 3184 1712 3206 1733 3398 1728 3424 1749 3521 1701 3611 1749 3665 1717 3755 1760 3809 1733 3846 1776 3899 1722 3958 1781 4027 1776 4091 1850 4145 1861 4081 1856 3979 1904 3958 1882 3830 1882 3793 1850 3761 1872 3617 1872 3521 1834 3451 1861 3094 1834 3024 1861 2891 1840 2795 1866 2731 1824 2694 1856 2630 1824"/></Shape>
	    <String CONTENT="שבלולה סלת ור&#39; אומר חלות שנאמר [ח&#39;]"
                    HPOS="2624.0"
                    VPOS="1701.0"
                    WIDTH="1521.0"
                    HEIGHT="203.0"></String>
          </TextLine>

          
          
          <TextLine ID="eSc_line_02e97e06"
                    
                    BASELINE="2608 1909 3062 1904 3376 1925 3745 1925 4100 1980" 
                    HPOS="2603.0"
                    VPOS="1834.0"
                    WIDTH="1494.0"
                    HEIGHT="187.0">
            <Shape><Polygon POINTS="2603 1904 2656 1845 2715 1872 2864 1866 2896 1834 2944 1866 3062 1861 3094 1834 3147 1861 3521 1850 3681 1872 3723 1850 3755 1877 3787 1856 3873 1893 4038 1898 4097 1978 4033 2021 3750 1989 3537 1994 3515 1973 3424 2000 3387 1973 3174 1978 3147 1957 3104 1978 2955 1989 2896 1968 2715 1994 2608 1925"/></Shape>
	    <String CONTENT="חלות בלולות בשמן אמרו לו והלא [בתור&#39;]"
                    HPOS="2603.0"
                    VPOS="1834.0"
                    WIDTH="1494.0"
                    HEIGHT="187.0"></String>
          </TextLine>

          
          
          <TextLine ID="eSc_line_0d1c131b"
                    
                    BASELINE="2598 2021 2720 2037 3451 2037 3563 2053 3953 2053 4105 2098" 
                    HPOS="2592.0"
                    VPOS="1952.0"
                    WIDTH="1510.0"
                    HEIGHT="197.0">
            <Shape><Polygon POINTS="2592 2016 2667 1984 3184 1984 3222 1952 3254 1984 3307 1962 3419 2000 3499 1978 4017 2016 4102 2096 4027 2149 4006 2128 3947 2138 3910 2106 3862 2106 3830 2138 3611 2090 3579 2117 3270 2090 3126 2117 3008 2106 2976 2074 2806 2122 2726 2112 2608 2021"/></Shape>
	    <String CONTENT="בתורה נאמרו חלות בלולות ואי איפשר"
                    HPOS="2592.0"
                    VPOS="1952.0"
                    WIDTH="1510.0"
                    HEIGHT="197.0"></String>
          </TextLine>

          
          
          <TextLine ID="eSc_line_812961a8"
                    
                    BASELINE="2619 2160 3184 2160 3238 2170 3435 2181 4148 2220" 
                    HPOS="2614.0"
                    VPOS="2064.0"
                    WIDTH="1531.0"
                    HEIGHT="208.0">
            <Shape><Polygon POINTS="2614 2160 2624 2090 2672 2064 2726 2112 2806 2122 3291 2106 3627 2128 3707 2096 3755 2133 3862 2138 3905 2106 3963 2144 4017 2128 4097 2208 4145 2218 4091 2218 4038 2272 4006 2272 3921 2229 3857 2261 3750 2261 3670 2218 3595 2256 3494 2240 3462 2208 3403 2240 3243 2229 3195 2256 3062 2234 2736 2245 2619 2197"/></Shape>
	    <String CONTENT="לבוללן אלא כיצד הוא עושה נותן [ובול&#39;]"
                    HPOS="2614.0"
                    VPOS="2064.0"
                    WIDTH="1531.0"
                    HEIGHT="208.0"></String>
          </TextLine>

          
          
          <TextLine ID="eSc_line_8c80e117"
                    
                    BASELINE="2651 2277 2736 2293 3216 2293 3344 2282 3499 2314 4142 2338" 
                    HPOS="2646.0"
                    VPOS="2202.0"
                    WIDTH="1493.0"
                    HEIGHT="203.0">
            <Shape><Polygon POINTS="2646 2272 2720 2234 3382 2245 3462 2202 3505 2250 3643 2256 3681 2224 3718 2261 3809 2266 3857 2266 3915 2224 3974 2277 4054 2282 4139 2336 4001 2405 3953 2378 3873 2400 3830 2362 3787 2384 3723 2362 3499 2373 3473 2346 3376 2378 3216 2384 3136 2357 2992 2378 2774 2346 2715 2368 2651 2330"/></Shape>
	    <String CONTENT="ובוללן ˙ סולת בכלי בשמן ועושה אותה"
                    HPOS="2646.0"
                    VPOS="2202.0"
                    WIDTH="1493.0"
                    HEIGHT="203.0"></String>
          </TextLine>

          
          
          <TextLine ID="eSc_line_37a8017e"
                    
                    BASELINE="2571 2421 3024 2416 3489 2442 3809 2442 4228 2485" 
                    HPOS="2566.0"
                    VPOS="2352.0"
                    WIDTH="1659.0"
                    HEIGHT="176.0">
            <Shape><Polygon POINTS="2566 2416 2651 2368 3238 2384 3462 2352 3627 2384 3723 2368 3761 2389 4054 2400 4134 2469 4225 2480 4107 2469 4049 2522 3995 2528 3953 2485 3910 2517 3766 2490 3665 2517 3558 2512 3510 2485 3462 2506 3387 2474 3350 2506 3200 2506 3152 2474 3126 2496 2987 2496 2950 2458 2891 2512 2763 2506 2747 2485 2646 2501 2571 2421"/></Shape>
	    <String CONTENT="פותתה ויצק עליה ר&#39; אומר נותן שמן [בכ&#39;]"
                    HPOS="2566.0"
                    VPOS="2352.0"
                    WIDTH="1659.0"
                    HEIGHT="176.0"></String>
          </TextLine>

          
          
          <TextLine ID="eSc_line_3ca2e1dc"
                    
                    BASELINE="2635 2544 2955 2544 3574 2570 4145 2585" 
                    HPOS="2630.0"
                    VPOS="2458.0"
                    WIDTH="1509.0"
                    HEIGHT="198.0">
            <Shape><Polygon POINTS="2630 2544 2651 2501 2891 2506 2950 2458 3024 2506 3910 2522 3953 2490 4001 2533 4059 2522 4139 2581 4033 2656 3969 2650 3942 2618 3798 2650 3558 2613 3376 2640 3323 2618 3067 2634 3019 2602 2982 2624 2896 2597 2864 2629 2678 2640 2635 2602"/></Shape>
	    <String CONTENT="בכלי ועושה אותה פותתה ובוללה בשמן"
                    HPOS="2630.0"
                    VPOS="2458.0"
                    WIDTH="1509.0"
                    HEIGHT="198.0"></String>
          </TextLine>

          
          
          <TextLine ID="eSc_line_b1101377"
                    
                    BASELINE="2587 2661 2854 2677 3334 2672 3387 2682 3574 2688 3627 2704 3681 2693 4097 2718 4161 2729" 
                    HPOS="2582.0"
                    VPOS="2597.0"
                    WIDTH="1573.0"
                    HEIGHT="181.0">
            <Shape><Polygon POINTS="2582 2656 2635 2629 2848 2634 2896 2597 2976 2629 3569 2618 3729 2645 4059 2650 4155 2725 4118 2720 4043 2778 3985 2736 3915 2762 3803 2720 3723 2773 3665 2746 3606 2768 3547 2736 3430 2762 3184 2736 3131 2762 3051 2730 2976 2752 2902 2725 2838 2752 2800 2714 2720 2757 2646 2736 2587 2672"/></Shape>
	    <String CONTENT="וחוזר ויצק עליה שמן מצה יכול מצוה"
                    HPOS="2582.0"
                    VPOS="2597.0"
                    WIDTH="1573.0"
                    HEIGHT="181.0"></String>
          </TextLine>

          
          
          <TextLine ID="eSc_line_c5ff28fa"
                    
                    BASELINE="2587 2794 2656 2789 2902 2805 3515 2800 3782 2826 4145 2851" 
                    HPOS="2582.0"
                    VPOS="2709.0"
                    WIDTH="1557.0"
                    HEIGHT="192.0">
            <Shape><Polygon POINTS="2582 2789 2651 2736 2726 2762 2795 2709 2832 2746 3115 2762 3537 2746 3713 2768 3798 2725 3846 2773 3942 2768 3979 2741 4027 2778 4065 2773 4139 2848 4011 2901 3782 2885 3750 2853 3707 2880 3643 2858 3601 2885 3537 2848 3398 2890 3259 2890 3184 2858 3099 2890 2939 2885 2912 2864 2875 2885 2790 2842 2656 2896 2587 2826"/></Shape>
	    <String CONTENT="תלמוד לומר תהיה קבעה ˙ פתות יכול [לש&#39;]"
                    HPOS="2582.0"
                    VPOS="2709.0"
                    WIDTH="1557.0"
                    HEIGHT="192.0"></String>
          </TextLine>

          
          
          <TextLine ID="eSc_line_01e89e2d"
                    
                    BASELINE="2608 2912 2902 2933 3467 2928 3531 2938 3958 2944 4027 2954 4150 2963" 
                    HPOS="2603.0"
                    VPOS="2848.0"
                    WIDTH="1542.0"
                    HEIGHT="176.0">
            <Shape><Polygon POINTS="2603 2912 2667 2906 2710 2869 3403 2896 3430 2874 3499 2880 3537 2848 3579 2890 3702 2890 3745 2858 3915 2901 3995 2901 4043 2874 4145 2960 4054 3018 3995 3024 3627 3013 3595 2981 3467 3008 3414 2970 3366 3013 3227 3008 3184 2970 3126 3013 3008 3018 2848 2981 2811 3008 2699 2997 2624 2917"/></Shape>
	    <String CONTENT="לשנים תלמוד לומר פתים אי פתים יכול"
                    HPOS="2603.0"
                    VPOS="2848.0"
                    WIDTH="1542.0"
                    HEIGHT="176.0"></String>
          </TextLine>

          
          
          <TextLine ID="eSc_line_af0b4400"
                    
                    BASELINE="2544 3050 2816 3050 2886 3061 3473 3056 3931 3082 4093 3090 4157 3074" 
                    HPOS="2539.0"
                    VPOS="2970.0"
                    WIDTH="1616.0"
                    HEIGHT="187.0">
            <Shape><Polygon POINTS="2539 3045 2614 3002 2726 2992 3014 3018 3190 2992 3227 3013 3366 3013 3414 2970 3446 3002 3510 3013 4075 3018 4155 3072 4075 3152 3713 3146 3691 3125 3654 3146 3595 3125 3563 3157 3457 3136 3419 3098 3360 3141 3238 3120 3099 3136 3046 3098 2950 3136 2747 3120 2603 3141 2544 3077"/></Shape>
	    <String CONTENT="פרורות כפירורין תלמוד לומר אותה אותה"
                    HPOS="2539.0"
                    VPOS="2970.0"
                    WIDTH="1616.0"
                    HEIGHT="187.0"></String>
          </TextLine>

          
          
          <TextLine ID="eSc_line_bbca9618"
                    
                    BASELINE="2576 3173 2710 3189 3366 3184 3419 3194 3867 3200 4109 3224" 
                    HPOS="2571.0"
                    VPOS="3104.0"
                    WIDTH="1536.0"
                    HEIGHT="176.0">
            <Shape><Polygon POINTS="2571 3168 2608 3141 2736 3130 3376 3141 3424 3104 3462 3141 3531 3157 3595 3136 3841 3157 4033 3141 4097 3178 4107 3221 4059 3269 4001 3280 3798 3258 3617 3280 3590 3253 3563 3274 3451 3253 3392 3280 3195 3269 3142 3226 3088 3269 3040 3237 2987 3269 2950 3242 2896 3269 2843 3242 2630 3269 2576 3210"/></Shape>
	    <String CONTENT="לפתים ואין פתיה לפתים כיצד הוא עושה"
                    HPOS="2571.0"
                    VPOS="3104.0"
                    WIDTH="1536.0"
                    HEIGHT="176.0"></String>
          </TextLine>

          
          
          <TextLine ID="eSc_line_985f9300"
                    
                    BASELINE="2566 3306 2731 3306 2816 3322 2880 3312 3489 3312 3547 3322 3846 3328 4141 3325" 
                    HPOS="2560.0"
                    VPOS="3237.0"
                    WIDTH="1579.0"
                    HEIGHT="171.0">
            <Shape><Polygon POINTS="2560 3301 2646 3258 3094 3274 3136 3237 3174 3274 3387 3285 3558 3280 3590 3248 3617 3274 4059 3274 4139 3322 4054 3392 4011 3381 3985 3402 3766 3402 3718 3376 3659 3397 3595 3381 3553 3408 3499 3381 3435 3408 3403 3376 3328 3402 3280 3381 2923 3392 2811 3365 2694 3392 2571 3301"/></Shape>
	    <String CONTENT="מנחת ישראל כופל אותה לשנים ושנים"
                    HPOS="2560.0"
                    VPOS="3237.0"
                    WIDTH="1579.0"
                    HEIGHT="171.0"></String>
          </TextLine>

          
          
          <TextLine ID="eSc_line_ffe3ca38"
                    
                    BASELINE="2592 3434 2747 3434 2822 3445 3366 3440 3424 3450 4109 3464" 
                    HPOS="2587.0"
                    VPOS="3376.0"
                    WIDTH="1520.0"
                    HEIGHT="160.0">
            <Shape><Polygon POINTS="2587 3429 2646 3392 2790 3376 2848 3397 3446 3413 3499 3381 3531 3408 3979 3408 4033 3381 4107 3461 4049 3520 3851 3536 3750 3509 3606 3525 3579 3498 3489 3530 3142 3530 3035 3498 2982 3520 2672 3514 2592 3434"/></Shape>
	    <String CONTENT="לארבעה ומבדיל מנחת כהן משיח לא [ה&#39;]"
                    HPOS="2587.0"
                    VPOS="3376.0"
                    WIDTH="1520.0"
                    HEIGHT="160.0"></String>
          </TextLine>

          
          
          <TextLine ID="eSc_line_0d32dc99"
                    
                    BASELINE="2571 3562 2848 3562 3035 3573 4152 3581" 
                    HPOS="2566.0"
                    VPOS="3514.0"
                    WIDTH="1584.0"
                    HEIGHT="160.0">
            <Shape><Polygon POINTS="2566 3557 2646 3514 3675 3536 3755 3514 3803 3536 4059 3520 4150 3578 4113 3578 4033 3648 3937 3642 3825 3674 3665 3658 3627 3616 3579 3653 3350 3658 3318 3637 3179 3658 3115 3616 3078 3648 2784 3648 2726 3626 2656 3653 2571 3562"/></Shape>
	    <String CONTENT="היה מקפלה ר&#39; שמעון אומר מנחת כהנים"
                    HPOS="2566.0"
                    VPOS="3514.0"
                    WIDTH="1584.0"
                    HEIGHT="160.0"></String>
          </TextLine>

          
          
          <TextLine ID="eSc_line_35cff454"
                    
                    BASELINE="2608 3685 2875 3701 3190 3696 3312 3706 3563 3712 3958 3712 4027 3701 4147 3714" 
                    HPOS="2603.0"
                    VPOS="3632.0"
                    WIDTH="1542.0"
                    HEIGHT="176.0">
            <Shape><Polygon POINTS="2603 3680 2736 3632 2838 3653 3606 3653 3835 3674 4038 3648 4145 3712 4001 3786 3723 3797 3526 3770 3489 3808 3446 3765 3398 3802 3216 3760 3168 3786 3078 3786 3014 3776 2982 3744 2934 3776 2811 3776 2774 3754 2715 3792 2608 3685"/></Shape>
	    <String CONTENT="ומנחת כהן משיח אין בהן פתיתה וכולן"
                    HPOS="2603.0"
                    VPOS="3632.0"
                    WIDTH="1542.0"
                    HEIGHT="176.0"></String>
          </TextLine>

          
          
          <TextLine ID="eSc_line_1232c623"
                    
                    BASELINE="2736 3813 2816 3829 4136 3837" 
                    HPOS="2731.0"
                    VPOS="3749.0"
                    WIDTH="1403.0"
                    HEIGHT="165.0">
            <Shape><Polygon POINTS="2731 3808 2848 3765 2939 3781 2982 3749 3046 3786 3216 3765 3307 3818 3462 3824 3510 3824 3553 3786 4043 3776 4134 3834 4049 3914 3606 3914 3521 3834 3467 3829 3323 3829 3259 3893 3099 3909 3046 3856 2992 3904 2859 3898 2747 3813"/></Shape>
	    <String CONTENT="פתיתין כזיתין ˙ סימן זכרון ˙"
                    HPOS="2731.0"
                    VPOS="3749.0"
                    WIDTH="1403.0"
                    HEIGHT="165.0"></String>
          </TextLine>

          
          
          <TextLine ID="eSc_line_68a979be"
                    
                    BASELINE="2592 3936 3056 3946 3120 3957 3995 3946" 
                    HPOS="2587.0"
                    VPOS="3818.0"
                    WIDTH="1403.0"
                    HEIGHT="224.0">
            <Shape><Polygon POINTS="2587 3936 2758 3818 2854 3898 3003 3898 3046 3856 3099 3909 3430 3904 3478 3872 3601 3909 3937 3909 3990 3941 3974 4021 3931 4042 3819 4021 3761 4042 3713 4000 3457 4042 3291 4010 3238 4037 3030 4010 2960 4032 2923 4000 2859 4021 2763 3984 2720 4026 2651 4010 2592 3952"/></Shape>
	    <String CONTENT="פתות אותה פתים מנחה לרבות כל [המ&#39;]"
                    HPOS="2587.0"
                    VPOS="3818.0"
                    WIDTH="1403.0"
                    HEIGHT="224.0"></String>
          </TextLine>

          
          
          <TextLine ID="eSc_line_983d56ba"
                    
                    BASELINE="2630 4085 4132 4102" 
                    HPOS="2624.0"
                    VPOS="4000.0"
                    WIDTH="1505.0"
                    HEIGHT="176.0">
            <Shape><Polygon POINTS="2624 4080 2651 4032 2768 4037 2811 4000 2870 4032 3270 4042 3302 4016 3382 4042 3414 4026 3441 4053 3654 4037 3713 4000 3761 4048 4038 4032 4129 4101 4097 4101 4027 4160 3969 4144 3931 4176 3819 4154 3761 4176 3734 4149 3606 4170 3563 4128 3515 4176 3457 4176 3424 4149 3382 4170 3344 4128 3179 4165 2944 4165 2843 4133 2710 4160 2630 4106"/></Shape>
	    <String CONTENT="המנחות לפתיתה יכול אף שתי הלחם [ו&#39;]"
                    HPOS="2624.0"
                    VPOS="4000.0"
                    WIDTH="1505.0"
                    HEIGHT="176.0"></String>
          </TextLine>

          
          
          <TextLine ID="eSc_line_a574b08e"
                    
                    BASELINE="2592 4197 2896 4213 3259 4208 3334 4218 3590 4224 3883 4218 3953 4208 4148 4230" 
                    HPOS="2587.0"
                    VPOS="4128.0"
                    WIDTH="1558.0"
                    HEIGHT="176.0">
            <Shape><Polygon POINTS="2587 4192 2651 4133 2704 4160 2955 4176 3296 4170 3339 4128 3387 4176 3510 4176 3569 4133 3643 4181 4049 4160 4145 4229 4097 4229 4038 4288 3974 4293 3857 4288 3830 4266 3750 4304 3601 4293 3574 4266 3537 4298 3430 4298 3366 4266 3243 4293 3184 4250 3126 4293 2870 4293 2784 4282 2758 4256 2672 4261 2592 4197"/></Shape>
	    <String CONTENT="ולחם הפנים תלמוד לומר אותה ומה [ראי&#39;]"
                    HPOS="2587.0"
                    VPOS="4128.0"
                    WIDTH="1558.0"
                    HEIGHT="176.0"></String>
          </TextLine>

          
          
          <TextLine ID="eSc_line_e41b2b7b"
                    
                    BASELINE="2614 4330 2752 4330 2870 4341 4126 4347" 
                    HPOS="2608.0"
                    VPOS="4256.0"
                    WIDTH="1515.0"
                    HEIGHT="181.0">
            <Shape><Polygon POINTS="2608 4325 2651 4282 3126 4298 3184 4256 3248 4298 3537 4304 3569 4272 3606 4304 3798 4304 3830 4272 3862 4293 4017 4282 4123 4346 4091 4346 4038 4400 3963 4389 3873 4426 3798 4389 3755 4432 3707 4405 3675 4437 3585 4410 3537 4432 3457 4410 3398 4426 3366 4394 3275 4421 3211 4394 3126 4416 3072 4394 3040 4426 2987 4432 2944 4405 2811 4421 2784 4394 2742 4416 2688 4368 2646 4410 2614 4378"/></Shape>
	    <String CONTENT="ראית לרבות כל המנחות ולהוציא שתי [ה&#39;]"
                    HPOS="2608.0"
                    VPOS="4256.0"
                    WIDTH="1515.0"
                    HEIGHT="181.0"></String>
          </TextLine>

          
          
          <TextLine ID="eSc_line_3b101a0f"
                    
                    BASELINE="2614 4469 2864 4464 3094 4480 3771 4480 3969 4464 4169 4491" 
                    HPOS="2608.0"
                    VPOS="4384.0"
                    WIDTH="1558.0"
                    HEIGHT="192.0">
            <Shape><Polygon POINTS="2608 4464 2614 4432 2688 4384 2758 4421 3147 4432 3200 4405 3243 4437 3366 4400 3398 4432 3659 4442 3745 4437 3798 4389 3873 4437 3974 4389 4118 4480 4150 4464 4166 4490 4097 4485 4017 4544 3825 4549 3739 4576 3686 4549 3478 4560 3408 4533 3312 4554 3264 4517 3179 4570 3115 4522 3067 4554 2656 4544 2614 4501"/></Shape>
	    <String CONTENT="הלחם ולחם הפנים אחר שריבה הכתוב"
                    HPOS="2608.0"
                    VPOS="4384.0"
                    WIDTH="1558.0"
                    HEIGHT="192.0"></String>
          </TextLine>

          
          
          <TextLine ID="eSc_line_6519ebb3"
                    
                    BASELINE="2651 4581 3088 4597 4121 4603" 
                    HPOS="2646.0"
                    VPOS="4538.0"
                    WIDTH="1472.0"
                    HEIGHT="155.0">
            <Shape><Polygon POINTS="2646 4576 2694 4538 3088 4554 3126 4592 3163 4592 3211 4549 3344 4560 3408 4538 3467 4565 3691 4549 3777 4597 3825 4554 4054 4538 4118 4602 4054 4666 3979 4645 3926 4682 3857 4677 3771 4602 3691 4677 3547 4693 3494 4656 3457 4688 3419 4656 3360 4688 3318 4645 3270 4688 3168 4597 3083 4677 2854 4661 2827 4634 2704 4661 2651 4640"/></Shape>
	    <String CONTENT="מיעט ˙ סימן ˙ זיכרון ˙ מה אילו [מ&#39;]"
                    HPOS="2646.0"
                    VPOS="4538.0"
                    WIDTH="1472.0"
                    HEIGHT="155.0"></String>
          </TextLine>

          
          
          <TextLine ID="eSc_line_23fda13f"
                    
                    BASELINE="2598 4704 2816 4714 2886 4725 4132 4731" 
                    HPOS="2592.0"
                    VPOS="4634.0"
                    WIDTH="1537.0"
                    HEIGHT="182.0">
            <Shape><Polygon POINTS="2592 4704 2619 4634 2662 4661 2832 4640 2859 4666 3003 4682 3104 4677 3152 4645 3270 4693 3318 4645 3360 4688 4065 4672 4129 4730 4043 4800 3985 4762 3931 4800 3809 4784 3723 4816 3654 4784 3601 4816 3398 4816 3360 4784 3136 4805 3104 4778 3035 4805 2987 4752 2912 4800 2790 4762 2651 4789 2598 4736"/></Shape>
	    <String CONTENT="מיוחדת שיש מהן לאישים יצאו שתי"
                    HPOS="2592.0"
                    VPOS="4634.0"
                    WIDTH="1537.0"
                    HEIGHT="182.0"></String>
          </TextLine>

          
          
          <TextLine ID="eSc_line_ee180d68"
                    
                    BASELINE="2614 4832 2800 4842 2864 4853 3857 4853 4185 4854" 
                    HPOS="2608.0"
                    VPOS="4757.0"
                    WIDTH="1574.0"
                    HEIGHT="192.0">
            <Shape><Polygon POINTS="2608 4832 2667 4789 2779 4773 2928 4805 2976 4757 3040 4810 3195 4816 3334 4810 3355 4789 3392 4816 3697 4816 3814 4778 3942 4805 3990 4762 4027 4800 4182 4853 4134 4853 4065 4922 3990 4944 3867 4922 3505 4938 3451 4917 3430 4938 3334 4922 3243 4949 3206 4922 3062 4949 3019 4917 2907 4928 2875 4896 2827 4928 2784 4901 2731 4928 2614 4848"/></Shape>
	    <String CONTENT="הלחם ולחם הפנים שאין מהן לאישים ˙"
                    HPOS="2608.0"
                    VPOS="4757.0"
                    WIDTH="1574.0"
                    HEIGHT="192.0"></String>
          </TextLine>

          
          
          <TextLine ID="eSc_line_f8f03305"
                    
                    BASELINE="2646 4965 2896 4981 4084 4998" 
                    HPOS="2640.0"
                    VPOS="4890.0"
                    WIDTH="1441.0"
                    HEIGHT="187.0">
            <Shape><Polygon POINTS="2640 4960 2710 4912 2827 4933 2870 4890 2907 4928 3062 4949 3947 4933 3990 4976 4081 4997 3985 4997 3931 5050 3894 5029 3814 5066 3670 5066 3622 5024 3553 5066 3505 5034 3467 5061 3339 5077 3232 5034 3206 5061 3024 5061 2998 5029 2784 5050 2688 5034 2646 4992"/></Shape>
	    <String CONTENT="ויצקת עליה שמן מנחה היא לרבות"
                    HPOS="2640.0"
                    VPOS="4890.0"
                    WIDTH="1441.0"
                    HEIGHT="187.0"></String>
          </TextLine>

          
          
          <TextLine ID="eSc_line_11df3a7e"
                    
                    BASELINE="2630 5082 2827 5082 3040 5109 4169 5131" 
                    HPOS="2624.0"
                    VPOS="5013.0"
                    WIDTH="1542.0"
                    HEIGHT="197.0">
            <Shape><Polygon POINTS="2624 5077 2635 5013 2726 5056 3008 5077 3179 5082 3243 5034 3280 5077 3376 5088 3574 5082 3622 5040 3665 5040 3697 5077 3851 5077 3969 5045 4065 5050 4166 5130 4150 5184 4043 5205 3931 5184 3435 5210 2822 5194 2747 5146 2630 5146"/></Shape>
	    <String CONTENT="כל המנחות ליציקה יכול אף מנחה [מאפ&#39;]"
                    HPOS="2624.0"
                    VPOS="5013.0"
                    WIDTH="1542.0"
                    HEIGHT="197.0"></String>
          </TextLine>

          
        </TextBlock>
        
        <TextBlock HPOS="593.0"
                   VPOS="608.0"
                   WIDTH="1594.0"
                   HEIGHT="4565.0"
                   ID="eSc_textblock_a9d2f046"
                   TAGREFS="BT2">
          <Shape><Polygon POINTS="2158 625 654 608 608 1009 593 2318 608 5159 2187 5173"/></Shape>
          
          
          <TextLine ID="eSc_line_e8e40179"
                    
                    BASELINE="624 698 1139 743 1534 729 2198 774" 
                    HPOS="618.0"
                    VPOS="624.0"
                    WIDTH="1579.0"
                    HEIGHT="234.0">
            <Shape><Polygon POINTS="618 693 629 650 725 656 773 624 816 624 848 666 933 672 1114 650 1152 672 1232 629 1301 629 1323 656 1749 656 1792 709 2048 725 2080 704 2187 741 2197 773 2176 858 2107 858 2000 810 1963 826 1547 784 1098 800 1013 794 997 773 693 773 624 730"/></Shape>
	    <String CONTENT="מאפה תנור תלמוד לומר עליה אוציא את"
                    HPOS="618.0"
                    VPOS="624.0"
                    WIDTH="1579.0"
                    HEIGHT="234.0"></String>
          </TextLine>

          
          
          <TextLine ID="eSc_line_ac2e1871"
                    
                    BASELINE="688 853 837 864 1082 853 1179 874 1365 874 1499 885 2000 880 2192 907" 
                    HPOS="682.0"
                    VPOS="778.0"
                    WIDTH="1505.0"
                    HEIGHT="203.0">
            <Shape><Polygon POINTS="682 848 736 778 778 778 810 810 938 789 1029 826 1211 794 1243 832 1296 832 1328 800 1419 826 1520 778 1680 816 1819 800 1888 853 1973 826 2101 848 2187 906 2117 949 1979 954 1952 981 1840 938 1803 965 1680 965 1643 933 1600 965 1541 938 1323 954 1264 933 1221 965 1173 933 1141 965 1072 970 1034 938 906 949 810 912 746 928 688 869"/></Shape>
	    <String CONTENT="החלות ולא אוציא את הרקיקין תלמוד [לו&#39;]"
                    HPOS="682.0"
                    VPOS="778.0"
                    WIDTH="1505.0"
                    HEIGHT="203.0"></String>
          </TextLine>

          
          
          <TextLine ID="eSc_line_6085baa2"
                    
                    BASELINE="688 1018 938 1008 1552 1013 1680 1002 1776 1024 1963 1034 2208 1041" 
                    HPOS="682.0"
                    VPOS="933.0"
                    WIDTH="1521.0"
                    HEIGHT="181.0">
            <Shape><Polygon POINTS="682 1013 746 954 1098 970 1232 960 1264 933 1387 965 1515 949 1749 976 2043 981 2101 949 2203 1040 2165 1040 2091 1114 2005 1109 1952 1066 1893 1104 1851 1061 1813 1098 1744 1061 1653 1098 1291 1056 1050 1098 997 1066 885 1104 842 1061 810 1088 720 1088 688 1056"/></Shape>
	    <String CONTENT="לומר היא ואם מנחת מרחשת קרבנך מה"
                    HPOS="682.0"
                    VPOS="933.0"
                    WIDTH="1521.0"
                    HEIGHT="181.0"></String>
          </TextLine>

          
          
          <TextLine ID="eSc_line_71c2aed7"
                    
                    BASELINE="698 1136 1477 1136 1712 1162 2187 1169" 
                    HPOS="693.0"
                    VPOS="1061.0"
                    WIDTH="1488.0"
                    HEIGHT="181.0">
            <Shape><Polygon POINTS="693 1136 741 1072 890 1104 1312 1093 1387 1061 1440 1104 1520 1082 1691 1093 1739 1061 1787 1109 2091 1114 2181 1168 2107 1242 1936 1242 1893 1200 1856 1226 1749 1205 1685 1226 1648 1189 1520 1210 1488 1178 1440 1221 1216 1200 1088 1221 1045 1184 997 1226 960 1205 848 1226 794 1221 698 1162"/></Shape>
	    <String CONTENT="בין מחבת למרחשת למרחשת יש לה [כיס&#39;]"
                    HPOS="693.0"
                    VPOS="1061.0"
                    WIDTH="1488.0"
                    HEIGHT="181.0"></String>
          </TextLine>

          
          
          <TextLine ID="eSc_line_a135d570"
                    
                    BASELINE="666 1253 746 1269 1600 1264 1867 1290 2235 1297" 
                    HPOS="661.0"
                    VPOS="1184.0"
                    WIDTH="1568.0"
                    HEIGHT="181.0">
            <Shape><Polygon POINTS="661 1248 730 1189 800 1221 1008 1226 1045 1194 1082 1221 1451 1221 1493 1184 1531 1221 1856 1232 1893 1200 1936 1242 2123 1242 2229 1296 2187 1296 2117 1365 1963 1322 1755 1354 1643 1333 1584 1354 1483 1322 1392 1349 1355 1312 1312 1333 1269 1306 1195 1306 1152 1349 1098 1312 901 1344 869 1312 752 1338 666 1253"/></Shape>
	    <String CONTENT="כיסוי למחבת אין לה כיסוי דברי ר&#39; יוסי [הגל&#39;]"
                    HPOS="661.0"
                    VPOS="1184.0"
                    WIDTH="1568.0"
                    HEIGHT="181.0"></String>
          </TextLine>

          
          
          <TextLine ID="eSc_line_2c00be87"
                    
                    BASELINE="661 1381 928 1397 1307 1392 1499 1408 1579 1424 1648 1413 2214 1435" 
                    HPOS="656.0"
                    VPOS="1306.0"
                    WIDTH="1557.0"
                    HEIGHT="192.0">
            <Shape><Polygon POINTS="656 1376 693 1338 869 1322 960 1354 1120 1360 1200 1306 1275 1317 1307 1349 1355 1306 1392 1349 1525 1360 1835 1360 1957 1322 2091 1376 2144 1370 2213 1434 2117 1498 1925 1456 1883 1482 1851 1456 1829 1477 1685 1488 1648 1466 1435 1482 1381 1440 1328 1440 1269 1477 1205 1456 1173 1477 1024 1477 970 1440 944 1466 762 1450 682 1482 661 1461"/></Shape>
	    <String CONTENT="הגלילי ר&#39; חנינא בן גמליאל אומר מרחשת"
                    HPOS="656.0"
                    VPOS="1306.0"
                    WIDTH="1557.0"
                    HEIGHT="192.0"></String>
          </TextLine>

          
          
          <TextLine ID="eSc_line_907f25ec"
                    
                    BASELINE="656 1509 778 1525 1371 1520 1424 1530 1621 1536 1685 1552 1739 1541 2219 1563" 
                    HPOS="650.0"
                    VPOS="1445.0"
                    WIDTH="1563.0"
                    HEIGHT="181.0">
            <Shape><Polygon POINTS="650 1504 682 1504 736 1450 826 1477 1227 1488 1392 1445 1424 1482 1504 1493 1605 1472 1872 1504 1936 1461 1968 1493 2005 1472 2048 1504 2128 1488 2213 1562 2171 1562 2101 1626 1989 1600 1947 1621 1744 1594 1664 1616 1600 1584 1504 1594 1477 1568 1435 1605 1371 1589 1253 1610 1221 1584 1168 1605 869 1605 821 1573 741 1589 656 1514"/></Shape>
	    <String CONTENT="עמוקה ומעשיה [רוחשין] ← מחבת צפה [ומ&#39;]"
                    HPOS="650.0"
                    VPOS="1445.0"
                    WIDTH="1563.0"
                    HEIGHT="181.0"></String>
          </TextLine>

          
          
          <TextLine ID="eSc_line_c4f0128c"
                    
                    BASELINE="693 1642 901 1642 960 1658 1013 1648 1435 1648 1739 1664 1792 1674 2208 1681" 
                    HPOS="688.0"
                    VPOS="1568.0"
                    WIDTH="1515.0"
                    HEIGHT="186.0">
            <Shape><Polygon POINTS="688 1637 704 1600 800 1573 922 1610 1280 1610 1435 1605 1472 1568 1515 1610 2133 1621 2203 1680 2128 1744 2069 1754 1637 1738 1589 1690 1541 1733 1445 1738 1323 1706 1195 1733 1173 1706 944 1728 832 1701 768 1728 693 1674"/></Shape>
	    <String CONTENT="ומעשיה קשין ˙ סלת בשמן תעשה מלמד"
                    HPOS="688.0"
                    VPOS="1568.0"
                    WIDTH="1515.0"
                    HEIGHT="186.0"></String>
          </TextLine>

          
          
          <TextLine ID="eSc_line_88683276"
                    
                    BASELINE="693 1770 1045 1770 1168 1781 1568 1776 1819 1792 1877 1808 1931 1797 1984 1802 2240 1803" 
                    HPOS="688.0"
                    VPOS="1712.0"
                    WIDTH="1547.0"
                    HEIGHT="165.0">
            <Shape><Polygon POINTS="688 1765 693 1738 757 1722 1221 1733 1285 1712 1307 1733 2123 1744 2235 1802 2176 1802 2112 1866 2053 1877 1995 1840 1936 1877 1669 1866 1643 1840 1611 1861 1344 1856 1312 1824 1248 1861 1163 1829 917 1850 880 1813 741 1845 693 1813"/></Shape>
	    <String CONTENT="שטעונה מתן שמן בכלי קודם לעשייתה ˙"
                    HPOS="688.0"
                    VPOS="1712.0"
                    WIDTH="1547.0"
                    HEIGHT="165.0"></String>
          </TextLine>

          
          
          <TextLine ID="eSc_line_7096e719"
                    
                    BASELINE="634 1872 704 1888 954 1882 1419 1909 1867 1904 2053 1920 2192 1926" 
                    HPOS="629.0"
                    VPOS="1824.0"
                    WIDTH="1558.0"
                    HEIGHT="176.0">
            <Shape><Polygon POINTS="629 1872 656 1877 698 1834 842 1845 874 1824 997 1856 1189 1840 1248 1861 1312 1824 1445 1866 1531 1850 1957 1872 2000 1840 2037 1877 2128 1866 2187 1925 2117 1994 2080 2000 1984 1978 1947 1941 1883 2000 1845 1968 1813 1989 1739 1952 1648 1984 1515 1989 1387 1968 1360 1941 1285 1973 1082 1936 949 1973 778 1962 741 1925 704 1946 634 1877"/></Shape>
	    <String CONTENT="אילו אומר והבאת את אשר יעשה [מא&#39;]"
                    HPOS="629.0"
                    VPOS="1824.0"
                    WIDTH="1558.0"
                    HEIGHT="176.0"></String>
          </TextLine>

          
          
          <TextLine ID="eSc_line_5e41d4ff"
                    
                    BASELINE="624 2021 704 2010 885 2010 1029 2026 1248 2026 1301 2037 1808 2032 2198 2065" 
                    HPOS="618.0"
                    VPOS="1941.0"
                    WIDTH="1579.0"
                    HEIGHT="187.0">
            <Shape><Polygon POINTS="618 2016 677 1962 1109 1984 1157 1946 1189 1978 1317 1984 1360 1941 1397 1978 1509 1994 1616 1973 1701 2005 1787 1962 1893 2000 1952 1941 2000 1994 2112 1994 2197 2064 2165 2064 2091 2128 2032 2106 1893 2117 1749 2074 1707 2074 1664 2117 1627 2096 1589 2112 1541 2074 1472 2112 1397 2106 1360 2074 1301 2117 1120 2074 1066 2112 917 2112 842 2085 725 2096 698 2122 624 2053"/></Shape>
	    <String CONTENT="מאלה לייי ˙ וגו&#39; ˙ יכול אין לי טעון הגשה"
                    HPOS="618.0"
                    VPOS="1941.0"
                    WIDTH="1579.0"
                    HEIGHT="187.0"></String>
          </TextLine>

          
          
          <TextLine ID="eSc_line_ac4b2243"
                    
                    BASELINE="645 2149 778 2138 976 2138 1093 2154 1355 2154 1541 2165 2037 2160 2240 2187" 
                    HPOS="640.0"
                    VPOS="2085.0"
                    WIDTH="1595.0"
                    HEIGHT="165.0">
            <Shape><Polygon POINTS="640 2144 698 2133 736 2096 826 2106 853 2085 1056 2117 1232 2090 1291 2117 1627 2096 1664 2122 1989 2122 2027 2096 2059 2128 2133 2117 2235 2186 2181 2181 2117 2245 2069 2245 2043 2218 1957 2250 1883 2250 1840 2218 1760 2250 1643 2245 1563 2234 1531 2202 1488 2234 1360 2245 1291 2202 1141 2234 1104 2197 1066 2234 992 2234 837 2186 752 2224 666 2144"/></Shape>
	    <String CONTENT="אלא קומץ בלבד מניין לרבות מנחה [תל&#39;]"
                    HPOS="640.0"
                    VPOS="2085.0"
                    WIDTH="1595.0"
                    HEIGHT="165.0"></String>
          </TextLine>

          
          
          <TextLine ID="eSc_line_139b807b"
                    
                    BASELINE="645 2277 976 2266 1173 2282 1355 2282 1408 2293 2219 2299" 
                    HPOS="640.0"
                    VPOS="2192.0"
                    WIDTH="1573.0"
                    HEIGHT="186.0">
            <Shape><Polygon POINTS="640 2272 730 2224 794 2224 826 2192 912 2234 1066 2229 1104 2192 1147 2234 1355 2245 1771 2250 1835 2224 1904 2256 2000 2245 2037 2213 2075 2250 2139 2250 2213 2298 2123 2378 1957 2352 1931 2368 1893 2341 1835 2373 1771 2373 1728 2330 1712 2346 1680 2325 1589 2368 1541 2330 1504 2362 1392 2362 1365 2341 1328 2368 1291 2346 1205 2368 1072 2330 1045 2357 917 2368 869 2362 832 2325 752 2325 714 2352 645 2277"/></Shape>
	    <String CONTENT="תלמוד לומר המנחה מניין לרבות כל [המ&#39;]"
                    HPOS="640.0"
                    VPOS="2192.0"
                    WIDTH="1573.0"
                    HEIGHT="186.0"></String>
          </TextLine>

          
          
          <TextLine ID="eSc_line_aed174ac"
                    
                    BASELINE="693 2400 762 2394 965 2410 1200 2410 1323 2421 2219 2427" 
                    HPOS="688.0"
                    VPOS="2325.0"
                    WIDTH="1525.0"
                    HEIGHT="181.0">
            <Shape><Polygon POINTS="688 2400 693 2357 746 2325 837 2362 1173 2373 1349 2352 1509 2368 1541 2336 1579 2373 1627 2373 1675 2330 1707 2346 1728 2325 1771 2368 2139 2378 2213 2426 2128 2501 2048 2506 1685 2496 1595 2458 1483 2490 1403 2448 1269 2490 954 2480 933 2458 874 2485 768 2442 693 2448"/></Shape>
	    <String CONTENT="המנחות תלמוד לומר את המנחה יכול [א&#39;]"
                    HPOS="688.0"
                    VPOS="2325.0"
                    WIDTH="1525.0"
                    HEIGHT="181.0"></String>
          </TextLine>

          
          
          <TextLine ID="eSc_line_c411459e"
                    
                    BASELINE="645 2512 725 2528 1029 2522 1472 2549 2219 2555" 
                    HPOS="640.0"
                    VPOS="2453.0"
                    WIDTH="1573.0"
                    HEIGHT="181.0">
            <Shape><Polygon POINTS="640 2512 698 2458 757 2453 1050 2496 1280 2496 1376 2480 1403 2453 1456 2496 2123 2501 2213 2554 2176 2554 2107 2624 1995 2634 1888 2608 1824 2629 1707 2624 1680 2602 1621 2618 1595 2597 1493 2624 1435 2586 1360 2613 1104 2597 1034 2618 1013 2597 901 2608 880 2586 730 2613 645 2544"/></Shape>
	    <String CONTENT="אין טעונה הגשה אף מנחת חוטא [תש&#39;]"
                    HPOS="640.0"
                    VPOS="2453.0"
                    WIDTH="1573.0"
                    HEIGHT="181.0"></String>
          </TextLine>

          
          
          <TextLine ID="eSc_line_f8675a0f"
                    
                    BASELINE="650 2656 720 2650 1109 2666 1163 2661 1493 2677 2021 2672 2219 2699" 
                    HPOS="645.0"
                    VPOS="2597.0"
                    WIDTH="1568.0"
                    HEIGHT="160.0">
            <Shape><Polygon POINTS="645 2656 693 2613 1104 2624 1387 2602 1509 2629 1595 2597 1643 2629 2133 2629 2213 2698 2171 2698 2096 2757 1899 2757 1632 2730 1232 2741 1147 2698 1104 2741 912 2746 741 2730 650 2682"/></Shape>
	    <String CONTENT="תטעון הגשה לא אם אמרת במנחה [נד&#39;]"
                    HPOS="645.0"
                    VPOS="2597.0"
                    WIDTH="1568.0"
                    HEIGHT="160.0"></String>
          </TextLine>

          
          
          <TextLine ID="eSc_line_ee088ebe"
                    
                    BASELINE="624 2778 1120 2778 1173 2789 1488 2805 2219 2811" 
                    HPOS="618.0"
                    VPOS="2704.0"
                    WIDTH="1595.0"
                    HEIGHT="176.0">
            <Shape><Polygon POINTS="618 2773 677 2725 954 2752 1104 2741 1152 2704 1216 2746 2123 2752 2213 2810 2123 2874 1883 2880 1845 2837 1749 2869 1515 2874 1424 2848 1248 2874 1189 2842 1066 2869 912 2848 762 2864 677 2848 624 2794"/></Shape>
	    <String CONTENT="נדבה שהיא טעונה שמן ולבונה וטעונה"
                    HPOS="618.0"
                    VPOS="2704.0"
                    WIDTH="1595.0"
                    HEIGHT="176.0"></String>
          </TextLine>

          
          
          <TextLine ID="eSc_line_a7c33e4b"
                    
                    BASELINE="656 2906 1403 2906 1520 2917 1813 2922 2214 2929" 
                    HPOS="650.0"
                    VPOS="2842.0"
                    WIDTH="1563.0"
                    HEIGHT="160.0">
            <Shape><Polygon POINTS="650 2901 693 2848 1269 2880 1760 2874 1845 2842 1883 2880 2139 2874 2213 2928 2123 2992 1952 2997 1883 2970 1776 3002 1744 2981 1451 2992 1419 2965 1392 2992 1285 2997 1008 2997 976 2965 949 2986 762 2986 709 2981 656 2928"/></Shape>
	    <String CONTENT="הגשה לא אם אמרת במנחת סוטה [שט&#39;]"
                    HPOS="650.0"
                    VPOS="2842.0"
                    WIDTH="1563.0"
                    HEIGHT="160.0"></String>
          </TextLine>

          
          
          <TextLine ID="eSc_line_89edf0ae"
                    
                    BASELINE="650 3029 2037 3045 2166 3046 2235 3062" 
                    HPOS="645.0"
                    VPOS="2981.0"
                    WIDTH="1584.0"
                    HEIGHT="149.0">
            <Shape><Polygon POINTS="645 3024 693 3024 736 2981 1424 3002 2133 2992 2229 3061 2176 3050 2107 3120 2043 3109 2005 3130 1515 3109 1365 3125 1291 3093 1232 3125 986 3125 832 3114 810 3093 741 3109 650 3029"/></Shape>
	    <String CONTENT="שטעונה תנופה תאמר במנחת חוטא"
                    HPOS="645.0"
                    VPOS="2981.0"
                    WIDTH="1584.0"
                    HEIGHT="149.0"></String>
          </TextLine>

          
          
          <TextLine ID="eSc_line_f2476a0d"
                    
                    BASELINE="645 3168 714 3162 848 3173 1328 3178 2208 3195" 
                    HPOS="640.0"
                    VPOS="3109.0"
                    WIDTH="1563.0"
                    HEIGHT="149.0">
            <Shape><Polygon POINTS="640 3168 650 3120 704 3109 1034 3130 2112 3125 2203 3194 2021 3258 1957 3226 1920 3258 1888 3237 1739 3258 1632 3232 1568 3258 1461 3258 1253 3221 1221 3248 1130 3237 1072 3258 1040 3237 986 3258 954 3232 890 3253 816 3253 794 3232 714 3258 645 3216"/></Shape>
	    <String CONTENT="שאין טעונה תנופה הרי אתה דן מביניין"
                    HPOS="640.0"
                    VPOS="3109.0"
                    WIDTH="1563.0"
                    HEIGHT="149.0"></String>
          </TextLine>

          
          
          <TextLine ID="eSc_line_b96251ab"
                    
                    BASELINE="666 3296 736 3290 805 3301 986 3306 1467 3306 1573 3317 1637 3306 2198 3323" 
                    HPOS="661.0"
                    VPOS="3232.0"
                    WIDTH="1536.0"
                    HEIGHT="154.0">
            <Shape><Polygon POINTS="661 3296 677 3253 1925 3258 1957 3232 1989 3264 2107 3248 2197 3322 2165 3322 2107 3381 2048 3360 2021 3386 1883 3386 1803 3349 1765 3386 1477 3386 1435 3349 1397 3381 1275 3354 1253 3376 1018 3386 874 3354 821 3386 709 3386 666 3349"/></Shape>
	    <String CONTENT="אב לא מנחה נדבה שהיא טעונה שמן"
                    HPOS="661.0"
                    VPOS="3232.0"
                    WIDTH="1536.0"
                    HEIGHT="154.0"></String>
          </TextLine>

          
          
          <TextLine ID="eSc_line_9668bf6e"
                    
                    BASELINE="645 3418 842 3418 896 3429 1109 3434 1861 3434 1920 3445 2240 3446" 
                    HPOS="640.0"
                    VPOS="3344.0"
                    WIDTH="1595.0"
                    HEIGHT="170.0">
            <Shape><Polygon POINTS="640 3413 677 3381 821 3381 874 3354 912 3381 1472 3392 1755 3386 1803 3344 1877 3386 2016 3386 2059 3354 2176 3434 2235 3445 2192 3445 2133 3504 1840 3488 1493 3509 1461 3488 1408 3514 1243 3509 1211 3488 821 3504 688 3477 645 3440"/></Shape>
	    <String CONTENT="ולבונה ולא מנחת שוטה שטעונה ← כהרי"
                    HPOS="640.0"
                    VPOS="3344.0"
                    WIDTH="1595.0"
                    HEIGHT="170.0"></String>
          </TextLine>

          
          
          <TextLine ID="eSc_line_03557892"
                    
                    BASELINE="629 3536 768 3552 1573 3546 1685 3557 1947 3557 2171 3563 2240 3574" 
                    HPOS="624.0"
                    VPOS="3488.0"
                    WIDTH="1611.0"
                    HEIGHT="149.0">
            <Shape><Polygon POINTS="624 3536 704 3488 890 3509 2096 3509 2235 3573 2197 3573 2133 3637 1680 3637 1499 3626 1472 3605 1451 3626 965 3626 944 3605 741 3616 634 3541"/></Shape>
	    <String CONTENT="מנחת נדבה שאינה טעונה תנופה הצד"
                    HPOS="624.0"
                    VPOS="3488.0"
                    WIDTH="1611.0"
                    HEIGHT="149.0"></String>
          </TextLine>

          
          
          <TextLine ID="eSc_line_3c8eb91c"
                    
                    BASELINE="629 3669 1034 3669 1205 3680 2224 3697" 
                    HPOS="624.0"
                    VPOS="3610.0"
                    WIDTH="1595.0"
                    HEIGHT="155.0">
            <Shape><Polygon POINTS="624 3664 714 3616 933 3610 965 3632 1189 3637 2123 3632 2219 3696 2128 3760 2037 3765 1728 3765 1685 3733 1605 3760 1520 3722 1435 3765 1349 3754 1323 3728 1285 3760 981 3728 858 3760 714 3744 629 3664"/></Shape>
	    <String CONTENT="השוה שבהן שוו לקמיצה ושוו להגשה"
                    HPOS="624.0"
                    VPOS="3610.0"
                    WIDTH="1595.0"
                    HEIGHT="155.0"></String>
          </TextLine>

          
          
          <TextLine ID="eSc_line_33ed77f8"
                    
                    BASELINE="650 3786 1029 3797 1147 3808 2240 3814" 
                    HPOS="645.0"
                    VPOS="3744.0"
                    WIDTH="1590.0"
                    HEIGHT="149.0">
            <Shape><Polygon POINTS="645 3781 698 3781 757 3744 1232 3765 1589 3744 1723 3770 1947 3749 2155 3760 2235 3813 2149 3882 2123 3861 2096 3882 1723 3888 1531 3877 1509 3856 1365 3882 1328 3850 1280 3888 1152 3872 1088 3893 986 3856 944 3882 901 3845 864 3877 741 3872 650 3786"/></Shape>
	    <String CONTENT="אף אני אביא את מנחת חוטא ששוה"
                    HPOS="645.0"
                    VPOS="3744.0"
                    WIDTH="1590.0"
                    HEIGHT="149.0"></String>
          </TextLine>

          
          
          <TextLine ID="eSc_line_fb7b6ff5"
                    
                    BASELINE="693 3925 970 3925 1029 3936 2262 3953" 
                    HPOS="688.0"
                    VPOS="3845.0"
                    WIDTH="1573.0"
                    HEIGHT="176.0">
            <Shape><Polygon POINTS="688 3920 714 3882 864 3877 896 3845 938 3882 1077 3893 1291 3882 1328 3850 1360 3882 1461 3888 1493 3861 1536 3888 1883 3893 2064 3893 2128 3866 2208 3941 2261 3952 2203 3952 2101 4021 2011 4016 1979 3984 1936 4021 1861 4016 1840 3989 1771 4010 1739 3978 1563 4016 1456 4000 1424 4021 1371 3989 1221 4021 1029 4016 949 3978 768 4010 693 3952"/></Shape>
	    <String CONTENT="לקמיצה שישוה להן להגשה מה להצד"
                    HPOS="688.0"
                    VPOS="3845.0"
                    WIDTH="1573.0"
                    HEIGHT="176.0"></String>
          </TextLine>

          
          
          <TextLine ID="eSc_line_9f63af24"
                    
                    BASELINE="581 4048 661 4064 2273 4072" 
                    HPOS="576.0"
                    VPOS="3989.0"
                    WIDTH="1696.0"
                    HEIGHT="165.0">
            <Shape><Polygon POINTS="576 4048 656 4005 1456 4026 1685 3989 1717 4016 2155 4010 2272 4069 2229 4069 2160 4138 1813 4138 1717 4112 1643 4138 1339 4154 1211 4122 1130 4149 890 4128 677 4144 586 4053"/></Shape>
	    <String CONTENT="השוה ששוו להביא בעשיר כבעני וטעונין"
                    HPOS="576.0"
                    VPOS="3989.0"
                    WIDTH="1696.0"
                    HEIGHT="165.0"></String>
          </TextLine>

          
          
          <TextLine ID="eSc_line_4144afad"
                    
                    BASELINE="624 4181 704 4181 757 4192 2273 4189" 
                    HPOS="618.0"
                    VPOS="4117.0"
                    WIDTH="1654.0"
                    HEIGHT="165.0">
            <Shape><Polygon POINTS="618 4176 650 4128 1040 4149 1147 4144 1184 4117 1211 4144 1333 4149 2149 4144 2197 4186 2272 4186 2219 4192 2123 4272 1941 4266 1915 4240 1840 4272 1579 4272 1525 4240 1483 4272 1205 4266 1179 4245 1109 4272 890 4272 837 4229 805 4261 624 4282"/></Shape>
	    <String CONTENT="הגשה יצא מנחת חוטא שלא שות להביא"
                    HPOS="618.0"
                    VPOS="4117.0"
                    WIDTH="1654.0"
                    HEIGHT="165.0"></String>
          </TextLine>

          
          
          <TextLine ID="eSc_line_091623af"
                    
                    BASELINE="666 4309 2247 4328" 
                    HPOS="661.0"
                    VPOS="4240.0"
                    WIDTH="1584.0"
                    HEIGHT="165.0">
            <Shape><Polygon POINTS="661 4304 698 4272 805 4272 837 4240 880 4272 944 4277 1483 4277 1531 4245 1557 4272 1643 4277 2155 4266 2245 4325 2144 4400 2096 4362 2037 4400 1915 4368 1877 4400 1696 4400 1659 4362 1611 4400 1557 4378 1483 4400 1307 4384 1189 4405 1152 4384 1093 4405 949 4378 762 4400 666 4352"/></Shape>
	    <String CONTENT="בעשיר כבעני שלא תטעון הגשה תלמוד"
                    HPOS="661.0"
                    VPOS="4240.0"
                    WIDTH="1584.0"
                    HEIGHT="165.0"></String>
          </TextLine>

          
          
          <TextLine ID="eSc_line_fdbf6c1f"
                    
                    BASELINE="688 4442 2236 4450" 
                    HPOS="682.0"
                    VPOS="4368.0"
                    WIDTH="1553.0"
                    HEIGHT="181.0">
            <Shape><Polygon POINTS="682 4437 709 4400 1568 4410 1637 4389 1739 4410 1920 4384 2064 4394 2096 4368 2171 4437 2235 4448 2165 4448 2101 4506 2037 4517 1968 4480 1893 4517 1712 4528 1120 4501 997 4533 784 4528 709 4549 688 4528"/></Shape>
	    <String CONTENT="לומר והבאת את המנחה אחד מנחת נדבה"
                    HPOS="682.0"
                    VPOS="4368.0"
                    WIDTH="1553.0"
                    HEIGHT="181.0"></String>
          </TextLine>

          
          
          <TextLine ID="eSc_line_d20688a0"
                    
                    BASELINE="736 4565 1963 4576 2247 4568" 
                    HPOS="730.0"
                    VPOS="4506.0"
                    WIDTH="1515.0"
                    HEIGHT="160.0">
            <Shape><Polygon POINTS="730 4560 842 4528 1925 4528 1957 4506 2117 4512 2176 4560 2245 4565 2197 4570 2128 4640 2080 4624 2053 4645 1963 4645 1941 4624 1915 4650 1792 4661 1755 4634 1659 4645 1621 4618 1472 4650 1333 4650 1296 4629 1259 4645 1216 4618 1173 4656 1045 4661 1008 4640 938 4666 805 4656 736 4592"/></Shape>
	    <String CONTENT="ואחד מנחת חוטא זו וזו טעונין הגשה ˙"
                    HPOS="730.0"
                    VPOS="4506.0"
                    WIDTH="1515.0"
                    HEIGHT="160.0"></String>
          </TextLine>

          
          
          <TextLine ID="eSc_line_20e1eb73"
                    
                    BASELINE="629 4682 896 4693 1002 4704 2193 4712 2268 4690" 
                    HPOS="624.0"
                    VPOS="4618.0"
                    WIDTH="1643.0"
                    HEIGHT="171.0">
            <Shape><Polygon POINTS="624 4677 698 4624 773 4656 938 4666 1189 4656 1227 4618 1275 4656 1419 4640 1792 4661 2064 4645 2101 4624 2197 4698 2267 4688 2176 4709 2112 4773 2075 4741 2021 4778 1851 4784 1803 4736 1717 4789 1653 4784 1584 4741 1456 4784 1403 4762 1205 4762 1184 4784 1104 4768 1072 4789 805 4768 720 4784 629 4698"/></Shape>
	    <String CONTENT="ר&#39; שמעון אומר והבאת לרבות מנחת [העו&#39;]"
                    HPOS="624.0"
                    VPOS="4618.0"
                    WIDTH="1643.0"
                    HEIGHT="171.0"></String>
          </TextLine>

          
          
          <TextLine ID="eSc_line_e7653bbf"
                    
                    BASELINE="650 4816 853 4832 2225 4829" 
                    HPOS="645.0"
                    VPOS="4736.0"
                    WIDTH="1579.0"
                    HEIGHT="181.0">
            <Shape><Polygon POINTS="645 4816 688 4752 714 4778 784 4762 944 4789 1595 4789 1760 4778 1803 4736 1861 4789 2117 4784 2176 4826 2224 4826 2112 4901 2016 4917 1925 4906 1883 4864 1781 4912 1376 4917 1296 4896 1243 4917 1136 4912 1082 4874 965 4912 912 4890 773 4896 650 4821"/></Shape>
	    <String CONTENT="העומר להגשה וכן הוא אומר והבאתם [א&#39;]"
                    HPOS="645.0"
                    VPOS="4736.0"
                    WIDTH="1579.0"
                    HEIGHT="181.0"></String>
          </TextLine>

          
          
          <TextLine ID="eSc_line_6eb59216"
                    
                    BASELINE="634 4949 842 4949 1018 4960 1707 4960 2231 4952" 
                    HPOS="629.0"
                    VPOS="4858.0"
                    WIDTH="1600.0"
                    HEIGHT="198.0">
            <Shape><Polygon POINTS="629 4944 698 4858 736 4896 821 4906 1008 4912 1066 4874 1147 4917 2117 4906 2229 4949 2128 5024 1851 5034 1797 4997 1659 5045 1611 5045 1579 5013 1467 5056 1365 5040 1339 5013 1296 5040 1211 5040 1157 5008 1109 5034 1056 5013 880 5040 832 5018 698 5024 640 4965"/></Shape>
	    <String CONTENT="את עומר ראשית קצירכם אל הכהן [והק&#39;]"
                    HPOS="629.0"
                    VPOS="4858.0"
                    WIDTH="1600.0"
                    HEIGHT="198.0"></String>
          </TextLine>

          
          
          <TextLine ID="eSc_line_02388036"
                    
                    BASELINE="581 5077 693 5077 810 5093 2000 5082 2225 5096" 
                    HPOS="576.0"
                    VPOS="5024.0"
                    WIDTH="1648.0"
                    HEIGHT="144.0">
            <Shape><Polygon POINTS="576 5072 640 5029 842 5029 869 5050 1082 5050 1114 5029 1195 5050 1675 5050 1765 5024 2059 5045 2117 5024 2208 5045 2224 5093 2208 5120 2144 5120 2101 5162 1915 5162 1840 5120 1691 5168 1344 5168 1323 5146 1216 5157 1114 5136 1082 5168 1029 5168 981 5130 949 5146 874 5125 794 5157 730 5125 581 5125"/></Shape>
	    <String CONTENT="והקריבה לרבות מנחת סוטה להגשה וכן הוא"
                    HPOS="576.0"
                    VPOS="5024.0"
                    WIDTH="1648.0"
                    HEIGHT="144.0"></String>
          </TextLine>

          
        </TextBlock>
        
        <TextBlock HPOS="224.0"
                   VPOS="1450.0"
                   WIDTH="270.0"
                   HEIGHT="139.0"
                   ID="eSc_textblock_ea70df67"
                   TAGREFS="BT225">
          <Shape><Polygon POINTS="494 1475 228 1450 224 1582 465 1589"/></Shape>
          
          
          <TextLine ID="eSc_line_5688a5f5"
                    
                    BASELINE="219 1524 492 1541" 
                    HPOS="217"
                    VPOS="1494"
                    WIDTH="276"
                    HEIGHT="76">
            <Shape><Polygon POINTS="220 1494 493 1511 490 1570 217 1553"/></Shape>
	    <String CONTENT="רכין מנ[ ]"
                    HPOS="217"
                    VPOS="1494"
                    WIDTH="276"
                    HEIGHT="76"></String>
          </TextLine>

          
        </TextBlock>
        
        <TextBlock HPOS="309.0"
                   VPOS="3352.0"
                   WIDTH="284.0"
                   HEIGHT="143.0"
                   ID="eSc_textblock_db6e058c"
                   TAGREFS="BT225">
          <Shape><Polygon POINTS="593 3384 551 3352 309 3384 309 3466 355 3495 579 3495"/></Shape>
          
          
          <TextLine ID="eSc_line_69830bd3"
                    
                    BASELINE="325 3408 405 3424 586 3424" 
                    HPOS="319"
                    VPOS="3378"
                    WIDTH="267"
                    HEIGHT="76">
            <Shape><Polygon POINTS="330 3378 410 3394 586 3394 586 3454 399 3453 319 3437"/></Shape>
	    <String CONTENT="תנופה"
                    HPOS="319"
                    VPOS="3378"
                    WIDTH="267"
                    HEIGHT="76"></String>
          </TextLine>

          
        </TextBlock>
        

        
      </PrintSpace>
    </Page>
  </Layout>
</alto>
