<?xml version="1.0" encoding="UTF-8"?>
<alto xmlns:xsi="http://www.w3.org/2001/XMLSchema-instance"
      xmlns="http://www.loc.gov/standards/alto/ns-v4#"
      xsi:schemaLocation="http://www.loc.gov/standards/alto/ns-v4# http://www.loc.gov/standards/alto/v4/alto-4-2.xsd">
  <Description>
    <MeasurementUnit>pixel</MeasurementUnit>
    <sourceImageInformation>
      <fileName>add_ms_16406_f115v.jpg</fileName>
      
    </sourceImageInformation>
  </Description>
  
  <Tags>
    <OtherTag ID="BT1" LABEL="Title" DESCRIPTION="block type Title"/><OtherTag ID="BT2" LABEL="Main" DESCRIPTION="block type Main"/><OtherTag ID="BT3" LABEL="Commentary" DESCRIPTION="block type Commentary"/><OtherTag ID="BT4" LABEL="Illustration" DESCRIPTION="block type Illustration"/><OtherTag ID="BT224" LABEL="Hole" DESCRIPTION="block type Hole"/><OtherTag ID="BT225" LABEL="Margin" DESCRIPTION="block type Margin"/><OtherTag ID="BT226" LABEL="Paratext" DESCRIPTION="block type Paratext"/>
    <OtherTag ID="LT2" LABEL="Numbering" DESCRIPTION="line type Numbering"/><OtherTag ID="LT3" LABEL="Correction" DESCRIPTION="line type Correction"/><OtherTag ID="LT329" LABEL="Gloss" DESCRIPTION="line type Gloss"/>
  </Tags>
  
  <Layout>
    <Page WIDTH="4514"
          HEIGHT="6668"
          PHYSICAL_IMG_NR="230"
          ID="eSc_dummypage_">
      <PrintSpace HPOS="0"
                  VPOS="0"
                  WIDTH="4514"
                  HEIGHT="6668">
        
        <TextBlock HPOS="2086.0"
                   VPOS="618.0"
                   WIDTH="1790.0"
                   HEIGHT="4757.0"
                   ID="eSc_textblock_3fbf60fd"
                   TAGREFS="BT2">
          <Shape><Polygon POINTS="2145 5375 2353 5330 3832 5301 3876 1685 3846 633 2149 618 2116 666 2086 5345 2145 5375"/></Shape>
          
          
          <TextLine ID="eSc_line_cc838689"
                    
                    BASELINE="2156 694 2635 694 3674 722 3730 716 3902 727" 
                    HPOS="2151.0"
                    VPOS="622.0"
                    WIDTH="1745.0"
                    HEIGHT="189.0">
            <Shape><Polygon POINTS="2151 689 2162 644 2234 655 2284 622 2434 661 2490 627 2618 661 2668 622 2729 622 2785 666 3218 677 3457 677 3535 639 3652 639 3880 644 3896 722 3880 772 3819 772 3769 811 3596 766 3491 789 3446 772 3418 800 3396 772 3257 800 3218 766 3174 800 3001 777 2707 789 2673 755 2579 783 2473 777 2451 755 2273 777 2229 739 2156 733"/></Shape>
	    <String CONTENT="עשו ˙ אמ&#39; אייבו קודם עד שלא עמד מלך"
                    HPOS="2151.0"
                    VPOS="622.0"
                    WIDTH="1745.0"
                    HEIGHT="189.0"></String>
          </TextLine>

          
          
          <TextLine ID="eSc_line_131000dd"
                    
                    BASELINE="2140 833 2251 855 2618 850 2857 866 2912 883 2968 872 3657 872 3713 883 3880 889" 
                    HPOS="2134.0"
                    VPOS="761.0"
                    WIDTH="1740.0"
                    HEIGHT="205.0">
            <Shape><Polygon POINTS="2134 827 2184 833 2245 772 2301 800 2351 761 2529 805 2696 789 2723 816 2851 800 3124 827 3213 761 3268 822 3441 827 3518 789 3585 833 3624 805 3652 833 3819 833 3874 883 3824 966 3707 961 3630 927 3457 966 3263 955 3218 922 3168 955 3135 927 3096 961 2829 927 2707 955 2612 911 2418 922 2373 889 2218 922 2140 844"/></Shape>
	    <String CONTENT="בישראל נצב מלך באדום שנאמר ואלה [המ&#39;]"
                    HPOS="2134.0"
                    VPOS="761.0"
                    WIDTH="1740.0"
                    HEIGHT="205.0"></String>
          </TextLine>

          
          
          <TextLine ID="eSc_line_affaeebd"
                    
                    BASELINE="2156 983 2451 983 2679 1011 3185 1005 3240 1016 3902 1016" 
                    HPOS="2151.0"
                    VPOS="894.0"
                    WIDTH="1745.0"
                    HEIGHT="211.0">
            <Shape><Polygon POINTS="2151 977 2379 894 2429 939 2518 950 2607 911 2657 955 3101 977 3157 972 3202 927 3307 972 3635 966 3680 933 3713 966 3819 966 3896 1011 3807 1094 3752 1094 3713 1055 3663 1100 3613 1066 3568 1105 3507 1077 3413 1094 3341 1055 3290 1100 3213 1072 3168 1100 3118 1072 3057 1105 2946 1072 2890 1105 2862 1077 2796 1094 2651 1061 2584 1089 2429 1077 2395 1050 2301 1072 2262 1033 2223 1044 2156 977"/></Shape>
	    <String CONTENT="המלכים אשר מלכו בארץ אדום לפני מלוך"
                    HPOS="2151.0"
                    VPOS="894.0"
                    WIDTH="1745.0"
                    HEIGHT="211.0"></String>
          </TextLine>

          
          
          <TextLine ID="eSc_line_64ff6ce3"
                    
                    BASELINE="2140 1116 2368 1116 2479 1133 2673 1144 2862 1139 3435 1166 3807 1166 3902 1144" 
                    HPOS="2134.0"
                    VPOS="1055.0"
                    WIDTH="1762.0"
                    HEIGHT="189.0">
            <Shape><Polygon POINTS="2134 1111 2206 1055 2540 1094 2635 1066 2679 1100 3157 1094 3196 1122 3235 1094 3341 1105 3368 1083 3602 1128 3819 1105 3852 1139 3896 1139 3852 1233 3746 1222 3719 1244 3657 1211 3518 1244 3480 1200 3413 1233 3252 1222 3207 1178 3163 1222 3135 1205 3051 1233 2996 1211 2963 1233 2901 1211 2712 1228 2568 1200 2473 1222 2446 1194 2223 1205 2140 1144"/></Shape>
	    <String CONTENT="מלך לבני ישראל ר&#39; יוסי בר&#39; חנינא מיכן בשעה"
                    HPOS="2134.0"
                    VPOS="1055.0"
                    WIDTH="1762.0"
                    HEIGHT="189.0"></String>
          </TextLine>

          
          
          <TextLine ID="eSc_line_bf9b919b"
                    
                    BASELINE="2140 1255 2373 1250 2601 1266 2668 1283 2735 1272 3040 1272 3096 1283 3585 1289 3719 1300 3874 1283" 
                    HPOS="2134.0"
                    VPOS="1178.0"
                    WIDTH="1735.0"
                    HEIGHT="200.0">
            <Shape><Polygon POINTS="2134 1250 2201 1200 3057 1244 3152 1233 3207 1178 3263 1233 3819 1239 3869 1278 3796 1361 3557 1355 3468 1378 3429 1344 3290 1361 3257 1328 3190 1366 2773 1361 2629 1311 2568 1344 2268 1333 2229 1328 2145 1250"/></Shape>
	    <String CONTENT="שזה מעמיד מלכים וזה מעמיד שופטים"
                    HPOS="2134.0"
                    VPOS="1178.0"
                    WIDTH="1735.0"
                    HEIGHT="200.0"></String>
          </TextLine>

          
          
          <TextLine ID="eSc_line_6305fe02"
                    
                    BASELINE="2134 1394 2295 1383 2418 1383 2540 1389 2718 1411 3040 1405 3107 1416 3302 1422 3357 1439 3496 1428 3858 1433" 
                    HPOS="2129.0"
                    VPOS="1328.0"
                    WIDTH="1723.0"
                    HEIGHT="183.0">
            <Shape><Polygon POINTS="2129 1389 2195 1328 2529 1350 2685 1333 2768 1361 3063 1372 3213 1366 3252 1328 3290 1366 3385 1383 3813 1366 3852 1428 3830 1489 3641 1478 3568 1511 3413 1472 3224 1494 2779 1489 2657 1450 2579 1483 2479 1444 2390 1466 2362 1433 2290 1466 2229 1461 2151 1389"/></Shape>
	    <String CONTENT="זה מעמיד אלופים וזה מעמיד נשיאים ˙"
                    HPOS="2129.0"
                    VPOS="1328.0"
                    WIDTH="1723.0"
                    HEIGHT="183.0"></String>
          </TextLine>

          
          
          <TextLine ID="eSc_line_2750a177"
                    
                    BASELINE="2095 1500 2201 1522 2623 1516 2751 1533 3001 1533 3179 1544 3852 1533" 
                    HPOS="2090.0"
                    VPOS="1455.0"
                    WIDTH="1756.0"
                    HEIGHT="178.0">
            <Shape><Polygon POINTS="2090 1494 2184 1455 2501 1461 2779 1494 3602 1505 3646 1483 3824 1494 3846 1528 3835 1589 3774 1622 3680 1622 3618 1589 3530 1622 3480 1600 3313 1633 3113 1589 3035 1622 2885 1628 2796 1594 2451 1600 2329 1561 2229 1589 2112 1500"/></Shape>
	    <String CONTENT="אמ&#39; ר&#39; יהושע בן לוי זה העמיד וזה העמיד זה"
                    HPOS="2090.0"
                    VPOS="1455.0"
                    WIDTH="1756.0"
                    HEIGHT="178.0"></String>
          </TextLine>

          
          
          <TextLine ID="eSc_line_3c78d33b"
                    
                    BASELINE="2112 1667 2223 1650 2601 1650 2740 1667 3007 1667 3124 1678 3858 1667" 
                    HPOS="2106.0"
                    VPOS="1583.0"
                    WIDTH="1746.0"
                    HEIGHT="184.0">
            <Shape><Polygon POINTS="2106 1667 2184 1583 2718 1600 2879 1628 3107 1605 3313 1633 3824 1622 3852 1667 3830 1739 3669 1767 3618 1728 3541 1722 3463 1761 3152 1739 2957 1761 2890 1728 2851 1755 2807 1711 2768 1739 2601 1739 2562 1705 2529 1728 2384 1705 2268 1739 2162 1661"/></Shape>
	    <String CONTENT="העמיד שמונה וזה העמיד שמונה זה"
                    HPOS="2106.0"
                    VPOS="1583.0"
                    WIDTH="1746.0"
                    HEIGHT="184.0"></String>
          </TextLine>

          
          
          <TextLine ID="eSc_line_d321b898"
                    
                    BASELINE="2123 1767 2223 1789 2685 1783 2846 1800 3057 1800 3240 1811 3863 1811" 
                    HPOS="2118.0"
                    VPOS="1683.0"
                    WIDTH="1740.0"
                    HEIGHT="217.0">
            <Shape><Polygon POINTS="2118 1761 2201 1683 2268 1744 2590 1722 2857 1755 2901 1722 2968 1761 3807 1755 3858 1805 3824 1878 3680 1900 3546 1850 3352 1894 3240 1867 3179 1889 3079 1867 2968 1883 2918 1861 2518 1855 2484 1822 2446 1855 2407 1839 2257 1867 2123 1783"/></Shape>
	    <String CONTENT="העמיד יובב חושם שמלה שאול הדד בעל"
                    HPOS="2118.0"
                    VPOS="1683.0"
                    WIDTH="1740.0"
                    HEIGHT="217.0"></String>
          </TextLine>

          
          
          <TextLine ID="eSc_line_cdbe680f"
                    
                    BASELINE="2118 1900 2418 1911 2473 1922 2729 1917 3257 1944 3880 1944" 
                    HPOS="2112.0"
                    VPOS="1817.0"
                    WIDTH="1762.0"
                    HEIGHT="222.0">
            <Shape><Polygon POINTS="2112 1894 2145 1894 2212 1828 2295 1867 2457 1850 2490 1817 2551 1861 2940 1889 3824 1889 3874 1939 3813 2017 3719 2039 3557 2011 3513 1978 3468 2022 3324 2011 3274 2039 3113 2017 3068 1978 2996 2017 2812 2011 2746 1972 2590 1994 2484 1944 2401 1983 2201 1983 2118 1900"/></Shape>
	    <String CONTENT="חנן הדד ˙ וזה העמיד שמונה שאול איש [ב&#39;]"
                    HPOS="2112.0"
                    VPOS="1817.0"
                    WIDTH="1762.0"
                    HEIGHT="222.0"></String>
          </TextLine>

          
          
          <TextLine ID="eSc_line_8aec71f3"
                    
                    BASELINE="2156 2033 2268 2055 2746 2050 2862 2055 2918 2067 3113 2067 3179 2083 3302 2072 3735 2078 3902 2061" 
                    HPOS="2151.0"
                    VPOS="1978.0"
                    WIDTH="1745.0"
                    HEIGHT="183.0">
            <Shape><Polygon POINTS="2151 2028 2173 1989 2407 2000 2429 1978 3146 2011 3290 2039 3374 2017 3802 2022 3896 2055 3880 2117 3813 2155 3602 2161 3480 2122 3385 2150 2929 2150 2868 2117 2751 2133 2707 2089 2668 2122 2434 2128 2390 2083 2345 2128 2240 2128 2156 2050"/></Shape>
	    <String CONTENT="בושת דוד ושלמה רחבעם אביה אסא"
                    HPOS="2151.0"
                    VPOS="1978.0"
                    WIDTH="1745.0"
                    HEIGHT="183.0"></String>
          </TextLine>

          
          
          <TextLine ID="eSc_line_70bb779d"
                    
                    BASELINE="2112 2200 2223 2183 2718 2189 2773 2178 2829 2194 2968 2200 3024 2217 3140 2205 3869 2211" 
                    HPOS="2106.0"
                    VPOS="2089.0"
                    WIDTH="1757.0"
                    HEIGHT="211.0">
            <Shape><Polygon POINTS="2106 2194 2201 2105 2334 2144 2390 2089 2434 2133 2640 2139 2707 2089 2757 2139 3391 2167 3746 2155 3802 2161 3863 2205 3802 2272 3741 2289 3680 2272 3652 2294 3518 2294 3468 2256 3396 2300 3157 2289 3107 2239 3057 2283 2946 2250 2768 2267 2718 2239 2590 2272 2362 2244 2184 2261 2118 2194"/></Shape>
	    <String CONTENT="יהושפט בא נבוכר נצד וביטל את אילו ואת]"
                    HPOS="2106.0"
                    VPOS="2089.0"
                    WIDTH="1757.0"
                    HEIGHT="211.0"></String>
          </TextLine>

          
          
          <TextLine ID="eSc_line_54347c9f"
                    
                    BASELINE="2134 2317 2640 2317 2707 2328 2868 2333 2924 2344 3858 2344" 
                    HPOS="2129.0"
                    VPOS="2233.0"
                    WIDTH="1723.0"
                    HEIGHT="211.0">
            <Shape><Polygon POINTS="2129 2311 2195 2267 2312 2289 2473 2261 3051 2283 3107 2233 3163 2289 3424 2294 3463 2256 3524 2300 3802 2294 3852 2339 3802 2428 3680 2411 3613 2417 3585 2444 3518 2406 3463 2422 3429 2389 3379 2422 3196 2422 3118 2389 2996 2411 2951 2372 2901 2411 2846 2356 2801 2400 2729 2417 2534 2378 2418 2406 2251 2383 2212 2400 2134 2322"/></Shape>
	    <String CONTENT="ואת אילו שם תבל כמדבר ועריו הרם בא"
                    HPOS="2129.0"
                    VPOS="2233.0"
                    WIDTH="1723.0"
                    HEIGHT="211.0"></String>
          </TextLine>

          
          
          <TextLine ID="eSc_line_6160e514"
                    
                    BASELINE="2106 2444 2212 2444 2268 2456 2657 2450 2723 2461 2890 2467 2946 2478 3863 2478" 
                    HPOS="2101.0"
                    VPOS="2372.0"
                    WIDTH="1757.0"
                    HEIGHT="189.0">
            <Shape><Polygon POINTS="2101 2439 2229 2389 2901 2417 2957 2372 3001 2417 3507 2417 3585 2450 3613 2422 3791 2428 3858 2472 3780 2550 3663 2528 3563 2550 3391 2533 3341 2556 3302 2528 3240 2556 3068 2561 2990 2500 2935 2533 2723 2522 2629 2550 2534 2539 2501 2506 2457 2533 2412 2511 2234 2528 2112 2439"/></Shape>
	    <String CONTENT="אויל מדורך ונתן גדולה ליהויכין בא אחשו"
                    HPOS="2101.0"
                    VPOS="2372.0"
                    WIDTH="1757.0"
                    HEIGHT="189.0"></String>
          </TextLine>

          
          
          <TextLine ID="eSc_line_79490b16"
                    
                    BASELINE="2112 2567 2234 2589 2351 2583 2468 2600 2735 2600 2801 2611 3858 2600" 
                    HPOS="2106.0"
                    VPOS="2506.0"
                    WIDTH="1746.0"
                    HEIGHT="183.0">
            <Shape><Polygon POINTS="2106 2561 2206 2528 2418 2550 2490 2506 2590 2556 2796 2556 2840 2522 2924 2556 2990 2506 3063 2567 3290 2539 3685 2550 3796 2556 3852 2594 3796 2678 3752 2689 3680 2667 3646 2689 3585 2667 3263 2689 3135 2639 3063 2678 2840 2689 2801 2656 2551 2672 2512 2633 2468 2678 2262 2667 2129 2567"/></Shape>
	    <String CONTENT="אחשורוש ונתן גדולה להמן וימת בלע וגומר"
                    HPOS="2106.0"
                    VPOS="2506.0"
                    WIDTH="1746.0"
                    HEIGHT="183.0"></String>
          </TextLine>

          
          
          <TextLine ID="eSc_line_1e5e3571"
                    
                    BASELINE="2145 2717 2796 2717 2957 2733 3246 2733 3313 2744 3630 2744 3858 2728" 
                    HPOS="2140.0"
                    VPOS="2633.0"
                    WIDTH="1712.0"
                    HEIGHT="178.0">
            <Shape><Polygon POINTS="2140 2711 2229 2661 2468 2678 2512 2633 2551 2672 2835 2683 3085 2678 3124 2639 3263 2689 3691 2667 3791 2678 3852 2722 3774 2800 3685 2806 3602 2778 3507 2811 3202 2783 3090 2811 2785 2783 2579 2795 2496 2750 2457 2789 2418 2772 2384 2800 2340 2778 2251 2800 2145 2722"/></Shape>
	    <String CONTENT="אמ&#39; ר&#39; אבא משל לבן מלכים שהיה לו דין עם"
                    HPOS="2140.0"
                    VPOS="2633.0"
                    WIDTH="1712.0"
                    HEIGHT="178.0"></String>
          </TextLine>

          
          
          <TextLine ID="eSc_line_a9642345"
                    
                    BASELINE="2112 2839 2751 2856 3835 2856" 
                    HPOS="2106.0"
                    VPOS="2761.0"
                    WIDTH="1724.0"
                    HEIGHT="172.0">
            <Shape><Polygon POINTS="2106 2833 2156 2789 2390 2806 2501 2761 2551 2800 2963 2795 3068 2817 3802 2800 3830 2850 3813 2906 3746 2933 3652 2906 3546 2933 3480 2889 3429 2933 3040 2933 2868 2911 2835 2878 2790 2911 2568 2933 2540 2906 2195 2928 2112 2845"/></Shape>
	    <String CONTENT="אחד וכלו מזונותיו ובא אחר וסיפק לו מזונותיו"
                    HPOS="2106.0"
                    VPOS="2761.0"
                    WIDTH="1724.0"
                    HEIGHT="172.0"></String>
          </TextLine>

          
          
          <TextLine ID="eSc_line_c3ae480a"
                    
                    BASELINE="2123 2967 2718 2978 2846 2989 3741 2983 3858 3000" 
                    HPOS="2118.0"
                    VPOS="2889.0"
                    WIDTH="1734.0"
                    HEIGHT="183.0">
            <Shape><Polygon POINTS="2118 2961 2229 2917 2773 2928 2818 2889 2901 2933 3429 2933 3474 2889 3530 2933 3646 2911 3791 2928 3852 2995 3752 3061 3441 3061 3407 3028 3352 3056 3313 3033 3263 3067 3168 3028 3113 3061 2996 3072 2957 3045 2735 3039 2640 3061 2496 3028 2434 3056 2345 3028 2318 3056 2229 3067 2123 2967"/></Shape>
	    <String CONTENT="אמ&#39; המלך אין לי עסק אלא עם זה שסיפק"
                    HPOS="2118.0"
                    VPOS="2889.0"
                    WIDTH="1734.0"
                    HEIGHT="183.0"></String>
          </TextLine>

          
          
          <TextLine ID="eSc_line_a2134076"
                    
                    BASELINE="2118 3100 2635 3111 2696 3122 3724 3122 3874 3106" 
                    HPOS="2112.0"
                    VPOS="3033.0"
                    WIDTH="1757.0"
                    HEIGHT="173.0">
            <Shape><Polygon POINTS="2112 3095 2329 3061 2357 3033 2484 3067 2601 3045 2657 3067 2957 3045 3007 3067 3185 3033 3218 3067 3285 3067 3313 3039 3457 3067 3791 3061 3869 3100 3830 3189 3696 3178 3641 3200 3596 3178 3457 3200 3424 3167 3168 3206 3046 3183 2979 3200 2951 3172 2901 3200 2801 3195 2757 3156 2701 3200 2635 3206 2579 3150 2523 3189 2318 3189 2268 3161 2206 3195 2118 3106"/></Shape>
	    <String CONTENT="מזונות כך אמ&#39; הקב&#39;ה&#39; כך היתה עקורה מלכות"
                    HPOS="2112.0"
                    VPOS="3033.0"
                    WIDTH="1757.0"
                    HEIGHT="173.0"></String>
          </TextLine>

          
          
          <TextLine ID="eSc_line_5cdd8658"
                    
                    BASELINE="2112 3245 2623 3245 2679 3256 3852 3256" 
                    HPOS="2106.0"
                    VPOS="3145.0"
                    WIDTH="1740.0"
                    HEIGHT="200.0">
            <Shape><Polygon POINTS="2106 3239 2262 3161 2323 3195 2401 3178 2429 3206 2484 3178 2518 3195 2579 3145 2635 3200 2701 3200 2751 3150 2801 3195 2974 3206 3802 3195 3846 3250 3802 3334 3635 3306 3468 3334 3379 3306 3346 3334 3018 3311 2885 3345 2723 3306 2657 3328 2623 3300 2279 3322 2251 3295 2195 3328 2112 3245"/></Shape>
	    <String CONTENT="מארום ובאת בצרה וסיפקה לו מלכים אמ&#39; [ק]"
                    HPOS="2106.0"
                    VPOS="3145.0"
                    WIDTH="1740.0"
                    HEIGHT="200.0"></String>
          </TextLine>

          
          
          <TextLine ID="eSc_line_cbd62d68"
                    
                    BASELINE="2112 3378 2501 3378 2623 3389 3858 3389" 
                    HPOS="2106.0"
                    VPOS="3306.0"
                    WIDTH="1746.0"
                    HEIGHT="166.0">
            <Shape><Polygon POINTS="2106 3372 2173 3361 2245 3311 2401 3328 2573 3306 2662 3334 2946 3345 3024 3311 3068 3334 3341 3339 3402 3306 3452 3334 3724 3311 3807 3339 3852 3384 3807 3450 3730 3434 3674 3461 3546 3445 3468 3467 3352 3428 3263 3467 3213 3445 3185 3472 3146 3445 2874 3472 2623 3456 2584 3417 2551 3450 2429 3461 2401 3439 2295 3461 2262 3434 2229 3445 2156 3372 2118 3372"/></Shape>
	    <String CONTENT="הקב&#39;ה&#39; אין לי עסק אלא עם בצרה הה כי זבה"
                    HPOS="2106.0"
                    VPOS="3306.0"
                    WIDTH="1746.0"
                    HEIGHT="166.0"></String>
          </TextLine>

          
          
          <TextLine ID="eSc_line_80f8ca26"
                    
                    BASELINE="2079 3511 2384 3511 2501 3522 3769 3522 3863 3500" 
                    HPOS="2073.0"
                    VPOS="3422.0"
                    WIDTH="1785.0"
                    HEIGHT="184.0">
            <Shape><Polygon POINTS="2073 3506 2156 3456 2546 3461 2584 3422 2629 3461 2874 3472 3185 3472 3213 3445 3246 3467 3669 3467 3735 3434 3858 3495 3796 3589 3702 3567 3674 3595 3585 3606 3441 3589 3407 3556 3313 3595 2818 3567 2701 3595 2601 3561 2479 3600 2434 3572 2401 3606 2351 3556 2323 3584 2295 3561 2184 3600 2079 3522"/></Shape>
	    <String CONTENT="לייי בבצרה אמ&#39; ר&#39; ברכיה וטבח גדול כארץ אדום ˙"
                    HPOS="2073.0"
                    VPOS="3422.0"
                    WIDTH="1785.0"
                    HEIGHT="184.0"></String>
          </TextLine>

          
          
          <TextLine ID="eSc_line_88f30b4c"
                    
                    BASELINE="2118 3645 2423 3645 2512 3661 2590 3650 3858 3656" 
                    HPOS="2112.0"
                    VPOS="3561.0"
                    WIDTH="1740.0"
                    HEIGHT="178.0">
            <Shape><Polygon POINTS="2112 3639 2156 3600 2184 3617 2295 3561 2323 3584 2351 3561 2395 3606 2623 3606 2657 3572 2707 3606 2762 3606 2801 3572 2912 3606 3318 3606 3407 3561 3452 3600 3780 3600 3852 3650 3796 3728 3746 3717 3707 3739 3657 3711 3613 3739 3446 3739 3413 3711 3302 3739 3268 3706 3213 3739 3174 3711 3085 3739 2935 3706 2901 3728 2762 3706 2512 3728 2479 3695 2423 3734 2357 3695 2268 3717 2123 3639"/></Shape>
	    <String CONTENT="וימת בעל חנן בן עכבור ר&#39; לוי ור&#39; סימרן ר&#39; לוי"
                    HPOS="2112.0"
                    VPOS="3561.0"
                    WIDTH="1740.0"
                    HEIGHT="178.0"></String>
          </TextLine>

          
          
          <TextLine ID="eSc_line_8a43aaeb"
                    
                    BASELINE="2118 3778 2662 3778 2918 3789 3824 3789" 
                    HPOS="2112.0"
                    VPOS="3706.0"
                    WIDTH="1707.0"
                    HEIGHT="166.0">
            <Shape><Polygon POINTS="2112 3772 2218 3711 2401 3722 2473 3756 2662 3722 3118 3734 3179 3711 3213 3734 3263 3706 3296 3739 3613 3750 3657 3711 3691 3739 3791 3739 3819 3784 3780 3856 3680 3872 3574 3872 3541 3845 3496 3872 3368 3867 3324 3822 3290 3845 3202 3828 3174 3856 3096 3839 3068 3861 2918 3839 2762 3856 2740 3834 2690 3861 2518 3867 2462 3834 2379 3867 2212 3850 2118 3772"/></Shape>
	    <String CONTENT="אמ&#39; מטובי אלקות היו מהיטבאל שהיו"
                    HPOS="2112.0"
                    VPOS="3706.0"
                    WIDTH="1707.0"
                    HEIGHT="166.0"></String>
          </TextLine>

          
          
          <TextLine ID="eSc_line_4ac88d3b"
                    
                    BASELINE="2095 3900 2201 3923 3824 3911" 
                    HPOS="2090.0"
                    VPOS="3828.0"
                    WIDTH="1729.0"
                    HEIGHT="195.0">
            <Shape><Polygon POINTS="2090 3895 2179 3834 2234 3867 2685 3872 3024 3850 3068 3867 3096 3839 3179 3856 3207 3828 3240 3861 3785 3872 3819 3906 3785 4000 3674 4011 3641 3984 3524 4023 3485 3989 3263 4006 3229 3973 3124 4000 3068 3945 2951 4006 2718 3995 2668 3961 2618 3995 2429 3967 2379 4000 2334 3984 2245 4011 2106 3900"/></Shape>
	    <String CONTENT="מטיבין עצמן לע&#39;ז ˙ בת מטרד שהיו"
                    HPOS="2090.0"
                    VPOS="3828.0"
                    WIDTH="1729.0"
                    HEIGHT="195.0"></String>
          </TextLine>

          
          
          <TextLine ID="eSc_line_eb65638e"
                    
                    BASELINE="2090 4061 2201 4056 2518 4067 3824 4045" 
                    HPOS="2084.0"
                    VPOS="3956.0"
                    WIDTH="1735.0"
                    HEIGHT="194.0">
            <Shape><Polygon POINTS="2084 4056 2145 4045 2184 4006 2434 4017 2496 3984 2579 4011 2646 3973 2701 4006 2946 4006 3063 3956 3124 4011 3341 4000 3541 4023 3774 4000 3819 4039 3791 4128 3580 4139 3491 4111 3446 4150 3391 4111 3274 4123 3246 4095 3129 4134 2996 4139 2946 4100 2924 4123 2879 4106 2835 4139 2762 4123 2740 4145 2657 4145 2612 4111 2518 4139 2218 4145 2129 4056"/></Shape>
	    <String CONTENT="מעמידין טיריות לע&#39;ז&#39; ˙ ר&#39; סימון אמ&#39; מטיבי"
                    HPOS="2084.0"
                    VPOS="3956.0"
                    WIDTH="1735.0"
                    HEIGHT="194.0"></String>
          </TextLine>

          
          
          <TextLine ID="eSc_line_50611188"
                    
                    BASELINE="2079 4195 2240 4184 3680 4189 3858 4173" 
                    HPOS="2073.0"
                    VPOS="4111.0"
                    WIDTH="1779.0"
                    HEIGHT="156.0">
            <Shape><Polygon POINTS="2073 4189 2162 4139 3013 4139 3157 4111 3324 4111 3429 4150 3502 4128 3785 4128 3852 4167 3785 4261 3513 4256 3446 4234 3418 4256 3101 4256 3040 4223 2979 4256 2184 4267 2106 4189"/></Shape>
	    <String CONTENT="נשים היו מהיבט מהיטבאל בת מטרד שהיו"
                    HPOS="2073.0"
                    VPOS="4111.0"
                    WIDTH="1779.0"
                    HEIGHT="156.0"></String>
          </TextLine>

          
          
          <TextLine ID="eSc_line_97724f94"
                    
                    BASELINE="2112 4311 2662 4311 2718 4323 2796 4317 2862 4328 2924 4311 3841 4311" 
                    HPOS="2106.0"
                    VPOS="4239.0"
                    WIDTH="1729.0"
                    HEIGHT="167.0">
            <Shape><Polygon POINTS="2106 4306 2156 4267 3057 4267 3196 4239 3229 4261 3785 4261 3835 4306 3757 4389 3657 4389 3630 4367 3507 4395 3468 4361 3402 4384 3352 4350 3307 4384 3240 4367 3068 4389 3040 4367 3013 4389 2768 4356 2673 4389 2646 4367 2540 4384 2501 4356 2451 4389 2295 4373 2257 4406 2112 4306"/></Shape>
	    <String CONTENT="מטיבין אותה לבעלה ואחר כך היו טורדין ˙"
                    HPOS="2106.0"
                    VPOS="4239.0"
                    WIDTH="1729.0"
                    HEIGHT="167.0"></String>
          </TextLine>

          
          
          <TextLine ID="eSc_line_8621f427"
                    
                    BASELINE="2112 4450 3613 4450 3730 4462 3835 4434" 
                    HPOS="2106.0"
                    VPOS="4350.0"
                    WIDTH="1724.0"
                    HEIGHT="189.0">
            <Shape><Polygon POINTS="2106 4445 2173 4378 2223 4406 2490 4384 3279 4395 3346 4350 3391 4389 3774 4384 3830 4428 3774 4523 3218 4523 3101 4517 3074 4489 2879 4523 2751 4489 2690 4517 2623 4500 2596 4528 2423 4506 2329 4539 2229 4506 2156 4539 2112 4495"/></Shape>
	    <String CONTENT="אותה מבעלה בת מי זהב סראדין הוו מן [דע&#39;]"
                    HPOS="2106.0"
                    VPOS="4350.0"
                    WIDTH="1724.0"
                    HEIGHT="189.0"></String>
          </TextLine>

          
          
          <TextLine ID="eSc_line_55317675"
                    
                    BASELINE="2179 4578 3746 4589 3858 4567" 
                    HPOS="2173.0"
                    VPOS="4517.0"
                    WIDTH="1679.0"
                    HEIGHT="156.0">
            <Shape><Polygon POINTS="2173 4573 2234 4573 2284 4539 2640 4517 3585 4517 3774 4528 3852 4562 3785 4645 3685 4656 3663 4634 3618 4656 3552 4628 3507 4662 3468 4634 3302 4656 3257 4628 3196 4667 3140 4634 3018 4667 2985 4639 2584 4656 2557 4628 2523 4662 2468 4639 2390 4673 2345 4639 2301 4673 2206 4578 2179 4578"/></Shape>
	    <String CONTENT="דעתידין דאמרין מהו דהבא מהו כספא ˙"
                    HPOS="2173.0"
                    VPOS="4517.0"
                    WIDTH="1679.0"
                    HEIGHT="156.0"></String>
          </TextLine>

          
          
          <TextLine ID="eSc_line_7cc8f938"
                    
                    BASELINE="2141 4730 3846 4725" 
                    HPOS="2140.0"
                    VPOS="4612.0"
                    WIDTH="1701.0"
                    HEIGHT="188.0">
            <Shape><Polygon POINTS="2140 4728 2145 4612 2218 4667 2312 4667 2357 4634 2395 4673 2468 4639 2512 4667 3207 4667 3257 4628 3302 4656 3496 4667 3763 4650 3841 4723 3774 4773 3735 4756 3713 4778 3474 4789 3407 4756 3318 4778 3268 4750 3218 4750 3185 4784 3024 4767 2996 4789 2935 4750 2862 4784 2790 4745 2635 4789 2546 4789 2501 4750 2451 4800 2412 4773 2190 4795 2145 4750"/></Shape>
	    <String CONTENT="אלוף מגדיאל אלוף עירם יום שמלךלטי"
                    HPOS="2140.0"
                    VPOS="4612.0"
                    WIDTH="1701.0"
                    HEIGHT="188.0"></String>
          </TextLine>

          
          
          <TextLine ID="eSc_line_109669f9"
                    TAGREFS="LT3"
                    BASELINE="2697 4794 2881 4794" 
                    HPOS="2697"
                    VPOS="4764"
                    WIDTH="184"
                    HEIGHT="60">
            <Shape><Polygon POINTS="2697 4764 2881 4764 2881 4824 2697 4824"/></Shape>
	    <String CONTENT=""
                    HPOS="2697"
                    VPOS="4764"
                    WIDTH="184"
                    HEIGHT="60"></String>
          </TextLine>

          
          
          <TextLine ID="eSc_line_661f294d"
                    
                    BASELINE="2123 4854 3846 4845" 
                    HPOS="2118.0"
                    VPOS="4734.0"
                    WIDTH="1723.0"
                    HEIGHT="189.0">
            <Shape><Polygon POINTS="2118 4850 2129 4734 2190 4795 2457 4800 2507 4756 2546 4795 2701 4784 2723 4806 2824 4812 2885 4784 3185 4778 3218 4745 3257 4778 3457 4789 3707 4784 3741 4756 3841 4839 3774 4895 3713 4889 3685 4912 3641 4884 3596 4912 3424 4912 3391 4889 3341 4912 3252 4884 2890 4912 2773 4884 2729 4917 2529 4900 2496 4923 2446 4889 2301 4923 2179 4917 2123 4873"/></Shape>
	    <String CONTENT="ליטינוס נראה לרבו בחלום ˙ יום שמלך מגדיאל"
                    HPOS="2118.0"
                    VPOS="4734.0"
                    WIDTH="1723.0"
                    HEIGHT="189.0"></String>
          </TextLine>

          
          
          <TextLine ID="eSc_line_521d7f07"
                    
                    BASELINE="2109 4982 3837 4982" 
                    HPOS="2106.0"
                    VPOS="4884.0"
                    WIDTH="1729.0"
                    HEIGHT="183.0">
            <Shape><Polygon POINTS="2106 4978 2118 4934 2156 4923 2345 4934 2434 4900 2496 4928 2746 4917 2779 4884 2829 4912 3396 4900 3646 4928 3774 4900 3835 4978 3780 5039 3691 5045 3635 5012 3602 5039 3541 5039 3491 5001 3441 5034 3402 4995 3352 5039 3302 5001 3235 5034 3124 5012 3090 5039 2868 5039 2835 5012 2740 5039 2596 5039 2568 5017 2390 5045 2362 5023 2329 5051 2145 5067 2118 5045"/></Shape>
	    <String CONTENT="אמ עוד מלך אחד נתבקש לאדום ˙ אמ&#39; ר&#39; חנינא"
                    HPOS="2106.0"
                    VPOS="4884.0"
                    WIDTH="1729.0"
                    HEIGHT="183.0"></String>
          </TextLine>

          
          
          <TextLine ID="eSc_line_348a02e7"
                    
                    BASELINE="2095 5101 3830 5084" 
                    HPOS="2090.0"
                    VPOS="4995.0"
                    WIDTH="1734.0"
                    HEIGHT="189.0">
            <Shape><Polygon POINTS="2090 5095 2162 5056 2340 5039 3352 5034 3391 4995 3429 5028 3774 5045 3824 5078 3791 5134 3719 5178 3618 5178 3574 5139 3313 5145 3202 5173 3146 5117 3096 5162 3029 5173 2851 5128 2801 5162 2707 5139 2562 5178 2440 5156 2395 5173 2362 5151 2307 5184 2279 5156 2212 5167 2129 5095"/></Shape>
	    <String CONTENT="ציפוריא למה נקרא שמו עירם שהוא עתיד"
                    HPOS="2090.0"
                    VPOS="4995.0"
                    WIDTH="1734.0"
                    HEIGHT="189.0"></String>
          </TextLine>

          
          
          <TextLine ID="eSc_line_1087d04a"
                    
                    BASELINE="2112 5223 3724 5234 3835 5212" 
                    HPOS="2106.0"
                    VPOS="5156.0"
                    WIDTH="1724.0"
                    HEIGHT="133.0">
            <Shape><Polygon POINTS="2106 5217 2118 5184 2245 5184 2273 5156 2307 5184 2395 5184 2418 5162 2457 5184 2829 5162 2968 5184 2996 5156 3630 5184 3774 5156 3830 5206 3813 5256 3741 5289 3335 5256 3107 5284 3063 5262 3035 5289 2963 5262 2685 5278 2640 5251 2568 5251 2507 5284 2145 5284 2112 5256"/></Shape>
	    <String CONTENT="לערים תיסוריות למלך המשיח ˙ אמ&#39; ר&#39; לוי [נ]"
                    HPOS="2106.0"
                    VPOS="5156.0"
                    WIDTH="1724.0"
                    HEIGHT="133.0"></String>
          </TextLine>

          
        </TextBlock>
        
        <TextBlock HPOS="263.0"
                   VPOS="618.0"
                   WIDTH="1556.0"
                   HEIGHT="4712.0"
                   ID="eSc_textblock_51e85709"
                   TAGREFS="BT2">
          <Shape><Polygon POINTS="307 5330 340 5286 1819 5301 1819 618 307 637 263 2696 263 4589 307 5330"/></Shape>
          
          
          <TextLine ID="eSc_line_9f56f7e7"
                    
                    BASELINE="311 814 867 716 1617 694 1856 705" 
                    HPOS="305.0"
                    VPOS="644.0"
                    WIDTH="1546.0"
                    HEIGHT="206.0">
            <Shape><Polygon POINTS="305 811 311 755 617 694 650 711 744 677 1039 655 1150 672 1184 644 1228 666 1273 644 1345 666 1423 650 1450 672 1573 644 1834 644 1851 700 1778 750 1412 772 1356 739 1245 789 1195 761 828 772 783 800 689 783 600 822 533 811 433 850 311 811"/></Shape>
	    <String CONTENT="מעשה בשלטון אחד ברומי שהיה מנזכן תיסוי"
                    HPOS="305.0"
                    VPOS="644.0"
                    WIDTH="1546.0"
                    HEIGHT="206.0"></String>
          </TextLine>

          
          
          <TextLine ID="eSc_line_aeaea607"
                    
                    BASELINE="308 973 644 894 706 900 889 872 1145 872 1217 883 1284 866 1345 866 1423 850 1851 850" 
                    HPOS="305.0"
                    VPOS="761.0"
                    WIDTH="1540.0"
                    HEIGHT="261.0">
            <Shape><Polygon POINTS="305 972 350 866 394 877 511 833 650 850 706 789 789 827 856 766 922 822 1256 811 1345 761 1389 800 1450 805 1778 800 1845 844 1817 916 1773 911 1740 939 1628 933 1595 905 1562 939 1389 939 1317 894 1284 933 1172 944 1106 916 1078 944 756 966 711 939 689 966 594 955 550 994 444 994 383 1022 316 972"/></Shape>
	    <String CONTENT="תיסוריות של אביו נראה לו אליהו בחלום אמ&#39; ]"
                    HPOS="305.0"
                    VPOS="761.0"
                    WIDTH="1540.0"
                    HEIGHT="261.0"></String>
          </TextLine>

          
          
          <TextLine ID="eSc_line_a8a599f4"
                    
                    BASELINE="311 1061 895 1005 1217 1016 1273 1000 1478 983 1773 983 1878 1000" 
                    HPOS="305.0"
                    VPOS="911.0"
                    WIDTH="1568.0"
                    HEIGHT="233.0">
            <Shape><Polygon POINTS="305 1055 366 1022 528 1005 600 961 650 977 1022 939 1734 944 1762 916 1840 911 1873 994 1801 1061 1606 1083 1567 1050 1512 1077 1423 1055 1323 1083 861 1072 689 1105 650 1089 422 1144 316 1077"/></Shape>
	    <String CONTENT="לו אבותיך מצמתין ואתה מבובז לא זז עד"
                    HPOS="305.0"
                    VPOS="911.0"
                    WIDTH="1568.0"
                    HEIGHT="233.0"></String>
          </TextLine>

          
          
          <TextLine ID="eSc_line_c862e320"
                    
                    BASELINE="311 1220 416 1183 539 1161 661 1161 800 1133 867 1144 1834 1133" 
                    HPOS="305.0"
                    VPOS="1055.0"
                    WIDTH="1523.0"
                    HEIGHT="217.0">
            <Shape><Polygon POINTS="305 1216 311 1178 383 1105 428 1150 644 1094 844 1077 1523 1083 1567 1055 1606 1089 1745 1077 1828 1128 1751 1211 1628 1189 1273 1211 1245 1183 1223 1205 889 1200 655 1228 617 1189 544 1255 494 1239 311 1272"/></Shape>
	    <String CONTENT="שמלאן החטים והקש והתבן מדינין אילו []"
                    HPOS="305.0"
                    VPOS="1055.0"
                    WIDTH="1523.0"
                    HEIGHT="217.0"></String>
          </TextLine>

          
          
          <TextLine ID="eSc_line_9de7248b"
                    
                    BASELINE="305 1305 900 1272 1039 1278 1489 1250 1834 1250" 
                    HPOS="300.0"
                    VPOS="1200.0"
                    WIDTH="1528.0"
                    HEIGHT="194.0">
            <Shape><Polygon POINTS="300 1300 411 1255 567 1250 617 1200 661 1233 1645 1200 1784 1205 1828 1244 1817 1305 1767 1344 1456 1305 1400 1333 1306 1316 1184 1339 1145 1311 1011 1344 939 1328 861 1350 778 1333 744 1361 550 1355 522 1378 455 1361 411 1394 361 1394 311 1350"/></Shape>
	    <String CONTENT="עם אילו החיטין אומרות בשבילנו נזרעה"
                    HPOS="300.0"
                    VPOS="1200.0"
                    WIDTH="1528.0"
                    HEIGHT="194.0"></String>
          </TextLine>

          
          
          <TextLine ID="eSc_line_347f94eb"
                    
                    BASELINE="275 1468 878 1405 1139 1383 1845 1389" 
                    HPOS="272.0"
                    VPOS="1322.0"
                    WIDTH="1568.0"
                    HEIGHT="189.0">
            <Shape><Polygon POINTS="272 1466 339 1394 750 1355 772 1328 806 1350 1139 1322 1178 1344 1634 1333 1790 1344 1840 1383 1801 1466 1473 1444 1417 1466 767 1455 722 1483 528 1483 472 1505 422 1472 389 1511 294 1466"/></Shape>
	    <String CONTENT="השרה והקש אומרת כשכילי נזרעה השדה"
                    HPOS="272.0"
                    VPOS="1322.0"
                    WIDTH="1568.0"
                    HEIGHT="189.0"></String>
          </TextLine>

          
          
          <TextLine ID="eSc_line_d9554b49"
                    
                    BASELINE="284 1590 628 1544 867 1516 1773 1522 1867 1500" 
                    HPOS="283.0"
                    VPOS="1439.0"
                    WIDTH="1579.0"
                    HEIGHT="200.0">
            <Shape><Polygon POINTS="283 1589 350 1511 416 1478 472 1505 1122 1444 1412 1466 1450 1439 1478 1461 1734 1461 1862 1494 1801 1600 1701 1578 1601 1600 1517 1572 1217 1594 1128 1555 1072 1600 650 1589 344 1639 289 1589"/></Shape>
	    <String CONTENT="והתבן אמ&#39; בשבילי נזרעה השדה אמרו להם"
                    HPOS="283.0"
                    VPOS="1439.0"
                    WIDTH="1579.0"
                    HEIGHT="200.0"></String>
          </TextLine>

          
          
          <TextLine ID="eSc_line_5a0bbf39"
                    
                    BASELINE="282 1727 633 1678 900 1650 1828 1655" 
                    HPOS="277.0"
                    VPOS="1566.0"
                    WIDTH="1546.0"
                    HEIGHT="212.0">
            <Shape><Polygon POINTS="277 1722 327 1639 644 1600 1445 1594 1517 1566 1595 1600 1773 1589 1823 1650 1784 1700 1701 1733 1500 1700 1306 1733 1156 1711 1117 1744 956 1700 900 1728 655 1744 583 1717 511 1755 450 1744 327 1778 283 1750"/></Shape>
	    <String CONTENT="ישראל תבא השעה ואתם רואין וכיון שהגע"
                    HPOS="277.0"
                    VPOS="1566.0"
                    WIDTH="1546.0"
                    HEIGHT="212.0"></String>
          </TextLine>

          
          
          <TextLine ID="eSc_line_2e2fced8"
                    
                    BASELINE="244 1817 483 1811 622 1794 750 1794 806 1783 1389 1789 1456 1778 1840 1778" 
                    HPOS="239.0"
                    VPOS="1700.0"
                    WIDTH="1595.0"
                    HEIGHT="194.0">
            <Shape><Polygon POINTS="239 1811 567 1722 611 1744 889 1733 961 1700 1122 1744 1150 1722 1784 1728 1834 1772 1745 1867 1211 1855 1134 1828 1000 1861 889 1828 850 1861 789 1844 628 1867 567 1844 522 1872 339 1894 255 1811"/></Shape>
	    <String CONTENT="עונת הגורן התחיל בעל השדה נוטל את הקש"
                    HPOS="239.0"
                    VPOS="1700.0"
                    WIDTH="1595.0"
                    HEIGHT="194.0"></String>
          </TextLine>

          
          
          <TextLine ID="eSc_line_175d4a65"
                    
                    BASELINE="266 1933 617 1928 672 1917 1863 1917" 
                    HPOS="261.0"
                    VPOS="1828.0"
                    WIDTH="1601.0"
                    HEIGHT="194.0">
            <Shape><Polygon POINTS="261 1928 316 1889 561 1855 850 1861 889 1828 989 1861 1778 1867 1862 1911 1845 1972 1795 1989 1506 1989 1384 1961 1323 1983 1200 1961 1145 1989 950 1989 895 1961 806 2000 633 1983 533 2017 455 2000 389 2022 333 2017 266 1967"/></Shape>
	    <String CONTENT="ושורפו ואת התבן ומשליכו והחיטין מעמידין"
                    HPOS="261.0"
                    VPOS="1828.0"
                    WIDTH="1601.0"
                    HEIGHT="194.0"></String>
          </TextLine>

          
          
          <TextLine ID="eSc_line_fdf6e122"
                    
                    BASELINE="250 2061 555 2061 622 2050 1117 2055 1228 2044 1840 2044" 
                    HPOS="244.0"
                    VPOS="1961.0"
                    WIDTH="1590.0"
                    HEIGHT="194.0">
            <Shape><Polygon POINTS="244 2055 300 2000 433 2022 717 1983 1167 1989 1200 1961 1250 1983 1384 1961 1500 1989 1773 1989 1834 2039 1740 2122 1695 2094 1489 2122 1434 2094 1200 2089 1172 2117 989 2133 756 2100 728 2128 628 2139 583 2105 522 2139 461 2122 405 2155 333 2133 255 2055"/></Shape>
	    <String CONTENT="כרי והתחילו הכל מנשקין אותן כך ישראל"
                    HPOS="244.0"
                    VPOS="1961.0"
                    WIDTH="1590.0"
                    HEIGHT="194.0"></String>
          </TextLine>

          
          
          <TextLine ID="eSc_line_1945116a"
                    
                    BASELINE="266 2200 511 2194 583 2183 1845 2183" 
                    HPOS="261.0"
                    VPOS="2089.0"
                    WIDTH="1579.0"
                    HEIGHT="189.0">
            <Shape><Polygon POINTS="261 2194 266 2167 283 2183 327 2139 411 2155 466 2128 728 2133 761 2100 794 2128 1228 2128 1273 2089 1345 2122 1489 2133 1790 2128 1840 2178 1801 2256 1734 2267 1550 2244 1506 2272 1417 2239 1395 2261 1217 2239 1072 2256 1039 2222 800 2267 689 2222 633 2267 511 2244 478 2278 350 2278 266 2222"/></Shape>
	    <String CONTENT="ואומות העולם אומות העולם אומרין"
                    HPOS="261.0"
                    VPOS="2089.0"
                    WIDTH="1579.0"
                    HEIGHT="189.0"></String>
          </TextLine>

          
          
          <TextLine ID="eSc_line_641d771e"
                    
                    BASELINE="266 2328 533 2317 1773 2322 1867 2300" 
                    HPOS="261.0"
                    VPOS="2222.0"
                    WIDTH="1601.0"
                    HEIGHT="189.0">
            <Shape><Polygon POINTS="261 2322 272 2267 611 2272 694 2222 778 2267 978 2272 1045 2228 1078 2261 1562 2256 1790 2267 1862 2294 1845 2344 1773 2406 1462 2383 1111 2400 1067 2372 1045 2394 972 2378 878 2400 839 2361 794 2389 739 2367 644 2394 594 2361 539 2400 339 2411 266 2350"/></Shape>
	    <String CONTENT="בשבילנו נברא העולם אמרו להם ישראל [תב&#39;]"
                    HPOS="261.0"
                    VPOS="2222.0"
                    WIDTH="1601.0"
                    HEIGHT="189.0"></String>
          </TextLine>

          
          
          <TextLine ID="eSc_line_901c2a89"
                    
                    BASELINE="255 2444 1545 2456 1856 2439" 
                    HPOS="250.0"
                    VPOS="2367.0"
                    WIDTH="1601.0"
                    HEIGHT="177.0">
            <Shape><Polygon POINTS="250 2439 322 2406 555 2400 589 2367 644 2400 733 2406 839 2367 878 2406 1545 2394 1790 2406 1851 2433 1823 2500 1745 2539 1022 2517 922 2544 878 2511 783 2539 655 2500 594 2528 405 2522 378 2544 327 2533 255 2461"/></Shape>
	    <String CONTENT="תבוא השעה ואתם רואין לעתיד לבוא שנא&#39;"
                    HPOS="250.0"
                    VPOS="2367.0"
                    WIDTH="1601.0"
                    HEIGHT="177.0"></String>
          </TextLine>

          
          
          <TextLine ID="eSc_line_7f446181"
                    
                    BASELINE="244 2589 1851 2578" 
                    HPOS="239.0"
                    VPOS="2517.0"
                    WIDTH="1606.0"
                    HEIGHT="161.0">
            <Shape><Polygon POINTS="239 2583 316 2528 405 2556 466 2528 794 2539 867 2517 917 2544 1662 2533 1845 2572 1828 2633 1773 2672 1512 2661 1428 2628 1389 2661 1306 2639 1278 2661 950 2667 917 2644 772 2672 728 2628 667 2667 572 2661 522 2628 455 2672 394 2650 344 2678 250 2583"/></Shape>
	    <String CONTENT="תזרם ורוח תשאם וסערה תפיץ אותם אבל ישר&#39;"
                    HPOS="239.0"
                    VPOS="2517.0"
                    WIDTH="1606.0"
                    HEIGHT="161.0"></String>
          </TextLine>

          
          
          <TextLine ID="eSc_line_59b6da6d"
                    
                    BASELINE="389 2700 505 2722 1762 2717 1856 2733" 
                    HPOS="383.0"
                    VPOS="2622.0"
                    WIDTH="1468.0"
                    HEIGHT="195.0">
            <Shape><Polygon POINTS="383 2694 411 2661 439 2689 522 2628 572 2667 655 2667 728 2622 783 2672 1278 2667 1306 2639 1395 2661 1434 2628 1556 2667 1790 2667 1851 2728 1773 2811 1695 2817 1489 2811 1423 2778 1373 2789 1334 2750 1172 2806 772 2806 722 2756 689 2756 655 2789 522 2811 389 2700"/></Shape>
	    <String CONTENT="ואתה תגל&#39; בייי ובקדוש ישראל תתהלל"
                    HPOS="383.0"
                    VPOS="2622.0"
                    WIDTH="1468.0"
                    HEIGHT="195.0"></String>
          </TextLine>

          
          
          <TextLine ID="eSc_line_5b4a8e01"
                    
                    BASELINE="511 2833 1111 2828 1167 2839 1545 2839" 
                    HPOS="505.0"
                    VPOS="2756.0"
                    WIDTH="1034.0"
                    HEIGHT="177.0">
            <Shape><Polygon POINTS="505 2828 655 2789 689 2756 778 2817 1150 2828 1328 2756 1367 2795 1428 2789 1539 2833 1467 2928 1400 2933 1206 2922 1111 2828 839 2828 750 2911 683 2922 550 2828"/></Shape>
	    <String CONTENT="פרשת ˙ פד ˙"
                    HPOS="505.0"
                    VPOS="2756.0"
                    WIDTH="1034.0"
                    HEIGHT="177.0"></String>
          </TextLine>

          
          
          <TextLine ID="eSc_line_473b03c4"
                    
                    BASELINE="339 2967 939 2961 1478 2978 1856 2967" 
                    HPOS="333.0"
                    VPOS="2872.0"
                    WIDTH="1518.0"
                    HEIGHT="189.0">
            <Shape><Polygon POINTS="333 2961 361 2906 416 2895 622 2883 706 2922 789 2883 906 2911 1017 2872 1150 2878 1195 2917 1395 2928 1467 2928 1528 2883 1639 2878 1717 2928 1773 2922 1851 2961 1784 3056 1728 3022 1689 3056 1617 3061 1545 3028 1473 3061 1284 3056 1206 3017 1172 3045 1000 3045 906 3000 811 3045 583 3039 544 3000 505 3039 372 3045 339 3011"/></Shape>
	    <String CONTENT="וישב יעקב בארץ מגורי אביו בארץ כנש"
                    HPOS="333.0"
                    VPOS="2872.0"
                    WIDTH="1518.0"
                    HEIGHT="189.0"></String>
          </TextLine>

          
          
          <TextLine ID="eSc_line_9c47cb96"
                    
                    BASELINE="294 3095 1150 3095 1311 3111 1578 3111 1695 3122 1845 3106" 
                    HPOS="289.0"
                    VPOS="3011.0"
                    WIDTH="1551.0"
                    HEIGHT="200.0">
            <Shape><Polygon POINTS="289 3089 316 3039 511 3045 550 3011 589 3045 794 3050 917 3011 972 3045 1067 3050 1767 3056 1840 3100 1767 3195 1545 3189 1517 3167 1467 3211 1395 3195 1345 3150 1250 3189 1184 3161 1122 3189 1089 3156 1028 3189 917 3150 850 3189 817 3156 578 3172 461 3150 416 3172 294 3133"/></Shape>
	    <String CONTENT="כתיב בזעקך יצילוך קבוציך ואת כולם ישאהון"
                    HPOS="289.0"
                    VPOS="3011.0"
                    WIDTH="1551.0"
                    HEIGHT="200.0"></String>
          </TextLine>

          
          
          <TextLine ID="eSc_line_bba24a85"
                    
                    BASELINE="289 3233 794 3228 850 3239 1334 3245 1389 3256 1623 3256 1840 3239" 
                    HPOS="283.0"
                    VPOS="3156.0"
                    WIDTH="1551.0"
                    HEIGHT="178.0">
            <Shape><Polygon POINTS="283 3228 327 3172 789 3189 817 3167 856 3195 928 3156 967 3189 1311 3189 1467 3222 1500 3189 1756 3195 1834 3233 1778 3328 1751 3300 1712 3334 1623 3311 1506 3322 1478 3295 1456 3317 1289 3306 1250 3328 1100 3328 1061 3295 1017 3322 978 3283 900 3283 844 3317 789 3289 756 3322 600 3289 555 3317 450 3289 416 3311 383 3278 350 3306 289 3245"/></Shape>
	    <String CONTENT="ויקח הכל והחוסה בו ינחל ארץ וירש הר קדשי"
                    HPOS="283.0"
                    VPOS="3156.0"
                    WIDTH="1551.0"
                    HEIGHT="178.0"></String>
          </TextLine>

          
          
          <TextLine ID="eSc_line_375f717c"
                    
                    BASELINE="303 3378 1819 3411" 
                    HPOS="300.0"
                    VPOS="3278.0"
                    WIDTH="1517.0"
                    HEIGHT="189.0">
            <Shape><Polygon POINTS="300 3372 311 3295 350 3317 383 3289 411 3317 922 3322 978 3278 1017 3317 1089 3328 1745 3328 1806 3367 1817 3406 1756 3467 1623 3467 1562 3439 1495 3461 1250 3456 1117 3417 1067 3461 1022 3428 956 3428 917 3456 861 3428 833 3445 806 3417 750 3450 305 3428"/></Shape>
	    <String CONTENT="כנוסו וכנוס בניו הצילו מיד עשו ואת כולם [ש&#39;]"
                    HPOS="300.0"
                    VPOS="3278.0"
                    WIDTH="1517.0"
                    HEIGHT="189.0"></String>
          </TextLine>

          
          
          <TextLine ID="eSc_line_74fa69b6"
                    
                    BASELINE="266 3484 455 3500 839 3495 1345 3511 1467 3522 1756 3522 1851 3500" 
                    HPOS="261.0"
                    VPOS="3417.0"
                    WIDTH="1584.0"
                    HEIGHT="183.0">
            <Shape><Polygon POINTS="261 3478 316 3422 372 3456 405 3428 494 3456 878 3461 1072 3456 1122 3417 1167 3456 1790 3456 1845 3495 1790 3572 1595 3600 1567 3572 1412 3561 1367 3595 1278 3572 1161 3589 1128 3550 1095 3578 1011 3561 961 3595 728 3561 611 3589 500 3556 450 3578 400 3545 344 3561 266 3484"/></Shape>
	    <String CONTENT="ישארוח ויקח הכל זה עשו והחוסה בו ינחל"
                    HPOS="261.0"
                    VPOS="3417.0"
                    WIDTH="1584.0"
                    HEIGHT="183.0"></String>
          </TextLine>

          
          
          <TextLine ID="eSc_line_5b414d14"
                    
                    BASELINE="305 3622 472 3622 533 3634 906 3628 972 3639 1250 3645 1311 3656 1834 3645" 
                    HPOS="300.0"
                    VPOS="3561.0"
                    WIDTH="1528.0"
                    HEIGHT="184.0">
            <Shape><Polygon POINTS="300 3617 327 3567 361 3561 639 3595 1795 3595 1828 3639 1767 3722 1662 3695 1612 3745 1523 3700 1400 3728 1367 3700 1300 3722 1267 3689 1167 3722 1072 3695 995 3722 867 3717 844 3695 800 3722 722 3722 572 3684 528 3711 344 3689 305 3650"/></Shape>
	    <String CONTENT="ארץ וירש הר הקודש זה יעקב ˙ וישב יעקב"
                    HPOS="300.0"
                    VPOS="3561.0"
                    WIDTH="1528.0"
                    HEIGHT="184.0"></String>
          </TextLine>

          
          
          <TextLine ID="eSc_line_c32661b1"
                    
                    BASELINE="289 3734 589 3767 972 3767 1445 3778 1567 3789 1751 3789 1856 3767" 
                    HPOS="283.0"
                    VPOS="3689.0"
                    WIDTH="1568.0"
                    HEIGHT="183.0">
            <Shape><Polygon POINTS="283 3728 378 3689 756 3728 1072 3706 1134 3728 1617 3739 1673 3695 1706 3734 1790 3728 1851 3761 1834 3811 1745 3872 1651 3861 1606 3828 1517 3867 1384 3822 1339 3861 1273 3872 1184 3806 1128 3850 1011 3828 895 3861 761 3839 722 3856 667 3828 600 3839 567 3811 500 3850 405 3806 333 3811 289 3767"/></Shape>
	    <String CONTENT="וגומ&#39; ˙ נסו ואין רודף רשע ערק רשיעא והלא"
                    HPOS="283.0"
                    VPOS="3689.0"
                    WIDTH="1568.0"
                    HEIGHT="183.0"></String>
          </TextLine>

          
          
          <TextLine ID="eSc_line_8a2071e7"
                    
                    BASELINE="294 3884 394 3867 500 3889 567 3889 622 3900 945 3895 1456 3923 1762 3917 1856 3934" 
                    HPOS="289.0"
                    VPOS="3806.0"
                    WIDTH="1562.0"
                    HEIGHT="194.0">
            <Shape><Polygon POINTS="289 3878 300 3834 394 3811 489 3850 572 3834 1061 3861 1128 3856 1184 3806 1267 3872 1361 3867 1395 3834 1500 3872 1617 3850 1778 3867 1851 3928 1778 3989 1723 4000 1689 3973 1562 4000 1517 3961 1473 3989 1439 3961 1367 3984 1317 3956 1250 3989 1189 3945 1100 3995 1061 3967 1022 3995 867 3995 806 3984 767 3945 711 3989 661 3989 594 3961 455 3967 405 3911 366 3950 294 3934"/></Shape>
	    <String CONTENT="רדיפין ˙ וילך אל ארץ מפני יעקב אחיו רא"
                    HPOS="289.0"
                    VPOS="3806.0"
                    WIDTH="1562.0"
                    HEIGHT="194.0"></String>
          </TextLine>

          
          
          <TextLine ID="eSc_line_f772d7c5"
                    
                    BASELINE="272 4011 378 4006 761 4034 950 4028 1084 4039 1356 4045 1428 4056 1740 4056 1834 4034" 
                    HPOS="266.0"
                    VPOS="3923.0"
                    WIDTH="1562.0"
                    HEIGHT="216.0">
            <Shape><Polygon POINTS="266 4006 305 3934 361 3956 405 3923 455 3973 633 3989 744 3956 794 3995 1000 4000 1634 4000 1673 3978 1828 4028 1767 4111 1695 4128 1656 4106 1584 4139 1517 4089 1439 4117 1345 4095 1250 4134 1139 4095 1095 4123 956 4095 806 4123 733 4078 661 4106 455 4106 378 4056 322 4073 272 4023"/></Shape>
	    <String CONTENT="אלעזר אמ מפני שטר חוב ר&#39; יהושע בן לו"
                    HPOS="266.0"
                    VPOS="3923.0"
                    WIDTH="1562.0"
                    HEIGHT="216.0"></String>
          </TextLine>

          
          
          <TextLine ID="eSc_line_21f2b5e0"
                    
                    BASELINE="300 4134 405 4145 461 4134 516 4156 706 4167 833 4161 889 4173 1117 4189 1817 4189" 
                    HPOS="294.0"
                    VPOS="4061.0"
                    WIDTH="1518.0"
                    HEIGHT="212.0">
            <Shape><Polygon POINTS="294 4128 378 4061 455 4106 633 4134 717 4084 756 4117 833 4128 933 4134 967 4106 1006 4134 1128 4139 1306 4134 1345 4100 1373 4134 1751 4134 1812 4184 1778 4267 1651 4273 1256 4239 1184 4261 1145 4228 1095 4267 928 4267 867 4217 783 4250 578 4217 511 4239 333 4206 300 4173"/></Shape>
	    <String CONTENT="מפני הכושה וצדיק ככפיר יבטח וישב יכהב"
                    HPOS="294.0"
                    VPOS="4061.0"
                    WIDTH="1518.0"
                    HEIGHT="212.0"></String>
          </TextLine>

          
          
          <TextLine ID="eSc_line_a8928ce6"
                    
                    BASELINE="283 4250 444 4278 561 4278 711 4306 900 4295 1134 4323 1838 4343" 
                    HPOS="277.0"
                    VPOS="4206.0"
                    WIDTH="1557.0"
                    HEIGHT="205.0">
            <Shape><Polygon POINTS="277 4245 339 4206 522 4245 589 4228 772 4256 839 4234 989 4273 1039 4245 1111 4267 1139 4239 1223 4267 1562 4261 1790 4278 1834 4339 1790 4411 1734 4384 1634 4384 1595 4411 1545 4384 1456 4400 1384 4356 1211 4395 1150 4367 1100 4395 1039 4389 1011 4356 972 4389 828 4389 767 4361 717 4378 678 4334 633 4361 472 4361 439 4323 350 4328 283 4256"/></Shape>
	    <String CONTENT="בארץ מגורי אביר וגו&#39; ˙ אם שוט ימית פתאום"
                    HPOS="277.0"
                    VPOS="4206.0"
                    WIDTH="1557.0"
                    HEIGHT="205.0"></String>
          </TextLine>

          
          
          <TextLine ID="eSc_line_8a500b0a"
                    
                    BASELINE="255 4367 494 4411 628 4411 828 4434 906 4428 1367 4456 1678 4456 1840 4439" 
                    HPOS="250.0"
                    VPOS="4311.0"
                    WIDTH="1584.0"
                    HEIGHT="228.0">
            <Shape><Polygon POINTS="250 4361 333 4311 422 4367 611 4373 667 4334 706 4378 989 4378 1033 4400 1161 4378 1223 4395 1245 4373 1323 4400 1545 4406 1728 4384 1834 4434 1762 4528 1595 4517 1456 4539 1417 4495 1345 4528 1295 4489 1156 4534 1089 4500 956 4523 483 4456 411 4478 322 4450 255 4378"/></Shape>
	    <String CONTENT="למסת נקיים ילעג ˙ אנטונינוס לר&#39; מהו למס וב&#39;]"
                    HPOS="250.0"
                    VPOS="4311.0"
                    WIDTH="1584.0"
                    HEIGHT="228.0"></String>
          </TextLine>

          
          
          <TextLine ID="eSc_line_3d16a01a"
                    
                    BASELINE="277 4523 383 4517 444 4534 639 4545 822 4567 1117 4562 1172 4573 1489 4578 1556 4589 1751 4589 1856 4567" 
                    HPOS="272.0"
                    VPOS="4462.0"
                    WIDTH="1579.0"
                    HEIGHT="200.0">
            <Shape><Polygon POINTS="272 4517 322 4462 439 4489 472 4462 533 4462 600 4489 622 4473 667 4506 694 4489 961 4528 1250 4506 1384 4528 1417 4495 1456 4534 1762 4523 1851 4562 1834 4617 1817 4606 1762 4662 1562 4662 1528 4639 1300 4656 1234 4650 1211 4623 1117 4650 1056 4634 911 4656 844 4628 728 4639 694 4612 661 4634 572 4628 544 4600 405 4612 283 4517"/></Shape>
	    <String CONTENT="דכתיב אם שוט ימית פתאום ˙ אמ&#39; ליה גזור [˙"
                    HPOS="272.0"
                    VPOS="4462.0"
                    WIDTH="1579.0"
                    HEIGHT="200.0"></String>
          </TextLine>

          
          
          <TextLine ID="eSc_line_1a5b26fe"
                    
                    BASELINE="250 4639 416 4650 511 4684 583 4673 800 4695 983 4695 1406 4723 1834 4712" 
                    HPOS="244.0"
                    VPOS="4567.0"
                    WIDTH="1584.0"
                    HEIGHT="228.0">
            <Shape><Polygon POINTS="244 4634 327 4567 400 4612 455 4600 567 4639 1172 4656 1245 4628 1356 4662 1773 4667 1828 4706 1767 4789 1562 4789 1506 4756 1400 4789 1122 4795 1100 4773 1028 4784 995 4750 961 4778 922 4750 878 4778 806 4750 772 4778 706 4778 567 4762 528 4728 466 4745 428 4712 372 4734 272 4639"/></Shape>
	    <String CONTENT="דיסב מאה מגלגין והא יהבין מאה דיבר דין [מ&#39;]"
                    HPOS="244.0"
                    VPOS="4567.0"
                    WIDTH="1584.0"
                    HEIGHT="228.0"></String>
          </TextLine>

          
          
          <TextLine ID="eSc_line_0e3fc78c"
                    
                    BASELINE="279 4770 422 4795 511 4817 639 4812 778 4839 900 4828 1821 4862" 
                    HPOS="277.0"
                    VPOS="4706.0"
                    WIDTH="1540.0"
                    HEIGHT="222.0">
            <Shape><Polygon POINTS="277 4767 316 4706 511 4762 772 4784 806 4756 867 4789 1000 4800 1100 4778 1139 4800 1467 4795 1534 4762 1578 4800 1773 4795 1817 4856 1745 4923 1678 4895 1595 4923 1539 4878 1450 4928 1406 4900 1328 4895 1273 4923 1245 4895 1134 4923 956 4889 895 4923 822 4873 739 4900 466 4878 416 4839 339 4845 283 4789"/></Shape>
	    <String CONTENT="סכוס לדין ודין ספוס לדין ולא מפקין בידיה [כל]"
                    HPOS="277.0"
                    VPOS="4706.0"
                    WIDTH="1540.0"
                    HEIGHT="222.0"></String>
          </TextLine>

          
          
          <TextLine ID="eSc_line_db1a73cc"
                    
                    BASELINE="272 4895 372 4889 444 4923 500 4917 706 4945 833 4945 933 4956 1100 4956 1223 4967 1828 4956" 
                    HPOS="266.0"
                    VPOS="4839.0"
                    WIDTH="1557.0"
                    HEIGHT="212.0">
            <Shape><Polygon POINTS="266 4889 311 4839 516 4895 817 4878 895 4917 1456 4923 1539 4878 1584 4923 1678 4895 1823 4950 1756 5051 1267 5051 1234 5017 1206 5045 1106 5017 995 5051 939 4995 872 5028 811 5028 744 4989 717 5012 450 5006 339 4967 272 4900"/></Shape>
	    <String CONTENT="כלום למסת נקיים ילעג ˙ אמ&#39; ר&#39; אחא בשעה []"
                    HPOS="266.0"
                    VPOS="4839.0"
                    WIDTH="1557.0"
                    HEIGHT="212.0"></String>
          </TextLine>

          
          
          <TextLine ID="eSc_line_5ec5ed6d"
                    
                    BASELINE="289 5012 489 5051 611 5051 667 5067 778 5078 839 5073 1050 5089 1178 5089 1234 5101 1812 5089" 
                    HPOS="283.0"
                    VPOS="4934.0"
                    WIDTH="1523.0"
                    HEIGHT="250.0">
            <Shape><Polygon POINTS="283 5006 294 4934 444 5006 622 5017 667 4995 767 5039 900 5039 939 5001 989 5045 1701 5045 1806 5084 1728 5184 1562 5184 1506 5128 1445 5173 1412 5156 1189 5184 1089 5162 1039 5184 950 5134 895 5167 644 5128 500 5139 289 5051"/></Shape>
	    <String CONTENT="שהצדיקים מבקשין לישב שלוה בעולם הזה ˙"
                    HPOS="283.0"
                    VPOS="4934.0"
                    WIDTH="1523.0"
                    HEIGHT="250.0"></String>
          </TextLine>

          
          
          <TextLine ID="eSc_line_68f978d2"
                    
                    BASELINE="287 5153 711 5212 939 5217 1095 5234 1823 5239" 
                    HPOS="283.0"
                    VPOS="5123.0"
                    WIDTH="1534.0"
                    HEIGHT="211.0">
            <Shape><Polygon POINTS="283 5151 316 5123 411 5123 500 5156 578 5134 617 5167 978 5167 995 5189 1095 5167 1161 5195 1545 5167 1573 5201 1634 5184 1817 5234 1801 5295 1706 5334 1261 5317 1217 5273 1134 5289 1111 5267 972 5284 811 5256 583 5289 539 5245 405 5245 289 5273"/></Shape>
	    <String CONTENT="נזדווג לו שטנו של יוסף וישב יעקב באריץ ["
                    HPOS="283.0"
                    VPOS="5123.0"
                    WIDTH="1534.0"
                    HEIGHT="211.0"></String>
          </TextLine>

          
        </TextBlock>
        
        <TextBlock HPOS="1804.0"
                   VPOS="3348.0"
                   WIDTH="104.0"
                   HEIGHT="56.0"
                   ID="eSc_textblock_4721e01d"
                   TAGREFS="BT225">
          <Shape><Polygon POINTS="1908 3404 1908 3359 1804 3348 1808 3404 1908 3404"/></Shape>
          
          
          <TextLine ID="eSc_line_5e0dedb7"
                    
                    BASELINE="1810 3378 1939 3378" 
                    HPOS="1810"
                    VPOS="3348"
                    WIDTH="129"
                    HEIGHT="60">
            <Shape><Polygon POINTS="1810 3348 1939 3348 1939 3408 1810 3408"/></Shape>
	    <String CONTENT=""
                    HPOS="1810"
                    VPOS="3348"
                    WIDTH="129"
                    HEIGHT="60"></String>
          </TextLine>

          
        </TextBlock>
        

        
      </PrintSpace>
    </Page>
  </Layout>
</alto>
