<?xml version="1.0" encoding="UTF-8"?>
<alto xmlns:xsi="http://www.w3.org/2001/XMLSchema-instance"
      xmlns="http://www.loc.gov/standards/alto/ns-v4#"
      xsi:schemaLocation="http://www.loc.gov/standards/alto/ns-v4# http://www.loc.gov/standards/alto/v4/alto-4-2.xsd">
  <Description>
    <MeasurementUnit>pixel</MeasurementUnit>
    <sourceImageInformation>
      <fileName>add_ms_16406_f155r.jpg</fileName>
      
    </sourceImageInformation>
  </Description>
  
  <Tags>
    <OtherTag ID="BT1" LABEL="Title" DESCRIPTION="block type Title"/><OtherTag ID="BT2" LABEL="Main" DESCRIPTION="block type Main"/><OtherTag ID="BT3" LABEL="Commentary" DESCRIPTION="block type Commentary"/><OtherTag ID="BT4" LABEL="Illustration" DESCRIPTION="block type Illustration"/><OtherTag ID="BT224" LABEL="Hole" DESCRIPTION="block type Hole"/><OtherTag ID="BT225" LABEL="Margin" DESCRIPTION="block type Margin"/><OtherTag ID="BT226" LABEL="Paratext" DESCRIPTION="block type Paratext"/>
    <OtherTag ID="LT2" LABEL="Numbering" DESCRIPTION="line type Numbering"/><OtherTag ID="LT3" LABEL="Correction" DESCRIPTION="line type Correction"/><OtherTag ID="LT329" LABEL="Gloss" DESCRIPTION="line type Gloss"/>
  </Tags>
  
  <Layout>
    <Page WIDTH="4588"
          HEIGHT="6430"
          PHYSICAL_IMG_NR="309"
          ID="eSc_dummypage_">
      <PrintSpace HPOS="0"
                  VPOS="0"
                  WIDTH="4588"
                  HEIGHT="6430">
        
        <TextBlock HPOS="2540.0"
                   VPOS="525.0"
                   WIDTH="1501.0"
                   HEIGHT="4529.0"
                   ID="eSc_textblock_ff0b51ca"
                   TAGREFS="BT2">
          <Shape><Polygon POINTS="3969 5054 4012 5026 4041 600 3998 539 2601 525 2554 542 2540 685 2540 5040 3969 5054"/></Shape>
          
          
          <TextLine ID="eSc_line_78c7ee0e"
                    
                    BASELINE="2567 637 2706 632 3253 653 3499 648 3655 675 3969 698 4097 714" 
                    HPOS="2561.0"
                    VPOS="541.0"
                    WIDTH="1533.0"
                    HEIGHT="219.0">
            <Shape><Polygon POINTS="2561 632 2567 578 2663 557 2738 589 2819 546 2862 567 2947 541 3081 546 3162 594 3189 584 3205 610 3280 610 3312 584 3355 605 3414 562 3537 567 3612 573 3666 626 3730 605 3821 637 4084 648 4094 712 4025 755 3869 760 3832 728 3751 723 3730 739 3585 718 3558 739 3521 712 3398 707 3307 734 3280 701 3199 728 3071 723 2990 691 2931 712 2792 691 2615 701 2567 675"/></Shape>
	    <String CONTENT="הכיפורים הוא ולו אין מתכפר לו עם [הציב&#39;]"
                    HPOS="2561.0"
                    VPOS="541.0"
                    WIDTH="1533.0"
                    HEIGHT="219.0"></String>
          </TextLine>

          
          
          <TextLine ID="eSc_line_587e94b6"
                    
                    BASELINE="2578 771 2706 766 3156 782 3398 776 3655 803 4108 822" 
                    HPOS="2572.0"
                    VPOS="701.0"
                    WIDTH="1533.0"
                    HEIGHT="188.0">
            <Shape><Polygon POINTS="2572 766 2637 701 2819 728 2963 701 3055 734 3832 744 4025 771 4105 819 4009 889 3971 889 3848 884 3816 857 3457 868 3414 835 3339 857 3296 835 3060 857 3022 814 2942 851 2754 825 2679 846 2626 841 2578 798"/></Shape>
	    <String CONTENT="הציבור ביום הכיפורים יביא פר לעצמו [תלמ&#39;]"
                    HPOS="2572.0"
                    VPOS="701.0"
                    WIDTH="1533.0"
                    HEIGHT="188.0"></String>
          </TextLine>

          
          
          <TextLine ID="eSc_line_361ea427"
                    
                    BASELINE="2561 889 2996 900 3114 910 3467 905 3708 932 4103 950" 
                    HPOS="2556.0"
                    VPOS="825.0"
                    WIDTH="1544.0"
                    HEIGHT="193.0">
            <Shape><Polygon POINTS="2556 884 2588 884 2642 830 2905 857 3022 825 3071 862 3178 846 3231 873 3290 846 3944 878 4100 948 4003 1018 3950 1018 3800 985 3687 996 3623 969 3510 996 3451 964 3403 985 2872 959 2787 975 2744 932 2695 969 2647 953 2620 980 2561 916"/></Shape>
	    <String CONTENT="תלמוד לומר והקריב על חטאתו אשר [חט&#39;]"
                    HPOS="2556.0"
                    VPOS="825.0"
                    WIDTH="1544.0"
                    HEIGHT="193.0"></String>
          </TextLine>

          
          
          <TextLine ID="eSc_line_4478230c"
                    
                    BASELINE="2578 1002 2787 1028 2980 1028 3087 1039 3516 1039 3574 1028 3671 1050 3789 1060 4113 1073" 
                    HPOS="2572.0"
                    VPOS="932.0"
                    WIDTH="1538.0"
                    HEIGHT="214.0">
            <Shape><Polygon POINTS="2572 996 2647 959 2695 975 2744 932 2797 980 2899 964 3285 996 3339 975 3800 991 3976 1012 4046 1066 4110 1071 4068 1071 3987 1146 3960 1114 3928 1135 3607 1103 3542 1125 3505 1087 3435 1114 3108 1114 3049 1087 2985 1109 2856 1066 2819 1103 2744 1087 2663 1114 2578 1060"/></Shape>
	    <String CONTENT="חטא הא כיצד חטא לעצמו מביא [לעצ&#39;]"
                    HPOS="2572.0"
                    VPOS="932.0"
                    WIDTH="1538.0"
                    HEIGHT="214.0"></String>
          </TextLine>

          
          
          <TextLine ID="eSc_line_b0cea4be"
                    
                    BASELINE="2599 1157 2872 1157 2926 1168 3328 1162 3510 1168 3751 1189 4097 1218" 
                    HPOS="2594.0"
                    VPOS="1098.0"
                    WIDTH="1500.0"
                    HEIGHT="177.0">
            <Shape><Polygon POINTS="2594 1152 2637 1103 2803 1098 3532 1125 3574 1109 3821 1141 3955 1125 4041 1205 4094 1216 4035 1210 3971 1275 3859 1275 3746 1243 3703 1264 3408 1232 3237 1243 3183 1194 3146 1227 3044 1243 2931 1237 2905 1210 2722 1243 2626 1227 2599 1200"/></Shape>
	    <String CONTENT="לעצמו חטא עם הציבור מתכפר לו עם"
                    HPOS="2594.0"
                    VPOS="1098.0"
                    WIDTH="1500.0"
                    HEIGHT="177.0"></String>
          </TextLine>

          
          
          <TextLine ID="eSc_line_43ee9720"
                    
                    BASELINE="2578 1275 3173 1296 3537 1291 3800 1318 4071 1336" 
                    HPOS="2572.0"
                    VPOS="1221.0"
                    WIDTH="1496.0"
                    HEIGHT="182.0">
            <Shape><Polygon POINTS="2572 1269 2631 1232 3210 1221 3237 1243 3993 1275 4068 1334 4035 1334 3955 1403 3810 1393 3767 1344 3644 1382 3580 1339 3537 1366 3414 1366 3371 1344 3092 1355 3055 1323 2953 1361 2862 1339 2792 1371 2744 1344 2663 1361 2578 1302"/></Shape>
	    <String CONTENT="הציבור ˙ פר יכול זקן תלמוד לומר בן אי"
                    HPOS="2572.0"
                    VPOS="1221.0"
                    WIDTH="1496.0"
                    HEIGHT="182.0"></String>
          </TextLine>

          
          
          <TextLine ID="eSc_line_2d25d8c0"
                    
                    BASELINE="2561 1403 2883 1403 2953 1393 3017 1409 3328 1425 3698 1419 4071 1475" 
                    HPOS="2556.0"
                    VPOS="1328.0"
                    WIDTH="1512.0"
                    HEIGHT="199.0">
            <Shape><Polygon POINTS="2556 1398 2626 1328 2669 1366 2771 1371 2846 1350 2963 1361 3044 1328 3071 1355 3542 1355 3666 1382 3762 1344 3805 1393 3966 1387 4068 1473 4030 1473 3971 1527 3660 1511 3623 1484 3580 1500 3414 1457 3387 1478 3237 1468 3189 1489 3124 1462 3081 1484 2937 1484 2905 1462 2851 1489 2803 1462 2728 1489 2695 1462 2626 1478 2561 1414"/></Shape>
	    <String CONTENT="בן יכול זקן תלמוד לומר פר הא כיצד בן [ש&#39;]"
                    HPOS="2556.0"
                    VPOS="1328.0"
                    WIDTH="1512.0"
                    HEIGHT="199.0"></String>
          </TextLine>

          
          
          <TextLine ID="eSc_line_314dff3b"
                    
                    BASELINE="2556 1516 2626 1532 3178 1527 3387 1553 3969 1577 4092 1588" 
                    HPOS="2551.0"
                    VPOS="1468.0"
                    WIDTH="1538.0"
                    HEIGHT="177.0">
            <Shape><Polygon POINTS="2551 1511 2685 1473 2835 1494 3344 1468 3655 1511 3891 1500 4089 1586 4009 1586 3944 1645 3725 1634 3628 1602 3178 1607 3103 1559 3017 1612 2862 1580 2835 1602 2647 1618 2556 1521"/></Shape>
	    <String CONTENT="שלש כדברי חכמים ר&#39; מאיר אומר אף בן"
                    HPOS="2551.0"
                    VPOS="1468.0"
                    WIDTH="1538.0"
                    HEIGHT="177.0"></String>
          </TextLine>

          
          
          <TextLine ID="eSc_line_2c5805f9"
                    
                    BASELINE="2513 1639 2733 1650 2787 1661 3424 1655 3580 1682 3969 1706 4087 1716" 
                    HPOS="2508.0"
                    VPOS="1559.0"
                    WIDTH="1576.0"
                    HEIGHT="214.0">
            <Shape><Polygon POINTS="2508 1634 2540 1634 2604 1575 2642 1612 2797 1618 2867 1580 2894 1607 3022 1612 3108 1559 3173 1607 3323 1596 3494 1623 3617 1602 3666 1634 3960 1634 4030 1703 4084 1714 4019 1709 3960 1768 3923 1773 3307 1714 3253 1736 2980 1741 2905 1714 2829 1746 2679 1730 2647 1703 2588 1720 2513 1645"/></Shape>
	    <String CONTENT="ארבע ובן חמש כשירים אלא שאין [מביא&#39;]"
                    HPOS="2508.0"
                    VPOS="1559.0"
                    WIDTH="1576.0"
                    HEIGHT="214.0"></String>
          </TextLine>

          
          
          <TextLine ID="eSc_line_1abc03e5"
                    
                    BASELINE="2578 1795 2647 1778 2701 1789 3510 1784 3708 1805 4044 1840" 
                    HPOS="2572.0"
                    VPOS="1709.0"
                    WIDTH="1469.0"
                    HEIGHT="182.0">
            <Shape><Polygon POINTS="2572 1789 2578 1746 2620 1709 2685 1741 2835 1741 2905 1714 2958 1741 3312 1720 3671 1741 3767 1768 3950 1762 4041 1837 4003 1837 3955 1886 3885 1886 3853 1853 3762 1891 3719 1864 3382 1859 3355 1832 3323 1859 3049 1859 2899 1832 2637 1864 2578 1800"/></Shape>
	    <String CONTENT="מביאין את הזקנים מפני הכבוד ˙ ר&#39; יוסי [הגל&#39;]"
                    HPOS="2572.0"
                    VPOS="1709.0"
                    WIDTH="1469.0"
                    HEIGHT="182.0"></String>
          </TextLine>

          
          
          <TextLine ID="eSc_line_b00a6861"
                    
                    BASELINE="2604 1907 2894 1907 2958 1918 3633 1912 4071 1974" 
                    HPOS="2599.0"
                    VPOS="1837.0"
                    WIDTH="1469.0"
                    HEIGHT="177.0">
            <Shape><Polygon POINTS="2599 1902 2626 1859 2985 1843 3215 1864 3365 1837 3478 1870 3719 1864 3762 1891 3955 1891 4025 1961 4068 1971 4009 1966 3960 2014 3832 1998 3784 1950 3741 1987 3650 1998 3446 1966 3269 1987 3221 1950 3178 1977 2679 1993 2604 1934"/></Shape>
	    <String CONTENT="הגלילי אומר מה תלמוד לומר פר שני בקר"
                    HPOS="2599.0"
                    VPOS="1837.0"
                    WIDTH="1469.0"
                    HEIGHT="177.0"></String>
          </TextLine>

          
          
          <TextLine ID="eSc_line_8e398246"
                    
                    BASELINE="2556 2025 3135 2036 3376 2046 3778 2046 3832 2036 4038 2086" 
                    HPOS="2551.0"
                    VPOS="1950.0"
                    WIDTH="1484.0"
                    HEIGHT="193.0">
            <Shape><Polygon POINTS="2551 2020 2620 1966 2690 1993 3467 1971 3730 1998 3789 1950 3869 2014 3955 2009 4035 2084 4003 2079 3944 2137 3880 2143 3805 2116 3333 2095 3076 2100 3049 2121 2990 2100 2615 2111 2556 2052"/></Shape>
	    <String CONTENT="תקח לחטאת אלא ללמד שהן שנים הרי [כ&#39;]"
                    HPOS="2551.0"
                    VPOS="1950.0"
                    WIDTH="1484.0"
                    HEIGHT="193.0"></String>
          </TextLine>

          
          
          <TextLine ID="eSc_line_17962536"
                    
                    BASELINE="2556 2154 3178 2164 3242 2175 3853 2170 4071 2209" 
                    HPOS="2551.0"
                    VPOS="2105.0"
                    WIDTH="1517.0"
                    HEIGHT="150.0">
            <Shape><Polygon POINTS="2551 2148 2637 2105 3676 2111 3896 2148 3960 2132 4068 2207 4014 2202 3960 2255 3816 2255 3692 2234 3655 2196 3542 2250 3360 2234 3339 2212 3264 2234 3049 2218 2947 2239 2604 2239 2556 2191"/></Shape>
	    <String CONTENT="כבר נאמר ועשה את האחד חטאת ואת"
                    HPOS="2551.0"
                    VPOS="2105.0"
                    WIDTH="1517.0"
                    HEIGHT="150.0"></String>
          </TextLine>

          
          
          <TextLine ID="eSc_line_be61a761"
                    
                    BASELINE="2578 2277 2958 2277 3633 2304 4071 2322" 
                    HPOS="2572.0"
                    VPOS="2202.0"
                    WIDTH="1496.0"
                    HEIGHT="182.0">
            <Shape><Polygon POINTS="2572 2271 2610 2234 2749 2229 3607 2245 3650 2202 3687 2239 3960 2261 4014 2309 4068 2320 4014 2320 3950 2384 3805 2373 3773 2346 3730 2373 3430 2373 3387 2330 3312 2368 3274 2346 3205 2368 3028 2346 2990 2368 2921 2309 2851 2363 2578 2346"/></Shape>
	    <String CONTENT="האחד עולה אם כן למה נאמר פר שיני בן"
                    HPOS="2572.0"
                    VPOS="2202.0"
                    WIDTH="1496.0"
                    HEIGHT="182.0"></String>
          </TextLine>

          
          
          <TextLine ID="eSc_line_476aa200"
                    
                    BASELINE="2535 2416 2620 2405 3296 2405 3360 2416 3837 2427 4049 2467" 
                    HPOS="2529.0"
                    VPOS="2314.0"
                    WIDTH="1517.0"
                    HEIGHT="193.0">
            <Shape><Polygon POINTS="2529 2411 2578 2352 2840 2363 2905 2314 2963 2368 3328 2368 3392 2341 3424 2373 3955 2379 4046 2464 3993 2459 3944 2507 3612 2480 3505 2507 3424 2475 2953 2491 2846 2486 2797 2454 2765 2486 2706 2491 2685 2470 2583 2464 2535 2416"/></Shape>
	    <String CONTENT="שיני בן בקר תקח לחטאת אם ללמד שיהיו"
                    HPOS="2529.0"
                    VPOS="2314.0"
                    WIDTH="1517.0"
                    HEIGHT="193.0"></String>
          </TextLine>

          
          
          <TextLine ID="eSc_line_832f72e4"
                    
                    BASELINE="2545 2523 2615 2539 3382 2534 3446 2545 4049 2579" 
                    HPOS="2540.0"
                    VPOS="2475.0"
                    WIDTH="1506.0"
                    HEIGHT="155.0">
            <Shape><Polygon POINTS="2540 2518 2604 2475 3725 2491 3960 2507 4046 2577 3998 2577 3912 2630 3805 2630 3719 2598 3660 2620 3124 2620 3087 2582 3012 2614 2899 2614 2776 2604 2738 2566 2701 2604 2631 2614 2545 2545"/></Shape>
	    <String CONTENT="שנים הרי כבר נאמר ועשה את האחד [חט&#39;]"
                    HPOS="2540.0"
                    VPOS="2475.0"
                    WIDTH="1506.0"
                    HEIGHT="155.0"></String>
          </TextLine>

          
          
          <TextLine ID="eSc_line_398e09d6"
                    
                    BASELINE="2556 2657 2840 2657 3033 2668 4087 2686" 
                    HPOS="2551.0"
                    VPOS="2572.0"
                    WIDTH="1533.0"
                    HEIGHT="182.0">
            <Shape><Polygon POINTS="2551 2652 2706 2609 2749 2572 2787 2614 2872 2620 3022 2614 3092 2582 3140 2625 3971 2620 4025 2673 4084 2684 4019 2684 3966 2738 3901 2754 3355 2722 3301 2748 3087 2743 3033 2689 2974 2743 2813 2748 2637 2727 2556 2652"/></Shape>
	    <String CONTENT="חטאת ואת האחד עולה לייי אם כן למה"
                    HPOS="2551.0"
                    VPOS="2572.0"
                    WIDTH="1533.0"
                    HEIGHT="182.0"></String>
          </TextLine>

          
          
          <TextLine ID="eSc_line_4ba6a009"
                    
                    BASELINE="2556 2786 2985 2786 3049 2797 4044 2815" 
                    HPOS="2551.0"
                    VPOS="2689.0"
                    WIDTH="1490.0"
                    HEIGHT="193.0">
            <Shape><Polygon POINTS="2551 2780 2556 2732 2599 2689 2642 2738 2969 2748 3033 2689 3081 2738 3226 2748 3960 2743 4041 2813 3971 2877 3698 2877 3666 2850 3639 2872 3569 2850 3532 2877 3290 2882 3258 2855 3183 2877 2937 2872 2905 2839 2744 2872 2669 2850 2610 2866 2556 2807"/></Shape>
	    <String CONTENT="נאמר פר שיני בן בקר תקח לחטאת בן [ש&#39;]"
                    HPOS="2551.0"
                    VPOS="2689.0"
                    WIDTH="1490.0"
                    HEIGHT="193.0"></String>
          </TextLine>

          
          
          <TextLine ID="eSc_line_be357ae7"
                    
                    BASELINE="2556 2904 2829 2914 2953 2925 4049 2954" 
                    HPOS="2551.0"
                    VPOS="2845.0"
                    WIDTH="1495.0"
                    HEIGHT="166.0">
            <Shape><Polygon POINTS="2551 2898 2588 2866 2862 2872 2905 2845 2931 2872 3269 2866 3408 2888 3542 2882 3591 2855 3698 2882 3971 2882 4046 2952 4003 2952 3944 3011 3810 2989 3537 3011 3382 2984 3242 3006 3167 2984 2878 3000 2776 2968 2658 2995 2556 2920"/></Shape>
	    <String CONTENT="שתי שנים ר&#39; מאיר אומר מה תלמוד לומר"
                    HPOS="2551.0"
                    VPOS="2845.0"
                    WIDTH="1495.0"
                    HEIGHT="166.0"></String>
          </TextLine>

          
          
          <TextLine ID="eSc_line_9e422b81"
                    
                    BASELINE="2540 3043 2899 3043 3006 3054 3864 3054 4071 3067" 
                    HPOS="2535.0"
                    VPOS="2979.0"
                    WIDTH="1533.0"
                    HEIGHT="160.0">
            <Shape><Polygon POINTS="2535 3038 2604 2984 3237 3006 3264 2979 3290 3006 3960 3006 4014 3054 4046 3027 4068 3064 3923 3139 3778 3113 3510 3139 3473 3113 3355 3134 3312 3102 3162 3129 3119 3097 3087 3123 2990 3129 2604 3118 2540 3054"/></Shape>
	    <String CONTENT="פר שיני בן בקר תקח לחטאת בן שתי שנים"
                    HPOS="2535.0"
                    VPOS="2979.0"
                    WIDTH="1533.0"
                    HEIGHT="160.0"></String>
          </TextLine>

          
          
          <TextLine ID="eSc_line_c962889f"
                    
                    BASELINE="2545 3161 3022 3172 3162 3182 4087 3211" 
                    HPOS="2540.0"
                    VPOS="3097.0"
                    WIDTH="1544.0"
                    HEIGHT="160.0">
            <Shape><Polygon POINTS="2540 3156 2604 3118 3006 3129 3124 3097 3162 3129 3210 3129 3317 3097 3349 3134 3960 3129 4030 3204 4084 3209 4014 3209 3966 3257 3778 3257 3725 3225 3671 3252 3628 3231 3601 3257 3532 3225 3499 3252 3274 3252 3189 3198 3140 3247 2947 3252 2888 3231 2846 3252 2701 3236 2620 3257 2545 3177"/></Shape>
	    <String CONTENT="ר&#39; מאיר אומר מה תלמוד לומר פר שיני בן"
                    HPOS="2540.0"
                    VPOS="3097.0"
                    WIDTH="1544.0"
                    HEIGHT="160.0"></String>
          </TextLine>

          
          
          <TextLine ID="eSc_line_68b2b77a"
                    
                    BASELINE="2561 3295 3242 3295 3441 3300 3499 3311 3794 3311 4071 3324" 
                    HPOS="2556.0"
                    VPOS="3204.0"
                    WIDTH="1512.0"
                    HEIGHT="187.0">
            <Shape><Polygon POINTS="2556 3290 2604 3247 3140 3252 3194 3204 3269 3252 3494 3257 3532 3236 3601 3257 3628 3231 3655 3252 3960 3252 4019 3311 4068 3322 4014 3322 3960 3375 3816 3365 3762 3391 3676 3370 2921 3375 2840 3348 2813 3370 2669 3370 2561 3338"/></Shape>
	    <String CONTENT="בקר תקח לחטאת אם ללמד שיהיו שנים [ה&#39;]"
                    HPOS="2556.0"
                    VPOS="3204.0"
                    WIDTH="1512.0"
                    HEIGHT="187.0"></String>
          </TextLine>

          
          
          <TextLine ID="eSc_line_a4d9bc30"
                    
                    BASELINE="2513 3402 2642 3418 3617 3413 3676 3423 4028 3442 4092 3452" 
                    HPOS="2508.0"
                    VPOS="3343.0"
                    WIDTH="1581.0"
                    HEIGHT="166.0">
            <Shape><Polygon POINTS="2508 3397 2572 3343 2663 3370 3076 3381 3762 3386 3842 3365 3966 3375 4025 3434 4089 3450 4014 3440 3955 3493 3864 3482 3826 3504 3564 3504 3483 3466 3430 3509 3382 3482 3156 3504 3055 3498 3033 3477 2679 3493 2631 3472 2604 3493 2513 3407"/></Shape>
	    <String CONTENT="הרי כבר נאמר ועשה את האחד חטאת [וא&#39;]"
                    HPOS="2508.0"
                    VPOS="3343.0"
                    WIDTH="1581.0"
                    HEIGHT="166.0"></String>
          </TextLine>

          
          
          <TextLine ID="eSc_line_a7aa520a"
                    
                    BASELINE="2556 3541 4087 3570" 
                    HPOS="2551.0"
                    VPOS="3461.0"
                    WIDTH="1533.0"
                    HEIGHT="182.0">
            <Shape><Polygon POINTS="2551 3536 2594 3504 2754 3488 3167 3509 3382 3488 3419 3515 3483 3461 3574 3504 3960 3493 4025 3557 4084 3568 4014 3568 3950 3632 3687 3632 3607 3611 3403 3632 3349 3584 3248 3632 3124 3643 3060 3600 3028 3627 2706 3616 2642 3638 2599 3595 2556 3590"/></Shape>
	    <String CONTENT="ואת האחד עולה לייי אם כן למה נאמר פר"
                    HPOS="2551.0"
                    VPOS="3461.0"
                    WIDTH="1533.0"
                    HEIGHT="182.0"></String>
          </TextLine>

          
          
          <TextLine ID="eSc_line_47d19e6f"
                    
                    BASELINE="2556 3659 2637 3675 3017 3670 3071 3681 3365 3681 3430 3665 3542 3675 4049 3694" 
                    HPOS="2551.0"
                    VPOS="3584.0"
                    WIDTH="1495.0"
                    HEIGHT="182.0">
            <Shape><Polygon POINTS="2551 3654 2594 3600 2637 3638 3039 3632 3060 3611 3114 3649 3156 3627 3290 3632 3355 3584 3403 3632 3944 3627 4046 3691 3993 3691 3907 3761 3205 3745 3033 3766 2974 3729 2899 3761 2653 3740 2556 3761"/></Shape>
	    <String CONTENT="שיני בן בקר תקח לחטאת לפי שנאמר [וע&#39;]"
                    HPOS="2551.0"
                    VPOS="3584.0"
                    WIDTH="1495.0"
                    HEIGHT="182.0"></String>
          </TextLine>

          
          
          <TextLine ID="eSc_line_5679c39d"
                    
                    BASELINE="2545 3804 2867 3804 3103 3793 3162 3809 3274 3815 3328 3799 4028 3828" 
                    HPOS="2540.0"
                    VPOS="3745.0"
                    WIDTH="1485.0"
                    HEIGHT="150.0">
            <Shape><Polygon POINTS="2540 3799 2567 3761 2626 3745 3006 3766 3671 3756 3730 3777 3762 3756 3944 3756 4025 3825 3987 3825 3944 3868 3784 3874 3746 3895 3682 3890 3655 3863 3569 3890 3414 3874 3205 3895 3167 3874 3033 3874 2985 3895 2910 3874 2813 3884 2760 3858 2712 3895 2658 3895 2545 3847"/></Shape>
	    <String CONTENT="ועשה את האחד חטאת ואת האחד עולה"
                    HPOS="2540.0"
                    VPOS="3745.0"
                    WIDTH="1485.0"
                    HEIGHT="150.0"></String>
          </TextLine>

          
          
          <TextLine ID="eSc_line_e5e1433a"
                    
                    BASELINE="2561 3933 3060 3943 3253 3954 4071 3967" 
                    HPOS="2556.0"
                    VPOS="3858.0"
                    WIDTH="1512.0"
                    HEIGHT="176.0">
            <Shape><Polygon POINTS="2556 3927 2572 3895 2803 3884 2835 3858 2878 3895 2990 3895 3028 3863 3076 3895 3156 3874 3183 3900 3242 3879 3333 3900 3617 3895 3644 3868 3682 3900 3837 3895 3923 3863 4014 3954 4068 3965 3993 3965 3934 4018 3864 3975 3826 4013 3725 4018 3687 3981 3580 4029 3505 4002 3376 4024 3151 4008 3081 4034 3022 4008 2878 4024 2846 3991 2808 4018 2679 4024 2583 4018 2561 3991"/></Shape>
	    <String CONTENT="לייי שיכול תקדים חטאת לעולה בכל מעשה"
                    HPOS="2556.0"
                    VPOS="3858.0"
                    WIDTH="1512.0"
                    HEIGHT="176.0"></String>
          </TextLine>

          
          
          <TextLine ID="eSc_line_886c0c58"
                    
                    BASELINE="2535 4061 2626 4056 2685 4066 2915 4072 3355 4072 3542 4056 3842 4061 4071 4074" 
                    HPOS="2529.0"
                    VPOS="3975.0"
                    WIDTH="1539.0"
                    HEIGHT="177.0">
            <Shape><Polygon POINTS="2529 4056 2599 4013 2819 4024 2851 3997 2878 4024 3081 4034 3398 4013 3569 4034 3660 4013 3703 4040 3767 4008 3826 4013 3880 3975 3998 4061 4068 4072 3993 4072 3912 4136 3596 4125 3542 4152 3467 4131 2958 4152 2760 4136 2733 4109 2658 4136 2588 4125 2535 4072"/></Shape>
	    <String CONTENT="תלמוד לומר פר שיני בן בקר תקח לחטאת"
                    HPOS="2529.0"
                    VPOS="3975.0"
                    WIDTH="1539.0"
                    HEIGHT="177.0"></String>
          </TextLine>

          
          
          <TextLine ID="eSc_line_57236f3c"
                    
                    BASELINE="2561 4179 3990 4219 4054 4203" 
                    HPOS="2556.0"
                    VPOS="4125.0"
                    WIDTH="1496.0"
                    HEIGHT="156.0">
            <Shape><Polygon POINTS="2556 4174 2578 4125 2712 4147 2937 4136 2969 4158 3934 4131 4014 4200 4052 4200 3987 4217 3944 4259 3784 4265 3757 4238 3708 4270 3617 4254 3532 4281 2803 4270 2760 4227 2647 4275 2561 4206"/></Shape>
	    <String CONTENT="אי פר שיני בן בקר תקח לחטאת יכול [תקד&#39;]"
                    HPOS="2556.0"
                    VPOS="4125.0"
                    WIDTH="1496.0"
                    HEIGHT="156.0"></String>
          </TextLine>

          
          
          <TextLine ID="eSc_line_1e22c563"
                    
                    BASELINE="2524 4318 3682 4318 3746 4308 4033 4337" 
                    HPOS="2519.0"
                    VPOS="4227.0"
                    WIDTH="1511.0"
                    HEIGHT="177.0">
            <Shape><Polygon POINTS="2519 4313 2578 4270 2701 4270 2754 4227 2808 4270 3135 4281 3537 4281 3591 4259 3725 4265 3762 4238 3789 4265 3955 4259 4030 4334 3976 4329 3891 4383 3135 4383 2985 4404 2626 4393 2524 4313"/></Shape>
	    <String CONTENT="תקדים עולה לחטאת בכל מעשה תלמוד"
                    HPOS="2519.0"
                    VPOS="4227.0"
                    WIDTH="1511.0"
                    HEIGHT="177.0"></String>
          </TextLine>

          
          
          <TextLine ID="eSc_line_f7e464cc"
                    
                    BASELINE="2497 4425 3532 4436 3730 4420 3859 4425 4071 4438" 
                    HPOS="2492.0"
                    VPOS="4356.0"
                    WIDTH="1576.0"
                    HEIGHT="171.0">
            <Shape><Polygon POINTS="2492 4420 2567 4356 2615 4393 3012 4409 3574 4383 3692 4399 3928 4367 4009 4425 4068 4436 4003 4436 3944 4495 3848 4501 3805 4479 3692 4522 3612 4490 3569 4517 3532 4474 3457 4517 3092 4527 3055 4506 2588 4522 2497 4447"/></Shape>
	    <String CONTENT="לומר ועשה את האחד חטאת ואת [האח&#39;]"
                    HPOS="2492.0"
                    VPOS="4356.0"
                    WIDTH="1576.0"
                    HEIGHT="171.0"></String>
          </TextLine>

          
          
          <TextLine ID="eSc_line_2ef81405"
                    
                    BASELINE="2519 4565 3478 4565 3644 4549 4065 4583" 
                    HPOS="2513.0"
                    VPOS="4484.0"
                    WIDTH="1549.0"
                    HEIGHT="172.0">
            <Shape><Polygon POINTS="2513 4559 2610 4511 2915 4527 3049 4501 3076 4527 3328 4527 3457 4522 3526 4484 3569 4517 3607 4484 3660 4522 3805 4490 3950 4495 4062 4581 4003 4581 3955 4618 3912 4602 3859 4629 3832 4608 3660 4645 3467 4624 3371 4651 3280 4651 3258 4629 3199 4656 3151 4629 2792 4651 2754 4618 2733 4640 2594 4629 2524 4559"/></Shape>
	    <String CONTENT="האחד עולה לייי הא כיצד דם חטאת קודם"
                    HPOS="2513.0"
                    VPOS="4484.0"
                    WIDTH="1549.0"
                    HEIGHT="172.0"></String>
          </TextLine>

          
          
          <TextLine ID="eSc_line_de6a6d59"
                    
                    BASELINE="2524 4693 3633 4693 4017 4712 4092 4696" 
                    HPOS="2519.0"
                    VPOS="4602.0"
                    WIDTH="1570.0"
                    HEIGHT="182.0">
            <Shape><Polygon POINTS="2519 4688 2594 4629 2695 4645 2749 4618 2781 4645 2856 4651 3290 4656 3687 4624 3735 4640 3826 4608 3869 4634 3923 4602 4025 4699 4089 4693 3993 4709 3955 4747 3767 4774 3660 4731 3617 4774 3542 4784 3081 4784 2947 4768 2888 4736 2813 4779 2685 4747 2647 4779 2529 4688"/></Shape>
	    <String CONTENT="לדם עולה מפני שמרצה אימורי עולה [קו&#39;]"
                    HPOS="2519.0"
                    VPOS="4602.0"
                    WIDTH="1570.0"
                    HEIGHT="182.0"></String>
          </TextLine>

          
          
          <TextLine ID="eSc_line_83fa35b6"
                    
                    BASELINE="2519 4822 3601 4822 3751 4806 4071 4840" 
                    HPOS="2513.0"
                    VPOS="4715.0"
                    WIDTH="1555.0"
                    HEIGHT="203.0">
            <Shape><Polygon POINTS="2513 4817 2519 4768 2578 4715 2642 4784 2679 4752 2771 4784 2921 4768 3382 4790 3607 4784 3660 4736 3741 4774 3950 4752 4068 4838 4009 4833 3950 4892 3901 4854 3757 4902 3708 4886 3489 4908 3408 4886 3221 4908 3183 4881 3130 4908 2974 4913 2937 4886 2787 4918 2706 4886 2604 4897 2524 4817"/></Shape>
	    <String CONTENT="קודמין לאימורי חטאת מפני שהן כליל"
                    HPOS="2513.0"
                    VPOS="4715.0"
                    WIDTH="1555.0"
                    HEIGHT="203.0"></String>
          </TextLine>

          
          
          <TextLine ID="eSc_line_69b0a160"
                    
                    BASELINE="2513 4945 2658 4967 3532 4967 4087 4964" 
                    HPOS="2508.0"
                    VPOS="4886.0"
                    WIDTH="1576.0"
                    HEIGHT="156.0">
            <Shape><Polygon POINTS="2508 4940 2647 4886 2712 4886 2760 4924 2851 4902 2894 4924 2921 4897 2958 4924 3114 4924 3173 4886 3210 4886 3248 4924 3494 4918 3548 4886 3591 4913 3982 4886 4073 4924 4084 4961 4068 5004 4009 5004 3960 5036 3918 5004 3714 5026 3612 5004 3435 5042 3414 5020 3242 5042 3183 5015 3114 5042 2856 5042 2835 5020 2776 5042 2712 5010 2669 5031 2513 5004"/></Shape>
	    <String CONTENT="לאישים ˙ ר&#39; ישמעאל אומר מה תלמוד"
                    HPOS="2508.0"
                    VPOS="4886.0"
                    WIDTH="1576.0"
                    HEIGHT="156.0"></String>
          </TextLine>

          
        </TextBlock>
        
        <TextBlock HPOS="625.0"
                   VPOS="525.0"
                   WIDTH="1529.0"
                   HEIGHT="4529.0"
                   ID="eSc_textblock_334c225a"
                   TAGREFS="BT2">
          <Shape><Polygon POINTS="2140 5054 2154 557 2097 525 643 553 625 5040 2140 5054"/></Shape>
          
          
          <TextLine ID="eSc_line_048580fd"
                    
                    BASELINE="691 653 1699 653 1816 643 2140 674 2258 663" 
                    HPOS="686.0"
                    VPOS="551.0"
                    WIDTH="1570.0"
                    HEIGHT="177.0">
            <Shape><Polygon POINTS="686 648 691 578 734 562 1179 578 1248 551 1372 578 1393 557 1516 557 1725 584 1763 557 1833 557 1854 578 1983 584 2090 557 2240 584 2256 659 2240 696 2122 696 2020 728 1956 701 1929 728 1816 707 1479 728 1447 696 1382 712 1297 691 1238 723 1211 701 1098 718 1055 691 1002 723 761 723 691 691"/></Shape>
	    <String CONTENT="לומר פר שיני אם ללמד שיהיו שנים הרי"
                    HPOS="686.0"
                    VPOS="551.0"
                    WIDTH="1570.0"
                    HEIGHT="177.0"></String>
          </TextLine>

          
          
          <TextLine ID="eSc_line_d112bb7d"
                    
                    BASELINE="712 782 1774 776 2226 803" 
                    HPOS="707.0"
                    VPOS="712.0"
                    WIDTH="1517.0"
                    HEIGHT="161.0">
            <Shape><Polygon POINTS="707 776 712 712 911 739 1061 712 1141 734 1259 734 1297 712 1768 734 1838 712 1897 744 2111 744 2160 787 2224 798 2176 798 2101 873 2026 868 1993 841 1956 862 1816 851 1768 809 1672 862 1463 846 1436 819 1404 846 1297 851 712 841"/></Shape>
	    <String CONTENT="כבר נאמר ועשה את האחד חטאת ואת"
                    HPOS="707.0"
                    VPOS="712.0"
                    WIDTH="1517.0"
                    HEIGHT="161.0"></String>
          </TextLine>

          
          
          <TextLine ID="eSc_line_825f8c4f"
                    
                    BASELINE="627 894 702 910 1859 905 2087 931 2237 931" 
                    HPOS="621.0"
                    VPOS="809.0"
                    WIDTH="1614.0"
                    HEIGHT="187.0">
            <Shape><Polygon POINTS="621 889 669 894 718 857 787 846 1104 862 1195 835 1323 857 1532 835 1554 857 1715 857 1763 809 1811 857 1988 846 2235 926 2176 926 2106 996 1945 985 1897 937 1827 991 1763 964 1607 980 1479 959 1356 980 1120 964 1093 991 1029 991 996 959 916 991 884 964 830 996 787 964 702 964 632 894"/></Shape>
	    <String CONTENT="האחד עולה אם כן למה נאמר פר שיני [ת&#39;]"
                    HPOS="621.0"
                    VPOS="809.0"
                    WIDTH="1614.0"
                    HEIGHT="187.0"></String>
          </TextLine>

          
          
          <TextLine ID="eSc_line_bf641eda"
                    
                    BASELINE="648 1044 782 1034 1264 1034 1881 1034 2162 1060 2237 1049" 
                    HPOS="643.0"
                    VPOS="943.0"
                    WIDTH="1592.0"
                    HEIGHT="187.0">
            <Shape><Polygon POINTS="643 1039 718 969 873 1007 954 975 1066 1002 1382 969 1838 996 1897 943 1945 991 2106 1002 2160 1044 2235 1044 2170 1055 2101 1125 2015 1130 1934 1098 1897 1119 1784 1114 1758 1087 1565 1114 1522 1066 1479 1103 1398 1071 1329 1103 1291 1071 1109 1125 862 1125 825 1103 771 1119 669 1039"/></Shape>
	    <String CONTENT="תקח לחטאת שיכול שיהא נאכלת [חטא&#39;]"
                    HPOS="643.0"
                    VPOS="943.0"
                    WIDTH="1592.0"
                    HEIGHT="187.0"></String>
          </TextLine>

          
          
          <TextLine ID="eSc_line_88d3d20e"
                    
                    BASELINE="680 1173 1291 1162 1870 1162 1977 1173 2215 1183" 
                    HPOS="675.0"
                    VPOS="1077.0"
                    WIDTH="1538.0"
                    HEIGHT="176.0">
            <Shape><Polygon POINTS="675 1168 702 1077 777 1125 814 1103 857 1125 1114 1119 1291 1077 1345 1109 1484 1109 1522 1077 1565 1119 1672 1119 1752 1087 1790 1125 1902 1130 1929 1103 2213 1178 2176 1178 2106 1253 1881 1248 1806 1221 1699 1237 1677 1216 1532 1243 1473 1237 1436 1200 1404 1227 1361 1200 1120 1243 1061 1210 1023 1243 959 1210 927 1243 820 1227 755 1253 718 1221 680 1243"/></Shape>
	    <String CONTENT="חטאת זו ללוים תלמוד לומר פר שיני לעולה"
                    HPOS="675.0"
                    VPOS="1077.0"
                    WIDTH="1538.0"
                    HEIGHT="176.0"></String>
          </TextLine>

          
          
          <TextLine ID="eSc_line_fcb54b7b"
                    
                    BASELINE="627 1280 820 1296 2215 1296" 
                    HPOS="621.0"
                    VPOS="1210.0"
                    WIDTH="1592.0"
                    HEIGHT="167.0">
            <Shape><Polygon POINTS="621 1275 707 1221 771 1253 825 1232 927 1243 959 1210 996 1248 1055 1216 1125 1243 1356 1210 1377 1232 1827 1248 1854 1227 1886 1248 2090 1248 2213 1291 2186 1291 2101 1377 2068 1355 1897 1377 1795 1344 1661 1366 1232 1334 1179 1355 975 1344 820 1366 712 1355 637 1280"/></Shape>
	    <String CONTENT="מה עולה אינה נאכלת אף חטאת [לא נאכל&#39;]"
                    HPOS="621.0"
                    VPOS="1210.0"
                    WIDTH="1592.0"
                    HEIGHT="167.0"></String>
          </TextLine>

          
          
          <TextLine ID="eSc_line_c0033bd0"
                    
                    BASELINE="669 1403 1291 1414 1468 1425 2237 1424" 
                    HPOS="664.0"
                    VPOS="1339.0"
                    WIDTH="1571.0"
                    HEIGHT="161.0">
            <Shape><Polygon POINTS="664 1398 739 1350 1055 1371 1291 1339 1318 1361 1736 1377 1800 1355 1902 1382 2095 1361 2143 1409 2235 1419 2170 1419 2095 1494 1843 1500 1688 1494 1629 1468 1570 1484 1543 1462 1441 1484 1414 1457 1275 1484 1211 1452 1120 1484 1077 1452 1018 1489 916 1462 750 1489 669 1419"/></Shape>
	    <String CONTENT="לא נאכלת כיוצא בו אמ&#39; ר&#39; יוסי הבאין [מ&#39;]"
                    HPOS="664.0"
                    VPOS="1339.0"
                    WIDTH="1571.0"
                    HEIGHT="161.0"></String>
          </TextLine>

          
          
          <TextLine ID="eSc_line_02e2fd8f"
                    
                    BASELINE="669 1537 750 1527 873 1537 1436 1537 1892 1553 2226 1547" 
                    HPOS="664.0"
                    VPOS="1457.0"
                    WIDTH="1560.0"
                    HEIGHT="166.0">
            <Shape><Polygon POINTS="664 1532 803 1473 916 1462 1013 1489 1066 1457 1109 1484 1216 1457 1254 1489 1495 1489 1548 1468 1736 1500 2090 1494 2143 1537 2224 1543 2165 1548 2063 1623 1875 1623 1843 1591 1811 1623 1709 1602 1634 1618 1575 1591 1398 1612 1350 1580 1291 1618 1227 1580 1179 1618 1109 1580 1082 1602 884 1591 820 1618 777 1580 723 1596 669 1564"/></Shape>
	    <String CONTENT="מהשבי בני הגולה הקריבו עולות לﭏקי [י&#39;]"
                    HPOS="664.0"
                    VPOS="1457.0"
                    WIDTH="1560.0"
                    HEIGHT="166.0"></String>
          </TextLine>

          
          
          <TextLine ID="eSc_line_cb1688cd"
                    
                    BASELINE="680 1655 1447 1655 1779 1671 1854 1682 2194 1692" 
                    HPOS="675.0"
                    VPOS="1575.0"
                    WIDTH="1517.0"
                    HEIGHT="171.0">
            <Shape><Polygon POINTS="675 1650 680 1586 782 1591 852 1623 873 1602 1066 1612 1109 1575 1152 1618 1302 1618 1345 1591 1393 1618 1575 1602 1784 1628 1843 1596 1881 1628 2106 1623 2192 1687 2138 1687 2047 1746 1999 1720 1913 1746 1758 1746 1725 1709 1650 1736 1441 1730 1420 1709 1334 1741 1238 1693 1179 1736 1039 1736 1007 1709 905 1741 846 1714 750 1720 680 1666"/></Shape>
	    <String CONTENT="ישראל פרים שנים עשר על כל ישראל"
                    HPOS="675.0"
                    VPOS="1575.0"
                    WIDTH="1517.0"
                    HEIGHT="171.0"></String>
          </TextLine>

          
          
          <TextLine ID="eSc_line_f34b99ed"
                    
                    BASELINE="653 1778 1002 1778 1055 1789 2194 1799" 
                    HPOS="648.0"
                    VPOS="1703.0"
                    WIDTH="1544.0"
                    HEIGHT="167.0">
            <Shape><Polygon POINTS="648 1773 718 1709 857 1736 1184 1741 1243 1703 1291 1736 1382 1736 1425 1709 1634 1741 1725 1714 1758 1746 2004 1725 2031 1752 2106 1736 2192 1795 2160 1795 2090 1864 1983 1848 1699 1870 1436 1837 1291 1859 1109 1837 1077 1864 905 1864 820 1837 718 1853 653 1789"/></Shape>
	    <String CONTENT="אלים תשעים וששה כבשים שבעים [ושב&#39;]"
                    HPOS="648.0"
                    VPOS="1703.0"
                    WIDTH="1544.0"
                    HEIGHT="167.0"></String>
          </TextLine>

          
          
          <TextLine ID="eSc_line_31f5f789"
                    
                    BASELINE="627 1896 1120 1907 1179 1918 2237 1917" 
                    HPOS="621.0"
                    VPOS="1816.0"
                    WIDTH="1614.0"
                    HEIGHT="182.0">
            <Shape><Polygon POINTS="621 1891 675 1816 718 1859 1977 1859 2090 1864 2143 1902 2235 1912 2176 1912 2101 1987 1972 1977 1892 1998 1811 1961 1774 1993 1672 1993 1629 1955 1495 1982 1436 1955 1361 1982 1104 1966 1007 1993 959 1966 820 1982 750 1934 680 1950 627 1896"/></Shape>
	    <String CONTENT="ושבעה שעירי חטאת שנים עשר הכל"
                    HPOS="621.0"
                    VPOS="1816.0"
                    WIDTH="1614.0"
                    HEIGHT="182.0"></String>
          </TextLine>

          
          
          <TextLine ID="eSc_line_1eb45315"
                    
                    BASELINE="648 2036 1039 2036 1157 2046 2162 2056 2237 2040" 
                    HPOS="643.0"
                    VPOS="1939.0"
                    WIDTH="1592.0"
                    HEIGHT="188.0">
            <Shape><Polygon POINTS="643 2030 745 1939 793 1987 1409 1982 1436 1955 1468 1982 1779 1998 1822 1966 1892 2004 1972 1982 2095 1993 2165 2041 2235 2036 2149 2052 2058 2127 1972 2095 1929 2116 1902 2089 1870 2111 1811 2089 1758 2121 1650 2121 1548 2111 1506 2079 1388 2111 1323 2089 696 2111 648 2068"/></Shape>
	    <String CONTENT="עולה לייי איפשר לומר חטאת עולה אלא"
                    HPOS="643.0"
                    VPOS="1939.0"
                    WIDTH="1592.0"
                    HEIGHT="188.0"></String>
          </TextLine>

          
          
          <TextLine ID="eSc_line_d02e63f5"
                    
                    BASELINE="621 2159 691 2148 761 2159 1205 2164 1393 2175 2226 2185" 
                    HPOS="616.0"
                    VPOS="2079.0"
                    WIDTH="1608.0"
                    HEIGHT="171.0">
            <Shape><Polygon POINTS="616 2154 669 2105 1420 2111 1468 2079 1554 2121 1763 2121 1827 2084 1865 2121 1902 2089 1934 2121 1961 2100 2009 2132 2101 2121 2149 2170 2224 2180 2165 2180 2095 2250 1849 2245 1774 2212 1650 2245 1543 2223 1500 2245 1216 2239 1195 2218 1130 2239 1082 2202 1023 2229 916 2207 889 2229 718 2234 621 2154"/></Shape>
	    <String CONTENT="מה [תלמוד] חטאת לא נאכלת ר&#39; יהודה אומר"
                    HPOS="616.0"
                    VPOS="2079.0"
                    WIDTH="1608.0"
                    HEIGHT="171.0"></String>
          </TextLine>

          
          
          <TextLine ID="eSc_line_749cba82"
                    
                    BASELINE="669 2282 1189 2277 1254 2288 1548 2293 1656 2304 2194 2314" 
                    HPOS="664.0"
                    VPOS="2207.0"
                    WIDTH="1528.0"
                    HEIGHT="172.0">
            <Shape><Polygon POINTS="664 2277 691 2234 884 2234 921 2207 980 2234 1195 2223 1222 2245 1495 2245 1543 2223 1581 2245 1870 2250 2009 2229 2101 2250 2192 2309 2138 2309 2052 2373 1983 2346 1908 2379 1688 2363 1666 2341 1607 2363 1575 2330 1548 2357 1500 2336 1264 2373 1227 2346 1088 2363 1013 2336 991 2357 728 2363 669 2336"/></Shape>
	    <String CONTENT="על ע&#39;ז&#39; הביאום ˙ ר&#39; שמעון אומר כל מקום"
                    HPOS="664.0"
                    VPOS="2207.0"
                    WIDTH="1528.0"
                    HEIGHT="172.0"></String>
          </TextLine>

          
          
          <TextLine ID="eSc_line_b2ba4249"
                    
                    BASELINE="632 2395 771 2411 1945 2405 2231 2426" 
                    HPOS="627.0"
                    VPOS="2336.0"
                    WIDTH="1602.0"
                    HEIGHT="155.0">
            <Shape><Polygon POINTS="627 2389 771 2352 1222 2346 1264 2368 1473 2357 1506 2336 1527 2357 1629 2363 1666 2336 1699 2363 2101 2368 2149 2411 2229 2421 2149 2416 2063 2491 1961 2491 1940 2470 1875 2486 1822 2454 1747 2491 1500 2459 1222 2491 1173 2464 1130 2486 873 2491 761 2480 637 2395"/></Shape>
	    <String CONTENT="שנאמר עגל בתורה סתם בן שנה שנאמר"
                    HPOS="627.0"
                    VPOS="2336.0"
                    WIDTH="1602.0"
                    HEIGHT="155.0"></String>
          </TextLine>

          
          
          <TextLine ID="eSc_line_01bd3b9f"
                    
                    BASELINE="627 2545 782 2534 2221 2544" 
                    HPOS="621.0"
                    VPOS="2470.0"
                    WIDTH="1597.0"
                    HEIGHT="150.0">
            <Shape><Polygon POINTS="621 2539 686 2486 1490 2475 1758 2496 1918 2470 1983 2496 2090 2491 2127 2529 2218 2539 2149 2539 2079 2609 1999 2620 1918 2598 1650 2614 1602 2572 1548 2614 1425 2593 1222 2614 1184 2588 1104 2614 932 2614 889 2588 852 2620 771 2620 712 2614 627 2539"/></Shape>
	    <String CONTENT="ועגל וכבש בני שנה בן בקר בן שתי שנים"
                    HPOS="621.0"
                    VPOS="2470.0"
                    WIDTH="1597.0"
                    HEIGHT="150.0"></String>
          </TextLine>

          
          
          <TextLine ID="eSc_line_dd2dfb3c"
                    
                    BASELINE="648 2657 948 2657 1071 2668 2183 2667" 
                    HPOS="643.0"
                    VPOS="2555.0"
                    WIDTH="1538.0"
                    HEIGHT="183.0">
            <Shape><Polygon POINTS="643 2652 653 2555 707 2609 766 2614 1104 2614 1125 2593 1157 2614 1361 2614 1409 2588 1554 2614 1602 2566 1650 2614 2058 2609 2181 2663 2138 2663 2068 2732 2026 2738 1779 2711 1747 2738 1656 2716 1597 2738 1565 2711 1511 2738 1339 2738 1216 2732 1184 2705 1141 2732 750 2738 648 2673"/></Shape>
	    <String CONTENT="שנאמר קח לך עגל בן בקר לחטאת ואיל"
                    HPOS="643.0"
                    VPOS="2555.0"
                    WIDTH="1538.0"
                    HEIGHT="183.0"></String>
          </TextLine>

          
          
          <TextLine ID="eSc_line_088a6f37"
                    
                    BASELINE="589 2786 2210 2785" 
                    HPOS="584.0"
                    VPOS="2695.0"
                    WIDTH="1624.0"
                    HEIGHT="177.0">
            <Shape><Polygon POINTS="584 2780 664 2695 745 2743 1141 2743 1189 2716 1243 2743 1934 2732 2095 2743 2127 2775 2208 2780 2154 2780 2074 2861 2009 2872 1956 2834 1827 2866 1725 2839 1677 2866 1629 2845 1602 2866 1538 2850 1071 2872 1029 2845 814 2872 771 2829 718 2872 594 2780"/></Shape>
	    <String CONTENT="לעולה תמימים אף בשנים פר סתם בן [של&#39;]"
                    HPOS="584.0"
                    VPOS="2695.0"
                    WIDTH="1624.0"
                    HEIGHT="177.0"></String>
          </TextLine>

          
          
          <TextLine ID="eSc_line_263d62a7"
                    
                    BASELINE="648 2914 1152 2914 1216 2925 1924 2925 2140 2930 2205 2914" 
                    HPOS="643.0"
                    VPOS="2829.0"
                    WIDTH="1559.0"
                    HEIGHT="171.0">
            <Shape><Polygon POINTS="643 2909 680 2861 728 2866 766 2829 809 2872 1811 2866 1924 2861 1950 2834 1983 2866 2084 2861 2138 2914 2202 2909 2122 2925 2058 2989 1055 2989 975 2968 921 3000 889 2968 686 2984 648 2952"/></Shape>
	    <String CONTENT="שלש ובן ארבע ובן חמש כשירין אלא"
                    HPOS="643.0"
                    VPOS="2829.0"
                    WIDTH="1559.0"
                    HEIGHT="171.0"></String>
          </TextLine>

          
          
          <TextLine ID="eSc_line_866aa0d7"
                    
                    BASELINE="696 3032 1243 3043 1372 3054 1843 3054 2215 3048" 
                    HPOS="691.0"
                    VPOS="2979.0"
                    WIDTH="1522.0"
                    HEIGHT="150.0">
            <Shape><Polygon POINTS="691 3027 761 2989 889 2979 927 3006 1382 2979 1522 3000 1967 2984 2068 2989 2133 3038 2213 3043 2127 3048 2052 3118 1613 3129 1468 3107 857 3123 739 3075 696 3032"/></Shape>
	    <String CONTENT="שאין מביאין מן הזקנים מפני הכבוד ˙"
                    HPOS="691.0"
                    VPOS="2979.0"
                    WIDTH="1522.0"
                    HEIGHT="150.0"></String>
          </TextLine>

          
          
          <TextLine ID="eSc_line_19515e87"
                    
                    BASELINE="637 3172 1061 3172 1200 3182 2081 3192 2135 3182 2215 3182" 
                    HPOS="632.0"
                    VPOS="3091.0"
                    WIDTH="1581.0"
                    HEIGHT="161.0">
            <Shape><Polygon POINTS="632 3166 643 3113 680 3091 798 3123 2084 3113 2138 3166 2213 3177 2143 3177 2084 3236 1881 3247 1554 3215 1441 3247 1366 3225 1216 3252 1173 3215 1050 3247 707 3247 637 3198"/></Shape>
	    <String CONTENT="והביא אף אחר יום הכיפורים פר הוא [מבי&#39;]"
                    HPOS="632.0"
                    VPOS="3091.0"
                    WIDTH="1581.0"
                    HEIGHT="161.0"></String>
          </TextLine>

          
          
          <TextLine ID="eSc_line_94eb4bf7"
                    
                    BASELINE="627 3290 2135 3300 2215 3283" 
                    HPOS="621.0"
                    VPOS="3220.0"
                    WIDTH="1592.0"
                    HEIGHT="155.0">
            <Shape><Polygon POINTS="621 3284 680 3236 1243 3247 1372 3220 1425 3247 1532 3225 1709 3247 2084 3241 2133 3284 2213 3279 2143 3295 2074 3365 1849 3354 1747 3375 1495 3359 1468 3332 1329 3365 1023 3365 970 3343 932 3375 889 3348 857 3370 755 3370 691 3359 627 3295"/></Shape>
	    <String CONTENT="מביא ואין מביא חילופין והלא דין הוא [ומ&#39;]"
                    HPOS="621.0"
                    VPOS="3220.0"
                    WIDTH="1592.0"
                    HEIGHT="155.0"></String>
          </TextLine>

          
          
          <TextLine ID="eSc_line_247f8dcf"
                    
                    BASELINE="627 3418 2172 3417" 
                    HPOS="621.0"
                    VPOS="3311.0"
                    WIDTH="1549.0"
                    HEIGHT="193.0">
            <Shape><Polygon POINTS="621 3413 643 3311 712 3370 868 3370 889 3348 916 3375 1425 3370 1473 3338 1500 3365 1581 3370 2036 3370 2170 3413 2036 3498 1602 3466 1554 3493 1216 3477 1163 3504 1136 3482 1050 3493 1007 3450 943 3504 782 3493 750 3461 669 3482 632 3445"/></Shape>
	    <String CONTENT="ומה אם היחיד שלא שוה קרבנו על כל"
                    HPOS="621.0"
                    VPOS="3311.0"
                    WIDTH="1549.0"
                    HEIGHT="193.0"></String>
          </TextLine>

          
          
          <TextLine ID="eSc_line_1e83b5e8"
                    
                    BASELINE="605 3552 691 3541 2199 3551" 
                    HPOS="600.0"
                    VPOS="3450.0"
                    WIDTH="1597.0"
                    HEIGHT="182.0">
            <Shape><Polygon POINTS="600 3547 707 3466 766 3498 954 3504 1007 3450 1050 3493 1163 3498 2068 3488 2127 3536 2197 3547 2138 3547 2079 3606 2047 3584 2004 3616 1693 3611 1645 3632 1591 3606 1479 3627 1163 3622 1130 3590 1055 3627 954 3627 921 3606 675 3627 605 3563"/></Shape>
	    <String CONTENT="המצות לקרבן ששוה קרבנו על כל המצות"
                    HPOS="600.0"
                    VPOS="3450.0"
                    WIDTH="1597.0"
                    HEIGHT="182.0"></String>
          </TextLine>

          
          
          <TextLine ID="eSc_line_58488deb"
                    
                    BASELINE="605 3665 814 3665 921 3675 2097 3685 2215 3669" 
                    HPOS="600.0"
                    VPOS="3584.0"
                    WIDTH="1613.0"
                    HEIGHT="177.0">
            <Shape><Polygon POINTS="600 3659 659 3616 1870 3632 2015 3622 2052 3584 2133 3665 2213 3665 2122 3681 2020 3756 1961 3729 1908 3756 1870 3718 1838 3750 1763 3756 1645 3756 1607 3724 1323 3756 1130 3756 1104 3734 1077 3761 927 3740 798 3756 777 3734 669 3745 605 3681"/></Shape>
	    <String CONTENT="לקרבן מצוות יחידות משוח ששוה קרבנו"
                    HPOS="600.0"
                    VPOS="3584.0"
                    WIDTH="1613.0"
                    HEIGHT="177.0"></String>
          </TextLine>

          
          
          <TextLine ID="eSc_line_2e72c6a0"
                    
                    BASELINE="611 3804 2210 3814" 
                    HPOS="605.0"
                    VPOS="3718.0"
                    WIDTH="1603.0"
                    HEIGHT="172.0">
            <Shape><Polygon POINTS="605 3799 669 3756 1441 3761 1570 3756 1602 3724 1640 3756 1774 3756 1870 3718 1908 3756 1961 3734 1999 3761 2068 3750 2122 3799 2208 3809 2122 3809 2026 3884 1950 3852 1924 3874 1870 3858 1597 3890 1463 3890 1398 3847 1350 3879 1130 3884 1061 3858 996 3890 830 3890 755 3863 691 3890 611 3815"/></Shape>
	    <String CONTENT="על כל מצות לקרבן יום הכיפורים אינו דין"
                    HPOS="605.0"
                    VPOS="3718.0"
                    WIDTH="1603.0"
                    HEIGHT="172.0"></String>
          </TextLine>

          
          
          <TextLine ID="eSc_line_5179c99d"
                    
                    BASELINE="632 3933 2172 3943" 
                    HPOS="627.0"
                    VPOS="3847.0"
                    WIDTH="1543.0"
                    HEIGHT="171.0">
            <Shape><Polygon POINTS="627 3927 669 3884 1007 3890 1061 3858 1125 3884 1356 3879 1398 3847 1468 3895 2068 3868 2170 3938 2117 3938 2031 4008 1870 4008 1827 3986 1779 4013 1629 4018 1457 4013 1431 3991 1366 4018 1307 3991 1264 4018 1211 3997 975 4013 879 3975 830 4008 734 3986 659 4018 632 3991"/></Shape>
	    <String CONTENT="שלא ישוה קרבנו לקרבן מצות יחידות"
                    HPOS="627.0"
                    VPOS="3847.0"
                    WIDTH="1543.0"
                    HEIGHT="171.0"></String>
          </TextLine>

          
          
          <TextLine ID="eSc_line_966ebe3c"
                    
                    BASELINE="632 4061 2194 4071" 
                    HPOS="627.0"
                    VPOS="3975.0"
                    WIDTH="1565.0"
                    HEIGHT="177.0">
            <Shape><Polygon POINTS="627 4056 648 4018 696 4024 728 3997 836 4013 889 3975 927 4013 1205 4002 1254 4024 1291 3991 1345 4018 2068 4002 2122 4056 2192 4066 2133 4066 2052 4136 1838 4115 1790 4136 1645 4120 1586 4141 1548 4109 1511 4141 1468 4120 1034 4141 996 4115 932 4141 900 4109 852 4152 803 4131 734 4152 632 4093"/></Shape>
	    <String CONTENT="נשיא יוכיח ששוה על כל מצוות לקרבן [י&#39;]"
                    HPOS="627.0"
                    VPOS="3975.0"
                    WIDTH="1565.0"
                    HEIGHT="177.0"></String>
          </TextLine>

          
          
          <TextLine ID="eSc_line_cc882be7"
                    
                    BASELINE="627 4179 2140 4200 2205 4184" 
                    HPOS="621.0"
                    VPOS="4109.0"
                    WIDTH="1581.0"
                    HEIGHT="166.0">
            <Shape><Polygon POINTS="621 4174 686 4141 862 4147 900 4109 943 4141 1002 4109 1034 4147 1479 4147 1559 4109 1591 4141 2079 4136 2143 4184 2202 4179 2111 4195 1993 4265 1811 4270 1715 4233 1656 4259 1093 4254 1029 4275 889 4243 862 4270 809 4254 659 4275 627 4238"/></Shape>
	    <String CONTENT="יום הכיפורים ולא שוה קרבנו על כל מצות"
                    HPOS="621.0"
                    VPOS="4109.0"
                    WIDTH="1581.0"
                    HEIGHT="166.0"></String>
          </TextLine>

          
          
          <TextLine ID="eSc_line_80247866"
                    
                    BASELINE="627 4308 2071 4328 2135 4318 2221 4318" 
                    HPOS="621.0"
                    VPOS="4227.0"
                    WIDTH="1597.0"
                    HEIGHT="172.0">
            <Shape><Polygon POINTS="621 4302 643 4265 809 4265 857 4286 975 4259 2004 4265 2058 4227 2111 4281 2218 4313 2122 4318 2063 4377 2009 4393 1961 4372 1913 4393 1468 4372 1361 4388 1323 4361 1280 4393 734 4399 627 4356"/></Shape>
	    <String CONTENT="לקרבן מצוות יחידות אף אתה אל תתמה"
                    HPOS="621.0"
                    VPOS="4227.0"
                    WIDTH="1597.0"
                    HEIGHT="172.0"></String>
          </TextLine>

          
          
          <TextLine ID="eSc_line_db842a3f"
                    
                    BASELINE="584 4436 986 4436 1050 4447 1800 4447 1913 4436 2210 4446" 
                    HPOS="578.0"
                    VPOS="4367.0"
                    WIDTH="1630.0"
                    HEIGHT="160.0">
            <Shape><Polygon POINTS="578 4431 632 4367 734 4399 1232 4399 1339 4367 1366 4393 1452 4372 2084 4383 2127 4431 2208 4442 2117 4442 2020 4517 1972 4474 1892 4511 1661 4484 1634 4511 1420 4495 1372 4527 1259 4527 1222 4490 1184 4522 1120 4506 1061 4527 959 4495 927 4527 884 4506 766 4522 745 4501 659 4527 584 4452"/></Shape>
	    <String CONTENT="על המשיח שאף על פי ששוה קרבנו על"
                    HPOS="578.0"
                    VPOS="4367.0"
                    WIDTH="1630.0"
                    HEIGHT="160.0"></String>
          </TextLine>

          
          
          <TextLine ID="eSc_line_acc65864"
                    
                    BASELINE="632 4565 2199 4575" 
                    HPOS="627.0"
                    VPOS="4474.0"
                    WIDTH="1570.0"
                    HEIGHT="177.0">
            <Shape><Polygon POINTS="627 4559 739 4506 771 4527 932 4527 959 4501 1013 4527 1377 4522 1640 4517 1682 4490 1725 4517 1795 4517 1934 4511 1972 4474 2015 4517 2063 4506 2117 4559 2197 4570 2127 4570 2047 4640 1758 4634 1725 4613 1559 4651 1495 4618 1414 4651 1345 4608 1297 4645 1205 4651 1136 4613 1066 4651 1018 4629 686 4645 632 4597"/></Shape>
	    <String CONTENT="כל מצוות לקרבן יום הכיפורים לא ישוה"
                    HPOS="627.0"
                    VPOS="4474.0"
                    WIDTH="1570.0"
                    HEIGHT="177.0"></String>
          </TextLine>

          
          
          <TextLine ID="eSc_line_69518d79"
                    
                    BASELINE="605 4693 2194 4693" 
                    HPOS="600.0"
                    VPOS="4618.0"
                    WIDTH="1592.0"
                    HEIGHT="172.0">
            <Shape><Polygon POINTS="600 4688 653 4645 728 4634 793 4656 1082 4656 1136 4624 1179 4656 1291 4656 1345 4618 1388 4656 1699 4645 1741 4618 1849 4651 2074 4645 2111 4683 2181 4667 2192 4688 2138 4688 2036 4779 1961 4758 1902 4774 1859 4742 1795 4779 1565 4758 1543 4779 1361 4763 1313 4790 1264 4763 1211 4790 1077 4763 1045 4784 943 4784 916 4763 879 4784 696 4774 611 4693"/></Shape>
	    <String CONTENT="קרבנו על כל מצוות לקרבן מצוות יחידות"
                    HPOS="600.0"
                    VPOS="4618.0"
                    WIDTH="1592.0"
                    HEIGHT="172.0"></String>
          </TextLine>

          
          
          <TextLine ID="eSc_line_401e14be"
                    
                    BASELINE="627 4833 1752 4822 1892 4806 2172 4821" 
                    HPOS="621.0"
                    VPOS="4758.0"
                    WIDTH="1549.0"
                    HEIGHT="160.0">
            <Shape><Polygon POINTS="621 4827 686 4768 900 4763 1029 4790 1307 4790 1950 4758 2026 4779 2068 4763 2111 4806 2170 4817 2127 4817 2052 4897 1945 4886 1897 4908 1672 4886 1382 4908 1329 4865 1286 4908 1061 4918 943 4892 680 4902 627 4870"/></Shape>
	    <String CONTENT="אלא מפני מה נאמר והביא יכול יכול"
                    HPOS="621.0"
                    VPOS="4758.0"
                    WIDTH="1549.0"
                    HEIGHT="160.0"></String>
          </TextLine>

          
          
          <TextLine ID="eSc_line_df730644"
                    
                    BASELINE="627 4961 1768 4961 2151 4950" 
                    HPOS="621.0"
                    VPOS="4886.0"
                    WIDTH="1528.0"
                    HEIGHT="161.0">
            <Shape><Polygon POINTS="621 4956 627 4886 691 4913 809 4892 911 4913 937 4886 1055 4918 1254 4918 1307 4886 1366 4886 1398 4918 1543 4892 1597 4913 1666 4886 1843 4913 1875 4886 1913 4913 1950 4892 1977 4913 2133 4918 2149 4945 2133 5010 1961 5031 1849 5010 1768 5047 1720 5026 1629 5047 1414 5010 1318 5010 1291 5031 1232 5015 1179 5047 1114 5020 1071 5047 627 5047"/></Shape>
	    <String CONTENT="יביא חילופין תלמוד לומר פר פר הוא [מבי&#39;]"
                    HPOS="621.0"
                    VPOS="4886.0"
                    WIDTH="1528.0"
                    HEIGHT="161.0"></String>
          </TextLine>

          
        </TextBlock>
        

        
      </PrintSpace>
    </Page>
  </Layout>
</alto>
