<?xml version="1.0" encoding="UTF-8"?>
<alto xmlns:xsi="http://www.w3.org/2001/XMLSchema-instance"
      xmlns="http://www.loc.gov/standards/alto/ns-v4#"
      xsi:schemaLocation="http://www.loc.gov/standards/alto/ns-v4# http://www.loc.gov/standards/alto/v4/alto-4-2.xsd">
  <Description>
    <MeasurementUnit>pixel</MeasurementUnit>
    <sourceImageInformation>
      <fileName>add_ms_16406_f187v.jpg</fileName>
      
    </sourceImageInformation>
  </Description>
  
  <Tags>
    <OtherTag ID="BT1" LABEL="Title" DESCRIPTION="block type Title"/><OtherTag ID="BT2" LABEL="Main" DESCRIPTION="block type Main"/><OtherTag ID="BT3" LABEL="Commentary" DESCRIPTION="block type Commentary"/><OtherTag ID="BT4" LABEL="Illustration" DESCRIPTION="block type Illustration"/><OtherTag ID="BT224" LABEL="Hole" DESCRIPTION="block type Hole"/><OtherTag ID="BT225" LABEL="Margin" DESCRIPTION="block type Margin"/><OtherTag ID="BT226" LABEL="Paratext" DESCRIPTION="block type Paratext"/>
    <OtherTag ID="LT2" LABEL="Numbering" DESCRIPTION="line type Numbering"/><OtherTag ID="LT3" LABEL="Correction" DESCRIPTION="line type Correction"/><OtherTag ID="LT329" LABEL="Gloss" DESCRIPTION="line type Gloss"/>
  </Tags>
  
  <Layout>
    <Page WIDTH="4627"
          HEIGHT="6745"
          PHYSICAL_IMG_NR="374"
          ID="eSc_dummypage_">
      <PrintSpace HPOS="0"
                  VPOS="0"
                  WIDTH="4627"
                  HEIGHT="6745">
        
        <TextBlock HPOS="2021.0"
                   VPOS="760.0"
                   WIDTH="1616.0"
                   HEIGHT="4737.0"
                   ID="eSc_textblock_79b4a99b"
                   TAGREFS="BT2">
          <Shape><Polygon POINTS="2276 5497 3622 5452 3637 1064 3577 760 2036 764 2021 5482 2276 5497"/></Shape>
          
          
          <TextLine ID="eSc_line_02a750bd"
                    
                    BASELINE="2074 888 2591 882 3142 910 3277 899 3614 941" 
                    HPOS="2057.0"
                    VPOS="775.0"
                    WIDTH="1558.0"
                    HEIGHT="231.0">
            <Shape><Polygon POINTS="2068 882 2068 775 2406 781 2406 781 2406 781 2496 798 2709 843 2856 843 2884 820 2889 815 2889 809 2889 809 2895 809 2895 809 2895 809 2901 809 2901 809 2906 809 2906 809 2906 809 2912 809 2912 809 2945 820 3013 848 3243 837 3541 826 3547 826 3547 826 3547 826 3553 826 3553 826 3553 826 3615 859 3609 938 3586 1006 2057 955"/></Shape>
	    <String CONTENT="העמקי ועורב הבא בראש יונים למינו [ל&#39;]"
                    HPOS="2057.0"
                    VPOS="775.0"
                    WIDTH="1558.0"
                    HEIGHT="231.0"></String>
          </TextLine>

          
          
          <TextLine ID="eSc_line_cc8d8603"
                    
                    BASELINE="2074 1039 2513 1039 2743 1067 3614 1099" 
                    HPOS="2057.0"
                    VPOS="955.0"
                    WIDTH="1552.0"
                    HEIGHT="208.0">
            <Shape><Polygon POINTS="2068 1034 2063 983 2591 955 2597 955 2597 955 2603 955 2603 955 2676 983 2721 1000 2760 983 2811 961 2811 961 2816 961 2816 961 2816 961 2822 961 2822 961 2822 961 2827 961 2827 961 2878 983 2929 1011 3182 1017 3603 989 3609 1096 3592 1163 2057 1107"/></Shape>
	    <String CONTENT="להביא את הזרזירים למינו להביא את [ה&#39;]"
                    HPOS="2057.0"
                    VPOS="955.0"
                    WIDTH="1552.0"
                    HEIGHT="208.0"></String>
          </TextLine>

          
          
          <TextLine ID="eSc_line_bf5cf4d8"
                    
                    BASELINE="2080 1169 2282 1180 2558 1202 2934 1197 3052 1208 3614 1243" 
                    HPOS="2057.0"
                    VPOS="1096.0"
                    WIDTH="1552.0"
                    HEIGHT="224.0">
            <Shape><Polygon POINTS="2074 1163 2068 1112 2479 1096 2484 1096 2484 1096 2484 1096 2490 1096 2490 1096 2496 1096 2496 1096 2496 1096 2524 1124 2535 1129 2569 1124 2721 1107 2721 1107 2726 1107 2726 1107 2726 1107 2872 1135 2929 1152 3609 1163 3609 1242 3598 1304 3176 1320 3170 1320 3170 1320 3170 1320 3165 1320 3165 1320 3086 1287 2827 1304 2822 1304 2822 1304 2057 1236"/></Shape>
	    <String CONTENT="הסנונית נץ זה בן הנץ למינהו להביא בר"
                    HPOS="2057.0"
                    VPOS="1096.0"
                    WIDTH="1552.0"
                    HEIGHT="224.0"></String>
          </TextLine>

          
          
          <TextLine ID="eSc_line_d5444107"
                    
                    BASELINE="2097 1315 2490 1309 2574 1326 2771 1337 2839 1332 3328 1349 3614 1374" 
                    HPOS="2080.0"
                    VPOS="1247.0"
                    WIDTH="1529.0"
                    HEIGHT="175.0">
            <Shape><Polygon POINTS="2091 1309 2091 1247 3609 1298 3609 1371 3592 1422 2080 1371"/></Shape>
	    <String CONTENT="הירדיה מה תלמוד לומר למינהו ארבעה"
                    HPOS="2080.0"
                    VPOS="1247.0"
                    WIDTH="1529.0"
                    HEIGHT="175.0"></String>
          </TextLine>

          
          
          <TextLine ID="eSc_line_cb3d239f"
                    
                    BASELINE="2040 1433 2113 1450 2423 1444 2631 1478 2754 1467 2884 1467 3492 1517 3548 1529 3614 1531" 
                    HPOS="2018.0"
                    VPOS="1349.0"
                    WIDTH="1591.0"
                    HEIGHT="258.0">
            <Shape><Polygon POINTS="2035 1427 2029 1365 2203 1349 2209 1349 2209 1349 2546 1388 2692 1405 2737 1399 2844 1377 2844 1377 2844 1377 2850 1377 2850 1377 2856 1377 2856 1377 2934 1410 2957 1416 2968 1410 3013 1388 3013 1388 3013 1388 3019 1388 3019 1388 3019 1388 3024 1388 3024 1388 3030 1388 3030 1388 3030 1388 3086 1416 3114 1433 3609 1444 3609 1528 3609 1585 3474 1607 3474 1607 3468 1607 3468 1607 3468 1607 3272 1568 3255 1562 3249 1562 3227 1585 3227 1590 3227 1590 3221 1590 3221 1590 3221 1590 3215 1590 3215 1590 3210 1590 3210 1590 3210 1590 3204 1590 3080 1551 3064 1551 3052 1551 2934 1573 2934 1573 2929 1573 2929 1573 2929 1573 2923 1573 2923 1573 2844 1540 2827 1534 2782 1534 2563 1545 2558 1545 2558 1545 2558 1545 2552 1545 2552 1545 2546 1545 2501 1517 2496 1512 2484 1517 2451 1540 2445 1540 2445 1540 2439 1540 2439 1540 2439 1540 2434 1540 2434 1540 2018 1483"/></Shape>
	    <String CONTENT="פעמים שיכול אילו יהו אסורין ואילו [יה&#39;]"
                    HPOS="2018.0"
                    VPOS="1349.0"
                    WIDTH="1591.0"
                    HEIGHT="258.0"></String>
          </TextLine>

          
          
          <TextLine ID="eSc_line_76286296"
                    
                    BASELINE="2007 1590 2091 1607 2619 1601 3103 1630 3614 1657" 
                    HPOS="1978.0"
                    VPOS="1517.0"
                    WIDTH="1631.0"
                    HEIGHT="231.0">
            <Shape><Polygon POINTS="2001 1585 1995 1534 2451 1517 2456 1517 2456 1517 2456 1517 2614 1551 2721 1523 2726 1523 2726 1523 2726 1523 2732 1523 2732 1523 2737 1523 2737 1523 2737 1523 2811 1556 2889 1528 2889 1528 2895 1528 2895 1528 2901 1528 2901 1528 2901 1528 2906 1528 2906 1528 2912 1528 2912 1528 2912 1534 2917 1534 2940 1562 3075 1534 3075 1534 3075 1534 3080 1534 3080 1534 3086 1534 3086 1534 3086 1534 3092 1534 3092 1534 3137 1568 3412 1545 3418 1545 3418 1545 3418 1545 3609 1590 3609 1652 3592 1748 1978 1680"/></Shape>
	    <String CONTENT="יהו מותרין תלמוד לומר למינהו למינהו ריבה"
                    HPOS="1978.0"
                    VPOS="1517.0"
                    WIDTH="1631.0"
                    HEIGHT="231.0"></String>
          </TextLine>

          
          
          <TextLine ID="eSc_line_abb4633a"
                    
                    BASELINE="2097 1736 2439 1736 2704 1764 3030 1764 3097 1753 3243 1776 3531 1810 3614 1817" 
                    HPOS="2080.0"
                    VPOS="1663.0"
                    WIDTH="1529.0"
                    HEIGHT="203.0">
            <Shape><Polygon POINTS="2091 1731 2091 1663 3603 1742 3609 1815 3592 1866 2080 1804"/></Shape>
	    <String CONTENT="הא כיצד הרי למד מן המפורש מה נשר [מפ&#39;]"
                    HPOS="2080.0"
                    VPOS="1663.0"
                    WIDTH="1529.0"
                    HEIGHT="203.0"></String>
          </TextLine>

          
          
          <TextLine ID="eSc_line_a68b6881"
                    
                    BASELINE="2074 1871 2158 1888 2378 1888 2563 1899 2760 1894 3092 1911 3154 1922 3614 1942" 
                    HPOS="2046.0"
                    VPOS="1809.0"
                    WIDTH="1563.0"
                    HEIGHT="220.0">
            <Shape><Polygon POINTS="2068 1866 2068 1809 2856 1815 2856 1815 2856 1815 2861 1815 2861 1815 2940 1843 2940 1843 2940 1843 3058 1821 3058 1821 3058 1821 3064 1821 3064 1821 3069 1821 3069 1821 3069 1821 3075 1821 3075 1821 3075 1826 3080 1826 3097 1849 3165 1826 3170 1826 3170 1826 3176 1826 3176 1826 3609 1877 3609 1939 3598 2001 3474 2029 3474 2029 3474 2029 3468 2029 3468 2029 3463 2029 3463 2029 3463 2029 3457 2029 3457 2029 3418 2001 2805 2001 2799 2001 2046 1939"/></Shape>
	    <String CONTENT="מפורש שאין לו אצבע יתירה ואין לו זפק"
                    HPOS="2046.0"
                    VPOS="1809.0"
                    WIDTH="1563.0"
                    HEIGHT="220.0"></String>
          </TextLine>

          
          
          <TextLine ID="eSc_line_3797055e"
                    
                    BASELINE="2102 2017 2203 2040 2271 2029 2715 2034 2901 2045 2968 2062 3097 2051 3614 2087" 
                    HPOS="2068.0"
                    VPOS="1922.0"
                    WIDTH="1541.0"
                    HEIGHT="247.0">
            <Shape><Polygon POINTS="2097 2012 2091 1944 2231 1922 2231 1922 2237 1922 2237 1922 2237 1922 2243 1922 2243 1922 2243 1922 2248 1922 2248 1922 2248 1927 2276 1950 2276 1950 2276 1950 2338 1927 2344 1927 2344 1927 2344 1927 2350 1927 2350 1927 2350 1927 2355 1927 2451 1956 2473 1967 3609 2006 3609 2085 3598 2147 3378 2169 3378 2169 3373 2169 2676 2107 2119 2107 2113 2107 2113 2107 2108 2107 2108 2107 2108 2107 2102 2107 2102 2107 2102 2102 2068 2068"/></Shape>
	    <String CONTENT="ואין קורקבנו ניקלף ודורס ואוכל וכל [ש&#39;]"
                    HPOS="2068.0"
                    VPOS="1922.0"
                    WIDTH="1541.0"
                    HEIGHT="247.0"></String>
          </TextLine>

          
          
          <TextLine ID="eSc_line_7435dc26"
                    
                    BASELINE="2074 2169 2153 2169 2209 2180 2451 2180 2518 2197 2653 2186 2917 2186 3614 2234" 
                    HPOS="2057.0"
                    VPOS="2096.0"
                    WIDTH="1552.0"
                    HEIGHT="208.0">
            <Shape><Polygon POINTS="2068 2164 2068 2096 3407 2135 3407 2135 3407 2135 3609 2180 3609 2231 3598 2293 3097 2304 3092 2304 3092 2304 3086 2304 3086 2304 2996 2270 2985 2265 2974 2270 2917 2293 2917 2293 2912 2293 2912 2293 2912 2293 2906 2293 2906 2293 2901 2293 2901 2293 2901 2293 2895 2293 2850 2265 2844 2259 2816 2259 2687 2282 2687 2282 2681 2282 2681 2282 2057 2225"/></Shape>
	    <String CONTENT="שכיוצא בו אסור מה תורין ובני יונה [מא&#39;]"
                    HPOS="2057.0"
                    VPOS="2096.0"
                    WIDTH="1552.0"
                    HEIGHT="208.0"></String>
          </TextLine>

          
          
          <TextLine ID="eSc_line_c4dbd9af"
                    
                    BASELINE="2029 2310 2102 2327 2220 2315 2288 2332 2361 2338 2822 2349 3614 2370" 
                    HPOS="2001.0"
                    VPOS="2231.0"
                    WIDTH="1608.0"
                    HEIGHT="208.0">
            <Shape><Polygon POINTS="2023 2304 2018 2265 2203 2231 2203 2231 2209 2231 2209 2231 2209 2231 2411 2270 2417 2276 2906 2282 2906 2282 2996 2253 3002 2253 3002 2253 3002 2253 3007 2253 3609 2304 3609 2366 3592 2439 2001 2394"/></Shape>
	    <String CONTENT="מיוחדין שיש להם אצבע יתירה ויש להם"
                    HPOS="2001.0"
                    VPOS="2231.0"
                    WIDTH="1608.0"
                    HEIGHT="208.0"></String>
          </TextLine>

          
          
          <TextLine ID="eSc_line_be94ad4e"
                    
                    BASELINE="2074 2484 2603 2478 3075 2495 3131 2506 3614 2536" 
                    HPOS="2057.0"
                    VPOS="2400.0"
                    WIDTH="1552.0"
                    HEIGHT="185.0">
            <Shape><Polygon POINTS="2068 2478 2063 2405 2974 2400 2979 2400 2979 2400 2985 2400 3103 2433 3109 2433 3120 2433 3215 2405 3221 2405 3221 2405 3227 2405 3227 2405 3609 2450 3609 2534 3592 2585 2057 2534"/></Shape>
	    <String CONTENT="זפק וקור(ק)בנו ניקלף ואינן דורסין ואוכלין"
                    HPOS="2057.0"
                    VPOS="2400.0"
                    WIDTH="1552.0"
                    HEIGHT="185.0"></String>
          </TextLine>

          
          
          <TextLine ID="eSc_line_7c780181"
                    
                    BASELINE="2102 2608 2591 2619 2648 2608 2709 2624 2878 2630 2951 2641 3475 2670 3614 2677" 
                    HPOS="2080.0"
                    VPOS="2512.0"
                    WIDTH="1529.0"
                    HEIGHT="242.0">
            <Shape><Polygon POINTS="2097 2602 2097 2512 2631 2568 3609 2574 3609 2675 3603 2726 3508 2754 3502 2754 3502 2754 3502 2754 3496 2754 3496 2754 3300 2720 3232 2709 3215 2720 3198 2731 3193 2731 3193 2731 3187 2731 3187 2731 3187 2731 3182 2731 3182 2731 3069 2714 2957 2698 2833 2709 2743 2714 2743 2714 2737 2714 2737 2714 2732 2714 2732 2714 2732 2714 2726 2714 2726 2714 2715 2703 2692 2686 2670 2703 2659 2714 2653 2714 2653 2714 2653 2714 2648 2714 2648 2714 2648 2714 2642 2714 2642 2714 2636 2714 2636 2714 2636 2714 2631 2714 2631 2714 2619 2703 2586 2681 2456 2698 2406 2703 2406 2703 2400 2703 2400 2703 2395 2703 2395 2703 2395 2703 2389 2703 2383 2698 2338 2669 2299 2692 2299 2698 2293 2698 2293 2698 2288 2698 2288 2698 2288 2698 2282 2698 2080 2686"/></Shape>
	    <String CONTENT="וכל שכיוצא בהם מותר ˙ ד&#39; ˙ וכל"
                    HPOS="2080.0"
                    VPOS="2512.0"
                    WIDTH="1529.0"
                    HEIGHT="242.0"></String>
          </TextLine>

          
          
          <TextLine ID="eSc_line_d1e6d7b5"
                    
                    BASELINE="2057 2765 2389 2765 2451 2776 2507 2771 3536 2810 3614 2801" 
                    HPOS="2040.0"
                    VPOS="2675.0"
                    WIDTH="1575.0"
                    HEIGHT="197.0">
            <Shape><Polygon POINTS="2052 2759 2052 2692 2659 2709 2692 2681 2692 2675 2692 2675 2698 2675 2698 2675 2698 2675 2704 2675 2704 2675 2709 2675 2945 2681 2945 2681 2945 2681 2951 2681 2951 2681 3019 2709 3513 2709 3519 2709 3519 2709 3525 2709 3525 2709 3615 2748 3609 2799 3603 2861 2929 2872 2923 2872 2923 2872 2917 2872 2917 2872 2844 2844 2844 2844 2844 2844 2805 2872 2799 2872 2799 2872 2799 2872 2794 2872 2794 2872 2794 2872 2788 2872 2788 2872 2782 2872 2782 2872 2782 2872 2777 2872 2777 2872 2777 2866 2771 2866 2754 2844 2754 2844 2754 2844 2507 2861 2507 2861 2501 2861 2040 2821"/></Shape>
	    <String CONTENT="שרץ העוף ההולך על ארבע שקץ הוא"
                    HPOS="2040.0"
                    VPOS="2675.0"
                    WIDTH="1575.0"
                    HEIGHT="197.0"></String>
          </TextLine>

          
          
          <TextLine ID="eSc_line_d05ed4ca"
                    
                    BASELINE="2029 2905 3520 2939 3614 2947" 
                    HPOS="2001.0"
                    VPOS="2810.0"
                    WIDTH="1614.0"
                    HEIGHT="208.0">
            <Shape><Polygon POINTS="2023 2900 2023 2838 2338 2838 2406 2810 2406 2810 2411 2810 2411 2810 2411 2810 2417 2810 2417 2810 2423 2810 2423 2810 2423 2810 2490 2844 2608 2810 2614 2810 2614 2810 2619 2810 2619 2810 2619 2810 2625 2810 2625 2810 2625 2810 2631 2810 2631 2816 2631 2816 2636 2816 2659 2849 2659 2849 2664 2849 3109 2821 3114 2821 3114 2821 3114 2821 3120 2821 3120 2821 3120 2821 3176 2849 3553 2832 3558 2832 3558 2832 3558 2832 3564 2832 3564 2832 3570 2832 3570 2832 3570 2832 3615 2872 3609 2945 3592 3018 2271 2967 2254 2967 2136 2990 2136 2990 2136 2990 2130 2990 2130 2990 2125 2990 2001 2956"/></Shape>
	    <String CONTENT="לכם יכול הכל יהא אסור תלמוד לומר את"
                    HPOS="2001.0"
                    VPOS="2810.0"
                    WIDTH="1614.0"
                    HEIGHT="208.0"></String>
          </TextLine>

          
          
          <TextLine ID="eSc_line_ac3c7441"
                    
                    BASELINE="2057 3035 2411 3035 2535 3046 3614 3068" 
                    HPOS="2040.0"
                    VPOS="2939.0"
                    WIDTH="1569.0"
                    HEIGHT="214.0">
            <Shape><Polygon POINTS="2052 3029 2046 2973 2226 2939 2226 2939 2231 2939 2231 2939 2231 2939 2237 2939 2344 2973 2417 2939 2417 2939 2417 2939 2423 2939 2423 2939 2428 2939 2428 2939 2428 2939 2434 2939 2434 2939 2439 2939 2439 2939 2439 2945 2479 2979 2484 2984 2951 2984 2951 2984 3024 2950 3024 2950 3024 2950 3030 2950 3030 2950 3035 2950 3035 2950 3035 2950 3041 2950 3041 2950 3131 2990 3137 2990 3142 2990 3277 2956 3283 2956 3283 2956 3288 2956 3288 2956 3603 3001 3609 3063 3598 3119 3407 3153 3407 3153 3401 3153 3401 3153 3401 3153 3227 3119 3080 3147 3080 3147 3080 3147 3075 3147 3075 3147 3069 3147 3069 3147 3069 3147 3064 3147 3064 3147 3019 3113 2749 3142 2749 3142 2743 3142 2040 3091"/></Shape>
	    <String CONTENT="זה תאכלו מכל שרץ העוף ההולך על [א&#39;]"
                    HPOS="2040.0"
                    VPOS="2939.0"
                    WIDTH="1569.0"
                    HEIGHT="214.0"></String>
          </TextLine>

          
          
          <TextLine ID="eSc_line_0207b5bb"
                    
                    BASELINE="2052 3164 2192 3181 3614 3203" 
                    HPOS="2035.0"
                    VPOS="3080.0"
                    WIDTH="1574.0"
                    HEIGHT="174.0">
            <Shape><Polygon POINTS="2046 3158 2040 3113 2338 3080 2338 3080 2344 3080 2344 3080 2350 3080 2350 3080 2439 3113 2529 3080 2529 3080 2535 3080 2535 3080 2541 3080 2541 3080 2541 3080 2546 3080 2546 3080 2546 3080 2552 3080 2608 3119 2614 3125 2951 3125 2951 3125 2985 3097 2985 3091 2985 3091 2990 3091 2990 3091 2990 3091 2996 3091 2996 3091 2996 3091 3002 3091 3002 3091 3007 3091 3120 3119 3210 3091 3215 3091 3215 3091 3215 3091 3221 3091 3221 3091 3221 3091 3227 3091 3227 3091 3317 3130 3322 3136 3603 3136 3609 3198 3592 3254 2035 3237"/></Shape>
	    <String CONTENT="ארבע יכול הכל יהא מותר תלמוד לומר"
                    HPOS="2035.0"
                    VPOS="3080.0"
                    WIDTH="1574.0"
                    HEIGHT="174.0"></String>
          </TextLine>

          
          
          <TextLine ID="eSc_line_22ca3bfe"
                    
                    BASELINE="2052 3299 2142 3316 3614 3349" 
                    HPOS="2029.0"
                    VPOS="3215.0"
                    WIDTH="1580.0"
                    HEIGHT="196.0">
            <Shape><Polygon POINTS="2046 3293 2046 3248 2265 3248 2265 3248 2350 3215 2350 3215 2355 3215 2355 3215 2355 3215 2361 3215 2361 3215 2366 3215 2366 3215 2366 3215 2372 3215 2372 3215 2417 3254 2417 3254 2417 3254 2524 3220 2529 3220 2529 3220 2529 3220 2535 3220 2535 3220 2788 3260 2878 3226 2878 3226 2884 3226 2884 3226 2884 3226 2889 3226 2889 3226 2895 3226 2895 3226 2895 3226 2968 3260 3294 3237 3300 3237 3300 3237 3609 3282 3609 3344 3598 3394 2653 3411 2648 3411 2029 3361"/></Shape>
	    <String CONTENT="ארבה סלעם חרגול חגב אין לי אלא [אי&#39;]"
                    HPOS="2029.0"
                    VPOS="3215.0"
                    WIDTH="1580.0"
                    HEIGHT="196.0"></String>
          </TextLine>

          
          
          <TextLine ID="eSc_line_3c7dce7d"
                    
                    BASELINE="2052 3451 3614 3472" 
                    HPOS="2035.0"
                    VPOS="3372.0"
                    WIDTH="1574.0"
                    HEIGHT="174.0">
            <Shape><Polygon POINTS="2046 3445 2040 3383 3451 3372 3457 3372 3457 3372 3603 3406 3609 3468 3598 3524 2434 3546 2428 3546 2035 3501"/></Shape>
	    <String CONTENT="אילו בלבד מניין לרבות שאר המינין [תלמ&#39;]"
                    HPOS="2035.0"
                    VPOS="3372.0"
                    WIDTH="1574.0"
                    HEIGHT="174.0"></String>
          </TextLine>

          
          
          <TextLine ID="eSc_line_56b0b901"
                    
                    BASELINE="2040 3586 2715 3597 2782 3614 2850 3597 3187 3597 3548 3614 3614 3619" 
                    HPOS="2018.0"
                    VPOS="3501.0"
                    WIDTH="1591.0"
                    HEIGHT="197.0">
            <Shape><Polygon POINTS="2035 3580 2035 3529 2760 3529 2766 3529 2811 3501 2816 3501 2816 3501 2816 3501 2822 3501 2822 3501 2827 3501 2827 3501 2827 3501 2833 3501 2833 3501 2833 3501 2839 3501 2839 3501 2839 3507 2867 3535 2872 3535 2895 3535 3080 3507 3080 3507 3086 3507 3609 3541 3609 3614 3592 3670 3120 3664 3114 3664 3047 3698 3047 3698 3047 3698 3041 3698 3041 3698 3035 3698 2018 3647"/></Shape>
	    <String CONTENT="תלמוד לומר למינהו למינהו ריבה הא [כיצ&#39;]"
                    HPOS="2018.0"
                    VPOS="3501.0"
                    WIDTH="1591.0"
                    HEIGHT="197.0"></String>
          </TextLine>

          
          
          <TextLine ID="eSc_line_4d76b416"
                    
                    BASELINE="2074 3732 2383 3732 2439 3743 3520 3777 3576 3766 3614 3766" 
                    HPOS="2057.0"
                    VPOS="3653.0"
                    WIDTH="1552.0"
                    HEIGHT="180.0">
            <Shape><Polygon POINTS="2068 3726 2063 3676 3210 3653 3215 3653 3609 3687 3609 3765 3598 3833 2057 3805"/></Shape>
	    <String CONTENT="כיצד הרי למד מן המפורש מה ארבה [מפ&#39;]"
                    HPOS="2057.0"
                    VPOS="3653.0"
                    WIDTH="1552.0"
                    HEIGHT="180.0"></String>
          </TextLine>

          
          
          <TextLine ID="eSc_line_26f4907e"
                    
                    BASELINE="2057 3889 2490 3883 2563 3867 2631 3878 3614 3910" 
                    HPOS="2040.0"
                    VPOS="3799.0"
                    WIDTH="1575.0"
                    HEIGHT="180.0">
            <Shape><Polygon POINTS="2052 3883 2046 3810 3322 3799 3328 3799 3553 3810 3553 3810 3558 3810 3558 3810 3558 3810 3564 3810 3564 3810 3615 3850 3609 3906 3598 3957 2569 3979 2563 3979 2040 3945"/></Shape>
	    <String CONTENT="מפורש שיש לו ארבע רגלים וארבע [כנפ&#39;]"
                    HPOS="2040.0"
                    VPOS="3799.0"
                    WIDTH="1575.0"
                    HEIGHT="180.0"></String>
          </TextLine>

          
          
          <TextLine ID="eSc_line_8890951a"
                    
                    BASELINE="2052 4013 2558 4024 2614 4035 3531 4052 3614 4056" 
                    HPOS="2035.0"
                    VPOS="3940.0"
                    WIDTH="1580.0"
                    HEIGHT="174.0">
            <Shape><Polygon POINTS="2046 4007 2040 3962 3041 3940 3047 3940 3536 3951 3536 3951 3536 3951 3541 3951 3541 3951 3541 3951 3615 3990 3609 4052 3598 4114 2203 4114 2198 4108 2198 4108 2035 4075"/></Shape>
	    <String CONTENT="כנפים וקרצולין וכנפיו חופות את רובו ˙"
                    HPOS="2035.0"
                    VPOS="3940.0"
                    WIDTH="1580.0"
                    HEIGHT="174.0"></String>
          </TextLine>

          
          
          <TextLine ID="eSc_line_9bd0fc96"
                    
                    BASELINE="2007 4159 2439 4159 2558 4170 2692 4159 3052 4159 3576 4176 3614 4179" 
                    HPOS="1990.0"
                    VPOS="4086.0"
                    WIDTH="1619.0"
                    HEIGHT="174.0">
            <Shape><Polygon POINTS="2001 4153 1995 4091 3598 4086 3609 4176 3592 4232 2839 4260 2833 4260 2833 4260 2648 4226 2619 4226 2597 4226 2417 4254 2417 4254 2411 4254 1990 4221"/></Shape>
	    <String CONTENT="ר&#39; יוסי אומר ושמו חגב ר&#39; אלעזר בר&#39; יוסי"
                    HPOS="1990.0"
                    VPOS="4086.0"
                    WIDTH="1619.0"
                    HEIGHT="174.0"></String>
          </TextLine>

          
          
          <TextLine ID="eSc_line_3186f1d5"
                    
                    BASELINE="2052 4294 2934 4294 3215 4277 3614 4312" 
                    HPOS="2023.0"
                    VPOS="4204.0"
                    WIDTH="1586.0"
                    HEIGHT="185.0">
            <Shape><Polygon POINTS="2046 4288 2040 4226 3075 4204 3080 4204 3603 4243 3609 4311 3598 4356 3159 4389 3154 4389 3154 4389 3154 4389 3148 4389 3148 4389 3069 4356 2799 4356 2614 4384 2614 4384 2608 4384 2097 4378 2097 4378 2097 4378 2091 4378 2091 4378 2091 4378 2085 4378 2023 4339"/></Shape>
	    <String CONTENT="אומר אשר לו ואף על פי שאין לו [עכש&#39;]"
                    HPOS="2023.0"
                    VPOS="4204.0"
                    WIDTH="1586.0"
                    HEIGHT="185.0"></String>
          </TextLine>

          
          
          <TextLine ID="eSc_line_49c0d0f9"
                    
                    BASELINE="2187 4417 3463 4451 3520 4440 3614 4440" 
                    HPOS="2175.0"
                    VPOS="4328.0"
                    WIDTH="1445.0"
                    HEIGHT="174.0">
            <Shape><Polygon POINTS="2181 4412 2181 4356 2653 4361 2945 4328 2945 4328 2951 4328 3553 4344 3553 4344 3553 4344 3558 4344 3558 4344 3558 4344 3564 4344 3564 4344 3620 4389 3609 4434 3603 4502 2175 4502"/></Shape>
	    <String CONTENT="עכשיו ועתידין לגדל אחר זמן ˙ ה&#39; ˙"
                    HPOS="2175.0"
                    VPOS="4328.0"
                    WIDTH="1445.0"
                    HEIGHT="174.0"></String>
          </TextLine>

          
          
          <TextLine ID="eSc_line_90437680"
                    
                    BASELINE="2052 4552 2692 4564 2856 4558 2912 4547 3581 4586 3614 4580" 
                    HPOS="2035.0"
                    VPOS="4446.0"
                    WIDTH="1585.0"
                    HEIGHT="219.0">
            <Shape><Polygon POINTS="2046 4547 2046 4485 2209 4485 2248 4451 2248 4446 2248 4446 2254 4446 2254 4446 2254 4446 2260 4446 2260 4446 2260 4446 2265 4446 2265 4446 2271 4446 2271 4446 2271 4446 2276 4446 2355 4496 2355 4496 2361 4496 2732 4502 2945 4457 2945 4457 2945 4457 2951 4457 2951 4457 2957 4457 2957 4457 2957 4457 2962 4457 2962 4457 2962 4462 2996 4491 3553 4479 3558 4479 3558 4479 3564 4479 3564 4479 3564 4479 3570 4479 3570 4479 3570 4485 3570 4485 3620 4541 3609 4575 3603 4637 3283 4625 3272 4631 3210 4665 3210 4665 3210 4665 3204 4665 3204 4665 3204 4665 3198 4665 3198 4665 3193 4665 3193 4665 3193 4665 3120 4631 3097 4620 3069 4625 2996 4648 2990 4648 2990 4648 2990 4648 2985 4648 2985 4648 2979 4648 2979 4648 2979 4648 2974 4648 2940 4625 2929 4614 2917 4625 2878 4654 2878 4654 2872 4654 2872 4654 2867 4654 2867 4654 2867 4654 2861 4654 2861 4654 2856 4654 2856 4654 2856 4654 2799 4625 2518 4654 2518 4654 2513 4654 2035 4603"/></Shape>
	    <String CONTENT="ארבה זה גוביי סלעם זה רשון חרגול זה"
                    HPOS="2035.0"
                    VPOS="4446.0"
                    WIDTH="1585.0"
                    HEIGHT="219.0"></String>
          </TextLine>

          
          
          <TextLine ID="eSc_line_53d8dab8"
                    
                    BASELINE="1990 4699 2917 4699 3182 4682 3614 4717" 
                    HPOS="1967.0"
                    VPOS="4597.0"
                    WIDTH="1642.0"
                    HEIGHT="203.0">
            <Shape><Polygon POINTS="1984 4693 1978 4637 2282 4609 2288 4609 2288 4609 2288 4609 2293 4609 2378 4631 2400 4637 2406 4631 2451 4597 2451 4597 2456 4597 2456 4597 2462 4597 2462 4597 2462 4597 2468 4597 2468 4597 2473 4597 2473 4597 2563 4631 2597 4642 2625 4631 2676 4603 2676 4603 2676 4603 2681 4603 2681 4603 2681 4603 2687 4603 2687 4603 2692 4603 2692 4603 2760 4631 2805 4642 3598 4625 3609 4715 3598 4772 2642 4800 2636 4800 2119 4794 2119 4794 2119 4794 2113 4794 1967 4755"/></Shape>
	    <String CONTENT="נפול חגב זה נודיין מה תלמוד לומר למינהו"
                    HPOS="1967.0"
                    VPOS="4597.0"
                    WIDTH="1642.0"
                    HEIGHT="203.0"></String>
          </TextLine>

          
          
          <TextLine ID="eSc_line_ce8b6ae7"
                    
                    BASELINE="2080 4833 3187 4833 3272 4828 3328 4811 3598 4856 3614 4853" 
                    HPOS="2063.0"
                    VPOS="4749.0"
                    WIDTH="1552.0"
                    HEIGHT="157.0">
            <Shape><Polygon POINTS="2074 4828 2074 4777 2839 4777 2917 4749 2917 4749 2923 4749 2923 4749 2929 4749 2929 4749 2929 4749 3092 4777 3553 4755 3558 4755 3558 4755 3558 4755 3564 4755 3564 4755 3570 4755 3570 4755 3615 4788 3609 4850 3598 4906 2063 4895"/></Shape>
	    <String CONTENT="ארבעה פעמים להביא את ציפורת [כרמ&#39;]"
                    HPOS="2063.0"
                    VPOS="4749.0"
                    WIDTH="1552.0"
                    HEIGHT="157.0"></String>
          </TextLine>

          
          
          <TextLine ID="eSc_line_181fa534"
                    
                    BASELINE="2018 4968 2231 4968 2288 4980 2619 4980 2754 4968 3092 4968 3227 4951 3614 4985" 
                    HPOS="1995.0"
                    VPOS="4873.0"
                    WIDTH="1614.0"
                    HEIGHT="196.0">
            <Shape><Polygon POINTS="2012 4963 2012 4906 2608 4918 2636 4906 2721 4873 2721 4873 2726 4873 2726 4873 2732 4873 2732 4873 2732 4873 2737 4873 2737 4873 2822 4912 2833 4912 2889 4912 3215 4884 3221 4884 3221 4884 3609 4918 3609 4980 3598 5041 3019 5064 3013 5064 3013 5064 3013 5064 3007 5064 3007 5064 3007 5064 3002 5064 3002 5064 2974 5036 2878 5069 2878 5069 2872 5069 2872 5069 2867 5069 2867 5069 2636 5041 2080 5053 2074 5053 2074 5053 2074 5053 2068 5053 2068 5053 1995 5019"/></Shape>
	    <String CONTENT="כרמים ואת יונה הירשלמית ואת חרצובא"
                    HPOS="1995.0"
                    VPOS="4873.0"
                    WIDTH="1614.0"
                    HEIGHT="196.0"></String>
          </TextLine>

          
          
          <TextLine ID="eSc_line_8b80c848"
                    
                    BASELINE="2102 5103 2603 5103 2867 5086 3614 5118" 
                    HPOS="2085.0"
                    VPOS="5025.0"
                    WIDTH="1524.0"
                    HEIGHT="179.0">
            <Shape><Polygon POINTS="2097 5098 2091 5041 3603 5025 3609 5114 3592 5204 3356 5165 3069 5193 3024 5193 3019 5193 3019 5193 3019 5193 3013 5193 2996 5188 2878 5154 2726 5182 2676 5188 2676 5188 2676 5188 2670 5188 2670 5188 2664 5188 2664 5188 2636 5176 2569 5154 2546 5176 2541 5182 2541 5182 2535 5182 2535 5182 2535 5182 2529 5182 2529 5182 2529 5182 2524 5182 2085 5159"/></Shape>
	    <String CONTENT="ואת הרזיב(י)נית ˙ ו&#39; ˙ ר&#39; אומר"
                    HPOS="2085.0"
                    VPOS="5025.0"
                    WIDTH="1524.0"
                    HEIGHT="179.0"></String>
          </TextLine>

          
          
          <TextLine ID="eSc_line_babcb697"
                    
                    BASELINE="1984 5238 2468 5232 2535 5221 3322 5227 3475 5250 3614 5250" 
                    HPOS="1962.0"
                    VPOS="5131.0"
                    WIDTH="1653.0"
                    HEIGHT="197.0">
            <Shape><Polygon POINTS="1978 5232 1978 5176 2299 5176 2350 5131 2350 5131 2355 5131 2355 5131 2355 5131 2361 5131 2361 5131 2366 5131 2366 5131 2366 5131 2372 5131 2372 5131 2378 5131 2378 5131 2434 5171 2687 5171 2715 5143 2715 5137 2715 5137 2721 5137 2721 5137 2721 5137 2726 5137 2726 5137 2726 5137 2732 5137 2732 5137 2934 5171 3496 5137 3502 5137 3502 5137 3502 5137 3508 5137 3615 5176 3609 5249 3603 5311 2068 5328 2063 5328 2063 5328 2057 5328 2057 5328 1962 5289"/></Shape>
	    <String CONTENT="כל שרץ העוף אשר לו ארבע רגלים טמא"
                    HPOS="1962.0"
                    VPOS="5131.0"
                    WIDTH="1653.0"
                    HEIGHT="197.0"></String>
          </TextLine>

          
          
          <TextLine ID="eSc_line_9376f1a6"
                    
                    BASELINE="2035 5373 3492 5390 3559 5396 3614 5389" 
                    HPOS="2023.0"
                    VPOS="5277.0"
                    WIDTH="1586.0"
                    HEIGHT="265.0">
            <Shape><Polygon POINTS="2029 5367 2023 5306 3114 5277 3120 5277 3603 5322 3609 5384 3603 5542 3288 5514 3215 5536 3215 5536 3210 5536 3210 5536 3210 5536 3204 5536 3204 5536 3204 5536 3198 5536 3198 5536 3064 5491 2962 5530 2951 5536 2951 5536 2945 5536 2945 5536 2945 5536 2940 5536 2940 5536 2934 5536 2934 5536 2934 5536 2929 5536 2929 5536 2923 5530 2850 5474 2642 5474 2366 5519 2299 5530 2299 5530 2293 5530 2293 5530 2293 5530 2226 5519 2085 5491 2023 5514"/></Shape>
	    <String CONTENT="הוא אם יש לו חמש טהור שקץ הוא [פר&#39;]"
                    HPOS="2023.0"
                    VPOS="5277.0"
                    WIDTH="1586.0"
                    HEIGHT="265.0"></String>
          </TextLine>

          
        </TextBlock>
        
        <TextBlock HPOS="326.0"
                   VPOS="775.0"
                   WIDTH="1335.0"
                   HEIGHT="4662.0"
                   ID="eSc_textblock_42e1436a"
                   TAGREFS="BT2">
          <Shape><Polygon POINTS="1631 5437 1661 3492 1616 809 1586 775 434 805 356 989 326 2173 356 5302 389 5362 509 5407 1631 5437"/></Shape>
          
          
          <TextLine ID="eSc_line_22ac7639"
                    
                    BASELINE="427 1040 719 944 1557 921 1630 927" 
                    HPOS="421.0"
                    VPOS="848.0"
                    WIDTH="1203.0"
                    HEIGHT="208.0">
            <Shape><Polygon POINTS="421 1039 421 944 590 938 618 910 848 916 938 882 1011 904 1045 876 1085 899 1163 865 1214 888 1411 848 1444 876 1607 871 1624 921 1557 989 1444 978 1399 1000 1338 972 1298 1006 1236 978 1141 1006 899 1000 854 1022 432 1056"/></Shape>
	    <String CONTENT="פרט לעירובו מיכן אמרו חגבים טמאים"
                    HPOS="421.0"
                    VPOS="848.0"
                    WIDTH="1203.0"
                    HEIGHT="208.0"></String>
          </TextLine>

          
          
          <TextLine ID="eSc_line_54940239"
                    
                    BASELINE="413 1188 742 1107 803 1112 961 1084 1163 1090 1495 1084 1636 1084" 
                    HPOS="387.0"
                    VPOS="983.0"
                    WIDTH="1243.0"
                    HEIGHT="287.0">
            <Shape><Polygon POINTS="410 1185 387 1112 477 1051 483 1051 483 1051 483 1051 489 1051 489 1051 697 1028 697 1028 1613 983 1630 1079 1630 1141 1163 1163 1118 1197 1113 1197 1113 1197 1113 1197 1113 1197 1107 1197 1107 1197 1107 1197 1101 1197 1096 1197 843 1180 640 1197 584 1242 584 1242 579 1242 579 1242 573 1242 573 1242 573 1242 567 1242 567 1242 567 1242 483 1225 432 1270"/></Shape>
	    <String CONTENT="שנכבשו עם חגבים טהורים לא פסלו את"
                    HPOS="387.0"
                    VPOS="983.0"
                    WIDTH="1243.0"
                    HEIGHT="287.0"></String>
          </TextLine>

          
          
          <TextLine ID="eSc_line_f5467a4b"
                    
                    BASELINE="399 1315 764 1242 826 1247 1017 1225 1191 1225 1309 1208 1557 1214 1613 1219 1636 1214" 
                    HPOS="382.0"
                    VPOS="1124.0"
                    WIDTH="1254.0"
                    HEIGHT="292.0">
            <Shape><Polygon POINTS="393 1309 382 1259 865 1152 865 1152 865 1152 871 1152 871 1152 877 1152 877 1152 877 1152 882 1152 916 1174 1175 1124 1175 1124 1175 1124 1180 1124 1180 1124 1186 1124 1186 1124 1186 1124 1191 1124 1191 1124 1231 1152 1613 1124 1630 1208 1636 1275 758 1332 399 1416"/></Shape>
	    <String CONTENT="צירן ˙ העיד ר&#39; צדוק על ציר חגבים שהוא"
                    HPOS="382.0"
                    VPOS="1124.0"
                    WIDTH="1254.0"
                    HEIGHT="292.0"></String>
          </TextLine>

          
          
          <TextLine ID="eSc_line_c17dcd58"
                    
                    BASELINE="624 1371 764 1354 1073 1360 1495 1349 1619 1354 1636 1350" 
                    HPOS="607.0"
                    VPOS="1270.0"
                    WIDTH="1023.0"
                    HEIGHT="185.0">
            <Shape><Polygon POINTS="618 1365 607 1304 1332 1270 1338 1270 1624 1298 1630 1349 1624 1422 618 1455"/></Shape>
	    <String CONTENT="טהור ˙ פרשתא ˙"
                    HPOS="607.0"
                    VPOS="1270.0"
                    WIDTH="1023.0"
                    HEIGHT="185.0"></String>
          </TextLine>

          
          
          <TextLine ID="eSc_line_302149cd"
                    
                    BASELINE="365 1579 517 1540 635 1512 708 1517 944 1495 1242 1483 1326 1467 1636 1488" 
                    HPOS="348.0"
                    VPOS="1377.0"
                    WIDTH="1282.0"
                    HEIGHT="264.0">
            <Shape><Polygon POINTS="359 1573 348 1478 736 1450 764 1410 770 1410 770 1405 770 1405 775 1405 775 1405 775 1405 781 1405 781 1405 877 1399 882 1399 882 1399 888 1399 888 1399 888 1399 961 1433 1332 1416 1405 1377 1405 1377 1405 1377 1411 1377 1411 1377 1411 1377 1416 1377 1416 1377 1630 1410 1630 1483 1607 1590 1551 1556 1422 1596 1416 1596 1416 1596 1416 1596 1416 1596 1411 1596 1411 1596 1411 1596 1411 1596 1405 1596 1315 1568 1017 1613 1017 1613 1011 1613 1011 1613 758 1590 680 1630 680 1630 680 1630 680 1630 674 1630 674 1630 674 1630 371 1641"/></Shape>
	    <String CONTENT="ולאלה תטמאו יכול כל האמור בעינין [/]"
                    HPOS="348.0"
                    VPOS="1377.0"
                    WIDTH="1282.0"
                    HEIGHT="264.0"></String>
          </TextLine>

          
          
          <TextLine ID="eSc_line_4056a70d"
                    
                    BASELINE="357 1714 455 1669 579 1680 742 1646 933 1652 1101 1618 1236 1630 1636 1630" 
                    HPOS="342.0"
                    VPOS="1556.0"
                    WIDTH="1299.0"
                    HEIGHT="208.0">
            <Shape><Polygon POINTS="354 1708 342 1607 1619 1556 1630 1624 1641 1686 1591 1719 1585 1719 1585 1719 1585 1719 1579 1719 1579 1719 1579 1719 1574 1719 1354 1703 1309 1703 371 1764"/></Shape>
	    <String CONTENT="בהמה וחיה ועופות ודגים וחגבים יכול יהא"
                    HPOS="342.0"
                    VPOS="1556.0"
                    WIDTH="1299.0"
                    HEIGHT="208.0"></String>
          </TextLine>

          
          
          <TextLine ID="eSc_line_677e64c4"
                    
                    BASELINE="342 1849 550 1804 612 1809 674 1793 1130 1776 1309 1759 1619 1787 1636 1782" 
                    HPOS="326.0"
                    VPOS="1686.0"
                    WIDTH="1304.0"
                    HEIGHT="213.0">
            <Shape><Polygon POINTS="337 1843 326 1748 466 1742 466 1742 500 1708 500 1703 500 1703 505 1703 505 1703 505 1703 511 1703 511 1703 517 1703 517 1703 517 1703 522 1703 522 1703 590 1731 719 1697 725 1697 725 1697 730 1697 730 1697 730 1697 736 1697 832 1725 843 1725 871 1725 1175 1686 1175 1686 1180 1686 1624 1697 1630 1781 1630 1838 342 1899"/></Shape>
	    <String CONTENT="אבר מן החי מטמא בכולן תלמוד לומר [בהמ&#39;]"
                    HPOS="326.0"
                    VPOS="1686.0"
                    WIDTH="1304.0"
                    HEIGHT="213.0"></String>
          </TextLine>

          
          
          <TextLine ID="eSc_line_b96ee582"
                    
                    BASELINE="331 1992 444 1958 453 1958 612 1944 854 1916 1040 1916 1096 1927 1287 1894 1636 1909" 
                    HPOS="314.0"
                    VPOS="1821.0"
                    WIDTH="1316.0"
                    HEIGHT="230.0">
            <Shape><Polygon POINTS="326 1989 314 1899 1169 1821 1175 1821 1624 1838 1630 1905 1624 1967 331 2051"/></Shape>
	    <String CONTENT="בהמה אוציא את דגים גדולים בים שאין"
                    HPOS="314.0"
                    VPOS="1821.0"
                    WIDTH="1316.0"
                    HEIGHT="230.0"></String>
          </TextLine>

          
          
          <TextLine ID="eSc_line_8c0b57fb"
                    
                    BASELINE="342 2121 370 2115 556 2074 764 2051 1085 2051 1141 2062 1208 2045 1394 2029 1636 2045" 
                    HPOS="326.0"
                    VPOS="1950.0"
                    WIDTH="1304.0"
                    HEIGHT="230.0">
            <Shape><Polygon POINTS="337 2119 326 2029 815 1967 815 1967 820 1967 1135 1984 1175 1950 1175 1950 1175 1950 1180 1950 1180 1950 1186 1950 1186 1950 1186 1950 1191 1950 1624 1972 1630 2040 1619 2119 1197 2113 1017 2152 995 2152 995 2152 995 2152 989 2152 989 2152 978 2152 865 2130 832 2158 832 2158 832 2164 832 2164 826 2164 826 2164 826 2164 820 2164 820 2164 815 2164 815 2164 781 2164 601 2141 337 2180"/></Shape>
	    <String CONTENT="בים מקבלי טומאה ולא אוציא את החגבים"
                    HPOS="326.0"
                    VPOS="1950.0"
                    WIDTH="1304.0"
                    HEIGHT="230.0"></String>
          </TextLine>

          
          
          <TextLine ID="eSc_line_90d1cd4f"
                    
                    BASELINE="342 2239 1073 2214 1135 2203 1338 2203 1540 2203 1608 2209 1636 2202" 
                    HPOS="326.0"
                    VPOS="2096.0"
                    WIDTH="1315.0"
                    HEIGHT="214.0">
            <Shape><Polygon POINTS="337 2237 326 2164 1517 2096 1523 2096 1523 2096 1529 2096 1630 2124 1630 2197 1641 2259 337 2310"/></Shape>
	    <String CONTENT="תלמוד לומר מפרסת אוציא את החגבים [ש&#39;]"
                    HPOS="326.0"
                    VPOS="2096.0"
                    WIDTH="1315.0"
                    HEIGHT="214.0"></String>
          </TextLine>

          
          
          <TextLine ID="eSc_line_eebc0357"
                    
                    BASELINE="354 2400 573 2366 787 2355 843 2343 1360 2349 1636 2349" 
                    HPOS="337.0"
                    VPOS="2253.0"
                    WIDTH="1293.0"
                    HEIGHT="197.0">
            <Shape><Polygon POINTS="348 2394 337 2304 1309 2253 1315 2253 1315 2253 1624 2287 1630 2343 1624 2416 348 2450"/></Shape>
	    <String CONTENT="שאינן למינן טומאה ולא אוציא את [א&#39;]"
                    HPOS="337.0"
                    VPOS="2253.0"
                    WIDTH="1293.0"
                    HEIGHT="197.0"></String>
          </TextLine>

          
          
          <TextLine ID="eSc_line_220ce186"
                    
                    BASELINE="342 2512 618 2501 1152 2501 1276 2512 1343 2495 1636 2510" 
                    HPOS="314.0"
                    VPOS="2405.0"
                    WIDTH="1316.0"
                    HEIGHT="197.0">
            <Shape><Polygon POINTS="337 2506 326 2439 416 2411 421 2411 421 2411 427 2411 427 2411 427 2411 432 2411 432 2411 494 2439 494 2439 500 2439 562 2405 562 2405 562 2405 567 2405 567 2405 567 2405 573 2405 573 2405 579 2405 579 2405 579 2405 584 2405 584 2405 584 2411 618 2439 618 2445 871 2445 888 2439 1118 2405 1118 2405 1124 2405 1624 2445 1630 2506 1619 2563 1472 2596 1472 2596 1472 2596 1467 2596 961 2568 933 2591 933 2596 933 2596 927 2596 927 2596 927 2596 922 2596 922 2596 922 2602 371 2602 365 2596 365 2596 359 2596 359 2596 359 2596 354 2596 354 2596 354 2591 314 2551"/></Shape>
	    <String CONTENT="העופות שיש למינן טומאה תלמוד לומר"
                    HPOS="314.0"
                    VPOS="2405.0"
                    WIDTH="1316.0"
                    HEIGHT="197.0"></String>
          </TextLine>

          
          
          <TextLine ID="eSc_line_377e18b5"
                    
                    BASELINE="331 2641 1107 2641 1163 2630 1636 2636" 
                    HPOS="320.0"
                    VPOS="2574.0"
                    WIDTH="1310.0"
                    HEIGHT="163.0">
            <Shape><Polygon POINTS="326 2636 326 2574 1624 2574 1630 2630 1630 2698 1574 2737 1568 2737 1568 2737 1568 2737 1562 2737 1562 2737 1562 2737 1557 2737 1557 2737 1551 2737 1551 2737 1551 2737 1546 2737 1546 2737 1501 2703 1214 2731 1214 2731 1208 2731 1208 2731 1203 2731 1203 2731 1203 2731 1197 2731 1169 2709 1152 2703 893 2703 860 2720 837 2737 832 2737 832 2737 832 2737 826 2737 826 2737 820 2737 820 2737 820 2737 815 2737 815 2737 815 2737 809 2737 792 2726 758 2703 320 2737"/></Shape>
	    <String CONTENT="פרסה אוציא את העוף הטמא ולא [אוצ&#39;]"
                    HPOS="320.0"
                    VPOS="2574.0"
                    WIDTH="1310.0"
                    HEIGHT="163.0"></String>
          </TextLine>

          
          
          <TextLine ID="eSc_line_a640fd80"
                    
                    BASELINE="342 2771 1479 2788 1552 2799 1636 2782" 
                    HPOS="314.0"
                    VPOS="2703.0"
                    WIDTH="1316.0"
                    HEIGHT="174.0">
            <Shape><Polygon POINTS="337 2765 337 2703 1624 2714 1630 2776 1630 2849 1040 2877 1034 2877 1034 2877 1034 2877 865 2844 444 2866 438 2866 438 2866 438 2866 432 2866 314 2827"/></Shape>
	    <String CONTENT="אוציא את העופות שיש למינן טומאה"
                    HPOS="314.0"
                    VPOS="2703.0"
                    WIDTH="1316.0"
                    HEIGHT="174.0"></String>
          </TextLine>

          
          
          <TextLine ID="eSc_line_318129d2"
                    
                    BASELINE="354 2894 545 2911 1636 2917" 
                    HPOS="326.0"
                    VPOS="2816.0"
                    WIDTH="1304.0"
                    HEIGHT="185.0">
            <Shape><Polygon POINTS="348 2889 342 2844 1540 2816 1546 2816 1546 2816 1551 2816 1551 2816 1630 2849 1630 2911 1619 2967 1051 3001 1045 3001 1045 3001 1045 3001 888 2967 815 2995 815 2995 809 2995 809 2995 809 3001 399 3001 393 2995 393 2995 387 2995 387 2995 387 2995 382 2995 326 2962"/></Shape>
	    <String CONTENT="תלמוד לומר פרסה אוציא את העוף הטמא"
                    HPOS="326.0"
                    VPOS="2816.0"
                    WIDTH="1304.0"
                    HEIGHT="185.0"></String>
          </TextLine>

          
          
          <TextLine ID="eSc_line_3df00c63"
                    
                    BASELINE="365 3035 680 3035 764 3046 1349 3046 1636 3046" 
                    HPOS="348.0"
                    VPOS="2967.0"
                    WIDTH="1282.0"
                    HEIGHT="141.0">
            <Shape><Polygon POINTS="359 3029 354 2973 1619 2967 1630 3040 1619 3108 348 3097"/></Shape>
	    <String CONTENT="ולא אוציא את העוף הטהור ודין הוא מה"
                    HPOS="348.0"
                    VPOS="2967.0"
                    WIDTH="1282.0"
                    HEIGHT="141.0"></String>
          </TextLine>

          
          
          <TextLine ID="eSc_line_196e7678"
                    
                    BASELINE="348 3153 753 3153 826 3164 1158 3164 1585 3198 1636 3190" 
                    HPOS="331.0"
                    VPOS="3091.0"
                    WIDTH="1299.0"
                    HEIGHT="169.0">
            <Shape><Polygon POINTS="342 3147 342 3091 1630 3136 1630 3187 1624 3248 764 3260 758 3260 331 3209"/></Shape>
	    <String CONTENT="אם בהמה שאינה מטמאה בגדים אבית [הב&#39;]"
                    HPOS="331.0"
                    VPOS="3091.0"
                    WIDTH="1299.0"
                    HEIGHT="169.0"></String>
          </TextLine>

          
          
          <TextLine ID="eSc_line_f513852a"
                    
                    BASELINE="365 3288 669 3288 1034 3305 1090 3316 1636 3332" 
                    HPOS="354.0"
                    VPOS="3231.0"
                    WIDTH="1276.0"
                    HEIGHT="180.0">
            <Shape><Polygon POINTS="359 3282 359 3231 1630 3260 1630 3327 1624 3383 1534 3411 1529 3411 1529 3411 1529 3411 1523 3411 1523 3411 1517 3411 1517 3411 1444 3383 1433 3383 354 3383"/></Shape>
	    <String CONTENT="הבליעה אינו דין שיהא אבר מן החי מטמא"
                    HPOS="354.0"
                    VPOS="3231.0"
                    WIDTH="1276.0"
                    HEIGHT="180.0"></String>
          </TextLine>

          
          
          <TextLine ID="eSc_line_169b6364"
                    
                    BASELINE="342 3411 416 3428 725 3423 967 3439 1023 3451 1529 3462 1636 3470" 
                    HPOS="314.0"
                    VPOS="3344.0"
                    WIDTH="1316.0"
                    HEIGHT="185.0">
            <Shape><Polygon POINTS="337 3406 331 3366 736 3344 742 3344 742 3344 742 3344 747 3344 747 3344 753 3344 753 3344 792 3372 792 3378 1630 3394 1630 3468 1619 3518 770 3529 764 3529 314 3484"/></Shape>
	    <String CONTENT="תלמוד לומר ושסע אין לי אלא בהמה [ט&#39;]"
                    HPOS="314.0"
                    VPOS="3344.0"
                    WIDTH="1316.0"
                    HEIGHT="185.0"></String>
          </TextLine>

          
          
          <TextLine ID="eSc_line_1fad7cac"
                    
                    BASELINE="387 3557 657 3557 922 3586 1591 3597 1636 3604" 
                    HPOS="371.0"
                    VPOS="3484.0"
                    WIDTH="1259.0"
                    HEIGHT="175.0">
            <Shape><Polygon POINTS="382 3552 382 3484 1630 3529 1630 3602 1607 3659 371 3631"/></Shape>
	    <String CONTENT="טהורה בהמה טמיאה מניין תלמוד לומר [א&#39;]"
                    HPOS="371.0"
                    VPOS="3484.0"
                    WIDTH="1259.0"
                    HEIGHT="175.0"></String>
          </TextLine>

          
          
          <TextLine ID="eSc_line_a86f0984"
                    
                    BASELINE="371 3681 517 3698 708 3692 787 3709 910 3709 967 3720 1613 3737 1636 3733" 
                    HPOS="348.0"
                    VPOS="3625.0"
                    WIDTH="1282.0"
                    HEIGHT="174.0">
            <Shape><Polygon POINTS="365 3676 365 3625 1630 3664 1630 3732 1619 3799 348 3777"/></Shape>
	    <String CONTENT="אשר היא חיה טהורה תלמוד לומר מפרסת"
                    HPOS="348.0"
                    VPOS="3625.0"
                    WIDTH="1282.0"
                    HEIGHT="174.0"></String>
          </TextLine>

          
          
          <TextLine ID="eSc_line_3acd576f"
                    
                    BASELINE="387 3816 461 3833 579 3827 826 3855 893 3850 1225 3878 1630 3895 1636 3893" 
                    HPOS="354.0"
                    VPOS="3754.0"
                    WIDTH="1276.0"
                    HEIGHT="214.0">
            <Shape><Polygon POINTS="382 3810 376 3760 770 3754 775 3754 1624 3839 1630 3889 1630 3962 1113 3968 1107 3968 416 3923 416 3923 410 3923 410 3923 410 3923 404 3923 404 3923 354 3883"/></Shape>
	    <String CONTENT="חיה טמיאה מניין תלמוד לומר פרסה מן"
                    HPOS="354.0"
                    VPOS="3754.0"
                    WIDTH="1276.0"
                    HEIGHT="214.0"></String>
          </TextLine>

          
          
          <TextLine ID="eSc_line_86997d9d"
                    
                    BASELINE="376 3951 449 3973 601 3968 742 3985 955 3985 1107 4013 1636 4028" 
                    HPOS="348.0"
                    VPOS="3883.0"
                    WIDTH="1282.0"
                    HEIGHT="231.0">
            <Shape><Polygon POINTS="371 3945 371 3883 1624 3957 1630 4024 1613 4114 1456 4086 1208 4091 950 4097 944 4097 944 4097 938 4097 815 4069 798 4063 787 4063 736 4086 736 4086 730 4086 730 4086 725 4086 725 4086 725 4086 719 4086 719 4086 652 4058 640 4052 629 4058 550 4080 545 4080 545 4080 545 4080 539 4080 539 4080 539 4080 348 4035"/></Shape>
	    <String CONTENT="השסועין מניין תלמוד לומר ושסע איננה"
                    HPOS="348.0"
                    VPOS="3883.0"
                    WIDTH="1282.0"
                    HEIGHT="231.0"></String>
          </TextLine>

          
          
          <TextLine ID="eSc_line_5b451aa9"
                    
                    BASELINE="342 4075 562 4103 680 4097 815 4125 995 4120 1236 4148 1552 4159 1636 4165" 
                    HPOS="309.0"
                    VPOS="4024.0"
                    WIDTH="1321.0"
                    HEIGHT="230.0">
            <Shape><Polygon POINTS="337 4069 337 4024 1630 4097 1630 4159 1624 4226 1529 4254 1523 4254 1523 4254 1523 4254 1517 4254 1517 4254 1259 4215 1152 4243 1146 4243 1146 4243 1141 4243 1141 4243 1141 4243 1135 4243 1135 4243 1135 4243 1130 4243 1130 4243 1130 4238 1124 4238 1101 4204 1068 4232 1068 4238 1068 4238 1062 4238 1062 4238 1056 4238 1056 4238 1056 4238 1051 4238 1051 4238 545 4170 483 4198 483 4198 483 4198 477 4198 477 4198 472 4198 472 4198 472 4198 466 4198 309 4142"/></Shape>
	    <String CONTENT="מן השסועין מניין תלמוד לומר איננה"
                    HPOS="309.0"
                    VPOS="4024.0"
                    WIDTH="1321.0"
                    HEIGHT="230.0"></String>
          </TextLine>

          
          
          <TextLine ID="eSc_line_dd0b9a1a"
                    
                    BASELINE="393 4204 584 4238 702 4232 787 4249 871 4249 927 4260 1051 4254 1107 4271 1304 4283 1636 4287" 
                    HPOS="371.0"
                    VPOS="4148.0"
                    WIDTH="1265.0"
                    HEIGHT="225.0">
            <Shape><Polygon POINTS="387 4198 387 4148 989 4198 1028 4187 1090 4170 1096 4170 1096 4170 1101 4170 1101 4170 1101 4170 1107 4170 1208 4198 1242 4210 1298 4210 1489 4193 1495 4193 1495 4193 1495 4193 1501 4193 1636 4232 1630 4283 1619 4356 1304 4373 1298 4373 1298 4373 1298 4373 1293 4373 1180 4339 1096 4361 1090 4361 1090 4361 1090 4361 1085 4361 371 4294"/></Shape>
	    <String CONTENT="שוסעת מעלת גרה מניין תלמוד לומר וגרה"
                    HPOS="371.0"
                    VPOS="4148.0"
                    WIDTH="1265.0"
                    HEIGHT="225.0"></String>
          </TextLine>

          
          
          <TextLine ID="eSc_line_ebecb386"
                    
                    BASELINE="342 4311 494 4350 550 4344 680 4373 747 4373 803 4361 922 4401 983 4389 1051 4389 1338 4417 1636 4422" 
                    HPOS="309.0"
                    VPOS="4271.0"
                    WIDTH="1332.0"
                    HEIGHT="248.0">
            <Shape><Polygon POINTS="337 4305 337 4271 1568 4350 1568 4350 1568 4350 1574 4350 1574 4350 1579 4350 1579 4350 1641 4395 1630 4417 1613 4519 646 4462 646 4462 646 4462 309 4389"/></Shape>
	    <String CONTENT="איננה מעלת גרה מניין תלמוד לומר איננה"
                    HPOS="309.0"
                    VPOS="4271.0"
                    WIDTH="1332.0"
                    HEIGHT="248.0"></String>
          </TextLine>

          
          
          <TextLine ID="eSc_line_94b62fe3"
                    
                    BASELINE="387 4446 607 4485 669 4485 725 4507 792 4502 967 4530 1096 4519 1231 4552 1619 4569 1636 4565" 
                    HPOS="359.0"
                    VPOS="4373.0"
                    WIDTH="1271.0"
                    HEIGHT="269.0">
            <Shape><Polygon POINTS="382 4440 382 4373 612 4429 1113 4468 1146 4451 1158 4440 1163 4440 1163 4440 1169 4440 1169 4440 1169 4440 1175 4440 1175 4440 1180 4440 1180 4440 1180 4440 1186 4440 1208 4457 1248 4479 1349 4468 1433 4462 1433 4462 1439 4462 1439 4462 1630 4502 1630 4564 1619 4631 1309 4609 1304 4609 1259 4642 1253 4642 1253 4642 1253 4642 1248 4642 1248 4642 1248 4642 1242 4642 1242 4642 359 4524"/></Shape>
	    <String CONTENT="מעלה ˙ והלא החזיר מפרים ומשסע יכול"
                    HPOS="359.0"
                    VPOS="4373.0"
                    WIDTH="1271.0"
                    HEIGHT="269.0"></String>
          </TextLine>

          
          
          <TextLine ID="eSc_line_411199ff"
                    
                    BASELINE="371 4580 449 4603 601 4614 697 4637 820 4637 1073 4665 1141 4659 1264 4676 1636 4703" 
                    HPOS="337.0"
                    VPOS="4513.0"
                    WIDTH="1293.0"
                    HEIGHT="275.0">
            <Shape><Polygon POINTS="365 4575 354 4541 438 4513 444 4513 444 4513 444 4513 449 4513 449 4513 449 4513 640 4558 697 4575 1630 4625 1630 4699 1619 4766 1439 4788 1439 4788 1433 4788 1433 4788 1141 4727 1124 4727 1118 4727 1068 4755 1068 4755 1068 4755 1062 4755 1062 4755 1056 4755 1056 4755 337 4659"/></Shape>
	    <String CONTENT="לא יהא אבר מן החי ממנו מטמא תלמוד"
                    HPOS="337.0"
                    VPOS="4513.0"
                    WIDTH="1293.0"
                    HEIGHT="275.0"></String>
          </TextLine>

          
          
          <TextLine ID="eSc_line_94a35145"
                    
                    BASELINE="399 4732 477 4755 601 4743 652 4777 775 4772 989 4800 1051 4794 1349 4822 1636 4828" 
                    HPOS="371.0"
                    VPOS="4659.0"
                    WIDTH="1259.0"
                    HEIGHT="276.0">
            <Shape><Polygon POINTS="393 4727 382 4687 438 4659 438 4659 438 4659 444 4659 444 4659 449 4659 449 4659 455 4659 455 4659 455 4659 528 4693 556 4710 798 4721 820 4710 843 4693 848 4693 848 4693 848 4693 854 4693 854 4693 860 4693 860 4693 860 4693 865 4693 865 4693 865 4693 871 4693 871 4693 871 4699 893 4715 905 4732 1630 4760 1630 4822 1630 4895 1546 4935 1546 4935 1540 4935 1540 4935 1540 4935 1534 4935 1534 4935 1534 4935 1529 4935 1529 4935 1529 4935 1444 4890 1203 4912 1197 4912 1197 4912 371 4817"/></Shape>
	    <String CONTENT="לומר וגרה איננה מעלה טמא ˙ ג&#39;"
                    HPOS="371.0"
                    VPOS="4659.0"
                    WIDTH="1259.0"
                    HEIGHT="276.0"></String>
          </TextLine>

          
          
          <TextLine ID="eSc_line_bb99bb06"
                    
                    BASELINE="432 4856 792 4912 848 4901 955 4923 1203 4940 1309 4957 1636 4972" 
                    HPOS="404.0"
                    VPOS="4783.0"
                    WIDTH="1237.0"
                    HEIGHT="270.0">
            <Shape><Polygon POINTS="427 4850 427 4783 809 4856 1118 4873 1562 4901 1562 4901 1562 4901 1568 4901 1568 4901 1574 4901 1641 4940 1630 4968 1613 5053 1073 5030 1073 5030 404 4929"/></Shape>
	    <String CONTENT="במי הוא מדבר אם במיתתן הרי מיתתן"
                    HPOS="404.0"
                    VPOS="4783.0"
                    WIDTH="1237.0"
                    HEIGHT="270.0"></String>
          </TextLine>

          
          
          <TextLine ID="eSc_line_de9735a0"
                    
                    BASELINE="387 4968 579 5002 652 5030 708 5019 787 5053 905 5041 978 5058 1101 5069 1225 5064 1512 5109 1636 5109" 
                    HPOS="359.0"
                    VPOS="4895.0"
                    WIDTH="1271.0"
                    HEIGHT="293.0">
            <Shape><Polygon POINTS="382 4963 365 4923 410 4895 416 4895 416 4895 416 4895 421 4895 421 4895 427 4895 427 4895 432 4895 432 4895 573 4946 579 4951 1624 5064 1630 5103 1619 5188 792 5137 792 5137 792 5137 359 5030"/></Shape>
	    <String CONTENT="אמורה ואם באבר מן המת הרי אבר מן"
                    HPOS="359.0"
                    VPOS="4895.0"
                    WIDTH="1271.0"
                    HEIGHT="293.0"></String>
          </TextLine>

          
          
          <TextLine ID="eSc_line_ef08dd77"
                    
                    BASELINE="432 5114 579 5126 629 5154 691 5154 803 5182 865 5176 1090 5204 1270 5199 1501 5233 1636 5233" 
                    HPOS="410.0"
                    VPOS="5030.0"
                    WIDTH="1226.0"
                    HEIGHT="281.0">
            <Shape><Polygon POINTS="427 5109 432 5030 595 5092 1040 5131 1101 5109 1124 5103 1124 5103 1130 5103 1130 5103 1135 5103 1135 5103 1135 5103 1141 5103 1141 5103 1146 5103 1163 5114 1214 5148 1636 5176 1630 5232 1619 5311 747 5261 747 5261 747 5261 410 5188"/></Shape>
	    <String CONTENT="המת אמור למטן הא אינו מדבר אלא [ב&#39;]"
                    HPOS="410.0"
                    VPOS="5030.0"
                    WIDTH="1226.0"
                    HEIGHT="281.0"></String>
          </TextLine>

          
          
          <TextLine ID="eSc_line_1978fc94"
                    
                    BASELINE="413 5227 680 5294 832 5311 1163 5339 1636 5367" 
                    HPOS="376.0"
                    VPOS="5165.0"
                    WIDTH="1254.0"
                    HEIGHT="332.0">
            <Shape><Polygon POINTS="410 5221 416 5165 640 5227 955 5255 989 5238 1000 5227 1006 5227 1006 5227 1006 5227 1011 5227 1011 5227 1017 5227 1017 5227 1017 5227 1023 5227 1023 5227 1028 5227 1028 5227 1051 5244 1085 5272 1259 5272 1540 5283 1540 5283 1540 5283 1546 5283 1546 5283 1630 5322 1630 5362 1607 5497 1349 5440 1315 5463 1315 5469 1315 5469 1309 5469 1309 5469 1309 5469 1304 5469 1304 5469 1304 5469 1298 5469 1298 5469 1293 5469 1293 5469 1293 5469 1287 5469 1276 5463 1225 5429 1124 5446 1028 5457 1028 5457 1023 5457 1023 5457 511 5412 511 5412 505 5412 505 5412 376 5356"/></Shape>
	    <String CONTENT="באבר מן החי הלא דין הוא טימא אדם [ו&#39;]"
                    HPOS="376.0"
                    VPOS="5165.0"
                    WIDTH="1254.0"
                    HEIGHT="332.0"></String>
          </TextLine>

          
        </TextBlock>
        

        
      </PrintSpace>
    </Page>
  </Layout>
</alto>
