<?xml version="1.0" encoding="UTF-8"?>
<alto xmlns:xsi="http://www.w3.org/2001/XMLSchema-instance"
      xmlns="http://www.loc.gov/standards/alto/ns-v4#"
      xsi:schemaLocation="http://www.loc.gov/standards/alto/ns-v4# http://www.loc.gov/standards/alto/v4/alto-4-2.xsd">
  <Description>
    <MeasurementUnit>pixel</MeasurementUnit>
    <sourceImageInformation>
      <fileName>add_ms_16406_f104v.jpg</fileName>
      
    </sourceImageInformation>
  </Description>
  
  <Tags>
    <OtherTag ID="BT1" LABEL="Title" DESCRIPTION="block type Title"/><OtherTag ID="BT2" LABEL="Main" DESCRIPTION="block type Main"/><OtherTag ID="BT3" LABEL="Commentary" DESCRIPTION="block type Commentary"/><OtherTag ID="BT4" LABEL="Illustration" DESCRIPTION="block type Illustration"/><OtherTag ID="BT224" LABEL="Hole" DESCRIPTION="block type Hole"/><OtherTag ID="BT225" LABEL="Margin" DESCRIPTION="block type Margin"/><OtherTag ID="BT226" LABEL="Paratext" DESCRIPTION="block type Paratext"/>
    <OtherTag ID="LT2" LABEL="Numbering" DESCRIPTION="line type Numbering"/><OtherTag ID="LT3" LABEL="Correction" DESCRIPTION="line type Correction"/><OtherTag ID="LT329" LABEL="Gloss" DESCRIPTION="line type Gloss"/>
  </Tags>
  
  <Layout>
    <Page WIDTH="4514"
          HEIGHT="6668"
          PHYSICAL_IMG_NR="208"
          ID="eSc_dummypage_">
      <PrintSpace HPOS="0"
                  VPOS="0"
                  WIDTH="4514"
                  HEIGHT="6668">
        
        <TextBlock HPOS="2101.0"
                   VPOS="618.0"
                   WIDTH="1612.0"
                   HEIGHT="4608.0"
                   ID="eSc_textblock_a2e93e00"
                   TAGREFS="BT2">
          <Shape><Polygon POINTS="3713 681 3669 633 2134 618 2101 666 2101 5212 3698 5226"/></Shape>
          
          
          <TextLine ID="eSc_line_832b2d44"
                    
                    BASELINE="2184 711 2994 782 3721 791" 
                    HPOS="2179.0"
                    VPOS="627.0"
                    WIDTH="1540.0"
                    HEIGHT="228.0">
            <Shape><Polygon POINTS="2179 705 2190 639 2245 627 2379 639 2451 700 2562 705 2623 661 2657 694 2740 677 2773 716 3040 733 3207 683 3302 694 3346 733 3474 744 3557 705 3707 711 3719 789 3696 844 3641 855 3413 827 3341 850 3224 816 3024 850 2790 833 2773 811 2412 811 2384 783 2184 794"/></Shape>
	    <String CONTENT="בלעם ˙ אמ&#39; ר&#39; יששכר דכפר מנדו אין הלשון"
                    HPOS="2179.0"
                    VPOS="627.0"
                    WIDTH="1540.0"
                    HEIGHT="228.0"></String>
          </TextLine>

          
          
          <TextLine ID="eSc_line_0ead6bf2"
                    
                    BASELINE="2140 861 2223 877 2412 872 2601 894 2779 894 2840 905 3029 916 3721 924" 
                    HPOS="2134.0"
                    VPOS="805.0"
                    WIDTH="1585.0"
                    HEIGHT="206.0">
            <Shape><Polygon POINTS="2134 855 2212 805 2390 805 2651 855 3118 866 3152 833 3207 855 3263 811 3335 872 3574 872 3596 850 3719 922 3669 994 3563 977 3524 1005 3468 977 3424 1005 3346 977 3296 1000 3152 972 3024 1011 2985 977 2796 1000 2640 983 2584 950 2462 961 2434 933 2268 950 2212 927 2184 950 2140 905"/></Shape>
	    <String CONTENT="הזה ויקר אלא לשון טומאה כמה דתימ&#39; מקרה"
                    HPOS="2134.0"
                    VPOS="805.0"
                    WIDTH="1585.0"
                    HEIGHT="206.0"></String>
          </TextLine>

          
          
          <TextLine ID="eSc_line_728cf73e"
                    
                    BASELINE="2134 1016 2351 1005 2540 1033 2679 1027 2868 1061 3263 1050 3693 1058 3765 1069" 
                    HPOS="2129.0"
                    VPOS="933.0"
                    WIDTH="1634.0"
                    HEIGHT="217.0">
            <Shape><Polygon POINTS="2129 1011 2218 933 2273 955 2407 955 2429 933 2473 972 2596 950 2657 989 2985 989 3013 1016 3074 989 3140 1005 3163 983 3302 1011 3346 972 3413 1005 3480 989 3513 1016 3563 983 3630 983 3763 1066 3724 1061 3663 1122 3624 1111 3524 1144 3329 1116 3285 1150 3157 1139 3129 1111 3029 1144 2874 1105 2762 1133 2568 1089 2496 1111 2434 1089 2240 1100 2134 1027"/></Shape>
	    <String CONTENT="לילה אבל נביאי ישר&#39; בדיבור שלם בלשון [ק&#39;]"
                    HPOS="2129.0"
                    VPOS="933.0"
                    WIDTH="1634.0"
                    HEIGHT="217.0"></String>
          </TextLine>

          
          
          <TextLine ID="eSc_line_1fd5688d"
                    
                    BASELINE="2140 1144 2284 1144 2351 1133 2490 1166 2562 1161 2885 1189 3013 1183 3085 1194 3257 1200 3715 1208" 
                    HPOS="2134.0"
                    VPOS="1077.0"
                    WIDTH="1579.0"
                    HEIGHT="217.0">
            <Shape><Polygon POINTS="2134 1139 2206 1077 2240 1105 2451 1089 2546 1111 2568 1089 2635 1122 2857 1139 2912 1116 2974 1150 3279 1150 3335 1111 3396 1150 3646 1133 3713 1205 3641 1294 3541 1261 3363 1289 3329 1266 3001 1272 2979 1250 2768 1272 2746 1244 2690 1255 2590 1222 2373 1239 2340 1216 2190 1216 2140 1166"/></Shape>
	    <String CONTENT="קדושה בלשון חיבה בלשון שמלאכי השרת"
                    HPOS="2134.0"
                    VPOS="1077.0"
                    WIDTH="1579.0"
                    HEIGHT="217.0"></String>
          </TextLine>

          
          
          <TextLine ID="eSc_line_80fc97a2"
                    
                    BASELINE="2134 1278 2523 1294 2785 1322 2896 1322 2951 1311 3051 1333 3246 1344 3737 1352" 
                    HPOS="2129.0"
                    VPOS="1222.0"
                    WIDTH="1606.0"
                    HEIGHT="206.0">
            <Shape><Polygon POINTS="2129 1272 2201 1222 2340 1222 2379 1244 2468 1222 2512 1250 2596 1228 2679 1261 2868 1278 2974 1250 3013 1278 3385 1294 3524 1266 3657 1289 3735 1350 3657 1416 3502 1405 3413 1428 3007 1411 2929 1378 2729 1394 2690 1350 2629 1400 2512 1350 2390 1372 2268 1350 2201 1378 2134 1311"/></Shape>
	    <String CONTENT="מקלסין וקרא זה אלזה ואמר [קקק&#39; ייי צבאות"
                    HPOS="2129.0"
                    VPOS="1222.0"
                    WIDTH="1606.0"
                    HEIGHT="206.0"></String>
          </TextLine>

          
          
          <TextLine ID="eSc_line_1c93150e"
                    
                    BASELINE="2212 1411 2484 1433 2618 1428 2768 1444 2824 1461 2896 1450 3029 1455 3140 1466 3324 1478 3721 1486" 
                    HPOS="2206.0"
                    VPOS="1344.0"
                    WIDTH="1513.0"
                    HEIGHT="206.0">
            <Shape><Polygon POINTS="2206 1405 2257 1350 2468 1378 2507 1344 2568 1394 2629 1394 2679 1350 2718 1389 2790 1400 2846 1378 3290 1428 3607 1411 3663 1422 3719 1483 3624 1550 3290 1550 3079 1522 3018 1544 2985 1522 2290 1489 2212 1444"/></Shape>
	    <String CONTENT="אמ&#39; ר&#39; יוסי בן ביבה אין הקב&#39;ה&#39; כבלה על נביאי [א&#39;]"
                    HPOS="2206.0"
                    VPOS="1344.0"
                    WIDTH="1513.0"
                    HEIGHT="206.0"></String>
          </TextLine>

          
          
          <TextLine ID="eSc_line_ba32194c"
                    
                    BASELINE="2156 1550 2440 1539 2623 1561 2818 1555 2896 1578 2985 1589 3374 1583 3429 1594 3719 1600" 
                    HPOS="2151.0"
                    VPOS="1489.0"
                    WIDTH="1562.0"
                    HEIGHT="183.0">
            <Shape><Polygon POINTS="2151 1544 2251 1489 2512 1494 3018 1544 3646 1539 3713 1594 3657 1672 3618 1650 3585 1672 3296 1672 3257 1639 3218 1672 3040 1650 3007 1667 2646 1622 2568 1639 2234 1616 2156 1544"/></Shape>
	    <String CONTENT="אומות העולם אלא בשעה שדרך בני אום"
                    HPOS="2151.0"
                    VPOS="1489.0"
                    WIDTH="1562.0"
                    HEIGHT="183.0"></String>
          </TextLine>

          
          
          <TextLine ID="eSc_line_12817eac"
                    
                    BASELINE="2179 1661 2334 1678 2523 1672 2584 1689 2779 1700 2901 1694 3046 1711 3113 1728 3252 1717 3596 1717 3724 1728" 
                    HPOS="2173.0"
                    VPOS="1605.0"
                    WIDTH="1546.0"
                    HEIGHT="206.0">
            <Shape><Polygon POINTS="2173 1655 2218 1616 2351 1605 3146 1667 3274 1639 3307 1678 3585 1683 3635 1655 3719 1722 3657 1789 3630 1778 3580 1811 3541 1772 3363 1800 3307 1767 3274 1789 2985 1767 2935 1789 2773 1761 2651 1778 2562 1750 2479 1772 2434 1739 2279 1722 2218 1750 2179 1711"/></Shape>
	    <String CONTENT="לפרוש אילו מאילו הה] בסעיפים מחזיונות"
                    HPOS="2173.0"
                    VPOS="1605.0"
                    WIDTH="1546.0"
                    HEIGHT="206.0"></String>
          </TextLine>

          
          
          <TextLine ID="eSc_line_163acb40"
                    
                    BASELINE="2123 1800 2268 1800 2334 1817 2529 1805 2829 1833 3018 1828 3285 1855 3652 1855 3724 1839" 
                    HPOS="2118.0"
                    VPOS="1739.0"
                    WIDTH="1601.0"
                    HEIGHT="194.0">
            <Shape><Polygon POINTS="2118 1794 2190 1739 2418 1739 2484 1767 2523 1750 2951 1794 3129 1778 3263 1800 3313 1761 3363 1800 3485 1800 3541 1772 3602 1811 3635 1778 3719 1833 3652 1922 3368 1933 2751 1883 2701 1900 2618 1867 2551 1889 2501 1867 2373 1883 2340 1855 2312 1878 2173 1878 2123 1828"/></Shape>
	    <String CONTENT="לילה בנפול תרדמה על אנשים ˙ ואלי דברצונב"
                    HPOS="2118.0"
                    VPOS="1739.0"
                    WIDTH="1601.0"
                    HEIGHT="194.0"></String>
          </TextLine>

          
          
          <TextLine ID="eSc_line_544677ea"
                    
                    BASELINE="2112 1933 2268 1933 2329 1944 2579 1944 2640 1933 2735 1955 2868 1967 3085 1967 3302 1989 3696 1989" 
                    HPOS="2106.0"
                    VPOS="1861.0"
                    WIDTH="1585.0"
                    HEIGHT="206.0">
            <Shape><Polygon POINTS="2106 1928 2168 1917 2206 1878 2568 1889 2618 1861 2651 1894 2712 1900 3607 1928 3657 1939 3691 1983 3663 2061 3496 2067 3441 2039 3313 2061 3096 2033 2968 2044 2918 2011 2835 2039 2618 2011 2534 2028 2490 2005 2429 2022 2401 2000 2234 2011 2118 1928"/></Shape>
	    <String CONTENT="ותקח אוני שמץ מינהו אמ&#39; ר&#39; אלעזר בן מנהם"
                    HPOS="2106.0"
                    VPOS="1861.0"
                    WIDTH="1585.0"
                    HEIGHT="206.0"></String>
          </TextLine>

          
          
          <TextLine ID="eSc_line_7132779f"
                    
                    BASELINE="2179 2061 2657 2078 2912 2100 3580 2111 3702 2139" 
                    HPOS="2173.0"
                    VPOS="2000.0"
                    WIDTH="1523.0"
                    HEIGHT="200.0">
            <Shape><Polygon POINTS="2173 2055 2212 2005 2334 2000 2557 2033 2612 2011 2679 2039 2890 2039 2929 2017 3057 2050 3296 2044 3391 2067 3441 2039 3535 2072 3663 2067 3696 2133 3657 2183 3530 2200 3480 2150 3391 2189 3313 2155 3090 2178 2963 2144 2857 2172 2790 2133 2729 2167 2690 2144 2390 2133 2212 2150 2179 2128"/></Shape>
	    <String CONTENT="רחוק ייי מרשעים אילונביאי אומות או&#39; [הע&#39;]"
                    HPOS="2173.0"
                    VPOS="2000.0"
                    WIDTH="1523.0"
                    HEIGHT="200.0"></String>
          </TextLine>

          
          
          <TextLine ID="eSc_line_99da8908"
                    
                    BASELINE="2179 2200 2368 2200 2479 2211 2723 2205 2990 2233 3240 2228 3668 2261 3746 2250" 
                    HPOS="2173.0"
                    VPOS="2128.0"
                    WIDTH="1568.0"
                    HEIGHT="200.0">
            <Shape><Polygon POINTS="2173 2194 2240 2139 2345 2150 2390 2128 2429 2155 2729 2167 2779 2128 2840 2172 3174 2189 3229 2150 3296 2183 3429 2189 3474 2150 3518 2194 3646 2189 3741 2244 3663 2328 3541 2328 3302 2322 3146 2283 3051 2306 2568 2289 2501 2244 2451 2283 2373 2256 2257 2283 2179 2217"/></Shape>
	    <String CONTENT="העולם ותפילת זשמרו אילו נביאי ישר&#39; מה"
                    HPOS="2173.0"
                    VPOS="2128.0"
                    WIDTH="1568.0"
                    HEIGHT="200.0"></String>
          </TextLine>

          
          
          <TextLine ID="eSc_line_7e7d7bf7"
                    
                    BASELINE="2140 2328 2279 2344 2584 2339 2701 2356 2918 2367 3129 2361 3719 2395" 
                    HPOS="2134.0"
                    VPOS="2244.0"
                    WIDTH="1579.0"
                    HEIGHT="223.0">
            <Shape><Polygon POINTS="2134 2322 2195 2278 2345 2283 2407 2261 2451 2289 2501 2244 2546 2300 2635 2283 3051 2317 3146 2283 3168 2311 3285 2322 3646 2322 3713 2394 3669 2444 3602 2467 3391 2456 3357 2428 3257 2444 3218 2411 3174 2444 3146 2422 3018 2444 2618 2417 2557 2433 2529 2411 2457 2428 2412 2406 2201 2417 2140 2350"/></Shape>
	    <String CONTENT="בין נביא יישר&#39; לנביאי אומות העולם ר&#39; חננא"
                    HPOS="2134.0"
                    VPOS="2244.0"
                    WIDTH="1579.0"
                    HEIGHT="223.0"></String>
          </TextLine>

          
          
          <TextLine ID="eSc_line_0982316a"
                    
                    BASELINE="2168 2467 2668 2483 2785 2500 3263 2500 3329 2489 3396 2506 3730 2523" 
                    HPOS="2162.0"
                    VPOS="2406.0"
                    WIDTH="1562.0"
                    HEIGHT="188.0">
            <Shape><Polygon POINTS="2162 2461 2212 2406 2279 2428 3035 2450 3113 2444 3140 2417 3179 2444 3218 2417 3391 2461 3652 2456 3724 2522 3657 2583 3541 2594 3413 2561 3352 2583 3268 2539 3218 2583 3096 2561 2640 2567 2518 2533 2490 2561 2251 2556 2168 2478"/></Shape>
	    <String CONTENT="בר פפא אמ&#39; למלך וא והבו שהיו נתונין"
                    HPOS="2162.0"
                    VPOS="2406.0"
                    WIDTH="1562.0"
                    HEIGHT="188.0"></String>
          </TextLine>

          
          
          <TextLine ID="eSc_line_efc70d0c"
                    
                    BASELINE="2134 2617 2284 2606 2546 2611 2918 2633 3618 2628 3702 2639" 
                    HPOS="2129.0"
                    VPOS="2533.0"
                    WIDTH="1567.0"
                    HEIGHT="195.0">
            <Shape><Polygon POINTS="2129 2611 2134 2572 2162 2583 2201 2550 2429 2567 2518 2533 2546 2561 3035 2583 3224 2583 3257 2550 3346 2583 3413 2556 3468 2589 3635 2583 3696 2633 3680 2694 3646 2717 3518 2700 3463 2722 3435 2700 3379 2728 3268 2689 3218 2717 2773 2706 2740 2683 2701 2700 2651 2678 2596 2689 2562 2656 2496 2694 2201 2694 2134 2628"/></Shape>
	    <String CONTENT="בטרקלין כל שעה שהוא מבקש לדבר הוא"
                    HPOS="2129.0"
                    VPOS="2533.0"
                    WIDTH="1567.0"
                    HEIGHT="195.0"></String>
          </TextLine>

          
          
          <TextLine ID="eSc_line_1f9ed915"
                    
                    BASELINE="2134 2728 2290 2744 2418 2739 2546 2744 2601 2756 2929 2767 3229 2761 3285 2772 3702 2782" 
                    HPOS="2129.0"
                    VPOS="2661.0"
                    WIDTH="1567.0"
                    HEIGHT="195.0">
            <Shape><Polygon POINTS="2129 2722 2184 2722 2234 2678 2507 2694 2562 2661 2601 2700 2668 2683 2779 2711 3279 2700 3329 2728 3474 2733 3630 2717 3680 2733 3696 2778 3680 2850 3613 2828 3552 2856 3463 2833 3418 2856 3285 2850 3246 2817 3179 2850 3118 2828 2885 2850 2668 2822 2551 2839 2512 2806 2379 2822 2345 2789 2318 2817 2279 2795 2229 2811 2134 2728"/></Shape>
	    <String CONTENT="מדבר עם אוהבו ר&#39; סימון אמ&#39; למלך שהיה"
                    HPOS="2129.0"
                    VPOS="2661.0"
                    WIDTH="1567.0"
                    HEIGHT="195.0"></String>
          </TextLine>

          
          
          <TextLine ID="eSc_line_09eac2f4"
                    
                    BASELINE="2179 2878 2579 2872 2690 2889 2946 2900 3696 2889" 
                    HPOS="2173.0"
                    VPOS="2789.0"
                    WIDTH="1518.0"
                    HEIGHT="194.0">
            <Shape><Polygon POINTS="2173 2872 2223 2811 2318 2817 2345 2789 2379 2822 2551 2839 3207 2850 3240 2817 3374 2861 3624 2839 3691 2883 3669 2961 3535 2983 3001 2956 2551 2967 2212 2945 2179 2911"/></Shape>
	    <String CONTENT="לו אשה ופלגש בשעה שהוא בא אצל [אש&#39;]"
                    HPOS="2173.0"
                    VPOS="2789.0"
                    WIDTH="1518.0"
                    HEIGHT="194.0"></String>
          </TextLine>

          
          
          <TextLine ID="eSc_line_4fbdc7db"
                    
                    BASELINE="2134 2995 2223 3011 2723 3006 2846 3022 2968 3022 3024 3039 3079 3028 3723 3045" 
                    HPOS="2129.0"
                    VPOS="2945.0"
                    WIDTH="1590.0"
                    HEIGHT="166.0">
            <Shape><Polygon POINTS="2129 2989 2201 2950 2357 2945 2407 2967 3007 2961 3168 2983 3646 2972 3719 3039 3646 3100 3546 3111 3491 3089 3441 3111 3063 3111 3040 3089 2412 3095 2357 3067 2201 3083 2134 3017"/></Shape>
	    <String CONTENT="אשתו הואבא בפר הסיא ובשעה שהוא בא"
                    HPOS="2129.0"
                    VPOS="2945.0"
                    WIDTH="1590.0"
                    HEIGHT="166.0"></String>
          </TextLine>

          
          
          <TextLine ID="eSc_line_f71875f0"
                    
                    BASELINE="2195 3133 2829 3156 2957 3167 3768 3167" 
                    HPOS="2190.0"
                    VPOS="3072.0"
                    WIDTH="1573.0"
                    HEIGHT="184.0">
            <Shape><Polygon POINTS="2190 3128 2234 3072 2640 3111 3446 3111 3491 3089 3513 3111 3652 3106 3702 3150 3763 3161 3719 3161 3652 3228 3563 3217 3530 3250 3402 3233 3379 3256 3279 3228 2885 3245 2851 3211 2790 3245 2696 3217 2612 3250 2568 3222 2284 3239 2195 3189"/></Shape>
	    <String CONTENT="אצלו בטמומנית כך אין הקבה כך אין הקב&#39;ה"
                    HPOS="2190.0"
                    VPOS="3072.0"
                    WIDTH="1573.0"
                    HEIGHT="184.0"></String>
          </TextLine>

          
          
          <TextLine ID="eSc_line_8a10c1da"
                    
                    BASELINE="2162 3267 2251 3278 2373 3267 2429 3283 2712 3289 2779 3306 2851 3295 3768 3312" 
                    HPOS="2156.0"
                    VPOS="3217.0"
                    WIDTH="1607.0"
                    HEIGHT="155.0">
            <Shape><Polygon POINTS="2156 3261 2212 3217 2440 3245 2568 3228 2601 3250 2701 3217 2812 3245 2851 3217 2890 3256 2985 3233 3535 3250 3574 3222 3602 3245 3657 3233 3763 3311 3719 3311 3674 3356 3546 3372 3424 3372 3396 3350 3140 3372 2885 3367 2829 3345 2729 3361 2690 3339 2646 3367 2596 3334 2551 3361 2334 3361 2273 3334 2218 3356 2162 3300"/></Shape>
	    <String CONTENT="נגלה על נביאי אומות אלא כלילה ענ&#39; ויבא"
                    HPOS="2156.0"
                    VPOS="3217.0"
                    WIDTH="1607.0"
                    HEIGHT="155.0"></String>
          </TextLine>

          
          
          <TextLine ID="eSc_line_e4be6850"
                    
                    BASELINE="2156 3400 2573 3411 2907 3400 2963 3417 3463 3417 3563 3406 3630 3411 3768 3412" 
                    HPOS="2151.0"
                    VPOS="3339.0"
                    WIDTH="1612.0"
                    HEIGHT="161.0">
            <Shape><Polygon POINTS="2151 3395 2201 3356 2546 3372 2596 3339 2651 3372 2685 3345 2740 3372 2829 3350 2901 3372 3652 3350 3763 3411 3663 3484 3502 3495 3374 3472 3274 3500 3007 3467 2951 3489 2779 3489 2751 3467 2718 3489 2651 3472 2568 3495 2446 3489 2423 3467 2257 3484 2156 3400"/></Shape>
	    <String CONTENT="אלקים אל לבן הארמי בחלום הלילה וגו&#39; ˙ מדבר"
                    HPOS="2151.0"
                    VPOS="3339.0"
                    WIDTH="1612.0"
                    HEIGHT="161.0"></String>
          </TextLine>

          
          
          <TextLine ID="eSc_line_2f87ea5d"
                    
                    BASELINE="2156 3522 2668 3534 2801 3545 3740 3562" 
                    HPOS="2151.0"
                    VPOS="3461.0"
                    WIDTH="1584.0"
                    HEIGHT="161.0">
            <Shape><Polygon POINTS="2151 3517 2234 3472 2623 3489 2746 3461 2818 3489 3279 3506 3635 3484 3735 3561 3696 3561 3613 3622 3530 3600 3474 3622 3396 3600 3335 3622 3085 3622 3018 3595 2818 3622 2696 3584 2651 3611 2584 3584 2546 3606 2279 3589 2212 3611 2156 3561"/></Shape>
	    <String CONTENT="עם יעקב מטוב עד רע אפילו דנרים שאת"
                    HPOS="2151.0"
                    VPOS="3461.0"
                    WIDTH="1584.0"
                    HEIGHT="161.0"></String>
          </TextLine>

          
          
          <TextLine ID="eSc_line_794908bf"
                    
                    BASELINE="2112 3639 2251 3656 2307 3650 2562 3667 2757 3667 2824 3678 3740 3684" 
                    HPOS="2106.0"
                    VPOS="3584.0"
                    WIDTH="1629.0"
                    HEIGHT="177.0">
            <Shape><Polygon POINTS="2106 3634 2162 3595 2546 3617 2701 3584 2735 3611 2840 3622 3657 3617 3735 3678 3652 3745 3618 3728 3474 3761 3157 3734 2762 3756 2729 3728 2551 3750 2434 3722 2184 3728 2112 3661"/></Shape>
	    <String CONTENT="אומרן לטובתו הוא חושבן לו לרעתו השמר"
                    HPOS="2106.0"
                    VPOS="3584.0"
                    WIDTH="1629.0"
                    HEIGHT="177.0"></String>
          </TextLine>

          
          
          <TextLine ID="eSc_line_c029525d"
                    
                    BASELINE="2145 3800 2523 3795 2735 3800 2790 3811 3585 3811 3724 3795" 
                    HPOS="2140.0"
                    VPOS="3722.0"
                    WIDTH="1579.0"
                    HEIGHT="173.0">
            <Shape><Polygon POINTS="2140 3795 2212 3728 2407 3745 2429 3722 2496 3750 3452 3767 3630 3739 3719 3789 3630 3895 3580 3872 3418 3889 3374 3850 3302 3895 3024 3889 2990 3867 2723 3884 2651 3861 2568 3889 2523 3845 2412 3889 2212 3867 2145 3800"/></Shape>
	    <String CONTENT="לך מדבר עם יעקב מטוב ועד רע ˙ למה&#39;"
                    HPOS="2140.0"
                    VPOS="3722.0"
                    WIDTH="1579.0"
                    HEIGHT="173.0"></String>
          </TextLine>

          
          
          <TextLine ID="eSc_line_f8641862"
                    
                    BASELINE="2112 3934 2529 3934 2651 3945 3740 3953" 
                    HPOS="2106.0"
                    VPOS="3850.0"
                    WIDTH="1629.0"
                    HEIGHT="178.0">
            <Shape><Polygon POINTS="2106 3928 2151 3923 2201 3872 2440 3889 2501 3867 2607 3895 2640 3872 2879 3889 2985 3867 3318 3895 3374 3850 3418 3895 3657 3884 3735 3950 3652 4017 3413 4028 3341 4023 3302 3989 3268 4017 3113 4011 3068 3978 2974 4011 2885 3989 2857 4017 2690 3995 2657 4017 2540 3995 2457 4017 2190 4017 2112 3939"/></Shape>
	    <String CONTENT="נחבאת לברוח או דילמא דחזר ביה ולא"
                    HPOS="2106.0"
                    VPOS="3850.0"
                    WIDTH="1629.0"
                    HEIGHT="178.0"></String>
          </TextLine>

          
          
          <TextLine ID="eSc_line_5f804e46"
                    
                    BASELINE="2134 4056 2601 4067 2657 4078 3585 4078 3707 4075 3790 4075" 
                    HPOS="2129.0"
                    VPOS="3984.0"
                    WIDTH="1656.0"
                    HEIGHT="177.0">
            <Shape><Polygon POINTS="2129 4050 2245 4006 2484 4017 2546 3995 2862 4023 2896 3995 2979 4023 3068 3984 3129 4023 3257 4023 3302 3989 3407 4023 3613 4011 3785 4073 3724 4073 3646 4145 3535 4128 3285 4156 3174 4128 3140 4161 3107 4139 3007 4150 2979 4123 2890 4150 2373 4150 2334 4128 2212 4150 2134 4073"/></Shape>
	    <String CONTENT="נטשתני לנשק לבני ולבנותי אמ&#39; ליה עד בדון"
                    HPOS="2129.0"
                    VPOS="3984.0"
                    WIDTH="1656.0"
                    HEIGHT="177.0"></String>
          </TextLine>

          
          
          <TextLine ID="eSc_line_19781147"
                    
                    BASELINE="2134 4200 2646 4200 2773 4211 3696 4219 3768 4203" 
                    HPOS="2129.0"
                    VPOS="4117.0"
                    WIDTH="1634.0"
                    HEIGHT="178.0">
            <Shape><Polygon POINTS="2129 4195 2257 4134 2379 4156 2851 4156 2979 4117 3013 4150 3641 4150 3719 4200 3763 4200 3707 4217 3646 4278 3518 4289 3196 4289 3146 4256 3079 4278 3035 4250 2940 4278 2824 4256 2796 4284 2662 4295 2496 4256 2429 4284 2245 4284 2134 4195"/></Shape>
	    <String CONTENT="אית ביה יש לא&#39; ידי לעשות עמכם רע [ואהי"
                    HPOS="2129.0"
                    VPOS="4117.0"
                    WIDTH="1634.0"
                    HEIGHT="178.0"></String>
          </TextLine>

          
          
          <TextLine ID="eSc_line_49d4ad87"
                    
                    BASELINE="2134 4334 2746 4334 2801 4345 3057 4345 3746 4336" 
                    HPOS="2129.0"
                    VPOS="4250.0"
                    WIDTH="1612.0"
                    HEIGHT="173.0">
            <Shape><Polygon POINTS="2129 4328 2212 4273 2351 4267 2412 4289 2496 4256 2518 4278 2690 4289 2796 4278 2829 4250 2862 4278 2996 4289 3652 4284 3702 4334 3741 4334 3652 4417 3018 4417 2907 4389 2768 4411 2679 4389 2657 4411 2529 4400 2484 4423 2457 4400 2345 4411 2323 4389 2212 4411 2134 4334"/></Shape>
	    <String CONTENT="אביכם אמש אמר אלי לאמ&#39; הש&#39; לך מד עם"
                    HPOS="2129.0"
                    VPOS="4250.0"
                    WIDTH="1612.0"
                    HEIGHT="173.0"></String>
          </TextLine>

          
          
          <TextLine ID="eSc_line_5e6e1821"
                    
                    BASELINE="2095 4456 3723 4475" 
                    HPOS="2090.0"
                    VPOS="4395.0"
                    WIDTH="1629.0"
                    HEIGHT="161.0">
            <Shape><Polygon POINTS="2090 4450 2162 4411 2323 4400 2484 4428 2657 4417 2679 4395 2963 4417 3568 4400 3630 4406 3719 4473 3652 4539 3524 4517 3441 4545 2990 4528 2696 4534 2657 4556 2601 4512 2551 4545 2162 4550 2095 4484"/></Shape>
	    <String CONTENT="וגו&#39; ˙ לית הוא מיניה ˙ ועתה הלוך הלכת כי נכבף"
                    HPOS="2090.0"
                    VPOS="4395.0"
                    WIDTH="1629.0"
                    HEIGHT="161.0"></String>
          </TextLine>

          
          
          <TextLine ID="eSc_line_b9f2fd5f"
                    
                    BASELINE="2134 4589 2351 4584 2423 4595 3174 4600 3468 4584 3746 4597" 
                    HPOS="2129.0"
                    VPOS="4512.0"
                    WIDTH="1612.0"
                    HEIGHT="172.0">
            <Shape><Polygon POINTS="2129 4584 2140 4556 2195 4539 2551 4545 2596 4512 2640 4556 3641 4539 3741 4595 3657 4662 3107 4684 3057 4656 2879 4678 2746 4656 2629 4678 2546 4650 2507 4678 2184 4673 2134 4623"/></Shape>
	    <String CONTENT="נכספת לבית אביך אתה חמדת למה גנבת את"
                    HPOS="2129.0"
                    VPOS="4512.0"
                    WIDTH="1612.0"
                    HEIGHT="172.0"></String>
          </TextLine>

          
          
          <TextLine ID="eSc_line_b41ec95c"
                    
                    BASELINE="2156 4728 2240 4712 2295 4728 2723 4728 2985 4717 3768 4725" 
                    HPOS="2151.0"
                    VPOS="4650.0"
                    WIDTH="1612.0"
                    HEIGHT="162.0">
            <Shape><Polygon POINTS="2151 4723 2223 4678 2512 4678 2551 4650 2607 4673 2768 4656 3101 4684 3635 4656 3702 4712 3763 4723 3719 4723 3641 4800 3552 4800 3502 4773 3446 4800 2857 4806 2735 4784 2640 4806 2607 4778 2490 4806 2451 4773 2384 4812 2223 4812 2156 4745"/></Shape>
	    <String CONTENT="אלהי עם אשר תמצא את אקיך לא יחיה"
                    HPOS="2151.0"
                    VPOS="4650.0"
                    WIDTH="1612.0"
                    HEIGHT="162.0"></String>
          </TextLine>

          
          
          <TextLine ID="eSc_line_78c3bb5d"
                    
                    BASELINE="2118 4845 3718 4864 3790 4847" 
                    HPOS="2112.0"
                    VPOS="4773.0"
                    WIDTH="1673.0"
                    HEIGHT="166.0">
            <Shape><Polygon POINTS="2112 4839 2162 4795 2351 4812 2423 4806 2457 4773 2490 4806 2646 4812 3624 4795 3674 4800 3724 4850 3785 4845 3724 4862 3657 4928 3568 4934 3535 4906 3435 4939 3168 4906 3129 4928 2890 4917 2735 4939 2623 4912 2540 4939 2446 4912 2206 4939 2118 4884"/></Shape>
	    <String CONTENT="והוה כן כשגגה שיוצא מפני השליט ותגנב"
                    HPOS="2112.0"
                    VPOS="4773.0"
                    WIDTH="1673.0"
                    HEIGHT="166.0"></String>
          </TextLine>

          
          
          <TextLine ID="eSc_line_0c534b25"
                    
                    BASELINE="2112 4978 2579 4978 2796 4989 3768 4986" 
                    HPOS="2106.0"
                    VPOS="4906.0"
                    WIDTH="1657.0"
                    HEIGHT="172.0">
            <Shape><Polygon POINTS="2106 4973 2151 4923 3129 4928 3168 4906 3496 4934 3541 4906 3763 4984 3730 4984 3657 5056 3624 5034 3313 5056 3263 5017 3196 5051 3152 5028 3118 5056 2773 5062 2673 5056 2629 5017 2557 5062 2429 5045 2268 5078 2190 5056 2112 4978"/></Shape>
	    <String CONTENT="רחל ותמת רחל ˙ ויבאלבן באהל יעקב ובאהל"
                    HPOS="2106.0"
                    VPOS="4906.0"
                    WIDTH="1657.0"
                    HEIGHT="172.0"></String>
          </TextLine>

          
          
          <TextLine ID="eSc_line_b5ca38fb"
                    
                    BASELINE="2112 5106 2268 5123 3746 5131" 
                    HPOS="2106.0"
                    VPOS="5039.0"
                    WIDTH="1635.0"
                    HEIGHT="178.0">
            <Shape><Polygon POINTS="2106 5101 2112 5073 2268 5039 2334 5073 2401 5073 2446 5039 2484 5078 2707 5045 2757 5078 2824 5056 2879 5078 3129 5078 3296 5051 3324 5078 3446 5062 3535 5084 3580 5051 3635 5051 3669 5084 3724 5084 3741 5128 3724 5173 3596 5195 3485 5173 3424 5217 3341 5212 3307 5178 3168 5178 3140 5201 3068 5167 2968 5167 2840 5212 2451 5212 2329 5206 2284 5162 2234 5189 2112 5162"/></Shape>
	    <String CONTENT="לאה באהל יעקב שהוא אהלה של רחל[ש&#39;]"
                    HPOS="2106.0"
                    VPOS="5039.0"
                    WIDTH="1635.0"
                    HEIGHT="178.0"></String>
          </TextLine>

          
        </TextBlock>
        
        <TextBlock HPOS="292.0"
                   VPOS="633.0"
                   WIDTH="1438.0"
                   HEIGHT="4564.0"
                   ID="eSc_textblock_00f01487"
                   TAGREFS="BT2">
          <Shape><Polygon POINTS="1715 637 355 633 307 1837 292 5167 1730 5197"/></Shape>
          
          
          <TextLine ID="eSc_line_556fc6f0"
                    
                    BASELINE="369 841 377 840 828 739 1106 727 1161 716 1723 705" 
                    HPOS="366.0"
                    VPOS="633.0"
                    WIDTH="1351.0"
                    HEIGHT="256.0">
            <Shape><Polygon POINTS="366 839 366 750 505 755 622 677 733 683 756 661 806 677 889 650 922 677 1050 633 1384 633 1412 655 1462 633 1489 661 1695 639 1717 700 1712 761 1684 766 1317 777 1206 805 1156 777 1061 777 833 800 806 822 661 816 633 844 600 822 533 861 489 850 428 889 383 883"/></Shape>
	    <String CONTENT="ובאהל שתי האמהות ולא מצא ויצא מאל"
                    HPOS="366.0"
                    VPOS="633.0"
                    WIDTH="1351.0"
                    HEIGHT="256.0"></String>
          </TextLine>

          
          
          <TextLine ID="eSc_line_8fae8661"
                    
                    BASELINE="374 991 378 990 594 916 711 889 978 872 1234 877 1595 850 1745 861" 
                    HPOS="372.0"
                    VPOS="777.0"
                    WIDTH="1368.0"
                    HEIGHT="262.0">
            <Shape><Polygon POINTS="372 989 378 889 433 900 555 844 594 866 661 822 883 827 995 777 1072 816 1156 783 1206 811 1423 794 1523 816 1656 783 1740 855 1639 939 1000 927 455 1000 416 1039 383 1033"/></Shape>
	    <String CONTENT="לאה ויבא באהל רדל למה באהל דהל שני [&#39;]"
                    HPOS="372.0"
                    VPOS="777.0"
                    WIDTH="1368.0"
                    HEIGHT="262.0"></String>
          </TextLine>

          
          
          <TextLine ID="eSc_line_6a0781f4"
                    
                    BASELINE="339 1112 352 1110 867 1016 928 1005 1428 1011 1484 1000 1745 989" 
                    HPOS="333.0"
                    VPOS="933.0"
                    WIDTH="1407.0"
                    HEIGHT="222.0">
            <Shape><Polygon POINTS="333 1111 372 1044 478 994 516 1011 678 966 989 939 1662 933 1740 983 1673 1083 1517 1061 1289 1083 1189 1061 1161 1083 945 1072 772 1100 700 1077 639 1116 494 1122 439 1155 344 1133"/></Shape>
	    <String CONTENT="פעמים דהוה ידע דהיא ממשמשנו ודדל ליךה"
                    HPOS="333.0"
                    VPOS="933.0"
                    WIDTH="1407.0"
                    HEIGHT="222.0"></String>
          </TextLine>

          
          
          <TextLine ID="eSc_line_04f72a65"
                    
                    BASELINE="322 1194 694 1166 883 1166 1095 1139 1595 1139 1723 1150" 
                    HPOS="316.0"
                    VPOS="1072.0"
                    WIDTH="1401.0"
                    HEIGHT="211.0">
            <Shape><Polygon POINTS="316 1189 483 1128 639 1116 706 1072 744 1100 1000 1094 1028 1072 1639 1077 1717 1144 1662 1205 1550 1222 1489 1189 1395 1222 1028 1200 972 1228 878 1211 772 1239 728 1211 622 1261 500 1250 422 1283 322 1222"/></Shape>
	    <String CONTENT="את התרפים ותשימם בכד הגמל בע ביטיא דג"
                    HPOS="316.0"
                    VPOS="1072.0"
                    WIDTH="1401.0"
                    HEIGHT="211.0"></String>
          </TextLine>

          
          
          <TextLine ID="eSc_line_9cb54560"
                    
                    BASELINE="344 1322 489 1316 550 1328 622 1305 972 1294 1178 1272 1617 1278 1745 1261" 
                    HPOS="339.0"
                    VPOS="1189.0"
                    WIDTH="1401.0"
                    HEIGHT="222.0">
            <Shape><Polygon POINTS="339 1316 378 1283 689 1250 733 1216 767 1239 978 1233 1011 1200 1167 1228 1456 1222 1489 1189 1545 1222 1673 1216 1740 1255 1684 1344 1639 1361 1256 1339 1028 1344 917 1372 728 1355 678 1383 617 1372 394 1411 350 1389"/></Shape>
	    <String CONTENT="דגמלא ותאמר אל אביה אליחר כעיני אחנם"
                    HPOS="339.0"
                    VPOS="1189.0"
                    WIDTH="1401.0"
                    HEIGHT="222.0"></String>
          </TextLine>

          
          
          <TextLine ID="eSc_line_f8bcd7ab"
                    
                    BASELINE="378 1450 633 1439 689 1428 1006 1433 1267 1405 1723 1405" 
                    HPOS="372.0"
                    VPOS="1344.0"
                    WIDTH="1345.0"
                    HEIGHT="189.0">
            <Shape><Polygon POINTS="372 1444 400 1405 494 1389 1245 1344 1589 1344 1678 1361 1717 1400 1645 1494 1567 1455 1467 1489 1367 1466 1228 1494 967 1478 583 1516 494 1500 383 1533"/></Shape>
	    <String CONTENT="וגו&#39; ˙ אמ&#39; ר&#39; יוחנן תרפים לא מצא קינתונות מצא"
                    HPOS="372.0"
                    VPOS="1344.0"
                    WIDTH="1345.0"
                    HEIGHT="189.0"></String>
          </TextLine>

          
          
          <TextLine ID="eSc_line_03517fae"
                    
                    BASELINE="366 1599 372 1599 744 1566 883 1550 1223 1539 1736 1561" 
                    HPOS="361.0"
                    VPOS="1478.0"
                    WIDTH="1373.0"
                    HEIGHT="177.0">
            <Shape><Polygon POINTS="361 1594 366 1544 494 1500 589 1516 1317 1478 1684 1489 1734 1555 1673 1616 1595 1628 1261 1611 1228 1589 1150 1622 995 1622 956 1600 861 1616 822 1594 767 1633 394 1655 366 1628"/></Shape>
	    <String CONTENT="בעשו תרפים קינתונות ˙ ויחר יעקב וירב בלכן ו]"
                    HPOS="361.0"
                    VPOS="1478.0"
                    WIDTH="1373.0"
                    HEIGHT="177.0"></String>
          </TextLine>

          
          
          <TextLine ID="eSc_line_4f61d40d"
                    
                    BASELINE="355 1700 900 1672 1758 1695" 
                    HPOS="350.0"
                    VPOS="1594.0"
                    WIDTH="1406.0"
                    HEIGHT="184.0">
            <Shape><Polygon POINTS="350 1694 383 1655 428 1650 817 1616 1184 1622 1223 1594 1328 1622 1667 1616 1756 1694 1567 1750 1361 1750 1289 1722 1156 1761 1095 1739 883 1739 355 1778"/></Shape>
	    <String CONTENT="יעקב ויאמר ללבן מה פשעי ומה חטאתי בי דק"
                    HPOS="350.0"
                    VPOS="1594.0"
                    WIDTH="1406.0"
                    HEIGHT="184.0"></String>
          </TextLine>

          
          
          <TextLine ID="eSc_line_493db6b4"
                    
                    BASELINE="333 1833 483 1817 605 1817 667 1800 733 1811 1439 1811 1506 1800 1764 1817" 
                    HPOS="327.0"
                    VPOS="1722.0"
                    WIDTH="1435.0"
                    HEIGHT="189.0">
            <Shape><Polygon POINTS="327 1828 361 1778 505 1772 572 1744 1161 1755 1284 1722 1339 1744 1673 1739 1762 1811 1595 1878 1395 1867 1361 1844 1223 1878 1017 1872 961 1833 856 1889 733 1861 383 1911 333 1889"/></Shape>
	    <String CONTENT="רלקתאחדיר&#39; עזריה ור&#39; יונתן בר [מריון חגיור&#39;]"
                    HPOS="327.0"
                    VPOS="1722.0"
                    WIDTH="1435.0"
                    HEIGHT="189.0"></String>
          </TextLine>

          
          
          <TextLine ID="eSc_line_16584891"
                    
                    BASELINE="322 1933 405 1950 466 1933 533 1944 1211 1944 1267 1933 1651 1922 1764 1945" 
                    HPOS="316.0"
                    VPOS="1833.0"
                    WIDTH="1446.0"
                    HEIGHT="206.0">
            <Shape><Polygon POINTS="316 1928 728 1861 761 1883 911 1883 978 1833 1022 1878 1095 1883 1662 1867 1762 1944 1712 1939 1617 2005 1250 1989 1039 2011 989 1983 950 2011 572 2017 516 1994 394 2039 322 1978"/></Shape>
	    <String CONTENT="יצחק ברמדיון ותאני לה בשם ר&#39; חבנא בר יצחס"
                    HPOS="316.0"
                    VPOS="1833.0"
                    WIDTH="1446.0"
                    HEIGHT="206.0"></String>
          </TextLine>

          
          
          <TextLine ID="eSc_line_89c75db7"
                    
                    BASELINE="316 2067 1478 2078 1545 2067 1764 2084" 
                    HPOS="311.0"
                    VPOS="1989.0"
                    WIDTH="1451.0"
                    HEIGHT="178.0">
            <Shape><Polygon POINTS="311 2061 355 2022 400 2044 522 2000 567 2022 956 2017 1006 1989 1072 2017 1273 1989 1317 2017 1523 2022 1651 1994 1762 2083 1717 2083 1651 2150 1589 2144 1556 2111 1523 2144 1473 2133 1439 2161 1334 2144 1284 2105 1223 2144 433 2144 400 2167 316 2105"/></Shape>
	    <String CONTENT="קפדנותן של אבות ולא ענותנותן של בנים ק&#39;"
                    HPOS="311.0"
                    VPOS="1989.0"
                    WIDTH="1451.0"
                    HEIGHT="178.0"></String>
          </TextLine>

          
          
          <TextLine ID="eSc_line_777f9b92"
                    
                    BASELINE="333 2205 1573 2205 1639 2217 1753 2211" 
                    HPOS="327.0"
                    VPOS="2105.0"
                    WIDTH="1424.0"
                    HEIGHT="201.0">
            <Shape><Polygon POINTS="327 2200 355 2161 405 2167 433 2139 478 2161 667 2167 800 2144 1245 2144 1300 2105 1339 2144 1406 2155 1673 2150 1751 2205 1667 2278 1601 2283 1517 2267 1467 2289 1428 2256 1384 2278 1295 2256 956 2289 778 2256 694 2289 572 2267 428 2306 333 2300"/></Shape>
	    <String CONTENT="קפרותן של אבות מניין ויחר יעקב ו ירב בלכן א"
                    HPOS="327.0"
                    VPOS="2105.0"
                    WIDTH="1424.0"
                    HEIGHT="201.0"></String>
          </TextLine>

          
          
          <TextLine ID="eSc_line_8db176e1"
                    
                    BASELINE="327 2344 1562 2344 1736 2345" 
                    HPOS="322.0"
                    VPOS="2256.0"
                    WIDTH="1412.0"
                    HEIGHT="188.0">
            <Shape><Polygon POINTS="322 2339 366 2289 428 2306 539 2278 1172 2283 1323 2256 1350 2283 1678 2283 1734 2344 1673 2400 1573 2411 1462 2411 1395 2378 1339 2411 628 2406 350 2444 327 2428"/></Shape>
	    <String CONTENT="את כבור שמאמכות ופצעים היושם אינן אלא"
                    HPOS="322.0"
                    VPOS="2256.0"
                    WIDTH="1412.0"
                    HEIGHT="188.0"></String>
          </TextLine>

          
          
          <TextLine ID="eSc_line_855223e0"
                    
                    BASELINE="333 2478 1373 2478 1428 2467 1740 2467" 
                    HPOS="327.0"
                    VPOS="2394.0"
                    WIDTH="1407.0"
                    HEIGHT="156.0">
            <Shape><Polygon POINTS="327 2472 383 2428 1306 2417 1389 2394 1678 2406 1734 2461 1684 2539 1589 2511 1523 2550 1467 2522 1178 2544 1067 2517 1017 2539 961 2511 917 2539 394 2544 333 2489"/></Shape>
	    <String CONTENT="פיוסין יעקב מפיים את חמיו ˙ כי מששת את כל"
                    HPOS="327.0"
                    VPOS="2394.0"
                    WIDTH="1407.0"
                    HEIGHT="156.0"></String>
          </TextLine>

          
          
          <TextLine ID="eSc_line_521fac10"
                    
                    BASELINE="333 2600 950 2600 1239 2594 1295 2583 1775 2600" 
                    HPOS="327.0"
                    VPOS="2511.0"
                    WIDTH="1446.0"
                    HEIGHT="172.0">
            <Shape><Polygon POINTS="327 2594 372 2533 767 2550 933 2539 961 2511 1011 2539 1072 2517 1178 2550 1534 2550 1601 2511 1773 2594 1740 2594 1673 2661 1378 2661 1328 2683 1156 2678 1084 2644 1033 2672 967 2650 933 2672 761 2661 728 2683 622 2650 594 2678 433 2656 372 2678 333 2644"/></Shape>
	    <String CONTENT="כלי מה מצאת מכל כלי ביתיך וגו&#39; אמ&#39; ר&#39;סומ"
                    HPOS="327.0"
                    VPOS="2511.0"
                    WIDTH="1446.0"
                    HEIGHT="172.0"></String>
          </TextLine>

          
          
          <TextLine ID="eSc_line_54824b66"
                    
                    BASELINE="316 2744 1484 2744 1819 2739" 
                    HPOS="311.0"
                    VPOS="2644.0"
                    WIDTH="1506.0"
                    HEIGHT="178.0">
            <Shape><Polygon POINTS="311 2739 316 2706 416 2656 594 2678 628 2644 672 2678 1039 2678 1078 2644 1211 2678 1634 2661 1695 2678 1745 2728 1817 2733 1751 2739 1695 2795 1606 2822 1562 2795 1378 2811 1334 2783 1161 2811 867 2806 839 2783 806 2817 678 2789 322 2800"/></Shape>
	    <String CONTENT="חתן שהוא דר אצל חמיו איפשר לו שלאליהנת"
                    HPOS="311.0"
                    VPOS="2644.0"
                    WIDTH="1506.0"
                    HEIGHT="178.0"></String>
          </TextLine>

          
          
          <TextLine ID="eSc_line_8900e645"
                    
                    BASELINE="294 2861 372 2845 428 2861 1228 2867 1289 2878 1550 2872 1617 2883 1780 2878" 
                    HPOS="289.0"
                    VPOS="2783.0"
                    WIDTH="1489.0"
                    HEIGHT="167.0">
            <Shape><Polygon POINTS="289 2856 411 2806 800 2822 839 2795 1000 2822 1184 2795 1284 2806 1323 2783 1361 2811 1667 2806 1734 2867 1762 2845 1778 2872 1734 2878 1673 2939 1606 2945 1261 2945 1200 2917 1033 2945 972 2917 939 2950 661 2950 466 2945 439 2917 394 2933 294 2856"/></Shape>
	    <String CONTENT="ממנו אפולו כלי אחד אפילו סכינה אחתבום"
                    HPOS="289.0"
                    VPOS="2783.0"
                    WIDTH="1489.0"
                    HEIGHT="167.0"></String>
          </TextLine>

          
          
          <TextLine ID="eSc_line_439998f0"
                    
                    BASELINE="333 2989 416 2983 528 2995 1278 3000 1400 3011 1534 3006 1736 3034 1808 3012" 
                    HPOS="327.0"
                    VPOS="2917.0"
                    WIDTH="1479.0"
                    HEIGHT="172.0">
            <Shape><Polygon POINTS="327 2983 428 2917 533 2950 950 2956 1000 2922 1128 2950 1678 2945 1756 3017 1806 3011 1651 3083 1550 3089 1389 3083 1317 3045 1267 3083 989 3061 922 3083 895 3061 850 3083 578 3061 466 3078 394 3067 333 3006"/></Shape>
	    <String CONTENT="הכא כי מששת את כל כלי מה מצאת מכל כל"
                    HPOS="327.0"
                    VPOS="2917.0"
                    WIDTH="1479.0"
                    HEIGHT="172.0"></String>
          </TextLine>

          
          
          <TextLine ID="eSc_line_8233a2ed"
                    
                    BASELINE="344 3122 433 3117 505 3128 867 3133 978 3145 1786 3150" 
                    HPOS="339.0"
                    VPOS="3050.0"
                    WIDTH="1445.0"
                    HEIGHT="200.0">
            <Shape><Polygon POINTS="339 3117 344 3083 378 3072 567 3056 644 3083 922 3089 961 3067 1267 3089 1317 3050 1373 3089 1684 3083 1784 3145 1767 3250 1695 3211 1578 3206 1556 3228 1506 3189 1434 3222 344 3195"/></Shape>
	    <String CONTENT="ביתיך אפילו מחט אפילו צינורה ˙ ולא עסתה"
                    HPOS="339.0"
                    VPOS="3050.0"
                    WIDTH="1445.0"
                    HEIGHT="200.0"></String>
          </TextLine>

          
          
          <TextLine ID="eSc_line_595b5d94"
                    
                    BASELINE="333 3256 617 3250 678 3261 867 3267 1745 3267" 
                    HPOS="327.0"
                    VPOS="3200.0"
                    WIDTH="1413.0"
                    HEIGHT="150.0">
            <Shape><Polygon POINTS="327 3250 333 3211 366 3200 1400 3222 1500 3200 1550 3228 1678 3211 1740 3261 1656 3334 1550 3345 1439 3345 1406 3322 1267 3350 1006 3322 333 3328"/></Shape>
	    <String CONTENT="של במם מניין מדוד ויברח דוד מנוית ברמה ויבא"
                    HPOS="327.0"
                    VPOS="3200.0"
                    WIDTH="1413.0"
                    HEIGHT="150.0"></String>
          </TextLine>

          
          
          <TextLine ID="eSc_line_e404d158"
                    
                    BASELINE="333 3361 478 3378 861 3389 1111 3384 1172 3395 1723 3395" 
                    HPOS="327.0"
                    VPOS="3328.0"
                    WIDTH="1390.0"
                    HEIGHT="150.0">
            <Shape><Polygon POINTS="327 3356 366 3328 1006 3328 1261 3356 1406 3328 1434 3350 1673 3339 1717 3389 1678 3472 1400 3456 1378 3478 1295 3456 1089 3478 416 3450 333 3406"/></Shape>
	    <String CONTENT="ויאמר לפני יהונתן מה עשיתי מה עוני ומה"
                    HPOS="327.0"
                    VPOS="3328.0"
                    WIDTH="1390.0"
                    HEIGHT="150.0"></String>
          </TextLine>

          
          
          <TextLine ID="eSc_line_be84cb02"
                    
                    BASELINE="339 3495 483 3495 689 3511 900 3511 961 3522 1762 3528" 
                    HPOS="333.0"
                    VPOS="3445.0"
                    WIDTH="1423.0"
                    HEIGHT="161.0">
            <Shape><Polygon POINTS="333 3489 383 3445 1095 3478 1384 3478 1406 3456 1678 3472 1756 3522 1678 3600 1161 3606 1128 3584 906 3600 555 3567 422 3578 339 3500"/></Shape>
	    <String CONTENT="חטאתי לפני אביך כי מבקש את נפשי מזכיר"
                    HPOS="333.0"
                    VPOS="3445.0"
                    WIDTH="1423.0"
                    HEIGHT="161.0"></String>
          </TextLine>

          
          
          <TextLine ID="eSc_line_9c291668"
                    
                    BASELINE="322 3628 633 3628 911 3645 978 3656 1745 3673" 
                    HPOS="316.0"
                    VPOS="3572.0"
                    WIDTH="1424.0"
                    HEIGHT="173.0">
            <Shape><Polygon POINTS="316 3622 372 3572 1172 3611 1667 3600 1740 3672 1634 3739 1195 3711 1156 3739 1061 3745 428 3711 322 3622"/></Shape>
	    <String CONTENT="שפיכות דמים בתיך פיוסו כי מבקש את נפשו"
                    HPOS="316.0"
                    VPOS="3572.0"
                    WIDTH="1424.0"
                    HEIGHT="173.0"></String>
          </TextLine>

          
          
          <TextLine ID="eSc_line_ee8b54ba"
                    
                    BASELINE="316 3739 400 3772 472 3761 678 3761 911 3789 1751 3806" 
                    HPOS="311.0"
                    VPOS="3689.0"
                    WIDTH="1434.0"
                    HEIGHT="189.0">
            <Shape><Polygon POINTS="311 3734 383 3689 428 3711 1067 3745 1217 3711 1239 3739 1673 3739 1745 3800 1684 3867 1350 3872 1267 3850 1150 3878 900 3834 839 3861 544 3817 378 3834 316 3767"/></Shape>
	    <String CONTENT="ברם הכא כי דדלקת אחרי זה עשרים שנה אל"
                    HPOS="311.0"
                    VPOS="3689.0"
                    WIDTH="1434.0"
                    HEIGHT="189.0"></String>
          </TextLine>

          
          
          <TextLine ID="eSc_line_5d60007d"
                    
                    BASELINE="333 3878 466 3900 722 3895 822 3911 1078 3923 1701 3934 1773 3945" 
                    HPOS="327.0"
                    VPOS="3817.0"
                    WIDTH="1440.0"
                    HEIGHT="194.0">
            <Shape><Polygon POINTS="327 3872 350 3822 511 3845 555 3817 694 3861 956 3839 989 3867 1117 3878 1273 3850 1334 3878 1689 3867 1767 3939 1745 3978 1689 4000 1556 4006 1500 3984 1384 4011 1122 3978 528 3984 333 3928"/></Shape>
	    <String CONTENT="אנכי עמך וגו&#39; טריפה לא הבאתי אליך דקטלא"
                    HPOS="327.0"
                    VPOS="3817.0"
                    WIDTH="1440.0"
                    HEIGHT="194.0"></String>
          </TextLine>

          
          
          <TextLine ID="eSc_line_d73b9fd3"
                    
                    BASELINE="311 4011 400 4006 678 4034 817 4023 895 4045 956 4045 1022 4061 1078 4050 1745 4073" 
                    HPOS="305.0"
                    VPOS="3945.0"
                    WIDTH="1435.0"
                    HEIGHT="200.0">
            <Shape><Polygon POINTS="305 4006 378 3950 450 3945 528 3984 822 4000 1678 4000 1728 4028 1740 4067 1662 4145 1528 4117 1200 4128 1161 4095 1117 4128 811 4128 650 4106 617 4073 561 4106 400 4084 316 4006"/></Shape>
	    <String CONTENT="אנכי אנכי אחטנה אנכי הייתי חוטאעל אי"
                    HPOS="305.0"
                    VPOS="3945.0"
                    WIDTH="1435.0"
                    HEIGHT="200.0"></String>
          </TextLine>

          
          
          <TextLine ID="eSc_line_3edd8a4e"
                    
                    BASELINE="355 4139 439 4139 605 4167 811 4161 911 4178 1111 4189 1762 4206" 
                    HPOS="350.0"
                    VPOS="4078.0"
                    WIDTH="1406.0"
                    HEIGHT="200.0">
            <Shape><Polygon POINTS="350 4134 372 4084 572 4106 617 4078 644 4111 928 4134 1117 4134 1156 4100 1195 4128 1245 4111 1334 4134 1678 4134 1756 4200 1723 4200 1656 4267 1567 4278 1423 4250 1323 4273 1239 4239 1100 4267 1039 4223 972 4261 539 4239 411 4189 355 4223"/></Shape>
	    <String CONTENT="שכך גזר הקב&#39;ה&#39; לארי שיהא אוכל חמש סאן"
                    HPOS="350.0"
                    VPOS="4078.0"
                    WIDTH="1406.0"
                    HEIGHT="200.0"></String>
          </TextLine>

          
          
          <TextLine ID="eSc_line_d536e816"
                    
                    BASELINE="311 4284 450 4273 622 4300 800 4295 917 4311 1067 4311 1178 4323 1767 4340" 
                    HPOS="305.0"
                    VPOS="4195.0"
                    WIDTH="1457.0"
                    HEIGHT="216.0">
            <Shape><Polygon POINTS="305 4278 416 4195 455 4228 583 4250 911 4267 1039 4228 1078 4261 1161 4273 1228 4245 1295 4245 1323 4273 1689 4267 1762 4339 1684 4406 1484 4406 1434 4378 1356 4400 1300 4378 1195 4411 1100 4395 1050 4356 1011 4389 516 4367 339 4278"/></Shape>
	    <String CONTENT="מצאנו של לבן בכל יום ואם תאמר שאילו"
                    HPOS="305.0"
                    VPOS="4195.0"
                    WIDTH="1457.0"
                    HEIGHT="216.0"></String>
          </TextLine>

          
          
          <TextLine ID="eSc_line_66437ba4"
                    
                    BASELINE="339 4395 422 4411 500 4406 806 4434 928 4428 989 4439 1356 4456 1751 4462" 
                    HPOS="333.0"
                    VPOS="4317.0"
                    WIDTH="1412.0"
                    HEIGHT="217.0">
            <Shape><Polygon POINTS="333 4389 416 4317 455 4356 617 4378 1017 4395 1061 4356 1100 4395 1184 4406 1689 4406 1745 4456 1673 4534 1217 4512 1150 4528 1028 4500 883 4517 733 4506 683 4456 633 4500 339 4456"/></Shape>
	    <String CONTENT="היה רועה אחד הולך אחר הארי היה מצולול"
                    HPOS="333.0"
                    VPOS="4317.0"
                    WIDTH="1412.0"
                    HEIGHT="217.0"></String>
          </TextLine>

          
          
          <TextLine ID="eSc_line_55b6827d"
                    
                    BASELINE="355 4512 439 4523 533 4550 600 4539 722 4539 889 4562 1078 4562 1134 4573 1434 4578 1489 4589 1656 4606 1784 4590" 
                    HPOS="350.0"
                    VPOS="4456.0"
                    WIDTH="1428.0"
                    HEIGHT="206.0">
            <Shape><Polygon POINTS="350 4506 372 4456 555 4495 644 4495 694 4467 728 4500 928 4523 1022 4506 1050 4528 1695 4534 1740 4584 1778 4589 1667 4662 1512 4662 1450 4634 1289 4662 1234 4634 1167 4650 1106 4628 1045 4650 850 4645 783 4589 733 4634 678 4595 561 4623 355 4550"/></Shape>
	    <String CONTENT="כאשר יהגה האריה והכפיר על טרפו אשר"
                    HPOS="350.0"
                    VPOS="4456.0"
                    WIDTH="1428.0"
                    HEIGHT="206.0"></String>
          </TextLine>

          
          
          <TextLine ID="eSc_line_faeee398"
                    
                    BASELINE="344 4617 428 4656 550 4656 700 4678 761 4678 817 4667 900 4689 1022 4700 1195 4695 1356 4712 1773 4729" 
                    HPOS="339.0"
                    VPOS="4567.0"
                    WIDTH="1428.0"
                    HEIGHT="233.0">
            <Shape><Polygon POINTS="339 4612 350 4567 378 4567 539 4623 644 4623 683 4595 728 4634 778 4589 817 4639 867 4645 1678 4662 1723 4717 1767 4728 1717 4728 1634 4800 1439 4800 1395 4750 1361 4784 1328 4745 1278 4784 1122 4778 1061 4739 1017 4778 516 4739 344 4662"/></Shape>
	    <String CONTENT="יקרא עליו מלא רועים מקולם לא יחת גנבתר"
                    HPOS="339.0"
                    VPOS="4567.0"
                    WIDTH="1428.0"
                    HEIGHT="233.0"></String>
          </TextLine>

          
          
          <TextLine ID="eSc_line_7db3aa70"
                    
                    BASELINE="333 4773 411 4762 489 4784 550 4784 644 4806 794 4806 978 4828 1367 4828 1773 4862" 
                    HPOS="327.0"
                    VPOS="4662.0"
                    WIDTH="1440.0"
                    HEIGHT="261.0">
            <Shape><Polygon POINTS="327 4767 366 4662 422 4723 500 4745 928 4778 1033 4778 1061 4750 1100 4778 1273 4789 1328 4745 1361 4784 1400 4756 1462 4800 1667 4789 1717 4845 1767 4856 1662 4923 1462 4923 1400 4889 1367 4923 1234 4923 1195 4878 1128 4917 1084 4895 939 4912 644 4862 528 4873 416 4845 378 4806 333 4812"/></Shape>
	    <String CONTENT="וגנבתי לילה קריין לי גנבא ביממא וגבבא בחרא"
                    HPOS="327.0"
                    VPOS="4662.0"
                    WIDTH="1440.0"
                    HEIGHT="261.0"></String>
          </TextLine>

          
          
          <TextLine ID="eSc_line_21b169de"
                    
                    BASELINE="300 4878 533 4917 661 4923 756 4939 878 4939 1022 4967 1311 4962 1478 4978 1751 4995" 
                    HPOS="294.0"
                    VPOS="4812.0"
                    WIDTH="1451.0"
                    HEIGHT="250.0">
            <Shape><Polygon POINTS="294 4873 389 4812 428 4850 550 4878 689 4867 728 4895 1122 4923 1184 4878 1261 4923 1651 4917 1745 4989 1667 5062 1589 5039 1534 5062 956 5039 833 5006 800 5023 678 4989 655 5006 483 4984 439 4939 400 4962 300 4889"/></Shape>
	    <String CONTENT="הייתי ביום אכלני חורב וקוח בלילא ותרדשנ"
                    HPOS="294.0"
                    VPOS="4812.0"
                    WIDTH="1451.0"
                    HEIGHT="250.0"></String>
          </TextLine>

          
          
          <TextLine ID="eSc_line_a3b2c20f"
                    
                    BASELINE="311 5012 516 5056 806 5078 867 5073 1161 5101 1456 5101 1723 5129" 
                    HPOS="305.0"
                    VPOS="4956.0"
                    WIDTH="1412.0"
                    HEIGHT="245.0">
            <Shape><Polygon POINTS="305 5006 327 4956 428 4962 511 5006 839 5006 878 5039 939 5045 1639 5067 1706 5095 1717 5128 1701 5184 1450 5162 1395 5201 1334 5201 1317 5173 1228 5189 1189 5151 945 5167 728 5128 561 5134 539 5112 494 5128 444 5089 311 5067"/></Shape>
	    <String CONTENT="שנתי מעיני ומה היה אומ&#39; ר&#39; יהושע בן ליא"
                    HPOS="305.0"
                    VPOS="4956.0"
                    WIDTH="1412.0"
                    HEIGHT="245.0"></String>
          </TextLine>

          
        </TextBlock>
        
        <TextBlock HPOS="713.0"
                   VPOS="5991.0"
                   WIDTH="406.0"
                   HEIGHT="355.0"
                   ID="eSc_textblock_2b230afc"
                   TAGREFS="BT226">
          <Shape><Polygon POINTS="1097 6343 1119 6109 959 5991 796 6090 713 6209 811 6279 942 6346"/></Shape>
          
          
          <TextLine ID="eSc_line_c4113591"
                    
                    BASELINE="807 6152 1067 6181" 
                    HPOS="806.0"
                    VPOS="6034.0"
                    WIDTH="255.0"
                    HEIGHT="217.0">
            <Shape><Polygon POINTS="806 6151 856 6051 872 6067 906 6034 1056 6090 1061 6179 1039 6217 917 6245 889 6212 806 6251"/></Shape>
	    <String CONTENT="חמ&#39;ש]"
                    HPOS="806.0"
                    VPOS="6034.0"
                    WIDTH="255.0"
                    HEIGHT="217.0"></String>
          </TextLine>

          
        </TextBlock>
        

        
      </PrintSpace>
    </Page>
  </Layout>
</alto>
