<?xml version="1.0" encoding="UTF-8"?>
<alto xmlns:xsi="http://www.w3.org/2001/XMLSchema-instance"
      xmlns="http://www.loc.gov/standards/alto/ns-v4#"
      xsi:schemaLocation="http://www.loc.gov/standards/alto/ns-v4# http://www.loc.gov/standards/alto/v4/alto-4-2.xsd">
  <Description>
    <MeasurementUnit>pixel</MeasurementUnit>
    <sourceImageInformation>
      <fileName>add_ms_16406_f112r.jpg</fileName>
      
    </sourceImageInformation>
  </Description>
  
  <Tags>
    <OtherTag ID="BT1" LABEL="Title" DESCRIPTION="block type Title"/><OtherTag ID="BT2" LABEL="Main" DESCRIPTION="block type Main"/><OtherTag ID="BT3" LABEL="Commentary" DESCRIPTION="block type Commentary"/><OtherTag ID="BT4" LABEL="Illustration" DESCRIPTION="block type Illustration"/><OtherTag ID="BT224" LABEL="Hole" DESCRIPTION="block type Hole"/><OtherTag ID="BT225" LABEL="Margin" DESCRIPTION="block type Margin"/><OtherTag ID="BT226" LABEL="Paratext" DESCRIPTION="block type Paratext"/>
    <OtherTag ID="LT2" LABEL="Numbering" DESCRIPTION="line type Numbering"/><OtherTag ID="LT3" LABEL="Correction" DESCRIPTION="line type Correction"/><OtherTag ID="LT329" LABEL="Gloss" DESCRIPTION="line type Gloss"/>
  </Tags>
  
  <Layout>
    <Page WIDTH="4737"
          HEIGHT="6657"
          PHYSICAL_IMG_NR="223"
          ID="eSc_dummypage_">
      <PrintSpace HPOS="0"
                  VPOS="0"
                  WIDTH="4737"
                  HEIGHT="6657">
        
        <TextBlock HPOS="2749.0"
                   VPOS="617.0"
                   WIDTH="1495.0"
                   HEIGHT="4616.0"
                   ID="eSc_textblock_ba415cdf"
                   TAGREFS="BT2">
          <Shape><Polygon POINTS="4244 5233 4244 650 2782 617 2749 650 2749 5218 4244 5233"/></Shape>
          
          
          <TextLine ID="eSc_line_4cd2c7bb"
                    
                    BASELINE="2776 732 2848 726 3931 737 4317 810" 
                    HPOS="2771.0"
                    VPOS="626.0"
                    WIDTH="1543.0"
                    HEIGHT="211.0">
            <Shape><Polygon POINTS="2771 726 2804 626 3343 654 3443 637 3526 660 3581 643 3642 665 3909 654 3970 682 4303 687 4314 809 4292 837 4142 837 4081 804 4053 832 3981 832 3909 798 3809 826 3781 793 3687 809 3415 787 3393 809 3270 809 3226 776 3182 804 3098 804 2871 771 2826 793 2776 765"/></Shape>
	    <String CONTENT="התכונן מאיבן נבראת ולא מן הראש שלא"
                    HPOS="2771.0"
                    VPOS="626.0"
                    WIDTH="1543.0"
                    HEIGHT="211.0"></String>
          </TextLine>

          
          
          <TextLine ID="eSc_line_e794c366"
                    
                    BASELINE="2798 865 3087 865 3215 876 3731 870 4009 898 4267 926" 
                    HPOS="2793.0"
                    VPOS="771.0"
                    WIDTH="1471.0"
                    HEIGHT="216.0">
            <Shape><Polygon POINTS="2793 859 2821 798 2876 821 2937 798 3098 815 3176 809 3215 771 3259 815 3304 821 3670 821 3759 793 3804 826 4131 854 4237 837 4264 920 4214 987 4070 981 4048 959 3976 976 3909 943 3848 970 3787 931 3720 954 3515 954 3487 926 3398 948 3132 926 3015 954 2893 909 2848 943 2798 937"/></Shape>
	    <String CONTENT="תהא סקרנית ולא מן האוזן שלא תהאציית"
                    HPOS="2793.0"
                    VPOS="771.0"
                    WIDTH="1471.0"
                    HEIGHT="216.0"></String>
          </TextLine>

          
          
          <TextLine ID="eSc_line_981581b6"
                    
                    BASELINE="2787 993 2993 1009 3404 1004 3604 1009 3876 1031 3948 1026 4272 1076" 
                    HPOS="2782.0"
                    VPOS="915.0"
                    WIDTH="1488.0"
                    HEIGHT="211.0">
            <Shape><Polygon POINTS="2782 987 2882 915 2993 954 3393 959 3454 920 3598 965 3670 948 3820 970 3903 943 3981 987 4148 981 4220 1004 4270 1070 4187 1120 4103 1126 4065 1092 3976 1120 3926 1081 3854 1103 3676 1098 3598 1070 3376 1087 3309 1054 3232 1087 3193 1065 2987 1087 2959 1059 2893 1087 2865 1059 2826 1092 2787 1054"/></Shape>
	    <String CONTENT="צייתנית ולא מן הפה שלא תהא דברנית ולא"
                    HPOS="2782.0"
                    VPOS="915.0"
                    WIDTH="1488.0"
                    HEIGHT="211.0"></String>
          </TextLine>

          
          
          <TextLine ID="eSc_line_b5fd51ea"
                    
                    BASELINE="2771 1142 3415 1137 3637 1164 3892 1159 4295 1231" 
                    HPOS="2765.0"
                    VPOS="1048.0"
                    WIDTH="1527.0"
                    HEIGHT="227.0">
            <Shape><Polygon POINTS="2765 1137 2787 1098 2826 1103 2871 1065 2932 1092 3232 1092 3298 1048 3343 1087 3520 1076 3809 1109 3915 1081 3948 1120 4015 1120 4053 1092 4092 1131 4187 1137 4292 1225 4253 1220 4187 1275 3581 1203 3387 1220 3204 1198 3170 1225 3093 1220 3054 1181 3015 1214 2982 1187 2948 1220 2798 1225 2771 1192"/></Shape>
	    <String CONTENT="מן הלב שלא תהא קונתנית ולא מן היד שלא"
                    HPOS="2765.0"
                    VPOS="1048.0"
                    WIDTH="1527.0"
                    HEIGHT="227.0"></String>
          </TextLine>

          
          
          <TextLine ID="eSc_line_e436a874"
                    
                    BASELINE="2754 1264 3459 1275 3587 1298 3848 1298 3915 1287 4076 1325 4131 1314 4278 1353" 
                    HPOS="2748.0"
                    VPOS="1198.0"
                    WIDTH="1528.0"
                    HEIGHT="211.0">
            <Shape><Polygon POINTS="2748 1259 2826 1220 3070 1209 3198 1231 3220 1209 3326 1203 3515 1225 3581 1198 3620 1231 4187 1270 4276 1348 4176 1409 3976 1392 3926 1353 3792 1370 3748 1336 3709 1359 3665 1342 3637 1370 3570 1348 3226 1348 3198 1320 3154 1353 2826 1359 2754 1281"/></Shape>
	    <String CONTENT="תהא ממשמשנית ולאמן הרגל שלא תהא"
                    HPOS="2748.0"
                    VPOS="1198.0"
                    WIDTH="1528.0"
                    HEIGHT="211.0"></String>
          </TextLine>

          
          
          <TextLine ID="eSc_line_a06e300a"
                    
                    BASELINE="2760 1409 3404 1403 3531 1431 3859 1431 4131 1453 4256 1481" 
                    HPOS="2754.0"
                    VPOS="1336.0"
                    WIDTH="1499.0"
                    HEIGHT="200.0">
            <Shape><Polygon POINTS="2754 1403 2837 1353 3381 1348 3626 1370 3654 1342 3704 1364 3748 1336 3781 1370 3859 1375 3887 1353 3953 1392 4192 1403 4253 1475 4170 1536 3948 1525 3915 1492 3842 1503 3820 1481 3781 1503 3659 1503 3437 1475 3315 1492 3265 1464 3226 1492 3109 1458 3059 1492 2921 1492 2843 1486 2765 1403"/></Shape>
	    <String CONTENT="פורסנית ולא על כל אבר ואבר שהיה בורא"
                    HPOS="2754.0"
                    VPOS="1336.0"
                    WIDTH="1499.0"
                    HEIGHT="200.0"></String>
          </TextLine>

          
          
          <TextLine ID="eSc_line_c9321ffa"
                    
                    BASELINE="2743 1525 2815 1542 3270 1542 3404 1531 3459 1553 3520 1564 3809 1558 4031 1581 4289 1620" 
                    HPOS="2737.0"
                    VPOS="1475.0"
                    WIDTH="1550.0"
                    HEIGHT="200.0">
            <Shape><Polygon POINTS="2737 1520 2804 1481 3431 1481 3787 1508 3820 1475 3915 1531 4209 1553 4287 1619 4270 1636 4237 1614 4176 1675 4098 1647 3748 1636 3704 1608 3626 1630 3409 1608 3359 1625 3304 1597 3276 1619 2859 1630 2743 1536"/></Shape>
	    <String CONTENT="בה היה אומ&#39; לה אשה צנועה אשה צנועה"
                    HPOS="2737.0"
                    VPOS="1475.0"
                    WIDTH="1550.0"
                    HEIGHT="200.0"></String>
          </TextLine>

          
          
          <TextLine ID="eSc_line_73d23d2b"
                    
                    BASELINE="2804 1669 3420 1669 3565 1697 3881 1697 3937 1686 4053 1725 4109 1714 4245 1753" 
                    HPOS="2798.0"
                    VPOS="1592.0"
                    WIDTH="1444.0"
                    HEIGHT="210.0">
            <Shape><Polygon POINTS="2798 1664 2821 1619 3209 1630 3304 1592 3348 1630 3648 1630 3687 1603 3892 1658 4153 1653 4242 1747 4159 1797 4059 1802 3742 1764 3654 1780 3620 1747 3332 1764 3215 1736 3104 1764 3054 1725 3021 1758 2876 1764 2804 1730"/></Shape>
	    <String CONTENT="א&#39;ע&#39;&#39; ב&#39; ותפרשו כל עצתו וגו ˙ לא בראתי אותה"
                    HPOS="2798.0"
                    VPOS="1592.0"
                    WIDTH="1444.0"
                    HEIGHT="210.0"></String>
          </TextLine>

          
          
          <TextLine ID="eSc_line_ddb83445"
                    
                    BASELINE="2826 1808 3220 1802 3443 1830 3815 1825 4053 1847 4256 1886" 
                    HPOS="2821.0"
                    VPOS="1730.0"
                    WIDTH="1432.0"
                    HEIGHT="206.0">
            <Shape><Polygon POINTS="2821 1802 2832 1764 3026 1764 3059 1730 3143 1764 3232 1741 3531 1769 3620 1741 3659 1780 3709 1764 4176 1808 4253 1880 4120 1936 3837 1908 3798 1869 3670 1902 3448 1880 2854 1891 2826 1863"/></Shape>
	    <String CONTENT="מן הראש והרי מקלת ראשה שנ&#39; ותלכנה"
                    HPOS="2821.0"
                    VPOS="1730.0"
                    WIDTH="1432.0"
                    HEIGHT="206.0"></String>
          </TextLine>

          
          
          <TextLine ID="eSc_line_6e7bb51b"
                    
                    BASELINE="2826 1936 3287 1936 3565 1963 3992 1958 4245 2008" 
                    HPOS="2821.0"
                    VPOS="1869.0"
                    WIDTH="1421.0"
                    HEIGHT="189.0">
            <Shape><Polygon POINTS="2821 1930 2843 1897 2898 1886 3665 1902 3792 1869 3826 1902 3920 1919 4165 1924 4209 1958 4231 1947 4242 2002 4226 2041 4198 2024 4153 2058 3704 2019 3631 2035 3543 2002 3504 2030 3182 2008 2826 2019"/></Shape>
	    <String CONTENT="נטויותגרון ולא מן העין והרי היא סקרנית"
                    HPOS="2821.0"
                    VPOS="1869.0"
                    WIDTH="1421.0"
                    HEIGHT="189.0"></String>
          </TextLine>

          
          
          <TextLine ID="eSc_line_1506fd57"
                    
                    BASELINE="2754 2058 2826 2074 3287 2069 3587 2096 4245 2124" 
                    HPOS="2748.0"
                    VPOS="2019.0"
                    WIDTH="1494.0"
                    HEIGHT="172.0">
            <Shape><Polygon POINTS="2748 2052 2815 2019 3787 2024 4165 2052 4242 2119 4187 2169 4103 2191 3920 2180 3887 2146 3826 2169 3304 2163 3265 2124 3193 2163 2971 2169 2854 2141 2821 2174 2754 2102"/></Shape>
	    <String CONTENT="שנ&#39; ומסקרות עינים ולא מן האוזן ˙ והרי היא"
                    HPOS="2748.0"
                    VPOS="2019.0"
                    WIDTH="1494.0"
                    HEIGHT="172.0"></String>
          </TextLine>

          
          
          <TextLine ID="eSc_line_9caec93f"
                    
                    BASELINE="2821 2196 2898 2213 3742 2230 4245 2258" 
                    HPOS="2815.0"
                    VPOS="2130.0"
                    WIDTH="1427.0"
                    HEIGHT="199.0">
            <Shape><Polygon POINTS="2815 2191 2854 2141 2904 2169 3126 2169 3226 2163 3265 2130 3304 2169 3620 2174 3842 2169 3870 2146 3909 2180 4176 2191 4242 2257 4126 2329 4020 2307 3642 2307 3615 2285 2943 2302 2821 2241"/></Shape>
	    <String CONTENT="צייתנית שנ&#39; ושרה שומעת ולא מן הפה [וה&#39;]"
                    HPOS="2815.0"
                    VPOS="2130.0"
                    WIDTH="1427.0"
                    HEIGHT="199.0"></String>
          </TextLine>

          
          
          <TextLine ID="eSc_line_ef932792"
                    
                    BASELINE="2821 2329 3348 2352 3415 2363 3770 2357 4214 2398 4291 2387" 
                    HPOS="2815.0"
                    VPOS="2257.0"
                    WIDTH="1472.0"
                    HEIGHT="200.0">
            <Shape><Polygon POINTS="2815 2324 2826 2257 2954 2302 3570 2307 3615 2285 3648 2307 4176 2324 4231 2385 4287 2385 4187 2457 4115 2429 4081 2451 3959 2446 3909 2402 3865 2446 3248 2435 3187 2407 3148 2435 2909 2440 2821 2385"/></Shape>
	    <String CONTENT="והרי היא דברנית שנ&#39; ותדבר מרים ואהרן [ול&#39;]"
                    HPOS="2815.0"
                    VPOS="2257.0"
                    WIDTH="1472.0"
                    HEIGHT="200.0"></String>
          </TextLine>

          
          
          <TextLine ID="eSc_line_fda8d4c4"
                    
                    BASELINE="2798 2485 3187 2485 3259 2496 3981 2490 4314 2520" 
                    HPOS="2793.0"
                    VPOS="2413.0"
                    WIDTH="1516.0"
                    HEIGHT="177.0">
            <Shape><Polygon POINTS="2793 2479 2843 2429 3143 2435 3187 2413 3215 2435 3737 2429 3859 2451 3903 2413 3942 2451 4148 2440 4309 2518 4248 2518 4181 2585 4109 2551 4026 2585 3787 2579 3726 2524 3681 2568 3393 2568 3370 2590 3343 2568 2971 2562 2926 2529 2859 2568 2798 2513"/></Shape>
	    <String CONTENT="ולא מן הלב והרי היא קונתנית שנ&#39; ותקנא"
                    HPOS="2793.0"
                    VPOS="2413.0"
                    WIDTH="1516.0"
                    HEIGHT="177.0"></String>
          </TextLine>

          
          
          <TextLine ID="eSc_line_0fe7e850"
                    
                    BASELINE="2754 2612 3032 2612 3215 2629 4308 2637" 
                    HPOS="2748.0"
                    VPOS="2524.0"
                    WIDTH="1555.0"
                    HEIGHT="188.0">
            <Shape><Polygon POINTS="2748 2607 2832 2557 3343 2568 3365 2590 3681 2574 3742 2524 3826 2585 4042 2590 4103 2551 4303 2635 4192 2701 4115 2679 4059 2712 3443 2690 3420 2712 2976 2707 2798 2696 2754 2651"/></Shape>
	    <String CONTENT="והל באחותה ולא מן הרגל והרי היא פרסנית"
                    HPOS="2748.0"
                    VPOS="2524.0"
                    WIDTH="1555.0"
                    HEIGHT="188.0"></String>
          </TextLine>

          
          
          <TextLine ID="eSc_line_96ba56aa"
                    
                    BASELINE="2798 2740 3209 2751 3276 2768 3348 2757 3926 2762 4264 2765" 
                    HPOS="2793.0"
                    VPOS="2684.0"
                    WIDTH="1466.0"
                    HEIGHT="156.0">
            <Shape><Polygon POINTS="2793 2734 2804 2696 4076 2712 4120 2684 4198 2701 4259 2762 4142 2840 3915 2840 3881 2818 3359 2829 3337 2807 3304 2834 2893 2829 2859 2807 2798 2834"/></Shape>
	    <String CONTENT="שנ&#39; ותצא דינה בת לאה ולא מן היך והרי היא"
                    HPOS="2793.0"
                    VPOS="2684.0"
                    WIDTH="1466.0"
                    HEIGHT="156.0"></String>
          </TextLine>

          
          
          <TextLine ID="eSc_line_b532d84b"
                    
                    BASELINE="2776 2879 2921 2868 3304 2868 3631 2884 4259 2873" 
                    HPOS="2771.0"
                    VPOS="2801.0"
                    WIDTH="1482.0"
                    HEIGHT="166.0">
            <Shape><Polygon POINTS="2771 2873 2776 2840 2809 2845 2854 2807 2921 2829 3293 2834 3332 2801 3376 2834 4103 2834 4214 2840 4253 2868 4237 2962 4048 2967 4003 2923 3953 2967 3381 2956 3354 2934 2926 2956 2882 2923 2843 2940 2776 2890"/></Shape>
	    <String CONTENT="ממשמשנית שנ&#39; ותגגב רחל את התרפים [א&#39;]"
                    HPOS="2771.0"
                    VPOS="2801.0"
                    WIDTH="1482.0"
                    HEIGHT="166.0"></String>
          </TextLine>

          
          
          <TextLine ID="eSc_line_81b499cd"
                    
                    BASELINE="2776 2995 3059 2995 3198 3006 4065 3006 4259 2990" 
                    HPOS="2771.0"
                    VPOS="2923.0"
                    WIDTH="1482.0"
                    HEIGHT="166.0">
            <Shape><Polygon POINTS="2771 2990 2871 2923 2932 2962 3276 2956 3354 2934 3387 2956 3998 2973 4176 2956 4253 2984 4237 3089 3798 3084 3731 3056 3687 3078 3415 3078 3381 3045 3326 3078 3082 3078 3054 3051 2993 3078 2921 3073 2798 2990"/></Shape>
	    <String CONTENT="אשר לאביה ומאיכן היה ר&#39; הונא בשם ר&#39;"
                    HPOS="2771.0"
                    VPOS="2923.0"
                    WIDTH="1482.0"
                    HEIGHT="166.0"></String>
          </TextLine>

          
          
          <TextLine ID="eSc_line_f4fe45c9"
                    
                    BASELINE="2776 3128 3232 3128 3304 3139 3859 3139 4306 3133" 
                    HPOS="2771.0"
                    VPOS="3034.0"
                    WIDTH="1532.0"
                    HEIGHT="189.0">
            <Shape><Polygon POINTS="2771 3123 2871 3034 2915 3078 3021 3078 3048 3051 3076 3078 3320 3084 3381 3045 3431 3084 3465 3067 3581 3089 3687 3084 3731 3056 3759 3084 4209 3084 4253 3128 4303 3128 4287 3162 4264 3145 4187 3212 4026 3223 3859 3217 3820 3184 3720 3217 3543 3184 3426 3212 3021 3212 2982 3173 2893 3217 2776 3123"/></Shape>
	    <String CONTENT="אבא הכהן ברדליה מייתי לה מהכא למם [מ&#39;]"
                    HPOS="2771.0"
                    VPOS="3034.0"
                    WIDTH="1532.0"
                    HEIGHT="189.0"></String>
          </TextLine>

          
          
          <TextLine ID="eSc_line_0e106b2c"
                    
                    BASELINE="2787 3261 3165 3261 3493 3273 4245 3283 4311 3266" 
                    HPOS="2782.0"
                    VPOS="3173.0"
                    WIDTH="1527.0"
                    HEIGHT="188.0">
            <Shape><Polygon POINTS="2782 3256 2854 3195 2926 3217 2982 3173 3026 3217 3570 3200 3670 3223 3787 3217 3826 3189 3909 3228 4203 3217 4309 3261 4203 3350 4137 3311 4053 3361 3942 3328 3909 3356 3831 3350 3748 3311 3615 3356 3470 3361 3354 3334 3176 3350 3137 3311 3098 3350 2876 3345 2787 3256"/></Shape>
	    <String CONTENT="מרעהו חסד ˙ ר&#39; יהודה ביר&#39; סימון מייתי לה [מ&#39;]"
                    HPOS="2782.0"
                    VPOS="3173.0"
                    WIDTH="1527.0"
                    HEIGHT="188.0"></String>
          </TextLine>

          
          
          <TextLine ID="eSc_line_98dc34d3"
                    
                    BASELINE="2787 3395 3326 3395 3509 3406 4295 3405" 
                    HPOS="2782.0"
                    VPOS="3306.0"
                    WIDTH="1510.0"
                    HEIGHT="183.0">
            <Shape><Polygon POINTS="2782 3389 2815 3306 2887 3356 3054 3356 3076 3334 3665 3356 3704 3317 3770 3311 3809 3350 3859 3356 3909 3356 3942 3322 4020 3356 4214 3350 4292 3400 4214 3478 4165 3461 4103 3483 4020 3450 3987 3483 3443 3467 2887 3489 2787 3417"/></Shape>
	    <String CONTENT="מהבא אל תתהלל מום מחר ריש בן לקיש [מ&#39;]"
                    HPOS="2782.0"
                    VPOS="3306.0"
                    WIDTH="1510.0"
                    HEIGHT="183.0"></String>
          </TextLine>

          
          
          <TextLine ID="eSc_line_1bb75a6f"
                    
                    BASELINE="2760 3528 3370 3528 3426 3539 4211 3549 4284 3532" 
                    HPOS="2754.0"
                    VPOS="3450.0"
                    WIDTH="1527.0"
                    HEIGHT="183.0">
            <Shape><Polygon POINTS="2754 3522 2843 3461 2915 3489 3443 3472 3815 3494 3987 3489 4026 3450 4059 3483 4214 3478 4281 3528 4209 3600 3809 3628 3737 3583 3654 3633 3504 3622 3465 3583 3409 3622 2915 3628 2859 3616 2765 3522"/></Shape>
	    <String CONTENT="מייתילה מהכא ויצבשם מזבח ר&#39; יהושע [דמ&#39;]"
                    HPOS="2754.0"
                    VPOS="3450.0"
                    WIDTH="1527.0"
                    HEIGHT="183.0"></String>
          </TextLine>

          
          
          <TextLine ID="eSc_line_d1d08ca6"
                    
                    BASELINE="2787 3672 3892 3672 4267 3660" 
                    HPOS="2782.0"
                    VPOS="3589.0"
                    WIDTH="1482.0"
                    HEIGHT="172.0">
            <Shape><Polygon POINTS="2782 3666 2871 3616 3431 3622 3465 3589 3498 3622 3670 3633 3720 3628 3759 3589 3809 3628 4226 3605 4264 3655 4231 3711 4176 3733 4148 3716 4120 3744 3992 3755 3865 3727 3781 3761 3637 3733 3554 3755 3204 3750 3182 3727 3154 3750 3026 3750 2987 3711 2943 3750 2893 3750 2804 3666"/></Shape>
	    <String CONTENT="דסכנין בשם ר&#39; לוי מייתי לה מן הבא ותפרעו"
                    HPOS="2782.0"
                    VPOS="3589.0"
                    WIDTH="1482.0"
                    HEIGHT="172.0"></String>
          </TextLine>

          
          
          <TextLine ID="eSc_line_d01fc01b"
                    
                    BASELINE="2760 3783 3282 3794 3393 3805 4048 3788 4103 3777 4295 3793" 
                    HPOS="2754.0"
                    VPOS="3711.0"
                    WIDTH="1538.0"
                    HEIGHT="172.0">
            <Shape><Polygon POINTS="2754 3777 2793 3772 2854 3711 2932 3755 2987 3711 3032 3755 3154 3755 3176 3733 3315 3755 3804 3755 3865 3722 3920 3722 3948 3750 4076 3750 4148 3711 4292 3788 4203 3861 3798 3877 3765 3849 3731 3883 3165 3877 3065 3855 2982 3877 2943 3838 2909 3872 2826 3872 2760 3811"/></Shape>
	    <String CONTENT="כל עצתי כלהם בטעם המפורש למעלה ˙ות&#39;"
                    HPOS="2754.0"
                    VPOS="3711.0"
                    WIDTH="1538.0"
                    HEIGHT="172.0"></String>
          </TextLine>

          
          
          <TextLine ID="eSc_line_5bc2aecf"
                    
                    BASELINE="2793 3916 3648 3927 4015 3910 4284 3920" 
                    HPOS="2787.0"
                    VPOS="3849.0"
                    WIDTH="1494.0"
                    HEIGHT="167.0">
            <Shape><Polygon POINTS="2787 3910 2798 3877 2909 3883 2943 3849 2976 3883 3137 3861 3204 3883 3609 3877 3754 3899 3781 3877 4176 3861 4237 3866 4281 3916 4264 4016 4198 3983 4003 3977 3970 4005 3837 3983 3809 4010 3537 4010 3509 3983 3398 4010 3159 4005 3120 3983 3076 4005 2932 4005 2909 3983 2871 4010 2793 3966"/></Shape>
	    <String CONTENT="ותצא דינה בת לאה ר&#39; ברכיה בשם ר&#39; לוי לאחד"
                    HPOS="2787.0"
                    VPOS="3849.0"
                    WIDTH="1494.0"
                    HEIGHT="167.0"></String>
          </TextLine>

          
          
          <TextLine ID="eSc_line_dc2d38b9"
                    
                    BASELINE="2782 4055 2865 4044 2921 4055 3615 4055 3681 4044 4278 4054" 
                    HPOS="2776.0"
                    VPOS="3983.0"
                    WIDTH="1500.0"
                    HEIGHT="172.0">
            <Shape><Polygon POINTS="2776 4049 2909 3988 2932 4010 3454 4016 3498 3983 3531 4010 3698 4016 3809 4016 3837 3988 3876 4010 4214 3988 4276 4049 4148 4127 3581 4149 3543 4121 3509 4155 3270 4127 2865 4149 2782 4066"/></Shape>
	    <String CONTENT="שהיה כידו ליטרא של בשר וכיון שגילה"
                    HPOS="2776.0"
                    VPOS="3983.0"
                    WIDTH="1500.0"
                    HEIGHT="172.0"></String>
          </TextLine>

          
          
          <TextLine ID="eSc_line_7cc7bf0b"
                    
                    BASELINE="2826 4193 3665 4193 3854 4188 3920 4177 4109 4182 4330 4166" 
                    HPOS="2821.0"
                    VPOS="4121.0"
                    WIDTH="1505.0"
                    HEIGHT="167.0">
            <Shape><Polygon POINTS="2821 4188 2843 4143 3520 4155 3543 4132 3765 4149 4209 4121 4248 4155 4326 4160 4165 4249 3848 4282 3454 4288 3359 4260 3282 4282 2887 4277 2832 4243"/></Shape>
	    <String CONTENT="אותה בא העוף וחטפה כך ותצא רנה בת"
                    HPOS="2821.0"
                    VPOS="4121.0"
                    WIDTH="1505.0"
                    HEIGHT="167.0"></String>
          </TextLine>

          
          
          <TextLine ID="eSc_line_387e387c"
                    
                    BASELINE="2771 4327 3731 4327 3798 4321 3854 4304 3909 4315 4026 4310 4092 4321 4236 4304 4319 4304" 
                    HPOS="2765.0"
                    VPOS="4227.0"
                    WIDTH="1549.0"
                    HEIGHT="194.0">
            <Shape><Polygon POINTS="2765 4321 2837 4266 3298 4282 3359 4260 3381 4282 3826 4288 4159 4260 4192 4227 4264 4293 4314 4299 4281 4299 4170 4399 4131 4382 4103 4404 3776 4421 2865 4410 2776 4321"/></Shape>
	    <String CONTENT="לאהמיך וידא אותה שכם ר&#39; שמוא&#39; בר נחמ&#39;"
                    HPOS="2765.0"
                    VPOS="4227.0"
                    WIDTH="1549.0"
                    HEIGHT="194.0"></String>
          </TextLine>

          
          
          <TextLine ID="eSc_line_4340534f"
                    
                    BASELINE="2760 4460 3087 4460 3170 4476 3232 4465 3387 4471 3776 4460 3898 4438 4291 4454" 
                    HPOS="2754.0"
                    VPOS="4382.0"
                    WIDTH="1533.0"
                    HEIGHT="172.0">
            <Shape><Polygon POINTS="2754 4454 2815 4410 3848 4415 4126 4382 4209 4382 4287 4449 4187 4515 3876 4548 3765 4526 3676 4548 3631 4504 3581 4554 2809 4548 2760 4499"/></Shape>
	    <String CONTENT="אמ&#39; שגריבה דרעה ויקח אותה וישכב אותה"
                    HPOS="2754.0"
                    VPOS="4382.0"
                    WIDTH="1533.0"
                    HEIGHT="172.0"></String>
          </TextLine>

          
          
          <TextLine ID="eSc_line_07d07775"
                    
                    BASELINE="2776 4593 3848 4593 4031 4576 4314 4565" 
                    HPOS="2771.0"
                    VPOS="4510.0"
                    WIDTH="1538.0"
                    HEIGHT="172.0">
            <Shape><Polygon POINTS="2771 4587 2837 4548 3581 4560 3631 4510 3687 4560 4181 4515 4309 4560 4187 4648 3870 4682 2932 4682 2848 4676 2782 4609"/></Shape>
	    <String CONTENT="ויעניה כדרבה ושלא כדרכה ˙ ויעקב שמע"
                    HPOS="2771.0"
                    VPOS="4510.0"
                    WIDTH="1538.0"
                    HEIGHT="172.0"></String>
          </TextLine>

          
          
          <TextLine ID="eSc_line_f79d754d"
                    
                    BASELINE="2821 4726 3792 4726 3926 4709 3987 4715 4291 4693" 
                    HPOS="2815.0"
                    VPOS="4643.0"
                    WIDTH="1472.0"
                    HEIGHT="172.0">
            <Shape><Polygon POINTS="2815 4720 2859 4676 3337 4698 3376 4670 3448 4693 3481 4670 3926 4682 4192 4643 4287 4687 4181 4776 3903 4809 3148 4815 2843 4804 2821 4781"/></Shape>
	    <String CONTENT="כי טמא את דינה בתו וגו&#39; ה&#39;ה ואיש תבונות"
                    HPOS="2815.0"
                    VPOS="4643.0"
                    WIDTH="1472.0"
                    HEIGHT="172.0"></String>
          </TextLine>

          
          
          <TextLine ID="eSc_line_b60eaf74"
                    
                    BASELINE="2848 4848 3504 4859 3654 4842 3959 4848 4264 4820 4336 4831" 
                    HPOS="2843.0"
                    VPOS="4776.0"
                    WIDTH="1488.0"
                    HEIGHT="161.0">
            <Shape><Polygon POINTS="2843 4842 2848 4809 2887 4798 3537 4815 4137 4776 4220 4776 4253 4809 4314 4804 4331 4826 4287 4820 4198 4898 4165 4881 4126 4909 3892 4931 3837 4898 3776 4937 2854 4926"/></Shape>
	    <String CONTENT="גחויש ˙ ובני יעקב באו מן השדה כשמעם"
                    HPOS="2843.0"
                    VPOS="4776.0"
                    WIDTH="1488.0"
                    HEIGHT="161.0"></String>
          </TextLine>

          
          
          <TextLine ID="eSc_line_f3c6a753"
                    
                    BASELINE="2798 4981 3826 4981 4291 4948" 
                    HPOS="2793.0"
                    VPOS="4887.0"
                    WIDTH="1494.0"
                    HEIGHT="188.0">
            <Shape><Polygon POINTS="2793 4976 2843 4931 3920 4937 4126 4915 4148 4887 4220 4892 4287 4942 4220 5020 3948 5059 3815 5059 3781 5031 3692 5070 3359 5042 3332 5064 3093 5075 2843 5048 2804 5009"/></Shape>
	    <String CONTENT="וגו&#39; ˙ איסי בן יהודה אומ&#39; חמשה מקראות"
                    HPOS="2793.0"
                    VPOS="4887.0"
                    WIDTH="1494.0"
                    HEIGHT="188.0"></String>
          </TextLine>

          
          
          <TextLine ID="eSc_line_2c673cee"
                    
                    BASELINE="2798 5120 3637 5114 4137 5092 4286 5075" 
                    HPOS="2793.0"
                    VPOS="5037.0"
                    WIDTH="1488.0"
                    HEIGHT="161.0">
            <Shape><Polygon POINTS="2793 5114 2832 5059 2926 5059 2948 5081 3037 5064 3076 5087 3220 5081 3276 5053 3376 5081 3515 5053 3670 5075 3759 5042 3898 5070 3942 5048 3998 5064 4209 5037 4281 5070 4270 5142 4209 5142 4142 5181 3520 5170 3487 5192 3387 5170 3354 5198 3282 5175 3165 5198 2798 5164"/></Shape>
	    <String CONTENT="בתורה שאין להם הכרע ואילו הן שאתר&#39;"
                    HPOS="2793.0"
                    VPOS="5037.0"
                    WIDTH="1488.0"
                    HEIGHT="161.0"></String>
          </TextLine>

          
        </TextBlock>
        
        <TextBlock HPOS="914.0"
                   VPOS="647.0"
                   WIDTH="1584.0"
                   HEIGHT="4586.0"
                   ID="eSc_textblock_bca3db9f"
                   TAGREFS="BT2">
          <Shape><Polygon POINTS="2424 5233 2498 5188 2453 650 917 647 914 5203 2424 5233"/></Shape>
          
          
          <TextLine ID="eSc_line_1a859a49"
                    
                    BASELINE="960 771 1116 760 1177 765 2376 748 2501 764" 
                    HPOS="955.0"
                    VPOS="649.0"
                    WIDTH="1544.0"
                    HEIGHT="210.0">
            <Shape><Polygon POINTS="955 765 960 676 1060 660 1088 682 1349 682 1482 654 1504 671 1893 649 1932 671 2404 649 2482 665 2499 760 2487 798 2243 798 2171 848 1782 854 1710 815 1654 848 1599 809 1482 809 1371 859 1332 821 1288 859 1010 859 966 815"/></Shape>
	    <String CONTENT="ארור מחר שמקדים וקם ˙ שאת או שאת"
                    HPOS="955.0"
                    VPOS="649.0"
                    WIDTH="1544.0"
                    HEIGHT="210.0"></String>
          </TextLine>

          
          
          <TextLine ID="eSc_line_c39bdc3b"
                    
                    BASELINE="938 904 1388 904 1499 893 2049 898 2115 887 2479 886" 
                    HPOS="932.0"
                    VPOS="787.0"
                    WIDTH="1544.0"
                    HEIGHT="206.0">
            <Shape><Polygon POINTS="932 898 960 859 1321 859 1477 821 1549 843 1666 843 1704 815 1738 843 2165 848 2237 787 2299 843 2399 832 2476 882 2404 948 2265 943 2210 981 1227 970 1143 993 1082 965 982 993 938 948"/></Shape>
	    <String CONTENT="אם לא תטיב אינו אומ&#39; כן אלא הלא אם תיטיב"
                    HPOS="932.0"
                    VPOS="787.0"
                    WIDTH="1544.0"
                    HEIGHT="206.0"></String>
          </TextLine>

          
          
          <TextLine ID="eSc_line_cfdc605b"
                    
                    BASELINE="960 1042 1516 1037 1582 1026 2479 1041" 
                    HPOS="955.0"
                    VPOS="965.0"
                    WIDTH="1521.0"
                    HEIGHT="161.0">
            <Shape><Polygon POINTS="955 1037 999 993 1049 1004 1088 965 1160 998 1232 970 1927 993 2410 970 2476 1037 2376 1103 2065 1126 1899 1103 1360 1109 1305 1076 1238 1115 1105 1120 1055 1098 1005 1126 960 1081"/></Shape>
	    <String CONTENT="שאת ארור או ארור אפס אינו אומ&#39; אלא"
                    HPOS="955.0"
                    VPOS="965.0"
                    WIDTH="1521.0"
                    HEIGHT="161.0"></String>
          </TextLine>

          
          
          <TextLine ID="eSc_line_1df37783"
                    
                    BASELINE="971 1164 1421 1159 2445 1174 2523 1158" 
                    HPOS="966.0"
                    VPOS="1092.0"
                    WIDTH="1555.0"
                    HEIGHT="167.0">
            <Shape><Polygon POINTS="966 1159 1055 1109 1288 1120 1316 1092 2054 1126 2421 1103 2471 1153 2521 1153 2471 1164 2393 1242 2237 1253 1682 1242 1643 1220 1466 1248 1343 1209 1299 1248 1099 1259 1038 1248 971 1181"/></Shape>
	    <String CONTENT="אדור אפם כי ען ˙ צא הלחם בעמלק מחר או"
                    HPOS="966.0"
                    VPOS="1092.0"
                    WIDTH="1555.0"
                    HEIGHT="167.0"></String>
          </TextLine>

          
          
          <TextLine ID="eSc_line_8e62cba3"
                    
                    BASELINE="988 1298 1377 1292 2484 1308" 
                    HPOS="982.0"
                    VPOS="1209.0"
                    WIDTH="1500.0"
                    HEIGHT="177.0">
            <Shape><Polygon POINTS="982 1292 988 1253 1255 1259 1371 1209 1404 1242 1543 1248 1638 1220 1688 1248 2404 1242 2482 1303 2465 1386 2210 1386 2188 1364 2149 1386 988 1364"/></Shape>
	    <String CONTENT="מחר אנכי נצב אינו אומ&#39; כאן אלא מחר אנכי"
                    HPOS="982.0"
                    VPOS="1209.0"
                    WIDTH="1500.0"
                    HEIGHT="177.0"></String>
          </TextLine>

          
          
          <TextLine ID="eSc_line_53e237ce"
                    
                    BASELINE="982 1420 1077 1420 1132 1436 1205 1425 2507 1435" 
                    HPOS="977.0"
                    VPOS="1359.0"
                    WIDTH="1527.0"
                    HEIGHT="161.0">
            <Shape><Polygon POINTS="977 1414 1010 1375 1127 1370 2054 1392 2149 1386 2182 1359 2215 1386 2404 1375 2504 1431 2471 1431 2393 1503 2132 1520 1721 1514 1627 1475 1516 1514 1393 1514 1338 1475 1282 1520 1132 1508 1105 1481 1021 1514 982 1486"/></Shape>
	    <String CONTENT="נצבעל ראש הגבעה ˙ משוקדים משוקדים"
                    HPOS="977.0"
                    VPOS="1359.0"
                    WIDTH="1527.0"
                    HEIGHT="161.0"></String>
          </TextLine>

          
          
          <TextLine ID="eSc_line_18d24f6c"
                    
                    BASELINE="938 1553 2495 1574" 
                    HPOS="932.0"
                    VPOS="1475.0"
                    WIDTH="1561.0"
                    HEIGHT="178.0">
            <Shape><Polygon POINTS="932 1547 1005 1520 1293 1514 1349 1475 1416 1520 1593 1508 1621 1481 1715 1520 1843 1525 2399 1503 2493 1569 2460 1569 2393 1636 2265 1647 2221 1614 2143 1653 1371 1647 1349 1625 1077 1653 1038 1619 966 1653 938 1625"/></Shape>
	    <String CONTENT="כפתוריה פרחיה אינו אומ&#39; באן אלא משוקדים"
                    HPOS="932.0"
                    VPOS="1475.0"
                    WIDTH="1561.0"
                    HEIGHT="178.0"></String>
          </TextLine>

          
          
          <TextLine ID="eSc_line_7fcf727d"
                    
                    BASELINE="960 1697 2479 1707" 
                    HPOS="955.0"
                    VPOS="1636.0"
                    WIDTH="1521.0"
                    HEIGHT="150.0">
            <Shape><Polygon POINTS="955 1691 988 1653 1105 1647 1538 1636 1882 1658 2393 1636 2449 1658 2476 1703 2460 1786 2404 1764 1810 1786 1777 1753 1732 1786 1477 1758 1044 1786 960 1736"/></Shape>
	    <String CONTENT="כפתודיה ופרחיה ˙ הנך שובב עם אבותיך וקם"
                    HPOS="955.0"
                    VPOS="1636.0"
                    WIDTH="1521.0"
                    HEIGHT="150.0"></String>
          </TextLine>

          
          
          <TextLine ID="eSc_line_f0b25bf7"
                    
                    BASELINE="927 1814 999 1830 2276 1825 2479 1846" 
                    HPOS="921.0"
                    VPOS="1747.0"
                    WIDTH="1555.0"
                    HEIGHT="161.0">
            <Shape><Polygon POINTS="921 1808 988 1764 1732 1780 1777 1747 1810 1780 2399 1764 2460 1791 2476 1841 2404 1891 2260 1908 1177 1908 1005 1902 927 1836"/></Shape>
	    <String CONTENT="או וקם איני אומ&#39; אלאוקם העם הזה ר&#39; תנחומ&#39;"
                    HPOS="921.0"
                    VPOS="1747.0"
                    WIDTH="1555.0"
                    HEIGHT="161.0"></String>
          </TextLine>

          
          
          <TextLine ID="eSc_line_f08dae58"
                    
                    BASELINE="916 1952 1243 1952 1421 1963 2038 1958 2165 1969 2221 1952 2495 1962" 
                    HPOS="910.0"
                    VPOS="1880.0"
                    WIDTH="1583.0"
                    HEIGHT="167.0">
            <Shape><Polygon POINTS="910 1947 971 1880 1005 1913 2421 1897 2493 1958 2410 2024 2321 2035 2076 2019 1599 2047 1521 2008 1482 2047 1177 2047 1060 2041 1010 2002 955 2047 916 2008"/></Shape>
	    <String CONTENT="מוסיף עור חד ובני יעקב באו מן השדה"
                    HPOS="910.0"
                    VPOS="1880.0"
                    WIDTH="1583.0"
                    HEIGHT="167.0"></String>
          </TextLine>

          
          
          <TextLine ID="eSc_line_9fbd1c58"
                    
                    BASELINE="949 2074 1355 2085 1427 2096 2065 2096 2121 2085 2484 2095" 
                    HPOS="944.0"
                    VPOS="1997.0"
                    WIDTH="1538.0"
                    HEIGHT="183.0">
            <Shape><Polygon POINTS="944 2069 1010 1997 1049 2035 1232 2052 1482 2041 1527 2002 1582 2047 2399 2024 2465 2041 2482 2091 2415 2146 2199 2174 2032 2169 1965 2135 1921 2174 1743 2174 1721 2152 1688 2174 1577 2174 1466 2146 1443 2169 1232 2180 1199 2152 1177 2174 999 2157 949 2113"/></Shape>
	    <String CONTENT="או כשמעם אינו אומ&#39; כן אלא כשמעם אפילו"
                    HPOS="944.0"
                    VPOS="1997.0"
                    WIDTH="1538.0"
                    HEIGHT="183.0"></String>
          </TextLine>

          
          
          <TextLine ID="eSc_line_23c1f1dc"
                    
                    BASELINE="921 2219 1332 2219 1399 2230 2110 2230 2460 2213" 
                    HPOS="916.0"
                    VPOS="2135.0"
                    WIDTH="1538.0"
                    HEIGHT="183.0">
            <Shape><Polygon POINTS="916 2219 994 2169 1432 2180 1471 2152 1499 2174 1927 2174 1965 2135 2004 2169 2126 2180 2410 2163 2454 2207 2410 2307 2304 2313 2199 2280 2160 2318 1266 2313 1238 2285 1055 2302 944 2219"/></Shape>
	    <String CONTENT="באומות העולם שמשעה שלקה העולם בדור"
                    HPOS="916.0"
                    VPOS="2135.0"
                    WIDTH="1538.0"
                    HEIGHT="183.0"></String>
          </TextLine>

          
          
          <TextLine ID="eSc_line_f05aa459"
                    
                    BASELINE="905 2352 1321 2352 1593 2363 2310 2363 2501 2365" 
                    HPOS="899.0"
                    VPOS="2274.0"
                    WIDTH="1600.0"
                    HEIGHT="177.0">
            <Shape><Polygon POINTS="899 2346 977 2274 1021 2302 1510 2318 2160 2313 2215 2274 2282 2307 2404 2302 2499 2363 2482 2446 2426 2424 2243 2435 2215 2407 2126 2440 2043 2407 2004 2440 1638 2451 1560 2446 1516 2407 1477 2446 1421 2451 1255 2440 1193 2402 1127 2440 1077 2390 977 2429 905 2357"/></Shape>
	    <String CONTENT="המבול עמדו וגדרו עצמן מן הערוה וידבר [חמ&#39;]"
                    HPOS="899.0"
                    VPOS="2274.0"
                    WIDTH="1600.0"
                    HEIGHT="177.0"></String>
          </TextLine>

          
          
          <TextLine ID="eSc_line_ddcf8536"
                    
                    BASELINE="916 2485 1266 2485 1399 2496 2265 2496 2321 2485 2518 2504" 
                    HPOS="910.0"
                    VPOS="2390.0"
                    WIDTH="1605.0"
                    HEIGHT="189.0">
            <Shape><Polygon POINTS="910 2479 1077 2390 1132 2446 1188 2402 1249 2446 1471 2446 1516 2402 1560 2451 2004 2446 2043 2407 2088 2440 2421 2429 2515 2501 2476 2501 2426 2551 2382 2535 2315 2574 2082 2574 2032 2540 1993 2579 1721 2579 1660 2540 1610 2579 1571 2551 1504 2579 1454 2540 1349 2579 1132 2579 1071 2546 1021 2574 916 2479"/></Shape>
	    <String CONTENT="חמור אתם לאמר אמ&#39; ריש לקיש בשלש [לש&#39;]"
                    HPOS="910.0"
                    VPOS="2390.0"
                    WIDTH="1605.0"
                    HEIGHT="189.0"></String>
          </TextLine>

          
          
          <TextLine ID="eSc_line_d8201b39"
                    
                    BASELINE="944 2629 2423 2648 2495 2631" 
                    HPOS="938.0"
                    VPOS="2535.0"
                    WIDTH="1555.0"
                    HEIGHT="177.0">
            <Shape><Polygon POINTS="938 2623 988 2557 1027 2579 1099 2562 1121 2585 1355 2585 1466 2551 1516 2585 1566 2551 1616 2574 1654 2546 1688 2579 1860 2585 1999 2574 2049 2540 2110 2579 2293 2579 2393 2535 2493 2629 2404 2690 2332 2701 2049 2684 1510 2712 1205 2690 1027 2707 949 2629"/></Shape>
	    <String CONTENT="לשונות של חיבה חיבב [הנת הקב&#39;ה את ישר&#39; כד"
                    HPOS="938.0"
                    VPOS="2535.0"
                    WIDTH="1555.0"
                    HEIGHT="177.0"></String>
          </TextLine>

          
          
          <TextLine ID="eSc_line_bad96512"
                    
                    BASELINE="938 2751 1449 2751 1504 2762 2423 2781 2501 2765" 
                    HPOS="932.0"
                    VPOS="2668.0"
                    WIDTH="1567.0"
                    HEIGHT="177.0">
            <Shape><Polygon POINTS="932 2746 994 2668 1032 2707 1243 2712 2421 2696 2499 2762 2421 2812 2315 2834 2088 2829 2065 2807 2004 2834 1932 2812 1904 2834 1865 2795 1827 2834 1388 2845 1255 2840 1232 2812 1143 2834 1105 2807 994 2834 938 2779"/></Shape>
	    <String CONTENT="בדביקה ובחשיקה ובחפיצה בדביקה שנ&#39;ו"
                    HPOS="932.0"
                    VPOS="2668.0"
                    WIDTH="1567.0"
                    HEIGHT="177.0"></String>
          </TextLine>

          
          
          <TextLine ID="eSc_line_4a52a0bf"
                    
                    BASELINE="960 2884 1438 2884 1504 2895 1743 2895 1804 2884 2110 2879 2176 2868 2501 2892" 
                    HPOS="955.0"
                    VPOS="2801.0"
                    WIDTH="1544.0"
                    HEIGHT="166.0">
            <Shape><Polygon POINTS="955 2879 966 2845 1027 2818 1077 2840 1832 2840 1871 2801 1954 2834 2032 2807 2093 2834 2415 2812 2465 2862 2482 2851 2499 2890 2404 2956 2287 2962 2204 2929 2132 2962 1988 2956 1954 2923 1860 2967 1477 2945 1432 2967 1066 2962 960 2923"/></Shape>
	    <String CONTENT="ואשרי אתכם כל העמים] ואתם הדביקים בייי[]"
                    HPOS="955.0"
                    VPOS="2801.0"
                    WIDTH="1544.0"
                    HEIGHT="166.0"></String>
          </TextLine>

          
          
          <TextLine ID="eSc_line_6f15ddad"
                    
                    BASELINE="938 3006 2501 3025" 
                    HPOS="932.0"
                    VPOS="2923.0"
                    WIDTH="1567.0"
                    HEIGHT="172.0">
            <Shape><Polygon POINTS="932 3001 988 2940 1049 2967 1410 2973 1466 2945 1499 2967 1904 2967 1954 2923 1988 2956 2393 2951 2499 3023 2465 3023 2410 3078 1921 3073 1899 3095 1032 3095 938 3023"/></Shape>
	    <String CONTENT="בהשיקה שנ&#39; לא מרובכם מכל העמיםי"
                    HPOS="932.0"
                    VPOS="2923.0"
                    WIDTH="1567.0"
                    HEIGHT="172.0"></String>
          </TextLine>

          
          
          <TextLine ID="eSc_line_d1db3a78"
                    
                    BASELINE="966 3128 1243 3128 1421 3139 2138 3139 2276 3128 2507 3147" 
                    HPOS="960.0"
                    VPOS="3078.0"
                    WIDTH="1544.0"
                    HEIGHT="145.0">
            <Shape><Polygon POINTS="960 3123 1010 3084 2415 3078 2504 3145 2460 3150 2393 3212 2154 3223 1577 3212 1554 3189 1454 3223 1027 3217 966 3156"/></Shape>
	    <String CONTENT="בכם בחפיצה שנ&#39; ואשרי אתכם כל העמים כי"
                    HPOS="960.0"
                    VPOS="3078.0"
                    WIDTH="1544.0"
                    HEIGHT="145.0"></String>
          </TextLine>

          
          
          <TextLine ID="eSc_line_3c23cc03"
                    
                    BASELINE="938 3256 2004 3273 2518 3275" 
                    HPOS="932.0"
                    VPOS="3212.0"
                    WIDTH="1583.0"
                    HEIGHT="144.0">
            <Shape><Polygon POINTS="932 3250 1010 3212 2404 3212 2476 3261 2504 3245 2515 3273 2482 3273 2399 3345 2293 3311 2254 3350 1454 3356 1027 3345 944 3256"/></Shape>
	    <String CONTENT="תהין אתם ארץ חפץ ואנו למידין מפרשתו"
                    HPOS="932.0"
                    VPOS="3212.0"
                    WIDTH="1583.0"
                    HEIGHT="144.0"></String>
          </TextLine>

          
          
          <TextLine ID="eSc_line_85a91045"
                    
                    BASELINE="938 3395 1499 3395 1560 3406 2287 3406 2343 3395 2484 3414" 
                    HPOS="932.0"
                    VPOS="3306.0"
                    WIDTH="1550.0"
                    HEIGHT="183.0">
            <Shape><Polygon POINTS="932 3389 999 3339 1327 3361 2099 3350 2254 3345 2293 3306 2337 3345 2432 3350 2482 3411 2387 3478 1677 3489 1071 3483 938 3422"/></Shape>
	    <String CONTENT="של רשע בדביקה ותדבק נפשו וגו&#39; ˙ בחשיקה"
                    HPOS="932.0"
                    VPOS="3306.0"
                    WIDTH="1550.0"
                    HEIGHT="183.0"></String>
          </TextLine>

          
          
          <TextLine ID="eSc_line_3510fac4"
                    
                    BASELINE="949 3517 1443 3528 1516 3539 2226 3539 2495 3541" 
                    HPOS="944.0"
                    VPOS="3472.0"
                    WIDTH="1549.0"
                    HEIGHT="156.0">
            <Shape><Polygon POINTS="944 3511 971 3478 1049 3472 2415 3478 2493 3539 2393 3611 1743 3600 1355 3622 1016 3594 949 3628"/></Shape>
	    <String CONTENT="שכם בני חשקה נפשו וגו&#39; בחפיצה כי חפץ בבת"
                    HPOS="944.0"
                    VPOS="3472.0"
                    WIDTH="1549.0"
                    HEIGHT="156.0"></String>
          </TextLine>

          
          
          <TextLine ID="eSc_line_cb5380aa"
                    
                    BASELINE="916 3661 1404 3661 1643 3672 2088 3666 2143 3677 2221 3661 2512 3680" 
                    HPOS="910.0"
                    VPOS="3600.0"
                    WIDTH="1600.0"
                    HEIGHT="150.0">
            <Shape><Polygon POINTS="910 3655 955 3650 1005 3600 1071 3622 2232 3600 2426 3611 2510 3677 2460 3677 2399 3739 2360 3744 1832 3727 1688 3750 1138 3750 1005 3744 916 3655"/></Shape>
	    <String CONTENT="יעקב ר&#39; אבא בר אלישיב מוסיף אף תרתין"
                    HPOS="910.0"
                    VPOS="3600.0"
                    WIDTH="1600.0"
                    HEIGHT="150.0"></String>
          </TextLine>

          
          
          <TextLine ID="eSc_line_4597aa07"
                    
                    BASELINE="916 3783 1399 3794 1516 3805 2501 3813" 
                    HPOS="910.0"
                    VPOS="3739.0"
                    WIDTH="1589.0"
                    HEIGHT="138.0">
            <Shape><Polygon POINTS="910 3777 955 3739 2393 3739 2499 3811 2432 3866 2349 3872 1888 3872 1810 3849 1732 3877 1510 3849 1460 3877 1366 3877 1260 3844 1227 3872 977 3866 916 3800"/></Shape>
	    <String CONTENT="באהכה ובדיבור באהבה שנ&#39; אהבתי אתכם אמר"
                    HPOS="910.0"
                    VPOS="3739.0"
                    WIDTH="1589.0"
                    HEIGHT="138.0"></String>
          </TextLine>

          
          
          <TextLine ID="eSc_line_8f2a3a67"
                    
                    BASELINE="949 3910 2523 3929" 
                    HPOS="944.0"
                    VPOS="3849.0"
                    WIDTH="1577.0"
                    HEIGHT="161.0">
            <Shape><Polygon POINTS="944 3905 1016 3855 1255 3877 1477 3877 1516 3849 1543 3872 1754 3877 1815 3849 1893 3872 2332 3877 2410 3855 2521 3927 2371 3955 2315 3999 1788 3999 1749 3960 1666 3999 1566 3977 1527 4005 1349 4010 1055 4005 949 3916"/></Shape>
	    <String CONTENT="ייי בדבור דברו על לב ירושלם ואנו למידין [א&#39;]"
                    HPOS="944.0"
                    VPOS="3849.0"
                    WIDTH="1577.0"
                    HEIGHT="161.0"></String>
          </TextLine>

          
          
          <TextLine ID="eSc_line_e2160975"
                    
                    BASELINE="944 4049 2501 4057" 
                    HPOS="938.0"
                    VPOS="3960.0"
                    WIDTH="1561.0"
                    HEIGHT="183.0">
            <Shape><Polygon POINTS="938 4044 1010 3972 1044 4005 1421 4005 1571 3983 1677 3999 1749 3960 1793 4005 2432 3994 2499 4055 2432 4110 2321 4127 1754 4138 1554 4127 1516 4099 1482 4132 1371 4127 1349 4105 1321 4127 1293 4105 1243 4143 1127 4143 1038 4138 944 4049"/></Shape>
	    <String CONTENT="אותם מן פרשתו של יעקב&#39; רשע באהבה [ויא&#39;]"
                    HPOS="938.0"
                    VPOS="3960.0"
                    WIDTH="1561.0"
                    HEIGHT="183.0"></String>
          </TextLine>

          
          
          <TextLine ID="eSc_line_30fb68b1"
                    
                    BASELINE="982 4182 2440 4196 2523 4207" 
                    HPOS="977.0"
                    VPOS="4105.0"
                    WIDTH="1544.0"
                    HEIGHT="172.0">
            <Shape><Polygon POINTS="977 4177 999 4132 1255 4143 1293 4105 1321 4127 1349 4110 1382 4132 1582 4138 2421 4121 2521 4205 2476 4205 2426 4254 2276 4266 1754 4271 1660 4221 1593 4271 1355 4266 1305 4238 1221 4277 1010 4266 982 4238"/></Shape>
	    <String CONTENT="ויאהב את הנערה בדבור וידבר על לב הנערה"
                    HPOS="977.0"
                    VPOS="4105.0"
                    WIDTH="1544.0"
                    HEIGHT="172.0"></String>
          </TextLine>

          
          
          <TextLine ID="eSc_line_0cd3c607"
                    
                    BASELINE="982 4315 2495 4334" 
                    HPOS="977.0"
                    VPOS="4216.0"
                    WIDTH="1516.0"
                    HEIGHT="188.0">
            <Shape><Polygon POINTS="977 4310 994 4271 1271 4271 1310 4232 1388 4277 1571 4271 1671 4216 1749 4271 2426 4260 2493 4332 2426 4388 1943 4382 1893 4404 1827 4382 1610 4399 1582 4376 1543 4399 1504 4360 1466 4399 1049 4404 982 4354"/></Shape>
	    <String CONTENT="ובייש אדם מדבר על לב אדם אלא דברים"
                    HPOS="977.0"
                    VPOS="4216.0"
                    WIDTH="1516.0"
                    HEIGHT="188.0"></String>
          </TextLine>

          
          
          <TextLine ID="eSc_line_13bf2a6c"
                    
                    BASELINE="982 4438 2410 4449 2487 4432" 
                    HPOS="977.0"
                    VPOS="4365.0"
                    WIDTH="1505.0"
                    HEIGHT="178.0">
            <Shape><Polygon POINTS="977 4438 1005 4388 1138 4410 1421 4388 1466 4404 1504 4365 1543 4404 1577 4382 1604 4404 1743 4382 2426 4388 2482 4426 2454 4487 2376 4521 2199 4493 2171 4521 1116 4543 1088 4515 1060 4537 982 4515"/></Shape>
	    <String CONTENT="שהן מנחמין את הלב ˙ אמ&#39; לה [כמה אביך [במ&#39;]"
                    HPOS="977.0"
                    VPOS="4365.0"
                    WIDTH="1505.0"
                    HEIGHT="178.0"></String>
          </TextLine>

          
          
          <TextLine ID="eSc_line_33c73cac"
                    
                    BASELINE="916 4587 1060 4576 2536 4586" 
                    HPOS="910.0"
                    VPOS="4493.0"
                    WIDTH="1622.0"
                    HEIGHT="189.0">
            <Shape><Polygon POINTS="910 4582 966 4537 1999 4537 2176 4521 2204 4493 2287 4526 2432 4521 2521 4548 2532 4582 2432 4648 2354 4654 2199 4621 2110 4654 1249 4670 1149 4637 1099 4676 994 4682 916 4609"/></Shape>
	    <String CONTENT="בשביל שדה אחד ראי כמה ממון הכריע באין"
                    HPOS="910.0"
                    VPOS="4493.0"
                    WIDTH="1622.0"
                    HEIGHT="189.0"></String>
          </TextLine>

          
          
          <TextLine ID="eSc_line_87b83da7"
                    
                    BASELINE="960 4704 2315 4715 2547 4708" 
                    HPOS="955.0"
                    VPOS="4643.0"
                    WIDTH="1588.0"
                    HEIGHT="161.0">
            <Shape><Polygon POINTS="955 4698 1021 4659 1171 4676 1205 4643 1260 4676 2199 4643 2432 4654 2476 4698 2543 4704 2482 4709 2399 4781 1504 4776 1216 4804 1155 4776 1127 4804 1055 4770 1021 4798 960 4748"/></Shape>
	    <String CONTENT="שיש במה בית נטע וכמה בית זרע על אחת"
                    HPOS="955.0"
                    VPOS="4643.0"
                    WIDTH="1588.0"
                    HEIGHT="161.0"></String>
          </TextLine>

          
          
          <TextLine ID="eSc_line_70d5b41e"
                    
                    BASELINE="949 4831 1021 4848 1788 4848 1976 4837 2254 4837 2326 4831 2547 4830" 
                    HPOS="944.0"
                    VPOS="4770.0"
                    WIDTH="1599.0"
                    HEIGHT="156.0">
            <Shape><Polygon POINTS="944 4826 999 4798 1132 4798 1160 4770 1227 4804 1277 4781 1449 4798 1504 4776 1793 4793 2171 4770 2426 4781 2543 4826 2437 4909 2160 4892 1727 4920 1682 4887 1649 4920 1388 4926 1293 4887 1249 4926 1082 4926 960 4831"/></Shape>
	    <String CONTENT="כמה וכמה ˙ והתחתנו אותנו וגו&#39; ˙ אמ&#39; ר&#39; אלעזר"
                    HPOS="944.0"
                    VPOS="4770.0"
                    WIDTH="1599.0"
                    HEIGHT="156.0"></String>
          </TextLine>

          
          
          <TextLine ID="eSc_line_d9a3bcd6"
                    
                    BASELINE="916 4965 999 4981 1221 4970 1938 4970 2110 4965 2171 4953 2410 4953 2487 4965" 
                    HPOS="910.0"
                    VPOS="4876.0"
                    WIDTH="1572.0"
                    HEIGHT="188.0">
            <Shape><Polygon POINTS="910 4959 1010 4876 1094 4931 1249 4926 1288 4887 1338 4926 1643 4920 1682 4887 1715 4920 2160 4898 2432 4915 2482 4959 2471 5003 2410 5048 2365 5048 2315 5009 2282 5042 2182 5031 2043 5059 1227 5059 1166 5031 1121 5064 999 5048 921 4981"/></Shape>
	    <String CONTENT="אין ישר&#39; נותן אצבעו לתוך פיו של גוי תחילה"
                    HPOS="910.0"
                    VPOS="4876.0"
                    WIDTH="1572.0"
                    HEIGHT="188.0"></String>
          </TextLine>

          
          
          <TextLine ID="eSc_line_05f4b963"
                    
                    BASELINE="988 5114 1521 5114 2482 5081" 
                    HPOS="982.0"
                    VPOS="5026.0"
                    WIDTH="1494.0"
                    HEIGHT="177.0">
            <Shape><Polygon POINTS="982 5109 988 5059 1060 5081 1188 5053 1243 5053 1271 5081 1349 5081 1393 5053 1438 5075 1593 5075 1627 5042 1682 5070 1760 5048 1810 5070 1893 5048 2260 5053 2310 5026 2376 5053 2460 5048 2476 5075 2465 5148 2354 5170 1999 5164 1976 5186 1810 5192 1627 5170 1604 5198 1460 5181 1388 5203 994 5203"/></Shape>
	    <String CONTENT="אלא אם כן נותן אצבעו בתוך פיו של ישר&#39;"
                    HPOS="982.0"
                    VPOS="5026.0"
                    WIDTH="1494.0"
                    HEIGHT="177.0"></String>
          </TextLine>

          
        </TextBlock>
        

        
      </PrintSpace>
    </Page>
  </Layout>
</alto>
