<?xml version="1.0" encoding="UTF-8"?>
<alto xmlns:xsi="http://www.w3.org/2001/XMLSchema-instance"
      xmlns="http://www.loc.gov/standards/alto/ns-v4#"
      xsi:schemaLocation="http://www.loc.gov/standards/alto/ns-v4# http://www.loc.gov/standards/alto/v4/alto-4-2.xsd">
  <Description>
    <MeasurementUnit>pixel</MeasurementUnit>
    <sourceImageInformation>
      <fileName>add_ms_16406_f146r.jpg</fileName>
      
    </sourceImageInformation>
  </Description>
  
  <Tags>
    <OtherTag ID="BT1" LABEL="Title" DESCRIPTION="block type Title"/><OtherTag ID="BT2" LABEL="Main" DESCRIPTION="block type Main"/><OtherTag ID="BT3" LABEL="Commentary" DESCRIPTION="block type Commentary"/><OtherTag ID="BT4" LABEL="Illustration" DESCRIPTION="block type Illustration"/><OtherTag ID="BT224" LABEL="Hole" DESCRIPTION="block type Hole"/><OtherTag ID="BT225" LABEL="Margin" DESCRIPTION="block type Margin"/><OtherTag ID="BT226" LABEL="Paratext" DESCRIPTION="block type Paratext"/>
    <OtherTag ID="LT2" LABEL="Numbering" DESCRIPTION="line type Numbering"/><OtherTag ID="LT3" LABEL="Correction" DESCRIPTION="line type Correction"/><OtherTag ID="LT329" LABEL="Gloss" DESCRIPTION="line type Gloss"/>
  </Tags>
  
  <Layout>
    <Page WIDTH="4588"
          HEIGHT="6400"
          PHYSICAL_IMG_NR="291"
          ID="eSc_dummypage_">
      <PrintSpace HPOS="0"
                  VPOS="0"
                  WIDTH="4588"
                  HEIGHT="6400">
        
        <TextBlock HPOS="2667.0"
                   VPOS="650.0"
                   WIDTH="1522.0"
                   HEIGHT="4551.0"
                   ID="eSc_textblock_4849fb15"
                   TAGREFS="BT2">
          <Shape><Polygon POINTS="3834 5201 4189 5173 4175 696 4146 664 2685 650 2667 5187 3834 5201"/></Shape>
          
          
          <TextLine ID="eSc_line_cb1b2fcc"
                    
                    BASELINE="2736 736 2880 730 3441 752 3739 752 3937 778 4065 773 4166 789" 
                    HPOS="2731.0"
                    VPOS="650.0"
                    WIDTH="1430.0"
                    HEIGHT="214.0">
            <Shape><Polygon POINTS="2731 736 2742 656 3035 650 3078 672 3152 650 3190 677 3387 677 3451 656 3473 688 3515 666 3745 698 3798 672 3915 693 4017 677 4081 709 4150 709 4161 784 4145 864 4027 864 3883 826 3803 837 3691 810 3643 826 3595 805 3222 832 3179 789 2960 816 2923 784 2822 810 2736 773"/></Shape>
	    <String CONTENT="עולת בהמה בשיסוע בכנפיו להכשיר [א&#39;]"
                    HPOS="2731.0"
                    VPOS="650.0"
                    WIDTH="1430.0"
                    HEIGHT="214.0"></String>
          </TextLine>

          
          
          <TextLine ID="eSc_line_e1a8546e"
                    
                    BASELINE="2715 869 2923 885 3403 880 3537 906 3713 901 4166 922" 
                    HPOS="2710.0"
                    VPOS="794.0"
                    WIDTH="1451.0"
                    HEIGHT="219.0">
            <Shape><Polygon POINTS="2710 864 2779 800 2848 816 2923 794 2960 832 3078 837 3115 800 3179 794 3232 848 3259 821 3291 848 3387 826 3473 848 3606 810 3835 874 3905 853 3985 880 4150 880 4161 917 4145 1002 4081 992 4027 1013 3691 949 3553 970 3531 949 3110 960 3072 922 3024 960 2987 938 2843 965 2811 928 2747 928 2715 896"/></Shape>
	    <String CONTENT="את העוף וה&#39;ד&#39;ה&#39; ומה אם במקום שהכשיר"
                    HPOS="2710.0"
                    VPOS="794.0"
                    WIDTH="1451.0"
                    HEIGHT="219.0"></String>
          </TextLine>

          
          
          <TextLine ID="eSc_line_36f9b6e2"
                    
                    BASELINE="2694 997 2832 1013 3088 1013 3376 1034 3729 1029 3867 1045 3926 1061 3995 1050 4187 1056" 
                    HPOS="2688.0"
                    VPOS="922.0"
                    WIDTH="1494.0"
                    HEIGHT="224.0">
            <Shape><Polygon POINTS="2688 992 2699 938 2752 933 2822 970 3030 965 3072 922 3115 960 3184 970 3387 976 3451 949 3547 981 4139 1008 4182 1056 4134 1146 4070 1114 4011 1141 3809 1088 3729 1125 3686 1082 3659 1104 3585 1082 3521 1104 3446 1050 3392 1098 3366 1072 3339 1098 3280 1077 3184 1098 3131 1066 3062 1066 2944 1093 2896 1072 2848 1114 2694 1013"/></Shape>
	    <String CONTENT="את בית הריעי אינו דין שיפסול את העור"
                    HPOS="2688.0"
                    VPOS="922.0"
                    WIDTH="1494.0"
                    HEIGHT="224.0"></String>
          </TextLine>

          
          
          <TextLine ID="eSc_line_e3a6918a"
                    
                    BASELINE="2672 1141 3035 1162 3521 1157 3643 1162 3798 1184 4043 1178 4182 1189" 
                    HPOS="2667.0"
                    VPOS="1072.0"
                    WIDTH="1510.0"
                    HEIGHT="202.0">
            <Shape><Polygon POINTS="2667 1136 2710 1136 2784 1072 2848 1120 2987 1077 3040 1109 3291 1093 3430 1114 3585 1088 3601 1109 3723 1125 3830 1114 3867 1088 3910 1136 4017 1141 4065 1109 4177 1184 4139 1264 4017 1274 3969 1237 3766 1237 3739 1216 3707 1248 3553 1237 3483 1178 3371 1232 3307 1205 3243 1216 3200 1173 3147 1221 3078 1232 3019 1226 2992 1194 2923 1232 2859 1189 2806 1237 2736 1248 2672 1178"/></Shape>
	    <String CONTENT="תלמוד לומר בכנפיו להכשיר את העור ˙ לא"
                    HPOS="2667.0"
                    VPOS="1072.0"
                    WIDTH="1510.0"
                    HEIGHT="202.0"></String>
          </TextLine>

          
          
          <TextLine ID="eSc_line_8a9d3dc3"
                    
                    BASELINE="2672 1280 2880 1280 2950 1290 3558 1285 3739 1312 3979 1306 4168 1330" 
                    HPOS="2667.0"
                    VPOS="1178.0"
                    WIDTH="1499.0"
                    HEIGHT="224.0">
            <Shape><Polygon POINTS="2667 1280 2822 1237 2870 1194 2918 1232 2960 1232 2992 1200 3046 1237 3152 1232 3200 1184 3248 1232 3291 1216 3323 1242 3441 1221 3483 1178 3547 1237 3771 1253 3814 1232 3878 1264 3910 1232 3963 1232 4001 1269 4134 1280 4166 1328 4118 1386 4054 1402 3931 1365 3894 1392 3777 1381 3745 1354 3601 1365 3489 1317 3446 1360 3382 1365 3227 1365 3195 1333 3131 1365 3062 1322 2896 1365 2832 1317 2747 1328 2672 1280"/></Shape>
	    <String CONTENT="יבדיל יכול אם הבדיל פסל תלמוד לומר"
                    HPOS="2667.0"
                    VPOS="1178.0"
                    WIDTH="1499.0"
                    HEIGHT="224.0"></String>
          </TextLine>

          
          
          <TextLine ID="eSc_line_ff171a76"
                    
                    BASELINE="2726 1418 3494 1413 3697 1440 4001 1434 4179 1458" 
                    HPOS="2720.0"
                    VPOS="1312.0"
                    WIDTH="1457.0"
                    HEIGHT="213.0">
            <Shape><Polygon POINTS="2720 1413 2726 1322 2811 1312 2907 1370 3136 1365 3190 1333 3243 1370 3446 1370 3489 1328 3531 1370 3675 1381 3739 1349 3771 1381 4113 1392 4177 1456 4118 1520 4070 1525 4038 1498 4001 1525 3926 1520 3873 1466 3803 1514 3729 1466 3659 1504 3403 1498 3376 1472 3339 1498 3248 1498 3206 1472 3174 1498 3142 1466 3104 1493 2790 1498 2726 1434"/></Shape>
	    <String CONTENT="והקטיר יכול אף על פי שמלק בסכין [תלמ&#39;]"
                    HPOS="2720.0"
                    VPOS="1312.0"
                    WIDTH="1457.0"
                    HEIGHT="213.0"></String>
          </TextLine>

          
          
          <TextLine ID="eSc_line_871c0180"
                    
                    BASELINE="2694 1552 2779 1541 3387 1541 3521 1568 3574 1562 4200 1586" 
                    HPOS="2688.0"
                    VPOS="1472.0"
                    WIDTH="1510.0"
                    HEIGHT="197.0">
            <Shape><Polygon POINTS="2688 1552 2779 1498 3115 1498 3142 1472 3174 1504 3515 1493 3777 1520 3819 1520 3873 1472 3926 1525 4017 1536 4049 1509 4198 1584 4107 1664 4065 1669 3969 1658 3910 1600 3862 1642 3681 1626 3649 1600 3595 1637 3505 1594 3478 1621 3360 1600 3131 1610 3099 1632 2966 1600 2934 1621 2907 1600 2843 1632 2694 1557"/></Shape>
	    <String CONTENT="תלמוד לומר אותו ומה ראית להכשיר [בה&#39;]"
                    HPOS="2688.0"
                    VPOS="1472.0"
                    WIDTH="1510.0"
                    HEIGHT="197.0"></String>
          </TextLine>

          
          
          <TextLine ID="eSc_line_d3853a70"
                    
                    BASELINE="2720 1669 2790 1664 2848 1680 3296 1685 3350 1701 3462 1690 3830 1696 3958 1706 4011 1722 4070 1712 4173 1725" 
                    HPOS="2715.0"
                    VPOS="1594.0"
                    WIDTH="1456.0"
                    HEIGHT="198.0">
            <Shape><Polygon POINTS="2715 1664 2720 1594 2795 1632 3264 1616 3606 1637 3654 1610 3681 1637 3793 1621 3835 1648 3910 1610 3963 1664 4102 1664 4171 1722 4102 1786 4001 1792 3953 1765 3873 1781 3835 1754 3750 1776 3691 1744 3606 1770 3494 1722 3451 1760 3360 1738 3275 1760 3184 1717 3110 1760 3062 1738 3014 1765 2966 1733 2944 1754 2912 1738 2800 1765 2720 1701"/></Shape>
	    <String CONTENT="בהבדלה ולפסול במליקה אחר שריבה הכתו&#39;"
                    HPOS="2715.0"
                    VPOS="1594.0"
                    WIDTH="1456.0"
                    HEIGHT="198.0"></String>
          </TextLine>

          
          
          <TextLine ID="eSc_line_8e1b07fe"
                    
                    BASELINE="2763 1802 3142 1813 3200 1824 3803 1818 3958 1834 4011 1850 4065 1840 4179 1858" 
                    HPOS="2758.0"
                    VPOS="1728.0"
                    WIDTH="1419.0"
                    HEIGHT="181.0">
            <Shape><Polygon POINTS="2758 1797 2763 1744 2811 1770 2928 1765 2976 1728 3008 1760 3344 1749 4059 1786 4102 1792 4177 1856 4107 1909 4038 1888 3990 1909 3867 1882 3830 1904 3521 1888 3387 1856 3259 1882 3227 1850 3190 1882 3078 1882 3040 1845 3003 1877 2795 1888 2763 1856"/></Shape>
	    <String CONTENT="מיעט מפני מה מכשיר אני בהבדלה [שהי&#39;]"
                    HPOS="2758.0"
                    VPOS="1728.0"
                    WIDTH="1419.0"
                    HEIGHT="181.0"></String>
          </TextLine>

          
          
          <TextLine ID="eSc_line_5ce316c6"
                    
                    BASELINE="2726 1925 3152 1925 3376 1941 3574 1941 3745 1952 4173 1952" 
                    HPOS="2720.0"
                    VPOS="1850.0"
                    WIDTH="1451.0"
                    HEIGHT="182.0">
            <Shape><Polygon POINTS="2720 1920 2736 1850 2795 1882 2896 1888 3003 1888 3040 1850 3083 1888 3376 1872 3825 1909 3867 1888 4054 1904 4171 1952 4075 2032 3910 2021 3883 1994 3835 2016 3659 2005 3627 1984 3547 2010 3398 1984 3355 2016 3238 1994 3115 2010 3062 1978 2971 2016 2763 2000 2726 1968"/></Shape>
	    <String CONTENT="שהיא לאחר הרצאה ופוסל במליקה [שהי&#39;]"
                    HPOS="2720.0"
                    VPOS="1850.0"
                    WIDTH="1451.0"
                    HEIGHT="182.0"></String>
          </TextLine>

          
          
          <TextLine ID="eSc_line_9625da0d"
                    
                    BASELINE="2651 2042 2779 2058 3473 2053 3553 2069 3718 2080 4179 2080" 
                    HPOS="2646.0"
                    VPOS="1978.0"
                    WIDTH="1531.0"
                    HEIGHT="176.0">
            <Shape><Polygon POINTS="2646 2037 2726 2005 2987 2021 3067 1978 3115 2010 3371 2010 3408 1978 3499 2010 3627 1994 3846 2016 3883 1989 3915 2021 4097 2032 4177 2080 4081 2154 4043 2154 3814 2144 3777 2106 3659 2138 3601 2106 3489 2138 3419 2112 3350 2133 3323 2112 3296 2138 3222 2144 3174 2096 3126 2144 3083 2117 3051 2138 2864 2138 2816 2090 2742 2149 2651 2074"/></Shape>
	    <String CONTENT="שהיא לפני הרצאה עולה אף על פי שמיצה"
                    HPOS="2646.0"
                    VPOS="1978.0"
                    WIDTH="1531.0"
                    HEIGHT="176.0"></String>
          </TextLine>

          
          
          <TextLine ID="eSc_line_79e16dbe"
                    
                    BASELINE="2694 2170 2880 2186 3585 2181 3819 2208 4168 2208" 
                    HPOS="2688.0"
                    VPOS="2090.0"
                    WIDTH="1478.0"
                    HEIGHT="187.0">
            <Shape><Polygon POINTS="2688 2165 2736 2165 2811 2090 2864 2133 3078 2117 3104 2144 3174 2101 3216 2144 3563 2133 3595 2106 3627 2144 3734 2144 3777 2112 3857 2160 4102 2160 4166 2208 4091 2277 3915 2277 3889 2250 3745 2272 3654 2229 3622 2261 3531 2261 3489 2234 3328 2256 3296 2229 3243 2272 3110 2250 2982 2266 2928 2240 2902 2261 2832 2234 2768 2250 2694 2176"/></Shape>
	    <String CONTENT="דם הגוף תלמוד לומר היא עולה לשם עולה"
                    HPOS="2688.0"
                    VPOS="2090.0"
                    WIDTH="1478.0"
                    HEIGHT="187.0"></String>
          </TextLine>

          
          
          <TextLine ID="eSc_line_8bf38127"
                    
                    BASELINE="2694 2298 2779 2314 3510 2309 3825 2325 3883 2336 4195 2336" 
                    HPOS="2688.0"
                    VPOS="2229.0"
                    WIDTH="1505.0"
                    HEIGHT="171.0">
            <Shape><Polygon POINTS="2688 2293 2731 2293 2811 2240 2859 2261 3254 2272 3302 2229 3339 2266 4107 2282 4193 2336 4155 2336 4102 2389 4027 2400 3686 2389 3643 2346 3574 2394 3531 2373 3467 2389 3424 2362 3398 2389 3296 2362 3259 2394 3206 2373 3126 2389 3088 2362 2966 2389 2806 2368 2784 2389 2694 2298"/></Shape>
	    <String CONTENT="אשה לשום אישים ריח לשום ריח ניחוח"
                    HPOS="2688.0"
                    VPOS="2229.0"
                    WIDTH="1505.0"
                    HEIGHT="171.0"></String>
          </TextLine>

          
          
          <TextLine ID="eSc_line_cd166048"
                    
                    BASELINE="2747 2437 4070 2437 4189 2448" 
                    HPOS="2742.0"
                    VPOS="2346.0"
                    WIDTH="1445.0"
                    HEIGHT="176.0">
            <Shape><Polygon POINTS="2742 2432 2816 2389 2896 2384 3270 2394 3526 2368 3574 2389 3643 2346 3691 2394 4049 2400 4075 2378 4187 2448 4081 2522 3969 2496 3926 2522 3649 2512 3622 2485 3579 2506 3323 2517 3280 2480 3211 2517 3056 2512 2998 2480 2811 2512 2747 2448"/></Shape>
	    <String CONTENT="לשום נחת רוח לייי לשם מי שאמר והיה"
                    HPOS="2742.0"
                    VPOS="2346.0"
                    WIDTH="1445.0"
                    HEIGHT="176.0"></String>
          </TextLine>

          
          
          <TextLine ID="eSc_line_a8e27ffc"
                    
                    BASELINE="2694 2560 3243 2560 3312 2570 4200 2570" 
                    HPOS="2688.0"
                    VPOS="2490.0"
                    WIDTH="1510.0"
                    HEIGHT="160.0">
            <Shape><Polygon POINTS="2688 2560 2774 2501 2976 2512 2998 2490 3195 2522 3457 2501 3798 2512 3867 2544 3969 2496 4198 2565 4113 2645 4038 2650 3942 2645 3883 2592 3825 2640 3739 2618 3547 2645 3489 2624 3003 2640 2918 2602 2875 2640 2758 2640 2694 2576"/></Shape>
	    <String CONTENT="העולם ˙ נאמר בעולת בהמה אשה ריח [נ&#39;]"
                    HPOS="2688.0"
                    VPOS="2490.0"
                    WIDTH="1510.0"
                    HEIGHT="160.0"></String>
          </TextLine>

          
          
          <TextLine ID="eSc_line_cf75faef"
                    
                    BASELINE="2715 2688 2950 2688 3030 2704 3083 2693 4211 2698" 
                    HPOS="2710.0"
                    VPOS="2618.0"
                    WIDTH="1499.0"
                    HEIGHT="155.0">
            <Shape><Polygon POINTS="2710 2688 2774 2640 3611 2650 3734 2618 3787 2645 4139 2645 4209 2693 4123 2773 4006 2752 3782 2773 3745 2746 3697 2768 3312 2773 3275 2736 3243 2757 3211 2725 3126 2762 2800 2768 2758 2762 2715 2720"/></Shape>
	    <String CONTENT="ניחוח ובעולת העוף אשה ריח ניחוח [ובמ&#39;]"
                    HPOS="2710.0"
                    VPOS="2618.0"
                    WIDTH="1499.0"
                    HEIGHT="155.0"></String>
          </TextLine>

          
          
          <TextLine ID="eSc_line_146288b0"
                    
                    BASELINE="2742 2800 2811 2794 2875 2810 3435 2816 3627 2826 4113 2826 4187 2810" 
                    HPOS="2736.0"
                    VPOS="2730.0"
                    WIDTH="1446.0"
                    HEIGHT="166.0">
            <Shape><Polygon POINTS="2736 2800 2768 2768 3174 2762 3216 2730 3243 2757 3275 2736 3312 2773 3499 2757 3883 2778 3985 2757 4145 2773 4182 2805 4145 2885 3995 2896 3681 2896 3622 2858 3521 2890 3275 2890 3232 2858 3179 2896 3131 2890 3099 2853 3035 2890 2854 2890 2742 2832"/></Shape>
	    <String CONTENT="ובמנחה אשה ריח ניחוח ללמד שאחד"
                    HPOS="2736.0"
                    VPOS="2730.0"
                    WIDTH="1446.0"
                    HEIGHT="166.0"></String>
          </TextLine>

          
          
          <TextLine ID="eSc_line_26398ba7"
                    
                    BASELINE="2715 2933 2955 2928 3019 2938 3707 2944 3761 2954 4049 2954 4166 2938" 
                    HPOS="2710.0"
                    VPOS="2858.0"
                    WIDTH="1451.0"
                    HEIGHT="171.0">
            <Shape><Polygon POINTS="2710 2928 2763 2858 2790 2885 3051 2896 3200 2896 3232 2864 3264 2890 4097 2890 4145 2896 4161 2933 4123 3018 3990 3029 3878 3002 3809 3024 3723 2981 3654 3029 3510 3008 3446 3029 3339 3002 3206 3029 3147 2970 3094 3024 3024 3002 2955 3018 2934 2997 2875 3018 2848 2992 2768 3002 2715 2949"/></Shape>
	    <String CONTENT="המרבה ואחד הממעיט ובלבד שיכוין [אד&#39;]"
                    HPOS="2710.0"
                    VPOS="2858.0"
                    WIDTH="1451.0"
                    HEIGHT="171.0"></String>
          </TextLine>

          
          
          <TextLine ID="eSc_line_bde369ac"
                    
                    BASELINE="2694 3072 3120 3072 3179 3088 3248 3077 4113 3082 4177 3066" 
                    HPOS="2688.0"
                    VPOS="2976.0"
                    WIDTH="1483.0"
                    HEIGHT="186.0">
            <Shape><Polygon POINTS="2688 3072 2758 3018 3067 3029 3147 2976 3200 3029 3675 3024 3739 2981 3782 3024 4145 3024 4171 3061 4139 3141 3974 3136 3894 3157 3787 3125 3713 3152 3611 3152 3585 3130 3521 3152 3478 3109 3339 3162 3232 3152 3206 3125 3088 3157 2982 3136 2864 3157 2838 3136 2752 3141 2694 3082"/></Shape>
	    <String CONTENT="אדם דעתו לשמים ˙ ונפש לרבות כהן [מ&#39;]"
                    HPOS="2688.0"
                    VPOS="2976.0"
                    WIDTH="1483.0"
                    HEIGHT="186.0"></String>
          </TextLine>

          
          
          <TextLine ID="eSc_line_0bbea4b8"
                    
                    BASELINE="2720 3189 3174 3200 3227 3210 4006 3210 4201 3202" 
                    HPOS="2715.0"
                    VPOS="3136.0"
                    WIDTH="1483.0"
                    HEIGHT="144.0">
            <Shape><Polygon POINTS="2715 3184 2747 3141 2886 3162 2918 3136 3697 3162 4150 3146 4198 3200 4134 3274 4017 3274 3995 3253 3963 3274 3915 3258 3803 3280 3008 3274 2966 3253 2800 3274 2774 3242 2720 3248"/></Shape>
	    <String CONTENT="משיח שיביא מנחה מן הנדבה וה&#39;ד&#39;ה&#39; ומה"
                    HPOS="2715.0"
                    VPOS="3136.0"
                    WIDTH="1483.0"
                    HEIGHT="144.0"></String>
          </TextLine>

          
          
          <TextLine ID="eSc_line_a0557dd2"
                    
                    BASELINE="2699 3322 4254 3330" 
                    HPOS="2694.0"
                    VPOS="3248.0"
                    WIDTH="1557.0"
                    HEIGHT="160.0">
            <Shape><Polygon POINTS="2694 3317 2699 3285 2768 3248 2795 3274 4139 3274 4187 3317 4251 3328 4198 3328 4134 3392 4097 3397 3883 3376 3835 3392 3809 3370 3755 3402 3686 3386 3574 3408 3430 3397 3408 3376 3355 3397 3200 3381 2784 3402 2699 3322"/></Shape>
	    <String CONTENT="אם היחיד שאינו מביא מן החובה בכל"
                    HPOS="2694.0"
                    VPOS="3248.0"
                    WIDTH="1557.0"
                    HEIGHT="160.0"></String>
          </TextLine>

          
          
          <TextLine ID="eSc_line_1b5eb487"
                    
                    BASELINE="2672 3445 3088 3440 3147 3450 3526 3450 3713 3440 4238 3448" 
                    HPOS="2667.0"
                    VPOS="3376.0"
                    WIDTH="1568.0"
                    HEIGHT="160.0">
            <Shape><Polygon POINTS="2667 3440 2704 3392 3403 3408 3798 3397 3819 3376 3985 3402 4129 3392 4235 3445 4177 3445 4102 3520 4059 3520 4027 3488 3995 3520 3691 3530 3339 3530 3302 3509 3264 3536 2923 3536 2880 3498 2854 3525 2726 3536 2672 3514"/></Shape>
	    <String CONTENT="יום מביא הנדבה משיח שמביא מן החובה"
                    HPOS="2667.0"
                    VPOS="3376.0"
                    WIDTH="1568.0"
                    HEIGHT="160.0"></String>
          </TextLine>

          
          
          <TextLine ID="eSc_line_21359ea3"
                    
                    BASELINE="2715 3557 2795 3573 3168 3584 4233 3570" 
                    HPOS="2710.0"
                    VPOS="3493.0"
                    WIDTH="1520.0"
                    HEIGHT="176.0">
            <Shape><Polygon POINTS="2710 3552 2768 3520 2838 3536 2880 3493 2934 3536 3990 3530 4027 3498 4065 3530 4129 3520 4171 3562 4230 3568 4107 3648 4049 3648 4017 3621 3798 3658 3729 3658 3691 3632 3665 3653 3611 3637 3248 3669 2971 3653 2944 3632 2832 3632 2806 3653 2715 3568"/></Shape>
	    <String CONTENT="בכל יום אינו דין שמביא מן הנדבה לא"
                    HPOS="2710.0"
                    VPOS="3493.0"
                    WIDTH="1520.0"
                    HEIGHT="176.0"></String>
          </TextLine>

          
          
          <TextLine ID="eSc_line_48b55125"
                    
                    BASELINE="2736 3690 3995 3701 4185 3693" 
                    HPOS="2731.0"
                    VPOS="3594.0"
                    WIDTH="1451.0"
                    HEIGHT="198.0">
            <Shape><Polygon POINTS="2731 3685 2736 3594 2795 3658 3729 3664 4001 3637 4134 3642 4182 3690 4118 3765 3867 3760 3782 3781 3633 3770 3595 3744 3531 3786 3179 3765 3126 3786 2864 3770 2790 3792 2736 3738"/></Shape>
	    <String CONTENT="אם אמרת ביחיד שהוא מביא מנחה על"
                    HPOS="2731.0"
                    VPOS="3594.0"
                    WIDTH="1451.0"
                    HEIGHT="198.0"></String>
          </TextLine>

          
          
          <TextLine ID="eSc_line_a48504df"
                    
                    BASELINE="2715 3829 4190 3826" 
                    HPOS="2710.0"
                    VPOS="3770.0"
                    WIDTH="1477.0"
                    HEIGHT="155.0">
            <Shape><Polygon POINTS="2710 3824 2720 3786 3931 3770 4134 3776 4187 3824 4118 3898 4059 3904 3723 3893 3659 3914 3585 3893 3499 3925 3451 3888 3376 3914 3334 3877 3227 3914 3035 3893 2992 3914 2720 3909"/></Shape>
	    <String CONTENT="טומאת מקדש[יו] וקדשיו תאמר במשיח"
                    HPOS="2710.0"
                    VPOS="3770.0"
                    WIDTH="1477.0"
                    HEIGHT="155.0"></String>
          </TextLine>

          
          
          <TextLine ID="eSc_line_49cbc655"
                    
                    BASELINE="2715 3946 4043 3957 4187 3941" 
                    HPOS="2710.0"
                    VPOS="3872.0"
                    WIDTH="1472.0"
                    HEIGHT="176.0">
            <Shape><Polygon POINTS="2710 3941 2747 3909 3270 3909 3328 3872 3382 3914 3494 3925 4139 3898 4182 3936 4113 4021 3755 4010 3697 4032 3638 4016 3606 4042 3424 4021 3387 4048 3307 4026 3147 4042 3099 4021 2870 4048 2822 4021 2779 4037 2715 4000"/></Shape>
	    <String CONTENT="שאינו מביא מנחה על טומאת מקדש"
                    HPOS="2710.0"
                    VPOS="3872.0"
                    WIDTH="1472.0"
                    HEIGHT="176.0"></String>
          </TextLine>

          
          
          <TextLine ID="eSc_line_95670267"
                    
                    BASELINE="2715 4074 3995 4085 4182 4064" 
                    HPOS="2710.0"
                    VPOS="4021.0"
                    WIDTH="1467.0"
                    HEIGHT="155.0">
            <Shape><Polygon POINTS="2710 4069 2752 4069 2784 4037 3238 4032 3382 4053 3611 4042 3633 4021 4134 4021 4177 4064 4145 4144 3595 4144 3569 4170 3344 4170 3248 4133 3174 4165 2912 4149 2827 4176 2715 4090"/></Shape>
	    <String CONTENT="וקדשיו הואיל ואינו מביא מנחה על"
                    HPOS="2710.0"
                    VPOS="4021.0"
                    WIDTH="1467.0"
                    HEIGHT="155.0"></String>
          </TextLine>

          
          
          <TextLine ID="eSc_line_679d84ac"
                    
                    BASELINE="2704 4202 3761 4213 3814 4202 4043 4197 4097 4181 4166 4197" 
                    HPOS="2699.0"
                    VPOS="4133.0"
                    WIDTH="1462.0"
                    HEIGHT="171.0">
            <Shape><Polygon POINTS="2699 4197 2763 4160 3174 4170 3248 4133 3312 4170 4145 4144 4161 4192 4123 4261 3873 4256 3755 4293 3707 4256 3665 4293 3595 4282 3558 4304 3494 4261 3419 4293 3275 4245 3200 4288 3158 4266 3110 4293 2747 4288 2704 4245"/></Shape>
	    <String CONTENT="טומאת מקדש וקדשיו לא יביא מנחת"
                    HPOS="2699.0"
                    VPOS="4133.0"
                    WIDTH="1462.0"
                    HEIGHT="171.0"></String>
          </TextLine>

          
          
          <TextLine ID="eSc_line_d2074613"
                    
                    BASELINE="2672 4325 2752 4341 3553 4341 4166 4309" 
                    HPOS="2667.0"
                    VPOS="4250.0"
                    WIDTH="1494.0"
                    HEIGHT="171.0">
            <Shape><Polygon POINTS="2667 4320 2726 4288 3195 4298 3270 4250 3328 4293 3414 4298 3494 4277 3542 4298 3670 4293 3702 4261 3771 4298 3873 4256 3963 4282 4123 4261 4161 4304 4145 4389 3622 4410 3569 4378 3489 4421 3339 4394 2811 4421 2736 4400 2678 4341"/></Shape>
	    <String CONTENT="נדבה תלמוד לומר ונפש לרבות כהן משיח"
                    HPOS="2667.0"
                    VPOS="4250.0"
                    WIDTH="1494.0"
                    HEIGHT="171.0"></String>
          </TextLine>

          
          
          <TextLine ID="eSc_line_5ae27607"
                    
                    BASELINE="2699 4458 3622 4458 3734 4437 3926 4448 4160 4440" 
                    HPOS="2694.0"
                    VPOS="4389.0"
                    WIDTH="1461.0"
                    HEIGHT="149.0">
            <Shape><Polygon POINTS="2694 4453 2747 4394 2806 4421 4129 4389 4155 4437 4102 4506 4049 4485 3702 4533 3339 4517 3280 4538 3152 4512 3110 4538 3072 4506 3019 4506 2976 4538 2896 4538 2806 4496 2763 4522 2699 4458"/></Shape>
	    <String CONTENT="שיביא מנחת נדבה והוא הדין לציבור [ו&#39;]"
                    HPOS="2694.0"
                    VPOS="4389.0"
                    WIDTH="1461.0"
                    HEIGHT="149.0"></String>
          </TextLine>

          
          
          <TextLine ID="eSc_line_6e675046"
                    
                    BASELINE="2699 4576 3510 4586 3718 4570 3899 4576 3958 4565 4022 4565 4139 4557 4208 4568" 
                    HPOS="2694.0"
                    VPOS="4490.0"
                    WIDTH="1509.0"
                    HEIGHT="176.0">
            <Shape><Polygon POINTS="2694 4576 2747 4533 2987 4544 3019 4512 3067 4512 3104 4544 3702 4538 4038 4490 4129 4496 4203 4565 4107 4629 4017 4597 3958 4640 3723 4656 3499 4650 3473 4624 3424 4661 2795 4666 2742 4661 2699 4618"/></Shape>
	    <String CONTENT="וה&#39;ד&#39;ה&#39; ומה אם היחיד שאינו מביא החובה"
                    HPOS="2694.0"
                    VPOS="4490.0"
                    WIDTH="1509.0"
                    HEIGHT="176.0"></String>
          </TextLine>

          
          
          <TextLine ID="eSc_line_eca8084b"
                    
                    BASELINE="2710 4709 2832 4693 2886 4709 3419 4714 3627 4698 3942 4704 3995 4693 4229 4690" 
                    HPOS="2704.0"
                    VPOS="4597.0"
                    WIDTH="1521.0"
                    HEIGHT="197.0">
            <Shape><Polygon POINTS="2704 4704 2763 4656 2859 4645 3078 4666 3825 4656 3974 4640 4017 4597 4059 4629 4139 4629 4225 4688 4134 4762 4059 4762 4011 4730 3979 4762 3787 4784 3686 4757 3601 4794 3398 4794 3328 4768 3291 4794 3174 4794 3104 4752 3051 4789 2891 4789 2864 4762 2774 4778 2710 4714"/></Shape>
	    <String CONTENT="בכל יום מביא מן הנדבה ציבור שמביא"
                    HPOS="2704.0"
                    VPOS="4597.0"
                    WIDTH="1521.0"
                    HEIGHT="197.0"></String>
          </TextLine>

          
          
          <TextLine ID="eSc_line_7bd8f6a6"
                    
                    BASELINE="2715 4832 3510 4842 3761 4826 3995 4832 4049 4821 4224 4818" 
                    HPOS="2710.0"
                    VPOS="4757.0"
                    WIDTH="1509.0"
                    HEIGHT="165.0">
            <Shape><Polygon POINTS="2710 4832 2763 4784 3537 4800 3654 4789 3686 4757 3718 4784 3803 4789 4134 4762 4219 4816 4139 4880 4065 4896 3878 4880 3793 4906 3707 4901 3681 4874 3601 4912 3360 4917 3275 4890 3243 4922 3184 4890 3158 4917 2832 4917 2715 4837"/></Shape>
	    <String CONTENT="מן החובה בכל יום אינו דין שמביא מן"
                    HPOS="2710.0"
                    VPOS="4757.0"
                    WIDTH="1509.0"
                    HEIGHT="165.0"></String>
          </TextLine>

          
          
          <TextLine ID="eSc_line_33df9f2b"
                    
                    BASELINE="2726 4949 3627 4960 3942 4949 4117 4941 4187 4946" 
                    HPOS="2720.0"
                    VPOS="4842.0"
                    WIDTH="1462.0"
                    HEIGHT="208.0">
            <Shape><Polygon POINTS="2720 4944 2726 4842 2827 4912 3248 4928 4150 4885 4182 4944 4129 5008 3958 5018 3915 4981 3873 5024 3734 5034 3654 5018 3312 5045 3259 5024 3222 5045 3174 5013 3120 5050 3040 5050 2774 5034 2726 4992"/></Shape>
	    <String CONTENT="הנדבה לא אם אמרת ביחיד שמביא [בכל]"
                    HPOS="2720.0"
                    VPOS="4842.0"
                    WIDTH="1462.0"
                    HEIGHT="208.0"></String>
          </TextLine>

          
          
          <TextLine ID="eSc_line_6708f9b6"
                    
                    BASELINE="2694 5072 2875 5088 3835 5093 3969 5072 4203 5069" 
                    HPOS="2688.0"
                    VPOS="5024.0"
                    WIDTH="1510.0"
                    HEIGHT="144.0">
            <Shape><Polygon POINTS="2688 5072 2774 5045 3622 5056 3873 5024 4139 5024 4198 5066 4182 5120 4065 5120 4033 5152 3926 5130 3830 5162 3723 5146 3702 5168 3654 5130 3590 5168 3478 5168 3451 5141 3376 5168 3259 5168 3216 5136 3163 5162 3046 5141 2891 5168 2806 5130 2694 5120"/></Shape>
	    <String CONTENT="[יום] על טומאת מקדש וקדשיו תאמר"
                    HPOS="2688.0"
                    VPOS="5024.0"
                    WIDTH="1510.0"
                    HEIGHT="144.0"></String>
          </TextLine>

          
        </TextBlock>
        
        <TextBlock HPOS="693.0"
                   VPOS="650.0"
                   WIDTH="1565.0"
                   HEIGHT="4537.0"
                   ID="eSc_textblock_9b84f13f"
                   TAGREFS="BT2">
          <Shape><Polygon POINTS="2215 5187 2258 5159 2244 668 753 650 707 682 693 1450 693 4732 736 5159 2215 5187"/></Shape>
          
          
          <TextLine ID="eSc_line_89783b55"
                    
                    BASELINE="800 741 1419 757 1605 752 1883 773 2237 781 2301 792" 
                    HPOS="794.0"
                    VPOS="656.0"
                    WIDTH="1505.0"
                    HEIGHT="208.0">
            <Shape><Polygon POINTS="794 736 800 672 821 666 1008 661 1082 682 1141 661 1200 682 1253 656 1291 688 1344 656 1419 682 1552 682 1584 661 1611 682 1829 672 1856 693 1941 672 1995 698 2085 677 2123 704 2288 714 2299 789 2283 832 2240 832 2208 864 2043 858 1984 826 1899 853 1808 821 1771 848 1744 821 1579 810 1429 826 1317 805 1280 837 1232 810 1120 832 885 826 800 789"/></Shape>
	    <String CONTENT="בציבור שאינו מביא מנחה על טומאת [מקד&#39;]"
                    HPOS="794.0"
                    VPOS="656.0"
                    WIDTH="1505.0"
                    HEIGHT="208.0"></String>
          </TextLine>

          
          
          <TextLine ID="eSc_line_3192dbf0"
                    
                    BASELINE="741 885 1216 896 1280 906 1915 901 1979 912 2285 925" 
                    HPOS="736.0"
                    VPOS="832.0"
                    WIDTH="1547.0"
                    HEIGHT="170.0">
            <Shape><Polygon POINTS="736 880 789 832 1050 864 1627 837 1936 864 1973 832 2005 864 2224 869 2283 922 2203 1002 2133 997 2091 954 2037 1002 1909 1002 1877 970 1824 986 1776 938 1595 986 1328 954 1269 981 1002 997 949 960 917 981 858 960 810 992 741 922"/></Shape>
	    <String CONTENT="מקדש וקדשיו ומביא מנחה נדבה ואף אתה"
                    HPOS="736.0"
                    VPOS="832.0"
                    WIDTH="1547.0"
                    HEIGHT="170.0"></String>
          </TextLine>

          
          
          <TextLine ID="eSc_line_913ed462"
                    
                    BASELINE="816 1034 1461 1029 1739 1045 1792 1061 1856 1050 2274 1058" 
                    HPOS="810.0"
                    VPOS="954.0"
                    WIDTH="1462.0"
                    HEIGHT="182.0">
            <Shape><Polygon POINTS="810 1029 853 976 1002 997 1637 981 1776 1008 2037 1002 2091 954 2133 997 2203 1002 2272 1056 2181 1136 2117 1088 2069 1130 1893 1125 1872 1104 1792 1130 1589 1114 1520 1072 1461 1109 1344 1098 1307 1125 997 1125 890 1082 858 1093 816 1050"/></Shape>
	    <String CONTENT="אל תתמה על הציבור שאין מביא מנחה"
                    HPOS="810.0"
                    VPOS="954.0"
                    WIDTH="1462.0"
                    HEIGHT="182.0"></String>
          </TextLine>

          
          
          <TextLine ID="eSc_line_5b2f7798"
                    
                    BASELINE="752 1168 832 1157 1317 1157 1456 1173 1584 1173 1643 1189 1696 1178 2274 1186" 
                    HPOS="746.0"
                    VPOS="1088.0"
                    WIDTH="1526.0"
                    HEIGHT="176.0">
            <Shape><Polygon POINTS="746 1168 810 1109 997 1130 1877 1114 2043 1141 2117 1088 2272 1184 2176 1264 2112 1221 2075 1258 1979 1264 1936 1221 1893 1253 1712 1248 1680 1221 1504 1248 1461 1226 1328 1232 1301 1205 1259 1237 960 1248 826 1226 752 1168"/></Shape>
	    <String CONTENT="על טומאת מקדש וקדשיו שמביא מנחה"
                    HPOS="746.0"
                    VPOS="1088.0"
                    WIDTH="1526.0"
                    HEIGHT="176.0"></String>
          </TextLine>

          
          
          <TextLine ID="eSc_line_197a6a97"
                    
                    BASELINE="773 1280 922 1280 981 1296 1045 1285 1541 1285 1813 1312 2295 1320" 
                    HPOS="768.0"
                    VPOS="1205.0"
                    WIDTH="1526.0"
                    HEIGHT="187.0">
            <Shape><Polygon POINTS="768 1280 778 1205 965 1253 1275 1242 1307 1221 1808 1253 1904 1248 1936 1216 1984 1264 2208 1264 2294 1317 2256 1317 2187 1386 2149 1392 2021 1381 1989 1344 1872 1381 1829 1360 1792 1381 1381 1354 1296 1386 1189 1386 1109 1365 826 1370 773 1333"/></Shape>
	    <String CONTENT="תלמוד לומר ונפש היחיד מביא נדבה ואין"
                    HPOS="768.0"
                    VPOS="1205.0"
                    WIDTH="1526.0"
                    HEIGHT="187.0"></String>
          </TextLine>

          
          
          <TextLine ID="eSc_line_e3598fb8"
                    
                    BASELINE="752 1408 832 1408 896 1424 1029 1413 1461 1413 2005 1440 2117 1434 2295 1453" 
                    HPOS="746.0"
                    VPOS="1360.0"
                    WIDTH="1548.0"
                    HEIGHT="165.0">
            <Shape><Polygon POINTS="746 1408 789 1365 853 1360 1120 1370 1200 1402 1456 1360 1867 1386 1963 1365 1979 1386 2208 1386 2294 1450 2256 1456 2187 1525 2048 1520 1989 1488 1893 1509 1851 1477 1819 1504 1691 1509 1579 1493 1552 1466 1515 1498 1413 1504 1301 1408 1200 1408 1098 1504 944 1477 896 1493 848 1456 784 1488 752 1456"/></Shape>
	    <String CONTENT="הציבור מביא מנחת נדבה ˙ נפש כי [ת&#39;]"
                    HPOS="746.0"
                    VPOS="1360.0"
                    WIDTH="1548.0"
                    HEIGHT="165.0"></String>
          </TextLine>

          
          
          <TextLine ID="eSc_line_2c9e069f"
                    
                    BASELINE="752 1530 1104 1546 1381 1541 1792 1568 2274 1565" 
                    HPOS="746.0"
                    VPOS="1440.0"
                    WIDTH="1526.0"
                    HEIGHT="213.0">
            <Shape><Polygon POINTS="746 1525 848 1466 1024 1504 1120 1498 1163 1456 1227 1466 1349 1440 1408 1504 1499 1504 1552 1461 1637 1514 1787 1509 1851 1482 1915 1520 2203 1520 2272 1562 2155 1653 1952 1626 1931 1648 1872 1626 1840 1653 1749 1616 1493 1637 1424 1594 1376 1626 1291 1626 1237 1600 1211 1626 1098 1610 1018 1632 981 1594 944 1621 752 1573"/></Shape>
	    <String CONTENT="תקריב יכול גזירה תלמוד לומר וכי תקריב [אי&#39;]"
                    HPOS="746.0"
                    VPOS="1440.0"
                    WIDTH="1526.0"
                    HEIGHT="213.0"></String>
          </TextLine>

          
          
          <TextLine ID="eSc_line_c6ef0702"
                    
                    BASELINE="752 1669 1163 1669 1307 1685 1563 1696 2274 1693" 
                    HPOS="746.0"
                    VPOS="1605.0"
                    WIDTH="1526.0"
                    HEIGHT="176.0">
            <Shape><Polygon POINTS="746 1664 816 1605 954 1637 1264 1621 1579 1648 1851 1648 1936 1616 1963 1642 2043 1653 2192 1642 2272 1690 2181 1781 2091 1776 2059 1749 1989 1770 1851 1770 1803 1744 1765 1770 1659 1765 1605 1712 1541 1770 1493 1749 1456 1770 1392 1749 1269 1765 1232 1744 1013 1765 970 1722 906 1765 826 1733 752 1664"/></Shape>
	    <String CONTENT="אינו אלא רשות ˙ קרבן מנחה מניין [שהי&#39;]"
                    HPOS="746.0"
                    VPOS="1605.0"
                    WIDTH="1526.0"
                    HEIGHT="176.0"></String>
          </TextLine>

          
          
          <TextLine ID="eSc_line_c7f38cad"
                    
                    BASELINE="800 1802 992 1797 1056 1808 1248 1813 1323 1829 1381 1818 2295 1826" 
                    HPOS="794.0"
                    VPOS="1712.0"
                    WIDTH="1500.0"
                    HEIGHT="202.0">
            <Shape><Polygon POINTS="794 1797 832 1728 901 1765 981 1733 1024 1770 1189 1749 1547 1776 1611 1712 1669 1770 2075 1765 2219 1781 2294 1824 2192 1909 2059 1888 2000 1914 1931 1872 1888 1904 1392 1893 1360 1861 1307 1893 1227 1856 1173 1882 912 1888 864 1861 842 1877 800 1834"/></Shape>
	    <String CONTENT="שהיחיד מתנדב לבונה נאמר הבא [מנחה]"
                    HPOS="794.0"
                    VPOS="1712.0"
                    WIDTH="1500.0"
                    HEIGHT="202.0"></String>
          </TextLine>

          
          
          <TextLine ID="eSc_line_1151f7a5"
                    
                    BASELINE="736 1930 1211 1930 1275 1920 1339 1936 1461 1941 1520 1952 2285 1960" 
                    HPOS="730.0"
                    VPOS="1861.0"
                    WIDTH="1553.0"
                    HEIGHT="165.0">
            <Shape><Polygon POINTS="730 1925 762 1866 789 1888 1312 1893 1365 1861 1403 1893 1856 1909 1931 1872 1984 1909 2208 1909 2283 1957 2203 2026 736 1994"/></Shape>
	    <String CONTENT="בהמה הבא מנחה חובה לה הבא מנחה הבא"
                    HPOS="730.0"
                    VPOS="1861.0"
                    WIDTH="1553.0"
                    HEIGHT="165.0"></String>
          </TextLine>

          
          
          <TextLine ID="eSc_line_93186f02"
                    
                    BASELINE="709 2042 778 2058 1339 2053 1392 2064 1568 2069 1621 2080 2107 2074 2295 2093" 
                    HPOS="704.0"
                    VPOS="2000.0"
                    WIDTH="1590.0"
                    HEIGHT="160.0">
            <Shape><Polygon POINTS="704 2037 773 2000 2165 2021 2294 2090 2261 2090 2192 2160 1819 2133 1483 2144 1424 2112 1259 2144 1211 2112 976 2138 938 2117 773 2122 709 2058"/></Shape>
	    <String CONTENT="לבונה חובה לה מה מנחה שהיא באה חובה"
                    HPOS="704.0"
                    VPOS="2000.0"
                    WIDTH="1590.0"
                    HEIGHT="160.0"></String>
          </TextLine>

          
          
          <TextLine ID="eSc_line_43c0c2f0"
                    
                    BASELINE="730 2192 1296 2176 1349 2192 1477 2197 1536 2208 2285 2205" 
                    HPOS="725.0"
                    VPOS="2128.0"
                    WIDTH="1558.0"
                    HEIGHT="154.0">
            <Shape><Polygon POINTS="725 2192 773 2128 922 2128 981 2149 1152 2133 2203 2154 2283 2202 2203 2266 2075 2261 2021 2282 1392 2277 1259 2240 1227 2266 1093 2272 1040 2250 944 2272 848 2218 789 2261 730 2208"/></Shape>
	    <String CONTENT="עם הבהמה באה נדבה בפני עצמה אף"
                    HPOS="725.0"
                    VPOS="2128.0"
                    WIDTH="1558.0"
                    HEIGHT="154.0"></String>
          </TextLine>

          
          
          <TextLine ID="eSc_line_cbaa9ca0"
                    
                    BASELINE="778 2314 1509 2309 1680 2325 1888 2325 1941 2336 2295 2328" 
                    HPOS="773.0"
                    VPOS="2256.0"
                    WIDTH="1521.0"
                    HEIGHT="149.0">
            <Shape><Polygon POINTS="773 2309 805 2256 2000 2282 2181 2266 2294 2325 2171 2400 1984 2384 1728 2405 1413 2394 1376 2362 1339 2400 1243 2378 821 2384 778 2341"/></Shape>
	    <String CONTENT="לבונה שהיא באה חובה עם המנחה תבא"
                    HPOS="773.0"
                    VPOS="2256.0"
                    WIDTH="1521.0"
                    HEIGHT="149.0"></String>
          </TextLine>

          
          
          <TextLine ID="eSc_line_3887d83c"
                    
                    BASELINE="757 2432 1034 2432 1093 2442 1392 2437 1728 2453 1797 2464 2107 2464 2210 2461 2295 2461" 
                    HPOS="752.0"
                    VPOS="2378.0"
                    WIDTH="1542.0"
                    HEIGHT="155.0">
            <Shape><Polygon POINTS="752 2432 784 2378 1840 2410 2213 2400 2294 2458 2203 2528 1984 2533 832 2506 757 2458"/></Shape>
	    <String CONTENT="נדבה בפני עצמה מה למנחה באה נדבה"
                    HPOS="752.0"
                    VPOS="2378.0"
                    WIDTH="1542.0"
                    HEIGHT="155.0"></String>
          </TextLine>

          
          
          <TextLine ID="eSc_line_0a3660d9"
                    
                    BASELINE="752 2549 1077 2544 1136 2554 1451 2570 2274 2568" 
                    HPOS="746.0"
                    VPOS="2485.0"
                    WIDTH="1526.0"
                    HEIGHT="171.0">
            <Shape><Polygon POINTS="746 2544 789 2485 842 2517 1013 2496 1771 2538 2144 2522 2272 2565 2192 2650 2117 2656 1840 2634 1717 2650 1691 2624 1648 2650 1045 2618 922 2634 848 2592 816 2624 752 2608"/></Shape>
	    <String CONTENT="בפני עצמה שכן היא באה חובה בפני [ע&#39;]"
                    HPOS="746.0"
                    VPOS="2485.0"
                    WIDTH="1526.0"
                    HEIGHT="171.0"></String>
          </TextLine>

          
          
          <TextLine ID="eSc_line_dc5c5d8a"
                    
                    BASELINE="730 2672 1147 2672 1211 2682 1376 2688 1429 2698 2295 2706" 
                    HPOS="725.0"
                    VPOS="2618.0"
                    WIDTH="1569.0"
                    HEIGHT="160.0">
            <Shape><Polygon POINTS="725 2672 778 2618 1520 2650 1696 2624 1712 2645 1936 2661 2197 2650 2240 2693 2294 2704 2251 2704 2171 2778 1739 2757 1413 2773 1333 2730 1280 2762 1061 2741 992 2762 928 2752 885 2709 858 2730 773 2709 730 2672"/></Shape>
	    <String CONTENT="עצמה תבא לבונה בפני עצמה שכן [אי&#39;]"
                    HPOS="725.0"
                    VPOS="2618.0"
                    WIDTH="1569.0"
                    HEIGHT="160.0"></String>
          </TextLine>

          
          
          <TextLine ID="eSc_line_f4c57dfe"
                    
                    BASELINE="752 2789 832 2805 1424 2800 1744 2816 1803 2826 2215 2843 2290 2827" 
                    HPOS="746.0"
                    VPOS="2714.0"
                    WIDTH="1542.0"
                    HEIGHT="187.0">
            <Shape><Polygon POINTS="746 2784 805 2714 848 2741 880 2714 928 2762 1280 2762 1333 2741 1413 2773 1520 2752 1605 2773 2203 2768 2288 2826 2240 2837 2187 2890 2053 2901 1813 2880 1445 2890 1413 2858 1365 2890 1179 2890 1141 2853 1093 2885 901 2890 842 2837 794 2842 752 2816"/></Shape>
	    <String CONTENT="אינה באה חובה בפני עצמה הואיל [וא&#39;]"
                    HPOS="746.0"
                    VPOS="2714.0"
                    WIDTH="1542.0"
                    HEIGHT="187.0"></String>
          </TextLine>

          
          
          <TextLine ID="eSc_line_83b5e3f5"
                    
                    BASELINE="730 2938 800 2928 1525 2928 1584 2938 1739 2944 2258 2961" 
                    HPOS="725.0"
                    VPOS="2842.0"
                    WIDTH="1531.0"
                    HEIGHT="187.0">
            <Shape><Polygon POINTS="725 2933 800 2842 853 2885 1040 2896 1141 2853 1179 2890 2176 2890 2245 2906 2256 2960 2197 3024 1856 3029 1797 2986 1739 3018 1627 3008 1595 3029 1429 2992 1376 3024 1275 2992 1205 3013 1179 2986 1130 3024 1040 3002 933 3024 842 3008 730 2933"/></Shape>
	    <String CONTENT="ואינה באה חובה בפני עצמה לא תבא [נד&#39;]"
                    HPOS="725.0"
                    VPOS="2842.0"
                    WIDTH="1531.0"
                    HEIGHT="187.0"></String>
          </TextLine>

          
          
          <TextLine ID="eSc_line_9244b513"
                    
                    BASELINE="709 3066 784 3056 1152 3056 1435 3072 1493 3088 1557 3077 2269 3099" 
                    HPOS="704.0"
                    VPOS="2976.0"
                    WIDTH="1563.0"
                    HEIGHT="181.0">
            <Shape><Polygon POINTS="704 3061 789 2976 933 3024 1456 3024 1477 3002 1595 3034 2187 3024 2267 3098 2176 3157 1835 3136 1797 3157 1600 3152 1573 3130 1531 3157 1445 3152 1344 3109 1307 3141 1221 3146 1152 3109 981 3157 805 3152 720 3061"/></Shape>
	    <String CONTENT="נדבה בפני עצמה תלמוד לומר קרבן מלמ&#39;"
                    HPOS="704.0"
                    VPOS="2976.0"
                    WIDTH="1563.0"
                    HEIGHT="181.0"></String>
          </TextLine>

          
          
          <TextLine ID="eSc_line_eaae04e8"
                    
                    BASELINE="773 3200 1600 3200 1664 3210 2194 3227 2269 3211" 
                    HPOS="768.0"
                    VPOS="3109.0"
                    WIDTH="1499.0"
                    HEIGHT="176.0">
            <Shape><Polygon POINTS="768 3200 789 3157 1061 3152 1120 3109 1157 3146 1349 3130 1387 3152 1515 3152 1563 3120 1595 3146 1877 3162 2192 3152 2267 3210 2171 3274 1941 3274 1899 3242 1840 3280 1018 3258 944 3285 917 3258 869 3280 773 3248"/></Shape>
	    <String CONTENT="שהיחיד מתנדב לבונה מכמה לא יפחות"
                    HPOS="768.0"
                    VPOS="3109.0"
                    WIDTH="1499.0"
                    HEIGHT="176.0"></String>
          </TextLine>

          
          
          <TextLine ID="eSc_line_86b9220f"
                    
                    BASELINE="730 3317 2274 3345" 
                    HPOS="725.0"
                    VPOS="3253.0"
                    WIDTH="1547.0"
                    HEIGHT="160.0">
            <Shape><Polygon POINTS="725 3312 789 3269 885 3274 912 3253 949 3280 2197 3269 2272 3344 2192 3402 2133 3413 2096 3392 2043 3413 1931 3392 1648 3408 1611 3376 1563 3402 1365 3376 1328 3397 1291 3376 1248 3402 1024 3402 981 3376 938 3408 896 3381 805 3408 730 3333"/></Shape>
	    <String CONTENT="מן הקומץ ˙ מניין שהיחיד מתנדב יין [נא&#39;]"
                    HPOS="725.0"
                    VPOS="3253.0"
                    WIDTH="1547.0"
                    HEIGHT="160.0"></String>
          </TextLine>

          
          
          <TextLine ID="eSc_line_f6ae8ef6"
                    
                    BASELINE="730 3440 1098 3440 1157 3450 1376 3456 1803 3456 1856 3466 2210 3483 2274 3467" 
                    HPOS="725.0"
                    VPOS="3365.0"
                    WIDTH="1547.0"
                    HEIGHT="171.0">
            <Shape><Polygon POINTS="725 3440 730 3397 768 3365 805 3402 917 3413 1082 3386 1328 3397 1349 3376 1541 3408 2192 3402 2272 3466 2187 3536 2037 3536 1979 3477 1915 3530 1819 3536 1621 3514 944 3525 917 3498 864 3530 816 3504 768 3525 730 3488"/></Shape>
	    <String CONTENT="נאמר הבא בהמה הביא מנחה הביא יין [ח&#39;]"
                    HPOS="725.0"
                    VPOS="3365.0"
                    WIDTH="1547.0"
                    HEIGHT="171.0"></String>
          </TextLine>

          
          
          <TextLine ID="eSc_line_8746ea82"
                    
                    BASELINE="720 3557 912 3573 1525 3568 1579 3578 2141 3601 2194 3611 2269 3595" 
                    HPOS="714.0"
                    VPOS="3477.0"
                    WIDTH="1553.0"
                    HEIGHT="181.0">
            <Shape><Polygon POINTS="714 3552 816 3514 874 3525 906 3498 949 3530 1915 3536 1979 3477 2048 3536 2203 3536 2267 3594 2149 3658 2000 3637 1899 3658 1429 3653 1403 3626 1381 3648 1259 3658 1120 3632 1034 3658 992 3637 869 3658 800 3648 720 3568"/></Shape>
	    <String CONTENT="חובה לה מה מנחה שהיא באה חובה עם"
                    HPOS="714.0"
                    VPOS="3477.0"
                    WIDTH="1553.0"
                    HEIGHT="181.0"></String>
          </TextLine>

          
          
          <TextLine ID="eSc_line_86045198"
                    
                    BASELINE="736 3690 2290 3718" 
                    HPOS="730.0"
                    VPOS="3648.0"
                    WIDTH="1558.0"
                    HEIGHT="144.0">
            <Shape><Polygon POINTS="730 3685 752 3653 1995 3648 2203 3653 2288 3717 2251 3717 2139 3792 1984 3770 1515 3792 1424 3754 1371 3792 1040 3770 992 3786 960 3760 896 3781 869 3754 826 3786 736 3754"/></Shape>
	    <String CONTENT="הבהמה באה נדבה בפני עצמה אף היין [שה&#39;]"
                    HPOS="730.0"
                    VPOS="3648.0"
                    WIDTH="1558.0"
                    HEIGHT="144.0"></String>
          </TextLine>

          
          
          <TextLine ID="eSc_line_f5a26250"
                    
                    BASELINE="714 3824 1355 3824 1408 3834 1813 3834 1883 3824 2258 3841" 
                    HPOS="709.0"
                    VPOS="3765.0"
                    WIDTH="1547.0"
                    HEIGHT="160.0">
            <Shape><Polygon POINTS="709 3824 789 3765 1077 3792 1984 3776 2187 3781 2256 3840 2155 3909 2037 3893 1819 3920 1648 3920 1605 3893 1584 3914 1365 3914 1269 3888 1221 3925 773 3914 714 3856"/></Shape>
	    <String CONTENT="שהוא בא חובה עם המנחה יביא נדבה [בפ&#39;]"
                    HPOS="709.0"
                    VPOS="3765.0"
                    WIDTH="1547.0"
                    HEIGHT="160.0"></String>
          </TextLine>

          
          
          <TextLine ID="eSc_line_3fe0c482"
                    
                    BASELINE="757 3946 885 3962 1381 3968 1771 3962 1824 3952 2279 3969" 
                    HPOS="752.0"
                    VPOS="3898.0"
                    WIDTH="1525.0"
                    HEIGHT="150.0">
            <Shape><Polygon POINTS="752 3941 810 3904 1387 3925 1589 3920 1611 3898 1653 3925 2203 3904 2277 3968 2197 4032 2107 4042 2021 4010 1957 4048 1840 4026 1739 4048 1648 4026 938 4042 858 4010 757 4037"/></Shape>
	    <String CONTENT="בפני עצמה מה למנחה באה נדבה בפני [ע&#39;]"
                    HPOS="752.0"
                    VPOS="3898.0"
                    WIDTH="1525.0"
                    HEIGHT="150.0"></String>
          </TextLine>

          
          
          <TextLine ID="eSc_line_f5cb7c10"
                    
                    BASELINE="730 4090 810 4080 2290 4102" 
                    HPOS="725.0"
                    VPOS="4032.0"
                    WIDTH="1563.0"
                    HEIGHT="144.0">
            <Shape><Polygon POINTS="725 4085 837 4032 2203 4032 2288 4101 2229 4101 2165 4160 2091 4165 1952 4138 1915 4165 1717 4144 1632 4170 1163 4170 1077 4165 1045 4138 960 4176 810 4154 741 4085"/></Shape>
	    <String CONTENT="עצמה שכן היא באה חובה בפני עצמה"
                    HPOS="725.0"
                    VPOS="4032.0"
                    WIDTH="1563.0"
                    HEIGHT="144.0"></String>
          </TextLine>

          
          
          <TextLine ID="eSc_line_a3ebf756"
                    
                    BASELINE="757 4213 2274 4219" 
                    HPOS="752.0"
                    VPOS="4149.0"
                    WIDTH="1520.0"
                    HEIGHT="149.0">
            <Shape><Polygon POINTS="752 4208 757 4165 789 4149 954 4176 1232 4154 1829 4170 2005 4149 2192 4154 2272 4218 2240 4218 2171 4282 2027 4282 1995 4250 1963 4282 1632 4298 1541 4272 1429 4288 1365 4250 1253 4282 1130 4266 1008 4293 837 4272 794 4298 757 4261"/></Shape>
	    <String CONTENT="יביא יין נדבה בפני עצמו שכן אינו בא"
                    HPOS="752.0"
                    VPOS="4149.0"
                    WIDTH="1520.0"
                    HEIGHT="149.0"></String>
          </TextLine>

          
          
          <TextLine ID="eSc_line_79c31880"
                    
                    BASELINE="688 4330 1275 4330 1440 4341 1605 4341 1717 4330 1867 4341 1931 4330 2295 4337" 
                    HPOS="682.0"
                    VPOS="4261.0"
                    WIDTH="1612.0"
                    HEIGHT="155.0">
            <Shape><Polygon POINTS="682 4325 842 4277 1136 4272 1189 4293 1371 4261 1435 4293 2208 4282 2294 4336 2256 4336 2197 4394 1947 4416 1797 4416 1776 4394 1728 4416 1627 4378 1568 4405 1413 4410 842 4405 810 4373 762 4410 688 4336"/></Shape>
	    <String CONTENT="חובה בפני עצמו הואיל ואינו בא חובה [ב&#39;]"
                    HPOS="682.0"
                    VPOS="4261.0"
                    WIDTH="1612.0"
                    HEIGHT="155.0"></String>
          </TextLine>

          
          
          <TextLine ID="eSc_line_a85a1d6e"
                    
                    BASELINE="709 4458 1435 4458 1488 4474 1547 4458 2021 4458 2261 4471" 
                    HPOS="704.0"
                    VPOS="4373.0"
                    WIDTH="1552.0"
                    HEIGHT="165.0">
            <Shape><Polygon POINTS="704 4453 709 4378 773 4405 810 4373 890 4410 1104 4416 2181 4394 2256 4469 2203 4522 1877 4528 1835 4501 1792 4517 1739 4496 1707 4528 1632 4538 1173 4538 1141 4512 1109 4538 928 4512 789 4538 709 4485"/></Shape>
	    <String CONTENT="בפני עצמו לא יביא נדבה בפני עצמו תלמו&#39;"
                    HPOS="704.0"
                    VPOS="4373.0"
                    WIDTH="1552.0"
                    HEIGHT="165.0"></String>
          </TextLine>

          
          
          <TextLine ID="eSc_line_2f65d345"
                    
                    BASELINE="672 4586 1275 4586 1520 4581 1579 4570 2170 4604 2287 4615" 
                    HPOS="666.0"
                    VPOS="4501.0"
                    WIDTH="1617.0"
                    HEIGHT="176.0">
            <Shape><Polygon POINTS="666 4581 736 4533 1616 4538 1707 4533 1744 4501 1877 4533 2181 4522 2283 4613 2219 4608 2187 4640 2149 4624 2123 4650 2032 4613 1979 4661 1701 4661 1659 4613 1536 4661 1477 4618 1435 4656 1056 4656 976 4677 730 4666 672 4602"/></Shape>
	    <String CONTENT="לומר קרבן מלמד שווחיד מתנדב יין מכמה"
                    HPOS="666.0"
                    VPOS="4501.0"
                    WIDTH="1617.0"
                    HEIGHT="176.0"></String>
          </TextLine>

          
          
          <TextLine ID="eSc_line_c15f8834"
                    
                    BASELINE="682 4714 1477 4709 1584 4698 2266 4732" 
                    HPOS="677.0"
                    VPOS="4618.0"
                    WIDTH="1584.0"
                    HEIGHT="176.0">
            <Shape><Polygon POINTS="677 4709 768 4656 1082 4661 1200 4688 1232 4666 1440 4661 1477 4624 1531 4656 1611 4650 1664 4618 1701 4661 1989 4661 2107 4656 2165 4618 2261 4730 2224 4730 2181 4773 2043 4784 1701 4784 1669 4757 1648 4778 1381 4794 1264 4720 1152 4794 1008 4794 976 4768 901 4794 842 4762 810 4789 757 4784 682 4709"/></Shape>
	    <String CONTENT="לא יפחות משלשת לוגין ˙ מניין שהיחיד"
                    HPOS="677.0"
                    VPOS="4618.0"
                    WIDTH="1584.0"
                    HEIGHT="176.0"></String>
          </TextLine>

          
          
          <TextLine ID="eSc_line_06b77d41"
                    
                    BASELINE="688 4832 2250 4866" 
                    HPOS="682.0"
                    VPOS="4757.0"
                    WIDTH="1563.0"
                    HEIGHT="165.0">
            <Shape><Polygon POINTS="682 4832 725 4794 805 4794 842 4757 874 4789 1002 4800 1243 4784 1301 4757 1371 4789 2139 4773 2171 4778 2245 4864 2197 4896 2139 4874 2075 4906 1931 4890 1781 4912 1643 4885 1504 4896 1472 4922 1275 4896 944 4917 757 4912 688 4848"/></Shape>
	    <String CONTENT="מתנדב שמן הוא הדין והיא התשובה תלמוד"
                    HPOS="682.0"
                    VPOS="4757.0"
                    WIDTH="1563.0"
                    HEIGHT="165.0"></String>
          </TextLine>

          
          
          <TextLine ID="eSc_line_f3c621d2"
                    
                    BASELINE="730 4949 1584 4960 1787 4949 2043 4949 2213 4967 2277 4978" 
                    HPOS="725.0"
                    VPOS="4880.0"
                    WIDTH="1547.0"
                    HEIGHT="170.0">
            <Shape><Polygon POINTS="725 4944 778 4912 864 4906 1141 4922 1280 4890 1483 4922 1504 4901 1643 4890 1787 4912 1941 4890 2085 4906 2155 4880 2272 4976 2219 4970 2181 5008 2101 5024 2027 4997 1995 5029 1941 5013 1760 5034 1723 5002 1669 5029 1643 4997 1595 5029 1419 5045 1392 5024 1216 5029 1195 5008 1163 5040 1018 5050 885 5018 794 5034 730 4970"/></Shape>
	    <String CONTENT="לומר קרבן דברי ר&#39; טרפון אמ&#39; ר&#39; טרפון מה"
                    HPOS="725.0"
                    VPOS="4880.0"
                    WIDTH="1547.0"
                    HEIGHT="170.0"></String>
          </TextLine>

          
          
          <TextLine ID="eSc_line_dc5c8810"
                    
                    BASELINE="688 5066 1109 5093 1717 5088 2037 5077 2266 5084" 
                    HPOS="682.0"
                    VPOS="5018.0"
                    WIDTH="1579.0"
                    HEIGHT="160.0">
            <Shape><Polygon POINTS="682 5061 752 5018 954 5045 1312 5045 1365 5018 1408 5050 1600 5050 1621 5029 1685 5045 1717 5024 1963 5050 1989 5029 2176 5029 2203 5056 2251 5056 2261 5082 2245 5141 1899 5146 1861 5173 1744 5141 1701 5178 1637 5152 1525 5178 1136 5157 954 5173 885 5152 848 5168 800 5136 688 5125"/></Shape>
	    <String CONTENT="מצינו ביין שהוא בא חובה בא נדבה אף"
                    HPOS="682.0"
                    VPOS="5018.0"
                    WIDTH="1579.0"
                    HEIGHT="160.0"></String>
          </TextLine>

          
        </TextBlock>
        

        
      </PrintSpace>
    </Page>
  </Layout>
</alto>
