<?xml version="1.0" encoding="UTF-8"?>
<alto xmlns:xsi="http://www.w3.org/2001/XMLSchema-instance"
      xmlns="http://www.loc.gov/standards/alto/ns-v4#"
      xsi:schemaLocation="http://www.loc.gov/standards/alto/ns-v4# http://www.loc.gov/standards/alto/v4/alto-4-2.xsd">
  <Description>
    <MeasurementUnit>pixel</MeasurementUnit>
    <sourceImageInformation>
      <fileName>add_ms_16406_f033v.jpg</fileName>
      
    </sourceImageInformation>
  </Description>
  
  <Tags>
    <OtherTag ID="BT1" LABEL="Title" DESCRIPTION="block type Title"/><OtherTag ID="BT2" LABEL="Main" DESCRIPTION="block type Main"/><OtherTag ID="BT3" LABEL="Commentary" DESCRIPTION="block type Commentary"/><OtherTag ID="BT4" LABEL="Illustration" DESCRIPTION="block type Illustration"/><OtherTag ID="BT224" LABEL="Hole" DESCRIPTION="block type Hole"/><OtherTag ID="BT225" LABEL="Margin" DESCRIPTION="block type Margin"/><OtherTag ID="BT226" LABEL="Paratext" DESCRIPTION="block type Paratext"/>
    <OtherTag ID="LT2" LABEL="Numbering" DESCRIPTION="line type Numbering"/><OtherTag ID="LT3" LABEL="Correction" DESCRIPTION="line type Correction"/><OtherTag ID="LT329" LABEL="Gloss" DESCRIPTION="line type Gloss"/>
  </Tags>
  
  <Layout>
    <Page WIDTH="4784"
          HEIGHT="6737"
          PHYSICAL_IMG_NR="64"
          ID="eSc_dummypage_">
      <PrintSpace HPOS="0"
                  VPOS="0"
                  WIDTH="4784"
                  HEIGHT="6737">
        
        <TextBlock HPOS="2252.0"
                   VPOS="638.0"
                   WIDTH="1600.0"
                   HEIGHT="4593.0"
                   ID="eSc_textblock_241e6288"
                   TAGREFS="BT2">
          <Shape><Polygon POINTS="3852 638 3852 5231 2322 5227 2323 4849 2252 4810 2276 4710 2312 4667 2326 638"/></Shape>
          
          
          <TextLine ID="eSc_line_2b0edd8a"
                    
                    BASELINE="2240 729 3616 763 3863 752" 
                    HPOS="2234.0"
                    VPOS="673.0"
                    WIDTH="1623.0"
                    HEIGHT="169.0">
            <Shape><Polygon POINTS="2234 724 2246 696 2734 707 2768 684 2964 701 3009 679 3127 707 3312 701 3352 673 3689 684 3750 707 3801 690 3857 746 3840 802 3722 830 3689 808 3610 836 3492 802 3453 842 3307 802 3228 836 2796 825 2773 802 2706 825 2627 780 2588 802 2352 802 2319 769 2240 769"/></Shape>
	    <String CONTENT="המים עולין ומציפון אותן בתוך קבריהם אחת"
                    HPOS="2234.0"
                    VPOS="673.0"
                    WIDTH="1623.0"
                    HEIGHT="169.0"></String>
          </TextLine>

          
          
          <TextLine ID="eSc_line_2bbf86ac"
                    
                    BASELINE="2274 864 2431 887 2616 881 2908 898 3172 898 3234 909 3745 909 3868 887" 
                    HPOS="2268.0"
                    VPOS="780.0"
                    WIDTH="1595.0"
                    HEIGHT="202.0">
            <Shape><Polygon POINTS="2268 858 2307 864 2363 819 2566 830 2622 780 2700 836 2824 853 3026 836 3071 864 3121 830 3150 858 3307 858 3335 836 3442 864 3689 830 3863 881 3795 965 3750 976 3576 954 3515 976 3228 960 3121 982 2902 954 2824 971 2610 931 2554 971 2515 937 2481 960 2375 954 2279 864"/></Shape>
	    <String CONTENT="בשחרית ואחת בערבות הה&#39;ד&#39; כמו חללים שכבי"
                    HPOS="2268.0"
                    VPOS="780.0"
                    WIDTH="1595.0"
                    HEIGHT="202.0"></String>
          </TextLine>

          
          
          <TextLine ID="eSc_line_c3bb4ec2"
                    
                    BASELINE="2229 1004 2493 1021 2610 1021 2667 1010 2734 1027 3105 1044 3846 1033" 
                    HPOS="2223.0"
                    VPOS="960.0"
                    WIDTH="1617.0"
                    HEIGHT="168.0">
            <Shape><Polygon POINTS="2223 999 2307 999 2358 960 2779 993 2846 993 2897 960 3043 965 3138 999 3234 960 3301 988 3397 965 3537 993 3773 982 3840 1027 3756 1117 3694 1122 3655 1094 3599 1122 3234 1100 3150 1128 3127 1105 2998 1100 2970 1128 2902 1105 2858 1128 2723 1089 2683 1117 2639 1072 2599 1111 2554 1089 2532 1111 2436 1111 2296 1004"/></Shape>
	    <String CONTENT="קבר שוכבים שלהן חללים היו כיון שעמד"
                    HPOS="2223.0"
                    VPOS="960.0"
                    WIDTH="1617.0"
                    HEIGHT="168.0"></String>
          </TextLine>

          
          
          <TextLine ID="eSc_line_adf3c582"
                    
                    BASELINE="2234 1134 2363 1156 2498 1156 2622 1145 2700 1167 2863 1167 2987 1178 3851 1178" 
                    HPOS="2229.0"
                    VPOS="1072.0"
                    WIDTH="1617.0"
                    HEIGHT="196.0">
            <Shape><Polygon POINTS="2229 1128 2307 1139 2375 1072 2464 1117 2594 1111 2639 1072 2678 1111 2706 1089 2762 1117 2801 1094 2863 1134 3032 1111 3133 1134 3728 1117 3790 1122 3846 1173 3773 1251 3655 1229 3616 1263 3571 1240 3335 1251 3296 1218 3256 1257 3206 1246 3178 1268 3150 1246 2953 1240 2886 1263 2768 1218 2650 1246 2571 1223 2487 1235 2425 1195 2347 1218 2234 1134"/></Shape>
	    <String CONTENT="נח נינוחו נאמר כאן ניחה ונאמ&#39; להלן יבא"
                    HPOS="2229.0"
                    VPOS="1072.0"
                    WIDTH="1617.0"
                    HEIGHT="196.0"></String>
          </TextLine>

          
          
          <TextLine ID="eSc_line_14ce1860"
                    
                    BASELINE="2251 1263 2369 1291 2616 1285 2852 1313 3840 1302" 
                    HPOS="2246.0"
                    VPOS="1201.0"
                    WIDTH="1589.0"
                    HEIGHT="208.0">
            <Shape><Polygon POINTS="2246 1257 2307 1263 2442 1201 2487 1240 2560 1223 2869 1263 3239 1268 3301 1212 3357 1268 3582 1274 3660 1240 3835 1296 3750 1397 3689 1375 3593 1397 3554 1375 3498 1409 3397 1364 3352 1403 3290 1369 3234 1397 3200 1364 3071 1397 2919 1358 2880 1386 2790 1369 2768 1392 2717 1364 2397 1369 2262 1263"/></Shape>
	    <String CONTENT="שלום יניחו על משכבותם מה ניחהשנ&#39; בקבר"
                    HPOS="2246.0"
                    VPOS="1201.0"
                    WIDTH="1589.0"
                    HEIGHT="208.0"></String>
          </TextLine>

          
          
          <TextLine ID="eSc_line_ced69217"
                    
                    BASELINE="2302 1414 2717 1448 3161 1442 3290 1454 3531 1454 3604 1442 3851 1442" 
                    HPOS="2296.0"
                    VPOS="1353.0"
                    WIDTH="1550.0"
                    HEIGHT="190.0">
            <Shape><Polygon POINTS="2296 1409 2363 1353 2386 1375 2577 1369 2751 1397 2880 1392 2925 1364 3020 1409 3178 1375 3234 1409 3290 1375 3335 1409 3778 1397 3846 1437 3767 1515 3621 1538 3492 1515 3430 1543 3352 1493 3324 1521 3279 1504 3127 1532 3077 1504 2970 1521 2902 1493 2858 1521 2824 1493 2740 1527 2566 1487 2521 1515 2453 1487 2408 1510 2302 1425"/></Shape>
	    <String CONTENT="אף ניחת קבר ˙ ר&#39; אלעז&#39; אמ&#39; לשם קרבנו נקרא"
                    HPOS="2296.0"
                    VPOS="1353.0"
                    WIDTH="1550.0"
                    HEIGHT="190.0"></String>
          </TextLine>

          
          
          <TextLine ID="eSc_line_80282c87"
                    
                    BASELINE="2373 1575 3828 1619" 
                    HPOS="2369.0"
                    VPOS="1493.0"
                    WIDTH="1454.0"
                    HEIGHT="196.0">
            <Shape><Polygon POINTS="2369 1571 2380 1493 2414 1521 2566 1498 2790 1532 2835 1498 2874 1532 2914 1504 2992 1538 3082 1515 3116 1538 3161 1521 3251 1549 3509 1555 3705 1515 3812 1555 3823 1616 3722 1667 3627 1650 3498 1689 3442 1661 3312 1673 3273 1628 3161 1667 3054 1633 3015 1656 2953 1644 2919 1673 2846 1633 2627 1650 2594 1628 2453 1633 2425 1605 2375 1633"/></Shape>
	    <String CONTENT="ע&#39; ותנח התבה ˙ אמ&#39; ר&#39; יוחנן לא שמשו מזל"
                    HPOS="2369.0"
                    VPOS="1493.0"
                    WIDTH="1454.0"
                    HEIGHT="196.0"></String>
          </TextLine>

          
          
          <TextLine ID="eSc_line_c4e0c4ff"
                    
                    BASELINE="2347 1707 3824 1751" 
                    HPOS="2341.0"
                    VPOS="1605.0"
                    WIDTH="1482.0"
                    HEIGHT="219.0">
            <Shape><Polygon POINTS="2341 1706 2347 1656 2431 1605 2464 1644 2487 1628 2554 1656 2841 1673 3644 1689 3711 1661 3784 1689 3823 1746 3739 1818 3689 1779 3498 1824 3475 1802 3346 1790 3166 1807 3110 1779 3071 1802 3037 1768 2936 1790 2874 1768 2790 1796 2740 1751 2689 1785 2650 1785 2610 1746 2582 1774 2464 1757 2392 1790 2347 1768"/></Shape>
	    <String CONTENT="כל אותן הימים שנים עשר חודש ˙ אמ&#39; לו"
                    HPOS="2341.0"
                    VPOS="1605.0"
                    WIDTH="1482.0"
                    HEIGHT="219.0"></String>
          </TextLine>

          
          
          <TextLine ID="eSc_line_4223d4a5"
                    TAGREFS="LT3"
                    BASELINE="2956 1803 3096 1808" 
                    HPOS="2954"
                    VPOS="1773"
                    WIDTH="143"
                    HEIGHT="64">
            <Shape><Polygon POINTS="2957 1773 3097 1778 3094 1837 2954 1832"/></Shape>
	    <String CONTENT=""
                    HPOS="2954"
                    VPOS="1773"
                    WIDTH="143"
                    HEIGHT="64"></String>
          </TextLine>

          
          
          <TextLine ID="eSc_line_730f7773"
                    
                    BASELINE="2404 1843 3837 1891" 
                    HPOS="2403.0"
                    VPOS="1774.0"
                    WIDTH="1432.0"
                    HEIGHT="185.0">
            <Shape><Polygon POINTS="2403 1841 2408 1796 2470 1785 2880 1790 3026 1830 3127 1779 3166 1818 3256 1802 3739 1830 3818 1774 3835 1886 3801 1925 3745 1914 3683 1959 3627 1920 3582 1953 3531 1925 3346 1925 3301 1948 3234 1914 3194 1942 3026 1908 2987 1942 2846 1897 2481 1920 2408 1880"/></Shape>
	    <String CONTENT="ר&#39; יונתן שימשו אלא היה רישומן ניכר ˙"
                    HPOS="2403.0"
                    VPOS="1774.0"
                    WIDTH="1432.0"
                    HEIGHT="185.0"></String>
          </TextLine>

          
          
          <TextLine ID="eSc_line_4baa1367"
                    
                    BASELINE="2279 1953 2723 1970 2925 1987 2981 1981 3369 1998 3840 1998" 
                    HPOS="2274.0"
                    VPOS="1886.0"
                    WIDTH="1561.0"
                    HEIGHT="202.0">
            <Shape><Polygon POINTS="2274 1948 2330 1942 2386 1886 2470 1920 2661 1925 2700 1897 2723 1920 2931 1908 2998 1931 3020 1908 3060 1942 3166 1920 3223 1948 3509 1959 3543 1936 3588 1953 3621 1920 3660 1959 3784 1931 3835 1993 3806 2049 3750 2037 3672 2088 3599 2049 3520 2088 3430 2037 3279 2077 3239 2054 3166 2071 3127 2032 3088 2066 3015 2037 2919 2066 2734 2026 2627 2049 2582 2015 2459 2054 2431 2026 2375 2032 2279 1953"/></Shape>
	    <String CONTENT="ר&#39; אליע&#39; ור&#39; יהושע ר&#39; אלועז&#39; אומ&#39; לא ישבתו"
                    HPOS="2274.0"
                    VPOS="1886.0"
                    WIDTH="1561.0"
                    HEIGHT="202.0"></String>
          </TextLine>

          
          
          <TextLine ID="eSc_line_7349bf67"
                    
                    BASELINE="2262 2082 2442 2099 2689 2099 2835 2110 2897 2127 2953 2116 3891 2127" 
                    HPOS="2257.0"
                    VPOS="2026.0"
                    WIDTH="1628.0"
                    HEIGHT="197.0">
            <Shape><Polygon POINTS="2257 2077 2324 2077 2369 2032 2627 2054 2734 2026 2768 2054 2897 2049 2953 2071 3026 2043 3178 2082 3346 2082 3458 2037 3537 2088 3677 2088 3756 2037 3885 2122 3795 2189 3543 2223 3442 2161 3408 2183 3357 2167 3307 2206 3245 2183 3194 2206 3065 2178 2813 2189 2745 2150 2695 2195 2650 2161 2622 2189 2532 2178 2448 2133 2386 2167 2302 2082 2262 2082"/></Shape>
	    <String CONTENT="לא שבתי ˙ ר&#39; יהושע אומ&#39; מוכאן ששבתו"
                    HPOS="2257.0"
                    VPOS="2026.0"
                    WIDTH="1628.0"
                    HEIGHT="197.0"></String>
          </TextLine>

          
          
          <TextLine ID="eSc_line_2d5d156c"
                    
                    BASELINE="2257 2217 2453 2234 2773 2234 3048 2256 3531 2251 3879 2262" 
                    HPOS="2251.0"
                    VPOS="2144.0"
                    WIDTH="1623.0"
                    HEIGHT="202.0">
            <Shape><Polygon POINTS="2251 2211 2307 2211 2358 2161 2420 2172 2481 2144 2521 2178 2678 2200 2756 2161 2790 2195 2902 2183 3116 2211 3245 2183 3279 2211 3391 2211 3436 2172 3475 2211 3711 2223 3767 2183 3874 2256 3750 2335 3582 2346 3273 2307 3223 2329 3138 2307 3065 2329 3015 2301 2818 2318 2655 2268 2571 2307 2459 2284 2380 2301 2290 2217"/></Shape>
	    <String CONTENT="ששב&#39; מן האדמה אשר אררה יייי ˙ עשרה"
                    HPOS="2251.0"
                    VPOS="2144.0"
                    WIDTH="1623.0"
                    HEIGHT="202.0"></String>
          </TextLine>

          
          
          <TextLine ID="eSc_line_0b75399f"
                    
                    BASELINE="2251 2357 2386 2357 2448 2374 2515 2363 2756 2363 2942 2380 3088 2380 3144 2397 3200 2386 3868 2386" 
                    HPOS="2246.0"
                    VPOS="2279.0"
                    WIDTH="1617.0"
                    HEIGHT="191.0">
            <Shape><Polygon POINTS="2246 2352 2341 2284 2577 2313 2667 2279 2813 2318 2942 2301 3211 2341 3256 2313 3402 2313 3430 2341 3756 2341 3778 2318 3863 2380 3806 2447 3756 2436 3700 2470 3515 2459 3453 2430 3346 2464 3290 2436 3223 2464 3060 2436 2796 2442 2756 2414 2723 2436 2594 2436 2543 2408 2352 2430 2251 2352"/></Shape>
	    <String CONTENT="רעבון באו לעולם אחד [ב&#39;או&#39; בימי אדם"
                    HPOS="2246.0"
                    VPOS="2279.0"
                    WIDTH="1617.0"
                    HEIGHT="191.0"></String>
          </TextLine>

          
          
          <TextLine ID="eSc_line_84bd60d4"
                    
                    BASELINE="2274 2475 2532 2475 2633 2492 2762 2492 2829 2503 3088 2498 3503 2515 3857 2515" 
                    HPOS="2268.0"
                    VPOS="2402.0"
                    WIDTH="1583.0"
                    HEIGHT="186.0">
            <Shape><Polygon POINTS="2268 2470 2414 2414 2481 2436 2532 2402 2571 2442 2728 2442 2751 2419 2891 2459 3060 2436 3352 2464 3453 2436 3486 2464 3683 2475 3762 2442 3851 2509 3756 2588 3385 2565 3043 2565 2970 2588 2936 2554 2841 2543 2672 2565 2554 2537 2436 2571 2274 2470"/></Shape>
	    <String CONTENT="ענ&#39; ארורה האדמה בעבורך ואחד בימי למך"
                    HPOS="2268.0"
                    VPOS="2402.0"
                    WIDTH="1583.0"
                    HEIGHT="186.0"></String>
          </TextLine>

          
          
          <TextLine ID="eSc_line_673b1c9c"
                    
                    BASELINE="2274 2610 2459 2610 2610 2627 2829 2627 2897 2644 2953 2633 3840 2638" 
                    HPOS="2268.0"
                    VPOS="2537.0"
                    WIDTH="1567.0"
                    HEIGHT="185.0">
            <Shape><Polygon POINTS="2268 2604 2319 2593 2375 2537 2431 2571 2582 2537 2627 2582 2695 2582 2728 2554 2936 2554 2964 2582 3335 2571 3363 2593 3503 2599 3537 2571 3739 2593 3818 2565 3835 2633 3818 2677 3745 2722 3571 2722 3548 2700 3492 2722 3453 2700 3150 2706 3105 2677 3077 2700 2481 2689 2397 2677 2279 2604"/></Shape>
	    <String CONTENT="שנ&#39; מן האדמה אשר אררה יייי ואחד בימו [א&#39;]"
                    HPOS="2268.0"
                    VPOS="2537.0"
                    WIDTH="1567.0"
                    HEIGHT="185.0"></String>
          </TextLine>

          
          
          <TextLine ID="eSc_line_f5bf57f7"
                    
                    BASELINE="2279 2728 2453 2750 2773 2745 3256 2773 3863 2773" 
                    HPOS="2274.0"
                    VPOS="2672.0"
                    WIDTH="1583.0"
                    HEIGHT="191.0">
            <Shape><Polygon POINTS="2274 2722 2313 2722 2363 2672 2554 2700 2959 2683 3150 2717 3217 2694 3352 2722 3795 2722 3857 2767 3778 2846 3683 2863 3576 2851 3531 2818 3475 2857 3374 2823 3296 2835 3273 2812 3116 2846 3009 2818 2902 2840 2740 2795 2650 2823 2436 2795 2386 2818 2285 2728"/></Shape>
	    <String CONTENT="אברהם שנ&#39; ויהי רעב בארץ וירד אברם ]"
                    HPOS="2274.0"
                    VPOS="2672.0"
                    WIDTH="1583.0"
                    HEIGHT="191.0"></String>
          </TextLine>

          
          
          <TextLine ID="eSc_line_3a764410"
                    
                    BASELINE="2285 2874 2605 2874 2672 2885 2992 2880 3105 2891 3402 2896 3470 2908 3677 2908 3868 2891" 
                    HPOS="2279.0"
                    VPOS="2795.0"
                    WIDTH="1584.0"
                    HEIGHT="191.0">
            <Shape><Polygon POINTS="2279 2868 2363 2795 2397 2818 2650 2829 2756 2807 2914 2840 3801 2846 3863 2885 3812 2953 3733 2947 3677 2975 3638 2941 3588 2986 3531 2981 3486 2936 3447 2964 3166 2958 3121 2930 3020 2964 2661 2930 2515 2953 2369 2924 2285 2868"/></Shape>
	    <String CONTENT="מצרימה ˙ ואחד בימי יצהק שנ&#39; ויהו רעבר"
                    HPOS="2279.0"
                    VPOS="2795.0"
                    WIDTH="1584.0"
                    HEIGHT="191.0"></String>
          </TextLine>

          
          
          <TextLine ID="eSc_line_1272f41b"
                    
                    BASELINE="2257 2997 3020 3020 3464 3014 3588 3026 3851 3026" 
                    HPOS="2251.0"
                    VPOS="2936.0"
                    WIDTH="1595.0"
                    HEIGHT="179.0">
            <Shape><Polygon POINTS="2251 2992 2324 2986 2392 2936 3015 2975 3138 2936 3239 2975 3380 2958 3582 2992 3677 2986 3745 2953 3846 3020 3790 3093 3711 3082 3660 3115 3599 3082 3548 3115 3509 3076 3408 3104 3183 3065 3088 3087 3004 3065 2936 3099 2639 3059 2380 3087 2296 2997"/></Shape>
	    <String CONTENT="מלבד הרעב ואחד בימי יעקב כי זה שנתים"
                    HPOS="2251.0"
                    VPOS="2936.0"
                    WIDTH="1595.0"
                    HEIGHT="179.0"></String>
          </TextLine>

          
          
          <TextLine ID="eSc_line_548d177f"
                    
                    BASELINE="2257 3143 2515 3143 2655 3155 3239 3155 3296 3143 3357 3160 3846 3166" 
                    HPOS="2251.0"
                    VPOS="3054.0"
                    WIDTH="1589.0"
                    HEIGHT="190.0">
            <Shape><Polygon POINTS="2251 3138 2335 3054 2380 3093 2599 3099 2667 3070 2689 3093 2964 3099 3032 3065 3071 3104 3189 3076 3223 3110 3307 3115 3335 3087 3408 3115 3795 3115 3840 3160 3812 3222 3756 3233 3717 3211 3666 3244 3481 3216 3335 3233 3267 3205 3239 3233 3048 3228 3020 3200 2942 3222 2852 3194 2706 3228 2650 3205 2453 3228 2431 3205 2307 3244 2257 3194"/></Shape>
	    <String CONTENT="הרעב בקרב הארץ ואחד בימי שפוט השו"
                    HPOS="2251.0"
                    VPOS="3054.0"
                    WIDTH="1589.0"
                    HEIGHT="190.0"></String>
          </TextLine>

          
          
          <TextLine ID="eSc_line_379c46a2"
                    
                    BASELINE="2274 3267 2790 3289 3863 3278" 
                    HPOS="2268.0"
                    VPOS="3200.0"
                    WIDTH="1589.0"
                    HEIGHT="179.0">
            <Shape><Polygon POINTS="2268 3261 2363 3222 2773 3228 2846 3200 2953 3228 3015 3205 3037 3228 3234 3233 3273 3205 3324 3228 3672 3244 3733 3222 3857 3273 3745 3379 3672 3346 3453 3357 3425 3329 3352 3351 2689 3351 2650 3329 2515 3351 2470 3306 2436 3340 2375 3340 2302 3267"/></Shape>
	    <String CONTENT="שנ&#39; ויהי בימי שפוט השופטים ואחד בימי דוד"
                    HPOS="2268.0"
                    VPOS="3200.0"
                    WIDTH="1589.0"
                    HEIGHT="179.0"></String>
          </TextLine>

          
          
          <TextLine ID="eSc_line_205f6ac5"
                    
                    BASELINE="2229 3379 2358 3402 2790 3396 2846 3407 3037 3413 3105 3424 3711 3419 3891 3430" 
                    HPOS="2223.0"
                    VPOS="3312.0"
                    WIDTH="1662.0"
                    HEIGHT="196.0">
            <Shape><Polygon POINTS="2223 3374 2313 3385 2358 3346 2436 3351 2476 3312 2521 3357 2599 3362 2650 3334 2672 3357 2992 3357 3060 3334 3161 3362 3430 3334 3526 3368 3588 3346 3722 3357 3885 3424 3846 3424 3762 3508 3677 3508 3632 3469 3588 3497 3543 3469 3475 3486 3391 3463 3194 3486 3093 3447 2858 3475 2768 3452 2712 3486 2537 3486 2498 3458 2380 3475 2290 3390 2229 3379"/></Shape>
	    <String CONTENT="שנ&#39; ויהי בימי אליהו חי יייי ושר עמדתי לפניו"
                    HPOS="2223.0"
                    VPOS="3312.0"
                    WIDTH="1662.0"
                    HEIGHT="196.0"></String>
          </TextLine>

          
          
          <TextLine ID="eSc_line_f8f19080"
                    
                    BASELINE="2229 3525 2352 3525 2408 3536 2914 3531 2975 3542 3307 3548 3369 3559 3750 3553 3868 3570" 
                    HPOS="2223.0"
                    VPOS="3447.0"
                    WIDTH="1640.0"
                    HEIGHT="202.0">
            <Shape><Polygon POINTS="2223 3520 2296 3492 2324 3508 2363 3469 2712 3486 2975 3452 3043 3480 3093 3447 3245 3497 3273 3475 3397 3469 3498 3497 3526 3475 3559 3497 3632 3475 3666 3508 3806 3514 3863 3564 3846 3598 3739 3649 3689 3604 3054 3609 2947 3581 2869 3609 2717 3587 2521 3615 2498 3593 2386 3593 2307 3520 2234 3520"/></Shape>
	    <String CONTENT="אם יהיה השנים האלה טל ומטר ואחד נימי"
                    HPOS="2223.0"
                    VPOS="3447.0"
                    WIDTH="1640.0"
                    HEIGHT="202.0"></String>
          </TextLine>

          
          
          <TextLine ID="eSc_line_b26551fa"
                    
                    BASELINE="2251 3654 2448 3671 2756 3666 3369 3694 3621 3688 3868 3699" 
                    HPOS="2246.0"
                    VPOS="3581.0"
                    WIDTH="1617.0"
                    HEIGHT="202.0">
            <Shape><Polygon POINTS="2246 3649 2313 3654 2375 3593 2515 3626 2667 3609 2813 3637 2947 3581 3071 3621 3144 3598 3178 3632 3239 3604 3498 3604 3621 3637 3683 3604 3750 3654 3812 3649 3863 3694 3773 3761 3649 3739 3593 3783 3470 3772 3419 3733 3374 3755 3346 3727 3290 3755 3200 3727 3060 3767 2992 3727 2807 3772 2768 3733 2678 3722 2639 3761 2616 3733 2515 3733 2459 3767 2324 3660 2262 3654"/></Shape>
	    <String CONTENT="אלישע שנ&#39; ויהי רעב גדול בשומרן ואחד"
                    HPOS="2246.0"
                    VPOS="3581.0"
                    WIDTH="1617.0"
                    HEIGHT="202.0"></String>
          </TextLine>

          
          
          <TextLine ID="eSc_line_3b63bb90"
                    
                    BASELINE="2274 3806 2453 3800 2571 3812 2874 3817 2947 3828 3762 3828 3885 3806" 
                    HPOS="2268.0"
                    VPOS="3716.0"
                    WIDTH="1611.0"
                    HEIGHT="185.0">
            <Shape><Polygon POINTS="2268 3800 2369 3750 2627 3761 2672 3716 2728 3767 2914 3767 2998 3722 3048 3767 3194 3727 3234 3767 3279 3767 3352 3727 3380 3755 3419 3733 3458 3772 3801 3772 3879 3800 3733 3896 3632 3879 3599 3901 3531 3901 3498 3873 3453 3896 3239 3896 3166 3862 3082 3896 2835 3868 2785 3890 2717 3851 2622 3890 2498 3890 2459 3856 2358 3856 2302 3800"/></Shape>
	    <String CONTENT="שהיה מתגל גל ובא לעולם ˙ ואחד לעתיך"
                    HPOS="2268.0"
                    VPOS="3716.0"
                    WIDTH="1611.0"
                    HEIGHT="185.0"></String>
          </TextLine>

          
          
          <TextLine ID="eSc_line_9b82c9a3"
                    
                    BASELINE="2296 3941 2543 3941 2599 3929 2689 3946 3105 3963 3677 3963 3857 3946" 
                    HPOS="2290.0"
                    VPOS="3856.0"
                    WIDTH="1561.0"
                    HEIGHT="186.0">
            <Shape><Polygon POINTS="2290 3935 2397 3862 2537 3901 2712 3856 2773 3896 3026 3879 3088 3901 3150 3862 3245 3907 3352 3913 3447 3913 3498 3879 3537 3907 3571 3885 3610 3913 3722 3907 3778 3873 3851 3941 3835 3997 3745 4030 3498 4014 3402 4036 3352 4008 3301 4042 3206 4008 2369 4014 2296 3941"/></Shape>
	    <String CONTENT="לבא [ש&#39; לא רעב ללחם לא צמא למים וב"
                    HPOS="2290.0"
                    VPOS="3856.0"
                    WIDTH="1561.0"
                    HEIGHT="186.0"></String>
          </TextLine>

          
          
          <TextLine ID="eSc_line_6ef3601c"
                    
                    BASELINE="2302 4070 2554 4070 2908 4087 2970 4098 3885 4087" 
                    HPOS="2296.0"
                    VPOS="4002.0"
                    WIDTH="1583.0"
                    HEIGHT="180.0">
            <Shape><Polygon POINTS="2296 4064 2380 4014 2509 4002 2543 4025 2728 4030 2768 4008 3020 4008 3082 4036 3200 4014 3307 4047 3340 4019 3402 4047 3627 4030 3649 4053 3790 4047 3829 4081 3879 4081 3868 4137 3840 4126 3767 4176 3717 4154 3689 4182 3599 4176 3548 4137 3425 4171 3318 4148 3161 4165 3088 4132 2970 4154 2942 4126 2897 4148 2863 4115 2818 4154 2756 4132 2728 4160 2577 4160 2515 4115 2470 4160 2363 4148 2307 4092"/></Shape>
	    <String CONTENT="הונא ור&#39; ירמיה בשם ר&#39; שמוא&#39;] בר נחמן רב"
                    HPOS="2296.0"
                    VPOS="4002.0"
                    WIDTH="1583.0"
                    HEIGHT="180.0"></String>
          </TextLine>

          
          
          <TextLine ID="eSc_line_aab752a0"
                    
                    BASELINE="2274 4205 3172 4205 3301 4221 3447 4221 3503 4233 3711 4227 3767 4238 3879 4199" 
                    HPOS="2268.0"
                    VPOS="4115.0"
                    WIDTH="1606.0"
                    HEIGHT="191.0">
            <Shape><Polygon POINTS="2268 4199 2341 4188 2380 4148 2459 4165 2509 4115 2577 4165 2712 4165 2762 4137 2813 4160 2858 4115 2897 4154 2936 4132 2964 4160 3312 4143 3397 4176 3874 4193 3722 4306 3453 4306 3413 4266 3380 4289 3329 4261 3206 4289 3172 4255 3093 4294 3054 4261 3015 4294 2891 4249 2734 4289 2655 4255 2436 4255 2380 4277 2302 4199"/></Shape>
	    <String CONTENT="יצחק עיקר אוו&#39;נ)טייא שלו לא היה אלא"
                    HPOS="2268.0"
                    VPOS="4115.0"
                    WIDTH="1606.0"
                    HEIGHT="191.0"></String>
          </TextLine>

          
          
          <TextLine ID="eSc_line_fa1f94ed"
                    
                    BASELINE="2285 4328 2476 4345 3846 4345" 
                    HPOS="2279.0"
                    VPOS="4255.0"
                    WIDTH="1561.0"
                    HEIGHT="180.0">
            <Shape><Polygon POINTS="2279 4322 2347 4322 2408 4272 2481 4294 2515 4261 2560 4261 2605 4294 2655 4255 2723 4294 2897 4255 2931 4289 3166 4300 3267 4294 3307 4261 3447 4300 3728 4300 3778 4277 3840 4339 3778 4412 3655 4435 3571 4390 3419 4390 3391 4412 3324 4395 3296 4423 3211 4429 3155 4401 2947 4379 2863 4423 2706 4395 2493 4418 2425 4412 2330 4328"/></Shape>
	    <String CONTENT="אבימי דוד ולא היה ראוי לבא אלא בימי"
                    HPOS="2279.0"
                    VPOS="4255.0"
                    WIDTH="1561.0"
                    HEIGHT="180.0"></String>
          </TextLine>

          
          
          <TextLine ID="eSc_line_8dff02d5"
                    
                    BASELINE="2229 4468 2582 4468 2779 4480 3756 4480 3868 4452" 
                    HPOS="2223.0"
                    VPOS="4379.0"
                    WIDTH="1640.0"
                    HEIGHT="185.0">
            <Shape><Polygon POINTS="2223 4463 2279 4452 2330 4401 2498 4423 2560 4395 2605 4423 2712 4401 2869 4429 2925 4379 3015 4429 3369 4429 3458 4395 3503 4440 3565 4390 3604 4429 3863 4446 3767 4558 3565 4519 3385 4564 3166 4553 3138 4530 3105 4553 2947 4530 2824 4558 2560 4519 2515 4541 2319 4541 2240 4463"/></Shape>
	    <String CONTENT="שאול אלא שהיה שאול גרופית של שקמה"
                    HPOS="2223.0"
                    VPOS="4379.0"
                    WIDTH="1640.0"
                    HEIGHT="185.0"></String>
          </TextLine>

          
          
          <TextLine ID="eSc_line_7136b571"
                    
                    BASELINE="2251 4592 2863 4614 3863 4603" 
                    HPOS="2246.0"
                    VPOS="4525.0"
                    WIDTH="1611.0"
                    HEIGHT="174.0">
            <Shape><Polygon POINTS="2246 4586 2313 4586 2363 4536 2515 4553 2639 4525 2785 4558 3391 4564 3503 4536 3576 4569 3655 4530 3683 4558 3717 4536 3857 4598 3790 4693 3655 4699 3610 4659 3559 4693 3413 4687 3380 4654 3307 4687 3183 4693 3020 4682 2992 4654 2886 4670 2846 4637 2751 4670 2650 4654 2549 4693 2493 4665 2431 4687 2369 4665 2296 4592 2251 4592"/></Shape>
	    <String CONTENT="בלגלו הקב&#39;ה והביאו בימי דוד שילא חיט"
                    HPOS="2246.0"
                    VPOS="4525.0"
                    WIDTH="1611.0"
                    HEIGHT="174.0"></String>
          </TextLine>

          
          
          <TextLine ID="eSc_line_2e43cf07"
                    
                    BASELINE="2355 4766 3863 4775" 
                    HPOS="2352.0"
                    VPOS="4637.0"
                    WIDTH="1505.0"
                    HEIGHT="202.0">
            <Shape><Polygon POINTS="2352 4760 2375 4699 2773 4687 2829 4637 2919 4687 3200 4704 3329 4693 3374 4659 3425 4699 3790 4699 3857 4772 3790 4833 3762 4805 3677 4805 3638 4839 3593 4816 3526 4839 3486 4800 3447 4828 3391 4805 3340 4822 3206 4772 3071 4777 3032 4811 2768 4800 2717 4822 2594 4822 2566 4800 2459 4816 2425 4788 2358 4828"/></Shape>
	    <String CONTENT="ויוחנא משלמא ˙ אתמהא לזגג שהייתה"
                    HPOS="2352.0"
                    VPOS="4637.0"
                    WIDTH="1505.0"
                    HEIGHT="202.0"></String>
          </TextLine>

          
          
          <TextLine ID="eSc_line_f644b57a"
                    TAGREFS="LT3"
                    BASELINE="2281 4740 2373 4736" 
                    HPOS="2279"
                    VPOS="4706"
                    WIDTH="95"
                    HEIGHT="63">
            <Shape><Polygon POINTS="2279 4710 2371 4706 2374 4765 2282 4769"/></Shape>
	    <String CONTENT=""
                    HPOS="2279"
                    VPOS="4706"
                    WIDTH="95"
                    HEIGHT="63"></String>
          </TextLine>

          
          
          <TextLine ID="eSc_line_53329173"
                    TAGREFS="LT3"
                    BASELINE="3039 4819 3337 4828" 
                    HPOS="3038"
                    VPOS="4789"
                    WIDTH="299"
                    HEIGHT="68">
            <Shape><Polygon POINTS="3039 4789 3337 4798 3336 4857 3038 4848"/></Shape>
	    <String CONTENT=""
                    HPOS="3038"
                    VPOS="4789"
                    WIDTH="299"
                    HEIGHT="68"></String>
          </TextLine>

          
          
          <TextLine ID="eSc_line_3da6fe30"
                    
                    BASELINE="2355 4880 3846 4911" 
                    HPOS="2352.0"
                    VPOS="4794.0"
                    WIDTH="1488.0"
                    HEIGHT="180.0">
            <Shape><Polygon POINTS="2352 4878 2358 4833 2431 4794 2459 4822 2947 4805 3060 4839 3251 4845 3324 4816 3374 4839 3644 4845 3705 4805 3745 4839 3806 4845 3840 4906 3767 4968 3689 4940 3559 4974 3531 4946 3324 4962 3110 4923 2919 4957 2723 4940 2683 4962 2599 4934 2425 4957 2358 4929"/></Shape>
	    <String CONTENT="מליאה כוסות וחוטי חוטין ˙כמועה שהייה"
                    HPOS="2352.0"
                    VPOS="4794.0"
                    WIDTH="1488.0"
                    HEIGHT="180.0"></String>
          </TextLine>

          
          
          <TextLine ID="eSc_line_c8597124"
                    
                    BASELINE="2251 5035 2369 5013 3318 5013 3593 5030 3846 5019" 
                    HPOS="2246.0"
                    VPOS="4923.0"
                    WIDTH="1594.0"
                    HEIGHT="185.0">
            <Shape><Polygon POINTS="2246 5030 2392 4923 2425 4957 2504 4934 2667 4962 3060 4957 3116 4929 3206 4962 3531 4946 3559 4974 3604 4940 3700 4940 3840 5013 3784 5103 3705 5108 3335 5092 3296 5069 3206 5092 2925 5069 2745 5092 2605 5058 2335 5086 2251 5030"/></Shape>
	    <String CONTENT="מבקט לתלות את קופתו היה מביא יתרותלה"
                    HPOS="2246.0"
                    VPOS="4923.0"
                    WIDTH="1594.0"
                    HEIGHT="185.0"></String>
          </TextLine>

          
          
          <TextLine ID="eSc_line_503eb3ec"
                    
                    BASELINE="2229 5131 2352 5153 2582 5148 3733 5176 3846 5148" 
                    HPOS="2223.0"
                    VPOS="5075.0"
                    WIDTH="1617.0"
                    HEIGHT="168.0">
            <Shape><Polygon POINTS="2223 5125 2234 5097 2425 5075 2453 5103 2549 5108 2622 5080 2700 5108 3060 5086 3166 5114 3806 5114 3840 5142 3823 5209 3784 5232 3644 5209 3588 5226 3559 5204 3498 5232 3458 5209 3419 5238 3324 5204 3279 5238 3071 5243 2970 5238 2914 5193 2785 5215 2672 5193 2610 5232 2554 5232 2403 5226 2319 5181 2229 5176"/></Shape>
	    <String CONTENT="בה ואחר כך הוא תולה את קופתו לפיכך לא‏"
                    HPOS="2223.0"
                    VPOS="5075.0"
                    WIDTH="1617.0"
                    HEIGHT="168.0"></String>
          </TextLine>

          
        </TextBlock>
        
        <TextBlock HPOS="1932.0"
                   VPOS="1428.0"
                   WIDTH="428.0"
                   HEIGHT="292.0"
                   ID="eSc_textblock_9e1a69a7"
                   TAGREFS="BT225">
          <Shape><Polygon POINTS="2360 1451 2339 1558 2333 1720 1932 1712 1932 1428"/></Shape>
          
          
          <TextLine ID="eSc_line_16c40504"
                    
                    BASELINE="1917 1461 2364 1488" 
                    HPOS="1915"
                    VPOS="1431"
                    WIDTH="450"
                    HEIGHT="86">
            <Shape><Polygon POINTS="1918 1431 2365 1458 2362 1517 1915 1490"/></Shape>
	    <String CONTENT=""
                    HPOS="1915"
                    VPOS="1431"
                    WIDTH="450"
                    HEIGHT="86"></String>
          </TextLine>

          
          
          <TextLine ID="eSc_line_7bdb4424"
                    
                    BASELINE="1961 1514 2355 1531" 
                    HPOS="1959"
                    VPOS="1484"
                    WIDTH="397"
                    HEIGHT="76">
            <Shape><Polygon POINTS="1962 1484 2356 1501 2353 1560 1959 1543"/></Shape>
	    <String CONTENT=""
                    HPOS="1959"
                    VPOS="1484"
                    WIDTH="397"
                    HEIGHT="76"></String>
          </TextLine>

          
          
          <TextLine ID="eSc_line_c06c7a51"
                    
                    BASELINE="1957 1558 2364 1580" 
                    HPOS="1955"
                    VPOS="1528"
                    WIDTH="410"
                    HEIGHT="81">
            <Shape><Polygon POINTS="1958 1528 2365 1550 2362 1609 1955 1587"/></Shape>
	    <String CONTENT=""
                    HPOS="1955"
                    VPOS="1528"
                    WIDTH="410"
                    HEIGHT="81"></String>
          </TextLine>

          
          
          <TextLine ID="eSc_line_11a7a03d"
                    
                    BASELINE="1970 1610 2369 1637" 
                    HPOS="1967"
                    VPOS="1580"
                    WIDTH="404"
                    HEIGHT="86">
            <Shape><Polygon POINTS="1972 1580 2371 1607 2366 1666 1967 1639"/></Shape>
	    <String CONTENT=""
                    HPOS="1967"
                    VPOS="1580"
                    WIDTH="404"
                    HEIGHT="86"></String>
          </TextLine>

          
          
          <TextLine ID="eSc_line_93ebf786"
                    
                    BASELINE="2206 1672 2329 1672" 
                    HPOS="2206"
                    VPOS="1642"
                    WIDTH="123"
                    HEIGHT="60">
            <Shape><Polygon POINTS="2206 1642 2329 1642 2329 1702 2206 1702"/></Shape>
	    <String CONTENT=""
                    HPOS="2206"
                    VPOS="1642"
                    WIDTH="123"
                    HEIGHT="60"></String>
          </TextLine>

          
        </TextBlock>
        
        <TextBlock HPOS="402.0"
                   VPOS="638.0"
                   WIDTH="1576.0"
                   HEIGHT="4643.0"
                   ID="eSc_textblock_bb1170c6"
                   TAGREFS="BT2">
          <Shape><Polygon POINTS="1978 638 1978 5281 402 5260 452 638"/></Shape>
          
          
          <TextLine ID="eSc_line_a540ea6e"
                    
                    BASELINE="532 799 1098 751 1957 755" 
                    HPOS="527.0"
                    VPOS="651.0"
                    WIDTH="1427.0"
                    HEIGHT="196.0">
            <Shape><Polygon POINTS="527 797 533 729 662 729 718 673 825 724 1167 701 1207 662 1268 656 1673 651 1735 707 1937 701 1954 752 1903 797 1779 797 1763 819 1667 802 1566 825 1532 791 1482 830 1319 830 1252 797 1033 797 774 847 567 847 539 825"/></Shape>
	    <String CONTENT="באו כולן בימי בני אדם שפופין אלא בימו"
                    HPOS="527.0"
                    VPOS="651.0"
                    WIDTH="1427.0"
                    HEIGHT="196.0"></String>
          </TextLine>

          
          
          <TextLine ID="eSc_line_3337880c"
                    
                    BASELINE="466 915 600 915 656 903 915 903 1078 875 1151 887 1353 881 1954 887" 
                    HPOS="460.0"
                    VPOS="808.0"
                    WIDTH="1488.0"
                    HEIGHT="202.0">
            <Shape><Polygon POINTS="460 909 600 864 831 847 853 825 948 836 993 808 1123 836 1897 825 1948 881 1909 943 1841 960 1785 937 1768 960 1678 943 1650 965 1532 965 1454 931 1375 960 1218 960 1134 926 1066 960 988 937 943 971 864 937 808 982 606 976 555 1010 466 926"/></Shape>
	    <String CONTENT="בני אדם גבורים שהיו יכולין לעמוד כהן"
                    HPOS="460.0"
                    VPOS="808.0"
                    WIDTH="1488.0"
                    HEIGHT="202.0"></String>
          </TextLine>

          
          
          <TextLine ID="eSc_line_949b4023"
                    
                    BASELINE="477 1044 802 1038 1021 1016 1858 1021 1970 993" 
                    HPOS="471.0"
                    VPOS="926.0"
                    WIDTH="1494.0"
                    HEIGHT="196.0">
            <Shape><Polygon POINTS="471 1038 662 988 819 982 859 943 948 976 1094 965 1145 926 1257 965 1476 948 1740 965 1791 943 1965 988 1914 1077 1746 1072 1718 1100 1589 1077 1504 1094 1403 1066 1358 1100 1274 1055 1229 1100 1167 1072 1066 1105 1016 1077 887 1105 814 1072 752 1117 628 1122 555 1117 477 1044"/></Shape>
	    <String CONTENT="ד&#39; ברכיה צווח קרי עליהון נותן ליעת כה ˙"
                    HPOS="471.0"
                    VPOS="926.0"
                    WIDTH="1494.0"
                    HEIGHT="196.0"></String>
          </TextLine>

          
          
          <TextLine ID="eSc_line_5250bd08"
                    
                    BASELINE="437 1156 567 1178 640 1178 701 1167 1179 1150 1954 1150" 
                    HPOS="432.0"
                    VPOS="1049.0"
                    WIDTH="1516.0"
                    HEIGHT="214.0">
            <Shape><Polygon POINTS="432 1150 499 1156 544 1111 842 1117 1162 1083 1229 1100 1274 1049 1347 1094 1409 1072 1443 1094 1656 1105 1813 1100 1864 1066 1948 1145 1931 1212 1813 1240 1785 1212 1751 1235 1465 1229 1403 1195 1252 1229 1201 1201 1117 1235 898 1235 859 1207 758 1246 555 1263 449 1156"/></Shape>
	    <String CONTENT="ר&#39; ברכיה בשם ר&#39; חלבו שנים בימי אברהם"
                    HPOS="432.0"
                    VPOS="1049.0"
                    WIDTH="1516.0"
                    HEIGHT="214.0"></String>
          </TextLine>

          
          
          <TextLine ID="eSc_line_54dcf074"
                    
                    BASELINE="454 1302 774 1296 831 1280 1021 1291 1145 1285 1970 1291" 
                    HPOS="449.0"
                    VPOS="1207.0"
                    WIDTH="1516.0"
                    HEIGHT="190.0">
            <Shape><Polygon POINTS="449 1296 533 1263 612 1268 651 1235 701 1257 1033 1223 1246 1235 1364 1207 1414 1229 1909 1235 1965 1285 1920 1341 1847 1369 1527 1341 1454 1369 1370 1330 1341 1358 1291 1347 1207 1375 1106 1353 864 1347 741 1375 685 1358 595 1397 471 1296"/></Shape>
	    <String CONTENT="רב הונא בשם ר&#39; אחא אמ&#39; אחד בימי למך"
                    HPOS="449.0"
                    VPOS="1207.0"
                    WIDTH="1516.0"
                    HEIGHT="190.0"></String>
          </TextLine>

          
          
          <TextLine ID="eSc_line_e0b0298d"
                    
                    BASELINE="454 1425 1925 1414" 
                    HPOS="449.0"
                    VPOS="1347.0"
                    WIDTH="1471.0"
                    HEIGHT="163.0">
            <Shape><Polygon POINTS="449 1420 533 1347 589 1392 758 1364 1308 1358 1903 1375 1920 1409 1903 1504 1858 1487 1757 1510 1712 1476 1645 1498 1611 1470 1555 1504 1510 1465 1409 1493 1100 1470 1066 1498 786 1476 679 1504 634 1476 505 1510 454 1459"/></Shape>
	    <String CONTENT="ואחד בימי אברהם ˙ רעב שהיה בימי אליה"
                    HPOS="449.0"
                    VPOS="1347.0"
                    WIDTH="1471.0"
                    HEIGHT="163.0"></String>
          </TextLine>

          
          
          <TextLine ID="eSc_line_11268256"
                    
                    BASELINE="454 1571 640 1583 696 1571 988 1555 1937 1555" 
                    HPOS="449.0"
                    VPOS="1470.0"
                    WIDTH="1482.0"
                    HEIGHT="186.0">
            <Shape><Polygon POINTS="449 1566 572 1527 634 1476 690 1515 831 1493 1577 1504 1611 1470 1650 1504 1897 1510 1931 1549 1909 1628 1864 1611 1819 1644 1207 1605 847 1639 814 1605 746 1644 640 1633 606 1656 578 1628 527 1650 454 1577"/></Shape>
	    <String CONTENT="ועבשל בצורת היה שנה עברה שנה לא"
                    HPOS="449.0"
                    VPOS="1470.0"
                    WIDTH="1482.0"
                    HEIGHT="186.0"></String>
          </TextLine>

          
          
          <TextLine ID="eSc_line_fa826c17"
                    
                    BASELINE="432 1678 724 1695 1858 1689 1982 1706" 
                    HPOS="426.0"
                    VPOS="1611.0"
                    WIDTH="1550.0"
                    HEIGHT="185.0">
            <Shape><Polygon POINTS="426 1673 583 1644 746 1650 791 1611 836 1644 1207 1611 1903 1639 1976 1701 1847 1779 1779 1740 1706 1768 1662 1723 1605 1779 1487 1779 1443 1751 1347 1774 1302 1746 1083 1768 780 1740 735 1774 673 1762 583 1796 516 1779 432 1695"/></Shape>
	    <String CONTENT="עברה ˙ רעב שבא בימי בימי אלישע רעב"
                    HPOS="426.0"
                    VPOS="1611.0"
                    WIDTH="1550.0"
                    HEIGHT="185.0"></String>
          </TextLine>

          
          
          <TextLine ID="eSc_line_19e5c94f"
                    
                    BASELINE="443 1841 567 1824 1998 1824" 
                    HPOS="437.0"
                    VPOS="1740.0"
                    WIDTH="1556.0"
                    HEIGHT="174.0">
            <Shape><Polygon POINTS="437 1835 539 1779 589 1796 763 1757 1235 1774 1302 1751 1347 1779 1504 1785 1729 1774 1763 1740 1824 1779 1903 1774 1993 1818 1852 1908 1779 1886 1656 1908 1336 1886 1263 1903 1240 1880 1061 1897 948 1869 847 1908 685 1880 561 1914 449 1835"/></Shape>
	    <String CONTENT="של מהומה היה עד היות ראש חמורבשמ"
                    HPOS="437.0"
                    VPOS="1740.0"
                    WIDTH="1556.0"
                    HEIGHT="174.0"></String>
          </TextLine>

          
          
          <TextLine ID="eSc_line_35ff5ab2"
                    
                    BASELINE="477 1964 1813 1964 1993 1948" 
                    HPOS="471.0"
                    VPOS="1880.0"
                    WIDTH="1516.0"
                    HEIGHT="174.0">
            <Shape><Polygon POINTS="471 1959 595 1908 847 1914 943 1880 1010 1903 1235 1886 1370 1914 1897 1903 1931 1936 1987 1942 1903 2032 1813 2049 1504 2021 1454 2037 1386 1998 1353 2026 1319 1998 1274 2032 1078 2026 1021 1993 926 2032 808 2037 758 2004 724 2032 578 2054 482 1959"/></Shape>
	    <String CONTENT="בשמונים כסף ˙ רעב שהיא בימי שפוט"
                    HPOS="471.0"
                    VPOS="1880.0"
                    WIDTH="1516.0"
                    HEIGHT="174.0"></String>
          </TextLine>

          
          
          <TextLine ID="eSc_line_c7da4196"
                    
                    BASELINE="432 2082 752 2099 1954 2099" 
                    HPOS="426.0"
                    VPOS="2004.0"
                    WIDTH="1522.0"
                    HEIGHT="179.0">
            <Shape><Polygon POINTS="426 2077 729 2037 926 2043 1033 2004 1083 2037 1897 2037 1948 2094 1914 2155 1690 2183 1594 2161 1538 2178 1493 2138 1431 2167 977 2150 920 2172 718 2155 612 2183 539 2178 432 2082"/></Shape>
	    <String CONTENT="השופטים ר&#39; הונא בשם ר&#39; דוכא ארבעום"
                    HPOS="426.0"
                    VPOS="2004.0"
                    WIDTH="1522.0"
                    HEIGHT="179.0"></String>
          </TextLine>

          
          
          <TextLine ID="eSc_line_4e66e263"
                    
                    BASELINE="454 2223 651 2223 707 2234 1791 2234 1965 2217" 
                    HPOS="449.0"
                    VPOS="2155.0"
                    WIDTH="1510.0"
                    HEIGHT="158.0">
            <Shape><Polygon POINTS="449 2217 510 2167 1134 2155 1645 2189 1897 2167 1959 2211 1909 2284 1763 2284 1695 2313 1471 2313 1431 2273 1280 2307 1246 2284 965 2307 859 2279 600 2301 527 2296 454 2228"/></Shape>
	    <String CONTENT="ושתים סאה היו [ואחת ונעשו ארבעיב"
                    HPOS="449.0"
                    VPOS="2155.0"
                    WIDTH="1510.0"
                    HEIGHT="158.0"></String>
          </TextLine>

          
          
          <TextLine ID="eSc_line_a882b7d6"
                    
                    BASELINE="505 2363 1982 2363" 
                    HPOS="499.0"
                    VPOS="2279.0"
                    WIDTH="1477.0"
                    HEIGHT="168.0">
            <Shape><Polygon POINTS="499 2357 567 2324 662 2324 701 2284 752 2318 1297 2313 1386 2307 1420 2279 1476 2318 1897 2313 1976 2357 1903 2436 1847 2442 1813 2408 1768 2447 1493 2447 1448 2408 1409 2436 1297 2408 1212 2442 1117 2430 1089 2402 1021 2436 904 2447 780 2419 685 2447 623 2425 595 2447 510 2363"/></Shape>
	    <String CONTENT="ואחת והתנן לא יצא אדם בחוצה לארץ"
                    HPOS="499.0"
                    VPOS="2279.0"
                    WIDTH="1477.0"
                    HEIGHT="168.0"></String>
          </TextLine>

          
          
          <TextLine ID="eSc_line_be95e787"
                    
                    BASELINE="432 2481 1965 2492" 
                    HPOS="426.0"
                    VPOS="2397.0"
                    WIDTH="1533.0"
                    HEIGHT="185.0">
            <Shape><Polygon POINTS="426 2475 482 2475 544 2414 583 2447 729 2447 769 2419 797 2442 1033 2430 1083 2397 1196 2442 1319 2425 1482 2447 1763 2447 1813 2408 1847 2442 1909 2436 1959 2487 1886 2565 1808 2537 1667 2576 1527 2576 1493 2548 1364 2576 1089 2537 954 2571 786 2548 746 2576 600 2582 561 2548 505 2560 432 2492"/></Shape>
	    <String CONTENT="אלא כן הון סאתים של חטין הולכת בסלע"
                    HPOS="426.0"
                    VPOS="2397.0"
                    WIDTH="1533.0"
                    HEIGHT="185.0"></String>
          </TextLine>

          
          
          <TextLine ID="eSc_line_218db5ae"
                    
                    BASELINE="409 2604 1016 2616 1072 2604 1134 2621 1954 2627" 
                    HPOS="404.0"
                    VPOS="2548.0"
                    WIDTH="1544.0"
                    HEIGHT="169.0">
            <Shape><Polygon POINTS="404 2599 466 2554 578 2582 1190 2560 1465 2576 1487 2554 1516 2576 1673 2582 1808 2548 1836 2576 1903 2576 1948 2621 1886 2706 1796 2700 1735 2661 1662 2706 1544 2677 1510 2706 1437 2706 1319 2655 1268 2689 1061 2683 993 2706 948 2655 904 2694 808 2672 651 2694 623 2666 533 2717 415 2604"/></Shape>
	    <String CONTENT="אמ&#39; ר&#39; שמעון אומתי בזמן שאינו מוצאי"
                    HPOS="404.0"
                    VPOS="2548.0"
                    WIDTH="1544.0"
                    HEIGHT="169.0"></String>
          </TextLine>

          
          
          <TextLine ID="eSc_line_77799b17"
                    
                    BASELINE="454 2734 718 2750 1813 2750 2004 2734" 
                    HPOS="449.0"
                    VPOS="2655.0"
                    WIDTH="1549.0"
                    HEIGHT="202.0">
            <Shape><Polygon POINTS="449 2728 527 2728 623 2666 651 2694 741 2700 909 2694 948 2661 993 2700 1274 2689 1308 2655 1431 2706 1684 2700 1729 2661 1796 2700 1998 2728 1830 2823 1785 2823 1751 2790 1712 2823 1527 2818 1504 2795 1471 2823 1409 2823 1263 2784 1229 2818 1089 2801 948 2823 915 2857 808 2807 668 2846 606 2801 555 2840 454 2739"/></Shape>
	    <String CONTENT="אבל אן מוצא ליקח אפולו סאה בסלע"
                    HPOS="449.0"
                    VPOS="2655.0"
                    WIDTH="1549.0"
                    HEIGHT="202.0"></String>
          </TextLine>

          
          
          <TextLine ID="eSc_line_bab24bd9"
                    
                    BASELINE="943 2857 1465 2874 1527 2885 1965 2874" 
                    HPOS="937.0"
                    VPOS="2784.0"
                    WIDTH="1022.0"
                    HEIGHT="197.0">
            <Shape><Polygon POINTS="937 2851 1094 2818 1224 2823 1263 2784 1403 2829 1482 2829 1504 2807 1622 2835 1712 2823 1746 2790 1785 2829 1886 2801 1959 2868 1942 2919 1852 2981 1763 2924 1695 2964 1443 2924 1414 2953 1325 2947 1263 2913 1229 2941 1156 2930 1106 2969 943 2868"/></Shape>
	    <String CONTENT="לא יצא בחוצה לארץ ˙"
                    HPOS="937.0"
                    VPOS="2784.0"
                    WIDTH="1022.0"
                    HEIGHT="197.0"></String>
          </TextLine>

          
          
          <TextLine ID="eSc_line_3108ecce"
                    
                    BASELINE="432 2975 561 2997 1656 2997 1779 2975" 
                    HPOS="426.0"
                    VPOS="2908.0"
                    WIDTH="1348.0"
                    HEIGHT="185.0">
            <Shape><Polygon POINTS="426 2969 437 2947 505 2975 640 2913 713 2941 746 2908 797 2919 859 2981 915 2958 948 2981 1117 2981 1162 2936 1224 2947 1257 2919 1319 2947 1510 2924 1538 2953 1645 2941 1774 2969 1751 3048 1701 3048 1645 3093 1560 3054 1482 3087 1274 3076 1156 3048 1066 2992 948 2992 926 3014 870 2992 763 3082 685 3059 544 3082 454 2992 432 3009"/></Shape>
	    <String CONTENT="פרשתא כו&#39; ˙ ויהינח כן"
                    HPOS="426.0"
                    VPOS="2908.0"
                    WIDTH="1348.0"
                    HEIGHT="185.0"></String>
          </TextLine>

          
          
          <TextLine ID="eSc_line_e430c2f7"
                    
                    BASELINE="437 3132 960 3127 1094 3138 1353 3138 1420 3143 1482 3160 1538 3149 1938 3154" 
                    HPOS="432.0"
                    VPOS="3042.0"
                    WIDTH="1505.0"
                    HEIGHT="191.0">
            <Shape><Polygon POINTS="432 3127 437 3076 482 3104 668 3070 752 3093 853 3054 932 3070 1117 3042 1212 3076 1246 3059 1280 3087 1319 3070 1662 3093 1718 3054 1875 3048 1920 3087 1937 3149 1914 3211 1791 3205 1740 3228 1690 3194 1633 3233 1538 3194 1487 3228 1291 3228 1235 3183 1094 3216 1021 3194 932 3228 864 3194 774 3222 696 3194 617 3211 482 3160 437 3194"/></Shape>
	    <String CONTENT="חמש מאות שנה ˙ אשרי האיש אשר"
                    HPOS="432.0"
                    VPOS="3042.0"
                    WIDTH="1505.0"
                    HEIGHT="191.0"></String>
          </TextLine>

          
          
          <TextLine ID="eSc_line_1778b389"
                    
                    BASELINE="387 3267 887 3261 960 3273 1235 3278 1302 3295 1375 3284 1959 3284" 
                    HPOS="381.0"
                    VPOS="3177.0"
                    WIDTH="1573.0"
                    HEIGHT="191.0">
            <Shape><Polygon POINTS="381 3261 387 3183 437 3205 583 3177 617 3211 701 3194 769 3222 847 3194 909 3222 1005 3194 1083 3228 1190 3222 1240 3194 1274 3228 1364 3233 1645 3233 1690 3194 1779 3233 1886 3200 1954 3278 1925 3329 1852 3357 1667 3362 1639 3334 1617 3357 1544 3340 1516 3368 1398 3357 1341 3323 1274 3357 1224 3334 1167 3362 898 3323 802 3351 701 3323 623 3351 522 3340 460 3278 426 3306 387 3289"/></Shape>
	    <String CONTENT="לא הלך בעצת רשעים אשרי האיש זה"
                    HPOS="381.0"
                    VPOS="3177.0"
                    WIDTH="1573.0"
                    HEIGHT="191.0"></String>
          </TextLine>

          
          
          <TextLine ID="eSc_line_bece154d"
                    
                    BASELINE="460 3402 707 3396 932 3413 1156 3413 1280 3424 1852 3424 1976 3402" 
                    HPOS="454.0"
                    VPOS="3329.0"
                    WIDTH="1516.0"
                    HEIGHT="163.0">
            <Shape><Polygon POINTS="454 3396 527 3346 640 3357 701 3329 791 3357 864 3357 898 3329 1061 3368 1274 3362 1308 3329 1364 3329 1398 3362 1482 3368 1544 3340 1583 3362 1892 3357 1970 3396 1897 3492 1774 3492 1740 3463 1690 3492 1617 3463 1589 3486 1544 3469 1420 3492 1313 3452 1280 3486 1089 3492 1016 3463 842 3492 729 3452 606 3492 533 3486 460 3424"/></Shape>
	    <String CONTENT="נח אשר לא הלך בעצת רשעים ר&#39; יהודה"
                    HPOS="454.0"
                    VPOS="3329.0"
                    WIDTH="1516.0"
                    HEIGHT="163.0"></String>
          </TextLine>

          
          
          <TextLine ID="eSc_line_b99cca7f"
                    
                    BASELINE="443 3531 758 3531 870 3542 1100 3548 1577 3548 1633 3559 2004 3536" 
                    HPOS="437.0"
                    VPOS="3469.0"
                    WIDTH="1561.0"
                    HEIGHT="163.0">
            <Shape><Polygon POINTS="437 3525 539 3486 926 3497 982 3469 1005 3492 1336 3480 1482 3503 1510 3480 1594 3497 1847 3475 1942 3531 1998 3531 1903 3632 1830 3598 1735 3632 1656 3598 1600 3626 1510 3598 1398 3626 1336 3593 1190 3621 1089 3615 1066 3593 993 3621 960 3598 836 3626 746 3609 713 3576 673 3609 606 3581 555 3609 471 3525 443 3531"/></Shape>
	    <String CONTENT="ור&#39; נחמיה ר&#39; יהוד&#39; אומ&#39; בשלשה דירות"
                    HPOS="437.0"
                    VPOS="3469.0"
                    WIDTH="1561.0"
                    HEIGHT="163.0"></String>
          </TextLine>

          
          
          <TextLine ID="eSc_line_4b331e97"
                    
                    BASELINE="437 3649 561 3671 1881 3666 1993 3688" 
                    HPOS="432.0"
                    VPOS="3564.0"
                    WIDTH="1555.0"
                    HEIGHT="197.0">
            <Shape><Polygon POINTS="432 3643 505 3564 550 3609 595 3587 656 3615 713 3576 746 3609 825 3621 937 3621 960 3598 1027 3621 1055 3593 1173 3621 1297 3621 1325 3593 1386 3621 1459 3598 1527 3626 1841 3621 1909 3626 1987 3682 1903 3755 1757 3722 1718 3744 1448 3755 1336 3727 1134 3744 1055 3716 993 3750 847 3722 786 3761 527 3733 443 3649"/></Shape>
	    <String CONTENT="בדור אנוש ובדור המבול ובדור הפלגה אבל"
                    HPOS="432.0"
                    VPOS="3564.0"
                    WIDTH="1555.0"
                    HEIGHT="197.0"></String>
          </TextLine>

          
          
          <TextLine ID="eSc_line_44634f8d"
                    
                    BASELINE="432 3812 752 3800 1066 3800 1139 3812 1409 3817 1976 3806" 
                    HPOS="426.0"
                    VPOS="3716.0"
                    WIDTH="1544.0"
                    HEIGHT="185.0">
            <Shape><Polygon POINTS="426 3806 510 3744 993 3761 1055 3716 1145 3767 1319 3733 1370 3755 1712 3767 1751 3727 1785 3761 1903 3761 1970 3800 1903 3885 1751 3856 1667 3896 1605 3873 1544 3896 1504 3868 1476 3896 1403 3901 1291 3868 1179 3896 993 3862 926 3901 847 3862 808 3890 713 3862 623 3885 595 3862 527 3873 454 3806"/></Shape>
	    <String CONTENT="בדור אנוש קטן היה ועל דעתיה דר&#39; יהודה"
                    HPOS="426.0"
                    VPOS="3716.0"
                    WIDTH="1544.0"
                    HEIGHT="185.0"></String>
          </TextLine>

          
          
          <TextLine ID="eSc_line_072f1724"
                    
                    BASELINE="523 3942 1952 3960" 
                    HPOS="522.0"
                    VPOS="3856.0"
                    WIDTH="1426.0"
                    HEIGHT="186.0">
            <Shape><Polygon POINTS="522 3941 527 3885 623 3896 690 3868 752 3901 842 3856 898 3907 1224 3901 1246 3879 1476 3907 1555 3901 1589 3873 1628 3901 1712 3879 1897 3885 1948 3957 1931 4002 1869 4030 1560 4008 1516 4036 1487 4008 1403 4025 1364 3997 1252 4025 1190 3997 1055 4042 1021 4008 954 4036 909 3991 741 4042 640 4036 583 3980 527 3969"/></Shape>
	    <String CONTENT="דהוא אמ&#39; אשרי האיש אשר לא הלך"
                    HPOS="522.0"
                    VPOS="3856.0"
                    WIDTH="1426.0"
                    HEIGHT="186.0"></String>
          </TextLine>

          
          
          <TextLine ID="eSc_line_4d6e9276"
                    
                    BASELINE="460 4064 713 4075 847 4064 904 4081 1111 4087 1167 4103 1235 4092 1998 4092" 
                    HPOS="454.0"
                    VPOS="4002.0"
                    WIDTH="1539.0"
                    HEIGHT="180.0">
            <Shape><Polygon POINTS="454 4059 516 4014 718 4036 870 4019 1033 4047 1134 4036 1179 4002 1240 4036 1325 4036 1358 4008 1409 4042 1538 4030 1560 4008 1712 4036 1768 4008 1993 4087 1965 4182 1875 4143 1723 4165 1650 4126 1510 4171 1224 4160 1196 4132 1151 4154 1123 4126 1066 4165 859 4165 831 4143 758 4160 527 4143 460 4075"/></Shape>
	    <String CONTENT="בעצת רשעום זה דור אנוש ובדרך חטאים"
                    HPOS="454.0"
                    VPOS="4002.0"
                    WIDTH="1539.0"
                    HEIGHT="180.0"></String>
          </TextLine>

          
          
          <TextLine ID="eSc_line_ee0ac3c7"
                    
                    BASELINE="454 4193 1145 4221 1633 4221 1808 4216 1982 4188" 
                    HPOS="449.0"
                    VPOS="4126.0"
                    WIDTH="1527.0"
                    HEIGHT="185.0">
            <Shape><Polygon POINTS="449 4188 550 4137 977 4171 1072 4165 1123 4126 1162 4165 1201 4137 1330 4176 1785 4176 1875 4143 1976 4182 1914 4266 1875 4249 1802 4300 1690 4311 1633 4255 1482 4306 1409 4300 1381 4272 1330 4300 1151 4294 1128 4272 1083 4306 1033 4306 1005 4277 853 4277 808 4300 724 4289 679 4255 544 4272 454 4193"/></Shape>
	    <String CONTENT="לא עמד זה דור המבול ובמוט ובמושב"
                    HPOS="449.0"
                    VPOS="4126.0"
                    WIDTH="1527.0"
                    HEIGHT="185.0"></String>
          </TextLine>

          
          
          <TextLine ID="eSc_line_7f7d41cb"
                    
                    BASELINE="432 4311 763 4334 819 4345 1751 4345 2004 4328" 
                    HPOS="426.0"
                    VPOS="4249.0"
                    WIDTH="1572.0"
                    HEIGHT="186.0">
            <Shape><Polygon POINTS="426 4306 477 4306 505 4277 808 4306 1005 4283 1038 4306 1538 4306 1622 4255 1701 4306 1819 4294 1881 4249 1948 4317 1998 4322 1897 4407 1841 4390 1796 4429 1706 4429 1639 4395 1605 4429 1527 4401 1409 4435 1291 4407 1184 4423 1151 4401 1010 4435 505 4390 432 4311"/></Shape>
	    <String CONTENT="ליצים לא ישב זה דור הפלגה כי אם בתורת"
                    HPOS="426.0"
                    VPOS="4249.0"
                    WIDTH="1572.0"
                    HEIGHT="186.0"></String>
          </TextLine>

          
          
          <TextLine ID="eSc_line_cb3ebefc"
                    
                    BASELINE="415 4452 831 4468 887 4480 1970 4468" 
                    HPOS="409.0"
                    VPOS="4384.0"
                    WIDTH="1556.0"
                    HEIGHT="191.0">
            <Shape><Polygon POINTS="409 4446 555 4384 612 4412 1038 4435 1285 4412 1392 4446 1431 4418 1499 4435 1521 4412 1605 4440 1639 4407 1701 4440 1779 4440 1869 4401 1965 4463 1875 4553 1824 4530 1779 4569 1684 4575 1589 4530 1555 4564 1521 4541 1431 4564 1398 4530 1330 4575 1184 4569 1123 4525 1083 4553 819 4553 713 4513 522 4525 437 4452"/></Shape>
	    <String CONTENT="יייי חפצו אילו שבע מצות שנצטו והו&#39;"
                    HPOS="409.0"
                    VPOS="4384.0"
                    WIDTH="1556.0"
                    HEIGHT="191.0"></String>
          </TextLine>

          
          
          <TextLine ID="eSc_line_e3dc9ffd"
                    TAGREFS="LT3"
                    BASELINE="681 4547 799 4556" 
                    HPOS="678"
                    VPOS="4517"
                    WIDTH="123"
                    HEIGHT="68">
            <Shape><Polygon POINTS="683 4517 801 4526 796 4585 678 4576"/></Shape>
	    <String CONTENT="בגבד"
                    HPOS="678"
                    VPOS="4517"
                    WIDTH="123"
                    HEIGHT="68"></String>
          </TextLine>

          
          
          <TextLine ID="eSc_line_4baf1d01"
                    
                    BASELINE="520 4594 1044 4614 1998 4614" 
                    HPOS="516.0"
                    VPOS="4525.0"
                    WIDTH="1477.0"
                    HEIGHT="185.0">
            <Shape><Polygon POINTS="516 4592 522 4530 651 4530 746 4581 780 4558 1005 4558 1038 4536 1078 4558 1117 4525 1196 4575 1903 4558 1993 4609 1903 4676 1796 4693 1706 4665 1622 4693 1583 4670 1487 4704 1375 4682 1280 4710 1111 4665 1010 4687 960 4665 589 4670 522 4609"/></Shape>
	    <String CONTENT="ובתורתו יהגה יומם ולילה שהגה מתוך"
                    HPOS="516.0"
                    VPOS="4525.0"
                    WIDTH="1477.0"
                    HEIGHT="185.0"></String>
          </TextLine>

          
          
          <TextLine ID="eSc_line_293c9e85"
                    
                    BASELINE="409 4721 527 4710 583 4721 735 4727 797 4721 898 4738 1100 4749 1998 4738" 
                    HPOS="404.0"
                    VPOS="4631.0"
                    WIDTH="1589.0"
                    HEIGHT="208.0">
            <Shape><Polygon POINTS="404 4715 550 4631 595 4670 735 4659 887 4670 915 4693 960 4676 982 4699 1111 4676 1196 4704 1471 4704 1577 4670 1611 4704 1656 4682 1695 4710 1897 4699 1937 4732 1993 4732 1886 4833 1824 4839 1768 4794 1723 4839 1605 4811 1566 4833 1398 4811 1308 4828 1218 4788 1100 4839 1061 4800 982 4828 904 4805 808 4822 651 4772 505 4777 426 4715"/></Shape>
	    <String CONTENT="דבר אמ&#39; מה טעם ריבה ריב הקב&#39;ה בטהורים"
                    HPOS="404.0"
                    VPOS="4631.0"
                    WIDTH="1589.0"
                    HEIGHT="208.0"></String>
          </TextLine>

          
          
          <TextLine ID="eSc_line_35629608"
                    
                    BASELINE="387 4816 578 4845 673 4867 825 4861 1033 4884 1970 4884" 
                    HPOS="381.0"
                    VPOS="4777.0"
                    WIDTH="1584.0"
                    HEIGHT="202.0">
            <Shape><Polygon POINTS="381 4811 449 4816 488 4777 600 4800 651 4777 696 4811 937 4805 1094 4845 1167 4839 1235 4788 1319 4833 1858 4833 1965 4878 1791 4974 1740 4946 1695 4979 1566 4979 1538 4957 1386 4951 1358 4923 1302 4968 1246 4923 1201 4957 1044 4940 988 4974 948 4934 864 4957 831 4923 774 4918 713 4951 645 4912 510 4912 387 4822"/></Shape>
	    <String CONTENT="יותר מן הטמאים לא שהוא רועה להקריב"
                    HPOS="381.0"
                    VPOS="4777.0"
                    WIDTH="1584.0"
                    HEIGHT="202.0"></String>
          </TextLine>

          
          
          <TextLine ID="eSc_line_ec9242af"
                    
                    BASELINE="409 4979 595 4996 651 4990 937 5019 1072 5013 1308 5030 1976 5030" 
                    HPOS="404.0"
                    VPOS="4906.0"
                    WIDTH="1566.0"
                    HEIGHT="214.0">
            <Shape><Polygon POINTS="404 4974 477 4979 550 4906 656 4912 758 4968 814 4934 842 4962 988 4985 1044 4946 1106 4979 1184 4979 1263 4929 1313 4979 1499 4996 1808 4985 1892 4934 1970 5024 1892 5103 1841 5086 1785 5120 1617 5114 1521 5075 1476 5114 1437 5080 1347 5114 1224 5075 1145 5108 1083 5069 960 5114 881 5080 701 5080 578 5041 510 5086 409 4979"/></Shape>
	    <String CONTENT="לו מהם מיד ויקח לו מכל הבהמה הטהורה"
                    HPOS="404.0"
                    VPOS="4906.0"
                    WIDTH="1566.0"
                    HEIGHT="214.0"></String>
          </TextLine>

          
          
          <TextLine ID="eSc_line_098b0eb5"
                    
                    BASELINE="409 5159 769 5153 1308 5176 1875 5176 1987 5148" 
                    HPOS="404.0"
                    VPOS="5080.0"
                    WIDTH="1578.0"
                    HEIGHT="169.0">
            <Shape><Polygon POINTS="404 5153 409 5120 488 5120 533 5080 875 5125 965 5086 1274 5086 1347 5131 1841 5108 1982 5142 1965 5204 1909 5221 1459 5243 1325 5215 1201 5226 1179 5204 1055 5249 746 5249 662 5215 572 5243 510 5193 409 5193"/></Shape>
	    <String CONTENT="וגו&#39; והיה כעץ שתול על פלגי מים ששתלו"
                    HPOS="404.0"
                    VPOS="5080.0"
                    WIDTH="1578.0"
                    HEIGHT="169.0"></String>
          </TextLine>

          
        </TextBlock>
        

        
      </PrintSpace>
    </Page>
  </Layout>
</alto>
