<?xml version="1.0" encoding="UTF-8"?>
<alto xmlns:xsi="http://www.w3.org/2001/XMLSchema-instance"
      xmlns="http://www.loc.gov/standards/alto/ns-v4#"
      xsi:schemaLocation="http://www.loc.gov/standards/alto/ns-v4# http://www.loc.gov/standards/alto/v4/alto-4-2.xsd">
  <Description>
    <MeasurementUnit>pixel</MeasurementUnit>
    <sourceImageInformation>
      <fileName>add_ms_16406_f041v.jpg</fileName>
      
    </sourceImageInformation>
  </Description>
  
  <Tags>
    <OtherTag ID="BT1" LABEL="Title" DESCRIPTION="block type Title"/><OtherTag ID="BT2" LABEL="Main" DESCRIPTION="block type Main"/><OtherTag ID="BT3" LABEL="Commentary" DESCRIPTION="block type Commentary"/><OtherTag ID="BT4" LABEL="Illustration" DESCRIPTION="block type Illustration"/><OtherTag ID="BT224" LABEL="Hole" DESCRIPTION="block type Hole"/><OtherTag ID="BT225" LABEL="Margin" DESCRIPTION="block type Margin"/><OtherTag ID="BT226" LABEL="Paratext" DESCRIPTION="block type Paratext"/>
    <OtherTag ID="LT2" LABEL="Numbering" DESCRIPTION="line type Numbering"/><OtherTag ID="LT3" LABEL="Correction" DESCRIPTION="line type Correction"/><OtherTag ID="LT329" LABEL="Gloss" DESCRIPTION="line type Gloss"/>
  </Tags>
  
  <Layout>
    <Page WIDTH="4841"
          HEIGHT="6810"
          PHYSICAL_IMG_NR="80"
          ID="eSc_dummypage_">
      <PrintSpace HPOS="0"
                  VPOS="0"
                  WIDTH="4841"
                  HEIGHT="6810">
        
        <TextBlock HPOS="2238.0"
                   VPOS="638.0"
                   WIDTH="1595.0"
                   HEIGHT="4692.0"
                   ID="eSc_textblock_ad9776ac"
                   TAGREFS="BT2">
          <Shape><Polygon POINTS="2238 645 2289 5330 3833 5322 3819 638"/></Shape>
          
          
          <TextLine ID="eSc_line_af47b83b"
                    
                    BASELINE="2162 766 3016 827 3785 805" 
                    HPOS="2156.0"
                    VPOS="658.0"
                    WIDTH="1623.0"
                    HEIGHT="232.0">
            <Shape><Polygon POINTS="2156 760 2167 720 2258 720 2321 658 2394 681 2576 669 2746 737 2917 720 3030 743 3144 698 3200 720 3234 686 3280 715 3376 692 3422 732 3461 692 3569 692 3660 760 3768 760 3779 800 3762 851 3620 873 3473 856 3325 890 3297 868 2809 879 2735 851 2542 873 2508 845 2406 856 2270 811 2162 811"/></Shape>
	    <String CONTENT="שהוא ממנו מימי נם בך רשעים [חש&#39;]"
                    HPOS="2156.0"
                    VPOS="658.0"
                    WIDTH="1623.0"
                    HEIGHT="232.0"></String>
          </TextLine>

          
          
          <TextLine ID="eSc_line_c4d722fb"
                    
                    BASELINE="2122 908 2247 942 3808 942" 
                    HPOS="2116.0"
                    VPOS="839.0"
                    WIDTH="1686.0"
                    HEIGHT="210.0">
            <Shape><Polygon POINTS="2116 908 2190 919 2281 839 2321 839 2548 885 3047 908 3200 879 3274 908 3654 873 3802 936 3694 1027 3359 1044 3320 1010 3257 1049 3030 1044 3002 1015 2973 1038 2769 1032 2701 1021 2667 987 2593 1027 2508 987 2446 1021 2321 1010 2264 1032 2133 913"/></Shape>
	    <String CONTENT="חשך גיהינם חשך תהום חושך הובלתי"
                    HPOS="2116.0"
                    VPOS="839.0"
                    WIDTH="1686.0"
                    HEIGHT="210.0"></String>
          </TextLine>

          
          
          <TextLine ID="eSc_line_47762083"
                    
                    BASELINE="2179 1089 2315 1072 2593 1072 2877 1089 3745 1078" 
                    HPOS="2173.0"
                    VPOS="993.0"
                    WIDTH="1566.0"
                    HEIGHT="198.0">
            <Shape><Polygon POINTS="2173 1083 2264 1061 2309 1015 2576 1038 2661 993 2707 1032 2780 1044 3280 1055 3325 1015 3382 1055 3547 1049 3620 1021 3717 1032 3739 1072 3666 1146 3507 1191 3098 1186 3047 1163 2729 1180 2661 1146 2411 1152 2377 1117 2304 1152 2230 1078"/></Shape>
	    <String CONTENT="רשעים לגיהנם וכיסיתי עליהם את"
                    HPOS="2173.0"
                    VPOS="993.0"
                    WIDTH="1566.0"
                    HEIGHT="198.0"></String>
          </TextLine>

          
          
          <TextLine ID="eSc_line_ee5b613f"
                    
                    BASELINE="2196 1208 2593 1208 2905 1237 3791 1225" 
                    HPOS="2190.0"
                    VPOS="1129.0"
                    WIDTH="1595.0"
                    HEIGHT="198.0">
            <Shape><Polygon POINTS="2190 1203 2366 1129 2406 1157 2650 1152 2746 1180 3547 1174 3581 1197 3654 1140 3739 1214 3785 1220 3705 1305 3229 1327 3195 1293 3115 1322 2809 1310 2769 1271 2718 1293 2690 1265 2604 1293 2502 1271 2468 1293 2292 1288 2196 1203"/></Shape>
	    <String CONTENT="התהום חושך יכסה חשך ר&#39; יונת&#39; בשם"
                    HPOS="2190.0"
                    VPOS="1129.0"
                    WIDTH="1595.0"
                    HEIGHT="198.0"></String>
          </TextLine>

          
          
          <TextLine ID="eSc_line_c943c41a"
                    
                    BASELINE="2224 1350 2616 1344 3172 1373 3757 1362" 
                    HPOS="2219.0"
                    VPOS="1282.0"
                    WIDTH="1532.0"
                    HEIGHT="176.0">
            <Shape><Polygon POINTS="2219 1344 2309 1288 2514 1282 3041 1327 3206 1310 3246 1333 3683 1299 3751 1362 3717 1430 3654 1407 3495 1458 3308 1458 3087 1435 2866 1452 2820 1407 2718 1430 2633 1379 2542 1424 2326 1418 2253 1344"/></Shape>
	    <String CONTENT="ר&#39; יאשיה מסדם צדקתך כהררי אמש"
                    HPOS="2219.0"
                    VPOS="1282.0"
                    WIDTH="1532.0"
                    HEIGHT="176.0"></String>
          </TextLine>

          
          
          <TextLine ID="eSc_line_d136bb3d"
                    
                    BASELINE="2173 1464 2372 1475 2429 1486 2826 1481 2894 1492 3064 1498 3734 1486" 
                    HPOS="2167.0"
                    VPOS="1384.0"
                    WIDTH="1561.0"
                    HEIGHT="216.0">
            <Shape><Polygon POINTS="2167 1458 2270 1458 2309 1418 2372 1413 2536 1430 2627 1384 2650 1407 2673 1390 2718 1435 2786 1441 2820 1413 2860 1452 2917 1435 3501 1458 3603 1424 3626 1447 3711 1435 3728 1481 3711 1543 3654 1589 3575 1566 3473 1600 3427 1577 2826 1577 2695 1537 2633 1566 2587 1537 2536 1566 2463 1520 2389 1566 2315 1560 2202 1464"/></Shape>
	    <String CONTENT="על תחום רבה מן ההרים הללו נזרעים"
                    HPOS="2167.0"
                    VPOS="1384.0"
                    WIDTH="1561.0"
                    HEIGHT="216.0"></String>
          </TextLine>

          
          
          <TextLine ID="eSc_line_661b38bd"
                    
                    BASELINE="2202 1628 2514 1617 3161 1634 3217 1645 3603 1645 3774 1623" 
                    HPOS="2196.0"
                    VPOS="1520.0"
                    WIDTH="1572.0"
                    HEIGHT="216.0">
            <Shape><Polygon POINTS="2196 1623 2253 1617 2309 1566 2394 1566 2440 1520 2525 1566 2712 1543 3081 1600 3161 1577 3484 1600 3581 1571 3768 1617 3671 1719 3637 1691 3575 1730 3501 1674 3456 1719 3149 1736 3098 1696 3053 1725 2905 1696 2837 1713 2803 1674 2752 1708 2712 1679 2650 1702 2576 1668 2536 1702 2440 1679 2309 1708 2202 1623"/></Shape>
	    <String CONTENT="אין להם סוף כך הן הצדיקים אין להב"
                    HPOS="2196.0"
                    VPOS="1520.0"
                    WIDTH="1572.0"
                    HEIGHT="216.0"></String>
          </TextLine>

          
          
          <TextLine ID="eSc_line_2c584f80"
                    
                    BASELINE="2179 1736 2309 1759 2752 1753 2837 1770 3223 1781 3745 1770" 
                    HPOS="2173.0"
                    VPOS="1674.0"
                    WIDTH="1566.0"
                    HEIGHT="193.0">
            <Shape><Polygon POINTS="2173 1730 2275 1742 2321 1696 2542 1702 2570 1674 2707 1713 2792 1674 2837 1713 3058 1719 3098 1691 3138 1730 3450 1725 3507 1679 3552 1725 3637 1702 3739 1764 3700 1855 3649 1838 3598 1861 3530 1833 3354 1861 3303 1827 3263 1867 3132 1861 3064 1810 3007 1855 2792 1844 2752 1804 2695 1844 2474 1838 2406 1798 2326 1838 2196 1736"/></Shape>
	    <String CONTENT="סוף למתן שכרן ומה ההרים נכבשים"
                    HPOS="2173.0"
                    VPOS="1674.0"
                    WIDTH="1566.0"
                    HEIGHT="193.0"></String>
          </TextLine>

          
          
          <TextLine ID="eSc_line_76a79754"
                    
                    BASELINE="2230 1889 2746 1889 2803 1901 3036 1906 3104 1923 3178 1912 3768 1912" 
                    HPOS="2224.0"
                    VPOS="1804.0"
                    WIDTH="1538.0"
                    HEIGHT="193.0">
            <Shape><Polygon POINTS="2224 1884 2287 1878 2406 1804 2485 1850 3019 1855 3058 1816 3127 1861 3251 1867 3303 1827 3348 1861 3626 1861 3660 1838 3762 1906 3705 1974 3586 1997 3365 1991 3314 1963 3291 1986 3206 1986 3178 1957 3121 1991 3002 1986 2945 1946 2900 1986 2673 1963 2627 1991 2553 1969 2468 1980 2440 1952 2394 1980 2326 1974 2230 1884"/></Shape>
	    <String CONTENT="לתהום שלא יעלה ויציף את העילם"
                    HPOS="2224.0"
                    VPOS="1804.0"
                    WIDTH="1538.0"
                    HEIGHT="193.0"></String>
          </TextLine>

          
          
          <TextLine ID="eSc_line_3f86d57d"
                    
                    BASELINE="2224 2043 2360 2025 2758 2025 3013 2043 3161 2043 3217 2060 3280 2048 3598 2054 3785 2037" 
                    HPOS="2219.0"
                    VPOS="1969.0"
                    WIDTH="1560.0"
                    HEIGHT="164.0">
            <Shape><Polygon POINTS="2219 2043 2309 1974 2633 1991 2656 1969 2763 1991 3694 1980 3762 1991 3779 2031 3700 2122 3660 2128 3552 2094 3512 2122 3308 2122 3268 2082 3200 2122 3155 2105 3127 2133 2951 2111 2582 2116 2508 2077 2468 2111 2292 2116 2224 2048"/></Shape>
	    <String CONTENT="כך הם הצדיקים נכבשים על פורענות"
                    HPOS="2219.0"
                    VPOS="1969.0"
                    WIDTH="1560.0"
                    HEIGHT="164.0"></String>
          </TextLine>

          
          
          <TextLine ID="eSc_line_5c5f4cdc"
                    
                    BASELINE="2224 2156 2446 2156 2502 2167 3785 2156" 
                    HPOS="2219.0"
                    VPOS="2082.0"
                    WIDTH="1560.0"
                    HEIGHT="182.0">
            <Shape><Polygon POINTS="2219 2150 2321 2099 2491 2111 2548 2082 2582 2116 3115 2133 3512 2133 3547 2099 3575 2128 3688 2122 3779 2150 3677 2247 3564 2235 3456 2264 3433 2241 3376 2264 3303 2218 3257 2264 3189 2252 3155 2218 3093 2258 3024 2230 2979 2252 2633 2252 2593 2218 2508 2241 2326 2224 2230 2150"/></Shape>
	    <String CONTENT="שלא תבוא לשרות את העולם ומה"
                    HPOS="2219.0"
                    VPOS="2082.0"
                    WIDTH="1560.0"
                    HEIGHT="182.0"></String>
          </TextLine>

          
          
          <TextLine ID="eSc_line_7021b00d"
                    
                    BASELINE="2224 2252 2349 2287 2604 2292 2661 2304 3757 2304" 
                    HPOS="2219.0"
                    VPOS="2218.0"
                    WIDTH="1532.0"
                    HEIGHT="182.0">
            <Shape><Polygon POINTS="2219 2247 2287 2258 2321 2224 2394 2218 2633 2252 3246 2264 3297 2218 3433 2264 3711 2252 3751 2298 3683 2394 2854 2400 2673 2394 2627 2366 2536 2389 2400 2343 2315 2360 2224 2270"/></Shape>
	    <String CONTENT="ההרים הללו נזרעים ועושין פירות [הה&#39;]"
                    HPOS="2219.0"
                    VPOS="2218.0"
                    WIDTH="1532.0"
                    HEIGHT="182.0"></String>
          </TextLine>

          
          
          <TextLine ID="eSc_line_2615899e"
                    
                    BASELINE="2207 2417 2332 2440 3024 2434 3087 2445 3774 2445" 
                    HPOS="2202.0"
                    VPOS="2343.0"
                    WIDTH="1566.0"
                    HEIGHT="193.0">
            <Shape><Polygon POINTS="2202 2411 2287 2417 2394 2343 2440 2383 2519 2389 2638 2366 2667 2389 2837 2394 3694 2394 3768 2440 3649 2525 3524 2531 3478 2485 3410 2536 3320 2502 3291 2531 3166 2514 3121 2536 2951 2536 2905 2502 2854 2536 2803 2485 2763 2525 2621 2531 2576 2485 2508 2479 2440 2525 2287 2428 2224 2417"/></Shape>
	    <String CONTENT="אמרו צדיק כי טוב כי פרי מעל&#39; יאכלו ˙"
                    HPOS="2202.0"
                    VPOS="2343.0"
                    WIDTH="1566.0"
                    HEIGHT="193.0"></String>
          </TextLine>

          
          
          <TextLine ID="eSc_line_a6f4c908"
                    
                    BASELINE="2179 2570 2593 2570 2990 2587 3734 2576" 
                    HPOS="2173.0"
                    VPOS="2474.0"
                    WIDTH="1555.0"
                    HEIGHT="198.0">
            <Shape><Polygon POINTS="2173 2565 2338 2474 2400 2525 2463 2525 2508 2479 2565 2531 2866 2536 2911 2502 2945 2536 3053 2542 3711 2514 3728 2570 3711 2644 3660 2638 3632 2667 3541 2672 3501 2633 3444 2672 3002 2672 2945 2667 2911 2633 2848 2667 2797 2627 2758 2667 2604 2672 2559 2627 2497 2667 2304 2667 2179 2565"/></Shape>
	    <String CONTENT="ומה התהום הזה אין לו חקר כךפר"
                    HPOS="2173.0"
                    VPOS="2474.0"
                    WIDTH="1555.0"
                    HEIGHT="198.0"></String>
          </TextLine>

          
          
          <TextLine ID="eSc_line_02ed2dba"
                    
                    BASELINE="2230 2689 2349 2718 2485 2724 3223 2724 3399 2718 3467 2706 3524 2712 3785 2695" 
                    HPOS="2224.0"
                    VPOS="2627.0"
                    WIDTH="1555.0"
                    HEIGHT="182.0">
            <Shape><Polygon POINTS="2224 2684 2497 2667 2536 2627 2599 2672 2758 2667 2803 2627 2843 2667 2894 2672 3331 2684 3450 2678 3490 2638 3541 2678 3632 2672 3677 2638 3779 2689 3705 2775 3649 2763 3535 2809 3467 2803 3433 2769 3388 2809 3325 2769 3285 2809 3110 2797 3087 2775 3058 2803 2990 2803 2951 2763 2894 2803 2814 2758 2752 2803 2644 2792 2616 2763 2565 2797 2440 2792 2394 2763 2321 2792 2230 2701"/></Shape>
	    <String CONTENT="ל&#39; של רשעים אין חקר לעתיד לבוא"
                    HPOS="2224.0"
                    VPOS="2627.0"
                    WIDTH="1555.0"
                    HEIGHT="182.0"></String>
          </TextLine>

          
          
          <TextLine ID="eSc_line_e0de9dd2"
                    
                    BASELINE="2207 2826 2383 2848 2638 2843 3694 2848 3808 2820" 
                    HPOS="2202.0"
                    VPOS="2763.0"
                    WIDTH="1600.0"
                    HEIGHT="176.0">
            <Shape><Polygon POINTS="2202 2820 2270 2820 2383 2769 2485 2803 2604 2786 2752 2809 2814 2763 2883 2809 2951 2775 2985 2809 3285 2803 3320 2769 3359 2803 3541 2803 3688 2763 3745 2814 3802 2814 3785 2865 3717 2922 3586 2922 3547 2882 3473 2928 3427 2894 3320 2928 3212 2928 3172 2899 3132 2939 3058 2933 3024 2899 2979 2933 2837 2939 2343 2922 2207 2826"/></Shape>
	    <String CONTENT="הה&#39;ד&#39; אוי לרשעאוי לשכנו ומה התהום"
                    HPOS="2202.0"
                    VPOS="2763.0"
                    WIDTH="1600.0"
                    HEIGHT="176.0"></String>
          </TextLine>

          
          
          <TextLine ID="eSc_line_5af94b48"
                    
                    BASELINE="2292 2982 3753 2988" 
                    HPOS="2287.0"
                    VPOS="2894.0"
                    WIDTH="1464.0"
                    HEIGHT="176.0">
            <Shape><Polygon POINTS="2287 2979 2304 2916 2894 2939 3138 2933 3178 2899 3206 2928 3473 2933 3530 2894 3569 2933 3711 2922 3751 2985 3722 3041 3649 3058 3524 3024 3450 3058 3371 3058 3331 3024 3240 3058 3189 3007 3138 3053 3013 3070 2905 3064 2883 3041 2780 3064 2746 3030 2565 3064 2514 3030 2406 3064 2292 3041"/></Shape>
	    <String CONTENT="הזה לא נזרע ולא עושה פירות כך אין [מ&#39;]"
                    HPOS="2287.0"
                    VPOS="2894.0"
                    WIDTH="1464.0"
                    HEIGHT="176.0"></String>
          </TextLine>

          
          
          <TextLine ID="eSc_line_f773516e"
                    
                    BASELINE="2271 3115 3759 3121" 
                    HPOS="2270.0"
                    VPOS="3013.0"
                    WIDTH="1487.0"
                    HEIGHT="187.0">
            <Shape><Polygon POINTS="2270 3109 2281 3053 2656 3064 2752 3036 2786 3070 2871 3041 3007 3070 3138 3058 3189 3013 3240 3064 3700 3047 3757 3115 3705 3183 3620 3189 3524 3189 3484 3149 3433 3189 3251 3189 3212 3155 3183 3183 2996 3200 2707 3178 2400 3200 2287 3172"/></Shape>
	    <String CONTENT="מעשיהם של רשעים [עוש עישה פירות"
                    HPOS="2270.0"
                    VPOS="3013.0"
                    WIDTH="1487.0"
                    HEIGHT="187.0"></String>
          </TextLine>

          
          
          <TextLine ID="eSc_line_4d666e0c"
                    
                    BASELINE="2292 3245 3765 3257" 
                    HPOS="2287.0"
                    VPOS="3149.0"
                    WIDTH="1475.0"
                    HEIGHT="187.0">
            <Shape><Polygon POINTS="2287 3240 2315 3189 3388 3195 3484 3149 3524 3189 3717 3183 3762 3251 3660 3325 3615 3325 3558 3274 3484 3325 3444 3297 3354 3325 3314 3297 3263 3331 3104 3336 3007 3331 2956 3280 2877 3325 2786 3291 2712 3325 2650 3297 2587 3325 2553 3291 2440 3325 2304 3308"/></Shape>
	    <String CONTENT="שאילו היו עושין פירות היו מחריבין את"
                    HPOS="2287.0"
                    VPOS="3149.0"
                    WIDTH="1475.0"
                    HEIGHT="187.0"></String>
          </TextLine>

          
          
          <TextLine ID="eSc_line_74cb90d4"
                    
                    BASELINE="2280 3387 3777 3396" 
                    HPOS="2275.0"
                    VPOS="3274.0"
                    WIDTH="1499.0"
                    HEIGHT="193.0">
            <Shape><Polygon POINTS="2275 3382 2287 3314 2604 3331 2650 3291 2707 3331 2792 3291 2826 3325 2883 3331 2962 3280 3030 3336 3388 3331 3416 3302 3484 3331 3558 3274 3609 3325 3762 3331 3774 3393 3757 3461 3427 3450 3393 3416 3325 3456 2735 3456 2684 3416 2621 3461 2519 3456 2480 3427 2446 3461 2281 3467"/></Shape>
	    <String CONTENT="העולם ˙ ר&#39; יהושע בן לוי סליק לרומי חמא"
                    HPOS="2275.0"
                    VPOS="3274.0"
                    WIDTH="1499.0"
                    HEIGHT="193.0"></String>
          </TextLine>

          
          
          <TextLine ID="eSc_line_5ce9b6bd"
                    
                    BASELINE="2247 3507 3791 3495" 
                    HPOS="2241.0"
                    VPOS="3422.0"
                    WIDTH="1544.0"
                    HEIGHT="170.0">
            <Shape><Polygon POINTS="2241 3501 2332 3450 2633 3461 2684 3422 2735 3461 3382 3444 3705 3461 3785 3490 3722 3586 3433 3592 3325 3552 3251 3586 2621 3592 2514 3535 2451 3586 2406 3546 2349 3586 2264 3501"/></Shape>
	    <String CONTENT="חד מסכן מכרך בחדא מחצלא ואית"
                    HPOS="2241.0"
                    VPOS="3422.0"
                    WIDTH="1544.0"
                    HEIGHT="170.0"></String>
          </TextLine>

          
          
          <TextLine ID="eSc_line_ef887b5a"
                    
                    BASELINE="2236 3620 2360 3643 3683 3643 3808 3620" 
                    HPOS="2230.0"
                    VPOS="3541.0"
                    WIDTH="1572.0"
                    HEIGHT="187.0">
            <Shape><Polygon POINTS="2230 3614 2457 3597 2514 3541 2565 3592 3280 3592 3331 3558 3359 3586 3717 3586 3802 3614 3722 3705 3683 3688 3660 3711 3558 3717 3501 3688 3473 3717 3138 3717 3041 3677 2996 3722 2701 3722 2638 3688 2599 3728 2360 3728 2241 3620"/></Shape>
	    <String CONTENT="דאמרין פלגא מדרעא דחמר על אותן"
                    HPOS="2230.0"
                    VPOS="3541.0"
                    WIDTH="1572.0"
                    HEIGHT="187.0"></String>
          </TextLine>

          
          
          <TextLine ID="eSc_line_2cff860e"
                    
                    BASELINE="2286 3780 3777 3771" 
                    HPOS="2281.0"
                    VPOS="3683.0"
                    WIDTH="1493.0"
                    HEIGHT="170.0">
            <Shape><Polygon POINTS="2281 3779 2298 3717 2593 3722 2633 3683 2695 3728 3734 3711 3774 3768 3734 3836 3649 3847 3325 3836 3280 3790 3240 3830 3087 3841 2945 3802 2877 3841 2780 3847 2701 3807 2661 3847 2287 3853"/></Shape>
	    <String CONTENT="העמודים קרא צדקתן כהררי אהן דיהבת"
                    HPOS="2281.0"
                    VPOS="3683.0"
                    WIDTH="1493.0"
                    HEIGHT="170.0"></String>
          </TextLine>

          
          
          <TextLine ID="eSc_line_f0a6b2fc"
                    TAGREFS="LT3"
                    BASELINE="2898 3837 3114 3842" 
                    HPOS="2897"
                    VPOS="3807"
                    WIDTH="217"
                    HEIGHT="64">
            <Shape><Polygon POINTS="2898 3807 3114 3812 3113 3871 2897 3866"/></Shape>
	    <String CONTENT=""
                    HPOS="2897"
                    VPOS="3807"
                    WIDTH="217"
                    HEIGHT="64"></String>
          </TextLine>

          
          
          <TextLine ID="eSc_line_a340975e"
                    
                    BASELINE="2319 3902 3768 3899" 
                    HPOS="2315.0"
                    VPOS="3796.0"
                    WIDTH="1447.0"
                    HEIGHT="182.0">
            <Shape><Polygon POINTS="2315 3898 2326 3847 2945 3859 3246 3836 3285 3796 3331 3841 3728 3841 3762 3898 3705 3966 3535 3978 3308 3972 3268 3944 3002 3978 2934 3949 2883 3966 2848 3932 2803 3972 2735 3978 2377 3978 2326 3955"/></Shape>
	    <String CONTENT="אשפעת על אותו עבר משפטיך תהום"
                    HPOS="2315.0"
                    VPOS="3796.0"
                    WIDTH="1447.0"
                    HEIGHT="182.0"></String>
          </TextLine>

          
          
          <TextLine ID="eSc_line_832e7aad"
                    
                    BASELINE="2207 4006 2389 4029 3564 4029 3808 4012" 
                    HPOS="2202.0"
                    VPOS="3927.0"
                    WIDTH="1600.0"
                    HEIGHT="176.0">
            <Shape><Polygon POINTS="2202 4000 2275 4000 2309 3966 2775 3972 2843 3927 2883 3966 3002 3978 3132 3966 3155 3944 3444 3978 3728 3961 3802 4006 3785 4063 3677 4097 3598 4091 3569 4063 3484 4097 3303 4097 3251 4057 3212 4097 3127 4103 3036 4097 2968 4057 2911 4091 2843 4057 2797 4103 2729 4080 2349 4103 2236 4006"/></Shape>
	    <String CONTENT="רבה הן דמחית גזית ˙ אלכנדרום מוקדין"
                    HPOS="2202.0"
                    VPOS="3927.0"
                    WIDTH="1600.0"
                    HEIGHT="176.0"></String>
          </TextLine>

          
          
          <TextLine ID="eSc_line_b65cfca8"
                    
                    BASELINE="2224 4154 3274 4154 3626 4137 3808 4148" 
                    HPOS="2219.0"
                    VPOS="4057.0"
                    WIDTH="1583.0"
                    HEIGHT="193.0">
            <Shape><Polygon POINTS="2219 4148 2321 4086 2411 4108 2797 4103 2843 4057 2888 4097 2951 4068 3115 4108 3212 4103 3251 4063 3303 4103 3473 4108 3569 4068 3603 4103 3722 4097 3802 4142 3705 4216 3575 4199 3518 4233 3433 4233 3393 4193 3342 4239 3161 4233 3104 4188 3064 4227 2837 4199 2814 4222 2604 4210 2542 4239 2468 4199 2434 4233 2360 4216 2321 4250 2224 4154"/></Shape>
	    <String CONTENT="אזל לגבי מלכא קציא לאחורי הרי [חש&#39;]"
                    HPOS="2219.0"
                    VPOS="4057.0"
                    WIDTH="1583.0"
                    HEIGHT="193.0"></String>
          </TextLine>

          
          
          <TextLine ID="eSc_line_cd335b3a"
                    
                    BASELINE="2264 4290 2985 4290 3490 4273 3796 4278" 
                    HPOS="2258.0"
                    VPOS="4188.0"
                    WIDTH="1533.0"
                    HEIGHT="193.0">
            <Shape><Polygon POINTS="2258 4284 2309 4273 2366 4216 2389 4239 2604 4244 2746 4222 2809 4239 2854 4210 2962 4239 3064 4233 3110 4188 3166 4233 3320 4244 3388 4193 3433 4239 3530 4239 3569 4205 3722 4210 3791 4273 3722 4347 3586 4375 3547 4335 3501 4375 3388 4381 3303 4341 3251 4381 3178 4347 3149 4375 3075 4347 2996 4381 2956 4347 2871 4358 2837 4335 2695 4375 2656 4352 2582 4381 2491 4375 2423 4335 2355 4335 2298 4284"/></Shape>
	    <String CONTENT="חשך נפל טעין ליה גרומי דדהב בגו דיי"
                    HPOS="2258.0"
                    VPOS="4188.0"
                    WIDTH="1533.0"
                    HEIGHT="193.0"></String>
          </TextLine>

          
          
          <TextLine ID="eSc_line_b9935ecf"
                    
                    BASELINE="2247 4437 3075 4437 3132 4426 3484 4420 3552 4403 3683 4415 3808 4392" 
                    HPOS="2241.0"
                    VPOS="4335.0"
                    WIDTH="1561.0"
                    HEIGHT="187.0">
            <Shape><Polygon POINTS="2241 4432 2292 4420 2372 4341 2423 4341 2468 4381 2604 4381 2656 4347 2695 4386 2746 4386 2831 4335 2883 4381 2945 4347 2985 4386 3251 4381 3297 4347 3365 4381 3643 4375 3700 4347 3751 4392 3802 4386 3728 4494 3649 4471 3620 4500 3541 4505 3501 4477 3461 4505 3263 4505 3212 4471 3178 4494 3132 4477 3087 4511 2962 4477 2917 4511 2860 4511 2831 4483 2752 4517 2707 4477 2650 4511 2434 4522 2309 4432"/></Shape>
	    <String CONTENT="דייסקיקם דב דרהב אמ&#39; ליה ולממוכך"
                    HPOS="2241.0"
                    VPOS="4335.0"
                    WIDTH="1561.0"
                    HEIGHT="187.0"></String>
          </TextLine>

          
          
          <TextLine ID="eSc_line_627d3ffb"
                    
                    BASELINE="2196 4562 3274 4562 3427 4557 3484 4540 3683 4551 3802 4540" 
                    HPOS="2190.0"
                    VPOS="4437.0"
                    WIDTH="1606.0"
                    HEIGHT="205.0">
            <Shape><Polygon POINTS="2190 4557 2298 4437 2434 4522 2656 4517 2701 4471 2746 4511 2917 4511 2962 4471 3036 4505 3093 4505 3127 4471 3172 4500 3212 4471 3246 4505 3728 4494 3796 4540 3711 4625 3490 4636 3371 4636 3331 4602 3308 4625 3200 4630 3138 4591 3098 4630 3041 4602 3007 4630 2883 4642 2803 4613 2769 4630 2735 4602 2701 4636 2673 4619 2610 4642 2582 4619 2559 4642 2480 4642 2434 4613 2338 4642 2253 4557"/></Shape>
	    <String CONTENT="אנא צריך אמ&#39; ליה ולא הוי לך מה מיכול"
                    HPOS="2190.0"
                    VPOS="4437.0"
                    WIDTH="1606.0"
                    HEIGHT="205.0"></String>
          </TextLine>

          
          
          <TextLine ID="eSc_line_a28650c1"
                    
                    BASELINE="2253 4693 2582 4693 2712 4681 3768 4681" 
                    HPOS="2247.0"
                    VPOS="4591.0"
                    WIDTH="1515.0"
                    HEIGHT="187.0">
            <Shape><Polygon POINTS="2247 4687 2309 4642 2695 4642 2735 4602 2769 4636 2797 4613 2877 4642 3007 4636 3041 4602 3093 4636 3144 4591 3200 4630 3728 4625 3762 4676 3728 4755 3654 4755 3592 4715 3518 4772 3325 4732 3149 4767 3093 4727 2973 4772 2803 4767 2729 4732 2678 4767 2587 4738 2548 4772 2332 4755 2304 4778 2253 4727"/></Shape>
	    <String CONTENT="בארעך ואתית לך לידן אמ&#39; ליה לא אתית"
                    HPOS="2247.0"
                    VPOS="4591.0"
                    WIDTH="1515.0"
                    HEIGHT="187.0"></String>
          </TextLine>

          
          
          <TextLine ID="eSc_line_442fefd1"
                    
                    BASELINE="2202 4806 2394 4823 3649 4823 3762 4795" 
                    HPOS="2196.0"
                    VPOS="4715.0"
                    WIDTH="1561.0"
                    HEIGHT="199.0">
            <Shape><Polygon POINTS="2196 4801 2275 4801 2332 4755 2366 4778 3087 4778 3268 4767 3308 4732 3354 4761 3524 4772 3598 4715 3654 4761 3739 4761 3757 4789 3711 4886 3626 4869 3598 4897 3376 4903 3331 4869 3291 4908 3200 4903 3166 4869 3127 4903 2990 4874 2905 4903 2866 4863 2814 4908 2775 4886 2684 4908 2604 4874 2542 4874 2497 4914 2446 4880 2377 4908 2247 4806"/></Shape>
	    <String CONTENT="אלא בעי למידע היאך אתון דיינין [יומ&#39;]"
                    HPOS="2196.0"
                    VPOS="4715.0"
                    WIDTH="1561.0"
                    HEIGHT="199.0"></String>
          </TextLine>

          
          
          <TextLine ID="eSc_line_a218eb30"
                    
                    BASELINE="2224 4959 3677 4954 3808 4971" 
                    HPOS="2219.0"
                    VPOS="4869.0"
                    WIDTH="1583.0"
                    HEIGHT="176.0">
            <Shape><Polygon POINTS="2219 4954 2326 4942 2429 4880 2474 4914 2542 4874 2735 4914 2820 4908 2866 4869 2905 4908 3722 4903 3802 4965 3785 5011 3762 4999 3734 5028 3666 5028 3615 4982 3541 5033 3297 5039 3223 5011 2701 5033 2673 5011 2638 5039 2565 5039 2502 4994 2434 5045 2292 4954"/></Shape>
	    <String CONTENT="חד יתיב גביה אתא חד בר נש קבל על"
                    HPOS="2219.0"
                    VPOS="4869.0"
                    WIDTH="1583.0"
                    HEIGHT="176.0"></String>
          </TextLine>

          
          
          <TextLine ID="eSc_line_8eb0d8c9"
                    
                    BASELINE="2258 5084 2735 5084 3223 5067 3762 5073" 
                    HPOS="2253.0"
                    VPOS="4982.0"
                    WIDTH="1504.0"
                    HEIGHT="187.0">
            <Shape><Polygon POINTS="2253 5079 2355 5005 2457 5045 2508 4994 2553 5039 3223 5016 3291 5056 3365 5022 3552 5033 3615 4982 3666 5028 3728 5028 3757 5067 3700 5158 3660 5158 3615 5113 3569 5152 3484 5152 3461 5130 3388 5152 3268 5101 3229 5141 3178 5147 3036 5152 3002 5130 2973 5158 2797 5141 2587 5169 2542 5141 2366 5158 2287 5079"/></Shape>
	    <String CONTENT="על חבריה ˙ אמ&#39; הדין גברא זבין ליד"
                    HPOS="2253.0"
                    VPOS="4982.0"
                    WIDTH="1504.0"
                    HEIGHT="187.0"></String>
          </TextLine>

          
          
          <TextLine ID="eSc_line_43197b65"
                    
                    BASELINE="2202 5221 3808 5203" 
                    HPOS="2196.0"
                    VPOS="5135.0"
                    WIDTH="1606.0"
                    HEIGHT="171.0">
            <Shape><Polygon POINTS="2196 5221 2202 5181 2309 5158 2383 5175 2411 5152 2446 5181 2536 5158 2638 5175 2684 5147 2905 5147 2979 5175 3132 5147 3166 5169 3331 5169 3422 5135 3632 5135 3660 5164 3785 5164 3802 5198 3785 5294 3473 5277 3376 5300 3342 5266 3251 5266 3217 5300 2996 5283 2945 5306 2746 5306 2712 5272 2582 5300 2553 5277 2202 5277"/></Shape>
	    <String CONTENT="קילקלתא ואשכהית בגוה סימתא ההוא ‏"
                    HPOS="2196.0"
                    VPOS="5135.0"
                    WIDTH="1606.0"
                    HEIGHT="171.0"></String>
          </TextLine>

          
        </TextBlock>
        
        <TextBlock HPOS="443.0"
                   VPOS="616.0"
                   WIDTH="1444.0"
                   HEIGHT="4728.0"
                   ID="eSc_textblock_02289c81"
                   TAGREFS="BT2">
          <Shape><Polygon POINTS="1887 616 1887 5344 443 5344 447 2428 472 2367 498 2066 448 1910 450 743"/></Shape>
          
          
          <TextLine ID="eSc_line_43f58b0b"
                    
                    BASELINE="346 879 868 800 1248 777 1776 777 1906 794" 
                    HPOS="340.0"
                    VPOS="652.0"
                    WIDTH="1561.0"
                    HEIGHT="273.0">
            <Shape><Polygon POINTS="340 873 346 794 737 732 800 743 908 709 1152 692 1310 698 1339 726 1475 720 1537 686 1617 703 1651 669 1810 675 1827 652 1878 681 1901 788 1889 822 1850 834 1606 851 1379 856 1316 834 1078 868 1027 851 993 873 868 862 845 885 510 925 351 896"/></Shape>
	    <String CONTENT="קלקלתא זבנית וסימתה לא זבנית וההוא"
                    HPOS="340.0"
                    VPOS="652.0"
                    WIDTH="1561.0"
                    HEIGHT="273.0"></String>
          </TextLine>

          
          
          <TextLine ID="eSc_line_be48de7f"
                    
                    BASELINE="414 1015 817 964 1010 964 1089 947 1265 936 1384 942 1503 930 1645 930 1929 896" 
                    HPOS="408.0"
                    VPOS="845.0"
                    WIDTH="1515.0"
                    HEIGHT="250.0">
            <Shape><Polygon POINTS="408 1010 505 925 584 942 629 908 669 942 715 936 817 879 925 862 1010 896 1089 885 1112 856 1214 890 1475 879 1537 845 1572 879 1855 856 1923 890 1855 993 1804 959 1725 1021 1606 987 1560 1021 1146 1010 896 1049 800 1027 771 1061 533 1095 431 1010"/></Shape>
	    <String CONTENT="דזבן אמ&#39; היקלתא ומה בגיה זבנית ומ&#39;ל&#39;"
                    HPOS="408.0"
                    VPOS="845.0"
                    WIDTH="1515.0"
                    HEIGHT="250.0"></String>
          </TextLine>

          
          
          <TextLine ID="eSc_line_35b6398d"
                    
                    BASELINE="385 1146 516 1146 703 1117 766 1129 822 1106 885 1095 1129 1089 1339 1072 1747 1078 1923 1055" 
                    HPOS="380.0"
                    VPOS="959.0"
                    WIDTH="1538.0"
                    HEIGHT="278.0">
            <Shape><Polygon POINTS="380 1140 459 1072 522 1106 771 1061 805 1032 1191 1032 1220 1004 1254 1027 1572 1021 1606 987 1725 1027 1804 959 1918 1049 1895 1169 1821 1112 1759 1152 1662 1117 1611 1152 1498 1140 1458 1163 1350 1129 1305 1157 1027 1152 822 1180 743 1152 681 1203 539 1191 493 1237 459 1237 391 1169"/></Shape>
	    <String CONTENT="לחד מנהון אית לן בודבר אמ&#39; ליה אין אמ&#39;"
                    HPOS="380.0"
                    VPOS="959.0"
                    WIDTH="1538.0"
                    HEIGHT="278.0"></String>
          </TextLine>

          
          
          <TextLine ID="eSc_line_004832e3"
                    
                    BASELINE="408 1254 624 1254 771 1225 902 1237 1027 1225 1112 1203 1180 1214 1702 1208 1884 1220" 
                    HPOS="402.0"
                    VPOS="1117.0"
                    WIDTH="1476.0"
                    HEIGHT="250.0">
            <Shape><Polygon POINTS="402 1248 493 1237 539 1191 578 1220 845 1163 1322 1146 1469 1163 1623 1152 1657 1117 1708 1157 1759 1157 1810 1117 1878 1214 1855 1259 1747 1293 1555 1254 1407 1293 1220 1248 1129 1293 942 1282 584 1344 516 1316 465 1367 408 1310"/></Shape>
	    <String CONTENT="ליה לאחרינה אית לד ברתא נקבה אמ&#39;ליה"
                    HPOS="402.0"
                    VPOS="1117.0"
                    WIDTH="1476.0"
                    HEIGHT="250.0"></String>
          </TextLine>

          
          
          <TextLine ID="eSc_line_9a474d8b"
                    
                    BASELINE="391 1396 527 1396 749 1367 896 1373 1186 1344 1884 1344" 
                    HPOS="385.0"
                    VPOS="1248.0"
                    WIDTH="1493.0"
                    HEIGHT="233.0">
            <Shape><Polygon POINTS="385 1390 459 1379 522 1322 578 1350 942 1288 1140 1299 1220 1248 1396 1293 1464 1293 1526 1254 1730 1299 1833 1288 1878 1339 1861 1407 1787 1424 1623 1424 1509 1379 1469 1424 1384 1401 1129 1413 1083 1435 964 1418 760 1452 720 1435 522 1481 425 1390"/></Shape>
	    <String CONTENT="הן אמ&#39; ליה איזיל ואסב דין לדין והוי ממ&#39;]"
                    HPOS="385.0"
                    VPOS="1248.0"
                    WIDTH="1493.0"
                    HEIGHT="233.0"></String>
          </TextLine>

          
          
          <TextLine ID="eSc_line_62860cc6"
                    
                    BASELINE="402 1515 828 1509 1072 1481 1634 1486 1895 1469" 
                    HPOS="397.0"
                    VPOS="1379.0"
                    WIDTH="1492.0"
                    HEIGHT="249.0">
            <Shape><Polygon POINTS="397 1509 794 1435 1367 1407 1464 1424 1509 1379 1611 1424 1838 1413 1889 1464 1799 1543 1668 1532 1566 1554 1481 1520 1441 1554 1316 1549 1254 1577 1197 1554 1004 1571 981 1549 891 1577 794 1549 726 1583 629 1583 567 1628 408 1509"/></Shape>
	    <String CONTENT="ממונא לתרויהון חמה יתיה יתיב תמן [י&#39;]"
                    HPOS="397.0"
                    VPOS="1379.0"
                    WIDTH="1492.0"
                    HEIGHT="249.0"></String>
          </TextLine>

          
          
          <TextLine ID="eSc_line_7c6f7f15"
                    
                    BASELINE="397 1662 783 1640 970 1640 1146 1628 1203 1617 1515 1623 1901 1606" 
                    HPOS="391.0"
                    VPOS="1526.0"
                    WIDTH="1504.0"
                    HEIGHT="244.0">
            <Shape><Polygon POINTS="391 1657 652 1606 692 1571 737 1589 777 1554 1027 1577 1407 1543 1441 1566 1486 1526 1537 1560 1850 1554 1895 1600 1884 1668 1850 1696 1668 1662 1606 1696 1498 1668 1447 1691 1379 1662 1293 1674 1254 1708 879 1702 794 1730 720 1691 675 1736 578 1742 539 1770 414 1657"/></Shape>
	    <String CONTENT="אמ&#39; ליה ולא דיינת טיבות אמ&#39; ליה יוין"
                    HPOS="391.0"
                    VPOS="1526.0"
                    WIDTH="1504.0"
                    HEIGHT="244.0"></String>
          </TextLine>

          
          
          <TextLine ID="eSc_line_63ae1085"
                    
                    BASELINE="397 1804 646 1804 817 1770 953 1781 1146 1781 1208 1770 1282 1770 1384 1747 1458 1759 1906 1747" 
                    HPOS="391.0"
                    VPOS="1657.0"
                    WIDTH="1510.0"
                    HEIGHT="244.0">
            <Shape><Polygon POINTS="391 1798 749 1719 1271 1713 1367 1668 1435 1702 1498 1668 1532 1702 1594 1708 1657 1657 1696 1691 1725 1674 1776 1702 1850 1696 1901 1742 1833 1833 1634 1810 1577 1844 1418 1798 1390 1833 1271 1850 1157 1816 1118 1850 964 1855 913 1821 885 1855 743 1867 652 1844 533 1901 499 1901 397 1804"/></Shape>
	    <String CONTENT="אמ&#39; ליה אילו הוה גביכון היאך הויתון"
                    HPOS="391.0"
                    VPOS="1657.0"
                    WIDTH="1510.0"
                    HEIGHT="244.0"></String>
          </TextLine>

          
          
          <TextLine ID="eSc_line_b3b13902"
                    
                    BASELINE="419 1923 749 1912 873 1918 1316 1889 1645 1895 1952 1872" 
                    HPOS="414.0"
                    VPOS="1793.0"
                    WIDTH="1532.0"
                    HEIGHT="227.0">
            <Shape><Polygon POINTS="414 1918 516 1906 652 1850 777 1867 913 1827 947 1861 1038 1838 1101 1855 1140 1827 1384 1844 1430 1793 1549 1844 1855 1833 1946 1867 1861 1946 1765 1940 1685 1980 1628 1957 1520 1974 1469 1940 1384 1974 1276 1963 1220 1986 1180 1946 1129 1986 1044 1957 1010 1980 879 1969 839 1997 760 1974 715 1991 669 1963 629 2003 499 2020 425 1946"/></Shape>
	    <String CONTENT="דיינין אמ&#39; ליה קטלין דין לדין ומלכותא"
                    HPOS="414.0"
                    VPOS="1793.0"
                    WIDTH="1532.0"
                    HEIGHT="227.0"></String>
          </TextLine>

          
          
          <TextLine ID="eSc_line_e3c76151"
                    
                    BASELINE="414 2054 930 2037 987 2025 1770 2025 1884 2048" 
                    HPOS="408.0"
                    VPOS="1940.0"
                    WIDTH="1470.0"
                    HEIGHT="193.0">
            <Shape><Polygon POINTS="408 2048 629 1997 669 1957 703 1991 749 1974 845 1997 1259 1963 1719 1980 1782 1940 1861 1952 1878 2043 1861 2105 1833 2111 1186 2088 1112 2105 998 2071 908 2122 856 2094 698 2122 658 2088 612 2128 499 2133 414 2048"/></Shape>
	    <String CONTENT="מ&#39; נסבה ממונא דתרויהון אמ&#39; ליה יאת"
                    HPOS="408.0"
                    VPOS="1940.0"
                    WIDTH="1470.0"
                    HEIGHT="193.0"></String>
          </TextLine>

          
          
          <TextLine ID="eSc_line_a739257e"
                    
                    BASELINE="519 2202 1891 2172" 
                    HPOS="516.0"
                    VPOS="2077.0"
                    WIDTH="1373.0"
                    HEIGHT="198.0">
            <Shape><Polygon POINTS="516 2201 522 2128 720 2128 834 2099 908 2122 953 2116 987 2077 1044 2105 1089 2082 1118 2111 1855 2111 1889 2167 1833 2241 1799 2247 1475 2241 1430 2207 1339 2252 1293 2224 1191 2247 1146 2218 1083 2247 1004 2201 959 2241 891 2224 862 2247 828 2213 788 2247 743 2224 527 2275"/></Shape>
	    <String CONTENT="גביכון מטר נחות אמ&#39; ליה אין אית בינ"
                    HPOS="516.0"
                    VPOS="2077.0"
                    WIDTH="1373.0"
                    HEIGHT="198.0"></String>
          </TextLine>

          
          
          <TextLine ID="eSc_line_2eb3b8d3"
                    
                    BASELINE="472 2342 1891 2307" 
                    HPOS="471.0"
                    VPOS="2213.0"
                    WIDTH="1418.0"
                    HEIGHT="198.0">
            <Shape><Polygon POINTS="471 2338 488 2252 516 2275 726 2264 817 2292 902 2218 959 2247 993 2213 1112 2252 1345 2252 1418 2218 1560 2252 1844 2241 1889 2304 1816 2383 1401 2389 1350 2343 1316 2366 1197 2349 1140 2394 482 2411"/></Shape>
	    <String CONTENT="ביניכון בעיר דקיק אמ&#39; ליה תיפח רוחות"
                    HPOS="471.0"
                    VPOS="2213.0"
                    WIDTH="1418.0"
                    HEIGHT="198.0"></String>
          </TextLine>

          
          
          <TextLine ID="eSc_line_4b16884f"
                    TAGREFS="LT3"
                    BASELINE="757 2282 864 2270" 
                    HPOS="753"
                    VPOS="2240"
                    WIDTH="114"
                    HEIGHT="71">
            <Shape><Polygon POINTS="753 2252 860 2240 867 2299 760 2311"/></Shape>
	    <String CONTENT=""
                    HPOS="753"
                    VPOS="2240"
                    WIDTH="114"
                    HEIGHT="71"></String>
          </TextLine>

          
          
          <TextLine ID="eSc_line_a00242ad"
                    
                    BASELINE="357 2445 550 2462 788 2462 851 2451 1532 2434 1736 2434 1929 2445" 
                    HPOS="351.0"
                    VPOS="2355.0"
                    WIDTH="1572.0"
                    HEIGHT="204.0">
            <Shape><Polygon POINTS="351 2440 419 2440 505 2400 1146 2394 1242 2355 1288 2383 1350 2355 1390 2389 1867 2383 1923 2440 1816 2531 1747 2497 1679 2536 1600 2502 1560 2531 1475 2497 1430 2525 1390 2497 1310 2536 1248 2502 1214 2536 1049 2519 476 2559 357 2445"/></Shape>
	    <String CONTENT="דההוא גברא לא בזכותכון מטרא נחית"
                    HPOS="351.0"
                    VPOS="2355.0"
                    WIDTH="1572.0"
                    HEIGHT="204.0"></String>
          </TextLine>

          
          
          <TextLine ID="eSc_line_6c377075"
                    
                    BASELINE="414 2604 612 2593 1061 2593 1129 2604 1191 2587 1333 2587 1549 2570 1929 2570" 
                    HPOS="408.0"
                    VPOS="2491.0"
                    WIDTH="1515.0"
                    HEIGHT="193.0">
            <Shape><Polygon POINTS="408 2599 505 2548 1435 2531 1469 2502 1515 2536 1651 2536 1725 2491 1923 2565 1810 2661 1725 2633 1691 2667 1606 2672 1560 2627 1486 2627 1452 2661 1276 2661 1242 2638 1214 2667 1032 2672 1004 2644 771 2684 510 2678 431 2599"/></Shape>
	    <String CONTENT="עליכון ולא בזכותכון שמשא נחה"
                    HPOS="408.0"
                    VPOS="2491.0"
                    WIDTH="1515.0"
                    HEIGHT="193.0"></String>
          </TextLine>

          
          
          <TextLine ID="eSc_line_829b34e2"
                    
                    BASELINE="385 2724 1083 2735 1140 2724 1424 2724 1679 2706 1816 2712 1929 2684" 
                    HPOS="380.0"
                    VPOS="2621.0"
                    WIDTH="1543.0"
                    HEIGHT="193.0">
            <Shape><Polygon POINTS="380 2724 419 2718 482 2655 505 2678 1061 2678 1254 2638 1276 2661 1492 2667 1555 2621 1606 2672 1923 2678 1906 2752 1816 2809 1418 2809 1305 2792 1259 2758 1174 2809 1072 2780 936 2814 476 2809 397 2729"/></Shape>
	    <String CONTENT="נחה עליכון אלא מכותא דבעירא"
                    HPOS="380.0"
                    VPOS="2621.0"
                    WIDTH="1543.0"
                    HEIGHT="193.0"></String>
          </TextLine>

          
          
          <TextLine ID="eSc_line_b1ce87f3"
                    
                    BASELINE="397 2871 1220 2871 1276 2860 1935 2848" 
                    HPOS="391.0"
                    VPOS="2780.0"
                    WIDTH="1538.0"
                    HEIGHT="165.0">
            <Shape><Polygon POINTS="391 2865 482 2809 1015 2814 1055 2780 1101 2809 1844 2803 1929 2843 1838 2933 1583 2939 1537 2905 1503 2933 1259 2911 1231 2933 1152 2916 1112 2945 476 2945 402 2871"/></Shape>
	    <String CONTENT="אדם ובהמה תושיע ייי אדם בזכות בהמה"
                    HPOS="391.0"
                    VPOS="2780.0"
                    WIDTH="1538.0"
                    HEIGHT="165.0"></String>
          </TextLine>

          
          
          <TextLine ID="eSc_line_e80089ba"
                    
                    BASELINE="470 2999 1904 2981" 
                    HPOS="465.0"
                    VPOS="2905.0"
                    WIDTH="1436.0"
                    HEIGHT="165.0">
            <Shape><Polygon POINTS="465 2996 471 2951 499 2939 1106 2939 1152 2916 1220 2945 1271 2916 1407 2945 1430 2922 1486 2939 1532 2905 1577 2933 1861 2933 1901 2979 1810 3058 1589 3058 1509 3030 1475 3047 1418 3019 1373 3053 1242 3064 760 3070 726 3041 652 3070 590 3036 561 3064 471 3070"/></Shape>
	    <String CONTENT="תושיע ייי ר&#39; יהוד&#39; בר&#39; סימון פתר קרייא"
                    HPOS="465.0"
                    VPOS="2905.0"
                    WIDTH="1436.0"
                    HEIGHT="165.0"></String>
          </TextLine>

          
          
          <TextLine ID="eSc_line_b6417f88"
                    
                    BASELINE="470 3121 1889 3103" 
                    HPOS="465.0"
                    VPOS="3019.0"
                    WIDTH="1419.0"
                    HEIGHT="187.0">
            <Shape><Polygon POINTS="465 3115 476 3075 567 3064 595 3036 686 3075 925 3075 1021 3053 1367 3058 1430 3019 1515 3058 1838 3047 1884 3098 1827 3195 1594 3189 1549 3143 1503 3189 1407 3195 1083 3195 1044 3155 998 3200 908 3206 476 3183"/></Shape>
	    <String CONTENT="בנח אמ&#39; הקב&#39;ה צדקה שעשיתי עם נח"
                    HPOS="465.0"
                    VPOS="3019.0"
                    WIDTH="1419.0"
                    HEIGHT="187.0"></String>
          </TextLine>

          
          
          <TextLine ID="eSc_line_90db0786"
                    
                    BASELINE="499 3262 1889 3262" 
                    HPOS="493.0"
                    VPOS="3155.0"
                    WIDTH="1391.0"
                    HEIGHT="187.0">
            <Shape><Polygon POINTS="493 3257 516 3189 998 3212 1049 3160 1095 3206 1452 3200 1515 3195 1555 3155 1594 3195 1855 3195 1884 3257 1872 3325 1611 3331 1572 3297 1543 3325 1407 3336 1242 3319 851 3342 709 3331 658 3302 612 3336 505 3336"/></Shape>
	    <String CONTENT="בתיבה לא עשיתי אלא עד הררי א&#39;ש&#39;"
                    HPOS="493.0"
                    VPOS="3155.0"
                    WIDTH="1391.0"
                    HEIGHT="187.0"></String>
          </TextLine>

          
          
          <TextLine ID="eSc_line_8b1dbbf2"
                    
                    BASELINE="474 3402 1941 3395" 
                    HPOS="471.0"
                    VPOS="3302.0"
                    WIDTH="1469.0"
                    HEIGHT="176.0">
            <Shape><Polygon POINTS="471 3399 476 3336 629 3331 658 3302 692 3331 834 3336 1793 3325 1850 3331 1940 3393 1861 3456 1469 3461 1435 3427 1396 3467 1225 3444 822 3473 510 3450 476 3478"/></Shape>
	    <String CONTENT="ותנח התיבה בחדש השביעי בשבעה"
                    HPOS="471.0"
                    VPOS="3302.0"
                    WIDTH="1469.0"
                    HEIGHT="176.0"></String>
          </TextLine>

          
          
          <TextLine ID="eSc_line_3cd42ce5"
                    
                    BASELINE="448 3501 720 3501 1032 3518 1237 3501 1674 3501 1929 3512" 
                    HPOS="442.0"
                    VPOS="3433.0"
                    WIDTH="1481.0"
                    HEIGHT="164.0">
            <Shape><Polygon POINTS="442 3495 448 3444 482 3478 516 3450 1066 3478 1095 3450 1396 3467 1441 3433 1469 3467 1850 3450 1923 3507 1816 3586 1702 3586 1640 3546 1555 3597 805 3597 737 3575 709 3597 544 3575 499 3597 448 3546"/></Shape>
	    <String CONTENT="עשר יום לחדש על הרי אררט משפ"
                    HPOS="442.0"
                    VPOS="3433.0"
                    WIDTH="1481.0"
                    HEIGHT="164.0"></String>
          </TextLine>

          
          
          <TextLine ID="eSc_line_e3829d2c"
                    
                    BASELINE="374 3643 1935 3632" 
                    HPOS="368.0"
                    VPOS="3518.0"
                    WIDTH="1561.0"
                    HEIGHT="221.0">
            <Shape><Polygon POINTS="368 3637 374 3569 425 3518 527 3597 1685 3586 1861 3592 1929 3632 1872 3711 1765 3728 1379 3734 1293 3688 1231 3739 1197 3705 1146 3734 715 3722 686 3694 476 3728 374 3671"/></Shape>
	    <String CONTENT="תהום רבה ייסורין שהבאתי על דורולא"
                    HPOS="368.0"
                    VPOS="3518.0"
                    WIDTH="1561.0"
                    HEIGHT="221.0"></String>
          </TextLine>

          
          
          <TextLine ID="eSc_line_37f5c732"
                    
                    BASELINE="408 3756 743 3768 800 3779 1691 3779 1946 3756" 
                    HPOS="402.0"
                    VPOS="3683.0"
                    WIDTH="1538.0"
                    HEIGHT="170.0">
            <Shape><Polygon POINTS="402 3751 471 3745 499 3717 641 3722 664 3700 737 3728 1225 3734 1276 3683 1328 3728 1861 3705 1940 3751 1861 3841 1804 3847 1396 3853 1333 3824 1305 3853 675 3853 505 3836 448 3779 408 3785"/></Shape>
	    <String CONTENT="הבאתי אותם אלא מתהום רבה ש&#39;ביום"
                    HPOS="402.0"
                    VPOS="3683.0"
                    WIDTH="1538.0"
                    HEIGHT="170.0"></String>
          </TextLine>

          
          
          <TextLine ID="eSc_line_617f2ffd"
                    
                    BASELINE="385 3887 646 3887 885 3904 1572 3904 1770 3898 1827 3887 1952 3904" 
                    HPOS="380.0"
                    VPOS="3830.0"
                    WIDTH="1566.0"
                    HEIGHT="165.0">
            <Shape><Polygon POINTS="380 3881 442 3876 482 3836 1276 3864 1345 3830 1396 3859 1867 3841 1946 3898 1867 3966 1827 3938 1765 3972 1719 3938 1679 3978 1600 3978 1566 3944 1515 3995 1367 3966 1339 3989 1112 3995 1066 3949 1027 3983 919 3983 885 3949 851 3983 794 3949 749 3983 488 3978 385 3881"/></Shape>
	    <String CONTENT="הזה נבקעו כל מעיינות תהום וכשזכרתי"
                    HPOS="380.0"
                    VPOS="3830.0"
                    WIDTH="1566.0"
                    HEIGHT="165.0"></String>
          </TextLine>

          
          
          <TextLine ID="eSc_line_b44197d2"
                    
                    BASELINE="391 4046 510 4023 1906 4023" 
                    HPOS="385.0"
                    VPOS="3938.0"
                    WIDTH="1516.0"
                    HEIGHT="187.0">
            <Shape><Polygon POINTS="385 4040 499 3972 754 3983 788 3949 828 3983 885 3949 964 3989 1027 3989 1066 3949 1106 3989 1203 3995 1520 3989 1566 3944 1617 3983 1679 3983 1719 3944 1782 3978 1833 3938 1901 4017 1884 4068 1827 4091 1782 4074 1645 4108 1606 4080 1572 4114 1458 4114 1424 4091 1333 4120 1271 4091 1231 4120 1191 4080 1072 4125 919 4097 845 4120 805 4080 703 4108 516 4103 419 4034"/></Shape>
	    <String CONTENT="לו לא לבדו זכרתי אלא ולכל מה שיש"
                    HPOS="385.0"
                    VPOS="3938.0"
                    WIDTH="1516.0"
                    HEIGHT="187.0"></String>
          </TextLine>

          
          
          <TextLine ID="eSc_line_ce36f0d5"
                    
                    BASELINE="391 4142 573 4165 1827 4165 1946 4142" 
                    HPOS="385.0"
                    VPOS="4080.0"
                    WIDTH="1555.0"
                    HEIGHT="176.0">
            <Shape><Polygon POINTS="385 4137 465 4142 510 4103 760 4108 794 4080 839 4120 1066 4131 1191 4086 1231 4125 1867 4097 1940 4137 1816 4244 1691 4222 1657 4250 1583 4227 1509 4250 1469 4216 1430 4250 1316 4256 908 4256 873 4222 839 4244 771 4222 743 4250 516 4239 391 4142"/></Shape>
	    <String CONTENT="עמו זכרתי בתיבה הה&#39; ויזכר אהים את"
                    HPOS="385.0"
                    VPOS="4080.0"
                    WIDTH="1555.0"
                    HEIGHT="176.0"></String>
          </TextLine>

          
          
          <TextLine ID="eSc_line_d1df5558"
                    
                    BASELINE="391 4278 573 4301 1957 4301" 
                    HPOS="385.0"
                    VPOS="4216.0"
                    WIDTH="1567.0"
                    HEIGHT="193.0">
            <Shape><Polygon POINTS="385 4273 442 4278 482 4239 913 4267 942 4244 1424 4256 1481 4216 1515 4250 1872 4239 1952 4295 1838 4381 1713 4352 1617 4386 1401 4386 1299 4358 1163 4409 1072 4369 1044 4398 505 4369 391 4278"/></Shape>
	    <String CONTENT="נח ואת כל החייה ואת כל הבהמה אשר"
                    HPOS="385.0"
                    VPOS="4216.0"
                    WIDTH="1567.0"
                    HEIGHT="193.0"></String>
          </TextLine>

          
          
          <TextLine ID="eSc_line_8360d503"
                    
                    BASELINE="419 4420 612 4437 1929 4437" 
                    HPOS="414.0"
                    VPOS="4364.0"
                    WIDTH="1509.0"
                    HEIGHT="164.0">
            <Shape><Polygon POINTS="414 4415 510 4369 1169 4409 1316 4364 1407 4392 1861 4381 1923 4432 1816 4511 1356 4522 1328 4494 1237 4528 1180 4483 1129 4528 1010 4528 811 4500 788 4522 578 4511 516 4494 431 4420"/></Shape>
	    <String CONTENT="אתו בתיבה וגו&#39; עיר קטנה ואנשים בה"
                    HPOS="414.0"
                    VPOS="4364.0"
                    WIDTH="1509.0"
                    HEIGHT="164.0"></String>
          </TextLine>

          
          
          <TextLine ID="eSc_line_03d31c14"
                    
                    BASELINE="414 4557 601 4545 664 4557 896 4562 959 4574 1702 4574 1946 4557" 
                    HPOS="408.0"
                    VPOS="4494.0"
                    WIDTH="1532.0"
                    HEIGHT="165.0">
            <Shape><Polygon POINTS="408 4551 499 4494 1004 4534 1129 4534 1174 4494 1231 4534 1850 4505 1940 4551 1827 4642 1407 4653 1373 4619 1333 4653 1265 4659 1180 4659 1129 4619 1095 4653 873 4653 834 4613 794 4647 652 4647 629 4625 499 4625 425 4551"/></Shape>
	    <String CONTENT="מעט וגו&#39; עיר קטנה זה העולם ואנשים"
                    HPOS="408.0"
                    VPOS="4494.0"
                    WIDTH="1532.0"
                    HEIGHT="165.0"></String>
          </TextLine>

          
          
          <TextLine ID="eSc_line_790f03d9"
                    
                    BASELINE="414 4693 601 4681 732 4681 788 4693 930 4698 1623 4698 1906 4681" 
                    HPOS="408.0"
                    VPOS="4619.0"
                    WIDTH="1493.0"
                    HEIGHT="170.0">
            <Shape><Polygon POINTS="408 4687 499 4630 624 4625 646 4647 788 4659 828 4619 873 4659 1101 4647 1129 4619 1174 4653 1396 4659 1867 4636 1901 4676 1855 4772 1730 4784 1668 4749 1640 4778 1464 4784 1435 4755 1401 4789 879 4789 834 4749 794 4784 635 4778 595 4738 544 4755 448 4687"/></Shape>
	    <String CONTENT="מעט זה דור המבול ובא אליה מלך"
                    HPOS="408.0"
                    VPOS="4619.0"
                    WIDTH="1493.0"
                    HEIGHT="170.0"></String>
          </TextLine>

          
          
          <TextLine ID="eSc_line_37605c9a"
                    
                    BASELINE="408 4795 527 4823 811 4823 891 4835 1089 4835 1214 4846 1305 4835 1935 4823" 
                    HPOS="402.0"
                    VPOS="4744.0"
                    WIDTH="1527.0"
                    HEIGHT="187.0">
            <Shape><Polygon POINTS="402 4789 465 4795 505 4755 584 4744 635 4778 902 4789 925 4767 1049 4767 1106 4801 1589 4789 1685 4749 1730 4789 1861 4772 1929 4818 1889 4886 1833 4914 1696 4891 1623 4925 1441 4925 1407 4897 1310 4931 1066 4931 516 4891 419 4795"/></Shape>
	    <String CONTENT="גדול וסבב אותה זה הקב&#39;ה ובנה עליה"
                    HPOS="402.0"
                    VPOS="4744.0"
                    WIDTH="1527.0"
                    HEIGHT="187.0"></String>
          </TextLine>

          
          
          <TextLine ID="eSc_line_154d979a"
                    
                    BASELINE="454 4954 709 4954 913 4971 1310 4976 1957 4965" 
                    HPOS="448.0"
                    VPOS="4891.0"
                    WIDTH="1504.0"
                    HEIGHT="171.0">
            <Shape><Polygon POINTS="448 4948 533 4891 1078 4931 1322 4925 1413 4891 1475 4925 1867 4920 1906 4959 1952 4959 1855 5050 1186 5062 925 5045 885 5011 845 5045 607 5033 527 5016 459 4948"/></Shape>
	    <String CONTENT="מצודים גדולים ערמן וכמזז ומצא בא"
                    HPOS="448.0"
                    VPOS="4891.0"
                    WIDTH="1504.0"
                    HEIGHT="171.0"></String>
          </TextLine>

          
          
          <TextLine ID="eSc_line_535ca531"
                    
                    BASELINE="425 5067 607 5062 709 5084 783 5084 845 5096 1906 5084" 
                    HPOS="419.0"
                    VPOS="5011.0"
                    WIDTH="1482.0"
                    HEIGHT="181.0">
            <Shape><Polygon POINTS="419 5062 510 5011 794 5056 873 5016 953 5056 1872 5045 1901 5079 1850 5164 1782 5147 1736 5181 1282 5186 1174 5158 1078 5192 839 5175 805 5141 760 5169 510 5141 431 5062"/></Shape>
	    <String CONTENT="איש מסכו וחכם זה נח ומלט הוא את"
                    HPOS="419.0"
                    VPOS="5011.0"
                    WIDTH="1482.0"
                    HEIGHT="181.0"></String>
          </TextLine>

          
          
          <TextLine ID="eSc_line_8900881e"
                    
                    BASELINE="402 5181 522 5209 1044 5232 1935 5221" 
                    HPOS="397.0"
                    VPOS="5158.0"
                    WIDTH="1532.0"
                    HEIGHT="165.0">
            <Shape><Polygon POINTS="397 5175 618 5158 669 5181 873 5164 896 5186 1135 5186 1203 5164 1225 5186 1379 5192 1441 5169 1481 5192 1742 5192 1833 5169 1918 5175 1929 5221 1912 5289 1765 5289 1719 5317 1651 5300 1617 5323 1469 5323 1407 5294 1333 5300 1310 5272 1180 5317 1106 5283 1021 5317 851 5317 817 5294 754 5317 720 5294 618 5311 550 5272 402 5266"/></Shape>
	    <String CONTENT="העיר בחכמתו שנ&#39; ויקח מכל הבהמה ‏"
                    HPOS="397.0"
                    VPOS="5158.0"
                    WIDTH="1532.0"
                    HEIGHT="165.0"></String>
          </TextLine>

          
        </TextBlock>
        
        <TextBlock HPOS="1832.0"
                   VPOS="2970.0"
                   WIDTH="446.0"
                   HEIGHT="428.0"
                   ID="eSc_textblock_ea67659e"
                   TAGREFS="BT225">
          <Shape><Polygon POINTS="2278 2976 2272 3398 1880 3379 1872 3097 1832 3078 1870 3025 1872 2970"/></Shape>
          
          
          <TextLine ID="eSc_line_b7c36247"
                    
                    BASELINE="1869 3011 2298 3014" 
                    HPOS="1868"
                    VPOS="2981"
                    WIDTH="430"
                    HEIGHT="62">
            <Shape><Polygon POINTS="1869 2981 2298 2984 2297 3043 1868 3040"/></Shape>
	    <String CONTENT=""
                    HPOS="1868"
                    VPOS="2981"
                    WIDTH="430"
                    HEIGHT="62"></String>
          </TextLine>

          
          
          <TextLine ID="eSc_line_3760bbe1"
                    
                    BASELINE="1854 3068 2298 3065" 
                    HPOS="1853"
                    VPOS="3035"
                    WIDTH="445"
                    HEIGHT="62">
            <Shape><Polygon POINTS="1853 3038 2297 3035 2298 3094 1854 3097"/></Shape>
	    <String CONTENT="ן"
                    HPOS="1853"
                    VPOS="3035"
                    WIDTH="445"
                    HEIGHT="62"></String>
          </TextLine>

          
          
          <TextLine ID="eSc_line_887b34cd"
                    
                    BASELINE="1881 3127 2289 3145" 
                    HPOS="1879"
                    VPOS="3097"
                    WIDTH="411"
                    HEIGHT="77">
            <Shape><Polygon POINTS="1882 3097 2290 3115 2287 3174 1879 3156"/></Shape>
	    <String CONTENT=""
                    HPOS="1879"
                    VPOS="3097"
                    WIDTH="411"
                    HEIGHT="77"></String>
          </TextLine>

          
          
          <TextLine ID="eSc_line_1a8626e9"
                    
                    BASELINE="1928 3186 2292 3207" 
                    HPOS="1926"
                    VPOS="3156"
                    WIDTH="367"
                    HEIGHT="80">
            <Shape><Polygon POINTS="1929 3156 2293 3177 2290 3236 1926 3215"/></Shape>
	    <String CONTENT=""
                    HPOS="1926"
                    VPOS="3156"
                    WIDTH="367"
                    HEIGHT="80"></String>
          </TextLine>

          
          
          <TextLine ID="eSc_line_4717f103"
                    
                    BASELINE="1908 3260 1931 3260 2100 3269 2310 3269" 
                    HPOS="1908"
                    VPOS="3230"
                    WIDTH="402"
                    HEIGHT="69">
            <Shape><Polygon POINTS="1908 3230 1931 3230 2101 3239 2310 3239 2310 3299 2098 3298 1931 3290 1908 3290"/></Shape>
	    <String CONTENT=""
                    HPOS="1908"
                    VPOS="3230"
                    WIDTH="402"
                    HEIGHT="69"></String>
          </TextLine>

          
          
          <TextLine ID="eSc_line_b17a5632"
                    
                    BASELINE="1899 3325 2307 3331" 
                    HPOS="1898"
                    VPOS="3295"
                    WIDTH="409"
                    HEIGHT="65">
            <Shape><Polygon POINTS="1899 3295 2307 3301 2306 3360 1898 3354"/></Shape>
	    <String CONTENT=""
                    HPOS="1898"
                    VPOS="3295"
                    WIDTH="409"
                    HEIGHT="65"></String>
          </TextLine>

          
        </TextBlock>
        
        <TextBlock HPOS="355.0"
                   VPOS="2158.0"
                   WIDTH="163.0"
                   HEIGHT="135.0"
                   ID="eSc_textblock_ddbcbc77"
                   TAGREFS="BT225">
          <Shape><Polygon POINTS="355 2158 355 2293 518 2293 518 2158"/></Shape>
          
          
          <TextLine ID="eSc_line_0d55cdaa"
                    
                    BASELINE="371 2216 523 2184" 
                    HPOS="364"
                    VPOS="2154"
                    WIDTH="165"
                    HEIGHT="91">
            <Shape><Polygon POINTS="364 2186 516 2154 529 2213 377 2245"/></Shape>
	    <String CONTENT="וש רנ"
                    HPOS="364"
                    VPOS="2154"
                    WIDTH="165"
                    HEIGHT="91"></String>
          </TextLine>

          
          
          <TextLine ID="eSc_line_e7cfa278"
                    
                    BASELINE="378 2265 507 2228" 
                    HPOS="369"
                    VPOS="2199"
                    WIDTH="146"
                    HEIGHT="94">
            <Shape><Polygon POINTS="369 2236 498 2199 515 2256 386 2293"/></Shape>
	    <String CONTENT=""
                    HPOS="369"
                    VPOS="2199"
                    WIDTH="146"
                    HEIGHT="94"></String>
          </TextLine>

          
        </TextBlock>
        

        
      </PrintSpace>
    </Page>
  </Layout>
</alto>
