<?xml version="1.0" encoding="UTF-8"?>
<alto xmlns:xsi="http://www.w3.org/2001/XMLSchema-instance"
      xmlns="http://www.loc.gov/standards/alto/ns-v4#"
      xsi:schemaLocation="http://www.loc.gov/standards/alto/ns-v4# http://www.loc.gov/standards/alto/v4/alto-4-2.xsd">
  <Description>
    <MeasurementUnit>pixel</MeasurementUnit>
    <sourceImageInformation>
      <fileName>add_ms_16406_f189v.jpg</fileName>
      
    </sourceImageInformation>
  </Description>
  
  <Tags>
    <OtherTag ID="BT1" LABEL="Title" DESCRIPTION="block type Title"/><OtherTag ID="BT2" LABEL="Main" DESCRIPTION="block type Main"/><OtherTag ID="BT3" LABEL="Commentary" DESCRIPTION="block type Commentary"/><OtherTag ID="BT4" LABEL="Illustration" DESCRIPTION="block type Illustration"/><OtherTag ID="BT224" LABEL="Hole" DESCRIPTION="block type Hole"/><OtherTag ID="BT225" LABEL="Margin" DESCRIPTION="block type Margin"/><OtherTag ID="BT226" LABEL="Paratext" DESCRIPTION="block type Paratext"/>
    <OtherTag ID="LT2" LABEL="Numbering" DESCRIPTION="line type Numbering"/><OtherTag ID="LT3" LABEL="Correction" DESCRIPTION="line type Correction"/><OtherTag ID="LT329" LABEL="Gloss" DESCRIPTION="line type Gloss"/>
  </Tags>
  
  <Layout>
    <Page WIDTH="4627"
          HEIGHT="6745"
          PHYSICAL_IMG_NR="378"
          ID="eSc_dummypage_">
      <PrintSpace HPOS="0"
                  VPOS="0"
                  WIDTH="4627"
                  HEIGHT="6745">
        
        <TextBlock HPOS="2066.0"
                   VPOS="715.0"
                   WIDTH="1616.0"
                   HEIGHT="4737.0"
                   ID="eSc_textblock_08ea9c1c"
                   TAGREFS="BT2">
          <Shape><Polygon POINTS="3067 5452 3682 5422 3682 749 3577 715 2099 715 2066 854 2066 5437 3067 5452"/></Shape>
          
          
          <TextLine ID="eSc_line_6ef6dd25"
                    
                    BASELINE="2052 843 2850 837 3030 882 3685 861" 
                    HPOS="2035.0"
                    VPOS="747.0"
                    WIDTH="1653.0"
                    HEIGHT="202.0">
            <Shape><Polygon POINTS="2046 837 2035 803 2462 753 2462 753 2468 753 2468 753 2811 798 2822 798 2822 798 2878 753 2878 747 2878 747 2884 747 2884 747 2889 747 2889 747 2889 747 2895 747 2895 747 2895 747 2901 747 3041 792 3266 758 3266 758 3272 758 3272 758 3272 758 3277 758 3277 758 3283 758 3322 786 3362 753 3362 747 3362 747 3367 747 3367 747 3373 747 3373 747 3373 747 3378 747 3378 747 3378 747 3384 747 3384 747 3485 798 3676 798 3682 859 3688 910 3603 944 3603 944 3598 944 3598 944 3598 944 2901 949 2895 949 2040 916"/></Shape>
	    <String CONTENT="יטמא לרבות ידות הכלים או יכול שאני מרבה"
                    HPOS="2035.0"
                    VPOS="747.0"
                    WIDTH="1653.0"
                    HEIGHT="202.0"></String>
          </TextLine>

          
          
          <TextLine ID="eSc_line_44113c29"
                    
                    BASELINE="2119 972 2355 972 2496 989 2766 989 2822 1000 3525 994 3685 1002" 
                    HPOS="2102.0"
                    VPOS="916.0"
                    WIDTH="1580.0"
                    HEIGHT="151.0">
            <Shape><Polygon POINTS="2113 966 2113 916 3671 933 3682 1000 3665 1067 2102 1056"/></Shape>
	    <String CONTENT="יתר מכשיעור תלמוד לומר לכם שהוא [לצ&#39;]"
                    HPOS="2102.0"
                    VPOS="916.0"
                    WIDTH="1580.0"
                    HEIGHT="151.0"></String>
          </TextLine>

          
          
          <TextLine ID="eSc_line_4cad1be9"
                    
                    BASELINE="2074 1118 2158 1135 3525 1129 3685 1137" 
                    HPOS="2052.0"
                    VPOS="1079.0"
                    WIDTH="1630.0"
                    HEIGHT="151.0">
            <Shape><Polygon POINTS="2068 1112 2063 1084 3671 1079 3682 1135 3676 1197 3570 1230 3564 1230 3564 1230 3558 1230 2052 1202"/></Shape>
	    <String CONTENT="לצרכיכם דברי ר&#39; עקיבא אמ&#39; לו ר&#39; יוחנן בן [נ&#39;]"
                    HPOS="2052.0"
                    VPOS="1079.0"
                    WIDTH="1630.0"
                    HEIGHT="151.0"></String>
          </TextLine>

          
          
          <TextLine ID="eSc_line_ff6e3820"
                    
                    BASELINE="2074 1253 2276 1270 2799 1264 2867 1275 3024 1281 3685 1281" 
                    HPOS="2063.0"
                    VPOS="1219.0"
                    WIDTH="1619.0"
                    HEIGHT="124.0">
            <Shape><Polygon POINTS="2068 1247 2068 1219 3676 1219 3682 1275 3676 1343 2063 1343"/></Shape>
	    <String CONTENT="נורי הכתוב אומר במטמא ואתה אומר"
                    HPOS="2063.0"
                    VPOS="1219.0"
                    WIDTH="1619.0"
                    HEIGHT="124.0"></String>
          </TextLine>

          
          
          <TextLine ID="eSc_line_a5e53a72"
                    
                    BASELINE="2063 1410 2192 1399 2248 1410 2749 1416 2934 1427 3685 1417" 
                    HPOS="2052.0"
                    VPOS="1365.0"
                    WIDTH="1630.0"
                    HEIGHT="158.0">
            <Shape><Polygon POINTS="2057 1405 2052 1371 3671 1365 3682 1416 3676 1495 3137 1523 3131 1523 3131 1523 3131 1523 3125 1523 3030 1495 2934 1523 2929 1523 2929 1523 2929 1523 2923 1523 2052 1483"/></Shape>
	    <String CONTENT="בַמִיטַמֵא אמ&#39; ר&#39; עקיבא אף אני אומר [כ&#39;]"
                    HPOS="2052.0"
                    VPOS="1365.0"
                    WIDTH="1630.0"
                    HEIGHT="158.0"></String>
          </TextLine>

          
          
          <TextLine ID="eSc_line_04f8aa86"
                    
                    BASELINE="2040 1545 2113 1568 2181 1556 2580 1556 2889 1573 2951 1585 3541 1585 3685 1574" 
                    HPOS="2007.0"
                    VPOS="1483.0"
                    WIDTH="1681.0"
                    HEIGHT="208.0">
            <Shape><Polygon POINTS="2035 1540 2035 1483 3080 1512 3182 1506 3570 1489 3575 1489 3575 1489 3575 1489 3581 1489 3688 1523 3682 1573 3682 1652 3592 1686 3592 1686 3586 1686 3586 1686 3586 1691 3092 1691 3086 1686 3086 1686 3080 1686 3080 1686 3080 1686 3007 1652 2580 1680 2574 1680 2007 1641"/></Shape>
	    <String CONTENT="כל הנוגע בהם יטמא עד הערב אין האוכל"
                    HPOS="2007.0"
                    VPOS="1483.0"
                    WIDTH="1681.0"
                    HEIGHT="208.0"></String>
          </TextLine>

          
          
          <TextLine ID="eSc_line_ab72a399"
                    
                    BASELINE="2074 1697 2563 1708 2681 1719 3685 1708" 
                    HPOS="2052.0"
                    VPOS="1630.0"
                    WIDTH="1636.0"
                    HEIGHT="185.0">
            <Shape><Polygon POINTS="2068 1691 2052 1669 2102 1630 2102 1630 2108 1630 2108 1630 2108 1630 2113 1630 2113 1630 2119 1630 3676 1658 3682 1703 3688 1781 3637 1815 3631 1815 3631 1815 3631 1815 3626 1815 3626 1815 3620 1815 2057 1787"/></Shape>
	    <String CONTENT="אוכלין טמיאים ואין השותה משקין [ט&#39;]"
                    HPOS="2052.0"
                    VPOS="1630.0"
                    WIDTH="1636.0"
                    HEIGHT="185.0"></String>
          </TextLine>

          
          
          <TextLine ID="eSc_line_e4b763b9"
                    
                    BASELINE="2147 1854 2895 1849 3030 1860 3685 1865" 
                    HPOS="2136.0"
                    VPOS="1793.0"
                    WIDTH="1546.0"
                    HEIGHT="134.0">
            <Shape><Polygon POINTS="2142 1849 2142 1793 3676 1798 3682 1860 3671 1927 2136 1927"/></Shape>
	    <String CONTENT="טמיאים מטמא טומאת ערב ˙ ה&#39; ˙"
                    HPOS="2136.0"
                    VPOS="1793.0"
                    WIDTH="1546.0"
                    HEIGHT="134.0"></String>
          </TextLine>

          
          
          <TextLine ID="eSc_line_89fe7567"
                    
                    BASELINE="2080 1989 2822 2001 2951 2012 3412 2012 3685 1999" 
                    HPOS="2063.0"
                    VPOS="1905.0"
                    WIDTH="1619.0"
                    HEIGHT="163.0">
            <Shape><Polygon POINTS="2074 1984 2068 1933 2957 1905 2962 1905 2962 1905 2968 1905 2968 1905 3052 1939 3064 1944 3446 1944 3451 1939 3491 1911 3496 1911 3496 1911 3496 1911 3502 1911 3502 1911 3508 1911 3508 1911 3508 1911 3676 1944 3682 1995 3671 2068 2063 2057"/></Shape>
	    <String CONTENT="כל הנוגע בהם יכול בחיים תלמוד לומר [במ&#39;]"
                    HPOS="2063.0"
                    VPOS="1905.0"
                    WIDTH="1619.0"
                    HEIGHT="163.0"></String>
          </TextLine>

          
          
          <TextLine ID="eSc_line_a086d059"
                    
                    BASELINE="2052 2130 2136 2147 2648 2141 3685 2147" 
                    HPOS="2029.0"
                    VPOS="2090.0"
                    WIDTH="1653.0"
                    HEIGHT="130.0">
            <Shape><Polygon POINTS="2046 2124 2046 2090 3682 2090 3682 2141 3671 2220 2029 2220"/></Shape>
	    <String CONTENT="במותם או במותן יכול לא בשחיטתן [ת&#39;]"
                    HPOS="2029.0"
                    VPOS="2090.0"
                    WIDTH="1653.0"
                    HEIGHT="130.0"></String>
          </TextLine>

          
          
          <TextLine ID="eSc_line_ceb35535"
                    
                    BASELINE="2097 2282 2664 2276 2721 2287 2957 2293 3685 2293" 
                    HPOS="2080.0"
                    VPOS="2197.0"
                    WIDTH="1602.0"
                    HEIGHT="163.0">
            <Shape><Polygon POINTS="2091 2276 2080 2220 2788 2197 2794 2197 3193 2225 3227 2225 3232 2225 3328 2197 3333 2197 3333 2197 3339 2197 3339 2197 3339 2197 3345 2197 3440 2225 3519 2197 3519 2197 3525 2197 3525 2197 3530 2197 3530 2197 3530 2197 3676 2231 3682 2287 3676 2355 2091 2360"/></Shape>
	    <String CONTENT="תלמוד לומר בהם אפילו הם שחוטין [ה&#39;]"
                    HPOS="2080.0"
                    VPOS="2197.0"
                    WIDTH="1602.0"
                    HEIGHT="163.0"></String>
          </TextLine>

          
          
          <TextLine ID="eSc_line_dfbea82a"
                    
                    BASELINE="2063 2422 2136 2439 2198 2428 2327 2422 2383 2445 2462 2433 3685 2439" 
                    HPOS="2040.0"
                    VPOS="2349.0"
                    WIDTH="1642.0"
                    HEIGHT="180.0">
            <Shape><Polygon POINTS="2057 2416 2052 2377 2366 2349 2372 2349 3682 2383 3682 2433 3671 2501 2659 2529 2653 2529 2040 2495"/></Shape>
	    <String CONTENT="הא מה אני מקיים בהם אף לא בחייהם ˙"
                    HPOS="2040.0"
                    VPOS="2349.0"
                    WIDTH="1642.0"
                    HEIGHT="180.0"></String>
          </TextLine>

          
          
          <TextLine ID="eSc_line_a0fa718f"
                    
                    BASELINE="2063 2574 2782 2585 3423 2568 3581 2574" 
                    HPOS="2057.0"
                    VPOS="2473.0"
                    WIDTH="1518.0"
                    HEIGHT="196.0">
            <Shape><Polygon POINTS="2057 2568 2130 2523 2226 2518 2271 2473 2366 2523 2423 2484 2462 2523 2524 2529 2614 2478 2664 2523 2760 2529 3142 2523 3187 2478 3232 2523 3362 2557 3468 2506 3525 2563 3558 2546 3575 2568 3480 2653 3362 2579 3283 2658 3075 2641 3024 2669 2794 2664 2766 2641 2692 2669 2625 2619 2563 2669 2479 2664 2428 2624 2338 2664 2243 2669 2063 2596"/></Shape>
	    <String CONTENT="ו&#39; ˙ כל הנוגע בהם יכול בכולן תלמוד"
                    HPOS="2057.0"
                    VPOS="2473.0"
                    WIDTH="1518.0"
                    HEIGHT="196.0"></String>
          </TextLine>

          
          
          <TextLine ID="eSc_line_7e1aa1ef"
                    
                    BASELINE="2091 2720 2321 2720 2451 2731 2507 2726 3159 2731 3215 2720 3685 2720" 
                    HPOS="2074.0"
                    VPOS="2624.0"
                    WIDTH="1614.0"
                    HEIGHT="192.0">
            <Shape><Polygon POINTS="2085 2714 2080 2664 2366 2624 2366 2624 2372 2624 2372 2624 2372 2624 2529 2658 2636 2624 2642 2624 2642 2624 2642 2624 2648 2624 2648 2624 2648 2624 2653 2624 2653 2624 2659 2624 2659 2624 2715 2664 2715 2669 2805 2669 3013 2669 3047 2636 3047 2630 3047 2630 3052 2630 3052 2630 3052 2630 3058 2630 3058 2630 3064 2630 3064 2630 3064 2630 3069 2630 3069 2630 3069 2630 3137 2664 3631 2630 3637 2630 3637 2630 3637 2630 3643 2630 3643 2630 3643 2630 3648 2630 3648 2630 3648 2636 3688 2675 3682 2714 3676 2787 2704 2816 2698 2816 2074 2782"/></Shape>
	    <String CONTENT="לומר מהם יכול במקצתן תלמוד לומר בהם"
                    HPOS="2074.0"
                    VPOS="2624.0"
                    WIDTH="1614.0"
                    HEIGHT="192.0"></String>
          </TextLine>

          
          
          <TextLine ID="eSc_line_27a13a95"
                    
                    BASELINE="2097 2872 2170 2861 2518 2861 3496 2861 3685 2869" 
                    HPOS="2085.0"
                    VPOS="2810.0"
                    WIDTH="1597.0"
                    HEIGHT="152.0">
            <Shape><Polygon POINTS="2091 2866 2091 2810 3676 2810 3682 2866 3671 2928 2692 2962 2687 2962 2687 2962 2411 2934 2248 2962 2248 2962 2243 2962 2243 2962 2243 2962 2085 2928"/></Shape>
	    <String CONTENT="הא כיצד שיגיע במקצתו שהוא ככולו"
                    HPOS="2085.0"
                    VPOS="2810.0"
                    WIDTH="1597.0"
                    HEIGHT="152.0"></String>
          </TextLine>

          
          
          <TextLine ID="eSc_line_b411ebff"
                    
                    BASELINE="2119 2995 3685 2995" 
                    HPOS="2113.0"
                    VPOS="2950.0"
                    WIDTH="1569.0"
                    HEIGHT="130.0">
            <Shape><Polygon POINTS="2113 2990 2113 2950 3682 2950 3682 2990 3682 3080 2113 3080"/></Shape>
	    <String CONTENT="ושיערו חכמים בכעדשה שכן החומט [/]"
                    HPOS="2113.0"
                    VPOS="2950.0"
                    WIDTH="1569.0"
                    HEIGHT="130.0"></String>
          </TextLine>

          
          
          <TextLine ID="eSc_line_0269f86f"
                    
                    BASELINE="2097 3119 2299 3142 3685 3142" 
                    HPOS="2085.0"
                    VPOS="3085.0"
                    WIDTH="1597.0"
                    HEIGHT="130.0">
            <Shape><Polygon POINTS="2091 3113 2091 3085 3676 3085 3682 3136 3676 3215 2085 3215"/></Shape>
	    <String CONTENT="תחילת בירייתו בכעדשה ר&#39; יוסי בר&#39; יהודה"
                    HPOS="2085.0"
                    VPOS="3085.0"
                    WIDTH="1597.0"
                    HEIGHT="130.0"></String>
          </TextLine>

          
          
          <TextLine ID="eSc_line_27af3b48"
                    
                    BASELINE="2822 3282 3395 3271 3685 3275" 
                    HPOS="2805.0"
                    VPOS="3226.0"
                    WIDTH="877.0"
                    HEIGHT="152.0">
            <Shape><Polygon POINTS="2816 3276 2805 3231 3671 3226 3682 3271 3671 3338 3266 3378 3266 3378 3260 3378 2811 3350"/></Shape>
	    <String CONTENT="אומר כזנב הלטאה ˙"
                    HPOS="2805.0"
                    VPOS="3226.0"
                    WIDTH="877.0"
                    HEIGHT="152.0"></String>
          </TextLine>

          
          
          <TextLine ID="eSc_line_31c6cd50"
                    
                    BASELINE="2726 3406 3024 3406 3176 3389" 
                    HPOS="2721.0"
                    VPOS="3333.0"
                    WIDTH="449.0"
                    HEIGHT="157.0">
            <Shape><Polygon POINTS="2721 3400 2816 3333 2878 3361 2934 3338 3109 3355 3170 3383 3052 3490 2799 3490 2732 3451"/></Shape>
	    <String CONTENT="פרשתא ˙"
                    HPOS="2721.0"
                    VPOS="3333.0"
                    WIDTH="449.0"
                    HEIGHT="157.0"></String>
          </TextLine>

          
          
          <TextLine ID="eSc_line_148dd29d"
                    
                    BASELINE="2102 3552 2844 3552 3137 3535 3680 3535" 
                    HPOS="2085.0"
                    VPOS="3445.0"
                    WIDTH="1597.0"
                    HEIGHT="180.0">
            <Shape><Polygon POINTS="2097 3546 2085 3496 3035 3490 3142 3445 3142 3445 3148 3445 3148 3445 3154 3445 3373 3445 3373 3445 3373 3445 3378 3445 3378 3445 3378 3445 3384 3445 3384 3445 3384 3451 3412 3473 3598 3445 3598 3445 3603 3445 3603 3445 3603 3445 3609 3445 3609 3445 3609 3445 3615 3445 3682 3490 3676 3529 3671 3614 2097 3625"/></Shape>
	    <String CONTENT="וכל אשר יפול → מהם במותם יטמא במי [ה&#39;]"
                    HPOS="2085.0"
                    VPOS="3445.0"
                    WIDTH="1597.0"
                    HEIGHT="180.0"></String>
          </TextLine>

          
          
          <TextLine ID="eSc_line_b24a1dd8"
                    
                    BASELINE="2052 3681 2962 3698 3109 3687 3680 3676" 
                    HPOS="2023.0"
                    VPOS="3631.0"
                    WIDTH="1653.0"
                    HEIGHT="157.0">
            <Shape><Polygon POINTS="2046 3676 2046 3631 3671 3636 3676 3670 3671 3749 2777 3788 2771 3788 2771 3788 2771 3788 2766 3788 2642 3749 2591 3782 2586 3782 2586 3782 2586 3782 2580 3782 2580 3782 2580 3788 2158 3788 2153 3782 2153 3782 2147 3782 2023 3743"/></Shape>
	    <String CONTENT="הוא מדבר אם במיתתן הרי מיתתן אמור"
                    HPOS="2023.0"
                    VPOS="3631.0"
                    WIDTH="1653.0"
                    HEIGHT="157.0"></String>
          </TextLine>

          
          
          <TextLine ID="eSc_line_cd962b1d"
                    
                    BASELINE="2074 3839 2147 3827 2794 3833 2906 3822 3176 3816 3238 3805 3680 3810" 
                    HPOS="2068.0"
                    VPOS="3765.0"
                    WIDTH="1608.0"
                    HEIGHT="152.0">
            <Shape><Polygon POINTS="2068 3833 2068 3765 3671 3765 3676 3805 3665 3889 2068 3917"/></Shape>
	    <String CONTENT="ואם באבר מן המת הרי אבר מן המת [א&#39;]"
                    HPOS="2068.0"
                    VPOS="3765.0"
                    WIDTH="1608.0"
                    HEIGHT="152.0"></String>
          </TextLine>

          
          
          <TextLine ID="eSc_line_7935cfd1"
                    
                    BASELINE="2097 3979 2490 3990 2558 3979 2884 3973 2940 3962 3294 3968 3680 3948" 
                    HPOS="2080.0"
                    VPOS="3883.0"
                    WIDTH="1596.0"
                    HEIGHT="186.0">
            <Shape><Polygon POINTS="2091 3973 2080 3923 2411 3889 2411 3889 2417 3889 2417 3889 2423 3889 2423 3889 2423 3889 2479 3917 2484 3923 2839 3923 2856 3917 3080 3883 3080 3883 3086 3883 3671 3917 3676 3945 3671 4030 2766 4069 2760 4069 2080 4041"/></Shape>
	    <String CONTENT="אמור למטן הא [מה אני מקיים] אינו [מ&#39;]"
                    HPOS="2080.0"
                    VPOS="3883.0"
                    WIDTH="1596.0"
                    HEIGHT="186.0"></String>
          </TextLine>

          
          
          <TextLine ID="eSc_line_4b65f503"
                    
                    BASELINE="2097 4114 2760 4125 3080 4108 3137 4097 3435 4097 3680 4106" 
                    HPOS="2074.0"
                    VPOS="4018.0"
                    WIDTH="1602.0"
                    HEIGHT="192.0">
            <Shape><Polygon POINTS="2091 4108 2085 4058 2636 4018 2642 4018 2642 4018 2642 4018 2648 4018 2771 4052 3553 4024 3558 4024 3558 4024 3558 4024 3564 4024 3676 4063 3676 4103 3665 4170 2737 4210 2732 4210 2732 4210 2726 4210 2726 4210 2726 4210 2721 4210 2670 4176 2631 4204 2625 4204 2625 4204 2625 4204 2619 4204 2619 4204 2619 4210 2158 4210 2153 4204 2153 4204 2147 4204 2147 4204 2147 4204 2074 4165"/></Shape>
	    <String CONTENT="מדבר אלא באבר מן החי ה&#39;ד&#39;ה&#39; ומה אם"
                    HPOS="2074.0"
                    VPOS="4018.0"
                    WIDTH="1602.0"
                    HEIGHT="192.0"></String>
          </TextLine>

          
          
          <TextLine ID="eSc_line_aaa93cb8"
                    
                    BASELINE="2142 4260 2721 4260 2777 4249 3080 4232 3680 4238" 
                    HPOS="2125.0"
                    VPOS="4159.0"
                    WIDTH="1551.0"
                    HEIGHT="157.0">
            <Shape><Polygon POINTS="2136 4254 2125 4193 3221 4159 3227 4159 3671 4193 3676 4232 3665 4305 2136 4316"/></Shape>
	    <String CONTENT="בהמה שלא עשה דמה כבשרה אבר מן"
                    HPOS="2125.0"
                    VPOS="4159.0"
                    WIDTH="1551.0"
                    HEIGHT="157.0"></String>
          </TextLine>

          
          
          <TextLine ID="eSc_line_45e32829"
                    
                    BASELINE="2102 4384 2513 4384 2766 4367 3097 4373 3165 4361 3317 4356 3373 4339 3446 4350 3680 4350" 
                    HPOS="2085.0"
                    VPOS="4288.0"
                    WIDTH="1591.0"
                    HEIGHT="186.0">
            <Shape><Polygon POINTS="2097 4378 2085 4316 3665 4288 3676 4344 3676 4423 2636 4468 2636 4474 2158 4474 2153 4468 2153 4468 2147 4468 2147 4468 2147 4468 2085 4434"/></Shape>
	    <String CONTENT="החי ממנה מטמא שרץ שעשה דמו [כב&#39;]"
                    HPOS="2085.0"
                    VPOS="4288.0"
                    WIDTH="1591.0"
                    HEIGHT="186.0"></String>
          </TextLine>

          
          
          <TextLine ID="eSc_line_e0ecf580"
                    
                    BASELINE="2125 4519 2445 4530 2513 4519 2777 4513 2839 4502 3159 4507 3680 4479" 
                    HPOS="2108.0"
                    VPOS="4429.0"
                    WIDTH="1568.0"
                    HEIGHT="180.0">
            <Shape><Polygon POINTS="2119 4513 2108 4462 3665 4429 3676 4474 3676 4547 2350 4609 2344 4609 2344 4609 2108 4580"/></Shape>
	    <String CONTENT="כבשרו אינו דין שיהא אבר מן החי [מט&#39;]"
                    HPOS="2108.0"
                    VPOS="4429.0"
                    WIDTH="1568.0"
                    HEIGHT="180.0"></String>
          </TextLine>

          
          
          <TextLine ID="eSc_line_371d04dc"
                    
                    BASELINE="2147 4665 2541 4665 3080 4637 3451 4642 3525 4631 3680 4631" 
                    HPOS="2130.0"
                    VPOS="4575.0"
                    WIDTH="1546.0"
                    HEIGHT="157.0">
            <Shape><Polygon POINTS="2142 4659 2130 4609 3665 4575 3676 4625 3671 4699 2142 4732"/></Shape>
	    <String CONTENT="מטמא לא אם אמרת בבהמה שהיא [מט&#39;]"
                    HPOS="2130.0"
                    VPOS="4575.0"
                    WIDTH="1546.0"
                    HEIGHT="157.0"></String>
          </TextLine>

          
          
          <TextLine ID="eSc_line_562b1fcf"
                    
                    BASELINE="2097 4805 2237 4794 2811 4800 2867 4788 3052 4783 3114 4772 3680 4777" 
                    HPOS="2074.0"
                    VPOS="4710.0"
                    WIDTH="1602.0"
                    HEIGHT="180.0">
            <Shape><Polygon POINTS="2091 4800 2085 4743 3665 4710 3676 4772 3665 4850 2170 4890 2164 4890 2164 4890 2164 4890 2158 4890 2158 4890 2074 4850"/></Shape>
	    <String CONTENT="מטמאה במשא תאמר בשרץ שאינו [מ&#39;]"
                    HPOS="2074.0"
                    VPOS="4710.0"
                    WIDTH="1602.0"
                    HEIGHT="180.0"></String>
          </TextLine>

          
          
          <TextLine ID="eSc_line_fa8600bc"
                    
                    BASELINE="2119 4935 2681 4935 3154 4906 3547 4912 3680 4902" 
                    HPOS="2102.0"
                    VPOS="4839.0"
                    WIDTH="1574.0"
                    HEIGHT="163.0">
            <Shape><Polygon POINTS="2113 4929 2102 4878 3665 4839 3676 4901 3671 4968 3457 5002 3457 5002 3451 5002 2108 4996"/></Shape>
	    <String CONTENT="מטמאה במשא הואיל ואינו מטמא [ב&#39;]"
                    HPOS="2102.0"
                    VPOS="4839.0"
                    WIDTH="1574.0"
                    HEIGHT="163.0"></String>
          </TextLine>

          
          
          <TextLine ID="eSc_line_60122676"
                    
                    BASELINE="2119 5058 2395 5069 2456 5058 2760 5058 3047 5041 3423 5047 3680 5033" 
                    HPOS="2108.0"
                    VPOS="4963.0"
                    WIDTH="1568.0"
                    HEIGHT="163.0">
            <Shape><Polygon POINTS="2113 5053 2108 5002 2754 5002 2799 4991 2990 4963 2990 4963 2996 4963 3671 4985 3676 5030 3671 5109 2108 5126"/></Shape>
	    <String CONTENT="במשא לא יהא אבר מן החי ממנו מטמא"
                    HPOS="2108.0"
                    VPOS="4963.0"
                    WIDTH="1568.0"
                    HEIGHT="163.0"></String>
          </TextLine>

          
          
          <TextLine ID="eSc_line_7743dd37"
                    
                    BASELINE="2130 5204 2462 5199 2603 5210 2676 5193 3013 5176 3519 5182 3680 5171" 
                    HPOS="2119.0"
                    VPOS="5086.0"
                    WIDTH="1557.0"
                    HEIGHT="203.0">
            <Shape><Polygon POINTS="2125 5199 2119 5137 2501 5137 2513 5126 2535 5103 2535 5098 2535 5098 2541 5098 2541 5098 2541 5098 2546 5098 2546 5098 2552 5098 2552 5098 2552 5098 2558 5098 2558 5098 2614 5120 2625 5126 2625 5120 2653 5098 2653 5092 2653 5092 2659 5092 2659 5092 2659 5092 2664 5092 2664 5092 2670 5092 2670 5092 2670 5092 2788 5114 2839 5126 2912 5114 3075 5086 3075 5086 3080 5086 3671 5098 3676 5165 3676 5238 3564 5277 3558 5277 3558 5277 3558 5277 3553 5277 3553 5277 3243 5249 2777 5277 2771 5277 2771 5277 2771 5277 2766 5277 2692 5255 2692 5255 2687 5255 2603 5289 2603 5289 2597 5289 2597 5289 2597 5289 2591 5289 2119 5261"/></Shape>
	    <String CONTENT="תלמוד לומר וכל אשר יפול עליו מהם [במו&#39;]"
                    HPOS="2119.0"
                    VPOS="5086.0"
                    WIDTH="1557.0"
                    HEIGHT="203.0"></String>
          </TextLine>

          
          
          <TextLine ID="eSc_line_fba6a975"
                    
                    BASELINE="2102 5351 3024 5334 3541 5339 3680 5329" 
                    HPOS="2085.0"
                    VPOS="5244.0"
                    WIDTH="1591.0"
                    HEIGHT="236.0">
            <Shape><Polygon POINTS="2097 5345 2085 5294 2754 5255 2760 5255 2760 5255 2760 5255 2872 5277 3030 5244 3030 5244 3030 5244 3035 5244 3671 5277 3676 5328 3671 5463 3092 5435 2749 5452 2231 5480 2226 5480 2226 5480 2220 5480 2085 5440"/></Shape>
	    <String CONTENT="במותם יטמא לרבות אבר מן החי ˙ ב&#39; ˙"
                    HPOS="2085.0"
                    VPOS="5244.0"
                    WIDTH="1591.0"
                    HEIGHT="236.0"></String>
          </TextLine>

          
        </TextBlock>
        
        <TextBlock HPOS="341.0"
                   VPOS="779.0"
                   WIDTH="1365.0"
                   HEIGHT="4643.0"
                   ID="eSc_textblock_6c60ae72"
                   TAGREFS="BT2">
          <Shape><Polygon POINTS="1676 5422 1706 4496 1661 779 374 790 341 914 371 5347 434 5407 1676 5422"/></Shape>
          
          
          <TextLine ID="eSc_line_5d2470d7"
                    
                    BASELINE="455 972 882 916 1118 904 1259 882 1661 887" 
                    HPOS="427.0"
                    VPOS="764.0"
                    WIDTH="1231.0"
                    HEIGHT="292.0">
            <Shape><Polygon POINTS="449 966 427 893 500 848 505 848 505 848 511 848 511 848 511 848 517 848 517 848 522 848 522 848 522 848 528 848 556 865 584 826 590 826 590 820 590 820 595 820 595 820 595 820 601 820 601 820 601 820 607 820 607 820 607 820 612 820 612 820 618 820 618 820 691 876 697 876 758 871 995 848 1107 786 1107 786 1107 786 1113 786 1113 786 1113 786 1315 781 1321 781 1321 781 1321 781 1326 781 1326 781 1332 781 1383 815 1450 764 1456 764 1456 764 1456 764 1461 764 1461 764 1461 764 1467 764 1467 764 1472 764 1472 764 1472 764 1478 764 1478 764 1478 770 1534 820 1534 820 1647 815 1658 882 1652 983 1321 1000 1315 1000 1315 1000 1309 1000 1309 1000 1225 972 455 1056"/></Shape>
	    <String CONTENT="יכול אפילו תלוי בו כבשערה תלמוד לומר"
                    HPOS="427.0"
                    VPOS="764.0"
                    WIDTH="1231.0"
                    HEIGHT="292.0"></String>
          </TextLine>

          
          
          <TextLine ID="eSc_line_afe8c62e"
                    
                    BASELINE="387 1124 781 1062 916 1073 1017 1039 1208 1039 1276 1034 1371 1011 1661 1020" 
                    HPOS="371.0"
                    VPOS="949.0"
                    WIDTH="1287.0"
                    HEIGHT="276.0">
            <Shape><Polygon POINTS="382 1118 371 1056 522 1045 522 1039 550 1006 556 1006 556 1000 556 1000 562 1000 562 1000 567 1000 567 1000 567 1000 573 1000 573 1000 702 1017 1191 949 1191 949 1197 949 1652 955 1658 1017 1652 1073 1264 1141 1264 1141 1259 1141 1152 1135 1028 1129 995 1157 978 1169 978 1169 972 1169 972 1169 972 1169 967 1169 967 1169 967 1169 961 1169 961 1169 922 1163 820 1146 742 1185 725 1191 725 1191 725 1191 719 1191 719 1191 387 1225"/></Shape>
	    <String CONTENT="אשר יפול הא אינו מטמא אלא כשיפול"
                    HPOS="371.0"
                    VPOS="949.0"
                    WIDTH="1287.0"
                    HEIGHT="276.0"></String>
          </TextLine>

          
          
          <TextLine ID="eSc_line_fd15b891"
                    
                    BASELINE="340 1301 374 1292 579 1236 635 1219 708 1225 832 1202 1191 1174 1315 1174 1501 1152 1661 1163" 
                    HPOS="326.0"
                    VPOS="1084.0"
                    WIDTH="1332.0"
                    HEIGHT="265.0">
            <Shape><Polygon POINTS="337 1298 326 1230 1163 1084 1163 1084 1169 1084 1647 1096 1658 1157 1652 1230 348 1349"/></Shape>
	    <String CONTENT="ג&#39; ˙ יכול בשר הפורש מן החי יטמא"
                    HPOS="326.0"
                    VPOS="1084.0"
                    WIDTH="1332.0"
                    HEIGHT="265.0"></String>
          </TextLine>

          
          
          <TextLine ID="eSc_line_c24fe0ac"
                    
                    BASELINE="410 1371 489 1388 584 1360 652 1360 725 1343 1113 1309 1298 1315 1506 1292 1661 1292" 
                    HPOS="393.0"
                    VPOS="1202.0"
                    WIDTH="1265.0"
                    HEIGHT="265.0">
            <Shape><Polygon POINTS="404 1365 393 1315 1523 1202 1529 1202 1529 1202 1529 1202 1652 1230 1658 1287 1658 1360 393 1467"/></Shape>
	    <String CONTENT="תלמוד לומר במותם מה מיתה שאין לה"
                    HPOS="393.0"
                    VPOS="1202.0"
                    WIDTH="1265.0"
                    HEIGHT="265.0"></String>
          </TextLine>

          
          
          <TextLine ID="eSc_line_125cad1c"
                    
                    BASELINE="359 1559 505 1517 567 1500 837 1467 983 1467 1270 1444 1608 1455 1661 1439" 
                    HPOS="337.0"
                    VPOS="1349.0"
                    WIDTH="1327.0"
                    HEIGHT="264.0">
            <Shape><Polygon POINTS="354 1556 337 1455 517 1405 522 1405 522 1405 528 1405 528 1405 528 1405 534 1405 534 1405 601 1433 640 1399 640 1399 646 1399 646 1399 646 1399 652 1399 652 1399 652 1399 1394 1382 1428 1349 1428 1349 1433 1349 1433 1349 1433 1349 1439 1349 1439 1349 1444 1349 1444 1349 1652 1371 1658 1438 1664 1500 1529 1545 1523 1545 1523 1545 1523 1545 1517 1545 1236 1540 989 1534 798 1545 742 1585 725 1596 719 1596 719 1596 719 1596 714 1596 714 1596 714 1596 708 1596 708 1596 702 1596 702 1596 680 1590 635 1573 365 1613"/></Shape>
	    <String CONTENT="חילופין אף אבר מן החי שאין לו חילופין"
                    HPOS="337.0"
                    VPOS="1349.0"
                    WIDTH="1327.0"
                    HEIGHT="264.0"></String>
          </TextLine>

          
          
          <TextLine ID="eSc_line_e2ef3057"
                    
                    BASELINE="342 1709 511 1646 770 1624 826 1630 972 1607 1118 1601 1332 1579 1661 1579" 
                    HPOS="326.0"
                    VPOS="1506.0"
                    WIDTH="1332.0"
                    HEIGHT="253.0">
            <Shape><Polygon POINTS="337 1708 326 1624 1023 1512 1023 1512 1023 1512 1647 1506 1658 1573 1652 1641 348 1759"/></Shape>
	    <String CONTENT="דברי ר&#39; יוסי הגלילי ר&#39; עקיבא אומר גידין [וע&#39;]"
                    HPOS="326.0"
                    VPOS="1506.0"
                    WIDTH="1332.0"
                    HEIGHT="253.0"></String>
          </TextLine>

          
          
          <TextLine ID="eSc_line_b9359946"
                    
                    BASELINE="399 1815 562 1781 624 1787 764 1759 888 1764 989 1731 1141 1736 1276 1731 1332 1719 1619 1719 1661 1714" 
                    HPOS="382.0"
                    VPOS="1652.0"
                    WIDTH="1276.0"
                    HEIGHT="230.0">
            <Shape><Polygon POINTS="393 1809 382 1719 1647 1652 1658 1708 1658 1770 1557 1809 1557 1809 1551 1809 1551 1809 1546 1809 1349 1798 1293 1798 399 1882"/></Shape>
	    <String CONTENT="ועצמות ˙ ד&#39; ˙ כלי עץ יכול הסולם והקלב"
                    HPOS="382.0"
                    VPOS="1652.0"
                    WIDTH="1276.0"
                    HEIGHT="230.0"></String>
          </TextLine>

          
          
          <TextLine ID="eSc_line_7d6957d6"
                    
                    BASELINE="342 1950 680 1916 736 1922 792 1905 854 1899 983 1899 1191 1877 1456 1877 1661 1864" 
                    HPOS="320.0"
                    VPOS="1793.0"
                    WIDTH="1338.0"
                    HEIGHT="230.0">
            <Shape><Polygon POINTS="337 1944 320 1882 517 1826 522 1826 522 1826 528 1826 528 1826 528 1826 657 1849 697 1815 697 1815 697 1815 702 1815 702 1815 708 1815 708 1815 708 1815 714 1815 714 1815 714 1815 832 1838 848 1809 848 1809 854 1809 854 1804 854 1804 860 1804 860 1804 860 1804 865 1804 865 1804 865 1804 1647 1793 1658 1860 1652 1916 337 2023"/></Shape>
	    <String CONTENT="והנחותה והמנורה תלמוד לומר מכלי עץ לא"
                    HPOS="320.0"
                    VPOS="1793.0"
                    WIDTH="1338.0"
                    HEIGHT="230.0"></String>
          </TextLine>

          
          
          <TextLine ID="eSc_line_50c5b0a8"
                    
                    BASELINE="359 2079 629 2057 826 2057 1079 2029 1276 2034 1681 2006 1735 2006" 
                    HPOS="331.0"
                    VPOS="1911.0"
                    WIDTH="1400.0"
                    HEIGHT="236.0">
            <Shape><Polygon POINTS="354 2074 331 2023 393 1984 399 1984 399 1984 399 1984 404 1984 404 1984 410 1984 410 1984 410 1984 556 2006 1107 1939 1107 1939 1113 1939 1113 1939 1113 1939 1118 1939 1118 1939 1186 1967 1461 1956 1557 1911 1557 1911 1562 1911 1562 1911 1562 1911 1568 1911 1568 1911 1725 1939 1731 2001 1731 2062 354 2147"/></Shape>
	    <String CONTENT="(כל) כלי עץ או יכול שאני מוציא את השולחן"
                    HPOS="331.0"
                    VPOS="1911.0"
                    WIDTH="1400.0"
                    HEIGHT="236.0"></String>
          </TextLine>

          
          
          <TextLine ID="eSc_line_7a2daaed"
                    
                    BASELINE="326 2220 404 2208 595 2214 770 2186 972 2192 1090 2180 1191 2158 1512 2169 1661 2158" 
                    HPOS="309.0"
                    VPOS="2079.0"
                    WIDTH="1349.0"
                    HEIGHT="208.0">
            <Shape><Polygon POINTS="320 2214 309 2135 640 2090 640 2090 646 2090 646 2090 646 2090 652 2090 742 2119 758 2124 781 2119 854 2085 854 2085 860 2085 860 2085 860 2085 865 2085 865 2085 865 2085 978 2113 1023 2119 1085 2107 1219 2079 1219 2079 1225 2079 1652 2090 1658 2152 1658 2231 326 2287"/></Shape>
	    <String CONTENT="ואת הטבלא ואת הדלפקי תלמוד לומר כל [כ&#39;]"
                    HPOS="309.0"
                    VPOS="2079.0"
                    WIDTH="1349.0"
                    HEIGHT="208.0"></String>
          </TextLine>

          
          
          <TextLine ID="eSc_line_896a32fd"
                    
                    BASELINE="365 2338 567 2349 922 2321 989 2327 1360 2315 1444 2298 1661 2298" 
                    HPOS="348.0"
                    VPOS="2242.0"
                    WIDTH="1310.0"
                    HEIGHT="197.0">
            <Shape><Polygon POINTS="359 2332 348 2270 1647 2242 1658 2293 1658 2371 354 2439"/></Shape>
	    <String CONTENT="כלי עץ ריבה מה ראית לרבות את אילו [ולה&#39;]"
                    HPOS="348.0"
                    VPOS="2242.0"
                    WIDTH="1310.0"
                    HEIGHT="197.0"></String>
          </TextLine>

          
          
          <TextLine ID="eSc_line_99479538"
                    
                    BASELINE="331 2490 416 2478 758 2478 938 2467 995 2456 1197 2461 1467 2450 1661 2435" 
                    HPOS="314.0"
                    VPOS="2360.0"
                    WIDTH="1344.0"
                    HEIGHT="197.0">
            <Shape><Polygon POINTS="326 2484 314 2422 1472 2360 1478 2360 1478 2360 1652 2394 1658 2433 1658 2512 331 2557"/></Shape>
	    <String CONTENT="ולהוציא את אילו אחר שריבה הכתוב מיעט"
                    HPOS="314.0"
                    VPOS="2360.0"
                    WIDTH="1344.0"
                    HEIGHT="197.0"></String>
          </TextLine>

          
          
          <TextLine ID="eSc_line_bd597378"
                    
                    BASELINE="342 2619 416 2630 573 2613 950 2619 1388 2591 1661 2591" 
                    HPOS="326.0"
                    VPOS="2501.0"
                    WIDTH="1332.0"
                    HEIGHT="197.0">
            <Shape><Polygon POINTS="337 2613 326 2568 792 2523 798 2523 798 2523 1073 2546 1079 2546 1090 2546 1354 2506 1354 2506 1360 2506 1360 2506 1360 2506 1366 2506 1461 2534 1551 2501 1551 2501 1557 2501 1557 2501 1557 2501 1562 2501 1562 2501 1568 2501 1568 2501 1658 2534 1658 2585 1652 2658 326 2698"/></Shape>
	    <String CONTENT="תלמוד לומר שק מה שק מיוחד שהוא [מש&#39;]"
                    HPOS="326.0"
                    VPOS="2501.0"
                    WIDTH="1332.0"
                    HEIGHT="197.0"></String>
          </TextLine>

          
          
          <TextLine ID="eSc_line_c991d133"
                    
                    BASELINE="342 2737 416 2754 1118 2754 1197 2742 1512 2731 1661 2735" 
                    HPOS="326.0"
                    VPOS="2692.0"
                    WIDTH="1332.0"
                    HEIGHT="124.0">
            <Shape><Polygon POINTS="337 2731 331 2692 1652 2692 1658 2731 1652 2816 326 2816"/></Shape>
	    <String CONTENT="משמש את האדם ואת משמשי האדם"
                    HPOS="326.0"
                    VPOS="2692.0"
                    WIDTH="1332.0"
                    HEIGHT="124.0"></String>
          </TextLine>

          
          
          <TextLine ID="eSc_line_49bc3038"
                    
                    BASELINE="365 2900 815 2883 1366 2889 1433 2877 1661 2868" 
                    HPOS="348.0"
                    VPOS="2799.0"
                    WIDTH="1310.0"
                    HEIGHT="168.0">
            <Shape><Polygon POINTS="359 2894 348 2838 1349 2799 1354 2799 1652 2827 1658 2866 1652 2967 359 2967"/></Shape>
	    <String CONTENT="אף אני מרבה את השולחן ואת הטבלא [ו&#39;]"
                    HPOS="348.0"
                    VPOS="2799.0"
                    WIDTH="1310.0"
                    HEIGHT="168.0"></String>
          </TextLine>

          
          
          <TextLine ID="eSc_line_834b1a0a"
                    
                    BASELINE="410 3012 1416 3024 1661 3010" 
                    HPOS="393.0"
                    VPOS="2956.0"
                    WIDTH="1265.0"
                    HEIGHT="157.0">
            <Shape><Polygon POINTS="404 3007 404 2956 1652 2962 1658 3007 1652 3085 978 3113 972 3113 393 3080"/></Shape>
	    <String CONTENT="ואת הדלפקי שהן משמשין את האדם [וא&#39;]"
                    HPOS="393.0"
                    VPOS="2956.0"
                    WIDTH="1265.0"
                    HEIGHT="157.0"></String>
          </TextLine>

          
          
          <TextLine ID="eSc_line_fc6ae42a"
                    
                    BASELINE="365 3142 455 3158 1433 3153 1501 3164 1653 3147 1661 3147" 
                    HPOS="342.0"
                    VPOS="3091.0"
                    WIDTH="1316.0"
                    HEIGHT="163.0">
            <Shape><Polygon POINTS="359 3136 348 3102 1647 3091 1658 3142 1652 3226 1338 3226 1332 3226 1276 3254 1276 3254 1276 3254 1270 3254 1270 3254 1264 3254 1264 3254 1264 3254 1259 3254 1169 3226 1163 3226 1158 3226 1000 3254 1000 3254 995 3254 342 3226"/></Shape>
	    <String CONTENT="ואת משמשי האדם ומוציא את הסולם"
                    HPOS="342.0"
                    VPOS="3091.0"
                    WIDTH="1316.0"
                    HEIGHT="163.0"></String>
          </TextLine>

          
          
          <TextLine ID="eSc_line_9e0b6763"
                    
                    BASELINE="410 3282 1661 3293" 
                    HPOS="393.0"
                    VPOS="3231.0"
                    WIDTH="1265.0"
                    HEIGHT="147.0">
            <Shape><Polygon POINTS="404 3276 404 3231 1652 3231 1658 3288 1641 3378 393 3361"/></Shape>
	    <String CONTENT="שמשמש את האדם ואינו משמש את [מ&#39;]"
                    HPOS="393.0"
                    VPOS="3231.0"
                    WIDTH="1265.0"
                    HEIGHT="147.0"></String>
          </TextLine>

          
          
          <TextLine ID="eSc_line_5fbdbb77"
                    
                    BASELINE="371 3406 511 3400 567 3411 753 3417 809 3434 922 3423 1456 3423 1661 3431" 
                    HPOS="354.0"
                    VPOS="3361.0"
                    WIDTH="1304.0"
                    HEIGHT="129.0">
            <Shape><Polygon POINTS="365 3400 365 3361 1652 3366 1658 3428 1641 3490 354 3484"/></Shape>
	    <String CONTENT="משמשי את האדם את הקלב ואת הנחותה"
                    HPOS="354.0"
                    VPOS="3361.0"
                    WIDTH="1304.0"
                    HEIGHT="129.0"></String>
          </TextLine>

          
          
          <TextLine ID="eSc_line_cd38b1d2"
                    
                    BASELINE="371 3541 635 3535 764 3552 899 3552 955 3563 1661 3553" 
                    HPOS="359.0"
                    VPOS="3501.0"
                    WIDTH="1299.0"
                    HEIGHT="141.0">
            <Shape><Polygon POINTS="365 3535 359 3501 1652 3501 1658 3552 1647 3642 359 3636"/></Shape>
	    <String CONTENT="ואת המנורה שהן משמשין את משמשי"
                    HPOS="359.0"
                    VPOS="3501.0"
                    WIDTH="1299.0"
                    HEIGHT="141.0"></String>
          </TextLine>

          
          
          <TextLine ID="eSc_line_8b922f7e"
                    
                    BASELINE="483 3670 680 3670 809 3687 1203 3698 1661 3698" 
                    HPOS="461.0"
                    VPOS="3625.0"
                    WIDTH="1197.0"
                    HEIGHT="174.0">
            <Shape><Polygon POINTS="477 3664 477 3625 1652 3642 1658 3692 1652 3765 1304 3799 1304 3799 1298 3799 1298 3799 1293 3799 1169 3771 848 3788 843 3788 843 3788 843 3788 837 3788 837 3788 837 3788 832 3788 832 3788 832 3782 803 3760 618 3788 618 3788 612 3788 612 3788 607 3788 461 3749"/></Shape>
	    <String CONTENT="האדם ואין משמשין את האדם ˙"
                    HPOS="461.0"
                    VPOS="3625.0"
                    WIDTH="1197.0"
                    HEIGHT="174.0"></String>
          </TextLine>

          
          
          <TextLine ID="eSc_line_7bdf6ccc"
                    
                    BASELINE="342 3788 978 3822 1040 3833 1642 3833" 
                    HPOS="337.0"
                    VPOS="3732.0"
                    WIDTH="1304.0"
                    HEIGHT="196.0">
            <Shape><Polygon POINTS="337 3782 387 3743 477 3732 736 3777 809 3732 848 3777 922 3782 1124 3788 1158 3754 1298 3822 1484 3765 1641 3827 1591 3827 1489 3917 1411 3912 1309 3827 1219 3912 1101 3900 1056 3928 955 3867 893 3917 843 3883 680 3912 545 3867 416 3883 342 3822"/></Shape>
	    <String CONTENT="ה&#39; ˙ כלי עץ יכול את השידה את [ה&#39;]"
                    HPOS="337.0"
                    VPOS="3732.0"
                    WIDTH="1304.0"
                    HEIGHT="196.0"></String>
          </TextLine>

          
          
          <TextLine ID="eSc_line_72024db4"
                    
                    BASELINE="387 3940 534 3940 742 3968 1203 3962 1349 3973 1671 3973" 
                    HPOS="371.0"
                    VPOS="3889.0"
                    WIDTH="1298.0"
                    HEIGHT="180.0">
            <Shape><Polygon POINTS="382 3934 382 3889 1669 3917 1669 3968 1664 4041 1214 4069 1208 4069 371 4030"/></Shape>
	    <String CONTENT="התיבה ואת המגדל כוורת השק כוורת הקנים"
                    HPOS="371.0"
                    VPOS="3889.0"
                    WIDTH="1298.0"
                    HEIGHT="180.0"></String>
          </TextLine>

          
          
          <TextLine ID="eSc_line_9f3b742b"
                    
                    BASELINE="376 4063 449 4080 567 4075 764 4097 972 4097 1259 4114 1321 4125 1653 4120 1671 4123" 
                    HPOS="354.0"
                    VPOS="4024.0"
                    WIDTH="1315.0"
                    HEIGHT="169.0">
            <Shape><Polygon POINTS="371 4058 371 4024 1669 4069 1669 4120 1647 4187 893 4193 888 4193 354 4148"/></Shape>
	    <String CONTENT="ובור ספינה אלכסנדרית שיש להם שוליים"
                    HPOS="354.0"
                    VPOS="4024.0"
                    WIDTH="1315.0"
                    HEIGHT="169.0"></String>
          </TextLine>

          
          
          <TextLine ID="eSc_line_32e3f3e4"
                    
                    BASELINE="365 4198 444 4181 528 4204 663 4210 809 4243 927 4232 1512 4238 1671 4226" 
                    HPOS="354.0"
                    VPOS="4159.0"
                    WIDTH="1315.0"
                    HEIGHT="180.0">
            <Shape><Polygon POINTS="359 4193 359 4159 1281 4159 1281 4159 1281 4159 1287 4159 1354 4181 1377 4187 1399 4181 1495 4159 1501 4159 1501 4159 1506 4159 1506 4159 1506 4159 1669 4193 1669 4221 1664 4322 1450 4339 1444 4339 1444 4339 1444 4339 1439 4339 1366 4316 1326 4305 1287 4311 1197 4333 1197 4333 1197 4333 1191 4333 1191 4333 1191 4333 1186 4333 1186 4333 1180 4333 1180 4333 1180 4333 1158 4311 1152 4305 1146 4311 1124 4328 1124 4333 1124 4333 1118 4333 1118 4333 1118 4333 1113 4333 1113 4333 1113 4339 922 4339 916 4333 916 4333 910 4333 910 4333 910 4333 848 4299 837 4294 820 4299 725 4328 719 4328 719 4328 719 4328 714 4328 714 4328 714 4328 708 4328 708 4328 702 4328 646 4294 640 4288 354 4283"/></Shape>
	    <String CONTENT="והם מחזיקים ארבעים לח שהם כוריים [ביב&#39;]"
                    HPOS="354.0"
                    VPOS="4159.0"
                    WIDTH="1315.0"
                    HEIGHT="180.0"></String>
          </TextLine>

          
          
          <TextLine ID="eSc_line_2a7e3a2c"
                    
                    BASELINE="387 4322 534 4322 657 4350 837 4344 910 4361 1034 4367 1619 4367 1671 4371" 
                    HPOS="376.0"
                    VPOS="4254.0"
                    WIDTH="1293.0"
                    HEIGHT="208.0">
            <Shape><Polygon POINTS="382 4316 376 4260 646 4254 652 4254 652 4254 657 4254 657 4254 657 4254 697 4271 747 4294 798 4277 843 4260 843 4260 848 4260 848 4260 854 4260 854 4260 854 4260 860 4260 922 4283 1000 4305 1062 4288 1152 4260 1158 4260 1158 4260 1158 4260 1163 4260 1163 4260 1169 4260 1169 4260 1169 4260 1175 4260 1175 4260 1175 4266 1208 4294 1225 4311 1264 4294 1349 4266 1349 4266 1354 4266 1354 4266 1360 4266 1360 4266 1360 4266 1366 4266 1366 4266 1366 4266 1371 4266 1371 4266 1371 4271 1405 4305 1416 4316 1664 4316 1669 4367 1652 4462 1034 4429 933 4434 714 4457 714 4457 708 4457 708 4457 702 4457 702 4457 702 4457 697 4457 652 4423 635 4417 376 4417"/></Shape>
	    <String CONTENT="ביבש תלמוד לומר מכלי עץ ולא כל כלי עץ"
                    HPOS="376.0"
                    VPOS="4254.0"
                    WIDTH="1293.0"
                    HEIGHT="208.0"></String>
          </TextLine>

          
          
          <TextLine ID="eSc_line_0df37d30"
                    
                    BASELINE="387 4440 601 4457 764 4485 826 4479 893 4491 1056 4496 1124 4513 1191 4502 1671 4502" 
                    HPOS="365.0"
                    VPOS="4406.0"
                    WIDTH="1304.0"
                    HEIGHT="197.0">
            <Shape><Polygon POINTS="382 4434 382 4406 1669 4457 1669 4496 1669 4564 1574 4603 1574 4603 1568 4603 1568 4603 1562 4603 1562 4603 1562 4603 1557 4603 1557 4603 1557 4603 1551 4603 1506 4569 1281 4597 1281 4597 1276 4597 365 4530"/></Shape>
	    <String CONTENT="או יכול שאני מוציא את הדרדור עגלה"
                    HPOS="365.0"
                    VPOS="4406.0"
                    WIDTH="1304.0"
                    HEIGHT="197.0"></String>
          </TextLine>

          
          
          <TextLine ID="eSc_line_f3080bff"
                    
                    BASELINE="404 4575 477 4597 534 4592 629 4609 1006 4642 1253 4637 1671 4651" 
                    HPOS="376.0"
                    VPOS="4519.0"
                    WIDTH="1293.0"
                    HEIGHT="219.0">
            <Shape><Polygon POINTS="399 4569 399 4519 1664 4614 1669 4648 1658 4738 1040 4738 1034 4732 376 4665"/></Shape>
	    <String CONTENT="וקסטות המלכים ועריבת העובדן ובור ספינה"
                    HPOS="376.0"
                    VPOS="4519.0"
                    WIDTH="1293.0"
                    HEIGHT="219.0"></String>
          </TextLine>

          
          
          <TextLine ID="eSc_line_f8011c21"
                    
                    BASELINE="365 4693 438 4704 545 4732 899 4777 1096 4777 1371 4800 1671 4800" 
                    HPOS="337.0"
                    VPOS="4642.0"
                    WIDTH="1332.0"
                    HEIGHT="270.0">
            <Shape><Polygon POINTS="359 4687 354 4665 461 4642 461 4642 461 4642 466 4642 466 4642 472 4642 472 4642 556 4676 562 4676 573 4676 697 4659 697 4659 702 4659 702 4659 702 4659 708 4659 708 4659 708 4659 714 4659 714 4659 714 4665 719 4665 736 4687 736 4687 753 4687 922 4676 927 4676 927 4676 927 4676 933 4676 933 4676 995 4704 1011 4710 1045 4704 1146 4693 1146 4693 1152 4693 1152 4693 1152 4693 1158 4693 1158 4693 1158 4693 1163 4693 1163 4693 1163 4699 1169 4699 1180 4715 1186 4727 1664 4749 1669 4794 1669 4884 1619 4912 1619 4912 1619 4912 1613 4912 1613 4912 1613 4912 1607 4912 1607 4912 1602 4912 1433 4867 1428 4867 1428 4867 1293 4895 1293 4895 1293 4895 1287 4895 1287 4895 995 4839 927 4867 927 4867 922 4867 922 4867 922 4867 916 4867 607 4845 607 4845 607 4845 337 4783"/></Shape>
	    <String CONTENT="קטנה וארון תלמוד לומר כל כלי עץ ריבה מה"
                    HPOS="337.0"
                    VPOS="4642.0"
                    WIDTH="1332.0"
                    HEIGHT="270.0"></String>
          </TextLine>

          
          
          <TextLine ID="eSc_line_c70cb125"
                    
                    BASELINE="432 4839 854 4918 1096 4912 1326 4935 1671 4935" 
                    HPOS="399.0"
                    VPOS="4777.0"
                    WIDTH="1270.0"
                    HEIGHT="253.0">
            <Shape><Polygon POINTS="427 4833 427 4777 1664 4895 1669 4929 1664 5030 1231 5030 1225 5025 1225 5025 1219 5025 1219 5025 1219 5025 1152 4991 1118 5013 1113 5013 1113 5013 1113 5013 1107 5013 1107 5013 1101 5013 1101 5013 1101 5013 1096 5013 950 4968 489 4957 489 4957 489 4957 483 4957 483 4957 483 4957 399 4912"/></Shape>
	    <String CONTENT="ראית לרבות את אילו אחר שריבה הכתוב [מ&#39;]"
                    HPOS="399.0"
                    VPOS="4777.0"
                    WIDTH="1270.0"
                    HEIGHT="253.0"></String>
          </TextLine>

          
          
          <TextLine ID="eSc_line_63eb5050"
                    
                    BASELINE="432 4968 680 5013 803 5013 950 5047 1096 5041 1152 5053 1399 5069 1671 5069" 
                    HPOS="404.0"
                    VPOS="4918.0"
                    WIDTH="1265.0"
                    HEIGHT="241.0">
            <Shape><Polygon POINTS="427 4963 427 4918 1669 5030 1669 5064 1664 5143 1270 5159 1264 5159 1264 5159 1264 5159 1259 5159 1259 5159 1253 5159 1253 5159 1197 5114 1096 5154 1096 5154 1090 5154 1090 5154 1090 5154 1085 5154 1085 5154 1079 5154 922 5114 601 5114 595 5114 595 5114 590 5114 590 5114 590 5114 584 5114 584 5114 584 5109 579 5109 539 5058 404 5047"/></Shape>
	    <String CONTENT="מיעט תלמוד לומר שק מה שק מיוחד כל"
                    HPOS="404.0"
                    VPOS="4918.0"
                    WIDTH="1265.0"
                    HEIGHT="241.0"></String>
          </TextLine>

          
          
          <TextLine ID="eSc_line_da786ea3"
                    
                    BASELINE="449 5098 522 5109 590 5137 646 5131 719 5154 972 5182 1118 5176 1360 5193 1671 5184" 
                    HPOS="427.0"
                    VPOS="5053.0"
                    WIDTH="1248.0"
                    HEIGHT="247.0">
            <Shape><Polygon POINTS="444 5092 444 5053 1664 5148 1669 5182 1675 5261 1562 5300 1557 5300 1557 5300 1557 5300 1551 5300 877 5266 877 5266 871 5266 871 5266 871 5266 865 5266 809 5227 646 5255 646 5255 646 5255 640 5255 640 5255 635 5255 635 5255 635 5255 629 5255 567 5216 567 5210 427 5204"/></Shape>
	    <String CONTENT="שהוא מיטלטל במלואו אף אני אביא"
                    HPOS="427.0"
                    VPOS="5053.0"
                    WIDTH="1248.0"
                    HEIGHT="247.0"></String>
          </TextLine>

          
          
          <TextLine ID="eSc_line_a6349ff1"
                    
                    BASELINE="413 5224 539 5277 1208 5339 1405 5334 1671 5343" 
                    HPOS="365.0"
                    VPOS="5171.0"
                    WIDTH="1304.0"
                    HEIGHT="337.0">
            <Shape><Polygon POINTS="410 5221 416 5171 624 5221 770 5204 809 5199 809 5199 815 5199 815 5199 815 5199 820 5199 820 5199 826 5199 826 5199 837 5210 888 5249 1203 5266 1236 5244 1248 5238 1253 5238 1253 5238 1253 5238 1259 5238 1259 5238 1264 5238 1264 5238 1264 5238 1270 5238 1315 5255 1422 5289 1664 5289 1669 5339 1647 5469 1439 5457 1422 5463 1377 5497 1371 5497 1371 5497 1371 5497 1366 5497 1366 5497 1360 5497 1360 5497 1360 5497 1354 5497 1354 5497 1354 5497 1349 5497 1349 5497 1349 5491 1315 5463 1304 5452 1287 5463 1219 5508 1214 5508 1214 5508 1214 5508 1208 5508 1208 5508 1203 5508 1203 5508 1203 5508 1197 5508 1197 5508 1079 5457 1000 5424 916 5452 860 5469 854 5469 854 5469 854 5469 848 5469 848 5469 843 5469 843 5469 843 5469 837 5469 809 5452 736 5407 612 5446 584 5452 579 5452 579 5452 579 5452 573 5452 365 5435"/></Shape>
	    <String CONTENT="דרדור עגלה וקסטות המלכים ועריכת העונון"
                    HPOS="365.0"
                    VPOS="5171.0"
                    WIDTH="1304.0"
                    HEIGHT="337.0"></String>
          </TextLine>

          
        </TextBlock>
        
        <TextBlock HPOS="3847.0"
                   VPOS="3488.0"
                   WIDTH="210.0"
                   HEIGHT="105.0"
                   ID="eSc_textblock_0b5a4e03"
                   TAGREFS="BT225">
          <Shape><Polygon POINTS="4042 3593 4057 3488 3847 3522 3895 3593 4042 3593"/></Shape>
          
          
          <TextLine ID="eSc_line_2a32871c"
                    
                    BASELINE="3862 3524 4053 3535" 
                    HPOS="3860"
                    VPOS="3494"
                    WIDTH="194"
                    HEIGHT="70">
            <Shape><Polygon POINTS="3863 3494 4054 3505 4051 3564 3860 3553"/></Shape>
	    <String CONTENT="עליו"
                    HPOS="3860"
                    VPOS="3494"
                    WIDTH="194"
                    HEIGHT="70"></String>
          </TextLine>

          
        </TextBlock>
        

        
      </PrintSpace>
    </Page>
  </Layout>
</alto>
