<?xml version="1.0" encoding="UTF-8"?>
<alto xmlns:xsi="http://www.w3.org/2001/XMLSchema-instance"
      xmlns="http://www.loc.gov/standards/alto/ns-v4#"
      xsi:schemaLocation="http://www.loc.gov/standards/alto/ns-v4# http://www.loc.gov/standards/alto/v4/alto-4-2.xsd">
  <Description>
    <MeasurementUnit>pixel</MeasurementUnit>
    <sourceImageInformation>
      <fileName>add_ms_16406_f142v.jpg</fileName>
      
    </sourceImageInformation>
  </Description>
  
  <Tags>
    <OtherTag ID="BT1" LABEL="Title" DESCRIPTION="block type Title"/><OtherTag ID="BT2" LABEL="Main" DESCRIPTION="block type Main"/><OtherTag ID="BT3" LABEL="Commentary" DESCRIPTION="block type Commentary"/><OtherTag ID="BT4" LABEL="Illustration" DESCRIPTION="block type Illustration"/><OtherTag ID="BT224" LABEL="Hole" DESCRIPTION="block type Hole"/><OtherTag ID="BT225" LABEL="Margin" DESCRIPTION="block type Margin"/><OtherTag ID="BT226" LABEL="Paratext" DESCRIPTION="block type Paratext"/>
    <OtherTag ID="LT2" LABEL="Numbering" DESCRIPTION="line type Numbering"/><OtherTag ID="LT3" LABEL="Correction" DESCRIPTION="line type Correction"/><OtherTag ID="LT329" LABEL="Gloss" DESCRIPTION="line type Gloss"/>
  </Tags>
  
  <Layout>
    <Page WIDTH="4770"
          HEIGHT="6803"
          PHYSICAL_IMG_NR="284"
          ID="eSc_dummypage_">
      <PrintSpace HPOS="0"
                  VPOS="0"
                  WIDTH="4770"
                  HEIGHT="6803">
        
        <TextBlock HPOS="2354.0"
                   VPOS="661.0"
                   WIDTH="1675.0"
                   HEIGHT="4838.0"
                   ID="eSc_textblock_b472e101"
                   TAGREFS="BT2">
          <Shape><Polygon POINTS="3061 5499 4014 5468 4029 1390 3983 661 2354 695 2381 5423 2415 5483 2521 5499 3061 5499"/></Shape>
          
          
          <TextLine ID="eSc_line_9281b6f1"
                    
                    BASELINE="2370 765 2512 782 2643 776 3214 826 3828 799 3981 810" 
                    HPOS="2365.0"
                    VPOS="685.0"
                    WIDTH="1610.0"
                    HEIGHT="216.0">
            <Shape><Polygon POINTS="2365 759 2370 719 2416 691 2569 725 2671 725 2790 685 2915 714 2966 691 3068 714 3244 697 3300 736 3414 742 3612 731 3686 702 3726 748 3834 748 3868 719 3958 748 3975 805 3941 884 3862 895 3834 873 3698 878 3641 856 3584 884 3516 867 3465 901 3227 873 3017 890 2881 844 2756 884 2671 884 2648 861 2569 884 2478 833 2370 833"/></Shape>
	    <String CONTENT="תלמוד לומר סביב אי סביב יכול יקיפינו [בח&#39;]"
                    HPOS="2365.0"
                    VPOS="685.0"
                    WIDTH="1610.0"
                    HEIGHT="216.0"></String>
          </TextLine>

          
          
          <TextLine ID="eSc_line_471d4373"
                    
                    BASELINE="2404 918 2603 929 2677 941 3068 935 3153 946 3992 946" 
                    HPOS="2399.0"
                    VPOS="850.0"
                    WIDTH="1588.0"
                    HEIGHT="227.0">
            <Shape><Polygon POINTS="2399 912 2478 867 2739 890 2796 850 2835 884 2983 873 3085 907 3142 884 3380 895 3414 867 3482 901 3516 867 3595 890 3646 856 3732 901 3783 873 3839 901 3924 884 3987 941 3970 1054 3839 1014 3681 1037 3646 1009 3510 1031 3465 1009 3352 1065 3278 1054 3232 1077 3176 1026 3108 1048 3023 1020 2881 1065 2813 997 2767 1031 2688 1003 2660 1026 2523 1003 2478 1031 2404 958"/></Shape>
	    <String CONTENT="בחוט תלמוד לומר וזרקו הא כיצד הפסק"
                    HPOS="2399.0"
                    VPOS="850.0"
                    WIDTH="1588.0"
                    HEIGHT="227.0"></String>
          </TextLine>

          
          
          <TextLine ID="eSc_line_c0929ae2"
                    
                    BASELINE="2382 1077 2648 1071 3057 1099 3993 1108" 
                    HPOS="2376.0"
                    VPOS="952.0"
                    WIDTH="1616.0"
                    HEIGHT="255.0">
            <Shape><Polygon POINTS="2376 1071 2382 958 2404 952 2478 1031 2540 1003 2569 1031 2773 1037 2813 1003 2886 1077 2926 1037 2977 1048 3006 1020 3045 1043 3074 1026 3136 1094 3300 1060 3363 1071 3420 1031 3465 1060 3533 1026 3624 1048 3658 1020 3749 1048 3794 1026 3947 1043 3992 1105 3975 1179 3879 1179 3845 1150 3788 1201 3658 1173 3482 1207 3414 1179 3357 1116 3249 1190 3136 1122 3057 1184 2972 1184 2909 1122 2847 1162 2796 1122 2722 1173 2688 1150 2529 1173 2478 1167 2382 1088"/></Shape>
	    <String CONTENT="ארבע מתנות ˙ י&#39;א&#39; ˙ ר&#39; ישמעאל"
                    HPOS="2376.0"
                    VPOS="952.0"
                    WIDTH="1616.0"
                    HEIGHT="255.0"></String>
          </TextLine>

          
          
          <TextLine ID="eSc_line_d91899f3"
                    
                    BASELINE="2387 1224 2552 1224 2609 1235 2983 1230 3323 1247 3737 1241 3890 1230 4016 1244" 
                    HPOS="2382.0"
                    VPOS="1122.0"
                    WIDTH="1633.0"
                    HEIGHT="221.0">
            <Shape><Polygon POINTS="2382 1218 2467 1156 2643 1179 2688 1150 2728 1179 2801 1122 2841 1167 2909 1139 2960 1196 3062 1190 3085 1167 3136 1190 3193 1167 3249 1201 3306 1173 3397 1201 3669 1173 3851 1196 3953 1173 3998 1196 4015 1241 3975 1309 3896 1326 3800 1326 3749 1298 3669 1332 3510 1315 3363 1343 3312 1309 3204 1332 3170 1298 3142 1326 3057 1337 2881 1332 2801 1292 2688 1320 2387 1303"/></Shape>
	    <String CONTENT="אומר נאמר כאן סביב ונאמר להלן סביב"
                    HPOS="2382.0"
                    VPOS="1122.0"
                    WIDTH="1633.0"
                    HEIGHT="221.0"></String>
          </TextLine>

          
          
          <TextLine ID="eSc_line_82cde62a"
                    
                    BASELINE="2336 1354 2421 1377 2535 1366 2938 1366 3062 1383 3261 1383 3329 1394 3834 1394 4027 1386" 
                    HPOS="2331.0"
                    VPOS="1298.0"
                    WIDTH="1695.0"
                    HEIGHT="187.0">
            <Shape><Polygon POINTS="2331 1349 2365 1349 2416 1298 3017 1337 3125 1332 3176 1303 3204 1332 3283 1309 3346 1343 3505 1320 3720 1332 3754 1309 3907 1337 3981 1315 4026 1383 4009 1479 3380 1451 3289 1485 3255 1456 3028 1479 2784 1439 2671 1456 2404 1439 2336 1371"/></Shape>
	    <String CONTENT="מה סביב האמור להלן פיסוק ארבע מתנות"
                    HPOS="2331.0"
                    VPOS="1298.0"
                    WIDTH="1695.0"
                    HEIGHT="187.0"></String>
          </TextLine>

          
          
          <TextLine ID="eSc_line_49532b86"
                    
                    BASELINE="2365 1490 2444 1513 2557 1502 2881 1507 2994 1513 3057 1519 4010 1528" 
                    HPOS="2359.0"
                    VPOS="1434.0"
                    WIDTH="1650.0"
                    HEIGHT="198.0">
            <Shape><Polygon POINTS="2359 1485 2365 1439 2444 1434 2909 1473 3249 1456 3283 1485 3380 1451 3488 1451 3590 1490 3658 1468 3992 1473 4009 1525 3919 1604 3646 1604 3618 1632 3584 1598 3550 1615 3510 1593 3170 1621 3147 1598 3062 1615 2955 1581 2903 1610 2835 1581 2393 1593 2365 1570"/></Shape>
	    <String CONTENT="אף סביב האמור כאן פיסוק ארבע מתנות ˙"
                    HPOS="2359.0"
                    VPOS="1434.0"
                    WIDTH="1650.0"
                    HEIGHT="198.0"></String>
          </TextLine>

          
          
          <TextLine ID="eSc_line_dc20e909"
                    
                    BASELINE="2359 1627 2518 1644 2824 1638 3045 1655 3244 1655 3335 1666 3811 1655" 
                    HPOS="2353.0"
                    VPOS="1581.0"
                    WIDTH="1452.0"
                    HEIGHT="170.0">
            <Shape><Polygon POINTS="2353 1621 2438 1581 2852 1581 3074 1621 3505 1604 3539 1638 3578 1604 3624 1632 3652 1604 3777 1593 3805 1649 3788 1717 3732 1746 3595 1683 3499 1746 3471 1729 3408 1751 3289 1729 3142 1746 3091 1695 2983 1734 2915 1689 2875 1729 2620 1706 2586 1729 2563 1706 2427 1723 2359 1655"/></Shape>
	    <String CONTENT="י&#39;ב&#39; ˙ והקריבו בני אהרן הכהנים את"
                    HPOS="2353.0"
                    VPOS="1581.0"
                    WIDTH="1452.0"
                    HEIGHT="170.0"></String>
          </TextLine>

          
          
          <TextLine ID="eSc_line_049b44f3"
                    
                    BASELINE="2370 1763 2444 1780 2728 1774 3011 1791 3232 1791 3300 1808 3760 1797 3988 1819" 
                    HPOS="2365.0"
                    VPOS="1695.0"
                    WIDTH="1622.0"
                    HEIGHT="198.0">
            <Shape><Polygon POINTS="2365 1757 2455 1717 2875 1734 2915 1695 2972 1734 3091 1706 3136 1751 3289 1734 3397 1757 3471 1734 3578 1746 3629 1695 3715 1751 3771 1723 3805 1751 3862 1729 3936 1746 3987 1814 3970 1865 3873 1887 3215 1865 3181 1893 3125 1865 3011 1865 2983 1836 2898 1870 2807 1836 2733 1865 2643 1836 2597 1865 2472 1831 2438 1865 2370 1797"/></Shape>
	    <String CONTENT="הדם אליו וזרקו מה תלמוד לומר שוב את"
                    HPOS="2365.0"
                    VPOS="1695.0"
                    WIDTH="1622.0"
                    HEIGHT="198.0"></String>
          </TextLine>

          
          
          <TextLine ID="eSc_line_d7e011a6"
                    
                    BASELINE="2404 1921 2892 1904 2955 1921 3193 1938 4010 1962" 
                    HPOS="2399.0"
                    VPOS="1831.0"
                    WIDTH="1610.0"
                    HEIGHT="198.0">
            <Shape><Polygon POINTS="2399 1916 2478 1842 2614 1859 2648 1831 2722 1870 2949 1876 2989 1848 3017 1876 3125 1859 3181 1887 3505 1870 3527 1893 3595 1876 3873 1899 3936 1876 4009 1961 3958 2018 3851 2029 3584 2029 3556 2001 3204 2023 3170 1995 2949 2018 2864 1978 2830 2001 2688 2001 2614 1961 2489 2001 2404 1921"/></Shape>
	    <String CONTENT="הדם מניין אתה אומר נשפך מן הכלי על"
                    HPOS="2399.0"
                    VPOS="1831.0"
                    WIDTH="1610.0"
                    HEIGHT="198.0"></String>
          </TextLine>

          
          
          <TextLine ID="eSc_line_d3e0c78f"
                    
                    BASELINE="2399 2046 2864 2046 2920 2057 3232 2074 4010 2091" 
                    HPOS="2393.0"
                    VPOS="1967.0"
                    WIDTH="1616.0"
                    HEIGHT="192.0">
            <Shape><Polygon POINTS="2393 2040 2450 1978 2518 2001 2609 1967 2694 2006 2881 1984 2943 2018 3057 1995 3187 2006 3210 2029 3329 2006 3391 2029 3442 2006 3556 2006 3584 2029 3964 2023 4009 2086 3936 2142 3839 2137 3817 2159 3544 2137 3352 2154 3323 2131 3238 2154 3187 2125 2977 2148 2909 2091 2818 2137 2711 2097 2648 2142 2592 2114 2472 2120 2399 2052"/></Shape>
	    <String CONTENT="הריצפה ואספו כשר תלמוד לומר שוב [א&#39;]"
                    HPOS="2393.0"
                    VPOS="1967.0"
                    WIDTH="1616.0"
                    HEIGHT="192.0"></String>
          </TextLine>

          
          
          <TextLine ID="eSc_line_3dc48523"
                    
                    BASELINE="2393 2171 2467 2188 2938 2182 3215 2199 4022 2205" 
                    HPOS="2387.0"
                    VPOS="2103.0"
                    WIDTH="1634.0"
                    HEIGHT="193.0">
            <Shape><Polygon POINTS="2387 2165 2393 2131 2433 2114 2830 2142 2903 2103 2972 2148 3318 2131 3346 2159 3539 2137 3595 2159 3822 2159 3845 2137 3930 2148 3987 2114 4021 2199 4004 2279 3958 2256 3896 2284 3732 2267 3624 2296 3374 2267 3306 2284 3278 2256 3108 2279 3051 2239 2983 2284 2915 2261 2796 2284 2648 2244 2438 2267 2393 2222"/></Shape>
	    <String CONTENT="את הדם תלמוד לומר דם יכול אפילו נשפך"
                    HPOS="2387.0"
                    VPOS="2103.0"
                    WIDTH="1634.0"
                    HEIGHT="193.0"></String>
          </TextLine>

          
          
          <TextLine ID="eSc_line_1fd25682"
                    
                    BASELINE="2416 2324 2960 2313 3028 2330 3119 2335 3329 2335 3391 2352 3516 2341 3578 2347 4022 2347" 
                    HPOS="2410.0"
                    VPOS="2250.0"
                    WIDTH="1611.0"
                    HEIGHT="182.0">
            <Shape><Polygon POINTS="2410 2318 2450 2267 2637 2256 3011 2284 3051 2250 3102 2284 3278 2261 3300 2284 3374 2267 3505 2296 3851 2296 3970 2261 4021 2341 3998 2392 3828 2432 3658 2409 3425 2426 3363 2403 3289 2426 3255 2392 3210 2420 3119 2392 3074 2409 3028 2369 2972 2415 2864 2420 2699 2392 2512 2403 2416 2318"/></Shape>
	    <String CONTENT="מצואר בהמה על גבי הריצפה יהא כשר"
                    HPOS="2410.0"
                    VPOS="2250.0"
                    WIDTH="1611.0"
                    HEIGHT="182.0"></String>
          </TextLine>

          
          
          <TextLine ID="eSc_line_64fd88dc"
                    
                    BASELINE="2433 2454 2892 2454 3357 2483 3907 2483 4010 2483" 
                    HPOS="2427.0"
                    VPOS="2369.0"
                    WIDTH="1582.0"
                    HEIGHT="210.0">
            <Shape><Polygon POINTS="2427 2449 2472 2403 2886 2420 2977 2409 3028 2369 3119 2420 3204 2426 3255 2392 3289 2426 3437 2437 3646 2409 3692 2432 3834 2432 3868 2409 4009 2477 3896 2562 3726 2534 3692 2562 3601 2534 3454 2562 3363 2551 3335 2579 3266 2534 3187 2551 3108 2505 2960 2551 2898 2511 2852 2551 2739 2556 2711 2528 2484 2545 2433 2494"/></Shape>
	    <String CONTENT="ויחזור ויאספנו תלמוד לומר הדם הדם"
                    HPOS="2427.0"
                    VPOS="2369.0"
                    WIDTH="1582.0"
                    HEIGHT="210.0"></String>
          </TextLine>

          
          
          <TextLine ID="eSc_line_4b65527f"
                    
                    BASELINE="2393 2602 2535 2590 3136 2607 3198 2602 3272 2624 3369 2607 3442 2619 3641 2613 4034 2624" 
                    HPOS="2387.0"
                    VPOS="2505.0"
                    WIDTH="1645.0"
                    HEIGHT="199.0">
            <Shape><Polygon POINTS="2387 2596 2552 2522 2660 2568 2932 2539 2977 2590 3113 2505 3249 2613 3306 2568 3346 2602 3397 2551 3573 2562 3646 2534 3669 2556 3777 2539 3930 2568 3970 2607 4021 2596 4032 2619 4015 2658 3975 2647 3885 2704 3743 2670 3715 2692 3556 2692 3482 2653 3437 2675 3357 2607 3227 2619 3142 2692 3074 2698 2994 2630 2932 2675 2841 2664 2801 2687 2688 2613 2586 2681 2478 2681 2393 2607"/></Shape>
	    <String CONTENT="שנתקבל בכלי ˙ י&#39;ג&#39; ˙ הדם ˙ תורת"
                    HPOS="2387.0"
                    VPOS="2505.0"
                    WIDTH="1645.0"
                    HEIGHT="199.0"></String>
          </TextLine>

          
          
          <TextLine ID="eSc_line_3ec54698"
                    
                    BASELINE="2370 2732 2807 2726 2869 2732 2938 2721 3006 2738 4011 2743" 
                    HPOS="2365.0"
                    VPOS="2647.0"
                    WIDTH="1644.0"
                    HEIGHT="181.0">
            <Shape><Polygon POINTS="2365 2726 2438 2670 2586 2692 2637 2647 2722 2687 2767 2647 2813 2692 2977 2670 3017 2698 3108 2704 3176 2664 3414 2687 3488 2653 3635 2709 3749 2670 3890 2709 3919 2687 3987 2692 4009 2738 3851 2823 3663 2811 3624 2777 3544 2817 3403 2783 3363 2800 3318 2755 3255 2817 2881 2828 2796 2806 2665 2817 2586 2789 2518 2811 2370 2726"/></Shape>
	    <String CONTENT="כהנים אחר ˙ הדם שנתקבל בכלי [יזרו&#39;]"
                    HPOS="2365.0"
                    VPOS="2647.0"
                    WIDTH="1644.0"
                    HEIGHT="181.0"></String>
          </TextLine>

          
          
          <TextLine ID="eSc_line_33b49f9d"
                    
                    BASELINE="2382 2874 2467 2862 4017 2862" 
                    HPOS="2376.0"
                    VPOS="2760.0"
                    WIDTH="1639.0"
                    HEIGHT="204.0">
            <Shape><Polygon POINTS="2376 2868 2382 2783 2410 2760 2518 2811 3091 2828 3391 2783 3533 2823 3601 2783 3658 2811 3839 2823 3913 2794 4015 2857 3998 2919 3964 2942 3788 2936 3760 2964 3692 2942 3533 2959 3244 2930 2830 2959 2643 2919 2529 2953 2410 2868"/></Shape>
	    <String CONTENT="יזרוק על גבי המזבח ואין זורק אחר על"
                    HPOS="2376.0"
                    VPOS="2760.0"
                    WIDTH="1639.0"
                    HEIGHT="204.0"></String>
          </TextLine>

          
          
          <TextLine ID="eSc_line_7e079d1d"
                    
                    BASELINE="2382 2998 4040 2998" 
                    HPOS="2376.0"
                    VPOS="2936.0"
                    WIDTH="1662.0"
                    HEIGHT="159.0">
            <Shape><Polygon POINTS="2376 2993 2433 2953 2654 2936 2830 2964 3244 2936 3766 2970 3800 2947 4038 2993 3947 3089 3834 3061 3788 3084 3306 3095 3261 3072 3176 3089 3142 3061 2938 3095 2722 3067 2660 3095 2637 3072 2450 3089 2387 3027"/></Shape>
	    <String CONTENT="גבי המזבח אף על פי שאין כשר הא מה"
                    HPOS="2376.0"
                    VPOS="2936.0"
                    WIDTH="1662.0"
                    HEIGHT="159.0"></String>
          </TextLine>

          
          
          <TextLine ID="eSc_line_b3ffdd59"
                    
                    BASELINE="2427 3146 2563 3135 4011 3135" 
                    HPOS="2421.0"
                    VPOS="3072.0"
                    WIDTH="1588.0"
                    HEIGHT="153.0">
            <Shape><Polygon POINTS="2421 3140 2450 3089 2529 3072 3703 3072 3930 3084 4009 3129 3930 3208 3817 3220 3771 3191 3669 3225 3629 3191 3550 3214 3482 3174 3420 3220 2955 3220 2926 3191 2898 3214 2739 3214 2682 3180 2472 3214 2427 3169"/></Shape>
	    <String CONTENT="אני מקיים ועשית עולותיך הבשר והדם"
                    HPOS="2421.0"
                    VPOS="3072.0"
                    WIDTH="1588.0"
                    HEIGHT="153.0"></String>
          </TextLine>

          
          
          <TextLine ID="eSc_line_fdc73106"
                    
                    BASELINE="2393 3265 2694 3265 2762 3276 3851 3276 4051 3259" 
                    HPOS="2387.0"
                    VPOS="3180.0"
                    WIDTH="1662.0"
                    HEIGHT="181.0">
            <Shape><Polygon POINTS="2387 3259 2427 3191 2467 3214 2643 3203 2665 3225 2688 3203 3159 3225 3431 3220 3482 3180 3539 3214 3629 3197 3675 3225 3783 3197 3811 3225 3930 3220 3970 3254 4049 3254 3930 3350 3856 3361 3709 3327 3374 3344 3323 3316 3295 3344 3181 3350 2858 3327 2824 3356 2620 3350 2552 3299 2427 3344 2393 3310"/></Shape>
	    <String CONTENT="הקיש הדם לבשר מה הדם בזריקה אף"
                    HPOS="2387.0"
                    VPOS="3180.0"
                    WIDTH="1662.0"
                    HEIGHT="181.0"></String>
          </TextLine>

          
          
          <TextLine ID="eSc_line_dcf33c63"
                    
                    BASELINE="2393 3401 2807 3401 2960 3412 3544 3412 3607 3401 4062 3401" 
                    HPOS="2387.0"
                    VPOS="3299.0"
                    WIDTH="1674.0"
                    HEIGHT="193.0">
            <Shape><Polygon POINTS="2387 3395 2433 3344 2495 3339 2535 3299 2643 3356 2835 3356 2864 3333 3278 3333 3346 3361 3527 3333 3822 3339 3953 3344 3992 3384 4061 3395 4015 3395 3941 3469 3590 3458 3516 3486 3408 3452 3369 3480 2994 3480 2949 3458 2915 3492 2852 3469 2705 3492 2665 3452 2597 3486 2489 3486 2393 3412"/></Shape>
	    <String CONTENT="הבשר בזריקה יכול יהא זורק ועורך תלמו&#39;"
                    HPOS="2387.0"
                    VPOS="3299.0"
                    WIDTH="1674.0"
                    HEIGHT="193.0"></String>
          </TextLine>

          
          
          <TextLine ID="eSc_line_2f56f46d"
                    
                    BASELINE="2427 3537 3096 3537 3414 3520 4006 3526" 
                    HPOS="2421.0"
                    VPOS="3458.0"
                    WIDTH="1583.0"
                    HEIGHT="170.0">
            <Shape><Polygon POINTS="2421 3531 2467 3486 2665 3463 2694 3492 2920 3492 2949 3463 2983 3486 3414 3463 3737 3486 3913 3458 4004 3520 3987 3565 3924 3605 3669 3594 3641 3622 3488 3577 3369 3622 3312 3588 3176 3622 3062 3594 2920 3616 2852 3588 2813 3616 2648 3599 2546 3628 2427 3543"/></Shape>
	    <String CONTENT="לומר וערך הכהן אותם הא כיצד זורק [ו&#39;]"
                    HPOS="2421.0"
                    VPOS="3458.0"
                    WIDTH="1583.0"
                    HEIGHT="170.0"></String>
          </TextLine>

          
          
          <TextLine ID="eSc_line_a79097be"
                    
                    BASELINE="2359 3673 2767 3667 2881 3656 3993 3673" 
                    HPOS="2353.0"
                    VPOS="3582.0"
                    WIDTH="1639.0"
                    HEIGHT="187.0">
            <Shape><Polygon POINTS="2353 3667 2410 3611 2467 3599 2546 3633 2864 3605 3170 3639 3210 3616 3272 3650 3340 3650 3493 3582 3641 3639 3698 3599 3953 3605 3992 3667 3953 3735 3737 3741 3584 3662 3482 3741 3403 3684 3352 3735 3198 3707 3119 3741 2677 3735 2648 3758 2512 3747 2461 3769 2427 3769 2359 3696"/></Shape>
	    <String CONTENT="ועורך ˙ י&#39;ד&#39; ˙ המזבח סביב בזמן"
                    HPOS="2353.0"
                    VPOS="3582.0"
                    WIDTH="1639.0"
                    HEIGHT="187.0"></String>
          </TextLine>

          
          
          <TextLine ID="eSc_line_b5e12195"
                    
                    BASELINE="2404 3787 3607 3798 4022 3792" 
                    HPOS="2399.0"
                    VPOS="3690.0"
                    WIDTH="1622.0"
                    HEIGHT="199.0">
            <Shape><Polygon POINTS="2399 3781 2461 3781 2518 3747 3153 3735 3193 3713 3227 3747 3300 3724 3340 3747 3425 3690 3476 3741 3522 3713 3607 3735 3686 3707 3732 3741 3907 3724 4021 3787 3902 3860 3720 3866 3663 3843 3607 3866 3476 3872 3420 3849 3374 3872 3323 3855 3295 3877 3159 3877 3108 3855 2977 3872 2943 3843 2784 3889 2750 3866 2501 3877 2404 3787"/></Shape>
	    <String CONTENT="שהוא סביב לא בזמן שנטלה קרנו של"
                    HPOS="2399.0"
                    VPOS="3690.0"
                    WIDTH="1622.0"
                    HEIGHT="199.0"></String>
          </TextLine>

          
          
          <TextLine ID="eSc_line_9e2046c2"
                    
                    BASELINE="2427 3923 3227 3934 3295 3923 3488 3923 3641 3911 3999 3928" 
                    HPOS="2421.0"
                    VPOS="3843.0"
                    WIDTH="1577.0"
                    HEIGHT="187.0">
            <Shape><Polygon POINTS="2421 3917 2455 3872 2620 3894 2654 3872 2898 3883 2932 3855 3011 3883 3096 3860 3176 3883 3323 3855 3363 3877 3437 3843 3459 3866 3698 3872 3981 3843 3998 3923 3936 3991 3856 3974 3805 4002 3476 3996 3437 3974 3238 4013 3085 3974 3023 4008 2955 3991 2915 4025 2858 3996 2586 4030 2427 3962"/></Shape>
	    <String CONTENT="מזבח האם ניטלה קרנו של מזבח ועבד"
                    HPOS="2421.0"
                    VPOS="3843.0"
                    WIDTH="1577.0"
                    HEIGHT="187.0"></String>
          </TextLine>

          
          
          <TextLine ID="eSc_line_a4fb3ba0"
                    
                    BASELINE="2382 4059 3113 4059 3306 4042 3856 4047 4022 4047" 
                    HPOS="2376.0"
                    VPOS="3974.0"
                    WIDTH="1645.0"
                    HEIGHT="175.0">
            <Shape><Polygon POINTS="2376 4053 2467 3996 2523 4025 2671 4008 2745 4042 2813 4019 2960 4042 3085 3974 3164 4036 3420 3974 3471 3996 3817 3996 3868 3974 4021 4042 3987 4042 3907 4121 3754 4098 3567 4127 3488 4104 3369 4121 3283 4042 3232 4070 3176 4047 3096 4127 3051 4132 2955 4059 2852 4053 2807 4098 2762 4081 2705 4138 2654 4115 2575 4149 2484 4144 2393 4053"/></Shape>
	    <String CONTENT="עבודתו פסולה ˙ י&#39;ה&#39; ˙ אשר"
                    HPOS="2376.0"
                    VPOS="3974.0"
                    WIDTH="1645.0"
                    HEIGHT="175.0"></String>
          </TextLine>

          
          
          <TextLine ID="eSc_line_761f2120"
                    
                    BASELINE="2427 4195 2955 4189 3085 4178 3834 4183 3999 4183" 
                    HPOS="2421.0"
                    VPOS="4047.0"
                    WIDTH="1577.0"
                    HEIGHT="238.0">
            <Shape><Polygon POINTS="2421 4189 2455 4144 2569 4155 2654 4115 2688 4144 2784 4144 2813 4121 3176 4132 3283 4047 3357 4121 3499 4110 3567 4132 3766 4104 3930 4121 3998 4178 3981 4268 3663 4234 3601 4257 3573 4229 3505 4223 3437 4257 2847 4257 2801 4285 2745 4246 2597 4280 2427 4257"/></Shape>
	    <String CONTENT="פתח אהל מועד לא בזמן פירוקו ולא [בז&#39;]"
                    HPOS="2421.0"
                    VPOS="4047.0"
                    WIDTH="1577.0"
                    HEIGHT="238.0"></String>
          </TextLine>

          
          
          <TextLine ID="eSc_line_ce40e9c6"
                    
                    BASELINE="2416 4325 2858 4325 2920 4308 2977 4319 3856 4314 4022 4342" 
                    HPOS="2410.0"
                    VPOS="4223.0"
                    WIDTH="1611.0"
                    HEIGHT="187.0">
            <Shape><Polygon POINTS="2410 4319 2416 4257 2614 4280 2745 4251 2790 4291 2858 4257 3442 4263 3499 4223 3567 4229 3601 4263 3652 4240 3936 4257 4021 4336 3941 4393 3839 4393 3805 4365 3777 4393 3726 4342 3675 4393 3618 4399 3516 4370 3448 4393 3227 4365 3108 4399 2926 4376 2886 4410 2830 4387 2762 4404 2728 4370 2688 4404 2603 4410 2563 4387 2535 4410 2461 4399 2416 4353"/></Shape>
	    <String CONTENT="בזמן שגללה הרוח את היריעה ר&#39; יוסי [א&#39;ו&#39;]"
                    HPOS="2410.0"
                    VPOS="4223.0"
                    WIDTH="1611.0"
                    HEIGHT="187.0"></String>
          </TextLine>

          
          
          <TextLine ID="eSc_line_82f982f0"
                    
                    BASELINE="2365 4467 2779 4467 2994 4450 3993 4472" 
                    HPOS="2359.0"
                    VPOS="4353.0"
                    WIDTH="1633.0"
                    HEIGHT="205.0">
            <Shape><Polygon POINTS="2359 4461 2365 4404 2404 4438 2472 4399 2535 4427 2818 4387 2852 4410 2926 4387 3034 4410 3142 4376 3198 4399 3232 4370 3329 4399 3522 4376 3675 4404 3732 4353 3777 4404 3817 4370 3856 4399 3981 4399 3992 4467 3902 4535 3811 4506 3771 4529 3595 4518 3561 4495 3516 4523 3442 4501 3295 4529 3255 4501 3221 4529 2807 4523 2779 4546 2682 4529 2563 4558 2427 4546 2365 4489"/></Shape>
	    <String CONTENT="הגלילי אומר מה תלמוד [א&#39;] לומר אשר"
                    HPOS="2359.0"
                    VPOS="4353.0"
                    WIDTH="1633.0"
                    HEIGHT="205.0"></String>
          </TextLine>

          
          
          <TextLine ID="eSc_line_82af0b89"
                    
                    BASELINE="2404 4603 2643 4603 2898 4586 3692 4586 3862 4597 3971 4592" 
                    HPOS="2399.0"
                    VPOS="4501.0"
                    WIDTH="1571.0"
                    HEIGHT="187.0">
            <Shape><Polygon POINTS="2399 4597 2404 4535 2484 4558 2972 4523 3130 4541 3221 4535 3261 4506 3300 4535 3420 4512 3527 4529 3561 4501 3607 4529 3947 4529 3970 4586 3953 4648 3834 4660 3766 4637 3431 4637 3391 4665 3335 4631 3244 4660 2875 4643 2637 4671 2603 4637 2563 4677 2438 4688 2404 4654"/></Shape>
	    <String CONTENT="פתח אהל מועד לפי שנאמר ונתתה את"
                    HPOS="2399.0"
                    VPOS="4501.0"
                    WIDTH="1571.0"
                    HEIGHT="187.0"></String>
          </TextLine>

          
          
          <TextLine ID="eSc_line_76cc4652"
                    
                    BASELINE="2438 4728 2699 4728 2824 4716 3079 4711 3147 4699 3937 4716 4022 4728" 
                    HPOS="2433.0"
                    VPOS="4637.0"
                    WIDTH="1588.0"
                    HEIGHT="187.0">
            <Shape><Polygon POINTS="2433 4722 2467 4688 2563 4682 2603 4643 2648 4677 3261 4660 3346 4637 3391 4665 3437 4637 3958 4648 4021 4722 3947 4773 3805 4762 3771 4733 3726 4779 3646 4790 3601 4762 3272 4784 3193 4762 3057 4784 3028 4762 2966 4790 2784 4796 2750 4762 2711 4801 2597 4796 2506 4824 2438 4807"/></Shape>
	    <String CONTENT="הכיור בין אהל מועד ובין המזבח יכול בין"
                    HPOS="2433.0"
                    VPOS="4637.0"
                    WIDTH="1588.0"
                    HEIGHT="187.0"></String>
          </TextLine>

          
          
          <TextLine ID="eSc_line_05d939fa"
                    
                    BASELINE="2382 4869 2455 4858 2643 4869 2711 4852 2881 4847 2949 4835 3539 4841 3595 4830 3999 4835" 
                    HPOS="2376.0"
                    VPOS="4733.0"
                    WIDTH="1622.0"
                    HEIGHT="204.0">
            <Shape><Polygon POINTS="2376 4864 2450 4807 2495 4824 2546 4796 3062 4796 3187 4767 3652 4784 3726 4773 3766 4733 3817 4773 3947 4773 3998 4830 3981 4892 3947 4909 3919 4881 3845 4909 3646 4886 3397 4920 3357 4892 3147 4920 2682 4898 2620 4932 2472 4937 2382 4903"/></Shape>
	    <String CONTENT="אהל מועד ובין המזבח היה הכיור תלמוד"
                    HPOS="2376.0"
                    VPOS="4733.0"
                    WIDTH="1622.0"
                    HEIGHT="204.0"></String>
          </TextLine>

          
          
          <TextLine ID="eSc_line_8f3b4cf8"
                    
                    BASELINE="2359 4966 3142 4977 3261 4966 3788 4960 3851 4949 4016 4977" 
                    HPOS="2353.0"
                    VPOS="4881.0"
                    WIDTH="1662.0"
                    HEIGHT="198.0">
            <Shape><Polygon POINTS="2353 4960 2365 4937 2461 4960 2489 4932 2773 4903 3079 4920 3363 4892 3408 4920 3590 4920 3675 4898 3856 4909 3924 4881 4015 4971 3998 5028 3839 5045 3771 5017 3658 5051 3510 5028 3261 5039 3170 5005 3091 5056 2920 5039 2892 5068 2773 5034 2586 5062 2552 5034 2472 5079 2359 4983"/></Shape>
	    <String CONTENT="לומר המזבח המזבח פתח אהל מועד [וא&#39;]"
                    HPOS="2353.0"
                    VPOS="4881.0"
                    WIDTH="1662.0"
                    HEIGHT="198.0"></String>
          </TextLine>

          
          
          <TextLine ID="eSc_line_c83dddab"
                    
                    BASELINE="2399 5119 2535 5107 3119 5107 3295 5119 3352 5102 3794 5096 3942 5102 4010 5113" 
                    HPOS="2393.0"
                    VPOS="5022.0"
                    WIDTH="1616.0"
                    HEIGHT="176.0">
            <Shape><Polygon POINTS="2393 5113 2410 5022 2478 5079 2535 5051 2603 5068 2756 5039 2898 5068 2920 5045 3130 5045 3153 5068 3193 5028 3992 5039 4009 5107 3998 5198 3941 5170 3669 5181 3578 5147 3544 5181 3403 5181 3380 5158 3232 5175 3193 5141 3108 5175 3068 5136 3000 5187 2938 5164 2875 5187 2750 5175 2682 5198 2643 5175 2540 5198 2489 5158 2455 5187 2404 5170"/></Shape>
	    <String CONTENT="ואין הכיור פתח אהל מועד ˙ ואיכן היה [/]"
                    HPOS="2393.0"
                    VPOS="5022.0"
                    WIDTH="1616.0"
                    HEIGHT="176.0"></String>
          </TextLine>

          
          
          <TextLine ID="eSc_line_f236bec1"
                    
                    BASELINE="2404 5232 2546 5249 3142 5249 3198 5238 3578 5232 3641 5215 3709 5226 4016 5232" 
                    HPOS="2399.0"
                    VPOS="5136.0"
                    WIDTH="1616.0"
                    HEIGHT="227.0">
            <Shape><Polygon POINTS="2399 5226 2478 5158 2580 5204 2637 5181 2909 5187 2938 5164 3000 5187 3057 5136 3102 5181 3181 5141 3232 5181 3958 5170 4015 5226 3953 5300 3907 5312 3856 5289 3760 5317 3493 5300 3459 5329 3397 5329 3352 5295 3266 5317 3113 5295 3023 5312 2994 5289 2920 5317 2773 5317 2739 5295 2705 5329 2586 5317 2472 5363 2404 5312"/></Shape>
	    <String CONTENT="הכיור נתון בין האולם ולמזבח משוך [כלפ&#39;]"
                    HPOS="2399.0"
                    VPOS="5136.0"
                    WIDTH="1616.0"
                    HEIGHT="227.0"></String>
          </TextLine>

          
          
          <TextLine ID="eSc_line_d7c3f728"
                    
                    BASELINE="2495 5374 3017 5357 3856 5363 4022 5363" 
                    HPOS="2489.0"
                    VPOS="5295.0"
                    WIDTH="1532.0"
                    HEIGHT="158.0">
            <Shape><Polygon POINTS="2489 5368 2495 5329 2705 5329 2733 5300 2903 5329 2972 5300 3176 5300 3221 5329 3318 5300 3369 5329 3465 5329 3493 5300 3533 5323 3692 5300 3754 5329 3868 5295 3896 5323 4004 5323 4021 5357 4004 5448 3902 5425 3822 5453 3266 5425 3153 5453 3125 5425 3062 5425 3000 5453 2898 5453 2869 5425 2779 5425 2614 5453 2495 5425"/></Shape>
	    <String CONTENT="כלפי הדרום ˙ פרק ˙ ב&#39; ˙"
                    HPOS="2489.0"
                    VPOS="5295.0"
                    WIDTH="1532.0"
                    HEIGHT="158.0"></String>
          </TextLine>

          
        </TextBlock>
        
        <TextBlock HPOS="510.0"
                   VPOS="710.0"
                   WIDTH="1451.0"
                   HEIGHT="4758.0"
                   ID="eSc_textblock_c9bc3940"
                   TAGREFS="BT2">
          <Shape><Polygon POINTS="1961 5468 1946 710 529 721 510 5453 1961 5468"/></Shape>
          
          
          <TextLine ID="eSc_line_0f4be5dc"
                    
                    BASELINE="504 929 771 839 896 833 952 816 1281 799 1400 805 1942 797" 
                    HPOS="499.0"
                    VPOS="714.0"
                    WIDTH="1440.0"
                    HEIGHT="232.0">
            <Shape><Polygon POINTS="499 924 499 827 544 805 782 810 805 782 884 793 913 765 1015 793 1066 748 1106 776 1134 742 1202 736 1310 731 1338 753 1423 748 1446 719 1508 742 1571 742 1593 714 1678 742 1707 719 1763 742 1894 719 1922 731 1939 793 1888 867 1701 878 1656 839 1525 850 1486 884 1457 861 1406 884 1327 861 1117 878 1066 907 998 884 913 935 816 941 771 912 720 946 510 941"/></Shape>
	    <String CONTENT="והפשיט ונתח יכול יהא מפשיט אבר אבר"
                    HPOS="499.0"
                    VPOS="714.0"
                    WIDTH="1440.0"
                    HEIGHT="232.0"></String>
          </TextLine>

          
          
          <TextLine ID="eSc_line_de734dd4"
                    
                    BASELINE="528 1061 646 1014 771 992 958 986 1088 958 1344 963 1571 935 1940 941" 
                    HPOS="527.0"
                    VPOS="844.0"
                    WIDTH="1412.0"
                    HEIGHT="261.0">
            <Shape><Polygon POINTS="527 1060 550 963 618 980 782 924 930 929 986 878 1020 907 1174 901 1213 856 1276 901 1349 844 1389 878 1474 890 1542 850 1588 890 1883 878 1939 935 1928 986 1883 1026 1786 1020 1741 1043 1678 1009 1582 1037 1559 1014 1344 1003 1293 1048 1236 1020 1202 1065 1117 1026 1037 1082 981 1043 839 1088 754 1060 640 1105 538 1094"/></Shape>
	    <String CONTENT="ומנתח תלמוד לומר העולה מפשיטה כולה"
                    HPOS="527.0"
                    VPOS="844.0"
                    WIDTH="1412.0"
                    HEIGHT="261.0"></String>
          </TextLine>

          
          
          <TextLine ID="eSc_line_54e866ae"
                    
                    BASELINE="544 1167 890 1133 1026 1116 1196 1122 1361 1094 1826 1099 1951 1082" 
                    HPOS="538.0"
                    VPOS="1009.0"
                    WIDTH="1407.0"
                    HEIGHT="232.0">
            <Shape><Polygon POINTS="538 1162 578 1099 901 1071 1015 1105 1123 1031 1202 1094 1242 1065 1276 1094 1400 1009 1440 1043 1531 1020 1644 1043 1690 1014 1746 1048 1866 1020 1945 1077 1928 1167 1866 1190 1712 1150 1650 1190 1610 1162 1457 1190 1400 1156 1372 1173 1281 1145 1134 1207 1032 1116 992 1116 890 1218 822 1201 703 1235 669 1207 606 1241 550 1213"/></Shape>
	    <String CONTENT="ואחר כך מנתחה ˙ ב&#39; ˙ יכול אין לי [ט&#39;]"
                    HPOS="538.0"
                    VPOS="1009.0"
                    WIDTH="1407.0"
                    HEIGHT="232.0"></String>
          </TextLine>

          
          
          <TextLine ID="eSc_line_eff5096b"
                    
                    BASELINE="526 1315 816 1275 1003 1281 1225 1252 1531 1252 1599 1264 1678 1247 1956 1247" 
                    HPOS="521.0"
                    VPOS="1145.0"
                    WIDTH="1430.0"
                    HEIGHT="255.0">
            <Shape><Polygon POINTS="521 1309 567 1235 612 1258 669 1201 708 1241 777 1213 941 1218 1032 1145 1128 1213 1230 1173 1287 1190 1338 1156 1474 1190 1900 1184 1951 1241 1939 1286 1871 1326 1809 1309 1769 1332 1667 1315 1525 1337 1469 1309 1281 1337 1242 1315 1106 1349 1083 1377 1026 1332 958 1366 907 1343 839 1377 788 1332 743 1377 612 1366 578 1400 533 1360"/></Shape>
	    <String CONTENT="טעון הפשטה אף עולת נדבה עולת [חוב&#39;]"
                    HPOS="521.0"
                    VPOS="1145.0"
                    WIDTH="1430.0"
                    HEIGHT="255.0"></String>
          </TextLine>

          
          
          <TextLine ID="eSc_line_a3e58c9b"
                    
                    BASELINE="527 1428 771 1422 839 1411 1100 1417 1157 1400 1219 1394 1349 1388 1548 1394 1622 1383 1769 1383 1854 1366 1950 1380" 
                    HPOS="521.0"
                    VPOS="1315.0"
                    WIDTH="1424.0"
                    HEIGHT="198.0">
            <Shape><Polygon POINTS="521 1422 606 1360 816 1383 884 1366 907 1388 1026 1337 1077 1383 1111 1349 1247 1320 1537 1337 1888 1315 1945 1377 1928 1462 1775 1439 1627 1468 1548 1439 1469 1479 1230 1468 1196 1445 1145 1479 1077 1434 1015 1496 958 1496 850 1417 743 1507 601 1490 550 1513 527 1490"/></Shape>
	    <String CONTENT="חובה תיטען הפשטה ˙ ג&#39; ˙ אין לי [א&#39;]"
                    HPOS="521.0"
                    VPOS="1315.0"
                    WIDTH="1424.0"
                    HEIGHT="198.0"></String>
          </TextLine>

          
          
          <TextLine ID="eSc_line_ae4a4846"
                    
                    BASELINE="487 1564 680 1559 754 1547 1066 1553 1191 1542 1270 1519 1338 1530 1593 1530 1656 1519 1803 1519 1951 1513" 
                    HPOS="482.0"
                    VPOS="1439.0"
                    WIDTH="1463.0"
                    HEIGHT="216.0">
            <Shape><Polygon POINTS="482 1559 601 1502 748 1513 856 1485 890 1451 952 1490 1066 1496 1111 1468 1191 1496 1219 1462 1508 1479 1554 1439 1627 1462 1809 1445 1905 1462 1945 1507 1894 1598 1559 1593 1423 1621 1361 1559 1304 1615 1236 1593 1174 1632 811 1627 782 1649 703 1615 663 1655 544 1655 493 1604"/></Shape>
	    <String CONTENT="אלא עולת בקר עולת הצאן מניין ודין הוא"
                    HPOS="482.0"
                    VPOS="1439.0"
                    WIDTH="1463.0"
                    HEIGHT="216.0"></String>
          </TextLine>

          
          
          <TextLine ID="eSc_line_50329b0e"
                    
                    BASELINE="482 1717 754 1695 964 1683 1106 1689 1480 1661 1814 1666 1939 1649" 
                    HPOS="476.0"
                    VPOS="1564.0"
                    WIDTH="1458.0"
                    HEIGHT="238.0">
            <Shape><Polygon POINTS="476 1712 595 1649 657 1661 703 1610 765 1649 811 1627 1293 1627 1355 1564 1417 1621 1571 1593 1814 1593 1917 1604 1934 1644 1900 1740 1667 1717 1406 1751 1372 1723 1213 1763 1134 1746 1049 1768 992 1729 958 1763 754 1780 731 1757 601 1802 544 1797 487 1740"/></Shape>
	    <String CONTENT="נאמר הבא עולה מן הבקר הבא עולה מן [/]"
                    HPOS="476.0"
                    VPOS="1564.0"
                    WIDTH="1458.0"
                    HEIGHT="238.0"></String>
          </TextLine>

          
          
          <TextLine ID="eSc_line_b7fb5c43"
                    
                    BASELINE="482 1836 998 1819 1060 1825 1174 1808 1372 1797 1866 1802 1939 1785" 
                    HPOS="476.0"
                    VPOS="1734.0"
                    WIDTH="1458.0"
                    HEIGHT="204.0">
            <Shape><Polygon POINTS="476 1831 567 1791 618 1802 805 1763 1049 1768 1157 1740 1230 1763 1451 1734 1837 1734 1911 1746 1934 1780 1894 1870 1786 1870 1746 1842 1718 1870 1406 1859 1259 1893 1168 1870 879 1916 794 1893 777 1916 725 1887 629 1938 561 1927 482 1853"/></Shape>
	    <String CONTENT="הצאן מה עולת בקר טעונה הפשט אף"
                    HPOS="476.0"
                    VPOS="1734.0"
                    WIDTH="1458.0"
                    HEIGHT="204.0"></String>
          </TextLine>

          
          
          <TextLine ID="eSc_line_85da62cb"
                    
                    BASELINE="686 1950 765 1961 1179 1944 1236 1933 1622 1938 1690 1927 1981 1936" 
                    HPOS="680.0"
                    VPOS="1848.0"
                    WIDTH="1299.0"
                    HEIGHT="187.0">
            <Shape><Polygon POINTS="680 1944 720 1887 782 1927 805 1904 856 1921 1151 1876 1718 1876 1746 1848 1786 1876 1900 1865 1979 1933 1843 2012 1792 1989 1559 2006 1531 1984 1503 2012 1344 2012 1310 1989 1270 2023 1185 2006 1037 2029 845 1989 743 2035 686 2001"/></Shape>
	    <String CONTENT="עולת הצאן תיטען הפשטה ˙ ד&#39; ˙"
                    HPOS="680.0"
                    VPOS="1848.0"
                    WIDTH="1299.0"
                    HEIGHT="187.0"></String>
          </TextLine>

          
          
          <TextLine ID="eSc_line_75f0a5a3"
                    
                    BASELINE="504 2103 1315 2069 1446 2074 1639 2063 1992 2072" 
                    HPOS="499.0"
                    VPOS="1984.0"
                    WIDTH="1491.0"
                    HEIGHT="204.0">
            <Shape><Polygon POINTS="499 2097 595 2040 765 2040 788 2018 862 2040 896 2006 986 2035 1253 2029 1315 1984 1366 2018 1497 2012 1525 1984 1565 2012 1656 2006 1673 1984 1752 2012 1900 2001 1990 2069 1956 2069 1894 2131 1786 2154 1695 2091 1610 2142 1531 2097 1446 2142 1321 2125 1162 2154 1088 2131 1066 2159 1032 2142 975 2165 924 2131 873 2171 612 2165 589 2188 510 2131"/></Shape>
	    <String CONTENT="אין לי אלא של אנשים של נשים מניין"
                    HPOS="499.0"
                    VPOS="1984.0"
                    WIDTH="1491.0"
                    HEIGHT="204.0"></String>
          </TextLine>

          
          
          <TextLine ID="eSc_line_a0357f9d"
                    
                    BASELINE="487 2222 935 2216 998 2205 1355 2210 1508 2199 1998 2197" 
                    HPOS="482.0"
                    VPOS="2097.0"
                    WIDTH="1514.0"
                    HEIGHT="221.0">
            <Shape><Polygon POINTS="482 2216 623 2159 879 2165 930 2131 964 2159 1066 2159 1094 2137 1486 2148 1537 2097 1593 2142 1690 2097 1780 2148 1900 2137 1996 2193 1968 2193 1900 2267 1803 2279 1695 2239 1610 2279 1537 2244 1491 2279 1378 2244 1315 2284 1088 2267 907 2296 771 2267 567 2318 487 2244"/></Shape>
	    <String CONTENT="אין לי אל&#39; של ישראל של גרים ושל [עב&#39;]"
                    HPOS="482.0"
                    VPOS="2097.0"
                    WIDTH="1514.0"
                    HEIGHT="221.0"></String>
          </TextLine>

          
          
          <TextLine ID="eSc_line_f96d4a9e"
                    
                    BASELINE="504 2358 1117 2341 1440 2347 1514 2335 1650 2335 1814 2318 1951 2330" 
                    HPOS="499.0"
                    VPOS="2261.0"
                    WIDTH="1446.0"
                    HEIGHT="188.0">
            <Shape><Polygon POINTS="499 2352 510 2273 589 2318 731 2301 765 2273 1020 2296 1503 2261 1633 2284 1667 2261 1883 2273 1945 2324 1866 2420 1741 2381 1690 2415 1446 2420 1395 2375 1338 2426 1281 2392 1225 2415 1179 2386 1077 2426 896 2415 856 2443 811 2415 510 2449"/></Shape>
	    <String CONTENT="עבדים מניין עד שאתה מרבה להביא של"
                    HPOS="499.0"
                    VPOS="2261.0"
                    WIDTH="1446.0"
                    HEIGHT="188.0"></String>
          </TextLine>

          
          
          <TextLine ID="eSc_line_733cce60"
                    
                    BASELINE="487 2494 907 2488 1032 2477 1537 2483 1673 2471 1939 2471" 
                    HPOS="482.0"
                    VPOS="2386.0"
                    WIDTH="1452.0"
                    HEIGHT="187.0">
            <Shape><Polygon POINTS="482 2488 533 2449 697 2443 725 2415 862 2443 884 2420 1140 2426 1185 2392 1219 2426 1344 2426 1389 2386 1434 2426 1894 2409 1934 2466 1922 2551 1854 2551 1814 2517 1729 2528 1701 2556 1537 2556 1497 2528 1463 2562 1236 2534 1123 2568 1032 2539 998 2562 941 2545 555 2573 493 2511"/></Shape>
	    <String CONTENT="גרים מניין תלמוד לומר העולה כל שהיא"
                    HPOS="482.0"
                    VPOS="2386.0"
                    WIDTH="1452.0"
                    HEIGHT="187.0"></String>
          </TextLine>

          
          
          <TextLine ID="eSc_line_3b43117d"
                    
                    BASELINE="527 2602 601 2619 1554 2619 1610 2607 1949 2605" 
                    HPOS="521.0"
                    VPOS="2522.0"
                    WIDTH="1424.0"
                    HEIGHT="182.0">
            <Shape><Polygon POINTS="521 2596 601 2568 867 2579 952 2545 1037 2602 1071 2568 1225 2534 1440 2562 1497 2522 1531 2556 1701 2556 1792 2522 1917 2556 1945 2602 1900 2664 1837 2681 1701 2664 1565 2670 1542 2692 1264 2692 1208 2670 1134 2692 1037 2613 969 2681 578 2704 527 2670"/></Shape>
	    <String CONTENT="עולה טעונה הפשטה ˙ ה&#39; ˙ מה ראית"
                    HPOS="521.0"
                    VPOS="2522.0"
                    WIDTH="1424.0"
                    HEIGHT="182.0"></String>
          </TextLine>

          
          
          <TextLine ID="eSc_line_e4d1a787"
                    
                    BASELINE="504 2738 635 2755 1298 2749 1537 2760 1599 2743 1989 2741" 
                    HPOS="499.0"
                    VPOS="2664.0"
                    WIDTH="1486.0"
                    HEIGHT="176.0">
            <Shape><Polygon POINTS="499 2732 550 2698 862 2698 907 2675 1151 2698 1208 2670 1253 2692 1548 2692 1826 2687 1877 2664 1985 2738 1888 2806 1786 2817 1605 2806 1440 2828 1247 2800 1179 2828 1140 2811 725 2840 612 2834 504 2743"/></Shape>
	    <String CONTENT="להביאן להפשט ולניתוח ולהוציאן מן [/]"
                    HPOS="499.0"
                    VPOS="2664.0"
                    WIDTH="1486.0"
                    HEIGHT="176.0"></String>
          </TextLine>

          
          
          <TextLine ID="eSc_line_20ac8984"
                    
                    BASELINE="527 2879 1548 2891 1605 2879 1955 2888" 
                    HPOS="521.0"
                    VPOS="2806.0"
                    WIDTH="1430.0"
                    HEIGHT="164.0">
            <Shape><Polygon POINTS="521 2874 595 2840 873 2823 1191 2834 1259 2806 1678 2828 1849 2806 1922 2828 1951 2885 1922 2947 1718 2936 1684 2959 1565 2930 1531 2959 1383 2953 1355 2925 1315 2953 1123 2959 1054 2925 1003 2953 811 2964 771 2930 731 2970 595 2970 527 2919"/></Shape>
	    <String CONTENT="הסמיכה אחר שריבה הכתוב מיעט [מפנ&#39;]"
                    HPOS="521.0"
                    VPOS="2806.0"
                    WIDTH="1430.0"
                    HEIGHT="164.0"></String>
          </TextLine>

          
          
          <TextLine ID="eSc_line_61ef395a"
                    
                    BASELINE="550 2987 640 3004 1972 3013" 
                    HPOS="544.0"
                    VPOS="2930.0"
                    WIDTH="1424.0"
                    HEIGHT="171.0">
            <Shape><Polygon POINTS="544 2981 561 2959 731 2964 765 2936 805 2964 986 2964 1066 2930 1140 2959 1854 2947 1917 2953 1968 3010 1917 3078 1826 3089 1088 3072 941 3101 879 3067 850 3089 669 3089 550 3050"/></Shape>
	    <String CONTENT="מפני מה אני מביאן להפשט ולניתוח [ש&#39;]"
                    HPOS="544.0"
                    VPOS="2930.0"
                    WIDTH="1424.0"
                    HEIGHT="171.0"></String>
          </TextLine>

          
          
          <TextLine ID="eSc_line_c934a2ec"
                    
                    BASELINE="527 3129 1966 3149" 
                    HPOS="521.0"
                    VPOS="3067.0"
                    WIDTH="1441.0"
                    HEIGHT="170.0">
            <Shape><Polygon POINTS="521 3123 595 3078 697 3095 884 3067 918 3101 1088 3078 1922 3084 1962 3146 1888 3214 1247 3225 1083 3203 1049 3237 833 3208 595 3225 527 3157"/></Shape>
	    <String CONTENT="שהפשט וניתוח כשירין בכל אדם [ומוצ&#39;]"
                    HPOS="521.0"
                    VPOS="3067.0"
                    WIDTH="1441.0"
                    HEIGHT="170.0"></String>
          </TextLine>

          
          
          <TextLine ID="eSc_line_a79e0e69"
                    
                    BASELINE="527 3254 862 3265 930 3276 1616 3271 1957 3299" 
                    HPOS="521.0"
                    VPOS="3208.0"
                    WIDTH="1435.0"
                    HEIGHT="159.0">
            <Shape><Polygon POINTS="521 3248 623 3208 1020 3231 1900 3214 1956 3293 1934 3339 1837 3344 1803 3310 1729 3356 1582 3361 1508 3333 1446 3356 1406 3333 1344 3361 1168 3361 1094 3333 998 3361 918 3339 833 3367 799 3339 606 3350 527 3271"/></Shape>
	    <String CONTENT="ומוצאין מן הסמיכה שאין סמיכה"
                    HPOS="521.0"
                    VPOS="3208.0"
                    WIDTH="1435.0"
                    HEIGHT="159.0"></String>
          </TextLine>

          
          
          <TextLine ID="eSc_line_31b582b0"
                    
                    BASELINE="538 3395 2008 3412" 
                    HPOS="533.0"
                    VPOS="3310.0"
                    WIDTH="1474.0"
                    HEIGHT="182.0">
            <Shape><Polygon POINTS="533 3390 589 3344 862 3361 952 3333 981 3361 1117 3339 1276 3395 1361 3350 1469 3356 1497 3333 1582 3361 1724 3361 1809 3310 1849 3350 1928 3344 1973 3390 1996 3373 2007 3407 1911 3475 1525 3492 1497 3458 1406 3480 1327 3424 1174 3452 1140 3486 1071 3441 1015 3441 975 3480 760 3475 737 3452 640 3480 538 3401"/></Shape>
	    <String CONTENT="אלא בבעלים ˙ ו&#39; ˙ ר&#39; חייא אומר"
                    HPOS="533.0"
                    VPOS="3310.0"
                    WIDTH="1474.0"
                    HEIGHT="182.0"></String>
          </TextLine>

          
          
          <TextLine ID="eSc_line_94e9a14d"
                    
                    BASELINE="572 3526 850 3526 992 3514 1054 3531 1963 3548" 
                    HPOS="567.0"
                    VPOS="3441.0"
                    WIDTH="1395.0"
                    HEIGHT="187.0">
            <Shape><Polygon POINTS="567 3520 595 3441 640 3480 703 3480 737 3446 777 3486 845 3469 924 3492 1020 3469 1225 3480 1264 3446 1304 3480 1423 3492 1491 3469 1917 3480 1962 3543 1849 3616 1678 3594 1406 3622 1191 3611 1162 3582 1071 3628 771 3599 606 3616 572 3582"/></Shape>
	    <String CONTENT="צא וראה את מי מיעט הכתוב למעלן"
                    HPOS="567.0"
                    VPOS="3441.0"
                    WIDTH="1395.0"
                    HEIGHT="187.0"></String>
          </TextLine>

          
          
          <TextLine ID="eSc_line_bdc8e461"
                    
                    BASELINE="510 3645 652 3662 2003 3679" 
                    HPOS="504.0"
                    VPOS="3582.0"
                    WIDTH="1498.0"
                    HEIGHT="182.0">
            <Shape><Polygon POINTS="504 3639 567 3582 601 3611 856 3622 1088 3622 1162 3594 1225 3622 1911 3605 2002 3673 1877 3747 1741 3741 1678 3764 1616 3724 1537 3747 1344 3747 1293 3718 1236 3747 1071 3724 992 3752 918 3724 890 3747 771 3747 567 3724 510 3667"/></Shape>
	    <String CONTENT="את הקריבים או את המקריבים הוי [אומ&#39;]"
                    HPOS="504.0"
                    VPOS="3582.0"
                    WIDTH="1498.0"
                    HEIGHT="182.0"></String>
          </TextLine>

          
          
          <TextLine ID="eSc_line_950591aa"
                    
                    BASELINE="504 3781 754 3787 1032 3798 1986 3815" 
                    HPOS="499.0"
                    VPOS="3724.0"
                    WIDTH="1486.0"
                    HEIGHT="165.0">
            <Shape><Polygon POINTS="499 3775 555 3730 952 3752 1066 3724 1128 3752 1276 3730 1525 3752 1644 3735 1673 3758 1922 3741 1985 3809 1911 3877 1803 3889 1701 3849 1673 3872 1446 3883 555 3866 504 3826"/></Shape>
	    <String CONTENT="אומר את המקריבים [א&#39;] אף אני אמעטם"
                    HPOS="499.0"
                    VPOS="3724.0"
                    WIDTH="1486.0"
                    HEIGHT="165.0"></String>
          </TextLine>

          
          
          <TextLine ID="eSc_line_3bf481be"
                    
                    BASELINE="550 3906 833 3906 958 3923 1191 3923 1247 3940 1366 3928 1980 3951" 
                    HPOS="544.0"
                    VPOS="3855.0"
                    WIDTH="1435.0"
                    HEIGHT="164.0">
            <Shape><Polygon POINTS="544 3900 584 3855 1066 3889 1741 3872 1911 3877 1979 3945 1922 4008 1849 4019 1633 4013 1599 3985 1520 4008 1474 3974 1406 4013 1264 4013 1225 3985 1196 4008 1026 4013 981 3979 952 4002 760 4002 703 3979 601 3991 550 3945"/></Shape>
	    <String CONTENT="מן הסמיכה מפני שאני ממעט את"
                    HPOS="544.0"
                    VPOS="3855.0"
                    WIDTH="1435.0"
                    HEIGHT="164.0"></String>
          </TextLine>

          
          
          <TextLine ID="eSc_line_7c9d62e5"
                    
                    BASELINE="510 4030 669 4047 935 4042 1253 4070 1826 4070 2025 4070" 
                    HPOS="504.0"
                    VPOS="3979.0"
                    WIDTH="1520.0"
                    HEIGHT="182.0">
            <Shape><Polygon POINTS="504 4025 640 3985 1434 4013 1486 3979 1525 4013 1599 3985 1746 4019 1934 4013 2024 4064 1922 4138 1775 4161 1707 4110 1644 4144 1520 4127 1202 4149 1043 4127 862 4138 635 4098 584 4115 510 4042"/></Shape>
	    <String CONTENT="המקריבים לא אמעטם מהפשט וניתוח"
                    HPOS="504.0"
                    VPOS="3979.0"
                    WIDTH="1520.0"
                    HEIGHT="182.0"></String>
          </TextLine>

          
          
          <TextLine ID="eSc_line_b8df79a7"
                    
                    BASELINE="555 4161 703 4183 1083 4178 1140 4189 1542 4195 1633 4206 2025 4206" 
                    HPOS="550.0"
                    VPOS="4104.0"
                    WIDTH="1474.0"
                    HEIGHT="181.0">
            <Shape><Polygon POINTS="550 4155 623 4104 1168 4155 1366 4132 1769 4155 1917 4138 1968 4189 2024 4200 1990 4200 1917 4274 1690 4263 1622 4285 1446 4251 1395 4280 1281 4257 1196 4285 969 4251 828 4274 725 4246 652 4268 555 4189"/></Shape>
	    <String CONTENT="מפני שאני ממעט את מעשה עולה"
                    HPOS="550.0"
                    VPOS="4104.0"
                    WIDTH="1474.0"
                    HEIGHT="181.0"></String>
          </TextLine>

          
          
          <TextLine ID="eSc_line_e68adb6a"
                    
                    BASELINE="629 4302 839 4319 964 4314 1026 4325 1168 4331 1417 4331 1542 4342 1969 4342" 
                    HPOS="623.0"
                    VPOS="4251.0"
                    WIDTH="1345.0"
                    HEIGHT="170.0">
            <Shape><Polygon POINTS="623 4297 720 4263 930 4274 964 4251 1037 4280 1372 4285 1491 4257 1633 4285 1922 4280 1968 4336 1883 4416 1780 4393 1656 4416 1627 4387 1355 4416 1321 4382 1264 4421 1117 4376 1026 4421 992 4399 743 4399 629 4302"/></Shape>
	    <String CONTENT="שאינו אלא מעשה עולה עצמה ˙"
                    HPOS="623.0"
                    VPOS="4251.0"
                    WIDTH="1345.0"
                    HEIGHT="170.0"></String>
          </TextLine>

          
          
          <TextLine ID="eSc_line_26ba1018"
                    
                    BASELINE="538 4416 612 4433 669 4427 924 4455 1049 4455 1168 4461 1298 4467 1854 4455" 
                    HPOS="533.0"
                    VPOS="4365.0"
                    WIDTH="1316.0"
                    HEIGHT="187.0">
            <Shape><Polygon POINTS="533 4410 606 4365 845 4410 1060 4416 1162 4393 1191 4421 1287 4427 1332 4399 1378 4421 1571 4410 1616 4444 1690 4444 1775 4387 1849 4450 1803 4541 1769 4541 1678 4455 1633 4455 1554 4535 1446 4552 1366 4541 1321 4495 1213 4546 879 4535 805 4501 697 4523 572 4495 538 4461"/></Shape>
	    <String CONTENT="ז&#39; ˙ אין לי אלא שנשחטה לשמה"
                    HPOS="533.0"
                    VPOS="4365.0"
                    WIDTH="1316.0"
                    HEIGHT="187.0"></String>
          </TextLine>

          
          
          <TextLine ID="eSc_line_9f71f626"
                    
                    BASELINE="550 4546 862 4580 1003 4580 1060 4592 1972 4597" 
                    HPOS="544.0"
                    VPOS="4489.0"
                    WIDTH="1424.0"
                    HEIGHT="199.0">
            <Shape><Polygon POINTS="544 4541 567 4489 697 4523 782 4529 816 4506 896 4541 1060 4546 1281 4535 1310 4506 1417 4552 1797 4546 1860 4523 1951 4558 1968 4592 1951 4660 1922 4671 1746 4660 1718 4688 1610 4665 1576 4631 1542 4665 1423 4671 1185 4665 1145 4637 1088 4677 811 4660 606 4626 550 4580"/></Shape>
	    <String CONTENT="נשחטה שלא לשמה מניין תלמוד לומר"
                    HPOS="544.0"
                    VPOS="4489.0"
                    WIDTH="1424.0"
                    HEIGHT="199.0"></String>
          </TextLine>

          
          
          <TextLine ID="eSc_line_ee216902"
                    
                    BASELINE="504 4665 828 4705 1009 4699 1208 4716 1989 4733" 
                    HPOS="499.0"
                    VPOS="4609.0"
                    WIDTH="1486.0"
                    HEIGHT="204.0">
            <Shape><Polygon POINTS="499 4660 561 4609 941 4677 1094 4677 1151 4637 1208 4677 1514 4660 1559 4688 1599 4665 1724 4688 1758 4660 1871 4682 1956 4660 1985 4728 1866 4813 1809 4813 1758 4773 1701 4796 1463 4779 1423 4801 941 4801 873 4762 737 4779 589 4750 504 4677"/></Shape>
	    <String CONTENT="העולה כל שהיא עולה טעונה הפשטה ˙"
                    HPOS="499.0"
                    VPOS="4609.0"
                    WIDTH="1486.0"
                    HEIGHT="204.0"></String>
          </TextLine>

          
          
          <TextLine ID="eSc_line_f0a207bc"
                    
                    BASELINE="504 4807 578 4801 930 4835 1111 4841 1819 4847" 
                    HPOS="499.0"
                    VPOS="4739.0"
                    WIDTH="1315.0"
                    HEIGHT="193.0">
            <Shape><Polygon POINTS="499 4801 567 4739 714 4779 873 4767 941 4801 1083 4779 1213 4807 1276 4784 1673 4807 1752 4773 1814 4841 1797 4920 1741 4926 1610 4841 1565 4841 1457 4932 1366 4932 1315 4903 1157 4932 1015 4892 947 4926 850 4886 731 4903 691 4875 550 4869 504 4824"/></Shape>
	    <String CONTENT="ח&#39; ˙ ונתח לנתחיה יכול ינתח נתחיה"
                    HPOS="499.0"
                    VPOS="4739.0"
                    WIDTH="1315.0"
                    HEIGHT="193.0"></String>
          </TextLine>

          
          
          <TextLine ID="eSc_line_c8df4443"
                    
                    BASELINE="493 4915 697 4937 777 4954 986 4966 1111 4971 1944 4988 2012 5000" 
                    HPOS="487.0"
                    VPOS="4852.0"
                    WIDTH="1520.0"
                    HEIGHT="221.0">
            <Shape><Polygon POINTS="487 4909 555 4864 941 4926 1117 4909 1213 4932 1310 4892 1344 4932 1406 4932 1469 4926 1542 4864 1593 4915 1639 4898 1763 4937 1871 4852 2007 4994 1990 5062 1474 5062 1417 5011 1332 5068 1174 5034 1071 5073 975 5028 873 5045 646 5017 578 4977 527 4994 493 4960"/></Shape>
	    <String CONTENT="לנתחים תלמוד לומר אותה אותה לנתחים"
                    HPOS="487.0"
                    VPOS="4852.0"
                    WIDTH="1520.0"
                    HEIGHT="221.0"></String>
          </TextLine>

          
          
          <TextLine ID="eSc_line_4cb8b10a"
                    
                    BASELINE="504 5068 589 5062 839 5090 1077 5102 1253 5113 1955 5130 2023 5113" 
                    HPOS="499.0"
                    VPOS="4971.0"
                    WIDTH="1520.0"
                    HEIGHT="238.0">
            <Shape><Polygon POINTS="499 5062 510 5022 578 4971 618 5017 737 5028 771 5073 941 5034 1037 5079 1151 5051 1338 5068 1423 5022 1463 5062 1582 5051 1633 5079 1905 5045 2007 5062 2019 5107 2002 5147 1883 5204 1593 5209 1520 5170 1389 5204 1043 5158 969 5181 799 5085 737 5147 674 5158 640 5119 578 5124 504 5062"/></Shape>
	    <String CONTENT="ואין נתחיה לנתחים ˙ ט&#39; ˙ יכול"
                    HPOS="499.0"
                    VPOS="4971.0"
                    WIDTH="1520.0"
                    HEIGHT="238.0"></String>
          </TextLine>

          
          
          <TextLine ID="eSc_line_226539bf"
                    
                    BASELINE="493 5164 567 5175 669 5204 788 5198 879 5221 1060 5221 1117 5238 1202 5238 1270 5249 1978 5255" 
                    HPOS="487.0"
                    VPOS="5119.0"
                    WIDTH="1486.0"
                    HEIGHT="221.0">
            <Shape><Polygon POINTS="487 5158 533 5124 640 5119 674 5153 765 5141 788 5170 1054 5170 1185 5198 1253 5175 1474 5204 1531 5170 1588 5204 1780 5215 1917 5187 1973 5249 1939 5323 1894 5306 1860 5340 1128 5306 1077 5329 777 5295 618 5249 578 5266 493 5192"/></Shape>
	    <String CONTENT="אף הפסולה טעונה הפשט וניתוח תלמוד"
                    HPOS="487.0"
                    VPOS="5119.0"
                    WIDTH="1486.0"
                    HEIGHT="221.0"></String>
          </TextLine>

          
          
          <TextLine ID="eSc_line_cf9fa93c"
                    
                    BASELINE="527 5306 981 5363 1395 5385 1989 5391" 
                    HPOS="521.0"
                    VPOS="5255.0"
                    WIDTH="1464.0"
                    HEIGHT="227.0">
            <Shape><Polygon POINTS="521 5300 589 5255 737 5295 805 5277 839 5300 884 5277 924 5312 1100 5317 1128 5289 1179 5323 1349 5334 1434 5312 1525 5340 1622 5312 1678 5346 1724 5323 1883 5323 1973 5329 1985 5385 1962 5453 1820 5448 1786 5482 1605 5442 1559 5470 1520 5442 1338 5459 1213 5425 1162 5448 1094 5419 1060 5442 964 5414 924 5436 799 5431 686 5385 584 5385 521 5414"/></Shape>
	    <String CONTENT="לומר אותה כשירה ולא פסולה ופסולה"
                    HPOS="521.0"
                    VPOS="5255.0"
                    WIDTH="1464.0"
                    HEIGHT="227.0"></String>
          </TextLine>

          
        </TextBlock>
        

        
      </PrintSpace>
    </Page>
  </Layout>
</alto>
