<?xml version="1.0" encoding="UTF-8"?>
<alto xmlns:xsi="http://www.w3.org/2001/XMLSchema-instance"
      xmlns="http://www.loc.gov/standards/alto/ns-v4#"
      xsi:schemaLocation="http://www.loc.gov/standards/alto/ns-v4# http://www.loc.gov/standards/alto/v4/alto-4-2.xsd">
  <Description>
    <MeasurementUnit>pixel</MeasurementUnit>
    <sourceImageInformation>
      <fileName>add_ms_16406_f107r.jpg</fileName>
      
    </sourceImageInformation>
  </Description>
  
  <Tags>
    <OtherTag ID="BT1" LABEL="Title" DESCRIPTION="block type Title"/><OtherTag ID="BT2" LABEL="Main" DESCRIPTION="block type Main"/><OtherTag ID="BT3" LABEL="Commentary" DESCRIPTION="block type Commentary"/><OtherTag ID="BT4" LABEL="Illustration" DESCRIPTION="block type Illustration"/><OtherTag ID="BT224" LABEL="Hole" DESCRIPTION="block type Hole"/><OtherTag ID="BT225" LABEL="Margin" DESCRIPTION="block type Margin"/><OtherTag ID="BT226" LABEL="Paratext" DESCRIPTION="block type Paratext"/>
    <OtherTag ID="LT2" LABEL="Numbering" DESCRIPTION="line type Numbering"/><OtherTag ID="LT3" LABEL="Correction" DESCRIPTION="line type Correction"/><OtherTag ID="LT329" LABEL="Gloss" DESCRIPTION="line type Gloss"/>
  </Tags>
  
  <Layout>
    <Page WIDTH="4708"
          HEIGHT="6679"
          PHYSICAL_IMG_NR="213"
          ID="eSc_dummypage_">
      <PrintSpace HPOS="0"
                  VPOS="0"
                  WIDTH="4708"
                  HEIGHT="6679">
        
        <TextBlock HPOS="2684.0"
                   VPOS="589.0"
                   WIDTH="1559.0"
                   HEIGHT="4557.0"
                   ID="eSc_textblock_5e0bacde"
                   TAGREFS="BT2">
          <Shape><Polygon POINTS="4110 5146 4229 5116 4243 608 2747 589 2714 653 2684 5116 4110 5146"/></Shape>
          
          
          <TextLine ID="eSc_line_5182e837"
                    
                    BASELINE="2730 679 3108 673 3432 690 3827 695 4184 717 4284 734" 
                    HPOS="2724.0"
                    VPOS="601.0"
                    WIDTH="1554.0"
                    HEIGHT="189.0">
            <Shape><Polygon POINTS="2724 673 2730 634 2869 634 2913 601 3081 606 3125 645 3337 651 3393 612 3493 617 3571 656 3760 628 3883 667 3933 628 4044 634 4095 662 4139 634 4200 673 4267 673 4278 729 4262 790 4095 790 4061 768 3888 784 3677 756 3504 773 3471 734 3309 768 3231 734 2897 740 2874 712 2730 712"/></Shape>
	    <String CONTENT="ר&#39; יהודה ור&#39; נחמיה ורבנין ר&#39; יהודה אומ&#39; משור"
                    HPOS="2724.0"
                    VPOS="601.0"
                    WIDTH="1554.0"
                    HEIGHT="189.0"></String>
          </TextLine>

          
          
          <TextLine ID="eSc_line_ffeb3549"
                    
                    BASELINE="2730 812 3198 834 3571 829 4033 857 4256 846" 
                    HPOS="2724.0"
                    VPOS="751.0"
                    WIDTH="1527.0"
                    HEIGHT="200.0">
            <Shape><Polygon POINTS="2724 807 2802 807 2874 751 3331 779 3471 756 3515 784 3649 768 4028 790 4122 818 4184 807 4251 840 4228 929 4106 951 4067 912 3989 929 3576 890 3515 912 3354 901 3326 873 3209 901 2986 873 2847 907 2757 812 2730 812"/></Shape>
	    <String CONTENT="אחד יצאו שוורים הרבה ומחמור אחד יצאן"
                    HPOS="2724.0"
                    VPOS="751.0"
                    WIDTH="1527.0"
                    HEIGHT="200.0"></String>
          </TextLine>

          
          
          <TextLine ID="eSc_line_3ed36c18"
                    
                    BASELINE="2757 946 3120 957 3175 974 3571 962 3939 990 4072 985 4262 996" 
                    HPOS="2752.0"
                    VPOS="873.0"
                    WIDTH="1504.0"
                    HEIGHT="212.0">
            <Shape><Polygon POINTS="2752 940 2813 890 3292 901 3326 873 3415 907 3777 896 3810 923 4178 946 4256 990 4206 1079 4139 1085 4056 1057 3822 1057 3794 1029 3610 1040 3521 1001 3476 1035 3387 1040 3320 1012 3142 1035 3042 1007 2802 1035 2757 990"/></Shape>
	    <String CONTENT="חמורים הרבה ו&#39; נחמיה אומ&#39; לישנהון דברייתא"
                    HPOS="2752.0"
                    VPOS="873.0"
                    WIDTH="1504.0"
                    HEIGHT="212.0"></String>
          </TextLine>

          
          
          <TextLine ID="eSc_line_7191e883"
                    
                    BASELINE="2808 1079 3170 1068 3225 1085 3376 1096 3693 1102 3749 1090 3911 1118 4039 1124 4106 1113 4266 1157" 
                    HPOS="2802.0"
                    VPOS="1007.0"
                    WIDTH="1460.0"
                    HEIGHT="217.0">
            <Shape><Polygon POINTS="2802 1074 2863 1018 3487 1040 3526 1007 3638 1046 3794 1035 3816 1057 4189 1085 4245 1107 4262 1152 4173 1224 3944 1179 3699 1174 3677 1152 3632 1174 3454 1152 3209 1174 3175 1152 3030 1146 2958 1168 2930 1140 2874 1163 2808 1102"/></Shape>
	    <String CONTENT="היא חמירתה הוא גמולתא ורבנין אמרין [ש&#39;]"
                    HPOS="2802.0"
                    VPOS="1007.0"
                    WIDTH="1460.0"
                    HEIGHT="217.0"></String>
          </TextLine>

          
          
          <TextLine ID="eSc_line_c95c3530"
                    
                    BASELINE="2757 1207 3064 1207 3292 1235 3660 1230 3933 1257 4299 1280" 
                    HPOS="2752.0"
                    VPOS="1157.0"
                    WIDTH="1543.0"
                    HEIGHT="189.0">
            <Shape><Polygon POINTS="2752 1202 2847 1157 3448 1157 3654 1191 3677 1168 4145 1207 4234 1269 4295 1274 4245 1274 4184 1335 4083 1346 3922 1335 3827 1291 3621 1319 3504 1285 3203 1285 3131 1307 3019 1285 2980 1307 2936 1263 2891 1291 2763 1202"/></Shape>
	    <String CONTENT="שור זה משוח מלח מה שנ&#39; בכור שורו הדר"
                    HPOS="2752.0"
                    VPOS="1157.0"
                    WIDTH="1543.0"
                    HEIGHT="189.0"></String>
          </TextLine>

          
          
          <TextLine ID="eSc_line_5983517b"
                    
                    BASELINE="2707 1358 2969 1358 3097 1369 3521 1369 3660 1358 3777 1397 3905 1385 4255 1414" 
                    HPOS="2702.0"
                    VPOS="1263.0"
                    WIDTH="1549.0"
                    HEIGHT="223.0">
            <Shape><Polygon POINTS="2702 1352 2763 1341 2847 1269 2886 1302 2936 1263 2969 1307 3342 1307 3393 1285 3432 1313 3504 1296 3766 1324 3822 1296 3922 1341 4117 1352 4156 1330 4251 1413 4150 1486 3888 1452 3816 1469 3721 1419 3677 1447 3420 1419 3315 1447 3036 1424 2969 1441 2941 1413 2824 1435 2746 1352 2713 1352"/></Shape>
	    <String CONTENT="לו חמורזה מלך המשיח שנ&#39; עני ורוכב על"
                    HPOS="2702.0"
                    VPOS="1263.0"
                    WIDTH="1549.0"
                    HEIGHT="223.0"></String>
          </TextLine>

          
          
          <TextLine ID="eSc_line_634186da"
                    
                    BASELINE="2735 1480 3237 1502 3543 1502 3682 1491 3833 1525 4011 1519 4249 1547" 
                    HPOS="2730.0"
                    VPOS="1419.0"
                    WIDTH="1515.0"
                    HEIGHT="200.0">
            <Shape><Polygon POINTS="2730 1474 2796 1435 2941 1419 2964 1441 3214 1447 3576 1424 3615 1447 3732 1435 3816 1463 4106 1474 4245 1541 4167 1619 3777 1569 3610 1575 3526 1536 3476 1569 2919 1552 2819 1591 2735 1502"/></Shape>
	    <String CONTENT="החמור צאן אילו ישר&#39; ˙ שנ&#39; ואתנה צאני וצאן"
                    HPOS="2730.0"
                    VPOS="1419.0"
                    WIDTH="1515.0"
                    HEIGHT="200.0"></String>
          </TextLine>

          
          
          <TextLine ID="eSc_line_74f161a8"
                    
                    BASELINE="2774 1614 2941 1608 2997 1619 3309 1636 3699 1636 3771 1625 3911 1664 3978 1653 4100 1653 4217 1669" 
                    HPOS="2769.0"
                    VPOS="1558.0"
                    WIDTH="1443.0"
                    HEIGHT="189.0">
            <Shape><Polygon POINTS="2769 1608 2852 1563 3432 1558 4139 1614 4212 1664 4167 1736 4111 1747 3677 1692 3409 1703 3348 1669 3320 1697 3092 1686 3053 1714 3003 1692 2863 1697 2774 1608"/></Shape>
	    <String CONTENT="מרעיתי וג&#39; ועבר ושפחה הנה כעיני עברים ו&#39;"
                    HPOS="2769.0"
                    VPOS="1558.0"
                    WIDTH="1443.0"
                    HEIGHT="189.0"></String>
          </TextLine>

          
          
          <TextLine ID="eSc_line_db01612c"
                    
                    BASELINE="2707 1747 2958 1758 3030 1769 3615 1764 3866 1792 4056 1786 4239 1797" 
                    HPOS="2702.0"
                    VPOS="1669.0"
                    WIDTH="1532.0"
                    HEIGHT="206.0">
            <Shape><Polygon POINTS="2702 1742 2808 1703 3064 1708 3097 1686 3315 1714 3365 1669 3515 1714 3738 1697 3760 1719 4139 1742 4234 1792 4145 1875 3827 1858 3799 1831 3744 1847 3716 1825 3649 1853 3510 1825 3203 1842 3147 1814 3086 1836 3030 1808 2941 1842 2791 1836 2707 1747"/></Shape>
	    <String CONTENT="חני ייי חנני וגו&#39; ˙ וישובו המלאבים וגו&#39; את נוהג"
                    HPOS="2702.0"
                    VPOS="1669.0"
                    WIDTH="1532.0"
                    HEIGHT="206.0"></String>
          </TextLine>

          
          
          <TextLine ID="eSc_line_f6a46348"
                    
                    BASELINE="2724 1881 2986 1892 3047 1909 3175 1897 3604 1897 3827 1925 4223 1925" 
                    HPOS="2718.0"
                    VPOS="1814.0"
                    WIDTH="1499.0"
                    HEIGHT="195.0">
            <Shape><Polygon POINTS="2718 1875 2886 1825 3008 1842 3047 1814 3097 1847 3153 1814 3181 1836 3543 1831 4167 1875 4217 1920 4156 2009 3666 1992 3588 1970 3186 1964 3142 1987 3058 1936 3008 1975 2969 1953 2830 1981 2724 1881"/></Shape>
	    <String CONTENT="באח דהוא נוהג כך בעשו זגם הולך לקראתך"
                    HPOS="2718.0"
                    VPOS="1814.0"
                    WIDTH="1499.0"
                    HEIGHT="195.0"></String>
          </TextLine>

          
          
          <TextLine ID="eSc_line_a17dcbd7"
                    
                    BASELINE="2707 2025 2891 2025 2958 2042 3069 2031 3615 2031 3732 2048 3933 2059 4228 2059" 
                    HPOS="2702.0"
                    VPOS="1936.0"
                    WIDTH="1521.0"
                    HEIGHT="201.0">
            <Shape><Polygon POINTS="2702 2020 2791 1942 2830 1975 3008 1981 3053 1936 3142 1987 3354 1970 3944 1992 4134 2009 4223 2053 4156 2137 3699 2103 3621 2120 3593 2092 3493 2103 3448 2070 3387 2103 3192 2092 3019 2115 2997 2092 2802 2103 2707 2020"/></Shape>
	    <String CONTENT="וארבע מאות איש עמו עמו ריש לקיש אמ&#39;"
                    HPOS="2702.0"
                    VPOS="1936.0"
                    WIDTH="1521.0"
                    HEIGHT="201.0"></String>
          </TextLine>

          
          
          <TextLine ID="eSc_line_30acb715"
                    
                    BASELINE="2718 2153 2958 2170 3498 2165 3911 2192 4206 2181" 
                    HPOS="2713.0"
                    VPOS="2076.0"
                    WIDTH="1487.0"
                    HEIGHT="194.0">
            <Shape><Polygon POINTS="2713 2148 2785 2148 2824 2109 3276 2115 3415 2103 3459 2076 3532 2120 3588 2092 3615 2120 4078 2131 4200 2176 4145 2265 4089 2243 3961 2270 3833 2243 3498 2254 3281 2220 3231 2254 3120 2231 2936 2254 2886 2209 2824 2231 2735 2153"/></Shape>
	    <String CONTENT="עמו בעמו מהו עשו על ארבע מאות כך"
                    HPOS="2713.0"
                    VPOS="2076.0"
                    WIDTH="1487.0"
                    HEIGHT="194.0"></String>
          </TextLine>

          
          
          <TextLine ID="eSc_line_62ba8f84"
                    
                    BASELINE="2763 2293 2936 2293 3025 2304 3571 2298 3827 2315 3883 2326 4128 2326 4239 2304" 
                    HPOS="2757.0"
                    VPOS="2215.0"
                    WIDTH="1477.0"
                    HEIGHT="183.0">
            <Shape><Polygon POINTS="2757 2287 2830 2231 2936 2254 3231 2248 3270 2215 3303 2243 3944 2265 4100 2248 4184 2298 4234 2298 4145 2398 3983 2387 3961 2365 3732 2382 3682 2354 3638 2382 3471 2376 3448 2354 3409 2376 2880 2354 2835 2371 2763 2304"/></Shape>
	    <String CONTENT="כל אחד ואחד מהם עשוי על ארבע מאות"
                    HPOS="2757.0"
                    VPOS="2215.0"
                    WIDTH="1477.0"
                    HEIGHT="183.0"></String>
          </TextLine>

          
          
          <TextLine ID="eSc_line_2de0413b"
                    
                    BASELINE="2713 2426 3186 2426 3409 2437 3677 2432 3810 2443 4212 2448" 
                    HPOS="2707.0"
                    VPOS="2343.0"
                    WIDTH="1499.0"
                    HEIGHT="178.0">
            <Shape><Polygon POINTS="2707 2421 2791 2343 2830 2371 3181 2387 3409 2382 3437 2354 3621 2393 3671 2359 3732 2393 3888 2393 3955 2365 4039 2398 4173 2398 4206 2443 4167 2521 3911 2499 3833 2521 3777 2487 3738 2521 3654 2521 3331 2504 3303 2476 3270 2504 3220 2482 3153 2510 2791 2499 2713 2421"/></Shape>
	    <String CONTENT="איש ר&#39; לוי אמ&#39; הלך ונטלא וגרמי ממצרים [שנ&#39;]"
                    HPOS="2707.0"
                    VPOS="2343.0"
                    WIDTH="1499.0"
                    HEIGHT="178.0"></String>
          </TextLine>

          
          
          <TextLine ID="eSc_line_3562e185"
                    
                    BASELINE="3171 2530 3283 2530" 
                    HPOS="3170.0"
                    VPOS="2487.0"
                    WIDTH="111.0"
                    HEIGHT="39.0">
            <Shape><Polygon POINTS="3170 2526 3209 2487 3281 2526 3181 2526"/></Shape>
	    <String CONTENT=""
                    HPOS="3170.0"
                    VPOS="2487.0"
                    WIDTH="111.0"
                    HEIGHT="39.0"></String>
          </TextLine>

          
          
          <TextLine ID="eSc_line_b3f7baf4"
                    
                    BASELINE="2795 2564 4232 2599" 
                    HPOS="2791.0"
                    VPOS="2487.0"
                    WIDTH="1437.0"
                    HEIGHT="173.0">
            <Shape><Polygon POINTS="2791 2560 2819 2499 3159 2510 3209 2538 3303 2487 3337 2515 3554 2521 3749 2515 3788 2493 3838 2526 3888 2493 3939 2521 4161 2526 4228 2593 4100 2660 3966 2621 3131 2649 3014 2632 2986 2604 2947 2638 2819 2638 2796 2615"/></Shape>
	    <String CONTENT="אמ&#39; אם יכלת ליה האטב ואילא אנא אימא"
                    HPOS="2791.0"
                    VPOS="2487.0"
                    WIDTH="1437.0"
                    HEIGHT="173.0"></String>
          </TextLine>

          
          
          <TextLine ID="eSc_line_1464b26a"
                    TAGREFS="LT3"
                    BASELINE="3667 2651 3921 2651 4111 2668" 
                    HPOS="3667"
                    VPOS="2621"
                    WIDTH="446"
                    HEIGHT="76">
            <Shape><Polygon POINTS="3667 2621 3921 2621 4113 2638 4108 2697 3921 2681 3667 2681"/></Shape>
	    <String CONTENT=""
                    HPOS="3667"
                    VPOS="2621"
                    WIDTH="446"
                    HEIGHT="76"></String>
          </TextLine>

          
          
          <TextLine ID="eSc_line_9684e22e"
                    
                    BASELINE="2752 2689 4228 2715" 
                    HPOS="2746.0"
                    VPOS="2582.0"
                    WIDTH="1477.0"
                    HEIGHT="200.0">
            <Shape><Polygon POINTS="2746 2688 2769 2582 2824 2638 2908 2643 2997 2610 3025 2638 3120 2649 3671 2638 3705 2666 3961 2654 4033 2677 4156 2632 4223 2710 4167 2771 4028 2782 3950 2755 3760 2777 3727 2743 3660 2777 3526 2782 2880 2771 2752 2727"/></Shape>
	    <String CONTENT="ליה איסי יי כסא ומן גו בך אנא קאים עלי וקטיל"
                    HPOS="2746.0"
                    VPOS="2582.0"
                    WIDTH="1477.0"
                    HEIGHT="200.0"></String>
          </TextLine>

          
          
          <TextLine ID="eSc_line_205576e6"
                    
                    BASELINE="2713 2816 3186 2827 3309 2838 4223 2838" 
                    HPOS="2707.0"
                    VPOS="2749.0"
                    WIDTH="1510.0"
                    HEIGHT="161.0">
            <Shape><Polygon POINTS="2707 2810 2774 2810 2824 2766 3666 2782 3721 2749 3755 2782 3883 2777 3905 2755 4056 2788 4156 2777 4217 2833 4134 2910 4044 2888 3604 2905 3554 2866 3515 2905 2902 2905 2869 2871 2813 2899 2713 2816"/></Shape>
	    <String CONTENT="יתיה ˙ ד&#39;א&#39; ויהילו שור וחמור שורזה יוסף"
                    HPOS="2707.0"
                    VPOS="2749.0"
                    WIDTH="1510.0"
                    HEIGHT="161.0"></String>
          </TextLine>

          
          
          <TextLine ID="eSc_line_a3ee0ecb"
                    
                    BASELINE="2735 2949 3298 2944 3359 2955 3916 2955 4232 2974" 
                    HPOS="2730.0"
                    VPOS="2871.0"
                    WIDTH="1498.0"
                    HEIGHT="162.0">
            <Shape><Polygon POINTS="2730 2944 2863 2883 2891 2910 3510 2910 3560 2871 3610 2910 4089 2894 4178 2916 4228 2972 4139 3033 3365 3033 3337 2999 3270 3033 3075 3033 2925 3005 2869 3027 2785 2944 2735 2944"/></Shape>
	    <String CONTENT="שנ&#39; בבור שורו הדר לו חמור זהיששבר [שנ&#39;]"
                    HPOS="2730.0"
                    VPOS="2871.0"
                    WIDTH="1498.0"
                    HEIGHT="162.0"></String>
          </TextLine>

          
          
          <TextLine ID="eSc_line_dcbd7b32"
                    
                    BASELINE="2652 3061 2757 3083 4239 3083" 
                    HPOS="2646.0"
                    VPOS="2999.0"
                    WIDTH="1588.0"
                    HEIGHT="173.0">
            <Shape><Polygon POINTS="2646 3055 2724 3066 2830 3005 2880 3027 2925 3005 2952 3027 3292 3033 3337 2999 3370 3033 3554 3038 4223 3016 4234 3077 4217 3139 4200 3122 4128 3161 3983 3161 3933 3127 3894 3166 3810 3144 3666 3166 3627 3133 3565 3172 3443 3150 2997 3161 2958 3122 2897 3155 2752 3161 2652 3066"/></Shape>
	    <String CONTENT="יששכר המורגרם וכן בנו שליוסף עומד לכלות"
                    HPOS="2646.0"
                    VPOS="2999.0"
                    WIDTH="1588.0"
                    HEIGHT="173.0"></String>
          </TextLine>

          
          
          <TextLine ID="eSc_line_31ae099a"
                    
                    BASELINE="2691 3211 4247 3233" 
                    HPOS="2685.0"
                    VPOS="3122.0"
                    WIDTH="1560.0"
                    HEIGHT="184.0">
            <Shape><Polygon POINTS="2685 3205 2730 3205 2785 3161 2913 3155 2952 3122 3003 3166 3214 3178 3599 3178 3632 3144 3666 3172 3799 3150 3905 3172 3955 3133 3994 3172 4228 3155 4245 3228 4184 3289 4039 3300 4011 3278 3922 3306 3565 3300 3521 3256 3476 3300 2752 3294 2691 3233"/></Shape>
	    <String CONTENT="את עמלק שנ&#39; ויחלש יהושע את עמלק ואת"
                    HPOS="2685.0"
                    VPOS="3122.0"
                    WIDTH="1560.0"
                    HEIGHT="184.0"></String>
          </TextLine>

          
          
          <TextLine ID="eSc_line_8dcb50be"
                    
                    BASELINE="2718 3339 2958 3339 3025 3350 3994 3350 4239 3333" 
                    HPOS="2713.0"
                    VPOS="3256.0"
                    WIDTH="1521.0"
                    HEIGHT="178.0">
            <Shape><Polygon POINTS="2713 3333 2802 3289 3476 3300 3521 3256 3588 3306 4028 3294 4173 3300 4234 3328 4217 3389 4156 3422 4050 3406 4017 3434 3688 3428 3654 3395 3615 3428 3515 3406 3253 3422 3231 3400 3192 3428 3114 3406 2819 3422 2718 3339"/></Shape>
	    <String CONTENT="עמו לפי חרב ובניו של יששכר יודעים מה"
                    HPOS="2713.0"
                    VPOS="3256.0"
                    WIDTH="1521.0"
                    HEIGHT="178.0"></String>
          </TextLine>

          
          
          <TextLine ID="eSc_line_11ebfae9"
                    
                    BASELINE="2646 3473 3315 3473 3376 3484 3816 3484 3883 3473 4217 3473" 
                    HPOS="2640.0"
                    VPOS="3389.0"
                    WIDTH="1572.0"
                    HEIGHT="173.0">
            <Shape><Polygon POINTS="2640 3467 2702 3456 2741 3417 3420 3428 3471 3406 3604 3428 3649 3389 3693 3428 3755 3434 3994 3434 4039 3406 4184 3417 4212 3467 4195 3534 4167 3545 4028 3551 3994 3523 3961 3556 3732 3562 3571 3539 3498 3556 3471 3528 3432 3562 2830 3528 2769 3551 2685 3467 2646 3467"/></Shape>
	    <String CONTENT="הקב&#39;ה עושה בעולמו שנ&#39; ומבני יששכר יודעי"
                    HPOS="2640.0"
                    VPOS="3389.0"
                    WIDTH="1572.0"
                    HEIGHT="173.0"></String>
          </TextLine>

          
          
          <TextLine ID="eSc_line_8dfb7059"
                    
                    BASELINE="2707 3606 3359 3606 3549 3623 3615 3606 4217 3595" 
                    HPOS="2702.0"
                    VPOS="3528.0"
                    WIDTH="1510.0"
                    HEIGHT="173.0">
            <Shape><Polygon POINTS="2702 3601 2757 3589 2813 3534 3415 3567 3471 3534 3498 3562 3627 3567 3961 3556 4000 3528 4028 3556 4156 3551 4212 3589 4150 3673 3649 3701 3298 3684 3276 3662 3153 3684 2802 3673 2707 3601"/></Shape>
	    <String CONTENT="בינה לעתים וצאן אילו ישר&#39; שנ&#39; ואתנה [צ&#39;]"
                    HPOS="2702.0"
                    VPOS="3528.0"
                    WIDTH="1510.0"
                    HEIGHT="173.0"></String>
          </TextLine>

          
          
          <TextLine ID="eSc_line_df0aaece"
                    
                    BASELINE="2795 3751 4210 3738" 
                    HPOS="2791.0"
                    VPOS="3667.0"
                    WIDTH="1415.0"
                    HEIGHT="162.0">
            <Shape><Polygon POINTS="2791 3745 2796 3679 3225 3690 3259 3667 3298 3690 3504 3695 4139 3679 4206 3734 4122 3812 3872 3829 3777 3807 3203 3823 2796 3795"/></Shape>
	    <String CONTENT="צאני וצאן מרעותי וגו&#39; זה דוד&#39; ועבד זה רוך"
                    HPOS="2791.0"
                    VPOS="3667.0"
                    WIDTH="1415.0"
                    HEIGHT="162.0"></String>
          </TextLine>

          
          
          <TextLine ID="eSc_line_81487636"
                    
                    BASELINE="2707 3862 4239 3862" 
                    HPOS="2702.0"
                    VPOS="3745.0"
                    WIDTH="1532.0"
                    HEIGHT="217.0">
            <Shape><Polygon POINTS="2702 3857 2735 3745 2824 3812 2886 3818 3861 3834 4212 3807 4234 3857 4156 3940 3816 3962 3682 3940 3426 3962 3337 3929 3231 3957 2952 3946 2919 3923 2774 3935 2713 3873"/></Shape>
	    <String CONTENT="שנ&#39; אני עבדך בין אמתיך ושפחה זה אביגאל"
                    HPOS="2702.0"
                    VPOS="3745.0"
                    WIDTH="1532.0"
                    HEIGHT="217.0"></String>
          </TextLine>

          
          
          <TextLine ID="eSc_line_45fad5e1"
                    
                    BASELINE="2685 3990 4208 4007" 
                    HPOS="2679.0"
                    VPOS="3929.0"
                    WIDTH="1527.0"
                    HEIGHT="167.0">
            <Shape><Polygon POINTS="2679 3985 2730 3985 2796 3929 2847 3951 2936 3929 3409 3962 3660 3940 3827 3962 4089 3935 4195 3951 4206 4001 4122 4068 3883 4063 3760 4096 3688 4068 3437 4090 2841 4079 2724 3990 2685 3990"/></Shape>
	    <String CONTENT="שנ&#39; הנה אמתך לשפחה באותה שעה הלבו [א&#39;]"
                    HPOS="2679.0"
                    VPOS="3929.0"
                    WIDTH="1527.0"
                    HEIGHT="167.0"></String>
          </TextLine>

          
          
          <TextLine ID="eSc_line_2dd0748d"
                    
                    BASELINE="2696 4118 4208 4146" 
                    HPOS="2691.0"
                    VPOS="4057.0"
                    WIDTH="1515.0"
                    HEIGHT="167.0">
            <Shape><Polygon POINTS="2691 4113 2735 4113 2791 4057 2835 4079 3420 4096 3638 4074 3788 4090 3900 4057 3927 4085 4167 4068 4206 4140 4145 4191 4039 4213 3649 4213 3593 4191 3415 4224 3315 4218 3276 4174 3225 4207 3186 4168 3120 4207 2819 4202 2735 4118 2696 4118"/></Shape>
	    <String CONTENT="אותן שלוחים ורא&#39;] את עשו שיש עמךר"
                    HPOS="2691.0"
                    VPOS="4057.0"
                    WIDTH="1515.0"
                    HEIGHT="167.0"></String>
          </TextLine>

          
          
          <TextLine ID="eSc_line_fa7933e9"
                    
                    BASELINE="2640 4241 3053 4252 3114 4268 3192 4257 3638 4263 4263 4258" 
                    HPOS="2635.0"
                    VPOS="4174.0"
                    WIDTH="1627.0"
                    HEIGHT="178.0">
            <Shape><Polygon POINTS="2635 4235 2724 4235 2785 4179 2964 4213 3147 4207 3192 4174 3231 4213 3276 4179 3315 4218 3582 4213 3604 4191 3688 4218 4173 4191 4262 4257 4173 4324 3944 4335 3827 4313 3771 4352 3565 4330 3075 4346 2874 4335 2813 4307 2763 4330 2674 4241 2640 4241"/></Shape>
	    <String CONTENT="גברים מזויינין והלבו ואמרו לו ליעקב שנ&#39; [ויש&#39;]"
                    HPOS="2635.0"
                    VPOS="4174.0"
                    WIDTH="1627.0"
                    HEIGHT="178.0"></String>
          </TextLine>

          
          
          <TextLine ID="eSc_line_182a59c5"
                    
                    BASELINE="2691 4385 3788 4385 3933 4369 4269 4391" 
                    HPOS="2685.0"
                    VPOS="4307.0"
                    WIDTH="1582.0"
                    HEIGHT="173.0">
            <Shape><Polygon POINTS="2685 4380 2746 4330 3521 4352 3543 4330 3777 4346 3838 4307 3939 4335 4234 4324 4267 4385 4173 4463 4100 4430 3922 4463 3794 4447 3755 4474 3103 4480 2769 4458 2691 4380"/></Shape>
	    <String CONTENT="וישובוה מלאכים וגו&#39; מהו וארבע מאות איש"
                    HPOS="2685.0"
                    VPOS="4307.0"
                    WIDTH="1582.0"
                    HEIGHT="173.0"></String>
          </TextLine>

          
          
          <TextLine ID="eSc_line_dcb3c17f"
                    
                    BASELINE="2663 4508 3532 4519 3755 4502 4219 4525" 
                    HPOS="2657.0"
                    VPOS="4435.0"
                    WIDTH="1560.0"
                    HEIGHT="184.0">
            <Shape><Polygon POINTS="2657 4502 2752 4458 3170 4458 3220 4480 3465 4463 3526 4486 3760 4480 3799 4447 3944 4469 4111 4435 4217 4519 4134 4575 3543 4619 3432 4580 3326 4608 2958 4586 2902 4602 2874 4580 2830 4597 2741 4563 2685 4508"/></Shape>
	    <String CONTENT="אמ&#39; ר&#39; שמוא&#39; בר נחמן ארבעה מלאבים קושרי"
                    HPOS="2657.0"
                    VPOS="4435.0"
                    WIDTH="1560.0"
                    HEIGHT="184.0"></String>
          </TextLine>

          
          
          <TextLine ID="eSc_line_2b4831f0"
                    
                    BASELINE="2691 4641 3315 4653 3671 4636 4061 4641 4252 4631" 
                    HPOS="2685.0"
                    VPOS="4575.0"
                    WIDTH="1566.0"
                    HEIGHT="172.0">
            <Shape><Polygon POINTS="2685 4636 2757 4597 3404 4608 3437 4586 3560 4614 4095 4575 4251 4630 4139 4714 3905 4725 3270 4736 2791 4714 2752 4747 2691 4686"/></Shape>
	    <String CONTENT="בתרים הין עמו ויש אומ&#39; ארבע מאות איפר כין"
                    HPOS="2685.0"
                    VPOS="4575.0"
                    WIDTH="1566.0"
                    HEIGHT="172.0"></String>
          </TextLine>

          
          
          <TextLine ID="eSc_line_47311338"
                    
                    BASELINE="2691 4775 3844 4775 3972 4764 4213 4781" 
                    HPOS="2685.0"
                    VPOS="4708.0"
                    WIDTH="1527.0"
                    HEIGHT="162.0">
            <Shape><Polygon POINTS="2685 4769 2746 4758 2796 4708 3415 4736 4173 4708 4212 4775 4173 4836 3710 4842 3671 4864 3482 4870 3259 4858 3231 4836 3175 4858 3142 4831 3103 4853 2835 4847 2746 4769 2691 4769"/></Shape>
	    <String CONTENT="יהין עמן ור&#39; ינאי אמ&#39; ארבע מאות ואשי"
                    HPOS="2685.0"
                    VPOS="4708.0"
                    WIDTH="1527.0"
                    HEIGHT="162.0"></String>
          </TextLine>

          
          
          <TextLine ID="eSc_line_5ca040cd"
                    
                    BASELINE="2685 4886 2791 4909 3816 4909 4212 4886" 
                    HPOS="2679.0"
                    VPOS="4786.0"
                    WIDTH="1527.0"
                    HEIGHT="223.0">
            <Shape><Polygon POINTS="2679 4881 2769 4786 2841 4853 2925 4858 3097 4858 3147 4836 3175 4864 3231 4842 3259 4870 3510 4875 4150 4836 4206 4881 4161 4970 3961 4953 3900 4986 3861 4970 3610 5009 3549 4981 3209 4998 3120 4964 3025 4992 2835 4975 2696 4886"/></Shape>
	    <String CONTENT="גרכות [היך עמו זכיון שאמרו לו ליעקב כל"
                    HPOS="2679.0"
                    VPOS="4786.0"
                    WIDTH="1527.0"
                    HEIGHT="223.0"></String>
          </TextLine>

          
          
          <TextLine ID="eSc_line_422ec098"
                    
                    BASELINE="2640 5025 2902 5042 3794 5042 4212 5020" 
                    HPOS="2635.0"
                    VPOS="4970.0"
                    WIDTH="1571.0"
                    HEIGHT="172.0">
            <Shape><Polygon POINTS="2635 5020 2735 4986 3008 5003 3069 4975 3097 5003 3203 5003 3270 4975 3315 5003 3721 5003 3844 4970 3900 4992 3922 4970 4044 4992 4161 4970 4206 5014 4189 5103 4089 5137 3855 5137 3805 5109 3732 5142 3537 5115 3354 5142 3276 5103 3153 5120 3086 5098 2919 5142 2835 5092 2640 5092"/></Shape>
	    <String CONTENT="הגדולה הזן היה מתיירא והיה מחלקאת בנין"
                    HPOS="2635.0"
                    VPOS="4970.0"
                    WIDTH="1571.0"
                    HEIGHT="172.0"></String>
          </TextLine>

          
        </TextBlock>
        
        <TextBlock HPOS="827.0"
                   VPOS="589.0"
                   WIDTH="1619.0"
                   HEIGHT="4542.0"
                   ID="eSc_textblock_9b6ffdca"
                   TAGREFS="BT2">
          <Shape><Polygon POINTS="2431 5131 2446 623 2342 589 876 604 827 667 827 5102 2431 5131"/></Shape>
          
          
          <TextLine ID="eSc_line_204daeca"
                    
                    BASELINE="891 701 2367 695 2468 712" 
                    HPOS="885.0"
                    VPOS="623.0"
                    WIDTH="1577.0"
                    HEIGHT="161.0">
            <Shape><Polygon POINTS="885 695 891 656 1019 656 1069 623 1203 623 1231 645 1281 628 1320 656 1554 623 1632 623 1682 656 1844 628 1905 656 2106 623 2178 656 2340 628 2367 656 2445 656 2462 706 2445 762 2351 762 2328 784 1961 784 1777 745 1615 773 1515 740 1476 768 1309 762 1264 784 1225 751 1153 773 1131 751 1019 768 986 740 891 740"/></Shape>
	    <String CONTENT="ואתנשין לשני מחנות שנ&#39; ויירא ועקב מאד ויצר"
                    HPOS="885.0"
                    VPOS="623.0"
                    WIDTH="1577.0"
                    HEIGHT="161.0"></String>
          </TextLine>

          
          
          <TextLine ID="eSc_line_4e7a9e51"
                    
                    BASELINE="908 834 2245 829 2484 840" 
                    HPOS="902.0"
                    VPOS="756.0"
                    WIDTH="1577.0"
                    HEIGHT="173.0">
            <Shape><Polygon POINTS="902 829 980 756 1114 790 1587 762 2094 801 2323 795 2379 768 2440 829 2479 834 2390 912 2089 923 2050 901 2000 929 1844 884 1682 912 1437 884 1348 912 1314 884 1281 912 1080 918 1019 901 947 829"/></Shape>
	    <String CONTENT="לו וגו&#39; ˙ ויאמר אם יבא עשו באותה שעה עמד"
                    HPOS="902.0"
                    VPOS="756.0"
                    WIDTH="1577.0"
                    HEIGHT="173.0"></String>
          </TextLine>

          
          
          <TextLine ID="eSc_line_c95303b5"
                    
                    BASELINE="930 968 1381 962 2440 968" 
                    HPOS="924.0"
                    VPOS="884.0"
                    WIDTH="1510.0"
                    HEIGHT="167.0">
            <Shape><Polygon POINTS="924 962 991 907 1242 923 1320 896 1359 918 1415 884 1543 912 1788 912 1833 884 1961 923 2016 923 2044 896 2083 923 2418 896 2434 962 2395 1029 2328 1051 1883 1029 1788 1046 1721 1024 1342 1040 1314 1018 1275 1046 986 1051 930 996"/></Shape>
	    <String CONTENT="יעקב בתפילה אמ&#39; לפניו רבונו של עולם כתכתכ]"
                    HPOS="924.0"
                    VPOS="884.0"
                    WIDTH="1510.0"
                    HEIGHT="167.0"></String>
          </TextLine>

          
          
          <TextLine ID="eSc_line_b3738876"
                    
                    BASELINE="885 1079 1002 1102 2440 1090" 
                    HPOS="880.0"
                    VPOS="1024.0"
                    WIDTH="1554.0"
                    HEIGHT="172.0">
            <Shape><Polygon POINTS="880 1074 941 1079 975 1046 1275 1046 1320 1024 1342 1046 2384 1046 2434 1085 2401 1179 2267 1168 2184 1196 2139 1163 1927 1179 1359 1152 1320 1174 1008 1174 902 1079"/></Shape>
	    <String CONTENT="בתורתך שור או שה אותו ואת בנו לא תשחטן"
                    HPOS="880.0"
                    VPOS="1024.0"
                    WIDTH="1554.0"
                    HEIGHT="172.0"></String>
          </TextLine>

          
          
          <TextLine ID="eSc_line_f11c2ffd"
                    
                    BASELINE="924 1224 1270 1224 1409 1235 2239 1230 2462 1241" 
                    HPOS="919.0"
                    VPOS="1157.0"
                    WIDTH="1538.0"
                    HEIGHT="156.0">
            <Shape><Polygon POINTS="919 1218 991 1168 1370 1157 1916 1185 2139 1168 2178 1191 2278 1168 2390 1179 2457 1235 2390 1296 2312 1307 1911 1313 1805 1280 1771 1302 1281 1302 1164 1274 1086 1307 1053 1274 1002 1302 924 1224"/></Shape>
	    <String CONTENT="ביום אחד אם יבא רשע זה יאבד את כני ואת"
                    HPOS="919.0"
                    VPOS="1157.0"
                    WIDTH="1538.0"
                    HEIGHT="156.0"></String>
          </TextLine>

          
          
          <TextLine ID="eSc_line_c3ae562b"
                    
                    BASELINE="863 1358 1181 1358 1253 1369 2462 1358" 
                    HPOS="858.0"
                    VPOS="1257.0"
                    WIDTH="1599.0"
                    HEIGHT="201.0">
            <Shape><Polygon POINTS="858 1352 952 1257 1041 1313 1119 1307 1158 1274 1203 1307 1392 1313 1777 1307 1799 1285 1883 1324 2139 1330 2390 1302 2457 1352 2395 1430 2211 1458 1888 1458 1621 1424 1454 1441 1387 1419 1275 1441 1231 1397 1186 1435 991 1441 902 1352 869 1352"/></Shape>
	    <String CONTENT="אמותם באחת ספר תורה שאתה עתיד ליתן על"
                    HPOS="858.0"
                    VPOS="1257.0"
                    WIDTH="1599.0"
                    HEIGHT="201.0"></String>
          </TextLine>

          
          
          <TextLine ID="eSc_line_fdc38a8a"
                    
                    BASELINE="846 1491 1298 1491 1426 1502 2457 1508" 
                    HPOS="841.0"
                    VPOS="1397.0"
                    WIDTH="1610.0"
                    HEIGHT="189.0">
            <Shape><Polygon POINTS="841 1486 947 1435 1170 1441 1225 1397 1264 1435 1365 1424 1454 1447 2379 1447 2451 1502 2434 1563 2395 1580 2301 1558 2184 1586 2083 1563 2005 1586 1688 1586 1654 1558 1298 1569 1181 1536 1147 1563 947 1563 846 1486"/></Shape>
	    <String CONTENT="הרסיני מי יקרא בו בבקשה ממך הצילנינא מידו"
                    HPOS="841.0"
                    VPOS="1397.0"
                    WIDTH="1610.0"
                    HEIGHT="189.0"></String>
          </TextLine>

          
          
          <TextLine ID="eSc_line_9dbdd0f5"
                    
                    BASELINE="863 1625 1359 1625 1426 1641 1493 1630 2434 1636" 
                    HPOS="858.0"
                    VPOS="1536.0"
                    WIDTH="1571.0"
                    HEIGHT="183.0">
            <Shape><Polygon POINTS="858 1619 958 1558 1147 1569 1181 1536 1303 1575 1610 1580 1649 1558 1699 1591 2195 1586 2278 1563 2301 1586 2395 1586 2429 1630 2390 1708 2156 1719 1699 1719 1476 1692 1326 1708 1125 1669 1092 1697 1025 1669 980 1692 913 1625 863 1630"/></Shape>
	    <String CONTENT="שלא יבא והכני אם על בנים שנ&#39; הצילני נא [מ&#39;]"
                    HPOS="858.0"
                    VPOS="1536.0"
                    WIDTH="1571.0"
                    HEIGHT="183.0"></String>
          </TextLine>

          
          
          <TextLine ID="eSc_line_706462bf"
                    
                    BASELINE="885 1747 1376 1758 1431 1769 2440 1769" 
                    HPOS="880.0"
                    VPOS="1669.0"
                    WIDTH="1554.0"
                    HEIGHT="184.0">
            <Shape><Polygon POINTS="880 1742 1019 1669 1069 1703 1125 1669 1170 1703 1716 1725 2379 1708 2434 1764 2390 1831 2289 1847 2184 1853 2145 1820 2078 1847 1966 1831 1738 1853 1654 1831 1287 1836 1248 1814 1209 1842 1170 1820 1002 1831 958 1820 885 1747"/></Shape>
	    <String CONTENT="מיד אחי מיד עשו מה עשה עמד ושלח לו [ז]"
                    HPOS="880.0"
                    VPOS="1669.0"
                    WIDTH="1554.0"
                    HEIGHT="184.0"></String>
          </TextLine>

          
          
          <TextLine ID="eSc_line_d64fda91"
                    
                    BASELINE="885 1881 1409 1892 1526 1903 2284 1897 2462 1909" 
                    HPOS="880.0"
                    VPOS="1820.0"
                    WIDTH="1577.0"
                    HEIGHT="172.0">
            <Shape><Polygon POINTS="880 1875 952 1820 1883 1864 1961 1842 2111 1853 2150 1820 2184 1853 2367 1842 2457 1903 2351 1975 2217 1992 2189 1964 2156 1987 1509 1981 1465 1942 1387 1975 1242 1970 1209 1942 1069 1970 1036 1936 941 1959 885 1909"/></Shape>
	    <String CONTENT="הורון לסמות את עיניו שנ&#39; כי השוחד יעור [עי&#39;]"
                    HPOS="880.0"
                    VPOS="1820.0"
                    WIDTH="1577.0"
                    HEIGHT="172.0"></String>
          </TextLine>

          
          
          <TextLine ID="eSc_line_4b501e27"
                    
                    BASELINE="885 2025 1192 2025 1248 2042 1370 2031 2418 2037" 
                    HPOS="880.0"
                    VPOS="1948.0"
                    WIDTH="1532.0"
                    HEIGHT="178.0">
            <Shape><Polygon POINTS="880 2020 969 1953 1014 1975 1209 1959 1236 1987 1387 1987 1470 1948 1526 1987 2317 1975 2367 1981 2412 2031 2395 2098 2373 2076 2273 2120 1827 2126 1799 2103 969 2103 885 2025"/></Shape>
	    <String CONTENT="עיני חבמים ואין חכמים אלא אדומיים [שנ&#39;]"
                    HPOS="880.0"
                    VPOS="1948.0"
                    WIDTH="1532.0"
                    HEIGHT="178.0"></String>
          </TextLine>

          
          
          <TextLine ID="eSc_line_9a7dd22f"
                    
                    BASELINE="852 2153 1025 2170 2328 2165 2440 2181" 
                    HPOS="846.0"
                    VPOS="2098.0"
                    WIDTH="1588.0"
                    HEIGHT="156.0">
            <Shape><Polygon POINTS="846 2148 941 2103 1482 2120 1532 2098 1833 2131 2367 2115 2434 2176 2367 2248 1365 2254 991 2243 897 2153 863 2153"/></Shape>
	    <String CONTENT="והבאתי חכמים מאדום וגו&#39; ויתן ביד בניו עדר"
                    HPOS="846.0"
                    VPOS="2098.0"
                    WIDTH="1588.0"
                    HEIGHT="156.0"></String>
          </TextLine>

          
          
          <TextLine ID="eSc_line_f2db760f"
                    
                    BASELINE="846 2293 1387 2293 1571 2304 2420 2310" 
                    HPOS="841.0"
                    VPOS="2220.0"
                    WIDTH="1577.0"
                    HEIGHT="162.0">
            <Shape><Polygon POINTS="841 2287 947 2220 986 2248 1097 2254 2117 2259 2161 2237 2356 2248 2418 2309 2373 2376 2239 2371 2217 2348 2145 2382 1911 2382 1827 2337 1782 2371 1693 2376 1654 2354 1320 2376 1248 2371 1209 2337 1136 2376 1092 2359 1014 2382 930 2371 852 2287"/></Shape>
	    <String CONTENT="עדר לבדו מהו וויוח תשימו בין עדר ובין [ע&#39;]"
                    HPOS="841.0"
                    VPOS="2220.0"
                    WIDTH="1577.0"
                    HEIGHT="162.0"></String>
          </TextLine>

          
          
          <TextLine ID="eSc_line_0592864d"
                    
                    BASELINE="846 2404 1019 2421 1409 2426 1470 2443 1537 2432 2434 2432" 
                    HPOS="841.0"
                    VPOS="2337.0"
                    WIDTH="1588.0"
                    HEIGHT="178.0">
            <Shape><Polygon POINTS="841 2398 885 2365 1069 2382 1092 2359 1186 2365 1214 2337 1248 2371 1426 2382 1777 2382 1827 2343 1866 2382 2362 2382 2429 2426 2323 2510 2223 2487 1782 2515 1727 2471 1654 2510 1565 2476 1537 2504 919 2493 846 2421"/></Shape>
	    <String CONTENT="עדר אמ&#39; יעקב לפני הקב&#39;ה רבזנו של עולם אם"
                    HPOS="841.0"
                    VPOS="2337.0"
                    WIDTH="1588.0"
                    HEIGHT="178.0"></String>
          </TextLine>

          
          
          <TextLine ID="eSc_line_bfa9d39d"
                    
                    BASELINE="824 2549 1209 2543 1654 2560 2445 2560" 
                    HPOS="819.0"
                    VPOS="2471.0"
                    WIDTH="1621.0"
                    HEIGHT="172.0">
            <Shape><Polygon POINTS="819 2543 902 2493 1537 2510 1571 2482 1638 2515 1688 2510 1727 2471 1777 2515 2356 2504 2440 2554 2317 2632 2234 2632 2189 2599 2145 2632 1844 2621 1771 2643 902 2627 824 2549"/></Shape>
	    <String CONTENT="יהיו צרות באות על בני לא תבוא אותם זו אחר"
                    HPOS="819.0"
                    VPOS="2471.0"
                    WIDTH="1621.0"
                    HEIGHT="172.0"></String>
          </TextLine>

          
          
          <TextLine ID="eSc_line_794292ee"
                    
                    BASELINE="819 2688 1069 2677 1465 2677 1654 2688 2139 2688 2256 2677 2418 2682" 
                    HPOS="813.0"
                    VPOS="2604.0"
                    WIDTH="1599.0"
                    HEIGHT="167.0">
            <Shape><Polygon POINTS="813 2682 885 2671 936 2621 1794 2638 1872 2615 1905 2638 2133 2638 2189 2604 2250 2643 2356 2632 2412 2677 2356 2760 2284 2771 975 2760 869 2682"/></Shape>
	    <String CONTENT="זו אלא הרוח להם מצרותיהם באותה שעה"
                    HPOS="813.0"
                    VPOS="2604.0"
                    WIDTH="1599.0"
                    HEIGHT="167.0"></String>
          </TextLine>

          
          
          <TextLine ID="eSc_line_40ffac3f"
                    
                    BASELINE="830 2816 2412 2816" 
                    HPOS="824.0"
                    VPOS="2760.0"
                    WIDTH="1582.0"
                    HEIGHT="145.0">
            <Shape><Polygon POINTS="824 2810 891 2799 930 2760 2189 2760 2351 2766 2406 2810 2362 2899 2145 2905 1927 2905 1883 2883 1827 2905 1682 2899 1615 2871 1515 2899 1203 2905 1158 2877 980 2894 835 2810"/></Shape>
	    <String CONTENT="נשא יעקב את עיניו וראה אתעשו שהוא"
                    HPOS="824.0"
                    VPOS="2760.0"
                    WIDTH="1582.0"
                    HEIGHT="145.0"></String>
          </TextLine>

          
          
          <TextLine ID="eSc_line_cee66ecc"
                    
                    BASELINE="869 2949 2418 2938" 
                    HPOS="863.0"
                    VPOS="2871.0"
                    WIDTH="1549.0"
                    HEIGHT="162.0">
            <Shape><Polygon POINTS="863 2944 930 2877 1498 2905 1604 2871 1638 2894 1827 2899 1872 2877 2067 2910 2334 2899 2412 2933 2356 3033 2128 3027 2078 3005 2033 3033 1916 3027 1894 3005 1777 3027 1493 3027 1459 3005 1086 3027 1053 2994 952 3011 885 2944"/></Shape>
	    <String CONTENT="בא מר חזק ותלה עיניו לשמים ובכה ובקש ר&#39;"
                    HPOS="863.0"
                    VPOS="2871.0"
                    WIDTH="1549.0"
                    HEIGHT="162.0"></String>
          </TextLine>

          
          
          <TextLine ID="eSc_line_5343f81b"
                    
                    BASELINE="819 3061 1209 3072 1337 3083 2340 3083 2440 3061" 
                    HPOS="813.0"
                    VPOS="2999.0"
                    WIDTH="1621.0"
                    HEIGHT="167.0">
            <Shape><Polygon POINTS="813 3055 1008 3027 1036 2999 1080 3033 1348 3033 1454 3005 1532 3027 1888 3005 2033 3033 2078 2999 2111 3027 2295 3022 2434 3055 2345 3155 1883 3161 1732 3139 1398 3161 1342 3133 1298 3161 1131 3166 1008 3144 963 3161 858 3061 819 3061"/></Shape>
	    <String CONTENT="רחמים לפני הק&#39;ב&#39;ה ושמע הקב&#39;ה&#39; את תפילתו"
                    HPOS="813.0"
                    VPOS="2999.0"
                    WIDTH="1621.0"
                    HEIGHT="167.0"></String>
          </TextLine>

          
          
          <TextLine ID="eSc_line_46d96c4b"
                    
                    BASELINE="869 3205 1303 3205 1493 3217 2445 3227" 
                    HPOS="863.0"
                    VPOS="3127.0"
                    WIDTH="1577.0"
                    HEIGHT="167.0">
            <Shape><Polygon POINTS="863 3200 913 3150 1186 3166 1314 3155 1348 3127 1459 3166 2345 3155 2440 3222 2362 3278 2250 3278 2223 3256 2100 3289 1805 3283 1693 3261 1649 3289 1526 3294 1348 3272 947 3283 869 3222"/></Shape>
	    <String CONTENT="והבטיחן שהוא מושיען מכל צרתם בזכותו"
                    HPOS="863.0"
                    VPOS="3127.0"
                    WIDTH="1577.0"
                    HEIGHT="167.0"></String>
          </TextLine>

          
          
          <TextLine ID="eSc_line_4c5bbb94"
                    
                    BASELINE="819 3328 1342 3339 1760 3333 1827 3322 2395 3328" 
                    HPOS="813.0"
                    VPOS="3261.0"
                    WIDTH="1577.0"
                    HEIGHT="184.0">
            <Shape><Polygon POINTS="813 3322 880 3317 913 3283 1537 3289 1704 3267 1727 3289 2000 3289 2217 3261 2345 3278 2390 3322 2334 3384 1944 3406 1905 3434 1866 3400 1760 3434 1732 3406 1626 3406 1599 3384 1487 3384 1454 3411 1359 3384 1242 3422 1147 3417 1114 3445 1064 3395 1030 3422 941 3422 858 3333 819 3350"/></Shape>
	    <String CONTENT="של יעקב שנ&#39; יענן ייי ביום צרה ישגבך שם"
                    HPOS="813.0"
                    VPOS="3261.0"
                    WIDTH="1577.0"
                    HEIGHT="184.0"></String>
          </TextLine>

          
          
          <TextLine ID="eSc_line_365f0b42"
                    
                    BASELINE="1255 3461 1834 3472 2403 3466" 
                    HPOS="1253.0"
                    VPOS="3384.0"
                    WIDTH="1148.0"
                    HEIGHT="161.0">
            <Shape><Polygon POINTS="1253 3456 1264 3406 1365 3389 1448 3428 1482 3395 1560 3411 1599 3389 1788 3461 1827 3434 1883 3456 1955 3400 2267 3406 2345 3384 2401 3461 2384 3506 2328 3539 2256 3539 2217 3506 2022 3534 1950 3500 1933 3517 1899 3484 1833 3534 1777 3489 1682 3545 1487 3539 1443 3495 1398 3539 1309 3500 1259 3523"/></Shape>
	    <String CONTENT="אקי יעקב ˙ פרשת עו&#39; ˙"
                    HPOS="1253.0"
                    VPOS="3384.0"
                    WIDTH="1148.0"
                    HEIGHT="161.0"></String>
          </TextLine>

          
          
          <TextLine ID="eSc_line_700094ab"
                    
                    BASELINE="858 3584 2312 3584" 
                    HPOS="852.0"
                    VPOS="3495.0"
                    WIDTH="1454.0"
                    HEIGHT="178.0">
            <Shape><Polygon POINTS="852 3578 924 3506 1053 3539 1404 3539 1448 3495 1493 3539 2223 3523 2295 3551 2306 3578 2250 3651 2022 3651 1989 3673 1654 3673 1610 3640 1571 3673 1381 3673 1359 3651 1236 3673 952 3662 863 3578"/></Shape>
	    <String CONTENT="ויידא יעקב מאד ויצר לו ר&#39; פנחס בשם ר&#39;]"
                    HPOS="852.0"
                    VPOS="3495.0"
                    WIDTH="1454.0"
                    HEIGHT="178.0"></String>
          </TextLine>

          
          
          <TextLine ID="eSc_line_d1765af6"
                    
                    BASELINE="846 3717 1381 3717 1509 3729 2072 3729 2211 3717 2406 3717" 
                    HPOS="841.0"
                    VPOS="3645.0"
                    WIDTH="1560.0"
                    HEIGHT="162.0">
            <Shape><Polygon POINTS="841 3712 947 3656 1236 3673 1353 3645 1381 3673 2328 3662 2401 3712 2317 3795 2089 3801 2000 3768 1922 3801 1493 3807 941 3790 846 3712"/></Shape>
	    <String CONTENT="אייבו שני בני אדם הבטיחן הקב&#39;ה&#39; ונתייראו"
                    HPOS="841.0"
                    VPOS="3645.0"
                    WIDTH="1560.0"
                    HEIGHT="162.0"></String>
          </TextLine>

          
          
          <TextLine ID="eSc_line_3249ae74"
                    
                    BASELINE="819 3840 1470 3851 1537 3862 2301 3862 2418 3840" 
                    HPOS="813.0"
                    VPOS="3768.0"
                    WIDTH="1599.0"
                    HEIGHT="172.0">
            <Shape><Polygon POINTS="813 3834 874 3829 913 3790 1838 3812 1972 3801 2011 3768 2078 3801 2328 3795 2412 3834 2345 3935 2133 3912 1777 3940 1164 3929 1136 3901 1092 3929 975 3923 869 3840"/></Shape>
	    <String CONTENT="הבחור שאבית והבחור שבנכיאים הבחור"
                    HPOS="813.0"
                    VPOS="3768.0"
                    WIDTH="1599.0"
                    HEIGHT="172.0"></String>
          </TextLine>

          
          
          <TextLine ID="eSc_line_2954c183"
                    
                    BASELINE="830 3985 1225 3985 1314 4001 1381 3990 2390 3996" 
                    HPOS="824.0"
                    VPOS="3901.0"
                    WIDTH="1560.0"
                    HEIGHT="178.0">
            <Shape><Polygon POINTS="824 3979 936 3901 963 3929 1092 3935 1142 3907 1170 3935 1415 3946 1621 3923 1699 3946 2273 3935 2334 3940 2384 3990 2306 4063 2145 4046 2122 4068 1894 4051 1838 4079 1381 4079 1192 4051 1108 4068 1080 4040 1030 4068 991 4040 919 4040 835 3979"/></Shape>
	    <String CONTENT="שבאבות זה יעקב שנ&#39; כי יעהב בהר לו יק&#39; ˙ וא&#39;]"
                    HPOS="824.0"
                    VPOS="3901.0"
                    WIDTH="1560.0"
                    HEIGHT="178.0"></String>
          </TextLine>

          
          
          <TextLine ID="eSc_line_7e0f7426"
                    
                    BASELINE="819 4118 1504 4118 1560 4135 1621 4124 1944 4129 2016 4118 2395 4107" 
                    HPOS="813.0"
                    VPOS="4051.0"
                    WIDTH="1577.0"
                    HEIGHT="156.0">
            <Shape><Polygon POINTS="813 4113 902 4051 1487 4079 1933 4079 1966 4057 2111 4079 2211 4051 2328 4063 2390 4102 2345 4191 2217 4179 2044 4207 1498 4207 1443 4202 1404 4163 1370 4196 1053 4196 958 4174 908 4196 824 4113"/></Shape>
	    <String CONTENT="ואמ&#39; לו הקב&#39;ה&#39; אנבי אהיה עמך ובסוף נתיירא"
                    HPOS="813.0"
                    VPOS="4051.0"
                    WIDTH="1577.0"
                    HEIGHT="156.0"></String>
          </TextLine>

          
          
          <TextLine ID="eSc_line_c0e0bd19"
                    
                    BASELINE="841 4241 1080 4235 1404 4252 2423 4252" 
                    HPOS="835.0"
                    VPOS="4168.0"
                    WIDTH="1583.0"
                    HEIGHT="167.0">
            <Shape><Polygon POINTS="835 4235 891 4230 941 4179 1359 4207 1409 4168 1448 4207 2239 4179 2345 4196 2418 4246 2384 4246 2312 4319 2256 4324 2150 4307 1615 4330 1576 4302 1548 4324 1437 4302 1409 4330 1080 4335 941 4324 841 4235"/></Shape>
	    <String CONTENT="שנ&#39; ויירא יעקב מאד ויצר לו ˙ והבחור"
                    HPOS="835.0"
                    VPOS="4168.0"
                    WIDTH="1583.0"
                    HEIGHT="167.0"></String>
          </TextLine>

          
          
          <TextLine ID="eSc_line_4fcd2769"
                    
                    BASELINE="819 4374 2384 4363" 
                    HPOS="813.0"
                    VPOS="4302.0"
                    WIDTH="1566.0"
                    HEIGHT="161.0">
            <Shape><Polygon POINTS="813 4369 897 4302 1192 4335 1404 4335 1443 4302 1537 4330 1571 4307 1610 4330 2317 4324 2379 4358 2317 4452 2156 4452 2122 4424 2083 4452 1933 4430 1905 4452 1587 4463 919 4452 835 4369"/></Shape>
	    <String CONTENT="שבנביאים זה משה שנ&#39; לולי משה בחידו ו"
                    HPOS="813.0"
                    VPOS="4302.0"
                    WIDTH="1566.0"
                    HEIGHT="161.0"></String>
          </TextLine>

          
          
          <TextLine ID="eSc_line_0ea47144"
                    
                    BASELINE="796 4497 2172 4508 2412 4491" 
                    HPOS="791.0"
                    VPOS="4419.0"
                    WIDTH="1615.0"
                    HEIGHT="178.0">
            <Shape><Polygon POINTS="791 4491 880 4452 1905 4463 1944 4430 2094 4447 2133 4419 2161 4447 2328 4447 2406 4486 2390 4536 2345 4563 2005 4580 1938 4552 1872 4586 1827 4569 1571 4597 1459 4597 1443 4575 874 4586 796 4508"/></Shape>
	    <String CONTENT="ואמ&#39; לו הקב&#39;ה כי אהיה עמך וגו&#39; ובסוף נתיירא"
                    HPOS="791.0"
                    VPOS="4419.0"
                    WIDTH="1615.0"
                    HEIGHT="178.0"></String>
          </TextLine>

          
          
          <TextLine ID="eSc_line_dabbad78"
                    
                    BASELINE="819 4641 2145 4641 2395 4619" 
                    HPOS="813.0"
                    VPOS="4558.0"
                    WIDTH="1577.0"
                    HEIGHT="167.0">
            <Shape><Polygon POINTS="813 4636 885 4586 1860 4591 1944 4558 1989 4586 2328 4569 2390 4614 2373 4675 2323 4708 2100 4686 2033 4703 1977 4680 1938 4714 1710 4719 1643 4686 1593 4714 1448 4714 1409 4680 1370 4719 1320 4686 1270 4725 975 4703 930 4725 835 4636"/></Shape>
	    <String CONTENT="ר&#39; ברביה ר&#39; חלבו בשם ר&#39; שמוא&#39; ברנחמן ראויין"
                    HPOS="813.0"
                    VPOS="4558.0"
                    WIDTH="1577.0"
                    HEIGHT="167.0"></String>
          </TextLine>

          
          
          <TextLine ID="eSc_line_ab6130d0"
                    
                    BASELINE="813 4769 1738 4769 1816 4781 1883 4764 2418 4753" 
                    HPOS="807.0"
                    VPOS="4675.0"
                    WIDTH="1605.0"
                    HEIGHT="183.0">
            <Shape><Polygon POINTS="807 4764 891 4697 924 4725 1281 4725 1326 4691 1370 4725 1409 4686 1443 4719 1821 4719 1944 4708 1977 4675 2033 4703 2089 4680 2133 4703 2328 4703 2412 4747 2351 4831 2317 4836 2223 4808 2128 4825 2089 4792 2050 4831 1955 4814 1827 4842 1743 4808 1704 4847 1287 4858 897 4836 824 4764"/></Shape>
	    <String CONTENT="היו ישר&#39; כלייה בימי המן אילולי שסמכה [דש&#39;]"
                    HPOS="807.0"
                    VPOS="4675.0"
                    WIDTH="1605.0"
                    HEIGHT="183.0"></String>
          </TextLine>

          
          
          <TextLine ID="eSc_line_f62a1f54"
                    
                    BASELINE="824 4909 1114 4909 1197 4897 1810 4897 1961 4892 2028 4881 2395 4886" 
                    HPOS="819.0"
                    VPOS="4792.0"
                    WIDTH="1571.0"
                    HEIGHT="189.0">
            <Shape><Polygon POINTS="819 4903 902 4836 963 4858 1638 4847 1699 4842 1743 4803 1771 4831 1905 4842 2044 4831 2083 4792 2133 4836 2340 4836 2390 4881 2334 4959 2172 4970 1916 4970 1883 4948 1749 4970 1621 4953 1565 4975 885 4981 824 4920"/></Shape>
	    <String CONTENT="דעתן לדעתו של זקן אמרו מה אם אבינו [יש&#39;]"
                    HPOS="819.0"
                    VPOS="4792.0"
                    WIDTH="1571.0"
                    HEIGHT="189.0"></String>
          </TextLine>

          
          
          <TextLine ID="eSc_line_6be6cbdf"
                    
                    BASELINE="796 5020 1114 5042 1593 5042 2379 5009" 
                    HPOS="791.0"
                    VPOS="4959.0"
                    WIDTH="1582.0"
                    HEIGHT="178.0">
            <Shape><Polygon POINTS="791 5014 802 4992 930 4981 986 5003 1175 4998 1209 4975 1359 4992 1415 4970 1509 4992 1560 4964 1799 4986 1833 4959 1899 4981 2262 4964 2356 4975 2373 5003 2362 5059 2284 5081 2117 5070 2044 5109 1905 5103 1888 5126 1799 5092 1760 5126 1437 5131 1381 5098 1326 5137 1236 5092 1209 5120 1164 5109 1080 5137 980 5092 802 5087"/></Shape>
	    <String CONTENT="יעקב שהבטיחו [הקב&#39;ה נתיירא על אחת כמה‏"
                    HPOS="791.0"
                    VPOS="4959.0"
                    WIDTH="1582.0"
                    HEIGHT="178.0"></String>
          </TextLine>

          
        </TextBlock>
        

        
      </PrintSpace>
    </Page>
  </Layout>
</alto>
