<?xml version="1.0" encoding="UTF-8"?>
<alto xmlns:xsi="http://www.w3.org/2001/XMLSchema-instance"
      xmlns="http://www.loc.gov/standards/alto/ns-v4#"
      xsi:schemaLocation="http://www.loc.gov/standards/alto/ns-v4# http://www.loc.gov/standards/alto/v4/alto-4-2.xsd">
  <Description>
    <MeasurementUnit>pixel</MeasurementUnit>
    <sourceImageInformation>
      <fileName>add_ms_16406_f041r.jpg</fileName>
      
    </sourceImageInformation>
  </Description>
  
  <Tags>
    <OtherTag ID="BT1" LABEL="Title" DESCRIPTION="block type Title"/><OtherTag ID="BT2" LABEL="Main" DESCRIPTION="block type Main"/><OtherTag ID="BT3" LABEL="Commentary" DESCRIPTION="block type Commentary"/><OtherTag ID="BT4" LABEL="Illustration" DESCRIPTION="block type Illustration"/><OtherTag ID="BT224" LABEL="Hole" DESCRIPTION="block type Hole"/><OtherTag ID="BT225" LABEL="Margin" DESCRIPTION="block type Margin"/><OtherTag ID="BT226" LABEL="Paratext" DESCRIPTION="block type Paratext"/>
    <OtherTag ID="LT2" LABEL="Numbering" DESCRIPTION="line type Numbering"/><OtherTag ID="LT3" LABEL="Correction" DESCRIPTION="line type Correction"/><OtherTag ID="LT329" LABEL="Gloss" DESCRIPTION="line type Gloss"/>
  </Tags>
  
  <Layout>
    <Page WIDTH="4648"
          HEIGHT="6445"
          PHYSICAL_IMG_NR="79"
          ID="eSc_dummypage_">
      <PrintSpace HPOS="0"
                  VPOS="0"
                  WIDTH="4648"
                  HEIGHT="6445">
        
        <TextBlock HPOS="2660.0"
                   VPOS="613.0"
                   WIDTH="1483.0"
                   HEIGHT="4449.0"
                   ID="eSc_textblock_e3e21e06"
                   TAGREFS="BT2">
          <Shape><Polygon POINTS="4143 613 4143 5062 2660 5062 2660 613"/></Shape>
          
          
          <TextLine ID="eSc_line_b2584508"
                    
                    BASELINE="2638 703 2788 692 3143 692 3546 708 4013 714 4169 725" 
                    HPOS="2632.0"
                    VPOS="633.0"
                    WIDTH="1532.0"
                    HEIGHT="156.0">
            <Shape><Polygon POINTS="2632 698 2638 660 2831 633 3057 633 3089 655 3170 633 3250 671 3288 649 3358 671 3422 639 3514 676 3605 676 3637 649 3841 676 3868 649 3954 649 4040 682 4148 682 4164 719 4148 762 4030 789 3858 789 3836 768 3761 784 3734 757 3707 784 3621 762 3519 778 3503 757 3234 778 3164 746 2864 773 2638 741"/></Shape>
	    <String CONTENT="בעל שתו קורות כמין טבריה לסוסתיה ‏"
                    HPOS="2632.0"
                    VPOS="633.0"
                    WIDTH="1532.0"
                    HEIGHT="156.0"></String>
          </TextLine>

          
          
          <TextLine ID="eSc_line_4a9726c9"
                    
                    BASELINE="2595 821 3014 821 3073 832 3256 837 3320 848 3847 843 4137 853" 
                    HPOS="2589.0"
                    VPOS="746.0"
                    WIDTH="1543.0"
                    HEIGHT="193.0">
            <Shape><Polygon POINTS="2589 816 2643 805 2686 762 3100 784 3143 746 3181 784 3347 800 3557 778 3858 805 3944 789 4089 810 4132 848 4094 939 4030 907 3976 939 3723 902 3530 907 3503 880 3444 918 3379 891 3170 918 2982 896 2944 853 2885 913 2821 880 2751 880 2702 913 2595 816"/></Shape>
	    <String CONTENT="והמים גברו מאד מאד על הארץ ויכופו"
                    HPOS="2589.0"
                    VPOS="746.0"
                    WIDTH="1543.0"
                    HEIGHT="193.0"></String>
          </TextLine>

          
          
          <TextLine ID="eSc_line_d36a6ffd"
                    
                    BASELINE="2616 961 2992 961 3121 966 3175 977 3428 972 3745 977 3970 998 4132 998" 
                    HPOS="2611.0"
                    VPOS="864.0"
                    WIDTH="1515.0"
                    HEIGHT="204.0">
            <Shape><Polygon POINTS="2611 956 2670 891 2724 913 2772 880 2890 918 2950 864 2982 896 3164 918 3331 913 3374 886 3433 918 3723 913 3954 945 4030 913 4062 945 4110 939 4126 993 4089 1068 3884 1068 3852 1036 3799 1063 3465 1047 3363 1004 3288 1036 2982 1036 2950 1015 2901 1036 2858 1020 2821 1041 2654 1041 2616 1004"/></Shape>
	    <String CONTENT="כל ההרים הגבוהים ˙ ר&#39; יונתן נפק למעליא"
                    HPOS="2611.0"
                    VPOS="864.0"
                    WIDTH="1515.0"
                    HEIGHT="204.0"></String>
          </TextLine>

          
          
          <TextLine ID="eSc_line_3b5e6623"
                    
                    BASELINE="2643 1084 3116 1079 3299 1106 3718 1101 3879 1117 4169 1117" 
                    HPOS="2638.0"
                    VPOS="1015.0"
                    WIDTH="1526.0"
                    HEIGHT="188.0">
            <Shape><Polygon POINTS="2638 1079 2751 1025 2853 1036 2950 1015 2998 1041 3207 1041 3234 1020 3756 1058 3836 1031 3874 1068 4099 1068 4164 1111 4148 1170 4083 1203 3729 1170 3627 1186 3589 1160 3530 1181 3492 1149 3395 1181 3347 1133 3288 1170 3116 1170 3009 1154 2976 1127 2944 1160 2864 1154 2788 1117 2751 1149 2681 1079"/></Shape>
	    <String CONTENT="בירושלם עבד בהדין פלאנים חמתיה"
                    HPOS="2638.0"
                    VPOS="1015.0"
                    WIDTH="1526.0"
                    HEIGHT="188.0"></String>
          </TextLine>

          
          
          <TextLine ID="eSc_line_85ed9449"
                    
                    BASELINE="2643 1208 3062 1208 3175 1224 3234 1224 3299 1240 3353 1229 3653 1229 3766 1229 3820 1240 3976 1246 4148 1235" 
                    HPOS="2638.0"
                    VPOS="1117.0"
                    WIDTH="1504.0"
                    HEIGHT="204.0">
            <Shape><Polygon POINTS="2638 1203 2708 1117 2751 1154 2788 1117 2826 1154 2923 1165 2976 1127 3009 1160 3283 1176 3347 1133 3395 1181 3492 1149 3524 1181 3589 1165 3691 1192 4056 1192 4142 1229 4083 1321 4056 1294 4003 1310 3981 1289 3938 1321 3841 1321 3799 1278 3739 1305 3696 1272 3664 1305 3610 1278 3578 1310 3487 1283 3272 1310 3197 1262 3127 1299 3035 1267 2998 1278 2955 1235 2901 1289 2831 1289 2778 1240 2702 1278 2643 1219"/></Shape>
	    <String CONTENT="חד שמריי ˙ אמ&#39; ליה להן את אזל אמ&#39;"
                    HPOS="2638.0"
                    VPOS="1117.0"
                    WIDTH="1504.0"
                    HEIGHT="204.0"></String>
          </TextLine>

          
          
          <TextLine ID="eSc_line_03248d6e"
                    
                    BASELINE="2595 1353 2697 1337 3041 1337 3245 1353 3299 1369 3353 1358 3718 1358 3863 1374 4148 1391" 
                    HPOS="2589.0"
                    VPOS="1240.0"
                    WIDTH="1553.0"
                    HEIGHT="226.0">
            <Shape><Polygon POINTS="2589 1348 2654 1331 2778 1240 2826 1289 2923 1305 2966 1278 2998 1299 3030 1267 3159 1299 3207 1262 3277 1305 3385 1289 3584 1310 3627 1272 3707 1321 3804 1278 3852 1326 3992 1337 4056 1294 4142 1385 4094 1439 4019 1434 3954 1466 3911 1423 3874 1455 3605 1412 3514 1439 3395 1407 2869 1428 2804 1385 2740 1428 2692 1428 2616 1348"/></Shape>
	    <String CONTENT="ליסוק למיצליא בירושלם אמ&#39; ליה ולא"
                    HPOS="2589.0"
                    VPOS="1240.0"
                    WIDTH="1553.0"
                    HEIGHT="226.0"></String>
          </TextLine>

          
          
          <TextLine ID="eSc_line_c5e1106f"
                    
                    BASELINE="2616 1482 2804 1482 2928 1493 3524 1487 3589 1498 3793 1503 3847 1514 4148 1514" 
                    HPOS="2611.0"
                    VPOS="1385.0"
                    WIDTH="1531.0"
                    HEIGHT="210.0">
            <Shape><Polygon POINTS="2611 1476 2670 1466 2799 1385 2858 1428 3084 1407 3406 1412 3551 1439 3659 1417 3718 1450 3841 1439 3874 1460 3917 1423 3965 1466 4019 1439 4056 1450 4142 1509 4126 1562 4035 1595 3632 1557 3524 1568 3476 1519 3433 1557 3390 1519 3358 1546 3229 1525 3186 1552 3164 1530 3084 1546 3052 1514 2960 1557 2912 1525 2885 1552 2702 1557 2622 1476"/></Shape>
	    <String CONTENT="טב לך מצלי בהדין טוריא בריכה ולא"
                    HPOS="2611.0"
                    VPOS="1385.0"
                    WIDTH="1531.0"
                    HEIGHT="210.0"></String>
          </TextLine>

          
          
          <TextLine ID="eSc_line_49b9675a"
                    
                    BASELINE="2670 1611 2890 1611 2966 1621 3455 1616 3696 1632 3756 1643 4148 1643" 
                    HPOS="2665.0"
                    VPOS="1519.0"
                    WIDTH="1477.0"
                    HEIGHT="205.0">
            <Shape><Polygon POINTS="2665 1605 2713 1557 2960 1562 3035 1519 3095 1552 3143 1530 3186 1562 3326 1562 3390 1530 3428 1568 3476 1525 3524 1573 3938 1579 4073 1600 4142 1638 4073 1724 3954 1724 3621 1707 3578 1681 3530 1697 3487 1654 3444 1697 3315 1691 3288 1664 3256 1691 3105 1664 2966 1681 2939 1654 2858 1686 2783 1654 2740 1686 2670 1621"/></Shape>
	    <String CONTENT="בההוא ביתא קילקלתא אמ&#39; ליה למה"
                    HPOS="2665.0"
                    VPOS="1519.0"
                    WIDTH="1477.0"
                    HEIGHT="205.0"></String>
          </TextLine>

          
          
          <TextLine ID="eSc_line_1f337bf0"
                    
                    BASELINE="2616 1729 2917 1740 2987 1750 3546 1745 3804 1772 4153 1783" 
                    HPOS="2611.0"
                    VPOS="1654.0"
                    WIDTH="1537.0"
                    HEIGHT="193.0">
            <Shape><Polygon POINTS="2611 1724 2654 1718 2702 1670 2874 1691 2944 1659 2960 1681 3250 1691 3293 1659 3315 1686 3438 1702 3492 1654 3530 1697 3578 1681 3664 1713 4046 1724 4148 1777 4067 1842 3836 1847 3804 1820 3761 1842 3734 1815 3637 1826 3562 1793 3422 1826 3326 1772 3261 1815 3057 1815 2955 1788 2718 1815 2638 1734 2616 1740"/></Shape>
	    <String CONTENT="הוא בריך ˙ אמ&#39; ליה דלא טף במיא [דמ&#39;]"
                    HPOS="2611.0"
                    VPOS="1654.0"
                    WIDTH="1537.0"
                    HEIGHT="193.0"></String>
          </TextLine>

          
          
          <TextLine ID="eSc_line_5d014f40"
                    
                    BASELINE="2638 1842 2858 1863 3148 1869 3213 1879 3637 1874 3976 1901 4035 1895 4126 1912" 
                    HPOS="2632.0"
                    VPOS="1772.0"
                    WIDTH="1489.0"
                    HEIGHT="204.0">
            <Shape><Polygon POINTS="2632 1836 2708 1842 2788 1804 2890 1815 2939 1788 3014 1815 3240 1820 3326 1772 3395 1820 3492 1826 3562 1799 3766 1842 3804 1820 3847 1858 3879 1836 4078 1842 4121 1906 4105 1976 4046 1938 4008 1971 3933 1971 3788 1960 3756 1928 3713 1960 3417 1928 3234 1949 3197 1912 3068 1944 2992 1895 2751 1949 2649 1842"/></Shape>
	    <String CONTENT="דמבולא נתעלמה הלכה מעיני ר&#39; יונתן"
                    HPOS="2632.0"
                    VPOS="1772.0"
                    WIDTH="1489.0"
                    HEIGHT="204.0"></String>
          </TextLine>

          
          
          <TextLine ID="eSc_line_135ac75f"
                    
                    BASELINE="2622 1971 2831 1987 3138 1981 3320 2008 3799 2008 3852 1997 3911 2014 4137 2019" 
                    HPOS="2616.0"
                    VPOS="1901.0"
                    WIDTH="1516.0"
                    HEIGHT="209.0">
            <Shape><Polygon POINTS="2616 1965 2697 1971 2729 1944 2992 1901 3089 1949 3197 1906 3250 1949 3417 1933 3718 1960 3756 1933 3782 1960 3901 1976 4008 1971 4046 1938 4132 2014 4067 2083 3884 2110 3750 2067 3718 2089 3584 2067 3546 2083 3492 2057 3272 2067 3191 2030 3148 2030 3089 2073 2767 2067 2649 1971"/></Shape>
	    <String CONTENT="לשעה ולא השיבו אמ&#39; ליה חמריה"
                    HPOS="2616.0"
                    VPOS="1901.0"
                    WIDTH="1516.0"
                    HEIGHT="209.0"></String>
          </TextLine>

          
          
          <TextLine ID="eSc_line_7815503c"
                    
                    BASELINE="2670 2116 2826 2110 3283 2137 3562 2132 3793 2148 3933 2148 3987 2164 4142 2137" 
                    HPOS="2665.0"
                    VPOS="2035.0"
                    WIDTH="1472.0"
                    HEIGHT="199.0">
            <Shape><Polygon POINTS="2665 2110 2724 2046 2772 2067 3111 2078 3154 2035 3197 2067 3245 2035 3288 2073 3632 2073 3927 2110 4046 2094 4137 2132 4121 2180 4073 2212 3981 2212 3954 2234 3567 2196 3503 2218 3465 2175 3422 2207 3353 2185 3299 2207 3175 2185 3068 2207 3041 2180 2928 2202 2901 2175 2864 2202 2815 2180 2745 2196 2670 2142"/></Shape>
	    <String CONTENT="תרשיני ואני משיבו אמ&#39; ליה איג מטו&#39;"
                    HPOS="2665.0"
                    VPOS="2035.0"
                    WIDTH="1472.0"
                    HEIGHT="199.0"></String>
          </TextLine>

          
          
          <TextLine ID="eSc_line_82f0aeb6"
                    
                    BASELINE="2595 2245 2767 2255 2821 2266 3465 2261 3777 2287 4110 2277" 
                    HPOS="2589.0"
                    VPOS="2169.0"
                    WIDTH="1516.0"
                    HEIGHT="199.0">
            <Shape><Polygon POINTS="2589 2239 2654 2239 2708 2185 2874 2196 2907 2169 2933 2196 3078 2207 3353 2196 3412 2218 3573 2202 4062 2228 4105 2271 4089 2368 3944 2363 3863 2325 3825 2352 3653 2357 3605 2330 3584 2352 3546 2330 3519 2357 3272 2330 3009 2341 2966 2304 2907 2336 2788 2309 2697 2347 2595 2245"/></Shape>
	    <String CONTENT="מטוריא ומיא הוא את עבוך ליה הא"
                    HPOS="2589.0"
                    VPOS="2169.0"
                    WIDTH="1516.0"
                    HEIGHT="199.0"></String>
          </TextLine>

          
          
          <TextLine ID="eSc_line_0cf01572"
                    TAGREFS="LT3"
                    BASELINE="2770 2348 2905 2348" 
                    HPOS="2770"
                    VPOS="2318"
                    WIDTH="135"
                    HEIGHT="60">
            <Shape><Polygon POINTS="2770 2318 2905 2318 2905 2378 2770 2378"/></Shape>
	    <String CONTENT="אא"
                    HPOS="2770"
                    VPOS="2318"
                    WIDTH="135"
                    HEIGHT="60"></String>
          </TextLine>

          
          
          <TextLine ID="eSc_line_edbda8fd"
                    
                    BASELINE="2735 2398 4125 2441" 
                    HPOS="2729.0"
                    VPOS="2325.0"
                    WIDTH="1392.0"
                    HEIGHT="177.0">
            <Shape><Polygon POINTS="2729 2395 2756 2336 2810 2363 3218 2330 3256 2352 3422 2336 3508 2357 3557 2325 3632 2363 4062 2363 4121 2438 4030 2502 3841 2475 3605 2492 3557 2454 3503 2486 3369 2454 3261 2481 3218 2443 3186 2475 3111 2481 3062 2438 3030 2470 2735 2481"/></Shape>
	    <String CONTENT="כתיב ויכוסו כל ההרים הגבוהים ואין"
                    HPOS="2729.0"
                    VPOS="2325.0"
                    WIDTH="1392.0"
                    HEIGHT="177.0"></String>
          </TextLine>

          
          
          <TextLine ID="eSc_line_4ece1c7d"
                    
                    BASELINE="2638 2513 3267 2535 3347 2545 4024 2540 4126 2556" 
                    HPOS="2632.0"
                    VPOS="2449.0"
                    WIDTH="1489.0"
                    HEIGHT="182.0">
            <Shape><Polygon POINTS="2632 2508 2681 2508 2708 2481 3030 2481 3062 2449 3105 2481 3170 2481 3224 2449 3250 2475 3369 2465 3481 2492 3557 2470 4089 2492 4121 2551 4089 2615 4008 2631 3804 2604 3524 2615 3487 2578 3390 2626 3293 2556 3245 2599 3148 2615 3100 2594 2928 2599 2896 2572 2847 2604 2815 2588 2724 2620 2638 2556"/></Shape>
	    <String CONTENT="מן מכוביא מאי עביד ליה לא אשגח"
                    HPOS="2632.0"
                    VPOS="2449.0"
                    WIDTH="1489.0"
                    HEIGHT="182.0"></String>
          </TextLine>

          
          
          <TextLine ID="eSc_line_87c1cd00"
                    
                    BASELINE="2681 2658 2928 2658 3159 2674 3927 2674 4137 2658" 
                    HPOS="2675.0"
                    VPOS="2561.0"
                    WIDTH="1457.0"
                    HEIGHT="188.0">
            <Shape><Polygon POINTS="2675 2653 2821 2588 3181 2610 3240 2604 3283 2561 3385 2620 3465 2594 3691 2626 3809 2604 4067 2620 4132 2653 4116 2728 4067 2723 4040 2749 3997 2728 3691 2739 3653 2717 3621 2739 3068 2733 3035 2701 2998 2728 2885 2701 2756 2733 2681 2663"/></Shape>
	    <String CONTENT="הריא ולא השיבה כלום מיד ירך לו []"
                    HPOS="2675.0"
                    VPOS="2561.0"
                    WIDTH="1457.0"
                    HEIGHT="188.0"></String>
          </TextLine>

          
          
          <TextLine ID="eSc_line_7f0cc03f"
                    
                    BASELINE="2616 2760 2713 2782 3293 2782 3358 2771 3417 2787 3535 2792 4126 2792" 
                    HPOS="2611.0"
                    VPOS="2706.0"
                    WIDTH="1510.0"
                    HEIGHT="178.0">
            <Shape><Polygon POINTS="2611 2755 2681 2765 2724 2723 2907 2733 2939 2706 2971 2739 3030 2717 3121 2744 3578 2744 3659 2723 4040 2749 4073 2723 4121 2787 4099 2857 4035 2835 4003 2862 3949 2846 3868 2884 3831 2846 3691 2868 3508 2841 3438 2868 3100 2862 3068 2835 2987 2857 2928 2835 2864 2857 2788 2819 2735 2846 2627 2760"/></Shape>
	    <String CONTENT="ר&#39; יונתן מעל החמור והרכיבו שלשה"
                    HPOS="2611.0"
                    VPOS="2706.0"
                    WIDTH="1510.0"
                    HEIGHT="178.0"></String>
          </TextLine>

          
          
          <TextLine ID="eSc_line_0df09118"
                    
                    BASELINE="2665 2884 2821 2884 2880 2900 3078 2900 3138 2910 3637 2910 3766 2900 3841 2916 3965 2916 4126 2889" 
                    HPOS="2659.0"
                    VPOS="2825.0"
                    WIDTH="1462.0"
                    HEIGHT="182.0">
            <Shape><Polygon POINTS="2659 2878 2702 2825 2724 2846 3068 2841 3138 2868 3487 2862 3508 2841 3750 2873 3831 2857 3868 2889 3960 2851 3981 2873 4105 2862 4121 2884 4099 2986 4073 3002 3954 2970 3917 3007 3680 2980 3637 2996 3616 2975 3353 2991 3304 2964 3261 2986 3009 2986 2987 2964 2842 2970 2810 2937 2729 2975 2665 2910"/></Shape>
	    <String CONTENT="מילין וקרא עליו שלשה מקראות"
                    HPOS="2659.0"
                    VPOS="2825.0"
                    WIDTH="1462.0"
                    HEIGHT="182.0"></String>
          </TextLine>

          
          
          <TextLine ID="eSc_line_75f44ee1"
                    
                    BASELINE="2681 3029 3009 3029 3132 3039 3911 3034 4148 3045" 
                    HPOS="2675.0"
                    VPOS="2953.0"
                    WIDTH="1467.0"
                    HEIGHT="178.0">
            <Shape><Polygon POINTS="2675 3023 2718 2975 2794 2953 2837 2975 3901 3002 3960 2970 4126 2996 4142 3039 4126 3093 4013 3125 3938 3125 3884 3093 3852 3125 3825 3104 3675 3131 3627 3098 3508 3120 3401 3093 3326 3120 3084 3109 3052 3088 2982 3109 2880 3098 2826 3125 2761 3061 2713 3066 2681 3034"/></Shape>
	    <String CONTENT="לא יהיה בך עקר ועקרה ובנהמתך"
                    HPOS="2675.0"
                    VPOS="2953.0"
                    WIDTH="1467.0"
                    HEIGHT="178.0"></String>
          </TextLine>

          
          
          <TextLine ID="eSc_line_53f8c9b6"
                    
                    BASELINE="2616 3179 2713 3163 4035 3168 4126 3147" 
                    HPOS="2611.0"
                    VPOS="3093.0"
                    WIDTH="1510.0"
                    HEIGHT="167.0">
            <Shape><Polygon POINTS="2611 3174 2708 3109 2847 3125 2880 3104 3019 3115 3041 3093 3213 3120 3369 3120 3401 3098 3519 3125 3610 3109 3675 3131 3852 3125 3884 3093 3922 3125 4056 3109 4121 3141 4062 3243 3981 3260 3283 3243 3234 3206 3159 3249 2890 3238 2864 3211 2697 3260 2616 3195"/></Shape>
	    <String CONTENT="יופי לו בבהמים שבכם ˙ כפלה הרימון"
                    HPOS="2611.0"
                    VPOS="3093.0"
                    WIDTH="1510.0"
                    HEIGHT="167.0"></String>
          </TextLine>

          
          
          <TextLine ID="eSc_line_de17f66b"
                    
                    BASELINE="2659 3286 2842 3286 2896 3297 4132 3297" 
                    HPOS="2654.0"
                    VPOS="3227.0"
                    WIDTH="1472.0"
                    HEIGHT="167.0">
            <Shape><Polygon POINTS="2654 3281 2735 3238 2869 3227 3524 3260 4073 3243 4126 3292 4078 3367 4040 3346 3922 3394 3879 3362 3815 3378 3772 3346 3734 3346 3691 3388 3605 3362 3573 3394 3487 3362 3401 3378 3347 3351 3234 3388 3143 3367 3111 3335 3068 3367 2966 3346 2907 3367 2794 3329 2735 3372 2659 3297"/></Shape>
	    <String CONTENT="רקתך הריקן שבכם רצוף השובות"
                    HPOS="2654.0"
                    VPOS="3227.0"
                    WIDTH="1472.0"
                    HEIGHT="167.0"></String>
          </TextLine>

          
          
          <TextLine ID="eSc_line_4b48b5be"
                    
                    BASELINE="2606 3399 2702 3431 2885 3421 4132 3421" 
                    HPOS="2600.0"
                    VPOS="3335.0"
                    WIDTH="1526.0"
                    HEIGHT="172.0">
            <Shape><Polygon POINTS="2600 3394 2638 3405 2697 3351 2718 3372 2928 3372 2960 3346 3046 3372 3105 3335 3138 3367 3229 3388 3438 3383 3481 3362 3573 3399 3610 3367 3696 3388 3739 3346 3911 3394 4110 3362 4126 3415 4105 3480 4024 3501 3981 3474 3858 3501 3825 3469 3788 3501 3503 3501 3471 3474 3299 3507 3234 3464 3164 3501 2960 3480 2858 3496 2831 3469 2783 3496 2729 3469 2686 3501 2606 3421"/></Shape>
	    <String CONTENT="כרימון [הה] כל כלי יוצר עליך לא יצלח"
                    HPOS="2600.0"
                    VPOS="3335.0"
                    WIDTH="1526.0"
                    HEIGHT="172.0"></String>
          </TextLine>

          
          
          <TextLine ID="eSc_line_c26aed67"
                    
                    BASELINE="2622 3544 4152 3563" 
                    HPOS="2616.0"
                    VPOS="3474.0"
                    WIDTH="1532.0"
                    HEIGHT="156.0">
            <Shape><Polygon POINTS="2616 3539 2659 3539 2729 3474 2756 3501 2831 3480 2874 3501 2955 3485 3057 3507 3170 3507 3207 3474 3283 3507 3793 3507 3825 3474 3863 3512 3895 3485 3917 3507 3981 3480 4008 3501 4067 3491 4148 3560 4013 3619 3465 3630 3422 3603 3401 3625 3272 3630 3213 3593 3164 3625 3035 3603 3009 3625 2885 3603 2718 3614 2622 3544"/></Shape>
	    <String CONTENT="ר&#39; וכל לשון תקום אתך למשפטר"
                    HPOS="2616.0"
                    VPOS="3474.0"
                    WIDTH="1532.0"
                    HEIGHT="156.0"></String>
          </TextLine>

          
          
          <TextLine ID="eSc_line_16ad30c4"
                    
                    BASELINE="2643 3652 2858 3668 3277 3673 3761 3673 3981 3668 4130 3665" 
                    HPOS="2638.0"
                    VPOS="3598.0"
                    WIDTH="1488.0"
                    HEIGHT="161.0">
            <Shape><Polygon POINTS="2638 3646 2745 3603 3003 3630 3030 3603 3175 3625 3234 3598 3277 3636 3347 3614 4046 3614 4126 3662 4078 3743 3825 3716 3782 3759 3648 3732 3567 3754 3535 3721 3508 3748 3438 3754 3229 3727 3100 3754 3003 3727 2885 3748 2837 3716 2713 3727 2643 3668"/></Shape>
	    <String CONTENT="חמש עשרה אמה מלמעלה גברו [ה&#39;]"
                    HPOS="2638.0"
                    VPOS="3598.0"
                    WIDTH="1488.0"
                    HEIGHT="161.0"></String>
          </TextLine>

          
          
          <TextLine ID="eSc_line_4be25b1b"
                    
                    BASELINE="2643 3786 3181 3786 3234 3797 3868 3797 3922 3781 3992 3791 4130 3800" 
                    HPOS="2638.0"
                    VPOS="3716.0"
                    WIDTH="1488.0"
                    HEIGHT="167.0">
            <Shape><Polygon POINTS="2638 3781 2713 3732 2966 3754 2998 3727 3121 3754 3218 3727 3245 3748 3455 3754 3541 3721 3573 3754 3632 3727 3788 3754 3836 3716 3938 3748 4073 3748 4126 3797 4110 3856 4073 3872 3874 3877 3788 3850 3653 3877 3627 3850 3600 3872 3347 3883 3170 3845 3121 3877 3041 3883 2971 3856 2735 3867 2643 3781"/></Shape>
	    <String CONTENT="המים ר&#39; יהוד&#39; ור&#39; נחמיה ר&#39; יהוד&#39; אומ&#39; [ח&#39;]"
                    HPOS="2638.0"
                    VPOS="3716.0"
                    WIDTH="1488.0"
                    HEIGHT="167.0"></String>
          </TextLine>

          
          
          <TextLine ID="eSc_line_36bb6bd4"
                    
                    BASELINE="2622 3920 3100 3915 3390 3931 4110 3931" 
                    HPOS="2616.0"
                    VPOS="3845.0"
                    WIDTH="1489.0"
                    HEIGHT="177.0">
            <Shape><Polygon POINTS="2616 3915 2702 3845 2761 3872 2960 3861 3030 3883 4062 3877 4105 3926 4062 4006 3927 3995 3777 4022 3643 3979 3573 4012 3487 3990 3444 4017 3347 3995 3283 4012 3197 3985 3159 4012 3089 3995 3030 4017 2923 4012 2885 3985 2837 4012 2751 4006 2622 3915"/></Shape>
	    <String CONTENT="חמש עשרה אמה בהר וחמש ער&#39;"
                    HPOS="2616.0"
                    VPOS="3845.0"
                    WIDTH="1489.0"
                    HEIGHT="177.0"></String>
          </TextLine>

          
          
          <TextLine ID="eSc_line_761db8fd"
                    
                    BASELINE="2622 4049 3288 4060 3342 4076 3401 4065 3702 4071 3761 4060 4132 4060" 
                    HPOS="2616.0"
                    VPOS="3995.0"
                    WIDTH="1510.0"
                    HEIGHT="162.0">
            <Shape><Polygon POINTS="2616 4044 2718 3995 3288 4022 3326 4001 3406 4022 3648 4001 3836 4022 3933 4001 4062 4006 4126 4054 4067 4135 3847 4157 3745 4114 3702 4146 3342 4146 3250 4108 3207 4140 3138 4108 3089 4146 3030 4114 2960 4151 2831 4119 2724 4135 2622 4049"/></Shape>
	    <String CONTENT="בבקעה ר&#39; נחמיה אומ&#39; חמש עשרה"
                    HPOS="2616.0"
                    VPOS="3995.0"
                    WIDTH="1510.0"
                    HEIGHT="162.0"></String>
          </TextLine>

          
          
          <TextLine ID="eSc_line_e4b87870"
                    
                    BASELINE="2595 4189 3148 4189 3213 4199 4123 4200" 
                    HPOS="2589.0"
                    VPOS="4108.0"
                    WIDTH="1532.0"
                    HEIGHT="177.0">
            <Shape><Polygon POINTS="2589 4183 2686 4119 3095 4151 3138 4114 3213 4151 3261 4114 3299 4146 3557 4151 3696 4146 3750 4108 3841 4151 4105 4140 4121 4199 4040 4269 3965 4242 3847 4275 3788 4275 3761 4248 3696 4275 3508 4285 3395 4259 3369 4285 3320 4285 3272 4264 3138 4275 3111 4253 3062 4280 2939 4280 2901 4259 2767 4264 2735 4232 2686 4280 2595 4189"/></Shape>
	    <String CONTENT="בהר אבל בבקעה אפילו כל שהן ˙ ויגוע"
                    HPOS="2589.0"
                    VPOS="4108.0"
                    WIDTH="1532.0"
                    HEIGHT="177.0"></String>
          </TextLine>

          
          
          <TextLine ID="eSc_line_42a99287"
                    
                    BASELINE="2632 4307 3326 4318 3438 4328 3503 4323 3573 4334 3648 4318 4123 4329" 
                    HPOS="2627.0"
                    VPOS="4237.0"
                    WIDTH="1494.0"
                    HEIGHT="172.0">
            <Shape><Polygon POINTS="2627 4302 2670 4302 2735 4237 2761 4264 2933 4285 3100 4264 3293 4269 3369 4296 3401 4264 3879 4280 3992 4248 4105 4280 4121 4328 4067 4382 3938 4404 3782 4377 3696 4409 3616 4404 3584 4366 3551 4398 3492 4382 3460 4409 3202 4387 3143 4409 2713 4393 2632 4312"/></Shape>
	    <String CONTENT="כל כשר הרומש על הארץ בעוף ובבה"
                    HPOS="2627.0"
                    VPOS="4237.0"
                    WIDTH="1494.0"
                    HEIGHT="172.0"></String>
          </TextLine>

          
          
          <TextLine ID="eSc_line_6fc07667"
                    
                    BASELINE="2670 4436 3766 4447 4126 4420" 
                    HPOS="2665.0"
                    VPOS="4371.0"
                    WIDTH="1456.0"
                    HEIGHT="161.0">
            <Shape><Polygon POINTS="2665 4430 2713 4387 3433 4409 3535 4404 3578 4371 3621 4404 3686 4409 3777 4377 3841 4398 4067 4387 4121 4414 4105 4484 4062 4516 3981 4522 3750 4516 3713 4479 3643 4527 3584 4500 3557 4522 3503 4500 3379 4522 3353 4495 3315 4527 3057 4506 2826 4532 2713 4522 2670 4479"/></Shape>
	    <String CONTENT="ובחיה וגו&#39; ˙ כלאשר נשמתרוח חיים"
                    HPOS="2665.0"
                    VPOS="4371.0"
                    WIDTH="1456.0"
                    HEIGHT="161.0"></String>
          </TextLine>

          
          
          <TextLine ID="eSc_line_8032cc31"
                    
                    BASELINE="2622 4570 4132 4570" 
                    HPOS="2616.0"
                    VPOS="4490.0"
                    WIDTH="1510.0"
                    HEIGHT="177.0">
            <Shape><Polygon POINTS="2616 4565 2686 4559 2735 4522 2842 4538 3062 4511 3143 4532 3659 4532 3718 4490 3756 4527 4056 4522 4126 4565 4062 4651 3922 4667 3745 4661 3696 4624 3659 4661 3224 4661 3052 4635 2955 4651 2933 4629 2896 4651 2799 4629 2724 4656 2627 4565"/></Shape>
	    <String CONTENT="באפיו וגו&#39; ר&#39; שמוא&#39; חתניה דר&#39; חייא"
                    HPOS="2616.0"
                    VPOS="4490.0"
                    WIDTH="1510.0"
                    HEIGHT="177.0"></String>
          </TextLine>

          
          
          <TextLine ID="eSc_line_2bf94f5a"
                    
                    BASELINE="2686 4699 4132 4699" 
                    HPOS="2681.0"
                    VPOS="4645.0"
                    WIDTH="1445.0"
                    HEIGHT="145.0">
            <Shape><Polygon POINTS="2681 4694 2718 4656 2987 4645 3750 4667 4073 4651 4126 4694 4116 4737 4062 4780 3992 4785 3777 4790 3637 4763 3530 4790 3492 4763 3428 4790 3331 4758 3277 4790 3116 4769 3025 4790 2874 4780 2837 4747 2729 4780 2692 4742"/></Shape>
	    <String CONTENT="חבר יהון דרבנין כאן הוא עוה"
                    HPOS="2681.0"
                    VPOS="4645.0"
                    WIDTH="1445.0"
                    HEIGHT="145.0"></String>
          </TextLine>

          
          
          <TextLine ID="eSc_line_44257987"
                    
                    BASELINE="2735 4836 4121 4851" 
                    HPOS="2729.0"
                    VPOS="4758.0"
                    WIDTH="1387.0"
                    HEIGHT="172.0">
            <Shape><Polygon POINTS="2729 4833 2735 4780 2794 4763 3299 4790 3336 4758 3369 4790 3584 4774 3616 4806 3653 4780 4062 4774 4099 4796 4116 4849 4056 4898 3906 4903 3884 4882 3841 4914 3772 4903 3734 4925 3353 4903 3250 4930 3202 4882 3127 4892 3105 4871 3073 4903 2885 4903 2831 4898 2794 4860 2735 4871"/></Shape>
	    <String CONTENT="נשמה נפש מניין ליתן את האמור"
                    HPOS="2729.0"
                    VPOS="4758.0"
                    WIDTH="1387.0"
                    HEIGHT="172.0"></String>
          </TextLine>

          
          
          <TextLine ID="eSc_line_6ac4e2f9"
                    
                    BASELINE="2713 4964 3474 4978 4127 4964" 
                    HPOS="2708.0"
                    VPOS="4887.0"
                    WIDTH="1418.0"
                    HEIGHT="166.0">
            <Shape><Polygon POINTS="2708 4962 2713 4903 2847 4914 2912 4887 3030 4887 3057 4914 3084 4887 3218 4887 3245 4914 3750 4914 3777 4887 3841 4914 3868 4887 3911 4908 3997 4887 4110 4908 4126 4962 4110 5053 4040 5021 3954 5043 3788 5021 3756 5053 3702 5027 3519 5053 3406 5053 3336 5021 3240 5053 3154 5053 3132 5032 3062 5053 2998 5021 2885 5053 2713 5032"/></Shape>
	    <String CONTENT="כאן להלן ואת האמור להלן ת&#39;ל&#39; חיים"
                    HPOS="2708.0"
                    VPOS="4887.0"
                    WIDTH="1418.0"
                    HEIGHT="166.0"></String>
          </TextLine>

          
        </TextBlock>
        
        <TextBlock HPOS="2274.0"
                   VPOS="751.0"
                   WIDTH="393.0"
                   HEIGHT="75.0"
                   ID="eSc_textblock_07237956"
                   TAGREFS="BT225">
          <Shape><Polygon POINTS="2274 751 2274 826 2667 826 2667 751"/></Shape>
          
          
          <TextLine ID="eSc_line_2ed3072c"
                    
                    BASELINE="2289 791 2668 783" 
                    HPOS="2288"
                    VPOS="753"
                    WIDTH="380"
                    HEIGHT="67">
            <Shape><Polygon POINTS="2288 761 2667 753 2668 812 2289 820"/></Shape>
	    <String CONTENT=""
                    HPOS="2288"
                    VPOS="753"
                    WIDTH="380"
                    HEIGHT="67"></String>
          </TextLine>

          
        </TextBlock>
        
        <TextBlock HPOS="839.0"
                   VPOS="592.0"
                   WIDTH="1497.0"
                   HEIGHT="4442.0"
                   ID="eSc_textblock_c0d88b36"
                   TAGREFS="BT2">
          <Shape><Polygon POINTS="2336 592 2336 5034 839 5034 839 592"/></Shape>
          
          
          <TextLine ID="eSc_line_2a094193"
                    
                    BASELINE="854 730 2376 701" 
                    HPOS="848.0"
                    VPOS="617.0"
                    WIDTH="1527.0"
                    HEIGHT="183.0">
            <Shape><Polygon POINTS="848 725 854 687 1332 682 1386 633 1515 628 1606 676 1665 644 1724 665 1800 623 1902 623 1939 660 2063 617 2176 660 2358 617 2375 698 2358 741 2315 741 2283 773 2213 741 2138 778 2084 757 2020 784 1929 762 1805 778 1778 751 1703 784 1622 784 1477 751 1445 778 1413 757 1364 794 951 800 913 762 854 762"/></Shape>
	    <String CONTENT="חיים לגזירה שוה ˙ מכל אשר בחרבה"
                    HPOS="848.0"
                    VPOS="617.0"
                    WIDTH="1527.0"
                    HEIGHT="183.0"></String>
          </TextLine>

          
          
          <TextLine ID="eSc_line_50b8cb26"
                    
                    BASELINE="887 892 2335 853" 
                    HPOS="886.0"
                    VPOS="768.0"
                    WIDTH="1446.0"
                    HEIGHT="188.0">
            <Shape><Polygon POINTS="886 891 891 821 924 810 1053 816 1123 789 1354 810 1391 773 1563 800 1875 800 1918 768 2052 794 2101 773 2143 794 2256 778 2332 848 2289 918 2203 891 2101 934 1977 907 1714 913 1671 886 1633 913 1574 891 1536 913 1488 880 1429 923 1375 891 1348 923 897 956"/></Shape>
	    <String CONTENT="מתן פרט לדגים ויש אומר&#39; אף הן מספיק"
                    HPOS="886.0"
                    VPOS="768.0"
                    WIDTH="1446.0"
                    HEIGHT="188.0"></String>
          </TextLine>

          
          
          <TextLine ID="eSc_line_7aa04e20"
                    
                    BASELINE="865 988 1252 982 1311 966 1493 977 2326 977" 
                    HPOS="859.0"
                    VPOS="880.0"
                    WIDTH="1462.0"
                    HEIGHT="194.0">
            <Shape><Polygon POINTS="859 982 940 945 1450 918 1488 880 1531 913 1569 891 1606 918 1660 891 1708 913 1757 891 1810 923 2063 929 2170 923 2203 891 2229 918 2299 923 2321 972 2262 1041 2197 1025 2106 1047 2074 1025 2041 1058 1859 1052 1810 1015 1757 1041 1574 1047 1472 1009 1423 1041 1294 1036 1235 1063 1053 1036 1015 1074 940 1063 865 988"/></Shape>
	    <String CONTENT="אלא שברחו [לאנדדו] לאוקייצוס ˙ וימח"
                    HPOS="859.0"
                    VPOS="880.0"
                    WIDTH="1462.0"
                    HEIGHT="194.0"></String>
          </TextLine>

          
          
          <TextLine ID="eSc_line_c2c106fa"
                    
                    BASELINE="908 1111 1294 1111 1472 1101 2353 1101" 
                    HPOS="902.0"
                    VPOS="1009.0"
                    WIDTH="1446.0"
                    HEIGHT="188.0">
            <Shape><Polygon POINTS="902 1106 951 1068 1020 1074 1058 1036 1123 1063 1332 1058 1423 1047 1472 1009 1536 1047 1816 1058 2036 1063 2079 1025 2111 1052 2229 1036 2348 1095 2278 1176 2197 1181 2117 1181 2079 1154 2020 1186 1810 1186 1762 1149 1676 1181 1612 1138 1520 1186 1477 1149 1407 1186 1015 1176 945 1197 913 1165"/></Shape>
	    <String CONTENT="את כל היקום אשר על פני האדמה"
                    HPOS="902.0"
                    VPOS="1009.0"
                    WIDTH="1446.0"
                    HEIGHT="188.0"></String>
          </TextLine>

          
          
          <TextLine ID="eSc_line_9b789518"
                    
                    BASELINE="908 1246 1423 1240 1504 1229 2326 1229" 
                    HPOS="902.0"
                    VPOS="1154.0"
                    WIDTH="1419.0"
                    HEIGHT="172.0">
            <Shape><Polygon POINTS="902 1240 988 1176 1020 1203 1407 1186 1472 1154 1509 1186 1671 1192 1762 1170 1843 1197 2074 1170 2294 1181 2321 1224 2283 1299 2235 1283 2133 1315 2058 1310 2025 1283 1950 1326 1762 1294 1724 1315 1692 1289 1601 1315 1558 1278 1509 1299 1461 1278 1407 1305 1031 1321 956 1294 908 1246"/></Shape>
	    <String CONTENT="וישאר אך נח ואשר ˙ ר&#39; הונא בשם ר&#39;]"
                    HPOS="902.0"
                    VPOS="1154.0"
                    WIDTH="1419.0"
                    HEIGHT="172.0"></String>
          </TextLine>

          
          
          <TextLine ID="eSc_line_d3a7de68"
                    
                    BASELINE="913 1374 1509 1374 1622 1358 2246 1364 2348 1342" 
                    HPOS="908.0"
                    VPOS="1283.0"
                    WIDTH="1434.0"
                    HEIGHT="183.0">
            <Shape><Polygon POINTS="908 1369 977 1315 1440 1294 1757 1294 1961 1321 2025 1289 2058 1315 2143 1315 2240 1283 2342 1337 2321 1401 2197 1439 2138 1417 2074 1450 1934 1444 1891 1417 1816 1455 1724 1417 1676 1444 1574 1434 1547 1455 1456 1428 1391 1455 1117 1444 972 1466 913 1407"/></Shape>
	    <String CONTENT="יוסי אך מיעוט אף הוא היה גונח דם"
                    HPOS="908.0"
                    VPOS="1283.0"
                    WIDTH="1434.0"
                    HEIGHT="183.0"></String>
          </TextLine>

          
          
          <TextLine ID="eSc_line_957d0065"
                    
                    BASELINE="1595 1498 2058 1498 2186 1487 2348 1498" 
                    HPOS="1590.0"
                    VPOS="1434.0"
                    WIDTH="752.0"
                    HEIGHT="182.0">
            <Shape><Polygon POINTS="1590 1493 1703 1482 1746 1439 1821 1455 2127 1434 2272 1444 2342 1493 2272 1584 2020 1573 1955 1616 1778 1557 1692 1493 1595 1498"/></Shape>
	    <String CONTENT="מפני הצינה ˙"
                    HPOS="1590.0"
                    VPOS="1434.0"
                    WIDTH="752.0"
                    HEIGHT="182.0"></String>
          </TextLine>

          
          
          <TextLine ID="eSc_line_6905a3c0"
                    
                    BASELINE="1225 1600 1337 1621 1826 1621 1918 1600" 
                    HPOS="1219.0"
                    VPOS="1450.0"
                    WIDTH="693.0"
                    HEIGHT="252.0">
            <Shape><Polygon POINTS="1219 1595 1225 1562 1252 1589 1278 1579 1407 1450 1531 1541 1644 1498 1708 1562 1805 1557 1912 1595 1896 1659 1826 1702 1380 1697 1332 1648 1289 1659 1225 1616"/></Shape>
	    <String CONTENT="פרשתא לג ˙"
                    HPOS="1219.0"
                    VPOS="1450.0"
                    WIDTH="693.0"
                    HEIGHT="252.0"></String>
          </TextLine>

          
          
          <TextLine ID="eSc_line_1bc19cdd"
                    
                    BASELINE="859 1750 2348 1750" 
                    HPOS="854.0"
                    VPOS="1643.0"
                    WIDTH="1488.0"
                    HEIGHT="188.0">
            <Shape><Polygon POINTS="854 1745 945 1675 1123 1702 1332 1654 1380 1702 1843 1707 1880 1670 1929 1691 1998 1643 2084 1707 2256 1686 2342 1745 2332 1799 2289 1820 2203 1799 2170 1831 1515 1809 934 1831 865 1761"/></Shape>
	    <String CONTENT="ויזכור אהים אתנח ואת כל החיה ואת"
                    HPOS="854.0"
                    VPOS="1643.0"
                    WIDTH="1488.0"
                    HEIGHT="188.0"></String>
          </TextLine>

          
          
          <TextLine ID="eSc_line_c94d5fc3"
                    
                    BASELINE="822 1879 2176 1879 2342 1863" 
                    HPOS="816.0"
                    VPOS="1793.0"
                    WIDTH="1521.0"
                    HEIGHT="194.0">
            <Shape><Polygon POINTS="816 1874 822 1826 859 1809 913 1831 1149 1826 1182 1804 1268 1826 1569 1809 1945 1831 2165 1826 2213 1793 2337 1858 2272 1944 2197 1928 2084 1954 1988 1933 1945 1954 1746 1954 1692 1922 1665 1949 1300 1954 1187 1949 1144 1912 1096 1954 1031 1928 908 1987 822 1917"/></Shape>
	    <String CONTENT="כל הבהמה אשר אתו בתי בה וגו&#39; צדקתך‏"
                    HPOS="816.0"
                    VPOS="1793.0"
                    WIDTH="1521.0"
                    HEIGHT="194.0"></String>
          </TextLine>

          
          
          <TextLine ID="eSc_line_e26eb2c3"
                    
                    BASELINE="859 2019 972 2003 2256 2008 2348 1976" 
                    HPOS="854.0"
                    VPOS="1933.0"
                    WIDTH="1488.0"
                    HEIGHT="150.0">
            <Shape><Polygon POINTS="854 2014 956 1954 1026 1944 1945 1960 1988 1933 2025 1954 2262 1944 2342 1971 2262 2073 2197 2078 2047 2046 2015 2078 1590 2078 1563 2051 1488 2083 1321 2062 1176 2078 1155 2057 956 2078 865 2014"/></Shape>
	    <String CONTENT="כהררי א&#39; ומשפטיך תהום רבה אדם"
                    HPOS="854.0"
                    VPOS="1933.0"
                    WIDTH="1488.0"
                    HEIGHT="150.0"></String>
          </TextLine>

          
          
          <TextLine ID="eSc_line_a0ea3a03"
                    
                    BASELINE="816 2142 972 2132 2181 2137 2337 2121" 
                    HPOS="811.0"
                    VPOS="2057.0"
                    WIDTH="1521.0"
                    HEIGHT="161.0">
            <Shape><Polygon POINTS="811 2137 902 2057 956 2083 1144 2062 1225 2083 1257 2062 1294 2083 1692 2067 1730 2089 1826 2067 2267 2073 2332 2116 2289 2191 2127 2212 1945 2212 1902 2191 1859 2218 1810 2185 1708 2218 1665 2180 1628 2207 1590 2169 1499 2212 1278 2218 1241 2185 1171 2207 1117 2169 1069 2218 951 2218 902 2212 827 2137"/></Shape>
	    <String CONTENT="ובהמה תושיע ייי ר&#39; ישמעא&#39; ור&#39; עקיבא"
                    HPOS="811.0"
                    VPOS="2057.0"
                    WIDTH="1521.0"
                    HEIGHT="161.0"></String>
          </TextLine>

          
          
          <TextLine ID="eSc_line_f2fad9f8"
                    
                    BASELINE="848 2261 2332 2261" 
                    HPOS="843.0"
                    VPOS="2175.0"
                    WIDTH="1483.0"
                    HEIGHT="188.0">
            <Shape><Polygon POINTS="843 2255 891 2250 929 2212 1063 2228 1123 2175 1171 2218 1278 2223 1880 2223 1912 2196 1955 2223 2192 2223 2278 2196 2326 2255 2315 2309 2283 2330 2219 2314 2165 2352 1977 2363 1902 2320 1859 2352 1800 2336 1751 2357 1703 2330 1574 2352 1526 2314 1456 2347 1219 2357 1090 2330 1069 2352 972 2357 875 2287 854 2298"/></Shape>
	    <String CONTENT="ר&#39; ישמעא&#39; אומ&#39; הצדיקים שקבלו את"
                    HPOS="843.0"
                    VPOS="2175.0"
                    WIDTH="1483.0"
                    HEIGHT="188.0"></String>
          </TextLine>

          
          
          <TextLine ID="eSc_line_f13b7d76"
                    
                    BASELINE="838 2406 1423 2400 1547 2416 2213 2416 2305 2395" 
                    HPOS="832.0"
                    VPOS="2309.0"
                    WIDTH="1467.0"
                    HEIGHT="183.0">
            <Shape><Polygon POINTS="832 2400 913 2336 967 2357 1380 2352 1445 2347 1483 2309 1542 2352 1655 2352 1687 2330 1724 2357 1810 2363 1896 2330 1939 2363 2240 2347 2283 2357 2299 2390 2283 2475 2170 2492 2127 2470 2047 2481 2025 2459 1998 2486 1655 2486 1558 2449 1515 2481 1466 2443 1359 2486 1235 2486 1198 2449 1160 2486 967 2486 843 2400"/></Shape>
	    <String CONTENT="התורה שנתנה מהרריא&#39; את עושה עמ&#39;"
                    HPOS="832.0"
                    VPOS="2309.0"
                    WIDTH="1467.0"
                    HEIGHT="183.0"></String>
          </TextLine>

          
          
          <TextLine ID="eSc_line_fca0ddc3"
                    
                    BASELINE="838 2535 2353 2535" 
                    HPOS="832.0"
                    VPOS="2454.0"
                    WIDTH="1516.0"
                    HEIGHT="166.0">
            <Shape><Polygon POINTS="832 2529 875 2524 918 2481 1166 2492 1203 2454 1241 2492 1370 2492 1397 2465 1783 2492 2267 2481 2348 2529 2208 2620 2149 2583 2106 2615 2025 2599 1950 2620 1902 2583 1864 2620 1714 2620 1687 2599 1407 2604 1375 2578 1343 2610 1278 2615 1166 2610 1144 2588 1106 2615 918 2615 843 2540"/></Shape>
	    <String CONTENT="עמהם צדקה עד כהררוא&#39; אבל רשעים"
                    HPOS="832.0"
                    VPOS="2454.0"
                    WIDTH="1516.0"
                    HEIGHT="166.0"></String>
          </TextLine>

          
          
          <TextLine ID="eSc_line_91cb3281"
                    
                    BASELINE="848 2658 951 2653 1182 2663 2326 2663" 
                    HPOS="843.0"
                    VPOS="2578.0"
                    WIDTH="1478.0"
                    HEIGHT="161.0">
            <Shape><Polygon POINTS="843 2653 945 2604 1681 2599 1730 2620 1859 2615 1902 2578 1939 2615 2095 2615 2143 2578 2186 2615 2267 2604 2321 2658 2278 2706 2208 2733 2154 2712 2127 2733 1998 2739 1445 2712 1241 2739 934 2717 870 2653"/></Shape>
	    <String CONTENT="שלא קבלו את התורה שנתנה מהרדו"
                    HPOS="843.0"
                    VPOS="2578.0"
                    WIDTH="1478.0"
                    HEIGHT="161.0"></String>
          </TextLine>

          
          
          <TextLine ID="eSc_line_843a7aac"
                    
                    BASELINE="859 2771 2343 2810" 
                    HPOS="854.0"
                    VPOS="2723.0"
                    WIDTH="1488.0"
                    HEIGHT="150.0">
            <Shape><Polygon POINTS="854 2765 945 2723 1235 2744 2181 2733 2240 2760 2283 2739 2342 2808 2299 2808 2240 2851 2197 2825 2160 2862 2127 2841 1993 2868 1923 2835 1869 2868 1816 2830 1773 2868 1730 2851 1676 2873 1595 2851 1407 2868 1359 2841 1144 2862 994 2857 972 2835 934 2862 859 2787"/></Shape>
	    <String CONTENT="א את מדקדק עמהם עד תהים רבה"
                    HPOS="854.0"
                    VPOS="2723.0"
                    WIDTH="1488.0"
                    HEIGHT="150.0"></String>
          </TextLine>

          
          
          <TextLine ID="eSc_line_bf0ed554"
                    
                    BASELINE="827 2889 924 2910 2343 2928" 
                    HPOS="822.0"
                    VPOS="2835.0"
                    WIDTH="1520.0"
                    HEIGHT="161.0">
            <Shape><Polygon POINTS="822 2884 886 2894 961 2841 1133 2868 1359 2857 1407 2878 1434 2857 1773 2873 1810 2835 1864 2862 2009 2868 2219 2862 2262 2841 2342 2927 2283 2980 2229 2959 2170 2996 1789 2986 1767 2964 1676 2991 1397 2970 1209 2986 1171 2959 1144 2986 951 2986 827 2889"/></Shape>
	    <String CONTENT="ר&#39; עקיבא אומ&#39; אחד אילו ואחד אילו מ&#39;"
                    HPOS="822.0"
                    VPOS="2835.0"
                    WIDTH="1520.0"
                    HEIGHT="161.0"></String>
          </TextLine>

          
          
          <TextLine ID="eSc_line_4082df5a"
                    
                    BASELINE="843 3039 2342 3039" 
                    HPOS="838.0"
                    VPOS="2980.0"
                    WIDTH="1499.0"
                    HEIGHT="151.0">
            <Shape><Polygon POINTS="838 3034 918 2986 2246 2980 2337 3034 2326 3115 2181 3098 2154 3125 2084 3104 2025 3125 1998 3098 1955 3125 1638 3125 1595 3093 1509 3120 1058 3104 1037 3125 977 3109 934 3131 848 3045"/></Shape>
	    <String CONTENT="מדקדק עמהם עד תהום רבה מדקדק"
                    HPOS="838.0"
                    VPOS="2980.0"
                    WIDTH="1499.0"
                    HEIGHT="151.0"></String>
          </TextLine>

          
          
          <TextLine ID="eSc_line_8da8080e"
                    
                    BASELINE="865 3158 2256 3168 2348 3147" 
                    HPOS="859.0"
                    VPOS="3109.0"
                    WIDTH="1483.0"
                    HEIGHT="145.0">
            <Shape><Polygon POINTS="859 3152 1053 3109 1649 3131 2267 3109 2342 3141 2224 3243 2004 3243 1977 3222 1918 3249 1606 3243 1585 3222 1536 3243 1504 3217 1450 3243 1321 3243 1230 3211 1192 3243 1144 3222 1112 3254 1047 3227 956 3249 865 3174"/></Shape>
	    <String CONTENT="עם הצדיקים מהם מיעוט מעשים"
                    HPOS="859.0"
                    VPOS="3109.0"
                    WIDTH="1483.0"
                    HEIGHT="145.0"></String>
          </TextLine>

          
          
          <TextLine ID="eSc_line_69d8e39c"
                    
                    BASELINE="806 3281 1085 3297 2346 3305" 
                    HPOS="800.0"
                    VPOS="3222.0"
                    WIDTH="1542.0"
                    HEIGHT="156.0">
            <Shape><Polygon POINTS="800 3276 891 3233 1085 3254 1144 3222 1235 3254 1536 3249 1569 3222 1902 3254 2256 3233 2342 3303 2272 3356 2224 3324 2176 3372 2084 3378 1993 3372 1966 3346 1923 3378 1848 3372 1800 3335 1671 3372 1617 3335 1563 3372 1112 3372 1080 3340 1042 3378 967 3378 929 3340 875 3378 806 3303"/></Shape>
	    <String CONTENT="רעים שעשו בעולם הזה כוי להשפיע"
                    HPOS="800.0"
                    VPOS="3222.0"
                    WIDTH="1542.0"
                    HEIGHT="156.0"></String>
          </TextLine>

          
          
          <TextLine ID="eSc_line_47f4d049"
                    
                    BASELINE="773 3410 940 3426 2325 3434" 
                    HPOS="768.0"
                    VPOS="3324.0"
                    WIDTH="1553.0"
                    HEIGHT="193.0">
            <Shape><Polygon POINTS="768 3405 854 3405 934 3335 972 3372 1063 3383 1096 3356 1123 3378 1569 3372 1617 3335 1660 3372 1767 3367 1805 3340 1837 3372 2176 3378 2235 3324 2310 3388 2321 3431 2305 3485 2278 3469 2149 3496 1859 3496 1800 3469 1762 3501 1703 3507 1558 3474 1526 3496 1440 3491 1407 3469 1370 3501 1133 3496 1085 3474 1004 3501 951 3485 891 3517 822 3448 773 3464"/></Shape>
	    <String CONTENT="להם שלוה ליתן להם שכר טוב לעולם"
                    HPOS="768.0"
                    VPOS="3324.0"
                    WIDTH="1553.0"
                    HEIGHT="193.0"></String>
          </TextLine>

          
          
          <TextLine ID="eSc_line_9191286a"
                    
                    BASELINE="870 3544 2315 3544" 
                    HPOS="865.0"
                    VPOS="3469.0"
                    WIDTH="1445.0"
                    HEIGHT="167.0">
            <Shape><Polygon POINTS="865 3539 945 3496 1380 3501 1418 3469 1461 3507 1531 3507 1558 3480 1697 3512 1800 3480 1869 3501 2246 3491 2310 3539 2289 3614 2235 3598 2203 3619 1966 3603 1923 3625 1708 3625 1628 3619 1585 3587 1558 3614 1493 3619 1370 3598 1209 3625 1015 3609 988 3636 875 3550"/></Shape>
	    <String CONTENT="הבא ומשפוע שלוה לרשעים וניתן"
                    HPOS="865.0"
                    VPOS="3469.0"
                    WIDTH="1445.0"
                    HEIGHT="167.0"></String>
          </TextLine>

          
          
          <TextLine ID="eSc_line_b178fe83"
                    
                    BASELINE="859 3662 2342 3652" 
                    HPOS="854.0"
                    VPOS="3587.0"
                    WIDTH="1483.0"
                    HEIGHT="161.0">
            <Shape><Polygon POINTS="854 3657 859 3630 886 3646 924 3614 1547 3619 1579 3587 1617 3614 1730 3625 2203 3619 2240 3598 2299 3646 2337 3646 2240 3738 1982 3748 1934 3705 1896 3738 1800 3743 1483 3743 1450 3711 1423 3738 1246 3743 1198 3695 1160 3732 1047 3738 1020 3716 956 3738 859 3657"/></Shape>
	    <String CONTENT="להם שכרמצוות קלות שעשו בעולם"
                    HPOS="854.0"
                    VPOS="3587.0"
                    WIDTH="1483.0"
                    HEIGHT="161.0"></String>
          </TextLine>

          
          
          <TextLine ID="eSc_line_2a9b1e06"
                    
                    BASELINE="843 3781 1171 3781 1294 3791 1966 3786 2326 3797" 
                    HPOS="838.0"
                    VPOS="3700.0"
                    WIDTH="1483.0"
                    HEIGHT="172.0">
            <Shape><Polygon POINTS="838 3775 924 3727 1128 3743 1198 3700 1241 3738 1418 3738 1450 3711 1483 3743 1681 3748 1902 3738 1934 3705 1972 3743 2262 3738 2321 3791 2208 3867 2165 3834 2079 3867 1988 3840 1896 3861 1859 3824 1810 3872 1676 3872 1493 3867 1445 3840 1402 3867 1294 3867 1246 3834 1128 3867 924 3867 843 3786"/></Shape>
	    <String CONTENT="הזה כדי להיפרע מהם לעתיד לבא אמ&#39;"
                    HPOS="838.0"
                    VPOS="3700.0"
                    WIDTH="1483.0"
                    HEIGHT="172.0"></String>
          </TextLine>

          
          
          <TextLine ID="eSc_line_e2c3cd83"
                    
                    BASELINE="795 3904 1031 3920 2310 3920" 
                    HPOS="789.0"
                    VPOS="3834.0"
                    WIDTH="1516.0"
                    HEIGHT="178.0">
            <Shape><Polygon POINTS="789 3899 870 3899 902 3867 1391 3872 1429 3850 1843 3883 1875 3850 2090 3867 2160 3834 2192 3867 2272 3845 2305 3915 2278 3995 1912 3995 1880 3974 1563 4001 1531 3969 1483 4001 1278 4001 1214 3969 1187 3995 1123 3985 1069 4012 972 3985 891 4006 848 3963 795 3969"/></Shape>
	    <String CONTENT="ר&#39; לוי משל את הצדיקים בירידתן ואת"
                    HPOS="789.0"
                    VPOS="3834.0"
                    WIDTH="1516.0"
                    HEIGHT="178.0"></String>
          </TextLine>

          
          
          <TextLine ID="eSc_line_599a65e6"
                    
                    BASELINE="827 4038 2256 4049 2348 4028" 
                    HPOS="822.0"
                    VPOS="3969.0"
                    WIDTH="1520.0"
                    HEIGHT="171.0">
            <Shape><Polygon POINTS="822 4033 956 3995 1198 3995 1225 3969 1343 4006 1896 3985 1918 4006 2278 3995 2342 4022 2326 4076 2240 4124 2176 4092 2138 4124 1719 4119 1687 4140 1531 4114 1397 4140 1332 4114 1289 4135 1246 4114 918 4135 827 4044"/></Shape>
	    <String CONTENT="הרשעים בירידתן בירידתן שנ&#39; במרעה"
                    HPOS="822.0"
                    VPOS="3969.0"
                    WIDTH="1520.0"
                    HEIGHT="171.0"></String>
          </TextLine>

          
          
          <TextLine ID="eSc_line_08e69806"
                    
                    BASELINE="848 4173 2321 4173" 
                    HPOS="843.0"
                    VPOS="4119.0"
                    WIDTH="1472.0"
                    HEIGHT="150.0">
            <Shape><Polygon POINTS="843 4167 924 4135 1235 4119 1364 4146 1558 4124 2267 4124 2315 4167 2305 4210 2229 4259 2041 4242 1939 4264 1832 4248 1515 4269 1413 4232 1316 4264 1203 4232 1123 4264 1096 4237 1053 4253 1015 4216 945 4253 854 4167"/></Shape>
	    <String CONTENT="טוב ארעה אותם ובהרי ישר&#39; יהיה"
                    HPOS="843.0"
                    VPOS="4119.0"
                    WIDTH="1472.0"
                    HEIGHT="150.0"></String>
          </TextLine>

          
          
          <TextLine ID="eSc_line_de057fd1"
                    
                    BASELINE="865 4307 2305 4307" 
                    HPOS="859.0"
                    VPOS="4237.0"
                    WIDTH="1440.0"
                    HEIGHT="161.0">
            <Shape><Polygon POINTS="859 4302 918 4253 1063 4259 1096 4237 1123 4264 1504 4275 2262 4253 2299 4302 2289 4355 2240 4387 2025 4361 1961 4382 1810 4387 1757 4366 1724 4387 1655 4371 1612 4393 1450 4393 1397 4350 1348 4387 1300 4371 1230 4398 1192 4366 1155 4382 1128 4361 1090 4387 934 4382 870 4328"/></Shape>
	    <String CONTENT="נויהם ואת הרשעים בידידתן שנ&#39; כה"
                    HPOS="859.0"
                    VPOS="4237.0"
                    WIDTH="1440.0"
                    HEIGHT="161.0"></String>
          </TextLine>

          
          
          <TextLine ID="eSc_line_3aeab6a0"
                    
                    BASELINE="816 4425 1182 4425 1252 4436 2302 4425" 
                    HPOS="811.0"
                    VPOS="4355.0"
                    WIDTH="1488.0"
                    HEIGHT="156.0">
            <Shape><Polygon POINTS="811 4420 816 4387 832 4398 870 4361 1010 4382 1123 4361 1235 4398 1354 4387 1386 4355 1445 4387 2283 4366 2299 4420 2283 4511 2154 4479 2106 4506 2025 4484 1993 4511 1757 4511 1730 4484 1687 4506 1520 4490 1171 4511 1133 4473 1085 4500 1042 4479 875 4500 816 4441"/></Shape>
	    <String CONTENT="אמר ייי ביום רדתו שאולה האבלתי כיכתי"
                    HPOS="811.0"
                    VPOS="4355.0"
                    WIDTH="1488.0"
                    HEIGHT="156.0"></String>
          </TextLine>

          
          
          <TextLine ID="eSc_line_d6dd77d0"
                    TAGREFS="LT3"
                    BASELINE="962 4508 981 4508 1004 4508 1093 4512" 
                    HPOS="962"
                    VPOS="4478"
                    WIDTH="132"
                    HEIGHT="63">
            <Shape><Polygon POINTS="962 4478 981 4478 1004 4478 1094 4482 1091 4541 1004 4538 981 4538 962 4538"/></Shape>
	    <String CONTENT=""
                    HPOS="962"
                    VPOS="4478"
                    WIDTH="132"
                    HEIGHT="63"></String>
          </TextLine>

          
          
          <TextLine ID="eSc_line_31a37a8c"
                    
                    BASELINE="872 4562 2316 4578" 
                    HPOS="870.0"
                    VPOS="4468.0"
                    WIDTH="1445.0"
                    HEIGHT="172.0">
            <Shape><Polygon POINTS="870 4559 886 4506 1042 4527 1133 4468 1176 4506 1354 4495 1407 4516 1531 4495 1574 4516 1692 4511 1724 4484 1757 4511 1961 4522 2074 4495 2111 4511 2160 4479 2192 4506 2267 4506 2315 4575 2208 4640 1837 4640 1783 4635 1746 4597 1703 4629 1601 4640 1520 4597 1477 4640 1354 4640 1305 4597 1209 4640 1144 4618 1085 4640 1053 4608 1010 4635 875 4629"/></Shape>
	    <String CONTENT="עליו את תהום ר&#39; יהוד&#39; אומ&#39; הובלתי מיאין"
                    HPOS="870.0"
                    VPOS="4468.0"
                    WIDTH="1445.0"
                    HEIGHT="172.0"></String>
          </TextLine>

          
          
          <TextLine ID="eSc_line_6f2db2c5"
                    
                    BASELINE="816 4699 988 4688 2310 4688" 
                    HPOS="811.0"
                    VPOS="4597.0"
                    WIDTH="1494.0"
                    HEIGHT="172.0">
            <Shape><Polygon POINTS="811 4694 870 4683 924 4629 1004 4640 1047 4602 1085 4635 1241 4640 1284 4597 1343 4640 1483 4635 1520 4597 1585 4640 1703 4635 1740 4597 1794 4640 2154 4629 2283 4645 2305 4683 2219 4769 2154 4737 2036 4769 1998 4742 1934 4758 1896 4731 1735 4769 1552 4747 1364 4763 1321 4720 1273 4758 1203 4769 1144 4763 1096 4720 1042 4758 988 4737 945 4758 881 4694"/></Shape>
	    <String CONTENT="עושין כסות לגגות לא של כסף ולא"
                    HPOS="811.0"
                    VPOS="4597.0"
                    WIDTH="1494.0"
                    HEIGHT="172.0"></String>
          </TextLine>

          
          
          <TextLine ID="eSc_line_e84a8d1c"
                    
                    BASELINE="859 4790 1192 4801 1262 4790 1316 4806 1805 4812 2306 4821" 
                    HPOS="854.0"
                    VPOS="4704.0"
                    WIDTH="1451.0"
                    HEIGHT="188.0">
            <Shape><Polygon POINTS="854 4785 859 4720 886 4704 940 4763 1037 4763 1090 4720 1187 4774 1278 4763 1321 4720 1364 4763 1466 4769 1859 4769 1896 4731 1929 4758 2047 4774 2154 4742 2181 4769 2272 4758 2305 4817 2272 4876 2224 4882 2186 4849 2154 4876 2041 4892 1993 4887 1950 4844 1848 4887 1601 4892 1563 4860 1520 4892 1407 4887 1327 4849 1278 4887 1187 4892 1042 4882 1004 4844 967 4882 859 4887"/></Shape>
	    <String CONTENT="שלזהב ולא של כחשת ולא של ברול"
                    HPOS="854.0"
                    VPOS="4704.0"
                    WIDTH="1451.0"
                    HEIGHT="188.0"></String>
          </TextLine>

          
          
          <TextLine ID="eSc_line_6af39a14"
                    
                    BASELINE="838 4930 1063 4925 1123 4935 1316 4941 2186 4930 2348 4935" 
                    HPOS="832.0"
                    VPOS="4860.0"
                    WIDTH="1510.0"
                    HEIGHT="167.0">
            <Shape><Polygon POINTS="832 4925 859 4887 940 4892 967 4871 1123 4903 1337 4871 1370 4903 1413 4903 1509 4892 1536 4865 1638 4898 1886 4898 1918 4865 2079 4892 2203 4860 2240 4892 2326 4892 2342 4930 2326 5016 2305 4994 2267 5016 2133 5016 2084 4978 2025 5016 1934 4978 1810 5021 1671 5021 1585 4989 1413 5027 1327 5000 1149 5027 1106 4989 838 4984"/></Shape>
	    <String CONTENT="ולא של עופרת אלא של חרם אלא"
                    HPOS="832.0"
                    VPOS="4860.0"
                    WIDTH="1510.0"
                    HEIGHT="167.0"></String>
          </TextLine>

          
        </TextBlock>
        
        <TextBlock HPOS="2515.0"
                   VPOS="4703.0"
                   WIDTH="207.0"
                   HEIGHT="304.0"
                   ID="eSc_textblock_e1bdc5e4"
                   TAGREFS="BT225">
          <Shape><Polygon POINTS="2515 4703 2522 5000 2722 5007 2715 4703"/></Shape>
          
          
          <TextLine ID="eSc_line_343b7a43"
                    
                    BASELINE="2565 4763 2724 4794" 
                    HPOS="2559"
                    VPOS="4733"
                    WIDTH="170"
                    HEIGHT="90">
            <Shape><Polygon POINTS="2570 4733 2729 4764 2718 4823 2559 4792"/></Shape>
	    <String CONTENT=""
                    HPOS="2559"
                    VPOS="4733"
                    WIDTH="170"
                    HEIGHT="90"></String>
          </TextLine>

          
          
          <TextLine ID="eSc_line_563800ff"
                    
                    BASELINE="2582 4805 2713 4839" 
                    HPOS="2574"
                    VPOS="4775"
                    WIDTH="146"
                    HEIGHT="93">
            <Shape><Polygon POINTS="2589 4775 2720 4809 2705 4868 2574 4834"/></Shape>
	    <String CONTENT="ת"
                    HPOS="2574"
                    VPOS="4775"
                    WIDTH="146"
                    HEIGHT="93"></String>
          </TextLine>

          
          
          <TextLine ID="eSc_line_837fb15f"
                    
                    BASELINE="2536 4845 2701 4879" 
                    HPOS="2529"
                    VPOS="4815"
                    WIDTH="178"
                    HEIGHT="93">
            <Shape><Polygon POINTS="2542 4815 2707 4849 2694 4908 2529 4874"/></Shape>
	    <String CONTENT="ה]"
                    HPOS="2529"
                    VPOS="4815"
                    WIDTH="178"
                    HEIGHT="93"></String>
          </TextLine>

          
          
          <TextLine ID="eSc_line_8363cf0c"
                    
                    BASELINE="2554 4887 2701 4922" 
                    HPOS="2547"
                    VPOS="4857"
                    WIDTH="160"
                    HEIGHT="94">
            <Shape><Polygon POINTS="2560 4857 2707 4892 2694 4951 2547 4916"/></Shape>
	    <String CONTENT="["
                    HPOS="2547"
                    VPOS="4857"
                    WIDTH="160"
                    HEIGHT="94"></String>
          </TextLine>

          
          
          <TextLine ID="eSc_line_7cf64e29"
                    
                    BASELINE="2542 4939 2690 4967" 
                    HPOS="2536"
                    VPOS="4909"
                    WIDTH="159"
                    HEIGHT="87">
            <Shape><Polygon POINTS="2547 4909 2695 4937 2684 4996 2536 4968"/></Shape>
	    <String CONTENT=""
                    HPOS="2536"
                    VPOS="4909"
                    WIDTH="159"
                    HEIGHT="87"></String>
          </TextLine>

          
        </TextBlock>
        

        
      </PrintSpace>
    </Page>
  </Layout>
</alto>
