<?xml version="1.0" encoding="UTF-8"?>
<alto xmlns:xsi="http://www.w3.org/2001/XMLSchema-instance"
      xmlns="http://www.loc.gov/standards/alto/ns-v4#"
      xsi:schemaLocation="http://www.loc.gov/standards/alto/ns-v4# http://www.loc.gov/standards/alto/v4/alto-4-2.xsd">
  <Description>
    <MeasurementUnit>pixel</MeasurementUnit>
    <sourceImageInformation>
      <fileName>add_ms_16406_f015r.jpg</fileName>
      
    </sourceImageInformation>
  </Description>
  
  <Tags>
    <OtherTag ID="BT1" LABEL="Title" DESCRIPTION="block type Title"/><OtherTag ID="BT2" LABEL="Main" DESCRIPTION="block type Main"/><OtherTag ID="BT3" LABEL="Commentary" DESCRIPTION="block type Commentary"/><OtherTag ID="BT4" LABEL="Illustration" DESCRIPTION="block type Illustration"/><OtherTag ID="BT224" LABEL="Hole" DESCRIPTION="block type Hole"/><OtherTag ID="BT225" LABEL="Margin" DESCRIPTION="block type Margin"/><OtherTag ID="BT226" LABEL="Paratext" DESCRIPTION="block type Paratext"/>
    <OtherTag ID="LT2" LABEL="Numbering" DESCRIPTION="line type Numbering"/><OtherTag ID="LT3" LABEL="Correction" DESCRIPTION="line type Correction"/><OtherTag ID="LT329" LABEL="Gloss" DESCRIPTION="line type Gloss"/>
  </Tags>
  
  <Layout>
    <Page WIDTH="4880"
          HEIGHT="6569"
          PHYSICAL_IMG_NR="27"
          ID="eSc_dummypage_">
      <PrintSpace HPOS="0"
                  VPOS="0"
                  WIDTH="4880"
                  HEIGHT="6569">
        
        <TextBlock HPOS="2815.0"
                   VPOS="651.0"
                   WIDTH="1491.0"
                   HEIGHT="4496.0"
                   ID="eSc_textblock_7680570c"
                   TAGREFS="BT2">
          <Shape><Polygon POINTS="2815 651 2833 5141 4300 5147 4306 675"/></Shape>
          
          
          <TextLine ID="eSc_line_34da8a90"
                    
                    BASELINE="2793 777 3488 771 3735 788 4283 788" 
                    HPOS="2787.0"
                    VPOS="678.0"
                    WIDTH="1490.0"
                    HEIGHT="181.0">
            <Shape><Polygon POINTS="2787 771 2793 700 2842 678 2990 678 3061 717 3182 717 3204 695 3258 717 3351 678 3423 678 3494 717 3560 678 3636 678 3696 717 4031 717 4063 684 4113 684 4146 717 4261 706 4277 782 4261 859 3992 859 3948 837 3916 859 3779 843 3740 859 3664 832 3631 853 3570 837 3450 859 3395 832 3258 859 3214 826 3110 848 3067 826 2793 826"/></Shape>
	    <String CONTENT="א&#39; לך אם כדבריך שהקב&#39; חפץ בכבודה של‏"
                    HPOS="2787.0"
                    VPOS="678.0"
                    WIDTH="1490.0"
                    HEIGHT="181.0"></String>
          </TextLine>

          
          
          <TextLine ID="eSc_line_96f36c3b"
                    
                    BASELINE="2809 903 3340 903 3401 914 3554 919 3614 936 3801 925 4211 925 4299 941" 
                    HPOS="2804.0"
                    VPOS="853.0"
                    WIDTH="1489.0"
                    HEIGHT="159.0">
            <Shape><Polygon POINTS="2804 897 2891 853 3280 875 3686 853 3937 886 4244 886 4293 936 4195 1012 3937 985 3768 1007 3576 990 3554 968 3532 990 3138 985 3045 947 2957 985 2875 979 2809 908"/></Shape>
	    <String CONTENT="שבת אל יזעוף בה רוחות ואל יוריך בה"
                    HPOS="2804.0"
                    VPOS="853.0"
                    WIDTH="1489.0"
                    HEIGHT="159.0"></String>
          </TextLine>

          
          
          <TextLine ID="eSc_line_7b96b26d"
                    
                    BASELINE="2798 1034 3395 1034 3839 1061 4222 1056 4299 1069" 
                    HPOS="2793.0"
                    VPOS="941.0"
                    WIDTH="1500.0"
                    HEIGHT="208.0">
            <Shape><Polygon POINTS="2793 1029 2886 974 2974 985 3056 941 3149 985 3362 996 3510 979 3779 1012 3937 985 3965 1012 4178 1018 4244 996 4283 1012 4293 1067 4255 1138 4184 1149 3620 1122 3538 1094 3434 1122 3078 1100 2886 1133 2798 1045"/></Shape>
	    <String CONTENT="עופות] גשמים ואל יצמח בה ˙ א&#39;ל&#39; פ"
                    HPOS="2793.0"
                    VPOS="941.0"
                    WIDTH="1500.0"
                    HEIGHT="208.0"></String>
          </TextLine>

          
          
          <TextLine ID="eSc_line_0716b05a"
                    
                    BASELINE="2815 1160 3034 1160 3089 1171 3516 1165 3680 1198 3937 1187 4135 1187 4189 1198 4299 1198" 
                    HPOS="2809.0"
                    VPOS="1111.0"
                    WIDTH="1484.0"
                    HEIGHT="175.0">
            <Shape><Polygon POINTS="2809 1155 2935 1111 3527 1111 4228 1149 4293 1193 4233 1280 4189 1253 4113 1286 3987 1264 3954 1231 3916 1264 3790 1242 3516 1264 3412 1215 3373 1248 3138 1248 3089 1242 3050 1204 2979 1248 2902 1226 2820 1155"/></Shape>
	    <String CONTENT="תיפח רוחיה דההוא גברא ברא אמשל"
                    HPOS="2809.0"
                    VPOS="1111.0"
                    WIDTH="1484.0"
                    HEIGHT="175.0"></String>
          </TextLine>

          
          
          <TextLine ID="eSc_line_724c7bf8"
                    
                    BASELINE="2765 1291 2864 1291 2919 1302 3483 1297 3603 1308 3658 1330 3713 1319 3959 1319 4020 1330 4299 1355" 
                    HPOS="2760.0"
                    VPOS="1215.0"
                    WIDTH="1533.0"
                    HEIGHT="219.0">
            <Shape><Polygon POINTS="2760 1286 2831 1275 2886 1220 3045 1259 3089 1237 3379 1248 3423 1215 3516 1259 3916 1270 3954 1237 3992 1275 4063 1286 4146 1286 4195 1259 4293 1352 4189 1428 4047 1406 3954 1434 3910 1390 3757 1401 3724 1368 3696 1390 3264 1379 3176 1324 3116 1374 3001 1374 2979 1352 2869 1374 2771 1286"/></Shape>
	    <String CONTENT="לך משל שהוא מטלטל בחצר של"
                    HPOS="2760.0"
                    VPOS="1215.0"
                    WIDTH="1533.0"
                    HEIGHT="219.0"></String>
          </TextLine>

          
          
          <TextLine ID="eSc_line_f29aa9a1"
                    
                    BASELINE="2826 1417 3045 1434 3455 1428 3686 1456 4058 1450 4299 1486" 
                    HPOS="2820.0"
                    VPOS="1330.0"
                    WIDTH="1473.0"
                    HEIGHT="213.0">
            <Shape><Polygon POINTS="2820 1412 2913 1357 3121 1379 3176 1330 3220 1374 3275 1379 3757 1384 3921 1406 3954 1434 4036 1406 4173 1434 4233 1417 4293 1483 4217 1538 4129 1543 4003 1538 3916 1483 3877 1483 3833 1527 3740 1494 3614 1521 3362 1483 3319 1510 3143 1488 3110 1510 3017 1472 2990 1499 2897 1505 2826 1439"/></Shape>
	    <String CONTENT="אמות ˙ פולספוס אחד שאלאת ר&#39; [ה&#39;]"
                    HPOS="2820.0"
                    VPOS="1330.0"
                    WIDTH="1473.0"
                    HEIGHT="213.0"></String>
          </TextLine>

          
          
          <TextLine ID="eSc_line_4b6bcb6b"
                    
                    BASELINE="2787 1543 3110 1554 3176 1571 3231 1560 3587 1560 3855 1587 4299 1606" 
                    HPOS="2782.0"
                    VPOS="1488.0"
                    WIDTH="1511.0"
                    HEIGHT="181.0">
            <Shape><Polygon POINTS="2782 1538 3028 1488 3110 1510 3592 1505 3636 1527 3740 1494 3773 1527 3877 1510 4031 1543 4222 1543 4293 1603 4239 1658 4167 1669 3905 1653 3866 1614 3828 1653 3768 1631 3280 1636 3187 1582 3132 1631 2979 1631 2891 1620 2820 1543"/></Shape>
	    <String CONTENT="הושעיא אמ&#39; לו אם חביבה המילה למה"
                    HPOS="2782.0"
                    VPOS="1488.0"
                    WIDTH="1511.0"
                    HEIGHT="181.0"></String>
          </TextLine>

          
          
          <TextLine ID="eSc_line_94413a16"
                    
                    BASELINE="2765 1669 3176 1686 3242 1702 3379 1691 3686 1696 3740 1686 3801 1702 3927 1707 3987 1718 4299 1726" 
                    HPOS="2760.0"
                    VPOS="1582.0"
                    WIDTH="1533.0"
                    HEIGHT="219.0">
            <Shape><Polygon POINTS="2760 1664 2891 1614 3110 1636 3193 1582 3280 1636 3549 1625 3828 1653 3872 1620 3899 1653 3998 1669 4189 1658 4293 1724 4200 1801 3959 1790 3905 1740 3861 1779 3647 1773 3598 1724 3560 1762 3527 1746 3417 1779 3362 1751 3225 1746 3028 1751 2979 1779 2935 1740 2858 1740 2837 1762 2765 1686"/></Shape>
	    <String CONTENT="לא ניתנה לאדם הראשון אמ&#39; לאם כן מ&#39; ˙"
                    HPOS="2760.0"
                    VPOS="1582.0"
                    WIDTH="1533.0"
                    HEIGHT="219.0"></String>
          </TextLine>

          
          
          <TextLine ID="eSc_line_58bbb08d"
                    
                    BASELINE="2809 1806 2974 1801 3423 1828 3773 1822 4074 1850 4299 1858" 
                    HPOS="2804.0"
                    VPOS="1729.0"
                    WIDTH="1489.0"
                    HEIGHT="203.0">
            <Shape><Polygon POINTS="2804 1801 2858 1795 2930 1740 2979 1779 3045 1751 3225 1751 3357 1757 3412 1784 3445 1762 3554 1768 3603 1729 3642 1773 3872 1773 3905 1746 3948 1790 4244 1795 4293 1855 4277 1915 4222 1932 3631 1905 3565 1894 3527 1855 3494 1888 3417 1899 3280 1872 3198 1905 3154 1877 3105 1894 3028 1872 2968 1899 2941 1866 2886 1888 2809 1806"/></Shape>
	    <String CONTENT="מפני מה לאתה מגלח את דאשך ואת"
                    HPOS="2804.0"
                    VPOS="1729.0"
                    WIDTH="1489.0"
                    HEIGHT="203.0"></String>
          </TextLine>

          
          
          <TextLine ID="eSc_line_976b58a7"
                    
                    BASELINE="2820 1937 3132 1948 3198 1959 3751 1954 3965 1981 4299 1984" 
                    HPOS="2815.0"
                    VPOS="1850.0"
                    WIDTH="1478.0"
                    HEIGHT="219.0">
            <Shape><Polygon POINTS="2815 1932 2930 1877 2957 1899 3083 1883 3412 1905 3477 1894 3521 1850 3598 1905 4228 1926 4293 1981 4217 2052 4102 2069 4052 2030 3883 2052 3801 2025 3247 2036 3160 1976 3110 2019 2930 2030 2837 1937"/></Shape>
	    <String CONTENT="זקנך ואין אתה מגלח את זקנך אמ&#39; לך"
                    HPOS="2815.0"
                    VPOS="1850.0"
                    WIDTH="1478.0"
                    HEIGHT="219.0"></String>
          </TextLine>

          
          
          <TextLine ID="eSc_line_44307101"
                    
                    BASELINE="2837 2069 3264 2080 3324 2091 3751 2085 4102 2107 4272 2107" 
                    HPOS="2831.0"
                    VPOS="1981.0"
                    WIDTH="1435.0"
                    HEIGHT="208.0">
            <Shape><Polygon POINTS="2831 2063 2886 1998 2935 2030 3061 2030 3110 2025 3154 1981 3209 2041 3390 2019 3833 2052 3976 2036 4096 2069 4206 2052 4266 2102 4228 2178 4124 2189 3839 2145 3768 2173 3696 2140 3592 2162 3225 2140 3154 2156 3121 2129 3061 2156 2875 2151 2837 2118"/></Shape>
	    <String CONTENT="מפני שגדל עמי בשטות אמ&#39; לך אם [ימ]"
                    HPOS="2831.0"
                    VPOS="1981.0"
                    WIDTH="1435.0"
                    HEIGHT="208.0"></String>
          </TextLine>

          
          
          <TextLine ID="eSc_line_62e91d56"
                    
                    BASELINE="2809 2189 3412 2211 3466 2222 3910 2217 4293 2233" 
                    HPOS="2804.0"
                    VPOS="2140.0"
                    WIDTH="1484.0"
                    HEIGHT="175.0">
            <Shape><Polygon POINTS="2804 2184 2864 2145 3225 2140 3247 2162 4036 2167 4228 2184 4288 2227 4244 2282 4162 2315 3647 2293 3625 2271 3576 2299 3521 2282 3450 2304 3346 2277 3204 2288 3176 2266 3149 2288 3056 2288 3034 2266 2869 2282 2809 2222"/></Shape>
	    <String CONTENT="יסמא את עיניד ויקטע את ידין וישבר"
                    HPOS="2804.0"
                    VPOS="2140.0"
                    WIDTH="1484.0"
                    HEIGHT="175.0"></String>
          </TextLine>

          
          
          <TextLine ID="eSc_line_e381b35d"
                    
                    BASELINE="2837 2342 3198 2342 3264 2353 4200 2348 4293 2364" 
                    HPOS="2831.0"
                    VPOS="2277.0"
                    WIDTH="1457.0"
                    HEIGHT="164.0">
            <Shape><Polygon POINTS="2831 2337 2891 2282 3045 2277 4222 2315 4288 2359 4206 2441 4102 2436 4063 2403 4003 2441 3937 2386 3855 2436 3801 2381 3762 2419 3675 2397 3581 2430 3439 2425 3406 2397 3346 2425 3236 2397 3193 2419 2869 2414 2837 2381"/></Shape>
	    <String CONTENT="את רגלו על ידי שגדלו עמי בשטות"
                    HPOS="2831.0"
                    VPOS="2277.0"
                    WIDTH="1457.0"
                    HEIGHT="164.0"></String>
          </TextLine>

          
          
          <TextLine ID="eSc_line_3ba3fcbc"
                    
                    BASELINE="2809 2457 3204 2474 3319 2485 4281 2487" 
                    HPOS="2804.0"
                    VPOS="2381.0"
                    WIDTH="1473.0"
                    HEIGHT="191.0">
            <Shape><Polygon POINTS="2804 2452 2869 2414 3757 2425 3801 2381 3850 2436 3888 2436 3937 2386 3992 2441 4031 2446 4069 2408 4228 2436 4277 2485 4217 2561 4096 2550 4058 2512 4009 2561 3877 2529 3762 2572 3647 2534 3609 2556 3313 2545 3269 2567 3209 2518 3110 2550 2864 2545 2809 2490"/></Shape>
	    <String CONTENT="אמ&#39; ל&#39; ולאילין מיליא אתצא אתמהא"
                    HPOS="2804.0"
                    VPOS="2381.0"
                    WIDTH="1473.0"
                    HEIGHT="191.0"></String>
          </TextLine>

          
          
          <TextLine ID="eSc_line_034b4d21"
                    
                    BASELINE="2809 2594 2968 2589 3094 2605 3428 2605 3603 2616 4283 2616" 
                    HPOS="2804.0"
                    VPOS="2518.0"
                    WIDTH="1473.0"
                    HEIGHT="175.0">
            <Shape><Polygon POINTS="2804 2589 2908 2534 3220 2550 3269 2572 3379 2550 3718 2550 3768 2572 3883 2523 3948 2561 4009 2561 4058 2518 4096 2556 4233 2561 4277 2611 4222 2693 4157 2693 4118 2654 4085 2682 3943 2654 3905 2687 3631 2687 3581 2660 3401 2693 3357 2649 3247 2687 3204 2660 3171 2682 3023 2671 2990 2644 2941 2676 2842 2589"/></Shape>
	    <String CONTENT="אמ&#39; ליה להוציאך חלק אי איפשר [א&#39;]"
                    HPOS="2804.0"
                    VPOS="2518.0"
                    WIDTH="1473.0"
                    HEIGHT="175.0"></String>
          </TextLine>

          
          
          <TextLine ID="eSc_line_fb255948"
                    TAGREFS="LT3"
                    BASELINE="3919 2694 4074 2697" 
                    HPOS="3918"
                    VPOS="2664"
                    WIDTH="156"
                    HEIGHT="62">
            <Shape><Polygon POINTS="3919 2664 4074 2667 4073 2726 3918 2723"/></Shape>
	    <String CONTENT="כל"
                    HPOS="3918"
                    VPOS="2664"
                    WIDTH="156"
                    HEIGHT="62"></String>
          </TextLine>

          
          
          <TextLine ID="eSc_line_6ec24810"
                    
                    BASELINE="2826 2720 3280 2720 3335 2731 3631 2737 3686 2748 3817 2748 4280 2765" 
                    HPOS="2820.0"
                    VPOS="2644.0"
                    WIDTH="1457.0"
                    HEIGHT="186.0">
            <Shape><Polygon POINTS="2820 2715 2880 2665 3253 2687 3340 2644 3401 2693 3543 2687 3603 2660 3631 2693 3828 2682 3948 2709 4036 2709 4118 2665 4157 2704 4250 2698 4277 2764 4222 2824 3735 2808 3658 2830 3543 2802 3171 2813 3083 2791 2984 2813 2952 2786 2902 2808 2826 2731"/></Shape>
	    <String CONTENT="אלא שברא הקב&#39;ה] בעולמו בששת"
                    HPOS="2820.0"
                    VPOS="2644.0"
                    WIDTH="1457.0"
                    HEIGHT="186.0"></String>
          </TextLine>

          
          
          <TextLine ID="eSc_line_f9e07cd6"
                    
                    BASELINE="2793 2846 3373 2868 3428 2879 4300 2881" 
                    HPOS="2787.0"
                    VPOS="2748.0"
                    WIDTH="1512.0"
                    HEIGHT="213.0">
            <Shape><Polygon POINTS="2787 2841 2793 2791 2837 2748 2897 2808 2979 2813 3877 2813 4102 2835 4250 2808 4299 2879 4277 2928 4080 2961 4009 2934 3790 2956 3620 2934 3521 2961 3488 2928 3357 2950 3319 2928 3247 2939 3220 2912 3121 2945 2853 2939 2793 2879"/></Shape>
	    <String CONTENT="ימי בראשית צריבין עשייה במו חדדל"
                    HPOS="2787.0"
                    VPOS="2748.0"
                    WIDTH="1512.0"
                    HEIGHT="213.0"></String>
          </TextLine>

          
          
          <TextLine ID="eSc_line_83652bee"
                    
                    BASELINE="2743 2994 2842 2988 3308 2999 3362 3010 4014 3010 4299 2994" 
                    HPOS="2738.0"
                    VPOS="2912.0"
                    WIDTH="1555.0"
                    HEIGHT="180.0">
            <Shape><Polygon POINTS="2738 2988 2826 2934 3165 2945 3209 2912 3247 2939 3477 2939 3521 2961 3620 2939 3954 2950 4003 2928 4031 2956 4233 2950 4293 2988 4200 3087 4129 3065 4074 3087 4042 3060 3970 3087 3817 3087 3675 3049 3587 3065 3565 3043 3532 3071 3373 3054 3335 3092 3280 3043 3231 3071 3056 3081 2979 3049 2853 3087 2754 2988"/></Shape>
	    <String CONTENT="צדיך למתק תורמום צריך למתק חיטין"
                    HPOS="2738.0"
                    VPOS="2912.0"
                    WIDTH="1555.0"
                    HEIGHT="180.0"></String>
          </TextLine>

          
          
          <TextLine ID="eSc_line_4724d218"
                    
                    BASELINE="2848 3120 3357 3120 3412 3109 3466 3125 4063 3142 4135 3136 4299 3147" 
                    HPOS="2842.0"
                    VPOS="3049.0"
                    WIDTH="1451.0"
                    HEIGHT="186.0">
            <Shape><Polygon POINTS="2842 3114 2875 3076 2979 3049 3056 3087 3286 3060 3330 3092 3362 3065 3532 3076 3560 3049 3581 3071 3669 3054 3817 3092 4244 3081 4277 3092 4293 3142 4222 3213 4162 3218 4135 3191 4063 3202 4031 3235 3981 3196 3861 3196 3784 3224 3762 3202 3631 3207 3592 3185 3368 3202 3308 3169 3236 3202 3198 3164 3143 3207 3105 3180 2968 3213 2935 3185 2886 3202 2848 3169"/></Shape>
	    <String CONTENT="צריבין לטחון אפילך אדם צריך תיקרן ˙"
                    HPOS="2842.0"
                    VPOS="3049.0"
                    WIDTH="1451.0"
                    HEIGHT="186.0"></String>
          </TextLine>

          
          
          <TextLine ID="eSc_line_92d34d64"
                    
                    BASELINE="2809 3262 2913 3246 3313 3246 3877 3262 4146 3279" 
                    HPOS="2804.0"
                    VPOS="3164.0"
                    WIDTH="1336.0"
                    HEIGHT="180.0">
            <Shape><Polygon POINTS="2804 3257 2886 3202 3154 3207 3198 3164 3236 3202 3324 3169 3373 3202 3592 3185 3631 3213 3987 3207 4031 3235 4074 3196 4129 3218 4140 3273 4096 3333 4047 3317 4003 3344 3855 3344 3576 3306 3521 3328 3340 3328 3291 3300 3149 3333 2919 3311 2880 3328 2815 3257"/></Shape>
	    <String CONTENT="ר&#39; יוחנן בשם ר&#39; יוסי בר&#39; חלפתא [א&#39;]"
                    HPOS="2804.0"
                    VPOS="3164.0"
                    WIDTH="1336.0"
                    HEIGHT="180.0"></String>
          </TextLine>

          
          
          <TextLine ID="eSc_line_38fb5544"
                    
                    BASELINE="2815 3361 3258 3372 3368 3383 3959 3377 4293 3388" 
                    HPOS="2809.0"
                    VPOS="3311.0"
                    WIDTH="1479.0"
                    HEIGHT="165.0">
            <Shape><Polygon POINTS="2809 3355 2902 3311 3330 3333 3658 3317 3850 3350 4233 3328 4272 3333 4288 3383 4211 3465 3894 3470 3811 3448 3773 3476 3740 3443 2984 3454 2946 3415 2913 3448 2815 3361"/></Shape>
	    <String CONTENT="אבדהם שאין כת&#39; בו שמירת שבת יר&#39;"
                    HPOS="2809.0"
                    VPOS="3311.0"
                    WIDTH="1479.0"
                    HEIGHT="165.0"></String>
          </TextLine>

          
          
          <TextLine ID="eSc_line_13869c6a"
                    
                    BASELINE="2809 3492 3286 3503 3357 3514 4107 3508 4261 3519" 
                    HPOS="2804.0"
                    VPOS="3437.0"
                    WIDTH="1451.0"
                    HEIGHT="165.0">
            <Shape><Polygon POINTS="2804 3487 2952 3437 3154 3465 3368 3443 3428 3465 4184 3465 4233 3470 4255 3514 4233 3574 4118 3596 3987 3591 3959 3569 3302 3602 3247 3574 2924 3585 2826 3492"/></Shape>
	    <String CONTENT="ידש את העולם במדה ע&#39; קום התהלך"
                    HPOS="2804.0"
                    VPOS="3437.0"
                    WIDTH="1451.0"
                    HEIGHT="165.0"></String>
          </TextLine>

          
          
          <TextLine ID="eSc_line_35171b3f"
                    
                    BASELINE="2787 3623 3351 3634 3549 3645 4277 3634" 
                    HPOS="2782.0"
                    VPOS="3574.0"
                    WIDTH="1490.0"
                    HEIGHT="153.0">
            <Shape><Polygon POINTS="2782 3618 2880 3574 3236 3574 3297 3596 3965 3574 3987 3596 4228 3591 4272 3629 4255 3700 4228 3716 4113 3711 4085 3684 4036 3727 4003 3695 3494 3711 3412 3706 3357 3673 3324 3700 3198 3711 3132 3689 2974 3722 2875 3700 2798 3623"/></Shape>
	    <String CONTENT="בארץ לארבה ולרחבה ˙ אבל יעקב"
                    HPOS="2782.0"
                    VPOS="3574.0"
                    WIDTH="1490.0"
                    HEIGHT="153.0"></String>
          </TextLine>

          
          
          <TextLine ID="eSc_line_1deabdf1"
                    
                    BASELINE="2815 3744 3483 3766 3538 3777 4255 3766" 
                    HPOS="2809.0"
                    VPOS="3689.0"
                    WIDTH="1441.0"
                    HEIGHT="159.0">
            <Shape><Polygon POINTS="2809 3738 2891 3700 2990 3727 3455 3695 3543 3722 4009 3711 4042 3733 4085 3689 4113 3716 4222 3716 4250 3760 4233 3837 4178 3848 3379 3826 3297 3848 3247 3826 2990 3842 2880 3831 2815 3760"/></Shape>
	    <String CONTENT="שבת&#39; שמירת שבת ע&#39; ויחן את פני [ה&#39;]"
                    HPOS="2809.0"
                    VPOS="3689.0"
                    WIDTH="1441.0"
                    HEIGHT="159.0"></String>
          </TextLine>

          
          
          <TextLine ID="eSc_line_686b0b10"
                    
                    BASELINE="2831 3875 3275 3886 3543 3875 3598 3892 4036 3897 4162 3908 4250 3886" 
                    HPOS="2826.0"
                    VPOS="3820.0"
                    WIDTH="1418.0"
                    HEIGHT="154.0">
            <Shape><Polygon POINTS="2826 3870 2930 3820 3269 3853 3384 3831 4217 3842 4244 3881 4222 3968 4129 3974 4042 3952 3762 3974 3428 3946 3121 3974 3056 3946 2880 3946 2831 3897"/></Shape>
	    <String CONTENT="העיך נכנס עם ומרומי חמה וקבע [תח&#39;]"
                    HPOS="2826.0"
                    VPOS="3820.0"
                    WIDTH="1418.0"
                    HEIGHT="154.0"></String>
          </TextLine>

          
          
          <TextLine ID="eSc_line_bda4458f"
                    
                    BASELINE="2815 4007 3269 4007 3324 4018 4299 4018" 
                    HPOS="2809.0"
                    VPOS="3941.0"
                    WIDTH="1484.0"
                    HEIGHT="170.0">
            <Shape><Polygon POINTS="2809 4001 2913 3941 3050 3985 3078 3957 4222 3968 4293 4012 4222 4089 4135 4089 4102 4061 3998 4111 3965 4083 3762 4089 3718 4056 3664 4089 2913 4089 2815 4007"/></Shape>
	    <String CONTENT="תחומין מבעוד יום ירשאת העולם [ש&#39;]"
                    HPOS="2809.0"
                    VPOS="3941.0"
                    WIDTH="1484.0"
                    HEIGHT="170.0"></String>
          </TextLine>

          
          
          <TextLine ID="eSc_line_7380a08b"
                    
                    BASELINE="2842 4138 3264 4138 3527 4149 4261 4149" 
                    HPOS="2837.0"
                    VPOS="4061.0"
                    WIDTH="1418.0"
                    HEIGHT="176.0">
            <Shape><Polygon POINTS="2837 4132 2875 4083 3658 4094 3713 4061 3773 4094 3970 4089 4014 4111 4107 4061 4135 4089 4228 4094 4255 4143 4200 4220 3516 4204 3483 4226 3313 4226 3258 4204 3132 4237 3094 4209 2902 4204 2842 4171"/></Shape>
	    <String CONTENT="שלא במרה ש&#39; ופרצת ימה וקדמה"
                    HPOS="2837.0"
                    VPOS="4061.0"
                    WIDTH="1418.0"
                    HEIGHT="176.0"></String>
          </TextLine>

          
          
          <TextLine ID="eSc_line_6b5080e1"
                    
                    BASELINE="2815 4269 3384 4269 3439 4280 4200 4280 4293 4258" 
                    HPOS="2809.0"
                    VPOS="4187.0"
                    WIDTH="1479.0"
                    HEIGHT="170.0">
            <Shape><Polygon POINTS="2809 4264 2886 4193 2946 4187 2979 4215 3105 4209 3132 4231 3258 4198 3297 4220 3702 4231 3828 4209 4178 4226 4261 4204 4288 4253 4272 4308 4200 4351 3795 4346 3702 4324 3598 4357 2913 4346 2831 4264"/></Shape>
	    <String CONTENT="צפונה ונגבה ˙ במה ברכו ר&#39; ברביה א"
                    HPOS="2809.0"
                    VPOS="4187.0"
                    WIDTH="1479.0"
                    HEIGHT="170.0"></String>
          </TextLine>

          
          
          <TextLine ID="eSc_line_321061b2"
                    
                    BASELINE="2820 4401 3264 4401 3319 4412 4135 4412 4299 4395" 
                    HPOS="2815.0"
                    VPOS="4324.0"
                    WIDTH="1478.0"
                    HEIGHT="170.0">
            <Shape><Polygon POINTS="2815 4395 2875 4324 2913 4346 3231 4335 3576 4362 3894 4335 4244 4362 4277 4346 4293 4390 4277 4483 3910 4472 3872 4445 3833 4483 3472 4466 3286 4494 3247 4466 2908 4472 2820 4395"/></Shape>
	    <String CONTENT="דוסתא וד&#39; שמואל בר נחמן ר&#39; ברביה [וד&#39;]"
                    HPOS="2815.0"
                    VPOS="4324.0"
                    WIDTH="1478.0"
                    HEIGHT="170.0"></String>
          </TextLine>

          
          
          <TextLine ID="eSc_line_d6d67557"
                    
                    BASELINE="2787 4499 2880 4521 3264 4532 4272 4521" 
                    HPOS="2782.0"
                    VPOS="4450.0"
                    WIDTH="1484.0"
                    HEIGHT="175.0">
            <Shape><Polygon POINTS="2782 4494 2820 4494 2864 4450 2908 4477 3247 4472 3269 4494 3686 4472 3822 4494 3888 4455 3916 4483 4250 4477 4266 4516 4250 4587 4124 4609 3965 4609 3921 4570 3784 4614 3554 4598 3521 4625 3384 4598 3313 4620 2842 4603 2787 4549"/></Shape>
	    <String CONTENT="דוסתא א&#39;] לפי שאין לך בן זוג חד"
                    HPOS="2782.0"
                    VPOS="4450.0"
                    WIDTH="1484.0"
                    HEIGHT="175.0"></String>
          </TextLine>

          
          
          <TextLine ID="eSc_line_f20147ba"
                    
                    BASELINE="2787 4658 2952 4647 3017 4658 3773 4658 3976 4647 4151 4653 4299 4636" 
                    HPOS="2782.0"
                    VPOS="4570.0"
                    WIDTH="1511.0"
                    HEIGHT="170.0">
            <Shape><Polygon POINTS="2782 4653 2886 4592 3527 4625 3570 4603 3888 4603 3921 4570 3970 4614 4228 4598 4293 4631 4277 4691 4184 4740 4135 4718 4047 4740 2974 4740 2946 4718 2897 4735 2815 4653"/></Shape>
	    <String CONTENT="תרייה תלתא ארבעתא חמישתא"
                    HPOS="2782.0"
                    VPOS="4570.0"
                    WIDTH="1511.0"
                    HEIGHT="170.0"></String>
          </TextLine>

          
          
          <TextLine ID="eSc_line_5f559ff2"
                    
                    BASELINE="2809 4784 4293 4773" 
                    HPOS="2804.0"
                    VPOS="4724.0"
                    WIDTH="1484.0"
                    HEIGHT="153.0">
            <Shape><Polygon POINTS="2804 4778 2875 4729 2946 4751 3105 4724 3127 4746 3253 4729 3510 4751 3664 4729 4228 4735 4288 4767 4184 4872 3976 4872 3894 4844 3724 4872 3664 4850 3510 4850 3450 4877 3236 4855 2869 4866 2809 4806"/></Shape>
	    <String CONTENT="ערובתא  אוב שובתא לית ליה"
                    HPOS="2804.0"
                    VPOS="4724.0"
                    WIDTH="1484.0"
                    HEIGHT="153.0"></String>
          </TextLine>

          
          
          <TextLine ID="eSc_line_db248761"
                    
                    BASELINE="2787 4915 4299 4915" 
                    HPOS="2782.0"
                    VPOS="4855.0"
                    WIDTH="1511.0"
                    HEIGHT="164.0">
            <Shape><Polygon POINTS="2782 4910 2837 4904 2869 4872 3198 4877 3225 4855 3417 4877 3620 4877 3658 4855 3713 4877 4239 4866 4293 4910 4283 4954 4222 5003 3527 4986 3346 5019 3291 4992 2968 5008 2930 4981 2875 5008 2793 4926"/></Shape>
	    <String CONTENT="בד זוג ˙ ר&#39; שמוא בד נחמן א&#39; שאינו ק]"
                    HPOS="2782.0"
                    VPOS="4855.0"
                    WIDTH="1511.0"
                    HEIGHT="164.0"></String>
          </TextLine>

          
          
          <TextLine ID="eSc_line_28783c88"
                    
                    BASELINE="2815 5041 3099 5041 3231 5052 4261 5052" 
                    HPOS="2809.0"
                    VPOS="4992.0"
                    WIDTH="1446.0"
                    HEIGHT="131.0">
            <Shape><Polygon POINTS="2809 5036 2815 5014 2891 4997 2913 5014 3039 4992 3132 5014 3340 5014 3368 4992 3417 5014 3439 4992 3494 5014 3959 5014 3992 4992 4162 4992 4222 5003 4255 5047 4222 5118 4146 5101 4107 5123 3872 5101 3680 5123 3620 5101 3560 5123 3351 5101 3308 5123 3121 5123 3072 5101 2946 5123 2815 5101"/></Shape>
	    <String CONTENT="נדחה יום טוב נדחת יום הכיפוריה‏"
                    HPOS="2809.0"
                    VPOS="4992.0"
                    WIDTH="1446.0"
                    HEIGHT="131.0"></String>
          </TextLine>

          
        </TextBlock>
        
        <TextBlock HPOS="980.0"
                   VPOS="687.0"
                   WIDTH="1509.0"
                   HEIGHT="4436.0"
                   ID="eSc_textblock_1ac771b5"
                   TAGREFS="BT2">
          <Shape><Polygon POINTS="2489 687 2489 5123 980 5123 980 687"/></Shape>
          
          
          <TextLine ID="eSc_line_0507235a"
                    
                    BASELINE="1111 829 2481 788" 
                    HPOS="1106.0"
                    VPOS="711.0"
                    WIDTH="1369.0"
                    HEIGHT="170.0">
            <Shape><Polygon POINTS="1106 826 1111 766 1172 766 1199 739 1287 760 1445 728 1599 760 1681 733 1780 755 1834 717 1911 760 2026 749 2075 711 2190 755 2459 749 2475 782 2437 843 1966 837 1911 859 1790 832 1741 859 1276 848 1221 881 1117 853"/></Shape>
	    <String CONTENT="ודחה שכת אינה נדחת ˙ תני ד&#39; שמע&#39; בן"
                    HPOS="1106.0"
                    VPOS="711.0"
                    WIDTH="1369.0"
                    HEIGHT="170.0"></String>
          </TextLine>

          
          
          <TextLine ID="eSc_line_f2af2675"
                    
                    BASELINE="996 930 2026 925 2404 936 2492 903" 
                    HPOS="991.0"
                    VPOS="826.0"
                    WIDTH="1495.0"
                    HEIGHT="186.0">
            <Shape><Polygon POINTS="991 925 1095 832 1161 881 1528 848 1736 864 1774 826 1818 870 2377 870 2486 897 2431 979 2338 996 2283 974 2179 1001 2103 979 1582 1001 1352 985 1309 1012 1287 990 1161 1001 1133 979 1062 1007 996 941"/></Shape>
	    <String CONTENT="יוחי אמרה שבת לפני הקב&#39;ה&#39; רבון העול"
                    HPOS="991.0"
                    VPOS="826.0"
                    WIDTH="1495.0"
                    HEIGHT="186.0"></String>
          </TextLine>

          
          
          <TextLine ID="eSc_line_25a2261a"
                    
                    BASELINE="1013 1051 2486 1051" 
                    HPOS="1007.0"
                    VPOS="974.0"
                    WIDTH="1474.0"
                    HEIGHT="170.0">
            <Shape><Polygon POINTS="1007 1045 1210 996 1314 1018 1358 990 2174 1007 2272 1001 2300 974 2349 1001 2470 979 2481 1045 2415 1122 2163 1122 2125 1144 2075 1122 1801 1122 1769 1100 1719 1138 1681 1116 1637 1138 1593 1116 1089 1138 1018 1067"/></Shape>
	    <String CONTENT="לבליש בן זוג וליאין בן זוג ˙ את אמ&#39; לה"
                    HPOS="1007.0"
                    VPOS="974.0"
                    WIDTH="1474.0"
                    HEIGHT="170.0"></String>
          </TextLine>

          
          
          <TextLine ID="eSc_line_4ce20f47"
                    
                    BASELINE="974 1182 1506 1176 1571 1165 2464 1165" 
                    HPOS="969.0"
                    VPOS="1105.0"
                    WIDTH="1490.0"
                    HEIGHT="159.0">
            <Shape><Polygon POINTS="969 1176 1046 1127 1719 1133 1752 1111 2119 1144 2174 1122 2404 1127 2442 1105 2459 1160 2442 1237 2360 1264 2240 1264 2212 1237 1982 1253 1949 1231 1741 1231 1692 1264 1659 1231 1396 1237 1352 1264 1319 1231 1155 1264 1073 1253 996 1176"/></Shape>
	    <String CONTENT="הק&#39; כנסת ישר&#39; היא בן ווגר וביון שעמדך"
                    HPOS="969.0"
                    VPOS="1105.0"
                    WIDTH="1490.0"
                    HEIGHT="159.0"></String>
          </TextLine>

          
          
          <TextLine ID="eSc_line_2d994c4c"
                    
                    BASELINE="1013 1302 2393 1297 2481 1313" 
                    HPOS="1007.0"
                    VPOS="1231.0"
                    WIDTH="1468.0"
                    HEIGHT="164.0">
            <Shape><Polygon POINTS="1007 1297 1089 1248 1172 1264 1319 1242 1374 1264 1402 1237 1659 1242 1697 1264 1758 1231 2223 1270 2278 1248 2431 1253 2475 1308 2437 1352 2382 1346 2349 1379 2278 1357 2185 1390 2004 1384 1977 1357 1933 1384 1276 1363 1232 1395 1193 1374 1078 1379 1013 1313"/></Shape>
	    <String CONTENT="ישר&#39; לפני הר סיני א&#39; להן היו דבורין [לא&#39;]"
                    HPOS="1007.0"
                    VPOS="1231.0"
                    WIDTH="1468.0"
                    HEIGHT="164.0"></String>
          </TextLine>

          
          
          <TextLine ID="eSc_line_c019a1ee"
                    
                    BASELINE="969 1423 2338 1434 2492 1417" 
                    HPOS="963.0"
                    VPOS="1341.0"
                    WIDTH="1523.0"
                    HEIGHT="180.0">
            <Shape><Polygon POINTS="963 1417 1046 1357 1084 1390 1226 1401 1281 1374 2349 1379 2387 1341 2486 1412 2420 1499 2059 1510 2031 1483 1982 1516 1588 1488 1287 1521 1155 1499 1057 1516 969 1428"/></Shape>
	    <String CONTENT="לאותו דבר שאמרתי לשבת כנסת ישר&#39;"
                    HPOS="963.0"
                    VPOS="1341.0"
                    WIDTH="1523.0"
                    HEIGHT="180.0"></String>
          </TextLine>

          
          
          <TextLine ID="eSc_line_2ac87add"
                    
                    BASELINE="947 1549 1161 1565 2377 1565 2475 1543" 
                    HPOS="942.0"
                    VPOS="1499.0"
                    WIDTH="1528.0"
                    HEIGHT="154.0">
            <Shape><Polygon POINTS="942 1543 1155 1499 1276 1521 1484 1499 2398 1499 2470 1538 2442 1625 2196 1647 1801 1609 1774 1631 1500 1614 1226 1653 1111 1620 1073 1636 958 1549"/></Shape>
	    <String CONTENT="היא בן זוגו זכור את יום השבת לקדשו ˙"
                    HPOS="942.0"
                    VPOS="1499.0"
                    WIDTH="1528.0"
                    HEIGHT="154.0"></String>
          </TextLine>

          
          
          <TextLine ID="eSc_line_969ff8aa"
                    
                    BASELINE="952 1680 1226 1696 2097 1696 2322 1680" 
                    HPOS="947.0"
                    VPOS="1614.0"
                    WIDTH="1369.0"
                    HEIGHT="165.0">
            <Shape><Polygon POINTS="947 1675 1040 1636 1111 1664 1155 1636 1243 1653 1506 1614 1571 1636 1747 1636 1796 1614 2146 1653 2240 1636 2316 1675 2300 1735 2234 1762 1517 1762 1467 1713 1413 1768 1062 1779 952 1686"/></Shape>
	    <String CONTENT="ר&#39; לוי בשם ר&#39; המא בר&#39; חנינא שלש"
                    HPOS="947.0"
                    VPOS="1614.0"
                    WIDTH="1369.0"
                    HEIGHT="165.0"></String>
          </TextLine>

          
          
          <TextLine ID="eSc_line_c507942a"
                    
                    BASELINE="1013 1828 1856 1828 2251 1817 2475 1795" 
                    HPOS="1007.0"
                    VPOS="1724.0"
                    WIDTH="1463.0"
                    HEIGHT="181.0">
            <Shape><Polygon POINTS="1007 1822 1089 1768 1413 1773 1462 1724 1528 1773 1911 1757 2026 1779 2327 1740 2470 1790 2453 1861 2420 1888 2316 1866 2289 1888 1927 1905 1681 1872 1517 1899 1440 1883 1068 1905 1013 1850"/></Shape>
	    <String CONTENT="מריות היה הקב&#39;ה בורא בכל יום ויום []"
                    HPOS="1007.0"
                    VPOS="1724.0"
                    WIDTH="1463.0"
                    HEIGHT="181.0"></String>
          </TextLine>

          
          
          <TextLine ID="eSc_line_1174d262"
                    
                    BASELINE="1013 1948 1741 1948 2344 1932 2502 1943" 
                    HPOS="1007.0"
                    VPOS="1877.0"
                    WIDTH="1490.0"
                    HEIGHT="164.0">
            <Shape><Polygon POINTS="1007 1943 1100 1899 1265 1894 1314 1915 1703 1883 1949 1905 2311 1877 2404 1883 2497 1937 2404 2014 2261 1998 2141 2036 2086 2009 1823 2009 1785 1976 1648 2030 1424 2025 1396 1998 1363 2030 1314 2003 1139 2014 1106 2041 1013 1959"/></Shape>
	    <String CONTENT="בראשון שמים וארץ ואורה ˙ בשיני"
                    HPOS="1007.0"
                    VPOS="1877.0"
                    WIDTH="1490.0"
                    HEIGHT="164.0"></String>
          </TextLine>

          
          
          <TextLine ID="eSc_line_fb9885b6"
                    
                    BASELINE="947 2069 1303 2080 1686 2074 1758 2063 2360 2069 2502 2052" 
                    HPOS="942.0"
                    VPOS="1976.0"
                    WIDTH="1555.0"
                    HEIGHT="191.0">
            <Shape><Polygon POINTS="942 2063 1002 2063 1051 2014 1100 2047 1577 2014 1654 2030 1681 2009 1747 2014 1790 1976 1867 2019 2420 2009 2497 2047 2431 2140 2344 2162 2289 2134 2031 2156 1358 2140 1303 2162 1254 2118 1215 2156 1062 2167 1002 2107 974 2129 947 2102"/></Shape>
	    <String CONTENT="דקיע וגיהינם ומלאכים בשלישי אילנו"
                    HPOS="942.0"
                    VPOS="1976.0"
                    WIDTH="1555.0"
                    HEIGHT="191.0"></String>
          </TextLine>

          
          
          <TextLine ID="eSc_line_1a043487"
                    
                    BASELINE="1013 2211 2048 2211 2481 2195" 
                    HPOS="1007.0"
                    VPOS="2113.0"
                    WIDTH="1468.0"
                    HEIGHT="191.0">
            <Shape><Polygon POINTS="1007 2206 1089 2156 1210 2156 1254 2113 1303 2156 2426 2151 2475 2189 2448 2277 2283 2282 2251 2249 2185 2282 2004 2299 1971 2271 1873 2304 1823 2277 1654 2266 1610 2288 1319 2288 1276 2244 1232 2288 1100 2293 1013 2206"/></Shape>
	    <String CONTENT="ודשאים וגן עדן ברביעי חמה ולבנה"
                    HPOS="1007.0"
                    VPOS="2113.0"
                    WIDTH="1468.0"
                    HEIGHT="191.0"></String>
          </TextLine>

          
          
          <TextLine ID="eSc_line_9a435c73"
                    
                    BASELINE="1013 2342 1265 2342 1418 2353 2256 2353 2311 2342 2486 2342" 
                    HPOS="1007.0"
                    VPOS="2244.0"
                    WIDTH="1474.0"
                    HEIGHT="192.0">
            <Shape><Polygon POINTS="1007 2337 1084 2293 1232 2288 1276 2244 1330 2293 1665 2277 1851 2299 1982 2282 2021 2304 2207 2288 2251 2249 2289 2288 2415 2277 2481 2337 2437 2414 1807 2397 1769 2419 1424 2425 1314 2392 1248 2425 1199 2408 1122 2436 1018 2337"/></Shape>
	    <String CONTENT="ומולות בחמישי עופות ודגים וליויתן"
                    HPOS="1007.0"
                    VPOS="2244.0"
                    WIDTH="1474.0"
                    HEIGHT="192.0"></String>
          </TextLine>

          
          
          <TextLine ID="eSc_line_8ae81b1e"
                    
                    BASELINE="1054 2492 2475 2468" 
                    HPOS="1051.0"
                    VPOS="2397.0"
                    WIDTH="1419.0"
                    HEIGHT="153.0">
            <Shape><Polygon POINTS="1051 2490 1073 2414 1117 2436 1259 2430 1314 2397 1413 2441 1615 2414 2311 2414 2404 2419 2470 2463 2415 2545 2333 2550 2272 2523 2229 2545 1927 2529 1528 2550 1424 2496 1369 2545 1062 2540"/></Shape>
	    <String CONTENT="בשישי אדם וחזה ורמש ˙ א&#39;ד&#39; פנחס"
                    HPOS="1051.0"
                    VPOS="2397.0"
                    WIDTH="1419.0"
                    HEIGHT="153.0"></String>
          </TextLine>

          
          
          <TextLine ID="eSc_line_f05b56ee"
                    
                    BASELINE="991 2583 2437 2594" 
                    HPOS="985.0"
                    VPOS="2529.0"
                    WIDTH="1446.0"
                    HEIGHT="153.0">
            <Shape><Polygon POINTS="985 2578 1073 2545 1215 2556 1473 2529 1714 2550 2278 2534 2415 2545 2431 2589 2387 2649 2229 2638 2064 2671 1916 2654 1747 2676 1675 2660 1062 2682 991 2611"/></Shape>
	    <String CONTENT="ששאום וחוה ודמש ובהמה"
                    HPOS="985.0"
                    VPOS="2529.0"
                    WIDTH="1446.0"
                    HEIGHT="153.0"></String>
          </TextLine>

          
          
          <TextLine ID="eSc_line_14eacf02"
                    TAGREFS="LT3"
                    BASELINE="2214 2668 2454 2676" 
                    HPOS="2213"
                    VPOS="2638"
                    WIDTH="241"
                    HEIGHT="67">
            <Shape><Polygon POINTS="2214 2638 2454 2646 2453 2705 2213 2697"/></Shape>
	    <String CONTENT=""
                    HPOS="2213"
                    VPOS="2638"
                    WIDTH="241"
                    HEIGHT="67"></String>
          </TextLine>

          
          
          <TextLine ID="eSc_line_34299a55"
                    
                    BASELINE="920 2709 1319 2726 2010 2726 2267 2715 2492 2736" 
                    HPOS="914.0"
                    VPOS="2654.0"
                    WIDTH="1572.0"
                    HEIGHT="165.0">
            <Shape><Polygon POINTS="914 2704 1013 2654 1068 2682 1758 2676 1895 2654 2042 2682 2146 2660 2223 2693 2393 2687 2448 2654 2486 2731 2426 2802 2234 2802 2190 2780 2141 2808 2059 2808 2004 2769 1922 2791 1878 2748 1834 2791 1769 2802 1374 2791 1330 2764 1292 2802 1172 2797 1122 2819 1062 2791 1002 2808 920 2726"/></Shape>
	    <String CONTENT="ודמאים ˙ אד&#39; בנייה אשר ברא ועשה"
                    HPOS="914.0"
                    VPOS="2654.0"
                    WIDTH="1572.0"
                    HEIGHT="165.0"></String>
          </TextLine>

          
          
          <TextLine ID="eSc_line_5aeb0c45"
                    
                    BASELINE="996 2857 2459 2857" 
                    HPOS="991.0"
                    VPOS="2753.0"
                    WIDTH="1462.0"
                    HEIGHT="197.0">
            <Shape><Polygon POINTS="991 2852 1068 2797 1221 2813 1303 2802 1341 2769 1385 2802 1834 2802 1884 2753 1933 2802 2157 2808 2207 2780 2234 2808 2431 2813 2453 2852 2415 2934 2377 2901 2327 2950 2097 2939 2031 2873 1971 2928 1867 2934 1643 2934 1588 2912 1549 2934 1478 2906 1413 2934 1177 2939 1128 2890 1046 2945 1002 2901"/></Shape>
	    <String CONTENT="אין בת&#39; באן אלא אשר ברא אלקים [לע&#39;]"
                    HPOS="991.0"
                    VPOS="2753.0"
                    WIDTH="1462.0"
                    HEIGHT="197.0"></String>
          </TextLine>

          
          
          <TextLine ID="eSc_line_96471aa4"
                    
                    BASELINE="991 2977 2322 2988 2481 2972" 
                    HPOS="985.0"
                    VPOS="2895.0"
                    WIDTH="1490.0"
                    HEIGHT="176.0">
            <Shape><Polygon POINTS="985 2972 1117 2895 1166 2939 1396 2934 1473 2901 1533 2928 1944 2934 2015 2961 2130 2928 2322 2945 2371 2895 2475 2966 2409 3043 2377 3016 2327 3065 1604 3049 1522 3071 1374 3043 1319 3065 1035 3071 991 3032"/></Shape>
	    <String CONTENT="לעשות כל מה שהיה הקב&#39;ה עתיד [לע&#39;]"
                    HPOS="985.0"
                    VPOS="2895.0"
                    WIDTH="1490.0"
                    HEIGHT="176.0"></String>
          </TextLine>

          
          
          <TextLine ID="eSc_line_ac50ef69"
                    
                    BASELINE="991 3109 1484 3109 1539 3120 1840 3114 2021 3109 2459 3109" 
                    HPOS="985.0"
                    VPOS="3027.0"
                    WIDTH="1468.0"
                    HEIGHT="169.0">
            <Shape><Polygon POINTS="985 3103 1106 3054 2333 3071 2377 3027 2453 3103 2426 3175 2344 3191 1944 3185 1905 3158 1845 3191 1703 3191 1637 3164 1298 3196 1172 3175 1117 3191 991 3103"/></Shape>
	    <String CONTENT="לעשות בשביעי הקדים וברא בשש"
                    HPOS="985.0"
                    VPOS="3027.0"
                    WIDTH="1468.0"
                    HEIGHT="169.0"></String>
          </TextLine>

          
          
          <TextLine ID="eSc_line_1129d8b4"
                    
                    BASELINE="974 3240 2459 3240" 
                    HPOS="969.0"
                    VPOS="3158.0"
                    WIDTH="1484.0"
                    HEIGHT="170.0">
            <Shape><Polygon POINTS="969 3235 1024 3229 1073 3180 1714 3196 1862 3191 1911 3158 1944 3185 2333 3196 2420 3175 2453 3235 2442 3311 2360 3322 1922 3300 1643 3322 1582 3317 1544 3279 1489 3322 1221 3322 1144 3279 1089 3328 980 3235"/></Shape>
	    <String CONTENT="ר&#39; פנחס בשם ר&#39; הושעיא אף על דאת"
                    HPOS="969.0"
                    VPOS="3158.0"
                    WIDTH="1484.0"
                    HEIGHT="170.0"></String>
          </TextLine>

          
          
          <TextLine ID="eSc_line_75a608a3"
                    
                    BASELINE="909 3361 1927 3372 2294 3366 2349 3355 2459 3355" 
                    HPOS="903.0"
                    VPOS="3279.0"
                    WIDTH="1550.0"
                    HEIGHT="186.0">
            <Shape><Polygon POINTS="903 3355 958 3355 1007 3311 1089 3328 1139 3279 1183 3322 1489 3317 1539 3279 1571 3311 1632 3317 2393 3311 2437 3317 2453 3350 2437 3426 2393 3443 2272 3410 2245 3432 1966 3448 1878 3421 1840 3448 1632 3443 1610 3421 1007 3465 909 3372"/></Shape>
	    <String CONTENT="אמר כי בן שבת מכל מלאכתו ממלאכת"
                    HPOS="903.0"
                    VPOS="3279.0"
                    WIDTH="1550.0"
                    HEIGHT="186.0"></String>
          </TextLine>

          
          
          <TextLine ID="eSc_line_d8ffffa2"
                    
                    BASELINE="974 3497 1424 3497 1643 3487 2459 3492" 
                    HPOS="969.0"
                    VPOS="3410.0"
                    WIDTH="1484.0"
                    HEIGHT="175.0">
            <Shape><Polygon POINTS="969 3492 1095 3448 1845 3443 1873 3415 1944 3443 2179 3443 2278 3410 2316 3443 2420 3443 2453 3487 2404 3563 2360 3574 2327 3547 2190 3563 2168 3541 2086 3569 1555 3552 1451 3574 1418 3541 1391 3569 1336 3552 1144 3585 1068 3574 974 3492"/></Shape>
	    <String CONTENT="עולמך שבת ולא ממלאכת הדשעים"
                    HPOS="969.0"
                    VPOS="3410.0"
                    WIDTH="1484.0"
                    HEIGHT="175.0"></String>
          </TextLine>

          
          
          <TextLine ID="eSc_line_a0c4fcba"
                    
                    BASELINE="969 3612 1199 3612 1254 3623 2481 3612" 
                    HPOS="963.0"
                    VPOS="3558.0"
                    WIDTH="1512.0"
                    HEIGHT="148.0">
            <Shape><Polygon POINTS="963 3607 1029 3563 1456 3580 1905 3558 2415 3569 2475 3607 2420 3689 2272 3700 1763 3695 1714 3651 1654 3700 1434 3684 1292 3706 1204 3695 1161 3656 1095 3695 1035 3695 969 3634"/></Shape>
	    <String CONTENT="ולא ממלאבת הצדיקים אלא פועל עם"
                    HPOS="963.0"
                    VPOS="3558.0"
                    WIDTH="1512.0"
                    HEIGHT="148.0"></String>
          </TextLine>

          
          
          <TextLine ID="eSc_line_43a0d4b3"
                    
                    BASELINE="1013 3733 2360 3744 2459 3722" 
                    HPOS="1007.0"
                    VPOS="3656.0"
                    WIDTH="1446.0"
                    HEIGHT="170.0">
            <Shape><Polygon POINTS="1007 3727 1155 3662 1199 3706 1434 3684 1643 3706 1703 3656 1752 3700 2437 3684 2453 3716 2404 3815 2086 3799 2042 3820 1703 3820 1659 3777 1610 3815 1495 3815 1462 3782 1391 3815 1325 3771 1281 3815 1155 3826 1117 3793 1057 3820 1013 3777"/></Shape>
	    <String CONTENT="אילו ופועל עם אילך מראה לאילו"
                    HPOS="1007.0"
                    VPOS="3656.0"
                    WIDTH="1446.0"
                    HEIGHT="170.0"></String>
          </TextLine>

          
          
          <TextLine ID="eSc_line_5a806923"
                    
                    BASELINE="991 3864 2448 3853" 
                    HPOS="985.0"
                    VPOS="3777.0"
                    WIDTH="1457.0"
                    HEIGHT="186.0">
            <Shape><Polygon POINTS="985 3859 1111 3799 1150 3820 1287 3815 1325 3777 1369 3820 1424 3820 1456 3788 1495 3820 1621 3820 1659 3782 1697 3820 2344 3815 2442 3848 2415 3952 2327 3941 2261 3963 2174 3930 1916 3935 1873 3892 1801 3935 1424 3946 1391 3924 1084 3952 991 3859"/></Shape>
	    <String CONTENT="מעין דגמטורין שלהם ולאילך מעין"
                    HPOS="985.0"
                    VPOS="3777.0"
                    WIDTH="1457.0"
                    HEIGHT="186.0"></String>
          </TextLine>

          
          
          <TextLine ID="eSc_line_d47862dd"
                    
                    BASELINE="991 3985 1298 3985 1358 4001 1429 3990 2481 3996" 
                    HPOS="985.0"
                    VPOS="3924.0"
                    WIDTH="1490.0"
                    HEIGHT="170.0">
            <Shape><Polygon POINTS="985 3979 1057 3941 1785 3935 1845 3957 1878 3924 1900 3946 2404 3946 2475 3990 2398 4072 2114 4067 2075 4045 2037 4083 1977 4050 1916 4072 1610 4072 1560 4094 1522 4056 1424 4078 1330 4045 1259 4072 1078 4061 996 3979"/></Shape>
	    <String CONTENT="דגמטורין שלהם ומנין שפורענותם"
                    HPOS="985.0"
                    VPOS="3924.0"
                    WIDTH="1490.0"
                    HEIGHT="170.0"></String>
          </TextLine>

          
          
          <TextLine ID="eSc_line_39c8fc5d"
                    
                    BASELINE="1002 4116 1303 4116 1358 4127 2480 4140" 
                    HPOS="996.0"
                    VPOS="4056.0"
                    WIDTH="1479.0"
                    HEIGHT="153.0">
            <Shape><Polygon POINTS="996 4111 1078 4072 1319 4056 1396 4083 1533 4067 1582 4094 1632 4067 1993 4061 2037 4083 2086 4061 2415 4072 2475 4138 2415 4176 2272 4204 1966 4187 1916 4209 1889 4182 1840 4198 1807 4176 1232 4209 1193 4171 1161 4204 1106 4198 1002 4111"/></Shape>
	    <String CONTENT="של רשעים קדוייה מלאכה ע&#39; פרתח"
                    HPOS="996.0"
                    VPOS="4056.0"
                    WIDTH="1479.0"
                    HEIGHT="153.0"></String>
          </TextLine>

          
          
          <TextLine ID="eSc_line_6bd334f4"
                    
                    BASELINE="991 4264 1139 4253 2475 4271" 
                    HPOS="985.0"
                    VPOS="4176.0"
                    WIDTH="1485.0"
                    HEIGHT="159.0">
            <Shape><Polygon POINTS="985 4258 996 4220 1062 4176 1166 4215 1741 4187 1889 4187 1916 4215 1977 4193 2283 4209 2409 4176 2470 4269 2409 4313 2218 4335 2075 4313 2026 4330 1988 4291 1955 4324 1895 4330 1610 4324 1571 4286 1500 4335 1040 4335 991 4286"/></Shape>
	    <String CONTENT="ייי את אוצרו [הטוב&#39; ריוצא את כלי ע"
                    HPOS="985.0"
                    VPOS="4176.0"
                    WIDTH="1485.0"
                    HEIGHT="159.0"></String>
          </TextLine>

          
          
          <TextLine ID="eSc_line_7c837a63"
                    
                    BASELINE="958 4368 1544 4379 1604 4390 2480 4403" 
                    HPOS="952.0"
                    VPOS="4286.0"
                    WIDTH="1523.0"
                    HEIGHT="186.0">
            <Shape><Polygon POINTS="952 4362 1035 4330 1517 4330 1571 4286 1670 4335 2387 4319 2464 4346 2475 4401 2459 4455 2409 4461 2229 4461 2201 4439 2053 4466 1626 4455 1555 4434 1473 4455 1445 4434 1413 4461 1095 4439 1040 4472 958 4390"/></Shape>
	    <String CONTENT="ועמך בי מלאבה היא לייי ומנין שמתן"
                    HPOS="952.0"
                    VPOS="4286.0"
                    WIDTH="1523.0"
                    HEIGHT="186.0"></String>
          </TextLine>

          
          
          <TextLine ID="eSc_line_f454426c"
                    
                    BASELINE="996 4494 1413 4494 1473 4505 2453 4510" 
                    HPOS="991.0"
                    VPOS="4434.0"
                    WIDTH="1457.0"
                    HEIGHT="175.0">
            <Shape><Polygon POINTS="991 4488 1051 4477 1100 4434 1434 4472 1500 4450 2377 4455 2431 4461 2448 4505 2409 4581 2267 4581 2229 4609 2190 4570 1900 4576 1873 4603 1730 4581 1686 4603 1659 4581 1621 4592 1588 4559 1533 4587 1500 4554 1424 4587 1243 4559 1139 4587 1068 4576 996 4505"/></Shape>
	    <String CONTENT="שבדן של צדיקים קדוי מלאבה שנא"
                    HPOS="991.0"
                    VPOS="4434.0"
                    WIDTH="1457.0"
                    HEIGHT="175.0"></String>
          </TextLine>

          
          
          <TextLine ID="eSc_line_8400d6f0"
                    
                    BASELINE="969 4631 1374 4625 1484 4636 1895 4642 1949 4653 2481 4642" 
                    HPOS="963.0"
                    VPOS="4549.0"
                    WIDTH="1512.0"
                    HEIGHT="208.0">
            <Shape><Polygon POINTS="963 4625 1035 4549 1068 4581 1155 4598 1237 4559 1517 4603 1588 4559 1621 4592 1686 4603 1900 4581 2190 4581 2229 4609 2415 4592 2475 4636 2415 4729 2305 4729 2251 4696 2185 4718 2053 4707 1999 4757 1927 4696 1900 4718 1851 4702 1801 4735 1725 4685 1659 4724 1445 4713 1418 4685 1287 4718 1029 4713 969 4658"/></Shape>
	    <String CONTENT="מה רב טובך אשר צפנ&#39;] ליריא&#39; פע&#39; לחו"
                    HPOS="963.0"
                    VPOS="4549.0"
                    WIDTH="1512.0"
                    HEIGHT="208.0"></String>
          </TextLine>

          
          
          <TextLine ID="eSc_line_474e2cfe"
                    
                    BASELINE="1210 4762 1648 4773 1708 4784 2488 4784" 
                    HPOS="1204.0"
                    VPOS="4680.0"
                    WIDTH="1282.0"
                    HEIGHT="192.0">
            <Shape><Polygon POINTS="1204 4757 1210 4735 1418 4680 1451 4713 1763 4718 1823 4773 1878 4740 1999 4773 2031 4740 2251 4696 2294 4724 2409 4724 2486 4778 2377 4872 2305 4817 2267 4855 2201 4855 2081 4789 2004 4844 1851 4778 1752 4861 1675 4839 1341 4844 1287 4811 1210 4839"/></Shape>
	    <String CONTENT="בך וגו&#39; ˙ פדשתא יב&#39; ˙"
                    HPOS="1204.0"
                    VPOS="4680.0"
                    WIDTH="1282.0"
                    HEIGHT="192.0"></String>
          </TextLine>

          
          
          <TextLine ID="eSc_line_493da186"
                    
                    BASELINE="969 4893 1265 4888 1330 4899 1473 4904 1785 4904 1840 4921 1895 4910 2442 4910" 
                    HPOS="963.0"
                    VPOS="4762.0"
                    WIDTH="1474.0"
                    HEIGHT="230.0">
            <Shape><Polygon POINTS="963 4888 969 4850 1057 4762 1139 4844 1254 4850 2021 4844 2086 4789 2141 4839 2218 4861 2267 4855 2305 4817 2360 4872 2415 4861 2437 4904 2387 4986 1911 4986 1845 4965 1796 4986 1703 4959 1654 4981 1478 4981 1374 4932 1325 4981 1281 4948 1172 4992 1095 4959 1013 4976 969 4932"/></Shape>
	    <String CONTENT="אלה תולדות השמים והארץ ˙ הן אלה"
                    HPOS="963.0"
                    VPOS="4762.0"
                    WIDTH="1474.0"
                    HEIGHT="230.0"></String>
          </TextLine>

          
          
          <TextLine ID="eSc_line_34bd8fc7"
                    
                    BASELINE="952 5025 1358 5036 1489 5047 2382 5047 2475 5025" 
                    HPOS="947.0"
                    VPOS="4981.0"
                    WIDTH="1523.0"
                    HEIGHT="126.0">
            <Shape><Polygon POINTS="947 5019 952 4997 1062 4981 1177 5003 1670 5003 1692 4981 1944 5003 2125 4981 2470 5019 2453 5080 2398 5107 2289 5107 2267 5085 2146 5107 2108 5080 1993 5107 1955 5080 1916 5107 1823 5107 1801 5085 1659 5107 1078 5107 1040 5074 952 5074"/></Shape>
	    <String CONTENT="קצות דרכין ˙ וגר&#39; אר הונא כל מה [שא&#39;‏"
                    HPOS="947.0"
                    VPOS="4981.0"
                    WIDTH="1523.0"
                    HEIGHT="126.0"></String>
          </TextLine>

          
        </TextBlock>
        
        <TextBlock HPOS="2499.0"
                   VPOS="2418.0"
                   WIDTH="303.0"
                   HEIGHT="91.0"
                   ID="eSc_textblock_f70fcfea"
                   TAGREFS="BT225">
          <Shape><Polygon POINTS="2499 2418 2499 2509 2802 2509 2802 2418"/></Shape>
          
          
          <TextLine ID="eSc_line_15aa9476"
                    
                    BASELINE="2525 2455 2793 2468" 
                    HPOS="2523"
                    VPOS="2425"
                    WIDTH="271"
                    HEIGHT="72">
            <Shape><Polygon POINTS="2526 2425 2794 2438 2791 2497 2523 2484"/></Shape>
	    <String CONTENT=""
                    HPOS="2523"
                    VPOS="2425"
                    WIDTH="271"
                    HEIGHT="72"></String>
          </TextLine>

          
        </TextBlock>
        
        <TextBlock HPOS="2612.0"
                   VPOS="3039.0"
                   WIDTH="226.0"
                   HEIGHT="63.0"
                   ID="eSc_textblock_3caa4333"
                   TAGREFS="BT225">
          <Shape><Polygon POINTS="2612 3039 2616 3102 2829 3098 2838 3039"/></Shape>
          
          
          <TextLine ID="eSc_line_528363c5"
                    
                    BASELINE="2634 3081 2839 3071" 
                    HPOS="2632"
                    VPOS="3041"
                    WIDTH="208"
                    HEIGHT="69">
            <Shape><Polygon POINTS="2632 3051 2837 3041 2840 3100 2635 3110"/></Shape>
	    <String CONTENT="תי איל"
                    HPOS="2632"
                    VPOS="3041"
                    WIDTH="208"
                    HEIGHT="69"></String>
          </TextLine>

          
        </TextBlock>
        
        <TextBlock HPOS="795.0"
                   VPOS="750.0"
                   WIDTH="326.0"
                   HEIGHT="90.0"
                   ID="eSc_textblock_54f39c00"
                   TAGREFS="BT225">
          <Shape><Polygon POINTS="795 750 795 840 1121 840 1121 750"/></Shape>
          
          
          <TextLine ID="eSc_line_6839bd3d"
                    
                    BASELINE="843 798 1114 795" 
                    HPOS="842"
                    VPOS="765"
                    WIDTH="272"
                    HEIGHT="62">
            <Shape><Polygon POINTS="842 768 1113 765 1114 824 843 827"/></Shape>
	    <String CONTENT=""
                    HPOS="842"
                    VPOS="765"
                    WIDTH="272"
                    HEIGHT="62"></String>
          </TextLine>

          
        </TextBlock>
        
        <TextBlock HPOS="234.0"
                   VPOS="659.0"
                   WIDTH="325.0"
                   HEIGHT="109.0"
                   ID="eSc_textblock_f64b014c"
                   TAGREFS="BT225">
          <Shape><Polygon POINTS="234 659 234 768 559 768 559 659"/></Shape>
          
          
          <TextLine ID="eSc_line_361a74cb"
                    
                    BASELINE="274 719 543 714" 
                    HPOS="273"
                    VPOS="684"
                    WIDTH="270"
                    HEIGHT="64">
            <Shape><Polygon POINTS="273 689 542 684 543 743 274 748"/></Shape>
	    <String CONTENT=""
                    HPOS="273"
                    VPOS="684"
                    WIDTH="270"
                    HEIGHT="64"></String>
          </TextLine>

          
        </TextBlock>
        
        <TextBlock HPOS="778.0"
                   VPOS="2439.0"
                   WIDTH="280.0"
                   HEIGHT="50.0"
                   ID="eSc_textblock_5413a58d"
                   TAGREFS="BT225">
          <Shape><Polygon POINTS="778 2439 778 2489 1058 2489 1058 2439"/></Shape>
          
          
          <TextLine ID="eSc_line_ada8d9e4"
                    
                    BASELINE="811 2466 1071 2468" 
                    HPOS="810"
                    VPOS="2436"
                    WIDTH="261"
                    HEIGHT="61">
            <Shape><Polygon POINTS="811 2436 1071 2438 1070 2497 810 2495"/></Shape>
	    <String CONTENT="ב כר"
                    HPOS="810"
                    VPOS="2436"
                    WIDTH="261"
                    HEIGHT="61"></String>
          </TextLine>

          
        </TextBlock>
        
        <TextBlock HPOS="2379.0"
                   VPOS="6028.0"
                   WIDTH="534.0"
                   HEIGHT="199.0"
                   ID="eSc_textblock_d20e2b8c"
                   TAGREFS="BT225">
          <Shape><Polygon POINTS="2379 6028 2379 6227 2913 6227 2913 6028"/></Shape>
          
          
          <TextLine ID="eSc_line_b958fa69"
                    
                    BASELINE="2436 6088 2893 6078" 
                    HPOS="2435"
                    VPOS="6048"
                    WIDTH="458"
                    HEIGHT="69">
            <Shape><Polygon POINTS="2435 6058 2892 6048 2893 6107 2436 6117"/></Shape>
	    <String CONTENT="ר"
                    HPOS="2435"
                    VPOS="6048"
                    WIDTH="458"
                    HEIGHT="69"></String>
          </TextLine>

          
          
          <TextLine ID="eSc_line_49aceb11"
                    
                    BASELINE="2425 6127 2900 6114" 
                    HPOS="2424"
                    VPOS="6084"
                    WIDTH="476"
                    HEIGHT="72">
            <Shape><Polygon POINTS="2424 6097 2899 6084 2900 6143 2425 6156"/></Shape>
	    <String CONTENT="ו"
                    HPOS="2424"
                    VPOS="6084"
                    WIDTH="476"
                    HEIGHT="72"></String>
          </TextLine>

          
          
          <TextLine ID="eSc_line_b125bae1"
                    
                    BASELINE="2669 6164 2885 6159" 
                    HPOS="2668"
                    VPOS="6129"
                    WIDTH="217"
                    HEIGHT="64">
            <Shape><Polygon POINTS="2668 6134 2884 6129 2885 6188 2669 6193"/></Shape>
	    <String CONTENT="ל ה"
                    HPOS="2668"
                    VPOS="6129"
                    WIDTH="217"
                    HEIGHT="64"></String>
          </TextLine>

          
        </TextBlock>
        

        
      </PrintSpace>
    </Page>
  </Layout>
</alto>
