<?xml version="1.0" encoding="UTF-8"?>
<alto xmlns:xsi="http://www.w3.org/2001/XMLSchema-instance"
      xmlns="http://www.loc.gov/standards/alto/ns-v4#"
      xsi:schemaLocation="http://www.loc.gov/standards/alto/ns-v4# http://www.loc.gov/standards/alto/v4/alto-4-2.xsd">
  <Description>
    <MeasurementUnit>pixel</MeasurementUnit>
    <sourceImageInformation>
      <fileName>Vat.ebr.66_0298_fa_0140v.jpg</fileName>
      
    </sourceImageInformation>
  </Description>
  
  <Tags>
    <OtherTag ID="BT1" LABEL="Title" DESCRIPTION="block type Title"/><OtherTag ID="BT2" LABEL="Main" DESCRIPTION="block type Main"/><OtherTag ID="BT3" LABEL="Commentary" DESCRIPTION="block type Commentary"/><OtherTag ID="BT4" LABEL="Illustration" DESCRIPTION="block type Illustration"/><OtherTag ID="BT846" LABEL="Margin" DESCRIPTION="block type Margin"/><OtherTag ID="BT847" LABEL="Paratext" DESCRIPTION="block type Paratext"/><OtherTag ID="BT848" LABEL="Arabic" DESCRIPTION="block type Arabic"/>
    <OtherTag ID="LT3" LABEL="Correction" DESCRIPTION="line type Correction"/>
  </Tags>
  
  <Layout>
    <Page WIDTH="2449"
          HEIGHT="3191"
          PHYSICAL_IMG_NR="281"
          ID="eSc_dummypage_">
      <PrintSpace HPOS="0"
                  VPOS="0"
                  WIDTH="2449"
                  HEIGHT="3191">
        
        <TextBlock HPOS="321.0"
                   VPOS="436.0"
                   WIDTH="1611.0"
                   HEIGHT="2261.0"
                   ID="eSc_textblock_57a318c3"
                   TAGREFS="BT2">
          <Shape><Polygon POINTS="372 436 1932 436 1907 2697 321 2653"/></Shape>
          
          
          <TextLine ID="eSc_line_1947200"
                    
                    BASELINE="407 550 641 558 1381 545 1954 547" 
                    HPOS="401"
                    VPOS="462"
                    WIDTH="1552"
                    HEIGHT="128">
            <Shape><Polygon POINTS="404 547 404 587 1905 590 1908 590 1911 590 1951 574 1953 545 1951 478 1647 462 1645 462 1559 478 1538 481 1522 478 1474 465 1472 465 1469 465 1386 478 1365 481 1352 478 1307 465 1304 465 1301 465 1299 465 1261 478 1253 481 1248 478 1219 462 1216 462 1213 462 1211 462 1179 478 1168 483 1160 478 1139 465 1136 465 1133 465 1131 465 1128 465 1094 478 1078 486 1019 486 1011 478 995 465 992 465 990 465 873 465 870 465 867 465 814 478 782 489 740 489 732 478 721 470 721 468 718 468 716 468 713 468 401 478 404 547"/></Shape>
	    <String CONTENT="על שלוש בגד שלוא ארג בו שלוש על שלוש מנ&#39; תל&#39; לו&#39; והבגד"
                    HPOS="401"
                    VPOS="462"
                    WIDTH="1552"
                    HEIGHT="128"></String>
          </TextLine>

          
          
          <TextLine ID="eSc_line_1947202"
                    
                    BASELINE="364 635 428 643 886 640 1176 643 1315 638 1597 643 1954 633" 
                    HPOS="359"
                    VPOS="561"
                    WIDTH="1594"
                    HEIGHT="125">
            <Shape><Polygon POINTS="362 632 362 672 963 686 966 686 1181 670 1195 670 1221 683 1224 683 1227 683 1229 683 1267 670 1275 670 1453 683 1456 683 1533 670 1663 683 1666 683 1951 664 1953 632 1951 585 1842 585 1778 561 1775 561 1772 561 1770 561 1767 561 1767 563 1748 582 1700 563 1698 563 1695 563 1509 582 1243 563 1240 563 1237 563 1189 585 1104 563 1102 563 1099 563 984 579 966 566 963 566 960 566 958 566 955 566 952 566 918 587 897 587 588 566 585 566 582 566 548 582 441 569 439 569 359 587 362 632"/></Shape>
	    <String CONTENT="אין לי אלא בגד שיש לו לאיכן שיפשה בגד שאין לו לאיכן שיפשה"
                    HPOS="359"
                    VPOS="561"
                    WIDTH="1594"
                    HEIGHT="125"></String>
          </TextLine>

          
          
          <TextLine ID="eSc_line_1947203"
                    
                    BASELINE="417 731 678 736 955 725 1959 725" 
                    HPOS="412"
                    VPOS="656"
                    WIDTH="1544"
                    HEIGHT="101">
            <Shape><Polygon POINTS="415 728 415 757 1953 757 1956 723 1953 683 1812 683 1788 659 1788 656 1786 656 1783 656 1719 656 1716 656 1714 656 1711 656 1674 680 1647 656 1645 656 1642 656 1466 656 1464 656 1461 656 1458 656 1458 659 1437 675 1416 659 1413 659 1410 659 1251 656 1248 656 1245 656 1243 656 1243 659 1216 683 1128 683 1064 659 1062 659 1059 659 1056 659 1016 680 987 656 984 656 982 656 979 656 859 680 814 656 811 656 809 656 806 656 803 656 766 678 750 664 750 662 748 662 745 662 630 656 628 656 625 656 580 678 564 667 561 667 559 667 556 667 412 680 415 728"/></Shape>
	    <String CONTENT="מנ&#39; תל&#39; לו&#39; והבגד דברי ר&#39; אליעזר אמר לו ר&#39; ישמעאל ר&#39; הרי את"
                    HPOS="412"
                    VPOS="656"
                    WIDTH="1544"
                    HEIGHT="101"></String>
          </TextLine>

          
          
          <TextLine ID="eSc_line_1947204"
                    
                    BASELINE="404 816 638 824 1248 821 1466 824 1943 816" 
                    HPOS="399"
                    VPOS="739"
                    WIDTH="1541"
                    HEIGHT="130">
            <Shape><Polygon POINTS="401 813 401 856 702 869 705 869 771 856 809 869 811 869 814 869 817 869 870 856 1046 866 1048 866 1235 853 1245 853 1253 853 1381 866 1384 866 1386 866 1429 853 1450 866 1453 866 1456 866 1458 869 1626 869 1626 866 1937 848 1940 813 1937 763 1828 763 1791 739 1788 739 1786 739 1783 739 1655 763 1650 763 1642 763 1549 744 1546 744 1368 763 1317 744 1315 744 1312 744 1309 744 1307 744 1307 747 1288 765 1102 765 1027 741 1024 741 1022 741 1019 741 1016 741 976 765 921 744 918 744 915 744 843 760 827 747 827 744 825 744 822 744 819 744 817 744 785 760 710 744 449 744 447 744 444 744 399 763 401 813"/></Shape>
	    <String CONTENT="או&#39; לכתוב שתוק עד שאדרוש א&#39; לו ר&#39; אליעזר ישמעאל דקל"
                    HPOS="399"
                    VPOS="739"
                    WIDTH="1541"
                    HEIGHT="130"></String>
          </TextLine>

          
          
          <TextLine ID="eSc_line_1947205"
                    
                    BASELINE="351 912 425 920 1472 920 1818 912 1943 902" 
                    HPOS="346"
                    VPOS="840"
                    WIDTH="1594"
                    HEIGHT="125">
            <Shape><Polygon POINTS="348 909 348 951 1378 965 1381 965 1940 949 1940 901 1937 866 1903 866 1879 842 1879 840 1876 840 1874 840 1815 840 1812 840 1810 840 1807 840 1807 842 1786 864 1735 840 1732 840 1730 840 1554 864 1392 840 1389 840 1275 866 1272 866 1240 842 1237 842 1235 842 1232 842 1112 866 1110 866 1104 866 1011 845 1008 845 1006 845 1003 845 979 866 947 842 944 842 942 842 865 842 862 842 859 842 769 866 737 842 734 842 732 842 729 842 726 842 684 866 652 845 649 845 646 845 644 845 641 845 638 845 609 864 566 842 564 842 561 842 559 842 556 842 527 866 449 842 447 842 444 842 441 842 346 866 348 909"/></Shape>
	    <String CONTENT="הרים אתה ˙ יכול יהוא מיטמין בין צבועין ובין שאינן צבועין"
                    HPOS="346"
                    VPOS="840"
                    WIDTH="1594"
                    HEIGHT="125"></String>
          </TextLine>

          
          
          <TextLine ID="eSc_line_1947206"
                    
                    BASELINE="399 1007 1517 1015 1756 1002 1943 1002" 
                    HPOS="393"
                    VPOS="933"
                    WIDTH="1547"
                    HEIGHT="130">
            <Shape><Polygon POINTS="396 1005 393 1037 449 1058 452 1058 455 1058 638 1039 641 1039 748 1061 750 1063 1038 1063 1038 1061 1040 1061 1067 1047 1259 1061 1261 1061 1264 1061 1267 1061 1267 1058 1280 1045 1312 1063 1315 1063 1317 1063 1410 1050 1442 1063 1445 1063 1448 1063 1450 1063 1453 1063 1474 1045 1535 1061 1538 1061 1541 1061 1937 1042 1940 999 1937 970 1908 970 1908 967 1874 938 1871 938 1868 938 1780 938 1778 938 1775 938 1772 938 1772 941 1764 949 1754 941 1754 938 1751 938 1748 938 1530 938 1527 938 1525 938 1522 938 1504 951 1442 938 1440 938 1437 938 1434 938 1434 941 1413 957 1325 941 1322 941 1320 941 1317 941 1288 967 1256 967 1213 938 1211 938 1208 938 1205 938 1203 938 1149 962 1091 936 1088 936 1086 936 1083 936 1080 936 1046 965 1046 967 897 967 897 965 849 944 846 944 843 944 708 965 702 965 700 965 665 933 662 933 660 933 657 933 654 933 598 946 540 936 537 936 535 936 532 936 532 938 503 965 396 965 396 1005"/></Shape>
	    <String CONTENT="תל&#39; לו&#39; בבגד צמר או בבגד פשתים מה פישתין כביריתה אף"
                    HPOS="393"
                    VPOS="933"
                    WIDTH="1547"
                    HEIGHT="130"></String>
          </TextLine>

          
          
          <TextLine ID="eSc_line_1947207"
                    
                    BASELINE="380 1116 588 1116 686 1111 1240 1116 1408 1108 1671 1108 1943 1095" 
                    HPOS="375"
                    VPOS="1031"
                    WIDTH="1565"
                    HEIGHT="125">
            <Shape><Polygon POINTS="377 1114 377 1146 1488 1156 1490 1156 1637 1140 1647 1140 1661 1140 1882 1154 1884 1154 1887 1154 1940 1138 1940 1092 1937 1058 1897 1058 1874 1034 1874 1031 1871 1031 1868 1031 1866 1031 1863 1031 1770 1055 1746 1034 1746 1031 1743 1031 1740 1031 1738 1031 1735 1031 1661 1053 1570 1031 1567 1031 1565 1031 1562 1031 1530 1058 1504 1058 1482 1061 1453 1061 1453 1058 1429 1037 1429 1034 1426 1034 1424 1034 1421 1034 1312 1058 1288 1037 1288 1034 1285 1034 1283 1034 1197 1034 1195 1034 1192 1034 1189 1034 1165 1050 1099 1037 1096 1037 1094 1037 1091 1037 1091 1039 1070 1058 976 1042 974 1042 971 1042 902 1061 899 1061 897 1061 846 1039 843 1039 841 1039 838 1039 798 1058 779 1042 779 1039 777 1039 774 1039 705 1037 702 1037 700 1037 641 1061 620 1039 620 1037 617 1037 614 1037 503 1037 500 1037 375 1061 377 1114"/></Shape>
	    <String CONTENT="צמר כביריתו ˙ אוציא את הצבוע בידי אדם ולא אוציא את"
                    HPOS="375"
                    VPOS="1031"
                    WIDTH="1565"
                    HEIGHT="125"></String>
          </TextLine>

          
          
          <TextLine ID="eSc_line_1947208"
                    
                    BASELINE="377 1207 529 1217 644 1217 742 1212 1147 1212 1392 1204 1554 1204 1850 1193 1927 1196" 
                    HPOS="372"
                    VPOS="1124"
                    WIDTH="1552"
                    HEIGHT="125">
            <Shape><Polygon POINTS="1919 1146 1820 1124 1818 1124 1815 1124 1730 1148 1727 1151 1682 1151 1533 1151 1461 1130 1458 1130 1456 1130 1453 1130 1450 1130 1450 1132 1432 1148 1397 1130 1394 1130 1392 1130 1389 1130 1349 1151 1325 1130 1322 1130 1320 1130 1269 1130 1267 1130 1131 1154 1083 1135 1080 1135 1078 1135 1075 1135 1072 1135 1072 1138 1051 1156 1003 1156 926 1132 923 1132 921 1132 817 1135 814 1135 811 1135 811 1138 790 1159 708 1159 686 1138 686 1135 684 1135 681 1135 678 1135 561 1154 545 1140 545 1138 543 1138 540 1138 537 1138 436 1151 404 1138 401 1138 399 1138 396 1138 393 1138 372 1154 375 1204 375 1247 1456 1249 1458 1249 1919 1231 1924 1193 1921 1188 1919 1146"/></Shape>
	    <String CONTENT="הצבוע בידי שמים תל&#39; לו&#39; לפשתים ולצמר מה פישתן לבנה"
                    HPOS="372"
                    VPOS="1124"
                    WIDTH="1552"
                    HEIGHT="125"></String>
          </TextLine>

          
          
          <TextLine ID="eSc_line_1947209"
                    
                    BASELINE="433 1308 870 1313 1229 1300 1599 1302 1940 1292" 
                    HPOS="428"
                    VPOS="1220"
                    WIDTH="1509"
                    HEIGHT="136">
            <Shape><Polygon POINTS="431 1305 431 1342 721 1356 724 1356 939 1340 1011 1350 1014 1350 1016 1350 1046 1337 1048 1337 1064 1337 1256 1348 1259 1348 1317 1334 1320 1334 1336 1348 1338 1348 1341 1348 1344 1350 1621 1350 1621 1348 1623 1348 1679 1332 1852 1345 1855 1345 1935 1326 1937 1289 1932 1239 1887 1239 1884 1239 1860 1220 1858 1220 1855 1220 1852 1220 1754 1233 1639 1220 1637 1220 1634 1220 1594 1239 1586 1241 1546 1239 1362 1223 1360 1223 1357 1223 1325 1239 1317 1244 1291 1239 1216 1225 1064 1225 1062 1225 1059 1225 1019 1241 1014 1241 1006 1241 939 1228 937 1228 934 1228 889 1241 865 1249 580 1249 566 1241 553 1231 551 1231 548 1231 545 1231 428 1241 431 1305"/></Shape>
	    <String CONTENT="אף צמר לבן או בשתי או בערב יכול שתי ועירב שלנפה"
                    HPOS="428"
                    VPOS="1220"
                    WIDTH="1509"
                    HEIGHT="136"></String>
          </TextLine>

          
          
          <TextLine ID="eSc_line_1947210"
                    
                    BASELINE="388 1401 465 1412 596 1412 1032 1396 1301 1398 1740 1385 1945 1385" 
                    HPOS="383"
                    VPOS="1310"
                    WIDTH="1560"
                    HEIGHT="147">
            <Shape><Polygon POINTS="385 1398 385 1443 612 1457 614 1457 745 1454 748 1454 750 1454 774 1438 779 1435 822 1438 937 1443 939 1443 984 1435 1006 1430 1019 1433 1048 1443 1051 1443 1054 1443 1118 1433 1147 1427 1157 1433 1176 1441 1179 1441 1181 1441 1248 1430 1277 1425 1283 1430 1293 1438 1293 1441 1296 1441 1299 1441 1301 1443 1360 1443 1360 1441 1362 1441 1402 1427 1405 1427 1408 1427 1482 1438 1485 1438 1488 1438 1490 1438 1509 1425 1514 1422 1527 1425 1575 1435 1578 1435 1581 1435 1605 1425 1610 1422 1631 1422 1727 1433 1730 1433 1940 1417 1943 1382 1937 1332 1842 1332 1820 1313 1820 1310 1818 1310 1815 1310 1751 1310 1748 1310 1746 1310 1743 1310 1743 1313 1727 1326 1663 1313 1661 1313 1658 1313 1610 1337 1594 1324 1591 1324 1589 1324 1586 1324 1517 1337 1501 1324 1501 1321 1498 1321 1496 1321 1381 1321 1378 1321 1376 1321 1373 1321 1352 1337 1333 1321 1333 1318 1330 1318 1328 1318 1325 1318 1128 1321 976 1337 891 1326 889 1326 886 1326 883 1326 883 1329 857 1353 787 1329 785 1329 782 1329 644 1337 641 1337 638 1337 609 1358 606 1358 545 1342 543 1342 540 1342 489 1353 463 1337 460 1337 457 1337 455 1337 452 1337 383 1361 385 1398"/></Shape>
	    <String CONTENT="ושלכברה יהו טמיאין תל&#39; לו&#39; בבגד צמר או בבגד פשתים"
                    HPOS="383"
                    VPOS="1310"
                    WIDTH="1560"
                    HEIGHT="147"></String>
          </TextLine>

          
          
          <TextLine ID="eSc_line_1947211"
                    
                    BASELINE="449 1497 734 1497 870 1491 1362 1491 1719 1478 1935 1478" 
                    HPOS="444"
                    VPOS="1406"
                    WIDTH="1488"
                    HEIGHT="138">
            <Shape><Polygon POINTS="447 1494 447 1531 692 1544 694 1544 771 1531 793 1529 806 1531 843 1542 846 1542 849 1542 982 1531 1048 1526 1927 1526 1932 1475 1929 1433 1836 1433 1754 1406 1751 1406 1748 1406 1746 1406 1695 1433 1661 1414 1658 1414 1655 1414 1567 1422 1549 1409 1546 1409 1543 1409 1541 1409 1538 1409 1496 1430 1464 1409 1461 1409 1458 1409 1456 1409 1453 1409 1381 1435 1267 1412 1264 1412 1213 1414 1211 1414 1208 1414 1208 1417 1184 1438 1118 1417 1115 1417 1112 1417 1059 1427 995 1414 992 1414 771 1417 769 1417 766 1417 740 1441 697 1430 694 1430 692 1430 689 1430 686 1430 686 1433 676 1443 673 1446 593 1446 590 1443 566 1422 564 1422 561 1422 559 1422 556 1422 516 1443 513 1446 444 1446 447 1494"/></Shape>
	    <String CONTENT="˙ אוציא שתי ועירב שלנפה ושלכברה ולא אוציא את"
                    HPOS="444"
                    VPOS="1406"
                    WIDTH="1488"
                    HEIGHT="138"></String>
          </TextLine>

          
          
          <TextLine ID="eSc_line_1947212"
                    
                    BASELINE="322 1595 692 1587 1381 1590 1695 1579 1863 1579 1935 1572" 
                    HPOS="316"
                    VPOS="1502"
                    WIDTH="1616"
                    HEIGHT="122">
            <Shape><Polygon POINTS="319 1592 319 1624 1932 1616 1932 1571 1929 1529 1796 1502 1794 1502 1791 1502 1788 1502 1754 1526 1671 1502 1669 1502 1666 1502 1663 1502 1661 1502 1661 1505 1637 1526 1469 1510 1466 1510 1464 1510 1416 1529 1370 1507 1368 1507 1365 1507 1362 1507 1360 1507 1330 1531 1213 1531 1163 1507 1160 1507 1157 1507 1155 1507 1120 1523 1032 1510 1030 1510 1027 1510 963 1526 891 1507 889 1507 886 1507 883 1507 833 1531 801 1507 798 1507 795 1507 793 1507 790 1507 692 1534 689 1534 686 1534 633 1510 630 1510 447 1510 444 1510 316 1534 319 1592"/></Shape>
	    <String CONTENT="שלשער ודין הוא מה אם הצמר שלא הוכשר לקבל שריפה"
                    HPOS="316"
                    VPOS="1502"
                    WIDTH="1616"
                    HEIGHT="122"></String>
          </TextLine>

          
          
          <TextLine ID="eSc_line_1947213"
                    
                    BASELINE="383 1672 476 1680 617 1680 806 1672 1181 1685 1935 1680" 
                    HPOS="377"
                    VPOS="1600"
                    WIDTH="1555"
                    HEIGHT="125">
            <Shape><Polygon POINTS="380 1669 377 1707 457 1723 460 1725 633 1725 633 1723 636 1723 662 1709 665 1709 750 1723 753 1723 822 1709 827 1709 833 1709 894 1723 897 1723 899 1723 934 1709 937 1709 968 1709 1219 1723 1221 1723 1275 1712 1285 1709 1291 1712 1315 1723 1317 1723 1320 1723 1929 1712 1932 1677 1929 1619 1839 1600 1732 1600 1730 1600 1727 1600 1724 1600 1703 1619 1456 1619 1397 1600 1394 1600 1392 1600 1389 1600 1360 1616 1344 1603 1341 1603 1338 1603 1336 1603 1261 1616 1179 1600 1176 1600 1054 1614 1024 1600 1022 1600 1019 1600 1016 1600 1014 1600 995 1616 942 1603 939 1603 937 1603 803 1616 771 1600 769 1600 644 1600 641 1600 638 1600 636 1600 609 1616 582 1603 580 1603 577 1603 380 1616 380 1669"/></Shape>
	    <String CONTENT="על ידי טומאה במקום אחר הרי שתי ועירב שלו טמא"
                    HPOS="377"
                    VPOS="1600"
                    WIDTH="1555"
                    HEIGHT="125"></String>
          </TextLine>

          
          
          <TextLine ID="eSc_line_1947214"
                    
                    BASELINE="340 1771 636 1781 915 1778 1011 1773 1349 1776 1549 1768 1756 1776 1871 1776 1935 1780" 
                    HPOS="335"
                    VPOS="1693"
                    WIDTH="1597"
                    HEIGHT="133">
            <Shape><Polygon POINTS="338 1768 335 1805 846 1818 849 1818 851 1818 897 1808 921 1802 995 1808 1176 1821 1179 1821 1181 1821 1224 1808 1235 1805 1248 1808 1280 1818 1283 1818 1285 1818 1288 1818 1320 1808 1336 1821 1336 1824 1338 1824 1341 1824 1344 1824 1570 1808 1594 1808 1607 1808 1690 1821 1693 1821 1767 1810 1788 1826 1791 1826 1794 1826 1796 1826 1927 1808 1932 1778 1932 1720 1876 1701 1874 1701 1730 1701 1727 1701 1724 1701 1722 1701 1703 1717 1589 1699 1496 1699 1493 1699 1490 1699 1488 1699 1464 1715 1426 1699 1424 1699 1421 1699 1418 1699 1368 1712 1283 1696 1280 1696 1277 1696 1213 1712 1205 1715 1205 1712 1184 1696 1181 1696 1179 1696 1176 1696 1173 1696 1139 1712 1133 1717 1064 1717 1059 1712 1046 1699 1046 1696 1043 1696 1040 1696 1038 1696 1035 1696 992 1709 982 1715 968 1709 934 1696 931 1696 929 1696 926 1696 923 1696 905 1709 899 1709 827 1699 825 1699 822 1699 819 1699 819 1701 811 1709 806 1712 793 1709 737 1693 734 1693 732 1693 729 1693 726 1693 708 1707 700 1712 338 1704 338 1768"/></Shape>
	    <String CONTENT="שער שהוכשר לקבל שרפה על ידי טומאה במקום אחר"
                    HPOS="335"
                    VPOS="1693"
                    WIDTH="1597"
                    HEIGHT="133"></String>
          </TextLine>

          
          
          <TextLine ID="eSc_line_1947215"
                    
                    BASELINE="401 1872 668 1872 910 1877 1871 1874 1935 1879" 
                    HPOS="396"
                    VPOS="1797"
                    WIDTH="1536"
                    HEIGHT="125">
            <Shape><Polygon POINTS="399 1869 399 1906 787 1906 811 1911 851 1919 854 1919 966 1911 1064 1906 1080 1914 1094 1919 1096 1919 1099 1919 1102 1919 1120 1914 1144 1906 1163 1914 1173 1919 1176 1919 1179 1919 1181 1919 1197 1914 1227 1906 1293 1914 1328 1919 1330 1919 1333 1919 1341 1917 1360 1906 1386 1917 1397 1919 1400 1919 1402 1919 1405 1919 1408 1919 1408 1917 1410 1917 1421 1906 1509 1906 1599 1917 1618 1919 1621 1919 1623 1919 1626 1919 1653 1906 1693 1919 1698 1919 1700 1919 1703 1919 1706 1919 1708 1919 1724 1906 1740 1919 1743 1919 1746 1919 1748 1922 1927 1922 1932 1877 1929 1821 1772 1797 1770 1797 1767 1797 1732 1816 1714 1802 1711 1802 1708 1802 1706 1802 1703 1802 1700 1802 1700 1805 1682 1821 1679 1824 1626 1824 1623 1821 1589 1797 1586 1797 1583 1797 1581 1797 1578 1797 1509 1821 1504 1821 1498 1821 1424 1805 1421 1805 1418 1805 1416 1805 1397 1821 1360 1800 1357 1800 1354 1800 1352 1800 1315 1818 1259 1797 1256 1797 1253 1797 1251 1797 1248 1797 1224 1816 1165 1805 1163 1805 1160 1805 1123 1821 1120 1821 1032 1797 1030 1797 1027 1797 1024 1797 1022 1797 1022 1800 1000 1818 968 1800 966 1800 963 1800 960 1800 958 1800 955 1800 929 1821 926 1824 827 1824 827 1821 803 1800 803 1797 801 1797 798 1797 662 1797 660 1797 657 1797 601 1821 601 1824 524 1824 524 1821 505 1805 503 1805 500 1805 497 1805 396 1821 399 1869"/></Shape>
	    <String CONTENT="אינו דין שיהא שתי ועירב שלו טמא תל&#39; לו&#39; לפשתים"
                    HPOS="396"
                    VPOS="1797"
                    WIDTH="1536"
                    HEIGHT="125"></String>
          </TextLine>

          
          
          <TextLine ID="eSc_line_1947201"
                    
                    BASELINE="436 1965 511 1973 958 1973 1437 1983 1847 1983 1921 1975" 
                    HPOS="431"
                    VPOS="1888"
                    WIDTH="1488"
                    HEIGHT="140">
            <Shape><Polygon POINTS="433 1962 431 2005 519 2018 521 2018 617 2007 644 2005 652 2007 689 2020 692 2020 694 2020 1213 2012 1307 2026 1309 2026 1376 2012 1392 2026 1394 2026 1397 2026 1400 2026 1464 2015 1599 2028 1602 2028 1916 2012 1919 1973 1916 1925 1871 1925 1871 1922 1847 1901 1847 1898 1844 1898 1842 1898 1767 1898 1764 1898 1762 1898 1759 1898 1759 1901 1746 1914 1719 1903 1716 1903 1714 1903 1711 1903 1708 1903 1708 1906 1690 1919 1666 1898 1663 1898 1661 1898 1658 1898 1655 1898 1602 1914 1533 1895 1530 1895 1527 1895 1525 1895 1464 1917 1453 1919 1288 1917 1285 1914 1256 1893 1253 1893 1251 1893 1248 1893 1091 1911 1043 1917 1006 1911 926 1895 923 1895 854 1909 822 1914 803 1909 758 1890 755 1890 753 1890 750 1890 716 1906 713 1906 710 1906 630 1888 628 1888 433 1901 433 1962"/></Shape>
	    <String CONTENT="ולצמר לא שלסיער ˙ יכול יהוא מיטמין מיד תל&#39; לו&#39; בגד"
                    HPOS="431"
                    VPOS="1888"
                    WIDTH="1488"
                    HEIGHT="140"></String>
          </TextLine>

          
          
          <TextLine ID="eSc_line_1947193"
                    
                    BASELINE="362 2066 958 2066 1277 2079 1847 2079 1911 2071" 
                    HPOS="356"
                    VPOS="1991"
                    WIDTH="1552"
                    HEIGHT="131">
            <Shape><Polygon POINTS="359 2063 356 2100 393 2116 396 2116 399 2116 476 2100 654 2100 657 2100 681 2116 684 2116 686 2116 689 2116 881 2103 899 2103 958 2103 960 2103 974 2116 974 2119 976 2119 979 2119 982 2122 1075 2122 1075 2119 1078 2119 1080 2119 1096 2106 1099 2103 1115 2106 1205 2119 1208 2119 1354 2108 1386 2106 1394 2108 1437 2122 1440 2122 1442 2122 1905 2111 1908 2068 1908 2026 1730 2005 1727 2005 1724 2005 1722 2005 1722 2007 1703 2023 1703 2026 1517 2026 1511 2020 1469 1999 1466 1999 1464 1999 1461 1999 1458 1999 1434 2018 1301 1997 1299 1997 1126 2018 1110 2020 1107 2018 1088 2002 1088 1999 1086 1999 1083 1999 1080 1999 1078 1999 1040 2012 987 1994 984 1994 982 1994 881 2018 867 2020 862 2018 838 1997 838 1994 835 1994 833 1994 787 1991 785 1991 782 1991 732 2007 657 1991 654 1991 652 1991 649 1991 614 2015 612 2018 609 2015 569 1991 566 1991 564 1991 388 1991 385 1991 383 1991 380 1991 359 2005 359 2063"/></Shape>
	    <String CONTENT="מה בגד משתיגמר מלאכתו אף כולם מישתיגמר מלאכתן"
                    HPOS="356"
                    VPOS="1991"
                    WIDTH="1552"
                    HEIGHT="131"></String>
          </TextLine>

          
          
          <TextLine ID="eSc_line_1947196"
                    
                    BASELINE="335 2161 833 2161 1197 2175 1912 2169" 
                    HPOS="330"
                    VPOS="2090"
                    WIDTH="1581"
                    HEIGHT="125">
            <Shape><Polygon POINTS="332 2159 330 2212 463 2201 535 2215 540 2215 543 2215 545 2215 548 2215 548 2212 561 2201 803 2201 825 2215 827 2215 830 2215 833 2215 835 2215 841 2215 878 2201 1014 2212 1051 2215 1054 2215 1056 2215 1059 2215 1062 2212 1078 2201 1104 2212 1112 2215 1115 2215 1118 2215 1908 2207 1911 2167 1908 2119 1799 2092 1796 2092 1794 2092 1740 2119 1706 2119 1679 2095 1679 2092 1677 2092 1674 2092 1671 2092 1669 2092 1666 2092 1666 2095 1639 2119 1469 2119 1429 2090 1426 2090 1424 2090 1421 2090 1291 2106 1267 2090 1264 2090 1261 2090 1259 2090 1256 2090 1189 2114 1165 2098 1163 2098 1160 2098 1157 2098 1056 2116 952 2090 950 2090 862 2090 859 2090 857 2090 809 2111 779 2090 777 2090 774 2090 465 2090 463 2090 460 2090 457 2090 425 2116 409 2103 407 2103 404 2103 401 2103 332 2116 332 2159"/></Shape>
	    <String CONTENT="ואיזה הוא גמר מלאכתן השתי משישלק והערב מיד והאונין"
                    HPOS="330"
                    VPOS="2090"
                    WIDTH="1581"
                    HEIGHT="125"></String>
          </TextLine>

          
          
          <TextLine ID="eSc_line_1947194"
                    
                    BASELINE="385 2241 505 2249 740 2249 984 2262 1501 2265 1738 2257 1912 2257" 
                    HPOS="380"
                    VPOS="2180"
                    WIDTH="1531"
                    HEIGHT="130">
            <Shape><Polygon POINTS="383 2239 380 2281 439 2300 441 2300 444 2300 447 2300 449 2300 476 2284 479 2284 819 2284 819 2286 838 2302 841 2302 843 2302 846 2302 849 2302 902 2289 958 2305 960 2305 963 2305 1187 2292 1211 2308 1213 2308 1216 2308 1219 2308 1296 2294 1315 2308 1317 2308 1320 2308 1322 2308 1477 2294 1602 2310 1605 2310 1908 2294 1911 2254 1911 2215 1815 2191 1812 2191 1810 2191 1735 2212 1732 2215 1685 2215 1682 2212 1655 2191 1653 2191 1650 2191 1647 2191 1573 2207 1498 2191 1496 2191 1493 2191 1490 2191 1490 2193 1469 2209 1469 2212 1424 2212 1424 2209 1402 2191 1402 2188 1400 2188 1397 2188 1394 2188 1275 2209 1267 2209 1259 2209 1168 2196 1165 2196 1062 2207 1003 2185 1000 2185 998 2185 995 2185 913 2207 910 2207 907 2207 875 2191 873 2191 870 2191 867 2191 843 2204 819 2183 817 2183 814 2183 681 2183 678 2183 676 2183 673 2183 646 2204 524 2180 521 2180 383 2201 383 2239"/></Shape>
	    <String CONTENT="שלפישתן משיתלבנו דברי ר&#39; יהודה יכול יהוא מיטמין"
                    HPOS="380"
                    VPOS="2180"
                    WIDTH="1531"
                    HEIGHT="130"></String>
          </TextLine>

          
          
          <TextLine ID="eSc_line_1947198"
                    
                    BASELINE="401 2340 795 2353 1328 2356 1450 2361 1900 2353" 
                    HPOS="396"
                    VPOS="2270"
                    WIDTH="1501"
                    HEIGHT="133">
            <Shape><Polygon POINTS="396 2379 596 2382 614 2398 617 2398 620 2398 622 2398 833 2385 849 2385 857 2385 958 2401 960 2403 1136 2403 1136 2401 1139 2401 1141 2401 1163 2387 1197 2401 1200 2401 1203 2401 1344 2390 1376 2387 1386 2390 1432 2403 1434 2403 1437 2403 1527 2390 1538 2390 1546 2390 1586 2403 1589 2403 1591 2403 1895 2393 1897 2350 1895 2302 1778 2281 1775 2281 1772 2281 1727 2297 1724 2297 1722 2297 1642 2284 1639 2284 1637 2284 1634 2284 1618 2294 1613 2300 1607 2294 1581 2278 1578 2278 1575 2278 1525 2278 1522 2278 1519 2278 1517 2278 1501 2292 1496 2297 1488 2292 1472 2278 1469 2278 1466 2278 1464 2278 1461 2278 1437 2292 1434 2292 1429 2292 1376 2281 1373 2281 1370 2281 1368 2281 1368 2284 1360 2289 1354 2297 1338 2289 1320 2281 1317 2281 1315 2281 1312 2281 1309 2281 1299 2289 1288 2297 1216 2286 1189 2284 1187 2284 1184 2284 1181 2284 1181 2286 1179 2286 1168 2300 982 2300 942 2281 923 2273 921 2273 918 2273 915 2273 913 2273 913 2276 907 2281 897 2292 875 2281 873 2281 870 2281 867 2281 819 2294 801 2278 795 2276 795 2273 793 2273 790 2273 745 2273 742 2273 740 2273 737 2273 737 2276 734 2276 716 2297 673 2297 614 2273 609 2273 606 2273 604 2273 593 2273 527 2284 473 2270 468 2270 465 2270 463 2270 460 2270 457 2270 457 2273 444 2284 401 2270 399 2337 396 2379"/></Shape>
	    <String CONTENT="בכל שהן תל&#39; לו&#39; בגד מה בגד משיארוג בו שלוש על שלוש"
                    HPOS="396"
                    VPOS="2270"
                    WIDTH="1501"
                    HEIGHT="133"></String>
          </TextLine>

          
          
          <TextLine ID="eSc_line_1947197"
                    
                    BASELINE="370 2409 452 2427 521 2433 971 2451 1464 2451 1905 2441" 
                    HPOS="364"
                    VPOS="2363"
                    WIDTH="1539"
                    HEIGHT="141">
            <Shape><Polygon POINTS="367 2406 364 2470 423 2491 425 2491 428 2491 598 2473 614 2473 617 2475 636 2488 638 2488 641 2488 644 2488 697 2478 771 2494 774 2494 838 2478 843 2478 846 2478 859 2491 859 2494 862 2494 865 2494 867 2494 944 2481 955 2481 966 2483 1024 2496 1027 2496 1030 2496 1107 2486 1157 2478 1227 2488 1253 2491 1256 2491 1259 2491 1264 2488 1283 2478 1293 2488 1304 2496 1304 2499 1307 2499 1309 2499 1312 2499 1315 2499 1336 2491 1349 2486 1384 2491 1434 2499 1437 2499 1440 2499 1453 2494 1474 2481 1490 2494 1493 2496 1496 2496 1498 2496 1501 2496 1551 2496 1804 2483 1823 2499 1823 2502 1826 2502 1828 2502 1831 2504 1900 2504 1903 2438 1903 2395 1844 2374 1842 2374 1839 2374 1836 2374 1834 2374 1834 2377 1812 2398 1762 2398 1762 2395 1732 2374 1730 2374 1727 2374 1724 2374 1722 2374 1655 2393 1581 2371 1578 2371 1538 2371 1535 2371 1533 2371 1530 2371 1530 2374 1509 2393 1434 2379 1432 2379 1429 2379 1397 2390 1378 2374 1378 2371 1376 2371 1373 2371 1370 2371 1237 2390 1203 2369 1200 2369 1197 2369 1195 2369 1192 2369 1136 2390 1032 2369 1030 2369 1027 2369 1024 2369 1024 2371 1003 2390 974 2377 971 2377 968 2377 870 2385 854 2371 854 2369 851 2369 849 2369 846 2369 678 2387 673 2387 670 2387 609 2363 606 2363 396 2363 393 2363 391 2363 388 2363 367 2377 367 2406"/></Shape>
	    <String CONTENT="אף כולם משיארוג בהן שלוש על שלוש שתי ועירב אפילו"
                    HPOS="364"
                    VPOS="2363"
                    WIDTH="1539"
                    HEIGHT="141"></String>
          </TextLine>

          
          
          <TextLine ID="eSc_line_1947195"
                    
                    BASELINE="452 2528 564 2523 753 2534 1035 2536 1575 2534 1818 2523 1905 2527" 
                    HPOS="447"
                    VPOS="2462"
                    WIDTH="1456"
                    HEIGHT="122">
            <Shape><Polygon POINTS="449 2526 449 2563 681 2563 700 2579 700 2582 702 2582 705 2582 708 2584 905 2584 905 2582 907 2582 910 2582 910 2579 923 2568 1133 2582 1136 2582 1139 2582 1141 2582 1165 2566 1315 2582 1317 2582 1320 2582 1365 2566 1482 2579 1485 2579 1488 2579 1490 2579 1517 2563 1546 2579 1549 2579 1551 2579 1554 2579 1607 2560 1690 2574 1693 2574 1695 2574 1698 2574 1719 2560 1722 2560 1900 2560 1903 2526 1900 2486 1735 2486 1735 2483 1714 2465 1714 2462 1711 2462 1708 2462 1599 2462 1597 2462 1594 2462 1591 2462 1567 2481 1456 2462 1453 2462 1450 2462 1448 2462 1448 2465 1426 2483 1389 2462 1386 2462 1384 2462 1381 2462 1320 2481 1299 2465 1296 2465 1293 2465 1291 2465 1213 2467 1211 2467 1208 2467 1208 2470 1195 2483 1189 2486 1165 2481 1078 2467 1075 2467 1072 2467 1035 2481 1022 2486 1011 2481 984 2470 982 2470 979 2470 976 2470 974 2470 960 2481 952 2488 803 2488 793 2481 769 2465 766 2465 763 2465 761 2465 447 2478 449 2526"/></Shape>
	    <String CONTENT="כולה שתי אפילו כולה עירב היתה פסיקות אינה מיטמא"
                    HPOS="447"
                    VPOS="2462"
                    WIDTH="1456"
                    HEIGHT="122"></String>
          </TextLine>

          
          
          <TextLine ID="eSc_line_1947199"
                    
                    BASELINE="441 2600 790 2613 1160 2619 1426 2616 1799 2603" 
                    HPOS="436"
                    VPOS="2544"
                    WIDTH="1360"
                    HEIGHT="152">
            <Shape><Polygon POINTS="439 2598 436 2661 524 2656 543 2667 561 2680 564 2680 566 2680 569 2680 633 2669 713 2656 763 2672 819 2691 822 2691 825 2691 891 2675 897 2675 905 2675 952 2688 955 2688 958 2688 960 2688 963 2688 979 2677 1006 2661 1083 2661 1107 2680 1123 2693 1126 2693 1128 2693 1131 2696 1197 2696 1197 2693 1200 2693 1229 2683 1296 2656 1410 2675 1413 2675 1416 2675 1466 2661 1506 2677 1509 2677 1511 2677 1514 2677 1517 2677 1517 2675 1535 2659 1567 2669 1570 2669 1573 2669 1575 2669 1578 2669 1591 2656 1669 2693 1674 2693 1677 2693 1679 2696 1794 2696 1796 2600 1794 2574 1732 2574 1730 2571 1674 2544 1671 2544 1605 2544 1602 2544 1599 2544 1546 2568 1543 2568 1511 2544 1509 2544 1506 2544 1504 2544 1501 2544 1498 2544 1498 2547 1474 2566 1469 2571 1450 2566 1373 2544 1370 2544 1368 2544 1365 2544 1322 2563 1304 2571 1285 2563 1251 2547 1248 2547 1245 2547 1243 2547 1208 2560 1181 2571 1112 2558 1086 2555 1083 2555 1080 2555 1078 2555 1075 2558 1056 2571 944 2558 942 2558 939 2558 937 2558 913 2574 718 2574 686 2550 684 2547 681 2547 678 2547 439 2547 439 2598"/></Shape>
	    <String CONTENT="˙ בנגעים ר&#39; יהודה או&#39; אפילו פסיקה אחת וקשרה"
                    HPOS="436"
                    VPOS="2544"
                    WIDTH="1360"
                    HEIGHT="152"></String>
          </TextLine>

          
        </TextBlock>
        

        
      </PrintSpace>
    </Page>
  </Layout>
</alto>
