<?xml version="1.0" encoding="UTF-8"?>
<alto xmlns:xsi="http://www.w3.org/2001/XMLSchema-instance"
      xmlns="http://www.loc.gov/standards/alto/ns-v4#"
      xsi:schemaLocation="http://www.loc.gov/standards/alto/ns-v4# http://www.loc.gov/standards/alto/v4/alto-4-2.xsd">
  <Description>
    <MeasurementUnit>pixel</MeasurementUnit>
    <sourceImageInformation>
      <fileName>Vat.ebr.66_0054_fa_0018v.jpg</fileName>
      
    </sourceImageInformation>
  </Description>
  
  <Tags>
    <OtherTag ID="BT1" LABEL="Title" DESCRIPTION="block type Title"/><OtherTag ID="BT2" LABEL="Main" DESCRIPTION="block type Main"/><OtherTag ID="BT3" LABEL="Commentary" DESCRIPTION="block type Commentary"/><OtherTag ID="BT4" LABEL="Illustration" DESCRIPTION="block type Illustration"/><OtherTag ID="BT846" LABEL="Margin" DESCRIPTION="block type Margin"/><OtherTag ID="BT847" LABEL="Paratext" DESCRIPTION="block type Paratext"/><OtherTag ID="BT848" LABEL="Arabic" DESCRIPTION="block type Arabic"/>
    <OtherTag ID="LT3" LABEL="Correction" DESCRIPTION="line type Correction"/>
  </Tags>
  
  <Layout>
    <Page WIDTH="2501"
          HEIGHT="3188"
          PHYSICAL_IMG_NR="37"
          ID="eSc_dummypage_">
      <PrintSpace HPOS="0"
                  VPOS="0"
                  WIDTH="2501"
                  HEIGHT="3188">
        
        <TextBlock HPOS="318.0"
                   VPOS="388.0"
                   WIDTH="1705.0"
                   HEIGHT="2277.0"
                   ID="eSc_textblock_f8f9742a"
                   TAGREFS="BT2">
          <Shape><Polygon POINTS="318 418 2008 388 2023 2665 334 2655"/></Shape>
          
          
          <TextLine ID="eSc_line_1928377"
                    
                    BASELINE="360 515 1578 512 1860 499 1996 502" 
                    HPOS="356"
                    VPOS="422"
                    WIDTH="1637"
                    HEIGHT="135">
            <Shape><Polygon POINTS="358 512 358 549 1597 557 1600 557 1988 541 1993 499 1990 446 1942 422 1940 422 1937 422 1934 422 1892 441 1786 427 1783 427 1780 427 1724 446 1568 446 1541 427 1538 427 1536 427 1533 427 1530 427 1528 427 1499 448 1499 451 1440 451 1201 451 1102 425 1100 425 991 425 988 425 916 427 914 427 911 427 877 448 842 438 839 438 837 438 776 451 746 427 744 427 741 427 738 427 590 443 507 427 504 427 356 451 358 512"/></Shape>
	    <String CONTENT="מקדש וקדשיו לא יביא מנחה נדבה תל&#39; לו&#39; ונפש לרבות כהן משיח"
                    HPOS="356"
                    VPOS="422"
                    WIDTH="1637"
                    HEIGHT="135"></String>
          </TextLine>

          
          
          <TextLine ID="eSc_line_1928364"
                    
                    BASELINE="348 603 643 608 1408 611 1825 597 1916 597 1993 603" 
                    HPOS="342"
                    VPOS="533"
                    WIDTH="1648"
                    HEIGHT="125">
            <Shape><Polygon POINTS="345 600 345 642 1724 658 1727 658 1815 642 1942 656 1945 656 1948 656 1988 637 1990 600 1988 555 1836 533 1833 533 1708 552 1536 536 1533 536 1530 536 1528 536 1528 539 1509 555 1509 557 1405 557 1405 555 1387 539 1387 536 1384 536 1382 536 1379 536 1376 536 1374 536 1350 555 1347 555 1283 536 1281 536 1278 536 1275 536 1273 536 1251 555 1249 557 1193 557 1190 555 1164 536 1161 536 1158 536 1025 536 1023 536 1020 536 975 555 895 536 893 536 890 536 887 536 861 555 858 557 754 557 752 555 714 536 712 536 709 536 706 536 651 555 555 539 552 539 481 555 433 536 430 536 427 536 342 555 345 600"/></Shape>
	    <String CONTENT="שיביא מנחה נדבה ˙ הוא הדין לציבור הלא דין הוא מה אם היחיד"
                    HPOS="342"
                    VPOS="533"
                    WIDTH="1648"
                    HEIGHT="125"></String>
          </TextLine>

          
          
          <TextLine ID="eSc_line_1928365"
                    
                    BASELINE="411 712 595 717 1318 714 1568 717 1809 704 1902 704 1990 709" 
                    HPOS="406"
                    VPOS="632"
                    WIDTH="1582"
                    HEIGHT="125">
            <Shape><Polygon POINTS="409 711 409 751 1929 757 1932 757 1934 757 1985 741 1988 706 1985 656 1762 632 1759 632 1756 632 1679 656 1661 640 1658 640 1655 640 1520 632 1517 632 1514 632 1453 658 1451 658 1448 658 1398 634 1395 634 1392 634 1390 634 1355 648 1222 634 1219 634 946 661 927 661 919 661 853 645 850 645 776 661 773 661 717 637 714 637 712 637 560 661 520 637 518 637 515 637 459 637 457 637 454 637 406 658 409 711"/></Shape>
	    <String CONTENT="שאינו מיביא מנחה חובה בכל יום מיביא מנחה נדבה ציבור"
                    HPOS="406"
                    VPOS="632"
                    WIDTH="1582"
                    HEIGHT="125"></String>
          </TextLine>

          
          
          <TextLine ID="eSc_line_1928366"
                    
                    BASELINE="364 804 741 812 1273 810 1650 812 1812 802 2014 797" 
                    HPOS="358"
                    VPOS="743"
                    WIDTH="1653"
                    HEIGHT="115">
            <Shape><Polygon POINTS="361 802 358 842 481 858 483 858 2009 842 2011 797 2009 770 1921 770 1879 743 1754 746 1706 770 1618 743 1485 743 1443 770 1411 749 1352 749 1299 770 1222 743 1121 743 1092 767 1028 743 927 770 879 770 855 746 805 767 691 770 592 743 451 743 419 770 361 770 361 802"/></Shape>
	    <String CONTENT="שהוא מיביא מנחה חובה בכל יום אינו דין שיביא מנחה נדבה"
                    HPOS="358"
                    VPOS="743"
                    WIDTH="1653"
                    HEIGHT="115"></String>
          </TextLine>

          
          
          <TextLine ID="eSc_line_1928367"
                    
                    BASELINE="356 921 1302 919 1517 905 1735 908 1836 900 1993 905" 
                    HPOS="350"
                    VPOS="834"
                    WIDTH="1640"
                    HEIGHT="130">
            <Shape><Polygon POINTS="1254 876 1227 876 1201 874 1174 874 1148 874 1145 868 1012 868 994 850 983 839 983 836 980 836 978 836 932 836 930 836 927 836 924 836 924 839 914 847 906 855 890 847 879 839 877 839 874 839 871 839 869 839 847 847 831 852 773 844 738 842 736 842 733 842 728 844 701 858 627 842 603 839 600 839 598 839 595 839 592 842 560 868 350 839 353 919 353 956 746 964 749 964 954 953 1044 948 1055 951 1079 961 1081 961 1084 961 1087 961 1089 961 1100 951 1105 948 1124 951 1185 961 1188 961 1190 961 1193 961 1193 959 1203 951 1217 961 1219 961 1222 961 1225 964 1392 964 1392 961 1395 961 1398 961 1413 948 1421 948 1488 961 1491 961 1554 948 1557 948 1610 959 1613 959 1615 959 1618 959 1631 948 1637 945 1985 945 1990 903 1988 860 1950 834 1948 834 1945 834 1857 834 1855 834 1852 834 1783 863 1748 834 1746 834 1743 834 1740 834 1602 844 1600 844 1597 844 1578 860 1576 860 1568 860 1480 839 1477 839 1475 839 1472 839 1448 858 1435 866 1413 855 1363 836 1360 836 1358 836 1355 836 1318 855 1297 868 1257 868 1254 876"/></Shape>
	    <String CONTENT="לא אם אמרתה ביחיד שהוא ↑ מנחה על טומאת מקדש וקדשיו"
                    HPOS="350"
                    VPOS="834"
                    WIDTH="1640"
                    HEIGHT="130"></String>
          </TextLine>

          
          
          <TextLine ID="eSc_line_1928466"
                    TAGREFS="LT3"
                    BASELINE="1144 874 1274 878" 
                    HPOS="1140"
                    VPOS="826"
                    WIDTH="133"
                    HEIGHT="74">
            <Shape><Polygon POINTS="1142 871 1140 897 1265 900 1273 876 1273 839 1235 826 1233 826 1230 826 1142 836 1142 871"/></Shape>
	    <String CONTENT="מיביא"
                    HPOS="1140"
                    VPOS="826"
                    WIDTH="133"
                    HEIGHT="74"></String>
          </TextLine>

          
          
          <TextLine ID="eSc_line_1928378"
                    
                    BASELINE="345 1006 425 1001 598 1014 1235 1014 1506 1001 1833 1004 1990 996" 
                    HPOS="340"
                    VPOS="932"
                    WIDTH="1648"
                    HEIGHT="122">
            <Shape><Polygon POINTS="342 1004 342 1041 1153 1054 1156 1054 1395 1038 1424 1052 1427 1052 1429 1054 1546 1054 1546 1052 1549 1052 1552 1052 1570 1038 1716 1052 1719 1052 1804 1038 1852 1052 1855 1052 1857 1052 1985 1033 1988 993 1985 951 1942 932 1940 932 1711 932 1708 932 1706 932 1658 951 1634 932 1631 932 1629 932 1626 932 1623 932 1621 932 1621 935 1597 953 1597 956 1557 956 1557 953 1541 940 1541 937 1538 937 1536 937 1533 937 1530 937 1499 951 1411 932 1408 932 1405 932 1403 932 1403 935 1382 953 1315 935 1312 935 1310 935 1307 935 1304 935 1273 956 1185 956 1097 935 1095 935 1092 935 1089 935 1060 956 1057 959 1007 959 1007 956 956 935 954 935 951 935 948 935 946 935 919 953 893 935 890 935 887 935 885 935 882 935 831 956 778 935 776 935 773 935 770 935 768 935 768 937 744 956 680 940 677 940 675 940 672 940 669 940 645 956 619 943 616 943 613 943 611 943 608 943 592 959 486 959 382 935 380 935 377 935 374 935 340 953 342 1004"/></Shape>
	    <String CONTENT="תאמר בציבור שאינו מיביא מנחה על טומאת מקדש וקדשיו"
                    HPOS="340"
                    VPOS="932"
                    WIDTH="1648"
                    HEIGHT="122"></String>
          </TextLine>

          
          
          <TextLine ID="eSc_line_1928379"
                    
                    BASELINE="332 1099 504 1110 1304 1107 1669 1110 1876 1097 1990 1099" 
                    HPOS="329"
                    VPOS="1025"
                    WIDTH="1659"
                    HEIGHT="133">
            <Shape><Polygon POINTS="329 1139 390 1152 393 1152 459 1139 467 1139 486 1155 489 1155 491 1155 494 1155 613 1142 699 1155 701 1155 704 1155 706 1155 706 1152 722 1139 730 1139 911 1155 914 1155 1052 1139 1055 1139 1116 1139 1148 1139 1169 1155 1172 1155 1174 1155 1177 1155 1387 1142 1413 1155 1416 1155 1419 1158 1610 1158 1610 1155 1982 1134 1988 1097 1985 1030 1932 1025 1929 1025 1926 1025 1924 1025 1918 1030 1902 1041 1889 1030 1884 1028 1884 1025 1881 1025 1879 1025 1727 1025 1724 1025 1722 1025 1719 1025 1711 1033 1690 1052 1530 1052 1509 1036 1504 1030 1501 1030 1499 1030 1496 1030 1493 1030 1472 1036 1440 1046 1416 1038 1390 1028 1387 1028 1384 1028 1382 1028 1339 1038 1286 1052 1153 1041 1079 1036 1076 1036 1073 1036 1055 1044 1031 1052 1020 1044 1004 1028 1001 1028 999 1028 996 1028 672 1046 651 1030 651 1028 648 1028 645 1028 643 1028 640 1028 584 1049 582 1049 579 1049 465 1033 462 1033 459 1033 457 1033 430 1052 427 1054 329 1054 329 1097 329 1139"/></Shape>
	    <String CONTENT="משיח יוכיח שאינו מיביא מנחה על טומאת מקדש וקדשיו"
                    HPOS="329"
                    VPOS="1025"
                    WIDTH="1659"
                    HEIGHT="133"></String>
          </TextLine>

          
          
          <TextLine ID="eSc_line_1928368"
                    
                    BASELINE="390 1208 566 1216 1209 1216 1565 1214 1828 1203 1996 1206" 
                    HPOS="385"
                    VPOS="1131"
                    WIDTH="1608"
                    HEIGHT="128">
            <Shape><Polygon POINTS="388 1206 388 1248 1312 1259 1315 1259 1398 1245 1408 1245 1988 1245 1993 1203 1990 1155 1746 1155 1693 1137 1690 1137 1687 1137 1685 1137 1618 1152 1584 1134 1581 1134 1578 1134 1576 1134 1573 1134 1573 1137 1560 1150 1517 1131 1514 1131 1512 1131 1395 1152 1363 1131 1360 1131 1358 1131 1355 1131 1352 1131 1350 1131 1326 1152 1281 1134 1278 1134 1275 1134 1273 1134 1201 1155 1198 1155 1193 1155 1031 1134 1028 1134 863 1155 823 1134 821 1134 730 1134 728 1134 725 1134 722 1134 688 1155 635 1134 632 1134 629 1134 627 1134 576 1152 443 1134 441 1134 438 1134 385 1152 388 1206"/></Shape>
	    <String CONTENT="ומיביא מנחה נדבה ˙ אף אתה אל תתמה על הציבור שאף"
                    HPOS="385"
                    VPOS="1131"
                    WIDTH="1608"
                    HEIGHT="128"></String>
          </TextLine>

          
          
          <TextLine ID="eSc_line_1928369"
                    
                    BASELINE="388 1307 1828 1312 2011 1299" 
                    HPOS="382"
                    VPOS="1232"
                    WIDTH="1627"
                    HEIGHT="128">
            <Shape><Polygon POINTS="385 1304 382 1341 462 1357 465 1357 792 1344 800 1344 813 1354 813 1357 815 1357 818 1357 935 1360 938 1360 940 1360 970 1346 1081 1360 1084 1360 2006 1344 2009 1296 2006 1259 1956 1259 1956 1256 1924 1235 1921 1235 1918 1235 1746 1235 1743 1235 1740 1235 1693 1251 1671 1235 1669 1235 1666 1235 1663 1235 1661 1235 1623 1253 1514 1235 1512 1235 1509 1235 1440 1256 1405 1243 1403 1243 1400 1243 1275 1256 1267 1256 1235 1235 1233 1235 1230 1235 1227 1235 1150 1253 1132 1238 1132 1235 1129 1235 1126 1235 1071 1235 1068 1235 1065 1235 986 1256 980 1256 975 1256 850 1232 847 1232 845 1232 797 1253 627 1232 624 1232 621 1232 619 1232 584 1256 385 1256 385 1304"/></Shape>
	    <String CONTENT="על פי שאינו מביא מנחה על טומאת מקדש וקדשיו יביא"
                    HPOS="382"
                    VPOS="1232"
                    WIDTH="1627"
                    HEIGHT="128"></String>
          </TextLine>

          
          
          <TextLine ID="eSc_line_1928370"
                    
                    BASELINE="329 1410 409 1418 1631 1418 1879 1405 1990 1408" 
                    HPOS="324"
                    VPOS="1333"
                    WIDTH="1664"
                    HEIGHT="125">
            <Shape><Polygon POINTS="326 1408 326 1442 465 1458 467 1458 627 1445 744 1445 760 1458 762 1458 765 1458 768 1458 863 1445 906 1458 908 1458 911 1458 914 1458 956 1445 1772 1458 1775 1458 1778 1458 1804 1445 1889 1458 1892 1458 1985 1442 1988 1405 1985 1349 1929 1336 1926 1336 1924 1336 1778 1349 1730 1336 1727 1336 1724 1336 1722 1336 1690 1349 1658 1333 1655 1333 1653 1333 1395 1346 1291 1333 1289 1333 1286 1333 1283 1333 1259 1349 1198 1333 1196 1333 1193 1333 1190 1333 1188 1333 1188 1336 1172 1352 898 1352 885 1338 885 1336 882 1336 879 1336 877 1336 797 1349 776 1333 773 1333 770 1333 768 1333 765 1333 728 1346 664 1333 661 1333 659 1333 595 1349 576 1333 574 1333 571 1333 393 1333 390 1333 388 1333 324 1349 326 1408"/></Shape>
	    <String CONTENT="מנחה נדבה תל&#39; לו&#39; נפש היחיד מיביא מנחה נדבה אין הציבור"
                    HPOS="324"
                    VPOS="1333"
                    WIDTH="1664"
                    HEIGHT="125"></String>
          </TextLine>

          
          
          <TextLine ID="eSc_line_1928371"
                    
                    BASELINE="372 1514 821 1514 1124 1501 2009 1501" 
                    HPOS="366"
                    VPOS="1426"
                    WIDTH="1640"
                    HEIGHT="133">
            <Shape><Polygon POINTS="369 1511 369 1546 388 1559 390 1559 393 1559 396 1559 555 1543 560 1543 563 1543 629 1559 632 1559 635 1559 637 1559 688 1546 728 1559 730 1559 733 1559 736 1559 773 1546 786 1556 786 1559 789 1559 792 1559 794 1559 877 1546 956 1559 959 1559 1108 1540 1124 1540 1172 1540 1174 1540 1188 1554 1188 1556 1190 1556 1193 1556 1196 1556 1198 1556 1246 1540 1251 1540 1254 1540 1302 1556 1304 1556 1307 1559 1387 1559 1387 1556 1390 1556 1392 1556 1416 1540 1429 1540 1610 1556 1613 1556 2003 1538 2006 1498 2003 1447 1791 1426 1788 1426 1786 1426 1783 1426 1756 1447 1754 1447 1746 1447 1634 1429 1631 1429 1411 1447 1398 1447 1395 1447 1368 1429 1366 1429 1363 1429 1360 1429 1259 1442 1203 1429 1201 1429 1198 1429 1105 1445 1089 1431 1087 1431 1084 1431 946 1431 943 1431 940 1431 908 1447 903 1450 895 1447 845 1434 842 1434 839 1434 837 1434 805 1447 800 1450 696 1450 696 1447 680 1434 680 1431 677 1431 675 1431 672 1431 600 1447 590 1453 542 1453 539 1447 523 1434 523 1431 520 1431 518 1431 515 1431 366 1447 369 1511"/></Shape>
	    <String CONTENT="מביא מנחה נדבה ˙ נפש תקריב יכול גזירה תל&#39; לו&#39; כי תקריב"
                    HPOS="366"
                    VPOS="1426"
                    WIDTH="1640"
                    HEIGHT="133"></String>
          </TextLine>

          
          
          <TextLine ID="eSc_line_1928372"
                    
                    BASELINE="348 1601 433 1609 2006 1609" 
                    HPOS="342"
                    VPOS="1527"
                    WIDTH="1661"
                    HEIGHT="136">
            <Shape><Polygon POINTS="345 1599 342 1641 388 1657 390 1657 393 1657 568 1641 659 1660 661 1660 664 1660 722 1641 792 1641 815 1660 818 1660 821 1660 823 1663 906 1663 906 1660 908 1660 946 1641 1092 1641 1121 1660 1124 1660 1126 1660 1129 1660 1323 1641 1344 1657 1344 1660 1347 1660 1350 1660 1352 1660 1525 1647 1592 1660 1594 1660 1597 1660 1634 1641 1756 1660 1759 1660 1762 1660 1764 1660 1794 1641 1892 1660 1895 1660 2001 1639 2003 1607 2001 1556 1961 1556 1932 1530 1932 1527 1929 1527 1926 1527 1924 1527 1868 1530 1865 1530 1863 1530 1831 1554 1780 1527 1778 1527 1775 1527 1772 1527 1740 1540 1703 1527 1700 1527 1698 1527 1695 1527 1693 1527 1693 1530 1666 1556 1602 1556 1568 1532 1565 1532 1562 1532 1560 1532 1451 1554 1427 1535 1427 1532 1424 1532 1421 1532 1419 1532 1310 1554 1275 1532 1273 1532 1270 1532 1267 1532 1265 1532 1235 1543 1190 1527 1188 1527 1028 1527 1025 1527 1023 1527 970 1554 935 1527 932 1527 930 1527 869 1527 866 1527 863 1527 778 1556 688 1556 619 1527 616 1527 613 1527 470 1554 433 1527 430 1527 427 1527 425 1527 422 1527 419 1527 380 1556 345 1556 345 1599"/></Shape>
	    <String CONTENT="אינה אילא רשות ˙ קרבן מנחה מלמד שהיחיד מיתנדב לבונה"
                    HPOS="342"
                    VPOS="1527"
                    WIDTH="1661"
                    HEIGHT="136"></String>
          </TextLine>

          
          
          <TextLine ID="eSc_line_1928373"
                    
                    BASELINE="388 1700 531 1713 661 1716 1916 1713 2003 1718" 
                    HPOS="385"
                    VPOS="1633"
                    WIDTH="1616"
                    HEIGHT="131">
            <Shape><Polygon POINTS="385 1745 446 1745 451 1745 475 1761 478 1761 481 1761 483 1761 624 1745 643 1745 653 1745 725 1761 728 1761 730 1761 786 1745 792 1745 794 1745 850 1761 853 1761 855 1761 935 1745 940 1745 943 1745 978 1761 980 1761 983 1764 1073 1764 1073 1761 1076 1761 1079 1761 1105 1745 1156 1761 1158 1761 1161 1761 1227 1748 1413 1761 1416 1761 1419 1761 1421 1761 1440 1745 1506 1761 1509 1761 1512 1764 1722 1764 1722 1761 1724 1761 1727 1761 1740 1748 1767 1758 1770 1758 1772 1758 1775 1758 1778 1758 1799 1745 1996 1745 2001 1716 1998 1655 1504 1639 1501 1639 1499 1639 1496 1639 1477 1655 1326 1655 1307 1639 1304 1639 1302 1639 1299 1639 1209 1652 1148 1636 1145 1636 1142 1636 1140 1636 1137 1636 1124 1647 1110 1633 1108 1633 1105 1633 938 1633 935 1633 847 1652 784 1633 781 1633 778 1633 776 1633 725 1652 656 1633 653 1633 651 1633 648 1633 621 1647 473 1633 470 1633 467 1633 465 1633 465 1636 446 1655 385 1655 385 1697 385 1745"/></Shape>
	    <String CONTENT="נאמר הביא בהמה והביא מנחה חובה לה הביא מנחה והביא לבונה"
                    HPOS="385"
                    VPOS="1633"
                    WIDTH="1616"
                    HEIGHT="131"></String>
          </TextLine>

          
          
          <TextLine ID="eSc_line_1928374"
                    
                    BASELINE="350 1801 656 1798 890 1811 2014 1806" 
                    HPOS="345"
                    VPOS="1732"
                    WIDTH="1666"
                    HEIGHT="127">
            <Shape><Polygon POINTS="348 1798 348 1841 422 1859 425 1859 520 1843 677 1843 696 1859 699 1859 701 1859 704 1859 847 1843 879 1857 882 1857 885 1857 967 1846 1230 1859 1233 1859 1235 1859 1281 1846 1602 1857 1605 1857 1607 1857 1642 1843 1756 1857 1759 1857 1762 1857 1815 1841 1836 1857 1839 1857 1841 1857 1844 1859 1977 1859 1977 1857 1980 1857 2011 1838 2011 1803 2009 1758 1942 1758 1887 1732 1884 1732 1751 1732 1748 1732 1746 1732 1695 1756 1514 1742 1512 1742 1392 1756 1254 1734 1251 1734 1249 1734 1246 1734 1227 1750 1097 1737 1095 1737 967 1758 964 1761 837 1761 789 1761 757 1734 754 1734 752 1734 563 1734 560 1734 558 1734 555 1734 526 1753 401 1734 398 1734 396 1734 345 1758 348 1798"/></Shape>
	    <String CONTENT="חובה לה מה מנחה שהיא באה חובה עים הבהמה באה נדבה"
                    HPOS="345"
                    VPOS="1732"
                    WIDTH="1666"
                    HEIGHT="127"></String>
          </TextLine>

          
          
          <TextLine ID="eSc_line_1928375"
                    
                    BASELINE="366 1891 656 1896 850 1907 2017 1907" 
                    HPOS="361"
                    VPOS="1825"
                    WIDTH="1653"
                    HEIGHT="130">
            <Shape><Polygon POINTS="364 1888 361 1931 706 1949 709 1952 877 1952 877 1949 879 1949 916 1934 930 1949 932 1949 932 1952 935 1952 938 1952 940 1955 1227 1955 1227 1952 1230 1952 1278 1939 1326 1952 1328 1952 1331 1952 1334 1952 1382 1936 1419 1952 1421 1952 1424 1955 1677 1955 1677 1952 1679 1952 1682 1952 1703 1939 1902 1952 1905 1952 2011 1934 2014 1904 2014 1854 1637 1827 1634 1827 1631 1827 1568 1851 1544 1830 1544 1827 1541 1827 1538 1827 1504 1827 1501 1827 1344 1851 1339 1851 1336 1851 1281 1827 1278 1827 1275 1827 1273 1827 1270 1827 1270 1830 1246 1851 1180 1830 1177 1830 1174 1830 1047 1851 1041 1851 1007 1830 1004 1830 1001 1830 871 1825 869 1825 866 1825 863 1825 823 1849 754 1827 752 1827 749 1827 746 1827 744 1827 720 1846 691 1825 688 1825 685 1825 683 1825 590 1843 571 1827 571 1825 568 1825 566 1825 518 1825 515 1825 512 1825 441 1851 364 1851 364 1888"/></Shape>
	    <String CONTENT="בפני עצמה אף לבונה שהיא באה חובה עים המנחה תבוא"
                    HPOS="361"
                    VPOS="1825"
                    WIDTH="1653"
                    HEIGHT="130"></String>
          </TextLine>

          
          
          <TextLine ID="eSc_line_1928376"
                    
                    BASELINE="453 1995 510 1989 621 2000 1475 2000 1679 2013 1990 2008" 
                    HPOS="449"
                    VPOS="1923"
                    WIDTH="1539"
                    HEIGHT="130">
            <Shape><Polygon POINTS="451 1992 449 2032 571 2048 574 2048 951 2040 1081 2037 1110 2042 1169 2050 1172 2050 1235 2042 1283 2037 1302 2042 1323 2050 1326 2050 1328 2050 1398 2045 1485 2037 1693 2048 1751 2050 1754 2050 1764 2048 1815 2037 1831 2050 1833 2050 1836 2050 1839 2053 1985 2053 1988 2005 1988 1955 1958 1928 1958 1926 1956 1926 1953 1926 1950 1926 1836 1952 1833 1955 1780 1955 1778 1952 1751 1928 1748 1928 1746 1928 1743 1928 1740 1928 1738 1928 1714 1949 1711 1952 1711 1949 1695 1939 1693 1939 1690 1939 1687 1939 1685 1939 1655 1949 1645 1952 1642 1949 1623 1934 1623 1931 1621 1931 1618 1931 1615 1931 1613 1931 1610 1931 1589 1944 1483 1928 1480 1928 1477 1928 1475 1928 1448 1944 1432 1955 1339 1955 1323 1942 1304 1926 1302 1926 1299 1926 1235 1926 1233 1926 1126 1934 1124 1934 1121 1934 1118 1936 1097 1952 1055 1936 1041 1931 1039 1931 1036 1931 1033 1931 1031 1931 1031 1934 1028 1934 1009 1955 948 1955 919 1931 916 1931 914 1931 911 1931 887 1931 645 1949 619 1928 619 1926 616 1926 613 1926 451 1923 451 1992"/></Shape>
	    <String CONTENT="נדבה בפני עצמה ˙ מה למנחה באה נדבה בפני עצמה"
                    HPOS="449"
                    VPOS="1923"
                    WIDTH="1539"
                    HEIGHT="130"></String>
          </TextLine>

          
          
          <TextLine ID="eSc_line_1928358"
                    
                    BASELINE="396 2106 478 2101 619 2109 1889 2109 1998 2101" 
                    HPOS="393"
                    VPOS="2027"
                    WIDTH="1603"
                    HEIGHT="124">
            <Shape><Polygon POINTS="393 2143 1990 2151 1996 2098 1990 2056 1942 2056 1940 2056 1910 2032 1908 2032 1905 2032 1902 2032 1900 2032 1847 2056 1841 2056 1836 2056 1767 2037 1764 2037 1762 2037 1759 2037 1700 2053 1682 2037 1682 2035 1679 2035 1677 2035 1674 2035 1671 2035 1669 2035 1653 2048 1639 2037 1639 2035 1637 2035 1634 2035 1631 2035 1629 2035 1562 2056 1560 2056 1554 2056 1480 2032 1477 2032 1475 2032 1472 2032 1469 2032 1432 2056 1429 2058 1265 2058 1262 2056 1225 2027 1222 2027 1219 2027 1217 2027 1214 2027 1180 2045 1161 2029 1161 2027 1158 2027 1156 2027 940 2027 938 2027 935 2027 932 2027 916 2040 837 2027 834 2027 831 2027 757 2050 613 2027 611 2027 608 2027 605 2027 571 2056 542 2040 539 2040 536 2040 534 2040 531 2040 507 2056 507 2058 393 2058 393 2104 393 2143"/></Shape>
	    <String CONTENT="שכן היא באה חובה בפני עצמה תבוא לבונה נדבה בפני"
                    HPOS="393"
                    VPOS="2027"
                    WIDTH="1603"
                    HEIGHT="124"></String>
          </TextLine>

          
          
          <TextLine ID="eSc_line_1928361"
                    
                    BASELINE="369 2199 1049 2215 1150 2213 1299 2202 1724 2202 1879 2207 2001 2191" 
                    HPOS="364"
                    VPOS="2127"
                    WIDTH="1634"
                    HEIGHT="136">
            <Shape><Polygon POINTS="366 2197 364 2239 542 2239 550 2242 576 2255 579 2255 582 2255 714 2244 746 2242 807 2244 1033 2260 1996 2263 1998 2189 1998 2162 1964 2141 1961 2141 1958 2141 1764 2141 1762 2141 1661 2159 1573 2143 1570 2143 1568 2143 1525 2162 1517 2165 1499 2162 1421 2146 1419 2146 1339 2159 1328 2162 1326 2159 1304 2143 1304 2141 1302 2141 1299 2141 1297 2141 1198 2159 1193 2159 1161 2138 1158 2138 1156 2138 1033 2130 1031 2130 1028 2130 962 2146 847 2130 845 2130 842 2130 776 2157 717 2157 648 2157 648 2154 592 2127 590 2127 587 2127 584 2127 550 2143 454 2127 451 2127 449 2127 446 2127 414 2154 366 2154 366 2197"/></Shape>
	    <String CONTENT="עצמה שכן אינה באה חובה בפני עצמה הואיל ואינה באה"
                    HPOS="364"
                    VPOS="2127"
                    WIDTH="1634"
                    HEIGHT="136"></String>
          </TextLine>

          
          
          <TextLine ID="eSc_line_1928360"
                    
                    BASELINE="409 2298 560 2298 800 2311 1140 2311 1267 2308 1366 2300 1538 2333 1847 2319 2019 2305" 
                    HPOS="403"
                    VPOS="2234"
                    WIDTH="1614"
                    HEIGHT="127">
            <Shape><Polygon POINTS="2009 2260 1823 2242 1820 2242 1817 2242 1756 2260 1605 2260 1592 2260 1592 2258 1517 2236 1514 2236 1512 2236 1344 2255 1251 2236 1249 2236 1140 2255 1110 2260 1055 2255 842 2234 839 2234 749 2250 728 2234 725 2234 722 2234 605 2234 603 2234 600 2234 566 2252 555 2258 406 2252 406 2295 403 2345 895 2345 924 2359 927 2359 930 2361 1934 2361 1934 2359 2014 2343 2017 2303 2014 2279 2009 2260"/></Shape>
	    <String CONTENT="חובה בפני עצמה לא תבוא נדבה בפני עצמה תל&#39; לו&#39; קורבן"
                    HPOS="403"
                    VPOS="2234"
                    WIDTH="1614"
                    HEIGHT="127"></String>
          </TextLine>

          
          
          <TextLine ID="eSc_line_1928357"
                    
                    BASELINE="345 2393 566 2406 906 2404 1100 2412 1331 2412 1427 2417 1798 2417 1908 2417 2019 2409" 
                    HPOS="340"
                    VPOS="2327"
                    WIDTH="1677"
                    HEIGHT="130">
            <Shape><Polygon POINTS="342 2391 340 2433 377 2446 380 2446 382 2446 582 2433 592 2433 595 2433 656 2449 659 2449 661 2449 847 2436 861 2446 861 2449 863 2449 866 2449 869 2449 1020 2438 1036 2452 1039 2452 1041 2452 1044 2452 1148 2441 1661 2457 1663 2457 1666 2457 1711 2444 1756 2457 1759 2457 1762 2457 2014 2441 2017 2406 2017 2359 1953 2337 1950 2337 1948 2337 1706 2356 1677 2337 1674 2337 1671 2337 1669 2337 1554 2353 1512 2335 1509 2335 1506 2335 1504 2335 1429 2353 1344 2335 1342 2335 1339 2335 1336 2335 1315 2348 1304 2335 1302 2335 1302 2332 1299 2332 1297 2332 1294 2332 1291 2332 1246 2351 1137 2332 1134 2332 1001 2348 943 2332 940 2332 938 2332 935 2332 879 2348 834 2329 831 2329 829 2329 667 2348 598 2327 595 2327 592 2327 590 2327 523 2345 483 2329 481 2329 478 2329 342 2345 342 2391"/></Shape>
	    <String CONTENT="מלמד ש(ה)יחיד מתנדב לבונה מיכמה לא יפחות מקומץ ˙ ומניין"
                    HPOS="340"
                    VPOS="2327"
                    WIDTH="1677"
                    HEIGHT="130"></String>
          </TextLine>

          
          
          <TextLine ID="eSc_line_1928359"
                    
                    BASELINE="366 2491 784 2489 890 2491 988 2499 1134 2502 1491 2502 1738 2497 2011 2499" 
                    HPOS="364"
                    VPOS="2420"
                    WIDTH="1645"
                    HEIGHT="111">
            <Shape><Polygon POINTS="364 2531 2003 2531 2009 2497 2006 2446 1871 2425 1868 2425 1772 2444 1714 2420 1711 2420 1708 2420 1706 2420 1618 2444 1520 2444 1477 2422 1475 2422 1472 2422 1469 2422 1467 2422 1467 2425 1448 2444 1416 2425 1413 2425 1411 2425 1153 2444 1102 2425 1100 2425 1097 2425 1095 2425 1044 2444 1020 2422 1017 2422 1015 2422 954 2422 951 2422 948 2422 946 2422 916 2444 807 2425 805 2425 802 2425 754 2444 725 2420 722 2420 720 2420 717 2420 714 2420 669 2433 446 2420 443 2420 441 2420 438 2420 403 2446 364 2446 364 2489 364 2531"/></Shape>
	    <String CONTENT="שהיחיד מתנדב יין נאמר הביא בהמה והביא מנחה חובה לה הביא"
                    HPOS="364"
                    VPOS="2420"
                    WIDTH="1645"
                    HEIGHT="111"></String>
          </TextLine>

          
          
          <TextLine ID="eSc_line_1928356"
                    
                    BASELINE="338 2578 1678 2566 1826 2561 2011 2588" 
                    HPOS="334"
                    VPOS="2513"
                    WIDTH="1675"
                    HEIGHT="141">
            <Shape><Polygon POINTS="337 2576 340 2654 422 2632 656 2648 659 2648 661 2648 712 2630 810 2630 906 2648 930 2651 932 2651 935 2651 943 2646 972 2632 1036 2646 1052 2648 1055 2648 1057 2648 1065 2646 1116 2627 1166 2640 1169 2640 1172 2640 1243 2627 1278 2643 1291 2648 1294 2648 1297 2648 1493 2646 1496 2646 1499 2646 1504 2640 1522 2627 1538 2640 1544 2646 1546 2646 1549 2646 1552 2648 1823 2648 1823 2646 1825 2646 1857 2635 1902 2622 2001 2632 2009 2587 2006 2529 1934 2513 1932 2513 1831 2526 1812 2513 1809 2513 1807 2513 1804 2513 1459 2531 1443 2531 1437 2531 1334 2513 1331 2513 1328 2513 1326 2513 1302 2534 1225 2534 1209 2518 1209 2515 1206 2515 1203 2515 1129 2513 1126 2513 1124 2513 1055 2534 1015 2518 1012 2518 1009 2518 908 2534 887 2518 887 2515 885 2515 882 2515 797 2515 794 2515 792 2515 757 2534 706 2515 704 2515 701 2515 579 2537 366 2518 364 2518 361 2518 358 2518 334 2531 337 2576"/></Shape>
	    <String CONTENT="בהמה והביא יין חובה לה מה מנחה שהיא באה חובה עים הבהמה"
                    HPOS="334"
                    VPOS="2513"
                    WIDTH="1675"
                    HEIGHT="141"></String>
          </TextLine>

          
        </TextBlock>
        

        
      </PrintSpace>
    </Page>
  </Layout>
</alto>
