<?xml version="1.0" encoding="UTF-8"?>
<alto xmlns:xsi="http://www.w3.org/2001/XMLSchema-instance"
      xmlns="http://www.loc.gov/standards/alto/ns-v4#"
      xsi:schemaLocation="http://www.loc.gov/standards/alto/ns-v4# http://www.loc.gov/standards/alto/v4/alto-4-2.xsd">
  <Description>
    <MeasurementUnit>pixel</MeasurementUnit>
    <sourceImageInformation>
      <fileName>Vat.ebr.32_0089_fa_0042r.jpg</fileName>
      
    </sourceImageInformation>
  </Description>
  
  <Tags>
    <OtherTag ID="BT1" LABEL="Title" DESCRIPTION="block type Title"/><OtherTag ID="BT2" LABEL="Main" DESCRIPTION="block type Main"/><OtherTag ID="BT3" LABEL="Commentary" DESCRIPTION="block type Commentary"/><OtherTag ID="BT4" LABEL="Illustration" DESCRIPTION="block type Illustration"/><OtherTag ID="BT853" LABEL="Margin" DESCRIPTION="block type Margin"/><OtherTag ID="BT854" LABEL="Paratext" DESCRIPTION="block type Paratext"/>
    <OtherTag ID="LT2" LABEL="Numbering" DESCRIPTION="line type Numbering"/><OtherTag ID="LT3" LABEL="Correction" DESCRIPTION="line type Correction"/>
  </Tags>
  
  <Layout>
    <Page WIDTH="3135"
          HEIGHT="4230"
          PHYSICAL_IMG_NR="82"
          ID="eSc_dummypage_">
      <PrintSpace HPOS="0"
                  VPOS="0"
                  WIDTH="3135"
                  HEIGHT="4230">
        
        <TextBlock HPOS="474.0"
                   VPOS="541.0"
                   WIDTH="2251.0"
                   HEIGHT="3444.0"
                   ID="eSc_textblock_16762"
                   TAGREFS="BT2">
          <Shape><Polygon POINTS="878 541 2667 593 2725 3915 506 3985 480 2081 474 2081 601 1823 747 1389"/></Shape>
          
          
          <TextLine ID="eSc_line_1634119"
                    
                    BASELINE="811 599 1191 599 1375 609 1749 616 1932 627 2369 638 2653 654" 
                    HPOS="804"
                    VPOS="549"
                    WIDTH="1847"
                    HEIGHT="141">
            <Shape><Polygon POINTS="2570 592 2535 588 2500 588 2464 588 2429 588 2394 585 2359 585 2323 585 2288 581 2253 581 2218 581 2182 578 2147 578 2112 578 2077 578 1851 578 1830 578 1819 578 1685 564 1653 564 1618 564 1583 560 1548 560 1512 560 1477 560 1442 556 1407 556 1371 556 1336 553 1301 553 1265 553 1244 549 807 549 807 595 804 634 2641 690 2651 652 2651 602 2577 592 2570 592"/></Shape>
	    <String CONTENT="חדשים אף זכות בן תשעה חדשים ˙ ר&#39; ישמעאל אומ&#39; שנים עשר ˙ ואף עלפי שאין"
                    HPOS="804"
                    VPOS="549"
                    WIDTH="1847"
                    HEIGHT="141"></String>
          </TextLine>

          
          
          <TextLine ID="eSc_line_1634120"
                    
                    BASELINE="835 676 1509 694 1830 712 2295 719 2653 732" 
                    HPOS="828"
                    VPOS="627"
                    WIDTH="1823"
                    HEIGHT="137">
            <Shape><Polygon POINTS="832 673 828 715 2641 764 2651 729 2651 683 2253 655 2249 655 2172 669 2161 669 2158 669 2126 652 2122 652 2119 652 2045 666 2038 666 2034 666 1992 648 1988 648 1985 648 1981 648 1936 662 1932 662 1928 662 1876 645 1872 645 1869 645 1692 655 1675 655 1671 655 1632 638 1629 638 1625 638 1622 638 1569 652 1551 634 1548 634 1544 634 1541 634 1325 645 1322 645 1297 627 1294 627 1290 627 1287 627 832 630 832 673"/></Shape>
	    <String CONTENT="ראייה לדבר זיכר לדבר ˙ להן מלכא מלכי ישפר עלך וג&#39; כלא מטא על נבוכדנצר מלכא ˙"
                    HPOS="828"
                    VPOS="627"
                    WIDTH="1823"
                    HEIGHT="137"></String>
          </TextLine>

          
          
          <TextLine ID="eSc_line_1634121"
                    
                    BASELINE="825 754 966 768 1325 764 1590 779 1802 782 1957 793 2263 793 2503 803 2678 803" 
                    HPOS="818"
                    VPOS="705"
                    WIDTH="1858"
                    HEIGHT="133">
            <Shape><Polygon POINTS="821 750 818 796 906 817 909 817 1008 803 1012 803 1022 803 1967 838 1971 838 2673 835 2676 800 2673 757 909 705 906 705 821 719 821 750"/></Shape>
	    <String CONTENT="לקצת ירחין תרי עשר ˙ ר&#39; שמעון בן יוחי אומ&#39; אין זכות תולה במים המאררים אם או&#39; אתה"
                    HPOS="818"
                    VPOS="705"
                    WIDTH="1858"
                    HEIGHT="133"></String>
          </TextLine>

          
          
          <TextLine ID="eSc_line_1634122"
                    
                    BASELINE="846 835 1361 835 1618 853 1773 853 1999 867 2242 867 2323 874 2678 883" 
                    HPOS="839"
                    VPOS="782"
                    WIDTH="1837"
                    HEIGHT="130">
            <Shape><Polygon POINTS="842 831 839 874 2665 912 2676 881 2676 835 1093 782 1089 782 842 796 842 831"/></Shape>
	    <String CONTENT="שזכות תולה במים המאררים מבזה אתה את המים בפני כל הנשים ושותות"
                    HPOS="839"
                    VPOS="782"
                    WIDTH="1837"
                    HEIGHT="130"></String>
          </TextLine>

          
          
          <TextLine ID="eSc_line_1634134"
                    
                    BASELINE="814 909 1399 905 2031 934 2678 944" 
                    HPOS="807"
                    VPOS="863"
                    WIDTH="1869"
                    HEIGHT="127">
            <Shape><Polygon POINTS="811 905 807 944 2665 990 2676 941 2676 898 811 863 811 905"/></Shape>
	    <String CONTENT="ומוציא אתה שם רע על הטהרות ששתו ויאמרו טמאות היו ﭏא שתלת להן זכות"
                    HPOS="807"
                    VPOS="863"
                    WIDTH="1869"
                    HEIGHT="127"></String>
          </TextLine>

          
          
          <TextLine ID="eSc_line_1634135"
                    
                    BASELINE="818 979 1417 976 2059 1008 2433 1004 2678 1014" 
                    HPOS="811"
                    VPOS="934"
                    WIDTH="1865"
                    HEIGHT="112">
            <Shape><Polygon POINTS="2658 965 825 934 814 948 814 976 811 1025 2665 1046 2676 1011 2673 1004 2658 965"/></Shape>
	    <String CONTENT="ר&#39; או&#39; אני מכריע אם היתה טהורה סופה למות כדרך כל בני אדם ואם היתה ט[](מ)אה"
                    HPOS="811"
                    VPOS="934"
                    WIDTH="1865"
                    HEIGHT="112"></String>
          </TextLine>

          
          
          <TextLine ID="eSc_line_1634136"
                    
                    BASELINE="818 1039 1407 1050 1533 1061 1830 1064 2080 1078 2397 1078 2678 1090" 
                    HPOS="811"
                    VPOS="990"
                    WIDTH="1865"
                    HEIGHT="145">
            <Shape><Polygon POINTS="2669 1043 997 990 994 990 814 1001 814 1036 811 1078 2369 1135 2373 1135 2669 1120 2676 1089 2676 1053 2669 1043"/></Shape>
	    <String CONTENT="סופה למות וצבתה בטנה ונפלה ירכה ר&#39; שמעון בן יוחי או&#39; וכי מה מודיע לכל"
                    HPOS="811"
                    VPOS="990"
                    WIDTH="1865"
                    HEIGHT="145"></String>
          </TextLine>

          
          
          <TextLine ID="eSc_line_1634137"
                    
                    BASELINE="786 1113 1072 1120 1354 1135 1509 1135 1664 1145 1879 1149 2077 1163 2560 1159 2644 1166 2678 1174" 
                    HPOS="779"
                    VPOS="1068"
                    WIDTH="1897"
                    HEIGHT="141">
            <Shape><Polygon POINTS="779 1159 1322 1187 1325 1187 1329 1187 1364 1177 1371 1173 1375 1177 1399 1194 1403 1194 1407 1194 1410 1194 1533 1180 1562 1177 1572 1180 1615 1198 1618 1198 1622 1198 1766 1184 1791 1184 1823 1187 1967 1205 1971 1209 2662 1209 2676 1173 2673 1120 1036 1071 1033 1071 1005 1071 860 1085 786 1068 782 1110 779 1159"/></Shape>
	    <String CONTENT="העומדים שסוף זה למות וצב&#39; בט&#39; ונפ&#39; יר&#39; ﭏ&#39; כיון ששותה פניה מוריקות ועיניה"
                    HPOS="779"
                    VPOS="1068"
                    WIDTH="1897"
                    HEIGHT="141"></String>
          </TextLine>

          
          
          <TextLine ID="eSc_line_1634138"
                    
                    BASELINE="796 1187 1262 1205 1509 1219 1625 1216 1872 1230 2299 1233 2514 1244 2678 1244" 
                    HPOS="789"
                    VPOS="1149"
                    WIDTH="1887"
                    HEIGHT="137">
            <Shape><Polygon POINTS="793 1184 789 1237 2669 1286 2676 1240 2676 1205 793 1149 793 1184"/></Shape>
	    <String CONTENT="בולטות וכמן שרביטין היו מזרקין בה והן או&#39; מהרו והוציאוה שלא תטמא"
                    HPOS="789"
                    VPOS="1149"
                    WIDTH="1887"
                    HEIGHT="137"></String>
          </TextLine>

          
          
          <TextLine ID="eSc_line_1634139"
                    
                    BASELINE="800 1293 969 1286 1343 1286 1735 1304 2678 1311" 
                    HPOS="793"
                    VPOS="1226"
                    WIDTH="1883"
                    HEIGHT="120">
            <Shape><Polygon POINTS="796 1290 793 1328 2665 1346 2676 1307 2676 1276 2263 1272 2263 1269 2200 1240 2196 1240 2193 1240 2189 1240 2137 1269 2105 1247 2101 1247 2098 1247 2094 1247 2091 1247 2087 1247 2087 1251 2066 1269 2066 1272 1985 1272 1967 1269 1816 1244 1283 1230 867 1226 863 1226 860 1226 796 1254 796 1290"/></Shape>
	    <String CONTENT="העזרה ˙ סל&#39; פס&#39; ˙ והקריב אתה הכהן מיכן אמ&#39; אין משקין שתי"
                    HPOS="793"
                    VPOS="1226"
                    WIDTH="1883"
                    HEIGHT="120"></String>
          </TextLine>

          
          
          <TextLine ID="eSc_line_1634140"
                    
                    BASELINE="754 1350 930 1360 1188 1357 1643 1374 2045 1371 2306 1381 2678 1381" 
                    HPOS="747"
                    VPOS="1304"
                    WIDTH="1929"
                    HEIGHT="130">
            <Shape><Polygon POINTS="751 1314 751 1346 747 1392 2669 1434 2676 1378 2673 1343 1251 1304 1248 1304 751 1311 751 1314"/></Shape>
	    <String CONTENT="סוטות כאחת ˙ והעמידה שלא יעמיד עימה לא עבדיה ולא שפחותיה מפני שלבה"
                    HPOS="747"
                    VPOS="1304"
                    WIDTH="1929"
                    HEIGHT="130"></String>
          </TextLine>

          
          
          <TextLine ID="eSc_line_1634141"
                    
                    BASELINE="754 1438 881 1427 966 1427 1054 1434 1350 1441 1657 1441 2094 1459 2292 1455 2678 1471" 
                    HPOS="747"
                    VPOS="1381"
                    WIDTH="1929"
                    HEIGHT="141">
            <Shape><Polygon POINTS="2665 1420 751 1381 751 1434 747 1469 2665 1522 2676 1469 2676 1448 2665 1420"/></Shape>
	    <String CONTENT="סמוך עליהן לפני ייי בשערי ניקנור מיכן אמרו ראש המעמד היה מעמיד"
                    HPOS="747"
                    VPOS="1381"
                    WIDTH="1929"
                    HEIGHT="141"></String>
          </TextLine>

          
          
          <TextLine ID="eSc_line_1634142"
                    
                    BASELINE="687 1494 1117 1512 1385 1512 1576 1522 1904 1522 2077 1529 2394 1526 2549 1536 2678 1531" 
                    HPOS="680"
                    VPOS="1459"
                    WIDTH="1996"
                    HEIGHT="127">
            <Shape><Polygon POINTS="719 1469 715 1459 684 1459 684 1491 680 1540 2669 1586 2676 1529 2673 1501 2263 1473 2260 1473 1752 1480 1742 1480 1731 1466 1727 1466 1727 1462 1724 1462 1720 1462 1717 1462 1583 1476 1558 1459 1555 1459 1551 1459 1548 1459 726 1459 719 1469"/></Shape>
	    <String CONTENT="את הטמאין בשערי ניקנור ˙ סל&#39; פס&#39; ˙ ולקח הכהן מים קדשים בכלי חרש"
                    HPOS="680"
                    VPOS="1459"
                    WIDTH="1996"
                    HEIGHT="127"></String>
          </TextLine>

          
          
          <TextLine ID="eSc_line_1634152"
                    
                    BASELINE="684 1593 821 1582 1047 1582 1488 1589 1615 1596 1812 1596 1897 1589 1995 1589 2313 1600 2472 1596 2678 1602" 
                    HPOS="677"
                    VPOS="1540"
                    WIDTH="1999"
                    HEIGHT="102">
            <Shape><Polygon POINTS="680 1565 680 1589 677 1635 2665 1642 2676 1600 2673 1561 691 1540 680 1565"/></Shape>
	    <String CONTENT="אין קדשים אל&#39; שקדשו בכלי ˙ ואלו הן מי כיור בכלי חרש מגיד שלא עשה"
                    HPOS="677"
                    VPOS="1540"
                    WIDTH="1999"
                    HEIGHT="102"></String>
          </TextLine>

          
          
          <TextLine ID="eSc_line_1634153"
                    
                    BASELINE="617 1656 740 1670 2246 1667 2678 1683" 
                    HPOS="610"
                    VPOS="1610"
                    WIDTH="2066"
                    HEIGHT="120">
            <Shape><Polygon POINTS="613 1653 610 1709 708 1730 712 1730 2669 1713 2676 1681 2676 1628 673 1610 670 1610 666 1610 613 1625 613 1653"/></Shape>
	    <String CONTENT="בה כל הכלים ככלי חרש שהיה בדין הואיל ועפר ומים מקדשין בפרה ועפר ומים"
                    HPOS="610"
                    VPOS="1610"
                    WIDTH="2066"
                    HEIGHT="120"></String>
          </TextLine>

          
          
          <TextLine ID="eSc_line_1634154"
                    
                    BASELINE="662 1755 1019 1755 1297 1741 2119 1744 2352 1755 2678 1749" 
                    HPOS="655"
                    VPOS="1709"
                    WIDTH="2021"
                    HEIGHT="81">
            <Shape><Polygon POINTS="659 1751 655 1790 2673 1790 2676 1748 2673 1709 659 1709 659 1751"/></Shape>
	    <String CONTENT="מקדשין בסוטה אם למדתי לפרה שעשה בה כל הכלים ככלי חרש ת&#39;ל&#39; בכלי חרש"
                    HPOS="655"
                    VPOS="1709"
                    WIDTH="2021"
                    HEIGHT="81"></String>
          </TextLine>

          
          
          <TextLine ID="eSc_line_1634143"
                    
                    BASELINE="634 1825 740 1822 881 1829 1086 1829 1530 1822 2278 1822 2678 1835" 
                    HPOS="627"
                    VPOS="1787"
                    WIDTH="2049"
                    HEIGHT="84">
            <Shape><Polygon POINTS="631 1822 627 1868 1498 1868 1509 1861 1544 1861 1579 1861 1615 1861 1650 1861 1657 1868 2665 1871 2676 1832 2673 1790 631 1787 631 1822"/></Shape>
	    <String CONTENT="מגיד שלא עשה בה כל הכלים ככלי חרש דב&#39; ר&#39; ישמעל ומן העפר אשר יהיה בקרקע"
                    HPOS="627"
                    VPOS="1787"
                    WIDTH="2049"
                    HEIGHT="84"></String>
          </TextLine>

          
          
          <TextLine ID="eSc_line_1976776"
                    TAGREFS="LT3"
                    BASELINE="1514 1866 1672 1868" 
                    HPOS="1513.0"
                    VPOS="1854.0"
                    WIDTH="159.0"
                    HEIGHT="37.0">
            <Shape><Polygon POINTS="1514 1854 1672 1856 1671 1891 1513 1889"/></Shape>
	    <String CONTENT="מביא עפר"
                    HPOS="1513.0"
                    VPOS="1854.0"
                    WIDTH="159.0"
                    HEIGHT="37.0"></String>
          </TextLine>

          
          
          <TextLine ID="eSc_line_1634144"
                    
                    BASELINE="486 1903 994 1910 1117 1903 1484 1899 2214 1899 2436 1910 2678 1904" 
                    HPOS="479"
                    VPOS="1850"
                    WIDTH="2197"
                    HEIGHT="113">
            <Shape><Polygon POINTS="1643 1868 1608 1868 1572 1868 1537 1868 1526 1857 483 1861 483 1899 479 1945 2669 1963 2676 1903 2669 1850 1650 1854 1643 1868"/></Shape>
	    <String CONTENT="המשכן מגיד הכת&#39; שאם לא היה שם עפר ↑ ממקום אחר ונותנו שם למקום מפני שהמקום"
                    HPOS="479"
                    VPOS="1850"
                    WIDTH="2197"
                    HEIGHT="113"></String>
          </TextLine>

          
          
          <TextLine ID="eSc_line_1634145"
                    
                    BASELINE="504 1995 786 1991 1100 1977 2678 1977" 
                    HPOS="497"
                    VPOS="1935"
                    WIDTH="2179"
                    HEIGHT="105">
            <Shape><Polygon POINTS="532 1956 518 1935 497 1935 500 1991 500 2040 2673 2023 2676 1973 2669 1935 543 1935 532 1956"/></Shape>
	    <String CONTENT="מקדשו איסי בן עקביה או&#39; להביא את קרקע בית העולמים איסי בן מנחם או&#39; אם המיטמי"
                    HPOS="497"
                    VPOS="1935"
                    WIDTH="2179"
                    HEIGHT="105"></String>
          </TextLine>

          
          
          <TextLine ID="eSc_line_1634146"
                    
                    BASELINE="444 2065 916 2062 1378 2048 2440 2048 2678 2054" 
                    HPOS="437"
                    VPOS="2012"
                    WIDTH="2239"
                    HEIGHT="95">
            <Shape><Polygon POINTS="440 2062 440 2107 2669 2104 2676 2051 2669 2012 437 2016 440 2062"/></Shape>
	    <String CONTENT="טומאה קלה טומאת מקדש עשה בה את המקדש כמשכן סוטה חמורה דין הוא שנעשה"
                    HPOS="437"
                    VPOS="2012"
                    WIDTH="2239"
                    HEIGHT="95"></String>
          </TextLine>

          
          
          <TextLine ID="eSc_line_1634147"
                    
                    BASELINE="500 2136 1050 2136 1558 2118 2678 2118" 
                    HPOS="493"
                    VPOS="2076"
                    WIDTH="2183"
                    HEIGHT="116">
            <Shape><Polygon POINTS="497 2132 497 2174 1082 2192 1086 2192 1174 2174 1198 2192 1202 2192 1206 2192 1209 2192 1213 2192 1216 2192 1244 2171 1251 2171 1315 2171 1742 2189 1745 2189 1749 2189 1826 2171 1837 2171 2390 2185 2394 2185 2397 2185 2401 2185 2429 2167 2433 2167 2549 2185 2553 2185 2673 2164 2676 2115 2669 2076 493 2093 497 2132"/></Shape>
	    <String CONTENT="בה בית המקדש כמשכן ומה ת&#39;ל ומן העפר אש&#39; וג&#39; לפי שהוא או&#39; ולקחו לטמא מעפר"
                    HPOS="493"
                    VPOS="2076"
                    WIDTH="2183"
                    HEIGHT="116"></String>
          </TextLine>

          
          
          <TextLine ID="eSc_line_1634148"
                    
                    BASELINE="525 2227 655 2217 1202 2217 1463 2203 2556 2206 2644 2199 2678 2190" 
                    HPOS="521"
                    VPOS="2150"
                    WIDTH="2155"
                    HEIGHT="120">
            <Shape><Polygon POINTS="521 2270 2676 2248 2676 2189 2669 2150 2285 2167 2186 2153 2151 2150 2147 2150 2122 2153 2059 2167 1886 2157 1756 2150 1752 2150 1749 2150 1745 2150 1735 2160 1717 2171 1488 2160 1273 2153 1269 2153 1265 2153 1237 2164 1220 2171 1184 2164 1103 2150 1100 2150 1096 2150 1093 2150 1093 2153 1079 2167 1072 2174 923 2174 909 2167 849 2150 846 2150 842 2150 839 2150 835 2150 835 2153 818 2171 814 2174 521 2174 521 2224 521 2270"/></Shape>
	    <String CONTENT="שרפת החטאת וג&#39; נא&#39; כן עפר ונא&#39; להלן עפר מה עפר האמור להלן עפר על פני מים אף"
                    HPOS="521"
                    VPOS="2150"
                    WIDTH="2155"
                    HEIGHT="120"></String>
          </TextLine>

          
          
          <TextLine ID="eSc_line_1634149"
                    
                    BASELINE="518 2308 673 2294 1089 2287 1548 2291 1971 2273 2334 2273 2678 2259" 
                    HPOS="511"
                    VPOS="2220"
                    WIDTH="2165"
                    HEIGHT="141">
            <Shape><Polygon POINTS="514 2305 514 2347 821 2361 825 2361 930 2344 938 2344 941 2344 987 2358 990 2358 994 2358 2676 2319 2676 2256 2669 2220 511 2263 514 2305"/></Shape>
	    <String CONTENT="כן עפר על פני מים מה להלן אם הקדים עפר למים יצא אף כאן אם הקדים עפר למים"
                    HPOS="511"
                    VPOS="2220"
                    WIDTH="2165"
                    HEIGHT="141"></String>
          </TextLine>

          
          
          <TextLine ID="eSc_line_1634150"
                    
                    BASELINE="539 2379 691 2372 1093 2375 1417 2361 1904 2358 2359 2344 2678 2346" 
                    HPOS="532"
                    VPOS="2294"
                    WIDTH="2144"
                    HEIGHT="138">
            <Shape><Polygon POINTS="536 2375 536 2418 1054 2432 1057 2432 1177 2411 1184 2411 1188 2411 1315 2428 1318 2428 1442 2407 1445 2407 1579 2425 1583 2425 1731 2404 2003 2414 2006 2414 2669 2386 2676 2344 2673 2308 2637 2294 2634 2294 2630 2294 532 2337 536 2375"/></Shape>
	    <String CONTENT="יצא יקח הכהן ונתן ﭏ המים כדי שייראה ג&#39; דברים בתורה כדי שייראו אפר פרה"
                    HPOS="532"
                    VPOS="2294"
                    WIDTH="2144"
                    HEIGHT="138"></String>
          </TextLine>

          
          
          <TextLine ID="eSc_line_1634155"
                    
                    BASELINE="500 2456 994 2456 1255 2442 1544 2446 1773 2428 1925 2432 2267 2414 2528 2418 2678 2410" 
                    HPOS="493"
                    VPOS="2361"
                    WIDTH="2183"
                    HEIGHT="138">
            <Shape><Polygon POINTS="497 2453 497 2499 1657 2495 2673 2456 2676 2407 2669 2361 493 2418 497 2453"/></Shape>
	    <String CONTENT="ועפר סוטה ורוק יבמה ור&#39; ישמעל או&#39; אף דם הציפור ˙ סל&#39; פס&#39; ˙ והעמיד הכהן"
                    HPOS="493"
                    VPOS="2361"
                    WIDTH="2183"
                    HEIGHT="138"></String>
          </TextLine>

          
          
          <TextLine ID="eSc_line_1634156"
                    
                    BASELINE="490 2545 786 2530 1036 2530 1375 2520 1745 2502 1978 2499 2126 2488 2678 2488" 
                    HPOS="483"
                    VPOS="2435"
                    WIDTH="2193"
                    HEIGHT="138">
            <Shape><Polygon POINTS="486 2541 486 2573 2673 2538 2676 2485 2669 2435 483 2492 486 2541"/></Shape>
	    <String CONTENT="את האשה לפני ייי מקום ש[](מע)מידה כתחילה שם מעמידה בסוף ˙ ופרע את ראש האשה"
                    HPOS="483"
                    VPOS="2435"
                    WIDTH="2193"
                    HEIGHT="138"></String>
          </TextLine>

          
          
          <TextLine ID="eSc_line_1634157"
                    
                    BASELINE="511 2601 775 2608 1153 2597 1668 2569 1861 2573 2112 2562 2405 2562 2678 2553" 
                    HPOS="504"
                    VPOS="2509"
                    WIDTH="2172"
                    HEIGHT="138">
            <Shape><Polygon POINTS="507 2597 507 2647 2673 2601 2676 2552 2669 2509 504 2566 507 2597"/></Shape>
	    <String CONTENT="כהן ניפנה לאחוריה ופורעה כדי לקיים בה מצוות פריעה דב&#39; ר&#39; ישמעל דב&#39; אחר לימד"
                    HPOS="504"
                    VPOS="2509"
                    WIDTH="2172"
                    HEIGHT="138"></String>
          </TextLine>

          
          
          <TextLine ID="eSc_line_1634158"
                    
                    BASELINE="514 2664 1484 2654 2087 2629 2684 2619" 
                    HPOS="507"
                    VPOS="2587"
                    WIDTH="2176"
                    HEIGHT="120">
            <Shape><Polygon POINTS="511 2661 511 2707 1357 2707 1392 2703 1428 2703 1431 2703 2680 2661 2683 2615 2676 2587 507 2626 511 2661"/></Shape>
	    <String CONTENT="על בנות יש&#39; שיהו מכ[](ס)ות את ראשיהן אף על פי שאין ראיה לדבר זיכר לדבר ˙ ותקח תמר"
                    HPOS="507"
                    VPOS="2587"
                    WIDTH="2176"
                    HEIGHT="120"></String>
          </TextLine>

          
          
          <TextLine ID="eSc_line_1634151"
                    
                    BASELINE="525 2749 789 2728 1188 2728 1449 2710 1706 2714 2126 2696 2684 2686" 
                    HPOS="518"
                    VPOS="2647"
                    WIDTH="2165"
                    HEIGHT="134">
            <Shape><Polygon POINTS="521 2745 521 2781 2683 2724 2683 2682 2676 2647 518 2700 521 2745"/></Shape>
	    <String CONTENT="אפר על ראשה וכתנת הפסים אשר עליה קרעה ר&#39; יהודה או&#39; אם היה בית חליצתה נאה"
                    HPOS="518"
                    VPOS="2647"
                    WIDTH="2165"
                    HEIGHT="134"></String>
          </TextLine>

          
          
          <TextLine ID="eSc_line_1634126"
                    
                    BASELINE="546 2805 945 2795 1061 2798 1364 2784 1823 2781 2394 2753 2684 2753" 
                    HPOS="539"
                    VPOS="2703"
                    WIDTH="2144"
                    HEIGHT="148">
            <Shape><Polygon POINTS="543 2802 543 2851 1696 2837 1706 2837 1742 2837 1759 2834 1784 2820 1787 2820 1830 2830 1847 2830 1883 2830 1907 2830 2302 2805 2359 2802 2380 2802 2595 2812 2598 2812 2602 2812 2683 2791 2683 2749 2676 2703 539 2767 543 2802"/></Shape>
	    <String CONTENT="לא היה מגלהו ואם היה שערה נאה לא היה סותרו היתה מכוסה לבנים מכסה שחורין"
                    HPOS="539"
                    VPOS="2703"
                    WIDTH="2144"
                    HEIGHT="148"></String>
          </TextLine>

          
          
          <TextLine ID="eSc_line_1634125"
                    
                    BASELINE="557 2886 1340 2855 1639 2851 1812 2841 2041 2837 2207 2827 2684 2821" 
                    HPOS="550"
                    VPOS="2777"
                    WIDTH="2133"
                    HEIGHT="159">
            <Shape><Polygon POINTS="553 2883 553 2936 2683 2858 2683 2820 2680 2784 2274 2777 2271 2777 550 2844 553 2883"/></Shape>
	    <String CONTENT="היו שחורין נא(י)[ה](ם) לה מפשיטה ומלבישה כעורין היו עליה כלי זהב קטלאות נזמין"
                    HPOS="550"
                    VPOS="2777"
                    WIDTH="2133"
                    HEIGHT="159"></String>
          </TextLine>

          
          
          <TextLine ID="eSc_line_1634128"
                    
                    BASELINE="507 2953 1121 2925 1466 2925 1720 2911 1925 2908 2122 2894 2584 2894 2684 2909" 
                    HPOS="500"
                    VPOS="2837"
                    WIDTH="2183"
                    HEIGHT="162">
            <Shape><Polygon POINTS="504 2950 504 2999 2665 2936 2683 2908 2676 2837 500 2904 504 2950"/></Shape>
	    <String CONTENT="וטבעות מסלקן הימנה כדי לנוילה ר&#39; יוחנן בן ברוקה או&#39; אין מנוולין בנות יש&#39; יתר ממה"
                    HPOS="500"
                    VPOS="2837"
                    WIDTH="2183"
                    HEIGHT="162"></String>
          </TextLine>

          
          
          <TextLine ID="eSc_line_1634129"
                    
                    BASELINE="514 3024 705 3010 990 3006 1216 2992 1590 2996 2034 2971 2260 2964 2684 2964" 
                    HPOS="507"
                    VPOS="2911"
                    WIDTH="2176"
                    HEIGHT="145">
            <Shape><Polygon POINTS="511 3020 511 3056 2680 3003 2683 2961 2680 2925 2376 2911 2373 2911 2369 2911 2299 2932 2295 2932 2242 2915 2239 2915 2235 2915 507 2975 511 3020"/></Shape>
	    <String CONTENT="שכת&#39; בתו&#39; לפני ייי ופרע את ראש האשה וג&#39; סדין שלבוץ היה פורס בינו לבין העם כהן"
                    HPOS="507"
                    VPOS="2911"
                    WIDTH="2176"
                    HEIGHT="145"></String>
          </TextLine>

          
          
          <TextLine ID="eSc_line_1634123"
                    
                    BASELINE="461 3084 631 3094 793 3080 1107 3080 1357 3063 1639 3066 2158 3038 2553 3035 2694 3041" 
                    HPOS="454"
                    VPOS="2982"
                    WIDTH="2236"
                    HEIGHT="144">
            <Shape><Polygon POINTS="458 3080 458 3126 2687 3080 2690 3038 2683 2982 454 3042 458 3080"/></Shape>
	    <String CONTENT="פונה לאחוריה ופורעה כדי לקיים בה מצות פריעה אמ&#39; לו כשם שלא חסה על כבוד המק&#39;"
                    HPOS="454"
                    VPOS="2982"
                    WIDTH="2236"
                    HEIGHT="144"></String>
          </TextLine>

          
          
          <TextLine ID="eSc_line_1634116"
                    
                    BASELINE="528 3165 842 3161 1054 3147 1258 3147 1502 3137 1646 3137 1957 3119 2038 3119 2165 3109 2694 3109" 
                    HPOS="521"
                    VPOS="3052"
                    WIDTH="2169"
                    HEIGHT="162">
            <Shape><Polygon POINTS="525 3161 525 3193 581 3214 585 3214 588 3214 1012 3193 1033 3207 1036 3207 1040 3207 1043 3207 1414 3193 1417 3193 1421 3193 1445 3176 1449 3176 1583 3193 1586 3193 2687 3147 2690 3105 2683 3052 521 3116 525 3161"/></Shape>
	    <String CONTENT="כך אין חסין על כבודה ﭏא כל הניוול הזה מנוולה כל הרוצה לראות יבא ויראה חוץ"
                    HPOS="521"
                    VPOS="3052"
                    WIDTH="2169"
                    HEIGHT="162"></String>
          </TextLine>

          
          
          <TextLine ID="eSc_line_1634113"
                    
                    BASELINE="497 3250 962 3232 1121 3232 2003 3193 2373 3190 2694 3173" 
                    HPOS="486"
                    VPOS="3123"
                    WIDTH="2204"
                    HEIGHT="169">
            <Shape><Polygon POINTS="493 3246 493 3292 2690 3225 2690 3172 2683 3123 486 3190 493 3246"/></Shape>
	    <String CONTENT="מעבדיה ושפחתיה מפני שלבה גס בהן אחד האנשים ואחד הנשים אחד קרובין ואחד"
                    HPOS="486"
                    VPOS="3123"
                    WIDTH="2204"
                    HEIGHT="169"></String>
          </TextLine>

          
          
          <TextLine ID="eSc_line_1634111"
                    
                    BASELINE="550 3317 863 3317 1452 3288 1699 3285 2010 3264 2694 3251" 
                    HPOS="543"
                    VPOS="3200"
                    WIDTH="2147"
                    HEIGHT="159">
            <Shape><Polygon POINTS="546 3313 546 3359 2690 3299 2690 3250 2683 3200 543 3274 546 3313"/></Shape>
	    <String CONTENT="רחוקין מותרין לראותה והשבתי זמה מן הארץ ונוסרו כל הנשים ולא תעשינה כזימת&#39; ˙"
                    HPOS="543"
                    VPOS="3200"
                    WIDTH="2147"
                    HEIGHT="159"></String>
          </TextLine>

          
          
          <TextLine ID="eSc_line_1634127"
                    
                    BASELINE="490 3387 659 3394 899 3376 1318 3362 1988 3331 2101 3334 2369 3320 2694 3314" 
                    HPOS="483"
                    VPOS="3271"
                    WIDTH="2207"
                    HEIGHT="158">
            <Shape><Polygon POINTS="486 3383 486 3429 2687 3348 2690 3313 2683 3271 483 3345 486 3383"/></Shape>
	    <String CONTENT="ונתן על כפיה אבא חנן א&#39; משם ר&#39; ליעזר כדי לייגעה שתחזור בה והלא דברים קל וחומר"
                    HPOS="483"
                    VPOS="3271"
                    WIDTH="2207"
                    HEIGHT="158"></String>
          </TextLine>

          
          
          <TextLine ID="eSc_line_1634112"
                    
                    BASELINE="500 3458 1244 3433 1731 3405 2020 3405 2288 3391 2694 3384" 
                    HPOS="493"
                    VPOS="3345"
                    WIDTH="2197"
                    HEIGHT="158">
            <Shape><Polygon POINTS="497 3454 497 3503 1586 3472 1590 3472 1590 3472 1639 3468 1660 3468 1696 3465 1731 3465 1766 3465 1802 3465 1809 3465 2687 3436 2690 3383 2683 3345 493 3412 497 3454"/></Shape>
	    <String CONTENT="אם כך חס המ&#39;ק&#39;ו&#39;ם&#39; על עוברי רצונו על אחת כמה וכמה על עושי רצונו וביד הכהן יהיו מי"
                    HPOS="493"
                    VPOS="3345"
                    WIDTH="2197"
                    HEIGHT="158"></String>
          </TextLine>

          
          
          <TextLine ID="eSc_line_1634110"
                    
                    BASELINE="543 3539 708 3521 1241 3503 1689 3475 2119 3472 2302 3461 2627 3461 2709 3451" 
                    HPOS="536"
                    VPOS="3412"
                    WIDTH="2172"
                    HEIGHT="165">
            <Shape><Polygon POINTS="539 3535 539 3577 2708 3489 2708 3450 2701 3412 536 3486 539 3535"/></Shape>
	    <String CONTENT="המרים מגיד הכתוב שאין המים נהפכין להיות מרים ﭏ&#39; בידי הכהן דבר אחר נקראו"
                    HPOS="536"
                    VPOS="3412"
                    WIDTH="2172"
                    HEIGHT="165"></String>
          </TextLine>

          
          
          <TextLine ID="eSc_line_1634115"
                    
                    BASELINE="500 3591 733 3591 1036 3574 1163 3574 1618 3546 2338 3528 2539 3532 2709 3513" 
                    HPOS="493"
                    VPOS="3472"
                    WIDTH="2215"
                    HEIGHT="158">
            <Shape><Polygon POINTS="497 3588 497 3630 2708 3553 2708 3510 2701 3472 493 3553 497 3588"/></Shape>
	    <String CONTENT="מרים על שם סופן ש(מ)מררין את הגוף ומרעדין את העין ˙ סל&#39; פס&#39; והשביע אותה"
                    HPOS="493"
                    VPOS="3472"
                    WIDTH="2215"
                    HEIGHT="158"></String>
          </TextLine>

          
          
          <TextLine ID="eSc_line_1634130"
                    
                    BASELINE="465 3658 863 3637 1237 3630 1840 3602 2115 3599 2256 3588 2567 3584 2709 3590" 
                    HPOS="458"
                    VPOS="3546"
                    WIDTH="2250"
                    HEIGHT="155">
            <Shape><Polygon POINTS="461 3655 461 3701 2701 3620 2708 3588 2701 3546 458 3620 461 3655"/></Shape>
	    <String CONTENT="הכהן הכהן משביעה ואינה נשבעת מאליה שהיה בדין נא&#39; כאן שבועה ונא&#39; לה(ל)ן שבועה"
                    HPOS="458"
                    VPOS="3546"
                    WIDTH="2250"
                    HEIGHT="155"></String>
          </TextLine>

          
          
          <TextLine ID="eSc_line_1634124"
                    
                    BASELINE="476 3715 641 3715 913 3701 1170 3701 1488 3683 1981 3669 2154 3658 2556 3658 2709 3644" 
                    HPOS="469"
                    VPOS="3599"
                    WIDTH="2239"
                    HEIGHT="148">
            <Shape><Polygon POINTS="472 3711 472 3747 2708 3697 2708 3641 2701 3599 469 3669 472 3711"/></Shape>
	    <String CONTENT="מה שבועה האמור להלן היא נשבעת מאליה אף שבועה האמורה כאן היא נשבעת מאליה"
                    HPOS="469"
                    VPOS="3599"
                    WIDTH="2239"
                    HEIGHT="148"></String>
          </TextLine>

          
          
          <TextLine ID="eSc_line_1634114"
                    
                    BASELINE="497 3771 631 3785 719 3785 902 3771 1198 3768 1692 3740 1904 3740 2144 3725 2334 3729 2556 3718 2709 3718" 
                    HPOS="490"
                    VPOS="3673"
                    WIDTH="2218"
                    HEIGHT="155">
            <Shape><Polygon POINTS="493 3768 493 3828 2704 3754 2708 3715 2701 3673 490 3743 493 3768"/></Shape>
	    <String CONTENT="ת&#39;ל&#39; והשביע אותה הכהן הכהן משביעה ואין נשבעת מאליה ˙ ואמר ﭏ האשה בכל לשון"
                    HPOS="490"
                    VPOS="3673"
                    WIDTH="2218"
                    HEIGHT="155"></String>
          </TextLine>

          
          
          <TextLine ID="eSc_line_1634132"
                    
                    BASELINE="504 3852 957 3833 1320 3838 2364 3795 2716 3793" 
                    HPOS="497"
                    VPOS="3747"
                    WIDTH="2218"
                    HEIGHT="148">
            <Shape><Polygon POINTS="500 3849 500 3895 1121 3873 1135 3866 1170 3866 1206 3866 1241 3863 1276 3863 1311 3859 1347 3859 1382 3856 1417 3856 1452 3852 1488 3852 1523 3849 1558 3849 1593 3849 1629 3845 1664 3845 1699 3842 1731 3842 1766 3838 1802 3838 1837 3835 1872 3835 1907 3831 1943 3831 1978 3831 2013 3828 2048 3828 2084 3824 2119 3824 2154 3821 2189 3821 2225 3821 2260 3821 2295 3821 2330 3821 2366 3821 2401 3824 2436 3824 2472 3824 2507 3824 2542 3824 2553 3835 2711 3831 2715 3792 2708 3747 497 3814 500 3849"/></Shape>
	    <String CONTENT="שהיא שומעת דב&#39; ר&#39; יאשיה שהיה בדין מה אם יבמה קלה לא עשה בה כל הלשונות כלשון"
                    HPOS="497"
                    VPOS="3747"
                    WIDTH="2218"
                    HEIGHT="148"></String>
          </TextLine>

          
          
          <TextLine ID="eSc_line_1976775"
                    TAGREFS="LT3"
                    BASELINE="1133 3875 2217 3827 2567 3835" 
                    HPOS="1128"
                    VPOS="3796"
                    WIDTH="1435"
                    HEIGHT="95">
            <Shape><Polygon POINTS="2539 3796 2503 3796 2468 3796 2433 3796 2397 3796 2387 3796 1128 3845 1131 3873 1131 3891 1167 3891 1202 3891 1237 3891 1273 3888 1308 3888 1343 3888 1378 3888 1414 3884 1449 3884 1484 3884 1519 3884 1555 3881 1590 3881 1625 3881 1660 3877 1696 3877 1731 3877 1766 3877 1802 3873 1837 3873 1872 3873 1907 3873 1943 3870 1978 3870 2013 3870 2048 3870 2084 3866 2119 3866 2154 3866 2189 3863 2225 3863 2260 3863 2295 3863 2330 3859 2366 3859 2401 3859 2436 3859 2468 3856 2489 3856 2563 3831 2556 3796 2539 3796"/></Shape>
	    <String CONTENT="סוטה חמורה אינו דין שנעשה בה כל הלשונות כלשון הקודש"
                    HPOS="1128"
                    VPOS="3796"
                    WIDTH="1435"
                    HEIGHT="95"></String>
          </TextLine>

          
          
          <TextLine ID="eSc_line_1634131"
                    
                    BASELINE="507 3916 842 3912 997 3905 2716 3857" 
                    HPOS="500"
                    VPOS="3817"
                    WIDTH="2215"
                    HEIGHT="208">
            <Shape><Polygon POINTS="2546 3831 2510 3831 2475 3831 2440 3831 2405 3831 2376 3842 2253 3831 2214 3828 2193 3828 2158 3828 2122 3831 2112 3831 2084 3835 1971 3852 1876 3842 1840 3842 1805 3845 1770 3845 1759 3845 1759 3849 1752 3856 1735 3849 1699 3849 1664 3852 1632 3852 1572 3863 1530 3856 1523 3856 1488 3859 1452 3859 1417 3863 1382 3863 1347 3866 1311 3866 1276 3870 1241 3870 1206 3873 1170 3873 1160 3873 1135 3873 1131 3870 1093 3870 902 3856 899 3856 895 3856 892 3856 860 3873 631 3866 627 3866 500 3888 504 3912 504 4025 2715 4018 2715 3856 2711 3817 2560 3817 2546 3831"/></Shape>
	    <String CONTENT="הק(ו)דש ↑ ת&#39;ל&#39; ואמר אל האש&#39; בכל לשון שהיא שומעת ˙ דב&#39; ר&#39; יאשיה ר&#39; ישמעל או&#39; אינו צריך"
                    HPOS="500"
                    VPOS="3817"
                    WIDTH="2215"
                    HEIGHT="208"></String>
          </TextLine>

          
        </TextBlock>
        

        
      </PrintSpace>
    </Page>
  </Layout>
</alto>
