<?xml version="1.0" encoding="UTF-8"?>
<alto xmlns:xsi="http://www.w3.org/2001/XMLSchema-instance"
      xmlns="http://www.loc.gov/standards/alto/ns-v4#"
      xsi:schemaLocation="http://www.loc.gov/standards/alto/ns-v4# http://www.loc.gov/standards/alto/v4/alto-4-2.xsd">
  <Description>
    <MeasurementUnit>pixel</MeasurementUnit>
    <sourceImageInformation>
      <fileName>Vat.ebr.32_0075_fa_0035r.jpg</fileName>
      
    </sourceImageInformation>
  </Description>
  
  <Tags>
    <OtherTag ID="BT1" LABEL="Title" DESCRIPTION="block type Title"/><OtherTag ID="BT2" LABEL="Main" DESCRIPTION="block type Main"/><OtherTag ID="BT3" LABEL="Commentary" DESCRIPTION="block type Commentary"/><OtherTag ID="BT4" LABEL="Illustration" DESCRIPTION="block type Illustration"/><OtherTag ID="BT853" LABEL="Margin" DESCRIPTION="block type Margin"/><OtherTag ID="BT854" LABEL="Paratext" DESCRIPTION="block type Paratext"/>
    <OtherTag ID="LT2" LABEL="Numbering" DESCRIPTION="line type Numbering"/><OtherTag ID="LT3" LABEL="Correction" DESCRIPTION="line type Correction"/>
  </Tags>
  
  <Layout>
    <Page WIDTH="3161"
          HEIGHT="4230"
          PHYSICAL_IMG_NR="68"
          ID="eSc_dummypage_">
      <PrintSpace HPOS="0"
                  VPOS="0"
                  WIDTH="3161"
                  HEIGHT="4230">
        
        <TextBlock HPOS="433.0"
                   VPOS="514.0"
                   WIDTH="2362.0"
                   HEIGHT="3262.0"
                   ID="eSc_textblock_16748"
                   TAGREFS="BT2">
          <Shape><Polygon POINTS="452 514 2795 551 2734 3776 433 3748"/></Shape>
          
          
          <TextLine ID="eSc_line_1987596"
                    
                    BASELINE="509 618 949 624 1225 608 1835 600 2802 602" 
                    HPOS="508"
                    VPOS="535"
                    WIDTH="2293"
                    HEIGHT="124">
            <Shape><Polygon POINTS="2762 549 2727 549 2691 549 2656 549 2621 549 2585 549 2550 546 2515 546 2480 546 2444 546 2409 546 2374 546 2338 542 2303 542 2268 542 2233 542 2197 542 2187 542 2130 553 2095 556 1989 553 1615 535 1612 535 1608 535 1605 535 1576 556 1573 556 1548 556 1375 539 1372 539 1231 556 1203 560 1185 556 1097 539 1093 539 998 560 987 560 980 560 931 539 927 539 924 539 920 539 917 539 892 560 889 564 508 564 508 616 508 659 2801 652 2801 599 2797 549 2762 546 2762 549"/></Shape>
	    <String CONTENT="הק&#39;ב&#39;ה&#39; ועל הפרנסה לא השיבו אם יהיה אלים עמדי ושמרני אמ&#39; לו הנה אנכי עמך ושמרני"
                    HPOS="508"
                    VPOS="535"
                    WIDTH="2293"
                    HEIGHT="124"></String>
          </TextLine>

          
          
          <TextLine ID="eSc_line_1633386"
                    
                    BASELINE="493 690 853 690 973 683 1495 683 1675 676 2469 676 2638 683 2720 683 2788 676" 
                    HPOS="486"
                    VPOS="616"
                    WIDTH="2301"
                    HEIGHT="113">
            <Shape><Polygon POINTS="645 620 486 638 490 687 490 729 2783 719 2787 673 2783 638 2705 616 2702 616 2698 616 2695 616 2645 641 2462 641 2250 616 2247 616 2053 634 1830 616 1827 616 1823 616 1785 634 1682 616 1679 616 1675 616 1672 616 1636 638 1591 616 1587 616 1400 616 1397 616 1234 638 1174 616 1171 616 1167 616 1068 638 649 620 645 620"/></Shape>
	    <String CONTENT="א&#39; לו ושמרתיך בדרך הזה אשר אנכי הולך א&#39; לו בכל אשר תלך ושבתי בשלום אל בית"
                    HPOS="486"
                    VPOS="616"
                    WIDTH="2301"
                    HEIGHT="113"></String>
          </TextLine>

          
          
          <TextLine ID="eSc_line_1633387"
                    
                    BASELINE="525 761 769 761 1005 750 1502 754 1809 743 2268 743 2575 754 2788 747" 
                    HPOS="518"
                    VPOS="708"
                    WIDTH="2269"
                    HEIGHT="85">
            <Shape><Polygon POINTS="2779 719 2779 708 518 708 522 757 522 793 2783 786 2787 743 2783 729 2779 719"/></Shape>
	    <String CONTENT="אבי אמ&#39; לו והשיבתיך אל האדמה הזאת ועל הפרנסה לא השיבו א&#39;ר סא אף על הפרנסה"
                    HPOS="518"
                    VPOS="708"
                    WIDTH="2269"
                    HEIGHT="85"></String>
          </TextLine>

          
          
          <TextLine ID="eSc_line_1633388"
                    
                    BASELINE="493 828 956 821 1252 824 1919 814 2533 814 2688 824 2788 818" 
                    HPOS="486"
                    VPOS="775"
                    WIDTH="2301"
                    HEIGHT="95">
            <Shape><Polygon POINTS="490 824 490 870 2783 867 2787 817 2779 775 486 786 490 824"/></Shape>
	    <String CONTENT="השיבו [כ](ד)כת&#39; כי לא אעזבך ואין לשון הזה עזיבה אלא לשון פרנסה הכמה דאת אמ&#39; נער הייתי"
                    HPOS="486"
                    VPOS="775"
                    WIDTH="2301"
                    HEIGHT="95"></String>
          </TextLine>

          
          
          <TextLine ID="eSc_line_1633389"
                    
                    BASELINE="479 912 673 895 786 891 2303 895 2469 888 2684 891 2788 879" 
                    HPOS="476"
                    VPOS="856"
                    WIDTH="2311"
                    HEIGHT="88">
            <Shape><Polygon POINTS="476 944 2783 934 2787 877 2783 856 476 856 476 909 476 944"/></Shape>
	    <String CONTENT="גם זקנתי ולא ראיתי צדיק נעזב וזרעו מבקש לחם א&#39;ר הושעיא אשרי ילוד אשה שכך"
                    HPOS="476"
                    VPOS="856"
                    WIDTH="2311"
                    HEIGHT="88"></String>
          </TextLine>

          
          
          <TextLine ID="eSc_line_1633390"
                    
                    BASELINE="532 958 2003 955 2180 962 2349 955 2779 955" 
                    HPOS="525"
                    VPOS="920"
                    WIDTH="2251"
                    HEIGHT="88">
            <Shape><Polygon POINTS="529 955 529 1001 2769 1008 2776 951 2769 920 525 920 529 955"/></Shape>
	    <String CONTENT="שמע מפי בוראו אמ&#39;ר חננא בר פפא אשר ואשר אשריי ואשריכם כשנתקיימו כל"
                    HPOS="525"
                    VPOS="920"
                    WIDTH="2251"
                    HEIGHT="88"></String>
          </TextLine>

          
          
          <TextLine ID="eSc_line_1633391"
                    
                    BASELINE="455 1036 1675 1032 2779 1036" 
                    HPOS="451"
                    VPOS="997"
                    WIDTH="2325"
                    HEIGHT="88">
            <Shape><Polygon POINTS="451 1075 2765 1085 2776 1032 2772 997 451 997 451 1032 451 1075"/></Shape>
	    <String CONTENT="התנאים הללו שהתניתי עמכן א&#39;ר אחא אף לבניו אמ&#39; כן ועתה בנים שמעו לי וגו&#39; אשריי"
                    HPOS="451"
                    VPOS="997"
                    WIDTH="2325"
                    HEIGHT="88"></String>
          </TextLine>

          
          
          <TextLine ID="eSc_line_1633392"
                    
                    BASELINE="423 1085 1100 1099 2197 1096 2533 1106 2779 1106" 
                    HPOS="416"
                    VPOS="1053"
                    WIDTH="2360"
                    HEIGHT="103">
            <Shape><Polygon POINTS="419 1082 416 1131 2430 1152 2462 1152 2497 1152 2504 1152 2769 1156 2776 1103 2772 1068 419 1053 419 1082"/></Shape>
	    <String CONTENT="כתב אשריי ואשריכם לכשיתקיימו כל התניין הללו שהתניתי עמכן אימתי כשתשמרו"
                    HPOS="416"
                    VPOS="1053"
                    WIDTH="2360"
                    HEIGHT="103"></String>
          </TextLine>

          
          
          <TextLine ID="eSc_line_1633393"
                    
                    BASELINE="479 1152 582 1163 2388 1159 2645 1166 2779 1177" 
                    HPOS="476"
                    VPOS="1128"
                    WIDTH="2300"
                    HEIGHT="91">
            <Shape><Polygon POINTS="476 1205 2765 1219 2776 1173 2772 1128 476 1128 476 1149 476 1205"/></Shape>
	    <String CONTENT="את תורתי אם בחקתי תלכו א&#39;ר אלעזר בכל יום נומום אגריפוס בנוהג שבעולם מלך בשר ודם"
                    HPOS="476"
                    VPOS="1128"
                    WIDTH="2300"
                    HEIGHT="91"></String>
          </TextLine>

          
          
          <TextLine ID="eSc_line_1633394"
                    
                    BASELINE="483 1230 977 1240 1203 1230 2628 1230 2779 1240" 
                    HPOS="476"
                    VPOS="1180"
                    WIDTH="2300"
                    HEIGHT="113">
            <Shape><Polygon POINTS="479 1226 476 1272 913 1293 917 1293 2769 1290 2776 1237 2772 1202 945 1202 927 1198 829 1180 825 1180 479 1194 479 1226"/></Shape>
	    <String CONTENT="גוזר גזירה אם רצה לקיימת הרי הוא מקיימה ואם לאו סוף שהוא מקיימה על ידי אחרים"
                    HPOS="476"
                    VPOS="1180"
                    WIDTH="2300"
                    HEIGHT="113"></String>
          </TextLine>

          
          
          <TextLine ID="eSc_line_1633395"
                    
                    BASELINE="479 1318 592 1311 832 1318 2779 1311" 
                    HPOS="472"
                    VPOS="1251"
                    WIDTH="2304"
                    HEIGHT="113">
            <Shape><Polygon POINTS="476 1314 476 1357 2769 1364 2776 1307 2772 1272 2649 1251 2645 1251 2642 1251 2593 1272 2585 1272 2487 1272 1711 1254 1707 1254 1703 1254 1629 1272 1485 1258 1481 1258 1478 1258 1474 1258 1449 1276 1442 1276 1351 1276 550 1258 546 1258 543 1258 472 1276 476 1314"/></Shape>
	    <String CONTENT="אבל הק&#39;ב&#39;ה&#39; אינו כן אלא גוזר גזירה ומקיימה תחילה הד&#39;ה דכת&#39; מפני שיבה תקום והדרת"
                    HPOS="472"
                    VPOS="1251"
                    WIDTH="2304"
                    HEIGHT="113"></String>
          </TextLine>

          
          
          <TextLine ID="eSc_line_1633396"
                    
                    BASELINE="493 1388 1658 1385 2779 1388" 
                    HPOS="486"
                    VPOS="1343"
                    WIDTH="2290"
                    HEIGHT="91">
            <Shape><Polygon POINTS="490 1385 490 1427 2765 1434 2776 1385 2769 1343 486 1343 490 1385"/></Shape>
	    <String CONTENT="פני זקן אני יי אני הוא שקיימתי מצות עמידת זקן תחילה ˙ אם בחקתי תלכו חוקים"
                    HPOS="486"
                    VPOS="1343"
                    WIDTH="2290"
                    HEIGHT="91"></String>
          </TextLine>

          
          
          <TextLine ID="eSc_line_1633397"
                    
                    BASELINE="479 1462 649 1455 1901 1455 2628 1462 2751 1452 2779 1455" 
                    HPOS="476"
                    VPOS="1417"
                    WIDTH="2300"
                    HEIGHT="84">
            <Shape><Polygon POINTS="476 1459 476 1501 2769 1491 2776 1452 2772 1417 476 1417 476 1459"/></Shape>
	    <String CONTENT="שבהן חקקתי את השמים ואת הארץ כה אמר יי אם לא בריתי יומם ולילה חוקות שמים"
                    HPOS="476"
                    VPOS="1417"
                    WIDTH="2300"
                    HEIGHT="84"></String>
          </TextLine>

          
          
          <TextLine ID="eSc_line_1633398"
                    
                    BASELINE="462 1512 596 1522 1012 1522 1368 1519 1520 1512 2779 1512" 
                    HPOS="458"
                    VPOS="1484"
                    WIDTH="2318"
                    HEIGHT="74">
            <Shape><Polygon POINTS="458 1558 2772 1558 2776 1508 2772 1484 458 1484 458 1508 458 1558"/></Shape>
	    <String CONTENT="וארץ לא שמתי חוקים שבהן חקקתי את השמש ואת הירח כה אמר יי נותן שמש לאור"
                    HPOS="458"
                    VPOS="1484"
                    WIDTH="2318"
                    HEIGHT="74"></String>
          </TextLine>

          
          
          <TextLine ID="eSc_line_1633399"
                    
                    BASELINE="479 1586 2525 1582 2761 1588" 
                    HPOS="476"
                    VPOS="1550"
                    WIDTH="2282"
                    HEIGHT="78">
            <Shape><Polygon POINTS="476 1628 2751 1625 2758 1586 2755 1550 476 1550 476 1582 476 1628"/></Shape>
	    <String CONTENT="יומם חקות ירח וכוכבים לאור לילה חוקים שבהן חקקתי את הים בשומו לים חקו חוקים"
                    HPOS="476"
                    VPOS="1550"
                    WIDTH="2282"
                    HEIGHT="78"></String>
          </TextLine>

          
          
          <TextLine ID="eSc_line_1633400"
                    
                    BASELINE="497 1660 1407 1656 1636 1649 2296 1649 2522 1656 2761 1650" 
                    HPOS="490"
                    VPOS="1614"
                    WIDTH="2268"
                    HEIGHT="88">
            <Shape><Polygon POINTS="493 1656 493 1695 2751 1702 2758 1649 2751 1614 490 1614 493 1656"/></Shape>
	    <String CONTENT="שבהן חקקתי את החול אשר שמתי חול גבול לים חק עולם לא יעברנהו חוקים שבהן"
                    HPOS="490"
                    VPOS="1614"
                    WIDTH="2268"
                    HEIGHT="88"></String>
          </TextLine>

          
          
          <TextLine ID="eSc_line_1633401"
                    
                    BASELINE="508 1720 1778 1716 1954 1709 2497 1709 2761 1715" 
                    HPOS="504"
                    VPOS="1677"
                    WIDTH="2254"
                    HEIGHT="85">
            <Shape><Polygon POINTS="504 1762 2751 1762 2758 1713 2755 1677 504 1677 504 1716 504 1762"/></Shape>
	    <String CONTENT="חקקתי את תהום בחוקו חוג על פני תהום חוק וחוג לגזירה שווה ר&#39; לוי בשם ר&#39; חמא בר"
                    HPOS="504"
                    VPOS="1677"
                    WIDTH="2254"
                    HEIGHT="85"></String>
          </TextLine>

          
          
          <TextLine ID="eSc_line_1633402"
                    
                    BASELINE="430 1783 620 1783 751 1790 1273 1790 1848 1780 2444 1780 2761 1786" 
                    HPOS="423"
                    VPOS="1744"
                    WIDTH="2335"
                    HEIGHT="88">
            <Shape><Polygon POINTS="426 1780 426 1825 2748 1832 2758 1783 2751 1744 423 1744 426 1780"/></Shape>
	    <String CONTENT="חנינא חוקים שהן חקוקין ליצר הרע הדהד&#39;כ הוי החקקים חקקי און וגו&#39; א&#39;ר לוי למקום"
                    HPOS="423"
                    VPOS="1744"
                    WIDTH="2335"
                    HEIGHT="88"></String>
          </TextLine>

          
          
          <TextLine ID="eSc_line_1633403"
                    
                    BASELINE="440 1836 645 1847 2761 1854" 
                    HPOS="433"
                    VPOS="1811"
                    WIDTH="2325"
                    HEIGHT="88">
            <Shape><Polygon POINTS="437 1832 433 1882 2748 1899 2758 1850 2755 1815 437 1811 437 1832"/></Shape>
	    <String CONTENT="אירימון שהוא משולבש בגייסות מה עשה המלך הושיב בו כוסטריינוס בשביל לשמרו"
                    HPOS="433"
                    VPOS="1811"
                    WIDTH="2325"
                    HEIGHT="88"></String>
          </TextLine>

          
          
          <TextLine ID="eSc_line_1633404"
                    
                    BASELINE="479 1899 596 1910 754 1907 1033 1917 1485 1917 1682 1924 2761 1924" 
                    HPOS="472"
                    VPOS="1864"
                    WIDTH="2286"
                    HEIGHT="95">
            <Shape><Polygon POINTS="476 1896 472 1952 2751 1959 2758 1921 2755 1882 476 1864 476 1896"/></Shape>
	    <String CONTENT="כך א&#39; הק&#39;ב&#39;ה&#39; תורה קרואה אבן ויצר הרע קראוי אבן תורה קרואה אבן מנין ואתנה לך את"
                    HPOS="472"
                    VPOS="1864"
                    WIDTH="2286"
                    HEIGHT="95"></String>
          </TextLine>

          
          
          <TextLine ID="eSc_line_1633405"
                    
                    BASELINE="433 1974 550 1984 1273 1988 1612 1995 2649 1991 2761 1996" 
                    HPOS="426"
                    VPOS="1938"
                    WIDTH="2332"
                    HEIGHT="92">
            <Shape><Polygon POINTS="430 1973 426 2026 2748 2030 2758 1995 2751 1938 430 1945 430 1973"/></Shape>
	    <String CONTENT="לוחות האבן והתורה יצר הרע קראוי אבן דכת&#39; והסרתי את לב האבן מבשרכם תורה אבן"
                    HPOS="426"
                    VPOS="1938"
                    WIDTH="2332"
                    HEIGHT="92"></String>
          </TextLine>

          
          
          <TextLine ID="eSc_line_1633410"
                    
                    BASELINE="483 2055 1566 2055 1714 2048 2028 2048 2356 2051 2504 2058 2761 2058" 
                    HPOS="479"
                    VPOS="2009"
                    WIDTH="2279"
                    HEIGHT="88">
            <Shape><Polygon POINTS="479 2051 479 2097 2755 2097 2758 2055 2751 2009 479 2016 479 2051"/></Shape>
	    <String CONTENT="ויצר הרע אבן האבן תשמור את האבן ˙ א&#39;ר אבה בן אלישיב חוקים שהן מביאין את"
                    HPOS="479"
                    VPOS="2009"
                    WIDTH="2279"
                    HEIGHT="88"></String>
          </TextLine>

          
          
          <TextLine ID="eSc_line_1633411"
                    
                    BASELINE="476 2115 1047 2125 1262 2118 2462 2122 2761 2112" 
                    HPOS="469"
                    VPOS="2079"
                    WIDTH="2289"
                    HEIGHT="88">
            <Shape><Polygon POINTS="472 2115 469 2157 2751 2167 2758 2111 2755 2079 472 2079 472 2115"/></Shape>
	    <String CONTENT="האדם לחיי העולם הבא הדהד&#39;כ והיה הנשאר בציון והנותר בירוש&#39; קדוש יאמר לו כל הכת&#39;"
                    HPOS="469"
                    VPOS="2079"
                    WIDTH="2289"
                    HEIGHT="88"></String>
          </TextLine>

          
          
          <TextLine ID="eSc_line_1633406"
                    
                    BASELINE="493 2178 1457 2185 2032 2174 2490 2174 2761 2180" 
                    HPOS="486"
                    VPOS="2139"
                    WIDTH="2272"
                    HEIGHT="81">
            <Shape><Polygon POINTS="2751 2143 490 2139 490 2174 486 2217 2748 2220 2758 2178 2755 2150 2751 2143"/></Shape>
	    <String CONTENT="לחיים בירוש&#39; היה עוסק בתורה שהוא עץ חיים תני בשם ר&#39; אלעזר הסייף והספר ניתנו"
                    HPOS="486"
                    VPOS="2139"
                    WIDTH="2272"
                    HEIGHT="81"></String>
          </TextLine>

          
          
          <TextLine ID="eSc_line_1633407"
                    
                    BASELINE="451 2248 2035 2248 2346 2238 2747 2238" 
                    HPOS="444"
                    VPOS="2203"
                    WIDTH="2300"
                    HEIGHT="84">
            <Shape><Polygon POINTS="448 2245 448 2287 2741 2284 2744 2234 2737 2203 444 2206 448 2245"/></Shape>
	    <String CONTENT="מכורכין מלפני השמים א&#39; להן אם שימרתם מה שכתוב בספר הזה הרי אתן ניצולין מן"
                    HPOS="444"
                    VPOS="2203"
                    WIDTH="2300"
                    HEIGHT="84"></String>
          </TextLine>

          
          
          <TextLine ID="eSc_line_1633412"
                    
                    BASELINE="476 2308 663 2319 2677 2319 2747 2311" 
                    HPOS="469"
                    VPOS="2263"
                    WIDTH="2275"
                    HEIGHT="102">
            <Shape><Polygon POINTS="472 2305 469 2351 2737 2365 2744 2308 2737 2263 472 2270 472 2305"/></Shape>
	    <String CONTENT="הסייף הזה ואם לאו שהוא הורג אתכן ואיכן הוא משמעו שלדבר ויגרש את האדם"
                    HPOS="469"
                    VPOS="2263"
                    WIDTH="2275"
                    HEIGHT="102"></String>
          </TextLine>

          
          
          <TextLine ID="eSc_line_1633408"
                    
                    BASELINE="451 2368 747 2386 1001 2389 1280 2389 1545 2382 2747 2382" 
                    HPOS="444"
                    VPOS="2340"
                    WIDTH="2300"
                    HEIGHT="95">
            <Shape><Polygon POINTS="448 2365 444 2421 2737 2435 2744 2379 2737 2340 448 2340 448 2365"/></Shape>
	    <String CONTENT="וגו&#39; לשמור את דרך עץ החיים את דרך זו דרך הארץ ואחרכך עץ החיים זו תורה תני בשם"
                    HPOS="444"
                    VPOS="2340"
                    WIDTH="2300"
                    HEIGHT="95"></String>
          </TextLine>

          
          
          <TextLine ID="eSc_line_1633413"
                    
                    BASELINE="440 2463 589 2456 1167 2460 2250 2453 2691 2453 2747 2457" 
                    HPOS="433"
                    VPOS="2414"
                    WIDTH="2311"
                    HEIGHT="88">
            <Shape><Polygon POINTS="437 2460 437 2502 2737 2502 2744 2456 2737 2414 433 2418 437 2460"/></Shape>
	    <String CONTENT="ר&#39; שמעון בן יוחיי הכיכר והמקל ניתנו מכורכין מלפני השמים א&#39; להן אם שמרתם את"
                    HPOS="433"
                    VPOS="2414"
                    WIDTH="2311"
                    HEIGHT="88"></String>
          </TextLine>

          
          
          <TextLine ID="eSc_line_1633414"
                    
                    BASELINE="483 2516 1319 2523 1580 2513 2747 2516" 
                    HPOS="476"
                    VPOS="2478"
                    WIDTH="2268"
                    HEIGHT="84">
            <Shape><Polygon POINTS="479 2513 476 2562 2737 2559 2744 2513 2741 2478 479 2478 479 2513"/></Shape>
	    <String CONTENT="התורה הרי כיכר לאכול ואם לאו הרי מקל ללקות בו איכן הוא משמעו שלדבר אם תאבו"
                    HPOS="476"
                    VPOS="2478"
                    WIDTH="2268"
                    HEIGHT="84"></String>
          </TextLine>

          
          
          <TextLine ID="eSc_line_1633415"
                    
                    BASELINE="469 2576 769 2587 2670 2587 2747 2578" 
                    HPOS="462"
                    VPOS="2530"
                    WIDTH="2282"
                    HEIGHT="103">
            <Shape><Polygon POINTS="465 2573 462 2622 2737 2633 2744 2576 2741 2548 465 2530 465 2573"/></Shape>
	    <String CONTENT="ושמעתם וגו&#39; ואם תמאנו ומריתם חרב תאכלו חרובין תאוכלון א&#39;ר אחא צריכין ישראל"
                    HPOS="462"
                    VPOS="2530"
                    WIDTH="2282"
                    HEIGHT="103"></String>
          </TextLine>

          
          
          <TextLine ID="eSc_line_1633416"
                    
                    BASELINE="483 2647 751 2657 1220 2647 1996 2647 2250 2657 2490 2657 2621 2650 2747 2654" 
                    HPOS="476"
                    VPOS="2615"
                    WIDTH="2268"
                    HEIGHT="78">
            <Shape><Polygon POINTS="479 2643 476 2693 2737 2693 2744 2650 2741 2615 479 2615 479 2643"/></Shape>
	    <String CONTENT="לחרובה עבדון תתובה א&#39;ר עקיבה יאיה היא מיסכינותא לברתה דיעקב כערקא סמוקא"
                    HPOS="476"
                    VPOS="2615"
                    WIDTH="2268"
                    HEIGHT="78"></String>
          </TextLine>

          
          
          <TextLine ID="eSc_line_1633417"
                    
                    BASELINE="433 2717 656 2710 853 2721 2747 2721" 
                    HPOS="430"
                    VPOS="2679"
                    WIDTH="2314"
                    HEIGHT="77">
            <Shape><Polygon POINTS="430 2714 430 2756 2741 2756 2744 2717 2741 2679 430 2679 430 2714"/></Shape>
	    <String CONTENT=""
                    HPOS="430"
                    VPOS="2679"
                    WIDTH="2314"
                    HEIGHT="77"></String>
          </TextLine>

          
          
          <TextLine ID="eSc_line_1633409"
                    
                    BASELINE="479 2774 2257 2774 2494 2781 2747 2774" 
                    HPOS="472"
                    VPOS="2731"
                    WIDTH="2272"
                    HEIGHT="89">
            <Shape><Polygon POINTS="476 2770 476 2820 2741 2816 2744 2770 2737 2731 472 2738 476 2770"/></Shape>
	    <String CONTENT=""
                    HPOS="472"
                    VPOS="2731"
                    WIDTH="2272"
                    HEIGHT="89"></String>
          </TextLine>

          
          
          <TextLine ID="eSc_line_1633378"
                    
                    BASELINE="395 2844 546 2837 776 2851 984 2855 1509 2855 1905 2841 2747 2851" 
                    HPOS="388"
                    VPOS="2805"
                    WIDTH="2356"
                    HEIGHT="99">
            <Shape><Polygon POINTS="391 2841 388 2879 754 2901 758 2901 1259 2886 1270 2886 1315 2904 1319 2904 1322 2904 2737 2890 2744 2848 2744 2820 391 2805 391 2841"/></Shape>
	    <String CONTENT=""
                    HPOS="388"
                    VPOS="2805"
                    WIDTH="2356"
                    HEIGHT="99"></String>
          </TextLine>

          
          
          <TextLine ID="eSc_line_1633373"
                    
                    BASELINE="469 2915 698 2925 2747 2925" 
                    HPOS="462"
                    VPOS="2865"
                    WIDTH="2282"
                    HEIGHT="103">
            <Shape><Polygon POINTS="465 2911 462 2961 2737 2968 2744 2922 2741 2886 1612 2865 1608 2865 1605 2865 1534 2883 1488 2865 1485 2865 1481 2865 1478 2865 1474 2865 1442 2886 1019 2886 945 2865 941 2865 938 2865 846 2883 797 2865 793 2865 508 2865 504 2865 500 2865 465 2883 465 2911"/></Shape>
	    <String CONTENT=""
                    HPOS="462"
                    VPOS="2865"
                    WIDTH="2282"
                    HEIGHT="103"></String>
          </TextLine>

          
          
          <TextLine ID="eSc_line_1633372"
                    
                    BASELINE="412 2992 889 3010 2631 3006 2747 3011" 
                    HPOS="405"
                    VPOS="2943"
                    WIDTH="2339"
                    HEIGHT="99">
            <Shape><Polygon POINTS="409 2989 405 3042 2737 3042 2744 3010 2741 2964 2617 2943 2614 2943 2508 2961 2458 2943 2455 2943 2451 2943 1894 2961 1788 2943 1785 2943 1781 2943 1778 2943 1778 2946 1760 2964 1626 2964 1584 2943 1580 2943 1576 2943 1573 2943 1534 2964 1132 2964 1093 2943 1090 2943 1086 2943 797 2961 772 2943 769 2943 765 2943 511 2943 508 2943 409 2961 409 2989"/></Shape>
	    <String CONTENT=""
                    HPOS="405"
                    VPOS="2943"
                    WIDTH="2339"
                    HEIGHT="99"></String>
          </TextLine>

          
          
          <TextLine ID="eSc_line_1633376"
                    
                    BASELINE="472 3070 1001 3080 2747 3080" 
                    HPOS="465"
                    VPOS="3017"
                    WIDTH="2279"
                    HEIGHT="99">
            <Shape><Polygon POINTS="469 3066 465 3109 2737 3116 2744 3077 2741 3038 836 3038 800 3035 589 3017 585 3017 469 3031 469 3066"/></Shape>
	    <String CONTENT=""
                    HPOS="465"
                    VPOS="3017"
                    WIDTH="2279"
                    HEIGHT="99"></String>
          </TextLine>

          
          
          <TextLine ID="eSc_line_1633382"
                    
                    BASELINE="465 3133 772 3133 896 3140 2747 3144" 
                    HPOS="458"
                    VPOS="3094"
                    WIDTH="2286"
                    HEIGHT="96">
            <Shape><Polygon POINTS="462 3130 458 3179 2734 3190 2744 3140 2741 3105 462 3094 462 3130"/></Shape>
	    <String CONTENT=""
                    HPOS="458"
                    VPOS="3094"
                    WIDTH="2286"
                    HEIGHT="96"></String>
          </TextLine>

          
          
          <TextLine ID="eSc_line_1633381"
                    
                    BASELINE="444 3190 550 3200 966 3200 1143 3207 1827 3200 2017 3207 2649 3204 2734 3209" 
                    HPOS="440"
                    VPOS="3154"
                    WIDTH="2290"
                    HEIGHT="92">
            <Shape><Polygon POINTS="440 3246 472 3246 508 3246 543 3246 578 3246 2723 3246 2730 3207 2727 3168 440 3154 440 3186 440 3246"/></Shape>
	    <String CONTENT="ניתנו ה לעולם התורה והמאורות והגשמים התורה מנין ויתן אל"
                    HPOS="440"
                    VPOS="3154"
                    WIDTH="2290"
                    HEIGHT="92"></String>
          </TextLine>

          
          
          <TextLine ID="eSc_line_1633374"
                    
                    BASELINE="476 3253 1150 3271 1965 3267 2593 3274 2734 3279" 
                    HPOS="469"
                    VPOS="3221"
                    WIDTH="2261"
                    HEIGHT="106">
            <Shape><Polygon POINTS="472 3250 469 3292 553 3313 557 3313 754 3299 1231 3320 1234 3320 1922 3309 1972 3327 1975 3327 1979 3327 2723 3313 2730 3278 2727 3242 472 3221 472 3250"/></Shape>
	    <String CONTENT="משה ככלותו וג&#39; המאורות מנין ויתן אתם אלים ברקיע השמים להאיר על הארץ ˙ הגשמים"
                    HPOS="469"
                    VPOS="3221"
                    WIDTH="2261"
                    HEIGHT="106"></String>
          </TextLine>

          
          
          <TextLine ID="eSc_line_1633380"
                    
                    BASELINE="409 3334 631 3331 1040 3348 1347 3348 1679 3338 2243 3338 2734 3348" 
                    HPOS="405"
                    VPOS="3281"
                    WIDTH="2325"
                    HEIGHT="117">
            <Shape><Polygon POINTS="405 3331 405 3387 536 3373 589 3391 592 3391 596 3391 2720 3398 2730 3345 2730 3313 405 3281 405 3331"/></Shape>
	    <String CONTENT="מנין ונתתי גשמיכם בעתם ˙ ר&#39; עזריה בשם ר&#39; שמעון בן לקיש אף השלום דכת&#39; ונתתי שלום"
                    HPOS="405"
                    VPOS="3281"
                    WIDTH="2325"
                    HEIGHT="117"></String>
          </TextLine>

          
          
          <TextLine ID="eSc_line_1633379"
                    
                    BASELINE="437 3408 1203 3433 1375 3433 1689 3422 2624 3415 2709 3422 2734 3429" 
                    HPOS="430"
                    VPOS="3373"
                    WIDTH="2300"
                    HEIGHT="106">
            <Shape><Polygon POINTS="433 3405 430 3450 2712 3479 2730 3426 2730 3383 2723 3376 2720 3376 2720 3373 2716 3373 2712 3373 2709 3373 433 3376 433 3405"/></Shape>
	    <String CONTENT="בארץ ר&#39; יהושע בן נחמיה אמ&#39; אף הישועה דכת&#39; ותתן לי מגן ישעך ר&#39; יצחק בר מריון אמר"
                    HPOS="430"
                    VPOS="3373"
                    WIDTH="2300"
                    HEIGHT="106"></String>
          </TextLine>

          
          
          <TextLine ID="eSc_line_1633377"
                    
                    BASELINE="448 3465 822 3486 1135 3493 1654 3486 2264 3486 2674 3496 2734 3505" 
                    HPOS="440"
                    VPOS="3436"
                    WIDTH="2290"
                    HEIGHT="103">
            <Shape><Polygon POINTS="444 3461 440 3510 807 3535 2716 3539 2730 3503 2727 3454 444 3436 444 3461"/></Shape>
	    <String CONTENT="אף פרשת הים הגדול דכת&#39; ביה כה אמר יי הנותן ביד דרך וגו&#39; שאילו לא היה הכת&#39; כה אמר"
                    HPOS="440"
                    VPOS="3436"
                    WIDTH="2290"
                    HEIGHT="103"></String>
          </TextLine>

          
          
          <TextLine ID="eSc_line_1633371"
                    
                    BASELINE="451 3546 645 3542 889 3556 2420 3556 2734 3567" 
                    HPOS="444"
                    VPOS="3503"
                    WIDTH="2286"
                    HEIGHT="113">
            <Shape><Polygon POINTS="448 3542 444 3588 1252 3613 1255 3616 1629 3616 1629 3613 1633 3613 1672 3595 1714 3613 1718 3613 1721 3613 1845 3595 1898 3613 1901 3613 1905 3613 1908 3613 1979 3595 2656 3613 2660 3613 2663 3613 2727 3591 2730 3563 2727 3524 2398 3503 1629 3503 1626 3503 1622 3503 1576 3514 1552 3521 448 3510 448 3542"/></Shape>
	    <String CONTENT="יי הנותן בים דרך כיון שהיה אדם יורד לתוכו מיד היה מת ר&#39; תנחומא א&#39; אף ארץ ישר&#39;"
                    HPOS="444"
                    VPOS="3503"
                    WIDTH="2286"
                    HEIGHT="113"></String>
          </TextLine>

          
          
          <TextLine ID="eSc_line_1633370"
                    
                    BASELINE="412 3613 642 3613 938 3630 1735 3630 1933 3637 2402 3637 2730 3644" 
                    HPOS="405"
                    VPOS="3574"
                    WIDTH="2322"
                    HEIGHT="123">
            <Shape><Polygon POINTS="409 3609 405 3658 829 3662 839 3669 885 3683 889 3683 892 3683 896 3683 941 3669 945 3669 991 3687 994 3687 998 3687 1001 3687 1058 3673 1072 3673 1622 3690 1626 3690 1686 3683 1749 3673 1859 3683 1947 3694 2289 3697 2293 3697 2296 3697 2314 3694 2349 3680 2374 3694 2377 3697 2381 3697 2384 3697 2388 3697 2391 3697 2402 3694 2444 3680 2473 3694 2480 3697 2483 3697 2487 3697 2490 3697 2494 3697 2494 3694 2515 3680 2716 3697 2727 3641 2727 3602 409 3574 409 3609"/></Shape>
	    <String CONTENT="דכת&#39; ויתן להם ארצות גוים וגו&#39; ורבנין אמ&#39; אף הרחמים ויתן אתם לרחמים וגו&#39; ויש אומ&#39;"
                    HPOS="405"
                    VPOS="3574"
                    WIDTH="2322"
                    HEIGHT="123"></String>
          </TextLine>

          
          
          <TextLine ID="eSc_line_1633375"
                    
                    BASELINE="444 3673 596 3690 1076 3704 2321 3715 2734 3709" 
                    HPOS="437"
                    VPOS="3641"
                    WIDTH="2293"
                    HEIGHT="158">
            <Shape><Polygon POINTS="440 3669 437 3764 455 3771 458 3771 462 3771 465 3771 483 3761 536 3736 754 3736 857 3768 860 3768 864 3768 867 3768 903 3754 927 3768 959 3792 963 3792 966 3792 1545 3799 1548 3799 1552 3799 1598 3778 1668 3750 1802 3778 1806 3778 1809 3778 1876 3754 1936 3775 1940 3775 1943 3775 2286 3754 2525 3792 2529 3792 2533 3792 2593 3761 2652 3796 2656 3796 2660 3796 2663 3799 2727 3799 2730 3708 2730 3676 440 3641 440 3669"/></Shape>
	    <String CONTENT="אף נקמתן שלאדום דכת&#39; ונתתי נקמתי באדום ביד עמי יש&#39; ד&#39;א ונתתי גשמיכם בע"
                    HPOS="437"
                    VPOS="3641"
                    WIDTH="2293"
                    HEIGHT="158"></String>
          </TextLine>

          
        </TextBlock>
        

        
      </PrintSpace>
    </Page>
  </Layout>
</alto>
