<?xml version="1.0" encoding="UTF-8"?>
<alto xmlns:xsi="http://www.w3.org/2001/XMLSchema-instance"
      xmlns="http://www.loc.gov/standards/alto/ns-v4#"
      xsi:schemaLocation="http://www.loc.gov/standards/alto/ns-v4# http://www.loc.gov/standards/alto/v4/alto-4-2.xsd">
  <Description>
    <MeasurementUnit>pixel</MeasurementUnit>
    <sourceImageInformation>
      <fileName>Vat.ebr.32_0037_fa_0016r.jpg</fileName>
      
    </sourceImageInformation>
  </Description>
  
  <Tags>
    <OtherTag ID="BT1" LABEL="Title" DESCRIPTION="block type Title"/><OtherTag ID="BT2" LABEL="Main" DESCRIPTION="block type Main"/><OtherTag ID="BT3" LABEL="Commentary" DESCRIPTION="block type Commentary"/><OtherTag ID="BT4" LABEL="Illustration" DESCRIPTION="block type Illustration"/><OtherTag ID="BT853" LABEL="Margin" DESCRIPTION="block type Margin"/><OtherTag ID="BT854" LABEL="Paratext" DESCRIPTION="block type Paratext"/>
    <OtherTag ID="LT2" LABEL="Numbering" DESCRIPTION="line type Numbering"/><OtherTag ID="LT3" LABEL="Correction" DESCRIPTION="line type Correction"/>
  </Tags>
  
  <Layout>
    <Page WIDTH="3169"
          HEIGHT="4230"
          PHYSICAL_IMG_NR="30"
          ID="eSc_dummypage_">
      <PrintSpace HPOS="0"
                  VPOS="0"
                  WIDTH="3169"
                  HEIGHT="4230">
        
        <TextBlock HPOS="484.0"
                   VPOS="537.0"
                   WIDTH="2248.0"
                   HEIGHT="3189.0"
                   ID="eSc_textblock_16710"
                   TAGREFS="BT2">
          <Shape><Polygon POINTS="484 584 2732 537 2691 3556 490 3726"/></Shape>
          
          
          <TextLine ID="eSc_line_1632599"
                    
                    BASELINE="482 634 659 641 1413 609 1670 613 2033 595 2234 599 2612 581 2740 584" 
                    HPOS="475"
                    VPOS="532"
                    WIDTH="2263"
                    HEIGHT="176">
            <Shape><Polygon POINTS="2696 539 2661 539 2626 539 2590 539 2555 542 2520 542 2485 542 2449 542 2414 542 2379 546 2344 546 2308 546 2273 546 2252 546 2238 549 2234 553 1917 560 1903 560 1843 556 1815 556 1780 556 1744 556 1709 556 1674 560 1639 560 1603 560 1568 560 1536 560 1494 571 1480 564 1462 564 1427 564 1392 564 1357 564 1321 567 1286 567 1283 567 1265 578 1251 567 1251 567 1216 567 1205 567 1187 578 1173 567 1145 571 1110 571 1075 571 1039 571 1004 571 976 571 955 585 912 574 898 574 863 574 828 574 793 578 771 578 768 578 750 599 747 599 606 581 581 581 560 581 475 606 479 630 479 687 560 705 564 708 564 705 680 683 683 683 690 683 761 697 764 697 1265 669 1519 652 2735 630 2738 581 2735 535 2717 532 2696 539"/></Shape>
	    <String CONTENT="ה עשה וסיפח יי קדקד בנות ציון ר&#39; אלעזר ור&#39; יוסי בר חנינא ר&#39; אלעזר א&#39; הילקה אותם בצרעת"
                    HPOS="475"
                    VPOS="532"
                    WIDTH="2263"
                    HEIGHT="176"></String>
          </TextLine>

          
          
          <TextLine ID="eSc_line_1632600"
                    
                    BASELINE="532 729 757 715 1004 708 1561 680 1850 683 2115 666 2414 666 2622 655 2740 655" 
                    HPOS="525"
                    VPOS="606"
                    WIDTH="2213"
                    HEIGHT="162">
            <Shape><Polygon POINTS="528 726 528 768 2738 690 2738 652 2735 609 2256 606 2252 606 2248 606 2245 606 2245 609 2227 623 2065 613 2062 613 1970 634 1963 634 1875 616 1871 616 1868 616 1829 638 1297 638 1293 638 525 683 528 726"/></Shape>
	    <String CONTENT="היך מה דאת אמר ולשאת ולספחת ולבהרת ור&#39; יוסי בר חנינא אמר העלה על ראשן משפחות"
                    HPOS="525"
                    VPOS="606"
                    WIDTH="2213"
                    HEIGHT="162"></String>
          </TextLine>

          
          
          <TextLine ID="eSc_line_1632601"
                    
                    BASELINE="507 775 729 782 997 764 1357 750 1635 754 1822 740 2083 736 2270 726 2740 716" 
                    HPOS="500"
                    VPOS="673"
                    WIDTH="2238"
                    HEIGHT="134">
            <Shape><Polygon POINTS="504 771 504 807 1854 796 2735 757 2738 715 2735 690 2608 673 2604 673 500 736 504 771"/></Shape>
	    <String CONTENT="משפחות שלכנים ור&#39; חייא בר אבא בר אבא אמ&#39; עשאן שפחות מבודנית מהו מבודנית אמהן משעבדן"
                    HPOS="500"
                    VPOS="673"
                    WIDTH="2238"
                    HEIGHT="134"></String>
          </TextLine>

          
          
          <TextLine ID="eSc_line_1632602"
                    
                    BASELINE="514 846 1353 821 1610 807 1864 810 2569 779 2740 781" 
                    HPOS="507"
                    VPOS="736"
                    WIDTH="2231"
                    HEIGHT="148">
            <Shape><Polygon POINTS="511 845 511 884 2735 821 2738 779 2731 736 507 810 511 845"/></Shape>
	    <String CONTENT="ר&#39; ברכיה וחילפי בר זביד בשם ר&#39; איסי מהו וסיפח כדי לשפע כדי לשמר זרע קודש כדי שלא"
                    HPOS="507"
                    VPOS="736"
                    WIDTH="2231"
                    HEIGHT="148"></String>
          </TextLine>

          
          
          <TextLine ID="eSc_line_1632603"
                    
                    BASELINE="528 916 860 909 1487 877 1773 881 2019 867 2227 867 2308 860 2555 853 2740 853" 
                    HPOS="521"
                    VPOS="796"
                    WIDTH="2217"
                    HEIGHT="166">
            <Shape><Polygon POINTS="525 912 525 962 1272 941 1300 923 1335 923 1367 937 2735 898 2738 849 2731 796 521 877 525 912"/></Shape>
	    <String CONTENT="יתערב בעמי הארצות א&#39; הק&#39;ב&#39;ה&#39; יודע אני שאין אומות העולם בדילין מן הצרעת מה עשה ויי"
                    HPOS="521"
                    VPOS="796"
                    WIDTH="2217"
                    HEIGHT="166"></String>
          </TextLine>

          
          
          <TextLine ID="eSc_line_1632604"
                    
                    BASELINE="535 990 761 990 1243 956 1367 948 1790 948 2308 934 2597 920 2740 926" 
                    HPOS="528"
                    VPOS="870"
                    WIDTH="2210"
                    HEIGHT="162">
            <Shape><Polygon POINTS="1339 930 1304 930 1286 909 528 941 532 986 532 1032 1966 997 1977 997 1998 997 2294 990 2326 986 2545 965 2731 976 2738 923 2735 884 2527 870 2523 870 2337 891 2157 881 2153 881 2150 881 2090 898 2079 902 1998 902 1561 898 1558 898 1353 905 1339 930"/></Shape>
	    <String CONTENT="פתהן יערה רמז הק&#39;ב&#39;ה&#39; למעינה והיה מוציא דם עד שממלא () כל הקרוכין והיה אותו השלטון"
                    HPOS="528"
                    VPOS="870"
                    WIDTH="2210"
                    HEIGHT="162"></String>
          </TextLine>

          
          
          <TextLine ID="eSc_line_1975896"
                    TAGREFS="LT3"
                    BASELINE="1284 929 1349 928" 
                    HPOS="1283"
                    VPOS="898"
                    WIDTH="63"
                    HEIGHT="46">
            <Shape><Polygon POINTS="1283 927 1283 944 1318 944 1346 941 1346 927 1346 898 1283 898 1283 927"/></Shape>
	    <String CONTENT=""
                    HPOS="1283"
                    VPOS="898"
                    WIDTH="63"
                    HEIGHT="46"></String>
          </TextLine>

          
          
          <TextLine ID="eSc_line_1632605"
                    
                    BASELINE="528 1082 905 1050 1117 1043 1339 1025 1748 1022 2026 1004 2143 1008 2636 990 2740 993" 
                    HPOS="521"
                    VPOS="944"
                    WIDTH="2217"
                    HEIGHT="180">
            <Shape><Polygon POINTS="525 1078 525 1124 1522 1068 1610 1082 1617 1082 1621 1082 1625 1082 1628 1082 1692 1061 1734 1078 1737 1078 1741 1078 1744 1078 2735 1036 2738 990 2735 944 1346 979 521 1032 525 1078"/></Shape>
	    <String CONTENT="נועצה ברומח ונותנה לפני קרוכין והיתה קרוכין עוברת עליהן ומפסקת והוא שירמיה"
                    HPOS="521"
                    VPOS="944"
                    WIDTH="2217"
                    HEIGHT="180"></String>
          </TextLine>

          
          
          <TextLine ID="eSc_line_1632606"
                    
                    BASELINE="504 1149 849 1135 1159 1110 1311 1106 1438 1096 1642 1089 1857 1092 2083 1075 2312 1078 2580 1061 2668 1061 2740 1067" 
                    HPOS="497"
                    VPOS="1018"
                    WIDTH="2241"
                    HEIGHT="166">
            <Shape><Polygon POINTS="500 1145 500 1184 1180 1159 1205 1159 1240 1159 1276 1156 1311 1156 1335 1156 1406 1152 1417 1152 1431 1152 2735 1103 2738 1064 2731 1018 1868 1050 1829 1036 1825 1036 1822 1036 1818 1036 1815 1036 1794 1053 1660 1039 1656 1039 1653 1039 1649 1039 1649 1043 1646 1043 1635 1057 1240 1057 1237 1057 497 1106 500 1145"/></Shape>
	    <String CONTENT="אומר סורו טמא סורו טמא קראו למן סורו סורו אל תגעו ר&#39; ראובן אמ&#39; לשון יווני הוא סירון סירון ˙"
                    HPOS="497"
                    VPOS="1018"
                    WIDTH="2241"
                    HEIGHT="166"></String>
          </TextLine>

          
          
          <TextLine ID="eSc_line_1632607"
                    
                    BASELINE="518 1194 659 1205 1261 1166 2153 1145 2315 1135 2740 1117" 
                    HPOS="511"
                    VPOS="1071"
                    WIDTH="2227"
                    HEIGHT="180">
            <Shape><Polygon POINTS="514 1191 514 1251 2738 1156 2738 1113 2735 1089 2664 1071 2661 1071 2217 1103 2072 1113 1713 1113 1290 1120 1103 1131 609 1163 511 1149 514 1191"/></Shape>
	    <String CONTENT="לשון ברע ממרים ותדבר מרים ואהרן במשה ומנין שלקת בצרעת שנ&#39; והענן סר מעל האהל"
                    HPOS="511"
                    VPOS="1071"
                    WIDTH="2227"
                    HEIGHT="180"></String>
          </TextLine>

          
          
          <TextLine ID="eSc_line_1632608"
                    
                    BASELINE="497 1276 606 1276 909 1251 1240 1233 1360 1233 1720 1216 1981 1219 2241 1202 2502 1202 2728 1184" 
                    HPOS="489"
                    VPOS="1145"
                    WIDTH="2235"
                    HEIGHT="187">
            <Shape><Polygon POINTS="493 1272 493 1332 814 1300 1022 1304 1057 1304 1078 1304 1364 1272 2724 1230 2724 1180 2721 1145 1751 1187 1737 1184 1677 1170 1674 1170 1670 1170 489 1237 493 1272"/></Shape>
	    <String CONTENT="וג&#39; וידים שופכות דם נקי מן יואב והשיב יי את דמו על ראשו אשר פגע בשני אנשים צדיקים"
                    HPOS="489"
                    VPOS="1145"
                    WIDTH="2235"
                    HEIGHT="187"></String>
          </TextLine>

          
          
          <TextLine ID="eSc_line_1632609"
                    
                    BASELINE="497 1346 831 1325 1572 1290 1977 1286 2189 1272 2319 1276 2636 1258 2734 1260" 
                    HPOS="489"
                    VPOS="1216"
                    WIDTH="2242"
                    HEIGHT="158">
            <Shape><Polygon POINTS="493 1343 493 1374 2724 1304 2731 1258 2724 1216 1899 1247 1801 1233 1797 1233 1794 1233 1730 1254 1487 1244 1484 1244 489 1307 493 1343"/></Shape>
	    <String CONTENT="וטובים ממנו ויהרגם בחרב ואבי דוד לא ידע את אבנר בן נר שר צבא יש&#39; ואת עמסא בן יתר"
                    HPOS="489"
                    VPOS="1216"
                    WIDTH="2242"
                    HEIGHT="158"></String>
          </TextLine>

          
          
          <TextLine ID="eSc_line_1632610"
                    
                    BASELINE="514 1406 1589 1360 2143 1357 2548 1332 2734 1326" 
                    HPOS="507"
                    VPOS="1272"
                    WIDTH="2224"
                    HEIGHT="187">
            <Shape><Polygon POINTS="511 1402 511 1441 599 1459 602 1459 1053 1424 1177 1417 1346 1417 1829 1417 1829 1413 2728 1367 2731 1325 2728 1286 2633 1272 2629 1272 1963 1311 1907 1314 1899 1314 1833 1300 1829 1300 1734 1321 1723 1321 1706 1321 1547 1311 1543 1311 1540 1311 1459 1332 1448 1332 1441 1332 1360 1318 1357 1318 507 1364 511 1402"/></Shape>
	    <String CONTENT="ויהרגם ומנין שלקה בצרעת שנ&#39; יחולו על ראש יואב ועל ביתו ˙ לב חורש מחשבות אוון"
                    HPOS="507"
                    VPOS="1272"
                    WIDTH="2224"
                    HEIGHT="187"></String>
          </TextLine>

          
          
          <TextLine ID="eSc_line_1632611"
                    
                    BASELINE="528 1484 676 1484 1459 1431 1914 1427 2115 1417 2389 1413 2734 1396" 
                    HPOS="521"
                    VPOS="1346"
                    WIDTH="2210"
                    HEIGHT="183">
            <Shape><Polygon POINTS="525 1480 525 1529 556 1529 560 1529 595 1529 595 1529 2731 1431 2731 1395 2724 1346 740 1417 521 1448 525 1480"/></Shape>
	    <String CONTENT="מעזיהו שביקש לבוז כהונה גדולה ומנין שלקה בצרעת שנ&#39; וינגע יי את פרעה המלך ויהי"
                    HPOS="521"
                    VPOS="1346"
                    WIDTH="2210"
                    HEIGHT="183"></String>
          </TextLine>

          
          
          <TextLine ID="eSc_line_1632612"
                    
                    BASELINE="549 1536 687 1543 817 1533 1417 1512 1558 1501 1649 1498 1815 1501 2076 1484 2192 1484 2330 1473 2734 1459" 
                    HPOS="542"
                    VPOS="1427"
                    WIDTH="2189"
                    HEIGHT="148">
            <Shape><Polygon POINTS="546 1533 546 1575 2731 1498 2731 1455 2724 1427 542 1501 546 1533"/></Shape>
	    <String CONTENT="מצורע עד יום מותו רגלים ממהרות לרוץ לרעה מגיחזי שנ&#39; ויאמר גיחזי נער אלישע"
                    HPOS="542"
                    VPOS="1427"
                    WIDTH="2189"
                    HEIGHT="148"></String>
          </TextLine>

          
          
          <TextLine ID="eSc_line_1632613"
                    
                    BASELINE="468 1610 1424 1568 1639 1572 1850 1558 2016 1558 2241 1543 2404 1540 2520 1529 2734 1523" 
                    HPOS="461"
                    VPOS="1484"
                    WIDTH="2270"
                    HEIGHT="162">
            <Shape><Polygon POINTS="465 1607 465 1646 2731 1561 2731 1522 2724 1484 461 1575 465 1607"/></Shape>
	    <String CONTENT="איש האלים הנה חשך אדני את נעמן הארמי הזה מקחת מידו את אשר הביא וגו&#39; ומנ&#39; שלקה"
                    HPOS="461"
                    VPOS="1484"
                    WIDTH="2270"
                    HEIGHT="162"></String>
          </TextLine>

          
          
          <TextLine ID="eSc_line_1632614"
                    
                    BASELINE="472 1684 585 1674 1170 1642 1399 1635 1526 1625 1829 1625 1991 1614 2224 1610 2734 1586" 
                    HPOS="465"
                    VPOS="1540"
                    WIDTH="2266"
                    HEIGHT="176">
            <Shape><Polygon POINTS="2717 1561 2700 1543 2492 1540 2488 1540 1780 1589 1741 1589 1737 1589 1688 1575 1684 1575 1681 1575 1677 1575 1642 1593 1639 1593 1265 1589 1261 1589 965 1621 867 1607 863 1607 754 1632 627 1617 623 1617 465 1646 468 1681 468 1716 2541 1646 2728 1617 2731 1582 2728 1543 2721 1543 2717 1561"/></Shape>
	    <String CONTENT="בצרעת שנ&#39; וצרעת נעמן תדבק בו ובזרעו עד עולם ויצא מלפניו מצורע כשלג ומשלח"
                    HPOS="465"
                    VPOS="1540"
                    WIDTH="2266"
                    HEIGHT="176"></String>
          </TextLine>

          
          
          <TextLine ID="eSc_line_1632623"
                    
                    BASELINE="493 1741 592 1741 754 1727 1046 1720 1445 1695 1462 1695 1574 1698 1646 1699 1871 1684 2079 1681 2719 1648" 
                    HPOS="486"
                    VPOS="1614"
                    WIDTH="2231"
                    HEIGHT="183">
            <Shape><Polygon POINTS="489 1737 489 1783 606 1797 609 1797 613 1797 697 1776 715 1769 905 1766 1755 1744 2717 1684 2717 1646 2714 1614 1751 1656 1529 1646 1526 1646 877 1677 874 1677 870 1677 842 1695 712 1684 708 1684 705 1684 606 1709 567 1691 564 1691 560 1691 556 1691 486 1716 489 1737"/></Shape>
	    <String CONTENT="מדנים בין אחים מפרעה ששילח מדנים בין אבר(ה)ם לשרה ומנין שלקה בצרעת שנ&#39; וינגע יי"
                    HPOS="486"
                    VPOS="1614"
                    WIDTH="2231"
                    HEIGHT="183"></String>
          </TextLine>

          
          
          <TextLine ID="eSc_line_1632627"
                    
                    BASELINE="489 1822 687 1808 1170 1783 1431 1780 1582 1769 1910 1766 2566 1727 2719 1730" 
                    HPOS="482"
                    VPOS="1667"
                    WIDTH="2235"
                    HEIGHT="194">
            <Shape><Polygon POINTS="486 1818 486 1861 2714 1762 2717 1727 2710 1667 2136 1713 1610 1734 1515 1723 1462 1716 1459 1716 1314 1730 1156 1748 1082 1741 1008 1737 1004 1737 1001 1737 962 1748 895 1766 835 1755 800 1748 796 1748 482 1769 486 1818"/></Shape>
	    <String CONTENT="את פרעה נגעים גדלים ואת ביתו א&#39; רבן שמעון בן גמליאל פעם אחת הייתי מהלך מטברייא"
                    HPOS="482"
                    VPOS="1667"
                    WIDTH="2235"
                    HEIGHT="194"></String>
          </TextLine>

          
          
          <TextLine ID="eSc_line_1632629"
                    
                    BASELINE="500 1885 1170 1854 1431 1854 1692 1840 1928 1836 2340 1811 2719 1796" 
                    HPOS="493"
                    VPOS="1737"
                    WIDTH="2224"
                    HEIGHT="191">
            <Shape><Polygon POINTS="2710 1737 493 1847 497 1882 497 1928 2717 1843 2717 1794 2714 1790 2710 1737"/></Shape>
	    <String CONTENT="לציפורי מצאני זקן אחד ואמר לי רבי עשרים וארבעה מיני שחינין הן ואין לך לתשמיש"
                    HPOS="493"
                    VPOS="1737"
                    WIDTH="2224"
                    HEIGHT="191"></String>
          </TextLine>

          
          
          <TextLine ID="eSc_line_1632630"
                    
                    BASELINE="493 1952 764 1952 1015 1931 1184 1924 1388 1924 1635 1907 1808 1910 2203 1885 2719 1868" 
                    HPOS="486"
                    VPOS="1829"
                    WIDTH="2231"
                    HEIGHT="169">
            <Shape><Polygon POINTS="2710 1829 2238 1829 2234 1829 2069 1854 2051 1854 2030 1854 1833 1847 1829 1847 1494 1875 1445 1878 1434 1878 1364 1864 1360 1864 497 1914 486 1931 489 1949 489 1998 2717 1907 2717 1864 2714 1843 2710 1829"/></Shape>
	    <String CONTENT="המיטה אלא רתן בלבד א&#39;ר פדת ובו לקה פרעה הרשע לפיכך היה משה מזהיר את יש&#39; ואמר להן"
                    HPOS="486"
                    VPOS="1829"
                    WIDTH="2231"
                    HEIGHT="169"></String>
          </TextLine>

          
          
          <TextLine ID="eSc_line_1632638"
                    
                    BASELINE="479 2040 687 2023 775 2023 1039 1998 1350 1995 1649 1977 1938 1974 2220 1952 2719 1925" 
                    HPOS="472"
                    VPOS="1878"
                    WIDTH="2245"
                    HEIGHT="198">
            <Shape><Polygon POINTS="2710 1889 2562 1878 2559 1878 2555 1878 2509 1899 2506 1903 1695 1942 1692 1942 1628 1924 1625 1924 1621 1924 1487 1952 1480 1952 1469 1952 1279 1942 1276 1942 630 1973 472 2002 475 2037 475 2076 2717 1963 2717 1924 2714 1892 2710 1889"/></Shape>
	    <String CONTENT="זאת [תהיה] () תורת המצורע תורת המוציא רע ˙ מי האיש החפץ חיים אוהב ימים לראות"
                    HPOS="472"
                    VPOS="1878"
                    WIDTH="2245"
                    HEIGHT="198"></String>
          </TextLine>

          
          
          <TextLine ID="eSc_line_1632631"
                    
                    BASELINE="489 2093 581 2093 898 2069 1240 2051 1487 2048 1639 2037 1861 2037 2277 2016 2502 1995 2719 1989" 
                    HPOS="482"
                    VPOS="1949"
                    WIDTH="2235"
                    HEIGHT="187">
            <Shape><Polygon POINTS="486 2090 486 2136 2717 2026 2717 1988 2714 1949 482 2055 486 2090"/></Shape>
	    <String CONTENT="טוב מעשה ברוכל אחד שהיה מחזיר בעיירות הסמוכות לציפורי והיה מכריז ואמר מן דבעי"
                    HPOS="482"
                    VPOS="1949"
                    WIDTH="2235"
                    HEIGHT="187"></String>
          </TextLine>

          
          
          <TextLine ID="eSc_line_1632632"
                    
                    BASELINE="497 2150 602 2157 884 2136 1931 2097 2580 2058 2719 2052" 
                    HPOS="489"
                    VPOS="2016"
                    WIDTH="2228"
                    HEIGHT="187">
            <Shape><Polygon POINTS="493 2146 493 2203 814 2174 1015 2181 1018 2181 1022 2181 1085 2164 1265 2171 1269 2171 1272 2171 1276 2171 1279 2171 1297 2153 1350 2167 1353 2167 1357 2167 1360 2167 1364 2167 1364 2164 1367 2164 1378 2150 1512 2160 1526 2160 1529 2160 1635 2153 1656 2153 1677 2153 1825 2146 1829 2146 1833 2146 1857 2129 1917 2143 1928 2143 1931 2143 2079 2136 2083 2136 2086 2136 2086 2132 2090 2132 2100 2118 2160 2132 2171 2132 2174 2132 2231 2129 2513 2100 2714 2104 2717 2051 2714 2016 489 2118 493 2146"/></Shape>
	    <String CONTENT="למיזבן סם חיים אודיק עליה ר&#39; ינאי הוה יתיב ופשט בטריקליניה שמעיה דמכריז ואמר מאן"
                    HPOS="489"
                    VPOS="2016"
                    WIDTH="2228"
                    HEIGHT="187"></String>
          </TextLine>

          
          
          <TextLine ID="eSc_line_1632639"
                    
                    BASELINE="514 2224 958 2196 1325 2178 1529 2174 1653 2164 1924 2160 2552 2122 2717 2122" 
                    HPOS="507"
                    VPOS="2062"
                    WIDTH="2207"
                    HEIGHT="201">
            <Shape><Polygon POINTS="2696 2072 2664 2062 2661 2062 2657 2062 2654 2062 2583 2083 2583 2086 2559 2086 2097 2093 2093 2093 2062 2107 2048 2111 1988 2111 1854 2104 1850 2104 1639 2125 1480 2139 1466 2132 1452 2125 1448 2125 1445 2125 1357 2136 1254 2153 1004 2153 912 2153 909 2153 905 2153 895 2157 831 2174 722 2164 712 2164 708 2164 705 2164 701 2164 634 2185 507 2174 511 2220 511 2263 2710 2157 2714 2118 2710 2100 2696 2072"/></Shape>
	    <String CONTENT="דבעי למיזבן סם חיים א&#39; ליה תא סק להכא זבין לי אמ&#39; ליה לא את צריך ליה לא אנת ולא כל"
                    HPOS="507"
                    VPOS="2062"
                    WIDTH="2207"
                    HEIGHT="201"></String>
          </TextLine>

          
          
          <TextLine ID="eSc_line_1632633"
                    
                    BASELINE="472 2291 567 2298 1431 2234 1681 2231 2347 2196 2717 2179" 
                    HPOS="465"
                    VPOS="2129"
                    WIDTH="2249"
                    HEIGHT="204">
            <Shape><Polygon POINTS="2686 2129 465 2259 468 2287 468 2333 2710 2213 2714 2178 2707 2146 2686 2129"/></Shape>
	    <String CONTENT="דכוותך אטרח עליה סליק לגביה הוציא לו ספר תילים הראהו פסוק זה מי האיש החפץ חיים אוהב"
                    HPOS="465"
                    VPOS="2129"
                    WIDTH="2249"
                    HEIGHT="204"></String>
          </TextLine>

          
          
          <TextLine ID="eSc_line_1632634"
                    
                    BASELINE="458 2358 1410 2301 2280 2270 2717 2244" 
                    HPOS="451"
                    VPOS="2196"
                    WIDTH="2263"
                    HEIGHT="197">
            <Shape><Polygon POINTS="454 2354 454 2393 2710 2284 2714 2241 2707 2196 451 2319 454 2354"/></Shape>
	    <String CONTENT="ימים לראות טוב מה כתיב בתריה נצור לשונך מרע ושפתיך מדבר מרמה סור מרע ועשה טוב"
                    HPOS="451"
                    VPOS="2196"
                    WIDTH="2263"
                    HEIGHT="197"></String>
          </TextLine>

          
          
          <TextLine ID="eSc_line_1632635"
                    
                    BASELINE="444 2432 1216 2375 1825 2358 2619 2315 2717 2320" 
                    HPOS="437"
                    VPOS="2270"
                    WIDTH="2277"
                    HEIGHT="201">
            <Shape><Polygon POINTS="440 2428 440 2471 2707 2351 2714 2319 2707 2270 1015 2344 437 2389 440 2428"/></Shape>
	    <String CONTENT="בקש שלום ורודפהו &lt; א&#39; ר&#39; [י]יניי אף שלמה מכריז ואומר שומר פיו ולשונו שומר מצרעת נפשו &gt; אמר"
                    HPOS="437"
                    VPOS="2270"
                    WIDTH="2277"
                    HEIGHT="201"></String>
          </TextLine>

          
          
          <TextLine ID="eSc_line_1632640"
                    
                    BASELINE="444 2502 595 2492 680 2492 1170 2449 1476 2432 1766 2428 2093 2404 2330 2397 2453 2386 2727 2389" 
                    HPOS="437"
                    VPOS="2337"
                    WIDTH="2287"
                    HEIGHT="190">
            <Shape><Polygon POINTS="440 2499 440 2527 2717 2421 2724 2386 2717 2337 1847 2365 1843 2365 1840 2365 1815 2382 1815 2386 1804 2386 1462 2386 1459 2386 437 2456 440 2499"/></Shape>
	    <String CONTENT="ר&#39; יניי כל ימיי הייתי קורא את המקרא ולא הייתי יודע היכן הוא פשוט עד שבא רוכל הזה והודיעו מי"
                    HPOS="437"
                    VPOS="2337"
                    WIDTH="2287"
                    HEIGHT="190"></String>
          </TextLine>

          
          
          <TextLine ID="eSc_line_1632641"
                    
                    BASELINE="458 2559 782 2552 1272 2506 1684 2488 1907 2485 2111 2471 2612 2449 2713 2449" 
                    HPOS="451"
                    VPOS="2400"
                    WIDTH="2259"
                    HEIGHT="190">
            <Shape><Polygon POINTS="454 2555 454 2590 2710 2485 2710 2446 2703 2400 451 2520 454 2555"/></Shape>
	    <String CONTENT="האיש החפץ חיים ואוהב ימ&#39; לראות טוב לפיכך משה מזהיר את יש&#39; ואמר להן זאת תהיה תורת"
                    HPOS="451"
                    VPOS="2400"
                    WIDTH="2259"
                    HEIGHT="190"></String>
          </TextLine>

          
          
          <TextLine ID="eSc_line_1632636"
                    
                    BASELINE="489 2629 662 2622 1353 2566 1543 2559 1818 2559 2115 2538 2713 2508" 
                    HPOS="482"
                    VPOS="2463"
                    WIDTH="2228"
                    HEIGHT="216">
            <Shape><Polygon POINTS="2700 2471 2686 2463 1166 2534 482 2597 486 2626 486 2679 518 2679 521 2675 556 2675 571 2675 1346 2612 1649 2612 1656 2612 1681 2612 1684 2612 1709 2612 1949 2576 2707 2548 2710 2506 2703 2463 2700 2471"/></Shape>
	    <String CONTENT="המצורע תורת המוציא רע ˙ אם יעלה לשמים שיאו וראשו לעב יגיע כגללו לנצח יאבד"
                    HPOS="482"
                    VPOS="2463"
                    WIDTH="2228"
                    HEIGHT="216"></String>
          </TextLine>

          
          
          <TextLine ID="eSc_line_1632642"
                    
                    BASELINE="500 2679 556 2686 687 2679 1001 2650 1343 2629 1808 2619 2538 2573 2713 2573" 
                    HPOS="493"
                    VPOS="2530"
                    WIDTH="2217"
                    HEIGHT="184">
            <Shape><Polygon POINTS="497 2679 497 2714 2707 2608 2710 2569 2703 2530 2079 2562 2076 2562 1974 2548 1970 2548 1720 2583 1709 2583 1699 2583 1392 2580 1388 2580 1001 2604 997 2604 994 2604 972 2622 817 2612 814 2612 810 2612 736 2640 493 2650 497 2679"/></Shape>
	    <String CONTENT="רואיו יאמרו איו אם יעלה לשמים שיאו רומיה וראשו לעב יגיע לעננא כגללו לנצח יאבד"
                    HPOS="493"
                    VPOS="2530"
                    WIDTH="2217"
                    HEIGHT="184"></String>
          </TextLine>

          
          
          <TextLine ID="eSc_line_1632637"
                    
                    BASELINE="447 2731 588 2742 1311 2693 2294 2654 2566 2633 2713 2624" 
                    HPOS="440"
                    VPOS="2580"
                    WIDTH="2270"
                    HEIGHT="190">
            <Shape><Polygon POINTS="444 2728 444 2770 2707 2661 2710 2622 2703 2580 440 2703 444 2728"/></Shape>
	    <String CONTENT="מה גללין הללו מזוהמין כך הוא מזוהם וכל רואיו יאמרו איה חמן ליה ולא מברין ליה שכך כתו&#39;"
                    HPOS="440"
                    VPOS="2580"
                    WIDTH="2270"
                    HEIGHT="190"></String>
          </TextLine>

          
          
          <TextLine ID="eSc_line_1632594"
                    
                    BASELINE="444 2805 595 2805 764 2788 1269 2753 1931 2728 2372 2703 2629 2696 2713 2687" 
                    HPOS="437"
                    VPOS="2654"
                    WIDTH="2273"
                    HEIGHT="187">
            <Shape><Polygon POINTS="440 2802 440 2841 2707 2724 2710 2686 2707 2654 930 2724 927 2724 923 2724 895 2745 437 2767 440 2802"/></Shape>
	    <String CONTENT="בריעי איוב וישאו עיניהם מרחוק ולא הכירוהו וגו&#39; ר&#39; יוחנן ור&#39; שמעון בן לקיש ר&#39; יוחנן אמר"
                    HPOS="437"
                    VPOS="2654"
                    WIDTH="2273"
                    HEIGHT="187"></String>
          </TextLine>

          
          
          <TextLine ID="eSc_line_1632622"
                    
                    BASELINE="461 2869 958 2848 1247 2823 1452 2812 1751 2805 2153 2774 2713 2751" 
                    HPOS="454"
                    VPOS="2717"
                    WIDTH="2256"
                    HEIGHT="201">
            <Shape><Polygon POINTS="458 2865 458 2918 2707 2791 2710 2749 2703 2717 2241 2721 2238 2721 2234 2721 2234 2724 2217 2742 2178 2724 2174 2724 2171 2724 1762 2763 1723 2767 1720 2767 1667 2749 1663 2749 1660 2749 1656 2749 1653 2749 1653 2753 1649 2753 1639 2767 1536 2756 1533 2756 941 2805 937 2805 884 2788 881 2788 877 2788 874 2788 828 2809 750 2795 747 2795 743 2795 740 2795 740 2798 736 2798 722 2816 627 2802 623 2802 454 2830 458 2865"/></Shape>
	    <String CONTENT="אסור להלך למזרחו שלמצורע ארבע אמות ור&#39; שמעון אמ&#39; עד מאה אמה ולא פליגין למן דא&#39;"
                    HPOS="454"
                    VPOS="2717"
                    WIDTH="2256"
                    HEIGHT="201"></String>
          </TextLine>

          
          
          <TextLine ID="eSc_line_1632626"
                    
                    BASELINE="486 2946 1138 2901 1699 2876 2196 2841 2530 2834 2654 2823 2713 2811" 
                    HPOS="479"
                    VPOS="2777"
                    WIDTH="2231"
                    HEIGHT="212">
            <Shape><Polygon POINTS="482 2943 482 2989 2710 2851 2710 2809 2703 2777 2107 2795 1899 2823 1857 2827 1840 2827 1744 2816 1741 2816 1617 2841 1600 2841 1589 2841 1501 2830 1498 2830 1279 2858 1247 2862 1244 2862 1209 2848 1205 2848 1202 2848 1198 2848 1131 2869 1120 2869 1096 2869 898 2865 895 2865 479 2904 482 2943"/></Shape>
	    <String CONTENT="עד ארבע אמות בשעה שאין הרוח יצא למן דאמ&#39; עד מאה אמה בשעה ש[אין] הרוח יצא אפילו"
                    HPOS="479"
                    VPOS="2777"
                    WIDTH="2231"
                    HEIGHT="212"></String>
          </TextLine>

          
          
          <TextLine ID="eSc_line_1632620"
                    
                    BASELINE="454 3020 743 3003 1050 2971 1512 2953 1684 2939 2709 2891" 
                    HPOS="447"
                    VPOS="2848"
                    WIDTH="2260"
                    HEIGHT="215">
            <Shape><Polygon POINTS="2700 2876 2679 2848 1801 2897 1790 2897 1730 2883 1727 2883 1596 2908 1565 2911 1547 2908 1476 2897 1473 2897 1469 2897 1392 2918 1357 2925 1254 2925 994 2922 990 2922 987 2922 920 2943 905 2950 489 2968 482 2982 479 2968 447 2968 451 3017 451 3063 1480 2989 1646 2999 1649 2999 1815 2971 2277 2971 2277 2968 2604 2932 2700 2950 2707 2890 2700 2848 2700 2876"/></Shape>
	    <String CONTENT="עד מאה אמה אסור להלך ˙ ר&#39; מאיר אמר לא הוה אכיל ביעא מן מבואה שלמצורע ר&#39; אמי ור&#39; אסי"
                    HPOS="447"
                    VPOS="2848"
                    WIDTH="2260"
                    HEIGHT="215"></String>
          </TextLine>

          
          
          <TextLine ID="eSc_line_1632621"
                    
                    BASELINE="444 3087 595 3087 715 3080 1177 3038 1459 3027 1882 2999 2181 2989 2562 2968 2707 2954" 
                    HPOS="437"
                    VPOS="2897"
                    WIDTH="2266"
                    HEIGHT="226">
            <Shape><Polygon POINTS="2686 2897 437 3052 440 3084 440 3123 2703 2996 2703 2953 2700 2925 2686 2897"/></Shape>
	    <String CONTENT="לא הוה עללין למבוי שלמצורע ור&#39; שמעון בן לקיש כד הוה חמי חד מינהון במדינתא הוה מרגים"
                    HPOS="437"
                    VPOS="2897"
                    WIDTH="2266"
                    HEIGHT="226"></String>
          </TextLine>

          
          
          <TextLine ID="eSc_line_1632617"
                    
                    BASELINE="479 3144 782 3133 1156 3102 1702 3073 2048 3049 2181 3049 2513 3031 2707 3025" 
                    HPOS="472"
                    VPOS="2975"
                    WIDTH="2231"
                    HEIGHT="215">
            <Shape><Polygon POINTS="475 3140 475 3190 1974 3109 1991 3109 2026 3105 2062 3105 2097 3101 2129 3101 2132 3098 2167 3098 2192 3098 2703 3070 2703 3024 2696 2975 1096 3056 472 3109 475 3140"/></Shape>
	    <String CONTENT="ליה באבנייא אמ&#39; ליה פוק לאתרך לא תזהום ית בירייתא תני ר&#39; חייה בדד ישב מלבדו ישב ור&#39;"
                    HPOS="472"
                    VPOS="2975"
                    WIDTH="2231"
                    HEIGHT="215"></String>
          </TextLine>

          
          
          <TextLine ID="eSc_line_1632616"
                    
                    BASELINE="472 3214 958 3193 1254 3165 1459 3158 2019 3116 2699 3081" 
                    HPOS="461"
                    VPOS="3049"
                    WIDTH="2235"
                    HEIGHT="204">
            <Shape><Polygon POINTS="468 3211 468 3253 1068 3232 1071 3232 1096 3225 1145 3207 1184 3218 1202 3225 1205 3225 1209 3225 1258 3214 1350 3197 1462 3204 1512 3207 1515 3207 1519 3207 1543 3200 1600 3183 1667 3193 1692 3197 1695 3197 1776 3186 2009 3158 2104 3168 2129 3172 2132 3172 2136 3172 2157 3168 2231 3147 2245 3161 2248 3165 2252 3165 2256 3165 2259 3165 2263 3165 2266 3165 2266 3161 2270 3161 2284 3147 2552 3147 2559 3147 2559 3144 2562 3144 2629 3123 2689 3137 2696 3080 2689 3049 461 3165 468 3211"/></Shape>
	    <String CONTENT="אלעזר בר ר&#39; שמעון כד הוה חמי חד מנהון במדינתא הוה מיטמר מיניח על שום שכת&#39; בו זאת"
                    HPOS="461"
                    VPOS="3049"
                    WIDTH="2235"
                    HEIGHT="204"></String>
          </TextLine>

          
          
          <TextLine ID="eSc_line_1632615"
                    
                    BASELINE="440 3288 602 3288 972 3260 1469 3235 1956 3193 2280 3179 2439 3165 2699 3158" 
                    HPOS="433"
                    VPOS="3098"
                    WIDTH="2263"
                    HEIGHT="229">
            <Shape><Polygon POINTS="437 3285 437 3327 1526 3281 1762 3260 2100 3228 2139 3239 2153 3242 2157 3242 2160 3242 2263 3232 2562 3200 2693 3207 2696 3154 2689 3112 2643 3098 2640 3098 2636 3098 2633 3098 2629 3098 2594 3119 2284 3119 2280 3119 2277 3119 2167 3147 2160 3147 2157 3147 2065 3133 2062 3133 1448 3193 1417 3193 1406 3193 1135 3190 1131 3190 433 3253 437 3285"/></Shape>
	    <String CONTENT="תהיה תורת המצורע תורת המוציא רע ˙ ולרשע אמר אלים מה לך לספר חוקיי ותשא בריתי עלי"
                    HPOS="433"
                    VPOS="3098"
                    WIDTH="2263"
                    HEIGHT="229"></String>
          </TextLine>

          
          
          <TextLine ID="eSc_line_1632618"
                    
                    BASELINE="472 3355 1395 3313 1603 3295 1868 3264 2196 3250 2456 3232 2576 3232 2699 3222" 
                    HPOS="465"
                    VPOS="3186"
                    WIDTH="2231"
                    HEIGHT="201">
            <Shape><Polygon POINTS="468 3352 468 3387 1480 3355 1667 3320 1706 3313 1815 3313 2181 3306 2555 3271 2559 3271 2615 3285 2619 3285 2622 3285 2626 3285 2696 3260 2696 3221 2689 3186 1744 3221 1741 3221 1681 3246 1656 3253 1621 3250 1558 3239 1554 3239 1551 3239 1547 3239 1547 3242 1533 3253 1529 3260 1325 3267 1321 3267 1283 3250 1279 3250 1276 3250 1272 3250 1269 3250 1269 3253 1247 3271 1244 3278 465 3317 468 3352"/></Shape>
	    <String CONTENT="פיך בן עזיי היה יושב ודורש והאש מלהטת סביבותיו אתא לגביה א&#39; ליה שמא בחדרי מרכבה"
                    HPOS="465"
                    VPOS="3186"
                    WIDTH="2231"
                    HEIGHT="201"></String>
          </TextLine>

          
          
          <TextLine ID="eSc_line_1632625"
                    
                    BASELINE="486 3422 592 3429 867 3405 1258 3387 1508 3369 1882 3334 2115 3324 2435 3299 2699 3289" 
                    HPOS="479"
                    VPOS="3253"
                    WIDTH="2217"
                    HEIGHT="212">
            <Shape><Polygon POINTS="482 3419 482 3465 2693 3334 2696 3288 2689 3253 1966 3278 1963 3278 1868 3302 1815 3288 1811 3288 1808 3288 937 3366 920 3366 870 3348 867 3348 863 3348 860 3348 789 3376 479 3394 482 3419"/></Shape>
	    <String CONTENT="אתה עוסיק א&#39; ליה לאיו אלא אני מחריז דברי תורה לנביאים ודברי נביאים לכתובים ודברי"
                    HPOS="479"
                    VPOS="3253"
                    WIDTH="2217"
                    HEIGHT="212"></String>
          </TextLine>

          
          
          <TextLine ID="eSc_line_1632595"
                    
                    BASELINE="489 3496 1335 3454 1688 3426 1959 3398 2319 3380 2527 3362 2699 3362" 
                    HPOS="482"
                    VPOS="3317"
                    WIDTH="2214"
                    HEIGHT="236">
            <Shape><Polygon POINTS="2686 3334 2622 3317 2619 3317 2615 3317 2312 3352 1790 3362 1787 3362 1706 3387 1667 3369 1663 3369 1660 3369 1656 3369 1526 3401 1304 3398 1300 3398 1297 3398 1293 3398 1272 3419 489 3461 482 3479 486 3493 489 3553 564 3524 599 3546 602 3546 606 3546 609 3546 623 3546 934 3507 1508 3493 1603 3489 1607 3489 1610 3486 1649 3468 1688 3482 1692 3482 1695 3482 1709 3482 1981 3440 2594 3408 2693 3422 2696 3359 2693 3345 2686 3334"/></Shape>
	    <String CONTENT="תורה שמחים כיום נתינתן מסיני לא עיקר נתינתן מסיני באש נתנו הדה היא וההר בער"
                    HPOS="482"
                    VPOS="3317"
                    WIDTH="2214"
                    HEIGHT="236"></String>
          </TextLine>

          
          
          <TextLine ID="eSc_line_1632624"
                    
                    BASELINE="514 3563 690 3560 817 3549 1431 3521 2005 3468 2411 3440 2699 3427" 
                    HPOS="507"
                    VPOS="3380"
                    WIDTH="2189"
                    HEIGHT="243">
            <Shape><Polygon POINTS="2689 3391 2601 3380 2597 3380 507 3528 511 3560 521 3623 532 3609 712 3609 786 3609 789 3609 1822 3532 2439 3486 2467 3486 2601 3493 2604 3493 2608 3493 2696 3468 2696 3426 2693 3401 2689 3391"/></Shape>
	    <String CONTENT="באש עד לב השמים אמר לו מצאנו בתורה בנביאים ובכתובים שאין הק&#39;ב&#39;ה&#39; חפץ בקילוסו [כ]()"
                    HPOS="507"
                    VPOS="3380"
                    WIDTH="2189"
                    HEIGHT="243"></String>
          </TextLine>

          
          
          <TextLine ID="eSc_line_1975890"
                    
                    BASELINE="2596 3469 2661 3471" 
                    HPOS="2594.0"
                    VPOS="3443.0"
                    WIDTH="63.0"
                    HEIGHT="39.0">
            <Shape><Polygon POINTS="2594 3468 2622 3443 2657 3468 2601 3482"/></Shape>
	    <String CONTENT=""
                    HPOS="2594.0"
                    VPOS="3443.0"
                    WIDTH="63.0"
                    HEIGHT="39.0"></String>
          </TextLine>

          
          
          <TextLine ID="eSc_line_1632619"
                    
                    BASELINE="408 3651 867 3630 1413 3595 1896 3546 2506 3503 2702 3506" 
                    HPOS="401"
                    VPOS="3465"
                    WIDTH="2299"
                    HEIGHT="267">
            <Shape><Polygon POINTS="2650 3472 2615 3472 2608 3465 1998 3489 1716 3528 1688 3532 1681 3532 1639 3517 1635 3517 1632 3517 909 3584 842 3588 828 3588 645 3581 641 3581 401 3616 405 3648 412 3715 461 3701 493 3711 556 3732 560 3732 564 3732 719 3722 722 3722 779 3694 793 3687 800 3690 831 3704 835 3704 838 3704 842 3704 898 3687 930 3676 948 3683 965 3687 969 3687 972 3687 976 3687 994 3680 1039 3658 1180 3665 1321 3676 1325 3676 1328 3676 1332 3676 1357 3655 1360 3655 1381 3673 1385 3673 1388 3673 1392 3673 1395 3673 1399 3673 1431 3651 1455 3634 1476 3648 1480 3651 1484 3651 1487 3651 1491 3655 1748 3655 1748 3651 1751 3651 1755 3651 1780 3630 1783 3627 1787 3630 1804 3644 1808 3644 1811 3644 1815 3644 1921 3641 1924 3641 2030 3613 2090 3599 2136 3606 2210 3620 2213 3623 2213 3620 2217 3620 2270 3599 2340 3567 2633 3553 2689 3570 2700 3503 2693 3465 2657 3465 2650 3472"/></Shape>
	    <String CONTENT="אותו הרשע בתורה מנ&#39; ועל שפם יעטה טמא וג&#39; בנביאים מנין ויהי הוא מספר למלך א"
                    HPOS="401"
                    VPOS="3465"
                    WIDTH="2299"
                    HEIGHT="267"></String>
          </TextLine>

          
        </TextBlock>
        

        
      </PrintSpace>
    </Page>
  </Layout>
</alto>
