<?xml version="1.0" encoding="UTF-8"?>
<alto xmlns:xsi="http://www.w3.org/2001/XMLSchema-instance"
      xmlns="http://www.loc.gov/standards/alto/ns-v4#"
      xsi:schemaLocation="http://www.loc.gov/standards/alto/ns-v4# http://www.loc.gov/standards/alto/v4/alto-4-2.xsd">
  <Description>
    <MeasurementUnit>pixel</MeasurementUnit>
    <sourceImageInformation>
      <fileName>Vat.ebr.32_0218_fa_0106v.jpg</fileName>
      
    </sourceImageInformation>
  </Description>
  
  <Tags>
    <OtherTag ID="BT1" LABEL="Title" DESCRIPTION="block type Title"/><OtherTag ID="BT2" LABEL="Main" DESCRIPTION="block type Main"/><OtherTag ID="BT3" LABEL="Commentary" DESCRIPTION="block type Commentary"/><OtherTag ID="BT4" LABEL="Illustration" DESCRIPTION="block type Illustration"/><OtherTag ID="BT853" LABEL="Margin" DESCRIPTION="block type Margin"/><OtherTag ID="BT854" LABEL="Paratext" DESCRIPTION="block type Paratext"/>
    <OtherTag ID="LT2" LABEL="Numbering" DESCRIPTION="line type Numbering"/><OtherTag ID="LT3" LABEL="Correction" DESCRIPTION="line type Correction"/>
  </Tags>
  
  <Layout>
    <Page WIDTH="3145"
          HEIGHT="4230"
          PHYSICAL_IMG_NR="211"
          ID="eSc_dummypage_">
      <PrintSpace HPOS="0"
                  VPOS="0"
                  WIDTH="3145"
                  HEIGHT="4230">
        
        <TextBlock HPOS="370.0"
                   VPOS="403.0"
                   WIDTH="2210.0"
                   HEIGHT="3307.0"
                   ID="eSc_textblock_16891"
                   TAGREFS="BT2">
          <Shape><Polygon POINTS="422 438 2580 403 2574 3710 370 3687"/></Shape>
          
          
          <TextLine ID="eSc_line_1640483"
                    
                    BASELINE="433 500 578 511 736 500 902 497 1110 500 1530 486 2574 476" 
                    HPOS="426"
                    VPOS="419"
                    WIDTH="2147"
                    HEIGHT="123">
            <Shape><Polygon POINTS="2552 433 2267 419 2263 419 2260 419 2224 437 2207 437 1907 422 1903 422 1900 422 1868 440 1865 440 1843 440 1681 426 1678 426 1551 440 1523 444 1466 444 1212 430 1209 430 1205 430 1167 444 1156 451 426 451 430 497 430 542 2570 535 2573 475 2570 468 2552 433"/></Shape>
	    <String CONTENT="לאחירין מלמד שנאמן אדם לומר זה בני בכורי ˙ ר&#39; יהודה אומ&#39; כשם שנאמן"
                    HPOS="426"
                    VPOS="419"
                    WIDTH="2147"
                    HEIGHT="123"></String>
          </TextLine>

          
          
          <TextLine ID="eSc_line_1640484"
                    
                    BASELINE="391 595 941 581 1241 567 1533 571 1713 564 2013 564 2136 556 2478 553 2574 555" 
                    HPOS="384"
                    VPOS="493"
                    WIDTH="2189"
                    HEIGHT="134">
            <Shape><Polygon POINTS="2570 532 2566 511 2411 511 2386 493 2383 493 2379 493 2376 493 2372 493 2369 493 2369 497 2351 514 2316 514 2210 514 2164 497 2161 497 2157 497 2154 497 2150 497 2150 500 2133 518 2069 518 1872 521 1861 521 1727 504 1724 504 1720 504 1653 521 772 521 768 521 765 521 761 521 761 525 743 542 740 546 384 546 387 592 387 627 2570 602 2573 553 2570 542 2570 532"/></Shape>
	    <String CONTENT="אדם לומר זה בני בכורי כך נא&#39; לומר זה בן גרושה וזה בן חלוצה וחכמ&#39; אומ&#39; אין"
                    HPOS="384"
                    VPOS="493"
                    WIDTH="2189"
                    HEIGHT="134"></String>
          </TextLine>

          
          
          <TextLine ID="eSc_line_1640485"
                    
                    BASELINE="398 662 645 662 846 652 1008 652 1255 638 1710 641 1847 634 2245 634 2574 622" 
                    HPOS="391"
                    VPOS="588"
                    WIDTH="2182"
                    HEIGHT="124">
            <Shape><Polygon POINTS="2559 588 391 609 394 659 394 712 2570 669 2573 620 2570 606 2559 588"/></Shape>
	    <String CONTENT="אין נאמן לתת לו פי שנים ˙ פי שנים בו או פי שנים בכל נכסים הרי את דן הואיל"
                    HPOS="391"
                    VPOS="588"
                    WIDTH="2182"
                    HEIGHT="124"></String>
          </TextLine>

          
          
          <TextLine ID="eSc_line_1640486"
                    
                    BASELINE="423 736 884 722 1082 726 1625 708 2196 712 2574 693" 
                    HPOS="416"
                    VPOS="648"
                    WIDTH="2157"
                    HEIGHT="127">
            <Shape><Polygon POINTS="2566 666 2566 648 416 694 416 697 419 733 419 775 2570 729 2573 690 2570 673 2566 666"/></Shape>
	    <String CONTENT="ונוחל עם א&#39; ונוחל עם ה&#39; מה מצינו כשנוחל עם אחד פי שנים אף כשנוחל"
                    HPOS="416"
                    VPOS="648"
                    WIDTH="2157"
                    HEIGHT="127"></String>
          </TextLine>

          
          
          <TextLine ID="eSc_line_1640487"
                    
                    BASELINE="352 807 645 793 881 796 1297 779 1776 782 2330 764 2574 764" 
                    HPOS="345"
                    VPOS="722"
                    WIDTH="2228"
                    HEIGHT="116">
            <Shape><Polygon POINTS="2566 740 2566 722 345 761 349 803 349 838 2573 810 2573 761 2570 743 2566 740"/></Shape>
	    <String CONTENT="עם ה&#39; פי שנים באחד מהן ˙ או כלך לדרך זו הואיל ונוחל עם א&#39; ונוחל עם ה&#39; מצינו"
                    HPOS="345"
                    VPOS="722"
                    WIDTH="2228"
                    HEIGHT="116"></String>
          </TextLine>

          
          
          <TextLine ID="eSc_line_1640488"
                    
                    BASELINE="444 867 754 863 1050 849 1350 849 1956 835 2574 835" 
                    HPOS="437"
                    VPOS="793"
                    WIDTH="2136"
                    HEIGHT="109">
            <Shape><Polygon POINTS="2563 793 437 817 440 863 440 902 2570 881 2573 831 2566 796 2563 793"/></Shape>
	    <String CONTENT="כשנוחל עם א&#39; פי שנים בכל הנכסים אף כשנוחל עם ה[](פ)י שנים בכל הנכסים"
                    HPOS="437"
                    VPOS="793"
                    WIDTH="2136"
                    HEIGHT="109"></String>
          </TextLine>

          
          
          <TextLine ID="eSc_line_1640489"
                    
                    BASELINE="366 937 613 934 800 923 1389 916 1632 905 2002 909 2574 899" 
                    HPOS="359"
                    VPOS="849"
                    WIDTH="2214"
                    HEIGHT="120">
            <Shape><Polygon POINTS="363 934 363 969 2570 948 2573 898 2570 867 2302 849 2298 849 2143 867 2037 853 2034 853 359 888 363 934"/></Shape>
	    <String CONTENT="ת&#39;ל&#39; וה&#39; ביו&#39; הנחילו את בניו ריבה נחלה לבנים ˙ אחר שלמדנו שריבה נחלה לבנים"
                    HPOS="359"
                    VPOS="849"
                    WIDTH="2214"
                    HEIGHT="120"></String>
          </TextLine>

          
          
          <TextLine ID="eSc_line_1640512"
                    
                    BASELINE="437 997 973 990 1382 976 1872 979 2231 965 2563 958" 
                    HPOS="430"
                    VPOS="923"
                    WIDTH="2129"
                    HEIGHT="109">
            <Shape><Polygon POINTS="433 994 433 1032 2556 997 2559 955 2552 923 430 951 433 994"/></Shape>
	    <String CONTENT="אחר שלמדנו שריבה נחלה לבנים ה&#39; אין עליך לדין אלא כדין הראשון [ה&#39;]"
                    HPOS="430"
                    VPOS="923"
                    WIDTH="2129"
                    HEIGHT="109"></String>
          </TextLine>

          
          
          <TextLine ID="eSc_line_1640490"
                    
                    BASELINE="370 1057 613 1064 793 1057 1022 1057 1293 1046 1759 1050 2115 1036 2574 1029" 
                    HPOS="363"
                    VPOS="994"
                    WIDTH="2210"
                    HEIGHT="105">
            <Shape><Polygon POINTS="366 1053 366 1099 2570 1075 2573 1025 2566 994 363 1015 366 1053"/></Shape>
	    <String CONTENT="הואיל ונוחל עם אחד ונוחל עם חמשה מה מצינו כשנוחל עם אחד פי שנים"
                    HPOS="363"
                    VPOS="994"
                    WIDTH="2210"
                    HEIGHT="105"></String>
          </TextLine>

          
          
          <TextLine ID="eSc_line_1640491"
                    
                    BASELINE="412 1138 528 1128 888 1117 1050 1120 1621 1103 2185 1106 2390 1099 2574 1099" 
                    HPOS="405"
                    VPOS="1050"
                    WIDTH="2168"
                    HEIGHT="120">
            <Shape><Polygon POINTS="408 1135 408 1170 2570 1138 2573 1096 2566 1050 405 1089 408 1135"/></Shape>
	    <String CONTENT="בו אף כשנוחל עם ה&#39; פי שנים באחד מהן ואו&#39; ואני נתתי לך שכם אחד על"
                    HPOS="405"
                    VPOS="1050"
                    WIDTH="2168"
                    HEIGHT="120"></String>
          </TextLine>

          
          
          <TextLine ID="eSc_line_1640492"
                    
                    BASELINE="356 1184 1015 1191 1382 1173 1939 1177 2245 1166 2574 1160" 
                    HPOS="349"
                    VPOS="1120"
                    WIDTH="2224"
                    HEIGHT="103">
            <Shape><Polygon POINTS="2552 1120 349 1142 352 1180 352 1223 2573 1223 2573 1159 2566 1135 2552 1120"/></Shape>
	    <String CONTENT="אחיך ˙ ואו&#39; ובני ראובן בכור יש&#39; כי הוא הבכור ובחללו וגו&#39; כי יהודה גבר באחיו"
                    HPOS="349"
                    VPOS="1120"
                    WIDTH="2224"
                    HEIGHT="103"></String>
          </TextLine>

          
          
          <TextLine ID="eSc_line_1640493"
                    
                    BASELINE="419 1269 609 1269 1177 1251 2034 1247 2154 1240 2496 1240 2574 1235" 
                    HPOS="412"
                    VPOS="1194"
                    WIDTH="2161"
                    HEIGHT="110">
            <Shape><Polygon POINTS="416 1269 416 1304 2570 1283 2573 1233 2566 1194 412 1219 416 1269"/></Shape>
	    <String CONTENT="הואיל ומצינו שהבכורה ליוסף ובכורה לדורות פי שנים בא&#39; מהן בכל אשר"
                    HPOS="412"
                    VPOS="1194"
                    WIDTH="2161"
                    HEIGHT="110"></String>
          </TextLine>

          
          
          <TextLine ID="eSc_line_1640513"
                    
                    BASELINE="394 1328 807 1328 1410 1314 1847 1318 2168 1304 2496 1304 2574 1295" 
                    HPOS="387"
                    VPOS="1265"
                    WIDTH="2186"
                    HEIGHT="99">
            <Shape><Polygon POINTS="391 1325 391 1364 2573 1339 2573 1293 2566 1265 387 1286 391 1325"/></Shape>
	    <String CONTENT="ימצא לו מלמד שאין הבכור נוטל בראוי כבמחוזק כי הוא ראש&#39; אונו ולא ראש&#39;"
                    HPOS="387"
                    VPOS="1265"
                    WIDTH="2186"
                    HEIGHT="99"></String>
          </TextLine>

          
          
          <TextLine ID="eSc_line_1640514"
                    
                    BASELINE="564 1395 913 1385 1315 1388 1981 1374 2574 1374" 
                    HPOS="557"
                    VPOS="1328"
                    WIDTH="2016"
                    HEIGHT="103">
            <Shape><Polygon POINTS="560 1392 560 1431 2570 1417 2573 1371 2566 1328 557 1346 560 1392"/></Shape>
	    <String CONTENT="אונה שלאשה לו משפט הבכורה מלמד שהבכורה יוצא בדינין ˙ פ&#39;"
                    HPOS="557"
                    VPOS="1328"
                    WIDTH="2016"
                    HEIGHT="103"></String>
          </TextLine>

          
          
          <TextLine ID="eSc_line_1640509"
                    
                    BASELINE="412 1459 1128 1459 1586 1448 1738 1455 2013 1441 2327 1445 2441 1438" 
                    HPOS="405"
                    VPOS="1392"
                    WIDTH="2034"
                    HEIGHT="102">
            <Shape><Polygon POINTS="408 1455 408 1494 1244 1491 1255 1484 1290 1484 1325 1484 1360 1484 1396 1484 1431 1484 1466 1484 1473 1487 1628 1487 1643 1476 1674 1476 1710 1476 1745 1476 1780 1476 1815 1476 1851 1480 1861 1487 2436 1487 2439 1434 2432 1392 405 1413 408 1455"/></Shape>
	    <String CONTENT="כי יהיה לאיש בן ולא כשיהיה בן לאיש בן ולא בת בן ולא איש קטון"
                    HPOS="405"
                    VPOS="1392"
                    WIDTH="2034"
                    HEIGHT="102"></String>
          </TextLine>

          
          
          <TextLine ID="eSc_line_1640510"
                    
                    BASELINE="433 1533 578 1526 990 1529 1085 1526 1302 1524 1602 1516 1750 1521 1958 1516 2468 1515 2574 1501" 
                    HPOS="426"
                    VPOS="1459"
                    WIDTH="2147"
                    HEIGHT="120">
            <Shape><Polygon POINTS="1836 1484 1801 1484 1766 1484 1731 1484 1702 1484 1695 1484 1664 1484 1660 1484 1657 1480 1466 1466 1449 1491 1413 1491 1378 1491 1343 1491 1308 1491 1272 1491 1237 1491 1234 1487 426 1491 430 1529 430 1579 2573 1550 2573 1498 2570 1476 2133 1459 2129 1459 1843 1473 1836 1484"/></Shape>
	    <String CONTENT="פטור שלא בא לכלל מצוות [סרסר]↑ שני פעמ&#39; ו↑[מורה שוטה תורמין] ומורה"
                    HPOS="426"
                    VPOS="1459"
                    WIDTH="2147"
                    HEIGHT="120"></String>
          </TextLine>

          
          
          <TextLine ID="eSc_line_1991063"
                    TAGREFS="LT3"
                    BASELINE="1646 1483 1852 1487" 
                    HPOS="1639"
                    VPOS="1459"
                    WIDTH="212"
                    HEIGHT="53">
            <Shape><Polygon POINTS="1643 1480 1639 1512 1674 1512 1710 1512 1745 1512 1780 1512 1815 1512 1843 1512 1851 1484 1847 1462 1643 1459 1643 1480"/></Shape>
	    <String CONTENT="סורר סורר"
                    HPOS="1639"
                    VPOS="1459"
                    WIDTH="212"
                    HEIGHT="53"></String>
          </TextLine>

          
          
          <TextLine ID="eSc_line_1991062"
                    TAGREFS="LT3"
                    BASELINE="1238 1490 1471 1490" 
                    HPOS="1237"
                    VPOS="1448"
                    WIDTH="233"
                    HEIGHT="71">
            <Shape><Polygon POINTS="1413 1452 1378 1452 1343 1452 1308 1452 1272 1455 1237 1455 1237 1487 1237 1519 1272 1519 1308 1515 1343 1515 1364 1515 1470 1487 1470 1452 1420 1448 1413 1452"/></Shape>
	    <String CONTENT="שטי ומריר"
                    HPOS="1237"
                    VPOS="1448"
                    WIDTH="233"
                    HEIGHT="71"></String>
          </TextLine>

          
          
          <TextLine ID="eSc_line_1640494"
                    
                    BASELINE="384 1600 902 1596 1368 1582 1925 1586 2574 1573" 
                    HPOS="377"
                    VPOS="1540"
                    WIDTH="2196"
                    HEIGHT="99">
            <Shape><Polygon POINTS="380 1596 380 1639 2570 1621 2573 1572 2566 1540 377 1558 380 1596"/></Shape>
	    <String CONTENT="שמו[](ר)ה לעצמו דרך אחרת איננו שו&#39; בקול אביו ובקול אמו יכול אפילו אמרו"
                    HPOS="377"
                    VPOS="1540"
                    WIDTH="2196"
                    HEIGHT="99"></String>
          </TextLine>

          
          
          <TextLine ID="eSc_line_1640495"
                    
                    BASELINE="458 1663 994 1663 1442 1653 2044 1656 2291 1646 2574 1640" 
                    HPOS="451"
                    VPOS="1596"
                    WIDTH="2122"
                    HEIGHT="103">
            <Shape><Polygon POINTS="454 1660 454 1699 2570 1684 2573 1639 2566 1596 451 1617 454 1660"/></Shape>
	    <String CONTENT="לו אביו ואמ[ר](ו) להדליק את הנר ולא להדליק ת&#39;ל&#39; איננו שומ&#39; לגזי&#39; שווה מה"
                    HPOS="451"
                    VPOS="1596"
                    WIDTH="2122"
                    HEIGHT="103"></String>
          </TextLine>

          
          
          <TextLine ID="eSc_line_1640496"
                    
                    BASELINE="387 1716 578 1727 1752 1723 2076 1713 2574 1707" 
                    HPOS="380"
                    VPOS="1667"
                    WIDTH="2193"
                    HEIGHT="91">
            <Shape><Polygon POINTS="384 1713 384 1758 2570 1751 2573 1706 2566 1667 380 1681 384 1713"/></Shape>
	    <String CONTENT="איננו שו&#39; הא&#39; להלן זולל וסובא אף איננו הא&#39; כן זולל וסובא מה איננו שו&#39; הא&#39;"
                    HPOS="380"
                    VPOS="1667"
                    WIDTH="2193"
                    HEIGHT="91"></String>
          </TextLine>

          
          
          <TextLine ID="eSc_line_1640497"
                    
                    BASELINE="384 1776 504 1790 708 1790 1114 1780 2574 1780" 
                    HPOS="377"
                    VPOS="1730"
                    WIDTH="2196"
                    HEIGHT="85">
            <Shape><Polygon POINTS="380 1773 380 1815 2570 1815 2573 1776 2566 1730 377 1741 380 1773"/></Shape>
	    <String CONTENT="להל&#39; עד שיגנב משל אביו ומשל אמו אף איננו שומע הא&#39; כן עד שיגנב משל"
                    HPOS="377"
                    VPOS="1730"
                    WIDTH="2196"
                    HEIGHT="85"></String>
          </TextLine>

          
          
          <TextLine ID="eSc_line_1640498"
                    
                    BASELINE="423 1854 2129 1847 2457 1836 2574 1841" 
                    HPOS="416"
                    VPOS="1797"
                    WIDTH="2157"
                    HEIGHT="95">
            <Shape><Polygon POINTS="419 1850 419 1892 2566 1892 2573 1840 2566 1797 416 1808 419 1850"/></Shape>
	    <String CONTENT="אביו ומשלאמן ויסרו אתו במכות ול&#39; יש&#39; אל&#39; מל&#39; שמלקין אותו בפני שלשה"
                    HPOS="416"
                    VPOS="1797"
                    WIDTH="2157"
                    HEIGHT="95"></String>
          </TextLine>

          
          
          <TextLine ID="eSc_line_1640499"
                    
                    BASELINE="437 1910 892 1917 1216 1907 2221 1907 2574 1916" 
                    HPOS="430"
                    VPOS="1871"
                    WIDTH="2143"
                    HEIGHT="81">
            <Shape><Polygon POINTS="433 1907 430 1952 1368 1952 1382 1942 1417 1942 1452 1942 1487 1942 1498 1952 2566 1952 2573 1914 2570 1875 433 1871 433 1907"/></Shape>
	    <String CONTENT="ותפשו בן אביו ואמו כל שאינו חייב עד שיהו לו אב ואם דברי ר&#39; מאיר ר&#39;"
                    HPOS="430"
                    VPOS="1871"
                    WIDTH="2143"
                    HEIGHT="81"></String>
          </TextLine>

          
          
          <TextLine ID="eSc_line_1991064"
                    TAGREFS="LT3"
                    BASELINE="1382 1946 1522 1948" 
                    HPOS="1378"
                    VPOS="1914"
                    WIDTH="141"
                    HEIGHT="56">
            <Shape><Polygon POINTS="1378 1945 1378 1970 1413 1970 1449 1970 1484 1970 1519 1970 1519 1945 1519 1914 1378 1914 1378 1945"/></Shape>
	    <String CONTENT="לאביו"
                    HPOS="1378"
                    VPOS="1914"
                    WIDTH="141"
                    HEIGHT="56"></String>
          </TextLine>

          
          
          <TextLine ID="eSc_line_1640500"
                    
                    BASELINE="430 1974 2475 1981 2574 1973" 
                    HPOS="423"
                    VPOS="1931"
                    WIDTH="2150"
                    HEIGHT="92">
            <Shape><Polygon POINTS="1516 1949 1480 1949 1445 1949 1410 1949 1375 1945 1364 1935 426 1935 426 1973 423 2023 2570 2016 2573 1970 2570 1931 1526 1931 1516 1949"/></Shape>
	    <String CONTENT="יהודה או&#39; אם לא היתה אמו ראויה [לדבר]↑ אין נעשה בן סורר ומורה ˙ והוצי&#39;"
                    HPOS="423"
                    VPOS="1931"
                    WIDTH="2150"
                    HEIGHT="92"></String>
          </TextLine>

          
          
          <TextLine ID="eSc_line_1640501"
                    
                    BASELINE="440 2040 1121 2051 2574 2051" 
                    HPOS="433"
                    VPOS="2002"
                    WIDTH="2140"
                    HEIGHT="81">
            <Shape><Polygon POINTS="437 2037 433 2079 2566 2083 2573 2048 2566 2002 437 2002 437 2037"/></Shape>
	    <String CONTENT="או&#39; א&#39; זקני עירו וגו&#39; מצוה בזקני עירו ובשער מקומו ˙ ואמרו אל זקני עירו [/]"
                    HPOS="433"
                    VPOS="2002"
                    WIDTH="2140"
                    HEIGHT="81"></String>
          </TextLine>

          
          
          <TextLine ID="eSc_line_1640502"
                    
                    BASELINE="426 2097 676 2107 2323 2104 2574 2110" 
                    HPOS="423"
                    VPOS="2069"
                    WIDTH="2150"
                    HEIGHT="74">
            <Shape><Polygon POINTS="423 2143 2566 2143 2573 2107 2570 2069 423 2069 423 2093 423 2143"/></Shape>
	    <String CONTENT="בננו זה זה הוא שלקה בפניכם מלמד שאם מת מהן אחד אין נסקל היה אח&#39;"
                    HPOS="423"
                    VPOS="2069"
                    WIDTH="2150"
                    HEIGHT="74"></String>
          </TextLine>

          
          
          <TextLine ID="eSc_line_1640503"
                    
                    BASELINE="426 2171 701 2178 892 2171 1403 2171 1650 2160 1921 2160 2260 2178 2503 2178 2574 2172" 
                    HPOS="419"
                    VPOS="2125"
                    WIDTH="2154"
                    HEIGHT="88">
            <Shape><Polygon POINTS="423 2167 419 2210 2566 2213 2573 2171 2566 2125 423 2125 423 2167"/></Shape>
	    <String CONTENT="מהן גידם או חיגר או אילם או סומה או חירש אין נעשה בן סורר ומורה ˙"
                    HPOS="419"
                    VPOS="2125"
                    WIDTH="2154"
                    HEIGHT="88"></String>
          </TextLine>

          
          
          <TextLine ID="eSc_line_1640504"
                    
                    BASELINE="398 2227 518 2241 1417 2248 1664 2241 2503 2241 2574 2245" 
                    HPOS="391"
                    VPOS="2196"
                    WIDTH="2182"
                    HEIGHT="84">
            <Shape><Polygon POINTS="394 2224 391 2273 2563 2280 2573 2241 2570 2203 394 2196 394 2224"/></Shape>
	    <String CONTENT="שנ&#39; ותפש&#39; בו ולא גידמין והוציאו או&#39; ולא חיגרין ואמרו ולא איל(מ)ין בננו זה ולא"
                    HPOS="391"
                    VPOS="2196"
                    WIDTH="2182"
                    HEIGHT="84"></String>
          </TextLine>

          
          
          <TextLine ID="eSc_line_1640505"
                    
                    BASELINE="423 2301 1903 2301 2408 2308 2574 2301" 
                    HPOS="419"
                    VPOS="2266"
                    WIDTH="2154"
                    HEIGHT="85">
            <Shape><Polygon POINTS="419 2298 419 2351 2570 2344 2573 2298 2573 2266 419 2266 419 2298"/></Shape>
	    <String CONTENT="סומין איננו שומע בקול&#39; ולא חירשין מתרין בו בפני שלשה ומלקין אתו חזר"
                    HPOS="419"
                    VPOS="2266"
                    WIDTH="2154"
                    HEIGHT="85"></String>
          </TextLine>

          
          
          <TextLine ID="eSc_line_1640506"
                    
                    BASELINE="408 2375 944 2389 1191 2382 1903 2382 2087 2389 2574 2383" 
                    HPOS="401"
                    VPOS="2319"
                    WIDTH="2172"
                    HEIGHT="109">
            <Shape><Polygon POINTS="405 2372 401 2414 2566 2428 2573 2382 2573 2340 1114 2340 1103 2337 1011 2319 1008 2319 405 2333 405 2372"/></Shape>
	    <String CONTENT="וקילקל נידון בב&#39; ושלשה ואין נסקל עד שיהו שם ג&#39; הראשונים שנ&#39; בננו זה"
                    HPOS="401"
                    VPOS="2319"
                    WIDTH="2172"
                    HEIGHT="109"></String>
          </TextLine>

          
          
          <TextLine ID="eSc_line_1640507"
                    
                    BASELINE="426 2439 676 2446 1311 2435 1505 2435 1787 2446 2574 2439" 
                    HPOS="423.0"
                    VPOS="2389.0"
                    WIDTH="2150.0"
                    HEIGHT="110.0">
            <Shape><Polygon POINTS="423 2435 461 2404 698 2425 828 2418 846 2400 870 2421 1026 2404 1523 2421 1576 2389 1625 2421 1688 2425 1759 2407 1875 2425 2185 2414 2210 2428 2291 2400 2312 2421 2372 2418 2394 2435 2457 2414 2573 2435 2535 2485 2288 2485 2274 2499 2245 2478 2111 2492 2044 2478 2027 2488 1047 2471 1033 2485 1011 2467 969 2485 803 2485 772 2471 666 2492 641 2471 627 2485 511 2471 472 2485 426 2442"/></Shape>
	    <String CONTENT="והוא שלקה בפניכם זולל וסובא זולל בבשר וסובא ביין אפעלפי שאין ראיה"
                    HPOS="423.0"
                    VPOS="2389.0"
                    WIDTH="2150.0"
                    HEIGHT="110.0"></String>
          </TextLine>

          
          
          <TextLine ID="eSc_line_1640508"
                    
                    BASELINE="412 2488 564 2509 1311 2509 1491 2516 2453 2513 2574 2518" 
                    HPOS="405"
                    VPOS="2463"
                    WIDTH="2168"
                    HEIGHT="96">
            <Shape><Polygon POINTS="408 2485 405 2548 2563 2559 2573 2516 2573 2474 408 2463 408 2485"/></Shape>
	    <String CONTENT="לדבר זכר לדבר אל תהי כסובאי יין וגו&#39; כי זו&#39; וסו&#39; יורש וגו&#39; ורגמהו כל אנשי"
                    HPOS="405"
                    VPOS="2463"
                    WIDTH="2168"
                    HEIGHT="96"></String>
          </TextLine>

          
          
          <TextLine ID="eSc_line_1640511"
                    
                    BASELINE="451 2569 1054 2569 1681 2587 2574 2587" 
                    HPOS="444"
                    VPOS="2534"
                    WIDTH="2129"
                    HEIGHT="88">
            <Shape><Polygon POINTS="447 2566 444 2608 2566 2622 2573 2583 2573 2548 447 2534 447 2566"/></Shape>
	    <String CONTENT="עירו וכי כל א[](נש)י עירו רוגמין אותו ﭏא במעמד כל אנשי עירו ˙ באבנים"
                    HPOS="444"
                    VPOS="2534"
                    WIDTH="2129"
                    HEIGHT="88"></String>
          </TextLine>

          
          
          <TextLine ID="eSc_line_1640473"
                    
                    BASELINE="447 2643 1138 2640 1364 2647 1664 2647 1921 2657 2358 2654 2574 2660" 
                    HPOS="440"
                    VPOS="2590"
                    WIDTH="2133"
                    HEIGHT="110">
            <Shape><Polygon POINTS="444 2640 440 2689 2563 2700 2573 2657 2570 2612 765 2590 761 2590 444 2604 444 2640"/></Shape>
	    <String CONTENT="יכל באבנים מרובות ת&#39;ל&#39; באבן יכול באבן א&#39; ת&#39;ל&#39; באבנים אמור מעתה לא מת"
                    HPOS="440"
                    VPOS="2590"
                    WIDTH="2133"
                    HEIGHT="110"></String>
          </TextLine>

          
          
          <TextLine ID="eSc_line_1640477"
                    
                    BASELINE="430 2707 2574 2714" 
                    HPOS="423"
                    VPOS="2671"
                    WIDTH="2150"
                    HEIGHT="78">
            <Shape><Polygon POINTS="426 2703 423 2742 2563 2749 2573 2710 2570 2679 426 2671 426 2703"/></Shape>
	    <String CONTENT="בראשונה ימות באחרונה אמ&#39; ר&#39; יוסי וכי מפני שאכל זה תרטימר בשר"
                    HPOS="423"
                    VPOS="2671"
                    WIDTH="2150"
                    HEIGHT="78"></String>
          </TextLine>

          
          
          <TextLine ID="eSc_line_1640471"
                    
                    BASELINE="370 2784 1322 2784 1544 2777 1967 2784 2574 2777" 
                    HPOS="366"
                    VPOS="2721"
                    WIDTH="2207"
                    HEIGHT="102">
            <Shape><Polygon POINTS="366 2820 2566 2823 2573 2774 2570 2738 2207 2721 2203 2721 2200 2721 2157 2738 2150 2742 366 2742 366 2781 366 2820"/></Shape>
	    <String CONTENT="ושתה חצי לוג יין נסקל אלא הגיעה תורה סוף עיניינו שלזה ואמרה זה ימות"
                    HPOS="366"
                    VPOS="2721"
                    WIDTH="2207"
                    HEIGHT="102"></String>
          </TextLine>

          
          
          <TextLine ID="eSc_line_1640470"
                    
                    BASELINE="426 2844 2574 2855" 
                    HPOS="419"
                    VPOS="2802"
                    WIDTH="2154"
                    HEIGHT="84">
            <Shape><Polygon POINTS="423 2841 419 2876 2563 2886 2573 2851 2570 2812 423 2802 423 2841"/></Shape>
	    <String CONTENT="זכיי ואל ימות חייב ˙ שמיתתן שלרשעים נאה ונאה לעו&#39; לצדיקים רע להם ˙"
                    HPOS="419"
                    VPOS="2802"
                    WIDTH="2154"
                    HEIGHT="84"></String>
          </TextLine>

          
          
          <TextLine ID="eSc_line_1640478"
                    
                    BASELINE="408 2918 962 2918 1318 2908 1494 2915 2207 2915 2365 2922 2574 2922" 
                    HPOS="405"
                    VPOS="2879"
                    WIDTH="2168"
                    HEIGHT="82">
            <Shape><Polygon POINTS="405 2961 2570 2961 2573 2918 2570 2879 405 2879 405 2915 405 2961"/></Shape>
	    <String CONTENT="ורע לעולם ˙ יין ושינה לרש&#39; נא&#39; לה&#39; ונא&#39; לעו&#39; לצדיקים רע ל&#39; ורע לעו&#39; שקט [/]"
                    HPOS="405"
                    VPOS="2879"
                    WIDTH="2168"
                    HEIGHT="82"></String>
          </TextLine>

          
          
          <TextLine ID="eSc_line_1640480"
                    
                    BASELINE="423 2978 863 2985 1368 2978 2231 2978 2574 2988" 
                    HPOS="416"
                    VPOS="2943"
                    WIDTH="2157"
                    HEIGHT="81">
            <Shape><Polygon POINTS="419 2975 416 3020 2563 3024 2573 2985 2573 2946 419 2943 419 2975"/></Shape>
	    <String CONTENT="לרשעים רע ל&#39; ורע לעו&#39; לצדיקים נאה לו ונאה לעו&#39; ˙ ובערת הרע מקרבך בער"
                    HPOS="416"
                    VPOS="2943"
                    WIDTH="2157"
                    HEIGHT="81"></String>
          </TextLine>

          
          
          <TextLine ID="eSc_line_1640479"
                    
                    BASELINE="349 3063 729 3052 1121 3056 1322 3049 2006 3059 2574 3059" 
                    HPOS="342"
                    VPOS="2999"
                    WIDTH="2231"
                    HEIGHT="95">
            <Shape><Polygon POINTS="380 3027 377 3013 345 3013 345 3059 342 3091 2566 3094 2573 3056 2570 3020 1234 2999 1230 2999 387 3013 380 3027"/></Shape>
	    <String CONTENT="עושה הרעות מיש&#39; ˙ פ&#39; כי יהיה באיש חטא וג&#39; האיש נתלה ואין אשה"
                    HPOS="342"
                    VPOS="2999"
                    WIDTH="2231"
                    HEIGHT="95"></String>
          </TextLine>

          
          
          <TextLine ID="eSc_line_1640468"
                    
                    BASELINE="426 3126 599 3119 2394 3119 2574 3130" 
                    HPOS="419"
                    VPOS="3080"
                    WIDTH="2154"
                    HEIGHT="85">
            <Shape><Polygon POINTS="423 3123 419 3158 2563 3165 2573 3126 2570 3080 423 3080 423 3123"/></Shape>
	    <String CONTENT="נתלית ר&#39; ﭏיעזר או&#39; אף האשה נתלית אמ&#39; להן ר&#39; ﭏיעזר והלא שמע&#39; בן שטח"
                    HPOS="419"
                    VPOS="3080"
                    WIDTH="2154"
                    HEIGHT="85"></String>
          </TextLine>

          
          
          <TextLine ID="eSc_line_1640472"
                    
                    BASELINE="451 3183 1896 3190 2210 3183 2574 3193" 
                    HPOS="444"
                    VPOS="3140"
                    WIDTH="2129"
                    HEIGHT="99">
            <Shape><Polygon POINTS="447 3179 444 3225 2563 3239 2573 3190 2573 3151 447 3140 447 3179"/></Shape>
	    <String CONTENT="תלה נשים באשקלון אמרו לו פ&#39; אשה תלה ואין דנין שנים ביום אחד אלא"
                    HPOS="444"
                    VPOS="3140"
                    WIDTH="2129"
                    HEIGHT="99"></String>
          </TextLine>

          
          
          <TextLine ID="eSc_line_1640476"
                    
                    BASELINE="426 3257 1258 3246 1805 3253 2185 3246 2574 3262" 
                    HPOS="419"
                    VPOS="3193"
                    WIDTH="2154"
                    HEIGHT="99">
            <Shape><Polygon POINTS="423 3253 423 3292 2566 3288 2573 3260 2570 3214 483 3193 479 3193 475 3193 419 3211 423 3253"/></Shape>
	    <String CONTENT="שהשעה צריכה ללמד בה את אחרים יכול יהוא כל הנסקלים נתלין ת&#39;ל&#39; כי קללת"
                    HPOS="419"
                    VPOS="3193"
                    WIDTH="2154"
                    HEIGHT="99"></String>
          </TextLine>

          
          
          <TextLine ID="eSc_line_1640475"
                    
                    BASELINE="408 3317 1773 3327 2069 3317 2574 3334" 
                    HPOS="401"
                    VPOS="3274"
                    WIDTH="2172"
                    HEIGHT="109">
            <Shape><Polygon POINTS="405 3313 401 3352 1452 3380 1456 3380 1724 3366 1798 3383 1801 3383 1805 3383 2566 3369 2573 3331 2570 3295 2189 3274 2185 3274 405 3274 405 3313"/></Shape>
	    <String CONTENT="ﭏ&#39;ים תלוי אחר שריבה הכת&#39; מיעט הרי אנו למידין אותה מן המגדף מה"
                    HPOS="401"
                    VPOS="3274"
                    WIDTH="2172"
                    HEIGHT="109"></String>
          </TextLine>

          
          
          <TextLine ID="eSc_line_1640469"
                    
                    BASELINE="416 3405 2574 3405" 
                    HPOS="412"
                    VPOS="3366"
                    WIDTH="2161"
                    HEIGHT="84">
            <Shape><Polygon POINTS="412 3401 412 3450 2573 3440 2573 3401 2573 3366 412 3366 412 3401"/></Shape>
	    <String CONTENT="מגדף מיוחד שפשט ידו בעיקר והרי הו&#39; נתלה כך כל הפושט ידו בעיקר"
                    HPOS="412"
                    VPOS="3366"
                    WIDTH="2161"
                    HEIGHT="84"></String>
          </TextLine>

          
          
          <TextLine ID="eSc_line_1640481"
                    
                    BASELINE="408 3475 539 3468 803 3468 990 3461 1198 3461 1375 3468 2464 3468 2574 3455" 
                    HPOS="401"
                    VPOS="3412"
                    WIDTH="2172"
                    HEIGHT="105">
            <Shape><Polygon POINTS="405 3472 405 3517 2570 3500 2573 3454 2566 3412 401 3422 405 3472"/></Shape>
	    <String CONTENT="יהא נתלה ר&#39; אליעזר אומ&#39; מה מגדף מיוחד שהו ניסקל והרי הו&#39; נתלה כך כל"
                    HPOS="401"
                    VPOS="3412"
                    WIDTH="2172"
                    HEIGHT="105"></String>
          </TextLine>

          
          
          <TextLine ID="eSc_line_1640474"
                    
                    BASELINE="419 3535 712 3535 874 3528 2574 3532" 
                    HPOS="412"
                    VPOS="3496"
                    WIDTH="2161"
                    HEIGHT="88">
            <Shape><Polygon POINTS="416 3532 412 3570 2563 3584 2573 3528 2570 3496 416 3496 416 3532"/></Shape>
	    <String CONTENT="הנסקלין נתלין ˙ יכול יהו תולין אותו חיי בדרך שהמלכות עושה ת&#39;ל&#39; והומת"
                    HPOS="412"
                    VPOS="3496"
                    WIDTH="2161"
                    HEIGHT="88"></String>
          </TextLine>

          
          
          <TextLine ID="eSc_line_1640482"
                    
                    BASELINE="469 3609 592 3609 2574 3609" 
                    HPOS="468"
                    VPOS="3570"
                    WIDTH="2105"
                    HEIGHT="117">
            <Shape><Polygon POINTS="468 3606 468 3662 715 3662 743 3683 747 3683 750 3683 754 3687 955 3687 955 3683 959 3683 1001 3662 1004 3662 1110 3662 1114 3662 1149 3683 1152 3683 1156 3683 1159 3683 1163 3683 1167 3683 1198 3662 1202 3662 1205 3662 1272 3683 1276 3683 1279 3687 1671 3687 1671 3683 1674 3683 1678 3683 1699 3665 1702 3662 1710 3665 1762 3683 1766 3683 1769 3683 1918 3665 1949 3662 1960 3665 1999 3683 2002 3683 2006 3683 2009 3683 2013 3683 2034 3665 2041 3662 2203 3662 2210 3665 2231 3683 2235 3683 2238 3683 2242 3683 2573 3665 2573 3606 2573 3570 468 3570 468 3606"/></Shape>
	    <String CONTENT="ותלית אותו ולא את כליו ולא את עדיו אותו ולא את זוממיו ת&#39;ל&#39; אותו מלמד"
                    HPOS="468"
                    VPOS="3570"
                    WIDTH="2105"
                    HEIGHT="117"></String>
          </TextLine>

          
        </TextBlock>
        

        
      </PrintSpace>
    </Page>
  </Layout>
</alto>
