<?xml version="1.0" encoding="UTF-8"?>
<alto xmlns:xsi="http://www.w3.org/2001/XMLSchema-instance"
      xmlns="http://www.loc.gov/standards/alto/ns-v4#"
      xsi:schemaLocation="http://www.loc.gov/standards/alto/ns-v4# http://www.loc.gov/standards/alto/v4/alto-4-2.xsd">
  <Description>
    <MeasurementUnit>pixel</MeasurementUnit>
    <sourceImageInformation>
      <fileName>Vat.ebr.32_0068_fa_0031v.jpg</fileName>
      
    </sourceImageInformation>
  </Description>
  
  <Tags>
    <OtherTag ID="BT1" LABEL="Title" DESCRIPTION="block type Title"/><OtherTag ID="BT2" LABEL="Main" DESCRIPTION="block type Main"/><OtherTag ID="BT3" LABEL="Commentary" DESCRIPTION="block type Commentary"/><OtherTag ID="BT4" LABEL="Illustration" DESCRIPTION="block type Illustration"/><OtherTag ID="BT853" LABEL="Margin" DESCRIPTION="block type Margin"/><OtherTag ID="BT854" LABEL="Paratext" DESCRIPTION="block type Paratext"/>
    <OtherTag ID="LT2" LABEL="Numbering" DESCRIPTION="line type Numbering"/><OtherTag ID="LT3" LABEL="Correction" DESCRIPTION="line type Correction"/>
  </Tags>
  
  <Layout>
    <Page WIDTH="3195"
          HEIGHT="4230"
          PHYSICAL_IMG_NR="61"
          ID="eSc_dummypage_">
      <PrintSpace HPOS="0"
                  VPOS="0"
                  WIDTH="3195"
                  HEIGHT="4230">
        
        <TextBlock HPOS="360.0"
                   VPOS="479.0"
                   WIDTH="2432.0"
                   HEIGHT="3342.0"
                   ID="eSc_textblock_16741"
                   TAGREFS="BT2">
          <Shape><Polygon POINTS="360 479 2792 517 2764 3821 360 3731"/></Shape>
          
          
          <TextLine ID="eSc_line_1633021"
                    
                    BASELINE="472 546 712 553 895 546 1516 539 1907 546 2352 560 2433 567 2792 574" 
                    HPOS="465"
                    VPOS="482"
                    WIDTH="2324"
                    HEIGHT="138">
            <Shape><Polygon POINTS="469 542 465 574 722 599 747 599 782 599 818 599 828 599 860 588 962 599 994 599 1029 599 1050 599 1093 588 1103 585 1107 588 1121 602 1124 602 1128 602 1132 602 1308 592 1456 585 1509 595 1534 602 1537 602 1541 602 1646 599 1921 588 1988 606 2013 613 2017 613 2020 613 2024 613 2027 613 2034 606 2055 592 2189 592 2214 609 2221 616 2225 616 2228 616 2778 620 2789 571 2785 518 469 482 469 542"/></Shape>
	    <String CONTENT="עוונות מי מקטריג בה גזיל ר&#39; יודן בשם ר&#39; יוחנן לבני אדם שהיו בהן עובדי עבודה זרה"
                    HPOS="465"
                    VPOS="482"
                    WIDTH="2324"
                    HEIGHT="138"></String>
          </TextLine>

          
          
          <TextLine ID="eSc_line_1633022"
                    
                    BASELINE="472 606 1636 613 2193 630 2316 641 2588 652 2792 654" 
                    HPOS="465"
                    VPOS="567"
                    WIDTH="2324"
                    HEIGHT="120">
            <Shape><Polygon POINTS="469 602 465 638 634 666 638 666 997 652 1086 648 1132 655 1241 669 1244 669 1343 659 1407 652 1742 655 1752 666 1763 676 1766 676 1770 676 1773 676 1851 669 1946 659 1988 673 2003 676 2006 676 2010 676 2048 673 2140 662 2161 676 2168 683 2172 683 2175 683 2778 687 2789 652 2785 606 1685 567 1682 567 469 574 469 602"/></Shape>
	    <String CONTENT="ומגלי עריות ושופכי דמים וגזיל שבכולם שקול כנגד הכל ר&#39; יעקב בר אביי בשם ר&#39; אחא עשרים"
                    HPOS="465"
                    VPOS="567"
                    WIDTH="2324"
                    HEIGHT="120"></String>
          </TextLine>

          
          
          <TextLine ID="eSc_line_1633023"
                    
                    BASELINE="490 673 751 683 1474 680 1731 697 1893 694 2144 708 2394 712 2567 726 2792 729" 
                    HPOS="483"
                    VPOS="620"
                    WIDTH="2306"
                    HEIGHT="141">
            <Shape><Polygon POINTS="486 669 483 712 737 736 740 736 811 719 825 719 856 722 976 736 980 736 1110 726 1181 722 1206 729 1255 743 1258 743 1262 743 1378 733 1459 726 2778 761 2789 726 2789 676 2264 673 2232 662 2165 641 2161 641 2158 641 2048 655 2024 659 2010 655 1960 638 1957 638 1953 638 1629 645 1516 648 1495 645 1456 630 1452 630 1449 630 1378 641 1294 652 1177 634 1114 627 1110 627 1022 630 758 648 486 620 486 669"/></Shape>
	    <String CONTENT="וארבע חטאות סדר יחזקאל ומכולם לא חתם אלא בגזיל הדה היא דכת&#39; והנה הכיתי כפי על"
                    HPOS="483"
                    VPOS="620"
                    WIDTH="2306"
                    HEIGHT="141"></String>
          </TextLine>

          
          
          <TextLine ID="eSc_line_1633024"
                    
                    BASELINE="458 747 1449 754 2020 782 2179 779 2419 796 2694 793 2771 800 2792 804" 
                    HPOS="451"
                    VPOS="690"
                    WIDTH="2338"
                    HEIGHT="155">
            <Shape><Polygon POINTS="454 743 451 782 701 814 705 814 708 814 712 814 740 793 744 789 747 793 779 807 782 807 786 807 945 796 1019 793 1036 800 1072 814 1075 814 1079 814 1142 803 1174 796 1199 803 1234 814 1237 814 1241 814 1414 810 1593 803 1618 814 1657 831 1660 831 1664 831 1668 831 1720 817 1756 807 1798 817 1851 835 1854 835 1858 835 1861 835 1904 821 1939 810 1967 824 1999 838 2003 838 2006 838 2010 838 2062 824 2101 817 2144 828 2207 842 2211 845 2775 845 2789 803 2785 740 1026 697 1022 697 684 708 677 708 634 690 631 690 627 690 454 705 454 743"/></Shape>
	    <String CONTENT="בצעך וגו&#39; לפיכך משה מזהיר את יש&#39; וגו&#39; ויעשו בני יש&#39; ככל אשר צוה יי את משה כן חזו וגו&#39;"
                    HPOS="451"
                    VPOS="690"
                    WIDTH="2338"
                    HEIGHT="155"></String>
          </TextLine>

          
          
          <TextLine ID="eSc_line_1633025"
                    
                    BASELINE="472 828 645 821 1110 821 1241 831 1534 838 2239 877 2792 888" 
                    HPOS="465"
                    VPOS="771"
                    WIDTH="2324"
                    HEIGHT="152">
            <Shape><Polygon POINTS="2775 831 1886 821 1837 810 1752 793 1749 793 1745 793 1703 807 1685 810 1671 803 1639 789 1636 789 1057 771 1054 771 469 771 469 824 465 856 2778 923 2789 884 2789 863 2775 831"/></Shape>
	    <String CONTENT="ואהרן איכן היה ר&#39; יהושע בר נחמיה ור&#39; לוי בר חיתא ור&#39; בא לייחסינו לך וייחס את בניך אלעזר בנך בריה דר&#39; חייא בר בא כיון שבא"
                    HPOS="465"
                    VPOS="771"
                    WIDTH="2324"
                    HEIGHT="152"></String>
          </TextLine>

          
          
          <TextLine ID="eSc_line_1633026"
                    
                    BASELINE="437 884 588 895 853 891 1054 895 1703 920 2115 944 2792 957" 
                    HPOS="430"
                    VPOS="838"
                    WIDTH="2359"
                    HEIGHT="163">
            <Shape><Polygon POINTS="433 881 430 934 2778 1001 2789 955 2785 902 2334 905 2221 888 2172 881 2168 881 2119 884 2027 895 2006 884 1992 874 1988 874 1985 874 1981 874 1943 881 1904 888 1583 874 871 838 867 838 793 856 786 856 765 838 761 838 758 838 754 838 433 845 433 881"/></Shape>
	    <String CONTENT="ליחסן הונו אותו אמרו לו את מייחסיני עד שאת בא"
                    HPOS="430"
                    VPOS="838"
                    WIDTH="2359"
                    HEIGHT="163"></String>
          </TextLine>

          
          
          <TextLine ID="eSc_line_1633029"
                    
                    BASELINE="465 962 945 962 1368 979 1816 1008 1971 1004 2327 1022 2711 1022 2792 1014" 
                    HPOS="458"
                    VPOS="920"
                    WIDTH="2331"
                    HEIGHT="144">
            <Shape><Polygon POINTS="461 958 458 1008 2782 1064 2789 1011 2789 976 461 920 461 958"/></Shape>
	    <String CONTENT="למי היה נשאוי לא לבתו שלפוטיאל הדה היא ואלעזר הכהן בן אהרן הכהן לקח לו מבנות"
                    HPOS="458"
                    VPOS="920"
                    WIDTH="2331"
                    HEIGHT="144"></String>
          </TextLine>

          
          
          <TextLine ID="eSc_line_1633030"
                    
                    BASELINE="405 1036 585 1036 677 1043 1590 1064 2119 1092 2792 1092" 
                    HPOS="402"
                    VPOS="983"
                    WIDTH="2387"
                    HEIGHT="145">
            <Shape><Polygon POINTS="402 1032 402 1092 514 1078 779 1099 839 1103 842 1103 874 1099 1001 1089 1403 1110 1650 1120 2782 1128 2789 1089 2785 1043 1244 997 1241 997 1177 1011 1170 1011 1160 1011 1093 994 1089 994 1086 994 1082 994 1040 1008 1036 1008 1033 1008 948 990 945 990 712 1001 701 1001 698 1001 677 983 673 983 670 983 666 983 402 994 402 1032"/></Shape>
	    <String CONTENT="פוטיאל וגו&#39; כיון שראה הק&#39;ב&#39;ה&#39; שהן מזלזלין בו התחיל מייחסו הדה היא דכת&#39; פינחס בן אלעזר"
                    HPOS="402"
                    VPOS="983"
                    WIDTH="2387"
                    HEIGHT="145"></String>
          </TextLine>

          
          
          <TextLine ID="eSc_line_1633031"
                    
                    BASELINE="409 1106 962 1120 1262 1117 1689 1135 1900 1149 2108 1145 2577 1163 2792 1153" 
                    HPOS="402"
                    VPOS="1068"
                    WIDTH="2387"
                    HEIGHT="144">
            <Shape><Polygon POINTS="405 1103 402 1152 2782 1212 2789 1152 2789 1117 405 1068 405 1103"/></Shape>
	    <String CONTENT="בן אהרן הכהן כהן בר כהן קניי בר קניי משיב חימה בן משיב חימה השיב את חמתי מעל בני"
                    HPOS="402"
                    VPOS="1068"
                    WIDTH="2387"
                    HEIGHT="144"></String>
          </TextLine>

          
          
          <TextLine ID="eSc_line_1633032"
                    
                    BASELINE="416 1173 930 1184 1079 1191 1325 1191 1953 1216 2500 1219 2792 1229" 
                    HPOS="409"
                    VPOS="1135"
                    WIDTH="2380"
                    HEIGHT="126">
            <Shape><Polygon POINTS="412 1170 409 1205 2778 1261 2789 1226 2789 1191 1823 1170 1819 1166 1763 1149 1759 1149 1756 1149 1509 1159 1467 1159 1442 1156 1315 1138 412 1135 412 1170"/></Shape>
	    <String CONTENT="יש&#39; וגו&#39; לכן אמר הניי נתן לו את בריתי שלום לפיכך הקדים הק&#39;ב&#39;ה&#39; כבודו שלאהרן לכבודו שלמשה"
                    HPOS="409"
                    VPOS="1135"
                    WIDTH="2380"
                    HEIGHT="126"></String>
          </TextLine>

          
          
          <TextLine ID="eSc_line_1633033"
                    
                    BASELINE="440 1251 592 1247 1019 1261 1368 1258 1738 1276 2038 1272 2429 1286 2792 1290" 
                    HPOS="433"
                    VPOS="1205"
                    WIDTH="2356"
                    HEIGHT="127">
            <Shape><Polygon POINTS="437 1247 433 1286 2778 1332 2789 1286 2785 1233 437 1205 437 1247"/></Shape>
	    <String CONTENT="הדה היא דכת&#39; ואלה תלדות אהרן ומשה ואלה תלדות משה ואהרן אין כת&#39; כן אלא ואלה תלדות"
                    HPOS="433"
                    VPOS="1205"
                    WIDTH="2356"
                    HEIGHT="127"></String>
          </TextLine>

          
          
          <TextLine ID="eSc_line_1633044"
                    
                    BASELINE="430 1307 652 1321 1110 1328 1477 1346 1653 1343 2055 1357 2792 1360" 
                    HPOS="423"
                    VPOS="1279"
                    WIDTH="2366"
                    HEIGHT="116">
            <Shape><Polygon POINTS="426 1304 423 1353 2778 1395 2789 1357 2789 1311 426 1279 426 1304"/></Shape>
	    <String CONTENT="אהרן ומשה לפיכך משה מזהיר את יש&#39; ˙ ויכו בהם אביה ועמו מכה רבה מהו מכה רבה"
                    HPOS="423"
                    VPOS="1279"
                    WIDTH="2366"
                    HEIGHT="116"></String>
          </TextLine>

          
          
          <TextLine ID="eSc_line_1633045"
                    
                    BASELINE="458 1378 719 1388 927 1385 1089 1399 1375 1402 1495 1413 1632 1417 1981 1413 2246 1431 2443 1431 2792 1447" 
                    HPOS="451"
                    VPOS="1339"
                    WIDTH="2338"
                    HEIGHT="137">
            <Shape><Polygon POINTS="454 1374 451 1417 493 1434 497 1434 500 1438 1248 1438 1294 1455 1297 1455 1759 1469 2778 1476 2789 1445 2789 1388 454 1339 454 1374"/></Shape>
	    <String CONTENT="ר&#39; אבה בר כהנא אמ&#39; שהעביר צורת פניהם שליש&#39; הכמה דאת אמ&#39; הכרת פניהם ענתה בם"
                    HPOS="451"
                    VPOS="1339"
                    WIDTH="2338"
                    HEIGHT="137"></String>
          </TextLine>

          
          
          <TextLine ID="eSc_line_1633046"
                    
                    BASELINE="423 1466 532 1462 966 1469 1414 1487 1615 1484 1978 1501 2630 1498 2722 1501 2792 1508" 
                    HPOS="416"
                    VPOS="1427"
                    WIDTH="2373"
                    HEIGHT="123">
            <Shape><Polygon POINTS="419 1462 416 1505 2066 1547 2070 1547 2228 1533 2299 1550 2302 1550 2306 1550 2782 1536 2789 1505 2789 1448 419 1427 419 1462"/></Shape>
	    <String CONTENT="ר&#39; שמואל בר אמי אמ&#39; שהעמיד עליהם שומרים ג&#39; ימים עד שנתקלקלה צורתן דתנינן תמן"
                    HPOS="416"
                    VPOS="1427"
                    WIDTH="2373"
                    HEIGHT="123"></String>
          </TextLine>

          
          
          <TextLine ID="eSc_line_1633047"
                    
                    BASELINE="370 1533 581 1543 793 1540 1435 1554 1780 1568 2242 1568 2465 1579 2782 1579" 
                    HPOS="363"
                    VPOS="1487"
                    WIDTH="2415"
                    HEIGHT="127">
            <Shape><Polygon POINTS="366 1529 363 1568 835 1596 2771 1614 2778 1575 2778 1540 786 1487 782 1487 366 1494 366 1529"/></Shape>
	    <String CONTENT="אין מעידין אלא על הפרצוף פנים עם החוטם אפעלפי שיש סימנין בגופו ובכליו ואין מעידין"
                    HPOS="363"
                    VPOS="1487"
                    WIDTH="2415"
                    HEIGHT="127"></String>
          </TextLine>

          
          
          <TextLine ID="eSc_line_1633048"
                    
                    BASELINE="363 1603 560 1600 927 1614 1132 1610 1572 1628 1837 1625 2126 1642 2792 1642" 
                    HPOS="356"
                    VPOS="1550"
                    WIDTH="2433"
                    HEIGHT="141">
            <Shape><Polygon POINTS="359 1600 356 1656 458 1656 461 1656 497 1656 521 1656 1191 1656 1438 1670 1657 1681 1660 1681 1787 1670 1869 1667 1886 1674 1914 1684 1918 1684 1921 1684 2013 1674 2052 1670 2158 1674 2426 1688 2436 1688 2472 1688 2507 1688 2542 1691 2577 1691 2606 1691 2785 1677 2789 1639 2785 1589 1886 1593 1452 1589 1428 1565 1424 1565 1421 1565 1417 1565 1350 1565 874 1575 359 1550 359 1600"/></Shape>
	    <String CONTENT="אלא לאחר שלשה ימים ולא עצר כח ירבעם עוד בימי אביה ויגפהו יי וימת א&#39; ר&#39; שמואל"
                    HPOS="356"
                    VPOS="1550"
                    WIDTH="2433"
                    HEIGHT="141"></String>
          </TextLine>

          
          
          <TextLine ID="eSc_line_1633049"
                    
                    BASELINE="447 1663 906 1684 1237 1681 1632 1699 2260 1695 2778 1702" 
                    HPOS="440"
                    VPOS="1639"
                    WIDTH="2335"
                    HEIGHT="119">
            <Shape><Polygon POINTS="444 1660 440 1709 2429 1751 2450 1751 2486 1751 2500 1751 2595 1755 2627 1755 2662 1755 2676 1755 2764 1758 2775 1699 2771 1656 444 1639 444 1660"/></Shape>
	    <String CONTENT="בר נחמן את סבור לומר שיירבעם נוגף והלא לא ניגף אלא אביה ולמה ניגף ר&#39; יוחנן ור&#39;"
                    HPOS="440"
                    VPOS="1639"
                    WIDTH="2335"
                    HEIGHT="119"></String>
          </TextLine>

          
          
          <TextLine ID="eSc_line_1633050"
                    
                    BASELINE="444 1744 895 1755 1392 1751 1572 1758 2348 1758 2669 1766 2778 1773" 
                    HPOS="437"
                    VPOS="1695"
                    WIDTH="2338"
                    HEIGHT="106">
            <Shape><Polygon POINTS="440 1741 437 1780 511 1801 514 1801 518 1801 2768 1797 2775 1769 2771 1727 458 1695 454 1695 451 1695 447 1695 447 1699 440 1706 440 1741"/></Shape>
	    <String CONTENT="שמעון בן לקיש ורבנן ר&#39; יוחנן א&#39; על ידי שחיסרן ברבים שנ&#39; ואתם המון ועמכם עגלי"
                    HPOS="437"
                    VPOS="1695"
                    WIDTH="2338"
                    HEIGHT="106"></String>
          </TextLine>

          
          
          <TextLine ID="eSc_line_1633051"
                    
                    BASELINE="426 1811 1551 1808 1844 1825 2348 1822 2616 1836 2708 1836 2750 1833 2792 1827" 
                    HPOS="419"
                    VPOS="1762"
                    WIDTH="2370"
                    HEIGHT="102">
            <Shape><Polygon POINTS="423 1808 419 1847 673 1857 701 1857 737 1857 772 1857 807 1857 842 1857 878 1857 913 1857 948 1857 983 1857 1019 1857 1054 1857 1089 1857 1124 1857 1160 1857 1195 1857 1230 1857 1266 1857 1301 1861 1336 1861 1371 1861 1407 1864 1442 1864 1477 1864 1481 1864 2785 1857 2789 1825 2785 1787 687 1762 684 1762 423 1780 423 1808"/></Shape>
	    <String CONTENT="הזהב אשר עשה לכם ירבעם לﭏהים ר&#39; שמעון בן לקיש א&#39; על שביזה את אחיה השילוני"
                    HPOS="419"
                    VPOS="1762"
                    WIDTH="2370"
                    HEIGHT="102"></String>
          </TextLine>

          
          
          <TextLine ID="eSc_line_1633052"
                    
                    BASELINE="426 1864 1167 1864 2122 1896 2574 1899 2778 1910" 
                    HPOS="419"
                    VPOS="1822"
                    WIDTH="2356"
                    HEIGHT="127">
            <Shape><Polygon POINTS="423 1861 419 1907 613 1910 631 1910 666 1910 701 1910 737 1910 772 1910 807 1910 842 1910 878 1910 913 1910 948 1910 983 1910 1019 1910 1054 1914 1089 1914 1124 1917 1160 1917 1191 1917 2764 1949 2775 1907 2771 1868 1541 1825 423 1822 423 1861"/></Shape>
	    <String CONTENT="בליעל הד&#39; ה&#39; דכ&#39; ועמכם אנשים ריקים בני בליעל ורבנין אמרין על שבאת עבודה"
                    HPOS="419"
                    VPOS="1822"
                    WIDTH="2356"
                    HEIGHT="127"></String>
          </TextLine>

          
          
          <TextLine ID="eSc_line_1633053"
                    
                    BASELINE="430 1924 528 1917 997 1917 1347 1938 1713 1949 1999 1966 2271 1963 2711 1977 2782 1982" 
                    HPOS="426"
                    VPOS="1882"
                    WIDTH="2352"
                    HEIGHT="130">
            <Shape><Polygon POINTS="426 1921 426 1966 828 1959 2768 2012 2778 1981 2778 1924 426 1882 426 1921"/></Shape>
	    <String CONTENT="זרה לתוך ידו ולא ביערה הה&#39;ד וירדף אביה אחרי ירבעם וילכד ממנו ערים את ביתאל"
                    HPOS="426"
                    VPOS="1882"
                    WIDTH="2352"
                    HEIGHT="130"></String>
          </TextLine>

          
          
          <TextLine ID="eSc_line_1633055"
                    
                    BASELINE="458 1974 1558 2009 2070 2033 2475 2037 2764 2051" 
                    HPOS="451"
                    VPOS="1938"
                    WIDTH="2310"
                    HEIGHT="155">
            <Shape><Polygon POINTS="454 1973 451 2009 2750 2093 2761 2048 2761 1995 454 1938 454 1973"/></Shape>
	    <String CONTENT="וגו&#39; ובביתאל היה עבודה זרה דכת&#39; וישם את האחד בביתאל וגו&#39; והרי דברים קל וחומר"
                    HPOS="451"
                    VPOS="1938"
                    WIDTH="2310"
                    HEIGHT="155"></String>
          </TextLine>

          
          
          <TextLine ID="eSc_line_1633056"
                    
                    BASELINE="387 2033 715 2051 1325 2065 1512 2079 2373 2107 2697 2111 2782 2103" 
                    HPOS="380"
                    VPOS="1988"
                    WIDTH="2398"
                    HEIGHT="172">
            <Shape><Polygon POINTS="384 2030 380 2079 2771 2160 2778 2100 2778 2079 2570 2072 2567 2069 2546 2051 2542 2051 2539 2051 2535 2051 2348 2062 2313 2062 2285 2058 2165 2040 2161 2040 2101 2051 2080 2055 384 1988 384 2030"/></Shape>
	    <String CONTENT="ומה אם המלך אביה על ידי שהונה ירבעם מלך כמהו ענשו הכת&#39; וניגף מי שהונה את חבירו"
                    HPOS="380"
                    VPOS="1988"
                    WIDTH="2398"
                    HEIGHT="172"></String>
          </TextLine>

          
          
          <TextLine ID="eSc_line_1633057"
                    
                    BASELINE="433 2107 585 2118 955 2118 1209 2132 1414 2136 1548 2146 1752 2153 1794 2150 2094 2164 2398 2171 2771 2171" 
                    HPOS="426"
                    VPOS="2065"
                    WIDTH="2342"
                    HEIGHT="134">
            <Shape><Polygon POINTS="430 2104 426 2146 2761 2199 2768 2167 2768 2132 631 2065 627 2065 430 2076 430 2104"/></Shape>
	    <String CONTENT="על אחת כמה וכמה לפיכך משה מזהיר את יש&#39; וכי תמכרו ממכר ר&#39; חייא בריה דר&#39; אדה"
                    HPOS="426"
                    VPOS="2065"
                    WIDTH="2342"
                    HEIGHT="134"></String>
          </TextLine>

          
          
          <TextLine ID="eSc_line_1633058"
                    
                    BASELINE="454 2164 521 2178 659 2185 1079 2189 1368 2203 1583 2203 1809 2217 2048 2220 2390 2234 2771 2227" 
                    HPOS="447"
                    VPOS="2129"
                    WIDTH="2321"
                    HEIGHT="148">
            <Shape><Polygon POINTS="1974 2157 1971 2157 1932 2164 1869 2174 1833 2160 1812 2153 1809 2153 1805 2153 1696 2160 1569 2167 1526 2157 1481 2146 1477 2146 1474 2146 1417 2157 1389 2160 1202 2153 599 2129 595 2129 451 2143 451 2160 447 2217 634 2220 638 2224 659 2241 662 2241 666 2241 670 2241 758 2227 779 2224 800 2227 863 2245 867 2245 871 2245 938 2231 962 2227 997 2234 1089 2248 1093 2248 1096 2248 1128 2238 1142 2231 1163 2238 1202 2248 1206 2248 1209 2248 1389 2241 1463 2241 1474 2245 1495 2259 1498 2259 1502 2259 1505 2259 1615 2248 1660 2245 1731 2252 1861 2266 2761 2277 2768 2224 2761 2174 2055 2178 2003 2164 1978 2157 1974 2157"/></Shape>
	    <String CONTENT="דיפו וכי תמכרו עתידין אתם לימכר לאומות העולם אלא שותפין לברייכון עמכון כדרך"
                    HPOS="447"
                    VPOS="2129"
                    WIDTH="2321"
                    HEIGHT="148"></String>
          </TextLine>

          
          
          <TextLine ID="eSc_line_1633059"
                    
                    BASELINE="444 2248 1103 2259 1311 2273 1597 2277 1710 2287 1872 2291 2331 2294 2563 2305 2775 2298" 
                    HPOS="437"
                    VPOS="2203"
                    WIDTH="2334"
                    HEIGHT="144">
            <Shape><Polygon POINTS="440 2245 437 2287 2352 2344 2708 2347 2711 2347 2715 2347 2768 2326 2771 2294 2771 2248 1939 2248 1851 2234 1713 2220 1710 2220 1593 2231 1534 2238 1509 2231 1459 2217 1456 2217 1452 2217 1336 2231 1318 2231 1315 2231 1297 2213 1294 2213 1290 2213 1287 2213 1199 2227 1181 2231 1174 2227 1160 2213 1156 2213 1153 2213 1149 2213 1146 2213 1110 2227 1107 2227 1082 2210 1079 2210 1075 2210 652 2203 648 2203 440 2217 440 2245"/></Shape>
	    <String CONTENT="שעשו חנניה מישראל ועזריה שאמרו לנבוכדנצר נבוכדנצר לא חשחין אנחנא על דנה"
                    HPOS="437"
                    VPOS="2203"
                    WIDTH="2334"
                    HEIGHT="144"></String>
          </TextLine>

          
          
          <TextLine ID="eSc_line_1633060"
                    
                    BASELINE="444 2308 1107 2326 1932 2361 2137 2358 2648 2375 2733 2368 2772 2364" 
                    HPOS="437"
                    VPOS="2266"
                    WIDTH="2334"
                    HEIGHT="162">
            <Shape><Polygon POINTS="440 2305 437 2351 2764 2428 2771 2361 2771 2344 2355 2312 2352 2312 1907 2312 1844 2312 1840 2312 1826 2298 1826 2294 1823 2294 1819 2294 1816 2294 1470 2298 1421 2298 1403 2298 1290 2277 1287 2277 1216 2291 1209 2291 1195 2291 1103 2270 1100 2270 1029 2284 1026 2284 1019 2284 955 2266 952 2266 440 2266 440 2305"/></Shape>
	    <String CONTENT="הן איתי אלהנא וגו&#39; והן לא מציל לא מציל ידיע לההוא לך מלכא וגו&#39; ענה נבוכדנצר"
                    HPOS="437"
                    VPOS="2266"
                    WIDTH="2334"
                    HEIGHT="162"></String>
          </TextLine>

          
          
          <TextLine ID="eSc_line_1633061"
                    
                    BASELINE="437 2379 708 2389 1103 2386 1234 2397 1449 2400 1735 2418 1890 2418 2077 2428 2774 2437" 
                    HPOS="430"
                    VPOS="2330"
                    WIDTH="2341"
                    HEIGHT="137">
            <Shape><Polygon POINTS="433 2375 430 2418 2761 2467 2771 2435 2768 2393 1678 2375 1678 2372 1632 2351 1629 2351 1625 2351 1336 2361 1128 2340 1124 2340 969 2354 952 2340 952 2337 948 2337 945 2337 490 2330 486 2330 483 2330 433 2347 433 2375"/></Shape>
	    <String CONTENT="ואמר להון הצדא וגו&#39; מה הוא הצדא ר&#39; אבה בר כהנא אמ&#39; אונטוס ר&#39; יוסי בר חנינא אמ&#39; צדן א&#39;"
                    HPOS="430"
                    VPOS="2330"
                    WIDTH="2341"
                    HEIGHT="137"></String>
          </TextLine>

          
          
          <TextLine ID="eSc_line_1633062"
                    
                    BASELINE="444 2435 1273 2460 1777 2485 2773 2498" 
                    HPOS="437"
                    VPOS="2389"
                    WIDTH="2334"
                    HEIGHT="145">
            <Shape><Polygon POINTS="440 2432 437 2474 483 2495 486 2495 490 2495 874 2488 2038 2534 2041 2534 2764 2530 2771 2495 2771 2460 440 2389 440 2432"/></Shape>
	    <String CONTENT="ר&#39; יוסה בר חנינא אמ&#39; להן מה באתם לכאן לעשות עבודה זרה שלי צדו ר&#39; יוחנן אמ&#39; תרתיין ר&#39;"
                    HPOS="437"
                    VPOS="2389"
                    WIDTH="2334"
                    HEIGHT="145"></String>
          </TextLine>

          
          
          <TextLine ID="eSc_line_1633065"
                    
                    BASELINE="444 2506 588 2516 881 2516 1177 2527 1421 2527 1646 2541 1812 2541 2020 2552 2772 2570" 
                    HPOS="437"
                    VPOS="2460"
                    WIDTH="2334"
                    HEIGHT="144">
            <Shape><Polygon POINTS="440 2502 437 2545 454 2559 458 2559 461 2559 465 2559 828 2552 1015 2573 1019 2573 1022 2573 1079 2559 1096 2573 1096 2576 1100 2576 1103 2576 1107 2576 1456 2569 1999 2601 2003 2601 2006 2601 2062 2587 2122 2604 2126 2604 2130 2604 2764 2601 2771 2569 2768 2527 440 2460 440 2502"/></Shape>
	    <String CONTENT="יהודה בר סימון א&#39; תרתיין ר&#39; שמעון בן נחמן אמ&#39; תרתיין ורבנין אמ&#39; חדה ר&#39; יוחנן א&#39; תרתיין"
                    HPOS="437"
                    VPOS="2460"
                    WIDTH="2334"
                    HEIGHT="144"></String>
          </TextLine>

          
          
          <TextLine ID="eSc_line_1633063"
                    
                    BASELINE="458 2590 712 2583 1234 2601 1477 2597 1682 2612 1911 2615 2084 2629 2369 2629 2595 2636 2771 2629" 
                    HPOS="451"
                    VPOS="2527"
                    WIDTH="2317"
                    HEIGHT="144">
            <Shape><Polygon POINTS="454 2587 451 2622 2761 2671 2768 2626 2761 2573 2221 2580 1509 2559 528 2527 525 2527 521 2527 454 2545 454 2587"/></Shape>
	    <String CONTENT="ר&#39; יוחנן אמ&#39; להן עיקרה שלעבודה זרה לא משלכם היית לא כן כת&#39; ופסיליהם מירושלם [ומ&#39;]"
                    HPOS="451"
                    VPOS="2527"
                    WIDTH="2317"
                    HEIGHT="144"></String>
          </TextLine>

          
          
          <TextLine ID="eSc_line_1633064"
                    
                    BASELINE="409 2647 567 2657 878 2654 1107 2671 1392 2668 1671 2686 1791 2686 1918 2696 2211 2700 2408 2710 2770 2710" 
                    HPOS="402"
                    VPOS="2594"
                    WIDTH="2366"
                    HEIGHT="151">
            <Shape><Polygon POINTS="405 2643 402 2686 2761 2745 2768 2707 2768 2664 1833 2647 1713 2633 1590 2619 1586 2619 1583 2619 1579 2619 1569 2626 1551 2636 1481 2626 1421 2615 1417 2615 1149 2615 603 2615 405 2594 405 2643"/></Shape>
	    <String CONTENT="ומשמרון וכאן באתם לעשות עבודה זרה שלי צדן ר&#39; יוחנן א&#39; חורי א&#39; להן כשהייתם בארצכם"
                    HPOS="402"
                    VPOS="2594"
                    WIDTH="2366"
                    HEIGHT="151"></String>
          </TextLine>

          
          
          <TextLine ID="eSc_line_1633054"
                    
                    BASELINE="426 2714 1072 2724 1830 2753 2052 2767 2380 2770 2510 2777 2770 2777" 
                    HPOS="419"
                    VPOS="2675"
                    WIDTH="2349"
                    HEIGHT="148">
            <Shape><Polygon POINTS="423 2710 419 2756 2761 2823 2768 2774 2768 2738 423 2675 423 2710"/></Shape>
	    <String CONTENT="הייתן שולחין אצלינו ולוקחין טופרין שלעבודה זרה וחוקקין אותה בשיש לקיים מה שכת&#39;"
                    HPOS="419"
                    VPOS="2675"
                    WIDTH="2349"
                    HEIGHT="148"></String>
          </TextLine>

          
          
          <TextLine ID="eSc_line_1633034"
                    
                    BASELINE="412 2784 652 2781 853 2791 1685 2805 2006 2823 2175 2823 2461 2837 2765 2844" 
                    HPOS="405"
                    VPOS="2735"
                    WIDTH="2359"
                    HEIGHT="148">
            <Shape><Polygon POINTS="409 2781 405 2816 2754 2883 2764 2841 2764 2798 1047 2742 1043 2742 916 2756 899 2756 874 2753 737 2735 733 2735 409 2742 409 2781"/></Shape>
	    <String CONTENT="צלמי כשדים חקוקים בששר ובאתן באתן וגו&#39; ˙ ר&#39; יהודה בר סימון אמ&#39; תרתיין ר&#39; יהודה"
                    HPOS="405"
                    VPOS="2735"
                    WIDTH="2359"
                    HEIGHT="148"></String>
          </TextLine>

          
          
          <TextLine ID="eSc_line_1633042"
                    
                    BASELINE="402 2855 497 2851 1181 2869 1484 2869 1985 2897 2415 2908 2623 2912 2710 2921 2765 2924" 
                    HPOS="394"
                    VPOS="2795"
                    WIDTH="2370"
                    HEIGHT="155">
            <Shape><Polygon POINTS="2761 2876 2415 2844 2412 2844 2221 2858 1957 2830 1953 2830 1861 2848 1791 2827 1787 2827 1784 2827 1297 2830 1248 2809 1244 2809 1241 2809 994 2820 807 2795 804 2795 800 2795 722 2812 398 2805 398 2851 394 2886 2754 2950 2764 2922 2764 2894 2761 2876"/></Shape>
	    <String CONTENT="בר סימון א&#39; להן כשהייתן בארצכם הייתן נעשין פו[ק](ס)קיות פוסק(י)ות לעבודה זרה הכמה דאת"
                    HPOS="394"
                    VPOS="2795"
                    WIDTH="2370"
                    HEIGHT="155"></String>
          </TextLine>

          
          
          <TextLine ID="eSc_line_1633043"
                    
                    BASELINE="454 2929 610 2922 814 2922 1100 2936 1287 2936 1629 2950 1964 2971 2503 2982 2755 2991" 
                    HPOS="447"
                    VPOS="2872"
                    WIDTH="2307"
                    HEIGHT="163">
            <Shape><Polygon POINTS="451 2925 447 2957 2743 3035 2754 2989 2754 2936 451 2872 451 2925"/></Shape>
	    <String CONTENT="אמ&#39; ותתעבי את יפיך ותפסקי את רגליך לכל עובר וכאן באתן וגו&#39; ר&#39; יהודה בר סימון א&#39; []"
                    HPOS="447"
                    VPOS="2872"
                    WIDTH="2307"
                    HEIGHT="163"></String>
          </TextLine>

          
          
          <TextLine ID="eSc_line_1633027"
                    
                    BASELINE="454 2989 1093 3006 1385 3020 1629 3024 1787 3035 1960 3035 2415 3056 2755 3063" 
                    HPOS="447"
                    VPOS="2936"
                    WIDTH="2307"
                    HEIGHT="169">
            <Shape><Polygon POINTS="451 2985 447 3020 2743 3105 2754 3059 2754 3017 451 2936 451 2985"/></Shape>
	    <String CONTENT="חורי ר&#39; יהודה בר סימון אמ&#39; א&#39; להן כשהייתן בארצכם הייתן נעשין הומוניות הומניות"
                    HPOS="447"
                    VPOS="2936"
                    WIDTH="2307"
                    HEIGHT="169"></String>
          </TextLine>

          
          
          <TextLine ID="eSc_line_1633036"
                    
                    BASELINE="359 3066 511 3063 1022 3073 1706 3105 2003 3109 2383 3123 2755 3126" 
                    HPOS="352"
                    VPOS="3013"
                    WIDTH="2402"
                    HEIGHT="163">
            <Shape><Polygon POINTS="356 3063 352 3098 1541 3126 1569 3133 1710 3151 1713 3151 1802 3137 1819 3137 1840 3140 1939 3158 1943 3158 2232 3151 2242 3151 2253 3151 2517 3176 2521 3176 2747 3161 2754 3123 2754 3087 2715 3070 2711 3070 1953 3066 1481 3031 1477 3031 1368 3045 899 3013 895 3013 363 3013 356 3063"/></Shape>
	    <String CONTENT="לעבודה זרה ה&#39; ה&#39; דכ&#39; וקול המון שליו בה ואל אנשים מרוב אדם מובאים סבאים מובאים"
                    HPOS="352"
                    VPOS="3013"
                    WIDTH="2402"
                    HEIGHT="163"></String>
          </TextLine>

          
          
          <TextLine ID="eSc_line_1633017"
                    
                    BASELINE="426 3137 945 3137 1833 3176 2122 3176 2539 3193 2755 3193" 
                    HPOS="419"
                    VPOS="3084"
                    WIDTH="2335"
                    HEIGHT="144">
            <Shape><Polygon POINTS="423 3133 419 3172 2747 3228 2754 3190 2754 3158 913 3084 909 3084 423 3084 423 3133"/></Shape>
	    <String CONTENT="קטיסין מביאם רווין ויתנו צמידים על ידיה ר&#39; יהודה בר סימון א&#39; קדישין הכמה דאת"
                    HPOS="419"
                    VPOS="3084"
                    WIDTH="2335"
                    HEIGHT="144"></String>
          </TextLine>

          
          
          <TextLine ID="eSc_line_1633028"
                    
                    BASELINE="423 3193 578 3190 1100 3207 1269 3207 1463 3214 1735 3235 2027 3246 2348 3250 2517 3260 2755 3253" 
                    HPOS="416"
                    VPOS="3151"
                    WIDTH="2338"
                    HEIGHT="141">
            <Shape><Polygon POINTS="419 3190 416 3225 2747 3292 2754 3250 2754 3204 419 3151 419 3190"/></Shape>
	    <String CONTENT="אמ&#39; ואומר לבלה ניאופים מהו לבלה תרגם עקילס פיליא פורני דהוא מבלה גיאריה"
                    HPOS="416"
                    VPOS="3151"
                    WIDTH="2338"
                    HEIGHT="141"></String>
          </TextLine>

          
          
          <TextLine ID="eSc_line_1633035"
                    
                    BASELINE="423 3267 631 3260 1036 3264 1163 3274 1488 3281 1872 3306 2472 3320 2750 3313" 
                    HPOS="416"
                    VPOS="3207"
                    WIDTH="2331"
                    HEIGHT="152">
            <Shape><Polygon POINTS="419 3264 416 3306 2740 3359 2747 3309 2747 3278 938 3214 458 3207 454 3207 451 3207 419 3221 419 3264"/></Shape>
	    <String CONTENT="א&#39; ר&#39; יהודה בר ר&#39; סימון אין לשון הזה לבלה אלא לשון עבודה זרה הכמה דאת אמ&#39; ופקדתי"
                    HPOS="416"
                    VPOS="3207"
                    WIDTH="2331"
                    HEIGHT="152"></String>
          </TextLine>

          
          
          <TextLine ID="eSc_line_1633039"
                    
                    BASELINE="440 3324 1026 3334 2394 3391 2755 3391" 
                    HPOS="433"
                    VPOS="3274"
                    WIDTH="2321"
                    HEIGHT="169">
            <Shape><Polygon POINTS="437 3320 433 3355 1572 3408 1576 3408 1812 3401 1854 3401 1861 3401 1886 3419 1890 3419 1893 3419 1897 3419 1900 3419 1943 3405 1950 3405 1971 3405 2158 3429 2161 3429 2165 3429 2225 3415 2228 3415 2239 3415 2553 3443 2556 3443 2750 3429 2754 3387 2750 3359 1438 3295 1435 3295 1431 3295 1378 3309 1371 3309 1364 3309 1269 3288 1266 3288 1188 3302 1181 3302 1160 3285 1156 3285 1153 3285 871 3274 867 3274 437 3274 437 3320"/></Shape>
	    <String CONTENT="על בל בבבל ובאתן באתן וגו&#39; ˙ ר&#39; שמעון בן נחמן אמ&#39; תרתיין ר&#39; שמע&#39; בן נח&#39; אמ&#39; אמ&#39;"
                    HPOS="433"
                    VPOS="3274"
                    WIDTH="2321"
                    HEIGHT="169"></String>
          </TextLine>

          
          
          <TextLine ID="eSc_line_1633037"
                    
                    BASELINE="451 3387 962 3405 1093 3415 1294 3419 1424 3429 1551 3429 2052 3454 2503 3461 2743 3454" 
                    HPOS="444"
                    VPOS="3338"
                    WIDTH="2296"
                    HEIGHT="176">
            <Shape><Polygon POINTS="447 3383 444 3443 885 3443 1050 3458 1149 3468 1153 3468 1156 3468 1181 3461 1220 3454 1593 3472 2175 3500 2179 3500 2479 3493 2500 3493 2510 3493 2644 3514 2648 3514 2736 3496 2740 3450 2736 3405 2620 3422 2313 3415 2256 3394 2246 3391 2242 3391 2239 3391 2235 3391 2221 3394 2161 3408 1950 3387 1858 3380 1854 3380 1798 3383 1706 3394 1692 3383 1685 3376 1685 3373 1682 3373 1678 3373 1675 3373 1632 3380 1586 3391 1530 3380 1456 3366 1452 3366 1389 3376 1354 3383 1311 3376 1234 3359 536 3359 493 3338 490 3338 486 3338 483 3338 447 3355 447 3383"/></Shape>
	    <String CONTENT="להן עבודה זרה שלכן שלכסף ושלזהב היית הכמה דאת אמ&#39; כספם וזהבם עשו להם עצ&#39;"
                    HPOS="444"
                    VPOS="3338"
                    WIDTH="2296"
                    HEIGHT="176"></String>
          </TextLine>

          
          
          <TextLine ID="eSc_line_1633040"
                    
                    BASELINE="405 3472 775 3472 1181 3486 1407 3503 1572 3503 1939 3521 2281 3532 2658 3528 2755 3534" 
                    HPOS="398"
                    VPOS="3429"
                    WIDTH="2356"
                    HEIGHT="134">
            <Shape><Polygon POINTS="402 3468 398 3507 2743 3563 2754 3532 2754 3472 402 3429 402 3468"/></Shape>
	    <String CONTENT="אבל עבודה שלי אולוכריסון דהב נקי הה&#39;ד נבוכדנצר מלכא עבד צלם די דהב טב וכאן"
                    HPOS="398"
                    VPOS="3429"
                    WIDTH="2356"
                    HEIGHT="134"></String>
          </TextLine>

          
          
          <TextLine ID="eSc_line_1633038"
                    
                    BASELINE="412 3542 796 3542 1050 3549 2055 3591 2755 3599" 
                    HPOS="405"
                    VPOS="3500"
                    WIDTH="2349"
                    HEIGHT="155">
            <Shape><Polygon POINTS="409 3539 405 3577 2133 3641 2137 3641 2454 3634 2627 3655 2630 3655 2747 3637 2754 3595 2754 3567 2637 3567 2634 3563 2609 3542 2606 3542 2602 3542 2599 3542 2595 3542 2549 3560 2546 3560 2500 3539 2496 3539 2493 3539 1872 3539 1777 3539 1773 3539 1752 3517 1749 3517 1745 3517 1650 3514 1646 3514 1354 3524 1329 3524 1315 3524 1156 3500 409 3500 409 3539"/></Shape>
	    <String CONTENT="באתן וגו&#39; ר&#39; שמואל בן נח&#39; אמ&#39; חורי א&#39; להן לא כתב לכם משה בתורה ועבדתם שם ﭏהים"
                    HPOS="405"
                    VPOS="3500"
                    WIDTH="2349"
                    HEIGHT="155"></String>
          </TextLine>

          
          
          <TextLine ID="eSc_line_1633018"
                    
                    BASELINE="391 3609 966 3616 1724 3644 2041 3662 2405 3673 2740 3666" 
                    HPOS="384"
                    VPOS="3560"
                    WIDTH="2352"
                    HEIGHT="151">
            <Shape><Polygon POINTS="387 3606 384 3644 2729 3711 2736 3665 2736 3637 768 3560 765 3560 387 3570 387 3606"/></Shape>
	    <String CONTENT="מעשה ידי אדם עץ ואבן אמרו ליה מרי מלכא לא למיסגד אלא למיפלח בפיסים ובאטניות"
                    HPOS="384"
                    VPOS="3560"
                    WIDTH="2352"
                    HEIGHT="151"></String>
          </TextLine>

          
          
          <TextLine ID="eSc_line_1633041"
                    
                    BASELINE="370 3676 705 3687 828 3683 1438 3711 2038 3729 2755 3729" 
                    HPOS="363"
                    VPOS="3627"
                    WIDTH="2391"
                    HEIGHT="183">
            <Shape><Polygon POINTS="366 3673 363 3725 567 3764 571 3764 574 3764 578 3764 624 3736 627 3736 705 3736 863 3747 1121 3761 1124 3761 1128 3761 1149 3754 1181 3747 1251 3757 1382 3782 1385 3782 1526 3768 1579 3764 1597 3771 1632 3785 1636 3785 1639 3785 1703 3775 1742 3768 1752 3775 1766 3789 1770 3789 1773 3789 1893 3792 1897 3792 1900 3792 1928 3782 1967 3771 2154 3789 2246 3799 2249 3799 2253 3799 2256 3799 2264 3796 2292 3775 2331 3796 2345 3803 2348 3803 2486 3806 2489 3806 2493 3806 2496 3806 2500 3803 2521 3785 2747 3810 2754 3725 2754 3694 1809 3680 1784 3673 1699 3655 1696 3655 1692 3655 1689 3655 1671 3669 1668 3673 1660 3669 1622 3655 1618 3655 1615 3655 1558 3669 1548 3669 1541 3665 1491 3648 1488 3648 1484 3648 1385 3662 1368 3665 1364 3662 1336 3644 1333 3644 1329 3644 1174 3641 1170 3641 1079 3658 1072 3658 1068 3658 1050 3641 1047 3641 1043 3641 546 3627 543 3627 366 3641 366 3673"/></Shape>
	    <String CONTENT="ובזימיות ובגולגליות דא&#39; ר&#39; שמואל בר נחמן תמן קריין למלכייא אלהייא וכאן באתן לעשות"
                    HPOS="363"
                    VPOS="3627"
                    WIDTH="2391"
                    HEIGHT="183"></String>
          </TextLine>

          
        </TextBlock>
        
        <TextBlock HPOS="402.0"
                   VPOS="3722.0"
                   WIDTH="870.0"
                   HEIGHT="263.0"
                   ID="eSc_textblock_18262"
                   TAGREFS="BT853">
          <Shape><Polygon POINTS="1244 3722 402 3722 402 3817 405 3817 405 3881 433 3881 433 3888 426 3888 409 3985 1272 3971 1269 3888 1262 3888 1262 3845 1258 3845 1258 3789 1244 3789"/></Shape>
          
          
          <TextLine ID="eSc_line_1987584"
                    
                    BASELINE="405 3781 1245 3788" 
                    HPOS="398"
                    VPOS="3722"
                    WIDTH="846"
                    HEIGHT="92">
            <Shape><Polygon POINTS="1216 3732 1184 3722 1177 3722 1142 3722 1107 3743 1026 3743 1001 3743 1001 3740 976 3722 966 3722 930 3722 895 3722 860 3722 825 3722 789 3722 768 3722 747 3729 694 3722 684 3722 648 3722 613 3722 588 3722 567 3736 511 3722 507 3722 472 3722 451 3722 430 3729 402 3778 398 3814 1237 3814 1244 3785 1241 3778 1216 3732"/></Shape>
	    <String CONTENT=""
                    HPOS="398"
                    VPOS="3722"
                    WIDTH="846"
                    HEIGHT="92"></String>
          </TextLine>

          
          
          <TextLine ID="eSc_line_1987585"
                    
                    BASELINE="406 3837 1260 3840" 
                    HPOS="402"
                    VPOS="3806"
                    WIDTH="856"
                    HEIGHT="64">
            <Shape><Polygon POINTS="1230 3806 423 3806 405 3835 402 3870 1146 3870 1177 3870 1213 3870 1248 3870 1248 3870 1258 3838 1251 3835 1230 3806"/></Shape>
	    <String CONTENT=""
                    HPOS="402"
                    VPOS="3806"
                    WIDTH="856"
                    HEIGHT="64"></String>
          </TextLine>

          
          
          <TextLine ID="eSc_line_1987586"
                    
                    BASELINE="435 3905 1263 3876" 
                    HPOS="430"
                    VPOS="3842"
                    WIDTH="832"
                    HEIGHT="91">
            <Shape><Polygon POINTS="430 3881 433 3902 433 3933 1195 3916 1209 3916 1244 3916 1258 3916 1262 3873 1241 3842 444 3859 430 3881"/></Shape>
	    <String CONTENT=""
                    HPOS="430"
                    VPOS="3842"
                    WIDTH="832"
                    HEIGHT="91"></String>
          </TextLine>

          
          
          <TextLine ID="eSc_line_1987587"
                    
                    BASELINE="427 3954 1272 3922" 
                    HPOS="423"
                    VPOS="3888"
                    WIDTH="846"
                    HEIGHT="134">
            <Shape><Polygon POINTS="426 3951 426 4004 465 4022 469 4022 472 4022 476 4022 539 4000 560 3993 800 3986 867 4004 934 4022 938 4022 941 4022 1269 4004 1269 3919 1262 3888 423 3916 426 3951"/></Shape>
	    <String CONTENT=""
                    HPOS="423"
                    VPOS="3888"
                    WIDTH="846"
                    HEIGHT="134"></String>
          </TextLine>

          
        </TextBlock>
        

        
      </PrintSpace>
    </Page>
  </Layout>
</alto>
