<?xml version="1.0" encoding="UTF-8"?>
<alto xmlns:xsi="http://www.w3.org/2001/XMLSchema-instance"
      xmlns="http://www.loc.gov/standards/alto/ns-v4#"
      xsi:schemaLocation="http://www.loc.gov/standards/alto/ns-v4# http://www.loc.gov/standards/alto/v4/alto-4-2.xsd">
  <Description>
    <MeasurementUnit>pixel</MeasurementUnit>
    <sourceImageInformation>
      <fileName>Vat.ebr.32_0157_fa_0076r.jpg</fileName>
      
    </sourceImageInformation>
  </Description>
  
  <Tags>
    <OtherTag ID="BT1" LABEL="Title" DESCRIPTION="block type Title"/><OtherTag ID="BT2" LABEL="Main" DESCRIPTION="block type Main"/><OtherTag ID="BT3" LABEL="Commentary" DESCRIPTION="block type Commentary"/><OtherTag ID="BT4" LABEL="Illustration" DESCRIPTION="block type Illustration"/><OtherTag ID="BT853" LABEL="Margin" DESCRIPTION="block type Margin"/><OtherTag ID="BT854" LABEL="Paratext" DESCRIPTION="block type Paratext"/>
    <OtherTag ID="LT2" LABEL="Numbering" DESCRIPTION="line type Numbering"/><OtherTag ID="LT3" LABEL="Correction" DESCRIPTION="line type Correction"/>
  </Tags>
  
  <Layout>
    <Page WIDTH="3131"
          HEIGHT="4230"
          PHYSICAL_IMG_NR="150"
          ID="eSc_dummypage_">
      <PrintSpace HPOS="0"
                  VPOS="0"
                  WIDTH="3131"
                  HEIGHT="4230">
        
        <TextBlock HPOS="435.0"
                   VPOS="380.0"
                   WIDTH="2255.0"
                   HEIGHT="3399.0"
                   ID="eSc_textblock_16830"
                   TAGREFS="BT2">
          <Shape><Polygon POINTS="435 461 2650 380 2690 2561 2667 3709 458 3779"/></Shape>
          
          
          <TextLine ID="eSc_line_1637475"
                    
                    BASELINE="430 535 666 528 951 528 1985 489 2675 473" 
                    HPOS="426"
                    VPOS="394"
                    WIDTH="2246"
                    HEIGHT="187">
            <Shape><Polygon POINTS="2644 422 2619 394 2390 405 2387 405 2383 405 2383 408 2355 430 2270 408 2260 408 2256 408 2253 408 2242 412 2140 437 2090 415 2076 412 2073 412 2069 412 2066 412 2062 412 2055 419 2020 444 1911 444 1773 430 1685 422 1681 422 1678 422 1621 437 1551 454 1473 444 1403 433 1399 433 1396 433 1392 433 1375 447 1360 461 1265 461 1255 454 1230 437 1227 437 1223 437 1219 437 1216 437 1212 437 1212 440 1195 454 1188 465 1167 458 1149 451 1145 451 1142 451 1138 451 1121 458 1093 472 669 479 659 479 585 458 581 458 578 458 574 458 521 482 514 489 426 489 426 532 426 578 994 581 997 581 1706 542 1710 542 1713 542 2376 542 2376 539 2379 539 2383 539 2383 535 2387 535 2397 521 2609 532 2612 532 2616 532 2672 511 2672 472 2665 394 2644 394 2644 422"/></Shape>
	    <String CONTENT="למה נא&#39; לפי שהוא או&#39; שק או שק ˙ אין לי אלא שק מנ&#39; לעשות כל מעשה עזים כשק אמרת קל וחומ&#39;"
                    HPOS="426"
                    VPOS="394"
                    WIDTH="2246"
                    HEIGHT="187"></String>
          </TextLine>

          
          
          <TextLine ID="eSc_line_1637476"
                    
                    BASELINE="440 616 553 609 818 609 1015 599 1322 599 1583 581 1872 581 1992 571 2256 567 2376 556 2510 553 2675 559" 
                    HPOS="433"
                    VPOS="511"
                    WIDTH="2239"
                    HEIGHT="151">
            <Shape><Polygon POINTS="437 613 437 645 606 662 609 662 839 641 951 655 955 655 2665 606 2672 556 2669 521 2186 511 2182 511 1844 525 1840 525 1836 525 1819 539 1812 542 1784 539 1674 521 1671 521 1667 521 1628 539 1272 532 1269 532 1265 532 1262 532 1237 549 1234 553 1219 553 1124 539 1121 539 983 556 948 560 930 556 860 542 856 542 853 542 810 560 789 539 786 539 782 539 779 539 775 539 772 539 743 564 740 567 433 567 437 613"/></Shape>
	    <String CONTENT="הוא מה המת חמור עשה בו כל מעשה עזים כשק שרץ הקל אינו דין שנעשה בו כל מעשה עזים"
                    HPOS="433"
                    VPOS="511"
                    WIDTH="2239"
                    HEIGHT="151"></String>
          </TextLine>

          
          
          <TextLine ID="eSc_line_1637477"
                    
                    BASELINE="451 697 937 694 1590 669 1741 669 1992 652 2150 652 2351 638 2675 641" 
                    HPOS="444"
                    VPOS="581"
                    WIDTH="2228"
                    HEIGHT="159">
            <Shape><Polygon POINTS="447 694 447 740 1234 740 1234 736 1329 715 1385 733 1389 733 1392 733 1505 712 1593 726 1597 726 1600 726 1604 726 1604 722 1621 708 1794 722 1798 722 1970 701 2013 715 2016 715 2020 715 2023 715 2069 694 2073 694 2133 712 2136 712 2140 712 2143 712 2147 712 2147 708 2164 690 2535 683 2556 701 2559 701 2563 701 2566 701 2669 676 2672 638 2669 599 2475 581 2471 581 2066 592 2062 592 2059 592 2059 595 2037 613 1932 595 1928 595 444 652 447 694"/></Shape>
	    <String CONTENT="כשק ˙ אמרת כך דנין מן החמור להקל להחמיר עליו אין ת&#39;ל&#39; בגד במת שכבר קל וחו&#39; הוא מה שרץ"
                    HPOS="444"
                    VPOS="581"
                    WIDTH="2228"
                    HEIGHT="159"></String>
          </TextLine>

          
          
          <TextLine ID="eSc_line_1637478"
                    
                    BASELINE="454 775 687 782 916 768 1223 768 1526 754 1773 750 2112 729 2450 719 2588 719 2675 726" 
                    HPOS="447"
                    VPOS="669"
                    WIDTH="2225"
                    HEIGHT="152">
            <Shape><Polygon POINTS="451 771 451 821 2669 771 2672 722 2669 680 2238 669 2235 669 2013 690 1886 680 1882 680 1879 680 1875 680 1844 701 1840 705 1533 708 1530 708 1470 690 1466 690 1463 690 1459 690 1456 690 1431 712 1427 712 1346 694 1343 694 1339 694 1336 694 1308 715 1304 719 955 726 944 726 867 708 863 708 715 729 698 733 684 733 578 715 574 715 447 736 451 771"/></Shape>
	    <String CONTENT="הקל עשה את הבגד כשק מת חמור דין הוא שנעשה בו את הבגד כשק מה ת&#39;ל&#39; בגד כמת אלא"
                    HPOS="447"
                    VPOS="669"
                    WIDTH="2225"
                    HEIGHT="152"></String>
          </TextLine>

          
          
          <TextLine ID="eSc_line_1637479"
                    
                    BASELINE="447 853 553 860 835 849 1082 849 1353 835 1509 838 1681 828 2041 817 2115 810 2228 810 2675 790" 
                    HPOS="440"
                    VPOS="733"
                    WIDTH="2232"
                    HEIGHT="190">
            <Shape><Polygon POINTS="444 849 444 902 511 902 514 902 535 923 539 923 542 923 546 923 694 898 698 898 701 898 747 916 751 916 754 916 758 916 761 916 786 895 793 891 839 895 1001 909 1004 909 1093 888 1135 881 1251 884 1452 895 1456 895 1459 895 1463 895 1484 881 1502 870 1554 877 1607 888 1611 888 1614 888 1639 877 1664 867 1784 874 1903 881 1907 881 1911 881 1914 881 1928 870 1949 856 1974 870 1992 877 1995 877 1999 877 2002 877 2020 870 2041 860 2288 863 2408 863 2411 863 2415 863 2429 860 2492 838 2665 853 2672 789 2665 733 1227 793 1018 782 1015 782 1011 782 1008 782 1008 786 1004 786 994 803 772 807 440 800 444 849"/></Shape>
	    <String CONTENT="מופנה להקיש גזירה שוה נאמ&#39; כן בגד ונא&#39; להלן בגד ˙ מה בגד האמור להלן עשה בו כל מעש&#39; עזים"
                    HPOS="440"
                    VPOS="733"
                    WIDTH="2232"
                    HEIGHT="190"></String>
          </TextLine>

          
          
          <TextLine ID="eSc_line_1637480"
                    
                    BASELINE="497 941 1526 923 1794 905 2168 909 2330 895 2602 891 2675 884" 
                    HPOS="490"
                    VPOS="856"
                    WIDTH="2182"
                    HEIGHT="138">
            <Shape><Polygon POINTS="493 937 493 994 680 990 684 990 687 990 687 986 691 986 701 972 983 983 1061 983 1064 983 1068 983 1078 979 1110 965 1322 972 1445 976 1449 976 1452 976 1477 969 1509 958 1794 958 2214 962 2217 962 2669 934 2672 881 2665 856 490 881 493 937"/></Shape>
	    <String CONTENT="כשק ˙ אף בגד האמור כן נעשה בו כל מעשה עזים כשק ˙ מה כן טוי וארוג ˙ אף להלן טוי וארוג"
                    HPOS="490"
                    VPOS="856"
                    WIDTH="2182"
                    HEIGHT="138"></String>
          </TextLine>

          
          
          <TextLine ID="eSc_line_1637481"
                    
                    BASELINE="444 1015 885 1022 1315 1004 1431 1008 1791 994 2140 994 2408 976 2573 979 2675 970" 
                    HPOS="437"
                    VPOS="923"
                    WIDTH="2235"
                    HEIGHT="152">
            <Shape><Polygon POINTS="440 1011 440 1057 546 1075 550 1075 1212 1050 1576 1039 2672 1039 2672 969 2669 941 2524 923 2521 923 2157 948 2136 948 2126 948 1967 934 1963 934 1960 934 1956 934 1928 951 1921 951 1784 937 1780 937 437 976 440 1011"/></Shape>
	    <String CONTENT="להביא את פסיקיא ופונדא וחבק שלחמור שהן טוי וארוג יצאו פתילות וחבלים שאינן טוי וארוג [/]"
                    HPOS="437"
                    VPOS="923"
                    WIDTH="2235"
                    HEIGHT="152"></String>
          </TextLine>

          
          
          <TextLine ID="eSc_line_1637482"
                    
                    BASELINE="483 1096 673 1106 1103 1089 1364 1089 1526 1078 1928 1075 2288 1078 2552 1064 2675 1064" 
                    HPOS="475"
                    VPOS="1004"
                    WIDTH="2197"
                    HEIGHT="152">
            <Shape><Polygon POINTS="479 1092 479 1156 708 1138 870 1152 899 1152 902 1152 927 1149 1033 1135 1368 1138 1561 1142 1565 1142 1569 1142 1572 1142 1579 1135 1597 1124 1657 1131 1703 1138 1706 1138 1710 1138 1741 1131 1787 1120 1967 1124 2196 1131 2200 1131 2669 1106 2672 1061 2669 1022 2457 1004 2454 1004 2341 1025 2334 1025 2284 1025 1614 1018 1611 1018 1607 1018 1565 1039 1561 1043 1403 1043 1403 1039 1353 1022 1350 1022 1346 1022 1156 1043 1124 1046 1103 1046 948 1029 944 1029 941 1029 899 1050 895 1053 606 1053 602 1053 585 1036 581 1036 578 1036 574 1036 475 1053 479 1092"/></Shape>
	    <String CONTENT="ויאמר אלעזר הכהן ˙ משה רבי לפי שבא לכלל כעס ובא לכלל טעות ˙ ר&#39; אלעזר בן עזריה או&#39; בג&#39;"
                    HPOS="475"
                    VPOS="1004"
                    WIDTH="2197"
                    HEIGHT="152"></String>
          </TextLine>

          
          
          <TextLine ID="eSc_line_1637483"
                    
                    BASELINE="440 1184 779 1191 1036 1177 1234 1177 1618 1159 2041 1163 2439 1152 2528 1145 2644 1152 2675 1162" 
                    HPOS="433"
                    VPOS="1096"
                    WIDTH="2239"
                    HEIGHT="127">
            <Shape><Polygon POINTS="437 1180 437 1223 2658 1194 2672 1159 2669 1110 2193 1096 2189 1096 433 1135 437 1180"/></Shape>
	    <String CONTENT="מקומות בא משה לכלל כעס ובא לכלל טעות ˙ כיוצא בו את&#39; או&#39; ויקצוף על אלעזר ˙ מהו או&#39; מדוע לא"
                    HPOS="433"
                    VPOS="1096"
                    WIDTH="2239"
                    HEIGHT="127"></String>
          </TextLine>

          
          
          <TextLine ID="eSc_line_1637484"
                    
                    BASELINE="412 1265 676 1276 1230 1258 1385 1261 1935 1244 2418 1244 2595 1233 2675 1233" 
                    HPOS="405"
                    VPOS="1170"
                    WIDTH="2267"
                    HEIGHT="155">
            <Shape><Polygon POINTS="409 1261 409 1325 2669 1272 2672 1230 2669 1191 2510 1170 2506 1170 2302 1194 2298 1194 2136 1177 2133 1177 2129 1177 2126 1177 2101 1198 2097 1198 1784 1184 1780 1184 1360 1212 1339 1212 1332 1212 1223 1194 1219 1194 1216 1194 1156 1216 1152 1216 1149 1216 1040 1198 1036 1198 927 1219 920 1219 899 1219 461 1209 458 1209 454 1209 405 1226 409 1261"/></Shape>
	    <String CONTENT="אכלתם ˙ כיו&#39; בו אתה או&#39; ויאמר להן שמעו נא המרים ˙ משה רבי לפי שבא לכלל כעס משה ˙ אתה אומ&#39;"
                    HPOS="405"
                    VPOS="1170"
                    WIDTH="2267"
                    HEIGHT="155"></String>
          </TextLine>

          
          
          <TextLine ID="eSc_line_1637485"
                    
                    BASELINE="370 1350 521 1343 1068 1346 1551 1328 2154 1328 2415 1314 2675 1317" 
                    HPOS="363"
                    VPOS="1261"
                    WIDTH="2309"
                    HEIGHT="134">
            <Shape><Polygon POINTS="366 1346 366 1395 2665 1360 2672 1314 2669 1279 2499 1261 2496 1261 363 1297 366 1346"/></Shape>
	    <String CONTENT="ויקצוף על פקודי החיל מהו או&#39; ויאמר אלעזר הכהן ˙ רבי משה לפי שבא לכלל כעס ובא לכלל טעות"
                    HPOS="363"
                    VPOS="1261"
                    WIDTH="2309"
                    HEIGHT="134"></String>
          </TextLine>

          
          
          <TextLine ID="eSc_line_1637486"
                    
                    BASELINE="401 1424 1054 1431 1547 1413 1745 1417 2037 1399 2334 1402 2675 1387" 
                    HPOS="394"
                    VPOS="1346"
                    WIDTH="2278"
                    HEIGHT="138">
            <Shape><Polygon POINTS="398 1420 398 1462 490 1484 493 1484 673 1462 676 1462 955 1480 959 1480 1107 1459 1223 1476 1227 1476 1353 1459 2080 1466 2083 1466 2323 1445 2351 1462 2355 1462 2358 1462 2362 1462 2365 1462 2429 1441 2436 1441 2672 1441 2672 1385 2665 1350 2284 1364 2224 1357 2161 1346 2157 1346 2154 1346 2119 1357 2087 1367 1995 1360 1879 1350 1875 1350 1791 1364 1738 1371 1703 1364 1650 1353 1646 1353 1554 1367 1498 1374 1420 1371 1251 1357 1248 1357 1170 1374 1145 1378 1117 1374 1026 1360 1022 1360 1018 1360 973 1378 959 1381 944 1378 895 1364 892 1364 888 1364 719 1381 673 1385 638 1381 479 1367 475 1367 394 1385 398 1420"/></Shape>
	    <String CONTENT="ויש אומ&#39; משה נתן לו רשות לאלעזר לדבר שכשיפטר מן העו&#39; לא יהו אומ&#39; לו אם בחיה רבך לא"
                    HPOS="394"
                    VPOS="1346"
                    WIDTH="2278"
                    HEIGHT="138"></String>
          </TextLine>

          
          
          <TextLine ID="eSc_line_1637487"
                    
                    BASELINE="451 1515 962 1508 1241 1498 1357 1501 1829 1480 1921 1484 2291 1469 2675 1473" 
                    HPOS="444"
                    VPOS="1413"
                    WIDTH="2228"
                    HEIGHT="155">
            <Shape><Polygon POINTS="447 1512 447 1550 595 1568 599 1568 768 1547 775 1547 796 1547 1368 1550 1371 1550 1505 1533 1533 1529 1554 1529 1632 1543 1636 1543 2665 1508 2672 1469 2665 1427 2365 1431 2323 1413 2320 1413 2316 1413 2312 1413 2270 1434 2267 1438 1847 1445 1844 1445 1787 1427 1784 1427 1780 1427 1494 1452 1424 1434 1420 1434 1417 1434 1413 1434 1336 1455 1075 1441 1071 1441 1068 1441 987 1462 638 1452 634 1452 444 1476 447 1512"/></Shape>
	    <String CONTENT="היית מדבר עכשיו אתה מדבר ˙ ד&#39;א&#39; שיהא או&#39; דבר משום אומרו ˙ שנ&#39; ותאמר אסתר למלך וגומ&#39; [/]"
                    HPOS="444"
                    VPOS="1413"
                    WIDTH="2228"
                    HEIGHT="155"></String>
          </TextLine>

          
          
          <TextLine ID="eSc_line_1637495"
                    
                    BASELINE="454 1579 1050 1586 1202 1579 1921 1568 2312 1554 2571 1554" 
                    HPOS="447"
                    VPOS="1512"
                    WIDTH="2123"
                    HEIGHT="123">
            <Shape><Polygon POINTS="451 1575 451 1614 521 1614 525 1614 553 1635 557 1635 560 1635 564 1635 941 1617 1174 1632 1177 1632 1734 1603 1752 1603 1755 1603 1787 1625 1791 1625 1794 1625 1798 1628 1999 1628 1999 1625 2002 1625 2090 1600 2094 1600 2101 1600 2288 1617 2291 1617 2295 1617 2298 1617 2330 1596 2566 1593 2570 1550 2563 1512 447 1533 451 1575"/></Shape>
	    <String CONTENT="אך את הזהב ואת הכסף ˙ כלים אתה או&#39; גמולים או אינן אלא גמולין הרי את&#39; דן הואיל"
                    HPOS="447"
                    VPOS="1512"
                    WIDTH="2123"
                    HEIGHT="123"></String>
          </TextLine>

          
          
          <TextLine ID="eSc_line_1637496"
                    
                    BASELINE="444 1684 617 1667 983 1667 1315 1653 1487 1656 1949 1639 2238 1639 2323 1632 2499 1632 2640 1621 2672 1614" 
                    HPOS="437"
                    VPOS="1579"
                    WIDTH="2232"
                    HEIGHT="137">
            <Shape><Polygon POINTS="440 1681 440 1716 2669 1667 2669 1610 2662 1579 437 1635 440 1681"/></Shape>
	    <String CONTENT="ומיתי יש&#39; מיטמין והרוגי מדין מיטמין מה מיתי יש&#39; מטמין כלים ולא גלומין ˙ אף הרוגי מדין"
                    HPOS="437"
                    VPOS="1579"
                    WIDTH="2232"
                    HEIGHT="137"></String>
          </TextLine>

          
          
          <TextLine ID="eSc_line_1637488"
                    
                    BASELINE="581 1748 729 1755 1085 1737 1368 1741 1625 1727 1889 1723 2052 1713 2330 1709 2482 1699 2672 1693" 
                    HPOS="574"
                    VPOS="1642"
                    WIDTH="2095"
                    HEIGHT="169">
            <Shape><Polygon POINTS="578 1744 578 1811 997 1790 1209 1801 1241 1801 1244 1801 1248 1801 1251 1801 1290 1783 1484 1794 1512 1794 1516 1794 1533 1794 1653 1773 1992 1780 2016 1780 2020 1780 2030 1780 2200 1758 2408 1769 2418 1769 2422 1769 2425 1769 2464 1751 2662 1762 2669 1691 2665 1649 2471 1642 2468 1642 2464 1642 2461 1642 2443 1653 2429 1663 2397 1656 2355 1646 2351 1646 2348 1646 2260 1660 2193 1670 2179 1663 2164 1653 2161 1653 2157 1653 2154 1653 2150 1653 2147 1653 2129 1663 2119 1670 2069 1667 1985 1656 1981 1656 1978 1656 1921 1670 1893 1677 1868 1670 1829 1660 1826 1660 1822 1660 1819 1660 1815 1660 1794 1674 1784 1681 1762 1674 1717 1663 1713 1663 1710 1663 1706 1663 1643 1677 1618 1684 1597 1681 1544 1667 1540 1667 1537 1667 1424 1684 1378 1691 1332 1688 1219 1677 1216 1677 1212 1677 1209 1677 1209 1681 1195 1691 1191 1695 1184 1691 1121 1677 1117 1677 1114 1677 1110 1677 1107 1677 1107 1681 1089 1695 1085 1702 976 1702 951 1699 846 1684 842 1684 839 1684 835 1684 835 1688 818 1706 814 1706 793 1706 638 1691 634 1691 631 1691 574 1709 578 1744"/></Shape>
	    <String CONTENT="כלים ולא גלומין ר&#39; יוסי הגלילי או&#39; כלים את&#39; או&#39; כלין או אינן אלא גלומים מה [כ](ת)&#39;ל&#39; אך חלק : [/]"
                    HPOS="574"
                    VPOS="1642"
                    WIDTH="2095"
                    HEIGHT="169"></String>
          </TextLine>

          
          
          <TextLine ID="eSc_line_1637489"
                    
                    BASELINE="461 1843 602 1850 902 1836 1050 1840 1209 1833 1251 1825 1770 1808 1974 1794 2193 1797 2320 1794 2485 1780 2583 1782" 
                    HPOS="454"
                    VPOS="1727"
                    WIDTH="2126"
                    HEIGHT="165">
            <Shape><Polygon POINTS="458 1840 458 1892 2157 1857 2284 1836 2295 1836 2305 1836 2390 1850 2394 1850 2577 1825 2580 1780 2573 1727 454 1804 458 1840"/></Shape>
	    <String CONTENT="כל דבר אשר יבא באש&#39; ˙ כגון הלובסין והסכינין והקדירות והשפודין והאסכלות מפני גיות"
                    HPOS="454"
                    VPOS="1727"
                    WIDTH="2126"
                    HEIGHT="165"></String>
          </TextLine>

          
          
          <TextLine ID="eSc_line_1637497"
                    
                    BASELINE="465 1931 606 1938 913 1921 987 1924 1241 1907 1396 1910 1657 1892 1784 1896 2052 1882 2334 1878 2503 1868 2672 1871" 
                    HPOS="458"
                    VPOS="1815"
                    WIDTH="2211"
                    HEIGHT="176">
            <Shape><Polygon POINTS="461 1928 461 1991 2665 1903 2669 1868 2662 1815 458 1896 461 1928"/></Shape>
	    <String CONTENT="גוים ˙ וכל אשר לא יבא באש ˙ כגון הכרבנאות והכוסות והקיתונות ˙ והקוקוקמסין והיורות"
                    HPOS="458"
                    VPOS="1815"
                    WIDTH="2211"
                    HEIGHT="176"></String>
          </TextLine>

          
          
          <TextLine ID="eSc_line_1637498"
                    
                    BASELINE="468 2016 634 2016 832 2005 1085 2005 1484 1991 1921 1970 2186 1963 2316 1952 2506 1949 2672 1933" 
                    HPOS="461"
                    VPOS="1899"
                    WIDTH="2208"
                    HEIGHT="173">
            <Shape><Polygon POINTS="465 2012 465 2072 2665 1981 2669 1931 2665 1903 2189 1899 2186 1899 1963 1924 1914 1910 1911 1910 1907 1910 1903 1910 1900 1910 1900 1914 1896 1914 1886 1928 1829 1914 1826 1914 1822 1914 1819 1914 1815 1914 1787 1931 1784 1931 1766 1931 1325 1931 1322 1931 1234 1952 1223 1952 1184 1952 849 1949 846 1949 842 1949 807 1966 758 1952 754 1952 751 1952 461 1977 465 2012"/></Shape>
	    <String CONTENT="מפני גיות גוים ˙ והרי דבר&#39; קל וחו&#39; אם מי שאין טעון טבילה טעון הזייה ˙ מי שטעון טבילה"
                    HPOS="461"
                    VPOS="1899"
                    WIDTH="2208"
                    HEIGHT="173"></String>
          </TextLine>

          
          
          <TextLine ID="eSc_line_1637499"
                    
                    BASELINE="486 2086 680 2093 951 2076 1078 2076 1198 2065 1406 2062 2394 2019 2605 2016 2672 2008" 
                    HPOS="479"
                    VPOS="1956"
                    WIDTH="2190"
                    HEIGHT="173">
            <Shape><Polygon POINTS="483 2083 483 2129 2669 2055 2669 2005 2662 1956 479 2051 483 2083"/></Shape>
	    <String CONTENT="דין הוא שיטען הזייה והרי דבר&#39; קל וחו&#39; אם מי שטעון הזייה טעון טבילה ˙ מי שטעון הזייה"
                    HPOS="479"
                    VPOS="1956"
                    WIDTH="2190"
                    HEIGHT="173"></String>
          </TextLine>

          
          
          <TextLine ID="eSc_line_1637490"
                    
                    BASELINE="490 2171 659 2164 959 2160 1325 2136 1569 2132 1724 2122 2143 2107 2672 2076" 
                    HPOS="483"
                    VPOS="2033"
                    WIDTH="2186"
                    HEIGHT="201">
            <Shape><Polygon POINTS="486 2167 486 2234 641 2206 1117 2203 1248 2199 1315 2192 1484 2171 1576 2178 1628 2181 1632 2181 1699 2171 1787 2157 1826 2164 1858 2171 1861 2171 2669 2118 2669 2072 2665 2033 483 2129 486 2167"/></Shape>
	    <String CONTENT="דין הוא שיטען טבילה ˙ וכבסתם בגדי&#39; ביום הש&#39; וטהר&#39; ˙ למה נא&#39; לפי שהו או&#39; או בחלל חרב בא הכת&#39;"
                    HPOS="483"
                    VPOS="2033"
                    WIDTH="2186"
                    HEIGHT="201"></String>
          </TextLine>

          
          
          <TextLine ID="eSc_line_1637500"
                    
                    BASELINE="486 2252 853 2248 1325 2220 1579 2213 1706 2203 1829 2203 2073 2189 2200 2189 2320 2178 2672 2168" 
                    HPOS="479"
                    VPOS="2111"
                    WIDTH="2190"
                    HEIGHT="187">
            <Shape><Polygon POINTS="483 2248 483 2298 2669 2220 2669 2167 2662 2111 2383 2122 2379 2122 2376 2122 2351 2139 2140 2132 2080 2132 2076 2132 2073 2132 2069 2132 2066 2136 2048 2150 1889 2143 1819 2143 1815 2143 1812 2143 1808 2143 1805 2150 1787 2160 1639 2157 1547 2153 1544 2153 1540 2153 1526 2160 1502 2174 944 2192 916 2189 853 2178 849 2178 479 2206 483 2248"/></Shape>
	    <String CONTENT="ולימד על החרב שיהי טמי&#39; טומאת שבעה והנוגע בה טמא טומאת שבעה הא למדנו לכלים"
                    HPOS="479"
                    VPOS="2111"
                    WIDTH="2190"
                    HEIGHT="187"></String>
          </TextLine>

          
          
          <TextLine ID="eSc_line_1637491"
                    
                    BASELINE="412 2333 765 2319 1050 2319 1523 2294 1787 2287 1911 2277 2150 2277 2672 2254" 
                    HPOS="405"
                    VPOS="2196"
                    WIDTH="2264"
                    HEIGHT="176">
            <Shape><Polygon POINTS="409 2330 409 2372 2669 2308 2669 2252 2658 2196 2602 2213 2577 2199 2573 2196 2570 2196 2566 2196 2563 2196 2559 2196 2549 2199 2521 2213 2394 2206 2316 2203 2312 2203 2309 2203 2305 2203 2305 2206 2302 2206 2298 2210 2288 2224 2143 2217 2052 2213 2048 2213 1805 2231 1544 2252 1509 2245 1466 2234 1463 2234 1459 2234 1456 2234 1452 2234 1452 2238 1442 2248 1431 2256 1371 2252 1269 2241 1265 2241 1262 2241 1258 2241 1241 2256 1230 2266 1061 2270 1043 2266 1004 2252 1001 2252 997 2252 994 2252 990 2252 966 2270 955 2277 578 2287 567 2287 504 2270 500 2270 497 2270 493 2270 405 2291 409 2330"/></Shape>
	    <String CONTENT="ואדם ˙ כלים ואדם וכלים מנ&#39; ת&#39;ל&#39; וכבסתם בגדיכם ˙ הא למדנו לכלים ואדם וכלים ˙ ואחר תבאו אל המח&#39; ˙"
                    HPOS="405"
                    VPOS="2196"
                    WIDTH="2264"
                    HEIGHT="176"></String>
          </TextLine>

          
          
          <TextLine ID="eSc_line_1637492"
                    
                    BASELINE="465 2418 701 2418 930 2404 1265 2400 1625 2375 1787 2375 1992 2361 2238 2361 2545 2344 2691 2344" 
                    HPOS="458"
                    VPOS="2284"
                    WIDTH="2232"
                    HEIGHT="183">
            <Shape><Polygon POINTS="461 2414 461 2467 2690 2382 2690 2340 2686 2284 2503 2284 2499 2284 2496 2284 2475 2291 2432 2305 2397 2294 2383 2291 2379 2291 2376 2291 2372 2291 2369 2291 2369 2294 2365 2298 2351 2308 2274 2301 2214 2294 2210 2294 2207 2294 2164 2305 2104 2319 2016 2312 1935 2305 1932 2305 1868 2319 1815 2330 1780 2322 1727 2312 1724 2312 1657 2326 1614 2337 1586 2330 1530 2319 1526 2319 1523 2319 1519 2319 1519 2322 1505 2333 1498 2344 1332 2347 1283 2344 1163 2333 1160 2333 1064 2354 1040 2358 1026 2354 948 2340 944 2340 768 2368 747 2368 736 2368 599 2354 595 2354 458 2379 461 2414"/></Shape>
	    <String CONTENT="מה כן אסור לבוא אל המחנה ˙ אף להלן אסור לבוא אל המחנה ˙ מה להלן עד הערב אף כן עד הערב ˙ [/]"
                    HPOS="458"
                    VPOS="2284"
                    WIDTH="2232"
                    HEIGHT="183"></String>
          </TextLine>

          
          
          <TextLine ID="eSc_line_1637493"
                    
                    BASELINE="423 2495 726 2502 1008 2485 1128 2488 1734 2456 2076 2456 2510 2428 2633 2428 2691 2437" 
                    HPOS="416"
                    VPOS="2365"
                    WIDTH="2274"
                    HEIGHT="183">
            <Shape><Polygon POINTS="419 2492 419 2548 2679 2463 2690 2435 2683 2382 2566 2365 2563 2365 2559 2365 2464 2393 2457 2393 2450 2393 2394 2375 2390 2375 2387 2375 2383 2375 2379 2375 2355 2397 2351 2397 2305 2397 1981 2393 1978 2393 1872 2411 1851 2414 1836 2414 1724 2397 1720 2397 1607 2421 1583 2425 1561 2421 1449 2407 1445 2407 1230 2435 1152 2446 786 2453 765 2449 701 2435 698 2435 416 2460 419 2492"/></Shape>
	    <String CONTENT="ס&#39; פ&#39; : [/] גו&#39; ברייתא : [/] וידבר ייי ˙ דבר אל בני יש&#39; ואמר&#39; אל&#39; כי את&#39; עברים את הירדן אר&#39; כנע&#39; וגו&#39; למה"
                    HPOS="416"
                    VPOS="2365"
                    WIDTH="2274"
                    HEIGHT="183"></String>
          </TextLine>

          
          
          <TextLine ID="eSc_line_1637501"
                    
                    BASELINE="458 2587 775 2583 934 2573 1177 2569 1759 2541 2097 2545 2390 2530 2591 2530 2691 2518" 
                    HPOS="451"
                    VPOS="2460"
                    WIDTH="2239"
                    HEIGHT="173">
            <Shape><Polygon POINTS="454 2583 454 2633 2690 2573 2690 2516 2686 2474 2542 2460 2538 2460 2535 2460 2496 2478 2485 2481 2475 2478 2429 2463 2425 2463 2422 2463 2418 2463 2383 2481 2372 2488 1974 2495 1963 2492 1928 2478 1925 2478 1921 2478 1918 2478 1914 2478 1914 2481 1911 2481 1900 2492 1896 2499 1886 2495 1847 2481 1844 2481 1840 2481 1836 2481 1833 2481 1812 2495 1805 2499 1791 2495 1731 2485 1727 2485 1353 2495 1350 2495 1322 2509 1311 2513 1297 2509 1255 2499 1251 2499 1248 2499 1181 2513 1128 2527 451 2530 454 2583"/></Shape>
	    <String CONTENT="נא&#39; פרש&#39; זו לפי שהוא או&#39; אז יבדיל מש&#39; שלש ער&#39; ˙ אין לי אלא שהפריש משה בעבר הירדן ˙ מנ&#39;"
                    HPOS="451"
                    VPOS="2460"
                    WIDTH="2239"
                    HEIGHT="173"></String>
          </TextLine>

          
          
          <TextLine ID="eSc_line_1637494"
                    
                    BASELINE="433 2682 620 2668 821 2668 951 2657 1234 2650 1364 2640 1516 2643 1780 2629 2062 2626 2404 2612 2609 2597 2691 2597" 
                    HPOS="426"
                    VPOS="2552"
                    WIDTH="2264"
                    HEIGHT="169">
            <Shape><Polygon POINTS="2679 2566 2665 2552 2140 2576 2119 2573 2073 2559 2069 2559 2066 2559 2062 2559 1992 2576 1960 2583 1935 2580 1868 2566 1865 2566 1861 2566 1858 2566 1836 2583 1829 2587 1822 2583 1794 2569 1791 2569 1787 2569 1784 2569 1780 2569 1759 2587 1755 2590 1745 2587 1710 2573 1706 2573 1703 2573 1699 2573 1695 2573 1674 2590 1667 2594 1653 2590 1604 2576 1600 2576 1597 2576 1368 2601 1357 2601 1353 2601 1294 2587 1290 2587 1286 2587 1085 2612 1054 2615 1047 2615 1008 2597 1004 2597 1001 2597 997 2597 994 2597 969 2615 962 2622 426 2636 430 2679 430 2721 2690 2636 2690 2594 2686 2580 2679 2566"/></Shape>
	    <String CONTENT="שציוה משה את יהושע להפריש להן ערי מקלט ˙ ת&#39;ל&#39; והקריתם לכם ערים אחר ירושה וישיבה"
                    HPOS="426"
                    VPOS="2552"
                    WIDTH="2264"
                    HEIGHT="169"></String>
          </TextLine>

          
          
          <TextLine ID="eSc_line_1637462"
                    
                    BASELINE="479 2756 673 2753 1234 2724 1438 2724 1607 2714 1858 2710 2119 2696 2253 2696 2559 2682 2691 2662" 
                    HPOS="472"
                    VPOS="2622"
                    WIDTH="2218"
                    HEIGHT="194">
            <Shape><Polygon POINTS="2679 2622 472 2717 475 2753 475 2816 1960 2742 1988 2742 2101 2753 2104 2753 2108 2753 2175 2735 2189 2731 2245 2731 2591 2731 2595 2731 2598 2731 2690 2707 2690 2661 2686 2629 2679 2622"/></Shape>
	    <String CONTENT="הכת&#39; מדבר ˙ אתה או&#39; אחר ירושה וישיבה הכת&#39; מדבר או אינו מדבר אלא בכניסתן לארץ"
                    HPOS="472"
                    VPOS="2622"
                    WIDTH="2218"
                    HEIGHT="194"></String>
          </TextLine>

          
          
          <TextLine ID="eSc_line_1637461"
                    
                    BASELINE="423 2837 768 2837 1149 2820 1463 2798 1759 2798 1985 2784 2179 2781 2598 2756 2691 2756" 
                    HPOS="416"
                    VPOS="2714"
                    WIDTH="2274"
                    HEIGHT="172">
            <Shape><Polygon POINTS="419 2834 419 2886 1727 2834 1798 2834 2090 2837 2094 2837 2196 2816 2207 2816 2224 2816 2464 2823 2468 2823 2563 2802 2566 2802 2644 2816 2647 2816 2651 2816 2690 2795 2690 2753 2686 2714 2175 2714 2171 2714 2045 2738 2030 2738 2023 2738 1967 2721 1963 2721 1960 2721 1833 2745 1822 2745 1812 2745 1671 2731 1667 2731 1664 2731 1579 2756 1569 2756 1561 2756 1484 2738 1480 2738 1477 2738 1431 2760 1297 2745 1294 2745 1290 2745 1286 2745 1251 2767 1209 2749 1205 2749 1202 2749 1022 2777 1011 2777 1004 2777 934 2760 930 2760 927 2760 416 2798 419 2834"/></Shape>
	    <String CONTENT="מיד ת&#39;ל&#39; כי יכרית ייי ﭏ&#39;יך את הגו&#39; אחר ירושה וישיבה הכת&#39; מדבר ˙ כי אתם עובר&#39; את הירדן"
                    HPOS="416"
                    VPOS="2714"
                    WIDTH="2274"
                    HEIGHT="172"></String>
          </TextLine>

          
          
          <TextLine ID="eSc_line_1637467"
                    
                    BASELINE="440 2929 542 2936 1001 2911 1216 2908 1258 2901 1389 2894 1505 2894 1625 2883 1822 2879 2045 2865 2179 2865 2691 2838" 
                    HPOS="433"
                    VPOS="2798"
                    WIDTH="2257"
                    HEIGHT="180">
            <Shape><Polygon POINTS="437 2925 437 2978 1544 2950 2045 2911 2055 2911 2059 2911 2256 2918 2260 2918 2263 2918 2267 2918 2267 2915 2284 2901 2288 2901 2496 2908 2499 2908 2686 2879 2690 2837 2686 2798 2175 2802 2080 2823 2073 2827 2045 2827 1625 2827 1621 2827 1618 2827 1537 2848 1526 2848 1512 2848 1389 2837 1385 2837 1382 2837 1378 2837 1357 2855 1353 2855 1350 2855 1255 2844 1251 2844 923 2872 885 2876 877 2876 832 2862 828 2862 825 2862 433 2894 437 2925"/></Shape>
	    <String CONTENT="ארצה כנען מיכן היה ר&#39; יהודה או&#39; אין הירדן מארץ כנען ˙ ר&#39; שמעון בן יוחיי או&#39; אשר על ירדן"
                    HPOS="433"
                    VPOS="2798"
                    WIDTH="2257"
                    HEIGHT="180"></String>
          </TextLine>

          
          
          <TextLine ID="eSc_line_1637464"
                    
                    BASELINE="409 3024 1410 2975 2076 2950 2277 2936 2559 2936 2688 2922" 
                    HPOS="401"
                    VPOS="2883"
                    WIDTH="2285"
                    HEIGHT="194">
            <Shape><Polygon POINTS="405 3020 405 3077 2683 2964 2686 2918 2683 2883 1279 2925 966 2957 962 2957 959 2957 888 2943 885 2943 401 2982 405 3020"/></Shape>
	    <String CONTENT="ירחו ˙ מה ירחו מארץ כנען אף הירדן מארץ כנען ˙ והקריתם ˙ אין הקראה אלא הזמנה ˙ ערים˙"
                    HPOS="401"
                    VPOS="2883"
                    WIDTH="2285"
                    HEIGHT="194"></String>
          </TextLine>

          
          
          <TextLine ID="eSc_line_1637471"
                    
                    BASELINE="483 3116 1047 3091 1339 3066 1639 3052 1840 3052 1995 3045 2193 3027 2478 3017 2688 3001" 
                    HPOS="472"
                    VPOS="2964"
                    WIDTH="2214"
                    HEIGHT="197">
            <Shape><Polygon POINTS="479 3112 479 3161 1304 3130 1360 3116 1403 3109 1526 3109 1745 3109 1748 3109 1752 3109 1808 3091 1829 3087 1844 3091 1889 3101 1893 3101 1896 3101 2016 3080 2045 3073 2122 3073 2528 3070 2683 3042 2686 2999 2679 2964 472 3063 479 3112"/></Shape>
	    <String CONTENT="שומעני כרכים ת&#39;ל&#39; ערים ˙ או ערי שומעני אפילו כפרים ת&#39;ל&#39; ערי ˙ הכיצד מגיד שלא היו שם"
                    HPOS="472"
                    VPOS="2964"
                    WIDTH="2214"
                    HEIGHT="197"></String>
          </TextLine>

          
          
          <TextLine ID="eSc_line_1637465"
                    
                    BASELINE="483 3200 920 3190 1547 3147 1794 3144 2253 3112 2688 3092" 
                    HPOS="475"
                    VPOS="3049"
                    WIDTH="2211"
                    HEIGHT="201">
            <Shape><Polygon POINTS="479 3197 479 3250 2683 3133 2686 3091 2683 3052 2383 3049 2379 3049 2376 3049 2372 3049 2372 3052 2355 3066 2337 3066 2171 3059 2168 3059 2164 3059 2097 3077 2083 3080 2055 3080 1900 3073 1896 3073 1893 3073 1840 3091 1826 3098 475 3154 479 3197"/></Shape>
	    <String CONTENT="אלא שווקים ובית המחייה ˙ ונס שמה רוצח ˙ שומעני כל הרוצח במשמע ת&#39;ל&#39; מכה נפש בשגג&#39; ˙"
                    HPOS="475"
                    VPOS="3049"
                    WIDTH="2211"
                    HEIGHT="201"></String>
          </TextLine>

          
          
          <TextLine ID="eSc_line_1637469"
                    
                    BASELINE="493 3313 567 3299 691 3288 1093 3274 1502 3235 1748 3232 2531 3179 2688 3179" 
                    HPOS="486"
                    VPOS="3112"
                    WIDTH="2200"
                    HEIGHT="247">
            <Shape><Polygon POINTS="490 3309 493 3359 2686 3214 2686 3176 2679 3130 2609 3133 2605 3133 2577 3112 2573 3112 2570 3112 2566 3112 2397 3147 2383 3147 2355 3147 1999 3147 1995 3147 1992 3147 1988 3147 1988 3151 1963 3176 1565 3176 1561 3176 1558 3176 1431 3207 1427 3207 1325 3190 1322 3190 1318 3190 1248 3218 1110 3207 1107 3207 1103 3207 987 3235 877 3218 874 3218 870 3218 761 3250 602 3235 599 3235 595 3235 486 3267 490 3309"/></Shape>
	    <String CONTENT="או מכה נפש שומע אני אף&#39; מכה אביו ואמו במשמע ת&#39;ל&#39; רוצח מכה נפש ˙ לא אמרתי אלא"
                    HPOS="486"
                    VPOS="3112"
                    WIDTH="2200"
                    HEIGHT="247"></String>
          </TextLine>

          
          
          <TextLine ID="eSc_line_1637466"
                    
                    BASELINE="511 3387 825 3366 983 3362 1283 3345 1554 3320 2683 3250" 
                    HPOS="500"
                    VPOS="3211"
                    WIDTH="2179"
                    HEIGHT="229">
            <Shape><Polygon POINTS="2672 3211 2397 3211 2394 3211 2196 3239 2171 3246 2122 3246 1791 3250 1787 3250 1784 3250 1784 3253 1780 3253 1770 3264 1770 3267 1734 3253 1731 3253 1727 3253 1724 3253 1674 3271 1664 3274 1653 3271 1621 3260 1618 3260 1614 3260 1519 3281 1491 3288 500 3338 507 3383 507 3426 617 3440 620 3440 722 3433 726 3433 729 3433 729 3429 733 3429 747 3412 779 3429 782 3429 786 3429 789 3429 839 3405 846 3401 913 3401 1399 3391 1403 3391 1456 3366 1463 3366 1470 3366 1551 3380 1554 3380 1685 3352 1699 3352 1703 3352 1787 3366 1791 3366 1794 3366 1798 3366 1822 3345 1826 3341 1978 3334 1985 3334 2066 3348 2069 3348 2073 3348 2119 3324 2126 3324 2161 3324 2376 3327 2379 3327 2679 3288 2679 3246 2676 3218 2672 3211"/></Shape>
	    <String CONTENT="רוצח מכה נפש ˙ ומכה נפש הרצח יצא המכה אביו ˙ ואביו שאינו גולה ˙ והיו לכם הער&#39; למקלט ˙"
                    HPOS="500"
                    VPOS="3211"
                    WIDTH="2179"
                    HEIGHT="229"></String>
          </TextLine>

          
          
          <TextLine ID="eSc_line_1637463"
                    
                    BASELINE="550 3479 899 3454 1174 3440 1710 3394 2242 3366 2485 3345 2676 3348" 
                    HPOS="542"
                    VPOS="3281"
                    WIDTH="2130"
                    HEIGHT="254">
            <Shape><Polygon POINTS="546 3475 546 3535 923 3493 966 3510 973 3510 976 3510 980 3510 1043 3503 1248 3475 1272 3486 1283 3489 1286 3489 1290 3489 1294 3489 1311 3482 1357 3465 1459 3472 1512 3475 1516 3475 1519 3475 1540 3465 1572 3450 1660 3458 1720 3461 1724 3461 1727 3461 1755 3450 1791 3436 1865 3440 1942 3447 1946 3447 2020 3429 2069 3419 2101 3422 2157 3433 2161 3433 2665 3380 2672 3345 2669 3299 2535 3281 2531 3281 2436 3288 2432 3288 2429 3288 2429 3292 2401 3313 2334 3295 2330 3295 2327 3295 2090 3331 1946 3320 1942 3320 1939 3320 1833 3352 1829 3352 1745 3334 1741 3334 1738 3334 1734 3334 1706 3359 1547 3366 1519 3348 1516 3348 1512 3348 1509 3348 1505 3348 1392 3380 1297 3362 1294 3362 1290 3362 1237 3391 1107 3380 1103 3380 1100 3380 1040 3401 1001 3383 997 3383 994 3383 990 3383 987 3383 955 3408 814 3394 810 3394 542 3436 546 3475"/></Shape>
	    <String CONTENT="מגאל למה נא&#39; לפי שהוא או&#39; ורצח גאל הדם ˙ שומעני יהרגנו בינו לבין עצמו ת&#39;ל&#39; ולא ימות"
                    HPOS="542"
                    VPOS="3281"
                    WIDTH="2130"
                    HEIGHT="254"></String>
          </TextLine>

          
          
          <TextLine ID="eSc_line_1637468"
                    
                    BASELINE="525 3556 1160 3525 1533 3489 1995 3472 2193 3454 2688 3429" 
                    HPOS="518"
                    VPOS="3380"
                    WIDTH="2168"
                    HEIGHT="233">
            <Shape><Polygon POINTS="2665 3412 2651 3391 2605 3380 2602 3380 518 3510 521 3553 525 3613 599 3591 645 3606 648 3606 652 3606 1304 3570 1308 3570 1311 3570 1311 3567 1329 3553 1519 3556 1544 3556 1547 3556 1551 3556 1558 3556 1632 3532 1794 3542 1822 3542 1826 3542 1829 3542 1840 3539 1900 3517 2023 3528 2034 3528 2037 3528 2041 3528 2048 3528 2119 3507 2140 3521 2140 3524 2143 3524 2147 3524 2150 3524 2154 3524 2164 3521 2221 3496 2686 3489 2686 3426 2683 3398 2665 3391 2665 3412"/></Shape>
	    <String CONTENT="הרצח עד עמדו ˙ והערים אשר תתנו ˙ עם הראשונות ˙ אתה או&#39; עם הראש&#39; ˙ או חוץ מן [/]"
                    HPOS="518"
                    VPOS="3380"
                    WIDTH="2168"
                    HEIGHT="233"></String>
          </TextLine>

          
          
          <TextLine ID="eSc_line_1637473"
                    
                    BASELINE="493 3630 638 3630 1177 3602 1234 3596 1437 3582 1653 3570 2122 3553 2457 3532 2588 3528 2688 3535" 
                    HPOS="486"
                    VPOS="3468"
                    WIDTH="2200"
                    HEIGHT="222">
            <Shape><Polygon POINTS="2669 3517 2651 3482 2538 3468 2535 3468 2531 3468 2482 3486 2327 3479 2323 3479 2320 3479 2235 3507 2228 3507 2221 3507 2097 3489 2094 3489 1734 3528 1650 3535 1636 3532 1583 3514 1579 3514 1576 3514 1463 3539 1424 3549 1353 3549 1343 3542 1325 3528 1322 3528 1318 3528 1315 3528 1142 3553 1054 3567 486 3577 490 3627 490 3687 564 3673 606 3683 631 3690 634 3690 638 3690 641 3690 666 3680 712 3662 740 3676 754 3683 758 3683 761 3683 765 3683 768 3683 775 3676 789 3665 1050 3665 1209 3665 1209 3662 1212 3662 1216 3662 1223 3655 1251 3637 1290 3655 1297 3655 1301 3655 1304 3655 1308 3655 1315 3651 1360 3634 1477 3644 1516 3648 1519 3648 1523 3648 1526 3648 1526 3644 1530 3644 1547 3620 1667 3616 1791 3630 1815 3634 1819 3634 1851 3630 1999 3602 2090 3616 2094 3616 2097 3616 2101 3616 2136 3595 2235 3606 2238 3606 2503 3577 2676 3591 2686 3532 2683 3486 2672 3486 2669 3517"/></Shape>
	    <String CONTENT="הראשונ&#39; ת&#39;ל&#39; ואת שלוש הער&#39; תתנו מעבר לירדן ˙ הא מה ת&#39;ל&#39; והערים אשר תתנו עם"
                    HPOS="486"
                    VPOS="3468"
                    WIDTH="2200"
                    HEIGHT="222"></String>
          </TextLine>

          
          
          <TextLine ID="eSc_line_1637472"
                    
                    BASELINE="465 3708 733 3697 818 3701 1064 3683 1227 3683 1498 3666 2224 3648 2688 3623" 
                    HPOS="458"
                    VPOS="3567"
                    WIDTH="2228"
                    HEIGHT="462">
            <Shape><Polygon POINTS="461 3704 468 3986 687 4018 691 4018 772 4007 800 4029 803 4029 807 4029 810 4029 1262 4014 1265 4014 1329 3983 1593 4000 1597 4000 1600 4000 1604 4000 1819 3821 1911 3747 2686 3715 2686 3620 2683 3584 2580 3567 2577 3567 2454 3591 2446 3591 2429 3591 2143 3584 2140 3584 2136 3584 2080 3606 2076 3606 2066 3606 1886 3595 1882 3595 1879 3595 1840 3616 1836 3616 1826 3616 1734 3602 1731 3602 1727 3602 1671 3620 1565 3606 1561 3606 1558 3606 1477 3630 1466 3630 1459 3630 1382 3613 1378 3613 1212 3637 1188 3641 1167 3641 1018 3627 1015 3627 1011 3627 1008 3627 973 3648 959 3648 789 3637 786 3637 458 3665 461 3704"/></Shape>
	    <String CONTENT="הראשונות ˙ את שלוש הערים תתנו מעבר לירדן ˙ אילו הן את בצר במדבר ˙ שלוש כנגדן [יצ]"
                    HPOS="458"
                    VPOS="3567"
                    WIDTH="2228"
                    HEIGHT="462"></String>
          </TextLine>

          
        </TextBlock>
        

        
      </PrintSpace>
    </Page>
  </Layout>
</alto>
