<?xml version="1.0" encoding="UTF-8"?>
<alto xmlns:xsi="http://www.w3.org/2001/XMLSchema-instance"
      xmlns="http://www.loc.gov/standards/alto/ns-v4#"
      xsi:schemaLocation="http://www.loc.gov/standards/alto/ns-v4# http://www.loc.gov/standards/alto/v4/alto-4-2.xsd">
  <Description>
    <MeasurementUnit>pixel</MeasurementUnit>
    <sourceImageInformation>
      <fileName>Vat.ebr.32_0114_fa_0054v.jpg</fileName>
      
    </sourceImageInformation>
  </Description>
  
  <Tags>
    <OtherTag ID="BT1" LABEL="Title" DESCRIPTION="block type Title"/><OtherTag ID="BT2" LABEL="Main" DESCRIPTION="block type Main"/><OtherTag ID="BT3" LABEL="Commentary" DESCRIPTION="block type Commentary"/><OtherTag ID="BT4" LABEL="Illustration" DESCRIPTION="block type Illustration"/><OtherTag ID="BT853" LABEL="Margin" DESCRIPTION="block type Margin"/><OtherTag ID="BT854" LABEL="Paratext" DESCRIPTION="block type Paratext"/>
    <OtherTag ID="LT2" LABEL="Numbering" DESCRIPTION="line type Numbering"/><OtherTag ID="LT3" LABEL="Correction" DESCRIPTION="line type Correction"/>
  </Tags>
  
  <Layout>
    <Page WIDTH="3206"
          HEIGHT="4230"
          PHYSICAL_IMG_NR="107"
          ID="eSc_dummypage_">
      <PrintSpace HPOS="0"
                  VPOS="0"
                  WIDTH="3206"
                  HEIGHT="4230">
        
        <TextBlock HPOS="549.0"
                   VPOS="452.0"
                   WIDTH="2341.0"
                   HEIGHT="3316.0"
                   ID="eSc_textblock_16787"
                   TAGREFS="BT2">
          <Shape><Polygon POINTS="584 452 2890 487 2777 3767 549 3768"/></Shape>
          
          
          <TextLine ID="eSc_line_1635376"
                    
                    BASELINE="620 523 1876 514 1996 518 2214 535 2861 542" 
                    HPOS="613"
                    VPOS="458"
                    WIDTH="2247"
                    HEIGHT="130">
            <Shape><Polygon POINTS="2341 479 2306 479 2271 479 2236 479 2225 489 2218 493 2109 493 2105 489 2077 475 2059 475 2024 475 2006 475 1989 482 1932 472 1918 472 1883 472 1848 472 1812 472 1777 472 1749 472 1696 479 1647 468 1636 468 1601 468 1576 468 1544 475 1340 465 1319 465 1283 465 1248 461 1213 461 1185 461 1142 475 902 458 899 458 613 486 617 521 617 560 1428 556 1453 571 1467 581 1470 581 1474 581 1477 581 1481 581 1513 571 1551 560 1573 574 1597 585 1601 585 1604 585 1608 585 1647 574 1685 564 1770 574 1826 581 1830 581 1834 581 1855 574 1904 560 2049 578 2140 588 2144 588 2853 585 2860 539 2856 489 2370 489 2359 479 2341 479"/></Shape>
	    <String CONTENT="כך אילו היה בידן שליש&#39; מאותה קמיצה שקמצו בו ביום שמת בו משה שאכלו ממנו כל מ&#39;"
                    HPOS="613"
                    VPOS="458"
                    WIDTH="2247"
                    HEIGHT="130"></String>
          </TextLine>

          
          
          <TextLine ID="eSc_line_1635377"
                    
                    BASELINE="603 602 782 599 1001 606 1936 613 2116 609 2475 620 2861 620" 
                    HPOS="596"
                    VPOS="532"
                    WIDTH="2264"
                    HEIGHT="123">
            <Shape><Polygon POINTS="599 599 596 634 2853 655 2860 616 2853 564 2038 567 1975 560 1851 542 1848 542 1738 560 1696 564 1664 556 1573 539 1569 539 1565 539 1513 556 1509 556 1280 539 1276 539 1273 539 1213 556 1178 535 1174 535 1170 535 1167 535 835 556 800 556 797 556 751 532 747 532 744 532 599 553 599 599"/></Shape>
	    <String CONTENT="יום ולא רצו מתבואת ארץ כנען : סל&#39; פס&#39; ˙ וברדת הטל על המח&#39; ליל&#39; מל&#39; שהיה יורד"
                    HPOS="596"
                    VPOS="532"
                    WIDTH="2264"
                    HEIGHT="123"></String>
          </TextLine>

          
          
          <TextLine ID="eSc_line_1635384"
                    
                    BASELINE="599 669 1146 676 1322 683 1615 680 1774 690 2743 690 2861 682" 
                    HPOS="592"
                    VPOS="623"
                    WIDTH="2268"
                    HEIGHT="96">
            <Shape><Polygon POINTS="596 666 592 712 2853 719 2860 680 2853 623 596 630 596 666"/></Shape>
	    <String CONTENT="על האיסקופין ועל המזוזות או לפי שהיה יורד על האיסק&#39; ועל המזוזות יכול היו אוכלין אתו"
                    HPOS="592"
                    VPOS="623"
                    WIDTH="2268"
                    HEIGHT="96"></String>
          </TextLine>

          
          
          <TextLine ID="eSc_line_1635385"
                    
                    BASELINE="606 740 1312 747 1530 754 2535 750 2861 754" 
                    HPOS="599"
                    VPOS="694"
                    WIDTH="2261"
                    HEIGHT="99">
            <Shape><Polygon POINTS="603 736 599 789 2849 793 2860 750 2853 694 603 705 603 736"/></Shape>
	    <String CONTENT="מלוכלך ומטונף ת&#39;ל&#39; והנה על פני המדבר דק מחספ&#39; כגליד היה יורד תחילה ונעשה לארץ כמין"
                    HPOS="599"
                    VPOS="694"
                    WIDTH="2261"
                    HEIGHT="99"></String>
          </TextLine>

          
          
          <TextLine ID="eSc_line_1635391"
                    
                    BASELINE="596 810 899 824 2183 821 2507 831 2861 831" 
                    HPOS="589"
                    VPOS="779"
                    WIDTH="2271"
                    HEIGHT="98">
            <Shape><Polygon POINTS="592 807 589 856 1481 877 1484 877 2856 860 2860 828 2856 782 592 779 592 807"/></Shape>
	    <String CONTENT="סקוטלא והמן יורד עליו וממנו היו יש&#39; מלקטין ואוכלין הרי מלמטה אבל מלמעלה יכול יהו"
                    HPOS="589"
                    VPOS="779"
                    WIDTH="2271"
                    HEIGHT="98"></String>
          </TextLine>

          
          
          <TextLine ID="eSc_line_1635402"
                    
                    BASELINE="578 870 687 888 998 888 1230 895 2861 888" 
                    HPOS="574"
                    VPOS="853"
                    WIDTH="2286"
                    HEIGHT="81">
            <Shape><Polygon POINTS="574 934 2860 934 2860 884 2856 853 574 853 574 867 574 934"/></Shape>
	    <String CONTENT="שקצים ורמסים וזבובין שוכנין עליו ת&#39;ל&#39; ותעל שכבת הטל מל&#39; שהיה מונח כאילו בתוך"
                    HPOS="574"
                    VPOS="853"
                    WIDTH="2286"
                    HEIGHT="81"></String>
          </TextLine>

          
          
          <TextLine ID="eSc_line_1635403"
                    
                    BASELINE="564 955 793 948 1675 965 2849 958" 
                    HPOS="560"
                    VPOS="916"
                    WIDTH="2286"
                    HEIGHT="92">
            <Shape><Polygon POINTS="560 951 560 1008 2842 1001 2846 955 2846 920 560 916 560 951"/></Shape>
	    <String CONTENT="דלוסקמא והן קורין קרית שמע ומתפללין אדם שיוצא לפתח ביתו ומלקט פרנסתו ופרנסת"
                    HPOS="560"
                    VPOS="916"
                    WIDTH="2286"
                    HEIGHT="92"></String>
          </TextLine>

          
          
          <TextLine ID="eSc_line_1635393"
                    
                    BASELINE="574 1022 754 1018 1015 1029 1375 1029 1580 1036 1714 1032 2765 1036 2850 1027" 
                    HPOS="567"
                    VPOS="979"
                    WIDTH="2282"
                    HEIGHT="96">
            <Shape><Polygon POINTS="571 1018 567 1064 2842 1075 2849 1025 2846 994 571 979 571 1018"/></Shape>
	    <String CONTENT="ביתו ואחרכך וחם השמש ונמס ˙ כיו&#39; בדבר ר&#39; שמעון או&#39; מפני מה לא יורד מן ליש&#39; פעם אחת"
                    HPOS="567"
                    VPOS="979"
                    WIDTH="2282"
                    HEIGHT="96"></String>
          </TextLine>

          
          
          <TextLine ID="eSc_line_1635394"
                    
                    BASELINE="543 1082 648 1092 1248 1092 1752 1106 2602 1103 2850 1110" 
                    HPOS="536"
                    VPOS="1036"
                    WIDTH="2313"
                    HEIGHT="106">
            <Shape><Polygon POINTS="539 1078 536 1131 2839 1142 2849 1106 2846 1061 539 1036 539 1078"/></Shape>
	    <String CONTENT="כדי שלא יהפכו את לבן מאביהן שבשמים משל למ&#39; הד&#39; דו&#39; למל&#39; בשר ודם שגזר על בנו להיות"
                    HPOS="536"
                    VPOS="1036"
                    WIDTH="2313"
                    HEIGHT="106"></String>
          </TextLine>

          
          
          <TextLine ID="eSc_line_1635395"
                    
                    BASELINE="589 1163 1072 1170 1227 1177 1664 1173 2775 1177 2850 1169" 
                    HPOS="581"
                    VPOS="1120"
                    WIDTH="2268"
                    HEIGHT="89">
            <Shape><Polygon POINTS="585 1159 581 1202 2842 1209 2849 1166 2842 1120 585 1124 585 1159"/></Shape>
	    <String CONTENT="מפרנסו פעם אחת בשנה ולא היה הבן מקביל פני אביו אלא בשעת פרנסתו חזר וגזר עליו"
                    HPOS="581"
                    VPOS="1120"
                    WIDTH="2268"
                    HEIGHT="89"></String>
          </TextLine>

          
          
          <TextLine ID="eSc_line_1635396"
                    
                    BASELINE="581 1233 733 1226 867 1233 1142 1230 1336 1237 2010 1237 2387 1247 2850 1247" 
                    HPOS="574"
                    VPOS="1187"
                    WIDTH="2275"
                    HEIGHT="92">
            <Shape><Polygon POINTS="578 1230 574 1272 2842 1279 2849 1244 2842 1187 578 1191 578 1230"/></Shape>
	    <String CONTENT="להיות מפרנסו בכל יום ויום א&#39; הבן ההוא אפילו מקביל פני אבה אלא בשביל פרנסתי"
                    HPOS="574"
                    VPOS="1187"
                    WIDTH="2275"
                    HEIGHT="92"></String>
          </TextLine>

          
          
          <TextLine ID="eSc_line_1635397"
                    
                    BASELINE="592 1297 924 1311 2850 1311" 
                    HPOS="585"
                    VPOS="1254"
                    WIDTH="2264"
                    HEIGHT="99">
            <Shape><Polygon POINTS="589 1293 585 1353 2846 1353 2849 1307 2842 1254 589 1265 589 1293"/></Shape>
	    <String CONTENT="דיי כך יש בביתו שלאדם ה&#39; זכרים או ה&#39; נקבות היה יושב ומצפה ואו&#39; אוי לי שמא לא"
                    HPOS="585"
                    VPOS="1254"
                    WIDTH="2264"
                    HEIGHT="99"></String>
          </TextLine>

          
          
          <TextLine ID="eSc_line_1635404"
                    
                    BASELINE="624 1367 1121 1385 2842 1388" 
                    HPOS="617"
                    VPOS="1335"
                    WIDTH="2222"
                    HEIGHT="92">
            <Shape><Polygon POINTS="620 1364 617 1420 2828 1427 2839 1385 2835 1339 620 1335 620 1364"/></Shape>
	    <String CONTENT="ירד מן למחר ונמצינו מתים ברעב יהי רצון מלפניך שירד נמצאו הופכים את לבן [ל&#39;]"
                    HPOS="617"
                    VPOS="1335"
                    WIDTH="2222"
                    HEIGHT="92"></String>
          </TextLine>

          
          
          <TextLine ID="eSc_line_1635398"
                    
                    BASELINE="592 1438 1304 1459 2761 1455 2848 1462" 
                    HPOS="585"
                    VPOS="1402"
                    WIDTH="2261"
                    HEIGHT="96">
            <Shape><Polygon POINTS="589 1434 585 1484 2835 1498 2846 1459 2839 1402 589 1406 589 1434"/></Shape>
	    <String CONTENT="לאביהן שבשמים ˙ כיוצ&#39; בו ר&#39; דוסתי בר&#39; יניי או&#39; מפני מה לא ברא המק&#39; חמין בירוש&#39; כחמי"
                    HPOS="585"
                    VPOS="1402"
                    WIDTH="2261"
                    HEIGHT="96"></String>
          </TextLine>

          
          
          <TextLine ID="eSc_line_1635399"
                    
                    BASELINE="610 1515 864 1512 1022 1519 1675 1522 1855 1529 2306 1529 2848 1513" 
                    HPOS="606"
                    VPOS="1473"
                    WIDTH="2240"
                    HEIGHT="102">
            <Shape><Polygon POINTS="606 1554 1551 1575 1555 1575 1647 1558 1707 1572 1710 1572 1714 1572 1717 1572 1721 1572 1721 1568 1738 1554 1795 1572 1798 1572 1802 1572 2846 1550 2846 1512 2842 1476 606 1473 606 1512 606 1554"/></Shape>
	    <String CONTENT="טבריא שלא יומר אדם לחבירו נלך ונעלה לירוש&#39; הא אין עולין אלא בשביל רחיצה אחת"
                    HPOS="606"
                    VPOS="1473"
                    WIDTH="2240"
                    HEIGHT="102"></String>
          </TextLine>

          
          
          <TextLine ID="eSc_line_1635405"
                    
                    BASELINE="571 1575 694 1586 1657 1582 2743 1586 2832 1578" 
                    HPOS="564"
                    VPOS="1536"
                    WIDTH="2264"
                    HEIGHT="85">
            <Shape><Polygon POINTS="567 1572 564 1617 2821 1621 2828 1575 2821 1536 567 1543 567 1572"/></Shape>
	    <String CONTENT="דיינו ונמצאת עלייתן שלא לשמן : סל&#39; פס&#39; וישמע משה את העם בכה למשפחת&#39;"
                    HPOS="564"
                    VPOS="1536"
                    WIDTH="2264"
                    HEIGHT="85"></String>
          </TextLine>

          
          
          <TextLine ID="eSc_line_1635406"
                    
                    BASELINE="564 1635 758 1649 1040 1646 1530 1656 2832 1649" 
                    HPOS="560"
                    VPOS="1610"
                    WIDTH="2268"
                    HEIGHT="89">
            <Shape><Polygon POINTS="560 1691 2821 1699 2828 1646 2825 1610 560 1610 560 1632 560 1691"/></Shape>
	    <String CONTENT="היה ר&#39; נהוראי או&#39; מלמ&#39; שהיו יש&#39; מצטערין בשעה שא&#39; להן משה לפרוש מן העריות ומלמ&#39;"
                    HPOS="560"
                    VPOS="1610"
                    WIDTH="2268"
                    HEIGHT="89"></String>
          </TextLine>

          
          
          <TextLine ID="eSc_line_1635407"
                    
                    BASELINE="599 1702 698 1713 1509 1709 1678 1716 2010 1716 2260 1723 2698 1723 2832 1729" 
                    HPOS="592"
                    VPOS="1663"
                    WIDTH="2236"
                    HEIGHT="92">
            <Shape><Polygon POINTS="596 1699 592 1751 2818 1755 2828 1727 2825 1677 596 1663 596 1699"/></Shape>
	    <String CONTENT="שהיה אדם נושא אחותו ואחות אביו ואחות אמו בשעה שא&#39; להן לפרוש מן העריות היו"
                    HPOS="592"
                    VPOS="1663"
                    WIDTH="2236"
                    HEIGHT="92"></String>
          </TextLine>

          
          
          <TextLine ID="eSc_line_1635408"
                    
                    BASELINE="543 1766 1079 1773 1287 1783 2130 1780 2676 1797 2832 1789" 
                    HPOS="536"
                    VPOS="1734"
                    WIDTH="2292"
                    HEIGHT="95">
            <Shape><Polygon POINTS="539 1762 536 1811 2821 1829 2828 1787 2828 1751 539 1734 539 1762"/></Shape>
	    <String CONTENT="מצטערין בכה למשפח&#39; לפי שגבה ליבן בחט ונזדווגו משפח&#39; משפחות והיו או&#39; את הדבר ברבים ˙"
                    HPOS="536"
                    VPOS="1734"
                    WIDTH="2292"
                    HEIGHT="95"></String>
          </TextLine>

          
          
          <TextLine ID="eSc_line_1635409"
                    
                    BASELINE="539 1829 1142 1840 1474 1854 1936 1850 2264 1861 2832 1861" 
                    HPOS="532"
                    VPOS="1783"
                    WIDTH="2296"
                    HEIGHT="113">
            <Shape><Polygon POINTS="536 1825 532 1871 2821 1896 2828 1857 2825 1822 536 1783 536 1825"/></Shape>
	    <String CONTENT="איש לפי אהלו מל&#39; שהיו ממתינין למטה עד שיצא מפתח בית המדרש והיו יושבין ומתרעמין ˙"
                    HPOS="532"
                    VPOS="1783"
                    WIDTH="2296"
                    HEIGHT="113"></String>
          </TextLine>

          
          
          <TextLine ID="eSc_line_1635410"
                    
                    BASELINE="536 1910 1513 1907 2123 1924 2832 1917" 
                    HPOS="529"
                    VPOS="1868"
                    WIDTH="2299"
                    HEIGHT="95">
            <Shape><Polygon POINTS="532 1907 529 1956 560 1956 564 1956 599 1956 634 1956 670 1956 705 1956 708 1956 2821 1963 2828 1914 2825 1868 532 1871 532 1907"/></Shape>
	    <String CONTENT="ויחר אף ייי מאד ובעיני מש&#39; רע כן מקום ממאיך ומש&#39; מגביה אבל במעשה העגל מקום מגביה"
                    HPOS="529"
                    VPOS="1868"
                    WIDTH="2299"
                    HEIGHT="95"></String>
          </TextLine>

          
          
          <TextLine ID="eSc_line_1635411"
                    
                    BASELINE="571 1963 1312 1981 1784 1977 2073 1988 2631 1984 2832 1995" 
                    HPOS="564"
                    VPOS="1928"
                    WIDTH="2264"
                    HEIGHT="102">
            <Shape><Polygon POINTS="567 1959 564 2005 2818 2030 2828 1991 2828 1956 567 1928 567 1959"/></Shape>
	    <String CONTENT="ומשה ממאיך : ס&#39; פ&#39; ויאמר מש&#39; אל ייי למה הרעת&#39; האנכי הריתי וג&#39; היכן דיבר לו"
                    HPOS="564"
                    VPOS="1928"
                    WIDTH="2264"
                    HEIGHT="102"></String>
          </TextLine>

          
          
          <TextLine ID="eSc_line_1635412"
                    
                    BASELINE="592 2040 980 2040 1269 2051 1879 2051 2394 2065 2832 2065" 
                    HPOS="585"
                    VPOS="1991"
                    WIDTH="2243"
                    HEIGHT="106">
            <Shape><Polygon POINTS="589 2037 585 2086 2821 2097 2828 2062 2825 2019 2479 2019 2479 2016 2468 2002 2465 2002 2465 1998 2461 1998 2458 1998 2454 1998 1872 2009 1781 2009 1777 2009 1742 1991 1738 1991 1735 1991 589 1995 589 2037"/></Shape>
	    <String CONTENT="כן בשעה [](ש)א&#39; לו ועתה לך נחה וג&#39; לפניך עד אין דבר תלי בדלא תלי ת&#39;ל&#39; וידבר ייי ﭏ משה"
                    HPOS="585"
                    VPOS="1991"
                    WIDTH="2243"
                    HEIGHT="106"></String>
          </TextLine>

          
          
          <TextLine ID="eSc_line_1635413"
                    
                    BASELINE="606 2097 800 2111 1245 2122 1714 2118 2207 2136 2827 2136" 
                    HPOS="599"
                    VPOS="2062"
                    WIDTH="2226"
                    HEIGHT="109">
            <Shape><Polygon POINTS="603 2093 599 2143 2818 2171 2825 2132 2821 2083 603 2062 603 2093"/></Shape>
	    <String CONTENT="ואל אהרן ויצום וג&#39; אמ&#39; להן היו יודעין שסורבנין וטורחנין הם אלא על מנת כן היו מקבלין"
                    HPOS="599"
                    VPOS="2062"
                    WIDTH="2226"
                    HEIGHT="109"></String>
          </TextLine>

          
          
          <TextLine ID="eSc_line_1635414"
                    
                    BASELINE="578 2174 938 2181 1227 2192 2310 2189 2691 2199 2827 2210" 
                    HPOS="571"
                    VPOS="2125"
                    WIDTH="2254"
                    HEIGHT="113">
            <Shape><Polygon POINTS="574 2171 571 2224 2814 2238 2825 2206 2821 2160 2736 2139 2733 2139 2024 2146 1329 2153 1290 2136 1280 2129 1276 2129 1273 2129 1234 2132 1142 2150 1121 2132 1118 2132 1114 2132 1110 2132 1086 2132 800 2143 574 2125 574 2171"/></Shape>
	    <String CONTENT="עליהן שיהו מקללין אתכם וסוקלין אתכם באבנים : ס&#39; פ&#39; ˙ מאין לי בשר יכול"
                    HPOS="571"
                    VPOS="2125"
                    WIDTH="2254"
                    HEIGHT="113"></String>
          </TextLine>

          
          
          <TextLine ID="eSc_line_1635415"
                    
                    BASELINE="567 2238 680 2252 821 2252 1086 2263 1513 2259 1781 2270 2162 2270 2408 2277 2684 2273 2827 2280" 
                    HPOS="560"
                    VPOS="2203"
                    WIDTH="2265"
                    HEIGHT="109">
            <Shape><Polygon POINTS="564 2234 560 2287 2814 2312 2825 2277 2825 2238 564 2203 564 2234"/></Shape>
	    <String CONTENT="אחד הוא או שנים לא אוכל לבדי אם ככה את עושה לי לפי שהראהו למשה סדר פורעניות"
                    HPOS="560"
                    VPOS="2203"
                    WIDTH="2265"
                    HEIGHT="109"></String>
          </TextLine>

          
          
          <TextLine ID="eSc_line_1635416"
                    
                    BASELINE="567 2322 758 2333 2027 2330 2327 2344 2808 2347" 
                    HPOS="560"
                    VPOS="2273"
                    WIDTH="2247"
                    HEIGHT="109">
            <Shape><Polygon POINTS="564 2319 560 2365 2796 2382 2807 2344 2803 2294 881 2294 871 2291 807 2273 804 2273 800 2273 564 2287 564 2319"/></Shape>
	    <String CONTENT="העתידה לבוא עליהן היה ר&#39; שמעון או&#39; מש&#39; למ&#39; הד&#39; דו&#39; לאחד שיצא הוא ובניו ליהרג אמר"
                    HPOS="560"
                    VPOS="2273"
                    WIDTH="2247"
                    HEIGHT="109"></String>
          </TextLine>

          
          
          <TextLine ID="eSc_line_1635417"
                    
                    BASELINE="567 2386 842 2397 1234 2397 1368 2404 2808 2397" 
                    HPOS="564"
                    VPOS="2358"
                    WIDTH="2243"
                    HEIGHT="91">
            <Shape><Polygon POINTS="564 2435 2800 2449 2807 2397 2803 2358 564 2358 564 2382 564 2435"/></Shape>
	    <String CONTENT="לספקלטור הורגני עד שלא תהרוג את בניי לא כשם שנ&#39; בצדקיהו וישחט מלך בבל את בני"
                    HPOS="564"
                    VPOS="2358"
                    WIDTH="2243"
                    HEIGHT="91"></String>
          </TextLine>

          
          
          <TextLine ID="eSc_line_1635418"
                    
                    BASELINE="543 2460 1636 2460 1939 2474 2736 2471 2808 2477" 
                    HPOS="536"
                    VPOS="2425"
                    WIDTH="2271"
                    HEIGHT="88">
            <Shape><Polygon POINTS="539 2456 536 2509 2796 2513 2807 2474 2803 2425 539 2425 539 2456"/></Shape>
	    <String CONTENT="צדקיהו לעינין ואת עיני צדקי&#39; עור כך א&#39; משה לפני מקום רבוני אם ככה את עושה לי הרגני"
                    HPOS="536"
                    VPOS="2425"
                    WIDTH="2271"
                    HEIGHT="88"></String>
          </TextLine>

          
          
          <TextLine ID="eSc_line_1635419"
                    
                    BASELINE="610 2530 920 2527 1259 2538 2465 2545 2808 2554" 
                    HPOS="603"
                    VPOS="2488"
                    WIDTH="2204"
                    HEIGHT="109">
            <Shape><Polygon POINTS="606 2527 603 2566 680 2587 684 2587 687 2587 1075 2573 1153 2573 1174 2576 1248 2590 1252 2590 1382 2580 1421 2576 2796 2597 2807 2552 2803 2499 606 2488 606 2527"/></Shape>
	    <String CONTENT="הא יפה לי שתהי הורגני תחילה ואל אראה ברעתי בפורענות שעתידה לבוא עליהן : ס&#39; פ&#39; ˙"
                    HPOS="603"
                    VPOS="2488"
                    WIDTH="2204"
                    HEIGHT="109"></String>
          </TextLine>

          
          
          <TextLine ID="eSc_line_1635420"
                    
                    BASELINE="571 2601 1262 2601 1837 2615 2808 2615" 
                    HPOS="564"
                    VPOS="2562"
                    WIDTH="2243"
                    HEIGHT="95">
            <Shape><Polygon POINTS="567 2597 564 2640 2800 2657 2807 2612 2803 2573 567 2562 567 2597"/></Shape>
	    <String CONTENT="אספה לי שבעים למה נא&#39; לפי שהוא או&#39; לא אוכל אנכי לבדי א&#39; לו מקום מה שביקשתה"
                    HPOS="564"
                    VPOS="2562"
                    WIDTH="2243"
                    HEIGHT="95"></String>
          </TextLine>

          
          
          <TextLine ID="eSc_line_1635422"
                    
                    BASELINE="574 2668 818 2664 1202 2671 2095 2671 2803 2686" 
                    HPOS="567"
                    VPOS="2626"
                    WIDTH="2233"
                    HEIGHT="95">
            <Shape><Polygon POINTS="571 2664 567 2700 2789 2721 2800 2682 2796 2633 571 2626 571 2664"/></Shape>
	    <String CONTENT="נתתי לך אספה לי שתהי סנהדרין לשמי שבכל מקום שנ&#39; לי הרי זה קיים לעולם ולעולמי"
                    HPOS="567"
                    VPOS="2626"
                    WIDTH="2233"
                    HEIGHT="95"></String>
          </TextLine>

          
          
          <TextLine ID="eSc_line_1635423"
                    
                    BASELINE="550 2724 1587 2724 2793 2742" 
                    HPOS="543"
                    VPOS="2682"
                    WIDTH="2246"
                    HEIGHT="92">
            <Shape><Polygon POINTS="546 2721 543 2767 2779 2774 2789 2738 2789 2700 546 2682 546 2721"/></Shape>
	    <String CONTENT="{ע}ולמים בכהנים הוא או&#39; וכהנו לי בלוים הוא או&#39; והיו לי ביש&#39; הוא או&#39; כי לי בני יש&#39; עבדים באר&#39;"
                    HPOS="543"
                    VPOS="2682"
                    WIDTH="2246"
                    HEIGHT="92"></String>
          </TextLine>

          
          
          <TextLine ID="eSc_line_1635421"
                    
                    BASELINE="546 2784 758 2781 1012 2791 1421 2791 1678 2798 2458 2795 2795 2808" 
                    HPOS="539"
                    VPOS="2749"
                    WIDTH="2254"
                    HEIGHT="99">
            <Shape><Polygon POINTS="543 2781 539 2827 2782 2848 2793 2805 2789 2760 543 2749 543 2781"/></Shape>
	    <String CONTENT="{הו}א או&#39; כי לי הארץ בבכורות הוא או&#39; כי לי כל בכור במקדש הוא או&#39; ועשו לי מקדש במזבח"
                    HPOS="539"
                    VPOS="2749"
                    WIDTH="2254"
                    HEIGHT="99"></String>
          </TextLine>

          
          
          <TextLine ID="eSc_line_1635400"
                    
                    BASELINE="641 2862 917 2862 1043 2869 2133 2865 2465 2876 2795 2879" 
                    HPOS="634"
                    VPOS="2823"
                    WIDTH="2159"
                    HEIGHT="99">
            <Shape><Polygon POINTS="638 2858 634 2911 2782 2922 2793 2876 2789 2823 638 2823 638 2858"/></Shape>
	    <String CONTENT="ה{ו}א או&#39; מזבח אדמה תעשה לי בשמן המשחה הוא או&#39; כי שמן משחת קדש תה&#39; זה לי [ב&#39;]"
                    HPOS="634"
                    VPOS="2823"
                    WIDTH="2159"
                    HEIGHT="99"></String>
          </TextLine>

          
          
          <TextLine ID="eSc_line_1635389"
                    
                    BASELINE="571 2932 1199 2939 1491 2953 2691 2950 2795 2961" 
                    HPOS="564"
                    VPOS="2883"
                    WIDTH="2229"
                    HEIGHT="116">
            <Shape><Polygon POINTS="567 2929 564 2982 2779 2999 2793 2961 2789 2904 1375 2883 1371 2883 567 2897 567 2929"/></Shape>
	    <String CONTENT="במלכות הוא או&#39; כי ראיתי בבניו לי מלך בקורבנות הוא או&#39; להקריב לי במועדו הא כל מקום"
                    HPOS="564"
                    VPOS="2883"
                    WIDTH="2229"
                    HEIGHT="116"></String>
          </TextLine>

          
          
          <TextLine ID="eSc_line_1635379"
                    
                    BASELINE="567 3010 945 3006 1692 3024 2787 3024" 
                    HPOS="560"
                    VPOS="2971"
                    WIDTH="2226"
                    HEIGHT="85">
            <Shape><Polygon POINTS="564 3006 560 3045 2779 3056 2786 3020 2782 2982 564 2971 564 3006"/></Shape>
	    <String CONTENT="שנ&#39; לי הרי זה קיום לעולם ולעול&#39; עולמ&#39; שבעים שתהי סנדרין ע&#39; ע&#39; איש שיהו בעלי"
                    HPOS="560"
                    VPOS="2971"
                    WIDTH="2226"
                    HEIGHT="85"></String>
          </TextLine>

          
          
          <TextLine ID="eSc_line_1635392"
                    
                    BASELINE="592 3063 962 3070 1153 3080 1361 3077 1622 3087 1999 3087 2229 3094 2419 3091 2787 3101" 
                    HPOS="585"
                    VPOS="3017"
                    WIDTH="2201"
                    HEIGHT="130">
            <Shape><Polygon POINTS="589 3059 585 3101 1862 3140 1890 3140 1925 3140 1960 3140 1996 3140 2010 3140 2162 3130 2183 3147 2186 3147 2190 3147 2193 3147 2779 3137 2786 3098 2782 3056 589 3017 589 3059"/></Shape>
	    <String CONTENT="חכמה ובעלי גבורה ותיקין בפסיפוס : מזקני יש&#39; לא במקום אחד ולא בשנים המקום"
                    HPOS="585"
                    VPOS="3017"
                    WIDTH="2201"
                    HEIGHT="130"></String>
          </TextLine>

          
          
          <TextLine ID="eSc_line_1635382"
                    
                    BASELINE="610 3147 1879 3147 2518 3165 2787 3159" 
                    HPOS="606"
                    VPOS="3105"
                    WIDTH="2180"
                    HEIGHT="102">
            <Shape><Polygon POINTS="606 3144 610 3200 638 3186 694 3200 708 3204 712 3204 715 3207 2782 3207 2786 3158 2782 3109 606 3105 606 3144"/></Shape>
	    <String CONTENT="חולק כבוד לזקנים בכל מקום שאת מוצא המק&#39; חולק כבוד לזקנים כיוצ&#39; בו אתה או&#39; לך"
                    HPOS="606"
                    VPOS="3105"
                    WIDTH="2180"
                    HEIGHT="102"></String>
          </TextLine>

          
          
          <TextLine ID="eSc_line_1635380"
                    
                    BASELINE="610 3221 1414 3218 1749 3228 2091 3228 2348 3235 2779 3228" 
                    HPOS="606"
                    VPOS="3179"
                    WIDTH="2169"
                    HEIGHT="102">
            <Shape><Polygon POINTS="606 3281 638 3281 673 3281 708 3281 744 3281 779 3281 814 3281 849 3281 885 3281 920 3281 955 3281 991 3281 1026 3281 1061 3281 1096 3281 1132 3281 1167 3281 1202 3281 1237 3281 1273 3281 2772 3281 2775 3225 2772 3183 606 3179 606 3218 606 3281"/></Shape>
	    <String CONTENT="ואספת את זקני יש&#39; וילך מש&#39; ואהר&#39; וזקני יש&#39; ואל משה אמר על&#39; אל ייי אתה ואה&#39; נדב"
                    HPOS="606"
                    VPOS="3179"
                    WIDTH="2169"
                    HEIGHT="102"></String>
          </TextLine>

          
          
          <TextLine ID="eSc_line_1635381"
                    
                    BASELINE="592 3288 1213 3288 1594 3306 1946 3302 2299 3313 2787 3317" 
                    HPOS="585"
                    VPOS="3242"
                    WIDTH="2201"
                    HEIGHT="106">
            <Shape><Polygon POINTS="589 3285 585 3334 2775 3348 2786 3313 2786 3253 589 3242 589 3285"/></Shape>
	    <String CONTENT="ואבי&#39; ושבע&#39; מזקני יש&#39; ואל הזקנ&#39; אמ&#39; ויהי ביום השמיני קרא משה לזקני יש&#39; הא בכל"
                    HPOS="585"
                    VPOS="3242"
                    WIDTH="2201"
                    HEIGHT="106"></String>
          </TextLine>

          
          
          <TextLine ID="eSc_line_1635378"
                    
                    BASELINE="596 3359 1248 3359 1558 3369 2787 3376" 
                    HPOS="589"
                    VPOS="3309"
                    WIDTH="2197"
                    HEIGHT="99">
            <Shape><Polygon POINTS="2779 3320 592 3309 592 3355 589 3405 2775 3408 2786 3373 2782 3334 2779 3320"/></Shape>
	    <String CONTENT="מקום שאת מוצא המקום חולק כבוד לזקנים ר&#39; שמעון בן יוחי או&#39; מנ&#39; שאף לעתיד לבוא"
                    HPOS="589"
                    VPOS="3309"
                    WIDTH="2197"
                    HEIGHT="99"></String>
          </TextLine>

          
          
          <TextLine ID="eSc_line_1635388"
                    
                    BASELINE="589 3419 1252 3433 2787 3433" 
                    HPOS="581"
                    VPOS="3387"
                    WIDTH="2205"
                    HEIGHT="85">
            <Shape><Polygon POINTS="585 3415 581 3465 2779 3472 2786 3429 2782 3387 585 3387 585 3415"/></Shape>
	    <String CONTENT="המק&#39; חולק כבוד לזקנים ת&#39;ל&#39; ונגד זקניו כבוד נגד מלכין נגד נביאין לא נא&#39; אלא ונגד זקניו"
                    HPOS="581"
                    VPOS="3387"
                    WIDTH="2205"
                    HEIGHT="85"></String>
          </TextLine>

          
          
          <TextLine ID="eSc_line_1635386"
                    
                    BASELINE="578 3486 1005 3493 1308 3503 2624 3500 2779 3507" 
                    HPOS="571"
                    VPOS="3461"
                    WIDTH="2204"
                    HEIGHT="78">
            <Shape><Polygon POINTS="574 3482 571 3535 2765 3539 2775 3503 2772 3461 574 3461 574 3482"/></Shape>
	    <String CONTENT="כבוד והרי דבר&#39; קל וחו&#39; אם מי שאמר והיה העו&#39; עתיד [ע] לחלוק כבוד לזקנים ולצדיקים על"
                    HPOS="571"
                    VPOS="3461"
                    WIDTH="2204"
                    HEIGHT="78"></String>
          </TextLine>

          
          
          <TextLine ID="eSc_line_1635383"
                    
                    BASELINE="610 3560 1322 3567 1491 3574 2761 3567" 
                    HPOS="606"
                    VPOS="3514"
                    WIDTH="2152"
                    HEIGHT="102">
            <Shape><Polygon POINTS="606 3606 2751 3616 2758 3563 2754 3514 606 3514 606 3556 606 3606"/></Shape>
	    <String CONTENT="אחת כמה מה בשר ודם צריך לחל&#39; כב&#39; לצדי&#39; וכן את מוצא שהמק&#39; מצטער על זקן אחד"
                    HPOS="606"
                    VPOS="3514"
                    WIDTH="2152"
                    HEIGHT="102"></String>
          </TextLine>

          
          
          <TextLine ID="eSc_line_1635387"
                    
                    BASELINE="581 3627 902 3627 1029 3634 1350 3637 1893 3637 2056 3644 2176 3644 2384 3634 2765 3637" 
                    HPOS="578"
                    VPOS="3588"
                    WIDTH="2183"
                    HEIGHT="95">
            <Shape><Polygon POINTS="578 3623 578 3683 2754 3676 2761 3634 2754 3588 578 3591 578 3623"/></Shape>
	    <String CONTENT="כנגד כל יש&#39; כולו שנ&#39; קצפתי על עמי כביכול מחוללין על הכל אבל על זקן הכבדת עלך מאד ˙"
                    HPOS="578"
                    VPOS="3588"
                    WIDTH="2183"
                    HEIGHT="95"></String>
          </TextLine>

          
          
          <TextLine ID="eSc_line_1635390"
                    
                    BASELINE="592 3694 1498 3694 1724 3701 2641 3701 2754 3690" 
                    HPOS="589"
                    VPOS="3648"
                    WIDTH="2162"
                    HEIGHT="141">
            <Shape><Polygon POINTS="589 3690 592 3778 656 3754 913 3754 973 3778 994 3785 998 3785 1001 3789 1206 3789 1206 3785 1209 3785 1227 3775 1252 3761 1276 3775 1287 3785 1290 3785 1294 3785 1297 3785 1301 3785 1304 3785 1319 3775 1336 3764 1371 3775 1403 3785 1407 3785 1410 3785 1414 3785 1417 3785 1417 3782 1428 3775 1446 3761 1463 3775 1474 3785 1477 3785 1481 3785 1484 3789 1625 3789 1625 3785 1685 3775 1781 3754 1844 3775 1879 3785 1883 3785 1886 3789 2109 3789 2109 3785 2186 3771 2288 3754 2348 3771 2384 3782 2387 3782 2391 3782 2394 3782 2430 3771 2486 3754 2743 3768 2751 3687 2743 3648 589 3651 589 3690"/></Shape>
	    <String CONTENT="אשר ידעת כי הם את צריך לידע אם הם ברורים לפני זקני העם מל&#39; שאין אדם יושב"
                    HPOS="589"
                    VPOS="3648"
                    WIDTH="2162"
                    HEIGHT="141"></String>
          </TextLine>

          
        </TextBlock>
        
        <TextBlock HPOS="735.0"
                   VPOS="3777.0"
                   WIDTH="253.0"
                   HEIGHT="146.0"
                   ID="eSc_textblock_18285"
                   TAGREFS="BT854">
          <Shape><Polygon POINTS="981 3784 988 3917 735 3923 742 3777"/></Shape>
          
          
          <TextLine ID="eSc_line_1635401"
                    
                    BASELINE="701 3828 765 3842 1001 3835" 
                    HPOS="694"
                    VPOS="3771"
                    WIDTH="304"
                    HEIGHT="258">
            <Shape><Polygon POINTS="976 3810 941 3782 906 3782 871 3782 835 3778 800 3778 765 3778 761 3771 694 3771 698 3824 698 4029 779 4011 994 4022 998 3831 994 3775 980 3771 976 3810"/></Shape>
	    <String CONTENT="בישיבה"
                    HPOS="694"
                    VPOS="3771"
                    WIDTH="304"
                    HEIGHT="258"></String>
          </TextLine>

          
        </TextBlock>
        

        
      </PrintSpace>
    </Page>
  </Layout>
</alto>
