<?xml version="1.0" encoding="UTF-8"?>
<alto xmlns:xsi="http://www.w3.org/2001/XMLSchema-instance"
      xmlns="http://www.loc.gov/standards/alto/ns-v4#"
      xsi:schemaLocation="http://www.loc.gov/standards/alto/ns-v4# http://www.loc.gov/standards/alto/v4/alto-4-2.xsd">
  <Description>
    <MeasurementUnit>pixel</MeasurementUnit>
    <sourceImageInformation>
      <fileName>Vat.ebr.32_0127_fa_0061r.jpg</fileName>
      
    </sourceImageInformation>
  </Description>
  
  <Tags>
    <OtherTag ID="BT1" LABEL="Title" DESCRIPTION="block type Title"/><OtherTag ID="BT2" LABEL="Main" DESCRIPTION="block type Main"/><OtherTag ID="BT3" LABEL="Commentary" DESCRIPTION="block type Commentary"/><OtherTag ID="BT4" LABEL="Illustration" DESCRIPTION="block type Illustration"/><OtherTag ID="BT853" LABEL="Margin" DESCRIPTION="block type Margin"/><OtherTag ID="BT854" LABEL="Paratext" DESCRIPTION="block type Paratext"/>
    <OtherTag ID="LT2" LABEL="Numbering" DESCRIPTION="line type Numbering"/><OtherTag ID="LT3" LABEL="Correction" DESCRIPTION="line type Correction"/>
  </Tags>
  
  <Layout>
    <Page WIDTH="3054"
          HEIGHT="4230"
          PHYSICAL_IMG_NR="120"
          ID="eSc_dummypage_">
      <PrintSpace HPOS="0"
                  VPOS="0"
                  WIDTH="3054"
                  HEIGHT="4230">
        
        <TextBlock HPOS="470.0"
                   VPOS="412.0"
                   WIDTH="2223.0"
                   HEIGHT="3288.0"
                   ID="eSc_textblock_16800"
                   TAGREFS="BT2">
          <Shape><Polygon POINTS="470 412 2676 412 2693 3671 498 3700"/></Shape>
          
          
          <TextLine ID="eSc_line_1636065"
                    
                    BASELINE="461 472 2098 468 2660 489" 
                    HPOS="454"
                    VPOS="412"
                    WIDTH="2205"
                    HEIGHT="120">
            <Shape><Polygon POINTS="2218 412 2182 412 2147 412 2112 412 2077 412 2041 412 2006 412 1971 412 1936 412 1900 412 1869 412 1858 422 1858 426 1710 426 1710 422 1696 412 1689 412 1653 412 1618 412 1583 412 1548 412 1512 412 1477 412 1442 412 1414 412 1378 422 1371 426 1153 426 1146 422 1107 412 1089 412 1054 412 1019 412 1012 412 962 422 952 422 945 422 909 412 878 412 842 412 807 412 772 412 737 412 701 412 666 412 631 412 627 412 458 419 458 468 454 511 1026 532 1029 532 2651 518 2659 486 2655 426 2218 412 2218 412"/></Shape>
	    <String CONTENT="שמע שאינה אלא ללמד תקדום פרשת והיה לפרשת ציצית שאינה אלא לעשות"
                    HPOS="454"
                    VPOS="412"
                    WIDTH="2205"
                    HEIGHT="120"></String>
          </TextLine>

          
          
          <TextLine ID="eSc_line_1636095"
                    
                    BASELINE="479 539 1893 539 2369 556 2660 549" 
                    HPOS="472"
                    VPOS="489"
                    WIDTH="2187"
                    HEIGHT="117">
            <Shape><Polygon POINTS="476 535 472 585 1463 606 1467 606 2655 592 2659 546 2655 514 2084 493 2080 493 1343 507 1297 489 1294 489 1290 489 1191 507 969 489 966 489 476 507 476 535"/></Shape>
	    <String CONTENT="שעל כך ניתנה תורה ללמוד וללמד לשמר ולעשות ˙ וראיתם ועשיתם אתו מגי[](ד)"
                    HPOS="472"
                    VPOS="489"
                    WIDTH="2187"
                    HEIGHT="117"></String>
          </TextLine>

          
          
          <TextLine ID="eSc_line_1636067"
                    
                    BASELINE="493 616 599 609 878 620 2225 616 2440 627 2560 627 2660 617" 
                    HPOS="486"
                    VPOS="564"
                    WIDTH="2173"
                    HEIGHT="95">
            <Shape><Polygon POINTS="490 613 490 659 2655 655 2659 616 2655 585 641 564 638 564 486 581 490 613"/></Shape>
	    <String CONTENT="הכת&#39; שכל המקיים מצות ציצית מעלין עליו כילו קיים את כל המצוות והרי דברים"
                    HPOS="486"
                    VPOS="564"
                    WIDTH="2173"
                    HEIGHT="95"></String>
          </TextLine>

          
          
          <TextLine ID="eSc_line_1636068"
                    
                    BASELINE="461 666 885 683 2087 680 2387 697 2574 694 2660 700" 
                    HPOS="454"
                    VPOS="641"
                    WIDTH="2205"
                    HEIGHT="95">
            <Shape><Polygon POINTS="458 662 454 715 874 729 878 729 913 729 948 729 983 729 1019 729 1054 733 1089 733 1124 733 1160 733 1195 733 1230 733 1266 733 1301 733 1336 733 1371 733 1407 733 1442 733 1477 733 1512 733 1548 733 1583 733 1618 733 1653 736 1682 736 2651 729 2659 697 2655 655 458 641 458 662"/></Shape>
	    <String CONTENT="קל וחומר אם המקיים מצות ציצית מעלין עליו כאילו קיים את כל המצוות קל וחומ&#39;"
                    HPOS="454"
                    VPOS="641"
                    WIDTH="2205"
                    HEIGHT="95"></String>
          </TextLine>

          
          
          <TextLine ID="eSc_line_1636069"
                    
                    BASELINE="486 736 1632 743 1858 750 2320 750 2660 761" 
                    HPOS="479"
                    VPOS="708"
                    WIDTH="2180"
                    HEIGHT="102">
            <Shape><Polygon POINTS="483 733 479 782 2648 810 2659 757 2655 722 483 708 483 733"/></Shape>
	    <String CONTENT="לכל מצוות שבתורה ˙ ולא תתורו אחרי לבבכם זו מינות כעניין שנ&#39; ומוצא אני מר"
                    HPOS="479"
                    VPOS="708"
                    WIDTH="2180"
                    HEIGHT="102"></String>
          </TextLine>

          
          
          <TextLine ID="eSc_line_1636096"
                    
                    BASELINE="461 814 578 807 1749 807 2006 821 2207 821 2525 831 2660 841" 
                    HPOS="454"
                    VPOS="771"
                    WIDTH="2205"
                    HEIGHT="103">
            <Shape><Polygon POINTS="458 810 454 860 2648 874 2659 838 2655 782 458 771 458 810"/></Shape>
	    <String CONTENT="ממות ואו&#39; והמלך ישמח בﭏ&#39;ים ואחרי עיניכם זו זנות שנ&#39; ויאמר שמשון אותה קח"
                    HPOS="454"
                    VPOS="771"
                    WIDTH="2205"
                    HEIGHT="103"></String>
          </TextLine>

          
          
          <TextLine ID="eSc_line_1636070"
                    
                    BASELINE="458 898 627 891 786 895 1103 884 1467 881 2535 891 2660 897" 
                    HPOS="454"
                    VPOS="845"
                    WIDTH="2205"
                    HEIGHT="89">
            <Shape><Polygon POINTS="454 895 454 934 2651 934 2659 895 2655 856 454 845 454 895"/></Shape>
	    <String CONTENT="לי כי היא ישרה בעיני ˙ אשר אתם זונים אחריהם זו עבודה זרה כעניין שנ&#39; ויזנו אחרי"
                    HPOS="454"
                    VPOS="845"
                    WIDTH="2205"
                    HEIGHT="89"></String>
          </TextLine>

          
          
          <TextLine ID="eSc_line_1636097"
                    
                    BASELINE="451 955 603 965 726 965 1273 948 2660 948" 
                    HPOS="444"
                    VPOS="912"
                    WIDTH="2215"
                    HEIGHT="89">
            <Shape><Polygon POINTS="447 951 447 997 2651 1001 2659 944 2651 912 444 916 447 951"/></Shape>
	    <String CONTENT="הבעל ר&#39; נתן או&#39; שלא יהא שותה בכוסו ומשתמש בכוסו שלחבירו ד&#39;א&#39; ולא תתורו אחרי"
                    HPOS="444"
                    VPOS="912"
                    WIDTH="2215"
                    HEIGHT="89"></String>
          </TextLine>

          
          
          <TextLine ID="eSc_line_1636071"
                    
                    BASELINE="451 1022 1340 1022 1653 1015 2228 1015 2660 1022" 
                    HPOS="447"
                    VPOS="983"
                    WIDTH="2212"
                    HEIGHT="78">
            <Shape><Polygon POINTS="447 1018 447 1061 2651 1061 2659 1018 2655 983 447 983 447 1018"/></Shape>
	    <String CONTENT="לבבכם ואח&#39; עיניכם מגיד שעינים הולכות אחר הלב או הלב הולך אחר עינים אמרת"
                    HPOS="447"
                    VPOS="983"
                    WIDTH="2212"
                    HEIGHT="78"></String>
          </TextLine>

          
          
          <TextLine ID="eSc_line_1636072"
                    
                    BASELINE="451 1096 613 1089 1833 1092 2101 1082 2660 1082" 
                    HPOS="447"
                    VPOS="1039"
                    WIDTH="2212"
                    HEIGHT="92">
            <Shape><Polygon POINTS="447 1092 447 1131 2655 1131 2659 1078 2651 1039 447 1046 447 1092"/></Shape>
	    <String CONTENT="והרי יש סומה שעושה כל תועבה שבעולם מה ת&#39;ל&#39; אחרי לבבכם מגיד שעינים הולכות"
                    HPOS="447"
                    VPOS="1039"
                    WIDTH="2212"
                    HEIGHT="92"></String>
          </TextLine>

          
          
          <TextLine ID="eSc_line_1636073"
                    
                    BASELINE="465 1170 818 1170 1075 1159 2440 1159 2563 1166 2660 1149" 
                    HPOS="458"
                    VPOS="1113"
                    WIDTH="2201"
                    HEIGHT="92">
            <Shape><Polygon POINTS="461 1166 461 1205 2659 1198 2659 1145 2651 1113 458 1120 461 1166"/></Shape>
	    <String CONTENT="אחר הלב ר&#39; ישמעﭏ או&#39; ולא תתורו אחר&#39; לבב&#39; ואח&#39; עיניכ&#39; לפי שהוא או&#39; שמח בחור"
                    HPOS="458"
                    VPOS="1113"
                    WIDTH="2201"
                    HEIGHT="92"></String>
          </TextLine>

          
          
          <TextLine ID="eSc_line_1636074"
                    
                    BASELINE="476 1226 638 1240 902 1247 1322 1247 1784 1230 2660 1233" 
                    HPOS="472"
                    VPOS="1191"
                    WIDTH="2187"
                    HEIGHT="81">
            <Shape><Polygon POINTS="472 1272 2651 1272 2659 1230 2655 1194 472 1191 472 1223 472 1272"/></Shape>
	    <String CONTENT="בילדותיך וג&#39; בדרך ישרה או בכל דרך שתרצה ת&#39;ל&#39; ולא תתורו וגו&#39; ˙ למען תזכרו ועש&#39;"
                    HPOS="472"
                    VPOS="1191"
                    WIDTH="2187"
                    HEIGHT="81"></String>
          </TextLine>

          
          
          <TextLine ID="eSc_line_1636075"
                    
                    BASELINE="451 1297 1752 1304 2003 1293 2660 1286" 
                    HPOS="444"
                    VPOS="1254"
                    WIDTH="2215"
                    HEIGHT="92">
            <Shape><Polygon POINTS="447 1293 444 1343 2651 1346 2659 1283 2651 1254 447 1261 447 1293"/></Shape>
	    <String CONTENT="את כל מצותי לעשות זכרון כמעשה ˙ והייתם קדשים לﭏ&#39;יכם זו קדושת כל מצוות"
                    HPOS="444"
                    VPOS="1254"
                    WIDTH="2215"
                    HEIGHT="92"></String>
          </TextLine>

          
          
          <TextLine ID="eSc_line_1636076"
                    
                    BASELINE="521 1364 941 1374 1819 1374 2098 1364 2581 1364 2660 1355" 
                    HPOS="514"
                    VPOS="1321"
                    WIDTH="2145"
                    HEIGHT="89">
            <Shape><Polygon POINTS="518 1360 514 1410 2655 1410 2659 1353 2651 1321 518 1325 518 1360"/></Shape>
	    <String CONTENT="אתה או&#39; זו קדושת כל המצוות או אינו אלא קדושת ציצית אמרת במה עיניין מדבר"
                    HPOS="514"
                    VPOS="1321"
                    WIDTH="2145"
                    HEIGHT="89"></String>
          </TextLine>

          
          
          <TextLine ID="eSc_line_1636077"
                    
                    BASELINE="609 1440 1135 1445 1421 1434 1646 1438 2660 1425" 
                    HPOS="603"
                    VPOS="1385"
                    WIDTH="2056"
                    HEIGHT="95">
            <Shape><Polygon POINTS="606 1438 606 1480 2655 1469 2659 1424 2651 1385 603 1395 606 1438"/></Shape>
	    <String CONTENT="בקדושת כל מצוות ר&#39; או&#39; זו קדושת ציצית אתה או&#39; קדושת ציצית או אינו אלא"
                    HPOS="603"
                    VPOS="1385"
                    WIDTH="2056"
                    HEIGHT="95"></String>
          </TextLine>

          
          
          <TextLine ID="eSc_line_1636078"
                    
                    BASELINE="609 1503 680 1498 874 1508 1509 1508 1844 1498 2324 1501 2660 1489" 
                    HPOS="603"
                    VPOS="1448"
                    WIDTH="2056"
                    HEIGHT="110">
            <Shape><Polygon POINTS="606 1501 606 1558 680 1554 708 1554 744 1554 779 1554 793 1554 2655 1536 2659 1487 2651 1448 603 1466 606 1501"/></Shape>
	    <String CONTENT="קדושת כל המצוות כשהוא או&#39; קדושים תהיו כשהוא או&#39; והייתם קדשים לﭏ&#39;יכם"
                    HPOS="603"
                    VPOS="1448"
                    WIDTH="2056"
                    HEIGHT="110"></String>
          </TextLine>

          
          
          <TextLine ID="eSc_line_1636079"
                    
                    BASELINE="609 1569 751 1561 941 1572 1904 1568 2098 1572 2345 1561 2660 1555" 
                    HPOS="603"
                    VPOS="1515"
                    WIDTH="2056"
                    HEIGHT="110">
            <Shape><Polygon POINTS="606 1568 606 1614 1992 1625 1996 1625 2468 1603 2482 1603 2486 1603 2570 1621 2574 1621 2577 1621 2659 1600 2659 1554 2651 1515 603 1533 606 1568"/></Shape>
	    <String CONTENT="זו קדושת ציצית מגיד שהציצית מוספת קדושה ליש&#39; ˙ אני ייי ﭏ&#39;יכם וכי"
                    HPOS="603"
                    VPOS="1515"
                    WIDTH="2056"
                    HEIGHT="110"></String>
          </TextLine>

          
          
          <TextLine ID="eSc_line_1636080"
                    
                    BASELINE="609 1633 892 1642 934 1639 1227 1649 1615 1649 1918 1639 2660 1642" 
                    HPOS="603"
                    VPOS="1593"
                    WIDTH="2056"
                    HEIGHT="102">
            <Shape><Polygon POINTS="606 1632 603 1674 1093 1695 1096 1695 2651 1684 2659 1639 2651 1593 606 1596 606 1632"/></Shape>
	    <String CONTENT="מה עניין יציאת מצרים לכאן שלא יאמר הריני נותן צבעוני וקלא אילן והן"
                    HPOS="603"
                    VPOS="1593"
                    WIDTH="2056"
                    HEIGHT="102"></String>
          </TextLine>

          
          
          <TextLine ID="eSc_line_1987974"
                    
                    BASELINE="609 1716 1548 1723 1925 1709 2660 1709" 
                    HPOS="603"
                    VPOS="1656"
                    WIDTH="2056"
                    HEIGHT="92">
            <Shape><Polygon POINTS="606 1713 603 1748 2655 1748 2659 1706 2655 1674 606 1656 606 1713"/></Shape>
	    <String CONTENT="דומים לתכלת מי מודיע עלי בגלוי אני ייי ﭏ&#39;יכם דעו מה עשיתי להן למצריים"
                    HPOS="603"
                    VPOS="1656"
                    WIDTH="2056"
                    HEIGHT="92"></String>
          </TextLine>

          
          
          <TextLine ID="eSc_line_1636081"
                    
                    BASELINE="609 1793 1322 1787 1594 1780 1809 1783 2140 1769 2660 1762" 
                    HPOS="603"
                    VPOS="1720"
                    WIDTH="2056"
                    HEIGHT="116">
            <Shape><Polygon POINTS="606 1790 606 1836 2655 1804 2659 1758 2651 1720 603 1755 606 1790"/></Shape>
	    <String CONTENT="שהיו מעשיהם בסתר ופירסמתים בגלוי והרי דבר&#39; קל וחו&#39; אם מידת פורענות"
                    HPOS="603"
                    VPOS="1720"
                    WIDTH="2056"
                    HEIGHT="116"></String>
          </TextLine>

          
          
          <TextLine ID="eSc_line_1636082"
                    
                    BASELINE="609 1853 1350 1854 1911 1850 2087 1843 2352 1843 2468 1836 2660 1839" 
                    HPOS="603"
                    VPOS="1801"
                    WIDTH="2056"
                    HEIGHT="88">
            <Shape><Polygon POINTS="606 1850 606 1889 2651 1882 2659 1836 2655 1808 603 1801 606 1850"/></Shape>
	    <String CONTENT="ממועטת העושה בסתר המ&#39;ק&#39;ו&#39;ם&#39; מפרסמו בגלוי קל וחו&#39; למידת הטוב מרובה ˙"
                    HPOS="603"
                    VPOS="1801"
                    WIDTH="2056"
                    HEIGHT="88"></String>
          </TextLine>

          
          
          <TextLine ID="eSc_line_1636083"
                    
                    BASELINE="609 1915 800 1907 945 1914 1731 1917 2147 1914 2309 1907 2560 1910 2660 1901" 
                    HPOS="603"
                    VPOS="1861"
                    WIDTH="2056"
                    HEIGHT="98">
            <Shape><Polygon POINTS="606 1914 606 1959 2655 1959 2659 1899 2655 1875 603 1861 606 1914"/></Shape>
	    <String CONTENT="ד&#39;א&#39; למה מזכירין יציאת מצר&#39; על כל מצוה ומצוה משל למ&#39; הד&#39; דומה למלך"
                    HPOS="603"
                    VPOS="1861"
                    WIDTH="2056"
                    HEIGHT="98"></String>
          </TextLine>

          
          
          <TextLine ID="eSc_line_1636084"
                    
                    BASELINE="609 1978 871 1977 1565 1988 1858 1977 2577 1977 2660 1983" 
                    HPOS="603"
                    VPOS="1931"
                    WIDTH="2056"
                    HEIGHT="92">
            <Shape><Polygon POINTS="606 1977 603 2019 2648 2023 2659 1981 2655 1945 606 1931 606 1977"/></Shape>
	    <String CONTENT="שנשבה בן אוהבו וכשפדאו לא פדאו לשם בן אלא לשם עבד כשיגזור ולא"
                    HPOS="603"
                    VPOS="1931"
                    WIDTH="2056"
                    HEIGHT="92"></String>
          </TextLine>

          
          
          <TextLine ID="eSc_line_1636085"
                    
                    BASELINE="609 2055 754 2048 1015 2058 1421 2048 2660 2051" 
                    HPOS="603"
                    VPOS="1998"
                    WIDTH="2056"
                    HEIGHT="95">
            <Shape><Polygon POINTS="606 2051 603 2093 2651 2086 2659 2048 2655 2012 606 1998 606 2051"/></Shape>
	    <String CONTENT="יהא מקבלו יומר לו עבדי אתה כיון שנכנס למדינה אמ&#39; לו נעול לי סנדליי"
                    HPOS="603"
                    VPOS="1998"
                    WIDTH="2056"
                    HEIGHT="95"></String>
          </TextLine>

          
          
          <TextLine ID="eSc_line_1636086"
                    
                    BASELINE="609 2128 2507 2122 2660 2113" 
                    HPOS="603"
                    VPOS="2072"
                    WIDTH="2056"
                    HEIGHT="99">
            <Shape><Polygon POINTS="606 2125 606 2167 2651 2171 2659 2111 2655 2072 603 2072 606 2125"/></Shape>
	    <String CONTENT="וטול לפניי כלים והולך למרחץ התחיל הבן ההוא מנתיק הוציא עליו שטר"
                    HPOS="603"
                    VPOS="2072"
                    WIDTH="2056"
                    HEIGHT="99"></String>
          </TextLine>

          
          
          <TextLine ID="eSc_line_1636087"
                    
                    BASELINE="609 2199 1089 2206 1893 2206 2048 2199 2660 2186" 
                    HPOS="603"
                    VPOS="2150"
                    WIDTH="2056"
                    HEIGHT="95">
            <Shape><Polygon POINTS="606 2196 606 2245 2655 2245 2659 2185 2651 2150 603 2157 606 2196"/></Shape>
	    <String CONTENT="א&#39; לו עבדי אתה ˙ כך כשפדה המ&#39;ק&#39;ו&#39;ם&#39; את זרע אברהם אוהבו לא פדאן לשם"
                    HPOS="603"
                    VPOS="2150"
                    WIDTH="2056"
                    HEIGHT="95"></String>
          </TextLine>

          
          
          <TextLine ID="eSc_line_1636088"
                    
                    BASELINE="604 2273 754 2277 1756 2277 2052 2266 2094 2270 2235 2263 2668 2256" 
                    HPOS="599"
                    VPOS="2224"
                    WIDTH="2067"
                    HEIGHT="102">
            <Shape><Polygon POINTS="603 2270 603 2315 2383 2326 2387 2326 2662 2305 2666 2256 2662 2224 599 2224 603 2270"/></Shape>
	    <String CONTENT="בנים אלא לשם עבדים כשיגזור ולא יהו מקבלין עליהן או&#39; להם עבדיי אתם"
                    HPOS="599"
                    VPOS="2224"
                    WIDTH="2067"
                    HEIGHT="102"></String>
          </TextLine>

          
          
          <TextLine ID="eSc_line_1636089"
                    
                    BASELINE="521 2337 768 2354 1354 2361 1594 2347 2214 2347 2668 2332" 
                    HPOS="514"
                    VPOS="2298"
                    WIDTH="2152"
                    HEIGHT="88">
            <Shape><Polygon POINTS="518 2333 518 2386 2662 2386 2666 2330 2659 2298 514 2298 518 2333"/></Shape>
	    <String CONTENT="כיון שיצאו למדבר התחיל וגזר עליהן מקצת מצוות קלות ומקצת מצוות חמורות"
                    HPOS="514"
                    VPOS="2298"
                    WIDTH="2152"
                    HEIGHT="88"></String>
          </TextLine>

          
          
          <TextLine ID="eSc_line_1636090"
                    
                    BASELINE="500 2418 722 2414 980 2425 1731 2425 1869 2418 2232 2414 2668 2418" 
                    HPOS="497"
                    VPOS="2382"
                    WIDTH="2169"
                    HEIGHT="96">
            <Shape><Polygon POINTS="497 2414 497 2478 2659 2460 2666 2414 2662 2382 497 2382 497 2414"/></Shape>
	    <String CONTENT="כגון שבת ועריות ציצית ותפילין התחילו ישר&#39; היו מנתקין א&#39; להם עבדיי אתם על"
                    HPOS="497"
                    VPOS="2382"
                    WIDTH="2169"
                    HEIGHT="96"></String>
          </TextLine>

          
          
          <TextLine ID="eSc_line_1636091"
                    
                    BASELINE="511 2485 1847 2502 2668 2481" 
                    HPOS="504"
                    VPOS="2435"
                    WIDTH="2162"
                    HEIGHT="120">
            <Shape><Polygon POINTS="507 2481 504 2534 539 2552 543 2552 546 2552 550 2552 588 2534 1072 2534 1258 2555 1262 2555 2662 2534 2666 2478 2662 2456 927 2435 923 2435 507 2449 507 2481"/></Shape>
	    <String CONTENT="תניי כך פדיתי אתכם על תניי שאהיה גוזר ואתם מקיימין אני ייי ﭏ&#39;יכם עוד"
                    HPOS="504"
                    VPOS="2435"
                    WIDTH="2162"
                    HEIGHT="120"></String>
          </TextLine>

          
          
          <TextLine ID="eSc_line_1636092"
                    
                    BASELINE="546 2562 920 2580 1340 2580 1562 2587 1929 2573 2546 2569 2627 2566 2680 2555" 
                    HPOS="543"
                    VPOS="2523"
                    WIDTH="2133"
                    HEIGHT="110">
            <Shape><Polygon POINTS="543 2633 588 2615 2676 2615 2676 2552 2673 2527 543 2523 543 2559 543 2633"/></Shape>
	    <String CONTENT="למה נא&#39; והרי כבר נא&#39; אני ייי ﭏ&#39;יכם אשר הוצא&#39; אתכם מארץ מצר&#39; מה ת&#39;ל&#39; אני ייי"
                    HPOS="543"
                    VPOS="2523"
                    WIDTH="2133"
                    HEIGHT="110"></String>
          </TextLine>

          
          
          <TextLine ID="eSc_line_1636093"
                    
                    BASELINE="507 2640 740 2650 1611 2650 1869 2640 2274 2643 2680 2628" 
                    HPOS="500"
                    VPOS="2590"
                    WIDTH="2176"
                    HEIGHT="110">
            <Shape><Polygon POINTS="504 2636 504 2689 2186 2700 2189 2700 2673 2679 2676 2626 2669 2590 500 2608 504 2636"/></Shape>
	    <String CONTENT="ﭏ&#39;יכם עוד שלא יהיו ישר&#39; או&#39; מפני מה אמ&#39; המ&#39;ק&#39;ו&#39;ם&#39; שלא שנעשה ונטול שכר לא"
                    HPOS="500"
                    VPOS="2590"
                    WIDTH="2176"
                    HEIGHT="110"></String>
          </TextLine>

          
          
          <TextLine ID="eSc_line_1636094"
                    
                    BASELINE="550 2703 821 2717 1368 2717 1862 2710 2172 2714 2680 2695" 
                    HPOS="543"
                    VPOS="2654"
                    WIDTH="2133"
                    HEIGHT="106">
            <Shape><Polygon POINTS="546 2700 546 2760 2673 2742 2676 2693 2673 2671 2366 2654 2362 2654 2193 2671 2182 2675 543 2679 546 2700"/></Shape>
	    <String CONTENT="עושין ולא נוטלין כעניין שהיו שואלין ישר&#39; את יחזקﭏ עבד שמכרו רבו לא"
                    HPOS="543"
                    VPOS="2654"
                    WIDTH="2133"
                    HEIGHT="106"></String>
          </TextLine>

          
          
          <TextLine ID="eSc_line_1636066"
                    
                    BASELINE="564 2777 2267 2784 2680 2775" 
                    HPOS="557"
                    VPOS="2731"
                    WIDTH="2119"
                    HEIGHT="96">
            <Shape><Polygon POINTS="560 2774 557 2827 2602 2827 2637 2827 2673 2827 2676 2774 2669 2731 560 2735 560 2774"/></Shape>
	    <String CONTENT="יצא מרשותו א&#39; להן הין אמ&#39; לו הואיל ומכרנו המ&#39;ק&#39;ו&#39;ם&#39; לאומות העולם יצאנוּ"
                    HPOS="557"
                    VPOS="2731"
                    WIDTH="2119"
                    HEIGHT="96"></String>
          </TextLine>

          
          
          <TextLine ID="eSc_line_1636062"
                    
                    BASELINE="511 2855 1336 2855 1735 2837 2232 2837 2391 2844 2680 2834" 
                    HPOS="504"
                    VPOS="2802"
                    WIDTH="2172"
                    HEIGHT="95">
            <Shape><Polygon POINTS="507 2851 507 2897 2676 2876 2676 2830 2669 2802 504 2805 507 2851"/></Shape>
	    <String CONTENT="מרשותו א&#39; להן הרי עבד שמכרו רבו על מנת לחזור שמא יצא מרשותו והעולה"
                    HPOS="504"
                    VPOS="2802"
                    WIDTH="2172"
                    HEIGHT="95"></String>
          </TextLine>

          
          
          <TextLine ID="eSc_line_1636051"
                    
                    BASELINE="521 2918 994 2925 1456 2908 2066 2911 2380 2901 2606 2901 2680 2894" 
                    HPOS="514"
                    VPOS="2865"
                    WIDTH="2162"
                    HEIGHT="92">
            <Shape><Polygon POINTS="518 2915 518 2957 2673 2936 2676 2890 2669 2865 514 2876 518 2915"/></Shape>
	    <String CONTENT="על רוחכם אני ידעתיה חי אני נאם ייי ﭏ&#39;ים אם לא ביד חזקה זה הדבר שנ&#39; הנה יד"
                    HPOS="514"
                    VPOS="2865"
                    WIDTH="2162"
                    HEIGHT="92"></String>
          </TextLine>

          
          
          <TextLine ID="eSc_line_1636059"
                    
                    BASELINE="536 2985 860 2985 1146 2975 1403 2975 1742 2964 2017 2968 2228 2957 2450 2957 2535 2950 2680 2955" 
                    HPOS="528"
                    VPOS="2918"
                    WIDTH="2148"
                    HEIGHT="106">
            <Shape><Polygon POINTS="532 2982 532 3024 1407 3013 1414 3013 1445 3013 1527 3010 1555 3010 1590 3010 1625 3010 1661 3006 1696 3006 1731 3006 1766 3006 1802 3003 1837 3003 1872 3003 1907 3003 1943 3003 1978 3003 2013 2999 2048 2999 2080 2999 2115 2999 2151 2999 2186 2999 2221 2999 2256 2999 2292 2999 2327 2999 2362 2999 2398 2999 2433 2999 2468 2999 2503 2999 2539 2999 2574 2999 2609 2999 2644 2999 2669 2999 2676 2953 2669 2918 528 2943 532 2982"/></Shape>
	    <String CONTENT="ייי הויה ˙ ובזרוע נטויה זה החרב שנ&#39; וחרבו שלופה בידו ˙ ובחמה שפוכה"
                    HPOS="528"
                    VPOS="2918"
                    WIDTH="2148"
                    HEIGHT="106"></String>
          </TextLine>

          
          
          <TextLine ID="eSc_line_1636063"
                    
                    BASELINE="532 3035 680 3031 895 3038 1777 3013 2207 3006 2680 3006" 
                    HPOS="525"
                    VPOS="2957"
                    WIDTH="2151"
                    HEIGHT="123">
            <Shape><Polygon POINTS="528 3031 528 3077 564 3077 599 3077 634 3077 670 3080 705 3080 705 3080 2673 3042 2676 3003 2669 2957 525 2992 528 3031"/></Shape>
	    <String CONTENT="זו רעב אחר שאני מביא עליכם שלש פורעניות זו אחר זו ואחרכך אמלוך"
                    HPOS="525"
                    VPOS="2957"
                    WIDTH="2151"
                    HEIGHT="123"></String>
          </TextLine>

          
          
          <TextLine ID="eSc_line_1636061"
                    
                    BASELINE="536 3084 899 3094 1072 3087 1304 3087 1685 3073 2316 3066 2680 3052" 
                    HPOS="528"
                    VPOS="3024"
                    WIDTH="2148"
                    HEIGHT="113">
            <Shape><Polygon POINTS="532 3080 532 3137 2673 3098 2676 3049 2669 3024 528 3049 532 3080"/></Shape>
	    <String CONTENT="עליכם על כורחכם לכך נא&#39; אני ייי ﭏ&#39;יכם על כורחכם ˙ ר&#39; נתן או&#39; אין לך כל מצוה"
                    HPOS="528"
                    VPOS="3024"
                    WIDTH="2148"
                    HEIGHT="113"></String>
          </TextLine>

          
          
          <TextLine ID="eSc_line_1636056"
                    
                    BASELINE="493 3151 1026 3151 1488 3133 2352 3130 2680 3113" 
                    HPOS="486"
                    VPOS="3073"
                    WIDTH="2190"
                    HEIGHT="113">
            <Shape><Polygon POINTS="490 3147 490 3186 2673 3158 2676 3112 2669 3073 486 3109 490 3147"/></Shape>
	    <String CONTENT="ומצוה שבתורה שאין מתן שכרה בצידה צא ולמד ממצוות ציצית ˙ מעשה באדם"
                    HPOS="486"
                    VPOS="3073"
                    WIDTH="2190"
                    HEIGHT="113"></String>
          </TextLine>

          
          
          <TextLine ID="eSc_line_1636060"
                    
                    BASELINE="504 3211 645 3204 1392 3207 2172 3190 2345 3193 2577 3186 2680 3177" 
                    HPOS="497"
                    VPOS="3151"
                    WIDTH="2179"
                    HEIGHT="99">
            <Shape><Polygon POINTS="500 3207 500 3250 2673 3225 2676 3176 2669 3151 497 3168 500 3207"/></Shape>
	    <String CONTENT="אחד שהיה זהיר במצות ציצית שמע שיש זונה בכרכי הים ונוטלת ארבע מאות"
                    HPOS="497"
                    VPOS="3151"
                    WIDTH="2179"
                    HEIGHT="99"></String>
          </TextLine>

          
          
          <TextLine ID="eSc_line_1636053"
                    
                    BASELINE="490 3271 1068 3267 1301 3260 1572 3264 1728 3257 2214 3253 2369 3246 2493 3250 2680 3237" 
                    HPOS="483"
                    VPOS="3200"
                    WIDTH="2193"
                    HEIGHT="109">
            <Shape><Polygon POINTS="486 3267 486 3309 2673 3285 2676 3235 2669 3200 483 3232 486 3267"/></Shape>
	    <String CONTENT="זהובים בשכרה שיגר לה ארבע מאות זהו&#39; וקבעה לה זמן כיון שהגיע בא וישב לו"
                    HPOS="483"
                    VPOS="3200"
                    WIDTH="2193"
                    HEIGHT="109"></String>
          </TextLine>

          
          
          <TextLine ID="eSc_line_1636052"
                    
                    BASELINE="504 3324 1435 3324 1594 3317 2024 3320 2458 3302 2574 3302 2680 3309" 
                    HPOS="497"
                    VPOS="3278"
                    WIDTH="2179"
                    HEIGHT="84">
            <Shape><Polygon POINTS="500 3320 500 3362 2669 3348 2676 3306 2669 3278 497 3285 500 3320"/></Shape>
	    <String CONTENT="על פתח ביתה נכנסה שפחתה ואמרה לה אותו האיש שקבעתה לו זמן הרי הוא יושב"
                    HPOS="497"
                    VPOS="3278"
                    WIDTH="2179"
                    HEIGHT="84"></String>
          </TextLine>

          
          
          <TextLine ID="eSc_line_1636058"
                    
                    BASELINE="437 3391 1498 3391 1773 3384 2158 3384 2680 3362" 
                    HPOS="430"
                    VPOS="3338"
                    WIDTH="2246"
                    HEIGHT="98">
            <Shape><Polygon POINTS="433 3387 433 3433 2073 3436 2077 3436 2676 3412 2676 3359 2669 3338 430 3352 433 3387"/></Shape>
	    <String CONTENT="על פתח הבית א&#39; לה יכנס כיון שנכנס היציעה לו שבע מיטות שלכסף ועליון שלזהב"
                    HPOS="430"
                    VPOS="3338"
                    WIDTH="2246"
                    HEIGHT="98"></String>
          </TextLine>

          
          
          <TextLine ID="eSc_line_1636055"
                    
                    BASELINE="476 3461 1960 3461 2680 3441" 
                    HPOS="469"
                    VPOS="3405"
                    WIDTH="2207"
                    HEIGHT="95">
            <Shape><Polygon POINTS="472 3458 472 3500 2673 3489 2676 3440 2669 3405 469 3419 472 3458"/></Shape>
	    <String CONTENT="כיון שהגיעו לאותו מעשה באו ארבע ציציותיו ונדמו לו כד&#39; עדים וטפחו לו על פניו"
                    HPOS="469"
                    VPOS="3405"
                    WIDTH="2207"
                    HEIGHT="95"></String>
          </TextLine>

          
          
          <TextLine ID="eSc_line_1636054"
                    
                    BASELINE="479 3532 1713 3532 2500 3514 2680 3517" 
                    HPOS="472"
                    VPOS="3482"
                    WIDTH="2204"
                    HEIGHT="92">
            <Shape><Polygon POINTS="476 3528 476 3574 2669 3560 2676 3514 2669 3482 472 3489 476 3528"/></Shape>
	    <String CONTENT="מיד נשמט וישב על גבי קרקע אף היא נשמטה וישבה על גבי קרקע [ו] אמרה לו"
                    HPOS="472"
                    VPOS="3482"
                    WIDTH="2204"
                    HEIGHT="92"></String>
          </TextLine>

          
          
          <TextLine ID="eSc_line_1636057"
                    
                    BASELINE="454 3595 1509 3602 2680 3578" 
                    HPOS="447"
                    VPOS="3539"
                    WIDTH="2229"
                    HEIGHT="137">
            <Shape><Polygon POINTS="451 3591 451 3651 945 3676 948 3676 1047 3655 1304 3673 1308 3673 1311 3673 1389 3648 1484 3665 1488 3665 1491 3665 1558 3644 1562 3644 1569 3644 1735 3669 1738 3669 1876 3644 1914 3669 1918 3669 1921 3669 1925 3669 1929 3669 1932 3669 1932 3665 1960 3641 2010 3665 2013 3665 2017 3665 2165 3641 2193 3662 2193 3665 2197 3665 2200 3665 2204 3669 2394 3669 2394 3665 2398 3665 2401 3665 2401 3662 2426 3641 2500 3662 2503 3662 2507 3662 2510 3662 2556 3637 2560 3637 2673 3637 2676 3577 2669 3539 447 3560 451 3591"/></Shape>
	    <String CONTENT="גפה שלרומי איני מנחתך עד שתאמר לי מה מום שראיתה בי א&#39; לה העבודה"
                    HPOS="447"
                    VPOS="3539"
                    WIDTH="2229"
                    HEIGHT="137"></String>
          </TextLine>

          
        </TextBlock>
        

        
      </PrintSpace>
    </Page>
  </Layout>
</alto>
