<?xml version="1.0" encoding="UTF-8"?>
<alto xmlns:xsi="http://www.w3.org/2001/XMLSchema-instance"
      xmlns="http://www.loc.gov/standards/alto/ns-v4#"
      xsi:schemaLocation="http://www.loc.gov/standards/alto/ns-v4# http://www.loc.gov/standards/alto/v4/alto-4-2.xsd">
  <Description>
    <MeasurementUnit>pixel</MeasurementUnit>
    <sourceImageInformation>
      <fileName>Vat.ebr.32_0058_fa_0026v.jpg</fileName>
      
    </sourceImageInformation>
  </Description>
  
  <Tags>
    <OtherTag ID="BT1" LABEL="Title" DESCRIPTION="block type Title"/><OtherTag ID="BT2" LABEL="Main" DESCRIPTION="block type Main"/><OtherTag ID="BT3" LABEL="Commentary" DESCRIPTION="block type Commentary"/><OtherTag ID="BT4" LABEL="Illustration" DESCRIPTION="block type Illustration"/><OtherTag ID="BT853" LABEL="Margin" DESCRIPTION="block type Margin"/><OtherTag ID="BT854" LABEL="Paratext" DESCRIPTION="block type Paratext"/>
    <OtherTag ID="LT2" LABEL="Numbering" DESCRIPTION="line type Numbering"/><OtherTag ID="LT3" LABEL="Correction" DESCRIPTION="line type Correction"/>
  </Tags>
  
  <Layout>
    <Page WIDTH="3184"
          HEIGHT="4230"
          PHYSICAL_IMG_NR="51"
          ID="eSc_dummypage_">
      <PrintSpace HPOS="0"
                  VPOS="0"
                  WIDTH="3184"
                  HEIGHT="4230">
        
        <TextBlock HPOS="372.0"
                   VPOS="500.0"
                   WIDTH="2342.0"
                   HEIGHT="3330.0"
                   ID="eSc_textblock_16731"
                   TAGREFS="BT2">
          <Shape><Polygon POINTS="372 500 2714 557 2676 3830 405 3802"/></Shape>
          
          
          <TextLine ID="eSc_line_573255"
                    
                    BASELINE="359 585 1636 592 2636 615 2703 625" 
                    HPOS="352"
                    VPOS="507"
                    WIDTH="2348"
                    HEIGHT="148">
            <Shape><Polygon POINTS="2577 556 2573 553 2461 553 2436 553 2401 549 2365 549 2334 549 2316 553 2302 546 2295 546 2260 546 2224 546 2189 546 2154 542 2147 542 2069 549 2066 549 2034 539 2013 539 1978 539 1942 539 1907 539 1872 535 1837 535 1801 535 1766 535 1731 532 1696 532 1660 532 1625 532 1590 528 1554 528 1519 528 1484 528 1470 525 1170 539 1156 539 1093 518 1061 518 1036 514 592 532 585 532 581 532 546 507 543 507 539 507 535 507 356 528 356 581 352 638 2686 655 2700 623 2700 560 2581 556 2577 556"/></Shape>
	    <String CONTENT="אמרות יי אמרות אמרות בשר ודם אינן אמרות בנוהג שבעולם מלך בשר ודם נכנס למדינה"
                    HPOS="352"
                    VPOS="507"
                    WIDTH="2348"
                    HEIGHT="148"></String>
          </TextLine>

          
          
          <TextLine ID="eSc_line_573256"
                    
                    BASELINE="384 669 966 666 1011 673 1205 676 1956 676 2016 683 2309 680 2443 687 2674 696 2731 675" 
                    HPOS="377"
                    VPOS="620"
                    WIDTH="2352"
                    HEIGHT="116">
            <Shape><Polygon POINTS="380 666 377 715 2725 736 2729 673 2725 641 461 620 458 620 454 620 380 638 380 666"/></Shape>
	    <String CONTENT="כל פיתחה דהפסקתא עד שאתה מגיע על ידי שהיה ספק בידו למחות ולא בשאול על נוב"
                    HPOS="377"
                    VPOS="620"
                    WIDTH="2352"
                    HEIGHT="116"></String>
          </TextLine>

          
          
          <TextLine ID="eSc_line_573257"
                    
                    BASELINE="384 747 444 736 483 736 553 743 1304 747 1339 757 1470 750 1632 750 1847 761 2703 770" 
                    HPOS="380"
                    VPOS="697"
                    WIDTH="2320"
                    HEIGHT="124">
            <Shape><Polygon POINTS="380 743 380 782 458 800 483 800 518 800 553 800 588 800 624 800 659 800 694 800 729 800 747 800 1569 796 1579 796 1590 796 2327 821 2330 821 2693 803 2700 768 2697 729 1205 697 1202 697 380 705 380 743"/></Shape>
	    <String CONTENT="עיר הכהנים ולא מיחה א&#39;ר תנחום בר חניליי שתי פרשיות הכתיב לנו משה והן טהורות"
                    HPOS="380"
                    VPOS="697"
                    WIDTH="2320"
                    HEIGHT="124"></String>
          </TextLine>

          
          
          <TextLine ID="eSc_line_573258"
                    
                    BASELINE="370 810 726 807 810 814 1272 817 1357 824 1643 821 1748 831 2703 840" 
                    HPOS="363"
                    VPOS="775"
                    WIDTH="2337"
                    HEIGHT="113">
            <Shape><Polygon POINTS="366 807 363 863 394 863 398 863 398 863 1026 870 1033 870 1068 870 1103 870 1138 870 1174 870 1188 870 2690 888 2700 838 2700 800 366 775 366 807"/></Shape>
	    <String CONTENT="ועל ידי מי ניתנו על ידי שבטו שללוי שכת&#39; בו כסף צרוף בעליל לארץ וגו&#39; וכת&#39; יטהר"
                    HPOS="363"
                    VPOS="775"
                    WIDTH="2337"
                    HEIGHT="113"></String>
          </TextLine>

          
          
          <TextLine ID="eSc_line_573259"
                    
                    BASELINE="373 867 437 881 1124 877 1329 888 1643 884 1755 895 2038 891 2076 898 2447 898 2538 909 2706 918" 
                    HPOS="366"
                    VPOS="838"
                    WIDTH="2338"
                    HEIGHT="106">
            <Shape><Polygon POINTS="370 863 366 923 440 941 461 941 514 927 2693 944 2704 916 2700 863 2464 842 2461 842 2376 860 2358 863 1688 863 1611 849 1526 838 370 838 370 863"/></Shape>
	    <String CONTENT="את בני לוי וגו&#39; ואי זה זה זו פרה אדומה ופרשת המת ויאמר יי אל משה אמור אל הכהנ&#39;"
                    HPOS="366"
                    VPOS="838"
                    WIDTH="2338"
                    HEIGHT="106"></String>
          </TextLine>

          
          
          <TextLine ID="eSc_line_573260"
                    
                    BASELINE="398 955 557 948 1026 948 1255 958 1551 958 1593 965 1911 962 1953 969 2041 972 2302 972 2341 979 2717 988" 
                    HPOS="391"
                    VPOS="902"
                    WIDTH="2324"
                    HEIGHT="113">
            <Shape><Polygon POINTS="394 951 391 997 423 997 426 994 461 994 497 997 532 997 543 997 2704 1015 2715 986 2715 937 849 902 846 902 394 920 394 951"/></Shape>
	    <String CONTENT="וגו&#39; יום ליום יביע אומר וג&#39; תני באחד בתקופת ניסן ובאחד (ב)תקופת תשרי היום והלילה"
                    HPOS="391"
                    VPOS="902"
                    WIDTH="2324"
                    HEIGHT="113"></String>
          </TextLine>

          
          
          <TextLine ID="eSc_line_573261"
                    
                    BASELINE="401 1001 680 1015 1033 1015 1068 1022 1431 1018 1537 1029 1851 1029 1925 1036 2045 1032 2422 1043 2734 1052" 
                    HPOS="394"
                    VPOS="972"
                    WIDTH="2338"
                    HEIGHT="113">
            <Shape><Polygon POINTS="398 997 394 1050 2722 1085 2732 1050 2732 1011 398 972 398 997"/></Shape>
	    <String CONTENT="שווין למעלה מיכן היום ליוה מן הלילה והלילה ליוה מן היום יום ליום יביע אומר אבל"
                    HPOS="394"
                    VPOS="972"
                    WIDTH="2338"
                    HEIGHT="113"></String>
          </TextLine>

          
          
          <TextLine ID="eSc_line_573262"
                    
                    BASELINE="359 1078 461 1075 539 1082 1019 1085 1103 1092 1375 1089 1470 1099 1706 1099 1805 1106 2055 1103 2094 1110 2475 1113 2521 1120 2699 1122" 
                    HPOS="352"
                    VPOS="1039"
                    WIDTH="2345"
                    HEIGHT="117">
            <Shape><Polygon POINTS="356 1075 352 1124 877 1145 881 1145 916 1145 941 1145 966 1149 969 1149 1223 1135 1255 1135 1262 1135 1304 1149 1339 1149 1368 1149 1505 1138 1519 1138 1537 1152 1551 1152 1583 1152 1692 1142 1755 1152 1763 1152 1798 1156 1830 1156 2690 1149 2697 1120 2697 1071 849 1039 846 1039 356 1050 356 1075"/></Shape>
	    <String CONTENT="למטה [](כ)מה שטרות וכמה גזרי דנין בכל הארץ יצא קום רב שלום בשם ר&#39; אהבה בריה דר&#39; זירא"
                    HPOS="352"
                    VPOS="1039"
                    WIDTH="2345"
                    HEIGHT="117"></String>
          </TextLine>

          
          
          <TextLine ID="eSc_line_573263"
                    
                    BASELINE="426 1142 923 1156 1361 1156 1442 1163 1724 1159 1858 1170 2023 1170 2062 1177 2246 1173 2724 1196" 
                    HPOS="419"
                    VPOS="1103"
                    WIDTH="2303"
                    HEIGHT="134">
            <Shape><Polygon POINTS="423 1138 419 1173 2711 1237 2722 1194 2722 1156 423 1103 423 1138"/></Shape>
	    <String CONTENT="לאחר שנטל הגמוניה שלמלך עד שלא הגיע למיתרין שלו היה מהלך כפגן וכיון שהגיע"
                    HPOS="419"
                    VPOS="1103"
                    WIDTH="2303"
                    HEIGHT="134"></String>
          </TextLine>

          
          
          <TextLine ID="eSc_line_573264"
                    
                    BASELINE="327 1212 659 1212 733 1219 1251 1216 1428 1226 1607 1226 1653 1233 1780 1230 2038 1240 2076 1247 2496 1247 2577 1240 2650 1260 2720 1260" 
                    HPOS="320"
                    VPOS="1173"
                    WIDTH="2398"
                    HEIGHT="117">
            <Shape><Polygon POINTS="324 1209 320 1254 2711 1290 2718 1258 2718 1209 1967 1202 1963 1194 1942 1177 1939 1177 1935 1177 1932 1177 1777 1194 1720 1198 1667 1191 1547 1173 1544 1173 1399 1187 1353 1191 1325 1187 1265 1173 324 1173 324 1209"/></Shape>
	    <String CONTENT="למיתירין שלו היה מהלך בין לאמין כך עד שלא יצאו העולם אין אומר ואין דברים כיון שיצאו"
                    HPOS="320"
                    VPOS="1173"
                    WIDTH="2398"
                    HEIGHT="117"></String>
          </TextLine>

          
          
          <TextLine ID="eSc_line_573265"
                    
                    BASELINE="398 1276 712 1283 747 1290 1064 1286 1110 1293 1230 1297 1502 1297 1540 1304 1741 1300 1815 1311 2298 1311 2376 1318 2713 1320" 
                    HPOS="391"
                    VPOS="1237"
                    WIDTH="2320"
                    HEIGHT="130">
            <Shape><Polygon POINTS="394 1272 391 1328 461 1346 493 1346 518 1332 521 1332 941 1332 1022 1339 1184 1360 1188 1360 1255 1346 1294 1335 1336 1346 1389 1360 1392 1360 1410 1360 1413 1360 1413 1360 2700 1367 2711 1318 2707 1272 1755 1269 1755 1265 1731 1244 1727 1244 1724 1244 1720 1244 1565 1265 1554 1265 1544 1265 1308 1240 1304 1240 1153 1258 955 1237 486 1237 483 1237 479 1237 394 1258 394 1272"/></Shape>
	    <String CONTENT="לעולם כמה שטרות וכמה גזרי דינין בכל הארץ יצא קום ר&#39; ברכיה בשם ר&#39; לוי משל ליש&#39; וכהן"
                    HPOS="391"
                    VPOS="1237"
                    WIDTH="2320"
                    HEIGHT="130"></String>
          </TextLine>

          
          
          <TextLine ID="eSc_line_573266"
                    
                    BASELINE="398 1353 557 1353 610 1360 934 1357 1135 1367 1170 1374 1364 1374 1406 1367 1449 1378 1498 1381 1710 1381 1844 1388 2122 1385 2161 1392 2316 1395 2727 1404" 
                    HPOS="391"
                    VPOS="1311"
                    WIDTH="2334"
                    HEIGHT="141">
            <Shape><Polygon POINTS="394 1350 391 1402 1621 1441 1625 1441 1953 1431 2246 1448 2249 1448 2253 1448 2295 1431 2471 1452 2475 1452 2718 1431 2725 1402 2722 1357 2323 1353 2320 1350 2291 1332 2288 1332 2284 1332 2281 1332 2277 1332 2231 1350 2228 1350 2179 1350 1805 1328 1801 1328 1442 1339 1403 1339 1399 1339 1353 1318 1350 1318 1346 1318 1198 1335 1191 1335 1181 1335 796 1311 793 1311 394 1325 394 1350"/></Shape>
	    <String CONTENT="שניכפו ומסר להן רופא קמיע ומומחה והיה מצוה את יש&#39; ומניח את הכהן א&#39; לו אותו כהן"
                    HPOS="391"
                    VPOS="1311"
                    WIDTH="2334"
                    HEIGHT="141"></String>
          </TextLine>

          
          
          <TextLine ID="eSc_line_573267"
                    
                    BASELINE="366 1417 610 1424 687 1431 860 1427 1015 1438 1114 1438 1149 1445 1258 1441 1618 1459 1808 1455 1886 1462 2157 1466 2239 1473 2422 1469 2636 1485 2671 1475 2727 1493" 
                    HPOS="359"
                    VPOS="1378"
                    WIDTH="2366"
                    HEIGHT="148">
            <Shape><Polygon POINTS="363 1413 359 1455 2707 1526 2725 1491 2725 1452 363 1378 363 1413"/></Shape>
	    <String CONTENT="אדני רופא לא לשנים מסרתה כאחת ומפני מה את מצוה יש&#39; ואת מניח אותי א&#39; לו זה ישראל"
                    HPOS="359"
                    VPOS="1378"
                    WIDTH="2366"
                    HEIGHT="148"></String>
          </TextLine>

          
          
          <TextLine ID="eSc_line_573268"
                    
                    BASELINE="373 1501 698 1498 736 1505 1332 1515 1410 1522 1540 1522 1583 1529 1780 1526 1960 1536 2094 1536 2129 1547 2172 1540 2380 1540 2415 1547 2717 1560" 
                    HPOS="366"
                    VPOS="1448"
                    WIDTH="2349"
                    HEIGHT="138">
            <Shape><Polygon POINTS="370 1498 366 1543 2704 1586 2715 1558 2715 1508 2373 1505 2369 1501 2348 1480 2344 1480 2341 1480 2337 1480 2334 1480 2330 1480 2309 1498 2284 1476 2281 1476 2277 1476 2274 1476 2270 1476 2267 1476 2239 1498 2235 1501 2105 1501 2105 1498 2090 1480 2087 1480 2087 1476 2083 1476 2080 1476 2076 1476 1759 1491 1731 1491 1717 1491 1593 1469 705 1469 602 1448 599 1448 370 1466 370 1498"/></Shape>
	    <String CONTENT="הוא ודרכו להלך בין הקברות אבל את כהן ואין דרכך להלך בין הקברות לפיכך אני מצוה את"
                    HPOS="366"
                    VPOS="1448"
                    WIDTH="2349"
                    HEIGHT="138"></String>
          </TextLine>

          
          
          <TextLine ID="eSc_line_573269"
                    
                    BASELINE="384 1565 507 1565 553 1572 758 1572 842 1565 881 1575 962 1579 1093 1579 1205 1586 1435 1582 1470 1589 1621 1593 1660 1600 1812 1596 1925 1607 2055 1607 2136 1614 2422 1614 2549 1607 2584 1617 2724 1619" 
                    HPOS="377"
                    VPOS="1533"
                    WIDTH="2345"
                    HEIGHT="123">
            <Shape><Polygon POINTS="380 1561 377 1614 1438 1628 1456 1635 1537 1649 1540 1649 1544 1649 1572 1635 1590 1628 1653 1639 1784 1656 1787 1656 2715 1653 2722 1617 2722 1572 2087 1565 2087 1561 2069 1547 2069 1543 2066 1543 2062 1543 2059 1543 2055 1543 1999 1561 1995 1561 1963 1561 1639 1543 1636 1543 1554 1558 1533 1558 1495 1554 1262 1533 1258 1533 380 1540 380 1561"/></Shape>
	    <String CONTENT="יש&#39; ומניח אותך כך העליונים שאין יצר הרע מצוי בהן אמירה אחת דיי להן שנ&#39; בגזירת"
                    HPOS="377"
                    VPOS="1533"
                    WIDTH="2345"
                    HEIGHT="123"></String>
          </TextLine>

          
          
          <TextLine ID="eSc_line_573284"
                    
                    BASELINE="416 1639 810 1639 856 1646 1244 1649 1361 1656 1516 1653 1597 1663 1720 1663 1763 1670 1971 1670 2013 1663 2052 1674 2302 1684 2689 1693" 
                    HPOS="409"
                    VPOS="1600"
                    WIDTH="2277"
                    HEIGHT="127">
            <Shape><Polygon POINTS="412 1635 409 1677 2676 1727 2686 1691 2683 1646 412 1600 412 1635"/></Shape>
	    <String CONTENT="עירין פתגמא ומאמר קדישין שאלתא אבל התחתונים שיצר הרע מצוי בהן אלווי בשתי"
                    HPOS="409"
                    VPOS="1600"
                    WIDTH="2277"
                    HEIGHT="127"></String>
          </TextLine>

          
          
          <TextLine ID="eSc_line_573270"
                    
                    BASELINE="384 1699 648 1706 684 1713 1078 1709 1124 1716 1410 1720 1456 1727 1569 1723 1748 1734 1872 1734 1914 1741 2179 1741 2224 1734 2274 1744 2369 1748 2411 1758 2457 1751 2713 1764" 
                    HPOS="377"
                    VPOS="1667"
                    WIDTH="2334"
                    HEIGHT="127">
            <Shape><Polygon POINTS="380 1695 377 1741 2700 1794 2711 1762 2711 1713 1174 1667 1170 1667 380 1674 380 1695"/></Shape>
	    <String CONTENT="אמירות יעמודו ויאמר יי אל משה אמר אל הכהנים יראת יי טהורה אמ&#39; ר&#39; לוי מיראה"
                    HPOS="377"
                    VPOS="1667"
                    WIDTH="2334"
                    HEIGHT="127"></String>
          </TextLine>

          
          
          <TextLine ID="eSc_line_573271"
                    
                    BASELINE="356 1766 585 1766 631 1773 959 1776 1043 1783 1269 1780 1607 1797 1727 1794 1889 1804 2034 1804 2161 1811 2281 1808 2320 1815 2657 1827 2713 1845" 
                    HPOS="349"
                    VPOS="1720"
                    WIDTH="2362"
                    HEIGHT="155">
            <Shape><Polygon POINTS="352 1762 349 1811 2693 1875 2711 1843 2711 1794 2577 1766 2573 1766 2341 1780 2196 1755 2193 1755 2101 1769 1875 1748 1872 1748 1717 1762 1681 1741 1678 1741 1674 1741 1671 1741 1322 1751 1304 1751 1093 1748 885 1741 846 1720 842 1720 839 1720 352 1723 352 1762"/></Shape>
	    <String CONTENT="ש(י)נתירא אהרן מלפני הק&#39;ב&#39;ה&#39; זכה ונתנה לו הפרשה הזו שאינה זזה ממנו ולא מבניו ולא מבני"
                    HPOS="349"
                    VPOS="1720"
                    WIDTH="2362"
                    HEIGHT="155"></String>
          </TextLine>

          
          
          <TextLine ID="eSc_line_573272"
                    
                    BASELINE="373 1833 751 1847 937 1847 1015 1854 1198 1850 1279 1857 1449 1861 1484 1868 1639 1868 1674 1861 1713 1871 1907 1875 1978 1882 2692 1891" 
                    HPOS="366"
                    VPOS="1790"
                    WIDTH="2324"
                    HEIGHT="145">
            <Shape><Polygon POINTS="370 1832 366 1878 472 1899 476 1899 507 1899 543 1899 578 1899 613 1899 648 1899 684 1899 719 1899 754 1899 1431 1899 1438 1899 1466 1917 1470 1917 1473 1917 1911 1924 1914 1924 1949 1924 1953 1924 2478 1935 2482 1935 2683 1917 2690 1889 2686 1847 2316 1843 2313 1840 2295 1822 2291 1822 2288 1822 2284 1822 1583 1825 1495 1825 1470 1825 1237 1801 1234 1801 842 1811 825 1797 825 1794 821 1794 818 1794 624 1790 620 1790 370 1804 370 1832"/></Shape>
	    <String CONTENT="בניו עד סוף כל הדורות ואי זה זה זו פרשת המת ויאמר יי אל מש&#39; אמר מה כת&#39; למעלה מן"
                    HPOS="366"
                    VPOS="1790"
                    WIDTH="2324"
                    HEIGHT="145"></String>
          </TextLine>

          
          
          <TextLine ID="eSc_line_573273"
                    
                    BASELINE="370 1907 708 1907 821 1914 1078 1917 1117 1924 1272 1921 1308 1928 1396 1931 1586 1931 1734 1938 1897 1938 1942 1931 2002 1945 2689 1958" 
                    HPOS="363"
                    VPOS="1868"
                    WIDTH="2323"
                    HEIGHT="134">
            <Shape><Polygon POINTS="366 1903 363 1956 2676 2002 2686 1956 2683 1917 1004 1868 1001 1868 366 1875 366 1903"/></Shape>
	    <String CONTENT="העניין ואיש או אשה כי יהיה בהם אוב וגו&#39; ר&#39; יהושע דסכני בשם ר&#39; לוי איש זה שואל"
                    HPOS="363"
                    VPOS="1868"
                    WIDTH="2323"
                    HEIGHT="134"></String>
          </TextLine>

          
          
          <TextLine ID="eSc_line_573274"
                    
                    BASELINE="479 1977 810 1977 923 1984 976 1995 1138 1991 1181 1998 1449 2002 1484 2009 1780 2005 1815 2012 1889 2016 2143 2016 2214 2023 2450 2023 2535 2016 2689 2032" 
                    HPOS="472"
                    VPOS="1945"
                    WIDTH="2214"
                    HEIGHT="117">
            <Shape><Polygon POINTS="476 1973 472 2026 2676 2062 2686 2030 2683 1981 476 1945 476 1973"/></Shape>
	    <String CONTENT="אשה זו בעלת אוב כל עיניינא דשמואל עד ובלע המות לנצח וגו&#39; ˙ פרשתא כ&#39;ז []"
                    HPOS="472"
                    VPOS="1945"
                    WIDTH="2214"
                    HEIGHT="117"></String>
          </TextLine>

          
          
          <TextLine ID="eSc_line_573281"
                    
                    BASELINE="373 2044 437 2044 472 2051 662 2048 701 2055 948 2058 1064 2065 1336 2062 1371 2069 1533 2072 1569 2079 1766 2076 1932 2086 2059 2086 2101 2093 2517 2093" 
                    HPOS="366"
                    VPOS="2005"
                    WIDTH="2148"
                    HEIGHT="131">
            <Shape><Polygon POINTS="370 2040 366 2097 2507 2136 2514 2090 2510 2044 2073 2044 2062 2037 2013 2023 2009 2023 2006 2023 2002 2023 1999 2023 1981 2037 1978 2040 1963 2037 1879 2023 1875 2023 1738 2037 1720 2037 1717 2037 1696 2016 1696 2012 1692 2012 1688 2012 1685 2012 1681 2012 1621 2033 1614 2037 1554 2033 1135 2009 1131 2009 1128 2009 1050 2026 846 2005 444 2005 440 2005 437 2005 370 2023 370 2040"/></Shape>
	    <String CONTENT="צדקתך כהררי אל ר&#39; ישמעאל ור&#39; עקיבה ר&#39; ישמעאל אומ&#39; הצדיקים שהן עושין"
                    HPOS="366"
                    VPOS="2005"
                    WIDTH="2148"
                    HEIGHT="131"></String>
          </TextLine>

          
          
          <TextLine ID="eSc_line_573275"
                    
                    BASELINE="373 2122 772 2118 810 2125 1096 2129 1131 2136 1343 2136 1378 2129 1424 2139 1551 2150 1713 2146 1889 2157 2048 2157 2122 2164 2706 2173" 
                    HPOS="366"
                    VPOS="2076"
                    WIDTH="2338"
                    HEIGHT="134">
            <Shape><Polygon POINTS="370 2118 366 2167 863 2174 867 2178 920 2196 923 2196 927 2196 1047 2181 1089 2178 1396 2181 1403 2189 1417 2203 1420 2203 1424 2203 1428 2203 1572 2192 1614 2189 1639 2192 1706 2206 1710 2206 1713 2206 1717 2206 1731 2196 1734 2192 1738 2196 1748 2203 1748 2206 1752 2206 1755 2206 2693 2210 2704 2171 2704 2132 2179 2125 2179 2122 2090 2100 2087 2100 2083 2100 1971 2118 1942 2097 1939 2097 1935 2097 1932 2097 1717 2115 1361 2086 532 2076 528 2076 370 2097 370 2118"/></Shape>
	    <String CONTENT="את התורה שנתננה מהררי ﭏ הק&#39;ב&#39;ה&#39; עושה עמהן צדקה כהררי אל אבל הרשעים שאינן"
                    HPOS="366"
                    VPOS="2076"
                    WIDTH="2338"
                    HEIGHT="134"></String>
          </TextLine>

          
          
          <TextLine ID="eSc_line_573282"
                    
                    BASELINE="370 2199 719 2199 818 2206 1078 2203 1495 2220 1614 2217 1706 2227 1925 2227 2126 2234 2207 2231 2246 2238 2330 2241 2717 2250" 
                    HPOS="363"
                    VPOS="2143"
                    WIDTH="2352"
                    HEIGHT="141">
            <Shape><Polygon POINTS="366 2196 363 2238 2704 2284 2715 2248 2715 2206 528 2143 525 2143 366 2157 366 2196"/></Shape>
	    <String CONTENT="עושין את התורה שנתנה מהררי אל הק&#39;ב&#39;ה&#39; מדקדק עמהן עד תהום רבה הה&#39;ד ומשפטיך"
                    HPOS="363"
                    VPOS="2143"
                    WIDTH="2352"
                    HEIGHT="141"></String>
          </TextLine>

          
          
          <TextLine ID="eSc_line_573276"
                    
                    BASELINE="384 2252 518 2266 825 2270 860 2280 944 2273 1078 2273 1410 2291 1611 2291 1646 2284 1720 2298 1889 2298 1946 2305 2260 2301 2471 2312 2713 2321" 
                    HPOS="377"
                    VPOS="2224"
                    WIDTH="2334"
                    HEIGHT="134">
            <Shape><Polygon POINTS="380 2248 377 2301 2700 2358 2711 2319 2711 2280 380 2224 380 2248"/></Shape>
	    <String CONTENT="תהום רבה ר&#39; עקיבא אומ&#39; אחד אלו ואחד אלו הק&#39;ב&#39;ה&#39; מדקדק עמהן את הדין מדקדק עם"
                    HPOS="377"
                    VPOS="2224"
                    WIDTH="2334"
                    HEIGHT="134"></String>
          </TextLine>

          
          
          <TextLine ID="eSc_line_573277"
                    
                    BASELINE="370 2330 754 2330 793 2337 1071 2340 1149 2347 1413 2347 1449 2340 1484 2351 1632 2354 1667 2361 1745 2365 1819 2358 1893 2365 2288 2375 2447 2372 2492 2379 2685 2391" 
                    HPOS="363"
                    VPOS="2287"
                    WIDTH="2320"
                    HEIGHT="131">
            <Shape><Polygon POINTS="366 2326 363 2368 1646 2393 1664 2382 1699 2382 1734 2382 1748 2397 2672 2418 2683 2389 2683 2340 617 2287 613 2287 366 2298 366 2326"/></Shape>
	    <String CONTENT="הצדיקים וגובה מהן מעט מעשים רעים שעשו בעולם הזה כדי ליפרע מהן מישלם לעתיד"
                    HPOS="363"
                    VPOS="2287"
                    WIDTH="2320"
                    HEIGHT="131"></String>
          </TextLine>

          
          
          <TextLine ID="eSc_line_576927"
                    TAGREFS="LT3"
                    BASELINE="1640 2388 1760 2392" 
                    HPOS="1639"
                    VPOS="2368"
                    WIDTH="120"
                    HEIGHT="50">
            <Shape><Polygon POINTS="1639 2386 1657 2414 1671 2414 1706 2418 1741 2418 1755 2418 1759 2389 1755 2368 1639 2368 1639 2386"/></Shape>
	    <String CONTENT=""
                    HPOS="1639"
                    VPOS="2368"
                    WIDTH="120"
                    HEIGHT="50"></String>
          </TextLine>

          
          
          <TextLine ID="eSc_line_573285"
                    
                    BASELINE="373 2397 578 2397 620 2407 698 2400 913 2400 1227 2411 1272 2418 1502 2416 1811 2428 1900 2428 1942 2435 2069 2439 2521 2439 2639 2455 2703 2448" 
                    HPOS="366"
                    VPOS="2361"
                    WIDTH="2334"
                    HEIGHT="134">
            <Shape><Polygon POINTS="1741 2389 1706 2389 1671 2389 1636 2386 1621 2372 1385 2368 1382 2368 1378 2368 1346 2382 1339 2382 1308 2382 1093 2361 1089 2361 370 2365 370 2397 366 2439 409 2456 437 2460 451 2460 796 2449 860 2449 927 2453 1177 2474 1181 2474 1241 2460 1265 2456 1301 2463 1378 2478 1382 2478 1491 2467 1544 2463 2693 2495 2700 2446 2697 2404 1752 2375 1741 2389"/></Shape>
	    <String CONTENT="לבוא [ר](ו)משפיע שלוה לרשעים ונותן () שכר מצוות קלות שעשו בעולם הזה כדי ליפרע מהן"
                    HPOS="366"
                    VPOS="2361"
                    WIDTH="2334"
                    HEIGHT="134"></String>
          </TextLine>

          
          
          <TextLine ID="eSc_line_573279"
                    
                    BASELINE="370 2456 479 2478 514 2471 828 2471 870 2478 1068 2481 1103 2488 1361 2485 1509 2495 1604 2495 1650 2506 1685 2499 1815 2502 1858 2495 1897 2506 1974 2509 2685 2522" 
                    HPOS="363"
                    VPOS="2421"
                    WIDTH="2320"
                    HEIGHT="138">
            <Shape><Polygon POINTS="366 2453 363 2509 479 2530 483 2530 634 2516 652 2516 708 2516 1212 2545 1216 2545 1297 2530 1301 2530 1315 2530 1621 2552 1625 2552 1717 2538 1727 2538 1731 2538 1766 2555 1770 2555 1773 2559 1872 2559 2676 2559 2683 2520 2683 2481 476 2421 472 2421 366 2435 366 2453"/></Shape>
	    <String CONTENT="מישלם לעתיד לבוא ר&#39; מאיר או&#39; משל את הרשעים בדירתן ביום רדתו שאולה וגו&#39; יהודה"
                    HPOS="363"
                    VPOS="2421"
                    WIDTH="2320"
                    HEIGHT="138"></String>
          </TextLine>

          
          
          <TextLine ID="eSc_line_573280"
                    
                    BASELINE="380 2545 835 2552 874 2559 1350 2555 1512 2566 1600 2566 1639 2573 1833 2573 1872 2566 1914 2576 2009 2580 2489 2576 2588 2580 2657 2599 2713 2578" 
                    HPOS="373"
                    VPOS="2502"
                    WIDTH="2338"
                    HEIGHT="127">
            <Shape><Polygon POINTS="377 2541 373 2597 1336 2601 1350 2608 1424 2626 1428 2626 1431 2626 1435 2626 1438 2626 1463 2608 1466 2604 1473 2608 1523 2626 1526 2626 1530 2626 1822 2612 1826 2612 1889 2629 1893 2629 1897 2629 2707 2615 2711 2576 2707 2538 1893 2538 1847 2530 1727 2513 1724 2513 1650 2527 1629 2530 1611 2527 1502 2506 1498 2506 1230 2523 1227 2523 1220 2523 1047 2502 1043 2502 377 2516 377 2541"/></Shape>
	    <String CONTENT="ברבי אמ&#39; האבלתי הובלתי כת&#39; תדע שאין עושין כסות לגגות לא שלזהב ולא שלכסף לא"
                    HPOS="373"
                    VPOS="2502"
                    WIDTH="2338"
                    HEIGHT="127"></String>
          </TextLine>

          
          
          <TextLine ID="eSc_line_573283"
                    
                    BASELINE="412 2615 1054 2629 1325 2636 1403 2643 1625 2643 1674 2636 1720 2647 1833 2650 1875 2661 1911 2654 2710 2666" 
                    HPOS="405"
                    VPOS="2580"
                    WIDTH="2302"
                    HEIGHT="123">
            <Shape><Polygon POINTS="409 2612 405 2661 2697 2703 2707 2664 2704 2622 409 2580 409 2612"/></Shape>
	    <String CONTENT="שלנחושת ולא שלברזל ולא שלבדיל ולא שלעופרת אלא שלחרס מפני שהוא מימינו"
                    HPOS="405"
                    VPOS="2580"
                    WIDTH="2302"
                    HEIGHT="123"></String>
          </TextLine>

          
          
          <TextLine ID="eSc_line_573251"
                    
                    BASELINE="398 2675 500 2686 624 2682 765 2693 937 2693 1075 2700 1117 2696 1375 2707 1505 2707 1586 2714 1660 2710 1741 2717 1918 2721 1960 2731 2030 2724 2217 2728 2253 2721 2330 2735 2717 2744" 
                    HPOS="391"
                    VPOS="2640"
                    WIDTH="2324"
                    HEIGHT="141">
            <Shape><Polygon POINTS="394 2671 391 2714 2704 2781 2715 2742 2715 2707 394 2640 394 2671"/></Shape>
	    <String CONTENT="כך א&#39; הק&#39;ב&#39;ה&#39; גיהנם חשך ורשעים חשך ותהום חשך יבוא חשך ויכסה חשך בתוך חשך שנ&#39;"
                    HPOS="391"
                    VPOS="2640"
                    WIDTH="2324"
                    HEIGHT="141"></String>
          </TextLine>

          
          
          <TextLine ID="eSc_line_573239"
                    
                    BASELINE="373 2749 486 2749 557 2756 800 2753 990 2770 1237 2767 1678 2777 1755 2784 2006 2784 2041 2777 2076 2788 2249 2791 2284 2798 2703 2800" 
                    HPOS="366"
                    VPOS="2724"
                    WIDTH="2334"
                    HEIGHT="106">
            <Shape><Polygon POINTS="370 2745 366 2802 2690 2830 2700 2798 2697 2756 370 2724 370 2745"/></Shape>
	    <String CONTENT="כי בהבל בא ובחשך ילך ובחשך שמו וכו&#39; ר&#39; יונתן בשם ר&#39; יאשיה היה מסרס הדין קרייא"
                    HPOS="366"
                    VPOS="2724"
                    WIDTH="2334"
                    HEIGHT="106"></String>
          </TextLine>

          
          
          <TextLine ID="eSc_line_573242"
                    
                    BASELINE="366 2812 680 2820 761 2827 1078 2823 1205 2834 1777 2848 2052 2848 2087 2855 2489 2851 2524 2858 2639 2867 2696 2853" 
                    HPOS="359"
                    VPOS="2784"
                    WIDTH="2334"
                    HEIGHT="106">
            <Shape><Polygon POINTS="363 2809 359 2858 2690 2890 2693 2851 2690 2820 363 2784 363 2809"/></Shape>
	    <String CONTENT="צדקתך על משפטיך כהררי אל תהום רבה מה הרים הללו כובשין על תהום שלא יעלה ויציף"
                    HPOS="359"
                    VPOS="2784"
                    WIDTH="2334"
                    HEIGHT="106"></String>
          </TextLine>

          
          
          <TextLine ID="eSc_line_573243"
                    
                    BASELINE="405 2876 468 2883 631 2876 673 2886 722 2890 902 2890 944 2901 1301 2894 1509 2904 1942 2904 2027 2911 2196 2908 2274 2918 2429 2918 2507 2925 2717 2924" 
                    HPOS="398"
                    VPOS="2851"
                    WIDTH="2317"
                    HEIGHT="113">
            <Shape><Polygon POINTS="401 2872 398 2932 2707 2964 2715 2922 2711 2876 401 2851 401 2872"/></Shape>
	    <String CONTENT="את העולם כך מעשיהן שלצדיקים על הפורענות שלא תבוא לעולם מה הרים הללו"
                    HPOS="398"
                    VPOS="2851"
                    WIDTH="2317"
                    HEIGHT="113"></String>
          </TextLine>

          
          
          <TextLine ID="eSc_line_573250"
                    
                    BASELINE="387 2943 765 2953 941 2961 980 2968 1138 2968 1424 2982 1590 2978 1837 2989 2101 2989 2147 2996 2365 2992 2404 2999 2685 3012" 
                    HPOS="380"
                    VPOS="2904"
                    WIDTH="2303"
                    HEIGHT="145">
            <Shape><Polygon POINTS="384 2939 380 2985 2672 3049 2683 3010 2679 2975 2552 2950 2549 2950 2457 2968 2443 2968 2425 2968 2281 2943 2277 2943 2083 2953 2055 2936 2052 2936 2048 2936 2045 2936 1939 2953 1921 2953 1879 2950 1600 2925 1597 2925 1244 2932 1220 2932 1216 2932 1163 2911 1160 2911 1156 2911 1050 2929 1036 2929 1001 2925 765 2904 761 2904 384 2908 384 2939"/></Shape>
	    <String CONTENT="אין להם סוף כך אין סוף למתן שכרן שלצדיקים לעתיד לבוא משפטיך תהום רבה"
                    HPOS="380"
                    VPOS="2904"
                    WIDTH="2303"
                    HEIGHT="145"></String>
          </TextLine>

          
          
          <TextLine ID="eSc_line_573247"
                    
                    BASELINE="384 3020 500 3020 553 3027 680 3031 923 3031 959 3038 1209 3035 1244 3042 1502 3052 1544 3049 1660 3059 1770 3059 1847 3066 2112 3066 2154 3059 2196 3070 2281 3073 2706 3082" 
                    HPOS="377"
                    VPOS="2978"
                    WIDTH="2327"
                    HEIGHT="138">
            <Shape><Polygon POINTS="380 3017 377 3066 2693 3116 2704 3080 2704 3038 645 2978 641 2978 380 2992 380 3017"/></Shape>
	    <String CONTENT="מה התהום הזה אין לו חקר כך אין חקר למחת פורענותן שלרשעים לעתיד לבוא ˙ ד&#39;א"
                    HPOS="377"
                    VPOS="2978"
                    WIDTH="2327"
                    HEIGHT="138"></String>
          </TextLine>

          
          
          <TextLine ID="eSc_line_573248"
                    
                    BASELINE="412 3091 560 3091 599 3098 705 3102 930 3102 976 3109 1304 3105 1339 3112 1512 3116 1551 3123 1703 3119 1738 3126 1988 3130 2034 3137 2351 3133 2717 3153" 
                    HPOS="405"
                    VPOS="3049"
                    WIDTH="2310"
                    HEIGHT="141">
            <Shape><Polygon POINTS="409 3087 405 3137 2704 3190 2715 3151 2715 3101 409 3049 409 3087"/></Shape>
	    <String CONTENT="צדקתך כהררי אל מה הרים הללו נזרעין ועושין פירות כך מעשיהן שלצדיקים עושין"
                    HPOS="405"
                    VPOS="3049"
                    WIDTH="2310"
                    HEIGHT="141"></String>
          </TextLine>

          
          
          <TextLine ID="eSc_line_573240"
                    
                    BASELINE="370 3161 909 3161 952 3168 1297 3172 1371 3179 1547 3176 1586 3183 1741 3186 1791 3197 1918 3190 2094 3190 2136 3197 2270 3200 2313 3207 2394 3200 2429 3211 2710 3223" 
                    HPOS="363"
                    VPOS="3119"
                    WIDTH="2344"
                    HEIGHT="127">
            <Shape><Polygon POINTS="366 3158 363 3200 426 3221 433 3214 468 3214 504 3214 539 3214 571 3214 662 3207 687 3207 2626 3246 2707 3221 2707 3165 722 3119 416 3119 412 3119 409 3119 366 3137 366 3158"/></Shape>
	    <String CONTENT="ההד&#39;כ אמרו צדיק כי טוב כי פרי מעלליהם משפטיך תהום רבה מה התהום הזה לא"
                    HPOS="363"
                    VPOS="3119"
                    WIDTH="2344"
                    HEIGHT="127"></String>
          </TextLine>

          
          
          <TextLine ID="eSc_line_573254"
                    
                    BASELINE="416 3221 821 3228 856 3235 1276 3232 1378 3243 1512 3243 1551 3253 1593 3246 1770 3246 1897 3257 2076 3257 2115 3264 2316 3260 2482 3271 2703 3280" 
                    HPOS="409"
                    VPOS="3183"
                    WIDTH="2291"
                    HEIGHT="134">
            <Shape><Polygon POINTS="412 3218 409 3267 437 3281 444 3281 479 3281 514 3281 550 3281 585 3281 588 3281 860 3274 944 3274 966 3278 1022 3288 1040 3288 1283 3285 1442 3281 1491 3288 1562 3302 1565 3302 1629 3292 1678 3285 1685 3295 1692 3302 1696 3302 1696 3306 1699 3306 1703 3306 1706 3306 1928 3299 2129 3295 2690 3317 2700 3278 2697 3232 687 3183 684 3183 412 3197 412 3218"/></Shape>
	    <String CONTENT="נזרע ולא עושה פירות כך מעשיהן שלרשעים אינן עושין פירות הה&#39;ד אוי לרשע"
                    HPOS="409"
                    VPOS="3183"
                    WIDTH="2291"
                    HEIGHT="134"></String>
          </TextLine>

          
          
          <TextLine ID="eSc_line_573244"
                    
                    BASELINE="387 3288 687 3288 726 3295 1036 3299 1110 3306 1350 3302 1389 3309 1629 3313 1664 3324 1763 3317 1911 3320 1985 3313 2027 3324 2298 3327 2334 3334 2639 3343 2703 3329" 
                    HPOS="380"
                    VPOS="3250"
                    WIDTH="2320"
                    HEIGHT="123">
            <Shape><Polygon POINTS="384 3285 380 3338 2697 3373 2700 3327 2697 3295 1805 3288 1794 3285 1685 3260 1681 3260 1544 3278 1442 3257 1438 3257 1223 3274 793 3250 789 3250 384 3267 384 3285"/></Shape>
	    <String CONTENT="רע כי גמ&#39; יד&#39; ˙ ד&#39;א צדקתך כהררי ﭏ מה הרים הללו גלוים אף מעשיהן ש[]לצדיקים"
                    HPOS="380"
                    VPOS="3250"
                    WIDTH="2320"
                    HEIGHT="123"></String>
          </TextLine>

          
          
          <TextLine ID="eSc_line_573252"
                    
                    BASELINE="363 3348 423 3362 631 3359 962 3369 1290 3369 1325 3376 1413 3373 1784 3391 1978 3387 2172 3398 2706 3407" 
                    HPOS="356"
                    VPOS="3324"
                    WIDTH="2348"
                    HEIGHT="130">
            <Shape><Polygon POINTS="391 3345 387 3324 359 3324 359 3345 356 3398 1953 3450 1974 3450 1981 3450 2062 3454 2066 3454 2697 3447 2704 3405 2700 3373 401 3324 391 3345"/></Shape>
	    <String CONTENT="גלוים הדה ה&#39; דכ&#39; ייראוך עם שמש משפטיך תהום רבה מה התהום הזה טמון כך מעשי&#39;"
                    HPOS="356"
                    VPOS="3324"
                    WIDTH="2348"
                    HEIGHT="130"></String>
          </TextLine>

          
          
          <TextLine ID="eSc_line_573241"
                    
                    BASELINE="370 3440 564 3440 691 3447 1191 3443 1350 3454 1653 3454 1734 3461 1928 3458 2112 3468 2577 3468 2653 3484 2710 3470" 
                    HPOS="363"
                    VPOS="3398"
                    WIDTH="2344"
                    HEIGHT="123">
            <Shape><Polygon POINTS="401 3433 391 3408 366 3419 366 3436 363 3493 2704 3521 2707 3468 2704 3429 1121 3398 729 3398 726 3398 722 3398 669 3419 430 3398 426 3398 423 3398 416 3398 401 3433"/></Shape>
	    <String CONTENT="טמונין הה&#39;ד והיה במחשך מעשיהם וגו&#39; ˙ ד&#39;א צדקתך כהררי ﭏ א&#39; ר&#39; יהודה בר סימון"
                    HPOS="363"
                    VPOS="3398"
                    WIDTH="2344"
                    HEIGHT="123"></String>
          </TextLine>

          
          
          <TextLine ID="eSc_line_573246"
                    
                    BASELINE="387 3510 669 3510 705 3517 955 3514 1142 3525 1537 3525 1576 3532 1925 3532 2013 3525 2052 3535 2143 3539 2720 3548" 
                    HPOS="380"
                    VPOS="3461"
                    WIDTH="2338"
                    HEIGHT="123">
            <Shape><Polygon POINTS="384 3507 380 3563 2707 3584 2718 3546 2715 3507 1889 3500 1882 3489 1872 3482 1872 3479 1868 3479 1865 3479 1861 3479 1639 3486 1420 3489 1332 3479 1279 3472 1276 3472 1230 3475 1142 3486 1082 3472 1054 3468 1050 3468 952 3472 638 3482 384 3461 384 3507"/></Shape>
	    <String CONTENT="צדקה שעשיתה עם נח בתיבה כהררי אל דכ&#39; ותנח התבה וג&#39; משפטיך תהום רבה משפטים"
                    HPOS="380"
                    VPOS="3461"
                    WIDTH="2338"
                    HEIGHT="123"></String>
          </TextLine>

          
          
          <TextLine ID="eSc_line_573253"
                    
                    BASELINE="384 3591 553 3584 849 3584 959 3595 1170 3595 1255 3602 1576 3599 1847 3609 2636 3618 2696 3629" 
                    HPOS="377"
                    VPOS="3542"
                    WIDTH="2316"
                    HEIGHT="123">
            <Shape><Polygon POINTS="380 3588 377 3630 2679 3665 2693 3627 2690 3581 814 3542 810 3542 380 3553 380 3588"/></Shape>
	    <String CONTENT="שעשיתה עם דורי ודיקדקתה עמהם עד תהום רבה הה&#39;ד ביום הזה נבקעו לא עוד"
                    HPOS="377"
                    VPOS="3542"
                    WIDTH="2316"
                    HEIGHT="123"></String>
          </TextLine>

          
          
          <TextLine ID="eSc_line_573245"
                    
                    BASELINE="426 3651 585 3651 620 3662 655 3655 1096 3655 1167 3662 1544 3666 1664 3673 1907 3669 2062 3680 2678 3689" 
                    HPOS="419"
                    VPOS="3620"
                    WIDTH="2257"
                    HEIGHT="102">
            <Shape><Polygon POINTS="423 3648 419 3694 2665 3722 2676 3687 2676 3648 423 3620 423 3648"/></Shape>
	    <String CONTENT="כשנזכרתו לא לבדו נזכרתו אלא לו ולכל מי שהיה עימו בתיבה הדה היא דכ&#39; ויזכר"
                    HPOS="419"
                    VPOS="3620"
                    WIDTH="2257"
                    HEIGHT="102"></String>
          </TextLine>

          
          
          <TextLine ID="eSc_line_573249"
                    
                    BASELINE="398 3715 736 3729 1170 3729 2203 3750 2720 3759" 
                    HPOS="387"
                    VPOS="3676"
                    WIDTH="2331"
                    HEIGHT="363">
            <Shape><Polygon POINTS="394 3711 387 3997 511 3983 543 4004 550 4011 553 4011 557 4011 560 4011 602 4004 726 3986 828 4007 846 4011 849 4011 853 4011 860 4011 913 3990 1040 4011 1043 4011 1047 4011 1071 4011 1625 4007 1646 4022 1653 4029 1657 4029 1660 4029 1812 4036 1815 4039 2707 4039 2718 3757 2718 3708 394 3676 394 3711"/></Shape>
	    <String CONTENT="ﭏהים את נח ואת כל החיה ואת כל הבהמה ד&#39; אל צדקתך כהררי אל ר&#39; יהושע בן חנניה"
                    HPOS="387"
                    VPOS="3676"
                    WIDTH="2331"
                    HEIGHT="363"></String>
          </TextLine>

          
        </TextBlock>
        

        
      </PrintSpace>
    </Page>
  </Layout>
</alto>
