<?xml version="1.0" encoding="UTF-8"?>
<alto xmlns:xsi="http://www.w3.org/2001/XMLSchema-instance"
      xmlns="http://www.loc.gov/standards/alto/ns-v4#"
      xsi:schemaLocation="http://www.loc.gov/standards/alto/ns-v4# http://www.loc.gov/standards/alto/v4/alto-4-2.xsd">
  <Description>
    <MeasurementUnit>pixel</MeasurementUnit>
    <sourceImageInformation>
      <fileName>Vat.ebr.32_0181_fa_0088r.jpg</fileName>
      
    </sourceImageInformation>
  </Description>
  
  <Tags>
    <OtherTag ID="BT1" LABEL="Title" DESCRIPTION="block type Title"/><OtherTag ID="BT2" LABEL="Main" DESCRIPTION="block type Main"/><OtherTag ID="BT3" LABEL="Commentary" DESCRIPTION="block type Commentary"/><OtherTag ID="BT4" LABEL="Illustration" DESCRIPTION="block type Illustration"/><OtherTag ID="BT853" LABEL="Margin" DESCRIPTION="block type Margin"/><OtherTag ID="BT854" LABEL="Paratext" DESCRIPTION="block type Paratext"/>
    <OtherTag ID="LT2" LABEL="Numbering" DESCRIPTION="line type Numbering"/><OtherTag ID="LT3" LABEL="Correction" DESCRIPTION="line type Correction"/>
  </Tags>
  
  <Layout>
    <Page WIDTH="3184"
          HEIGHT="4230"
          PHYSICAL_IMG_NR="174"
          ID="eSc_dummypage_">
      <PrintSpace HPOS="0"
                  VPOS="0"
                  WIDTH="3184"
                  HEIGHT="4230">
        
        <TextBlock HPOS="399.0"
                   VPOS="411.0"
                   WIDTH="2361.0"
                   HEIGHT="3244.0"
                   ID="eSc_textblock_16854"
                   TAGREFS="BT2">
          <Shape><Polygon POINTS="528 417 2760 411 2742 3643 510 3655 522 1535 399 1434 523 1322"/></Shape>
          
          
          <TextLine ID="eSc_line_1638686"
                    
                    BASELINE="595 468 2076 468 2752 488" 
                    HPOS="588"
                    VPOS="412"
                    WIDTH="2162"
                    HEIGHT="123">
            <Shape><Polygon POINTS="2686 412 2683 412 2679 412 2609 437 2552 437 2365 437 2358 433 2231 412 2228 412 2112 433 2101 433 2094 433 2030 412 2002 412 1981 412 1805 430 1780 412 1755 412 1745 412 1667 426 1629 412 1614 415 1579 415 1562 415 1484 430 1473 430 1470 430 1445 415 1438 415 1403 415 1385 415 1357 426 1251 415 1227 415 1191 415 1156 415 1121 415 1114 415 1086 426 1050 415 1015 415 980 415 944 415 909 415 874 415 839 415 803 415 796 415 592 422 592 465 588 528 2739 535 2750 486 2750 437 2690 412 2686 412"/></Shape>
	    <String CONTENT="עליהן מעיינות עליונים ותחתונים כדי לאבדן שנ&#39; ביום הזה נבקעו וגו&#39; וכן אמ&#39;"
                    HPOS="588"
                    VPOS="412"
                    WIDTH="2162"
                    HEIGHT="123"></String>
          </TextLine>

          
          
          <TextLine ID="eSc_line_1638687"
                    
                    BASELINE="504 549 1597 556 1763 549 2164 549 2309 556 2492 553 2752 563" 
                    HPOS="497"
                    VPOS="507"
                    WIDTH="2253"
                    HEIGHT="106">
            <Shape><Polygon POINTS="500 546 497 602 1607 606 1625 606 1660 606 1696 606 1731 606 1766 606 1801 606 1837 606 1872 606 1907 606 1942 606 1978 606 2013 606 2048 606 2083 609 2119 609 2154 609 2189 609 2224 609 2260 609 2295 609 2330 609 2365 609 2401 609 2418 609 2739 613 2750 560 2750 521 500 507 500 546"/></Shape>
	    <String CONTENT="מו&#39; באנשי מגדל שלא מרדו במקום אלא מתוך שבע מה נא&#39; בהן שנ&#39; ויהי כל הארץ"
                    HPOS="497"
                    VPOS="507"
                    WIDTH="2253"
                    HEIGHT="106"></String>
          </TextLine>

          
          
          <TextLine ID="eSc_line_1638721"
                    
                    BASELINE="567 620 1248 627 1741 613 2436 620 2559 627 2752 620" 
                    HPOS="560"
                    VPOS="585"
                    WIDTH="2190"
                    HEIGHT="81">
            <Shape><Polygon POINTS="564 616 560 666 2746 666 2750 616 2746 588 564 585 564 616"/></Shape>
	    <String CONTENT="שפה אחת ודברים אח&#39; ˙ ויהי בנסעם מקדם וגו&#39; ואין ישיבה האמורה כן אלא"
                    HPOS="560"
                    VPOS="585"
                    WIDTH="2190"
                    HEIGHT="81"></String>
          </TextLine>

          
          
          <TextLine ID="eSc_line_1638697"
                    
                    BASELINE="585 683 994 690 1234 680 2157 680 2752 690" 
                    HPOS="578"
                    VPOS="634"
                    WIDTH="2172"
                    HEIGHT="109">
            <Shape><Polygon POINTS="581 680 578 722 2376 740 2411 740 2447 740 2482 740 2517 740 2552 740 2588 740 2609 740 2739 743 2750 687 2746 655 1283 655 1279 652 1234 634 1230 634 1227 634 581 648 581 680"/></Shape>
	    <String CONTENT="אכילה ושתייה כע&#39; שנ&#39; וישב הע&#39; לאכל וש&#39; היא גרמה להן הבה נבנה לנו עיר"
                    HPOS="578"
                    VPOS="634"
                    WIDTH="2172"
                    HEIGHT="109"></String>
          </TextLine>

          
          
          <TextLine ID="eSc_line_1638722"
                    
                    BASELINE="557 757 708 750 1763 754 1886 747 2362 747 2623 750 2739 761 2752 765" 
                    HPOS="550"
                    VPOS="715"
                    WIDTH="2200"
                    HEIGHT="81">
            <Shape><Polygon POINTS="553 754 550 789 2729 796 2750 764 2746 719 553 715 553 754"/></Shape>
	    <String CONTENT="וגו&#39; מה נא&#39; בהן ויפץ ייי אותם ויחדלו ˙ וכן את מוצ&#39; באנשי סדם שלא מרדו אלא"
                    HPOS="550"
                    VPOS="715"
                    WIDTH="2200"
                    HEIGHT="81"></String>
          </TextLine>

          
          
          <TextLine ID="eSc_line_1638698"
                    
                    BASELINE="564 814 849 814 1001 807 2440 807 2752 817" 
                    HPOS="560"
                    VPOS="779"
                    WIDTH="2190"
                    HEIGHT="81">
            <Shape><Polygon POINTS="560 810 560 860 2743 853 2750 814 2746 779 560 779 560 810"/></Shape>
	    <String CONTENT="מתוך שובע שנ&#39; בהן ארץ ממנה יצא לחם ˙ מקום ספיר אבניה נתיב לא ידעו"
                    HPOS="560"
                    VPOS="779"
                    WIDTH="2190"
                    HEIGHT="81"></String>
          </TextLine>

          
          
          <TextLine ID="eSc_line_1638699"
                    
                    BASELINE="553 867 2752 874" 
                    HPOS="546"
                    VPOS="828"
                    WIDTH="2204"
                    HEIGHT="84">
            <Shape><Polygon POINTS="550 863 546 909 2739 912 2750 870 2743 828 550 831 550 863"/></Shape>
	    <String CONTENT="עיט לא הדריכוהו בני שחץ וגו&#39; אמרו אנשי סדום הרי מזון אצלינו הרי כסף"
                    HPOS="546"
                    VPOS="828"
                    WIDTH="2204"
                    HEIGHT="84"></String>
          </TextLine>

          
          
          <TextLine ID="eSc_line_1638700"
                    
                    BASELINE="553 944 835 934 2616 934 2752 940" 
                    HPOS="546"
                    VPOS="891"
                    WIDTH="2204"
                    HEIGHT="92">
            <Shape><Polygon POINTS="550 941 550 983 2743 979 2750 937 2743 891 546 898 550 941"/></Shape>
	    <String CONTENT="וזהב אצלינו נעמוד ונשכח תורת הרגל מארצנו אמ&#39; להן המק&#39; בטובה שהיטבתי"
                    HPOS="546"
                    VPOS="891"
                    WIDTH="2204"
                    HEIGHT="92"></String>
          </TextLine>

          
          
          <TextLine ID="eSc_line_1638701"
                    
                    BASELINE="599 994 733 1015 1734 1004 2443 1004 2686 1011 2752 1017" 
                    HPOS="592"
                    VPOS="969"
                    WIDTH="2158"
                    HEIGHT="81">
            <Shape><Polygon POINTS="595 990 595 1050 2743 1043 2750 1015 2746 969 592 969 595 990"/></Shape>
	    <String CONTENT="לכם אתם מבקשין לשכח תורת הרגל מבניכם אני משכח אתכם מן העולם ˙"
                    HPOS="592"
                    VPOS="969"
                    WIDTH="2158"
                    HEIGHT="81"></String>
          </TextLine>

          
          
          <TextLine ID="eSc_line_1638723"
                    
                    BASELINE="578 1071 1523 1078 1854 1068 2112 1068 2545 1078 2752 1078" 
                    HPOS="571"
                    VPOS="1025"
                    WIDTH="2179"
                    HEIGHT="99">
            <Shape><Polygon POINTS="574 1068 571 1124 2746 1124 2750 1075 2746 1046 2119 1025 2115 1025 574 1032 574 1068"/></Shape>
	    <String CONTENT="מה נא&#39; בם פרץ נחל מעם גר לפיז בוז וגו&#39; ישליו אהלים וגו&#39; וכן הוא או&#39; חי אני [/]"
                    HPOS="571"
                    VPOS="1025"
                    WIDTH="2179"
                    HEIGHT="99"></String>
          </TextLine>

          
          
          <TextLine ID="eSc_line_1638702"
                    
                    BASELINE="483 1142 1205 1149 2161 1142 2355 1149 2752 1149" 
                    HPOS="479"
                    VPOS="1103"
                    WIDTH="2271"
                    HEIGHT="88">
            <Shape><Polygon POINTS="479 1191 2746 1184 2750 1145 2746 1103 479 1103 479 1138 479 1191"/></Shape>
	    <String CONTENT="נאם ייי ﭏ&#39;ים אם עשת סדם ˙ הנה זה היה עון סדם אחותך ˙ וגו&#39; כל כך ויד עני ואביון"
                    HPOS="479"
                    VPOS="1103"
                    WIDTH="2271"
                    HEIGHT="88"></String>
          </TextLine>

          
          
          <TextLine ID="eSc_line_1638703"
                    
                    BASELINE="585 1216 2704 1216 2752 1224" 
                    HPOS="581"
                    VPOS="1173"
                    WIDTH="2169"
                    HEIGHT="99">
            <Shape><Polygon POINTS="581 1212 581 1272 2739 1272 2750 1223 2743 1173 581 1173 581 1212"/></Shape>
	    <String CONTENT="לא החזי&#39; ותגבהינה ˙ כיו&#39; בד&#39; את&#39; או&#39; כי כלה משקה ותשקין את אביהן יין וכי"
                    HPOS="581"
                    VPOS="1173"
                    WIDTH="2169"
                    HEIGHT="99"></String>
          </TextLine>

          
          
          <TextLine ID="eSc_line_1638704"
                    
                    BASELINE="546 1283 2658 1290 2752 1283" 
                    HPOS="539"
                    VPOS="1251"
                    WIDTH="2211"
                    HEIGHT="77">
            <Shape><Polygon POINTS="543 1279 539 1325 2743 1328 2750 1279 2746 1251 543 1251 543 1279"/></Shape>
	    <String CONTENT="מאין היה להן יין במערה אלא שנזדמן להן לשעה כ&#39; ה&#39; או&#39; והיה ביום ההוא יטפו"
                    HPOS="539"
                    VPOS="1251"
                    WIDTH="2211"
                    HEIGHT="77"></String>
          </TextLine>

          
          
          <TextLine ID="eSc_line_1638705"
                    
                    BASELINE="521 1364 662 1357 1932 1357 2623 1357 2752 1363" 
                    HPOS="518"
                    VPOS="1314"
                    WIDTH="2232"
                    HEIGHT="85">
            <Shape><Polygon POINTS="518 1321 518 1360 518 1395 2739 1399 2750 1360 2746 1314 525 1314 518 1321"/></Shape>
	    <String CONTENT="ההרים ע[](ס)יס אם כך נתן למכעיסיו קל וחומר לעוש&#39; רצונו ˙ וכבר היה רבן גמליאל"
                    HPOS="518"
                    VPOS="1314"
                    WIDTH="2232"
                    HEIGHT="85"></String>
          </TextLine>

          
          
          <TextLine ID="eSc_line_1638706"
                    
                    BASELINE="409 1417 765 1424 1011 1417 2196 1413 2640 1431 2752 1422" 
                    HPOS="401"
                    VPOS="1381"
                    WIDTH="2349"
                    HEIGHT="81">
            <Shape><Polygon POINTS="437 1395 433 1381 405 1381 405 1413 401 1459 2743 1462 2750 1420 2750 1385 451 1381 437 1395"/></Shape>
	    <String CONTENT="ור&#39; יהושע ור&#39; אלעזר בן עזריה ור&#39; עקי&#39; נכנסין לרומי שמעו קול הומייה שלמיפטיילוס"
                    HPOS="401"
                    VPOS="1381"
                    WIDTH="2349"
                    HEIGHT="81"></String>
          </TextLine>

          
          
          <TextLine ID="eSc_line_1638707"
                    
                    BASELINE="546 1505 691 1498 1086 1501 1477 1487 1886 1484 2260 1487 2390 1498 2752 1498" 
                    HPOS="539"
                    VPOS="1448"
                    WIDTH="2211"
                    HEIGHT="106">
            <Shape><Polygon POINTS="543 1501 543 1554 2746 1526 2750 1494 2743 1448 539 1455 543 1501"/></Shape>
	    <String CONTENT="עד ק&#39; וכ&#39; מיל התחילו הן בוכין ור&#39; עקיבה מצחק אמרו לו עקיבה מפני מה אנו בוכין"
                    HPOS="539"
                    VPOS="1448"
                    WIDTH="2211"
                    HEIGHT="106"></String>
          </TextLine>

          
          
          <TextLine ID="eSc_line_1638708"
                    
                    BASELINE="550 1561 1255 1568 1657 1558 2087 1554 2295 1565 2752 1572" 
                    HPOS="543"
                    VPOS="1522"
                    WIDTH="2207"
                    HEIGHT="81">
            <Shape><Polygon POINTS="546 1558 543 1596 2739 1603 2750 1568 2750 1526 546 1522 546 1558"/></Shape>
	    <String CONTENT="ואת מצחק אמ&#39; להן אתם למה בכיתם אמרו לו ולא נבכה שהגוים עוב&#39; עב&#39; זרה"
                    HPOS="543"
                    VPOS="1522"
                    WIDTH="2207"
                    HEIGHT="81"></String>
          </TextLine>

          
          
          <TextLine ID="eSc_line_1638709"
                    
                    BASELINE="567 1642 712 1635 909 1635 1220 1625 2157 1625 2447 1635 2752 1635" 
                    HPOS="560"
                    VPOS="1589"
                    WIDTH="2190"
                    HEIGHT="88">
            <Shape><Polygon POINTS="564 1639 564 1670 1685 1674 1688 1674 1724 1674 1759 1674 1794 1674 1830 1674 1865 1674 1900 1674 1935 1674 1971 1674 2006 1674 2041 1674 2076 1674 2090 1674 2743 1677 2750 1632 2743 1589 560 1589 564 1639"/></Shape>
	    <String CONTENT="מזבחים לאלילים משתחוים לעצבים יושבין בטח שלוה ושאנן ובית הדום"
                    HPOS="560"
                    VPOS="1589"
                    WIDTH="2190"
                    HEIGHT="88"></String>
          </TextLine>

          
          
          <TextLine ID="eSc_line_1638710"
                    
                    BASELINE="550 1706 1882 1681 2112 1684 2440 1699 2752 1699" 
                    HPOS="543"
                    VPOS="1646"
                    WIDTH="2207"
                    HEIGHT="98">
            <Shape><Polygon POINTS="546 1702 546 1744 2746 1730 2750 1695 2743 1646 1064 1649 1061 1649 1001 1667 994 1667 976 1667 814 1653 810 1653 543 1670 546 1702"/></Shape>
	    <String CONTENT="רגלו שלﭏהינו יהא לשרפת אש ומדור לחית השדה אמ&#39; להן אף אני לכך צחקתי"
                    HPOS="543"
                    VPOS="1646"
                    WIDTH="2207"
                    HEIGHT="98"></String>
          </TextLine>

          
          
          <TextLine ID="eSc_line_1638711"
                    
                    BASELINE="535 1769 955 1769 1248 1758 1339 1762 2045 1751 2752 1762" 
                    HPOS="528"
                    VPOS="1720"
                    WIDTH="2222"
                    HEIGHT="91">
            <Shape><Polygon POINTS="532 1766 532 1811 2743 1811 2750 1758 2743 1720 528 1720 532 1766"/></Shape>
	    <String CONTENT="אם כך נתן למכעיסיו קל וחומ&#39; לעושי רצונו ˙ שוב פעם אחת היו עולים לירוש&#39;"
                    HPOS="528"
                    VPOS="1720"
                    WIDTH="2222"
                    HEIGHT="91"></String>
          </TextLine>

          
          
          <TextLine ID="eSc_line_1638712"
                    
                    BASELINE="514 1829 729 1836 1128 1822 2626 1822 2752 1828" 
                    HPOS="511"
                    VPOS="1790"
                    WIDTH="2239"
                    HEIGHT="88">
            <Shape><Polygon POINTS="511 1878 2743 1871 2750 1825 2746 1790 511 1790 511 1825 511 1878"/></Shape>
	    <String CONTENT="הגיעו לצופים וקרעו בגדיהן הגיעו להר הבית ראו שועל אחד יוצא מבית קודש"
                    HPOS="511"
                    VPOS="1790"
                    WIDTH="2239"
                    HEIGHT="88"></String>
          </TextLine>

          
          
          <TextLine ID="eSc_line_1638713"
                    
                    BASELINE="578 1899 648 1907 1043 1892 2752 1892" 
                    HPOS="571"
                    VPOS="1857"
                    WIDTH="2179"
                    HEIGHT="81">
            <Shape><Polygon POINTS="574 1896 574 1938 2746 1935 2750 1889 2743 1857 571 1857 574 1896"/></Shape>
	    <String CONTENT="הקדשים התחילו הן בוכין ור&#39; עקיבה אמ&#39; לו עק&#39; לעולם את מתמיה שאנו בוכין"
                    HPOS="571"
                    VPOS="1857"
                    WIDTH="2179"
                    HEIGHT="81"></String>
          </TextLine>

          
          
          <TextLine ID="eSc_line_1638714"
                    
                    BASELINE="595 1974 1040 1963 2752 1966" 
                    HPOS="588"
                    VPOS="1924"
                    WIDTH="2162"
                    HEIGHT="88">
            <Shape><Polygon POINTS="592 1973 592 2012 2743 2005 2750 1963 2743 1924 588 1924 592 1973"/></Shape>
	    <String CONTENT="ואת מצחק אמ&#39; להן אתם למ&#39; בכיתם אמ&#39; לו לא נבכה על מקום שנ&#39; בו והזר הקרב [/]"
                    HPOS="588"
                    VPOS="1924"
                    WIDTH="2162"
                    HEIGHT="88"></String>
          </TextLine>

          
          
          <TextLine ID="eSc_line_1638715"
                    
                    BASELINE="539 2048 736 2048 1188 2033 2630 2033 2752 2038" 
                    HPOS="532"
                    VPOS="1995"
                    WIDTH="2218"
                    HEIGHT="95">
            <Shape><Polygon POINTS="535 2044 535 2090 2743 2072 2750 2037 2743 1995 532 1995 535 2044"/></Shape>
	    <String CONTENT="יומת הרי שועל יוצא מתוכו עלינו נתקיים על זה היה דוה לבנו על הר ציון שש&#39; וג&#39;"
                    HPOS="532"
                    VPOS="1995"
                    WIDTH="2218"
                    HEIGHT="95"></String>
          </TextLine>

          
          
          <TextLine ID="eSc_line_1638716"
                    
                    BASELINE="550 2107 1283 2104 1406 2097 1956 2090 2752 2093" 
                    HPOS="543"
                    VPOS="2062"
                    WIDTH="2207"
                    HEIGHT="84">
            <Shape><Polygon POINTS="546 2104 546 2143 2739 2146 2750 2090 2743 2062 543 2062 546 2104"/></Shape>
	    <String CONTENT="אמ&#39; להם אף אני לכך צחקתי הרי הוא אומ&#39; ואעידה לי עדים נאמנים וגו&#39; וכי מה"
                    HPOS="543"
                    VPOS="2062"
                    WIDTH="2207"
                    HEIGHT="84"></String>
          </TextLine>

          
          
          <TextLine ID="eSc_line_1638724"
                    
                    BASELINE="557 2178 743 2178 1272 2160 2633 2160 2752 2166" 
                    HPOS="550"
                    VPOS="2118"
                    WIDTH="2200"
                    HEIGHT="95">
            <Shape><Polygon POINTS="553 2174 553 2213 2743 2210 2750 2164 2743 2118 550 2125 553 2174"/></Shape>
	    <String CONTENT="עיניין אוריה אצל זכריה ומה אמ&#39; אוריה כה אמר ייי ציון שדה תחרש ומה אמר"
                    HPOS="550"
                    VPOS="2118"
                    WIDTH="2200"
                    HEIGHT="95"></String>
          </TextLine>

          
          
          <TextLine ID="eSc_line_1638717"
                    
                    BASELINE="567 2241 708 2248 990 2234 1191 2231 1473 2234 1674 2227 2214 2224 2623 2227 2752 2237" 
                    HPOS="560"
                    VPOS="2192"
                    WIDTH="2190"
                    HEIGHT="88">
            <Shape><Polygon POINTS="564 2238 564 2280 2743 2270 2750 2234 2743 2192 560 2196 564 2238"/></Shape>
	    <String CONTENT="זכריה כה אמ&#39; ייי צבא&#39; עוד ישבו זקנים וזקנות וגו&#39; ורחבות העיר וגו&#39; אמ&#39; המקו&#39; הרי"
                    HPOS="560"
                    VPOS="2192"
                    WIDTH="2190"
                    HEIGHT="88"></String>
          </TextLine>

          
          
          <TextLine ID="eSc_line_1638718"
                    
                    BASELINE="574 2315 1089 2301 1495 2305 2087 2287 2752 2291" 
                    HPOS="567"
                    VPOS="2248"
                    WIDTH="2183"
                    HEIGHT="106">
            <Shape><Polygon POINTS="571 2312 571 2354 2743 2333 2750 2287 2743 2248 567 2270 571 2312"/></Shape>
	    <String CONTENT="לי שני עדים האילו אם קיימין דברי אוריה קיימין דברי זכריה ואם בטלו דב&#39;"
                    HPOS="567"
                    VPOS="2248"
                    WIDTH="2183"
                    HEIGHT="106"></String>
          </TextLine>

          
          
          <TextLine ID="eSc_line_1638719"
                    
                    BASELINE="493 2382 895 2382 1265 2372 1618 2375 1837 2368 2147 2368 2394 2358 2752 2364" 
                    HPOS="486"
                    VPOS="2322"
                    WIDTH="2264"
                    HEIGHT="99">
            <Shape><Polygon POINTS="2743 2340 2743 2322 486 2333 490 2379 490 2421 2746 2404 2750 2361 2746 2354 2743 2340"/></Shape>
	    <String CONTENT="אוריה בט&#39; דב&#39; זכריה שמחתי שנתקיימו דברי אוריה לסוף שדברי זכריה עתידין"
                    HPOS="486"
                    VPOS="2322"
                    WIDTH="2264"
                    HEIGHT="99"></String>
          </TextLine>

          
          
          <TextLine ID="eSc_line_1638725"
                    
                    BASELINE="518 2456 899 2442 1900 2439 2281 2428 2471 2428 2752 2439" 
                    HPOS="511"
                    VPOS="2393"
                    WIDTH="2239"
                    HEIGHT="95">
            <Shape><Polygon POINTS="514 2453 514 2488 2743 2471 2750 2435 2743 2393 511 2404 514 2453"/></Shape>
	    <String CONTENT="לבוא כלשון הזה אמ&#39; לו ניחמתני עקיבה ˙ ד&#39;א&#39; ואכלת ושב&#39; השמרו לכם א&#39; להן"
                    HPOS="511"
                    VPOS="2393"
                    WIDTH="2239"
                    HEIGHT="95"></String>
          </TextLine>

          
          
          <TextLine ID="eSc_line_1638726"
                    
                    BASELINE="521 2506 715 2516 1286 2516 1748 2499 2752 2502" 
                    HPOS="514"
                    VPOS="2460"
                    WIDTH="2236"
                    HEIGHT="85">
            <Shape><Polygon POINTS="518 2502 518 2545 2746 2545 2750 2499 2743 2460 514 2467 518 2502"/></Shape>
	    <String CONTENT="הזהרו שמא יטעה אתכם יצר הרע ותפרשו מדברי תורה שכיון שאדם פורש"
                    HPOS="514"
                    VPOS="2460"
                    WIDTH="2236"
                    HEIGHT="85"></String>
          </TextLine>

          
          
          <TextLine ID="eSc_line_1638727"
                    
                    BASELINE="581 2590 684 2583 1086 2587 1283 2580 1565 2580 1822 2569 2752 2573" 
                    HPOS="574"
                    VPOS="2523"
                    WIDTH="2176"
                    HEIGHT="106">
            <Shape><Polygon POINTS="578 2587 578 2629 2743 2615 2750 2569 2743 2523 574 2534 578 2587"/></Shape>
	    <String CONTENT="מדברי תורה שנ&#39; סרו מהר וגו&#39; ואו&#39; אם ייי הסיתך בי ירח מנחה וגו&#39; וסרתם מדרך"
                    HPOS="574"
                    VPOS="2523"
                    WIDTH="2176"
                    HEIGHT="106"></String>
          </TextLine>

          
          
          <TextLine ID="eSc_line_1638728"
                    
                    BASELINE="574 2647 765 2657 881 2650 1350 2640 2752 2640" 
                    HPOS="567"
                    VPOS="2590"
                    WIDTH="2183"
                    HEIGHT="99">
            <Shape><Polygon POINTS="571 2643 571 2689 2715 2689 2718 2689 2746 2689 2750 2636 2743 2590 567 2601 571 2643"/></Shape>
	    <String CONTENT="חיים לדרך מוות וכי תעלה על דעתך שדויד המלך עובד עבוד&#39; זרה אלא כיון [ש&#39;]"
                    HPOS="567"
                    VPOS="2590"
                    WIDTH="2183"
                    HEIGHT="99"></String>
          </TextLine>

          
          
          <TextLine ID="eSc_line_1638729"
                    
                    BASELINE="560 2721 860 2728 1202 2717 1932 2710 2115 2703 2605 2707 2752 2695" 
                    HPOS="553"
                    VPOS="2664"
                    WIDTH="2197"
                    HEIGHT="96">
            <Shape><Polygon POINTS="557 2717 557 2760 2746 2749 2750 2693 2743 2664 553 2675 557 2717"/></Shape>
	    <String CONTENT="שפוסק מדברי תורה הולך ומידבק בעבו&#39; זרה וסרתם מדרך חיים לדרך מוות"
                    HPOS="553"
                    VPOS="2664"
                    WIDTH="2197"
                    HEIGHT="96"></String>
          </TextLine>

          
          
          <TextLine ID="eSc_line_1638720"
                    
                    BASELINE="550 2788 828 2781 1181 2784 1900 2767 2055 2770 2351 2760 2630 2760 2752 2771" 
                    HPOS="543"
                    VPOS="2721"
                    WIDTH="2207"
                    HEIGHT="109">
            <Shape><Polygon POINTS="546 2784 546 2830 2743 2805 2750 2770 2743 2721 543 2749 546 2784"/></Shape>
	    <String CONTENT="ועבדתם ﭏ&#39;ים אחירים וכי ﭏ&#39;ים הוא וה&#39; כ&#39; נ&#39; ונתון את ﭏהיהם באש וגו&#39; למה נקרא"
                    HPOS="543"
                    VPOS="2721"
                    WIDTH="2207"
                    HEIGHT="109"></String>
          </TextLine>

          
          
          <TextLine ID="eSc_line_1638689"
                    
                    BASELINE="564 2848 892 2855 1466 2837 1717 2841 2020 2823 2752 2823" 
                    HPOS="557"
                    VPOS="2791"
                    WIDTH="2193"
                    HEIGHT="99">
            <Shape><Polygon POINTS="560 2844 560 2890 2746 2865 2750 2820 2743 2791 557 2809 560 2844"/></Shape>
	    <String CONTENT="שמם ﭏ&#39;ים אחרים שעושין את עובדיהן אחרין ˙ ד&#39;א&#39; ﭏ&#39;ים אחרים שאחרין"
                    HPOS="557"
                    VPOS="2791"
                    WIDTH="2193"
                    HEIGHT="99"></String>
          </TextLine>

          
          
          <TextLine ID="eSc_line_1638695"
                    
                    BASELINE="532 2915 648 2908 990 2911 1547 2894 1822 2897 2090 2886 2573 2886 2752 2895" 
                    HPOS="525"
                    VPOS="2851"
                    WIDTH="2225"
                    HEIGHT="92">
            <Shape><Polygon POINTS="528 2911 528 2943 2746 2925 2750 2894 2743 2851 525 2869 528 2911"/></Shape>
	    <String CONTENT="קורין אותן אלוהות ˙ ד&#39;א&#39; ﭏ&#39;ים אחרים שאחרין הן לעובדיהן כ&#39; ה&#39; א&#39; אף כי יצעק"
                    HPOS="525"
                    VPOS="2851"
                    WIDTH="2225"
                    HEIGHT="92"></String>
          </TextLine>

          
          
          <TextLine ID="eSc_line_1638694"
                    
                    BASELINE="581 2989 800 2978 1043 2978 1269 2964 1547 2968 1907 2957 2408 2957 2672 2961 2752 2966" 
                    HPOS="574"
                    VPOS="2918"
                    WIDTH="2176"
                    HEIGHT="99">
            <Shape><Polygon POINTS="578 2985 578 3017 2743 2996 2750 2964 2743 2918 574 2932 578 2985"/></Shape>
	    <String CONTENT="אליו ולא יענה מצרתו לא יושיענו ˙ ר&#39; יוסי אומ&#39; למה נקרא שמן ﭏ&#39;ים אח&#39; שלא"
                    HPOS="574"
                    VPOS="2918"
                    WIDTH="2176"
                    HEIGHT="99"></String>
          </TextLine>

          
          
          <TextLine ID="eSc_line_1638683"
                    
                    BASELINE="571 3045 1019 3052 1445 3035 1734 3038 2341 3020 2630 3024 2752 3015" 
                    HPOS="564"
                    VPOS="2982"
                    WIDTH="2186"
                    HEIGHT="109">
            <Shape><Polygon POINTS="567 3042 567 3091 2746 3059 2750 3013 2743 2982 564 3010 567 3042"/></Shape>
	    <String CONTENT="ליתן פתחון פה לבאי העול&#39; לומ&#39; אילו נקראו לשמו היה בם צורך והרי נקרא על [ש&#39;]"
                    HPOS="564"
                    VPOS="2982"
                    WIDTH="2186"
                    HEIGHT="109"></String>
          </TextLine>

          
          
          <TextLine ID="eSc_line_1638696"
                    
                    BASELINE="592 3119 983 3119 1385 3105 1777 3109 2253 3091 2559 3098 2752 3092" 
                    HPOS="585"
                    VPOS="3052"
                    WIDTH="2165"
                    HEIGHT="113">
            <Shape><Polygon POINTS="588 3116 588 3165 2746 3144 2750 3091 2743 3052 585 3077 588 3116"/></Shape>
	    <String CONTENT="שמו ולא היה בהן צורך אימתי נקרא על שמו בימי אנוש בן שת אז הוחל לק&#39;"
                    HPOS="585"
                    VPOS="3052"
                    WIDTH="2165"
                    HEIGHT="113"></String>
          </TextLine>

          
          
          <TextLine ID="eSc_line_1638692"
                    
                    BASELINE="595 3183 743 3193 973 3193 1442 3176 1717 3179 2140 3165 2752 3165" 
                    HPOS="588"
                    VPOS="3123"
                    WIDTH="2162"
                    HEIGHT="105">
            <Shape><Polygon POINTS="592 3179 592 3228 2746 3204 2750 3161 2743 3123 588 3144 592 3179"/></Shape>
	    <String CONTENT="בשם ייי באות&#39; שע&#39; עלה עוקיינוס והיציף שלישו שלעולם אמ&#39; להן הק&#39;ב&#39;ה&#39; אתם"
                    HPOS="588"
                    VPOS="3123"
                    WIDTH="2162"
                    HEIGHT="105"></String>
          </TextLine>

          
          
          <TextLine ID="eSc_line_1638693"
                    
                    BASELINE="592 3267 698 3260 1484 3250 1685 3239 2383 3232 2633 3235 2752 3225" 
                    HPOS="585"
                    VPOS="3190"
                    WIDTH="2165"
                    HEIGHT="116">
            <Shape><Polygon POINTS="2736 3211 2718 3190 585 3214 588 3264 588 3306 2746 3264 2750 3221 2743 3190 2739 3190 2736 3211"/></Shape>
	    <String CONTENT="עשיתם מעשה חדש וקריתם לעצמכם אף אני אעשה מעשה חדש ואקרא"
                    HPOS="585"
                    VPOS="3190"
                    WIDTH="2165"
                    HEIGHT="116"></String>
          </TextLine>

          
          
          <TextLine ID="eSc_line_1638682"
                    
                    BASELINE="550 3324 754 3317 1160 3320 1629 3302 1875 3306 1985 3299 2743 3288" 
                    HPOS="543"
                    VPOS="3250"
                    WIDTH="2196"
                    HEIGHT="123">
            <Shape><Polygon POINTS="546 3320 546 3359 1008 3373 1011 3373 2739 3331 2739 3285 2732 3250 543 3281 546 3320"/></Shape>
	    <String CONTENT="לעצמי הקורא למי הים וישפכם וגו&#39; ר&#39; יצחק אומ&#39; אפילו נפרט שמו על עבודה זרה"
                    HPOS="543"
                    VPOS="3250"
                    WIDTH="2196"
                    HEIGHT="123"></String>
          </TextLine>

          
          
          <TextLine ID="eSc_line_1638691"
                    
                    BASELINE="627 3398 1068 3398 1251 3387 1428 3391 1907 3373 2140 3376 2521 3362 2752 3362" 
                    HPOS="620"
                    VPOS="3320"
                    WIDTH="2130"
                    HEIGHT="123">
            <Shape><Polygon POINTS="624 3394 624 3443 2750 3401 2750 3359 2743 3320 620 3345 624 3394"/></Shape>
	    <String CONTENT="לא ספקו להן כל עיירות שבעולם ר&#39; אליע&#39; אמ&#39; למה נק&#39; שמו ﭏ&#39; אחר&#39; שמחדשין להן [/]"
                    HPOS="620"
                    VPOS="3320"
                    WIDTH="2130"
                    HEIGHT="123"></String>
          </TextLine>

          
          
          <TextLine ID="eSc_line_1638690"
                    
                    BASELINE="581 3465 948 3458 1220 3461 1516 3447 2080 3447 2739 3426" 
                    HPOS="574"
                    VPOS="3391"
                    WIDTH="2162"
                    HEIGHT="116">
            <Shape><Polygon POINTS="578 3461 578 3507 2732 3465 2736 3422 2729 3391 574 3412 578 3461"/></Shape>
	    <String CONTENT="ﭏוהות בכל יום שאם היה שלזהב וצריך לו עושהו שלכסף שלכסף עושהו של"
                    HPOS="574"
                    VPOS="3391"
                    WIDTH="2162"
                    HEIGHT="116"></String>
          </TextLine>

          
          
          <TextLine ID="eSc_line_1638684"
                    
                    BASELINE="578 3525 1071 3532 1466 3514 2076 3517 2440 3503 2752 3507" 
                    HPOS="571"
                    VPOS="3461"
                    WIDTH="2179"
                    HEIGHT="99">
            <Shape><Polygon POINTS="574 3524 574 3560 2743 3546 2750 3503 2743 3461 571 3482 574 3524"/></Shape>
	    <String CONTENT="נחושת שלנחושת עוש&#39; של ברזל ברזל עושהו שבדיל בדיל עוש&#39; שלעופרת של"
                    HPOS="571"
                    VPOS="3461"
                    WIDTH="2179"
                    HEIGHT="99"></String>
          </TextLine>

          
          
          <TextLine ID="eSc_line_1638688"
                    
                    BASELINE="588 3606 1166 3592 1693 3583 2752 3565" 
                    HPOS="581"
                    VPOS="3528"
                    WIDTH="2169"
                    HEIGHT="152">
            <Shape><Polygon POINTS="585 3602 585 3680 768 3665 856 3676 888 3680 892 3680 895 3680 913 3676 990 3655 1036 3673 1050 3676 1054 3676 1057 3676 1061 3676 1064 3676 1071 3669 1100 3648 1191 3648 1227 3665 1241 3673 1244 3673 1248 3676 1389 3676 1389 3673 1456 3658 1533 3644 1646 3655 1787 3665 1791 3665 1992 3662 1995 3662 2066 3641 2083 3637 2150 3637 2369 3648 2373 3648 2376 3648 2425 3630 2436 3627 2443 3630 2464 3644 2468 3644 2471 3644 2475 3644 2478 3644 2482 3644 2499 3630 2503 3623 2750 3620 2750 3563 2743 3528 581 3560 585 3602"/></Shape>
	    <String CONTENT="עופרת וצריך לו עוש&#39; שלעץ ר&#39; חנניה בן אנטוגנס א&#39; צא וראה לשון שתפסה"
                    HPOS="581"
                    VPOS="3528"
                    WIDTH="2169"
                    HEIGHT="152"></String>
          </TextLine>

          
        </TextBlock>
        

        
      </PrintSpace>
    </Page>
  </Layout>
</alto>
