<?xml version="1.0" encoding="UTF-8"?>
<alto xmlns:xsi="http://www.w3.org/2001/XMLSchema-instance"
      xmlns="http://www.loc.gov/standards/alto/ns-v4#"
      xsi:schemaLocation="http://www.loc.gov/standards/alto/ns-v4# http://www.loc.gov/standards/alto/v4/alto-4-2.xsd">
  <Description>
    <MeasurementUnit>pixel</MeasurementUnit>
    <sourceImageInformation>
      <fileName>Vat.ebr.32_0109_fa_0052r.jpg</fileName>
      
    </sourceImageInformation>
  </Description>
  
  <Tags>
    <OtherTag ID="BT1" LABEL="Title" DESCRIPTION="block type Title"/><OtherTag ID="BT2" LABEL="Main" DESCRIPTION="block type Main"/><OtherTag ID="BT3" LABEL="Commentary" DESCRIPTION="block type Commentary"/><OtherTag ID="BT4" LABEL="Illustration" DESCRIPTION="block type Illustration"/><OtherTag ID="BT853" LABEL="Margin" DESCRIPTION="block type Margin"/><OtherTag ID="BT854" LABEL="Paratext" DESCRIPTION="block type Paratext"/>
    <OtherTag ID="LT2" LABEL="Numbering" DESCRIPTION="line type Numbering"/><OtherTag ID="LT3" LABEL="Correction" DESCRIPTION="line type Correction"/>
  </Tags>
  
  <Layout>
    <Page WIDTH="3180"
          HEIGHT="4230"
          PHYSICAL_IMG_NR="102"
          ID="eSc_dummypage_">
      <PrintSpace HPOS="0"
                  VPOS="0"
                  WIDTH="3180"
                  HEIGHT="4230">
        
        <TextBlock HPOS="303.0"
                   VPOS="503.0"
                   WIDTH="2387.0"
                   HEIGHT="3214.0"
                   ID="eSc_textblock_16782"
                   TAGREFS="BT2">
          <Shape><Polygon POINTS="408 533 2654 503 2690 3711 444 3717 397 694 303 700 305 646 416 627"/></Shape>
          
          
          <TextLine ID="eSc_line_1635185"
                    
                    BASELINE="391 613 1533 595 2069 581 2510 581 2627 585" 
                    HPOS="387"
                    VPOS="507"
                    WIDTH="2239"
                    HEIGHT="138">
            <Shape><Polygon POINTS="387 645 423 641 458 641 493 638 528 638 564 634 599 634 606 645 2619 616 2626 581 2622 507 2481 507 2478 507 2474 507 2467 511 2429 528 2404 511 2400 511 2397 511 2393 511 2379 511 2302 528 2263 514 2259 514 2256 514 2252 514 2249 514 2242 514 2164 535 2023 521 1974 518 1970 518 1967 518 1963 518 1956 525 1928 539 1843 525 1822 525 1819 525 1815 525 1801 528 1738 542 1646 532 1558 521 1554 521 1551 521 1547 521 1547 525 1544 525 1537 535 1533 539 1526 535 1501 525 1498 525 1494 525 1491 525 1487 525 1470 535 1445 553 1307 553 1181 542 1057 535 1054 535 973 549 934 556 909 553 853 535 849 535 846 535 842 535 789 553 775 560 765 556 722 535 719 535 715 535 712 535 624 560 602 567 387 567 387 609 387 645"/></Shape>
	    <String CONTENT="מחלון וכליון יואש שנתיאשו מן הגאולה יוא&#39; שנתיאשו מדב&#39; תו&#39; ושרף ששרפו בניהם"
                    HPOS="387"
                    VPOS="507"
                    WIDTH="2239"
                    HEIGHT="138"></String>
          </TextLine>

          
          
          <TextLine ID="eSc_line_1635178"
                    
                    BASELINE="425 686 578 682 895 666 1061 669 1406 662 1621 652 2627 642" 
                    HPOS="419"
                    VPOS="606"
                    WIDTH="2207"
                    HEIGHT="109">
            <Shape><Polygon POINTS="595 641 560 641 525 645 490 645 454 648 419 648 423 683 423 715 2622 680 2626 641 2619 606 602 630 595 641"/></Shape>
	    <String CONTENT="לעבודה זרה אשר בעלו למואב שנשאו נשים מואביות אש&#39; בע&#39; למו&#39; הניחו ארץ מואב ˙ ↑"
                    HPOS="419"
                    VPOS="606"
                    WIDTH="2207"
                    HEIGHT="109"></String>
          </TextLine>

          
          
          <TextLine ID="eSc_line_1987933"
                    TAGREFS="LT3"
                    BASELINE="343 654 625 641" 
                    HPOS="338"
                    VPOS="606"
                    WIDTH="286"
                    HEIGHT="99">
            <Shape><Polygon POINTS="585 609 549 609 514 609 479 609 444 609 408 627 373 634 338 634 341 652 341 705 433 705 447 676 482 676 493 676 518 676 553 676 588 673 616 673 624 638 616 606 585 609"/></Shape>
	    <String CONTENT="ישר&#39; ונהפכו בארץ"
                    HPOS="338"
                    VPOS="606"
                    WIDTH="286"
                    HEIGHT="99"></String>
          </TextLine>

          
          
          <TextLine ID="eSc_line_1635186"
                    
                    BASELINE="387 757 729 740 888 736 1170 740 1822 715 2506 708 2627 711" 
                    HPOS="380"
                    VPOS="662"
                    WIDTH="2246"
                    HEIGHT="134">
            <Shape><Polygon POINTS="384 754 384 796 1586 782 1681 775 1910 757 2302 764 2365 764 2369 764 2372 764 2376 764 2418 747 2619 757 2626 708 2619 662 380 708 384 754"/></Shape>
	    <String CONTENT="והדברים עתיקים כל אחד ואחד מפורש במקומו ˙ וישבי נטעים זה שלמה המלך שהיה"
                    HPOS="380"
                    VPOS="662"
                    WIDTH="2246"
                    HEIGHT="134"></String>
          </TextLine>

          
          
          <TextLine ID="eSc_line_1635187"
                    
                    BASELINE="394 814 560 824 863 807 1262 810 1706 793 1931 796 2439 779 2627 781" 
                    HPOS="387"
                    VPOS="736"
                    WIDTH="2239"
                    HEIGHT="127">
            <Shape><Polygon POINTS="391 810 391 863 666 860 673 856 708 856 743 856 743 856 2619 817 2626 779 2619 736 387 779 391 810"/></Shape>
	    <String CONTENT="דומה לנטיעה במלאכתו וגדירה זו סנהדרין שהיתה יושבת וגודרת בדב&#39; תו&#39; ˙ עם המלך"
                    HPOS="387"
                    VPOS="736"
                    WIDTH="2239"
                    HEIGHT="127"></String>
          </TextLine>

          
          
          <TextLine ID="eSc_line_1635179"
                    
                    BASELINE="363 898 779 895 1279 877 1477 881 1819 867 2404 853 2627 853" 
                    HPOS="356"
                    VPOS="807"
                    WIDTH="2270"
                    HEIGHT="134">
            <Shape><Polygon POINTS="743 860 708 863 673 860 666 849 356 856 359 895 359 941 521 937 535 927 571 927 581 934 2622 902 2626 849 2619 807 747 849 743 860"/></Shape>
	    <String CONTENT="במלאכתו ישבו שם מנ&#39; אתה או&#39; שלא מתה רות המואביה שראת את שלמה ↑ בנה שהיה"
                    HPOS="356"
                    VPOS="807"
                    WIDTH="2270"
                    HEIGHT="134"></String>
          </TextLine>

          
          
          <TextLine ID="eSc_line_1987936"
                    TAGREFS="LT3"
                    BASELINE="677 861 746 861" 
                    HPOS="677.0"
                    VPOS="849.0"
                    WIDTH="69.0"
                    HEIGHT="36.0">
            <Shape><Polygon POINTS="677 849 746 849 746 885 677 885"/></Shape>
	    <String CONTENT="בן"
                    HPOS="677.0"
                    VPOS="849.0"
                    WIDTH="69.0"
                    HEIGHT="36.0"></String>
          </TextLine>

          
          
          <TextLine ID="eSc_line_1635180"
                    
                    BASELINE="345 969 673 962 881 948 1173 951 1611 937 2199 934 2489 920 2608 927 2627 933" 
                    HPOS="338"
                    VPOS="884"
                    WIDTH="2288"
                    HEIGHT="120">
            <Shape><Polygon POINTS="549 934 535 920 338 920 341 965 341 1004 2615 972 2626 930 2619 884 560 916 549 934"/></Shape>
	    <String CONTENT="יושב ודן דינן שלזונות שנ&#39; עם המלך במלאכתו ישבו ש[](ם) והל[י](א) דב&#39; קל וחו&#39; ומה אם ↑ שהיתה"
                    HPOS="338"
                    VPOS="884"
                    WIDTH="2288"
                    HEIGHT="120"></String>
          </TextLine>

          
          
          <TextLine ID="eSc_line_1987937"
                    TAGREFS="LT3"
                    BASELINE="527 933 585 933" 
                    HPOS="525"
                    VPOS="905"
                    WIDTH="56"
                    HEIGHT="50">
            <Shape><Polygon POINTS="525 930 525 955 560 955 581 955 581 930 581 916 525 905 525 930"/></Shape>
	    <String CONTENT="מי"
                    HPOS="525"
                    VPOS="905"
                    WIDTH="56"
                    HEIGHT="50"></String>
          </TextLine>

          
          
          <TextLine ID="eSc_line_1635181"
                    
                    BASELINE="363 1029 1396 1004 2125 1001 2393 990 2627 993" 
                    HPOS="356"
                    VPOS="951"
                    WIDTH="2270"
                    HEIGHT="113">
            <Shape><Polygon POINTS="359 1025 359 1064 2619 1025 2626 990 2619 951 356 986 359 1025"/></Shape>
	    <String CONTENT="מעם שנ&#39; בו לא תבואו בהם והם לא יבואו בכם על שקירבה עצמה כך קירבה המק&#39; יש&#39; שעושין"
                    HPOS="356"
                    VPOS="951"
                    WIDTH="2270"
                    HEIGHT="113"></String>
          </TextLine>

          
          
          <TextLine ID="eSc_line_1635150"
                    
                    BASELINE="349 1092 698 1092 1015 1075 1364 1078 1815 1061 2627 1061" 
                    HPOS="341"
                    VPOS="1011"
                    WIDTH="2285"
                    HEIGHT="127">
            <Shape><Polygon POINTS="345 1089 345 1138 2622 1113 2626 1057 2622 1029 2076 1011 2072 1011 341 1046 345 1089"/></Shape>
	    <String CONTENT="התורה על אחת כמה וכמה אם תאמר בישרﭏ לא היה כן והלא כבר נא&#39; ויאמר מלך מצרים"
                    HPOS="341"
                    VPOS="1011"
                    WIDTH="2285"
                    HEIGHT="127"></String>
          </TextLine>

          
          
          <TextLine ID="eSc_line_1635182"
                    
                    BASELINE="398 1163 824 1159 1212 1145 1438 1149 2206 1131 2627 1131" 
                    HPOS="391"
                    VPOS="1089"
                    WIDTH="2235"
                    HEIGHT="113">
            <Shape><Polygon POINTS="394 1159 394 1202 2626 1180 2626 1128 2619 1089 391 1120 394 1159"/></Shape>
	    <String CONTENT="למילדת וג&#39; שפרה זו יוכבד פועה זו מרים שפרה שפרת ורבת שפרה שהיתה משפרת"
                    HPOS="391"
                    VPOS="1089"
                    WIDTH="2235"
                    HEIGHT="113"></String>
          </TextLine>

          
          
          <TextLine ID="eSc_line_1635173"
                    
                    BASELINE="412 1226 581 1233 1001 1216 1477 1216 1720 1202 2196 1205 2478 1194 2639 1194" 
                    HPOS="405"
                    VPOS="1156"
                    WIDTH="2232"
                    HEIGHT="116">
            <Shape><Polygon POINTS="408 1223 408 1265 511 1265 514 1265 549 1265 585 1265 620 1265 655 1265 690 1265 694 1265 1195 1272 1198 1272 2633 1233 2637 1191 2630 1156 405 1184 408 1223"/></Shape>
	    <String CONTENT="את הוולד שפרה שפרו ורבו יש&#39; בימיה פועה שהיתה פועה ובוכה על אחיה שנ&#39; ותתצב"
                    HPOS="405"
                    VPOS="1156"
                    WIDTH="2232"
                    HEIGHT="116"></String>
          </TextLine>

          
          
          <TextLine ID="eSc_line_1635174"
                    
                    BASELINE="430 1310 930 1286 1131 1290 1554 1272 1755 1272 1889 1265 2196 1265 2365 1258 2639 1261" 
                    HPOS="423"
                    VPOS="1209"
                    WIDTH="2214"
                    HEIGHT="126">
            <Shape><Polygon POINTS="669 1272 634 1272 599 1272 564 1272 528 1272 518 1261 423 1261 426 1307 426 1335 461 1335 497 1335 532 1335 567 1335 595 1335 2630 1293 2637 1258 2630 1209 676 1258 669 1272"/></Shape>
	    <String CONTENT="אחתו מרח&#39; ויאמר בילדכן ˙ ותיראן המילדת ˙ וייטב ﭏ&#39;ים ˙ ויהי כי יראו המילדת ↑ בתים"
                    HPOS="423"
                    VPOS="1209"
                    WIDTH="2214"
                    HEIGHT="126"></String>
          </TextLine>

          
          
          <TextLine ID="eSc_line_1987938"
                    TAGREFS="LT3"
                    BASELINE="507 1271 701 1269" 
                    HPOS="504"
                    VPOS="1247"
                    WIDTH="194"
                    HEIGHT="46">
            <Shape><Polygon POINTS="504 1269 549 1293 574 1293 609 1293 645 1290 680 1290 694 1290 698 1269 694 1247 504 1247 504 1269"/></Shape>
	    <String CONTENT="את ..."
                    HPOS="504"
                    VPOS="1247"
                    WIDTH="194"
                    HEIGHT="46"></String>
          </TextLine>

          
          
          <TextLine ID="eSc_line_1635151"
                    
                    BASELINE="373 1346 1018 1343 1427 1332 1805 1332 1939 1325 2639 1318" 
                    HPOS="366"
                    VPOS="1286"
                    WIDTH="2271"
                    HEIGHT="92">
            <Shape><Polygon POINTS="370 1343 370 1378 2633 1353 2637 1314 2630 1286 366 1307 370 1343"/></Shape>
	    <String CONTENT="האילו איני יודע מה הן כשאו&#39; מקצה עשרים שנה אשר בנה שלמה את שני הבתים את"
                    HPOS="366"
                    VPOS="1286"
                    WIDTH="2271"
                    HEIGHT="92"></String>
          </TextLine>

          
          
          <TextLine ID="eSc_line_1635175"
                    
                    BASELINE="370 1406 683 1399 1008 1399 1159 1392 1512 1392 1671 1385 1988 1388 2175 1381 2639 1381" 
                    HPOS="363"
                    VPOS="1350"
                    WIDTH="2274"
                    HEIGHT="81">
            <Shape><Polygon POINTS="398 1371 394 1360 363 1360 366 1402 366 1431 500 1427 507 1424 542 1424 546 1427 602 1427 613 1420 648 1420 683 1420 690 1427 2633 1417 2637 1378 2630 1350 405 1360 398 1371"/></Shape>
	    <String CONTENT="בית ייי זו כהונה ואת בית המלך זו מלכות יוכבד לכהונה ומרים למלכות שנ&#39; וקוץ הוליד"
                    HPOS="363"
                    VPOS="1350"
                    WIDTH="2274"
                    HEIGHT="81"></String>
          </TextLine>

          
          
          <TextLine ID="eSc_line_1635152"
                    
                    BASELINE="414 1473 821 1459 1040 1448 1459 1441 2087 1445 2284 1438 2639 1438" 
                    HPOS="408"
                    VPOS="1392"
                    WIDTH="2229"
                    HEIGHT="106">
            <Shape><Polygon POINTS="655 1427 620 1427 606 1417 560 1417 549 1431 514 1431 479 1431 461 1417 408 1417 412 1469 412 1498 444 1498 1385 1491 1399 1491 1434 1491 1470 1491 1505 1491 1523 1491 2633 1480 2637 1434 2630 1392 666 1417 655 1427"/></Shape>
	    <String CONTENT="את ענוב וג&#39; אחרחל ז[ו](ה) מרים שנ&#39; ותצאן כל הנשים אחר&#39; בן חרום זו יוכבד שנ&#39; כל ↑ ביש&#39;↑ לך"
                    HPOS="408"
                    VPOS="1392"
                    WIDTH="2229"
                    HEIGHT="106"></String>
          </TextLine>

          
          
          <TextLine ID="eSc_line_a309a7dc"
                    TAGREFS="LT3"
                    BASELINE="600 1429 686 1425" 
                    HPOS="595"
                    VPOS="1399"
                    WIDTH="88"
                    HEIGHT="60">
            <Shape><Polygon POINTS="655 1399 595 1406 599 1427 599 1459 634 1455 669 1455 680 1455 683 1424 676 1399 666 1399"/></Shape>
	    <String CONTENT="חרם"
                    HPOS="595"
                    VPOS="1399"
                    WIDTH="88"
                    HEIGHT="60"></String>
          </TextLine>

          
          
          <TextLine ID="eSc_line_1987939"
                    TAGREFS="LT3"
                    BASELINE="483 1434 567 1430" 
                    HPOS="479"
                    VPOS="1402"
                    WIDTH="85"
                    HEIGHT="60">
            <Shape><Polygon POINTS="482 1431 482 1462 518 1459 553 1459 560 1459 564 1427 560 1406 479 1402 482 1431"/></Shape>
	    <String CONTENT="ראל"
                    HPOS="479"
                    VPOS="1402"
                    WIDTH="85"
                    HEIGHT="60"></String>
          </TextLine>

          
          
          <TextLine ID="eSc_line_1635153"
                    
                    BASELINE="391 1505 557 1515 973 1515 1374 1501 2639 1494" 
                    HPOS="384"
                    VPOS="1459"
                    WIDTH="2253"
                    HEIGHT="88">
            <Shape><Polygon POINTS="387 1501 387 1547 2633 1533 2637 1491 2630 1459 384 1469 387 1501"/></Shape>
	    <String CONTENT="יהיה ניסת מרים לכלב שנ&#39; ותמת עזובה ויקח לו כלב את אפרת ואלה היו בני כלב בן חור ˙"
                    HPOS="384"
                    VPOS="1459"
                    WIDTH="2253"
                    HEIGHT="88"></String>
          </TextLine>

          
          
          <TextLine ID="eSc_line_1635154"
                    
                    BASELINE="416 1575 849 1586 1441 1568 2639 1572" 
                    HPOS="412"
                    VPOS="1533"
                    WIDTH="2225"
                    HEIGHT="81">
            <Shape><Polygon POINTS="867 1554 832 1554 810 1533 412 1533 412 1572 412 1614 2326 1614 2347 1600 2383 1600 2418 1600 2436 1614 2630 1614 2637 1568 2633 1533 884 1533 867 1554"/></Shape>
	    <String CONTENT="ודוד בן איש אפרתי הזה מבית לחם נמצא דוד מבני בניה שלמרים הא ↑ כל המקרב את"
                    HPOS="412"
                    VPOS="1533"
                    WIDTH="2225"
                    HEIGHT="81"></String>
          </TextLine>

          
          
          <TextLine ID="eSc_line_1987941"
                    TAGREFS="LT3"
                    BASELINE="828 1554 901 1554" 
                    HPOS="824"
                    VPOS="1526"
                    WIDTH="75"
                    HEIGHT="49">
            <Shape><Polygon POINTS="824 1550 824 1575 860 1575 895 1575 895 1575 899 1550 899 1526 824 1526 824 1550"/></Shape>
	    <String CONTENT="למדת"
                    HPOS="824"
                    VPOS="1526"
                    WIDTH="75"
                    HEIGHT="49"></String>
          </TextLine>

          
          
          <TextLine ID="eSc_line_1635155"
                    
                    BASELINE="359 1656 899 1639 1720 1642 2009 1632 2499 1632 2646 1639" 
                    HPOS="352"
                    VPOS="1582"
                    WIDTH="2292"
                    HEIGHT="106">
            <Shape><Polygon POINTS="2397 1607 2362 1607 2326 1607 2305 1586 352 1607 356 1653 356 1688 2637 1667 2644 1635 2637 1582 2414 1582 2397 1607"/></Shape>
	    <String CONTENT="עצמו מי[ש&#39;](ן) ↑ מקרבין אותו ˙ חתן משה זו יפה לו שנקרא חותנו שלמלך נסעים אנחנו מיד"
                    HPOS="352"
                    VPOS="1582"
                    WIDTH="2292"
                    HEIGHT="106"></String>
          </TextLine>

          
          
          <TextLine ID="eSc_line_1987942"
                    TAGREFS="LT3"
                    BASELINE="2322 1605 2419 1605" 
                    HPOS="2319"
                    VPOS="1582"
                    WIDTH="99"
                    HEIGHT="43">
            <Shape><Polygon POINTS="2319 1603 2319 1625 2355 1625 2390 1625 2414 1625 2418 1603 2418 1582 2319 1582 2319 1603"/></Shape>
	    <String CONTENT="שמים"
                    HPOS="2319"
                    VPOS="1582"
                    WIDTH="99"
                    HEIGHT="43"></String>
          </TextLine>

          
          
          <TextLine ID="eSc_line_1635156"
                    
                    BASELINE="384 1713 1240 1713 1547 1699 1850 1695 2552 1699 2646 1693" 
                    HPOS="377"
                    VPOS="1646"
                    WIDTH="2267"
                    HEIGHT="98">
            <Shape><Polygon POINTS="380 1709 380 1744 2640 1737 2644 1691 2637 1646 377 1667 380 1709"/></Shape>
	    <String CONTENT="לארץ יש&#39; לא כשם שבראשנה נוסעים וחונים אלא מיד לארץ יש&#39; אחרים או&#39; מפני מה שיתף"
                    HPOS="377"
                    VPOS="1646"
                    WIDTH="2267"
                    HEIGHT="98"></String>
          </TextLine>

          
          
          <TextLine ID="eSc_line_1635157"
                    
                    BASELINE="370 1769 965 1776 1240 1766 2563 1769 2646 1760" 
                    HPOS="363"
                    VPOS="1720"
                    WIDTH="2281"
                    HEIGHT="105">
            <Shape><Polygon POINTS="366 1766 363 1804 1251 1825 1255 1825 2640 1808 2644 1758 2637 1720 366 1730 366 1766"/></Shape>
	    <String CONTENT="משה עצמו עמהן נתעלם מעיני משה וסבור שהוא נכנס עמם לארץ יש&#39; ר&#39; שמעון בן יוחיי"
                    HPOS="363"
                    VPOS="1720"
                    WIDTH="2281"
                    HEIGHT="105"></String>
          </TextLine>

          
          
          <TextLine ID="eSc_line_1635158"
                    
                    BASELINE="370 1836 567 1847 800 1847 1110 1836 2646 1836" 
                    HPOS="363"
                    VPOS="1794"
                    WIDTH="2281"
                    HEIGHT="81">
            <Shape><Polygon POINTS="366 1832 366 1875 2640 1875 2644 1832 2637 1794 363 1797 366 1832"/></Shape>
	    <String CONTENT="או&#39; אין צריך שכבר נא&#39; כי אנכי מת בארץ הזאת שאין ת&#39;ל&#39; אינני עבר את הירדן מה ת&#39;ל&#39;"
                    HPOS="363"
                    VPOS="1794"
                    WIDTH="2281"
                    HEIGHT="81"></String>
          </TextLine>

          
          
          <TextLine ID="eSc_line_1635159"
                    
                    BASELINE="366 1917 870 1907 2646 1907" 
                    HPOS="359"
                    VPOS="1857"
                    WIDTH="2285"
                    HEIGHT="92">
            <Shape><Polygon POINTS="363 1914 363 1949 2640 1942 2644 1903 2637 1857 359 1857 363 1914"/></Shape>
	    <String CONTENT="אינני עבר היר&#39; שאף עצמותיי אין עוברות את הירדן אלא מפני מה שיתף משה עצמו [מ&#39;]"
                    HPOS="359"
                    VPOS="1857"
                    WIDTH="2285"
                    HEIGHT="92"></String>
          </TextLine>

          
          
          <TextLine ID="eSc_line_1635160"
                    
                    BASELINE="370 1981 948 1981 1685 1963 2639 1966" 
                    HPOS="363"
                    VPOS="1921"
                    WIDTH="2274"
                    HEIGHT="91">
            <Shape><Polygon POINTS="366 1977 366 2012 2630 1998 2637 1963 2630 1921 363 1938 366 1977"/></Shape>
	    <String CONTENT="עמהן עכשיו יש&#39; אומ&#39; אם מי שהוציאנו ממצרים ועשה לנו נסים וגבורות אינו נכנס אף אנו"
                    HPOS="363"
                    VPOS="1921"
                    WIDTH="2274"
                    HEIGHT="91"></String>
          </TextLine>

          
          
          <TextLine ID="eSc_line_1635161"
                    
                    BASELINE="410 2045 1597 2019 2639 2022" 
                    HPOS="405"
                    VPOS="1970"
                    WIDTH="2232"
                    HEIGHT="109">
            <Shape><Polygon POINTS="408 2044 408 2079 444 2079 479 2079 514 2079 549 2079 585 2079 620 2079 655 2079 683 2079 690 2076 726 2076 761 2076 796 2076 832 2076 867 2076 902 2076 937 2076 962 2076 1011 2072 1043 2072 1078 2072 1114 2072 1149 2072 1184 2072 1219 2072 1240 2072 1297 2069 1325 2069 1360 2069 1396 2069 1431 2069 1466 2069 1501 2069 1519 2069 1618 2065 1642 2065 1678 2065 1713 2065 1748 2065 1783 2065 1794 2065 1942 2062 1960 2062 1995 2062 2030 2062 2065 2062 2072 2062 2630 2055 2637 2019 2630 1970 405 2002 408 2044"/></Shape>
	    <String CONTENT="אינן נכנסין ˙ → אל המקום אשר אמר ייי אתו אתן לכם ואין לגרים בו חלק מה אני מקיים"
                    HPOS="405"
                    VPOS="1970"
                    WIDTH="2232"
                    HEIGHT="109"></String>
          </TextLine>

          
          
          <TextLine ID="eSc_line_1635162"
                    
                    BASELINE="403 2087 2238 2069 2639 2079" 
                    HPOS="398"
                    VPOS="2030"
                    WIDTH="2239"
                    HEIGHT="88">
            <Shape><Polygon POINTS="401 2086 401 2118 2630 2107 2637 2076 2630 2030 398 2048 401 2086"/></Shape>
	    <String CONTENT="והיה השבט אשר גר הגר אלא אם אינו עיניין לירושה תנהו עיניין לכפרה שאם היה בשבט"
                    HPOS="398"
                    VPOS="2030"
                    WIDTH="2239"
                    HEIGHT="88"></String>
          </TextLine>

          
          
          <TextLine ID="eSc_line_1635164"
                    
                    BASELINE="508 2142 895 2136 1029 2129 1988 2125 2351 2129 2639 2136" 
                    HPOS="504"
                    VPOS="2090"
                    WIDTH="2133"
                    HEIGHT="91">
            <Shape><Polygon POINTS="507 2139 507 2181 1008 2178 1032 2167 1068 2167 1089 2178 1533 2178 1561 2160 1597 2160 1621 2178 2630 2178 2637 2132 2633 2093 504 2090 507 2139"/></Shape>
	    <String CONTENT="יהודה מתכפר לו ← בשבט בנימן ד&#39;א&#39; אם אינו עיניין לירושה תנהו עיניין לקבורה ניתן לגרים"
                    HPOS="504"
                    VPOS="2090"
                    WIDTH="2133"
                    HEIGHT="91"></String>
          </TextLine>

          
          
          <TextLine ID="eSc_line_1987944"
                    TAGREFS="LT3"
                    BASELINE="1562 2166 1611 2168" 
                    HPOS="1558"
                    VPOS="2146"
                    WIDTH="49"
                    HEIGHT="39">
            <Shape><Polygon POINTS="1561 2164 1558 2185 1593 2185 1604 2185 1607 2167 1607 2150 1561 2146 1561 2164"/></Shape>
	    <String CONTENT="יש"
                    HPOS="1558"
                    VPOS="2146"
                    WIDTH="49"
                    HEIGHT="39"></String>
          </TextLine>

          
          
          <TextLine ID="eSc_line_1635165"
                    
                    BASELINE="516 2198 783 2196 1047 2198 2104 2189 2520 2206 2648 2206" 
                    HPOS="511"
                    VPOS="2157"
                    WIDTH="2136"
                    HEIGHT="91">
            <Shape><Polygon POINTS="1604 2167 1568 2167 1558 2157 1085 2157 1075 2174 1040 2174 1025 2157 511 2157 514 2196 514 2248 564 2248 585 2231 620 2231 638 2248 2644 2248 2647 2203 2644 2157 1611 2157 1604 2167"/></Shape>
	    <String CONTENT="קבורה בארץ יש&#39; ˙ לכה אתנו והטבנו לך וכי ↑ בן ביתו שלבשר ודם ↑ מטיבין לו קל וחומר"
                    HPOS="511"
                    VPOS="2157"
                    WIDTH="2136"
                    HEIGHT="91"></String>
          </TextLine>

          
          
          <TextLine ID="eSc_line_1987943"
                    TAGREFS="LT3"
                    BASELINE="1026 2172 1091 2173" 
                    HPOS="1025"
                    VPOS="2132"
                    WIDTH="64"
                    HEIGHT="57">
            <Shape><Polygon POINTS="1025 2189 1061 2189 1085 2189 1089 2171 1089 2150 1029 2132 1025 2171 1025 2189"/></Shape>
	    <String CONTENT="שאין"
                    HPOS="1025"
                    VPOS="2132"
                    WIDTH="64"
                    HEIGHT="57"></String>
          </TextLine>

          
          
          <TextLine ID="eSc_line_1635166"
                    
                    BASELINE="408 2270 1131 2270 1572 2259 2214 2259 2648 2271" 
                    HPOS="405"
                    VPOS="2224"
                    WIDTH="2242"
                    HEIGHT="84">
            <Shape><Polygon POINTS="616 2238 581 2238 571 2224 405 2224 405 2266 405 2308 2640 2308 2647 2270 2640 2224 624 2224 616 2238"/></Shape>
	    <String CONTENT="לבן ביתו למי שאמר והיה העולם כי ייי דבר טוב על יש&#39; וכי עד עכשיו אין ייי דבר טוב ↑ [אלא]"
                    HPOS="405"
                    VPOS="2224"
                    WIDTH="2242"
                    HEIGHT="84"></String>
          </TextLine>

          
          
          <TextLine ID="eSc_line_1987928"
                    TAGREFS="LT3"
                    BASELINE="562 2240 633 2238" 
                    HPOS="561.0"
                    VPOS="2226.0"
                    WIDTH="72.0"
                    HEIGHT="37.0">
            <Shape><Polygon POINTS="561 2228 632 2226 633 2261 562 2263"/></Shape>
	    <String CONTENT="והרי"
                    HPOS="561.0"
                    VPOS="2226.0"
                    WIDTH="72.0"
                    HEIGHT="37.0"></String>
          </TextLine>

          
          
          <TextLine ID="eSc_line_1635167"
                    
                    BASELINE="430 2326 715 2326 835 2333 1477 2333 1653 2326 2041 2333 2464 2330 2640 2340 2657 2343" 
                    HPOS="423"
                    VPOS="2291"
                    WIDTH="2231"
                    HEIGHT="84">
            <Shape><Polygon POINTS="426 2322 423 2368 2640 2375 2654 2340 2654 2294 426 2291 426 2322"/></Shape>
	    <String CONTENT="מעולם המקו[](ם) ˙ דיבר טוב על יש&#39; אלא פיקד המ&#39;ק&#39;ו&#39;ם&#39; ליש&#39; להטיב לגרים ולנהוג בהן עטוה ˙"
                    HPOS="423"
                    VPOS="2291"
                    WIDTH="2231"
                    HEIGHT="84"></String>
          </TextLine>

          
          
          <TextLine ID="eSc_line_1635168"
                    
                    BASELINE="444 2397 1716 2404 1988 2397 2206 2404 2584 2393" 
                    HPOS="437"
                    VPOS="2365"
                    WIDTH="2143"
                    HEIGHT="74">
            <Shape><Polygon POINTS="440 2397 437 2439 2577 2439 2580 2389 2577 2365 440 2365 440 2397"/></Shape>
	    <String CONTENT="סל&#39; פס&#39; ויאמר אליו לא אלך א&#39; להן אם מפני ארץ ונכסים אני בא איני בא"
                    HPOS="437"
                    VPOS="2365"
                    WIDTH="2143"
                    HEIGHT="74"></String>
          </TextLine>

          
          
          <TextLine ID="eSc_line_1635169"
                    
                    BASELINE="387 2471 2055 2471 2657 2483" 
                    HPOS="380"
                    VPOS="2418"
                    WIDTH="2274"
                    HEIGHT="98">
            <Shape><Polygon POINTS="384 2467 380 2513 2644 2516 2654 2481 2651 2435 1635 2421 1632 2421 1417 2435 1353 2439 1343 2435 1300 2418 1297 2418 1293 2418 1290 2418 1248 2435 1248 2439 990 2439 990 2435 944 2418 941 2418 937 2418 768 2435 705 2418 701 2418 698 2418 694 2418 690 2418 690 2421 673 2435 525 2418 521 2418 384 2435 384 2467"/></Shape>
	    <String CONTENT="יש לך שיש לו ארץ ואין לו נכסים יש לו נכסים ואין לו משפחה אבל אני יש לי ארץ ויש"
                    HPOS="380"
                    VPOS="2418"
                    WIDTH="2274"
                    HEIGHT="98"></String>
          </TextLine>

          
          
          <TextLine ID="eSc_line_1635170"
                    
                    BASELINE="419 2545 786 2541 1107 2552 1403 2541 2601 2541 2657 2546" 
                    HPOS="412"
                    VPOS="2492"
                    WIDTH="2242"
                    HEIGHT="95">
            <Shape><Polygon POINTS="416 2541 416 2583 2644 2587 2654 2545 2647 2492 412 2502 416 2541"/></Shape>
	    <String CONTENT="לי נכסים ויש לי משפחה ודיין הייתי בעירי ואם איני הולך מפני ארצי אלך מפני נכסיי"
                    HPOS="412"
                    VPOS="2492"
                    WIDTH="2242"
                    HEIGHT="95"></String>
          </TextLine>

          
          
          <TextLine ID="eSc_line_1635171"
                    
                    BASELINE="387 2612 2510 2612 2657 2618" 
                    HPOS="380"
                    VPOS="2562"
                    WIDTH="2274"
                    HEIGHT="92">
            <Shape><Polygon POINTS="384 2608 380 2650 2644 2654 2654 2615 2647 2562 384 2573 384 2608"/></Shape>
	    <String CONTENT="ואם איני הולך מפני נכסיי אלך מפני מולדתי : סל&#39; פס&#39; ˙ ויאמר אל נא תעזב את&#39;"
                    HPOS="380"
                    VPOS="2562"
                    WIDTH="2274"
                    HEIGHT="92"></String>
          </TextLine>

          
          
          <TextLine ID="eSc_line_1635172"
                    
                    BASELINE="416 2671 1050 2679 1434 2675 1621 2668 2147 2668 2400 2679 2657 2673" 
                    HPOS="408"
                    VPOS="2633"
                    WIDTH="2246"
                    HEIGHT="95">
            <Shape><Polygon POINTS="412 2668 408 2717 1900 2724 1924 2724 1960 2724 1995 2724 2030 2724 2065 2724 2101 2724 2136 2724 2171 2724 2206 2724 2242 2724 2277 2724 2312 2724 2347 2724 2383 2724 2418 2724 2453 2724 2478 2724 2647 2728 2654 2671 2647 2633 412 2633 412 2668"/></Shape>
	    <String CONTENT="אין נא&#39; אלא לשון בקשה אם אין את מקבל עליך בקשה גוזרני אני עליך גזירה עכשיו"
                    HPOS="408"
                    VPOS="2633"
                    WIDTH="2246"
                    HEIGHT="95"></String>
          </TextLine>

          
          
          <TextLine ID="eSc_line_1635177"
                    
                    BASELINE="416 2731 1212 2738 1346 2731 2104 2731 2474 2735 2662 2743" 
                    HPOS="408"
                    VPOS="2696"
                    WIDTH="2253"
                    HEIGHT="92">
            <Shape><Polygon POINTS="412 2728 408 2777 673 2767 786 2784 796 2784 803 2784 832 2784 867 2784 902 2784 937 2784 973 2784 1008 2784 1043 2784 1078 2784 1114 2784 1149 2784 1184 2784 1219 2784 1255 2784 1290 2784 1325 2784 1360 2784 1396 2784 1431 2784 1466 2784 1501 2784 1537 2784 1572 2788 1607 2788 1642 2788 1678 2788 1713 2788 1748 2788 1783 2788 1819 2788 1854 2788 1889 2788 1924 2788 1960 2788 1995 2788 2030 2788 2065 2788 2101 2788 2136 2788 2171 2788 2206 2788 2242 2788 2277 2788 2312 2788 2347 2788 2383 2788 2418 2788 2453 2788 2489 2788 2524 2788 2559 2788 2594 2788 2630 2788 2654 2788 2661 2742 2658 2707 412 2696 412 2728"/></Shape>
	    <String CONTENT="יש&#39; או&#39; לא נתגייר יתרו מחיבה כסבור היה יתרו שיש לגרים חלק בארץ עכשיו שראה שאין"
                    HPOS="408"
                    VPOS="2696"
                    WIDTH="2253"
                    HEIGHT="92"></String>
          </TextLine>

          
          
          <TextLine ID="eSc_line_1635184"
                    
                    BASELINE="426 2791 2662 2798" 
                    HPOS="419"
                    VPOS="2742"
                    WIDTH="2242"
                    HEIGHT="113">
            <Shape><Polygon POINTS="423 2784 423 2788 419 2830 500 2851 504 2851 1163 2837 1537 2855 1540 2855 2654 2837 2661 2795 2658 2763 1590 2763 1586 2760 1537 2742 1533 2742 1530 2742 437 2756 423 2784"/></Shape>
	    <String CONTENT="להם חלק הניח והלך לו ˙ ד&#39;א&#39; אם אין את מקבל עליך דושנה שליריחו גוזרני עליך גזירה"
                    HPOS="419"
                    VPOS="2742"
                    WIDTH="2242"
                    HEIGHT="113"></String>
          </TextLine>

          
          
          <TextLine ID="eSc_line_1635144"
                    
                    BASELINE="380 2869 1403 2876 1699 2865 1977 2865 2662 2882" 
                    HPOS="373"
                    VPOS="2809"
                    WIDTH="2288"
                    HEIGHT="127">
            <Shape><Polygon POINTS="377 2865 373 2908 2651 2936 2661 2879 2658 2837 1515 2816 1512 2816 1434 2830 1403 2837 884 2837 860 2830 754 2809 750 2809 747 2809 701 2830 698 2830 377 2830 377 2865"/></Shape>
	    <String CONTENT="עכשיו יהיו יש&#39; או&#39; לא נתגייר יתרו מחיבה כסבור היה יתרו שמתנה מרובה עכשיו שמתנה"
                    HPOS="373"
                    VPOS="2809"
                    WIDTH="2288"
                    HEIGHT="127"></String>
          </TextLine>

          
          
          <TextLine ID="eSc_line_1635146"
                    
                    BASELINE="387 2953 2143 2946 2460 2953 2541 2961 2662 2955" 
                    HPOS="384"
                    VPOS="2908"
                    WIDTH="2277"
                    HEIGHT="102">
            <Shape><Polygon POINTS="2658 2911 384 2908 384 2950 391 3010 419 2992 2654 2992 2661 2953 2658 2911"/></Shape>
	    <String CONTENT="מועטת הניח והלך לו ˙ ד&#39;א&#39; כסבור אתה שמרבה כבוד המקום ואין אתה אלא ממעט כמה"
                    HPOS="384"
                    VPOS="2908"
                    WIDTH="2277"
                    HEIGHT="102"></String>
          </TextLine>

          
          
          <TextLine ID="eSc_line_1635139"
                    
                    BASELINE="461 3013 680 3024 1145 3020 1311 3013 2030 3013 2662 3030" 
                    HPOS="454"
                    VPOS="2964"
                    WIDTH="2207"
                    HEIGHT="113">
            <Shape><Polygon POINTS="458 3010 454 3045 662 3066 666 3066 1159 3056 1456 3052 2651 3077 2661 3027 2658 2992 1427 2964 1424 2964 458 2971 458 3010"/></Shape>
	    <String CONTENT="גרים ועבדים את עתיד להכניס תחת כנפי השכינה ˙ והיית לנו לעינים שלא תנעול"
                    HPOS="454"
                    VPOS="2964"
                    WIDTH="2207"
                    HEIGHT="113"></String>
          </TextLine>

          
          
          <TextLine ID="eSc_line_1635148"
                    
                    BASELINE="430 3091 648 3087 828 3094 1092 3094 1381 3080 1667 3077 2171 3091 2372 3091 2673 3107" 
                    HPOS="423"
                    VPOS="3027"
                    WIDTH="2249"
                    HEIGHT="127">
            <Shape><Polygon POINTS="426 3045 426 3087 423 3126 2291 3130 2319 3137 2422 3154 2425 3154 2665 3137 2672 3105 2672 3063 2612 3042 2608 3042 2605 3042 2429 3063 2418 3063 2414 3063 2362 3042 2358 3042 2355 3042 1766 3049 1731 3031 1727 3031 1364 3027 1360 3027 1357 3027 1353 3027 1353 3031 1332 3049 1332 3052 1258 3052 1258 3049 1233 3027 1230 3027 1226 3027 1223 3027 1219 3027 1216 3027 1181 3049 1145 3031 1142 3031 1138 3031 1043 3045 1025 3031 1025 3027 1022 3027 1018 3027 1015 3027 1011 3027 1008 3027 983 3045 430 3042 426 3045"/></Shape>
	    <String CONTENT="דלת בפני גרים הבאים לומר אם יתרו חותנו שלמלך לא קיבל עליו קל וחומר לשאר בני אדם ˙"
                    HPOS="423"
                    VPOS="3027"
                    WIDTH="2249"
                    HEIGHT="127"></String>
          </TextLine>

          
          
          <TextLine ID="eSc_line_1635147"
                    
                    BASELINE="387 3144 599 3158 916 3158 1032 3165 1346 3154 2013 3154 2673 3176" 
                    HPOS="380"
                    VPOS="3094"
                    WIDTH="2292"
                    HEIGHT="120">
            <Shape><Polygon POINTS="870 3094 867 3094 863 3094 860 3094 821 3112 384 3109 384 3140 380 3183 497 3204 500 3204 962 3193 1001 3211 1004 3211 1008 3214 2665 3214 2672 3172 2672 3137 2115 3109 2111 3109 1590 3119 1561 3101 1558 3101 1554 3101 1551 3101 1367 3119 1346 3119 1304 3119 941 3098 937 3098 934 3098 891 3112 874 3094 870 3094"/></Shape>
	    <String CONTENT="כי על כן ידע&#39; חנתנ&#39; א&#39; לו אילו אחד שלא ראה ניסין וגבור&#39; במד&#39; הניח והלך לו כדיי הוא דבר"
                    HPOS="380"
                    VPOS="3094"
                    WIDTH="2292"
                    HEIGHT="120"></String>
          </TextLine>

          
          
          <TextLine ID="eSc_line_1635145"
                    
                    BASELINE="475 3232 757 3232 1025 3243 1286 3243 1551 3232 2147 3232 2393 3243 2673 3243" 
                    HPOS="468"
                    VPOS="3179"
                    WIDTH="2204"
                    HEIGHT="102">
            <Shape><Polygon POINTS="472 3228 468 3274 2665 3281 2672 3242 2668 3204 1819 3183 1815 3183 1156 3197 1107 3197 1096 3197 983 3179 980 3179 472 3193 472 3228"/></Shape>
	    <String CONTENT="אתה שראית תניח ותלך לך ˙ אל נא תעזב אות&#39; ר&#39; יהודה או&#39; שראיתה חן לאבותינו במצ&#39; וייי"
                    HPOS="468"
                    VPOS="3179"
                    WIDTH="2204"
                    HEIGHT="102"></String>
          </TextLine>

          
          
          <TextLine ID="eSc_line_1635141"
                    
                    BASELINE="461 3306 708 3302 793 3309 1085 3317 1297 3317 1628 3302 2673 3313" 
                    HPOS="454"
                    VPOS="3250"
                    WIDTH="2218"
                    HEIGHT="116">
            <Shape><Polygon POINTS="458 3302 454 3345 2661 3366 2672 3309 2668 3278 1237 3253 1233 3253 906 3267 884 3267 881 3267 863 3250 860 3250 856 3250 853 3250 458 3264 458 3302"/></Shape>
	    <String CONTENT="נתן את חן העם תניח ותלך לך ˙ אל נא תעז&#39; אות&#39; ד&#39;א&#39; והיית לנו לעיניים אפילו אין דייך"
                    HPOS="454"
                    VPOS="3250"
                    WIDTH="2218"
                    HEIGHT="116"></String>
          </TextLine>

          
          
          <TextLine ID="eSc_line_1635149"
                    
                    BASELINE="482 3376 1322 3384 1861 3376 2673 3384" 
                    HPOS="475"
                    VPOS="3334"
                    WIDTH="2197"
                    HEIGHT="102">
            <Shape><Polygon POINTS="479 3373 475 3412 2661 3436 2672 3383 2668 3348 479 3334 479 3373"/></Shape>
	    <String CONTENT="שתהי יושב עמם בסנהדרין ותהי מורה בדב&#39; תורה ˙ ד&#39;א&#39; והיית לנו לע&#39; אפילו אין דיינו"
                    HPOS="475"
                    VPOS="3334"
                    WIDTH="2197"
                    HEIGHT="102"></String>
          </TextLine>

          
          
          <TextLine ID="eSc_line_1635140"
                    
                    BASELINE="405 3461 500 3447 592 3443 2302 3443 2563 3454 2673 3450" 
                    HPOS="401"
                    VPOS="3412"
                    WIDTH="2271"
                    HEIGHT="84">
            <Shape><Polygon POINTS="401 3458 401 3493 2665 3496 2672 3447 2668 3412 401 3412 401 3458"/></Shape>
	    <String CONTENT="אלא שכל דבר ודבר שנתעלם מעיניינו תהי מא[י](ו)ר עינינו בו שנ&#39; ואתה תחזה וג&#39; והלא אף"
                    HPOS="401"
                    VPOS="3412"
                    WIDTH="2271"
                    HEIGHT="84"></String>
          </TextLine>

          
          
          <TextLine ID="eSc_line_1635143"
                    
                    BASELINE="475 3521 891 3514 2252 3514 2499 3525 2673 3525" 
                    HPOS="468"
                    VPOS="3475"
                    WIDTH="2204"
                    HEIGHT="92">
            <Shape><Polygon POINTS="472 3517 468 3556 2665 3567 2672 3524 2665 3475 472 3479 472 3517"/></Shape>
	    <String CONTENT="בידי משה היו מסיני שנ&#39; וצוך ﭏ&#39;ים ויכלת למה נתעלם ממשה לתלות זכיי בזכיי כדי"
                    HPOS="468"
                    VPOS="3475"
                    WIDTH="2204"
                    HEIGHT="92"></String>
          </TextLine>

          
          
          <TextLine ID="eSc_line_1635142"
                    
                    BASELINE="458 3577 627 3588 1202 3588 1487 3577 1942 3577 2673 3587" 
                    HPOS="451"
                    VPOS="3535"
                    WIDTH="2221"
                    HEIGHT="99">
            <Shape><Polygon POINTS="454 3574 451 3613 747 3634 750 3634 2665 3627 2672 3584 2668 3553 454 3535 454 3574"/></Shape>
	    <String CONTENT="שיתלה הדבר ביתרו ˙ ד&#39;א&#39; שתהי חביב עלינו כגלגל ע[ל](ינ)ינו שנ&#39; ואהבתם את הגר וגר לא"
                    HPOS="451"
                    VPOS="3535"
                    WIDTH="2221"
                    HEIGHT="99"></String>
          </TextLine>

          
          
          <TextLine ID="eSc_line_1635138"
                    
                    BASELINE="447 3662 1597 3648 2605 3641 2503 3644 2673 3644" 
                    HPOS="440"
                    VPOS="3602"
                    WIDTH="2232"
                    HEIGHT="141">
            <Shape><Polygon POINTS="444 3658 444 3711 585 3711 592 3711 669 3736 673 3736 676 3736 680 3736 683 3736 683 3732 712 3711 712 3708 807 3708 842 3711 1163 3743 1166 3743 1523 3740 1526 3740 1611 3708 1649 3736 1653 3736 1656 3736 1660 3740 1755 3740 1755 3736 1759 3736 1762 3736 1812 3701 1819 3701 1956 3732 1960 3732 1963 3732 2041 3701 2048 3697 2058 3701 2118 3718 2122 3718 2125 3718 2372 3711 2376 3711 2379 3711 2400 3697 2404 3694 2432 3697 2605 3718 2608 3718 2612 3718 2672 3694 2672 3641 2668 3602 807 3602 803 3602 440 3620 444 3658"/></Shape>
	    <String CONTENT="תלחץ וגר לא תונה ˙סל&#39; פס&#39; והיה הטוב ההוא וכי מה היתה טובה שהטיבו לו אמ&#39;"
                    HPOS="440"
                    VPOS="3602"
                    WIDTH="2232"
                    HEIGHT="141"></String>
          </TextLine>

          
        </TextBlock>
        
        <TextBlock HPOS="2651.0"
                   VPOS="1935.0"
                   WIDTH="211.0"
                   HEIGHT="225.0"
                   ID="eSc_textblock_18283"
                   TAGREFS="BT853">
          <Shape><Polygon POINTS="2855 1935 2651 1975 2651 2019 2658 2019 2658 2033 2651 2033 2651 2107 2679 2107 2679 2160 2846 2123 2859 2094 2862 2051 2862 2033 2862 2005 2855 2005"/></Shape>
          
          
          <TextLine ID="eSc_line_1987929"
                    
                    BASELINE="2652 2012 2858 1990" 
                    HPOS="2651"
                    VPOS="1938"
                    WIDTH="204"
                    HEIGHT="99">
            <Shape><Polygon POINTS="2785 1945 2749 1952 2714 1959 2679 1966 2651 2009 2651 2037 2665 2037 2686 2037 2721 2033 2756 2030 2792 2023 2827 2019 2852 2019 2855 1988 2820 1942 2813 1938 2785 1945"/></Shape>
	    <String CONTENT="דב&#39; א&#39; מפני יתרו"
                    HPOS="2651"
                    VPOS="1938"
                    WIDTH="204"
                    HEIGHT="99"></String>
          </TextLine>

          
          
          <TextLine ID="eSc_line_1987930"
                    
                    BASELINE="2659 2045 2866 2024" 
                    HPOS="2654"
                    VPOS="1995"
                    WIDTH="208"
                    HEIGHT="67">
            <Shape><Polygon POINTS="2654 2030 2658 2044 2725 2062 2728 2062 2763 2058 2799 2055 2834 2048 2859 2048 2862 2023 2830 1995 2675 2012 2654 2030"/></Shape>
	    <String CONTENT="שלא יאמר משה"
                    HPOS="2654"
                    VPOS="1995"
                    WIDTH="208"
                    HEIGHT="67"></String>
          </TextLine>

          
          
          <TextLine ID="eSc_line_1987931"
                    
                    BASELINE="2654 2077 2866 2055" 
                    HPOS="2651"
                    VPOS="2023"
                    WIDTH="211"
                    HEIGHT="95">
            <Shape><Polygon POINTS="2855 2023 2820 2026 2820 2030 2785 2033 2749 2037 2714 2040 2682 2044 2651 2076 2654 2118 2689 2115 2689 2104 2721 2100 2756 2097 2792 2090 2792 2104 2862 2097 2862 2051 2859 2048 2855 2023"/></Shape>
	    <String CONTENT="אין נכנס אף אני"
                    HPOS="2651"
                    VPOS="2023"
                    WIDTH="211"
                    HEIGHT="95"></String>
          </TextLine>

          
          
          <TextLine ID="eSc_line_1987932"
                    
                    BASELINE="2681 2113 2820 2095" 
                    HPOS="2679"
                    VPOS="2065"
                    WIDTH="137"
                    HEIGHT="99">
            <Shape><Polygon POINTS="2679 2111 2686 2164 2739 2139 2816 2143 2816 2093 2809 2065 2704 2076 2679 2111"/></Shape>
	    <String CONTENT="אני נכנס"
                    HPOS="2679"
                    VPOS="2065"
                    WIDTH="137"
                    HEIGHT="99"></String>
          </TextLine>

          
        </TextBlock>
        
        <TextBlock HPOS="289.0"
                   VPOS="2088.0"
                   WIDTH="211.0"
                   HEIGHT="153.0"
                   ID="eSc_textblock_18284"
                   TAGREFS="BT853">
          <Shape><Polygon POINTS="487 2088 289 2102 289 2146 296 2146 296 2203 338 2203 338 2241 500 2241 500 2174 490 2174 490 2146 490 2132"/></Shape>
          
          
          <TextLine ID="eSc_line_1987925"
                    
                    BASELINE="292 2124 492 2126" 
                    HPOS="285"
                    VPOS="2100"
                    WIDTH="205"
                    HEIGHT="74">
            <Shape><Polygon POINTS="289 2122 285 2174 317 2171 320 2157 356 2157 391 2157 426 2157 461 2157 486 2157 490 2125 472 2100 324 2100 289 2122"/></Shape>
	    <String CONTENT="בשבט יהודה"
                    HPOS="285"
                    VPOS="2100"
                    WIDTH="205"
                    HEIGHT="74"></String>
          </TextLine>

          
          
          <TextLine ID="eSc_line_1987926"
                    
                    BASELINE="297 2161 492 2165" 
                    HPOS="292"
                    VPOS="2125"
                    WIDTH="198"
                    HEIGHT="71">
            <Shape><Polygon POINTS="296 2160 292 2196 359 2196 363 2192 398 2192 433 2192 468 2192 479 2192 490 2164 472 2125 327 2125 296 2160"/></Shape>
	    <String CONTENT="בשבט בנימן"
                    HPOS="292"
                    VPOS="2125"
                    WIDTH="198"
                    HEIGHT="71"></String>
          </TextLine>

          
          
          <TextLine ID="eSc_line_1987927"
                    
                    BASELINE="340 2202 501 2197" 
                    HPOS="338"
                    VPOS="2167"
                    WIDTH="162"
                    HEIGHT="78">
            <Shape><Polygon POINTS="338 2199 338 2245 497 2231 500 2196 479 2167 363 2167 338 2199"/></Shape>
	    <String CONTENT="מתכפר ל"
                    HPOS="338"
                    VPOS="2167"
                    WIDTH="162"
                    HEIGHT="78"></String>
          </TextLine>

          
        </TextBlock>
        

        
      </PrintSpace>
    </Page>
  </Layout>
</alto>
