<?xml version="1.0" encoding="UTF-8"?>
<alto xmlns:xsi="http://www.w3.org/2001/XMLSchema-instance"
      xmlns="http://www.loc.gov/standards/alto/ns-v4#"
      xsi:schemaLocation="http://www.loc.gov/standards/alto/ns-v4# http://www.loc.gov/standards/alto/v4/alto-4-2.xsd">
  <Description>
    <MeasurementUnit>pixel</MeasurementUnit>
    <sourceImageInformation>
      <fileName>Vat.ebr.32_0188_fa_0091v.jpg</fileName>
      
    </sourceImageInformation>
  </Description>
  
  <Tags>
    <OtherTag ID="BT1" LABEL="Title" DESCRIPTION="block type Title"/><OtherTag ID="BT2" LABEL="Main" DESCRIPTION="block type Main"/><OtherTag ID="BT3" LABEL="Commentary" DESCRIPTION="block type Commentary"/><OtherTag ID="BT4" LABEL="Illustration" DESCRIPTION="block type Illustration"/><OtherTag ID="BT853" LABEL="Margin" DESCRIPTION="block type Margin"/><OtherTag ID="BT854" LABEL="Paratext" DESCRIPTION="block type Paratext"/>
    <OtherTag ID="LT2" LABEL="Numbering" DESCRIPTION="line type Numbering"/><OtherTag ID="LT3" LABEL="Correction" DESCRIPTION="line type Correction"/>
  </Tags>
  
  <Layout>
    <Page WIDTH="3182"
          HEIGHT="4230"
          PHYSICAL_IMG_NR="181"
          ID="eSc_dummypage_">
      <PrintSpace HPOS="0"
                  VPOS="0"
                  WIDTH="3182"
                  HEIGHT="4230">
        
        <TextBlock HPOS="354.0"
                   VPOS="491.0"
                   WIDTH="2370.0"
                   HEIGHT="3280.0"
                   ID="eSc_textblock_16861"
                   TAGREFS="BT2">
          <Shape><Polygon POINTS="472 491 2724 503 2623 3771 354 3706"/></Shape>
          
          
          <TextLine ID="eSc_line_1639030"
                    
                    BASELINE="504 539 1721 539 2405 556 2712 569" 
                    HPOS="497"
                    VPOS="493"
                    WIDTH="2212"
                    HEIGHT="109">
            <Shape><Polygon POINTS="2476 500 2441 500 2405 500 2370 500 2335 500 2300 500 2264 500 2229 500 2197 500 2166 507 2162 511 2077 511 2077 507 2067 500 2053 500 2017 500 1982 500 1947 497 1926 497 1848 504 1806 497 1806 497 1770 497 1735 497 1700 497 1665 497 1633 497 1591 504 1580 504 1569 504 1516 497 1488 497 1453 497 1418 497 1382 497 1347 497 1312 497 1277 497 1241 497 1227 493 1181 500 1171 500 1164 500 1132 493 1100 493 1065 493 1030 493 994 493 959 493 924 493 888 493 853 493 818 493 783 493 747 493 712 493 677 493 642 493 610 493 500 493 500 535 497 574 2698 602 2709 567 2705 514 2487 500 2476 500"/></Shape>
	    <String CONTENT="כי יביאך קבל עליך מצוה האמורה בשכר [ת] שתבוא תירש ˙ ונתתה א&#39; הברכה"
                    HPOS="497"
                    VPOS="493"
                    WIDTH="2212"
                    HEIGHT="109"></String>
          </TextLine>

          
          
          <TextLine ID="eSc_line_1639031"
                    
                    BASELINE="518 592 857 602 1365 602 1562 609 2070 609 2434 627 2712 627" 
                    HPOS="511"
                    VPOS="556"
                    WIDTH="2198"
                    HEIGHT="117">
            <Shape><Polygon POINTS="515 588 511 630 2702 673 2709 623 2705 585 515 556 515 588"/></Shape>
	    <String CONTENT="על הר גר&#39; וגו&#39; וכי בא הכת&#39; ללמדנו שברכה על הר גרי&#39; והק&#39; על הר עיבל וכ&#39; נ&#39; אלה"
                    HPOS="511"
                    VPOS="556"
                    WIDTH="2198"
                    HEIGHT="117"></String>
          </TextLine>

          
          
          <TextLine ID="eSc_line_1639048"
                    
                    BASELINE="462 669 1068 666 1781 683 2035 680 2575 697 2712 690" 
                    HPOS="455"
                    VPOS="613"
                    WIDTH="2254"
                    HEIGHT="134">
            <Shape><Polygon POINTS="458 666 455 715 1481 715 1495 722 1506 733 1509 733 1513 733 1516 733 1583 722 1629 719 1696 726 1816 736 1820 740 1820 736 1926 726 1979 722 2116 726 2550 747 2554 747 2705 729 2709 687 2709 655 458 613 458 666"/></Shape>
	    <String CONTENT="יעמדו לברך את העם על הר גר&#39; ˙ ואלה יעמדו על הק&#39; ב&#39; עי&#39; מ&#39; ת&#39;ל&#39; ונתתה את הבר&#39; וגו&#39;"
                    HPOS="455"
                    VPOS="613"
                    WIDTH="2254"
                    HEIGHT="134"></String>
          </TextLine>

          
          
          <TextLine ID="eSc_line_1639049"
                    
                    BASELINE="500 740 903 754 2148 750 2381 761 2709 764" 
                    HPOS="493"
                    VPOS="690"
                    WIDTH="2212"
                    HEIGHT="103">
            <Shape><Polygon POINTS="497 736 493 786 2695 793 2705 761 2702 715 1749 715 1739 712 1587 694 1583 694 1580 694 1523 712 1520 712 1516 712 1414 694 1411 694 1407 694 1404 694 1386 708 1368 694 1368 690 1365 690 1361 690 1358 690 825 708 740 690 737 690 617 708 564 690 560 690 557 690 553 690 497 708 497 736"/></Shape>
	    <String CONTENT="שיכול שיהו כל הברכות קודמות לקללות אלא להקיש קללות לברכות מה"
                    HPOS="493"
                    VPOS="690"
                    WIDTH="2212"
                    HEIGHT="103"></String>
          </TextLine>

          
          
          <TextLine ID="eSc_line_1639050"
                    
                    BASELINE="483 807 934 807 1065 814 1340 814 1608 824 2102 821 2568 838 2712 831" 
                    HPOS="476"
                    VPOS="768"
                    WIDTH="2233"
                    HEIGHT="113">
            <Shape><Polygon POINTS="479 803 476 845 2702 881 2709 828 2705 789 479 768 479 803"/></Shape>
	    <String CONTENT="קללות בלוים אף ברכות בלוים מה קללות בקול רם אף ברכות בקול רם מה קללות"
                    HPOS="476"
                    VPOS="768"
                    WIDTH="2233"
                    HEIGHT="113"></String>
          </TextLine>

          
          
          <TextLine ID="eSc_line_1639051"
                    
                    BASELINE="458 860 557 870 945 881 1199 877 1760 888 1894 895 2109 895 2712 916" 
                    HPOS="451"
                    VPOS="821"
                    WIDTH="2258"
                    HEIGHT="130">
            <Shape><Polygon POINTS="455 856 451 895 2698 951 2709 912 2709 870 455 821 455 856"/></Shape>
	    <String CONTENT="בלשון הקודש אף ברכות בלשון הקודש מה קללות בכלל ופרט אף ברכות בכלל"
                    HPOS="451"
                    VPOS="821"
                    WIDTH="2258"
                    HEIGHT="130"></String>
          </TextLine>

          
          
          <TextLine ID="eSc_line_1639052"
                    
                    BASELINE="515 927 903 944 1573 948 2028 962 2282 962 2638 972 2712 977" 
                    HPOS="507"
                    VPOS="891"
                    WIDTH="2202"
                    HEIGHT="120">
            <Shape><Polygon POINTS="511 923 507 983 2698 1011 2709 976 2709 934 511 891 511 923"/></Shape>
	    <String CONTENT="ופרט מה קללות אילו ואילו עונין ואומרין אמן אף ב&#39; אילו ואילו עונין ואומ&#39;"
                    HPOS="507"
                    VPOS="891"
                    WIDTH="2202"
                    HEIGHT="120"></String>
          </TextLine>

          
          
          <TextLine ID="eSc_line_1639053"
                    
                    BASELINE="585 1008 797 1004 977 1011 1255 1011 1520 1022 1742 1018 2222 1032 2712 1039" 
                    HPOS="578"
                    VPOS="955"
                    WIDTH="2131"
                    HEIGHT="120">
            <Shape><Polygon POINTS="582 1004 578 1053 2698 1075 2709 1036 2709 1001 1068 955 1065 955 582 962 582 1004"/></Shape>
	    <String CONTENT="אמן כשהפכו פניהם בשעת ברכה אל הר גריזים ובש&#39; קללה אל הר עיבל ˙"
                    HPOS="578"
                    VPOS="955"
                    WIDTH="2131"
                    HEIGHT="120"></String>
          </TextLine>

          
          
          <TextLine ID="eSc_line_1639075"
                    
                    BASELINE="486 1075 1135 1075 1562 1089 2049 1092 2307 1106 2599 1096" 
                    HPOS="479"
                    VPOS="1025"
                    WIDTH="2117"
                    HEIGHT="117">
            <Shape><Polygon POINTS="483 1071 479 1117 2589 1142 2596 1092 2596 1061 1284 1029 1280 1029 1277 1029 1231 1043 596 1025 592 1025 483 1043 483 1071"/></Shape>
	    <String CONTENT="פ&#39; הלא המה בעבר הירדן מעבר לירדן ואילך ד&#39; ר&#39; יהודה אחרי דרך [/]"
                    HPOS="479"
                    VPOS="1025"
                    WIDTH="2117"
                    HEIGHT="117"></String>
          </TextLine>

          
          
          <TextLine ID="eSc_line_1639054"
                    
                    BASELINE="500 1138 610 1131 881 1131 1287 1145 1848 1149 2144 1163 2497 1163 2712 1175" 
                    HPOS="493"
                    VPOS="1096"
                    WIDTH="2216"
                    HEIGHT="120">
            <Shape><Polygon POINTS="497 1135 493 1173 2698 1216 2709 1173 2709 1131 497 1096 497 1135"/></Shape>
	    <String CONTENT="מבוא השמש מקום שחמה זורחת ולהלן הוא אומ&#39; ויעבר אברם בא&#39; וגו&#39; מה"
                    HPOS="493"
                    VPOS="1096"
                    WIDTH="2216"
                    HEIGHT="120"></String>
          </TextLine>

          
          
          <TextLine ID="eSc_line_1639055"
                    
                    BASELINE="426 1198 793 1205 1298 1219 1785 1219 1986 1230 2261 1230 2469 1240 2712 1240" 
                    HPOS="419"
                    VPOS="1163"
                    WIDTH="2290"
                    HEIGHT="116">
            <Shape><Polygon POINTS="423 1194 419 1254 2702 1279 2709 1237 2705 1194 423 1163 423 1194"/></Shape>
	    <String CONTENT="אלון מורה הא&#39; ל&#39; שכם א&#39; אל&#39; מו&#39; בן שכם ˙ אמ&#39; ר&#39; אלעזר בר&#39; יוסי אמרתי להן לסופרי"
                    HPOS="419"
                    VPOS="1163"
                    WIDTH="2290"
                    HEIGHT="116"></String>
          </TextLine>

          
          
          <TextLine ID="eSc_line_1639076"
                    
                    BASELINE="462 1269 617 1279 1030 1283 1202 1290 1418 1286 1774 1304 2106 1300 2388 1318 2712 1318" 
                    HPOS="455"
                    VPOS="1226"
                    WIDTH="2254"
                    HEIGHT="131">
            <Shape><Polygon POINTS="458 1269 455 1314 2702 1357 2709 1314 2705 1276 1033 1226 1030 1226 458 1230 458 1269"/></Shape>
	    <String CONTENT="כותיים זייפתן את התורה ולא הנחתם בה כלום שכתבתם אצל אל&#39; מו&#39; שכם אף"
                    HPOS="455"
                    VPOS="1226"
                    WIDTH="2254"
                    HEIGHT="131"></String>
          </TextLine>

          
          
          <TextLine ID="eSc_line_1639056"
                    
                    BASELINE="493 1346 589 1343 765 1353 1058 1360 1464 1360 1852 1374 1964 1371 2307 1385 2550 1385 2712 1391" 
                    HPOS="486"
                    VPOS="1293"
                    WIDTH="2223"
                    HEIGHT="141">
            <Shape><Polygon POINTS="490 1343 486 1378 2698 1434 2709 1388 2709 1350 490 1293 490 1343"/></Shape>
	    <String CONTENT="אנו למדין שזה הוא הר גריזים והר עיבל שבין הכותיים שנ&#39; הלא המה בע&#39; היר&#39;"
                    HPOS="486"
                    VPOS="1293"
                    WIDTH="2223"
                    HEIGHT="141"></String>
          </TextLine>

          
          
          <TextLine ID="eSc_line_1639057"
                    
                    BASELINE="476 1420 984 1417 1449 1431 1647 1427 2155 1445 2536 1445 2712 1457" 
                    HPOS="469"
                    VPOS="1374"
                    WIDTH="2240"
                    HEIGHT="113">
            <Shape><Polygon POINTS="472 1417 469 1455 2698 1487 2709 1455 2709 1410 472 1374 472 1417"/></Shape>
	    <String CONTENT="ויעבר אברם בארץ מה אלון מור&#39; הא&#39; ל&#39; שכם אף א&#39; מו&#39; האמ&#39; כן שכם ר&#39; אליעזר"
                    HPOS="469"
                    VPOS="1374"
                    WIDTH="2240"
                    HEIGHT="113"></String>
          </TextLine>

          
          
          <TextLine ID="eSc_line_1639058"
                    
                    BASELINE="486 1473 896 1487 1294 1487 1633 1501 1950 1498 2405 1515 2642 1512 2712 1517" 
                    HPOS="479"
                    VPOS="1434"
                    WIDTH="2230"
                    HEIGHT="124">
            <Shape><Polygon POINTS="483 1469 479 1526 2698 1558 2709 1515 2705 1480 483 1434 483 1469"/></Shape>
	    <String CONTENT="אומ&#39; לא זה הוא הר גריזים והר עיבל שבין כותין שנ&#39; הלא המה בעבר הירדן [ה&#39;]"
                    HPOS="479"
                    VPOS="1434"
                    WIDTH="2230"
                    HEIGHT="124"></String>
          </TextLine>

          
          
          <TextLine ID="eSc_line_1639059"
                    
                    BASELINE="493 1547 620 1543 896 1558 1121 1554 1640 1572 2014 1568 2423 1586 2702 1579" 
                    HPOS="486"
                    VPOS="1505"
                    WIDTH="2212"
                    HEIGHT="120">
            <Shape><Polygon POINTS="490 1543 486 1589 2691 1625 2698 1575 2695 1547 490 1505 490 1543"/></Shape>
	    <String CONTENT="הסמכין לעבר הירדן ˙ אח&#39; דר&#39; מבוא הש&#39; מקום שחמה שוקעת בא&#39; ה[](כ)נ&#39; לא היה"
                    HPOS="486"
                    VPOS="1505"
                    WIDTH="2212"
                    HEIGHT="120"></String>
          </TextLine>

          
          
          <TextLine ID="eSc_line_1639060"
                    
                    BASELINE="469 1614 769 1628 1188 1628 1467 1642 1816 1639 2702 1662" 
                    HPOS="462"
                    VPOS="1561"
                    WIDTH="2236"
                    HEIGHT="138">
            <Shape><Polygon POINTS="465 1610 462 1649 2688 1699 2698 1660 2695 1607 2550 1621 2278 1600 2183 1593 2180 1593 2151 1596 2084 1610 2067 1596 2060 1589 2056 1589 2053 1589 2049 1589 2046 1589 2021 1596 1979 1607 1950 1596 1933 1586 1929 1586 1926 1586 1922 1586 1890 1593 1866 1600 1830 1593 1774 1582 1770 1582 1696 1589 1626 1600 1601 1589 1573 1579 1569 1579 1566 1579 1562 1579 1520 1589 1485 1596 1365 1586 1164 1568 1160 1568 1054 1582 1012 1586 885 1586 881 1579 871 1565 867 1565 867 1561 864 1561 860 1561 857 1561 853 1561 850 1561 821 1579 818 1579 465 1575 465 1610"/></Shape>
	    <String CONTENT="אלא מן החוים הישב בע&#39; לא היה אלא בין ההרים מול הגלל אין אילו רואין את"
                    HPOS="462"
                    VPOS="1561"
                    WIDTH="2236"
                    HEIGHT="138"></String>
          </TextLine>

          
          
          <TextLine ID="eSc_line_1639061"
                    
                    BASELINE="486 1681 1083 1699 1432 1695 1883 1713 2148 1709 2317 1716 2582 1716 2702 1722" 
                    HPOS="479"
                    VPOS="1642"
                    WIDTH="2219"
                    HEIGHT="116">
            <Shape><Polygon POINTS="483 1677 479 1727 2688 1758 2698 1720 2695 1674 483 1642 483 1677"/></Shape>
	    <String CONTENT="הגלל ר&#39; אליעזר בן יעקב אומ&#39; לא בא הכת&#39; אלא להר[](א)ותן דרך בדרך שהראם"
                    HPOS="479"
                    VPOS="1642"
                    WIDTH="2219"
                    HEIGHT="116"></String>
          </TextLine>

          
          
          <TextLine ID="eSc_line_1639062"
                    
                    BASELINE="486 1751 712 1748 1280 1755 2151 1780 2547 1780 2702 1789" 
                    HPOS="479"
                    VPOS="1706"
                    WIDTH="2219"
                    HEIGHT="119">
            <Shape><Polygon POINTS="483 1748 479 1783 2688 1825 2698 1787 2695 1744 483 1706 483 1748"/></Shape>
	    <String CONTENT="בראשונה ˙ בדרך לכו אל תלכו בשדות בישוב ולא במדבר במישור ולא [ב&#39;]"
                    HPOS="479"
                    VPOS="1706"
                    WIDTH="2219"
                    HEIGHT="119"></String>
          </TextLine>

          
          
          <TextLine ID="eSc_line_1639063"
                    
                    BASELINE="451 1804 843 1811 1185 1825 1647 1825 1820 1836 2070 1840 2377 1854 2652 1850 2702 1861" 
                    HPOS="444"
                    VPOS="1769"
                    WIDTH="2254"
                    HEIGHT="134">
            <Shape><Polygon POINTS="448 1801 444 1847 2684 1903 2698 1857 2698 1815 448 1769 448 1801"/></Shape>
	    <String CONTENT="בהרים ˙ פ&#39; ˙ כי אתם עבר את הי&#39; אל הארץ מעבירתכם את הירדן אתם"
                    HPOS="444"
                    VPOS="1769"
                    WIDTH="2254"
                    HEIGHT="134"></String>
          </TextLine>

          
          
          <TextLine ID="eSc_line_1639064"
                    
                    BASELINE="472 1875 649 1882 850 1896 1199 1892 1601 1910 2000 1910 2141 1921 2585 1928 2688 1935" 
                    HPOS="465"
                    VPOS="1843"
                    WIDTH="2219"
                    HEIGHT="123">
            <Shape><Polygon POINTS="469 1871 465 1931 2674 1966 2684 1931 2684 1882 469 1843 469 1871"/></Shape>
	    <String CONTENT="יודעין שאתם יורשין את הארץ ˙ אל הארץ אש&#39; ייי ﭏ&#39;יכם נותן לכם בזכותם"
                    HPOS="465"
                    VPOS="1843"
                    WIDTH="2219"
                    HEIGHT="123"></String>
          </TextLine>

          
          
          <TextLine ID="eSc_line_1639065"
                    
                    BASELINE="469 1945 659 1959 938 1966 1139 1963 1552 1981 1668 1977 2031 1995 2303 1995 2479 2005 2688 2009" 
                    HPOS="462"
                    VPOS="1903"
                    WIDTH="2222"
                    HEIGHT="155">
            <Shape><Polygon POINTS="465 1942 462 1977 2674 2058 2684 2005 2684 1966 465 1903 465 1942"/></Shape>
	    <String CONTENT="וירשתם את&#39; וישב&#39; בה בשכר שתירש תשב ˙ ושמרתם זו משנה ועשיתם"
                    HPOS="462"
                    VPOS="1903"
                    WIDTH="2222"
                    HEIGHT="155"></String>
          </TextLine>

          
          
          <TextLine ID="eSc_line_1639066"
                    
                    BASELINE="465 2019 726 2019 1051 2033 1312 2033 1679 2051 1844 2051 2194 2065 2688 2076" 
                    HPOS="458"
                    VPOS="1973"
                    WIDTH="2226"
                    HEIGHT="156">
            <Shape><Polygon POINTS="462 2016 458 2055 2571 2129 2575 2129 2677 2111 2684 2072 2684 2033 462 1973 462 2016"/></Shape>
	    <String CONTENT="זו מעשה את כל החוקים אילו מדרשות ואת המשפטים אילו הדינין אש&#39;"
                    HPOS="458"
                    VPOS="1973"
                    WIDTH="2226"
                    HEIGHT="156"></String>
          </TextLine>

          
          
          <TextLine ID="eSc_line_1639077"
                    
                    BASELINE="462 2093 560 2090 896 2104 1174 2104 1979 2136 2218 2136 2529 2150 2688 2144" 
                    HPOS="455"
                    VPOS="2026"
                    WIDTH="2229"
                    HEIGHT="166">
            <Shape><Polygon POINTS="458 2090 455 2125 2677 2192 2684 2143 2684 2100 970 2062 948 2055 860 2037 857 2037 553 2044 543 2044 532 2030 529 2030 529 2026 525 2026 522 2026 518 2026 515 2026 458 2040 458 2090"/></Shape>
	    <String CONTENT="אנ&#39; נות&#39; לפניכם היום ˙ יהו חביבין עליכן היום כאילו היום קיבלתן אותן מהר"
                    HPOS="455"
                    VPOS="2026"
                    WIDTH="2229"
                    HEIGHT="166"></String>
          </TextLine>

          
          
          <TextLine ID="eSc_line_1639067"
                    
                    BASELINE="486 2157 1037 2178 1315 2174 2127 2206 2688 2213" 
                    HPOS="479"
                    VPOS="2118"
                    WIDTH="2205"
                    HEIGHT="138">
            <Shape><Polygon POINTS="483 2153 479 2192 2674 2256 2684 2210 2684 2181 483 2118 483 2153"/></Shape>
	    <String CONTENT="סיני יהו רגילין בפיכם כאילו היום שמעתם אותם ˙ פ&#39; אלה החקים [/]"
                    HPOS="479"
                    VPOS="2118"
                    WIDTH="2205"
                    HEIGHT="138"></String>
          </TextLine>

          
          
          <TextLine ID="eSc_line_1639068"
                    
                    BASELINE="469 2217 603 2231 1428 2245 1700 2259 2000 2263 2250 2277 2405 2273 2674 2280" 
                    HPOS="462"
                    VPOS="2189"
                    WIDTH="2208"
                    HEIGHT="141">
            <Shape><Polygon POINTS="465 2213 462 2263 2508 2330 2511 2330 2663 2312 2670 2277 2670 2238 465 2189 465 2213"/></Shape>
	    <String CONTENT="אילו המדרשות והמשפטים אילו הדינין אש&#39; תעש&#39; זו משנה לעשות זו"
                    HPOS="462"
                    VPOS="2189"
                    WIDTH="2208"
                    HEIGHT="141"></String>
          </TextLine>

          
          
          <TextLine ID="eSc_line_1639069"
                    
                    BASELINE="426 2287 807 2305 941 2305 1224 2319 1305 2315 1629 2330 1947 2333 2144 2344 2434 2344 2669 2350" 
                    HPOS="419"
                    VPOS="2245"
                    WIDTH="2247"
                    HEIGHT="148">
            <Shape><Polygon POINTS="423 2284 419 2326 2656 2393 2666 2347 2666 2312 423 2245 423 2284"/></Shape>
	    <String CONTENT="מעשה בארץ יכול כל מצוות כולן נוהגות בחוצה לא&#39; תל&#39; לומ&#39; לעש&#39; בארץ יכול"
                    HPOS="419"
                    VPOS="2245"
                    WIDTH="2247"
                    HEIGHT="148"></String>
          </TextLine>

          
          
          <TextLine ID="eSc_line_1639070"
                    
                    BASELINE="497 2354 673 2361 896 2375 1058 2375 1749 2400 2077 2404 2451 2418 2669 2418" 
                    HPOS="490"
                    VPOS="2308"
                    WIDTH="2176"
                    HEIGHT="155">
            <Shape><Polygon POINTS="493 2351 490 2397 2659 2463 2666 2414 2666 2372 493 2308 493 2351"/></Shape>
	    <String CONTENT="לא יהו כל מצוות כולן נוהגות אלא בארץ תל&#39; לומ&#39; כל הימים אש&#39; אתם חיים"
                    HPOS="490"
                    VPOS="2308"
                    WIDTH="2176"
                    HEIGHT="155"></String>
          </TextLine>

          
          
          <TextLine ID="eSc_line_1639071"
                    
                    BASELINE="419 2411 606 2432 864 2446 1111 2446 1287 2456 1573 2460 1756 2471 2003 2471 2278 2488 2568 2488 2669 2480" 
                    HPOS="412"
                    VPOS="2386"
                    WIDTH="2254"
                    HEIGHT="141">
            <Shape><Polygon POINTS="416 2407 412 2460 2659 2527 2666 2478 2663 2442 416 2386 416 2407"/></Shape>
	    <String CONTENT="על האדמה אחד שריבה הכת&#39; מיעט הרי אנו לֻמ[י](ד)ין אותן מן האמור בעניין"
                    HPOS="412"
                    VPOS="2386"
                    WIDTH="2254"
                    HEIGHT="141"></String>
          </TextLine>

          
          
          <TextLine ID="eSc_line_1639072"
                    
                    BASELINE="472 2488 821 2506 1428 2516 1665 2530 1904 2530 2194 2545 2469 2541 2669 2551" 
                    HPOS="465"
                    VPOS="2456"
                    WIDTH="2201"
                    HEIGHT="141">
            <Shape><Polygon POINTS="469 2485 465 2541 1008 2555 1030 2555 1065 2555 1083 2555 1146 2559 1171 2559 1206 2559 1241 2559 1277 2559 1312 2562 1347 2562 1368 2562 2656 2597 2666 2548 2666 2499 469 2456 469 2485"/></Shape>
	    <String CONTENT="מה אמור בעינין אבד תאבדון א&#39; כ&#39; המקומות מה עבודה זרה מיוחדת"
                    HPOS="465"
                    VPOS="2456"
                    WIDTH="2201"
                    HEIGHT="141"></String>
          </TextLine>

          
          
          <TextLine ID="eSc_line_1639074"
                    
                    BASELINE="472 2555 1291 2569 1869 2597 2120 2597 2557 2608 2659 2615" 
                    HPOS="465"
                    VPOS="2513"
                    WIDTH="2191"
                    HEIGHT="134">
            <Shape><Polygon POINTS="469 2552 465 2601 2645 2647 2656 2612 2652 2569 469 2513 469 2552"/></Shape>
	    <String CONTENT="שה[ו](י)א מצוות הגוף שאין תלוייה בארץ נוהגת בארץ ובחוצ&#39; לארץ כך כל"
                    HPOS="465"
                    VPOS="2513"
                    WIDTH="2191"
                    HEIGHT="134"></String>
          </TextLine>

          
          
          <TextLine ID="eSc_line_1639073"
                    
                    BASELINE="462 2619 1072 2629 1668 2654 1869 2654 2285 2671 2441 2668 2652 2677" 
                    HPOS="455"
                    VPOS="2576"
                    WIDTH="2194"
                    HEIGHT="159">
            <Shape><Polygon POINTS="458 2615 455 2661 878 2686 881 2686 956 2675 991 2671 1001 2675 1019 2689 1023 2689 1026 2689 1030 2689 1086 2679 1111 2675 1178 2682 1347 2700 1351 2700 1435 2689 1460 2686 1488 2689 1583 2707 1587 2707 1679 2693 1693 2693 1696 2696 1710 2707 1710 2710 1714 2710 1717 2710 1721 2710 1725 2710 1767 2696 1774 2696 1813 2696 2173 2724 2176 2724 2285 2710 2293 2710 2303 2710 2532 2735 2536 2735 2642 2717 2649 2675 2649 2633 458 2576 458 2615"/></Shape>
	    <String CONTENT="מצות הגוף שאין תלויה בארץ נוהגת בארץ ובח&#39; לאר&#39; ˙ ושתלויה בארץ"
                    HPOS="455"
                    VPOS="2576"
                    WIDTH="2194"
                    HEIGHT="159"></String>
          </TextLine>

          
          
          <TextLine ID="eSc_line_1639037"
                    
                    BASELINE="462 2700 680 2714 1051 2710 1435 2728 1777 2724 2077 2738 2303 2742 2631 2758" 
                    HPOS="455"
                    VPOS="2654"
                    WIDTH="2173"
                    HEIGHT="144">
            <Shape><Polygon POINTS="458 2696 455 2745 2617 2798 2628 2756 2628 2710 1869 2693 1866 2689 1820 2671 1816 2671 458 2654 458 2696"/></Shape>
	    <String CONTENT="אין נוהגת אלא בארץ חוץ מן [הגוף] הערלה והכלאים ר&#39; אליעזר אומ&#39; אף [ה&#39;]"
                    HPOS="455"
                    VPOS="2654"
                    WIDTH="2173"
                    HEIGHT="144"></String>
          </TextLine>

          
          
          <TextLine ID="eSc_line_1639028"
                    
                    BASELINE="391 2760 490 2770 751 2770 1051 2784 1224 2781 1534 2795 1996 2795 2349 2812 2631 2812" 
                    HPOS="384"
                    VPOS="2731"
                    WIDTH="2244"
                    HEIGHT="124">
            <Shape><Polygon POINTS="388 2756 384 2809 2621 2855 2628 2809 2624 2777 388 2731 388 2756"/></Shape>
	    <String CONTENT="החדש ˙ אבד תאבדון את כל המקו&#39; מנ&#39; את&#39; שאם קיצץ אשירה והחליפה"
                    HPOS="384"
                    VPOS="2731"
                    WIDTH="2244"
                    HEIGHT="124"></String>
          </TextLine>

          
          
          <TextLine ID="eSc_line_1639043"
                    
                    BASELINE="440 2823 1213 2855 1252 2851 1792 2869 2240 2869 2536 2876 2631 2883" 
                    HPOS="433"
                    VPOS="2784"
                    WIDTH="2195"
                    HEIGHT="148">
            <Shape><Polygon POINTS="437 2820 433 2869 1922 2915 1950 2915 1986 2915 2021 2915 2056 2915 2091 2915 2127 2915 2162 2915 2197 2918 2233 2918 2268 2922 2303 2925 2338 2925 2367 2925 2384 2929 2409 2929 2416 2929 2501 2932 2515 2932 2550 2932 2585 2932 2617 2932 2628 2879 2628 2837 437 2784 437 2820"/></Shape>
	    <String CONTENT="אפילו י&#39; פעמים שחייב לקוצצה תל&#39; לומ&#39; אבד תאבד&#39; וגו&#39; מגיד שהיו כנעניים"
                    HPOS="433"
                    VPOS="2784"
                    WIDTH="2195"
                    HEIGHT="148"></String>
          </TextLine>

          
          
          <TextLine ID="eSc_line_1639045"
                    
                    BASELINE="455 2890 797 2904 1319 2911 1629 2925 2130 2922 2423 2939 2589 2939 2631 2944" 
                    HPOS="448"
                    VPOS="2858"
                    WIDTH="2180"
                    HEIGHT="120">
            <Shape><Polygon POINTS="451 2886 448 2929 2614 2978 2628 2943 2628 2901 451 2858 451 2886"/></Shape>
	    <String CONTENT="שוטפין בעבודה זרה יתר מכל אומות העו&#39; ˙ אש&#39; את&#39; יורשים או&#39; א&#39; ﭏהיהם"
                    HPOS="448"
                    VPOS="2858"
                    WIDTH="2180"
                    HEIGHT="120"></String>
          </TextLine>

          
          
          <TextLine ID="eSc_line_1639047"
                    
                    BASELINE="391 2925 483 2946 691 2961 1446 2982 1770 2982 2088 2996 2360 2996 2628 3010" 
                    HPOS="384"
                    VPOS="2897"
                    WIDTH="2240"
                    HEIGHT="148">
            <Shape><Polygon POINTS="388 2922 384 2989 2614 3045 2624 3006 2624 2975 388 2897 388 2922"/></Shape>
	    <String CONTENT="מפני מה אתם יורשין את ﭏהיהן שלא תעשו כמעש&#39; ויבאו אחרין ויירשו"
                    HPOS="384"
                    VPOS="2897"
                    WIDTH="2240"
                    HEIGHT="148"></String>
          </TextLine>

          
          
          <TextLine ID="eSc_line_1639039"
                    
                    BASELINE="388 3010 536 3024 687 3024 1280 3049 1647 3052 2003 3066 2617 3059" 
                    HPOS="380"
                    VPOS="2989"
                    WIDTH="2234"
                    HEIGHT="127">
            <Shape><Polygon POINTS="384 3006 380 3080 469 3070 2606 3116 2614 3056 2614 3027 384 2989 384 3006"/></Shape>
	    <String CONTENT="אתכם ר&#39; יוסי הגל&#39; או&#39; יכול עובדין את ההרים ואת הגבעות את מצווה לאבדן"
                    HPOS="380"
                    VPOS="2989"
                    WIDTH="2234"
                    HEIGHT="127"></String>
          </TextLine>

          
          
          <TextLine ID="eSc_line_1639026"
                    
                    BASELINE="472 3098 617 3091 857 3105 1167 3109 1453 3123 1806 3119 2289 3137 2624 3137" 
                    HPOS="465"
                    VPOS="3052"
                    WIDTH="2156"
                    HEIGHT="138">
            <Shape><Polygon POINTS="469 3094 465 3137 1926 3186 1929 3186 2070 3172 2095 3190 2098 3190 2102 3190 2106 3190 2617 3179 2621 3133 2621 3091 469 3052 469 3094"/></Shape>
	    <String CONTENT="תל&#39; לומ&#39; על ההר&#39; הרמים וגו&#39; ﭏהיהם תחת כל ע[צ](ץ) רענן ולא עץ רענן ﭏהיהם ˙"
                    HPOS="465"
                    VPOS="3052"
                    WIDTH="2156"
                    HEIGHT="138"></String>
          </TextLine>

          
          
          <TextLine ID="eSc_line_1639041"
                    
                    BASELINE="433 3168 567 3168 1030 3190 1386 3193 1643 3207 2479 3204 2628 3214" 
                    HPOS="426"
                    VPOS="3126"
                    WIDTH="2198"
                    HEIGHT="141">
            <Shape><Polygon POINTS="430 3165 426 3221 2614 3267 2624 3211 2624 3161 430 3126 430 3165"/></Shape>
	    <String CONTENT="ﭏהיהן על הגבעות ולא על הגבעות ﭏהיהן מפני מה אשרה פסולה ˙ אמ&#39;"
                    HPOS="426"
                    VPOS="3126"
                    WIDTH="2198"
                    HEIGHT="141"></String>
          </TextLine>

          
          
          <TextLine ID="eSc_line_1639042"
                    
                    BASELINE="430 3232 1707 3278 2229 3274 2621 3285" 
                    HPOS="423"
                    VPOS="3197"
                    WIDTH="2194"
                    HEIGHT="134">
            <Shape><Polygon POINTS="426 3228 423 3267 1301 3313 1305 3313 1531 3302 1534 3302 1538 3302 1658 3324 2606 3331 2617 3281 2617 3246 426 3197 426 3228"/></Shape>
	    <String CONTENT="ר&#39; עקי&#39; אני איהא אבין לפניך [](בכל מקום שאתה מוצא עץ רענן) דע שיש שם"
                    HPOS="423"
                    VPOS="3197"
                    WIDTH="2194"
                    HEIGHT="134"></String>
          </TextLine>

          
          
          <TextLine ID="eSc_line_1639046"
                    
                    BASELINE="423 3295 1224 3324 1302 3338 1393 3331 1545 3338 1996 3338 2127 3345 2384 3345 2617 3352" 
                    HPOS="416"
                    VPOS="3264"
                    WIDTH="2198"
                    HEIGHT="130">
            <Shape><Polygon POINTS="419 3292 416 3338 2603 3394 2614 3348 2610 3313 1933 3288 1929 3288 1799 3295 1675 3302 1658 3292 1647 3285 1643 3285 1640 3285 1636 3285 1587 3292 1538 3299 1471 3288 1396 3278 1393 3278 1234 3285 1135 3288 1093 3281 994 3264 991 3264 419 3267 419 3292"/></Shape>
	    <String CONTENT="עבודה זרה לכך נא&#39; על ההרים הרמים וגו&#39; ˙ ונתצתם את מזבח&#39; מיכן"
                    HPOS="416"
                    VPOS="3264"
                    WIDTH="2198"
                    HEIGHT="130"></String>
          </TextLine>

          
          
          <TextLine ID="eSc_line_1639040"
                    
                    BASELINE="476 3369 613 3380 779 3380 1210 3401 1813 3401 2412 3419 2606 3412" 
                    HPOS="469"
                    VPOS="3338"
                    WIDTH="2134"
                    HEIGHT="116">
            <Shape><Polygon POINTS="472 3366 469 3419 2596 3454 2603 3408 2603 3380 472 3338 472 3366"/></Shape>
	    <String CONTENT="אמרו שלוש אשירות הן אילן שנטעו מתחילה לעבודה זרה הרי זה"
                    HPOS="469"
                    VPOS="3338"
                    WIDTH="2134"
                    HEIGHT="116"></String>
          </TextLine>

          
          
          <TextLine ID="eSc_line_1639038"
                    
                    BASELINE="398 3426 603 3443 800 3447 1001 3461 1248 3461 1545 3475 2300 3472 2606 3479" 
                    HPOS="391"
                    VPOS="3391"
                    WIDTH="2212"
                    HEIGHT="141">
            <Shape><Polygon POINTS="395 3422 391 3486 740 3489 740 3493 769 3507 779 3507 814 3510 825 3510 963 3496 1689 3524 1693 3524 1876 3507 2021 3528 2024 3528 2028 3528 2084 3510 2106 3528 2109 3528 2113 3528 2296 3532 2300 3532 2596 3510 2603 3475 2599 3443 395 3391 395 3422"/></Shape>
	    <String CONTENT="אסור שנ&#39; ואשריהם תשרפון באש החליף נוטל מה שהחליף שנ&#39; ופסילי"
                    HPOS="391"
                    VPOS="3391"
                    WIDTH="2212"
                    HEIGHT="141"></String>
          </TextLine>

          
          
          <TextLine ID="eSc_line_1639035"
                    
                    BASELINE="504 3517 716 3514 1167 3532 1428 3528 2010 3546 2603 3539" 
                    HPOS="497"
                    VPOS="3475"
                    WIDTH="2102"
                    HEIGHT="113">
            <Shape><Polygon POINTS="500 3514 497 3556 1464 3588 1467 3588 2596 3584 2599 3535 2592 3493 2310 3507 1852 3486 1739 3482 1735 3482 1665 3486 1453 3496 1266 3482 1164 3475 1160 3475 500 3475 500 3514"/></Shape>
	    <String CONTENT="ﭏהיהם תגדעון לא החליף אלא העמיד תחתיו → וסילקו הרי זה מותר שנ&#39;"
                    HPOS="497"
                    VPOS="3475"
                    WIDTH="2102"
                    HEIGHT="113"></String>
          </TextLine>

          
          
          <TextLine ID="eSc_line_1639034"
                    
                    BASELINE="479 3567 652 3581 1241 3599 1583 3599 1971 3616 2606 3609" 
                    HPOS="472"
                    VPOS="3535"
                    WIDTH="2131"
                    HEIGHT="138">
            <Shape><Polygon POINTS="476 3563 472 3627 1876 3665 1880 3665 2109 3651 2130 3669 2134 3669 2137 3669 2398 3673 2402 3673 2599 3655 2603 3606 2603 3570 476 3535 476 3563"/></Shape>
	    <String CONTENT="ואבד[ם](תם) את שמם ˙ לא תעשון כן לייי ﭏ&#39;יכם ˙ ונתצתם את מזב&#39; זו אבן"
                    HPOS="472"
                    VPOS="3535"
                    WIDTH="2131"
                    HEIGHT="138"></String>
          </TextLine>

          
          
          <TextLine ID="eSc_line_1639044"
                    
                    BASELINE="363 3641 469 3641 1111 3673 1933 3687 2282 3680 2606 3686" 
                    HPOS="356"
                    VPOS="3588"
                    WIDTH="2247"
                    HEIGHT="197">
            <Shape><Polygon POINTS="359 3637 356 3690 649 3697 663 3704 709 3722 712 3722 716 3722 790 3711 804 3708 818 3711 913 3743 917 3743 920 3743 1213 3732 1372 3754 1375 3754 1379 3754 1382 3754 1407 3736 1425 3725 1545 3725 1562 3740 1569 3747 1569 3750 1573 3750 1576 3750 1580 3750 1583 3750 1608 3743 1665 3729 1971 3757 2155 3775 2158 3775 2162 3775 2166 3775 2176 3768 2208 3747 2314 3761 2317 3761 2416 3743 2476 3778 2479 3782 2483 3782 2487 3782 2490 3785 2596 3785 2603 3683 2599 3658 2243 3634 2240 3634 2236 3634 2197 3644 2173 3651 2155 3644 2130 3630 2127 3630 2123 3630 2120 3630 2088 3641 2060 3648 1280 3634 1231 3613 1217 3609 1213 3609 1210 3609 1206 3609 1195 3613 1160 3627 769 3602 765 3602 694 3616 645 3595 642 3595 638 3595 359 3588 359 3637"/></Shape>
	    <String CONTENT="שחצבה מתחילה ˙ ושברתם את מצב&#39; זו שחצב חציבה ועבדה ˙ ואשירהם"
                    HPOS="356"
                    VPOS="3588"
                    WIDTH="2247"
                    HEIGHT="197"></String>
          </TextLine>

          
        </TextBlock>
        
        <TextBlock HPOS="2624.0"
                   VPOS="3510.0"
                   WIDTH="175.0"
                   HEIGHT="140.0"
                   ID="eSc_textblock_18329"
                   TAGREFS="BT853">
          <Shape><Polygon POINTS="2799 3576 2797 3510 2624 3517 2631 3616 2656 3616 2658 3650 2771 3643 2769 3616"/></Shape>
          
          
          <TextLine ID="eSc_line_1639027"
                    
                    BASELINE="2633 3553 2829 3542" 
                    HPOS="2628"
                    VPOS="3500"
                    WIDTH="197"
                    HEIGHT="102">
            <Shape><Polygon POINTS="2769 3510 2733 3510 2698 3514 2663 3514 2628 3514 2631 3549 2635 3602 2663 3591 2666 3588 2688 3584 2695 3584 2698 3584 2702 3584 2737 3581 2737 3584 2822 3591 2825 3539 2822 3500 2765 3500 2769 3510"/></Shape>
	    <String CONTENT="עבודה"
                    HPOS="2628"
                    VPOS="3500"
                    WIDTH="197"
                    HEIGHT="102"></String>
          </TextLine>

          
          
          <TextLine ID="eSc_line_1639036"
                    
                    BASELINE="2659 3599 2772 3588" 
                    HPOS="2652"
                    VPOS="3563"
                    WIDTH="117"
                    HEIGHT="99">
            <Shape><Polygon POINTS="2656 3595 2659 3658 2769 3662 2769 3584 2762 3563 2652 3570 2656 3595"/></Shape>
	    <String CONTENT="זרה"
                    HPOS="2652"
                    VPOS="3563"
                    WIDTH="117"
                    HEIGHT="99"></String>
          </TextLine>

          
        </TextBlock>
        
        <TextBlock HPOS="540"
                   VPOS="3687"
                   WIDTH="301"
                   HEIGHT="120"
                   ID="eSc_textblock_18331"
                   TAGREFS="BT854">
          <Shape><Polygon POINTS="841 3708 839 3807 551 3793 540 3687"/></Shape>
          
          
          <TextLine ID="eSc_line_1639033"
                    
                    BASELINE="500 3747 857 3736" 
                    HPOS="493"
                    VPOS="3687"
                    WIDTH="364"
                    HEIGHT="324">
            <Shape><Polygon POINTS="811 3704 776 3701 740 3701 705 3697 670 3694 634 3690 599 3690 564 3687 493 3701 497 3743 504 4011 857 4011 853 3732 850 3694 818 3690 811 3704"/></Shape>
	    <String CONTENT="תשרפון"
                    HPOS="493"
                    VPOS="3687"
                    WIDTH="364"
                    HEIGHT="324"></String>
          </TextLine>

          
        </TextBlock>
        

        
      </PrintSpace>
    </Page>
  </Layout>
</alto>
