<?xml version="1.0" encoding="UTF-8"?>
<alto xmlns:xsi="http://www.w3.org/2001/XMLSchema-instance"
      xmlns="http://www.loc.gov/standards/alto/ns-v4#"
      xsi:schemaLocation="http://www.loc.gov/standards/alto/ns-v4# http://www.loc.gov/standards/alto/v4/alto-4-2.xsd">
  <Description>
    <MeasurementUnit>pixel</MeasurementUnit>
    <sourceImageInformation>
      <fileName>Vat.ebr.32_0180_fa_0087v.jpg</fileName>
      
    </sourceImageInformation>
  </Description>
  
  <Tags>
    <OtherTag ID="BT1" LABEL="Title" DESCRIPTION="block type Title"/><OtherTag ID="BT2" LABEL="Main" DESCRIPTION="block type Main"/><OtherTag ID="BT3" LABEL="Commentary" DESCRIPTION="block type Commentary"/><OtherTag ID="BT4" LABEL="Illustration" DESCRIPTION="block type Illustration"/><OtherTag ID="BT853" LABEL="Margin" DESCRIPTION="block type Margin"/><OtherTag ID="BT854" LABEL="Paratext" DESCRIPTION="block type Paratext"/>
    <OtherTag ID="LT2" LABEL="Numbering" DESCRIPTION="line type Numbering"/><OtherTag ID="LT3" LABEL="Correction" DESCRIPTION="line type Correction"/>
  </Tags>
  
  <Layout>
    <Page WIDTH="3169"
          HEIGHT="4230"
          PHYSICAL_IMG_NR="173"
          ID="eSc_dummypage_">
      <PrintSpace HPOS="0"
                  VPOS="0"
                  WIDTH="3169"
                  HEIGHT="4230">
        
        <TextBlock HPOS="337.0"
                   VPOS="403.0"
                   WIDTH="2263.0"
                   HEIGHT="3305.0"
                   ID="eSc_textblock_16853"
                   TAGREFS="BT2">
          <Shape><Polygon POINTS="360 403 2600 403 2588 3708 337 3655"/></Shape>
          
          
          <TextLine ID="eSc_line_1638582"
                    
                    BASELINE="394 479 1596 486 1896 479 2037 486 2375 482 2594 488" 
                    HPOS="387"
                    VPOS="412"
                    WIDTH="2203"
                    HEIGHT="123">
            <Shape><Polygon POINTS="391 475 387 521 2580 535 2590 486 2583 433 2326 444 2259 433 2217 426 2213 426 2167 433 2100 444 2072 433 2040 419 2037 419 2033 419 1949 433 1885 444 1727 444 1713 433 1674 415 1670 415 1311 415 1307 415 1304 415 1240 437 1226 440 1219 437 1191 415 1187 415 1184 415 1103 415 1099 415 1096 415 1032 437 1018 440 979 437 775 412 771 412 768 412 764 412 736 437 652 419 648 419 391 437 391 475"/></Shape>
	    <String CONTENT="בעתו ˙ ומנין שניתנה ברכה אחת ליש&#39; שכל ברכות כלולות בה תל&#39; לומ&#39; אוהב כסף"
                    HPOS="387"
                    VPOS="412"
                    WIDTH="2203"
                    HEIGHT="123"></String>
          </TextLine>

          
          
          <TextLine ID="eSc_line_1638583"
                    
                    BASELINE="380 549 1085 556 1272 549 1709 556 2594 549" 
                    HPOS="373"
                    VPOS="518"
                    WIDTH="2217"
                    HEIGHT="88">
            <Shape><Polygon POINTS="377 546 373 595 1843 602 1854 602 1889 602 1889 602 2583 606 2590 546 2587 518 377 518 377 546"/></Shape>
	    <String CONTENT="לא ישבע כסף ואו&#39; ויתרון ארץ בכל הוא וגו&#39; מלך שכל ברכות זה ששולט באוצרות"
                    HPOS="373"
                    VPOS="518"
                    WIDTH="2217"
                    HEIGHT="88"></String>
          </TextLine>

          
          
          <TextLine ID="eSc_line_1638584"
                    
                    BASELINE="437 627 1219 620 1455 609 1730 609 2252 620 2368 627 2594 627" 
                    HPOS="433"
                    VPOS="585"
                    WIDTH="2157"
                    HEIGHT="91">
            <Shape><Polygon POINTS="433 676 1417 676 1452 676 1487 673 1522 673 1558 673 1593 673 1628 673 1663 673 1699 673 1734 673 1769 673 1804 673 1840 673 1875 673 1910 673 1945 673 1981 673 2016 673 2051 673 2086 673 2122 673 2157 673 2192 673 2227 673 2263 676 2298 676 2587 676 2590 623 2587 585 433 585 433 623 433 676"/></Shape>
	    <String CONTENT="של כסף וזהב ואין משעבד אלא ליוצא מן השדה הלמדת שניתנה ברכה אמ&#39; ליש&#39;"
                    HPOS="433"
                    VPOS="585"
                    WIDTH="2157"
                    HEIGHT="91"></String>
          </TextLine>

          
          
          <TextLine ID="eSc_line_1638585"
                    
                    BASELINE="387 697 1321 690 1579 680 2196 680 2315 687 2594 687" 
                    HPOS="380"
                    VPOS="648"
                    WIDTH="2210"
                    HEIGHT="92">
            <Shape><Polygon POINTS="384 694 384 740 2530 740 2566 740 2587 740 2590 683 2583 648 380 655 384 694"/></Shape>
	    <String CONTENT="שכל ברכות כלולות בה ˙ יורה שיורד ומיורה את הבריות להכניס פירותן ולהטיח"
                    HPOS="380"
                    VPOS="648"
                    WIDTH="2210"
                    HEIGHT="92"></String>
          </TextLine>

          
          
          <TextLine ID="eSc_line_1638587"
                    
                    BASELINE="451 761 856 750 2439 754 2594 745" 
                    HPOS="447"
                    VPOS="715"
                    WIDTH="2143"
                    HEIGHT="81">
            <Shape><Polygon POINTS="447 757 447 796 2587 796 2590 743 2587 715 447 715 447 757"/></Shape>
	    <String CONTENT="גגותן ולעשות כל צורכן ˙ ד&#39;א&#39; יורה שמתכוין לארץ ואינו יורד בזעף ˙ ד&#39;א"
                    HPOS="447"
                    VPOS="715"
                    WIDTH="2143"
                    HEIGHT="81"></String>
          </TextLine>

          
          
          <TextLine ID="eSc_line_1638588"
                    
                    BASELINE="423 817 1311 814 2273 814 2400 821 2594 815" 
                    HPOS="415"
                    VPOS="779"
                    WIDTH="2175"
                    HEIGHT="84">
            <Shape><Polygon POINTS="419 814 419 863 2587 863 2590 814 2583 779 415 779 419 814"/></Shape>
	    <String CONTENT="יורה שיורד ומרוה את הארץ ומשקה עד תהום כ&#39; ה&#39; א&#39; תלמיה רויה וגו&#39; יורה"
                    HPOS="415"
                    VPOS="779"
                    WIDTH="2175"
                    HEIGHT="84"></String>
          </TextLine>

          
          
          <TextLine ID="eSc_line_1638589"
                    
                    BASELINE="366 881 2594 874" 
                    HPOS="359"
                    VPOS="838"
                    WIDTH="2231"
                    HEIGHT="96">
            <Shape><Polygon POINTS="363 877 363 934 2587 916 2590 870 2583 838 359 842 363 877"/></Shape>
	    <String CONTENT="במרחשון ומלקוש בניסן את&#39; או&#39; יור&#39; במר&#39; ומלק&#39; בניסן או יורה בתשרי ומלקוש"
                    HPOS="359"
                    VPOS="838"
                    WIDTH="2231"
                    HEIGHT="96"></String>
          </TextLine>

          
          
          <TextLine ID="eSc_line_1638590"
                    
                    BASELINE="356 944 1582 951 1751 944 2002 944 2485 951 2569 944 2594 935" 
                    HPOS="348"
                    VPOS="902"
                    WIDTH="2242"
                    HEIGHT="92">
            <Shape><Polygon POINTS="352 941 348 983 2587 994 2590 934 2587 902 352 902 352 941"/></Shape>
	    <String CONTENT="באייר תל&#39; לומ&#39; בעתו תל&#39; בעתו יורה במרחשון ומלקוש בני&#39; כ&#39; ה&#39; א&#39; והורדתי הגשם"
                    HPOS="348"
                    VPOS="902"
                    WIDTH="2242"
                    HEIGHT="92"></String>
          </TextLine>

          
          
          <TextLine ID="eSc_line_1638591"
                    
                    BASELINE="405 1022 1307 1022 1438 1015 2104 1015 2319 1022 2594 1015" 
                    HPOS="401"
                    VPOS="979"
                    WIDTH="2189"
                    HEIGHT="82">
            <Shape><Polygon POINTS="401 1061 2587 1057 2590 1011 2587 979 401 979 401 1018 401 1061"/></Shape>
	    <String CONTENT="בעתו וגו&#39; או מה יורה משיר פירות שוטף זרעים וגרנות תל&#39; לו&#39; מלקוש מה"
                    HPOS="401"
                    VPOS="979"
                    WIDTH="2189"
                    HEIGHT="82"></String>
          </TextLine>

          
          
          <TextLine ID="eSc_line_1638592"
                    
                    BASELINE="317 1075 426 1085 1008 1085 1304 1075 2386 1085 2594 1079" 
                    HPOS="310"
                    VPOS="1032"
                    WIDTH="2280"
                    HEIGHT="96">
            <Shape><Polygon POINTS="313 1071 310 1120 2583 1128 2590 1078 2587 1046 313 1032 313 1071"/></Shape>
	    <String CONTENT="מלקוש לברכה אף יורה לברכה או מה מלקוש מפיל ב[](ת)ים עוקר אילנות ומעלה"
                    HPOS="310"
                    VPOS="1032"
                    WIDTH="2280"
                    HEIGHT="96"></String>
          </TextLine>

          
          
          <TextLine ID="eSc_line_1638593"
                    
                    BASELINE="430 1152 937 1152 1149 1145 2594 1145" 
                    HPOS="423"
                    VPOS="1103"
                    WIDTH="2167"
                    HEIGHT="88">
            <Shape><Polygon POINTS="426 1149 426 1191 2587 1187 2590 1142 2583 1103 423 1106 426 1149"/></Shape>
	    <String CONTENT="סקוי תל&#39; יורה מה יורה לברכה אף מלק&#39; לברכה כ&#39; ה&#39; א&#39; ובני ציון גילו ושמחו בייי"
                    HPOS="423"
                    VPOS="1103"
                    WIDTH="2167"
                    HEIGHT="88"></String>
          </TextLine>

          
          
          <TextLine ID="eSc_line_1638594"
                    
                    BASELINE="380 1223 497 1233 796 1233 976 1226 1212 1226 1402 1233 1684 1230 2594 1233" 
                    HPOS="373"
                    VPOS="1184"
                    WIDTH="2217"
                    HEIGHT="99">
            <Shape><Polygon POINTS="377 1219 373 1265 2580 1283 2590 1230 2587 1187 377 1184 377 1219"/></Shape>
	    <String CONTENT="ﭏהי&#39; וגו&#39; ˙ ואספת וג&#39; דגנך מלא תירושך מלא יצהרך מלא או ואספת דגנך"
                    HPOS="373"
                    VPOS="1184"
                    WIDTH="2217"
                    HEIGHT="99"></String>
          </TextLine>

          
          
          <TextLine ID="eSc_line_1638595"
                    
                    BASELINE="331 1300 697 1297 909 1304 1663 1300 2579 1304" 
                    HPOS="324"
                    VPOS="1258"
                    WIDTH="2252"
                    HEIGHT="88">
            <Shape><Polygon POINTS="327 1297 324 1335 2566 1346 2576 1300 2573 1258 327 1258 327 1297"/></Shape>
	    <String CONTENT="תירושך ויצהרך מפני מעוט הפירות תל&#39; והשיג לכם דיש את בציר מקיש דיש"
                    HPOS="324"
                    VPOS="1258"
                    WIDTH="2252"
                    HEIGHT="88"></String>
          </TextLine>

          
          
          <TextLine ID="eSc_line_1638596"
                    
                    BASELINE="391 1371 1864 1357 2294 1374 2579 1374" 
                    HPOS="384"
                    VPOS="1307"
                    WIDTH="2192"
                    HEIGHT="106">
            <Shape><Polygon POINTS="387 1367 387 1413 2573 1413 2576 1371 2573 1325 1720 1307 1716 1307 1713 1307 1670 1328 1667 1328 1610 1328 1036 1311 1032 1311 1029 1311 972 1328 437 1314 433 1314 430 1314 384 1332 387 1367"/></Shape>
	    <String CONTENT="לבציר מה בציר משאת מתחיל בו אי את יכול להניחו אף דיש משאת מתחיל"
                    HPOS="384"
                    VPOS="1307"
                    WIDTH="2192"
                    HEIGHT="106"></String>
          </TextLine>

          
          
          <TextLine ID="eSc_line_1638597"
                    
                    BASELINE="394 1431 2181 1427 2404 1438 2579 1432" 
                    HPOS="387"
                    VPOS="1392"
                    WIDTH="2189"
                    HEIGHT="92">
            <Shape><Polygon POINTS="391 1427 391 1484 2573 1484 2576 1431 2569 1392 387 1392 391 1427"/></Shape>
	    <String CONTENT="בו אי את יכול להניחו ˙ ד&#39;א&#39; שיהא חורש בשעת קציר וקוצר בשעת חריש"
                    HPOS="387"
                    VPOS="1392"
                    WIDTH="2189"
                    HEIGHT="92"></String>
          </TextLine>

          
          
          <TextLine ID="eSc_line_1638598"
                    
                    BASELINE="419 1501 1625 1498 1988 1501 2453 1515 2579 1510" 
                    HPOS="412"
                    VPOS="1445"
                    WIDTH="2164"
                    HEIGHT="109">
            <Shape><Polygon POINTS="415 1498 412 1540 2569 1554 2576 1508 2573 1466 828 1466 786 1462 518 1445 514 1445 415 1459 415 1498"/></Shape>
	    <String CONTENT="וכן איוב אומ&#39; וטל ילין בקצירי ˙ ואספת למ&#39; נא&#39; לפי שנ&#39; לא ימוש וגו&#39; שומע אני"
                    HPOS="412"
                    VPOS="1445"
                    WIDTH="2164"
                    HEIGHT="109"></String>
          </TextLine>

          
          
          <TextLine ID="eSc_line_1638599"
                    
                    BASELINE="423 1568 2312 1568 2579 1579" 
                    HPOS="419"
                    VPOS="1529"
                    WIDTH="2157"
                    HEIGHT="81">
            <Shape><Polygon POINTS="419 1565 419 1610 2569 1610 2576 1575 2573 1529 419 1529 419 1565"/></Shape>
	    <String CONTENT="כמשמעו תל&#39; לומ&#39; ואספת וגו&#39; דרך ארץ דיברה תורה דב&#39; ר&#39; יש&#39; ר&#39; שמע&#39; בן יוחי או&#39;"
                    HPOS="419"
                    VPOS="1529"
                    WIDTH="2157"
                    HEIGHT="81"></String>
          </TextLine>

          
          
          <TextLine ID="eSc_line_1638631"
                    
                    BASELINE="352 1649 451 1635 539 1642 740 1635 761 1635 1639 1632 2579 1635" 
                    HPOS="345"
                    VPOS="1593"
                    WIDTH="2231"
                    HEIGHT="91">
            <Shape><Polygon POINTS="348 1646 348 1674 2566 1684 2576 1632 2569 1593 345 1593 348 1646"/></Shape>
	    <String CONTENT="אין לדבר סוף קוצר בשעת קציר חורש בשעת חריש דש בש&#39; שרב זורה בשעת"
                    HPOS="345"
                    VPOS="1593"
                    WIDTH="2231"
                    HEIGHT="91"></String>
          </TextLine>

          
          
          <TextLine ID="eSc_line_1638601"
                    
                    BASELINE="430 1702 856 1695 1180 1702 1674 1702 1857 1695 2326 1695 2579 1701" 
                    HPOS="426"
                    VPOS="1660"
                    WIDTH="2150"
                    HEIGHT="88">
            <Shape><Polygon POINTS="426 1748 2569 1744 2576 1699 2573 1660 426 1660 426 1699 426 1748"/></Shape>
	    <String CONTENT="הרוח אימתי אדם לומד תורה אלא כש יש&#39; עושין רצון ה&#39;מ&#39;ק&#39;ו&#39;ם&#39; מל[כ](א)כתן נעשה"
                    HPOS="426"
                    VPOS="1660"
                    WIDTH="2150"
                    HEIGHT="88"></String>
          </TextLine>

          
          
          <TextLine ID="eSc_line_1638602"
                    
                    BASELINE="334 1773 465 1766 870 1769 1261 1758 1903 1758 2579 1768" 
                    HPOS="327"
                    VPOS="1723"
                    WIDTH="2249"
                    HEIGHT="92">
            <Shape><Polygon POINTS="331 1769 327 1797 2566 1815 2576 1766 2573 1723 331 1723 331 1769"/></Shape>
	    <String CONTENT="על ידי אחירין שנ&#39; ועמדו זרים ורעו צאנכם וגו&#39; וכשאינן עוש&#39; רצ&#39; המק&#39; מלאכתן"
                    HPOS="327"
                    VPOS="1723"
                    WIDTH="2249"
                    HEIGHT="92"></String>
          </TextLine>

          
          
          <TextLine ID="eSc_line_1638603"
                    
                    BASELINE="408 1829 2287 1829 2579 1840" 
                    HPOS="405"
                    VPOS="1790"
                    WIDTH="2171"
                    HEIGHT="81">
            <Shape><Polygon POINTS="405 1825 405 1871 2569 1868 2576 1836 2573 1790 405 1790 405 1825"/></Shape>
	    <String CONTENT="נעש&#39; על ידי עצמן ולא עוד אלא שמלאכת אחירין נעשת על ידן שנ&#39; ועבדת את"
                    HPOS="405"
                    VPOS="1790"
                    WIDTH="2171"
                    HEIGHT="81"></String>
          </TextLine>

          
          
          <TextLine ID="eSc_line_1638604"
                    
                    BASELINE="401 1889 789 1903 1392 1903 1600 1910 2579 1910" 
                    HPOS="394"
                    VPOS="1857"
                    WIDTH="2182"
                    HEIGHT="99">
            <Shape><Polygon POINTS="398 1885 394 1938 2569 1956 2576 1907 2573 1864 398 1857 398 1885"/></Shape>
	    <String CONTENT="איביך וגו&#39; ˙ ד&#39;א&#39; ואספת דג&#39; ות&#39; ויצ&#39; שתהא ארץ יש&#39; מלאה דגן תירוש ויצהר"
                    HPOS="394"
                    VPOS="1857"
                    WIDTH="2182"
                    HEIGHT="99"></String>
          </TextLine>

          
          
          <TextLine ID="eSc_line_1638611"
                    
                    BASELINE="405 1970 1639 1970 1991 1981 2576 1974" 
                    HPOS="398"
                    VPOS="1917"
                    WIDTH="2175"
                    HEIGHT="109">
            <Shape><Polygon POINTS="401 1966 398 2012 2566 2026 2573 1973 2569 1935 500 1917 497 1917 401 1931 401 1966"/></Shape>
	    <String CONTENT="וכל ארצות דואבות למלאות אותה כסף וזהב כעי&#39; שנ&#39; וילקט יוסף את כל הכסף [/]"
                    HPOS="398"
                    VPOS="1917"
                    WIDTH="2175"
                    HEIGHT="109"></String>
          </TextLine>

          
          
          <TextLine ID="eSc_line_1638613"
                    
                    BASELINE="423 2037 786 2033 1339 2051 2407 2048 2579 2058" 
                    HPOS="415"
                    VPOS="2002"
                    WIDTH="2161"
                    HEIGHT="81">
            <Shape><Polygon POINTS="419 2033 415 2076 2566 2083 2576 2055 2573 2009 419 2002 419 2033"/></Shape>
	    <String CONTENT="ואו&#39; וכימיך דבאך שיהיו כל הארצות דואבות כסף וזהב לארץ יש&#39; ˙ ד&#39;א&#39;"
                    HPOS="415"
                    VPOS="2002"
                    WIDTH="2161"
                    HEIGHT="81"></String>
          </TextLine>

          
          
          <TextLine ID="eSc_line_1638623"
                    
                    BASELINE="370 2093 853 2100 1039 2107 2308 2104 2579 2115" 
                    HPOS="363"
                    VPOS="2069"
                    WIDTH="2213"
                    HEIGHT="91">
            <Shape><Polygon POINTS="366 2090 363 2139 2566 2160 2576 2115 2573 2072 366 2069 366 2090"/></Shape>
	    <String CONTENT="דגנך כמשמעו תירשך זה דבאך היין כענ&#39; שנ&#39; כה אמר ייי כאשר ימצא התירש"
                    HPOS="363"
                    VPOS="2069"
                    WIDTH="2213"
                    HEIGHT="91"></String>
          </TextLine>

          
          
          <TextLine ID="eSc_line_1638624"
                    
                    BASELINE="444 2171 1152 2171 1332 2178 2579 2178" 
                    HPOS="437"
                    VPOS="2129"
                    WIDTH="2139"
                    HEIGHT="88">
            <Shape><Polygon POINTS="440 2167 437 2210 2569 2217 2576 2174 2573 2136 440 2129 440 2167"/></Shape>
	    <String CONTENT="וגו&#39; ˙ יצהרך זה השמן כע&#39; שנ&#39; והשיקו היקבים תירוש וגו&#39; לא כעני&#39; שנ&#39; והיה אם"
                    HPOS="437"
                    VPOS="2129"
                    WIDTH="2139"
                    HEIGHT="88"></String>
          </TextLine>

          
          
          <TextLine ID="eSc_line_1638625"
                    
                    BASELINE="412 2224 546 2238 1297 2241 1455 2248 2579 2241" 
                    HPOS="408"
                    VPOS="2185"
                    WIDTH="2168"
                    HEIGHT="99">
            <Shape><Polygon POINTS="408 2277 2569 2284 2576 2238 2573 2203 408 2185 408 2220 408 2277"/></Shape>
	    <String CONTENT="זרע יש&#39; ו&#39; מ&#39; וגו&#39; אלא כענ&#39; שנ&#39; נשבע ייי בימינו ובזרוע עזו אם אתן את דגנך עוד"
                    HPOS="408"
                    VPOS="2185"
                    WIDTH="2168"
                    HEIGHT="99"></String>
          </TextLine>

          
          
          <TextLine ID="eSc_line_1638629"
                    
                    BASELINE="352 2291 800 2305 1603 2301 1931 2315 2579 2319" 
                    HPOS="345"
                    VPOS="2259"
                    WIDTH="2231"
                    HEIGHT="92">
            <Shape><Polygon POINTS="348 2287 345 2333 2566 2351 2576 2315 2573 2266 348 2259 348 2287"/></Shape>
	    <String CONTENT="מאכל וגו&#39; כי מאספיו יאכל&#39; ˙ פ&#39; ונתתי עשב בש&#39; לבהמ&#39; שלא תהא מצטער"
                    HPOS="345"
                    VPOS="2259"
                    WIDTH="2231"
                    HEIGHT="92"></String>
          </TextLine>

          
          
          <TextLine ID="eSc_line_1638626"
                    
                    BASELINE="405 2365 1209 2375 2453 2372 2579 2381" 
                    HPOS="398"
                    VPOS="2330"
                    WIDTH="2178"
                    HEIGHT="95">
            <Shape><Polygon POINTS="401 2361 398 2407 2566 2425 2576 2379 2573 2333 401 2330 401 2361"/></Shape>
	    <String CONTENT="למדברות א&#39; א&#39; של&#39; תה&#39; מצ&#39; למדב&#39; או אינו אלא ונתתי עש&#39; בש&#39; לבה&#39; במשמעו תל&#39; לומ&#39;"
                    HPOS="398"
                    VPOS="2330"
                    WIDTH="2178"
                    HEIGHT="95"></String>
          </TextLine>

          
          
          <TextLine ID="eSc_line_1638627"
                    
                    BASELINE="373 2428 863 2439 1741 2439 1924 2446 2319 2442 2579 2452" 
                    HPOS="366"
                    VPOS="2397"
                    WIDTH="2210"
                    HEIGHT="88">
            <Shape><Polygon POINTS="370 2425 366 2474 2566 2485 2576 2449 2573 2407 370 2397 370 2425"/></Shape>
	    <String CONTENT="ואכלת ושבעת הא מה אני מקי&#39; ונת&#39; עש&#39; בש&#39; לבהמתך של&#39; תה&#39; מצטער למדברות ˙"
                    HPOS="366"
                    VPOS="2397"
                    WIDTH="2210"
                    HEIGHT="88"></String>
          </TextLine>

          
          
          <TextLine ID="eSc_line_1638630"
                    
                    BASELINE="370 2502 814 2502 962 2509 1251 2509 1413 2516 2418 2513 2569 2520" 
                    HPOS="366"
                    VPOS="2467"
                    WIDTH="2200"
                    HEIGHT="88">
            <Shape><Polygon POINTS="366 2548 2555 2555 2566 2516 2562 2471 366 2467 366 2499 366 2548"/></Shape>
	    <String CONTENT="ר&#39; יהודה בן בבא או&#39; ונתתי עש&#39; בש&#39; לבה&#39; בין התחומין ר&#39; שמע&#39; בן יוחי או&#39; ונתתי עש&#39;"
                    HPOS="366"
                    VPOS="2467"
                    WIDTH="2200"
                    HEIGHT="88"></String>
          </TextLine>

          
          
          <TextLine ID="eSc_line_1638628"
                    
                    BASELINE="313 2573 1716 2569 2196 2587 2572 2580" 
                    HPOS="306"
                    VPOS="2538"
                    WIDTH="2263"
                    HEIGHT="84">
            <Shape><Polygon POINTS="310 2569 306 2608 2562 2622 2569 2576 2566 2538 310 2538 310 2569"/></Shape>
	    <String CONTENT="בש&#39; לבה&#39; שתהא גוזז ומשליך לפני בהמתך כל ימות הגשמים ואת מונע ידך ממנה"
                    HPOS="306"
                    VPOS="2538"
                    WIDTH="2263"
                    HEIGHT="84"></String>
          </TextLine>

          
          
          <TextLine ID="eSc_line_1638610"
                    
                    BASELINE="391 2643 1903 2640 2217 2654 2572 2657" 
                    HPOS="384"
                    VPOS="2604"
                    WIDTH="2185"
                    HEIGHT="85">
            <Shape><Polygon POINTS="387 2640 384 2682 2559 2689 2569 2654 2566 2604 387 2604 387 2640"/></Shape>
	    <String CONTENT="קודם לקציר ל&#39; יום והיא עושה ואינה פוחתת מדגנה ˙ רבי או&#39; ונת&#39; עש&#39; בש&#39; לבהמ&#39;"
                    HPOS="384"
                    VPOS="2604"
                    WIDTH="2185"
                    HEIGHT="85"></String>
          </TextLine>

          
          
          <TextLine ID="eSc_line_1638612"
                    
                    BASELINE="412 2696 683 2696 863 2703 1903 2703 2192 2714 2322 2710 2572 2716" 
                    HPOS="405"
                    VPOS="2664"
                    WIDTH="2164"
                    HEIGHT="81">
            <Shape><Polygon POINTS="408 2693 405 2738 2559 2745 2569 2714 2566 2671 408 2664 408 2693"/></Shape>
	    <String CONTENT="זה פישתן כ&#39; ה&#39; א&#39; מצמיח חציר לבה&#39; ˙ ואכלת ושבעת סימן טוב לאדם כשבהמתו"
                    HPOS="405"
                    VPOS="2664"
                    WIDTH="2164"
                    HEIGHT="81"></String>
          </TextLine>

          
          
          <TextLine ID="eSc_line_1638608"
                    
                    BASELINE="412 2767 1889 2767 2143 2781 2572 2784" 
                    HPOS="405"
                    VPOS="2731"
                    WIDTH="2164"
                    HEIGHT="92">
            <Shape><Polygon POINTS="408 2763 405 2809 2559 2823 2569 2781 2566 2735 408 2731 408 2763"/></Shape>
	    <String CONTENT="אוכלת ושביעה כע&#39; האמ&#39; יודע צדיק נפש בהמתו וג&#39; ואכלת ושב&#39; כשבהמתך"
                    HPOS="405"
                    VPOS="2731"
                    WIDTH="2164"
                    HEIGHT="92"></String>
          </TextLine>

          
          
          <TextLine ID="eSc_line_1638621"
                    
                    BASELINE="539 2830 927 2841 1959 2834 2572 2844" 
                    HPOS="532"
                    VPOS="2791"
                    WIDTH="2037"
                    HEIGHT="85">
            <Shape><Polygon POINTS="535 2827 532 2872 2559 2876 2569 2841 2566 2798 535 2791 535 2827"/></Shape>
	    <String CONTENT="אוכלת ושביעה עובדת בכח את האדמה שנ&#39; ורוב תבואות בכח שור ˙ ד&#39;א&#39;"
                    HPOS="532"
                    VPOS="2791"
                    WIDTH="2037"
                    HEIGHT="85"></String>
          </TextLine>

          
          
          <TextLine ID="eSc_line_1638607"
                    
                    BASELINE="377 2897 1924 2894 2358 2908 2572 2908" 
                    HPOS="370"
                    VPOS="2862"
                    WIDTH="2199"
                    HEIGHT="88">
            <Shape><Polygon POINTS="373 2894 370 2943 2562 2950 2569 2904 2566 2862 373 2862 373 2894"/></Shape>
	    <String CONTENT="ואכלת ושב&#39; מן הולדות אף על פי שאין ראיה לדבר זכר לדבר ובאו ורננו במ&#39; ציון"
                    HPOS="370"
                    VPOS="2862"
                    WIDTH="2199"
                    HEIGHT="88"></String>
          </TextLine>

          
          
          <TextLine ID="eSc_line_1638618"
                    
                    BASELINE="398 2953 1068 2961 1293 2968 1935 2964 2104 2971 2294 2971 2404 2978 2506 2978 2572 2965" 
                    HPOS="391"
                    VPOS="2918"
                    WIDTH="2178"
                    HEIGHT="92">
            <Shape><Polygon POINTS="394 2950 391 2996 2566 3010 2569 2964 2566 2932 394 2918 394 2950"/></Shape>
	    <String CONTENT="ונהרו וגו&#39; ˙ פ&#39; ואכלת וש&#39; השמרו לכם אמ&#39; להן היזהרו שמא תמרדו במקום"
                    HPOS="391"
                    VPOS="2918"
                    WIDTH="2178"
                    HEIGHT="92"></String>
          </TextLine>

          
          
          <TextLine ID="eSc_line_1638609"
                    
                    BASELINE="447 3027 789 3038 1991 3035 2340 3045 2572 3045" 
                    HPOS="440"
                    VPOS="2992"
                    WIDTH="2129"
                    HEIGHT="85">
            <Shape><Polygon POINTS="444 3024 440 3073 2562 3077 2569 3042 2566 2996 444 2992 444 3024"/></Shape>
	    <String CONTENT="שאין אדם מורד במקו&#39; אלא מתוך שובע שנ&#39; פן תאכל ושבעת וגו&#39; ובקרך וצא&#39;"
                    HPOS="440"
                    VPOS="2992"
                    WIDTH="2129"
                    HEIGHT="85"></String>
          </TextLine>

          
          
          <TextLine ID="eSc_line_1638586"
                    
                    BASELINE="408 3098 574 3109 1963 3105 2467 3123 2572 3118" 
                    HPOS="401"
                    VPOS="3063"
                    WIDTH="2168"
                    HEIGHT="91">
            <Shape><Polygon POINTS="405 3094 401 3154 578 3154 613 3154 648 3154 683 3154 719 3154 754 3154 789 3154 824 3154 860 3154 2566 3154 2569 3116 2566 3066 405 3063 405 3094"/></Shape>
	    <String CONTENT="ירבי&#39; מהו אומ&#39; ורם לבבך כיוצ&#39; בדב&#39; את&#39; או&#39; כי אביאנו אל האר&#39; וגו&#39; כי ב&#39; א&#39; א&#39; וישב"
                    HPOS="401"
                    VPOS="3063"
                    WIDTH="2168"
                    HEIGHT="91"></String>
          </TextLine>

          
          
          <TextLine ID="eSc_line_1638619"
                    
                    BASELINE="433 3168 676 3161 1674 3179 2365 3176 2572 3186" 
                    HPOS="426"
                    VPOS="3123"
                    WIDTH="2143"
                    HEIGHT="102">
            <Shape><Polygon POINTS="430 3165 426 3200 2559 3225 2569 3183 2566 3144 430 3123 430 3165"/></Shape>
	    <String CONTENT="העם לאכל וש&#39; מהו או&#39; עשו להם עגל מסכה כי&#39; בד&#39; את&#39; או&#39; וכן את מוצא באנשי"
                    HPOS="426"
                    VPOS="3123"
                    WIDTH="2143"
                    HEIGHT="102"></String>
          </TextLine>

          
          
          <TextLine ID="eSc_line_1638614"
                    
                    BASELINE="437 3228 712 3228 895 3235 1857 3235 2368 3250 2572 3250" 
                    HPOS="430"
                    VPOS="3193"
                    WIDTH="2139"
                    HEIGHT="99">
            <Shape><Polygon POINTS="433 3225 430 3271 2562 3292 2569 3246 2566 3204 433 3193 433 3225"/></Shape>
	    <String CONTENT="דור המבול שלא מרדו אלא מתוך שבע מה נא&#39; בהן בתיהם שלום מפחד וגו&#39; [/]"
                    HPOS="430"
                    VPOS="3193"
                    WIDTH="2139"
                    HEIGHT="99"></String>
          </TextLine>

          
          
          <TextLine ID="eSc_line_1638617"
                    
                    BASELINE="430 3292 1149 3306 2009 3302 2189 3306 2326 3317 2572 3320" 
                    HPOS="423"
                    VPOS="3260"
                    WIDTH="2146"
                    HEIGHT="88">
            <Shape><Polygon POINTS="426 3288 423 3334 2559 3348 2569 3317 2566 3274 426 3260 426 3288"/></Shape>
	    <String CONTENT="שורו עבר וגו&#39; ישלחו כצ&#39; עוי&#39; וגו&#39; יבלו ימיהם בטוב וגו&#39; היא גרמה להן ויאמרו"
                    HPOS="423"
                    VPOS="3260"
                    WIDTH="2146"
                    HEIGHT="88"></String>
          </TextLine>

          
          
          <TextLine ID="eSc_line_1638620"
                    
                    BASELINE="444 3359 1237 3359 1360 3362 1476 3373 2474 3373 2572 3378" 
                    HPOS="437"
                    VPOS="3334"
                    WIDTH="2132"
                    HEIGHT="92">
            <Shape><Polygon POINTS="440 3355 437 3412 2559 3426 2569 3376 2566 3334 440 3334 440 3355"/></Shape>
	    <String CONTENT="לﭏ סור ממנו מה שדי כי נעבדנו וגו&#39; אמרו טיפה אחת גשמים היא אין אנו [צר&#39;]"
                    HPOS="437"
                    VPOS="3334"
                    WIDTH="2132"
                    HEIGHT="92"></String>
          </TextLine>

          
          
          <TextLine ID="eSc_line_1638616"
                    
                    BASELINE="440 3436 1022 3436 1357 3447 2432 3443 2572 3448" 
                    HPOS="433"
                    VPOS="3405"
                    WIDTH="2136"
                    HEIGHT="91">
            <Shape><Polygon POINTS="437 3433 433 3482 2559 3496 2569 3447 2566 3405 437 3405 437 3433"/></Shape>
	    <String CONTENT="צריכין לו ואיד יעלה מן הארץ אמ&#39; להן המק&#39; בטובה שהיטבותי לכם בה אתם"
                    HPOS="433"
                    VPOS="3405"
                    WIDTH="2136"
                    HEIGHT="91"></String>
          </TextLine>

          
          
          <TextLine ID="eSc_line_1638605"
                    
                    BASELINE="426 3500 824 3500 1142 3510 1787 3510 1804 3507 2012 3517 2495 3517 2572 3509" 
                    HPOS="419"
                    VPOS="3454"
                    WIDTH="2150"
                    HEIGHT="109">
            <Shape><Polygon POINTS="423 3496 419 3553 2562 3563 2569 3507 2566 3479 423 3454 423 3496"/></Shape>
	    <String CONTENT="מתגאין לפני בה אני נפרע מכם ויהי הגשם על הארץ וגו&#39; ר&#39; יוסי בן דורמסקית"
                    HPOS="419"
                    VPOS="3454"
                    WIDTH="2150"
                    HEIGHT="109"></String>
          </TextLine>

          
          
          <TextLine ID="eSc_line_1638606"
                    
                    BASELINE="458 3570 1233 3570 1529 3588 2572 3581" 
                    HPOS="451"
                    VPOS="3528"
                    WIDTH="2118"
                    HEIGHT="123">
            <Shape><Polygon POINTS="454 3567 454 3641 2562 3651 2569 3577 2566 3542 451 3528 454 3567"/></Shape>
	    <String CONTENT="אומ&#39; הם נתנו עיניהם עליונה ותחתונה כדי לעשות תאוותן אף ה&#39;מ&#39;ק&#39;ו&#39;ם&#39; פתח"
                    HPOS="451"
                    VPOS="3528"
                    WIDTH="2118"
                    HEIGHT="123"></String>
          </TextLine>

          
        </TextBlock>
        

        
      </PrintSpace>
    </Page>
  </Layout>
</alto>
