<?xml version="1.0" encoding="UTF-8"?>
<alto xmlns:xsi="http://www.w3.org/2001/XMLSchema-instance"
      xmlns="http://www.loc.gov/standards/alto/ns-v4#"
      xsi:schemaLocation="http://www.loc.gov/standards/alto/ns-v4# http://www.loc.gov/standards/alto/v4/alto-4-2.xsd">
  <Description>
    <MeasurementUnit>pixel</MeasurementUnit>
    <sourceImageInformation>
      <fileName>MsParm3173_F13911_0036.jpg</fileName>
      
    </sourceImageInformation>
  </Description>
  
  <Tags>
    <OtherTag ID="BT1" LABEL="Title" DESCRIPTION="block type Title"/><OtherTag ID="BT2" LABEL="Main" DESCRIPTION="block type Main"/><OtherTag ID="BT3" LABEL="Commentary" DESCRIPTION="block type Commentary"/><OtherTag ID="BT4" LABEL="Illustration" DESCRIPTION="block type Illustration"/><OtherTag ID="BT830" LABEL="Margin" DESCRIPTION="block type Margin"/><OtherTag ID="BT831" LABEL="Hole" DESCRIPTION="block type Hole"/><OtherTag ID="BT832" LABEL="Paratext" DESCRIPTION="block type Paratext"/>
    <OtherTag ID="LT2" LABEL="Numbering" DESCRIPTION="line type Numbering"/><OtherTag ID="LT3" LABEL="Correction" DESCRIPTION="line type Correction"/><OtherTag ID="LT501" LABEL="Gloss" DESCRIPTION="line type Gloss"/>
  </Tags>
  
  <Layout>
    <Page WIDTH="3066"
          HEIGHT="4088"
          PHYSICAL_IMG_NR="28"
          ID="eSc_dummypage_">
      <PrintSpace HPOS="0"
                  VPOS="0"
                  WIDTH="3066"
                  HEIGHT="4088">
        
        <TextBlock HPOS="1764.0"
                   VPOS="630.0"
                   WIDTH="1022.0"
                   HEIGHT="2442.0"
                   ID="eSc_textblock_47061"
                   TAGREFS="BT2">
          <Shape><Polygon POINTS="1806 630 2786 634 2725 3072 1764 3057"/></Shape>
          
          
          <TextLine ID="eSc_line_1930319"
                    
                    BASELINE="1815 674 2765 684" 
                    HPOS="1808.0"
                    VPOS="630.0"
                    WIDTH="954.0"
                    HEIGHT="95.0">
            <Shape><Polygon POINTS="2698 633 2664 633 2629 633 2595 633 2575 633 2565 637 2544 633 2527 633 2493 633 2459 633 2425 633 2391 633 2374 633 2357 633 2323 633 2289 630 2265 630 2258 633 2244 630 2221 630 2187 630 2153 630 2118 630 2084 630 2050 630 2016 630 1982 630 1948 630 1914 630 1880 630 1846 630 1812 630 1812 671 1808 718 2752 725 2762 681 2759 640 2711 633 2698 633"/></Shape>
	    <String CONTENT="מגורה ייקפנה ואם כן למה אמרו תרומה [ע&#39;]"
                    HPOS="1808.0"
                    VPOS="630.0"
                    WIDTH="954.0"
                    HEIGHT="95.0"></String>
          </TextLine>

          
          
          <TextLine ID="eSc_line_7c99ea86"
                    TAGREFS="LT2"
                    BASELINE="2405 708 2449 712" 
                    HPOS="2394.0"
                    VPOS="688.0"
                    WIDTH="51.0"
                    HEIGHT="54.0">
            <Shape><Polygon POINTS="2401 705 2394 742 2435 742 2445 711 2442 691 2401 688 2401 705"/></Shape>
	    <String CONTENT="א"
                    HPOS="2394.0"
                    VPOS="688.0"
                    WIDTH="51.0"
                    HEIGHT="54.0"></String>
          </TextLine>

          
          
          <TextLine ID="eSc_line_61c10c38"
                    TAGREFS="LT2"
                    BASELINE="2517 718 2557 715" 
                    HPOS="2510.0"
                    VPOS="694.0"
                    WIDTH="45.0"
                    HEIGHT="52.0">
            <Shape><Polygon POINTS="2514 746 2548 746 2551 746 2555 711 2548 694 2510 694 2514 715"/></Shape>
	    <String CONTENT="ב"
                    HPOS="2510.0"
                    VPOS="694.0"
                    WIDTH="45.0"
                    HEIGHT="52.0"></String>
          </TextLine>

          
          
          <TextLine ID="eSc_line_1930320"
                    
                    BASELINE="1815 748 1914 756 2507 752 2633 756 2765 747" 
                    HPOS="1808.0"
                    VPOS="705.0"
                    WIDTH="954.0"
                    HEIGHT="81.0">
            <Shape><Polygon POINTS="1812 746 1812 786 2759 783 2762 746 2755 705 1808 705 1812 746"/></Shape>
	    <String CONTENT="עולה באחד ומאה בשאינו ידוע אם בלולות"
                    HPOS="1808.0"
                    VPOS="705.0"
                    WIDTH="954.0"
                    HEIGHT="81.0"></String>
          </TextLine>

          
          
          <TextLine ID="eSc_line_1930273"
                    
                    BASELINE="1815 808 2323 817 2718 817 2765 827" 
                    HPOS="1808.0"
                    VPOS="773.0"
                    WIDTH="954.0"
                    HEIGHT="88.0">
            <Shape><Polygon POINTS="1812 807 1808 848 2749 861 2762 824 2759 773 1812 773 1812 807"/></Shape>
	    <String CONTENT="הן או לאיין נפלה ˙ ¶ יב&#39; שתי קופות"
                    HPOS="1808.0"
                    VPOS="773.0"
                    WIDTH="954.0"
                    HEIGHT="88.0"></String>
          </TextLine>

          
          
          <TextLine ID="eSc_line_1930321"
                    
                    BASELINE="1815 875 2435 875 2578 882 2765 875" 
                    HPOS="1808.0"
                    VPOS="834.0"
                    WIDTH="954.0"
                    HEIGHT="85.0">
            <Shape><Polygon POINTS="1812 872 1812 919 2759 912 2762 872 2759 841 1808 834 1812 872"/></Shape>
	    <String CONTENT="שתי מגורות שנפלה סאה תרומה לתוך"
                    HPOS="1808.0"
                    VPOS="834.0"
                    WIDTH="954.0"
                    HEIGHT="85.0"></String>
          </TextLine>

          
          
          <TextLine ID="eSc_line_1930244"
                    
                    BASELINE="1815 947 2687 953 2765 960" 
                    HPOS="1808.0"
                    VPOS="906.0"
                    WIDTH="954.0"
                    HEIGHT="85.0">
            <Shape><Polygon POINTS="1812 943 1808 991 2755 991 2762 957 2759 912 1812 906 1812 943"/></Shape>
	    <String CONTENT="אחת מהן ואין ידוע לאי זו מהן נפלה [מע&#39;]"
                    HPOS="1808.0"
                    VPOS="906.0"
                    WIDTH="954.0"
                    HEIGHT="85.0"></String>
          </TextLine>

          
          
          <TextLine ID="eSc_line_1930274"
                    
                    BASELINE="1815 1015 1873 1022 2490 1011 2650 1011 2765 1018" 
                    HPOS="1808.0"
                    VPOS="960.0"
                    WIDTH="954.0"
                    HEIGHT="113.0">
            <Shape><Polygon POINTS="1812 1011 1812 1056 1989 1073 1992 1073 2095 1056 2108 1056 2759 1056 2762 1015 2759 970 2217 960 2214 960 1808 981 1812 1011"/></Shape>
	    <String CONTENT="מעלות זו את זו ר&#39; שמע&#39; או&#39; אפילו הן [ב&#39;]"
                    HPOS="1808.0"
                    VPOS="960.0"
                    WIDTH="954.0"
                    HEIGHT="113.0"></String>
          </TextLine>

          
          
          <TextLine ID="eSc_line_1930245"
                    
                    BASELINE="1843 1090 2765 1083" 
                    HPOS="1836.0"
                    VPOS="1045.0"
                    WIDTH="926.0"
                    HEIGHT="82.0">
            <Shape><Polygon POINTS="1839 1086 1839 1127 2759 1120 2762 1079 2755 1045 1836 1049 1839 1086"/></Shape>
	    <String CONTENT="בשתי עיירות מעלות זו את זו ˙ ¶ י&#39;ג&#39;"
                    HPOS="1836.0"
                    VPOS="1045.0"
                    WIDTH="926.0"
                    HEIGHT="82.0"></String>
          </TextLine>

          
          
          <TextLine ID="eSc_line_1930301"
                    
                    BASELINE="1815 1154 2159 1154 2296 1148 2749 1154" 
                    HPOS="1808.0"
                    VPOS="1110.0"
                    WIDTH="937.0"
                    HEIGHT="75.0">
            <Shape><Polygon POINTS="1812 1151 1808 1185 2738 1185 2745 1151 2742 1110 1812 1110 1812 1151"/></Shape>
	    <String CONTENT="אמ&#39;ר&#39; יוסי מעשה בא לפני ר&#39; עקיבה [בח&#39;]"
                    HPOS="1808.0"
                    VPOS="1110.0"
                    WIDTH="937.0"
                    HEIGHT="75.0"></String>
          </TextLine>

          
          
          <TextLine ID="eSc_line_1930246"
                    
                    BASELINE="1815 1202 1904 1212 2313 1212 2704 1212 2748 1221" 
                    HPOS="1808.0"
                    VPOS="1161.0"
                    WIDTH="937.0"
                    HEIGHT="89.0">
            <Shape><Polygon POINTS="1812 1199 1808 1243 2732 1250 2745 1219 2742 1175 1812 1161 1812 1199"/></Shape>
	    <String CONTENT="בחמישים אגודות שלירק שנפלה אחת [ל&#39;]"
                    HPOS="1808.0"
                    VPOS="1161.0"
                    WIDTH="937.0"
                    HEIGHT="89.0"></String>
          </TextLine>

          
          
          <TextLine ID="eSc_line_1930305"
                    
                    BASELINE="1815 1265 1883 1274 2748 1274" 
                    HPOS="1808.0"
                    VPOS="1233.0"
                    WIDTH="937.0"
                    HEIGHT="75.0">
            <Shape><Polygon POINTS="1812 1263 1808 1308 2742 1308 2745 1270 2742 1233 1812 1233 1812 1263"/></Shape>
	    <String CONTENT="לתוכן חצייה תרומה ואמרתי לפניו תעלה"
                    HPOS="1808.0"
                    VPOS="1233.0"
                    WIDTH="937.0"
                    HEIGHT="75.0"></String>
          </TextLine>

          
          
          <TextLine ID="eSc_line_1930316"
                    
                    BASELINE="1815 1334 1979 1342 2578 1342 2748 1334" 
                    HPOS="1808.0"
                    VPOS="1297.0"
                    WIDTH="937.0"
                    HEIGHT="79.0">
            <Shape><Polygon POINTS="1812 1332 1812 1376 2742 1369 2745 1332 2742 1297 1808 1297 1812 1332"/></Shape>
	    <String CONTENT="לא שהתרומה עולה בחמשים ואחד אלא"
                    HPOS="1808.0"
                    VPOS="1297.0"
                    WIDTH="937.0"
                    HEIGHT="79.0"></String>
          </TextLine>

          
          
          <TextLine ID="eSc_line_1930270"
                    
                    BASELINE="2047 1386 2354 1400 2748 1393" 
                    HPOS="2040.0"
                    VPOS="1352.0"
                    WIDTH="705.0"
                    HEIGHT="78.0">
            <Shape><Polygon POINTS="2044 1383 2040 1430 2742 1430 2745 1389 2742 1359 2044 1352 2044 1383"/></Shape>
	    <String CONTENT="שהיו שם מאה ושני חציים ˙"
                    HPOS="2040.0"
                    VPOS="1352.0"
                    WIDTH="705.0"
                    HEIGHT="78.0"></String>
          </TextLine>

          
          
          <TextLine ID="eSc_line_1930261"
                    
                    BASELINE="1924 1447 2354 1461 2568 1454 2681 1468" 
                    HPOS="1917.0"
                    VPOS="1400.0"
                    WIDTH="760.0"
                    HEIGHT="92.0">
            <Shape><Polygon POINTS="1921 1444 1917 1478 2667 1492 2677 1464 2677 1434 2531 1410 2527 1410 2524 1410 2459 1427 2452 1427 2442 1427 2350 1406 2347 1406 2275 1420 2258 1423 2224 1420 2074 1400 2071 1400 1921 1410 1921 1444"/></Shape>
	    <String CONTENT="פרק ד&#39; הל&#39; י&#39;ג&#39; ¶ פרק ה&#39;"
                    HPOS="1917.0"
                    VPOS="1400.0"
                    WIDTH="760.0"
                    HEIGHT="92.0"></String>
          </TextLine>

          
          
          <TextLine ID="eSc_line_1930277"
                    
                    BASELINE="1815 1495 2057 1505 2694 1505 2748 1497" 
                    HPOS="1808.0"
                    VPOS="1454.0"
                    WIDTH="937.0"
                    HEIGHT="82.0">
            <Shape><Polygon POINTS="2660 1464 2626 1461 2592 1458 2575 1454 1812 1461 1812 1492 1808 1533 2738 1536 2745 1495 2738 1454 2664 1454 2660 1464"/></Shape>
	    <String CONTENT="¶ סאה תרומה טמיאה שנפלה לפחות ממאה"
                    HPOS="1808.0"
                    VPOS="1454.0"
                    WIDTH="937.0"
                    HEIGHT="82.0"></String>
          </TextLine>

          
          
          <TextLine ID="eSc_line_1930280"
                    
                    BASELINE="1815 1553 1931 1560 2040 1556 2285 1563 2520 1563 2657 1556 2748 1561" 
                    HPOS="1808.0"
                    VPOS="1519.0"
                    WIDTH="937.0"
                    HEIGHT="82.0">
            <Shape><Polygon POINTS="1812 1550 1808 1594 2735 1601 2745 1560 2742 1526 1812 1519 1812 1550"/></Shape>
	    <String CONTENT="חולין או למעשר ראשון או למעשר שיני"
                    HPOS="1808.0"
                    VPOS="1519.0"
                    WIDTH="937.0"
                    HEIGHT="82.0"></String>
          </TextLine>

          
          
          <TextLine ID="eSc_line_1930308"
                    
                    BASELINE="1809 1615 2258 1628 2748 1621" 
                    HPOS="1805.0"
                    VPOS="1584.0"
                    WIDTH="940.0"
                    HEIGHT="71.0">
            <Shape><Polygon POINTS="1808 1614 1805 1655 2742 1655 2745 1618 2738 1584 1808 1584 1808 1614"/></Shape>
	    <String CONTENT="או להקדש בין טמיאין בין טהורין ירקבו"
                    HPOS="1805.0"
                    VPOS="1584.0"
                    WIDTH="940.0"
                    HEIGHT="71.0"></String>
          </TextLine>

          
          
          <TextLine ID="eSc_line_1930281"
                    
                    BASELINE="1809 1679 2602 1686 2748 1676" 
                    HPOS="1805.0"
                    VPOS="1645.0"
                    WIDTH="940.0"
                    HEIGHT="85.0">
            <Shape><Polygon POINTS="1808 1676 1805 1716 2738 1730 2745 1672 2742 1648 1808 1645 1808 1676"/></Shape>
	    <String CONTENT="אם טהורה היתה אותה סאה יימכרו לכהנים"
                    HPOS="1805.0"
                    VPOS="1645.0"
                    WIDTH="940.0"
                    HEIGHT="85.0"></String>
          </TextLine>

          
          
          <TextLine ID="eSc_line_1930309"
                    
                    BASELINE="1809 1744 2748 1751" 
                    HPOS="1805.0"
                    VPOS="1706.0"
                    WIDTH="940.0"
                    HEIGHT="79.0">
            <Shape><Polygon POINTS="1808 1740 1805 1778 2735 1785 2745 1747 2742 1713 1808 1706 1808 1740"/></Shape>
	    <String CONTENT="בדמי תרומה חוץ מדמי אותה סאה ואם [למ&#39;]"
                    HPOS="1805.0"
                    VPOS="1706.0"
                    WIDTH="940.0"
                    HEIGHT="79.0"></String>
          </TextLine>

          
          
          <TextLine ID="eSc_line_1930310"
                    
                    BASELINE="1809 1811 1962 1819 2728 1812" 
                    HPOS="1805.0"
                    VPOS="1774.0"
                    WIDTH="920.0"
                    HEIGHT="92.0">
            <Shape><Polygon POINTS="1808 1808 1808 1856 2718 1866 2725 1808 2718 1774 1805 1774 1808 1808"/></Shape>
	    <String CONTENT="למעשר ראשון נפלה יקרא שם לתרומת [מ&#39;]"
                    HPOS="1805.0"
                    VPOS="1774.0"
                    WIDTH="920.0"
                    HEIGHT="92.0"></String>
          </TextLine>

          
          
          <TextLine ID="eSc_line_1930282"
                    
                    BASELINE="1809 1881 1928 1887 2122 1883 2292 1890 2609 1883 2733 1890" 
                    HPOS="1805.0"
                    VPOS="1843.0"
                    WIDTH="927.0"
                    HEIGHT="81.0">
            <Shape><Polygon POINTS="1808 1880 1808 1924 2725 1924 2732 1887 2728 1846 1805 1843 1808 1880"/></Shape>
	    <String CONTENT="מעשר ואם למעשר שיני או להקדש נפלה"
                    HPOS="1805.0"
                    VPOS="1843.0"
                    WIDTH="927.0"
                    HEIGHT="81.0"></String>
          </TextLine>

          
          
          <TextLine ID="eSc_line_1930311"
                    
                    BASELINE="1809 1947 1866 1955 2122 1952 2258 1958 2733 1948" 
                    HPOS="1805.0"
                    VPOS="1911.0"
                    WIDTH="927.0"
                    HEIGHT="81.0">
            <Shape><Polygon POINTS="1808 1945 1808 1992 2728 1989 2732 1945 2725 1911 1805 1917 1808 1945"/></Shape>
	    <String CONTENT="הרי אלו יפדו ואם טמיאין היו אותן החולין"
                    HPOS="1805.0"
                    VPOS="1911.0"
                    WIDTH="927.0"
                    HEIGHT="81.0"></String>
          </TextLine>

          
          
          <TextLine ID="eSc_line_1930283"
                    
                    BASELINE="1809 2021 2394 2030 2733 2023" 
                    HPOS="1805.0"
                    VPOS="1982.0"
                    WIDTH="927.0"
                    HEIGHT="82.0">
            <Shape><Polygon POINTS="1808 2020 1805 2064 2728 2061 2732 2020 2728 1982 1808 1982 1808 2020"/></Shape>
	    <String CONTENT="ייאכלו ניקודים או קליות או יילושו ˙˙ במי"
                    HPOS="1805.0"
                    VPOS="1982.0"
                    WIDTH="927.0"
                    HEIGHT="82.0"></String>
          </TextLine>

          
          
          <TextLine ID="eSc_line_1930284"
                    
                    BASELINE="1809 2091 2733 2091" 
                    HPOS="1808.0"
                    VPOS="2054.0"
                    WIDTH="924.0"
                    HEIGHT="85.0">
            <Shape><Polygon POINTS="1808 2088 1808 2135 2728 2139 2732 2088 2732 2054 1808 2054 1808 2088"/></Shape>
	    <String CONTENT="פירות או ייתחלקו לעיסות כדי שלא ˙˙ יהי"
                    HPOS="1808.0"
                    VPOS="2054.0"
                    WIDTH="924.0"
                    HEIGHT="85.0"></String>
          </TextLine>

          
          
          <TextLine ID="eSc_line_1930285"
                    
                    BASELINE="1788 2147 2227 2153 2411 2159 2728 2149" 
                    HPOS="1781.0"
                    VPOS="2115.0"
                    WIDTH="944.0"
                    HEIGHT="65.0">
            <Shape><Polygon POINTS="1785 2146 1785 2180 2721 2180 2725 2146 2721 2115 1781 2115 1785 2146"/></Shape>
	    <String CONTENT="במקום אחד כביצה ˙ ¶ ב&#39; סאה ˙˙ תרומה"
                    HPOS="1781.0"
                    VPOS="2115.0"
                    WIDTH="944.0"
                    HEIGHT="65.0"></String>
          </TextLine>

          
          
          <TextLine ID="eSc_line_1930286"
                    
                    BASELINE="1788 2209 1972 2207 2360 2221 2733 2211" 
                    HPOS="1781.0"
                    VPOS="2176.0"
                    WIDTH="951.0"
                    HEIGHT="72.0">
            <Shape><Polygon POINTS="1785 2207 1781 2244 2725 2248 2732 2210 2728 2180 1785 2176 1785 2207"/></Shape>
	    <String CONTENT="טמאה שנפלה למאה חולין טהורין ר&#39; אליע&#39;"
                    HPOS="1781.0"
                    VPOS="2176.0"
                    WIDTH="951.0"
                    HEIGHT="72.0"></String>
          </TextLine>

          
          
          <TextLine ID="eSc_line_1930287"
                    
                    BASELINE="1788 2268 2733 2282" 
                    HPOS="1781.0"
                    VPOS="2234.0"
                    WIDTH="951.0"
                    HEIGHT="75.0">
            <Shape><Polygon POINTS="1785 2265 1781 2299 2721 2309 2732 2279 2728 2248 1785 2234 1785 2265"/></Shape>
	    <String CONTENT="או&#39; תירום ותישרף שני אומ&#39; סאה שנפלה"
                    HPOS="1781.0"
                    VPOS="2234.0"
                    WIDTH="951.0"
                    HEIGHT="75.0"></String>
          </TextLine>

          
          
          <TextLine ID="eSc_line_1930288"
                    
                    BASELINE="1788 2324 2268 2336 2640 2333 2733 2338" 
                    HPOS="1781.0"
                    VPOS="2289.0"
                    WIDTH="951.0"
                    HEIGHT="78.0">
            <Shape><Polygon POINTS="1785 2323 1781 2367 2725 2367 2732 2336 2728 2299 1785 2289 1785 2323"/></Shape>
	    <String CONTENT="היא סאה שעלת וחכמ&#39; אומ&#39; תעלה ותאכל"
                    HPOS="1781.0"
                    VPOS="2289.0"
                    WIDTH="951.0"
                    HEIGHT="78.0"></String>
          </TextLine>

          
          
          <TextLine ID="eSc_line_1930289"
                    
                    BASELINE="1788 2379 2241 2391 2633 2391 2733 2379" 
                    HPOS="1781.0"
                    VPOS="2347.0"
                    WIDTH="951.0"
                    HEIGHT="71.0">
            <Shape><Polygon POINTS="1785 2377 1781 2418 2728 2418 2732 2377 2728 2354 1785 2347 1785 2377"/></Shape>
	    <String CONTENT="ניקודים או קליות או תילוש במי פירות או"
                    HPOS="1781.0"
                    VPOS="2347.0"
                    WIDTH="951.0"
                    HEIGHT="71.0"></String>
          </TextLine>

          
          
          <TextLine ID="eSc_line_1930312"
                    
                    BASELINE="1788 2442 2275 2442 2445 2449 2715 2442" 
                    HPOS="1781.0"
                    VPOS="2405.0"
                    WIDTH="930.0"
                    HEIGHT="75.0">
            <Shape><Polygon POINTS="1785 2439 1785 2480 2708 2480 2711 2439 2708 2405 1781 2405 1785 2439"/></Shape>
	    <String CONTENT="תתחלק לעיסות כדי שלא יהי במקום אחד"
                    HPOS="1781.0"
                    VPOS="2405.0"
                    WIDTH="930.0"
                    HEIGHT="75.0"></String>
          </TextLine>

          
          
          <TextLine ID="eSc_line_1930290"
                    
                    BASELINE="1788 2497 2715 2503" 
                    HPOS="1781.0"
                    VPOS="2463.0"
                    WIDTH="930.0"
                    HEIGHT="71.0">
            <Shape><Polygon POINTS="1785 2493 1781 2527 2701 2534 2711 2500 2708 2469 1785 2463 1785 2493"/></Shape>
	    <String CONTENT="כביצה ˙ ¶ ג&#39; סאה תרומה טהורה שנפלה"
                    HPOS="1781.0"
                    VPOS="2463.0"
                    WIDTH="930.0"
                    HEIGHT="71.0"></String>
          </TextLine>

          
          
          <TextLine ID="eSc_line_1930291"
                    
                    BASELINE="1788 2562 1894 2568 2715 2568" 
                    HPOS="1781.0"
                    VPOS="2520.0"
                    WIDTH="930.0"
                    HEIGHT="92.0">
            <Shape><Polygon POINTS="1785 2561 1781 2612 2708 2612 2711 2565 2704 2520 1785 2520 1785 2561"/></Shape>
	    <String CONTENT="למאה חולין טמיאין תעלה ותיאכל ניקודים"
                    HPOS="1781.0"
                    VPOS="2520.0"
                    WIDTH="930.0"
                    HEIGHT="92.0"></String>
          </TextLine>

          
          
          <TextLine ID="eSc_line_1930297"
                    
                    BASELINE="1771 2627 2112 2636 2701 2629" 
                    HPOS="1764.0"
                    VPOS="2595.0"
                    WIDTH="934.0"
                    HEIGHT="79.0">
            <Shape><Polygon POINTS="1768 2626 1768 2674 2694 2674 2698 2626 2691 2595 1764 2595 1768 2626"/></Shape>
	    <String CONTENT="או קליות או תילוש במי פירות או תיתחלק"
                    HPOS="1764.0"
                    VPOS="2595.0"
                    WIDTH="934.0"
                    HEIGHT="79.0"></String>
          </TextLine>

          
          
          <TextLine ID="eSc_line_1930313"
                    
                    BASELINE="1771 2694 1917 2704 2616 2704 2715 2692" 
                    HPOS="1764.0"
                    VPOS="2657.0"
                    WIDTH="947.0"
                    HEIGHT="88.0">
            <Shape><Polygon POINTS="1768 2691 1764 2732 2704 2745 2711 2691 2708 2657 1768 2657 1768 2691"/></Shape>
	    <String CONTENT="לעיסות כדי שלא יהא במקום אחד כביצה : ¶"
                    HPOS="1764.0"
                    VPOS="2657.0"
                    WIDTH="947.0"
                    HEIGHT="88.0"></String>
          </TextLine>

          
          
          <TextLine ID="eSc_line_1930295"
                    
                    BASELINE="1771 2756 2432 2762 2657 2769" 
                    HPOS="1764.0"
                    VPOS="2718.0"
                    WIDTH="889.0"
                    HEIGHT="92.0">
            <Shape><Polygon POINTS="1768 2755 1764 2796 2643 2810 2653 2766 2653 2725 1768 2718 1768 2755"/></Shape>
	    <String CONTENT="ד&#39; סאה תרומה טמיאה שנפלה למאה"
                    HPOS="1764.0"
                    VPOS="2718.0"
                    WIDTH="889.0"
                    HEIGHT="92.0"></String>
          </TextLine>

          
          
          <TextLine ID="eSc_line_1930294"
                    
                    BASELINE="1771 2821 2715 2834" 
                    HPOS="1764.0"
                    VPOS="2783.0"
                    WIDTH="947.0"
                    HEIGHT="85.0">
            <Shape><Polygon POINTS="1768 2820 1764 2854 2701 2868 2711 2830 2708 2793 1768 2783 1768 2820"/></Shape>
	    <String CONTENT="סאה תרומה טהורה בית שמי אוסרין ובית"
                    HPOS="1764.0"
                    VPOS="2783.0"
                    WIDTH="947.0"
                    HEIGHT="85.0"></String>
          </TextLine>

          
          
          <TextLine ID="eSc_line_1930296"
                    
                    BASELINE="1771 2882 2445 2888 2704 2895" 
                    HPOS="1764.0"
                    VPOS="2830.0"
                    WIDTH="937.0"
                    HEIGHT="99.0">
            <Shape><Polygon POINTS="1768 2847 1768 2878 1764 2912 2691 2929 2701 2892 2698 2847 1788 2830 1768 2847"/></Shape>
	    <String CONTENT="הלל מתירין אמרו בית הלל לבית שמי הואיל"
                    HPOS="1764.0"
                    VPOS="2830.0"
                    WIDTH="937.0"
                    HEIGHT="99.0"></String>
          </TextLine>

          
          
          <TextLine ID="eSc_line_1930293"
                    
                    BASELINE="1771 2940 1843 2950 2258 2950 2715 2960" 
                    HPOS="1764.0"
                    VPOS="2892.0"
                    WIDTH="947.0"
                    HEIGHT="99.0">
            <Shape><Polygon POINTS="1768 2939 1764 2984 2701 2991 2711 2956 2708 2919 1911 2892 1907 2892 1768 2905 1768 2939"/></Shape>
	    <String CONTENT="וטהורה אסורה לזרים וטמאה אסורה לכהנים"
                    HPOS="1764.0"
                    VPOS="2892.0"
                    WIDTH="947.0"
                    HEIGHT="99.0"></String>
          </TextLine>

          
          
          <TextLine ID="eSc_line_1930292"
                    
                    BASELINE="1771 3014 2268 3014 2684 3031" 
                    HPOS="1768.0"
                    VPOS="2970.0"
                    WIDTH="913.0"
                    HEIGHT="109.0">
            <Shape><Polygon POINTS="1768 3011 1768 3076 1815 3059 1952 3076 1979 3079 1982 3079 2674 3076 2681 3028 2674 2970 1768 2970 1768 3011"/></Shape>
	    <String CONTENT="מה טהורה עולה אף טמיאה תעלה אמרו"
                    HPOS="1768.0"
                    VPOS="2970.0"
                    WIDTH="913.0"
                    HEIGHT="109.0"></String>
          </TextLine>

          
        </TextBlock>
        
        <TextBlock HPOS="614.0"
                   VPOS="623.0"
                   WIDTH="1022.0"
                   HEIGHT="2438.0"
                   ID="eSc_textblock_47060"
                   TAGREFS="BT2">
          <Shape><Polygon POINTS="667 631 1636 623 1598 3061 614 3050"/></Shape>
          
          
          <TextLine ID="eSc_line_1930318"
                    
                    BASELINE="694 668 1630 677" 
                    HPOS="688.0"
                    VPOS="623.0"
                    WIDTH="940.0"
                    HEIGHT="102.0">
            <Shape><Polygon POINTS="1304 626 1270 626 1236 626 1202 626 1199 626 1161 633 1120 626 1100 626 1066 626 1032 626 998 626 964 630 960 630 930 630 895 630 861 630 827 630 797 630 793 630 759 630 725 630 691 630 691 667 688 705 746 725 749 725 752 725 1621 718 1628 674 1621 630 1332 633 1308 623 1304 626"/></Shape>
	    <String CONTENT="להם בית שמי לא אם העלו החולין הקלים"
                    HPOS="688.0"
                    VPOS="623.0"
                    WIDTH="940.0"
                    HEIGHT="102.0"></String>
          </TextLine>

          
          
          <TextLine ID="eSc_line_1930272"
                    
                    BASELINE="694 735 858 746 1630 749" 
                    HPOS="688.0"
                    VPOS="701.0"
                    WIDTH="940.0"
                    HEIGHT="85.0">
            <Shape><Polygon POINTS="691 732 688 786 1621 783 1628 746 1624 708 691 701 691 732"/></Shape>
	    <String CONTENT="המותרים לזרים את הטהורה תעלה החמורה"
                    HPOS="688.0"
                    VPOS="701.0"
                    WIDTH="940.0"
                    HEIGHT="85.0"></String>
          </TextLine>

          
          
          <TextLine ID="eSc_line_1930266"
                    
                    BASELINE="694 810 838 817 1406 817 1630 808" 
                    HPOS="688.0"
                    VPOS="773.0"
                    WIDTH="940.0"
                    HEIGHT="88.0">
            <Shape><Polygon POINTS="691 807 691 851 1621 861 1628 807 1624 773 688 773 691 807"/></Shape>
	    <String CONTENT="האסורה לזרים את הטמאה לאחר שהודו"
                    HPOS="688.0"
                    VPOS="773.0"
                    WIDTH="940.0"
                    HEIGHT="88.0"></String>
          </TextLine>

          
          
          <TextLine ID="eSc_line_1930304"
                    
                    BASELINE="694 874 827 882 994 882 1148 875 1447 878 1630 869" 
                    HPOS="688.0"
                    VPOS="824.0"
                    WIDTH="940.0"
                    HEIGHT="95.0">
            <Shape><Polygon POINTS="1621 838 688 824 691 872 691 912 1621 919 1628 868 1624 844 1621 838"/></Shape>
	    <String CONTENT="ר&#39; אליע&#39; או&#39; תירום ותישרף וחכמ&#39; אומרין"
                    HPOS="688.0"
                    VPOS="824.0"
                    WIDTH="940.0"
                    HEIGHT="95.0"></String>
          </TextLine>

          
          
          <TextLine ID="eSc_line_1930307"
                    
                    BASELINE="694 937 1630 947" 
                    HPOS="688.0"
                    VPOS="895.0"
                    WIDTH="940.0"
                    HEIGHT="89.0">
            <Shape><Polygon POINTS="691 936 688 977 1618 984 1628 943 1621 895 691 899 691 936"/></Shape>
	    <String CONTENT="אבדה במיעוטה ˙ ¶ ה&#39; סאה ˙˙ תרומה"
                    HPOS="688.0"
                    VPOS="895.0"
                    WIDTH="940.0"
                    HEIGHT="89.0"></String>
          </TextLine>

          
          
          <TextLine ID="eSc_line_1930299"
                    
                    BASELINE="694 1005 1004 1015 1355 1015 1630 1005" 
                    HPOS="688.0"
                    VPOS="953.0"
                    WIDTH="940.0"
                    HEIGHT="103.0">
            <Shape><Polygon POINTS="691 1004 688 1049 1621 1056 1628 1004 1624 967 691 953 691 1004"/></Shape>
	    <String CONTENT="שנפלה למאה הגביהה ונפלה למקום אחר"
                    HPOS="688.0"
                    VPOS="953.0"
                    WIDTH="940.0"
                    HEIGHT="103.0"></String>
          </TextLine>

          
          
          <TextLine ID="eSc_line_1930269"
                    
                    BASELINE="694 1076 790 1083 940 1076 1630 1079" 
                    HPOS="688.0"
                    VPOS="1028.0"
                    WIDTH="940.0"
                    HEIGHT="92.0">
            <Shape><Polygon POINTS="691 1073 688 1117 1618 1120 1628 1076 1624 1039 691 1028 691 1073"/></Shape>
	    <String CONTENT="ר&#39; אליע&#39; או&#39; מדמעת כתרומה וודיי וחכמ&#39;"
                    HPOS="688.0"
                    VPOS="1028.0"
                    WIDTH="940.0"
                    HEIGHT="92.0"></String>
          </TextLine>

          
          
          <TextLine ID="eSc_line_1930300"
                    
                    BASELINE="677 1134 964 1134 1090 1141 1630 1134" 
                    HPOS="671.0"
                    VPOS="1093.0"
                    WIDTH="957.0"
                    HEIGHT="89.0">
            <Shape><Polygon POINTS="674 1131 674 1175 1621 1182 1628 1131 1624 1096 671 1093 674 1131"/></Shape>
	    <String CONTENT="אומ&#39; אינה מדמעה אלא לפי חשבון ˙"
                    HPOS="671.0"
                    VPOS="1093.0"
                    WIDTH="957.0"
                    HEIGHT="89.0"></String>
          </TextLine>

          
          
          <TextLine ID="eSc_line_1930257"
                    
                    BASELINE="650 1195 1604 1195" 
                    HPOS="647.0"
                    VPOS="1165.0"
                    WIDTH="954.0"
                    HEIGHT="71.0">
            <Shape><Polygon POINTS="647 1192 647 1233 1597 1236 1601 1192 1601 1165 647 1165 647 1192"/></Shape>
	    <String CONTENT="¶ ו&#39; סאה תרומה שנפלה לפחות ממאה"
                    HPOS="647.0"
                    VPOS="1165.0"
                    WIDTH="954.0"
                    HEIGHT="71.0"></String>
          </TextLine>

          
          
          <TextLine ID="eSc_line_1930315"
                    
                    BASELINE="657 1260 1630 1260" 
                    HPOS="654.0"
                    VPOS="1222.0"
                    WIDTH="974.0"
                    HEIGHT="89.0">
            <Shape><Polygon POINTS="654 1257 654 1301 1624 1311 1628 1257 1628 1222 654 1222 654 1257"/></Shape>
	    <String CONTENT="ונדמעו ונפל מן המדומע למקום אחר"
                    HPOS="654.0"
                    VPOS="1222.0"
                    WIDTH="974.0"
                    HEIGHT="89.0"></String>
          </TextLine>

          
          
          <TextLine ID="eSc_line_1930279"
                    
                    BASELINE="650 1315 855 1328 1630 1332" 
                    HPOS="643.0"
                    VPOS="1280.0"
                    WIDTH="985.0"
                    HEIGHT="86.0">
            <Shape><Polygon POINTS="647 1314 643 1352 1618 1366 1628 1328 1624 1291 647 1280 647 1314"/></Shape>
	    <String CONTENT="ר&#39; אליע&#39; או&#39; מדמעת כתרומה וודיי וחכמ&#39;"
                    HPOS="643.0"
                    VPOS="1280.0"
                    WIDTH="985.0"
                    HEIGHT="86.0"></String>
          </TextLine>

          
          
          <TextLine ID="eSc_line_1930276"
                    
                    BASELINE="650 1383 895 1379 1335 1393 1630 1387" 
                    HPOS="643.0"
                    VPOS="1328.0"
                    WIDTH="985.0"
                    HEIGHT="95.0">
            <Shape><Polygon POINTS="647 1379 643 1417 1621 1423 1628 1386 1628 1355 729 1328 725 1328 647 1342 647 1379"/></Shape>
	    <String CONTENT="אומ&#39; אין המדומע מדמע אלא לפי [חש&#39;]"
                    HPOS="643.0"
                    VPOS="1328.0"
                    WIDTH="985.0"
                    HEIGHT="95.0"></String>
          </TextLine>

          
          
          <TextLine ID="eSc_line_1930260"
                    
                    BASELINE="650 1441 919 1441 1280 1454 1553 1454 1630 1448" 
                    HPOS="643.0"
                    VPOS="1396.0"
                    WIDTH="985.0"
                    HEIGHT="92.0">
            <Shape><Polygon POINTS="647 1437 643 1475 1621 1488 1628 1447 1624 1417 647 1396 647 1437"/></Shape>
	    <String CONTENT="חשבון ואין המחומץ מחמ(י)ץ אלא לפי"
                    HPOS="643.0"
                    VPOS="1396.0"
                    WIDTH="985.0"
                    HEIGHT="92.0"></String>
          </TextLine>

          
          
          <TextLine ID="eSc_line_1930263"
                    
                    BASELINE="650 1484 786 1495 1630 1505" 
                    HPOS="643.0"
                    VPOS="1451.0"
                    WIDTH="985.0"
                    HEIGHT="85.0">
            <Shape><Polygon POINTS="647 1481 643 1529 1618 1536 1628 1502 1628 1475 647 1451 647 1481"/></Shape>
	    <String CONTENT="חשבון ואין המים שאובין פוסלין את"
                    HPOS="643.0"
                    VPOS="1451.0"
                    WIDTH="985.0"
                    HEIGHT="85.0"></String>
          </TextLine>

          
          
          <TextLine ID="eSc_line_1930303"
                    
                    BASELINE="650 1545 810 1543 1280 1560 1630 1560" 
                    HPOS="643.0"
                    VPOS="1509.0"
                    WIDTH="985.0"
                    HEIGHT="92.0">
            <Shape><Polygon POINTS="647 1543 643 1590 1621 1601 1628 1556 1624 1536 1270 1509 1267 1509 647 1512 647 1543"/></Shape>
	    <String CONTENT="המקוה אלא לפי חשבון ˙ ¶ ז&#39; סאה"
                    HPOS="643.0"
                    VPOS="1509.0"
                    WIDTH="985.0"
                    HEIGHT="92.0"></String>
          </TextLine>

          
          
          <TextLine ID="eSc_line_1930255"
                    
                    BASELINE="650 1602 1182 1621 1618 1614" 
                    HPOS="643.0"
                    VPOS="1570.0"
                    WIDTH="971.0"
                    HEIGHT="89.0">
            <Shape><Polygon POINTS="647 1590 647 1601 643 1645 1607 1659 1614 1611 1611 1580 660 1570 647 1590"/></Shape>
	    <String CONTENT="תרומה שנפלה למאה הגביהה ונפלה אחרת"
                    HPOS="643.0"
                    VPOS="1570.0"
                    WIDTH="971.0"
                    HEIGHT="89.0"></String>
          </TextLine>

          
          
          <TextLine ID="eSc_line_1930262"
                    
                    BASELINE="650 1668 681 1665 1151 1682 1618 1682" 
                    HPOS="643.0"
                    VPOS="1628.0"
                    WIDTH="971.0"
                    HEIGHT="92.0">
            <Shape><Polygon POINTS="647 1665 643 1703 1607 1720 1614 1679 1611 1645 647 1628 647 1665"/></Shape>
	    <String CONTENT="הגביהה ונפלה אחרת הרי זו מותרת ˙˙ עד"
                    HPOS="643.0"
                    VPOS="1628.0"
                    WIDTH="971.0"
                    HEIGHT="92.0"></String>
          </TextLine>

          
          
          <TextLine ID="eSc_line_1931114"
                    
                    BASELINE="650 1729 1369 1751 1618 1744" 
                    HPOS="643.0"
                    VPOS="1693.0"
                    WIDTH="971.0"
                    HEIGHT="92.0">
            <Shape><Polygon POINTS="647 1727 643 1774 1607 1785 1614 1740 1614 1699 647 1693 647 1727"/></Shape>
	    <String CONTENT="שתרבה תרומה לחולין ˙ ¶ ח&#39; סאה תרומה"
                    HPOS="643.0"
                    VPOS="1693.0"
                    WIDTH="971.0"
                    HEIGHT="92.0"></String>
          </TextLine>

          
          
          <TextLine ID="eSc_line_1930317"
                    
                    BASELINE="647 1809 783 1819 1536 1815 1618 1823" 
                    HPOS="640.0"
                    VPOS="1774.0"
                    WIDTH="974.0"
                    HEIGHT="86.0">
            <Shape><Polygon POINTS="643 1808 643 1849 1604 1860 1614 1822 1611 1774 640 1774 643 1808"/></Shape>
	    <String CONTENT="שנפלה למאה ולא הספיק להגביהה ˙˙ עד"
                    HPOS="640.0"
                    VPOS="1774.0"
                    WIDTH="974.0"
                    HEIGHT="86.0"></String>
          </TextLine>

          
          
          <TextLine ID="eSc_line_1930249"
                    
                    BASELINE="647 1871 1233 1887 1618 1877" 
                    HPOS="640.0"
                    VPOS="1836.0"
                    WIDTH="974.0"
                    HEIGHT="95.0">
            <Shape><Polygon POINTS="643 1870 640 1907 987 1928 991 1928 1131 1914 1199 1931 1202 1931 1205 1931 1611 1914 1614 1873 1614 1843 643 1836 643 1870"/></Shape>
	    <String CONTENT="שנפלה אחרת הרי זו אסורה ור&#39;שמע&#39; מתיר ˙"
                    HPOS="640.0"
                    VPOS="1836.0"
                    WIDTH="974.0"
                    HEIGHT="95.0"></String>
          </TextLine>

          
          
          <TextLine ID="eSc_line_1930253"
                    
                    BASELINE="647 1941 1560 1941" 
                    HPOS="643.0"
                    VPOS="1890.0"
                    WIDTH="913.0"
                    HEIGHT="99.0">
            <Shape><Polygon POINTS="643 1938 643 1989 1556 1979 1556 1938 1556 1911 643 1890 643 1938"/></Shape>
	    <String CONTENT="¶ ט&#39; סאה תרומה שנפלה למאה ולא"
                    HPOS="643.0"
                    VPOS="1890.0"
                    WIDTH="913.0"
                    HEIGHT="99.0"></String>
          </TextLine>

          
          
          <TextLine ID="eSc_line_1930302"
                    
                    BASELINE="647 2005 749 2003 916 2009 1062 2006 1301 2013 1515 2013 1600 2006" 
                    HPOS="640.0"
                    VPOS="1962.0"
                    WIDTH="957.0"
                    HEIGHT="99.0">
            <Shape><Polygon POINTS="643 2003 640 2040 1590 2061 1597 2003 1594 1962 643 1962 643 2003"/></Shape>
	    <String CONTENT="וטחנו ופחתו כשם שפחתו החולין כך פחתה"
                    HPOS="640.0"
                    VPOS="1962.0"
                    WIDTH="957.0"
                    HEIGHT="99.0"></String>
          </TextLine>

          
          
          <TextLine ID="eSc_line_1930322"
                    
                    BASELINE="647 2066 752 2078 1260 2074 1417 2081 1600 2081" 
                    HPOS="640.0"
                    VPOS="2030.0"
                    WIDTH="957.0"
                    HEIGHT="88.0">
            <Shape><Polygon POINTS="643 2064 640 2118 1594 2118 1597 2078 1594 2037 643 2030 643 2064"/></Shape>
	    <String CONTENT="התרומה מותר סאה תרומה שנפלה לפחות"
                    HPOS="640.0"
                    VPOS="2030.0"
                    WIDTH="957.0"
                    HEIGHT="88.0"></String>
          </TextLine>

          
          
          <TextLine ID="eSc_line_1930268"
                    
                    BASELINE="647 2135 834 2146 1600 2146" 
                    HPOS="640.0"
                    VPOS="2101.0"
                    WIDTH="957.0"
                    HEIGHT="79.0">
            <Shape><Polygon POINTS="643 2132 640 2180 1594 2180 1597 2142 1594 2101 643 2101 643 2132"/></Shape>
	    <String CONTENT="ממאה וטחנן והותירו כשם שהותירו [הח&#39;]"
                    HPOS="640.0"
                    VPOS="2101.0"
                    WIDTH="957.0"
                    HEIGHT="79.0"></String>
          </TextLine>

          
          
          <TextLine ID="eSc_line_1930271"
                    
                    BASELINE="647 2197 851 2197 1229 2210 1529 2207 1600 2214" 
                    HPOS="640.0"
                    VPOS="2159.0"
                    WIDTH="957.0"
                    HEIGHT="82.0">
            <Shape><Polygon POINTS="643 2193 640 2231 1587 2241 1597 2210 1594 2173 643 2159 643 2193"/></Shape>
	    <String CONTENT="החולין כך הותירה (ה)תרומה אסור אם ידוע"
                    HPOS="640.0"
                    VPOS="2159.0"
                    WIDTH="957.0"
                    HEIGHT="82.0"></String>
          </TextLine>

          
          
          <TextLine ID="eSc_line_1930251"
                    
                    BASELINE="647 2258 1100 2258 1366 2268 1529 2268 1600 2260" 
                    HPOS="643.0"
                    VPOS="2221.0"
                    WIDTH="954.0"
                    HEIGHT="75.0">
            <Shape><Polygon POINTS="643 2255 643 2296 1594 2296 1597 2258 1594 2227 643 2221 643 2255"/></Shape>
	    <String CONTENT="שחיטין שלחולין יפות משלתרומה מותר"
                    HPOS="643.0"
                    VPOS="2221.0"
                    WIDTH="954.0"
                    HEIGHT="75.0"></String>
          </TextLine>

          
          
          <TextLine ID="eSc_line_1930265"
                    
                    BASELINE="647 2303 1600 2322" 
                    HPOS="640.0"
                    VPOS="2268.0"
                    WIDTH="957.0"
                    HEIGHT="86.0">
            <Shape><Polygon POINTS="643 2302 640 2336 1587 2354 1597 2319 1594 2285 643 2268 643 2302"/></Shape>
	    <String CONTENT="סאה תרומה שנפלה לפחות ממאה ואחר כך"
                    HPOS="640.0"
                    VPOS="2268.0"
                    WIDTH="957.0"
                    HEIGHT="86.0"></String>
          </TextLine>

          
          
          <TextLine ID="eSc_line_1930259"
                    
                    BASELINE="647 2353 773 2367 1533 2374 1600 2380" 
                    HPOS="640.0"
                    VPOS="2316.0"
                    WIDTH="957.0"
                    HEIGHT="92.0">
            <Shape><Polygon POINTS="643 2350 640 2398 1587 2408 1597 2377 1594 2340 643 2316 643 2350"/></Shape>
	    <String CONTENT="נפלו שם חולין אם שוגג מותר ואם מיזיד"
                    HPOS="640.0"
                    VPOS="2316.0"
                    WIDTH="957.0"
                    HEIGHT="92.0"></String>
          </TextLine>

          
          
          <TextLine ID="eSc_line_1930323"
                    
                    BASELINE="812 2429 1600 2428" 
                    HPOS="807.0"
                    VPOS="2381.0"
                    WIDTH="790.0"
                    HEIGHT="88.0">
            <Shape><Polygon POINTS="810 2428 810 2466 1590 2469 1597 2425 1594 2398 807 2381 810 2428"/></Shape>
	    <String CONTENT="אסור ˙ פרק ה&#39; הל&#39; ט&#39; ¶ פרק ו&#39;"
                    HPOS="807.0"
                    VPOS="2381.0"
                    WIDTH="790.0"
                    HEIGHT="88.0"></String>
          </TextLine>

          
          
          <TextLine ID="eSc_line_1930256"
                    
                    BASELINE="647 2469 739 2476 923 2476 1084 2484 1209 2490 1461 2490" 
                    HPOS="640.0"
                    VPOS="2422.0"
                    WIDTH="818.0"
                    HEIGHT="105.0">
            <Shape><Polygon POINTS="1257 2428 1253 2428 1250 2428 1246 2428 1243 2428 1243 2432 1226 2445 1148 2428 1144 2428 930 2442 906 2442 902 2442 875 2428 848 2428 814 2428 810 2422 643 2435 643 2466 640 2510 1451 2527 1458 2486 1458 2452 1277 2452 1277 2449 1263 2432 1260 2432 1260 2428 1257 2428"/></Shape>
	    <String CONTENT="¶ האוכל תרומה שוגג משלם ˙˙˙ קרן"
                    HPOS="640.0"
                    VPOS="2422.0"
                    WIDTH="818.0"
                    HEIGHT="105.0"></String>
          </TextLine>

          
          
          <TextLine ID="eSc_line_1930275"
                    
                    BASELINE="635 2539 1117 2558 1420 2561 1600 2550" 
                    HPOS="630.0"
                    VPOS="2503.0"
                    WIDTH="967.0"
                    HEIGHT="96.0">
            <Shape><Polygon POINTS="633 2537 630 2585 1590 2599 1597 2548 1594 2524 633 2503 633 2537"/></Shape>
	    <String CONTENT="וחומש אחד האוכל ואחד השותה ואחד הסך"
                    HPOS="630.0"
                    VPOS="2503.0"
                    WIDTH="967.0"
                    HEIGHT="96.0"></String>
          </TextLine>

          
          
          <TextLine ID="eSc_line_1930298"
                    
                    BASELINE="635 2611 868 2623 1582 2623" 
                    HPOS="630.0"
                    VPOS="2578.0"
                    WIDTH="950.0"
                    HEIGHT="75.0">
            <Shape><Polygon POINTS="630 2650 1573 2653 1580 2619 1577 2582 633 2578 633 2609"/></Shape>
	    <String CONTENT="אחד תרומה טהורה ואחד תרומה טמיאה [מ&#39;]"
                    HPOS="630.0"
                    VPOS="2578.0"
                    WIDTH="950.0"
                    HEIGHT="75.0"></String>
          </TextLine>

          
          
          <TextLine ID="eSc_line_1930314"
                    
                    BASELINE="635 2672 677 2670 1059 2684 1582 2684" 
                    HPOS="630.0"
                    VPOS="2636.0"
                    WIDTH="950.0"
                    HEIGHT="96.0">
            <Shape><Polygon POINTS="633 2670 630 2708 742 2728 746 2732 1577 2732 1580 2681 1577 2646 633 2636 633 2670"/></Shape>
	    <String CONTENT="משלם חומשה וחומש חומשה אינו משלם"
                    HPOS="630.0"
                    VPOS="2636.0"
                    WIDTH="950.0"
                    HEIGHT="96.0"></String>
          </TextLine>

          
          
          <TextLine ID="eSc_line_1930306"
                    
                    BASELINE="635 2738 797 2749 1120 2755 1458 2759 1582 2751" 
                    HPOS="630.0"
                    VPOS="2698.0"
                    WIDTH="950.0"
                    HEIGHT="95.0">
            <Shape><Polygon POINTS="633 2735 630 2790 1573 2793 1580 2749 1577 2715 633 2698 633 2735"/></Shape>
	    <String CONTENT="תרומה אלא חולין מתוקנין והם נעשים [ת&#39;]"
                    HPOS="630.0"
                    VPOS="2698.0"
                    WIDTH="950.0"
                    HEIGHT="95.0"></String>
          </TextLine>

          
          
          <TextLine ID="eSc_line_1930242"
                    
                    BASELINE="635 2804 1311 2824 1582 2818" 
                    HPOS="630.0"
                    VPOS="2773.0"
                    WIDTH="950.0"
                    HEIGHT="81.0">
            <Shape><Polygon POINTS="633 2803 630 2851 1573 2854 1580 2817 1577 2790 633 2773 633 2803"/></Shape>
	    <String CONTENT="תרומה והתשלומין תרומה אם רצה הכהן"
                    HPOS="630.0"
                    VPOS="2773.0"
                    WIDTH="950.0"
                    HEIGHT="81.0"></String>
          </TextLine>

          
          
          <TextLine ID="eSc_line_1930250"
                    
                    BASELINE="635 2866 671 2871 868 2871 1154 2882 1464 2878 1575 2885" 
                    HPOS="630.0"
                    VPOS="2820.0"
                    WIDTH="943.0"
                    HEIGHT="92.0">
            <Shape><Polygon POINTS="633 2865 630 2902 1563 2912 1573 2882 1567 2827 1297 2844 1205 2824 1202 2824 1199 2824 1192 2824 1018 2841 994 2824 991 2824 987 2824 984 2824 838 2837 814 2820 810 2820 807 2820 633 2820 633 2865"/></Shape>
	    <String CONTENT="למחול אינו מוחל ˙ ¶ ב&#39; בת ישראל שאכלה"
                    HPOS="630.0"
                    VPOS="2820.0"
                    WIDTH="943.0"
                    HEIGHT="92.0"></String>
          </TextLine>

          
          
          <TextLine ID="eSc_line_1930243"
                    
                    BASELINE="635 2933 855 2933 1066 2943 1582 2936" 
                    HPOS="630.0"
                    VPOS="2899.0"
                    WIDTH="950.0"
                    HEIGHT="92.0">
            <Shape><Polygon POINTS="633 2929 633 2991 1577 2987 1580 2933 1573 2899 630 2899 633 2929"/></Shape>
	    <String CONTENT="תרומה ואחר ()[כ]ך נישאת לכהן אם תרומה"
                    HPOS="630.0"
                    VPOS="2899.0"
                    WIDTH="950.0"
                    HEIGHT="92.0"></String>
          </TextLine>

          
          
          <TextLine ID="eSc_line_1931115"
                    
                    BASELINE="679 3006 838 3011 1580 3014" 
                    HPOS="674.0"
                    VPOS="2963.0"
                    WIDTH="903.0"
                    HEIGHT="113.0">
            <Shape><Polygon POINTS="677 3004 674 3055 964 3076 967 3076 1570 3066 1577 3011 1573 2967 677 2963 677 3004"/></Shape>
	    <String CONTENT="שלא זכה בה כהן אכלה משלמת ˙˙˙ קרן"
                    HPOS="674.0"
                    VPOS="2963.0"
                    WIDTH="903.0"
                    HEIGHT="113.0"></String>
          </TextLine>

          
        </TextBlock>
        

        
      </PrintSpace>
    </Page>
  </Layout>
</alto>
