<?xml version="1.0" encoding="UTF-8"?>
<alto xmlns:xsi="http://www.w3.org/2001/XMLSchema-instance"
      xmlns="http://www.loc.gov/standards/alto/ns-v4#"
      xsi:schemaLocation="http://www.loc.gov/standards/alto/ns-v4# http://www.loc.gov/standards/alto/v4/alto-4-2.xsd">
  <Description>
    <MeasurementUnit>pixel</MeasurementUnit>
    <sourceImageInformation>
      <fileName>MsParm3173_F13911_0397.jpg</fileName>
      
    </sourceImageInformation>
  </Description>
  
  <Tags>
    <OtherTag ID="BT1" LABEL="Title" DESCRIPTION="block type Title"/><OtherTag ID="BT2" LABEL="Main" DESCRIPTION="block type Main"/><OtherTag ID="BT3" LABEL="Commentary" DESCRIPTION="block type Commentary"/><OtherTag ID="BT4" LABEL="Illustration" DESCRIPTION="block type Illustration"/><OtherTag ID="BT830" LABEL="Margin" DESCRIPTION="block type Margin"/><OtherTag ID="BT831" LABEL="Hole" DESCRIPTION="block type Hole"/><OtherTag ID="BT832" LABEL="Paratext" DESCRIPTION="block type Paratext"/>
    <OtherTag ID="LT2" LABEL="Numbering" DESCRIPTION="line type Numbering"/><OtherTag ID="LT3" LABEL="Correction" DESCRIPTION="line type Correction"/><OtherTag ID="LT501" LABEL="Gloss" DESCRIPTION="line type Gloss"/>
  </Tags>
  
  <Layout>
    <Page WIDTH="3066"
          HEIGHT="4088"
          PHYSICAL_IMG_NR="389"
          ID="eSc_dummypage_">
      <PrintSpace HPOS="0"
                  VPOS="0"
                  WIDTH="3066"
                  HEIGHT="4088">
        
        <TextBlock HPOS="1585.0"
                   VPOS="584.0"
                   WIDTH="1044.0"
                   HEIGHT="2534.0"
                   ID="eSc_textblock_1d7516d8"
                   TAGREFS="BT2">
          <Shape><Polygon POINTS="1585 617 1604 3118 2622 3109 2622 1162 2563 1083 2629 993 2622 584"/></Shape>
          
          
          <TextLine ID="eSc_line_a5ea9441"
                    
                    BASELINE="1608 660 1689 657 2163 654 2302 640 2418 647 2537 647 2582 637" 
                    HPOS="1604.0"
                    VPOS="589.0"
                    WIDTH="974.0"
                    HEIGHT="105.0">
            <Shape><Polygon POINTS="2422 589 2388 592 2354 592 2319 592 2285 596 2251 596 2217 596 2183 599 2149 599 2115 599 2081 602 2047 602 2013 602 1979 606 1945 606 1911 606 1877 609 1843 609 1808 609 1774 613 1740 613 1706 613 1672 616 1638 616 1604 616 1607 657 1607 694 2578 681 2578 633 2575 606 2452 589 2422 589"/></Shape>
	    <String CONTENT="ונבלת העוף הטהור בכפרים צריכין מחשבה"
                    HPOS="1604.0"
                    VPOS="589.0"
                    WIDTH="974.0"
                    HEIGHT="105.0"></String>
          </TextLine>

          
          
          <TextLine ID="eSc_line_e3dd7561"
                    
                    BASELINE="1624 732 1843 732 1880 725 2146 729 2217 722 2565 708" 
                    HPOS="1618.0"
                    VPOS="671.0"
                    WIDTH="943.0"
                    HEIGHT="98.0">
            <Shape><Polygon POINTS="1621 729 1621 769 2561 752 2561 705 2555 671 1618 691 1621 729"/></Shape>
	    <String CONTENT="ואינם צריכין הכשר נבלת בהמה טהורה"
                    HPOS="1618.0"
                    VPOS="671.0"
                    WIDTH="943.0"
                    HEIGHT="98.0"></String>
          </TextLine>

          
          
          <TextLine ID="eSc_line_6df7f3c1"
                    
                    BASELINE="1635 807 1975 807 2054 814 2095 803 2214 803 2350 793 2490 793 2582 800" 
                    HPOS="1628.0"
                    VPOS="742.0"
                    WIDTH="950.0"
                    HEIGHT="99.0">
            <Shape><Polygon POINTS="1631 803 1631 841 2572 838 2578 797 2575 759 2401 742 2398 742 2292 759 2282 759 2279 759 2234 742 2231 742 2227 742 1890 759 1877 759 1873 759 1805 742 1802 742 1798 742 1628 759 1631 803"/></Shape>
	    <String CONTENT="בכל מקום ונבלת העוף הטהור והחלב [ובשו&#39;]"
                    HPOS="1628.0"
                    VPOS="742.0"
                    WIDTH="950.0"
                    HEIGHT="99.0"></String>
          </TextLine>

          
          
          <TextLine ID="eSc_line_4d0545d9"
                    
                    BASELINE="1624 878 2020 872 2115 868 2156 861 2428 861 2476 868 2510 858 2568 858" 
                    HPOS="1618.0"
                    VPOS="810.0"
                    WIDTH="947.0"
                    HEIGHT="99.0">
            <Shape><Polygon POINTS="1621 875 1621 909 2565 899 2565 855 2558 810 1618 834 1621 875"/></Shape>
	    <String CONTENT="ובשווקים אינן צריכין לא מחשבה ולא"
                    HPOS="1618.0"
                    VPOS="810.0"
                    WIDTH="947.0"
                    HEIGHT="99.0"></String>
          </TextLine>

          
          
          <TextLine ID="eSc_line_69482876"
                    
                    BASELINE="1635 947 2204 947 2279 940 2466 936 2503 930 2595 936" 
                    HPOS="1628.0"
                    VPOS="906.0"
                    WIDTH="964.0"
                    HEIGHT="78.0">
            <Shape><Polygon POINTS="1631 943 1631 984 2585 977 2592 933 2589 906 1628 906 1631 943"/></Shape>
	    <String CONTENT="הכשר ר&#39; שמעון או&#39; אף הגמל והארנבת"
                    HPOS="1628.0"
                    VPOS="906.0"
                    WIDTH="964.0"
                    HEIGHT="78.0"></String>
          </TextLine>

          
          
          <TextLine ID="eSc_line_eaebcb6e"
                    
                    BASELINE="1635 1022 1928 1022 2033 1011 2313 1015 2347 1008 2551 1004 2595 987" 
                    HPOS="1628.0"
                    VPOS="970.0"
                    WIDTH="964.0"
                    HEIGHT="99.0">
            <Shape><Polygon POINTS="1631 1022 1631 1069 2592 1045 2592 984 2585 970 1628 977 1631 1022"/></Shape>
	    <String CONTENT="והשפן והחזיר : ¶ ה&#39; השבת משנתנה"
                    HPOS="1628.0"
                    VPOS="970.0"
                    WIDTH="964.0"
                    HEIGHT="99.0"></String>
          </TextLine>

          
          
          <TextLine ID="eSc_line_b3562e0a"
                    
                    BASELINE="1611 1090 1757 1090 1791 1096 1986 1096 2023 1090 2251 1086 2289 1076 2364 1083 2490 1083 2569 1078" 
                    HPOS="1604.0"
                    VPOS="1039.0"
                    WIDTH="964.0"
                    HEIGHT="88.0">
            <Shape><Polygon POINTS="2558 1039 1604 1049 1607 1086 1607 1127 2565 1120 2568 1076 2565 1062 2558 1039"/></Shape>
	    <String CONTENT="→ בקדירה אין בה משום תרומה ואינה"
                    HPOS="1604.0"
                    VPOS="1039.0"
                    WIDTH="964.0"
                    HEIGHT="88.0"></String>
          </TextLine>

          
          
          <TextLine ID="eSc_line_cd88e575"
                    
                    BASELINE="1621 1154 1679 1165 2296 1165 2411 1151 2609 1141" 
                    HPOS="1614.0"
                    VPOS="1113.0"
                    WIDTH="992.0"
                    HEIGHT="89.0">
            <Shape><Polygon POINTS="1618 1151 1618 1192 2473 1202 2476 1202 2602 1182 2606 1137 2599 1113 1614 1117 1618 1151"/></Shape>
	    <String CONTENT="מטמאה טומאת אכלין [עד] לולבי זרדים"
                    HPOS="1614.0"
                    VPOS="1113.0"
                    WIDTH="992.0"
                    HEIGHT="89.0"></String>
          </TextLine>

          
          
          <TextLine ID="eSc_line_0901c817"
                    
                    BASELINE="1624 1233 2023 1233 2302 1219 2631 1212" 
                    HPOS="1618.0"
                    VPOS="1175.0"
                    WIDTH="1011.0"
                    HEIGHT="95.0">
            <Shape><Polygon POINTS="1621 1229 1621 1270 2626 1250 2629 1209 2623 1175 1618 1188 1621 1229"/></Shape>
	    <String CONTENT="ושלערל ועלה הלוף השוטה אינן מטמין"
                    HPOS="1618.0"
                    VPOS="1175.0"
                    WIDTH="1011.0"
                    HEIGHT="95.0"></String>
          </TextLine>

          
          
          <TextLine ID="eSc_line_c87b7427"
                    
                    BASELINE="1607 1294 2033 1301 2268 1294 2343 1280 2384 1287 2648 1287" 
                    HPOS="1601.0"
                    VPOS="1257.0"
                    WIDTH="1045.0"
                    HEIGHT="75.0">
            <Shape><Polygon POINTS="1604 1291 1601 1332 2643 1332 2646 1284 2643 1257 1604 1257 1604 1291"/></Shape>
	    <String CONTENT="טומאת אכלין עד שימתוקו ר&#39; שמעון אומ&#39;"
                    HPOS="1601.0"
                    VPOS="1257.0"
                    WIDTH="1045.0"
                    HEIGHT="75.0"></String>
          </TextLine>

          
          
          <TextLine ID="eSc_line_3fe2e601"
                    
                    BASELINE="1611 1369 2299 1369 2340 1362 2617 1355" 
                    HPOS="1604.0"
                    VPOS="1311.0"
                    WIDTH="1012.0"
                    HEIGHT="109.0">
            <Shape><Polygon POINTS="1607 1366 1607 1406 2347 1420 2350 1420 2612 1400 2616 1352 2606 1328 2500 1311 2497 1311 1604 1332 1607 1366"/></Shape>
	    <String CONTENT="אף שלפקועות כיוצא בהן : ¶ ה&#39; הכשות"
                    HPOS="1604.0"
                    VPOS="1311.0"
                    WIDTH="1012.0"
                    HEIGHT="109.0"></String>
          </TextLine>

          
          
          <TextLine ID="eSc_line_fab33ea8"
                    
                    BASELINE="1624 1451 2207 1451 2316 1444 2582 1437" 
                    HPOS="1618.0"
                    VPOS="1396.0"
                    WIDTH="960.0"
                    HEIGHT="92.0">
            <Shape><Polygon POINTS="1621 1447 1621 1488 2575 1485 2578 1434 2572 1396 1618 1406 1621 1447"/></Shape>
	    <String CONTENT="והחמס וראשי בשמים התייה החלתית [והפל&#39;]"
                    HPOS="1618.0"
                    VPOS="1396.0"
                    WIDTH="960.0"
                    HEIGHT="92.0"></String>
          </TextLine>

          
          
          <TextLine ID="eSc_line_2f95046e"
                    
                    BASELINE="1628 1522 1710 1533 1982 1533 2289 1522 2326 1515 2565 1519" 
                    HPOS="1621.0"
                    VPOS="1461.0"
                    WIDTH="940.0"
                    HEIGHT="102.0">
            <Shape><Polygon POINTS="1624 1519 1624 1563 2555 1560 2561 1515 2558 1478 2279 1461 2275 1461 2272 1461 2268 1461 2244 1478 2241 1478 2234 1478 2047 1464 2044 1464 1621 1481 1624 1519"/></Shape>
	    <String CONTENT="והפלפלין וחלות הריע נלקחים בכסף מעשר"
                    HPOS="1621.0"
                    VPOS="1461.0"
                    WIDTH="940.0"
                    HEIGHT="102.0"></String>
          </TextLine>

          
          
          <TextLine ID="eSc_line_f452165c"
                    
                    BASELINE="1607 1587 1710 1594 2142 1590 2262 1584 2551 1584 2595 1590" 
                    HPOS="1601.0"
                    VPOS="1550.0"
                    WIDTH="991.0"
                    HEIGHT="78.0">
            <Shape><Polygon POINTS="1604 1584 1604 1628 2582 1624 2592 1587 2585 1550 1601 1550 1604 1584"/></Shape>
	    <String CONTENT="ואינן מטמין טומאת אכלין דב&#39; ר&#39; עקיבה א&#39;"
                    HPOS="1601.0"
                    VPOS="1550.0"
                    WIDTH="991.0"
                    HEIGHT="78.0"></String>
          </TextLine>

          
          
          <TextLine ID="eSc_line_ac7991dd"
                    
                    BASELINE="1635 1655 2544 1655 2592 1645" 
                    HPOS="1628.0"
                    VPOS="1618.0"
                    WIDTH="961.0"
                    HEIGHT="81.0">
            <Shape><Polygon POINTS="1631 1652 1631 1699 2589 1689 2589 1642 2585 1618 1628 1618 1631 1652"/></Shape>
	    <String CONTENT="ר&#39; יוחנן בן נורי אם נלקחין בכסף מעשר"
                    HPOS="1628.0"
                    VPOS="1618.0"
                    WIDTH="961.0"
                    HEIGHT="81.0"></String>
          </TextLine>

          
          
          <TextLine ID="eSc_line_48b1bf5e"
                    
                    BASELINE="1594 1727 1648 1737 1873 1730 2026 1740 2064 1730 2604 1727" 
                    HPOS="1587.0"
                    VPOS="1686.0"
                    WIDTH="1015.0"
                    HEIGHT="85.0">
            <Shape><Polygon POINTS="1590 1723 1590 1771 2599 1764 2602 1723 2595 1686 1587 1689 1590 1723"/></Shape>
	    <String CONTENT="מפני מה אינן מטמין טומאת אכלין אם [א&#39;]"
                    HPOS="1587.0"
                    VPOS="1686.0"
                    WIDTH="1015.0"
                    HEIGHT="85.0"></String>
          </TextLine>

          
          
          <TextLine ID="eSc_line_c16941bc"
                    
                    BASELINE="1607 1808 1662 1802 2480 1805 2594 1804" 
                    HPOS="1601.0"
                    VPOS="1764.0"
                    WIDTH="991.0"
                    HEIGHT="92.0">
            <Shape><Polygon POINTS="1604 1805 1601 1839 1645 1856 1648 1856 1652 1856 2589 1839 2592 1802 2589 1768 1604 1764 1604 1805"/></Shape>
	    <String CONTENT="אינן מטמין טומאת [טומאת] אכלין אף הן"
                    HPOS="1601.0"
                    VPOS="1764.0"
                    WIDTH="991.0"
                    HEIGHT="92.0"></String>
          </TextLine>

          
          
          <TextLine ID="eSc_line_54c20d62"
                    
                    BASELINE="1611 1873 2129 1880 2275 1877 2319 1870 2606 1873" 
                    HPOS="1604.0"
                    VPOS="1836.0"
                    WIDTH="998.0"
                    HEIGHT="78.0">
            <Shape><Polygon POINTS="1607 1870 1604 1907 2592 1914 2602 1870 2599 1843 1607 1836 1607 1870"/></Shape>
	    <String CONTENT="לא ילקחו בכסף מעשר ˙ ¶ ו&#39; הפגים והבוסר"
                    HPOS="1604.0"
                    VPOS="1836.0"
                    WIDTH="998.0"
                    HEIGHT="78.0"></String>
          </TextLine>

          
          
          <TextLine ID="eSc_line_2b5a002a"
                    
                    BASELINE="1628 1955 2210 1955 2279 1948 2609 1941" 
                    HPOS="1621.0"
                    VPOS="1894.0"
                    WIDTH="985.0"
                    HEIGHT="102.0">
            <Shape><Polygon POINTS="1624 1952 1624 1996 2602 1986 2606 1938 2602 1911 2411 1894 2408 1894 1621 1911 1624 1952"/></Shape>
	    <String CONTENT="ר&#39; עקיבה מטמא טומאת אכלין ר&#39; יוחנן בן"
                    HPOS="1621.0"
                    VPOS="1894.0"
                    WIDTH="985.0"
                    HEIGHT="102.0"></String>
          </TextLine>

          
          
          <TextLine ID="eSc_line_32a8517c"
                    
                    BASELINE="1580 2023 2255 2020 2422 2026 2510 2013 2592 2016" 
                    HPOS="1573.0"
                    VPOS="1965.0"
                    WIDTH="1016.0"
                    HEIGHT="102.0">
            <Shape><Polygon POINTS="1577 2020 1577 2061 2582 2067 2589 2013 2582 1965 1573 1979 1577 2020"/></Shape>
	    <String CONTENT="נורי או&#39; עד שיבואו לעונת המעשרות פריצי"
                    HPOS="1573.0"
                    VPOS="1965.0"
                    WIDTH="1016.0"
                    HEIGHT="102.0"></String>
          </TextLine>

          
          
          <TextLine ID="eSc_line_5f7ca0c7"
                    
                    BASELINE="1621 2088 1873 2098 2217 2095 2251 2088 2589 2088" 
                    HPOS="1614.0"
                    VPOS="2050.0"
                    WIDTH="971.0"
                    HEIGHT="82.0">
            <Shape><Polygon POINTS="1618 2084 1614 2129 2578 2132 2585 2084 2582 2054 1618 2050 1618 2084"/></Shape>
	    <String CONTENT="זיתים וענבים בית שמי או&#39; טמאין ובית הלל"
                    HPOS="1614.0"
                    VPOS="2050.0"
                    WIDTH="971.0"
                    HEIGHT="82.0"></String>
          </TextLine>

          
          
          <TextLine ID="eSc_line_98f76e1c"
                    
                    BASELINE="1614 2163 1665 2156 1815 2163 1853 2153 1890 2159 1938 2156 1982 2163 2125 2163 2170 2156 2611 2159" 
                    HPOS="1607.0"
                    VPOS="2122.0"
                    WIDTH="1002.0"
                    HEIGHT="78.0">
            <Shape><Polygon POINTS="1611 2159 1607 2193 2599 2200 2609 2156 2609 2129 1611 2122 1611 2159"/></Shape>
	    <String CONTENT="או&#39; טהורין הקצח בית שמי מטהרין ובית"
                    HPOS="1607.0"
                    VPOS="2122.0"
                    WIDTH="1002.0"
                    HEIGHT="78.0"></String>
          </TextLine>

          
          
          <TextLine ID="eSc_line_85c056b5"
                    
                    BASELINE="1601 2231 1730 2241 2609 2234" 
                    HPOS="1594.0"
                    VPOS="2197.0"
                    WIDTH="1012.0"
                    HEIGHT="82.0">
            <Shape><Polygon POINTS="1597 2227 1597 2275 2599 2279 2606 2231 2599 2197 1594 2197 1597 2227"/></Shape>
	    <String CONTENT="הלל מטמאין וכן למעשרות : ¶ ז&#39; דגים"
                    HPOS="1594.0"
                    VPOS="2197.0"
                    WIDTH="1012.0"
                    HEIGHT="82.0"></String>
          </TextLine>

          
          
          <TextLine ID="eSc_line_f42b57fe"
                    
                    BASELINE="1631 2316 1843 2316 1880 2326 1962 2319 2503 2323 2541 2316 2592 2316" 
                    HPOS="1624.0"
                    VPOS="2275.0"
                    WIDTH="965.0"
                    HEIGHT="82.0">
            <Shape><Polygon POINTS="1628 2313 1624 2354 2582 2357 2589 2313 2585 2279 1628 2275 1628 2313"/></Shape>
	    <String CONTENT="מאמתי מקבלין טומאה בית שמי או&#39; [משי&#39;]"
                    HPOS="1624.0"
                    VPOS="2275.0"
                    WIDTH="965.0"
                    HEIGHT="82.0"></String>
          </TextLine>

          
          
          <TextLine ID="eSc_line_e60847b1"
                    
                    BASELINE="1618 2391 2272 2398 2442 2394 2483 2388 2609 2388" 
                    HPOS="1611.0"
                    VPOS="2340.0"
                    WIDTH="995.0"
                    HEIGHT="92.0">
            <Shape><Polygon POINTS="1614 2388 1611 2428 2599 2432 2606 2384 2602 2360 2224 2360 2214 2357 2159 2340 2156 2340 2153 2340 1614 2350 1614 2388"/></Shape>
	    <String CONTENT="משיצודו ובית הלל או&#39; משימותו ר&#39; עקיבה"
                    HPOS="1611.0"
                    VPOS="2340.0"
                    WIDTH="995.0"
                    HEIGHT="92.0"></String>
          </TextLine>

          
          
          <TextLine ID="eSc_line_a97aeb88"
                    
                    BASELINE="1590 2456 1761 2466 2210 2466 2343 2463 2388 2456 2620 2464" 
                    HPOS="1584.0"
                    VPOS="2418.0"
                    WIDTH="1035.0"
                    HEIGHT="99.0">
            <Shape><Polygon POINTS="1587 2452 1584 2493 2371 2517 2374 2517 2612 2500 2619 2463 2616 2428 1587 2418 1587 2452"/></Shape>
	    <String CONTENT="או&#39; אם יכולין לחיות יחור שלתאינה שנפשח"
                    HPOS="1584.0"
                    VPOS="2418.0"
                    WIDTH="1035.0"
                    HEIGHT="99.0"></String>
          </TextLine>

          
          
          <TextLine ID="eSc_line_19488b40"
                    
                    BASELINE="1621 2531 1676 2541 2244 2541 2285 2534 2524 2534 2609 2517" 
                    HPOS="1614.0"
                    VPOS="2490.0"
                    WIDTH="992.0"
                    HEIGHT="82.0">
            <Shape><Polygon POINTS="1618 2527 1618 2572 2606 2572 2606 2514 2599 2490 1614 2493 1618 2527"/></Shape>
	    <String CONTENT="ומעורה בקליפה ר&#39; יהודה מטהר וחכ&#39; או&#39; אם"
                    HPOS="1614.0"
                    VPOS="2490.0"
                    WIDTH="992.0"
                    HEIGHT="82.0"></String>
          </TextLine>

          
          
          <TextLine ID="eSc_line_b82ccc3e"
                    
                    BASELINE="1614 2599 1744 2609 2558 2609 2623 2599" 
                    HPOS="1607.0"
                    VPOS="2565.0"
                    WIDTH="1012.0"
                    HEIGHT="81.0">
            <Shape><Polygon POINTS="1611 2595 1607 2646 2616 2646 2619 2595 2616 2565 1611 2565 1611 2595"/></Shape>
	    <String CONTENT="יכול לחיות תבואה שנעקרה ומערה אפילו"
                    HPOS="1607.0"
                    VPOS="2565.0"
                    WIDTH="1012.0"
                    HEIGHT="81.0"></String>
          </TextLine>

          
          
          <TextLine ID="eSc_line_35c3f89a"
                    
                    BASELINE="1635 2677 2282 2684 2452 2674 2609 2674" 
                    HPOS="1628.0"
                    VPOS="2636.0"
                    WIDTH="978.0"
                    HEIGHT="96.0">
            <Shape><Polygon POINTS="1631 2674 1628 2711 2088 2732 2091 2732 2602 2715 2606 2670 2599 2636 1631 2640 1631 2674"/></Shape>
	    <String CONTENT="בשורש קטן טהורה : ¶ ח&#39; הקוּר הרי הוא"
                    HPOS="1628.0"
                    VPOS="2636.0"
                    WIDTH="978.0"
                    HEIGHT="96.0"></String>
          </TextLine>

          
          
          <TextLine ID="eSc_line_c69ae15d"
                    
                    BASELINE="1611 2749 2078 2759 2118 2752 2425 2749 2466 2742 2578 2745 2623 2735" 
                    HPOS="1604.0"
                    VPOS="2701.0"
                    WIDTH="1015.0"
                    HEIGHT="109.0">
            <Shape><Polygon POINTS="1607 2745 1604 2786 1642 2807 1645 2807 1917 2810 1921 2810 2050 2790 2081 2810 2084 2810 2088 2810 2091 2810 2095 2810 2142 2793 2176 2810 2180 2810 2183 2810 2187 2810 2248 2793 2616 2793 2619 2732 2612 2701 1607 2708 1607 2745"/></Shape>
	    <String CONTENT="כעץ לכל דבריו וכפניות לאכלין ופטורות מן"
                    HPOS="1604.0"
                    VPOS="2701.0"
                    WIDTH="1015.0"
                    HEIGHT="109.0"></String>
          </TextLine>

          
          
          <TextLine ID="eSc_line_a6af4192"
                    
                    BASELINE="1624 2827 2623 2827" 
                    HPOS="1621.0"
                    VPOS="2790.0"
                    WIDTH="998.0"
                    HEIGHT="78.0">
            <Shape><Polygon POINTS="1621 2824 1621 2868 2619 2868 2619 2824 2616 2790 1621 2790 1621 2824"/></Shape>
	    <String CONTENT="המעשרות : ¶ ט&#39; חלב בהמה טהורה אינו"
                    HPOS="1621.0"
                    VPOS="2790.0"
                    WIDTH="998.0"
                    HEIGHT="78.0"></String>
          </TextLine>

          
          
          <TextLine ID="eSc_line_8190b382"
                    
                    BASELINE="1614 2902 2023 2902 2057 2909 2347 2909 2381 2902 2633 2909" 
                    HPOS="1607.0"
                    VPOS="2865.0"
                    WIDTH="1022.0"
                    HEIGHT="78.0">
            <Shape><Polygon POINTS="1611 2899 1607 2943 2623 2943 2629 2905 2629 2868 1611 2865 1611 2899"/></Shape>
	    <String CONTENT="מטמא טומאת נבילה לפיכך הוא צריך הכשר"
                    HPOS="1607.0"
                    VPOS="2865.0"
                    WIDTH="1022.0"
                    HEIGHT="78.0"></String>
          </TextLine>

          
          
          <TextLine ID="eSc_line_daeebc3c"
                    
                    BASELINE="1645 2967 1764 2977 2415 2977 2628 2975" 
                    HPOS="1638.0"
                    VPOS="2936.0"
                    WIDTH="988.0"
                    HEIGHT="85.0">
            <Shape><Polygon POINTS="1642 2963 1638 3011 2619 3021 2626 2974 2623 2936 1642 2936 1642 2963"/></Shape>
	    <String CONTENT="חלב בהמה טמאה מטמא טומאת נבילה"
                    HPOS="1638.0"
                    VPOS="2936.0"
                    WIDTH="988.0"
                    HEIGHT="85.0"></String>
          </TextLine>

          
          
          <TextLine ID="eSc_line_0654edca"
                    
                    BASELINE="1601 3042 2326 3042 2517 3048 2616 3031" 
                    HPOS="1594.0"
                    VPOS="3001.0"
                    WIDTH="1018.0"
                    HEIGHT="105.0">
            <Shape><Polygon POINTS="1597 3038 1597 3106 1754 3089 2612 3089 2612 3028 2609 3001 1594 3001 1597 3038"/></Shape>
	    <String CONTENT="לפיכך אינו צריך הכשר דגין טמאין וחגבין"
                    HPOS="1594.0"
                    VPOS="3001.0"
                    WIDTH="1018.0"
                    HEIGHT="105.0"></String>
          </TextLine>

          
        </TextBlock>
        
        <TextBlock HPOS="2569.0"
                   VPOS="1018.0"
                   WIDTH="212.0"
                   HEIGHT="120.0"
                   ID="eSc_textblock_8a442700"
                   TAGREFS="BT830">
          <Shape><Polygon POINTS="2781 1018 2781 1138 2569 1138 2569 1018"/></Shape>
          
          
          <TextLine ID="eSc_line_f5314863"
                    
                    BASELINE="2570 1078 2735 1069" 
                    HPOS="2568.0"
                    VPOS="1039.0"
                    WIDTH="164.0"
                    HEIGHT="78.0">
            <Shape><Polygon POINTS="2568 1056 2568 1076 2568 1117 2732 1113 2732 1066 2728 1039 2589 1039 2568 1056"/></Shape>
	    <String CONTENT="טעמה"
                    HPOS="2568.0"
                    VPOS="1039.0"
                    WIDTH="164.0"
                    HEIGHT="78.0"></String>
          </TextLine>

          
        </TextBlock>
        
        <TextBlock HPOS="443.0"
                   VPOS="605.0"
                   WIDTH="1025.0"
                   HEIGHT="2320.0"
                   ID="eSc_textblock_473ab660"
                   TAGREFS="BT2">
          <Shape><Polygon POINTS="443 628 476 2925 1468 2925 1440 605"/></Shape>
          
          
          <TextLine ID="eSc_line_78fa2e37"
                    
                    BASELINE="415 671 1431 660" 
                    HPOS="408.0"
                    VPOS="620.0"
                    WIDTH="1022.0"
                    HEIGHT="91.0">
            <Shape><Polygon POINTS="412 667 412 711 1427 701 1430 657 1423 620 408 630 412 667"/></Shape>
	    <String CONTENT="טמאין צריכין מחשבה בכפרים : ¶ י&#39; כוורת"
                    HPOS="408.0"
                    VPOS="620.0"
                    WIDTH="1022.0"
                    HEIGHT="91.0"></String>
          </TextLine>

          
          
          <TextLine ID="eSc_line_c8174f48"
                    
                    BASELINE="408 739 582 749 756 749 1124 739 1318 742 1355 735 1431 735" 
                    HPOS="401.0"
                    VPOS="705.0"
                    WIDTH="1029.0"
                    HEIGHT="78.0">
            <Shape><Polygon POINTS="405 735 405 783 1427 776 1430 732 1423 705 401 705 405 735"/></Shape>
	    <String CONTENT="דבורים ר&#39; אליעזר או&#39; הרי הוא כקרקע וכותבין"
                    HPOS="401.0"
                    VPOS="705.0"
                    WIDTH="1029.0"
                    HEIGHT="78.0"></String>
          </TextLine>

          
          
          <TextLine ID="eSc_line_f12dd240"
                    
                    BASELINE="408 817 1168 824 1205 817 1431 810" 
                    HPOS="401.0"
                    VPOS="763.0"
                    WIDTH="1029.0"
                    HEIGHT="105.0">
            <Shape><Polygon POINTS="405 814 401 855 1335 868 1355 868 1389 868 1423 868 1423 868 1430 807 1430 786 1386 763 1383 763 1379 763 405 780 405 814"/></Shape>
	    <String CONTENT="עליה פרוזבול ואינה מקבלת טומאה במקומה"
                    HPOS="401.0"
                    VPOS="763.0"
                    WIDTH="1029.0"
                    HEIGHT="105.0"></String>
          </TextLine>

          
          
          <TextLine ID="eSc_line_7b5164a4"
                    
                    BASELINE="449 889 725 889 759 895 803 885 1182 885 1431 875" 
                    HPOS="442.0"
                    VPOS="844.0"
                    WIDTH="988.0"
                    HEIGHT="82.0">
            <Shape><Polygon POINTS="446 885 446 926 1430 919 1430 872 1423 844 442 848 446 885"/></Shape>
	    <String CONTENT="והרודה ממנה בשבת חייב וחכמ&#39; אומ&#39; אינה"
                    HPOS="442.0"
                    VPOS="844.0"
                    WIDTH="988.0"
                    HEIGHT="82.0"></String>
          </TextLine>

          
          
          <TextLine ID="eSc_line_24bdb599"
                    
                    BASELINE="449 960 1314 960 1427 950" 
                    HPOS="442.0"
                    VPOS="919.0"
                    WIDTH="981.0"
                    HEIGHT="82.0">
            <Shape><Polygon POINTS="446 957 446 1001 1420 998 1423 947 1420 919 442 919 446 957"/></Shape>
	    <String CONTENT="כקרקע ואין כותבין עליה פרוזבול ומקבלת"
                    HPOS="442.0"
                    VPOS="919.0"
                    WIDTH="981.0"
                    HEIGHT="82.0"></String>
          </TextLine>

          
          
          <TextLine ID="eSc_line_2acc2ab1"
                    
                    BASELINE="436 1028 483 1039 1376 1025 1423 1032" 
                    HPOS="429.0"
                    VPOS="984.0"
                    WIDTH="991.0"
                    HEIGHT="89.0">
            <Shape><Polygon POINTS="432 1025 432 1073 1413 1069 1420 1028 1413 984 429 994 432 1025"/></Shape>
	    <String CONTENT="טומאה במקומה והרודה ממנה בשבת [פט&#39;]"
                    HPOS="429.0"
                    VPOS="984.0"
                    WIDTH="991.0"
                    HEIGHT="89.0"></String>
          </TextLine>

          
          
          <TextLine ID="eSc_line_2a03451b"
                    
                    BASELINE="459 1093 664 1093 698 1100 916 1103 1107 1093 1386 1096 1430 1086" 
                    HPOS="453.0"
                    VPOS="1059.0"
                    WIDTH="974.0"
                    HEIGHT="78.0">
            <Shape><Polygon POINTS="456 1090 456 1137 1427 1134 1427 1083 1423 1059 453 1059 456 1090"/></Shape>
	    <String CONTENT="פטור ¶ חלות דבש מאמתי מיטמות משם"
                    HPOS="453.0"
                    VPOS="1059.0"
                    WIDTH="974.0"
                    HEIGHT="78.0"></String>
          </TextLine>

          
          
          <TextLine ID="eSc_line_680709de"
                    
                    BASELINE="463 1171 1001 1178 1362 1168 1441 1163" 
                    HPOS="456.0"
                    VPOS="1131.0"
                    WIDTH="981.0"
                    HEIGHT="81.0">
            <Shape><Polygon POINTS="459 1168 459 1212 1434 1212 1437 1161 1434 1131 456 1131 459 1168"/></Shape>
	    <String CONTENT="משקה בית שמי או&#39; משיחרחר ובית הלל או&#39;"
                    HPOS="456.0"
                    VPOS="1131.0"
                    WIDTH="981.0"
                    HEIGHT="81.0"></String>
          </TextLine>

          
          
          <TextLine ID="eSc_line_e1f144da"
                    
                    BASELINE="453 1233 1096 1240 1202 1236 1240 1229 1434 1233" 
                    HPOS="446.0"
                    VPOS="1182.0"
                    WIDTH="984.0"
                    HEIGHT="109.0">
            <Shape><Polygon POINTS="449 1229 446 1267 735 1287 739 1287 1025 1274 1090 1291 1093 1291 1096 1291 1423 1270 1430 1229 1430 1205 585 1182 582 1182 449 1195 449 1229"/></Shape>
	    <String CONTENT="משיירסק ˙ ¶ א&#39; ר&#39; יהושע בן לוי עתיד הק&#39;ב&#39;ה&#39; [לה&#39;]"
                    HPOS="446.0"
                    VPOS="1182.0"
                    WIDTH="984.0"
                    HEIGHT="109.0"></String>
          </TextLine>

          
          
          <TextLine ID="eSc_line_263218a0"
                    
                    BASELINE="439 1304 698 1314 1022 1314 1103 1308 1274 1308 1423 1297" 
                    HPOS="432.0"
                    VPOS="1250.0"
                    WIDTH="988.0"
                    HEIGHT="105.0">
            <Shape><Polygon POINTS="436 1301 432 1342 1413 1355 1420 1294 1413 1263 889 1267 878 1267 821 1250 817 1250 814 1250 436 1267 436 1301"/></Shape>
	    <String CONTENT="להנחיל כל צדיק וצדיק שלש מאות ועשרה"
                    HPOS="432.0"
                    VPOS="1250.0"
                    WIDTH="988.0"
                    HEIGHT="105.0"></String>
          </TextLine>

          
          
          <TextLine ID="eSc_line_0657a76b"
                    
                    BASELINE="442 1372 493 1383 1243 1379 1277 1386 1311 1376 1441 1376" 
                    HPOS="436.0"
                    VPOS="1338.0"
                    WIDTH="1001.0"
                    HEIGHT="96.0">
            <Shape><Polygon POINTS="439 1369 439 1420 1345 1434 1349 1434 1434 1413 1437 1372 1430 1338 436 1338 439 1369"/></Shape>
	    <String CONTENT="עולמות שנ&#39; להנחיל אוהביי יש ואוצ&#39; אמל&#39;"
                    HPOS="436.0"
                    VPOS="1338.0"
                    WIDTH="1001.0"
                    HEIGHT="96.0"></String>
          </TextLine>

          
          
          <TextLine ID="eSc_line_d9d6fc05"
                    
                    BASELINE="425 1454 521 1464 1325 1464 1359 1458 1437 1458" 
                    HPOS="419.0"
                    VPOS="1420.0"
                    WIDTH="1015.0"
                    HEIGHT="85.0">
            <Shape><Polygon POINTS="422 1451 419 1498 1427 1505 1434 1454 1430 1420 422 1420 422 1451"/></Shape>
	    <String CONTENT="א&#39;ר&#39; שמעון בן חלפותא אין לך כלי שהוא"
                    HPOS="419.0"
                    VPOS="1420.0"
                    WIDTH="1015.0"
                    HEIGHT="85.0"></String>
          </TextLine>

          
          
          <TextLine ID="eSc_line_93d28a80"
                    
                    BASELINE="439 1529 1441 1531" 
                    HPOS="432.0"
                    VPOS="1495.0"
                    WIDTH="1005.0"
                    HEIGHT="92.0">
            <Shape><Polygon POINTS="436 1526 432 1587 1250 1587 1284 1587 1318 1587 1352 1584 1386 1584 1420 1584 1420 1587 1430 1587 1437 1529 1434 1498 436 1495 436 1526"/></Shape>
	    <String CONTENT="מחזיק ברכה אלא שלום שנ&#39; ייי עוז לעמו"
                    HPOS="432.0"
                    VPOS="1495.0"
                    WIDTH="1005.0"
                    HEIGHT="92.0"></String>
          </TextLine>

          
          
          <TextLine ID="eSc_line_c243718a"
                    
                    BASELINE="626 1611 681 1611 715 1604 943 1607 1430 1590" 
                    HPOS="620.0"
                    VPOS="1553.0"
                    WIDTH="807.0"
                    HEIGHT="92.0">
            <Shape><Polygon POINTS="623 1607 623 1645 1423 1624 1427 1587 1420 1553 620 1563 623 1607"/></Shape>
	    <String CONTENT="יתן ייי יברך את עמו בשלום ˙ [/]"
                    HPOS="620.0"
                    VPOS="1553.0"
                    WIDTH="807.0"
                    HEIGHT="92.0"></String>
          </TextLine>

          
          
          <TextLine ID="eSc_line_69993272"
                    
                    BASELINE="715 1662 1277 1669 1321 1659" 
                    HPOS="708.0"
                    VPOS="1614.0"
                    WIDTH="610.0"
                    HEIGHT="109.0">
            <Shape><Polygon POINTS="711 1659 708 1706 1175 1723 1178 1723 1314 1703 1318 1655 1311 1614 711 1624 711 1659"/></Shape>
	    <String CONTENT="חסלת מסכת עקצין ˙ [/]"
                    HPOS="708.0"
                    VPOS="1614.0"
                    WIDTH="610.0"
                    HEIGHT="109.0"></String>
          </TextLine>

          
          
          <TextLine ID="eSc_line_1c33cf50"
                    
                    BASELINE="766 1733 1301 1733" 
                    HPOS="763.0"
                    VPOS="1686.0"
                    WIDTH="534.0"
                    HEIGHT="112.0">
            <Shape><Polygon POINTS="763 1730 763 1795 1294 1798 1297 1730 1294 1686 763 1699 763 1730"/></Shape>
	    <String CONTENT="חסלת סדר טהרות ˙ [/]"
                    HPOS="763.0"
                    VPOS="1686.0"
                    WIDTH="534.0"
                    HEIGHT="112.0"></String>
          </TextLine>

          
          
          <TextLine ID="eSc_line_28420d61"
                    
                    BASELINE="667 1887 1311 1887 1345 1880 1434 1880" 
                    HPOS="660.0"
                    VPOS="1825.0"
                    WIDTH="770.0"
                    HEIGHT="99.0">
            <Shape><Polygon POINTS="664 1883 664 1924 1427 1917 1430 1877 1427 1843 1389 1825 1386 1825 1383 1825 855 1843 797 1825 793 1825 790 1825 660 1843 664 1883"/></Shape>
	    <String CONTENT="כלים פרקי תלתין ˙"
                    HPOS="660.0"
                    VPOS="1825.0"
                    WIDTH="770.0"
                    HEIGHT="99.0"></String>
          </TextLine>

          
          
          <TextLine ID="eSc_line_273aabdf"
                    
                    BASELINE="562 1948 841 1962 1151 1962 1430 1952" 
                    HPOS="555.0"
                    VPOS="1907.0"
                    WIDTH="872.0"
                    HEIGHT="96.0">
            <Shape><Polygon POINTS="558 1945 555 1996 1420 2003 1427 1948 1420 1907 558 1911 558 1945"/></Shape>
	    <String CONTENT="אהילות פרקי תמנת עשר ˙"
                    HPOS="555.0"
                    VPOS="1907.0"
                    WIDTH="872.0"
                    HEIGHT="96.0"></String>
          </TextLine>

          
          
          <TextLine ID="eSc_line_2f3dbc1b"
                    
                    BASELINE="616 2023 667 2040 735 2033 1233 2037 1444 2026" 
                    HPOS="609.0"
                    VPOS="1999.0"
                    WIDTH="832.0"
                    HEIGHT="75.0">
            <Shape><Polygon POINTS="613 2020 613 2074 1437 2067 1441 2023 1437 1999 609 1999 613 2020"/></Shape>
	    <String CONTENT="נגעין פרקי ארביסר ˙"
                    HPOS="609.0"
                    VPOS="1999.0"
                    WIDTH="832.0"
                    HEIGHT="75.0"></String>
          </TextLine>

          
          
          <TextLine ID="eSc_line_1eeb1838"
                    
                    BASELINE="616 2105 1287 2105 1458 2095" 
                    HPOS="609.0"
                    VPOS="2071.0"
                    WIDTH="845.0"
                    HEIGHT="78.0">
            <Shape><Polygon POINTS="613 2101 613 2149 1451 2139 1454 2091 1451 2071 609 2071 613 2101"/></Shape>
	    <String CONTENT="פרה פרקי תריעשר ˙"
                    HPOS="609.0"
                    VPOS="2071.0"
                    WIDTH="845.0"
                    HEIGHT="78.0"></String>
          </TextLine>

          
          
          <TextLine ID="eSc_line_0c95235d"
                    
                    BASELINE="599 2163 657 2173 1444 2166" 
                    HPOS="592.0"
                    VPOS="2139.0"
                    WIDTH="849.0"
                    HEIGHT="92.0">
            <Shape><Polygon POINTS="596 2159 596 2217 1028 2231 1032 2231 1437 2210 1441 2163 1437 2139 592 2139 596 2159"/></Shape>
	    <String CONTENT="טהרות פרקי עשרה ˙"
                    HPOS="592.0"
                    VPOS="2139.0"
                    WIDTH="849.0"
                    HEIGHT="92.0"></String>
          </TextLine>

          
          
          <TextLine ID="eSc_line_509bd35e"
                    
                    BASELINE="633 2248 868 2248 950 2258 994 2251 1178 2255 1222 2248 1437 2241" 
                    HPOS="626.0"
                    VPOS="2197.0"
                    WIDTH="808.0"
                    HEIGHT="95.0">
            <Shape><Polygon POINTS="630 2244 630 2292 1430 2289 1434 2238 1427 2200 882 2214 626 2197 630 2244"/></Shape>
	    <String CONTENT="מקוות פרקי עשרה ˙"
                    HPOS="626.0"
                    VPOS="2197.0"
                    WIDTH="808.0"
                    HEIGHT="95.0"></String>
          </TextLine>

          
          
          <TextLine ID="eSc_line_9e50400d"
                    
                    BASELINE="671 2330 1464 2323" 
                    HPOS="664.0"
                    VPOS="2272.0"
                    WIDTH="797.0"
                    HEIGHT="95.0">
            <Shape><Polygon POINTS="667 2326 667 2367 1458 2360 1461 2319 1458 2289 1137 2272 1134 2272 664 2292 667 2326"/></Shape>
	    <String CONTENT="נדה פרקי עשרה ˙"
                    HPOS="664.0"
                    VPOS="2272.0"
                    WIDTH="797.0"
                    HEIGHT="95.0"></String>
          </TextLine>

          
          
          <TextLine ID="eSc_line_ab74fc16"
                    
                    BASELINE="654 2401 1396 2401 1451 2408" 
                    HPOS="647.0"
                    VPOS="2354.0"
                    WIDTH="800.0"
                    HEIGHT="91.0">
            <Shape><Polygon POINTS="650 2398 647 2445 1441 2445 1447 2405 1441 2354 650 2364 650 2398"/></Shape>
	    <String CONTENT="מכשירין פרקי ששה ˙"
                    HPOS="647.0"
                    VPOS="2354.0"
                    WIDTH="800.0"
                    HEIGHT="91.0"></String>
          </TextLine>

          
          
          <TextLine ID="eSc_line_c9238df4"
                    
                    BASELINE="626 2463 756 2473 1308 2473 1455 2473" 
                    HPOS="620.0"
                    VPOS="2422.0"
                    WIDTH="834.0"
                    HEIGHT="92.0">
            <Shape><Polygon POINTS="623 2459 620 2514 1451 2503 1454 2469 1447 2422 1318 2442 1205 2442 1192 2425 1188 2425 1188 2422 1185 2422 1182 2422 1178 2422 623 2435 623 2459"/></Shape>
	    <String CONTENT="זבין פרקי חמשה ˙"
                    HPOS="620.0"
                    VPOS="2422.0"
                    WIDTH="834.0"
                    HEIGHT="92.0"></String>
          </TextLine>

          
          
          <TextLine ID="eSc_line_72a5146d"
                    
                    BASELINE="657 2534 848 2544 923 2537 1406 2537 1451 2544" 
                    HPOS="650.0"
                    VPOS="2493.0"
                    WIDTH="797.0"
                    HEIGHT="92.0">
            <Shape><Polygon POINTS="654 2531 650 2585 1437 2582 1447 2541 1444 2497 654 2493 654 2531"/></Shape>
	    <String CONTENT="טבול יום פרקי ארבעה ˙"
                    HPOS="650.0"
                    VPOS="2493.0"
                    WIDTH="797.0"
                    HEIGHT="92.0"></String>
          </TextLine>

          
          
          <TextLine ID="eSc_line_ac91ae0b"
                    
                    BASELINE="626 2616 1066 2612 1107 2606 1437 2609" 
                    HPOS="620.0"
                    VPOS="2558.0"
                    WIDTH="814.0"
                    HEIGHT="99.0">
            <Shape><Polygon POINTS="623 2612 623 2657 1427 2643 1434 2606 1430 2558 1314 2558 1311 2558 1308 2558 1304 2558 1304 2561 1284 2578 1107 2565 1056 2561 1052 2561 998 2568 906 2578 885 2572 855 2558 851 2558 848 2558 620 2575 623 2612"/></Shape>
	    <String CONTENT="ידים פרקי ארבעה ˙"
                    HPOS="620.0"
                    VPOS="2558.0"
                    WIDTH="814.0"
                    HEIGHT="99.0"></String>
          </TextLine>

          
          
          <TextLine ID="eSc_line_fe93681c"
                    
                    BASELINE="626 2681 708 2691 1022 2691 1096 2684 1441 2677" 
                    HPOS="620.0"
                    VPOS="2643.0"
                    WIDTH="817.0"
                    HEIGHT="92.0">
            <Shape><Polygon POINTS="623 2677 623 2735 1434 2732 1437 2674 1430 2643 620 2650 623 2677"/></Shape>
	    <String CONTENT="עקצים פרקי תלתה ˙"
                    HPOS="620.0"
                    VPOS="2643.0"
                    WIDTH="817.0"
                    HEIGHT="92.0"></String>
          </TextLine>

          
          
          <TextLine ID="eSc_line_aa346241"
                    
                    BASELINE="763 2762 936 2762 1052 2755 1199 2759 1267 2752 1396 2752" 
                    HPOS="756.0"
                    VPOS="2704.0"
                    WIDTH="637.0"
                    HEIGHT="109.0">
            <Shape><Polygon POINTS="759 2759 759 2813 1389 2793 1393 2749 1389 2725 1260 2704 1257 2704 756 2725 759 2759"/></Shape>
	    <String CONTENT="סכום פרקי דטהרות"
                    HPOS="756.0"
                    VPOS="2704.0"
                    WIDTH="637.0"
                    HEIGHT="109.0"></String>
          </TextLine>

          
          
          <TextLine ID="eSc_line_adbf44c6"
                    
                    BASELINE="725 2841 810 2841 844 2834 1420 2820" 
                    HPOS="718.0"
                    VPOS="2790.0"
                    WIDTH="699.0"
                    HEIGHT="92.0">
            <Shape><Polygon POINTS="722 2837 722 2882 1413 2871 1417 2817 1410 2790 718 2793 722 2837"/></Shape>
	    <String CONTENT="מאה ועשרים ושיתא ˙"
                    HPOS="718.0"
                    VPOS="2790.0"
                    WIDTH="699.0"
                    HEIGHT="92.0"></String>
          </TextLine>

          
        </TextBlock>
        
        <TextBlock HPOS="506.0"
                   VPOS="3151.0"
                   WIDTH="1319.0"
                   HEIGHT="261.0"
                   ID="eSc_textblock_f3deaac1"
                   TAGREFS="BT832">
          <Shape><Polygon POINTS="506 3151 506 3412 1825 3412 1825 3186"/></Shape>
          
          
          <TextLine ID="eSc_line_20d7eeb5"
                    
                    BASELINE="581 3236 1644 3273 1651 3217 1810 3231" 
                    HPOS="575.0"
                    VPOS="3164.0"
                    WIDTH="1233.0"
                    HEIGHT="171.0">
            <Shape><Polygon POINTS="998 3164 814 3188 739 3195 579 3185 579 3232 575 3297 814 3273 868 3301 909 3321 912 3321 1069 3324 1073 3324 1076 3324 1120 3301 1131 3294 1222 3294 1246 3301 1352 3335 1355 3335 1359 3335 1362 3335 1430 3304 1498 3328 1502 3328 1505 3328 1802 3297 1808 3229 1808 3205 1652 3188 1648 3188 1645 3188 1621 3202 1580 3222 1447 3222 1423 3198 1423 3195 1420 3195 1417 3195 1413 3195 1410 3195 1400 3198 1352 3209 1338 3195 1318 3178 1314 3178 1311 3178 1308 3178 1304 3178 1257 3195 1205 3212 1120 3192 1001 3164 998 3164"/></Shape>
	    <String CONTENT="Dominico Gierosolomitano"
                    HPOS="575.0"
                    VPOS="3164.0"
                    WIDTH="1233.0"
                    HEIGHT="171.0"></String>
          </TextLine>

          
          
          <TextLine ID="eSc_line_0495885c"
                    
                    BASELINE="612 3328 874 3352" 
                    HPOS="602.0"
                    VPOS="3256.0"
                    WIDTH="270.0"
                    HEIGHT="177.0">
            <Shape><Polygon POINTS="609 3324 602 3386 790 3433 793 3433 797 3433 865 3406 872 3348 872 3297 613 3256 609 3324"/></Shape>
	    <String CONTENT="1598"
                    HPOS="602.0"
                    VPOS="3256.0"
                    WIDTH="270.0"
                    HEIGHT="177.0"></String>
          </TextLine>

          
        </TextBlock>
        

        
      </PrintSpace>
    </Page>
  </Layout>
</alto>
