<?xml version="1.0" encoding="UTF-8"?>
<alto xmlns:xsi="http://www.w3.org/2001/XMLSchema-instance"
      xmlns="http://www.loc.gov/standards/alto/ns-v4#"
      xsi:schemaLocation="http://www.loc.gov/standards/alto/ns-v4# http://www.loc.gov/standards/alto/v4/alto-4-2.xsd">
  <Description>
    <MeasurementUnit>pixel</MeasurementUnit>
    <sourceImageInformation>
      <fileName>MsParm3173_F13911_0263.jpg</fileName>
      
    </sourceImageInformation>
  </Description>
  
  <Tags>
    <OtherTag ID="BT1" LABEL="Title" DESCRIPTION="block type Title"/><OtherTag ID="BT2" LABEL="Main" DESCRIPTION="block type Main"/><OtherTag ID="BT3" LABEL="Commentary" DESCRIPTION="block type Commentary"/><OtherTag ID="BT4" LABEL="Illustration" DESCRIPTION="block type Illustration"/><OtherTag ID="BT830" LABEL="Margin" DESCRIPTION="block type Margin"/><OtherTag ID="BT831" LABEL="Hole" DESCRIPTION="block type Hole"/><OtherTag ID="BT832" LABEL="Paratext" DESCRIPTION="block type Paratext"/>
    <OtherTag ID="LT2" LABEL="Numbering" DESCRIPTION="line type Numbering"/><OtherTag ID="LT3" LABEL="Correction" DESCRIPTION="line type Correction"/><OtherTag ID="LT501" LABEL="Gloss" DESCRIPTION="line type Gloss"/>
  </Tags>
  
  <Layout>
    <Page WIDTH="3066"
          HEIGHT="4088"
          PHYSICAL_IMG_NR="255"
          ID="eSc_dummypage_">
      <PrintSpace HPOS="0"
                  VPOS="0"
                  WIDTH="3066"
                  HEIGHT="4088">
        
        <TextBlock HPOS="1414.0"
                   VPOS="714.0"
                   WIDTH="1077.0"
                   HEIGHT="2369.0"
                   ID="eSc_textblock_2277b0d4"
                   TAGREFS="BT2">
          <Shape><Polygon POINTS="1414 728 2442 714 2491 3083 1473 3066"/></Shape>
          
          
          <TextLine ID="eSc_line_40dd109c"
                    
                    BASELINE="1403 780 2057 776 2234 763 2347 769 2428 759" 
                    HPOS="1396.0"
                    VPOS="711.0"
                    WIDTH="1029.0"
                    HEIGHT="103.0">
            <Shape><Polygon POINTS="2248 715 2214 715 2180 718 2146 718 2112 718 2084 718 1907 729 1849 722 1839 722 1805 722 1771 722 1737 722 1703 722 1696 722 1669 732 1587 725 1567 725 1533 725 1498 725 1464 725 1430 725 1410 711 1396 725 1400 776 1400 814 2425 814 2425 756 2422 729 2248 715 2248 715"/></Shape>
	    <String CONTENT="פטור מן המרים ˙ ¶ ז&#39; התמד עד שלא"
                    HPOS="1396.0"
                    VPOS="711.0"
                    WIDTH="1029.0"
                    HEIGHT="103.0"></String>
          </TextLine>

          
          
          <TextLine ID="eSc_line_e825acac"
                    
                    BASELINE="1420 855 1512 848 1999 851 2122 844 2425 838" 
                    HPOS="1413.0"
                    VPOS="807.0"
                    WIDTH="1009.0"
                    HEIGHT="92.0">
            <Shape><Polygon POINTS="1417 851 1417 899 2418 875 2422 834 2415 807 1413 807 1417 851"/></Shape>
	    <String CONTENT="החמיץ אינו נלקח בכסף מעשר ומשהחמיץ"
                    HPOS="1413.0"
                    VPOS="807.0"
                    WIDTH="1009.0"
                    HEIGHT="92.0"></String>
          </TextLine>

          
          
          <TextLine ID="eSc_line_f9abe5f7"
                    
                    BASELINE="1441 909 1485 919 1635 916 1931 919 1965 912 2221 909 2255 902 2367 902 2415 909" 
                    HPOS="1434.0"
                    VPOS="872.0"
                    WIDTH="977.0"
                    HEIGHT="88.0">
            <Shape><Polygon POINTS="1437 906 1437 960 2401 947 2411 906 2405 872 1434 875 1437 906"/></Shape>
	    <String CONTENT="נלקח בכסף מעשר האחים השותפין [ש&#39;]"
                    HPOS="1434.0"
                    VPOS="872.0"
                    WIDTH="977.0"
                    HEIGHT="88.0"></String>
          </TextLine>

          
          
          <TextLine ID="eSc_line_9cc35abc"
                    
                    BASELINE="1447 991 1492 984 2095 987 2139 981 2422 978" 
                    HPOS="1444.0"
                    VPOS="940.0"
                    WIDTH="974.0"
                    HEIGHT="78.0">
            <Shape><Polygon POINTS="1444 987 1444 1018 2415 1015 2418 977 2411 940 1444 943 1444 987"/></Shape>
	    <String CONTENT="שחייבים בקולבון פטורים ממעשר [בה&#39;]"
                    HPOS="1444.0"
                    VPOS="940.0"
                    WIDTH="974.0"
                    HEIGHT="78.0"></String>
          </TextLine>

          
          
          <TextLine ID="eSc_line_19de293a"
                    
                    BASELINE="1451 1045 1655 1056 1693 1049 1979 1045 2016 1035 2142 1042 2374 1039 2455 1049" 
                    HPOS="1444.0"
                    VPOS="1008.0"
                    WIDTH="1008.0"
                    HEIGHT="82.0">
            <Shape><Polygon POINTS="1447 1042 1444 1090 2445 1076 2452 1045 2449 1015 1447 1008 1447 1042"/></Shape>
	    <String CONTENT="בהמה ושחייבים במעשר בהמה פטורין"
                    HPOS="1444.0"
                    VPOS="1008.0"
                    WIDTH="1008.0"
                    HEIGHT="82.0"></String>
          </TextLine>

          
          
          <TextLine ID="eSc_line_ba3d2267"
                    
                    BASELINE="1437 1117 1778 1113 1812 1103 1846 1110 2105 1110 2439 1102" 
                    HPOS="1430.0"
                    VPOS="1066.0"
                    WIDTH="1005.0"
                    HEIGHT="85.0">
            <Shape><Polygon POINTS="1434 1113 1434 1151 2432 1144 2435 1100 2428 1066 1430 1076 1434 1113"/></Shape>
	    <String CONTENT="מן הקולבון כל מקום שיש מכר אין קנס"
                    HPOS="1430.0"
                    VPOS="1066.0"
                    WIDTH="1005.0"
                    HEIGHT="85.0"></String>
          </TextLine>

          
          
          <TextLine ID="eSc_line_f3adc6cf"
                    
                    BASELINE="1420 1168 1543 1178 1621 1175 1914 1178 1955 1171 2262 1168 2302 1161 2441 1169" 
                    HPOS="1413.0"
                    VPOS="1124.0"
                    WIDTH="1026.0"
                    HEIGHT="92.0">
            <Shape><Polygon POINTS="1417 1165 1413 1216 2432 1205 2439 1168 2435 1144 1965 1124 1962 1124 1417 1134 1417 1165"/></Shape>
	    <String CONTENT="וכל מקום שיש קנס אין מכר כל מקום"
                    HPOS="1413.0"
                    VPOS="1124.0"
                    WIDTH="1026.0"
                    HEIGHT="92.0"></String>
          </TextLine>

          
          
          <TextLine ID="eSc_line_b3999184"
                    
                    BASELINE="1434 1233 1614 1240 1693 1246 1911 1243 1945 1250 1986 1240 2180 1236 2214 1229 2360 1233 2442 1219" 
                    HPOS="1427.0"
                    VPOS="1182.0"
                    WIDTH="1012.0"
                    HEIGHT="105.0">
            <Shape><Polygon POINTS="1430 1229 1430 1274 2159 1287 2163 1287 2166 1287 2170 1287 2190 1270 2193 1270 2439 1270 2439 1216 2432 1182 1427 1199 1430 1229"/></Shape>
	    <String CONTENT="שיש מיאון אין חליצה וכל מקום שיש"
                    HPOS="1427.0"
                    VPOS="1182.0"
                    WIDTH="1012.0"
                    HEIGHT="105.0"></String>
          </TextLine>

          
          
          <TextLine ID="eSc_line_97ca6d22"
                    
                    BASELINE="1437 1304 1934 1304 1979 1297 2296 1301 2443 1293" 
                    HPOS="1430.0"
                    VPOS="1253.0"
                    WIDTH="1012.0"
                    HEIGHT="89.0">
            <Shape><Polygon POINTS="1434 1301 1434 1335 2439 1342 2442 1291 2435 1253 1430 1263 1434 1301"/></Shape>
	    <String CONTENT="חליצה אין מיאון כל מקום שיש תקיעה"
                    HPOS="1430.0"
                    VPOS="1253.0"
                    WIDTH="1012.0"
                    HEIGHT="89.0"></String>
          </TextLine>

          
          
          <TextLine ID="eSc_line_945c7fb3"
                    
                    BASELINE="1464 1362 2347 1369 2388 1362 2442 1362" 
                    HPOS="1458.0"
                    VPOS="1328.0"
                    WIDTH="981.0"
                    HEIGHT="75.0">
            <Shape><Polygon POINTS="1461 1359 1458 1396 2432 1403 2439 1359 2435 1328 1461 1328 1461 1359"/></Shape>
	    <String CONTENT="אין הבדלה וכל מקום שיש הבדלה אין"
                    HPOS="1458.0"
                    VPOS="1328.0"
                    WIDTH="981.0"
                    HEIGHT="75.0"></String>
          </TextLine>

          
          
          <TextLine ID="eSc_line_f2ebb739"
                    
                    BASELINE="1458 1430 2442 1423" 
                    HPOS="1451.0"
                    VPOS="1389.0"
                    WIDTH="988.0"
                    HEIGHT="79.0">
            <Shape><Polygon POINTS="1454 1427 1454 1468 2435 1464 2439 1420 2432 1389 1451 1393 1454 1427"/></Shape>
	    <String CONTENT="תקיעה כיצד יום טוב שחל להיות ערב"
                    HPOS="1451.0"
                    VPOS="1389.0"
                    WIDTH="988.0"
                    HEIGHT="79.0"></String>
          </TextLine>

          
          
          <TextLine ID="eSc_line_9f531f3a"
                    
                    BASELINE="1447 1492 1553 1498 1921 1488 2473 1496" 
                    HPOS="1441.0"
                    VPOS="1454.0"
                    WIDTH="1028.0"
                    HEIGHT="75.0">
            <Shape><Polygon POINTS="1444 1488 1441 1522 2459 1529 2469 1495 2469 1458 1444 1454 1444 1488"/></Shape>
	    <String CONTENT="שבת תוקעין ולא מבדילין לאחר ˙˙ שבת"
                    HPOS="1441.0"
                    VPOS="1454.0"
                    WIDTH="1028.0"
                    HEIGHT="75.0"></String>
          </TextLine>

          
          
          <TextLine ID="eSc_line_c1187754"
                    
                    BASELINE="1478 1550 1648 1560 2061 1560 2135 1553 2466 1557" 
                    HPOS="1471.0"
                    VPOS="1512.0"
                    WIDTH="992.0"
                    HEIGHT="89.0">
            <Shape><Polygon POINTS="1475 1546 1471 1590 2452 1601 2463 1556 2459 1522 1475 1512 1475 1546"/></Shape>
	    <String CONTENT="מבדילין ולא תוקעין כיצד מבדילין בין"
                    HPOS="1471.0"
                    VPOS="1512.0"
                    WIDTH="992.0"
                    HEIGHT="89.0"></String>
          </TextLine>

          
          
          <TextLine ID="eSc_line_81b75c29"
                    
                    BASELINE="1447 1604 1498 1614 2149 1611 2217 1618 2251 1607 2458 1616" 
                    HPOS="1441.0"
                    VPOS="1573.0"
                    WIDTH="1015.0"
                    HEIGHT="99.0">
            <Shape><Polygon POINTS="1444 1601 1441 1645 1546 1669 1550 1669 1880 1648 1989 1669 1992 1672 2020 1672 2054 1672 2088 1672 2115 1672 2115 1669 2118 1669 2122 1669 2146 1648 2170 1665 2173 1665 2176 1665 2180 1665 2183 1665 2187 1665 2210 1648 2231 1669 2234 1669 2238 1669 2241 1669 2244 1669 2248 1669 2282 1648 2377 1665 2381 1665 2384 1665 2452 1645 2456 1614 2452 1577 1444 1573 1444 1601"/></Shape>
	    <String CONTENT="קודש לקודש ר&#39; דוסא או&#39; בין קודש חמור"
                    HPOS="1441.0"
                    VPOS="1573.0"
                    WIDTH="1015.0"
                    HEIGHT="99.0"></String>
          </TextLine>

          
          
          <TextLine ID="eSc_line_3e648a67"
                    
                    BASELINE="1601 1682 2401 1679 2474 1677" 
                    HPOS="1594.0"
                    VPOS="1638.0"
                    WIDTH="879.0"
                    HEIGHT="99.0">
            <Shape><Polygon POINTS="1597 1679 1597 1716 2129 1730 2142 1730 2176 1730 2176 1730 2398 1737 2401 1737 2405 1737 2473 1713 2473 1676 2466 1638 1594 1642 1597 1679"/></Shape>
	    <String CONTENT="לקודש הקל ˙ הל&#39; ז&#39; ¶ פרק ב&#39;"
                    HPOS="1594.0"
                    VPOS="1638.0"
                    WIDTH="879.0"
                    HEIGHT="99.0"></String>
          </TextLine>

          
          
          <TextLine ID="eSc_line_e6de9404"
                    
                    BASELINE="1471 1740 1686 1751 1819 1747 1863 1754 1897 1744 2180 1737" 
                    HPOS="1464.0"
                    VPOS="1703.0"
                    WIDTH="712.0"
                    HEIGHT="82.0">
            <Shape><Polygon POINTS="1468 1737 1468 1785 2173 1785 2176 1733 2173 1706 1464 1703 1468 1737"/></Shape>
	    <String CONTENT="¶ השוחט אחד בעוף [/] ושנים"
                    HPOS="1464.0"
                    VPOS="1703.0"
                    WIDTH="712.0"
                    HEIGHT="82.0"></String>
          </TextLine>

          
          
          <TextLine ID="eSc_line_9e8df9c0"
                    
                    BASELINE="1454 1812 1662 1812 1730 1819 1802 1819 1846 1812 2255 1808 2289 1798 2323 1805 2456 1798" 
                    HPOS="1447.0"
                    VPOS="1761.0"
                    WIDTH="1005.0"
                    HEIGHT="99.0">
            <Shape><Polygon POINTS="1451 1808 1451 1849 2173 1860 2176 1860 2449 1839 2452 1795 2445 1761 1447 1771 1451 1808"/></Shape>
	    <String CONTENT="בבהמה שחיטתו כשירה ורובו שלאחד"
                    HPOS="1447.0"
                    VPOS="1761.0"
                    WIDTH="1005.0"
                    HEIGHT="99.0"></String>
          </TextLine>

          
          
          <TextLine ID="eSc_line_28e2fbcb"
                    
                    BASELINE="1492 1880 2336 1880 2456 1870" 
                    HPOS="1485.0"
                    VPOS="1825.0"
                    WIDTH="967.0"
                    HEIGHT="99.0">
            <Shape><Polygon POINTS="1488 1877 1488 1924 2449 1911 2452 1866 2445 1825 1485 1836 1488 1877"/></Shape>
	    <String CONTENT="כמוהו ר&#39; יהודה או&#39; עד שישחוט את"
                    HPOS="1485.0"
                    VPOS="1825.0"
                    WIDTH="967.0"
                    HEIGHT="99.0"></String>
          </TextLine>

          
          
          <TextLine ID="eSc_line_4f70adb1"
                    
                    BASELINE="1461 1941 2418 1941 2469 1931" 
                    HPOS="1454.0"
                    VPOS="1890.0"
                    WIDTH="1012.0"
                    HEIGHT="92.0">
            <Shape><Polygon POINTS="1458 1938 1458 1979 2463 1982 2466 1928 2459 1890 1454 1904 1458 1938"/></Shape>
	    <String CONTENT="הוורידים ˙ ב&#39; חצי אחד בעוף אחד"
                    HPOS="1454.0"
                    VPOS="1890.0"
                    WIDTH="1012.0"
                    HEIGHT="92.0"></String>
          </TextLine>

          
          
          <TextLine ID="eSc_line_d7477c6a"
                    
                    BASELINE="1454 1999 2044 2009 2146 2003 2459 2003" 
                    HPOS="1447.0"
                    VPOS="1958.0"
                    WIDTH="1009.0"
                    HEIGHT="82.0">
            <Shape><Polygon POINTS="1451 1996 1447 2037 2449 2040 2456 1999 2456 1969 1451 1958 1451 1996"/></Shape>
	    <String CONTENT="וחצי בבהמה שחיטתו פסולה רוב אחד"
                    HPOS="1447.0"
                    VPOS="1958.0"
                    WIDTH="1009.0"
                    HEIGHT="82.0"></String>
          </TextLine>

          
          
          <TextLine ID="eSc_line_674180fd"
                    
                    BASELINE="1451 2057 1498 2057 1533 2064 2405 2061 2484 2069" 
                    HPOS="1444.0"
                    VPOS="2020.0"
                    WIDTH="1039.0"
                    HEIGHT="92.0">
            <Shape><Polygon POINTS="1447 2054 1447 2112 2476 2108 2483 2067 2480 2026 1444 2020 1447 2054"/></Shape>
	    <String CONTENT="בעוף ורוב שנים בבהמה שחיטתו כשירה :"
                    HPOS="1444.0"
                    VPOS="2020.0"
                    WIDTH="1039.0"
                    HEIGHT="92.0"></String>
          </TextLine>

          
          
          <TextLine ID="eSc_line_eeed01cb"
                    
                    BASELINE="1464 2118 1710 2125 1744 2135 1829 2129 2319 2129 2374 2135" 
                    HPOS="1458.0"
                    VPOS="2084.0"
                    WIDTH="913.0"
                    HEIGHT="79.0">
            <Shape><Polygon POINTS="1461 2115 1458 2159 2360 2163 2371 2132 2367 2084 1461 2084 1461 2115"/></Shape>
	    <String CONTENT="¶ ג&#39; השוחט שני ראשים כאחת [ש&#39;]"
                    HPOS="1458.0"
                    VPOS="2084.0"
                    WIDTH="913.0"
                    HEIGHT="79.0"></String>
          </TextLine>

          
          
          <TextLine ID="eSc_line_4df0835d"
                    
                    BASELINE="1475 2180 2391 2187 2469 2176" 
                    HPOS="1468.0"
                    VPOS="2149.0"
                    WIDTH="998.0"
                    HEIGHT="89.0">
            <Shape><Polygon POINTS="1471 2176 1468 2221 1904 2221 1907 2221 1931 2238 1934 2238 1938 2238 1941 2238 2463 2221 2466 2173 2463 2149 1471 2149 1471 2176"/></Shape>
	    <String CONTENT="שחיטתו כשירה שנים אוחזין בסכין"
                    HPOS="1468.0"
                    VPOS="2149.0"
                    WIDTH="998.0"
                    HEIGHT="89.0"></String>
          </TextLine>

          
          
          <TextLine ID="eSc_line_d1a8995c"
                    
                    BASELINE="1488 2251 2026 2251 2064 2258 2173 2262 2466 2255" 
                    HPOS="1481.0"
                    VPOS="2214.0"
                    WIDTH="982.0"
                    HEIGHT="82.0">
            <Shape><Polygon POINTS="1485 2248 1485 2296 2459 2292 2463 2251 2456 2214 1481 2217 1485 2248"/></Shape>
	    <String CONTENT="ושוחטין אפילו אחד מלמעלן ואחד"
                    HPOS="1481.0"
                    VPOS="2214.0"
                    WIDTH="982.0"
                    HEIGHT="82.0"></String>
          </TextLine>

          
          
          <TextLine ID="eSc_line_21ebc84e"
                    
                    BASELINE="1492 2309 1819 2316 1856 2323 2428 2323 2469 2313" 
                    HPOS="1485.0"
                    VPOS="2272.0"
                    WIDTH="981.0"
                    HEIGHT="85.0">
            <Shape><Polygon POINTS="1488 2306 1485 2347 2463 2357 2466 2309 2459 2272 1488 2279 1488 2306"/></Shape>
	    <String CONTENT="מלמטן שחיטתן כשירה ˙ ¶ ד&#39; התיז"
                    HPOS="1485.0"
                    VPOS="2272.0"
                    WIDTH="981.0"
                    HEIGHT="85.0"></String>
          </TextLine>

          
          
          <TextLine ID="eSc_line_b1dcabdc"
                    
                    BASELINE="1502 2367 1669 2377 1969 2374 2037 2381 2473 2381" 
                    HPOS="1495.0"
                    VPOS="2333.0"
                    WIDTH="974.0"
                    HEIGHT="78.0">
            <Shape><Polygon POINTS="1498 2364 1495 2408 2463 2411 2469 2377 2466 2343 1498 2333 1498 2364"/></Shape>
	    <String CONTENT="את הראש בת אחת שחיטתו פסולה"
                    HPOS="1495.0"
                    VPOS="2333.0"
                    WIDTH="974.0"
                    HEIGHT="78.0"></String>
          </TextLine>

          
          
          <TextLine ID="eSc_line_fd49faee"
                    
                    BASELINE="1488 2445 2507 2445" 
                    HPOS="1485.0"
                    VPOS="2411.0"
                    WIDTH="1018.0"
                    HEIGHT="79.0">
            <Shape><Polygon POINTS="1485 2442 1485 2480 2500 2490 2503 2442 2503 2411 1485 2411 1485 2442"/></Shape>
	    <String CONTENT="היה שוחט והתיז את הראש בת אחת"
                    HPOS="1485.0"
                    VPOS="2411.0"
                    WIDTH="1018.0"
                    HEIGHT="79.0"></String>
          </TextLine>

          
          
          <TextLine ID="eSc_line_158b5f32"
                    
                    BASELINE="1478 2500 2507 2507" 
                    HPOS="1471.0"
                    VPOS="2466.0"
                    WIDTH="1032.0"
                    HEIGHT="71.0">
            <Shape><Polygon POINTS="1475 2497 1471 2534 2493 2537 2503 2503 2503 2473 1475 2466 1475 2497"/></Shape>
	    <String CONTENT="אם יש בסכין מלא הצואר כשר ˙˙ היה"
                    HPOS="1471.0"
                    VPOS="2466.0"
                    WIDTH="1032.0"
                    HEIGHT="71.0"></String>
          </TextLine>

          
          
          <TextLine ID="eSc_line_b994ee9c"
                    
                    BASELINE="1485 2558 1601 2568 2306 2568 2507 2559" 
                    HPOS="1478.0"
                    VPOS="2527.0"
                    WIDTH="1025.0"
                    HEIGHT="79.0">
            <Shape><Polygon POINTS="1481 2555 1481 2599 2497 2606 2503 2558 2500 2527 1478 2527 1481 2555"/></Shape>
	    <String CONTENT="שוחט והתיז שני ראשים בת אחת אם"
                    HPOS="1478.0"
                    VPOS="2527.0"
                    WIDTH="1025.0"
                    HEIGHT="79.0"></String>
          </TextLine>

          
          
          <TextLine ID="eSc_line_1acb8e7e"
                    
                    BASELINE="1495 2612 1614 2623 1924 2619 2129 2626 2507 2626" 
                    HPOS="1488.0"
                    VPOS="2585.0"
                    WIDTH="1015.0"
                    HEIGHT="75.0">
            <Shape><Polygon POINTS="1492 2609 1488 2650 2497 2660 2503 2623 2500 2589 1492 2585 1492 2609"/></Shape>
	    <String CONTENT="יש בסכין מלא צואר אחד כשר במי"
                    HPOS="1488.0"
                    VPOS="2585.0"
                    WIDTH="1015.0"
                    HEIGHT="75.0"></String>
          </TextLine>

          
          
          <TextLine ID="eSc_line_5f912a95"
                    
                    BASELINE="1468 2681 1611 2691 1686 2684 2507 2684" 
                    HPOS="1461.0"
                    VPOS="2650.0"
                    WIDTH="1042.0"
                    HEIGHT="71.0">
            <Shape><Polygon POINTS="1464 2653 1464 2677 1461 2715 2497 2721 2503 2681 2500 2650 1464 2650 1464 2653"/></Shape>
	    <String CONTENT="דברים אמו&#39; בזמן שהוליך ולא הביא או"
                    HPOS="1461.0"
                    VPOS="2650.0"
                    WIDTH="1042.0"
                    HEIGHT="71.0"></String>
          </TextLine>

          
          
          <TextLine ID="eSc_line_8349deb4"
                    
                    BASELINE="1475 2742 1720 2742 1798 2749 2112 2752 2507 2752" 
                    HPOS="1468.0"
                    VPOS="2694.0"
                    WIDTH="1035.0"
                    HEIGHT="92.0">
            <Shape><Polygon POINTS="1471 2738 1468 2779 2497 2786 2503 2749 2500 2715 1894 2715 1883 2711 1788 2694 1785 2694 1471 2708 1471 2738"/></Shape>
	    <String CONTENT="הביא ולא הוליך אבל אם הוליך והביא"
                    HPOS="1468.0"
                    VPOS="2694.0"
                    WIDTH="1035.0"
                    HEIGHT="92.0"></String>
          </TextLine>

          
          
          <TextLine ID="eSc_line_c5f95ac4"
                    
                    BASELINE="1492 2803 1543 2813 2241 2810 2275 2817 2507 2817" 
                    HPOS="1485.0"
                    VPOS="2776.0"
                    WIDTH="1018.0"
                    HEIGHT="85.0">
            <Shape><Polygon POINTS="1488 2800 1488 2847 2497 2861 2503 2813 2500 2776 1485 2776 1488 2800"/></Shape>
	    <String CONTENT="אפילו כל שהוא ואפילו באוזמל כשר :"
                    HPOS="1485.0"
                    VPOS="2776.0"
                    WIDTH="1018.0"
                    HEIGHT="85.0"></String>
          </TextLine>

          
          
          <TextLine ID="eSc_line_89499be8"
                    
                    BASELINE="1475 2868 2149 2875 2231 2882 2388 2875" 
                    HPOS="1468.0"
                    VPOS="2824.0"
                    WIDTH="916.0"
                    HEIGHT="102.0">
            <Shape><Polygon POINTS="1471 2865 1468 2902 1573 2922 1577 2922 1921 2909 1975 2926 1979 2926 1982 2926 2381 2909 2384 2871 2381 2841 1471 2824 1471 2865"/></Shape>
	    <String CONTENT="ה&#39; נפלה הסכין ושחטה אף על פי"
                    HPOS="1468.0"
                    VPOS="2824.0"
                    WIDTH="916.0"
                    HEIGHT="102.0"></String>
          </TextLine>

          
          
          <TextLine ID="eSc_line_8d0d0ef6"
                    
                    BASELINE="1519 2936 2507 2943" 
                    HPOS="1512.0"
                    VPOS="2899.0"
                    WIDTH="991.0"
                    HEIGHT="81.0">
            <Shape><Polygon POINTS="1515 2933 1512 2980 2497 2980 2503 2939 2500 2905 1515 2899 1515 2933"/></Shape>
	    <String CONTENT="ששחטה כדרכה פסולה שנ&#39; וזבחת [וא&#39;]"
                    HPOS="1512.0"
                    VPOS="2899.0"
                    WIDTH="991.0"
                    HEIGHT="81.0"></String>
          </TextLine>

          
          
          <TextLine ID="eSc_line_4c50f292"
                    
                    BASELINE="1536 2994 1621 3008 1751 3011 2507 3011" 
                    HPOS="1529.0"
                    VPOS="2970.0"
                    WIDTH="974.0"
                    HEIGHT="102.0">
            <Shape><Polygon POINTS="1533 2991 1529 3052 1696 3072 1699 3072 2033 3066 2394 3055 2497 3072 2503 3008 2500 2974 1533 2970 1533 2991"/></Shape>
	    <String CONTENT="ואכלת מה שאתה זובח אתה אוכל :"
                    HPOS="1529.0"
                    VPOS="2970.0"
                    WIDTH="974.0"
                    HEIGHT="102.0"></String>
          </TextLine>

          
        </TextBlock>
        
        <TextBlock HPOS="350.0"
                   VPOS="729.0"
                   WIDTH="1020.0"
                   HEIGHT="2349.0"
                   ID="eSc_textblock_91192eee"
                   TAGREFS="BT2">
          <Shape><Polygon POINTS="350 729 1338 732 1370 3078 354 3043"/></Shape>
          
          
          <TextLine ID="eSc_line_cd060a8e"
                    
                    BASELINE="367 773 773 783 1314 783" 
                    HPOS="361.0"
                    VPOS="729.0"
                    WIDTH="950.0"
                    HEIGHT="109.0">
            <Shape><Polygon POINTS="1212 729 967 742 943 729 943 729 909 729 906 729 817 742 698 729 671 729 654 729 640 742 613 729 602 729 568 729 551 729 364 739 364 769 361 824 1304 838 1311 780 1308 749 1216 729 1212 729"/></Shape>
	    <String CONTENT="ו&#39; ˙ נפלה סכין והגביהה או שנפלו כלין והגביהן"
                    HPOS="361.0"
                    VPOS="729.0"
                    WIDTH="950.0"
                    HEIGHT="109.0"></String>
          </TextLine>

          
          
          <TextLine ID="eSc_line_56647242"
                    
                    BASELINE="374 851 729 848 1348 855" 
                    HPOS="367.0"
                    VPOS="814.0"
                    WIDTH="978.0"
                    HEIGHT="85.0">
            <Shape><Polygon POINTS="371 848 367 892 1335 899 1345 851 1342 817 371 814 371 848"/></Shape>
	    <String CONTENT="השחיז את הסכין עף ובא חבירו ושחט אם שהה כדי"
                    HPOS="367.0"
                    VPOS="814.0"
                    WIDTH="978.0"
                    HEIGHT="85.0"></String>
          </TextLine>

          
          
          <TextLine ID="eSc_line_2d4619ac"
                    
                    BASELINE="371 912 1011 912 1049 923 1090 916 1219 919 1348 914" 
                    HPOS="364.0"
                    VPOS="878.0"
                    WIDTH="981.0"
                    HEIGHT="75.0">
            <Shape><Polygon POINTS="367 909 364 950 1338 953 1345 912 1342 878 367 878 367 909"/></Shape>
	    <String CONTENT="שחיטה אחת פסולה ר&#39; שמע&#39; או&#39; אם שהה כדי ביקור :"
                    HPOS="364.0"
                    VPOS="878.0"
                    WIDTH="981.0"
                    HEIGHT="75.0"></String>
          </TextLine>

          
          
          <TextLine ID="eSc_line_c0eec50a"
                    
                    BASELINE="371 981 1348 985" 
                    HPOS="364.0"
                    VPOS="940.0"
                    WIDTH="981.0"
                    HEIGHT="78.0">
            <Shape><Polygon POINTS="367 977 364 1011 1335 1018 1345 984 1342 947 367 940 367 977"/></Shape>
	    <String CONTENT="¶ ז&#39; שחט את הוושט ופסק את הגרגרת או שחט את"
                    HPOS="364.0"
                    VPOS="940.0"
                    WIDTH="981.0"
                    HEIGHT="78.0"></String>
          </TextLine>

          
          
          <TextLine ID="eSc_line_1fec180a"
                    
                    BASELINE="371 1045 766 1056 800 1049 957 1045 1059 1056 1144 1056 1185 1049 1348 1053" 
                    HPOS="364.0"
                    VPOS="994.0"
                    WIDTH="981.0"
                    HEIGHT="109.0">
            <Shape><Polygon POINTS="367 1042 364 1076 735 1096 739 1096 960 1083 1004 1083 1008 1083 1035 1100 1045 1103 1049 1103 1338 1086 1345 1052 1345 1025 1301 1004 1297 1004 892 994 889 994 800 1011 749 994 746 994 742 994 367 1001 367 1042"/></Shape>
	    <String CONTENT="הגרגרת ופסק את הוושט או ששחט אחד מהן והמתין"
                    HPOS="364.0"
                    VPOS="994.0"
                    WIDTH="981.0"
                    HEIGHT="109.0"></String>
          </TextLine>

          
          
          <TextLine ID="eSc_line_6e9ab908"
                    
                    BASELINE="364 1103 412 1113 660 1113 701 1107 1348 1111" 
                    HPOS="357.0"
                    VPOS="1066.0"
                    WIDTH="988.0"
                    HEIGHT="92.0">
            <Shape><Polygon POINTS="361 1100 357 1151 895 1154 902 1154 936 1154 970 1154 1004 1154 1039 1154 1073 1154 1079 1154 1335 1158 1345 1110 1345 1079 361 1066 361 1100"/></Shape>
	    <String CONTENT="לה עד שמתה או שהחליד את הסכין תחת השיני ופסקו ר&#39;"
                    HPOS="357.0"
                    VPOS="1066.0"
                    WIDTH="988.0"
                    HEIGHT="92.0"></String>
          </TextLine>

          
          
          <TextLine ID="eSc_line_caceae67"
                    
                    BASELINE="333 1171 861 1168 899 1161 1059 1161 1100 1168 1348 1172" 
                    HPOS="327.0"
                    VPOS="1134.0"
                    WIDTH="1018.0"
                    HEIGHT="85.0">
            <Shape><Polygon POINTS="330 1168 330 1219 592 1202 1335 1216 1345 1171 1342 1134 327 1134 330 1168"/></Shape>
	    <String CONTENT="יֶשֶבְאב או&#39; נבילה ר&#39; עקי&#39; או&#39; טרפה כלל אמ&#39; ר&#39; ישבאב משֶם"
                    HPOS="327.0"
                    VPOS="1134.0"
                    WIDTH="1018.0"
                    HEIGHT="85.0"></String>
          </TextLine>

          
          
          <TextLine ID="eSc_line_a4b63565"
                    
                    BASELINE="350 1233 1348 1230" 
                    HPOS="347.0"
                    VPOS="1199.0"
                    WIDTH="998.0"
                    HEIGHT="78.0">
            <Shape><Polygon POINTS="347 1229 347 1270 1342 1277 1345 1229 1345 1199 347 1199 347 1229"/></Shape>
	    <String CONTENT="ר&#39; יהושע כל שניפסלה משחיטתה נבילה וכל ששחיטתה"
                    HPOS="347.0"
                    VPOS="1199.0"
                    WIDTH="998.0"
                    HEIGHT="78.0"></String>
          </TextLine>

          
          
          <TextLine ID="eSc_line_3db22c22"
                    
                    BASELINE="374 1297 776 1291 1348 1298" 
                    HPOS="367.0"
                    VPOS="1240.0"
                    WIDTH="978.0"
                    HEIGHT="95.0">
            <Shape><Polygon POINTS="371 1294 367 1335 1338 1332 1345 1297 1342 1260 786 1240 783 1240 371 1253 371 1294"/></Shape>
	    <String CONTENT="כראוי ודבר אחר גרם לה להיפסל טריפ&#39; והודה לו ר&#39; עקי&#39; :"
                    HPOS="367.0"
                    VPOS="1240.0"
                    WIDTH="978.0"
                    HEIGHT="95.0"></String>
          </TextLine>

          
          
          <TextLine ID="eSc_line_564d30b1"
                    
                    BASELINE="384 1352 1052 1352 1086 1359 1270 1363" 
                    HPOS="378.0"
                    VPOS="1321.0"
                    WIDTH="889.0"
                    HEIGHT="72.0">
            <Shape><Polygon POINTS="381 1349 378 1389 1257 1393 1267 1362 1263 1321 381 1321 381 1349"/></Shape>
	    <String CONTENT="¶ ח&#39; השוחט בהמה חייה ועוף ולא יצא מהן דם [כש&#39;]"
                    HPOS="378.0"
                    VPOS="1321.0"
                    WIDTH="889.0"
                    HEIGHT="72.0"></String>
          </TextLine>

          
          
          <TextLine ID="eSc_line_75fa0b03"
                    
                    BASELINE="367 1413 412 1423 1110 1420 1233 1427 1353 1420 1359 1421" 
                    HPOS="361.0"
                    VPOS="1386.0"
                    WIDTH="994.0"
                    HEIGHT="72.0">
            <Shape><Polygon POINTS="364 1410 364 1458 1349 1458 1355 1420 1349 1386 361 1386 364 1410"/></Shape>
	    <String CONTENT="כשירים ונאכלים בידים מסואבות לפי שלא הוכשרו"
                    HPOS="361.0"
                    VPOS="1386.0"
                    WIDTH="994.0"
                    HEIGHT="72.0"></String>
          </TextLine>

          
          
          <TextLine ID="eSc_line_c9b28941"
                    
                    BASELINE="347 1485 1359 1485" 
                    HPOS="344.0"
                    VPOS="1454.0"
                    WIDTH="1011.0"
                    HEIGHT="75.0">
            <Shape><Polygon POINTS="344 1481 344 1529 1355 1522 1355 1481 1355 1454 344 1454 344 1481"/></Shape>
	    <String CONTENT="בדם ר&#39; שמע&#39; או&#39; הוכשרו בשחיטה : ¶ ט&#39; השוחט את"
                    HPOS="344.0"
                    VPOS="1454.0"
                    WIDTH="1011.0"
                    HEIGHT="75.0"></String>
          </TextLine>

          
          
          <TextLine ID="eSc_line_0e4ea685"
                    
                    BASELINE="364 1543 930 1543 1059 1550 1359 1550" 
                    HPOS="357.0"
                    VPOS="1512.0"
                    WIDTH="998.0"
                    HEIGHT="72.0">
            <Shape><Polygon POINTS="361 1539 357 1580 1349 1584 1355 1546 1352 1512 361 1512 361 1539"/></Shape>
	    <String CONTENT="המסכנת רבן גמליאל אומ&#39; עד שתפרכס ביד (ו)ברגל ר&#39;"
                    HPOS="357.0"
                    VPOS="1512.0"
                    WIDTH="998.0"
                    HEIGHT="72.0"></String>
          </TextLine>

          
          
          <TextLine ID="eSc_line_0a88d094"
                    
                    BASELINE="371 1618 415 1611 1246 1611 1359 1614" 
                    HPOS="364.0"
                    VPOS="1573.0"
                    WIDTH="991.0"
                    HEIGHT="82.0">
            <Shape><Polygon POINTS="367 1614 364 1645 1345 1655 1355 1611 1352 1573 367 1573 367 1614"/></Shape>
	    <String CONTENT="אליע&#39; או&#39; דייה אם זיניקה אמ&#39; ר&#39; שמע&#39; אף השוחט ביד"
                    HPOS="364.0"
                    VPOS="1573.0"
                    WIDTH="991.0"
                    HEIGHT="82.0"></String>
          </TextLine>

          
          
          <TextLine ID="eSc_line_cc8d8144"
                    
                    BASELINE="344 1676 1209 1676 1243 1682 1359 1677" 
                    HPOS="337.0"
                    VPOS="1638.0"
                    WIDTH="1018.0"
                    HEIGHT="75.0">
            <Shape><Polygon POINTS="340 1672 340 1713 1352 1713 1355 1676 1352 1638 337 1638 340 1672"/></Shape>
	    <String CONTENT="בלילה ובשחר עמד ומצא כתלים מלאים דם כשירה"
                    HPOS="337.0"
                    VPOS="1638.0"
                    WIDTH="1018.0"
                    HEIGHT="75.0"></String>
          </TextLine>

          
          
          <TextLine ID="eSc_line_0c640f66"
                    
                    BASELINE="357 1740 449 1733 756 1733 800 1740 953 1744 1359 1738" 
                    HPOS="350.0"
                    VPOS="1689.0"
                    WIDTH="1005.0"
                    HEIGHT="96.0">
            <Shape><Polygon POINTS="354 1737 354 1778 1349 1785 1355 1737 1352 1703 350 1689 354 1737"/></Shape>
	    <String CONTENT="שזיניקה כמידת ר&#39; ליע&#39; וחכ&#39; או&#39; עד שתפרכס ביד או ברגל"
                    HPOS="350.0"
                    VPOS="1689.0"
                    WIDTH="1005.0"
                    HEIGHT="96.0"></String>
          </TextLine>

          
          
          <TextLine ID="eSc_line_39a9fbfe"
                    
                    BASELINE="378 1791 797 1798 834 1805 1182 1802 1359 1807" 
                    HPOS="371.0"
                    VPOS="1764.0"
                    WIDTH="984.0"
                    HEIGHT="72.0">
            <Shape><Polygon POINTS="374 1788 371 1829 1345 1836 1355 1805 1352 1771 374 1764 374 1788"/></Shape>
	    <String CONTENT="או עד שתכשכש בזנב אחד בהמה דקה ואחד בהמה"
                    HPOS="371.0"
                    VPOS="1764.0"
                    WIDTH="984.0"
                    HEIGHT="72.0"></String>
          </TextLine>

          
          
          <TextLine ID="eSc_line_01e174eb"
                    
                    BASELINE="374 1866 436 1866 470 1873 1250 1873 1359 1870" 
                    HPOS="367.0"
                    VPOS="1832.0"
                    WIDTH="988.0"
                    HEIGHT="72.0">
            <Shape><Polygon POINTS="371 1863 371 1904 1352 1900 1355 1866 1352 1832 367 1832 371 1863"/></Shape>
	    <String CONTENT="גסה בהמה דקה שפשטה את ידה ולא החזירה פסולה"
                    HPOS="367.0"
                    VPOS="1832.0"
                    WIDTH="988.0"
                    HEIGHT="72.0"></String>
          </TextLine>

          
          
          <TextLine ID="eSc_line_1f42c0ff"
                    
                    BASELINE="344 1931 439 1941 749 1941 786 1934 1359 1934" 
                    HPOS="337.0"
                    VPOS="1897.0"
                    WIDTH="1018.0"
                    HEIGHT="75.0">
            <Shape><Polygon POINTS="340 1928 337 1965 1349 1972 1355 1931 1352 1897 340 1897 340 1928"/></Shape>
	    <String CONTENT="שאינה אלא הוצאת נפש במי דבר&#39; אמורים בחזקת"
                    HPOS="337.0"
                    VPOS="1897.0"
                    WIDTH="1018.0"
                    HEIGHT="75.0"></String>
          </TextLine>

          
          
          <TextLine ID="eSc_line_2d8fdc17"
                    
                    BASELINE="357 1989 916 1996 991 1989 1359 1983" 
                    HPOS="350.0"
                    VPOS="1955.0"
                    WIDTH="1005.0"
                    HEIGHT="68.0">
            <Shape><Polygon POINTS="354 1986 350 2023 1352 2020 1355 1982 1352 1958 354 1955 354 1986"/></Shape>
	    <String CONTENT="שהיתה מסכנת אבל אם היתה בחזקת בִירְיַה אפילו"
                    HPOS="350.0"
                    VPOS="1955.0"
                    WIDTH="1005.0"
                    HEIGHT="68.0"></String>
          </TextLine>

          
          
          <TextLine ID="eSc_line_600092a4"
                    
                    BASELINE="378 2050 1359 2050" 
                    HPOS="374.0"
                    VPOS="2016.0"
                    WIDTH="981.0"
                    HEIGHT="79.0">
            <Shape><Polygon POINTS="374 2047 374 2084 967 2088 987 2074 1022 2074 1056 2074 1073 2091 1352 2095 1355 2047 1355 2016 374 2016 374 2047"/></Shape>
	    <String CONTENT="לא היו בה אחד מכל הסימנין הללו כשירה : ¶ י&#39;[הש&#39;]"
                    HPOS="374.0"
                    VPOS="2016.0"
                    WIDTH="981.0"
                    HEIGHT="79.0"></String>
          </TextLine>

          
          
          <TextLine ID="eSc_line_c34d0a48"
                    TAGREFS="LT501"
                    BASELINE="970 2079 1085 2084" 
                    HPOS="969.0"
                    VPOS="2064.0"
                    WIDTH="116.0"
                    HEIGHT="39.0">
            <Shape><Polygon POINTS="970 2064 1085 2069 1084 2103 969 2098"/></Shape>
	    <String CONTENT="ע&#39;ע&#39;ז&#39;"
                    HPOS="969.0"
                    VPOS="2064.0"
                    WIDTH="116.0"
                    HEIGHT="39.0"></String>
          </TextLine>

          
          
          <TextLine ID="eSc_line_596f4267"
                    
                    BASELINE="357 2101 511 2112 1359 2112" 
                    HPOS="350.0"
                    VPOS="2071.0"
                    WIDTH="1005.0"
                    HEIGHT="78.0">
            <Shape><Polygon POINTS="1066 2081 1032 2081 998 2081 964 2078 953 2071 354 2071 354 2098 350 2142 746 2142 759 2135 793 2135 827 2135 861 2135 872 2146 1349 2149 1355 2108 1352 2071 1076 2071 1066 2081"/></Shape>
	    <String CONTENT="השוחט לנכרי ↑ שחיטתו כשירה ר&#39; ליע&#39; פוסל אמ&#39; ר&#39; ליע&#39;"
                    HPOS="350.0"
                    VPOS="2071.0"
                    WIDTH="1005.0"
                    HEIGHT="78.0"></String>
          </TextLine>

          
          
          <TextLine ID="eSc_line_88fa9c7a"
                    TAGREFS="LT501"
                    BASELINE="759 2145 872 2141" 
                    HPOS="752.0"
                    VPOS="2118.0"
                    WIDTH="116.0"
                    HEIGHT="52.0">
            <Shape><Polygon POINTS="763 2163 790 2170 824 2170 858 2170 865 2170 868 2139 865 2118 752 2118 756 2142"/></Shape>
	    <String CONTENT="ע&#39;ע&#39;ז&#39;"
                    HPOS="752.0"
                    VPOS="2118.0"
                    WIDTH="116.0"
                    HEIGHT="52.0"></String>
          </TextLine>

          
          
          <TextLine ID="eSc_line_6a53eec2"
                    
                    BASELINE="374 2173 746 2170 783 2176 1364 2186" 
                    HPOS="367.0"
                    VPOS="2132.0"
                    WIDTH="995.0"
                    HEIGHT="85.0">
            <Shape><Polygon POINTS="844 2142 810 2142 776 2142 766 2132 371 2132 371 2170 367 2210 800 2210 810 2207 844 2207 878 2207 885 2214 970 2214 981 2207 1015 2207 1049 2207 1056 2214 1352 2217 1362 2183 1362 2135 851 2132 844 2142"/></Shape>
	    <String CONTENT="אפילו שחטה שיאכל נכרי ↑ מחצר כבד שלה פסולה"
                    HPOS="367.0"
                    VPOS="2132.0"
                    WIDTH="995.0"
                    HEIGHT="85.0"></String>
          </TextLine>

          
          
          <TextLine ID="eSc_line_b5472d73"
                    TAGREFS="LT501"
                    BASELINE="956 2212 1075 2211" 
                    HPOS="953.0"
                    VPOS="2190.0"
                    WIDTH="120.0"
                    HEIGHT="51.0">
            <Shape><Polygon POINTS="970 2238 987 2238 1022 2241 1056 2241 1069 2241 1073 2210 1073 2190 953 2190 953 2210"/></Shape>
	    <String CONTENT="ע&#39;כ&#39;ומ&#39;"
                    HPOS="953.0"
                    VPOS="2190.0"
                    WIDTH="120.0"
                    HEIGHT="51.0"></String>
          </TextLine>

          
          
          <TextLine ID="eSc_line_05867bb9"
                    TAGREFS="LT501"
                    BASELINE="785 2214 894 2214" 
                    HPOS="785.0"
                    VPOS="2199.0"
                    WIDTH="109.0"
                    HEIGHT="35.0">
            <Shape><Polygon POINTS="785 2199 894 2199 894 2234 785 2234"/></Shape>
	    <String CONTENT="ע&#39;כ&#39;ומ&#39;"
                    HPOS="785.0"
                    VPOS="2199.0"
                    WIDTH="109.0"
                    HEIGHT="35.0"></String>
          </TextLine>

          
          
          <TextLine ID="eSc_line_f1332f17"
                    
                    BASELINE="388 2241 1326 2249 1359 2250" 
                    HPOS="381.0"
                    VPOS="2183.0"
                    WIDTH="974.0"
                    HEIGHT="102.0">
            <Shape><Polygon POINTS="1066 2214 1032 2214 998 2214 964 2214 947 2193 878 2193 861 2214 827 2214 793 2214 773 2190 643 2187 640 2187 599 2187 432 2200 388 2183 384 2238 381 2272 1349 2285 1355 2248 1355 2210 1076 2200 1066 2214"/></Shape>
	    <String CONTENT="שמחשבת נכרי ↑ לעבו&#39; זרה ↑ : י&#39;א&#39; ˙ אמ&#39; ר&#39; יוסי קל"
                    HPOS="381.0"
                    VPOS="2183.0"
                    WIDTH="974.0"
                    HEIGHT="102.0"></String>
          </TextLine>

          
          
          <TextLine ID="eSc_line_4a38175a"
                    
                    BASELINE="391 2296 729 2302 776 2313 984 2306 1353 2317 1359 2318" 
                    HPOS="384.0"
                    VPOS="2255.0"
                    WIDTH="971.0"
                    HEIGHT="102.0">
            <Shape><Polygon POINTS="388 2292 384 2336 1349 2357 1355 2316 1355 2275 388 2255 388 2292"/></Shape>
	    <String CONTENT="וחומר הדברים ומה אם במקום ש(ה)מחשבה פוסלת"
                    HPOS="384.0"
                    VPOS="2255.0"
                    WIDTH="971.0"
                    HEIGHT="102.0"></String>
          </TextLine>

          
          
          <TextLine ID="eSc_line_f41f40e8"
                    
                    BASELINE="347 2354 432 2364 664 2360 739 2371 858 2364 1359 2381" 
                    HPOS="340.0"
                    VPOS="2313.0"
                    WIDTH="1015.0"
                    HEIGHT="112.0">
            <Shape><Polygon POINTS="1338 2340 824 2313 821 2313 344 2316 344 2350 340 2394 1260 2425 1263 2425 1349 2408 1355 2377 1352 2371 1338 2340"/></Shape>
	    <String CONTENT="במוקדשים אין הכל הולך אלא לאחר העובד מַקוֹם"
                    HPOS="340.0"
                    VPOS="2313.0"
                    WIDTH="1015.0"
                    HEIGHT="112.0"></String>
          </TextLine>

          
          
          <TextLine ID="eSc_line_b5232071"
                    
                    BASELINE="381 2422 429 2432 1359 2439" 
                    HPOS="374.0"
                    VPOS="2388.0"
                    WIDTH="981.0"
                    HEIGHT="78.0">
            <Shape><Polygon POINTS="378 2418 374 2456 1345 2466 1355 2435 1352 2394 378 2388 378 2418"/></Shape>
	    <String CONTENT="שאין המחשבה פוסלת בחולין לא יהא הכל הולך אלא"
                    HPOS="374.0"
                    VPOS="2388.0"
                    WIDTH="981.0"
                    HEIGHT="78.0"></String>
          </TextLine>

          
          
          <TextLine ID="eSc_line_561f2bea"
                    
                    BASELINE="364 2476 408 2486 1357 2494 1359 2494" 
                    HPOS="357.0"
                    VPOS="2445.0"
                    WIDTH="998.0"
                    HEIGHT="79.0">
            <Shape><Polygon POINTS="361 2473 357 2510 1345 2524 1355 2493 1352 2456 361 2445 361 2473"/></Shape>
	    <String CONTENT="לאחר השוחט : ¶ י&#39;ב&#39; השוחט לשם הרים לשם גבעות"
                    HPOS="357.0"
                    VPOS="2445.0"
                    WIDTH="998.0"
                    HEIGHT="79.0"></String>
          </TextLine>

          
          
          <TextLine ID="eSc_line_82aa03a3"
                    
                    BASELINE="354 2531 442 2541 950 2537 1347 2559 1359 2558" 
                    HPOS="347.0"
                    VPOS="2497.0"
                    WIDTH="1008.0"
                    HEIGHT="88.0">
            <Shape><Polygon POINTS="350 2527 347 2578 1352 2585 1355 2555 1355 2507 350 2497 350 2527"/></Shape>
	    <String CONTENT="לשם ימים לשם נהרות לשם המדברות שחיטתו פסולה"
                    HPOS="347.0"
                    VPOS="2497.0"
                    WIDTH="1008.0"
                    HEIGHT="88.0"></String>
          </TextLine>

          
          
          <TextLine ID="eSc_line_d43db261"
                    
                    BASELINE="378 2609 1359 2614" 
                    HPOS="371.0"
                    VPOS="2568.0"
                    WIDTH="984.0"
                    HEIGHT="85.0">
            <Shape><Polygon POINTS="374 2606 371 2640 1345 2653 1355 2612 1352 2575 374 2568 374 2606"/></Shape>
	    <String CONTENT="שנים אוחזין בסכין ושוחטין אחד לשם אחד מכל"
                    HPOS="371.0"
                    VPOS="2568.0"
                    WIDTH="984.0"
                    HEIGHT="85.0"></String>
          </TextLine>

          
          
          <TextLine ID="eSc_line_58f44b12"
                    
                    BASELINE="453 2664 647 2670 681 2681 763 2674 1359 2685" 
                    HPOS="446.0"
                    VPOS="2626.0"
                    WIDTH="909.0"
                    HEIGHT="89.0">
            <Shape><Polygon POINTS="449 2660 446 2694 1345 2715 1355 2684 1352 2643 449 2626 449 2660"/></Shape>
	    <String CONTENT="אלו ואחד לשם דבר כשר שחיטתו פסולה : ¶ י&#39;ג&#39;"
                    HPOS="446.0"
                    VPOS="2626.0"
                    WIDTH="909.0"
                    HEIGHT="89.0"></String>
          </TextLine>

          
          
          <TextLine ID="eSc_line_d89e187c"
                    
                    BASELINE="357 2725 412 2735 545 2738 783 2735 994 2738 1069 2745 1359 2756" 
                    HPOS="350.0"
                    VPOS="2691.0"
                    WIDTH="1005.0"
                    HEIGHT="102.0">
            <Shape><Polygon POINTS="354 2721 350 2755 1161 2786 1168 2786 1168 2786 1345 2793 1355 2755 1355 2718 1212 2694 354 2691 354 2721"/></Shape>
	    <String CONTENT="אין שוחטין לא לתוך ימים ולא לתוך נהרות ולא לתוך"
                    HPOS="350.0"
                    VPOS="2691.0"
                    WIDTH="1005.0"
                    HEIGHT="102.0"></String>
          </TextLine>

          
          
          <TextLine ID="eSc_line_bd27fe23"
                    
                    BASELINE="357 2786 694 2793 739 2800 1045 2800 1117 2793 1359 2804" 
                    HPOS="350.0"
                    VPOS="2752.0"
                    WIDTH="1005.0"
                    HEIGHT="82.0">
            <Shape><Polygon POINTS="354 2783 350 2817 1345 2834 1355 2803 1352 2769 354 2752 354 2783"/></Shape>
	    <String CONTENT="הכלים אבל שוחט הוא לתוך העוגל שלמים ובספינה"
                    HPOS="350.0"
                    VPOS="2752.0"
                    WIDTH="1005.0"
                    HEIGHT="82.0"></String>
          </TextLine>

          
          
          <TextLine ID="eSc_line_11faa6e5"
                    
                    BASELINE="357 2854 800 2854 841 2847 882 2858 1359 2869" 
                    HPOS="350.0"
                    VPOS="2800.0"
                    WIDTH="1005.0"
                    HEIGHT="99.0">
            <Shape><Polygon POINTS="354 2851 350 2895 1345 2899 1355 2868 1352 2827 746 2820 742 2817 694 2800 691 2800 688 2800 354 2810 354 2851"/></Shape>
	    <String CONTENT="על גבי (ה)כלים אין שוחטין בגומה אבל עושה הוא אדם"
                    HPOS="350.0"
                    VPOS="2800.0"
                    WIDTH="1005.0"
                    HEIGHT="99.0"></String>
          </TextLine>

          
          
          <TextLine ID="eSc_line_f81f416e"
                    
                    BASELINE="361 2909 408 2905 487 2912 776 2916 861 2922 1062 2919 1137 2926 1359 2939" 
                    HPOS="354.0"
                    VPOS="2871.0"
                    WIDTH="1001.0"
                    HEIGHT="103.0">
            <Shape><Polygon POINTS="357 2905 354 2939 1345 2974 1355 2936 1355 2895 357 2871 357 2905"/></Shape>
	    <String CONTENT="גומא בתוך ביתו בשביל שיכנס הדם לתוכה ובשוק לא"
                    HPOS="354.0"
                    VPOS="2871.0"
                    WIDTH="1001.0"
                    HEIGHT="103.0"></String>
          </TextLine>

          
          
          <TextLine ID="eSc_line_7b7bef2b"
                    
                    BASELINE="361 2977 633 2991 1359 3007" 
                    HPOS="354.0"
                    VPOS="2943.0"
                    WIDTH="1001.0"
                    HEIGHT="112.0">
            <Shape><Polygon POINTS="357 2974 354 3018 490 3021 490 3025 511 3042 524 3045 528 3045 579 3028 585 3025 626 3028 878 3055 882 3055 1349 3048 1355 3004 1355 2967 357 2943 357 2974"/></Shape>
	    <String CONTENT="יעשה כן שלא יחקה את המינִין : ¶ י&#39;ד&#39; השוחט לשם"
                    HPOS="354.0"
                    VPOS="2943.0"
                    WIDTH="1001.0"
                    HEIGHT="112.0"></String>
          </TextLine>

          
        </TextBlock>
        

        
      </PrintSpace>
    </Page>
  </Layout>
</alto>
