<?xml version="1.0" encoding="UTF-8"?>
<alto xmlns:xsi="http://www.w3.org/2001/XMLSchema-instance"
      xmlns="http://www.loc.gov/standards/alto/ns-v4#"
      xsi:schemaLocation="http://www.loc.gov/standards/alto/ns-v4# http://www.loc.gov/standards/alto/v4/alto-4-2.xsd">
  <Description>
    <MeasurementUnit>pixel</MeasurementUnit>
    <sourceImageInformation>
      <fileName>MsParm3173_F13911_0136.jpg</fileName>
      
    </sourceImageInformation>
  </Description>
  
  <Tags>
    <OtherTag ID="BT1" LABEL="Title" DESCRIPTION="block type Title"/><OtherTag ID="BT2" LABEL="Main" DESCRIPTION="block type Main"/><OtherTag ID="BT3" LABEL="Commentary" DESCRIPTION="block type Commentary"/><OtherTag ID="BT4" LABEL="Illustration" DESCRIPTION="block type Illustration"/><OtherTag ID="BT830" LABEL="Margin" DESCRIPTION="block type Margin"/><OtherTag ID="BT831" LABEL="Hole" DESCRIPTION="block type Hole"/><OtherTag ID="BT832" LABEL="Paratext" DESCRIPTION="block type Paratext"/>
    <OtherTag ID="LT2" LABEL="Numbering" DESCRIPTION="line type Numbering"/><OtherTag ID="LT3" LABEL="Correction" DESCRIPTION="line type Correction"/><OtherTag ID="LT501" LABEL="Gloss" DESCRIPTION="line type Gloss"/>
  </Tags>
  
  <Layout>
    <Page WIDTH="3066"
          HEIGHT="4088"
          PHYSICAL_IMG_NR="128"
          ID="eSc_dummypage_">
      <PrintSpace HPOS="0"
                  VPOS="0"
                  WIDTH="3066"
                  HEIGHT="4088">
        
        <TextBlock HPOS="1865.0"
                   VPOS="664.0"
                   WIDTH="940.0"
                   HEIGHT="2391.0"
                   ID="eSc_textblock_707464c5"
                   TAGREFS="BT2">
          <Shape><Polygon POINTS="1865 664 2805 664 2758 3050 1865 3055"/></Shape>
          
          
          <TextLine ID="eSc_line_42285372"
                    
                    BASELINE="1877 722 2790 728" 
                    HPOS="1870.0"
                    VPOS="674.0"
                    WIDTH="916.0"
                    HEIGHT="89.0">
            <Shape><Polygon POINTS="1873 718 1870 756 2776 763 2786 725 2783 674 1873 674 1873 718"/></Shape>
	    <String CONTENT="ש(א)ני מדבר ש(א)ני מהלך האומר לאשתו [ק&#39;]"
                    HPOS="1870.0"
                    VPOS="674.0"
                    WIDTH="916.0"
                    HEIGHT="89.0"></String>
          </TextLine>

          
          
          <TextLine ID="eSc_line_53df6819"
                    
                    BASELINE="1870 780 1921 797 2360 793 2435 800 2476 790 2790 792" 
                    HPOS="1863.0"
                    VPOS="746.0"
                    WIDTH="923.0"
                    HEIGHT="81.0">
            <Shape><Polygon POINTS="1866 776 1863 824 2776 827 2786 790 2779 746 1877 749 1866 776"/></Shape>
	    <String CONTENT="קונם ש(א)ני משמשך הרי זה בלא יחל דברו"
                    HPOS="1863.0"
                    VPOS="746.0"
                    WIDTH="923.0"
                    HEIGHT="81.0"></String>
          </TextLine>

          
          
          <TextLine ID="eSc_line_8b14907c"
                    
                    BASELINE="1866 851 2173 858 2330 855 2364 848 2790 856" 
                    HPOS="1860.0"
                    VPOS="810.0"
                    WIDTH="926.0"
                    HEIGHT="96.0">
            <Shape><Polygon POINTS="1863 848 1860 882 2057 906 2061 906 2779 899 2786 855 2786 824 2776 814 2773 814 2773 810 2769 810 2766 810 2762 810 1863 810 1863 848"/></Shape>
	    <String CONTENT="שבועה ש(א)ני ישן ש(א)ני מדבר ש(א)ני מהלך"
                    HPOS="1860.0"
                    VPOS="810.0"
                    WIDTH="926.0"
                    HEIGHT="96.0"></String>
          </TextLine>

          
          
          <TextLine ID="eSc_line_1ce1aa0c"
                    
                    BASELINE="1877 919 2057 926 2135 936 2190 926 2439 926 2524 933 2565 930 2756 942 2790 936" 
                    HPOS="1870.0"
                    VPOS="878.0"
                    WIDTH="916.0"
                    HEIGHT="106.0">
            <Shape><Polygon POINTS="1873 916 1870 957 1894 970 1897 970 1900 970 2197 981 2200 981 2292 960 2296 960 2302 960 2394 984 2398 984 2401 984 2783 970 2786 933 2786 885 1873 878 1873 916"/></Shape>
	    <String CONTENT="אסור ˙ ¶ ב&#39; קרבן לא אוכל לך וקרבן"
                    HPOS="1870.0"
                    VPOS="878.0"
                    WIDTH="916.0"
                    HEIGHT="106.0"></String>
          </TextLine>

          
          
          <TextLine ID="eSc_line_e63488d6"
                    
                    BASELINE="1853 1008 2507 1008 2780 1010 2790 1007" 
                    HPOS="1846.0"
                    VPOS="943.0"
                    WIDTH="940.0"
                    HEIGHT="102.0">
            <Shape><Polygon POINTS="1849 1004 1846 1045 2783 1045 2786 1004 2786 964 2112 943 2108 943 1849 960 1849 1004"/></Shape>
	    <String CONTENT="שאוכל לך לא קרבן לא אוכל לך מותר [א&#39;]"
                    HPOS="1846.0"
                    VPOS="943.0"
                    WIDTH="940.0"
                    HEIGHT="102.0"></String>
          </TextLine>

          
          
          <TextLine ID="eSc_line_2ff15381"
                    
                    BASELINE="1877 1066 2037 1076 2790 1076" 
                    HPOS="1870.0"
                    VPOS="1035.0"
                    WIDTH="916.0"
                    HEIGHT="78.0">
            <Shape><Polygon POINTS="1873 1062 1870 1113 2783 1113 2786 1073 2783 1035 1873 1035 1873 1062"/></Shape>
	    <String CONTENT="שבועה לא אוכל לך שבועה שאוכל לך"
                    HPOS="1870.0"
                    VPOS="1035.0"
                    WIDTH="916.0"
                    HEIGHT="78.0"></String>
          </TextLine>

          
          
          <TextLine ID="eSc_line_35cf8dbd"
                    
                    BASELINE="1863 1137 1921 1154 1955 1148 2790 1157" 
                    HPOS="1856.0"
                    VPOS="1100.0"
                    WIDTH="930.0"
                    HEIGHT="105.0">
            <Shape><Polygon POINTS="1860 1134 1856 1178 2275 1202 2279 1202 2507 1188 2524 1202 2524 1205 2527 1205 2531 1205 2534 1205 2779 1188 2786 1154 2779 1100 1873 1100 1860 1134"/></Shape>
	    <String CONTENT="לא שבועה לא אוכל לך אסור זה חומר"
                    HPOS="1856.0"
                    VPOS="1100.0"
                    WIDTH="930.0"
                    HEIGHT="105.0"></String>
          </TextLine>

          
          
          <TextLine ID="eSc_line_5babb56e"
                    
                    BASELINE="1883 1216 2054 1216 2122 1222 2251 1216 2790 1222" 
                    HPOS="1877.0"
                    VPOS="1175.0"
                    WIDTH="909.0"
                    HEIGHT="82.0">
            <Shape><Polygon POINTS="1880 1212 1877 1250 2112 1250 2115 1250 2149 1250 2183 1250 2217 1250 2217 1250 2776 1257 2786 1219 2783 1178 1880 1175 1880 1212"/></Shape>
	    <String CONTENT="בשבועות מבנדרים וחומר בנדרים [מב&#39;]"
                    HPOS="1877.0"
                    VPOS="1175.0"
                    WIDTH="909.0"
                    HEIGHT="82.0"></String>
          </TextLine>

          
          
          <TextLine ID="eSc_line_dc1fef2c"
                    
                    BASELINE="1863 1277 1921 1287 2790 1293" 
                    HPOS="1856.0"
                    VPOS="1250.0"
                    WIDTH="930.0"
                    HEIGHT="92.0">
            <Shape><Polygon POINTS="2197 1257 2163 1257 2129 1257 2122 1250 1873 1250 1860 1274 1856 1325 2374 1325 2384 1338 2388 1338 2388 1342 2391 1342 2394 1342 2398 1342 2779 1325 2786 1291 2783 1257 2200 1250 2197 1257"/></Shape>
	    <String CONTENT="מבשבועות כי צד אמ&#39; קונם ↑ ש(א)ני עושה"
                    HPOS="1856.0"
                    VPOS="1250.0"
                    WIDTH="930.0"
                    HEIGHT="92.0"></String>
          </TextLine>

          
          
          <TextLine ID="eSc_line_e3fe43a6"
                    TAGREFS="LT3"
                    BASELINE="2105 1259 2218 1254" 
                    HPOS="2104.0"
                    VPOS="1239.0"
                    WIDTH="114.0"
                    HEIGHT="39.0">
            <Shape><Polygon POINTS="2104 1244 2217 1239 2218 1273 2105 1278"/></Shape>
	    <String CONTENT="סוכה"
                    HPOS="2104.0"
                    VPOS="1239.0"
                    WIDTH="114.0"
                    HEIGHT="39.0"></String>
          </TextLine>

          
          
          <TextLine ID="eSc_line_31203b15"
                    
                    BASELINE="1856 1355 2166 1362 2207 1372 2251 1366 2790 1372" 
                    HPOS="1849.0"
                    VPOS="1304.0"
                    WIDTH="937.0"
                    HEIGHT="106.0">
            <Shape><Polygon POINTS="1853 1352 1849 1396 2776 1410 2786 1369 2786 1325 2766 1311 2762 1311 2759 1311 2755 1311 2572 1328 2565 1328 2544 1311 2541 1311 2537 1311 2534 1311 2408 1321 2336 1304 2333 1304 2330 1304 1853 1314 1853 1352"/></Shape>
	    <String CONTENT="לולב ש(א)ני נוטל תפילין ש(א)ני נותן בנדרים"
                    HPOS="1849.0"
                    VPOS="1304.0"
                    WIDTH="937.0"
                    HEIGHT="106.0"></String>
          </TextLine>

          
          
          <TextLine ID="eSc_line_8fd723c2"
                    
                    BASELINE="1863 1430 2790 1442" 
                    HPOS="1856.0"
                    VPOS="1396.0"
                    WIDTH="930.0"
                    HEIGHT="82.0">
            <Shape><Polygon POINTS="1860 1427 1856 1468 2776 1478 2786 1441 2783 1406 1873 1396 1860 1427"/></Shape>
	    <String CONTENT="אסור ובשבועות מותר שאין נשבעים"
                    HPOS="1856.0"
                    VPOS="1396.0"
                    WIDTH="930.0"
                    HEIGHT="82.0"></String>
          </TextLine>

          
          
          <TextLine ID="eSc_line_960c094a"
                    
                    BASELINE="1856 1492 2132 1498 2200 1505 2790 1511" 
                    HPOS="1849.0"
                    VPOS="1454.0"
                    WIDTH="937.0"
                    HEIGHT="92.0">
            <Shape><Polygon POINTS="1853 1488 1849 1533 2776 1546 2786 1509 2783 1471 1853 1454 1853 1488"/></Shape>
	    <String CONTENT="לעבר על המצוות ˙ ¶ ג&#39; יש נדר בתוך"
                    HPOS="1849.0"
                    VPOS="1454.0"
                    WIDTH="937.0"
                    HEIGHT="92.0"></String>
          </TextLine>

          
          
          <TextLine ID="eSc_line_06c6b621"
                    
                    BASELINE="1877 1567 2790 1579" 
                    HPOS="1870.0"
                    VPOS="1529.0"
                    WIDTH="916.0"
                    HEIGHT="89.0">
            <Shape><Polygon POINTS="1873 1563 1870 1597 2071 1618 2074 1618 2108 1618 2142 1618 2166 1618 2779 1611 2786 1577 2786 1543 1873 1529 1873 1563"/></Shape>
	    <String CONTENT="נדר ואין שבועה בתוך שבועה ˙˙ כיצד"
                    HPOS="1870.0"
                    VPOS="1529.0"
                    WIDTH="916.0"
                    HEIGHT="89.0"></String>
          </TextLine>

          
          
          <TextLine ID="eSc_line_67cf1e28"
                    
                    BASELINE="1863 1621 2790 1639" 
                    HPOS="1856.0"
                    VPOS="1573.0"
                    WIDTH="930.0"
                    HEIGHT="103.0">
            <Shape><Polygon POINTS="1860 1618 1856 1655 2776 1676 2786 1638 2783 1601 2354 1601 2347 1594 2333 1580 2330 1580 2326 1580 2323 1580 2200 1594 2176 1594 2153 1590 2020 1573 2016 1573 1877 1587 1860 1618"/></Shape>
	    <String CONTENT="אמ&#39; הריני נזיר אם אוכל הרי אני ↑ אם אוכל"
                    HPOS="1856.0"
                    VPOS="1573.0"
                    WIDTH="930.0"
                    HEIGHT="103.0"></String>
          </TextLine>

          
          
          <TextLine ID="eSc_line_bb791d52"
                    TAGREFS="LT3"
                    BASELINE="1986 1586 2093 1591" 
                    HPOS="1979.0"
                    VPOS="1567.0"
                    WIDTH="112.0"
                    HEIGHT="51.0">
            <Shape><Polygon POINTS="1979 1614 2013 1618 2047 1618 2081 1618 2084 1618 2091 1590 2088 1573 1982 1567 1982 1584"/></Shape>
	    <String CONTENT="נזיר"
                    HPOS="1979.0"
                    VPOS="1567.0"
                    WIDTH="112.0"
                    HEIGHT="51.0"></String>
          </TextLine>

          
          
          <TextLine ID="eSc_line_dfb0ca43"
                    
                    BASELINE="1904 1689 2146 1689 2183 1696 2790 1702" 
                    HPOS="1897.0"
                    VPOS="1655.0"
                    WIDTH="889.0"
                    HEIGHT="78.0">
            <Shape><Polygon POINTS="1900 1686 1897 1727 2776 1733 2786 1699 2786 1665 2786 1662 1900 1655 1900 1686"/></Shape>
	    <String CONTENT="הרי אני נזיר אם אוכל ואכל חייב על"
                    HPOS="1897.0"
                    VPOS="1655.0"
                    WIDTH="889.0"
                    HEIGHT="78.0"></String>
          </TextLine>

          
          
          <TextLine ID="eSc_line_f49c3f5f"
                    
                    BASELINE="1836 1751 2265 1747 2336 1754 2790 1762" 
                    HPOS="1829.0"
                    VPOS="1706.0"
                    WIDTH="957.0"
                    HEIGHT="89.0">
            <Shape><Polygon POINTS="1866 1744 1863 1713 1832 1713 1832 1747 1829 1788 2776 1795 2786 1761 2786 1723 2728 1706 2725 1706 2721 1706 1883 1713 1866 1744"/></Shape>
	    <String CONTENT="כל אחת ואחת שבועה שלא אוכל [שב&#39;]"
                    HPOS="1829.0"
                    VPOS="1706.0"
                    WIDTH="957.0"
                    HEIGHT="89.0"></String>
          </TextLine>

          
          
          <TextLine ID="eSc_line_23724ad5"
                    
                    BASELINE="1870 1819 2790 1830" 
                    HPOS="1863.0"
                    VPOS="1764.0"
                    WIDTH="923.0"
                    HEIGHT="102.0">
            <Shape><Polygon POINTS="1866 1815 1863 1863 2776 1866 2786 1829 2783 1791 2074 1764 2071 1764 1883 1778 1866 1815"/></Shape>
	    <String CONTENT="שבועה שלא אוכל שבועה שלא אוכל"
                    HPOS="1863.0"
                    VPOS="1764.0"
                    WIDTH="923.0"
                    HEIGHT="102.0"></String>
          </TextLine>

          
          
          <TextLine ID="eSc_line_1336599f"
                    
                    BASELINE="1989 1883 2074 1894 2159 1894 2193 1900 2790 1906" 
                    HPOS="1982.0"
                    VPOS="1846.0"
                    WIDTH="804.0"
                    HEIGHT="95.0">
            <Shape><Polygon POINTS="1986 1880 1982 1941 2779 1941 2786 1904 2783 1863 1986 1846 1986 1880"/></Shape>
	    <String CONTENT="ואכל אינו חייב אלא אחת ˙ ¶ ד&#39;"
                    HPOS="1982.0"
                    VPOS="1846.0"
                    WIDTH="804.0"
                    HEIGHT="95.0"></String>
          </TextLine>

          
          
          <TextLine ID="eSc_line_6e64645f"
                    
                    BASELINE="1849 1955 2207 1962 2241 1969 2790 1970" 
                    HPOS="1843.0"
                    VPOS="1907.0"
                    WIDTH="943.0"
                    HEIGHT="119.0">
            <Shape><Polygon POINTS="1846 1952 1843 2003 2234 2023 2238 2023 2374 2009 2377 2009 2459 2026 2463 2026 2779 2009 2786 1969 2786 1931 2044 1907 2040 1907 1846 1921 1846 1952"/></Shape>
	    <String CONTENT="סתם נדרים להחמיר ופירושן ˙˙ להקל"
                    HPOS="1843.0"
                    VPOS="1907.0"
                    WIDTH="943.0"
                    HEIGHT="119.0"></String>
          </TextLine>

          
          
          <TextLine ID="eSc_line_f98b033b"
                    
                    BASELINE="1849 2026 1907 2037 2173 2033 2214 2040 2565 2044 2640 2050 2773 2040" 
                    HPOS="1843.0"
                    VPOS="1999.0"
                    WIDTH="926.0"
                    HEIGHT="96.0">
            <Shape><Polygon POINTS="1846 2023 1843 2074 2224 2095 2227 2095 2766 2078 2769 2037 2766 2003 1846 1999 1846 2023"/></Shape>
	    <String CONTENT="כי צד אמ&#39; הרי עליי כבשר מליח וכיין"
                    HPOS="1843.0"
                    VPOS="1999.0"
                    WIDTH="926.0"
                    HEIGHT="96.0"></String>
          </TextLine>

          
          
          <TextLine ID="eSc_line_aa85b9e0"
                    
                    BASELINE="1866 2112 2084 2112 2275 2118 2771 2129" 
                    HPOS="1860.0"
                    VPOS="2067.0"
                    WIDTH="909.0"
                    HEIGHT="96.0">
            <Shape><Polygon POINTS="1863 2108 1860 2146 2759 2163 2769 2125 2766 2084 1863 2067 1863 2108"/></Shape>
	    <String CONTENT="נסך אם שלשמים נדר אסור ואם ˙˙ של"
                    HPOS="1860.0"
                    VPOS="2067.0"
                    WIDTH="909.0"
                    HEIGHT="96.0"></String>
          </TextLine>

          
          
          <TextLine ID="eSc_line_2002397f"
                    
                    BASELINE="1853 2176 1911 2187 2771 2198" 
                    HPOS="1846.0"
                    VPOS="2142.0"
                    WIDTH="923.0"
                    HEIGHT="89.0">
            <Shape><Polygon POINTS="2769 2156 1849 2142 1849 2173 1846 2214 2759 2231 2769 2197 2769 2190 2769 2156"/></Shape>
	    <String CONTENT="עבודה זרה מותר ואם סתם אסור הרי"
                    HPOS="1846.0"
                    VPOS="2142.0"
                    WIDTH="923.0"
                    HEIGHT="89.0"></String>
          </TextLine>

          
          
          <TextLine ID="eSc_line_17c99e0c"
                    
                    BASELINE="1863 2244 2033 2255 2336 2251 2374 2258 2527 2262 2575 2272 2762 2276 2771 2276" 
                    HPOS="1856.0"
                    VPOS="2200.0"
                    WIDTH="913.0"
                    HEIGHT="116.0">
            <Shape><Polygon POINTS="1860 2241 1856 2289 2384 2316 2388 2316 2766 2306 2769 2275 2766 2227 2197 2200 2193 2200 1873 2210 1860 2241"/></Shape>
	    <String CONTENT="עליי כחרם אם כחרם שלשמים נדר [א&#39;]"
                    HPOS="1856.0"
                    VPOS="2200.0"
                    WIDTH="913.0"
                    HEIGHT="116.0"></String>
          </TextLine>

          
          
          <TextLine ID="eSc_line_82c8cff6"
                    
                    BASELINE="1849 2326 1907 2336 2377 2333 2422 2340 2771 2353" 
                    HPOS="1843.0"
                    VPOS="2296.0"
                    WIDTH="926.0"
                    HEIGHT="81.0">
            <Shape><Polygon POINTS="1846 2323 1843 2367 2759 2377 2769 2350 2766 2306 1846 2296 1846 2323"/></Shape>
	    <String CONTENT="אסור ואם שלכהנים מותר ואם סתם"
                    HPOS="1843.0"
                    VPOS="2296.0"
                    WIDTH="926.0"
                    HEIGHT="81.0"></String>
          </TextLine>

          
          
          <TextLine ID="eSc_line_b463ffc6"
                    
                    BASELINE="1870 2394 1924 2405 2449 2401 2524 2408 2771 2419" 
                    HPOS="1863.0"
                    VPOS="2364.0"
                    WIDTH="906.0"
                    HEIGHT="88.0">
            <Shape><Polygon POINTS="1866 2391 1863 2435 2759 2452 2769 2418 2769 2371 1880 2364 1866 2391"/></Shape>
	    <String CONTENT="אסור הרי עליי כמעשר אם כמעשר"
                    HPOS="1863.0"
                    VPOS="2364.0"
                    WIDTH="906.0"
                    HEIGHT="88.0"></String>
          </TextLine>

          
          
          <TextLine ID="eSc_line_d63efe06"
                    
                    BASELINE="1849 2466 2463 2473 2544 2466 2582 2476 2771 2487" 
                    HPOS="1843.0"
                    VPOS="2428.0"
                    WIDTH="926.0"
                    HEIGHT="86.0">
            <Shape><Polygon POINTS="2762 2442 2759 2439 1846 2428 1846 2463 1843 2500 2759 2514 2769 2486 2766 2442 2762 2439 2762 2442"/></Shape>
	    <String CONTENT="בהמה נדר אסור ואם שלדגן מותר ואם"
                    HPOS="1843.0"
                    VPOS="2428.0"
                    WIDTH="926.0"
                    HEIGHT="86.0"></String>
          </TextLine>

          
          
          <TextLine ID="eSc_line_f811d595"
                    
                    BASELINE="1839 2524 1952 2534 2115 2534 2193 2541 2771 2546" 
                    HPOS="1832.0"
                    VPOS="2493.0"
                    WIDTH="937.0"
                    HEIGHT="92.0">
            <Shape><Polygon POINTS="2766 2507 1836 2493 1836 2520 1832 2565 2759 2585 2769 2544 2769 2514 2766 2507"/></Shape>
	    <String CONTENT="סתם אסור הרי עליי כתרומה אם כתרומת"
                    HPOS="1832.0"
                    VPOS="2493.0"
                    WIDTH="937.0"
                    HEIGHT="92.0"></String>
          </TextLine>

          
          
          <TextLine ID="eSc_line_e39336d5"
                    
                    BASELINE="1856 2592 2227 2592 2262 2602 2771 2613" 
                    HPOS="1849.0"
                    VPOS="2548.0"
                    WIDTH="920.0"
                    HEIGHT="102.0">
            <Shape><Polygon POINTS="1853 2589 1849 2636 2759 2650 2769 2612 2766 2575 2163 2548 2159 2548 1853 2558 1853 2589"/></Shape>
	    <String CONTENT="הלשכה נדר אסור ואם שלגורן מותר"
                    HPOS="1849.0"
                    VPOS="2548.0"
                    WIDTH="920.0"
                    HEIGHT="102.0"></String>
          </TextLine>

          
          
          <TextLine ID="eSc_line_2bc0039e"
                    
                    BASELINE="1863 2650 2459 2657 2493 2667 2561 2660 2771 2673" 
                    HPOS="1856.0"
                    VPOS="2616.0"
                    WIDTH="913.0"
                    HEIGHT="85.0">
            <Shape><Polygon POINTS="1860 2646 1856 2687 2759 2701 2769 2670 2766 2629 1877 2616 1860 2646"/></Shape>
	    <String CONTENT="ואם סתם אסור דב&#39;ר&#39; מאיר וחכמ&#39; אומ&#39;"
                    HPOS="1856.0"
                    VPOS="2616.0"
                    WIDTH="913.0"
                    HEIGHT="85.0"></String>
          </TextLine>

          
          
          <TextLine ID="eSc_line_69b071da"
                    
                    BASELINE="1877 2725 2088 2725 2163 2732 2204 2725 2771 2730" 
                    HPOS="1870.0"
                    VPOS="2684.0"
                    WIDTH="899.0"
                    HEIGHT="78.0">
            <Shape><Polygon POINTS="1873 2721 1870 2759 2759 2762 2769 2728 2766 2691 1873 2684 1873 2721"/></Shape>
	    <String CONTENT="סתם תרומה ביהודה אסורה ובגליל [מו&#39;]"
                    HPOS="1870.0"
                    VPOS="2684.0"
                    WIDTH="899.0"
                    HEIGHT="78.0"></String>
          </TextLine>

          
          
          <TextLine ID="eSc_line_6bea2a75"
                    
                    BASELINE="1839 2790 2771 2801" 
                    HPOS="1832.0"
                    VPOS="2745.0"
                    WIDTH="937.0"
                    HEIGHT="99.0">
            <Shape><Polygon POINTS="1836 2786 1832 2820 2759 2844 2769 2800 2766 2759 1836 2745 1836 2786"/></Shape>
	    <String CONTENT="מותרת שאין אנשי הגליל מכירים את"
                    HPOS="1832.0"
                    VPOS="2745.0"
                    WIDTH="937.0"
                    HEIGHT="99.0"></String>
          </TextLine>

          
          
          <TextLine ID="eSc_line_7d5e178b"
                    
                    BASELINE="1866 2854 2771 2871" 
                    HPOS="1860.0"
                    VPOS="2800.0"
                    WIDTH="909.0"
                    HEIGHT="119.0">
            <Shape><Polygon POINTS="1863 2851 1860 2888 2653 2919 2657 2919 2762 2902 2769 2868 2769 2834 2711 2813 2708 2813 2704 2813 2391 2824 2009 2800 2006 2800 1863 2813 1863 2851"/></Shape>
	    <String CONTENT="תרומת הלשכה סתם חרמים ביהודה [מ&#39;]"
                    HPOS="1860.0"
                    VPOS="2800.0"
                    WIDTH="909.0"
                    HEIGHT="119.0"></String>
          </TextLine>

          
          
          <TextLine ID="eSc_line_32ad957a"
                    
                    BASELINE="1863 2926 1921 2936 2771 2947" 
                    HPOS="1856.0"
                    VPOS="2875.0"
                    WIDTH="913.0"
                    HEIGHT="102.0">
            <Shape><Polygon POINTS="1860 2922 1856 2963 2759 2977 2769 2946 2766 2905 2439 2882 2435 2882 2187 2892 2163 2875 2159 2875 2156 2875 2153 2875 1873 2888 1860 2922"/></Shape>
	    <String CONTENT="מותרים ובגליל אסורים שאין אנשי"
                    HPOS="1856.0"
                    VPOS="2875.0"
                    WIDTH="913.0"
                    HEIGHT="102.0"></String>
          </TextLine>

          
          
          <TextLine ID="eSc_line_e3198107"
                    
                    BASELINE="1877 2991 1934 3008 2771 3013" 
                    HPOS="1870.0"
                    VPOS="2960.0"
                    WIDTH="899.0"
                    HEIGHT="102.0">
            <Shape><Polygon POINTS="1873 2987 1870 3045 2759 3062 2769 3011 2769 2967 1873 2960 1873 2987"/></Shape>
	    <String CONTENT="הגליל מכירים את חרמי כהנים ˙ ¶ ה&#39;"
                    HPOS="1870.0"
                    VPOS="2960.0"
                    WIDTH="899.0"
                    HEIGHT="102.0"></String>
          </TextLine>

          
        </TextBlock>
        
        <TextBlock HPOS="639.0"
                   VPOS="655.0"
                   WIDTH="1105.0"
                   HEIGHT="2401.0"
                   ID="eSc_textblock_f6869cfe"
                   TAGREFS="BT2">
          <Shape><Polygon POINTS="709 655 1744 673 1735 3056 639 3024"/></Shape>
          
          
          <TextLine ID="eSc_line_1f314712"
                    
                    BASELINE="694 705 1049 715 1423 711 1742 722" 
                    HPOS="688.0"
                    VPOS="657.0"
                    WIDTH="1052.0"
                    HEIGHT="102.0">
            <Shape><Polygon POINTS="1645 671 1611 671 1577 671 1543 671 1509 667 1488 667 1366 674 1352 674 1342 667 1338 667 1304 664 1270 664 1236 664 1205 664 1131 671 1124 671 1093 660 1066 660 1032 660 998 660 964 660 953 660 906 667 878 657 861 657 827 657 793 657 759 657 752 657 691 664 691 701 688 746 1730 759 1740 718 1737 681 1676 671 1645 671"/></Shape>
	    <String CONTENT="נדר בחרם ואמר לא נדרתי אלא בחרמו שלים"
                    HPOS="688.0"
                    VPOS="657.0"
                    WIDTH="1052.0"
                    HEIGHT="102.0"></String>
          </TextLine>

          
          
          <TextLine ID="eSc_line_c7da36fb"
                    
                    BASELINE="677 763 861 776 987 776 1022 783 1369 780 1410 786 1742 795" 
                    HPOS="671.0"
                    VPOS="739.0"
                    WIDTH="1069.0"
                    HEIGHT="92.0">
            <Shape><Polygon POINTS="674 759 671 807 827 827 831 831 1733 831 1740 793 1737 759 674 739 674 759"/></Shape>
	    <String CONTENT="נדר בקרבן ואמר לא נדרתי אלא בקרבנות"
                    HPOS="671.0"
                    VPOS="739.0"
                    WIDTH="1069.0"
                    HEIGHT="92.0"></String>
          </TextLine>

          
          
          <TextLine ID="eSc_line_2aeb6617"
                    
                    BASELINE="705 838 926 844 970 851 1742 857" 
                    HPOS="698.0"
                    VPOS="790.0"
                    WIDTH="1042.0"
                    HEIGHT="109.0">
            <Shape><Polygon POINTS="701 834 698 878 855 899 858 899 1733 892 1740 855 1740 817 793 790 790 790 701 803 701 834"/></Shape>
	    <String CONTENT="מלכים הרי עצמי קרבן ואמר לא נדרתי [א&#39;]"
                    HPOS="698.0"
                    VPOS="790.0"
                    WIDTH="1042.0"
                    HEIGHT="109.0"></String>
          </TextLine>

          
          
          <TextLine ID="eSc_line_ae769152"
                    
                    BASELINE="677 899 916 912 1073 909 1171 919 1502 919 1536 912 1702 929 1742 930" 
                    HPOS="671.0"
                    VPOS="868.0"
                    WIDTH="1069.0"
                    HEIGHT="102.0">
            <Shape><Polygon POINTS="674 895 671 940 742 960 746 960 749 960 752 960 810 947 875 964 878 964 1733 970 1740 926 1737 889 674 868 674 895"/></Shape>
	    <String CONTENT="אלא בעצם שהינחתי לי להיות נודר בו קונם"
                    HPOS="671.0"
                    VPOS="868.0"
                    WIDTH="1069.0"
                    HEIGHT="102.0"></String>
          </TextLine>

          
          
          <TextLine ID="eSc_line_987ae2b8"
                    
                    BASELINE="677 994 872 994 957 1001 1742 1001" 
                    HPOS="671.0"
                    VPOS="936.0"
                    WIDTH="1069.0"
                    HEIGHT="103.0">
            <Shape><Polygon POINTS="674 991 671 1032 1733 1039 1740 998 1737 957 725 936 722 936 718 936 674 953 674 991"/></Shape>
	    <String CONTENT="אשתי נהנית לי ואמר לא נדרתי אלא מאשתי"
                    HPOS="671.0"
                    VPOS="936.0"
                    WIDTH="1069.0"
                    HEIGHT="103.0"></String>
          </TextLine>

          
          
          <TextLine ID="eSc_line_b354b719"
                    
                    BASELINE="708 1062 967 1062 1042 1069 1742 1069" 
                    HPOS="701.0"
                    VPOS="1015.0"
                    WIDTH="1039.0"
                    HEIGHT="88.0">
            <Shape><Polygon POINTS="705 1059 701 1103 1737 1103 1740 1066 1737 1025 705 1015 705 1059"/></Shape>
	    <String CONTENT="הראשונה שגירשתי על כולן אין נשאלים"
                    HPOS="701.0"
                    VPOS="1015.0"
                    WIDTH="1039.0"
                    HEIGHT="88.0"></String>
          </TextLine>

          
          
          <TextLine ID="eSc_line_61dde22e"
                    
                    BASELINE="705 1117 756 1127 1049 1131 1083 1137 1492 1134 1536 1141 1742 1147" 
                    HPOS="698.0"
                    VPOS="1093.0"
                    WIDTH="1042.0"
                    HEIGHT="92.0">
            <Shape><Polygon POINTS="701 1113 698 1168 1730 1185 1740 1144 1740 1100 701 1093 701 1113"/></Shape>
	    <String CONTENT="עליהן ואם נשאלו עונשים אותן ומחמירין"
                    HPOS="698.0"
                    VPOS="1093.0"
                    WIDTH="1042.0"
                    HEIGHT="92.0"></String>
          </TextLine>

          
          
          <TextLine ID="eSc_line_4c6c5562"
                    
                    BASELINE="677 1202 1066 1202 1335 1212 1742 1218" 
                    HPOS="671.0"
                    VPOS="1151.0"
                    WIDTH="1069.0"
                    HEIGHT="99.0">
            <Shape><Polygon POINTS="674 1199 671 1236 1730 1250 1740 1216 1740 1178 1018 1151 1015 1151 674 1161 674 1199"/></Shape>
	    <String CONTENT="עליהם דב&#39; ר&#39; מאיר וחכמ&#39; אומ&#39; פותחין להם פתח"
                    HPOS="671.0"
                    VPOS="1151.0"
                    WIDTH="1069.0"
                    HEIGHT="99.0"></String>
          </TextLine>

          
          
          <TextLine ID="eSc_line_de38f219"
                    
                    BASELINE="667 1270 909 1270 950 1277 1246 1280 1325 1287 1573 1284 1742 1291" 
                    HPOS="660.0"
                    VPOS="1226.0"
                    WIDTH="1080.0"
                    HEIGHT="102.0">
            <Shape><Polygon POINTS="664 1267 660 1325 1730 1328 1740 1287 1737 1250 1584 1229 1580 1229 1389 1243 1349 1226 1345 1226 1342 1226 664 1236 664 1267"/></Shape>
	    <String CONTENT="ממקום אחר ומלמדין אותם כדי"
                    HPOS="660.0"
                    VPOS="1226.0"
                    WIDTH="1080.0"
                    HEIGHT="102.0"></String>
          </TextLine>

          
          
          <TextLine ID="eSc_line_69448554"
                    
                    BASELINE="681 1335 735 1345 1131 1352 1250 1359 1742 1365" 
                    HPOS="674.0"
                    VPOS="1291.0"
                    WIDTH="1066.0"
                    HEIGHT="119.0">
            <Shape><Polygon POINTS="677 1332 674 1383 797 1403 800 1403 943 1389 970 1389 1154 1389 1158 1396 1175 1410 1178 1410 1182 1410 1185 1410 1733 1406 1740 1362 1737 1321 677 1291 677 1332"/></Shape>
	    <String CONTENT="שלא ינהגו קלות ראש בנדרים :"
                    HPOS="674.0"
                    VPOS="1291.0"
                    WIDTH="1066.0"
                    HEIGHT="119.0"></String>
          </TextLine>

          
          
          <TextLine ID="eSc_line_5f1dc22e"
                    
                    BASELINE="814 1423 1304 1420 1342 1427 1437 1427" 
                    HPOS="807.0"
                    VPOS="1372.0"
                    WIDTH="627.0"
                    HEIGHT="89.0">
            <Shape><Polygon POINTS="810 1420 810 1461 1430 1461 1434 1423 1430 1383 868 1372 865 1372 861 1372 807 1389 810 1420"/></Shape>
	    <String CONTENT="הל&#39; ה&#39; ¶ פרק ג&#39;"
                    HPOS="807.0"
                    VPOS="1372.0"
                    WIDTH="627.0"
                    HEIGHT="89.0"></String>
          </TextLine>

          
          
          <TextLine ID="eSc_line_21dab0a8"
                    
                    BASELINE="705 1478 1158 1485 1192 1492 1570 1488 1740 1497" 
                    HPOS="698.0"
                    VPOS="1444.0"
                    WIDTH="1039.0"
                    HEIGHT="89.0">
            <Shape><Polygon POINTS="701 1475 698 1522 1727 1533 1737 1495 1733 1454 701 1444 701 1475"/></Shape>
	    <String CONTENT="¶ ארבעה נדרים התירו חכמים נדרי זירוזין [ונ&#39;]"
                    HPOS="698.0"
                    VPOS="1444.0"
                    WIDTH="1039.0"
                    HEIGHT="89.0"></String>
          </TextLine>

          
          
          <TextLine ID="eSc_line_7102ace2"
                    
                    BASELINE="681 1553 773 1550 967 1560 1372 1556 1740 1571" 
                    HPOS="674.0"
                    VPOS="1509.0"
                    WIDTH="1063.0"
                    HEIGHT="92.0">
            <Shape><Polygon POINTS="677 1550 674 1587 1727 1601 1737 1570 1737 1522 677 1509 677 1550"/></Shape>
	    <String CONTENT="ונדרי הווי נדרי שגגות ונדרי אונסין נידרי [ז&#39;]"
                    HPOS="674.0"
                    VPOS="1509.0"
                    WIDTH="1063.0"
                    HEIGHT="92.0"></String>
          </TextLine>

          
          
          <TextLine ID="eSc_line_0da1dab0"
                    
                    BASELINE="681 1604 739 1614 940 1611 1376 1621 1430 1631 1464 1624 1740 1634" 
                    HPOS="674.0"
                    VPOS="1570.0"
                    WIDTH="1063.0"
                    HEIGHT="92.0">
            <Shape><Polygon POINTS="677 1601 674 1648 1727 1662 1737 1631 1737 1594 677 1570 677 1601"/></Shape>
	    <String CONTENT="זירוזין היה מוכר חפץ אמ&#39; קונם ש(א)ני פוחת לך"
                    HPOS="674.0"
                    VPOS="1570.0"
                    WIDTH="1063.0"
                    HEIGHT="92.0"></String>
          </TextLine>

          
          
          <TextLine ID="eSc_line_26591ff6"
                    
                    BASELINE="664 1672 882 1662 923 1672 1243 1676 1284 1682 1546 1682 1740 1683" 
                    HPOS="657.0"
                    VPOS="1642.0"
                    WIDTH="1080.0"
                    HEIGHT="81.0">
            <Shape><Polygon POINTS="660 1669 657 1710 1727 1723 1737 1682 1733 1642 660 1642 660 1669"/></Shape>
	    <String CONTENT="מן הסלע והלה אומ&#39; קונם ש(א)ני מוסיף לך על"
                    HPOS="657.0"
                    VPOS="1642.0"
                    WIDTH="1080.0"
                    HEIGHT="81.0"></String>
          </TextLine>

          
          
          <TextLine ID="eSc_line_0c55e97a"
                    
                    BASELINE="654 1723 875 1730 912 1740 994 1733 1246 1737 1291 1730 1325 1740 1740 1749" 
                    HPOS="647.0"
                    VPOS="1689.0"
                    WIDTH="1090.0"
                    HEIGHT="96.0">
            <Shape><Polygon POINTS="650 1720 647 1761 1727 1785 1737 1747 1733 1713 650 1689 650 1720"/></Shape>
	    <String CONTENT="השקל שניהם רוצים בשלשה דינרין ר&#39; אליעזר"
                    HPOS="647.0"
                    VPOS="1689.0"
                    WIDTH="1090.0"
                    HEIGHT="96.0"></String>
          </TextLine>

          
          
          <TextLine ID="eSc_line_28cf7f30"
                    
                    BASELINE="643 1791 780 1798 821 1805 1141 1802 1182 1808 1297 1812 1740 1818" 
                    HPOS="637.0"
                    VPOS="1761.0"
                    WIDTH="1100.0"
                    HEIGHT="102.0">
            <Shape><Polygon POINTS="640 1788 637 1836 1485 1863 1488 1863 1730 1846 1737 1815 1737 1774 640 1761 640 1788"/></Shape>
	    <String CONTENT="בן יעקב או&#39; אף הרוצה להדיר את חבירו שיאכל"
                    HPOS="637.0"
                    VPOS="1761.0"
                    WIDTH="1100.0"
                    HEIGHT="102.0"></String>
          </TextLine>

          
          
          <TextLine ID="eSc_line_88f084ac"
                    
                    BASELINE="637 1877 688 1870 797 1870 838 1877 1342 1887 1740 1893" 
                    HPOS="630.0"
                    VPOS="1829.0"
                    WIDTH="1107.0"
                    HEIGHT="99.0">
            <Shape><Polygon POINTS="633 1873 630 1911 1727 1928 1737 1890 1737 1856 1475 1829 1471 1829 633 1832 633 1873"/></Shape>
	    <String CONTENT="אצלו ואמר כל נדר ש(א)ני עתיד לידור הרי הוא"
                    HPOS="630.0"
                    VPOS="1829.0"
                    WIDTH="1107.0"
                    HEIGHT="99.0"></String>
          </TextLine>

          
          
          <TextLine ID="eSc_line_2c8676a6"
                    
                    BASELINE="732 1945 861 1955 1740 1955" 
                    HPOS="725.0"
                    VPOS="1914.0"
                    WIDTH="1012.0"
                    HEIGHT="78.0">
            <Shape><Polygon POINTS="729 1941 725 1992 1733 1992 1737 1952 1733 1914 729 1914 729 1941"/></Shape>
	    <String CONTENT="בטל ובלבד שיהא זכור בשעת הנדר ˙ ¶ ב&#39;"
                    HPOS="725.0"
                    VPOS="1914.0"
                    WIDTH="1012.0"
                    HEIGHT="78.0"></String>
          </TextLine>

          
          
          <TextLine ID="eSc_line_774f8b83"
                    
                    BASELINE="654 2013 705 2023 851 2023 895 2016 950 2026 1049 2030 1563 2030 1597 2037 1723 2026" 
                    HPOS="647.0"
                    VPOS="1989.0"
                    WIDTH="1073.0"
                    HEIGHT="82.0">
            <Shape><Polygon POINTS="650 2009 647 2061 1713 2071 1720 2023 1716 1989 650 1989 650 2009"/></Shape>
	    <String CONTENT="נידרי הווי אמ&#39; אם לא ראיתי בדרך הזו כעולי [מ&#39;]"
                    HPOS="647.0"
                    VPOS="1989.0"
                    WIDTH="1073.0"
                    HEIGHT="82.0"></String>
          </TextLine>

          
          
          <TextLine ID="eSc_line_3d6eabad"
                    
                    BASELINE="657 2084 742 2095 1028 2098 1103 2105 1628 2101 1727 2108" 
                    HPOS="650.0"
                    VPOS="2057.0"
                    WIDTH="1073.0"
                    HEIGHT="96.0">
            <Shape><Polygon POINTS="654 2081 650 2132 722 2153 725 2153 729 2153 1716 2142 1723 2105 1720 2061 654 2057 654 2081"/></Shape>
	    <String CONTENT="מצרים אם לא ראיתי נחש כקורת בית הבד נדרי"
                    HPOS="650.0"
                    VPOS="2057.0"
                    WIDTH="1073.0"
                    HEIGHT="96.0"></String>
          </TextLine>

          
          
          <TextLine ID="eSc_line_7b330fa1"
                    
                    BASELINE="640 2159 936 2166 970 2173 1734 2173" 
                    HPOS="633.0"
                    VPOS="2129.0"
                    WIDTH="1100.0"
                    HEIGHT="88.0">
            <Shape><Polygon POINTS="637 2156 633 2200 1727 2217 1733 2170 1730 2132 637 2129 637 2156"/></Shape>
	    <String CONTENT="שגגות כיצד אמר אם אכלתי ואם שתיתי [ונז&#39;]"
                    HPOS="633.0"
                    VPOS="2129.0"
                    WIDTH="1100.0"
                    HEIGHT="88.0"></String>
          </TextLine>

          
          
          <TextLine ID="eSc_line_646b90c9"
                    
                    BASELINE="671 2234 814 2234 889 2241 1722 2244 1734 2246" 
                    HPOS="664.0"
                    VPOS="2183.0"
                    WIDTH="1069.0"
                    HEIGHT="102.0">
            <Shape><Polygon POINTS="667 2231 664 2279 1720 2285 1733 2244 1730 2204 1103 2204 1093 2200 1011 2183 1008 2183 667 2197 667 2231"/></Shape>
	    <String CONTENT="ונזכר שאכל וששתה ש(א)ני אוכל וש(א)ני שותה [ו&#39;]"
                    HPOS="664.0"
                    VPOS="2183.0"
                    WIDTH="1069.0"
                    HEIGHT="102.0"></String>
          </TextLine>

          
          
          <TextLine ID="eSc_line_67a51036"
                    
                    BASELINE="654 2309 790 2309 868 2302 906 2313 1202 2316 1284 2323 1734 2329" 
                    HPOS="647.0"
                    VPOS="2268.0"
                    WIDTH="1086.0"
                    HEIGHT="89.0">
            <Shape><Polygon POINTS="650 2306 647 2343 1723 2357 1733 2326 1730 2282 650 2268 650 2306"/></Shape>
	    <String CONTENT="ושכח ואכל ושתה אמר קונם אשתי נהנת ˙˙ לי"
                    HPOS="647.0"
                    VPOS="2268.0"
                    WIDTH="1086.0"
                    HEIGHT="89.0"></String>
          </TextLine>

          
          
          <TextLine ID="eSc_line_adc0a8c8"
                    
                    BASELINE="650 2377 739 2374 814 2381 1205 2384 1366 2391 1734 2397" 
                    HPOS="643.0"
                    VPOS="2340.0"
                    WIDTH="1090.0"
                    HEIGHT="95.0">
            <Shape><Polygon POINTS="647 2374 643 2422 1723 2435 1733 2394 1730 2357 647 2340 647 2374"/></Shape>
	    <String CONTENT="שגנבה את כיסי ושהיכת את בני ונודע ˙˙ שלא"
                    HPOS="643.0"
                    VPOS="2340.0"
                    WIDTH="1090.0"
                    HEIGHT="95.0"></String>
          </TextLine>

          
          
          <TextLine ID="eSc_line_8c82462e"
                    
                    BASELINE="637 2449 759 2442 834 2449 1131 2452 1165 2459 1734 2459" 
                    HPOS="630.0"
                    VPOS="2418.0"
                    WIDTH="1103.0"
                    HEIGHT="72.0">
            <Shape><Polygon POINTS="633 2445 630 2486 1727 2490 1733 2456 1733 2418 633 2418 633 2445"/></Shape>
	    <String CONTENT="היכתו ונודע שלא גנבה ראה אותן אוכלים [ת&#39;]"
                    HPOS="630.0"
                    VPOS="2418.0"
                    WIDTH="1103.0"
                    HEIGHT="72.0"></String>
          </TextLine>

          
          
          <TextLine ID="eSc_line_4657fd64"
                    
                    BASELINE="654 2510 1062 2510 1096 2517 1372 2520 1417 2531 1485 2524 1734 2532" 
                    HPOS="647.0"
                    VPOS="2476.0"
                    WIDTH="1086.0"
                    HEIGHT="85.0">
            <Shape><Polygon POINTS="650 2507 647 2558 1723 2561 1733 2531 1730 2486 650 2476 650 2507"/></Shape>
	    <String CONTENT="תאינים ואמ&#39; להם הרי הן עליכם קרבן ונמצאו [א&#39;]"
                    HPOS="647.0"
                    VPOS="2476.0"
                    WIDTH="1086.0"
                    HEIGHT="85.0"></String>
          </TextLine>

          
          
          <TextLine ID="eSc_line_014f1405"
                    
                    BASELINE="637 2568 967 2575 1001 2582 1396 2578 1468 2585 1734 2594" 
                    HPOS="630.0"
                    VPOS="2537.0"
                    WIDTH="1103.0"
                    HEIGHT="89.0">
            <Shape><Polygon POINTS="633 2565 630 2602 1723 2626 1733 2592 1733 2551 633 2537 633 2565"/></Shape>
	    <String CONTENT="אביו או אחיו והיו עמהן אחרים בית שמי אומ&#39;"
                    HPOS="630.0"
                    VPOS="2537.0"
                    WIDTH="1103.0"
                    HEIGHT="89.0"></String>
          </TextLine>

          
          
          <TextLine ID="eSc_line_1e39af24"
                    
                    BASELINE="637 2626 722 2636 1355 2633 1478 2643 1734 2649" 
                    HPOS="630.0"
                    VPOS="2599.0"
                    WIDTH="1103.0"
                    HEIGHT="85.0">
            <Shape><Polygon POINTS="633 2623 630 2667 1723 2684 1733 2646 1730 2602 633 2599 633 2623"/></Shape>
	    <String CONTENT="הן מותרים ומה שעמהם אסורים ובית הלל אומ&#39;"
                    HPOS="630.0"
                    VPOS="2599.0"
                    WIDTH="1103.0"
                    HEIGHT="85.0"></String>
          </TextLine>

          
          
          <TextLine ID="eSc_line_66d5166d"
                    
                    BASELINE="637 2691 1052 2704 1427 2701 1461 2708 1734 2716" 
                    HPOS="630.0"
                    VPOS="2650.0"
                    WIDTH="1103.0"
                    HEIGHT="105.0">
            <Shape><Polygon POINTS="633 2687 630 2725 1723 2755 1733 2715 1730 2677 1325 2653 1321 2653 1222 2667 1209 2667 1199 2653 1195 2653 1195 2650 1192 2650 1188 2650 1185 2650 633 2653 633 2687"/></Shape>
	    <String CONTENT="אלו ואלו מותרים ˙ ¶ ג&#39; נידרי אונסין הדירו"
                    HPOS="630.0"
                    VPOS="2650.0"
                    WIDTH="1103.0"
                    HEIGHT="105.0"></String>
          </TextLine>

          
          
          <TextLine ID="eSc_line_537566a6"
                    
                    BASELINE="650 2766 1073 2766 1131 2776 1199 2769 1734 2779" 
                    HPOS="643.0"
                    VPOS="2708.0"
                    WIDTH="1090.0"
                    HEIGHT="112.0">
            <Shape><Polygon POINTS="647 2762 643 2813 776 2813 780 2813 786 2813 1723 2820 1733 2776 1733 2738 1461 2735 1413 2711 1410 2711 1406 2711 1182 2725 1124 2708 1120 2708 1117 2708 1113 2708 1056 2728 647 2728 647 2762"/></Shape>
	    <String CONTENT="חבירו שיאכל אצלו חלה הוא או שחלה בנו או"
                    HPOS="643.0"
                    VPOS="2708.0"
                    WIDTH="1090.0"
                    HEIGHT="112.0"></String>
          </TextLine>

          
          
          <TextLine ID="eSc_line_d3e9cebf"
                    
                    BASELINE="759 2820 994 2834 1158 2834 1199 2841 1732 2847 1734 2847" 
                    HPOS="752.0"
                    VPOS="2776.0"
                    WIDTH="981.0"
                    HEIGHT="119.0">
            <Shape><Polygon POINTS="756 2817 752 2861 1045 2885 1049 2885 1335 2875 1379 2892 1383 2892 1386 2892 1543 2878 1560 2892 1560 2895 1563 2895 1567 2895 1570 2895 1730 2878 1733 2844 1730 2807 855 2796 851 2793 810 2776 807 2776 803 2776 800 2776 756 2790 756 2817"/></Shape>
	    <String CONTENT="שעיכבו נהר הרי אלו נידרי אונסים ˙ ¶ ד&#39;"
                    HPOS="752.0"
                    VPOS="2776.0"
                    WIDTH="981.0"
                    HEIGHT="119.0"></String>
          </TextLine>

          
          
          <TextLine ID="eSc_line_f521edd5"
                    
                    BASELINE="609 2895 834 2909 1137 2905 1222 2912 1732 2922 1734 2922" 
                    HPOS="602.0"
                    VPOS="2851.0"
                    WIDTH="1131.0"
                    HEIGHT="119.0">
            <Shape><Polygon POINTS="606 2892 602 2939 1597 2970 1601 2970 1730 2953 1733 2919 1733 2885 1669 2865 1665 2865 1662 2865 1550 2878 1536 2861 1533 2861 1533 2858 1529 2858 1526 2858 1522 2858 1519 2858 1478 2878 1389 2878 1366 2878 1366 2875 1352 2858 1349 2858 1349 2854 1345 2854 1342 2854 1338 2854 1182 2871 1175 2871 1141 2851 1137 2851 1134 2851 1131 2851 606 2858 606 2892"/></Shape>
	    <String CONTENT="נודרים להרגים ולחרמים ולמוכסים שהיא תרומה"
                    HPOS="602.0"
                    VPOS="2851.0"
                    WIDTH="1131.0"
                    HEIGHT="119.0"></String>
          </TextLine>

          
          
          <TextLine ID="eSc_line_29c7aae6"
                    
                    BASELINE="626 2963 725 2977 763 2974 1376 2994 1734 2993" 
                    HPOS="620.0"
                    VPOS="2929.0"
                    WIDTH="1113.0"
                    HEIGHT="133.0">
            <Shape><Polygon POINTS="623 2960 620 3014 684 3014 708 3038 708 3038 718 3038 858 3021 947 3045 960 3045 977 3045 1052 3028 1481 3062 1485 3062 1730 3038 1733 2991 1733 2956 623 2929 623 2960"/></Shape>
	    <String CONTENT="אף על פי שאינה תרומה שהן שלבית ˙˙ המלך"
                    HPOS="620.0"
                    VPOS="2929.0"
                    WIDTH="1113.0"
                    HEIGHT="133.0"></String>
          </TextLine>

          
        </TextBlock>
        

        
      </PrintSpace>
    </Page>
  </Layout>
</alto>
