<?xml version="1.0" encoding="UTF-8"?>
<alto xmlns:xsi="http://www.w3.org/2001/XMLSchema-instance"
      xmlns="http://www.loc.gov/standards/alto/ns-v4#"
      xsi:schemaLocation="http://www.loc.gov/standards/alto/ns-v4# http://www.loc.gov/standards/alto/v4/alto-4-2.xsd">
  <Description>
    <MeasurementUnit>pixel</MeasurementUnit>
    <sourceImageInformation>
      <fileName>MsParm3173_F13911_0371.jpg</fileName>
      
    </sourceImageInformation>
  </Description>
  
  <Tags>
    <OtherTag ID="BT1" LABEL="Title" DESCRIPTION="block type Title"/><OtherTag ID="BT2" LABEL="Main" DESCRIPTION="block type Main"/><OtherTag ID="BT3" LABEL="Commentary" DESCRIPTION="block type Commentary"/><OtherTag ID="BT4" LABEL="Illustration" DESCRIPTION="block type Illustration"/><OtherTag ID="BT830" LABEL="Margin" DESCRIPTION="block type Margin"/><OtherTag ID="BT831" LABEL="Hole" DESCRIPTION="block type Hole"/><OtherTag ID="BT832" LABEL="Paratext" DESCRIPTION="block type Paratext"/>
    <OtherTag ID="LT2" LABEL="Numbering" DESCRIPTION="line type Numbering"/><OtherTag ID="LT3" LABEL="Correction" DESCRIPTION="line type Correction"/><OtherTag ID="LT501" LABEL="Gloss" DESCRIPTION="line type Gloss"/>
  </Tags>
  
  <Layout>
    <Page WIDTH="3066"
          HEIGHT="4088"
          PHYSICAL_IMG_NR="363"
          ID="eSc_dummypage_">
      <PrintSpace HPOS="0"
                  VPOS="0"
                  WIDTH="3066"
                  HEIGHT="4088">
        
        <TextBlock HPOS="1521.0"
                   VPOS="489.0"
                   WIDTH="1027.0"
                   HEIGHT="2483.0"
                   ID="eSc_textblock_f88c70f0"
                   TAGREFS="BT2">
          <Shape><Polygon POINTS="1521 489 2525 489 2548 2960 2191 2972 1563 2969"/></Shape>
          
          
          <TextLine ID="eSc_line_12e66a8b"
                    
                    BASELINE="1529 572 2538 563" 
                    HPOS="1522.0"
                    VPOS="504.0"
                    WIDTH="1015.0"
                    HEIGHT="102.0">
            <Shape><Polygon POINTS="2204 534 2170 531 2156 514 2108 521 2095 521 2064 507 2061 507 2057 507 2054 507 2050 507 2033 521 2023 528 2003 521 1958 507 1955 507 1952 507 1836 521 1764 528 1665 524 1659 538 1624 538 1611 521 1522 521 1526 568 1526 606 2534 599 2537 562 2534 524 2323 504 2319 504 2221 511 2204 534"/></Shape>
	    <String CONTENT="שהתחיל הראשון עד שלא יפסוק השיני"
                    HPOS="1522.0"
                    VPOS="504.0"
                    WIDTH="1015.0"
                    HEIGHT="102.0"></String>
          </TextLine>

          
          
          <TextLine ID="eSc_line_d2afe471"
                    TAGREFS="LT2"
                    BASELINE="2145 531 2221 535" 
                    HPOS="2139.0"
                    VPOS="490.0"
                    WIDTH="78.0"
                    HEIGHT="68.0">
            <Shape><Polygon POINTS="2139 558 2173 558 2183 558 2217 534 2217 497 2142 490 2142 528"/></Shape>
	    <String CONTENT="ב&#39;"
                    HPOS="2139.0"
                    VPOS="490.0"
                    WIDTH="78.0"
                    HEIGHT="68.0"></String>
          </TextLine>

          
          
          <TextLine ID="eSc_line_be48c5d3"
                    TAGREFS="LT2"
                    BASELINE="1619 535 1687 535" 
                    HPOS="1619.0"
                    VPOS="520.0"
                    WIDTH="68.0"
                    HEIGHT="35.0">
            <Shape><Polygon POINTS="1619 520 1687 520 1687 555 1619 555"/></Shape>
	    <String CONTENT="א&#39;"
                    HPOS="1619.0"
                    VPOS="520.0"
                    WIDTH="68.0"
                    HEIGHT="35.0"></String>
          </TextLine>

          
          
          <TextLine ID="eSc_line_df00082c"
                    
                    BASELINE="1543 633 2292 633 2330 626 2520 620" 
                    HPOS="1536.0"
                    VPOS="596.0"
                    WIDTH="981.0"
                    HEIGHT="78.0">
            <Shape><Polygon POINTS="1539 630 1539 674 2514 664 2517 616 2514 596 1536 596 1539 630"/></Shape>
	    <String CONTENT="במי דברים אמורים בזמן שלא נתכון [לר&#39;]"
                    HPOS="1536.0"
                    VPOS="596.0"
                    WIDTH="981.0"
                    HEIGHT="78.0"></String>
          </TextLine>

          
          
          <TextLine ID="eSc_line_05a55961"
                    
                    BASELINE="1488 705 1536 705 1570 698 2190 701 2231 694 2347 694 2539 689" 
                    HPOS="1481.0"
                    VPOS="643.0"
                    WIDTH="1056.0"
                    HEIGHT="92.0">
            <Shape><Polygon POINTS="1519 691 1515 660 1485 660 1485 701 1481 735 2534 725 2537 688 2537 664 2490 643 2486 643 1975 643 1972 643 1533 660 1519 691"/></Shape>
	    <String CONTENT="לרבות אבל אם נתכוון לרבות אפילו קורטוב"
                    HPOS="1481.0"
                    VPOS="643.0"
                    WIDTH="1056.0"
                    HEIGHT="92.0"></String>
          </TextLine>

          
          
          <TextLine ID="eSc_line_e6fef603"
                    
                    BASELINE="1655 763 1941 759 1975 749 2020 756 2524 746" 
                    HPOS="1648.0"
                    VPOS="708.0"
                    WIDTH="872.0"
                    HEIGHT="109.0">
            <Shape><Polygon POINTS="1652 759 1652 817 2520 783 2520 742 2514 708 1648 725 1652 759"/></Shape>
	    <String CONTENT="בכל שנה מצטרפין לשלשת לוגין :"
                    HPOS="1648.0"
                    VPOS="708.0"
                    WIDTH="872.0"
                    HEIGHT="109.0"></String>
          </TextLine>

          
          
          <TextLine ID="eSc_line_78baf3f7"
                    
                    BASELINE="1693 831 1904 838 1945 831 2159 821 2309 821 2360 827" 
                    HPOS="1686.0"
                    VPOS="780.0"
                    WIDTH="671.0"
                    HEIGHT="102.0">
            <Shape><Polygon POINTS="1689 827 1689 861 1917 878 1921 878 1924 878 1928 878 1928 875 1945 861 1948 858 2074 858 2081 858 2118 878 2122 878 2125 882 2248 882 2248 878 2347 855 2357 824 2354 800 2040 780 2037 780 2033 780 2030 780 2030 783 2009 800 2009 803 1825 803 1825 800 1805 783 1805 780 1802 780 1798 780 1795 780 1791 780 1788 780 1788 783 1768 800 1768 803 1686 803 1689 827"/></Shape>
	    <String CONTENT="פרק ג&#39; הל&#39; ד&#39; ˙ ¶ פרק ד&#39; ˙"
                    HPOS="1686.0"
                    VPOS="780.0"
                    WIDTH="671.0"
                    HEIGHT="102.0"></String>
          </TextLine>

          
          
          <TextLine ID="eSc_line_948703cd"
                    
                    BASELINE="1488 912 1771 909 1880 902 2091 906 2176 899 2541 900" 
                    HPOS="1481.0"
                    VPOS="831.0"
                    WIDTH="1056.0"
                    HEIGHT="129.0">
            <Shape><Polygon POINTS="1764 831 1761 831 1757 831 1754 831 1751 831 1751 834 1727 855 1720 865 1655 865 1645 858 1601 831 1597 831 1594 831 1590 831 1587 831 1584 831 1550 861 1546 865 1481 865 1485 909 1485 947 1962 940 1996 943 2129 957 2132 957 2135 957 2139 957 2139 953 2156 940 2299 940 2316 953 2316 957 2319 957 2323 957 2326 960 2503 960 2503 957 2507 957 2510 957 2537 936 2537 899 2534 831 2326 831 2323 831 2319 831 2302 838 2231 861 2115 844 2112 844 1815 861 1798 851 1768 831 1764 831"/></Shape>
	    <String CONTENT="¶ המניח כלים תחת הצינור אחד כלים גדולים"
                    HPOS="1481.0"
                    VPOS="831.0"
                    WIDTH="1056.0"
                    HEIGHT="129.0"></String>
          </TextLine>

          
          
          <TextLine ID="eSc_line_4fee702c"
                    
                    BASELINE="1502 981 2081 987 2118 981 2292 977 2330 970 2483 974 2524 964" 
                    HPOS="1495.0"
                    VPOS="912.0"
                    WIDTH="1025.0"
                    HEIGHT="110.0">
            <Shape><Polygon POINTS="1498 977 1495 1022 2517 1022 2520 960 2514 936 2350 940 2330 936 2272 919 2268 919 2265 919 2262 919 2258 919 2231 936 2221 943 2064 943 2023 936 1924 916 1921 916 1917 916 1914 916 1890 936 1870 919 1870 916 1866 916 1863 916 1860 916 1856 916 1788 933 1737 916 1733 916 1730 916 1727 916 1723 916 1723 919 1699 936 1696 943 1624 943 1621 936 1597 916 1597 912 1594 912 1590 912 1587 912 1584 912 1580 912 1580 916 1553 936 1553 940 1498 940 1498 977"/></Shape>
	    <String CONTENT="ואחד כלים קטנים אפילו כלי גללים כלי"
                    HPOS="1495.0"
                    VPOS="912.0"
                    WIDTH="1025.0"
                    HEIGHT="110.0"></String>
          </TextLine>

          
          
          <TextLine ID="eSc_line_a7b266e1"
                    
                    BASELINE="1502 1062 1941 1069 1979 1062 2234 1059 2279 1052 2435 1056 2520 1042" 
                    HPOS="1495.0"
                    VPOS="998.0"
                    WIDTH="1022.0"
                    HEIGHT="98.0">
            <Shape><Polygon POINTS="1498 1059 1495 1096 2514 1096 2517 1039 2510 998 1498 1022 1498 1059"/></Shape>
	    <String CONTENT="אבנים כלי אדמה פוסלין את המקוה אחד"
                    HPOS="1495.0"
                    VPOS="998.0"
                    WIDTH="1022.0"
                    HEIGHT="98.0"></String>
          </TextLine>

          
          
          <TextLine ID="eSc_line_56f94dae"
                    
                    BASELINE="1515 1127 1560 1137 1761 1134 2091 1137 2163 1131 2296 1131 2401 1120 2476 1124 2524 1113" 
                    HPOS="1509.0"
                    VPOS="1079.0"
                    WIDTH="1011.0"
                    HEIGHT="82.0">
            <Shape><Polygon POINTS="1512 1124 1512 1161 2520 1158 2520 1110 2514 1079 1509 1093 1512 1124"/></Shape>
	    <String CONTENT="המניח ואחד השוכח כדברי בית שמיי"
                    HPOS="1509.0"
                    VPOS="1079.0"
                    WIDTH="1011.0"
                    HEIGHT="82.0"></String>
          </TextLine>

          
          
          <TextLine ID="eSc_line_ab2097ed"
                    
                    BASELINE="1526 1209 1822 1209 1866 1202 2146 1205 2187 1199 2520 1185" 
                    HPOS="1519.0"
                    VPOS="1134.0"
                    WIDTH="998.0"
                    HEIGHT="112.0">
            <Shape><Polygon POINTS="1522 1205 1522 1246 2514 1229 2517 1182 2510 1134 2357 1154 2302 1141 2292 1137 2289 1137 2285 1137 1519 1165 1522 1205"/></Shape>
	    <String CONTENT="ובית הלל מטהרין בשוכח א&#39;ר&#39; מאיר [נמ&#39;]"
                    HPOS="1519.0"
                    VPOS="1134.0"
                    WIDTH="998.0"
                    HEIGHT="112.0"></String>
          </TextLine>

          
          
          <TextLine ID="eSc_line_92bae4c6"
                    
                    BASELINE="1505 1294 1594 1301 1631 1294 1928 1284 2040 1287 2248 1277 2289 1267 2330 1274 2445 1274 2524 1263" 
                    HPOS="1498.0"
                    VPOS="1219.0"
                    WIDTH="1022.0"
                    HEIGHT="136.0">
            <Shape><Polygon POINTS="1533 1277 1529 1253 1498 1253 1502 1291 1502 1338 1604 1355 1607 1355 1856 1325 1900 1321 1907 1325 1934 1338 1938 1338 1941 1338 1945 1338 1948 1338 1965 1321 1972 1318 2026 1318 2381 1332 2384 1332 2520 1297 2520 1260 2514 1219 1543 1253 1533 1277"/></Shape>
	    <String CONTENT="נמנו ורבו בית שמיי על בית הלל ומודין"
                    HPOS="1498.0"
                    VPOS="1219.0"
                    WIDTH="1022.0"
                    HEIGHT="136.0"></String>
          </TextLine>

          
          
          <TextLine ID="eSc_line_494876d1"
                    
                    BASELINE="1665 1359 1716 1369 1911 1369 1979 1362 2105 1362 2262 1352 2459 1355 2526 1350" 
                    HPOS="1659.0"
                    VPOS="1301.0"
                    WIDTH="865.0"
                    HEIGHT="102.0">
            <Shape><Polygon POINTS="1662 1355 1662 1396 2517 1403 2524 1349 2520 1321 2343 1301 2340 1301 2336 1301 2333 1301 2333 1304 2313 1321 2258 1301 2255 1301 2251 1301 1771 1325 1768 1325 1747 1308 1747 1304 1744 1304 1740 1304 1737 1304 1733 1304 1659 1325 1662 1355"/></Shape>
	    <String CONTENT="בשוכח בחצר שהוא טהור : ¶ ב&#39;"
                    HPOS="1659.0"
                    VPOS="1301.0"
                    WIDTH="865.0"
                    HEIGHT="102.0"></String>
          </TextLine>

          
          
          <TextLine ID="eSc_line_f45b733b"
                    
                    BASELINE="1519 1441 1607 1434 2132 1437 2166 1430 2418 1427 2535 1425" 
                    HPOS="1512.0"
                    VPOS="1369.0"
                    WIDTH="1022.0"
                    HEIGHT="102.0">
            <Shape><Polygon POINTS="1716 1369 1713 1369 1597 1369 1594 1369 1590 1369 1515 1389 1515 1437 1512 1471 2531 1464 2534 1423 2534 1389 2500 1369 2497 1369 2493 1369 2490 1369 1740 1389 1720 1372 1720 1369 1716 1369"/></Shape>
	    <String CONTENT="המניח טבלה תחת הצינור אם יש לה [ליזב&#39;]"
                    HPOS="1512.0"
                    VPOS="1369.0"
                    WIDTH="1022.0"
                    HEIGHT="102.0"></String>
          </TextLine>

          
          
          <TextLine ID="eSc_line_9d42000e"
                    
                    BASELINE="1519 1512 1931 1512 2129 1502 2323 1505 2364 1498 2524 1492" 
                    HPOS="1512.0"
                    VPOS="1447.0"
                    WIDTH="1008.0"
                    HEIGHT="113.0">
            <Shape><Polygon POINTS="1515 1509 1515 1546 1849 1560 1853 1560 1856 1560 1897 1543 1904 1543 1941 1543 2180 1556 2183 1556 2517 1536 2520 1488 2517 1464 2493 1447 2490 1447 2486 1447 2207 1447 2204 1447 2200 1447 2197 1447 2197 1451 2193 1451 2180 1468 1771 1454 1768 1454 1686 1471 1682 1471 1611 1454 1607 1454 1604 1454 1512 1471 1515 1509"/></Shape>
	    <String CONTENT="ליזביז פוסלת את המקוה ואם לאיו אינה"
                    HPOS="1512.0"
                    VPOS="1447.0"
                    WIDTH="1008.0"
                    HEIGHT="113.0"></String>
          </TextLine>

          
          
          <TextLine ID="eSc_line_f31b0f2a"
                    
                    BASELINE="1502 1577 1638 1587 1897 1587 2289 1570 2514 1570" 
                    HPOS="1495.0"
                    VPOS="1526.0"
                    WIDTH="1015.0"
                    HEIGHT="95.0">
            <Shape><Polygon POINTS="1498 1573 1498 1621 2510 1621 2510 1567 2503 1526 1495 1546 1498 1573"/></Shape>
	    <String CONTENT="פוסלת את המקוה זקפה לידוח בין כך ובין"
                    HPOS="1495.0"
                    VPOS="1526.0"
                    WIDTH="1015.0"
                    HEIGHT="95.0"></String>
          </TextLine>

          
          
          <TextLine ID="eSc_line_d50ee127"
                    
                    BASELINE="1529 1655 1659 1662 1733 1659 1768 1652 2197 1655 2231 1648 2428 1645 2543 1645" 
                    HPOS="1522.0"
                    VPOS="1611.0"
                    WIDTH="1019.0"
                    HEIGHT="88.0">
            <Shape><Polygon POINTS="1526 1652 1522 1699 2537 1686 2541 1642 2537 1611 1526 1614 1526 1652"/></Shape>
	    <String CONTENT="כך אינה פוסלת את המקוה : ¶ ג&#39; החוטט"
                    HPOS="1522.0"
                    VPOS="1611.0"
                    WIDTH="1019.0"
                    HEIGHT="88.0"></String>
          </TextLine>

          
          
          <TextLine ID="eSc_line_bde02cd4"
                    
                    BASELINE="1529 1727 1584 1737 1890 1733 1931 1740 1969 1730 2129 1730 2302 1720 2473 1720 2524 1727" 
                    HPOS="1522.0"
                    VPOS="1659.0"
                    WIDTH="998.0"
                    HEIGHT="119.0">
            <Shape><Polygon POINTS="1526 1723 1526 1778 2510 1757 2520 1723 2514 1659 2384 1682 2241 1665 2193 1662 2190 1662 2129 1669 2023 1686 1979 1676 1938 1665 1934 1665 1931 1665 1522 1689 1526 1723"/></Shape>
	    <String CONTENT="בצינור לקבל צרורות בשלעץ כל שהוא [א/]"
                    HPOS="1522.0"
                    VPOS="1659.0"
                    WIDTH="998.0"
                    HEIGHT="119.0"></String>
          </TextLine>

          
          
          <TextLine ID="eSc_line_46958aa3"
                    
                    BASELINE="1536 1805 2156 1802 2190 1808 2231 1798 2371 1795 2425 1785 2463 1791 2541 1790" 
                    HPOS="1529.0"
                    VPOS="1740.0"
                    WIDTH="1008.0"
                    HEIGHT="116.0">
            <Shape><Polygon POINTS="1533 1802 1533 1839 1986 1856 1989 1856 1992 1856 1996 1856 2026 1836 2084 1853 2088 1853 2091 1853 2268 1836 2391 1853 2394 1853 2534 1829 2537 1788 2534 1761 2452 1740 2449 1740 2313 1761 2302 1761 2289 1761 2074 1744 2071 1744 2067 1744 1996 1764 1986 1764 1945 1764 1601 1747 1597 1747 1594 1747 1529 1764 1533 1802"/></Shape>
	    <String CONTENT="ובשלחרס רביעית ר&#39; יוסה או&#39; אף בשלחרס"
                    HPOS="1529.0"
                    VPOS="1740.0"
                    WIDTH="1008.0"
                    HEIGHT="116.0"></String>
          </TextLine>

          
          
          <TextLine ID="eSc_line_8d9afcc9"
                    
                    BASELINE="1529 1873 2009 1880 2565 1868" 
                    HPOS="1522.0"
                    VPOS="1815.0"
                    WIDTH="1039.0"
                    HEIGHT="113.0">
            <Shape><Polygon POINTS="1526 1870 1526 1911 2227 1928 2231 1928 2561 1907 2561 1866 2558 1836 2405 1815 2401 1815 2163 1819 2159 1819 2156 1819 2129 1836 2125 1836 1897 1819 1894 1819 1890 1819 1856 1836 1822 1819 1819 1819 1815 1819 1522 1839 1526 1870"/></Shape>
	    <String CONTENT="כל שהוא לא אמרו רביעית אלא בשברי"
                    HPOS="1522.0"
                    VPOS="1815.0"
                    WIDTH="1039.0"
                    HEIGHT="113.0"></String>
          </TextLine>

          
          
          <TextLine ID="eSc_line_f39cef44"
                    
                    BASELINE="1529 1945 1580 1955 2135 1955 2170 1948 2350 1945 2388 1938 2541 1946" 
                    HPOS="1522.0"
                    VPOS="1890.0"
                    WIDTH="1015.0"
                    HEIGHT="99.0">
            <Shape><Polygon POINTS="1526 1941 1522 1989 2531 1982 2537 1945 2537 1911 2486 1890 2483 1890 2480 1890 2142 1907 1911 1890 1907 1890 1904 1890 1900 1890 1883 1907 1860 1890 1856 1890 1853 1890 1849 1890 1846 1890 1798 1907 1774 1890 1771 1890 1768 1890 1764 1890 1761 1890 1757 1890 1757 1894 1740 1911 1526 1911 1526 1941"/></Shape>
	    <String CONTENT="כלי חרס היו צרורות מתחלחלין לתוכו [פוס&#39;]"
                    HPOS="1522.0"
                    VPOS="1890.0"
                    WIDTH="1015.0"
                    HEIGHT="99.0"></String>
          </TextLine>

          
          
          <TextLine ID="eSc_line_14081509"
                    
                    BASELINE="1533 2009 1897 2016 2193 2006 2541 2014" 
                    HPOS="1529.0"
                    VPOS="1958.0"
                    WIDTH="1008.0"
                    HEIGHT="92.0">
            <Shape><Polygon POINTS="1533 2006 1529 2044 2527 2050 2537 2013 2537 1982 2500 1962 2497 1962 2493 1962 2275 1975 1999 1958 1996 1958 1533 1972 1533 2006"/></Shape>
	    <String CONTENT="פוסלין את המקוה ירד לתוכו עפר ונכבש"
                    HPOS="1529.0"
                    VPOS="1958.0"
                    WIDTH="1008.0"
                    HEIGHT="92.0"></String>
          </TextLine>

          
          
          <TextLine ID="eSc_line_6f05d3f3"
                    
                    BASELINE="1556 2084 1965 2091 2115 2084 2360 2084 2551 2076" 
                    HPOS="1550.0"
                    VPOS="2050.0"
                    WIDTH="998.0"
                    HEIGHT="82.0">
            <Shape><Polygon POINTS="1553 2081 1550 2132 2544 2125 2548 2074 2544 2050 1553 2050 1553 2081"/></Shape>
	    <String CONTENT="כשר סילון שהוא צר מיכן ומיכן ורחב"
                    HPOS="1550.0"
                    VPOS="2050.0"
                    WIDTH="998.0"
                    HEIGHT="82.0"></String>
          </TextLine>

          
          
          <TextLine ID="eSc_line_97f6daa3"
                    
                    BASELINE="1533 2163 1839 2163 1962 2156 2285 2159 2326 2153 2534 2151" 
                    HPOS="1529.0"
                    VPOS="2098.0"
                    WIDTH="1002.0"
                    HEIGHT="99.0">
            <Shape><Polygon POINTS="1533 2159 1533 2197 2527 2193 2531 2149 2527 2112 1638 2098 1635 2098 1529 2115 1533 2159"/></Shape>
	    <String CONTENT="מן האמצע אינו פוסל מפני שלא → לקבלה :"
                    HPOS="1529.0"
                    VPOS="2098.0"
                    WIDTH="1002.0"
                    HEIGHT="99.0"></String>
          </TextLine>

          
          
          <TextLine ID="eSc_line_f5ead1dc"
                    
                    BASELINE="1543 2231 1866 2238 2159 2234 2251 2224 2415 2227" 
                    HPOS="1536.0"
                    VPOS="2176.0"
                    WIDTH="875.0"
                    HEIGHT="99.0">
            <Shape><Polygon POINTS="1539 2227 1536 2275 2405 2265 2411 2224 2405 2176 1539 2193 1539 2227"/></Shape>
	    <String CONTENT="¶ ד&#39; מים שאובין ומי גשמים [שמתע&#39;]"
                    HPOS="1536.0"
                    VPOS="2176.0"
                    WIDTH="875.0"
                    HEIGHT="99.0"></String>
          </TextLine>

          
          
          <TextLine ID="eSc_line_0b135bf5"
                    
                    BASELINE="1515 2306 2463 2306 2533 2305" 
                    HPOS="1512.0"
                    VPOS="2248.0"
                    WIDTH="1019.0"
                    HEIGHT="116.0">
            <Shape><Polygon POINTS="1512 2302 1512 2350 2527 2364 2531 2302 2527 2248 2388 2272 2170 2272 2142 2255 2132 2248 2129 2248 2125 2248 2122 2248 2006 2258 1900 2268 1870 2262 1819 2248 1815 2248 1812 2248 1808 2248 1768 2265 1764 2265 1761 2265 1703 2248 1699 2248 1696 2248 1512 2268 1512 2302"/></Shape>
	    <String CONTENT="שמתערבין בחצר ובעוקה ועל מעלות"
                    HPOS="1512.0"
                    VPOS="2248.0"
                    WIDTH="1019.0"
                    HEIGHT="116.0"></String>
          </TextLine>

          
          
          <TextLine ID="eSc_line_0117349b"
                    
                    BASELINE="1573 2377 2381 2384 2531 2374" 
                    HPOS="1567.0"
                    VPOS="2343.0"
                    WIDTH="960.0"
                    HEIGHT="85.0">
            <Shape><Polygon POINTS="1570 2374 1567 2415 2520 2428 2527 2371 2524 2347 1570 2343 1570 2374"/></Shape>
	    <String CONTENT="המערה אם רוב מן הכשר כשר אם רוב"
                    HPOS="1567.0"
                    VPOS="2343.0"
                    WIDTH="960.0"
                    HEIGHT="85.0"></String>
          </TextLine>

          
          
          <TextLine ID="eSc_line_9ead0cde"
                    
                    BASELINE="1560 2449 1693 2459 2285 2459 2323 2452 2538 2455" 
                    HPOS="1553.0"
                    VPOS="2408.0"
                    WIDTH="984.0"
                    HEIGHT="82.0">
            <Shape><Polygon POINTS="1556 2445 1553 2486 2527 2490 2537 2452 2534 2408 1556 2408 1556 2445"/></Shape>
	    <String CONTENT="מן הפסול פסול מחצה למחצה פסול אימתי"
                    HPOS="1553.0"
                    VPOS="2408.0"
                    WIDTH="984.0"
                    HEIGHT="82.0"></String>
          </TextLine>

          
          
          <TextLine ID="eSc_line_267303b8"
                    
                    BASELINE="1536 2520 1703 2520 1812 2527 2081 2524 2163 2531 2204 2520 2401 2520 2534 2510" 
                    HPOS="1529.0"
                    VPOS="2469.0"
                    WIDTH="1002.0"
                    HEIGHT="99.0">
            <Shape><Polygon POINTS="1533 2517 1533 2568 2527 2568 2531 2507 2524 2469 1529 2486 1533 2517"/></Shape>
	    <String CONTENT="בזמן שמתערבין עד שלא יגיעו למקוה"
                    HPOS="1529.0"
                    VPOS="2469.0"
                    WIDTH="1002.0"
                    HEIGHT="99.0"></String>
          </TextLine>

          
          
          <TextLine ID="eSc_line_a2a7aef9"
                    
                    BASELINE="1529 2602 1975 2599 2009 2592 2340 2595 2537 2582" 
                    HPOS="1522.0"
                    VPOS="2537.0"
                    WIDTH="1012.0"
                    HEIGHT="106.0">
            <Shape><Polygon POINTS="1526 2599 1526 2640 2527 2643 2534 2578 2531 2558 2306 2537 2302 2537 1812 2561 1781 2561 1768 2561 1601 2544 1597 2544 1594 2544 1522 2561 1526 2599"/></Shape>
	    <String CONTENT="היו מקלחין לתוך המים אם ידוע שנפל [לת&#39;]"
                    HPOS="1522.0"
                    VPOS="2537.0"
                    WIDTH="1012.0"
                    HEIGHT="106.0"></String>
          </TextLine>

          
          
          <TextLine ID="eSc_line_4f27d0ca"
                    
                    BASELINE="1515 2667 2078 2667 2197 2660 2527 2660" 
                    HPOS="1509.0"
                    VPOS="2619.0"
                    WIDTH="1015.0"
                    HEIGHT="99.0">
            <Shape><Polygon POINTS="1512 2664 1512 2704 2520 2718 2524 2657 2517 2619 1509 2626 1512 2664"/></Shape>
	    <String CONTENT="לתוכו ארבעים סאה המים כשרין עד שלא"
                    HPOS="1509.0"
                    VPOS="2619.0"
                    WIDTH="1015.0"
                    HEIGHT="99.0"></String>
          </TextLine>

          
          
          <TextLine ID="eSc_line_c0dc8797"
                    
                    BASELINE="1546 2735 2541 2735" 
                    HPOS="1543.0"
                    VPOS="2704.0"
                    WIDTH="994.0"
                    HEIGHT="75.0">
            <Shape><Polygon POINTS="1543 2732 1543 2779 2537 2779 2537 2732 2537 2704 1543 2704 1543 2732"/></Shape>
	    <String CONTENT="ירדו לתוכו שלשת לוגין מים שאובין [כש&#39;]"
                    HPOS="1543.0"
                    VPOS="2704.0"
                    WIDTH="994.0"
                    HEIGHT="75.0"></String>
          </TextLine>

          
          
          <TextLine ID="eSc_line_8ce89690"
                    
                    BASELINE="1529 2817 1607 2810 2340 2810 2381 2817 2418 2807 2537 2800" 
                    HPOS="1522.0"
                    VPOS="2759.0"
                    WIDTH="1012.0"
                    HEIGHT="112.0">
            <Shape><Polygon POINTS="1526 2813 1526 2847 1580 2868 1584 2868 1587 2871 1778 2871 1778 2868 1781 2868 1785 2868 1805 2851 1866 2868 1870 2868 1873 2871 2101 2871 2101 2868 2105 2868 2108 2868 2135 2851 2360 2868 2364 2868 2367 2868 2405 2851 2439 2868 2442 2868 2445 2868 2534 2847 2534 2796 2527 2759 1740 2776 1716 2773 1624 2759 1621 2759 1522 2776 1526 2813"/></Shape>
	    <String CONTENT="כשירין אם לאיו פסולין : ¶ ה&#39; השוקת"
                    HPOS="1522.0"
                    VPOS="2759.0"
                    WIDTH="1012.0"
                    HEIGHT="112.0"></String>
          </TextLine>

          
          
          <TextLine ID="eSc_line_016fc927"
                    
                    BASELINE="1543 2895 2231 2895 2537 2885" 
                    HPOS="1536.0"
                    VPOS="2834.0"
                    WIDTH="998.0"
                    HEIGHT="112.0">
            <Shape><Polygon POINTS="1539 2892 1539 2946 2531 2933 2534 2882 2531 2851 2153 2834 2149 2834 2146 2834 2091 2851 2084 2854 1536 2854 1539 2892"/></Shape>
	    <String CONTENT="שבסלע אין ממלין בה ואין מקדשין בה"
                    HPOS="1536.0"
                    VPOS="2834.0"
                    WIDTH="998.0"
                    HEIGHT="112.0"></String>
          </TextLine>

          
        </TextBlock>
        
        <TextBlock HPOS="336.0"
                   VPOS="523.0"
                   WIDTH="1057.0"
                   HEIGHT="2474.0"
                   ID="eSc_textblock_60dcbf4d"
                   TAGREFS="BT2">
          <Shape><Polygon POINTS="336 523 1370 528 1393 2993 406 2997 397 2656"/></Shape>
          
          
          <TextLine ID="eSc_line_4e9e25b9"
                    
                    BASELINE="337 579 746 585 1374 587" 
                    HPOS="330.0"
                    VPOS="524.0"
                    WIDTH="1042.0"
                    HEIGHT="109.0">
            <Shape><Polygon POINTS="572 524 538 524 504 524 470 524 436 524 425 524 333 534 333 575 330 613 620 633 623 633 1366 620 1372 585 1369 545 582 524 572 524"/></Shape>
	    <String CONTENT="ואין מזין ממנה ואינה צריכה צמיד פתיל"
                    HPOS="330.0"
                    VPOS="524.0"
                    WIDTH="1042.0"
                    HEIGHT="109.0"></String>
          </TextLine>

          
          
          <TextLine ID="eSc_line_70759c07"
                    
                    BASELINE="333 650 422 660 824 660 1175 650 1358 659" 
                    HPOS="327.0"
                    VPOS="599.0"
                    WIDTH="1028.0"
                    HEIGHT="95.0">
            <Shape><Polygon POINTS="330 647 330 691 1345 694 1355 657 1352 620 1257 599 1253 599 776 616 582 599 579 599 327 616 330 647"/></Shape>
	    <String CONTENT="ואינה פוסלת את המקוה היתה כלי וחיברה"
                    HPOS="327.0"
                    VPOS="599.0"
                    WIDTH="1028.0"
                    HEIGHT="95.0"></String>
          </TextLine>

          
          
          <TextLine ID="eSc_line_60218af1"
                    
                    BASELINE="344 711 565 722 950 722 1178 711 1358 716" 
                    HPOS="337.0"
                    VPOS="681.0"
                    WIDTH="1018.0"
                    HEIGHT="95.0">
            <Shape><Polygon POINTS="340 708 337 769 415 756 493 769 524 776 528 776 1349 752 1355 715 1352 684 340 681 340 708"/></Shape>
	    <String CONTENT="בסיד ממלין בה ומקדשין בה ומזין ממנה"
                    HPOS="337.0"
                    VPOS="681.0"
                    WIDTH="1018.0"
                    HEIGHT="95.0"></String>
          </TextLine>

          
          
          <TextLine ID="eSc_line_7d9aecf3"
                    
                    BASELINE="357 783 684 790 810 786 844 776 889 783 1137 783 1209 776 1382 781" 
                    HPOS="350.0"
                    VPOS="729.0"
                    WIDTH="1029.0"
                    HEIGHT="109.0">
            <Shape><Polygon POINTS="354 780 350 817 361 827 361 831 364 831 367 831 776 838 780 838 1372 817 1379 780 1376 749 855 732 851 732 790 746 773 749 766 746 749 729 746 729 742 729 739 729 735 729 701 746 698 746 354 746 354 780"/></Shape>
	    <String CONTENT="וצריכה צמיד פתיל ופוסלת את המקוה"
                    HPOS="350.0"
                    VPOS="729.0"
                    WIDTH="1029.0"
                    HEIGHT="109.0"></String>
          </TextLine>

          
          
          <TextLine ID="eSc_line_ca67ce29"
                    
                    BASELINE="378 858 715 855 749 844 793 851 1277 851 1379 846" 
                    HPOS="371.0"
                    VPOS="814.0"
                    WIDTH="1005.0"
                    HEIGHT="85.0">
            <Shape><Polygon POINTS="374 855 374 899 1372 889 1376 844 1369 814 371 814 374 855"/></Shape>
	    <String CONTENT="נקבה מלמטה או מן הצד ואינה יכולה"
                    HPOS="371.0"
                    VPOS="814.0"
                    WIDTH="1005.0"
                    HEIGHT="85.0"></String>
          </TextLine>

          
          
          <TextLine ID="eSc_line_10e8960c"
                    
                    BASELINE="378 923 579 923 654 916 1195 919 1229 912 1355 917" 
                    HPOS="371.0"
                    VPOS="865.0"
                    WIDTH="981.0"
                    HEIGHT="92.0">
            <Shape><Polygon POINTS="374 919 371 957 1345 953 1352 916 1349 885 1229 865 1226 865 1093 882 1090 882 1056 865 1052 865 1049 865 374 878 374 919"/></Shape>
	    <String CONTENT="לקבל מים כל שהן כשירה כמה יהא בנקב"
                    HPOS="371.0"
                    VPOS="865.0"
                    WIDTH="981.0"
                    HEIGHT="92.0"></String>
          </TextLine>

          
          
          <TextLine ID="eSc_line_17af42cf"
                    
                    BASELINE="364 987 1287 987 1382 982" 
                    HPOS="357.0"
                    VPOS="953.0"
                    WIDTH="1022.0"
                    HEIGHT="72.0">
            <Shape><Polygon POINTS="361 984 361 1025 1376 1022 1379 981 1376 953 357 953 361 984"/></Shape>
	    <String CONTENT="כשפופרת הנוד א&#39;ר&#39; יהודה בן בתירה"
                    HPOS="357.0"
                    VPOS="953.0"
                    WIDTH="1022.0"
                    HEIGHT="72.0"></String>
          </TextLine>

          
          
          <TextLine ID="eSc_line_a74fc869"
                    
                    BASELINE="374 1062 902 1062 1032 1059 1066 1052 1358 1061" 
                    HPOS="367.0"
                    VPOS="1022.0"
                    WIDTH="988.0"
                    HEIGHT="78.0">
            <Shape><Polygon POINTS="371 1059 367 1100 1349 1100 1355 1059 1352 1025 371 1022 371 1059"/></Shape>
	    <String CONTENT="מעשה בשוקת יהוא שהיתה בירושלים"
                    HPOS="367.0"
                    VPOS="1022.0"
                    WIDTH="988.0"
                    HEIGHT="78.0"></String>
          </TextLine>

          
          
          <TextLine ID="eSc_line_fe8d46a1"
                    
                    BASELINE="357 1127 640 1137 964 1134 1045 1141 1086 1131 1355 1129" 
                    HPOS="350.0"
                    VPOS="1076.0"
                    WIDTH="1002.0"
                    HEIGHT="109.0">
            <Shape><Polygon POINTS="354 1113 354 1124 350 1161 405 1182 408 1182 412 1185 766 1185 766 1182 769 1182 807 1165 875 1185 878 1185 882 1185 1349 1165 1352 1127 1349 1096 514 1096 511 1093 493 1076 490 1076 487 1076 483 1076 367 1090 354 1113"/></Shape>
	    <String CONTENT="שהיתה נקובה כשפופרת הנוד והיו כל [הנ&#39;]"
                    HPOS="350.0"
                    VPOS="1076.0"
                    WIDTH="1002.0"
                    HEIGHT="109.0"></String>
          </TextLine>

          
          
          <TextLine ID="eSc_line_610bffe4"
                    
                    BASELINE="361 1199 463 1199 504 1205 793 1205 1188 1199 1280 1195 1318 1188 1382 1200" 
                    HPOS="354.0"
                    VPOS="1144.0"
                    WIDTH="1025.0"
                    HEIGHT="96.0">
            <Shape><Polygon POINTS="357 1195 357 1240 1369 1229 1379 1199 1376 1161 1267 1144 1263 1144 1144 1161 1134 1161 1124 1161 987 1148 984 1148 354 1165 357 1195"/></Shape>
	    <String CONTENT="הטהרות שבירושלם נעשות על גבה [ושלח&#39;]"
                    HPOS="354.0"
                    VPOS="1144.0"
                    WIDTH="1025.0"
                    HEIGHT="96.0"></String>
          </TextLine>

          
          
          <TextLine ID="eSc_line_b3bc6cb1"
                    
                    BASELINE="384 1274 947 1274 1032 1267 1267 1263 1304 1257 1355 1257" 
                    HPOS="378.0"
                    VPOS="1229.0"
                    WIDTH="974.0"
                    HEIGHT="82.0">
            <Shape><Polygon POINTS="381 1270 381 1311 1349 1301 1352 1253 1345 1229 378 1229 381 1270"/></Shape>
	    <String CONTENT="ושלחו בית שמי ופתחוה שבית שמי או&#39;"
                    HPOS="378.0"
                    VPOS="1229.0"
                    WIDTH="974.0"
                    HEIGHT="82.0"></String>
          </TextLine>

          
          
          <TextLine ID="eSc_line_b7245b65"
                    
                    BASELINE="439 1335 613 1335 729 1342 902 1332 1066 1332 1103 1325 1246 1328 1378 1323" 
                    HPOS="432.0"
                    VPOS="1284.0"
                    WIDTH="944.0"
                    HEIGHT="105.0">
            <Shape><Polygon POINTS="436 1332 436 1369 620 1369 630 1372 654 1389 657 1389 660 1389 664 1389 763 1376 827 1366 1369 1379 1376 1321 1372 1294 497 1284 493 1284 490 1284 432 1301 436 1332"/></Shape>
	    <String CONTENT="עד שיפחת רובה : פרק ד&#39; הל&#39; ה&#39; ˙"
                    HPOS="432.0"
                    VPOS="1284.0"
                    WIDTH="944.0"
                    HEIGHT="105.0"></String>
          </TextLine>

          
          
          <TextLine ID="eSc_line_fed67f31"
                    
                    BASELINE="933 1396 1073 1386 1110 1393 1158 1383" 
                    HPOS="926.0"
                    VPOS="1342.0"
                    WIDTH="228.0"
                    HEIGHT="78.0">
            <Shape><Polygon POINTS="930 1393 930 1420 1154 1413 1154 1379 1151 1352 1028 1342 1025 1342 926 1362 930 1393"/></Shape>
	    <String CONTENT="¶ פרק ה&#39; ˙"
                    HPOS="926.0"
                    VPOS="1342.0"
                    WIDTH="228.0"
                    HEIGHT="78.0"></String>
          </TextLine>

          
          
          <TextLine ID="eSc_line_aa78d13a"
                    
                    BASELINE="357 1454 401 1447 493 1454 620 1454 657 1447 1358 1451" 
                    HPOS="350.0"
                    VPOS="1386.0"
                    WIDTH="1005.0"
                    HEIGHT="119.0">
            <Shape><Polygon POINTS="930 1393 926 1389 926 1389 841 1403 797 1410 780 1403 739 1389 735 1389 732 1389 729 1389 664 1406 633 1413 599 1406 487 1386 483 1386 480 1386 476 1386 449 1410 354 1410 354 1451 350 1488 582 1505 589 1505 623 1505 657 1505 691 1505 725 1505 759 1505 776 1505 1349 1492 1355 1447 1349 1396 987 1413 960 1400 940 1393 930 1393"/></Shape>
	    <String CONTENT="¶ מעין שהעבירו על גבי השוקת פסול [הע&#39;]"
                    HPOS="350.0"
                    VPOS="1386.0"
                    WIDTH="1005.0"
                    HEIGHT="119.0"></String>
          </TextLine>

          
          
          <TextLine ID="eSc_line_742a235a"
                    
                    BASELINE="364 1512 1362 1519" 
                    HPOS="357.0"
                    VPOS="1481.0"
                    WIDTH="1002.0"
                    HEIGHT="92.0">
            <Shape><Polygon POINTS="361 1509 357 1546 640 1570 643 1570 821 1553 848 1573 851 1573 855 1573 858 1573 984 1556 1280 1573 1284 1573 1287 1573 1355 1553 1359 1515 1355 1481 361 1481 361 1509"/></Shape>
	    <String CONTENT="העבירו על גבי שפה כל שהוא כשר חוצה"
                    HPOS="357.0"
                    VPOS="1481.0"
                    WIDTH="1002.0"
                    HEIGHT="92.0"></String>
          </TextLine>

          
          
          <TextLine ID="eSc_line_9e201a75"
                    
                    BASELINE="344 1577 395 1587 436 1584 507 1590 664 1594 994 1590 1076 1584 1375 1587" 
                    HPOS="337.0"
                    VPOS="1553.0"
                    WIDTH="1035.0"
                    HEIGHT="78.0">
            <Shape><Polygon POINTS="340 1573 337 1631 1366 1631 1372 1584 1372 1553 340 1553 340 1573"/></Shape>
	    <String CONTENT="לה שהמעין מטהר בכל שהוא העבירו על"
                    HPOS="337.0"
                    VPOS="1553.0"
                    WIDTH="1035.0"
                    HEIGHT="78.0"></String>
          </TextLine>

          
          
          <TextLine ID="eSc_line_8f93064d"
                    
                    BASELINE="357 1659 408 1652 487 1659 654 1662 1042 1662 1308 1659 1369 1648" 
                    HPOS="350.0"
                    VPOS="1624.0"
                    WIDTH="1016.0"
                    HEIGHT="79.0">
            <Shape><Polygon POINTS="354 1655 354 1696 1362 1703 1366 1645 1362 1624 350 1624 354 1655"/></Shape>
	    <String CONTENT="גבי בריכה והפסיקו הרי הוא כמקוה חזר"
                    HPOS="350.0"
                    VPOS="1624.0"
                    WIDTH="1016.0"
                    HEIGHT="79.0"></String>
          </TextLine>

          
          
          <TextLine ID="eSc_line_c2140b57"
                    
                    BASELINE="357 1740 408 1733 950 1737 991 1730 1182 1730 1369 1716" 
                    HPOS="350.0"
                    VPOS="1679.0"
                    WIDTH="1016.0"
                    HEIGHT="102.0">
            <Shape><Polygon POINTS="354 1737 354 1768 1202 1781 1236 1781 1236 1781 1362 1764 1366 1713 1362 1693 953 1679 950 1679 872 1693 858 1696 848 1696 800 1679 797 1679 793 1679 609 1696 596 1696 592 1696 541 1679 538 1679 534 1679 350 1696 354 1737"/></Shape>
	    <String CONTENT="והמשיכו פסול לזבין ולמצורעין ולקדש [א&#39;]"
                    HPOS="350.0"
                    VPOS="1679.0"
                    WIDTH="1016.0"
                    HEIGHT="102.0"></String>
          </TextLine>

          
          
          <TextLine ID="eSc_line_7a52cefa"
                    
                    BASELINE="344 1795 429 1805 950 1805 1032 1798 1168 1798 1257 1788 1332 1791 1399 1781" 
                    HPOS="337.0"
                    VPOS="1761.0"
                    WIDTH="1059.0"
                    HEIGHT="92.0">
            <Shape><Polygon POINTS="340 1791 340 1839 1056 1853 1059 1853 1226 1836 1250 1843 1257 1843 1257 1846 1274 1853 1277 1853 1280 1853 1396 1829 1396 1778 1389 1761 337 1761 340 1791"/></Shape>
	    <String CONTENT="מהן מי חטאת עד שידע שיצאו הראשנים ˙"
                    HPOS="337.0"
                    VPOS="1761.0"
                    WIDTH="1059.0"
                    HEIGHT="92.0"></String>
          </TextLine>

          
          
          <TextLine ID="eSc_line_dc9ec973"
                    
                    BASELINE="371 1877 497 1870 895 1873 936 1866 1229 1860 1270 1849" 
                    HPOS="364.0"
                    VPOS="1815.0"
                    WIDTH="903.0"
                    HEIGHT="106.0">
            <Shape><Polygon POINTS="367 1873 367 1907 756 1921 759 1921 899 1904 930 1900 953 1904 1073 1917 1076 1917 1079 1917 1083 1917 1100 1900 1103 1900 1267 1900 1267 1846 1260 1825 919 1832 899 1829 834 1815 831 1815 671 1832 637 1836 609 1832 493 1819 490 1819 364 1836 367 1873"/></Shape>
	    <String CONTENT="¶ ב&#39; העבירו על גבי כלים או על גבי"
                    HPOS="364.0"
                    VPOS="1815.0"
                    WIDTH="903.0"
                    HEIGHT="106.0"></String>
          </TextLine>

          
          
          <TextLine ID="eSc_line_d326cb72"
                    
                    BASELINE="371 1941 960 1941 998 1934 1188 1931 1229 1924 1382 1928" 
                    HPOS="364.0"
                    VPOS="1880.0"
                    WIDTH="1015.0"
                    HEIGHT="99.0">
            <Shape><Polygon POINTS="367 1938 367 1979 1372 1965 1379 1924 1376 1900 1349 1880 1345 1880 1342 1880 1168 1880 1165 1880 1161 1880 1158 1880 1158 1883 1141 1897 1045 1880 1042 1880 1039 1880 987 1897 936 1880 933 1880 930 1880 824 1904 364 1904 367 1938"/></Shape>
	    <String CONTENT="הספסל ר&#39; יהודה או&#39; הרי הוא כמות שהיה"
                    HPOS="364.0"
                    VPOS="1880.0"
                    WIDTH="1015.0"
                    HEIGHT="99.0"></String>
          </TextLine>

          
          
          <TextLine ID="eSc_line_6204bc9d"
                    
                    BASELINE="371 2013 602 2013 643 2006 858 2009 1366 1986" 
                    HPOS="364.0"
                    VPOS="1952.0"
                    WIDTH="998.0"
                    HEIGHT="105.0">
            <Shape><Polygon POINTS="367 2009 367 2057 994 2057 994 2054 998 2054 1001 2054 1028 2033 1032 2033 1182 2047 1185 2047 1188 2047 1192 2047 1212 2026 1267 2044 1270 2044 1274 2044 1277 2044 1362 2020 1362 1982 1355 1952 364 1979 367 2009"/></Shape>
	    <String CONTENT="ר&#39; יוסה או&#39; הרי הוא כמקוה ובלבד שלא [יט&#39;]"
                    HPOS="364.0"
                    VPOS="1952.0"
                    WIDTH="998.0"
                    HEIGHT="105.0"></String>
          </TextLine>

          
          
          <TextLine ID="eSc_line_85dea712"
                    
                    BASELINE="388 2084 548 2091 616 2084 786 2084 875 2074 1083 2078 1154 2071 1373 2064" 
                    HPOS="381.0"
                    VPOS="2016.0"
                    WIDTH="991.0"
                    HEIGHT="99.0">
            <Shape><Polygon POINTS="384 2081 384 2115 1372 2105 1372 2061 1369 2037 1103 2016 1100 2016 1096 2016 1093 2016 1066 2037 1062 2037 1049 2037 889 2020 885 2020 882 2020 878 2020 858 2037 851 2044 824 2037 780 2026 776 2026 773 2026 769 2026 749 2037 729 2047 381 2040 384 2081"/></Shape>
	    <String CONTENT="יטבול על גבי הספסל : ¶ ג&#39; מעין שהוא"
                    HPOS="381.0"
                    VPOS="2016.0"
                    WIDTH="991.0"
                    HEIGHT="99.0"></String>
          </TextLine>

          
          
          <TextLine ID="eSc_line_ef943acb"
                    
                    BASELINE="364 2149 453 2159 1018 2159 1052 2153 1362 2146" 
                    HPOS="357.0"
                    VPOS="2101.0"
                    WIDTH="1002.0"
                    HEIGHT="109.0">
            <Shape><Polygon POINTS="361 2146 361 2193 827 2207 831 2207 834 2207 838 2207 858 2193 872 2204 872 2207 875 2207 878 2207 882 2210 1001 2210 1001 2207 1004 2207 1008 2207 1025 2190 1028 2190 1359 2190 1359 2142 1352 2101 357 2112 361 2146"/></Shape>
	    <String CONTENT="מושך כנדל ריבה עליו והמשיכו הרי הוא"
                    HPOS="357.0"
                    VPOS="2101.0"
                    WIDTH="1002.0"
                    HEIGHT="109.0"></String>
          </TextLine>

          
          
          <TextLine ID="eSc_line_494bb295"
                    
                    BASELINE="384 2221 1233 2227 1277 2221 1369 2221" 
                    HPOS="378.0"
                    VPOS="2170.0"
                    WIDTH="988.0"
                    HEIGHT="109.0">
            <Shape><Polygon POINTS="381 2217 378 2251 456 2272 459 2272 725 2262 831 2258 861 2265 906 2275 909 2275 912 2279 1362 2279 1366 2217 1359 2173 1059 2193 626 2193 620 2183 606 2173 606 2170 602 2170 599 2170 596 2170 381 2187 381 2217"/></Shape>
	    <String CONTENT="כמות שהיה היה עומד וריבה עליו [והמ&#39;]"
                    HPOS="378.0"
                    VPOS="2170.0"
                    WIDTH="988.0"
                    HEIGHT="109.0"></String>
          </TextLine>

          
          
          <TextLine ID="eSc_line_a1f5bba5"
                    
                    BASELINE="401 2302 909 2302 967 2299 1008 2289 1079 2296 1318 2292 1366 2299" 
                    HPOS="395.0"
                    VPOS="2238.0"
                    WIDTH="967.0"
                    HEIGHT="112.0">
            <Shape><Polygon POINTS="398 2299 398 2350 1352 2336 1362 2296 1359 2255 1294 2238 1291 2238 1287 2238 1117 2255 950 2238 947 2238 943 2238 902 2255 810 2238 807 2238 803 2238 763 2258 490 2258 442 2238 439 2238 436 2238 432 2238 395 2251 398 2299"/></Shape>
	    <String CONTENT="והמשיכו שוה למקוה לטהר באשבורן [ול&#39;]"
                    HPOS="395.0"
                    VPOS="2238.0"
                    WIDTH="967.0"
                    HEIGHT="112.0"></String>
          </TextLine>

          
          
          <TextLine ID="eSc_line_f6fb6c28"
                    
                    BASELINE="548 2371 688 2371 722 2377 793 2371 1039 2371 1188 2360 1338 2360 1379 2367" 
                    HPOS="541.0"
                    VPOS="2309.0"
                    WIDTH="835.0"
                    HEIGHT="96.0">
            <Shape><Polygon POINTS="545 2367 545 2405 1366 2398 1376 2364 1372 2330 1325 2309 1321 2309 1141 2309 1137 2309 1134 2309 1052 2330 1032 2313 1028 2313 1025 2313 1022 2313 916 2330 875 2313 872 2313 868 2313 865 2313 786 2336 630 2336 613 2323 613 2319 609 2319 606 2319 602 2319 599 2319 541 2336 545 2367"/></Shape>
	    <String CONTENT="ולמעין להטביל בו כל שהוא : ¶ ד&#39;"
                    HPOS="541.0"
                    VPOS="2309.0"
                    WIDTH="835.0"
                    HEIGHT="96.0"></String>
          </TextLine>

          
          
          <TextLine ID="eSc_line_4e6ca4a3"
                    
                    BASELINE="384 2439 548 2439 620 2445 923 2445 991 2439 1195 2439 1270 2428 1349 2428" 
                    HPOS="378.0"
                    VPOS="2391.0"
                    WIDTH="967.0"
                    HEIGHT="99.0">
            <Shape><Polygon POINTS="381 2435 381 2476 1151 2490 1154 2490 1342 2469 1345 2425 1338 2391 378 2398 381 2435"/></Shape>
	    <String CONTENT="הזוחלין כמעין והנוטפין כמקוה העיד"
                    HPOS="378.0"
                    VPOS="2391.0"
                    WIDTH="967.0"
                    HEIGHT="99.0"></String>
          </TextLine>

          
          
          <TextLine ID="eSc_line_081bdc5e"
                    
                    BASELINE="371 2520 994 2520 1103 2517 1137 2510 1376 2514" 
                    HPOS="364.0"
                    VPOS="2456.0"
                    WIDTH="1008.0"
                    HEIGHT="105.0">
            <Shape><Polygon POINTS="367 2517 364 2561 1366 2548 1372 2510 1369 2473 647 2456 643 2456 367 2469 367 2517"/></Shape>
	    <String CONTENT="ר&#39; צדוק על הזוחלין [ע&#39;] שרבו על הנוטפין"
                    HPOS="364.0"
                    VPOS="2456.0"
                    WIDTH="1008.0"
                    HEIGHT="105.0"></String>
          </TextLine>

          
          
          <TextLine ID="eSc_line_0d8666fd"
                    
                    BASELINE="388 2589 647 2589 732 2595 780 2589 1199 2585 1240 2575 1277 2582 1366 2582" 
                    HPOS="381.0"
                    VPOS="2531.0"
                    WIDTH="981.0"
                    HEIGHT="109.0">
            <Shape><Polygon POINTS="384 2585 384 2623 950 2640 953 2640 1359 2616 1362 2578 1359 2541 1345 2531 1342 2531 1338 2531 1335 2531 381 2548 384 2585"/></Shape>
	    <String CONTENT="שהן כשרין נוטפין שעשאן זוחלין סומך"
                    HPOS="381.0"
                    VPOS="2531.0"
                    WIDTH="981.0"
                    HEIGHT="109.0"></String>
          </TextLine>

          
          
          <TextLine ID="eSc_line_483325df"
                    
                    BASELINE="388 2670 698 2670 858 2667 930 2660 1188 2664 1222 2657 1366 2657" 
                    HPOS="381.0"
                    VPOS="2606.0"
                    WIDTH="981.0"
                    HEIGHT="98.0">
            <Shape><Polygon POINTS="384 2667 384 2704 1362 2701 1362 2653 1355 2612 766 2623 756 2619 718 2606 715 2606 711 2606 602 2623 585 2623 575 2623 504 2606 500 2606 381 2623 384 2667"/></Shape>
	    <String CONTENT="אפילו מקל אפילו קנה אפילו זב אפילו זבה"
                    HPOS="381.0"
                    VPOS="2606.0"
                    WIDTH="981.0"
                    HEIGHT="98.0"></String>
          </TextLine>

          
          
          <TextLine ID="eSc_line_30bcaebe"
                    
                    BASELINE="401 2738 882 2738 1062 2728 1178 2732 1216 2725 1379 2718" 
                    HPOS="395.0"
                    VPOS="2677.0"
                    WIDTH="981.0"
                    HEIGHT="102.0">
            <Shape><Polygon POINTS="398 2735 398 2773 1369 2779 1376 2715 1372 2694 1131 2677 1127 2677 395 2698 398 2735"/></Shape>
	    <String CONTENT="יורד וטובל דב&#39; ר&#39; יהודה ר&#39; יוסה או&#39; כל דבר"
                    HPOS="395.0"
                    VPOS="2677.0"
                    WIDTH="981.0"
                    HEIGHT="102.0"></String>
          </TextLine>

          
          
          <TextLine ID="eSc_line_86ccd979"
                    
                    BASELINE="483 2803 626 2803 667 2796 1107 2800 1141 2793 1380 2789" 
                    HPOS="476.0"
                    VPOS="2766.0"
                    WIDTH="903.0"
                    HEIGHT="64.0">
            <Shape><Polygon POINTS="480 2800 476 2830 1376 2830 1379 2786 1376 2766 480 2766 480 2800"/></Shape>
	    <String CONTENT="שהוא מקבל טומאה אין מזחילין בו :"
                    HPOS="476.0"
                    VPOS="2766.0"
                    WIDTH="903.0"
                    HEIGHT="64.0"></String>
          </TextLine>

          
          
          <TextLine ID="eSc_line_854ce886"
                    
                    BASELINE="398 2868 715 2868 834 2861 1110 2858 1185 2851 1260 2851 1311 2858" 
                    HPOS="391.0"
                    VPOS="2810.0"
                    WIDTH="917.0"
                    HEIGHT="99.0">
            <Shape><Polygon POINTS="395 2865 395 2909 1297 2892 1308 2854 1304 2827 1141 2810 1137 2810 391 2830 395 2865"/></Shape>
	    <String CONTENT="¶ ה&#39; כל הימים כמקוה שנ&#39; ולמקוה המים"
                    HPOS="391.0"
                    VPOS="2810.0"
                    WIDTH="917.0"
                    HEIGHT="99.0"></String>
          </TextLine>

          
          
          <TextLine ID="eSc_line_bbb5115d"
                    
                    BASELINE="432 2926 480 2936 1127 2922 1388 2924" 
                    HPOS="425.0"
                    VPOS="2878.0"
                    WIDTH="961.0"
                    HEIGHT="99.0">
            <Shape><Polygon POINTS="429 2922 429 2977 1379 2977 1386 2922 1379 2878 425 2888 429 2922"/></Shape>
	    <String CONTENT="קרא ימים דב&#39; ר&#39; [יהודה] מאיר ר&#39; יהודה או&#39;"
                    HPOS="425.0"
                    VPOS="2878.0"
                    WIDTH="961.0"
                    HEIGHT="99.0"></String>
          </TextLine>

          
        </TextBlock>
        
        <TextBlock HPOS="2670.0"
                   VPOS="2118.0"
                   WIDTH="141.0"
                   HEIGHT="75.0"
                   ID="eSc_textblock_e587c70f"
                   TAGREFS="BT830">
          <Shape><Polygon POINTS="2670 2118 2670 2193 2811 2193 2811 2118"/></Shape>
          
          
          <TextLine ID="eSc_line_cea263b9"
                    
                    BASELINE="2668 2151 2809 2154" 
                    HPOS="2664.0"
                    VPOS="2112.0"
                    WIDTH="143.0"
                    HEIGHT="109.0">
            <Shape><Polygon POINTS="2769 2118 2735 2118 2701 2118 2667 2112 2667 2149 2664 2221 2800 2207 2807 2153 2803 2118 2769 2118"/></Shape>
	    <String CONTENT="נעשה"
                    HPOS="2664.0"
                    VPOS="2112.0"
                    WIDTH="143.0"
                    HEIGHT="109.0"></String>
          </TextLine>

          
        </TextBlock>
        

        
      </PrintSpace>
    </Page>
  </Layout>
</alto>
