<?xml version="1.0" encoding="UTF-8"?>
<alto xmlns:xsi="http://www.w3.org/2001/XMLSchema-instance"
      xmlns="http://www.loc.gov/standards/alto/ns-v4#"
      xsi:schemaLocation="http://www.loc.gov/standards/alto/ns-v4# http://www.loc.gov/standards/alto/v4/alto-4-2.xsd">
  <Description>
    <MeasurementUnit>pixel</MeasurementUnit>
    <sourceImageInformation>
      <fileName>MsParm3173_F13911_0180.jpg</fileName>
      
    </sourceImageInformation>
  </Description>
  
  <Tags>
    <OtherTag ID="BT1" LABEL="Title" DESCRIPTION="block type Title"/><OtherTag ID="BT2" LABEL="Main" DESCRIPTION="block type Main"/><OtherTag ID="BT3" LABEL="Commentary" DESCRIPTION="block type Commentary"/><OtherTag ID="BT4" LABEL="Illustration" DESCRIPTION="block type Illustration"/><OtherTag ID="BT830" LABEL="Margin" DESCRIPTION="block type Margin"/><OtherTag ID="BT831" LABEL="Hole" DESCRIPTION="block type Hole"/><OtherTag ID="BT832" LABEL="Paratext" DESCRIPTION="block type Paratext"/>
    <OtherTag ID="LT2" LABEL="Numbering" DESCRIPTION="line type Numbering"/><OtherTag ID="LT3" LABEL="Correction" DESCRIPTION="line type Correction"/><OtherTag ID="LT501" LABEL="Gloss" DESCRIPTION="line type Gloss"/>
  </Tags>
  
  <Layout>
    <Page WIDTH="3066"
          HEIGHT="4088"
          PHYSICAL_IMG_NR="172"
          ID="eSc_dummypage_">
      <PrintSpace HPOS="0"
                  VPOS="0"
                  WIDTH="3066"
                  HEIGHT="4088">
        
        <TextBlock HPOS="1684.0"
                   VPOS="632.0"
                   WIDTH="1005.0"
                   HEIGHT="2397.0"
                   ID="eSc_textblock_978cb834"
                   TAGREFS="BT2">
          <Shape><Polygon POINTS="1684 632 2689 644 2689 3009 1688 3029"/></Shape>
          
          
          <TextLine ID="eSc_line_d7dc20de"
                    
                    BASELINE="1716 688 1880 684 2687 698" 
                    HPOS="1710.0"
                    VPOS="633.0"
                    WIDTH="974.0"
                    HEIGHT="113.0">
            <Shape><Polygon POINTS="2463 643 2428 640 2394 640 2360 640 2326 640 2309 640 2299 650 2282 657 2026 657 1999 637 1996 637 1992 637 1989 637 1986 637 1979 637 1934 650 1914 637 1914 633 1911 633 1907 633 1904 633 1900 633 1897 633 1863 650 1839 633 1815 633 1781 633 1747 633 1713 633 1713 684 1710 722 2674 746 2684 694 2670 660 2490 643 2463 643"/></Shape>
	    <String CONTENT="אינו חייב על הבשת עד שיהא מתכוין ˙ ¶ ד&#39;"
                    HPOS="1710.0"
                    VPOS="633.0"
                    WIDTH="974.0"
                    HEIGHT="113.0"></String>
          </TextLine>

          
          
          <TextLine ID="eSc_line_51651d41"
                    
                    BASELINE="1676 742 1907 749 1952 756 2251 752 2285 759 2640 766 2704 759" 
                    HPOS="1669.0"
                    VPOS="715.0"
                    WIDTH="1032.0"
                    HEIGHT="99.0">
            <Shape><Polygon POINTS="1672 739 1669 780 2408 810 2411 814 2653 814 2653 810 2657 810 2698 790 2701 756 2698 725 1672 715 1672 739"/></Shape>
	    <String CONTENT="זה חומר באדם מבשור וחומר שוב באדם [מב&#39;]"
                    HPOS="1669.0"
                    VPOS="715.0"
                    WIDTH="1032.0"
                    HEIGHT="99.0"></String>
          </TextLine>

          
          
          <TextLine ID="eSc_line_594ebaa5"
                    
                    BASELINE="1655 810 1716 824 1829 824 1863 817 1897 827 2030 831 2469 831 2537 838 2681 838" 
                    HPOS="1648.0"
                    VPOS="786.0"
                    WIDTH="1029.0"
                    HEIGHT="89.0">
            <Shape><Polygon POINTS="1652 807 1648 855 2670 875 2677 834 2677 797 1652 786 1652 807"/></Shape>
	    <String CONTENT="מבשור שאדם משלם את הנזק ומשלם דמי"
                    HPOS="1648.0"
                    VPOS="786.0"
                    WIDTH="1029.0"
                    HEIGHT="89.0"></String>
          </TextLine>

          
          
          <TextLine ID="eSc_line_695ff105"
                    
                    BASELINE="1669 885 1771 892 1808 885 1849 895 1952 899 2681 899" 
                    HPOS="1662.0"
                    VPOS="858.0"
                    WIDTH="1015.0"
                    HEIGHT="75.0">
            <Shape><Polygon POINTS="1665 882 1662 930 2670 933 2677 895 2674 858 1665 858 1665 882"/></Shape>
	    <String CONTENT="וולדות ושור אינו משלם אלא נזק ופטור [מ&#39;]"
                    HPOS="1662.0"
                    VPOS="858.0"
                    WIDTH="1015.0"
                    HEIGHT="75.0"></String>
          </TextLine>

          
          
          <TextLine ID="eSc_line_484004dd"
                    
                    BASELINE="1682 960 1921 967 1965 974 2687 964" 
                    HPOS="1676.0"
                    VPOS="906.0"
                    WIDTH="1008.0"
                    HEIGHT="102.0">
            <Shape><Polygon POINTS="1679 957 1679 1001 2677 1008 2684 960 2670 923 2466 906 2463 906 2357 926 2354 926 2343 926 2061 909 2057 909 2054 909 1999 930 1996 930 1979 930 1744 912 1740 912 1737 912 1676 930 1679 957"/></Shape>
	    <String CONTENT="מדמי וולדות ˙ ¶ ה&#39; המכה אביו ואמו ולא"
                    HPOS="1676.0"
                    VPOS="906.0"
                    WIDTH="1008.0"
                    HEIGHT="102.0"></String>
          </TextLine>

          
          
          <TextLine ID="eSc_line_84b043b9"
                    
                    BASELINE="1648 1028 2115 1025 2163 1032 2681 1035" 
                    HPOS="1642.0"
                    VPOS="991.0"
                    WIDTH="1035.0"
                    HEIGHT="82.0">
            <Shape><Polygon POINTS="1645 1025 1642 1066 1676 1073 1689 1073 2670 1069 2677 1032 2670 991 1645 991 1645 1025"/></Shape>
	    <String CONTENT="עשה בהם חבורה החובל בחבירו ביום הכיפורים"
                    HPOS="1642.0"
                    VPOS="991.0"
                    WIDTH="1035.0"
                    HEIGHT="82.0"></String>
          </TextLine>

          
          
          <TextLine ID="eSc_line_04ca82b1"
                    
                    BASELINE="1614 1069 1713 1086 1856 1090 1897 1096 2705 1101" 
                    HPOS="1607.0"
                    VPOS="1028.0"
                    WIDTH="1097.0"
                    HEIGHT="109.0">
            <Shape><Polygon POINTS="1611 1066 1607 1120 2694 1137 2704 1100 2704 1066 2422 1062 2394 1052 2313 1035 2309 1035 2306 1035 2279 1049 2262 1059 2088 1042 2061 1042 2057 1042 2044 1042 1897 1056 1846 1035 1829 1028 1825 1028 1822 1028 1795 1032 1737 1045 1611 1028 1611 1066"/></Shape>
	    <String CONTENT="חייב בכולן החובל בעבד עברי חייב בכולם חוץ"
                    HPOS="1607.0"
                    VPOS="1028.0"
                    WIDTH="1097.0"
                    HEIGHT="109.0"></String>
          </TextLine>

          
          
          <TextLine ID="eSc_line_02672c52"
                    
                    BASELINE="1679 1158 1791 1158 1825 1168 1907 1161 2350 1165 2558 1158 2592 1168 2681 1168" 
                    HPOS="1672.0"
                    VPOS="1127.0"
                    WIDTH="1005.0"
                    HEIGHT="85.0">
            <Shape><Polygon POINTS="1676 1154 1672 1209 2670 1212 2677 1165 2674 1127 1676 1127 1676 1154"/></Shape>
	    <String CONTENT="מן השֶבֵת בזמן שהוא שלו החובל בעבד כנעני"
                    HPOS="1672.0"
                    VPOS="1127.0"
                    WIDTH="1005.0"
                    HEIGHT="85.0"></String>
          </TextLine>

          
          
          <TextLine ID="eSc_line_b34195fe"
                    
                    BASELINE="1655 1222 1791 1233 2037 1229 2081 1236 2708 1236" 
                    HPOS="1648.0"
                    VPOS="1192.0"
                    WIDTH="1056.0"
                    HEIGHT="78.0">
            <Shape><Polygon POINTS="1652 1219 1648 1267 2698 1270 2704 1233 2701 1192 1652 1192 1652 1219"/></Shape>
	    <String CONTENT="שלאחרים חייב בכולם ר&#39; יהוד&#39; או&#39; אין לעבדים"
                    HPOS="1648.0"
                    VPOS="1192.0"
                    WIDTH="1056.0"
                    HEIGHT="78.0"></String>
          </TextLine>

          
          
          <TextLine ID="eSc_line_262edc6a"
                    
                    BASELINE="1679 1301 1863 1297 1945 1304 2193 1308 2442 1304 2531 1297 2701 1301" 
                    HPOS="1672.0"
                    VPOS="1263.0"
                    WIDTH="1026.0"
                    HEIGHT="86.0">
            <Shape><Polygon POINTS="1676 1297 1676 1335 2687 1349 2698 1297 2694 1263 1672 1263 1676 1297"/></Shape>
	    <String CONTENT="בשת ˙ ו&#39; חרש שוטה וקטן פגיעתן רעה"
                    HPOS="1672.0"
                    VPOS="1263.0"
                    WIDTH="1026.0"
                    HEIGHT="86.0"></String>
          </TextLine>

          
          
          <TextLine ID="eSc_line_d688480a"
                    
                    BASELINE="1635 1366 2207 1366 2319 1372 2684 1372" 
                    HPOS="1628.0"
                    VPOS="1335.0"
                    WIDTH="1053.0"
                    HEIGHT="85.0">
            <Shape><Polygon POINTS="1631 1362 1628 1420 1662 1420 2112 1420 2139 1396 2173 1400 2207 1403 2227 1420 2677 1420 2681 1369 2677 1335 1631 1335 1631 1362"/></Shape>
	    <String CONTENT="החובל בהם חייב והם שחבלו באחרים פטורין"
                    HPOS="1628.0"
                    VPOS="1335.0"
                    WIDTH="1053.0"
                    HEIGHT="85.0"></String>
          </TextLine>

          
          
          <TextLine ID="eSc_line_f43ec544"
                    TAGREFS="LT3"
                    BASELINE="2122 1403 2218 1411" 
                    HPOS="2118.0"
                    VPOS="1379.0"
                    WIDTH="99.0"
                    HEIGHT="48.0">
            <Shape><Polygon POINTS="2118 1400 2135 1427 2149 1427 2183 1427 2214 1427 2217 1410 2214 1389 2118 1379 2118 1400"/></Shape>
	    <String CONTENT="רעה"
                    HPOS="2118.0"
                    VPOS="1379.0"
                    WIDTH="99.0"
                    HEIGHT="48.0"></String>
          </TextLine>

          
          
          <TextLine ID="eSc_line_28e3c020"
                    
                    BASELINE="1648 1423 1716 1437 2163 1434 2285 1441 2708 1441" 
                    HPOS="1642.0"
                    VPOS="1403.0"
                    WIDTH="1062.0"
                    HEIGHT="68.0">
            <Shape><Polygon POINTS="2187 1410 2153 1406 2118 1403 1645 1403 1645 1420 1642 1471 2701 1471 2704 1437 2701 1403 2190 1403 2187 1410"/></Shape>
	    <String CONTENT="העבד והאשה פגיעתם ↑ החובל בהם חייב והם"
                    HPOS="1642.0"
                    VPOS="1403.0"
                    WIDTH="1062.0"
                    HEIGHT="68.0"></String>
          </TextLine>

          
          
          <TextLine ID="eSc_line_8a453c8f"
                    
                    BASELINE="1648 1495 1757 1505 1914 1502 1958 1509 2088 1512 2340 1509 2548 1512 2592 1519 2691 1509" 
                    HPOS="1642.0"
                    VPOS="1461.0"
                    WIDTH="1045.0"
                    HEIGHT="95.0">
            <Shape><Polygon POINTS="1645 1492 1642 1543 2681 1556 2687 1505 2684 1461 1645 1468 1645 1492"/></Shape>
	    <String CONTENT="שחבלו באחרים פטורים אבל משלמים לאחר"
                    HPOS="1642.0"
                    VPOS="1461.0"
                    WIDTH="1045.0"
                    HEIGHT="95.0"></String>
          </TextLine>

          
          
          <TextLine ID="eSc_line_28d5b0c5"
                    
                    BASELINE="1676 1563 1914 1573 2105 1570 2183 1577 2704 1580" 
                    HPOS="1669.0"
                    VPOS="1529.0"
                    WIDTH="1032.0"
                    HEIGHT="89.0">
            <Shape><Polygon POINTS="1672 1560 1669 1597 1825 1618 1829 1618 2694 1611 2701 1577 2698 1539 1672 1529 1672 1560"/></Shape>
	    <String CONTENT="זמן נתגרשה האשה ונשתחרר העבד חייבים"
                    HPOS="1669.0"
                    VPOS="1529.0"
                    WIDTH="1032.0"
                    HEIGHT="89.0"></String>
          </TextLine>

          
          
          <TextLine ID="eSc_line_d1fce46b"
                    
                    BASELINE="1655 1628 1839 1635 1883 1642 2691 1642" 
                    HPOS="1648.0"
                    VPOS="1587.0"
                    WIDTH="1039.0"
                    HEIGHT="89.0">
            <Shape><Polygon POINTS="1652 1624 1648 1676 2684 1676 2687 1638 2687 1604 2650 1587 2646 1587 2643 1587 2135 1604 1720 1587 1716 1587 1713 1587 1652 1604 1652 1624"/></Shape>
	    <String CONTENT="לשלם ˙ ¶ ז&#39; המכה אביו ואמו ועשה ˙˙˙ בהם"
                    HPOS="1648.0"
                    VPOS="1587.0"
                    WIDTH="1039.0"
                    HEIGHT="89.0"></String>
          </TextLine>

          
          
          <TextLine ID="eSc_line_33511748"
                    
                    BASELINE="1706 1701 2684 1706" 
                    HPOS="1699.0"
                    VPOS="1655.0"
                    WIDTH="982.0"
                    HEIGHT="99.0">
            <Shape><Polygon POINTS="1703 1699 1699 1747 2023 1747 2040 1737 2074 1737 2108 1737 2142 1737 2156 1747 2670 1754 2681 1703 2677 1665 1703 1655 1703 1699"/></Shape>
	    <String CONTENT="חבורה פטור מכולם מפני שהוא נידון בנפשו"
                    HPOS="1699.0"
                    VPOS="1655.0"
                    WIDTH="982.0"
                    HEIGHT="99.0"></String>
          </TextLine>

          
          
          <TextLine ID="eSc_line_f7b59643"
                    
                    BASELINE="1757 1771 2411 1778 2490 1771 2677 1764" 
                    HPOS="1751.0"
                    VPOS="1720.0"
                    WIDTH="923.0"
                    HEIGHT="88.0">
            <Shape><Polygon POINTS="2163 1744 2129 1744 2095 1744 2061 1744 2047 1730 2026 1720 2023 1720 2020 1720 1853 1737 1849 1737 1825 1720 1822 1720 1819 1720 1815 1720 1812 1720 1754 1737 1754 1768 1751 1808 2670 1808 2674 1761 2667 1730 2241 1740 2214 1733 2176 1723 2163 1744"/></Shape>
	    <String CONTENT="החובל בעבד כנעני שלו [חייב] ↑ מכולם ˙ ¶ ח&#39;"
                    HPOS="1751.0"
                    VPOS="1720.0"
                    WIDTH="923.0"
                    HEIGHT="88.0"></String>
          </TextLine>

          
          
          <TextLine ID="eSc_line_851fa9c5"
                    TAGREFS="LT3"
                    BASELINE="2043 1743 2173 1746" 
                    HPOS="2037.0"
                    VPOS="1720.0"
                    WIDTH="133.0"
                    HEIGHT="44.0">
            <Shape><Polygon POINTS="2040 1740 2037 1764 2071 1764 2098 1764 2170 1744 2166 1720 2040 1720 2040 1740"/></Shape>
	    <String CONTENT="פטור"
                    HPOS="2037.0"
                    VPOS="1720.0"
                    WIDTH="133.0"
                    HEIGHT="44.0"></String>
          </TextLine>

          
          
          <TextLine ID="eSc_line_95200222"
                    
                    BASELINE="1662 1853 1733 1843 2667 1843" 
                    HPOS="1655.0"
                    VPOS="1805.0"
                    WIDTH="1009.0"
                    HEIGHT="89.0">
            <Shape><Polygon POINTS="1659 1849 1659 1894 2660 1890 2664 1839 2657 1805 1655 1805 1659 1849"/></Shape>
	    <String CONTENT="התוקע לחבירו נותן לו סלע ר&#39; יהוד&#39; או&#39; משם רבי"
                    HPOS="1655.0"
                    VPOS="1805.0"
                    WIDTH="1009.0"
                    HEIGHT="89.0"></String>
          </TextLine>

          
          
          <TextLine ID="eSc_line_ee58e8bb"
                    
                    BASELINE="1662 1921 1737 1911 2667 1911" 
                    HPOS="1655.0"
                    VPOS="1860.0"
                    WIDTH="1009.0"
                    HEIGHT="88.0">
            <Shape><Polygon POINTS="1659 1917 1659 1948 2660 1945 2664 1907 2657 1866 2262 1877 2231 1870 2180 1860 2176 1860 2173 1860 2125 1873 2101 1877 2064 1873 1955 1860 1952 1860 1948 1860 1945 1860 1924 1873 1907 1860 1904 1860 1900 1860 1897 1860 1655 1877 1659 1917"/></Shape>
	    <String CONTENT="ר&#39; יוסה הגלילי מנה סטרו נותן לו מאתים ˙˙ זוז"
                    HPOS="1655.0"
                    VPOS="1860.0"
                    WIDTH="1009.0"
                    HEIGHT="88.0"></String>
          </TextLine>

          
          
          <TextLine ID="eSc_line_2a9461dd"
                    
                    BASELINE="1679 1975 2084 1989 2415 1986 2527 1979 2670 1982" 
                    HPOS="1672.0"
                    VPOS="1938.0"
                    WIDTH="995.0"
                    HEIGHT="85.0">
            <Shape><Polygon POINTS="1676 1972 1672 2023 2660 2023 2667 1979 2664 1938 1676 1941 1676 1972"/></Shape>
	    <String CONTENT="לאחר ידו נותן לו ארבע מאות זוז צרם באזנו"
                    HPOS="1672.0"
                    VPOS="1938.0"
                    WIDTH="995.0"
                    HEIGHT="85.0"></String>
          </TextLine>

          
          
          <TextLine ID="eSc_line_1b38f4f1"
                    
                    BASELINE="1662 2040 1798 2054 1962 2057 2285 2057 2473 2054 2510 2047 2708 2047" 
                    HPOS="1655.0"
                    VPOS="2013.0"
                    WIDTH="1049.0"
                    HEIGHT="78.0">
            <Shape><Polygon POINTS="1659 2037 1655 2084 2698 2091 2704 2044 2701 2020 1659 2013 1659 2037"/></Shape>
	    <String CONTENT="תלש בשערו רקק והגיע בו הרוק העביר טליתו"
                    HPOS="1655.0"
                    VPOS="2013.0"
                    WIDTH="1049.0"
                    HEIGHT="78.0"></String>
          </TextLine>

          
          
          <TextLine ID="eSc_line_3833e6a2"
                    
                    BASELINE="1693 2122 1754 2112 1798 2122 2163 2125 2456 2122 2493 2115 2684 2118" 
                    HPOS="1686.0"
                    VPOS="2084.0"
                    WIDTH="995.0"
                    HEIGHT="82.0">
            <Shape><Polygon POINTS="1689 2118 1686 2156 2670 2166 2681 2115 2677 2084 1689 2084 1689 2118"/></Shape>
	    <String CONTENT="ממנו ופרע ראשה שלאשה נותן ארבע מאות"
                    HPOS="1686.0"
                    VPOS="2084.0"
                    WIDTH="995.0"
                    HEIGHT="82.0"></String>
          </TextLine>

          
          
          <TextLine ID="eSc_line_e88525d0"
                    
                    BASELINE="1662 2190 1802 2200 2677 2193" 
                    HPOS="1655.0"
                    VPOS="2149.0"
                    WIDTH="1019.0"
                    HEIGHT="92.0">
            <Shape><Polygon POINTS="1659 2187 1659 2241 2670 2241 2674 2190 2667 2149 1655 2156 1659 2187"/></Shape>
	    <String CONTENT="זוז והכל לפי כבודו ˙ ט&#39; אמ&#39; ר&#39; עקיבה [אפ&#39;]"
                    HPOS="1655.0"
                    VPOS="2149.0"
                    WIDTH="1019.0"
                    HEIGHT="92.0"></String>
          </TextLine>

          
          
          <TextLine ID="eSc_line_faac5503"
                    
                    BASELINE="1682 2258 1785 2268 2691 2258" 
                    HPOS="1676.0"
                    VPOS="2207.0"
                    WIDTH="1011.0"
                    HEIGHT="95.0">
            <Shape><Polygon POINTS="1679 2255 1679 2302 2684 2302 2687 2255 2684 2224 2374 2207 2371 2207 2367 2207 2364 2207 2343 2224 2340 2224 2336 2224 2187 2210 2183 2210 1676 2227 1679 2255"/></Shape>
	    <String CONTENT="אפילו עניים שבישרﭏ רואים אתם כילו הם"
                    HPOS="1676.0"
                    VPOS="2207.0"
                    WIDTH="1011.0"
                    HEIGHT="95.0"></String>
          </TextLine>

          
          
          <TextLine ID="eSc_line_fa452167"
                    
                    BASELINE="1693 2323 2302 2330 2473 2326 2551 2319 2660 2323" 
                    HPOS="1686.0"
                    VPOS="2285.0"
                    WIDTH="971.0"
                    HEIGHT="89.0">
            <Shape><Polygon POINTS="1689 2319 1686 2364 2646 2374 2657 2319 2650 2285 1689 2285 1689 2319"/></Shape>
	    <String CONTENT="בני חורים שירדו מנכסיהם שהם בני אברהם"
                    HPOS="1686.0"
                    VPOS="2285.0"
                    WIDTH="971.0"
                    HEIGHT="89.0"></String>
          </TextLine>

          
          
          <TextLine ID="eSc_line_f30a250b"
                    
                    BASELINE="1648 2391 1757 2405 1979 2401 2095 2408 2135 2398 2221 2394 2694 2394" 
                    HPOS="1642.0"
                    VPOS="2364.0"
                    WIDTH="1049.0"
                    HEIGHT="75.0">
            <Shape><Polygon POINTS="1645 2388 1642 2435 2684 2439 2691 2391 2684 2364 1645 2364 1645 2388"/></Shape>
	    <String CONTENT="יצחק ויעקב מעשה באחד שפרע ראשה [ש&#39;]"
                    HPOS="1642.0"
                    VPOS="2364.0"
                    WIDTH="1049.0"
                    HEIGHT="75.0"></String>
          </TextLine>

          
          
          <TextLine ID="eSc_line_13f62546"
                    
                    BASELINE="1655 2456 1716 2476 1764 2469 2449 2473 2517 2466 2681 2466" 
                    HPOS="1648.0"
                    VPOS="2428.0"
                    WIDTH="1029.0"
                    HEIGHT="75.0">
            <Shape><Polygon POINTS="1652 2452 1648 2503 2674 2503 2677 2463 2674 2432 1652 2428 1652 2452"/></Shape>
	    <String CONTENT="שלאשה ובאת לפני ר&#39; עקיבה וחייבו ליתן לה"
                    HPOS="1648.0"
                    VPOS="2428.0"
                    WIDTH="1029.0"
                    HEIGHT="75.0"></String>
          </TextLine>

          
          
          <TextLine ID="eSc_line_91f7ed3b"
                    
                    BASELINE="1689 2541 2578 2541 2612 2534 2681 2534" 
                    HPOS="1682.0"
                    VPOS="2497.0"
                    WIDTH="995.0"
                    HEIGHT="81.0">
            <Shape><Polygon POINTS="1686 2537 1686 2578 2674 2572 2677 2531 2670 2497 1682 2500 1686 2537"/></Shape>
	    <String CONTENT="ארבע מאות זוז אמ&#39; לו ר&#39; תן ל[ו](י) זמן ונתן לו [ש&#39;]"
                    HPOS="1682.0"
                    VPOS="2497.0"
                    WIDTH="995.0"
                    HEIGHT="81.0"></String>
          </TextLine>

          
          
          <TextLine ID="eSc_line_85ce2078"
                    
                    BASELINE="1679 2602 1897 2612 1948 2606 2626 2609 2691 2595" 
                    HPOS="1672.0"
                    VPOS="2555.0"
                    WIDTH="1015.0"
                    HEIGHT="105.0">
            <Shape><Polygon POINTS="1676 2599 1672 2636 1727 2657 1730 2657 1733 2657 2132 2643 2149 2657 2149 2660 2153 2660 2156 2660 2159 2660 2684 2640 2687 2592 2684 2575 1945 2555 1941 2555 1676 2568 1676 2599"/></Shape>
	    <String CONTENT="שימרה עומדת על פתח חצירה שבר את הפך"
                    HPOS="1672.0"
                    VPOS="2555.0"
                    WIDTH="1015.0"
                    HEIGHT="105.0"></String>
          </TextLine>

          
          
          <TextLine ID="eSc_line_15cf074c"
                    
                    BASELINE="1679 2684 2105 2684 2296 2674 2667 2674" 
                    HPOS="1672.0"
                    VPOS="2629.0"
                    WIDTH="992.0"
                    HEIGHT="89.0">
            <Shape><Polygon POINTS="1676 2681 1676 2718 2660 2715 2664 2670 2657 2629 1672 2643 1676 2681"/></Shape>
	    <String CONTENT="בפניה ובו באסר שמן גילת את ראשה והיתה"
                    HPOS="1672.0"
                    VPOS="2629.0"
                    WIDTH="992.0"
                    HEIGHT="89.0"></String>
          </TextLine>

          
          
          <TextLine ID="eSc_line_7a5a600f"
                    
                    BASELINE="1679 2752 2074 2752 2193 2742 2415 2745 2527 2738 2681 2738" 
                    HPOS="1672.0"
                    VPOS="2704.0"
                    WIDTH="1005.0"
                    HEIGHT="82.0">
            <Shape><Polygon POINTS="1676 2749 1676 2786 2674 2783 2677 2735 2670 2704 1672 2704 1676 2749"/></Shape>
	    <String CONTENT="מְטַפָּחַת וּמַנָחַת על ראשה והעמיד לה עדים [ו&#39;]"
                    HPOS="1672.0"
                    VPOS="2704.0"
                    WIDTH="1005.0"
                    HEIGHT="82.0"></String>
          </TextLine>

          
          
          <TextLine ID="eSc_line_5fbb2fe3"
                    
                    BASELINE="1662 2817 1771 2827 1805 2820 2013 2820 2193 2810 2548 2813 2691 2803" 
                    HPOS="1655.0"
                    VPOS="2759.0"
                    WIDTH="1032.0"
                    HEIGHT="92.0">
            <Shape><Polygon POINTS="1659 2813 1659 2851 2684 2847 2687 2800 2681 2759 1655 2776 1659 2813"/></Shape>
	    <String CONTENT="ובא לפני ר&#39; עקיבה אמ&#39; לו ר&#39; לזו אני נותן ארבע"
                    HPOS="1655.0"
                    VPOS="2759.0"
                    WIDTH="1032.0"
                    HEIGHT="92.0"></String>
          </TextLine>

          
          
          <TextLine ID="eSc_line_33ce9542"
                    
                    BASELINE="1689 2882 1761 2895 2088 2895 2227 2888 2691 2882" 
                    HPOS="1682.0"
                    VPOS="2830.0"
                    WIDTH="1005.0"
                    HEIGHT="92.0">
            <Shape><Polygon POINTS="1686 2878 1686 2922 2684 2916 2687 2878 2684 2847 2057 2830 2054 2830 2050 2830 2006 2851 2003 2851 1982 2851 1771 2834 1768 2834 1682 2851 1686 2878"/></Shape>
	    <String CONTENT="מאות זוז אמ&#39; לו לא אמרתה כלום שהחובל [ב&#39;]"
                    HPOS="1682.0"
                    VPOS="2830.0"
                    WIDTH="1005.0"
                    HEIGHT="92.0"></String>
          </TextLine>

          
          
          <TextLine ID="eSc_line_eb8d296a"
                    
                    BASELINE="1662 2953 2108 2963 2691 2943" 
                    HPOS="1655.0"
                    VPOS="2909.0"
                    WIDTH="1032.0"
                    HEIGHT="105.0">
            <Shape><Polygon POINTS="1659 2950 1659 2997 1894 3014 1897 3014 1900 3014 1904 3014 1904 3011 1907 3011 1917 2997 1921 2997 1941 3011 1945 3011 1948 3011 1952 3011 2684 2991 2687 2939 2681 2909 1655 2919 1659 2950"/></Shape>
	    <String CONTENT="בעצמו אף על פי שאינו רשיי פטור ואחירים"
                    HPOS="1655.0"
                    VPOS="2909.0"
                    WIDTH="1032.0"
                    HEIGHT="105.0"></String>
          </TextLine>

          
        </TextBlock>
        
        <TextBlock HPOS="524.0"
                   VPOS="624.0"
                   WIDTH="1021.0"
                   HEIGHT="2405.0"
                   ID="eSc_textblock_ce0ddef2"
                   TAGREFS="BT2">
          <Shape><Polygon POINTS="524 636 1545 624 1529 3029 528 3029"/></Shape>
          
          
          <TextLine ID="eSc_line_3af54510"
                    
                    BASELINE="504 694 572 684 1543 677" 
                    HPOS="497.0"
                    VPOS="626.0"
                    WIDTH="1042.0"
                    HEIGHT="109.0">
            <Shape><Polygon POINTS="1533 643 1379 626 1376 626 1287 647 1280 647 1267 647 1056 630 1052 630 1049 630 994 647 592 633 589 633 497 650 500 691 500 735 1536 711 1539 674 1536 650 1533 643"/></Shape>
	    <String CONTENT="שחבלו בו חייבים הקוצץ את נטיעותיו אף"
                    HPOS="497.0"
                    VPOS="626.0"
                    WIDTH="1042.0"
                    HEIGHT="109.0"></String>
          </TextLine>

          
          
          <TextLine ID="eSc_line_b62a71f0"
                    
                    BASELINE="504 763 565 752 1519 756" 
                    HPOS="500.0"
                    VPOS="711.0"
                    WIDTH="1015.0"
                    HEIGHT="79.0">
            <Shape><Polygon POINTS="500 759 504 790 1509 790 1515 752 1509 711 500 718 500 759"/></Shape>
	    <String CONTENT="על פי שאינו רשיי פטור ואחרים שקיצצו [א&#39;]"
                    HPOS="500.0"
                    VPOS="711.0"
                    WIDTH="1015.0"
                    HEIGHT="79.0"></String>
          </TextLine>

          
          
          <TextLine ID="eSc_line_1a57beb0"
                    
                    BASELINE="490 831 558 821 1536 821" 
                    HPOS="483.0"
                    VPOS="773.0"
                    WIDTH="1050.0"
                    HEIGHT="92.0">
            <Shape><Polygon POINTS="487 827 487 865 1529 855 1533 817 1526 773 483 786 487 827"/></Shape>
	    <String CONTENT="את נטיעותיו חייבים ˙ ¶ י&#39; אף על פי שהוא"
                    HPOS="483.0"
                    VPOS="773.0"
                    WIDTH="1050.0"
                    HEIGHT="92.0"></String>
          </TextLine>

          
          
          <TextLine ID="eSc_line_e014c51f"
                    
                    BASELINE="545 885 1543 878" 
                    HPOS="538.0"
                    VPOS="844.0"
                    WIDTH="1001.0"
                    HEIGHT="86.0">
            <Shape><Polygon POINTS="541 882 541 923 1533 930 1539 875 1536 844 538 844 541 882"/></Shape>
	    <String CONTENT="נותן לו אינו נמחל לו עד שיבקש ממנו [שנ&#39;]"
                    HPOS="538.0"
                    VPOS="844.0"
                    WIDTH="1001.0"
                    HEIGHT="86.0"></String>
          </TextLine>

          
          
          <TextLine ID="eSc_line_e8c4aa9d"
                    
                    BASELINE="500 950 647 960 909 960 950 953 1287 950 1321 943 1533 947" 
                    HPOS="493.0"
                    VPOS="916.0"
                    WIDTH="1040.0"
                    HEIGHT="71.0">
            <Shape><Polygon POINTS="497 947 493 987 1526 984 1533 943 1529 916 497 916 497 947"/></Shape>
	    <String CONTENT="ועתה השב אשת האיש כי נביא הוא וגו&#39; ומנין"
                    HPOS="493.0"
                    VPOS="916.0"
                    WIDTH="1040.0"
                    HEIGHT="71.0"></String>
          </TextLine>

          
          
          <TextLine ID="eSc_line_253a3574"
                    
                    BASELINE="517 1022 1533 1015" 
                    HPOS="511.0"
                    VPOS="964.0"
                    WIDTH="1022.0"
                    HEIGHT="95.0">
            <Shape><Polygon POINTS="514 1022 514 1059 1529 1052 1533 1011 1529 977 1188 964 1185 964 1182 964 1131 981 1124 981 1100 981 947 967 943 967 511 984 514 1022"/></Shape>
	    <String CONTENT="שלא יהא המוחל אכזרי שנ&#39; ויתפלל אברהם"
                    HPOS="511.0"
                    VPOS="964.0"
                    WIDTH="1022.0"
                    HEIGHT="95.0"></String>
          </TextLine>

          
          
          <TextLine ID="eSc_line_8c5f2955"
                    
                    BASELINE="517 1100 626 1093 786 1093 827 1100 861 1090 1073 1090 1222 1079 1481 1079 1543 1090" 
                    HPOS="511.0"
                    VPOS="1032.0"
                    WIDTH="1028.0"
                    HEIGHT="109.0">
            <Shape><Polygon POINTS="514 1096 514 1141 1529 1117 1539 1086 1536 1052 1461 1032 1458 1032 1243 1032 1240 1032 1236 1032 1233 1032 1233 1035 1209 1056 1161 1035 1158 1035 1154 1035 1035 1056 947 1035 943 1035 940 1035 936 1035 933 1035 933 1039 916 1052 752 1039 749 1039 511 1059 514 1096"/></Shape>
	    <String CONTENT="א[ת](ל) הﭏהים ˙ י&#39;א&#39; האומר סמה את עיני"
                    HPOS="511.0"
                    VPOS="1032.0"
                    WIDTH="1028.0"
                    HEIGHT="109.0"></String>
          </TextLine>

          
          
          <TextLine ID="eSc_line_be212cef"
                    
                    BASELINE="548 1165 1291 1165 1328 1158 1519 1158" 
                    HPOS="541.0"
                    VPOS="1117.0"
                    WIDTH="974.0"
                    HEIGHT="88.0">
            <Shape><Polygon POINTS="545 1161 545 1202 1509 1205 1515 1154 1509 1117 541 1120 545 1161"/></Shape>
	    <String CONTENT="קְטַע את ידי שְּבַר את רגלי חייב על מנת"
                    HPOS="541.0"
                    VPOS="1117.0"
                    WIDTH="974.0"
                    HEIGHT="88.0"></String>
          </TextLine>

          
          
          <TextLine ID="eSc_line_388e0c67"
                    
                    BASELINE="514 1226 1141 1226 1536 1212" 
                    HPOS="507.0"
                    VPOS="1185.0"
                    WIDTH="1026.0"
                    HEIGHT="85.0">
            <Shape><Polygon POINTS="511 1222 511 1270 1533 1267 1533 1209 1526 1185 507 1188 511 1222"/></Shape>
	    <String CONTENT="פטור חייב קרע את כסותי שבר את כדיי [ח&#39;]"
                    HPOS="507.0"
                    VPOS="1185.0"
                    WIDTH="1026.0"
                    HEIGHT="85.0"></String>
          </TextLine>

          
          
          <TextLine ID="eSc_line_5db6652d"
                    
                    BASELINE="521 1301 1052 1301 1120 1294 1301 1294 1406 1284 1546 1277" 
                    HPOS="514.0"
                    VPOS="1246.0"
                    WIDTH="1029.0"
                    HEIGHT="89.0">
            <Shape><Polygon POINTS="517 1297 517 1335 1543 1321 1543 1274 1536 1246 514 1257 517 1297"/></Shape>
	    <String CONTENT="חייב על מנת פטור פטור עשה כן לאיש פלוני"
                    HPOS="514.0"
                    VPOS="1246.0"
                    WIDTH="1029.0"
                    HEIGHT="89.0"></String>
          </TextLine>

          
          
          <TextLine ID="eSc_line_1dbc5a50"
                    
                    BASELINE="565 1355 1512 1362" 
                    HPOS="558.0"
                    VPOS="1311.0"
                    WIDTH="951.0"
                    HEIGHT="95.0">
            <Shape><Polygon POINTS="562 1352 558 1393 1498 1406 1509 1359 1502 1311 562 1318 562 1352"/></Shape>
	    <String CONTENT="על מנת פטור חייב בין בגופו בין בממונו ˙˙ :"
                    HPOS="558.0"
                    VPOS="1311.0"
                    WIDTH="951.0"
                    HEIGHT="95.0"></String>
          </TextLine>

          
          
          <TextLine ID="eSc_line_549fed0a"
                    
                    BASELINE="722 1444 783 1434 936 1434 1022 1441 1117 1434 1304 1434" 
                    HPOS="715.0"
                    VPOS="1379.0"
                    WIDTH="586.0"
                    HEIGHT="99.0">
            <Shape><Polygon POINTS="718 1441 718 1468 1008 1471 1022 1461 1056 1461 1090 1461 1103 1475 1294 1478 1301 1430 1297 1410 1120 1379 1117 1379 1113 1379 1049 1410 1045 1410 1035 1410 800 1383 797 1383 793 1383 715 1410 718 1441"/></Shape>
	    <String CONTENT="הל&#39; י&#39;א&#39; ¶ פרק ט&#39;"
                    HPOS="715.0"
                    VPOS="1379.0"
                    WIDTH="586.0"
                    HEIGHT="99.0"></String>
          </TextLine>

          
          
          <TextLine ID="eSc_line_9031ffa6"
                    TAGREFS="LT3"
                    BASELINE="1004 1465 1111 1470" 
                    HPOS="998.0"
                    VPOS="1434.0"
                    WIDTH="112.0"
                    HEIGHT="61.0">
            <Shape><Polygon POINTS="1035 1437 1001 1437 1001 1464 998 1492 1032 1495 1066 1495 1100 1495 1107 1495 1110 1468 1107 1441 1066 1434 1035 1437"/></Shape>
	    <String CONTENT="כלים"
                    HPOS="998.0"
                    VPOS="1434.0"
                    WIDTH="112.0"
                    HEIGHT="61.0"></String>
          </TextLine>

          
          
          <TextLine ID="eSc_line_a12bd561"
                    
                    BASELINE="507 1492 991 1498 1025 1505 1543 1498" 
                    HPOS="500.0"
                    VPOS="1461.0"
                    WIDTH="1039.0"
                    HEIGHT="72.0">
            <Shape><Polygon POINTS="1079 1468 1045 1468 1011 1468 1004 1461 504 1461 504 1488 500 1533 1536 1533 1539 1495 1536 1464 1083 1461 1079 1468"/></Shape>
	    <String CONTENT="¶ הגוזל עצים ועשאן ↑ צמר ועשאו בגדים [מש&#39;]"
                    HPOS="500.0"
                    VPOS="1461.0"
                    WIDTH="1039.0"
                    HEIGHT="72.0"></String>
          </TextLine>

          
          
          <TextLine ID="eSc_line_0df88ca2"
                    
                    BASELINE="504 1567 1372 1573 1406 1567 1546 1560" 
                    HPOS="497.0"
                    VPOS="1512.0"
                    WIDTH="1046.0"
                    HEIGHT="89.0">
            <Shape><Polygon POINTS="500 1563 497 1601 1539 1601 1543 1556 1543 1536 1423 1515 1420 1515 1417 1515 1359 1533 1355 1533 1124 1515 1120 1515 1056 1529 987 1512 984 1512 981 1512 500 1529 500 1563"/></Shape>
	    <String CONTENT="משלם כשעת הגזילה גזל פרה מעוברת וילדה"
                    HPOS="497.0"
                    VPOS="1512.0"
                    WIDTH="1046.0"
                    HEIGHT="89.0"></String>
          </TextLine>

          
          
          <TextLine ID="eSc_line_85d22cd0"
                    
                    BASELINE="493 1628 807 1635 957 1631 994 1624 1519 1628" 
                    HPOS="487.0"
                    VPOS="1587.0"
                    WIDTH="1028.0"
                    HEIGHT="85.0">
            <Shape><Polygon POINTS="490 1624 487 1662 1505 1672 1515 1624 1512 1587 490 1587 490 1624"/></Shape>
	    <String CONTENT="רחל טעונה וגזזה משלם דמי פרה מעוברת [ל&#39;]"
                    HPOS="487.0"
                    VPOS="1587.0"
                    WIDTH="1028.0"
                    HEIGHT="85.0"></String>
          </TextLine>

          
          
          <TextLine ID="eSc_line_b403f9b8"
                    
                    BASELINE="480 1703 964 1703 1199 1693 1529 1696" 
                    HPOS="473.0"
                    VPOS="1652.0"
                    WIDTH="1053.0"
                    HEIGHT="92.0">
            <Shape><Polygon POINTS="476 1699 476 1744 1519 1744 1526 1693 1519 1652 473 1659 476 1699"/></Shape>
	    <String CONTENT="לילד ודמי רחל טעונה להיגזז גזל פרה ועיברה"
                    HPOS="473.0"
                    VPOS="1652.0"
                    WIDTH="1053.0"
                    HEIGHT="92.0"></String>
          </TextLine>

          
          
          <TextLine ID="eSc_line_88e7189d"
                    
                    BASELINE="521 1771 715 1771 756 1778 1386 1778 1533 1768" 
                    HPOS="514.0"
                    VPOS="1716.0"
                    WIDTH="1019.0"
                    HEIGHT="92.0">
            <Shape><Polygon POINTS="517 1768 517 1808 1529 1805 1533 1764 1529 1737 1430 1716 1427 1716 1423 1716 1369 1733 1134 1716 1131 1716 889 1733 851 1716 848 1716 844 1716 841 1716 803 1733 579 1716 575 1716 572 1716 514 1733 517 1768"/></Shape>
	    <String CONTENT="אצלו וילדה ורחל ונטענה אצלו וגזזה משלם"
                    HPOS="514.0"
                    VPOS="1716.0"
                    WIDTH="1019.0"
                    HEIGHT="92.0"></String>
          </TextLine>

          
          
          <TextLine ID="eSc_line_1498ee68"
                    
                    BASELINE="490 1836 589 1846 1396 1846 1539 1836" 
                    HPOS="483.0"
                    VPOS="1785.0"
                    WIDTH="1053.0"
                    HEIGHT="98.0">
            <Shape><Polygon POINTS="487 1832 487 1877 1529 1883 1536 1832 1533 1802 953 1785 950 1785 947 1785 943 1785 919 1802 875 1785 872 1785 868 1785 865 1785 861 1785 861 1788 844 1802 844 1805 729 1805 729 1802 674 1785 671 1785 667 1785 483 1802 487 1832"/></Shape>
	    <String CONTENT="כשעת הגזילה זה הכלל כל הגזלנים משלמים"
                    HPOS="483.0"
                    VPOS="1785.0"
                    WIDTH="1053.0"
                    HEIGHT="98.0"></String>
          </TextLine>

          
          
          <TextLine ID="eSc_line_daa9e416"
                    
                    BASELINE="528 1921 875 1917 998 1911 1553 1914" 
                    HPOS="521.0"
                    VPOS="1877.0"
                    WIDTH="1029.0"
                    HEIGHT="75.0">
            <Shape><Polygon POINTS="524 1917 524 1952 1543 1948 1550 1911 1546 1877 521 1877 524 1917"/></Shape>
	    <String CONTENT="כשעת הגזילה ˙ ¶ ב&#39; גזל בהמה והזקינה [וע&#39;]"
                    HPOS="521.0"
                    VPOS="1877.0"
                    WIDTH="1029.0"
                    HEIGHT="75.0"></String>
          </TextLine>

          
          
          <TextLine ID="eSc_line_6aae46b0"
                    
                    BASELINE="517 1989 803 1986 844 1979 1546 1979" 
                    HPOS="511.0"
                    VPOS="1948.0"
                    WIDTH="1032.0"
                    HEIGHT="85.0">
            <Shape><Polygon POINTS="514 1986 514 2033 1539 2030 1543 1975 1539 1948 511 1948 514 1986"/></Shape>
	    <String CONTENT="ועבדים והזקינו משלם כשעת הגזילה ר&#39; [מא&#39;]"
                    HPOS="511.0"
                    VPOS="1948.0"
                    WIDTH="1032.0"
                    HEIGHT="85.0"></String>
          </TextLine>

          
          
          <TextLine ID="eSc_line_fdaf52af"
                    
                    BASELINE="504 2057 834 2057 1001 2054 1073 2047 1522 2047" 
                    HPOS="497.0"
                    VPOS="2013.0"
                    WIDTH="1022.0"
                    HEIGHT="88.0">
            <Shape><Polygon POINTS="500 2054 500 2101 1515 2084 1519 2044 1512 2013 497 2013 500 2054"/></Shape>
	    <String CONTENT="מאיר או&#39; יאמר לו בעבדים הרי שלך לפניך :"
                    HPOS="497.0"
                    VPOS="2013.0"
                    WIDTH="1022.0"
                    HEIGHT="88.0"></String>
          </TextLine>

          
          
          <TextLine ID="eSc_line_0dbdc1fa"
                    
                    BASELINE="517 2122 1158 2122 1236 2115 1478 2115" 
                    HPOS="511.0"
                    VPOS="2084.0"
                    WIDTH="964.0"
                    HEIGHT="89.0">
            <Shape><Polygon POINTS="514 2118 514 2173 1471 2156 1475 2112 1471 2084 511 2084 514 2118"/></Shape>
	    <String CONTENT="ג&#39; גזל מטבע ונסדק פירות והרקיבו יין"
                    HPOS="511.0"
                    VPOS="2084.0"
                    WIDTH="964.0"
                    HEIGHT="89.0"></String>
          </TextLine>

          
          
          <TextLine ID="eSc_line_d013f473"
                    
                    BASELINE="531 2190 708 2200 1154 2200 1233 2193 1529 2193" 
                    HPOS="524.0"
                    VPOS="2149.0"
                    WIDTH="1002.0"
                    HEIGHT="82.0">
            <Shape><Polygon POINTS="528 2187 524 2224 1519 2231 1526 2190 1522 2156 528 2149 528 2187"/></Shape>
	    <String CONTENT="והחמיץ משלם כשעת הגזילה מטבע וניפסל"
                    HPOS="524.0"
                    VPOS="2149.0"
                    WIDTH="1002.0"
                    HEIGHT="82.0"></String>
          </TextLine>

          
          
          <TextLine ID="eSc_line_8e7f9d54"
                    
                    BASELINE="511 2255 575 2268 1236 2268 1274 2262 1546 2262" 
                    HPOS="507.0"
                    VPOS="2227.0"
                    WIDTH="1036.0"
                    HEIGHT="75.0">
            <Shape><Polygon POINTS="511 2251 507 2296 1536 2302 1543 2258 1539 2227 511 2227 511 2251"/></Shape>
	    <String CONTENT="תרומה וניטמת חמץ ועבר עליו הפסח בהמה"
                    HPOS="507.0"
                    VPOS="2227.0"
                    WIDTH="1036.0"
                    HEIGHT="75.0"></String>
          </TextLine>

          
          
          <TextLine ID="eSc_line_62c32062"
                    
                    BASELINE="493 2330 865 2330 1028 2326 1066 2319 1543 2323" 
                    HPOS="487.0"
                    VPOS="2272.0"
                    WIDTH="1052.0"
                    HEIGHT="95.0">
            <Shape><Polygon POINTS="490 2326 487 2360 1529 2367 1539 2319 1539 2292 868 2272 865 2272 861 2272 814 2289 763 2272 759 2272 756 2272 490 2289 490 2326"/></Shape>
	    <String CONTENT="ונעברה בה עבירה או שניפסלה מעל גבי המזבח"
                    HPOS="487.0"
                    VPOS="2272.0"
                    WIDTH="1052.0"
                    HEIGHT="95.0"></String>
          </TextLine>

          
          
          <TextLine ID="eSc_line_15ee7737"
                    
                    BASELINE="517 2398 865 2405 950 2398 1526 2391" 
                    HPOS="511.0"
                    VPOS="2354.0"
                    WIDTH="1011.0"
                    HEIGHT="74.0">
            <Shape><Polygon POINTS="514 2394 514 2428 1519 2425 1522 2388 1515 2354 511 2357 514 2394"/></Shape>
	    <String CONTENT="או שהיתה יוצא ליסקל אומר לו הרי שלך [ל&#39;]"
                    HPOS="511.0"
                    VPOS="2354.0"
                    WIDTH="1011.0"
                    HEIGHT="74.0"></String>
          </TextLine>

          
          
          <TextLine ID="eSc_line_941759cf"
                    
                    BASELINE="514 2473 1359 2473 1539 2463" 
                    HPOS="507.0"
                    VPOS="2411.0"
                    WIDTH="1029.0"
                    HEIGHT="96.0">
            <Shape><Polygon POINTS="511 2469 511 2507 1533 2503 1536 2459 1526 2411 1451 2432 1212 2418 1100 2411 1096 2411 1035 2422 974 2432 930 2425 865 2411 861 2411 858 2411 827 2425 814 2432 776 2428 657 2411 654 2411 650 2411 647 2411 626 2432 623 2435 507 2435 511 2469"/></Shape>
	    <String CONTENT="לפניך ˙ ¶ ד&#39; נתן לאומנים לתקן וקילקלו [חי&#39;]"
                    HPOS="507.0"
                    VPOS="2411.0"
                    WIDTH="1029.0"
                    HEIGHT="96.0"></String>
          </TextLine>

          
          
          <TextLine ID="eSc_line_142b3ee9"
                    
                    BASELINE="511 2541 1011 2548 1192 2537 1543 2541" 
                    HPOS="507.0"
                    VPOS="2486.0"
                    WIDTH="1032.0"
                    HEIGHT="96.0">
            <Shape><Polygon POINTS="511 2537 507 2582 1533 2575 1539 2537 1539 2510 1403 2486 1400 2486 511 2497 511 2537"/></Shape>
	    <String CONTENT="חייבים לשלם נתן לחרש שידה תיבה ומגדל"
                    HPOS="507.0"
                    VPOS="2486.0"
                    WIDTH="1032.0"
                    HEIGHT="96.0"></String>
          </TextLine>

          
          
          <TextLine ID="eSc_line_6a937db8"
                    
                    BASELINE="504 2609 1205 2616 1376 2612 1420 2606 1553 2609" 
                    HPOS="497.0"
                    VPOS="2558.0"
                    WIDTH="1053.0"
                    HEIGHT="109.0">
            <Shape><Polygon POINTS="500 2606 497 2643 1539 2667 1550 2606 1543 2558 500 2565 500 2606"/></Shape>
	    <String CONTENT="לתקן וקילקלו חייבים לשלם הבניי שקיבל [ע&#39;]"
                    HPOS="497.0"
                    VPOS="2558.0"
                    WIDTH="1053.0"
                    HEIGHT="109.0"></String>
          </TextLine>

          
          
          <TextLine ID="eSc_line_b3d958d5"
                    
                    BASELINE="504 2677 575 2691 776 2691 814 2684 1522 2684" 
                    HPOS="497.0"
                    VPOS="2646.0"
                    WIDTH="1022.0"
                    HEIGHT="75.0">
            <Shape><Polygon POINTS="500 2674 497 2715 1512 2721 1519 2681 1515 2646 500 2646 500 2674"/></Shape>
	    <String CONTENT="עליו את הכותל לסותרו ושיבר את האבנים"
                    HPOS="497.0"
                    VPOS="2646.0"
                    WIDTH="1022.0"
                    HEIGHT="75.0"></String>
          </TextLine>

          
          
          <TextLine ID="eSc_line_5f0fb6f2"
                    
                    BASELINE="490 2752 960 2752 1291 2742 1522 2742" 
                    HPOS="483.0"
                    VPOS="2701.0"
                    WIDTH="1036.0"
                    HEIGHT="92.0">
            <Shape><Polygon POINTS="487 2749 487 2790 1512 2793 1519 2738 1512 2701 483 2711 487 2749"/></Shape>
	    <String CONTENT="או שהזיק חייב לשלם היה סותר מצד זה ונפל"
                    HPOS="483.0"
                    VPOS="2701.0"
                    WIDTH="1036.0"
                    HEIGHT="92.0"></String>
          </TextLine>

          
          
          <TextLine ID="eSc_line_00a6fed1"
                    
                    BASELINE="562 2820 1546 2813" 
                    HPOS="555.0"
                    VPOS="2766.0"
                    WIDTH="988.0"
                    HEIGHT="105.0">
            <Shape><Polygon POINTS="558 2817 558 2854 1045 2871 1049 2871 1543 2847 1543 2810 1539 2779 1045 2766 1042 2766 555 2783 558 2817"/></Shape>
	    <String CONTENT="מצד אחֵר פטור ואם מחמת המכה חייב ˙ ¶ ה&#39;"
                    HPOS="555.0"
                    VPOS="2766.0"
                    WIDTH="988.0"
                    HEIGHT="105.0"></String>
          </TextLine>

          
          
          <TextLine ID="eSc_line_820dde13"
                    
                    BASELINE="497 2888 681 2888 752 2895 1195 2895 1263 2888 1533 2888" 
                    HPOS="490.0"
                    VPOS="2854.0"
                    WIDTH="1043.0"
                    HEIGHT="82.0">
            <Shape><Polygon POINTS="493 2885 490 2936 1529 2926 1533 2885 1529 2854 493 2854 493 2885"/></Shape>
	    <String CONTENT="נתן צמר לצבע הקדיחה היורה נותן לו דמי [צ&#39;]"
                    HPOS="490.0"
                    VPOS="2854.0"
                    WIDTH="1043.0"
                    HEIGHT="82.0"></String>
          </TextLine>

          
          
          <TextLine ID="eSc_line_272ad724"
                    
                    BASELINE="504 2956 1454 2967 1522 2950" 
                    HPOS="497.0"
                    VPOS="2902.0"
                    WIDTH="1022.0"
                    HEIGHT="112.0">
            <Shape><Polygon POINTS="500 2953 497 3004 783 2994 810 3011 814 3011 817 3011 821 3011 834 3011 1045 2997 1515 3014 1519 2946 1512 2909 889 2922 817 2916 664 2902 660 2902 500 2919 500 2953"/></Shape>
	    <String CONTENT="צמרו צבעו כעור אם השבח יתר על הוצאה"
                    HPOS="497.0"
                    VPOS="2902.0"
                    WIDTH="1022.0"
                    HEIGHT="112.0"></String>
          </TextLine>

          
        </TextBlock>
        

        
      </PrintSpace>
    </Page>
  </Layout>
</alto>
