<?xml version="1.0" encoding="UTF-8"?>
<alto xmlns:xsi="http://www.w3.org/2001/XMLSchema-instance"
      xmlns="http://www.loc.gov/standards/alto/ns-v4#"
      xsi:schemaLocation="http://www.loc.gov/standards/alto/ns-v4# http://www.loc.gov/standards/alto/v4/alto-4-2.xsd">
  <Description>
    <MeasurementUnit>pixel</MeasurementUnit>
    <sourceImageInformation>
      <fileName>MsParm3173_F13911_0125.jpg</fileName>
      
    </sourceImageInformation>
  </Description>
  
  <Tags>
    <OtherTag ID="BT1" LABEL="Title" DESCRIPTION="block type Title"/><OtherTag ID="BT2" LABEL="Main" DESCRIPTION="block type Main"/><OtherTag ID="BT3" LABEL="Commentary" DESCRIPTION="block type Commentary"/><OtherTag ID="BT4" LABEL="Illustration" DESCRIPTION="block type Illustration"/><OtherTag ID="BT830" LABEL="Margin" DESCRIPTION="block type Margin"/><OtherTag ID="BT831" LABEL="Hole" DESCRIPTION="block type Hole"/><OtherTag ID="BT832" LABEL="Paratext" DESCRIPTION="block type Paratext"/>
    <OtherTag ID="LT2" LABEL="Numbering" DESCRIPTION="line type Numbering"/><OtherTag ID="LT3" LABEL="Correction" DESCRIPTION="line type Correction"/><OtherTag ID="LT501" LABEL="Gloss" DESCRIPTION="line type Gloss"/>
  </Tags>
  
  <Layout>
    <Page WIDTH="3066"
          HEIGHT="4088"
          PHYSICAL_IMG_NR="117"
          ID="eSc_dummypage_">
      <PrintSpace HPOS="0"
                  VPOS="0"
                  WIDTH="3066"
                  HEIGHT="4088">
        
        <TextBlock HPOS="1425.0"
                   VPOS="695.0"
                   WIDTH="1039.0"
                   HEIGHT="2446.0"
                   ID="eSc_textblock_aa0a09be"
                   TAGREFS="BT2">
          <Shape><Polygon POINTS="1425 695 2464 695 2441 3141 1463 3113"/></Shape>
          
          
          <TextLine ID="eSc_line_ce787b1b"
                    
                    BASELINE="1447 749 1836 749 2112 735 2367 742 2464 738" 
                    HPOS="1441.0"
                    VPOS="694.0"
                    WIDTH="1022.0"
                    HEIGHT="92.0">
            <Shape><Polygon POINTS="2428 698 2394 698 2360 698 2326 698 2292 698 2258 698 2224 698 2190 698 2156 698 2122 698 2088 698 2054 698 2020 698 1986 698 1952 698 1917 698 1883 698 1849 698 1815 698 1781 698 1747 698 1713 698 1689 698 1441 701 1444 746 1444 786 2459 776 2463 735 2459 698 2439 694 2428 698"/></Shape>
	    <String CONTENT="הנישואין כתובתן מנא ואין להן טענת בתולים"
                    HPOS="1441.0"
                    VPOS="694.0"
                    WIDTH="1022.0"
                    HEIGHT="92.0"></String>
          </TextLine>

          
          
          <TextLine ID="eSc_line_1753cc32"
                    
                    BASELINE="1437 810 2367 807 2438 815 2464 809" 
                    HPOS="1430.0"
                    VPOS="776.0"
                    WIDTH="1033.0"
                    HEIGHT="82.0">
            <Shape><Polygon POINTS="1434 807 1434 844 2463 858 2463 807 2459 776 1430 776 1434 807"/></Shape>
	    <String CONTENT="הגיורת והשבויה והשפחה שנפדו או שנתגירו"
                    HPOS="1430.0"
                    VPOS="776.0"
                    WIDTH="1033.0"
                    HEIGHT="82.0"></String>
          </TextLine>

          
          
          <TextLine ID="eSc_line_96360d89"
                    
                    BASELINE="1461 878 1587 875 2040 878 2081 872 2464 866" 
                    HPOS="1454.0"
                    VPOS="838.0"
                    WIDTH="1009.0"
                    HEIGHT="71.0">
            <Shape><Polygon POINTS="1458 875 1458 909 2459 902 2463 865 2459 838 1454 838 1458 875"/></Shape>
	    <String CONTENT="או שנשתחררו יתירות על בנות שלש שנים"
                    HPOS="1454.0"
                    VPOS="838.0"
                    WIDTH="1009.0"
                    HEIGHT="71.0"></String>
          </TextLine>

          
          
          <TextLine ID="eSc_line_cb985e1d"
                    
                    BASELINE="1444 936 1526 947 1638 943 1969 947 2009 940 2146 936 2180 930 2367 933 2464 929" 
                    HPOS="1437.0"
                    VPOS="902.0"
                    WIDTH="1026.0"
                    HEIGHT="89.0">
            <Shape><Polygon POINTS="1441 933 1437 964 1727 991 1730 991 2459 967 2463 926 2459 902 1441 902 1441 933"/></Shape>
	    <String CONTENT="ויום אחד כתובתן מנה ואין להן טענת [ב&#39;]"
                    HPOS="1437.0"
                    VPOS="902.0"
                    WIDTH="1026.0"
                    HEIGHT="89.0"></String>
          </TextLine>

          
          
          <TextLine ID="eSc_line_22d38531"
                    
                    BASELINE="1475 998 1747 1008 2009 998 2118 1001 2193 994 2464 989" 
                    HPOS="1468.0"
                    VPOS="947.0"
                    WIDTH="995.0"
                    HEIGHT="98.0">
            <Shape><Polygon POINTS="1471 994 1471 1032 2159 1045 2163 1045 2459 1025 2463 987 2459 967 2296 947 2292 947 2289 947 2227 967 2221 967 2187 967 1911 950 1907 950 1904 950 1900 950 1900 953 1883 967 1883 970 1468 970 1471 994"/></Shape>
	    <String CONTENT="בתולים ˙ ¶ ה&#39; האוכל אצל חמיו ביהודה"
                    HPOS="1468.0"
                    VPOS="947.0"
                    WIDTH="995.0"
                    HEIGHT="98.0"></String>
          </TextLine>

          
          
          <TextLine ID="eSc_line_67b69cf3"
                    
                    BASELINE="1461 1069 1737 1066 1890 1073 1934 1062 2204 1062 2464 1057" 
                    HPOS="1454.0"
                    VPOS="1008.0"
                    WIDTH="1009.0"
                    HEIGHT="92.0">
            <Shape><Polygon POINTS="2452 1025 2217 1008 2214 1008 2037 1028 2023 1028 2009 1028 1877 1011 1873 1011 1870 1011 1866 1011 1846 1028 1843 1032 1454 1032 1458 1066 1458 1100 2459 1093 2463 1056 2459 1045 2452 1025"/></Shape>
	    <String CONTENT="שלא בעדים אינו יכול לטעון טענת [בת&#39;]"
                    HPOS="1454.0"
                    VPOS="1008.0"
                    WIDTH="1009.0"
                    HEIGHT="92.0"></String>
          </TextLine>

          
          
          <TextLine ID="eSc_line_fb99607d"
                    
                    BASELINE="1475 1124 1567 1120 2244 1124 2285 1117 2464 1115" 
                    HPOS="1468.0"
                    VPOS="1090.0"
                    WIDTH="995.0"
                    HEIGHT="68.0">
            <Shape><Polygon POINTS="1471 1120 1468 1158 2459 1158 2463 1113 2459 1090 1471 1090 1471 1120"/></Shape>
	    <String CONTENT="בתולים מפני שהוא מתיחד עימה אחד"
                    HPOS="1468.0"
                    VPOS="1090.0"
                    WIDTH="995.0"
                    HEIGHT="68.0"></String>
          </TextLine>

          
          
          <TextLine ID="eSc_line_2346aa1f"
                    
                    BASELINE="1458 1192 1693 1188 2316 1192 2354 1185 2464 1189" 
                    HPOS="1451.0"
                    VPOS="1134.0"
                    WIDTH="1012.0"
                    HEIGHT="92.0">
            <Shape><Polygon POINTS="1454 1188 1451 1226 2456 1226 2463 1188 2463 1154 2391 1134 2388 1134 2384 1134 1454 1148 1454 1188"/></Shape>
	    <String CONTENT="אלמנת ישראל ואחד אלמנת כהנים כתובתן"
                    HPOS="1451.0"
                    VPOS="1134.0"
                    WIDTH="1012.0"
                    HEIGHT="92.0"></String>
          </TextLine>

          
          
          <TextLine ID="eSc_line_c82f6270"
                    
                    BASELINE="1485 1246 2040 1253 2330 1250 2464 1257" 
                    HPOS="1478.0"
                    VPOS="1199.0"
                    WIDTH="985.0"
                    HEIGHT="92.0">
            <Shape><Polygon POINTS="1481 1243 1478 1280 2452 1291 2463 1253 2459 1222 2084 1202 2081 1202 1744 1216 1716 1216 1713 1216 1689 1199 1686 1199 1682 1199 1679 1199 1481 1212 1481 1243"/></Shape>
	    <String CONTENT="מנא בית דין שלכהנים היו גובים לבתולה"
                    HPOS="1478.0"
                    VPOS="1199.0"
                    WIDTH="985.0"
                    HEIGHT="92.0"></String>
          </TextLine>

          
          
          <TextLine ID="eSc_line_621197e2"
                    
                    BASELINE="1495 1304 1543 1314 1652 1311 2258 1314 2333 1308 2462 1313" 
                    HPOS="1488.0"
                    VPOS="1277.0"
                    WIDTH="971.0"
                    HEIGHT="78.0">
            <Shape><Polygon POINTS="1492 1301 1488 1342 2449 1355 2459 1311 2456 1280 1492 1277 1492 1301"/></Shape>
	    <String CONTENT="ארבע מאות זוז ולא מיחו בידם חכמים ˙"
                    HPOS="1488.0"
                    VPOS="1277.0"
                    WIDTH="971.0"
                    HEIGHT="78.0"></String>
          </TextLine>

          
          
          <TextLine ID="eSc_line_34644ad7"
                    
                    BASELINE="1471 1372 1556 1383 2183 1383 2360 1369" 
                    HPOS="1464.0"
                    VPOS="1342.0"
                    WIDTH="893.0"
                    HEIGHT="75.0">
            <Shape><Polygon POINTS="1468 1369 1468 1417 2354 1417 2357 1366 2354 1342 1464 1342 1468 1369"/></Shape>
	    <String CONTENT="¶ ו&#39; הנושא את האשה ולא מצא ˙˙˙ לה"
                    HPOS="1464.0"
                    VPOS="1342.0"
                    WIDTH="893.0"
                    HEIGHT="75.0"></String>
          </TextLine>

          
          
          <TextLine ID="eSc_line_55a1d9b9"
                    
                    BASELINE="1464 1437 1512 1434 1594 1441 2078 1444 2248 1441 2285 1434 2455 1443" 
                    HPOS="1458.0"
                    VPOS="1389.0"
                    WIDTH="994.0"
                    HEIGHT="103.0">
            <Shape><Polygon POINTS="1461 1434 1458 1471 2214 1492 2217 1492 2445 1475 2452 1441 2449 1410 2105 1389 2101 1389 1461 1400 1461 1434"/></Shape>
	    <String CONTENT="בתולים היא אומרת משאירסתני נאנסתי"
                    HPOS="1458.0"
                    VPOS="1389.0"
                    WIDTH="994.0"
                    HEIGHT="103.0"></String>
          </TextLine>

          
          
          <TextLine ID="eSc_line_6b253587"
                    
                    BASELINE="1464 1498 1515 1498 1567 1509 1601 1502 2313 1505 2455 1501" 
                    HPOS="1458.0"
                    VPOS="1464.0"
                    WIDTH="994.0"
                    HEIGHT="79.0">
            <Shape><Polygon POINTS="1461 1495 1458 1533 2445 1543 2452 1498 2449 1468 1461 1464 1461 1495"/></Shape>
	    <String CONTENT="ונסתחפה שדהו והוא או&#39; לא כי אלא עד [ש&#39;]"
                    HPOS="1458.0"
                    VPOS="1464.0"
                    WIDTH="994.0"
                    HEIGHT="79.0"></String>
          </TextLine>

          
          
          <TextLine ID="eSc_line_cd589d78"
                    
                    BASELINE="1444 1550 1539 1560 1774 1556 1846 1563 2115 1567 2156 1573 2428 1578 2455 1572" 
                    HPOS="1437.0"
                    VPOS="1512.0"
                    WIDTH="1015.0"
                    HEIGHT="92.0">
            <Shape><Polygon POINTS="1441 1546 1437 1590 2449 1604 2452 1570 2449 1536 2258 1536 2255 1533 2238 1515 2234 1515 2231 1515 2227 1515 2061 1529 2044 1529 2016 1512 2013 1512 2009 1512 2006 1512 1441 1519 1441 1546"/></Shape>
	    <String CONTENT="שלא אירשתיך והיה מקחי מקח טעות רבן"
                    HPOS="1437.0"
                    VPOS="1512.0"
                    WIDTH="1015.0"
                    HEIGHT="92.0"></String>
          </TextLine>

          
          
          <TextLine ID="eSc_line_09138930"
                    
                    BASELINE="1471 1614 1594 1621 1638 1628 2455 1633" 
                    HPOS="1464.0"
                    VPOS="1587.0"
                    WIDTH="988.0"
                    HEIGHT="78.0">
            <Shape><Polygon POINTS="1468 1611 1464 1655 2442 1665 2452 1631 2452 1594 1468 1587 1468 1611"/></Shape>
	    <String CONTENT="גמליﭏ ור&#39; אליעזר אומ&#39; נאמנת ור&#39; יהושע"
                    HPOS="1464.0"
                    VPOS="1587.0"
                    WIDTH="988.0"
                    HEIGHT="78.0"></String>
          </TextLine>

          
          
          <TextLine ID="eSc_line_dad07da2"
                    
                    BASELINE="1437 1676 1914 1686 2033 1689 2074 1696 2455 1704" 
                    HPOS="1430.0"
                    VPOS="1635.0"
                    WIDTH="1022.0"
                    HEIGHT="95.0">
            <Shape><Polygon POINTS="1434 1672 1430 1706 2442 1730 2452 1703 2452 1665 2313 1642 2309 1642 2091 1655 2074 1655 2040 1635 2037 1635 2033 1635 2030 1635 1434 1638 1434 1672"/></Shape>
	    <String CONTENT="אומ&#39; לא מפיה אנו חיים אלא הרי היא בחזקת"
                    HPOS="1430.0"
                    VPOS="1635.0"
                    WIDTH="1022.0"
                    HEIGHT="95.0"></String>
          </TextLine>

          
          
          <TextLine ID="eSc_line_0fcca5f4"
                    
                    BASELINE="1434 1737 1962 1744 2091 1751 2425 1752 2455 1757" 
                    HPOS="1427.0"
                    VPOS="1689.0"
                    WIDTH="1025.0"
                    HEIGHT="99.0">
            <Shape><Polygon POINTS="1430 1733 1427 1771 2442 1788 2452 1754 2452 1716 1900 1693 1897 1693 1774 1706 1757 1706 1754 1706 1730 1689 1727 1689 1723 1689 1720 1689 1430 1699 1430 1733"/></Shape>
	    <String CONTENT="בעולה עד שלא תתארס והטעתו עד שתביא"
                    HPOS="1427.0"
                    VPOS="1689.0"
                    WIDTH="1025.0"
                    HEIGHT="99.0"></String>
          </TextLine>

          
          
          <TextLine ID="eSc_line_6ae68ac7"
                    
                    BASELINE="1464 1795 1553 1805 2176 1802 2455 1812" 
                    HPOS="1458.0"
                    VPOS="1771.0"
                    WIDTH="994.0"
                    HEIGHT="82.0">
            <Shape><Polygon POINTS="1461 1791 1458 1832 1536 1853 1539 1853 2445 1849 2452 1808 2452 1774 1461 1771 1461 1791"/></Shape>
	    <String CONTENT="ראיה לדבריה ˙ ¶ ז&#39; היא אומרת ˙˙ מוכת"
                    HPOS="1458.0"
                    VPOS="1771.0"
                    WIDTH="994.0"
                    HEIGHT="82.0"></String>
          </TextLine>

          
          
          <TextLine ID="eSc_line_6466cf51"
                    
                    BASELINE="1488 1873 2455 1871" 
                    HPOS="1485.0"
                    VPOS="1836.0"
                    WIDTH="967.0"
                    HEIGHT="81.0">
            <Shape><Polygon POINTS="1485 1870 1485 1917 2452 1911 2452 1870 2452 1836 1485 1836 1485 1870"/></Shape>
	    <String CONTENT="עץ אני והוא או&#39; לא כי אלא דרוסת איש"
                    HPOS="1485.0"
                    VPOS="1836.0"
                    WIDTH="967.0"
                    HEIGHT="81.0"></String>
          </TextLine>

          
          
          <TextLine ID="eSc_line_8a78aee5"
                    
                    BASELINE="1495 1928 2149 1924 2183 1931 2455 1936" 
                    HPOS="1488.0"
                    VPOS="1894.0"
                    WIDTH="964.0"
                    HEIGHT="71.0">
            <Shape><Polygon POINTS="1492 1924 1492 1962 2442 1965 2452 1934 2449 1894 1488 1894 1492 1924"/></Shape>
	    <String CONTENT="את רבן גמליאל ור&#39; אליעזר אומ&#39; נאמנת ר&#39;"
                    HPOS="1488.0"
                    VPOS="1894.0"
                    WIDTH="964.0"
                    HEIGHT="71.0"></String>
          </TextLine>

          
          
          <TextLine ID="eSc_line_9507e2c0"
                    
                    BASELINE="1485 1989 1635 1989 1713 1996 2013 1992 2135 1999 2455 2004" 
                    HPOS="1478.0"
                    VPOS="1952.0"
                    WIDTH="974.0"
                    HEIGHT="81.0">
            <Shape><Polygon POINTS="1481 1986 1478 2023 2442 2033 2452 2003 2449 1962 1481 1952 1481 1986"/></Shape>
	    <String CONTENT="יהושע או&#39; לא מפיה אנו חיים אלא הרי זו"
                    HPOS="1478.0"
                    VPOS="1952.0"
                    WIDTH="974.0"
                    HEIGHT="81.0"></String>
          </TextLine>

          
          
          <TextLine ID="eSc_line_639a571a"
                    
                    BASELINE="1485 2064 2204 2064 2285 2057 2323 2067 2455 2072" 
                    HPOS="1478.0"
                    VPOS="2026.0"
                    WIDTH="974.0"
                    HEIGHT="75.0">
            <Shape><Polygon POINTS="1481 2061 1478 2095 2442 2101 2452 2071 2449 2026 1481 2026 1481 2061"/></Shape>
	    <String CONTENT="בחזקת דרוסת איש עד שתביא ראיה [לד&#39;]"
                    HPOS="1478.0"
                    VPOS="2026.0"
                    WIDTH="974.0"
                    HEIGHT="75.0"></String>
          </TextLine>

          
          
          <TextLine ID="eSc_line_5b7fc395"
                    
                    BASELINE="1471 2125 1737 2125 1825 2132 2455 2137" 
                    HPOS="1464.0"
                    VPOS="2071.0"
                    WIDTH="988.0"
                    HEIGHT="95.0">
            <Shape><Polygon POINTS="1468 2122 1464 2159 2442 2166 2452 2135 2452 2098 2411 2078 2408 2078 2405 2078 2401 2078 2398 2078 2371 2098 2296 2078 2292 2078 2289 2078 2285 2078 2282 2078 2255 2098 2255 2101 2176 2101 2176 2098 2159 2084 2159 2081 2156 2081 2153 2081 2149 2081 1924 2091 1778 2071 1774 2071 1468 2091 1468 2122"/></Shape>
	    <String CONTENT="לדבריה ˙ ¶ ח&#39; ראוה מדברת עם אחד מה"
                    HPOS="1464.0"
                    VPOS="2071.0"
                    WIDTH="988.0"
                    HEIGHT="95.0"></String>
          </TextLine>

          
          
          <TextLine ID="eSc_line_228f32a6"
                    
                    BASELINE="1444 2183 1911 2183 2023 2190 2455 2198" 
                    HPOS="1437.0"
                    VPOS="2132.0"
                    WIDTH="1015.0"
                    HEIGHT="95.0">
            <Shape><Polygon POINTS="1441 2180 1437 2217 2442 2227 2452 2197 2449 2159 2135 2139 2132 2139 1665 2149 1635 2149 1628 2149 1543 2132 1539 2132 1441 2146 1441 2180"/></Shape>
	    <String CONTENT="טיבו שלזה איש פלוני וכהן הוא רבן גמליﭏ"
                    HPOS="1437.0"
                    VPOS="2132.0"
                    WIDTH="1015.0"
                    HEIGHT="95.0"></String>
          </TextLine>

          
          
          <TextLine ID="eSc_line_63d7b650"
                    
                    BASELINE="1488 2248 1621 2248 1662 2258 1730 2251 2285 2251 2319 2258 2455 2263" 
                    HPOS="1481.0"
                    VPOS="2221.0"
                    WIDTH="971.0"
                    HEIGHT="75.0">
            <Shape><Polygon POINTS="1485 2244 1481 2282 2442 2296 2452 2262 2449 2221 1485 2221 1485 2244"/></Shape>
	    <String CONTENT="ור&#39; אליעזר אומ&#39; נאמנת ר&#39; יהושע אומ&#39; לא"
                    HPOS="1481.0"
                    VPOS="2221.0"
                    WIDTH="971.0"
                    HEIGHT="75.0"></String>
          </TextLine>

          
          
          <TextLine ID="eSc_line_e9b53a66"
                    
                    BASELINE="1458 2306 1754 2306 1788 2313 1965 2316 2078 2313 2156 2316 2193 2326 2234 2319 2354 2319 2455 2328" 
                    HPOS="1451.0"
                    VPOS="2272.0"
                    WIDTH="1001.0"
                    HEIGHT="92.0">
            <Shape><Polygon POINTS="1454 2302 1451 2340 2442 2364 2452 2326 2449 2282 1454 2272 1454 2302"/></Shape>
	    <String CONTENT="מפיה אנו חיים אלא הרי זו בחזקת בעולה"
                    HPOS="1451.0"
                    VPOS="2272.0"
                    WIDTH="1001.0"
                    HEIGHT="92.0"></String>
          </TextLine>

          
          
          <TextLine ID="eSc_line_a89c680b"
                    
                    BASELINE="1461 2371 1512 2371 1546 2377 2091 2374 2129 2381 2455 2393" 
                    HPOS="1454.0"
                    VPOS="2336.0"
                    WIDTH="998.0"
                    HEIGHT="99.0">
            <Shape><Polygon POINTS="1458 2367 1454 2408 1590 2425 1624 2425 1659 2425 1693 2425 1710 2425 1808 2418 1880 2415 2442 2435 2452 2391 2452 2343 1458 2336 1458 2367"/></Shape>
	    <String CONTENT="לנתין ולממזר עד שתביא ראיה לדבריה :"
                    HPOS="1454.0"
                    VPOS="2336.0"
                    WIDTH="998.0"
                    HEIGHT="99.0"></String>
          </TextLine>

          
          
          <TextLine ID="eSc_line_1103396a"
                    
                    BASELINE="1471 2428 1825 2439 1866 2449 1900 2442 2350 2445" 
                    HPOS="1464.0"
                    VPOS="2388.0"
                    WIDTH="883.0"
                    HEIGHT="88.0">
            <Shape><Polygon POINTS="1468 2425 1464 2463 2336 2476 2347 2442 2343 2415 1710 2388 1706 2388 1468 2398 1468 2425"/></Shape>
	    <String CONTENT="¶ ט&#39; היתה מעוברת מה טיב(ו) העובר [ה&#39;]"
                    HPOS="1464.0"
                    VPOS="2388.0"
                    WIDTH="883.0"
                    HEIGHT="88.0"></String>
          </TextLine>

          
          
          <TextLine ID="eSc_line_2a2d0c0f"
                    
                    BASELINE="1430 2503 1485 2497 1999 2497 2037 2503 2455 2514" 
                    HPOS="1423.0"
                    VPOS="2445.0"
                    WIDTH="1029.0"
                    HEIGHT="99.0">
            <Shape><Polygon POINTS="1427 2500 1423 2534 2442 2544 2452 2510 2452 2469 2030 2449 2026 2449 1768 2463 1751 2463 1747 2463 1676 2445 1672 2445 1669 2445 1427 2459 1427 2500"/></Shape>
	    <String CONTENT="הזה מאיש פלוני וכהן הוא רבן גמליﭏ ור&#39; ﭏיע&#39;"
                    HPOS="1423.0"
                    VPOS="2445.0"
                    WIDTH="1029.0"
                    HEIGHT="99.0"></String>
          </TextLine>

          
          
          <TextLine ID="eSc_line_4a0ed51c"
                    
                    BASELINE="1464 2558 1512 2568 2009 2565 2044 2572 2173 2575 2455 2580" 
                    HPOS="1458.0"
                    VPOS="2531.0"
                    WIDTH="994.0"
                    HEIGHT="88.0">
            <Shape><Polygon POINTS="1461 2555 1458 2599 1642 2619 1645 2619 2445 2612 2452 2578 2449 2534 1461 2531 1461 2555"/></Shape>
	    <String CONTENT="אומ&#39; נאמנת ור&#39; יהוש&#39; או&#39; לא מפיה אנו חיים"
                    HPOS="1458.0"
                    VPOS="2531.0"
                    WIDTH="994.0"
                    HEIGHT="88.0"></String>
          </TextLine>

          
          
          <TextLine ID="eSc_line_a15efc5c"
                    
                    BASELINE="1458 2619 1556 2629 1686 2629 1720 2636 1897 2633 2101 2643 2455 2648" 
                    HPOS="1451.0"
                    VPOS="2589.0"
                    WIDTH="1001.0"
                    HEIGHT="109.0">
            <Shape><Polygon POINTS="1454 2616 1451 2660 2299 2698 2302 2698 2445 2681 2452 2646 2449 2612 1454 2589 1454 2616"/></Shape>
	    <String CONTENT="אלא הרי זו בחזקת מעוברת מנתין ומממזר"
                    HPOS="1451.0"
                    VPOS="2589.0"
                    WIDTH="1001.0"
                    HEIGHT="109.0"></String>
          </TextLine>

          
          
          <TextLine ID="eSc_line_fcd9e9f7"
                    
                    BASELINE="1434 2684 1611 2698 1900 2704 2095 2701 2135 2708 2455 2716" 
                    HPOS="1427.0"
                    VPOS="2643.0"
                    WIDTH="1025.0"
                    HEIGHT="109.0">
            <Shape><Polygon POINTS="1430 2681 1427 2718 2442 2752 2452 2715 2452 2691 2330 2664 2326 2664 1764 2667 1607 2643 1604 2643 1430 2657 1430 2681"/></Shape>
	    <String CONTENT="עד שתביא ראיה לדבריה ˙ ¶ י&#39; אמ&#39; ר&#39; יוסי"
                    HPOS="1427.0"
                    VPOS="2643.0"
                    WIDTH="1025.0"
                    HEIGHT="109.0"></String>
          </TextLine>

          
          
          <TextLine ID="eSc_line_3ccc6c20"
                    
                    BASELINE="1458 2749 1577 2759 2013 2759 2054 2752 2091 2762 2204 2762 2418 2778 2455 2772" 
                    HPOS="1451.0"
                    VPOS="2704.0"
                    WIDTH="1001.0"
                    HEIGHT="109.0">
            <Shape><Polygon POINTS="2439 2742 2425 2732 2190 2715 2187 2715 2088 2728 2071 2728 2067 2728 2033 2711 2030 2711 2026 2711 1952 2725 1945 2725 1938 2725 1877 2708 1873 2708 1870 2708 1720 2721 1703 2721 1699 2721 1682 2704 1679 2704 1676 2704 1672 2704 1454 2715 1454 2745 1451 2786 1509 2807 1512 2807 1515 2807 1825 2796 1873 2813 1877 2813 1880 2813 2449 2803 2452 2769 2452 2735 2442 2732 2439 2742"/></Shape>
	    <String CONTENT="מעשה בתינוקת שירדה למלאות מים מן"
                    HPOS="1451.0"
                    VPOS="2704.0"
                    WIDTH="1001.0"
                    HEIGHT="109.0"></String>
          </TextLine>

          
          
          <TextLine ID="eSc_line_91c7cf31"
                    
                    BASELINE="1454 2803 1502 2817 1679 2820 1716 2827 1904 2824 1945 2830 2142 2834 2180 2844 2214 2837 2452 2846" 
                    HPOS="1447.0"
                    VPOS="2779.0"
                    WIDTH="1002.0"
                    HEIGHT="92.0">
            <Shape><Polygon POINTS="1451 2800 1447 2847 2439 2871 2449 2844 2449 2803 1451 2779 1451 2800"/></Shape>
	    <String CONTENT="העין ונאנסה אמ&#39; ר&#39; יוחנן בן נורי אם רוב העיר"
                    HPOS="1447.0"
                    VPOS="2779.0"
                    WIDTH="1002.0"
                    HEIGHT="92.0"></String>
          </TextLine>

          
          
          <TextLine ID="eSc_line_751e32b4"
                    
                    BASELINE="1461 2875 1556 2875 1601 2882 1815 2878 1849 2885 2176 2888 2251 2895 2455 2893" 
                    HPOS="1454.0"
                    VPOS="2841.0"
                    WIDTH="998.0"
                    HEIGHT="115.0">
            <Shape><Polygon POINTS="1458 2871 1454 2916 1556 2946 1560 2946 1563 2946 1802 2929 1945 2919 1992 2936 2003 2939 2006 2939 2009 2939 2033 2936 2112 2926 2197 2943 2268 2956 2272 2956 2449 2950 2452 2892 2452 2861 2129 2841 2125 2841 1458 2847 1458 2871"/></Shape>
	    <String CONTENT="משיאים לכהונה הרי זו תינשא לכהונה :"
                    HPOS="1454.0"
                    VPOS="2841.0"
                    WIDTH="998.0"
                    HEIGHT="115.0"></String>
          </TextLine>

          
          
          <TextLine ID="eSc_line_7b57808a"
                    
                    BASELINE="1703 2953 1764 2946 2163 2952" 
                    HPOS="1696.0"
                    VPOS="2916.0"
                    WIDTH="463.0"
                    HEIGHT="71.0">
            <Shape><Polygon POINTS="1699 2950 1696 2980 2149 2987 2159 2950 2153 2916 1699 2916 1699 2950"/></Shape>
	    <String CONTENT="הל&#39; י&#39; ¶ פרק ב&#39;"
                    HPOS="1696.0"
                    VPOS="2916.0"
                    WIDTH="463.0"
                    HEIGHT="71.0"></String>
          </TextLine>

          
          
          <TextLine ID="eSc_line_2fe4d6b8"
                    
                    BASELINE="1475 2997 1730 3004 1768 2997 1815 3008 2074 3011 2122 3018 2360 3014 2445 3025" 
                    HPOS="1468.0"
                    VPOS="2950.0"
                    WIDTH="974.0"
                    HEIGHT="116.0">
            <Shape><Polygon POINTS="1471 2994 1468 3035 2432 3066 2442 3021 2442 2980 2016 2956 2013 2956 1665 2967 1652 2967 1648 2967 1587 2950 1584 2950 1580 2950 1471 2963 1471 2994"/></Shape>
	    <String CONTENT="¶ האשה שנתאלמנה או שנתגרשה ˙˙˙ היא"
                    HPOS="1468.0"
                    VPOS="2950.0"
                    WIDTH="974.0"
                    HEIGHT="116.0"></String>
          </TextLine>

          
          
          <TextLine ID="eSc_line_436efcfe"
                    
                    BASELINE="1444 3059 1778 3072 2446 3090" 
                    HPOS="1437.0"
                    VPOS="3008.0"
                    WIDTH="1008.0"
                    HEIGHT="143.0">
            <Shape><Polygon POINTS="1441 3055 1437 3120 1689 3113 1727 3130 1744 3130 1751 3130 1788 3117 1843 3134 1846 3134 1880 3134 1880 3134 1911 3120 1934 3137 1948 3137 1982 3137 1992 3137 2105 3127 2118 3144 2122 3144 2153 3144 2187 3144 2187 3144 2282 3134 2408 3151 2425 3151 2435 3151 2445 3089 2445 3052 2129 3025 2125 3025 1754 3028 1723 3028 1713 3028 1604 3008 1601 3008 1441 3018 1441 3055"/></Shape>
	    <String CONTENT="אומרת בתולה נישאתי והוא אומר לא כי"
                    HPOS="1437.0"
                    VPOS="3008.0"
                    WIDTH="1008.0"
                    HEIGHT="143.0"></String>
          </TextLine>

          
        </TextBlock>
        
        <TextBlock HPOS="316.0"
                   VPOS="702.0"
                   WIDTH="969.0"
                   HEIGHT="2423.0"
                   ID="eSc_textblock_a3159f56"
                   TAGREFS="BT2">
          <Shape><Polygon POINTS="316 740 1285 702 1285 3125 316 3073"/></Shape>
          
          
          <TextLine ID="eSc_line_ae80b0e5"
                    
                    BASELINE="313 773 844 766 878 769 1288 768" 
                    HPOS="310.0"
                    VPOS="705.0"
                    WIDTH="977.0"
                    HEIGHT="109.0">
            <Shape><Polygon POINTS="1192 708 1175 708 1161 722 1073 711 1056 711 1022 711 991 711 977 725 947 715 919 718 885 718 851 718 817 718 800 725 790 722 783 722 749 725 722 725 722 729 705 729 674 725 647 729 613 729 579 729 545 732 511 732 476 735 442 735 408 735 374 739 340 739 310 769 310 810 1280 814 1287 766 1267 718 1212 705 1192 708"/></Shape>
	    <String CONTENT="אלא אלמנה נשאתיך אם יש עדים שיצאת"
                    HPOS="310.0"
                    VPOS="705.0"
                    WIDTH="977.0"
                    HEIGHT="109.0"></String>
          </TextLine>

          
          
          <TextLine ID="eSc_line_e7acb964"
                    
                    BASELINE="313 838 613 844 701 841 735 831 769 838 1076 827 1110 821 1288 830" 
                    HPOS="306.0"
                    VPOS="780.0"
                    WIDTH="981.0"
                    HEIGHT="102.0">
            <Shape><Polygon POINTS="310 834 306 868 865 882 868 882 885 878 902 878 1280 861 1287 827 1260 780 1260 780 1257 780 800 780 797 780 793 780 790 780 756 803 323 803 310 834"/></Shape>
	    <String CONTENT="בהינומה וראשה פרוע כתובתה מאתים ר&#39;"
                    HPOS="306.0"
                    VPOS="780.0"
                    WIDTH="981.0"
                    HEIGHT="102.0"></String>
          </TextLine>

          
          
          <TextLine ID="eSc_line_1027a2eb"
                    
                    BASELINE="286 895 371 906 664 906 701 899 844 895 885 885 930 892 1120 892 1288 897" 
                    HPOS="279.0"
                    VPOS="844.0"
                    WIDTH="1008.0"
                    HEIGHT="103.0">
            <Shape><Polygon POINTS="282 892 279 926 763 947 766 947 1280 930 1287 895 1274 858 899 844 895 844 735 861 725 861 722 861 664 844 660 844 657 844 654 844 650 844 650 848 633 861 633 865 282 865 282 892"/></Shape>
	    <String CONTENT="יוחנן בן ברוקה אומ&#39; אף חילוק קליות ראיה :"
                    HPOS="279.0"
                    VPOS="844.0"
                    WIDTH="1008.0"
                    HEIGHT="103.0"></String>
          </TextLine>

          
          
          <TextLine ID="eSc_line_3c3cb6ec"
                    
                    BASELINE="299 953 868 960 902 953 1288 957" 
                    HPOS="292.0"
                    VPOS="909.0"
                    WIDTH="995.0"
                    HEIGHT="95.0">
            <Shape><Polygon POINTS="296 950 292 984 630 1004 633 1004 1284 984 1287 953 1284 930 950 909 947 909 296 919 296 950"/></Shape>
	    <String CONTENT="¶ ב&#39; מודה ר&#39; יהושע באומר לחבירו שדה"
                    HPOS="292.0"
                    VPOS="909.0"
                    WIDTH="995.0"
                    HEIGHT="95.0"></String>
          </TextLine>

          
          
          <TextLine ID="eSc_line_fa3f336e"
                    
                    BASELINE="299 1015 637 1022 776 1011 1011 1015 1083 1008 1288 1014" 
                    HPOS="292.0"
                    VPOS="960.0"
                    WIDTH="995.0"
                    HEIGHT="106.0">
            <Shape><Polygon POINTS="296 1011 292 1049 313 1062 316 1062 320 1062 541 1066 545 1066 1280 1052 1287 1011 1284 984 1270 970 1270 967 1267 967 1263 967 1260 967 892 981 783 960 780 960 776 960 711 981 708 981 296 977 296 1011"/></Shape>
	    <String CONTENT="זו שלאביך היית ולקחתיה ממנו נאמן שהפה"
                    HPOS="292.0"
                    VPOS="960.0"
                    WIDTH="995.0"
                    HEIGHT="106.0"></String>
          </TextLine>

          
          
          <TextLine ID="eSc_line_34125bb1"
                    
                    BASELINE="310 1076 892 1083 936 1076 1288 1082" 
                    HPOS="303.0"
                    VPOS="1028.0"
                    WIDTH="984.0"
                    HEIGHT="85.0">
            <Shape><Polygon POINTS="306 1073 303 1113 1280 1113 1287 1079 1267 1032 1267 1032 1263 1032 1260 1032 1025 1028 1022 1028 306 1039 306 1073"/></Shape>
	    <String CONTENT="שאסר הוא הפה שהתיר אם יש עדים שהיא"
                    HPOS="303.0"
                    VPOS="1028.0"
                    WIDTH="984.0"
                    HEIGHT="85.0"></String>
          </TextLine>

          
          
          <TextLine ID="eSc_line_faf39f76"
                    
                    BASELINE="327 1144 493 1151 562 1144 899 1141 933 1134 1288 1146" 
                    HPOS="320.0"
                    VPOS="1086.0"
                    WIDTH="967.0"
                    HEIGHT="109.0">
            <Shape><Polygon POINTS="323 1141 320 1171 606 1192 609 1192 807 1178 827 1178 834 1178 889 1195 892 1195 895 1195 1018 1182 1022 1182 1045 1192 1069 1192 1103 1188 1127 1192 1280 1182 1287 1144 1277 1107 1263 1093 1260 1093 1257 1093 1253 1093 827 1103 810 1090 810 1086 807 1086 803 1086 800 1086 664 1107 657 1107 323 1103 323 1141"/></Shape>
	    <String CONTENT="שלאביו והוא אומר לקחתיה ממנו אינו [נא&#39;]"
                    HPOS="320.0"
                    VPOS="1086.0"
                    WIDTH="967.0"
                    HEIGHT="109.0"></String>
          </TextLine>

          
          
          <TextLine ID="eSc_line_bb5790ab"
                    
                    BASELINE="306 1205 902 1205 1059 1202 1100 1195 1141 1202 1288 1211" 
                    HPOS="299.0"
                    VPOS="1175.0"
                    WIDTH="988.0"
                    HEIGHT="65.0">
            <Shape><Polygon POINTS="303 1202 299 1236 555 1236 572 1226 606 1229 640 1233 647 1236 1277 1240 1287 1209 1267 1175 303 1175 303 1202"/></Shape>
	    <String CONTENT="נאמן ˙ ¶ ג&#39; העדים שאמרו כתב ידינו"
                    HPOS="299.0"
                    VPOS="1175.0"
                    WIDTH="988.0"
                    HEIGHT="65.0"></String>
          </TextLine>

          
          
          <TextLine ID="eSc_line_f3c8d0f1"
                    TAGREFS="LT3"
                    BASELINE="558 1232 656 1242" 
                    HPOS="551.0"
                    VPOS="1205.0"
                    WIDTH="103.0"
                    HEIGHT="48.0">
            <Shape><Polygon POINTS="555 1229 551 1253 585 1253 620 1253 650 1253 654 1240 654 1216 555 1205 555 1229"/></Shape>
	    <String CONTENT="היינו"
                    HPOS="551.0"
                    VPOS="1205.0"
                    WIDTH="103.0"
                    HEIGHT="48.0"></String>
          </TextLine>

          
          
          <TextLine ID="eSc_line_4102b346"
                    
                    BASELINE="299 1250 395 1260 1277 1269 1288 1268" 
                    HPOS="292.0"
                    VPOS="1209.0"
                    WIDTH="995.0"
                    HEIGHT="92.0">
            <Shape><Polygon POINTS="633 1240 599 1236 565 1233 548 1219 296 1222 296 1246 292 1287 1280 1301 1287 1267 1287 1233 1263 1212 1260 1212 1257 1212 1253 1212 1158 1226 957 1209 953 1209 657 1216 633 1240"/></Shape>
	    <String CONTENT="זה אבל אנוסים היינו וקטנים ↑ פסולי עידות"
                    HPOS="292.0"
                    VPOS="1209.0"
                    WIDTH="995.0"
                    HEIGHT="92.0"></String>
          </TextLine>

          
          
          <TextLine ID="eSc_line_6d6f4713"
                    
                    BASELINE="286 1318 705 1311 1263 1320 1288 1321" 
                    HPOS="279.0"
                    VPOS="1284.0"
                    WIDTH="1008.0"
                    HEIGHT="75.0">
            <Shape><Polygon POINTS="316 1311 313 1284 282 1284 282 1314 279 1345 1280 1359 1287 1318 1274 1284 330 1284 316 1311"/></Shape>
	    <String CONTENT="היינו הרי אילו נאמנים אם יש עדים שהוא"
                    HPOS="279.0"
                    VPOS="1284.0"
                    WIDTH="1008.0"
                    HEIGHT="75.0"></String>
          </TextLine>

          
          
          <TextLine ID="eSc_line_eb74d0c2"
                    
                    BASELINE="340 1376 643 1372 677 1366 1288 1375" 
                    HPOS="333.0"
                    VPOS="1335.0"
                    WIDTH="954.0"
                    HEIGHT="78.0">
            <Shape><Polygon POINTS="337 1372 333 1413 1280 1413 1287 1372 1267 1338 337 1335 337 1372"/></Shape>
	    <String CONTENT="כתב ידן או שהיה כתב ידן יוצא ממקום [א&#39;]"
                    HPOS="333.0"
                    VPOS="1335.0"
                    WIDTH="954.0"
                    HEIGHT="78.0"></String>
          </TextLine>

          
          
          <TextLine ID="eSc_line_79405a5a"
                    
                    BASELINE="313 1427 412 1437 1288 1440" 
                    HPOS="306.0"
                    VPOS="1400.0"
                    WIDTH="981.0"
                    HEIGHT="68.0">
            <Shape><Polygon POINTS="310 1423 306 1464 1277 1468 1287 1437 1270 1400 323 1400 310 1423"/></Shape>
	    <String CONTENT="אחר אינן נאמנין ˙ ¶ ד&#39; זה אומ&#39; זה כתב"
                    HPOS="306.0"
                    VPOS="1400.0"
                    WIDTH="981.0"
                    HEIGHT="68.0"></String>
          </TextLine>

          
          
          <TextLine ID="eSc_line_182712e8"
                    
                    BASELINE="313 1492 827 1488 1039 1498 1288 1503" 
                    HPOS="306.0"
                    VPOS="1461.0"
                    WIDTH="981.0"
                    HEIGHT="68.0">
            <Shape><Polygon POINTS="310 1488 306 1526 1277 1529 1287 1502 1270 1461 323 1461 310 1488"/></Shape>
	    <String CONTENT="ידי וזה כתב ידו שלחבירי וזה אומ&#39; זה כתב"
                    HPOS="306.0"
                    VPOS="1461.0"
                    WIDTH="981.0"
                    HEIGHT="68.0"></String>
          </TextLine>

          
          
          <TextLine ID="eSc_line_94eebe05"
                    
                    BASELINE="327 1546 759 1553 793 1560 1124 1560 1168 1553 1272 1557 1282 1558" 
                    HPOS="320.0"
                    VPOS="1512.0"
                    WIDTH="960.0"
                    HEIGHT="85.0">
            <Shape><Polygon POINTS="323 1543 320 1584 1274 1597 1280 1556 1274 1512 323 1512 323 1543"/></Shape>
	    <String CONTENT="ידי וזה כתב ידו שלחבירי הרי אילו נאמנין"
                    HPOS="320.0"
                    VPOS="1512.0"
                    WIDTH="960.0"
                    HEIGHT="85.0"></String>
          </TextLine>

          
          
          <TextLine ID="eSc_line_e9641a75"
                    
                    BASELINE="344 1607 398 1607 436 1618 480 1611 1134 1614 1222 1607 1274 1618" 
                    HPOS="337.0"
                    VPOS="1577.0"
                    WIDTH="933.0"
                    HEIGHT="82.0">
            <Shape><Polygon POINTS="340 1604 337 1642 1257 1659 1270 1614 1267 1580 340 1577 340 1604"/></Shape>
	    <String CONTENT="זה אומ&#39; זה כתב ידי וזה אומ&#39; זה כתב ידי [צ&#39;]"
                    HPOS="337.0"
                    VPOS="1577.0"
                    WIDTH="933.0"
                    HEIGHT="82.0"></String>
          </TextLine>

          
          
          <TextLine ID="eSc_line_2ac3abab"
                    
                    BASELINE="330 1669 705 1669 827 1662 861 1672 967 1676 1287 1676" 
                    HPOS="323.0"
                    VPOS="1635.0"
                    WIDTH="961.0"
                    HEIGHT="71.0">
            <Shape><Polygon POINTS="327 1665 327 1703 1277 1706 1284 1672 1280 1635 323 1635 327 1665"/></Shape>
	    <String CONTENT="צריכין שיצטרף עמהם אחר דב&#39; ר&#39; וחכמ&#39; או&#39;"
                    HPOS="323.0"
                    VPOS="1635.0"
                    WIDTH="961.0"
                    HEIGHT="71.0"></String>
          </TextLine>

          
          
          <TextLine ID="eSc_line_4a53cb39"
                    
                    BASELINE="313 1723 367 1737 408 1730 463 1740 579 1730 671 1730 708 1737 1233 1737 1287 1727" 
                    HPOS="310.0"
                    VPOS="1696.0"
                    WIDTH="974.0"
                    HEIGHT="68.0">
            <Shape><Polygon POINTS="310 1720 310 1764 1284 1764 1284 1723 1277 1696 320 1696 310 1720"/></Shape>
	    <String CONTENT="אינן צריכין שיצטרף עמהם אחר אלא"
                    HPOS="310.0"
                    VPOS="1696.0"
                    WIDTH="974.0"
                    HEIGHT="68.0"></String>
          </TextLine>

          
          
          <TextLine ID="eSc_line_1f663b32"
                    
                    BASELINE="456 1788 729 1788 766 1795 960 1798 1291 1803" 
                    HPOS="449.0"
                    VPOS="1737.0"
                    WIDTH="838.0"
                    HEIGHT="99.0">
            <Shape><Polygon POINTS="453 1785 449 1822 1277 1836 1287 1802 1277 1764 1039 1744 1035 1744 810 1757 769 1740 766 1740 763 1740 582 1757 572 1757 528 1737 524 1737 521 1737 517 1737 453 1754 453 1785"/></Shape>
	    <String CONTENT="נאמן אדם לומר זה כתב ידי ˙ ¶ ה&#39;"
                    HPOS="449.0"
                    VPOS="1737.0"
                    WIDTH="838.0"
                    HEIGHT="99.0"></String>
          </TextLine>

          
          
          <TextLine ID="eSc_line_0316eeb2"
                    
                    BASELINE="303 1846 633 1853 708 1860 1291 1859" 
                    HPOS="296.0"
                    VPOS="1819.0"
                    WIDTH="991.0"
                    HEIGHT="71.0">
            <Shape><Polygon POINTS="299 1843 296 1887 1280 1890 1287 1856 1287 1822 299 1819 299 1843"/></Shape>
	    <String CONTENT="האשה שאמרה אשת איש הייתי וגרושה"
                    HPOS="296.0"
                    VPOS="1819.0"
                    WIDTH="991.0"
                    HEIGHT="71.0"></String>
          </TextLine>

          
          
          <TextLine ID="eSc_line_374581b1"
                    
                    BASELINE="330 1904 456 1914 831 1911 1107 1928 1291 1927" 
                    HPOS="323.0"
                    VPOS="1870.0"
                    WIDTH="964.0"
                    HEIGHT="88.0">
            <Shape><Polygon POINTS="327 1900 323 1941 1280 1958 1287 1924 1280 1880 327 1870 327 1900"/></Shape>
	    <String CONTENT="אני נאמנת שהפה שאסר הוא הפה שהתיר"
                    HPOS="323.0"
                    VPOS="1870.0"
                    WIDTH="964.0"
                    HEIGHT="88.0"></String>
          </TextLine>

          
          
          <TextLine ID="eSc_line_7d31b0f7"
                    
                    BASELINE="286 1972 371 1982 1286 1984 1291 1985" 
                    HPOS="279.0"
                    VPOS="1941.0"
                    WIDTH="1008.0"
                    HEIGHT="85.0">
            <Shape><Polygon POINTS="282 1969 279 2013 1280 2026 1287 1982 1270 1941 282 1941 282 1969"/></Shape>
	    <String CONTENT="אם יש עדים שהיא אשת איש והיא אומרת"
                    HPOS="279.0"
                    VPOS="1941.0"
                    WIDTH="1008.0"
                    HEIGHT="85.0"></String>
          </TextLine>

          
          
          <TextLine ID="eSc_line_1c413230"
                    
                    BASELINE="313 2030 725 2040 817 2044 855 2050 1291 2055" 
                    HPOS="306.0"
                    VPOS="1996.0"
                    WIDTH="981.0"
                    HEIGHT="99.0">
            <Shape><Polygon POINTS="310 2026 306 2067 344 2084 347 2084 350 2084 643 2074 807 2095 810 2095 1280 2084 1287 2054 1274 2016 967 1996 964 1996 327 1996 310 2026"/></Shape>
	    <String CONTENT="גרושה אני אינה נאמנת ˙ ו&#39; האשה"
                    HPOS="306.0"
                    VPOS="1996.0"
                    WIDTH="981.0"
                    HEIGHT="99.0"></String>
          </TextLine>

          
          
          <TextLine ID="eSc_line_78049088"
                    
                    BASELINE="323 2105 609 2101 647 2108 1291 2117" 
                    HPOS="316.0"
                    VPOS="2067.0"
                    WIDTH="971.0"
                    HEIGHT="82.0">
            <Shape><Polygon POINTS="320 2101 316 2139 1277 2149 1287 2115 1274 2074 320 2067 320 2101"/></Shape>
	    <String CONTENT="שאמרה נישביתי וטהורה אני ˙˙˙ נאמנת"
                    HPOS="316.0"
                    VPOS="2067.0"
                    WIDTH="971.0"
                    HEIGHT="82.0"></String>
          </TextLine>

          
          
          <TextLine ID="eSc_line_3ae9d7a1"
                    
                    BASELINE="330 2159 739 2166 793 2173 1291 2175" 
                    HPOS="323.0"
                    VPOS="2129.0"
                    WIDTH="964.0"
                    HEIGHT="75.0">
            <Shape><Polygon POINTS="327 2156 323 2193 1277 2204 1287 2173 1280 2129 327 2129 327 2156"/></Shape>
	    <String CONTENT="שהפה שאסר הוא הפה שהתיר אם ˙˙ יש"
                    HPOS="323.0"
                    VPOS="2129.0"
                    WIDTH="964.0"
                    HEIGHT="75.0"></String>
          </TextLine>

          
          
          <TextLine ID="eSc_line_45f6e575"
                    
                    BASELINE="344 2224 930 2224 998 2231 1291 2238" 
                    HPOS="337.0"
                    VPOS="2190.0"
                    WIDTH="950.0"
                    HEIGHT="78.0">
            <Shape><Polygon POINTS="340 2221 337 2268 439 2268 473 2268 1280 2268 1287 2234 1263 2190 340 2190 340 2221"/></Shape>
	    <String CONTENT="עדים שנישבת והיא אומרת טהורה אני"
                    HPOS="337.0"
                    VPOS="2190.0"
                    WIDTH="950.0"
                    HEIGHT="78.0"></String>
          </TextLine>

          
          
          <TextLine ID="eSc_line_6328b395"
                    
                    BASELINE="299 2272 401 2282 473 2275 507 2285 1291 2300" 
                    HPOS="292.0"
                    VPOS="2244.0"
                    WIDTH="995.0"
                    HEIGHT="86.0">
            <Shape><Polygon POINTS="296 2268 292 2316 1277 2330 1287 2299 1287 2268 296 2244 296 2268"/></Shape>
	    <String CONTENT="אינה נאמנת אם משנישאת באו עידים"
                    HPOS="292.0"
                    VPOS="2244.0"
                    WIDTH="995.0"
                    HEIGHT="86.0"></String>
          </TextLine>

          
          
          <TextLine ID="eSc_line_a6e32ed7"
                    
                    BASELINE="316 2343 490 2343 524 2350 752 2347 1291 2367" 
                    HPOS="310.0"
                    VPOS="2289.0"
                    WIDTH="977.0"
                    HEIGHT="119.0">
            <Shape><Polygon POINTS="313 2340 310 2381 1277 2408 1287 2364 1277 2330 923 2302 919 2302 916 2302 865 2319 861 2319 848 2319 650 2299 647 2299 466 2309 439 2309 432 2309 381 2289 378 2289 374 2289 371 2289 313 2302 313 2340"/></Shape>
	    <String CONTENT="הרי זו לא תצא ˙ ¶ ז&#39; שתי נשים [שנש&#39;]"
                    HPOS="310.0"
                    VPOS="2289.0"
                    WIDTH="977.0"
                    HEIGHT="119.0"></String>
          </TextLine>

          
          
          <TextLine ID="eSc_line_f2d50e1a"
                    
                    BASELINE="330 2411 521 2411 688 2418 1291 2417" 
                    HPOS="323.0"
                    VPOS="2364.0"
                    WIDTH="964.0"
                    HEIGHT="88.0">
            <Shape><Polygon POINTS="327 2408 323 2452 1284 2449 1287 2415 1277 2377 374 2364 371 2364 367 2364 327 2377 327 2408"/></Shape>
	    <String CONTENT="שנשבו זאת אומרת טהורה אני וזאת [א&#39;]"
                    HPOS="323.0"
                    VPOS="2364.0"
                    WIDTH="964.0"
                    HEIGHT="88.0"></String>
          </TextLine>

          
          
          <TextLine ID="eSc_line_c4ba1db2"
                    
                    BASELINE="330 2473 647 2469 732 2476 1117 2480 1280 2486" 
                    HPOS="323.0"
                    VPOS="2439.0"
                    WIDTH="954.0"
                    HEIGHT="81.0">
            <Shape><Polygon POINTS="327 2469 323 2510 1267 2520 1277 2483 1274 2442 327 2439 327 2469"/></Shape>
	    <String CONTENT="אומרת טהורה אני אינן נאמנות בזמן [ש&#39;]"
                    HPOS="323.0"
                    VPOS="2439.0"
                    WIDTH="954.0"
                    HEIGHT="81.0"></String>
          </TextLine>

          
          
          <TextLine ID="eSc_line_0264f84f"
                    
                    BASELINE="327 2527 384 2527 419 2520 463 2531 756 2534 793 2541 1035 2537 1141 2544 1280 2544" 
                    HPOS="320.0"
                    VPOS="2497.0"
                    WIDTH="957.0"
                    HEIGHT="92.0">
            <Shape><Polygon POINTS="323 2524 320 2568 1270 2589 1277 2541 1274 2503 323 2497 323 2524"/></Shape>
	    <String CONTENT="שהן מעידות זו את זו הרי אלו נאמנות :"
                    HPOS="320.0"
                    VPOS="2497.0"
                    WIDTH="957.0"
                    HEIGHT="92.0"></String>
          </TextLine>

          
          
          <TextLine ID="eSc_line_e60ffdf6"
                    
                    BASELINE="303 2595 616 2602 763 2609 953 2606 987 2612 1151 2623 1205 2616" 
                    HPOS="296.0"
                    VPOS="2561.0"
                    WIDTH="906.0"
                    HEIGHT="85.0">
            <Shape><Polygon POINTS="299 2592 296 2629 1195 2646 1202 2612 1199 2585 1022 2561 1018 2561 299 2561 299 2592"/></Shape>
	    <String CONTENT="¶ ח&#39; וכן שני אנשים זה אומ&#39; כהן אני"
                    HPOS="296.0"
                    VPOS="2561.0"
                    WIDTH="906.0"
                    HEIGHT="85.0"></String>
          </TextLine>

          
          
          <TextLine ID="eSc_line_0cd0fc6f"
                    
                    BASELINE="310 2653 357 2664 548 2660 585 2667 739 2670 776 2681 814 2674 1073 2674 1113 2681 1287 2681" 
                    HPOS="303.0"
                    VPOS="2619.0"
                    WIDTH="981.0"
                    HEIGHT="99.0">
            <Shape><Polygon POINTS="306 2650 303 2701 1277 2718 1284 2677 1280 2640 742 2619 739 2619 306 2633 306 2650"/></Shape>
	    <String CONTENT="וזה אומר כהן אני אינן נאמנין בזמן [ש&#39;]"
                    HPOS="303.0"
                    VPOS="2619.0"
                    WIDTH="981.0"
                    HEIGHT="99.0"></String>
          </TextLine>

          
          
          <TextLine ID="eSc_line_26fae3da"
                    
                    BASELINE="313 2708 364 2718 401 2715 446 2721 752 2732 827 2728 861 2735 984 2738 1158 2738 1195 2745 1287 2749" 
                    HPOS="306.0"
                    VPOS="2681.0"
                    WIDTH="978.0"
                    HEIGHT="112.0">
            <Shape><Polygon POINTS="310 2704 306 2749 1274 2793 1284 2745 1284 2698 327 2681 310 2704"/></Shape>
	    <String CONTENT="שהן מעידין זה את זה הרי אילו נאמנים ˙"
                    HPOS="306.0"
                    VPOS="2681.0"
                    WIDTH="978.0"
                    HEIGHT="112.0"></String>
          </TextLine>

          
          
          <TextLine ID="eSc_line_2fca63ba"
                    
                    BASELINE="340 2773 514 2786 664 2783 780 2793 895 2793 930 2800 1165 2800" 
                    HPOS="333.0"
                    VPOS="2735.0"
                    WIDTH="828.0"
                    HEIGHT="95.0">
            <Shape><Polygon POINTS="337 2769 333 2813 1154 2830 1161 2796 1161 2766 677 2738 674 2738 671 2738 643 2752 599 2735 596 2735 592 2735 337 2745 337 2769"/></Shape>
	    <String CONTENT="¶ ט&#39; ר&#39; יהודה או&#39; אין מעלין לכהונה"
                    HPOS="333.0"
                    VPOS="2735.0"
                    WIDTH="828.0"
                    HEIGHT="95.0"></String>
          </TextLine>

          
          
          <TextLine ID="eSc_line_1e2c52ba"
                    
                    BASELINE="340 2841 463 2841 568 2834 606 2844 807 2847 844 2854 1004 2851 1083 2858 1287 2861" 
                    HPOS="333.0"
                    VPOS="2810.0"
                    WIDTH="951.0"
                    HEIGHT="89.0">
            <Shape><Polygon POINTS="337 2837 333 2875 1274 2899 1284 2858 1280 2813 337 2810 337 2837"/></Shape>
	    <String CONTENT="על פי עד אחד אמ&#39; ר&#39; לעזר אמתי במקום"
                    HPOS="333.0"
                    VPOS="2810.0"
                    WIDTH="951.0"
                    HEIGHT="89.0"></String>
          </TextLine>

          
          
          <TextLine ID="eSc_line_d7873ad2"
                    
                    BASELINE="299 2885 439 2895 487 2888 524 2899 1284 2922" 
                    HPOS="292.0"
                    VPOS="2858.0"
                    WIDTH="988.0"
                    HEIGHT="109.0">
            <Shape><Polygon POINTS="296 2882 292 2922 1270 2967 1280 2919 1260 2885 296 2858 296 2882"/></Shape>
	    <String CONTENT="שיש עוררין אבל במקום שאין עוררים"
                    HPOS="292.0"
                    VPOS="2858.0"
                    WIDTH="988.0"
                    HEIGHT="109.0"></String>
          </TextLine>

          
          
          <TextLine ID="eSc_line_9e6ffe72"
                    
                    BASELINE="306 2953 357 2963 514 2960 548 2967 746 2970 780 2977 1001 2977 1045 2970 1086 2980 1293 2991" 
                    HPOS="299.0"
                    VPOS="2926.0"
                    WIDTH="992.0"
                    HEIGHT="99.0">
            <Shape><Polygon POINTS="303 2950 299 2991 1280 3025 1291 2987 1291 2946 1148 2926 303 2926 303 2950"/></Shape>
	    <String CONTENT="מעלים לכהונה על פי עד אחד רבן שמעון"
                    HPOS="299.0"
                    VPOS="2926.0"
                    WIDTH="992.0"
                    HEIGHT="99.0"></String>
          </TextLine>

          
          
          <TextLine ID="eSc_line_e67d7582"
                    
                    BASELINE="327 3011 596 3031 667 3028 1151 3045 1288 3047" 
                    HPOS="320.0"
                    VPOS="2980.0"
                    WIDTH="967.0"
                    HEIGHT="120.0">
            <Shape><Polygon POINTS="323 3008 320 3052 374 3069 388 3072 422 3076 456 3076 490 3079 524 3083 545 3083 575 3086 589 3086 623 3086 657 3086 691 3086 725 3086 759 3089 759 3089 783 3076 790 3072 803 3076 865 3093 895 3093 919 3093 947 3083 953 3079 957 3083 970 3096 998 3096 1032 3096 1066 3100 1066 3100 1079 3089 1083 3086 1277 3096 1287 3045 1277 3001 323 2980 323 3008"/></Shape>
	    <String CONTENT="בן גמליﭏ או&#39; משם ר&#39; שמעון בן הסגן [א&#39;]"
                    HPOS="320.0"
                    VPOS="2980.0"
                    WIDTH="967.0"
                    HEIGHT="120.0"></String>
          </TextLine>

          
        </TextBlock>
        

        
      </PrintSpace>
    </Page>
  </Layout>
</alto>
