<?xml version="1.0" encoding="UTF-8"?>
<alto xmlns:xsi="http://www.w3.org/2001/XMLSchema-instance"
      xmlns="http://www.loc.gov/standards/alto/ns-v4#"
      xsi:schemaLocation="http://www.loc.gov/standards/alto/ns-v4# http://www.loc.gov/standards/alto/v4/alto-4-2.xsd">
  <Description>
    <MeasurementUnit>pixel</MeasurementUnit>
    <sourceImageInformation>
      <fileName>MsParm3173_F13911_0111.jpg</fileName>
      
    </sourceImageInformation>
  </Description>
  
  <Tags>
    <OtherTag ID="BT1" LABEL="Title" DESCRIPTION="block type Title"/><OtherTag ID="BT2" LABEL="Main" DESCRIPTION="block type Main"/><OtherTag ID="BT3" LABEL="Commentary" DESCRIPTION="block type Commentary"/><OtherTag ID="BT4" LABEL="Illustration" DESCRIPTION="block type Illustration"/><OtherTag ID="BT830" LABEL="Margin" DESCRIPTION="block type Margin"/><OtherTag ID="BT831" LABEL="Hole" DESCRIPTION="block type Hole"/><OtherTag ID="BT832" LABEL="Paratext" DESCRIPTION="block type Paratext"/>
    <OtherTag ID="LT2" LABEL="Numbering" DESCRIPTION="line type Numbering"/><OtherTag ID="LT3" LABEL="Correction" DESCRIPTION="line type Correction"/><OtherTag ID="LT501" LABEL="Gloss" DESCRIPTION="line type Gloss"/>
  </Tags>
  
  <Layout>
    <Page WIDTH="3066"
          HEIGHT="4088"
          PHYSICAL_IMG_NR="103"
          ID="eSc_dummypage_">
      <PrintSpace HPOS="0"
                  VPOS="0"
                  WIDTH="3066"
                  HEIGHT="4088">
        
        <TextBlock HPOS="1492.0"
                   VPOS="735.0"
                   WIDTH="1065.0"
                   HEIGHT="2430.0"
                   ID="eSc_textblock_8d8e6fb9"
                   TAGREFS="BT2">
          <Shape><Polygon POINTS="1867 735 2207 740 2204 867 2557 873 2509 3165 1496 3133 1543 1125 1506 1078 1492 999 1577 989 1561 868 1662 837 1834 852"/></Shape>
          
          
          <TextLine ID="eSc_line_a0b4e98a"
                    
                    BASELINE="1791 783 2180 790" 
                    HPOS="1785.0"
                    VPOS="735.0"
                    WIDTH="391.0"
                    HEIGHT="92.0">
            <Shape><Polygon POINTS="2061 739 2026 735 2016 735 1880 742 1856 780 1832 746 1788 749 1788 780 1785 817 2166 827 2176 786 2173 759 2091 739 2061 739"/></Shape>
	    <String CONTENT="חסלת חגיגה ˙"
                    HPOS="1785.0"
                    VPOS="735.0"
                    WIDTH="391.0"
                    HEIGHT="92.0"></String>
          </TextLine>

          
          
          <TextLine ID="eSc_line_16a09b57"
                    
                    BASELINE="1795 824 1853 841 2009 844 2044 855 2078 848 2176 851" 
                    HPOS="1788.0"
                    VPOS="797.0"
                    WIDTH="385.0"
                    HEIGHT="85.0">
            <Shape><Polygon POINTS="1791 821 1788 868 2163 882 2173 848 2173 821 1791 797 1791 821"/></Shape>
	    <String CONTENT="¶ מסכת מועד ˙"
                    HPOS="1788.0"
                    VPOS="797.0"
                    WIDTH="385.0"
                    HEIGHT="85.0"></String>
          </TextLine>

          
          
          <TextLine ID="eSc_line_14841f4c"
                    
                    BASELINE="1560 875 1696 882 1832 895 2009 899 2044 906 2156 902 2343 912 2558 916" 
                    HPOS="1553.0"
                    VPOS="848.0"
                    WIDTH="1002.0"
                    HEIGHT="102.0">
            <Shape><Polygon POINTS="1590 858 1556 865 1556 872 1553 916 1553 916 2544 950 2555 912 2555 882 1614 848 1590 858"/></Shape>
	    <String CONTENT="¶ ¶ משקים בית השלחין במועד ובשביעית"
                    HPOS="1553.0"
                    VPOS="848.0"
                    WIDTH="1002.0"
                    HEIGHT="102.0"></String>
          </TextLine>

          
          
          <TextLine ID="eSc_line_a907dde5"
                    
                    BASELINE="1560 923 1614 936 1723 940 1757 947 1795 943 1829 950 2101 960 2176 957 2221 964 2374 967 2411 977 2445 970 2490 970 2548 977" 
                    HPOS="1553.0"
                    VPOS="902.0"
                    WIDTH="991.0"
                    HEIGHT="109.0">
            <Shape><Polygon POINTS="1556 919 1553 967 2463 1011 2466 1011 2500 1011 2534 1011 2534 1011 2544 974 2544 936 1556 902 1556 919"/></Shape>
	    <String CONTENT="בין ממעיין שיצא כתחילה ובין ממעיין"
                    HPOS="1553.0"
                    VPOS="902.0"
                    WIDTH="991.0"
                    HEIGHT="109.0"></String>
          </TextLine>

          
          
          <TextLine ID="eSc_line_4dee174d"
                    
                    BASELINE="1573 981 1635 991 1856 1001 1931 998 1982 1004 2139 1008 2173 1015 2285 1011 2326 1018 2551 1018" 
                    HPOS="1567.0"
                    VPOS="964.0"
                    WIDTH="981.0"
                    HEIGHT="85.0">
            <Shape><Polygon POINTS="1570 977 1567 1022 2541 1049 2548 1015 2548 987 1570 964 1570 977"/></Shape>
	    <String CONTENT="שלא יצא כתחילה אבל אין משקין לא"
                    HPOS="1567.0"
                    VPOS="964.0"
                    WIDTH="981.0"
                    HEIGHT="85.0"></String>
          </TextLine>

          
          
          <TextLine ID="eSc_line_f9c49507"
                    
                    BASELINE="1478 1015 1533 1032 1638 1042 1849 1049 1887 1059 1969 1059 2078 1062 2224 1062 2296 1069 2405 1066 2548 1073" 
                    HPOS="1471.0"
                    VPOS="991.0"
                    WIDTH="1073.0"
                    HEIGHT="116.0">
            <Shape><Polygon POINTS="1539 994 1505 998 1505 991 1475 991 1475 1011 1471 1066 1533 1066 1536 1066 1553 1069 1607 1069 1638 1069 1672 1069 1706 1073 1727 1076 2524 1107 2534 1107 2544 1069 2544 1045 1539 991 1539 994"/></Shape>
	    <String CONTENT="ממי הגשמים ולא ממי הקילון ואין עו(שין)"
                    HPOS="1471.0"
                    VPOS="991.0"
                    WIDTH="1073.0"
                    HEIGHT="116.0"></String>
          </TextLine>

          
          
          <TextLine ID="eSc_line_e22b4617"
                    
                    BASELINE="1533 1073 1594 1083 1635 1076 1689 1076 1727 1086 1802 1090 1839 1100 1962 1101 2128 1111 2132 1111 2193 1110 2231 1107 2490 1124 2548 1113" 
                    HPOS="1529.0"
                    VPOS="1049.0"
                    WIDTH="1015.0"
                    HEIGHT="105.0">
            <Shape><Polygon POINTS="1533 1069 1529 1113 2541 1154 2544 1110 2544 1090 1533 1049 1533 1069"/></Shape>
	    <String CONTENT="עוגיות לגפנים ˙ ¶ ב&#39; ר&#39; לעזר בן עזריה"
                    HPOS="1529.0"
                    VPOS="1049.0"
                    WIDTH="1015.0"
                    HEIGHT="105.0"></String>
          </TextLine>

          
          
          <TextLine ID="eSc_line_79f13921"
                    
                    BASELINE="1546 1127 1642 1137 1751 1134 1791 1141 1928 1144 1965 1151 2207 1158 2241 1165 2313 1158 2350 1168 2551 1168" 
                    HPOS="1539.0"
                    VPOS="1103.0"
                    WIDTH="1009.0"
                    HEIGHT="96.0">
            <Shape><Polygon POINTS="2187 1110 2153 1110 2118 1110 2084 1110 2050 1107 2016 1107 1986 1103 1543 1103 1543 1124 1539 1168 2541 1199 2548 1165 2548 1134 2187 1107 2187 1110"/></Shape>
	    <String CONTENT="אומ&#39; אין עושין את האמה כתחילה במועד"
                    HPOS="1539.0"
                    VPOS="1103.0"
                    WIDTH="1009.0"
                    HEIGHT="96.0"></String>
          </TextLine>

          
          
          <TextLine ID="eSc_line_a6a2fe34"
                    
                    BASELINE="1594 1178 1761 1192 1836 1185 1911 1199 1996 1205 2030 1202 2064 1209 2234 1212 2289 1222 2384 1216 2542 1228" 
                    HPOS="1587.0"
                    VPOS="1148.0"
                    WIDTH="954.0"
                    HEIGHT="112.0">
            <Shape><Polygon POINTS="1590 1175 1587 1212 2531 1260 2541 1226 2541 1195 1590 1148 1590 1175"/></Shape>
	    <String CONTENT="ובשביעית וחכמ&#39; אומ&#39; עושים את האמה"
                    HPOS="1587.0"
                    VPOS="1148.0"
                    WIDTH="954.0"
                    HEIGHT="112.0"></String>
          </TextLine>

          
          
          <TextLine ID="eSc_line_2cc676f9"
                    
                    BASELINE="1539 1219 1597 1233 1631 1226 1672 1236 2071 1260 2105 1257 2398 1274 2473 1274 2540 1278" 
                    HPOS="1529.0"
                    VPOS="1192.0"
                    WIDTH="1008.0"
                    HEIGHT="122.0">
            <Shape><Polygon POINTS="1536 1216 1529 1257 2531 1314 2537 1277 2537 1246 1536 1192 1536 1216"/></Shape>
	    <String CONTENT="כתחילה בשביעית ומתקנים את המקו[ק](ל)[ר](ק)לת"
                    HPOS="1529.0"
                    VPOS="1192.0"
                    WIDTH="1008.0"
                    HEIGHT="122.0"></String>
          </TextLine>

          
          
          <TextLine ID="eSc_line_66a7ce6c"
                    
                    BASELINE="1533 1287 1870 1297 1904 1304 2061 1308 2135 1314 2176 1308 2217 1318 2531 1328" 
                    HPOS="1529.0"
                    VPOS="1260.0"
                    WIDTH="998.0"
                    HEIGHT="109.0">
            <Shape><Polygon POINTS="1533 1284 1529 1325 2517 1369 2527 1325 2527 1294 1533 1260 1533 1284"/></Shape>
	    <String CONTENT="במועד ומת[ת](ק)נים את כל כלי המים [שב&#39;]"
                    HPOS="1529.0"
                    VPOS="1260.0"
                    WIDTH="998.0"
                    HEIGHT="109.0"></String>
          </TextLine>

          
          
          <TextLine ID="eSc_line_2d6a9d1c"
                    
                    BASELINE="1546 1332 1601 1345 1856 1352 1890 1359 1945 1359 2050 1369 2084 1366 2234 1376 2316 1376 2360 1383 2473 1379 2534 1386" 
                    HPOS="1539.0"
                    VPOS="1311.0"
                    WIDTH="992.0"
                    HEIGHT="119.0">
            <Shape><Polygon POINTS="1543 1328 1539 1376 2520 1430 2531 1383 2531 1352 1543 1311 1543 1328"/></Shape>
	    <String CONTENT="שברשות הרבים וחוטטים אותן ומתקנין"
                    HPOS="1539.0"
                    VPOS="1311.0"
                    WIDTH="992.0"
                    HEIGHT="119.0"></String>
          </TextLine>

          
          
          <TextLine ID="eSc_line_2a22595d"
                    
                    BASELINE="1550 1410 1733 1406 2040 1427 2326 1434 2522 1457" 
                    HPOS="1546.0"
                    VPOS="1362.0"
                    WIDTH="974.0"
                    HEIGHT="119.0">
            <Shape><Polygon POINTS="1546 1406 1550 1427 1577 1437 1597 1437 1624 1441 1645 1441 1648 1441 1846 1451 1849 1451 1883 1451 1887 1451 2510 1481 2520 1454 2517 1413 2313 1386 2309 1386 2197 1396 2183 1396 2173 1383 2170 1383 2170 1379 2166 1379 2163 1379 2159 1379 2156 1379 2115 1393 2108 1393 2071 1389 1825 1362 1822 1362 1546 1362 1546 1406"/></Shape>
	    <String CONTENT="את הדרכים ואת הרחובות ואת מקוות [ה&#39;]"
                    HPOS="1546.0"
                    VPOS="1362.0"
                    WIDTH="974.0"
                    HEIGHT="119.0"></String>
          </TextLine>

          
          
          <TextLine ID="eSc_line_f5203156"
                    
                    BASELINE="1533 1434 1597 1451 1642 1447 1720 1464 1877 1458 1917 1468 2030 1478 2108 1475 2262 1485 2296 1492 2381 1488 2415 1495 2535 1503" 
                    HPOS="1529.0"
                    VPOS="1410.0"
                    WIDTH="1005.0"
                    HEIGHT="129.0">
            <Shape><Polygon POINTS="1533 1430 1529 1475 1693 1485 1696 1485 1699 1485 2527 1539 2534 1502 2531 1464 1533 1410 1533 1430"/></Shape>
	    <String CONTENT="המים ועושין כל צרכי הרבים ומציינים"
                    HPOS="1529.0"
                    VPOS="1410.0"
                    WIDTH="1005.0"
                    HEIGHT="129.0"></String>
          </TextLine>

          
          
          <TextLine ID="eSc_line_0ada575b"
                    
                    BASELINE="1686 1492 1825 1522 1904 1515 1938 1522 2398 1543 2520 1553" 
                    HPOS="1676.0"
                    VPOS="1471.0"
                    WIDTH="841.0"
                    HEIGHT="126.0">
            <Shape><Polygon POINTS="1682 1488 1676 1533 2210 1573 2217 1573 2251 1577 2255 1577 2510 1597 2517 1550 2517 1519 1682 1471 1682 1488"/></Shape>
	    <String CONTENT="על הקברות ויוצאין אף על הכלאים ˙"
                    HPOS="1676.0"
                    VPOS="1471.0"
                    WIDTH="841.0"
                    HEIGHT="126.0"></String>
          </TextLine>

          
          
          <TextLine ID="eSc_line_6e2393d7"
                    
                    BASELINE="1533 1546 1635 1553 1676 1563 1754 1560 1900 1567 1934 1573 1972 1570 2118 1587 2193 1587 2231 1580 2275 1590 2447 1610" 
                    HPOS="1526.0"
                    VPOS="1502.0"
                    WIDTH="919.0"
                    HEIGHT="136.0">
            <Shape><Polygon POINTS="1533 1526 1533 1543 1526 1577 2439 1638 2445 1607 2445 1584 2319 1553 2316 1553 1870 1539 1849 1539 1843 1536 1676 1502 1672 1502 1539 1509 1533 1526"/></Shape>
	    <String CONTENT="¶ ג&#39; ר&#39; אליעזר בן יעקב או&#39; מושכים"
                    HPOS="1526.0"
                    VPOS="1502.0"
                    WIDTH="919.0"
                    HEIGHT="136.0"></String>
          </TextLine>

          
          
          <TextLine ID="eSc_line_c02818df"
                    
                    BASELINE="1519 1604 1584 1614 1621 1611 1659 1618 1825 1621 2040 1635 2084 1645 2132 1638 2357 1652 2476 1648 2531 1662" 
                    HPOS="1512.0"
                    VPOS="1570.0"
                    WIDTH="1015.0"
                    HEIGHT="126.0">
            <Shape><Polygon POINTS="1515 1601 1512 1638 2514 1696 2527 1659 2527 1621 1515 1570 1515 1601"/></Shape>
	    <String CONTENT="את המים מאילן לאילן ובלבד שלא ישקו"
                    HPOS="1512.0"
                    VPOS="1570.0"
                    WIDTH="1015.0"
                    HEIGHT="126.0"></String>
          </TextLine>

          
          
          <TextLine ID="eSc_line_16281f16"
                    
                    BASELINE="1546 1655 1607 1672 1768 1676 1802 1682 1877 1676 1914 1686 2084 1693 2122 1689 2156 1699 2268 1703 2302 1713 2343 1706 2415 1713 2510 1713" 
                    HPOS="1539.0"
                    VPOS="1638.0"
                    WIDTH="968.0"
                    HEIGHT="106.0">
            <Shape><Polygon POINTS="1543 1652 1539 1699 2500 1744 2507 1710 2507 1676 1543 1638 1543 1652"/></Shape>
	    <String CONTENT="את כל השדה זרעים שלא שתו לפני [ה&#39;]"
                    HPOS="1539.0"
                    VPOS="1638.0"
                    WIDTH="968.0"
                    HEIGHT="106.0"></String>
          </TextLine>

          
          
          <TextLine ID="eSc_line_4878942b"
                    
                    BASELINE="1543 1723 1635 1720 1669 1727 1802 1730 1839 1740 1880 1733 2078 1744 2112 1754 2187 1747 2221 1754 2418 1757 2517 1764" 
                    HPOS="1536.0"
                    VPOS="1696.0"
                    WIDTH="978.0"
                    HEIGHT="102.0">
            <Shape><Polygon POINTS="1539 1720 1536 1757 2503 1798 2514 1761 2514 1723 1539 1696 1539 1720"/></Shape>
	    <String CONTENT="המועד לא ישקום במועד וחכמ&#39; מתירין"
                    HPOS="1536.0"
                    VPOS="1696.0"
                    WIDTH="978.0"
                    HEIGHT="102.0"></String>
          </TextLine>

          
          
          <TextLine ID="eSc_line_c5bb890a"
                    
                    BASELINE="1550 1778 1798 1785 1839 1791 2040 1788 2224 1805 2296 1802 2336 1808 2517 1812" 
                    HPOS="1543.0"
                    VPOS="1737.0"
                    WIDTH="971.0"
                    HEIGHT="106.0">
            <Shape><Polygon POINTS="1546 1774 1543 1808 2503 1843 2514 1808 2514 1781 1679 1737 1676 1737 1546 1751 1546 1774"/></Shape>
	    <String CONTENT="בזה ובזה ˙ ¶ ד&#39; צדים את האישות"
                    HPOS="1543.0"
                    VPOS="1737.0"
                    WIDTH="971.0"
                    HEIGHT="106.0"></String>
          </TextLine>

          
          
          <TextLine ID="eSc_line_69e24120"
                    
                    BASELINE="1522 1825 1870 1846 1996 1843 2030 1849 2517 1866" 
                    HPOS="1515.0"
                    VPOS="1795.0"
                    WIDTH="999.0"
                    HEIGHT="112.0">
            <Shape><Polygon POINTS="1519 1822 1515 1860 2503 1907 2514 1863 2510 1832 1519 1795 1519 1822"/></Shape>
	    <String CONTENT="ואת העכברים בשדה האילן ובשדה הלבן"
                    HPOS="1515.0"
                    VPOS="1795.0"
                    WIDTH="999.0"
                    HEIGHT="112.0"></String>
          </TextLine>

          
          
          <TextLine ID="eSc_line_e2509324"
                    
                    BASELINE="1533 1883 1846 1894 1921 1900 1962 1897 2272 1914 2394 1911 2520 1917" 
                    HPOS="1529.0"
                    VPOS="1849.0"
                    WIDTH="988.0"
                    HEIGHT="103.0">
            <Shape><Polygon POINTS="1533 1880 1529 1921 2507 1952 2517 1914 2517 1887 1533 1849 1533 1880"/></Shape>
	    <String CONTENT="כדרכו במועד ובשביעית וחכמ&#39; אומ&#39; בשדה"
                    HPOS="1529.0"
                    VPOS="1849.0"
                    WIDTH="988.0"
                    HEIGHT="103.0"></String>
          </TextLine>

          
          
          <TextLine ID="eSc_line_0919c8a4"
                    
                    BASELINE="1526 1934 1614 1958 1648 1945 1771 1945 1911 1955 2026 1952 2210 1962 2343 1962 2384 1969 2520 1969" 
                    HPOS="1519.0"
                    VPOS="1900.0"
                    WIDTH="998.0"
                    HEIGHT="99.0">
            <Shape><Polygon POINTS="1522 1931 1519 1969 2510 1999 2517 1965 2514 1941 1522 1900 1522 1931"/></Shape>
	    <String CONTENT="האילן כדרכו ובשדה הלבן שלא כדרכו [ומ&#39;]"
                    HPOS="1519.0"
                    VPOS="1900.0"
                    WIDTH="998.0"
                    HEIGHT="99.0"></String>
          </TextLine>

          
          
          <TextLine ID="eSc_line_e0f2e8ee"
                    
                    BASELINE="1541 1982 1564 1983 1774 1989 1853 1996 1887 1992 2044 2009 2118 2006 2156 2013 2340 2013 2507 2020" 
                    HPOS="1536.0"
                    VPOS="1955.0"
                    WIDTH="967.0"
                    HEIGHT="102.0">
            <Shape><Polygon POINTS="1539 1979 1536 2013 1642 2033 1665 2033 1716 2023 1720 2023 1727 2023 1802 2040 1808 2040 1836 2040 1877 2030 1883 2030 1897 2030 1992 2047 2013 2047 2047 2047 2081 2047 2112 2047 2146 2047 2173 2050 2493 2057 2503 2016 2503 1986 1539 1955 1539 1979"/></Shape>
	    <String CONTENT="ומקרים את הפרצה במועד ובשביעית [ב&#39;]"
                    HPOS="1536.0"
                    VPOS="1955.0"
                    WIDTH="967.0"
                    HEIGHT="102.0"></String>
          </TextLine>

          
          
          <TextLine ID="eSc_line_0fe9a9df"
                    
                    BASELINE="1550 2026 1604 2040 1815 2050 1904 2047 1938 2054 2163 2057 2193 2064 2343 2078 2516 2082" 
                    HPOS="1543.0"
                    VPOS="2006.0"
                    WIDTH="971.0"
                    HEIGHT="106.0">
            <Shape><Polygon POINTS="1546 2023 1543 2061 2503 2112 2514 2081 2510 2050 1890 2006 1887 2006 1546 2006 1546 2023"/></Shape>
	    <String CONTENT="בונה כדרכו ˙ ¶ ה&#39; ר&#39; מאיר או&#39; רואים"
                    HPOS="1543.0"
                    VPOS="2006.0"
                    WIDTH="971.0"
                    HEIGHT="106.0"></String>
          </TextLine>

          
          
          <TextLine ID="eSc_line_b1080373"
                    
                    BASELINE="1519 2081 1839 2098 1880 2105 1958 2101 2139 2112 2183 2118 2510 2131" 
                    HPOS="1512.0"
                    VPOS="2050.0"
                    WIDTH="995.0"
                    HEIGHT="116.0">
            <Shape><Polygon POINTS="1515 2078 1512 2115 2497 2166 2507 2129 2507 2098 1515 2050 1515 2078"/></Shape>
	    <String CONTENT="את הנגעים כתחילה להקל אבל לא להחמיר"
                    HPOS="1512.0"
                    VPOS="2050.0"
                    WIDTH="995.0"
                    HEIGHT="116.0"></String>
          </TextLine>

          
          
          <TextLine ID="eSc_line_7383a824"
                    
                    BASELINE="1533 2139 1594 2149 1849 2149 2153 2170 2302 2170 2520 2180" 
                    HPOS="1529.0"
                    VPOS="2108.0"
                    WIDTH="988.0"
                    HEIGHT="99.0">
            <Shape><Polygon POINTS="1533 2135 1529 2170 2507 2207 2517 2176 2514 2149 1533 2108 1533 2135"/></Shape>
	    <String CONTENT="וחכמ&#39; אומ&#39; לא להקל ולא להחמיר ועוד אמ&#39;"
                    HPOS="1529.0"
                    VPOS="2108.0"
                    WIDTH="988.0"
                    HEIGHT="99.0"></String>
          </TextLine>

          
          
          <TextLine ID="eSc_line_dc4ff1c9"
                    
                    BASELINE="1519 2190 1948 2214 1986 2210 2023 2217 2520 2231" 
                    HPOS="1512.0"
                    VPOS="2159.0"
                    WIDTH="1005.0"
                    HEIGHT="103.0">
            <Shape><Polygon POINTS="1515 2187 1512 2224 2507 2262 2517 2227 2517 2200 1515 2159 1515 2187"/></Shape>
	    <String CONTENT="ר&#39; מאיר מלקט אדם עצמות [אדם] אביו [ו&#39;]"
                    HPOS="1512.0"
                    VPOS="2159.0"
                    WIDTH="1005.0"
                    HEIGHT="103.0"></String>
          </TextLine>

          
          
          <TextLine ID="eSc_line_d8fb63a6"
                    
                    BASELINE="1509 2241 1567 2258 1614 2251 1696 2251 1733 2258 1866 2262 1900 2268 1972 2265 2006 2272 2227 2275 2306 2282 2503 2282" 
                    HPOS="1502.0"
                    VPOS="2207.0"
                    WIDTH="998.0"
                    HEIGHT="116.0">
            <Shape><Polygon POINTS="1505 2238 1502 2282 2493 2323 2500 2279 2497 2248 1505 2207 1505 2238"/></Shape>
	    <String CONTENT="ואמו מפני שהיא שמחה לו ר&#39; יוסה אומר"
                    HPOS="1502.0"
                    VPOS="2207.0"
                    WIDTH="998.0"
                    HEIGHT="116.0"></String>
          </TextLine>

          
          
          <TextLine ID="eSc_line_d4403d7e"
                    
                    BASELINE="1495 2309 1587 2306 1624 2313 1822 2316 1856 2323 1897 2319 1965 2326 2108 2330 2142 2336 2265 2333 2520 2343" 
                    HPOS="1488.0"
                    VPOS="2262.0"
                    WIDTH="1029.0"
                    HEIGHT="112.0">
            <Shape><Polygon POINTS="1492 2306 1488 2350 2507 2374 2517 2340 2514 2306 1580 2262 1577 2262 1492 2275 1492 2306"/></Shape>
	    <String CONTENT="אבל הוא לו לא יעורר על מתו ולא יספידנו"
                    HPOS="1488.0"
                    VPOS="2262.0"
                    WIDTH="1029.0"
                    HEIGHT="112.0"></String>
          </TextLine>

          
          
          <TextLine ID="eSc_line_9e952df2"
                    
                    BASELINE="1498 2367 1587 2377 1863 2374 1904 2381 2098 2391 2176 2384 2231 2394 2442 2405 2507 2394" 
                    HPOS="1492.0"
                    VPOS="2336.0"
                    WIDTH="1011.0"
                    HEIGHT="106.0">
            <Shape><Polygon POINTS="1495 2364 1492 2408 1519 2425 1522 2425 1526 2425 1556 2422 1560 2422 1594 2422 1594 2422 1808 2411 1843 2411 1904 2415 2340 2442 2343 2442 2500 2425 2503 2391 2500 2364 2006 2336 2003 2336 1495 2340 1495 2364"/></Shape>
	    <String CONTENT="קודם לרגל שלשים יום ˙ ¶ ו&#39; אין חופרין"
                    HPOS="1492.0"
                    VPOS="2336.0"
                    WIDTH="1011.0"
                    HEIGHT="106.0"></String>
          </TextLine>

          
          
          <TextLine ID="eSc_line_eacef8fc"
                    
                    BASELINE="1533 2428 1713 2428 1751 2435 1948 2439 2190 2452 2313 2452 2422 2459 2480 2452" 
                    HPOS="1529.0"
                    VPOS="2388.0"
                    WIDTH="947.0"
                    HEIGHT="109.0">
            <Shape><Polygon POINTS="1533 2425 1529 2463 2469 2497 2476 2449 2476 2422 1877 2388 1873 2388 1533 2394 1533 2425"/></Shape>
	    <String CONTENT="כוכים וקברות במועד אבל מחנכין את"
                    HPOS="1529.0"
                    VPOS="2388.0"
                    WIDTH="947.0"
                    HEIGHT="109.0"></String>
          </TextLine>

          
          
          <TextLine ID="eSc_line_56c51037"
                    
                    BASELINE="1533 2483 1682 2483 1716 2490 1982 2493 2101 2500 2173 2497 2210 2503 2493 2510" 
                    HPOS="1529.0"
                    VPOS="2452.0"
                    WIDTH="961.0"
                    HEIGHT="96.0">
            <Shape><Polygon POINTS="1533 2480 1529 2517 2480 2548 2490 2507 2490 2463 1533 2452 1533 2480"/></Shape>
	    <String CONTENT="הכוכים ועושין נברכת במועד וארון [ע&#39;]"
                    HPOS="1529.0"
                    VPOS="2452.0"
                    WIDTH="961.0"
                    HEIGHT="96.0"></String>
          </TextLine>

          
          
          <TextLine ID="eSc_line_dab96175"
                    
                    BASELINE="1533 2537 1710 2537 2118 2558 2493 2565" 
                    HPOS="1529.0"
                    VPOS="2500.0"
                    WIDTH="961.0"
                    HEIGHT="95.0">
            <Shape><Polygon POINTS="1533 2534 1529 2565 1553 2572 2480 2595 2490 2561 2490 2531 1533 2500 1533 2534"/></Shape>
	    <String CONTENT="עם המת בחצר ר&#39; יהודה אוסר אלא אם כן"
                    HPOS="1529.0"
                    VPOS="2500.0"
                    WIDTH="961.0"
                    HEIGHT="95.0"></String>
          </TextLine>

          
          
          <TextLine ID="eSc_line_a22929e9"
                    
                    BASELINE="1509 2568 1573 2585 1768 2595 1802 2592 1870 2599 2170 2606 2204 2612 2449 2619 2500 2612" 
                    HPOS="1502.0"
                    VPOS="2548.0"
                    WIDTH="995.0"
                    HEIGHT="95.0">
            <Shape><Polygon POINTS="1505 2565 1502 2609 2493 2643 2497 2609 2497 2585 1505 2548 1505 2565"/></Shape>
	    <String CONTENT="יש עמו נסרים ˙ ¶ ז&#39; אין נושאים [נש&#39;]"
                    HPOS="1502.0"
                    VPOS="2548.0"
                    WIDTH="995.0"
                    HEIGHT="95.0"></String>
          </TextLine>

          
          
          <TextLine ID="eSc_line_2b138db4"
                    
                    BASELINE="1519 2629 1706 2643 1747 2650 1822 2646 1897 2653 2112 2657 2149 2664 2268 2660 2486 2667" 
                    HPOS="1512.0"
                    VPOS="2602.0"
                    WIDTH="971.0"
                    HEIGHT="109.0">
            <Shape><Polygon POINTS="1515 2626 1512 2667 2394 2704 2428 2704 2463 2704 2463 2708 2473 2711 2483 2664 2483 2629 1515 2602 1515 2626"/></Shape>
	    <String CONTENT="נשים במועד לא בתולות ולא אלמנות [ו&#39;]"
                    HPOS="1512.0"
                    VPOS="2602.0"
                    WIDTH="971.0"
                    HEIGHT="109.0"></String>
          </TextLine>

          
          
          <TextLine ID="eSc_line_cdc78d38"
                    
                    BASELINE="1492 2698 1546 2687 1584 2694 1860 2698 1928 2704 1965 2701 2340 2718 2476 2711" 
                    HPOS="1485.0"
                    VPOS="2660.0"
                    WIDTH="988.0"
                    HEIGHT="99.0">
            <Shape><Polygon POINTS="1488 2694 1485 2732 2013 2745 2026 2745 2061 2745 2074 2745 2466 2759 2473 2708 2473 2687 1488 2660 1488 2694"/></Shape>
	    <String CONTENT="ולא מייבמים אבל מחזיר הוא את גרושתו"
                    HPOS="1485.0"
                    VPOS="2660.0"
                    WIDTH="988.0"
                    HEIGHT="99.0"></String>
          </TextLine>

          
          
          <TextLine ID="eSc_line_5d54af48"
                    
                    BASELINE="1492 2745 1812 2752 1890 2759 1975 2759 2054 2752 2105 2762 2262 2766 2306 2773 2469 2773" 
                    HPOS="1485.0"
                    VPOS="2718.0"
                    WIDTH="981.0"
                    HEIGHT="92.0">
            <Shape><Polygon POINTS="1488 2742 1485 2786 1519 2786 1553 2786 1587 2790 1621 2790 1655 2790 1689 2793 1723 2793 1757 2793 1785 2793 1805 2796 1825 2796 1829 2796 2459 2810 2466 2769 2463 2735 1488 2718 1488 2742"/></Shape>
	    <String CONTENT="מפני שהיא שמחה לו ועושה אשה [תכש&#39;]"
                    HPOS="1485.0"
                    VPOS="2718.0"
                    WIDTH="981.0"
                    HEIGHT="92.0"></String>
          </TextLine>

          
          
          <TextLine ID="eSc_line_46864b6a"
                    
                    BASELINE="1492 2793 1856 2807 1897 2813 2013 2810 2088 2817 2347 2820 2480 2827" 
                    HPOS="1485.0"
                    VPOS="2766.0"
                    WIDTH="991.0"
                    HEIGHT="99.0">
            <Shape><Polygon POINTS="1488 2790 1485 2827 2466 2865 2476 2824 2473 2793 1488 2766 1488 2790"/></Shape>
	    <String CONTENT="תכשיטיה במועד ר&#39; יהודה או&#39; לא תסוד"
                    HPOS="1485.0"
                    VPOS="2766.0"
                    WIDTH="991.0"
                    HEIGHT="99.0"></String>
          </TextLine>

          
          
          <TextLine ID="eSc_line_ead3e967"
                    
                    BASELINE="1492 2841 1550 2854 1819 2851 1853 2858 1938 2861 2493 2875" 
                    HPOS="1485.0"
                    VPOS="2820.0"
                    WIDTH="1005.0"
                    HEIGHT="79.0">
            <Shape><Polygon POINTS="1488 2837 1485 2878 2480 2899 2490 2871 2486 2841 1488 2820 1488 2837"/></Shape>
	    <String CONTENT="מפני שהוא ניוול לה ˙ ¶ ח&#39; ההדיוט תופר"
                    HPOS="1485.0"
                    VPOS="2820.0"
                    WIDTH="1005.0"
                    HEIGHT="79.0"></String>
          </TextLine>

          
          
          <TextLine ID="eSc_line_a0c88116"
                    
                    BASELINE="1464 2899 1526 2909 1642 2905 1682 2912 1948 2916 1992 2922 2231 2919 2347 2926 2493 2926" 
                    HPOS="1458.0"
                    VPOS="2865.0"
                    WIDTH="1032.0"
                    HEIGHT="105.0">
            <Shape><Polygon POINTS="1461 2895 1458 2946 2483 2970 2490 2922 2486 2892 2057 2868 2054 2868 1768 2882 1764 2882 1727 2865 1723 2865 1720 2865 1461 2878 1461 2895"/></Shape>
	    <String CONTENT="כדרכו והאומן מכלב ומסרגים את המיטות"
                    HPOS="1458.0"
                    VPOS="2865.0"
                    WIDTH="1032.0"
                    HEIGHT="105.0"></String>
          </TextLine>

          
          
          <TextLine ID="eSc_line_cfcf732d"
                    
                    BASELINE="1740 2963 1934 2970 1969 2977 2040 2977 2081 2970 2118 2980 2473 2984" 
                    HPOS="1733.0"
                    VPOS="2939.0"
                    WIDTH="736.0"
                    HEIGHT="82.0">
            <Shape><Polygon POINTS="1737 2960 1733 2997 2459 3021 2469 2980 2466 2950 1737 2939 1737 2960"/></Shape>
	    <String CONTENT="ר&#39; יוסה או&#39; אף ממתחים ˙ ¶ ט&#39;"
                    HPOS="1733.0"
                    VPOS="2939.0"
                    WIDTH="736.0"
                    HEIGHT="82.0"></String>
          </TextLine>

          
          
          <TextLine ID="eSc_line_a78ee7f0"
                    
                    BASELINE="1502 3008 1628 3018 1744 3014 1815 3021 1972 3021 2480 3038" 
                    HPOS="1495.0"
                    VPOS="2974.0"
                    WIDTH="981.0"
                    HEIGHT="109.0">
            <Shape><Polygon POINTS="1498 3004 1495 3052 1495 3052 2466 3083 2476 3035 2473 3004 1498 2974 1498 3004"/></Shape>
	    <String CONTENT="מעמידים תנור וריחיים וכיריים במועד"
                    HPOS="1495.0"
                    VPOS="2974.0"
                    WIDTH="981.0"
                    HEIGHT="109.0"></String>
          </TextLine>

          
          
          <TextLine ID="eSc_line_675e8d65"
                    
                    BASELINE="1478 3059 1570 3072 1843 3079 1894 3076 2088 3086 2463 3093" 
                    HPOS="1471.0"
                    VPOS="3031.0"
                    WIDTH="988.0"
                    HEIGHT="106.0">
            <Shape><Polygon POINTS="1475 3055 1471 3106 1580 3110 1580 3113 1594 3123 1607 3123 1642 3123 1676 3123 1710 3127 1744 3127 1778 3127 1812 3127 1846 3127 1880 3127 1914 3127 1948 3127 1982 3130 2016 3130 2050 3134 2067 3134 2449 3137 2459 3089 2456 3059 1475 3031 1475 3055"/></Shape>
	    <String CONTENT="ר&#39; יהודה או&#39; אין מכבשין את הריחיים [כ&#39;]"
                    HPOS="1471.0"
                    VPOS="3031.0"
                    WIDTH="988.0"
                    HEIGHT="106.0"></String>
          </TextLine>

          
        </TextBlock>
        
        <TextBlock HPOS="364.0"
                   VPOS="702.0"
                   WIDTH="1017.0"
                   HEIGHT="2435.0"
                   ID="eSc_textblock_5ecfc1c0"
                   TAGREFS="BT2">
          <Shape><Polygon POINTS="424 702 1381 725 1353 3137 364 3100"/></Shape>
          
          
          <TextLine ID="eSc_line_2228d85f"
                    
                    BASELINE="408 756 803 766 1205 763 1277 769 1376 759" 
                    HPOS="401.0"
                    VPOS="698.0"
                    WIDTH="971.0"
                    HEIGHT="102.0">
            <Shape><Polygon POINTS="1355 722 1321 722 1287 722 1253 722 1219 722 1188 718 1154 718 1137 718 1137 722 1056 722 1056 718 1049 715 1018 715 984 715 950 715 916 715 882 711 848 711 814 711 807 711 756 715 749 711 746 711 711 708 677 708 643 708 609 708 575 705 555 705 514 708 500 705 473 705 439 705 419 698 405 708 405 752 401 793 1366 800 1372 756 1369 722 1355 722"/></Shape>
	    <String CONTENT="כתחילה ˙ ¶ י&#39; ועושין מעקה לגג [ולמ&#39;]"
                    HPOS="401.0"
                    VPOS="698.0"
                    WIDTH="971.0"
                    HEIGHT="102.0"></String>
          </TextLine>

          
          
          <TextLine ID="eSc_line_c15ef575"
                    
                    BASELINE="405 817 1025 824 1059 817 1093 827 1236 831 1270 838 1362 831" 
                    HPOS="398.0"
                    VPOS="780.0"
                    WIDTH="961.0"
                    HEIGHT="92.0">
            <Shape><Polygon POINTS="401 814 398 855 1352 872 1359 827 1355 783 401 780 401 814"/></Shape>
	    <String CONTENT="ולמרפסת מעשה הדיוט אבל לא מעשה"
                    HPOS="398.0"
                    VPOS="780.0"
                    WIDTH="961.0"
                    HEIGHT="92.0"></String>
          </TextLine>

          
          
          <TextLine ID="eSc_line_73d4190f"
                    
                    BASELINE="447 889 460 889 769 889 1124 899 1171 906 1367 917" 
                    HPOS="442.0"
                    VPOS="844.0"
                    WIDTH="924.0"
                    HEIGHT="103.0">
            <Shape><Polygon POINTS="446 885 442 926 473 926 476 923 511 923 545 926 572 926 589 930 613 930 647 930 681 930 715 930 729 930 895 936 919 936 953 936 967 936 1355 947 1366 916 1366 865 446 844 446 885"/></Shape>
	    <String CONTENT="אומן שפים את הסדקים ומעגילים אותן"
                    HPOS="442.0"
                    VPOS="844.0"
                    WIDTH="924.0"
                    HEIGHT="103.0"></String>
          </TextLine>

          
          
          <TextLine ID="eSc_line_ba1e706d"
                    
                    BASELINE="470 929 480 930 555 936 729 940 763 947 933 943 1004 950 1192 953 1226 964 1297 957 1366 968" 
                    HPOS="463.0"
                    VPOS="899.0"
                    WIDTH="899.0"
                    HEIGHT="99.0">
            <Shape><Polygon POINTS="466 926 463 967 1349 998 1362 967 1359 923 466 899 466 926"/></Shape>
	    <String CONTENT="במעגילה ביד וברגל אבל לא במחלציים"
                    HPOS="463.0"
                    VPOS="899.0"
                    WIDTH="899.0"
                    HEIGHT="99.0"></String>
          </TextLine>

          
          
          <TextLine ID="eSc_line_92164910"
                    
                    BASELINE="401 991 466 984 620 984 657 991 865 994 902 1001 1059 998 1093 1004 1287 1011 1376 1004" 
                    HPOS="395.0"
                    VPOS="947.0"
                    WIDTH="977.0"
                    HEIGHT="88.0">
            <Shape><Polygon POINTS="398 987 395 1022 429 1022 463 1022 497 1022 514 1022 1366 1035 1372 1001 1372 970 705 950 701 950 637 964 630 964 626 964 538 947 534 947 398 960 398 987"/></Shape>
	    <String CONTENT="הציר והצינור והקורא והמנעול והמפתח"
                    HPOS="395.0"
                    VPOS="947.0"
                    WIDTH="977.0"
                    HEIGHT="88.0"></String>
          </TextLine>

          
          
          <TextLine ID="eSc_line_b7407077"
                    
                    BASELINE="401 1028 626 1035 667 1042 746 1039 786 1045 960 1049 1127 1059 1372 1059" 
                    HPOS="395.0"
                    VPOS="1004.0"
                    WIDTH="974.0"
                    HEIGHT="86.0">
            <Shape><Polygon POINTS="398 1025 395 1069 1362 1090 1369 1056 1366 1025 398 1004 398 1025"/></Shape>
	    <String CONTENT="שנשברו מתקנן במועד ובלבד שלא יכוון"
                    HPOS="395.0"
                    VPOS="1004.0"
                    WIDTH="974.0"
                    HEIGHT="86.0"></String>
          </TextLine>

          
          
          <TextLine ID="eSc_line_fc199afc"
                    
                    BASELINE="388 1083 674 1090 711 1096 827 1093 865 1100 1165 1110 1243 1110 1291 1103 1325 1113 1376 1096" 
                    HPOS="381.0"
                    VPOS="1056.0"
                    WIDTH="991.0"
                    HEIGHT="81.0">
            <Shape><Polygon POINTS="384 1079 381 1124 415 1124 449 1124 463 1124 1369 1137 1372 1093 1372 1079 384 1056 384 1079"/></Shape>
	    <String CONTENT="את מלאכתו במועד וכל כבשים שהוא"
                    HPOS="381.0"
                    VPOS="1056.0"
                    WIDTH="991.0"
                    HEIGHT="81.0"></String>
          </TextLine>

          
          
          <TextLine ID="eSc_line_0f048562"
                    
                    BASELINE="364 1131 749 1144 793 1151 868 1148 1039 1165 1079 1158 1364 1169" 
                    HPOS="357.0"
                    VPOS="1100.0"
                    WIDTH="1005.0"
                    HEIGHT="126.0">
            <Shape><Polygon POINTS="361 1127 357 1168 596 1195 599 1195 602 1195 623 1185 630 1182 640 1182 650 1178 657 1178 926 1185 930 1188 933 1188 936 1192 970 1195 987 1199 1008 1192 1022 1202 1035 1202 1045 1216 1049 1216 1052 1216 1250 1209 1274 1226 1277 1226 1280 1226 1284 1226 1287 1226 1359 1202 1362 1168 1362 1144 1182 1117 361 1100 361 1127"/></Shape>
	    <String CONTENT="יכול לאכל מהם במועד מכבשן :"
                    HPOS="357.0"
                    VPOS="1100.0"
                    WIDTH="1005.0"
                    HEIGHT="126.0"></String>
          </TextLine>

          
          
          <TextLine ID="eSc_line_07d28131"
                    
                    BASELINE="633 1188 769 1188 810 1195 940 1199 994 1209 1049 1207" 
                    HPOS="626.0"
                    VPOS="1144.0"
                    WIDTH="419.0"
                    HEIGHT="92.0">
            <Shape><Polygon POINTS="936 1154 909 1151 909 1154 889 1171 889 1175 821 1175 807 1171 698 1144 694 1144 691 1144 630 1165 630 1185 626 1222 1039 1236 1045 1205 1045 1175 936 1154 936 1154"/></Shape>
	    <String CONTENT="הל&#39; י&#39; ¶ פרק ב&#39;"
                    HPOS="626.0"
                    VPOS="1144.0"
                    WIDTH="419.0"
                    HEIGHT="92.0"></String>
          </TextLine>

          
          
          <TextLine ID="eSc_line_f458aa60"
                    
                    BASELINE="405 1226 735 1246 807 1243 981 1253 1018 1250 1216 1260 1250 1257 1349 1263" 
                    HPOS="398.0"
                    VPOS="1175.0"
                    WIDTH="947.0"
                    HEIGHT="133.0">
            <Shape><Polygon POINTS="401 1222 398 1257 1069 1304 1076 1304 1110 1304 1144 1308 1175 1308 1338 1301 1345 1260 1345 1226 667 1205 650 1195 606 1175 602 1175 599 1175 401 1185 401 1222"/></Shape>
	    <String CONTENT="¶ מי שהפך את זיתיו ואירעו אבל או [או&#39;]"
                    HPOS="398.0"
                    VPOS="1175.0"
                    WIDTH="947.0"
                    HEIGHT="133.0"></String>
          </TextLine>

          
          
          <TextLine ID="eSc_line_b15de455"
                    
                    BASELINE="361 1280 466 1287 500 1280 534 1291 660 1294 711 1301 827 1297 868 1304 947 1304 1052 1314 1093 1311 1161 1318 1349 1321" 
                    HPOS="354.0"
                    VPOS="1253.0"
                    WIDTH="991.0"
                    HEIGHT="106.0">
            <Shape><Polygon POINTS="357 1277 354 1318 1335 1359 1345 1318 1345 1287 357 1253 357 1277"/></Shape>
	    <String CONTENT="אונס או שהטעוהו טוען קורה ראשונה"
                    HPOS="354.0"
                    VPOS="1253.0"
                    WIDTH="991.0"
                    HEIGHT="106.0"></String>
          </TextLine>

          
          
          <TextLine ID="eSc_line_3a580e6c"
                    
                    BASELINE="361 1342 453 1338 487 1345 725 1349 766 1355 923 1352 977 1359 1117 1362 1151 1369 1301 1366 1352 1376" 
                    HPOS="354.0"
                    VPOS="1301.0"
                    WIDTH="995.0"
                    HEIGHT="102.0">
            <Shape><Polygon POINTS="357 1338 354 1376 1335 1403 1349 1372 1349 1328 439 1301 436 1301 357 1314 357 1338"/></Shape>
	    <String CONTENT="ומניחה לאחר המועד דב&#39; ר&#39; יהודה ר&#39; יוסה"
                    HPOS="354.0"
                    VPOS="1301.0"
                    WIDTH="995.0"
                    HEIGHT="102.0"></String>
          </TextLine>

          
          
          <TextLine ID="eSc_line_3da05bcd"
                    
                    BASELINE="378 1396 507 1393 688 1403 807 1403 841 1410 919 1410 964 1403 998 1413 1216 1423 1352 1423" 
                    HPOS="371.0"
                    VPOS="1352.0"
                    WIDTH="978.0"
                    HEIGHT="99.0">
            <Shape><Polygon POINTS="374 1393 371 1427 1342 1451 1349 1420 1349 1393 1168 1369 1165 1369 1161 1369 1117 1386 1110 1386 912 1379 882 1379 851 1359 848 1359 844 1359 841 1359 838 1359 790 1376 786 1376 780 1376 688 1355 684 1355 681 1355 677 1355 654 1372 647 1372 568 1352 565 1352 562 1352 374 1362 374 1393"/></Shape>
	    <String CONTENT="אומ&#39; זולף וגומר כדרכו ˙ ¶ ב&#39; וכן מי"
                    HPOS="371.0"
                    VPOS="1352.0"
                    WIDTH="978.0"
                    HEIGHT="99.0"></String>
          </TextLine>

          
          
          <TextLine ID="eSc_line_4105d58f"
                    
                    BASELINE="388 1447 541 1447 575 1454 844 1458 964 1468 1349 1478" 
                    HPOS="381.0"
                    VPOS="1417.0"
                    WIDTH="964.0"
                    HEIGHT="95.0">
            <Shape><Polygon POINTS="384 1444 381 1481 1335 1512 1345 1475 1345 1430 384 1417 384 1444"/></Shape>
	    <String CONTENT="שהיה יינו בתוך הבור ואירעו אבל או"
                    HPOS="381.0"
                    VPOS="1417.0"
                    WIDTH="964.0"
                    HEIGHT="95.0"></String>
          </TextLine>

          
          
          <TextLine ID="eSc_line_c992c7da"
                    
                    BASELINE="388 1505 449 1502 493 1509 756 1512 793 1519 889 1519 923 1512 957 1522 1062 1526 1107 1533 1354 1541" 
                    HPOS="381.0"
                    VPOS="1475.0"
                    WIDTH="971.0"
                    HEIGHT="95.0">
            <Shape><Polygon POINTS="384 1502 381 1539 947 1556 957 1553 991 1553 1025 1553 1059 1556 1066 1560 1342 1570 1352 1539 1352 1495 384 1475 384 1502"/></Shape>
	    <String CONTENT="אונס או שהיטעוהו זולף וגומר וגף [כ&#39;]"
                    HPOS="381.0"
                    VPOS="1475.0"
                    WIDTH="971.0"
                    HEIGHT="95.0"></String>
          </TextLine>

          
          
          <TextLine ID="eSc_line_e7460436"
                    TAGREFS="LT3"
                    BASELINE="947 1559 1062 1563" 
                    HPOS="940.0"
                    VPOS="1536.0"
                    WIDTH="119.0"
                    HEIGHT="37.0">
            <Shape><Polygon POINTS="943 1556 940 1570 974 1570 1008 1570 1042 1573 1052 1573 1059 1560 1056 1543 943 1536 943 1556"/></Shape>
	    <String CONTENT="יוסי ר&#39;"
                    HPOS="940.0"
                    VPOS="1536.0"
                    WIDTH="119.0"
                    HEIGHT="37.0"></String>
          </TextLine>

          
          
          <TextLine ID="eSc_line_3b817019"
                    
                    BASELINE="361 1550 422 1560 500 1556 534 1563 780 1570 882 1567 916 1577 1362 1590" 
                    HPOS="354.0"
                    VPOS="1515.0"
                    WIDTH="1005.0"
                    HEIGHT="103.0">
            <Shape><Polygon POINTS="1035 1560 1001 1560 967 1560 943 1533 650 1515 647 1515 357 1526 357 1546 354 1594 1349 1618 1359 1587 1359 1556 1056 1536 1035 1560"/></Shape>
	    <String CONTENT="כדרכו דב&#39; ר&#39; ↑ יהודה או&#39; עושה לו לימודים"
                    HPOS="354.0"
                    VPOS="1515.0"
                    WIDTH="1005.0"
                    HEIGHT="103.0"></String>
          </TextLine>

          
          
          <TextLine ID="eSc_line_40d81247"
                    
                    BASELINE="347 1611 511 1611 548 1618 660 1621 694 1628 729 1624 967 1635 1096 1635 1168 1642 1308 1638 1362 1648" 
                    HPOS="340.0"
                    VPOS="1567.0"
                    WIDTH="1019.0"
                    HEIGHT="119.0">
            <Shape><Polygon POINTS="344 1607 340 1645 1345 1686 1359 1645 1355 1614 1192 1587 1188 1587 691 1594 681 1594 637 1573 633 1573 408 1567 405 1567 401 1567 344 1584 344 1607"/></Shape>
	    <String CONTENT="בשביל שלא יחמיץ ˙ ¶ ג&#39; מכניס [אדם]"
                    HPOS="340.0"
                    VPOS="1567.0"
                    WIDTH="1019.0"
                    HEIGHT="119.0"></String>
          </TextLine>

          
          
          <TextLine ID="eSc_line_7f157f78"
                    
                    BASELINE="367 1662 575 1672 654 1682 688 1679 729 1686 994 1696 1151 1693 1188 1699 1339 1707" 
                    HPOS="361.0"
                    VPOS="1631.0"
                    WIDTH="977.0"
                    HEIGHT="106.0">
            <Shape><Polygon POINTS="364 1659 361 1699 1328 1737 1338 1706 1335 1665 364 1631 364 1659"/></Shape>
	    <String CONTENT="אדם את פירותיו מפני הגנבים ושולה"
                    HPOS="361.0"
                    VPOS="1631.0"
                    WIDTH="977.0"
                    HEIGHT="106.0"></String>
          </TextLine>

          
          
          <TextLine ID="eSc_line_fb2f89d9"
                    
                    BASELINE="405 1723 476 1740 626 1733 664 1740 831 1744 872 1751 1219 1747 1359 1754" 
                    HPOS="398.0"
                    VPOS="1706.0"
                    WIDTH="957.0"
                    HEIGHT="82.0">
            <Shape><Polygon POINTS="401 1720 398 1771 735 1771 746 1774 773 1788 807 1788 831 1788 1349 1781 1355 1751 1352 1716 401 1706 401 1720"/></Shape>
	    <String CONTENT="פשתנו מן המשרה בשביל שלא תאבד"
                    HPOS="398.0"
                    VPOS="1706.0"
                    WIDTH="957.0"
                    HEIGHT="82.0"></String>
          </TextLine>

          
          
          <TextLine ID="eSc_line_75b9a925"
                    
                    BASELINE="378 1778 466 1791 620 1788 660 1795 831 1798 872 1808 906 1802 1059 1802 1134 1808 1219 1808 1294 1819 1349 1805" 
                    HPOS="371.0"
                    VPOS="1744.0"
                    WIDTH="974.0"
                    HEIGHT="105.0">
            <Shape><Polygon POINTS="374 1774 371 1822 1342 1849 1345 1802 1345 1774 374 1744 374 1774"/></Shape>
	    <String CONTENT="ובלבד שלא יכוון את מלאכתו במועד"
                    HPOS="371.0"
                    VPOS="1744.0"
                    WIDTH="974.0"
                    HEIGHT="105.0"></String>
          </TextLine>

          
          
          <TextLine ID="eSc_line_7a91aabf"
                    
                    BASELINE="388 1839 654 1853 780 1853 817 1860 1052 1856 1158 1863 1352 1863" 
                    HPOS="381.0"
                    VPOS="1812.0"
                    WIDTH="968.0"
                    HEIGHT="85.0">
            <Shape><Polygon POINTS="384 1836 381 1877 1342 1897 1349 1860 1349 1829 384 1812 384 1836"/></Shape>
	    <String CONTENT="וכולם אם כיוונו את מלאכתן במועד"
                    HPOS="381.0"
                    VPOS="1812.0"
                    WIDTH="968.0"
                    HEIGHT="85.0"></String>
          </TextLine>

          
          
          <TextLine ID="eSc_line_8f71def5"
                    
                    BASELINE="347 1890 793 1914 1049 1911 1349 1923" 
                    HPOS="340.0"
                    VPOS="1849.0"
                    WIDTH="1005.0"
                    HEIGHT="103.0">
            <Shape><Polygon POINTS="344 1887 340 1934 1335 1952 1345 1921 1342 1897 848 1883 844 1880 824 1863 821 1863 817 1863 814 1863 599 1870 568 1870 555 1870 449 1849 446 1849 344 1860 344 1887"/></Shape>
	    <String CONTENT="יאבדו ˙ ¶ ד&#39; אין לוקחים בתים אבנים"
                    HPOS="340.0"
                    VPOS="1849.0"
                    WIDTH="1005.0"
                    HEIGHT="103.0"></String>
          </TextLine>

          
          
          <TextLine ID="eSc_line_8ed10639"
                    
                    BASELINE="374 1962 429 1952 613 1962 790 1962 834 1969 1297 1965 1349 1975" 
                    HPOS="367.0"
                    VPOS="1931.0"
                    WIDTH="978.0"
                    HEIGHT="72.0">
            <Shape><Polygon POINTS="371 1958 367 1992 398 1992 401 1992 436 1992 470 1992 480 1992 1332 2003 1345 1972 1342 1931 371 1931 371 1958"/></Shape>
	    <String CONTENT="עבדים ובהמה אלא לצורך המועד [או ל&#39;]"
                    HPOS="367.0"
                    VPOS="1931.0"
                    WIDTH="978.0"
                    HEIGHT="72.0"></String>
          </TextLine>

          
          
          <TextLine ID="eSc_line_92f7c6bd"
                    
                    BASELINE="391 1999 1096 2023 1342 2029" 
                    HPOS="384.0"
                    VPOS="1965.0"
                    WIDTH="954.0"
                    HEIGHT="96.0">
            <Shape><Polygon POINTS="388 1996 384 2030 1328 2061 1338 2026 1335 1999 388 1965 388 1996"/></Shape>
	    <String CONTENT="או לצורך המוכ[ל](ר) שאין לו מה לוכל אין"
                    HPOS="384.0"
                    VPOS="1965.0"
                    WIDTH="954.0"
                    HEIGHT="96.0"></String>
          </TextLine>

          
          
          <TextLine ID="eSc_line_f20d1e00"
                    
                    BASELINE="357 2064 943 2071 984 2078 1297 2074 1349 2084" 
                    HPOS="350.0"
                    VPOS="2033.0"
                    WIDTH="995.0"
                    HEIGHT="85.0">
            <Shape><Polygon POINTS="354 2061 350 2098 1332 2118 1345 2081 1345 2040 354 2033 354 2061"/></Shape>
	    <String CONTENT="מפנים מבית לבית אבל מפנה הוא לחצירו"
                    HPOS="350.0"
                    VPOS="2033.0"
                    WIDTH="995.0"
                    HEIGHT="85.0"></String>
          </TextLine>

          
          
          <TextLine ID="eSc_line_39d86a43"
                    
                    BASELINE="347 2125 415 2125 449 2135 531 2129 1335 2129" 
                    HPOS="340.0"
                    VPOS="2095.0"
                    WIDTH="992.0"
                    HEIGHT="78.0">
            <Shape><Polygon POINTS="344 2122 344 2173 374 2173 378 2170 412 2173 1328 2173 1332 2125 1328 2095 340 2095 344 2122"/></Shape>
	    <String CONTENT="מפני שהיא שמחה לו אין מביאין כלים"
                    HPOS="340.0"
                    VPOS="2095.0"
                    WIDTH="992.0"
                    HEIGHT="78.0"></String>
          </TextLine>

          
          
          <TextLine ID="eSc_line_0b467852"
                    
                    BASELINE="361 2176 466 2187 705 2183 933 2193 1338 2193" 
                    HPOS="354.0"
                    VPOS="2153.0"
                    WIDTH="981.0"
                    HEIGHT="74.0">
            <Shape><Polygon POINTS="357 2173 354 2221 1328 2227 1335 2190 1332 2159 357 2153 357 2173"/></Shape>
	    <String CONTENT="מבית האומן אם חושש להן מפנם לחצר"
                    HPOS="354.0"
                    VPOS="2153.0"
                    WIDTH="981.0"
                    HEIGHT="74.0"></String>
          </TextLine>

          
          
          <TextLine ID="eSc_line_301fe015"
                    
                    BASELINE="364 2241 422 2255 1165 2255 1209 2248 1250 2258 1343 2262" 
                    HPOS="357.0"
                    VPOS="2210.0"
                    WIDTH="985.0"
                    HEIGHT="79.0">
            <Shape><Polygon POINTS="361 2238 357 2289 1335 2289 1342 2258 1338 2221 361 2210 361 2238"/></Shape>
	    <String CONTENT="אחרת ˙ ¶ ה&#39; מחפים את הקציעות [בק&#39;]"
                    HPOS="357.0"
                    VPOS="2210.0"
                    WIDTH="985.0"
                    HEIGHT="79.0"></String>
          </TextLine>

          
          
          <TextLine ID="eSc_line_11eaf042"
                    
                    BASELINE="361 2316 575 2316 715 2323 1335 2324" 
                    HPOS="354.0"
                    VPOS="2265.0"
                    WIDTH="978.0"
                    HEIGHT="102.0">
            <Shape><Polygon POINTS="357 2313 354 2354 1321 2367 1332 2323 1328 2285 838 2285 834 2282 786 2265 783 2265 780 2265 357 2279 357 2313"/></Shape>
	    <String CONTENT="בקש ר&#39; יהודה או&#39; אף מעבים מוכרי פירות"
                    HPOS="354.0"
                    VPOS="2265.0"
                    WIDTH="978.0"
                    HEIGHT="102.0"></String>
          </TextLine>

          
          
          <TextLine ID="eSc_line_13748ba1"
                    
                    BASELINE="374 2384 609 2384 647 2391 803 2384 1352 2384" 
                    HPOS="367.0"
                    VPOS="2340.0"
                    WIDTH="982.0"
                    HEIGHT="92.0">
            <Shape><Polygon POINTS="371 2381 371 2432 1345 2432 1349 2381 1342 2340 367 2340 371 2381"/></Shape>
	    <String CONTENT="כסות וכלים מוכרין בצינעה לצורך [המ&#39;]"
                    HPOS="367.0"
                    VPOS="2340.0"
                    WIDTH="982.0"
                    HEIGHT="92.0"></String>
          </TextLine>

          
          
          <TextLine ID="eSc_line_f8871ff9"
                    
                    BASELINE="378 2445 759 2442 793 2449 899 2452 1321 2459" 
                    HPOS="371.0"
                    VPOS="2411.0"
                    WIDTH="947.0"
                    HEIGHT="86.0">
            <Shape><Polygon POINTS="374 2425 374 2442 371 2486 401 2486 405 2486 408 2486 1308 2497 1318 2456 1314 2411 384 2411 374 2425"/></Shape>
	    <String CONTENT="המועד הציידים והרשו[ת](ש)ות והגרוסות"
                    HPOS="371.0"
                    VPOS="2411.0"
                    WIDTH="947.0"
                    HEIGHT="86.0"></String>
          </TextLine>

          
          
          <TextLine ID="eSc_line_e2f23827"
                    
                    BASELINE="391 2493 480 2503 838 2507 912 2514 1335 2514" 
                    HPOS="384.0"
                    VPOS="2466.0"
                    WIDTH="948.0"
                    HEIGHT="75.0">
            <Shape><Polygon POINTS="388 2490 384 2534 1325 2541 1332 2510 1328 2476 388 2466 388 2490"/></Shape>
	    <String CONTENT="עושין בצניעה לצורך המועד ר&#39; יוסה"
                    HPOS="384.0"
                    VPOS="2466.0"
                    WIDTH="948.0"
                    HEIGHT="75.0"></String>
          </TextLine>

          
          
          <TextLine ID="eSc_line_79c35137"
                    
                    BASELINE="361 2558 507 2551 943 2561 987 2568 1195 2565 1236 2572 1325 2572" 
                    HPOS="354.0"
                    VPOS="2510.0"
                    WIDTH="967.0"
                    HEIGHT="92.0">
            <Shape><Polygon POINTS="357 2555 354 2592 1314 2602 1321 2568 1321 2534 487 2510 483 2510 357 2524 357 2555"/></Shape>
	    <String CONTENT="אומר הן החמירו על עצמם :"
                    HPOS="354.0"
                    VPOS="2510.0"
                    WIDTH="967.0"
                    HEIGHT="92.0"></String>
          </TextLine>

          
          
          <TextLine ID="eSc_line_d3130f45"
                    
                    BASELINE="582 2609 793 2606 861 2616 1035 2616" 
                    HPOS="575.0"
                    VPOS="2561.0"
                    WIDTH="457.0"
                    HEIGHT="85.0">
            <Shape><Polygon POINTS="579 2606 579 2646 1028 2646 1032 2612 1028 2578 909 2561 906 2561 827 2578 803 2582 776 2578 660 2561 657 2561 654 2561 650 2561 650 2565 633 2578 630 2582 575 2582 579 2606"/></Shape>
	    <String CONTENT="הל&#39; ה&#39; ¶ פרק ג&#39;"
                    HPOS="575.0"
                    VPOS="2561.0"
                    WIDTH="457.0"
                    HEIGHT="85.0"></String>
          </TextLine>

          
          
          <TextLine ID="eSc_line_751f8916"
                    
                    BASELINE="391 2650 531 2657 572 2667 606 2660 643 2660 769 2667 1240 2670 1277 2677 1328 2664" 
                    HPOS="384.0"
                    VPOS="2612.0"
                    WIDTH="941.0"
                    HEIGHT="89.0">
            <Shape><Polygon POINTS="998 2616 964 2616 930 2616 895 2616 861 2616 844 2612 388 2612 388 2646 384 2687 384 2687 1321 2701 1325 2660 1325 2633 1250 2612 1246 2612 1243 2612 1171 2629 1165 2629 1154 2629 1107 2612 1103 2612 1032 2612 998 2616"/></Shape>
	    <String CONTENT="¶ ואילו מגלחין במועד הבא ממדינת הים"
                    HPOS="384.0"
                    VPOS="2612.0"
                    WIDTH="941.0"
                    HEIGHT="89.0"></String>
          </TextLine>

          
          
          <TextLine ID="eSc_line_0e6bb3b5"
                    
                    BASELINE="374 2691 442 2708 592 2711 630 2718 957 2718 991 2711 1028 2721 1154 2721 1263 2732 1318 2725" 
                    HPOS="367.0"
                    VPOS="2670.0"
                    WIDTH="947.0"
                    HEIGHT="85.0">
            <Shape><Polygon POINTS="371 2687 367 2742 1308 2755 1314 2721 1314 2694 371 2670 371 2687"/></Shape>
	    <String CONTENT="ומבית השביה והיוצא מבית האסורים"
                    HPOS="367.0"
                    VPOS="2670.0"
                    WIDTH="947.0"
                    HEIGHT="85.0"></String>
          </TextLine>

          
          
          <TextLine ID="eSc_line_41a66db7"
                    
                    BASELINE="367 2766 589 2766 705 2773 855 2766 892 2776 1161 2786 1335 2786" 
                    HPOS="361.0"
                    VPOS="2718.0"
                    WIDTH="971.0"
                    HEIGHT="102.0">
            <Shape><Polygon POINTS="364 2762 361 2800 1325 2820 1332 2783 1332 2749 640 2721 637 2721 504 2735 497 2735 493 2735 436 2718 432 2718 429 2718 364 2732 364 2762"/></Shape>
	    <String CONTENT="והמנודה שהתירו לו חכמים וכן מי [שנ&#39;]"
                    HPOS="361.0"
                    VPOS="2718.0"
                    WIDTH="971.0"
                    HEIGHT="102.0"></String>
          </TextLine>

          
          
          <TextLine ID="eSc_line_8162f8b8"
                    
                    BASELINE="354 2813 490 2820 531 2827 609 2824 844 2834 885 2844 974 2837 1304 2841" 
                    HPOS="347.0"
                    VPOS="2786.0"
                    WIDTH="954.0"
                    HEIGHT="96.0">
            <Shape><Polygon POINTS="350 2810 347 2851 1250 2882 1263 2882 1291 2878 1301 2837 1301 2807 350 2786 350 2810"/></Shape>
	    <String CONTENT="שנשאל לחכם והותר הנזיר והמצורע [מ&#39;]"
                    HPOS="347.0"
                    VPOS="2786.0"
                    WIDTH="954.0"
                    HEIGHT="96.0"></String>
          </TextLine>

          
          
          <TextLine ID="eSc_line_f50a2719"
                    
                    BASELINE="350 2875 408 2875 442 2882 633 2878 1039 2895 1236 2895 1321 2885" 
                    HPOS="344.0"
                    VPOS="2834.0"
                    WIDTH="974.0"
                    HEIGHT="105.0">
            <Shape><Polygon POINTS="347 2871 344 2916 643 2922 650 2922 654 2922 759 2926 786 2909 821 2909 841 2926 1311 2939 1318 2882 1318 2868 987 2844 984 2844 616 2851 575 2851 572 2851 538 2834 534 2834 531 2834 347 2844 347 2871"/></Shape>
	    <String CONTENT="מטומאתו לטהרתו ˙ ¶ ב&#39; ואלו מכבסין"
                    HPOS="344.0"
                    VPOS="2834.0"
                    WIDTH="974.0"
                    HEIGHT="105.0"></String>
          </TextLine>

          
          
          <TextLine ID="eSc_line_088c3f89"
                    TAGREFS="LT3"
                    BASELINE="769 2913 852 2919" 
                    HPOS="763.0"
                    VPOS="2882.0"
                    WIDTH="88.0"
                    HEIGHT="54.0">
            <Shape><Polygon POINTS="834 2885 800 2885 766 2882 766 2912 763 2933 797 2933 831 2936 838 2936 851 2916 848 2885 834 2885"/></Shape>
	    <String CONTENT="הים"
                    HPOS="763.0"
                    VPOS="2882.0"
                    WIDTH="88.0"
                    HEIGHT="54.0"></String>
          </TextLine>

          
          
          <TextLine ID="eSc_line_97de76da"
                    
                    BASELINE="361 2943 419 2933 620 2936 664 2929 698 2939 834 2943 885 2953 930 2946 1004 2953 1327 2962" 
                    HPOS="354.0"
                    VPOS="2885.0"
                    WIDTH="971.0"
                    HEIGHT="109.0">
            <Shape><Polygon POINTS="831 2916 797 2916 763 2912 742 2895 524 2885 521 2885 357 2895 357 2939 354 2974 1314 2994 1325 2960 1321 2922 848 2899 831 2916"/></Shape>
	    <String CONTENT="במועד הבא ממדינת ↑ ומבית השביה [והיו&#39;]"
                    HPOS="354.0"
                    VPOS="2885.0"
                    WIDTH="971.0"
                    HEIGHT="109.0"></String>
          </TextLine>

          
          
          <TextLine ID="eSc_line_b705d430"
                    
                    BASELINE="333 2977 425 2991 538 2987 623 2994 821 2997 861 3004 1018 3004 1059 2997 1100 3008 1335 3008" 
                    HPOS="327.0"
                    VPOS="2956.0"
                    WIDTH="1005.0"
                    HEIGHT="89.0">
            <Shape><Polygon POINTS="330 2974 327 3021 1325 3045 1332 3004 1328 2974 330 2956 330 2974"/></Shape>
	    <String CONTENT="והיוצא מבית האסורים והמנודה שהיתירו"
                    HPOS="327.0"
                    VPOS="2956.0"
                    WIDTH="1005.0"
                    HEIGHT="89.0"></String>
          </TextLine>

          
          
          <TextLine ID="eSc_line_5a3a4a3a"
                    
                    BASELINE="333 3045 1321 3062" 
                    HPOS="327.0"
                    VPOS="3001.0"
                    WIDTH="991.0"
                    HEIGHT="109.0">
            <Shape><Polygon POINTS="330 3042 327 3083 1308 3110 1318 3059 1314 3035 521 3001 517 3001 330 3014 330 3042"/></Shape>
	    <String CONTENT="לו חכמים וכן מי שנשאל לחכם והותר"
                    HPOS="327.0"
                    VPOS="3001.0"
                    WIDTH="991.0"
                    HEIGHT="109.0"></String>
          </TextLine>

          
        </TextBlock>
        

        
      </PrintSpace>
    </Page>
  </Layout>
</alto>
