<?xml version="1.0" encoding="UTF-8"?>
<alto xmlns:xsi="http://www.w3.org/2001/XMLSchema-instance"
      xmlns="http://www.loc.gov/standards/alto/ns-v4#"
      xsi:schemaLocation="http://www.loc.gov/standards/alto/ns-v4# http://www.loc.gov/standards/alto/v4/alto-4-2.xsd">
  <Description>
    <MeasurementUnit>pixel</MeasurementUnit>
    <sourceImageInformation>
      <fileName>MsParm3173_F13911_0310.jpg</fileName>
      
    </sourceImageInformation>
  </Description>
  
  <Tags>
    <OtherTag ID="BT1" LABEL="Title" DESCRIPTION="block type Title"/><OtherTag ID="BT2" LABEL="Main" DESCRIPTION="block type Main"/><OtherTag ID="BT3" LABEL="Commentary" DESCRIPTION="block type Commentary"/><OtherTag ID="BT4" LABEL="Illustration" DESCRIPTION="block type Illustration"/><OtherTag ID="BT830" LABEL="Margin" DESCRIPTION="block type Margin"/><OtherTag ID="BT831" LABEL="Hole" DESCRIPTION="block type Hole"/><OtherTag ID="BT832" LABEL="Paratext" DESCRIPTION="block type Paratext"/>
    <OtherTag ID="LT2" LABEL="Numbering" DESCRIPTION="line type Numbering"/><OtherTag ID="LT3" LABEL="Correction" DESCRIPTION="line type Correction"/><OtherTag ID="LT501" LABEL="Gloss" DESCRIPTION="line type Gloss"/>
  </Tags>
  
  <Layout>
    <Page WIDTH="3066"
          HEIGHT="4088"
          PHYSICAL_IMG_NR="302"
          ID="eSc_dummypage_">
      <PrintSpace HPOS="0"
                  VPOS="0"
                  WIDTH="3066"
                  HEIGHT="4088">
        
        <TextBlock HPOS="1542.0"
                   VPOS="640.0"
                   WIDTH="1059.0"
                   HEIGHT="2506.0"
                   ID="eSc_textblock_04073e67"
                   TAGREFS="BT2">
          <Shape><Polygon POINTS="1561 640 2587 640 2601 3146 1542 3132"/></Shape>
          
          
          <TextLine ID="eSc_line_2677725a"
                    
                    BASELINE="1596 706 1764 708 2581 701" 
                    HPOS="1590.0"
                    VPOS="640.0"
                    WIDTH="988.0"
                    HEIGHT="109.0">
            <Shape><Polygon POINTS="2268 640 2265 640 2098 657 2003 664 1965 654 1928 643 1924 643 1921 643 1917 643 1914 643 1900 654 1887 664 1822 654 1757 643 1754 643 1590 650 1594 705 1594 749 2575 739 2578 698 2572 660 2350 660 2333 657 2272 640 2268 640"/></Shape>
	    <String CONTENT="זו היא גמר מלאכתה משיסיקנה כדי לבשל"
                    HPOS="1590.0"
                    VPOS="640.0"
                    WIDTH="988.0"
                    HEIGHT="109.0"></String>
          </TextLine>

          
          
          <TextLine ID="eSc_line_cfdd64d2"
                    
                    BASELINE="1560 783 2388 780 2581 787" 
                    HPOS="1553.0"
                    VPOS="725.0"
                    WIDTH="1025.0"
                    HEIGHT="99.0">
            <Shape><Polygon POINTS="1556 780 1556 821 2568 824 2578 786 2575 742 2517 725 2514 725 2510 725 2125 742 2071 725 2067 725 1638 725 1635 725 1553 742 1556 780"/></Shape>
	    <String CONTENT="עליה ביצה קלה שבביצים טרופה ונתונה [ב&#39;]"
                    HPOS="1553.0"
                    VPOS="725.0"
                    WIDTH="1025.0"
                    HEIGHT="99.0"></String>
          </TextLine>

          
          
          <TextLine ID="eSc_line_206e3e4d"
                    
                    BASELINE="1567 858 1624 858 1662 865 2272 861 2391 865 2428 858 2581 858" 
                    HPOS="1560.0"
                    VPOS="817.0"
                    WIDTH="1018.0"
                    HEIGHT="82.0">
            <Shape><Polygon POINTS="1563 855 1563 899 2575 892 2578 855 2572 817 1560 817 1563 855"/></Shape>
	    <String CONTENT="באילפס הכופח עשאו לאפייה שיעורו כתנור"
                    HPOS="1560.0"
                    VPOS="817.0"
                    WIDTH="1018.0"
                    HEIGHT="82.0"></String>
          </TextLine>

          
          
          <TextLine ID="eSc_line_7835720f"
                    
                    BASELINE="1573 923 1853 923 1894 912 1969 919 2581 919" 
                    HPOS="1567.0"
                    VPOS="885.0"
                    WIDTH="1011.0"
                    HEIGHT="72.0">
            <Shape><Polygon POINTS="1570 919 1567 957 2575 957 2578 916 2575 885 1570 885 1570 919"/></Shape>
	    <String CONTENT="עשאו לבישול שיעורו ככירה האבן היוצא"
                    HPOS="1567.0"
                    VPOS="885.0"
                    WIDTH="1011.0"
                    HEIGHT="72.0"></String>
          </TextLine>

          
          
          <TextLine ID="eSc_line_52161c3a"
                    
                    BASELINE="1556 981 1693 981 1733 987 2336 987 2381 981 2581 975" 
                    HPOS="1550.0"
                    VPOS="947.0"
                    WIDTH="1028.0"
                    HEIGHT="75.0">
            <Shape><Polygon POINTS="1553 977 1553 1022 2575 1018 2578 974 2575 947 1550 947 1553 977"/></Shape>
	    <String CONTENT="מן התנור טפח ומן הכירה שלש אצבעות"
                    HPOS="1550.0"
                    VPOS="947.0"
                    WIDTH="1028.0"
                    HEIGHT="75.0"></String>
          </TextLine>

          
          
          <TextLine ID="eSc_line_14ea31bd"
                    
                    BASELINE="1573 1042 1805 1049 2115 1045 2234 1039 2503 1042 2581 1036" 
                    HPOS="1567.0"
                    VPOS="1008.0"
                    WIDTH="1011.0"
                    HEIGHT="68.0">
            <Shape><Polygon POINTS="1570 1039 1567 1076 2575 1076 2578 1035 2575 1008 1570 1008 1570 1039"/></Shape>
	    <String CONTENT="חיבור היוצא מן הכופח עשאו לאפייה [שי&#39;]"
                    HPOS="1567.0"
                    VPOS="1008.0"
                    WIDTH="1011.0"
                    HEIGHT="68.0"></String>
          </TextLine>

          
          
          <TextLine ID="eSc_line_6170b94c"
                    
                    BASELINE="1587 1110 2135 1110 2204 1103 2581 1097" 
                    HPOS="1580.0"
                    VPOS="1062.0"
                    WIDTH="998.0"
                    HEIGHT="82.0">
            <Shape><Polygon POINTS="1584 1107 1584 1144 2575 1137 2578 1096 2575 1066 1580 1062 1584 1107"/></Shape>
	    <String CONTENT="שיעורו כתנור עשאו לבישול שיעורו ככירה"
                    HPOS="1580.0"
                    VPOS="1062.0"
                    WIDTH="998.0"
                    HEIGHT="82.0"></String>
          </TextLine>

          
          
          <TextLine ID="eSc_line_9dcccad6"
                    
                    BASELINE="1570 1168 1730 1178 2408 1178 2449 1171 2581 1166" 
                    HPOS="1563.0"
                    VPOS="1137.0"
                    WIDTH="1015.0"
                    HEIGHT="72.0">
            <Shape><Polygon POINTS="1567 1165 1563 1209 2575 1209 2578 1165 2575 1137 1567 1137 1567 1165"/></Shape>
	    <String CONTENT="אמ&#39; ר&#39; יהוד&#39; לא אמרו טפח אלא בין התנור [לכ&#39;]"
                    HPOS="1563.0"
                    VPOS="1137.0"
                    WIDTH="1015.0"
                    HEIGHT="72.0"></String>
          </TextLine>

          
          
          <TextLine ID="eSc_line_d7b5e18d"
                    
                    BASELINE="1573 1240 1747 1240 1785 1246 1819 1240 1904 1236 2258 1240 2476 1229 2581 1232" 
                    HPOS="1567.0"
                    VPOS="1199.0"
                    WIDTH="1011.0"
                    HEIGHT="88.0">
            <Shape><Polygon POINTS="1570 1236 1570 1280 2568 1287 2578 1229 2572 1199 1567 1202 1570 1236"/></Shape>
	    <String CONTENT="לכותל היו שני תנורים סמוכים זה לזה נותן"
                    HPOS="1567.0"
                    VPOS="1199.0"
                    WIDTH="1011.0"
                    HEIGHT="88.0"></String>
          </TextLine>

          
          
          <TextLine ID="eSc_line_cc722e83"
                    
                    BASELINE="1584 1311 2061 1308 2098 1314 2336 1311 2381 1318 2422 1308 2581 1303" 
                    HPOS="1577.0"
                    VPOS="1257.0"
                    WIDTH="1001.0"
                    HEIGHT="102.0">
            <Shape><Polygon POINTS="1580 1308 1580 1345 2326 1359 2330 1359 2527 1355 2531 1355 2548 1355 2551 1355 2555 1355 2578 1335 2578 1301 2575 1274 2330 1257 2326 1257 2241 1274 2234 1277 1577 1277 1580 1308"/></Shape>
	    <String CONTENT="לזה טפח ולזה טפח והשאר טהור ˙ ¶ ג&#39;"
                    HPOS="1577.0"
                    VPOS="1257.0"
                    WIDTH="1001.0"
                    HEIGHT="102.0"></String>
          </TextLine>

          
          
          <TextLine ID="eSc_line_d365d55a"
                    
                    BASELINE="1543 1359 1635 1369 2466 1369 2581 1362" 
                    HPOS="1536.0"
                    VPOS="1335.0"
                    WIDTH="1042.0"
                    HEIGHT="68.0">
            <Shape><Polygon POINTS="1539 1355 1536 1403 2575 1403 2578 1359 2575 1335 1539 1335 1539 1355"/></Shape>
	    <String CONTENT="עטרת הכירה טהורה טירת התנור בזמן שהיא"
                    HPOS="1536.0"
                    VPOS="1335.0"
                    WIDTH="1042.0"
                    HEIGHT="68.0"></String>
          </TextLine>

          
          
          <TextLine ID="eSc_line_aff9228b"
                    
                    BASELINE="1587 1430 2581 1423" 
                    HPOS="1580.0"
                    VPOS="1389.0"
                    WIDTH="998.0"
                    HEIGHT="79.0">
            <Shape><Polygon POINTS="1584 1427 1584 1468 2575 1461 2578 1420 2572 1389 1580 1393 1584 1427"/></Shape>
	    <String CONTENT="גבוהה ארבעה טפחים מטמא במגע ובאויר"
                    HPOS="1580.0"
                    VPOS="1389.0"
                    WIDTH="998.0"
                    HEIGHT="79.0"></String>
          </TextLine>

          
          
          <TextLine ID="eSc_line_b8aefd65"
                    
                    BASELINE="1550 1495 1672 1505 2292 1505 2360 1498 2581 1493" 
                    HPOS="1543.0"
                    VPOS="1464.0"
                    WIDTH="1035.0"
                    HEIGHT="75.0">
            <Shape><Polygon POINTS="1546 1492 1543 1536 2572 1539 2578 1492 2575 1464 1546 1464 1546 1492"/></Shape>
	    <String CONTENT="פחותה מיכן טהורה ואם חיברה לו אפילו עד"
                    HPOS="1543.0"
                    VPOS="1464.0"
                    WIDTH="1035.0"
                    HEIGHT="75.0"></String>
          </TextLine>

          
          
          <TextLine ID="eSc_line_78cab305"
                    
                    BASELINE="1584 1560 2217 1567 2336 1563 2371 1556 2527 1560 2581 1555" 
                    HPOS="1577.0"
                    VPOS="1526.0"
                    WIDTH="1001.0"
                    HEIGHT="75.0">
            <Shape><Polygon POINTS="1580 1556 1577 1594 2572 1601 2578 1553 2575 1533 1580 1526 1580 1556"/></Shape>
	    <String CONTENT="שלש אבנים טמאה בית הפך ובית התבלין"
                    HPOS="1577.0"
                    VPOS="1526.0"
                    WIDTH="1001.0"
                    HEIGHT="75.0"></String>
          </TextLine>

          
          
          <TextLine ID="eSc_line_a83bebc8"
                    
                    BASELINE="1543 1631 1791 1631 1873 1624 2279 1624 2326 1631 2367 1621 2581 1621" 
                    HPOS="1536.0"
                    VPOS="1590.0"
                    WIDTH="1042.0"
                    HEIGHT="86.0">
            <Shape><Polygon POINTS="1539 1628 1539 1676 2575 1669 2578 1618 2575 1590 1536 1590 1539 1628"/></Shape>
	    <String CONTENT="ובית הנר שבכירה מטמין במגע ואינן מטמין"
                    HPOS="1536.0"
                    VPOS="1590.0"
                    WIDTH="1042.0"
                    HEIGHT="86.0"></String>
          </TextLine>

          
          
          <TextLine ID="eSc_line_8c6d88e5"
                    
                    BASELINE="1590 1699 1771 1710 2040 1710 2081 1703 2418 1703 2527 1699 2592 1693" 
                    HPOS="1584.0"
                    VPOS="1652.0"
                    WIDTH="1005.0"
                    HEIGHT="85.0">
            <Shape><Polygon POINTS="1587 1696 1584 1737 2585 1737 2589 1689 2589 1669 2537 1652 2534 1652 2054 1652 2050 1652 1587 1669 1587 1696"/></Shape>
	    <String CONTENT="באויר דב&#39; ר&#39; מאיר ור&#39; שמעון מטהר ˙ ¶ ד&#39;"
                    HPOS="1584.0"
                    VPOS="1652.0"
                    WIDTH="1005.0"
                    HEIGHT="85.0"></String>
          </TextLine>

          
          
          <TextLine ID="eSc_line_b8cbca7e"
                    
                    BASELINE="1561 1764 1655 1764 2459 1764 2592 1756" 
                    HPOS="1556.0"
                    VPOS="1706.0"
                    WIDTH="1033.0"
                    HEIGHT="106.0">
            <Shape><Polygon POINTS="1795 1710 1788 1706 1631 1706 1628 1706 1624 1706 1556 1723 1560 1761 1560 1812 1917 1808 1934 1795 1969 1795 2003 1798 2013 1808 2585 1805 2589 1754 2585 1723 1822 1710 1795 1710"/></Shape>
	    <String CONTENT="תנור שהוסק מאחוריו או שהוסק שלא לדעתו"
                    HPOS="1556.0"
                    VPOS="1706.0"
                    WIDTH="1033.0"
                    HEIGHT="106.0"></String>
          </TextLine>

          
          
          <TextLine ID="eSc_line_53138194"
                    TAGREFS="LT3"
                    BASELINE="1926 1800 2025 1807" 
                    HPOS="1924.0"
                    VPOS="1778.0"
                    WIDTH="99.0"
                    HEIGHT="47.0">
            <Shape><Polygon POINTS="1924 1798 1955 1825 1989 1825 2016 1825 2023 1805 2023 1785 1924 1778 1924 1798"/></Shape>
	    <String CONTENT="טמא"
                    HPOS="1924.0"
                    VPOS="1778.0"
                    WIDTH="99.0"
                    HEIGHT="47.0"></String>
          </TextLine>

          
          
          <TextLine ID="eSc_line_944540e0"
                    
                    BASELINE="1546 1832 2592 1832" 
                    HPOS="1543.0"
                    VPOS="1798.0"
                    WIDTH="1046.0"
                    HEIGHT="92.0">
            <Shape><Polygon POINTS="2020 1805 1986 1805 1952 1802 1948 1798 1543 1798 1543 1829 1543 1873 2585 1890 2589 1829 2589 1798 2023 1798 2020 1805"/></Shape>
	    <String CONTENT="או שהוסק בבית האומן [טהור] ↑ מעשה שנפלה"
                    HPOS="1543.0"
                    VPOS="1798.0"
                    WIDTH="1046.0"
                    HEIGHT="92.0"></String>
          </TextLine>

          
          
          <TextLine ID="eSc_line_ce76672d"
                    
                    BASELINE="1533 1904 1580 1917 1621 1911 2163 1914 2200 1907 2360 1907 2531 1897 2592 1901" 
                    HPOS="1529.0"
                    VPOS="1853.0"
                    WIDTH="1060.0"
                    HEIGHT="92.0">
            <Shape><Polygon POINTS="2585 1870 2544 1853 2541 1853 2537 1853 1802 1870 1672 1853 1669 1853 1533 1870 1533 1900 1529 1945 2582 1945 2589 1900 2589 1890 2585 1870"/></Shape>
	    <String CONTENT="דליקה בתנורי כפר סיגנה ובא מעשה ליבנה"
                    HPOS="1529.0"
                    VPOS="1853.0"
                    WIDTH="1060.0"
                    HEIGHT="92.0"></String>
          </TextLine>

          
          
          <TextLine ID="eSc_line_eccb303b"
                    
                    BASELINE="1587 1972 1839 1972 1914 1965 2592 1969" 
                    HPOS="1580.0"
                    VPOS="1938.0"
                    WIDTH="1009.0"
                    HEIGHT="71.0">
            <Shape><Polygon POINTS="1584 1969 1580 2009 2582 2009 2589 1965 2585 1941 1584 1938 1584 1969"/></Shape>
	    <String CONTENT="וטימאן רבן גמליאל ˙ ¶ ה&#39; מוסף התנור"
                    HPOS="1580.0"
                    VPOS="1938.0"
                    WIDTH="1009.0"
                    HEIGHT="71.0"></String>
          </TextLine>

          
          
          <TextLine ID="eSc_line_01cd1deb"
                    
                    BASELINE="1570 2026 1744 2037 2367 2033 2435 2040 2476 2030 2592 2025" 
                    HPOS="1563.0"
                    VPOS="1996.0"
                    WIDTH="1026.0"
                    HEIGHT="75.0">
            <Shape><Polygon POINTS="1567 2023 1567 2071 2585 2067 2589 2023 2585 1996 1563 1996 1567 2023"/></Shape>
	    <String CONTENT="שלבעלי בתים טהור ושלנחתומין טמא מפני"
                    HPOS="1563.0"
                    VPOS="1996.0"
                    WIDTH="1026.0"
                    HEIGHT="75.0"></String>
          </TextLine>

          
          
          <TextLine ID="eSc_line_04afa3b4"
                    
                    BASELINE="1553 2095 1676 2105 2469 2105 2548 2098 2600 2098" 
                    HPOS="1546.0"
                    VPOS="2064.0"
                    WIDTH="1053.0"
                    HEIGHT="75.0">
            <Shape><Polygon POINTS="1550 2091 1546 2139 2595 2135 2599 2095 2599 2064 1550 2064 1550 2091"/></Shape>
	    <String CONTENT="שהוא סומך עליו את השפוד ר&#39; יוחנן הסנדלר"
                    HPOS="1546.0"
                    VPOS="2064.0"
                    WIDTH="1053.0"
                    HEIGHT="75.0"></String>
          </TextLine>

          
          
          <TextLine ID="eSc_line_98039ce9"
                    
                    BASELINE="1546 2166 1638 2166 1676 2173 2020 2173 2108 2166 2272 2166 2610 2153" 
                    HPOS="1539.0"
                    VPOS="2122.0"
                    WIDTH="1070.0"
                    HEIGHT="99.0">
            <Shape><Polygon POINTS="1543 2163 1543 2207 1914 2221 1917 2221 1921 2221 1989 2204 2108 2217 2112 2217 2609 2190 2609 2149 2602 2122 1539 2139 1543 2163"/></Shape>
	    <String CONTENT="אומ&#39; מפני שהוא אופה בו כשהוא נידחק [כ&#39;]"
                    HPOS="1539.0"
                    VPOS="2122.0"
                    WIDTH="1070.0"
                    HEIGHT="99.0"></String>
          </TextLine>

          
          
          <TextLine ID="eSc_line_d20e8176"
                    
                    BASELINE="1556 2231 1638 2224 1716 2224 1795 2231 2129 2234 2309 2231 2347 2224 2598 2224" 
                    HPOS="1550.0"
                    VPOS="2193.0"
                    WIDTH="1045.0"
                    HEIGHT="86.0">
            <Shape><Polygon POINTS="1553 2227 1550 2268 2589 2279 2595 2221 2592 2193 1553 2193 1553 2227"/></Shape>
	    <String CONTENT="כיוצא בו מוסף היורה שלשולקי זיתים טמא"
                    HPOS="1550.0"
                    VPOS="2193.0"
                    WIDTH="1045.0"
                    HEIGHT="86.0"></String>
          </TextLine>

          
          
          <TextLine ID="eSc_line_482cd2c3"
                    
                    BASELINE="1587 2289 1812 2289 1853 2296 2445 2296 2598 2284" 
                    HPOS="1580.0"
                    VPOS="2258.0"
                    WIDTH="1015.0"
                    HEIGHT="72.0">
            <Shape><Polygon POINTS="1584 2285 1584 2330 2592 2326 2595 2282 2592 2258 1580 2258 1584 2285"/></Shape>
	    <String CONTENT="ושלצבעים טהור ˙ ¶ ו&#39; תנור שנתן בו"
                    HPOS="1580.0"
                    VPOS="2258.0"
                    WIDTH="1015.0"
                    HEIGHT="72.0"></String>
          </TextLine>

          
          
          <TextLine ID="eSc_line_7f60e72c"
                    
                    BASELINE="1577 2354 1621 2364 1890 2364 2003 2357 2050 2364 2562 2364 2598 2356" 
                    HPOS="1570.0"
                    VPOS="2302.0"
                    WIDTH="1025.0"
                    HEIGHT="99.0">
            <Shape><Polygon POINTS="1573 2350 1573 2401 2595 2394 2595 2354 2592 2323 2009 2302 2006 2302 1720 2319 1655 2302 1652 2302 1648 2302 1570 2319 1573 2350"/></Shape>
	    <String CONTENT="עפר עד חציו מעפר ולמטן מטמא במגע"
                    HPOS="1570.0"
                    VPOS="2302.0"
                    WIDTH="1025.0"
                    HEIGHT="99.0"></String>
          </TextLine>

          
          
          <TextLine ID="eSc_line_27704b6e"
                    
                    BASELINE="1587 2422 2258 2432 2299 2425 2598 2419" 
                    HPOS="1580.0"
                    VPOS="2384.0"
                    WIDTH="1015.0"
                    HEIGHT="79.0">
            <Shape><Polygon POINTS="1584 2418 1580 2459 2589 2463 2595 2418 2595 2391 1584 2384 1584 2418"/></Shape>
	    <String CONTENT="מעפר ולמעלן מטמא באויר נתנו על פי"
                    HPOS="1580.0"
                    VPOS="2384.0"
                    WIDTH="1015.0"
                    HEIGHT="79.0"></String>
          </TextLine>

          
          
          <TextLine ID="eSc_line_54b41bd1"
                    
                    BASELINE="1584 2490 1710 2500 2176 2500 2214 2493 2432 2490 2466 2480 2548 2486 2596 2480" 
                    HPOS="1577.0"
                    VPOS="2452.0"
                    WIDTH="1018.0"
                    HEIGHT="75.0">
            <Shape><Polygon POINTS="1580 2486 1577 2527 2592 2527 2595 2476 2592 2452 1580 2452 1580 2486"/></Shape>
	    <String CONTENT="הבור או על פי החדות ונתן שם אבן ר&#39; יהודה"
                    HPOS="1577.0"
                    VPOS="2452.0"
                    WIDTH="1018.0"
                    HEIGHT="75.0"></String>
          </TextLine>

          
          
          <TextLine ID="eSc_line_bd1c0411"
                    
                    BASELINE="1573 2555 2432 2555 2598 2544" 
                    HPOS="1567.0"
                    VPOS="2517.0"
                    WIDTH="1028.0"
                    HEIGHT="82.0">
            <Shape><Polygon POINTS="1570 2555 1570 2599 2592 2589 2595 2541 2592 2517 1567 2517 1570 2555"/></Shape>
	    <String CONTENT="אומ&#39; אם מסיק מלמטן והוא ניסוק מלמעלן"
                    HPOS="1567.0"
                    VPOS="2517.0"
                    WIDTH="1028.0"
                    HEIGHT="82.0"></String>
          </TextLine>

          
          
          <TextLine ID="eSc_line_49acaef8"
                    
                    BASELINE="1543 2609 2227 2616 2394 2612 2428 2606 2598 2606" 
                    HPOS="1536.0"
                    VPOS="2575.0"
                    WIDTH="1059.0"
                    HEIGHT="75.0">
            <Shape><Polygon POINTS="1539 2606 1536 2643 2589 2650 2595 2602 2595 2582 1539 2575 1539 2606"/></Shape>
	    <String CONTENT="טמא וחכמ&#39; אומ&#39; הואיל והוסק מכל מקום טמא :"
                    HPOS="1536.0"
                    VPOS="2575.0"
                    WIDTH="1059.0"
                    HEIGHT="75.0"></String>
          </TextLine>

          
          
          <TextLine ID="eSc_line_b2b94160"
                    
                    BASELINE="1543 2674 2518 2678" 
                    HPOS="1536.0"
                    VPOS="2640.0"
                    WIDTH="981.0"
                    HEIGHT="68.0">
            <Shape><Polygon POINTS="1539 2670 1536 2704 2507 2708 2517 2677 2514 2646 1539 2640 1539 2670"/></Shape>
	    <String CONTENT="¶ ז&#39; תנור שניטמא כיצד מטהרין אותו"
                    HPOS="1536.0"
                    VPOS="2640.0"
                    WIDTH="981.0"
                    HEIGHT="68.0"></String>
          </TextLine>

          
          
          <TextLine ID="eSc_line_cc85ab2b"
                    
                    BASELINE="1543 2738 1989 2735 2112 2728 2598 2728" 
                    HPOS="1536.0"
                    VPOS="2677.0"
                    WIDTH="1059.0"
                    HEIGHT="99.0">
            <Shape><Polygon POINTS="2381 2677 1546 2701 1536 2718 1539 2735 1539 2776 2592 2776 2595 2725 2592 2698 2384 2677 2381 2677"/></Shape>
	    <String CONTENT="חולקו לשלשה וגורר את הטפילה עד שיהא"
                    HPOS="1536.0"
                    VPOS="2677.0"
                    WIDTH="1059.0"
                    HEIGHT="99.0"></String>
          </TextLine>

          
          
          <TextLine ID="eSc_line_82cee105"
                    
                    BASELINE="1546 2800 2377 2800 2415 2793 2598 2793" 
                    HPOS="1539.0"
                    VPOS="2752.0"
                    WIDTH="1056.0"
                    HEIGHT="85.0">
            <Shape><Polygon POINTS="1543 2796 1543 2837 2592 2834 2595 2790 2592 2759 1539 2752 1543 2796"/></Shape>
	    <String CONTENT="בארץ ר&#39; מאיר או&#39; אינו צריך לגור את הטפילה"
                    HPOS="1539.0"
                    VPOS="2752.0"
                    WIDTH="1056.0"
                    HEIGHT="85.0"></String>
          </TextLine>

          
          
          <TextLine ID="eSc_line_306ddb68"
                    
                    BASELINE="1563 2871 1611 2865 2394 2868 2598 2854" 
                    HPOS="1556.0"
                    VPOS="2813.0"
                    WIDTH="1039.0"
                    HEIGHT="96.0">
            <Shape><Polygon POINTS="1560 2868 1560 2909 2592 2909 2595 2851 2592 2830 2548 2813 2544 2813 2541 2813 2156 2830 2026 2813 2023 2813 2020 2813 1979 2830 1798 2813 1795 2813 1556 2830 1560 2868"/></Shape>
	    <String CONTENT="ולא עד שיהא בארץ אלא ממעטו מבפנים"
                    HPOS="1556.0"
                    VPOS="2813.0"
                    WIDTH="1039.0"
                    HEIGHT="96.0"></String>
          </TextLine>

          
          
          <TextLine ID="eSc_line_b24e05a6"
                    
                    BASELINE="1560 2936 1832 2943 2135 2933 2596 2933" 
                    HPOS="1553.0"
                    VPOS="2902.0"
                    WIDTH="1042.0"
                    HEIGHT="72.0">
            <Shape><Polygon POINTS="1556 2933 1556 2974 2592 2974 2595 2929 2589 2902 1553 2902 1556 2933"/></Shape>
	    <String CONTENT="ארבעה טפחים ר&#39; שמעון אומ&#39; (ו)צריך להסיעו :"
                    HPOS="1553.0"
                    VPOS="2902.0"
                    WIDTH="1042.0"
                    HEIGHT="72.0"></String>
          </TextLine>

          
          
          <TextLine ID="eSc_line_40ac999f"
                    
                    BASELINE="1597 3011 2163 3011 2323 3008 2357 3001 2565 3001" 
                    HPOS="1590.0"
                    VPOS="2967.0"
                    WIDTH="971.0"
                    HEIGHT="88.0">
            <Shape><Polygon POINTS="1594 3008 1594 3055 2558 3045 2561 2997 2555 2967 1590 2967 1594 3008"/></Shape>
	    <String CONTENT="ח&#39; חלקו לשנים אחד גדול ואחד קטן [הג&#39;]"
                    HPOS="1590.0"
                    VPOS="2967.0"
                    WIDTH="971.0"
                    HEIGHT="88.0"></String>
          </TextLine>

          
          
          <TextLine ID="eSc_line_43a00ac5"
                    
                    BASELINE="1558 3077 2125 3069 2598 3072" 
                    HPOS="1553.0"
                    VPOS="3028.0"
                    WIDTH="1042.0"
                    HEIGHT="109.0">
            <Shape><Polygon POINTS="1556 3076 1556 3127 2217 3137 2238 3137 2272 3137 2306 3137 2340 3137 2374 3137 2408 3137 2442 3137 2466 3137 2589 3120 2595 3069 2592 3031 1553 3028 1556 3076"/></Shape>
	    <String CONTENT="הגדול טמא והקטן טהור חלקו לשלשה אחד"
                    HPOS="1553.0"
                    VPOS="3028.0"
                    WIDTH="1042.0"
                    HEIGHT="109.0"></String>
          </TextLine>

          
        </TextBlock>
        
        <TextBlock HPOS="384.0"
                   VPOS="639.0"
                   WIDTH="1104.0"
                   HEIGHT="2524.0"
                   ID="eSc_textblock_153fe1a3"
                   TAGREFS="BT2">
          <Shape><Polygon POINTS="472 653 1488 639 1456 3139 430 3163 384 1547 385 1509 387 1467 478 1449"/></Shape>
          
          
          <TextLine ID="eSc_line_ad9b36a8"
                    
                    BASELINE="480 694 1477 705" 
                    HPOS="473.0"
                    VPOS="647.0"
                    WIDTH="1002.0"
                    HEIGHT="112.0">
            <Shape><Polygon POINTS="476 691 473 735 671 756 674 756 773 742 797 759 800 759 803 759 807 759 1468 746 1475 701 1475 671 1413 650 1410 650 1406 650 1311 667 1308 667 1280 650 1277 650 1274 650 1270 650 1158 667 1144 667 1134 667 1062 647 1059 647 1056 647 476 657 476 691"/></Shape>
	    <String CONTENT="גדול כשנים הגדול טמא ושנים קטנים [ט&#39;]"
                    HPOS="473.0"
                    VPOS="647.0"
                    WIDTH="1002.0"
                    HEIGHT="112.0"></String>
          </TextLine>

          
          
          <TextLine ID="eSc_line_0107974c"
                    
                    BASELINE="493 776 647 776 735 783 1492 783" 
                    HPOS="487.0"
                    VPOS="725.0"
                    WIDTH="1001.0"
                    HEIGHT="92.0">
            <Shape><Polygon POINTS="490 773 487 817 1485 817 1488 780 1485 749 1389 729 1386 729 1083 746 562 725 558 725 555 725 490 746 490 773"/></Shape>
	    <String CONTENT="טהורים ˙ ¶ ט&#39; חיתכו חליות לרוחבו פחות"
                    HPOS="487.0"
                    VPOS="725.0"
                    WIDTH="1001.0"
                    HEIGHT="92.0"></String>
          </TextLine>

          
          
          <TextLine ID="eSc_line_b672d6f0"
                    
                    BASELINE="493 858 749 858 790 868 1076 861 1274 865 1484 855" 
                    HPOS="487.0"
                    VPOS="807.0"
                    WIDTH="994.0"
                    HEIGHT="92.0">
            <Shape><Polygon POINTS="490 855 490 899 1478 889 1481 851 1478 814 487 807 490 855"/></Shape>
	    <String CONTENT="מארבעה טפחים טהור מירחו בטיט מקבל"
                    HPOS="487.0"
                    VPOS="807.0"
                    WIDTH="994.0"
                    HEIGHT="92.0"></String>
          </TextLine>

          
          
          <TextLine ID="eSc_line_f1e2a993"
                    
                    BASELINE="466 916 613 926 950 926 1260 916 1501 916" 
                    HPOS="459.0"
                    VPOS="882.0"
                    WIDTH="1039.0"
                    HEIGHT="71.0">
            <Shape><Polygon POINTS="463 912 463 953 1498 953 1498 912 1492 882 459 882 463 912"/></Shape>
	    <String CONTENT="טומאה משיסיקנו כדי לאופות בו סיפגנים"
                    HPOS="459.0"
                    VPOS="882.0"
                    WIDTH="1039.0"
                    HEIGHT="71.0"></String>
          </TextLine>

          
          
          <TextLine ID="eSc_line_32bceeab"
                    
                    BASELINE="442 981 1134 987 1168 981 1494 974" 
                    HPOS="436.0"
                    VPOS="947.0"
                    WIDTH="1056.0"
                    HEIGHT="85.0">
            <Shape><Polygon POINTS="439 977 436 1011 1345 1028 1355 1028 1389 1028 1423 1028 1458 1028 1458 1028 1485 1032 1492 970 1488 950 439 947 439 977"/></Shape>
	    <String CONTENT="הרחיק ממנו את הטפילה ונתן חול או צרור"
                    HPOS="436.0"
                    VPOS="947.0"
                    WIDTH="1056.0"
                    HEIGHT="85.0"></String>
          </TextLine>

          
          
          <TextLine ID="eSc_line_8731d2eb"
                    
                    BASELINE="480 1049 1004 1049 1110 1045 1144 1035 1212 1042 1473 1035" 
                    HPOS="473.0"
                    VPOS="1004.0"
                    WIDTH="998.0"
                    HEIGHT="82.0">
            <Shape><Polygon POINTS="476 1045 476 1086 1468 1079 1471 1032 1464 1004 473 1008 476 1045"/></Shape>
	    <String CONTENT="בנתיים בזה אמרו הנידה והטהורה אופות"
                    HPOS="473.0"
                    VPOS="1004.0"
                    WIDTH="998.0"
                    HEIGHT="82.0"></String>
          </TextLine>

          
          
          <TextLine ID="eSc_line_f2643054"
                    
                    BASELINE="473 1100 521 1110 1209 1110 1277 1103 1490 1103" 
                    HPOS="466.0"
                    VPOS="1073.0"
                    WIDTH="1022.0"
                    HEIGHT="68.0">
            <Shape><Polygon POINTS="470 1096 466 1141 1485 1141 1488 1100 1485 1076 470 1073 470 1096"/></Shape>
	    <String CONTENT="בו והוא טהור ˙ ¶ י&#39; תנו[ה](ר) שבא מחותך"
                    HPOS="466.0"
                    VPOS="1073.0"
                    WIDTH="1022.0"
                    HEIGHT="68.0"></String>
          </TextLine>

          
          
          <TextLine ID="eSc_line_4683e9b9"
                    
                    BASELINE="493 1182 548 1175 1477 1175" 
                    HPOS="487.0"
                    VPOS="1117.0"
                    WIDTH="988.0"
                    HEIGHT="102.0">
            <Shape><Polygon POINTS="490 1178 490 1212 1468 1219 1475 1171 1471 1137 824 1117 821 1117 487 1134 490 1178"/></Shape>
	    <String CONTENT="מבית האומן עשה לו לימודים נותנן עליו"
                    HPOS="487.0"
                    VPOS="1117.0"
                    WIDTH="988.0"
                    HEIGHT="102.0"></String>
          </TextLine>

          
          
          <TextLine ID="eSc_line_a21dc1b5"
                    
                    BASELINE="480 1240 780 1246 892 1240 1473 1233" 
                    HPOS="473.0"
                    VPOS="1202.0"
                    WIDTH="998.0"
                    HEIGHT="72.0">
            <Shape><Polygon POINTS="476 1236 476 1274 1468 1274 1471 1229 1464 1202 473 1202 476 1236"/></Shape>
	    <String CONTENT="והוא טהור ניטמא סילק את הלימודים [ט&#39;]"
                    HPOS="473.0"
                    VPOS="1202.0"
                    WIDTH="998.0"
                    HEIGHT="72.0"></String>
          </TextLine>

          
          
          <TextLine ID="eSc_line_ae282309"
                    
                    BASELINE="480 1308 654 1308 739 1314 1205 1314 1243 1308 1497 1308" 
                    HPOS="473.0"
                    VPOS="1267.0"
                    WIDTH="1022.0"
                    HEIGHT="78.0">
            <Shape><Polygon POINTS="476 1304 473 1345 1492 1345 1495 1304 1492 1270 476 1267 476 1304"/></Shape>
	    <String CONTENT="טהור החזירן לו טהור מירחו בטיט מקבל"
                    HPOS="473.0"
                    VPOS="1267.0"
                    WIDTH="1022.0"
                    HEIGHT="78.0"></String>
          </TextLine>

          
          
          <TextLine ID="eSc_line_54b58973"
                    
                    BASELINE="476 1372 718 1383 1487 1369" 
                    HPOS="470.0"
                    VPOS="1332.0"
                    WIDTH="1015.0"
                    HEIGHT="88.0">
            <Shape><Polygon POINTS="473 1369 473 1413 1291 1420 1294 1420 1481 1400 1485 1366 1478 1332 470 1338 473 1369"/></Shape>
	    <String CONTENT="ט(ומ)אה ואינו צריך להסיקנו שכבר הוסק :"
                    HPOS="470.0"
                    VPOS="1332.0"
                    WIDTH="1015.0"
                    HEIGHT="88.0"></String>
          </TextLine>

          
          
          <TextLine ID="eSc_line_b2ed0de5"
                    
                    BASELINE="453 1427 497 1437 1383 1437 1446 1430 1501 1434" 
                    HPOS="446.0"
                    VPOS="1403.0"
                    WIDTH="1052.0"
                    HEIGHT="82.0">
            <Shape><Polygon POINTS="449 1423 446 1464 562 1485 565 1485 1492 1464 1498 1430 1495 1403 449 1403 449 1423"/></Shape>
	    <String CONTENT="¶ י&#39;א&#39; חיתכו חליות ונתן חול בין חולייה"
                    HPOS="446.0"
                    VPOS="1403.0"
                    WIDTH="1052.0"
                    HEIGHT="82.0"></String>
          </TextLine>

          
          
          <TextLine ID="eSc_line_f6fca918"
                    
                    BASELINE="354 1495 511 1505 1494 1498" 
                    HPOS="347.0"
                    VPOS="1444.0"
                    WIDTH="1145.0"
                    HEIGHT="102.0">
            <Shape><Polygon POINTS="350 1492 350 1539 1488 1546 1492 1495 1488 1458 1464 1444 1461 1444 1458 1444 1158 1444 1154 1444 1151 1444 1148 1444 1117 1464 347 1464 350 1492"/></Shape>
	    <String CONTENT="לחולייה ר&#39; אליעזר מטהר וחכמ&#39; מטמין זה (תנורו)"
                    HPOS="347.0"
                    VPOS="1444.0"
                    WIDTH="1145.0"
                    HEIGHT="102.0"></String>
          </TextLine>

          
          
          <TextLine ID="eSc_line_74018357"
                    
                    BASELINE="480 1570 694 1567 783 1573 977 1573 1059 1567 1429 1563 1470 1553" 
                    HPOS="473.0"
                    VPOS="1526.0"
                    WIDTH="995.0"
                    HEIGHT="85.0">
            <Shape><Polygon POINTS="476 1567 476 1611 1468 1611 1468 1550 1461 1526 473 1529 476 1567"/></Shape>
	    <String CONTENT="של חכיניי יורות הערביים שהוא חופר [א&#39;]"
                    HPOS="473.0"
                    VPOS="1526.0"
                    WIDTH="995.0"
                    HEIGHT="85.0"></String>
          </TextLine>

          
          
          <TextLine ID="eSc_line_cbea774c"
                    
                    BASELINE="453 1631 500 1624 534 1631 694 1635 967 1631 1011 1624 1494 1628" 
                    HPOS="446.0"
                    VPOS="1594.0"
                    WIDTH="1046.0"
                    HEIGHT="88.0">
            <Shape><Polygon POINTS="1468 1611 1454 1594 449 1594 449 1628 446 1662 565 1682 568 1682 892 1665 919 1682 923 1682 926 1682 930 1682 1093 1665 1423 1682 1427 1682 1430 1682 1488 1662 1492 1624 1488 1594 1471 1594 1468 1611"/></Shape>
	    <String CONTENT="בארץ וטח בטיט אם יכול הטייח לעמוד"
                    HPOS="446.0"
                    VPOS="1594.0"
                    WIDTH="1046.0"
                    HEIGHT="88.0"></String>
          </TextLine>

          
          
          <TextLine ID="eSc_line_a96b559a"
                    
                    BASELINE="466 1703 592 1699 987 1710 1032 1703 1497 1696" 
                    HPOS="459.0"
                    VPOS="1662.0"
                    WIDTH="1036.0"
                    HEIGHT="75.0">
            <Shape><Polygon POINTS="463 1699 459 1737 1492 1737 1495 1693 1492 1662 463 1662 463 1699"/></Shape>
	    <String CONTENT="בפני עצמו טמא ואם לאו טהור וזה תנורו"
                    HPOS="459.0"
                    VPOS="1662.0"
                    WIDTH="1036.0"
                    HEIGHT="75.0"></String>
          </TextLine>

          
          
          <TextLine ID="eSc_line_92ee2245"
                    
                    BASELINE="439 1764 490 1761 568 1768 773 1771 1025 1768 1062 1761 1473 1764" 
                    HPOS="432.0"
                    VPOS="1720.0"
                    WIDTH="1039.0"
                    HEIGHT="99.0">
            <Shape><Polygon POINTS="436 1761 432 1798 1461 1819 1471 1761 1468 1720 436 1727 436 1761"/></Shape>
	    <String CONTENT="שלבן דיניי ˙ ¶ י&#39;ב&#39; תנור שלאבן ושלמתכת"
                    HPOS="432.0"
                    VPOS="1720.0"
                    WIDTH="1039.0"
                    HEIGHT="99.0"></String>
          </TextLine>

          
          
          <TextLine ID="eSc_line_73c5e78d"
                    
                    BASELINE="388 1829 572 1839 609 1846 756 1846 841 1839 1359 1836 1473 1825" 
                    HPOS="381.0"
                    VPOS="1795.0"
                    WIDTH="1090.0"
                    HEIGHT="95.0">
            <Shape><Polygon POINTS="384 1825 384 1873 1066 1890 1069 1890 1471 1870 1471 1822 1464 1795 381 1795 384 1825"/></Shape>
	    <String CONTENT="טהור וטמא משם כלי מתכות [ניקלף] ניקב (נִיפְגַם)"
                    HPOS="381.0"
                    VPOS="1795.0"
                    WIDTH="1090.0"
                    HEIGHT="95.0"></String>
          </TextLine>

          
          
          <TextLine ID="eSc_line_f43342b6"
                    
                    BASELINE="497 1914 1477 1907" 
                    HPOS="490.0"
                    VPOS="1870.0"
                    WIDTH="985.0"
                    HEIGHT="78.0">
            <Shape><Polygon POINTS="493 1911 493 1948 1475 1941 1475 1904 1468 1870 490 1873 493 1911"/></Shape>
	    <String CONTENT="ניסדק עשה לו טפילה או מוסף שלטיט"
                    HPOS="490.0"
                    VPOS="1870.0"
                    WIDTH="985.0"
                    HEIGHT="78.0"></String>
          </TextLine>

          
          
          <TextLine ID="eSc_line_1a8fac5f"
                    
                    BASELINE="449 1975 841 1982 923 1975 1325 1972 1366 1965 1470 1969" 
                    HPOS="442.0"
                    VPOS="1938.0"
                    WIDTH="1026.0"
                    HEIGHT="71.0">
            <Shape><Polygon POINTS="446 1972 442 2009 1461 2009 1468 1965 1464 1938 446 1938 446 1972"/></Shape>
	    <String CONTENT="טמא כמה יהא בנקב כדי שיצא בו האור וכן"
                    HPOS="442.0"
                    VPOS="1938.0"
                    WIDTH="1026.0"
                    HEIGHT="71.0"></String>
          </TextLine>

          
          
          <TextLine ID="eSc_line_9f3b16b4"
                    
                    BASELINE="453 2040 500 2050 616 2050 657 2044 783 2044 1001 2033 1073 2037 1280 2026 1470 2030" 
                    HPOS="446.0"
                    VPOS="1982.0"
                    WIDTH="1022.0"
                    HEIGHT="96.0">
            <Shape><Polygon POINTS="449 2037 449 2078 1464 2074 1468 2026 1464 1996 1178 1982 1175 1982 1171 1982 1134 1999 885 1989 882 1989 446 2013 449 2037"/></Shape>
	    <String CONTENT="בכירה ˙ י&#39;ג&#39; כירה שלאבן ושלמתכת [טה&#39;]"
                    HPOS="446.0"
                    VPOS="1982.0"
                    WIDTH="1022.0"
                    HEIGHT="96.0"></String>
          </TextLine>

          
          
          <TextLine ID="eSc_line_38149b49"
                    
                    BASELINE="507 2098 1178 2105 1297 2098 1451 2098" 
                    HPOS="500.0"
                    VPOS="2064.0"
                    WIDTH="947.0"
                    HEIGHT="89.0">
            <Shape><Polygon POINTS="504 2095 500 2129 579 2149 582 2149 974 2135 1025 2153 1028 2153 1032 2153 1444 2135 1447 2095 1444 2064 504 2064 504 2095"/></Shape>
	    <String CONTENT="טהורה וטמאה משם כלי מתכות ניקבה"
                    HPOS="500.0"
                    VPOS="2064.0"
                    WIDTH="947.0"
                    HEIGHT="89.0"></String>
          </TextLine>

          
          
          <TextLine ID="eSc_line_fc3cfae3"
                    
                    BASELINE="442 2176 524 2176 562 2170 1015 2173 1052 2166 1308 2163 1345 2156 1420 2159 1461 2149" 
                    HPOS="436.0"
                    VPOS="2112.0"
                    WIDTH="1022.0"
                    HEIGHT="95.0">
            <Shape><Polygon POINTS="439 2173 439 2207 1458 2204 1458 2146 1454 2129 892 2112 889 2112 885 2112 882 2112 865 2129 861 2132 436 2132 439 2173"/></Shape>
	    <String CONTENT="נפגמה ניסדקה עשה לה פטפוטים טמאה"
                    HPOS="436.0"
                    VPOS="2112.0"
                    WIDTH="1022.0"
                    HEIGHT="95.0"></String>
          </TextLine>

          
          
          <TextLine ID="eSc_line_0c960ff0"
                    
                    BASELINE="453 2244 507 2238 1062 2241 1137 2234 1471 2227" 
                    HPOS="446.0"
                    VPOS="2187.0"
                    WIDTH="1022.0"
                    HEIGHT="88.0">
            <Shape><Polygon POINTS="449 2241 449 2275 1464 2268 1468 2224 1461 2187 446 2200 449 2241"/></Shape>
	    <String CONTENT="מירחה בטיט בין בפנים בין בחוץ טהורה"
                    HPOS="446.0"
                    VPOS="2187.0"
                    WIDTH="1022.0"
                    HEIGHT="88.0"></String>
          </TextLine>

          
          
          <TextLine ID="eSc_line_7179d322"
                    
                    BASELINE="483 2309 841 2306 882 2313 919 2302 1185 2299 1267 2292 1457 2296 1505 2285" 
                    HPOS="476.0"
                    VPOS="2258.0"
                    WIDTH="1026.0"
                    HEIGHT="85.0">
            <Shape><Polygon POINTS="480 2306 480 2343 1502 2336 1502 2282 1495 2258 476 2268 480 2306"/></Shape>
	    <String CONTENT="ר&#39; יהוד&#39; או&#39; מבפנים טמאה ומבחוץ טהורה :"
                    HPOS="476.0"
                    VPOS="2258.0"
                    WIDTH="1026.0"
                    HEIGHT="85.0"></String>
          </TextLine>

          
          
          <TextLine ID="eSc_line_e17af7bf"
                    
                    BASELINE="684 2360 1234 2360" 
                    HPOS="681.0"
                    VPOS="2316.0"
                    WIDTH="552.0"
                    HEIGHT="85.0">
            <Shape><Polygon POINTS="681 2357 681 2394 1229 2401 1233 2357 1233 2340 1049 2316 1045 2316 1042 2316 1039 2316 1008 2336 844 2319 841 2319 732 2336 708 2319 705 2319 701 2319 698 2319 694 2319 691 2319 691 2323 681 2333 681 2357"/></Shape>
	    <String CONTENT="הל&#39; י&#39;ג&#39; ¶ פרק ו&#39;"
                    HPOS="681.0"
                    VPOS="2316.0"
                    WIDTH="552.0"
                    HEIGHT="85.0"></String>
          </TextLine>

          
          
          <TextLine ID="eSc_line_5e2fc1ec"
                    
                    BASELINE="439 2422 637 2432 889 2432 964 2425 1508 2425" 
                    HPOS="432.0"
                    VPOS="2388.0"
                    WIDTH="1073.0"
                    HEIGHT="88.0">
            <Shape><Polygon POINTS="436 2418 432 2456 589 2476 592 2476 1502 2459 1505 2422 1505 2391 436 2388 436 2418"/></Shape>
	    <String CONTENT="¶ העושה שלושה פטפוטים בארץ וחיברם"
                    HPOS="432.0"
                    VPOS="2388.0"
                    WIDTH="1073.0"
                    HEIGHT="88.0"></String>
          </TextLine>

          
          
          <TextLine ID="eSc_line_a4b4b06f"
                    
                    BASELINE="456 2490 640 2500 1345 2497 1413 2503 1488 2490" 
                    HPOS="449.0"
                    VPOS="2459.0"
                    WIDTH="1036.0"
                    HEIGHT="68.0">
            <Shape><Polygon POINTS="453 2486 453 2527 1485 2527 1485 2486 1481 2459 449 2459 453 2486"/></Shape>
	    <String CONTENT="בטיט להיות שופת עליהם את הקדירה [ט&#39;]"
                    HPOS="449.0"
                    VPOS="2459.0"
                    WIDTH="1036.0"
                    HEIGHT="68.0"></String>
          </TextLine>

          
          
          <TextLine ID="eSc_line_37240dcc"
                    
                    BASELINE="429 2558 476 2568 810 2568 844 2561 1158 2558 1229 2551 1464 2551" 
                    HPOS="422.0"
                    VPOS="2517.0"
                    WIDTH="1039.0"
                    HEIGHT="75.0">
            <Shape><Polygon POINTS="425 2555 425 2592 1458 2589 1461 2548 1454 2517 422 2520 425 2555"/></Shape>
	    <String CONTENT="טמיאה קבע שלשה מסמרים בארץ להיות"
                    HPOS="422.0"
                    VPOS="2517.0"
                    WIDTH="1039.0"
                    HEIGHT="75.0"></String>
          </TextLine>

          
          
          <TextLine ID="eSc_line_d52018c4"
                    
                    BASELINE="442 2612 565 2623 1250 2623 1332 2616 1494 2616" 
                    HPOS="436.0"
                    VPOS="2585.0"
                    WIDTH="1056.0"
                    HEIGHT="72.0">
            <Shape><Polygon POINTS="439 2609 436 2657 1488 2657 1492 2612 1488 2585 439 2585 439 2609"/></Shape>
	    <String CONTENT="שופת עליהם את הקדירה אף על פי שעשה"
                    HPOS="436.0"
                    VPOS="2585.0"
                    WIDTH="1056.0"
                    HEIGHT="72.0"></String>
          </TextLine>

          
          
          <TextLine ID="eSc_line_ceb6af88"
                    
                    BASELINE="412 2677 919 2684 1110 2681 1144 2674 1332 2674 1484 2681" 
                    HPOS="405.0"
                    VPOS="2633.0"
                    WIDTH="1076.0"
                    HEIGHT="85.0">
            <Shape><Polygon POINTS="408 2674 405 2718 1475 2718 1481 2677 1478 2653 1148 2633 1144 2633 408 2640 408 2674"/></Shape>
	    <String CONTENT="בְרֹאְשַן מקום שתהא קדירה יושבת טהורה :"
                    HPOS="405.0"
                    VPOS="2633.0"
                    WIDTH="1076.0"
                    HEIGHT="85.0"></String>
          </TextLine>

          
          
          <TextLine ID="eSc_line_15e7663c"
                    
                    BASELINE="466 2735 545 2745 1467 2735" 
                    HPOS="459.0"
                    VPOS="2704.0"
                    WIDTH="1005.0"
                    HEIGHT="72.0">
            <Shape><Polygon POINTS="463 2732 463 2776 1461 2776 1464 2732 1458 2704 459 2708 463 2732"/></Shape>
	    <String CONTENT="ב&#39; העושה שתי אבנים כירה וחיברן"
                    HPOS="459.0"
                    VPOS="2704.0"
                    WIDTH="1005.0"
                    HEIGHT="72.0"></String>
          </TextLine>

          
          
          <TextLine ID="eSc_line_643e20e3"
                    
                    BASELINE="449 2803 493 2813 912 2813 950 2807 1342 2803 1491 2793" 
                    HPOS="442.0"
                    VPOS="2766.0"
                    WIDTH="1046.0"
                    HEIGHT="92.0">
            <Shape><Polygon POINTS="446 2800 446 2841 885 2858 889 2858 1488 2834 1488 2790 1481 2766 442 2769 446 2800"/></Shape>
	    <String CONTENT="בטיט טמיאה ר&#39; יהוד&#39; מטהר עד שיעשה"
                    HPOS="442.0"
                    VPOS="2766.0"
                    WIDTH="1046.0"
                    HEIGHT="92.0"></String>
          </TextLine>

          
          
          <TextLine ID="eSc_line_d916b68d"
                    
                    BASELINE="442 2882 1154 2875 1464 2861" 
                    HPOS="436.0"
                    VPOS="2820.0"
                    WIDTH="1025.0"
                    HEIGHT="99.0">
            <Shape><Polygon POINTS="439 2878 439 2919 1461 2909 1461 2858 1454 2820 436 2837 439 2878"/></Shape>
	    <String CONTENT="שלישית או עד שיסמוך לכותל אחת בטיט"
                    HPOS="436.0"
                    VPOS="2820.0"
                    WIDTH="1025.0"
                    HEIGHT="99.0"></String>
          </TextLine>

          
          
          <TextLine ID="eSc_line_bdb9dbff"
                    
                    BASELINE="473 2939 558 2950 892 2950 933 2943 1236 2939 1270 2933 1464 2939" 
                    HPOS="466.0"
                    VPOS="2888.0"
                    WIDTH="995.0"
                    HEIGHT="89.0">
            <Shape><Polygon POINTS="470 2936 466 2977 1454 2977 1461 2936 1461 2909 1437 2888 1434 2888 1430 2888 1427 2888 885 2905 844 2888 841 2888 838 2888 834 2888 831 2888 831 2892 810 2909 752 2892 749 2892 746 2892 742 2892 739 2892 739 2895 722 2912 470 2912 470 2936"/></Shape>
	    <String CONTENT="ואחת שלא בטיט טהורה ˙ ¶ ג&#39; האבן"
                    HPOS="466.0"
                    VPOS="2888.0"
                    WIDTH="995.0"
                    HEIGHT="89.0"></String>
          </TextLine>

          
          
          <TextLine ID="eSc_line_76fcccc5"
                    
                    BASELINE="429 3011 930 3018 1052 3011 1477 3004" 
                    HPOS="422.0"
                    VPOS="2974.0"
                    WIDTH="1053.0"
                    HEIGHT="71.0">
            <Shape><Polygon POINTS="425 3008 425 3045 1471 3045 1475 3001 1471 2974 422 2974 425 3008"/></Shape>
	    <String CONTENT="שהיה שופת עליה ועל התנור עליה ועל הכירה"
                    HPOS="422.0"
                    VPOS="2974.0"
                    WIDTH="1053.0"
                    HEIGHT="71.0"></String>
          </TextLine>

          
          
          <TextLine ID="eSc_line_b29d3209"
                    
                    BASELINE="453 3079 848 3086 1490 3078" 
                    HPOS="446.0"
                    VPOS="3025.0"
                    WIDTH="1042.0"
                    HEIGHT="115.0">
            <Shape><Polygon POINTS="449 3076 449 3140 1485 3140 1488 3076 1485 3045 1219 3025 1216 3025 841 3042 759 3025 756 3025 752 3025 691 3042 630 3025 626 3025 623 3025 446 3042 449 3076"/></Shape>
	    <String CONTENT="עליה ועל הכופח טמיאה עליה ועל האבן"
                    HPOS="446.0"
                    VPOS="3025.0"
                    WIDTH="1042.0"
                    HEIGHT="115.0"></String>
          </TextLine>

          
        </TextBlock>
        

        
      </PrintSpace>
    </Page>
  </Layout>
</alto>
