<?xml version="1.0" encoding="UTF-8"?>
<alto xmlns:xsi="http://www.w3.org/2001/XMLSchema-instance"
      xmlns="http://www.loc.gov/standards/alto/ns-v4#"
      xsi:schemaLocation="http://www.loc.gov/standards/alto/ns-v4# http://www.loc.gov/standards/alto/v4/alto-4-2.xsd">
  <Description>
    <MeasurementUnit>pixel</MeasurementUnit>
    <sourceImageInformation>
      <fileName>MsParm3173_F13911_0130.jpg</fileName>
      
    </sourceImageInformation>
  </Description>
  
  <Tags>
    <OtherTag ID="BT1" LABEL="Title" DESCRIPTION="block type Title"/><OtherTag ID="BT2" LABEL="Main" DESCRIPTION="block type Main"/><OtherTag ID="BT3" LABEL="Commentary" DESCRIPTION="block type Commentary"/><OtherTag ID="BT4" LABEL="Illustration" DESCRIPTION="block type Illustration"/><OtherTag ID="BT830" LABEL="Margin" DESCRIPTION="block type Margin"/><OtherTag ID="BT831" LABEL="Hole" DESCRIPTION="block type Hole"/><OtherTag ID="BT832" LABEL="Paratext" DESCRIPTION="block type Paratext"/>
    <OtherTag ID="LT2" LABEL="Numbering" DESCRIPTION="line type Numbering"/><OtherTag ID="LT3" LABEL="Correction" DESCRIPTION="line type Correction"/><OtherTag ID="LT501" LABEL="Gloss" DESCRIPTION="line type Gloss"/>
  </Tags>
  
  <Layout>
    <Page WIDTH="3066"
          HEIGHT="4088"
          PHYSICAL_IMG_NR="122"
          ID="eSc_dummypage_">
      <PrintSpace HPOS="0"
                  VPOS="0"
                  WIDTH="3066"
                  HEIGHT="4088">
        
        <TextBlock HPOS="1756.0"
                   VPOS="636.0"
                   WIDTH="929.0"
                   HEIGHT="2453.0"
                   ID="eSc_textblock_8956f725"
                   TAGREFS="BT2">
          <Shape><Polygon POINTS="1756 636 2685 636 2685 3089 1770 3066"/></Shape>
          
          
          <TextLine ID="eSc_line_31b76768"
                    
                    BASELINE="1791 705 2418 711 2677 726" 
                    HPOS="1785.0"
                    VPOS="650.0"
                    WIDTH="889.0"
                    HEIGHT="113.0">
            <Shape><Polygon POINTS="1788 701 1785 742 2664 763 2674 725 2670 677 2248 650 2244 650 1788 660 1788 701"/></Shape>
	    <String CONTENT="אי זו היא הקולנית כל שהיא מדברת בתוך"
                    HPOS="1785.0"
                    VPOS="650.0"
                    WIDTH="889.0"
                    HEIGHT="113.0"></String>
          </TextLine>

          
          
          <TextLine ID="eSc_line_87bf1248"
                    
                    BASELINE="1819 766 1866 786 1904 780 2377 780 2677 792" 
                    HPOS="1812.0"
                    VPOS="739.0"
                    WIDTH="862.0"
                    HEIGHT="95.0">
            <Shape><Polygon POINTS="1815 763 1812 810 2664 834 2674 790 2670 749 1815 739 1815 763"/></Shape>
	    <String CONTENT="ביתה ושכיניה שומעים את קולה ˙ ¶ ז&#39;"
                    HPOS="1812.0"
                    VPOS="739.0"
                    WIDTH="862.0"
                    HEIGHT="95.0"></String>
          </TextLine>

          
          
          <TextLine ID="eSc_line_29f9dd8a"
                    
                    BASELINE="1771 827 1860 838 1934 834 2050 841 2654 852 2677 857" 
                    HPOS="1764.0"
                    VPOS="797.0"
                    WIDTH="910.0"
                    HEIGHT="102.0">
            <Shape><Polygon POINTS="1768 824 1764 872 2660 899 2674 855 2674 817 1768 797 1768 824"/></Shape>
	    <String CONTENT="המקדש את האשה על מנת שאין עליה"
                    HPOS="1764.0"
                    VPOS="797.0"
                    WIDTH="910.0"
                    HEIGHT="102.0"></String>
          </TextLine>

          
          
          <TextLine ID="eSc_line_ad42f4f0"
                    
                    BASELINE="1733 906 2200 919 2677 921" 
                    HPOS="1727.0"
                    VPOS="875.0"
                    WIDTH="947.0"
                    HEIGHT="106.0">
            <Shape><Polygon POINTS="1730 902 1727 953 2664 981 2674 919 2674 882 1730 875 1730 902"/></Shape>
	    <String CONTENT="נדרים ונמצאו עליה נדרים אינה מקודשת"
                    HPOS="1727.0"
                    VPOS="875.0"
                    WIDTH="947.0"
                    HEIGHT="106.0"></String>
          </TextLine>

          
          
          <TextLine ID="eSc_line_53a5ae93"
                    
                    BASELINE="1761 994 2057 994 2098 1001 2677 1003" 
                    HPOS="1754.0"
                    VPOS="943.0"
                    WIDTH="920.0"
                    HEIGHT="109.0">
            <Shape><Polygon POINTS="1757 991 1754 1032 2664 1052 2674 1001 2670 964 1958 943 1955 943 1757 957 1757 991"/></Shape>
	    <String CONTENT="כנסה סתם ונמצאו עליה נדרים תצא [א&#39;]"
                    HPOS="1754.0"
                    VPOS="943.0"
                    WIDTH="920.0"
                    HEIGHT="109.0"></String>
          </TextLine>

          
          
          <TextLine ID="eSc_line_eb33aff9"
                    
                    BASELINE="1788 1062 1870 1069 1917 1062 1952 1073 2483 1076 2520 1083 2677 1091" 
                    HPOS="1781.0"
                    VPOS="1032.0"
                    WIDTH="893.0"
                    HEIGHT="85.0">
            <Shape><Polygon POINTS="1785 1059 1781 1103 2664 1117 2674 1090 2670 1032 1785 1032 1785 1059"/></Shape>
	    <String CONTENT="שלא בכתובה על מנת שאין בה מומים"
                    HPOS="1781.0"
                    VPOS="1032.0"
                    WIDTH="893.0"
                    HEIGHT="85.0"></String>
          </TextLine>

          
          
          <TextLine ID="eSc_line_49936aef"
                    
                    BASELINE="1774 1131 2129 1144 2166 1151 2677 1153" 
                    HPOS="1768.0"
                    VPOS="1100.0"
                    WIDTH="906.0"
                    HEIGHT="95.0">
            <Shape><Polygon POINTS="1771 1127 1768 1171 2664 1195 2674 1151 2674 1110 1771 1100 1771 1127"/></Shape>
	    <String CONTENT="ונמצאו בה מומים אינה מקודשת כנסה"
                    HPOS="1768.0"
                    VPOS="1100.0"
                    WIDTH="906.0"
                    HEIGHT="95.0"></String>
          </TextLine>

          
          
          <TextLine ID="eSc_line_3a89e69c"
                    
                    BASELINE="1778 1212 2677 1220" 
                    HPOS="1771.0"
                    VPOS="1171.0"
                    WIDTH="903.0"
                    HEIGHT="89.0">
            <Shape><Polygon POINTS="1774 1209 1771 1246 2664 1260 2674 1219 2670 1182 1774 1171 1774 1209"/></Shape>
	    <String CONTENT="סתם ונמצאו בה מומים תצא שלא [בכ&#39;]"
                    HPOS="1771.0"
                    VPOS="1171.0"
                    WIDTH="903.0"
                    HEIGHT="89.0"></String>
          </TextLine>

          
          
          <TextLine ID="eSc_line_2decc8eb"
                    
                    BASELINE="1761 1274 1805 1284 1921 1287 2527 1284 2677 1294" 
                    HPOS="1754.0"
                    VPOS="1246.0"
                    WIDTH="920.0"
                    HEIGHT="92.0">
            <Shape><Polygon POINTS="1757 1270 1754 1321 2664 1338 2674 1291 2670 1246 1757 1246 1757 1270"/></Shape>
	    <String CONTENT="בכתובה שכל המומין פוסלין בכהנים [ו&#39;]"
                    HPOS="1754.0"
                    VPOS="1246.0"
                    WIDTH="920.0"
                    HEIGHT="92.0"></String>
          </TextLine>

          
          
          <TextLine ID="eSc_line_4a149ba3"
                    
                    BASELINE="1795 1362 2255 1362 2306 1369 2677 1372" 
                    HPOS="1788.0"
                    VPOS="1304.0"
                    WIDTH="886.0"
                    HEIGHT="109.0">
            <Shape><Polygon POINTS="1791 1359 1788 1396 2664 1413 2674 1369 2670 1325 1938 1325 1931 1321 1890 1304 1887 1304 1883 1304 1791 1318 1791 1359"/></Shape>
	    <String CONTENT="ופוסלין בנשים ˙ ¶ ח&#39; היו בה מומים"
                    HPOS="1788.0"
                    VPOS="1304.0"
                    WIDTH="886.0"
                    HEIGHT="109.0"></String>
          </TextLine>

          
          
          <TextLine ID="eSc_line_ed05a1f4"
                    
                    BASELINE="1733 1437 1948 1437 2095 1430 2149 1441 2677 1451" 
                    HPOS="1727.0"
                    VPOS="1386.0"
                    WIDTH="947.0"
                    HEIGHT="99.0">
            <Shape><Polygon POINTS="1730 1434 1727 1475 2664 1485 2674 1447 2670 1406 2422 1386 2418 1386 1730 1393 1730 1434"/></Shape>
	    <String CONTENT="ועודה בבית אביה האב צריך להביא ראיה"
                    HPOS="1727.0"
                    VPOS="1386.0"
                    WIDTH="947.0"
                    HEIGHT="99.0"></String>
          </TextLine>

          
          
          <TextLine ID="eSc_line_657371b6"
                    
                    BASELINE="1764 1495 1856 1505 2677 1513" 
                    HPOS="1757.0"
                    VPOS="1461.0"
                    WIDTH="917.0"
                    HEIGHT="85.0">
            <Shape><Polygon POINTS="1761 1492 1757 1536 2664 1546 2674 1512 2670 1471 1761 1461 1761 1492"/></Shape>
	    <String CONTENT="שמשנתארסה היו בה מומים אלו ונסתחפה"
                    HPOS="1757.0"
                    VPOS="1461.0"
                    WIDTH="917.0"
                    HEIGHT="85.0"></String>
          </TextLine>

          
          
          <TextLine ID="eSc_line_f2bdcbec"
                    
                    BASELINE="1802 1567 1870 1567 1907 1573 2432 1573 2476 1567 2514 1577 2677 1585" 
                    HPOS="1795.0"
                    VPOS="1533.0"
                    WIDTH="879.0"
                    HEIGHT="88.0">
            <Shape><Polygon POINTS="1798 1563 1795 1607 2664 1621 2674 1584 2670 1536 1798 1533 1798 1563"/></Shape>
	    <String CONTENT="שדהו נכנסה לרשות הבעל הבעל צריך [ל&#39;]"
                    HPOS="1795.0"
                    VPOS="1533.0"
                    WIDTH="879.0"
                    HEIGHT="88.0"></String>
          </TextLine>

          
          
          <TextLine ID="eSc_line_e4fd933f"
                    
                    BASELINE="1802 1628 1934 1628 1972 1621 2009 1631 2163 1635 2677 1643" 
                    HPOS="1795.0"
                    VPOS="1590.0"
                    WIDTH="879.0"
                    HEIGHT="86.0">
            <Shape><Polygon POINTS="1798 1624 1795 1665 2664 1676 2674 1642 2670 1597 1798 1590 1798 1624"/></Shape>
	    <String CONTENT="להביא ראיה שעד שלא תתארס היו בה"
                    HPOS="1795.0"
                    VPOS="1590.0"
                    WIDTH="879.0"
                    HEIGHT="86.0"></String>
          </TextLine>

          
          
          <TextLine ID="eSc_line_97aa48e6"
                    
                    BASELINE="1785 1682 2118 1689 2227 1696 2677 1704" 
                    HPOS="1778.0"
                    VPOS="1645.0"
                    WIDTH="896.0"
                    HEIGHT="88.0">
            <Shape><Polygon POINTS="1781 1679 1778 1716 2664 1733 2674 1703 2670 1665 1781 1645 1781 1679"/></Shape>
	    <String CONTENT="מומים אילו והיה מקחו מקח טעות דב&#39;"
                    HPOS="1778.0"
                    VPOS="1645.0"
                    WIDTH="896.0"
                    HEIGHT="88.0"></String>
          </TextLine>

          
          
          <TextLine ID="eSc_line_f6aa9854"
                    
                    BASELINE="1771 1754 2677 1762" 
                    HPOS="1764.0"
                    VPOS="1710.0"
                    WIDTH="910.0"
                    HEIGHT="95.0">
            <Shape><Polygon POINTS="1768 1751 1764 1785 2664 1805 2674 1761 2670 1710 1768 1710 1768 1751"/></Shape>
	    <String CONTENT="ר&#39; מאיר וחכ&#39; אומ&#39; במי דבר&#39; אמור&#39; במומין"
                    HPOS="1764.0"
                    VPOS="1710.0"
                    WIDTH="910.0"
                    HEIGHT="95.0"></String>
          </TextLine>

          
          
          <TextLine ID="eSc_line_d118e6fd"
                    
                    BASELINE="1788 1812 1832 1822 1921 1825 2132 1825 2180 1836 2217 1829 2360 1825 2677 1833" 
                    HPOS="1781.0"
                    VPOS="1768.0"
                    WIDTH="893.0"
                    HEIGHT="98.0">
            <Shape><Polygon POINTS="1785 1808 1781 1849 2664 1866 2674 1832 2670 1791 1785 1768 1785 1808"/></Shape>
	    <String CONTENT="שבסתר אבל במומין שבגלוי אינו יכול"
                    HPOS="1781.0"
                    VPOS="1768.0"
                    WIDTH="893.0"
                    HEIGHT="98.0"></String>
          </TextLine>

          
          
          <TextLine ID="eSc_line_54030f07"
                    
                    BASELINE="1761 1877 1849 1890 2125 1894 2159 1900 2677 1908" 
                    HPOS="1754.0"
                    VPOS="1849.0"
                    WIDTH="920.0"
                    HEIGHT="103.0">
            <Shape><Polygon POINTS="1757 1866 1757 1873 1754 1921 2241 1948 2244 1948 2347 1934 2350 1934 2388 1952 2391 1952 2394 1952 2667 1938 2674 1907 2674 1853 1768 1849 1757 1866"/></Shape>
	    <String CONTENT="לטעון אם יש עימו מרחץ באותה העיר"
                    HPOS="1754.0"
                    VPOS="1849.0"
                    WIDTH="920.0"
                    HEIGHT="103.0"></String>
          </TextLine>

          
          
          <TextLine ID="eSc_line_cd1ad86a"
                    
                    BASELINE="1788 1955 1873 1969 1911 1962 1992 1958 2030 1969 2677 1977" 
                    HPOS="1781.0"
                    VPOS="1911.0"
                    WIDTH="893.0"
                    HEIGHT="98.0">
            <Shape><Polygon POINTS="1785 1952 1781 1996 2664 2009 2674 1975 2670 1938 2456 1917 2452 1917 2132 1928 2095 1928 2088 1928 2020 1911 2016 1911 2013 1911 1785 1921 1785 1952"/></Shape>
	    <String CONTENT="אף במומין שבסתר אינו יכול לטעון"
                    HPOS="1781.0"
                    VPOS="1911.0"
                    WIDTH="893.0"
                    HEIGHT="98.0"></String>
          </TextLine>

          
          
          <TextLine ID="eSc_line_745cde2f"
                    
                    BASELINE="1849 2037 2200 2044 2285 2050 2360 2050 2432 2044 2640 2058 2677 2056" 
                    HPOS="1843.0"
                    VPOS="1992.0"
                    WIDTH="831.0"
                    HEIGHT="99.0">
            <Shape><Polygon POINTS="1846 2033 1843 2067 2667 2091 2674 2054 2674 2020 2572 1999 2568 1999 2418 2009 2401 2009 2374 1992 2371 1992 2367 1992 1846 1992 1846 2033"/></Shape>
	    <String CONTENT="מפני שהוא בודק ביד קרובותיו ˙ ¶ ט&#39;"
                    HPOS="1843.0"
                    VPOS="1992.0"
                    WIDTH="831.0"
                    HEIGHT="99.0"></String>
          </TextLine>

          
          
          <TextLine ID="eSc_line_cb1fd9cd"
                    
                    BASELINE="1788 2112 1948 2112 1992 2118 2677 2121" 
                    HPOS="1781.0"
                    VPOS="2061.0"
                    WIDTH="893.0"
                    HEIGHT="95.0">
            <Shape><Polygon POINTS="1785 2108 1781 2146 2664 2156 2674 2118 2670 2081 2044 2081 2040 2078 2023 2061 2020 2061 2016 2061 2013 2061 1785 2074 1785 2108"/></Shape>
	    <String CONTENT="האיש שנולדו לו מומין אין כופין אתו"
                    HPOS="1781.0"
                    VPOS="2061.0"
                    WIDTH="893.0"
                    HEIGHT="95.0"></String>
          </TextLine>

          
          
          <TextLine ID="eSc_line_2f2cb7f7"
                    
                    BASELINE="1754 2176 1798 2173 2418 2180 2452 2187 2677 2195" 
                    HPOS="1747.0"
                    VPOS="2139.0"
                    WIDTH="927.0"
                    HEIGHT="82.0">
            <Shape><Polygon POINTS="1751 2173 1747 2210 2664 2221 2674 2193 2670 2153 1751 2139 1751 2173"/></Shape>
	    <String CONTENT="להוציא אמ&#39; רבן שמעון בן גמליﭏ במי דבר&#39;"
                    HPOS="1747.0"
                    VPOS="2139.0"
                    WIDTH="927.0"
                    HEIGHT="82.0"></String>
          </TextLine>

          
          
          <TextLine ID="eSc_line_ed1843d4"
                    
                    BASELINE="1768 2244 1846 2255 2149 2251 2217 2258 2452 2262 2677 2266" 
                    HPOS="1761.0"
                    VPOS="2210.0"
                    WIDTH="913.0"
                    HEIGHT="92.0">
            <Shape><Polygon POINTS="1764 2241 1761 2285 2664 2302 2674 2265 2674 2221 1764 2210 1764 2241"/></Shape>
	    <String CONTENT="אמור&#39; במומין קטנים אבל בגדולים כופין"
                    HPOS="1761.0"
                    VPOS="2210.0"
                    WIDTH="913.0"
                    HEIGHT="92.0"></String>
          </TextLine>

          
          
          <TextLine ID="eSc_line_af8c5cd8"
                    
                    BASELINE="1751 2323 2156 2330 2231 2336 2677 2344" 
                    HPOS="1744.0"
                    VPOS="2275.0"
                    WIDTH="930.0"
                    HEIGHT="99.0">
            <Shape><Polygon POINTS="1747 2319 1744 2357 2664 2374 2674 2343 2674 2306 2514 2282 2510 2282 2374 2299 2360 2299 2340 2299 2115 2275 2112 2275 1747 2285 1747 2319"/></Shape>
	    <String CONTENT="אותו להוציא ˙ ¶ י&#39; אילו שכופין אתם"
                    HPOS="1744.0"
                    VPOS="2275.0"
                    WIDTH="930.0"
                    HEIGHT="99.0"></String>
          </TextLine>

          
          
          <TextLine ID="eSc_line_84421a5d"
                    
                    BASELINE="1740 2391 2064 2398 2098 2405 2677 2407" 
                    HPOS="1733.0"
                    VPOS="2350.0"
                    WIDTH="941.0"
                    HEIGHT="92.0">
            <Shape><Polygon POINTS="1737 2388 1733 2435 2664 2442 2674 2405 2674 2367 2640 2350 2636 2350 2633 2350 1737 2357 1737 2388"/></Shape>
	    <String CONTENT="להוציא מוכי שחין ובעל פוליפוס והמקמץ"
                    HPOS="1733.0"
                    VPOS="2350.0"
                    WIDTH="941.0"
                    HEIGHT="92.0"></String>
          </TextLine>

          
          
          <TextLine ID="eSc_line_473e701f"
                    
                    BASELINE="1764 2473 2677 2488" 
                    HPOS="1757.0"
                    VPOS="2422.0"
                    WIDTH="917.0"
                    HEIGHT="102.0">
            <Shape><Polygon POINTS="1761 2463 1761 2469 1757 2503 2664 2524 2674 2486 2670 2452 2302 2425 2299 2425 2129 2439 2101 2422 2098 2422 2095 2422 2091 2422 2088 2422 2040 2439 1771 2439 1761 2463"/></Shape>
	    <String CONTENT="והמצרף נחשת והבורסי בין שהיו כן [ע&#39;]"
                    HPOS="1757.0"
                    VPOS="2422.0"
                    WIDTH="917.0"
                    HEIGHT="102.0"></String>
          </TextLine>

          
          
          <TextLine ID="eSc_line_2756fd28"
                    
                    BASELINE="1778 2548 2173 2548 2248 2555 2449 2555 2677 2556" 
                    HPOS="1771.0"
                    VPOS="2514.0"
                    WIDTH="903.0"
                    HEIGHT="75.0">
            <Shape><Polygon POINTS="1774 2544 1771 2585 2667 2589 2674 2555 2670 2514 1774 2514 1774 2544"/></Shape>
	    <String CONTENT="עד שלא נישאו ובין משנישאו למדו"
                    HPOS="1771.0"
                    VPOS="2514.0"
                    WIDTH="903.0"
                    HEIGHT="75.0"></String>
          </TextLine>

          
          
          <TextLine ID="eSc_line_0ea111f5"
                    
                    BASELINE="1774 2612 1866 2606 2677 2614" 
                    HPOS="1768.0"
                    VPOS="2555.0"
                    WIDTH="906.0"
                    HEIGHT="88.0">
            <Shape><Polygon POINTS="1771 2609 1768 2640 2664 2643 2674 2612 2670 2582 2582 2561 2578 2561 2108 2572 2088 2555 2084 2555 2081 2555 2078 2555 1771 2568 1771 2609"/></Shape>
	    <String CONTENT="ועל כולם אמ&#39; ר&#39; מאיר אף על פי שהיתנה"
                    HPOS="1768.0"
                    VPOS="2555.0"
                    WIDTH="906.0"
                    HEIGHT="88.0"></String>
          </TextLine>

          
          
          <TextLine ID="eSc_line_092db4db"
                    
                    BASELINE="1768 2653 1996 2664 2677 2672" 
                    HPOS="1761.0"
                    VPOS="2626.0"
                    WIDTH="913.0"
                    HEIGHT="82.0">
            <Shape><Polygon POINTS="1764 2650 1761 2691 2664 2708 2674 2670 2670 2640 1764 2626 1764 2650"/></Shape>
	    <String CONTENT="עימה יכולה היא שתאמר סבורה הייתי"
                    HPOS="1761.0"
                    VPOS="2626.0"
                    WIDTH="913.0"
                    HEIGHT="82.0"></String>
          </TextLine>

          
          
          <TextLine ID="eSc_line_9d12c0ac"
                    
                    BASELINE="1761 2721 1856 2732 2677 2740" 
                    HPOS="1754.0"
                    VPOS="2670.0"
                    WIDTH="920.0"
                    HEIGHT="99.0">
            <Shape><Polygon POINTS="1757 2718 1754 2762 2664 2769 2674 2738 2674 2701 2493 2681 2490 2681 2486 2681 2445 2694 2428 2681 2428 2677 2425 2677 2422 2677 2418 2677 2217 2694 2207 2694 2204 2694 2180 2674 2176 2674 2173 2674 2170 2674 1945 2691 1934 2691 1931 2691 1839 2670 1836 2670 1757 2687 1757 2718"/></Shape>
	    <String CONTENT="שאני יכולה לקבל ועכשיו איני יכולה"
                    HPOS="1754.0"
                    VPOS="2670.0"
                    WIDTH="920.0"
                    HEIGHT="99.0"></String>
          </TextLine>

          
          
          <TextLine ID="eSc_line_e4062172"
                    
                    BASELINE="1788 2793 2016 2793 2088 2800 2677 2808" 
                    HPOS="1781.0"
                    VPOS="2755.0"
                    WIDTH="893.0"
                    HEIGHT="86.0">
            <Shape><Polygon POINTS="1785 2790 1781 2830 2664 2841 2674 2807 2670 2769 1785 2755 1785 2790"/></Shape>
	    <String CONTENT="לקבל וחכמ&#39; אומ&#39; מקבלת היא על כורחה"
                    HPOS="1781.0"
                    VPOS="2755.0"
                    WIDTH="893.0"
                    HEIGHT="86.0"></String>
          </TextLine>

          
          
          <TextLine ID="eSc_line_2fc7a6bb"
                    
                    BASELINE="1774 2861 2248 2861 2282 2868 2677 2876" 
                    HPOS="1768.0"
                    VPOS="2810.0"
                    WIDTH="906.0"
                    HEIGHT="99.0">
            <Shape><Polygon POINTS="1771 2858 1768 2902 2664 2909 2674 2875 2670 2834 2251 2813 2248 2813 2125 2827 2122 2827 2118 2827 2037 2810 2033 2810 1771 2824 1771 2858"/></Shape>
	    <String CONTENT="חוץ ממוכה שחין מפני שהיא ממקתו"
                    HPOS="1768.0"
                    VPOS="2810.0"
                    WIDTH="906.0"
                    HEIGHT="99.0"></String>
          </TextLine>

          
          
          <TextLine ID="eSc_line_567e5d8c"
                    
                    BASELINE="1791 2922 2333 2929 2384 2936 2661 2933" 
                    HPOS="1785.0"
                    VPOS="2888.0"
                    WIDTH="875.0"
                    HEIGHT="99.0">
            <Shape><Polygon POINTS="1788 2919 1785 2967 1958 2987 1962 2987 2657 2980 2660 2929 2657 2895 1788 2888 1788 2919"/></Shape>
	    <String CONTENT="מעשה בצידן בבורסי שמת והיה לו אח"
                    HPOS="1785.0"
                    VPOS="2888.0"
                    WIDTH="875.0"
                    HEIGHT="99.0"></String>
          </TextLine>

          
          
          <TextLine ID="eSc_line_b3f4fbdc"
                    
                    BASELINE="1754 3001 2646 3011" 
                    HPOS="1747.0"
                    VPOS="2953.0"
                    WIDTH="896.0"
                    HEIGHT="109.0">
            <Shape><Polygon POINTS="1751 2997 1747 3038 2044 3062 2047 3062 2636 3055 2643 3008 2643 2974 1941 2953 1938 2953 1751 2967 1751 2997"/></Shape>
	    <String CONTENT="בורסי אמרו חכמ&#39; יכולה היא שתאמר"
                    HPOS="1747.0"
                    VPOS="2953.0"
                    WIDTH="896.0"
                    HEIGHT="109.0"></String>
          </TextLine>

          
        </TextBlock>
        
        <TextBlock HPOS="552.0"
                   VPOS="624.0"
                   WIDTH="1101.0"
                   HEIGHT="2452.0"
                   ID="eSc_textblock_0de8101c"
                   TAGREFS="BT2">
          <Shape><Polygon POINTS="622 629 1625 624 1653 3076 552 3062"/></Shape>
          
          
          <TextLine ID="eSc_line_0c68c958"
                    
                    BASELINE="602 691 1641 707" 
                    HPOS="596.0"
                    VPOS="630.0"
                    WIDTH="1042.0"
                    HEIGHT="119.0">
            <Shape><Polygon POINTS="1621 664 1604 647 1597 643 1594 643 1590 643 1587 643 1533 660 1267 660 1263 657 1216 637 1212 637 1209 637 930 650 916 650 909 650 807 630 803 630 599 643 599 688 596 732 1628 749 1638 705 1638 664 1624 657 1621 664"/></Shape>
	    <String CONTENT="לאחיך הייתי יכולה לקבל ולך איני יכולה לקבל :"
                    HPOS="596.0"
                    VPOS="630.0"
                    WIDTH="1042.0"
                    HEIGHT="119.0"></String>
          </TextLine>

          
          
          <TextLine ID="eSc_line_f17cf07f"
                    
                    BASELINE="906 763 1325 769" 
                    HPOS="899.0"
                    VPOS="722.0"
                    WIDTH="422.0"
                    HEIGHT="81.0">
            <Shape><Polygon POINTS="902 759 899 803 1314 803 1321 766 1321 746 1263 725 1260 725 1257 725 1178 742 1171 742 1158 742 967 722 964 722 960 722 902 735 902 759"/></Shape>
	    <String CONTENT="הל&#39; י&#39; ¶ פרק ח&#39;"
                    HPOS="899.0"
                    VPOS="722.0"
                    WIDTH="422.0"
                    HEIGHT="81.0"></String>
          </TextLine>

          
          
          <TextLine ID="eSc_line_48e3f06c"
                    
                    BASELINE="623 824 1226 831 1362 838 1641 833" 
                    HPOS="616.0"
                    VPOS="776.0"
                    WIDTH="1022.0"
                    HEIGHT="113.0">
            <Shape><Polygon POINTS="620 821 616 865 1257 889 1260 889 1635 872 1638 831 1635 800 868 776 865 776 620 790 620 821"/></Shape>
	    <String CONTENT="¶ האשה שנפלו לה נכסים עד שלא תתארס [מו&#39;]"
                    HPOS="616.0"
                    VPOS="776.0"
                    WIDTH="1022.0"
                    HEIGHT="113.0"></String>
          </TextLine>

          
          
          <TextLine ID="eSc_line_1187c7f5"
                    
                    BASELINE="609 895 654 906 1151 902 1188 909 1641 911" 
                    HPOS="602.0"
                    VPOS="872.0"
                    WIDTH="1036.0"
                    HEIGHT="75.0">
            <Shape><Polygon POINTS="606 892 602 947 1631 947 1638 909 1635 872 606 872 606 892"/></Shape>
	    <String CONTENT="מודין בית שמי ובית הלל שהיא מוכרת ונותנת"
                    HPOS="602.0"
                    VPOS="872.0"
                    WIDTH="1036.0"
                    HEIGHT="75.0"></String>
          </TextLine>

          
          
          <TextLine ID="eSc_line_a453000c"
                    
                    BASELINE="602 974 746 981 783 987 1100 984 1219 991 1641 993" 
                    HPOS="596.0"
                    VPOS="943.0"
                    WIDTH="1042.0"
                    HEIGHT="99.0">
            <Shape><Polygon POINTS="599 970 596 1018 786 1039 790 1039 1144 1025 1148 1025 1212 1042 1216 1042 1219 1042 1631 1025 1638 991 1638 950 599 943 599 970"/></Shape>
	    <String CONTENT="וקיים נפלו לה משנתארסה בית שמי אומרין"
                    HPOS="596.0"
                    VPOS="943.0"
                    WIDTH="1042.0"
                    HEIGHT="99.0"></String>
          </TextLine>

          
          
          <TextLine ID="eSc_line_9b49fdbd"
                    
                    BASELINE="568 1059 647 1052 688 1059 831 1062 947 1059 1641 1065" 
                    HPOS="562.0"
                    VPOS="1004.0"
                    WIDTH="1076.0"
                    HEIGHT="96.0">
            <Shape><Polygon POINTS="565 1056 562 1093 1628 1100 1638 1062 1638 1028 1195 1004 1192 1004 565 1015 565 1056"/></Shape>
	    <String CONTENT="תמכור ובית הלל או&#39; לא תמכור אלו ואלו מודין"
                    HPOS="562.0"
                    VPOS="1004.0"
                    WIDTH="1076.0"
                    HEIGHT="96.0"></String>
          </TextLine>

          
          
          <TextLine ID="eSc_line_c5fe2446"
                    
                    BASELINE="589 1124 1301 1137 1641 1137" 
                    HPOS="582.0"
                    VPOS="1076.0"
                    WIDTH="1056.0"
                    HEIGHT="112.0">
            <Shape><Polygon POINTS="585 1120 582 1158 1417 1188 1420 1188 1635 1171 1638 1134 1635 1103 1171 1079 1168 1079 1018 1093 1008 1093 974 1076 970 1076 967 1076 585 1086 585 1120"/></Shape>
	    <String CONTENT="שאם מכרה ונתנה קיים אמר[ו] ר&#39; יהודה אמרו"
                    HPOS="582.0"
                    VPOS="1076.0"
                    WIDTH="1056.0"
                    HEIGHT="112.0"></String>
          </TextLine>

          
          
          <TextLine ID="eSc_line_a58fa5eb"
                    
                    BASELINE="620 1205 1641 1202" 
                    HPOS="613.0"
                    VPOS="1148.0"
                    WIDTH="1025.0"
                    HEIGHT="98.0">
            <Shape><Polygon POINTS="616 1202 616 1246 1635 1243 1638 1199 1635 1165 780 1148 776 1148 773 1148 769 1148 769 1151 752 1165 752 1168 613 1168 616 1202"/></Shape>
	    <String CONTENT="לפני רבן גמליﭏ הואיל וזכה באשה לא זכה"
                    HPOS="613.0"
                    VPOS="1148.0"
                    WIDTH="1025.0"
                    HEIGHT="98.0"></String>
          </TextLine>

          
          
          <TextLine ID="eSc_line_219bf65f"
                    
                    BASELINE="630 1267 708 1280 1641 1280" 
                    HPOS="623.0"
                    VPOS="1233.0"
                    WIDTH="1015.0"
                    HEIGHT="88.0">
            <Shape><Polygon POINTS="626 1263 623 1314 1631 1321 1638 1277 1635 1233 626 1233 626 1263"/></Shape>
	    <String CONTENT="בנכסים אמ&#39; להם בחדשים אנו בושים אלא"
                    HPOS="623.0"
                    VPOS="1233.0"
                    WIDTH="1015.0"
                    HEIGHT="88.0"></String>
          </TextLine>

          
          
          <TextLine ID="eSc_line_45fc9f1b"
                    
                    BASELINE="725 1332 769 1342 970 1349 1008 1355 1641 1355" 
                    HPOS="718.0"
                    VPOS="1304.0"
                    WIDTH="920.0"
                    HEIGHT="99.0">
            <Shape><Polygon POINTS="722 1328 718 1379 916 1403 919 1403 923 1403 977 1386 1004 1403 1008 1403 1011 1403 1015 1403 1635 1389 1638 1352 1635 1314 722 1304 722 1328"/></Shape>
	    <String CONTENT="שאתם מגלגלין עלינו את הישנים ˙ ב&#39;"
                    HPOS="718.0"
                    VPOS="1304.0"
                    WIDTH="920.0"
                    HEIGHT="99.0"></String>
          </TextLine>

          
          
          <TextLine ID="eSc_line_f34861d6"
                    
                    BASELINE="589 1423 1151 1420 1188 1427 1492 1430 1641 1439" 
                    HPOS="582.0"
                    VPOS="1366.0"
                    WIDTH="1056.0"
                    HEIGHT="102.0">
            <Shape><Polygon POINTS="585 1420 582 1458 1628 1468 1638 1437 1635 1386 1533 1366 1529 1366 1526 1366 1522 1366 1498 1383 1468 1366 1464 1366 1461 1366 1311 1383 872 1366 868 1366 718 1383 674 1366 671 1366 667 1366 585 1383 585 1420"/></Shape>
	    <String CONTENT="נפלו לה משנישאת אלו ואלו מודין שאם מכרה"
                    HPOS="582.0"
                    VPOS="1366.0"
                    WIDTH="1056.0"
                    HEIGHT="102.0"></String>
          </TextLine>

          
          
          <TextLine ID="eSc_line_729e8475"
                    
                    BASELINE="575 1481 626 1492 1447 1488 1631 1495 1641 1495" 
                    HPOS="568.0"
                    VPOS="1454.0"
                    WIDTH="1070.0"
                    HEIGHT="75.0">
            <Shape><Polygon POINTS="572 1478 572 1526 1631 1529 1638 1492 1635 1454 568 1454 572 1478"/></Shape>
	    <String CONTENT="ונתנה שהבעל מוציא מיד הלקוחות עד שלא"
                    HPOS="568.0"
                    VPOS="1454.0"
                    WIDTH="1070.0"
                    HEIGHT="75.0"></String>
          </TextLine>

          
          
          <TextLine ID="eSc_line_6970d97e"
                    
                    BASELINE="575 1550 739 1560 1352 1556 1464 1563 1641 1563" 
                    HPOS="568.0"
                    VPOS="1522.0"
                    WIDTH="1070.0"
                    HEIGHT="72.0">
            <Shape><Polygon POINTS="1631 1522 572 1522 572 1546 568 1590 1631 1594 1638 1560 1635 1529 1631 1522"/></Shape>
	    <String CONTENT="נישאת ונישאת רבן גמליﭏ או&#39; אם מכרה [ונ&#39;]"
                    HPOS="568.0"
                    VPOS="1522.0"
                    WIDTH="1070.0"
                    HEIGHT="72.0"></String>
          </TextLine>

          
          
          <TextLine ID="eSc_line_8a6970d9"
                    
                    BASELINE="602 1611 1045 1611 1083 1618 1641 1626" 
                    HPOS="596.0"
                    VPOS="1580.0"
                    WIDTH="1042.0"
                    HEIGHT="82.0">
            <Shape><Polygon POINTS="599 1607 596 1645 1628 1662 1638 1624 1635 1590 599 1580 599 1607"/></Shape>
	    <String CONTENT="ונתנה קיים אמ&#39; ר&#39; חנניה בן עקביה אמרו לפני"
                    HPOS="596.0"
                    VPOS="1580.0"
                    WIDTH="1042.0"
                    HEIGHT="82.0"></String>
          </TextLine>

          
          
          <TextLine ID="eSc_line_9f355778"
                    
                    BASELINE="568 1669 749 1676 790 1686 831 1679 1641 1679" 
                    HPOS="562.0"
                    VPOS="1645.0"
                    WIDTH="1076.0"
                    HEIGHT="71.0">
            <Shape><Polygon POINTS="565 1665 562 1716 1635 1716 1638 1676 1635 1645 565 1645 565 1665"/></Shape>
	    <String CONTENT="רבן גמליאל הואיל וזכה באשה לא זכה בנכסין"
                    HPOS="562.0"
                    VPOS="1645.0"
                    WIDTH="1076.0"
                    HEIGHT="71.0"></String>
          </TextLine>

          
          
          <TextLine ID="eSc_line_e974b88e"
                    
                    BASELINE="562 1740 766 1751 1641 1745" 
                    HPOS="555.0"
                    VPOS="1703.0"
                    WIDTH="1083.0"
                    HEIGHT="85.0">
            <Shape><Polygon POINTS="589 1723 585 1703 555 1703 558 1737 558 1785 1631 1788 1638 1744 1631 1703 599 1703 589 1723"/></Shape>
	    <String CONTENT="אמ&#39; להם בחדשים אנו בושים אלא שאתם מגלגלין"
                    HPOS="555.0"
                    VPOS="1703.0"
                    WIDTH="1083.0"
                    HEIGHT="85.0"></String>
          </TextLine>

          
          
          <TextLine ID="eSc_line_ac215be1"
                    
                    BASELINE="575 1812 769 1812 803 1819 1641 1813" 
                    HPOS="568.0"
                    VPOS="1757.0"
                    WIDTH="1070.0"
                    HEIGHT="96.0">
            <Shape><Polygon POINTS="572 1808 572 1853 1635 1846 1638 1812 1635 1774 1560 1757 1556 1757 1553 1757 1550 1757 1512 1778 1509 1778 1417 1778 620 1761 616 1761 613 1761 568 1774 572 1808"/></Shape>
	    <String CONTENT="עלינו את הישנים ˙ ¶ ג&#39; ר&#39; שמעון חולק בין [נ&#39;]"
                    HPOS="568.0"
                    VPOS="1757.0"
                    WIDTH="1070.0"
                    HEIGHT="96.0"></String>
          </TextLine>

          
          
          <TextLine ID="eSc_line_99a08de8"
                    
                    BASELINE="565 1866 698 1880 1308 1880 1349 1890 1383 1883 1641 1883" 
                    HPOS="558.0"
                    VPOS="1839.0"
                    WIDTH="1080.0"
                    HEIGHT="92.0">
            <Shape><Polygon POINTS="562 1863 558 1914 1631 1931 1638 1880 1635 1843 562 1839 562 1863"/></Shape>
	    <String CONTENT="נכסים לנכסים נכסים הידועים לבעל לא תמכור"
                    HPOS="558.0"
                    VPOS="1839.0"
                    WIDTH="1080.0"
                    HEIGHT="92.0"></String>
          </TextLine>

          
          
          <TextLine ID="eSc_line_d7d441a1"
                    
                    BASELINE="575 1952 814 1952 855 1958 1151 1962 1188 1969 1342 1969 1383 1962 1641 1962" 
                    HPOS="568.0"
                    VPOS="1900.0"
                    WIDTH="1070.0"
                    HEIGHT="113.0">
            <Shape><Polygon POINTS="572 1948 568 1992 1004 2013 1008 2013 1635 1996 1638 1958 1635 1917 572 1900 572 1948"/></Shape>
	    <String CONTENT="שאם מכרה ונתנה בטל ושאינן ידועים לבעל"
                    HPOS="568.0"
                    VPOS="1900.0"
                    WIDTH="1070.0"
                    HEIGHT="113.0"></String>
          </TextLine>

          
          
          <TextLine ID="eSc_line_c55d032b"
                    
                    BASELINE="684 2026 735 2020 916 2030 1641 2030" 
                    HPOS="677.0"
                    VPOS="1982.0"
                    WIDTH="961.0"
                    HEIGHT="85.0">
            <Shape><Polygon POINTS="681 2023 677 2064 1631 2067 1638 2026 1631 1982 681 1989 681 2023"/></Shape>
	    <String CONTENT="לא תמכור שאם מכרה ונתנה קיים ˙ ¶ ד&#39;"
                    HPOS="677.0"
                    VPOS="1982.0"
                    WIDTH="961.0"
                    HEIGHT="85.0"></String>
          </TextLine>

          
          
          <TextLine ID="eSc_line_9434190f"
                    
                    BASELINE="565 2095 654 2105 1641 2101" 
                    HPOS="558.0"
                    VPOS="2061.0"
                    WIDTH="1080.0"
                    HEIGHT="74.0">
            <Shape><Polygon POINTS="562 2091 562 2135 1635 2135 1638 2098 1635 2061 558 2061 562 2091"/></Shape>
	    <String CONTENT="נפלו לה כספים ילקח בהן קרקע והוא אוכל [פ&#39;]"
                    HPOS="558.0"
                    VPOS="2061.0"
                    WIDTH="1080.0"
                    HEIGHT="74.0"></String>
          </TextLine>

          
          
          <TextLine ID="eSc_line_f3665deb"
                    
                    BASELINE="558 2163 681 2173 1641 2173" 
                    HPOS="551.0"
                    VPOS="2132.0"
                    WIDTH="1087.0"
                    HEIGHT="78.0">
            <Shape><Polygon POINTS="1624 2132 555 2132 555 2159 551 2210 1635 2210 1638 2170 1638 2153 1624 2132"/></Shape>
	    <String CONTENT="פירות פירות תלושים מן הקרקע ילקח בהן קרקע"
                    HPOS="551.0"
                    VPOS="2132.0"
                    WIDTH="1087.0"
                    HEIGHT="78.0"></String>
          </TextLine>

          
          
          <TextLine ID="eSc_line_a9835ec3"
                    
                    BASELINE="562 2248 620 2248 654 2258 722 2251 1423 2255 1641 2249" 
                    HPOS="555.0"
                    VPOS="2204.0"
                    WIDTH="1083.0"
                    HEIGHT="88.0">
            <Shape><Polygon POINTS="558 2244 555 2292 1635 2289 1638 2248 1631 2204 558 2207 558 2244"/></Shape>
	    <String CONTENT="והוא אוכל פירות מחוברין לקרקע אמ&#39; ר&#39; מאיר"
                    HPOS="555.0"
                    VPOS="2204.0"
                    WIDTH="1083.0"
                    HEIGHT="88.0"></String>
          </TextLine>

          
          
          <TextLine ID="eSc_line_f75782da"
                    
                    BASELINE="585 2316 841 2316 885 2323 1641 2319" 
                    HPOS="579.0"
                    VPOS="2279.0"
                    WIDTH="1059.0"
                    HEIGHT="92.0">
            <Shape><Polygon POINTS="582 2313 582 2357 1498 2371 1502 2371 1635 2350 1638 2316 1631 2279 579 2279 582 2313"/></Shape>
	    <String CONTENT="שמים אותם כמה הן יפים בפירות וכמה הן [י&#39;]"
                    HPOS="579.0"
                    VPOS="2279.0"
                    WIDTH="1059.0"
                    HEIGHT="92.0"></String>
          </TextLine>

          
          
          <TextLine ID="eSc_line_3e1d60c3"
                    
                    BASELINE="579 2388 1641 2388" 
                    HPOS="575.0"
                    VPOS="2350.0"
                    WIDTH="1063.0"
                    HEIGHT="85.0">
            <Shape><Polygon POINTS="575 2384 575 2435 1638 2435 1638 2384 1635 2350 575 2350 575 2384"/></Shape>
	    <String CONTENT="[וכמה] יפים בלא פירות והמותר ילקח בהן קרקע"
                    HPOS="575.0"
                    VPOS="2350.0"
                    WIDTH="1063.0"
                    HEIGHT="85.0"></String>
          </TextLine>

          
          
          <TextLine ID="eSc_line_fe22a81e"
                    
                    BASELINE="565 2459 654 2456 872 2466 1076 2466 1209 2473 1641 2468" 
                    HPOS="558.0"
                    VPOS="2422.0"
                    WIDTH="1080.0"
                    HEIGHT="75.0">
            <Shape><Polygon POINTS="562 2456 558 2493 1631 2497 1638 2466 1635 2422 562 2422 562 2456"/></Shape>
	    <String CONTENT="והוא אוכל פירות וחכמ&#39; אומ&#39; פירות המחוברים"
                    HPOS="558.0"
                    VPOS="2422.0"
                    WIDTH="1080.0"
                    HEIGHT="75.0"></String>
          </TextLine>

          
          
          <TextLine ID="eSc_line_22b93183"
                    
                    BASELINE="562 2534 790 2531 1090 2534 1161 2541 1641 2541" 
                    HPOS="555.0"
                    VPOS="2493.0"
                    WIDTH="1083.0"
                    HEIGHT="82.0">
            <Shape><Polygon POINTS="558 2531 555 2572 1631 2575 1638 2537 1635 2493 558 2493 558 2531"/></Shape>
	    <String CONTENT="לקרקע שלו והתלושין מן הקרקע שלה ילקח בהן"
                    HPOS="555.0"
                    VPOS="2493.0"
                    WIDTH="1083.0"
                    HEIGHT="82.0"></String>
          </TextLine>

          
          
          <TextLine ID="eSc_line_e72dc33f"
                    
                    BASELINE="562 2589 620 2589 657 2595 1641 2595" 
                    HPOS="555.0"
                    VPOS="2565.0"
                    WIDTH="1083.0"
                    HEIGHT="61.0">
            <Shape><Polygon POINTS="558 2585 555 2623 1631 2626 1638 2592 1635 2565 558 2565 558 2585"/></Shape>
	    <String CONTENT="קרקע והוא אוכל פירות ˙ ¶ ה&#39; ר&#39; שמעון אומר"
                    HPOS="555.0"
                    VPOS="2565.0"
                    WIDTH="1083.0"
                    HEIGHT="61.0"></String>
          </TextLine>

          
          
          <TextLine ID="eSc_line_4b999a60"
                    
                    BASELINE="534 2653 579 2646 899 2646 1202 2657 1641 2657" 
                    HPOS="528.0"
                    VPOS="2612.0"
                    WIDTH="1110.0"
                    HEIGHT="75.0">
            <Shape><Polygon POINTS="531 2650 528 2681 1631 2687 1638 2653 1638 2623 531 2612 531 2650"/></Shape>
	    <String CONTENT="מקום שייפה כוחו בכניסתה הורע כוחו ביציאתה"
                    HPOS="528.0"
                    VPOS="2612.0"
                    WIDTH="1110.0"
                    HEIGHT="75.0"></String>
          </TextLine>

          
          
          <TextLine ID="eSc_line_47c5fac5"
                    
                    BASELINE="534 2704 660 2701 742 2708 994 2711 1035 2718 1631 2715 1641 2716" 
                    HPOS="528.0"
                    VPOS="2677.0"
                    WIDTH="1110.0"
                    HEIGHT="78.0">
            <Shape><Polygon POINTS="562 2694 548 2677 528 2677 531 2701 531 2749 1621 2755 1638 2715 1635 2677 572 2677 562 2694"/></Shape>
	    <String CONTENT="ומקום שהורע כוחו ב[יציא](כניס)תה [] (ייפה כוחו) ביציאתה"
                    HPOS="528.0"
                    VPOS="2677.0"
                    WIDTH="1110.0"
                    HEIGHT="78.0"></String>
          </TextLine>

          
          
          <TextLine ID="eSc_line_c732608f"
                    
                    BASELINE="521 2762 572 2773 643 2769 933 2779 1396 2779 1430 2790 1464 2783 1641 2783" 
                    HPOS="514.0"
                    VPOS="2735.0"
                    WIDTH="1124.0"
                    HEIGHT="85.0">
            <Shape><Polygon POINTS="517 2759 514 2810 1631 2820 1638 2779 1635 2749 517 2735 517 2759"/></Shape>
	    <String CONTENT="פירות מחוברין לקרקע בכניסתה שלו וביציאתה"
                    HPOS="514.0"
                    VPOS="2735.0"
                    WIDTH="1124.0"
                    HEIGHT="85.0"></String>
          </TextLine>

          
          
          <TextLine ID="eSc_line_45dc16dc"
                    
                    BASELINE="534 2837 735 2847 953 2847 998 2854 1641 2848" 
                    HPOS="528.0"
                    VPOS="2796.0"
                    WIDTH="1110.0"
                    HEIGHT="96.0">
            <Shape><Polygon POINTS="531 2834 528 2882 1631 2892 1638 2847 1631 2796 531 2803 531 2834"/></Shape>
	    <String CONTENT="שלה ותלושים מן הקרקע בכניסתה שלה וביציאתה"
                    HPOS="528.0"
                    VPOS="2796.0"
                    WIDTH="1110.0"
                    HEIGHT="96.0"></String>
          </TextLine>

          
          
          <TextLine ID="eSc_line_28a898fe"
                    
                    BASELINE="528 2899 572 2909 677 2902 711 2912 926 2916 967 2922 1647 2920" 
                    HPOS="521.0"
                    VPOS="2882.0"
                    WIDTH="1124.0"
                    HEIGHT="95.0">
            <Shape><Polygon POINTS="524 2895 521 2956 705 2956 735 2974 739 2974 742 2974 746 2977 974 2977 974 2974 977 2974 981 2974 1004 2956 1025 2974 1028 2974 1032 2974 1035 2977 1533 2977 1533 2974 1536 2974 1539 2974 1539 2970 1553 2956 1587 2974 1590 2974 1594 2974 1597 2974 1642 2953 1645 2919 1642 2882 524 2882 524 2895"/></Shape>
	    <String CONTENT="שלו ˙ ¶ ו&#39; נפלו לה עבדים ושפחות הזקינים ימכרו"
                    HPOS="521.0"
                    VPOS="2882.0"
                    WIDTH="1124.0"
                    HEIGHT="95.0"></String>
          </TextLine>

          
          
          <TextLine ID="eSc_line_54cb356b"
                    
                    BASELINE="562 2991 1270 3004 1638 2997" 
                    HPOS="555.0"
                    VPOS="2946.0"
                    WIDTH="1080.0"
                    HEIGHT="96.0">
            <Shape><Polygon POINTS="558 2987 555 3042 1631 3042 1635 2994 1628 2946 558 2946 558 2987"/></Shape>
	    <String CONTENT="וילקח בהן קרקע והוא אוכל פירות רבן שמעון"
                    HPOS="555.0"
                    VPOS="2946.0"
                    WIDTH="1080.0"
                    HEIGHT="96.0"></String>
          </TextLine>

          
        </TextBlock>
        

        
      </PrintSpace>
    </Page>
  </Layout>
</alto>
