<?xml version="1.0" encoding="UTF-8"?>
<alto xmlns:xsi="http://www.w3.org/2001/XMLSchema-instance"
      xmlns="http://www.loc.gov/standards/alto/ns-v4#"
      xsi:schemaLocation="http://www.loc.gov/standards/alto/ns-v4# http://www.loc.gov/standards/alto/v4/alto-4-2.xsd">
  <Description>
    <MeasurementUnit>pixel</MeasurementUnit>
    <sourceImageInformation>
      <fileName>MsParm3173_F13911_0019.jpg</fileName>
      
    </sourceImageInformation>
  </Description>
  
  <Tags>
    <OtherTag ID="BT1" LABEL="Title" DESCRIPTION="block type Title"/><OtherTag ID="BT2" LABEL="Main" DESCRIPTION="block type Main"/><OtherTag ID="BT3" LABEL="Commentary" DESCRIPTION="block type Commentary"/><OtherTag ID="BT4" LABEL="Illustration" DESCRIPTION="block type Illustration"/><OtherTag ID="BT830" LABEL="Margin" DESCRIPTION="block type Margin"/><OtherTag ID="BT831" LABEL="Hole" DESCRIPTION="block type Hole"/><OtherTag ID="BT832" LABEL="Paratext" DESCRIPTION="block type Paratext"/>
    <OtherTag ID="LT2" LABEL="Numbering" DESCRIPTION="line type Numbering"/><OtherTag ID="LT3" LABEL="Correction" DESCRIPTION="line type Correction"/><OtherTag ID="LT501" LABEL="Gloss" DESCRIPTION="line type Gloss"/>
  </Tags>
  
  <Layout>
    <Page WIDTH="3066"
          HEIGHT="4088"
          PHYSICAL_IMG_NR="11"
          ID="eSc_dummypage_">
      <PrintSpace HPOS="0"
                  VPOS="0"
                  WIDTH="3066"
                  HEIGHT="4088">
        
        <TextBlock HPOS="1472.0"
                   VPOS="581.0"
                   WIDTH="1004.0"
                   HEIGHT="2425.0"
                   ID="eSc_textblock_47017"
                   TAGREFS="BT2">
          <Shape><Polygon POINTS="1472 581 2476 581 2476 3006 1472 3006"/></Shape>
          
          
          <TextLine ID="eSc_line_1926772"
                    
                    BASELINE="1478 620 2251 626 2319 630 2425 623" 
                    HPOS="1471.0"
                    VPOS="582.0"
                    WIDTH="951.0"
                    HEIGHT="82.0">
            <Shape><Polygon POINTS="2391 582 2360 582 2326 582 2292 582 2258 582 2224 582 2190 582 2156 582 2122 582 2088 582 2054 582 2020 582 1986 582 1952 582 1917 582 1883 582 1849 582 1815 582 1781 582 1747 582 1713 582 1679 582 1645 582 1611 582 1577 582 1543 582 1509 582 1475 616 1471 664 2418 657 2422 620 2415 582 2391 582"/></Shape>
	    <String CONTENT="ג&#39; תרומת מעשר שלדמיי שחזרה"
                    HPOS="1471.0"
                    VPOS="582.0"
                    WIDTH="951.0"
                    HEIGHT="82.0"></String>
          </TextLine>

          
          
          <TextLine ID="eSc_line_1926828"
                    
                    BASELINE="1481 701 1863 691 2468 694" 
                    HPOS="1478.0"
                    VPOS="640.0"
                    WIDTH="988.0"
                    HEIGHT="99.0">
            <Shape><Polygon POINTS="1478 698 1481 667 1512 643 1536 660 1580 643 1604 667 1693 667 1716 654 1880 660 1917 643 1952 664 2217 664 2241 647 2258 664 2340 667 2377 654 2398 664 2432 640 2466 691 2456 718 2411 735 2204 711 2081 722 2064 735 1992 715 1965 729 1945 708 1928 725 1856 711 1757 729 1567 711 1502 739 1481 725"/></Shape>
	    <String CONTENT="למקומה ר&#39; שמעון השיזרי או&#39; אף בחול [שו&#39;]"
                    HPOS="1478.0"
                    VPOS="640.0"
                    WIDTH="988.0"
                    HEIGHT="99.0"></String>
          </TextLine>

          
          
          <TextLine ID="eSc_line_1926829"
                    
                    BASELINE="1481 759 2098 752 2306 763 2468 763" 
                    HPOS="1478.0"
                    VPOS="711.0"
                    WIDTH="988.0"
                    HEIGHT="89.0">
            <Shape><Polygon POINTS="1478 756 1556 718 1856 718 1924 732 1948 715 1979 746 1999 725 2067 739 2084 722 2135 729 2159 711 2173 725 2234 715 2313 735 2445 729 2466 759 2432 793 2343 793 2289 766 2265 786 2217 780 2193 793 2153 769 2125 797 2013 793 1931 769 1890 800 1812 780 1706 790 1642 773 1621 793 1590 793 1577 780 1515 780 1481 756"/></Shape>
	    <String CONTENT="שואלו ואוכל על פיו ˙ ¶ ד&#39; המדיר את חבירו"
                    HPOS="1478.0"
                    VPOS="711.0"
                    WIDTH="988.0"
                    HEIGHT="89.0"></String>
          </TextLine>

          
          
          <TextLine ID="eSc_line_1926846"
                    
                    BASELINE="1495 821 2468 821" 
                    HPOS="1492.0"
                    VPOS="769.0"
                    WIDTH="974.0"
                    HEIGHT="99.0">
            <Shape><Polygon POINTS="1492 817 1505 780 1594 797 1631 797 1648 780 1900 800 1945 776 2132 797 2159 769 2190 793 2258 786 2285 814 2319 786 2459 786 2466 817 2435 865 2282 838 2248 855 2221 848 2197 868 2180 851 2084 855 2064 838 1992 858 1662 861 1645 844 1498 858"/></Shape>
	    <String CONTENT="שיאכל אצלו והוא אינו מאמינו על [המע&#39;]"
                    HPOS="1492.0"
                    VPOS="769.0"
                    WIDTH="974.0"
                    HEIGHT="99.0"></String>
          </TextLine>

          
          
          <TextLine ID="eSc_line_1926775"
                    
                    BASELINE="1492 882 1693 892 2292 885 2468 894" 
                    HPOS="1488.0"
                    VPOS="838.0"
                    WIDTH="978.0"
                    HEIGHT="92.0">
            <Shape><Polygon POINTS="1488 878 1492 858 1553 848 1839 858 1992 855 2064 838 2078 851 2173 848 2193 868 2221 844 2388 851 2452 865 2466 892 2449 923 2415 926 2330 926 2279 906 2214 919 2047 909 2006 926 1941 909 1860 926 1819 906 1791 919 1594 930 1492 912"/></Shape>
	    <String CONTENT="המעשרות אוכל עמו בשבת הראשנה [א&#39;]"
                    HPOS="1488.0"
                    VPOS="838.0"
                    WIDTH="978.0"
                    HEIGHT="92.0"></String>
          </TextLine>

          
          
          <TextLine ID="eSc_line_1926843"
                    
                    BASELINE="1471 964 1560 957 2468 960" 
                    HPOS="1468.0"
                    VPOS="909.0"
                    WIDTH="998.0"
                    HEIGHT="99.0">
            <Shape><Polygon POINTS="1468 960 1475 916 1533 912 1601 933 1744 930 1819 909 1860 930 1938 912 2013 926 2050 912 2313 909 2330 926 2452 923 2466 957 2439 998 2272 998 2241 981 2221 998 2078 984 1992 1001 1948 984 1911 998 1887 981 1866 1001 1567 991 1471 1008"/></Shape>
	    <String CONTENT="אף על פי שאינו מאמינו על המעשרות ובלבד"
                    HPOS="1468.0"
                    VPOS="909.0"
                    WIDTH="998.0"
                    HEIGHT="99.0"></String>
          </TextLine>

          
          
          <TextLine ID="eSc_line_1926821"
                    
                    BASELINE="1468 1042 2003 1032 2468 1032" 
                    HPOS="1464.0"
                    VPOS="981.0"
                    WIDTH="1002.0"
                    HEIGHT="98.0">
            <Shape><Polygon POINTS="1464 1039 1468 1015 1488 1028 1515 1001 1573 987 1740 1004 1771 991 1866 998 1887 981 1924 1008 1938 994 2003 1004 2084 987 2221 1001 2248 984 2272 1001 2333 1004 2456 987 2466 1028 2439 1073 2388 1052 2316 1076 2289 1049 2214 1073 2170 1059 1948 1079 1928 1062 1832 1073 1744 1052 1713 1076 1594 1062 1577 1073 1563 1059 1539 1073 1488 1059 1468 1073"/></Shape>
	    <String CONTENT="שיאמר לו מעושרין הן ובשבת שנייה אף"
                    HPOS="1464.0"
                    VPOS="981.0"
                    WIDTH="1002.0"
                    HEIGHT="98.0"></String>
          </TextLine>

          
          
          <TextLine ID="eSc_line_1926834"
                    
                    BASELINE="1464 1110 1597 1107 2013 1110 2231 1103 2398 1103 2468 1108" 
                    HPOS="1461.0"
                    VPOS="1049.0"
                    WIDTH="1005.0"
                    HEIGHT="102.0">
            <Shape><Polygon POINTS="1461 1107 1464 1076 1485 1066 1713 1073 1737 1049 1778 1069 1948 1076 2044 1062 2214 1073 2285 1056 2347 1073 2394 1049 2418 1073 2456 1073 2466 1107 2418 1144 2388 1127 2360 1144 2316 1127 2296 1144 2224 1131 2156 1141 2105 1117 2033 1144 1938 1137 1914 1120 1883 1141 1849 1137 1825 1113 1795 1137 1768 1124 1601 1141 1553 1131 1519 1151 1464 1107"/></Shape>
	    <String CONTENT="על פי שהוא נודר ממנו הנייה לא יאכל עד"
                    HPOS="1461.0"
                    VPOS="1049.0"
                    WIDTH="1005.0"
                    HEIGHT="102.0"></String>
          </TextLine>

          
          
          <TextLine ID="eSc_line_1926840"
                    
                    BASELINE="1478 1171 2163 1168 2411 1171 2468 1175" 
                    HPOS="1475.0"
                    VPOS="1117.0"
                    WIDTH="991.0"
                    HEIGHT="99.0">
            <Shape><Polygon POINTS="1475 1168 1478 1144 1515 1158 1546 1134 1798 1137 1825 1117 1860 1141 1911 1124 1924 1137 2003 1134 2030 1154 2067 1137 2091 1161 2118 1137 2146 1137 2176 1165 2193 1151 2217 1165 2244 1141 2299 1148 2313 1134 2336 1148 2377 1134 2422 1148 2456 1124 2466 1171 2456 1199 2405 1209 2381 1188 2360 1209 2319 1216 2292 1188 2258 1192 2234 1168 2180 1168 2125 1195 2081 1168 2044 1182 2016 1168 1965 1195 1880 1188 1849 1202 1805 1188 1659 1199 1645 1185 1590 1199 1573 1182 1529 1202 1478 1168"/></Shape>
	    <String CONTENT="שיעשר ˙ ¶ ה&#39; ר&#39; אליעזר או&#39; אין אדם"
                    HPOS="1475.0"
                    VPOS="1117.0"
                    WIDTH="991.0"
                    HEIGHT="99.0"></String>
          </TextLine>

          
          
          <TextLine ID="eSc_line_1926825"
                    
                    BASELINE="1512 1222 1635 1233 2340 1233 2465 1223" 
                    HPOS="1509.0"
                    VPOS="1171.0"
                    WIDTH="954.0"
                    HEIGHT="99.0">
            <Shape><Polygon POINTS="1509 1219 1512 1202 1570 1185 1601 1202 1638 1185 1655 1199 1778 1188 1853 1202 1969 1195 2013 1175 2037 1192 2061 1171 2105 1195 2221 1175 2244 1195 2289 1185 2319 1216 2343 1202 2418 1212 2449 1199 2463 1222 2435 1263 2388 1243 2354 1270 2319 1257 2258 1267 2238 1253 2129 1267 2074 1250 2009 1267 1945 1253 1747 1260 1723 1240 1689 1257 1655 1240 1638 1257 1577 1260 1512 1226"/></Shape>
	    <String CONTENT="צריך לקרות שם על מעשר עני שלדמיי"
                    HPOS="1509.0"
                    VPOS="1171.0"
                    WIDTH="954.0"
                    HEIGHT="99.0"></String>
          </TextLine>

          
          
          <TextLine ID="eSc_line_1926837"
                    
                    BASELINE="1488 1277 1597 1287 1890 1287 2067 1294 2465 1287" 
                    HPOS="1485.0"
                    VPOS="1222.0"
                    WIDTH="978.0"
                    HEIGHT="127.0">
            <Shape><Polygon POINTS="1485 1274 1495 1222 1573 1260 1652 1246 1676 1260 1720 1240 1740 1260 2009 1267 2071 1250 2129 1267 2204 1253 2354 1274 2388 1246 2422 1263 2452 1250 2463 1284 2442 1349 2411 1325 2350 1314 2316 1335 2227 1314 2204 1328 2135 1314 2071 1328 1969 1318 1948 1332 1921 1304 1904 1321 1829 1321 1795 1297 1764 1318 1652 1325 1604 1308 1543 1318 1522 1297 1488 1297"/></Shape>
	    <String CONTENT="וחכמ&#39; אומ&#39; קורא שם ואינו צריך להפריש ˙"
                    HPOS="1485.0"
                    VPOS="1222.0"
                    WIDTH="978.0"
                    HEIGHT="127.0"></String>
          </TextLine>

          
          
          <TextLine ID="eSc_line_1926789"
                    
                    BASELINE="1481 1352 1580 1349 1894 1355 2009 1349 2411 1349" 
                    HPOS="1478.0"
                    VPOS="1301.0"
                    WIDTH="930.0"
                    HEIGHT="92.0">
            <Shape><Polygon POINTS="1478 1349 1519 1301 1546 1325 1604 1314 1648 1328 1754 1325 1785 1308 1802 1325 1904 1325 1921 1308 1945 1332 1969 1318 2071 1328 2125 1314 2207 1328 2224 1314 2323 1338 2354 1318 2398 1328 2408 1345 2360 1376 2306 1345 2251 1379 2210 1362 2159 1379 2132 1352 2115 1369 2091 1352 2047 1379 1992 1383 1948 1366 1934 1379 1900 1369 1887 1383 1747 1383 1689 1369 1635 1393 1584 1369 1526 1376 1481 1349"/></Shape>
	    <String CONTENT="¶ ו&#39; מי שקרא שם לתרומת מעשר [ול&#39;]"
                    HPOS="1478.0"
                    VPOS="1301.0"
                    WIDTH="930.0"
                    HEIGHT="92.0"></String>
          </TextLine>

          
          
          <TextLine ID="eSc_line_1926790"
                    
                    BASELINE="1526 1400 1785 1410 2105 1403 2465 1403" 
                    HPOS="1522.0"
                    VPOS="1349.0"
                    WIDTH="941.0"
                    HEIGHT="92.0">
            <Shape><Polygon POINTS="1522 1396 1539 1369 1590 1369 1631 1396 1689 1369 1938 1379 1952 1366 1996 1386 2091 1355 2132 1383 2210 1366 2241 1379 2292 1366 2360 1376 2408 1349 2463 1400 2449 1430 2415 1413 2398 1430 2347 1420 2326 1441 2265 1430 2238 1410 2197 1441 2166 1423 2112 1437 2091 1417 1992 1417 1938 1434 1907 1417 1853 1430 1836 1413 1774 1430 1648 1430 1631 1413 1590 1430 1526 1420"/></Shape>
	    <String CONTENT="ולמעשר עני שלו(ו)דיי לא יטלם בשבת אם"
                    HPOS="1522.0"
                    VPOS="1349.0"
                    WIDTH="941.0"
                    HEIGHT="92.0"></String>
          </TextLine>

          
          
          <TextLine ID="eSc_line_1926791"
                    
                    BASELINE="1468 1464 1580 1458 2078 1458 2248 1464 2465 1459" 
                    HPOS="1464.0"
                    VPOS="1413.0"
                    WIDTH="999.0"
                    HEIGHT="89.0">
            <Shape><Polygon POINTS="1464 1461 1512 1420 1594 1430 1628 1413 1689 1444 1713 1420 1778 1430 1836 1417 1849 1430 1907 1420 1931 1437 2091 1420 2118 1441 2163 1423 2197 1441 2241 1413 2323 1441 2350 1420 2384 1434 2428 1427 2463 1458 2445 1492 2401 1478 2285 1495 2272 1481 2217 1485 2197 1468 2139 1495 2105 1468 2088 1485 1907 1481 1870 1495 1832 1471 1802 1502 1757 1502 1733 1481 1515 1485 1485 1461"/></Shape>
	    <String CONTENT="היה כהן או עני למודים לוכל אצלו יבואו [ו&#39;]"
                    HPOS="1464.0"
                    VPOS="1413.0"
                    WIDTH="999.0"
                    HEIGHT="89.0"></String>
          </TextLine>

          
          
          <TextLine ID="eSc_line_1926830"
                    
                    BASELINE="1508 1510 1849 1519 2465 1519" 
                    HPOS="1505.0"
                    VPOS="1468.0"
                    WIDTH="958.0"
                    HEIGHT="85.0">
            <Shape><Polygon POINTS="1505 1509 1509 1478 1539 1475 1580 1488 1730 1481 1761 1512 1798 1512 1843 1488 1887 1512 1914 1485 2091 1488 2112 1471 2156 1495 2200 1468 2221 1488 2272 1485 2285 1498 2408 1481 2452 1492 2463 1515 2435 1539 2258 1536 2210 1550 2071 1536 1941 1553 1894 1515 1836 1546 1795 1515 1774 1515 1740 1550 1631 1553 1509 1533"/></Shape>
	    <String CONTENT="ויאכלו ובלבד שיודיעם ˙ ¶ ז&#39; האומר למי ←"
                    HPOS="1505.0"
                    VPOS="1468.0"
                    WIDTH="958.0"
                    HEIGHT="85.0"></String>
          </TextLine>

          
          
          <TextLine ID="eSc_line_1926792"
                    
                    BASELINE="1481 1573 2398 1570 2465 1575" 
                    HPOS="1478.0"
                    VPOS="1526.0"
                    WIDTH="985.0"
                    HEIGHT="92.0">
            <Shape><Polygon POINTS="1478 1570 1515 1536 1638 1553 1761 1536 1839 1543 1866 1529 1887 1546 1914 1526 1941 1550 2078 1539 2234 1546 2255 1560 2282 1543 2422 1539 2463 1573 2452 1611 2319 1601 2115 1618 2081 1601 1815 1607 1788 1590 1754 1614 1560 1614 1536 1611 1495 1570"/></Shape>
	    <String CONTENT="נאמן על המעשרות קח לי ממי שהוא נאמן"
                    HPOS="1478.0"
                    VPOS="1526.0"
                    WIDTH="985.0"
                    HEIGHT="92.0"></String>
          </TextLine>

          
          
          <TextLine ID="eSc_line_1926793"
                    
                    BASELINE="1447 1645 1587 1638 2477 1638" 
                    HPOS="1444.0"
                    VPOS="1587.0"
                    WIDTH="1032.0"
                    HEIGHT="99.0">
            <Shape><Polygon POINTS="1444 1642 1498 1587 1570 1618 1662 1604 1754 1614 1795 1601 2084 1601 2156 1618 2200 1604 2411 1604 2459 1611 2476 1635 2398 1669 2316 1648 2289 1676 2262 1662 2135 1672 2105 1645 2064 1676 1986 1659 1948 1676 1863 1665 1815 1682 1761 1669 1744 1682 1713 1655 1696 1672 1645 1679 1590 1645 1515 1686 1471 1648 1447 1655"/></Shape>
	    <String CONTENT="וממי שהוא מעשר אינו נאמן מאיש פלו&#39;"
                    HPOS="1444.0"
                    VPOS="1587.0"
                    WIDTH="1032.0"
                    HEIGHT="99.0"></String>
          </TextLine>

          
          
          <TextLine ID="eSc_line_9e3bf8c0"
                    TAGREFS="LT3"
                    BASELINE="2370 1662 2457 1662" 
                    HPOS="2367.0"
                    VPOS="1645.0"
                    WIDTH="89.0"
                    HEIGHT="34.0">
            <Shape><Polygon POINTS="2367 1659 2367 1679 2401 1679 2435 1679 2452 1679 2456 1659 2456 1645 2367 1645 2367 1659"/></Shape>
	    <String CONTENT="-רי"
                    HPOS="2367.0"
                    VPOS="1645.0"
                    WIDTH="89.0"
                    HEIGHT="34.0"></String>
          </TextLine>

          
          
          <TextLine ID="eSc_line_1926794"
                    
                    BASELINE="1502 1703 1914 1703 2047 1696 2477 1686" 
                    HPOS="1498.0"
                    VPOS="1645.0"
                    WIDTH="978.0"
                    HEIGHT="99.0">
            <Shape><Polygon POINTS="1498 1699 1594 1645 1648 1686 1710 1662 1740 1682 1866 1669 1938 1682 1982 1662 2064 1676 2101 1652 2132 1676 2258 1662 2289 1679 2319 1652 2405 1679 2463 1648 2476 1682 2466 1740 2401 1720 2241 1737 2207 1720 2190 1737 2095 1740 2057 1706 2009 1737 1866 1744 1815 1723 1703 1737 1652 1716 1539 1737 1502 1699"/></Shape>
	    <String CONTENT="ה[יה]↑ זה נאמן הלך ליקח ממנו אמ&#39; לו ˙˙˙ לא"
                    HPOS="1498.0"
                    VPOS="1645.0"
                    WIDTH="978.0"
                    HEIGHT="99.0"></String>
          </TextLine>

          
          
          <TextLine ID="eSc_line_1926795"
                    
                    BASELINE="1468 1768 1802 1768 2071 1761 2477 1764" 
                    HPOS="1464.0"
                    VPOS="1710.0"
                    WIDTH="1012.0"
                    HEIGHT="102.0">
            <Shape><Polygon POINTS="1464 1764 1495 1727 1550 1737 1645 1716 1710 1737 2013 1737 2054 1710 2088 1740 2193 1733 2207 1720 2231 1737 2401 1720 2476 1761 2466 1788 2316 1795 2299 1812 2193 1795 2129 1812 2091 1791 1945 1785 1924 1802 1873 1785 1843 1798 1716 1791 1682 1805 1526 1798 1512 1812 1468 1774"/></Shape>
	    <String CONTENT="מצאתיו לקחתי לך מאחר שהוא נאמן אינו"
                    HPOS="1464.0"
                    VPOS="1710.0"
                    WIDTH="1012.0"
                    HEIGHT="102.0"></String>
          </TextLine>

          
          
          <TextLine ID="eSc_line_1926796"
                    
                    BASELINE="1492 1836 1829 1829 2026 1832 2159 1825 2405 1829 2477 1821" 
                    HPOS="1488.0"
                    VPOS="1785.0"
                    WIDTH="988.0"
                    HEIGHT="88.0">
            <Shape><Polygon POINTS="1488 1832 1492 1812 1509 1819 1529 1798 1686 1808 1716 1795 1846 1802 1894 1785 1914 1802 2084 1795 2112 1822 2156 1822 2176 1802 2251 1802 2296 1819 2319 1795 2428 1802 2456 1788 2476 1819 2449 1873 2336 1873 2282 1825 2227 1836 2197 1863 2176 1863 2132 1825 2084 1873 2023 1860 1962 1870 1931 1853 1911 1870 1849 1873 1825 1860 1601 1866 1553 1849 1492 1866"/></Shape>
	    <String CONTENT="נאמן ˙ ¶ ח&#39; הניכנס לעיר ואינו מכיר"
                    HPOS="1488.0"
                    VPOS="1785.0"
                    WIDTH="988.0"
                    HEIGHT="88.0"></String>
          </TextLine>

          
          
          <TextLine ID="eSc_line_1926797"
                    
                    BASELINE="1509 1900 2180 1897 2480 1904" 
                    HPOS="1505.0"
                    VPOS="1843.0"
                    WIDTH="971.0"
                    HEIGHT="98.0">
            <Shape><Polygon POINTS="1505 1897 1509 1866 1550 1853 1601 1866 1829 1860 1856 1873 1928 1856 1962 1870 2084 1870 2153 1843 2183 1866 2221 1846 2244 1870 2268 1849 2333 1873 2445 1870 2476 1900 2463 1931 2401 1931 2384 1914 2360 1931 2333 1907 2306 1934 2241 1917 2183 1931 2095 1914 2064 1928 1996 1921 1975 1941 1870 1921 1815 1931 1791 1907 1761 1928 1676 1924 1635 1938 1550 1934 1509 1911"/></Shape>
	    <String CONTENT="אדם שם ואמ&#39; מי כאן נאמן ומי כאן מעשר"
                    HPOS="1505.0"
                    VPOS="1843.0"
                    WIDTH="971.0"
                    HEIGHT="98.0"></String>
          </TextLine>

          
          
          <TextLine ID="eSc_line_1926798"
                    
                    BASELINE="1505 1962 2473 1962" 
                    HPOS="1502.0"
                    VPOS="1911.0"
                    WIDTH="967.0"
                    HEIGHT="92.0">
            <Shape><Polygon POINTS="1502 1958 1512 1917 1553 1938 1642 1941 1682 1928 1751 1934 1785 1911 1815 1934 1870 1924 1965 1934 1979 1948 1999 1928 2108 1921 2309 1938 2340 1911 2364 1934 2452 1931 2469 1958 2463 2003 2364 1986 2272 1996 2258 1982 2221 1999 2183 1962 2153 1992 1934 1992 1914 1979 1880 1992 1863 1975 1836 2003 1791 1986 1703 1999 1642 1969 1614 1992 1509 1986"/></Shape>
	    <String CONTENT="ואמ&#39; לו אחד אני אינו → איש פלוני הרי זה [נ&#39;]"
                    HPOS="1502.0"
                    VPOS="1911.0"
                    WIDTH="967.0"
                    HEIGHT="92.0"></String>
          </TextLine>

          
          
          <TextLine ID="eSc_line_1926831"
                    
                    BASELINE="1464 2013 1672 2023 2302 2020 2480 2026" 
                    HPOS="1461.0"
                    VPOS="1962.0"
                    WIDTH="1015.0"
                    HEIGHT="102.0">
            <Shape><Polygon POINTS="1461 2009 1488 1982 1631 1996 1659 1975 1696 1999 1771 1986 1832 1999 1860 1972 1880 1992 1900 1979 2153 1992 2183 1962 2217 1996 2251 1982 2422 1986 2466 2003 2476 2023 2456 2061 2388 2064 2360 2044 2333 2061 2244 2061 2221 2040 2197 2054 2125 2037 2020 2054 1955 2033 1819 2054 1751 2033 1730 2054 1682 2057 1577 2040 1495 2064 1464 2033"/></Shape>
	    <String CONTENT="נאמן הלך ולקח ממנו אמ&#39; לו מי כן מוכר ישן"
                    HPOS="1461.0"
                    VPOS="1962.0"
                    WIDTH="1015.0"
                    HEIGHT="102.0"></String>
          </TextLine>

          
          
          <TextLine ID="eSc_line_1926806"
                    
                    BASELINE="1481 2078 2483 2088" 
                    HPOS="1478.0"
                    VPOS="2033.0"
                    WIDTH="1002.0"
                    HEIGHT="106.0">
            <Shape><Polygon POINTS="1478 2074 1573 2044 1730 2054 1764 2033 1805 2054 1921 2054 1948 2037 1979 2054 2129 2040 2159 2057 2221 2044 2244 2064 2422 2057 2480 2084 2432 2125 2330 2105 2292 2122 2255 2112 2238 2129 2088 2129 2067 2108 2023 2125 1938 2125 1917 2105 1887 2125 1856 2108 1839 2122 1676 2108 1597 2139 1567 2108 1526 2129 1481 2115"/></Shape>
	    <String CONTENT="אמ&#39; לו מי ששלחך אצלי אף על פי שהם [כג&#39;]"
                    HPOS="1478.0"
                    VPOS="2033.0"
                    WIDTH="1002.0"
                    HEIGHT="106.0"></String>
          </TextLine>

          
          
          <TextLine ID="eSc_line_1926807"
                    
                    BASELINE="1502 2149 1706 2159 2483 2159" 
                    HPOS="1498.0"
                    VPOS="2105.0"
                    WIDTH="982.0"
                    HEIGHT="102.0">
            <Shape><Polygon POINTS="1498 2146 1502 2129 1522 2132 1553 2108 1601 2149 1628 2122 1676 2115 2026 2125 2071 2112 2098 2129 2159 2115 2292 2122 2326 2105 2388 2125 2452 2122 2480 2156 2442 2207 2374 2190 2343 2200 2296 2176 1975 2187 1938 2170 1890 2190 1853 2173 1672 2200 1624 2173 1543 2190 1502 2149"/></Shape>
	    <String CONTENT="כגומלים זה את זה הרי אלו נאמנין ˙ ¶ ט&#39;"
                    HPOS="1498.0"
                    VPOS="2105.0"
                    WIDTH="982.0"
                    HEIGHT="102.0"></String>
          </TextLine>

          
          
          <TextLine ID="eSc_line_1926808"
                    
                    BASELINE="1437 2207 1563 2221 1938 2210 2214 2210 2357 2217" 
                    HPOS="1434.0"
                    VPOS="2125.0"
                    WIDTH="920.0"
                    HEIGHT="130.0">
            <Shape><Polygon POINTS="1434 2204 1437 2132 1461 2125 1539 2187 1614 2173 1669 2197 1849 2176 1890 2190 1934 2170 1955 2190 2292 2176 2354 2214 2289 2241 2112 2231 2020 2234 2003 2251 1982 2238 1791 2244 1747 2227 1720 2241 1546 2234 1478 2255 1441 2221"/></Shape>
	    <String CONTENT="החמרים שניכנסו לעיר אמ&#39; אחד מהן"
                    HPOS="1434.0"
                    VPOS="2125.0"
                    WIDTH="920.0"
                    HEIGHT="130.0"></String>
          </TextLine>

          
          
          <TextLine ID="eSc_line_1926809"
                    
                    BASELINE="1451 2272 1754 2265 2357 2268 2473 2258" 
                    HPOS="1447.0"
                    VPOS="2197.0"
                    WIDTH="1022.0"
                    HEIGHT="112.0">
            <Shape><Polygon POINTS="1447 2268 1458 2255 1509 2262 1563 2234 2285 2244 2343 2234 2381 2197 2469 2255 2452 2285 2415 2299 2374 2299 2354 2279 2336 2296 2289 2282 2268 2299 2183 2302 2156 2282 2118 2299 2057 2292 2037 2275 1907 2309 1883 2285 1853 2302 1720 2292 1533 2306 1492 2268 1451 2279"/></Shape>
	    <String CONTENT="שלי חדש ושלחבירי ישן שלי אינו מתוקן"
                    HPOS="1447.0"
                    VPOS="2197.0"
                    WIDTH="1022.0"
                    HEIGHT="112.0"></String>
          </TextLine>

          
          
          <TextLine ID="eSc_line_1926812"
                    
                    BASELINE="1478 2323 1624 2336 1791 2336 2026 2323 2476 2326" 
                    HPOS="1475.0"
                    VPOS="2279.0"
                    WIDTH="998.0"
                    HEIGHT="98.0">
            <Shape><Polygon POINTS="1475 2319 1502 2292 1543 2306 1723 2292 1856 2302 1883 2289 1907 2313 1924 2296 2040 2282 2118 2299 2159 2285 2200 2302 2272 2296 2289 2279 2336 2296 2357 2279 2377 2299 2463 2282 2473 2323 2405 2360 2248 2354 2207 2336 2166 2371 2142 2350 2044 2371 1975 2343 1904 2350 1883 2371 1747 2371 1679 2333 1655 2357 1614 2354 1550 2377 1481 2323"/></Shape>
	    <String CONTENT="ושלחבירי מתוקן אינן נאמנין ר&#39; יהודה"
                    HPOS="1475.0"
                    VPOS="2279.0"
                    WIDTH="998.0"
                    HEIGHT="98.0"></String>
          </TextLine>

          
          
          <TextLine ID="eSc_line_1926813"
                    
                    BASELINE="1567 2384 2398 2384 2483 2390" 
                    HPOS="1563.0"
                    VPOS="2336.0"
                    WIDTH="917.0"
                    HEIGHT="99.0">
            <Shape><Polygon POINTS="1563 2381 1614 2354 1652 2360 1676 2336 1751 2374 1815 2374 1829 2360 1883 2374 1907 2350 1965 2347 2006 2374 2095 2374 2108 2360 2166 2374 2214 2340 2360 2364 2428 2347 2480 2388 2439 2418 2350 2435 2279 2408 2214 2415 2153 2381 2129 2394 2030 2381 1972 2418 1890 2418 1819 2381 1723 2411 1662 2398 1611 2411 1570 2381"/></Shape>
	    <String CONTENT="או&#39; נאמנין ˙ פרק ד&#39; הל&#39; ט&#39;"
                    HPOS="1563.0"
                    VPOS="2336.0"
                    WIDTH="917.0"
                    HEIGHT="99.0"></String>
          </TextLine>

          
          
          <TextLine ID="eSc_line_1926849"
                    
                    BASELINE="1461 2435 1631 2445 1921 2432 2105 2439 2347 2439" 
                    HPOS="1458.0"
                    VPOS="2371.0"
                    WIDTH="885.0"
                    HEIGHT="105.0">
            <Shape><Polygon POINTS="1458 2432 1464 2398 1509 2398 1533 2374 1570 2371 1611 2411 1723 2411 1815 2384 1887 2428 2091 2425 2149 2384 2210 2415 2275 2408 2343 2435 2292 2473 2238 2459 2221 2476 2193 2459 2132 2473 2074 2435 1979 2445 1962 2432 1911 2432 1860 2473 1594 2473 1580 2459 1553 2476 1529 2459 1495 2466 1464 2435"/></Shape>
	    <String CONTENT="¶ פרק ה&#39; ¶ הלוקח מן הנחתום"
                    HPOS="1458.0"
                    VPOS="2371.0"
                    WIDTH="885.0"
                    HEIGHT="105.0"></String>
          </TextLine>

          
          
          <TextLine ID="eSc_line_1926800"
                    
                    BASELINE="1481 2497 1969 2497 2463 2507" 
                    HPOS="1478.0"
                    VPOS="2435.0"
                    WIDTH="981.0"
                    HEIGHT="106.0">
            <Shape><Polygon POINTS="1478 2493 1481 2456 1550 2480 1573 2466 1733 2480 1788 2466 1863 2473 1890 2445 1914 2469 1962 2439 1986 2449 2016 2435 2050 2459 2081 2449 2135 2476 2193 2463 2221 2480 2234 2466 2292 2476 2347 2439 2391 2473 2432 2466 2459 2503 2439 2534 2354 2517 2292 2534 2255 2520 2234 2541 2146 2520 2115 2534 1999 2520 1945 2537 1843 2524 1618 2537 1570 2517 1526 2531 1502 2507 1481 2510"/></Shape>
	    <String CONTENT="כי צד מעשר נוטל כדי תרומת מעשר [ו&#39;]"
                    HPOS="1478.0"
                    VPOS="2435.0"
                    WIDTH="981.0"
                    HEIGHT="106.0"></String>
          </TextLine>

          
          
          <TextLine ID="eSc_line_1926811"
                    
                    BASELINE="1468 2555 2473 2561" 
                    HPOS="1464.0"
                    VPOS="2517.0"
                    WIDTH="1005.0"
                    HEIGHT="89.0">
            <Shape><Polygon POINTS="1464 2555 1468 2520 1498 2517 1659 2541 1679 2527 1938 2541 2023 2520 2238 2537 2255 2520 2289 2534 2364 2520 2442 2534 2469 2558 2459 2606 2316 2585 2197 2606 2118 2582 2101 2595 1931 2589 1863 2606 1802 2589 1679 2599 1662 2582 1638 2599 1543 2602 1468 2558"/></Shape>
	    <String CONTENT="וחלה ואו&#39; אחד ממאה ממה שיש כן הרי"
                    HPOS="1464.0"
                    VPOS="2517.0"
                    WIDTH="1005.0"
                    HEIGHT="89.0"></String>
          </TextLine>

          
          
          <TextLine ID="eSc_line_1926810"
                    
                    BASELINE="1447 2623 2480 2629" 
                    HPOS="1444.0"
                    VPOS="2578.0"
                    WIDTH="1032.0"
                    HEIGHT="92.0">
            <Shape><Polygon POINTS="1444 2619 1468 2619 1522 2578 1570 2606 1655 2589 1679 2602 1819 2589 1860 2606 1924 2589 2033 2602 2132 2592 2200 2609 2234 2592 2422 2592 2469 2606 2476 2626 2442 2667 2336 2657 2313 2670 2275 2650 2132 2670 2071 2667 2044 2650 1992 2650 1962 2667 1945 2653 1904 2664 1863 2650 1720 2664 1686 2646 1659 2667 1563 2667 1539 2653 1498 2660 1468 2629 1447 2636"/></Shape>
	    <String CONTENT="זה בצד זה מעשר ושאר מעשר סמוך לו"
                    HPOS="1444.0"
                    VPOS="2578.0"
                    WIDTH="1032.0"
                    HEIGHT="92.0"></String>
          </TextLine>

          
          
          <TextLine ID="eSc_line_1926804"
                    
                    BASELINE="1437 2687 2003 2687 2466 2698" 
                    HPOS="1434.0"
                    VPOS="2646.0"
                    WIDTH="1029.0"
                    HEIGHT="103.0">
            <Shape><Polygon POINTS="1434 2684 1437 2670 1475 2677 1533 2650 1560 2664 1659 2664 1689 2646 1716 2667 1969 2667 2037 2646 2139 2674 2187 2657 2302 2670 2452 2660 2463 2694 2452 2738 2418 2742 2377 2718 2354 2742 2309 2749 2262 2749 2221 2725 2193 2738 2142 2732 2118 2749 2067 2721 1992 2738 1969 2715 1938 2738 1774 2742 1740 2725 1696 2742 1676 2725 1642 2735 1621 2721 1519 2735 1458 2684 1437 2691"/></Shape>
	    <String CONTENT="זה שעשיתי מעשר עשוי תרומת מעשר"
                    HPOS="1434.0"
                    VPOS="2646.0"
                    WIDTH="1029.0"
                    HEIGHT="103.0"></String>
          </TextLine>

          
          
          <TextLine ID="eSc_line_1926802"
                    
                    BASELINE="1492 2776 1628 2769 1924 2769 2183 2779 2466 2779" 
                    HPOS="1488.0"
                    VPOS="2718.0"
                    WIDTH="975.0"
                    HEIGHT="102.0">
            <Shape><Polygon POINTS="1488 2773 1543 2732 1672 2732 1703 2745 1747 2721 1788 2742 1883 2732 2020 2745 2064 2725 2125 2749 2197 2742 2217 2725 2234 2742 2309 2749 2354 2745 2381 2718 2415 2745 2449 2749 2463 2776 2452 2803 2415 2810 2377 2793 2313 2813 2210 2803 2183 2820 2139 2800 2061 2813 2023 2779 1965 2810 1938 2779 1900 2773 1873 2800 1819 2790 1788 2807 1761 2793 1703 2817 1652 2796 1631 2817 1560 2820 1492 2786"/></Shape>
	    <String CONTENT="עליו והשאר חלה ומעשר שיני בצפונו"
                    HPOS="1488.0"
                    VPOS="2718.0"
                    WIDTH="975.0"
                    HEIGHT="102.0"></String>
          </TextLine>

          
          
          <TextLine ID="eSc_line_1926803"
                    
                    BASELINE="1590 2827 2132 2837 2469 2830" 
                    HPOS="1587.0"
                    VPOS="2779.0"
                    WIDTH="879.0"
                    HEIGHT="89.0">
            <Shape><Polygon POINTS="1587 2824 1631 2824 1655 2800 1679 2820 1730 2824 1764 2796 1798 2810 1822 2793 1900 2803 1931 2824 2023 2779 2061 2813 2316 2813 2381 2796 2398 2813 2435 2800 2466 2827 2445 2861 2354 2865 2309 2851 2238 2868 2067 2861 2050 2844 2006 2844 1982 2865 1931 2851 1798 2865 1757 2861 1720 2834 1682 2858 1631 2858 1604 2827"/></Shape>
	    <String CONTENT="או בדרומו ומחולל על המעות ˙ ¶ ב&#39;"
                    HPOS="1587.0"
                    VPOS="2779.0"
                    WIDTH="879.0"
                    HEIGHT="89.0"></String>
          </TextLine>

          
          
          <TextLine ID="eSc_line_1926805"
                    
                    BASELINE="1471 2871 1594 2885 1883 2885 2118 2895 2486 2888" 
                    HPOS="1468.0"
                    VPOS="2820.0"
                    WIDTH="1015.0"
                    HEIGHT="116.0">
            <Shape><Polygon POINTS="1468 2868 1475 2854 1495 2868 1563 2820 1594 2847 1635 2854 1682 2858 1730 2837 1757 2858 1914 2868 1986 2868 2044 2847 2139 2871 2255 2854 2282 2868 2316 2851 2333 2865 2466 2854 2483 2885 2449 2936 2415 2936 2391 2916 2347 2933 2187 2929 2163 2905 2115 2926 1962 2926 1917 2902 1877 2922 1785 2922 1733 2919 1706 2892 1669 2919 1556 2919 1471 2878"/></Shape>
	    <String CONTENT="הרוצה להפריש תרומה ותרומת ˙˙ מעשר"
                    HPOS="1468.0"
                    VPOS="2820.0"
                    WIDTH="1015.0"
                    HEIGHT="116.0"></String>
          </TextLine>

          
          
          <TextLine ID="eSc_line_1926801"
                    
                    BASELINE="1437 2939 1515 2950 1900 2953 2476 2967" 
                    HPOS="1430.0"
                    VPOS="2888.0"
                    WIDTH="1043.0"
                    HEIGHT="137.0">
            <Shape><Polygon POINTS="1468 2926 1461 2888 1434 2888 1434 2936 1430 2984 1764 3014 1771 3014 1805 3014 1839 3014 1873 3014 1900 3014 1900 3014 1921 2997 2180 3001 2180 3004 2200 3021 2214 3025 2217 3025 2268 3011 2289 3025 2316 3025 2323 3025 2466 3008 2473 2963 2473 2922 1488 2888 1468 2926"/></Shape>
	    <String CONTENT="כאחת נוטל אחד משלשים ושלושה ושליש"
                    HPOS="1430.0"
                    VPOS="2888.0"
                    WIDTH="1043.0"
                    HEIGHT="137.0"></String>
          </TextLine>

          
        </TextBlock>
        
        <TextBlock HPOS="310.0"
                   VPOS="570.0"
                   WIDTH="998.0"
                   HEIGHT="2415.0"
                   ID="eSc_textblock_47016"
                   TAGREFS="BT2">
          <Shape><Polygon POINTS="310 570 1308 570 1308 2985 310 2985"/></Shape>
          
          
          <TextLine ID="eSc_line_1926827"
                    
                    BASELINE="310 613 1321 626" 
                    HPOS="303.0"
                    VPOS="572.0"
                    WIDTH="1015.0"
                    HEIGHT="88.0">
            <Shape><Polygon POINTS="1158 572 1124 572 1120 572 1083 589 1079 589 1059 572 1056 572 1022 572 987 572 953 572 919 572 885 572 851 572 817 572 783 572 749 572 715 572 681 572 671 572 306 575 306 609 303 660 1311 660 1318 623 1314 592 1161 572 1158 572"/></Shape>
	    <String CONTENT="ואו&#39; אחד ממאה ממה שיש כן הרי זה בצד"
                    HPOS="303.0"
                    VPOS="572.0"
                    WIDTH="1015.0"
                    HEIGHT="88.0"></String>
          </TextLine>

          
          
          <TextLine ID="eSc_line_1926845"
                    
                    BASELINE="286 694 660 691 780 684 1308 688" 
                    HPOS="282.0"
                    VPOS="643.0"
                    WIDTH="1022.0"
                    HEIGHT="92.0">
            <Shape><Polygon POINTS="282 691 316 657 371 650 412 667 459 647 626 657 732 643 957 660 1267 650 1304 684 1284 725 947 725 803 708 575 725 453 715 436 729 340 735 289 708"/></Shape>
	    <String CONTENT="זה חולין ושאר תרומה על הכל ומה חולין שיש"
                    HPOS="282.0"
                    VPOS="643.0"
                    WIDTH="1022.0"
                    HEIGHT="92.0"></String>
          </TextLine>

          
          
          <TextLine ID="eSc_line_1926842"
                    
                    BASELINE="374 746 524 756 1294 749" 
                    HPOS="371.0"
                    VPOS="715.0"
                    WIDTH="920.0"
                    HEIGHT="78.0">
            <Shape><Polygon POINTS="371 742 449 718 1202 715 1274 725 1291 746 1284 786 1257 793 1212 780 1134 786 1110 766 1022 793 977 773 957 786 841 793 780 793 752 776 691 790 585 776 442 790 378 773"/></Shape>
	    <String CONTENT="כן הרי זה בצד זה מעשר ושאר מעשר"
                    HPOS="371.0"
                    VPOS="715.0"
                    WIDTH="920.0"
                    HEIGHT="78.0"></String>
          </TextLine>

          
          
          <TextLine ID="eSc_line_1926833"
                    
                    BASELINE="306 814 473 824 684 824 1287 811" 
                    HPOS="303.0"
                    VPOS="766.0"
                    WIDTH="981.0"
                    HEIGHT="95.0">
            <Shape><Polygon POINTS="303 810 357 773 473 793 759 776 780 793 981 780 1015 797 1079 786 1103 766 1131 790 1274 790 1284 810 1274 861 1134 838 943 858 885 858 861 841 817 858 790 841 756 855 739 838 718 855 633 851 620 838 589 855 330 855 306 831"/></Shape>
	    <String CONTENT="סמוך לו זה שעשיתי מעשר עשוי תרומת"
                    HPOS="303.0"
                    VPOS="766.0"
                    WIDTH="981.0"
                    HEIGHT="95.0"></String>
          </TextLine>

          
          
          <TextLine ID="eSc_line_1926823"
                    
                    BASELINE="310 882 483 892 793 885 1287 885" 
                    HPOS="306.0"
                    VPOS="838.0"
                    WIDTH="978.0"
                    HEIGHT="98.0">
            <Shape><Polygon POINTS="306 878 354 844 582 855 613 838 711 858 735 841 752 855 1195 844 1270 858 1284 882 1260 923 1158 919 1113 892 1073 923 1028 892 1004 912 936 923 912 906 861 923 810 909 769 936 691 912 637 936 521 906 463 923 419 906 337 923 310 912"/></Shape>
	    <String CONTENT="מעשר עליו → ומעשר שני בצפונו ובדרומו"
                    HPOS="306.0"
                    VPOS="838.0"
                    WIDTH="978.0"
                    HEIGHT="98.0"></String>
          </TextLine>

          
          
          <TextLine ID="eSc_line_1926819"
                    
                    BASELINE="316 960 511 950 1287 950" 
                    HPOS="313.0"
                    VPOS="895.0"
                    WIDTH="971.0"
                    HEIGHT="106.0">
            <Shape><Polygon POINTS="313 957 350 919 405 909 480 923 517 906 582 919 606 940 674 940 711 919 766 940 814 912 841 926 940 926 1008 916 1025 899 1076 926 1107 895 1161 926 1274 923 1284 947 1274 984 1240 998 1185 984 1069 1001 1022 981 950 998 923 977 899 994 844 994 790 947 756 947 711 991 688 994 630 947 579 991 511 981 456 994 432 977 391 994 333 957"/></Shape>
	    <String CONTENT="ומחולל על המעות ˙ ¶ ג&#39; הלוקח מן"
                    HPOS="313.0"
                    VPOS="895.0"
                    WIDTH="971.0"
                    HEIGHT="106.0"></String>
          </TextLine>

          
          
          <TextLine ID="eSc_line_1926820"
                    
                    BASELINE="306 1028 701 1035 967 1025 1287 1028" 
                    HPOS="303.0"
                    VPOS="974.0"
                    WIDTH="981.0"
                    HEIGHT="109.0">
            <Shape><Polygon POINTS="303 1025 354 994 408 1001 436 981 453 998 514 984 582 998 606 974 637 1001 722 994 735 981 752 994 776 977 814 998 984 994 1018 977 1069 1001 1270 984 1284 1025 1257 1066 1168 1052 1045 1069 1022 1049 1004 1066 895 1052 763 1073 732 1052 708 1069 677 1059 640 1073 602 1049 585 1066 555 1052 490 1076 398 1066 306 1083"/></Shape>
	    <String CONTENT="הנחתום מעשר מן החמה על הצוננת ומן"
                    HPOS="303.0"
                    VPOS="974.0"
                    WIDTH="981.0"
                    HEIGHT="109.0"></String>
          </TextLine>

          
          
          <TextLine ID="eSc_line_1926839"
                    
                    BASELINE="330 1103 698 1100 855 1093 1287 1093" 
                    HPOS="327.0"
                    VPOS="1049.0"
                    WIDTH="957.0"
                    HEIGHT="99.0">
            <Shape><Polygon POINTS="327 1100 364 1066 490 1073 565 1056 664 1073 735 1052 766 1076 892 1056 1008 1066 1025 1049 1045 1069 1093 1073 1158 1059 1274 1066 1284 1090 1274 1134 1229 1120 1158 1148 1141 1131 1083 1124 912 1134 861 1117 831 1137 790 1137 756 1120 688 1141 657 1131 585 1144 541 1117 517 1134 446 1137 347 1134 330 1117"/></Shape>
	    <String CONTENT="הצוננת על החמה אפילו מטפסים הרבה"
                    HPOS="327.0"
                    VPOS="1049.0"
                    WIDTH="957.0"
                    HEIGHT="99.0"></String>
          </TextLine>

          
          
          <TextLine ID="eSc_line_1926836"
                    
                    BASELINE="323 1154 422 1165 1294 1165" 
                    HPOS="320.0"
                    VPOS="1117.0"
                    WIDTH="971.0"
                    HEIGHT="82.0">
            <Shape><Polygon POINTS="320 1151 350 1151 374 1131 521 1134 538 1117 585 1141 664 1127 691 1137 735 1120 827 1137 868 1120 919 1137 1131 1127 1158 1144 1229 1120 1277 1134 1291 1161 1280 1188 1209 1188 1165 1171 1103 1188 1022 1175 909 1192 844 1188 827 1171 807 1192 735 1199 694 1182 613 1195 589 1171 565 1192 449 1195 422 1182 381 1195 337 1154"/></Shape>
	    <String CONTENT="דב&#39; ר&#39; מאיר ר&#39; יהודה אוסר שני או&#39; חטים"
                    HPOS="320.0"
                    VPOS="1117.0"
                    WIDTH="971.0"
                    HEIGHT="82.0"></String>
          </TextLine>

          
          
          <TextLine ID="eSc_line_1926824"
                    
                    BASELINE="316 1209 384 1219 657 1226 1294 1216" 
                    HPOS="313.0"
                    VPOS="1171.0"
                    WIDTH="978.0"
                    HEIGHT="99.0">
            <Shape><Polygon POINTS="313 1205 330 1188 347 1205 364 1188 568 1195 589 1178 613 1199 746 1199 807 1192 827 1171 848 1192 950 1199 1192 1175 1209 1188 1270 1188 1291 1212 1263 1250 1233 1250 1209 1226 1175 1253 1158 1240 1127 1263 1056 1253 1035 1267 1001 1240 943 1257 841 1257 821 1240 786 1263 698 1240 643 1270 616 1250 551 1246 521 1257 439 1243 415 1260 384 1233 367 1243 320 1219"/></Shape>
	    <String CONTENT="שלאמש היו משלאחד ושלהיום היו ˙˙"
                    HPOS="313.0"
                    VPOS="1171.0"
                    WIDTH="978.0"
                    HEIGHT="99.0"></String>
          </TextLine>

          
          
          <TextLine ID="eSc_line_1926848"
                    
                    BASELINE="398 1287 981 1287 1141 1280 1294 1283" 
                    HPOS="395.0"
                    VPOS="1229.0"
                    WIDTH="896.0"
                    HEIGHT="106.0">
            <Shape><Polygon POINTS="395 1284 439 1246 609 1246 643 1267 705 1236 783 1263 814 1243 838 1257 1008 1246 1039 1263 1052 1250 1171 1253 1205 1229 1226 1250 1267 1250 1291 1280 1267 1314 1165 1314 1148 1301 1086 1325 1045 1297 994 1294 919 1318 838 1318 817 1301 735 1314 715 1335 674 1308 609 1335 521 1311 487 1318 466 1301 422 1314 398 1291"/></Shape>
	    <String CONTENT="משלאחד ר&#39; שמעון אוסר בתרומת"
                    HPOS="395.0"
                    VPOS="1229.0"
                    WIDTH="896.0"
                    HEIGHT="106.0"></String>
          </TextLine>

          
          
          <TextLine ID="eSc_line_1926822"
                    
                    BASELINE="323 1355 415 1349 909 1349 1035 1342 1294 1345" 
                    HPOS="320.0"
                    VPOS="1297.0"
                    WIDTH="971.0"
                    HEIGHT="89.0">
            <Shape><Polygon POINTS="320 1352 367 1311 436 1318 470 1304 483 1318 524 1314 548 1338 630 1338 671 1308 718 1338 739 1318 803 1314 817 1301 838 1318 916 1321 987 1297 1045 1301 1086 1325 1144 1304 1233 1308 1291 1342 1270 1372 1222 1362 1202 1376 1148 1372 1117 1352 1039 1376 923 1355 861 1376 786 1372 759 1345 711 1345 677 1369 633 1345 562 1345 497 1376 463 1362 395 1386 347 1352"/></Shape>
	    <String CONTENT="מעשר ומתיר בחלה ˙ ¶ ד&#39; הלוקח"
                    HPOS="320.0"
                    VPOS="1297.0"
                    WIDTH="971.0"
                    HEIGHT="89.0"></String>
          </TextLine>

          
          
          <TextLine ID="eSc_line_1926818"
                    
                    BASELINE="374 1403 1171 1400 1294 1405" 
                    HPOS="371.0"
                    VPOS="1349.0"
                    WIDTH="920.0"
                    HEIGHT="92.0">
            <Shape><Polygon POINTS="371 1400 374 1386 391 1393 412 1372 466 1362 493 1376 620 1355 681 1369 718 1349 759 1349 786 1372 861 1379 919 1359 984 1379 1110 1355 1144 1376 1280 1369 1291 1403 1280 1430 1165 1427 1148 1441 1113 1420 1004 1434 749 1420 647 1434 589 1417 517 1427 500 1413 470 1430 415 1427 388 1400"/></Shape>
	    <String CONTENT="מן הפלטר מעשר מכל טופוס וטופוס"
                    HPOS="371.0"
                    VPOS="1349.0"
                    WIDTH="920.0"
                    HEIGHT="92.0"></String>
          </TextLine>

          
          
          <TextLine ID="eSc_line_1926783"
                    
                    BASELINE="350 1451 609 1461 1294 1451" 
                    HPOS="347.0"
                    VPOS="1396.0"
                    WIDTH="944.0"
                    HEIGHT="102.0">
            <Shape><Polygon POINTS="347 1447 371 1396 412 1427 463 1430 500 1417 647 1437 858 1420 994 1434 1113 1423 1151 1447 1182 1427 1270 1427 1291 1447 1280 1478 1158 1471 1056 1488 960 1471 889 1485 803 1471 725 1495 691 1481 660 1498 579 1475 514 1488 487 1464 463 1488 412 1485 361 1451"/></Shape>
	    <String CONTENT="דב&#39; ר&#39; מאיר ר&#39; יהודה או מאחד על הכל"
                    HPOS="347.0"
                    VPOS="1396.0"
                    WIDTH="944.0"
                    HEIGHT="102.0"></String>
          </TextLine>

          
          
          <TextLine ID="eSc_line_1926835"
                    
                    BASELINE="310 1509 735 1519 994 1512 1294 1515" 
                    HPOS="306.0"
                    VPOS="1471.0"
                    WIDTH="985.0"
                    HEIGHT="85.0">
            <Shape><Polygon POINTS="306 1505 310 1478 350 1485 374 1471 470 1495 490 1478 534 1492 575 1471 654 1498 810 1475 1120 1488 1168 1471 1274 1478 1291 1512 1222 1536 885 1529 851 1553 827 1529 783 1546 725 1533 671 1556 620 1529 596 1553 531 1553 473 1519 439 1539 371 1539 354 1556 310 1539"/></Shape>
	    <String CONTENT="ומודה ר&#39; יהודה בלוקח מן המנפול שהוא"
                    HPOS="306.0"
                    VPOS="1471.0"
                    WIDTH="985.0"
                    HEIGHT="85.0"></String>
          </TextLine>

          
          
          <TextLine ID="eSc_line_1926815"
                    
                    BASELINE="344 1567 1137 1567 1294 1555" 
                    HPOS="340.0"
                    VPOS="1519.0"
                    WIDTH="951.0"
                    HEIGHT="85.0">
            <Shape><Polygon POINTS="340 1563 374 1536 442 1539 466 1519 531 1556 596 1556 620 1533 657 1556 718 1533 827 1533 851 1556 878 1533 970 1529 1257 1536 1291 1553 1250 1604 1222 1590 1131 1604 1096 1584 1069 1601 977 1584 943 1601 851 1590 834 1604 746 1604 671 1567 626 1594 592 1563 555 1563 507 1601 398 1597 354 1563"/></Shape>
	    <String CONTENT="מעשר מכל אחד ואחד ˙ ¶ ה&#39; הלוקח"
                    HPOS="340.0"
                    VPOS="1519.0"
                    WIDTH="951.0"
                    HEIGHT="85.0"></String>
          </TextLine>

          
          
          <TextLine ID="eSc_line_1926777"
                    
                    BASELINE="340 1631 473 1624 688 1631 1294 1621" 
                    HPOS="337.0"
                    VPOS="1567.0"
                    WIDTH="954.0"
                    HEIGHT="105.0">
            <Shape><Polygon POINTS="337 1628 340 1597 371 1587 511 1604 575 1567 637 1597 671 1570 746 1607 834 1607 872 1590 1056 1604 1086 1590 1141 1604 1229 1590 1253 1604 1267 1590 1291 1618 1250 1662 1161 1665 1144 1652 1113 1672 1062 1645 998 1672 912 1652 855 1665 827 1638 797 1665 732 1652 528 1662 514 1648 357 1659 340 1645"/></Shape>
	    <String CONTENT="מן העני וכן העני שניתנו לו פרוסות"
                    HPOS="337.0"
                    VPOS="1567.0"
                    WIDTH="954.0"
                    HEIGHT="105.0"></String>
          </TextLine>

          
          
          <TextLine ID="eSc_line_1926785"
                    
                    BASELINE="299 1686 463 1696 674 1696 797 1689 1297 1682" 
                    HPOS="296.0"
                    VPOS="1645.0"
                    WIDTH="998.0"
                    HEIGHT="88.0">
            <Shape><Polygon POINTS="296 1682 299 1662 327 1648 364 1662 575 1652 657 1665 909 1652 998 1672 1059 1645 1117 1676 1141 1659 1168 1669 1284 1645 1294 1679 1243 1727 1120 1716 1073 1733 1028 1730 1011 1713 977 1733 964 1720 889 1723 861 1710 786 1727 705 1710 602 1727 558 1710 521 1730 453 1713 347 1727 299 1699"/></Shape>
	    <String CONTENT="פת או פלחי דבלה מעשר מכל אחד ואחד"
                    HPOS="296.0"
                    VPOS="1645.0"
                    WIDTH="998.0"
                    HEIGHT="88.0"></String>
          </TextLine>

          
          
          <TextLine ID="eSc_line_1926786"
                    
                    BASELINE="323 1757 1282 1757" 
                    HPOS="320.0"
                    VPOS="1710.0"
                    WIDTH="960.0"
                    HEIGHT="85.0">
            <Shape><Polygon POINTS="320 1754 327 1720 456 1720 493 1733 541 1713 609 1727 691 1710 769 1730 817 1716 841 1730 868 1716 977 1733 1015 1713 1052 1733 1188 1720 1263 1727 1280 1754 1250 1795 1131 1778 1004 1795 947 1781 585 1795 534 1764 514 1785 432 1778 357 1791 327 1761"/></Shape>
	    <String CONTENT="בתמרים ובגרוגרות בולל ונוטל אמ&#39; ר&#39; יהוד&#39;"
                    HPOS="320.0"
                    VPOS="1710.0"
                    WIDTH="960.0"
                    HEIGHT="85.0"></String>
          </TextLine>

          
          
          <TextLine ID="eSc_line_1926826"
                    
                    BASELINE="364 1812 1282 1819" 
                    HPOS="361.0"
                    VPOS="1764.0"
                    WIDTH="919.0"
                    HEIGHT="102.0">
            <Shape><Polygon POINTS="361 1808 415 1781 507 1788 531 1764 582 1795 664 1781 947 1785 991 1798 1052 1778 1127 1778 1212 1795 1260 1788 1280 1815 1270 1843 1240 1860 1148 1863 1100 1846 1059 1863 977 1853 957 1866 899 1853 824 1866 810 1849 773 1863 756 1846 677 1863 551 1863 524 1839 429 1863 401 1860 364 1822"/></Shape>
	    <String CONTENT="אמתי בזמן שמתנה מרובה אבל בזמן"
                    HPOS="361.0"
                    VPOS="1764.0"
                    WIDTH="919.0"
                    HEIGHT="102.0"></String>
          </TextLine>

          
          
          <TextLine ID="eSc_line_1926787"
                    
                    BASELINE="327 1887 1282 1894" 
                    HPOS="323.0"
                    VPOS="1846.0"
                    WIDTH="957.0"
                    HEIGHT="92.0">
            <Shape><Polygon POINTS="323 1883 327 1856 361 1846 425 1863 521 1846 548 1863 623 1866 746 1846 821 1866 895 1853 947 1866 1062 1863 1110 1846 1148 1863 1250 1860 1280 1890 1236 1924 1168 1914 1086 1934 1069 1917 1052 1934 1025 1921 957 1924 943 1938 858 1911 838 1924 776 1914 759 1931 640 1911 545 1921 521 1907 470 1924 384 1921 327 1894"/></Shape>
	    <String CONTENT="שמתנה ממועטת מעשר מכל אחד"
                    HPOS="323.0"
                    VPOS="1846.0"
                    WIDTH="957.0"
                    HEIGHT="92.0"></String>
          </TextLine>

          
          
          <TextLine ID="eSc_line_1926844"
                    
                    BASELINE="344 1955 1277 1948" 
                    HPOS="340.0"
                    VPOS="1904.0"
                    WIDTH="934.0"
                    HEIGHT="85.0">
            <Shape><Polygon POINTS="340 1952 364 1914 459 1924 504 1904 752 1934 861 1911 930 1941 984 1941 1028 1917 1062 1945 1107 1945 1161 1921 1192 1931 1263 1917 1274 1945 1263 1989 1216 1972 1137 1982 1083 1955 1035 1986 998 1948 936 1958 902 1986 878 1972 838 1986 800 1972 780 1989 596 1972 473 1986 422 1965 401 1982 344 1958"/></Shape>
	    <String CONTENT="ואחד ˙ ¶ ו&#39; הלוקח מן הסיטון וחזר"
                    HPOS="340.0"
                    VPOS="1904.0"
                    WIDTH="934.0"
                    HEIGHT="85.0"></String>
          </TextLine>

          
          
          <TextLine ID="eSc_line_1926784"
                    
                    BASELINE="316 2003 419 2013 613 2013 803 2006 1282 2013" 
                    HPOS="313.0"
                    VPOS="1962.0"
                    WIDTH="967.0"
                    HEIGHT="92.0">
            <Shape><Polygon POINTS="313 1999 422 1969 476 1986 647 1975 671 1989 786 1986 807 1969 838 1989 858 1975 909 1986 960 1962 1008 1989 1073 1982 1093 1962 1148 1982 1222 1972 1274 1986 1280 2009 1253 2047 1171 2047 1144 2030 1096 2050 998 2033 926 2050 827 2026 715 2047 667 2040 647 2054 585 2030 384 2047 316 2003"/></Shape>
	    <String CONTENT="ולקח ממנו שנייה לא יעשר מזה על זה"
                    HPOS="313.0"
                    VPOS="1962.0"
                    WIDTH="967.0"
                    HEIGHT="92.0"></String>
          </TextLine>

          
          
          <TextLine ID="eSc_line_1926847"
                    
                    BASELINE="361 2078 780 2074 1282 2081" 
                    HPOS="357.0"
                    VPOS="2030.0"
                    WIDTH="923.0"
                    HEIGHT="102.0">
            <Shape><Polygon POINTS="357 2074 361 2044 422 2037 528 2047 585 2033 650 2054 824 2033 895 2050 984 2033 1107 2047 1148 2030 1185 2050 1270 2040 1280 2078 1270 2122 1151 2105 1079 2115 1066 2101 1004 2098 950 2108 926 2095 902 2112 814 2115 732 2115 711 2095 657 2095 637 2112 599 2098 483 2105 449 2132 398 2098 361 2115"/></Shape>
	    <String CONTENT="אפילו מאותו הסוג אפילו מאותו המין"
                    HPOS="357.0"
                    VPOS="2030.0"
                    WIDTH="923.0"
                    HEIGHT="102.0"></String>
          </TextLine>

          
          
          <TextLine ID="eSc_line_1926851"
                    
                    BASELINE="347 2135 459 2149 1090 2142 1282 2154" 
                    HPOS="344.0"
                    VPOS="2095.0"
                    WIDTH="936.0"
                    HEIGHT="115.0">
            <Shape><Polygon POINTS="344 2132 401 2101 449 2139 500 2105 599 2098 626 2112 657 2095 711 2095 729 2112 899 2112 933 2098 964 2112 1250 2112 1280 2153 1270 2207 1233 2190 1209 2210 1127 2170 1079 2183 1045 2170 1022 2183 895 2163 872 2183 769 2163 749 2183 674 2173 643 2187 592 2159 517 2183 466 2146 419 2173 357 2146 347 2156"/></Shape>
	    <String CONTENT="נאמן הסיטון לומר משלאחד הן ˙ ¶ ז&#39;"
                    HPOS="344.0"
                    VPOS="2095.0"
                    WIDTH="936.0"
                    HEIGHT="115.0"></String>
          </TextLine>

          
          
          <TextLine ID="eSc_line_1926782"
                    
                    BASELINE="361 2214 1205 2214" 
                    HPOS="357.0"
                    VPOS="2159.0"
                    WIDTH="845.0"
                    HEIGHT="92.0">
            <Shape><Polygon POINTS="357 2210 398 2176 459 2176 476 2159 517 2187 592 2163 616 2187 647 2190 769 2176 878 2187 899 2166 930 2183 1015 2176 1028 2190 1134 2176 1202 2210 1165 2244 1137 2231 1103 2244 964 2231 936 2251 902 2231 851 2241 821 2221 783 2244 763 2227 725 2227 698 2248 664 2227 640 2244 613 2227 545 2248 364 2241"/></Shape>
	    <String CONTENT="הלוקח מבעל הבית וחזר ולקח ממנו"
                    HPOS="357.0"
                    VPOS="2159.0"
                    WIDTH="845.0"
                    HEIGHT="92.0"></String>
          </TextLine>

          
          
          <TextLine ID="eSc_line_1926778"
                    
                    BASELINE="333 2262 439 2272 1127 2265 1282 2268" 
                    HPOS="330.0"
                    VPOS="2221.0"
                    WIDTH="950.0"
                    HEIGHT="88.0">
            <Shape><Polygon POINTS="330 2258 340 2241 361 2255 384 2238 534 2248 558 2231 633 2244 657 2231 688 2248 759 2231 827 2258 899 2231 936 2251 960 2227 1008 2241 1107 2241 1134 2227 1171 2241 1222 2221 1280 2265 1199 2299 1161 2279 1148 2292 1073 2296 1015 2272 926 2296 827 2289 780 2306 681 2289 613 2309 585 2289 551 2296 480 2272 429 2299 364 2262 337 2265"/></Shape>
	    <String CONTENT="שנייה מעשר מזה על זה אפילו משתי"
                    HPOS="330.0"
                    VPOS="2221.0"
                    WIDTH="950.0"
                    HEIGHT="88.0"></String>
          </TextLine>

          
          
          <TextLine ID="eSc_line_1926841"
                    
                    BASELINE="367 2319 1277 2319" 
                    HPOS="364.0"
                    VPOS="2282.0"
                    WIDTH="910.0"
                    HEIGHT="85.0">
            <Shape><Polygon POINTS="364 2316 388 2292 483 2302 524 2285 616 2309 688 2289 793 2306 827 2292 933 2299 974 2282 1025 2306 1049 2285 1073 2299 1240 2292 1274 2316 1236 2357 1137 2347 1032 2360 950 2347 872 2364 790 2343 776 2357 674 2347 558 2367 521 2347 371 2347"/></Shape>
	    <String CONTENT="קופות אפילו משתי עיירות בעל הבית"
                    HPOS="364.0"
                    VPOS="2282.0"
                    WIDTH="910.0"
                    HEIGHT="85.0"></String>
          </TextLine>

          
          
          <TextLine ID="eSc_line_1926814"
                    
                    BASELINE="350 2384 1131 2384 1282 2390" 
                    HPOS="347.0"
                    VPOS="2340.0"
                    WIDTH="933.0"
                    HEIGHT="85.0">
            <Shape><Polygon POINTS="347 2381 371 2347 497 2357 514 2343 565 2364 650 2347 752 2357 797 2343 872 2360 895 2347 1236 2354 1253 2340 1280 2388 1246 2388 1216 2411 1168 2394 1127 2415 1039 2398 1015 2418 882 2388 848 2411 742 2401 729 2415 647 2408 626 2425 568 2401 545 2422 425 2401 398 2411 354 2381"/></Shape>
	    <String CONTENT="שהיה מוכר ירק בשוק בזמן שהם [מ&#39;]"
                    HPOS="347.0"
                    VPOS="2340.0"
                    WIDTH="933.0"
                    HEIGHT="85.0"></String>
          </TextLine>

          
          
          <TextLine ID="eSc_line_1926832"
                    
                    BASELINE="354 2439 1011 2445 1282 2426" 
                    HPOS="350.0"
                    VPOS="2388.0"
                    WIDTH="930.0"
                    HEIGHT="88.0">
            <Shape><Polygon POINTS="350 2435 371 2388 398 2415 429 2405 480 2422 548 2422 565 2405 623 2425 643 2411 807 2415 868 2401 889 2415 919 2391 940 2411 984 2405 1008 2418 1042 2398 1124 2415 1161 2394 1212 2411 1236 2398 1280 2425 1250 2473 1195 2466 1168 2445 1144 2469 1096 2473 1011 2459 861 2476 786 2459 759 2476 691 2476 633 2452 613 2473 483 2463 459 2476 419 2445 381 2463 354 2442"/></Shape>
	    <String CONTENT="מביאין לו מגנותיו מעשר מאחת על"
                    HPOS="350.0"
                    VPOS="2388.0"
                    WIDTH="930.0"
                    HEIGHT="88.0"></String>
          </TextLine>

          
          
          <TextLine ID="eSc_line_1926781"
                    
                    BASELINE="354 2507 1131 2507 1282 2495" 
                    HPOS="350.0"
                    VPOS="2449.0"
                    WIDTH="930.0"
                    HEIGHT="99.0">
            <Shape><Polygon POINTS="350 2503 354 2456 388 2466 405 2449 446 2476 483 2463 521 2476 616 2473 643 2456 688 2476 834 2463 933 2480 994 2463 1144 2473 1168 2449 1192 2469 1280 2493 1243 2520 1131 2527 1110 2548 1035 2548 1008 2524 940 2548 872 2510 848 2527 773 2534 701 2520 667 2537 650 2520 613 2531 592 2517 565 2534 388 2531 354 2503"/></Shape>
	    <String CONTENT="הכל ומגנות אחירות מעשר מכל אחת"
                    HPOS="350.0"
                    VPOS="2449.0"
                    WIDTH="930.0"
                    HEIGHT="99.0"></String>
          </TextLine>

          
          
          <TextLine ID="eSc_line_1926816"
                    
                    BASELINE="279 2548 425 2561 970 2561 1282 2552" 
                    HPOS="275.0"
                    VPOS="2507.0"
                    WIDTH="1005.0"
                    HEIGHT="95.0">
            <Shape><Polygon POINTS="275 2544 354 2507 401 2534 565 2534 596 2520 643 2551 694 2524 735 2537 848 2527 872 2510 940 2551 994 2524 1039 2551 1107 2551 1134 2524 1205 2527 1222 2514 1280 2551 1260 2599 1229 2585 1154 2592 1141 2578 1113 2589 1073 2558 1039 2558 1008 2585 957 2568 930 2592 841 2585 827 2599 763 2582 742 2602 684 2565 640 2592 367 2595 279 2582"/></Shape>
	    <String CONTENT="ואחת ˙ ¶ ח&#39; הלוקח טבל משני מקומות"
                    HPOS="275.0"
                    VPOS="2507.0"
                    WIDTH="1005.0"
                    HEIGHT="95.0"></String>
          </TextLine>

          
          
          <TextLine ID="eSc_line_1926771"
                    
                    BASELINE="313 2626 453 2619 1282 2619" 
                    HPOS="310.0"
                    VPOS="2565.0"
                    WIDTH="970.0"
                    HEIGHT="105.0">
            <Shape><Polygon POINTS="310 2623 313 2589 364 2606 391 2589 606 2595 643 2592 681 2565 735 2602 766 2582 827 2599 1090 2568 1113 2589 1229 2585 1280 2616 1274 2636 1188 2657 1120 2657 1083 2640 1062 2653 974 2646 960 2660 878 2664 834 2640 803 2664 752 2657 711 2670 623 2660 602 2640 562 2660 500 2646 466 2664 367 2633 316 2636"/></Shape>
	    <String CONTENT="מעשר מזה על זה אף על פי שאמרו"
                    HPOS="310.0"
                    VPOS="2565.0"
                    WIDTH="970.0"
                    HEIGHT="105.0"></String>
          </TextLine>

          
          
          <TextLine ID="eSc_line_1926770"
                    
                    BASELINE="320 2684 742 2698 1270 2684" 
                    HPOS="316.0"
                    VPOS="2640.0"
                    WIDTH="951.0"
                    HEIGHT="98.0">
            <Shape><Polygon POINTS="316 2681 320 2640 415 2643 470 2667 497 2646 521 2664 599 2640 620 2660 698 2674 752 2657 803 2664 834 2640 875 2670 957 2664 970 2650 1257 2650 1267 2681 1257 2725 1216 2708 1199 2725 1182 2715 1168 2728 1066 2735 984 2715 957 2738 885 2711 827 2732 705 2708 681 2728 551 2704 534 2721 459 2721 442 2708 412 2718 361 2687 344 2701 323 2684"/></Shape>
	    <String CONTENT="אין אדם רשיי למכור טבל אלא [לצ&#39;]"
                    HPOS="316.0"
                    VPOS="2640.0"
                    WIDTH="951.0"
                    HEIGHT="98.0"></String>
          </TextLine>

          
          
          <TextLine ID="eSc_line_1926776"
                    
                    BASELINE="340 2749 776 2759 1282 2752" 
                    HPOS="337.0"
                    VPOS="2694.0"
                    WIDTH="943.0"
                    HEIGHT="99.0">
            <Shape><Polygon POINTS="337 2745 340 2715 364 2694 391 2721 456 2725 538 2721 555 2708 831 2732 892 2711 936 2749 984 2715 1076 2735 1096 2721 1168 2725 1182 2711 1202 2721 1222 2704 1280 2749 1175 2793 1141 2773 1117 2790 1079 2752 1045 2752 981 2790 933 2755 902 2786 855 2793 817 2755 786 2783 657 2783 633 2759 589 2779 551 2755 504 2783 395 2783 340 2749"/></Shape>
	    <String CONTENT="לצורך ˙ ¶ ט&#39; מעשרים משלישראל"
                    HPOS="337.0"
                    VPOS="2694.0"
                    WIDTH="943.0"
                    HEIGHT="99.0"></String>
          </TextLine>

          
          
          <TextLine ID="eSc_line_1926780"
                    
                    BASELINE="350 2803 1282 2817" 
                    HPOS="347.0"
                    VPOS="2755.0"
                    WIDTH="933.0"
                    HEIGHT="99.0">
            <Shape><Polygon POINTS="347 2800 357 2762 415 2783 507 2779 551 2755 585 2783 630 2766 654 2786 752 2776 834 2807 950 2769 984 2790 1076 2759 1113 2793 1148 2779 1175 2800 1219 2779 1280 2813 1263 2854 1171 2830 1144 2854 1103 2830 1079 2854 933 2837 919 2851 868 2847 851 2834 817 2851 773 2830 739 2844 708 2830 684 2851 630 2834 609 2847 551 2841 538 2827 483 2841 350 2830"/></Shape>
	    <String CONTENT="על שלגוים ומשלגוים על שלישראל"
                    HPOS="347.0"
                    VPOS="2755.0"
                    WIDTH="933.0"
                    HEIGHT="99.0"></String>
          </TextLine>

          
          
          <TextLine ID="eSc_line_1926779"
                    
                    BASELINE="320 2865 841 2882 1282 2882" 
                    HPOS="316.0"
                    VPOS="2830.0"
                    WIDTH="964.0"
                    HEIGHT="89.0">
            <Shape><Polygon POINTS="316 2861 354 2830 541 2830 677 2851 708 2834 746 2847 780 2837 793 2851 855 2837 1083 2851 1107 2834 1144 2858 1171 2837 1274 2854 1280 2878 1240 2905 1199 2909 1175 2892 1151 2916 1117 2912 1096 2888 1059 2909 950 2912 926 2895 885 2916 838 2892 810 2919 780 2919 674 2902 531 2909 511 2892 401 2912 320 2865"/></Shape>
	    <String CONTENT="ומשלישראל על שלכותים ומשלכותים"
                    HPOS="316.0"
                    VPOS="2830.0"
                    WIDTH="964.0"
                    HEIGHT="89.0"></String>
          </TextLine>

          
          
          <TextLine ID="eSc_line_1926817"
                    
                    BASELINE="327 2936 790 2943 1079 2936 1168 2939 1282 2951" 
                    HPOS="320.0"
                    VPOS="2882.0"
                    WIDTH="960.0"
                    HEIGHT="115.0">
            <Shape><Polygon POINTS="323 2933 320 2984 1270 2997 1280 2950 1277 2909 1195 2888 1192 2888 722 2902 711 2902 708 2902 514 2882 511 2882 507 2882 504 2882 476 2902 323 2902 323 2933"/></Shape>
	    <String CONTENT="על שלכותים ר&#39; אלעזר אוסר משלכותים"
                    HPOS="320.0"
                    VPOS="2882.0"
                    WIDTH="960.0"
                    HEIGHT="115.0"></String>
          </TextLine>

          
        </TextBlock>
        
        <TextBlock HPOS="1303.0"
                   VPOS="865.0"
                   WIDTH="127.0"
                   HEIGHT="79.0"
                   ID="eSc_textblock_b9907909"
                   TAGREFS="BT830">
          <Shape><Polygon POINTS="1430 865 1430 944 1303 944 1303 865"/></Shape>
          
          
          <TextLine ID="eSc_line_1927365"
                    
                    BASELINE="1305 884 1437 879" 
                    HPOS="1304.0"
                    VPOS="864.0"
                    WIDTH="133.0"
                    HEIGHT="39.0">
            <Shape><Polygon POINTS="1304 869 1436 864 1437 898 1305 903"/></Shape>
	    <String CONTENT="והשאר"
                    HPOS="1304.0"
                    VPOS="864.0"
                    WIDTH="133.0"
                    HEIGHT="39.0"></String>
          </TextLine>

          
          
          <TextLine ID="eSc_line_1927366"
                    
                    BASELINE="1313 932 1434 920" 
                    HPOS="1311.0"
                    VPOS="905.0"
                    WIDTH="124.0"
                    HEIGHT="46.0">
            <Shape><Polygon POINTS="1311 917 1432 905 1435 939 1314 951"/></Shape>
	    <String CONTENT="חלה"
                    HPOS="1311.0"
                    VPOS="905.0"
                    WIDTH="124.0"
                    HEIGHT="46.0"></String>
          </TextLine>

          
        </TextBlock>
        
        <TextBlock HPOS="2522.0"
                   VPOS="1938.0"
                   WIDTH="137.0"
                   HEIGHT="69.0"
                   ID="eSc_textblock_fb3c99ac"
                   TAGREFS="BT830">
          <Shape><Polygon POINTS="2522 1938 2522 2007 2659 2007 2659 1938"/></Shape>
          
          
          <TextLine ID="eSc_line_1926799"
                    
                    BASELINE="2520 1969 2670 1969" 
                    HPOS="2520.0"
                    VPOS="1954.0"
                    WIDTH="150.0"
                    HEIGHT="35.0">
            <Shape><Polygon POINTS="2520 1954 2670 1954 2670 1989 2520 1989"/></Shape>
	    <String CONTENT="נאמן"
                    HPOS="2520.0"
                    VPOS="1954.0"
                    WIDTH="150.0"
                    HEIGHT="35.0"></String>
          </TextLine>

          
        </TextBlock>
        
        <TextBlock HPOS="1357.0"
                   VPOS="1495.0"
                   WIDTH="144.0"
                   HEIGHT="48.0"
                   ID="eSc_textblock_94448d57"
                   TAGREFS="BT830">
          <Shape><Polygon POINTS="1357 1495 1357 1543 1501 1543 1501 1495"/></Shape>
          
          
          <TextLine ID="eSc_line_1926852"
                    
                    BASELINE="1355 1512 1505 1512" 
                    HPOS="1355.0"
                    VPOS="1497.0"
                    WIDTH="150.0"
                    HEIGHT="35.0">
            <Shape><Polygon POINTS="1355 1497 1505 1497 1505 1532 1355 1532"/></Shape>
	    <String CONTENT="שאינו"
                    HPOS="1355.0"
                    VPOS="1497.0"
                    WIDTH="150.0"
                    HEIGHT="35.0"></String>
          </TextLine>

          
        </TextBlock>
        

        
      </PrintSpace>
    </Page>
  </Layout>
</alto>
