<?xml version="1.0" encoding="UTF-8"?>
<alto xmlns:xsi="http://www.w3.org/2001/XMLSchema-instance"
      xmlns="http://www.loc.gov/standards/alto/ns-v4#"
      xsi:schemaLocation="http://www.loc.gov/standards/alto/ns-v4# http://www.loc.gov/standards/alto/v4/alto-4-2.xsd">
  <Description>
    <MeasurementUnit>pixel</MeasurementUnit>
    <sourceImageInformation>
      <fileName>MsParm3173_F13911_0352.jpg</fileName>
      
    </sourceImageInformation>
  </Description>
  
  <Tags>
    <OtherTag ID="BT1" LABEL="Title" DESCRIPTION="block type Title"/><OtherTag ID="BT2" LABEL="Main" DESCRIPTION="block type Main"/><OtherTag ID="BT3" LABEL="Commentary" DESCRIPTION="block type Commentary"/><OtherTag ID="BT4" LABEL="Illustration" DESCRIPTION="block type Illustration"/><OtherTag ID="BT830" LABEL="Margin" DESCRIPTION="block type Margin"/><OtherTag ID="BT831" LABEL="Hole" DESCRIPTION="block type Hole"/><OtherTag ID="BT832" LABEL="Paratext" DESCRIPTION="block type Paratext"/>
    <OtherTag ID="LT2" LABEL="Numbering" DESCRIPTION="line type Numbering"/><OtherTag ID="LT3" LABEL="Correction" DESCRIPTION="line type Correction"/><OtherTag ID="LT501" LABEL="Gloss" DESCRIPTION="line type Gloss"/>
  </Tags>
  
  <Layout>
    <Page WIDTH="3066"
          HEIGHT="4088"
          PHYSICAL_IMG_NR="344"
          ID="eSc_dummypage_">
      <PrintSpace HPOS="0"
                  VPOS="0"
                  WIDTH="3066"
                  HEIGHT="4088">
        
        <TextBlock HPOS="1696.0"
                   VPOS="672.0"
                   WIDTH="1033.0"
                   HEIGHT="2457.0"
                   ID="eSc_textblock_fdcc3a16"
                   TAGREFS="BT2">
          <Shape><Polygon POINTS="1696 672 2713 680 2729 3113 1736 3129"/></Shape>
          
          
          <TextLine ID="eSc_line_1b2be27b"
                    
                    BASELINE="1693 729 2401 725 2720 729" 
                    HPOS="1686.0"
                    VPOS="677.0"
                    WIDTH="1032.0"
                    HEIGHT="89.0">
            <Shape><Polygon POINTS="1689 725 1689 766 2711 763 2718 725 2715 691 1686 677 1689 725"/></Shape>
	    <String CONTENT="מביתו שבעת ימים ואסור בתשמיש [המ&#39;]"
                    HPOS="1686.0"
                    VPOS="677.0"
                    WIDTH="1032.0"
                    HEIGHT="89.0"></String>
          </TextLine>

          
          
          <TextLine ID="eSc_line_1c0512ab"
                    
                    BASELINE="1693 786 1744 797 2394 797 2490 790 2723 790" 
                    HPOS="1686.0"
                    VPOS="756.0"
                    WIDTH="1035.0"
                    HEIGHT="68.0">
            <Shape><Polygon POINTS="1689 783 1689 824 2718 824 2721 786 2718 756 1686 756 1689 783"/></Shape>
	    <String CONTENT="המיטה ˙ ¶ ד&#39; ביום השביעי מגלחו תגלחת"
                    HPOS="1686.0"
                    VPOS="756.0"
                    WIDTH="1035.0"
                    HEIGHT="68.0"></String>
          </TextLine>

          
          
          <TextLine ID="eSc_line_7828b5a2"
                    
                    BASELINE="1682 841 1812 851 2706 844" 
                    HPOS="1676.0"
                    VPOS="814.0"
                    WIDTH="1028.0"
                    HEIGHT="78.0">
            <Shape><Polygon POINTS="1679 838 1679 892 2704 892 2704 841 2698 814 1676 814 1679 838"/></Shape>
	    <String CONTENT="שנייה כתגלחת הראשונה כבס בגדיו וטבל"
                    HPOS="1676.0"
                    VPOS="814.0"
                    WIDTH="1028.0"
                    HEIGHT="78.0"></String>
          </TextLine>

          
          
          <TextLine ID="eSc_line_abf432f6"
                    
                    BASELINE="1710 909 1757 919 2285 919 2319 912 2737 912" 
                    HPOS="1703.0"
                    VPOS="878.0"
                    WIDTH="1032.0"
                    HEIGHT="72.0">
            <Shape><Polygon POINTS="1706 906 1703 950 2732 950 2735 909 2732 878 1706 878 1706 906"/></Shape>
	    <String CONTENT="טהר מלטמא כשרץ והרי הוא טבול יום"
                    HPOS="1703.0"
                    VPOS="878.0"
                    WIDTH="1032.0"
                    HEIGHT="72.0"></String>
          </TextLine>

          
          
          <TextLine ID="eSc_line_732edb1e"
                    
                    BASELINE="1706 977 1791 970 2710 970" 
                    HPOS="1699.0"
                    VPOS="936.0"
                    WIDTH="1009.0"
                    HEIGHT="79.0">
            <Shape><Polygon POINTS="1703 974 1703 1015 2704 1015 2708 967 2704 936 1699 936 1703 974"/></Shape>
	    <String CONTENT="אוכל במעשר העריב שמשו אוכל [בתרו]"
                    HPOS="1699.0"
                    VPOS="936.0"
                    WIDTH="1009.0"
                    HEIGHT="79.0"></String>
          </TextLine>

          
          
          <TextLine ID="eSc_line_4812a9cc"
                    
                    BASELINE="1703 1022 1880 1035 2217 1035 2480 1025 2720 1028" 
                    HPOS="1696.0"
                    VPOS="994.0"
                    WIDTH="1022.0"
                    HEIGHT="75.0">
            <Shape><Polygon POINTS="1699 1022 1699 1069 2711 1069 2718 1025 2715 994 1696 994 1699 1022"/></Shape>
	    <String CONTENT="בתרומה הביא כפרתו אוכל בקדשים נמצאו"
                    HPOS="1696.0"
                    VPOS="994.0"
                    WIDTH="1022.0"
                    HEIGHT="75.0"></String>
          </TextLine>

          
          
          <TextLine ID="eSc_line_4d3868c2"
                    
                    BASELINE="1737 1086 1975 1096 2299 1096 2340 1090 2713 1083" 
                    HPOS="1730.0"
                    VPOS="1052.0"
                    WIDTH="981.0"
                    HEIGHT="75.0">
            <Shape><Polygon POINTS="1733 1083 1733 1127 2708 1120 2711 1079 2708 1052 1730 1052 1733 1083"/></Shape>
	    <String CONTENT="שלוש טהרות במצורע ושלוש ביולדת ˙"
                    HPOS="1730.0"
                    VPOS="1052.0"
                    WIDTH="981.0"
                    HEIGHT="75.0"></String>
          </TextLine>

          
          
          <TextLine ID="eSc_line_fa3e6b0a"
                    
                    BASELINE="1693 1148 2655 1148 2710 1154" 
                    HPOS="1686.0"
                    VPOS="1113.0"
                    WIDTH="1022.0"
                    HEIGHT="72.0">
            <Shape><Polygon POINTS="1689 1144 1686 1185 2701 1182 2708 1151 2704 1113 1689 1113 1689 1144"/></Shape>
	    <String CONTENT="¶ ה&#39; שלשה מגלחין ותגלחתן מצוה הנזיר"
                    HPOS="1686.0"
                    VPOS="1113.0"
                    WIDTH="1022.0"
                    HEIGHT="72.0"></String>
          </TextLine>

          
          
          <TextLine ID="eSc_line_e5f64527"
                    
                    BASELINE="1706 1222 1798 1216 2490 1219 2524 1212 2737 1205" 
                    HPOS="1699.0"
                    VPOS="1178.0"
                    WIDTH="1036.0"
                    HEIGHT="79.0">
            <Shape><Polygon POINTS="1703 1219 1699 1257 2732 1246 2735 1202 2732 1178 1703 1178 1703 1219"/></Shape>
	    <String CONTENT="והמצורע והלוים וכולם שגילחו שלא [/]"
                    HPOS="1699.0"
                    VPOS="1178.0"
                    WIDTH="1036.0"
                    HEIGHT="79.0"></String>
          </TextLine>

          
          
          <TextLine ID="eSc_line_5e727237"
                    
                    BASELINE="1737 1280 2350 1280 2710 1267" 
                    HPOS="1730.0"
                    VPOS="1229.0"
                    WIDTH="978.0"
                    HEIGHT="96.0">
            <Shape><Polygon POINTS="1733 1277 1733 1325 2704 1308 2708 1263 2701 1229 1730 1243 1733 1277"/></Shape>
	    <String CONTENT="בתער או ששיירו שתי שערות לא [ע&#39;]"
                    HPOS="1730.0"
                    VPOS="1229.0"
                    WIDTH="978.0"
                    HEIGHT="96.0"></String>
          </TextLine>

          
          
          <TextLine ID="eSc_line_e6e86966"
                    
                    BASELINE="1706 1335 2354 1342 2391 1335 2737 1335" 
                    HPOS="1699.0"
                    VPOS="1301.0"
                    WIDTH="1036.0"
                    HEIGHT="71.0">
            <Shape><Polygon POINTS="1703 1332 1699 1369 2728 1372 2735 1332 2732 1308 1703 1301 1703 1332"/></Shape>
	    <String CONTENT="עשו כלום ˙ ¶ ו&#39; שתי צפרים מצותן שיהוא"
                    HPOS="1699.0"
                    VPOS="1301.0"
                    WIDTH="1036.0"
                    HEIGHT="71.0"></String>
          </TextLine>

          
          
          <TextLine ID="eSc_line_2a3102ed"
                    
                    BASELINE="1723 1403 2108 1410 2187 1403 2483 1400 2520 1393 2720 1396" 
                    HPOS="1716.0"
                    VPOS="1349.0"
                    WIDTH="1002.0"
                    HEIGHT="85.0">
            <Shape><Polygon POINTS="1720 1400 1716 1434 2711 1434 2718 1393 2715 1369 1914 1349 1911 1349 1720 1362 1720 1400"/></Shape>
	    <String CONTENT="שוות במראה ובקומה ובדמים ולקיחתן"
                    HPOS="1716.0"
                    VPOS="1349.0"
                    WIDTH="1002.0"
                    HEIGHT="85.0"></String>
          </TextLine>

          
          
          <TextLine ID="eSc_line_63ddd269"
                    
                    BASELINE="1720 1454 1764 1464 1948 1461 2020 1468 2347 1468 2384 1461 2720 1464" 
                    HPOS="1713.0"
                    VPOS="1430.0"
                    WIDTH="1005.0"
                    HEIGHT="72.0">
            <Shape><Polygon POINTS="1716 1451 1713 1498 2708 1502 2718 1461 2715 1434 1716 1430 1716 1451"/></Shape>
	    <String CONTENT="כאחת אף על פי שאינן שוות כשירות"
                    HPOS="1713.0"
                    VPOS="1430.0"
                    WIDTH="1005.0"
                    HEIGHT="72.0"></String>
          </TextLine>

          
          
          <TextLine ID="eSc_line_8dbfd418"
                    
                    BASELINE="1720 1522 1764 1533 1955 1529 1999 1536 2391 1536 2428 1529 2662 1533 2744 1522" 
                    HPOS="1713.0"
                    VPOS="1488.0"
                    WIDTH="1029.0"
                    HEIGHT="79.0">
            <Shape><Polygon POINTS="1716 1519 1716 1567 2742 1563 2742 1519 2735 1488 1713 1492 1716 1519"/></Shape>
	    <String CONTENT="לקח אחת היום ואחת למחר כשירות [א&#39;]"
                    HPOS="1713.0"
                    VPOS="1488.0"
                    WIDTH="1029.0"
                    HEIGHT="79.0"></String>
          </TextLine>

          
          
          <TextLine ID="eSc_line_a4be164c"
                    
                    BASELINE="1693 1590 1747 1601 2251 1601 2285 1594 2493 1594 2710 1584" 
                    HPOS="1686.0"
                    VPOS="1560.0"
                    WIDTH="1022.0"
                    HEIGHT="68.0">
            <Shape><Polygon POINTS="1689 1587 1689 1628 2708 1628 2708 1580 2701 1560 1686 1560 1689 1587"/></Shape>
	    <String CONTENT="שחט אחת מהן ונמצאת שלא דרור יקח"
                    HPOS="1686.0"
                    VPOS="1560.0"
                    WIDTH="1022.0"
                    HEIGHT="68.0"></String>
          </TextLine>

          
          
          <TextLine ID="eSc_line_ccee40c9"
                    
                    BASELINE="1747 1659 1798 1672 1832 1665 2173 1669 2210 1662 2541 1659 2575 1652 2737 1655" 
                    HPOS="1740.0"
                    VPOS="1614.0"
                    WIDTH="995.0"
                    HEIGHT="82.0">
            <Shape><Polygon POINTS="1744 1655 1740 1696 2728 1696 2735 1652 2728 1614 1744 1621 1744 1655"/></Shape>
	    <String CONTENT="זוג לשנייה הראשונה מותרת באכילה"
                    HPOS="1740.0"
                    VPOS="1614.0"
                    WIDTH="995.0"
                    HEIGHT="82.0"></String>
          </TextLine>

          
          
          <TextLine ID="eSc_line_db255cf8"
                    
                    BASELINE="1699 1727 2020 1737 2204 1730 2415 1730 2480 1727 2520 1716 2558 1723 2706 1723 2751 1713" 
                    HPOS="1693.0"
                    VPOS="1693.0"
                    WIDTH="1056.0"
                    HEIGHT="88.0">
            <Shape><Polygon POINTS="1696 1723 1693 1764 2367 1781 2371 1781 2422 1778 2442 1774 2476 1774 2497 1774 2745 1761 2749 1710 2749 1693 1696 1693 1696 1723"/></Shape>
	    <String CONTENT="שחטה ונמצאת טריפה יקח זוג לשנייה"
                    HPOS="1693.0"
                    VPOS="1693.0"
                    WIDTH="1056.0"
                    HEIGHT="88.0"></String>
          </TextLine>

          
          
          <TextLine ID="eSc_line_79a3ca3c"
                    
                    BASELINE="1737 1791 2074 1798 2170 1795 2210 1788 2405 1791 2442 1785 2751 1778" 
                    HPOS="1730.0"
                    VPOS="1757.0"
                    WIDTH="1019.0"
                    HEIGHT="82.0">
            <Shape><Polygon POINTS="1733 1788 1733 1822 2333 1839 2336 1839 2340 1839 2343 1839 2343 1836 2360 1822 2745 1822 2749 1774 2745 1757 1730 1757 1733 1788"/></Shape>
	    <String CONTENT="הראשונה מותרת בהנייה נשפך הדם"
                    HPOS="1730.0"
                    VPOS="1757.0"
                    WIDTH="1019.0"
                    HEIGHT="82.0"></String>
          </TextLine>

          
          
          <TextLine ID="eSc_line_f5427466"
                    
                    BASELINE="1723 1863 2044 1863 2166 1856 2367 1860 2445 1853 2747 1846" 
                    HPOS="1716.0"
                    VPOS="1819.0"
                    WIDTH="1029.0"
                    HEIGHT="81.0">
            <Shape><Polygon POINTS="1720 1860 1720 1900 2742 1887 2745 1843 2738 1819 1716 1825 1720 1860"/></Shape>
	    <String CONTENT="תמות המשתלחת מתה המשלחת ישפך"
                    HPOS="1716.0"
                    VPOS="1819.0"
                    WIDTH="1029.0"
                    HEIGHT="81.0"></String>
          </TextLine>

          
          
          <TextLine ID="eSc_line_141a2a46"
                    
                    BASELINE="1713 1917 1761 1928 2227 1928 2268 1921 2490 1921 2585 1917 2665 1911 2703 1914 2751 1904" 
                    HPOS="1706.0"
                    VPOS="1883.0"
                    WIDTH="1043.0"
                    HEIGHT="72.0">
            <Shape><Polygon POINTS="1706 1890 1710 1914 1710 1955 2749 1952 2749 1900 2742 1883 1710 1883 1706 1890"/></Shape>
	    <String CONTENT="הדם : ¶ ז&#39; מצות עץ ארז אורכו אמה ועוביו"
                    HPOS="1706.0"
                    VPOS="1883.0"
                    WIDTH="1043.0"
                    HEIGHT="72.0"></String>
          </TextLine>

          
          
          <TextLine ID="eSc_line_793197c3"
                    
                    BASELINE="1764 1989 2377 1989 2507 1986 2541 1979 2727 1982" 
                    HPOS="1757.0"
                    VPOS="1948.0"
                    WIDTH="968.0"
                    HEIGHT="82.0">
            <Shape><Polygon POINTS="1761 1986 1761 2030 2718 2020 2725 1979 2721 1948 1757 1948 1761 1986"/></Shape>
	    <String CONTENT="כרביע כרע המיטה אחד לשנים ושנים"
                    HPOS="1757.0"
                    VPOS="1948.0"
                    WIDTH="968.0"
                    HEIGHT="82.0"></String>
          </TextLine>

          
          
          <TextLine ID="eSc_line_bfdf2967"
                    
                    BASELINE="1798 2064 2503 2064 2544 2057 2740 2050" 
                    HPOS="1791.0"
                    VPOS="2003.0"
                    WIDTH="947.0"
                    HEIGHT="95.0">
            <Shape><Polygon POINTS="1795 2061 1795 2098 2735 2095 2738 2047 2735 2020 2173 2003 2170 2003 2166 2003 2163 2003 2139 2020 2135 2023 1938 2023 1938 2020 1883 2003 1880 2003 1877 2003 1791 2020 1795 2061"/></Shape>
	    <String CONTENT="לארבעה מצות אזוב לא איזוביון לא"
                    HPOS="1791.0"
                    VPOS="2003.0"
                    WIDTH="947.0"
                    HEIGHT="95.0"></String>
          </TextLine>

          
          
          <TextLine ID="eSc_line_9eea73b3"
                    
                    BASELINE="1751 2125 2737 2132" 
                    HPOS="1744.0"
                    VPOS="2088.0"
                    WIDTH="991.0"
                    HEIGHT="75.0">
            <Shape><Polygon POINTS="1747 2122 1744 2156 2725 2163 2735 2129 2732 2095 1747 2088 1747 2122"/></Shape>
	    <String CONTENT="איזוב כחלית ולא איזוב רומי ולא איזוב"
                    HPOS="1744.0"
                    VPOS="2088.0"
                    WIDTH="991.0"
                    HEIGHT="75.0"></String>
          </TextLine>

          
          
          <TextLine ID="eSc_line_694fb97b"
                    
                    BASELINE="1720 2193 2026 2193 2071 2204 2217 2193 2500 2190 2534 2183 2737 2187" 
                    HPOS="1713.0"
                    VPOS="2135.0"
                    WIDTH="1022.0"
                    HEIGHT="96.0">
            <Shape><Polygon POINTS="1716 2190 1716 2231 2728 2224 2735 2183 2732 2153 2336 2135 2333 2135 2244 2153 2234 2156 1713 2156 1716 2190"/></Shape>
	    <String CONTENT="מדברית ולא כל איזוב שיש לו שם לאווי :"
                    HPOS="1713.0"
                    VPOS="2135.0"
                    WIDTH="1022.0"
                    HEIGHT="96.0"></String>
          </TextLine>

          
          
          <TextLine ID="eSc_line_28de74be"
                    
                    BASELINE="1733 2251 1829 2251 1863 2258 2272 2258 2347 2251 2723 2255 2764 2244" 
                    HPOS="1727.0"
                    VPOS="2221.0"
                    WIDTH="1035.0"
                    HEIGHT="71.0">
            <Shape><Polygon POINTS="1730 2248 1727 2292 2759 2292 2762 2241 2759 2221 1730 2221 1730 2248"/></Shape>
	    <String CONTENT="¶ ח&#39; ביום השמיני היה מביא שלש בהמות"
                    HPOS="1727.0"
                    VPOS="2221.0"
                    WIDTH="1035.0"
                    HEIGHT="71.0"></String>
          </TextLine>

          
          
          <TextLine ID="eSc_line_fc5eea62"
                    
                    BASELINE="1733 2326 2234 2326 2401 2319 2723 2323 2764 2313" 
                    HPOS="1727.0"
                    VPOS="2289.0"
                    WIDTH="1035.0"
                    HEIGHT="68.0">
            <Shape><Polygon POINTS="1730 2323 1730 2357 2762 2354 2762 2309 2759 2289 1727 2289 1730 2323"/></Shape>
	    <String CONTENT="חטאת ואשם ועולה והדל היה מביא [חט&#39;]"
                    HPOS="1727.0"
                    VPOS="2289.0"
                    WIDTH="1035.0"
                    HEIGHT="68.0"></String>
          </TextLine>

          
          
          <TextLine ID="eSc_line_17ffa311"
                    
                    BASELINE="1751 2388 1955 2388 2047 2398 2418 2398 2493 2384 2527 2391 2764 2391" 
                    HPOS="1744.0"
                    VPOS="2354.0"
                    WIDTH="1018.0"
                    HEIGHT="74.0">
            <Shape><Polygon POINTS="1747 2384 1744 2428 2759 2428 2762 2388 2759 2354 1747 2354 1747 2384"/></Shape>
	    <String CONTENT="חטאת העוף ועולת העוף : ¶ ט&#39; בא לו אצל"
                    HPOS="1744.0"
                    VPOS="2354.0"
                    WIDTH="1018.0"
                    HEIGHT="74.0"></String>
          </TextLine>

          
          
          <TextLine ID="eSc_line_4b14c99f"
                    
                    BASELINE="1720 2463 1764 2456 1832 2463 2139 2463 2183 2456 2740 2456" 
                    HPOS="1713.0"
                    VPOS="2422.0"
                    WIDTH="1025.0"
                    HEIGHT="81.0">
            <Shape><Polygon POINTS="1716 2459 1716 2503 2735 2497 2738 2452 2732 2422 1713 2422 1716 2459"/></Shape>
	    <String CONTENT="אשם וסמך שתי ידיו עליו ושחטו וקיבלו"
                    HPOS="1713.0"
                    VPOS="2422.0"
                    WIDTH="1025.0"
                    HEIGHT="81.0"></String>
          </TextLine>

          
          
          <TextLine ID="eSc_line_12ef685b"
                    
                    BASELINE="1727 2527 2268 2534 2764 2517" 
                    HPOS="1720.0"
                    VPOS="2480.0"
                    WIDTH="1042.0"
                    HEIGHT="98.0">
            <Shape><Polygon POINTS="1723 2524 1723 2568 2456 2578 2459 2578 2759 2558 2762 2514 2759 2493 2153 2480 2149 2480 1720 2497 1723 2524"/></Shape>
	    <String CONTENT="שני כהנים את דמו אחד בכלי ואחד ביד"
                    HPOS="1720.0"
                    VPOS="2480.0"
                    WIDTH="1042.0"
                    HEIGHT="98.0"></String>
          </TextLine>

          
          
          <TextLine ID="eSc_line_8d9c19a9"
                    
                    BASELINE="1747 2595 2374 2602 2710 2599 2751 2585" 
                    HPOS="1740.0"
                    VPOS="2561.0"
                    WIDTH="1009.0"
                    HEIGHT="79.0">
            <Shape><Polygon POINTS="1744 2592 1740 2640 2745 2633 2749 2582 2745 2561 1744 2561 1744 2592"/></Shape>
	    <String CONTENT="זה שקיבל בכלי בא וזורקו על קיר המזבח"
                    HPOS="1740.0"
                    VPOS="2561.0"
                    WIDTH="1009.0"
                    HEIGHT="79.0"></String>
          </TextLine>

          
          
          <TextLine ID="eSc_line_a830a93a"
                    
                    BASELINE="1761 2660 1928 2660 2006 2667 2398 2667 2480 2660 2764 2667" 
                    HPOS="1754.0"
                    VPOS="2626.0"
                    WIDTH="1008.0"
                    HEIGHT="89.0">
            <Shape><Polygon POINTS="1757 2657 1754 2694 2279 2715 2282 2715 2755 2698 2762 2664 2759 2633 1757 2626 1757 2657"/></Shape>
	    <String CONTENT="וזה שקיבל ביד בא לו אצל המצורע [וה&#39;]"
                    HPOS="1754.0"
                    VPOS="2626.0"
                    WIDTH="1008.0"
                    HEIGHT="89.0"></String>
          </TextLine>

          
          
          <TextLine ID="eSc_line_74da9f30"
                    
                    BASELINE="1720 2725 1815 2725 1849 2732 2541 2732 2578 2725 2740 2725" 
                    HPOS="1713.0"
                    VPOS="2677.0"
                    WIDTH="1025.0"
                    HEIGHT="89.0">
            <Shape><Polygon POINTS="1716 2721 1716 2766 2735 2762 2738 2721 2732 2677 1713 2687 1716 2721"/></Shape>
	    <String CONTENT="והמצורע טבל בלשכת מצורעים בא ועמד"
                    HPOS="1713.0"
                    VPOS="2677.0"
                    WIDTH="1025.0"
                    HEIGHT="89.0"></String>
          </TextLine>

          
          
          <TextLine ID="eSc_line_4de81fed"
                    
                    BASELINE="1747 2790 2764 2790" 
                    HPOS="1744.0"
                    VPOS="2759.0"
                    WIDTH="1018.0"
                    HEIGHT="75.0">
            <Shape><Polygon POINTS="1744 2786 1744 2834 2762 2834 2762 2786 2762 2759 1744 2759 1744 2786"/></Shape>
	    <String CONTENT="בשערי ניקנור ר&#39; יהודה או&#39; אינו צריך [א&#39;]"
                    HPOS="1744.0"
                    VPOS="2759.0"
                    WIDTH="1018.0"
                    HEIGHT="75.0"></String>
          </TextLine>

          
          
          <TextLine ID="eSc_line_549c9f16"
                    
                    BASELINE="1774 2854 2744 2854" 
                    HPOS="1771.0"
                    VPOS="2820.0"
                    WIDTH="971.0"
                    HEIGHT="75.0">
            <Shape><Polygon POINTS="1771 2851 1771 2895 2742 2895 2742 2851 2742 2820 1771 2820 1771 2851"/></Shape>
	    <String CONTENT="טבילה : ¶ י&#39; הכניס ראשו ונתן על תנוך אזנו"
                    HPOS="1771.0"
                    VPOS="2820.0"
                    WIDTH="971.0"
                    HEIGHT="75.0"></String>
          </TextLine>

          
          
          <TextLine ID="eSc_line_875b6beb"
                    
                    BASELINE="1791 2922 2449 2922 2497 2916 2737 2916" 
                    HPOS="1785.0"
                    VPOS="2885.0"
                    WIDTH="950.0"
                    HEIGHT="85.0">
            <Shape><Polygon POINTS="1788 2919 1788 2970 2732 2953 2735 2912 2732 2885 1785 2885 1788 2919"/></Shape>
	    <String CONTENT="ידו ונתן על בהן ידו רגלו ונתן על בהן"
                    HPOS="1785.0"
                    VPOS="2885.0"
                    WIDTH="950.0"
                    HEIGHT="85.0"></String>
          </TextLine>

          
          
          <TextLine ID="eSc_line_fd07cb64"
                    
                    BASELINE="1764 2994 1921 2994 1965 2987 2669 2987 2703 2994 2751 2980" 
                    HPOS="1757.0"
                    VPOS="2936.0"
                    WIDTH="992.0"
                    HEIGHT="95.0">
            <Shape><Polygon POINTS="1761 2991 1761 3031 2749 3021 2749 2977 2745 2953 2670 2936 2667 2936 2664 2936 2422 2953 2371 2936 2367 2936 2364 2936 2360 2936 2326 2953 2180 2936 2176 2936 2173 2936 2135 2956 1757 2956 1761 2991"/></Shape>
	    <String CONTENT="רגלו ר&#39; יהודה או&#39; שלשתן היה מכניס [כא]"
                    HPOS="1757.0"
                    VPOS="2936.0"
                    WIDTH="992.0"
                    HEIGHT="95.0"></String>
          </TextLine>

          
          
          <TextLine ID="eSc_line_dac7ff93"
                    
                    BASELINE="1751 3052 2422 3062 2751 3042" 
                    HPOS="1744.0"
                    VPOS="3018.0"
                    WIDTH="1005.0"
                    HEIGHT="92.0">
            <Shape><Polygon POINTS="1747 3048 1744 3093 2176 3110 2180 3110 2258 3093 2265 3093 2272 3093 2391 3110 2394 3110 2398 3110 2401 3110 2428 3093 2432 3093 2745 3093 2749 3038 2745 3018 1747 3018 1747 3048"/></Shape>
	    <String CONTENT="כאחת אין לו בהן יד בהן רגל אוזן ימנית"
                    HPOS="1744.0"
                    VPOS="3018.0"
                    WIDTH="1005.0"
                    HEIGHT="92.0"></String>
          </TextLine>

          
        </TextBlock>
        
        <TextBlock HPOS="508.0"
                   VPOS="664.0"
                   WIDTH="1101.0"
                   HEIGHT="2453.0"
                   ID="eSc_textblock_8a8f44b7"
                   TAGREFS="BT2">
          <Shape><Polygon POINTS="508 664 1553 664 1609 3117 604 3117"/></Shape>
          
          
          <TextLine ID="eSc_line_9edf0f8a"
                    
                    BASELINE="541 735 1525 735" 
                    HPOS="538.0"
                    VPOS="664.0"
                    WIDTH="984.0"
                    HEIGHT="116.0">
            <Shape><Polygon POINTS="1366 664 1362 664 1359 664 1314 684 1297 694 1243 688 1093 664 1090 664 1086 664 1083 664 1083 667 1059 688 1056 694 1008 694 984 691 868 664 865 664 861 664 783 691 715 674 711 674 708 674 705 674 701 674 701 677 684 694 538 694 538 732 538 780 1522 773 1522 732 1519 684 1451 694 1420 684 1369 664 1366 664"/></Shape>
	    <String CONTENT="אין לו טהרה עולמית ר&#39; אליעזר או&#39; נותן"
                    HPOS="538.0"
                    VPOS="664.0"
                    WIDTH="984.0"
                    HEIGHT="116.0"></String>
          </TextLine>

          
          
          <TextLine ID="eSc_line_c2617da8"
                    
                    BASELINE="562 803 691 800 817 810 1284 810 1318 803 1573 809" 
                    HPOS="555.0"
                    VPOS="756.0"
                    WIDTH="1015.0"
                    HEIGHT="105.0">
            <Shape><Polygon POINTS="558 800 555 834 647 858 650 858 1103 844 1393 861 1396 861 1400 861 1403 861 1403 858 1420 844 1563 844 1570 807 1570 776 1488 756 1485 756 558 763 558 800"/></Shape>
	    <String CONTENT="הוא על מקומן ר&#39; שמעון או&#39; אם נתן על"
                    HPOS="555.0"
                    VPOS="756.0"
                    WIDTH="1015.0"
                    HEIGHT="105.0"></String>
          </TextLine>

          
          
          <TextLine ID="eSc_line_bdf60ebc"
                    
                    BASELINE="534 885 960 882 1028 875 1444 878 1508 878 1573 878" 
                    HPOS="528.0"
                    VPOS="824.0"
                    WIDTH="1042.0"
                    HEIGHT="102.0">
            <Shape><Polygon POINTS="531 882 531 926 1567 912 1570 875 1567 844 1267 824 1263 824 1148 841 1073 824 1069 824 1066 824 1062 824 1059 824 1059 827 1042 844 909 844 851 824 848 824 844 824 841 824 838 824 810 844 528 844 531 882"/></Shape>
	    <String CONTENT="שלשמאל יצא : ¶ י&#39;א&#39; נטל מלוג השמן ויצק"
                    HPOS="528.0"
                    VPOS="824.0"
                    WIDTH="1042.0"
                    HEIGHT="102.0"></String>
          </TextLine>

          
          
          <TextLine ID="eSc_line_838f83d5"
                    
                    BASELINE="579 953 1205 953 1539 946" 
                    HPOS="572.0"
                    VPOS="909.0"
                    WIDTH="964.0"
                    HEIGHT="95.0">
            <Shape><Polygon POINTS="575 950 575 1004 1533 987 1536 943 1529 909 572 912 575 950"/></Shape>
	    <String CONTENT="לתוך כפו שלחבירו ואם יצק לתוך כף [ע&#39;]"
                    HPOS="572.0"
                    VPOS="909.0"
                    WIDTH="964.0"
                    HEIGHT="95.0"></String>
          </TextLine>

          
          
          <TextLine ID="eSc_line_acea999b"
                    
                    BASELINE="572 1018 616 1028 1277 1028 1318 1022 1532 1028" 
                    HPOS="565.0"
                    VPOS="984.0"
                    WIDTH="964.0"
                    HEIGHT="78.0">
            <Shape><Polygon POINTS="568 1015 565 1062 1522 1062 1529 1025 1526 984 568 984 568 1015"/></Shape>
	    <String CONTENT="עצמו יצא טבל והזה שבע פעמים כנגד"
                    HPOS="565.0"
                    VPOS="984.0"
                    WIDTH="964.0"
                    HEIGHT="78.0"></String>
          </TextLine>

          
          
          <TextLine ID="eSc_line_20664d2b"
                    
                    BASELINE="562 1086 722 1096 1539 1092" 
                    HPOS="555.0"
                    VPOS="1056.0"
                    WIDTH="981.0"
                    HEIGHT="68.0">
            <Shape><Polygon POINTS="558 1083 558 1124 1533 1124 1536 1090 1533 1056 555 1056 558 1083"/></Shape>
	    <String CONTENT="בית קודש הקדשים ועל כל הזייה טבילה"
                    HPOS="555.0"
                    VPOS="1056.0"
                    WIDTH="981.0"
                    HEIGHT="68.0"></String>
          </TextLine>

          
          
          <TextLine ID="eSc_line_425214ab"
                    
                    BASELINE="538 1158 1086 1154 1120 1148 1573 1157" 
                    HPOS="531.0"
                    VPOS="1117.0"
                    WIDTH="1039.0"
                    HEIGHT="75.0">
            <Shape><Polygon POINTS="534 1154 531 1188 1560 1192 1570 1154 1567 1120 534 1117 534 1154"/></Shape>
	    <String CONTENT="בא לו אצל המצורע מקום שהוא נותן את"
                    HPOS="531.0"
                    VPOS="1117.0"
                    WIDTH="1039.0"
                    HEIGHT="75.0"></String>
          </TextLine>

          
          
          <TextLine ID="eSc_line_59f7aa5e"
                    
                    BASELINE="541 1219 786 1226 1076 1222 1192 1216 1573 1222" 
                    HPOS="534.0"
                    VPOS="1182.0"
                    WIDTH="1036.0"
                    HEIGHT="78.0">
            <Shape><Polygon POINTS="538 1216 534 1257 1560 1260 1570 1219 1570 1188 538 1182 538 1216"/></Shape>
	    <String CONTENT="הדם שם הוא נותן את השמן שנ&#39; אל מקום"
                    HPOS="534.0"
                    VPOS="1182.0"
                    WIDTH="1036.0"
                    HEIGHT="78.0"></String>
          </TextLine>

          
          
          <TextLine ID="eSc_line_47f2dca6"
                    
                    BASELINE="558 1287 1001 1294 1192 1291 1226 1284 1468 1287 1573 1283" 
                    HPOS="551.0"
                    VPOS="1250.0"
                    WIDTH="1019.0"
                    HEIGHT="95.0">
            <Shape><Polygon POINTS="555 1284 551 1325 967 1342 970 1342 974 1342 977 1342 998 1325 1001 1325 1025 1325 1192 1345 1195 1345 1567 1325 1570 1280 1567 1257 555 1250 555 1284"/></Shape>
	    <String CONTENT="דם האשם והנותר בשמן אשר על כף הכהן"
                    HPOS="551.0"
                    VPOS="1250.0"
                    WIDTH="1019.0"
                    HEIGHT="95.0"></String>
          </TextLine>

          
          
          <TextLine ID="eSc_line_48ff23ba"
                    
                    BASELINE="575 1372 620 1366 1216 1369 1260 1362 1542 1361" 
                    HPOS="572.0"
                    VPOS="1308.0"
                    WIDTH="967.0"
                    HEIGHT="102.0">
            <Shape><Polygon POINTS="572 1369 572 1410 1536 1400 1539 1359 1539 1328 1488 1308 1485 1308 1481 1308 1076 1321 984 1308 981 1308 977 1308 974 1308 950 1328 572 1328 572 1369"/></Shape>
	    <String CONTENT="יתן על ראש המטהר לכפר אם נתן כיפר"
                    HPOS="572.0"
                    VPOS="1308.0"
                    WIDTH="967.0"
                    HEIGHT="102.0"></String>
          </TextLine>

          
          
          <TextLine ID="eSc_line_1e082b29"
                    
                    BASELINE="524 1437 1168 1437 1573 1429" 
                    HPOS="517.0"
                    VPOS="1379.0"
                    WIDTH="1053.0"
                    HEIGHT="99.0">
            <Shape><Polygon POINTS="521 1434 521 1478 1570 1468 1570 1427 1567 1396 1229 1379 1226 1379 517 1396 521 1434"/></Shape>
	    <String CONTENT="ואם לא נתן לא כיפר דברי ר&#39; עקיבה ר&#39; יוחנן"
                    HPOS="517.0"
                    VPOS="1379.0"
                    WIDTH="1053.0"
                    HEIGHT="99.0"></String>
          </TextLine>

          
          
          <TextLine ID="eSc_line_6072e72c"
                    
                    BASELINE="592 1502 1542 1508" 
                    HPOS="585.0"
                    VPOS="1464.0"
                    WIDTH="954.0"
                    HEIGHT="79.0">
            <Shape><Polygon POINTS="589 1498 585 1543 1533 1543 1539 1505 1536 1471 589 1464 589 1498"/></Shape>
	    <String CONTENT="בן נורי או&#39; שירי מצוה הן בין שנתן ובין"
                    HPOS="585.0"
                    VPOS="1464.0"
                    WIDTH="954.0"
                    HEIGHT="79.0"></String>
          </TextLine>

          
          
          <TextLine ID="eSc_line_f3e739bb"
                    
                    BASELINE="599 1573 926 1580 1417 1577 1522 1576 1573 1578" 
                    HPOS="592.0"
                    VPOS="1519.0"
                    WIDTH="978.0"
                    HEIGHT="95.0">
            <Shape><Polygon POINTS="596 1570 592 1614 1563 1614 1570 1577 1567 1539 1464 1519 1461 1519 1458 1519 1420 1536 933 1519 930 1519 926 1519 885 1536 769 1519 766 1519 763 1519 759 1519 759 1522 746 1533 722 1519 718 1519 715 1519 711 1519 596 1536 596 1570"/></Shape>
	    <String CONTENT="שלא נתן כיפר ומעלין עליו כאילו לא [א&#39;]"
                    HPOS="592.0"
                    VPOS="1519.0"
                    WIDTH="978.0"
                    HEIGHT="95.0"></String>
          </TextLine>

          
          
          <TextLine ID="eSc_line_5d36ccc1"
                    
                    BASELINE="592 1638 1478 1638 1573 1649" 
                    HPOS="585.0"
                    VPOS="1607.0"
                    WIDTH="985.0"
                    HEIGHT="72.0">
            <Shape><Polygon POINTS="589 1635 585 1672 1556 1679 1570 1648 1567 1607 589 1607 589 1635"/></Shape>
	    <String CONTENT="כיפר : י&#39;ב&#39; חסר הלוג עד שלא יצק ימלאנו"
                    HPOS="585.0"
                    VPOS="1607.0"
                    WIDTH="985.0"
                    HEIGHT="72.0"></String>
          </TextLine>

          
          
          <TextLine ID="eSc_line_9ac08966"
                    
                    BASELINE="606 1703 694 1703 739 1710 1233 1710 1314 1703 1573 1709" 
                    HPOS="602.0"
                    VPOS="1669.0"
                    WIDTH="968.0"
                    HEIGHT="71.0">
            <Shape><Polygon POINTS="602 1699 602 1740 1563 1740 1570 1706 1567 1672 602 1669 602 1699"/></Shape>
	    <String CONTENT="משיצק יביא אחר כתחילה דב&#39; ר&#39; יעקב ר&#39;"
                    HPOS="602.0"
                    VPOS="1669.0"
                    WIDTH="968.0"
                    HEIGHT="71.0"></String>
          </TextLine>

          
          
          <TextLine ID="eSc_line_2ff835fd"
                    
                    BASELINE="592 1757 643 1768 786 1771 1171 1768 1294 1761 1573 1770" 
                    HPOS="585.0"
                    VPOS="1713.0"
                    WIDTH="985.0"
                    HEIGHT="106.0">
            <Shape><Polygon POINTS="589 1754 585 1802 1001 1802 1004 1802 1052 1819 1056 1819 1059 1819 1563 1802 1570 1768 1567 1733 936 1713 933 1713 589 1727 589 1754"/></Shape>
	    <String CONTENT="שמעון או&#39; חסר הלוג עד שלא נתן ימלאנו"
                    HPOS="585.0"
                    VPOS="1713.0"
                    WIDTH="985.0"
                    HEIGHT="106.0"></String>
          </TextLine>

          
          
          <TextLine ID="eSc_line_6246a404"
                    
                    BASELINE="630 1832 1573 1838" 
                    HPOS="623.0"
                    VPOS="1795.0"
                    WIDTH="947.0"
                    HEIGHT="75.0">
            <Shape><Polygon POINTS="626 1829 623 1866 1560 1870 1570 1836 1567 1802 626 1795 626 1829"/></Shape>
	    <String CONTENT="משנתן יביא אחר כתחילה : ¶ י&#39;ג&#39; מצורע"
                    HPOS="623.0"
                    VPOS="1795.0"
                    WIDTH="947.0"
                    HEIGHT="75.0"></String>
          </TextLine>

          
          
          <TextLine ID="eSc_line_e72543de"
                    
                    BASELINE="548 1897 1573 1903" 
                    HPOS="541.0"
                    VPOS="1860.0"
                    WIDTH="1029.0"
                    HEIGHT="78.0">
            <Shape><Polygon POINTS="545 1894 541 1931 1560 1938 1570 1900 1570 1866 545 1860 545 1894"/></Shape>
	    <String CONTENT="שהביא קרבנו עני והעשיר או עשיר והעני"
                    HPOS="541.0"
                    VPOS="1860.0"
                    WIDTH="1029.0"
                    HEIGHT="78.0"></String>
          </TextLine>

          
          
          <TextLine ID="eSc_line_9bd8ae85"
                    
                    BASELINE="565 1975 1151 1975 1294 1972 1335 1965 1573 1974" 
                    HPOS="562.0"
                    VPOS="1917.0"
                    WIDTH="1008.0"
                    HEIGHT="92.0">
            <Shape><Polygon POINTS="562 1972 562 2009 1563 2009 1570 1972 1570 1938 1495 1917 1492 1917 1352 1917 1349 1917 1345 1917 1342 1917 1342 1921 1325 1934 1325 1938 1035 1938 1032 1934 991 1917 987 1917 984 1917 981 1917 936 1934 933 1934 919 1934 756 1917 752 1917 562 1931 562 1972"/></Shape>
	    <String CONTENT="הכל הולך אחר חטאת דב&#39; ר&#39; שמעון ר&#39; יהודה"
                    HPOS="562.0"
                    VPOS="1917.0"
                    WIDTH="1008.0"
                    HEIGHT="92.0"></String>
          </TextLine>

          
          
          <TextLine ID="eSc_line_e04d78a2"
                    
                    BASELINE="575 2044 817 2050 895 2044 1219 2044 1311 2040 1352 2033 1573 2039" 
                    HPOS="568.0"
                    VPOS="1989.0"
                    WIDTH="1002.0"
                    HEIGHT="89.0">
            <Shape><Polygon POINTS="572 2044 568 2078 1563 2078 1570 2037 1570 2006 1539 1989 1536 1989 1533 1989 1529 1989 572 2003 572 2044"/></Shape>
	    <String CONTENT="או&#39; אחר האשם : ¶ י&#39;ד&#39; מצורע עני שהביא"
                    HPOS="568.0"
                    VPOS="1989.0"
                    WIDTH="1002.0"
                    HEIGHT="89.0"></String>
          </TextLine>

          
          
          <TextLine ID="eSc_line_21f4af2d"
                    
                    BASELINE="592 2108 800 2108 834 2101 1379 2105 1564 2095" 
                    HPOS="585.0"
                    VPOS="2071.0"
                    WIDTH="978.0"
                    HEIGHT="75.0">
            <Shape><Polygon POINTS="589 2105 589 2146 1560 2135 1563 2091 1560 2071 585 2071 589 2105"/></Shape>
	    <String CONTENT="קרבן עשיר יצא ועשיר שהביא עני לא"
                    HPOS="585.0"
                    VPOS="2071.0"
                    WIDTH="978.0"
                    HEIGHT="75.0"></String>
          </TextLine>

          
          
          <TextLine ID="eSc_line_d86b10e8"
                    
                    BASELINE="616 2173 1570 2166" 
                    HPOS="609.0"
                    VPOS="2132.0"
                    WIDTH="958.0"
                    HEIGHT="78.0">
            <Shape><Polygon POINTS="613 2170 613 2210 1563 2204 1567 2163 1560 2132 609 2135 613 2170"/></Shape>
	    <String CONTENT="יצא מביא אדם על ידי בנו ועל ידי בתו"
                    HPOS="609.0"
                    VPOS="2132.0"
                    WIDTH="958.0"
                    HEIGHT="78.0"></String>
          </TextLine>

          
          
          <TextLine ID="eSc_line_35f449c8"
                    
                    BASELINE="602 2231 654 2241 691 2238 725 2244 899 2244 940 2234 1161 2244 1570 2248" 
                    HPOS="596.0"
                    VPOS="2200.0"
                    WIDTH="971.0"
                    HEIGHT="82.0">
            <Shape><Polygon POINTS="599 2227 596 2275 1556 2282 1567 2244 1567 2210 599 2200 599 2227"/></Shape>
	    <String CONTENT="[ועל ידי בת] ועל ידי עבדו ושפחתו קרבן"
                    HPOS="596.0"
                    VPOS="2200.0"
                    WIDTH="971.0"
                    HEIGHT="82.0"></String>
          </TextLine>

          
          
          <TextLine ID="eSc_line_773ed42c"
                    
                    BASELINE="589 2309 1229 2306 1345 2313 1570 2313" 
                    HPOS="582.0"
                    VPOS="2255.0"
                    WIDTH="985.0"
                    HEIGHT="95.0">
            <Shape><Polygon POINTS="585 2306 585 2350 1563 2350 1567 2309 1563 2272 1022 2255 1018 2255 742 2272 633 2255 630 2255 626 2255 582 2268 585 2306"/></Shape>
	    <String CONTENT="עני ומאכילן בזבחים ר&#39; יהודה או&#39; אף על"
                    HPOS="582.0"
                    VPOS="2255.0"
                    WIDTH="985.0"
                    HEIGHT="95.0"></String>
          </TextLine>

          
          
          <TextLine ID="eSc_line_66065a99"
                    
                    BASELINE="606 2377 1567 2371" 
                    HPOS="599.0"
                    VPOS="2326.0"
                    WIDTH="964.0"
                    HEIGHT="92.0">
            <Shape><Polygon POINTS="602 2374 602 2418 1560 2411 1563 2367 1556 2326 599 2336 602 2374"/></Shape>
	    <String CONTENT="ידי אשתו מביא קרבן עשיר וכן כל קרבן"
                    HPOS="599.0"
                    VPOS="2326.0"
                    WIDTH="964.0"
                    HEIGHT="92.0"></String>
          </TextLine>

          
          
          <TextLine ID="eSc_line_b7212470"
                    
                    BASELINE="562 2439 616 2449 756 2452 1131 2449 1205 2442 1570 2445" 
                    HPOS="555.0"
                    VPOS="2408.0"
                    WIDTH="1012.0"
                    HEIGHT="78.0">
            <Shape><Polygon POINTS="558 2435 555 2486 1560 2486 1567 2442 1563 2408 558 2408 558 2435"/></Shape>
	    <String CONTENT="שהיא חייבת : ¶ י&#39;ה&#39; שני מצורעים שנתערבו"
                    HPOS="555.0"
                    VPOS="2408.0"
                    WIDTH="1012.0"
                    HEIGHT="78.0"></String>
          </TextLine>

          
          
          <TextLine ID="eSc_line_1e4a0085"
                    
                    BASELINE="660 2514 868 2520 1403 2517 1472 2510 1598 2514" 
                    HPOS="654.0"
                    VPOS="2476.0"
                    WIDTH="943.0"
                    HEIGHT="72.0">
            <Shape><Polygon POINTS="657 2510 657 2548 1590 2548 1597 2510 1594 2476 654 2476 657 2510"/></Shape>
	    <String CONTENT="קורבנותיהם קרב קורבנו שלאחד מהם"
                    HPOS="654.0"
                    VPOS="2476.0"
                    WIDTH="943.0"
                    HEIGHT="72.0"></String>
          </TextLine>

          
          
          <TextLine ID="eSc_line_ff2c38c3"
                    
                    BASELINE="589 2589 793 2589 943 2595 1086 2595 1274 2585 1581 2589" 
                    HPOS="582.0"
                    VPOS="2548.0"
                    WIDTH="998.0"
                    HEIGHT="85.0">
            <Shape><Polygon POINTS="585 2585 582 2623 1570 2633 1580 2585 1577 2548 585 2548 585 2585"/></Shape>
	    <String CONTENT="ומת אחד מהם זו שאלו אנשי אלכסנדריא"
                    HPOS="582.0"
                    VPOS="2548.0"
                    WIDTH="998.0"
                    HEIGHT="85.0"></String>
          </TextLine>

          
          
          <TextLine ID="eSc_line_e10c3515"
                    
                    BASELINE="575 2650 671 2646 769 2653 1396 2657 1434 2664 1557 2660 1598 2667" 
                    HPOS="568.0"
                    VPOS="2602.0"
                    WIDTH="1029.0"
                    HEIGHT="109.0">
            <Shape><Polygon POINTS="1590 2626 1587 2619 909 2602 906 2602 572 2616 572 2646 568 2711 1587 2711 1597 2664 1594 2623 1590 2619 1590 2626"/></Shape>
	    <String CONTENT="את ר&#39; יהושע ואמ&#39; להם יכתוב נכסיו לאחר"
                    HPOS="568.0"
                    VPOS="2602.0"
                    WIDTH="1029.0"
                    HEIGHT="109.0"></String>
          </TextLine>

          
          
          <TextLine ID="eSc_line_0c823145"
                    
                    BASELINE="1182 2725 1604 2725" 
                    HPOS="1178.0"
                    VPOS="2691.0"
                    WIDTH="423.0"
                    HEIGHT="75.0">
            <Shape><Polygon POINTS="1178 2721 1178 2766 1601 2762 1601 2721 1601 2691 1178 2691 1178 2721"/></Shape>
	    <String CONTENT="ויביא קרבן עני :"
                    HPOS="1178.0"
                    VPOS="2691.0"
                    WIDTH="423.0"
                    HEIGHT="75.0"></String>
          </TextLine>

          
          
          <TextLine ID="eSc_line_7b36a335"
                    
                    BASELINE="831 2786 1376 2783 1451 2790" 
                    HPOS="824.0"
                    VPOS="2718.0"
                    WIDTH="623.0"
                    HEIGHT="106.0">
            <Shape><Polygon POINTS="827 2783 827 2824 1441 2820 1447 2786 1444 2752 950 2718 947 2718 943 2718 824 2749 827 2783"/></Shape>
	    <String CONTENT="חסלת נגעים פרקי&#39; י&#39;ד&#39; [/]"
                    HPOS="824.0"
                    VPOS="2718.0"
                    WIDTH="623.0"
                    HEIGHT="106.0"></String>
          </TextLine>

          
          
          <TextLine ID="eSc_line_53827c3c"
                    
                    BASELINE="824 2847 1257 2854 1291 2847 1332 2858 1410 2858 1468 2847" 
                    HPOS="817.0"
                    VPOS="2807.0"
                    WIDTH="647.0"
                    HEIGHT="92.0">
            <Shape><Polygon POINTS="821 2844 817 2882 1171 2882 1178 2882 1236 2899 1240 2899 1243 2899 1461 2882 1464 2844 1464 2824 1417 2807 1413 2807 1410 2807 821 2817 821 2844"/></Shape>
	    <String CONTENT="¶ מסכתא ˙ פרה ˙ [/]"
                    HPOS="817.0"
                    VPOS="2807.0"
                    WIDTH="647.0"
                    HEIGHT="92.0"></String>
          </TextLine>

          
          
          <TextLine ID="eSc_line_e30de82b"
                    
                    BASELINE="650 2902 1042 2916 1594 2909" 
                    HPOS="643.0"
                    VPOS="2851.0"
                    WIDTH="947.0"
                    HEIGHT="109.0">
            <Shape><Polygon POINTS="1216 2851 1212 2851 1188 2851 1154 2851 1120 2851 1096 2851 1093 2851 1090 2851 1086 2851 1066 2868 1062 2875 848 2875 844 2871 800 2851 797 2851 793 2851 647 2871 647 2899 643 2960 1587 2953 1590 2905 1587 2865 1458 2851 1454 2851 1451 2851 1447 2851 1430 2865 1420 2875 1250 2875 1240 2868 1219 2851 1216 2851"/></Shape>
	    <String CONTENT="¶ ¶ ר&#39; אליעזר או&#39; עגלה בת שנתה ופרה בת"
                    HPOS="643.0"
                    VPOS="2851.0"
                    WIDTH="947.0"
                    HEIGHT="109.0"></String>
          </TextLine>

          
          
          <TextLine ID="eSc_line_d84215a9"
                    
                    BASELINE="602 2980 1117 2980 1161 2974 1400 2977 1434 2970 1598 2963" 
                    HPOS="596.0"
                    VPOS="2943.0"
                    WIDTH="1001.0"
                    HEIGHT="85.0">
            <Shape><Polygon POINTS="599 2977 599 3028 1597 3011 1597 2960 1594 2943 596 2943 599 2977"/></Shape>
	    <String CONTENT="שתים וחכ&#39; אומ&#39; עגלה בת שתים ופרה בת"
                    HPOS="596.0"
                    VPOS="2943.0"
                    WIDTH="1001.0"
                    HEIGHT="85.0"></String>
          </TextLine>

          
          
          <TextLine ID="eSc_line_ac30500e"
                    
                    BASELINE="630 3048 1069 3042 1543 3045 1600 3044" 
                    HPOS="623.0"
                    VPOS="3008.0"
                    WIDTH="974.0"
                    HEIGHT="78.0">
            <Shape><Polygon POINTS="626 3045 626 3086 1594 3083 1597 3042 1594 3008 623 3008 626 3045"/></Shape>
	    <String CONTENT="שלוש או בת ארבע ר&#39; מאיר או&#39; אף בת"
                    HPOS="623.0"
                    VPOS="3008.0"
                    WIDTH="974.0"
                    HEIGHT="78.0"></String>
          </TextLine>

          
        </TextBlock>
        

        
      </PrintSpace>
    </Page>
  </Layout>
</alto>
