<?xml version="1.0" encoding="UTF-8"?>
<alto xmlns:xsi="http://www.w3.org/2001/XMLSchema-instance"
      xmlns="http://www.loc.gov/standards/alto/ns-v4#"
      xsi:schemaLocation="http://www.loc.gov/standards/alto/ns-v4# http://www.loc.gov/standards/alto/v4/alto-4-2.xsd">
  <Description>
    <MeasurementUnit>pixel</MeasurementUnit>
    <sourceImageInformation>
      <fileName>MsParm3173_F13911_0330.jpg</fileName>
      
    </sourceImageInformation>
  </Description>
  
  <Tags>
    <OtherTag ID="BT1" LABEL="Title" DESCRIPTION="block type Title"/><OtherTag ID="BT2" LABEL="Main" DESCRIPTION="block type Main"/><OtherTag ID="BT3" LABEL="Commentary" DESCRIPTION="block type Commentary"/><OtherTag ID="BT4" LABEL="Illustration" DESCRIPTION="block type Illustration"/><OtherTag ID="BT830" LABEL="Margin" DESCRIPTION="block type Margin"/><OtherTag ID="BT831" LABEL="Hole" DESCRIPTION="block type Hole"/><OtherTag ID="BT832" LABEL="Paratext" DESCRIPTION="block type Paratext"/>
    <OtherTag ID="LT2" LABEL="Numbering" DESCRIPTION="line type Numbering"/><OtherTag ID="LT3" LABEL="Correction" DESCRIPTION="line type Correction"/><OtherTag ID="LT501" LABEL="Gloss" DESCRIPTION="line type Gloss"/>
  </Tags>
  
  <Layout>
    <Page WIDTH="3066"
          HEIGHT="4088"
          PHYSICAL_IMG_NR="322"
          ID="eSc_dummypage_">
      <PrintSpace HPOS="0"
                  VPOS="0"
                  WIDTH="3066"
                  HEIGHT="4088">
        
        <TextBlock HPOS="1793.0"
                   VPOS="733.0"
                   WIDTH="1065.0"
                   HEIGHT="2310.0"
                   ID="eSc_textblock_0d16ce80"
                   TAGREFS="BT2">
          <Shape><Polygon POINTS="1793 733 2858 733 2858 3043 1793 3043"/></Shape>
          
          
          <TextLine ID="eSc_line_f62748ef"
                    
                    BASELINE="1781 786 1999 776 2790 780" 
                    HPOS="1774.0"
                    VPOS="735.0"
                    WIDTH="1012.0"
                    HEIGHT="82.0">
            <Shape><Polygon POINTS="2626 735 2592 735 2558 735 2524 735 2490 735 2456 735 2422 735 2388 735 2354 735 2319 735 2285 735 2251 735 2217 735 2183 735 2149 735 2139 735 2132 742 2129 746 1962 746 1958 742 1931 735 1911 735 1877 735 1843 735 1829 735 1778 742 1778 783 1774 817 2779 817 2786 776 2783 739 2626 735 2626 735"/></Shape>
	    <String CONTENT="¶ כל המְיטמין באהל שנחלקו והכניסן לתוך"
                    HPOS="1774.0"
                    VPOS="735.0"
                    WIDTH="1012.0"
                    HEIGHT="82.0"></String>
          </TextLine>

          
          
          <TextLine ID="eSc_line_bdb832ea"
                    
                    BASELINE="1785 844 1839 844 1873 851 2391 851 2718 841 2800 831" 
                    HPOS="1778.0"
                    VPOS="803.0"
                    WIDTH="1018.0"
                    HEIGHT="96.0">
            <Shape><Polygon POINTS="1781 841 1781 899 2793 872 2796 827 2790 803 1778 814 1781 841"/></Shape>
	    <String CONTENT="הבית ר&#39; דוסא בן ארכינס מטהר וחכ&#39; מטמין"
                    HPOS="1778.0"
                    VPOS="803.0"
                    WIDTH="1018.0"
                    HEIGHT="96.0"></String>
          </TextLine>

          
          
          <TextLine ID="eSc_line_7aac3ee6"
                    
                    BASELINE="1785 906 2299 912 2364 909 2398 899 2473 906 2595 906 2640 899 2811 903" 
                    HPOS="1778.0"
                    VPOS="868.0"
                    WIDTH="1032.0"
                    HEIGHT="85.0">
            <Shape><Polygon POINTS="1781 902 1778 933 2040 953 2044 953 2803 943 2810 902 2810 882 1781 868 1781 902"/></Shape>
	    <String CONTENT="כיצד הנוגע בִכְשֶני חצאי זיתים מן הנבילה"
                    HPOS="1778.0"
                    VPOS="868.0"
                    WIDTH="1032.0"
                    HEIGHT="85.0"></String>
          </TextLine>

          
          
          <TextLine ID="eSc_line_27e0bed8"
                    
                    BASELINE="1754 970 2340 970 2381 977 2418 967 2715 964 2749 957 2838 964" 
                    HPOS="1747.0"
                    VPOS="933.0"
                    WIDTH="1090.0"
                    HEIGHT="71.0">
            <Shape><Polygon POINTS="1751 967 1751 1004 2834 1004 2837 960 2834 933 1747 933 1751 967"/></Shape>
	    <String CONTENT="או נושאן ובמת הנוגע בכחצי זית ומאהיל"
                    HPOS="1747.0"
                    VPOS="933.0"
                    WIDTH="1090.0"
                    HEIGHT="71.0"></String>
          </TextLine>

          
          
          <TextLine ID="eSc_line_96e14f70"
                    
                    BASELINE="1812 1022 2503 1028 2541 1022 2828 1019" 
                    HPOS="1805.0"
                    VPOS="994.0"
                    WIDTH="1022.0"
                    HEIGHT="65.0">
            <Shape><Polygon POINTS="1808 1022 1805 1059 2824 1059 2827 1018 2824 994 1808 994 1808 1022"/></Shape>
	    <String CONTENT="על כחצי זית או נוגע בכחצי זית וכחצי"
                    HPOS="1805.0"
                    VPOS="994.0"
                    WIDTH="1022.0"
                    HEIGHT="65.0"></String>
          </TextLine>

          
          
          <TextLine ID="eSc_line_2e33d08f"
                    
                    BASELINE="1829 1086 1941 1096 2176 1100 2217 1090 2452 1086 2493 1076 2537 1083 2814 1087" 
                    HPOS="1822.0"
                    VPOS="1032.0"
                    WIDTH="991.0"
                    HEIGHT="88.0">
            <Shape><Polygon POINTS="1825 1083 1822 1120 2807 1120 2813 1086 2813 1056 2783 1039 2779 1039 2776 1039 2531 1035 2527 1035 2272 1052 2255 1052 2210 1032 2207 1032 2204 1032 2200 1032 2146 1049 2129 1035 2129 1032 2125 1032 2122 1032 2118 1032 2115 1032 2081 1049 1825 1049 1825 1083"/></Shape>
	    <String CONTENT="זית מאהיל עליו מאהַיל על כשני חציי"
                    HPOS="1822.0"
                    VPOS="1032.0"
                    WIDTH="991.0"
                    HEIGHT="88.0"></String>
          </TextLine>

          
          
          <TextLine ID="eSc_line_5ce57576"
                    
                    BASELINE="1808 1137 1938 1151 2210 1148 2244 1154 2285 1144 2660 1141 2704 1134 2814 1143" 
                    HPOS="1802.0"
                    VPOS="1110.0"
                    WIDTH="1011.0"
                    HEIGHT="68.0">
            <Shape><Polygon POINTS="1802 1178 2807 1178 2813 1141 2810 1110 1805 1110 1805 1134"/></Shape>
	    <String CONTENT="זתים מאהיל על כחצי זית וכחצי זית"
                    HPOS="1802.0"
                    VPOS="1110.0"
                    WIDTH="1011.0"
                    HEIGHT="68.0"></String>
          </TextLine>

          
          
          <TextLine ID="eSc_line_1a040e09"
                    
                    BASELINE="1781 1212 2159 1212 2531 1202 2814 1212" 
                    HPOS="1774.0"
                    VPOS="1175.0"
                    WIDTH="1039.0"
                    HEIGHT="82.0">
            <Shape><Polygon POINTS="1778 1257 2582 1253 2592 1253 2626 1253 2660 1253 2694 1250 2728 1250 2762 1250 2796 1250 2807 1250 2813 1209 2810 1175 1774 1175 1778 1209"/></Shape>
	    <String CONTENT="מאהיל עליו ↑ דוסא בן ארכינס מטהר וחכ&#39;"
                    HPOS="1774.0"
                    VPOS="1175.0"
                    WIDTH="1039.0"
                    HEIGHT="82.0"></String>
          </TextLine>

          
          
          <TextLine ID="eSc_line_651266fd"
                    TAGREFS="LT3"
                    BASELINE="2437 1175 2509 1175" 
                    HPOS="2435.0"
                    VPOS="1148.0"
                    WIDTH="72.0"
                    HEIGHT="47.0">
            <Shape><Polygon POINTS="2435 1195 2469 1195 2503 1195 2507 1195 2507 1171 2503 1148 2435 1148 2435 1171"/></Shape>
	    <String CONTENT="ר&#39;"
                    HPOS="2435.0"
                    VPOS="1148.0"
                    WIDTH="72.0"
                    HEIGHT="47.0"></String>
          </TextLine>

          
          
          <TextLine ID="eSc_line_ac60d782"
                    
                    BASELINE="1802 1263 1887 1274 2418 1274 2456 1267 2814 1257" 
                    HPOS="1795.0"
                    VPOS="1216.0"
                    WIDTH="1018.0"
                    HEIGHT="81.0">
            <Shape><Polygon POINTS="1798 1260 1798 1297 2810 1294 2813 1253 2810 1233 2735 1216 2732 1216 2619 1233 2606 1233 2578 1233 2313 1219 2309 1219 2306 1219 2262 1236 2255 1240 1795 1240 1798 1260"/></Shape>
	    <String CONTENT="מטמין ˙ ב&#39; אבל הנוגע בכחצי זית [וד&#39;]"
                    HPOS="1795.0"
                    VPOS="1216.0"
                    WIDTH="1018.0"
                    HEIGHT="81.0"></String>
          </TextLine>

          
          
          <TextLine ID="eSc_line_367d82fc"
                    
                    BASELINE="1808 1345 1863 1338 1897 1342 1965 1335 2248 1332 2316 1325 2636 1325 2708 1332 2814 1322" 
                    HPOS="1802.0"
                    VPOS="1291.0"
                    WIDTH="1011.0"
                    HEIGHT="81.0">
            <Shape><Polygon POINTS="1805 1342 1805 1372 2810 1355 2813 1321 2807 1291 1802 1297 1805 1342"/></Shape>
	    <String CONTENT="ודבר אחר מאהיל עליו על כחצי זית או"
                    HPOS="1802.0"
                    VPOS="1291.0"
                    WIDTH="1011.0"
                    HEIGHT="81.0"></String>
          </TextLine>

          
          
          <TextLine ID="eSc_line_fd753fa1"
                    
                    BASELINE="1808 1386 1866 1396 2163 1396 2197 1389 2721 1386 2755 1379 2814 1387" 
                    HPOS="1802.0"
                    VPOS="1355.0"
                    WIDTH="1011.0"
                    HEIGHT="79.0">
            <Shape><Polygon POINTS="1805 1383 1805 1434 2803 1420 2813 1386 2810 1355 1802 1355 1805 1383"/></Shape>
	    <String CONTENT="מאהיל על כחצי זית ודבר אחר מאהיל"
                    HPOS="1802.0"
                    VPOS="1355.0"
                    WIDTH="1011.0"
                    HEIGHT="79.0"></String>
          </TextLine>

          
          
          <TextLine ID="eSc_line_1e083ff2"
                    
                    BASELINE="1781 1454 1832 1447 2650 1451 2814 1445" 
                    HPOS="1778.0"
                    VPOS="1396.0"
                    WIDTH="1035.0"
                    HEIGHT="96.0">
            <Shape><Polygon POINTS="1778 1451 1778 1492 2592 1492 2810 1492 2813 1444 2810 1420 2565 1396 2561 1396 1778 1417 1778 1451"/></Shape>
	    <String CONTENT="עליו על כחצי זית טהור אמ&#39; ר&#39; מאיר אף"
                    HPOS="1778.0"
                    VPOS="1396.0"
                    WIDTH="1035.0"
                    HEIGHT="96.0"></String>
          </TextLine>

          
          
          <TextLine ID="eSc_line_f0103421"
                    
                    BASELINE="1778 1498 1829 1509 2033 1512 2555 1509 2589 1498 2623 1505 2814 1509" 
                    HPOS="1771.0"
                    VPOS="1475.0"
                    WIDTH="1042.0"
                    HEIGHT="64.0">
            <Shape><Polygon POINTS="1774 1495 1771 1539 2807 1539 2813 1505 2810 1475 1774 1475 1774 1495"/></Shape>
	    <String CONTENT="בזה ר&#39; דוסא בן ארכינס מטהר וחכ&#39; מטמין"
                    HPOS="1771.0"
                    VPOS="1475.0"
                    WIDTH="1042.0"
                    HEIGHT="64.0"></String>
          </TextLine>

          
          
          <TextLine ID="eSc_line_1db772cc"
                    
                    BASELINE="1795 1577 1934 1570 2466 1573 2537 1567 2814 1571" 
                    HPOS="1788.0"
                    VPOS="1519.0"
                    WIDTH="1025.0"
                    HEIGHT="92.0">
            <Shape><Polygon POINTS="1791 1573 1788 1611 2807 1604 2813 1570 2810 1539 1900 1519 1897 1519 1791 1533 1791 1573"/></Shape>
	    <String CONTENT="הכל טמא חוץ מן המגע עם המשא [והמ&#39;]"
                    HPOS="1788.0"
                    VPOS="1519.0"
                    WIDTH="1025.0"
                    HEIGHT="92.0"></String>
          </TextLine>

          
          
          <TextLine ID="eSc_line_e694c30e"
                    
                    BASELINE="1815 1635 1948 1635 1989 1645 2074 1638 2268 1642 2306 1635 2814 1639" 
                    HPOS="1808.0"
                    VPOS="1580.0"
                    WIDTH="1005.0"
                    HEIGHT="92.0">
            <Shape><Polygon POINTS="1812 1631 1808 1669 2803 1672 2813 1638 2810 1604 2422 1584 2418 1584 2299 1597 2289 1597 2282 1597 2217 1580 2214 1580 2210 1580 1812 1590 1812 1631"/></Shape>
	    <String CONTENT="והמשא עם (ה)אהל זה הכלל כל שהוא מִשֵם"
                    HPOS="1808.0"
                    VPOS="1580.0"
                    WIDTH="1005.0"
                    HEIGHT="92.0"></String>
          </TextLine>

          
          
          <TextLine ID="eSc_line_04668a21"
                    
                    BASELINE="1781 1699 1883 1699 1958 1693 2814 1697" 
                    HPOS="1774.0"
                    VPOS="1662.0"
                    WIDTH="1039.0"
                    HEIGHT="75.0">
            <Shape><Polygon POINTS="1778 1696 1774 1730 2803 1737 2813 1696 2810 1665 1778 1662 1778 1696"/></Shape>
	    <String CONTENT="אחד טמא משני שמות טהור ˙ ¶ ג&#39; מלא"
                    HPOS="1774.0"
                    VPOS="1662.0"
                    WIDTH="1039.0"
                    HEIGHT="75.0"></String>
          </TextLine>

          
          
          <TextLine ID="eSc_line_195a83ce"
                    
                    BASELINE="1822 1754 1877 1764 2452 1764 2527 1757 2814 1761" 
                    HPOS="1815.0"
                    VPOS="1723.0"
                    WIDTH="998.0"
                    HEIGHT="72.0">
            <Shape><Polygon POINTS="1819 1751 1815 1788 2803 1795 2813 1757 2810 1723 1819 1723 1819 1751"/></Shape>
	    <String CONTENT="תרווד רקב שנתפזר לתוך הבית הבית [ט&#39;]"
                    HPOS="1815.0"
                    VPOS="1723.0"
                    WIDTH="998.0"
                    HEIGHT="72.0"></String>
          </TextLine>

          
          
          <TextLine ID="eSc_line_63673439"
                    
                    BASELINE="1771 1822 2142 1832 2275 1825 2814 1819" 
                    HPOS="1764.0"
                    VPOS="1791.0"
                    WIDTH="1049.0"
                    HEIGHT="72.0">
            <Shape><Polygon POINTS="1768 1819 1768 1863 2810 1863 2813 1815 2810 1791 1764 1791 1768 1819"/></Shape>
	    <String CONTENT="טמא ר&#39; שמעון מטהר רביעית דם שנבלַעה"
                    HPOS="1764.0"
                    VPOS="1791.0"
                    WIDTH="1049.0"
                    HEIGHT="72.0"></String>
          </TextLine>

          
          
          <TextLine ID="eSc_line_71ece5d5"
                    
                    BASELINE="1834 1898 2808 1892" 
                    HPOS="1829.0"
                    VPOS="1853.0"
                    WIDTH="978.0"
                    HEIGHT="85.0">
            <Shape><Polygon POINTS="1832 1897 1832 1938 2803 1924 2807 1890 2800 1853 1829 1856 1832 1897"/></Shape>
	    <String CONTENT="בתוך הבית הבית טהור נבלעה בכסות אם"
                    HPOS="1829.0"
                    VPOS="1853.0"
                    WIDTH="978.0"
                    HEIGHT="85.0"></String>
          </TextLine>

          
          
          <TextLine ID="eSc_line_307c40d4"
                    
                    BASELINE="1822 1955 2800 1948" 
                    HPOS="1815.0"
                    VPOS="1914.0"
                    WIDTH="981.0"
                    HEIGHT="82.0">
            <Shape><Polygon POINTS="1819 1952 1819 1996 2793 1996 2796 1945 2790 1914 1815 1917 1819 1952"/></Shape>
	    <String CONTENT="מתכבסת הכסות ויוצא ממנה רביעית דם"
                    HPOS="1815.0"
                    VPOS="1914.0"
                    WIDTH="981.0"
                    HEIGHT="82.0"></String>
          </TextLine>

          
          
          <TextLine ID="eSc_line_57068aa2"
                    
                    BASELINE="1812 2023 2822 2027" 
                    HPOS="1805.0"
                    VPOS="1982.0"
                    WIDTH="1015.0"
                    HEIGHT="89.0">
            <Shape><Polygon POINTS="1808 2020 1805 2054 2810 2071 2820 2026 2820 1989 1808 1982 1808 2020"/></Shape>
	    <String CONTENT="טמאה ואם לאו טהורה שכל הבלוע [שא&#39;]"
                    HPOS="1805.0"
                    VPOS="1982.0"
                    WIDTH="1015.0"
                    HEIGHT="89.0"></String>
          </TextLine>

          
          
          <TextLine ID="eSc_line_b9a2ae30"
                    
                    BASELINE="1849 2095 1948 2088 2054 2091 2088 2081 2326 2091 2401 2084 2822 2082" 
                    HPOS="1843.0"
                    VPOS="2037.0"
                    WIDTH="977.0"
                    HEIGHT="81.0">
            <Shape><Polygon POINTS="1846 2091 1843 2118 2817 2118 2820 2081 2817 2057 2735 2037 2732 2037 1846 2050 1846 2091"/></Shape>
	    <String CONTENT="שאינו יכול לצאת טהור ˙ ¶ ד&#39; נשפך"
                    HPOS="1843.0"
                    VPOS="2037.0"
                    WIDTH="977.0"
                    HEIGHT="81.0"></String>
          </TextLine>

          
          
          <TextLine ID="eSc_line_eee6afa1"
                    
                    BASELINE="1822 2135 1873 2146 2822 2143" 
                    HPOS="1815.0"
                    VPOS="2108.0"
                    WIDTH="1005.0"
                    HEIGHT="72.0">
            <Shape><Polygon POINTS="1819 2132 1815 2176 2813 2180 2820 2142 2817 2108 1819 2108 1819 2132"/></Shape>
	    <String CONTENT="באויר אם היה מקומו קְטַפְרֵסֿ והאהיל"
                    HPOS="1815.0"
                    VPOS="2108.0"
                    WIDTH="1005.0"
                    HEIGHT="72.0"></String>
          </TextLine>

          
          
          <TextLine ID="eSc_line_8bb62a13"
                    
                    BASELINE="1839 2204 2822 2208" 
                    HPOS="1832.0"
                    VPOS="2170.0"
                    WIDTH="988.0"
                    HEIGHT="71.0">
            <Shape><Polygon POINTS="1836 2200 1832 2241 2813 2241 2820 2207 2817 2176 1836 2170 1836 2200"/></Shape>
	    <String CONTENT="על מקצתו טהור היה אשבורן או שקרש"
                    HPOS="1832.0"
                    VPOS="2170.0"
                    WIDTH="988.0"
                    HEIGHT="71.0"></String>
          </TextLine>

          
          
          <TextLine ID="eSc_line_46c306fd"
                    
                    BASELINE="1849 2248 1907 2258 2105 2262 2139 2268 2486 2268 2623 2262 2822 2266" 
                    HPOS="1843.0"
                    VPOS="2224.0"
                    WIDTH="977.0"
                    HEIGHT="72.0">
            <Shape><Polygon POINTS="1846 2244 1843 2289 2810 2296 2820 2265 2817 2231 1846 2224 1846 2244"/></Shape>
	    <String CONTENT="טמא נשפך על האסקופה והיא קטפרס"
                    HPOS="1843.0"
                    VPOS="2224.0"
                    WIDTH="977.0"
                    HEIGHT="72.0"></String>
          </TextLine>

          
          
          <TextLine ID="eSc_line_d4220193"
                    
                    BASELINE="1836 2323 2822 2327" 
                    HPOS="1829.0"
                    VPOS="2285.0"
                    WIDTH="991.0"
                    HEIGHT="79.0">
            <Shape><Polygon POINTS="1832 2319 1829 2354 2810 2364 2820 2326 2817 2292 1832 2285 1832 2319"/></Shape>
	    <String CONTENT="בין בפנים בין בחוץ והבית מאהיל עליו"
                    HPOS="1829.0"
                    VPOS="2285.0"
                    WIDTH="991.0"
                    HEIGHT="79.0"></String>
          </TextLine>

          
          
          <TextLine ID="eSc_line_7cccca49"
                    
                    BASELINE="1856 2384 2265 2384 2381 2391 2459 2391 2500 2384 2822 2388" 
                    HPOS="1849.0"
                    VPOS="2347.0"
                    WIDTH="971.0"
                    HEIGHT="78.0">
            <Shape><Polygon POINTS="1853 2381 1849 2418 2810 2425 2820 2384 2817 2350 1853 2347 1853 2381"/></Shape>
	    <String CONTENT="טהור היה אשבורן או שקרש טמא כל"
                    HPOS="1849.0"
                    VPOS="2347.0"
                    WIDTH="971.0"
                    HEIGHT="78.0"></String>
          </TextLine>

          
          
          <TextLine ID="eSc_line_53b0cdd6"
                    
                    BASELINE="1843 2435 1894 2445 2667 2445 2822 2440" 
                    HPOS="1836.0"
                    VPOS="2411.0"
                    WIDTH="984.0"
                    HEIGHT="72.0">
            <Shape><Polygon POINTS="1839 2432 1839 2483 2084 2480 2108 2469 2142 2469 2176 2469 2193 2480 2817 2473 2820 2439 2817 2411 1836 2411 1839 2432"/></Shape>
	    <String CONTENT="שבמת טמא חוץ מן השיניים והשיער"
                    HPOS="1836.0"
                    VPOS="2411.0"
                    WIDTH="984.0"
                    HEIGHT="72.0"></String>
          </TextLine>

          
          
          <TextLine ID="eSc_line_a883b4ae"
                    
                    BASELINE="1863 2503 1924 2497 2640 2500 2822 2495" 
                    HPOS="1856.0"
                    VPOS="2466.0"
                    WIDTH="964.0"
                    HEIGHT="71.0">
            <Shape><Polygon POINTS="2163 2476 2129 2476 2122 2469 1860 2469 1860 2500 1856 2537 2817 2537 2820 2493 2813 2466 2166 2469 2163 2476"/></Shape>
	    <String CONTENT="והציפורן ובשעת חיבורן [המת] ↑ טמא ˙"
                    HPOS="1856.0"
                    VPOS="2466.0"
                    WIDTH="964.0"
                    HEIGHT="71.0"></String>
          </TextLine>

          
          
          <TextLine ID="eSc_line_97d1ea2a"
                    TAGREFS="LT3"
                    BASELINE="2102 2474 2185 2474" 
                    HPOS="2101.0"
                    VPOS="2459.0"
                    WIDTH="82.0"
                    HEIGHT="31.0">
            <Shape><Polygon POINTS="2101 2473 2101 2490 2135 2490 2170 2490 2180 2490 2183 2473 2183 2459 2101 2459 2101 2473"/></Shape>
	    <String CONTENT="הכל"
                    HPOS="2101.0"
                    VPOS="2459.0"
                    WIDTH="82.0"
                    HEIGHT="31.0"></String>
          </TextLine>

          
          
          <TextLine ID="eSc_line_842a0e8e"
                    
                    BASELINE="1853 2551 2020 2551 2139 2568 2227 2551 2814 2559" 
                    HPOS="1846.0"
                    VPOS="2520.0"
                    WIDTH="967.0"
                    HEIGHT="72.0">
            <Shape><Polygon POINTS="1849 2548 1846 2585 2040 2585 2050 2582 2084 2582 2118 2582 2125 2585 2803 2592 2813 2558 2813 2534 1849 2520 1849 2548"/></Shape>
	    <String CONTENT="¶ ה&#39; כיצד המת בחוץ וּשְׂעַרו בפנים"
                    HPOS="1846.0"
                    VPOS="2520.0"
                    WIDTH="967.0"
                    HEIGHT="72.0"></String>
          </TextLine>

          
          
          <TextLine ID="eSc_line_942a611e"
                    
                    BASELINE="1864 2616 2825 2610" 
                    HPOS="1860.0"
                    VPOS="2575.0"
                    WIDTH="964.0"
                    HEIGHT="71.0">
            <Shape><Polygon POINTS="2098 2589 2064 2589 2030 2589 2020 2578 1860 2578 1863 2612 1863 2646 2824 2643 2824 2609 2817 2575 2108 2578 2098 2589"/></Shape>
	    <String CONTENT="הבית טמא עצם שיש עליו ↑ בשר והכניס"
                    HPOS="1860.0"
                    VPOS="2575.0"
                    WIDTH="964.0"
                    HEIGHT="71.0"></String>
          </TextLine>

          
          
          <TextLine ID="eSc_line_1f7e695f"
                    TAGREFS="LT3"
                    BASELINE="2032 2589 2123 2589" 
                    HPOS="2030.0"
                    VPOS="2568.0"
                    WIDTH="92.0"
                    HEIGHT="38.0">
            <Shape><Polygon POINTS="2030 2585 2030 2606 2064 2606 2098 2606 2122 2606 2122 2585 2122 2568 2030 2568 2030 2585"/></Shape>
	    <String CONTENT="כזית"
                    HPOS="2030.0"
                    VPOS="2568.0"
                    WIDTH="92.0"
                    HEIGHT="38.0"></String>
          </TextLine>

          
          
          <TextLine ID="eSc_line_7ff07fae"
                    
                    BASELINE="1863 2677 2309 2684 2548 2674 2822 2681" 
                    HPOS="1856.0"
                    VPOS="2640.0"
                    WIDTH="964.0"
                    HEIGHT="81.0">
            <Shape><Polygon POINTS="1860 2674 1856 2708 2810 2721 2820 2677 2817 2646 1860 2640 1860 2674"/></Shape>
	    <String CONTENT="מקצתו בפנים והבית מאהיל עליו טמא"
                    HPOS="1856.0"
                    VPOS="2640.0"
                    WIDTH="964.0"
                    HEIGHT="81.0"></String>
          </TextLine>

          
          
          <TextLine ID="eSc_line_229dd340"
                    
                    BASELINE="1849 2735 1907 2745 2231 2745 2354 2738 2822 2737" 
                    HPOS="1843.0"
                    VPOS="2704.0"
                    WIDTH="977.0"
                    HEIGHT="75.0">
            <Shape><Polygon POINTS="1846 2732 1846 2776 2813 2779 2820 2735 2817 2704 1843 2704 1846 2732"/></Shape>
	    <String CONTENT="שני עצמות ובהם כשני חציי זיתים [וה&#39;]"
                    HPOS="1843.0"
                    VPOS="2704.0"
                    WIDTH="977.0"
                    HEIGHT="75.0"></String>
          </TextLine>

          
          
          <TextLine ID="eSc_line_d45aa960"
                    
                    BASELINE="1880 2807 2153 2807 2221 2813 2822 2817" 
                    HPOS="1873.0"
                    VPOS="2769.0"
                    WIDTH="947.0"
                    HEIGHT="82.0">
            <Shape><Polygon POINTS="1877 2803 1873 2851 2813 2851 2820 2813 2817 2769 1877 2769 1877 2803"/></Shape>
	    <String CONTENT="והכניס[ם] מקצתן [בתוך הבי&#39;] בפנים והבית"
                    HPOS="1873.0"
                    VPOS="2769.0"
                    WIDTH="947.0"
                    HEIGHT="82.0"></String>
          </TextLine>

          
          
          <TextLine ID="eSc_line_f158bbac"
                    
                    BASELINE="1849 2868 2822 2865" 
                    HPOS="1843.0"
                    VPOS="2830.0"
                    WIDTH="977.0"
                    HEIGHT="75.0">
            <Shape><Polygon POINTS="1846 2865 1846 2905 2817 2905 2820 2861 2813 2830 1843 2830 1846 2865"/></Shape>
	    <String CONTENT="מאהיל עליה(ן) טמאין היו תחובין בידי [א&#39;]"
                    HPOS="1843.0"
                    VPOS="2830.0"
                    WIDTH="977.0"
                    HEIGHT="75.0"></String>
          </TextLine>

          
          
          <TextLine ID="eSc_line_7079b6c5"
                    
                    BASELINE="1897 2929 2493 2929 2531 2936 2822 2940" 
                    HPOS="1890.0"
                    VPOS="2892.0"
                    WIDTH="930.0"
                    HEIGHT="78.0">
            <Shape><Polygon POINTS="1894 2926 1890 2963 2810 2970 2820 2939 2817 2892 1894 2892 1894 2926"/></Shape>
	    <String CONTENT="אדם טהור שאין חיבורי אדם חיבור :"
                    HPOS="1890.0"
                    VPOS="2892.0"
                    WIDTH="930.0"
                    HEIGHT="78.0"></String>
          </TextLine>

          
          
          <TextLine ID="eSc_line_5d5bae47"
                    
                    BASELINE="1856 2994 2749 2994" 
                    HPOS="1853.0"
                    VPOS="2950.0"
                    WIDTH="892.0"
                    HEIGHT="88.0">
            <Shape><Polygon POINTS="1853 2991 1853 3038 2745 3038 2745 2991 2742 2950 1853 2960 1853 2991"/></Shape>
	    <String CONTENT="¶ ו&#39; ואי זה הוא דם תבוסה מת שיצא"
                    HPOS="1853.0"
                    VPOS="2950.0"
                    WIDTH="892.0"
                    HEIGHT="88.0"></String>
          </TextLine>

          
        </TextBlock>
        
        <TextBlock HPOS="638.0"
                   VPOS="728.0"
                   WIDTH="1095.0"
                   HEIGHT="2441.0"
                   ID="eSc_textblock_d5b4adff"
                   TAGREFS="BT2">
          <Shape><Polygon POINTS="638 728 1652 742 1733 3169 733 3162 680 2295 681 2270 642 2235 642 2147 691 2150"/></Shape>
          
          
          <TextLine ID="eSc_line_a8a5796f"
                    
                    BASELINE="698 773 1649 783" 
                    HPOS="691.0"
                    VPOS="739.0"
                    WIDTH="957.0"
                    HEIGHT="78.0">
            <Shape><Polygon POINTS="694 769 691 810 994 810 998 810 1032 810 1066 810 1069 810 1638 817 1648 780 1645 749 694 739 694 769"/></Shape>
	    <String CONTENT="ממנו שמינית בחייו ושמינית במותו"
                    HPOS="691.0"
                    VPOS="739.0"
                    WIDTH="957.0"
                    HEIGHT="78.0"></String>
          </TextLine>

          
          
          <TextLine ID="eSc_line_5a97aac8"
                    
                    BASELINE="650 844 1642 838" 
                    HPOS="643.0"
                    VPOS="803.0"
                    WIDTH="995.0"
                    HEIGHT="72.0">
            <Shape><Polygon POINTS="1052 817 1018 817 1008 807 643 807 647 841 647 875 1635 872 1638 834 1631 803 1059 807 1052 817"/></Shape>
	    <String CONTENT="דב&#39; ר&#39; עקיבה ר&#39; ישמעא&#39; ↑ רביעית בחייו [ו&#39;]"
                    HPOS="643.0"
                    VPOS="803.0"
                    WIDTH="995.0"
                    HEIGHT="72.0"></String>
          </TextLine>

          
          
          <TextLine ID="eSc_line_4245a5fa"
                    TAGREFS="LT3"
                    BASELINE="1002 816 1085 816" 
                    HPOS="1001.0"
                    VPOS="797.0"
                    WIDTH="82.0"
                    HEIGHT="37.0">
            <Shape><Polygon POINTS="1001 814 1001 834 1035 834 1069 834 1083 834 1083 814 1083 797 1001 797 1001 814"/></Shape>
	    <String CONTENT="אומ&#39;"
                    HPOS="1001.0"
                    VPOS="797.0"
                    WIDTH="82.0"
                    HEIGHT="37.0"></String>
          </TextLine>

          
          
          <TextLine ID="eSc_line_5be8b3e5"
                    
                    BASELINE="637 906 814 902 855 909 933 909 984 902 1654 902" 
                    HPOS="630.0"
                    VPOS="872.0"
                    WIDTH="1022.0"
                    HEIGHT="68.0">
            <Shape><Polygon POINTS="633 902 633 940 1648 936 1652 899 1648 872 630 872 633 902"/></Shape>
	    <String CONTENT="ורביעית במותו ניטל מזה ומזה רביעית"
                    HPOS="630.0"
                    VPOS="872.0"
                    WIDTH="1022.0"
                    HEIGHT="68.0"></String>
          </TextLine>

          
          
          <TextLine ID="eSc_line_2661381d"
                    
                    BASELINE="705 967 1654 974" 
                    HPOS="698.0"
                    VPOS="930.0"
                    WIDTH="954.0"
                    HEIGHT="74.0">
            <Shape><Polygon POINTS="1642 930 701 930 701 964 698 1001 1642 1004 1652 970 1648 936 1642 930"/></Shape>
	    <String CONTENT="ר&#39; אלעזר בן יהודה אומ&#39; זה וזה כמים ˙"
                    HPOS="698.0"
                    VPOS="930.0"
                    WIDTH="954.0"
                    HEIGHT="74.0"></String>
          </TextLine>

          
          
          <TextLine ID="eSc_line_5590016e"
                    
                    BASELINE="637 1028 1533 1025 1654 1032" 
                    HPOS="630.0"
                    VPOS="998.0"
                    WIDTH="1022.0"
                    HEIGHT="68.0">
            <Shape><Polygon POINTS="633 1025 633 1066 1645 1062 1652 1028 1648 998 630 998 633 1025"/></Shape>
	    <String CONTENT="ז&#39; ואי זה הוא דם תבוסה צלוב שדמו"
                    HPOS="630.0"
                    VPOS="998.0"
                    WIDTH="1022.0"
                    HEIGHT="68.0"></String>
          </TextLine>

          
          
          <TextLine ID="eSc_line_57dab610"
                    
                    BASELINE="654 1086 1488 1086 1522 1079 1635 1079 1654 1081" 
                    HPOS="647.0"
                    VPOS="1052.0"
                    WIDTH="1005.0"
                    HEIGHT="72.0">
            <Shape><Polygon POINTS="650 1083 650 1124 1642 1124 1652 1079 1648 1052 647 1052 650 1083"/></Shape>
	    <String CONTENT="שותת ונמצא תחתיו רביעית דם טמא [א&#39;]"
                    HPOS="647.0"
                    VPOS="1052.0"
                    WIDTH="1005.0"
                    HEIGHT="72.0"></String>
          </TextLine>

          
          
          <TextLine ID="eSc_line_825a00e3"
                    
                    BASELINE="657 1141 711 1151 783 1151 1212 1141 1654 1141" 
                    HPOS="650.0"
                    VPOS="1107.0"
                    WIDTH="1002.0"
                    HEIGHT="78.0">
            <Shape><Polygon POINTS="654 1137 654 1185 1648 1185 1652 1137 1645 1107 650 1110 654 1137"/></Shape>
	    <String CONTENT="אבל מת שדמו מנטף ונמצא תחתיו [רב&#39;]"
                    HPOS="650.0"
                    VPOS="1107.0"
                    WIDTH="1002.0"
                    HEIGHT="78.0"></String>
          </TextLine>

          
          
          <TextLine ID="eSc_line_94b813fe"
                    
                    BASELINE="640 1199 1417 1205 1654 1193" 
                    HPOS="633.0"
                    VPOS="1165.0"
                    WIDTH="1019.0"
                    HEIGHT="68.0">
            <Shape><Polygon POINTS="637 1195 633 1233 1648 1233 1652 1192 1648 1168 637 1165 637 1195"/></Shape>
	    <String CONTENT="רביעית דם טהור ר&#39; יהודה או&#39; לא כי אלא"
                    HPOS="633.0"
                    VPOS="1165.0"
                    WIDTH="1019.0"
                    HEIGHT="68.0"></String>
          </TextLine>

          
          
          <TextLine ID="eSc_line_fbab4556"
                    
                    BASELINE="626 1267 1263 1267 1642 1260 1654 1261" 
                    HPOS="620.0"
                    VPOS="1229.0"
                    WIDTH="1032.0"
                    HEIGHT="72.0">
            <Shape><Polygon POINTS="623 1263 623 1301 1642 1294 1652 1260 1645 1229 620 1229 623 1263"/></Shape>
	    <String CONTENT="השותת טהור והמנטף טמא ˙ ¶ ח&#39; כזית"
                    HPOS="620.0"
                    VPOS="1229.0"
                    WIDTH="1032.0"
                    HEIGHT="72.0"></String>
          </TextLine>

          
          
          <TextLine ID="eSc_line_896769c7"
                    
                    BASELINE="623 1328 1654 1328" 
                    HPOS="620.0"
                    VPOS="1294.0"
                    WIDTH="1032.0"
                    HEIGHT="78.0">
            <Shape><Polygon POINTS="620 1325 620 1366 1648 1372 1652 1325 1652 1294 654 1294 620 1294 620 1325"/></Shape>
	    <String CONTENT="מן המת פתחו בטפח והמת פיתחו בארבעה"
                    HPOS="620.0"
                    VPOS="1294.0"
                    WIDTH="1032.0"
                    HEIGHT="78.0"></String>
          </TextLine>

          
          
          <TextLine ID="eSc_line_6d4f3aa8"
                    
                    BASELINE="660 1396 1205 1386 1240 1379 1635 1383 1654 1379" 
                    HPOS="654.0"
                    VPOS="1332.0"
                    WIDTH="998.0"
                    HEIGHT="102.0">
            <Shape><Polygon POINTS="654 1379 657 1393 657 1434 1652 1427 1652 1376 1648 1349 1403 1332 1400 1332 671 1352 654 1379"/></Shape>
	    <String CONTENT="טפחים להציל את הטומאה על הפתחים"
                    HPOS="654.0"
                    VPOS="1332.0"
                    WIDTH="998.0"
                    HEIGHT="102.0"></String>
          </TextLine>

          
          
          <TextLine ID="eSc_line_e646357b"
                    
                    BASELINE="674 1447 1553 1447 1654 1452" 
                    HPOS="667.0"
                    VPOS="1413.0"
                    WIDTH="985.0"
                    HEIGHT="79.0">
            <Shape><Polygon POINTS="671 1444 667 1481 1642 1492 1652 1451 1648 1413 671 1413 671 1444"/></Shape>
	    <String CONTENT="אבל להוציא את הטומאה בפותח טפח"
                    HPOS="667.0"
                    VPOS="1413.0"
                    WIDTH="985.0"
                    HEIGHT="79.0"></String>
          </TextLine>

          
          
          <TextLine ID="eSc_line_bd19bd85"
                    
                    BASELINE="677 1512 1250 1509 1284 1502 1437 1505 1550 1498 1649 1509 1654 1508" 
                    HPOS="671.0"
                    VPOS="1475.0"
                    WIDTH="981.0"
                    HEIGHT="71.0">
            <Shape><Polygon POINTS="674 1509 674 1539 1645 1546 1652 1505 1645 1475 671 1475 674 1509"/></Shape>
	    <String CONTENT="וגדול מכזית כמת ר&#39; יוסה או&#39; השיזרה"
                    HPOS="671.0"
                    VPOS="1475.0"
                    WIDTH="981.0"
                    HEIGHT="71.0"></String>
          </TextLine>

          
          
          <TextLine ID="eSc_line_367bae77"
                    
                    BASELINE="677 1563 735 1573 1654 1567" 
                    HPOS="671.0"
                    VPOS="1515.0"
                    WIDTH="981.0"
                    HEIGHT="86.0">
            <Shape><Polygon POINTS="674 1560 674 1601 1648 1597 1652 1563 1648 1536 1304 1515 1301 1515 1216 1533 1188 1515 1185 1515 1182 1515 1178 1515 1175 1515 1171 1515 1171 1519 1151 1536 1131 1536 759 1519 756 1519 671 1536 674 1560"/></Shape>
	    <String CONTENT="והגולגלת כמת ˙ ¶ ט&#39; טפח על טפח"
                    HPOS="671.0"
                    VPOS="1515.0"
                    WIDTH="981.0"
                    HEIGHT="86.0"></String>
          </TextLine>

          
          
          <TextLine ID="eSc_line_6acfc295"
                    
                    BASELINE="657 1621 875 1635 1654 1628" 
                    HPOS="650.0"
                    VPOS="1590.0"
                    WIDTH="1002.0"
                    HEIGHT="69.0">
            <Shape><Polygon POINTS="654 1618 654 1659 1652 1659 1652 1624 1645 1590 650 1590 654 1618"/></Shape>
	    <String CONTENT="על רום טפח מרובע מביא את הטומאה"
                    HPOS="650.0"
                    VPOS="1590.0"
                    WIDTH="1002.0"
                    HEIGHT="69.0"></String>
          </TextLine>

          
          
          <TextLine ID="eSc_line_2573f016"
                    
                    BASELINE="691 1696 1673 1689" 
                    HPOS="684.0"
                    VPOS="1659.0"
                    WIDTH="988.0"
                    HEIGHT="85.0">
            <Shape><Polygon POINTS="688 1693 688 1727 1175 1744 1178 1744 1672 1723 1672 1686 1665 1659 684 1662 688 1693"/></Shape>
	    <String CONTENT="וחוצץ בפני הטומאה כיצד ביב שהוא"
                    HPOS="684.0"
                    VPOS="1659.0"
                    WIDTH="988.0"
                    HEIGHT="85.0"></String>
          </TextLine>

          
          
          <TextLine ID="eSc_line_1a47eed3"
                    
                    BASELINE="664 1768 763 1761 1604 1764 1659 1754" 
                    HPOS="657.0"
                    VPOS="1727.0"
                    WIDTH="998.0"
                    HEIGHT="78.0">
            <Shape><Polygon POINTS="660 1764 657 1802 1652 1805 1655 1751 1652 1727 660 1727 660 1764"/></Shape>
	    <String CONTENT="קמור תחת הבית יש בו פותח טפח ויש"
                    HPOS="657.0"
                    VPOS="1727.0"
                    WIDTH="998.0"
                    HEIGHT="78.0"></String>
          </TextLine>

          
          
          <TextLine ID="eSc_line_3d7c7b26"
                    
                    BASELINE="671 1822 722 1832 766 1829 923 1836 964 1825 1185 1822 1648 1825" 
                    HPOS="664.0"
                    VPOS="1785.0"
                    WIDTH="981.0"
                    HEIGHT="78.0">
            <Shape><Polygon POINTS="667 1819 664 1863 1638 1860 1645 1822 1638 1785 667 1785 667 1819"/></Shape>
	    <String CONTENT="ביציאתו פותח טפח טומאה בתוכו הבית"
                    HPOS="664.0"
                    VPOS="1785.0"
                    WIDTH="981.0"
                    HEIGHT="78.0"></String>
          </TextLine>

          
          
          <TextLine ID="eSc_line_0823ce32"
                    
                    BASELINE="691 1891 694 1891 919 1883 1577 1887 1659 1877" 
                    HPOS="684.0"
                    VPOS="1849.0"
                    WIDTH="971.0"
                    HEIGHT="72.0">
            <Shape><Polygon POINTS="688 1890 688 1921 776 1917 786 1911 821 1911 855 1911 889 1914 923 1914 926 1917 1652 1914 1655 1873 1652 1849 684 1849 688 1890"/></Shape>
	    <String CONTENT="טהור טומאה בבית מה שבתוכו טהור"
                    HPOS="684.0"
                    VPOS="1849.0"
                    WIDTH="971.0"
                    HEIGHT="72.0"></String>
          </TextLine>

          
          
          <TextLine ID="eSc_line_7a5aeae9"
                    
                    BASELINE="691 1945 742 1955 957 1948 991 1955 1345 1952 1413 1958 1447 1948 1669 1948" 
                    HPOS="684.0"
                    VPOS="1911.0"
                    WIDTH="981.0"
                    HEIGHT="81.0">
            <Shape><Polygon POINTS="923 1921 889 1921 855 1917 821 1917 810 1914 684 1914 688 1941 688 1992 1662 1992 1665 1945 1659 1911 926 1914 923 1921"/></Shape>
	    <String CONTENT="יש בו פותח טפח ואין ביציאתו ↑ טפח"
                    HPOS="684.0"
                    VPOS="1911.0"
                    WIDTH="981.0"
                    HEIGHT="81.0"></String>
          </TextLine>

          
          
          <TextLine ID="eSc_line_ec5d2893"
                    TAGREFS="LT3"
                    BASELINE="791 1916 929 1922" 
                    HPOS="786.0"
                    VPOS="1894.0"
                    WIDTH="140.0"
                    HEIGHT="51.0">
            <Shape><Polygon POINTS="790 1914 786 1945 821 1945 855 1941 889 1941 919 1941 926 1921 923 1900 790 1894 790 1914"/></Shape>
	    <String CONTENT="פותח"
                    HPOS="786.0"
                    VPOS="1894.0"
                    WIDTH="140.0"
                    HEIGHT="51.0"></String>
          </TextLine>

          
          
          <TextLine ID="eSc_line_7dc6ab77"
                    
                    BASELINE="708 2026 834 2026 872 2016 1045 2023 1369 2023 1403 2016 1659 2016" 
                    HPOS="701.0"
                    VPOS="1979.0"
                    WIDTH="954.0"
                    HEIGHT="78.0">
            <Shape><Polygon POINTS="705 2023 701 2057 732 2057 1652 2050 1655 2013 1648 1979 705 1982 705 2023"/></Shape>
	    <String CONTENT="טומאה בתוכו הבית טמא טומאה בבית"
                    HPOS="701.0"
                    VPOS="1979.0"
                    WIDTH="954.0"
                    HEIGHT="78.0"></String>
          </TextLine>

          
          
          <TextLine ID="eSc_line_6bf0cd6b"
                    
                    BASELINE="677 2064 902 2078 1495 2078 1529 2071 1672 2071" 
                    HPOS="671.0"
                    VPOS="2037.0"
                    WIDTH="998.0"
                    HEIGHT="71.0">
            <Shape><Polygon POINTS="674 2061 671 2105 1662 2108 1669 2067 1669 2040 674 2037 674 2061"/></Shape>
	    <String CONTENT="מה שבתוכו טהור אין בו פותיח טפח ואין [בי&#39;]"
                    HPOS="671.0"
                    VPOS="2037.0"
                    WIDTH="998.0"
                    HEIGHT="71.0"></String>
          </TextLine>

          
          
          <TextLine ID="eSc_line_41abc6a8"
                    
                    BASELINE="667 2122 725 2132 1675 2136" 
                    HPOS="660.0"
                    VPOS="2088.0"
                    WIDTH="1012.0"
                    HEIGHT="82.0">
            <Shape><Polygon POINTS="664 2118 660 2163 1662 2170 1672 2135 1669 2088 664 2091 664 2118"/></Shape>
	    <String CONTENT="ביציאתו פותיח טפח טומאה בתוכו הבית"
                    HPOS="660.0"
                    VPOS="2088.0"
                    WIDTH="1012.0"
                    HEIGHT="82.0"></String>
          </TextLine>

          
          
          <TextLine ID="eSc_line_d2e614d1"
                    
                    BASELINE="609 2187 711 2193 752 2200 1590 2200 1702 2201" 
                    HPOS="602.0"
                    VPOS="2159.0"
                    WIDTH="1097.0"
                    HEIGHT="82.0">
            <Shape><Polygon POINTS="606 2183 602 2227 1689 2241 1699 2200 1696 2159 606 2159 606 2183"/></Shape>
	    <String CONTENT="טמא טומאה בבית מה שבתוכו טמא אחד (חור)"
                    HPOS="602.0"
                    VPOS="2159.0"
                    WIDTH="1097.0"
                    HEIGHT="82.0"></String>
          </TextLine>

          
          
          <TextLine ID="eSc_line_33bd585d"
                    
                    BASELINE="677 2255 878 2251 912 2258 1314 2258 1362 2248 1396 2255 1509 2255 1668 2255" 
                    HPOS="671.0"
                    VPOS="2210.0"
                    WIDTH="994.0"
                    HEIGHT="86.0">
            <Shape><Polygon POINTS="674 2251 674 2296 1662 2296 1665 2251 1662 2217 671 2210 674 2251"/></Shape>
	    <String CONTENT="שחררוהו מים או שרצים או שאכלתו מלחת"
                    HPOS="671.0"
                    VPOS="2210.0"
                    WIDTH="994.0"
                    HEIGHT="86.0"></String>
          </TextLine>

          
          
          <TextLine ID="eSc_line_6a936f60"
                    
                    BASELINE="667 2313 725 2323 1314 2323 1430 2316 1711 2320" 
                    HPOS="660.0"
                    VPOS="2279.0"
                    WIDTH="1050.0"
                    HEIGHT="75.0">
            <Shape><Polygon POINTS="664 2309 660 2350 1699 2354 1710 2319 1706 2279 664 2279 664 2309"/></Shape>
	    <String CONTENT="וכן מרבג שלאבנים וכן סואר ← (שלקורות טמא)"
                    HPOS="660.0"
                    VPOS="2279.0"
                    WIDTH="1050.0"
                    HEIGHT="75.0"></String>
          </TextLine>

          
          
          <TextLine ID="eSc_line_1f4e45ed"
                    
                    BASELINE="681 2374 889 2384 1675 2395" 
                    HPOS="674.0"
                    VPOS="2330.0"
                    WIDTH="998.0"
                    HEIGHT="92.0">
            <Shape><Polygon POINTS="677 2350 677 2371 674 2405 1662 2422 1672 2394 1669 2357 698 2330 677 2350"/></Shape>
	    <String CONTENT="(ר&#39; יהוד&#39; אומ&#39; כל אוהל שאינו בידי אדם אינו אוהל)"
                    HPOS="674.0"
                    VPOS="2330.0"
                    WIDTH="998.0"
                    HEIGHT="92.0"></String>
          </TextLine>

          
          
          <TextLine ID="eSc_line_71117130"
                    
                    BASELINE="875 2439 1672 2450" 
                    HPOS="868.0"
                    VPOS="2391.0"
                    WIDTH="801.0"
                    HEIGHT="89.0">
            <Shape><Polygon POINTS="872 2435 868 2476 1659 2480 1669 2449 1665 2415 1270 2391 1185 2391 1182 2391 1178 2391 1175 2391 1175 2394 1158 2408 1154 2411 1120 2408 936 2391 933 2391 930 2391 872 2405 872 2435"/></Shape>
	    <String CONTENT="(ומודה בשקיפים ובסלעים) ˙ (פרק ג&#39;)"
                    HPOS="868.0"
                    VPOS="2391.0"
                    WIDTH="801.0"
                    HEIGHT="89.0"></String>
          </TextLine>

          
          
          <TextLine ID="eSc_line_7df53d64"
                    
                    BASELINE="916 2507 1314 2503 1430 2497 1536 2500 1587 2490" 
                    HPOS="909.0"
                    VPOS="2449.0"
                    WIDTH="675.0"
                    HEIGHT="92.0">
            <Shape><Polygon POINTS="912 2503 912 2541 1584 2524 1584 2486 1580 2466 1458 2449 1454 2449 1352 2466 1311 2473 1216 2469 1001 2456 998 2456 909 2469 912 2503"/></Shape>
	    <String CONTENT="(הלכ&#39; ט&#39;) ˙ ¶ (פרק ד&#39;) ˙"
                    HPOS="909.0"
                    VPOS="2449.0"
                    WIDTH="675.0"
                    HEIGHT="92.0"></String>
          </TextLine>

          
          
          <TextLine ID="eSc_line_e6bdf84f"
                    
                    BASELINE="773 2551 1168 2558 1277 2548 1318 2558 1454 2551 1682 2562 1711 2566" 
                    HPOS="766.0"
                    VPOS="2507.0"
                    WIDTH="944.0"
                    HEIGHT="95.0">
            <Shape><Polygon POINTS="769 2548 766 2589 1464 2599 1481 2599 1515 2599 1550 2599 1563 2599 1699 2602 1710 2565 1710 2531 1642 2507 1638 2507 1635 2507 769 2514 769 2548"/></Shape>
	    <String CONTENT="¶ מגדל שהוא עומד באויר טומאה בתוכו"
                    HPOS="766.0"
                    VPOS="2507.0"
                    WIDTH="944.0"
                    HEIGHT="95.0"></String>
          </TextLine>

          
          
          <TextLine ID="eSc_line_4371b08b"
                    
                    BASELINE="691 2599 752 2612 861 2616 1294 2616 1420 2612 1458 2606 1711 2610" 
                    HPOS="684.0"
                    VPOS="2558.0"
                    WIDTH="1026.0"
                    HEIGHT="92.0">
            <Shape><Polygon POINTS="1706 2595 1686 2575 688 2558 688 2595 684 2643 1699 2650 1710 2609 1710 2578 1706 2575 1706 2595"/></Shape>
	    <String CONTENT="כלים שבעוביו טהורים טומאה בעוביו כלים"
                    HPOS="684.0"
                    VPOS="2558.0"
                    WIDTH="1026.0"
                    HEIGHT="92.0"></String>
          </TextLine>

          
          
          <TextLine ID="eSc_line_1f0f63f1"
                    
                    BASELINE="725 2677 1675 2688 1711 2681" 
                    HPOS="718.0"
                    VPOS="2636.0"
                    WIDTH="992.0"
                    HEIGHT="85.0">
            <Shape><Polygon POINTS="722 2674 718 2708 841 2708 855 2704 889 2704 923 2704 936 2711 1706 2721 1710 2677 1706 2650 722 2636 722 2674"/></Shape>
	    <String CONTENT="שבתוכו טהורים ר&#39; יוסה או&#39; מחצה למחצה"
                    HPOS="718.0"
                    VPOS="2636.0"
                    WIDTH="992.0"
                    HEIGHT="85.0"></String>
          </TextLine>

          
          
          <TextLine ID="eSc_line_af86f1b2"
                    
                    BASELINE="725 2732 953 2728 1059 2735 1665 2746 1711 2735" 
                    HPOS="718.0"
                    VPOS="2694.0"
                    WIDTH="992.0"
                    HEIGHT="82.0">
            <Shape><Polygon POINTS="926 2711 892 2711 858 2711 841 2694 722 2694 722 2728 718 2762 1706 2776 1710 2732 1706 2711 940 2698 926 2711"/></Shape>
	    <String CONTENT="היה עומד בתוך הבית טומאה בתוכו ↑ טמא"
                    HPOS="718.0"
                    VPOS="2694.0"
                    WIDTH="992.0"
                    HEIGHT="82.0"></String>
          </TextLine>

          
          
          <TextLine ID="eSc_line_f102fcfa"
                    TAGREFS="LT3"
                    BASELINE="848 2711 946 2711" 
                    HPOS="844.0"
                    VPOS="2684.0"
                    WIDTH="99.0"
                    HEIGHT="37.0">
            <Shape><Polygon POINTS="844 2708 844 2721 878 2721 912 2721 943 2721 943 2708 943 2684 844 2684 844 2708"/></Shape>
	    <String CONTENT="הבית"
                    HPOS="844.0"
                    VPOS="2684.0"
                    WIDTH="99.0"
                    HEIGHT="37.0"></String>
          </TextLine>

          
          
          <TextLine ID="eSc_line_2cbc45e6"
                    
                    BASELINE="773 2796 970 2807 1711 2811" 
                    HPOS="766.0"
                    VPOS="2755.0"
                    WIDTH="944.0"
                    HEIGHT="89.0">
            <Shape><Polygon POINTS="769 2793 766 2830 1699 2844 1710 2810 1706 2766 769 2755 769 2793"/></Shape>
	    <String CONTENT="טומאה בבית מה שבתוכו טהור שדרך [ט&#39;]"
                    HPOS="766.0"
                    VPOS="2755.0"
                    WIDTH="944.0"
                    HEIGHT="89.0"></String>
          </TextLine>

          
          
          <TextLine ID="eSc_line_c2ce1f80"
                    
                    BASELINE="705 2861 1028 2861 1062 2871 1131 2865 1711 2876" 
                    HPOS="698.0"
                    VPOS="2820.0"
                    WIDTH="1012.0"
                    HEIGHT="89.0">
            <Shape><Polygon POINTS="701 2858 698 2895 1699 2909 1710 2875 1710 2827 701 2820 701 2858"/></Shape>
	    <String CONTENT="טומאה לצאת ואין דרכה ליכנס כלים שבינו"
                    HPOS="698.0"
                    VPOS="2820.0"
                    WIDTH="1012.0"
                    HEIGHT="89.0"></String>
          </TextLine>

          
          
          <TextLine ID="eSc_line_7bb5611c"
                    
                    BASELINE="759 2919 1045 2919 1083 2926 1362 2929 1711 2933" 
                    HPOS="752.0"
                    VPOS="2871.0"
                    WIDTH="958.0"
                    HEIGHT="92.0">
            <Shape><Polygon POINTS="756 2916 752 2956 1699 2963 1710 2929 1706 2895 1270 2875 1267 2875 943 2888 909 2888 906 2888 878 2871 875 2871 872 2871 868 2871 756 2885 756 2916"/></Shape>
	    <String CONTENT="לבין הארץ שבינו לבין הכותל ושבינו לבין"
                    HPOS="752.0"
                    VPOS="2871.0"
                    WIDTH="958.0"
                    HEIGHT="92.0"></String>
          </TextLine>

          
          
          <TextLine ID="eSc_line_8b79d479"
                    
                    BASELINE="752 2984 940 2984 994 2994 1035 2987 1644 3002 1711 2994" 
                    HPOS="746.0"
                    VPOS="2943.0"
                    WIDTH="964.0"
                    HEIGHT="92.0">
            <Shape><Polygon POINTS="749 2980 746 3018 1706 3035 1710 2991 1710 2956 749 2943 749 2980"/></Shape>
	    <String CONTENT="הקורות אם יש שם פותיח טפח טמאין [וא&#39;]"
                    HPOS="746.0"
                    VPOS="2943.0"
                    WIDTH="964.0"
                    HEIGHT="92.0"></String>
          </TextLine>

          
          
          <TextLine ID="eSc_line_c3663d53"
                    
                    BASELINE="746 3038 797 3048 1644 3059 1685 3053 1711 3056" 
                    HPOS="739.0"
                    VPOS="3004.0"
                    WIDTH="971.0"
                    HEIGHT="82.0">
            <Shape><Polygon POINTS="742 3035 739 3076 1699 3086 1710 3055 1710 3004 742 3004 742 3035"/></Shape>
	    <String CONTENT="ואם לאו טהורין טומאה שם הבית טמא :"
                    HPOS="739.0"
                    VPOS="3004.0"
                    WIDTH="971.0"
                    HEIGHT="82.0"></String>
          </TextLine>

          
          
          <TextLine ID="eSc_line_3ef708a2"
                    
                    BASELINE="752 3110 1711 3121" 
                    HPOS="746.0"
                    VPOS="3069.0"
                    WIDTH="964.0"
                    HEIGHT="88.0">
            <Shape><Polygon POINTS="749 3106 746 3154 1699 3157 1710 3120 1706 3083 749 3069 749 3106"/></Shape>
	    <String CONTENT="¶ תיבת המגדל יש בה פותח טפח ואין [ביציא&#39;]"
                    HPOS="746.0"
                    VPOS="3069.0"
                    WIDTH="964.0"
                    HEIGHT="88.0"></String>
          </TextLine>

          
        </TextBlock>
        
        <TextBlock HPOS="486.0"
                   VPOS="2277.0"
                   WIDTH="140.0"
                   HEIGHT="84.0"
                   ID="eSc_textblock_bf750044"
                   TAGREFS="BT830">
          <Shape><Polygon POINTS="486 2277 486 2361 626 2361 626 2277"/></Shape>
          
          
          <TextLine ID="eSc_line_548ef023"
                    
                    BASELINE="463 2316 637 2316" 
                    HPOS="459"
                    VPOS="2180"
                    WIDTH="174"
                    HEIGHT="194">
            <Shape><Polygon POINTS="459 2313 459 2360 630 2374 633 2313 633 2221 459 2180 459 2313"/></Shape>
	    <String CONTENT="סַוַאר"
                    HPOS="459"
                    VPOS="2180"
                    WIDTH="174"
                    HEIGHT="194"></String>
          </TextLine>

          
        </TextBlock>
        

        
      </PrintSpace>
    </Page>
  </Layout>
</alto>
