<?xml version="1.0" encoding="UTF-8"?>
<alto xmlns:xsi="http://www.w3.org/2001/XMLSchema-instance"
      xmlns="http://www.loc.gov/standards/alto/ns-v4#"
      xsi:schemaLocation="http://www.loc.gov/standards/alto/ns-v4# http://www.loc.gov/standards/alto/v4/alto-4-2.xsd">
  <Description>
    <MeasurementUnit>pixel</MeasurementUnit>
    <sourceImageInformation>
      <fileName>MsParm3173_F13911_0286.jpg</fileName>
      
    </sourceImageInformation>
  </Description>
  
  <Tags>
    <OtherTag ID="BT1" LABEL="Title" DESCRIPTION="block type Title"/><OtherTag ID="BT2" LABEL="Main" DESCRIPTION="block type Main"/><OtherTag ID="BT3" LABEL="Commentary" DESCRIPTION="block type Commentary"/><OtherTag ID="BT4" LABEL="Illustration" DESCRIPTION="block type Illustration"/><OtherTag ID="BT830" LABEL="Margin" DESCRIPTION="block type Margin"/><OtherTag ID="BT831" LABEL="Hole" DESCRIPTION="block type Hole"/><OtherTag ID="BT832" LABEL="Paratext" DESCRIPTION="block type Paratext"/>
    <OtherTag ID="LT2" LABEL="Numbering" DESCRIPTION="line type Numbering"/><OtherTag ID="LT3" LABEL="Correction" DESCRIPTION="line type Correction"/><OtherTag ID="LT501" LABEL="Gloss" DESCRIPTION="line type Gloss"/>
  </Tags>
  
  <Layout>
    <Page WIDTH="3066"
          HEIGHT="4088"
          PHYSICAL_IMG_NR="278"
          ID="eSc_dummypage_">
      <PrintSpace HPOS="0"
                  VPOS="0"
                  WIDTH="3066"
                  HEIGHT="4088">
        
        <TextBlock HPOS="1629.0"
                   VPOS="729.0"
                   WIDTH="1099.0"
                   HEIGHT="2389.0"
                   ID="eSc_textblock_92695ec3"
                   TAGREFS="BT2">
          <Shape><Polygon POINTS="1629 729 2676 729 2728 3094 1685 3118"/></Shape>
          
          
          <TextLine ID="eSc_line_7f1baed0"
                    
                    BASELINE="1645 784 1880 780 2548 780 2633 786" 
                    HPOS="1638.0"
                    VPOS="729.0"
                    WIDTH="991.0"
                    HEIGHT="102.0">
            <Shape><Polygon POINTS="2592 729 2565 729 2537 742 2360 729 2354 729 2319 729 2309 729 2292 746 2142 746 2091 729 2081 729 2050 729 1969 742 1856 729 1843 729 1819 729 1802 746 1638 746 1642 783 1642 831 2623 817 2629 783 2626 742 2592 729 2592 729"/></Shape>
	    <String CONTENT="הנשרפין לא יקברו וכל הנקברים לא ישרפו"
                    HPOS="1638.0"
                    VPOS="729.0"
                    WIDTH="991.0"
                    HEIGHT="102.0"></String>
          </TextLine>

          
          
          <TextLine ID="eSc_line_c1cd5e9d"
                    
                    BASELINE="1652 851 1747 858 2040 855 2115 848 2629 848" 
                    HPOS="1645.0"
                    VPOS="814.0"
                    WIDTH="981.0"
                    HEIGHT="81.0">
            <Shape><Polygon POINTS="1648 848 1648 895 2623 889 2626 844 2623 814 1645 814 1648 848"/></Shape>
	    <String CONTENT="ר&#39; יהוד&#39; או&#39; אם רצה להחמיר על עצמו לשרוף"
                    HPOS="1645.0"
                    VPOS="814.0"
                    WIDTH="981.0"
                    HEIGHT="81.0"></String>
          </TextLine>

          
          
          <TextLine ID="eSc_line_129d6f89"
                    
                    BASELINE="1614 912 2299 919 2340 912 2645 908" 
                    HPOS="1607.0"
                    VPOS="878.0"
                    WIDTH="1036.0"
                    HEIGHT="72.0">
            <Shape><Polygon POINTS="1611 909 1607 947 2636 950 2643 906 2643 885 1611 878 1611 909"/></Shape>
	    <String CONTENT="את הנקברים רשיי אמ&#39; לו אינו מותר לשנות :"
                    HPOS="1607.0"
                    VPOS="878.0"
                    WIDTH="1036.0"
                    HEIGHT="72.0"></String>
          </TextLine>

          
          
          <TextLine ID="eSc_line_2db33da6"
                    
                    BASELINE="1887 983 2003 987 2163 981 2391 981" 
                    HPOS="1880.0"
                    VPOS="930.0"
                    WIDTH="508.0"
                    HEIGHT="85.0">
            <Shape><Polygon POINTS="1883 981 1883 1015 2384 1015 2388 977 2381 930 1880 933 1883 981"/></Shape>
	    <String CONTENT="חסלת תמורה"
                    HPOS="1880.0"
                    VPOS="930.0"
                    WIDTH="508.0"
                    HEIGHT="85.0"></String>
          </TextLine>

          
          
          <TextLine ID="eSc_line_58743f15"
                    
                    BASELINE="1887 1052 2200 1049 2306 1045 2347 1035" 
                    HPOS="1880.0"
                    VPOS="998.0"
                    WIDTH="463.0"
                    HEIGHT="92.0">
            <Shape><Polygon POINTS="1883 1049 1883 1090 2343 1076 2343 1032 2336 998 1880 1015 1883 1049"/></Shape>
	    <String CONTENT="¶ מסכת מעילה ˙"
                    HPOS="1880.0"
                    VPOS="998.0"
                    WIDTH="463.0"
                    HEIGHT="92.0"></String>
          </TextLine>

          
          
          <TextLine ID="eSc_line_82f04340"
                    
                    BASELINE="1638 1113 1904 1113 1945 1107 2662 1107" 
                    HPOS="1631.0"
                    VPOS="1073.0"
                    WIDTH="1029.0"
                    HEIGHT="75.0">
            <Shape><Polygon POINTS="1635 1110 1635 1148 2657 1141 2660 1103 2657 1073 1631 1073 1635 1110"/></Shape>
	    <String CONTENT="¶ ¶ קדשי קדשים ששחטן בדרום מועלין בהן"
                    HPOS="1631.0"
                    VPOS="1073.0"
                    WIDTH="1029.0"
                    HEIGHT="75.0"></String>
          </TextLine>

          
          
          <TextLine ID="eSc_line_00b629cb"
                    
                    BASELINE="1638 1182 1686 1175 2163 1178 2244 1171 2469 1168 2544 1161 2619 1165 2660 1154" 
                    HPOS="1635.0"
                    VPOS="1137.0"
                    WIDTH="1022.0"
                    HEIGHT="72.0">
            <Shape><Polygon POINTS="1635 1161 1635 1178 1635 1209 2657 1202 2657 1151 2653 1137 1648 1137 1635 1161"/></Shape>
	    <String CONTENT="שחטן בדרום וקיבל דמן בצפון בצפון וקיבל"
                    HPOS="1635.0"
                    VPOS="1137.0"
                    WIDTH="1022.0"
                    HEIGHT="72.0"></String>
          </TextLine>

          
          
          <TextLine ID="eSc_line_ba1660fb"
                    
                    BASELINE="1638 1240 2078 1240 2166 1236 2207 1229 2394 1233 2476 1226 2657 1226" 
                    HPOS="1631.0"
                    VPOS="1202.0"
                    WIDTH="1022.0"
                    HEIGHT="72.0">
            <Shape><Polygon POINTS="1635 1236 1635 1274 2650 1263 2653 1222 2650 1202 1631 1202 1635 1236"/></Shape>
	    <String CONTENT="דמן בדרום שחט ביום וזרק בלילה בלילה"
                    HPOS="1631.0"
                    VPOS="1202.0"
                    WIDTH="1022.0"
                    HEIGHT="72.0"></String>
          </TextLine>

          
          
          <TextLine ID="eSc_line_40cad1cf"
                    
                    BASELINE="1638 1318 1689 1308 1982 1308 2166 1297 2357 1301 2391 1294 2555 1294 2646 1284" 
                    HPOS="1631.0"
                    VPOS="1243.0"
                    WIDTH="1012.0"
                    HEIGHT="106.0">
            <Shape><Polygon POINTS="1635 1314 1635 1349 2640 1335 2643 1280 2640 1260 2568 1243 2565 1243 1631 1270 1635 1314"/></Shape>
	    <String CONTENT="וז(ר)ק ביום או ששחטן חוץ לזמנן וחוץ [למ&#39;]"
                    HPOS="1631.0"
                    VPOS="1243.0"
                    WIDTH="1012.0"
                    HEIGHT="106.0"></String>
          </TextLine>

          
          
          <TextLine ID="eSc_line_c0829796"
                    
                    BASELINE="1642 1369 2153 1369 2200 1362 2428 1359 2466 1352 2681 1356" 
                    HPOS="1635.0"
                    VPOS="1328.0"
                    WIDTH="1042.0"
                    HEIGHT="72.0">
            <Shape><Polygon POINTS="1638 1366 1635 1400 2670 1396 2677 1355 2674 1328 1638 1328 1638 1366"/></Shape>
	    <String CONTENT="למקומן מועלין בהן אמ&#39; ר&#39; יהושע כל שהיה לה"
                    HPOS="1635.0"
                    VPOS="1328.0"
                    WIDTH="1042.0"
                    HEIGHT="72.0"></String>
          </TextLine>

          
          
          <TextLine ID="eSc_line_e257d865"
                    
                    BASELINE="1672 1430 2057 1420 2244 1420 2285 1427 2319 1417 2675 1420" 
                    HPOS="1665.0"
                    VPOS="1369.0"
                    WIDTH="1009.0"
                    HEIGHT="92.0">
            <Shape><Polygon POINTS="1669 1427 1669 1461 2667 1451 2674 1417 2670 1386 2585 1369 2582 1369 1665 1389 1669 1427"/></Shape>
	    <String CONTENT="שעת התר לכהנים אין מועלין בה וכל שלא"
                    HPOS="1665.0"
                    VPOS="1369.0"
                    WIDTH="1009.0"
                    HEIGHT="92.0"></String>
          </TextLine>

          
          
          <TextLine ID="eSc_line_5494a72b"
                    
                    BASELINE="1652 1485 2064 1492 2132 1485 2572 1481 2686 1471" 
                    HPOS="1645.0"
                    VPOS="1451.0"
                    WIDTH="1039.0"
                    HEIGHT="64.0">
            <Shape><Polygon POINTS="1645 1468 1648 1481 1648 1515 2681 1512 2684 1468 2681 1451 1659 1451 1645 1468"/></Shape>
	    <String CONTENT="היה לה שעת התר לכהנים מועלין בה אי זו"
                    HPOS="1645.0"
                    VPOS="1451.0"
                    WIDTH="1039.0"
                    HEIGHT="64.0"></String>
          </TextLine>

          
          
          <TextLine ID="eSc_line_f223f122"
                    
                    BASELINE="1655 1553 1986 1560 2054 1553 2377 1553 2463 1550 2497 1543 2686 1546" 
                    HPOS="1648.0"
                    VPOS="1512.0"
                    WIDTH="1036.0"
                    HEIGHT="72.0">
            <Shape><Polygon POINTS="1652 1550 1648 1580 2674 1584 2684 1543 2681 1515 1652 1512 1652 1550"/></Shape>
	    <String CONTENT="היא שהיה לה שעת התר לכהנים שלנה [ו&#39;]"
                    HPOS="1648.0"
                    VPOS="1512.0"
                    WIDTH="1036.0"
                    HEIGHT="72.0"></String>
          </TextLine>

          
          
          <TextLine ID="eSc_line_7f0714cd"
                    
                    BASELINE="1652 1635 1785 1631 1825 1624 2020 1628 2091 1621 2214 1621 2316 1607 2428 1614 2686 1605" 
                    HPOS="1645.0"
                    VPOS="1567.0"
                    WIDTH="1039.0"
                    HEIGHT="98.0">
            <Shape><Polygon POINTS="1648 1631 1648 1665 2684 1638 2684 1604 2681 1577 2108 1567 2105 1567 2009 1587 1999 1587 1982 1587 1825 1570 1822 1570 1819 1570 1815 1570 1815 1573 1798 1590 1795 1594 1645 1594 1648 1631"/></Shape>
	    <String CONTENT="ושיצאת ושניטמאת ואי זו היא שלא היה"
                    HPOS="1645.0"
                    VPOS="1567.0"
                    WIDTH="1039.0"
                    HEIGHT="98.0"></String>
          </TextLine>

          
          
          <TextLine ID="eSc_line_6c742b37"
                    
                    BASELINE="1659 1689 1877 1689 1972 1686 2006 1679 2384 1682 2418 1676 2686 1670" 
                    HPOS="1652.0"
                    VPOS="1628.0"
                    WIDTH="1032.0"
                    HEIGHT="95.0">
            <Shape><Polygon POINTS="1655 1686 1655 1723 2681 1713 2684 1669 2681 1645 2657 1628 2653 1628 2650 1628 2118 1628 2115 1628 1652 1645 1655 1686"/></Shape>
	    <String CONTENT="לה שעת [הכושר] התר לכהנים שנשחטה [ח&#39;]"
                    HPOS="1652.0"
                    VPOS="1628.0"
                    WIDTH="1032.0"
                    HEIGHT="95.0"></String>
          </TextLine>

          
          
          <TextLine ID="eSc_line_257e5f3d"
                    
                    BASELINE="1652 1740 1744 1751 2326 1751 2364 1744 2685 1737" 
                    HPOS="1645.0"
                    VPOS="1706.0"
                    WIDTH="1039.0"
                    HEIGHT="75.0">
            <Shape><Polygon POINTS="1648 1737 1648 1781 2681 1778 2684 1733 2677 1706 1645 1706 1648 1737"/></Shape>
	    <String CONTENT="חוץ לזמנה וחוץ למקומה ושקיבלו פסולין"
                    HPOS="1645.0"
                    VPOS="1706.0"
                    WIDTH="1039.0"
                    HEIGHT="75.0"></String>
          </TextLine>

          
          
          <TextLine ID="eSc_line_9f0957ea"
                    
                    BASELINE="1686 1808 1730 1819 2118 1819 2214 1812 2486 1808 2524 1802 2686 1802" 
                    HPOS="1679.0"
                    VPOS="1761.0"
                    WIDTH="1005.0"
                    HEIGHT="82.0">
            <Shape><Polygon POINTS="1682 1805 1682 1843 2681 1843 2684 1798 2681 1778 2333 1761 2330 1761 2326 1761 2279 1778 2272 1781 1679 1781 1682 1805"/></Shape>
	    <String CONTENT="וזרקו את דמה ˙ ¶ ב&#39; בשר קדשי קדשים"
                    HPOS="1679.0"
                    VPOS="1761.0"
                    WIDTH="1005.0"
                    HEIGHT="82.0"></String>
          </TextLine>

          
          
          <TextLine ID="eSc_line_4cb633d7"
                    
                    BASELINE="1679 1890 1761 1883 1900 1887 1972 1880 2248 1877 2319 1870 2469 1873 2544 1866 2686 1866" 
                    HPOS="1672.0"
                    VPOS="1819.0"
                    WIDTH="1012.0"
                    HEIGHT="102.0">
            <Shape><Polygon POINTS="1676 1887 1676 1921 2681 1900 2684 1863 2681 1836 2493 1819 2490 1819 2408 1836 2405 1836 2391 1836 1945 1825 1941 1825 1672 1843 1676 1887"/></Shape>
	    <String CONTENT="שיצא לפני זריקות דמים ר&#39; אליע&#39; או&#39; [מוע&#39;]"
                    HPOS="1672.0"
                    VPOS="1819.0"
                    WIDTH="1012.0"
                    HEIGHT="102.0"></String>
          </TextLine>

          
          
          <TextLine ID="eSc_line_881fdcd0"
                    
                    BASELINE="1686 1945 2033 1945 2074 1938 2459 1941 2527 1934 2686 1934" 
                    HPOS="1679.0"
                    VPOS="1907.0"
                    WIDTH="1005.0"
                    HEIGHT="75.0">
            <Shape><Polygon POINTS="1682 1941 1679 1982 2681 1972 2684 1931 2681 1907 1682 1907 1682 1941"/></Shape>
	    <String CONTENT="מועלין בו ואין חייבין עליו משם פיגול"
                    HPOS="1679.0"
                    VPOS="1907.0"
                    WIDTH="1005.0"
                    HEIGHT="75.0"></String>
          </TextLine>

          
          
          <TextLine ID="eSc_line_14e4ca3a"
                    TAGREFS="LT2"
                    BASELINE="2570 1958 2644 1958" 
                    HPOS="2568.0"
                    VPOS="1941.0"
                    WIDTH="75.0"
                    HEIGHT="48.0">
            <Shape><Polygon POINTS="2568 1955 2568 1986 2602 1989 2636 1989 2643 1989 2643 1955 2640 1941 2568 1941 2568 1955"/></Shape>
	    <String CONTENT="ב&#39;"
                    HPOS="2568.0"
                    VPOS="1941.0"
                    WIDTH="75.0"
                    HEIGHT="48.0"></String>
          </TextLine>

          
          
          <TextLine ID="eSc_line_7ced90e3"
                    
                    BASELINE="1659 1999 1703 2013 1744 2006 1938 2009 2023 2003 2354 1999 2428 1992 2578 1992 2612 1999 2686 1990" 
                    HPOS="1652.0"
                    VPOS="1945.0"
                    WIDTH="1032.0"
                    HEIGHT="88.0">
            <Shape><Polygon POINTS="1655 1996 1655 2033 2681 2026 2684 1989 2681 1962 2578 1945 2575 1945 2572 1945 2517 1962 2510 1962 2500 1962 2405 1948 2401 1948 1652 1965 1655 1996"/></Shape>
	    <String CONTENT="וטמא ונותר ר&#39; עקיבה או&#39; אין מועלין בו"
                    HPOS="1652.0"
                    VPOS="1945.0"
                    WIDTH="1032.0"
                    HEIGHT="88.0"></String>
          </TextLine>

          
          
          <TextLine ID="eSc_line_080ff683"
                    TAGREFS="LT2"
                    BASELINE="2403 1975 2449 1969" 
                    HPOS="2394.0"
                    VPOS="1941.0"
                    WIDTH="51.0"
                    HEIGHT="45.0">
            <Shape><Polygon POINTS="2401 1986 2435 1986 2445 1986 2445 1965 2439 1941 2394 1945 2401 1972"/></Shape>
	    <String CONTENT="א&#39;"
                    HPOS="2394.0"
                    VPOS="1941.0"
                    WIDTH="51.0"
                    HEIGHT="45.0"></String>
          </TextLine>

          
          
          <TextLine ID="eSc_line_86f723fb"
                    
                    BASELINE="1659 2067 1975 2061 2204 2064 2272 2057 2537 2054 2686 2046" 
                    HPOS="1652.0"
                    VPOS="2006.0"
                    WIDTH="1032.0"
                    HEIGHT="85.0">
            <Shape><Polygon POINTS="1655 2064 1655 2091 2684 2081 2684 2044 2677 2006 1652 2026 1655 2064"/></Shape>
	    <String CONTENT="אבל חייבין עליו משם פיגול ונותר וטמא :"
                    HPOS="1652.0"
                    VPOS="2006.0"
                    WIDTH="1032.0"
                    HEIGHT="85.0"></String>
          </TextLine>

          
          
          <TextLine ID="eSc_line_7d1e35f8"
                    
                    BASELINE="1682 2118 1836 2125 2003 2122 2044 2115 2364 2118 2398 2112 2609 2112" 
                    HPOS="1676.0"
                    VPOS="2067.0"
                    WIDTH="930.0"
                    HEIGHT="82.0">
            <Shape><Polygon POINTS="1679 2115 1676 2146 2599 2149 2606 2108 2599 2067 1679 2078 1679 2115"/></Shape>
	    <String CONTENT="ג&#39; אמ&#39; ר&#39; עקיבה והרי המפריש חטאתו"
                    HPOS="1676.0"
                    VPOS="2067.0"
                    WIDTH="930.0"
                    HEIGHT="82.0"></String>
          </TextLine>

          
          
          <TextLine ID="eSc_line_13eb41cb"
                    
                    BASELINE="1699 2176 1900 2187 1938 2180 2258 2180 2384 2170 2503 2173 2541 2166 2704 2172" 
                    HPOS="1693.0"
                    VPOS="2135.0"
                    WIDTH="1008.0"
                    HEIGHT="75.0">
            <Shape><Polygon POINTS="1696 2173 1693 2207 2691 2210 2701 2170 2694 2135 1696 2135 1696 2173"/></Shape>
	    <String CONTENT="ואבדה והפריש אחרת תחתיה ואחר כך [נמ&#39;]"
                    HPOS="1693.0"
                    VPOS="2135.0"
                    WIDTH="1008.0"
                    HEIGHT="75.0"></String>
          </TextLine>

          
          
          <TextLine ID="eSc_line_cf7a00ea"
                    
                    BASELINE="1706 2244 2057 2244 2101 2238 2391 2241 2435 2234 2578 2231 2616 2221 2698 2221" 
                    HPOS="1699.0"
                    VPOS="2204.0"
                    WIDTH="995.0"
                    HEIGHT="75.0">
            <Shape><Polygon POINTS="1703 2241 1703 2279 2691 2268 2694 2217 2691 2204 1699 2204 1703 2241"/></Shape>
	    <String CONTENT="נמצאת הראשנה והרי שתיהן עומדות"
                    HPOS="1699.0"
                    VPOS="2204.0"
                    WIDTH="995.0"
                    HEIGHT="75.0"></String>
          </TextLine>

          
          
          <TextLine ID="eSc_line_fdad2c89"
                    
                    BASELINE="1699 2302 2047 2302 2357 2292 2510 2296 2674 2282" 
                    HPOS="1693.0"
                    VPOS="2244.0"
                    WIDTH="977.0"
                    HEIGHT="99.0">
            <Shape><Polygon POINTS="1696 2299 1696 2343 2667 2323 2670 2279 2664 2244 1693 2265 1696 2299"/></Shape>
	    <String CONTENT="לא [שדמ] כשם שדמה פוטר את בשרה כך"
                    HPOS="1693.0"
                    VPOS="2244.0"
                    WIDTH="977.0"
                    HEIGHT="99.0"></String>
          </TextLine>

          
          
          <TextLine ID="eSc_line_bb20af8a"
                    
                    BASELINE="1679 2367 1727 2360 2033 2364 2480 2347 2595 2350 2687 2340" 
                    HPOS="1672.0"
                    VPOS="2306.0"
                    WIDTH="1012.0"
                    HEIGHT="95.0">
            <Shape><Polygon POINTS="1676 2364 1679 2401 2684 2384 2684 2336 2677 2306 1672 2330 1676 2364"/></Shape>
	    <String CONTENT="הוא פוטר את בשר חברתה אם פטר דמה"
                    HPOS="1672.0"
                    VPOS="2306.0"
                    WIDTH="1012.0"
                    HEIGHT="95.0"></String>
          </TextLine>

          
          
          <TextLine ID="eSc_line_bdadd3e3"
                    
                    BASELINE="1713 2432 2163 2425 2255 2422 2289 2415 2466 2418 2541 2411 2712 2409" 
                    HPOS="1706.0"
                    VPOS="2381.0"
                    WIDTH="1005.0"
                    HEIGHT="85.0">
            <Shape><Polygon POINTS="1710 2428 1710 2466 2708 2449 2711 2408 2704 2381 1706 2388 1710 2428"/></Shape>
	    <String CONTENT="את בשר חברתה מן המעילה דין הוא [ש&#39;]"
                    HPOS="1706.0"
                    VPOS="2381.0"
                    WIDTH="1005.0"
                    HEIGHT="85.0"></String>
          </TextLine>

          
          
          <TextLine ID="eSc_line_87d4b3e2"
                    
                    BASELINE="1706 2486 2204 2486 2241 2480 2534 2469 2653 2473 2701 2463" 
                    HPOS="1699.0"
                    VPOS="2442.0"
                    WIDTH="999.0"
                    HEIGHT="85.0">
            <Shape><Polygon POINTS="1703 2483 1703 2527 2698 2507 2698 2459 2691 2442 1699 2449 1703 2483"/></Shape>
	    <String CONTENT="שיפטור את שלעצמה ˙ ¶ ד&#39; אמורי"
                    HPOS="1699.0"
                    VPOS="2442.0"
                    WIDTH="999.0"
                    HEIGHT="85.0"></String>
          </TextLine>

          
          
          <TextLine ID="eSc_line_03cd3702"
                    
                    BASELINE="1699 2541 1873 2548 2037 2544 2115 2537 2268 2541 2309 2534 2548 2531 2619 2524 2701 2527" 
                    HPOS="1693.0"
                    VPOS="2497.0"
                    WIDTH="1005.0"
                    HEIGHT="71.0">
            <Shape><Polygon POINTS="1696 2537 1696 2568 2691 2565 2698 2524 2691 2497 1693 2500 1696 2537"/></Shape>
	    <String CONTENT="קדשים קלים שיצאו לפני זריקות דמים"
                    HPOS="1693.0"
                    VPOS="2497.0"
                    WIDTH="1005.0"
                    HEIGHT="71.0"></String>
          </TextLine>

          
          
          <TextLine ID="eSc_line_e4f40a01"
                    
                    BASELINE="1706 2612 1757 2606 1958 2609 1999 2602 2118 2602 2289 2592 2330 2595 2636 2585 2710 2580" 
                    HPOS="1699.0"
                    VPOS="2551.0"
                    WIDTH="1009.0"
                    HEIGHT="89.0">
            <Shape><Polygon POINTS="1703 2609 1703 2640 2708 2629 2708 2578 2701 2551 1699 2572 1703 2609"/></Shape>
	    <String CONTENT="ר&#39; אליע&#39; או&#39; אין מועלין בהן ואין חייבים"
                    HPOS="1699.0"
                    VPOS="2551.0"
                    WIDTH="1009.0"
                    HEIGHT="89.0"></String>
          </TextLine>

          
          
          <TextLine ID="eSc_line_92d84094"
                    
                    BASELINE="1682 2670 1931 2667 1965 2660 2122 2664 2159 2657 2343 2653 2388 2646 2691 2650" 
                    HPOS="1676.0"
                    VPOS="2619.0"
                    WIDTH="1011.0"
                    HEIGHT="79.0">
            <Shape><Polygon POINTS="1679 2667 1679 2698 2681 2691 2687 2646 2681 2619 1676 2623 1679 2667"/></Shape>
	    <String CONTENT="עליהם משם פיגול ונותר וטמא ר&#39; עקיבה"
                    HPOS="1676.0"
                    VPOS="2619.0"
                    WIDTH="1011.0"
                    HEIGHT="79.0"></String>
          </TextLine>

          
          
          <TextLine ID="eSc_line_d0e9cd91"
                    
                    BASELINE="1713 2721 1757 2732 1795 2725 2009 2721 2044 2711 2166 2718 2285 2715 2326 2721 2367 2711 2687 2701" 
                    HPOS="1706.0"
                    VPOS="2664.0"
                    WIDTH="978.0"
                    HEIGHT="95.0">
            <Shape><Polygon POINTS="1710 2718 1710 2759 2681 2745 2684 2698 2677 2664 1706 2677 1710 2718"/></Shape>
	    <String CONTENT="או&#39; מועלין בהן וחייבין עליהן משם פיגול"
                    HPOS="1706.0"
                    VPOS="2664.0"
                    WIDTH="978.0"
                    HEIGHT="95.0"></String>
          </TextLine>

          
          
          <TextLine ID="eSc_line_7eeee3de"
                    
                    BASELINE="1706 2790 1839 2790 1880 2779 1914 2786 2064 2783 2135 2790 2170 2779 2466 2776 2548 2769 2711 2773" 
                    HPOS="1699.0"
                    VPOS="2745.0"
                    WIDTH="1009.0"
                    HEIGHT="75.0">
            <Shape><Polygon POINTS="1703 2786 1703 2820 2701 2817 2708 2769 2701 2745 1699 2749 1703 2786"/></Shape>
	    <String CONTENT="ונותר וטמא ˙ ¶ ה&#39; מעשה דמים בקדשי"
                    HPOS="1699.0"
                    VPOS="2745.0"
                    WIDTH="1009.0"
                    HEIGHT="75.0"></String>
          </TextLine>

          
          
          <TextLine ID="eSc_line_09679214"
                    
                    BASELINE="1706 2847 1989 2837 2197 2841 2282 2834 2722 2829" 
                    HPOS="1699.0"
                    VPOS="2796.0"
                    WIDTH="1022.0"
                    HEIGHT="86.0">
            <Shape><Polygon POINTS="1703 2844 1703 2882 2721 2882 2721 2827 2715 2796 1699 2803 1703 2844"/></Shape>
	    <String CONTENT="קדשים להקל ולהחמיר ובקדשים קלים כולו"
                    HPOS="1699.0"
                    VPOS="2796.0"
                    WIDTH="1022.0"
                    HEIGHT="86.0"></String>
          </TextLine>

          
          
          <TextLine ID="eSc_line_9344904c"
                    
                    BASELINE="1727 2916 2125 2912 2166 2902 2200 2909 2585 2909 2623 2902 2718 2902" 
                    HPOS="1720.0"
                    VPOS="2861.0"
                    WIDTH="995.0"
                    HEIGHT="92.0">
            <Shape><Polygon POINTS="1723 2912 1723 2953 2711 2939 2715 2899 2708 2861 1720 2871 1723 2912"/></Shape>
	    <String CONTENT="להחמיר כיצד קדשי קדשים לפני זריקות"
                    HPOS="1720.0"
                    VPOS="2861.0"
                    WIDTH="995.0"
                    HEIGHT="92.0"></String>
          </TextLine>

          
          
          <TextLine ID="eSc_line_c866e3cd"
                    
                    BASELINE="1720 2984 2003 2980 2084 2974 2285 2977 2326 2970 2473 2970 2728 2956" 
                    HPOS="1713.0"
                    VPOS="2926.0"
                    WIDTH="1012.0"
                    HEIGHT="92.0">
            <Shape><Polygon POINTS="1716 2980 1716 3018 2721 2994 2725 2953 2718 2926 1713 2946 1716 2980"/></Shape>
	    <String CONTENT="דמים מועלין באימורין ובבשר לאחר [ז&#39;]"
                    HPOS="1713.0"
                    VPOS="2926.0"
                    WIDTH="1012.0"
                    HEIGHT="92.0"></String>
          </TextLine>

          
          
          <TextLine ID="eSc_line_ec75cb41"
                    
                    BASELINE="1696 3048 2354 3048 2476 3038 2623 3035 2657 3028 2726 3031" 
                    HPOS="1689.0"
                    VPOS="3004.0"
                    WIDTH="1036.0"
                    HEIGHT="102.0">
            <Shape><Polygon POINTS="1693 3045 1693 3106 1996 3103 1999 3103 2003 3103 2003 3100 2016 3086 2044 3100 2050 3103 2054 3103 2057 3103 2718 3086 2725 3028 2718 3004 1689 3004 1693 3045"/></Shape>
	    <String CONTENT="זריקות דמים מועלין באמורין ואין [מוע&#39;]"
                    HPOS="1689.0"
                    VPOS="3004.0"
                    WIDTH="1036.0"
                    HEIGHT="102.0"></String>
          </TextLine>

          
        </TextBlock>
        
        <TextBlock HPOS="525.0"
                   VPOS="728.0"
                   WIDTH="1071.0"
                   HEIGHT="2400.0"
                   ID="eSc_textblock_f93605e6"
                   TAGREFS="BT2">
          <Shape><Polygon POINTS="525 761 1577 728 1594 2936 1596 3119 600 3128"/></Shape>
          
          
          <TextLine ID="eSc_line_664510a7"
                    
                    BASELINE="582 803 1543 786" 
                    HPOS="575.0"
                    VPOS="742.0"
                    WIDTH="964.0"
                    HEIGHT="102.0">
            <Shape><Polygon POINTS="1018 746 984 746 950 746 933 759 930 766 814 766 810 763 783 752 780 752 746 752 711 756 681 756 575 766 579 800 579 844 1536 827 1539 783 1536 749 1042 742 1018 746"/></Shape>
	    <String CONTENT="מועלין בבשר על זה ועל זה חייבין עליו"
                    HPOS="575.0"
                    VPOS="742.0"
                    WIDTH="964.0"
                    HEIGHT="102.0"></String>
          </TextLine>

          
          
          <TextLine ID="eSc_line_06812d43"
                    
                    BASELINE="562 868 613 878 1120 878 1192 872 1522 865 1543 860" 
                    HPOS="555.0"
                    VPOS="824.0"
                    WIDTH="984.0"
                    HEIGHT="92.0">
            <Shape><Polygon POINTS="558 865 558 909 1536 916 1539 858 1533 824 555 838 558 865"/></Shape>
	    <String CONTENT="משם פיגול ונותר וטמא ובקדשים קלים"
                    HPOS="555.0"
                    VPOS="824.0"
                    WIDTH="984.0"
                    HEIGHT="92.0"></String>
          </TextLine>

          
          
          <TextLine ID="eSc_line_d34dd305"
                    
                    BASELINE="562 936 620 947 861 947 970 940 1195 936 1229 930 1389 933 1556 923" 
                    HPOS="555.0"
                    VPOS="882.0"
                    WIDTH="998.0"
                    HEIGHT="88.0">
            <Shape><Polygon POINTS="558 933 558 970 1553 964 1553 919 1550 899 1383 882 1379 882 555 906 558 933"/></Shape>
	    <String CONTENT="כולו להחמיר כיצד קדשים קלים לפני [זר&#39;]"
                    HPOS="555.0"
                    VPOS="882.0"
                    WIDTH="998.0"
                    HEIGHT="88.0"></String>
          </TextLine>

          
          
          <TextLine ID="eSc_line_7a325580"
                    
                    BASELINE="606 1008 1011 1008 1202 998 1277 1001 1318 994 1543 984" 
                    HPOS="599.0"
                    VPOS="960.0"
                    WIDTH="940.0"
                    HEIGHT="92.0">
            <Shape><Polygon POINTS="602 1004 602 1042 1008 1052 1011 1052 1015 1052 1052 1035 1056 1035 1062 1035 1158 1049 1161 1049 1536 1025 1539 981 1533 960 599 970 602 1004"/></Shape>
	    <String CONTENT="זריקות דמים אין מועלין לא באימורים"
                    HPOS="599.0"
                    VPOS="960.0"
                    WIDTH="940.0"
                    HEIGHT="92.0"></String>
          </TextLine>

          
          
          <TextLine ID="eSc_line_3826844b"
                    
                    BASELINE="589 1083 783 1083 827 1076 1056 1073 1093 1066 1301 1069 1342 1062 1567 1056" 
                    HPOS="582.0"
                    VPOS="1008.0"
                    WIDTH="981.0"
                    HEIGHT="109.0">
            <Shape><Polygon POINTS="585 1079 585 1117 1560 1093 1563 1052 1560 1032 1464 1008 1461 1008 861 1039 814 1039 803 1039 681 1018 677 1018 582 1039 585 1079"/></Shape>
	    <String CONTENT="ולא בבשר לאחר זריקות דמים מועלים"
                    HPOS="582.0"
                    VPOS="1008.0"
                    WIDTH="981.0"
                    HEIGHT="109.0"></String>
          </TextLine>

          
          
          <TextLine ID="eSc_line_abf0eb15"
                    
                    BASELINE="565 1137 953 1134 1073 1141 1110 1131 1236 1131 1362 1120 1495 1124 1570 1113" 
                    HPOS="558.0"
                    VPOS="1083.0"
                    WIDTH="1009.0"
                    HEIGHT="99.0">
            <Shape><Polygon POINTS="562 1134 562 1165 814 1182 817 1182 1567 1154 1567 1110 1560 1083 558 1096 562 1134"/></Shape>
	    <String CONTENT="באימורין ואין מועלין בבשר על זה ועל"
                    HPOS="558.0"
                    VPOS="1083.0"
                    WIDTH="1009.0"
                    HEIGHT="99.0"></String>
          </TextLine>

          
          
          <TextLine ID="eSc_line_1491dc82"
                    
                    BASELINE="575 1199 889 1199 1124 1188 1345 1192 1379 1185 1560 1185" 
                    HPOS="568.0"
                    VPOS="1151.0"
                    WIDTH="988.0"
                    HEIGHT="82.0">
            <Shape><Polygon POINTS="572 1195 572 1233 1556 1219 1556 1182 1550 1151 568 1158 572 1195"/></Shape>
	    <String CONTENT="זה חייבין עליו משם פיגול ונותר וטמא"
                    HPOS="568.0"
                    VPOS="1151.0"
                    WIDTH="988.0"
                    HEIGHT="82.0"></String>
          </TextLine>

          
          
          <TextLine ID="eSc_line_b5356aee"
                    
                    BASELINE="602 1253 909 1250 981 1243 1332 1246 1366 1240 1560 1240" 
                    HPOS="596.0"
                    VPOS="1212.0"
                    WIDTH="960.0"
                    HEIGHT="68.0">
            <Shape><Polygon POINTS="599 1250 599 1280 1553 1277 1556 1236 1553 1212 596 1212 599 1250"/></Shape>
	    <String CONTENT="נמצא מעשה דמים בקדשי קדשים להקל"
                    HPOS="596.0"
                    VPOS="1212.0"
                    WIDTH="960.0"
                    HEIGHT="68.0"></String>
          </TextLine>

          
          
          <TextLine ID="eSc_line_f0cc4ad7"
                    
                    BASELINE="606 1308 957 1314 1025 1308 1583 1305" 
                    HPOS="599.0"
                    VPOS="1274.0"
                    WIDTH="981.0"
                    HEIGHT="85.0">
            <Shape><Polygon POINTS="602 1304 599 1342 1410 1355 1417 1355 1451 1355 1485 1355 1519 1355 1519 1355 1573 1359 1580 1304 1577 1277 602 1274 602 1304"/></Shape>
	    <String CONTENT="ולהחמיר ובקדשים קלים כולו להחמיר :"
                    HPOS="599.0"
                    VPOS="1274.0"
                    WIDTH="981.0"
                    HEIGHT="85.0"></String>
          </TextLine>

          
          
          <TextLine ID="eSc_line_60c34ed1"
                    
                    BASELINE="797 1369 1008 1376 1303 1368" 
                    HPOS="790.0"
                    VPOS="1335.0"
                    WIDTH="511.0"
                    HEIGHT="68.0">
            <Shape><Polygon POINTS="793 1366 793 1403 1297 1403 1301 1366 1294 1335 790 1335 793 1366"/></Shape>
	    <String CONTENT="הל&#39; ה&#39; ¶ פרק ב&#39;"
                    HPOS="790.0"
                    VPOS="1335.0"
                    WIDTH="511.0"
                    HEIGHT="68.0"></String>
          </TextLine>

          
          
          <TextLine ID="eSc_line_24a4bf10"
                    
                    BASELINE="538 1434 582 1430 616 1437 977 1437 1086 1430 1572 1427" 
                    HPOS="531.0"
                    VPOS="1389.0"
                    WIDTH="1039.0"
                    HEIGHT="79.0">
            <Shape><Polygon POINTS="534 1430 534 1468 1567 1461 1570 1423 1563 1389 531 1396 534 1430"/></Shape>
	    <String CONTENT="¶ חטאת העוף מועלין בה משהוקדשה נמלקה"
                    HPOS="531.0"
                    VPOS="1389.0"
                    WIDTH="1039.0"
                    HEIGHT="79.0"></String>
          </TextLine>

          
          
          <TextLine ID="eSc_line_d96da45b"
                    
                    BASELINE="575 1505 960 1505 1004 1498 1165 1498 1342 1488 1519 1492 1567 1481" 
                    HPOS="568.0"
                    VPOS="1454.0"
                    WIDTH="995.0"
                    HEIGHT="85.0">
            <Shape><Polygon POINTS="572 1502 572 1539 1563 1526 1563 1478 1556 1454 568 1461 572 1502"/></Shape>
	    <String CONTENT="הוכשרה להיפסל בטבול יום ובמחוסַר[י] [כיפ&#39;]"
                    HPOS="568.0"
                    VPOS="1454.0"
                    WIDTH="995.0"
                    HEIGHT="85.0"></String>
          </TextLine>

          
          
          <TextLine ID="eSc_line_a7db9b4b"
                    
                    BASELINE="589 1577 677 1570 855 1573 892 1567 1056 1567 1582 1560" 
                    HPOS="582.0"
                    VPOS="1512.0"
                    WIDTH="998.0"
                    HEIGHT="92.0">
            <Shape><Polygon POINTS="585 1573 585 1604 1580 1590 1580 1556 1577 1526 947 1512 943 1512 582 1536 585 1573"/></Shape>
	    <String CONTENT="כיפורים ובלינה הוזה דמה חייבין עליה [מ&#39;]"
                    HPOS="582.0"
                    VPOS="1512.0"
                    WIDTH="998.0"
                    HEIGHT="92.0"></String>
          </TextLine>

          
          
          <TextLine ID="eSc_line_d9ca6ebd"
                    
                    BASELINE="562 1628 647 1635 681 1642 752 1635 974 1635 1049 1621 1083 1628 1301 1628 1345 1621 1560 1614" 
                    HPOS="555.0"
                    VPOS="1587.0"
                    WIDTH="1001.0"
                    HEIGHT="75.0">
            <Shape><Polygon POINTS="558 1624 558 1662 1553 1652 1556 1611 1550 1587 555 1594 558 1624"/></Shape>
	    <String CONTENT="משם פיגול ונותר וטמא ואין בה מעילה :"
                    HPOS="555.0"
                    VPOS="1587.0"
                    WIDTH="1001.0"
                    HEIGHT="75.0"></String>
          </TextLine>

          
          
          <TextLine ID="eSc_line_21ee3c1b"
                    
                    BASELINE="534 1699 694 1710 967 1699 1008 1693 1161 1696 1233 1689 1495 1682" 
                    HPOS="528.0"
                    VPOS="1648.0"
                    WIDTH="964.0"
                    HEIGHT="82.0">
            <Shape><Polygon POINTS="531 1696 531 1730 1488 1716 1492 1679 1485 1648 528 1662 531 1696"/></Shape>
	    <String CONTENT="¶ ב&#39; עולת העוף מועלין בה משהוקדשה"
                    HPOS="528.0"
                    VPOS="1648.0"
                    WIDTH="964.0"
                    HEIGHT="82.0"></String>
          </TextLine>

          
          
          <TextLine ID="eSc_line_0b560724"
                    
                    BASELINE="521 1754 613 1764 800 1764 1161 1754 1199 1744 1267 1751 1420 1751 1570 1740" 
                    HPOS="514.0"
                    VPOS="1696.0"
                    WIDTH="1053.0"
                    HEIGHT="99.0">
            <Shape><Polygon POINTS="517 1751 517 1795 1567 1785 1567 1737 1563 1713 1451 1696 1447 1696 1355 1713 1274 1699 1270 1699 514 1727 517 1751"/></Shape>
	    <String CONTENT="נמלקה הוכשרה להיפסל בטבול יום ובמחוסר"
                    HPOS="514.0"
                    VPOS="1696.0"
                    WIDTH="1053.0"
                    HEIGHT="99.0"></String>
          </TextLine>

          
          
          <TextLine ID="eSc_line_b5471010"
                    
                    BASELINE="616 1832 889 1829 936 1836 970 1825 1168 1822 1202 1815 1400 1819 1434 1812 1570 1805" 
                    HPOS="609.0"
                    VPOS="1778.0"
                    WIDTH="958.0"
                    HEIGHT="82.0">
            <Shape><Polygon POINTS="613 1829 613 1860 1563 1846 1567 1802 1560 1778 609 1781 613 1829"/></Shape>
	    <String CONTENT="כיפורים ובלינה מיצה דמה חייבין עליה"
                    HPOS="609.0"
                    VPOS="1778.0"
                    WIDTH="958.0"
                    HEIGHT="82.0"></String>
          </TextLine>

          
          
          <TextLine ID="eSc_line_1cb68010"
                    
                    BASELINE="589 1894 681 1900 773 1894 933 1894 1049 1890 1083 1883 1568 1891" 
                    HPOS="582.0"
                    VPOS="1829.0"
                    WIDTH="985.0"
                    HEIGHT="95.0">
            <Shape><Polygon POINTS="858 1829 855 1829 851 1829 848 1829 803 1849 585 1849 585 1890 582 1924 1563 1924 1567 1890 1567 1856 1533 1839 1529 1839 1526 1839 1328 1836 1325 1836 919 1853 892 1853 889 1853 861 1829 858 1829"/></Shape>
	    <String CONTENT="משם פיגול ונותר וטמא ומועלין בה עד"
                    HPOS="582.0"
                    VPOS="1829.0"
                    WIDTH="985.0"
                    HEIGHT="95.0"></String>
          </TextLine>

          
          
          <TextLine ID="eSc_line_aa553d05"
                    
                    BASELINE="596 1955 1188 1955 1274 1948 1568 1946" 
                    HPOS="589.0"
                    VPOS="1914.0"
                    WIDTH="978.0"
                    HEIGHT="75.0">
            <Shape><Polygon POINTS="592 1952 592 1989 1563 1982 1567 1945 1563 1914 589 1914 592 1952"/></Shape>
	    <String CONTENT="שתצא לבית הדשן ˙ ¶ ג&#39; פרים הנשרפים"
                    HPOS="589.0"
                    VPOS="1914.0"
                    WIDTH="978.0"
                    HEIGHT="75.0"></String>
          </TextLine>

          
          
          <TextLine ID="eSc_line_f04f8a56"
                    
                    BASELINE="575 2016 889 2016 1035 2013 1079 2006 1376 2009 1447 2003 1568 2007" 
                    HPOS="568.0"
                    VPOS="1975.0"
                    WIDTH="999.0"
                    HEIGHT="72.0">
            <Shape><Polygon POINTS="572 2013 568 2047 1560 2037 1567 2006 1563 1975 572 1975 572 2013"/></Shape>
	    <String CONTENT="ושעירים הנשרפים מועלין בהן משהוקדשו"
                    HPOS="568.0"
                    VPOS="1975.0"
                    WIDTH="999.0"
                    HEIGHT="72.0"></String>
          </TextLine>

          
          
          <TextLine ID="eSc_line_8406aa97"
                    
                    BASELINE="562 2071 739 2078 851 2071 1134 2067 1168 2061 1454 2064 1488 2057 1568 2061" 
                    HPOS="555.0"
                    VPOS="2016.0"
                    WIDTH="1012.0"
                    HEIGHT="79.0">
            <Shape><Polygon POINTS="851 2016 848 2016 844 2016 841 2016 838 2016 838 2020 821 2037 558 2037 558 2067 555 2095 1560 2095 1567 2057 1567 2033 1543 2016 1539 2016 1536 2016 1022 2016 1018 2016 878 2033 855 2016 851 2016"/></Shape>
	    <String CONTENT="נשחטו הוכשרו להיפסל בטבול יום ובמחוסר"
                    HPOS="555.0"
                    VPOS="2016.0"
                    WIDTH="1012.0"
                    HEIGHT="79.0"></String>
          </TextLine>

          
          
          <TextLine ID="eSc_line_e6a3c136"
                    
                    BASELINE="589 2132 1277 2132 1311 2125 1568 2122" 
                    HPOS="582.0"
                    VPOS="2088.0"
                    WIDTH="985.0"
                    HEIGHT="88.0">
            <Shape><Polygon POINTS="585 2129 585 2176 1563 2159 1567 2118 1560 2088 582 2091 585 2129"/></Shape>
	    <String CONTENT="כיפורים ובלינה הוזה דמן חייבין עליהם"
                    HPOS="582.0"
                    VPOS="2088.0"
                    WIDTH="985.0"
                    HEIGHT="88.0"></String>
          </TextLine>

          
          
          <TextLine ID="eSc_line_a7dbcfc0"
                    
                    BASELINE="602 2200 848 2200 916 2193 1045 2193 1212 2183 1406 2187 1441 2180 1580 2180" 
                    HPOS="596.0"
                    VPOS="2153.0"
                    WIDTH="981.0"
                    HEIGHT="78.0">
            <Shape><Polygon POINTS="599 2197 599 2231 1573 2217 1577 2176 1570 2153 596 2159 599 2197"/></Shape>
	    <String CONTENT="משם פיגול ונותר וטמא ומועלין בהם [א&#39;]"
                    HPOS="596.0"
                    VPOS="2153.0"
                    WIDTH="981.0"
                    HEIGHT="78.0"></String>
          </TextLine>

          
          
          <TextLine ID="eSc_line_d13b6c36"
                    
                    BASELINE="752 2248 1209 2255 1253 2248 1372 2248 1475 2238 1583 2238" 
                    HPOS="746.0"
                    VPOS="2210.0"
                    WIDTH="834.0"
                    HEIGHT="69.0">
            <Shape><Polygon POINTS="749 2244 746 2279 1577 2279 1580 2234 1573 2210 749 2210 749 2244"/></Shape>
	    <String CONTENT="בבית הדשן עד שֶיּתֹוך הבשר ˙ ¶ ד&#39;"
                    HPOS="746.0"
                    VPOS="2210.0"
                    WIDTH="834.0"
                    HEIGHT="69.0"></String>
          </TextLine>

          
          
          <TextLine ID="eSc_line_b54f2629"
                    
                    BASELINE="602 2316 694 2323 780 2316 1069 2316 1178 2313 1212 2302 1253 2309 1471 2309 1586 2303" 
                    HPOS="596.0"
                    VPOS="2258.0"
                    WIDTH="988.0"
                    HEIGHT="96.0">
            <Shape><Polygon POINTS="599 2313 599 2354 1580 2340 1584 2302 1580 2275 1430 2258 1427 2258 596 2279 599 2313"/></Shape>
	    <String CONTENT="העולה מועלין בה משהוקדשה נשחטה"
                    HPOS="596.0"
                    VPOS="2258.0"
                    WIDTH="988.0"
                    HEIGHT="96.0"></String>
          </TextLine>

          
          
          <TextLine ID="eSc_line_b7cf7a83"
                    
                    BASELINE="579 2381 630 2374 1175 2377 1584 2357" 
                    HPOS="572.0"
                    VPOS="2330.0"
                    WIDTH="1008.0"
                    HEIGHT="85.0">
            <Shape><Polygon POINTS="575 2377 579 2415 1580 2398 1580 2354 1573 2330 572 2340 575 2377"/></Shape>
	    <String CONTENT="הוכשרה להיפסל בטבול יום ובמחוסר [כ&#39;]"
                    HPOS="572.0"
                    VPOS="2330.0"
                    WIDTH="1008.0"
                    HEIGHT="85.0"></String>
          </TextLine>

          
          
          <TextLine ID="eSc_line_e08f0fe6"
                    
                    BASELINE="606 2435 923 2445 960 2439 1148 2439 1338 2428 1589 2428" 
                    HPOS="599.0"
                    VPOS="2388.0"
                    WIDTH="988.0"
                    HEIGHT="78.0">
            <Shape><Polygon POINTS="602 2432 599 2463 1580 2466 1587 2425 1580 2388 602 2398 602 2432"/></Shape>
	    <String CONTENT="כיפורים ובלינה נזרק דמה חייבין עליה"
                    HPOS="599.0"
                    VPOS="2388.0"
                    WIDTH="988.0"
                    HEIGHT="78.0"></String>
          </TextLine>

          
          
          <TextLine ID="eSc_line_69dade55"
                    
                    BASELINE="606 2503 906 2503 943 2497 1100 2500 1182 2493 1572 2480" 
                    HPOS="599.0"
                    VPOS="2452.0"
                    WIDTH="971.0"
                    HEIGHT="85.0">
            <Shape><Polygon POINTS="602 2500 602 2537 1567 2517 1570 2476 1563 2452 599 2466 602 2500"/></Shape>
	    <String CONTENT="משם פיגול ונותר וטמא אין מועלים [ב&#39;]"
                    HPOS="599.0"
                    VPOS="2452.0"
                    WIDTH="971.0"
                    HEIGHT="85.0"></String>
          </TextLine>

          
          
          <TextLine ID="eSc_line_951bbc50"
                    
                    BASELINE="606 2548 654 2561 827 2561 1073 2551 1188 2555 1260 2548 1596 2541" 
                    HPOS="599.0"
                    VPOS="2510.0"
                    WIDTH="995.0"
                    HEIGHT="96.0">
            <Shape><Polygon POINTS="602 2544 602 2589 769 2606 773 2606 776 2606 834 2589 838 2589 892 2602 895 2602 899 2602 1594 2578 1594 2537 1587 2510 599 2524 602 2544"/></Shape>
	    <String CONTENT="בעורות אבל מועלין בבשר עד שיצא [ל&#39;]"
                    HPOS="599.0"
                    VPOS="2510.0"
                    WIDTH="995.0"
                    HEIGHT="96.0"></String>
          </TextLine>

          
          
          <TextLine ID="eSc_line_51a8bbcd"
                    
                    BASELINE="630 2623 1076 2612 1120 2606 1423 2609 1464 2602 1585 2602" 
                    HPOS="623.0"
                    VPOS="2572.0"
                    WIDTH="961.0"
                    HEIGHT="78.0">
            <Shape><Polygon POINTS="626 2619 626 2650 1580 2636 1584 2599 1577 2572 623 2578 626 2619"/></Shape>
	    <String CONTENT="לבית הדשן ˙ ¶ ה&#39; חטאת ואשם וזבחי"
                    HPOS="623.0"
                    VPOS="2572.0"
                    WIDTH="961.0"
                    HEIGHT="78.0"></String>
          </TextLine>

          
          
          <TextLine ID="eSc_line_6f7c1918"
                    
                    BASELINE="606 2677 1001 2677 1079 2670 1437 2667 1471 2660 1585 2660" 
                    HPOS="599.0"
                    VPOS="2629.0"
                    WIDTH="985.0"
                    HEIGHT="82.0">
            <Shape><Polygon POINTS="602 2674 602 2711 1580 2711 1584 2657 1577 2629 599 2633 602 2674"/></Shape>
	    <String CONTENT="שלמי ציבור מועלין בהן משהוקדשו [נש&#39;]"
                    HPOS="599.0"
                    VPOS="2629.0"
                    WIDTH="985.0"
                    HEIGHT="82.0"></String>
          </TextLine>

          
          
          <TextLine ID="eSc_line_e740e092"
                    
                    BASELINE="579 2738 626 2738 660 2745 803 2745 878 2738 1086 2738 1188 2728 1413 2728 1481 2735 1522 2725 1602 2725" 
                    HPOS="572.0"
                    VPOS="2694.0"
                    WIDTH="1029.0"
                    HEIGHT="89.0">
            <Shape><Polygon POINTS="575 2735 575 2783 1597 2766 1601 2721 1594 2694 572 2701 575 2735"/></Shape>
	    <String CONTENT="נשחטו הוכשרו להיפסל בטבול יום ובמחוסר"
                    HPOS="572.0"
                    VPOS="2694.0"
                    WIDTH="1029.0"
                    HEIGHT="89.0"></String>
          </TextLine>

          
          
          <TextLine ID="eSc_line_28a0e215"
                    
                    BASELINE="596 2803 759 2793 800 2803 953 2803 994 2793 1028 2800 1178 2800 1216 2793 1505 2790 1585 2779" 
                    HPOS="589.0"
                    VPOS="2752.0"
                    WIDTH="995.0"
                    HEIGHT="92.0">
            <Shape><Polygon POINTS="592 2800 592 2841 1243 2844 1246 2844 1250 2844 1253 2844 1277 2827 1369 2841 1372 2841 1580 2817 1584 2776 1577 2752 589 2769 592 2800"/></Shape>
	    <String CONTENT="כיפורים ובלינה נזרק דמן חייבין עליהם"
                    HPOS="589.0"
                    VPOS="2752.0"
                    WIDTH="995.0"
                    HEIGHT="92.0"></String>
          </TextLine>

          
          
          <TextLine ID="eSc_line_3e1c6c62"
                    
                    BASELINE="606 2861 1059 2868 1485 2858 1519 2851 1596 2851" 
                    HPOS="599.0"
                    VPOS="2824.0"
                    WIDTH="995.0"
                    HEIGHT="71.0">
            <Shape><Polygon POINTS="602 2858 602 2895 1590 2892 1594 2847 1587 2824 599 2824 602 2858"/></Shape>
	    <String CONTENT="משם פיגול ונותר וטמא אין מועלין [בב&#39;]"
                    HPOS="599.0"
                    VPOS="2824.0"
                    WIDTH="995.0"
                    HEIGHT="71.0"></String>
          </TextLine>

          
          
          <TextLine ID="eSc_line_8016940c"
                    
                    BASELINE="602 2939 763 2929 1260 2929 1596 2916" 
                    HPOS="596.0"
                    VPOS="2871.0"
                    WIDTH="998.0"
                    HEIGHT="99.0">
            <Shape><Polygon POINTS="1587 2885 1444 2871 1441 2871 1359 2888 1284 2875 1280 2875 596 2899 599 2936 599 2970 1590 2953 1594 2912 1590 2892 1587 2885"/></Shape>
	    <String CONTENT="בבשר אבל מועלין באמורין עד שיצאו"
                    HPOS="596.0"
                    VPOS="2871.0"
                    WIDTH="998.0"
                    HEIGHT="99.0"></String>
          </TextLine>

          
          
          <TextLine ID="eSc_line_75e382c5"
                    
                    BASELINE="602 3008 681 3001 797 3004 831 2997 1107 2997 1582 2980" 
                    HPOS="596.0"
                    VPOS="2946.0"
                    WIDTH="984.0"
                    HEIGHT="96.0">
            <Shape><Polygon POINTS="599 3004 599 3042 1577 3028 1580 2977 1573 2946 596 2970 599 3004"/></Shape>
	    <String CONTENT="לבית הדשן ˙ ¶ ו&#39; שתי הלחם מועלין בהן"
                    HPOS="596.0"
                    VPOS="2946.0"
                    WIDTH="984.0"
                    HEIGHT="96.0"></String>
          </TextLine>

          
          
          <TextLine ID="eSc_line_7cd2b839"
                    
                    BASELINE="606 3062 1226 3062 1495 3059 1606 3048" 
                    HPOS="599.0"
                    VPOS="3018.0"
                    WIDTH="1005.0"
                    HEIGHT="95.0">
            <Shape><Polygon POINTS="602 3059 602 3100 1059 3113 1062 3113 1226 3096 1229 3096 1366 3113 1369 3113 1372 3113 1376 3113 1396 3096 1485 3110 1488 3110 1601 3089 1604 3045 1601 3018 599 3018 602 3059"/></Shape>
	    <String CONTENT="משהוקדשו קרמו בתנור הוכשרו להיפסל"
                    HPOS="599.0"
                    VPOS="3018.0"
                    WIDTH="1005.0"
                    HEIGHT="95.0"></String>
          </TextLine>

          
        </TextBlock>
        

        
      </PrintSpace>
    </Page>
  </Layout>
</alto>
