<?xml version="1.0" encoding="UTF-8"?>
<alto xmlns:xsi="http://www.w3.org/2001/XMLSchema-instance"
      xmlns="http://www.loc.gov/standards/alto/ns-v4#"
      xsi:schemaLocation="http://www.loc.gov/standards/alto/ns-v4# http://www.loc.gov/standards/alto/v4/alto-4-2.xsd">
  <Description>
    <MeasurementUnit>pixel</MeasurementUnit>
    <sourceImageInformation>
      <fileName>MsParm3173_F13911_0228.jpg</fileName>
      
    </sourceImageInformation>
  </Description>
  
  <Tags>
    <OtherTag ID="BT1" LABEL="Title" DESCRIPTION="block type Title"/><OtherTag ID="BT2" LABEL="Main" DESCRIPTION="block type Main"/><OtherTag ID="BT3" LABEL="Commentary" DESCRIPTION="block type Commentary"/><OtherTag ID="BT4" LABEL="Illustration" DESCRIPTION="block type Illustration"/><OtherTag ID="BT830" LABEL="Margin" DESCRIPTION="block type Margin"/><OtherTag ID="BT831" LABEL="Hole" DESCRIPTION="block type Hole"/><OtherTag ID="BT832" LABEL="Paratext" DESCRIPTION="block type Paratext"/>
    <OtherTag ID="LT2" LABEL="Numbering" DESCRIPTION="line type Numbering"/><OtherTag ID="LT3" LABEL="Correction" DESCRIPTION="line type Correction"/><OtherTag ID="LT501" LABEL="Gloss" DESCRIPTION="line type Gloss"/>
  </Tags>
  
  <Layout>
    <Page WIDTH="3066"
          HEIGHT="4088"
          PHYSICAL_IMG_NR="220"
          ID="eSc_dummypage_">
      <PrintSpace HPOS="0"
                  VPOS="0"
                  WIDTH="3066"
                  HEIGHT="4088">
        
        <TextBlock HPOS="1460.0"
                   VPOS="664.0"
                   WIDTH="1069.0"
                   HEIGHT="2439.0"
                   ID="eSc_textblock_4e32c64a"
                   TAGREFS="BT2">
          <Shape><Polygon POINTS="1460 664 2529 672 2529 3103 1520 3103"/></Shape>
          
          
          <TextLine ID="eSc_line_7c892c15"
                    
                    BASELINE="1512 728 1524 728 2501 715" 
                    HPOS="1505.0"
                    VPOS="664.0"
                    WIDTH="995.0"
                    HEIGHT="109.0">
            <Shape><Polygon POINTS="2050 667 2016 667 1982 667 1952 667 1921 677 1914 677 1890 677 1659 664 1642 664 1607 664 1584 664 1505 681 1509 725 1509 773 2497 756 2500 711 2493 671 2115 674 2108 674 2071 667 2050 667"/></Shape>
	    <String CONTENT="ריפוי נפשות ואין מסתפרין מהן בכל מקום"
                    HPOS="1505.0"
                    VPOS="664.0"
                    WIDTH="995.0"
                    HEIGHT="109.0"></String>
          </TextLine>

          
          
          <TextLine ID="eSc_line_3ee842c8"
                    
                    BASELINE="1481 800 1621 800 1662 793 2241 797 2319 790 2490 790" 
                    HPOS="1475.0"
                    VPOS="759.0"
                    WIDTH="1011.0"
                    HEIGHT="82.0">
            <Shape><Polygon POINTS="1478 797 1475 841 2483 827 2486 786 2483 759 1478 759 1478 797"/></Shape>
	    <String CONTENT="דבר&#39; ר&#39; מאיר וחכמ&#39; אומ&#39; ברשות הרבים מותר"
                    HPOS="1475.0"
                    VPOS="759.0"
                    WIDTH="1011.0"
                    HEIGHT="82.0"></String>
          </TextLine>

          
          
          <TextLine ID="eSc_line_02bb15ff"
                    
                    BASELINE="1468 855 1597 865 2490 858" 
                    HPOS="1461.0"
                    VPOS="814.0"
                    WIDTH="1025.0"
                    HEIGHT="95.0">
            <Shape><Polygon POINTS="1464 851 1464 909 2486 895 2486 855 2483 824 1461 814 1464 851"/></Shape>
	    <String CONTENT="אבל לא בינו לבינו ˙ ¶ ג&#39; אלו דברים"
                    HPOS="1461.0"
                    VPOS="814.0"
                    WIDTH="1025.0"
                    HEIGHT="95.0"></String>
          </TextLine>

          
          
          <TextLine ID="eSc_line_d1d2b046"
                    
                    BASELINE="1498 923 2020 933 2054 926 2490 919" 
                    HPOS="1492.0"
                    VPOS="889.0"
                    WIDTH="994.0"
                    HEIGHT="85.0">
            <Shape><Polygon POINTS="1495 919 1492 974 2483 974 2486 916 2483 892 1495 889 1495 919"/></Shape>
	    <String CONTENT="שלגוים אסורים ואיסורן איסור הנאה"
                    HPOS="1492.0"
                    VPOS="889.0"
                    WIDTH="994.0"
                    HEIGHT="85.0"></String>
          </TextLine>

          
          
          <TextLine ID="eSc_line_5c0c3604"
                    
                    BASELINE="1481 998 1829 1008 2504 1008" 
                    HPOS="1475.0"
                    VPOS="947.0"
                    WIDTH="1028.0"
                    HEIGHT="109.0">
            <Shape><Polygon POINTS="1478 994 1475 1035 2061 1056 2064 1056 2500 1039 2503 1004 2503 974 2405 950 2401 950 2197 970 2193 970 2139 950 2135 950 2132 950 1972 967 1846 947 1843 947 1478 967 1478 994"/></Shape>
	    <String CONTENT="היין והחומץ שלגוים שהיה מתחילתו יין"
                    HPOS="1475.0"
                    VPOS="947.0"
                    WIDTH="1028.0"
                    HEIGHT="109.0"></String>
          </TextLine>

          
          
          <TextLine ID="eSc_line_79890f53"
                    
                    BASELINE="1509 1076 1567 1076 1601 1083 2498 1090" 
                    HPOS="1502.0"
                    VPOS="1022.0"
                    WIDTH="995.0"
                    HEIGHT="98.0">
            <Shape><Polygon POINTS="1505 1073 1502 1120 2490 1120 2497 1086 2493 1045 2108 1045 2105 1042 2064 1025 2061 1025 2057 1025 1730 1039 1696 1039 1689 1039 1621 1022 1618 1022 1614 1022 1505 1035 1505 1073"/></Shape>
	    <String CONTENT="וחרס אדרייני ועורות לבובין רבן שמעון"
                    HPOS="1502.0"
                    VPOS="1022.0"
                    WIDTH="995.0"
                    HEIGHT="98.0"></String>
          </TextLine>

          
          
          <TextLine ID="eSc_line_2993e11c"
                    
                    BASELINE="1495 1151 2020 1158 2057 1168 2091 1161 2498 1168" 
                    HPOS="1488.0"
                    VPOS="1100.0"
                    WIDTH="1009.0"
                    HEIGHT="116.0">
            <Shape><Polygon POINTS="1492 1148 1488 1188 2258 1216 2262 1216 2490 1199 2497 1165 2497 1127 1788 1100 1785 1100 1492 1110 1492 1148"/></Shape>
	    <String CONTENT="בן גמל&#39; או&#39; בזמן שהקרע שלו עגול אסור"
                    HPOS="1488.0"
                    VPOS="1100.0"
                    WIDTH="1009.0"
                    HEIGHT="116.0"></String>
          </TextLine>

          
          
          <TextLine ID="eSc_line_756f78f2"
                    
                    BASELINE="1478 1212 1774 1226 1812 1233 2050 1229 2091 1236 2485 1250 2498 1249" 
                    HPOS="1471.0"
                    VPOS="1178.0"
                    WIDTH="1026.0"
                    HEIGHT="106.0">
            <Shape><Polygon POINTS="1475 1202 1475 1209 1471 1250 2490 1284 2497 1246 2497 1209 1488 1178 1475 1202"/></Shape>
	    <String CONTENT="ומשוך מותר ובשר הנכנס לעבודה זרה"
                    HPOS="1471.0"
                    VPOS="1178.0"
                    WIDTH="1026.0"
                    HEIGHT="106.0"></String>
          </TextLine>

          
          
          <TextLine ID="eSc_line_e0b7f58b"
                    
                    BASELINE="1471 1287 1689 1301 1843 1297 1917 1304 2115 1308 2153 1314 2498 1321" 
                    HPOS="1464.0"
                    VPOS="1253.0"
                    WIDTH="1033.0"
                    HEIGHT="96.0">
            <Shape><Polygon POINTS="1468 1284 1464 1325 2486 1349 2497 1318 2497 1277 1468 1253 1468 1284"/></Shape>
	    <String CONTENT="מותר והיוצא אסור מפני שהוא זבחי מתים"
                    HPOS="1464.0"
                    VPOS="1253.0"
                    WIDTH="1033.0"
                    HEIGHT="96.0"></String>
          </TextLine>

          
          
          <TextLine ID="eSc_line_56c5cd3c"
                    
                    BASELINE="1454 1355 1594 1352 1870 1369 2129 1366 2200 1372 2498 1382" 
                    HPOS="1447.0"
                    VPOS="1314.0"
                    WIDTH="1050.0"
                    HEIGHT="99.0">
            <Shape><Polygon POINTS="1451 1352 1447 1389 2486 1413 2497 1379 2493 1345 2357 1321 1451 1314 1451 1352"/></Shape>
	    <String CONTENT="דב&#39; ר&#39; עקיב&#39; ההלכים בתרפות אסור מלשאת"
                    HPOS="1447.0"
                    VPOS="1314.0"
                    WIDTH="1050.0"
                    HEIGHT="99.0"></String>
          </TextLine>

          
          
          <TextLine ID="eSc_line_d2f2d1e1"
                    
                    BASELINE="1485 1403 1866 1417 1907 1427 1975 1420 2135 1423 2204 1417 2258 1427 2498 1436" 
                    HPOS="1478.0"
                    VPOS="1366.0"
                    WIDTH="1019.0"
                    HEIGHT="112.0">
            <Shape><Polygon POINTS="1481 1400 1478 1441 2486 1478 2497 1434 2497 1406 1481 1366 1481 1400"/></Shape>
	    <String CONTENT="ומלתת עמהן והבאים מותרין ˙ ¶ ד&#39; נודות"
                    HPOS="1478.0"
                    VPOS="1366.0"
                    WIDTH="1019.0"
                    HEIGHT="112.0"></String>
          </TextLine>

          
          
          <TextLine ID="eSc_line_f0a15a9a"
                    
                    BASELINE="1502 1464 1730 1471 1771 1481 1853 1475 2498 1487" 
                    HPOS="1495.0"
                    VPOS="1430.0"
                    WIDTH="1002.0"
                    HEIGHT="89.0">
            <Shape><Polygon POINTS="1498 1461 1495 1509 2486 1519 2497 1485 2493 1451 1498 1430 1498 1461"/></Shape>
	    <String CONTENT="הגוים וקינקיניהם ויין ישרﭏ כנוס בהן [א&#39;]"
                    HPOS="1495.0"
                    VPOS="1430.0"
                    WIDTH="1002.0"
                    HEIGHT="89.0"></String>
          </TextLine>

          
          
          <TextLine ID="eSc_line_38c94178"
                    
                    BASELINE="1512 1526 1689 1539 1948 1539 1982 1546 2498 1547" 
                    HPOS="1505.0"
                    VPOS="1495.0"
                    WIDTH="992.0"
                    HEIGHT="82.0">
            <Shape><Polygon POINTS="1509 1522 1505 1567 2486 1577 2497 1546 2493 1505 1509 1495 1509 1522"/></Shape>
	    <String CONTENT="אסורים ואסורן איסור הנאה דב&#39; ר&#39; מאיר"
                    HPOS="1505.0"
                    VPOS="1495.0"
                    WIDTH="992.0"
                    HEIGHT="82.0"></String>
          </TextLine>

          
          
          <TextLine ID="eSc_line_514e34dc"
                    
                    BASELINE="1498 1590 2231 1614 2498 1616" 
                    HPOS="1492.0"
                    VPOS="1556.0"
                    WIDTH="1005.0"
                    HEIGHT="106.0">
            <Shape><Polygon POINTS="1495 1587 1492 1624 2153 1662 2156 1662 2490 1652 2497 1614 2493 1584 1495 1556 1495 1587"/></Shape>
	    <String CONTENT="וחכמ&#39; אומ&#39; אין איסורן איסור הנאה ˙ ה&#39;"
                    HPOS="1492.0"
                    VPOS="1556.0"
                    WIDTH="1005.0"
                    HEIGHT="106.0"></String>
          </TextLine>

          
          
          <TextLine ID="eSc_line_aef296fe"
                    
                    BASELINE="1502 1669 1740 1665 1774 1672 2101 1676 2139 1682 2508 1678" 
                    HPOS="1495.0"
                    VPOS="1621.0"
                    WIDTH="1012.0"
                    HEIGHT="99.0">
            <Shape><Polygon POINTS="1498 1665 1498 1710 2500 1720 2507 1676 2503 1645 1560 1621 1556 1621 1553 1621 1495 1642 1498 1665"/></Shape>
	    <String CONTENT="המורייס והגבינה ותרייקי שלגוים [א&#39;]"
                    HPOS="1495.0"
                    VPOS="1621.0"
                    WIDTH="1012.0"
                    HEIGHT="99.0"></String>
          </TextLine>

          
          
          <TextLine ID="eSc_line_54abf66b"
                    
                    BASELINE="1495 1727 1587 1740 2508 1743" 
                    HPOS="1488.0"
                    VPOS="1693.0"
                    WIDTH="1019.0"
                    HEIGHT="88.0">
            <Shape><Polygon POINTS="1492 1723 1488 1771 2497 1781 2507 1740 2503 1706 1492 1693 1492 1723"/></Shape>
	    <String CONTENT="אסורים ואיסורן איסור הנאה דב&#39; ר&#39; מאיר"
                    HPOS="1488.0"
                    VPOS="1693.0"
                    WIDTH="1019.0"
                    HEIGHT="88.0"></String>
          </TextLine>

          
          
          <TextLine ID="eSc_line_5d14bde1"
                    
                    BASELINE="1536 1795 1723 1795 1785 1802 2047 1798 2166 1805 2508 1805" 
                    HPOS="1529.0"
                    VPOS="1764.0"
                    WIDTH="978.0"
                    HEIGHT="75.0">
            <Shape><Polygon POINTS="1533 1791 1529 1829 1723 1829 1733 1822 1768 1822 1802 1822 1836 1822 1846 1829 2500 1839 2507 1802 2503 1764 1533 1764 1533 1791"/></Shape>
	    <String CONTENT="וחכמ&#39; אומ&#39; אין איסורן איסור הנאה ˙ ו&#39;"
                    HPOS="1529.0"
                    VPOS="1764.0"
                    WIDTH="978.0"
                    HEIGHT="75.0"></String>
          </TextLine>

          
          
          <TextLine ID="eSc_line_72a69916"
                    TAGREFS="LT3"
                    BASELINE="1709 1827 1846 1830" 
                    HPOS="1708.0"
                    VPOS="1812.0"
                    WIDTH="138.0"
                    HEIGHT="37.0">
            <Shape><Polygon POINTS="1709 1812 1846 1815 1845 1849 1708 1846"/></Shape>
	    <String CONTENT="אסורין"
                    HPOS="1708.0"
                    VPOS="1812.0"
                    WIDTH="138.0"
                    HEIGHT="37.0"></String>
          </TextLine>

          
          
          <TextLine ID="eSc_line_e06e7853"
                    
                    BASELINE="1522 1853 1676 1853 1716 1863 1969 1856 2508 1859" 
                    HPOS="1515.0"
                    VPOS="1822.0"
                    WIDTH="992.0"
                    HEIGHT="68.0">
            <Shape><Polygon POINTS="1822 1829 1788 1829 1754 1829 1720 1829 1713 1822 1519 1822 1519 1849 1515 1890 2500 1890 2507 1856 2503 1822 1829 1822 1822 1829"/></Shape>
	    <String CONTENT="החרצנים והזוגים שלגוים ↑ ואיסורן [א&#39;]"
                    HPOS="1515.0"
                    VPOS="1822.0"
                    WIDTH="992.0"
                    HEIGHT="68.0"></String>
          </TextLine>

          
          
          <TextLine ID="eSc_line_87c1c8fc"
                    
                    BASELINE="1526 1914 1972 1928 2050 1917 2176 1921 2224 1928 2508 1928" 
                    HPOS="1519.0"
                    VPOS="1877.0"
                    WIDTH="988.0"
                    HEIGHT="88.0">
            <Shape><Polygon POINTS="1522 1911 1519 1945 2500 1965 2507 1924 2503 1894 1522 1877 1522 1911"/></Shape>
	    <String CONTENT="איסור הנאה דב&#39; ר&#39; מאיר וחכמ&#39; אומ&#39; [אין [א&#39;]"
                    HPOS="1519.0"
                    VPOS="1877.0"
                    WIDTH="988.0"
                    HEIGHT="88.0"></String>
          </TextLine>

          
          
          <TextLine ID="eSc_line_d51170a9"
                    
                    BASELINE="1495 1972 1584 1982 1856 1979 2132 1989 2508 1989" 
                    HPOS="1488.0"
                    VPOS="1945.0"
                    WIDTH="1019.0"
                    HEIGHT="75.0">
            <Shape><Polygon POINTS="1492 1969 1488 2013 2500 2020 2507 1986 2503 1952 1492 1945 1492 1969"/></Shape>
	    <String CONTENT="[איסורן איסור הנאה] לחים אסורין יבישים"
                    HPOS="1488.0"
                    VPOS="1945.0"
                    WIDTH="1019.0"
                    HEIGHT="75.0"></String>
          </TextLine>

          
          
          <TextLine ID="eSc_line_9fbd0e4e"
                    
                    BASELINE="1512 2040 1567 2050 2200 2047 2234 2054 2508 2055" 
                    HPOS="1505.0"
                    VPOS="1996.0"
                    WIDTH="1002.0"
                    HEIGHT="95.0">
            <Shape><Polygon POINTS="1509 2037 1509 2088 2497 2091 2507 2054 2503 2016 2415 1996 2411 1996 2061 2013 1710 1996 1706 1996 1703 1996 1699 1996 1676 2013 1553 1996 1550 1996 1546 1996 1505 2009 1509 2037"/></Shape>
	    <String CONTENT="מותרים ˙ ¶ ז&#39; אמ&#39; ר&#39; יהוד&#39; שאל ר&#39; ישמע&#39;"
                    HPOS="1505.0"
                    VPOS="1996.0"
                    WIDTH="1002.0"
                    HEIGHT="95.0"></String>
          </TextLine>

          
          
          <TextLine ID="eSc_line_dbce48d2"
                    
                    BASELINE="1522 2105 1611 2118 1655 2115 1744 2122 1829 2122 1911 2115 2508 2115" 
                    HPOS="1515.0"
                    VPOS="2074.0"
                    WIDTH="992.0"
                    HEIGHT="79.0">
            <Shape><Polygon POINTS="1519 2101 1515 2146 1744 2146 1754 2139 1788 2139 1822 2139 1856 2139 1866 2146 2500 2153 2507 2112 2503 2074 1519 2074 1519 2101"/></Shape>
	    <String CONTENT="את ר&#39; יהושע כשהיו מהלכין בדרך מפני"
                    HPOS="1515.0"
                    VPOS="2074.0"
                    WIDTH="992.0"
                    HEIGHT="79.0"></String>
          </TextLine>

          
          
          <TextLine ID="eSc_line_01358fd6"
                    TAGREFS="LT3"
                    BASELINE="1755 2146 1877 2146" 
                    HPOS="1755.0"
                    VPOS="2131.0"
                    WIDTH="122.0"
                    HEIGHT="35.0">
            <Shape><Polygon POINTS="1755 2131 1877 2131 1877 2166 1755 2166"/></Shape>
	    <String CONTENT="מפני"
                    HPOS="1755.0"
                    VPOS="2131.0"
                    WIDTH="122.0"
                    HEIGHT="35.0"></String>
          </TextLine>

          
          
          <TextLine ID="eSc_line_da0a38fb"
                    
                    BASELINE="1522 2176 1853 2176 2016 2180 2057 2187 2508 2187" 
                    HPOS="1515.0"
                    VPOS="2146.0"
                    WIDTH="992.0"
                    HEIGHT="78.0">
            <Shape><Polygon POINTS="1825 2146 1791 2146 1757 2146 1519 2146 1519 2173 1515 2214 2500 2224 2507 2183 2503 2146 1860 2146 1825 2146"/></Shape>
	    <String CONTENT="מה אסרו גבינת הגוים אמ&#39; לו ↑ שמעמידים"
                    HPOS="1515.0"
                    VPOS="2146.0"
                    WIDTH="992.0"
                    HEIGHT="78.0"></String>
          </TextLine>

          
          
          <TextLine ID="eSc_line_fddfbd6c"
                    
                    BASELINE="1509 2244 1597 2255 2508 2249" 
                    HPOS="1502.0"
                    VPOS="2197.0"
                    WIDTH="1005.0"
                    HEIGHT="95.0">
            <Shape><Polygon POINTS="1505 2241 1505 2282 2503 2292 2507 2248 2503 2217 1570 2197 1567 2197 1563 2197 1502 2214 1505 2241"/></Shape>
	    <String CONTENT="אותה בקיבת נבילה אמ&#39; לו והלא קיבת [הע&#39;]"
                    HPOS="1502.0"
                    VPOS="2197.0"
                    WIDTH="1005.0"
                    HEIGHT="95.0"></String>
          </TextLine>

          
          
          <TextLine ID="eSc_line_8d70cf3f"
                    
                    BASELINE="1522 2299 1580 2309 2508 2309" 
                    HPOS="1515.0"
                    VPOS="2272.0"
                    WIDTH="992.0"
                    HEIGHT="71.0">
            <Shape><Polygon POINTS="1519 2296 1515 2343 2503 2343 2507 2306 2503 2272 1519 2272 1519 2296"/></Shape>
	    <String CONTENT="העולה חמורה מקיבת הנבילה ואמרו כהן"
                    HPOS="1515.0"
                    VPOS="2272.0"
                    WIDTH="992.0"
                    HEIGHT="71.0"></String>
          </TextLine>

          
          
          <TextLine ID="eSc_line_f2aebf39"
                    
                    BASELINE="1553 2367 2214 2377 2251 2371 2508 2371" 
                    HPOS="1546.0"
                    VPOS="2326.0"
                    WIDTH="961.0"
                    HEIGHT="79.0">
            <Shape><Polygon POINTS="1550 2364 1546 2405 2503 2405 2507 2367 2503 2336 1550 2326 1550 2364"/></Shape>
	    <String CONTENT="שדעתו יפה שורפה חייה ולא הודו לו [ אמ&#39; ]"
                    HPOS="1546.0"
                    VPOS="2326.0"
                    WIDTH="961.0"
                    HEIGHT="79.0"></String>
          </TextLine>

          
          
          <TextLine ID="eSc_line_640e1a0c"
                    
                    BASELINE="1590 2425 2508 2431" 
                    HPOS="1584.0"
                    VPOS="2388.0"
                    WIDTH="923.0"
                    HEIGHT="85.0">
            <Shape><Polygon POINTS="1587 2422 1584 2459 2497 2473 2507 2428 2503 2394 1587 2388 1587 2422"/></Shape>
	    <String CONTENT="אלא אמרו לא נהנים ולא מועלים ˙ ח&#39;"
                    HPOS="1584.0"
                    VPOS="2388.0"
                    WIDTH="923.0"
                    HEIGHT="85.0"></String>
          </TextLine>

          
          
          <TextLine ID="eSc_line_80c7a4bc"
                    
                    BASELINE="1522 2493 2508 2493" 
                    HPOS="1519.0"
                    VPOS="2456.0"
                    WIDTH="988.0"
                    HEIGHT="81.0">
            <Shape><Polygon POINTS="1519 2490 1519 2537 2507 2527 2507 2490 2507 2456 1519 2456 1519 2490"/></Shape>
	    <String CONTENT="חזר ואמ&#39; לו מפני שמעמידין אותה בקיבת"
                    HPOS="1519.0"
                    VPOS="2456.0"
                    WIDTH="988.0"
                    HEIGHT="81.0"></String>
          </TextLine>

          
          
          <TextLine ID="eSc_line_0ae53d7a"
                    
                    BASELINE="1536 2544 1703 2555 2067 2555 2183 2548 2508 2545" 
                    HPOS="1529.0"
                    VPOS="2514.0"
                    WIDTH="978.0"
                    HEIGHT="85.0">
            <Shape><Polygon POINTS="1533 2541 1529 2575 1628 2599 1631 2599 2503 2578 2507 2544 2503 2514 1533 2514 1533 2541"/></Shape>
	    <String CONTENT="עגלי עבודה זרה אמ&#39; לו אם כן למה ˙˙ לא"
                    HPOS="1529.0"
                    VPOS="2514.0"
                    WIDTH="978.0"
                    HEIGHT="85.0"></String>
          </TextLine>

          
          
          <TextLine ID="eSc_line_70b63108"
                    
                    BASELINE="1543 2623 2238 2612 2494 2606 2508 2606" 
                    HPOS="1536.0"
                    VPOS="2568.0"
                    WIDTH="971.0"
                    HEIGHT="85.0">
            <Shape><Polygon POINTS="1539 2619 1539 2653 2503 2643 2507 2602 2500 2568 1536 2582 1539 2619"/></Shape>
	    <String CONTENT="אסרוה בהנאה והישיאו לדבר אחר אמ&#39; לו"
                    HPOS="1536.0"
                    VPOS="2568.0"
                    WIDTH="971.0"
                    HEIGHT="85.0"></String>
          </TextLine>

          
          
          <TextLine ID="eSc_line_b785c566"
                    
                    BASELINE="1526 2667 1648 2677 2074 2674 2108 2681 2142 2670 2508 2665" 
                    HPOS="1519.0"
                    VPOS="2633.0"
                    WIDTH="988.0"
                    HEIGHT="75.0">
            <Shape><Polygon POINTS="1522 2664 1522 2708 2503 2704 2507 2664 2500 2633 1519 2633 1522 2664"/></Shape>
	    <String CONTENT="ישמעﭏ אחי היאך אתה קורא כי טובים [ד&#39;]"
                    HPOS="1519.0"
                    VPOS="2633.0"
                    WIDTH="988.0"
                    HEIGHT="75.0"></String>
          </TextLine>

          
          
          <TextLine ID="eSc_line_c0de8d3a"
                    
                    BASELINE="1536 2732 2508 2726" 
                    HPOS="1529.0"
                    VPOS="2691.0"
                    WIDTH="978.0"
                    HEIGHT="88.0">
            <Shape><Polygon POINTS="1533 2728 1533 2769 2500 2779 2507 2725 2500 2691 1529 2691 1533 2728"/></Shape>
	    <String CONTENT="דודיך מיין או כי טובים דודייך מיין אמ&#39; לו"
                    HPOS="1529.0"
                    VPOS="2691.0"
                    WIDTH="978.0"
                    HEIGHT="88.0"></String>
          </TextLine>

          
          
          <TextLine ID="eSc_line_16800aa7"
                    
                    BASELINE="1522 2793 2469 2800 2517 2790" 
                    HPOS="1515.0"
                    VPOS="2759.0"
                    WIDTH="999.0"
                    HEIGHT="78.0">
            <Shape><Polygon POINTS="1519 2790 1515 2830 2510 2837 2514 2786 2510 2759 1519 2759 1519 2790"/></Shape>
	    <String CONTENT="אין הדבר כן שהרי חבירו מלמד עליו לריח"
                    HPOS="1515.0"
                    VPOS="2759.0"
                    WIDTH="999.0"
                    HEIGHT="78.0"></String>
          </TextLine>

          
          
          <TextLine ID="eSc_line_7c4dae5d"
                    
                    BASELINE="1536 2854 1849 2861 2146 2851 2527 2860" 
                    HPOS="1529.0"
                    VPOS="2803.0"
                    WIDTH="995.0"
                    HEIGHT="85.0">
            <Shape><Polygon POINTS="1533 2851 1529 2885 2514 2888 2524 2858 2520 2827 2057 2807 2054 2807 1798 2820 1778 2820 1768 2820 1665 2803 1662 2803 1533 2817 1533 2851"/></Shape>
	    <String CONTENT="שמניך טובים ˙ ¶ ט&#39; אלו דברים שלגוים"
                    HPOS="1529.0"
                    VPOS="2803.0"
                    WIDTH="995.0"
                    HEIGHT="85.0"></String>
          </TextLine>

          
          
          <TextLine ID="eSc_line_7067e26d"
                    
                    BASELINE="1550 2926 1614 2919 1890 2922 1965 2916 2527 2922" 
                    HPOS="1543.0"
                    VPOS="2861.0"
                    WIDTH="981.0"
                    HEIGHT="95.0">
            <Shape><Polygon POINTS="1546 2922 1543 2956 2517 2956 2524 2919 2507 2882 2163 2861 2159 2861 1546 2875 1546 2922"/></Shape>
	    <String CONTENT="אסורים ואין איסורן איסור הנאה ˙˙ חלב"
                    HPOS="1543.0"
                    VPOS="2861.0"
                    WIDTH="981.0"
                    HEIGHT="95.0"></String>
          </TextLine>

          
          
          <TextLine ID="eSc_line_0fd08d8c"
                    
                    BASELINE="1515 2984 1914 2984 2064 2980 2098 2974 2527 2980" 
                    HPOS="1509.0"
                    VPOS="2929.0"
                    WIDTH="1015.0"
                    HEIGHT="92.0">
            <Shape><Polygon POINTS="1512 2967 1512 2980 1509 3021 2377 3021 2394 3004 2428 3004 2442 3021 2517 3021 2524 2977 2507 2946 2418 2929 2415 2929 1526 2943 1512 2967"/></Shape>
	    <String CONTENT="שחלבו גוי ואין ישרﭏ רואהו הפת והשמן"
                    HPOS="1509.0"
                    VPOS="2929.0"
                    WIDTH="1015.0"
                    HEIGHT="92.0"></String>
          </TextLine>

          
          
          <TextLine ID="eSc_line_d37875fa"
                    TAGREFS="LT3"
                    BASELINE="2377 3010 2458 3010" 
                    HPOS="2374.0"
                    VPOS="2991.0"
                    WIDTH="82.0"
                    HEIGHT="54.0">
            <Shape><Polygon POINTS="2374 3008 2374 3045 2408 3045 2442 3045 2456 3045 2456 3008 2456 2991 2374 2991 2374 3008"/></Shape>
	    <String CONTENT="-הן"
                    HPOS="2374.0"
                    VPOS="2991.0"
                    WIDTH="82.0"
                    HEIGHT="54.0"></String>
          </TextLine>

          
          
          <TextLine ID="eSc_line_503a7ca9"
                    
                    BASELINE="1512 3052 2057 3052 2527 3049" 
                    HPOS="1509.0"
                    VPOS="3008.0"
                    WIDTH="1015.0"
                    HEIGHT="98.0">
            <Shape><Polygon POINTS="2428 3011 2394 3011 2391 3008 1509 3008 1509 3048 1509 3089 2520 3106 2524 3048 2507 3008 2428 3008 2428 3011"/></Shape>
	    <String CONTENT="של[גוים]↑ ושלקות רבי ובית דינו התירו בשמן"
                    HPOS="1509.0"
                    VPOS="3008.0"
                    WIDTH="1015.0"
                    HEIGHT="98.0"></String>
          </TextLine>

          
        </TextBlock>
        
        <TextBlock HPOS="357.0"
                   VPOS="673.0"
                   WIDTH="1091.0"
                   HEIGHT="2437.0"
                   ID="eSc_textblock_34c0a352"
                   TAGREFS="BT2">
          <Shape><Polygon POINTS="357 685 1420 673 1448 3098 513 3110"/></Shape>
          
          
          <TextLine ID="eSc_line_f83f6446"
                    
                    BASELINE="410 736 416 736 1421 726" 
                    HPOS="405.0"
                    VPOS="681.0"
                    WIDTH="1015.0"
                    HEIGHT="95.0">
            <Shape><Polygon POINTS="408 735 408 776 1417 769 1420 725 1413 681 405 688 408 735"/></Shape>
	    <String CONTENT="וכבשים שדרכן לתת בהן יין וחומץ וטרית"
                    HPOS="405.0"
                    VPOS="681.0"
                    WIDTH="1015.0"
                    HEIGHT="95.0"></String>
          </TextLine>

          
          
          <TextLine ID="eSc_line_decbcf64"
                    
                    BASELINE="384 797 909 803 1073 800 1107 793 1421 799" 
                    HPOS="378.0"
                    VPOS="756.0"
                    WIDTH="1042.0"
                    HEIGHT="99.0">
            <Shape><Polygon POINTS="381 793 378 827 923 851 926 851 1093 834 1100 834 1144 855 1148 855 1151 855 1413 834 1420 797 1417 769 381 756 381 793"/></Shape>
	    <String CONTENT="טרופה וצֵיר שאין בה דגה והחִילֵּק וקורט [ש&#39;]"
                    HPOS="378.0"
                    VPOS="756.0"
                    WIDTH="1042.0"
                    HEIGHT="99.0"></String>
          </TextLine>

          
          
          <TextLine ID="eSc_line_98a13d29"
                    
                    BASELINE="364 872 759 872 926 868 967 861 1421 867" 
                    HPOS="357.0"
                    VPOS="814.0"
                    WIDTH="1063.0"
                    HEIGHT="98.0">
            <Shape><Polygon POINTS="361 841 361 868 357 902 1410 912 1420 865 1413 814 1144 834 1086 817 1069 814 1066 814 1062 814 1059 814 1045 821 1018 834 364 834 361 841"/></Shape>
	    <String CONTENT="שלחלתית ומלח סלקונטית הרי אלו אסורים"
                    HPOS="357.0"
                    VPOS="814.0"
                    WIDTH="1063.0"
                    HEIGHT="98.0"></String>
          </TextLine>

          
          
          <TextLine ID="eSc_line_af192d6f"
                    
                    BASELINE="408 933 1192 933 1421 932" 
                    HPOS="405.0"
                    VPOS="899.0"
                    WIDTH="1015.0"
                    HEIGHT="71.0">
            <Shape><Polygon POINTS="405 930 405 970 1420 967 1420 930 1420 899 405 899 405 930"/></Shape>
	    <String CONTENT="ואין איסורן איסור הנאה ˙ ¶ י&#39; אלו [מ&#39;]"
                    HPOS="405.0"
                    VPOS="899.0"
                    WIDTH="1015.0"
                    HEIGHT="71.0"></String>
          </TextLine>

          
          
          <TextLine ID="eSc_line_01fb4d09"
                    
                    BASELINE="398 987 613 1001 1421 1007" 
                    HPOS="391.0"
                    VPOS="936.0"
                    WIDTH="1029.0"
                    HEIGHT="99.0">
            <Shape><Polygon POINTS="395 984 391 1025 1410 1035 1420 1004 1420 967 1134 943 1131 943 882 960 865 960 831 940 827 940 824 940 821 940 817 940 814 940 783 957 483 957 466 940 466 936 463 936 459 936 456 936 453 936 395 953 395 984"/></Shape>
	    <String CONTENT="מותרין באכילה חלב שחלבו גוי וישראל"
                    HPOS="391.0"
                    VPOS="936.0"
                    WIDTH="1029.0"
                    HEIGHT="99.0"></String>
          </TextLine>

          
          
          <TextLine ID="eSc_line_64b23ef4"
                    
                    BASELINE="378 1062 899 1059 1066 1062 1148 1069 1421 1075" 
                    HPOS="371.0"
                    VPOS="1025.0"
                    WIDTH="1049.0"
                    HEIGHT="92.0">
            <Shape><Polygon POINTS="374 1049 374 1059 371 1113 548 1100 589 1117 592 1117 596 1117 677 1100 711 1117 715 1117 718 1117 851 1100 1410 1117 1420 1073 1417 1025 388 1025 374 1049"/></Shape>
	    <String CONTENT="רואהו הדבש והדמדמניות אף על פי מנטפות"
                    HPOS="371.0"
                    VPOS="1025.0"
                    WIDTH="1049.0"
                    HEIGHT="92.0"></String>
          </TextLine>

          
          
          <TextLine ID="eSc_line_631e39e8"
                    
                    BASELINE="405 1124 674 1131 708 1141 797 1134 1408 1140 1421 1142" 
                    HPOS="398.0"
                    VPOS="1093.0"
                    WIDTH="1022.0"
                    HEIGHT="78.0">
            <Shape><Polygon POINTS="401 1120 398 1171 1410 1171 1420 1141 1420 1103 401 1093 401 1120"/></Shape>
	    <String CONTENT="אין בהן משם הכשר משקה וכבשים שאין"
                    HPOS="398.0"
                    VPOS="1093.0"
                    WIDTH="1022.0"
                    HEIGHT="78.0"></String>
          </TextLine>

          
          
          <TextLine ID="eSc_line_a0a83daa"
                    
                    BASELINE="446 1199 858 1199 933 1205 1421 1208" 
                    HPOS="439.0"
                    VPOS="1161.0"
                    WIDTH="981.0"
                    HEIGHT="85.0">
            <Shape><Polygon POINTS="442 1195 439 1233 1410 1246 1420 1205 1420 1165 442 1161 442 1195"/></Shape>
	    <String CONTENT="דרכם לתת בהם יין וחומץ וטרית שאינה"
                    HPOS="439.0"
                    VPOS="1161.0"
                    WIDTH="981.0"
                    HEIGHT="85.0"></String>
          </TextLine>

          
          
          <TextLine ID="eSc_line_69d01584"
                    
                    BASELINE="432 1267 548 1267 626 1274 1004 1274 1073 1267 1113 1277 1421 1285" 
                    HPOS="425.0"
                    VPOS="1229.0"
                    WIDTH="995.0"
                    HEIGHT="96.0">
            <Shape><Polygon POINTS="1417 1240 429 1229 429 1263 425 1301 1410 1325 1420 1284 1420 1246 1417 1240"/></Shape>
	    <String CONTENT="טרופה וצֵיר שיש בו דגה וְעַלֵה שלחלתית"
                    HPOS="425.0"
                    VPOS="1229.0"
                    WIDTH="995.0"
                    HEIGHT="96.0"></String>
          </TextLine>

          
          
          <TextLine ID="eSc_line_82dffc39"
                    
                    BASELINE="405 1332 497 1342 1165 1338 1202 1345 1421 1353" 
                    HPOS="398.0"
                    VPOS="1308.0"
                    WIDTH="1022.0"
                    HEIGHT="75.0">
            <Shape><Polygon POINTS="401 1328 398 1369 1410 1383 1420 1352 1417 1308 401 1308 401 1328"/></Shape>
	    <String CONTENT="וזיתי קלוסטא המגו(ל)גלים ר&#39; יוסה או&#39; השלוחין"
                    HPOS="398.0"
                    VPOS="1308.0"
                    WIDTH="1022.0"
                    HEIGHT="75.0"></String>
          </TextLine>

          
          
          <TextLine ID="eSc_line_d4a3bf3b"
                    
                    BASELINE="419 1383 476 1400 517 1393 875 1393 909 1400 1421 1415" 
                    HPOS="412.0"
                    VPOS="1355.0"
                    WIDTH="1008.0"
                    HEIGHT="89.0">
            <Shape><Polygon POINTS="415 1379 412 1420 1410 1444 1420 1413 1417 1379 1134 1355 415 1355 415 1379"/></Shape>
	    <String CONTENT="אסורין והחגבים מן הסלילה אסורים [ו&#39;]"
                    HPOS="412.0"
                    VPOS="1355.0"
                    WIDTH="1008.0"
                    HEIGHT="89.0"></String>
          </TextLine>

          
          
          <TextLine ID="eSc_line_7240b206"
                    
                    BASELINE="405 1447 708 1447 783 1454 1124 1458 1161 1464 1421 1470" 
                    HPOS="398.0"
                    VPOS="1403.0"
                    WIDTH="1022.0"
                    HEIGHT="109.0">
            <Shape><Polygon POINTS="401 1444 398 1498 630 1485 654 1492 671 1492 705 1495 739 1495 756 1495 807 1488 824 1502 841 1502 861 1502 1073 1492 1096 1509 1100 1509 1103 1509 1103 1509 1113 1512 1413 1512 1420 1468 1417 1430 855 1406 851 1406 667 1420 664 1420 620 1403 616 1403 613 1403 401 1417 401 1444"/></Shape>
	    <String CONTENT="ומן ההפתק מותרין וכן בתרומה :"
                    HPOS="398.0"
                    VPOS="1403.0"
                    WIDTH="1022.0"
                    HEIGHT="109.0"></String>
          </TextLine>

          
          
          <TextLine ID="eSc_line_8406a6d9"
                    
                    BASELINE="613 1498 1011 1519 1086 1515 1120 1522" 
                    HPOS="602.0"
                    VPOS="1458.0"
                    WIDTH="515.0"
                    HEIGHT="109.0">
            <Shape><Polygon POINTS="609 1495 602 1539 960 1543 964 1550 981 1563 981 1567 984 1567 987 1567 991 1567 1062 1553 1083 1536 1110 1536 1117 1519 1117 1481 1049 1461 1045 1461 1042 1461 1039 1461 974 1478 950 1485 916 1478 882 1468 878 1468 875 1468 872 1468 855 1475 841 1481 834 1475 821 1461 821 1458 817 1458 814 1458 810 1458 609 1464 609 1495"/></Shape>
	    <String CONTENT="הל&#39; י&#39; ¶ פרק ג&#39;"
                    HPOS="602.0"
                    VPOS="1458.0"
                    WIDTH="515.0"
                    HEIGHT="109.0"></String>
          </TextLine>

          
          
          <TextLine ID="eSc_line_f815d5cd"
                    TAGREFS="LT501"
                    BASELINE="1062 1540 1190 1543" 
                    HPOS="1059.0"
                    VPOS="1519.0"
                    WIDTH="129.0"
                    HEIGHT="58.0">
            <Shape><Polygon POINTS="1127 1522 1124 1519 1059 1522 1059 1539 1059 1577 1093 1577 1127 1577 1161 1577 1188 1577 1188 1539 1185 1522 1161 1522"/></Shape>
	    <String CONTENT="ע&#39;כ&#39;ומ&#39;"
                    HPOS="1059.0"
                    VPOS="1519.0"
                    WIDTH="129.0"
                    HEIGHT="58.0"></String>
          </TextLine>

          
          
          <TextLine ID="eSc_line_56b65126"
                    
                    BASELINE="408 1580 1421 1586" 
                    HPOS="401.0"
                    VPOS="1526.0"
                    WIDTH="1019.0"
                    HEIGHT="105.0">
            <Shape><Polygon POINTS="1393 1529 1359 1529 1325 1529 1304 1526 1216 1526 1188 1539 1154 1543 1120 1543 1086 1543 1069 1529 405 1536 405 1577 401 1631 1413 1631 1420 1584 1413 1526 1393 1526 1393 1529"/></Shape>
	    <String CONTENT="¶ כל הצלמים ↑ אסורין מפני שהן נעבדים פעם"
                    HPOS="401.0"
                    VPOS="1526.0"
                    WIDTH="1019.0"
                    HEIGHT="105.0"></String>
          </TextLine>

          
          
          <TextLine ID="eSc_line_563718b9"
                    
                    BASELINE="449 1662 1421 1668" 
                    HPOS="442.0"
                    VPOS="1618.0"
                    WIDTH="978.0"
                    HEIGHT="81.0">
            <Shape><Polygon POINTS="446 1659 442 1693 1410 1699 1420 1665 1417 1624 446 1618 446 1659"/></Shape>
	    <String CONTENT="אחת בשנה דב&#39; ר&#39; מאיר וחכמ&#39; אומ&#39; אין [א&#39;]"
                    HPOS="442.0"
                    VPOS="1618.0"
                    WIDTH="978.0"
                    HEIGHT="81.0"></String>
          </TextLine>

          
          
          <TextLine ID="eSc_line_9ca9f6bf"
                    
                    BASELINE="453 1720 786 1720 868 1727 1052 1730 1421 1736" 
                    HPOS="446.0"
                    VPOS="1672.0"
                    WIDTH="974.0"
                    HEIGHT="102.0">
            <Shape><Polygon POINTS="449 1716 446 1757 1410 1774 1420 1733 1417 1696 449 1672 449 1716"/></Shape>
	    <String CONTENT="אסור אלא כל שיש בידו מקל או ציפור"
                    HPOS="446.0"
                    VPOS="1672.0"
                    WIDTH="974.0"
                    HEIGHT="102.0"></String>
          </TextLine>

          
          
          <TextLine ID="eSc_line_9d90702f"
                    
                    BASELINE="419 1785 1103 1785 1144 1791 1421 1797" 
                    HPOS="412.0"
                    VPOS="1740.0"
                    WIDTH="1008.0"
                    HEIGHT="85.0">
            <Shape><Polygon POINTS="415 1781 412 1815 446 1819 446 1819 1410 1825 1420 1795 1417 1751 415 1740 415 1781"/></Shape>
	    <String CONTENT="או כַּדּוּר רבן שמע&#39; בן גמלי&#39; או&#39; כל שיש [ב&#39;]"
                    HPOS="412.0"
                    VPOS="1740.0"
                    WIDTH="1008.0"
                    HEIGHT="85.0"></String>
          </TextLine>

          
          
          <TextLine ID="eSc_line_7be86698"
                    
                    BASELINE="419 1822 511 1836 834 1839 875 1846 1421 1847" 
                    HPOS="412.0"
                    VPOS="1795.0"
                    WIDTH="1008.0"
                    HEIGHT="85.0">
            <Shape><Polygon POINTS="415 1819 412 1866 1410 1880 1420 1846 1417 1815 415 1795 415 1819"/></Shape>
	    <String CONTENT="בידו כל דבר ˙ ¶ ב&#39; המוצא שברי צלמים"
                    HPOS="412.0"
                    VPOS="1795.0"
                    WIDTH="1008.0"
                    HEIGHT="85.0"></String>
          </TextLine>

          
          
          <TextLine ID="eSc_line_84e69eb3"
                    
                    BASELINE="436 1897 851 1907 1421 1913" 
                    HPOS="429.0"
                    VPOS="1863.0"
                    WIDTH="991.0"
                    HEIGHT="78.0">
            <Shape><Polygon POINTS="432 1894 429 1938 1410 1941 1420 1911 1417 1877 432 1863 432 1894"/></Shape>
	    <String CONTENT="הרי אלו מותרין מצא תבנית יד או תבנית"
                    HPOS="429.0"
                    VPOS="1863.0"
                    WIDTH="991.0"
                    HEIGHT="78.0"></String>
          </TextLine>

          
          
          <TextLine ID="eSc_line_b564a76e"
                    
                    BASELINE="422 1969 558 1965 630 1972 885 1975 1421 1977" 
                    HPOS="415.0"
                    VPOS="1931.0"
                    WIDTH="1005.0"
                    HEIGHT="78.0">
            <Shape><Polygon POINTS="419 1965 415 2009 1413 2009 1420 1975 1417 1938 419 1931 419 1965"/></Shape>
	    <String CONTENT="רגל [הרי אלו] הרי אלו אסורין מפני שכיוצא"
                    HPOS="415.0"
                    VPOS="1931.0"
                    WIDTH="1005.0"
                    HEIGHT="78.0"></String>
          </TextLine>

          
          
          <TextLine ID="eSc_line_12265bfc"
                    
                    BASELINE="449 2037 1100 2033 1134 2040 1449 2048" 
                    HPOS="442.0"
                    VPOS="1982.0"
                    WIDTH="1005.0"
                    HEIGHT="96.0">
            <Shape><Polygon POINTS="446 2033 442 2074 476 2078 507 2078 1441 2078 1447 2047 1444 2003 1328 1982 1325 1982 1321 1982 1318 1982 1291 1999 1171 1982 1168 1982 1165 1982 1103 1999 1056 1982 1052 1982 1049 1982 1045 1982 991 1999 987 1999 981 1999 838 1982 834 1982 446 1996 446 2033"/></Shape>
	    <String CONTENT="בהן נעבד ˙ ¶ ג&#39; המוצא כילים ועליהן"
                    HPOS="442.0"
                    VPOS="1982.0"
                    WIDTH="1005.0"
                    HEIGHT="96.0"></String>
          </TextLine>

          
          
          <TextLine ID="eSc_line_b15560c1"
                    
                    BASELINE="449 2081 504 2091 660 2088 694 2095 994 2098 1039 2105 1449 2106" 
                    HPOS="442.0"
                    VPOS="2054.0"
                    WIDTH="1005.0"
                    HEIGHT="78.0">
            <Shape><Polygon POINTS="446 2078 442 2122 1437 2132 1447 2105 1447 2067 446 2054 446 2078"/></Shape>
	    <String CONTENT="צורת החמה צורת הלבנה צורת הדרקון [י&#39;]"
                    HPOS="442.0"
                    VPOS="2054.0"
                    WIDTH="1005.0"
                    HEIGHT="78.0"></String>
          </TextLine>

          
          
          <TextLine ID="eSc_line_93e702be"
                    
                    BASELINE="487 2159 858 2159 936 2153 981 2163 1449 2171" 
                    HPOS="480.0"
                    VPOS="2112.0"
                    WIDTH="967.0"
                    HEIGHT="98.0">
            <Shape><Polygon POINTS="483 2156 480 2200 1437 2210 1447 2170 1447 2129 483 2112 483 2156"/></Shape>
	    <String CONTENT="יוליכם לים המלח רבן שמעון בן גמל&#39; או&#39;"
                    HPOS="480.0"
                    VPOS="2112.0"
                    WIDTH="967.0"
                    HEIGHT="98.0"></String>
          </TextLine>

          
          
          <TextLine ID="eSc_line_d3093efa"
                    
                    BASELINE="422 2227 517 2224 596 2231 912 2234 953 2241 1449 2247" 
                    HPOS="415.0"
                    VPOS="2176.0"
                    WIDTH="1032.0"
                    HEIGHT="99.0">
            <Shape><Polygon POINTS="1437 2224 1423 2200 1335 2187 1332 2187 1246 2204 1236 2204 1229 2204 1161 2183 1158 2183 1154 2183 1059 2200 1052 2200 1039 2200 844 2180 841 2180 838 2180 783 2197 776 2197 759 2197 568 2176 565 2176 419 2190 419 2224 415 2272 1437 2275 1447 2244 1444 2207 1437 2204 1437 2224"/></Shape>
	    <String CONTENT="על המכובדים אסורין ועל המבוזין מותרין"
                    HPOS="415.0"
                    VPOS="2176.0"
                    WIDTH="1032.0"
                    HEIGHT="99.0"></String>
          </TextLine>

          
          
          <TextLine ID="eSc_line_1bbee57e"
                    
                    BASELINE="476 2289 572 2289 613 2296 1032 2292 1148 2299 1449 2305" 
                    HPOS="470.0"
                    VPOS="2248.0"
                    WIDTH="977.0"
                    HEIGHT="85.0">
            <Shape><Polygon POINTS="473 2285 470 2330 1437 2333 1447 2302 1444 2258 473 2248 473 2285"/></Shape>
	    <String CONTENT="ר&#39; יוסה או&#39; שוחק וזורה לרוח או מיטיל [ל&#39;]"
                    HPOS="470.0"
                    VPOS="2248.0"
                    WIDTH="977.0"
                    HEIGHT="85.0"></String>
          </TextLine>

          
          
          <TextLine ID="eSc_line_e5dc7008"
                    
                    BASELINE="500 2357 640 2357 756 2367 790 2360 1449 2366" 
                    HPOS="493.0"
                    VPOS="2316.0"
                    WIDTH="954.0"
                    HEIGHT="85.0">
            <Shape><Polygon POINTS="497 2354 493 2401 626 2401 630 2398 664 2394 698 2394 732 2398 766 2398 800 2398 834 2401 868 2401 1441 2401 1447 2364 1444 2326 497 2316 497 2354"/></Shape>
	    <String CONTENT="לים אמ&#39; לו אף הוא נעשה זבל ונאמ&#39; לא [י&#39;]"
                    HPOS="493.0"
                    VPOS="2316.0"
                    WIDTH="954.0"
                    HEIGHT="85.0"></String>
          </TextLine>

          
          
          <TextLine ID="eSc_line_74ba5a0f"
                    
                    BASELINE="637 2405 688 2401 722 2408 763 2405 1039 2418 1449 2419" 
                    HPOS="630.0"
                    VPOS="2377.0"
                    WIDTH="817.0"
                    HEIGHT="75.0">
            <Shape><Polygon POINTS="633 2401 630 2442 1437 2452 1447 2418 1444 2391 633 2377 633 2401"/></Shape>
	    <String CONTENT="ידבק בידך מאומה מן החרם ˙ ¶ ד&#39;"
                    HPOS="630.0"
                    VPOS="2377.0"
                    WIDTH="817.0"
                    HEIGHT="75.0"></String>
          </TextLine>

          
          
          <TextLine ID="eSc_line_8728a8b0"
                    
                    BASELINE="493 2473 906 2469 991 2476 1449 2485" 
                    HPOS="487.0"
                    VPOS="2415.0"
                    WIDTH="960.0"
                    HEIGHT="99.0">
            <Shape><Polygon POINTS="490 2469 487 2503 1437 2514 1447 2483 1447 2442 1001 2418 998 2418 994 2418 947 2435 930 2422 930 2418 926 2418 923 2418 919 2418 681 2432 640 2415 637 2415 633 2415 490 2432 490 2469"/></Shape>
	    <String CONTENT="שאל פרקלוס בן פלסלוס את רבן גמליﭏ"
                    HPOS="487.0"
                    VPOS="2415.0"
                    WIDTH="960.0"
                    HEIGHT="99.0"></String>
          </TextLine>

          
          
          <TextLine ID="eSc_line_c971b791"
                    
                    BASELINE="487 2531 538 2524 882 2527 923 2520 957 2531 1449 2539" 
                    HPOS="480.0"
                    VPOS="2486.0"
                    WIDTH="967.0"
                    HEIGHT="89.0">
            <Shape><Polygon POINTS="483 2527 480 2565 1437 2575 1447 2537 1444 2507 1219 2486 1216 2486 483 2490 483 2527"/></Shape>
	    <String CONTENT="בעכו שהיה רוחץ במרחץ שלאפרודיטי"
                    HPOS="480.0"
                    VPOS="2486.0"
                    WIDTH="967.0"
                    HEIGHT="89.0"></String>
          </TextLine>

          
          
          <TextLine ID="eSc_line_eb1080ad"
                    
                    BASELINE="500 2582 1449 2594" 
                    HPOS="493.0"
                    VPOS="2531.0"
                    WIDTH="954.0"
                    HEIGHT="105.0">
            <Shape><Polygon POINTS="497 2578 493 2612 1437 2636 1447 2592 1444 2551 497 2531 497 2578"/></Shape>
	    <String CONTENT="אמ&#39; לו כתוב בתורתכם לא ידבק בידך מאו&#39;"
                    HPOS="493.0"
                    VPOS="2531.0"
                    WIDTH="954.0"
                    HEIGHT="105.0"></String>
          </TextLine>

          
          
          <TextLine ID="eSc_line_45fa5b98"
                    
                    BASELINE="500 2643 1090 2643 1124 2650 1449 2656" 
                    HPOS="493.0"
                    VPOS="2609.0"
                    WIDTH="954.0"
                    HEIGHT="82.0">
            <Shape><Polygon POINTS="497 2640 493 2687 493 2687 1437 2691 1447 2653 1444 2612 497 2609 497 2640"/></Shape>
	    <String CONTENT="מן החרם ומפני מה אתה רוחץ במרחץ [ש&#39;]"
                    HPOS="493.0"
                    VPOS="2609.0"
                    WIDTH="954.0"
                    HEIGHT="82.0"></String>
          </TextLine>

          
          
          <TextLine ID="eSc_line_68b09249"
                    
                    BASELINE="476 2694 572 2704 987 2701 1039 2708 1148 2711 1449 2717" 
                    HPOS="470.0"
                    VPOS="2667.0"
                    WIDTH="977.0"
                    HEIGHT="82.0">
            <Shape><Polygon POINTS="473 2691 470 2749 1441 2749 1447 2715 1444 2674 473 2667 473 2691"/></Shape>
	    <String CONTENT="שלאפרודיטי אמ&#39; לו אין משיבין במרחץ"
                    HPOS="470.0"
                    VPOS="2667.0"
                    WIDTH="977.0"
                    HEIGHT="82.0"></String>
          </TextLine>

          
          
          <TextLine ID="eSc_line_c99c5b06"
                    
                    BASELINE="487 2776 545 2769 585 2776 626 2769 698 2769 773 2776 1449 2784" 
                    HPOS="480.0"
                    VPOS="2718.0"
                    WIDTH="967.0"
                    HEIGHT="102.0">
            <Shape><Polygon POINTS="483 2742 483 2773 480 2820 1441 2820 1447 2783 1444 2745 752 2718 749 2718 490 2728 483 2742"/></Shape>
	    <String CONTENT="כשיצא אמ&#39; אני לא באתי בגבולה היא [ב&#39;]"
                    HPOS="480.0"
                    VPOS="2718.0"
                    WIDTH="967.0"
                    HEIGHT="102.0"></String>
          </TextLine>

          
          
          <TextLine ID="eSc_line_635cd45e"
                    
                    BASELINE="493 2847 1449 2853" 
                    HPOS="487.0"
                    VPOS="2790.0"
                    WIDTH="960.0"
                    HEIGHT="112.0">
            <Shape><Polygon POINTS="490 2841 490 2844 487 2878 548 2899 551 2899 555 2899 807 2882 814 2882 821 2882 964 2902 967 2902 1441 2882 1447 2851 1444 2813 1253 2793 1250 2793 786 2807 752 2790 749 2790 746 2790 504 2807 490 2841"/></Shape>
	    <String CONTENT="באת בגבולי אין אומ&#39; נעשה מרחץ נואי"
                    HPOS="487.0"
                    VPOS="2790.0"
                    WIDTH="960.0"
                    HEIGHT="112.0"></String>
          </TextLine>

          
          
          <TextLine ID="eSc_line_d2e09d4e"
                    
                    BASELINE="507 2912 562 2922 1110 2922 1154 2916 1449 2922" 
                    HPOS="500.0"
                    VPOS="2865.0"
                    WIDTH="947.0"
                    HEIGHT="91.0">
            <Shape><Polygon POINTS="504 2909 500 2956 1441 2950 1447 2919 1441 2865 504 2875 504 2909"/></Shape>
	    <String CONTENT="לאפרודיטי אלא נעשת אפרודיטי נויי"
                    HPOS="500.0"
                    VPOS="2865.0"
                    WIDTH="947.0"
                    HEIGHT="91.0"></String>
          </TextLine>

          
          
          <TextLine ID="eSc_line_ecbd1fbf"
                    
                    BASELINE="531 2977 807 2984 1039 2980 1076 2974 1236 2977 1449 2980" 
                    HPOS="524.0"
                    VPOS="2926.0"
                    WIDTH="923.0"
                    HEIGHT="105.0">
            <Shape><Polygon POINTS="528 2974 524 3018 953 3028 957 3028 1069 3014 1113 3011 1148 3014 1294 3031 1297 3031 1301 3031 1352 3014 1386 3031 1389 3031 1393 3031 1396 3031 1444 3011 1447 2977 1441 2933 1192 2946 528 2926 528 2974"/></Shape>
	    <String CONTENT="למרחץ ˙ ה&#39; דבר אחר אם נותנין לך"
                    HPOS="524.0"
                    VPOS="2926.0"
                    WIDTH="923.0"
                    HEIGHT="105.0"></String>
          </TextLine>

          
          
          <TextLine ID="eSc_line_a36cee10"
                    
                    BASELINE="541 3052 1449 3058" 
                    HPOS="534.0"
                    VPOS="2991.0"
                    WIDTH="913.0"
                    HEIGHT="98.0">
            <Shape><Polygon POINTS="538 3048 534 3089 1441 3086 1447 3055 1444 3018 1243 2994 1240 2994 1001 3011 936 2991 933 2991 930 2991 926 2991 892 3008 769 2991 766 2991 763 2991 701 3011 694 3011 538 3011 538 3048"/></Shape>
	    <String CONTENT="ממון הרבה אתה נכנס לבית עבודה זרה"
                    HPOS="534.0"
                    VPOS="2991.0"
                    WIDTH="913.0"
                    HEIGHT="98.0"></String>
          </TextLine>

          
        </TextBlock>
        

        
      </PrintSpace>
    </Page>
  </Layout>
</alto>
