<?xml version="1.0" encoding="UTF-8"?>
<alto xmlns:xsi="http://www.w3.org/2001/XMLSchema-instance"
      xmlns="http://www.loc.gov/standards/alto/ns-v4#"
      xsi:schemaLocation="http://www.loc.gov/standards/alto/ns-v4# http://www.loc.gov/standards/alto/v4/alto-4-2.xsd">
  <Description>
    <MeasurementUnit>pixel</MeasurementUnit>
    <sourceImageInformation>
      <fileName>oulis2017-aya-0837-0.jpg</fileName>
      
    </sourceImageInformation>
  </Description>
  
  <Tags>
    <OtherTag ID="BT1164" LABEL="Hole" DESCRIPTION="block type Hole"/><OtherTag ID="BT2" LABEL="Main" DESCRIPTION="block type Main"/><OtherTag ID="BT3" LABEL="Commentary" DESCRIPTION="block type Commentary"/><OtherTag ID="BT4" LABEL="Illustration" DESCRIPTION="block type Illustration"/><OtherTag ID="BT218" LABEL="Margin" DESCRIPTION="block type Margin"/><OtherTag ID="BT219" LABEL="Paratext" DESCRIPTION="block type Paratext"/>
    <OtherTag ID="LT2" LABEL="Numbering" DESCRIPTION="line type Numbering"/><OtherTag ID="LT3" LABEL="Correction" DESCRIPTION="line type Correction"/><OtherTag ID="LT481" LABEL="Gloss" DESCRIPTION="line type Gloss"/>
  </Tags>
  
  <Layout>
    <Page WIDTH="5402"
          HEIGHT="6454"
          PHYSICAL_IMG_NR="824"
          ID="eSc_dummypage_">
      <PrintSpace HPOS="0"
                  VPOS="0"
                  WIDTH="5402"
                  HEIGHT="6454">
        
        <TextBlock HPOS="3039.0"
                   VPOS="962.0"
                   WIDTH="1683.0"
                   HEIGHT="4241.0"
                   ID="eSc_textblock_18440"
                   TAGREFS="BT2">
          <Shape><Polygon POINTS="3039 962 3039 5203 4722 5203 4722 962"/></Shape>
          
          
          <TextLine ID="eSc_line_1375023"
                    
                    BASELINE="3077 1064 4621 1070" 
                    HPOS="3072.0"
                    VPOS="984.0"
                    WIDTH="1544.0"
                    HEIGHT="145.0">
            <Shape><Polygon POINTS="3072 1059 3077 1000 3131 989 3814 1005 3836 984 4282 984 4304 1005 4455 1005 4503 984 4568 1005 4600 984 4616 1064 4600 1107 4455 1107 4422 1129 3938 1107 3454 1129 3400 1107 3373 1129 3136 1129 3077 1107"/></Shape>
	    <String CONTENT="יחדו מכל מקום כשתימצי לומר השק"
                    HPOS="3072.0"
                    VPOS="984.0"
                    WIDTH="1544.0"
                    HEIGHT="145.0"></String>
          </TextLine>

          
          
          <TextLine ID="eSc_line_1375024"
                    
                    BASELINE="3083 1193 4621 1193" 
                    HPOS="3077.0"
                    VPOS="1124.0"
                    WIDTH="1539.0"
                    HEIGHT="150.0">
            <Shape><Polygon POINTS="3077 1188 3136 1140 3185 1156 3212 1134 3933 1124 4568 1134 4616 1188 4589 1263 4342 1269 4191 1242 4159 1263 4089 1247 3997 1269 3949 1226 3895 1258 3594 1269 3486 1269 3416 1237 3357 1274 3228 1237 3163 1253 3088 1193"/></Shape>
	    <String CONTENT="והקופה מצרפין את הכלאים ˙ צמר"
                    HPOS="3077.0"
                    VPOS="1124.0"
                    WIDTH="1539.0"
                    HEIGHT="150.0"></String>
          </TextLine>

          
          
          <TextLine ID="eSc_line_1375026"
                    
                    BASELINE="3013 1323 4632 1317" 
                    HPOS="3007.0"
                    VPOS="1226.0"
                    WIDTH="1620.0"
                    HEIGHT="177.0">
            <Shape><Polygon POINTS="3007 1317 3013 1253 3056 1242 3222 1242 3325 1269 3400 1242 3475 1263 3809 1263 3916 1253 3943 1226 3986 1269 4180 1247 4584 1269 4611 1247 4627 1312 4605 1376 4514 1403 3986 1366 3707 1387 3615 1366 3551 1392 3190 1371 3126 1392 3013 1333"/></Shape>
	    <String CONTENT="ופשתים יחדו אבל זה בפני עצמו וזה בפני"
                    HPOS="3007.0"
                    VPOS="1226.0"
                    WIDTH="1620.0"
                    HEIGHT="177.0"></String>
          </TextLine>

          
          
          <TextLine ID="eSc_line_1375028"
                    
                    BASELINE="3104 1441 4659 1457" 
                    HPOS="3099.0"
                    VPOS="1360.0"
                    WIDTH="1555.0"
                    HEIGHT="167.0">
            <Shape><Polygon POINTS="3099 1436 3196 1376 3249 1398 3384 1376 3717 1392 3992 1360 4374 1403 4411 1382 4573 1382 4654 1452 4535 1527 4455 1505 4180 1516 4126 1484 4062 1505 3906 1489 3868 1522 3825 1495 3696 1516 3615 1489 3578 1522 3534 1500 3298 1522 3152 1511 3104 1479"/></Shape>
	    <String CONTENT="עצמו מותר ˙ הלבדין אסורין משום כלאי&#39;"
                    HPOS="3099.0"
                    VPOS="1360.0"
                    WIDTH="1555.0"
                    HEIGHT="167.0"></String>
          </TextLine>

          
          
          <TextLine ID="eSc_line_1375031"
                    
                    BASELINE="3066 1586 4654 1586" 
                    HPOS="3061.0"
                    VPOS="1500.0"
                    WIDTH="1587.0"
                    HEIGHT="156.0">
            <Shape><Polygon POINTS="3061 1581 3152 1511 3588 1527 3615 1505 3890 1522 4116 1500 4573 1522 4648 1581 4568 1640 4508 1629 4449 1656 4336 1635 3970 1651 3949 1629 3239 1656 3174 1618 3152 1640 3072 1581"/></Shape>
	    <String CONTENT="א&#39;ע&#39;פ&#39; שאין בהן משום ארוג יש בהן"
                    HPOS="3061.0"
                    VPOS="1500.0"
                    WIDTH="1587.0"
                    HEIGHT="156.0"></String>
          </TextLine>

          
          
          <TextLine ID="eSc_line_1375032"
                    
                    BASELINE="3045 1699 4654 1704" 
                    HPOS="3039.0"
                    VPOS="1618.0"
                    WIDTH="1609.0"
                    HEIGHT="167.0">
            <Shape><Polygon POINTS="3039 1694 3045 1635 3109 1618 3169 1672 3196 1651 3389 1640 3728 1651 3766 1629 3943 1629 3965 1651 4003 1629 4062 1683 4105 1640 4449 1651 4524 1629 4648 1699 4578 1769 4191 1753 4137 1780 4056 1726 4008 1769 3674 1774 3631 1753 3475 1785 3109 1785 3045 1721"/></Shape>
	    <String CONTENT="משום שוע ˙ לא תלבש שעטנז גדילים"
                    HPOS="3039.0"
                    VPOS="1618.0"
                    WIDTH="1609.0"
                    HEIGHT="167.0"></String>
          </TextLine>

          
          
          <TextLine ID="eSc_line_1375034"
                    
                    BASELINE="3109 1828 4664 1844" 
                    HPOS="3104.0"
                    VPOS="1731.0"
                    WIDTH="1555.0"
                    HEIGHT="178.0">
            <Shape><Polygon POINTS="3104 1823 3142 1774 3303 1790 3637 1758 3879 1780 4013 1769 4067 1731 4116 1780 4562 1769 4659 1839 4551 1909 4245 1909 4218 1882 4024 1898 3997 1877 3739 1909 3179 1903 3109 1860"/></Shape>
	    <String CONTENT="תעשה לך אומר שניהם נאמרו בדיבור"
                    HPOS="3104.0"
                    VPOS="1731.0"
                    WIDTH="1555.0"
                    HEIGHT="178.0"></String>
          </TextLine>

          
          
          <TextLine ID="eSc_line_1375037"
                    
                    BASELINE="3077 1957 4659 1963" 
                    HPOS="3072.0"
                    VPOS="1882.0"
                    WIDTH="1582.0"
                    HEIGHT="145.0">
            <Shape><Polygon POINTS="3072 1952 3147 1893 3857 1909 3992 1882 4218 1882 4239 1903 4573 1909 4654 1957 4530 2022 4411 1995 4288 2022 4202 1995 3997 2016 3895 1995 3857 2022 3572 2027 3497 2006 3416 2027 3352 2000 3244 2027 3163 2000 3109 2016 3077 1984"/></Shape>
	    <String CONTENT="אחד זכור וושמור נאמרו בדיבור אחד"
                    HPOS="3072.0"
                    VPOS="1882.0"
                    WIDTH="1582.0"
                    HEIGHT="145.0"></String>
          </TextLine>

          
          
          <TextLine ID="eSc_line_1375039"
                    
                    BASELINE="3083 2092 4621 2086" 
                    HPOS="3077.0"
                    VPOS="2000.0"
                    WIDTH="1539.0"
                    HEIGHT="162.0">
            <Shape><Polygon POINTS="3077 2086 3088 2006 3206 2027 3346 2006 4309 2027 4368 2000 4508 2033 4600 2011 4616 2081 4589 2162 3916 2162 3836 2140 3083 2156"/></Shape>
	    <String CONTENT="מחלליה מות יומת וביום השבת שני כבשים"
                    HPOS="3077.0"
                    VPOS="2000.0"
                    WIDTH="1539.0"
                    HEIGHT="162.0"></String>
          </TextLine>

          
          
          <TextLine ID="eSc_line_1375041"
                    
                    BASELINE="3056 2232 4616 2215" 
                    HPOS="3050.0"
                    VPOS="2145.0"
                    WIDTH="1561.0"
                    HEIGHT="156.0">
            <Shape><Polygon POINTS="3050 2226 3131 2151 3642 2151 3669 2172 3691 2151 3798 2145 3922 2167 4325 2145 4562 2167 4611 2210 4589 2291 4304 2264 4159 2280 4094 2253 4040 2285 3911 2269 3809 2296 3691 2269 3561 2296 3282 2280 3249 2301 3072 2226"/></Shape>
	    <String CONTENT="נאמרו בדיבור אחד עדות אשת אחיך"
                    HPOS="3050.0"
                    VPOS="2145.0"
                    WIDTH="1561.0"
                    HEIGHT="156.0"></String>
          </TextLine>

          
          
          <TextLine ID="eSc_line_1375043"
                    
                    BASELINE="3056 2350 4664 2350" 
                    HPOS="3050.0"
                    VPOS="2264.0"
                    WIDTH="1609.0"
                    HEIGHT="156.0">
            <Shape><Polygon POINTS="3050 2344 3061 2264 3088 2285 3206 2275 3249 2307 3411 2285 3642 2296 3696 2275 3830 2301 3927 2269 3976 2296 4083 2275 4218 2291 4309 2269 4331 2291 4438 2296 4557 2280 4659 2344 4573 2409 4498 2420 4325 2420 4229 2393 4186 2414 4024 2414 3992 2382 3949 2414 3857 2420 3728 2420 3701 2398 3459 2420 3432 2393 3368 2420 3061 2414"/></Shape>
	    <String CONTENT="לא תגלה יבמה יבא עליה שניהם נאמרו"
                    HPOS="3050.0"
                    VPOS="2264.0"
                    WIDTH="1609.0"
                    HEIGHT="156.0"></String>
          </TextLine>

          
          
          <TextLine ID="eSc_line_1375046"
                    
                    BASELINE="3083 2463 4643 2463" 
                    HPOS="3077.0"
                    VPOS="2382.0"
                    WIDTH="1560.0"
                    HEIGHT="167.0">
            <Shape><Polygon POINTS="3077 2457 3109 2414 3922 2420 3981 2382 4024 2414 4094 2420 4578 2414 4637 2457 4589 2538 4508 2511 4422 2538 4325 2506 4239 2543 4116 2495 4062 2533 3685 2533 3658 2506 3615 2538 3438 2517 3233 2533 3152 2506 3088 2549"/></Shape>
	    <String CONTENT="בדיבור אחד וכל בת יורשת נחלה ממטות"
                    HPOS="3077.0"
                    VPOS="2382.0"
                    WIDTH="1560.0"
                    HEIGHT="167.0"></String>
          </TextLine>

          
          
          <TextLine ID="eSc_line_1375048"
                    
                    BASELINE="3077 2570 4616 2586" 
                    HPOS="3072.0"
                    VPOS="2495.0"
                    WIDTH="1539.0"
                    HEIGHT="161.0">
            <Shape><Polygon POINTS="3072 2565 3152 2506 3292 2538 3432 2517 3658 2543 3734 2522 4073 2527 4126 2495 4229 2560 4336 2511 4578 2533 4611 2581 4594 2651 4562 2656 4471 2635 4331 2656 4304 2630 4202 2651 3981 2635 3760 2656 3583 2635 3163 2646 3077 2570"/></Shape>
	    <String CONTENT="בני ישר&#39; ˙ ולא תסב נחלה ממטה אל"
                    HPOS="3072.0"
                    VPOS="2495.0"
                    WIDTH="1539.0"
                    HEIGHT="161.0"></String>
          </TextLine>

          
          
          <TextLine ID="eSc_line_1375050"
                    
                    BASELINE="3104 2699 4681 2705" 
                    HPOS="3099.0"
                    VPOS="2640.0"
                    WIDTH="1576.0"
                    HEIGHT="140.0">
            <Shape><Polygon POINTS="3099 2694 3152 2646 3782 2662 4476 2640 4589 2656 4675 2699 4584 2780 4385 2759 4029 2775 4003 2748 3927 2775 3653 2759 3604 2780 3475 2753 3389 2780 3287 2748 3244 2775 3142 2775 3104 2737"/></Shape>
	    <String CONTENT="מטה שניהם נאמרו בדיבור אחד מה"
                    HPOS="3099.0"
                    VPOS="2640.0"
                    WIDTH="1576.0"
                    HEIGHT="140.0"></String>
          </TextLine>

          
          
          <TextLine ID="eSc_line_1375052"
                    
                    BASELINE="3077 2834 4648 2834" 
                    HPOS="3072.0"
                    VPOS="2753.0"
                    WIDTH="1571.0"
                    HEIGHT="162.0">
            <Shape><Polygon POINTS="3072 2829 3126 2759 3152 2780 3572 2759 3615 2785 3793 2785 3960 2780 3997 2753 4062 2791 4621 2780 4643 2829 4557 2909 4422 2904 4395 2877 4261 2915 4099 2888 3879 2909 3712 2872 3658 2898 3190 2904 3083 2845"/></Shape>
	    <String CONTENT="שאי איפשר לבשר ודם לומ&#39; שני דברי&#39;"
                    HPOS="3072.0"
                    VPOS="2753.0"
                    WIDTH="1571.0"
                    HEIGHT="162.0"></String>
          </TextLine>

          
          
          <TextLine ID="eSc_line_1375053"
                    
                    BASELINE="3077 2958 4659 2958" 
                    HPOS="3072.0"
                    VPOS="2872.0"
                    WIDTH="1582.0"
                    HEIGHT="172.0">
            <Shape><Polygon POINTS="3072 2952 3152 2888 3196 2909 3330 2909 3658 2898 3701 2872 3777 2904 4105 2893 4191 2925 4218 2904 4401 2888 4524 2920 4578 2904 4654 2952 4643 2990 4573 3044 4342 3022 4277 3038 4180 3011 3960 3033 3911 3001 3857 3028 3760 3001 3696 3033 3265 3033 3244 3011 3179 3033 3083 2974"/></Shape>
	    <String CONTENT="כאחת שנ&#39; אחת דיבר ﭏ&#39;ים שתים זו [ש&#39;]"
                    HPOS="3072.0"
                    VPOS="2872.0"
                    WIDTH="1582.0"
                    HEIGHT="172.0"></String>
          </TextLine>

          
          
          <TextLine ID="eSc_line_1375054"
                    
                    BASELINE="3099 3092 4686 3087" 
                    HPOS="3093.0"
                    VPOS="3006.0"
                    WIDTH="1588.0"
                    HEIGHT="156.0">
            <Shape><Polygon POINTS="3093 3087 3131 3006 3265 3033 3357 3011 3400 3033 3475 3011 3820 3033 3922 3006 3954 3038 4126 3044 4186 3017 4288 3044 4331 3022 4600 3044 4637 3081 4681 3081 4589 3157 4401 3162 4315 3135 4186 3157 4137 3124 4073 3157 4024 3157 3992 3124 3890 3151 3540 3135 3465 3157 3421 3130 3298 3157 3169 3151 3104 3108"/></Shape>
	    <String CONTENT="שמענו וגו&#39; ˙ גדילים תעשה לך למה נא&#39;"
                    HPOS="3093.0"
                    VPOS="3006.0"
                    WIDTH="1588.0"
                    HEIGHT="156.0"></String>
          </TextLine>

          
          
          <TextLine ID="eSc_line_1375066"
                    
                    BASELINE="3120 3210 4632 3205" 
                    HPOS="3115.0"
                    VPOS="3124.0"
                    WIDTH="1512.0"
                    HEIGHT="162.0">
            <Shape><Polygon POINTS="3115 3205 3120 3130 3174 3157 3298 3162 3411 3135 3454 3157 3868 3157 3960 3124 4013 3157 4546 3146 4627 3200 4573 3275 4498 3286 4433 3253 4304 3280 4024 3259 3868 3275 3830 3253 3497 3275 3373 3243 3325 3275 3120 3259"/></Shape>
	    <String CONTENT="לפי שנ&#39; ועשו להם ציצית שומע אני"
                    HPOS="3115.0"
                    VPOS="3124.0"
                    WIDTH="1512.0"
                    HEIGHT="162.0"></String>
          </TextLine>

          
          
          <TextLine ID="eSc_line_1375057"
                    
                    BASELINE="3061 3329 4643 3329" 
                    HPOS="3056.0"
                    VPOS="3248.0"
                    WIDTH="1581.0"
                    HEIGHT="156.0">
            <Shape><Polygon POINTS="3056 3323 3109 3275 3308 3286 3362 3248 3475 3280 4438 3264 4481 3286 4578 3280 4637 3323 4594 3382 4524 3399 4288 3388 4250 3361 4218 3393 4051 3393 3970 3366 3922 3393 3717 3377 3653 3404 3292 3399 3228 3366 3109 3404 3066 3361"/></Shape>
	    <String CONTENT="יעשה חוט אחד בפני עצמו ת&#39;ל&#39; גדילים"
                    HPOS="3056.0"
                    VPOS="3248.0"
                    WIDTH="1581.0"
                    HEIGHT="156.0"></String>
          </TextLine>

          
          
          <TextLine ID="eSc_line_1375067"
                    
                    BASELINE="3056 3447 4616 3447" 
                    HPOS="3050.0"
                    VPOS="3366.0"
                    WIDTH="1561.0"
                    HEIGHT="178.0">
            <Shape><Polygon POINTS="3050 3442 3228 3366 3303 3404 3421 3409 3976 3377 4207 3399 4261 3366 4288 3393 4573 3388 4611 3442 4600 3522 4347 3522 4320 3495 4261 3522 3841 3522 3803 3485 3750 3490 3712 3528 3674 3506 3615 3528 3158 3512 3126 3544 3061 3479"/></Shape>
	    <String CONTENT="כמה גדילים נעשות אין פחות משלשה"
                    HPOS="3050.0"
                    VPOS="3366.0"
                    WIDTH="1561.0"
                    HEIGHT="178.0"></String>
          </TextLine>

          
          
          <TextLine ID="eSc_line_1375058"
                    
                    BASELINE="3104 3576 4681 3576" 
                    HPOS="3099.0"
                    VPOS="3485.0"
                    WIDTH="1576.0"
                    HEIGHT="172.0">
            <Shape><Polygon POINTS="3099 3571 3169 3512 3717 3528 3755 3490 3803 3485 3841 3522 4568 3522 4675 3571 4600 3646 4519 3630 4417 3657 4142 3624 3970 3646 3803 3614 3728 3646 3631 3641 3610 3619 3481 3646 3411 3614 3373 3641 3217 3646 3152 3641 3109 3598"/></Shape>
	    <String CONTENT="חיטין כדברי בית הילל בית שמי או&#39; [מ/]"
                    HPOS="3099.0"
                    VPOS="3485.0"
                    WIDTH="1576.0"
                    HEIGHT="172.0"></String>
          </TextLine>

          
          
          <TextLine ID="eSc_line_1375059"
                    
                    BASELINE="3126 3700 4659 3705" 
                    HPOS="3120.0"
                    VPOS="3614.0"
                    WIDTH="1534.0"
                    HEIGHT="166.0">
            <Shape><Polygon POINTS="3120 3694 3126 3668 3185 3641 3540 3651 3610 3624 3631 3646 3739 3646 3798 3614 3820 3635 3954 3641 4524 3635 4594 3646 4654 3700 4637 3743 4573 3770 4417 3748 4277 3770 4207 3727 4159 3764 4116 3737 4013 3775 3943 3743 3916 3764 3884 3748 3578 3780 3228 3780 3126 3716"/></Shape>
	    <String CONTENT="מארבעה חוטין של תכלת וארבעה"
                    HPOS="3120.0"
                    VPOS="3614.0"
                    WIDTH="1534.0"
                    HEIGHT="166.0"></String>
          </TextLine>

          
          
          <TextLine ID="eSc_line_1375060"
                    
                    BASELINE="3147 3818 4670 3823" 
                    HPOS="3142.0"
                    VPOS="3727.0"
                    WIDTH="1522.0"
                    HEIGHT="188.0">
            <Shape><Polygon POINTS="3142 3813 3163 3759 3222 3780 3717 3780 3884 3754 4019 3775 4121 3737 4169 3764 4212 3727 4250 3764 4589 3775 4664 3818 4648 3867 4605 3893 4444 3877 4401 3899 4358 3861 4293 3888 4099 3867 4067 3899 4024 3861 3970 3888 3868 3872 3798 3893 3647 3888 3594 3915 3556 3883 3319 3899 3239 3877 3179 3904 3147 3888"/></Shape>
	    <String CONTENT="חוטין של לבן של ארבע ארבע [אצ&#39;]"
                    HPOS="3142.0"
                    VPOS="3727.0"
                    WIDTH="1522.0"
                    HEIGHT="188.0"></String>
          </TextLine>

          
          
          <TextLine ID="eSc_line_1375061"
                    
                    BASELINE="3126 3969 4654 3958" 
                    HPOS="3120.0"
                    VPOS="3867.0"
                    WIDTH="1528.0"
                    HEIGHT="177.0">
            <Shape><Polygon POINTS="3120 3963 3174 3899 3233 3883 3551 3883 3588 3920 3631 3893 3879 3877 4035 3872 4067 3899 4099 3867 4261 3893 4363 3877 4395 3904 4541 3888 4648 3953 4584 4022 4390 4022 4363 4044 4212 4006 3836 4017 3803 3985 3701 4028 3578 4033 3545 4006 3427 4028 3395 4001 3352 4028 3185 4028 3126 3985"/></Shape>
	    <String CONTENT="אצבעות והלכה כדברי בית שמי במה"
                    HPOS="3120.0"
                    VPOS="3867.0"
                    WIDTH="1528.0"
                    HEIGHT="177.0"></String>
          </TextLine>

          
          
          <TextLine ID="eSc_line_1375062"
                    
                    BASELINE="3120 4082 4664 4082" 
                    HPOS="3115.0"
                    VPOS="3985.0"
                    WIDTH="1544.0"
                    HEIGHT="172.0">
            <Shape><Polygon POINTS="3115 4076 3169 4022 3357 4033 3400 4012 3470 4033 3551 4006 3578 4033 3717 4028 3777 3985 3857 4022 4320 4017 4368 4049 4401 4022 4557 4017 4659 4076 4616 4146 4546 4157 4164 4125 4089 4146 3911 4152 3836 4130 3626 4157 3583 4152 3540 4109 3491 4152 3126 4135"/></Shape>
	    <String CONTENT="דברים אמורים בתחילה אבל בשיורה"
                    HPOS="3115.0"
                    VPOS="3985.0"
                    WIDTH="1544.0"
                    HEIGHT="172.0"></String>
          </TextLine>

          
          
          <TextLine ID="eSc_line_1375068"
                    
                    BASELINE="3066 4205 4664 4200" 
                    HPOS="3061.0"
                    VPOS="4103.0"
                    WIDTH="1598.0"
                    HEIGHT="183.0">
            <Shape><Polygon POINTS="3061 4200 3066 4130 3088 4125 3174 4152 3475 4152 3534 4103 3615 4152 3814 4130 3922 4157 4132 4130 4245 4152 4584 4146 4659 4195 4616 4265 4557 4275 4455 4254 4325 4270 4282 4243 4126 4275 3986 4248 3723 4270 3685 4243 3572 4270 3518 4238 3491 4265 3217 4259 3131 4286 3066 4221"/></Shape>
	    <String CONTENT="ובגרדומיהא כל שהוא ˙ על ארבע יצאו"
                    HPOS="3061.0"
                    VPOS="4103.0"
                    WIDTH="1598.0"
                    HEIGHT="183.0"></String>
          </TextLine>

          
          
          <TextLine ID="eSc_line_1375069"
                    
                    BASELINE="3120 4324 4664 4340" 
                    HPOS="3115.0"
                    VPOS="4243.0"
                    WIDTH="1544.0"
                    HEIGHT="161.0">
            <Shape><Polygon POINTS="3115 4318 3158 4275 3362 4275 3416 4248 3497 4265 3524 4243 3583 4275 3857 4270 3895 4248 4223 4275 4282 4243 4315 4270 4444 4248 4508 4275 4589 4265 4659 4334 4584 4404 4471 4404 4417 4361 4347 4399 4159 4399 4137 4377 3954 4394 3906 4351 3798 4394 3626 4377 3438 4399 3368 4361 3308 4399 3190 4399 3152 4361 3120 4372"/></Shape>
	    <String CONTENT="בעלי שלוש ובעלי חמש ובעלי שש"
                    HPOS="3115.0"
                    VPOS="4243.0"
                    WIDTH="1544.0"
                    HEIGHT="161.0"></String>
          </TextLine>

          
          
          <TextLine ID="eSc_line_1375063"
                    
                    BASELINE="3152 4447 4654 4453" 
                    HPOS="3147.0"
                    VPOS="4356.0"
                    WIDTH="1501.0"
                    HEIGHT="172.0">
            <Shape><Polygon POINTS="3147 4442 3152 4367 3196 4404 3405 4372 3475 4410 3631 4383 3803 4394 3911 4356 3949 4394 4137 4377 4164 4399 4352 4394 4417 4361 4471 4404 4616 4399 4648 4447 4632 4523 4433 4523 4358 4485 4315 4512 4277 4485 4148 4523 3927 4523 3863 4490 3793 4523 3744 4490 3712 4517 3540 4512 3502 4490 3481 4512 3287 4528 3196 4485 3152 4501"/></Shape>
	    <String CONTENT="ובעלי שבע ובעלי שמונה ˙ ד&#39;א&#39; גדילי&#39;"
                    HPOS="3147.0"
                    VPOS="4356.0"
                    WIDTH="1501.0"
                    HEIGHT="172.0"></String>
          </TextLine>

          
          
          <TextLine ID="eSc_line_1375064"
                    
                    BASELINE="3077 4571 4697 4571" 
                    HPOS="3072.0"
                    VPOS="4490.0"
                    WIDTH="1619.0"
                    HEIGHT="167.0">
            <Shape><Polygon POINTS="3072 4566 3190 4490 3255 4528 3508 4501 3723 4517 3750 4490 3782 4523 3900 4501 3933 4533 4406 4501 4455 4533 4584 4523 4691 4566 4621 4646 4519 4630 4492 4657 4325 4636 4261 4652 4223 4614 4110 4641 3454 4641 3400 4614 3373 4641 3287 4646 3212 4619 3131 4652 3083 4603"/></Shape>
	    <String CONTENT="תעשה לך זה לבן מנ&#39; לרבות את התכלת"
                    HPOS="3072.0"
                    VPOS="4490.0"
                    WIDTH="1619.0"
                    HEIGHT="167.0"></String>
          </TextLine>

          
          
          <TextLine ID="eSc_line_1375065"
                    
                    BASELINE="3120 4695 4686 4695" 
                    HPOS="3115.0"
                    VPOS="4619.0"
                    WIDTH="1566.0"
                    HEIGHT="162.0">
            <Shape><Polygon POINTS="3115 4689 3217 4619 3249 4646 3357 4641 3389 4673 3427 4636 3604 4652 3691 4630 4229 4625 4261 4652 4492 4663 4551 4630 4681 4689 4632 4765 4578 4770 4514 4749 4299 4770 4255 4738 4164 4770 4105 4727 4056 4749 3755 4749 3664 4770 3529 4765 3508 4743 3314 4765 3206 4749 3126 4781"/></Shape>
	    <String CONTENT="ת&#39;ל&#39; ונתנו על ציצית הכנף פתיל תכלת"
                    HPOS="3115.0"
                    VPOS="4619.0"
                    WIDTH="1566.0"
                    HEIGHT="162.0"></String>
          </TextLine>

          
          
          <TextLine ID="eSc_line_1375055"
                    
                    BASELINE="3104 4808 4659 4818" 
                    HPOS="3099.0"
                    VPOS="4738.0"
                    WIDTH="1555.0"
                    HEIGHT="161.0">
            <Shape><Polygon POINTS="3099 4802 3196 4754 3475 4759 3502 4738 3524 4759 3664 4765 3895 4743 3970 4775 4003 4743 4110 4738 4175 4770 4229 4738 4293 4770 4503 4749 4535 4770 4632 4765 4654 4813 4605 4883 4568 4888 4261 4867 4126 4883 4051 4862 4013 4899 3981 4867 3803 4883 3685 4851 3604 4878 3491 4851 3432 4878 3330 4856 3282 4883 3152 4883 3104 4840"/></Shape>
	    <String CONTENT="תעשה ולא מן העשוי שלא יוציא"
                    HPOS="3099.0"
                    VPOS="4738.0"
                    WIDTH="1555.0"
                    HEIGHT="161.0"></String>
          </TextLine>

          
          
          <TextLine ID="eSc_line_1375056"
                    
                    BASELINE="3099 4937 4664 4942" 
                    HPOS="3093.0"
                    VPOS="4856.0"
                    WIDTH="1566.0"
                    HEIGHT="172.0">
            <Shape><Polygon POINTS="3093 4931 3196 4872 3438 4878 3502 4856 3583 4888 3647 4867 3836 4888 3981 4867 4013 4894 4056 4856 4121 4878 4584 4883 4659 4937 4643 4991 4594 5017 4514 4996 4411 5028 4320 4991 4272 5023 4234 4991 3927 4985 3787 5017 3680 5007 3626 4969 3529 5023 3470 4985 3222 5007 3152 4996 3099 4953"/></Shape>
	    <String CONTENT="נימין מן הטלת ויעשה ˙ על ארבע [ו/]"
                    HPOS="3093.0"
                    VPOS="4856.0"
                    WIDTH="1566.0"
                    HEIGHT="172.0"></String>
          </TextLine>

          
          
          <TextLine ID="eSc_line_1375044"
                    
                    BASELINE="3147 5071 4637 5082" 
                    HPOS="3142.0"
                    VPOS="4991.0"
                    WIDTH="1490.0"
                    HEIGHT="150.0">
            <Shape><Polygon POINTS="3142 5066 3152 4996 3260 5012 3707 4991 3890 5028 4266 5028 4299 4996 4616 4996 4632 5077 4616 5125 4568 5141 4342 5141 4282 5120 4250 5141 3976 5120 3545 5141 3518 5114 3147 5130"/></Shape>
	    <String CONTENT="ולא על שמנה ˙ כסותך פרט ליגא"
                    HPOS="3142.0"
                    VPOS="4991.0"
                    WIDTH="1490.0"
                    HEIGHT="150.0"></String>
          </TextLine>

          
        </TextBlock>
        
        <TextBlock HPOS="1224.0"
                   VPOS="929.0"
                   WIDTH="1700.0"
                   HEIGHT="4273.0"
                   ID="eSc_textblock_18441"
                   TAGREFS="BT2">
          <Shape><Polygon POINTS="1224 929 1257 5202 2924 5186 2874 929"/></Shape>
          
          
          <TextLine ID="eSc_line_1375022"
                    
                    BASELINE="1248 1064 2813 1081" 
                    HPOS="1242.0"
                    VPOS="957.0"
                    WIDTH="1566.0"
                    HEIGHT="188.0">
            <Shape><Polygon POINTS="1242 1059 1248 1000 1447 1000 1490 962 1544 1000 1716 973 1770 1005 1802 984 1818 1000 1867 957 1947 957 2033 994 2093 968 2184 984 2232 957 2281 994 2378 962 2453 984 2593 962 2631 994 2674 962 2749 1011 2792 1011 2808 1075 2792 1124 2523 1145 2216 1118 1996 1118 1953 1145 1904 1118 1780 1145 1716 1124 1571 1140 1544 1113 1474 1140 1248 1140"/></Shape>
	    <String CONTENT="ולתבילא ולתיבלטירין לתקרקים לבורסין"
                    HPOS="1242.0"
                    VPOS="957.0"
                    WIDTH="1566.0"
                    HEIGHT="188.0"></String>
          </TextLine>

          
          
          <TextLine ID="eSc_line_1375025"
                    
                    BASELINE="1253 1204 2808 1199" 
                    HPOS="1248.0"
                    VPOS="1113.0"
                    WIDTH="1555.0"
                    HEIGHT="177.0">
            <Shape><Polygon POINTS="1248 1199 1334 1134 1377 1145 1404 1118 1468 1150 1560 1134 1657 1156 1700 1134 2281 1145 2329 1113 2405 1150 2636 1150 2706 1124 2803 1193 2787 1258 2754 1269 2534 1258 2426 1290 2372 1247 2297 1274 2227 1253 2162 1274 2060 1274 2039 1253 1985 1274 1678 1274 1657 1253 1624 1285 1549 1258 1312 1285 1253 1226"/></Shape>
	    <String CONTENT="ולבורדסין לפי שאינן מרובעין ר&#39; ﭏיע&#39;"
                    HPOS="1248.0"
                    VPOS="1113.0"
                    WIDTH="1555.0"
                    HEIGHT="177.0"></String>
          </TextLine>

          
          
          <TextLine ID="eSc_line_1375027"
                    
                    BASELINE="1312 1333 2813 1323" 
                    HPOS="1307.0"
                    VPOS="1247.0"
                    WIDTH="1501.0"
                    HEIGHT="167.0">
            <Shape><Polygon POINTS="1307 1328 1312 1285 1425 1269 1624 1285 1657 1258 1684 1285 1931 1285 2023 1253 2173 1269 2211 1247 2243 1269 2351 1253 2421 1290 2722 1258 2808 1317 2711 1403 2652 1371 2518 1409 2480 1382 2426 1398 2313 1366 2270 1392 2227 1366 2189 1392 1780 1387 1710 1414 1657 1371 1624 1392 1318 1403"/></Shape>
	    <String CONTENT="בן יעקב או&#39; מנ&#39; שלא יתן על אמצע"
                    HPOS="1307.0"
                    VPOS="1247.0"
                    WIDTH="1501.0"
                    HEIGHT="167.0"></String>
          </TextLine>

          
          
          <TextLine ID="eSc_line_1375029"
                    
                    BASELINE="1237 1457 2792 1457" 
                    HPOS="1232.0"
                    VPOS="1371.0"
                    WIDTH="1555.0"
                    HEIGHT="183.0">
            <Shape><Polygon POINTS="1232 1452 1242 1409 1285 1398 1635 1403 1673 1382 1705 1414 1791 1392 2179 1403 2232 1371 2270 1403 2442 1403 2485 1382 2539 1414 2631 1382 2706 1414 2776 1392 2787 1452 2776 1543 2668 1532 2625 1495 2571 1522 2480 1505 2372 1527 2351 1505 2259 1527 2222 1489 2087 1532 1985 1532 1953 1500 1893 1532 1388 1522 1334 1554 1242 1532"/></Shape>
	    <String CONTENT="בגד ﭏא על שפתו שנ&#39; על ארבע כנפות"
                    HPOS="1232.0"
                    VPOS="1371.0"
                    WIDTH="1555.0"
                    HEIGHT="183.0"></String>
          </TextLine>

          
          
          <TextLine ID="eSc_line_1375030"
                    
                    BASELINE="1291 1581 2781 1586" 
                    HPOS="1285.0"
                    VPOS="1505.0"
                    WIDTH="1491.0"
                    HEIGHT="162.0">
            <Shape><Polygon POINTS="1285 1575 1377 1527 1883 1538 1926 1505 1974 1532 2631 1505 2663 1538 2738 1527 2776 1581 2760 1651 2695 1661 2625 1640 2550 1656 2480 1613 2421 1645 2292 1635 2254 1656 2195 1624 2114 1661 2066 1629 1614 1667 1571 1645 1501 1667 1458 1624 1377 1656 1291 1581"/></Shape>
	    <String CONTENT="כסותך ˙ כסותך פרט לכר כסותך פרט"
                    HPOS="1285.0"
                    VPOS="1505.0"
                    WIDTH="1491.0"
                    HEIGHT="162.0"></String>
          </TextLine>

          
          
          <TextLine ID="eSc_line_1375033"
                    
                    BASELINE="1205 1710 2824 1715" 
                    HPOS="1199.0"
                    VPOS="1624.0"
                    WIDTH="1620.0"
                    HEIGHT="177.0">
            <Shape><Polygon POINTS="1199 1704 1205 1667 1237 1651 1404 1661 1452 1629 1501 1667 1624 1667 1840 1640 1904 1656 2006 1629 2066 1661 2189 1640 2254 1661 2281 1640 2431 1645 2491 1624 2561 1661 2636 1645 2690 1667 2744 1645 2819 1710 2754 1780 2614 1753 2566 1801 2523 1764 2205 1785 2157 1764 1990 1785 1700 1774 1651 1796 1592 1774 1372 1774 1205 1796"/></Shape>
	    <String CONTENT="לסדין ˙ תכסה פרט לסגוס בה פרט למעפ(ו)רת"
                    HPOS="1199.0"
                    VPOS="1624.0"
                    WIDTH="1620.0"
                    HEIGHT="177.0"></String>
          </TextLine>

          
          
          <TextLine ID="eSc_line_1375035"
                    
                    BASELINE="1275 1834 2781 1844" 
                    HPOS="1269.0"
                    VPOS="1758.0"
                    WIDTH="1507.0"
                    HEIGHT="167.0">
            <Shape><Polygon POINTS="1269 1828 1323 1780 1641 1796 1700 1774 2523 1774 2571 1801 2641 1758 2760 1790 2776 1839 2760 1898 2727 1914 2566 1909 2518 1882 2496 1903 2372 1909 2243 1909 2200 1877 2071 1903 1813 1898 1770 1860 1710 1903 1598 1887 1565 1914 1447 1903 1404 1877 1334 1925 1275 1866"/></Shape>
	    <String CONTENT="שלא יכסה בה ראשו ורובו ˙ כי יקח איש"
                    HPOS="1269.0"
                    VPOS="1758.0"
                    WIDTH="1507.0"
                    HEIGHT="167.0"></String>
          </TextLine>

          
          
          <TextLine ID="eSc_line_1375036"
                    
                    BASELINE="1318 1946 2808 1957" 
                    HPOS="1312.0"
                    VPOS="1866.0"
                    WIDTH="1491.0"
                    HEIGHT="167.0">
            <Shape><Polygon POINTS="1312 1941 1409 1877 1441 1903 1571 1914 1598 1887 1721 1903 1775 1866 1807 1898 2157 1903 2195 1877 2238 1909 2313 1914 2518 1893 2733 1914 2787 1887 2803 1952 2717 2033 2485 2016 2421 2033 2335 2000 2254 2033 2200 1995 2152 2027 1867 2022 1807 1989 1678 2022 1581 2000 1511 2022 1415 2011 1393 2033 1318 1963"/></Shape>
	    <String CONTENT="אשה ובא אליה ושנאה ר&#39; יהוד&#39; אומ&#39;"
                    HPOS="1312.0"
                    VPOS="1866.0"
                    WIDTH="1491.0"
                    HEIGHT="167.0"></String>
          </TextLine>

          
          
          <TextLine ID="eSc_line_1375038"
                    
                    BASELINE="1296 2076 2830 2076" 
                    HPOS="1291.0"
                    VPOS="1995.0"
                    WIDTH="1533.0"
                    HEIGHT="172.0">
            <Shape><Polygon POINTS="1291 2070 1328 2006 1382 2033 1678 2027 1797 1995 1856 2027 1958 2033 2162 2027 2200 1995 2249 2033 2335 2006 2372 2033 2754 2033 2824 2070 2813 2145 2787 2124 2701 2167 2458 2162 2437 2140 2362 2162 2335 2135 2259 2156 2179 2129 2136 2162 2109 2140 1872 2156 1807 2129 1705 2151 1673 2124 1630 2151 1554 2135 1485 2156 1458 2135 1302 2156"/></Shape>
	    <String CONTENT="אם בא עליה לוקה ואם לאו אינו לוקה"
                    HPOS="1291.0"
                    VPOS="1995.0"
                    WIDTH="1533.0"
                    HEIGHT="172.0"></String>
          </TextLine>

          
          
          <TextLine ID="eSc_line_1375040"
                    
                    BASELINE="1269 2210 2835 2232" 
                    HPOS="1264.0"
                    VPOS="2129.0"
                    WIDTH="1566.0"
                    HEIGHT="178.0">
            <Shape><Polygon POINTS="1264 2205 1328 2156 1517 2156 1554 2129 1684 2162 1834 2145 2066 2167 2087 2145 2119 2167 2243 2167 2308 2129 2351 2167 2410 2140 2518 2172 2760 2167 2830 2226 2765 2285 2657 2275 2550 2307 2501 2285 2394 2296 2362 2264 2205 2291 2109 2269 1969 2280 1910 2248 1845 2285 1598 2285 1560 2258 1393 2285 1334 2280 1269 2221"/></Shape>
	    <String CONTENT="מיכאן את&#39; או&#39; אם עבר אדם על מצוה"
                    HPOS="1264.0"
                    VPOS="2129.0"
                    WIDTH="1566.0"
                    HEIGHT="178.0"></String>
          </TextLine>

          
          
          <TextLine ID="eSc_line_1375042"
                    
                    BASELINE="1248 2339 2830 2339" 
                    HPOS="1242.0"
                    VPOS="2269.0"
                    WIDTH="1582.0"
                    HEIGHT="151.0">
            <Shape><Polygon POINTS="1242 2334 1334 2285 1495 2291 1565 2269 1598 2291 1942 2275 2157 2296 2367 2269 2405 2307 2496 2291 2577 2312 2679 2280 2824 2334 2738 2420 2453 2420 2421 2387 2324 2414 2082 2414 2055 2387 1888 2414 1490 2387 1420 2414 1253 2334"/></Shape>
	    <String CONTENT="קלה סופו לעבור על מצוה חמורה עבר"
                    HPOS="1242.0"
                    VPOS="2269.0"
                    WIDTH="1582.0"
                    HEIGHT="151.0"></String>
          </TextLine>

          
          
          <TextLine ID="eSc_line_1375045"
                    
                    BASELINE="1269 2441 2846 2468" 
                    HPOS="1264.0"
                    VPOS="2377.0"
                    WIDTH="1576.0"
                    HEIGHT="156.0">
            <Shape><Polygon POINTS="1264 2436 1275 2377 1415 2414 1560 2393 1974 2414 2055 2387 2076 2409 2270 2420 2372 2414 2421 2382 2453 2414 2733 2420 2765 2398 2840 2463 2711 2533 2657 2500 2614 2533 2571 2506 2491 2527 2415 2506 2222 2527 2146 2495 2114 2522 2071 2490 2044 2517 1920 2533 1893 2506 1721 2527 1635 2500 1608 2527 1571 2500 1544 2522 1479 2500 1350 2522 1269 2490"/></Shape>
	    <String CONTENT="אדם על ואהבת לרעך כמוך סופו לעבור"
                    HPOS="1264.0"
                    VPOS="2377.0"
                    WIDTH="1576.0"
                    HEIGHT="156.0"></String>
          </TextLine>

          
          
          <TextLine ID="eSc_line_1375047"
                    
                    BASELINE="1189 2560 2813 2576" 
                    HPOS="1183.0"
                    VPOS="2490.0"
                    WIDTH="1625.0"
                    HEIGHT="166.0">
            <Shape><Polygon POINTS="1183 2554 1259 2506 1554 2522 1576 2500 1619 2522 1641 2500 1716 2527 1947 2533 2087 2490 2119 2522 2152 2495 2179 2522 2426 2517 2480 2538 2566 2500 2625 2527 2657 2495 2695 2533 2765 2533 2808 2570 2733 2656 2571 2630 2512 2651 2243 2630 2168 2646 2130 2624 2006 2624 1926 2651 1813 2630 1242 2635 1189 2581"/></Shape>
	    <String CONTENT="על לא תקם ועל לא תטר ועל לא תשנא"
                    HPOS="1183.0"
                    VPOS="2490.0"
                    WIDTH="1625.0"
                    HEIGHT="166.0"></String>
          </TextLine>

          
          
          <TextLine ID="eSc_line_1375049"
                    
                    BASELINE="1199 2683 2792 2699" 
                    HPOS="1194.0"
                    VPOS="2630.0"
                    WIDTH="1593.0"
                    HEIGHT="161.0">
            <Shape><Polygon POINTS="1194 2678 1259 2635 1936 2651 2028 2630 2356 2656 2598 2640 2760 2656 2787 2694 2744 2769 2620 2775 2588 2753 2426 2785 2329 2742 2270 2775 1996 2753 1845 2780 1818 2753 1630 2769 1560 2737 1506 2764 1328 2748 1275 2791 1199 2732"/></Shape>
	    <String CONTENT="את אחיך ואהבת לרעך כמוך וחי אחיך"
                    HPOS="1194.0"
                    VPOS="2630.0"
                    WIDTH="1593.0"
                    HEIGHT="161.0"></String>
          </TextLine>

          
          
          <TextLine ID="eSc_line_1375051"
                    
                    BASELINE="1291 2823 2835 2829" 
                    HPOS="1285.0"
                    VPOS="2737.0"
                    WIDTH="1545.0"
                    HEIGHT="172.0">
            <Shape><Polygon POINTS="1285 2818 1339 2748 1517 2775 1576 2742 1624 2775 1883 2780 2281 2775 2329 2737 2410 2780 2582 2759 2625 2785 2749 2780 2830 2823 2813 2872 2717 2909 2641 2877 2394 2904 2200 2855 2146 2893 2049 2904 1474 2904 1361 2882 1291 2823"/></Shape>
	    <String CONTENT="עד שבא לידי שפיכות דמים לכך נא&#39;"
                    HPOS="1285.0"
                    VPOS="2737.0"
                    WIDTH="1545.0"
                    HEIGHT="172.0"></String>
          </TextLine>

          
          
          <TextLine ID="eSc_line_1375072"
                    
                    BASELINE="1302 2947 2863 2963" 
                    HPOS="1296.0"
                    VPOS="2861.0"
                    WIDTH="1566.0"
                    HEIGHT="172.0">
            <Shape><Polygon POINTS="1296 2941 1361 2888 1409 2882 1490 2909 1614 2893 1727 2915 1786 2888 2157 2893 2200 2861 2394 2909 2765 2898 2862 2958 2765 3028 2641 2995 2604 3033 2577 3006 2528 3028 2345 3028 2292 2995 2179 3017 2082 3017 2055 2990 1985 3017 1780 3011 1721 2974 1678 3017 1641 2979 1576 3022 1361 3017 1302 2958"/></Shape>
	    <String CONTENT="כי יקח איש אשה ושנאה ˙ ושם לה"
                    HPOS="1296.0"
                    VPOS="2861.0"
                    WIDTH="1566.0"
                    HEIGHT="172.0"></String>
          </TextLine>

          
          
          <TextLine ID="eSc_line_1375079"
                    
                    BASELINE="1269 3065 2868 3081" 
                    HPOS="1264.0"
                    VPOS="2979.0"
                    WIDTH="1603.0"
                    HEIGHT="178.0">
            <Shape><Polygon POINTS="1264 3060 1328 2990 1361 3017 1533 3028 1598 3022 1646 2979 1684 3017 1721 2984 1910 3022 2001 3022 2060 2990 2087 3017 2523 3033 2555 3006 2609 3033 2668 2995 2701 3028 2770 3038 2808 3017 2867 3076 2722 3157 2631 3130 2588 3151 2351 3151 2318 3114 2265 3146 2216 3124 2136 3146 2023 3124 1910 3157 1872 3157 1834 3119 1754 3140 1689 3108 1608 3140 1528 3114 1458 3146 1425 3119 1318 3157 1269 3124"/></Shape>
	    <String CONTENT="עלילות דברים יכול אפי&#39; אמ&#39; לה הקדחת"
                    HPOS="1264.0"
                    VPOS="2979.0"
                    WIDTH="1603.0"
                    HEIGHT="178.0"></String>
          </TextLine>

          
          
          <TextLine ID="eSc_line_1375082"
                    
                    BASELINE="1291 3183 2857 3216" 
                    HPOS="1285.0"
                    VPOS="3108.0"
                    WIDTH="1566.0"
                    HEIGHT="178.0">
            <Shape><Polygon POINTS="1285 3178 1425 3114 1458 3140 1538 3114 1619 3146 1684 3108 1759 3146 1867 3157 2006 3135 2114 3157 2211 3124 2270 3146 2318 3114 2356 3157 2749 3146 2851 3210 2835 3237 2652 3286 2415 3275 2388 3248 2345 3270 2318 3237 2146 3275 2006 3270 1953 3243 1920 3259 1899 3237 1834 3270 1673 3248 1549 3270 1517 3237 1334 3264 1291 3221"/></Shape>
	    <String CONTENT="את התבשיל ולא הקדיחה ת&#39;ל&#39; עלילות"
                    HPOS="1285.0"
                    VPOS="3108.0"
                    WIDTH="1566.0"
                    HEIGHT="178.0"></String>
          </TextLine>

          
          
          <TextLine ID="eSc_line_1375087"
                    
                    BASELINE="1291 3318 2857 3323" 
                    HPOS="1285.0"
                    VPOS="3237.0"
                    WIDTH="1566.0"
                    HEIGHT="162.0">
            <Shape><Polygon POINTS="1285 3313 1334 3264 1813 3275 1893 3237 1920 3264 2033 3275 2275 3264 2313 3237 2345 3270 2388 3243 2421 3275 2501 3280 2749 3264 2792 3307 2851 3318 2760 3388 2684 3399 2625 3377 2534 3393 2501 3361 2464 3393 2410 3366 2222 3393 2157 3361 2130 3382 2033 3366 2006 3388 1829 3388 1775 3361 1700 3388 1657 3366 1560 3388 1425 3361 1372 3388 1291 3339"/></Shape>
	    <String CONTENT="דברים עלילות דברים לגזירה שוה"
                    HPOS="1285.0"
                    VPOS="3237.0"
                    WIDTH="1566.0"
                    HEIGHT="162.0"></String>
          </TextLine>

          
          
          <TextLine ID="eSc_line_1375076"
                    
                    BASELINE="1232 3436 2830 3458" 
                    HPOS="1226.0"
                    VPOS="3345.0"
                    WIDTH="1598.0"
                    HEIGHT="183.0">
            <Shape><Polygon POINTS="1226 3431 1334 3345 1377 3388 1479 3366 1737 3388 1770 3361 1850 3388 1888 3366 2318 3393 2415 3366 2458 3404 2507 3366 2539 3399 2744 3388 2824 3452 2776 3528 2544 3528 2507 3490 2469 3517 2421 3490 2356 3522 2087 3522 1926 3495 1780 3522 1727 3501 1393 3512 1361 3479 1275 3528 1232 3485"/></Shape>
	    <String CONTENT="מה עלילות דבר&#39; האמ&#39; להלן טענת בתולים"
                    HPOS="1226.0"
                    VPOS="3345.0"
                    WIDTH="1598.0"
                    HEIGHT="183.0"></String>
          </TextLine>

          
          
          <TextLine ID="eSc_line_1375070"
                    
                    BASELINE="1269 3560 2808 3571" 
                    HPOS="1264.0"
                    VPOS="3479.0"
                    WIDTH="1539.0"
                    HEIGHT="172.0">
            <Shape><Polygon POINTS="1264 3555 1355 3479 1388 3512 1517 3522 1990 3501 2082 3528 2211 3512 2308 3533 2388 3528 2426 3490 2469 3517 2507 3485 2544 3522 2765 3522 2803 3565 2749 3635 2701 3651 2614 3630 2528 3646 2480 3608 2362 3651 2211 3651 2179 3624 2076 3651 1947 3624 1807 3646 1775 3614 1641 3646 1576 3614 1544 3646 1404 3641 1269 3560"/></Shape>
	    <String CONTENT="אף עלילות דבר&#39; האמ&#39; כאן טענת בתולי&#39;"
                    HPOS="1264.0"
                    VPOS="3479.0"
                    WIDTH="1539.0"
                    HEIGHT="172.0"></String>
          </TextLine>

          
          
          <TextLine ID="eSc_line_1375084"
                    
                    BASELINE="1318 3684 2803 3705" 
                    HPOS="1312.0"
                    VPOS="3608.0"
                    WIDTH="1485.0"
                    HEIGHT="172.0">
            <Shape><Polygon POINTS="1312 3678 1366 3630 1544 3641 1576 3608 1608 3641 1775 3619 1807 3651 1958 3630 2087 3657 2162 3624 2205 3651 2356 3651 2394 3619 2421 3646 2485 3619 2550 3657 2770 3651 2797 3700 2760 3775 2668 3754 2614 3770 2582 3737 2523 3780 2340 3754 2205 3775 2136 3748 2060 3770 2023 3737 1958 3764 1915 3732 1888 3759 1791 3775 1754 3748 1662 3775 1598 3743 1501 3759 1468 3727 1409 3764 1318 3748"/></Shape>
	    <String CONTENT="ומה עלילות דבר&#39; האמ&#39; כאן ← בתולים אף"
                    HPOS="1312.0"
                    VPOS="3608.0"
                    WIDTH="1485.0"
                    HEIGHT="172.0"></String>
          </TextLine>

          
          
          <TextLine ID="eSc_line_1375071"
                    
                    BASELINE="1355 3823 2835 3834" 
                    HPOS="1350.0"
                    VPOS="3727.0"
                    WIDTH="1480.0"
                    HEIGHT="177.0">
            <Shape><Polygon POINTS="1350 3818 1361 3770 1415 3770 1468 3727 1506 3764 1608 3759 1657 3780 1721 3759 1888 3764 1915 3737 1953 3764 2023 3737 2055 3764 2125 3748 2184 3775 2539 3775 2588 3737 2625 3775 2674 3754 2701 3780 2765 3780 2830 3829 2711 3904 2544 3867 2496 3899 2345 3899 2308 3872 2249 3899 1942 3877 1770 3899 1743 3872 1624 3893 1452 3872 1355 3888"/></Shape>
	    <String CONTENT="עלילות דבר&#39; האמ&#39; להלן מקום בתולים"
                    HPOS="1350.0"
                    VPOS="3727.0"
                    WIDTH="1480.0"
                    HEIGHT="177.0"></String>
          </TextLine>

          
          
          <TextLine ID="eSc_line_1375086"
                    
                    BASELINE="1355 3936 2857 3947" 
                    HPOS="1350.0"
                    VPOS="3867.0"
                    WIDTH="1501.0"
                    HEIGHT="172.0">
            <Shape><Polygon POINTS="1350 3931 1361 3888 1441 3883 1646 3893 1748 3872 1775 3899 2335 3904 2501 3899 2550 3867 2577 3893 2765 3888 2851 3942 2776 4017 2652 4012 2625 4039 2582 4001 2335 4028 2232 4006 2103 4017 2076 3990 2033 4017 1689 3996 1355 4017"/></Shape>
	    <String CONTENT="מנין לרבות ביאה אחרת ת&#39;ל&#39; והוציא"
                    HPOS="1350.0"
                    VPOS="3867.0"
                    WIDTH="1501.0"
                    HEIGHT="172.0"></String>
          </TextLine>

          
          
          <TextLine ID="eSc_line_1375077"
                    
                    BASELINE="1372 4055 2808 4092" 
                    HPOS="1366.0"
                    VPOS="3996.0"
                    WIDTH="1437.0"
                    HEIGHT="166.0">
            <Shape><Polygon POINTS="1366 4049 1377 4012 1554 3996 1651 4017 1694 3996 1807 4028 1883 4006 2033 4028 2071 4001 2340 4028 2388 4006 2453 4028 2571 4006 2620 4060 2668 4022 2695 4044 2776 4039 2803 4087 2776 4141 2695 4162 2657 4125 2609 4152 2523 4135 2485 4157 2340 4157 2313 4130 2227 4157 2184 4125 1694 4130 1667 4103 1630 4130 1372 4130"/></Shape>
	    <String CONTENT="עליה שם רע ואמ&#39; את האש&#39; הזאת"
                    HPOS="1366.0"
                    VPOS="3996.0"
                    WIDTH="1437.0"
                    HEIGHT="166.0"></String>
          </TextLine>

          
          
          <TextLine ID="eSc_line_1375080"
                    
                    BASELINE="1269 4173 2830 4211" 
                    HPOS="1264.0"
                    VPOS="4087.0"
                    WIDTH="1560.0"
                    HEIGHT="188.0">
            <Shape><Polygon POINTS="1264 4168 1323 4087 1361 4125 1490 4135 1624 4130 1662 4098 1716 4135 2076 4130 2227 4157 2318 4135 2345 4157 2480 4162 2523 4141 2620 4152 2663 4125 2706 4168 2813 4130 2824 4205 2770 4275 2738 4254 2604 4275 2518 4238 2464 4275 2157 4275 2039 4238 1958 4265 1883 4243 1813 4259 1791 4238 1269 4238"/></Shape>
	    <String CONTENT="מלמד שאין אומ&#39; דברין אלא בעמידת&#39;"
                    HPOS="1264.0"
                    VPOS="4087.0"
                    WIDTH="1560.0"
                    HEIGHT="188.0"></String>
          </TextLine>

          
          
          <TextLine ID="eSc_line_1375083"
                    
                    BASELINE="1318 4302 2857 4329" 
                    HPOS="1312.0"
                    VPOS="4238.0"
                    WIDTH="1539.0"
                    HEIGHT="172.0">
            <Shape><Polygon POINTS="1312 4297 1366 4243 1990 4265 2039 4238 2066 4265 2275 4275 2518 4259 2674 4281 2738 4254 2851 4324 2674 4410 2437 4377 2292 4399 2232 4377 1920 4372 1856 4394 1802 4351 1705 4383 1619 4361 1452 4372 1318 4318"/></Shape>
	    <String CONTENT="לקחתי ואקרב אליה הרי עדים [שזיי&#39;]"
                    HPOS="1312.0"
                    VPOS="4238.0"
                    WIDTH="1539.0"
                    HEIGHT="172.0"></String>
          </TextLine>

          
          
          <TextLine ID="eSc_line_1375074"
                    
                    BASELINE="1339 4426 2824 4442" 
                    HPOS="1334.0"
                    VPOS="4356.0"
                    WIDTH="1485.0"
                    HEIGHT="172.0">
            <Shape><Polygon POINTS="1334 4420 1388 4356 1565 4383 1797 4372 1867 4415 1920 4388 2146 4377 2528 4404 2744 4388 2819 4437 2787 4501 2701 4528 2614 4496 2496 4523 2292 4490 2044 4512 1931 4474 1823 4501 1716 4480 1388 4496 1339 4474"/></Shape>
	    <String CONTENT="שזיינתה בבית אביה ˙ איש אשה"
                    HPOS="1334.0"
                    VPOS="4356.0"
                    WIDTH="1485.0"
                    HEIGHT="172.0"></String>
          </TextLine>

          
          
          <TextLine ID="eSc_line_1375085"
                    
                    BASELINE="1334 4544 2830 4566" 
                    HPOS="1328.0"
                    VPOS="4480.0"
                    WIDTH="1496.0"
                    HEIGHT="166.0">
            <Shape><Polygon POINTS="1328 4539 1366 4490 1823 4512 1958 4480 2168 4517 2292 4490 2335 4517 2711 4528 2760 4501 2803 4507 2824 4560 2770 4630 2544 4646 2378 4614 2238 4641 1942 4609 1845 4636 1813 4614 1732 4625 1700 4598 1608 4625 1506 4619 1366 4587 1334 4555"/></Shape>
	    <String CONTENT="למה נאמר לפי שנא&#39; איש אשר"
                    HPOS="1328.0"
                    VPOS="4480.0"
                    WIDTH="1496.0"
                    HEIGHT="166.0"></String>
          </TextLine>

          
          
          <TextLine ID="eSc_line_1375078"
                    
                    BASELINE="1361 4663 2840 4679" 
                    HPOS="1355.0"
                    VPOS="4603.0"
                    WIDTH="1480.0"
                    HEIGHT="156.0">
            <Shape><Polygon POINTS="1355 4657 1398 4603 1447 4603 1517 4625 1813 4609 1850 4636 2087 4641 2125 4619 2544 4646 2770 4630 2835 4673 2706 4759 2087 4749 2066 4727 2001 4754 1963 4732 1877 4749 1834 4722 1420 4743 1361 4684"/></Shape>
	    <String CONTENT="ינאף את אשת איש אחת שבאו"
                    HPOS="1355.0"
                    VPOS="4603.0"
                    WIDTH="1480.0"
                    HEIGHT="156.0"></String>
          </TextLine>

          
          
          <TextLine ID="eSc_line_1375073"
                    
                    BASELINE="1339 4786 2857 4813" 
                    HPOS="1334.0"
                    VPOS="4727.0"
                    WIDTH="1517.0"
                    HEIGHT="167.0">
            <Shape><Polygon POINTS="1334 4781 1388 4738 2017 4754 2066 4727 2098 4754 2421 4765 2555 4743 2684 4770 2765 4732 2851 4808 2776 4878 2679 4888 2647 4867 2588 4894 2518 4862 2480 4883 2001 4878 1953 4835 1904 4872 1802 4856 1684 4878 1485 4835 1377 4872 1339 4835"/></Shape>
	    <String CONTENT="לה עדים בבית בעלה שזינת בבית"
                    HPOS="1334.0"
                    VPOS="4727.0"
                    WIDTH="1517.0"
                    HEIGHT="167.0"></String>
          </TextLine>

          
          
          <TextLine ID="eSc_line_1375081"
                    
                    BASELINE="1361 4915 2878 4942" 
                    HPOS="1355.0"
                    VPOS="4829.0"
                    WIDTH="1518.0"
                    HEIGHT="188.0">
            <Shape><Polygon POINTS="1355 4910 1366 4867 1840 4878 1904 4872 1958 4829 2001 4878 2076 4883 2765 4878 2873 4937 2840 4937 2776 5001 2577 5017 2491 4991 2044 5007 1936 4985 1797 5017 1754 4985 1700 5007 1361 4991"/></Shape>
	    <String CONTENT="אביה ואחת שבאו לה עדים בבית"
                    HPOS="1355.0"
                    VPOS="4829.0"
                    WIDTH="1518.0"
                    HEIGHT="188.0"></String>
          </TextLine>

          
          
          <TextLine ID="eSc_line_1375075"
                    
                    BASELINE="1323 5055 2808 5071" 
                    HPOS="1318.0"
                    VPOS="4996.0"
                    WIDTH="1485.0"
                    HEIGHT="134.0">
            <Shape><Polygon POINTS="1318 5050 1388 4996 1447 5023 1662 4996 1700 5017 1759 4996 1807 5017 1883 5001 1904 5023 1931 5001 2049 5001 2076 5023 2308 5001 2383 5034 2787 5028 2803 5066 2770 5130 1323 5104"/></Shape>
	    <String CONTENT="אביה שזינת בבית אביה משמע [ש&#39;]"
                    HPOS="1318.0"
                    VPOS="4996.0"
                    WIDTH="1485.0"
                    HEIGHT="134.0"></String>
          </TextLine>

          
        </TextBlock>
        
        <TextBlock HPOS="812.0"
                   VPOS="500.0"
                   WIDTH="544.0"
                   HEIGHT="132.0"
                   ID="eSc_textblock_18438"
                   TAGREFS="BT219">
          <Shape><Polygon POINTS="812 500 812 632 1356 632 1356 500"/></Shape>
          
          
          <TextLine ID="eSc_line_1375021"
                    
                    BASELINE="812 580 1372 580" 
                    HPOS="807.0"
                    VPOS="527.0"
                    WIDTH="559.0"
                    HEIGHT="156.0">
            <Shape><Polygon POINTS="807 575 817 527 844 548 887 527 941 548 1038 527 1065 553 1215 548 1242 527 1366 575 1355 683 1253 640 1129 640 1081 683 941 661 903 677 817 645"/></Shape>
	    <String CONTENT="ספרי ˙ תצא ˙"
                    HPOS="807.0"
                    VPOS="527.0"
                    WIDTH="559.0"
                    HEIGHT="156.0"></String>
          </TextLine>

          
        </TextBlock>
        
        <TextBlock HPOS="1092.0"
                   VPOS="3619.0"
                   WIDTH="198.0"
                   HEIGHT="115.0"
                   ID="eSc_textblock_18439"
                   TAGREFS="BT218">
          <Shape><Polygon POINTS="1092 3619 1092 3734 1290 3734 1290 3619"/></Shape>
          
          
          <TextLine ID="eSc_line_1375088"
                    
                    BASELINE="1059 3673 1315 3662" 
                    HPOS="1054.0"
                    VPOS="3619.0"
                    WIDTH="258.0"
                    HEIGHT="97.0">
            <Shape><Polygon POINTS="1054 3668 1059 3630 1108 3619 1296 3624 1312 3657 1248 3716 1119 3711 1065 3684"/></Shape>
	    <String CONTENT="מקום"
                    HPOS="1054.0"
                    VPOS="3619.0"
                    WIDTH="258.0"
                    HEIGHT="97.0"></String>
          </TextLine>

          
        </TextBlock>
        

        
      </PrintSpace>
    </Page>
  </Layout>
</alto>
