<?xml version="1.0" encoding="UTF-8"?>
<alto xmlns:xsi="http://www.w3.org/2001/XMLSchema-instance"
      xmlns="http://www.loc.gov/standards/alto/ns-v4#"
      xsi:schemaLocation="http://www.loc.gov/standards/alto/ns-v4# http://www.loc.gov/standards/alto/v4/alto-4-2.xsd">
  <Description>
    <MeasurementUnit>pixel</MeasurementUnit>
    <sourceImageInformation>
      <fileName>oulis2017-aya-0505-0.jpg</fileName>
      
    </sourceImageInformation>
  </Description>
  
  <Tags>
    <OtherTag ID="BT1164" LABEL="Hole" DESCRIPTION="block type Hole"/><OtherTag ID="BT2" LABEL="Main" DESCRIPTION="block type Main"/><OtherTag ID="BT3" LABEL="Commentary" DESCRIPTION="block type Commentary"/><OtherTag ID="BT4" LABEL="Illustration" DESCRIPTION="block type Illustration"/><OtherTag ID="BT218" LABEL="Margin" DESCRIPTION="block type Margin"/><OtherTag ID="BT219" LABEL="Paratext" DESCRIPTION="block type Paratext"/>
    <OtherTag ID="LT2" LABEL="Numbering" DESCRIPTION="line type Numbering"/><OtherTag ID="LT3" LABEL="Correction" DESCRIPTION="line type Correction"/><OtherTag ID="LT481" LABEL="Gloss" DESCRIPTION="line type Gloss"/>
  </Tags>
  
  <Layout>
    <Page WIDTH="5402"
          HEIGHT="6454"
          PHYSICAL_IMG_NR="492"
          ID="eSc_dummypage_">
      <PrintSpace HPOS="0"
                  VPOS="0"
                  WIDTH="5402"
                  HEIGHT="6454">
        
        <TextBlock HPOS="3138.0"
                   VPOS="1000.0"
                   WIDTH="1682.0"
                   HEIGHT="4142.0"
                   ID="eSc_textblock_13552"
                   TAGREFS="BT2">
          <Shape><Polygon POINTS="3212 1000 3138 5142 4804 5142 4820 1042"/></Shape>
          
          
          <TextLine ID="eSc_line_1351695"
                    
                    BASELINE="3255 1081 4783 1107" 
                    HPOS="3249.0"
                    VPOS="1005.0"
                    WIDTH="1528.0"
                    HEIGHT="167.0">
            <Shape><Polygon POINTS="3249 1075 3260 1005 3319 1032 3551 1005 3734 1032 3857 1016 3906 1038 3986 1016 4186 1043 4207 1027 4239 1048 4681 1043 4761 1054 4777 1102 4740 1172 4476 1172 4438 1145 4406 1167 4342 1145 4169 1167 4116 1145 3954 1161 3803 1134 3658 1156 3255 1129"/></Shape>
	    <String CONTENT="ארבעה קורות ולהביא את הבנוי על"
                    HPOS="3249.0"
                    VPOS="1005.0"
                    WIDTH="1528.0"
                    HEIGHT="167.0"></String>
          </TextLine>

          
          
          <TextLine ID="eSc_line_1351697"
                    
                    BASELINE="3319 1193 4831 1231" 
                    HPOS="3314.0"
                    VPOS="1129.0"
                    WIDTH="1512.0"
                    HEIGHT="177.0">
            <Shape><Polygon POINTS="3314 1188 3319 1156 3427 1129 3465 1156 3755 1167 3814 1145 3847 1167 4126 1156 4191 1177 4255 1145 4282 1167 4433 1161 4503 1188 4654 1172 4702 1193 4767 1167 4826 1226 4767 1290 4713 1306 4444 1290 4385 1263 4191 1290 4153 1263 4078 1290 3943 1253 3847 1280 3803 1258 3411 1269 3319 1231"/></Shape>
	    <String CONTENT="העצים ועל העמודים אחוזתכם"
                    HPOS="3314.0"
                    VPOS="1129.0"
                    WIDTH="1512.0"
                    HEIGHT="177.0"></String>
          </TextLine>

          
          
          <TextLine ID="eSc_line_1351699"
                    
                    BASELINE="3228 1312 4788 1344" 
                    HPOS="3222.0"
                    VPOS="1210.0"
                    WIDTH="1561.0"
                    HEIGHT="215.0">
            <Shape><Polygon POINTS="3222 1306 3233 1237 3276 1210 3335 1258 3529 1280 3599 1258 3857 1280 3922 1253 4099 1301 4148 1269 4288 1290 4390 1269 4627 1301 4761 1290 4783 1339 4767 1409 4724 1419 4395 1398 4304 1419 4229 1398 3970 1414 3884 1387 3841 1425 3717 1382 3691 1392 3664 1366 3524 1409 3481 1371 3427 1382 3373 1349 3330 1387 3228 1355"/></Shape>
	    <String CONTENT="אחזתכם מטמא בנגעים ואין ירושל&#39;"
                    HPOS="3222.0"
                    VPOS="1210.0"
                    WIDTH="1561.0"
                    HEIGHT="215.0"></String>
          </TextLine>

          
          
          <TextLine ID="eSc_line_1351701"
                    
                    BASELINE="3282 1457 4831 1479" 
                    HPOS="3276.0"
                    VPOS="1366.0"
                    WIDTH="1550.0"
                    HEIGHT="188.0">
            <Shape><Polygon POINTS="3276 1452 3287 1382 3368 1414 3400 1382 3491 1376 3518 1403 3572 1392 3610 1414 3658 1366 3685 1398 3847 1425 3890 1387 4019 1419 4648 1409 4750 1419 4826 1473 4810 1527 4767 1554 4250 1516 4142 1543 4019 1516 3927 1538 3857 1505 3728 1527 3647 1495 3465 1532 3421 1500 3282 1527"/></Shape>
	    <String CONTENT="מטמאה בנגעים א&#39;ר&#39; יהוד&#39; אני לא"
                    HPOS="3276.0"
                    VPOS="1366.0"
                    WIDTH="1550.0"
                    HEIGHT="188.0"></String>
          </TextLine>

          
          
          <TextLine ID="eSc_line_1351703"
                    
                    BASELINE="3276 1581 4815 1608" 
                    HPOS="3271.0"
                    VPOS="1500.0"
                    WIDTH="1539.0"
                    HEIGHT="183.0">
            <Shape><Polygon POINTS="3271 1575 3276 1522 3303 1538 3421 1500 3465 1538 3491 1516 3637 1511 3847 1511 3916 1543 4229 1522 4282 1543 4675 1538 4767 1554 4810 1602 4707 1672 4557 1661 4503 1683 4422 1667 4390 1635 4320 1678 4234 1656 3809 1651 3766 1678 3707 1635 3637 1656 3578 1635 3405 1656 3362 1624 3276 1618"/></Shape>
	    <String CONTENT="שמעתי אלא בית המקדש בלבד ˙"
                    HPOS="3271.0"
                    VPOS="1500.0"
                    WIDTH="1539.0"
                    HEIGHT="183.0"></String>
          </TextLine>

          
          
          <TextLine ID="eSc_line_1351705"
                    
                    BASELINE="3271 1715 4831 1731" 
                    HPOS="3265.0"
                    VPOS="1635.0"
                    WIDTH="1561.0"
                    HEIGHT="182.0">
            <Shape><Polygon POINTS="3265 1710 3330 1635 3400 1656 3707 1635 3766 1678 3803 1656 4164 1672 4207 1651 4320 1678 4385 1640 4428 1678 4492 1688 4568 1656 4659 1667 4691 1694 4745 1661 4826 1726 4810 1790 4767 1812 4697 1780 4600 1807 4449 1796 4411 1817 4342 1780 4250 1796 4191 1764 4099 1790 3900 1796 3680 1769 3303 1774 3271 1742"/></Shape>
	    <String CONTENT="ר&#39; ישמעﭏ או&#39; אחזתכם מטמא [בנ/]"
                    HPOS="3265.0"
                    VPOS="1635.0"
                    WIDTH="1561.0"
                    HEIGHT="182.0"></String>
          </TextLine>

          
          
          <TextLine ID="eSc_line_1351707"
                    
                    BASELINE="3249 1828 4815 1866" 
                    HPOS="3244.0"
                    VPOS="1769.0"
                    WIDTH="1566.0"
                    HEIGHT="167.0">
            <Shape><Polygon POINTS="3244 1823 3276 1823 3325 1774 3411 1769 3911 1796 4347 1780 4379 1817 4465 1796 4611 1812 4713 1785 4810 1860 4756 1930 4600 1936 4411 1914 4266 1930 4229 1903 4142 1930 4083 1903 3949 1925 3830 1887 3782 1909 3583 1887 3534 1925 3497 1898 3389 1898 3362 1871 3298 1898 3249 1850"/></Shape>
	    <String CONTENT="בנגעים אין אחזת גוים מטמא [/]"
                    HPOS="3244.0"
                    VPOS="1769.0"
                    WIDTH="1566.0"
                    HEIGHT="167.0"></String>
          </TextLine>

          
          
          <TextLine ID="eSc_line_1351709"
                    
                    BASELINE="3292 1946 4837 1968" 
                    HPOS="3287.0"
                    VPOS="1877.0"
                    WIDTH="1544.0"
                    HEIGHT="177.0">
            <Shape><Polygon POINTS="3287 1941 3362 1877 3411 1909 3497 1893 3534 1920 3572 1893 3830 1893 3863 1920 4067 1909 4132 1930 4229 1903 4272 1930 4417 1909 4492 1936 4740 1930 4831 1963 4745 2054 4492 2054 4411 2033 4223 2049 4164 2027 4099 2043 4008 2011 3954 2043 3911 2006 3830 2038 3395 2022 3325 2016 3292 1984"/></Shape>
	    <String CONTENT="בנגעים כשם שאין אחזתם מטמ&#39;"
                    HPOS="3287.0"
                    VPOS="1877.0"
                    WIDTH="1544.0"
                    HEIGHT="177.0"></String>
          </TextLine>

          
          
          <TextLine ID="eSc_line_1351711"
                    
                    BASELINE="3185 2054 4783 2102" 
                    HPOS="3179.0"
                    VPOS="1989.0"
                    WIDTH="1598.0"
                    HEIGHT="194.0">
            <Shape><Polygon POINTS="3179 2049 3190 1995 3233 1989 3508 2033 3540 2016 3744 2038 3777 2016 3884 2038 3911 2016 3970 2043 4008 2016 4089 2043 4164 2022 4218 2049 4734 2049 4777 2097 4756 2172 4406 2162 4336 2183 4293 2151 4148 2178 4105 2145 4073 2162 3938 2135 3621 2140 3556 2162 3502 2129 3362 2140 3298 2119 3249 2156 3185 2092"/></Shape>
	    <String CONTENT="בנגעים כך אין בגדיהם וגופן מיטמין"
                    HPOS="3179.0"
                    VPOS="1989.0"
                    WIDTH="1598.0"
                    HEIGHT="194.0"></String>
          </TextLine>

          
          
          <TextLine ID="eSc_line_1351714"
                    
                    BASELINE="3169 2210 4837 2226" 
                    HPOS="3163.0"
                    VPOS="2119.0"
                    WIDTH="1668.0"
                    HEIGHT="193.0">
            <Shape><Polygon POINTS="3163 2205 3196 2205 3298 2119 3335 2140 3524 2124 3556 2156 4299 2156 4342 2194 4401 2172 4750 2172 4831 2221 4734 2296 4508 2312 4455 2307 4422 2275 4164 2296 4132 2264 3970 2285 3938 2258 3841 2291 3723 2285 3691 2258 3357 2269 3319 2237 3255 2269 3169 2210"/></Shape>
	    <String CONTENT="בנגעים ˙ אשר לו הבית שלא ישלח"
                    HPOS="3163.0"
                    VPOS="2119.0"
                    WIDTH="1668.0"
                    HEIGHT="193.0"></String>
          </TextLine>

          
          
          <TextLine ID="eSc_line_1351716"
                    
                    BASELINE="3255 2339 4815 2355" 
                    HPOS="3249.0"
                    VPOS="2237.0"
                    WIDTH="1561.0"
                    HEIGHT="199.0">
            <Shape><Polygon POINTS="3249 2334 3255 2269 3325 2237 3357 2269 3691 2264 3836 2291 3927 2264 3976 2291 4099 2285 4126 2264 4159 2296 4422 2275 4455 2307 4519 2318 4568 2296 4589 2318 4724 2296 4810 2350 4750 2431 4611 2393 4541 2431 4105 2404 4003 2436 3857 2404 3782 2436 3750 2398 3701 2393 3545 2409 3368 2382 3287 2404 3255 2382"/></Shape>
	    <String CONTENT="ביד שליח יכול אפי&#39; זקן ואפי&#39; חולה"
                    HPOS="3249.0"
                    VPOS="2237.0"
                    WIDTH="1561.0"
                    HEIGHT="199.0"></String>
          </TextLine>

          
          
          <TextLine ID="eSc_line_1351718"
                    
                    BASELINE="3255 2468 4772 2484" 
                    HPOS="3249.0"
                    VPOS="2387.0"
                    WIDTH="1518.0"
                    HEIGHT="167.0">
            <Shape><Polygon POINTS="3249 2463 3292 2404 3352 2387 3508 2387 3540 2409 3744 2398 3777 2436 3868 2409 4003 2441 4105 2409 4508 2431 4637 2393 4750 2436 4767 2479 4750 2554 4681 2554 4627 2522 4422 2554 4374 2522 4336 2543 4159 2543 4029 2500 3986 2543 3884 2549 3814 2500 3771 2527 3734 2500 3669 2527 3599 2495 3551 2527 3502 2506 3298 2527 3255 2484"/></Shape>
	    <String CONTENT="ת&#39;ל&#39; ובא ˙ והגיד לכהן ידקדק הכהן"
                    HPOS="3249.0"
                    VPOS="2387.0"
                    WIDTH="1518.0"
                    HEIGHT="167.0"></String>
          </TextLine>

          
          
          <TextLine ID="eSc_line_1351721"
                    
                    BASELINE="3255 2576 4794 2592" 
                    HPOS="3249.0"
                    VPOS="2500.0"
                    WIDTH="1539.0"
                    HEIGHT="167.0">
            <Shape><Polygon POINTS="3249 2570 3292 2522 3502 2506 3556 2527 3604 2500 3669 2527 3717 2506 3771 2527 3814 2500 3868 2554 3986 2543 4040 2506 4153 2543 4379 2527 4411 2554 4627 2527 4788 2586 4772 2646 4729 2667 4691 2640 4594 2667 4546 2635 4492 2662 4374 2667 4094 2656 4073 2635 3895 2651 3857 2624 3664 2635 3588 2597 3352 2635 3255 2581"/></Shape>
	    <String CONTENT="כיצד בא הנגע לביתו לאמר יאמר"
                    HPOS="3249.0"
                    VPOS="2500.0"
                    WIDTH="1539.0"
                    HEIGHT="167.0"></String>
          </TextLine>

          
          
          <TextLine ID="eSc_line_1351723"
                    
                    BASELINE="3206 2678 4761 2699" 
                    HPOS="3201.0"
                    VPOS="2592.0"
                    WIDTH="1555.0"
                    HEIGHT="193.0">
            <Shape><Polygon POINTS="3201 2673 3206 2603 3276 2592 3346 2635 3583 2608 3664 2646 3863 2624 3890 2646 4089 2662 4395 2667 4557 2640 4632 2667 4686 2646 4756 2694 4740 2775 4659 2759 4460 2785 4422 2748 4390 2764 4363 2737 4331 2769 4239 2748 4148 2769 4121 2748 4083 2775 4035 2748 3949 2764 3911 2742 3696 2759 3664 2732 3540 2753 3491 2732 3265 2748 3206 2689"/></Shape>
	    <String CONTENT="לו הכהן דברי כיבושים בני אין הנגעי&#39;"
                    HPOS="3201.0"
                    VPOS="2592.0"
                    WIDTH="1555.0"
                    HEIGHT="193.0"></String>
          </TextLine>

          
          
          <TextLine ID="eSc_line_1351725"
                    
                    BASELINE="3228 2802 4794 2829" 
                    HPOS="3222.0"
                    VPOS="2737.0"
                    WIDTH="1566.0"
                    HEIGHT="167.0">
            <Shape><Polygon POINTS="3222 2796 3303 2742 3491 2737 3545 2759 3664 2737 3949 2769 4019 2748 4099 2769 4137 2748 4164 2769 4325 2775 4368 2737 4481 2785 4734 2775 4788 2823 4734 2893 4557 2904 4368 2872 4164 2893 4116 2855 3981 2855 3879 2893 3841 2850 3771 2866 3723 2845 3653 2877 3578 2850 3524 2882 3497 2855 3432 2866 3389 2834 3341 2866 3276 2861 3228 2812"/></Shape>
	    <String CONTENT="באין אלא על לשון הרע שכן [מ&#39;]"
                    HPOS="3222.0"
                    VPOS="2737.0"
                    WIDTH="1566.0"
                    HEIGHT="167.0"></String>
          </TextLine>

          
          
          <TextLine ID="eSc_line_1351728"
                    
                    BASELINE="3260 2920 4750 2941" 
                    HPOS="3255.0"
                    VPOS="2839.0"
                    WIDTH="1490.0"
                    HEIGHT="178.0">
            <Shape><Polygon POINTS="3255 2915 3276 2861 3330 2872 3384 2839 3427 2872 3491 2855 3524 2888 3578 2845 3631 2877 3841 2855 3873 2888 3916 2866 4116 2866 4142 2893 4363 2872 4460 2904 4681 2888 4729 2898 4745 2936 4729 3011 4654 3011 4627 2984 4594 3006 4546 2984 4514 3017 4266 2979 4040 3001 3997 2974 3728 2995 3615 2963 3330 2979 3298 3011 3260 3006"/></Shape>
	    <String CONTENT="מצינו במרים שלא נענשה אלא"
                    HPOS="3255.0"
                    VPOS="2839.0"
                    WIDTH="1490.0"
                    HEIGHT="178.0"></String>
          </TextLine>

          
          
          <TextLine ID="eSc_line_1351730"
                    
                    BASELINE="3325 3033 4794 3060" 
                    HPOS="3319.0"
                    VPOS="2963.0"
                    WIDTH="1469.0"
                    HEIGHT="172.0">
            <Shape><Polygon POINTS="3319 3028 3341 2979 3443 2990 3604 2963 3728 2995 3927 3001 4013 2979 4040 3001 4465 2995 4498 3017 4627 2990 4745 3017 4788 3054 4691 3135 4594 3108 4562 3135 4455 3130 4411 3097 4385 3119 4229 3108 4159 3130 4121 3097 3965 3124 3841 3087 3685 3114 3626 3076 3513 3108 3325 3108"/></Shape>
	    <String CONTENT="על לשון הרע שנ&#39; השמר בנגע"
                    HPOS="3319.0"
                    VPOS="2963.0"
                    WIDTH="1469.0"
                    HEIGHT="172.0"></String>
          </TextLine>

          
          
          <TextLine ID="eSc_line_1351731"
                    
                    BASELINE="3255 3151 4761 3173" 
                    HPOS="3249.0"
                    VPOS="3081.0"
                    WIDTH="1507.0"
                    HEIGHT="189.0">
            <Shape><Polygon POINTS="3249 3146 3260 3087 3459 3108 3626 3081 3717 3119 3798 3119 3836 3087 3879 3114 4132 3108 4159 3135 4223 3108 4358 3108 4385 3130 4428 3108 4460 3140 4702 3135 4745 3114 4756 3167 4729 3237 4627 3253 4594 3227 4524 3270 4395 3232 4212 3248 4169 3227 4094 3248 3825 3200 3755 3243 3674 3205 3578 3232 3341 3227 3298 3221 3255 3178"/></Shape>
	    <String CONTENT="צרעת לשמר מאד ולעשות וג&#39; זכור"
                    HPOS="3249.0"
                    VPOS="3081.0"
                    WIDTH="1507.0"
                    HEIGHT="189.0"></String>
          </TextLine>

          
          
          <TextLine ID="eSc_line_1351733"
                    
                    BASELINE="3206 3280 4772 3307" 
                    HPOS="3201.0"
                    VPOS="3210.0"
                    WIDTH="1566.0"
                    HEIGHT="178.0">
            <Shape><Polygon POINTS="3201 3275 3249 3275 3303 3227 3405 3216 3567 3237 3674 3216 3755 3243 3884 3210 4212 3253 4406 3237 4519 3270 4718 3243 4767 3302 4750 3345 4691 3388 4347 3377 4315 3345 4202 3388 4126 3356 4062 3366 4035 3339 3911 3366 3863 3345 3830 3377 3739 3339 3658 3366 3561 3323 3524 3339 3491 3302 3448 3302 3411 3339 3314 3345 3206 3280"/></Shape>
	    <String CONTENT="את אשר עשה ייי ﭏיך למרים וכי"
                    HPOS="3201.0"
                    VPOS="3210.0"
                    WIDTH="1566.0"
                    HEIGHT="178.0"></String>
          </TextLine>

          
          
          <TextLine ID="eSc_line_1351734"
                    
                    BASELINE="3249 3393 4794 3442" 
                    HPOS="3244.0"
                    VPOS="3307.0"
                    WIDTH="1544.0"
                    HEIGHT="221.0">
            <Shape><Polygon POINTS="3244 3388 3255 3329 3411 3345 3486 3307 3610 3356 3728 3339 3814 3388 3873 3345 4035 3345 4202 3393 4282 3361 4342 3388 4637 3382 4788 3436 4713 3522 4632 3528 4573 3501 4503 3528 4417 3501 4374 3528 4336 3501 4282 3517 4191 3495 4008 3506 3965 3479 3744 3490 3701 3452 3658 3490 3588 3495 3470 3442 3416 3474 3373 3436 3319 3485 3249 3474"/></Shape>
	    <String CONTENT="מה עניין זה אצל זה אלא ללמדך"
                    HPOS="3244.0"
                    VPOS="3307.0"
                    WIDTH="1544.0"
                    HEIGHT="221.0"></String>
          </TextLine>

          
          
          <TextLine ID="eSc_line_1351738"
                    
                    BASELINE="3163 3528 4740 3571" 
                    HPOS="3158.0"
                    VPOS="3436.0"
                    WIDTH="1576.0"
                    HEIGHT="226.0">
            <Shape><Polygon POINTS="3158 3522 3233 3469 3325 3479 3373 3442 3411 3479 3465 3436 3508 3479 3583 3501 3658 3490 3696 3458 3750 3501 3960 3485 4013 3517 4105 3506 4132 3533 4250 3501 4320 3501 4368 3533 4557 3506 4718 3528 4734 3565 4718 3641 4524 3641 4487 3662 4438 3630 4411 3651 4164 3646 4126 3619 3965 3635 3927 3598 3895 3630 3701 3608 3486 3619 3432 3592 3357 3614 3303 3592 3228 3603 3163 3555"/></Shape>
	    <String CONTENT="שאין נגעים באים אלא על לשון"
                    HPOS="3158.0"
                    VPOS="3436.0"
                    WIDTH="1576.0"
                    HEIGHT="226.0"></String>
          </TextLine>

          
          
          <TextLine ID="eSc_line_1351740"
                    
                    BASELINE="3206 3668 4761 3716" 
                    HPOS="3201.0"
                    VPOS="3592.0"
                    WIDTH="1555.0"
                    HEIGHT="194.0">
            <Shape><Polygon POINTS="3201 3662 3212 3608 3292 3592 3497 3624 3712 3614 3739 3635 3782 3614 3895 3630 3933 3603 3965 3641 4121 3624 4148 3646 4411 3646 4481 3668 4519 3646 4707 3646 4740 3651 4756 3711 4691 3786 4627 3764 4411 3780 4336 3754 4239 3770 4202 3743 4142 3770 4062 3743 4019 3770 3943 3748 3637 3748 3604 3775 3545 3732 3314 3737 3206 3673"/></Shape>
	    <String CONTENT="הרע והרי דבר&#39; קל וחו&#39; ומה אם מרי&#39;"
                    HPOS="3201.0"
                    VPOS="3592.0"
                    WIDTH="1555.0"
                    HEIGHT="194.0"></String>
          </TextLine>

          
          
          <TextLine ID="eSc_line_1351742"
                    
                    BASELINE="3185 3791 4740 3845" 
                    HPOS="3179.0"
                    VPOS="3721.0"
                    WIDTH="1555.0"
                    HEIGHT="194.0">
            <Shape><Polygon POINTS="3179 3786 3212 3786 3276 3721 3400 3748 3561 3743 3610 3786 3642 3754 3755 3743 3809 3764 3949 3748 4003 3775 4078 3748 4142 3775 4191 3743 4422 3786 4611 3764 4707 3780 4734 3840 4718 3899 4675 3915 4578 3888 4385 3904 4342 3877 4304 3904 4180 3883 4099 3915 4056 3883 3873 3893 3798 3861 3685 3877 3621 3845 3540 3877 3486 3856 3314 3861 3222 3791 3185 3791"/></Shape>
	    <String CONTENT="שדיברה שלא בפניו של משה"
                    HPOS="3179.0"
                    VPOS="3721.0"
                    WIDTH="1555.0"
                    HEIGHT="194.0"></String>
          </TextLine>

          
          
          <TextLine ID="eSc_line_1351744"
                    
                    BASELINE="3206 3904 4745 3958" 
                    HPOS="3201.0"
                    VPOS="3823.0"
                    WIDTH="1539.0"
                    HEIGHT="205.0">
            <Shape><Polygon POINTS="3201 3899 3212 3829 3249 3823 3292 3856 3427 3872 3540 3877 3631 3850 3680 3877 3809 3861 3841 3893 4046 3883 4094 3920 4169 3888 4465 3910 4578 3888 4654 3920 4724 3893 4740 3953 4724 4017 4686 4028 4637 4006 4471 4028 4358 4012 4325 3985 4293 4017 4229 3985 4169 4022 4099 3990 4003 4017 3922 3985 3884 4006 3664 3996 3621 3947 3578 3985 3400 3985 3314 3974 3282 3942 3206 4006"/></Shape>
	    <String CONTENT="כך נענשה על אחת כמה וכמה מדב&#39;"
                    HPOS="3201.0"
                    VPOS="3823.0"
                    WIDTH="1539.0"
                    HEIGHT="205.0"></String>
          </TextLine>

          
          
          <TextLine ID="eSc_line_1351746"
                    
                    BASELINE="3239 4022 4772 4071" 
                    HPOS="3233.0"
                    VPOS="3947.0"
                    WIDTH="1534.0"
                    HEIGHT="205.0">
            <Shape><Polygon POINTS="3233 4017 3239 3979 3282 3947 3308 3974 3341 3953 3465 3996 3588 3985 3615 3958 3658 3996 3691 3979 3879 4006 3911 3985 3970 4022 4067 3996 4164 4022 4239 3990 4315 4044 4347 4012 4627 4012 4670 4039 4713 4017 4767 4066 4729 4141 4637 4152 4568 4114 4428 4135 4013 4114 3976 4087 3938 4119 3890 4092 3820 4119 3664 4098 3594 4114 3567 4092 3491 4109 3400 4082 3239 4098"/></Shape>
	    <String CONTENT="גנותו של חבירו ˙ ר&#39; שמע&#39; בן אלע&#39;"
                    HPOS="3233.0"
                    VPOS="3947.0"
                    WIDTH="1534.0"
                    HEIGHT="205.0"></String>
          </TextLine>

          
          
          <TextLine ID="eSc_line_1351748"
                    
                    BASELINE="3136 4157 4761 4184" 
                    HPOS="3131.0"
                    VPOS="4087.0"
                    WIDTH="1625.0"
                    HEIGHT="183.0">
            <Shape><Polygon POINTS="3131 4152 3206 4087 3459 4087 3502 4119 3664 4098 3820 4125 3992 4098 4024 4119 4153 4109 4180 4135 4320 4114 4519 4141 4578 4125 4621 4146 4724 4141 4756 4178 4724 4270 4546 4265 4503 4238 4471 4259 4293 4232 4234 4259 4110 4259 3992 4238 3836 4248 3728 4216 3459 4232 3362 4211 3260 4216 3222 4248 3136 4162"/></Shape>
	    <String CONTENT="אומ&#39; אף על גסות הרוח נגעים באין"
                    HPOS="3131.0"
                    VPOS="4087.0"
                    WIDTH="1625.0"
                    HEIGHT="183.0"></String>
          </TextLine>

          
          
          <TextLine ID="eSc_line_1351750"
                    
                    BASELINE="3228 4270 4745 4318" 
                    HPOS="3222.0"
                    VPOS="4211.0"
                    WIDTH="1518.0"
                    HEIGHT="188.0">
            <Shape><Polygon POINTS="3222 4265 3271 4216 3352 4211 3454 4238 3728 4221 4067 4259 4293 4243 4422 4265 4508 4238 4573 4265 4718 4259 4740 4313 4724 4372 4681 4361 4562 4399 4530 4367 4379 4383 4245 4356 4067 4383 3992 4351 3900 4367 3863 4334 3750 4356 3717 4318 3680 4345 3513 4340 3475 4318 3395 4351 3325 4324 3282 4340 3228 4286"/></Shape>
	    <String CONTENT="שכן מצינו בעוזיהו ובחזקתו גבה"
                    HPOS="3222.0"
                    VPOS="4211.0"
                    WIDTH="1518.0"
                    HEIGHT="188.0"></String>
          </TextLine>

          
          
          <TextLine ID="eSc_line_1351752"
                    
                    BASELINE="3190 4399 4788 4431" 
                    HPOS="3185.0"
                    VPOS="4324.0"
                    WIDTH="1598.0"
                    HEIGHT="188.0">
            <Shape><Polygon POINTS="3185 4394 3335 4334 3421 4345 3486 4324 3529 4351 3691 4345 3723 4324 3755 4361 3868 4340 3890 4361 3986 4356 4062 4383 4255 4361 4315 4404 4336 4383 4508 4372 4568 4404 4681 4361 4783 4426 4702 4496 4605 4512 4562 4485 4438 4507 4368 4469 4272 4507 4234 4485 4148 4496 4121 4469 4089 4501 4062 4474 3986 4501 3927 4447 3841 4490 3744 4490 3712 4453 3674 4480 3578 4485 3502 4480 3470 4447 3239 4469 3190 4420"/></Shape>
	    <String CONTENT="לבו עד להשחית וימעל בייי ﭏהיו [/]"
                    HPOS="3185.0"
                    VPOS="4324.0"
                    WIDTH="1598.0"
                    HEIGHT="188.0"></String>
          </TextLine>

          
          
          <TextLine ID="eSc_line_1351754"
                    
                    BASELINE="3228 4533 4761 4550" 
                    HPOS="3222.0"
                    VPOS="4447.0"
                    WIDTH="1534.0"
                    HEIGHT="183.0">
            <Shape><Polygon POINTS="3222 4528 3233 4469 3416 4469 3475 4447 3502 4474 3680 4480 3712 4458 3739 4490 3836 4496 3927 4453 3976 4501 4062 4469 4089 4496 4121 4474 4142 4496 4229 4485 4277 4507 4358 4469 4465 4517 4557 4485 4600 4507 4686 4496 4756 4544 4707 4625 4524 4630 4148 4614 4099 4593 4019 4625 3803 4625 3621 4576 3368 4603 3228 4571"/></Shape>
	    <String CONTENT="ויבא אל היכל ייי להקטיר על מזבח"
                    HPOS="3222.0"
                    VPOS="4447.0"
                    WIDTH="1534.0"
                    HEIGHT="183.0"></String>
          </TextLine>

          
          
          <TextLine ID="eSc_line_1351755"
                    
                    BASELINE="3249 4646 4788 4684" 
                    HPOS="3244.0"
                    VPOS="4582.0"
                    WIDTH="1539.0"
                    HEIGHT="172.0">
            <Shape><Polygon POINTS="3244 4641 3255 4587 3395 4603 3475 4582 3524 4609 3626 4582 3803 4625 3922 4603 4024 4630 4078 4598 4498 4636 4670 4625 4783 4679 4702 4738 4627 4754 4390 4749 4325 4716 4186 4749 4110 4695 4062 4743 3938 4732 3900 4706 3847 4722 3814 4695 3717 4749 3674 4706 3588 4695 3534 4722 3475 4700 3249 4711"/></Shape>
	    <String CONTENT="הקטרת ויבא אחריו עזריהו הכהן"
                    HPOS="3244.0"
                    VPOS="4582.0"
                    WIDTH="1539.0"
                    HEIGHT="172.0"></String>
          </TextLine>

          
          
          <TextLine ID="eSc_line_1351765"
                    
                    BASELINE="3196 4770 4783 4786" 
                    HPOS="3190.0"
                    VPOS="4679.0"
                    WIDTH="1587.0"
                    HEIGHT="199.0">
            <Shape><Polygon POINTS="3190 4765 3217 4679 3271 4727 3384 4711 3416 4743 3475 4695 3529 4716 3674 4706 3723 4754 3798 4706 3857 4732 4003 4722 4062 4749 4137 4700 4180 4743 4713 4743 4777 4781 4707 4867 4670 4845 4616 4872 4487 4851 4299 4867 4218 4829 4105 4856 4019 4840 3857 4862 3755 4851 3717 4818 3599 4840 3513 4835 3475 4808 3325 4808 3196 4878"/></Shape>
	    <String CONTENT="ועמו כהנים לייי שמנים בני חיל [ויעמ&#39;]"
                    HPOS="3190.0"
                    VPOS="4679.0"
                    WIDTH="1587.0"
                    HEIGHT="199.0"></String>
          </TextLine>

          
          
          <TextLine ID="eSc_line_1351757"
                    
                    BASELINE="3228 4888 4772 4915" 
                    HPOS="3222.0"
                    VPOS="4813.0"
                    WIDTH="1545.0"
                    HEIGHT="194.0">
            <Shape><Polygon POINTS="3222 4883 3276 4829 3481 4813 3508 4835 3578 4829 3647 4872 3712 4824 3857 4867 4029 4840 4164 4862 4218 4835 4261 4867 4379 4878 4481 4851 4605 4878 4675 4851 4767 4910 4713 4991 4670 4958 4584 5007 4428 4980 4390 4942 4261 5001 4223 4964 4126 4985 3960 4953 3884 4980 3766 4958 3707 4974 3669 4937 3631 4958 3604 4931 3481 4964 3362 4942 3335 4915 3276 4953 3228 4915"/></Shape>
	    <String CONTENT="ויעמדו על עזיהו המלך ויאמרו"
                    HPOS="3222.0"
                    VPOS="4813.0"
                    WIDTH="1545.0"
                    HEIGHT="194.0"></String>
          </TextLine>

          
          
          <TextLine ID="eSc_line_1351766"
                    
                    BASELINE="3185 5001 3949 5034 4788 5034" 
                    HPOS="3179.0"
                    VPOS="4937.0"
                    WIDTH="1604.0"
                    HEIGHT="172.0">
            <Shape><Polygon POINTS="3179 4996 3190 4937 4013 4974 4223 4953 4245 4980 4411 4958 4444 4980 4654 4985 4729 4964 4772 4974 4783 5028 4767 5087 4691 5109 4433 5087 4363 5104 4342 5082 4223 5104 4142 5082 4062 5098 4024 5077 3728 5093 3658 5066 3524 5066 3491 5087 3411 5087 3368 5061 3330 5082 3185 5071"/></Shape>
	    <String CONTENT="לו לא לך עזיהו להקטיר לייי כי לכהנ&#39;"
                    HPOS="3179.0"
                    VPOS="4937.0"
                    WIDTH="1604.0"
                    HEIGHT="172.0"></String>
          </TextLine>

          
        </TextBlock>
        
        <TextBlock HPOS="1323.0"
                   VPOS="1009.0"
                   WIDTH="1732.0"
                   HEIGHT="4084.0"
                   ID="eSc_textblock_13551"
                   TAGREFS="BT2">
          <Shape><Polygon POINTS="1430 1009 1323 5093 2981 5093 3055 1034"/></Shape>
          
          
          <TextLine ID="eSc_line_1351694"
                    
                    BASELINE="1490 1070 3045 1081" 
                    HPOS="1485.0"
                    VPOS="1011.0"
                    WIDTH="1554.0"
                    HEIGHT="134.0">
            <Shape><Polygon POINTS="1485 1064 1490 1021 1522 1011 1662 1011 2717 1027 3039 1075 3023 1118 2970 1134 2781 1118 2609 1145 2044 1113 1942 1140 1904 1113 1797 1113 1764 1140 1641 1140 1587 1113 1490 1140"/></Shape>
	    <String CONTENT="בני אהרן המקדשים להקטיר צא מן"
                    HPOS="1485.0"
                    VPOS="1011.0"
                    WIDTH="1554.0"
                    HEIGHT="134.0"></String>
          </TextLine>

          
          
          <TextLine ID="eSc_line_1351696"
                    
                    BASELINE="1463 1188 3029 1193" 
                    HPOS="1458.0"
                    VPOS="1102.0"
                    WIDTH="1565.0"
                    HEIGHT="178.0">
            <Shape><Polygon POINTS="1458 1183 1517 1183 1571 1129 1716 1150 1899 1113 1958 1150 2023 1129 2275 1145 2345 1102 2399 1145 2523 1150 2588 1129 2614 1150 2711 1150 2851 1124 2883 1150 2991 1150 3023 1188 2996 1258 2819 1280 2733 1247 2544 1263 2179 1242 2017 1269 1969 1231 1872 1258 1737 1237 1662 1258 1624 1220 1538 1253 1463 1188"/></Shape>
	    <String CONTENT="המקדש כי מעלת ולא לך לכבוד מייי"
                    HPOS="1458.0"
                    VPOS="1102.0"
                    WIDTH="1565.0"
                    HEIGHT="178.0"></String>
          </TextLine>

          
          
          <TextLine ID="eSc_line_1351698"
                    
                    BASELINE="1452 1306 3072 1317" 
                    HPOS="1447.0"
                    VPOS="1210.0"
                    WIDTH="1619.0"
                    HEIGHT="182.0">
            <Shape><Polygon POINTS="1447 1301 1485 1210 1538 1253 1635 1226 1667 1258 1969 1231 2017 1263 2211 1242 2259 1263 2722 1253 2830 1280 2964 1247 3066 1312 2964 1382 2657 1366 2609 1392 2512 1360 2405 1392 2270 1360 2060 1376 2039 1355 1910 1382 1619 1366 1538 1387 1452 1333"/></Shape>
	    <String CONTENT="ﭏים ויזעף עזיהו ובידו מקטרת להקטי&#39;"
                    HPOS="1447.0"
                    VPOS="1210.0"
                    WIDTH="1619.0"
                    HEIGHT="182.0"></String>
          </TextLine>

          
          
          <TextLine ID="eSc_line_1351700"
                    
                    BASELINE="1511 1436 3034 1457" 
                    HPOS="1506.0"
                    VPOS="1360.0"
                    WIDTH="1523.0"
                    HEIGHT="167.0">
            <Shape><Polygon POINTS="1506 1430 1630 1366 1888 1387 1936 1371 2071 1387 2130 1366 2222 1387 2265 1360 2399 1392 2518 1366 2571 1387 2754 1376 2776 1398 2873 1392 2916 1366 2959 1409 2986 1398 3029 1452 2986 1522 2846 1495 2813 1522 2722 1527 2657 1479 2593 1516 2512 1495 2216 1495 2087 1495 2049 1516 1980 1484 1888 1522 1872 1500 1727 1495 1700 1468 1651 1495 1619 1473 1538 1489 1511 1462"/></Shape>
	    <String CONTENT="ובזעפו עם הכהנים והצרעת זרחה [במ&#39;]"
                    HPOS="1506.0"
                    VPOS="1360.0"
                    WIDTH="1523.0"
                    HEIGHT="167.0"></String>
          </TextLine>

          
          
          <TextLine ID="eSc_line_1351702"
                    
                    BASELINE="1463 1543 3072 1586" 
                    HPOS="1458.0"
                    VPOS="1473.0"
                    WIDTH="1608.0"
                    HEIGHT="178.0">
            <Shape><Polygon POINTS="1458 1538 1468 1479 1565 1495 1630 1473 1689 1522 1823 1495 1888 1527 1985 1479 2049 1516 2227 1500 2496 1522 2604 1516 2657 1479 2701 1527 2862 1505 2986 1532 3066 1581 2959 1651 2501 1624 2281 1640 2184 1613 2098 1635 1775 1613 1716 1635 1678 1597 1592 1618 1565 1591 1463 1624"/></Shape>
	    <String CONTENT="במצחו לפני הכהנים בבית ייי מעל למזבח"
                    HPOS="1458.0"
                    VPOS="1473.0"
                    WIDTH="1608.0"
                    HEIGHT="178.0"></String>
          </TextLine>

          
          
          <TextLine ID="eSc_line_1351704"
                    
                    BASELINE="1485 1667 3039 1710" 
                    HPOS="1479.0"
                    VPOS="1597.0"
                    WIDTH="1555.0"
                    HEIGHT="188.0">
            <Shape><Polygon POINTS="1479 1661 1511 1608 1646 1624 1673 1597 1710 1635 2119 1624 2152 1656 2254 1629 2501 1629 2561 1635 2609 1678 2679 1635 2953 1661 2970 1645 3034 1704 2986 1764 2889 1785 2830 1753 2663 1769 2636 1737 2539 1769 2227 1747 2146 1764 2119 1742 1877 1769 1829 1742 1710 1764 1560 1737 1485 1753"/></Shape>
	    <String CONTENT="הקטרת ˙ נגע מה ת&#39;ל&#39; כנגע אפי&#39; תלמ&#39;"
                    HPOS="1479.0"
                    VPOS="1597.0"
                    WIDTH="1555.0"
                    HEIGHT="188.0"></String>
          </TextLine>

          
          
          <TextLine ID="eSc_line_1351706"
                    
                    BASELINE="1420 1796 3045 1834" 
                    HPOS="1415.0"
                    VPOS="1731.0"
                    WIDTH="1624.0"
                    HEIGHT="172.0">
            <Shape><Polygon POINTS="1415 1790 1441 1731 1490 1758 1533 1737 1673 1758 1743 1737 1867 1769 2765 1753 2857 1764 2883 1790 2916 1764 2964 1769 3039 1828 2980 1898 2894 1903 2727 1871 2367 1887 2329 1860 2222 1893 2189 1866 2119 1887 1904 1882 1877 1850 1797 1839 1727 1839 1689 1871 1485 1871 1420 1839"/></Shape>
	    <String CONTENT="חכמ&#39; ויודע שהיא נגע וודיי לא יגזור"
                    HPOS="1415.0"
                    VPOS="1731.0"
                    WIDTH="1624.0"
                    HEIGHT="172.0"></String>
          </TextLine>

          
          
          <TextLine ID="eSc_line_1351708"
                    
                    BASELINE="1388 1914 3029 1952" 
                    HPOS="1382.0"
                    VPOS="1834.0"
                    WIDTH="1641.0"
                    HEIGHT="193.0">
            <Shape><Polygon POINTS="1382 1909 1463 1860 1684 1877 1737 1834 1872 1860 1893 1887 2125 1887 2189 1860 2232 1893 2415 1871 2550 1898 2722 1871 2873 1909 2948 1887 3023 1946 2980 2016 2926 1989 2840 2011 2711 1989 2652 2027 2249 1989 2055 2011 2033 1989 1947 1995 1899 1946 1861 1984 1786 1989 1737 1946 1694 1989 1522 1984 1479 2011 1388 1957"/></Shape>
	    <String CONTENT="ויאמר נגע נראה לי בבית אלא כנגע"
                    HPOS="1382.0"
                    VPOS="1834.0"
                    WIDTH="1641.0"
                    HEIGHT="193.0"></String>
          </TextLine>

          
          
          <TextLine ID="eSc_line_1351710"
                    
                    BASELINE="1511 2033 3045 2054" 
                    HPOS="1506.0"
                    VPOS="1946.0"
                    WIDTH="1533.0"
                    HEIGHT="194.0">
            <Shape><Polygon POINTS="1506 2027 1528 1989 1684 1995 1743 1946 1791 1995 1893 1952 1942 2000 2049 2016 2238 1989 2313 2011 2631 2006 2657 2027 2711 2000 2835 2016 2937 1995 3039 2049 2959 2140 2910 2140 2878 2108 2813 2135 2701 2108 2663 2124 2641 2097 2561 2124 2189 2124 2055 2086 1985 2124 1786 2102 1678 2119 1511 2059"/></Shape>
	    <String CONTENT="נראה לי בבית נראה לי ולא לנרי"
                    HPOS="1506.0"
                    VPOS="1946.0"
                    WIDTH="1533.0"
                    HEIGHT="194.0"></String>
          </TextLine>

          
          
          <TextLine ID="eSc_line_1351713"
                    
                    BASELINE="1447 2162 2996 2205" 
                    HPOS="1441.0"
                    VPOS="2076.0"
                    WIDTH="1550.0"
                    HEIGHT="215.0">
            <Shape><Polygon POINTS="1441 2156 1603 2076 1705 2124 1931 2108 1953 2129 2055 2086 2082 2119 2216 2135 2889 2124 2910 2151 2970 2156 2991 2199 2975 2275 2889 2285 2857 2258 2803 2291 2744 2232 2674 2275 2561 2264 2534 2237 2415 2269 2345 2248 2082 2269 1996 2221 1861 2264 1705 2232 1544 2248 1447 2162"/></Shape>
	    <String CONTENT="מיכן אמרו בית אפיל אין פותחין"
                    HPOS="1441.0"
                    VPOS="2076.0"
                    WIDTH="1550.0"
                    HEIGHT="215.0"></String>
          </TextLine>

          
          
          <TextLine ID="eSc_line_1351715"
                    
                    BASELINE="1452 2291 3029 2339" 
                    HPOS="1447.0"
                    VPOS="2226.0"
                    WIDTH="1576.0"
                    HEIGHT="183.0">
            <Shape><Polygon POINTS="1447 2285 1452 2226 1495 2264 1592 2232 1840 2264 1947 2237 2071 2264 2405 2269 2528 2242 2561 2275 2711 2269 2754 2237 2797 2285 2840 2258 2883 2291 2970 2275 3023 2334 2970 2398 2787 2377 2679 2409 2631 2382 2501 2387 2464 2361 2399 2393 1877 2377 1823 2323 1770 2366 1673 2377 1598 2339 1522 2377 1452 2318"/></Shape>
	    <String CONTENT="בו חלונות לראות את נגעו ˙ בבית"
                    HPOS="1447.0"
                    VPOS="2226.0"
                    WIDTH="1576.0"
                    HEIGHT="183.0"></String>
          </TextLine>

          
          
          <TextLine ID="eSc_line_1351717"
                    
                    BASELINE="1474 2420 3045 2452" 
                    HPOS="1468.0"
                    VPOS="2328.0"
                    WIDTH="1571.0"
                    HEIGHT="199.0">
            <Shape><Polygon POINTS="1468 2414 1474 2382 1630 2355 1759 2377 1834 2328 1877 2377 1996 2371 2093 2398 2195 2377 2383 2393 2464 2366 2679 2409 2889 2382 3039 2447 2959 2522 2873 2527 2674 2495 2636 2517 2518 2517 2405 2484 2362 2511 2168 2500 2125 2457 2082 2495 2006 2500 1861 2479 1754 2495 1662 2468 1544 2484 1495 2436 1474 2447"/></Shape>
	    <String CONTENT="להביא את הצבוע ˙ בבית להביא"
                    HPOS="1468.0"
                    VPOS="2328.0"
                    WIDTH="1571.0"
                    HEIGHT="199.0"></String>
          </TextLine>

          
          
          <TextLine ID="eSc_line_1351720"
                    
                    BASELINE="1485 2527 3029 2570" 
                    HPOS="1479.0"
                    VPOS="2452.0"
                    WIDTH="1544.0"
                    HEIGHT="183.0">
            <Shape><Polygon POINTS="1479 2522 1506 2452 1544 2484 1662 2474 1694 2495 1856 2479 1883 2500 2066 2500 2141 2479 2179 2506 2340 2511 2410 2490 2614 2522 2926 2511 3023 2565 2948 2635 2797 2613 2647 2635 2604 2592 2507 2619 2469 2603 2119 2619 2001 2586 1920 2630 1850 2592 1485 2586"/></Shape>
	    <String CONTENT="את העלייה בבית מתוכו הוא מטמא"
                    HPOS="1479.0"
                    VPOS="2452.0"
                    WIDTH="1544.0"
                    HEIGHT="183.0"></String>
          </TextLine>

          
          
          <TextLine ID="eSc_line_1351722"
                    
                    BASELINE="1398 2635 3034 2683" 
                    HPOS="1393.0"
                    VPOS="2570.0"
                    WIDTH="1636.0"
                    HEIGHT="178.0">
            <Shape><Polygon POINTS="1393 2630 1463 2570 1517 2592 1877 2597 1936 2640 2001 2597 2383 2624 2582 2592 2668 2635 2738 2640 2770 2613 2964 2635 3029 2678 2953 2742 2733 2748 2388 2721 2195 2737 2087 2699 2012 2726 1920 2667 1872 2716 1813 2694 1770 2726 1710 2689 1651 2726 1554 2699 1468 2726 1398 2662"/></Shape>
	    <String CONTENT="ואין מטמא מאחריו ˙ וצוה הכהן"
                    HPOS="1393.0"
                    VPOS="2570.0"
                    WIDTH="1636.0"
                    HEIGHT="178.0"></String>
          </TextLine>

          
          
          <TextLine ID="eSc_line_1351724"
                    
                    BASELINE="1441 2764 3029 2796" 
                    HPOS="1436.0"
                    VPOS="2694.0"
                    WIDTH="1587.0"
                    HEIGHT="183.0">
            <Shape><Polygon POINTS="1436 2759 1501 2710 1684 2716 1721 2759 1807 2699 1856 2721 1936 2694 2001 2726 2195 2737 2921 2737 3023 2791 2953 2872 2883 2877 2770 2866 2749 2839 2593 2861 2480 2823 2345 2855 2232 2855 2157 2823 2119 2855 2001 2850 1953 2818 1775 2839 1710 2802 1667 2829 1565 2818 1479 2845 1441 2807"/></Shape>
	    <String CONTENT="ופינו הציווי בכהן ופינוי בכ[כ]ל אדם"
                    HPOS="1436.0"
                    VPOS="2694.0"
                    WIDTH="1587.0"
                    HEIGHT="183.0"></String>
          </TextLine>

          
          
          <TextLine ID="eSc_line_1351726"
                    
                    BASELINE="1485 2872 2975 2920" 
                    HPOS="1479.0"
                    VPOS="2812.0"
                    WIDTH="1491.0"
                    HEIGHT="178.0">
            <Shape><Polygon POINTS="1479 2866 1560 2818 1673 2834 1710 2812 1856 2855 1926 2823 2141 2866 2184 2845 2345 2861 2469 2829 2674 2866 2738 2845 2857 2877 2932 2866 2970 2915 2953 2974 2846 2990 2787 2958 2663 2979 2345 2974 2308 2952 2146 2974 2114 2941 1980 2963 1953 2936 1867 2941 1840 2915 1764 2958 1721 2925 1667 2958 1635 2925 1554 2947 1485 2909"/></Shape>
	    <String CONTENT="ופינו את הבית אפי&#39; חבילי עצים"
                    HPOS="1479.0"
                    VPOS="2812.0"
                    WIDTH="1491.0"
                    HEIGHT="178.0"></String>
          </TextLine>

          
          
          <TextLine ID="eSc_line_1351771"
                    
                    BASELINE="1441 3006 3029 3022" 
                    HPOS="1436.0"
                    VPOS="2920.0"
                    WIDTH="1587.0"
                    HEIGHT="183.0">
            <Shape><Polygon POINTS="1436 3001 1511 2920 1544 2952 1630 2931 1673 2968 1716 2931 1743 2958 1926 2936 1980 2968 2114 2952 2216 2990 2254 2963 2469 2963 2528 3011 2588 2974 2744 2984 2797 2963 2835 2984 2948 2979 3023 3017 3007 3060 2932 3103 2787 3103 2744 3071 2620 3103 2480 3054 2431 3097 2093 3087 2049 3044 1980 3081 1926 3054 1802 3076 1716 3038 1641 3071 1533 3071 1441 3006"/></Shape>
	    <String CONTENT="אפי&#39; חבילי קנים דברי ר&#39; יהוד&#39; ר&#39; [ש&#39;]"
                    HPOS="1436.0"
                    VPOS="2920.0"
                    WIDTH="1587.0"
                    HEIGHT="183.0"></String>
          </TextLine>

          
          
          <TextLine ID="eSc_line_1351758"
                    
                    BASELINE="1382 3108 3023 3157" 
                    HPOS="1377.0"
                    VPOS="3033.0"
                    WIDTH="1641.0"
                    HEIGHT="199.0">
            <Shape><Polygon POINTS="1377 3103 1458 3033 1587 3076 1710 3038 1743 3076 1807 3087 1915 3065 1969 3087 2044 3038 2103 3092 2431 3097 2566 3065 2593 3092 2679 3103 2744 3071 2787 3103 2948 3103 3018 3151 2910 3227 2749 3205 2679 3232 2555 3221 2512 3194 2453 3216 2195 3194 1926 3210 1850 3183 1700 3200 1657 3167 1565 3200 1468 3173 1382 3108"/></Shape>
	    <String CONTENT="שמע&#39; או&#39; עסק הוא לפינוי א&#39;ר&#39; מאיר"
                    HPOS="1377.0"
                    VPOS="3033.0"
                    WIDTH="1641.0"
                    HEIGHT="199.0"></String>
          </TextLine>

          
          
          <TextLine ID="eSc_line_1351736"
                    
                    BASELINE="1404 3248 3007 3275" 
                    HPOS="1398.0"
                    VPOS="3178.0"
                    WIDTH="1604.0"
                    HEIGHT="167.0">
            <Shape><Polygon POINTS="1398 3243 1495 3178 1528 3200 1667 3183 1953 3216 2932 3216 3002 3270 2926 3339 2824 3313 2776 3345 2362 3339 2308 3307 2259 3339 2055 3339 1899 3302 1834 3329 1581 3302 1495 3318 1404 3248"/></Shape>
	    <String CONTENT="וכי מה מטמא בנגעים רשעים או"
                    HPOS="1398.0"
                    VPOS="3178.0"
                    WIDTH="1604.0"
                    HEIGHT="167.0"></String>
          </TextLine>

          
          
          <TextLine ID="eSc_line_1351773"
                    
                    BASELINE="1468 3366 3018 3393" 
                    HPOS="1463.0"
                    VPOS="3302.0"
                    WIDTH="1550.0"
                    HEIGHT="177.0">
            <Shape><Polygon POINTS="1463 3361 1522 3313 1856 3329 1953 3307 2055 3334 2270 3339 2308 3302 2340 3334 2410 3339 2937 3339 3013 3388 2916 3469 2760 3479 2690 3442 2625 3463 2577 3415 2523 3469 2453 3442 2232 3452 2205 3425 2012 3458 1942 3425 1834 3458 1770 3420 1694 3442 1468 3436"/></Shape>
	    <String CONTENT="צדיקים הוי או&#39; רשעים וכי מה [מ&#39;]"
                    HPOS="1463.0"
                    VPOS="3302.0"
                    WIDTH="1550.0"
                    HEIGHT="177.0"></String>
          </TextLine>

          
          
          <TextLine ID="eSc_line_1351762"
                    
                    BASELINE="1398 3490 2986 3517" 
                    HPOS="1393.0"
                    VPOS="3420.0"
                    WIDTH="1587.0"
                    HEIGHT="183.0">
            <Shape><Polygon POINTS="1393 3485 1463 3436 1598 3425 1834 3458 1936 3425 1985 3458 2146 3452 2205 3425 2238 3452 2518 3474 2582 3420 2636 3469 2690 3452 2733 3479 2964 3474 2980 3512 2964 3581 2910 3603 2566 3592 2528 3560 2480 3598 2394 3598 2335 3555 2270 3587 2125 3587 2071 3549 1996 3581 1899 3544 1845 3581 1759 3592 1684 3549 1474 3555 1398 3490"/></Shape>
	    <String CONTENT="מטמא לו אם תאמר כלי עצו בגדיו"
                    HPOS="1393.0"
                    VPOS="3420.0"
                    WIDTH="1587.0"
                    HEIGHT="183.0"></String>
          </TextLine>

          
          
          <TextLine ID="eSc_line_1351735"
                    
                    BASELINE="1420 3630 3029 3673" 
                    HPOS="1415.0"
                    VPOS="3549.0"
                    WIDTH="1608.0"
                    HEIGHT="194.0">
            <Shape><Polygon POINTS="1415 3624 1501 3565 1635 3549 1727 3592 1861 3571 2028 3587 2060 3565 2270 3598 2340 3560 2394 3592 2496 3598 2523 3571 2609 3608 2792 3587 2926 3614 3023 3668 2932 3737 2647 3743 2614 3711 2399 3727 2286 3668 2227 3721 2173 3711 2103 3737 2071 3705 1996 3700 1845 3700 1807 3727 1759 3684 1694 3716 1657 3678 1485 3700 1420 3641"/></Shape>
	    <String CONTENT="ומתכתו מטבילין והן טהורין על מה"
                    HPOS="1415.0"
                    VPOS="3549.0"
                    WIDTH="1608.0"
                    HEIGHT="194.0"></String>
          </TextLine>

          
          
          <TextLine ID="eSc_line_1351761"
                    
                    BASELINE="1447 3748 2964 3780" 
                    HPOS="1441.0"
                    VPOS="3678.0"
                    WIDTH="1518.0"
                    HEIGHT="205.0">
            <Shape><Polygon POINTS="1441 3743 1474 3700 1657 3678 1700 3716 1764 3694 1802 3732 1845 3694 2076 3705 2146 3737 2200 3716 2265 3759 2335 3716 2614 3716 2641 3737 2932 3737 2959 3775 2943 3845 2765 3883 2727 3845 2437 3845 2405 3818 2318 3856 2259 3829 2157 3834 2114 3807 2066 3834 1883 3834 1807 3802 1727 3840 1651 3802 1549 3829 1447 3759"/></Shape>
	    <String CONTENT="חסה התורה על כלי חרשו על פכו"
                    HPOS="1441.0"
                    VPOS="3678.0"
                    WIDTH="1518.0"
                    HEIGHT="205.0"></String>
          </TextLine>

          
          
          <TextLine ID="eSc_line_1351763"
                    
                    BASELINE="1436 3861 2986 3910" 
                    HPOS="1431.0"
                    VPOS="3780.0"
                    WIDTH="1549.0"
                    HEIGHT="194.0">
            <Shape><Polygon POINTS="1431 3856 1436 3813 1490 3780 1522 3818 1608 3829 2119 3823 2173 3845 2254 3829 2308 3856 2410 3829 2727 3845 2770 3883 2803 3856 2964 3840 2980 3904 2937 3974 2539 3963 2507 3936 2475 3963 2367 3974 2313 3953 2232 3963 2205 3936 1990 3953 1953 3915 1915 3947 1850 3953 1748 3926 1678 3947 1646 3920 1533 3942 1436 3861"/></Shape>
	    <String CONTENT="ועל תיפיו אם כך חסה התורה על"
                    HPOS="1431.0"
                    VPOS="3780.0"
                    WIDTH="1549.0"
                    HEIGHT="194.0"></String>
          </TextLine>

          
          
          <TextLine ID="eSc_line_1351770"
                    
                    BASELINE="1398 3979 3007 4022" 
                    HPOS="1393.0"
                    VPOS="3883.0"
                    WIDTH="1609.0"
                    HEIGHT="215.0">
            <Shape><Polygon POINTS="1393 3974 1398 3910 1447 3883 1560 3963 1587 3936 1721 3931 1888 3953 1953 3910 2001 3953 2195 3931 2238 3974 2512 3947 2604 3969 2910 3969 3002 4017 2926 4098 2862 4098 2824 4071 2410 4082 2367 4055 2286 4087 2189 4066 2146 4092 2087 4039 2017 4082 1947 4044 1807 4087 1764 4055 1689 4066 1667 4044 1603 4071 1490 4017 1452 4049 1398 4039"/></Shape>
	    <String CONTENT="ממונו החביב אם כך על ממונו קל וחו&#39;"
                    HPOS="1393.0"
                    VPOS="3883.0"
                    WIDTH="1609.0"
                    HEIGHT="215.0"></String>
          </TextLine>

          
          
          <TextLine ID="eSc_line_1351774"
                    
                    BASELINE="1409 4125 2986 4146" 
                    HPOS="1404.0"
                    VPOS="4049.0"
                    WIDTH="1576.0"
                    HEIGHT="172.0">
            <Shape><Polygon POINTS="1404 4119 1479 4119 1549 4060 1630 4071 1667 4049 1775 4060 1813 4103 1845 4071 1920 4076 1947 4055 1980 4082 2109 4066 2136 4092 2173 4071 2292 4087 2469 4066 2749 4098 2819 4066 2916 4103 2964 4076 2980 4141 2964 4200 2846 4221 2792 4178 2733 4221 2367 4178 2324 4205 2216 4200 2157 4157 2114 4189 2006 4195 1980 4173 1877 4205 1807 4162 1727 4205 1651 4152 1560 4195 1452 4125 1409 4125"/></Shape>
	    <String CONTENT="על נפש בנו ובנתיו אם על כך על"
                    HPOS="1404.0"
                    VPOS="4049.0"
                    WIDTH="1576.0"
                    HEIGHT="172.0"></String>
          </TextLine>

          
          
          <TextLine ID="eSc_line_1351767"
                    
                    BASELINE="1441 4238 2964 4281" 
                    HPOS="1436.0"
                    VPOS="4162.0"
                    WIDTH="1523.0"
                    HEIGHT="189.0">
            <Shape><Polygon POINTS="1436 4232 1468 4232 1528 4178 1651 4189 1673 4168 1716 4205 1770 4189 1818 4232 1936 4178 2060 4205 2168 4162 2211 4200 2313 4200 2351 4238 2437 4195 2485 4216 2577 4200 2749 4221 2792 4184 2840 4227 2926 4216 2959 4275 2943 4318 2846 4351 2765 4308 2717 4324 2695 4302 2636 4334 2577 4308 2523 4329 2475 4308 2421 4334 2356 4297 2243 4324 2125 4291 2076 4318 1953 4297 1899 4324 1807 4275 1716 4324 1657 4302 1576 4318 1441 4259"/></Shape>
	    <String CONTENT="של רשע קל וחומ&#39; על של צדיק ˙"
                    HPOS="1436.0"
                    VPOS="4162.0"
                    WIDTH="1523.0"
                    HEIGHT="189.0"></String>
          </TextLine>

          
          
          <TextLine ID="eSc_line_1351760"
                    
                    BASELINE="1452 4356 2986 4388" 
                    HPOS="1447.0"
                    VPOS="4291.0"
                    WIDTH="1533.0"
                    HEIGHT="178.0">
            <Shape><Polygon POINTS="1447 4351 1479 4291 1705 4324 1780 4291 2066 4324 2125 4297 2173 4334 2195 4313 2378 4308 2512 4340 2706 4313 2733 4340 2787 4324 2846 4351 2970 4324 2980 4383 2964 4453 2883 4464 2727 4464 2674 4420 2588 4458 2308 4442 2270 4469 2216 4431 2119 4415 2060 4437 1452 4437"/></Shape>
	    <String CONTENT="בטרם יבא הכהן לראות את הנגע"
                    HPOS="1447.0"
                    VPOS="4291.0"
                    WIDTH="1533.0"
                    HEIGHT="178.0"></String>
          </TextLine>

          
          
          <TextLine ID="eSc_line_1351772"
                    
                    BASELINE="1398 4490 2959 4517" 
                    HPOS="1393.0"
                    VPOS="4426.0"
                    WIDTH="1560.0"
                    HEIGHT="161.0">
            <Shape><Polygon POINTS="1393 4485 1463 4431 1549 4426 1716 4447 2119 4431 2254 4464 2302 4442 2641 4458 2679 4431 2711 4469 2905 4458 2953 4512 2937 4571 2910 4582 2835 4544 2787 4587 2641 4560 2464 4582 2222 4560 2119 4582 2028 4523 1990 4539 1963 4512 1920 4550 1845 4560 1474 4555 1398 4490"/></Shape>
	    <String CONTENT="ולא לראות את הפינוי ולא יטמא"
                    HPOS="1393.0"
                    VPOS="4426.0"
                    WIDTH="1560.0"
                    HEIGHT="161.0"></String>
          </TextLine>

          
          
          <TextLine ID="eSc_line_1351759"
                    
                    BASELINE="1404 4593 2953 4641" 
                    HPOS="1398.0"
                    VPOS="4523.0"
                    WIDTH="1550.0"
                    HEIGHT="183.0">
            <Shape><Polygon POINTS="1398 4587 1447 4544 1920 4560 1958 4523 2033 4598 2082 4566 2426 4566 2512 4587 2711 4560 2787 4593 2835 4550 2948 4636 2921 4700 2873 4706 2813 4673 2625 4700 2571 4657 2491 4695 2093 4689 2023 4652 1926 4689 1834 4652 1775 4684 1463 4673 1404 4614"/></Shape>
	    <String CONTENT="כל אשר בבית מה ת&#39;ל&#39; לפי שמצינו"
                    HPOS="1398.0"
                    VPOS="4523.0"
                    WIDTH="1550.0"
                    HEIGHT="183.0"></String>
          </TextLine>

          
          
          <TextLine ID="eSc_line_1351768"
                    
                    BASELINE="1355 4722 3002 4754" 
                    HPOS="1350.0"
                    VPOS="4646.0"
                    WIDTH="1646.0"
                    HEIGHT="183.0">
            <Shape><Polygon POINTS="1350 4716 1420 4646 1463 4673 1624 4663 1759 4684 1845 4657 1904 4689 2028 4668 2179 4695 2496 4695 2577 4668 2636 4700 2830 4684 2926 4706 2986 4684 2996 4749 2910 4824 2851 4829 2663 4818 2631 4797 2528 4824 2378 4792 2238 4813 1813 4797 1754 4818 1727 4792 1538 4786 1506 4754 1420 4813 1355 4754"/></Shape>
	    <String CONTENT="בנכנס לבית המנוגע שאין מטמא"
                    HPOS="1350.0"
                    VPOS="4646.0"
                    WIDTH="1646.0"
                    HEIGHT="183.0"></String>
          </TextLine>

          
          
          <TextLine ID="eSc_line_1351775"
                    
                    BASELINE="1409 4845 3007 4883" 
                    HPOS="1404.0"
                    VPOS="4786.0"
                    WIDTH="1598.0"
                    HEIGHT="172.0">
            <Shape><Polygon POINTS="1404 4840 1409 4808 1452 4792 1506 4813 1646 4786 1732 4797 1764 4829 1834 4797 2243 4813 2372 4792 2421 4824 2631 4802 2701 4835 2765 4813 2910 4835 3002 4878 2910 4953 2797 4958 2754 4921 2706 4953 2550 4953 2507 4910 2372 4942 2313 4894 2238 4931 1899 4931 1802 4872 1694 4937 1571 4905 1474 4915 1409 4851"/></Shape>
	    <String CONTENT="בגדים עד שישהא בכדי אכילת"
                    HPOS="1404.0"
                    VPOS="4786.0"
                    WIDTH="1598.0"
                    HEIGHT="172.0"></String>
          </TextLine>

          
          
          <TextLine ID="eSc_line_1351769"
                    
                    BASELINE="1302 4958 2959 5007" 
                    HPOS="1296.0"
                    VPOS="4883.0"
                    WIDTH="1657.0"
                    HEIGHT="199.0">
            <Shape><Polygon POINTS="1296 4953 1307 4915 1361 4915 1398 4883 1447 4921 1598 4905 1624 4926 1754 4926 1802 4894 1850 4921 2001 4910 2055 4937 2114 4910 2238 4931 2345 4910 2372 4937 2528 4915 2598 4953 2706 4953 2765 4926 2851 4958 2883 4937 2943 4964 2953 5001 2937 5061 2857 5082 2727 5050 2588 5077 2561 5050 2448 5071 2270 5050 2254 5066 2184 5034 2109 5061 1920 5034 1485 5044 1302 5012"/></Shape>
	    <String CONTENT="פרס יכול אפי&#39; היו שם כלים מקופלין"
                    HPOS="1296.0"
                    VPOS="4883.0"
                    WIDTH="1657.0"
                    HEIGHT="199.0"></String>
          </TextLine>

          
        </TextBlock>
        
        <TextBlock HPOS="753.0"
                   VPOS="597.0"
                   WIDTH="768.0"
                   HEIGHT="123.0"
                   ID="eSc_textblock_13550"
                   TAGREFS="BT219">
          <Shape><Polygon POINTS="753 597 753 720 1521 720 1521 597"/></Shape>
          
          
          <TextLine ID="eSc_line_1351692"
                    
                    BASELINE="731 661 1172 640 1232 640 1485 650" 
                    HPOS="726.0"
                    VPOS="602.0"
                    WIDTH="753.0"
                    HEIGHT="140.0">
            <Shape><Polygon POINTS="726 656 731 629 790 607 1102 623 1124 602 1447 602 1479 645 1468 726 1312 731 1248 704 1215 731 1129 736 1076 709 990 731 936 709 866 742 737 715"/></Shape>
	    <String CONTENT="תורת כהנים ˙ מצורע ˙"
                    HPOS="726.0"
                    VPOS="602.0"
                    WIDTH="753.0"
                    HEIGHT="140.0"></String>
          </TextLine>

          
        </TextBlock>
        

        
      </PrintSpace>
    </Page>
  </Layout>
</alto>
