<?xml version="1.0" encoding="UTF-8"?>
<alto xmlns:xsi="http://www.w3.org/2001/XMLSchema-instance"
      xmlns="http://www.loc.gov/standards/alto/ns-v4#"
      xsi:schemaLocation="http://www.loc.gov/standards/alto/ns-v4# http://www.loc.gov/standards/alto/v4/alto-4-2.xsd">
  <Description>
    <MeasurementUnit>pixel</MeasurementUnit>
    <sourceImageInformation>
      <fileName>oulis2017-aya-0753-0.jpg</fileName>
      
    </sourceImageInformation>
  </Description>
  
  <Tags>
    <OtherTag ID="BT1164" LABEL="Hole" DESCRIPTION="block type Hole"/><OtherTag ID="BT2" LABEL="Main" DESCRIPTION="block type Main"/><OtherTag ID="BT3" LABEL="Commentary" DESCRIPTION="block type Commentary"/><OtherTag ID="BT4" LABEL="Illustration" DESCRIPTION="block type Illustration"/><OtherTag ID="BT218" LABEL="Margin" DESCRIPTION="block type Margin"/><OtherTag ID="BT219" LABEL="Paratext" DESCRIPTION="block type Paratext"/>
    <OtherTag ID="LT2" LABEL="Numbering" DESCRIPTION="line type Numbering"/><OtherTag ID="LT3" LABEL="Correction" DESCRIPTION="line type Correction"/><OtherTag ID="LT481" LABEL="Gloss" DESCRIPTION="line type Gloss"/>
  </Tags>
  
  <Layout>
    <Page WIDTH="5402"
          HEIGHT="6454"
          PHYSICAL_IMG_NR="740"
          ID="eSc_dummypage_">
      <PrintSpace HPOS="0"
                  VPOS="0"
                  WIDTH="5402"
                  HEIGHT="6454">
        
        <TextBlock HPOS="3110.0"
                   VPOS="1056.0"
                   WIDTH="1634.0"
                   HEIGHT="4245.0"
                   ID="eSc_textblock_16065"
                   TAGREFS="BT2">
          <Shape><Polygon POINTS="3110 1056 3110 5301 4744 5301 4744 1056"/></Shape>
          
          
          <TextLine ID="eSc_line_1369133"
                    
                    BASELINE="3120 1172 4729 1177" 
                    HPOS="3115.0"
                    VPOS="1081.0"
                    WIDTH="1609.0"
                    HEIGHT="161.0">
            <Shape><Polygon POINTS="3115 1167 3142 1118 3346 1118 3395 1081 3475 1118 3529 1091 3567 1118 3588 1097 3626 1107 3653 1081 3712 1107 3744 1081 3803 1102 3836 1081 3868 1107 3981 1081 4137 1081 4223 1107 4250 1081 4299 1081 4352 1102 4411 1086 4546 1118 4707 1118 4724 1172 4707 1215 4578 1242 4471 1220 4422 1237 4395 1215 4196 1242 4056 1215 3933 1215 3911 1237 3793 1215 3696 1242 3578 1220 3497 1242 3163 1242 3120 1215"/></Shape>
	    <String CONTENT="משה על פקודי החיל וג&#39; מגיד שאין"
                    HPOS="3115.0"
                    VPOS="1081.0"
                    WIDTH="1609.0"
                    HEIGHT="161.0"></String>
          </TextLine>

          
          
          <TextLine ID="eSc_line_1369134"
                    
                    BASELINE="3163 1290 4702 1306" 
                    HPOS="3158.0"
                    VPOS="1215.0"
                    WIDTH="1539.0"
                    HEIGHT="172.0">
            <Shape><Polygon POINTS="3158 1285 3163 1258 3233 1237 3529 1247 3578 1220 3615 1247 3760 1253 3809 1231 3900 1253 3938 1215 3992 1215 4186 1258 4363 1237 4648 1253 4697 1301 4632 1376 4600 1382 4524 1349 4304 1387 4277 1360 4191 1376 4110 1339 4035 1366 3927 1349 3863 1371 3712 1371 3680 1339 3653 1360 3556 1344 3518 1366 3400 1344 3249 1366 3212 1333 3163 1339"/></Shape>
	    <String CONTENT="הסירחון תלוי אלא בגדולים ויאמר"
                    HPOS="3158.0"
                    VPOS="1215.0"
                    WIDTH="1539.0"
                    HEIGHT="172.0"></String>
          </TextLine>

          
          
          <TextLine ID="eSc_line_1369136"
                    
                    BASELINE="3131 1414 4681 1425" 
                    HPOS="3126.0"
                    VPOS="1333.0"
                    WIDTH="1549.0"
                    HEIGHT="162.0">
            <Shape><Polygon POINTS="3126 1409 3206 1333 3271 1371 3314 1344 3508 1371 3556 1344 3653 1360 3674 1339 3787 1371 4040 1371 4116 1349 4186 1376 4277 1360 4299 1382 4519 1355 4541 1376 4632 1376 4675 1419 4616 1489 4503 1473 4401 1495 3976 1473 3470 1495 3427 1468 3201 1489 3131 1425"/></Shape>
	    <String CONTENT="אליהם משה החייתם כל נקבה אמ&#39; לו"
                    HPOS="3126.0"
                    VPOS="1333.0"
                    WIDTH="1549.0"
                    HEIGHT="162.0"></String>
          </TextLine>

          
          
          <TextLine ID="eSc_line_1369138"
                    
                    BASELINE="3120 1538 4729 1554" 
                    HPOS="3115.0"
                    VPOS="1468.0"
                    WIDTH="1609.0"
                    HEIGHT="167.0">
            <Shape><Polygon POINTS="3115 1532 3152 1532 3196 1489 3890 1495 3976 1468 4401 1505 4573 1479 4637 1489 4724 1548 4648 1624 4573 1629 4347 1608 4299 1624 4239 1602 4051 1618 4019 1597 3895 1624 3777 1591 3739 1629 3653 1629 3599 1602 3572 1624 3459 1608 3400 1635 3373 1608 3201 1624 3120 1543"/></Shape>
	    <String CONTENT="פנחס רבי שפקדתנו עשינו הן הנה"
                    HPOS="3115.0"
                    VPOS="1468.0"
                    WIDTH="1609.0"
                    HEIGHT="167.0"></String>
          </TextLine>

          
          
          <TextLine ID="eSc_line_1369141"
                    
                    BASELINE="3169 1683 4707 1683" 
                    HPOS="3163.0"
                    VPOS="1591.0"
                    WIDTH="1539.0"
                    HEIGHT="178.0">
            <Shape><Polygon POINTS="3163 1678 3174 1613 3378 1618 3432 1645 3470 1613 3712 1635 3787 1591 3836 1624 4024 1602 4062 1629 4234 1608 4648 1635 4691 1613 4702 1678 4664 1742 4546 1769 4503 1769 4465 1731 4374 1764 4288 1737 4019 1747 3997 1726 3895 1758 3691 1753 3642 1721 3524 1764 3443 1742 3276 1764 3174 1731"/></Shape>
	    <String CONTENT="לבני ישר&#39; בד&#39; בל&#39; אמ&#39; להם אפי&#39; אתם"
                    HPOS="3163.0"
                    VPOS="1591.0"
                    WIDTH="1539.0"
                    HEIGHT="178.0"></String>
          </TextLine>

          
          
          <TextLine ID="eSc_line_1369143"
                    
                    BASELINE="3142 1812 4707 1823" 
                    HPOS="3136.0"
                    VPOS="1715.0"
                    WIDTH="1566.0"
                    HEIGHT="188.0">
            <Shape><Polygon POINTS="3136 1807 3185 1758 3357 1769 3432 1747 3481 1769 3637 1715 3691 1753 3868 1758 3992 1737 4368 1764 4465 1737 4492 1764 4627 1764 4702 1817 4637 1898 4368 1903 4315 1855 4272 1893 4073 1893 3691 1887 3621 1850 3594 1877 3454 1898 3411 1855 3373 1887 3239 1893 3185 1887 3142 1844"/></Shape>
	    <String CONTENT="מכנסין המונות שבעול&#39; אין אתם"
                    HPOS="3136.0"
                    VPOS="1715.0"
                    WIDTH="1566.0"
                    HEIGHT="188.0"></String>
          </TextLine>

          
          
          <TextLine ID="eSc_line_1369145"
                    
                    BASELINE="3169 1941 4707 1952" 
                    HPOS="3163.0"
                    VPOS="1860.0"
                    WIDTH="1539.0"
                    HEIGHT="173.0">
            <Shape><Polygon POINTS="3163 1936 3206 1887 3475 1898 3637 1871 3707 1893 3933 1877 4266 1898 4315 1860 4358 1903 4627 1898 4702 1946 4584 2022 4455 1984 4411 2027 4379 1995 4207 2022 4142 1995 4073 2022 3739 1989 3583 2022 3534 1984 3454 2016 3373 1989 3233 2033 3169 1968"/></Shape>
	    <String CONTENT="יכולין להם שמא מרובין יתר מן"
                    HPOS="3163.0"
                    VPOS="1860.0"
                    WIDTH="1539.0"
                    HEIGHT="173.0"></String>
          </TextLine>

          
          
          <TextLine ID="eSc_line_1369147"
                    
                    BASELINE="3126 2065 4707 2081" 
                    HPOS="3120.0"
                    VPOS="1984.0"
                    WIDTH="1582.0"
                    HEIGHT="167.0">
            <Shape><Polygon POINTS="3120 2059 3179 2006 3249 2033 3389 1989 3421 2011 3540 1989 3588 2022 4105 2016 4159 1995 4191 2022 4385 2006 4417 2033 4465 1984 4551 2022 4659 1989 4702 2076 4600 2145 4433 2151 4390 2113 4272 2151 4207 2119 4126 2140 4035 2113 3981 2140 3916 2124 3873 2145 3653 2145 3594 2108 3556 2140 3475 2124 3190 2145 3126 2081"/></Shape>
	    <String CONTENT="המצ&#39; שנ&#39; ויקח שש מאות רכב בחור"
                    HPOS="3120.0"
                    VPOS="1984.0"
                    WIDTH="1582.0"
                    HEIGHT="167.0"></String>
          </TextLine>

          
          
          <TextLine ID="eSc_line_1369149"
                    
                    BASELINE="3196 2188 4729 2210" 
                    HPOS="3190.0"
                    VPOS="2113.0"
                    WIDTH="1534.0"
                    HEIGHT="162.0">
            <Shape><Polygon POINTS="3190 2183 3217 2140 3561 2140 3594 2113 3653 2151 3803 2129 4148 2145 4207 2119 4293 2151 4352 2145 4390 2113 4428 2151 4637 2140 4724 2205 4648 2269 4605 2275 4288 2253 4137 2275 4040 2226 3981 2264 3852 2242 3707 2275 3642 2226 3604 2264 3497 2264 3454 2232 3395 2269 3196 2253"/></Shape>
	    <String CONTENT="וג&#39; אלא באו ואני נותן לכם עצה"
                    HPOS="3190.0"
                    VPOS="2113.0"
                    WIDTH="1534.0"
                    HEIGHT="162.0"></String>
          </TextLine>

          
          
          <TextLine ID="eSc_line_1369151"
                    
                    BASELINE="3120 2318 4707 2323" 
                    HPOS="3115.0"
                    VPOS="2226.0"
                    WIDTH="1587.0"
                    HEIGHT="167.0">
            <Shape><Polygon POINTS="3115 2312 3152 2237 3206 2264 3395 2275 3438 2237 3486 2269 3561 2269 3647 2232 3707 2275 3739 2253 3965 2264 4051 2226 4137 2269 4621 2269 4702 2318 4643 2387 4508 2393 3836 2393 3777 2366 3750 2393 3653 2393 3621 2361 3594 2387 3152 2387 3120 2355"/></Shape>
	    <String CONTENT="מה תעשו אלהיהן של אילו שונא"
                    HPOS="3115.0"
                    VPOS="2226.0"
                    WIDTH="1587.0"
                    HEIGHT="167.0"></String>
          </TextLine>

          
          
          <TextLine ID="eSc_line_1369153"
                    
                    BASELINE="3109 2431 4729 2447" 
                    HPOS="3104.0"
                    VPOS="2350.0"
                    WIDTH="1620.0"
                    HEIGHT="177.0">
            <Shape><Polygon POINTS="3104 2425 3120 2350 3158 2387 3583 2387 3621 2366 3653 2393 3760 2393 3782 2371 3836 2393 4616 2382 4724 2441 4643 2506 4600 2484 4557 2511 3922 2484 3685 2511 3470 2479 3438 2511 3201 2495 3163 2527 3109 2527"/></Shape>
	    <String CONTENT="ז(י)מה הוא העמידו להן נשיכם ובנותיכ&#39;"
                    HPOS="3104.0"
                    VPOS="2350.0"
                    WIDTH="1620.0"
                    HEIGHT="177.0"></String>
          </TextLine>

          
          
          <TextLine ID="eSc_line_1369155"
                    
                    BASELINE="3142 2554 4702 2560" 
                    HPOS="3136.0"
                    VPOS="2484.0"
                    WIDTH="1561.0"
                    HEIGHT="162.0">
            <Shape><Polygon POINTS="3136 2549 3206 2495 3411 2500 3454 2543 3497 2500 4568 2511 4605 2484 4697 2554 4632 2635 4487 2635 4438 2608 4411 2635 4239 2640 4212 2613 3906 2640 3787 2603 3734 2630 3615 2630 3578 2592 3540 2624 3378 2635 3330 2608 3239 2646 3142 2554"/></Shape>
	    <String CONTENT="לזמה והן שטופין בזימה וﭏהיהן"
                    HPOS="3136.0"
                    VPOS="2484.0"
                    WIDTH="1561.0"
                    HEIGHT="162.0"></String>
          </TextLine>

          
          
          <TextLine ID="eSc_line_1369157"
                    
                    BASELINE="3147 2683 4707 2694" 
                    HPOS="3142.0"
                    VPOS="2586.0"
                    WIDTH="1560.0"
                    HEIGHT="194.0">
            <Shape><Polygon POINTS="3142 2678 3196 2613 3233 2646 3308 2619 3524 2630 3578 2586 3615 2624 3744 2624 3782 2597 3927 2646 4277 2646 4411 2635 4455 2608 4503 2640 4632 2635 4702 2689 4594 2769 4352 2759 4218 2780 4186 2753 3976 2775 3809 2753 3771 2721 3728 2753 3669 2732 3631 2753 3470 2742 3432 2775 3368 2742 3303 2769 3233 2742 3185 2780 3147 2742"/></Shape>
	    <String CONTENT="שולט בהן שזה כלל שכל זמן [שע&#39;]"
                    HPOS="3142.0"
                    VPOS="2586.0"
                    WIDTH="1560.0"
                    HEIGHT="194.0"></String>
          </TextLine>

          
          
          <TextLine ID="eSc_line_1369159"
                    
                    BASELINE="3201 2812 4724 2823" 
                    HPOS="3196.0"
                    VPOS="2732.0"
                    WIDTH="1522.0"
                    HEIGHT="177.0">
            <Shape><Polygon POINTS="3196 2807 3222 2748 3459 2775 3481 2753 3621 2759 3669 2732 3696 2759 3965 2775 4632 2759 4718 2818 4621 2888 4476 2893 4449 2872 4304 2909 4255 2866 4062 2904 3981 2882 3201 2893"/></Shape>
	    <String CONTENT="שעושין רצונו הוא נלחם להם שנ&#39;"
                    HPOS="3196.0"
                    VPOS="2732.0"
                    WIDTH="1522.0"
                    HEIGHT="177.0"></String>
          </TextLine>

          
          
          <TextLine ID="eSc_line_1369161"
                    
                    BASELINE="3163 2936 4729 2947" 
                    HPOS="3158.0"
                    VPOS="2866.0"
                    WIDTH="1566.0"
                    HEIGHT="167.0">
            <Shape><Polygon POINTS="3158 2931 3169 2872 3206 2898 3664 2882 4132 2904 4212 2898 4261 2866 4304 2909 4455 2877 4481 2898 4611 2882 4724 2941 4707 2974 4589 3033 4508 3001 4471 3028 4148 3028 4121 3001 4067 3028 3890 3028 3857 2995 3820 3017 3771 3001 3599 3028 3551 2990 3486 3028 3325 3011 3276 3033 3163 2995"/></Shape>
	    <String CONTENT="ייי ילחם לכם ובזמן שאין עושין [/]"
                    HPOS="3158.0"
                    VPOS="2866.0"
                    WIDTH="1566.0"
                    HEIGHT="167.0"></String>
          </TextLine>

          
          
          <TextLine ID="eSc_line_1369162"
                    
                    BASELINE="3120 3065 4686 3092" 
                    HPOS="3115.0"
                    VPOS="3001.0"
                    WIDTH="1566.0"
                    HEIGHT="172.0">
            <Shape><Polygon POINTS="3115 3060 3131 3006 3265 3028 3868 3011 3890 3033 4078 3028 4126 3001 4159 3033 4481 3033 4519 3011 4605 3033 4670 3011 4681 3087 4637 3162 4594 3119 4546 3157 4455 3167 4385 3119 4336 3157 4121 3162 4099 3140 3976 3135 3830 3167 3739 3140 3508 3157 3454 3119 3416 3151 3276 3124 3120 3173"/></Shape>
	    <String CONTENT="רצונו כביכול הוא נלחם בם שנ&#39; ויהפך"
                    HPOS="3115.0"
                    VPOS="3001.0"
                    WIDTH="1566.0"
                    HEIGHT="172.0"></String>
          </TextLine>

          
          
          <TextLine ID="eSc_line_1369163"
                    
                    BASELINE="3169 3200 4675 3210" 
                    HPOS="3163.0"
                    VPOS="3114.0"
                    WIDTH="1507.0"
                    HEIGHT="172.0">
            <Shape><Polygon POINTS="3163 3194 3185 3151 3287 3135 3416 3157 3454 3119 3502 3157 3750 3140 3825 3167 3981 3140 4029 3162 4094 3140 4121 3162 4336 3157 4379 3114 4428 3162 4546 3157 4589 3119 4670 3205 4605 3286 4578 3264 4514 3275 4487 3248 4460 3275 4368 3259 4288 3280 4234 3253 4202 3275 3965 3280 3551 3259 3244 3275 3169 3237"/></Shape>
	    <String CONTENT="להם לאויב הוא נלחם בם ולא עוד"
                    HPOS="3163.0"
                    VPOS="3114.0"
                    WIDTH="1507.0"
                    HEIGHT="172.0"></String>
          </TextLine>

          
          
          <TextLine ID="eSc_line_1369182"
                    
                    BASELINE="3152 3313 4681 3323" 
                    HPOS="3147.0"
                    VPOS="3253.0"
                    WIDTH="1528.0"
                    HEIGHT="162.0">
            <Shape><Polygon POINTS="3147 3307 3152 3253 3362 3280 3793 3264 3933 3286 4229 3259 4277 3280 4438 3264 4487 3286 4573 3264 4600 3291 4659 3253 4675 3318 4632 3388 4535 3382 4514 3404 4395 3399 4368 3377 4288 3399 4250 3361 4202 3404 4126 3382 3976 3393 3949 3372 3744 3393 3637 3366 3561 3372 3486 3415 3432 3372 3325 3393 3152 3366"/></Shape>
	    <String CONTENT="אלא שעושין את הרחמן אכזרי"
                    HPOS="3147.0"
                    VPOS="3253.0"
                    WIDTH="1528.0"
                    HEIGHT="162.0"></String>
          </TextLine>

          
          
          <TextLine ID="eSc_line_1369164"
                    
                    BASELINE="3163 3436 4681 3442" 
                    HPOS="3158.0"
                    VPOS="3372.0"
                    WIDTH="1517.0"
                    HEIGHT="145.0">
            <Shape><Polygon POINTS="3158 3431 3174 3372 3319 3393 3438 3377 3486 3415 3561 3377 3782 3399 3943 3372 4132 3382 4245 3425 4352 3382 4514 3409 4535 3388 4611 3399 4659 3377 4675 3436 4632 3501 4578 3517 4411 3495 4342 3512 4304 3474 4245 3506 4019 3495 3879 3517 3820 3485 3766 3512 3701 3485 3642 3512 3567 3479 3470 3501 3438 3469 3352 3517 3163 3479"/></Shape>
	    <String CONTENT="שנ&#39; היה ייי כאויב בלע ישר&#39; ˙ ועתה"
                    HPOS="3158.0"
                    VPOS="3372.0"
                    WIDTH="1517.0"
                    HEIGHT="145.0"></String>
          </TextLine>

          
          
          <TextLine ID="eSc_line_1369179"
                    
                    BASELINE="3142 3549 4691 3565" 
                    HPOS="3136.0"
                    VPOS="3469.0"
                    WIDTH="1550.0"
                    HEIGHT="166.0">
            <Shape><Polygon POINTS="3136 3544 3179 3490 3362 3522 3438 3469 3465 3495 3701 3490 3744 3517 3809 3485 3873 3517 4024 3495 4223 3517 4304 3479 4342 3517 4632 3506 4686 3560 4643 3624 4600 3635 4212 3635 4186 3614 4029 3630 4008 3608 3900 3635 3868 3608 3599 3624 3572 3598 3524 3630 3475 3608 3384 3630 3271 3619 3244 3592 3185 3614 3142 3587"/></Shape>
	    <String CONTENT="הרגו כל זכר בטף וג&#39; זו בעולה [והר&#39;]"
                    HPOS="3136.0"
                    VPOS="3469.0"
                    WIDTH="1550.0"
                    HEIGHT="166.0"></String>
          </TextLine>

          
          
          <TextLine ID="eSc_line_1369166"
                    
                    BASELINE="3120 3684 4681 3689" 
                    HPOS="3115.0"
                    VPOS="3592.0"
                    WIDTH="1560.0"
                    HEIGHT="194.0">
            <Shape><Polygon POINTS="3115 3678 3244 3592 3292 3630 3352 3614 3395 3635 3524 3635 3561 3603 3594 3630 3863 3608 3890 3630 3986 3608 4089 3635 4186 3614 4255 3635 4659 3630 4675 3684 4654 3754 4562 3770 4487 3737 4051 3770 3976 3737 3895 3737 3820 3786 3739 3775 3701 3743 3578 3764 3341 3754 3287 3775 3185 3748 3120 3684"/></Shape>
	    <String CONTENT="והראויה לבעל א&#39;ע&#39;פ&#39; שלא נבעלה"
                    HPOS="3115.0"
                    VPOS="3592.0"
                    WIDTH="1560.0"
                    HEIGHT="194.0"></String>
          </TextLine>

          
          
          <TextLine ID="eSc_line_1369168"
                    
                    BASELINE="3131 3823 4686 3823" 
                    HPOS="3126.0"
                    VPOS="3743.0"
                    WIDTH="1555.0"
                    HEIGHT="167.0">
            <Shape><Polygon POINTS="3126 3818 3136 3743 3287 3775 3647 3748 3809 3786 3965 3754 4040 3775 4670 3759 4681 3818 4670 3867 4616 3899 4524 3867 4465 3904 3986 3877 3949 3899 3873 3883 3674 3910 3631 3877 3486 3899 3384 3893 3341 3867 3314 3888 3179 3893 3136 3850"/></Shape>
	    <String CONTENT="או שאינה ראויה לבעל כשהו אומ&#39;"
                    HPOS="3126.0"
                    VPOS="3743.0"
                    WIDTH="1555.0"
                    HEIGHT="167.0"></String>
          </TextLine>

          
          
          <TextLine ID="eSc_line_1369169"
                    
                    BASELINE="3126 3947 4724 3963" 
                    HPOS="3120.0"
                    VPOS="3867.0"
                    WIDTH="1598.0"
                    HEIGHT="188.0">
            <Shape><Polygon POINTS="3120 3942 3179 3893 3335 3877 3631 3883 3674 3910 4126 3877 4239 3910 4320 3888 4449 3910 4557 3867 4718 3958 4627 4033 4551 4033 4530 4012 4374 4055 4352 4033 4099 4012 3911 4028 3798 3979 3744 4028 3475 4022 3389 3990 3346 4017 3206 4017 3126 3947"/></Shape>
	    <String CONTENT="כל הטף בנשים הרי שאינה ראויה"
                    HPOS="3120.0"
                    VPOS="3867.0"
                    WIDTH="1598.0"
                    HEIGHT="188.0"></String>
          </TextLine>

          
          
          <TextLine ID="eSc_line_1369170"
                    
                    BASELINE="3142 4071 4707 4076" 
                    HPOS="3136.0"
                    VPOS="3979.0"
                    WIDTH="1566.0"
                    HEIGHT="183.0">
            <Shape><Polygon POINTS="3136 4066 3152 3985 3206 4017 3384 4006 3502 4033 3750 4028 3798 3979 3906 4028 4347 4028 4379 4060 4433 4028 4530 4017 4562 4039 4600 4017 4702 4071 4627 4157 4578 4135 4471 4162 4422 4162 4374 4114 4342 4146 4245 4152 4148 4125 4035 4152 3814 4152 3777 4119 3669 4157 3604 4135 3529 4152 3502 4130 3432 4146 3395 4114 3362 4146 3303 4152 3271 4119 3222 4130 3142 4071"/></Shape>
	    <String CONTENT="ליבעל אמור ומה ת&#39;ל&#39; ועתה הרגו כל"
                    HPOS="3136.0"
                    VPOS="3979.0"
                    WIDTH="1566.0"
                    HEIGHT="183.0"></String>
          </TextLine>

          
          
          <TextLine ID="eSc_line_1369171"
                    
                    BASELINE="3120 4195 4713 4216" 
                    HPOS="3115.0"
                    VPOS="4103.0"
                    WIDTH="1592.0"
                    HEIGHT="199.0">
            <Shape><Polygon POINTS="3115 4189 3126 4125 3179 4103 3217 4130 3271 4119 3303 4152 3502 4130 3658 4162 3771 4125 3825 4152 3911 4135 3954 4162 4067 4157 4110 4125 4175 4152 4342 4157 4379 4125 4422 4168 4578 4146 4659 4168 4707 4211 4632 4286 4530 4286 4503 4259 4411 4297 4180 4286 4148 4254 4062 4291 3809 4254 3696 4281 3647 4259 3621 4281 3438 4286 3400 4254 3298 4270 3271 4248 3120 4302"/></Shape>
	    <String CONTENT="זכר וג&#39; בבעולה והראויה לבעל וא&#39;ע&#39;פ&#39;"
                    HPOS="3115.0"
                    VPOS="4103.0"
                    WIDTH="1592.0"
                    HEIGHT="199.0"></String>
          </TextLine>

          
          
          <TextLine ID="eSc_line_1369173"
                    
                    BASELINE="3142 4329 4707 4334" 
                    HPOS="3136.0"
                    VPOS="4254.0"
                    WIDTH="1566.0"
                    HEIGHT="161.0">
            <Shape><Polygon POINTS="3136 4324 3158 4275 3292 4281 3341 4259 3432 4291 3615 4286 3647 4265 3739 4281 3787 4259 3895 4286 4121 4286 4148 4259 4175 4286 4390 4297 4498 4254 4530 4286 4654 4286 4702 4329 4648 4394 4584 4415 4535 4383 4417 4415 4196 4410 4153 4388 3567 4415 3481 4394 3416 4410 3384 4388 3233 4410 3179 4404 3142 4367"/></Shape>
	    <String CONTENT="שלא נבעלה הרגו ל&#39;נ&#39; להפסיק הענין"
                    HPOS="3136.0"
                    VPOS="4254.0"
                    WIDTH="1566.0"
                    HEIGHT="161.0"></String>
          </TextLine>

          
          
          <TextLine ID="eSc_line_1369174"
                    
                    BASELINE="3104 4442 4724 4453" 
                    HPOS="3099.0"
                    VPOS="4383.0"
                    WIDTH="1619.0"
                    HEIGHT="161.0">
            <Shape><Polygon POINTS="3099 4437 3136 4383 3190 4410 3395 4394 3432 4415 3475 4394 3556 4415 3852 4388 3906 4410 4153 4394 4191 4415 4422 4415 4444 4394 4503 4410 4535 4383 4568 4415 4637 4399 4718 4447 4632 4517 4551 4533 4438 4501 4304 4533 4207 4501 4110 4533 4083 4512 3992 4528 3809 4501 3755 4523 3658 4496 3594 4523 3502 4501 3443 4528 3298 4507 3158 4544 3104 4490"/></Shape>
	    <String CONTENT="דב&#39; ר&#39; ישמע&#39; שאני קורא ועתה הרגו"
                    HPOS="3099.0"
                    VPOS="4383.0"
                    WIDTH="1619.0"
                    HEIGHT="161.0"></String>
          </TextLine>

          
          
          <TextLine ID="eSc_line_1369184"
                    
                    BASELINE="3152 4566 4686 4571" 
                    HPOS="3147.0"
                    VPOS="4496.0"
                    WIDTH="1534.0"
                    HEIGHT="156.0">
            <Shape><Polygon POINTS="3147 4560 3190 4523 3303 4507 3421 4528 3508 4507 3583 4533 3658 4507 3755 4528 4142 4528 4212 4496 4293 4528 4433 4507 4541 4550 4584 4517 4637 4517 4681 4566 4664 4625 4627 4646 4029 4652 3927 4630 3873 4652 3787 4646 3755 4619 3669 4646 3637 4625 3551 4641 3524 4614 3497 4641 3421 4619 3179 4652 3152 4625"/></Shape>
	    <String CONTENT="כל זכר וכל הטף בנשים איני יודע"
                    HPOS="3147.0"
                    VPOS="4496.0"
                    WIDTH="1534.0"
                    HEIGHT="156.0"></String>
          </TextLine>

          
          
          <TextLine ID="eSc_line_1369176"
                    
                    BASELINE="3179 4695 4729 4700" 
                    HPOS="3174.0"
                    VPOS="4614.0"
                    WIDTH="1550.0"
                    HEIGHT="183.0">
            <Shape><Polygon POINTS="3174 4689 3185 4652 3228 4636 3502 4641 3529 4614 3604 4646 3755 4625 3863 4652 4648 4646 4724 4695 4621 4775 4524 4754 4385 4775 4342 4738 4293 4775 4132 4781 4099 4749 4029 4792 3868 4797 3599 4743 3475 4775 3421 4743 3373 4765 3179 4749"/></Shape>
	    <String CONTENT="באיזה עינין הכת&#39; מדבר לכך נאמ&#39;"
                    HPOS="3174.0"
                    VPOS="4614.0"
                    WIDTH="1550.0"
                    HEIGHT="183.0"></String>
          </TextLine>

          
          
          <TextLine ID="eSc_line_1369181"
                    
                    BASELINE="3120 4808 4675 4818" 
                    HPOS="3115.0"
                    VPOS="4738.0"
                    WIDTH="1555.0"
                    HEIGHT="188.0">
            <Shape><Polygon POINTS="3115 4802 3185 4754 3260 4770 3303 4743 3330 4765 3421 4749 3459 4781 3615 4749 3820 4797 4029 4808 4094 4759 4126 4786 4266 4786 4347 4738 4385 4775 4654 4775 4670 4813 4654 4899 4422 4899 4363 4878 4304 4921 4239 4926 4116 4921 3992 4813 3933 4840 3873 4813 3798 4856 3701 4883 3647 4872 3610 4899 3556 4856 3465 4910 3416 4862 3260 4888 3169 4856 3120 4808"/></Shape>
	    <String CONTENT="הרוגו להפסיק העינין דב&#39; ר&#39;"
                    HPOS="3115.0"
                    VPOS="4738.0"
                    WIDTH="1555.0"
                    HEIGHT="188.0"></String>
          </TextLine>

          
          
          <TextLine ID="eSc_line_1369178"
                    
                    BASELINE="3448 4921 4718 4953" 
                    HPOS="3443.0"
                    VPOS="4840.0"
                    WIDTH="1270.0"
                    HEIGHT="215.0">
            <Shape><Polygon POINTS="3443 4915 3561 4862 3604 4910 3658 4872 3712 4888 3771 4862 3884 4872 4008 4840 4121 4931 4304 4937 4401 4878 4481 4905 4643 4894 4713 4948 4594 5023 4433 5023 4401 5001 4347 5055 4309 5055 4250 4991 4153 4948 4089 5007 3830 5007 3782 4969 3739 5007 3658 5012 3599 4958 3497 5023 3448 5012"/></Shape>
	    <String CONTENT="ישמע&#39; ד&#39;א&#39; הרוגו ל&#39;נ&#39;"
                    HPOS="3443.0"
                    VPOS="4840.0"
                    WIDTH="1270.0"
                    HEIGHT="215.0"></String>
          </TextLine>

          
          
          <TextLine ID="eSc_line_1369198"
                    
                    BASELINE="3518 5044 4299 5071 4363 5071 4724 5082" 
                    HPOS="3513.0"
                    VPOS="4964.0"
                    WIDTH="1205.0"
                    HEIGHT="209.0">
            <Shape><Polygon POINTS="3513 5039 3518 5001 3594 4964 3674 5017 3728 5012 3787 4969 3836 5012 4212 5007 4261 5055 4282 5039 4315 5061 4401 5001 4535 5034 4632 5007 4718 5077 4616 5157 4562 5157 4524 5125 4465 5173 4411 5173 4304 5066 4148 5152 4099 5120 4078 5136 3976 5109 3916 5136 3852 5093 3814 5125 3723 5114 3626 5152 3518 5066"/></Shape>
	    <String CONTENT="שיכול הראויה ליבעל"
                    HPOS="3513.0"
                    VPOS="4964.0"
                    WIDTH="1205.0"
                    HEIGHT="209.0"></String>
          </TextLine>

          
          
          <TextLine ID="eSc_line_1369160"
                    
                    BASELINE="3152 5168 4686 5195" 
                    HPOS="3147.0"
                    VPOS="5093.0"
                    WIDTH="1534.0"
                    HEIGHT="188.0">
            <Shape><Polygon POINTS="3147 5163 3152 5114 3228 5093 3298 5114 3454 5093 3588 5141 3717 5104 3771 5125 3868 5104 3900 5130 3981 5104 4062 5120 4089 5152 4277 5114 4325 5152 4487 5157 4530 5125 4568 5157 4664 5157 4681 5190 4664 5238 4594 5265 4481 5265 4374 5233 4245 5238 4196 5265 4153 5233 4105 5281 3766 5276 3723 5227 3664 5249 3621 5222 3556 5270 3470 5265 3443 5233 3411 5254 3314 5222 3212 5249 3152 5233"/></Shape>
	    <String CONTENT="אמ&#39; ליהרג בעולה על אחת"
                    HPOS="3147.0"
                    VPOS="5093.0"
                    WIDTH="1534.0"
                    HEIGHT="188.0"></String>
          </TextLine>

          
        </TextBlock>
        
        <TextBlock HPOS="1316.0"
                   VPOS="1044.0"
                   WIDTH="1608.0"
                   HEIGHT="4257.0"
                   ID="eSc_textblock_16064"
                   TAGREFS="BT2">
          <Shape><Polygon POINTS="1328 1044 1316 5214 2875 5301 2924 1081"/></Shape>
          
          
          <TextLine ID="eSc_line_1369132"
                    
                    BASELINE="1377 1172 2878 1183" 
                    HPOS="1372.0"
                    VPOS="1075.0"
                    WIDTH="1501.0"
                    HEIGHT="178.0">
            <Shape><Polygon POINTS="1372 1167 1377 1113 1490 1113 1549 1075 1614 1113 1748 1113 1797 1081 1856 1097 1883 1075 2071 1075 2125 1118 2302 1118 2340 1081 2410 1081 2442 1107 2544 1081 2647 1107 2733 1081 2824 1118 2857 1107 2873 1177 2857 1226 2813 1242 2523 1226 2431 1247 2367 1226 2345 1247 2205 1253 1888 1220 1861 1247 1463 1247 1377 1220"/></Shape>
	    <String CONTENT="כמה וכמה אם אמ&#39; כך ענשת מן [/]"
                    HPOS="1372.0"
                    VPOS="1075.0"
                    WIDTH="1501.0"
                    HEIGHT="178.0"></String>
          </TextLine>

          
          
          <TextLine ID="eSc_line_1369135"
                    
                    BASELINE="1339 1306 2900 1306" 
                    HPOS="1334.0"
                    VPOS="1215.0"
                    WIDTH="1560.0"
                    HEIGHT="161.0">
            <Shape><Polygon POINTS="1334 1301 1404 1247 1867 1253 1947 1215 1985 1253 2028 1231 2076 1258 2351 1258 2388 1226 2426 1253 2566 1237 2840 1258 2894 1301 2830 1366 2711 1344 2679 1376 2620 1355 2109 1376 2017 1339 1963 1371 1737 1349 1501 1376 1468 1355 1415 1371 1345 1317"/></Shape>
	    <String CONTENT="הדין לכ&#39; נא&#39; הרוגו ללמדך שאין [/]"
                    HPOS="1334.0"
                    VPOS="1215.0"
                    WIDTH="1560.0"
                    HEIGHT="161.0"></String>
          </TextLine>

          
          
          <TextLine ID="eSc_line_1369137"
                    
                    BASELINE="1339 1414 2921 1425" 
                    HPOS="1334.0"
                    VPOS="1333.0"
                    WIDTH="1582.0"
                    HEIGHT="172.0">
            <Shape><Polygon POINTS="1334 1409 1377 1360 1963 1366 2012 1333 2125 1376 2684 1371 2717 1349 2830 1366 2916 1419 2765 1495 2620 1495 2582 1473 2512 1500 2431 1479 2292 1495 2232 1468 2173 1500 2146 1473 2023 1484 1996 1457 1969 1479 1823 1489 1544 1473 1372 1505 1339 1484"/></Shape>
	    <String CONTENT="עונשין מן הדין וכל הטף בנשים וג&#39;"
                    HPOS="1334.0"
                    VPOS="1333.0"
                    WIDTH="1582.0"
                    HEIGHT="172.0"></String>
          </TextLine>

          
          
          <TextLine ID="eSc_line_1369139"
                    
                    BASELINE="1355 1538 2889 1538" 
                    HPOS="1350.0"
                    VPOS="1473.0"
                    WIDTH="1533.0"
                    HEIGHT="156.0">
            <Shape><Polygon POINTS="1350 1532 1431 1489 1662 1495 1684 1473 1813 1495 2152 1473 2179 1500 2394 1500 2431 1479 2528 1505 2787 1500 2846 1473 2873 1479 2883 1532 2830 1618 2706 1629 2566 1608 2475 1629 2405 1602 2340 1624 2039 1624 2001 1597 1840 1602 1802 1629 1694 1602 1522 1613 1479 1586 1420 1618 1361 1559"/></Shape>
	    <String CONTENT="מכן היה ר&#39; שמע&#39; בן יוחי או&#39; גיורת"
                    HPOS="1350.0"
                    VPOS="1473.0"
                    WIDTH="1533.0"
                    HEIGHT="156.0"></String>
          </TextLine>

          
          
          <TextLine ID="eSc_line_1369140"
                    
                    BASELINE="1334 1672 2878 1678" 
                    HPOS="1328.0"
                    VPOS="1586.0"
                    WIDTH="1545.0"
                    HEIGHT="183.0">
            <Shape><Polygon POINTS="1328 1667 1372 1613 1436 1618 1468 1586 1495 1613 1786 1629 1877 1608 2044 1629 2765 1613 2819 1618 2873 1672 2813 1737 2754 1758 2308 1753 2222 1731 2093 1753 1813 1747 1780 1715 1737 1753 1592 1731 1506 1737 1452 1769 1334 1678"/></Shape>
	    <String CONTENT="עצמה שנתגיירה פחות מבת שלש"
                    HPOS="1328.0"
                    VPOS="1586.0"
                    WIDTH="1545.0"
                    HEIGHT="183.0"></String>
          </TextLine>

          
          
          <TextLine ID="eSc_line_1369142"
                    
                    BASELINE="1409 1807 2889 1817" 
                    HPOS="1404.0"
                    VPOS="1715.0"
                    WIDTH="1479.0"
                    HEIGHT="172.0">
            <Shape><Polygon POINTS="1404 1801 1501 1742 1737 1753 1786 1715 1823 1747 2222 1742 2378 1769 2819 1742 2883 1812 2781 1887 2378 1871 2109 1887 2066 1855 1528 1882 1409 1834"/></Shape>
	    <String CONTENT="שנים ויום אחד כשרה לכהונה ˙"
                    HPOS="1404.0"
                    VPOS="1715.0"
                    WIDTH="1479.0"
                    HEIGHT="172.0"></String>
          </TextLine>

          
          
          <TextLine ID="eSc_line_1369144"
                    
                    BASELINE="1361 1930 2921 1946" 
                    HPOS="1355.0"
                    VPOS="1860.0"
                    WIDTH="1561.0"
                    HEIGHT="156.0">
            <Shape><Polygon POINTS="1355 1925 1436 1866 1608 1882 2071 1860 2114 1893 2173 1871 2458 1893 2813 1882 2916 1941 2835 2006 2593 2011 2555 1973 2523 2006 2458 2016 2388 1984 2302 2006 2275 1979 2179 2011 2119 1989 1899 2006 1829 1973 1748 2000 1689 1973 1581 2011 1511 1989 1409 2006 1361 1957"/></Shape>
	    <String CONTENT="ואתם חנו מחוץ למחנה שבעת"
                    HPOS="1355.0"
                    VPOS="1860.0"
                    WIDTH="1561.0"
                    HEIGHT="156.0"></String>
          </TextLine>

          
          
          <TextLine ID="eSc_line_1369146"
                    
                    BASELINE="1361 2054 2894 2070" 
                    HPOS="1355.0"
                    VPOS="1973.0"
                    WIDTH="1534.0"
                    HEIGHT="162.0">
            <Shape><Polygon POINTS="1355 2049 1431 2006 1581 2011 1667 2000 1694 1973 1727 2000 1829 1973 1893 2006 2119 1989 2157 2011 2265 1979 2302 2006 2378 1984 2415 2016 2528 2006 2561 1979 2598 2016 2819 2011 2889 2065 2787 2135 2620 2135 2598 2113 2555 2135 2205 2124 2179 2102 2114 2124 1872 2124 1721 2119 1689 2097 1522 2129 1447 2097 1415 2108 1361 2054"/></Shape>
	    <String CONTENT="ימים למ&#39; נא&#39; לפי שהו או&#39; כל אשר"
                    HPOS="1355.0"
                    VPOS="1973.0"
                    WIDTH="1534.0"
                    HEIGHT="162.0"></String>
          </TextLine>

          
          
          <TextLine ID="eSc_line_1369148"
                    
                    BASELINE="1382 2162 2894 2183" 
                    HPOS="1377.0"
                    VPOS="2097.0"
                    WIDTH="1512.0"
                    HEIGHT="167.0">
            <Shape><Polygon POINTS="1377 2156 1447 2097 1517 2129 1694 2108 2270 2135 2318 2113 2550 2140 2598 2113 2641 2140 2830 2129 2889 2178 2830 2253 2636 2264 2566 2221 2480 2253 1850 2248 1823 2221 1791 2248 1624 2221 1447 2237 1382 2172"/></Shape>
	    <String CONTENT="באהל יטמא שבעת ימים מי&#39; שו&#39;"
                    HPOS="1377.0"
                    VPOS="2097.0"
                    WIDTH="1512.0"
                    HEIGHT="167.0"></String>
          </TextLine>

          
          
          <TextLine ID="eSc_line_1369150"
                    
                    BASELINE="1377 2280 2883 2312" 
                    HPOS="1372.0"
                    VPOS="2178.0"
                    WIDTH="1506.0"
                    HEIGHT="204.0">
            <Shape><Polygon POINTS="1372 2275 1377 2178 1436 2237 1791 2242 1829 2221 1904 2253 2577 2242 2631 2264 2830 2258 2878 2307 2819 2371 2727 2382 2652 2334 2614 2366 2351 2371 2216 2328 2173 2366 2049 2344 1877 2366 1818 2323 1775 2361 1624 2366 1554 2355 1522 2323 1490 2355 1425 2350 1377 2307"/></Shape>
	    <String CONTENT="אני אף הקש וחריות כו&#39; בזאת התו&#39;"
                    HPOS="1372.0"
                    VPOS="2178.0"
                    WIDTH="1506.0"
                    HEIGHT="204.0"></String>
          </TextLine>

          
          
          <TextLine ID="eSc_line_1369152"
                    
                    BASELINE="1339 2404 2900 2425" 
                    HPOS="1334.0"
                    VPOS="2312.0"
                    WIDTH="1560.0"
                    HEIGHT="194.0">
            <Shape><Polygon POINTS="1334 2398 1345 2350 1388 2312 1431 2355 1501 2355 1528 2328 1554 2355 1721 2366 1786 2366 1823 2334 1861 2366 2184 2366 2222 2334 2292 2371 2625 2371 2663 2334 2706 2377 2830 2371 2894 2420 2873 2495 2770 2506 2491 2474 2119 2484 2093 2457 1856 2484 1404 2468 1339 2404"/></Shape>
	    <String CONTENT="וג&#39; לא בא לכלל חיטוי לא בא לכלל"
                    HPOS="1334.0"
                    VPOS="2312.0"
                    WIDTH="1560.0"
                    HEIGHT="194.0"></String>
          </TextLine>

          
          
          <TextLine ID="eSc_line_1369154"
                    
                    BASELINE="1420 2517 2878 2554" 
                    HPOS="1415.0"
                    VPOS="2463.0"
                    WIDTH="1458.0"
                    HEIGHT="167.0">
            <Shape><Polygon POINTS="1415 2511 1447 2468 1845 2490 1958 2463 2109 2484 2657 2484 2813 2500 2873 2549 2819 2624 2760 2630 2625 2608 2458 2624 2426 2603 1490 2603 1420 2560"/></Shape>
	    <String CONTENT="טומאה אתם ושביכם מה אתם"
                    HPOS="1415.0"
                    VPOS="2463.0"
                    WIDTH="1458.0"
                    HEIGHT="167.0"></String>
          </TextLine>

          
          
          <TextLine ID="eSc_line_1369156"
                    
                    BASELINE="1355 2651 2878 2667" 
                    HPOS="1350.0"
                    VPOS="2560.0"
                    WIDTH="1523.0"
                    HEIGHT="188.0">
            <Shape><Polygon POINTS="1350 2646 1436 2560 1501 2608 1673 2592 1996 2619 2388 2608 2469 2630 2652 2613 2835 2624 2873 2662 2857 2732 2781 2748 2647 2748 2534 2716 2448 2748 2410 2726 2367 2748 2125 2721 2066 2748 2001 2710 1963 2737 1867 2737 1840 2705 1737 2726 1705 2694 1624 2732 1463 2732 1355 2651"/></Shape>
	    <String CONTENT="בני ברית אף שביכם בני ברית וכל"
                    HPOS="1350.0"
                    VPOS="2560.0"
                    WIDTH="1523.0"
                    HEIGHT="188.0"></String>
          </TextLine>

          
          
          <TextLine ID="eSc_line_1369158"
                    
                    BASELINE="1334 2785 2857 2807" 
                    HPOS="1328.0"
                    VPOS="2694.0"
                    WIDTH="1523.0"
                    HEIGHT="188.0">
            <Shape><Polygon POINTS="1328 2780 1382 2726 1646 2732 1700 2694 1737 2737 1974 2732 2001 2705 2039 2742 2130 2726 2383 2748 2415 2726 2491 2748 2534 2716 2641 2753 2840 2742 2851 2802 2835 2877 2770 2882 2695 2845 2598 2877 2388 2855 2232 2872 1942 2861 1910 2829 1834 2872 1748 2866 1705 2818 1657 2866 1592 2866 1565 2839 1511 2866 1463 2845 1404 2866 1334 2796"/></Shape>
	    <String CONTENT="בגד וכל כלי עור וג&#39; למ&#39; נא&#39; לפי שהו"
                    HPOS="1328.0"
                    VPOS="2694.0"
                    WIDTH="1523.0"
                    HEIGHT="188.0"></String>
          </TextLine>

          
          
          <TextLine ID="eSc_line_1369194"
                    
                    BASELINE="1366 2920 2878 2941" 
                    HPOS="1361.0"
                    VPOS="2823.0"
                    WIDTH="1512.0"
                    HEIGHT="194.0">
            <Shape><Polygon POINTS="1361 2915 1463 2845 1490 2866 1614 2872 1662 2866 1705 2823 1754 2866 1850 2877 1904 2834 1942 2861 2399 2861 2544 2882 2657 2877 2690 2845 2727 2877 2857 2888 2873 2936 2857 2995 2830 3006 2770 2984 2744 3011 2652 2990 2593 3017 2496 3017 2464 2990 2394 3001 2318 2968 2275 2995 2173 3001 1893 2968 1845 2990 1576 2979 1425 3001 1366 2941"/></Shape>
	    <String CONTENT="או&#39; שק או שק אין לי אלא שק"
                    HPOS="1361.0"
                    VPOS="2823.0"
                    WIDTH="1512.0"
                    HEIGHT="194.0"></String>
          </TextLine>

          
          
          <TextLine ID="eSc_line_1369196"
                    
                    BASELINE="1388 3033 2894 3071" 
                    HPOS="1382.0"
                    VPOS="2974.0"
                    WIDTH="1507.0"
                    HEIGHT="166.0">
            <Shape><Polygon POINTS="1382 3028 1474 2984 2297 2995 2367 2974 2394 3001 2501 3017 2749 3017 2781 2990 2889 3065 2819 3124 2690 3140 2539 3103 2491 3135 2426 3130 2356 3087 2318 3124 2076 3119 1963 3087 1888 3124 1522 3092 1452 3124 1388 3065"/></Shape>
	    <String CONTENT="לעשות כל מעשה עזים כשק"
                    HPOS="1382.0"
                    VPOS="2974.0"
                    WIDTH="1507.0"
                    HEIGHT="166.0"></String>
          </TextLine>

          
          
          <TextLine ID="eSc_line_1369197"
                    
                    BASELINE="1382 3151 2857 3173" 
                    HPOS="1377.0"
                    VPOS="3087.0"
                    WIDTH="1474.0"
                    HEIGHT="177.0">
            <Shape><Polygon POINTS="1377 3146 1404 3092 1452 3124 1517 3097 1840 3124 1963 3103 2179 3130 2313 3124 2356 3087 2415 3130 2496 3135 2539 3103 2598 3140 2819 3130 2851 3167 2813 3248 2727 3259 2631 3237 2598 3264 2372 3232 1780 3237 1684 3210 1554 3237 1382 3232"/></Shape>
	    <String CONTENT="אמ&#39; קל וחו&#39; מה המת חמור עשה"
                    HPOS="1377.0"
                    VPOS="3087.0"
                    WIDTH="1474.0"
                    HEIGHT="177.0"></String>
          </TextLine>

          
          
          <TextLine ID="eSc_line_1369204"
                    
                    BASELINE="1382 3286 2851 3307" 
                    HPOS="1377.0"
                    VPOS="3227.0"
                    WIDTH="1469.0"
                    HEIGHT="150.0">
            <Shape><Polygon POINTS="1377 3280 1436 3227 2367 3237 2593 3270 2625 3237 2701 3259 2830 3248 2846 3302 2830 3372 2803 3377 2738 3356 2674 3372 2652 3350 2588 3377 2329 3356 2141 3372 2109 3345 1770 3361 1737 3334 1651 3350 1619 3318 1517 3356 1474 3329 1425 3345 1382 3302"/></Shape>
	    <String CONTENT="בו כל מעשה עזים כשק שרץ [/]"
                    HPOS="1377.0"
                    VPOS="3227.0"
                    WIDTH="1469.0"
                    HEIGHT="150.0"></String>
          </TextLine>

          
          
          <TextLine ID="eSc_line_1369200"
                    
                    BASELINE="1339 3388 2867 3415" 
                    HPOS="1334.0"
                    VPOS="3307.0"
                    WIDTH="1528.0"
                    HEIGHT="188.0">
            <Shape><Polygon POINTS="1334 3382 1345 3334 1388 3307 1425 3345 1533 3356 1619 3323 1651 3356 2114 3350 2388 3377 2625 3377 2652 3350 2679 3377 2851 3372 2862 3409 2835 3485 2668 3495 2636 3474 2593 3495 2421 3474 2297 3490 2249 3447 2200 3479 2130 3458 2093 3485 1608 3452 1447 3469 1339 3399"/></Shape>
	    <String CONTENT="הקל אינו דין שנעשה בו כל מעש&#39;"
                    HPOS="1334.0"
                    VPOS="3307.0"
                    WIDTH="1528.0"
                    HEIGHT="188.0"></String>
          </TextLine>

          
          
          <TextLine ID="eSc_line_1369201"
                    
                    BASELINE="1382 3512 2873 3544" 
                    HPOS="1377.0"
                    VPOS="3452.0"
                    WIDTH="1490.0"
                    HEIGHT="178.0">
            <Shape><Polygon POINTS="1377 3506 1441 3463 1603 3452 1893 3479 2146 3463 2168 3485 2259 3452 2297 3485 2378 3490 2846 3490 2867 3538 2813 3603 2776 3598 2727 3630 2706 3608 2410 3619 2308 3581 2227 3608 2152 3576 2082 3608 2039 3565 1958 3603 1775 3581 1710 3598 1598 3544 1538 3581 1463 3587 1382 3533"/></Shape>
	    <String CONTENT="עזים כשק אמ&#39; ד(נ)ין מן החמור לקל"
                    HPOS="1377.0"
                    VPOS="3452.0"
                    WIDTH="1490.0"
                    HEIGHT="178.0"></String>
          </TextLine>

          
          
          <TextLine ID="eSc_line_1369189"
                    
                    BASELINE="1339 3641 2857 3668" 
                    HPOS="1334.0"
                    VPOS="3544.0"
                    WIDTH="1517.0"
                    HEIGHT="210.0">
            <Shape><Polygon POINTS="1334 3635 1404 3581 1554 3581 1603 3544 1694 3598 2001 3603 2049 3576 2087 3614 2146 3592 2265 3614 2313 3587 2620 3630 2711 3608 2770 3641 2813 3614 2851 3662 2835 3727 2803 3743 2571 3754 2480 3705 2378 3748 2205 3716 2114 3737 2006 3716 1942 3732 1910 3711 1770 3737 1587 3694 1468 3716 1339 3641"/></Shape>
	    <String CONTENT="להחמיר עליו אלא אין ת&#39;ל&#39; בגד"
                    HPOS="1334.0"
                    VPOS="3544.0"
                    WIDTH="1517.0"
                    HEIGHT="210.0"></String>
          </TextLine>

          
          
          <TextLine ID="eSc_line_1369195"
                    
                    BASELINE="1398 3759 2889 3807" 
                    HPOS="1393.0"
                    VPOS="3700.0"
                    WIDTH="1490.0"
                    HEIGHT="188.0">
            <Shape><Polygon POINTS="1393 3754 1436 3700 1587 3705 1614 3727 1700 3711 1780 3737 1861 3716 2028 3716 2114 3743 2270 3727 2318 3748 2496 3716 2625 3759 2824 3748 2883 3802 2840 3883 2781 3888 2614 3856 2437 3872 2394 3829 2351 3867 2297 3872 2173 3867 2136 3840 2082 3872 1888 3840 1635 3850 1501 3818 1468 3845 1398 3791"/></Shape>
	    <String CONTENT="במת אלא שכבר קל וחו&#39; הוא מה"
                    HPOS="1393.0"
                    VPOS="3700.0"
                    WIDTH="1490.0"
                    HEIGHT="188.0"></String>
          </TextLine>

          
          
          <TextLine ID="eSc_line_1369187"
                    
                    BASELINE="1339 3888 2873 3931" 
                    HPOS="1334.0"
                    VPOS="3829.0"
                    WIDTH="1533.0"
                    HEIGHT="183.0">
            <Shape><Polygon POINTS="1334 3883 1431 3829 2168 3872 2351 3872 2394 3834 2421 3867 2824 3883 2867 3926 2851 3969 2765 4012 2668 3985 2625 4012 2588 3985 2485 4001 2383 3974 2297 4001 2049 3985 2023 3963 1985 3985 1721 3974 1630 3947 1576 3969 1409 3969 1339 3904"/></Shape>
	    <String CONTENT="שרץ הקל עשה בו את הבגד כשק"
                    HPOS="1334.0"
                    VPOS="3829.0"
                    WIDTH="1533.0"
                    HEIGHT="183.0"></String>
          </TextLine>

          
          
          <TextLine ID="eSc_line_1369202"
                    
                    BASELINE="1312 4012 2851 4055" 
                    HPOS="1307.0"
                    VPOS="3953.0"
                    WIDTH="1539.0"
                    HEIGHT="172.0">
            <Shape><Polygon POINTS="1307 4006 1372 3953 1635 3953 1678 3974 2017 3969 2270 4001 2593 3990 2641 4012 2824 3990 2846 4049 2830 4114 2787 4125 2475 4125 2378 4092 2141 4109 2076 4076 2023 4109 1802 4087 1754 4103 1662 4076 1538 4087 1495 4044 1377 4103 1312 4039"/></Shape>
	    <String CONTENT="המת חמור דין הוא שנעשה בו את"
                    HPOS="1307.0"
                    VPOS="3953.0"
                    WIDTH="1539.0"
                    HEIGHT="172.0"></String>
          </TextLine>

          
          
          <TextLine ID="eSc_line_1369190"
                    
                    BASELINE="1398 4130 2878 4184" 
                    HPOS="1393.0"
                    VPOS="4044.0"
                    WIDTH="1480.0"
                    HEIGHT="215.0">
            <Shape><Polygon POINTS="1393 4125 1415 4076 1458 4082 1501 4044 1554 4087 1657 4076 1899 4114 2033 4114 2093 4076 2200 4119 2275 4098 2345 4125 2394 4103 2464 4125 2824 4119 2873 4178 2835 4243 2787 4259 2663 4254 2625 4227 2588 4248 2501 4227 2399 4248 2367 4227 2286 4243 2168 4216 2136 4238 1996 4238 1888 4205 1398 4205"/></Shape>
	    <String CONTENT="הבגד כשק מה ת&#39;ל&#39; בגד במת אלא"
                    HPOS="1393.0"
                    VPOS="4044.0"
                    WIDTH="1480.0"
                    HEIGHT="215.0"></String>
          </TextLine>

          
          
          <TextLine ID="eSc_line_1369191"
                    
                    BASELINE="1388 4254 2857 4318" 
                    HPOS="1382.0"
                    VPOS="4195.0"
                    WIDTH="1469.0"
                    HEIGHT="199.0">
            <Shape><Polygon POINTS="1382 4248 1398 4211 1458 4195 1926 4238 2130 4243 2179 4216 2394 4254 2485 4232 2657 4259 2840 4243 2851 4313 2835 4372 2663 4394 2550 4356 2383 4383 2340 4340 2265 4372 2227 4329 2173 4361 2114 4324 2049 4377 2023 4351 1791 4345 1759 4318 1673 4345 1533 4297 1436 4324 1388 4291"/></Shape>
	    <String CONTENT="מופנה להקיש לדון גזירה שוה"
                    HPOS="1382.0"
                    VPOS="4195.0"
                    WIDTH="1469.0"
                    HEIGHT="199.0"></String>
          </TextLine>

          
          
          <TextLine ID="eSc_line_1369193"
                    
                    BASELINE="1382 4377 2894 4442" 
                    HPOS="1377.0"
                    VPOS="4291.0"
                    WIDTH="1512.0"
                    HEIGHT="221.0">
            <Shape><Polygon POINTS="1377 4372 1398 4291 1468 4334 1538 4313 2049 4372 2109 4329 2141 4356 2222 4334 2270 4372 2329 4340 2378 4383 2544 4361 2657 4394 2727 4372 2781 4388 2808 4367 2889 4437 2813 4512 2684 4512 2657 4485 2550 4501 2507 4458 2469 4490 2345 4490 2308 4469 2275 4490 1931 4480 1872 4437 1813 4469 1689 4447 1560 4469 1382 4394"/></Shape>
	    <String CONTENT="נ&#39; כן בגד ונא&#39; להלן בגד מה בגד"
                    HPOS="1377.0"
                    VPOS="4291.0"
                    WIDTH="1512.0"
                    HEIGHT="221.0"></String>
          </TextLine>

          
          
          <TextLine ID="eSc_line_1369203"
                    
                    BASELINE="1312 4507 2878 4555" 
                    HPOS="1307.0"
                    VPOS="4437.0"
                    WIDTH="1566.0"
                    HEIGHT="193.0">
            <Shape><Polygon POINTS="1307 4501 1377 4447 1441 4437 1554 4469 1829 4469 1867 4447 1904 4480 2098 4490 2152 4469 2232 4496 2297 4474 2351 4496 2415 4474 2485 4490 2512 4464 2577 4507 2647 4480 2695 4512 2830 4501 2873 4550 2840 4619 2781 4630 2588 4609 2383 4625 2340 4593 2232 4625 2157 4598 1861 4598 1823 4576 1377 4576 1312 4512"/></Shape>
	    <String CONTENT="האמ&#39; להלן עשה בו כל [מה] מעשה"
                    HPOS="1307.0"
                    VPOS="4437.0"
                    WIDTH="1566.0"
                    HEIGHT="193.0"></String>
          </TextLine>

          
          
          <TextLine ID="eSc_line_1369185"
                    
                    BASELINE="1355 4625 2857 4673" 
                    HPOS="1350.0"
                    VPOS="4576.0"
                    WIDTH="1501.0"
                    HEIGHT="178.0">
            <Shape><Polygon POINTS="1350 4619 1372 4576 1818 4576 1856 4598 2146 4598 2189 4625 2819 4619 2851 4668 2819 4738 2760 4754 2614 4722 2378 4749 2340 4716 2249 4738 1850 4695 1689 4716 1657 4689 1431 4689 1382 4711 1355 4684"/></Shape>
	    <String CONTENT="עזים בשק אף בגד האמ&#39; כן נעשה"
                    HPOS="1350.0"
                    VPOS="4576.0"
                    WIDTH="1501.0"
                    HEIGHT="178.0"></String>
          </TextLine>

          
          
          <TextLine ID="eSc_line_1369186"
                    
                    BASELINE="1398 4743 2867 4792" 
                    HPOS="1393.0"
                    VPOS="4695.0"
                    WIDTH="1469.0"
                    HEIGHT="177.0">
            <Shape><Polygon POINTS="1393 4738 1436 4695 1861 4700 2238 4738 2345 4722 2378 4749 2566 4743 2609 4716 2717 4754 2819 4743 2862 4786 2819 4862 2609 4872 2491 4845 2431 4867 2249 4840 2141 4856 2087 4813 2055 4840 1980 4818 1829 4818 1791 4840 1549 4808 1468 4829 1398 4770"/></Shape>
	    <String CONTENT="מו כל מעשה עזים כשק ומה כן"
                    HPOS="1393.0"
                    VPOS="4695.0"
                    WIDTH="1469.0"
                    HEIGHT="177.0"></String>
          </TextLine>

          
          
          <TextLine ID="eSc_line_1369188"
                    
                    BASELINE="1409 4878 2900 4921" 
                    HPOS="1404.0"
                    VPOS="4808.0"
                    WIDTH="1490.0"
                    HEIGHT="188.0">
            <Shape><Polygon POINTS="1404 4872 1415 4808 1474 4829 1549 4813 1861 4840 1969 4813 2033 4845 2093 4818 2141 4856 2501 4851 2614 4878 2738 4856 2824 4867 2894 4915 2813 4996 2711 4996 2647 4964 2609 4991 2130 4958 1953 4974 1910 4948 1834 4964 1727 4931 1657 4931 1630 4958 1511 4937 1409 4953"/></Shape>
	    <String CONTENT="טווי ואריג אף להלן טווי ואריג"
                    HPOS="1404.0"
                    VPOS="4808.0"
                    WIDTH="1490.0"
                    HEIGHT="188.0"></String>
          </TextLine>

          
          
          <TextLine ID="eSc_line_1369199"
                    
                    BASELINE="1361 5001 2857 5050" 
                    HPOS="1355.0"
                    VPOS="4931.0"
                    WIDTH="1496.0"
                    HEIGHT="210.0">
            <Shape><Polygon POINTS="1355 4996 1404 4953 1592 4958 1667 4931 1689 4953 1818 4948 1942 4974 2641 4974 2690 4996 2781 4980 2830 5001 2851 5044 2803 5125 2776 5104 2727 5141 2652 5098 2582 5120 2356 5120 2114 5082 1904 5104 1770 5071 1447 5082 1361 5028"/></Shape>
	    <String CONTENT="להביא את פסוקיא ופונדא וחבק"
                    HPOS="1355.0"
                    VPOS="4931.0"
                    WIDTH="1496.0"
                    HEIGHT="210.0"></String>
          </TextLine>

          
          
          <TextLine ID="eSc_line_1369192"
                    
                    BASELINE="1366 5120 2835 5184" 
                    HPOS="1361.0"
                    VPOS="5066.0"
                    WIDTH="1469.0"
                    HEIGHT="204.0">
            <Shape><Polygon POINTS="1361 5114 1372 5082 1511 5087 1576 5066 1624 5093 1813 5098 1845 5077 1888 5104 1974 5082 1996 5109 2039 5087 2103 5114 2335 5104 2351 5125 2475 5130 2711 5114 2727 5136 2819 5130 2830 5179 2808 5270 2727 5270 2711 5249 2469 5260 2405 5222 2329 5216 2119 5243 2071 5211 2017 5238 1947 5200 1716 5190 1646 5222 1474 5184 1431 5211 1366 5195"/></Shape>
	    <String CONTENT="של חמור שהן טווי וארא יצאו"
                    HPOS="1361.0"
                    VPOS="5066.0"
                    WIDTH="1469.0"
                    HEIGHT="204.0"></String>
          </TextLine>

          
        </TextBlock>
        
        <TextBlock HPOS="846.0"
                   VPOS="573.0"
                   WIDTH="532.0"
                   HEIGHT="149.0"
                   ID="eSc_textblock_16063"
                   TAGREFS="BT219">
          <Shape><Polygon POINTS="846 573 846 722 1378 722 1378 573"/></Shape>
          
          
          <TextLine ID="eSc_line_1369131"
                    
                    BASELINE="860 650 1372 640" 
                    HPOS="855.0"
                    VPOS="596.0"
                    WIDTH="511.0"
                    HEIGHT="130.0">
            <Shape><Polygon POINTS="855 645 860 618 920 602 1092 618 1312 596 1366 634 1355 699 1323 726 1210 726 1113 683 1043 688 1000 720 941 693 914 715 866 699"/></Shape>
	    <String CONTENT="ספרי ˙ מטות ˙"
                    HPOS="855.0"
                    VPOS="596.0"
                    WIDTH="511.0"
                    HEIGHT="130.0"></String>
          </TextLine>

          
        </TextBlock>
        

        
      </PrintSpace>
    </Page>
  </Layout>
</alto>
