<?xml version="1.0" encoding="UTF-8"?>
<alto xmlns:xsi="http://www.w3.org/2001/XMLSchema-instance"
      xmlns="http://www.loc.gov/standards/alto/ns-v4#"
      xsi:schemaLocation="http://www.loc.gov/standards/alto/ns-v4# http://www.loc.gov/standards/alto/v4/alto-4-2.xsd">
  <Description>
    <MeasurementUnit>pixel</MeasurementUnit>
    <sourceImageInformation>
      <fileName>oulis2017-aya-0683-0.jpg</fileName>
      
    </sourceImageInformation>
  </Description>
  
  <Tags>
    <OtherTag ID="BT1164" LABEL="Hole" DESCRIPTION="block type Hole"/><OtherTag ID="BT2" LABEL="Main" DESCRIPTION="block type Main"/><OtherTag ID="BT3" LABEL="Commentary" DESCRIPTION="block type Commentary"/><OtherTag ID="BT4" LABEL="Illustration" DESCRIPTION="block type Illustration"/><OtherTag ID="BT218" LABEL="Margin" DESCRIPTION="block type Margin"/><OtherTag ID="BT219" LABEL="Paratext" DESCRIPTION="block type Paratext"/>
    <OtherTag ID="LT2" LABEL="Numbering" DESCRIPTION="line type Numbering"/><OtherTag ID="LT3" LABEL="Correction" DESCRIPTION="line type Correction"/><OtherTag ID="LT481" LABEL="Gloss" DESCRIPTION="line type Gloss"/>
  </Tags>
  
  <Layout>
    <Page WIDTH="5402"
          HEIGHT="6454"
          PHYSICAL_IMG_NR="670"
          ID="eSc_dummypage_">
      <PrintSpace HPOS="0"
                  VPOS="0"
                  WIDTH="5402"
                  HEIGHT="6454">
        
        <TextBlock HPOS="3151.0"
                   VPOS="1033.0"
                   WIDTH="1634.0"
                   HEIGHT="4217.0"
                   ID="eSc_textblock_15461"
                   TAGREFS="BT2">
          <Shape><Polygon POINTS="3151 1033 3151 5250 4785 5250 4785 1033"/></Shape>
          
          
          <TextLine ID="eSc_line_1364208"
                    
                    BASELINE="3255 1097 4734 1107" 
                    HPOS="3249.0"
                    VPOS="1038.0"
                    WIDTH="1480.0"
                    HEIGHT="129.0">
            <Shape><Polygon POINTS="3249 1091 3255 1043 3378 1038 4686 1038 4713 1043 4729 1102 4713 1150 4670 1167 3255 1145"/></Shape>
	    <String CONTENT="הוא או&#39; שמן משחת קדש יהיה זה לי ˙"
                    HPOS="3249.0"
                    VPOS="1038.0"
                    WIDTH="1480.0"
                    HEIGHT="129.0"></String>
          </TextLine>

          
          
          <TextLine ID="eSc_line_1364212"
                    
                    BASELINE="3185 1231 4761 1242" 
                    HPOS="3179.0"
                    VPOS="1145.0"
                    WIDTH="1577.0"
                    HEIGHT="172.0">
            <Shape><Polygon POINTS="3179 1226 3190 1183 3346 1145 3411 1177 3486 1156 4632 1167 4756 1237 4686 1312 4245 1312 4116 1285 4056 1306 4024 1280 3992 1301 3728 1285 3335 1317 3276 1280 3239 1296 3185 1242"/></Shape>
	    <String CONTENT="במלכות הוא או&#39; כי ראיתי בבניו לי מלך"
                    HPOS="3179.0"
                    VPOS="1145.0"
                    WIDTH="1577.0"
                    HEIGHT="172.0"></String>
          </TextLine>

          
          
          <TextLine ID="eSc_line_1364216"
                    
                    BASELINE="3196 1366 4761 1360" 
                    HPOS="3190.0"
                    VPOS="1258.0"
                    WIDTH="1566.0"
                    HEIGHT="183.0">
            <Shape><Polygon POINTS="3190 1360 3196 1258 3233 1296 3276 1274 3314 1312 3691 1306 3728 1285 3787 1306 3997 1301 4029 1280 4056 1306 4578 1301 4691 1317 4756 1355 4686 1436 4325 1436 4299 1409 4223 1441 4073 1414 3976 1436 3873 1403 3820 1430 3707 1403 3680 1430 3551 1414 3497 1441 3421 1409 3346 1430 3260 1430 3233 1403 3196 1419"/></Shape>
	    <String CONTENT="בקרבנות הוא או&#39; להקריב לי במועדו ˙ הא כל"
                    HPOS="3190.0"
                    VPOS="1258.0"
                    WIDTH="1566.0"
                    HEIGHT="183.0"></String>
          </TextLine>

          
          
          <TextLine ID="eSc_line_1364220"
                    
                    BASELINE="3147 1484 4767 1500" 
                    HPOS="3142.0"
                    VPOS="1409.0"
                    WIDTH="1619.0"
                    HEIGHT="161.0">
            <Shape><Polygon POINTS="3142 1479 3169 1419 3244 1462 3421 1409 3475 1441 3556 1414 3685 1436 3712 1409 3798 1441 3857 1409 3927 1441 4067 1414 4239 1441 4299 1409 4325 1436 4686 1430 4761 1495 4670 1559 4288 1565 4089 1532 4029 1570 3992 1543 3943 1565 3545 1548 3481 1570 3432 1538 3395 1565 3255 1570 3147 1543"/></Shape>
	    <String CONTENT="מקום שנ&#39; לי הרי קיים לעולם ולעולמי עולמ&#39;"
                    HPOS="3142.0"
                    VPOS="1409.0"
                    WIDTH="1619.0"
                    HEIGHT="161.0"></String>
          </TextLine>

          
          
          <TextLine ID="eSc_line_1364224"
                    
                    BASELINE="3126 1624 4535 1618" 
                    HPOS="3120.0"
                    VPOS="1538.0"
                    WIDTH="1410.0"
                    HEIGHT="166.0">
            <Shape><Polygon POINTS="3120 1618 3126 1548 3282 1565 3421 1538 3475 1570 3551 1548 3734 1548 3766 1570 3986 1548 4024 1575 4110 1548 4465 1554 4514 1565 4530 1613 4460 1688 4277 1699 4169 1672 3997 1694 3933 1667 3820 1694 3723 1661 3691 1683 3647 1672 3615 1704 3567 1672 3201 1694 3126 1629"/></Shape>
	    <String CONTENT="שבעים שתהי סנהדרין של שבעי&#39; ˙"
                    HPOS="3120.0"
                    VPOS="1538.0"
                    WIDTH="1410.0"
                    HEIGHT="166.0"></String>
          </TextLine>

          
          
          <TextLine ID="eSc_line_1364228"
                    
                    BASELINE="3196 1747 4745 1747" 
                    HPOS="3190.0"
                    VPOS="1656.0"
                    WIDTH="1550.0"
                    HEIGHT="183.0">
            <Shape><Polygon POINTS="3190 1742 3201 1699 3239 1688 3578 1683 3626 1710 3728 1667 3803 1699 3922 1678 4288 1699 4707 1656 4740 1742 4659 1823 4460 1828 4390 1801 4309 1812 4288 1790 4234 1823 4186 1796 4126 1817 3900 1796 3782 1828 3707 1796 3604 1817 3416 1817 3384 1796 3357 1823 3260 1839 3201 1796"/></Shape>
	    <String CONTENT="שבעים איש שיהיו בעלי חכמה ובעלי"
                    HPOS="3190.0"
                    VPOS="1656.0"
                    WIDTH="1550.0"
                    HEIGHT="183.0"></String>
          </TextLine>

          
          
          <TextLine ID="eSc_line_1364234"
                    
                    BASELINE="3163 1877 4718 1877" 
                    HPOS="3158.0"
                    VPOS="1790.0"
                    WIDTH="1555.0"
                    HEIGHT="167.0">
            <Shape><Polygon POINTS="3158 1871 3169 1807 3228 1807 3308 1850 3335 1823 3373 1839 3486 1801 3707 1801 3744 1828 3900 1801 4105 1823 4186 1801 4229 1834 4272 1790 4471 1834 4702 1801 4713 1871 4702 1941 4659 1952 4573 1930 4288 1952 4250 1920 4159 1946 4132 1920 4029 1952 3916 1925 3852 1946 3771 1930 3739 1957 3674 1946 3637 1909 3545 1941 3432 1925 3341 1946 3292 1925 3233 1946 3169 1882"/></Shape>
	    <String CONTENT="גבורה ובעלי כשפים ˙ מזקני ישר&#39; לא"
                    HPOS="3158.0"
                    VPOS="1790.0"
                    WIDTH="1555.0"
                    HEIGHT="167.0"></String>
          </TextLine>

          
          
          <TextLine ID="eSc_line_1364236"
                    
                    BASELINE="3190 2016 4767 1989" 
                    HPOS="3185.0"
                    VPOS="1909.0"
                    WIDTH="1576.0"
                    HEIGHT="177.0">
            <Shape><Polygon POINTS="3185 2011 3292 1920 3389 1952 3594 1909 3734 1963 3766 1936 3900 1925 3992 1952 4126 1920 4153 1941 4245 1920 4282 1952 4551 1925 4761 1984 4745 2027 4675 2076 4546 2076 4449 2043 4331 2070 4223 2043 3809 2076 3292 2065 3260 2086 3190 2016"/></Shape>
	    <String CONTENT="במקום אחד ולא בשתים המקום חולק"
                    HPOS="3185.0"
                    VPOS="1909.0"
                    WIDTH="1576.0"
                    HEIGHT="177.0"></String>
          </TextLine>

          
          
          <TextLine ID="eSc_line_1364240"
                    
                    BASELINE="3120 2129 4767 2119" 
                    HPOS="3115.0"
                    VPOS="2038.0"
                    WIDTH="1646.0"
                    HEIGHT="215.0">
            <Shape><Polygon POINTS="3115 2124 3120 2054 3185 2038 3260 2086 3346 2059 3578 2081 3922 2076 4024 2049 4401 2070 4444 2049 4471 2076 4686 2076 4724 2113 4761 2113 4702 2194 4600 2199 4535 2167 4342 2205 4245 2199 4212 2167 4186 2188 4013 2183 3922 2210 3809 2183 3637 2210 3572 2188 3389 2199 3341 2178 3319 2199 3228 2199 3174 2253 3120 2253"/></Shape>
	    <String CONTENT="כבוד לזקנים ובכל מקום את מוצא שהמק&#39;"
                    HPOS="3115.0"
                    VPOS="2038.0"
                    WIDTH="1646.0"
                    HEIGHT="215.0"></String>
          </TextLine>

          
          
          <TextLine ID="eSc_line_1364244"
                    
                    BASELINE="3147 2280 4772 2248" 
                    HPOS="3142.0"
                    VPOS="2167.0"
                    WIDTH="1625.0"
                    HEIGHT="177.0">
            <Shape><Polygon POINTS="3142 2275 3222 2205 3308 2210 3341 2183 3384 2205 3567 2188 3631 2210 3803 2183 3922 2210 4019 2183 4164 2199 4218 2172 4250 2205 4374 2210 4562 2167 4767 2242 4691 2318 4589 2301 4519 2328 4385 2328 4282 2291 4159 2334 3615 2301 3551 2344 3518 2312 3400 2307 3319 2344 3185 2275"/></Shape>
	    <String CONTENT="חולק כבוד לזקנים כיוצ&#39; בו את&#39; או&#39; לך"
                    HPOS="3142.0"
                    VPOS="2167.0"
                    WIDTH="1625.0"
                    HEIGHT="177.0"></String>
          </TextLine>

          
          
          <TextLine ID="eSc_line_1364250"
                    
                    BASELINE="3212 2377 4740 2366" 
                    HPOS="3206.0"
                    VPOS="2296.0"
                    WIDTH="1528.0"
                    HEIGHT="167.0">
            <Shape><Polygon POINTS="3206 2371 3212 2312 3239 2307 3314 2339 3384 2312 3513 2312 3551 2344 3615 2301 3707 2328 3895 2307 3916 2328 3986 2312 4029 2334 4282 2296 4374 2328 4675 2318 4734 2361 4697 2447 4406 2452 4342 2425 4153 2452 4040 2420 3954 2452 3873 2431 3744 2463 3642 2425 3610 2452 3578 2420 3529 2441 3454 2420 3411 2447 3378 2425 3255 2441 3217 2404"/></Shape>
	    <String CONTENT="ואספת את זקני ישר&#39; וג&#39; וילך משה"
                    HPOS="3206.0"
                    VPOS="2296.0"
                    WIDTH="1528.0"
                    HEIGHT="167.0"></String>
          </TextLine>

          
          
          <TextLine ID="eSc_line_1364252"
                    
                    BASELINE="3196 2500 4724 2495" 
                    HPOS="3190.0"
                    VPOS="2393.0"
                    WIDTH="1528.0"
                    HEIGHT="188.0">
            <Shape><Polygon POINTS="3190 2495 3196 2393 3255 2447 3346 2425 3405 2447 3432 2420 3475 2447 3578 2431 3604 2457 3637 2425 3739 2457 4035 2431 4148 2463 4186 2441 4654 2436 4718 2490 4691 2554 4481 2560 4449 2581 4411 2554 4282 2565 4250 2533 4159 2570 3986 2570 3900 2543 3696 2570 3540 2543 3443 2560 3416 2538 3362 2565 3196 2560"/></Shape>
	    <String CONTENT="ואהרן וג&#39; ואל משה אמ&#39; עלה אל ייי ואל"
                    HPOS="3190.0"
                    VPOS="2393.0"
                    WIDTH="1528.0"
                    HEIGHT="188.0"></String>
          </TextLine>

          
          
          <TextLine ID="eSc_line_1364256"
                    
                    BASELINE="3206 2619 4729 2608" 
                    HPOS="3201.0"
                    VPOS="2533.0"
                    WIDTH="1523.0"
                    HEIGHT="183.0">
            <Shape><Polygon POINTS="3201 2613 3217 2560 3384 2554 3556 2554 3658 2581 3739 2560 4046 2560 4153 2597 4245 2533 4304 2565 4444 2581 4707 2554 4724 2603 4691 2673 4551 2699 4229 2689 4148 2624 4089 2683 3647 2683 3615 2716 3572 2683 3502 2678 3448 2699 3346 2694 3303 2667 3239 2689 3206 2656"/></Shape>
	    <String CONTENT="הזקינים אמ&#39; ˙ ויהי ביום השמיני קרא"
                    HPOS="3201.0"
                    VPOS="2533.0"
                    WIDTH="1523.0"
                    HEIGHT="183.0"></String>
          </TextLine>

          
          
          <TextLine ID="eSc_line_1364260"
                    
                    BASELINE="3163 2759 4724 2753" 
                    HPOS="3158.0"
                    VPOS="2640.0"
                    WIDTH="1560.0"
                    HEIGHT="232.0">
            <Shape><Polygon POINTS="3158 2753 3163 2678 3201 2656 3239 2694 3578 2683 3615 2710 3653 2678 4089 2694 4142 2640 4223 2699 4670 2699 4702 2667 4718 2748 4702 2812 4670 2829 4476 2823 4449 2796 4411 2823 4325 2829 4153 2829 4116 2791 4062 2829 3782 2802 3734 2823 3335 2823 3287 2802 3228 2812 3163 2872"/></Shape>
	    <String CONTENT="משה הא בכל שאת מוצא → המקום חולק"
                    HPOS="3158.0"
                    VPOS="2640.0"
                    WIDTH="1560.0"
                    HEIGHT="232.0"></String>
          </TextLine>

          
          
          <TextLine ID="eSc_line_1364264"
                    
                    BASELINE="3228 2888 4729 2882" 
                    HPOS="3222.0"
                    VPOS="2796.0"
                    WIDTH="1502.0"
                    HEIGHT="167.0">
            <Shape><Polygon POINTS="3222 2882 3287 2802 3335 2823 3868 2807 4062 2834 4116 2796 4196 2834 4401 2829 4444 2796 4524 2834 4707 2818 4724 2877 4686 2958 4498 2931 4444 2952 4395 2931 4363 2963 4223 2963 4116 2920 4024 2963 3809 2941 3744 2963 3712 2931 3588 2947 3524 2915 3454 2941 3228 2952"/></Shape>
	    <String CONTENT="כבוד לזקנים ˙ ר&#39; שמע&#39; בן יוחי או&#39; מנ&#39;"
                    HPOS="3222.0"
                    VPOS="2796.0"
                    WIDTH="1502.0"
                    HEIGHT="167.0"></String>
          </TextLine>

          
          
          <TextLine ID="eSc_line_1364265"
                    
                    BASELINE="3185 3006 4729 3006" 
                    HPOS="3179.0"
                    VPOS="2920.0"
                    WIDTH="1545.0"
                    HEIGHT="167.0">
            <Shape><Polygon POINTS="3179 3001 3217 2952 3443 2952 3513 2920 3631 2958 3717 2941 3744 2968 3787 2947 4040 2963 4126 2920 4169 2958 4374 2963 4422 2931 4455 2958 4713 2952 4724 3001 4686 3071 4654 3054 4627 3081 4541 3087 4207 3054 3976 3087 3868 3054 3782 3087 3647 3054 3465 3081 3438 3060 3341 3071 3314 3044 3271 3065 3190 3022"/></Shape>
	    <String CONTENT="שאף לעתיד לבוא המקום חולק כבוד"
                    HPOS="3179.0"
                    VPOS="2920.0"
                    WIDTH="1545.0"
                    HEIGHT="167.0"></String>
          </TextLine>

          
          
          <TextLine ID="eSc_line_1364266"
                    
                    BASELINE="3147 3124 4750 3124" 
                    HPOS="3142.0"
                    VPOS="3049.0"
                    WIDTH="1603.0"
                    HEIGHT="167.0">
            <Shape><Polygon POINTS="3142 3119 3233 3049 3319 3092 3357 3071 3481 3081 3631 3054 3755 3087 3868 3060 3965 3087 4315 3060 4352 3087 4449 3071 4535 3092 4654 3060 4675 3081 4724 3054 4745 3119 4734 3167 4681 3200 4594 3194 4573 3216 4331 3210 4282 3189 4013 3205 3981 3173 3938 3200 3803 3205 3728 3183 3674 3205 3572 3183 3497 3205 3443 3173 3405 3194 3228 3200 3152 3130"/></Shape>
	    <String CONTENT="לזקנים ת&#39;ל&#39; וחפרה הלבנה וג&#39; נגד מלכים"
                    HPOS="3142.0"
                    VPOS="3049.0"
                    WIDTH="1603.0"
                    HEIGHT="167.0"></String>
          </TextLine>

          
          
          <TextLine ID="eSc_line_1364267"
                    
                    BASELINE="3185 3253 4724 3253" 
                    HPOS="3179.0"
                    VPOS="3173.0"
                    WIDTH="1539.0"
                    HEIGHT="161.0">
            <Shape><Polygon POINTS="3179 3248 3265 3194 3524 3205 3567 3183 3653 3210 3728 3183 3766 3205 3938 3205 3976 3173 4019 3210 4250 3194 4551 3216 4707 3178 4718 3248 4707 3313 4670 3334 4578 3334 4541 3307 4325 3334 4250 3313 4110 3329 4040 3302 3916 3329 3717 3323 3680 3286 3642 3318 3545 3296 3481 3329 3341 3329 3190 3259"/></Shape>
	    <String CONTENT="נגד נביאיו כבוד לא נאמ&#39; אלא נגד"
                    HPOS="3179.0"
                    VPOS="3173.0"
                    WIDTH="1539.0"
                    HEIGHT="161.0"></String>
          </TextLine>

          
          
          <TextLine ID="eSc_line_1364283"
                    
                    BASELINE="3233 3366 4745 3377" 
                    HPOS="3228.0"
                    VPOS="3286.0"
                    WIDTH="1512.0"
                    HEIGHT="172.0">
            <Shape><Polygon POINTS="3228 3361 3233 3296 3357 3334 3508 3323 3545 3296 3588 3323 3680 3286 3712 3318 4029 3307 4202 3356 4261 3318 4288 3339 4374 3313 4675 3329 4724 3296 4740 3372 4697 3442 4637 3436 4611 3458 4573 3431 4546 3452 4487 3425 4331 3452 4234 3420 4094 3452 3976 3415 3884 3442 3825 3442 3793 3415 3734 3452 3680 3409 3637 3436 3502 3420 3378 3447 3276 3442 3233 3404"/></Shape>
	    <String CONTENT="זקיניו כבוד ˙ והרי דבר&#39; קל וחו&#39; אם מי"
                    HPOS="3228.0"
                    VPOS="3286.0"
                    WIDTH="1512.0"
                    HEIGHT="172.0"></String>
          </TextLine>

          
          
          <TextLine ID="eSc_line_1364284"
                    
                    BASELINE="3233 3495 4761 3512" 
                    HPOS="3228.0"
                    VPOS="3415.0"
                    WIDTH="1528.0"
                    HEIGHT="172.0">
            <Shape><Polygon POINTS="3228 3490 3233 3425 3421 3447 3696 3415 3734 3452 3782 3431 3857 3452 4040 3415 4089 3447 4250 3431 4411 3452 4487 3431 4616 3458 4648 3436 4756 3506 4675 3565 4492 3576 4266 3581 4234 3544 4121 3581 3938 3565 3879 3587 3734 3549 3529 3576 3233 3549"/></Shape>
	    <String CONTENT="שאמ&#39; והיה העולם עתיד לחלוק כבוד"
                    HPOS="3228.0"
                    VPOS="3415.0"
                    WIDTH="1528.0"
                    HEIGHT="172.0"></String>
          </TextLine>

          
          
          <TextLine ID="eSc_line_1364288"
                    
                    BASELINE="3163 3635 4729 3635" 
                    HPOS="3158.0"
                    VPOS="3549.0"
                    WIDTH="1566.0"
                    HEIGHT="167.0">
            <Shape><Polygon POINTS="3158 3630 3169 3549 3518 3581 3750 3560 3884 3587 3960 3565 4105 3592 4239 3549 4272 3581 4632 3576 4713 3555 4724 3630 4675 3705 4568 3716 4524 3694 4385 3711 4352 3689 4239 3711 4212 3684 4132 3700 4110 3678 4024 3711 3621 3705 3588 3684 3502 3705 3470 3678 3411 3705 3378 3673 3212 3700 3169 3668"/></Shape>
	    <String CONTENT="לזקינים על אחת כמה וכמה צריך אדם"
                    HPOS="3158.0"
                    VPOS="3549.0"
                    WIDTH="1566.0"
                    HEIGHT="167.0"></String>
          </TextLine>

          
          
          <TextLine ID="eSc_line_1364280"
                    
                    BASELINE="3163 3748 4767 3764" 
                    HPOS="3158.0"
                    VPOS="3673.0"
                    WIDTH="1603.0"
                    HEIGHT="177.0">
            <Shape><Polygon POINTS="3158 3743 3196 3743 3265 3689 3389 3684 3416 3711 3459 3684 4024 3705 4105 3673 4132 3700 4218 3689 4250 3711 4675 3700 4761 3759 4637 3829 4417 3813 4379 3850 4342 3823 4191 3807 4029 3840 3906 3834 3830 3797 3712 3840 3664 3802 3529 3829 3378 3802 3233 3829 3163 3759"/></Shape>
	    <String CONTENT="שיחלוק כבוד לזקנים ˙ וכן את מוצא"
                    HPOS="3158.0"
                    VPOS="3673.0"
                    WIDTH="1603.0"
                    HEIGHT="177.0"></String>
          </TextLine>

          
          
          <TextLine ID="eSc_line_1364285"
                    
                    BASELINE="3190 3872 4772 3872" 
                    HPOS="3185.0"
                    VPOS="3807.0"
                    WIDTH="1582.0"
                    HEIGHT="162.0">
            <Shape><Polygon POINTS="3185 3867 3233 3829 3378 3807 3524 3834 3669 3813 3707 3840 3847 3807 4019 3845 4218 3818 4374 3850 4422 3813 4648 3834 4756 3807 4767 3867 4659 3958 4600 3936 4492 3958 4444 3942 4417 3963 4299 3942 4089 3963 4040 3931 3938 3969 3836 3936 3771 3958 3717 3915 3653 3947 3604 3920 3567 3947 3308 3947 3265 3910 3196 3904"/></Shape>
	    <String CONTENT="שהמק&#39; מצטער על זקן אחד כנגד"
                    HPOS="3185.0"
                    VPOS="3807.0"
                    WIDTH="1582.0"
                    HEIGHT="162.0"></String>
          </TextLine>

          
          
          <TextLine ID="eSc_line_1364277"
                    
                    BASELINE="3142 4001 4750 4017" 
                    HPOS="3136.0"
                    VPOS="3910.0"
                    WIDTH="1609.0"
                    HEIGHT="182.0">
            <Shape><Polygon POINTS="3136 3996 3158 3920 3255 3910 3308 3953 3572 3942 3610 3920 3637 3942 3728 3931 3760 3958 3884 3942 3933 3969 4040 3931 4089 3963 4229 3963 4272 3931 4331 3963 4422 3963 4444 3942 4589 3936 4648 3958 4707 3926 4734 3936 4745 4012 4675 4076 4589 4049 4465 4082 4390 4049 4358 4076 4245 4087 4196 4044 4142 4076 4051 4082 4013 4044 3981 4076 3938 4055 3900 4082 3793 4092 3734 4033 3647 4082 3578 4044 3481 4071 3228 4039 3185 4076 3142 4039"/></Shape>
	    <String CONTENT="כל ישר&#39; כולן שנ&#39; קצפתי על עמי חיללתי"
                    HPOS="3136.0"
                    VPOS="3910.0"
                    WIDTH="1609.0"
                    HEIGHT="182.0"></String>
          </TextLine>

          
          
          <TextLine ID="eSc_line_1364271"
                    
                    BASELINE="3190 4109 4745 4130" 
                    HPOS="3185.0"
                    VPOS="4039.0"
                    WIDTH="1555.0"
                    HEIGHT="166.0">
            <Shape><Polygon POINTS="3185 4103 3222 4044 3481 4071 3540 4044 3647 4087 3739 4039 3793 4092 3933 4060 3986 4082 4013 4055 4046 4087 4126 4087 4191 4049 4239 4082 4363 4076 4390 4049 4460 4082 4589 4055 4691 4076 4724 4049 4740 4125 4664 4195 4578 4195 4557 4173 4524 4205 4320 4195 4288 4168 4218 4195 3965 4195 3933 4162 3852 4189 3734 4162 3685 4195 3637 4173 3561 4200 3518 4168 3260 4189 3190 4135"/></Shape>
	    <String CONTENT="את נחלתי וג&#39; יכול מחוללים על הכל ת&#39;ל&#39;"
                    HPOS="3185.0"
                    VPOS="4039.0"
                    WIDTH="1555.0"
                    HEIGHT="166.0"></String>
          </TextLine>

          
          
          <TextLine ID="eSc_line_1364289"
                    
                    BASELINE="3190 4243 4761 4254" 
                    HPOS="3185.0"
                    VPOS="4162.0"
                    WIDTH="1571.0"
                    HEIGHT="167.0">
            <Shape><Polygon POINTS="3185 4238 3190 4173 3518 4173 3556 4205 3599 4189 3642 4232 3723 4162 3841 4189 3938 4168 3976 4195 4099 4205 4288 4178 4315 4200 4524 4200 4551 4178 4670 4195 4740 4162 4756 4248 4611 4329 4492 4297 4444 4324 4202 4302 3986 4324 3884 4297 3696 4313 3637 4259 3572 4308 3298 4286 3190 4313"/></Shape>
	    <String CONTENT="על זקן הכבדת עולך מא&#39; ˙ אשר ידעת"
                    HPOS="3185.0"
                    VPOS="4162.0"
                    WIDTH="1571.0"
                    HEIGHT="167.0"></String>
          </TextLine>

          
          
          <TextLine ID="eSc_line_1364273"
                    
                    BASELINE="3212 4377 4750 4372" 
                    HPOS="3206.0"
                    VPOS="4265.0"
                    WIDTH="1539.0"
                    HEIGHT="199.0">
            <Shape><Polygon POINTS="3206 4372 3212 4302 3561 4313 3631 4265 3691 4313 3879 4302 4003 4329 4191 4308 4460 4329 4492 4308 4616 4334 4729 4313 4745 4367 4670 4458 4385 4453 4358 4431 4320 4458 4277 4437 4110 4464 4056 4437 3820 4447 3793 4426 3739 4453 3707 4420 3524 4420 3421 4453 3373 4426 3276 4437 3212 4404"/></Shape>
	    <String CONTENT="כי הם זקני העם את צריך לידע אם"
                    HPOS="3206.0"
                    VPOS="4265.0"
                    WIDTH="1539.0"
                    HEIGHT="199.0"></String>
          </TextLine>

          
          
          <TextLine ID="eSc_line_1364286"
                    
                    BASELINE="3169 4485 4761 4507" 
                    HPOS="3163.0"
                    VPOS="4404.0"
                    WIDTH="1593.0"
                    HEIGHT="178.0">
            <Shape><Polygon POINTS="3163 4480 3169 4420 3196 4404 3271 4442 3395 4431 3421 4453 3518 4426 3707 4426 3739 4458 3787 4426 3922 4453 4051 4437 4099 4464 4191 4437 4331 4453 4363 4431 4390 4458 4616 4442 4756 4501 4664 4576 4578 4550 4481 4582 4406 4560 4148 4576 4121 4555 4067 4576 3879 4571 3777 4544 3615 4576 3561 4550 3432 4560 3395 4533 3352 4566 3228 4560 3169 4501"/></Shape>
	    <String CONTENT="ברוכים לפני כי הם זקני העם ושוטריו"
                    HPOS="3163.0"
                    VPOS="4404.0"
                    WIDTH="1593.0"
                    HEIGHT="178.0"></String>
          </TextLine>

          
          
          <TextLine ID="eSc_line_1364290"
                    
                    BASELINE="3169 4614 4724 4625" 
                    HPOS="3163.0"
                    VPOS="4539.0"
                    WIDTH="1555.0"
                    HEIGHT="172.0">
            <Shape><Polygon POINTS="3163 4609 3169 4544 3357 4566 3395 4539 3448 4571 3572 4555 3626 4576 3777 4550 3809 4571 4320 4582 4390 4560 4546 4571 4584 4550 4643 4576 4702 4566 4718 4619 4702 4684 4664 4700 4578 4657 4535 4695 4444 4663 4368 4695 4272 4684 4229 4711 4191 4673 4040 4700 3911 4679 3857 4700 3647 4684 3610 4646 3518 4695 3465 4695 3427 4657 3384 4689 3217 4695 3169 4652"/></Shape>
	    <String CONTENT="מלמד שאין אדם יושב בישיבה למטה"
                    HPOS="3163.0"
                    VPOS="4539.0"
                    WIDTH="1555.0"
                    HEIGHT="172.0"></String>
          </TextLine>

          
          
          <TextLine ID="eSc_line_1364287"
                    
                    BASELINE="3152 4749 4750 4732" 
                    HPOS="3147.0"
                    VPOS="4657.0"
                    WIDTH="1598.0"
                    HEIGHT="172.0">
            <Shape><Polygon POINTS="3147 4743 3152 4657 3206 4689 3400 4684 3432 4663 3465 4695 3524 4695 3610 4657 3642 4689 3674 4673 3771 4700 4191 4679 4223 4706 4422 4673 4541 4700 4584 4663 4637 4706 4729 4679 4745 4727 4659 4813 4320 4808 4277 4829 4212 4792 4105 4824 3900 4797 3841 4818 3443 4818 3357 4775 3239 4802 3158 4759"/></Shape>
	    <String CONTENT="אלא אם כן יושב בישיבה למעלה ˙"
                    HPOS="3147.0"
                    VPOS="4657.0"
                    WIDTH="1598.0"
                    HEIGHT="172.0"></String>
          </TextLine>

          
          
          <TextLine ID="eSc_line_1364276"
                    
                    BASELINE="3163 4878 4750 4867" 
                    HPOS="3158.0"
                    VPOS="4786.0"
                    WIDTH="1587.0"
                    HEIGHT="172.0">
            <Shape><Polygon POINTS="3158 4872 3163 4792 3190 4786 3239 4808 3405 4792 3432 4813 3723 4824 4223 4808 4245 4829 4320 4808 4648 4818 4713 4797 4745 4862 4632 4958 4250 4926 4126 4953 3976 4921 3830 4948 3793 4915 3744 4937 3384 4915 3265 4937 3169 4872"/></Shape>
	    <String CONTENT="עד שהבריות מרשת אחריו ואו&#39; כשר"
                    HPOS="3158.0"
                    VPOS="4786.0"
                    WIDTH="1587.0"
                    HEIGHT="172.0"></String>
          </TextLine>

          
          
          <TextLine ID="eSc_line_1364279"
                    
                    BASELINE="3314 5007 4750 4996" 
                    HPOS="3308.0"
                    VPOS="4921.0"
                    WIDTH="1437.0"
                    HEIGHT="172.0">
            <Shape><Polygon POINTS="3308 5001 3389 4921 3669 4942 3798 4921 3825 4948 4116 4953 4363 4931 4438 4958 4632 4958 4729 4931 4745 4991 4670 5077 4411 5093 4347 5071 4191 5087 4099 5055 4008 5087 3658 5061 3615 5082 3405 5077 3319 5012"/></Shape>
	    <String CONTENT="איש פל&#39; חסיד ונאה להיות חכם ˙"
                    HPOS="3308.0"
                    VPOS="4921.0"
                    WIDTH="1437.0"
                    HEIGHT="172.0"></String>
          </TextLine>

          
          
          <TextLine ID="eSc_line_1364282"
                    
                    BASELINE="3152 5136 4745 5136" 
                    HPOS="3147.0"
                    VPOS="5071.0"
                    WIDTH="1593.0"
                    HEIGHT="140.0">
            <Shape><Polygon POINTS="3147 5130 3158 5104 3201 5098 3588 5109 3658 5071 4019 5071 4062 5109 4465 5109 4503 5077 4605 5071 4675 5077 4740 5130 4729 5184 4568 5211 4358 5211 4336 5190 4309 5211 3938 5211 3900 5184 3787 5211 3691 5184 3572 5206 3158 5184"/></Shape>
	    <String CONTENT="ושוטריו כמשמעו ˙ ויראו שוטרי בני"
                    HPOS="3147.0"
                    VPOS="5071.0"
                    WIDTH="1593.0"
                    HEIGHT="140.0"></String>
          </TextLine>

          
        </TextBlock>
        
        <TextBlock HPOS="1320.0"
                   VPOS="1053.0"
                   WIDTH="1633.0"
                   HEIGHT="4168.0"
                   ID="eSc_textblock_15460"
                   TAGREFS="BT2">
          <Shape><Polygon POINTS="1320 1053 1320 5221 2953 5221 2953 1053"/></Shape>
          
          
          <TextLine ID="eSc_line_1364210"
                    
                    BASELINE="1361 1113 2889 1102" 
                    HPOS="1355.0"
                    VPOS="1054.0"
                    WIDTH="1528.0"
                    HEIGHT="123.0">
            <Shape><Polygon POINTS="1355 1107 1361 1064 1463 1054 2862 1054 2883 1097 2867 1145 2803 1172 2458 1172 2437 1150 2388 1172 2356 1150 1743 1177 1646 1150 1576 1177 1511 1150 1361 1150"/></Shape>
	    <String CONTENT="אתם ברע אמ&#39; המק&#39; הואיל וראו ועמדו"
                    HPOS="1355.0"
                    VPOS="1054.0"
                    WIDTH="1528.0"
                    HEIGHT="123.0"></String>
          </TextLine>

          
          
          <TextLine ID="eSc_line_1364214"
                    
                    BASELINE="1377 1237 2937 1253" 
                    HPOS="1372.0"
                    VPOS="1156.0"
                    WIDTH="1560.0"
                    HEIGHT="172.0">
            <Shape><Polygon POINTS="1372 1231 1409 1231 1468 1172 2200 1188 2249 1156 2270 1177 2528 1188 2916 1161 2932 1247 2851 1312 2663 1328 2609 1296 2561 1317 2372 1317 2335 1296 2297 1317 2082 1328 2028 1296 1931 1323 1646 1296 1544 1317 1485 1290 1436 1317 1377 1258"/></Shape>
	    <String CONTENT="בצער ההוא של מצריים יבאו ויראו [/]"
                    HPOS="1372.0"
                    VPOS="1156.0"
                    WIDTH="1560.0"
                    HEIGHT="172.0"></String>
          </TextLine>

          
          
          <TextLine ID="eSc_line_1364218"
                    
                    BASELINE="1350 1376 2889 1376" 
                    HPOS="1345.0"
                    VPOS="1296.0"
                    WIDTH="1538.0"
                    HEIGHT="166.0">
            <Shape><Polygon POINTS="1345 1371 1393 1306 1571 1323 1614 1296 1775 1328 1818 1306 1856 1328 2017 1306 2076 1328 2308 1323 2340 1301 2388 1328 2614 1306 2668 1333 2873 1312 2883 1371 2857 1452 2770 1425 2701 1446 2668 1419 2501 1462 2448 1430 2405 1452 2006 1457 1910 1430 1834 1446 1813 1425 1743 1462 1554 1436 1415 1462 1355 1403"/></Shape>
	    <String CONTENT="בריוח שכן ˙ ולקחת אתם אל אהל מועד"
                    HPOS="1345.0"
                    VPOS="1296.0"
                    WIDTH="1538.0"
                    HEIGHT="166.0"></String>
          </TextLine>

          
          
          <TextLine ID="eSc_line_1364222"
                    
                    BASELINE="1366 1516 2905 1500" 
                    HPOS="1361.0"
                    VPOS="1419.0"
                    WIDTH="1539.0"
                    HEIGHT="162.0">
            <Shape><Polygon POINTS="1361 1511 1436 1452 1528 1430 1743 1462 1850 1452 1883 1425 2136 1462 2431 1430 2496 1457 2663 1419 2711 1446 2760 1425 2900 1495 2840 1570 2754 1581 2614 1554 2286 1581 2227 1559 2189 1581 1996 1581 1947 1559 1840 1581 1818 1559 1667 1575 1603 1554 1441 1581 1366 1511"/></Shape>
	    <String CONTENT="אמ&#39; לו קחם בדברים בתחילה אמור להם"
                    HPOS="1361.0"
                    VPOS="1419.0"
                    WIDTH="1539.0"
                    HEIGHT="162.0"></String>
          </TextLine>

          
          
          <TextLine ID="eSc_line_1364226"
                    
                    BASELINE="1361 1635 2921 1635" 
                    HPOS="1355.0"
                    VPOS="1543.0"
                    WIDTH="1561.0"
                    HEIGHT="167.0">
            <Shape><Polygon POINTS="1355 1629 1436 1581 1603 1565 1953 1570 2012 1591 2216 1570 2770 1581 2857 1570 2883 1543 2916 1629 2867 1699 2797 1710 2695 1683 2625 1710 2448 1688 1560 1710 1415 1688 1366 1640"/></Shape>
	    <String CONTENT="דברי שבח אשריכם שנתמניתם וחזור"
                    HPOS="1355.0"
                    VPOS="1543.0"
                    WIDTH="1561.0"
                    HEIGHT="167.0"></String>
          </TextLine>

          
          
          <TextLine ID="eSc_line_1364230"
                    
                    BASELINE="1312 1758 2932 1758" 
                    HPOS="1307.0"
                    VPOS="1683.0"
                    WIDTH="1619.0"
                    HEIGHT="172.0">
            <Shape><Polygon POINTS="1307 1753 1339 1688 1910 1715 2555 1694 2614 1715 2701 1688 2781 1715 2905 1683 2926 1753 2862 1823 2797 1834 2631 1812 2345 1834 2265 1807 2216 1839 2125 1844 1813 1807 1700 1839 1641 1796 1603 1834 1458 1801 1361 1855 1318 1812"/></Shape>
	    <String CONTENT="ואמור להם דברי פגם היו יודעין שסורבנין"
                    HPOS="1307.0"
                    VPOS="1683.0"
                    WIDTH="1619.0"
                    HEIGHT="172.0"></String>
          </TextLine>

          
          
          <TextLine ID="eSc_line_1364232"
                    
                    BASELINE="1312 1877 2900 1871" 
                    HPOS="1307.0"
                    VPOS="1790.0"
                    WIDTH="1587.0"
                    HEIGHT="178.0">
            <Shape><Polygon POINTS="1307 1871 1447 1801 1603 1828 1641 1790 1689 1834 1931 1812 2114 1844 2249 1817 2797 1834 2878 1807 2894 1866 2851 1952 2496 1946 2469 1968 2421 1925 2356 1963 2308 1941 2039 1957 1920 1952 1861 1914 1737 1957 1630 1930 1576 1957 1544 1925 1388 1952 1312 1877"/></Shape>
	    <String CONTENT="וטורחנין הן על מנת כן תהו מקבלין עליכ&#39;"
                    HPOS="1307.0"
                    VPOS="1790.0"
                    WIDTH="1587.0"
                    HEIGHT="178.0"></String>
          </TextLine>

          
          
          <TextLine ID="eSc_line_1364238"
                    
                    BASELINE="1372 2000 2937 2006" 
                    HPOS="1366.0"
                    VPOS="1920.0"
                    WIDTH="1566.0"
                    HEIGHT="172.0">
            <Shape><Polygon POINTS="1366 1995 1436 1952 1544 1936 1571 1963 1619 1941 1743 1963 1861 1930 1958 1963 2292 1941 2356 1957 2421 1920 2464 1963 2507 1941 2824 1941 2932 2000 2824 2070 2367 2065 2318 2086 2281 2059 1867 2086 1802 2065 1770 2092 1727 2059 1517 2076 1372 2000"/></Shape>
	    <String CONTENT="שיהו מקללין אתכם וסוקלין אתכם"
                    HPOS="1366.0"
                    VPOS="1920.0"
                    WIDTH="1566.0"
                    HEIGHT="172.0"></String>
          </TextLine>

          
          
          <TextLine ID="eSc_line_1364242"
                    
                    BASELINE="1318 2135 2916 2135" 
                    HPOS="1312.0"
                    VPOS="2059.0"
                    WIDTH="1598.0"
                    HEIGHT="173.0">
            <Shape><Polygon POINTS="1312 2129 1350 2076 1441 2065 1737 2065 1764 2092 1802 2070 2297 2070 2324 2092 2378 2070 2507 2092 2862 2059 2900 2065 2910 2129 2900 2172 2840 2215 2243 2194 2028 2210 1990 2183 1823 2221 1786 2188 1619 2210 1522 2178 1485 2210 1420 2199 1377 2232 1323 2178"/></Shape>
	    <String CONTENT="באבנים מה שהיתניתי עמך התנה עמהם ˙"
                    HPOS="1312.0"
                    VPOS="2059.0"
                    WIDTH="1598.0"
                    HEIGHT="173.0"></String>
          </TextLine>

          
          
          <TextLine ID="eSc_line_1364246"
                    
                    BASELINE="1355 2248 2943 2269" 
                    HPOS="1350.0"
                    VPOS="2178.0"
                    WIDTH="1587.0"
                    HEIGHT="161.0">
            <Shape><Polygon POINTS="1350 2242 1404 2242 1522 2178 1603 2205 1791 2194 1823 2221 1990 2183 2023 2205 2168 2210 2754 2199 2846 2210 2937 2264 2857 2323 2770 2334 2695 2296 2636 2339 2555 2334 2528 2307 2491 2328 2351 2312 2211 2334 2168 2291 2109 2318 1963 2312 1931 2334 1818 2312 1754 2334 1678 2328 1641 2291 1592 2318 1511 2318 1485 2291 1425 2312 1355 2248"/></Shape>
	    <String CONTENT="והתיצבו שם עמך והכניסם עמך אל [/]"
                    HPOS="1350.0"
                    VPOS="2178.0"
                    WIDTH="1587.0"
                    HEIGHT="161.0"></String>
          </TextLine>

          
          
          <TextLine ID="eSc_line_1364248"
                    
                    BASELINE="1345 2366 2937 2377" 
                    HPOS="1339.0"
                    VPOS="2291.0"
                    WIDTH="1593.0"
                    HEIGHT="172.0">
            <Shape><Polygon POINTS="1339 2361 1388 2307 1603 2323 1641 2301 1694 2334 1813 2312 2098 2323 2162 2291 2211 2339 2534 2318 2717 2344 2916 2307 2932 2371 2835 2441 2566 2431 2507 2463 2458 2431 2157 2452 2130 2420 2060 2441 1947 2420 1732 2457 1700 2436 1501 2447 1474 2425 1415 2452 1345 2414"/></Shape>
	    <String CONTENT="אהל מועד ויהיו כל ישר&#39; נוהגין בהן כבוד"
                    HPOS="1339.0"
                    VPOS="2291.0"
                    WIDTH="1593.0"
                    HEIGHT="172.0"></String>
          </TextLine>

          
          
          <TextLine ID="eSc_line_1364254"
                    
                    BASELINE="1404 2495 2943 2500" 
                    HPOS="1398.0"
                    VPOS="2420.0"
                    WIDTH="1539.0"
                    HEIGHT="172.0">
            <Shape><Polygon POINTS="1398 2490 1474 2425 1565 2457 1888 2452 1926 2431 2125 2431 2152 2452 2458 2431 2512 2457 2561 2436 2647 2452 2921 2420 2937 2495 2835 2570 2690 2543 2636 2570 2464 2565 2383 2592 2345 2554 2265 2570 2238 2543 2130 2570 2103 2543 2066 2570 2017 2543 1996 2565 1678 2576 1630 2533 1592 2565 1452 2565 1404 2527"/></Shape>
	    <String CONTENT="כמו שנוהגין בך ויהיו או&#39; חביבין אילו"
                    HPOS="1398.0"
                    VPOS="2420.0"
                    WIDTH="1539.0"
                    HEIGHT="172.0"></String>
          </TextLine>

          
          
          <TextLine ID="eSc_line_1364258"
                    
                    BASELINE="1425 2619 2889 2630" 
                    HPOS="1420.0"
                    VPOS="2538.0"
                    WIDTH="1463.0"
                    HEIGHT="199.0">
            <Shape><Polygon POINTS="1420 2613 1436 2560 1522 2549 1592 2570 1635 2543 1694 2576 2023 2543 2066 2565 2098 2538 2125 2565 2238 2554 2265 2581 2340 2565 2378 2603 2415 2576 2867 2554 2883 2624 2803 2699 2582 2694 2528 2673 2453 2737 2378 2689 2302 2694 2275 2667 2238 2694 1942 2683 1893 2732 1775 2667 1737 2689 1614 2667 1485 2699 1425 2673"/></Shape>
	    <String CONTENT="שנכנסו עם משה לשמוע דיבור מפי"
                    HPOS="1420.0"
                    VPOS="2538.0"
                    WIDTH="1463.0"
                    HEIGHT="199.0"></String>
          </TextLine>

          
          
          <TextLine ID="eSc_line_1364262"
                    
                    BASELINE="1936 2759 2937 2753" 
                    HPOS="1931.0"
                    VPOS="2662.0"
                    WIDTH="1001.0"
                    HEIGHT="177.0">
            <Shape><Polygon POINTS="1931 2753 2012 2673 2238 2689 2275 2662 2302 2689 2356 2689 2421 2748 2501 2748 2555 2694 2830 2694 2883 2748 2932 2748 2857 2818 2770 2839 2668 2812 2588 2834 2475 2753 2426 2753 2351 2823 2249 2807 2211 2839 2162 2802 2055 2834 1936 2775"/></Shape>
	    <String CONTENT="הקודש ˙ סליק פיר&#39; ˙"
                    HPOS="1931.0"
                    VPOS="2662.0"
                    WIDTH="1001.0"
                    HEIGHT="177.0"></String>
          </TextLine>

          
          
          <TextLine ID="eSc_line_1364263"
                    
                    BASELINE="1377 2872 2921 2882" 
                    HPOS="1372.0"
                    VPOS="2796.0"
                    WIDTH="1544.0"
                    HEIGHT="162.0">
            <Shape><Polygon POINTS="1372 2866 1436 2818 1517 2802 1942 2796 2055 2834 2168 2812 2211 2845 2254 2818 2362 2829 2399 2802 2749 2834 2905 2802 2916 2877 2846 2952 2690 2931 2593 2952 2555 2925 2523 2952 2189 2958 2098 2947 2060 2915 1996 2941 1953 2909 1893 2941 1571 2958 1474 2936 1409 2952 1377 2920"/></Shape>
	    <String CONTENT="וירדתי אחת מעשר ירידות שכתובות"
                    HPOS="1372.0"
                    VPOS="2796.0"
                    WIDTH="1544.0"
                    HEIGHT="162.0"></String>
          </TextLine>

          
          
          <TextLine ID="eSc_line_1364308"
                    
                    BASELINE="1409 3001 2937 3001" 
                    HPOS="1404.0"
                    VPOS="2915.0"
                    WIDTH="1528.0"
                    HEIGHT="172.0">
            <Shape><Polygon POINTS="1404 2995 1415 2952 1458 2936 1818 2958 1904 2952 1958 2915 2001 2947 2189 2958 2571 2936 2609 2963 2808 2941 2878 2990 2932 2995 2835 3081 2652 3054 2614 3071 2582 3044 2550 3071 2297 3081 2259 3044 2184 3087 2093 3081 2060 3049 1867 3081 1823 3044 1780 3081 1667 3060 1630 3087 1592 3049 1501 3065 1415 3038"/></Shape>
	    <String CONTENT="בתורה ˙ ודברתי עמך ולא עמהן [וא/]"
                    HPOS="1404.0"
                    VPOS="2915.0"
                    WIDTH="1528.0"
                    HEIGHT="172.0"></String>
          </TextLine>

          
          
          <TextLine ID="eSc_line_1364293"
                    
                    BASELINE="1355 3114 2921 3135" 
                    HPOS="1350.0"
                    VPOS="3038.0"
                    WIDTH="1566.0"
                    HEIGHT="172.0">
            <Shape><Polygon POINTS="1350 3108 1366 3065 1420 3038 1490 3065 1592 3044 1630 3081 1684 3054 1759 3087 1823 3044 1861 3081 2060 3049 2087 3076 2168 3087 2259 3054 2292 3081 2647 3054 2851 3076 2916 3130 2846 3189 2813 3167 2674 3210 2539 3189 2421 3205 2399 3183 1980 3194 1958 3173 1861 3210 1759 3210 1727 3178 1673 3194 1646 3167 1608 3194 1549 3173 1468 3200 1355 3151"/></Shape>
	    <String CONTENT="ואצלתי מן הרוח אשר עליך וש&#39; עלי&#39; ˙"
                    HPOS="1350.0"
                    VPOS="3038.0"
                    WIDTH="1566.0"
                    HEIGHT="172.0"></String>
          </TextLine>

          
          
          <TextLine ID="eSc_line_1364297"
                    
                    BASELINE="1398 3237 2916 3264" 
                    HPOS="1393.0"
                    VPOS="3167.0"
                    WIDTH="1517.0"
                    HEIGHT="167.0">
            <Shape><Polygon POINTS="1393 3232 1431 3189 1608 3194 1635 3167 1754 3210 1915 3200 1942 3178 2001 3200 2286 3183 2415 3210 2534 3183 2679 3210 2819 3173 2910 3259 2835 3329 2571 3302 2453 3323 2410 3286 2383 3313 2249 3334 2189 3307 1963 3334 1910 3296 1840 3329 1807 3296 1764 3329 1700 3329 1673 3302 1565 3313 1522 3286 1436 3286 1398 3253"/></Shape>
	    <String CONTENT="למה משה דומה באותה שעה לנר"
                    HPOS="1393.0"
                    VPOS="3167.0"
                    WIDTH="1517.0"
                    HEIGHT="167.0"></String>
          </TextLine>

          
          
          <TextLine ID="eSc_line_1364299"
                    
                    BASELINE="1425 3372 2921 3372" 
                    HPOS="1420.0"
                    VPOS="3286.0"
                    WIDTH="1496.0"
                    HEIGHT="177.0">
            <Shape><Polygon POINTS="1420 3366 1474 3291 1694 3329 1775 3329 1807 3296 1840 3329 1910 3307 1963 3339 2039 3313 2195 3313 2259 3339 2383 3318 2415 3286 2458 3329 2674 3318 2916 3366 2803 3452 2528 3436 2469 3463 2351 3436 2109 3452 1867 3420 1786 3452 1592 3425 1495 3442 1431 3393"/></Shape>
	    <String CONTENT="שמונח על גבי מנורה ודלקו ממנו"
                    HPOS="1420.0"
                    VPOS="3286.0"
                    WIDTH="1496.0"
                    HEIGHT="177.0"></String>
          </TextLine>

          
          
          <TextLine ID="eSc_line_1364306"
                    
                    BASELINE="1393 3501 2889 3495" 
                    HPOS="1388.0"
                    VPOS="3415.0"
                    WIDTH="1495.0"
                    HEIGHT="177.0">
            <Shape><Polygon POINTS="1388 3495 1458 3425 1587 3420 1662 3447 1969 3425 2125 3452 2254 3442 2281 3463 2340 3436 2469 3463 2523 3442 2781 3458 2867 3415 2883 3490 2857 3571 2733 3565 2706 3592 2555 3565 2227 3581 2060 3549 1915 3560 1883 3528 1850 3560 1732 3565 1678 3544 1641 3571 1447 3565 1393 3512"/></Shape>
	    <String CONTENT="נרות הרבה ולא היה אורו חסר כלום"
                    HPOS="1388.0"
                    VPOS="3415.0"
                    WIDTH="1495.0"
                    HEIGHT="177.0"></String>
          </TextLine>

          
          
          <TextLine ID="eSc_line_1364302"
                    
                    BASELINE="1339 3619 2937 3619" 
                    HPOS="1334.0"
                    VPOS="3533.0"
                    WIDTH="1598.0"
                    HEIGHT="188.0">
            <Shape><Polygon POINTS="1334 3614 1409 3544 1441 3571 1603 3576 1861 3565 1888 3538 1920 3565 2087 3576 2555 3565 2706 3598 2760 3565 2830 3592 2900 3533 2932 3614 2835 3721 2765 3673 2711 3700 2286 3684 2066 3705 2033 3673 1990 3700 1883 3678 1581 3700 1533 3668 1398 3694 1345 3641"/></Shape>
	    <String CONTENT="כך לא היתה חכמתו של משה חסירה"
                    HPOS="1334.0"
                    VPOS="3533.0"
                    WIDTH="1598.0"
                    HEIGHT="188.0"></String>
          </TextLine>

          
          
          <TextLine ID="eSc_line_1364304"
                    
                    BASELINE="1366 3737 2943 3748" 
                    HPOS="1361.0"
                    VPOS="3668.0"
                    WIDTH="1576.0"
                    HEIGHT="166.0">
            <Shape><Polygon POINTS="1361 3732 1415 3689 1517 3668 1576 3700 2039 3678 2071 3705 2717 3694 2765 3673 2808 3716 2937 3743 2835 3834 2620 3791 2566 3823 2356 3797 2184 3834 2141 3786 2066 3823 1635 3823 1549 3780 1511 3813 1409 3818 1366 3775"/></Shape>
	    <String CONTENT="כלום ונשאו אותך במשא העם למה"
                    HPOS="1361.0"
                    VPOS="3668.0"
                    WIDTH="1576.0"
                    HEIGHT="166.0"></String>
          </TextLine>

          
          
          <TextLine ID="eSc_line_1364300"
                    
                    BASELINE="1377 3861 2900 3888" 
                    HPOS="1372.0"
                    VPOS="3780.0"
                    WIDTH="1522.0"
                    HEIGHT="199.0">
            <Shape><Polygon POINTS="1372 3856 1441 3813 1517 3813 1549 3780 1592 3813 1802 3829 1893 3807 2082 3829 2141 3786 2184 3829 2356 3802 2512 3823 2609 3802 2749 3813 2851 3840 2894 3883 2846 3947 2754 3920 2695 3947 2657 3910 2614 3953 2534 3953 2501 3920 2302 3947 2109 3920 2060 3947 1893 3942 1856 3915 1818 3947 1780 3931 1737 3974 1608 3979 1549 3942 1501 3958 1377 3861"/></Shape>
	    <String CONTENT="נאמ&#39; לפי שהוא או&#39; איכה אשא לבדי"
                    HPOS="1372.0"
                    VPOS="3780.0"
                    WIDTH="1522.0"
                    HEIGHT="199.0"></String>
          </TextLine>

          
          
          <TextLine ID="eSc_line_1364303"
                    
                    BASELINE="1829 3990 2900 3990" 
                    HPOS="1823.0"
                    VPOS="3910.0"
                    WIDTH="1071.0"
                    HEIGHT="188.0">
            <Shape><Polygon POINTS="1823 3985 1926 3942 2114 3931 2275 3953 2507 3926 2539 3958 2614 3958 2663 3910 2701 3947 2760 3926 2857 3953 2883 3931 2894 3985 2883 4022 2824 4066 2523 4055 2453 4098 1963 4092 1834 3985"/></Shape>
	    <String CONTENT="אמ&#39; לו המק&#39; ונשאו אותך ˙"
                    HPOS="1823.0"
                    VPOS="3910.0"
                    WIDTH="1071.0"
                    HEIGHT="188.0"></String>
          </TextLine>

          
          
          <TextLine ID="eSc_line_1364296"
                    
                    BASELINE="1377 4109 2873 4119" 
                    HPOS="1372.0"
                    VPOS="3985.0"
                    WIDTH="1495.0"
                    HEIGHT="215.0">
            <Shape><Polygon POINTS="1372 4103 1436 4044 1721 4049 1797 3985 1850 4039 1910 4039 1969 4098 2437 4109 2518 4049 2620 4049 2674 4103 2727 4103 2781 4049 2851 4044 2867 4114 2819 4195 2754 4189 2684 4135 2631 4184 2571 4195 2421 4114 2001 4109 1942 4168 1759 4152 1544 4200 1452 4173 1377 4109"/></Shape>
	    <String CONTENT="סל&#39; פיר&#39; ˙ ואל העם"
                    HPOS="1372.0"
                    VPOS="3985.0"
                    WIDTH="1495.0"
                    HEIGHT="215.0"></String>
          </TextLine>

          
          
          <TextLine ID="eSc_line_1364305"
                    
                    BASELINE="1355 4232 2916 4238" 
                    HPOS="1350.0"
                    VPOS="4125.0"
                    WIDTH="1560.0"
                    HEIGHT="188.0">
            <Shape><Polygon POINTS="1350 4227 1388 4227 1441 4173 1538 4200 1743 4168 1872 4178 1974 4152 2103 4157 2136 4125 2168 4157 2475 4152 2566 4195 2717 4157 2749 4189 2840 4195 2910 4232 2835 4302 2593 4286 2437 4313 2351 4281 2275 4308 2211 4270 2179 4291 2125 4270 2082 4313 2044 4291 1861 4313 1802 4286 1441 4313 1355 4232"/></Shape>
	    <String CONTENT="תאמר התקדשו אין התקדשו אלא"
                    HPOS="1350.0"
                    VPOS="4125.0"
                    WIDTH="1560.0"
                    HEIGHT="188.0"></String>
          </TextLine>

          
          
          <TextLine ID="eSc_line_1364295"
                    
                    BASELINE="1398 4356 2921 4361" 
                    HPOS="1393.0"
                    VPOS="4275.0"
                    WIDTH="1523.0"
                    HEIGHT="172.0">
            <Shape><Polygon POINTS="1393 4351 1398 4275 1441 4313 1549 4318 1786 4291 1850 4313 2044 4297 2076 4318 2130 4275 2270 4308 2351 4286 2415 4313 2588 4291 2824 4302 2916 4356 2835 4426 2749 4420 2706 4447 2652 4415 2577 4442 2544 4410 2475 4442 2200 4426 2168 4394 2071 4442 2023 4415 1942 4442 1533 4431 1495 4394 1458 4431 1398 4426"/></Shape>
	    <String CONTENT="התקינו עצמיכם לפורענות במה הוא"
                    HPOS="1393.0"
                    VPOS="4275.0"
                    WIDTH="1523.0"
                    HEIGHT="172.0"></String>
          </TextLine>

          
          
          <TextLine ID="eSc_line_1364301"
                    
                    BASELINE="1334 4485 2867 4474" 
                    HPOS="1328.0"
                    VPOS="4394.0"
                    WIDTH="1534.0"
                    HEIGHT="177.0">
            <Shape><Polygon POINTS="1328 4480 1388 4426 1447 4431 1490 4394 1538 4431 1743 4442 1947 4442 2001 4415 2071 4442 2168 4394 2205 4431 2308 4420 2448 4447 2534 4420 2577 4447 2641 4426 2684 4453 2749 4426 2803 4447 2846 4420 2862 4469 2846 4544 2808 4566 2722 4550 2561 4571 2496 4566 2458 4528 2426 4550 2292 4544 2270 4566 2222 4539 1840 4571 1770 4539 1388 4550 1334 4496"/></Shape>
	    <String CONTENT="או&#39; התיקם כצאן לטבח&#39; והקדישם ליום"
                    HPOS="1328.0"
                    VPOS="4394.0"
                    WIDTH="1534.0"
                    HEIGHT="177.0"></String>
          </TextLine>

          
          
          <TextLine ID="eSc_line_1364307"
                    
                    BASELINE="1366 4603 2867 4614" 
                    HPOS="1361.0"
                    VPOS="4533.0"
                    WIDTH="1501.0"
                    HEIGHT="167.0">
            <Shape><Polygon POINTS="1361 4598 1441 4550 2222 4550 2270 4571 2458 4533 2485 4560 2598 4571 2641 4550 2846 4550 2862 4609 2835 4673 2787 4684 2733 4652 2684 4700 2598 4663 2464 4679 2437 4657 2378 4689 2308 4652 2238 4689 2168 4636 2119 4684 2012 4684 1980 4657 1926 4689 1748 4652 1684 4689 1587 4689 1490 4652 1431 4673 1366 4609"/></Shape>
	    <String CONTENT="הריגה ואו&#39; קדשו צום קראו עצרה"
                    HPOS="1361.0"
                    VPOS="4533.0"
                    WIDTH="1501.0"
                    HEIGHT="167.0"></String>
          </TextLine>

          
          
          <TextLine ID="eSc_line_1364294"
                    
                    BASELINE="1339 4722 2916 4732" 
                    HPOS="1334.0"
                    VPOS="4641.0"
                    WIDTH="1576.0"
                    HEIGHT="199.0">
            <Shape><Polygon POINTS="1334 4716 1398 4663 1587 4689 1754 4668 2066 4689 2168 4641 2227 4689 2302 4657 2394 4695 2426 4668 2507 4684 2544 4663 2679 4706 2727 4657 2808 4684 2894 4646 2910 4727 2835 4797 2738 4797 2701 4765 2598 4818 2512 4781 2453 4813 2388 4808 2351 4840 2297 4786 2189 4829 2162 4802 2125 4818 2082 4781 1910 4813 1780 4792 1646 4808 1598 4775 1436 4802 1339 4722"/></Shape>
	    <String CONTENT="ואו&#39; וקדשתי עליך משחיתים איש"
                    HPOS="1334.0"
                    VPOS="4641.0"
                    WIDTH="1576.0"
                    HEIGHT="199.0"></String>
          </TextLine>

          
          
          <TextLine ID="eSc_line_1364291"
                    
                    BASELINE="1355 4851 2910 4862" 
                    HPOS="1350.0"
                    VPOS="4765.0"
                    WIDTH="1555.0"
                    HEIGHT="172.0">
            <Shape><Polygon POINTS="1350 4845 1393 4775 1436 4802 1619 4781 1646 4808 2087 4797 2184 4829 2275 4808 2351 4851 2399 4813 2507 4792 2598 4824 2706 4765 2738 4797 2808 4786 2905 4856 2840 4926 2797 4905 2765 4931 2614 4915 2582 4937 2437 4926 2345 4883 2302 4921 2195 4915 2146 4937 1861 4937 1802 4915 1694 4931 1667 4905 1598 4937 1485 4937 1452 4910 1382 4926 1355 4899"/></Shape>
	    <String CONTENT="וכליו בידו ˙ כי בכיתם באזני ייי וגומ&#39;"
                    HPOS="1350.0"
                    VPOS="4765.0"
                    WIDTH="1555.0"
                    HEIGHT="172.0"></String>
          </TextLine>

          
          
          <TextLine ID="eSc_line_1364292"
                    
                    BASELINE="1404 4980 2889 4996" 
                    HPOS="1398.0"
                    VPOS="4905.0"
                    WIDTH="1485.0"
                    HEIGHT="172.0">
            <Shape><Polygon POINTS="1398 4974 1436 4910 1479 4937 1678 4915 2049 4948 2184 4915 2388 4910 2571 4948 2614 4926 2765 4931 2803 4905 2883 4991 2813 5066 2770 5071 2679 5044 2609 5071 2534 5050 2399 5066 2351 5039 2243 5071 2205 5034 2130 5077 2071 5050 2028 5071 1915 5044 1840 5061 1791 5028 1732 5055 1404 5050"/></Shape>
	    <String CONTENT="לא יום אחד וג&#39; ˙ עד חודש ימים וגומ&#39;"
                    HPOS="1398.0"
                    VPOS="4905.0"
                    WIDTH="1485.0"
                    HEIGHT="172.0"></String>
          </TextLine>

          
          
          <TextLine ID="eSc_line_1364298"
                    
                    BASELINE="1398 5104 2894 5120" 
                    HPOS="1393.0"
                    VPOS="5039.0"
                    WIDTH="1496.0"
                    HEIGHT="151.0">
            <Shape><Polygon POINTS="1393 5098 1398 5044 1538 5061 1754 5039 2023 5066 2216 5044 2636 5071 2744 5050 2770 5071 2878 5071 2889 5114 2873 5173 2808 5190 1398 5163"/></Shape>
	    <String CONTENT="בכשירין הוא או&#39; עד חודש ימים"
                    HPOS="1393.0"
                    VPOS="5039.0"
                    WIDTH="1496.0"
                    HEIGHT="151.0"></String>
          </TextLine>

          
        </TextBlock>
        
        <TextBlock HPOS="4815.0"
                   VPOS="2666.0"
                   WIDTH="168.0"
                   HEIGHT="139.0"
                   ID="eSc_textblock_15462"
                   TAGREFS="BT218">
          <Shape><Polygon POINTS="4815 2666 4815 2805 4983 2805 4983 2666"/></Shape>
          
          
          <TextLine ID="eSc_line_730634"
                    
                    BASELINE="4844 2726 5004 2736" 
                    HPOS="4842.0"
                    VPOS="2662.0"
                    WIDTH="156.0"
                    HEIGHT="145.0">
            <Shape><Polygon POINTS="4842 2721 4858 2673 4998 2662 4982 2807 4847 2780"/></Shape>
	    <String CONTENT="{ז}קינים"
                    HPOS="4842.0"
                    VPOS="2662.0"
                    WIDTH="156.0"
                    HEIGHT="145.0"></String>
          </TextLine>

          
        </TextBlock>
        
        <TextBlock HPOS="865.0"
                   VPOS="498.0"
                   WIDTH="574.0"
                   HEIGHT="109.0"
                   ID="eSc_textblock_15459"
                   TAGREFS="BT219">
          <Shape><Polygon POINTS="865 498 865 607 1439 607 1439 498"/></Shape>
          
          
          <TextLine ID="eSc_line_1630790"
                    
                    BASELINE="843 542 1446 542" 
                    HPOS="839.0"
                    VPOS="516.0"
                    WIDTH="602.0"
                    HEIGHT="140.0">
            <Shape><Polygon POINTS="839 537 1328 516 1441 537 1431 618 1404 634 1307 618 1264 650 1151 656 1113 618 1054 645 957 618 920 656 850 656"/></Shape>
	    <String CONTENT="ספרי ˙ בהעלותך ˙"
                    HPOS="839.0"
                    VPOS="516.0"
                    WIDTH="602.0"
                    HEIGHT="140.0"></String>
          </TextLine>

          
        </TextBlock>
        

        
      </PrintSpace>
    </Page>
  </Layout>
</alto>
