<?xml version="1.0" encoding="UTF-8"?>
<alto xmlns:xsi="http://www.w3.org/2001/XMLSchema-instance"
      xmlns="http://www.loc.gov/standards/alto/ns-v4#"
      xsi:schemaLocation="http://www.loc.gov/standards/alto/ns-v4# http://www.loc.gov/standards/alto/v4/alto-4-2.xsd">
  <Description>
    <MeasurementUnit>pixel</MeasurementUnit>
    <sourceImageInformation>
      <fileName>oulis2017-aya-0514-0.jpg</fileName>
      
    </sourceImageInformation>
  </Description>
  
  <Tags>
    <OtherTag ID="BT1164" LABEL="Hole" DESCRIPTION="block type Hole"/><OtherTag ID="BT2" LABEL="Main" DESCRIPTION="block type Main"/><OtherTag ID="BT3" LABEL="Commentary" DESCRIPTION="block type Commentary"/><OtherTag ID="BT4" LABEL="Illustration" DESCRIPTION="block type Illustration"/><OtherTag ID="BT218" LABEL="Margin" DESCRIPTION="block type Margin"/><OtherTag ID="BT219" LABEL="Paratext" DESCRIPTION="block type Paratext"/>
    <OtherTag ID="LT2" LABEL="Numbering" DESCRIPTION="line type Numbering"/><OtherTag ID="LT3" LABEL="Correction" DESCRIPTION="line type Correction"/><OtherTag ID="LT481" LABEL="Gloss" DESCRIPTION="line type Gloss"/>
  </Tags>
  
  <Layout>
    <Page WIDTH="5398"
          HEIGHT="6459"
          PHYSICAL_IMG_NR="501"
          ID="eSc_dummypage_">
      <PrintSpace HPOS="0"
                  VPOS="0"
                  WIDTH="5398"
                  HEIGHT="6459">
        
        <TextBlock HPOS="2295.0"
                   VPOS="909.0"
                   WIDTH="1648.0"
                   HEIGHT="4139.0"
                   ID="eSc_textblock_13670"
                   TAGREFS="BT2">
          <Shape><Polygon POINTS="2295 934 2385 5048 3943 4982 3877 909"/></Shape>
          
          
          <TextLine ID="eSc_line_1352317"
                    
                    BASELINE="2359 995 3846 968" 
                    HPOS="2354.0"
                    VPOS="909.0"
                    WIDTH="1487.0"
                    HEIGHT="156.0">
            <Shape><Polygon POINTS="2354 990 2359 947 2397 931 2440 952 2521 931 2607 952 2650 925 2742 947 2871 925 2930 947 2957 920 3232 941 3367 915 3399 936 3512 936 3534 915 3749 909 3824 931 3841 963 3824 1017 3733 1038 3571 1017 3458 1049 3377 1028 3329 1049 3291 1028 3237 1049 3006 1038 2941 1060 2693 1038 2634 1065 2359 1054"/></Shape>
	    <String CONTENT="לטמא בגדים ת&#39;ל&#39; ואיש אשר יגע [במ&#39;]"
                    HPOS="2354.0"
                    VPOS="909.0"
                    WIDTH="1487.0"
                    HEIGHT="156.0"></String>
          </TextLine>

          
          
          <TextLine ID="eSc_line_1352327"
                    
                    BASELINE="2332 1108 3868 1087" 
                    HPOS="2327.0"
                    VPOS="1038.0"
                    WIDTH="1535.0"
                    HEIGHT="156.0">
            <Shape><Polygon POINTS="2327 1103 2338 1071 2391 1065 2531 1081 2704 1049 2979 1065 3377 1038 3776 1038 3862 1081 3787 1157 3706 1173 3668 1151 3447 1151 3399 1173 3146 1173 3108 1151 2957 1184 2785 1168 2548 1194 2338 1173"/></Shape>
	    <String CONTENT="במשכבו יכבס בגדיו אדם הנוגע [במש&#39;]"
                    HPOS="2327.0"
                    VPOS="1038.0"
                    WIDTH="1535.0"
                    HEIGHT="156.0"></String>
          </TextLine>

          
          
          <TextLine ID="eSc_line_1352376"
                    
                    BASELINE="2370 1232 3846 1221" 
                    HPOS="2364.0"
                    VPOS="1141.0"
                    WIDTH="1477.0"
                    HEIGHT="172.0">
            <Shape><Polygon POINTS="2364 1227 2386 1178 2892 1189 3103 1157 3167 1178 3442 1151 3469 1178 3657 1157 3733 1173 3819 1141 3841 1216 3824 1291 3652 1275 3038 1297 2989 1264 2952 1297 2725 1313 2693 1286 2451 1302 2370 1264"/></Shape>
	    <String CONTENT="במשכב מטמא בגדים ואין משכב"
                    HPOS="2364.0"
                    VPOS="1141.0"
                    WIDTH="1477.0"
                    HEIGHT="172.0"></String>
          </TextLine>

          
          
          <TextLine ID="eSc_line_1352367"
                    
                    BASELINE="2348 1361 3862 1345" 
                    HPOS="2343.0"
                    VPOS="1270.0"
                    WIDTH="1514.0"
                    HEIGHT="177.0">
            <Shape><Polygon POINTS="2343 1356 2375 1270 2531 1318 2564 1297 2688 1291 2731 1318 3000 1281 3189 1307 3652 1281 3841 1291 3857 1340 3841 1388 3819 1372 3781 1410 3636 1420 3528 1399 3237 1426 2860 1415 2790 1447 2758 1415 2639 1431 2580 1394 2499 1437 2348 1426"/></Shape>
	    <String CONTENT="הנוגע במשכב מטמא בגדים ˙ קל"
                    HPOS="2343.0"
                    VPOS="1270.0"
                    WIDTH="1514.0"
                    HEIGHT="177.0"></String>
          </TextLine>

          
          
          <TextLine ID="eSc_line_1352364"
                    
                    BASELINE="2332 1490 3841 1474" 
                    HPOS="2327.0"
                    VPOS="1404.0"
                    WIDTH="1508.0"
                    HEIGHT="156.0">
            <Shape><Polygon POINTS="2327 1485 2386 1426 2494 1442 2580 1404 2655 1437 2752 1420 2795 1453 2844 1420 3097 1431 3528 1404 3571 1426 3684 1404 3781 1420 3835 1469 3797 1539 3647 1517 3598 1550 3523 1512 3437 1544 3162 1539 3129 1560 2397 1560 2338 1523"/></Shape>
	    <String CONTENT="וחו&#39; שיטמא אדם מתחת הזב לטמא"
                    HPOS="2327.0"
                    VPOS="1404.0"
                    WIDTH="1508.0"
                    HEIGHT="156.0"></String>
          </TextLine>

          
          
          <TextLine ID="eSc_line_1352378"
                    
                    BASELINE="2359 1620 3868 1593" 
                    HPOS="2354.0"
                    VPOS="1517.0"
                    WIDTH="1508.0"
                    HEIGHT="178.0">
            <Shape><Polygon POINTS="2354 1614 2359 1560 2418 1555 2833 1571 3232 1555 3275 1534 3442 1550 3517 1517 3560 1544 3647 1517 3787 1539 3862 1587 3776 1663 3733 1668 3674 1625 3630 1668 3560 1647 3534 1668 3345 1657 3210 1684 2833 1663 2672 1668 2623 1695 2408 1679 2364 1636"/></Shape>
	    <String CONTENT="אדם ולטמא בגדים ומה אם במקום"
                    HPOS="2354.0"
                    VPOS="1517.0"
                    WIDTH="1508.0"
                    HEIGHT="178.0"></String>
          </TextLine>

          
          
          <TextLine ID="eSc_line_1352371"
                    
                    BASELINE="2402 1743 3873 1711" 
                    HPOS="2397.0"
                    VPOS="1625.0"
                    WIDTH="1471.0"
                    HEIGHT="194.0">
            <Shape><Polygon POINTS="2397 1738 2402 1679 2628 1695 2666 1673 2882 1668 3000 1690 3140 1668 3313 1679 3372 1657 3528 1673 3625 1668 3668 1625 3711 1663 3868 1706 3749 1797 3523 1797 3480 1760 3447 1792 3372 1803 2402 1819"/></Shape>
	    <String CONTENT="שלא מטמא משכב ומושב במגע"
                    HPOS="2397.0"
                    VPOS="1625.0"
                    WIDTH="1471.0"
                    HEIGHT="194.0"></String>
          </TextLine>

          
          
          <TextLine ID="eSc_line_1352352"
                    
                    BASELINE="2359 1862 3884 1846" 
                    HPOS="2354.0"
                    VPOS="1760.0"
                    WIDTH="1524.0"
                    HEIGHT="183.0">
            <Shape><Polygon POINTS="2354 1856 2381 1819 2435 1813 2623 1824 3070 1792 3232 1813 3453 1792 3485 1760 3539 1797 3797 1786 3878 1840 3819 1916 3480 1905 2725 1937 2677 1921 2618 1943 2537 1916 2424 1943 2359 1921"/></Shape>
	    <String CONTENT="משכב לטמא בגדים נטמא אדם"
                    HPOS="2354.0"
                    VPOS="1760.0"
                    WIDTH="1524.0"
                    HEIGHT="183.0"></String>
          </TextLine>

          
          
          <TextLine ID="eSc_line_1352359"
                    
                    BASELINE="2327 1996 3862 1975" 
                    HPOS="2321.0"
                    VPOS="1905.0"
                    WIDTH="1536.0"
                    HEIGHT="167.0">
            <Shape><Polygon POINTS="2321 1991 2327 1926 2531 1948 3070 1916 3129 1932 3216 1905 3259 1926 3808 1916 3857 1969 3835 2034 3674 2050 3216 2034 3016 2061 2709 2045 2596 2072 2521 2066 2467 2029 2332 2023"/></Shape>
	    <String CONTENT="במגע משכב לטמא בגדים מקום"
                    HPOS="2321.0"
                    VPOS="1905.0"
                    WIDTH="1536.0"
                    HEIGHT="167.0"></String>
          </TextLine>

          
          
          <TextLine ID="eSc_line_1352372"
                    
                    BASELINE="2327 2115 3835 2104" 
                    HPOS="2321.0"
                    VPOS="2029.0"
                    WIDTH="1509.0"
                    HEIGHT="161.0">
            <Shape><Polygon POINTS="2321 2109 2397 2034 2451 2029 2596 2072 3151 2039 3814 2045 3830 2099 3814 2147 3701 2174 3550 2174 3523 2147 3480 2169 3124 2163 2984 2190 2408 2185 2327 2142"/></Shape>
	    <String CONTENT="שנטמא משכב מתחת הזב לטמא"
                    HPOS="2321.0"
                    VPOS="2029.0"
                    WIDTH="1509.0"
                    HEIGHT="161.0"></String>
          </TextLine>

          
          
          <TextLine ID="eSc_line_1352353"
                    
                    BASELINE="2327 2239 3868 2233" 
                    HPOS="2321.0"
                    VPOS="2153.0"
                    WIDTH="1541.0"
                    HEIGHT="177.0">
            <Shape><Polygon POINTS="2321 2233 2381 2174 2871 2190 3463 2174 3501 2153 3550 2179 3797 2158 3862 2228 3814 2287 3754 2298 3151 2298 3108 2271 3038 2309 2995 2287 2930 2314 2709 2292 2655 2330 2612 2287 2391 2309 2327 2244"/></Shape>
	    <String CONTENT="אדם ולטמא בגדים אינו דין שיטמ&#39;"
                    HPOS="2321.0"
                    VPOS="2153.0"
                    WIDTH="1541.0"
                    HEIGHT="177.0"></String>
          </TextLine>

          
          
          <TextLine ID="eSc_line_1352354"
                    
                    BASELINE="2354 2373 3835 2346" 
                    HPOS="2348.0"
                    VPOS="2271.0"
                    WIDTH="1482.0"
                    HEIGHT="167.0">
            <Shape><Polygon POINTS="2348 2368 2359 2298 2612 2298 2655 2330 2715 2292 2930 2319 2989 2292 3076 2303 3113 2271 3156 2303 3814 2292 3830 2341 3814 2411 3787 2416 3485 2411 3458 2389 3388 2427 3345 2395 3232 2427 3119 2411 2801 2438 2742 2416 2456 2432 2418 2405 2386 2438 2354 2422"/></Shape>
	    <String CONTENT="אדם מתחת הזב לטמא אדם ולטמא"
                    HPOS="2348.0"
                    VPOS="2271.0"
                    WIDTH="1482.0"
                    HEIGHT="167.0"></String>
          </TextLine>

          
          
          <TextLine ID="eSc_line_1352373"
                    
                    BASELINE="2332 2481 3911 2470" 
                    HPOS="2327.0"
                    VPOS="2384.0"
                    WIDTH="1578.0"
                    HEIGHT="172.0">
            <Shape><Polygon POINTS="2327 2475 2338 2416 2364 2438 2418 2411 2445 2432 2618 2416 2806 2438 3253 2422 3345 2395 3393 2422 3458 2384 3577 2422 3830 2416 3905 2465 3835 2535 3733 2540 3684 2519 3620 2545 3463 2508 3388 2540 3329 2513 3086 2551 2833 2551 2709 2524 2521 2529 2456 2556 2386 2540 2338 2497"/></Shape>
	    <String CONTENT="בגדים ת&#39;ל&#39; כל המשכב אשר ישכב עליו"
                    HPOS="2327.0"
                    VPOS="2384.0"
                    WIDTH="1578.0"
                    HEIGHT="172.0"></String>
          </TextLine>

          
          
          <TextLine ID="eSc_line_1352360"
                    
                    BASELINE="2359 2610 3862 2588" 
                    HPOS="2354.0"
                    VPOS="2519.0"
                    WIDTH="1503.0"
                    HEIGHT="161.0">
            <Shape><Polygon POINTS="2354 2605 2413 2535 2445 2556 2742 2529 3086 2556 3108 2535 3329 2524 3383 2556 3458 2519 3835 2535 3857 2583 3830 2653 3701 2658 3636 2615 3587 2648 3420 2664 3033 2642 2995 2664 2822 2653 2602 2680 2494 2642 2408 2675 2364 2642"/></Shape>
	    <String CONTENT="הזב יטמא משכב מיטמא מתחת"
                    HPOS="2354.0"
                    VPOS="2519.0"
                    WIDTH="1503.0"
                    HEIGHT="161.0"></String>
          </TextLine>

          
          
          <TextLine ID="eSc_line_1352361"
                    
                    BASELINE="2381 2728 3889 2702" 
                    HPOS="2375.0"
                    VPOS="2621.0"
                    WIDTH="1509.0"
                    HEIGHT="188.0">
            <Shape><Polygon POINTS="2375 2723 2381 2648 2413 2680 2499 2653 2558 2696 2580 2675 2795 2658 3534 2658 3620 2621 3674 2658 3846 2658 3884 2696 3803 2777 3426 2777 3345 2755 3275 2782 3124 2782 3086 2761 2839 2793 2752 2766 2618 2793 2542 2777 2424 2809 2381 2788"/></Shape>
	    <String CONTENT="הזב לטמא אדם ולטמא בגדים אין"
                    HPOS="2375.0"
                    VPOS="2621.0"
                    WIDTH="1509.0"
                    HEIGHT="188.0"></String>
          </TextLine>

          
          
          <TextLine ID="eSc_line_1352333"
                    
                    BASELINE="2284 2847 3905 2836" 
                    HPOS="2278.0"
                    VPOS="2761.0"
                    WIDTH="1622.0"
                    HEIGHT="167.0">
            <Shape><Polygon POINTS="2278 2841 2284 2782 2338 2761 2418 2809 2537 2777 2720 2793 2752 2771 2822 2798 3076 2766 3824 2766 3900 2831 3835 2895 3372 2885 3275 2890 3237 2928 3108 2890 2348 2917 2284 2852"/></Shape>
	    <String CONTENT="אדם מיטמא מתחת הזב לטמא אדם"
                    HPOS="2278.0"
                    VPOS="2761.0"
                    WIDTH="1622.0"
                    HEIGHT="167.0"></String>
          </TextLine>

          
          
          <TextLine ID="eSc_line_1352368"
                    
                    BASELINE="2354 2965 3911 2944" 
                    HPOS="2348.0"
                    VPOS="2879.0"
                    WIDTH="1557.0"
                    HEIGHT="156.0">
            <Shape><Polygon POINTS="2348 2960 2354 2917 2413 2906 3108 2901 3156 2938 3237 2938 3286 2890 3334 2906 3512 2879 3754 2885 3905 2938 3846 3014 3426 3030 3377 3008 3318 3030 3221 2960 3119 3035 2860 3008 2817 3030 2575 3035 2521 3008 2359 3024"/></Shape>
	    <String CONTENT="ולטמא בגדים ˙ משכב במשכבו ואם"
                    HPOS="2348.0"
                    VPOS="2879.0"
                    WIDTH="1557.0"
                    HEIGHT="156.0"></String>
          </TextLine>

          
          
          <TextLine ID="eSc_line_1352355"
                    
                    BASELINE="2381 3089 3905 3068" 
                    HPOS="2375.0"
                    VPOS="2976.0"
                    WIDTH="1525.0"
                    HEIGHT="188.0">
            <Shape><Polygon POINTS="2375 3084 2381 3035 2515 3014 2580 3041 2817 3035 2849 3014 3119 3035 3205 2976 3323 3035 3814 3014 3900 3062 3835 3137 3765 3148 3636 3137 3587 3111 3539 3143 3404 3148 3340 3121 3275 3143 3151 3121 3129 3148 3049 3137 3022 3164 2936 3137 2747 3164 2381 3154"/></Shape>
	    <String CONTENT="נשבר טהור הלא דין הוא ומה אם"
                    HPOS="2375.0"
                    VPOS="2976.0"
                    WIDTH="1525.0"
                    HEIGHT="188.0"></String>
          </TextLine>

          
          
          <TextLine ID="eSc_line_1352334"
                    
                    BASELINE="2348 3213 3911 3197" 
                    HPOS="2343.0"
                    VPOS="3121.0"
                    WIDTH="1562.0"
                    HEIGHT="167.0">
            <Shape><Polygon POINTS="2343 3207 2391 3159 3022 3159 3070 3137 3151 3164 3173 3143 3550 3143 3582 3121 3754 3154 3841 3143 3905 3191 3819 3261 3717 3234 3679 3261 3517 3267 3474 3240 3415 3272 3243 3283 3205 3256 3167 3277 3103 3256 2725 3288 2580 3261 2548 3283 2408 3288 2348 3234"/></Shape>
	    <String CONTENT="כלי חרש שאין לו טהרה מטומאתו"
                    HPOS="2343.0"
                    VPOS="3121.0"
                    WIDTH="1562.0"
                    HEIGHT="167.0"></String>
          </TextLine>

          
          
          <TextLine ID="eSc_line_1352335"
                    
                    BASELINE="2311 3331 3932 3304" 
                    HPOS="2305.0"
                    VPOS="3245.0"
                    WIDTH="1622.0"
                    HEIGHT="162.0">
            <Shape><Polygon POINTS="2305 3326 2354 3272 2553 3288 2580 3267 2909 3283 3113 3261 3243 3283 3296 3261 3539 3272 3706 3245 3846 3256 3889 3299 3927 3299 3824 3374 3517 3390 3420 3364 3388 3385 2941 3401 2892 3364 2855 3401 2758 3374 2725 3396 2655 3380 2628 3401 2370 3407 2311 3358"/></Shape>
	    <String CONTENT="אם נשבר טהור משכב שיש לו טהרה"
                    HPOS="2305.0"
                    VPOS="3245.0"
                    WIDTH="1622.0"
                    HEIGHT="162.0"></String>
          </TextLine>

          
          
          <TextLine ID="eSc_line_1352356"
                    
                    BASELINE="2370 3460 3905 3423" 
                    HPOS="2364.0"
                    VPOS="3358.0"
                    WIDTH="1536.0"
                    HEIGHT="178.0">
            <Shape><Polygon POINTS="2364 3455 2391 3401 2844 3401 2892 3358 2936 3401 3727 3369 3846 3374 3900 3417 3841 3498 3781 3482 3129 3520 3086 3487 3016 3530 2898 3514 2769 3536 2467 3536 2375 3498"/></Shape>
	    <String CONTENT="מטומאתו אם נשבר לא יהא טהור"
                    HPOS="2364.0"
                    VPOS="3358.0"
                    WIDTH="1536.0"
                    HEIGHT="178.0"></String>
          </TextLine>

          
          
          <TextLine ID="eSc_line_1352336"
                    
                    BASELINE="2327 3590 3932 3552" 
                    HPOS="2321.0"
                    VPOS="3477.0"
                    WIDTH="1606.0"
                    HEIGHT="204.0">
            <Shape><Polygon POINTS="2321 3584 2327 3530 2364 3509 2456 3541 2763 3541 3038 3530 3081 3493 3162 3530 3393 3504 3765 3504 3792 3477 3927 3547 3830 3627 3609 3643 3550 3617 3426 3643 3243 3622 3119 3654 3065 3627 2946 3665 2919 3638 2849 3660 2785 3622 2693 3665 2623 3638 2575 3681 2553 3660 2386 3670 2332 3617"/></Shape>
	    <String CONTENT="לא אם אמרתה בכלי חרש שאין נעש&#39;"
                    HPOS="2321.0"
                    VPOS="3477.0"
                    WIDTH="1606.0"
                    HEIGHT="204.0"></String>
          </TextLine>

          
          
          <TextLine ID="eSc_line_1352337"
                    
                    BASELINE="2327 3730 3889 3687" 
                    HPOS="2321.0"
                    VPOS="3622.0"
                    WIDTH="1563.0"
                    HEIGHT="178.0">
            <Shape><Polygon POINTS="2321 3724 2402 3665 2580 3681 2618 3643 2682 3670 2769 3627 2844 3670 2903 3633 2957 3670 2979 3649 3189 3649 3210 3627 3270 3660 3356 3633 3679 3643 3797 3622 3868 3633 3884 3681 3873 3730 3803 3762 3690 3740 3652 3762 3296 3773 3275 3751 3248 3773 2957 3773 2882 3794 2699 3778 2418 3800 2338 3724"/></Shape>
	    <String CONTENT="אב הטומאה לטמא א&#39; ולט&#39; בג&#39; תאמ&#39;"
                    HPOS="2321.0"
                    VPOS="3622.0"
                    WIDTH="1563.0"
                    HEIGHT="178.0"></String>
          </TextLine>

          
          
          <TextLine ID="eSc_line_1352338"
                    
                    BASELINE="2348 3843 3889 3810" 
                    HPOS="2343.0"
                    VPOS="3746.0"
                    WIDTH="1541.0"
                    HEIGHT="161.0">
            <Shape><Polygon POINTS="2343 3837 2440 3789 3000 3789 3270 3756 3361 3778 3684 3746 3841 3756 3884 3805 3862 3880 3544 3891 3480 3853 3447 3886 3237 3902 3146 3875 3113 3907 2962 3902 2930 3875 2909 3896 2860 3875 2833 3907 2435 3907 2359 3837"/></Shape>
	    <String CONTENT="במשכב שהוא נעשה אב הטומאה"
                    HPOS="2343.0"
                    VPOS="3746.0"
                    WIDTH="1541.0"
                    HEIGHT="161.0"></String>
          </TextLine>

          
          
          <TextLine ID="eSc_line_1352326"
                    
                    BASELINE="2391 3956 3921 3934" 
                    HPOS="2386.0"
                    VPOS="3859.0"
                    WIDTH="1530.0"
                    HEIGHT="172.0">
            <Shape><Polygon POINTS="2386 3950 2397 3896 2860 3913 2941 3891 3113 3913 3151 3875 3243 3902 3313 3880 3453 3891 3485 3859 3517 3886 3819 3870 3916 3929 3857 3993 3787 3999 3437 4009 3404 3988 3054 4026 3022 3993 2989 4020 2909 3993 2876 4020 2779 4009 2715 4031 2569 4031 2526 4009 2391 4026"/></Shape>
	    <String CONTENT="לטמא ולטמא בג&#39; הואיל ונעשה אב"
                    HPOS="2386.0"
                    VPOS="3859.0"
                    WIDTH="1530.0"
                    HEIGHT="172.0"></String>
          </TextLine>

          
          
          <TextLine ID="eSc_line_1352325"
                    
                    BASELINE="2359 4074 3948 4047" 
                    HPOS="2354.0"
                    VPOS="3983.0"
                    WIDTH="1589.0"
                    HEIGHT="172.0">
            <Shape><Polygon POINTS="2354 4069 2386 4026 2812 4009 2871 4031 2909 3999 2984 4026 3011 3993 3049 4020 3291 4015 3404 3983 3442 4009 3819 3993 3943 4042 3862 4112 3830 4096 3787 4122 3507 4139 3458 4117 3334 4128 3313 4106 3221 4139 3135 4101 3103 4133 2941 4149 2510 4155 2429 4149 2359 4096"/></Shape>
	    <String CONTENT="הטומאה לט&#39; אד&#39; ולטמ&#39; בג&#39; אם נשבר"
                    HPOS="2354.0"
                    VPOS="3983.0"
                    WIDTH="1589.0"
                    HEIGHT="172.0"></String>
          </TextLine>

          
          
          <TextLine ID="eSc_line_1352330"
                    
                    BASELINE="2348 4214 3927 4192" 
                    HPOS="2343.0"
                    VPOS="4096.0"
                    WIDTH="1578.0"
                    HEIGHT="188.0">
            <Shape><Polygon POINTS="2343 4209 2391 4139 2612 4160 3054 4149 3129 4101 3205 4133 3507 4139 3760 4133 3830 4096 3921 4187 3851 4252 3717 4257 3679 4236 3307 4268 3264 4241 3194 4268 2936 4284 2892 4252 2607 4284 2499 4257 2467 4279 2354 4268"/></Shape>
	    <String CONTENT="לא יהא טהור ת&#39;ל&#39; משכב במשכבו אם"
                    HPOS="2343.0"
                    VPOS="4096.0"
                    WIDTH="1578.0"
                    HEIGHT="188.0"></String>
          </TextLine>

          
          
          <TextLine ID="eSc_line_1352324"
                    
                    BASELINE="2332 4343 3911 4306" 
                    HPOS="2327.0"
                    VPOS="4252.0"
                    WIDTH="1578.0"
                    HEIGHT="177.0">
            <Shape><Polygon POINTS="2327 4338 2391 4273 2478 4289 2575 4262 2596 4284 2774 4289 2887 4252 2914 4279 3868 4252 3905 4306 3873 4370 3792 4381 3620 4359 3587 4381 3426 4386 3345 4359 3248 4397 2882 4381 2828 4402 2440 4402 2413 4429 2332 4381"/></Shape>
	    <String CONTENT="נשבר טהור ˙ במשכבו לא בחבל היוצ&#39;"
                    HPOS="2327.0"
                    VPOS="4252.0"
                    WIDTH="1578.0"
                    HEIGHT="177.0"></String>
          </TextLine>

          
          
          <TextLine ID="eSc_line_1352320"
                    
                    BASELINE="2391 4462 3954 4424" 
                    HPOS="2386.0"
                    VPOS="4370.0"
                    WIDTH="1562.0"
                    HEIGHT="162.0">
            <Shape><Polygon POINTS="2386 4456 2445 4402 2817 4408 2882 4381 3221 4402 3334 4375 3463 4392 3824 4370 3948 4419 3862 4489 3792 4494 3754 4456 3706 4499 3437 4521 3162 4515 3113 4478 3054 4521 2839 4510 2747 4532 2688 4505 2537 4532 2510 4505 2451 4505 2397 4456"/></Shape>
	    <String CONTENT="מן המטה פחות מחמשה או יותר"
                    HPOS="2386.0"
                    VPOS="4370.0"
                    WIDTH="1562.0"
                    HEIGHT="162.0"></String>
          </TextLine>

          
          
          <TextLine ID="eSc_line_1352331"
                    
                    BASELINE="2391 4580 3932 4537" 
                    HPOS="2386.0"
                    VPOS="4456.0"
                    WIDTH="1541.0"
                    HEIGHT="194.0">
            <Shape><Polygon POINTS="2386 4575 2451 4510 2505 4537 2682 4515 2936 4526 3059 4521 3108 4483 3140 4515 3437 4521 3706 4499 3749 4456 3792 4494 3873 4489 3927 4532 3841 4602 3771 4607 3738 4585 3674 4618 3544 4602 3469 4628 3420 4607 3345 4639 3275 4607 3140 4628 3113 4602 3027 4639 2914 4618 2887 4645 2812 4628 2742 4650 2478 4650 2397 4623"/></Shape>
	    <String CONTENT="על עשרה או יכול שאני מוציא"
                    HPOS="2386.0"
                    VPOS="4456.0"
                    WIDTH="1541.0"
                    HEIGHT="194.0"></String>
          </TextLine>

          
          
          <TextLine ID="eSc_line_1352332"
                    
                    BASELINE="2305 4698 3889 4650" 
                    HPOS="2300.0"
                    VPOS="4585.0"
                    WIDTH="1584.0"
                    HEIGHT="194.0">
            <Shape><Polygon POINTS="2300 4693 2408 4628 2483 4650 2742 4650 2887 4645 2919 4612 3027 4645 3103 4618 3604 4623 3868 4585 3884 4645 3873 4709 3808 4709 3781 4682 3695 4720 3420 4741 3361 4720 3275 4752 3027 4741 2628 4779 2521 4758 2397 4774 2332 4709 2311 4720"/></Shape>
	    <String CONTENT="מחמשה עד עשרה ת&#39;ל&#39; טמא במשכבו"
                    HPOS="2300.0"
                    VPOS="4585.0"
                    WIDTH="1584.0"
                    HEIGHT="194.0"></String>
          </TextLine>

          
          
          <TextLine ID="eSc_line_1352329"
                    
                    BASELINE="2418 4811 2860 4811 3916 4747" 
                    HPOS="2413.0"
                    VPOS="4682.0"
                    WIDTH="1498.0"
                    HEIGHT="242.0">
            <Shape><Polygon POINTS="2413 4806 2451 4763 2688 4774 3340 4731 3420 4747 3474 4720 3749 4715 3781 4682 3808 4709 3873 4704 3911 4741 3857 4817 3824 4785 3754 4822 3663 4806 3625 4833 3442 4860 3270 4849 3108 4892 3059 4860 3027 4881 2876 4881 2849 4860 2822 4898 2634 4876 2542 4887 2494 4924 2424 4860"/></Shape>
	    <String CONTENT="ולא בנימין היוצאין מן הקשר חוץ"
                    HPOS="2413.0"
                    VPOS="4682.0"
                    WIDTH="1498.0"
                    HEIGHT="242.0"></String>
          </TextLine>

          
          
          <TextLine ID="eSc_line_1352328"
                    
                    BASELINE="2445 4946 3129 4924 3905 4860" 
                    HPOS="2440.0"
                    VPOS="4811.0"
                    WIDTH="1460.0"
                    HEIGHT="232.0">
            <Shape><Polygon POINTS="2440 4941 2445 4898 2515 4930 2650 4898 2677 4919 2785 4914 2876 4871 2957 4898 3318 4881 3857 4811 3900 4855 3889 4919 3544 4957 3512 4941 3415 4989 3059 5005 3011 4973 2973 5016 2822 4989 2779 5021 2709 5005 2531 5021 2515 5043 2456 5032"/></Shape>
	    <String CONTENT="לשלש אצבעות או יכול שאני"
                    HPOS="2440.0"
                    VPOS="4811.0"
                    WIDTH="1460.0"
                    HEIGHT="232.0"></String>
          </TextLine>

          
        </TextBlock>
        
        <TextBlock HPOS="539.0"
                   VPOS="934.0"
                   WIDTH="1624.0"
                   HEIGHT="4114.0"
                   ID="eSc_textblock_13669"
                   TAGREFS="BT2">
          <Shape><Polygon POINTS="539 943 539 5048 2163 5048 2080 934"/></Shape>
          
          
          <TextLine ID="eSc_line_1352375"
                    
                    BASELINE="689 1017 2074 1001" 
                    HPOS="684.0"
                    VPOS="936.0"
                    WIDTH="1384.0"
                    HEIGHT="151.0">
            <Shape><Polygon POINTS="684 1011 700 941 775 963 818 941 845 963 1039 941 1093 963 1131 941 1454 958 1524 936 1594 958 1626 936 1987 936 2047 941 2068 995 2057 1049 2009 1049 1982 1076 1637 1076 1605 1054 1503 1076 1476 1060 1449 1081 1276 1060 1228 1081 1018 1087 953 1060 759 1087 694 1060"/></Shape>
	    <String CONTENT="מוציא משלש ולמטן ת&#39;ל&#39; טמא ˙"
                    HPOS="684.0"
                    VPOS="936.0"
                    WIDTH="1384.0"
                    HEIGHT="151.0"></String>
          </TextLine>

          
          
          <TextLine ID="eSc_line_1352380"
                    
                    BASELINE="581 1146 2036 1130" 
                    HPOS="576.0"
                    VPOS="1044.0"
                    WIDTH="1454.0"
                    HEIGHT="177.0">
            <Shape><Polygon POINTS="576 1141 581 1065 608 1044 716 1098 861 1103 931 1071 1028 1098 1233 1092 1265 1065 1298 1087 1449 1092 1578 1060 1653 1081 1923 1071 1987 1081 2030 1124 1944 1205 1853 1211 1702 1200 1675 1178 1643 1200 1395 1221 1249 1178 1217 1211 1147 1216 1093 1189 1055 1216 953 1216 915 1178 813 1221 775 1194 619 1211 581 1173"/></Shape>
	    <String CONTENT="במשכבו ולא הגזול או יכול [או יכול]"
                    HPOS="576.0"
                    VPOS="1044.0"
                    WIDTH="1454.0"
                    HEIGHT="177.0"></String>
          </TextLine>

          
          
          <TextLine ID="eSc_line_1352366"
                    
                    BASELINE="619 1259 2106 1248" 
                    HPOS="614.0"
                    VPOS="1178.0"
                    WIDTH="1487.0"
                    HEIGHT="167.0">
            <Shape><Polygon POINTS="614 1254 651 1211 845 1216 910 1178 980 1221 1691 1194 2020 1205 2057 1243 2101 1243 1966 1329 1756 1334 1594 1307 1567 1329 1077 1345 921 1340 872 1313 673 1340 619 1313"/></Shape>
	    <String CONTENT="שאני מוציא את הגנוב ת&#39;ל&#39; טמא ˙"
                    HPOS="614.0"
                    VPOS="1178.0"
                    WIDTH="1487.0"
                    HEIGHT="167.0"></String>
          </TextLine>

          
          
          <TextLine ID="eSc_line_1352363"
                    
                    BASELINE="560 1394 2106 1383" 
                    HPOS="554.0"
                    VPOS="1313.0"
                    WIDTH="1547.0"
                    HEIGHT="161.0">
            <Shape><Polygon POINTS="554 1388 565 1340 630 1329 1131 1329 1239 1351 1546 1334 1594 1313 1745 1334 2009 1324 2063 1377 2101 1377 2020 1458 1912 1464 1718 1453 1680 1420 1648 1447 1578 1431 1529 1453 1503 1431 1292 1469 700 1453 587 1474 565 1453"/></Shape>
	    <String CONTENT="[במשכבו] ר&#39; שמעון או&#39; במשכבו ולא"
                    HPOS="554.0"
                    VPOS="1313.0"
                    WIDTH="1547.0"
                    HEIGHT="161.0"></String>
          </TextLine>

          
          
          <TextLine ID="eSc_line_1352377"
                    
                    BASELINE="495 1528 2057 1507" 
                    HPOS="490.0"
                    VPOS="1426.0"
                    WIDTH="1562.0"
                    HEIGHT="177.0">
            <Shape><Polygon POINTS="490 1523 495 1447 538 1426 587 1474 1470 1458 1503 1437 1529 1464 1680 1431 1901 1464 2036 1453 2052 1501 2009 1582 1670 1555 1605 1582 1400 1577 1362 1544 1309 1582 1082 1571 824 1598 802 1577 759 1603 608 1598 501 1523"/></Shape>
	    <String CONTENT="הגנוב או יכול שאני מוציא את הגזול"
                    HPOS="490.0"
                    VPOS="1426.0"
                    WIDTH="1562.0"
                    HEIGHT="177.0"></String>
          </TextLine>

          
          
          <TextLine ID="eSc_line_1352370"
                    
                    BASELINE="576 1652 2063 1630" 
                    HPOS="571.0"
                    VPOS="1539.0"
                    WIDTH="1486.0"
                    HEIGHT="188.0">
            <Shape><Polygon POINTS="571 1647 587 1598 1303 1587 1362 1539 1411 1582 1982 1566 2057 1625 2047 1684 1987 1717 1912 1684 1680 1706 1637 1673 1567 1717 1427 1679 1379 1706 1346 1684 1303 1706 1104 1690 937 1722 581 1727"/></Shape>
	    <String CONTENT="ת&#39;ל&#39; טמא אמרו לו מה ראיתה לרבות"
                    HPOS="571.0"
                    VPOS="1539.0"
                    WIDTH="1486.0"
                    HEIGHT="188.0"></String>
          </TextLine>

          
          
          <TextLine ID="eSc_line_1352351"
                    
                    BASELINE="522 1781 2052 1765" 
                    HPOS="517.0"
                    VPOS="1668.0"
                    WIDTH="1530.0"
                    HEIGHT="194.0">
            <Shape><Polygon POINTS="517 1776 560 1727 937 1727 1098 1695 1379 1722 1476 1700 1524 1722 1632 1668 1718 1722 1750 1695 2009 1711 2047 1760 2004 1835 1890 1824 1853 1846 1831 1824 1734 1819 1486 1840 1120 1824 980 1851 845 1830 775 1856 571 1862 522 1813"/></Shape>
	    <String CONTENT="את זה ולהוציא את זה אחר שריבה"
                    HPOS="517.0"
                    VPOS="1668.0"
                    WIDTH="1530.0"
                    HEIGHT="194.0"></String>
          </TextLine>

          
          
          <TextLine ID="eSc_line_1352358"
                    
                    BASELINE="571 1900 2063 1889" 
                    HPOS="565.0"
                    VPOS="1819.0"
                    WIDTH="1492.0"
                    HEIGHT="161.0">
            <Shape><Polygon POINTS="565 1894 603 1846 1098 1856 1125 1835 1239 1846 1309 1824 1960 1846 2036 1819 2057 1883 2030 1948 1939 1964 1368 1953 1336 1932 1228 1975 1098 1953 1028 1980 802 1959 646 1980 571 1937"/></Shape>
	    <String CONTENT="הכת&#39; מיעט מרבה אני את זה [שנתי&#39;]"
                    HPOS="565.0"
                    VPOS="1819.0"
                    WIDTH="1492.0"
                    HEIGHT="161.0"></String>
          </TextLine>

          
          
          <TextLine ID="eSc_line_1352381"
                    
                    BASELINE="549 2013 2063 2013" 
                    HPOS="544.0"
                    VPOS="1937.0"
                    WIDTH="1513.0"
                    HEIGHT="167.0">
            <Shape><Polygon POINTS="544 2007 587 1969 662 1991 1093 1964 1239 1980 1341 1937 1379 1964 2014 1959 2057 2007 2009 2083 1917 2093 1648 2088 1610 2056 1513 2093 948 2083 926 2104 727 2104 641 2083 592 2104 554 2066"/></Shape>
	    <String CONTENT="שנתיאשו הבעלים ממנו ומוציא"
                    HPOS="544.0"
                    VPOS="1937.0"
                    WIDTH="1513.0"
                    HEIGHT="167.0"></String>
          </TextLine>

          
          
          <TextLine ID="eSc_line_1352346"
                    
                    BASELINE="565 2147 2057 2147" 
                    HPOS="560.0"
                    VPOS="2056.0"
                    WIDTH="1492.0"
                    HEIGHT="172.0">
            <Shape><Polygon POINTS="560 2142 571 2109 641 2088 824 2109 948 2088 1508 2099 1610 2056 1648 2088 1713 2093 2014 2088 2052 2142 2020 2206 1960 2217 1783 2217 1750 2196 1616 2222 1169 2206 571 2228"/></Shape>
	    <String CONTENT="את זה שלא נתיאשו הבעלים ממנו ˙"
                    HPOS="560.0"
                    VPOS="2056.0"
                    WIDTH="1492.0"
                    HEIGHT="172.0"></String>
          </TextLine>

          
          
          <TextLine ID="eSc_line_1352365"
                    
                    BASELINE="565 2276 2084 2255" 
                    HPOS="560.0"
                    VPOS="2196.0"
                    WIDTH="1519.0"
                    HEIGHT="161.0">
            <Shape><Polygon POINTS="560 2271 592 2222 1610 2228 1750 2196 1777 2217 2025 2212 2079 2249 2009 2330 1977 2336 1783 2314 1691 2341 1276 2325 754 2357 592 2346 565 2319"/></Shape>
	    <String CONTENT="אשר יגע במשכבו יכבס בגדיו בשעת"
                    HPOS="560.0"
                    VPOS="2196.0"
                    WIDTH="1519.0"
                    HEIGHT="161.0"></String>
          </TextLine>

          
          
          <TextLine ID="eSc_line_1352343"
                    
                    BASELINE="587 2405 2063 2384" 
                    HPOS="581.0"
                    VPOS="2314.0"
                    WIDTH="1476.0"
                    HEIGHT="167.0">
            <Shape><Polygon POINTS="581 2400 587 2346 1443 2325 1675 2341 1804 2314 1863 2341 2004 2336 2057 2379 2041 2459 1793 2449 1713 2475 1691 2454 1384 2454 1336 2416 1287 2465 996 2449 883 2475 797 2438 759 2475 592 2481"/></Shape>
	    <String CONTENT="מגעו מטמא בגדים פרש אינו מטמ&#39;"
                    HPOS="581.0"
                    VPOS="2314.0"
                    WIDTH="1476.0"
                    HEIGHT="167.0"></String>
          </TextLine>

          
          
          <TextLine ID="eSc_line_1352341"
                    
                    BASELINE="603 2508 2074 2502" 
                    HPOS="597.0"
                    VPOS="2422.0"
                    WIDTH="1471.0"
                    HEIGHT="166.0">
            <Shape><Polygon POINTS="597 2502 603 2475 748 2475 791 2432 867 2470 1174 2465 1282 2459 1330 2422 1379 2459 1675 2459 1713 2497 1772 2459 1950 2454 2030 2465 2068 2497 2052 2562 2025 2578 1912 2578 1890 2556 1707 2556 1670 2578 1567 2556 1212 2572 1190 2551 1131 2572 1093 2551 1066 2578 969 2588 603 2583"/></Shape>
	    <String CONTENT="בגדים ˙ וכבס יכול אף הצופה ת&#39;ל&#39; בגד"
                    HPOS="597.0"
                    VPOS="2422.0"
                    WIDTH="1471.0"
                    HEIGHT="166.0"></String>
          </TextLine>

          
          
          <TextLine ID="eSc_line_1352347"
                    
                    BASELINE="603 2637 2106 2621" 
                    HPOS="597.0"
                    VPOS="2551.0"
                    WIDTH="1504.0"
                    HEIGHT="161.0">
            <Shape><Polygon POINTS="597 2632 630 2572 668 2594 991 2594 1072 2583 1098 2551 1131 2578 1174 2551 1233 2578 1880 2562 1912 2583 2041 2578 2101 2615 2084 2658 1993 2696 1923 2669 1847 2696 1723 2669 1535 2696 1222 2696 1169 2664 1136 2696 1039 2712 840 2707 786 2669 754 2702 603 2696"/></Shape>
	    <String CONTENT="אי בגד יכול בגד גדול לבן המטמא"
                    HPOS="597.0"
                    VPOS="2551.0"
                    WIDTH="1504.0"
                    HEIGHT="161.0"></String>
          </TextLine>

          
          
          <TextLine ID="eSc_line_1352348"
                    
                    BASELINE="560 2761 2084 2750" 
                    HPOS="554.0"
                    VPOS="2669.0"
                    WIDTH="1525.0"
                    HEIGHT="172.0">
            <Shape><Polygon POINTS="554 2755 571 2696 748 2707 786 2669 818 2702 953 2712 1605 2680 2036 2696 2079 2745 2052 2820 1799 2798 1772 2820 1664 2804 991 2841 872 2809 824 2831 770 2804 727 2831 565 2831"/></Shape>
	    <String CONTENT="בזב והמטמא בנגעים מנין גדול צבוע"
                    HPOS="554.0"
                    VPOS="2669.0"
                    WIDTH="1525.0"
                    HEIGHT="172.0"></String>
          </TextLine>

          
          
          <TextLine ID="eSc_line_1352339"
                    
                    BASELINE="587 2879 2079 2863" 
                    HPOS="581.0"
                    VPOS="2793.0"
                    WIDTH="1493.0"
                    HEIGHT="167.0">
            <Shape><Polygon POINTS="581 2874 614 2820 775 2815 824 2841 969 2825 996 2847 1158 2820 1767 2815 1799 2793 1853 2825 2030 2820 2074 2858 2025 2949 1987 2922 1917 2949 1810 2922 1756 2960 1713 2922 1567 2949 1519 2922 1433 2949 1368 2906 1325 2949 1185 2949 1142 2922 1072 2954 851 2954 786 2922 759 2944 641 2949 587 2911"/></Shape>
	    <String CONTENT="קטן לבן קטן צבוע עד שאתה מרבה"
                    HPOS="581.0"
                    VPOS="2793.0"
                    WIDTH="1493.0"
                    HEIGHT="167.0"></String>
          </TextLine>

          
          
          <TextLine ID="eSc_line_1352374"
                    
                    BASELINE="592 3008 2084 2981" 
                    HPOS="587.0"
                    VPOS="2911.0"
                    WIDTH="1492.0"
                    HEIGHT="173.0">
            <Shape><Polygon POINTS="587 3003 592 2928 646 2954 754 2954 781 2933 808 2954 1082 2954 1325 2949 1362 2911 1411 2949 1713 2933 1745 2965 1804 2928 1923 2949 1982 2922 2079 2976 2041 3046 1912 3057 1750 3046 1632 3068 1503 3046 1443 3073 1346 3057 1093 3078 1055 3051 942 3084 597 3078"/></Shape>
	    <String CONTENT="להביא שביס של סבכה והגינגילון מנ&#39;"
                    HPOS="587.0"
                    VPOS="2911.0"
                    WIDTH="1492.0"
                    HEIGHT="173.0"></String>
          </TextLine>

          
          
          <TextLine ID="eSc_line_1352362"
                    
                    BASELINE="581 3137 2079 3116" 
                    HPOS="576.0"
                    VPOS="3041.0"
                    WIDTH="1498.0"
                    HEIGHT="166.0">
            <Shape><Polygon POINTS="576 3132 581 3078 937 3089 1018 3078 1055 3046 1088 3073 1643 3073 2009 3041 2074 3111 2057 3175 2004 3191 1950 3148 1831 3181 1767 3148 1740 3175 1653 3186 1589 3159 1556 3186 1459 3143 1400 3186 1163 3207 1072 3154 942 3197 581 3181"/></Shape>
	    <String CONTENT="ת&#39;ל&#39; בגד בגדיו ריבה מנין לעשות שאר"
                    HPOS="576.0"
                    VPOS="3041.0"
                    WIDTH="1498.0"
                    HEIGHT="166.0"></String>
          </TextLine>

          
          
          <TextLine ID="eSc_line_1352379"
                    
                    BASELINE="560 3240 2095 3234" 
                    HPOS="554.0"
                    VPOS="3154.0"
                    WIDTH="1536.0"
                    HEIGHT="161.0">
            <Shape><Polygon POINTS="554 3234 587 3197 980 3197 1055 3154 1136 3202 1239 3181 1416 3191 1454 3154 1519 3159 1551 3191 1589 3170 1691 3186 1761 3164 1863 3186 1955 3154 2090 3229 2079 3277 2041 3304 1987 3304 1944 3267 1896 3310 1583 3283 1524 3315 1131 3310 1055 3288 991 3310 614 3315 565 3272"/></Shape>
	    <String CONTENT="כלים כבגדים ת&#39;ל&#39; טמא יכול יטמא אדם"
                    HPOS="554.0"
                    VPOS="3154.0"
                    WIDTH="1536.0"
                    HEIGHT="161.0"></String>
          </TextLine>

          
          
          <TextLine ID="eSc_line_1352340"
                    
                    BASELINE="587 3358 2122 3347" 
                    HPOS="581.0"
                    VPOS="3267.0"
                    WIDTH="1536.0"
                    HEIGHT="193.0">
            <Shape><Polygon POINTS="581 3353 587 3310 1389 3315 1524 3310 1578 3277 1896 3310 1939 3267 1977 3304 2047 3304 2117 3342 2052 3428 1907 3407 1745 3434 1707 3396 1610 3434 1465 3434 1422 3407 1346 3434 1174 3434 1136 3396 1093 3434 931 3423 861 3444 673 3417 624 3460 592 3428"/></Shape>
	    <String CONTENT="וכלי חרס ת&#39;ל&#39; בגד בגד הוא מטמא אין"
                    HPOS="581.0"
                    VPOS="3267.0"
                    WIDTH="1536.0"
                    HEIGHT="193.0"></String>
          </TextLine>

          
          
          <TextLine ID="eSc_line_1352349"
                    
                    BASELINE="630 3482 2079 3477" 
                    HPOS="624.0"
                    VPOS="3390.0"
                    WIDTH="1450.0"
                    HEIGHT="173.0">
            <Shape><Polygon POINTS="624 3477 662 3423 861 3450 899 3428 1082 3434 1125 3390 1163 3428 1336 3439 1610 3439 1691 3401 1734 3434 2020 3428 2074 3471 2036 3552 1767 3557 1702 3525 1653 3557 1104 3557 1002 3552 980 3530 926 3557 878 3525 845 3557 630 3563"/></Shape>
	    <String CONTENT="מטמא לא אדם ולא כלי חרס ˙ מיכן"
                    HPOS="624.0"
                    VPOS="3390.0"
                    WIDTH="1450.0"
                    HEIGHT="173.0"></String>
          </TextLine>

          
          
          <TextLine ID="eSc_line_1352369"
                    
                    BASELINE="592 3622 2084 3611" 
                    HPOS="587.0"
                    VPOS="3525.0"
                    WIDTH="1492.0"
                    HEIGHT="172.0">
            <Shape><Polygon POINTS="587 3617 603 3568 899 3552 969 3579 1309 3573 1346 3547 1637 3557 1702 3525 1756 3557 2014 3552 2079 3606 2036 3687 1815 3665 1756 3681 1702 3660 1573 3676 1546 3649 1508 3676 1222 3697 1174 3676 1088 3697 1061 3670 1028 3697 619 3697 592 3670"/></Shape>
	    <String CONTENT="אמרו כל המטמא בגדים בשעת מגעו"
                    HPOS="587.0"
                    VPOS="3525.0"
                    WIDTH="1492.0"
                    HEIGHT="172.0"></String>
          </TextLine>

          
          
          <TextLine ID="eSc_line_1352342"
                    
                    BASELINE="581 3751 2084 3740" 
                    HPOS="576.0"
                    VPOS="3649.0"
                    WIDTH="1503.0"
                    HEIGHT="167.0">
            <Shape><Polygon POINTS="576 3746 619 3697 673 3681 1023 3703 1061 3670 1093 3703 1319 3681 1443 3697 1535 3649 1573 3681 2041 3687 2079 3735 2052 3805 1783 3810 1729 3773 1696 3805 1540 3794 1513 3816 630 3816 581 3767"/></Shape>
	    <String CONTENT="מטמא ואוכלין ומשקין להיות תחילה"
                    HPOS="576.0"
                    VPOS="3649.0"
                    WIDTH="1503.0"
                    HEIGHT="167.0"></String>
          </TextLine>

          
          
          <TextLine ID="eSc_line_1352357"
                    
                    BASELINE="587 3864 2122 3859" 
                    HPOS="581.0"
                    VPOS="3773.0"
                    WIDTH="1536.0"
                    HEIGHT="166.0">
            <Shape><Polygon POINTS="581 3859 630 3816 738 3805 1163 3821 1325 3800 1519 3821 1696 3805 1729 3773 1777 3810 2052 3805 2117 3853 2057 3923 1960 3902 1934 3929 1874 3913 1567 3934 964 3934 931 3902 888 3939 727 3934 694 3902 646 3929 587 3870"/></Shape>
	    <String CONTENT="והידים להיות שניות ומטמא שאר"
                    HPOS="581.0"
                    VPOS="3773.0"
                    WIDTH="1536.0"
                    HEIGHT="166.0"></String>
          </TextLine>

          
          
          <TextLine ID="eSc_line_1352344"
                    
                    BASELINE="603 3977 2149 3977" 
                    HPOS="597.0"
                    VPOS="3902.0"
                    WIDTH="1547.0"
                    HEIGHT="161.0">
            <Shape><Polygon POINTS="597 3972 635 3934 899 3945 937 3907 996 3939 1944 3929 1971 3902 2068 3923 2144 3972 2063 4047 1982 4004 1934 4047 1799 4047 1772 4020 1734 4053 1686 4031 1492 4047 1459 4026 1368 4053 1314 4036 878 4063 651 4058 608 4020"/></Shape>
	    <String CONTENT="כלים כבגדים ואינו מטמא לא אדם"
                    HPOS="597.0"
                    VPOS="3902.0"
                    WIDTH="1547.0"
                    HEIGHT="161.0"></String>
          </TextLine>

          
          
          <TextLine ID="eSc_line_1352316"
                    
                    BASELINE="603 4106 2127 4090" 
                    HPOS="597.0"
                    VPOS="4004.0"
                    WIDTH="1525.0"
                    HEIGHT="188.0">
            <Shape><Polygon POINTS="597 4101 608 4047 1427 4053 1465 4026 1513 4053 1734 4047 1767 4020 1788 4042 1923 4053 1971 4004 2122 4085 2057 4166 1950 4171 1740 4139 1713 4160 1610 4149 1562 4171 1513 4149 1185 4182 1125 4160 1050 4176 1012 4149 964 4192 738 4176 678 4149 624 4171 603 4149"/></Shape>
	    <String CONTENT="ולא כלי חרס לאחר פרישתן מימטמיו"
                    HPOS="597.0"
                    VPOS="4004.0"
                    WIDTH="1525.0"
                    HEIGHT="188.0"></String>
          </TextLine>

          
          
          <TextLine ID="eSc_line_1352323"
                    
                    BASELINE="587 4230 2127 4230" 
                    HPOS="581.0"
                    VPOS="4155.0"
                    WIDTH="1541.0"
                    HEIGHT="161.0">
            <Shape><Polygon POINTS="581 4225 592 4166 975 4192 1012 4155 1055 4182 1179 4187 1395 4160 1438 4182 2025 4171 2122 4225 2063 4300 1707 4284 1524 4316 1454 4284 1362 4311 1077 4289 975 4311 635 4311 592 4268"/></Shape>
	    <String CONTENT="מטמא משקין להיות תחילה האוכלין"
                    HPOS="581.0"
                    VPOS="4155.0"
                    WIDTH="1541.0"
                    HEIGHT="161.0"></String>
          </TextLine>

          
          
          <TextLine ID="eSc_line_1352319"
                    
                    BASELINE="614 4338 2106 4338" 
                    HPOS="608.0"
                    VPOS="4284.0"
                    WIDTH="1493.0"
                    HEIGHT="151.0">
            <Shape><Polygon POINTS="608 4332 678 4300 748 4316 1443 4295 1524 4316 1707 4284 2068 4300 2101 4332 2079 4408 1998 4419 1917 4419 1880 4392 1837 4424 1373 4435 1314 4402 1276 4435 1072 4435 829 4424 797 4392 764 4424 657 4424 619 4386"/></Shape>
	    <String CONTENT="והידים להיות שניות ואינו מטמא"
                    HPOS="608.0"
                    VPOS="4284.0"
                    WIDTH="1493.0"
                    HEIGHT="151.0"></String>
          </TextLine>

          
          
          <TextLine ID="eSc_line_1352322"
                    
                    BASELINE="549 4483 2144 4467" 
                    HPOS="544.0"
                    VPOS="4392.0"
                    WIDTH="1594.0"
                    HEIGHT="166.0">
            <Shape><Polygon POINTS="544 4478 614 4402 641 4424 748 4424 786 4392 824 4429 1120 4435 1271 4429 1303 4402 1362 4435 1874 4402 1896 4424 2057 4419 2101 4462 2138 4462 2057 4558 1810 4532 1626 4548 1583 4510 1535 4553 1476 4532 1438 4553 1389 4505 1336 4548 1174 4526 1072 4553 1012 4532 980 4553 829 4548 791 4510 743 4537 630 4542 554 4478"/></Shape>
	    <String CONTENT="בגדים ואין צריך לומר אדם וכלי חרס ˙"
                    HPOS="544.0"
                    VPOS="4392.0"
                    WIDTH="1594.0"
                    HEIGHT="166.0"></String>
          </TextLine>

          
          
          <TextLine ID="eSc_line_1352321"
                    
                    BASELINE="560 4596 2117 4596" 
                    HPOS="554.0"
                    VPOS="4505.0"
                    WIDTH="1557.0"
                    HEIGHT="172.0">
            <Shape><Polygon POINTS="554 4591 614 4542 738 4548 770 4515 824 4548 1012 4537 1082 4558 1330 4553 1379 4505 1438 4553 1535 4553 1578 4510 1621 4553 2030 4548 2111 4591 2041 4666 1863 4650 1616 4677 1556 4618 1503 4666 1438 4672 1346 4628 1303 4672 1255 4677 1072 4650 1023 4672 657 4661 597 4655 565 4623"/></Shape>
	    <String CONTENT="והיושב על הכלי אשר ישב עליו הזב"
                    HPOS="554.0"
                    VPOS="4505.0"
                    WIDTH="1557.0"
                    HEIGHT="172.0"></String>
          </TextLine>

          
          
          <TextLine ID="eSc_line_1352350"
                    
                    BASELINE="581 4704 2117 4704" 
                    HPOS="576.0"
                    VPOS="4618.0"
                    WIDTH="1535.0"
                    HEIGHT="177.0">
            <Shape><Polygon POINTS="576 4698 587 4655 624 4650 1255 4677 1309 4672 1352 4628 1449 4677 1503 4672 1556 4618 1616 4677 2068 4661 2111 4698 2101 4752 2025 4790 1761 4774 1648 4795 1513 4752 1449 4795 1066 4795 1028 4763 980 4785 587 4768"/></Shape>
	    <String CONTENT="יטמא אין לי אלא בזמן שיושב עליו"
                    HPOS="576.0"
                    VPOS="4618.0"
                    WIDTH="1535.0"
                    HEIGHT="177.0"></String>
          </TextLine>

          
          
          <TextLine ID="eSc_line_1352318"
                    
                    BASELINE="624 4828 2106 4838" 
                    HPOS="619.0"
                    VPOS="4752.0"
                    WIDTH="1482.0"
                    HEIGHT="178.0">
            <Shape><Polygon POINTS="619 4822 624 4763 668 4785 980 4785 1028 4763 1055 4790 1443 4795 1503 4752 1535 4785 1637 4795 1734 4774 2068 4785 2101 4833 2084 4914 1653 4898 1583 4930 1519 4887 1416 4919 1276 4892 1125 4914 829 4892 689 4908 624 4855"/></Shape>
	    <String CONTENT="ונוגע בו מנין לעשרה מושבות זה על"
                    HPOS="619.0"
                    VPOS="4752.0"
                    WIDTH="1482.0"
                    HEIGHT="178.0"></String>
          </TextLine>

          
          
          <TextLine ID="eSc_line_1352345"
                    
                    BASELINE="587 4951 2149 4962" 
                    HPOS="581.0"
                    VPOS="4903.0"
                    WIDTH="1563.0"
                    HEIGHT="140.0">
            <Shape><Polygon POINTS="581 4946 608 4903 689 4903 721 4930 770 4903 1050 4930 1082 4903 1120 4930 1255 4914 1368 4935 1438 4935 1465 4908 1529 4908 1562 4935 1600 4908 1750 4908 1810 4935 2052 4914 2144 4957 2127 5011 2025 5043 1971 5016 1874 5038 1847 5011 1783 5043 1756 5021 1643 5043 1621 5021 1497 5038 1357 5005 1239 5038 915 5016 797 5038 732 5005 587 5005"/></Shape>
	    <String CONTENT="גב זה אפי&#39; על גבי אבן מסמא ת&#39;ל&#39;"
                    HPOS="581.0"
                    VPOS="4903.0"
                    WIDTH="1563.0"
                    HEIGHT="140.0"></String>
          </TextLine>

          
        </TextBlock>
        

        
      </PrintSpace>
    </Page>
  </Layout>
</alto>
