<?xml version="1.0" encoding="UTF-8"?>
<alto xmlns:xsi="http://www.w3.org/2001/XMLSchema-instance"
      xmlns="http://www.loc.gov/standards/alto/ns-v4#"
      xsi:schemaLocation="http://www.loc.gov/standards/alto/ns-v4# http://www.loc.gov/standards/alto/v4/alto-4-2.xsd">
  <Description>
    <MeasurementUnit>pixel</MeasurementUnit>
    <sourceImageInformation>
      <fileName>oulis2017-aya-0622-0.jpg</fileName>
      
    </sourceImageInformation>
  </Description>
  
  <Tags>
    <OtherTag ID="BT1164" LABEL="Hole" DESCRIPTION="block type Hole"/><OtherTag ID="BT2" LABEL="Main" DESCRIPTION="block type Main"/><OtherTag ID="BT3" LABEL="Commentary" DESCRIPTION="block type Commentary"/><OtherTag ID="BT4" LABEL="Illustration" DESCRIPTION="block type Illustration"/><OtherTag ID="BT218" LABEL="Margin" DESCRIPTION="block type Margin"/><OtherTag ID="BT219" LABEL="Paratext" DESCRIPTION="block type Paratext"/>
    <OtherTag ID="LT2" LABEL="Numbering" DESCRIPTION="line type Numbering"/><OtherTag ID="LT3" LABEL="Correction" DESCRIPTION="line type Correction"/><OtherTag ID="LT481" LABEL="Gloss" DESCRIPTION="line type Gloss"/>
  </Tags>
  
  <Layout>
    <Page WIDTH="5398"
          HEIGHT="6459"
          PHYSICAL_IMG_NR="609"
          ID="eSc_dummypage_">
      <PrintSpace HPOS="0"
                  VPOS="0"
                  WIDTH="5398"
                  HEIGHT="6459">
        
        <TextBlock HPOS="2279.0"
                   VPOS="919.0"
                   WIDTH="1682.0"
                   HEIGHT="4180.0"
                   ID="eSc_textblock_14949"
                   TAGREFS="BT2">
          <Shape><Polygon POINTS="2279 919 2279 5099 3961 5099 3912 919"/></Shape>
          
          
          <TextLine ID="eSc_line_1359988"
                    
                    BASELINE="2289 1001 3835 995" 
                    HPOS="2284.0"
                    VPOS="920.0"
                    WIDTH="1546.0"
                    HEIGHT="151.0">
            <Shape><Polygon POINTS="2284 995 2370 920 2537 920 2602 952 2699 920 3027 920 3065 952 3393 952 3426 920 3577 920 3614 952 3814 941 3830 990 3814 1049 3738 1071 3674 1049 3550 1071 3194 1049 3135 1071 2909 1071 2887 1049 2758 1071 2585 1071 2564 1049 2354 1071 2289 1049"/></Shape>
	    <String CONTENT="ממשכנין נכסיו בעשר חזר בו של שלשי&#39;"
                    HPOS="2284.0"
                    VPOS="920.0"
                    WIDTH="1546.0"
                    HEIGHT="151.0"></String>
          </TextLine>

          
          
          <TextLine ID="eSc_line_1360031"
                    
                    BASELINE="2289 1130 3824 1124" 
                    HPOS="2284.0"
                    VPOS="1049.0"
                    WIDTH="1535.0"
                    HEIGHT="156.0">
            <Shape><Polygon POINTS="2284 1124 2316 1060 2456 1076 2515 1049 2612 1081 2930 1060 3043 1081 3776 1071 3819 1119 3781 1200 3517 1205 3226 1184 3183 1205 3043 1205 2946 1178 2909 1200 2785 1184 2747 1205 2602 1205 2494 1173 2445 1205 2364 1194 2289 1141"/></Shape>
	    <String CONTENT="ממשכנין נכסיו בעשר חזר בו של עשרי&#39;"
                    HPOS="2284.0"
                    VPOS="1049.0"
                    WIDTH="1535.0"
                    HEIGHT="156.0"></String>
          </TextLine>

          
          
          <TextLine ID="eSc_line_1360044"
                    
                    BASELINE="2268 1259 3846 1248" 
                    HPOS="2262.0"
                    VPOS="1178.0"
                    WIDTH="1579.0"
                    HEIGHT="156.0">
            <Shape><Polygon POINTS="2262 1254 2332 1184 2467 1205 2494 1178 2731 1216 2779 1194 2898 1216 2936 1189 2995 1211 3189 1200 3221 1178 3442 1211 3684 1200 3776 1205 3841 1243 3787 1324 3490 1329 3194 1307 2774 1334 2645 1302 2596 1329 2488 1307 2402 1329 2338 1324 2273 1259"/></Shape>
	    <String CONTENT="ממשכנין נכסיו בעשר חזר בו של עשר"
                    HPOS="2262.0"
                    VPOS="1178.0"
                    WIDTH="1579.0"
                    HEIGHT="156.0"></String>
          </TextLine>

          
          
          <TextLine ID="eSc_line_1359990"
                    
                    BASELINE="2311 1388 3841 1372" 
                    HPOS="2305.0"
                    VPOS="1307.0"
                    WIDTH="1530.0"
                    HEIGHT="200.0">
            <Shape><Polygon POINTS="2305 1383 2311 1324 2467 1313 2575 1334 2639 1313 2742 1345 2898 1318 3103 1334 3388 1307 3410 1329 3819 1324 3835 1367 3754 1447 3647 1453 3593 1415 3550 1458 3507 1431 3318 1464 3119 1458 3022 1426 2962 1453 2898 1437 2806 1485 2747 1458 2672 1474 2602 1442 2445 1469 2408 1431 2316 1507"/></Shape>
	    <String CONTENT="מוכרין אותה בשוויה אם פחת נפרעין"
                    HPOS="2305.0"
                    VPOS="1307.0"
                    WIDTH="1530.0"
                    HEIGHT="200.0"></String>
          </TextLine>

          
          
          <TextLine ID="eSc_line_1360040"
                    
                    BASELINE="2332 1523 3803 1501" 
                    HPOS="2327.0"
                    VPOS="1410.0"
                    WIDTH="1470.0"
                    HEIGHT="183.0">
            <Shape><Polygon POINTS="2327 1517 2408 1431 2456 1474 2602 1442 2666 1474 2758 1458 2812 1485 2892 1447 3016 1464 3054 1442 3280 1474 3501 1442 3544 1458 3593 1410 3636 1453 3776 1447 3797 1496 3781 1582 3754 1560 3609 1582 3566 1550 3501 1587 3356 1566 3307 1582 3253 1528 3205 1571 2962 1593 2806 1560 2731 1587 2672 1566 2645 1593 2526 1593 2456 1550 2359 1587 2332 1560"/></Shape>
	    <String CONTENT="משל עשר ˙ ואם גאל יגאלנה [ל/]"
                    HPOS="2327.0"
                    VPOS="1410.0"
                    WIDTH="1470.0"
                    HEIGHT="183.0"></String>
          </TextLine>

          
          
          <TextLine ID="eSc_line_1360035"
                    
                    BASELINE="2311 1652 3868 1630" 
                    HPOS="2305.0"
                    VPOS="1544.0"
                    WIDTH="1557.0"
                    HEIGHT="183.0">
            <Shape><Polygon POINTS="2305 1647 2338 1582 2386 1593 2451 1550 2499 1593 2548 1598 2645 1593 2672 1566 2704 1587 3162 1582 3237 1544 3296 1582 3458 1593 3630 1571 3684 1587 3749 1560 3862 1625 3830 1690 3749 1673 3695 1706 3270 1711 3146 1690 2801 1722 2672 1690 2558 1727 2343 1706 2311 1673"/></Shape>
	    <String CONTENT="לרבות את האשה ואם גאל יגאלנה"
                    HPOS="2305.0"
                    VPOS="1544.0"
                    WIDTH="1557.0"
                    HEIGHT="183.0"></String>
          </TextLine>

          
          
          <TextLine ID="eSc_line_1360045"
                    
                    BASELINE="2348 1765 3846 1754" 
                    HPOS="2343.0"
                    VPOS="1673.0"
                    WIDTH="1498.0"
                    HEIGHT="183.0">
            <Shape><Polygon POINTS="2343 1760 2348 1706 2370 1700 2408 1722 2575 1727 2682 1695 2715 1722 2898 1727 3140 1695 3641 1711 3706 1706 3749 1673 3841 1749 3776 1819 3577 1835 3200 1808 3173 1835 3033 1819 2995 1840 2747 1851 2715 1830 2612 1830 2418 1856 2348 1808"/></Shape>
	    <String CONTENT="לרבות את היורש ויסף חמישיתו על"
                    HPOS="2343.0"
                    VPOS="1673.0"
                    WIDTH="1498.0"
                    HEIGHT="183.0"></String>
          </TextLine>

          
          
          <TextLine ID="eSc_line_1360025"
                    
                    BASELINE="2354 1910 3846 1900" 
                    HPOS="2348.0"
                    VPOS="1819.0"
                    WIDTH="1493.0"
                    HEIGHT="167.0">
            <Shape><Polygon POINTS="2348 1905 2354 1840 2758 1851 3350 1819 3415 1840 3781 1830 3841 1894 3771 1959 3722 1969 3593 1975 3555 1937 3490 1969 3410 1932 3372 1964 3302 1953 3270 1975 3210 1948 3081 1975 2510 1975 2456 1953 2354 1986"/></Shape>
	    <String CONTENT="ערכך הרי כאן שנים אחד מוסיף"
                    HPOS="2348.0"
                    VPOS="1819.0"
                    WIDTH="1493.0"
                    HEIGHT="167.0"></String>
          </TextLine>

          
          
          <TextLine ID="eSc_line_1360019"
                    
                    BASELINE="2327 2039 3846 2018" 
                    HPOS="2321.0"
                    VPOS="1943.0"
                    WIDTH="1520.0"
                    HEIGHT="172.0">
            <Shape><Polygon POINTS="2321 2034 2359 1986 2451 1959 2591 1991 2736 1959 2887 1980 3205 1953 3270 1980 3377 1969 3404 1943 3512 1975 3560 1943 3587 1969 3792 1959 3841 2013 3792 2077 3657 2088 3534 2066 3393 2099 3221 2083 3183 2056 3076 2099 2591 2088 2467 2115 2429 2088 2327 2088"/></Shape>
	    <String CONTENT="חומש ואחד אין מוסיף חומש אין [יו&#39;]"
                    HPOS="2321.0"
                    VPOS="1943.0"
                    WIDTH="1520.0"
                    HEIGHT="172.0"></String>
          </TextLine>

          
          
          <TextLine ID="eSc_line_1360026"
                    
                    BASELINE="2289 2153 3868 2147" 
                    HPOS="2284.0"
                    VPOS="2056.0"
                    WIDTH="1578.0"
                    HEIGHT="204.0">
            <Shape><Polygon POINTS="2284 2153 2289 2088 2461 2115 2585 2088 2725 2109 2839 2088 3081 2099 3146 2093 3183 2056 3226 2088 3781 2083 3862 2142 3765 2201 3711 2185 3566 2222 3512 2196 3237 2217 3167 2196 3140 2222 2887 2206 2839 2233 2779 2233 2747 2201 2682 2228 2391 2206 2294 2260"/></Shape>
	    <String CONTENT="יודעין אם בעלין מוסיפין חומש ואם"
                    HPOS="2284.0"
                    VPOS="2056.0"
                    WIDTH="1578.0"
                    HEIGHT="204.0"></String>
          </TextLine>

          
          
          <TextLine ID="eSc_line_1360020"
                    
                    BASELINE="2370 2271 3868 2260" 
                    HPOS="2364.0"
                    VPOS="2179.0"
                    WIDTH="1498.0"
                    HEIGHT="167.0">
            <Shape><Polygon POINTS="2364 2266 2370 2217 2397 2206 2451 2249 2472 2228 2747 2206 2790 2239 2887 2206 3512 2206 3550 2228 3668 2212 3717 2179 3862 2255 3776 2336 3706 2314 3668 2336 3038 2341 3000 2309 2936 2346 2499 2346 2440 2303 2397 2346 2370 2341"/></Shape>
	    <String CONTENT="כל אדם מוסיף חומש מה מציאנו [/]"
                    HPOS="2364.0"
                    VPOS="2179.0"
                    WIDTH="1498.0"
                    HEIGHT="167.0"></String>
          </TextLine>

          
          
          <TextLine ID="eSc_line_1360021"
                    
                    BASELINE="2348 2400 3862 2379" 
                    HPOS="2343.0"
                    VPOS="2309.0"
                    WIDTH="1514.0"
                    HEIGHT="166.0">
            <Shape><Polygon POINTS="2343 2395 2435 2319 2521 2357 2558 2336 2946 2346 3000 2309 3033 2341 3733 2330 3857 2373 3792 2454 3738 2465 3560 2438 3501 2465 3129 2449 3059 2470 2941 2449 2909 2470 2769 2454 2623 2475 2397 2454 2348 2416"/></Shape>
	    <String CONTENT="בגאולת האמורות למטה הבעלים"
                    HPOS="2343.0"
                    VPOS="2309.0"
                    WIDTH="1514.0"
                    HEIGHT="166.0"></String>
          </TextLine>

          
          
          <TextLine ID="eSc_line_1360041"
                    
                    BASELINE="2332 2535 3868 2519" 
                    HPOS="2327.0"
                    VPOS="2438.0"
                    WIDTH="1535.0"
                    HEIGHT="167.0">
            <Shape><Polygon POINTS="2327 2529 2381 2465 2429 2454 2720 2486 2903 2470 2941 2443 3081 2475 3243 2475 3404 2465 3431 2443 3496 2470 3582 2438 3614 2470 3787 2459 3862 2513 3797 2588 3614 2599 3458 2583 3270 2605 3146 2578 3054 2605 2936 2578 2871 2605 2628 2605 2451 2567 2391 2605 2332 2551"/></Shape>
	    <String CONTENT="מוסיפין חומש ואין כל אדם מוסיף"
                    HPOS="2327.0"
                    VPOS="2438.0"
                    WIDTH="1535.0"
                    HEIGHT="167.0"></String>
          </TextLine>

          
          
          <TextLine ID="eSc_line_1359994"
                    
                    BASELINE="2327 2658 3824 2648" 
                    HPOS="2321.0"
                    VPOS="2572.0"
                    WIDTH="1498.0"
                    HEIGHT="173.0">
            <Shape><Polygon POINTS="2321 2653 2370 2599 2408 2610 2451 2583 3059 2615 3151 2572 3270 2605 3803 2594 3819 2642 3797 2712 3544 2707 3463 2734 3404 2712 3162 2712 2882 2745 2645 2734 2569 2707 2499 2739 2467 2718 2364 2723 2327 2685"/></Shape>
	    <String CONTENT="חומש אף בגאולות האמורות כאן [ה/]"
                    HPOS="2321.0"
                    VPOS="2572.0"
                    WIDTH="1498.0"
                    HEIGHT="173.0"></String>
          </TextLine>

          
          
          <TextLine ID="eSc_line_1360036"
                    
                    BASELINE="2359 2788 3868 2782" 
                    HPOS="2354.0"
                    VPOS="2707.0"
                    WIDTH="1508.0"
                    HEIGHT="178.0">
            <Shape><Polygon POINTS="2354 2782 2359 2723 2515 2739 2575 2707 2655 2739 2725 2718 3167 2745 3727 2707 3862 2777 3787 2841 3323 2847 3221 2885 3156 2858 3076 2879 3038 2852 2898 2836 2720 2863 2569 2825 2515 2852 2359 2847"/></Shape>
	    <String CONTENT="הבעלים מוסיפין חומש ואין כל אדם"
                    HPOS="2354.0"
                    VPOS="2707.0"
                    WIDTH="1508.0"
                    HEIGHT="178.0"></String>
          </TextLine>

          
          
          <TextLine ID="eSc_line_1359995"
                    
                    BASELINE="2305 2901 3846 2901" 
                    HPOS="2300.0"
                    VPOS="2841.0"
                    WIDTH="1541.0"
                    HEIGHT="151.0">
            <Shape><Polygon POINTS="2300 2895 2348 2852 2569 2841 2720 2868 2898 2841 3038 2858 3076 2890 3146 2868 3226 2890 3318 2852 3792 2841 3841 2895 3808 2965 3323 2971 3210 2906 3151 2928 3103 2911 3038 2960 2952 2971 2699 2949 2628 2981 2569 2954 2456 2954 2354 2992 2311 2949"/></Shape>
	    <String CONTENT="מוסיף חומש ˙ ואיש כי יקדיש את"
                    HPOS="2300.0"
                    VPOS="2841.0"
                    WIDTH="1541.0"
                    HEIGHT="151.0"></String>
          </TextLine>

          
          
          <TextLine ID="eSc_line_1360032"
                    
                    BASELINE="2327 3019 3824 3014" 
                    HPOS="2321.0"
                    VPOS="2928.0"
                    WIDTH="1498.0"
                    HEIGHT="161.0">
            <Shape><Polygon POINTS="2321 3014 2402 2954 2564 2954 2623 2981 2704 2944 2957 2965 3226 2928 3313 2971 3792 2965 3819 3008 3803 3084 3652 3078 3630 3057 3598 3084 3507 3068 3469 3089 3410 3062 3334 3084 3243 3068 3070 3089 3016 3062 2585 3084 2510 3046 2424 3078 2332 3014"/></Shape>
	    <String CONTENT="ביתו קדש יכול בבית דירה הכת&#39; מדבר"
                    HPOS="2321.0"
                    VPOS="2928.0"
                    WIDTH="1498.0"
                    HEIGHT="161.0"></String>
          </TextLine>

          
          
          <TextLine ID="eSc_line_1360037"
                    
                    BASELINE="2348 3132 3835 3127" 
                    HPOS="2343.0"
                    VPOS="3046.0"
                    WIDTH="1487.0"
                    HEIGHT="167.0">
            <Shape><Polygon POINTS="2343 3127 2348 3073 2467 3078 2499 3046 2542 3078 2715 3089 2812 3068 3027 3068 3076 3089 3334 3089 3410 3068 3469 3089 3630 3062 3674 3084 3808 3084 3830 3121 3787 3202 3668 3213 3630 3191 3372 3202 3345 3181 3162 3202 3119 3170 3081 3197 2855 3175 2769 3202 2720 3170 2682 3197 2558 3202 2499 3159 2440 3186 2348 3164"/></Shape>
	    <String CONTENT="כשהוא או&#39; ואם המקדיש יגאל הרי"
                    HPOS="2343.0"
                    VPOS="3046.0"
                    WIDTH="1487.0"
                    HEIGHT="167.0"></String>
          </TextLine>

          
          
          <TextLine ID="eSc_line_1360027"
                    
                    BASELINE="2397 3256 3857 3256" 
                    HPOS="2391.0"
                    VPOS="3170.0"
                    WIDTH="1460.0"
                    HEIGHT="161.0">
            <Shape><Polygon POINTS="2391 3251 2408 3181 2494 3170 2558 3207 3065 3202 3119 3170 3156 3202 3754 3202 3808 3207 3851 3251 3814 3321 3695 3326 3226 3321 3200 3299 2505 3331 2402 3310"/></Shape>
	    <String CONTENT="בית דירה אמור למטה הא מה ת&#39;ל&#39;"
                    HPOS="2391.0"
                    VPOS="3170.0"
                    WIDTH="1460.0"
                    HEIGHT="161.0"></String>
          </TextLine>

          
          
          <TextLine ID="eSc_line_1360028"
                    
                    BASELINE="2273 3396 3884 3374" 
                    HPOS="2268.0"
                    VPOS="3304.0"
                    WIDTH="1610.0"
                    HEIGHT="178.0">
            <Shape><Polygon POINTS="2268 3390 2338 3321 3038 3326 3200 3304 3270 3326 3797 3321 3841 3358 3862 3331 3878 3369 3868 3407 3803 3444 3695 3455 3652 3428 3582 3455 3507 3444 3463 3412 3404 3455 3323 3428 3248 3450 3162 3428 3070 3460 2936 3460 2812 3423 2763 3466 2704 3444 2650 3460 2612 3428 2548 3466 2408 3444 2354 3482 2278 3407"/></Shape>
	    <String CONTENT="ואיש כי יקדיש את ביתו קדש מקדיש"
                    HPOS="2268.0"
                    VPOS="3304.0"
                    WIDTH="1610.0"
                    HEIGHT="178.0"></String>
          </TextLine>

          
          
          <TextLine ID="eSc_line_1359996"
                    
                    BASELINE="2327 3509 3846 3504" 
                    HPOS="2321.0"
                    VPOS="3412.0"
                    WIDTH="1520.0"
                    HEIGHT="178.0">
            <Shape><Polygon POINTS="2321 3504 2402 3455 2553 3460 2612 3428 2645 3455 2758 3471 2806 3423 2925 3455 3113 3455 3151 3493 3275 3439 3410 3455 3458 3412 3507 3455 3566 3466 3647 3434 3674 3455 3824 3444 3841 3498 3787 3579 3701 3584 3663 3563 3512 3584 3453 3563 3426 3584 3291 3584 3146 3541 3097 3590 3033 3541 2968 3584 2785 3552 2736 3584 2575 3584 2494 3552 2391 3557 2338 3504"/></Shape>
	    <String CONTENT="אדם כל נכסיו ˙ קדש לייי מלמד"
                    HPOS="2321.0"
                    VPOS="3412.0"
                    WIDTH="1520.0"
                    HEIGHT="178.0"></String>
          </TextLine>

          
          
          <TextLine ID="eSc_line_1359997"
                    
                    BASELINE="2311 3638 3846 3633" 
                    HPOS="2305.0"
                    VPOS="3541.0"
                    WIDTH="1536.0"
                    HEIGHT="172.0">
            <Shape><Polygon POINTS="2305 3633 2338 3573 2413 3563 2607 3595 2909 3563 2979 3584 3027 3541 3076 3590 3162 3584 3205 3552 3243 3584 3808 3579 3841 3627 3824 3665 3744 3708 3577 3708 3528 3687 3404 3708 3334 3681 3280 3713 3103 3713 3076 3687 2973 3708 2936 3676 2903 3708 2645 3713 2612 3687 2348 3713 2311 3676"/></Shape>
	    <String CONTENT="שסתם הקדישות לבדק הבית ˙ והעריכו"
                    HPOS="2305.0"
                    VPOS="3541.0"
                    WIDTH="1536.0"
                    HEIGHT="172.0"></String>
          </TextLine>

          
          
          <TextLine ID="eSc_line_1359998"
                    
                    BASELINE="2375 3762 3868 3762" 
                    HPOS="2370.0"
                    VPOS="3697.0"
                    WIDTH="1492.0"
                    HEIGHT="156.0">
            <Shape><Polygon POINTS="2370 3756 2402 3708 3011 3719 3076 3697 3286 3719 3539 3697 3808 3708 3862 3756 3776 3832 3480 3837 3458 3816 3140 3837 3070 3800 3016 3837 2909 3853 2795 3853 2655 3816 2612 3843 2575 3810 2381 3843"/></Shape>
	    <String CONTENT="הכהן בין טוב ובין רע אין פודין את"
                    HPOS="2370.0"
                    VPOS="3697.0"
                    WIDTH="1492.0"
                    HEIGHT="156.0"></String>
          </TextLine>

          
          
          <TextLine ID="eSc_line_1359984"
                    
                    BASELINE="2391 3880 3862 3891" 
                    HPOS="2386.0"
                    VPOS="3821.0"
                    WIDTH="1471.0"
                    HEIGHT="135.0">
            <Shape><Polygon POINTS="2386 3875 2397 3837 2569 3821 2602 3843 2645 3821 2763 3832 2801 3870 3113 3821 3803 3826 3857 3886 3808 3939 3663 3950 3571 3929 3410 3956 3065 3934 2952 3950 2866 3880 2828 3880 2747 3950 2655 3950 2628 3929 2548 3956 2391 3923"/></Shape>
	    <String CONTENT="ההקדשות אכסארא ˙ כאשר"
                    HPOS="2386.0"
                    VPOS="3821.0"
                    WIDTH="1471.0"
                    HEIGHT="135.0"></String>
          </TextLine>

          
          
          <TextLine ID="eSc_line_1359986"
                    
                    BASELINE="2327 4004 3884 3999" 
                    HPOS="2321.0"
                    VPOS="3918.0"
                    WIDTH="1557.0"
                    HEIGHT="167.0">
            <Shape><Polygon POINTS="2321 3999 2338 3918 2537 3950 2602 3950 2628 3923 2661 3950 2785 3929 3162 3961 3808 3950 3878 3993 3733 4079 3668 4053 3609 4079 3577 4047 3485 4079 3323 4053 3205 4085 3162 4063 3076 4079 3038 4042 2925 4069 2386 4069 2327 4026"/></Shape>
	    <String CONTENT="יעריך אתו הכהן כן יקום הבעלים אומרי&#39;"
                    HPOS="2321.0"
                    VPOS="3918.0"
                    WIDTH="1557.0"
                    HEIGHT="167.0"></String>
          </TextLine>

          
          
          <TextLine ID="eSc_line_1359991"
                    
                    BASELINE="2327 4122 3835 4122" 
                    HPOS="2321.0"
                    VPOS="4053.0"
                    WIDTH="1509.0"
                    HEIGHT="150.0">
            <Shape><Polygon POINTS="2321 4117 2381 4074 2946 4074 3027 4053 3076 4085 3167 4069 3194 4090 3307 4053 3410 4079 3797 4069 3830 4117 3814 4192 3566 4176 3523 4203 3313 4176 3243 4198 3076 4176 2822 4176 2801 4198 2752 4176 2623 4198 2472 4176 2397 4198 2332 4139"/></Shape>
	    <String CONTENT="בעשרים וכול אדם אומרין בעשרים"
                    HPOS="2321.0"
                    VPOS="4053.0"
                    WIDTH="1509.0"
                    HEIGHT="150.0"></String>
          </TextLine>

          
          
          <TextLine ID="eSc_line_1359980"
                    
                    BASELINE="2311 4246 3878 4236" 
                    HPOS="2305.0"
                    VPOS="4176.0"
                    WIDTH="1568.0"
                    HEIGHT="151.0">
            <Shape><Polygon POINTS="2305 4241 2316 4182 3350 4182 3517 4203 3620 4176 3641 4198 3824 4192 3873 4230 3819 4306 3684 4316 3614 4289 3582 4316 3383 4295 3280 4322 3232 4300 3022 4311 3000 4289 2871 4327 2720 4300 2526 4322 2472 4300 2343 4311 2316 4284"/></Shape>
	    <String CONTENT="הבעלים קודמין מפני שהן מוסיפין חומש"
                    HPOS="2305.0"
                    VPOS="4176.0"
                    WIDTH="1568.0"
                    HEIGHT="151.0"></String>
          </TextLine>

          
          
          <TextLine ID="eSc_line_1359987"
                    
                    BASELINE="2354 4370 3835 4365" 
                    HPOS="2348.0"
                    VPOS="4289.0"
                    WIDTH="1482.0"
                    HEIGHT="156.0">
            <Shape><Polygon POINTS="2348 4365 2435 4311 2548 4327 2715 4300 2849 4327 2989 4289 3011 4311 3049 4295 3076 4316 3248 4327 3377 4306 3808 4311 3830 4359 3814 4424 3754 4440 3647 4440 3577 4397 3528 4440 3415 4440 3383 4413 3248 4440 3183 4408 3119 4445 3038 4408 2952 4435 2731 4413 2418 4440 2354 4408"/></Shape>
	    <String CONTENT="אמר אחד הרי שלי בעשרים ואחת"
                    HPOS="2348.0"
                    VPOS="4289.0"
                    WIDTH="1482.0"
                    HEIGHT="156.0"></String>
          </TextLine>

          
          
          <TextLine ID="eSc_line_1359993"
                    
                    BASELINE="2327 4489 3846 4489" 
                    HPOS="2321.0"
                    VPOS="4397.0"
                    WIDTH="1520.0"
                    HEIGHT="172.0">
            <Shape><Polygon POINTS="2321 4483 2359 4440 2769 4424 2898 4445 3043 4424 3129 4445 3189 4424 3340 4435 3377 4413 3410 4440 3534 4440 3582 4397 3647 4440 3824 4435 3841 4483 3814 4558 3668 4564 3609 4537 3318 4558 3243 4521 3167 4558 3076 4526 3033 4558 2725 4564 2661 4542 2623 4564 2526 4548 2364 4569 2332 4537"/></Shape>
	    <String CONTENT="כופין ליתן עשרים ושש בעשרים ושתים"
                    HPOS="2321.0"
                    VPOS="4397.0"
                    WIDTH="1520.0"
                    HEIGHT="172.0"></String>
          </TextLine>

          
          
          <TextLine ID="eSc_line_1359981"
                    
                    BASELINE="2338 4612 3884 4602" 
                    HPOS="2332.0"
                    VPOS="4515.0"
                    WIDTH="1546.0"
                    HEIGHT="216.0">
            <Shape><Polygon POINTS="2332 4607 2386 4558 2531 4542 2602 4569 2655 4542 2709 4564 3033 4558 3059 4532 3167 4553 3232 4515 3350 4558 3420 4537 3819 4558 3878 4596 3819 4677 3787 4682 3113 4661 2946 4688 2914 4661 2822 4693 2639 4688 2591 4661 2558 4682 2418 4682 2370 4731 2338 4698"/></Shape>
	    <String CONTENT="כופין את הבעלים ליתן עשרים ושבע"
                    HPOS="2332.0"
                    VPOS="4515.0"
                    WIDTH="1546.0"
                    HEIGHT="216.0"></String>
          </TextLine>

          
          
          <TextLine ID="eSc_line_1359992"
                    
                    BASELINE="2348 4763 3868 4736" 
                    HPOS="2343.0"
                    VPOS="4666.0"
                    WIDTH="1519.0"
                    HEIGHT="167.0">
            <Shape><Polygon POINTS="2343 4758 2413 4693 2553 4698 2596 4666 2806 4698 3027 4672 3183 4693 3248 4666 3485 4688 3560 4666 3630 4688 3744 4672 3824 4693 3862 4731 3814 4811 3765 4790 3717 4822 3555 4790 3501 4822 3388 4801 3022 4833 2979 4806 2925 4833 2634 4828 2602 4806 2510 4828 2456 4795 2391 4801 2348 4758"/></Shape>
	    <String CONTENT="בעשרים ושלש כופין את הבעלים"
                    HPOS="2343.0"
                    VPOS="4666.0"
                    WIDTH="1519.0"
                    HEIGHT="167.0"></String>
          </TextLine>

          
          
          <TextLine ID="eSc_line_1359989"
                    
                    BASELINE="2327 4876 3868 4871" 
                    HPOS="2321.0"
                    VPOS="4795.0"
                    WIDTH="1541.0"
                    HEIGHT="162.0">
            <Shape><Polygon POINTS="2321 4871 2440 4801 2526 4828 2979 4811 3000 4833 3264 4817 3291 4838 3393 4806 3512 4822 3534 4801 3609 4828 3727 4822 3754 4795 3835 4817 3862 4865 3787 4930 3668 4946 3420 4951 3372 4930 3307 4951 3205 4924 3173 4957 3065 4930 3016 4957 2887 4957 2752 4924 2709 4946 2408 4951 2327 4871"/></Shape>
	    <String CONTENT="ליתן עשרים ותשע בעשרים וחמש"
                    HPOS="2321.0"
                    VPOS="4795.0"
                    WIDTH="1541.0"
                    HEIGHT="162.0"></String>
          </TextLine>

          
          
          <TextLine ID="eSc_line_1359985"
                    
                    BASELINE="2316 5011 3884 4984" 
                    HPOS="2311.0"
                    VPOS="4930.0"
                    WIDTH="1567.0"
                    HEIGHT="156.0">
            <Shape><Polygon POINTS="2311 5005 2316 4973 2429 4946 2510 4973 2634 4968 2655 4946 2704 4968 2914 4968 2941 4946 3000 4962 3027 4935 3156 4962 3237 4930 3280 4951 3415 4930 3490 4957 3771 4935 3862 4946 3878 4978 3862 5038 3652 5064 3582 5043 3539 5064 3404 5043 3318 5070 3286 5048 3243 5070 3027 5048 2930 5081 2596 5059 2537 5081 2435 5059 2408 5086 2348 5086 2316 5059"/></Shape>
	    <String CONTENT="כופין את הבעלים ליתן חמישים ואין"
                    HPOS="2311.0"
                    VPOS="4930.0"
                    WIDTH="1567.0"
                    HEIGHT="156.0"></String>
          </TextLine>

          
        </TextBlock>
        
        <TextBlock HPOS="499.0"
                   VPOS="944.0"
                   WIDTH="1632.0"
                   HEIGHT="4204.0"
                   ID="eSc_textblock_14948"
                   TAGREFS="BT2">
          <Shape><Polygon POINTS="499 981 598 5136 2131 5148 2082 944"/></Shape>
          
          
          <TextLine ID="eSc_line_1360030"
                    
                    BASELINE="501 1065 2020 1022" 
                    HPOS="495.0"
                    VPOS="947.0"
                    WIDTH="1519.0"
                    HEIGHT="172.0">
            <Shape><Polygon POINTS="495 1060 501 1001 651 1001 700 979 829 995 872 974 1244 984 1260 963 1433 979 1944 947 1998 963 2014 1017 2004 1087 1713 1092 1659 1071 1600 1098 1508 1081 1309 1103 1255 1081 1179 1108 1093 1108 1072 1087 818 1119 506 1103"/></Shape>
	    <String CONTENT="מוסיפין חומש על עילוי&#39; של זה א&#39; אחד"
                    HPOS="495.0"
                    VPOS="947.0"
                    WIDTH="1519.0"
                    HEIGHT="172.0"></String>
          </TextLine>

          
          
          <TextLine ID="eSc_line_1360043"
                    
                    BASELINE="560 1184 2020 1151" 
                    HPOS="554.0"
                    VPOS="1087.0"
                    WIDTH="1460.0"
                    HEIGHT="161.0">
            <Shape><Polygon POINTS="554 1178 592 1124 641 1114 727 1130 1055 1098 1309 1119 1492 1087 1675 1087 1707 1108 1998 1092 2014 1146 1934 1227 1874 1200 1788 1216 1750 1194 1696 1237 1632 1211 1346 1237 1319 1211 1276 1237 1066 1216 1012 1248 969 1221 942 1248 878 1221 791 1248 694 1248 668 1227 592 1248 560 1216"/></Shape>
	    <String CONTENT="הרי היא שלי בעשרים ושש אם רצו"
                    HPOS="554.0"
                    VPOS="1087.0"
                    WIDTH="1460.0"
                    HEIGHT="161.0"></String>
          </TextLine>

          
          
          <TextLine ID="eSc_line_1360034"
                    
                    BASELINE="538 1307 2041 1286" 
                    HPOS="533.0"
                    VPOS="1189.0"
                    WIDTH="1503.0"
                    HEIGHT="183.0">
            <Shape><Polygon POINTS="533 1302 668 1232 931 1248 964 1221 996 1243 1077 1221 1282 1243 1314 1216 1357 1237 1486 1211 1535 1232 1632 1221 1659 1243 1713 1232 1756 1189 1788 1216 1863 1211 1917 1237 1960 1221 2036 1281 1966 1351 1804 1351 1756 1313 1702 1351 1637 1334 1519 1361 1454 1340 1158 1361 1131 1334 1034 1361 840 1361 786 1334 743 1372 694 1372 560 1302"/></Shape>
	    <String CONTENT="הבעלים ליתן שלשים ואחת ודינר"
                    HPOS="533.0"
                    VPOS="1189.0"
                    WIDTH="1503.0"
                    HEIGHT="183.0"></String>
          </TextLine>

          
          
          <TextLine ID="eSc_line_1360039"
                    
                    BASELINE="495 1431 2041 1399" 
                    HPOS="490.0"
                    VPOS="1313.0"
                    WIDTH="1546.0"
                    HEIGHT="199.0">
            <Shape><Polygon POINTS="490 1426 506 1367 651 1351 721 1377 786 1329 851 1361 953 1367 1131 1334 1174 1367 1292 1345 1497 1361 1583 1334 1707 1356 1767 1313 1804 1351 1987 1351 2036 1394 2025 1453 1966 1474 1810 1480 1767 1447 1729 1474 1535 1464 1416 1496 1384 1464 1212 1490 1125 1458 1104 1480 1007 1469 905 1496 840 1474 554 1512 501 1469"/></Shape>
	    <String CONTENT="הבעלים קודמין ואם לאו או&#39; לו הגיעתך ˙"
                    HPOS="490.0"
                    VPOS="1313.0"
                    WIDTH="1546.0"
                    HEIGHT="199.0"></String>
          </TextLine>

          
          
          <TextLine ID="eSc_line_1360023"
                    
                    BASELINE="501 1566 1950 1544" 
                    HPOS="495.0"
                    VPOS="1458.0"
                    WIDTH="1449.0"
                    HEIGHT="167.0">
            <Shape><Polygon POINTS="495 1560 576 1501 1098 1485 1125 1458 1195 1490 1379 1469 1406 1496 1772 1458 1799 1485 1869 1474 1944 1539 1896 1598 1670 1593 1529 1620 1454 1593 1174 1609 1120 1582 1093 1614 560 1625 501 1571"/></Shape>
	    <String CONTENT="ואם המקדיש יגאל לרבות את האשה"
                    HPOS="495.0"
                    VPOS="1458.0"
                    WIDTH="1449.0"
                    HEIGHT="167.0"></String>
          </TextLine>

          
          
          <TextLine ID="eSc_line_1360017"
                    
                    BASELINE="522 1695 2063 1673" 
                    HPOS="517.0"
                    VPOS="1582.0"
                    WIDTH="1540.0"
                    HEIGHT="194.0">
            <Shape><Polygon POINTS="517 1690 571 1630 635 1614 1082 1614 1120 1582 1169 1609 1212 1593 1239 1620 1928 1593 1993 1603 2057 1668 1955 1765 1912 1776 1799 1717 1637 1743 1416 1717 1395 1738 1249 1749 1190 1717 1131 1743 808 1760 754 1733 597 1754 527 1690"/></Shape>
	    <String CONTENT="ואם המקדיש יגאל לרבות את היורש ˙"
                    HPOS="517.0"
                    VPOS="1582.0"
                    WIDTH="1540.0"
                    HEIGHT="194.0"></String>
          </TextLine>

          
          
          <TextLine ID="eSc_line_1360024"
                    
                    BASELINE="560 1824 1944 1803" 
                    HPOS="554.0"
                    VPOS="1722.0"
                    WIDTH="1385.0"
                    HEIGHT="178.0">
            <Shape><Polygon POINTS="554 1819 560 1754 738 1738 878 1760 937 1738 1066 1754 1702 1722 1853 1743 1907 1797 1939 1797 1874 1862 1626 1851 1433 1878 1395 1846 1368 1867 1012 1867 953 1889 899 1873 813 1900 565 1883"/></Shape>
	    <String CONTENT="ויסף חמישית כסף ערכך עליו והיה"
                    HPOS="554.0"
                    VPOS="1722.0"
                    WIDTH="1385.0"
                    HEIGHT="178.0"></String>
          </TextLine>

          
          
          <TextLine ID="eSc_line_1360018"
                    
                    BASELINE="581 1953 2041 1921" 
                    HPOS="576.0"
                    VPOS="1813.0"
                    WIDTH="1460.0"
                    HEIGHT="226.0">
            <Shape><Polygon POINTS="576 1948 624 1878 700 1905 851 1878 1039 1889 1093 1867 1740 1873 1907 1851 1944 1813 2020 1856 2036 1916 1977 1980 1896 1969 1804 2007 1729 1986 1605 2013 1573 1980 1508 2007 1228 1991 1174 1996 1125 2039 1072 1991 985 2018 818 2013 786 2034 684 2002 624 2023 587 1991"/></Shape>
	    <String CONTENT="לו אם נתן את הכסף הרי הוא שלו"
                    HPOS="576.0"
                    VPOS="1813.0"
                    WIDTH="1460.0"
                    HEIGHT="226.0"></String>
          </TextLine>

          
          
          <TextLine ID="eSc_line_1360015"
                    
                    BASELINE="533 2083 2084 2045" 
                    HPOS="527.0"
                    VPOS="1975.0"
                    WIDTH="1552.0"
                    HEIGHT="188.0">
            <Shape><Polygon POINTS="527 2077 576 2013 754 2034 1023 1996 1098 2061 1131 2061 1228 1986 1309 2013 1573 1986 1616 2018 1648 1991 1750 1980 1804 2018 1901 1975 1966 1975 2030 2039 2079 2039 2014 2109 1853 2126 1799 2099 1745 2126 1664 2120 1621 2093 1551 2131 1400 2109 1319 2136 1201 2099 1169 2115 1120 2066 996 2142 835 2126 743 2147 630 2136 587 2163 538 2115"/></Shape>
	    <String CONTENT="ואם לאו אינו שלו ˙ שדה אחוזתו"
                    HPOS="527.0"
                    VPOS="1975.0"
                    WIDTH="1552.0"
                    HEIGHT="188.0"></String>
          </TextLine>

          
          
          <TextLine ID="eSc_line_1360007"
                    
                    BASELINE="587 2206 2057 2174" 
                    HPOS="581.0"
                    VPOS="2093.0"
                    WIDTH="1471.0"
                    HEIGHT="183.0">
            <Shape><Polygon POINTS="581 2201 641 2136 1002 2147 1120 2115 1346 2131 1389 2109 1433 2136 1540 2136 1610 2093 1680 2131 1734 2131 1767 2099 1917 2126 2036 2104 2052 2169 1971 2244 1777 2222 1707 2249 1605 2228 1556 2255 1433 2255 1357 2233 1212 2260 1098 2244 1045 2271 754 2255 700 2276 587 2228"/></Shape>
	    <String CONTENT="אין לי אלא שדה אחזתו מבית אביו"
                    HPOS="581.0"
                    VPOS="2093.0"
                    WIDTH="1471.0"
                    HEIGHT="183.0"></String>
          </TextLine>

          
          
          <TextLine ID="eSc_line_1360008"
                    
                    BASELINE="592 2314 2057 2298" 
                    HPOS="587.0"
                    VPOS="2222.0"
                    WIDTH="1465.0"
                    HEIGHT="183.0">
            <Shape><Polygon POINTS="587 2309 592 2239 646 2271 759 2249 1045 2271 1077 2249 1195 2260 1271 2239 1465 2260 1503 2239 1546 2260 1610 2228 1670 2249 1772 2222 1858 2255 2036 2222 2052 2292 1960 2368 1858 2346 1799 2368 1772 2341 1718 2368 1562 2357 1524 2379 1476 2357 1373 2405 1292 2352 888 2395 845 2352 770 2384 743 2357 614 2357 592 2336"/></Shape>
	    <String CONTENT="שדה אחזתו מבית אמו מנין ת&#39;ל&#39;"
                    HPOS="587.0"
                    VPOS="2222.0"
                    WIDTH="1465.0"
                    HEIGHT="183.0"></String>
          </TextLine>

          
          
          <TextLine ID="eSc_line_1359999"
                    
                    BASELINE="565 2427 2079 2422" 
                    HPOS="560.0"
                    VPOS="2352.0"
                    WIDTH="1514.0"
                    HEIGHT="156.0">
            <Shape><Polygon POINTS="560 2422 603 2368 743 2362 786 2389 840 2352 894 2395 1039 2362 1179 2379 1292 2357 1362 2416 1476 2362 1729 2373 1756 2352 1863 2352 1896 2379 2009 2373 2074 2416 1950 2497 1928 2475 1810 2475 1653 2502 1594 2481 1508 2502 1373 2449 1330 2486 630 2508 565 2443"/></Shape>
	    <String CONTENT="יקדיש איש ˙ והיה ערכך לפי זרעו"
                    HPOS="560.0"
                    VPOS="2352.0"
                    WIDTH="1514.0"
                    HEIGHT="156.0"></String>
          </TextLine>

          
          
          <TextLine ID="eSc_line_1360005"
                    
                    BASELINE="587 2562 2057 2540" 
                    HPOS="581.0"
                    VPOS="2459.0"
                    WIDTH="1471.0"
                    HEIGHT="183.0">
            <Shape><Polygon POINTS="581 2556 678 2497 786 2519 942 2497 964 2519 1007 2492 1271 2497 1368 2459 1389 2481 1433 2459 1508 2508 1578 2481 1664 2502 1707 2475 1815 2470 1869 2502 1907 2475 1955 2497 2025 2459 2052 2535 2030 2605 1863 2621 1804 2599 1594 2626 1422 2583 1174 2637 1007 2605 883 2632 851 2599 775 2642 738 2610 635 2637 592 2605"/></Shape>
	    <String CONTENT="ולא לפי גידוליו זרע חמר שעורים"
                    HPOS="581.0"
                    VPOS="2459.0"
                    WIDTH="1471.0"
                    HEIGHT="183.0"></String>
          </TextLine>

          
          
          <TextLine ID="eSc_line_1360022"
                    
                    BASELINE="624 2680 2052 2680" 
                    HPOS="619.0"
                    VPOS="2588.0"
                    WIDTH="1428.0"
                    HEIGHT="183.0">
            <Shape><Polygon POINTS="619 2675 630 2637 738 2621 802 2642 851 2599 888 2632 1002 2615 1185 2637 1233 2615 1330 2626 1422 2588 1551 2626 2036 2605 2047 2675 2004 2750 1718 2728 1481 2750 1416 2712 1373 2750 883 2745 856 2771 791 2734 630 2750"/></Shape>
	    <String CONTENT="בחמשים שקל כסף גזירת מלך אחד"
                    HPOS="619.0"
                    VPOS="2588.0"
                    WIDTH="1428.0"
                    HEIGHT="183.0"></String>
          </TextLine>

          
          
          <TextLine ID="eSc_line_1360002"
                    
                    BASELINE="581 2809 2084 2788" 
                    HPOS="576.0"
                    VPOS="2707.0"
                    WIDTH="1503.0"
                    HEIGHT="178.0">
            <Shape><Polygon POINTS="576 2804 592 2739 797 2750 835 2777 872 2750 1039 2739 1185 2761 1362 2750 1406 2707 1497 2750 1696 2728 1928 2739 2079 2782 2004 2852 1955 2863 1767 2858 1723 2836 1659 2868 1605 2847 1567 2874 1438 2847 1260 2874 980 2858 926 2885 813 2879 791 2858 748 2879 608 2879 587 2858"/></Shape>
	    <String CONTENT="המקדיש בחולת המחוז ואחד [המ&#39;]"
                    HPOS="576.0"
                    VPOS="2707.0"
                    WIDTH="1503.0"
                    HEIGHT="178.0"></String>
          </TextLine>

          
          
          <TextLine ID="eSc_line_1360033"
                    
                    BASELINE="581 2938 2079 2906" 
                    HPOS="576.0"
                    VPOS="2847.0"
                    WIDTH="1498.0"
                    HEIGHT="172.0">
            <Shape><Polygon POINTS="576 2933 597 2874 743 2890 786 2863 872 2890 1142 2863 1222 2885 1416 2852 1540 2874 1600 2847 1772 2868 1998 2852 2074 2901 2020 2971 1880 2971 1837 2992 1761 2960 1675 2987 1626 2954 1540 3003 1443 3008 1395 2971 1325 2971 1255 3008 1217 2976 1185 3008 1061 2992 948 3014 888 2965 824 3008 711 3019 635 2981 587 3014"/></Shape>
	    <String CONTENT="המקדיש בפרדסות סבוסטי נותן בית"
                    HPOS="576.0"
                    VPOS="2847.0"
                    WIDTH="1498.0"
                    HEIGHT="172.0"></String>
          </TextLine>

          
          
          <TextLine ID="eSc_line_1360000"
                    
                    BASELINE="592 3051 2106 3024" 
                    HPOS="587.0"
                    VPOS="2960.0"
                    WIDTH="1514.0"
                    HEIGHT="172.0">
            <Shape><Polygon POINTS="587 3046 657 2998 732 3019 888 2998 1185 3014 1212 2981 1255 3003 1325 2971 1454 3008 1589 2987 1616 2960 1664 2992 1750 2965 1820 2998 1998 2971 2057 3019 2101 3019 1998 3094 1923 3068 1858 3116 1761 3105 1740 3132 1686 3132 1626 3084 1578 3105 1497 3089 1449 3121 1362 3089 1039 3127 953 3094 888 3127 835 3100 802 3127 738 3127 694 3094 630 3094 592 3057"/></Shape>
	    <String CONTENT="זרע חמר שעורים בחמשים שקל"
                    HPOS="587.0"
                    VPOS="2960.0"
                    WIDTH="1514.0"
                    HEIGHT="172.0"></String>
          </TextLine>

          
          
          <TextLine ID="eSc_line_1360029"
                    
                    BASELINE="614 3164 2084 3148" 
                    HPOS="608.0"
                    VPOS="3084.0"
                    WIDTH="1471.0"
                    HEIGHT="161.0">
            <Shape><Polygon POINTS="608 3159 657 3089 764 3127 835 3100 872 3127 948 3100 1034 3132 1373 3089 1433 3127 1492 3100 1610 3100 1653 3137 1788 3137 1934 3084 2020 3100 2079 3143 2020 3224 1982 3202 1923 3229 1858 3224 1783 3148 1707 3148 1632 3224 1454 3240 1427 3213 1303 3245 1136 3224 1007 3245 980 3218 942 3245 802 3245 759 3207 721 3224 614 3181"/></Shape>
	    <String CONTENT="כסף ˙ מנין אין אדם רשאי [לה&#39;]"
                    HPOS="608.0"
                    VPOS="3084.0"
                    WIDTH="1471.0"
                    HEIGHT="161.0"></String>
          </TextLine>

          
          
          <TextLine ID="eSc_line_1360011"
                    
                    BASELINE="614 3288 2101 3288" 
                    HPOS="608.0"
                    VPOS="3197.0"
                    WIDTH="1487.0"
                    HEIGHT="183.0">
            <Shape><Polygon POINTS="608 3283 700 3224 797 3251 975 3229 1314 3251 1427 3224 1740 3234 1788 3197 1842 3229 1993 3207 2068 3234 2095 3283 2014 3337 1880 3364 1799 3331 1696 3364 1648 3326 1567 3369 1276 3364 1228 3342 1120 3369 1050 3347 996 3380 781 3347 700 3358 619 3283"/></Shape>
	    <String CONTENT="להקדיש את שדהו בשעת היובל"
                    HPOS="608.0"
                    VPOS="3197.0"
                    WIDTH="1487.0"
                    HEIGHT="183.0"></String>
          </TextLine>

          
          
          <TextLine ID="eSc_line_1360010"
                    
                    BASELINE="624 3412 2106 3407" 
                    HPOS="619.0"
                    VPOS="3321.0"
                    WIDTH="1482.0"
                    HEIGHT="177.0">
            <Shape><Polygon POINTS="619 3407 630 3321 689 3353 775 3342 964 3380 1039 3347 1072 3369 1195 3374 1233 3342 1459 3374 1610 3364 1643 3331 1680 3364 2009 3342 2068 3401 2101 3401 1998 3482 1740 3487 1659 3455 1578 3493 1384 3487 1336 3444 1282 3482 1217 3466 1088 3493 975 3466 942 3487 786 3477 732 3498 624 3434"/></Shape>
	    <String CONTENT="אם הקדישה הרי זו מקודשת ת&#39;ל&#39;"
                    HPOS="619.0"
                    VPOS="3321.0"
                    WIDTH="1482.0"
                    HEIGHT="177.0"></String>
          </TextLine>

          
          
          <TextLine ID="eSc_line_1360038"
                    
                    BASELINE="732 3547 2106 3520" 
                    HPOS="727.0"
                    VPOS="3444.0"
                    WIDTH="1374.0"
                    HEIGHT="173.0">
            <Shape><Polygon POINTS="727 3541 732 3504 781 3482 921 3498 996 3471 1190 3493 1222 3471 1292 3482 1336 3444 1400 3487 1583 3487 1670 3455 1734 3487 1944 3477 2101 3514 1998 3595 1928 3600 1583 3600 1508 3563 1465 3600 1384 3600 1330 3563 1255 3617 1158 3584 1066 3617 1028 3579 996 3606 835 3606 732 3573"/></Shape>
	    <String CONTENT="אם משנת היובל יקדיש שדהו ˙"
                    HPOS="727.0"
                    VPOS="3444.0"
                    WIDTH="1374.0"
                    HEIGHT="173.0"></String>
          </TextLine>

          
          
          <TextLine ID="eSc_line_1360009"
                    
                    BASELINE="581 3649 2106 3649" 
                    HPOS="576.0"
                    VPOS="3563.0"
                    WIDTH="1525.0"
                    HEIGHT="172.0">
            <Shape><Polygon POINTS="576 3643 684 3584 835 3611 1012 3611 1034 3590 1072 3627 1142 3595 1260 3617 1336 3573 1384 3606 1476 3600 1513 3563 1583 3606 1939 3606 2025 3584 2101 3643 1993 3719 1901 3697 1546 3719 1508 3697 1476 3719 1336 3724 1309 3703 1282 3724 1125 3735 1082 3713 975 3730 942 3708 635 3724 587 3676"/></Shape>
	    <String CONTENT="שדהו מה ת&#39;ל&#39; מנין אתה או&#39; היו שם"
                    HPOS="576.0"
                    VPOS="3563.0"
                    WIDTH="1525.0"
                    HEIGHT="172.0"></String>
          </TextLine>

          
          
          <TextLine ID="eSc_line_1360042"
                    
                    BASELINE="587 3783 2052 3767" 
                    HPOS="581.0"
                    VPOS="3697.0"
                    WIDTH="1466.0"
                    HEIGHT="162.0">
            <Shape><Polygon POINTS="581 3778 646 3719 754 3735 781 3713 942 3713 996 3735 1077 3713 1120 3735 1298 3703 1352 3724 1772 3697 1820 3719 2030 3708 2047 3762 2030 3843 1955 3843 1923 3810 1890 3843 1750 3816 1675 3837 1562 3821 1546 3843 1276 3843 1212 3821 1002 3859 905 3832 872 3853 748 3826 689 3843 608 3778"/></Shape>
	    <String CONTENT="נקעים עמוקים עשרה טפחים או"
                    HPOS="581.0"
                    VPOS="3697.0"
                    WIDTH="1466.0"
                    HEIGHT="162.0"></String>
          </TextLine>

          
          
          <TextLine ID="eSc_line_1360006"
                    
                    BASELINE="592 3902 2052 3886" 
                    HPOS="587.0"
                    VPOS="3810.0"
                    WIDTH="1460.0"
                    HEIGHT="178.0">
            <Shape><Polygon POINTS="587 3896 651 3832 1018 3859 1115 3832 1152 3853 1212 3826 1546 3843 1734 3816 1890 3843 1923 3810 1955 3843 2030 3843 2047 3880 2014 3961 1912 3945 1853 3972 1556 3939 1486 3966 1438 3939 1379 3966 1152 3950 1050 3988 964 3956 668 3961 592 3913"/></Shape>
	    <String CONTENT="סלעים גבוהים עשרה טפחים אין [ני&#39;]"
                    HPOS="587.0"
                    VPOS="3810.0"
                    WIDTH="1460.0"
                    HEIGHT="178.0"></String>
          </TextLine>

          
          
          <TextLine ID="eSc_line_1360012"
                    
                    BASELINE="587 4015 2095 4015" 
                    HPOS="581.0"
                    VPOS="3939.0"
                    WIDTH="1509.0"
                    HEIGHT="162.0">
            <Shape><Polygon POINTS="581 4009 641 3961 770 3977 964 3956 1055 3999 1152 3961 1368 3972 1443 3939 1481 3966 2030 3956 2090 4009 2025 4085 1826 4079 1804 4058 1767 4096 1718 4069 1653 4096 1529 4096 1406 4085 1384 4063 1325 4096 1239 4069 1174 4096 1115 4053 931 4101 759 4069 721 4096 646 4085 592 4036"/></Shape>
	    <String CONTENT="נמדדין עמה ת&#39;ל&#39; שדהו ˙ כערכך יקום"
                    HPOS="581.0"
                    VPOS="3939.0"
                    WIDTH="1509.0"
                    HEIGHT="162.0"></String>
          </TextLine>

          
          
          <TextLine ID="eSc_line_1360001"
                    
                    BASELINE="603 4149 2063 4139" 
                    HPOS="597.0"
                    VPOS="4053.0"
                    WIDTH="1460.0"
                    HEIGHT="166.0">
            <Shape><Polygon POINTS="597 4144 624 4074 1002 4096 1072 4085 1104 4053 1163 4096 1228 4074 1287 4096 1357 4074 1713 4074 1745 4101 1793 4063 1837 4090 2025 4090 2057 4133 2030 4203 1896 4214 1837 4187 1756 4214 1707 4192 1319 4214 1276 4187 1233 4219 1104 4187 1055 4214 856 4187 603 4192"/></Shape>
	    <String CONTENT="נותן ארבעים ותשע סלעים וארבעים"
                    HPOS="597.0"
                    VPOS="4053.0"
                    WIDTH="1460.0"
                    HEIGHT="166.0"></String>
          </TextLine>

          
          
          <TextLine ID="eSc_line_1360013"
                    
                    BASELINE="624 4252 2106 4252" 
                    HPOS="619.0"
                    VPOS="4187.0"
                    WIDTH="1482.0"
                    HEIGHT="151.0">
            <Shape><Polygon POINTS="619 4246 630 4209 657 4203 1055 4219 1098 4187 1222 4219 1282 4187 1325 4214 1772 4214 1842 4192 1863 4214 2036 4209 2101 4246 2004 4332 1869 4332 1842 4311 1707 4332 1664 4289 1573 4338 1519 4316 764 4332 716 4311 657 4322 630 4295"/></Shape>
	    <String CONTENT="ותשע פדיוניות והלא סלע של הקדש"
                    HPOS="619.0"
                    VPOS="4187.0"
                    WIDTH="1482.0"
                    HEIGHT="151.0"></String>
          </TextLine>

          
          
          <TextLine ID="eSc_line_1360014"
                    
                    BASELINE="630 4386 2101 4386" 
                    HPOS="624.0"
                    VPOS="4295.0"
                    WIDTH="1471.0"
                    HEIGHT="183.0">
            <Shape><Polygon POINTS="624 4381 635 4322 1578 4338 1659 4295 1707 4332 2025 4332 2095 4381 2020 4451 1896 4462 1804 4440 1600 4451 1567 4419 1513 4456 1454 4435 1427 4456 1120 4462 1012 4435 867 4478 797 4429 721 4456 635 4451"/></Shape>
	    <String CONTENT="אינה אלא ארבעים ושמונה פודיונות"
                    HPOS="624.0"
                    VPOS="4295.0"
                    WIDTH="1471.0"
                    HEIGHT="183.0"></String>
          </TextLine>

          
          
          <TextLine ID="eSc_line_1359983"
                    
                    BASELINE="544 4505 2074 4499" 
                    HPOS="538.0"
                    VPOS="4419.0"
                    WIDTH="1530.0"
                    HEIGHT="188.0">
            <Shape><Polygon POINTS="538 4499 581 4440 791 4435 861 4472 1012 4429 1125 4462 1438 4440 1519 4456 1562 4419 1600 4456 1896 4462 2047 4435 2068 4494 2052 4596 1993 4607 1896 4564 1734 4580 1702 4558 1632 4580 1556 4558 1449 4585 1395 4564 1330 4596 1287 4564 1249 4580 1190 4558 1098 4585 1045 4548 926 4591 899 4564 597 4564 544 4521"/></Shape>
	    <String CONTENT="מה טיבו של פו(נ)דיון זה קולבון לפורוטרוט ˙"
                    HPOS="538.0"
                    VPOS="4419.0"
                    WIDTH="1530.0"
                    HEIGHT="188.0"></String>
          </TextLine>

          
          
          <TextLine ID="eSc_line_1359982"
                    
                    BASELINE="614 4628 2041 4639" 
                    HPOS="608.0"
                    VPOS="4548.0"
                    WIDTH="1428.0"
                    HEIGHT="177.0">
            <Shape><Polygon POINTS="608 4623 668 4564 775 4596 829 4575 948 4596 1045 4548 1093 4585 1185 4558 1325 4596 1368 4569 1454 4591 1476 4569 1659 4585 1696 4558 1745 4580 1815 4564 1917 4575 1971 4623 2009 4612 2036 4634 1971 4634 1869 4704 1820 4677 1788 4698 1562 4688 1325 4725 1271 4688 1034 4688 958 4709 921 4693 861 4725 727 4704 689 4725 614 4650"/></Shape>
	    <String CONTENT="אחר היובל סמוך ליובל מופלג מן"
                    HPOS="608.0"
                    VPOS="4548.0"
                    WIDTH="1428.0"
                    HEIGHT="177.0"></String>
          </TextLine>

          
          
          <TextLine ID="eSc_line_1360003"
                    
                    BASELINE="608 4768 2063 4768" 
                    HPOS="603.0"
                    VPOS="4688.0"
                    WIDTH="1454.0"
                    HEIGHT="172.0">
            <Shape><Polygon POINTS="603 4763 662 4704 689 4725 775 4704 878 4731 926 4693 1228 4720 1276 4698 1330 4731 1567 4688 1653 4709 1987 4693 2047 4704 2057 4763 2036 4833 1820 4828 1729 4860 1680 4838 1594 4855 1556 4822 1470 4855 1379 4822 1282 4855 1185 4817 1098 4849 937 4849 894 4822 824 4855 732 4817 668 4838 614 4785"/></Shape>
	    <String CONTENT="היובל מן ת&#39;ל&#39; אם אחר היובל יקדיש"
                    HPOS="603.0"
                    VPOS="4688.0"
                    WIDTH="1454.0"
                    HEIGHT="172.0"></String>
          </TextLine>

          
          
          <TextLine ID="eSc_line_1360016"
                    
                    BASELINE="603 4903 2063 4898" 
                    HPOS="597.0"
                    VPOS="4811.0"
                    WIDTH="1460.0"
                    HEIGHT="183.0">
            <Shape><Polygon POINTS="597 4898 657 4833 705 4822 818 4849 905 4822 958 4849 1136 4838 1169 4811 1255 4849 1384 4828 1449 4865 1535 4833 1605 4860 2041 4833 2057 4892 2041 4984 1923 4978 1896 4951 1863 4978 1788 4984 1745 4941 1702 4984 1443 4994 1239 4984 1174 4951 1098 4984 996 4984 958 4946 931 4973 802 4973 748 4941 662 4957 603 4898"/></Shape>
	    <String CONTENT="שדהו שדהו מה ת&#39;ל&#39; מנין אתה או&#39;"
                    HPOS="597.0"
                    VPOS="4811.0"
                    WIDTH="1460.0"
                    HEIGHT="183.0"></String>
          </TextLine>

          
          
          <TextLine ID="eSc_line_1360004"
                    
                    BASELINE="646 5016 2079 5027" 
                    HPOS="641.0"
                    VPOS="4978.0"
                    WIDTH="1433.0"
                    HEIGHT="119.0">
            <Shape><Polygon POINTS="641 5011 668 4978 2052 4984 2074 5021 2041 5081 1847 5091 1713 5075 1686 5097 1362 5097 1104 5070 899 5091 646 5070"/></Shape>
	    <String CONTENT="היו שם נקעים פחותים מעשרה"
                    HPOS="641.0"
                    VPOS="4978.0"
                    WIDTH="1433.0"
                    HEIGHT="119.0"></String>
          </TextLine>

          
        </TextBlock>
        

        
      </PrintSpace>
    </Page>
  </Layout>
</alto>
