<?xml version="1.0" encoding="UTF-8"?>
<alto xmlns:xsi="http://www.w3.org/2001/XMLSchema-instance"
      xmlns="http://www.loc.gov/standards/alto/ns-v4#"
      xsi:schemaLocation="http://www.loc.gov/standards/alto/ns-v4# http://www.loc.gov/standards/alto/v4/alto-4-2.xsd">
  <Description>
    <MeasurementUnit>pixel</MeasurementUnit>
    <sourceImageInformation>
      <fileName>oulis2017-aya-0866-0.jpg</fileName>
      
    </sourceImageInformation>
  </Description>
  
  <Tags>
    <OtherTag ID="BT1164" LABEL="Hole" DESCRIPTION="block type Hole"/><OtherTag ID="BT2" LABEL="Main" DESCRIPTION="block type Main"/><OtherTag ID="BT3" LABEL="Commentary" DESCRIPTION="block type Commentary"/><OtherTag ID="BT4" LABEL="Illustration" DESCRIPTION="block type Illustration"/><OtherTag ID="BT218" LABEL="Margin" DESCRIPTION="block type Margin"/><OtherTag ID="BT219" LABEL="Paratext" DESCRIPTION="block type Paratext"/>
    <OtherTag ID="LT2" LABEL="Numbering" DESCRIPTION="line type Numbering"/><OtherTag ID="LT3" LABEL="Correction" DESCRIPTION="line type Correction"/><OtherTag ID="LT481" LABEL="Gloss" DESCRIPTION="line type Gloss"/>
  </Tags>
  
  <Layout>
    <Page WIDTH="5398"
          HEIGHT="6459"
          PHYSICAL_IMG_NR="853"
          ID="eSc_dummypage_">
      <PrintSpace HPOS="0"
                  VPOS="0"
                  WIDTH="5398"
                  HEIGHT="6459">
        
        <TextBlock HPOS="2403.0"
                   VPOS="808.0"
                   WIDTH="1694.0"
                   HEIGHT="4192.0"
                   ID="eSc_textblock_18520"
                   TAGREFS="BT2">
          <Shape><Polygon POINTS="2403 808 2403 5000 4097 5000 3998 808"/></Shape>
          
          
          <TextLine ID="eSc_line_1377050"
                    
                    BASELINE="2418 920 3964 904" 
                    HPOS="2413.0"
                    VPOS="818.0"
                    WIDTH="1546.0"
                    HEIGHT="161.0">
            <Shape><Polygon POINTS="2413 915 2418 845 2478 855 2499 834 2537 855 2585 828 2752 855 2844 834 3081 850 3108 828 3135 850 3205 828 3334 850 3437 818 3943 845 3959 898 3943 968 3641 968 3609 947 3517 968 3480 941 3404 968 3329 947 3302 974 3086 974 3016 947 2903 952 2876 979 2812 958 2758 979 2725 952 2623 974 2575 952 2510 979 2418 952"/></Shape>
	    <String CONTENT="כמטר הזה (ש)בא מן הדרום שכולו [לש/]"
                    HPOS="2413.0"
                    VPOS="818.0"
                    WIDTH="1546.0"
                    HEIGHT="161.0"></String>
          </TextLine>

          
          
          <TextLine ID="eSc_line_1377144"
                    
                    BASELINE="2397 1033 3997 1022" 
                    HPOS="2391.0"
                    VPOS="941.0"
                    WIDTH="1600.0"
                    HEIGHT="183.0">
            <Shape><Polygon POINTS="2391 1028 2397 968 2467 952 2558 990 2623 979 2661 941 2693 974 2731 952 2833 1001 2941 963 3081 995 3183 968 3291 979 3329 941 3367 974 3442 952 3463 974 3598 984 3814 984 3868 958 3991 1017 3878 1108 3830 1092 3593 1114 3313 1076 3129 1124 3103 1098 2941 1103 2903 1076 2860 1108 2790 1108 2736 1071 2639 1103 2558 1103 2521 1076 2440 1119 2397 1098"/></Shape>
	    <String CONTENT="לשדפון כולו לירקון כולו לקללה ﭏא"
                    HPOS="2391.0"
                    VPOS="941.0"
                    WIDTH="1600.0"
                    HEIGHT="183.0"></String>
          </TextLine>

          
          
          <TextLine ID="eSc_line_1377146"
                    
                    BASELINE="2391 1162 3975 1157" 
                    HPOS="2386.0"
                    VPOS="1081.0"
                    WIDTH="1584.0"
                    HEIGHT="156.0">
            <Shape><Polygon POINTS="2386 1157 2440 1146 2505 1081 2596 1114 2661 1092 3103 1098 3129 1119 3232 1098 3841 1103 3970 1151 3911 1227 3674 1205 3593 1232 3463 1211 3388 1237 3113 1232 3092 1211 2930 1211 2903 1237 2822 1216 2472 1232 2397 1157"/></Shape>
	    <String CONTENT="כמטר הזה שבא מן המערב שכולו"
                    HPOS="2386.0"
                    VPOS="1081.0"
                    WIDTH="1584.0"
                    HEIGHT="156.0"></String>
          </TextLine>

          
          
          <TextLine ID="eSc_line_1377136"
                    
                    BASELINE="2445 1297 3948 1286" 
                    HPOS="2440.0"
                    VPOS="1216.0"
                    WIDTH="1503.0"
                    HEIGHT="156.0">
            <Shape><Polygon POINTS="2440 1291 2494 1221 2715 1237 2742 1216 2866 1248 2930 1221 3016 1248 3081 1221 3124 1243 3420 1216 3463 1237 3873 1216 3927 1221 3943 1281 3900 1340 3749 1361 3431 1351 3393 1318 3361 1345 3183 1361 3086 1334 2973 1372 2925 1329 2882 1367 2747 1340 2699 1367 2612 1367 2526 1356 2445 1307"/></Shape>
	    <String CONTENT="לברכה היה ר&#39; סימאי או&#39; מנ&#39; את&#39; או&#39;"
                    HPOS="2440.0"
                    VPOS="1216.0"
                    WIDTH="1503.0"
                    HEIGHT="156.0"></String>
          </TextLine>

          
          
          <TextLine ID="eSc_line_1377094"
                    
                    BASELINE="2413 1410 3997 1399" 
                    HPOS="2408.0"
                    VPOS="1329.0"
                    WIDTH="1583.0"
                    HEIGHT="167.0">
            <Shape><Polygon POINTS="2408 1404 2413 1329 2607 1367 2704 1367 2725 1345 2887 1367 2925 1329 2968 1372 3253 1345 3630 1345 3744 1367 3889 1340 3991 1394 3873 1485 3620 1485 3571 1458 3534 1480 3458 1464 3329 1485 3259 1453 3173 1485 2968 1469 2812 1490 2693 1447 2623 1490 2510 1474 2440 1496 2413 1469"/></Shape>
	    <String CONTENT="שכשם שהעיד משה לישר&#39; שמים"
                    HPOS="2408.0"
                    VPOS="1329.0"
                    WIDTH="1583.0"
                    HEIGHT="167.0"></String>
          </TextLine>

          
          
          <TextLine ID="eSc_line_1377060"
                    
                    BASELINE="2435 1539 3954 1539" 
                    HPOS="2429.0"
                    VPOS="1469.0"
                    WIDTH="1519.0"
                    HEIGHT="156.0">
            <Shape><Polygon POINTS="2429 1534 2494 1490 2639 1496 2682 1469 2704 1490 3140 1480 3205 1507 3280 1474 3900 1474 3948 1534 3927 1603 3690 1614 3657 1593 3609 1625 3550 1593 3361 1620 3307 1587 3140 1625 3086 1587 3000 1620 2930 1598 2860 1625 2785 1625 2742 1598 2505 1614 2440 1550"/></Shape>
	    <String CONTENT="וארץ כך העיד להן ארבע רוחות"
                    HPOS="2429.0"
                    VPOS="1469.0"
                    WIDTH="1519.0"
                    HEIGHT="156.0"></String>
          </TextLine>

          
          
          <TextLine ID="eSc_line_1377126"
                    
                    BASELINE="2391 1673 3997 1663" 
                    HPOS="2386.0"
                    VPOS="1587.0"
                    WIDTH="1605.0"
                    HEIGHT="162.0">
            <Shape><Polygon POINTS="2386 1668 2472 1609 2731 1598 2779 1625 2860 1625 3092 1598 3140 1625 3286 1587 3367 1620 3431 1593 3544 1593 3582 1625 3652 1598 3803 1620 3900 1603 3959 1657 3991 1657 3932 1738 3830 1749 3426 1738 3399 1711 3307 1743 2952 1738 2914 1700 2855 1743 2720 1700 2666 1733 2510 1738 2413 1668"/></Shape>
	    <String CONTENT="השמים שנ&#39; יערף כמטר לקחי זו רוח"
                    HPOS="2386.0"
                    VPOS="1587.0"
                    WIDTH="1605.0"
                    HEIGHT="162.0"></String>
          </TextLine>

          
          
          <TextLine ID="eSc_line_1377158"
                    
                    BASELINE="2418 1803 2839 1786 3954 1803" 
                    HPOS="2413.0"
                    VPOS="1700.0"
                    WIDTH="1535.0"
                    HEIGHT="178.0">
            <Shape><Polygon POINTS="2413 1797 2435 1711 2515 1743 2645 1743 2704 1711 2855 1743 2903 1700 2946 1738 3280 1749 3388 1722 3420 1743 3582 1749 3911 1733 3948 1797 3916 1862 3862 1840 3787 1867 3674 1856 3652 1878 3485 1867 3442 1840 3388 1867 3302 1867 3259 1840 3221 1867 3065 1867 3043 1846 2822 1873 2682 1867 2650 1846 2628 1867 2542 1867 2505 1840 2451 1856 2418 1824"/></Shape>
	    <String CONTENT="מערבית שהוא עורפו של עולם שכולו"
                    HPOS="2413.0"
                    VPOS="1700.0"
                    WIDTH="1535.0"
                    HEIGHT="178.0"></String>
          </TextLine>

          
          
          <TextLine ID="eSc_line_1377166"
                    
                    BASELINE="2435 1916 3954 1916" 
                    HPOS="2429.0"
                    VPOS="1840.0"
                    WIDTH="1519.0"
                    HEIGHT="167.0">
            <Shape><Polygon POINTS="2429 1910 2472 1905 2521 1856 3221 1878 3253 1846 3399 1873 3442 1840 3614 1889 3878 1846 3938 1878 3948 1910 3938 1975 3894 1991 3695 1996 3630 1964 3598 1996 3431 1969 3393 2002 3259 1975 3194 2002 2968 2002 2914 1980 2795 2002 2682 1986 2655 2007 2596 1964 2548 2002 2440 1916"/></Shape>
	    <String CONTENT="לברכה ˙ תזל כטל אמרתי ˙ זה רוח"
                    HPOS="2429.0"
                    VPOS="1840.0"
                    WIDTH="1519.0"
                    HEIGHT="167.0"></String>
          </TextLine>

          
          
          <TextLine ID="eSc_line_1377112"
                    
                    BASELINE="2435 2061 3991 2050" 
                    HPOS="2429.0"
                    VPOS="1969.0"
                    WIDTH="1557.0"
                    HEIGHT="162.0">
            <Shape><Polygon POINTS="2429 2056 2521 1991 2607 1986 2639 2007 2693 1986 2774 2007 3016 1986 3194 2007 3253 1986 3399 1996 3426 1969 3447 1991 3587 2002 3916 1986 3970 2002 3986 2045 3970 2093 3943 2083 3889 2131 3663 2131 3587 2104 3410 2126 3183 2109 3124 2131 3092 2109 3059 2131 2892 2109 2742 2131 2666 2126 2639 2099 2602 2131 2531 2131 2435 2056"/></Shape>
	    <String CONTENT="צפונית שעושה את הרוח נהייה"
                    HPOS="2429.0"
                    VPOS="1969.0"
                    WIDTH="1557.0"
                    HEIGHT="162.0"></String>
          </TextLine>

          
          
          <TextLine ID="eSc_line_1377096"
                    
                    BASELINE="2456 2190 3954 2174" 
                    HPOS="2451.0"
                    VPOS="2104.0"
                    WIDTH="1497.0"
                    HEIGHT="151.0">
            <Shape><Polygon POINTS="2451 2185 2494 2131 2849 2136 2876 2115 3059 2126 3081 2104 3221 2131 3415 2131 3463 2109 3684 2136 3921 2131 3948 2169 3927 2244 3808 2255 3717 2249 3679 2217 3544 2244 3501 2222 3442 2249 3345 2228 3286 2255 3232 2228 3146 2255 3086 2228 2930 2255 2542 2233 2505 2249 2456 2201"/></Shape>
	    <String CONTENT="כזהב ˙ כשעירים עלי דשא זה רוח"
                    HPOS="2451.0"
                    VPOS="2104.0"
                    WIDTH="1497.0"
                    HEIGHT="151.0"></String>
          </TextLine>

          
          
          <TextLine ID="eSc_line_1377148"
                    
                    BASELINE="2456 2298 3997 2292" 
                    HPOS="2451.0"
                    VPOS="2233.0"
                    WIDTH="1540.0"
                    HEIGHT="140.0">
            <Shape><Polygon POINTS="2451 2292 2531 2233 2569 2260 3663 2239 3927 2249 3991 2287 3932 2373 3593 2373 3566 2352 3496 2373 3205 2352 3097 2373 3043 2346 2952 2373 2769 2373 2725 2346 2661 2373 2526 2373 2456 2309"/></Shape>
	    <String CONTENT="מזרחית שמשחרת את הרקיע [כש&#39;]"
                    HPOS="2451.0"
                    VPOS="2233.0"
                    WIDTH="1540.0"
                    HEIGHT="140.0"></String>
          </TextLine>

          
          
          <TextLine ID="eSc_line_1377128"
                    
                    BASELINE="2435 2427 3975 2416" 
                    HPOS="2429.0"
                    VPOS="2352.0"
                    WIDTH="1541.0"
                    HEIGHT="150.0">
            <Shape><Polygon POINTS="2429 2422 2494 2368 2957 2379 3038 2352 3086 2379 3550 2352 3598 2379 3851 2368 3927 2373 3970 2411 3954 2481 3927 2497 3711 2497 3571 2443 3517 2481 3167 2470 3124 2502 2736 2475 2505 2492 2435 2422"/></Shape>
	    <String CONTENT="כשעיר ˙ וכרביבים על עשב זה רוח"
                    HPOS="2429.0"
                    VPOS="2352.0"
                    WIDTH="1541.0"
                    HEIGHT="150.0"></String>
          </TextLine>

          
          
          <TextLine ID="eSc_line_1377160"
                    
                    BASELINE="2418 2540 3975 2540" 
                    HPOS="2413.0"
                    VPOS="2475.0"
                    WIDTH="1557.0"
                    HEIGHT="162.0">
            <Shape><Polygon POINTS="2413 2535 2488 2492 3129 2502 3167 2475 3959 2492 3970 2535 3948 2637 3900 2605 3625 2621 3587 2594 3356 2621 2763 2599 2715 2626 2666 2594 2510 2632 2424 2567"/></Shape>
	    <String CONTENT="דרומית שמארגת את הרקיע כרביב ˙"
                    HPOS="2413.0"
                    VPOS="2475.0"
                    WIDTH="1557.0"
                    HEIGHT="162.0"></String>
          </TextLine>

          
          
          <TextLine ID="eSc_line_1377114"
                    
                    BASELINE="2478 2685 3954 2669" 
                    HPOS="2472.0"
                    VPOS="2588.0"
                    WIDTH="1476.0"
                    HEIGHT="167.0">
            <Shape><Polygon POINTS="2472 2680 2521 2621 2602 2648 2661 2588 2704 2626 2752 2605 3151 2605 3210 2626 3587 2605 3749 2626 3830 2599 3948 2664 3905 2734 3835 2745 3690 2718 3544 2750 3507 2712 3367 2750 3237 2718 3178 2745 3033 2723 2936 2745 2887 2718 2817 2755 2758 2723 2661 2750 2521 2750 2478 2728"/></Shape>
	    <String CONTENT="ד&#39;א&#39; יערך היה ר&#39; סימאי או&#39; לא"
                    HPOS="2472.0"
                    VPOS="2588.0"
                    WIDTH="1476.0"
                    HEIGHT="167.0"></String>
          </TextLine>

          
          
          <TextLine ID="eSc_line_1377116"
                    
                    BASELINE="2418 2815 3997 2798" 
                    HPOS="2413.0"
                    VPOS="2718.0"
                    WIDTH="1578.0"
                    HEIGHT="172.0">
            <Shape><Polygon POINTS="2413 2809 2478 2755 2699 2755 2736 2723 2790 2755 2892 2766 2973 2723 3151 2750 3221 2728 3248 2750 3690 2734 3717 2755 3938 2718 3991 2793 3938 2874 3560 2858 3410 2879 3377 2858 3081 2879 2925 2841 2833 2885 2709 2890 2521 2879 2435 2809"/></Shape>
	    <String CONTENT="נאמ&#39; ארבע רוחות הללו אלא כנגד"
                    HPOS="2413.0"
                    VPOS="2718.0"
                    WIDTH="1578.0"
                    HEIGHT="172.0"></String>
          </TextLine>

          
          
          <TextLine ID="eSc_line_1377150"
                    
                    BASELINE="2413 2944 4018 2922" 
                    HPOS="2408.0"
                    VPOS="2847.0"
                    WIDTH="1605.0"
                    HEIGHT="167.0">
            <Shape><Polygon POINTS="2408 2938 2488 2874 2704 2895 2925 2847 3006 2863 3054 2911 3124 2868 3162 2885 3383 2858 3426 2885 3964 2874 4013 2917 3943 2998 3695 2998 3647 2971 3485 3008 3372 2981 3140 3003 3065 2981 2887 3008 2844 2992 2467 3014 2418 2965"/></Shape>
	    <String CONTENT="ארבע רוחות השמים ˙ צפונית בימות"
                    HPOS="2408.0"
                    VPOS="2847.0"
                    WIDTH="1605.0"
                    HEIGHT="167.0"></String>
          </TextLine>

          
          
          <TextLine ID="eSc_line_1377118"
                    
                    BASELINE="2435 3073 3997 3046" 
                    HPOS="2429.0"
                    VPOS="2981.0"
                    WIDTH="1562.0"
                    HEIGHT="167.0">
            <Shape><Polygon POINTS="2429 3068 2499 3003 2596 3019 2769 2992 2887 3014 3065 2981 3146 3019 3178 2992 3275 2987 3313 3008 3361 2981 3523 3008 3598 3008 3620 2987 3641 3008 3932 2998 3991 3041 3981 3089 3927 3121 3722 3105 3593 3137 3442 3111 3340 3137 2742 3121 2693 3148 2650 3127 2521 3143 2445 3068"/></Shape>
	    <String CONTENT="החמה יפה ובימות הגשמים קשה"
                    HPOS="2429.0"
                    VPOS="2981.0"
                    WIDTH="1562.0"
                    HEIGHT="167.0"></String>
          </TextLine>

          
          
          <TextLine ID="eSc_line_1377120"
                    
                    BASELINE="2440 3202 3986 3181" 
                    HPOS="2435.0"
                    VPOS="3111.0"
                    WIDTH="1546.0"
                    HEIGHT="166.0">
            <Shape><Polygon POINTS="2435 3197 2440 3175 2483 3181 2564 3132 2812 3148 2968 3127 3043 3148 3210 3127 3388 3137 3442 3116 3582 3137 3717 3111 3959 3127 3981 3175 3932 3234 3889 3245 3404 3251 3340 3277 3243 3240 3011 3272 2930 3261 2892 3229 2849 3261 2742 3240 2682 3267 2580 3245 2515 3261 2451 3197"/></Shape>
	    <String CONTENT="דרומית בימות החמה קשה ובימות"
                    HPOS="2435.0"
                    VPOS="3111.0"
                    WIDTH="1546.0"
                    HEIGHT="166.0"></String>
          </TextLine>

          
          
          <TextLine ID="eSc_line_1377168"
                    
                    BASELINE="2456 3321 4008 3294" 
                    HPOS="2451.0"
                    VPOS="3229.0"
                    WIDTH="1551.0"
                    HEIGHT="194.0">
            <Shape><Polygon POINTS="2451 3315 2456 3294 2580 3251 2672 3272 2720 3240 2849 3261 2882 3229 2925 3267 3210 3251 3302 3261 3340 3294 3415 3245 3566 3261 3927 3240 4002 3288 3900 3374 3587 3380 3544 3353 3447 3385 3356 3342 3291 3385 3146 3358 2989 3390 2887 3364 2822 3390 2655 3380 2618 3401 2515 3380 2461 3423"/></Shape>
	    <String CONTENT="הגשמים יפה ˙ מזרחית לעולם יפה"
                    HPOS="2451.0"
                    VPOS="3229.0"
                    WIDTH="1551.0"
                    HEIGHT="194.0"></String>
          </TextLine>

          
          
          <TextLine ID="eSc_line_1377098"
                    
                    BASELINE="2483 3450 3997 3423" 
                    HPOS="2478.0"
                    VPOS="3342.0"
                    WIDTH="1513.0"
                    HEIGHT="183.0">
            <Shape><Polygon POINTS="2478 3444 2521 3385 2628 3401 2887 3374 2995 3390 3022 3417 3135 3369 3323 3385 3383 3342 3442 3385 3496 3385 3544 3353 3593 3385 3684 3364 3927 3369 3991 3417 3981 3477 3932 3509 3550 3514 3523 3487 3248 3520 3146 3493 3097 3509 3016 3477 2957 3520 2779 3514 2736 3487 2628 3525 2537 3514 2483 3466"/></Shape>
	    <String CONTENT="מערבית לעולם קשה ˙ צפונית יפה"
                    HPOS="2478.0"
                    VPOS="3342.0"
                    WIDTH="1513.0"
                    HEIGHT="183.0"></String>
          </TextLine>

          
          
          <TextLine ID="eSc_line_1377100"
                    
                    BASELINE="2505 3568 4029 3552" 
                    HPOS="2499.0"
                    VPOS="3482.0"
                    WIDTH="1525.0"
                    HEIGHT="167.0">
            <Shape><Polygon POINTS="2499 3563 2531 3514 2618 3525 2736 3487 2774 3520 2892 3525 2973 3514 3011 3482 3253 3520 3480 3514 3517 3493 3652 3520 3959 3504 4024 3547 3938 3622 3722 3627 3620 3606 3593 3627 3383 3633 3340 3606 3291 3638 3022 3627 2936 3649 2898 3617 2785 3643 2693 3611 2639 3638 2548 3617 2505 3643"/></Shape>
	    <String CONTENT="לזיתים בשעה שמכניסין שליש [/]"
                    HPOS="2499.0"
                    VPOS="3482.0"
                    WIDTH="1525.0"
                    HEIGHT="167.0"></String>
          </TextLine>

          
          
          <TextLine ID="eSc_line_1377102"
                    
                    BASELINE="2521 3681 4018 3676" 
                    HPOS="2515.0"
                    VPOS="3611.0"
                    WIDTH="1498.0"
                    HEIGHT="156.0">
            <Shape><Polygon POINTS="2515 3676 2548 3617 2639 3643 2693 3617 2785 3643 2871 3617 2930 3643 3270 3643 3340 3611 3420 3638 3598 3633 3625 3611 3647 3633 3954 3622 4013 3670 3959 3740 3900 3746 3523 3724 3490 3746 3437 3735 3404 3767 3356 3719 3318 3751 3183 3740 3119 3762 3038 3735 2979 3756 2521 3746"/></Shape>
	    <String CONTENT="וקשה לחיטין בשעת שחונטין [ד/]"
                    HPOS="2515.0"
                    VPOS="3611.0"
                    WIDTH="1498.0"
                    HEIGHT="156.0"></String>
          </TextLine>

          
          
          <TextLine ID="eSc_line_1377130"
                    
                    BASELINE="2435 3800 4040 3789" 
                    HPOS="2429.0"
                    VPOS="3713.0"
                    WIDTH="1606.0"
                    HEIGHT="189.0">
            <Shape><Polygon POINTS="2429 3794 2451 3756 2510 3746 3043 3746 3119 3767 3323 3746 3356 3713 3404 3762 3442 3730 3927 3735 3981 3740 4035 3783 3964 3859 3932 3837 3911 3859 3824 3837 3797 3864 3447 3864 3399 3826 3329 3864 3302 3848 3167 3875 2531 3864 2483 3902 2440 3864"/></Shape>
	    <String CONTENT="דרומית קשה לזיתים בשעה שמכניסין"
                    HPOS="2429.0"
                    VPOS="3713.0"
                    WIDTH="1606.0"
                    HEIGHT="189.0"></String>
          </TextLine>

          
          
          <TextLine ID="eSc_line_1377170"
                    
                    BASELINE="2499 3923 3997 3896" 
                    HPOS="2494.0"
                    VPOS="3826.0"
                    WIDTH="1497.0"
                    HEIGHT="173.0">
            <Shape><Polygon POINTS="2494 3918 2515 3870 3334 3870 3393 3826 3442 3864 3803 3864 3824 3843 3954 3859 3991 3891 3975 3983 3894 3983 3792 3945 3749 3972 3534 3988 3447 3961 3350 3983 3307 3950 3275 3983 3232 3966 3205 3988 2892 3993 2828 3966 2769 3999 2553 3999 2499 3950"/></Shape>
	    <String CONTENT="שליש ויפה לחיטים בשעה שחונטן"
                    HPOS="2494.0"
                    VPOS="3826.0"
                    WIDTH="1497.0"
                    HEIGHT="173.0"></String>
          </TextLine>

          
          
          <TextLine ID="eSc_line_1377049"
                    
                    BASELINE="2483 4053 4035 4026" 
                    HPOS="2478.0"
                    VPOS="3950.0"
                    WIDTH="1551.0"
                    HEIGHT="167.0">
            <Shape><Polygon POINTS="2478 4047 2483 3950 2548 3999 2779 3999 2822 3972 2930 3999 3253 3993 3307 3950 3356 3988 3851 3961 4029 4020 3964 4101 3835 4069 3641 4112 3560 4112 3539 4090 3027 4117 2909 4096 2855 4117 2806 4096 2769 4117 2709 4117 2682 4090 2645 4117 2488 4101"/></Shape>
	    <String CONTENT="ודרומית קשה לזיתים בשעת שמכני&#39;"
                    HPOS="2478.0"
                    VPOS="3950.0"
                    WIDTH="1551.0"
                    HEIGHT="167.0"></String>
          </TextLine>

          
          
          <TextLine ID="eSc_line_1377057"
                    
                    BASELINE="2435 4171 4018 4144" 
                    HPOS="2429.0"
                    VPOS="4069.0"
                    WIDTH="1584.0"
                    HEIGHT="183.0">
            <Shape><Polygon POINTS="2429 4166 2494 4106 2639 4117 2672 4090 2704 4117 2801 4096 2822 4117 2936 4122 3070 4101 3221 4117 3248 4090 3291 4112 3641 4112 3690 4090 3760 4101 3803 4069 3970 4106 4013 4139 3927 4225 3797 4198 3695 4230 3636 4214 3534 4236 3496 4209 3329 4230 3243 4203 3216 4225 2909 4241 2569 4219 2505 4252 2435 4187"/></Shape>
	    <String CONTENT="שליש וכן היה ר&#39; סימאי או&#39; כל בריות"
                    HPOS="2429.0"
                    VPOS="4069.0"
                    WIDTH="1584.0"
                    HEIGHT="183.0"></String>
          </TextLine>

          
          
          <TextLine ID="eSc_line_1377062"
                    
                    BASELINE="2553 4279 4013 4279" 
                    HPOS="2548.0"
                    VPOS="4214.0"
                    WIDTH="1460.0"
                    HEIGHT="156.0">
            <Shape><Polygon POINTS="2548 4273 2580 4230 2682 4219 2833 4246 3232 4219 3695 4236 3792 4214 3954 4225 4008 4273 3959 4338 3900 4354 3776 4354 3717 4327 3507 4365 3367 4327 3334 4349 2855 4365 2822 4343 2618 4370 2558 4311"/></Shape>
	    <String CONTENT="שנבראו מן השמים נפשן וגופן"
                    HPOS="2548.0"
                    VPOS="4214.0"
                    WIDTH="1460.0"
                    HEIGHT="156.0"></String>
          </TextLine>

          
          
          <TextLine ID="eSc_line_1377064"
                    
                    BASELINE="2548 4402 4029 4402" 
                    HPOS="2542.0"
                    VPOS="4327.0"
                    WIDTH="1482.0"
                    HEIGHT="162.0">
            <Shape><Polygon POINTS="2542 4397 2558 4343 2623 4375 2758 4375 2790 4354 3323 4359 3372 4327 3490 4370 3582 4343 3954 4349 4024 4397 3975 4472 3911 4478 3415 4478 3388 4456 3307 4478 3264 4456 3178 4483 3113 4462 3000 4489 2914 4462 2779 4462 2650 4489 2607 4451 2553 4478"/></Shape>
	    <String CONTENT="מן השמים וכל בריות שנבראו מן [/]"
                    HPOS="2542.0"
                    VPOS="4327.0"
                    WIDTH="1482.0"
                    HEIGHT="162.0"></String>
          </TextLine>

          
          
          <TextLine ID="eSc_line_1377053"
                    
                    BASELINE="2526 4537 4013 4510" 
                    HPOS="2521.0"
                    VPOS="4462.0"
                    WIDTH="1487.0"
                    HEIGHT="156.0">
            <Shape><Polygon POINTS="2521 4532 2526 4467 2580 4483 2602 4462 2655 4489 2903 4462 2952 4489 3108 4467 3173 4483 3835 4462 3959 4472 4008 4505 3964 4575 3760 4569 3706 4607 3668 4580 3232 4607 3183 4580 3108 4612 3043 4591 2968 4612 2866 4602 2828 4575 2785 4618 2742 4585 2526 4602"/></Shape>
	    <String CONTENT="הארץ נפשן וגופן מן הארץ מן [/]"
                    HPOS="2521.0"
                    VPOS="4462.0"
                    WIDTH="1487.0"
                    HEIGHT="156.0"></String>
          </TextLine>

          
          
          <TextLine ID="eSc_line_1377054"
                    
                    BASELINE="2531 4661 4040 4634" 
                    HPOS="2526.0"
                    VPOS="4575.0"
                    WIDTH="1509.0"
                    HEIGHT="166.0">
            <Shape><Polygon POINTS="2526 4655 2542 4602 2742 4591 2790 4618 2822 4585 2973 4612 3038 4596 3108 4623 3183 4591 3663 4591 3684 4612 3846 4575 3970 4585 4035 4628 3959 4704 3781 4682 3727 4709 3507 4715 3474 4693 3415 4725 3275 4725 3221 4693 3194 4720 3129 4709 3033 4741 2968 4715 2742 4731 2537 4709"/></Shape>
	    <String CONTENT="האדם הזה שנפשו מן השמים"
                    HPOS="2526.0"
                    VPOS="4575.0"
                    WIDTH="1509.0"
                    HEIGHT="166.0"></String>
          </TextLine>

          
          
          <TextLine ID="eSc_line_1377058"
                    
                    BASELINE="2483 4768 4035 4747" 
                    HPOS="2478.0"
                    VPOS="4688.0"
                    WIDTH="1551.0"
                    HEIGHT="172.0">
            <Shape><Polygon POINTS="2478 4763 2526 4720 2995 4720 3022 4741 3194 4725 3216 4704 3539 4720 3776 4688 3819 4709 3938 4704 3981 4741 4029 4741 4013 4795 3921 4838 3749 4828 3717 4795 3630 4844 3577 4822 3463 4844 3372 4828 3334 4860 3270 4817 3086 4860 3033 4817 2930 4849 2769 4849 2742 4828 2666 4849 2526 4844 2483 4801"/></Shape>
	    <String CONTENT="וגופו מן הארץ לפיכך עשה אדם"
                    HPOS="2478.0"
                    VPOS="4688.0"
                    WIDTH="1551.0"
                    HEIGHT="172.0"></String>
          </TextLine>

          
          
          <TextLine ID="eSc_line_1377051"
                    
                    BASELINE="2478 4898 4018 4876" 
                    HPOS="2472.0"
                    VPOS="4833.0"
                    WIDTH="1541.0"
                    HEIGHT="145.0">
            <Shape><Polygon POINTS="2472 4892 2478 4865 2569 4844 2704 4865 2801 4844 2844 4865 2941 4838 2968 4860 3011 4838 3146 4860 3275 4833 3296 4855 3754 4833 3997 4849 4013 4871 3997 4935 3943 4962 3841 4962 3797 4935 3625 4935 3469 4968 3334 4941 3237 4973 3059 4957 2849 4978 2774 4951 2699 4973 2655 4951 2553 4973 2478 4951"/></Shape>
	    <String CONTENT="תורה ועשה רצון אבין שבשמים"
                    HPOS="2472.0"
                    VPOS="4833.0"
                    WIDTH="1541.0"
                    HEIGHT="145.0"></String>
          </TextLine>

          
        </TextBlock>
        
        <TextBlock HPOS="561.0"
                   VPOS="882.0"
                   WIDTH="1731.0"
                   HEIGHT="4118.0"
                   ID="eSc_textblock_18522"
                   TAGREFS="BT2">
          <Shape><Polygon POINTS="561 882 660 5000 2292 5000 2205 882"/></Shape>
          
          
          <TextLine ID="eSc_line_1377142"
                    
                    BASELINE="581 963 2187 925" 
                    HPOS="576.0"
                    VPOS="882.0"
                    WIDTH="1605.0"
                    HEIGHT="151.0">
            <Shape><Polygon POINTS="576 958 581 920 1028 882 1055 904 1082 882 1309 882 1330 904 1395 882 2165 888 2181 920 2171 968 2133 979 1890 979 1863 1006 1670 1011 1637 979 1583 979 1406 995 1379 1017 1314 984 1233 1022 1152 1022 1104 990 1028 1028 931 995 856 1028 813 1006 668 1033 587 1001"/></Shape>
	    <String CONTENT="הרי הוא כבריות של מעלן אני אמרתי"
                    HPOS="576.0"
                    VPOS="882.0"
                    WIDTH="1605.0"
                    HEIGHT="151.0"></String>
          </TextLine>

          
          
          <TextLine ID="eSc_line_1377156"
                    
                    BASELINE="560 1087 2192 1044" 
                    HPOS="554.0"
                    VPOS="974.0"
                    WIDTH="1633.0"
                    HEIGHT="183.0">
            <Shape><Polygon POINTS="554 1081 635 1028 867 1033 931 995 969 1022 1055 1028 1115 990 1152 1022 1287 1017 1309 995 1734 1017 1939 1006 1966 984 2020 1006 2052 974 2090 979 2149 1038 2187 1038 2106 1124 1880 1130 1799 1098 1772 1130 1632 1119 1271 1151 1201 1130 651 1157 565 1087"/></Shape>
	    <String CONTENT="ﭏהים אתם ובני עליון כלכם לא עשה"
                    HPOS="554.0"
                    VPOS="974.0"
                    WIDTH="1633.0"
                    HEIGHT="183.0"></String>
          </TextLine>

          
          
          <TextLine ID="eSc_line_1377134"
                    
                    BASELINE="614 1205 2203 1173" 
                    HPOS="608.0"
                    VPOS="1103.0"
                    WIDTH="1589.0"
                    HEIGHT="183.0">
            <Shape><Polygon POINTS="608 1200 651 1151 1670 1135 1767 1130 1793 1103 1874 1135 2111 1124 2154 1168 2197 1168 2068 1254 2004 1232 1626 1232 1556 1264 1486 1243 1357 1270 1217 1248 1115 1275 921 1259 813 1281 743 1259 673 1286 614 1232"/></Shape>
	    <String CONTENT="תורה ולא רצון אביו שבשמים אכן"
                    HPOS="608.0"
                    VPOS="1103.0"
                    WIDTH="1589.0"
                    HEIGHT="183.0"></String>
          </TextLine>

          
          
          <TextLine ID="eSc_line_1377092"
                    
                    BASELINE="603 1329 2171 1307" 
                    HPOS="597.0"
                    VPOS="1237.0"
                    WIDTH="1568.0"
                    HEIGHT="189.0">
            <Shape><Polygon POINTS="597 1324 614 1275 689 1286 738 1259 802 1281 1179 1281 1222 1254 1362 1270 1837 1237 2106 1243 2165 1302 2122 1367 2068 1345 2009 1383 1944 1351 1723 1383 1583 1383 1556 1356 1486 1383 1443 1361 1303 1388 1201 1367 942 1399 727 1377 641 1426 603 1394"/></Shape>
	    <String CONTENT="כאדם תמותון כך היה ר&#39; סימאי או&#39; אין"
                    HPOS="597.0"
                    VPOS="1237.0"
                    WIDTH="1568.0"
                    HEIGHT="189.0"></String>
          </TextLine>

          
          
          <TextLine ID="eSc_line_1377164"
                    
                    BASELINE="608 1458 2192 1410" 
                    HPOS="603.0"
                    VPOS="1340.0"
                    WIDTH="1584.0"
                    HEIGHT="183.0">
            <Shape><Polygon POINTS="603 1453 678 1394 727 1388 1287 1394 1330 1372 1476 1388 1556 1361 1578 1383 1944 1367 2004 1388 2063 1340 2149 1404 2187 1404 2117 1490 2057 1496 2009 1458 1960 1507 1896 1480 1750 1501 1702 1464 1659 1501 1551 1490 1481 1512 1341 1496 1292 1517 1228 1496 1195 1517 1136 1496 1077 1523 689 1523 608 1453"/></Shape>
	    <String CONTENT="לך פרשה שאין בה תחיית המתים"
                    HPOS="603.0"
                    VPOS="1340.0"
                    WIDTH="1584.0"
                    HEIGHT="183.0"></String>
          </TextLine>

          
          
          <TextLine ID="eSc_line_1377124"
                    
                    BASELINE="630 1587 2208 1544" 
                    HPOS="624.0"
                    VPOS="1469.0"
                    WIDTH="1579.0"
                    HEIGHT="194.0">
            <Shape><Polygon POINTS="624 1582 630 1523 657 1512 764 1528 861 1501 915 1528 1201 1528 1233 1490 1395 1517 1497 1496 1610 1507 1696 1474 1734 1501 1890 1485 1960 1507 2020 1469 2203 1539 2106 1625 2030 1620 1998 1593 1955 1625 1880 1603 1761 1630 1508 1630 1433 1609 1400 1636 1282 1614 1012 1641 991 1620 878 1663 791 1641 635 1652"/></Shape>
	    <String CONTENT="אלא שאין בנו כוח לדרוש שנ&#39; יקרא"
                    HPOS="624.0"
                    VPOS="1469.0"
                    WIDTH="1579.0"
                    HEIGHT="194.0"></String>
          </TextLine>

          
          
          <TextLine ID="eSc_line_1377106"
                    
                    BASELINE="603 1695 2187 1679" 
                    HPOS="597.0"
                    VPOS="1593.0"
                    WIDTH="1584.0"
                    HEIGHT="183.0">
            <Shape><Polygon POINTS="597 1690 635 1652 791 1641 883 1668 991 1625 1023 1647 1265 1620 1384 1641 1422 1620 1670 1636 1874 1609 1960 1625 1993 1593 2025 1625 2117 1625 2181 1673 2171 1727 2057 1754 1907 1733 1815 1754 1729 1727 1648 1760 1465 1760 1433 1727 1384 1754 1109 1760 1066 1738 958 1776 673 1776 608 1717"/></Shape>
	    <String CONTENT="ﭏ השמים מעל זו נשמה ועל הארץ"
                    HPOS="597.0"
                    VPOS="1593.0"
                    WIDTH="1584.0"
                    HEIGHT="183.0"></String>
          </TextLine>

          
          
          <TextLine ID="eSc_line_1377108"
                    
                    BASELINE="592 1824 2171 1813" 
                    HPOS="587.0"
                    VPOS="1733.0"
                    WIDTH="1578.0"
                    HEIGHT="177.0">
            <Shape><Polygon POINTS="587 1819 641 1760 964 1776 1077 1743 1206 1770 1400 1765 1433 1738 1465 1760 1562 1743 1691 1765 1723 1733 1756 1765 1869 1765 1890 1743 2047 1760 2084 1733 2165 1808 2154 1851 2111 1878 2004 1856 1966 1889 1928 1856 1863 1894 1740 1867 1637 1883 1616 1862 1556 1883 1508 1856 1454 1900 1384 1867 1336 1894 1217 1873 1115 1878 1093 1900 791 1883 651 1910 597 1862"/></Shape>
	    <String CONTENT="לדין עמו מי דיין עמו ומנ&#39; שאין מדב&#39;"
                    HPOS="587.0"
                    VPOS="1733.0"
                    WIDTH="1578.0"
                    HEIGHT="177.0"></String>
          </TextLine>

          
          
          <TextLine ID="eSc_line_1377110"
                    
                    BASELINE="603 1953 2171 1926" 
                    HPOS="597.0"
                    VPOS="1856.0"
                    WIDTH="1568.0"
                    HEIGHT="183.0">
            <Shape><Polygon POINTS="597 1948 673 1900 738 1894 1842 1894 1917 1856 1950 1883 2014 1856 2165 1921 2154 1975 2111 2013 1562 2002 1395 2034 1265 1991 1195 2023 1088 2029 1018 1996 996 2018 786 2018 748 2039 678 2018 608 1948"/></Shape>
	    <String CONTENT="אלא בתחיית המתים שנ&#39; מארבע [/]"
                    HPOS="597.0"
                    VPOS="1856.0"
                    WIDTH="1568.0"
                    HEIGHT="183.0"></String>
          </TextLine>

          
          
          <TextLine ID="eSc_line_1377172"
                    
                    BASELINE="624 2077 2171 2072" 
                    HPOS="619.0"
                    VPOS="1996.0"
                    WIDTH="1546.0"
                    HEIGHT="162.0">
            <Shape><Polygon POINTS="619 2072 694 2023 980 2029 1012 1996 1082 2029 1346 2018 1389 2045 1449 2013 2036 2029 2084 2007 2144 2029 2165 2066 2149 2158 2106 2126 2057 2153 1880 2153 1777 2115 1734 2142 1443 2147 1395 2104 1346 2142 1265 2115 1217 2147 1061 2126 980 2158 705 2153 624 2072"/></Shape>
	    <String CONTENT="רוחות בואי הרוח ˙ כי שם ייי אקרא ˙"
                    HPOS="619.0"
                    VPOS="1996.0"
                    WIDTH="1546.0"
                    HEIGHT="162.0"></String>
          </TextLine>

          
          
          <TextLine ID="eSc_line_1377154"
                    
                    BASELINE="624 2212 2187 2196" 
                    HPOS="619.0"
                    VPOS="2104.0"
                    WIDTH="1562.0"
                    HEIGHT="188.0">
            <Shape><Polygon POINTS="619 2206 624 2153 662 2136 1039 2163 1336 2147 1384 2104 1449 2153 1740 2136 1761 2115 1912 2153 2063 2153 2111 2131 2181 2190 2165 2249 2111 2282 2041 2276 2004 2244 1955 2276 1815 2244 1745 2266 1632 2255 1594 2287 1546 2239 1433 2287 1389 2260 1061 2292 624 2266"/></Shape>
	    <String CONTENT="נמצינו למידין שלא הזכיר משה שמו"
                    HPOS="619.0"
                    VPOS="2104.0"
                    WIDTH="1562.0"
                    HEIGHT="188.0"></String>
          </TextLine>

          
          
          <TextLine ID="eSc_line_1377084"
                    
                    BASELINE="630 2341 2214 2319" 
                    HPOS="624.0"
                    VPOS="2239.0"
                    WIDTH="1584.0"
                    HEIGHT="177.0">
            <Shape><Polygon POINTS="624 2336 689 2271 829 2292 1438 2287 1535 2239 1589 2282 1826 2255 1960 2271 1998 2244 2030 2276 2133 2276 2171 2314 2208 2314 2090 2400 1966 2379 1934 2411 1912 2389 1723 2395 1686 2362 1643 2400 1551 2379 1341 2405 1309 2379 1282 2405 1185 2389 1012 2416 942 2395 851 2416 808 2379 770 2405 684 2405 630 2357"/></Shape>
	    <String CONTENT="של מקום אלא אחר עשרים ואח&#39; ˙"
                    HPOS="624.0"
                    VPOS="2239.0"
                    WIDTH="1584.0"
                    HEIGHT="177.0"></String>
          </TextLine>

          
          
          <TextLine ID="eSc_line_1377138"
                    
                    BASELINE="646 2465 2192 2449" 
                    HPOS="641.0"
                    VPOS="2362.0"
                    WIDTH="1546.0"
                    HEIGHT="173.0">
            <Shape><Polygon POINTS="641 2459 673 2411 770 2411 802 2379 867 2416 1104 2422 1179 2395 1282 2400 1303 2379 1357 2405 1643 2400 1686 2362 1723 2395 1810 2384 1928 2416 1966 2389 2127 2389 2187 2443 2133 2508 2047 2519 1955 2492 1853 2519 1740 2492 1605 2519 1551 2497 1508 2529 1373 2497 1249 2524 754 2535 694 2519 646 2470"/></Shape>
	    <String CONTENT="דבר ממי למד ממלאכי השרת למד"
                    HPOS="641.0"
                    VPOS="2362.0"
                    WIDTH="1546.0"
                    HEIGHT="173.0"></String>
          </TextLine>

          
          
          <TextLine ID="eSc_line_1377152"
                    
                    BASELINE="646 2588 2224 2567" 
                    HPOS="641.0"
                    VPOS="2492.0"
                    WIDTH="1578.0"
                    HEIGHT="172.0">
            <Shape><Polygon POINTS="641 2583 700 2524 1260 2529 1400 2502 1508 2529 1546 2497 1869 2524 1982 2492 2036 2519 2144 2513 2219 2562 2095 2642 2036 2621 1896 2648 1869 2626 1745 2658 1643 2626 1600 2658 1546 2626 1260 2658 1206 2615 1136 2658 1115 2637 705 2664 646 2605"/></Shape>
	    <String CONTENT="שאין מזכירין מלאכי השרת את"
                    HPOS="641.0"
                    VPOS="2492.0"
                    WIDTH="1578.0"
                    HEIGHT="172.0"></String>
          </TextLine>

          
          
          <TextLine ID="eSc_line_1377074"
                    
                    BASELINE="646 2728 2208 2691" 
                    HPOS="641.0"
                    VPOS="2621.0"
                    WIDTH="1562.0"
                    HEIGHT="172.0">
            <Shape><Polygon POINTS="641 2723 716 2664 1152 2658 1212 2621 1260 2658 1395 2642 1416 2664 1540 2632 1567 2658 1632 2626 1745 2658 1777 2637 1907 2653 2052 2621 2079 2642 2122 2632 2203 2685 2127 2771 2079 2750 1923 2771 1890 2745 1863 2771 1643 2782 1610 2755 1529 2782 1395 2745 1346 2793 1228 2766 1120 2782 1093 2761 1061 2793 748 2793 646 2723"/></Shape>
	    <String CONTENT="השם אלא אחר שלוש קדושות"
                    HPOS="641.0"
                    VPOS="2621.0"
                    WIDTH="1562.0"
                    HEIGHT="172.0"></String>
          </TextLine>

          
          
          <TextLine ID="eSc_line_1377076"
                    
                    BASELINE="694 2841 2214 2836" 
                    HPOS="689.0"
                    VPOS="2750.0"
                    WIDTH="1519.0"
                    HEIGHT="172.0">
            <Shape><Polygon POINTS="689 2836 694 2782 1045 2793 1088 2771 1179 2793 1228 2766 1330 2798 1433 2750 1535 2793 1605 2766 1804 2782 1880 2761 1971 2761 1998 2788 2063 2755 2144 2771 2208 2831 2106 2906 1928 2890 1890 2911 1853 2879 1653 2906 1179 2895 1142 2922 1072 2895 948 2911 921 2885 878 2922 694 2901"/></Shape>
	    <String CONTENT="שנ&#39; וקרא זה אל זה וא&#39; קדוש קדוש"
                    HPOS="689.0"
                    VPOS="2750.0"
                    WIDTH="1519.0"
                    HEIGHT="172.0"></String>
          </TextLine>

          
          
          <TextLine ID="eSc_line_1377066"
                    
                    BASELINE="657 2965 2192 2938" 
                    HPOS="651.0"
                    VPOS="2879.0"
                    WIDTH="1536.0"
                    HEIGHT="167.0">
            <Shape><Polygon POINTS="651 2960 689 2911 764 2906 883 2928 921 2901 1077 2901 1147 2928 1174 2906 1519 2911 1826 2879 1890 2906 1934 2885 2165 2901 2187 2933 2176 2992 2138 3024 2063 2998 1907 2992 1826 3024 1659 3019 1626 2987 1567 3030 1346 3030 1303 2992 1179 3041 1034 3014 829 3046 700 3041 662 3003"/></Shape>
	    <String CONTENT="קדוש אמ&#39; משה דיי שאהיה בפחות"
                    HPOS="651.0"
                    VPOS="2879.0"
                    WIDTH="1536.0"
                    HEIGHT="167.0"></String>
          </TextLine>

          
          
          <TextLine ID="eSc_line_1377122"
                    
                    BASELINE="689 3094 2192 3068" 
                    HPOS="684.0"
                    VPOS="2987.0"
                    WIDTH="1503.0"
                    HEIGHT="183.0">
            <Shape><Polygon POINTS="684 3089 694 3041 775 3030 824 3051 1045 3024 1174 3046 1282 3014 1341 3035 1573 3035 1621 2987 1653 3019 1713 3008 1788 3046 1896 2998 2068 3003 2187 3062 2171 3137 2133 3148 2068 3121 1993 3148 1917 3127 1880 3159 1815 3137 1449 3137 1357 3164 1239 3148 1147 3170 1115 3148 1072 3164 969 3143 835 3170 786 3137 689 3170"/></Shape>
	    <String CONTENT="משבעה כמלאכי השרת והרי דברים"
                    HPOS="684.0"
                    VPOS="2987.0"
                    WIDTH="1503.0"
                    HEIGHT="183.0"></String>
          </TextLine>

          
          
          <TextLine ID="eSc_line_1377080"
                    
                    BASELINE="646 3224 2192 3197" 
                    HPOS="641.0"
                    VPOS="3121.0"
                    WIDTH="1546.0"
                    HEIGHT="183.0">
            <Shape><Polygon POINTS="641 3218 705 3164 786 3154 840 3175 964 3148 1152 3175 1659 3137 1880 3159 1917 3127 1982 3154 2068 3121 2101 3148 2160 3143 2187 3191 2149 3283 1901 3245 1869 3277 1718 3277 1632 3251 1540 3288 1470 3283 1427 3251 1395 3283 1282 3261 1190 3299 975 3283 894 3304 840 3283 694 3294 646 3256"/></Shape>
	    <String CONTENT="קל וחו&#39; ומה משה שהוא שהוא חכם"
                    HPOS="641.0"
                    VPOS="3121.0"
                    WIDTH="1546.0"
                    HEIGHT="183.0"></String>
          </TextLine>

          
          
          <TextLine ID="eSc_line_1377070"
                    
                    BASELINE="646 3353 2219 3331" 
                    HPOS="641.0"
                    VPOS="3245.0"
                    WIDTH="1573.0"
                    HEIGHT="178.0">
            <Shape><Polygon POINTS="641 3347 721 3299 818 3283 883 3304 1034 3283 1239 3299 1287 3267 1319 3294 1389 3294 1433 3245 1470 3277 1529 3283 1637 3256 1713 3283 1869 3283 1907 3251 2154 3283 2214 3326 2197 3374 2111 3417 2009 3374 1950 3407 1880 3380 1815 3417 1729 3396 1637 3417 1610 3390 1551 3407 1443 3369 1395 3412 1336 3401 1298 3423 1169 3401 969 3417 937 3385 835 3423 743 3417 673 3347"/></Shape>
	    <String CONTENT="חכמים וגדול גדולים לא הזכיר שמו"
                    HPOS="641.0"
                    VPOS="3245.0"
                    WIDTH="1573.0"
                    HEIGHT="178.0"></String>
          </TextLine>

          
          
          <TextLine ID="eSc_line_1377104"
                    
                    BASELINE="624 3466 2187 3455" 
                    HPOS="619.0"
                    VPOS="3369.0"
                    WIDTH="1562.0"
                    HEIGHT="194.0">
            <Shape><Polygon POINTS="619 3460 705 3401 738 3423 867 3423 942 3396 964 3417 1169 3412 1222 3434 1244 3412 1384 3417 1443 3369 1546 3412 1610 3390 1637 3417 1826 3417 1880 3390 1955 3412 2020 3380 2090 3417 2165 3401 2181 3450 2171 3504 2127 3530 1880 3547 1750 3514 1675 3547 1443 3530 1379 3557 1276 3520 1169 3563 1028 3525 991 3552 818 3525 764 3541 678 3514 630 3466"/></Shape>
	    <String CONTENT="של מקום אלא לאחר עשרים ואחד"
                    HPOS="619.0"
                    VPOS="3369.0"
                    WIDTH="1562.0"
                    HEIGHT="194.0"></String>
          </TextLine>

          
          
          <TextLine ID="eSc_line_1377082"
                    
                    BASELINE="657 3600 2230 3584" 
                    HPOS="651.0"
                    VPOS="3514.0"
                    WIDTH="1573.0"
                    HEIGHT="173.0">
            <Shape><Polygon POINTS="651 3595 657 3563 711 3536 878 3530 980 3563 1023 3530 1045 3552 1169 3563 1271 3514 1362 3552 1670 3552 1750 3520 1869 3541 2138 3530 2224 3579 2160 3660 2133 3633 2068 3660 2020 3617 1971 3654 1761 3660 1659 3638 1616 3670 1470 3670 1443 3643 1384 3670 1276 3665 1255 3687 1158 3687 1131 3660 1098 3681 754 3670 662 3595"/></Shape>
	    <String CONTENT="דבר המזכיר שמו של מקום בחנם"
                    HPOS="651.0"
                    VPOS="3514.0"
                    WIDTH="1573.0"
                    HEIGHT="173.0"></String>
          </TextLine>

          
          
          <TextLine ID="eSc_line_1377162"
                    
                    BASELINE="711 3730 2230 3703" 
                    HPOS="705.0"
                    VPOS="3617.0"
                    WIDTH="1519.0"
                    HEIGHT="199.0">
            <Shape><Polygon POINTS="705 3724 711 3665 1093 3681 1125 3654 1158 3687 1249 3703 1325 3660 1605 3670 1713 3643 1761 3670 1977 3654 2020 3617 2074 3665 2224 3697 2171 3783 2101 3789 2020 3756 1987 3783 1637 3762 1600 3789 1562 3767 1540 3789 1454 3767 1330 3789 1233 3756 1179 3789 1088 3767 1034 3794 899 3789 856 3816 808 3773 759 3794 716 3762"/></Shape>
	    <String CONTENT="על אחת כמה וכמה ˙ ר&#39; שמע&#39; בן"
                    HPOS="705.0"
                    VPOS="3617.0"
                    WIDTH="1519.0"
                    HEIGHT="199.0"></String>
          </TextLine>

          
          
          <TextLine ID="eSc_line_1377068"
                    
                    BASELINE="668 3848 2224 3826" 
                    HPOS="662.0"
                    VPOS="3762.0"
                    WIDTH="1557.0"
                    HEIGHT="156.0">
            <Shape><Polygon POINTS="662 3843 721 3778 754 3800 802 3778 856 3816 1125 3767 1163 3789 1212 3762 1336 3800 1416 3794 1443 3767 1476 3789 1637 3767 1761 3789 1815 3762 1853 3783 2009 3773 2160 3783 2219 3821 2144 3896 2047 3896 2004 3853 1950 3896 1880 3875 1853 3907 1632 3907 1594 3886 1513 3902 1454 3864 1373 3918 1330 3891 1276 3918 1212 3891 1174 3913 1115 3880 1034 3918 905 3918 867 3886 840 3907 732 3907 668 3848"/></Shape>
	    <String CONTENT="יוחי אומ&#39; מנ&#39; שלא יאמר אדם לייי"
                    HPOS="662.0"
                    VPOS="3762.0"
                    WIDTH="1557.0"
                    HEIGHT="156.0"></String>
          </TextLine>

          
          
          <TextLine ID="eSc_line_1377132"
                    
                    BASELINE="705 3950 2203 3934" 
                    HPOS="700.0"
                    VPOS="3859.0"
                    WIDTH="1497.0"
                    HEIGHT="188.0">
            <Shape><Polygon POINTS="700 3945 705 3907 791 3902 856 3902 883 3929 926 3907 1023 3923 1088 3896 1179 3918 1206 3891 1228 3913 1330 3896 1357 3918 1395 3891 1443 3918 1583 3896 1842 3913 1880 3880 1955 3902 1998 3859 2047 3902 2133 3902 2181 3875 2197 3929 2187 3977 2122 4020 2079 4020 2025 3977 1950 4015 1831 3956 1767 4015 1648 4031 1422 3988 1384 4026 1346 4009 1271 4031 1222 3993 1185 4031 1045 4020 1002 4047 937 4009 878 4031 813 4004 775 4020 711 3966"/></Shape>
	    <String CONTENT="עולה לייי מנחה לייי שלמים אלא"
                    HPOS="700.0"
                    VPOS="3859.0"
                    WIDTH="1497.0"
                    HEIGHT="188.0"></String>
          </TextLine>

          
          
          <TextLine ID="eSc_line_1377086"
                    
                    BASELINE="716 4085 2187 4058" 
                    HPOS="711.0"
                    VPOS="3977.0"
                    WIDTH="1470.0"
                    HEIGHT="189.0">
            <Shape><Polygon POINTS="711 4079 797 4009 861 4036 964 4020 991 4047 1034 4020 1185 4031 1212 4004 1260 4036 1341 4015 1373 4036 1449 3988 1546 4031 1761 4026 1858 3977 1907 4009 1977 4009 2014 3977 2090 4026 2154 4004 2181 4053 2171 4128 2117 4144 1966 4133 1917 4085 1858 4101 1810 4149 1546 4144 1519 4117 1400 4144 1352 4101 1292 4149 1222 4122 1201 4144 980 4139 926 4166 899 4144 829 4149 721 4079"/></Shape>
	    <String CONTENT="עול[ם](ה) לייי מנחה לייי שלמים לייי ת&#39;ל&#39;"
                    HPOS="711.0"
                    VPOS="3977.0"
                    WIDTH="1470.0"
                    HEIGHT="189.0"></String>
          </TextLine>

          
          
          <TextLine ID="eSc_line_1377055"
                    
                    BASELINE="732 4187 2230 4171" 
                    HPOS="727.0"
                    VPOS="4085.0"
                    WIDTH="1497.0"
                    HEIGHT="183.0">
            <Shape><Polygon POINTS="727 4182 754 4106 818 4149 894 4139 921 4160 1174 4149 1222 4117 1298 4144 1346 4101 1395 4144 1465 4144 1508 4117 1605 4155 1810 4144 1858 4096 1912 4085 1966 4139 2171 4133 2224 4166 2154 4257 1993 4262 1896 4230 1874 4252 1686 4262 1616 4236 1503 4262 1465 4225 1422 4268 1222 4241 1088 4268 1023 4262 996 4236 958 4262 764 4257 732 4230"/></Shape>
	    <String CONTENT="קרבן לייי והרי דב&#39; קל וחו&#39; ומה אילו"
                    HPOS="727.0"
                    VPOS="4085.0"
                    WIDTH="1497.0"
                    HEIGHT="183.0"></String>
          </TextLine>

          
          
          <TextLine ID="eSc_line_1377052"
                    
                    BASELINE="651 4311 2257 4295" 
                    HPOS="646.0"
                    VPOS="4230.0"
                    WIDTH="1605.0"
                    HEIGHT="167.0">
            <Shape><Polygon POINTS="646 4306 705 4257 861 4252 921 4273 996 4236 1082 4268 1206 4241 1427 4268 1465 4230 1503 4268 1556 4246 1718 4262 1966 4241 1993 4262 2181 4252 2251 4289 2138 4375 2063 4349 2020 4392 1880 4343 1842 4381 1723 4354 1696 4381 1616 4375 1583 4397 1503 4338 1449 4375 1158 4359 1082 4386 716 4392 657 4332"/></Shape>
	    <String CONTENT="שהן מוקדשין לשמים אמ&#39; המקום"
                    HPOS="646.0"
                    VPOS="4230.0"
                    WIDTH="1605.0"
                    HEIGHT="167.0"></String>
          </TextLine>

          
          
          <TextLine ID="eSc_line_1377056"
                    
                    BASELINE="689 4435 2251 4429" 
                    HPOS="684.0"
                    VPOS="4338.0"
                    WIDTH="1562.0"
                    HEIGHT="172.0">
            <Shape><Polygon POINTS="684 4429 754 4381 1433 4375 1486 4338 1578 4397 1718 4365 1842 4386 1880 4349 2020 4392 2063 4349 2095 4381 2165 4365 2246 4424 2171 4499 2117 4510 2014 4478 1896 4505 1863 4472 1826 4505 1395 4505 1368 4478 1282 4510 1206 4489 985 4510 926 4483 775 4505 689 4429"/></Shape>
	    <String CONTENT="אל יחל שמי עליהן עד שיקדישו"
                    HPOS="684.0"
                    VPOS="4338.0"
                    WIDTH="1562.0"
                    HEIGHT="172.0"></String>
          </TextLine>

          
          
          <TextLine ID="eSc_line_1377078"
                    
                    BASELINE="694 4553 2235 4548" 
                    HPOS="689.0"
                    VPOS="4478.0"
                    WIDTH="1541.0"
                    HEIGHT="150.0">
            <Shape><Polygon POINTS="689 4548 738 4505 1287 4510 1357 4478 1395 4510 1863 4510 2009 4483 2068 4510 2181 4505 2230 4542 2176 4618 2014 4628 1923 4596 1842 4628 1465 4628 1422 4585 1346 4623 867 4623 835 4591 764 4612 700 4548"/></Shape>
	    <String CONTENT="המקדיש שמו של מקום חינם"
                    HPOS="689.0"
                    VPOS="4478.0"
                    WIDTH="1541.0"
                    HEIGHT="150.0"></String>
          </TextLine>

          
          
          <TextLine ID="eSc_line_1377072"
                    
                    BASELINE="689 4672 2203 4661" 
                    HPOS="684.0"
                    VPOS="4591.0"
                    WIDTH="1513.0"
                    HEIGHT="177.0">
            <Shape><Polygon POINTS="684 4666 732 4602 802 4618 829 4596 883 4628 1346 4634 1416 4591 1459 4623 1826 4628 1912 4596 1998 4628 2176 4623 2197 4655 2181 4768 2074 4741 1783 4736 1718 4704 1616 4752 1562 4725 1325 4758 1093 4752 1018 4715 759 4736 689 4672"/></Shape>
	    <String CONTENT="ובמקום ביזייון על אחת כמה וכמה ˙"
                    HPOS="684.0"
                    VPOS="4591.0"
                    WIDTH="1513.0"
                    HEIGHT="177.0"></String>
          </TextLine>

          
          
          <TextLine ID="eSc_line_1377088"
                    
                    BASELINE="646 4795 2106 4795" 
                    HPOS="641.0"
                    VPOS="4715.0"
                    WIDTH="1460.0"
                    HEIGHT="166.0">
            <Shape><Polygon POINTS="641 4790 738 4731 851 4747 1018 4720 1055 4752 1626 4758 1680 4752 1718 4715 1783 4741 2068 4747 2101 4790 2052 4876 1928 4860 1907 4881 1863 4855 1820 4876 1783 4844 1734 4871 1540 4881 1486 4833 1422 4881 1136 4881 1088 4860 1045 4876 1007 4844 975 4876 748 4871 651 4790"/></Shape>
	    <String CONTENT="כי שם ייי אקרא חבו גודל לﭏהינו ˙"
                    HPOS="641.0"
                    VPOS="4715.0"
                    WIDTH="1460.0"
                    HEIGHT="166.0"></String>
          </TextLine>

          
          
          <TextLine ID="eSc_line_1377090"
                    
                    BASELINE="673 4919 2235 4914" 
                    HPOS="668.0"
                    VPOS="4865.0"
                    WIDTH="1562.0"
                    HEIGHT="140.0">
            <Shape><Polygon POINTS="668 4914 689 4865 716 4887 883 4892 1384 4892 1443 4865 1605 4892 1734 4887 1756 4865 1820 4892 1977 4871 2074 4892 2106 4865 2214 4865 2230 4908 2214 4978 1993 4978 1966 5005 1772 5005 1670 4978 1621 5005 1529 4984 1352 5005 1287 4978 1206 5005 1125 4984 840 5005 673 4978"/></Shape>
	    <String CONTENT="ר&#39; יוסי אומ&#39; מנין לעומדין בבית הכנסת"
                    HPOS="668.0"
                    VPOS="4865.0"
                    WIDTH="1562.0"
                    HEIGHT="140.0"></String>
          </TextLine>

          
        </TextBlock>
        
        <TextBlock HPOS="808.0"
                   VPOS="5618.0"
                   WIDTH="334.0"
                   HEIGHT="148.0"
                   ID="eSc_textblock_18521"
                   TAGREFS="BT219">
          <Shape><Polygon POINTS="808 5618 808 5766 1142 5766 1142 5618"/></Shape>
          
          
          <TextLine ID="eSc_line_1377140"
                    
                    BASELINE="797 5678 1152 5678" 
                    HPOS="791.0"
                    VPOS="5624.0"
                    WIDTH="356.0"
                    HEIGHT="259.0">
            <Shape><Polygon POINTS="791 5673 878 5624 1023 5624 1055 5657 1147 5673 1136 5883 802 5883"/></Shape>
	    <String CONTENT="ואומ&#39;"
                    HPOS="791.0"
                    VPOS="5624.0"
                    WIDTH="356.0"
                    HEIGHT="259.0"></String>
          </TextLine>

          
        </TextBlock>
        

        
      </PrintSpace>
    </Page>
  </Layout>
</alto>
