<?xml version="1.0" encoding="UTF-8"?>
<alto xmlns:xsi="http://www.w3.org/2001/XMLSchema-instance"
      xmlns="http://www.loc.gov/standards/alto/ns-v4#"
      xsi:schemaLocation="http://www.loc.gov/standards/alto/ns-v4# http://www.loc.gov/standards/alto/v4/alto-4-2.xsd">
  <Description>
    <MeasurementUnit>pixel</MeasurementUnit>
    <sourceImageInformation>
      <fileName>oulis2017-aya-0651-0.jpg</fileName>
      
    </sourceImageInformation>
  </Description>
  
  <Tags>
    <OtherTag ID="BT1164" LABEL="Hole" DESCRIPTION="block type Hole"/><OtherTag ID="BT2" LABEL="Main" DESCRIPTION="block type Main"/><OtherTag ID="BT3" LABEL="Commentary" DESCRIPTION="block type Commentary"/><OtherTag ID="BT4" LABEL="Illustration" DESCRIPTION="block type Illustration"/><OtherTag ID="BT218" LABEL="Margin" DESCRIPTION="block type Margin"/><OtherTag ID="BT219" LABEL="Paratext" DESCRIPTION="block type Paratext"/>
    <OtherTag ID="LT2" LABEL="Numbering" DESCRIPTION="line type Numbering"/><OtherTag ID="LT3" LABEL="Correction" DESCRIPTION="line type Correction"/><OtherTag ID="LT481" LABEL="Gloss" DESCRIPTION="line type Gloss"/>
  </Tags>
  
  <Layout>
    <Page WIDTH="5402"
          HEIGHT="6454"
          PHYSICAL_IMG_NR="638"
          ID="eSc_dummypage_">
      <PrintSpace HPOS="0"
                  VPOS="0"
                  WIDTH="5402"
                  HEIGHT="6454">
        
        <TextBlock HPOS="3122.0"
                   VPOS="1063.0"
                   WIDTH="1673.0"
                   HEIGHT="4197.0"
                   ID="eSc_textblock_15270"
                   TAGREFS="BT2">
          <Shape><Polygon POINTS="3142 1063 3122 5211 4735 5260 4795 1063"/></Shape>
          
          
          <TextLine ID="eSc_line_1361930"
                    
                    BASELINE="3185 1145 4729 1145" 
                    HPOS="3179.0"
                    VPOS="1070.0"
                    WIDTH="1545.0"
                    HEIGHT="134.0">
            <Shape><Polygon POINTS="3179 1140 3190 1081 3750 1070 4713 1070 4724 1140 4713 1199 4670 1204 3674 1188 3190 1204"/></Shape>
	    <String CONTENT="שלא&#39; נזיר&#39; כימים שבתור&#39; נזיר&#39; עד הבא&#39;"
                    HPOS="3179.0"
                    VPOS="1070.0"
                    WIDTH="1545.0"
                    HEIGHT="134.0"></String>
          </TextLine>

          
          
          <TextLine ID="eSc_line_1361932"
                    
                    BASELINE="3179 1263 4794 1263" 
                    HPOS="3174.0"
                    VPOS="1193.0"
                    WIDTH="1614.0"
                    HEIGHT="156.0">
            <Shape><Polygon POINTS="3174 1258 3185 1204 3255 1226 3448 1193 3508 1226 3578 1193 3691 1193 3712 1215 3771 1193 3841 1220 4320 1193 4664 1220 4777 1193 4788 1258 4772 1301 4745 1296 4681 1344 4616 1323 4557 1349 4492 1306 4411 1339 3922 1339 3793 1312 3766 1339 3599 1344 3529 1323 3491 1349 3405 1323 3222 1339 3185 1312"/></Shape>
	    <String CONTENT="קרבן ˙ תאמ&#39; בטומאה שלא עשה בה"
                    HPOS="3174.0"
                    VPOS="1193.0"
                    WIDTH="1614.0"
                    HEIGHT="156.0"></String>
          </TextLine>

          
          
          <TextLine ID="eSc_line_1361934"
                    
                    BASELINE="3163 1387 4772 1392" 
                    HPOS="3158.0"
                    VPOS="1312.0"
                    WIDTH="1609.0"
                    HEIGHT="161.0">
            <Shape><Polygon POINTS="3158 1382 3169 1312 3217 1339 3411 1328 3529 1366 3567 1328 3771 1339 3793 1317 3884 1339 4503 1317 4530 1344 4611 1323 4670 1344 4756 1317 4767 1387 4675 1452 4573 1462 4255 1452 4229 1430 4207 1452 3986 1436 3712 1473 3621 1468 3594 1441 3459 1468 3400 1446 3330 1473 3212 1457 3163 1409"/></Shape>
	    <String CONTENT="את המטמא כמטמא לפיכך לא עשה"
                    HPOS="3158.0"
                    VPOS="1312.0"
                    WIDTH="1609.0"
                    HEIGHT="161.0"></String>
          </TextLine>

          
          
          <TextLine ID="eSc_line_1361935"
                    
                    BASELINE="3163 1522 4724 1500" 
                    HPOS="3158.0"
                    VPOS="1436.0"
                    WIDTH="1560.0"
                    HEIGHT="155.0">
            <Shape><Polygon POINTS="3158 1516 3255 1446 3352 1473 3405 1446 3459 1468 3583 1441 3696 1468 3992 1436 4229 1468 4352 1446 4578 1468 4702 1441 4718 1495 4670 1575 4449 1559 4164 1586 3981 1548 3927 1581 3685 1554 3647 1575 3448 1591 3411 1565 3357 1586 3319 1548 3239 1575 3179 1516"/></Shape>
	    <String CONTENT="בה ימים שלא&#39; נזיר&#39; כימים שבתוך נזירו&#39;"
                    HPOS="3158.0"
                    VPOS="1436.0"
                    WIDTH="1560.0"
                    HEIGHT="155.0"></String>
          </TextLine>

          
          
          <TextLine ID="eSc_line_1361938"
                    
                    BASELINE="3190 1640 4750 1624" 
                    HPOS="3185.0"
                    VPOS="1548.0"
                    WIDTH="1560.0"
                    HEIGHT="167.0">
            <Shape><Polygon POINTS="3185 1635 3190 1565 3260 1581 3314 1548 3357 1586 3416 1559 3448 1591 3787 1554 4153 1586 4261 1559 4681 1575 4729 1554 4745 1618 4702 1688 4637 1710 4573 1678 4089 1715 4062 1688 3992 1699 3916 1667 3863 1694 3798 1672 3766 1704 3707 1672 3626 1704 3508 1699 3486 1678 3384 1704 3314 1672 3228 1704 3190 1672"/></Shape>
	    <String CONTENT="עד הבאת קרבן הרי היין יוכיח שלא"
                    HPOS="3185.0"
                    VPOS="1548.0"
                    WIDTH="1560.0"
                    HEIGHT="167.0"></String>
          </TextLine>

          
          
          <TextLine ID="eSc_line_1361940"
                    
                    BASELINE="3163 1758 4745 1747" 
                    HPOS="3158.0"
                    VPOS="1672.0"
                    WIDTH="1582.0"
                    HEIGHT="162.0">
            <Shape><Polygon POINTS="3158 1753 3163 1683 3239 1704 3308 1672 3378 1704 3481 1678 3583 1704 3707 1683 3739 1710 3798 1683 3830 1704 3960 1683 4062 1688 4099 1715 4175 1688 4584 1688 4637 1710 4724 1683 4740 1742 4724 1801 4637 1834 4417 1834 4358 1790 4315 1828 3561 1828 3438 1807 3389 1834 3298 1807 3239 1823 3169 1769"/></Shape>
	    <String CONTENT="עשה בו את המשקה כשותה ועש&#39; בו"
                    HPOS="3158.0"
                    VPOS="1672.0"
                    WIDTH="1582.0"
                    HEIGHT="162.0"></String>
          </TextLine>

          
          
          <TextLine ID="eSc_line_1361942"
                    
                    BASELINE="3190 1887 4767 1871" 
                    HPOS="3185.0"
                    VPOS="1790.0"
                    WIDTH="1576.0"
                    HEIGHT="167.0">
            <Shape><Polygon POINTS="3185 1882 3233 1823 3276 1812 3389 1839 3421 1812 3567 1834 3820 1812 4003 1839 4315 1828 4352 1790 4395 1828 4637 1834 4724 1807 4761 1866 4670 1946 4524 1952 4481 1930 4428 1952 3986 1952 3852 1925 3825 1946 3760 1930 3513 1957 3421 1920 3314 1952 3196 1882"/></Shape>
	    <String CONTENT="ימים שלא&#39; נזירות כימים שבת&#39; נזיר&#39; עד"
                    HPOS="3185.0"
                    VPOS="1790.0"
                    WIDTH="1576.0"
                    HEIGHT="167.0"></String>
          </TextLine>

          
          
          <TextLine ID="eSc_line_1361944"
                    
                    BASELINE="3228 2016 4718 2000" 
                    HPOS="3222.0"
                    VPOS="1920.0"
                    WIDTH="1491.0"
                    HEIGHT="166.0">
            <Shape><Polygon POINTS="3222 2011 3287 1936 3319 1957 3405 1920 3502 1957 3825 1946 3847 1925 3997 1957 4697 1936 4713 1995 4697 2070 4659 2081 4530 2054 4476 2081 4401 2059 4358 2086 4277 2059 4137 2081 3900 2059 3497 2081 3411 2054 3255 2081 3228 2059"/></Shape>
	    <String CONTENT="הבא&#39; קרבן והוא יוכיח לטומא&#39; שא&#39;ע&#39;פ&#39;"
                    HPOS="3222.0"
                    VPOS="1920.0"
                    WIDTH="1491.0"
                    HEIGHT="166.0"></String>
          </TextLine>

          
          
          <TextLine ID="eSc_line_1361946"
                    
                    BASELINE="3185 2135 4761 2129" 
                    HPOS="3179.0"
                    VPOS="2049.0"
                    WIDTH="1577.0"
                    HEIGHT="183.0">
            <Shape><Polygon POINTS="3179 2129 3201 2049 3249 2081 3411 2059 4309 2070 4342 2092 4406 2065 4465 2086 4562 2059 4627 2081 4740 2059 4756 2124 4659 2210 4471 2215 4444 2194 4352 2232 4288 2199 3545 2183 3395 2205 3222 2199 3185 2178"/></Shape>
	    <String CONTENT="שלא עשה המטמא כמיטמי נעשה בו"
                    HPOS="3179.0"
                    VPOS="2049.0"
                    WIDTH="1577.0"
                    HEIGHT="183.0"></String>
          </TextLine>

          
          
          <TextLine ID="eSc_line_1361948"
                    
                    BASELINE="3163 2269 4750 2258" 
                    HPOS="3158.0"
                    VPOS="2188.0"
                    WIDTH="1587.0"
                    HEIGHT="162.0">
            <Shape><Polygon POINTS="3158 2264 3228 2199 3308 2188 3572 2210 4110 2188 4293 2199 4352 2237 4433 2199 4498 2215 4729 2194 4745 2253 4702 2318 4659 2328 4331 2318 4266 2339 4089 2307 3970 2334 3879 2307 3830 2334 3621 2344 3588 2312 3513 2328 3378 2301 3303 2350 3185 2264"/></Shape>
	    <String CONTENT="ימים שלא&#39; נזיר&#39; כימי&#39; שבתוך נזיר&#39; עד"
                    HPOS="3158.0"
                    VPOS="2188.0"
                    WIDTH="1587.0"
                    HEIGHT="162.0"></String>
          </TextLine>

          
          
          <TextLine ID="eSc_line_1361950"
                    
                    BASELINE="3222 2377 4729 2393" 
                    HPOS="3217.0"
                    VPOS="2307.0"
                    WIDTH="1507.0"
                    HEIGHT="167.0">
            <Shape><Polygon POINTS="3217 2371 3222 2318 3292 2361 3373 2312 3443 2328 3470 2307 3502 2328 3588 2312 3615 2339 3933 2318 3965 2339 4094 2312 4261 2355 4299 2328 4707 2312 4724 2387 4686 2447 4589 2452 4514 2425 4460 2463 4401 2452 4352 2474 4288 2425 4132 2463 4083 2436 4008 2463 3825 2457 3798 2431 3653 2431 3599 2463 3561 2425 3448 2452 3389 2431 3325 2457 3222 2447"/></Shape>
	    <String CONTENT="הבא&#39; קרבן ˙ ועוד קל ומה היין שאינו"
                    HPOS="3217.0"
                    VPOS="2307.0"
                    WIDTH="1507.0"
                    HEIGHT="167.0"></String>
          </TextLine>

          
          
          <TextLine ID="eSc_line_1361952"
                    
                    BASELINE="3169 2506 4740 2511" 
                    HPOS="3163.0"
                    VPOS="2431.0"
                    WIDTH="1571.0"
                    HEIGHT="155.0">
            <Shape><Polygon POINTS="3163 2500 3222 2452 3330 2457 3373 2436 3561 2436 3626 2468 3653 2441 3766 2452 3793 2431 3820 2457 3992 2463 4293 2431 4336 2468 4508 2436 4718 2436 4734 2506 4681 2581 4551 2586 4481 2543 4401 2586 4304 2565 3852 2586 3782 2554 3717 2586 3578 2560 3319 2581 3228 2576 3169 2517"/></Shape>
	    <String CONTENT="סותר עשה בו ימים שלא&#39; נזירו&#39; כימים"
                    HPOS="3163.0"
                    VPOS="2431.0"
                    WIDTH="1571.0"
                    HEIGHT="155.0"></String>
          </TextLine>

          
          
          <TextLine ID="eSc_line_1361954"
                    
                    BASELINE="3163 2635 4729 2635" 
                    HPOS="3158.0"
                    VPOS="2560.0"
                    WIDTH="1566.0"
                    HEIGHT="166.0">
            <Shape><Polygon POINTS="3158 2630 3233 2576 3475 2570 3513 2603 3578 2565 3728 2586 3777 2560 3943 2592 4417 2592 4492 2560 4530 2592 4627 2576 4670 2597 4713 2570 4724 2630 4713 2678 4670 2710 4476 2726 4417 2694 4368 2721 4309 2694 4159 2721 4094 2694 4019 2721 3970 2683 3943 2705 3637 2699 3588 2726 3529 2673 3475 2705 3217 2705 3169 2662"/></Shape>
	    <String CONTENT="שבתוך נזירותו עד הבא&#39; קרבן ˙ טומאה"
                    HPOS="3158.0"
                    VPOS="2560.0"
                    WIDTH="1566.0"
                    HEIGHT="166.0"></String>
          </TextLine>

          
          
          <TextLine ID="eSc_line_1361956"
                    
                    BASELINE="3206 2764 4707 2780" 
                    HPOS="3201.0"
                    VPOS="2673.0"
                    WIDTH="1501.0"
                    HEIGHT="177.0">
            <Shape><Polygon POINTS="3201 2759 3255 2694 3465 2705 3518 2673 3578 2721 3626 2699 3717 2716 3739 2694 3933 2710 3970 2689 4008 2716 4078 2694 4126 2716 4299 2694 4342 2721 4417 2699 4471 2726 4686 2694 4702 2775 4686 2823 4654 2839 4438 2850 4401 2823 4336 2850 4277 2823 4218 2850 4180 2829 4008 2845 3970 2818 3911 2845 3771 2850 3572 2834 3524 2802 3427 2839 3265 2834 3206 2807"/></Shape>
	    <String CONTENT="שסותרת דין הוא ש(נ)עשה בו ימים"
                    HPOS="3201.0"
                    VPOS="2673.0"
                    WIDTH="1501.0"
                    HEIGHT="177.0"></String>
          </TextLine>

          
          
          <TextLine ID="eSc_line_1361958"
                    
                    BASELINE="3206 2893 4772 2893" 
                    HPOS="3201.0"
                    VPOS="2818.0"
                    WIDTH="1566.0"
                    HEIGHT="161.0">
            <Shape><Polygon POINTS="3201 2888 3217 2818 3787 2855 3970 2829 4008 2850 4223 2850 4261 2829 4309 2850 4390 2829 4433 2850 4643 2850 4718 2829 4756 2834 4767 2888 4675 2963 4621 2974 4535 2936 4401 2968 4207 2952 4169 2979 4142 2958 3798 2974 3443 2936 3352 2968 3303 2920 3249 2931 3212 2909"/></Shape>
	    <String CONTENT="של אח&#39; נזיר&#39; כימים שבתוך נזיר&#39; עד"
                    HPOS="3201.0"
                    VPOS="2818.0"
                    WIDTH="1566.0"
                    HEIGHT="161.0"></String>
          </TextLine>

          
          
          <TextLine ID="eSc_line_1361959"
                    
                    BASELINE="3185 3001 4740 3011" 
                    HPOS="3179.0"
                    VPOS="2915.0"
                    WIDTH="1555.0"
                    HEIGHT="182.0">
            <Shape><Polygon POINTS="3179 2995 3185 2936 3260 2941 3287 2920 3341 2968 3427 2941 3890 2974 3927 2952 3960 2974 4132 2958 4159 2984 4191 2968 4223 3001 4266 3001 4299 2968 4498 2952 4519 2931 4557 2958 4659 2963 4718 2915 4734 3006 4718 3071 4627 3087 4336 3092 4239 3022 4180 3081 4142 3054 4078 3097 4024 3071 3933 3092 3879 3060 3782 3081 3712 3060 3551 3071 3529 3092 3470 3054 3405 3081 3255 3076 3185 3006"/></Shape>
	    <String CONTENT="הבא&#39; קרב&#39; ˙ לא אם אמרת ביין שלא"
                    HPOS="3179.0"
                    VPOS="2915.0"
                    WIDTH="1555.0"
                    HEIGHT="182.0"></String>
          </TextLine>

          
          
          <TextLine ID="eSc_line_1361960"
                    
                    BASELINE="3212 3130 4772 3151" 
                    HPOS="3206.0"
                    VPOS="3028.0"
                    WIDTH="1561.0"
                    HEIGHT="199.0">
            <Shape><Polygon POINTS="3206 3124 3255 3076 3395 3081 3448 3060 3524 3092 3551 3071 3782 3087 3879 3065 3943 3097 4019 3076 4089 3097 4142 3054 4175 3081 4261 3028 4336 3087 4670 3081 4767 3146 4648 3210 4584 3200 4524 3221 4498 3194 4390 3210 4202 3183 4089 3227 3992 3221 3927 3183 3863 3216 3621 3210 3578 3183 3518 3205 3298 3183 3260 3200 3212 3157"/></Shape>
	    <String CONTENT="הותר מכללו לפיכך עשה בו ימים של"
                    HPOS="3206.0"
                    VPOS="3028.0"
                    WIDTH="1561.0"
                    HEIGHT="199.0"></String>
          </TextLine>

          
          
          <TextLine ID="eSc_line_1361964"
                    
                    BASELINE="3185 3248 4740 3264" 
                    HPOS="3179.0"
                    VPOS="3173.0"
                    WIDTH="1555.0"
                    HEIGHT="166.0">
            <Shape><Polygon POINTS="3179 3243 3185 3189 3222 3173 3260 3200 3578 3189 3615 3221 3653 3194 3830 3221 3927 3194 4089 3221 4196 3194 4444 3210 4481 3189 4541 3216 4718 3183 4734 3259 4659 3323 4492 3307 4449 3339 4336 3307 4245 3334 4105 3291 3949 3334 3847 3334 3825 3313 3744 3329 3653 3302 3518 3323 3470 3291 3411 3329 3308 3291 3233 3318 3185 3302"/></Shape>
	    <String CONTENT="אחר נזיר&#39; כימי שבתוך נזיר&#39; עד הבא&#39; [/]"
                    HPOS="3179.0"
                    VPOS="3173.0"
                    WIDTH="1555.0"
                    HEIGHT="166.0"></String>
          </TextLine>

          
          
          <TextLine ID="eSc_line_1361968"
                    
                    BASELINE="3147 3372 4761 3377" 
                    HPOS="3142.0"
                    VPOS="3280.0"
                    WIDTH="1614.0"
                    HEIGHT="205.0">
            <Shape><Polygon POINTS="3142 3366 3152 3280 3212 3323 3303 3291 3405 3334 3454 3296 3518 3329 3647 3307 3744 3329 3820 3313 3847 3334 4073 3307 4266 3329 4331 3302 4422 3334 4740 3307 4756 3372 4648 3463 4594 3436 3943 3447 3911 3415 3863 3447 3680 3447 3642 3415 3599 3442 3239 3431 3190 3479 3147 3485"/></Shape>
	    <String CONTENT="קרב&#39; תאמ&#39; בטומאה שהותר מכללו לפיכך"
                    HPOS="3142.0"
                    VPOS="3280.0"
                    WIDTH="1614.0"
                    HEIGHT="205.0"></String>
          </TextLine>

          
          
          <TextLine ID="eSc_line_1361969"
                    
                    BASELINE="3185 3495 4745 3512" 
                    HPOS="3179.0"
                    VPOS="3415.0"
                    WIDTH="1561.0"
                    HEIGHT="172.0">
            <Shape><Polygon POINTS="3179 3490 3244 3431 3604 3436 3647 3415 3674 3442 3771 3447 3868 3447 3911 3420 3949 3458 4040 3436 4438 3458 4600 3442 4740 3506 4675 3576 4449 3587 4315 3565 4261 3581 4223 3544 4164 3571 4024 3549 3992 3571 3825 3576 3642 3538 3491 3560 3454 3533 3427 3560 3244 3565 3185 3544"/></Shape>
	    <String CONTENT="לא נעשה ימים שלא&#39; נזיר&#39; כימי&#39; שבת&#39;"
                    HPOS="3179.0"
                    VPOS="3415.0"
                    WIDTH="1561.0"
                    HEIGHT="172.0"></String>
          </TextLine>

          
          
          <TextLine ID="eSc_line_1361965"
                    
                    BASELINE="3163 3630 4729 3635" 
                    HPOS="3158.0"
                    VPOS="3549.0"
                    WIDTH="1566.0"
                    HEIGHT="172.0">
            <Shape><Polygon POINTS="3158 3624 3163 3549 3588 3549 3782 3565 3857 3624 3938 3565 4153 3576 4218 3555 4245 3576 4659 3581 4707 3560 4724 3630 4707 3689 4675 3711 4627 3711 4594 3678 4551 3705 4498 3673 4438 3716 4374 3684 4229 3711 4159 3684 4126 3711 4056 3689 3986 3721 3873 3641 3782 3705 3658 3678 3572 3700 3265 3673 3206 3716 3163 3673"/></Shape>
	    <String CONTENT="נזיר&#39; עד הבא&#39; קרבן ˙ הואיל וחזר הדין"
                    HPOS="3158.0"
                    VPOS="3549.0"
                    WIDTH="1566.0"
                    HEIGHT="172.0"></String>
          </TextLine>

          
          
          <TextLine ID="eSc_line_1361966"
                    
                    BASELINE="3206 3754 4772 3770" 
                    HPOS="3201.0"
                    VPOS="3673.0"
                    WIDTH="1566.0"
                    HEIGHT="167.0">
            <Shape><Polygon POINTS="3201 3748 3265 3684 3610 3700 3658 3678 3798 3705 3868 3678 3954 3694 3986 3727 4051 3694 4137 3711 4164 3689 4212 3711 4379 3694 4449 3721 4519 3673 4551 3705 4594 3678 4659 3716 4756 3694 4767 3764 4675 3834 4535 3807 4460 3840 4336 3840 4304 3818 4137 3840 4013 3780 3906 3834 3723 3807 3615 3818 3578 3786 3459 3797 3416 3823 3362 3802 3249 3818 3206 3780"/></Shape>
	    <String CONTENT="חלילה ת&#39;ל&#39; ואחר ישתה הנזיר יין וכי"
                    HPOS="3201.0"
                    VPOS="3673.0"
                    WIDTH="1566.0"
                    HEIGHT="167.0"></String>
          </TextLine>

          
          
          <TextLine ID="eSc_line_1361970"
                    
                    BASELINE="3169 3861 4707 3883" 
                    HPOS="3163.0"
                    VPOS="3791.0"
                    WIDTH="1539.0"
                    HEIGHT="178.0">
            <Shape><Polygon POINTS="3163 3856 3233 3813 3352 3802 3400 3823 3578 3791 3610 3823 3664 3829 3960 3829 4024 3791 4056 3823 4132 3840 4293 3818 4336 3840 4471 3840 4546 3807 4589 3834 4691 3829 4702 3877 4681 3947 4648 3926 4627 3947 4514 3931 4465 3958 4320 3963 4223 3936 4164 3969 4132 3936 3938 3958 3803 3936 3728 3963 3481 3926 3438 3953 3378 3915 3276 3942 3169 3861"/></Shape>
	    <String CONTENT="נזיר&#39; שותה יין אלא מופנה להקיש"
                    HPOS="3163.0"
                    VPOS="3791.0"
                    WIDTH="1539.0"
                    HEIGHT="178.0"></String>
          </TextLine>

          
          
          <TextLine ID="eSc_line_1361971"
                    
                    BASELINE="3147 3990 4750 4012" 
                    HPOS="3142.0"
                    VPOS="3915.0"
                    WIDTH="1603.0"
                    HEIGHT="188.0">
            <Shape><Polygon POINTS="3142 3985 3228 3915 3303 3947 3395 3920 3432 3953 3481 3926 3508 3947 3728 3963 3825 3936 3916 3958 4137 3947 4159 3969 4223 3942 4471 3958 4648 3931 4745 4006 4670 4076 4455 4103 4390 4071 4255 4082 4234 4060 4137 4087 4008 4087 3986 4066 3626 4082 3502 4066 3470 4033 3432 4060 3217 4066 3147 4012"/></Shape>
	    <String CONTENT="לדון גזירה שווה נאמ&#39; כאן נזיר&#39; ונאמ&#39;"
                    HPOS="3142.0"
                    VPOS="3915.0"
                    WIDTH="1603.0"
                    HEIGHT="188.0"></String>
          </TextLine>

          
          
          <TextLine ID="eSc_line_1361972"
                    
                    BASELINE="3142 4119 4729 4146" 
                    HPOS="3136.0"
                    VPOS="4039.0"
                    WIDTH="1588.0"
                    HEIGHT="199.0">
            <Shape><Polygon POINTS="3136 4114 3201 4066 3427 4066 3465 4039 3502 4076 3696 4066 3868 4092 3976 4060 4008 4087 4083 4076 4099 4098 4390 4071 4465 4119 4503 4087 4675 4082 4702 4060 4724 4141 4664 4216 4514 4238 4471 4211 4411 4221 4309 4195 4261 4221 4229 4200 4116 4221 3986 4211 3965 4189 3879 4216 3637 4173 3572 4205 3491 4189 3438 4211 3405 4178 3335 4205 3201 4205 3142 4146"/></Shape>
	    <String CONTENT="להלן נזיר&#39; מה נזיר&#39; האמור להלן עשה"
                    HPOS="3136.0"
                    VPOS="4039.0"
                    WIDTH="1588.0"
                    HEIGHT="199.0"></String>
          </TextLine>

          
          
          <TextLine ID="eSc_line_1361973"
                    
                    BASELINE="3147 4248 4729 4259" 
                    HPOS="3142.0"
                    VPOS="4173.0"
                    WIDTH="1582.0"
                    HEIGHT="172.0">
            <Shape><Polygon POINTS="3142 4243 3228 4200 3335 4211 3405 4189 3459 4216 3486 4195 3572 4205 3631 4173 3734 4216 3798 4195 4169 4227 4218 4205 4250 4227 4379 4205 4508 4232 4654 4221 4707 4189 4724 4254 4681 4345 4611 4345 4568 4318 4519 4340 4352 4324 4299 4345 4212 4313 4169 4340 4051 4340 4019 4313 3965 4345 3836 4313 3685 4334 3594 4324 3567 4297 3513 4334 3330 4329 3298 4308 3222 4329 3147 4265"/></Shape>
	    <String CONTENT="בו ימים של אחר נזירה כימ&#39; שבתורה"
                    HPOS="3142.0"
                    VPOS="4173.0"
                    WIDTH="1582.0"
                    HEIGHT="172.0"></String>
          </TextLine>

          
          
          <TextLine ID="eSc_line_1361974"
                    
                    BASELINE="3147 4383 4702 4404" 
                    HPOS="3142.0"
                    VPOS="4308.0"
                    WIDTH="1555.0"
                    HEIGHT="177.0">
            <Shape><Polygon POINTS="3142 4377 3196 4318 3475 4318 3508 4340 3551 4308 3674 4340 3825 4318 3890 4377 3922 4377 4003 4324 4105 4340 4212 4313 4309 4345 4492 4345 4562 4318 4621 4351 4675 4345 4697 4399 4659 4474 4503 4442 4406 4485 4363 4453 4309 4480 4186 4442 4137 4469 4051 4458 3992 4480 3879 4415 3787 4458 3744 4431 3647 4458 3529 4426 3292 4453 3147 4399"/></Shape>
	    <String CONTENT="נ?זיר&#39; עד הבא&#39; קרבן ˙ אף נזיר&#39; האמור"
                    HPOS="3142.0"
                    VPOS="4308.0"
                    WIDTH="1555.0"
                    HEIGHT="177.0"></String>
          </TextLine>

          
          
          <TextLine ID="eSc_line_1361975"
                    
                    BASELINE="3163 4501 4761 4533" 
                    HPOS="3158.0"
                    VPOS="4426.0"
                    WIDTH="1598.0"
                    HEIGHT="215.0">
            <Shape><Polygon POINTS="3158 4496 3244 4426 3271 4447 3432 4453 3475 4431 3615 4431 3701 4458 3750 4437 3782 4469 3911 4437 3997 4480 4180 4447 4293 4480 4363 4453 4401 4480 4524 4453 4664 4474 4756 4528 4664 4598 4551 4619 4503 4582 4374 4614 4277 4582 4153 4593 4105 4544 4056 4587 3938 4582 3895 4544 3814 4582 3572 4576 3529 4555 3416 4641 3308 4614 3228 4544 3163 4533"/></Shape>
	    <String CONTENT="כאן נעשה בו ימים שלא נזיר&#39; כימי&#39;"
                    HPOS="3158.0"
                    VPOS="4426.0"
                    WIDTH="1598.0"
                    HEIGHT="215.0"></String>
          </TextLine>

          
          
          <TextLine ID="eSc_line_1361976"
                    
                    BASELINE="3551 4641 4729 4657" 
                    HPOS="3545.0"
                    VPOS="4544.0"
                    WIDTH="1179.0"
                    HEIGHT="226.0">
            <Shape><Polygon POINTS="3545 4636 3599 4582 3852 4582 3895 4544 3943 4587 4062 4593 4105 4550 4148 4593 4277 4576 4363 4619 4406 4598 4433 4625 4476 4587 4535 4614 4611 4593 4724 4652 4605 4759 4508 4770 4460 4765 4417 4722 4363 4727 4331 4689 4282 4716 4239 4689 4186 4711 4153 4695 4099 4727 4073 4700 3841 4689 3803 4716 3739 4684 3664 4722 3551 4641"/></Shape>
	    <String CONTENT="שבת&#39; נזיר&#39; ע[ל](ד) הבא&#39; קרבן ˙"
                    HPOS="3545.0"
                    VPOS="4544.0"
                    WIDTH="1179.0"
                    HEIGHT="226.0"></String>
          </TextLine>

          
          
          <TextLine ID="eSc_line_1361967"
                    
                    BASELINE="3185 4743 4492 4770" 
                    HPOS="3179.0"
                    VPOS="4668.0"
                    WIDTH="1308.0"
                    HEIGHT="194.0">
            <Shape><Polygon POINTS="3179 4738 3190 4689 3239 4668 3271 4695 3556 4689 3583 4668 3664 4716 3744 4695 3830 4743 3970 4754 4067 4754 4159 4700 4288 4722 4336 4695 4487 4765 4471 4818 4395 4862 4358 4835 4331 4845 4282 4797 4234 4845 4132 4840 4029 4765 4008 4786 3949 4754 3884 4792 3852 4770 3782 4835 3744 4813 3712 4835 3583 4829 3561 4808 3481 4829 3411 4792 3325 4813 3287 4792 3228 4818 3185 4775"/></Shape>
	    <String CONTENT="סל&#39; פס&#39; ˙ זאת תורת"
                    HPOS="3179.0"
                    VPOS="4668.0"
                    WIDTH="1308.0"
                    HEIGHT="194.0"></String>
          </TextLine>

          
          
          <TextLine ID="eSc_line_1361963"
                    
                    BASELINE="3120 4878 4411 4899 4727 4900" 
                    HPOS="3115.0"
                    VPOS="4781.0"
                    WIDTH="1609.0"
                    HEIGHT="199.0">
            <Shape><Polygon POINTS="3115 4872 3190 4781 3249 4824 3282 4797 3319 4824 3411 4797 3481 4829 3561 4808 3588 4829 3744 4813 3777 4835 3965 4786 4169 4851 4299 4813 4395 4872 4455 4824 4584 4818 4659 4781 4713 4829 4724 4899 4670 4958 4551 4980 4449 4937 4191 4958 4153 4931 4083 4958 4040 4937 3981 4948 3949 4921 3777 4958 3621 4921 3561 4948 3448 4948 3411 4921 3292 4921 3217 4948 3120 4878"/></Shape>
	    <String CONTENT="הנזיר ˙ אחד נזיר ימים ואח&#39; נזיר עו&#39;"
                    HPOS="3115.0"
                    VPOS="4781.0"
                    WIDTH="1609.0"
                    HEIGHT="199.0"></String>
          </TextLine>

          
          
          <TextLine ID="eSc_line_1361962"
                    
                    BASELINE="3120 5007 4727 5017" 
                    HPOS="3115.0"
                    VPOS="4910.0"
                    WIDTH="1609.0"
                    HEIGHT="204.0">
            <Shape><Polygon POINTS="3115 5001 3179 4910 3222 4953 3287 4931 3373 4953 3551 4948 3621 4921 3766 4958 3916 4926 4089 4964 4164 4942 4315 4964 4455 4937 4546 4974 4627 4974 4697 4942 4724 5012 4707 5071 4664 5087 4562 5071 4498 5104 4449 5077 4395 5098 4352 5071 4293 5114 4239 5061 4186 5093 4051 5071 3976 5093 3830 5055 3760 5082 3534 5055 3475 5098 3427 5055 3373 5077 3206 5061 3163 5087 3120 5044"/></Shape>
	    <String CONTENT="זאת לקרבן טהרה או אף לקרבן טומא&#39;"
                    HPOS="3115.0"
                    VPOS="4910.0"
                    WIDTH="1609.0"
                    HEIGHT="204.0"></String>
          </TextLine>

          
          
          <TextLine ID="eSc_line_1361961"
                    
                    BASELINE="3142 5130 4727 5136" 
                    HPOS="3136.0"
                    VPOS="5061.0"
                    WIDTH="1588.0"
                    HEIGHT="145.0">
            <Shape><Polygon POINTS="3136 5125 3142 5098 3217 5093 3260 5061 3432 5061 3470 5098 3545 5061 3621 5061 3696 5098 3787 5098 3836 5066 3911 5082 4046 5061 4164 5098 4239 5061 4277 5098 4530 5098 4568 5066 4702 5077 4724 5130 4707 5206 4202 5206 4180 5184 4056 5206 4035 5184 3960 5200 3927 5179 3879 5200 3734 5179 3680 5206 3534 5179 3352 5200 3319 5179 3142 5179"/></Shape>
	    <String CONTENT="ת&#39;ל&#39; ביום מלאות ימי נזירה לא אמרתי"
                    HPOS="3136.0"
                    VPOS="5061.0"
                    WIDTH="1588.0"
                    HEIGHT="145.0"></String>
          </TextLine>

          
        </TextBlock>
        
        <TextBlock HPOS="1369.0"
                   VPOS="1023.0"
                   WIDTH="1575.0"
                   HEIGHT="4158.0"
                   ID="eSc_textblock_15269"
                   TAGREFS="BT2">
          <Shape><Polygon POINTS="1369 1023 1369 5181 2914 5181 2944 1053"/></Shape>
          
          
          <TextLine ID="eSc_line_1361929"
                    
                    BASELINE="1404 1118 2910 1145" 
                    HPOS="1398.0"
                    VPOS="1032.0"
                    WIDTH="1507.0"
                    HEIGHT="178.0">
            <Shape><Polygon POINTS="1398 1113 1404 1064 1485 1064 1533 1032 1667 1032 1748 1070 2006 1070 2055 1043 2136 1075 2162 1048 2211 1048 2308 1081 2351 1059 2383 1081 2485 1081 2512 1059 2582 1081 2883 1054 2905 1140 2883 1210 2625 1210 2561 1183 2453 1204 2383 1183 2345 1204 2281 1183 2006 1199 1931 1172 1899 1193 1818 1172 1791 1193 1748 1172 1619 1188 1560 1167 1490 1188 1404 1167"/></Shape>
	    <String CONTENT="אלא במי שיש פסק לנזירותו יבוא"
                    HPOS="1398.0"
                    VPOS="1032.0"
                    WIDTH="1507.0"
                    HEIGHT="178.0"></String>
          </TextLine>

          
          
          <TextLine ID="eSc_line_1361931"
                    
                    BASELINE="1398 1258 2921 1258" 
                    HPOS="1393.0"
                    VPOS="1167.0"
                    WIDTH="1523.0"
                    HEIGHT="177.0">
            <Shape><Polygon POINTS="1393 1253 1479 1193 1694 1204 1748 1167 1786 1204 1942 1188 2087 1220 2388 1193 2437 1220 2501 1199 2620 1220 2905 1204 2916 1253 2905 1312 2873 1333 2754 1339 2684 1317 2534 1339 2480 1306 2442 1344 2227 1317 2119 1344 2082 1306 2055 1328 1791 1333 1587 1323 1560 1296 1458 1333 1404 1280"/></Shape>
	    <String CONTENT="אותו אחרין מביאין אותו והלא הוא"
                    HPOS="1393.0"
                    VPOS="1167.0"
                    WIDTH="1523.0"
                    HEIGHT="177.0"></String>
          </TextLine>

          
          
          <TextLine ID="eSc_line_1361933"
                    
                    BASELINE="1398 1366 2964 1392" 
                    HPOS="1393.0"
                    VPOS="1290.0"
                    WIDTH="1566.0"
                    HEIGHT="178.0">
            <Shape><Polygon POINTS="1393 1360 1522 1323 1554 1290 1581 1317 1662 1328 2076 1317 2114 1344 2222 1317 2437 1344 2475 1312 2512 1333 2797 1339 2943 1290 2959 1387 2883 1452 2652 1468 2620 1436 2388 1468 2340 1441 2227 1436 1479 1446 1415 1387 1398 1398"/></Shape>
	    <String CONTENT="מביא את עצמו ואת אחת משלש"
                    HPOS="1393.0"
                    VPOS="1290.0"
                    WIDTH="1566.0"
                    HEIGHT="178.0"></String>
          </TextLine>

          
          
          <TextLine ID="eSc_line_1361936"
                    
                    BASELINE="1431 1500 2921 1511" 
                    HPOS="1425.0"
                    VPOS="1436.0"
                    WIDTH="1491.0"
                    HEIGHT="145.0">
            <Shape><Polygon POINTS="1425 1495 1468 1446 1538 1441 2340 1441 2388 1468 2620 1436 2647 1462 2900 1441 2916 1505 2862 1570 2765 1581 2636 1559 2394 1575 2313 1548 2044 1575 1872 1543 1813 1565 1490 1565 1431 1505"/></Shape>
	    <String CONTENT="אתים שהיה ר&#39; ישמע&#39; דורש בתורה"
                    HPOS="1425.0"
                    VPOS="1436.0"
                    WIDTH="1491.0"
                    HEIGHT="145.0"></String>
          </TextLine>

          
          
          <TextLine ID="eSc_line_1361937"
                    
                    BASELINE="1420 1613 2953 1624" 
                    HPOS="1415.0"
                    VPOS="1548.0"
                    WIDTH="1533.0"
                    HEIGHT="156.0">
            <Shape><Polygon POINTS="1415 1608 1420 1575 1452 1597 1533 1554 1877 1548 2023 1575 2297 1554 2394 1575 2824 1565 2948 1618 2867 1704 2770 1672 2733 1694 2555 1699 2507 1667 2356 1694 2179 1672 1861 1688 1823 1656 1791 1683 1598 1678 1517 1699 1420 1624"/></Shape>
	    <String CONTENT="כיוצא בו אתה או&#39; והשיאו אתם עון"
                    HPOS="1415.0"
                    VPOS="1548.0"
                    WIDTH="1533.0"
                    HEIGHT="156.0"></String>
          </TextLine>

          
          
          <TextLine ID="eSc_line_1361939"
                    
                    BASELINE="1339 1742 2943 1758" 
                    HPOS="1334.0"
                    VPOS="1640.0"
                    WIDTH="1603.0"
                    HEIGHT="199.0">
            <Shape><Polygon POINTS="1334 1737 1452 1640 1511 1699 1829 1672 1861 1694 2512 1678 2550 1699 2770 1678 2878 1704 2937 1753 2862 1817 2663 1823 2254 1796 2195 1828 2168 1801 1996 1812 1969 1790 1840 1823 1802 1785 1780 1807 1592 1812 1463 1790 1398 1839 1339 1780"/></Shape>
	    <String CONTENT="אשמה וכי אחרין משיאין אותם והלא"
                    HPOS="1334.0"
                    VPOS="1640.0"
                    WIDTH="1603.0"
                    HEIGHT="199.0"></String>
          </TextLine>

          
          
          <TextLine ID="eSc_line_1361941"
                    
                    BASELINE="1404 1866 2921 1877" 
                    HPOS="1398.0"
                    VPOS="1790.0"
                    WIDTH="1518.0"
                    HEIGHT="162.0">
            <Shape><Polygon POINTS="1398 1860 1474 1790 1501 1812 1624 1817 1813 1801 1840 1823 1888 1801 2157 1807 2189 1834 2431 1801 2469 1823 2900 1801 2916 1871 2900 1920 2862 1941 2631 1941 2571 1914 2475 1952 2426 1920 2340 1952 2162 1952 2130 1925 2087 1941 1969 1914 1915 1936 1823 1914 1754 1941 1608 1930 1576 1903 1431 1941 1404 1914"/></Shape>
	    <String CONTENT="הן משיאין את עצמו כיוצא בו את&#39;"
                    HPOS="1398.0"
                    VPOS="1790.0"
                    WIDTH="1518.0"
                    HEIGHT="162.0"></String>
          </TextLine>

          
          
          <TextLine ID="eSc_line_1361943"
                    
                    BASELINE="1409 1979 2959 2006" 
                    HPOS="1404.0"
                    VPOS="1909.0"
                    WIDTH="1549.0"
                    HEIGHT="172.0">
            <Shape><Polygon POINTS="1404 1973 1452 1936 1576 1909 1754 1941 1974 1920 2152 1952 2421 1930 2480 1952 2571 1925 2652 1946 2840 1941 2953 2000 2846 2076 2641 2054 2598 2081 2469 2033 2378 2076 2265 2054 1974 2059 1931 2033 1893 2059 1732 2038 1463 2049 1409 1995"/></Shape>
	    <String CONTENT="או&#39; ויקבר אתו בגי&#39; בארץ מואב וכי"
                    HPOS="1404.0"
                    VPOS="1909.0"
                    WIDTH="1549.0"
                    HEIGHT="172.0"></String>
          </TextLine>

          
          
          <TextLine ID="eSc_line_1361945"
                    
                    BASELINE="1425 2097 2921 2119" 
                    HPOS="1420.0"
                    VPOS="2038.0"
                    WIDTH="1496.0"
                    HEIGHT="167.0">
            <Shape><Polygon POINTS="1420 2092 1425 2043 1737 2038 1872 2065 2055 2043 2076 2065 2286 2076 2480 2043 2604 2092 2652 2059 2711 2081 2867 2070 2916 2113 2900 2183 2824 2199 2631 2205 2593 2183 2544 2205 2399 2172 2238 2194 2211 2167 2103 2183 2071 2162 1974 2188 1856 2167 1425 2178"/></Shape>
	    <String CONTENT="אחרין קברו אתו והלא הוא קבר את"
                    HPOS="1420.0"
                    VPOS="2038.0"
                    WIDTH="1496.0"
                    HEIGHT="167.0"></String>
          </TextLine>

          
          
          <TextLine ID="eSc_line_1361947"
                    
                    BASELINE="1425 2226 2921 2248" 
                    HPOS="1420.0"
                    VPOS="2167.0"
                    WIDTH="1496.0"
                    HEIGHT="161.0">
            <Shape><Polygon POINTS="1420 2221 1463 2172 1974 2188 2082 2167 2109 2188 2216 2172 2318 2199 2388 2178 2544 2205 2900 2183 2916 2242 2813 2328 2636 2323 2582 2291 2550 2318 2340 2323 2313 2296 2173 2318 2071 2280 1974 2307 1646 2280 1447 2301 1425 2280"/></Shape>
	    <String CONTENT="עצמו אף כן את&#39; או&#39; יביא אותו הוא"
                    HPOS="1420.0"
                    VPOS="2167.0"
                    WIDTH="1496.0"
                    HEIGHT="161.0"></String>
          </TextLine>

          
          
          <TextLine ID="eSc_line_1361949"
                    
                    BASELINE="1425 2344 2937 2382" 
                    HPOS="1420.0"
                    VPOS="2285.0"
                    WIDTH="1512.0"
                    HEIGHT="199.0">
            <Shape><Polygon POINTS="1420 2339 1431 2296 1635 2285 1953 2312 2071 2285 2168 2318 2313 2296 2345 2328 2582 2307 2722 2334 2857 2318 2932 2377 2840 2441 2647 2425 2561 2484 2405 2474 2275 2409 2076 2441 2028 2409 1899 2431 1845 2398 1818 2425 1641 2420 1592 2393 1517 2425 1425 2409"/></Shape>
	    <String CONTENT="יביא את עצמו ואין אחרין מביאין"
                    HPOS="1420.0"
                    VPOS="2285.0"
                    WIDTH="1512.0"
                    HEIGHT="199.0"></String>
          </TextLine>

          
          
          <TextLine ID="eSc_line_1361951"
                    
                    BASELINE="1382 2474 2959 2511" 
                    HPOS="1377.0"
                    VPOS="2409.0"
                    WIDTH="1576.0"
                    HEIGHT="172.0">
            <Shape><Polygon POINTS="1377 2468 1441 2425 1538 2409 1797 2431 1850 2409 1963 2479 2044 2436 2281 2409 2405 2490 2631 2495 2684 2447 2781 2436 2857 2441 2953 2506 2792 2581 2717 2570 2598 2500 2426 2495 2351 2565 2281 2560 2238 2517 2157 2570 2076 2554 2001 2484 1963 2484 1893 2549 1737 2549 1684 2522 1651 2549 1431 2549 1382 2500"/></Shape>
	    <String CONTENT="אתו ˙ סל&#39; פס&#39; ˙ והקריב את"
                    HPOS="1377.0"
                    VPOS="2409.0"
                    WIDTH="1576.0"
                    HEIGHT="172.0"></String>
          </TextLine>

          
          
          <TextLine ID="eSc_line_1361953"
                    
                    BASELINE="1420 2592 2921 2613" 
                    HPOS="1415.0"
                    VPOS="2500.0"
                    WIDTH="1501.0"
                    HEIGHT="194.0">
            <Shape><Polygon POINTS="1415 2586 1431 2549 1463 2543 1813 2554 1985 2527 2114 2565 2249 2543 2345 2565 2399 2533 2464 2543 2534 2500 2711 2576 2900 2549 2916 2608 2883 2667 2824 2689 2663 2689 2620 2662 2588 2683 2539 2662 2512 2683 2254 2673 2200 2694 2152 2662 1969 2683 1646 2651 1495 2667 1420 2630"/></Shape>
	    <String CONTENT="קרבנו לייי כבש בן שנתו תמים אחד"
                    HPOS="1415.0"
                    VPOS="2500.0"
                    WIDTH="1501.0"
                    HEIGHT="194.0"></String>
          </TextLine>

          
          
          <TextLine ID="eSc_line_1361955"
                    
                    BASELINE="1388 2726 2943 2753" 
                    HPOS="1382.0"
                    VPOS="2656.0"
                    WIDTH="1555.0"
                    HEIGHT="173.0">
            <Shape><Polygon POINTS="1382 2721 1458 2662 1571 2656 1834 2683 1893 2662 2189 2689 2625 2673 2711 2694 2792 2678 2937 2748 2867 2812 2797 2829 2727 2807 2695 2829 2512 2807 2351 2829 2179 2796 2109 2812 2082 2785 2039 2807 1694 2807 1657 2785 1479 2780 1431 2796 1388 2753"/></Shape>
	    <String CONTENT="להוציא את בעל מום וכבשה אחת"
                    HPOS="1382.0"
                    VPOS="2656.0"
                    WIDTH="1555.0"
                    HEIGHT="173.0"></String>
          </TextLine>

          
          
          <TextLine ID="eSc_line_1361957"
                    
                    BASELINE="1339 2850 2964 2888" 
                    HPOS="1334.0"
                    VPOS="2780.0"
                    WIDTH="1625.0"
                    HEIGHT="183.0">
            <Shape><Polygon POINTS="1334 2845 1479 2780 1608 2812 2033 2807 2082 2785 2103 2812 2345 2829 2851 2823 2900 2872 2959 2882 2835 2963 2722 2941 2523 2952 2458 2915 2335 2947 2130 2925 2033 2941 1969 2915 1936 2941 1802 2941 1764 2904 1700 2936 1576 2936 1528 2898 1501 2925 1366 2925 1339 2904"/></Shape>
	    <String CONTENT="בת שנתה תמימה להוציא את בעלת"
                    HPOS="1334.0"
                    VPOS="2780.0"
                    WIDTH="1625.0"
                    HEIGHT="183.0"></String>
          </TextLine>

          
          
          <TextLine ID="eSc_line_1361993"
                    
                    BASELINE="1312 2984 2916 3006" 
                    HPOS="1307.0"
                    VPOS="2904.0"
                    WIDTH="1603.0"
                    HEIGHT="177.0">
            <Shape><Polygon POINTS="1307 2979 1382 2931 1479 2936 1528 2904 1554 2931 1705 2941 1764 2915 1791 2941 1926 2947 1969 2925 2405 2947 2464 2920 2496 2952 2862 2958 2910 3001 2878 3076 2571 3065 2544 3044 2469 3065 2270 3065 2243 3044 2119 3065 2049 3028 2017 3054 1565 3044 1528 3081 1506 3060 1463 3076 1312 2984"/></Shape>
	    <String CONTENT="מום ואיל אחד תמים לשלמים לימד"
                    HPOS="1307.0"
                    VPOS="2904.0"
                    WIDTH="1603.0"
                    HEIGHT="177.0"></String>
          </TextLine>

          
          
          <TextLine ID="eSc_line_1361981"
                    
                    BASELINE="1554 3097 2948 3124" 
                    HPOS="1549.0"
                    VPOS="3028.0"
                    WIDTH="1394.0"
                    HEIGHT="209.0">
            <Shape><Polygon POINTS="1549 3092 1581 3054 2023 3054 2055 3028 2119 3065 2249 3044 2378 3071 2544 3049 2862 3076 2943 3119 2830 3237 2717 3178 2684 3189 2652 3151 2620 3151 2561 3210 2383 3173 2324 3210 2254 3183 2168 3210 2033 3151 1990 3194 1936 3167 1641 3167 1598 3124 1554 3119"/></Shape>
	    <String CONTENT="בנזיר שיטען בשלש בהמות ˙"
                    HPOS="1549.0"
                    VPOS="3028.0"
                    WIDTH="1394.0"
                    HEIGHT="209.0"></String>
          </TextLine>

          
          
          <TextLine ID="eSc_line_1361991"
                    
                    BASELINE="1404 3221 2797 3237" 
                    HPOS="1398.0"
                    VPOS="3103.0"
                    WIDTH="1394.0"
                    HEIGHT="215.0">
            <Shape><Polygon POINTS="1398 3216 1404 3151 1458 3103 1517 3157 1614 3189 1646 3162 1931 3167 1990 3200 2028 3167 2130 3178 2168 3216 2329 3221 2421 3178 2550 3221 2620 3151 2652 3151 2792 3232 2711 3313 2652 3307 2582 3243 2518 3307 2437 3318 2313 3227 2205 3227 2136 3296 2044 3302 1969 3280 1694 3296 1603 3259 1501 3275 1404 3221"/></Shape>
	    <String CONTENT="סל&#39; פס&#39; ˙ וסל מצות כלל"
                    HPOS="1398.0"
                    VPOS="3103.0"
                    WIDTH="1394.0"
                    HEIGHT="215.0"></String>
          </TextLine>

          
          
          <TextLine ID="eSc_line_1361994"
                    
                    BASELINE="1420 3350 2900 3372" 
                    HPOS="1415.0"
                    VPOS="3237.0"
                    WIDTH="1479.0"
                    HEIGHT="205.0">
            <Shape><Polygon POINTS="1415 3345 1425 3243 1490 3280 1554 3286 1603 3259 1700 3302 2275 3286 2318 3243 2437 3313 2501 3313 2577 3259 2636 3318 2695 3323 2808 3237 2883 3313 2894 3366 2846 3425 2625 3442 2528 3431 2501 3404 2469 3425 2356 3404 2157 3425 2103 3393 1963 3425 1915 3404 1829 3425 1797 3399 1528 3415 1420 3372"/></Shape>
	    <String CONTENT="סלת חלת בלולות בשמן פרט כלל"
                    HPOS="1415.0"
                    VPOS="3237.0"
                    WIDTH="1479.0"
                    HEIGHT="205.0"></String>
          </TextLine>

          
          
          <TextLine ID="eSc_line_1361979"
                    
                    BASELINE="1334 3452 2932 3479" 
                    HPOS="1328.0"
                    VPOS="3388.0"
                    WIDTH="1598.0"
                    HEIGHT="172.0">
            <Shape><Polygon POINTS="1328 3447 1334 3399 1431 3388 1657 3420 1775 3420 1797 3399 1888 3425 1910 3404 1974 3425 2098 3404 2125 3425 2475 3420 2507 3452 2539 3420 2631 3442 2840 3431 2889 3404 2910 3409 2926 3474 2867 3555 2797 3560 2523 3549 2431 3522 2388 3549 2345 3528 2292 3560 2259 3528 2060 3533 2039 3512 1985 3538 1662 3544 1619 3517 1334 3517"/></Shape>
	    <String CONTENT="ופרט וכלל אין בכלל אלא מה שבפרט"
                    HPOS="1328.0"
                    VPOS="3388.0"
                    WIDTH="1598.0"
                    HEIGHT="172.0"></String>
          </TextLine>

          
          
          <TextLine ID="eSc_line_1361984"
                    
                    BASELINE="1377 3592 2916 3619" 
                    HPOS="1372.0"
                    VPOS="3522.0"
                    WIDTH="1538.0"
                    HEIGHT="172.0">
            <Shape><Polygon POINTS="1372 3587 1447 3533 1807 3544 2039 3522 2259 3533 2297 3565 2340 3538 2846 3555 2910 3614 2803 3694 2604 3694 2507 3678 2469 3641 2421 3689 2195 3678 2162 3657 2136 3678 1990 3684 1958 3646 1802 3678 1581 3678 1528 3630 1452 3668 1377 3592"/></Shape>
	    <String CONTENT="שהיה בדין הואיל ותודה טעונה"
                    HPOS="1372.0"
                    VPOS="3522.0"
                    WIDTH="1538.0"
                    HEIGHT="172.0"></String>
          </TextLine>

          
          
          <TextLine ID="eSc_line_1361977"
                    
                    BASELINE="1334 3711 2910 3732" 
                    HPOS="1328.0"
                    VPOS="3641.0"
                    WIDTH="1577.0"
                    HEIGHT="172.0">
            <Shape><Polygon POINTS="1328 3705 1377 3662 1495 3668 1528 3646 1587 3684 1716 3662 1877 3678 1963 3651 1990 3678 2426 3689 2475 3641 2518 3689 2754 3684 2824 3716 2883 3668 2905 3727 2862 3802 2830 3775 2803 3802 2701 3813 2528 3813 2453 3786 2308 3802 2265 3780 2216 3802 2028 3797 2006 3775 1840 3802 1786 3780 1463 3775 1382 3802 1334 3754"/></Shape>
	    <String CONTENT="לחם ואיל נזיר טעון לחם אם למדתי"
                    HPOS="1328.0"
                    VPOS="3641.0"
                    WIDTH="1577.0"
                    HEIGHT="172.0"></String>
          </TextLine>

          
          
          <TextLine ID="eSc_line_1361989"
                    
                    BASELINE="1398 3845 2894 3867" 
                    HPOS="1393.0"
                    VPOS="3780.0"
                    WIDTH="1496.0"
                    HEIGHT="151.0">
            <Shape><Polygon POINTS="1393 3840 1436 3786 1791 3786 1834 3807 2001 3780 2044 3802 2453 3791 2695 3813 2792 3807 2830 3780 2873 3802 2889 3861 2851 3931 2388 3910 2238 3931 2162 3899 1899 3931 1764 3893 1641 3915 1603 3877 1517 3915 1398 3899"/></Shape>
	    <String CONTENT="לתודה שטעונה ארבעת מינין אף"
                    HPOS="1393.0"
                    VPOS="3780.0"
                    WIDTH="1496.0"
                    HEIGHT="151.0"></String>
          </TextLine>

          
          
          <TextLine ID="eSc_line_1361986"
                    
                    BASELINE="1355 3963 2921 3996" 
                    HPOS="1350.0"
                    VPOS="3883.0"
                    WIDTH="1566.0"
                    HEIGHT="188.0">
            <Shape><Polygon POINTS="1350 3958 1398 3904 1479 3915 1608 3883 1641 3920 1818 3893 1904 3931 2049 3910 2238 3931 2388 3915 2410 3936 2577 3915 2668 3942 2905 3926 2916 3990 2846 4060 2803 4060 2770 4028 2614 4044 2593 4022 2448 4066 2394 4022 2367 4049 2222 4033 2173 4060 2146 4033 2119 4055 2001 4039 1910 4071 1861 4033 1684 4044 1501 4006 1468 4039 1431 4017 1388 4049 1355 4017"/></Shape>
	    <String CONTENT="נזיר יטען ארבעת מינין ת&#39;ל&#39; וסל מצות"
                    HPOS="1350.0"
                    VPOS="3883.0"
                    WIDTH="1566.0"
                    HEIGHT="188.0"></String>
          </TextLine>

          
          
          <TextLine ID="eSc_line_1361980"
                    
                    BASELINE="1355 4103 2943 4119" 
                    HPOS="1350.0"
                    VPOS="4012.0"
                    WIDTH="1587.0"
                    HEIGHT="177.0">
            <Shape><Polygon POINTS="1350 4098 1436 4017 1474 4044 1511 4012 1592 4049 1877 4044 1910 4071 2006 4044 2125 4060 2152 4033 2189 4055 2227 4028 2367 4055 2405 4017 2448 4066 2593 4033 2668 4060 2706 4028 2770 4022 2813 4066 2905 4082 2937 4114 2921 4162 2840 4189 2701 4168 2512 4189 2405 4168 2340 4184 2254 4152 2184 4173 2103 4152 2071 4184 1829 4184 1673 4157 1538 4173 1468 4168 1393 4103 1355 4103"/></Shape>
	    <String CONTENT="כלל סלת חלת בלולות בשמן פרט כלל"
                    HPOS="1350.0"
                    VPOS="4012.0"
                    WIDTH="1587.0"
                    HEIGHT="177.0"></String>
          </TextLine>

          
          
          <TextLine ID="eSc_line_1361985"
                    
                    BASELINE="1355 4216 2900 4243" 
                    HPOS="1350.0"
                    VPOS="4146.0"
                    WIDTH="1544.0"
                    HEIGHT="167.0">
            <Shape><Polygon POINTS="1350 4211 1441 4146 1468 4173 1657 4162 1823 4184 2076 4184 2119 4146 2146 4173 2265 4157 2340 4189 2862 4189 2894 4238 2878 4286 2819 4313 2652 4308 2625 4281 2598 4308 2555 4286 2507 4313 2469 4291 2313 4308 2265 4254 2211 4291 2152 4286 2119 4254 2033 4308 1942 4270 1883 4297 1829 4275 1732 4297 1404 4297 1355 4270"/></Shape>
	    <String CONTENT="ופרט אין בכלל אלא מה שבפרט [ומ&#39;]"
                    HPOS="1350.0"
                    VPOS="4146.0"
                    WIDTH="1544.0"
                    HEIGHT="167.0"></String>
          </TextLine>

          
          
          <TextLine ID="eSc_line_1361987"
                    
                    BASELINE="1345 4351 2900 4367" 
                    HPOS="1339.0"
                    VPOS="4254.0"
                    WIDTH="1555.0"
                    HEIGHT="215.0">
            <Shape><Polygon POINTS="1339 4345 1382 4297 1764 4291 1802 4270 1856 4302 1942 4281 2033 4308 2114 4259 2152 4291 2216 4291 2259 4254 2318 4308 2507 4318 2631 4286 2657 4308 2851 4313 2894 4361 2857 4437 2819 4410 2776 4437 2448 4437 2421 4410 2378 4431 2249 4410 2168 4431 2136 4404 2093 4426 1867 4426 1797 4404 1517 4420 1490 4399 1409 4469 1345 4431"/></Shape>
	    <String CONTENT="ומנחתו וסכו לעולה ולשלמים או אף"
                    HPOS="1339.0"
                    VPOS="4254.0"
                    WIDTH="1555.0"
                    HEIGHT="215.0"></String>
          </TextLine>

          
          
          <TextLine ID="eSc_line_1361982"
                    
                    BASELINE="1431 4464 2910 4485" 
                    HPOS="1425.0"
                    VPOS="4404.0"
                    WIDTH="1480.0"
                    HEIGHT="156.0">
            <Shape><Polygon POINTS="1425 4458 1463 4420 1608 4415 2141 4415 2189 4437 2372 4431 2421 4404 2448 4431 2717 4442 2824 4410 2905 4480 2840 4550 2701 4560 2464 4539 2335 4555 2308 4528 2211 4555 2012 4523 1958 4555 1915 4533 1748 4555 1716 4528 1517 4544 1431 4517"/></Shape>
	    <String CONTENT="לחטאת ולאשם והדין נותן הואיל"
                    HPOS="1425.0"
                    VPOS="4404.0"
                    WIDTH="1480.0"
                    HEIGHT="156.0"></String>
          </TextLine>

          
          
          <TextLine ID="eSc_line_1361992"
                    
                    BASELINE="1431 4582 2921 4609" 
                    HPOS="1425.0"
                    VPOS="4523.0"
                    WIDTH="1491.0"
                    HEIGHT="161.0">
            <Shape><Polygon POINTS="1425 4576 1436 4533 1710 4533 1748 4566 1797 4539 1904 4533 2275 4550 2308 4523 2340 4560 2851 4555 2916 4603 2846 4679 2760 4684 2711 4657 2652 4684 2571 4641 2480 4679 2335 4679 2297 4657 1947 4668 1910 4636 1759 4673 1732 4652 1630 4657 1592 4619 1554 4652 1506 4625 1431 4630"/></Shape>
	    <String CONTENT="ומצורע מגלח ומביא קרבן ונזיר"
                    HPOS="1425.0"
                    VPOS="4523.0"
                    WIDTH="1491.0"
                    HEIGHT="161.0"></String>
          </TextLine>

          
          
          <TextLine ID="eSc_line_1361983"
                    
                    BASELINE="1312 4711 2894 4732" 
                    HPOS="1307.0"
                    VPOS="4619.0"
                    WIDTH="1582.0"
                    HEIGHT="183.0">
            <Shape><Polygon POINTS="1307 4706 1312 4646 1560 4646 1592 4619 1635 4663 1759 4673 1834 4652 1893 4673 2033 4657 2657 4684 2695 4652 2727 4679 2840 4679 2889 4727 2867 4781 2787 4802 2302 4775 2265 4797 2125 4797 2093 4770 1705 4786 1646 4754 1485 4786 1404 4754 1355 4802 1312 4775"/></Shape>
	    <String CONTENT="מגלח ומביא קרבן אם למדתי למצורע"
                    HPOS="1307.0"
                    VPOS="4619.0"
                    WIDTH="1582.0"
                    HEIGHT="183.0"></String>
          </TextLine>

          
          
          <TextLine ID="eSc_line_1361990"
                    
                    BASELINE="1339 4845 2900 4856" 
                    HPOS="1334.0"
                    VPOS="4765.0"
                    WIDTH="1560.0"
                    HEIGHT="161.0">
            <Shape><Polygon POINTS="1334 4840 1409 4765 1447 4792 1775 4770 2103 4781 2141 4802 2851 4802 2894 4851 2819 4926 2119 4921 2071 4883 2049 4905 1818 4894 1797 4915 1727 4899 1554 4926 1517 4899 1366 4921 1339 4894"/></Shape>
	    <String CONTENT="שחטאתו ואשמו טעונין נסכין אף"
                    HPOS="1334.0"
                    VPOS="4765.0"
                    WIDTH="1560.0"
                    HEIGHT="161.0"></String>
          </TextLine>

          
          
          <TextLine ID="eSc_line_1361978"
                    
                    BASELINE="1355 4974 2916 4985" 
                    HPOS="1350.0"
                    VPOS="4894.0"
                    WIDTH="1560.0"
                    HEIGHT="161.0">
            <Shape><Polygon POINTS="1350 4969 1388 4921 1791 4921 1850 4894 1888 4915 1963 4899 2136 4926 2738 4915 2840 4926 2910 4980 2840 5039 2754 5034 2727 5055 2614 5023 2496 5055 2421 5034 2372 5050 2329 5017 2286 5050 2082 5044 2060 5023 1829 5039 1807 5017 1732 5044 1684 5023 1651 5050 1614 5017 1554 5055 1474 5017 1415 5055 1355 4996"/></Shape>
	    <String CONTENT="הנזיר יהו חטאתו ואש&#39; טעו&#39; נסכין"
                    HPOS="1350.0"
                    VPOS="4894.0"
                    WIDTH="1560.0"
                    HEIGHT="161.0"></String>
          </TextLine>

          
          
          <TextLine ID="eSc_line_1361988"
                    
                    BASELINE="1355 5087 2894 5104" 
                    HPOS="1350.0"
                    VPOS="5023.0"
                    WIDTH="1539.0"
                    HEIGHT="150.0">
            <Shape><Polygon POINTS="1350 5082 1355 5050 1441 5050 1468 5023 1554 5050 1705 5023 1737 5050 1877 5034 1910 5055 2351 5028 2410 5061 2857 5034 2889 5098 2851 5168 2706 5152 2561 5173 2518 5152 2415 5173 2372 5147 2184 5168 2023 5147 1915 5168 1888 5147 1764 5163 1743 5141 1673 5163 1431 5141 1409 5163 1355 5141"/></Shape>
	    <String CONTENT="ת&#39;ל&#39; ואת האיל יעשה זבח שלמ&#39; לייי [/]"
                    HPOS="1350.0"
                    VPOS="5023.0"
                    WIDTH="1539.0"
                    HEIGHT="150.0"></String>
          </TextLine>

          
        </TextBlock>
        
        <TextBlock HPOS="904.0"
                   VPOS="518.0"
                   WIDTH="535.0"
                   HEIGHT="158.0"
                   ID="eSc_textblock_15268"
                   TAGREFS="BT219">
          <Shape><Polygon POINTS="904 518 904 676 1439 676 1439 518"/></Shape>
          
          
          <TextLine ID="eSc_line_1361928"
                    
                    BASELINE="866 580 1458 586" 
                    HPOS="860.0"
                    VPOS="543.0"
                    WIDTH="592.0"
                    HEIGHT="150.0">
            <Shape><Polygon POINTS="860 575 984 548 1033 564 1065 543 1129 564 1404 543 1452 580 1436 634 1328 656 1302 634 1205 634 1065 693 866 693"/></Shape>
	    <String CONTENT="ספרי ˙ נשא ˙"
                    HPOS="860.0"
                    VPOS="543.0"
                    WIDTH="592.0"
                    HEIGHT="150.0"></String>
          </TextLine>

          
        </TextBlock>
        

        
      </PrintSpace>
    </Page>
  </Layout>
</alto>
