<?xml version="1.0" encoding="UTF-8"?>
<alto xmlns:xsi="http://www.w3.org/2001/XMLSchema-instance"
      xmlns="http://www.loc.gov/standards/alto/ns-v4#"
      xsi:schemaLocation="http://www.loc.gov/standards/alto/ns-v4# http://www.loc.gov/standards/alto/v4/alto-4-2.xsd">
  <Description>
    <MeasurementUnit>pixel</MeasurementUnit>
    <sourceImageInformation>
      <fileName>oulis2017-aya-0841-0.jpg</fileName>
      
    </sourceImageInformation>
  </Description>
  
  <Tags>
    <OtherTag ID="BT1164" LABEL="Hole" DESCRIPTION="block type Hole"/><OtherTag ID="BT2" LABEL="Main" DESCRIPTION="block type Main"/><OtherTag ID="BT3" LABEL="Commentary" DESCRIPTION="block type Commentary"/><OtherTag ID="BT4" LABEL="Illustration" DESCRIPTION="block type Illustration"/><OtherTag ID="BT218" LABEL="Margin" DESCRIPTION="block type Margin"/><OtherTag ID="BT219" LABEL="Paratext" DESCRIPTION="block type Paratext"/>
    <OtherTag ID="LT2" LABEL="Numbering" DESCRIPTION="line type Numbering"/><OtherTag ID="LT3" LABEL="Correction" DESCRIPTION="line type Correction"/><OtherTag ID="LT481" LABEL="Gloss" DESCRIPTION="line type Gloss"/>
  </Tags>
  
  <Layout>
    <Page WIDTH="5402"
          HEIGHT="6454"
          PHYSICAL_IMG_NR="828"
          ID="eSc_dummypage_">
      <PrintSpace HPOS="0"
                  VPOS="0"
                  WIDTH="5402"
                  HEIGHT="6454">
        
        <TextBlock HPOS="3072.0"
                   VPOS="962.0"
                   WIDTH="1716.0"
                   HEIGHT="4257.0"
                   ID="eSc_textblock_dc90830a"
                   TAGREFS="BT2">
          <Shape><Polygon POINTS="3072 962 3072 5219 4788 5219 4689 962"/></Shape>
          
          
          <TextLine ID="eSc_line_1375370"
                    
                    BASELINE="3056 1054 4648 1054" 
                    HPOS="3050.0"
                    VPOS="968.0"
                    WIDTH="1593.0"
                    HEIGHT="150.0">
            <Shape><Polygon POINTS="3050 1048 3061 989 3239 994 3287 968 3395 994 3427 968 3518 968 3610 994 3658 968 3750 968 3873 994 3900 968 4132 994 4255 968 4325 994 4632 994 4643 1048 4632 1102 4557 1118 3061 1102"/></Shape>
	    <String CONTENT="יבא דבר&#39; ר&#39; עקיב&#39; שנ&#39; לא יקח איש את"
                    HPOS="3050.0"
                    VPOS="968.0"
                    WIDTH="1593.0"
                    HEIGHT="150.0"></String>
          </TextLine>

          
          
          <TextLine ID="eSc_line_1375372"
                    
                    BASELINE="3099 1193 4637 1183" 
                    HPOS="3093.0"
                    VPOS="1091.0"
                    WIDTH="1539.0"
                    HEIGHT="172.0">
            <Shape><Polygon POINTS="3093 1188 3206 1107 3265 1118 3292 1097 3346 1134 3459 1118 3551 1140 3588 1118 3992 1113 4013 1091 4073 1124 4159 1102 4422 1129 4616 1118 4632 1177 4589 1258 3922 1231 3793 1263 3534 1242 3395 1263 3163 1247 3104 1188"/></Shape>
	    <String CONTENT="אשת אביו ולא יבא ממזר בקהל ייי"
                    HPOS="3093.0"
                    VPOS="1091.0"
                    WIDTH="1539.0"
                    HEIGHT="172.0"></String>
          </TextLine>

          
          
          <TextLine ID="eSc_line_1375374"
                    
                    BASELINE="3152 1328 4632 1317" 
                    HPOS="3147.0"
                    VPOS="1231.0"
                    WIDTH="1480.0"
                    HEIGHT="156.0">
            <Shape><Polygon POINTS="3147 1323 3152 1253 3787 1263 4126 1231 4347 1258 4611 1247 4627 1312 4589 1387 4471 1366 4395 1387 4223 1376 4191 1344 4110 1376 3717 1355 3680 1387 3427 1360 3265 1387 3152 1349"/></Shape>
	    <String CONTENT="מה אשת אב מיוחדת שאר בשר"
                    HPOS="3147.0"
                    VPOS="1231.0"
                    WIDTH="1480.0"
                    HEIGHT="156.0"></String>
          </TextLine>

          
          
          <TextLine ID="eSc_line_1375377"
                    
                    BASELINE="3142 1446 4643 1446" 
                    HPOS="3136.0"
                    VPOS="1349.0"
                    WIDTH="1501.0"
                    HEIGHT="178.0">
            <Shape><Polygon POINTS="3136 1441 3169 1349 3271 1398 3416 1371 3691 1387 3717 1360 4121 1382 4196 1349 4229 1382 4401 1387 4471 1366 4594 1392 4637 1441 4627 1479 4562 1516 4331 1516 4202 1489 4121 1505 4089 1484 3965 1495 3933 1522 3863 1489 3744 1495 3723 1516 3674 1473 3572 1516 3421 1489 3325 1527 3255 1484 3196 1511 3147 1468"/></Shape>
	    <String CONTENT="שהוא בלא יבא והולד ממזר כך כל"
                    HPOS="3136.0"
                    VPOS="1349.0"
                    WIDTH="1501.0"
                    HEIGHT="178.0"></String>
          </TextLine>

          
          
          <TextLine ID="eSc_line_1375378"
                    
                    BASELINE="3142 1575 4648 1559" 
                    HPOS="3136.0"
                    VPOS="1473.0"
                    WIDTH="1507.0"
                    HEIGHT="167.0">
            <Shape><Polygon POINTS="3136 1570 3244 1484 3314 1522 3411 1495 3567 1522 3664 1473 3712 1511 3868 1489 3922 1522 3960 1495 4062 1489 4110 1538 4186 1489 4299 1495 4331 1522 4358 1500 4541 1522 4627 1495 4643 1554 4632 1597 4568 1640 4417 1640 4374 1613 3615 1640 3142 1618"/></Shape>
	    <String CONTENT="שאר בשר שהוא בלא יבא הולד"
                    HPOS="3136.0"
                    VPOS="1473.0"
                    WIDTH="1507.0"
                    HEIGHT="167.0"></String>
          </TextLine>

          
          
          <TextLine ID="eSc_line_1375380"
                    
                    BASELINE="3104 1699 4637 1704" 
                    HPOS="3099.0"
                    VPOS="1613.0"
                    WIDTH="1533.0"
                    HEIGHT="172.0">
            <Shape><Polygon POINTS="3099 1694 3126 1635 3362 1645 3400 1624 3551 1624 3604 1645 4105 1613 4535 1640 4616 1618 4632 1699 4616 1758 4589 1769 4331 1742 4288 1710 4191 1758 4056 1747 4013 1769 3976 1747 3707 1764 3664 1742 3588 1764 3518 1747 3491 1769 3395 1747 3341 1774 3222 1753 3131 1785 3104 1758"/></Shape>
	    <String CONTENT="ממזר ˙ שמע&#39; התימני או&#39; כל שחייבין"
                    HPOS="3099.0"
                    VPOS="1613.0"
                    WIDTH="1533.0"
                    HEIGHT="172.0"></String>
          </TextLine>

          
          
          <TextLine ID="eSc_line_1375382"
                    
                    BASELINE="3099 1823 4664 1823" 
                    HPOS="3093.0"
                    VPOS="1742.0"
                    WIDTH="1566.0"
                    HEIGHT="161.0">
            <Shape><Polygon POINTS="3093 1817 3222 1758 3352 1774 3432 1747 3465 1769 3524 1747 3981 1753 4024 1774 4062 1753 4196 1764 4299 1742 4492 1753 4594 1774 4659 1817 4551 1903 4487 1871 4449 1893 4395 1871 4358 1893 4137 1898 3992 1855 3922 1893 3701 1893 3658 1855 3610 1898 3352 1898 3314 1877 3255 1903 3212 1882 3158 1893 3104 1839"/></Shape>
	    <String CONTENT="עליו כרת בידי שמים שנ&#39; לא יקח"
                    HPOS="3093.0"
                    VPOS="1742.0"
                    WIDTH="1566.0"
                    HEIGHT="161.0"></String>
          </TextLine>

          
          
          <TextLine ID="eSc_line_1375384"
                    
                    BASELINE="3120 1952 4681 1946" 
                    HPOS="3115.0"
                    VPOS="1850.0"
                    WIDTH="1560.0"
                    HEIGHT="183.0">
            <Shape><Polygon POINTS="3115 1946 3142 1887 3615 1893 3658 1850 3696 1887 3760 1871 3927 1893 3986 1860 4229 1903 4385 1877 4551 1903 4637 1850 4675 1941 4562 2033 4508 1989 4438 2011 4395 1973 4352 2011 4142 2016 3970 1995 3890 2011 3766 1984 3255 2011 3120 1968"/></Shape>
	    <String CONTENT="איש את אשת אביו ולא יבא ממזר"
                    HPOS="3115.0"
                    VPOS="1850.0"
                    WIDTH="1560.0"
                    HEIGHT="183.0"></String>
          </TextLine>

          
          
          <TextLine ID="eSc_line_1375386"
                    
                    BASELINE="3109 2070 4299 2070 4691 2049" 
                    HPOS="3104.0"
                    VPOS="1973.0"
                    WIDTH="1582.0"
                    HEIGHT="178.0">
            <Shape><Polygon POINTS="3104 2065 3142 1989 3201 2011 3760 1989 4261 2016 4299 1995 4358 2006 4395 1973 4471 2033 4686 2043 4611 2140 4524 2151 4411 2140 4374 2113 4315 2145 4186 2135 4116 2102 4078 2135 4019 2140 3421 2113 3260 2140 3233 2113 3174 2129 3109 2070"/></Shape>
	    <String CONTENT="בקהל ייי מה אשת אב מיוחדת [שחי&#39;]"
                    HPOS="3104.0"
                    VPOS="1973.0"
                    WIDTH="1582.0"
                    HEIGHT="178.0"></String>
          </TextLine>

          
          
          <TextLine ID="eSc_line_1375389"
                    
                    BASELINE="3104 2210 4707 2210" 
                    HPOS="3099.0"
                    VPOS="2108.0"
                    WIDTH="1603.0"
                    HEIGHT="177.0">
            <Shape><Polygon POINTS="3099 2205 3217 2119 3265 2145 3830 2129 4013 2151 4078 2140 4110 2108 4299 2156 4358 2129 4605 2145 4702 2205 4573 2280 4411 2253 4315 2285 4261 2253 4164 2280 4126 2242 4062 2269 3787 2275 3669 2237 3599 2280 3298 2280 3163 2258 3109 2205"/></Shape>
	    <String CONTENT="שחייבין עליה כרת בידי שמים והולד"
                    HPOS="3099.0"
                    VPOS="2108.0"
                    WIDTH="1603.0"
                    HEIGHT="177.0"></String>
          </TextLine>

          
          
          <TextLine ID="eSc_line_1375391"
                    
                    BASELINE="3142 2339 4664 2323" 
                    HPOS="3136.0"
                    VPOS="2237.0"
                    WIDTH="1523.0"
                    HEIGHT="177.0">
            <Shape><Polygon POINTS="3136 2334 3174 2264 3599 2280 3647 2237 3793 2275 4046 2275 4116 2242 4164 2280 4250 2253 4288 2280 4385 2258 4573 2280 4643 2253 4659 2318 4611 2404 4395 2366 4309 2393 4126 2387 4105 2366 4046 2398 3852 2377 3814 2414 3766 2371 3674 2398 3642 2366 3529 2414 3502 2387 3357 2393 3335 2371 3271 2393 3142 2355"/></Shape>
	    <String CONTENT="ממזר אף כל שחייבין עליהן כרת בידי"
                    HPOS="3136.0"
                    VPOS="2237.0"
                    WIDTH="1523.0"
                    HEIGHT="177.0"></String>
          </TextLine>

          
          
          <TextLine ID="eSc_line_1375393"
                    
                    BASELINE="3077 2452 4670 2447" 
                    HPOS="3072.0"
                    VPOS="2361.0"
                    WIDTH="1592.0"
                    HEIGHT="166.0">
            <Shape><Polygon POINTS="3072 2447 3077 2371 3099 2361 3282 2398 3330 2377 3502 2382 3529 2409 3637 2366 3669 2398 3766 2377 3809 2414 3847 2382 3922 2371 4024 2404 4099 2377 4272 2404 4401 2377 4546 2387 4664 2441 4568 2527 4126 2495 3960 2522 3857 2490 3744 2511 3696 2490 3637 2511 3599 2490 3513 2511 3325 2490 3249 2517 3174 2490 3104 2511 3077 2484"/></Shape>
	    <String CONTENT="שמים הולד מני&#39; ר&#39; יהוש&#39; או&#39; כל שחייבי&#39;"
                    HPOS="3072.0"
                    VPOS="2361.0"
                    WIDTH="1592.0"
                    HEIGHT="166.0"></String>
          </TextLine>

          
          
          <TextLine ID="eSc_line_1375394"
                    
                    BASELINE="3077 2570 4664 2576" 
                    HPOS="3072.0"
                    VPOS="2495.0"
                    WIDTH="1587.0"
                    HEIGHT="161.0">
            <Shape><Polygon POINTS="3072 2565 3169 2495 3244 2522 3427 2495 3475 2517 3922 2495 3954 2527 4132 2495 4498 2506 4535 2527 4643 2500 4659 2570 4627 2640 4573 2630 4541 2656 4476 2624 3949 2646 3900 2619 3852 2651 3814 2630 3637 2624 3368 2624 3319 2646 3217 2624 3147 2646 3077 2576"/></Shape>
	    <String CONTENT="עליה מיתת בית דין הולר ממז&#39; שנא&#39;"
                    HPOS="3072.0"
                    VPOS="2495.0"
                    WIDTH="1587.0"
                    HEIGHT="161.0"></String>
          </TextLine>

          
          
          <TextLine ID="eSc_line_1375396"
                    
                    BASELINE="3131 2705 4697 2699" 
                    HPOS="3126.0"
                    VPOS="2624.0"
                    WIDTH="1565.0"
                    HEIGHT="161.0">
            <Shape><Polygon POINTS="3126 2699 3131 2630 3206 2624 3303 2646 3610 2624 3863 2646 3890 2624 3954 2656 4008 2635 4476 2635 4514 2662 4578 2635 4621 2667 4670 2662 4691 2694 4670 2764 4600 2780 4422 2753 4363 2785 4250 2742 4202 2775 4121 2753 4035 2769 4008 2748 3965 2769 3707 2748 3131 2764"/></Shape>
	    <String CONTENT="לא יקח איש את אשת אביו ולא"
                    HPOS="3126.0"
                    VPOS="2624.0"
                    WIDTH="1565.0"
                    HEIGHT="161.0"></String>
          </TextLine>

          
          
          <TextLine ID="eSc_line_1375398"
                    
                    BASELINE="3077 2829 4697 2834" 
                    HPOS="3072.0"
                    VPOS="2742.0"
                    WIDTH="1619.0"
                    HEIGHT="167.0">
            <Shape><Polygon POINTS="3072 2823 3120 2823 3169 2775 3228 2764 3836 2775 4003 2748 4202 2769 4250 2742 4358 2780 4411 2759 4557 2764 4691 2829 4568 2909 4126 2893 4099 2866 4062 2893 4019 2877 3782 2904 3271 2866 3169 2893 3077 2829"/></Shape>
	    <String CONTENT="יבא ממז&#39; מה אשת אב מיוחדת"
                    HPOS="3072.0"
                    VPOS="2742.0"
                    WIDTH="1619.0"
                    HEIGHT="167.0"></String>
          </TextLine>

          
          
          <TextLine ID="eSc_line_1375399"
                    
                    BASELINE="3104 2958 4681 2958" 
                    HPOS="3099.0"
                    VPOS="2872.0"
                    WIDTH="1576.0"
                    HEIGHT="182.0">
            <Shape><Polygon POINTS="3099 2952 3109 2888 3136 2877 3782 2909 3841 2888 4067 2898 4094 2872 4132 2898 4411 2893 4433 2915 4551 2920 4664 2877 4675 2952 4594 3033 4422 3006 4272 3033 4234 2995 4142 3033 4099 2990 4019 3028 3841 3011 3793 3033 3637 3006 3551 3022 3508 3001 3454 3054 3411 3011 3190 3022 3109 2995"/></Shape>
	    <String CONTENT="שחייבין עליה מיתת בית דין והולד"
                    HPOS="3099.0"
                    VPOS="2872.0"
                    WIDTH="1576.0"
                    HEIGHT="182.0"></String>
          </TextLine>

          
          
          <TextLine ID="eSc_line_1375400"
                    
                    BASELINE="3120 3092 4702 3087" 
                    HPOS="3115.0"
                    VPOS="2995.0"
                    WIDTH="1582.0"
                    HEIGHT="172.0">
            <Shape><Polygon POINTS="3115 3087 3185 3017 3405 3006 3454 3049 3502 3001 3556 3022 3642 3006 3777 3028 3970 3011 4003 3033 4078 2995 4142 3038 4218 3006 4272 3038 4390 3011 4600 3028 4654 3081 4697 3081 4611 3157 4363 3124 4272 3162 4234 3124 4116 3151 4083 3119 4019 3146 3857 3119 3760 3167 3707 3114 3637 3151 3572 3119 3497 3146 3459 3124 3330 3124 3260 3151 3174 3146 3120 3092"/></Shape>
	    <String CONTENT="ממזר כך כל שחייבין עליה מיתת"
                    HPOS="3115.0"
                    VPOS="2995.0"
                    WIDTH="1582.0"
                    HEIGHT="172.0"></String>
          </TextLine>

          
          
          <TextLine ID="eSc_line_1375405"
                    
                    BASELINE="3152 3200 4702 3210" 
                    HPOS="3147.0"
                    VPOS="3119.0"
                    WIDTH="1550.0"
                    HEIGHT="161.0">
            <Shape><Polygon POINTS="3147 3194 3152 3135 3255 3157 3314 3135 3508 3151 3572 3124 3626 3157 3707 3119 3766 3167 3798 3135 3884 3119 3976 3146 4083 3124 4116 3157 4234 3130 4272 3167 4363 3124 4465 3130 4621 3157 4697 3205 4621 3280 4492 3280 4401 3248 4331 3280 4309 3259 3938 3264 3793 3237 3744 3259 3588 3237 3508 3259 3481 3232 3416 3243 3395 3221 3335 3264 3152 3237"/></Shape>
	    <String CONTENT="בית דין הולד ממזר ˙ גם דור עשירי ˙"
                    HPOS="3147.0"
                    VPOS="3119.0"
                    WIDTH="1550.0"
                    HEIGHT="161.0"></String>
          </TextLine>

          
          
          <TextLine ID="eSc_line_1375406"
                    
                    BASELINE="3099 3329 4686 3323" 
                    HPOS="3093.0"
                    VPOS="3237.0"
                    WIDTH="1588.0"
                    HEIGHT="172.0">
            <Shape><Polygon POINTS="3093 3323 3099 3248 3459 3286 3578 3237 3642 3259 3830 3243 3933 3264 4304 3264 4325 3286 4395 3253 4487 3286 4605 3280 4681 3318 4627 3404 4428 3382 4245 3404 4218 3377 4029 3372 3960 3409 3793 3361 3400 3377 3357 3404 3319 3366 3249 3388 3099 3361"/></Shape>
	    <String CONTENT="נאמ&#39; כאן דור עשירי ונא&#39; ל[הלן](מטן) עשירי"
                    HPOS="3093.0"
                    VPOS="3237.0"
                    WIDTH="1588.0"
                    HEIGHT="172.0"></String>
          </TextLine>

          
          
          <TextLine ID="eSc_line_1375415"
                    
                    BASELINE="3083 3442 4681 3458" 
                    HPOS="3077.0"
                    VPOS="3366.0"
                    WIDTH="1598.0"
                    HEIGHT="162.0">
            <Shape><Polygon POINTS="3077 3436 3120 3436 3217 3377 3319 3377 3373 3404 3400 3377 3782 3366 3949 3404 4019 3372 4218 3377 4245 3404 4390 3399 4422 3377 4621 3399 4675 3452 4659 3528 4438 3495 4191 3517 4040 3479 3916 3512 3594 3501 3561 3522 3518 3501 3421 3517 3368 3479 3303 3528 3152 3522 3083 3452"/></Shape>
	    <String CONTENT="מה דור עשירי האמ&#39; למטן עד עולם"
                    HPOS="3077.0"
                    VPOS="3366.0"
                    WIDTH="1598.0"
                    HEIGHT="162.0"></String>
          </TextLine>

          
          
          <TextLine ID="eSc_line_1375407"
                    
                    BASELINE="3163 3581 4686 3587" 
                    HPOS="3158.0"
                    VPOS="3485.0"
                    WIDTH="1523.0"
                    HEIGHT="183.0">
            <Shape><Polygon POINTS="3158 3576 3163 3522 3298 3533 3378 3485 3416 3522 3545 3528 3873 3501 3911 3517 4029 3490 4186 3512 4444 3501 4611 3522 4681 3581 4637 3668 4611 3641 4325 3630 4229 3651 4105 3619 4024 3641 3750 3641 3707 3668 3669 3630 3615 3651 3545 3624 3325 3651 3282 3608 3228 3603 3196 3635 3163 3614"/></Shape>
	    <String CONTENT="אף דור עשירי האמ&#39; כאן עד עולם ˙"
                    HPOS="3158.0"
                    VPOS="3485.0"
                    WIDTH="1523.0"
                    HEIGHT="183.0"></String>
          </TextLine>

          
          
          <TextLine ID="eSc_line_1375408"
                    
                    BASELINE="3120 3716 4659 3716" 
                    HPOS="3115.0"
                    VPOS="3608.0"
                    WIDTH="1539.0"
                    HEIGHT="183.0">
            <Shape><Polygon POINTS="3115 3711 3126 3641 3217 3641 3271 3608 3325 3651 3561 3630 3599 3657 3680 3635 3712 3668 3760 3641 3949 3635 4175 3635 4245 3662 4331 3641 4541 3662 4611 3646 4654 3711 4616 3791 4492 3791 4465 3764 4202 3786 3734 3775 3712 3754 3594 3780 3190 3780 3126 3716"/></Shape>
	    <String CONTENT="לא יבא עמוני בזכרים הכת&#39; מד&#39; ולא"
                    HPOS="3115.0"
                    VPOS="3608.0"
                    WIDTH="1539.0"
                    HEIGHT="183.0"></String>
          </TextLine>

          
          
          <TextLine ID="eSc_line_1375409"
                    
                    BASELINE="3099 3845 4686 3840" 
                    HPOS="3093.0"
                    VPOS="3748.0"
                    WIDTH="1588.0"
                    HEIGHT="172.0">
            <Shape><Polygon POINTS="3093 3840 3174 3775 3599 3775 3701 3748 3739 3775 3809 3759 3954 3786 4664 3775 4681 3834 4637 3910 4530 3920 4342 3920 4293 3872 4250 3904 4218 3888 4126 3915 4083 3893 3992 3910 3707 3877 3540 3904 3368 3904 3255 3877 3179 3904 3115 3840"/></Shape>
	    <String CONTENT="בנקיבות ˙ ד&#39;א&#39; עמוני ולא עמונית"
                    HPOS="3093.0"
                    VPOS="3748.0"
                    WIDTH="1588.0"
                    HEIGHT="172.0"></String>
          </TextLine>

          
          
          <TextLine ID="eSc_line_1375410"
                    
                    BASELINE="3136 3958 4707 3974" 
                    HPOS="3131.0"
                    VPOS="3872.0"
                    WIDTH="1571.0"
                    HEIGHT="172.0">
            <Shape><Polygon POINTS="3131 3953 3142 3893 3395 3910 4078 3888 4132 3910 4255 3904 4293 3872 4342 3920 4611 3910 4702 3969 4621 4044 4535 4017 4433 4039 4390 4012 4212 4033 3960 4017 3933 3996 3884 4028 3696 4006 3163 4028 3136 4001"/></Shape>
	    <String CONTENT="מואבי ולא מואבית דב&#39; ר&#39; יהוד&#39; וחכמים"
                    HPOS="3131.0"
                    VPOS="3872.0"
                    WIDTH="1571.0"
                    HEIGHT="172.0"></String>
          </TextLine>

          
          
          <TextLine ID="eSc_line_1375411"
                    
                    BASELINE="3147 4092 4707 4098" 
                    HPOS="3142.0"
                    VPOS="3996.0"
                    WIDTH="1560.0"
                    HEIGHT="172.0">
            <Shape><Polygon POINTS="3142 4087 3147 4028 3895 4028 3933 3996 4019 4022 4546 4022 4702 4092 4562 4157 4519 4130 4460 4162 4390 4141 4277 4157 4207 4130 4056 4146 3981 4114 3847 4157 3400 4135 3260 4168 3233 4141 3179 4162 3147 4135"/></Shape>
	    <String CONTENT="או&#39; על דבר אשר לא קדמו מה דרכן [/]"
                    HPOS="3142.0"
                    VPOS="3996.0"
                    WIDTH="1560.0"
                    HEIGHT="172.0"></String>
          </TextLine>

          
          
          <TextLine ID="eSc_line_1375412"
                    
                    BASELINE="3142 4211 4697 4211" 
                    HPOS="3136.0"
                    VPOS="4119.0"
                    WIDTH="1555.0"
                    HEIGHT="178.0">
            <Shape><Polygon POINTS="3136 4205 3147 4141 3260 4168 3400 4141 3857 4157 3970 4119 4078 4157 4142 4141 4562 4168 4616 4141 4691 4205 4681 4248 4584 4291 4498 4270 4433 4291 4390 4265 4186 4281 4153 4259 4099 4281 4056 4248 4035 4270 3895 4281 3610 4254 3545 4275 3239 4265 3190 4297 3147 4254"/></Shape>
	    <String CONTENT="לקדם אנשים ולא נשים שהיה בדין"
                    HPOS="3136.0"
                    VPOS="4119.0"
                    WIDTH="1555.0"
                    HEIGHT="178.0"></String>
          </TextLine>

          
          
          <TextLine ID="eSc_line_1375416"
                    
                    BASELINE="3142 4340 4681 4340" 
                    HPOS="3136.0"
                    VPOS="4248.0"
                    WIDTH="1539.0"
                    HEIGHT="167.0">
            <Shape><Polygon POINTS="3136 4334 3239 4265 3717 4259 3900 4281 4062 4248 4094 4281 4627 4291 4675 4334 4637 4415 4229 4388 4148 4410 3696 4399 3669 4377 3583 4415 3524 4388 3411 4415 3217 4383 3147 4334"/></Shape>
	    <String CONTENT="ומה ממזר שלא נאמ&#39; בו עד עולם"
                    HPOS="3136.0"
                    VPOS="4248.0"
                    WIDTH="1539.0"
                    HEIGHT="167.0"></String>
          </TextLine>

          
          
          <TextLine ID="eSc_line_1375417"
                    
                    BASELINE="3077 4469 4707 4469" 
                    HPOS="3072.0"
                    VPOS="4372.0"
                    WIDTH="1630.0"
                    HEIGHT="188.0">
            <Shape><Polygon POINTS="3072 4464 3083 4394 3169 4372 3405 4415 3497 4394 3583 4415 3658 4388 4126 4415 4600 4410 4702 4464 4573 4560 4541 4533 4417 4528 4272 4550 3664 4517 3578 4544 3131 4539 3083 4490"/></Shape>
	    <String CONTENT="עשה בו נשים כאנשים עמונים ומואבי&#39;"
                    HPOS="3072.0"
                    VPOS="4372.0"
                    WIDTH="1630.0"
                    HEIGHT="188.0"></String>
          </TextLine>

          
          
          <TextLine ID="eSc_line_1375418"
                    
                    BASELINE="3109 4593 4729 4603" 
                    HPOS="3104.0"
                    VPOS="4517.0"
                    WIDTH="1620.0"
                    HEIGHT="178.0">
            <Shape><Polygon POINTS="3104 4587 3142 4587 3196 4533 3583 4539 3760 4517 3911 4544 3976 4523 4051 4555 4535 4528 4724 4598 4584 4684 4374 4668 4347 4695 4304 4668 4175 4695 4116 4657 4019 4689 3992 4668 3916 4679 3879 4652 3793 4673 3626 4641 3179 4679 3109 4609"/></Shape>
	    <String CONTENT="שנ&#39; בהן עד עולם אינו דין שנעשה"
                    HPOS="3104.0"
                    VPOS="4517.0"
                    WIDTH="1620.0"
                    HEIGHT="178.0"></String>
          </TextLine>

          
          
          <TextLine ID="eSc_line_1375403"
                    
                    BASELINE="3174 4738 4686 4749" 
                    HPOS="3169.0"
                    VPOS="4646.0"
                    WIDTH="1512.0"
                    HEIGHT="172.0">
            <Shape><Polygon POINTS="3169 4732 3228 4668 3330 4679 3615 4646 3787 4673 3884 4657 4013 4689 4142 4668 4229 4700 4299 4668 4325 4695 4460 4668 4621 4684 4681 4743 4643 4797 4530 4818 4487 4797 4040 4818 3960 4792 3626 4775 3534 4813 3298 4808 3265 4775 3222 4808 3174 4802"/></Shape>
	    <String CONTENT="בהן נשים כאנשים או חילוף ומה [ע&#39;]"
                    HPOS="3169.0"
                    VPOS="4646.0"
                    WIDTH="1512.0"
                    HEIGHT="172.0"></String>
          </TextLine>

          
          
          <TextLine ID="eSc_line_1375402"
                    
                    BASELINE="3120 4867 4729 4878" 
                    HPOS="3115.0"
                    VPOS="4781.0"
                    WIDTH="1609.0"
                    HEIGHT="172.0">
            <Shape><Polygon POINTS="3115 4862 3271 4781 3298 4808 4584 4802 4724 4872 4681 4872 4551 4953 4471 4926 4212 4937 4159 4915 3943 4942 3900 4910 3814 4942 3664 4921 3610 4948 3567 4905 3491 4942 3416 4905 3341 4931 3185 4931 3120 4867"/></Shape>
	    <String CONTENT="עמונים ומואבים שנ&#39; בהן עד עולם"
                    HPOS="3115.0"
                    VPOS="4781.0"
                    WIDTH="1609.0"
                    HEIGHT="172.0"></String>
          </TextLine>

          
          
          <TextLine ID="eSc_line_1375404"
                    
                    BASELINE="3169 4969 4707 4980" 
                    HPOS="3163.0"
                    VPOS="4910.0"
                    WIDTH="1539.0"
                    HEIGHT="161.0">
            <Shape><Polygon POINTS="3163 4964 3185 4931 3421 4910 3475 4942 3572 4915 3604 4948 3647 4926 3820 4942 3906 4915 3938 4942 4003 4926 4051 4948 4148 4921 4234 4942 4315 4921 4568 4953 4621 4921 4702 4974 4627 5044 4600 5028 4546 5061 4487 5023 4433 5055 4142 5039 4094 5071 4056 5039 3938 5061 3900 5028 3863 5050 3766 5044 3739 5017 3701 5044 3233 5044 3169 5001"/></Shape>
	    <String CONTENT="לא עשה בהן נשים כאנשים ממזר"
                    HPOS="3163.0"
                    VPOS="4910.0"
                    WIDTH="1539.0"
                    HEIGHT="161.0"></String>
          </TextLine>

          
          
          <TextLine ID="eSc_line_1375414"
                    
                    BASELINE="3077 5087 4729 5104" 
                    HPOS="3072.0"
                    VPOS="5023.0"
                    WIDTH="1652.0"
                    HEIGHT="188.0">
            <Shape><Polygon POINTS="3072 5082 3109 5023 3206 5044 3421 5023 4175 5066 4229 5034 4503 5034 4535 5066 4707 5066 4724 5098 4707 5168 4433 5211 4029 5184 3314 5200 3249 5157 3077 5157"/></Shape>
	    <String CONTENT="שלא נאמ&#39; בו עד עולם אינו דין שלא"
                    HPOS="3072.0"
                    VPOS="5023.0"
                    WIDTH="1652.0"
                    HEIGHT="188.0"></String>
          </TextLine>

          
        </TextBlock>
        
        <TextBlock HPOS="1241.0"
                   VPOS="946.0"
                   WIDTH="1716.0"
                   HEIGHT="4306.0"
                   ID="eSc_textblock_2824a9b8"
                   TAGREFS="BT2">
          <Shape><Polygon POINTS="2891 946 2957 5252 1307 5170 1295 4398 1339 4398 1339 4116 1291 4116 1241 946"/></Shape>
          
          
          <TextLine ID="eSc_line_1375371"
                    
                    BASELINE="1189 1075 2867 1070" 
                    HPOS="1183.0"
                    VPOS="984.0"
                    WIDTH="1679.0"
                    HEIGHT="150.0">
            <Shape><Polygon POINTS="1183 1070 1189 1021 1420 1021 1479 1000 1554 1021 1657 984 2006 1016 2125 984 2146 1005 2324 1021 2356 1000 2523 1011 2631 984 2652 1005 2679 989 2754 1021 2846 1021 2862 1064 2846 1107 2722 1134 2491 1134 2448 1107 2394 1134 2227 1113 2125 1134 1285 1134 1259 1107 1189 1107"/></Shape>
	    <String CONTENT="נעשה בו נשים כאנשים ת&#39;ל&#39; לא יבא ממזר"
                    HPOS="1183.0"
                    VPOS="984.0"
                    WIDTH="1679.0"
                    HEIGHT="150.0"></String>
          </TextLine>

          
          
          <TextLine ID="eSc_line_1375373"
                    
                    BASELINE="1302 1210 2835 1199" 
                    HPOS="1296.0"
                    VPOS="1129.0"
                    WIDTH="1534.0"
                    HEIGHT="156.0">
            <Shape><Polygon POINTS="1296 1204 1339 1129 1382 1150 1420 1134 1759 1156 2205 1129 2717 1140 2770 1145 2830 1193 2781 1269 2695 1280 2647 1253 2614 1274 2410 1258 2335 1285 2286 1247 2136 1263 2114 1242 1980 1280 1953 1253 1904 1274 1834 1253 1775 1280 1705 1253 1641 1274 1388 1274 1302 1237"/></Shape>
	    <String CONTENT="בין איש בין אשה אחר שריבה הכת&#39; [מ&#39;]"
                    HPOS="1296.0"
                    VPOS="1129.0"
                    WIDTH="1534.0"
                    HEIGHT="156.0"></String>
          </TextLine>

          
          
          <TextLine ID="eSc_line_1375375"
                    
                    BASELINE="1312 1323 2867 1328" 
                    HPOS="1307.0"
                    VPOS="1242.0"
                    WIDTH="1555.0"
                    HEIGHT="172.0">
            <Shape><Polygon POINTS="1307 1317 1339 1269 1635 1285 1700 1253 1754 1280 1899 1280 1931 1258 1990 1280 2114 1242 2136 1263 2292 1253 2329 1285 2367 1263 2727 1263 2824 1285 2862 1323 2770 1392 2684 1371 2625 1392 2372 1376 2249 1392 2205 1366 2049 1403 2012 1371 1974 1398 1893 1376 1861 1409 1823 1387 1630 1382 1592 1403 1474 1382 1420 1414 1388 1382 1334 1392 1312 1371"/></Shape>
	    <String CONTENT="מיעט הא אין עליך לדון אלא כדין [/]"
                    HPOS="1307.0"
                    VPOS="1242.0"
                    WIDTH="1555.0"
                    HEIGHT="172.0"></String>
          </TextLine>

          
          
          <TextLine ID="eSc_line_1375376"
                    
                    BASELINE="1269 1441 2867 1441" 
                    HPOS="1264.0"
                    VPOS="1376.0"
                    WIDTH="1598.0"
                    HEIGHT="151.0">
            <Shape><Polygon POINTS="1264 1436 1398 1387 1425 1414 1608 1403 1635 1382 1823 1387 1867 1409 1899 1376 1963 1398 2017 1376 2044 1403 2200 1382 2690 1382 2862 1436 2787 1511 2614 1484 2496 1527 2421 1495 1641 1522 1538 1516 1517 1495 1420 1527 1275 1436"/></Shape>
	    <String CONTENT="הראשון ומה ממזר שלא נאמ&#39; בו עד"
                    HPOS="1264.0"
                    VPOS="1376.0"
                    WIDTH="1598.0"
                    HEIGHT="151.0"></String>
          </TextLine>

          
          
          <TextLine ID="eSc_line_1375379"
                    
                    BASELINE="1302 1586 2846 1565" 
                    HPOS="1296.0"
                    VPOS="1479.0"
                    WIDTH="1544.0"
                    HEIGHT="177.0">
            <Shape><Polygon POINTS="1296 1581 1350 1516 2415 1495 2501 1522 2614 1479 2840 1559 2733 1651 2539 1624 2448 1656 2157 1624 1764 1624 1667 1656 1366 1645 1307 1586"/></Shape>
	    <String CONTENT="עולם עש&#39; בו נשים כאנשים עמונים"
                    HPOS="1296.0"
                    VPOS="1479.0"
                    WIDTH="1544.0"
                    HEIGHT="177.0"></String>
          </TextLine>

          
          
          <TextLine ID="eSc_line_1375381"
                    
                    BASELINE="1318 1710 2830 1715" 
                    HPOS="1312.0"
                    VPOS="1624.0"
                    WIDTH="1512.0"
                    HEIGHT="177.0">
            <Shape><Polygon POINTS="1312 1704 1350 1656 1684 1656 1759 1629 1920 1656 1963 1635 2195 1645 2286 1624 2313 1645 2437 1651 2808 1635 2824 1710 2792 1758 2744 1769 2426 1774 2388 1753 2098 1785 2066 1758 1969 1785 1920 1758 1829 1785 1797 1764 1447 1764 1398 1801 1318 1742"/></Shape>
	    <String CONTENT="ומואבים שנ&#39; בהן עד עולם אינו דין"
                    HPOS="1312.0"
                    VPOS="1624.0"
                    WIDTH="1512.0"
                    HEIGHT="177.0"></String>
          </TextLine>

          
          
          <TextLine ID="eSc_line_1375383"
                    
                    BASELINE="1291 1844 2857 1839" 
                    HPOS="1285.0"
                    VPOS="1758.0"
                    WIDTH="1566.0"
                    HEIGHT="151.0">
            <Shape><Polygon POINTS="1285 1839 1323 1769 1398 1796 1592 1758 1737 1780 2049 1764 2093 1790 2157 1769 2765 1769 2851 1834 2760 1903 2577 1909 2475 1893 2259 1909 2109 1882 2066 1903 2017 1882 1743 1882 1689 1903 1651 1877 1614 1903 1538 1882 1463 1909 1328 1903 1291 1866"/></Shape>
	    <String CONTENT="שנעשה בהן נשים כאנשים ת&#39;ל&#39; עמוני"
                    HPOS="1285.0"
                    VPOS="1758.0"
                    WIDTH="1566.0"
                    HEIGHT="151.0"></String>
          </TextLine>

          
          
          <TextLine ID="eSc_line_1375385"
                    
                    BASELINE="1264 1952 2857 1946" 
                    HPOS="1259.0"
                    VPOS="1877.0"
                    WIDTH="1592.0"
                    HEIGHT="150.0">
            <Shape><Polygon POINTS="1259 1946 1269 1898 1614 1903 1646 1877 1678 1903 1931 1882 2259 1909 2776 1898 2851 1941 2781 2011 2738 1995 2652 2022 2528 2022 2469 1995 2184 2016 2152 1984 2028 2011 1947 1984 1684 2022 1560 1989 1522 2016 1398 2027 1318 2016 1264 1979"/></Shape>
	    <String CONTENT="ולא עמונית דב&#39; ר&#39; יהוד&#39; אם נא&#39; דור עשירי"
                    HPOS="1259.0"
                    VPOS="1877.0"
                    WIDTH="1592.0"
                    HEIGHT="150.0"></String>
          </TextLine>

          
          
          <TextLine ID="eSc_line_1375387"
                    
                    BASELINE="1323 2081 2851 2065" 
                    HPOS="1318.0"
                    VPOS="1989.0"
                    WIDTH="1528.0"
                    HEIGHT="167.0">
            <Shape><Polygon POINTS="1318 2076 1350 2022 1522 2022 1576 1995 1608 2027 1710 2027 1947 1989 2023 2011 2157 1989 2184 2016 2410 2011 2464 1989 2598 2022 2754 1995 2846 2059 2781 2135 2711 2145 2421 2119 2367 2140 2297 2124 2103 2145 2071 2113 2033 2129 1963 2108 1936 2129 1732 2151 1598 2129 1372 2156 1323 2119"/></Shape>
	    <String CONTENT="למה נאמ&#39; עד עולם ﭏא מופנה להקיש"
                    HPOS="1318.0"
                    VPOS="1989.0"
                    WIDTH="1528.0"
                    HEIGHT="167.0"></String>
          </TextLine>

          
          
          <TextLine ID="eSc_line_1375388"
                    
                    BASELINE="1318 2205 2851 2210" 
                    HPOS="1312.0"
                    VPOS="2113.0"
                    WIDTH="1534.0"
                    HEIGHT="178.0">
            <Shape><Polygon POINTS="1312 2199 1339 2162 1920 2145 1974 2113 2066 2145 2706 2145 2754 2124 2846 2205 2765 2275 2690 2258 2636 2280 2604 2253 2544 2275 2491 2242 2453 2269 2421 2242 2378 2269 2179 2275 1657 2258 1549 2291 1318 2248"/></Shape>
	    <String CONTENT="לדון גזירה שוה נאמ&#39; כן דור עשירי"
                    HPOS="1312.0"
                    VPOS="2113.0"
                    WIDTH="1534.0"
                    HEIGHT="178.0"></String>
          </TextLine>

          
          
          <TextLine ID="eSc_line_1375390"
                    
                    BASELINE="1275 2323 2813 2339" 
                    HPOS="1269.0"
                    VPOS="2248.0"
                    WIDTH="1539.0"
                    HEIGHT="161.0">
            <Shape><Polygon POINTS="1269 2318 1302 2275 1571 2291 1646 2264 2238 2264 2356 2285 2410 2253 2464 2280 2518 2248 2544 2275 2609 2258 2631 2280 2797 2264 2808 2334 2787 2393 2550 2382 2405 2409 2362 2387 2227 2393 2173 2361 2093 2409 1942 2377 1872 2398 1603 2398 1581 2377 1452 2409 1275 2366"/></Shape>
	    <String CONTENT="ונאמ&#39; להלן דור עשירי מה דור עשירי"
                    HPOS="1269.0"
                    VPOS="2248.0"
                    WIDTH="1539.0"
                    HEIGHT="161.0"></String>
          </TextLine>

          
          
          <TextLine ID="eSc_line_1375392"
                    
                    BASELINE="1253 2441 2862 2452" 
                    HPOS="1248.0"
                    VPOS="2366.0"
                    WIDTH="1609.0"
                    HEIGHT="161.0">
            <Shape><Polygon POINTS="1248 2436 1328 2371 1361 2398 1485 2414 1549 2393 1915 2382 2098 2414 2179 2366 2227 2398 2362 2387 2383 2409 2458 2387 2765 2393 2857 2447 2787 2511 2598 2517 2566 2490 2523 2517 2480 2495 2415 2522 2313 2500 2254 2527 2195 2490 2141 2522 2076 2500 2001 2522 1910 2484 1872 2506 1764 2495 1716 2527 1554 2517 1533 2495 1420 2517 1382 2490 1318 2517 1253 2468"/></Shape>
	    <String CONTENT="האמ&#39; כן עד עולם אף דור עשירי האמ&#39;"
                    HPOS="1248.0"
                    VPOS="2366.0"
                    WIDTH="1609.0"
                    HEIGHT="161.0"></String>
          </TextLine>

          
          
          <TextLine ID="eSc_line_1375395"
                    
                    BASELINE="1259 2570 2857 2570" 
                    HPOS="1253.0"
                    VPOS="2490.0"
                    WIDTH="1598.0"
                    HEIGHT="172.0">
            <Shape><Polygon POINTS="1253 2565 1302 2511 1355 2517 1382 2490 1436 2522 1533 2506 1705 2538 1764 2506 1867 2522 1915 2490 2055 2543 2152 2522 2184 2490 2238 2527 2313 2506 2760 2506 2851 2565 2776 2646 2561 2662 2512 2635 2426 2656 2335 2630 2232 2651 2060 2597 1958 2651 1904 2624 1786 2651 1732 2624 1549 2651 1511 2613 1479 2635 1452 2608 1296 2646 1264 2613"/></Shape>
	    <String CONTENT="למעלן עד עולם ˙ על דבר אשר לא"
                    HPOS="1253.0"
                    VPOS="2490.0"
                    WIDTH="1598.0"
                    HEIGHT="172.0"></String>
          </TextLine>

          
          
          <TextLine ID="eSc_line_1375397"
                    
                    BASELINE="1248 2705 2835 2710" 
                    HPOS="1242.0"
                    VPOS="2608.0"
                    WIDTH="1588.0"
                    HEIGHT="183.0">
            <Shape><Polygon POINTS="1242 2699 1269 2651 1425 2619 1468 2646 1506 2613 1544 2651 1603 2656 1700 2635 1947 2656 1985 2624 2076 2640 2109 2608 2232 2651 2749 2640 2803 2662 2830 2705 2770 2791 2695 2764 2141 2775 2109 2753 2028 2785 1931 2759 1850 2780 1813 2753 1770 2780 1528 2780 1398 2775 1372 2748 1275 2780 1248 2753"/></Shape>
	    <String CONTENT="קדמו כשהוא או&#39; על דבר אף על היבמה"
                    HPOS="1242.0"
                    VPOS="2608.0"
                    WIDTH="1588.0"
                    HEIGHT="183.0"></String>
          </TextLine>

          
          
          <TextLine ID="eSc_line_1375429"
                    
                    BASELINE="1269 2829 2846 2845" 
                    HPOS="1264.0"
                    VPOS="2748.0"
                    WIDTH="1576.0"
                    HEIGHT="177.0">
            <Shape><Polygon POINTS="1264 2823 1366 2748 1398 2780 2701 2769 2781 2785 2840 2839 2781 2909 2367 2904 2270 2882 2205 2909 2103 2888 1791 2909 1630 2872 1517 2909 1377 2882 1328 2925 1269 2866"/></Shape>
	    <String CONTENT="וכו הוא אומ&#39; עמי זכר נא מה יעץ בלק ˙"
                    HPOS="1264.0"
                    VPOS="2748.0"
                    WIDTH="1576.0"
                    HEIGHT="177.0"></String>
          </TextLine>

          
          
          <TextLine ID="eSc_line_1375401"
                    
                    BASELINE="1302 2952 2770 2958" 
                    HPOS="1296.0"
                    VPOS="2888.0"
                    WIDTH="1469.0"
                    HEIGHT="145.0">
            <Shape><Polygon POINTS="1296 2947 1377 2888 1431 2909 1479 2893 1780 2915 2039 2893 2173 2915 2270 2888 2663 2898 2765 2952 2663 3028 2577 3011 2501 3033 2458 3001 2421 3028 2286 3006 2243 3028 2082 3006 1985 3028 1942 3006 1732 3033 1614 3011 1452 3022 1361 3011 1302 2952"/></Shape>
	    <String CONTENT="בדרך בשעת טירופכם ˙ בצאתכם [מ&#39;]"
                    HPOS="1296.0"
                    VPOS="2888.0"
                    WIDTH="1469.0"
                    HEIGHT="145.0"></String>
          </TextLine>

          
          
          <TextLine ID="eSc_line_1375433"
                    
                    BASELINE="1296 3065 2851 3076" 
                    HPOS="1291.0"
                    VPOS="3001.0"
                    WIDTH="1555.0"
                    HEIGHT="156.0">
            <Shape><Polygon POINTS="1291 3060 1361 3017 1743 3033 1942 3001 1963 3022 2426 3044 2464 3006 2507 3033 2835 3001 2846 3071 2787 3146 2561 3146 2528 3119 2378 3157 1797 3140 1764 3114 1614 3151 1587 3130 1506 3135 1474 3103 1377 3108 1334 3135 1296 3097"/></Shape>
	    <String CONTENT="ממצרים בשעת גאולתכם ˙ ואשר"
                    HPOS="1291.0"
                    VPOS="3001.0"
                    WIDTH="1555.0"
                    HEIGHT="156.0"></String>
          </TextLine>

          
          
          <TextLine ID="eSc_line_1375419"
                    
                    BASELINE="1205 3200 2857 3200" 
                    HPOS="1199.0"
                    VPOS="3103.0"
                    WIDTH="1652.0"
                    HEIGHT="177.0">
            <Shape><Polygon POINTS="1199 3194 1264 3146 1350 3140 1388 3108 1431 3130 1463 3103 1528 3146 2464 3157 2518 3135 2571 3157 2792 3157 2851 3194 2792 3264 2679 3280 2625 3253 2571 3275 2475 3253 2426 3275 2394 3243 2297 3280 2259 3259 2006 3270 1872 3237 1764 3264 1678 3243 1603 3264 1538 3237 1501 3270 1334 3253 1280 3275 1210 3205"/></Shape>
	    <String CONTENT="שכר עליך את בלעם הרי דבר נוי לבלעם ˙"
                    HPOS="1199.0"
                    VPOS="3103.0"
                    WIDTH="1652.0"
                    HEIGHT="177.0"></String>
          </TextLine>

          
          
          <TextLine ID="eSc_line_1375435"
                    
                    BASELINE="1269 3323 2835 3334" 
                    HPOS="1264.0"
                    VPOS="3243.0"
                    WIDTH="1566.0"
                    HEIGHT="172.0">
            <Shape><Polygon POINTS="1264 3318 1328 3253 1522 3275 1554 3243 1603 3270 1694 3243 1791 3270 2044 3253 2066 3275 2254 3259 2275 3280 2324 3253 2378 3275 2469 3253 2539 3275 2727 3259 2781 3275 2830 3329 2797 3404 2593 3382 2394 3399 2367 3372 2275 3366 2179 3415 2103 3377 2071 3388 2039 3356 1958 3393 1797 3399 1684 3372 1603 3404 1377 3399 1328 3388 1269 3329"/></Shape>
	    <String CONTENT="ולא אבה ייי ﭏ&#39;יך לשמע אל בלעם מל&#39;"
                    HPOS="1264.0"
                    VPOS="3243.0"
                    WIDTH="1566.0"
                    HEIGHT="172.0"></String>
          </TextLine>

          
          
          <TextLine ID="eSc_line_1375424"
                    
                    BASELINE="1302 3447 2857 3458" 
                    HPOS="1296.0"
                    VPOS="3356.0"
                    WIDTH="1555.0"
                    HEIGHT="182.0">
            <Shape><Polygon POINTS="1296 3442 1302 3388 1867 3399 1963 3393 2033 3356 2157 3415 2270 3372 2340 3372 2372 3404 2555 3404 2588 3382 2609 3404 2781 3404 2851 3452 2727 3528 2647 3506 2614 3528 2539 3512 2383 3533 2345 3501 2103 3538 2049 3506 1560 3522 1511 3485 1415 3522 1323 3522 1302 3501"/></Shape>
	    <String CONTENT="שאף המקלל נתקלל מפני מה כי אהבך"
                    HPOS="1296.0"
                    VPOS="3356.0"
                    WIDTH="1555.0"
                    HEIGHT="182.0"></String>
          </TextLine>

          
          
          <TextLine ID="eSc_line_1375421"
                    
                    BASELINE="1280 3581 2857 3587" 
                    HPOS="1275.0"
                    VPOS="3485.0"
                    WIDTH="1576.0"
                    HEIGHT="177.0">
            <Shape><Polygon POINTS="1275 3576 1350 3512 1409 3528 1517 3485 1560 3528 1813 3506 1834 3528 2243 3538 2345 3495 2383 3528 2625 3528 2668 3506 2711 3533 2787 3495 2851 3581 2760 3657 2636 3635 2609 3662 2555 3619 2528 3630 2464 3598 2426 3598 2378 3646 2189 3662 2071 3630 1990 3651 1958 3630 1904 3657 1635 3651 1571 3630 1388 3657 1307 3651 1280 3624"/></Shape>
	    <String CONTENT="ייי א&#39;יך ˙ לא תדרש שלמם מכלל שנ&#39;"
                    HPOS="1275.0"
                    VPOS="3485.0"
                    WIDTH="1576.0"
                    HEIGHT="177.0"></String>
          </TextLine>

          
          
          <TextLine ID="eSc_line_1375436"
                    
                    BASELINE="1248 3700 2851 3711" 
                    HPOS="1242.0"
                    VPOS="3603.0"
                    WIDTH="1604.0"
                    HEIGHT="188.0">
            <Shape><Polygon POINTS="1242 3694 1312 3651 1560 3635 1974 3657 2044 3630 2098 3662 2383 3662 2464 3603 2534 3635 2566 3624 2604 3662 2641 3641 2792 3651 2846 3705 2797 3786 2453 3754 2362 3791 2318 3764 2211 3791 2173 3754 2076 3786 2023 3743 1926 3786 1754 3754 1705 3791 1592 3791 1495 3759 1312 3780 1248 3716"/></Shape>
	    <String CONTENT="בטוב לו לו תוננו יכול אף זה כן ת&#39;ל&#39; וטובתם"
                    HPOS="1242.0"
                    VPOS="3603.0"
                    WIDTH="1604.0"
                    HEIGHT="188.0"></String>
          </TextLine>

          
          
          <TextLine ID="eSc_line_1375420"
                    
                    BASELINE="1312 3840 2835 3840" 
                    HPOS="1307.0"
                    VPOS="3748.0"
                    WIDTH="1523.0"
                    HEIGHT="183.0">
            <Shape><Polygon POINTS="1307 3834 1361 3780 1441 3786 1474 3759 1560 3797 1716 3797 1754 3759 1915 3797 1985 3786 2023 3748 2060 3786 2119 3791 2179 3759 2216 3797 2313 3764 2345 3791 2458 3759 2620 3791 2738 3775 2770 3797 2819 3786 2830 3834 2797 3915 2684 3893 2555 3931 2507 3893 2399 3915 2060 3915 1915 3888 1818 3920 1614 3904 1560 3867 1517 3904 1447 3904 1318 3834"/></Shape>
	    <String CONTENT="כל ימיך לעולם ולעולמי עולמים ˙ לא"
                    HPOS="1307.0"
                    VPOS="3748.0"
                    WIDTH="1523.0"
                    HEIGHT="183.0"></String>
          </TextLine>

          
          
          <TextLine ID="eSc_line_1375427"
                    
                    BASELINE="1291 3947 2878 3969" 
                    HPOS="1285.0"
                    VPOS="3867.0"
                    WIDTH="1588.0"
                    HEIGHT="177.0">
            <Shape><Polygon POINTS="1285 3942 1366 3867 1441 3904 1581 3888 1813 3920 1926 3888 2103 3915 2496 3899 2555 3931 2706 3888 2749 3915 2797 3910 2873 3963 2760 4039 2625 4044 2491 4033 2469 4012 2141 4039 2039 4017 1619 4017 1581 4039 1554 4017 1328 4022 1291 3985"/></Shape>
	    <String CONTENT="תתעב אדומי מפני מה כי אחיך גדולה"
                    HPOS="1285.0"
                    VPOS="3867.0"
                    WIDTH="1588.0"
                    HEIGHT="177.0"></String>
          </TextLine>

          
          
          <TextLine ID="eSc_line_1375428"
                    
                    BASELINE="1361 4076 2857 4092" 
                    HPOS="1355.0"
                    VPOS="4012.0"
                    WIDTH="1496.0"
                    HEIGHT="150.0">
            <Shape><Polygon POINTS="1355 4071 1372 4028 1592 4044 1630 4022 1958 4022 2093 4044 2469 4017 2491 4039 2593 4044 2765 4039 2835 4012 2851 4087 2776 4152 2555 4157 2518 4130 2437 4162 1861 4157 1823 4135 1689 4162 1592 4119 1517 4157 1431 4109 1398 4141 1361 4114"/></Shape>
	    <String CONTENT="אחוה ˙ לא תתעב אדומי מפני מה"
                    HPOS="1355.0"
                    VPOS="4012.0"
                    WIDTH="1496.0"
                    HEIGHT="150.0"></String>
          </TextLine>

          
          
          <TextLine ID="eSc_line_1375422"
                    
                    BASELINE="1275 4189 2857 4211" 
                    HPOS="1269.0"
                    VPOS="4103.0"
                    WIDTH="1582.0"
                    HEIGHT="188.0">
            <Shape><Polygon POINTS="1269 4184 1334 4103 1415 4157 1533 4152 1592 4119 1694 4173 1813 4146 2152 4168 2469 4162 2518 4135 2550 4157 2787 4152 2851 4205 2797 4275 2717 4254 2625 4291 2593 4265 2501 4291 2469 4259 2415 4281 2351 4259 2103 4281 1936 4254 1823 4281 1689 4221 1608 4270 1522 4238 1339 4291 1275 4227"/></Shape>
	    <String CONTENT="כי [אחיך] גרהיית בארצו ˙ א&#39;ר&#39; ﭏעז&#39;"
                    HPOS="1269.0"
                    VPOS="4103.0"
                    WIDTH="1582.0"
                    HEIGHT="188.0"></String>
          </TextLine>

          
          
          <TextLine ID="eSc_line_1375425"
                    
                    BASELINE="1361 4324 2878 4334" 
                    HPOS="1355.0"
                    VPOS="4227.0"
                    WIDTH="1518.0"
                    HEIGHT="199.0">
            <Shape><Polygon POINTS="1355 4318 1372 4270 1533 4259 1614 4281 1684 4227 1721 4265 1818 4275 1963 4254 2405 4297 2458 4270 2528 4286 2593 4259 2636 4286 2722 4259 2873 4329 2797 4410 2733 4426 2684 4388 2593 4426 2512 4388 2362 4410 2259 4388 2168 4410 2141 4383 1791 4410 1748 4367 1700 4399 1619 4377 1587 4404 1511 4404 1463 4372 1415 4399 1361 4388"/></Shape>
	    <String CONTENT="בן עזריה המצריים לא קיבלו את"
                    HPOS="1355.0"
                    VPOS="4227.0"
                    WIDTH="1518.0"
                    HEIGHT="199.0"></String>
          </TextLine>

          
          
          <TextLine ID="eSc_line_1375426"
                    
                    BASELINE="1355 4442 2857 4480" 
                    HPOS="1350.0"
                    VPOS="4367.0"
                    WIDTH="1501.0"
                    HEIGHT="193.0">
            <Shape><Polygon POINTS="1350 4437 1361 4394 1608 4404 1743 4367 1791 4415 1920 4394 2211 4415 2254 4388 2329 4420 2421 4383 2577 4426 2625 4404 2684 4404 2711 4431 2792 4415 2851 4474 2701 4560 2604 4512 2507 4544 2318 4523 2173 4544 2109 4517 1780 4539 1727 4512 1662 4544 1544 4512 1355 4528"/></Shape>
	    <String CONTENT="ישר&#39; אלא עצמו וקבע להן המקום"
                    HPOS="1350.0"
                    VPOS="4367.0"
                    WIDTH="1501.0"
                    HEIGHT="193.0"></String>
          </TextLine>

          
          
          <TextLine ID="eSc_line_1375434"
                    
                    BASELINE="1312 4571 2873 4609" 
                    HPOS="1307.0"
                    VPOS="4512.0"
                    WIDTH="1560.0"
                    HEIGHT="172.0">
            <Shape><Polygon POINTS="1307 4566 1420 4517 1657 4539 1748 4523 1861 4550 1910 4517 1947 4539 2109 4517 2152 4544 2496 4550 2593 4512 2701 4560 2781 4528 2867 4603 2744 4684 2620 4657 2475 4673 2421 4641 2292 4673 2227 4641 2162 4673 2098 4646 1754 4663 1689 4657 1651 4625 1565 4663 1452 4619 1398 4641 1312 4571"/></Shape>
	    <String CONTENT="שכר והרי דבר&#39; קל וחומ&#39; ומה אם מי"
                    HPOS="1307.0"
                    VPOS="4512.0"
                    WIDTH="1560.0"
                    HEIGHT="172.0"></String>
          </TextLine>

          
          
          <TextLine ID="eSc_line_1375431"
                    
                    BASELINE="1318 4711 2894 4749" 
                    HPOS="1312.0"
                    VPOS="4625.0"
                    WIDTH="1577.0"
                    HEIGHT="199.0">
            <Shape><Polygon POINTS="1312 4706 1447 4625 1506 4657 1587 4663 1657 4630 1700 4668 2098 4652 2136 4679 2232 4636 2281 4679 2367 4679 2431 4646 2496 4679 2614 4657 2754 4684 2878 4657 2889 4743 2749 4824 2657 4786 2518 4813 2378 4786 2313 4824 2286 4797 1409 4786 1318 4711"/></Shape>
	    <String CONTENT="שלא נתכוון לזכות וזכה מעלה עליו"
                    HPOS="1312.0"
                    VPOS="4625.0"
                    WIDTH="1577.0"
                    HEIGHT="199.0"></String>
          </TextLine>

          
          
          <TextLine ID="eSc_line_1375432"
                    
                    BASELINE="1334 4835 2830 4867" 
                    HPOS="1328.0"
                    VPOS="4749.0"
                    WIDTH="1496.0"
                    HEIGHT="193.0">
            <Shape><Polygon POINTS="1328 4829 1334 4770 1372 4749 1409 4786 1587 4802 1802 4781 1829 4808 2227 4802 2340 4829 2378 4792 2609 4818 2663 4797 2781 4818 2824 4862 2808 4921 2760 4937 2173 4921 2103 4942 2049 4915 1867 4937 1786 4894 1737 4915 1603 4915 1576 4894 1511 4910 1334 4840"/></Shape>
	    <String CONTENT="הכת&#39; כאילו זכה המתכוין לזכות על"
                    HPOS="1328.0"
                    VPOS="4749.0"
                    WIDTH="1496.0"
                    HEIGHT="193.0"></String>
          </TextLine>

          
          
          <TextLine ID="eSc_line_1375423"
                    
                    BASELINE="1339 4948 2851 4985" 
                    HPOS="1334.0"
                    VPOS="4894.0"
                    WIDTH="1512.0"
                    HEIGHT="167.0">
            <Shape><Polygon POINTS="1334 4942 1345 4894 1619 4921 1673 4894 1705 4915 1845 4910 1872 4937 1920 4915 1990 4937 2797 4931 2846 4980 2808 5028 2733 5061 2631 5039 2071 5044 2044 5023 1953 5050 1770 5044 1705 5023 1468 5023 1447 5001 1339 5017"/></Shape>
	    <String CONTENT="אחת כמה וכמה ˙ ר&#39; שמע&#39; או&#39; מצריים"
                    HPOS="1334.0"
                    VPOS="4894.0"
                    WIDTH="1512.0"
                    HEIGHT="167.0"></String>
          </TextLine>

          
          
          <TextLine ID="eSc_line_1375430"
                    
                    BASELINE="1334 5066 2873 5114" 
                    HPOS="1328.0"
                    VPOS="5017.0"
                    WIDTH="1539.0"
                    HEIGHT="189.0">
            <Shape><Polygon POINTS="1328 5061 1431 5017 1565 5044 1598 5017 1657 5044 1716 5028 1737 5050 1823 5023 1958 5055 2060 5034 2087 5061 2367 5071 2701 5050 2857 5071 2867 5109 2851 5168 2738 5206 2625 5184 2254 5190 2184 5152 2125 5184 2087 5152 2017 5184 1867 5141 1791 5168 1737 5136 1673 5163 1598 5141 1522 5163 1479 5125 1334 5125"/></Shape>
	    <String CONTENT="הם טיבעו את ישר&#39; במים ואדומיים"
                    HPOS="1328.0"
                    VPOS="5017.0"
                    WIDTH="1539.0"
                    HEIGHT="189.0"></String>
          </TextLine>

          
        </TextBlock>
        
        <TextBlock HPOS="828.0"
                   VPOS="467.0"
                   WIDTH="594.0"
                   HEIGHT="182.0"
                   ID="eSc_textblock_8ebf575a"
                   TAGREFS="BT219">
          <Shape><Polygon POINTS="828 467 828 649 1422 649 1422 467"/></Shape>
          
          
          <TextLine ID="eSc_line_1375369"
                    
                    BASELINE="817 575 1328 564" 
                    HPOS="812.0"
                    VPOS="516.0"
                    WIDTH="511.0"
                    HEIGHT="161.0">
            <Shape><Polygon POINTS="812 570 817 521 850 543 920 521 1054 543 1097 516 1178 516 1323 559 1312 672 1183 672 1119 618 1070 618 1022 645 866 640 823 677"/></Shape>
	    <String CONTENT="ספרי ˙ תצא ˙"
                    HPOS="812.0"
                    VPOS="516.0"
                    WIDTH="511.0"
                    HEIGHT="161.0"></String>
          </TextLine>

          
        </TextBlock>
        
        <TextBlock HPOS="903.0"
                   VPOS="2666.0"
                   WIDTH="366.0"
                   HEIGHT="129.0"
                   ID="eSc_textblock_6375b343"
                   TAGREFS="BT218">
          <Shape><Polygon POINTS="903 2666 903 2795 1269 2795 1269 2666"/></Shape>
          
          
          <TextLine ID="eSc_line_1375437"
                    
                    BASELINE="968 2749 1239 2716" 
                    HPOS="963.0"
                    VPOS="2667.0"
                    WIDTH="274.0"
                    HEIGHT="140.0">
            <Shape><Polygon POINTS="963 2748 963 2694 990 2683 1221 2667 1237 2710 1232 2748 1156 2791 1027 2775 979 2807"/></Shape>
	    <String CONTENT="תעיתה"
                    HPOS="963.0"
                    VPOS="2667.0"
                    WIDTH="274.0"
                    HEIGHT="140.0"></String>
          </TextLine>

          
        </TextBlock>
        
        <TextBlock HPOS="1002.0"
                   VPOS="3983.0"
                   WIDTH="327.0"
                   HEIGHT="133.0"
                   ID="eSc_textblock_0fcba57f"
                   TAGREFS="BT218">
          <Shape><Polygon POINTS="1329 3983 1329 4116 1002 4116 1002 3983"/></Shape>
          
          
          <TextLine ID="eSc_line_1375438"
                    
                    BASELINE="1054 4049 1318 4071" 
                    HPOS="1049.0"
                    VPOS="3990.0"
                    WIDTH="263.0"
                    HEIGHT="135.0">
            <Shape><Polygon POINTS="1049 4044 1065 4001 1119 3990 1189 4017 1302 4017 1312 4066 1285 4125 1178 4092 1146 4114 1097 4092 1054 4109"/></Shape>
	    <String CONTENT="איצרי"
                    HPOS="1049.0"
                    VPOS="3990.0"
                    WIDTH="263.0"
                    HEIGHT="135.0"></String>
          </TextLine>

          
          
          <TextLine ID="eSc_line_1375439"
                    
                    BASELINE="1055 4469 1335 4443" 
                    HPOS="1054.0"
                    VPOS="4318.0"
                    WIDTH="269.0"
                    HEIGHT="237.0">
            <Shape><Polygon POINTS="1054 4464 1054 4340 1108 4318 1312 4318 1323 4523 1070 4555"/></Shape>
	    <String CONTENT="לצורך"
                    HPOS="1054.0"
                    VPOS="4318.0"
                    WIDTH="269.0"
                    HEIGHT="237.0"></String>
          </TextLine>

          
        </TextBlock>
        
        <TextBlock HPOS="1002.0"
                   VPOS="4398.0"
                   WIDTH="327.0"
                   HEIGHT="139.0"
                   ID="eSc_textblock_7b66b38d"
                   TAGREFS="BT218">
          <Shape><Polygon POINTS="1329 4537 1002 4537 1002 4398 1329 4398"/></Shape>
          
        </TextBlock>
        

        
      </PrintSpace>
    </Page>
  </Layout>
</alto>
