<?xml version="1.0" encoding="UTF-8"?>
<alto xmlns:xsi="http://www.w3.org/2001/XMLSchema-instance"
      xmlns="http://www.loc.gov/standards/alto/ns-v4#"
      xsi:schemaLocation="http://www.loc.gov/standards/alto/ns-v4# http://www.loc.gov/standards/alto/v4/alto-4-2.xsd">
  <Description>
    <MeasurementUnit>pixel</MeasurementUnit>
    <sourceImageInformation>
      <fileName>oulis2017-aya-0728-0.jpg</fileName>
      
    </sourceImageInformation>
  </Description>
  
  <Tags>
    <OtherTag ID="BT1164" LABEL="Hole" DESCRIPTION="block type Hole"/><OtherTag ID="BT2" LABEL="Main" DESCRIPTION="block type Main"/><OtherTag ID="BT3" LABEL="Commentary" DESCRIPTION="block type Commentary"/><OtherTag ID="BT4" LABEL="Illustration" DESCRIPTION="block type Illustration"/><OtherTag ID="BT218" LABEL="Margin" DESCRIPTION="block type Margin"/><OtherTag ID="BT219" LABEL="Paratext" DESCRIPTION="block type Paratext"/>
    <OtherTag ID="LT2" LABEL="Numbering" DESCRIPTION="line type Numbering"/><OtherTag ID="LT3" LABEL="Correction" DESCRIPTION="line type Correction"/><OtherTag ID="LT481" LABEL="Gloss" DESCRIPTION="line type Gloss"/>
  </Tags>
  
  <Layout>
    <Page WIDTH="5398"
          HEIGHT="6459"
          PHYSICAL_IMG_NR="715"
          ID="eSc_dummypage_">
      <PrintSpace HPOS="0"
                  VPOS="0"
                  WIDTH="5398"
                  HEIGHT="6459">
        
        <TextBlock HPOS="2279.0"
                   VPOS="956.0"
                   WIDTH="1645.0"
                   HEIGHT="4192.0"
                   ID="eSc_textblock_15892"
                   TAGREFS="BT2">
          <Shape><Polygon POINTS="2279 956 2279 5148 3924 5148 3924 956"/></Shape>
          
          
          <TextLine ID="eSc_line_1367272"
                    
                    BASELINE="2332 1071 3868 1081" 
                    HPOS="2327.0"
                    VPOS="979.0"
                    WIDTH="1535.0"
                    HEIGHT="162.0">
            <Shape><Polygon POINTS="2327 1065 2338 979 2505 979 2531 1006 2639 1017 2747 979 2839 1011 2898 995 2919 1017 3070 1017 3189 984 3243 1022 3727 984 3765 1022 3846 1017 3862 1076 3846 1130 3797 1141 3674 1119 3625 1141 3129 1119 3097 1141 2855 1114 2774 1135 2402 1135 2332 1114"/></Shape>
	    <String CONTENT="או&#39; לכך בא או לא בא אלא [א לחק]"
                    HPOS="2327.0"
                    VPOS="979.0"
                    WIDTH="1535.0"
                    HEIGHT="162.0"></String>
          </TextLine>

          
          
          <TextLine ID="eSc_line_1367330"
                    
                    BASELINE="2278 1189 3889 1194" 
                    HPOS="2273.0"
                    VPOS="1114.0"
                    WIDTH="1611.0"
                    HEIGHT="156.0">
            <Shape><Polygon POINTS="2273 1184 2348 1114 2391 1141 2688 1146 3103 1141 3140 1114 3275 1146 3625 1146 3668 1114 3701 1146 3830 1141 3884 1189 3819 1264 3620 1270 3426 1248 3194 1264 2548 1243 2327 1270 2278 1221"/></Shape>
	    <String CONTENT="לחלק בין נוגע למזה שהמזה שלא"
                    HPOS="2273.0"
                    VPOS="1114.0"
                    WIDTH="1611.0"
                    HEIGHT="156.0"></String>
          </TextLine>

          
          
          <TextLine ID="eSc_line_1367331"
                    
                    BASELINE="2332 1307 3868 1318" 
                    HPOS="2327.0"
                    VPOS="1248.0"
                    WIDTH="1535.0"
                    HEIGHT="140.0">
            <Shape><Polygon POINTS="2327 1302 2391 1248 3458 1275 3846 1254 3862 1313 3824 1388 3555 1372 3210 1388 3033 1361 2925 1372 2898 1345 2666 1383 2483 1351 2429 1377 2332 1307"/></Shape>
	    <String CONTENT="נוגע מטמא בגדים והמזה נוגע אין ˙"
                    HPOS="2327.0"
                    VPOS="1248.0"
                    WIDTH="1535.0"
                    HEIGHT="140.0"></String>
          </TextLine>

          
          
          <TextLine ID="eSc_line_1367332"
                    
                    BASELINE="2311 1426 3868 1437" 
                    HPOS="2305.0"
                    VPOS="1345.0"
                    WIDTH="1557.0"
                    HEIGHT="172.0">
            <Shape><Polygon POINTS="2305 1420 2327 1361 2672 1383 2699 1361 2769 1377 2892 1345 2925 1377 3259 1394 3528 1372 3846 1388 3862 1431 3824 1507 3717 1507 3690 1480 3652 1507 3361 1517 3253 1490 2957 1501 2892 1480 2688 1501 2655 1469 2569 1501 2311 1485"/></Shape>
	    <String CONTENT="מטמא בגדים אמרת קל וחומ&#39; אם המזה"
                    HPOS="2305.0"
                    VPOS="1345.0"
                    WIDTH="1557.0"
                    HEIGHT="172.0"></String>
          </TextLine>

          
          
          <TextLine ID="eSc_line_1367322"
                    
                    BASELINE="2332 1550 3868 1555" 
                    HPOS="2327.0"
                    VPOS="1480.0"
                    WIDTH="1535.0"
                    HEIGHT="161.0">
            <Shape><Polygon POINTS="2327 1544 2332 1501 2391 1496 2661 1490 2801 1517 2833 1496 3259 1496 3367 1517 3652 1512 3690 1480 3722 1512 3835 1512 3862 1550 3792 1636 3458 1641 3162 1614 2957 1636 2909 1603 2839 1636 2639 1630 2596 1593 2558 1625 2332 1625"/></Shape>
	    <String CONTENT="שלא נוגע מטמא בגדים והמזה נוגע"
                    HPOS="2327.0"
                    VPOS="1480.0"
                    WIDTH="1535.0"
                    HEIGHT="161.0"></String>
          </TextLine>

          
          
          <TextLine ID="eSc_line_1367333"
                    
                    BASELINE="2289 1679 3878 1690" 
                    HPOS="2284.0"
                    VPOS="1598.0"
                    WIDTH="1589.0"
                    HEIGHT="172.0">
            <Shape><Polygon POINTS="2284 1673 2305 1620 2494 1636 2607 1598 2639 1630 3819 1636 3873 1684 3814 1754 3760 1743 3727 1770 3690 1749 3636 1770 3582 1749 3517 1770 3458 1749 3415 1770 3286 1770 3259 1749 2979 1765 2936 1722 2892 1760 2742 1738 2672 1760 2607 1722 2515 1754 2289 1749"/></Shape>
	    <String CONTENT="דין הוא שיטמא בגדים אין לי אלא"
                    HPOS="2284.0"
                    VPOS="1598.0"
                    WIDTH="1589.0"
                    HEIGHT="172.0"></String>
          </TextLine>

          
          
          <TextLine ID="eSc_line_1367325"
                    
                    BASELINE="2262 1808 3884 1824" 
                    HPOS="2257.0"
                    VPOS="1717.0"
                    WIDTH="1621.0"
                    HEIGHT="193.0">
            <Shape><Polygon POINTS="2257 1803 2327 1754 2558 1749 2607 1717 2661 1760 2936 1776 3205 1754 3485 1776 3814 1760 3878 1819 3808 1900 3577 1883 3550 1910 3496 1889 3340 1900 3286 1873 3259 1894 3135 1883 3049 1905 3000 1883 2871 1894 2839 1867 2736 1889 2709 1867 2682 1894 2618 1846 2558 1878 2311 1889 2262 1840"/></Shape>
	    <String CONTENT="טהורין טמאין מנין אמרת קל וחו&#39; הוא"
                    HPOS="2257.0"
                    VPOS="1717.0"
                    WIDTH="1621.0"
                    HEIGHT="193.0"></String>
          </TextLine>

          
          
          <TextLine ID="eSc_line_1367317"
                    
                    BASELINE="2284 1926 3868 1948" 
                    HPOS="2278.0"
                    VPOS="1846.0"
                    WIDTH="1584.0"
                    HEIGHT="177.0">
            <Shape><Polygon POINTS="2278 1921 2348 1883 2580 1878 2618 1846 2682 1900 2709 1873 2736 1894 2844 1873 2866 1894 3049 1900 3803 1900 3862 1943 3846 2007 3620 2023 3582 1996 3528 2023 3437 1986 3383 2018 2989 2018 2957 1991 2892 2013 2849 1975 2806 2007 2623 1980 2602 2002 2408 1991 2370 2018 2284 1937"/></Shape>
	    <String CONTENT="אם טהורין מטמאין קל וחו&#39; לטמאין"
                    HPOS="2278.0"
                    VPOS="1846.0"
                    WIDTH="1584.0"
                    HEIGHT="177.0"></String>
          </TextLine>

          
          
          <TextLine ID="eSc_line_1367312"
                    
                    BASELINE="2332 2061 3868 2072" 
                    HPOS="2327.0"
                    VPOS="1969.0"
                    WIDTH="1535.0"
                    HEIGHT="178.0">
            <Shape><Polygon POINTS="2327 2056 2332 2007 2612 2018 2650 1991 2806 2007 2844 1969 2892 2013 2989 2018 3388 2023 3420 1991 3555 2018 3593 1991 3620 2018 3808 2023 3862 2066 3792 2136 3695 2099 3630 2126 3539 2104 3469 2136 3140 2115 3113 2142 2876 2126 2849 2104 2822 2131 2769 2115 2628 2136 2596 2115 2515 2147 2435 2104 2375 2126 2332 2109"/></Shape>
	    <String CONTENT="אין לי אל&#39; כשירין פסולין מנ&#39; אמרת"
                    HPOS="2327.0"
                    VPOS="1969.0"
                    WIDTH="1535.0"
                    HEIGHT="178.0"></String>
          </TextLine>

          
          
          <TextLine ID="eSc_line_1367318"
                    
                    BASELINE="2273 2169 3862 2190" 
                    HPOS="2268.0"
                    VPOS="2104.0"
                    WIDTH="1589.0"
                    HEIGHT="156.0">
            <Shape><Polygon POINTS="2268 2163 2321 2104 2354 2126 2435 2109 2521 2147 2602 2115 3124 2142 3146 2120 3517 2136 3544 2109 3636 2136 3706 2109 3814 2136 3857 2185 3792 2249 3582 2249 3534 2222 3463 2255 3232 2255 3135 2222 3070 2249 2973 2217 2839 2244 2801 2206 2769 2239 2731 2217 2688 2260 2645 2217 2612 2239 2515 2222 2321 2249 2273 2201"/></Shape>
	    <String CONTENT="קל וחו&#39; אם כשירין מטמאין קל וחומ&#39;"
                    HPOS="2268.0"
                    VPOS="2104.0"
                    WIDTH="1589.0"
                    HEIGHT="156.0"></String>
          </TextLine>

          
          
          <TextLine ID="eSc_line_1367334"
                    
                    BASELINE="2332 2282 3884 2292" 
                    HPOS="2327.0"
                    VPOS="2206.0"
                    WIDTH="1551.0"
                    HEIGHT="167.0">
            <Shape><Polygon POINTS="2327 2276 2354 2239 2435 2233 2655 2233 2693 2260 2736 2217 2774 2233 2806 2206 2839 2239 2946 2239 2973 2217 2995 2239 3140 2228 3237 2255 3485 2255 3555 2217 3582 2244 3819 2249 3878 2287 3792 2362 3733 2373 3566 2341 3534 2368 3318 2368 3286 2336 3253 2362 3151 2368 3097 2319 3043 2362 2979 2341 2925 2357 2882 2325 2860 2346 2736 2357 2580 2341 2429 2373 2391 2341 2332 2357"/></Shape>
	    <String CONTENT="לפסולין הא אין עליך לומ&#39; בלשון [/]"
                    HPOS="2327.0"
                    VPOS="2206.0"
                    WIDTH="1551.0"
                    HEIGHT="167.0"></String>
          </TextLine>

          
          
          <TextLine ID="eSc_line_1367286"
                    
                    BASELINE="2327 2416 3889 2411" 
                    HPOS="2321.0"
                    VPOS="2325.0"
                    WIDTH="1563.0"
                    HEIGHT="177.0">
            <Shape><Polygon POINTS="2321 2411 2327 2357 2903 2341 3043 2362 3081 2325 3146 2368 3248 2368 3286 2336 3318 2368 3539 2373 3560 2352 3695 2379 3776 2368 3884 2405 3776 2492 3641 2492 3593 2465 3496 2502 3458 2470 3097 2486 3043 2454 2952 2486 2898 2459 2515 2486 2461 2465 2332 2502"/></Shape>
	    <String CONTENT="האחרון אלא בלשון הראשון בין"
                    HPOS="2321.0"
                    VPOS="2325.0"
                    WIDTH="1563.0"
                    HEIGHT="177.0"></String>
          </TextLine>

          
          
          <TextLine ID="eSc_line_1367287"
                    
                    BASELINE="2305 2529 3835 2535" 
                    HPOS="2300.0"
                    VPOS="2459.0"
                    WIDTH="1530.0"
                    HEIGHT="156.0">
            <Shape><Polygon POINTS="2300 2524 2451 2475 2952 2492 3049 2459 3081 2481 3458 2475 3490 2497 3582 2459 3641 2492 3803 2486 3830 2529 3808 2605 3076 2588 3016 2615 2962 2594 2860 2615 2817 2594 2736 2605 2715 2583 2682 2610 2618 2588 2542 2610 2499 2588 2381 2610 2305 2535"/></Shape>
	    <String CONTENT="מים למים הכת&#39; חולק בין מים שיש"
                    HPOS="2300.0"
                    VPOS="2459.0"
                    WIDTH="1530.0"
                    HEIGHT="156.0"></String>
          </TextLine>

          
          
          <TextLine ID="eSc_line_1367288"
                    
                    BASELINE="2305 2658 3857 2658" 
                    HPOS="2300.0"
                    VPOS="2594.0"
                    WIDTH="1551.0"
                    HEIGHT="151.0">
            <Shape><Polygon POINTS="2300 2653 2359 2599 2618 2594 2855 2615 3722 2610 3803 2615 3851 2653 3841 2707 3776 2745 3507 2718 3399 2739 3329 2712 3291 2734 3135 2723 3038 2745 3006 2723 2715 2734 2623 2712 2585 2745 2456 2723 2386 2745 2311 2669"/></Shape>
	    <String CONTENT="בהן כדי הזייה ובין מים שאין בהן"
                    HPOS="2300.0"
                    VPOS="2594.0"
                    WIDTH="1551.0"
                    HEIGHT="151.0"></String>
          </TextLine>

          
          
          <TextLine ID="eSc_line_1367335"
                    
                    BASELINE="2316 2777 3884 2788" 
                    HPOS="2311.0"
                    VPOS="2718.0"
                    WIDTH="1567.0"
                    HEIGHT="150.0">
            <Shape><Polygon POINTS="2311 2771 2348 2728 3286 2739 3323 2718 3420 2739 3496 2718 3652 2745 3819 2734 3878 2782 3862 2868 3733 2852 3674 2820 3641 2852 3587 2858 3512 2831 3399 2863 3367 2841 3129 2858 2833 2831 2795 2852 2575 2863 2478 2858 2424 2825 2359 2841 2316 2798"/></Shape>
	    <String CONTENT="כדי הזייה שהמים שיש בהן כדי"
                    HPOS="2311.0"
                    VPOS="2718.0"
                    WIDTH="1567.0"
                    HEIGHT="150.0"></String>
          </TextLine>

          
          
          <TextLine ID="eSc_line_1367326"
                    
                    BASELINE="2305 2901 3835 2911" 
                    HPOS="2300.0"
                    VPOS="2825.0"
                    WIDTH="1530.0"
                    HEIGHT="162.0">
            <Shape><Polygon POINTS="2300 2895 2343 2847 2418 2831 2575 2863 2860 2836 2914 2874 2973 2841 3415 2863 3517 2836 3647 2858 3679 2825 3733 2858 3814 2863 3830 2906 3814 2971 3765 2981 3706 2960 3577 2981 3097 2981 3059 2944 3006 2976 2962 2954 2575 2987 2510 2949 2483 2976 2402 2981 2305 2933"/></Shape>
	    <String CONTENT="הזייה מטמא אדם לטמא בגדים"
                    HPOS="2300.0"
                    VPOS="2825.0"
                    WIDTH="1530.0"
                    HEIGHT="162.0"></String>
          </TextLine>

          
          
          <TextLine ID="eSc_line_1367289"
                    
                    BASELINE="2284 3024 3841 3030" 
                    HPOS="2278.0"
                    VPOS="2954.0"
                    WIDTH="1557.0"
                    HEIGHT="162.0">
            <Shape><Polygon POINTS="2278 3019 2338 2965 2451 2981 2521 2954 2575 2987 2855 2971 2882 2992 2914 2965 3711 2965 3824 2976 3835 3024 3819 3089 3771 3100 3604 3100 3507 3073 3485 3094 3334 3105 3280 3084 3081 3100 2952 3078 2925 3100 2795 3100 2709 3073 2628 3100 2408 3084 2370 3116 2284 3041"/></Shape>
	    <String CONTENT="ומים שאין בהן כדי הזייה מטמ&#39;"
                    HPOS="2278.0"
                    VPOS="2954.0"
                    WIDTH="1557.0"
                    HEIGHT="162.0"></String>
          </TextLine>

          
          
          <TextLine ID="eSc_line_1367327"
                    
                    BASELINE="2461 3143 3878 3148" 
                    HPOS="2456.0"
                    VPOS="3078.0"
                    WIDTH="1417.0"
                    HEIGHT="151.0">
            <Shape><Polygon POINTS="2456 3137 2494 3100 2725 3078 2769 3100 3033 3084 3081 3105 3744 3094 3830 3100 3873 3143 3846 3213 3749 3224 3711 3224 3674 3186 3636 3218 3566 3197 3534 3218 3221 3202 3156 3224 3027 3207 3000 3229 2596 3229 2548 3186 2461 3207"/></Shape>
	    <String CONTENT="אדם לטמא אכלין ומשקין ˙"
                    HPOS="2456.0"
                    VPOS="3078.0"
                    WIDTH="1417.0"
                    HEIGHT="151.0"></String>
          </TextLine>

          
          
          <TextLine ID="eSc_line_1367290"
                    
                    BASELINE="2311 3267 3846 3272" 
                    HPOS="2305.0"
                    VPOS="3170.0"
                    WIDTH="1536.0"
                    HEIGHT="183.0">
            <Shape><Polygon POINTS="2305 3261 2311 3218 2413 3170 2456 3213 2596 3229 3221 3207 3630 3224 3668 3186 3706 3224 3824 3218 3841 3267 3824 3347 3614 3337 3593 3315 3501 3342 2812 3342 2731 3299 2688 3342 2510 3353 2451 3326 2311 3353"/></Shape>
	    <String CONTENT="וכל אשר יגע בו הטמא יטמא למה"
                    HPOS="2305.0"
                    VPOS="3170.0"
                    WIDTH="1536.0"
                    HEIGHT="183.0"></String>
          </TextLine>

          
          
          <TextLine ID="eSc_line_1367291"
                    
                    BASELINE="2338 3396 3846 3390" 
                    HPOS="2332.0"
                    VPOS="3294.0"
                    WIDTH="1509.0"
                    HEIGHT="188.0">
            <Shape><Polygon POINTS="2332 3390 2343 3342 2693 3337 2736 3294 2806 3342 3038 3321 3173 3347 3566 3347 3587 3326 3609 3347 3797 3347 3841 3385 3819 3460 3701 3482 3641 3450 3539 3482 3496 3439 3426 3471 3162 3471 3140 3450 2914 3471 2801 3444 2758 3460 2731 3439 2338 3477"/></Shape>
	    <String CONTENT="נא&#39; לפי שהוא או&#39; בחלל חרב בא"
                    HPOS="2332.0"
                    VPOS="3294.0"
                    WIDTH="1509.0"
                    HEIGHT="188.0"></String>
          </TextLine>

          
          
          <TextLine ID="eSc_line_1367292"
                    
                    BASELINE="2289 3520 3862 3520" 
                    HPOS="2284.0"
                    VPOS="3444.0"
                    WIDTH="1573.0"
                    HEIGHT="162.0">
            <Shape><Polygon POINTS="2284 3514 2338 3482 2731 3450 2936 3482 2989 3460 3086 3477 3119 3450 3167 3477 3420 3477 3485 3444 3539 3482 3636 3450 3679 3482 3792 3471 3857 3514 3846 3579 3781 3606 3614 3606 3560 3584 3399 3600 3345 3579 3210 3606 3119 3584 2725 3606 2602 3568 2510 3600 2467 3579 2348 3600 2294 3547"/></Shape>
	    <String CONTENT="הכת&#39; ולימד על החרב שהיא [ט/]"
                    HPOS="2284.0"
                    VPOS="3444.0"
                    WIDTH="1573.0"
                    HEIGHT="162.0"></String>
          </TextLine>

          
          
          <TextLine ID="eSc_line_1367293"
                    
                    BASELINE="2327 3654 3835 3654" 
                    HPOS="2321.0"
                    VPOS="3579.0"
                    WIDTH="1509.0"
                    HEIGHT="161.0">
            <Shape><Polygon POINTS="2321 3649 2338 3606 2461 3579 2483 3600 2607 3579 2720 3606 3555 3584 3593 3606 3819 3600 3830 3649 3819 3708 3781 3724 3447 3713 3383 3740 3329 3713 2903 3724 2876 3697 2844 3724 2736 3703 2585 3735 2494 3703 2467 3730 2332 3719"/></Shape>
	    <String CONTENT="טמאה טומאת שבעה הנוגע בה"
                    HPOS="2321.0"
                    VPOS="3579.0"
                    WIDTH="1509.0"
                    HEIGHT="161.0"></String>
          </TextLine>

          
          
          <TextLine ID="eSc_line_1367319"
                    
                    BASELINE="2327 3767 3835 3767" 
                    HPOS="2321.0"
                    VPOS="3713.0"
                    WIDTH="1509.0"
                    HEIGHT="140.0">
            <Shape><Polygon POINTS="2321 3762 2338 3730 2505 3719 2585 3740 2736 3713 2882 3735 3334 3719 3377 3740 3437 3719 3808 3719 3830 3762 3819 3826 3760 3848 3453 3843 3404 3821 3383 3843 2919 3832 2833 3853 2790 3832 2709 3848 2645 3816 2558 3848 2478 3821 2435 3853 2381 3853 2332 3810"/></Shape>
	    <String CONTENT="טמא טומאת הא למדנו לכלים"
                    HPOS="2321.0"
                    VPOS="3713.0"
                    WIDTH="1509.0"
                    HEIGHT="140.0"></String>
          </TextLine>

          
          
          <TextLine ID="eSc_line_1367282"
                    
                    BASELINE="2327 3896 3889 3891" 
                    HPOS="2321.0"
                    VPOS="3810.0"
                    WIDTH="1563.0"
                    HEIGHT="162.0">
            <Shape><Polygon POINTS="2321 3891 2327 3810 2402 3853 2472 3816 2531 3843 2655 3816 2715 3848 3383 3843 3404 3821 3442 3843 3808 3837 3884 3886 3803 3961 3695 3972 3528 3950 3447 3972 3410 3950 3146 3966 3103 3939 3070 3961 2892 3961 2855 3923 2795 3961 2585 3966 2553 3934 2488 3972 2456 3939 2327 3918"/></Shape>
	    <String CONTENT="ואדם כלים ואדם וכלים מנ&#39; ת&#39;ל&#39;"
                    HPOS="2321.0"
                    VPOS="3810.0"
                    WIDTH="1563.0"
                    HEIGHT="162.0"></String>
          </TextLine>

          
          
          <TextLine ID="eSc_line_1367284"
                    
                    BASELINE="2311 4026 3846 4015" 
                    HPOS="2305.0"
                    VPOS="3934.0"
                    WIDTH="1536.0"
                    HEIGHT="167.0">
            <Shape><Polygon POINTS="2305 4020 2370 3939 2456 3939 2488 3972 2553 3977 2817 3966 2849 3934 2887 3966 2962 3972 3059 3972 3103 3939 3140 3961 3803 3966 3841 4009 3824 4085 3760 4096 3539 4101 3404 4063 3318 4085 3259 4053 3210 4085 3092 4074 3049 4096 2936 4096 2898 4058 2795 4101 2688 4101 2650 4063 2553 4101 2461 4079 2364 4101 2311 4053"/></Shape>
	    <String CONTENT="וכבסתם בגדיכם הא למדנו לכלים"
                    HPOS="2305.0"
                    VPOS="3934.0"
                    WIDTH="1536.0"
                    HEIGHT="167.0"></String>
          </TextLine>

          
          
          <TextLine ID="eSc_line_1367280"
                    
                    BASELINE="2311 4155 3302 4133 3846 4149" 
                    HPOS="2305.0"
                    VPOS="4058.0"
                    WIDTH="1536.0"
                    HEIGHT="172.0">
            <Shape><Polygon POINTS="2305 4149 2348 4101 2569 4101 2650 4069 2682 4101 2801 4101 2892 4058 2930 4090 3232 4090 3264 4058 3334 4096 3393 4063 3534 4096 3824 4090 3841 4144 3824 4225 3787 4198 3711 4225 3652 4192 3609 4214 3388 4187 3340 4214 3173 4214 3146 4192 3054 4214 2973 4187 2828 4225 2343 4230 2311 4198"/></Shape>
	    <String CONTENT="ואדם וכלים אדם וכלים מנ&#39; אמרת"
                    HPOS="2305.0"
                    VPOS="4058.0"
                    WIDTH="1536.0"
                    HEIGHT="172.0"></String>
          </TextLine>

          
          
          <TextLine ID="eSc_line_1367281"
                    
                    BASELINE="2262 4284 3846 4279" 
                    HPOS="2257.0"
                    VPOS="4187.0"
                    WIDTH="1584.0"
                    HEIGHT="178.0">
            <Shape><Polygon POINTS="2257 4279 2294 4225 2839 4219 2979 4187 3059 4225 3124 4203 3345 4214 3377 4192 3404 4219 3523 4198 3560 4219 3684 4203 3754 4225 3792 4203 3841 4273 3776 4359 3695 4327 3431 4349 3404 4327 3302 4343 3275 4316 3194 4343 3038 4332 2995 4359 2952 4327 2537 4365 2300 4354 2262 4316"/></Shape>
	    <String CONTENT="קל וחו&#39; הוא ומה כלים הנוגעין באדם"
                    HPOS="2257.0"
                    VPOS="4187.0"
                    WIDTH="1584.0"
                    HEIGHT="178.0"></String>
          </TextLine>

          
          
          <TextLine ID="eSc_line_1367283"
                    
                    BASELINE="2284 4402 3889 4392" 
                    HPOS="2278.0"
                    VPOS="4316.0"
                    WIDTH="1606.0"
                    HEIGHT="173.0">
            <Shape><Polygon POINTS="2278 4397 2348 4354 2801 4365 2957 4338 3000 4365 3076 4327 3135 4349 3259 4316 3302 4338 3410 4327 3431 4349 3690 4327 3765 4359 3868 4327 3884 4386 3862 4467 3824 4445 3701 4478 3474 4478 3442 4451 3232 4467 3210 4445 3189 4467 3151 4451 3054 4483 2882 4489 2585 4478 2548 4440 2478 4478 2435 4445 2332 4445 2284 4397"/></Shape>
	    <String CONTENT="הנוגעין בכלים הנוגעין במת הרי"
                    HPOS="2278.0"
                    VPOS="4316.0"
                    WIDTH="1606.0"
                    HEIGHT="173.0"></String>
          </TextLine>

          
          
          <TextLine ID="eSc_line_1367276"
                    
                    BASELINE="2262 4526 3846 4510" 
                    HPOS="2257.0"
                    VPOS="4451.0"
                    WIDTH="1584.0"
                    HEIGHT="161.0">
            <Shape><Polygon POINTS="2257 4521 2327 4472 2510 4483 2542 4451 2580 4483 3059 4483 3162 4462 3216 4494 3259 4467 3437 4456 3474 4478 3808 4467 3841 4505 3824 4575 3738 4596 3690 4569 3652 4591 3388 4596 3334 4569 3302 4591 3076 4580 2779 4612 2731 4591 2467 4596 2413 4564 2354 4580 2284 4521"/></Shape>
	    <String CONTENT="הן טמאין כלים הנוגעין בכלים"
                    HPOS="2257.0"
                    VPOS="4451.0"
                    WIDTH="1584.0"
                    HEIGHT="161.0"></String>
          </TextLine>

          
          
          <TextLine ID="eSc_line_1367285"
                    
                    BASELINE="2251 4639 3889 4645" 
                    HPOS="2246.0"
                    VPOS="4569.0"
                    WIDTH="1638.0"
                    HEIGHT="167.0">
            <Shape><Polygon POINTS="2246 4634 2289 4596 2413 4575 2488 4607 2731 4591 2801 4612 3108 4575 3345 4575 3393 4596 3695 4569 3717 4591 3808 4575 3884 4639 3841 4639 3754 4704 3706 4682 3679 4704 3480 4720 3431 4693 3205 4709 3140 4688 3108 4720 2968 4704 2763 4725 2709 4688 2655 4725 2575 4693 2521 4731 2316 4736 2251 4672"/></Shape>
	    <String CONTENT="הנוגעין במת דין הוא שיהו טמאין"
                    HPOS="2246.0"
                    VPOS="4569.0"
                    WIDTH="1638.0"
                    HEIGHT="167.0"></String>
          </TextLine>

          
          
          <TextLine ID="eSc_line_1367278"
                    
                    BASELINE="2284 4785 3857 4747" 
                    HPOS="2278.0"
                    VPOS="4688.0"
                    WIDTH="1573.0"
                    HEIGHT="177.0">
            <Shape><Polygon POINTS="2278 4779 2354 4720 2494 4731 2569 4693 2623 4731 2709 4688 2758 4720 2973 4704 3097 4731 3140 4693 3534 4720 3711 4688 3733 4709 3797 4698 3851 4741 3776 4828 3684 4806 3587 4838 2919 4828 2871 4855 2699 4833 2628 4860 2575 4838 2456 4860 2424 4833 2332 4865 2289 4822"/></Shape>
	    <String CONTENT="כלים באדם מנ&#39; אמרת קל וחו&#39; הוא"
                    HPOS="2278.0"
                    VPOS="4688.0"
                    WIDTH="1573.0"
                    HEIGHT="177.0"></String>
          </TextLine>

          
          
          <TextLine ID="eSc_line_1367271"
                    
                    BASELINE="2289 4908 3884 4876" 
                    HPOS="2284.0"
                    VPOS="4795.0"
                    WIDTH="1594.0"
                    HEIGHT="205.0">
            <Shape><Polygon POINTS="2284 4903 2397 4844 2456 4865 2666 4838 2876 4855 2914 4833 3038 4855 3183 4828 3307 4849 3534 4822 3593 4838 3684 4811 3787 4828 3846 4795 3878 4871 3868 4908 3803 4951 3684 4951 3652 4924 3604 4962 3528 4946 3501 4968 3399 4957 3248 4984 2866 4968 2294 5000"/></Shape>
	    <String CONTENT="מה כלים הנוגעין באדם הנוגע [ב/]"
                    HPOS="2284.0"
                    VPOS="4795.0"
                    WIDTH="1594.0"
                    HEIGHT="205.0"></String>
          </TextLine>

          
          
          <TextLine ID="eSc_line_1367279"
                    
                    BASELINE="2359 5043 3846 5005" 
                    HPOS="2354.0"
                    VPOS="4941.0"
                    WIDTH="1487.0"
                    HEIGHT="193.0">
            <Shape><Polygon POINTS="2354 5038 2359 4994 2391 4973 2521 4994 2558 4973 2612 4989 2779 4962 2973 4984 3760 4941 3824 4962 3841 5000 3830 5070 3663 5070 3625 5107 3243 5113 3216 5086 3135 5107 3043 5086 2995 5118 2860 5102 2822 5124 2795 5102 2769 5129 2688 5129 2591 5102 2364 5134"/></Shape>
	    <String CONTENT="בכלים הנוגע במת הרי הן טמאין"
                    HPOS="2354.0"
                    VPOS="4941.0"
                    WIDTH="1487.0"
                    HEIGHT="193.0"></String>
          </TextLine>

          
        </TextBlock>
        
        <TextBlock HPOS="462.0"
                   VPOS="969.0"
                   WIDTH="1644.0"
                   HEIGHT="4204.0"
                   ID="eSc_textblock_15891"
                   TAGREFS="BT2">
          <Shape><Polygon POINTS="462 969 462 5173 2106 5173 2106 969"/></Shape>
          
          
          <TextLine ID="eSc_line_1367329"
                    
                    BASELINE="571 1081 2101 1076" 
                    HPOS="565.0"
                    VPOS="995.0"
                    WIDTH="1530.0"
                    HEIGHT="146.0">
            <Shape><Polygon POINTS="565 1076 571 1022 662 1022 700 995 791 1017 840 995 910 1022 980 1001 1012 1022 1115 1022 1152 995 1276 1022 1395 1001 1610 1001 1648 1022 1691 995 1729 1022 1874 1022 1944 995 1971 1022 2079 1022 2095 1071 2079 1124 2009 1141 1249 1124 571 1141"/></Shape>
	    <String CONTENT="כלים הנוגעין באדם הנוגע במת"
                    HPOS="565.0"
                    VPOS="995.0"
                    WIDTH="1530.0"
                    HEIGHT="146.0"></String>
          </TextLine>

          
          
          <TextLine ID="eSc_line_1367309"
                    
                    BASELINE="511 1200 2106 1189" 
                    HPOS="506.0"
                    VPOS="1119.0"
                    WIDTH="1595.0"
                    HEIGHT="156.0">
            <Shape><Polygon POINTS="506 1194 549 1157 662 1124 732 1151 1055 1157 1433 1141 1459 1119 1492 1146 1934 1135 2030 1146 2101 1184 2036 1248 1960 1232 1928 1264 1810 1259 1772 1227 1740 1259 1395 1232 1265 1259 1136 1243 1109 1270 1050 1237 1002 1275 915 1237 565 1264 517 1216"/></Shape>
	    <String CONTENT="דין הוא שיהו טמאין או יהי אדם"
                    HPOS="506.0"
                    VPOS="1119.0"
                    WIDTH="1595.0"
                    HEIGHT="156.0"></String>
          </TextLine>

          
          
          <TextLine ID="eSc_line_1367310"
                    
                    BASELINE="522 1307 2084 1307" 
                    HPOS="517.0"
                    VPOS="1232.0"
                    WIDTH="1562.0"
                    HEIGHT="162.0">
            <Shape><Polygon POINTS="517 1302 592 1264 759 1248 824 1264 915 1243 996 1275 1055 1237 1109 1270 1136 1248 1190 1264 1384 1243 1745 1259 1772 1232 1804 1259 1907 1264 1966 1237 2068 1237 2079 1302 2030 1377 1907 1383 1777 1361 1524 1377 1492 1356 1314 1388 1271 1361 1072 1388 996 1361 770 1388 727 1367 603 1394 527 1318"/></Shape>
	    <String CONTENT="מקבל טומאה מן המת לטמא את"
                    HPOS="517.0"
                    VPOS="1232.0"
                    WIDTH="1562.0"
                    HEIGHT="162.0"></String>
          </TextLine>

          
          
          <TextLine ID="eSc_line_1367321"
                    
                    BASELINE="565 1437 2095 1426" 
                    HPOS="560.0"
                    VPOS="1356.0"
                    WIDTH="1530.0"
                    HEIGHT="161.0">
            <Shape><Polygon POINTS="560 1431 565 1356 597 1388 980 1367 1072 1388 1260 1361 1314 1388 1400 1356 1745 1383 1939 1367 2036 1383 2090 1420 2020 1490 1955 1501 1890 1480 1799 1507 1648 1480 1379 1501 1336 1469 1303 1507 1082 1507 1045 1480 953 1501 856 1485 791 1512 738 1496 700 1517 571 1480"/></Shape>
	    <String CONTENT="חבירו טומאת שבעה אמרת קל"
                    HPOS="560.0"
                    VPOS="1356.0"
                    WIDTH="1530.0"
                    HEIGHT="161.0"></String>
          </TextLine>

          
          
          <TextLine ID="eSc_line_1367314"
                    
                    BASELINE="571 1555 2068 1550" 
                    HPOS="565.0"
                    VPOS="1474.0"
                    WIDTH="1498.0"
                    HEIGHT="162.0">
            <Shape><Polygon POINTS="565 1550 571 1490 705 1517 1023 1485 1303 1501 1330 1474 1373 1507 1535 1496 1632 1517 1659 1496 1804 1507 1885 1480 1917 1501 2025 1501 2063 1544 2047 1603 1982 1625 1912 1625 1874 1593 1820 1630 1750 1614 1691 1636 1373 1630 1319 1603 1098 1620 1007 1598 964 1636 921 1609 867 1630 571 1636"/></Shape>
	    <String CONTENT="וחו&#39; הוא ומה כלים שאין מטמא"
                    HPOS="565.0"
                    VPOS="1474.0"
                    WIDTH="1498.0"
                    HEIGHT="162.0"></String>
          </TextLine>

          
          
          <TextLine ID="eSc_line_1367324"
                    
                    BASELINE="479 1690 2041 1679" 
                    HPOS="474.0"
                    VPOS="1587.0"
                    WIDTH="1562.0"
                    HEIGHT="189.0">
            <Shape><Polygon POINTS="474 1684 479 1647 538 1587 592 1636 926 1620 953 1641 1007 1609 1696 1636 1826 1630 1880 1598 1912 1630 2020 1625 2036 1673 2020 1743 1939 1770 1874 1743 1265 1743 1222 1722 1174 1754 964 1754 915 1727 791 1765 748 1749 641 1770 560 1743 517 1776 479 1738"/></Shape>
	    <String CONTENT="על גבי משכב ומושב הרי הן מקבלין"
                    HPOS="474.0"
                    VPOS="1587.0"
                    WIDTH="1562.0"
                    HEIGHT="189.0"></String>
          </TextLine>

          
          
          <TextLine ID="eSc_line_1367316"
                    
                    BASELINE="522 1824 2057 1808" 
                    HPOS="517.0"
                    VPOS="1722.0"
                    WIDTH="1535.0"
                    HEIGHT="178.0">
            <Shape><Polygon POINTS="517 1819 522 1776 560 1749 797 1770 905 1738 964 1760 1185 1749 1212 1722 1384 1754 2025 1754 2052 1803 2036 1867 1998 1889 1637 1862 867 1889 824 1851 781 1894 732 1867 662 1900 560 1900 522 1867"/></Shape>
	    <String CONTENT="טומאה מן המת לטמא אדם טומא&#39;"
                    HPOS="517.0"
                    VPOS="1722.0"
                    WIDTH="1535.0"
                    HEIGHT="178.0"></String>
          </TextLine>

          
          
          <TextLine ID="eSc_line_1367311"
                    
                    BASELINE="538 1943 2079 1926" 
                    HPOS="533.0"
                    VPOS="1856.0"
                    WIDTH="1541.0"
                    HEIGHT="167.0">
            <Shape><Polygon POINTS="533 1937 576 1894 657 1905 738 1873 781 1900 824 1856 861 1889 1341 1867 1551 1889 1610 1862 2009 1883 2074 1921 1960 2007 1756 2007 1670 1969 1616 1996 1519 1975 1486 2002 1045 1986 975 2013 748 2023 673 1996 587 2013 538 1964"/></Shape>
	    <String CONTENT="שבעה אדם שמטמא על גבי [מ&#39;]"
                    HPOS="533.0"
                    VPOS="1856.0"
                    WIDTH="1541.0"
                    HEIGHT="167.0"></String>
          </TextLine>

          
          
          <TextLine ID="eSc_line_1367315"
                    
                    BASELINE="517 2061 2101 2061" 
                    HPOS="511.0"
                    VPOS="1969.0"
                    WIDTH="1584.0"
                    HEIGHT="173.0">
            <Shape><Polygon POINTS="511 2056 533 1969 597 2023 678 2007 748 2029 1050 1991 1497 2002 1524 1980 1616 2007 1680 1975 1756 2013 2014 2002 2095 2056 2004 2126 1939 2093 1890 2126 1842 2109 1815 2131 1578 2109 1406 2131 1362 2088 1265 2126 1147 2126 1115 2104 1072 2136 1028 2109 937 2136 786 2104 732 2142 630 2142 560 2131 522 2093"/></Shape>
	    <String CONTENT="משכב ומושב אינו דין שיהי מקבל"
                    HPOS="511.0"
                    VPOS="1969.0"
                    WIDTH="1584.0"
                    HEIGHT="173.0"></String>
          </TextLine>

          
          
          <TextLine ID="eSc_line_1367323"
                    
                    BASELINE="517 2179 2079 2169" 
                    HPOS="511.0"
                    VPOS="2083.0"
                    WIDTH="1563.0"
                    HEIGHT="172.0">
            <Shape><Polygon POINTS="511 2174 549 2126 705 2142 883 2115 958 2136 1023 2115 1072 2136 1104 2115 1265 2126 1357 2083 1400 2126 1567 2104 1793 2136 1928 2104 1950 2126 2025 2120 2074 2163 2009 2244 1713 2249 1659 2222 1422 2239 1271 2217 1228 2244 958 2255 711 2228 603 2244 522 2201"/></Shape>
	    <String CONTENT="טומ&#39; מן המת לטמא את חבירו [טו&#39;]"
                    HPOS="511.0"
                    VPOS="2083.0"
                    WIDTH="1563.0"
                    HEIGHT="172.0"></String>
          </TextLine>

          
          
          <TextLine ID="eSc_line_1367313"
                    
                    BASELINE="533 2292 2084 2287" 
                    HPOS="527.0"
                    VPOS="2212.0"
                    WIDTH="1552.0"
                    HEIGHT="167.0">
            <Shape><Polygon POINTS="527 2287 560 2244 1222 2249 1276 2212 1309 2244 1443 2249 2063 2233 2079 2282 2047 2357 1282 2362 1228 2341 1007 2373 856 2352 576 2379 533 2357"/></Shape>
	    <String CONTENT="טומאת שבעה ת&#39;ל&#39; והנפש הנוגעת"
                    HPOS="527.0"
                    VPOS="2212.0"
                    WIDTH="1552.0"
                    HEIGHT="167.0"></String>
          </TextLine>

          
          
          <TextLine ID="eSc_line_1367298"
                    
                    BASELINE="538 2427 2095 2400" 
                    HPOS="533.0"
                    VPOS="2346.0"
                    WIDTH="1557.0"
                    HEIGHT="156.0">
            <Shape><Polygon POINTS="533 2422 587 2373 835 2373 867 2352 1012 2379 1222 2352 1826 2346 2025 2357 2090 2395 1971 2486 1616 2486 1535 2449 1379 2486 1195 2459 1147 2486 969 2470 905 2492 544 2502"/></Shape>
	    <String CONTENT="תטמא עד הערב טומאת ערב [מ&#39;]"
                    HPOS="533.0"
                    VPOS="2346.0"
                    WIDTH="1557.0"
                    HEIGHT="156.0"></String>
          </TextLine>

          
          
          <TextLine ID="eSc_line_1367299"
                    
                    BASELINE="581 2540 2084 2535" 
                    HPOS="576.0"
                    VPOS="2465.0"
                    WIDTH="1503.0"
                    HEIGHT="150.0">
            <Shape><Polygon POINTS="576 2535 587 2497 1142 2486 1185 2465 1314 2486 1481 2486 1535 2465 1583 2486 2014 2481 2079 2529 2063 2594 2020 2610 1729 2583 1686 2615 1616 2588 1551 2615 1470 2615 1438 2588 1325 2610 581 2605"/></Shape>
	    <String CONTENT="מטמא ואין מקבל טומאה מן [/]"
                    HPOS="576.0"
                    VPOS="2465.0"
                    WIDTH="1503.0"
                    HEIGHT="150.0"></String>
          </TextLine>

          
          
          <TextLine ID="eSc_line_1367294"
                    
                    BASELINE="474 2664 2079 2664" 
                    HPOS="468.0"
                    VPOS="2583.0"
                    WIDTH="1606.0"
                    HEIGHT="162.0">
            <Shape><Polygon POINTS="468 2658 511 2583 565 2615 657 2605 684 2626 716 2599 1265 2621 1443 2594 1551 2621 1626 2594 1691 2615 1729 2583 1783 2615 2030 2610 2074 2658 1982 2739 1729 2718 1497 2718 1449 2739 1422 2712 1131 2739 1093 2718 996 2728 975 2707 926 2734 802 2734 754 2707 517 2745 479 2707"/></Shape>
	    <String CONTENT="המת לטמא את חבירו טומא&#39; שבע&#39;"
                    HPOS="468.0"
                    VPOS="2583.0"
                    WIDTH="1606.0"
                    HEIGHT="162.0"></String>
          </TextLine>

          
          
          <TextLine ID="eSc_line_1367303"
                    
                    BASELINE="506 2798 2079 2782" 
                    HPOS="501.0"
                    VPOS="2707.0"
                    WIDTH="1573.0"
                    HEIGHT="167.0">
            <Shape><Polygon POINTS="501 2793 560 2718 619 2739 743 2707 791 2734 1298 2739 1411 2718 1438 2745 1540 2712 1777 2718 2004 2734 2074 2777 1966 2863 1890 2825 1815 2863 1793 2841 1492 2820 1406 2858 1282 2852 1260 2831 1179 2858 1147 2825 1115 2852 818 2874 791 2852 554 2858 506 2809"/></Shape>
	    <String CONTENT="או שמטמא בהסט אמרת קל וחומ&#39;"
                    HPOS="501.0"
                    VPOS="2707.0"
                    WIDTH="1573.0"
                    HEIGHT="167.0"></String>
          </TextLine>

          
          
          <TextLine ID="eSc_line_1367336"
                    
                    BASELINE="549 2906 2106 2911" 
                    HPOS="544.0"
                    VPOS="2820.0"
                    WIDTH="1557.0"
                    HEIGHT="167.0">
            <Shape><Polygon POINTS="544 2901 565 2858 797 2858 829 2879 1147 2841 1265 2874 1503 2820 1653 2852 1783 2841 1820 2863 2014 2852 2101 2906 2084 2949 2014 2981 1729 2960 1675 2976 1648 2949 1610 2976 1465 2954 1115 2976 996 2954 802 2987 581 2981 549 2960"/></Shape>
	    <String CONTENT="הא מה נבלה קלה הרי היא מטמ&#39;"
                    HPOS="544.0"
                    VPOS="2820.0"
                    WIDTH="1557.0"
                    HEIGHT="167.0"></String>
          </TextLine>

          
          
          <TextLine ID="eSc_line_1367306"
                    
                    BASELINE="474 3024 2041 3024" 
                    HPOS="468.0"
                    VPOS="2960.0"
                    WIDTH="1568.0"
                    HEIGHT="161.0">
            <Shape><Polygon POINTS="468 3019 544 2960 581 2981 791 2987 996 2960 1626 2981 1653 2960 1718 2992 1950 2976 2025 2992 2036 3019 2025 3116 1686 3111 1610 3073 1562 3121 1443 3100 1416 3073 1147 3105 985 3078 948 3116 894 3084 829 3111 754 3084 711 3111 538 3111 479 3051"/></Shape>
	    <String CONTENT="בהסט מת חמור אינו דין שיטמא"
                    HPOS="468.0"
                    VPOS="2960.0"
                    WIDTH="1568.0"
                    HEIGHT="161.0"></String>
          </TextLine>

          
          
          <TextLine ID="eSc_line_1367307"
                    
                    BASELINE="544 3154 2079 3143" 
                    HPOS="538.0"
                    VPOS="3068.0"
                    WIDTH="1536.0"
                    HEIGHT="177.0">
            <Shape><Polygon POINTS="538 3148 549 3100 716 3105 743 3084 835 3105 883 3084 915 3116 975 3089 1012 3111 1039 3089 1195 3111 1303 3078 1341 3111 1400 3068 1438 3100 1535 3100 1556 3121 1626 3073 1675 3111 1998 3105 2074 3137 2020 3224 1616 3224 1578 3186 1546 3218 1454 3224 1395 3186 1303 3234 1104 3207 1066 3234 953 3245 840 3218 549 3240"/></Shape>
	    <String CONTENT="בהסט ת&#39;ל&#39; וכל אשר יגע בו הטמא"
                    HPOS="538.0"
                    VPOS="3068.0"
                    WIDTH="1536.0"
                    HEIGHT="177.0"></String>
          </TextLine>

          
          
          <TextLine ID="eSc_line_1367320"
                    
                    BASELINE="495 3283 2041 3261" 
                    HPOS="490.0"
                    VPOS="3197.0"
                    WIDTH="1546.0"
                    HEIGHT="177.0">
            <Shape><Polygon POINTS="490 3277 597 3229 1239 3234 1346 3229 1389 3197 1465 3234 1573 3207 1600 3229 1783 3224 1820 3202 1842 3224 2014 3229 2036 3256 2014 3326 1934 3342 1486 3358 1352 3321 1319 3358 1260 3369 1023 3353 980 3315 931 3358 791 3358 754 3331 721 3369 662 3342 608 3374 495 3294"/></Shape>
	    <String CONTENT="יטמ&#39; במגע הוא מטמא ואין [מ/]"
                    HPOS="490.0"
                    VPOS="3197.0"
                    WIDTH="1546.0"
                    HEIGHT="177.0"></String>
          </TextLine>

          
          
          <TextLine ID="eSc_line_1367328"
                    
                    BASELINE="646 3407 2036 3407" 
                    HPOS="641.0"
                    VPOS="3321.0"
                    WIDTH="1389.0"
                    HEIGHT="258.0">
            <Shape><Polygon POINTS="641 3401 684 3353 716 3374 764 3331 791 3358 921 3369 985 3321 1023 3358 1088 3353 1136 3385 1169 3358 1336 3374 1373 3353 1987 3342 2020 3353 2030 3401 2020 3530 1993 3514 1896 3579 1799 3482 1756 3471 1680 3487 1454 3466 1400 3487 1325 3434 1287 3460 1190 3466 1125 3428 1061 3482 964 3455 888 3487 732 3450 651 3460"/></Shape>
	    <String CONTENT="מטמא בהסט ˙ סל&#39; פיר&#39; ˙"
                    HPOS="641.0"
                    VPOS="3321.0"
                    WIDTH="1389.0"
                    HEIGHT="258.0"></String>
          </TextLine>

          
          
          <TextLine ID="eSc_line_1367305"
                    
                    BASELINE="544 3520 1815 3525" 
                    HPOS="538.0"
                    VPOS="3434.0"
                    WIDTH="1272.0"
                    HEIGHT="177.0">
            <Shape><Polygon POINTS="538 3514 576 3460 754 3455 813 3487 953 3460 1050 3487 1109 3450 1282 3460 1319 3434 1368 3482 1454 3460 1497 3487 1750 3471 1810 3520 1793 3573 1691 3573 1621 3606 1573 3579 1513 3600 1481 3573 1427 3606 1298 3579 1265 3611 1152 3611 1115 3573 1077 3606 996 3590 964 3611 888 3568 851 3606 791 3573 754 3611 716 3579 641 3606 565 3606 544 3584"/></Shape>
	    <String CONTENT="וישב ישר&#39; בשיטים אין [יש&#39;]"
                    HPOS="538.0"
                    VPOS="3434.0"
                    WIDTH="1272.0"
                    HEIGHT="177.0"></String>
          </TextLine>

          
          
          <TextLine ID="eSc_line_1367302"
                    
                    BASELINE="538 3660 2101 3649" 
                    HPOS="533.0"
                    VPOS="3563.0"
                    WIDTH="1562.0"
                    HEIGHT="183.0">
            <Shape><Polygon POINTS="533 3654 592 3584 657 3606 716 3579 754 3611 791 3573 856 3600 888 3568 931 3611 1072 3611 1115 3573 1152 3611 1265 3622 1309 3584 1341 3611 1470 3584 1540 3611 1573 3584 1594 3606 1686 3584 1750 3606 1777 3579 1901 3600 1939 3563 1987 3568 2095 3643 1960 3735 1869 3713 1750 3740 1567 3708 1486 3724 1454 3692 1416 3730 1271 3719 1185 3740 1131 3708 1061 3746 910 3719 883 3740 743 3735 716 3713 565 3735 544 3713"/></Shape>
	    <String CONTENT="ישיבה בכל מקום אלא קלקלה שנ&#39;"
                    HPOS="533.0"
                    VPOS="3563.0"
                    WIDTH="1562.0"
                    HEIGHT="183.0"></String>
          </TextLine>

          
          
          <TextLine ID="eSc_line_1367308"
                    
                    BASELINE="544 3783 2079 3783" 
                    HPOS="538.0"
                    VPOS="3703.0"
                    WIDTH="1536.0"
                    HEIGHT="172.0">
            <Shape><Polygon POINTS="538 3778 592 3740 705 3724 1066 3746 1147 3708 1179 3740 1249 3746 1422 3735 1454 3703 1492 3735 1562 3719 1686 3740 1939 3740 2004 3708 2074 3778 2014 3853 1934 3826 1896 3864 1686 3864 1653 3832 1610 3870 1546 3870 1459 3826 1427 3859 1384 3843 1352 3870 1276 3843 1179 3864 1147 3832 1093 3870 996 3875 921 3848 872 3870 786 3837 630 3864 549 3783"/></Shape>
	    <String CONTENT="וישב העם לאכל ולשתות ˙ ואומ&#39;"
                    HPOS="538.0"
                    VPOS="3703.0"
                    WIDTH="1536.0"
                    HEIGHT="172.0"></String>
          </TextLine>

          
          
          <TextLine ID="eSc_line_1367273"
                    
                    BASELINE="560 3918 2041 3918" 
                    HPOS="554.0"
                    VPOS="3821.0"
                    WIDTH="1482.0"
                    HEIGHT="188.0">
            <Shape><Polygon POINTS="554 3913 576 3821 630 3870 775 3843 867 3870 915 3848 958 3875 1104 3870 1147 3837 1179 3870 1282 3853 1346 3875 1384 3843 1427 3859 1459 3826 1535 3870 1616 3870 1648 3837 1718 3870 1982 3853 2025 3864 2036 3913 2025 3993 1950 3961 1874 4004 1761 3999 1723 3961 1670 3999 1643 3972 1610 3999 1508 4004 1459 3961 1422 3999 1260 3999 1217 3961 1120 3972 1066 4009 964 3988 888 4009 861 3983 818 3999 748 3972 668 3999 565 3950"/></Shape>
	    <String CONTENT="וישבו לאכל לחם ˙ ר&#39; עקיב&#39; או&#39; כל"
                    HPOS="554.0"
                    VPOS="3821.0"
                    WIDTH="1482.0"
                    HEIGHT="188.0"></String>
          </TextLine>

          
          
          <TextLine ID="eSc_line_1367274"
                    
                    BASELINE="560 4047 2084 4058" 
                    HPOS="554.0"
                    VPOS="3956.0"
                    WIDTH="1525.0"
                    HEIGHT="183.0">
            <Shape><Polygon POINTS="554 4042 571 3983 1066 4004 1212 3956 1255 3999 1987 3988 2079 4053 2014 4133 1696 4106 1648 4139 1589 4112 1319 4128 1260 4106 926 4133 560 4122"/></Shape>
	    <String CONTENT="פרשה שסמוכה לחבירתה למידה"
                    HPOS="554.0"
                    VPOS="3956.0"
                    WIDTH="1525.0"
                    HEIGHT="183.0"></String>
          </TextLine>

          
          
          <TextLine ID="eSc_line_1367301"
                    
                    BASELINE="538 4166 2063 4176" 
                    HPOS="533.0"
                    VPOS="4112.0"
                    WIDTH="1524.0"
                    HEIGHT="150.0">
            <Shape><Polygon POINTS="533 4160 608 4117 888 4133 1260 4112 1341 4133 1449 4112 1556 4133 1589 4112 1653 4139 1696 4112 1987 4128 2057 4171 2014 4241 1950 4225 1869 4252 1664 4230 1643 4252 1433 4236 1341 4262 1298 4230 1255 4252 1169 4230 705 4257 624 4225 581 4246 538 4214"/></Shape>
	    <String CONTENT="הימנה ˙ ר&#39; או&#39; פרשיות סמוכות זו [/]"
                    HPOS="533.0"
                    VPOS="4112.0"
                    WIDTH="1524.0"
                    HEIGHT="150.0"></String>
          </TextLine>

          
          
          <TextLine ID="eSc_line_1367297"
                    
                    BASELINE="571 4300 2041 4295" 
                    HPOS="565.0"
                    VPOS="4230.0"
                    WIDTH="1471.0"
                    HEIGHT="162.0">
            <Shape><Polygon POINTS="565 4295 571 4241 619 4230 872 4262 1659 4241 1858 4262 1960 4236 2020 4252 2036 4289 2020 4354 1987 4375 1643 4365 1605 4386 1411 4359 1292 4386 1195 4359 1050 4381 969 4359 931 4392 888 4365 813 4386 673 4370 646 4343 592 4370 571 4349"/></Shape>
	    <String CONTENT="לזו ורחוקות זו מזו כרחוק מזרח"
                    HPOS="565.0"
                    VPOS="4230.0"
                    WIDTH="1471.0"
                    HEIGHT="162.0"></String>
          </TextLine>

          
          
          <TextLine ID="eSc_line_1367296"
                    
                    BASELINE="544 4424 2106 4429" 
                    HPOS="538.0"
                    VPOS="4349.0"
                    WIDTH="1563.0"
                    HEIGHT="166.0">
            <Shape><Polygon POINTS="538 4419 549 4349 571 4349 608 4381 931 4397 975 4365 1045 4386 1389 4381 1422 4354 1476 4381 2014 4365 2101 4424 1987 4499 1600 4483 1503 4505 1476 4478 1341 4510 1287 4478 1217 4515 1072 4510 1028 4483 894 4515 840 4494 743 4515 678 4478 641 4499 544 4478"/></Shape>
	    <String CONTENT="ממערב כיוצ&#39; בו את&#39; או&#39; הן בני ישר&#39;"
                    HPOS="538.0"
                    VPOS="4349.0"
                    WIDTH="1563.0"
                    HEIGHT="166.0"></String>
          </TextLine>

          
          
          <TextLine ID="eSc_line_1367304"
                    
                    BASELINE="560 4553 2106 4542" 
                    HPOS="554.0"
                    VPOS="4483.0"
                    WIDTH="1547.0"
                    HEIGHT="162.0">
            <Shape><Polygon POINTS="554 4548 576 4489 980 4521 1028 4489 1072 4515 1244 4521 1287 4483 1422 4526 1465 4494 1567 4515 1605 4483 1756 4510 1955 4489 2101 4537 1998 4618 1955 4602 1610 4628 1567 4585 1529 4623 1481 4628 1406 4591 1319 4645 829 4612 786 4634 711 4602 678 4623 560 4623"/></Shape>
	    <String CONTENT="לא שמע&#39; אלי וג&#39; אמ&#39; לו המק&#39; [ושמ&#39;]"
                    HPOS="554.0"
                    VPOS="4483.0"
                    WIDTH="1547.0"
                    HEIGHT="162.0"></String>
          </TextLine>

          
          
          <TextLine ID="eSc_line_1367277"
                    
                    BASELINE="581 4677 2084 4666" 
                    HPOS="576.0"
                    VPOS="4591.0"
                    WIDTH="1503.0"
                    HEIGHT="167.0">
            <Shape><Polygon POINTS="576 4672 581 4623 614 4607 662 4628 802 4634 824 4612 1314 4650 1411 4591 1465 4628 1573 4639 1955 4607 2079 4661 2014 4741 1934 4747 1696 4752 1637 4715 1605 4741 1465 4731 1422 4758 1368 4731 1233 4752 1195 4715 1131 4720 1082 4758 996 4747 969 4720 899 4747 797 4747 775 4725 581 4736"/></Shape>
	    <String CONTENT="ושמעו לקולך ˙ כיוצ&#39; בו את&#39; אומ&#39;"
                    HPOS="576.0"
                    VPOS="4591.0"
                    WIDTH="1503.0"
                    HEIGHT="167.0"></String>
          </TextLine>

          
          
          <TextLine ID="eSc_line_1367300"
                    
                    BASELINE="587 4806 2084 4795" 
                    HPOS="581.0"
                    VPOS="4720.0"
                    WIDTH="1498.0"
                    HEIGHT="161.0">
            <Shape><Polygon POINTS="581 4801 587 4752 619 4741 824 4752 861 4731 942 4752 969 4731 1093 4758 1131 4720 1158 4741 1201 4720 1239 4758 1643 4731 1691 4758 2009 4747 2079 4790 2014 4871 1885 4881 1783 4838 1707 4871 1519 4881 1406 4876 1384 4855 1325 4881 1190 4855 1104 4881 738 4876 711 4855 619 4881 587 4849"/></Shape>
	    <String CONTENT="ובת איש כהן כי תחל לזנות וג&#39; והכהן"
                    HPOS="581.0"
                    VPOS="4720.0"
                    WIDTH="1498.0"
                    HEIGHT="161.0"></String>
          </TextLine>

          
          
          <TextLine ID="eSc_line_1367295"
                    
                    BASELINE="554 4930 2106 4924" 
                    HPOS="549.0"
                    VPOS="4838.0"
                    WIDTH="1552.0"
                    HEIGHT="183.0">
            <Shape><Polygon POINTS="549 4924 597 4876 705 4855 845 4881 1195 4860 1314 4887 1524 4887 1702 4876 1756 4838 1853 4881 2020 4876 2101 4919 2090 5011 2063 5021 2036 4994 1901 5011 1869 4984 1788 5005 1761 4978 1729 5005 1605 5016 1459 5011 1433 4984 1395 5016 1319 5016 1287 4989 1228 5016 1109 4973 1045 5016 980 4989 937 5016 894 4973 851 5011 759 4989 651 5011 560 4946"/></Shape>
	    <String CONTENT="הגדול מאחיו וכי מה עינין זה לזה"
                    HPOS="549.0"
                    VPOS="4838.0"
                    WIDTH="1552.0"
                    HEIGHT="183.0"></String>
          </TextLine>

          
          
          <TextLine ID="eSc_line_1367275"
                    
                    BASELINE="560 5048 2079 5054" 
                    HPOS="554.0"
                    VPOS="5000.0"
                    WIDTH="1520.0"
                    HEIGHT="151.0">
            <Shape><Polygon POINTS="554 5043 597 5000 646 5021 700 5000 808 5021 878 5000 931 5021 953 5000 1034 5021 1169 5000 1222 5021 1745 5021 1837 5000 1880 5021 1923 5000 1944 5021 2057 5021 2074 5048 2057 5124 1842 5145 1777 5124 1707 5124 1664 5151 1556 5129 1459 5151 1433 5124 1368 5124 1330 5151 1233 5124 1190 5151 980 5124 878 5124 835 5151 732 5129 689 5151 560 5140"/></Shape>
	    <String CONTENT="אף הוא הנשרף משל למה הדבר"
                    HPOS="554.0"
                    VPOS="5000.0"
                    WIDTH="1520.0"
                    HEIGHT="151.0"></String>
          </TextLine>

          
        </TextBlock>
        

        
      </PrintSpace>
    </Page>
  </Layout>
</alto>
