<?xml version="1.0" encoding="UTF-8"?>
<alto xmlns:xsi="http://www.w3.org/2001/XMLSchema-instance"
      xmlns="http://www.loc.gov/standards/alto/ns-v4#"
      xsi:schemaLocation="http://www.loc.gov/standards/alto/ns-v4# http://www.loc.gov/standards/alto/v4/alto-4-2.xsd">
  <Description>
    <MeasurementUnit>pixel</MeasurementUnit>
    <sourceImageInformation>
      <fileName>oulis2017-aya-0572-0.jpg</fileName>
      
    </sourceImageInformation>
  </Description>
  
  <Tags>
    <OtherTag ID="BT1164" LABEL="Hole" DESCRIPTION="block type Hole"/><OtherTag ID="BT2" LABEL="Main" DESCRIPTION="block type Main"/><OtherTag ID="BT3" LABEL="Commentary" DESCRIPTION="block type Commentary"/><OtherTag ID="BT4" LABEL="Illustration" DESCRIPTION="block type Illustration"/><OtherTag ID="BT218" LABEL="Margin" DESCRIPTION="block type Margin"/><OtherTag ID="BT219" LABEL="Paratext" DESCRIPTION="block type Paratext"/>
    <OtherTag ID="LT2" LABEL="Numbering" DESCRIPTION="line type Numbering"/><OtherTag ID="LT3" LABEL="Correction" DESCRIPTION="line type Correction"/><OtherTag ID="LT481" LABEL="Gloss" DESCRIPTION="line type Gloss"/>
  </Tags>
  
  <Layout>
    <Page WIDTH="5398"
          HEIGHT="6459"
          PHYSICAL_IMG_NR="559"
          ID="eSc_dummypage_">
      <PrintSpace HPOS="0"
                  VPOS="0"
                  WIDTH="5398"
                  HEIGHT="6459">
        
        <TextBlock HPOS="2130.0"
                   VPOS="963.0"
                   WIDTH="1642.0"
                   HEIGHT="4165.0"
                   ID="eSc_textblock_13887"
                   TAGREFS="BT2">
          <Shape><Polygon POINTS="2130 963 2190 5128 3732 5128 3772 973"/></Shape>
          
          
          <TextLine ID="eSc_line_1356501"
                    
                    BASELINE="2219 1044 3738 1049" 
                    HPOS="2214.0"
                    VPOS="963.0"
                    WIDTH="1519.0"
                    HEIGHT="161.0">
            <Shape><Polygon POINTS="2214 1038 2219 968 2806 963 3706 968 3733 1044 3717 1098 3604 1114 3302 1098 3156 1119 3076 1103 3054 1124 2639 1124 2618 1103 2219 1119"/></Shape>
	    <String CONTENT="עיניו למטה עינו אחת למעלה ועינו [למ&#39;]"
                    HPOS="2214.0"
                    VPOS="963.0"
                    WIDTH="1519.0"
                    HEIGHT="161.0"></String>
          </TextLine>

          
          
          <TextLine ID="eSc_line_1356561"
                    
                    BASELINE="2208 1189 3749 1173" 
                    HPOS="2203.0"
                    VPOS="1103.0"
                    WIDTH="1541.0"
                    HEIGHT="161.0">
            <Shape><Polygon POINTS="2203 1184 2246 1135 2321 1135 2359 1108 2440 1141 2478 1119 2553 1146 2591 1124 2763 1119 3162 1135 3286 1108 3614 1130 3668 1103 3744 1168 3663 1248 3620 1254 3307 1232 3081 1259 2822 1237 2413 1264 2359 1243 2257 1254 2208 1205"/></Shape>
	    <String CONTENT="למטה ורואה את החדר ואת העלייה"
                    HPOS="2203.0"
                    VPOS="1103.0"
                    WIDTH="1541.0"
                    HEIGHT="161.0"></String>
          </TextLine>

          
          
          <TextLine ID="eSc_line_1356555"
                    
                    BASELINE="2230 1307 3733 1297" 
                    HPOS="2224.0"
                    VPOS="1237.0"
                    WIDTH="1503.0"
                    HEIGHT="140.0">
            <Shape><Polygon POINTS="2224 1302 2230 1237 2413 1264 3011 1259 3151 1237 3679 1248 3727 1291 3668 1367 3345 1367 3280 1329 3248 1361 3200 1340 3151 1367 2461 1356 2386 1377 2316 1356 2230 1377"/></Shape>
	    <String CONTENT="כאחד סכי שמש והסגרוס והרואה את"
                    HPOS="2224.0"
                    VPOS="1237.0"
                    WIDTH="1503.0"
                    HEIGHT="140.0"></String>
          </TextLine>

          
          
          <TextLine ID="eSc_line_1356502"
                    
                    BASELINE="2138 1420 3744 1415" 
                    HPOS="2133.0"
                    VPOS="1334.0"
                    WIDTH="1605.0"
                    HEIGHT="189.0">
            <Shape><Polygon POINTS="2133 1415 2192 1372 2300 1361 3156 1372 3194 1351 3253 1367 3286 1334 3323 1367 3679 1367 3738 1410 3684 1485 2273 1480 2219 1523 2138 1447"/></Shape>
	    <String CONTENT="חביר ואומ&#39; לי רואה רואה גרב זה החרס"
                    HPOS="2133.0"
                    VPOS="1334.0"
                    WIDTH="1605.0"
                    HEIGHT="189.0"></String>
          </TextLine>

          
          
          <TextLine ID="eSc_line_1356511"
                    
                    BASELINE="2224 1544 3733 1544" 
                    HPOS="2219.0"
                    VPOS="1474.0"
                    WIDTH="1508.0"
                    HEIGHT="162.0">
            <Shape><Polygon POINTS="2219 1539 2278 1485 2623 1501 3598 1474 3717 1485 3727 1539 3717 1614 3620 1603 3550 1625 3442 1593 3329 1609 3307 1587 3232 1620 2472 1609 2445 1636 2375 1598 2230 1603"/></Shape>
	    <String CONTENT="ילפת זו זזית המצרית מרוח אשך ר&#39;"
                    HPOS="2219.0"
                    VPOS="1474.0"
                    WIDTH="1508.0"
                    HEIGHT="162.0"></String>
          </TextLine>

          
          
          <TextLine ID="eSc_line_1356550"
                    
                    BASELINE="2251 1673 3738 1663" 
                    HPOS="2246.0"
                    VPOS="1582.0"
                    WIDTH="1487.0"
                    HEIGHT="167.0">
            <Shape><Polygon POINTS="2246 1668 2262 1593 2440 1630 2467 1603 3232 1614 3291 1582 3361 1614 3426 1593 3534 1625 3695 1609 3733 1657 3690 1722 3539 1738 3410 1743 3296 1717 3124 1738 3000 1717 2930 1743 2774 1743 2752 1722 2715 1743 2472 1743 2445 1722 2391 1749 2251 1743"/></Shape>
	    <String CONTENT="ישמע&#39; או&#39; שנמרחו אישכיו ר&#39; עקיב&#39;"
                    HPOS="2246.0"
                    VPOS="1582.0"
                    WIDTH="1487.0"
                    HEIGHT="167.0"></String>
          </TextLine>

          
          
          <TextLine ID="eSc_line_1356542"
                    
                    BASELINE="2224 1803 3733 1803" 
                    HPOS="2219.0"
                    VPOS="1722.0"
                    WIDTH="1508.0"
                    HEIGHT="167.0">
            <Shape><Polygon POINTS="2219 1797 2289 1743 2709 1749 2752 1722 2790 1749 3011 1722 3124 1743 3641 1727 3727 1797 3657 1867 3480 1873 3027 1851 2984 1873 2731 1856 2704 1878 2478 1867 2391 1889 2364 1862 2268 1873 2230 1835"/></Shape>
	    <String CONTENT="או&#39; שהרוח באי שכיו ר&#39; חנינה בן [א/]"
                    HPOS="2219.0"
                    VPOS="1722.0"
                    WIDTH="1508.0"
                    HEIGHT="167.0"></String>
          </TextLine>

          
          
          <TextLine ID="eSc_line_1356547"
                    
                    BASELINE="2203 1932 3754 1921" 
                    HPOS="2197.0"
                    VPOS="1851.0"
                    WIDTH="1552.0"
                    HEIGHT="162.0">
            <Shape><Polygon POINTS="2197 1926 2305 1862 2451 1883 2478 1862 2774 1878 3016 1851 3404 1873 3733 1856 3749 1916 3727 1975 3636 1964 3587 1991 3216 1986 3156 1948 3108 1986 3022 1964 2968 1991 2839 1991 2779 1969 2747 2002 2693 1975 2655 2002 2531 1991 2510 2013 2467 1975 2311 2013 2203 1926"/></Shape>
	    <String CONTENT="אנטיגנוס או&#39; שמראיו חשוכין אין"
                    HPOS="2197.0"
                    VPOS="1851.0"
                    WIDTH="1552.0"
                    HEIGHT="162.0"></String>
          </TextLine>

          
          
          <TextLine ID="eSc_line_1356562"
                    
                    BASELINE="2203 2050 3760 2034" 
                    HPOS="2197.0"
                    VPOS="1959.0"
                    WIDTH="1557.0"
                    HEIGHT="177.0">
            <Shape><Polygon POINTS="2197 2045 2262 1986 2305 2013 2467 1986 2510 2018 2537 1996 2661 2002 2699 1975 2752 1996 2785 1964 2849 1991 2995 1991 3022 1969 3124 1991 3156 1959 3221 1996 3431 1975 3582 1996 3641 1964 3717 2029 3754 2029 3663 2115 3571 2093 3501 2120 3340 2120 3237 2088 3205 2115 3027 2126 2898 2093 2655 2136 2311 2120 2208 2066"/></Shape>
	    <String CONTENT="לי אלא אילו בלבד מנ&#39; לרבות שאר"
                    HPOS="2197.0"
                    VPOS="1959.0"
                    WIDTH="1557.0"
                    HEIGHT="177.0"></String>
          </TextLine>

          
          
          <TextLine ID="eSc_line_1356543"
                    
                    BASELINE="2176 2179 3717 2179" 
                    HPOS="2171.0"
                    VPOS="2093.0"
                    WIDTH="1540.0"
                    HEIGHT="178.0">
            <Shape><Polygon POINTS="2171 2174 2246 2115 2688 2136 2919 2104 3059 2131 3210 2120 3237 2093 3340 2126 3690 2115 3711 2174 3701 2212 3636 2249 3512 2239 3404 2260 3356 2217 3318 2255 3243 2233 3194 2260 3043 2266 2989 2244 2763 2239 2461 2271 2418 2249 2268 2260 2181 2179"/></Shape>
	    <String CONTENT="המומין ת&#39;ל&#39; מום ואם ריבה מנין כושי"
                    HPOS="2171.0"
                    VPOS="2093.0"
                    WIDTH="1540.0"
                    HEIGHT="178.0"></String>
          </TextLine>

          
          
          <TextLine ID="eSc_line_1356556"
                    
                    BASELINE="2197 2309 3738 2292" 
                    HPOS="2192.0"
                    VPOS="2212.0"
                    WIDTH="1541.0"
                    HEIGHT="177.0">
            <Shape><Polygon POINTS="2192 2303 2241 2244 2413 2244 2440 2271 2752 2239 3043 2266 3194 2260 3232 2233 3313 2249 3350 2212 3393 2255 3717 2233 3733 2287 3663 2389 3463 2352 3318 2352 3243 2379 3205 2357 3124 2362 3092 2384 2973 2357 2909 2379 2478 2379 2440 2357 2241 2373 2203 2336"/></Shape>
	    <String CONTENT="גיחור ולוקין כיפיח עם החרש השוטה"
                    HPOS="2192.0"
                    VPOS="2212.0"
                    WIDTH="1541.0"
                    HEIGHT="177.0"></String>
          </TextLine>

          
          
          <TextLine ID="eSc_line_1356515"
                    
                    BASELINE="2219 2427 3738 2427" 
                    HPOS="2214.0"
                    VPOS="2357.0"
                    WIDTH="1519.0"
                    HEIGHT="145.0">
            <Shape><Polygon POINTS="2214 2422 2273 2368 3097 2384 3210 2362 3243 2384 3474 2357 3674 2384 3733 2422 3722 2459 3668 2492 3420 2497 3345 2475 3237 2502 3156 2502 3119 2465 3076 2497 2909 2502 2882 2475 2769 2497 2386 2497 2359 2475 2278 2486 2224 2443"/></Shape>
	    <String CONTENT="והשיכור ובעל נגעים טהורים ת&#39;ל&#39;"
                    HPOS="2214.0"
                    VPOS="2357.0"
                    WIDTH="1519.0"
                    HEIGHT="145.0"></String>
          </TextLine>

          
          
          <TextLine ID="eSc_line_1356557"
                    
                    BASELINE="2208 2545 3717 2545" 
                    HPOS="2203.0"
                    VPOS="2470.0"
                    WIDTH="1508.0"
                    HEIGHT="151.0">
            <Shape><Polygon POINTS="2203 2540 2268 2486 2860 2486 2887 2513 3081 2497 3113 2470 3151 2502 3701 2486 3711 2540 3684 2588 3604 2621 3560 2599 3501 2615 3463 2588 3399 2615 3270 2610 3243 2588 3027 2610 2995 2578 2957 2615 2790 2615 2742 2594 2693 2621 2548 2599 2332 2615 2268 2610 2214 2556"/></Shape>
	    <String CONTENT="איש איש יזבח והלא דין הוא ומה"
                    HPOS="2203.0"
                    VPOS="2470.0"
                    WIDTH="1508.0"
                    HEIGHT="151.0"></String>
          </TextLine>

          
          
          <TextLine ID="eSc_line_1356516"
                    
                    BASELINE="2197 2658 3711 2664" 
                    HPOS="2192.0"
                    VPOS="2583.0"
                    WIDTH="1514.0"
                    HEIGHT="156.0">
            <Shape><Polygon POINTS="2192 2653 2268 2610 2887 2605 2979 2637 3011 2605 3200 2588 3641 2615 3690 2583 3706 2658 3663 2712 3582 2728 3237 2712 2672 2739 2289 2734 2197 2658"/></Shape>
	    <String CONTENT="אם בהמה שפסל בה אותו ואת בנו"
                    HPOS="2192.0"
                    VPOS="2583.0"
                    WIDTH="1514.0"
                    HEIGHT="156.0"></String>
          </TextLine>

          
          
          <TextLine ID="eSc_line_1356551"
                    
                    BASELINE="2160 2793 3733 2782" 
                    HPOS="2154.0"
                    VPOS="2702.0"
                    WIDTH="1573.0"
                    HEIGHT="161.0">
            <Shape><Polygon POINTS="2154 2788 2224 2702 2316 2734 2531 2739 3232 2718 3426 2739 3695 2707 3727 2777 3711 2831 3544 2858 3345 2847 3323 2825 3286 2847 3059 2858 2984 2836 2709 2863 2677 2831 2564 2863 2332 2858 2208 2852 2165 2809"/></Shape>
	    <String CONTENT="טרפה ויוצא דופן ושנעברה בה עבירה"
                    HPOS="2154.0"
                    VPOS="2702.0"
                    WIDTH="1573.0"
                    HEIGHT="161.0"></String>
          </TextLine>

          
          
          <TextLine ID="eSc_line_1356552"
                    
                    BASELINE="2224 2906 3711 2901" 
                    HPOS="2219.0"
                    VPOS="2831.0"
                    WIDTH="1487.0"
                    HEIGHT="156.0">
            <Shape><Polygon POINTS="2219 2901 2251 2841 2510 2863 2666 2831 2699 2858 2936 2841 3038 2868 3113 2847 3577 2847 3657 2852 3706 2895 3690 2954 3636 2976 3426 2954 2553 2987 2526 2960 2391 2981 2321 2981 2273 2949 2224 2960"/></Shape>
	    <String CONTENT="הכשר בה כושי וגיחור ולוקין כיפיח"
                    HPOS="2219.0"
                    VPOS="2831.0"
                    WIDTH="1487.0"
                    HEIGHT="156.0"></String>
          </TextLine>

          
          
          <TextLine ID="eSc_line_1356517"
                    
                    BASELINE="2214 3035 3701 3024" 
                    HPOS="2208.0"
                    VPOS="2949.0"
                    WIDTH="1487.0"
                    HEIGHT="156.0">
            <Shape><Polygon POINTS="2208 3030 2214 2965 2273 2949 2311 2981 2526 2965 2553 2992 3086 2960 3679 2971 3695 3019 3679 3094 3630 3100 3183 3078 2898 3105 2602 3105 2521 3084 2332 3105 2224 3030"/></Shape>
	    <String CONTENT="וננס החרש השוטה והשיכור ובעל"
                    HPOS="2208.0"
                    VPOS="2949.0"
                    WIDTH="1487.0"
                    HEIGHT="156.0"></String>
          </TextLine>

          
          
          <TextLine ID="eSc_line_1356544"
                    
                    BASELINE="2219 3159 3706 3148" 
                    HPOS="2214.0"
                    VPOS="3084.0"
                    WIDTH="1487.0"
                    HEIGHT="145.0">
            <Shape><Polygon POINTS="2214 3154 2219 3094 2909 3105 2984 3084 3647 3094 3684 3100 3701 3143 3663 3224 3183 3202 2580 3229 2391 3207 2241 3224 2219 3202"/></Shape>
	    <String CONTENT="נגעים טהורים אדם שהכשר בו אתו"
                    HPOS="2214.0"
                    VPOS="3084.0"
                    WIDTH="1487.0"
                    HEIGHT="145.0"></String>
          </TextLine>

          
          
          <TextLine ID="eSc_line_1356558"
                    
                    BASELINE="2192 3272 3711 3272" 
                    HPOS="2187.0"
                    VPOS="3207.0"
                    WIDTH="1519.0"
                    HEIGHT="146.0">
            <Shape><Polygon POINTS="2187 3267 2224 3218 2682 3234 3410 3207 3609 3229 3695 3213 3706 3267 3679 3347 2946 3326 2828 3353 2327 3353 2230 3347 2197 3315"/></Shape>
	    <String CONTENT="ואת בנו טרפה ויוצא דופן ושנעברה"
                    HPOS="2187.0"
                    VPOS="3207.0"
                    WIDTH="1519.0"
                    HEIGHT="146.0"></String>
          </TextLine>

          
          
          <TextLine ID="eSc_line_1356518"
                    
                    BASELINE="2197 3390 3706 3396" 
                    HPOS="2192.0"
                    VPOS="3321.0"
                    WIDTH="1509.0"
                    HEIGHT="172.0">
            <Shape><Polygon POINTS="2192 3385 2197 3331 2623 3358 2903 3353 3011 3321 3135 3342 3684 3337 3701 3390 3668 3466 3560 3444 3474 3477 3372 3428 3313 3466 3280 3439 3243 3466 3033 3460 3000 3439 2941 3493 2903 3455 2839 3477 2251 3477 2197 3428"/></Shape>
	    <String CONTENT="בו עבירה אינו דין שנכשיר בו כושי"
                    HPOS="2192.0"
                    VPOS="3321.0"
                    WIDTH="1509.0"
                    HEIGHT="172.0"></String>
          </TextLine>

          
          
          <TextLine ID="eSc_line_1356519"
                    
                    BASELINE="2219 3525 3722 3525" 
                    HPOS="2214.0"
                    VPOS="3434.0"
                    WIDTH="1503.0"
                    HEIGHT="183.0">
            <Shape><Polygon POINTS="2214 3520 2224 3460 2817 3482 2914 3466 2946 3493 2989 3460 3033 3498 3065 3466 3253 3471 3280 3444 3329 3471 3372 3434 3474 3482 3620 3460 3717 3520 3706 3573 3663 3617 3571 3590 3496 3611 3453 3568 3259 3617 3221 3584 3081 3611 2742 3584 2537 3606 2418 3568 2294 3606 2224 3557"/></Shape>
	    <String CONTENT="גיחור לוקין כיפי ננס חרש שוטה"
                    HPOS="2214.0"
                    VPOS="3434.0"
                    WIDTH="1503.0"
                    HEIGHT="183.0"></String>
          </TextLine>

          
          
          <TextLine ID="eSc_line_1356520"
                    
                    BASELINE="2219 3654 3711 3654" 
                    HPOS="2214.0"
                    VPOS="3573.0"
                    WIDTH="1492.0"
                    HEIGHT="162.0">
            <Shape><Polygon POINTS="2214 3649 2224 3590 2311 3606 2408 3573 2531 3606 2866 3590 3135 3611 3221 3590 3248 3617 3453 3573 3490 3611 3609 3595 3706 3649 3652 3724 3431 3724 3367 3697 3340 3719 2628 3713 2440 3735 2397 3692 2359 3724 2224 3719"/></Shape>
	    <String CONTENT="השיכור ובעל נגעים טהורים ת&#39;ל&#39; איש"
                    HPOS="2214.0"
                    VPOS="3573.0"
                    WIDTH="1492.0"
                    HEIGHT="162.0"></String>
          </TextLine>

          
          
          <TextLine ID="eSc_line_1356507"
                    
                    BASELINE="2219 3767 3738 3762" 
                    HPOS="2214.0"
                    VPOS="3687.0"
                    WIDTH="1519.0"
                    HEIGHT="161.0">
            <Shape><Polygon POINTS="2214 3762 2219 3713 2348 3724 2386 3687 2440 3735 2688 3708 3679 3708 3733 3756 3657 3832 3604 3843 3361 3821 3280 3843 3210 3794 3167 3837 3113 3843 2936 3816 2903 3848 2839 3821 2553 3848 2402 3837 2370 3810 2332 3843 2246 3848 2219 3821"/></Shape>
	    <String CONTENT="איש ריבה אשר בו מום פרט לאותו"
                    HPOS="2214.0"
                    VPOS="3687.0"
                    WIDTH="1519.0"
                    HEIGHT="161.0"></String>
          </TextLine>

          
          
          <TextLine ID="eSc_line_1356512"
                    
                    BASELINE="2224 3886 3711 3886" 
                    HPOS="2219.0"
                    VPOS="3800.0"
                    WIDTH="1487.0"
                    HEIGHT="177.0">
            <Shape><Polygon POINTS="2219 3880 2381 3816 2456 3848 2844 3832 2919 3853 2946 3826 3178 3837 3216 3800 3280 3843 3695 3826 3706 3880 3652 3961 3614 3934 3490 3966 3006 3966 2855 3945 2817 3966 2699 3966 2661 3939 2607 3972 2488 3977 2230 3950"/></Shape>
	    <String CONTENT="ואת בנו לטרפה ו(ל)יוצא דופן [ולש&#39;]"
                    HPOS="2219.0"
                    VPOS="3800.0"
                    WIDTH="1487.0"
                    HEIGHT="177.0"></String>
          </TextLine>

          
          
          <TextLine ID="eSc_line_1356508"
                    
                    BASELINE="2203 4015 3711 4004" 
                    HPOS="2197.0"
                    VPOS="3939.0"
                    WIDTH="1509.0"
                    HEIGHT="151.0">
            <Shape><Polygon POINTS="2197 4009 2203 3950 2607 3972 2655 3939 2758 3972 3097 3950 3388 3972 3609 3939 3706 3999 3668 4079 3593 4063 3571 4085 3356 4090 3194 4058 3027 4085 2892 4069 2575 4090 2510 4063 2472 4085 2418 4063 2343 4085 2235 4079 2203 4047"/></Shape>
	    <String CONTENT="ולשנעברה בו עבירה והלא דין הוא"
                    HPOS="2197.0"
                    VPOS="3939.0"
                    WIDTH="1509.0"
                    HEIGHT="151.0"></String>
          </TextLine>

          
          
          <TextLine ID="eSc_line_1356514"
                    
                    BASELINE="2176 4122 3717 4122" 
                    HPOS="2171.0"
                    VPOS="4058.0"
                    WIDTH="1540.0"
                    HEIGHT="156.0">
            <Shape><Polygon POINTS="2171 4117 2187 4069 2343 4090 3033 4090 3194 4069 3571 4090 3701 4058 3711 4117 3701 4187 3663 4209 3614 4187 3539 4209 2758 4192 2338 4214 2219 4209 2181 4171"/></Shape>
	    <String CONTENT="ומה אם בהמה הכשיר בה כושי גיחור"
                    HPOS="2171.0"
                    VPOS="4058.0"
                    WIDTH="1540.0"
                    HEIGHT="156.0"></String>
          </TextLine>

          
          
          <TextLine ID="eSc_line_1356498"
                    
                    BASELINE="2181 4268 3695 4257" 
                    HPOS="2176.0"
                    VPOS="4187.0"
                    WIDTH="1514.0"
                    HEIGHT="156.0">
            <Shape><Polygon POINTS="2176 4262 2246 4192 3232 4192 3458 4214 3620 4187 3641 4209 3674 4198 3690 4252 3679 4306 3641 4332 3485 4343 3442 4322 3140 4332 3119 4311 2844 4338 2785 4316 2731 4343 2602 4322 2294 4332 2203 4262"/></Shape>
	    <String CONTENT="לוקין כיפי ננס החרש השוטה [והשי&#39;]"
                    HPOS="2176.0"
                    VPOS="4187.0"
                    WIDTH="1514.0"
                    HEIGHT="156.0"></String>
          </TextLine>

          
          
          <TextLine ID="eSc_line_1356513"
                    
                    BASELINE="2219 4381 3695 4381" 
                    HPOS="2214.0"
                    VPOS="4300.0"
                    WIDTH="1476.0"
                    HEIGHT="167.0">
            <Shape><Polygon POINTS="2214 4375 2241 4300 2294 4343 2596 4322 2731 4349 2763 4327 3086 4338 3113 4316 3140 4338 3442 4327 3480 4349 3507 4327 3679 4316 3690 4375 3679 4451 3620 4462 3426 4462 3340 4435 3210 4462 3113 4445 2962 4467 2440 4467 2278 4451 2224 4402"/></Shape>
	    <String CONTENT="והשיכור ובעל נגעים טהורים פסל"
                    HPOS="2214.0"
                    VPOS="4300.0"
                    WIDTH="1476.0"
                    HEIGHT="167.0"></String>
          </TextLine>

          
          
          <TextLine ID="eSc_line_1356509"
                    
                    BASELINE="2197 4510 3738 4515" 
                    HPOS="2192.0"
                    VPOS="4424.0"
                    WIDTH="1541.0"
                    HEIGHT="167.0">
            <Shape><Polygon POINTS="2192 4505 2197 4451 2957 4467 3108 4445 3302 4456 3334 4435 3663 4462 3701 4424 3733 4510 3711 4553 3620 4580 3539 4558 3356 4580 3313 4548 3286 4569 2962 4558 2731 4591 2688 4569 2580 4575 2558 4553 2515 4585 2257 4591 2197 4548"/></Shape>
	    <String CONTENT="בה אותו ואת בנו טרפה ויוצא דופן"
                    HPOS="2192.0"
                    VPOS="4424.0"
                    WIDTH="1541.0"
                    HEIGHT="167.0"></String>
          </TextLine>

          
          
          <TextLine ID="eSc_line_1356497"
                    
                    BASELINE="2219 4628 3717 4628" 
                    HPOS="2214.0"
                    VPOS="4558.0"
                    WIDTH="1497.0"
                    HEIGHT="167.0">
            <Shape><Polygon POINTS="2214 4623 2224 4558 2257 4591 2558 4569 2688 4569 2725 4591 2952 4569 3200 4585 3323 4558 3356 4585 3463 4591 3690 4564 3711 4623 3657 4715 3614 4688 3571 4725 3528 4704 3388 4720 3135 4688 3033 4715 2979 4677 2903 4704 2596 4693 2472 4715 2224 4682"/></Shape>
	    <String CONTENT="ושנעברה בו עבירה אדם שפסל"
                    HPOS="2214.0"
                    VPOS="4558.0"
                    WIDTH="1497.0"
                    HEIGHT="167.0"></String>
          </TextLine>

          
          
          <TextLine ID="eSc_line_1356500"
                    
                    BASELINE="2208 4763 3706 4763" 
                    HPOS="2203.0"
                    VPOS="4682.0"
                    WIDTH="1498.0"
                    HEIGHT="167.0">
            <Shape><Polygon POINTS="2203 4758 2214 4693 2246 4682 2435 4715 2860 4709 2984 4682 3027 4715 3119 4693 3383 4720 3523 4704 3566 4731 3620 4688 3701 4758 3663 4844 3582 4822 3420 4838 3361 4806 3275 4838 3076 4806 2941 4817 2898 4849 2871 4822 2828 4844 2801 4817 2294 4833 2214 4790"/></Shape>
	    <String CONTENT="בו כושי וגיחור לוקין כיפי ננס והחר&#39;"
                    HPOS="2203.0"
                    VPOS="4682.0"
                    WIDTH="1498.0"
                    HEIGHT="167.0"></String>
          </TextLine>

          
          
          <TextLine ID="eSc_line_1356503"
                    
                    BASELINE="2133 4881 3738 4892" 
                    HPOS="2127.0"
                    VPOS="4790.0"
                    WIDTH="1606.0"
                    HEIGHT="178.0">
            <Shape><Polygon POINTS="2127 4876 2133 4806 2192 4790 2273 4833 2704 4811 2801 4817 2833 4844 2866 4822 2892 4849 2919 4822 3054 4811 3264 4844 3367 4806 3420 4844 3458 4817 3501 4844 3582 4822 3733 4887 3647 4946 3560 4962 2995 4962 2930 4930 2892 4957 2736 4968 2682 4946 2521 4968 2230 4930 2208 4946 2133 4892"/></Shape>
	    <String CONTENT="והשוטה והשיכור ובעל נגעים טהורי&#39;"
                    HPOS="2127.0"
                    VPOS="4790.0"
                    WIDTH="1606.0"
                    HEIGHT="178.0"></String>
          </TextLine>

          
          
          <TextLine ID="eSc_line_1356510"
                    
                    BASELINE="2144 5027 3690 5011" 
                    HPOS="2138.0"
                    VPOS="4935.0"
                    WIDTH="1546.0"
                    HEIGHT="189.0">
            <Shape><Polygon POINTS="2138 5021 2144 4962 2230 4946 2564 4962 2645 4941 3156 4957 3216 4935 3668 4935 3684 5005 3668 5064 3560 5113 3496 5113 3453 5075 3399 5113 3248 5097 3103 5118 2957 5081 2882 5118 2790 5091 2731 5118 2602 5075 2505 5124 2451 5118 2397 5075 2144 5075"/></Shape>
	    <String CONTENT="אינו דין שניפסול בו אותו ואת בנו"
                    HPOS="2138.0"
                    VPOS="4935.0"
                    WIDTH="1546.0"
                    HEIGHT="189.0"></String>
          </TextLine>

          
        </TextBlock>
        
        <TextBlock HPOS="409.0"
                   VPOS="973.0"
                   WIDTH="1583.0"
                   HEIGHT="4135.0"
                   ID="eSc_textblock_13886"
                   TAGREFS="BT2">
          <Shape><Polygon POINTS="409 1022 409 5108 1952 5108 1992 973"/></Shape>
          
          
          <TextLine ID="eSc_line_1356560"
                    
                    BASELINE="409 1092 1977 1060" 
                    HPOS="404.0"
                    VPOS="979.0"
                    WIDTH="1567.0"
                    HEIGHT="183.0">
            <Shape><Polygon POINTS="404 1087 409 1044 474 1044 506 1017 554 1044 732 1022 888 1038 980 1001 1098 1033 1201 995 1653 1001 1702 979 1756 1017 1847 1011 1912 979 1955 995 1971 1054 1955 1103 1880 1124 1804 1108 1686 1135 1589 1108 1427 1146 1384 1124 1330 1146 1174 1130 1152 1151 937 1151 878 1124 802 1157 727 1135 662 1162 506 1162 463 1130 409 1130"/></Shape>
	    <String CONTENT="טרפה ויוצא דופן ושנעברה בו עבירה"
                    HPOS="404.0"
                    VPOS="979.0"
                    WIDTH="1567.0"
                    HEIGHT="183.0"></String>
          </TextLine>

          
          
          <TextLine ID="eSc_line_1356554"
                    
                    BASELINE="457 1216 1923 1200" 
                    HPOS="452.0"
                    VPOS="1108.0"
                    WIDTH="1465.0"
                    HEIGHT="194.0">
            <Shape><Polygon POINTS="452 1211 490 1173 684 1173 711 1146 743 1173 942 1157 975 1189 1012 1151 1169 1141 1244 1173 1346 1141 1756 1141 1793 1108 1901 1135 1917 1194 1901 1275 1837 1275 1788 1237 1707 1270 1594 1248 1562 1264 1540 1243 1185 1286 1045 1254 921 1297 824 1281 721 1302 506 1297 457 1264"/></Shape>
	    <String CONTENT="ת&#39;ל&#39; אשר בו מום פרט לאתו ואת בנו"
                    HPOS="452.0"
                    VPOS="1108.0"
                    WIDTH="1465.0"
                    HEIGHT="194.0"></String>
          </TextLine>

          
          
          <TextLine ID="eSc_line_1356549"
                    
                    BASELINE="404 1345 1955 1318" 
                    HPOS="398.0"
                    VPOS="1248.0"
                    WIDTH="1552.0"
                    HEIGHT="178.0">
            <Shape><Polygon POINTS="398 1340 441 1281 571 1302 764 1281 926 1297 1055 1254 1174 1291 1314 1259 1540 1254 1573 1275 1594 1254 1616 1270 1799 1248 1863 1307 1907 1275 1950 1313 1907 1383 1637 1388 1519 1367 1443 1388 1379 1356 1244 1399 1185 1367 1163 1388 1077 1377 878 1420 743 1383 705 1415 630 1399 576 1426 447 1426 409 1388"/></Shape>
	    <String CONTENT="לטרפה ו(ל)יוצא דופן ולשנעברה בו עבירה"
                    HPOS="398.0"
                    VPOS="1248.0"
                    WIDTH="1552.0"
                    HEIGHT="178.0"></String>
          </TextLine>

          
          
          <TextLine ID="eSc_line_1356538"
                    
                    BASELINE="457 1453 1998 1431" 
                    HPOS="452.0"
                    VPOS="1367.0"
                    WIDTH="1541.0"
                    HEIGHT="177.0">
            <Shape><Polygon POINTS="452 1447 495 1410 705 1415 738 1388 759 1410 888 1415 1152 1394 1179 1367 1212 1399 1325 1372 1384 1399 1481 1394 1519 1367 1664 1388 1863 1377 1934 1426 1993 1426 1907 1507 1319 1501 1228 1507 1190 1534 1152 1507 910 1507 689 1539 571 1512 517 1544 463 1490"/></Shape>
	    <String CONTENT="מום בו פרט להשלך מומו והלא דין"
                    HPOS="452.0"
                    VPOS="1367.0"
                    WIDTH="1541.0"
                    HEIGHT="177.0"></String>
          </TextLine>

          
          
          <TextLine ID="eSc_line_1356541"
                    
                    BASELINE="474 1582 1928 1566" 
                    HPOS="468.0"
                    VPOS="1496.0"
                    WIDTH="1455.0"
                    HEIGHT="167.0">
            <Shape><Polygon POINTS="468 1577 474 1528 522 1550 565 1517 727 1534 813 1512 872 1534 910 1512 1152 1507 1190 1534 1228 1512 1556 1517 1643 1496 1896 1507 1923 1560 1907 1620 1869 1630 1632 1620 1190 1647 1066 1625 910 1663 544 1663 474 1630"/></Shape>
	    <String CONTENT="הוא ומה אם בהמה שפסל בה אתו"
                    HPOS="468.0"
                    VPOS="1496.0"
                    WIDTH="1455.0"
                    HEIGHT="167.0"></String>
          </TextLine>

          
          
          <TextLine ID="eSc_line_1356546"
                    
                    BASELINE="430 1717 1944 1679" 
                    HPOS="425.0"
                    VPOS="1614.0"
                    WIDTH="1514.0"
                    HEIGHT="189.0">
            <Shape><Polygon POINTS="425 1711 430 1657 468 1641 630 1668 1923 1614 1939 1673 1885 1749 1551 1743 1503 1765 1255 1770 1174 1727 1115 1770 948 1760 845 1803 770 1776 436 1786"/></Shape>
	    <String CONTENT="ואת בנו טרפה ויוצא דופן ושנתעברה"
                    HPOS="425.0"
                    VPOS="1614.0"
                    WIDTH="1514.0"
                    HEIGHT="189.0"></String>
          </TextLine>

          
          
          <TextLine ID="eSc_line_1356539"
                    
                    BASELINE="430 1846 1977 1803" 
                    HPOS="425.0"
                    VPOS="1733.0"
                    WIDTH="1546.0"
                    HEIGHT="183.0">
            <Shape><Polygon POINTS="425 1840 495 1781 851 1797 1002 1765 1125 1776 1174 1733 1309 1776 1433 1754 1772 1770 1955 1738 1971 1797 1907 1883 1777 1862 1723 1894 1589 1873 1222 1883 1195 1905 1136 1889 522 1916 441 1840"/></Shape>
	    <String CONTENT="בה עבירה אם הלך מומה כשירה"
                    HPOS="425.0"
                    VPOS="1733.0"
                    WIDTH="1546.0"
                    HEIGHT="183.0"></String>
          </TextLine>

          
          
          <TextLine ID="eSc_line_1356540"
                    
                    BASELINE="387 1964 1950 1937" 
                    HPOS="382.0"
                    VPOS="1873.0"
                    WIDTH="1562.0"
                    HEIGHT="172.0">
            <Shape><Polygon POINTS="382 1959 474 1894 511 1916 888 1910 1298 1883 1691 1894 1777 1873 1896 1889 1944 1932 1896 2007 1847 2018 1653 1991 1610 2018 1287 2002 1228 2023 694 2018 533 2045 457 2039 387 1969"/></Shape>
	    <String CONTENT="אדם שהכשיר בו אתו ואת בנו טרפה"
                    HPOS="382.0"
                    VPOS="1873.0"
                    WIDTH="1562.0"
                    HEIGHT="172.0"></String>
          </TextLine>

          
          
          <TextLine ID="eSc_line_1356534"
                    
                    BASELINE="457 2077 1982 2056" 
                    HPOS="452.0"
                    VPOS="1996.0"
                    WIDTH="1525.0"
                    HEIGHT="178.0">
            <Shape><Polygon POINTS="452 2072 484 2029 1018 2034 1239 2023 1292 1996 1395 2023 1643 1996 1826 2018 1912 2002 1977 2050 1912 2131 1664 2136 1632 2104 1589 2136 1459 2153 1303 2120 1265 2153 1206 2158 856 2136 802 2169 711 2153 657 2174 511 2163 457 2131"/></Shape>
	    <String CONTENT="ויוצא דופן ושנעברה בו [עביע&#39;] עביר&#39;"
                    HPOS="452.0"
                    VPOS="1996.0"
                    WIDTH="1525.0"
                    HEIGHT="178.0"></String>
          </TextLine>

          
          
          <TextLine ID="eSc_line_1356529"
                    
                    BASELINE="420 2212 1971 2196" 
                    HPOS="414.0"
                    VPOS="2109.0"
                    WIDTH="1552.0"
                    HEIGHT="189.0">
            <Shape><Polygon POINTS="414 2206 452 2136 549 2169 791 2174 1018 2142 1271 2158 1303 2131 1438 2158 1600 2136 1632 2109 1670 2142 1874 2131 1966 2190 1901 2260 1831 2271 1653 2260 1605 2282 1573 2249 1222 2282 845 2282 802 2255 700 2298 592 2260 538 2287 420 2282"/></Shape>
	    <String CONTENT="אם הלך ממו לא יהא כשר אם אמרת&#39;"
                    HPOS="414.0"
                    VPOS="2109.0"
                    WIDTH="1552.0"
                    HEIGHT="189.0"></String>
          </TextLine>

          
          
          <TextLine ID="eSc_line_1356533"
                    
                    BASELINE="436 2341 1955 2319" 
                    HPOS="430.0"
                    VPOS="2255.0"
                    WIDTH="1520.0"
                    HEIGHT="177.0">
            <Shape><Polygon POINTS="430 2336 463 2292 581 2260 678 2298 802 2271 1066 2287 1336 2260 1529 2276 1573 2255 1600 2282 1659 2260 1901 2266 1950 2314 1901 2389 1589 2373 1535 2400 1260 2395 1217 2373 1147 2405 878 2384 845 2416 603 2395 468 2432 441 2411"/></Shape>
	    <String CONTENT="בבהמה שהכשיר בה כושי גיחור לוקין"
                    HPOS="430.0"
                    VPOS="2255.0"
                    WIDTH="1520.0"
                    HEIGHT="177.0"></String>
          </TextLine>

          
          
          <TextLine ID="eSc_line_1356553"
                    
                    BASELINE="479 2454 1944 2432" 
                    HPOS="474.0"
                    VPOS="2379.0"
                    WIDTH="1465.0"
                    HEIGHT="156.0">
            <Shape><Polygon POINTS="474 2449 511 2405 565 2400 829 2422 878 2389 1158 2405 1212 2379 1529 2400 1567 2379 1923 2379 1939 2427 1923 2497 1820 2513 1767 2513 1729 2475 1702 2502 1384 2513 1319 2492 1265 2513 915 2508 716 2535 479 2497"/></Shape>
	    <String CONTENT="כיפי ננס והחרש והשוטה והשיכור"
                    HPOS="474.0"
                    VPOS="2379.0"
                    WIDTH="1465.0"
                    HEIGHT="156.0"></String>
          </TextLine>

          
          
          <TextLine ID="eSc_line_1356530"
                    
                    BASELINE="436 2567 1993 2556" 
                    HPOS="430.0"
                    VPOS="2497.0"
                    WIDTH="1557.0"
                    HEIGHT="161.0">
            <Shape><Polygon POINTS="430 2562 501 2513 1061 2524 1303 2497 1691 2508 1729 2545 1761 2513 1858 2502 1987 2551 1960 2594 1880 2632 1653 2610 1540 2632 1319 2621 1249 2594 1195 2626 1093 2610 1039 2642 888 2621 802 2632 775 2658 705 2626 571 2632 457 2562"/></Shape>
	    <String CONTENT="בעל נגעים טהורים תאמר באדם"
                    HPOS="430.0"
                    VPOS="2497.0"
                    WIDTH="1557.0"
                    HEIGHT="161.0"></String>
          </TextLine>

          
          
          <TextLine ID="eSc_line_1356525"
                    
                    BASELINE="479 2685 1934 2669" 
                    HPOS="474.0"
                    VPOS="2599.0"
                    WIDTH="1454.0"
                    HEIGHT="172.0">
            <Shape><Polygon POINTS="474 2680 511 2599 565 2632 738 2642 770 2675 808 2637 1082 2642 1249 2599 1298 2626 1406 2632 1643 2610 1912 2626 1928 2664 1917 2728 1869 2745 1670 2734 1643 2755 1546 2707 1497 2745 1384 2771 1265 2739 1104 2750 1061 2712 996 2750 861 2761 835 2734 754 2755 727 2728 694 2761 592 2761 484 2702"/></Shape>
	    <String CONTENT="שפסל בו את כל אילו הואיל ופסל"
                    HPOS="474.0"
                    VPOS="2599.0"
                    WIDTH="1454.0"
                    HEIGHT="172.0"></String>
          </TextLine>

          
          
          <TextLine ID="eSc_line_1356522"
                    
                    BASELINE="506 2809 1934 2788" 
                    HPOS="501.0"
                    VPOS="2712.0"
                    WIDTH="1427.0"
                    HEIGHT="173.0">
            <Shape><Polygon POINTS="501 2804 517 2728 576 2761 694 2766 721 2739 1023 2750 1061 2723 1093 2755 1260 2739 1346 2745 1384 2771 1406 2750 1497 2750 1540 2712 1637 2761 1680 2734 1912 2734 1928 2782 1917 2847 1880 2868 1573 2847 1519 2874 1336 2852 1061 2885 1012 2841 980 2874 861 2874 829 2852 673 2885 511 2885"/></Shape>
	    <String CONTENT="בו את כל אילו אם הלך מומו לא יהא"
                    HPOS="501.0"
                    VPOS="2712.0"
                    WIDTH="1427.0"
                    HEIGHT="173.0"></String>
          </TextLine>

          
          
          <TextLine ID="eSc_line_1356521"
                    
                    BASELINE="517 2928 1987 2917" 
                    HPOS="511.0"
                    VPOS="2847.0"
                    WIDTH="1471.0"
                    HEIGHT="156.0">
            <Shape><Polygon POINTS="511 2922 517 2885 544 2874 678 2879 721 2852 775 2874 824 2847 867 2879 980 2879 1012 2847 1055 2890 1336 2852 1540 2868 1594 2847 1664 2874 1820 2858 1901 2863 1950 2911 1982 2911 1912 2981 1837 2987 1632 2992 1600 2960 1567 2987 1287 2981 1244 3003 829 3003 786 2960 738 3003 592 2998 565 2971 522 2987"/></Shape>
	    <String CONTENT="כשר ת&#39;ל&#39; מום בו פרט להשלך מומו"
                    HPOS="511.0"
                    VPOS="2847.0"
                    WIDTH="1471.0"
                    HEIGHT="156.0"></String>
          </TextLine>

          
          
          <TextLine ID="eSc_line_1356527"
                    
                    BASELINE="474 3051 1928 3035" 
                    HPOS="468.0"
                    VPOS="2960.0"
                    WIDTH="1455.0"
                    HEIGHT="161.0">
            <Shape><Polygon POINTS="468 3046 544 2971 608 3003 732 3008 775 2965 851 3008 1072 2987 1556 2992 1589 2960 1664 2992 1907 2987 1923 3030 1901 3100 1793 3116 1362 3100 1330 3121 544 3121 474 3057"/></Shape>
	    <String CONTENT="אם נאמ&#39; מקדשי הקדשים ולא נאמ&#39;"
                    HPOS="468.0"
                    VPOS="2960.0"
                    WIDTH="1455.0"
                    HEIGHT="161.0"></String>
          </TextLine>

          
          
          <TextLine ID="eSc_line_1356548"
                    
                    BASELINE="474 3181 1934 3159" 
                    HPOS="468.0"
                    VPOS="3100.0"
                    WIDTH="1460.0"
                    HEIGHT="151.0">
            <Shape><Polygon POINTS="468 3175 479 3111 1185 3127 1357 3100 1433 3121 1912 3100 1928 3154 1901 3234 1826 3245 1783 3224 1529 3234 1497 3207 1454 3240 1282 3218 1061 3251 1012 3202 958 3251 894 3229 813 3251 689 3251 641 3224 479 3240"/></Shape>
	    <String CONTENT="מן הקדשים הייתי או&#39; קדשי קדשים"
                    HPOS="468.0"
                    VPOS="3100.0"
                    WIDTH="1460.0"
                    HEIGHT="151.0"></String>
          </TextLine>

          
          
          <TextLine ID="eSc_line_1356559"
                    
                    BASELINE="522 3294 1934 3288" 
                    HPOS="517.0"
                    VPOS="3202.0"
                    WIDTH="1411.0"
                    HEIGHT="167.0">
            <Shape><Polygon POINTS="517 3288 522 3240 592 3218 694 3251 958 3251 1007 3202 1055 3245 1287 3229 1389 3251 1497 3207 1535 3240 1912 3234 1928 3283 1907 3347 1831 3364 1653 3364 1529 3326 1492 3358 1411 3337 1373 3364 1255 3364 1217 3337 1147 3358 1002 3342 953 3369 894 3347 522 3358"/></Shape>
	    <String CONTENT="שהותרו לזר מהם אכל קדשים קלים"
                    HPOS="517.0"
                    VPOS="3202.0"
                    WIDTH="1411.0"
                    HEIGHT="167.0"></String>
          </TextLine>

          
          
          <TextLine ID="eSc_line_1356532"
                    
                    BASELINE="479 3417 1977 3417" 
                    HPOS="474.0"
                    VPOS="3326.0"
                    WIDTH="1497.0"
                    HEIGHT="172.0">
            <Shape><Polygon POINTS="474 3412 517 3369 587 3358 964 3374 1002 3353 1174 3353 1222 3374 1492 3364 1529 3326 1573 3358 1869 3353 1971 3412 1896 3487 1858 3466 1793 3493 1745 3450 1686 3482 1529 3460 1476 3487 1384 3471 1352 3498 1303 3471 948 3493 899 3444 824 3487 538 3482 484 3428"/></Shape>
	    <String CONTENT="לא יאכל צריך לומר מן הקדשים"
                    HPOS="474.0"
                    VPOS="3326.0"
                    WIDTH="1497.0"
                    HEIGHT="172.0"></String>
          </TextLine>

          
          
          <TextLine ID="eSc_line_1356523"
                    
                    BASELINE="506 3541 1934 3530" 
                    HPOS="501.0"
                    VPOS="3450.0"
                    WIDTH="1427.0"
                    HEIGHT="167.0">
            <Shape><Polygon POINTS="501 3536 517 3477 856 3482 899 3525 931 3493 1039 3477 1346 3493 1379 3471 1497 3482 1546 3455 1578 3482 1653 3487 1740 3450 1783 3493 1912 3482 1928 3525 1917 3584 1885 3606 1815 3590 1750 3611 1395 3611 1362 3590 1028 3617 506 3584"/></Shape>
	    <String CONTENT="אילו נאמ&#39; מן הקדשים ולא נאמר"
                    HPOS="501.0"
                    VPOS="3450.0"
                    WIDTH="1427.0"
                    HEIGHT="167.0"></String>
          </TextLine>

          
          
          <TextLine ID="eSc_line_1356545"
                    
                    BASELINE="517 3654 1928 3649" 
                    HPOS="511.0"
                    VPOS="3584.0"
                    WIDTH="1412.0"
                    HEIGHT="172.0">
            <Shape><Polygon POINTS="511 3649 517 3600 576 3584 635 3606 824 3611 851 3590 1255 3617 1847 3595 1907 3600 1923 3643 1901 3730 1804 3708 1783 3730 1696 3713 1632 3735 1583 3708 1443 3756 1389 3719 1325 3740 969 3730 926 3708 764 3740 711 3692 668 3730 517 3708"/></Shape>
	    <String CONTENT="מקדשי הקדשים הייתי או&#39; קדשים"
                    HPOS="511.0"
                    VPOS="3584.0"
                    WIDTH="1412.0"
                    HEIGHT="172.0"></String>
          </TextLine>

          
          
          <TextLine ID="eSc_line_1356536"
                    
                    BASELINE="452 3767 1923 3778" 
                    HPOS="447.0"
                    VPOS="3670.0"
                    WIDTH="1470.0"
                    HEIGHT="194.0">
            <Shape><Polygon POINTS="447 3762 457 3697 490 3670 554 3730 678 3735 711 3703 770 3746 813 3719 931 3713 996 3735 1389 3724 1433 3767 1578 3713 1788 3730 1815 3708 1901 3724 1917 3773 1901 3837 1863 3853 1637 3832 1600 3859 1583 3843 1379 3864 1179 3843 587 3853 501 3843 452 3800"/></Shape>
	    <String CONTENT="קלים יאכל קדשים קדשים לא יאכל"
                    HPOS="447.0"
                    VPOS="3670.0"
                    WIDTH="1470.0"
                    HEIGHT="194.0"></String>
          </TextLine>

          
          
          <TextLine ID="eSc_line_1356528"
                    
                    BASELINE="474 3896 1934 3896" 
                    HPOS="468.0"
                    VPOS="3843.0"
                    WIDTH="1460.0"
                    HEIGHT="150.0">
            <Shape><Polygon POINTS="468 3891 479 3843 1018 3864 1610 3864 1643 3843 1788 3843 1901 3848 1928 3891 1907 3950 1729 3993 1696 3966 980 3988 921 3939 867 3983 603 3977 544 3929 479 3966"/></Shape>
	    <String CONTENT="צריך לומר מקדשי הקדשים וצריך"
                    HPOS="468.0"
                    VPOS="3843.0"
                    WIDTH="1460.0"
                    HEIGHT="150.0"></String>
          </TextLine>

          
          
          <TextLine ID="eSc_line_1356506"
                    
                    BASELINE="474 4031 1977 4015" 
                    HPOS="468.0"
                    VPOS="3939.0"
                    WIDTH="1503.0"
                    HEIGHT="189.0">
            <Shape><Polygon POINTS="468 4026 474 3966 571 4015 614 3972 867 3983 910 3939 953 3983 1691 3966 1718 3993 1761 3972 1820 3983 1858 3950 1950 3966 1971 4009 1960 4128 1912 4096 1750 4079 824 4106 748 4074 721 4101 554 4079 479 4106"/></Shape>
	    <String CONTENT="לומר מן הקדשים יאכל אף במחלוקת"
                    HPOS="468.0"
                    VPOS="3939.0"
                    WIDTH="1503.0"
                    HEIGHT="189.0"></String>
          </TextLine>

          
          
          <TextLine ID="eSc_line_1356499"
                    
                    BASELINE="522 4122 1944 4133" 
                    HPOS="517.0"
                    VPOS="4079.0"
                    WIDTH="1422.0"
                    HEIGHT="157.0">
            <Shape><Polygon POINTS="517 4117 554 4085 738 4117 759 4096 840 4106 899 4085 1276 4106 1330 4079 1384 4101 1680 4085 1745 4117 1777 4090 1896 4090 1939 4128 1896 4214 1583 4203 1546 4236 1443 4209 743 4214 711 4182 641 4214 565 4209 522 4171"/></Shape>
	    <String CONTENT="והלא דין הוא ומה אם טבל יום"
                    HPOS="517.0"
                    VPOS="4079.0"
                    WIDTH="1422.0"
                    HEIGHT="157.0"></String>
          </TextLine>

          
          
          <TextLine ID="eSc_line_1356505"
                    
                    BASELINE="517 4252 1955 4273" 
                    HPOS="511.0"
                    VPOS="4176.0"
                    WIDTH="1439.0"
                    HEIGHT="178.0">
            <Shape><Polygon POINTS="511 4246 522 4176 614 4214 668 4214 711 4176 759 4214 958 4225 1912 4214 1950 4268 1934 4332 1847 4322 1745 4349 1600 4349 1573 4316 1400 4354 1212 4349 1179 4316 1125 4354 1072 4332 931 4349 888 4343 856 4306 808 4349 689 4316 608 4349 517 4300"/></Shape>
	    <String CONTENT="ומחוסר כיפור שהן כשירין לעבוד&#39;"
                    HPOS="511.0"
                    VPOS="4176.0"
                    WIDTH="1439.0"
                    HEIGHT="178.0"></String>
          </TextLine>

          
          
          <TextLine ID="eSc_line_1356526"
                    
                    BASELINE="517 4386 1971 4397" 
                    HPOS="511.0"
                    VPOS="4300.0"
                    WIDTH="1455.0"
                    HEIGHT="194.0">
            <Shape><Polygon POINTS="511 4381 538 4300 603 4349 797 4359 856 4306 888 4338 1072 4338 1109 4359 1142 4343 1174 4375 1228 4343 1810 4343 1863 4322 1966 4392 1950 4440 1896 4467 1605 4445 1573 4472 1470 4467 1422 4494 1368 4440 1336 4467 1244 4467 1169 4429 1125 4472 1093 4456 1028 4478 867 4467 829 4440 791 4478 587 4472 517 4445"/></Shape>
	    <String CONTENT="למחר אינן אוכלין במחלוקת בעל"
                    HPOS="511.0"
                    VPOS="4300.0"
                    WIDTH="1455.0"
                    HEIGHT="194.0"></String>
          </TextLine>

          
          
          <TextLine ID="eSc_line_1356504"
                    
                    BASELINE="479 4510 1950 4521" 
                    HPOS="474.0"
                    VPOS="4435.0"
                    WIDTH="1470.0"
                    HEIGHT="172.0">
            <Shape><Polygon POINTS="474 4505 506 4451 797 4483 840 4440 926 4478 1098 4456 1131 4478 1179 4435 1212 4467 1352 4467 1373 4445 1422 4494 1605 4451 1890 4467 1944 4515 1863 4607 1696 4580 1621 4596 1589 4564 1486 4607 1449 4585 1239 4607 1206 4575 1077 4596 980 4553 948 4585 829 4591 770 4553 678 4585 554 4575 533 4553 517 4569 479 4532"/></Shape>
	    <String CONTENT="מום שאין כשר לעבודה למחר אינו"
                    HPOS="474.0"
                    VPOS="4435.0"
                    WIDTH="1470.0"
                    HEIGHT="172.0"></String>
          </TextLine>

          
          
          <TextLine ID="eSc_line_1356531"
                    
                    BASELINE="538 4618 1977 4639" 
                    HPOS="533.0"
                    VPOS="4553.0"
                    WIDTH="1438.0"
                    HEIGHT="178.0">
            <Shape><Polygon POINTS="533 4612 571 4575 727 4585 770 4553 845 4591 953 4591 980 4564 1077 4602 1201 4580 1233 4612 1276 4585 1459 4585 1486 4607 1589 4564 1643 4602 1826 4591 1874 4612 1934 4553 1960 4558 1971 4634 1880 4715 1810 4698 1777 4731 1740 4704 1675 4725 1529 4715 1492 4677 1357 4720 1233 4698 835 4715 732 4682 635 4704 538 4688"/></Shape>
	    <String CONTENT="דין שלא יאכל במחלוקת ת&#39;ל&#39; יאכל"
                    HPOS="533.0"
                    VPOS="4553.0"
                    WIDTH="1438.0"
                    HEIGHT="178.0"></String>
          </TextLine>

          
          
          <TextLine ID="eSc_line_1356524"
                    
                    BASELINE="479 4747 1971 4758" 
                    HPOS="474.0"
                    VPOS="4677.0"
                    WIDTH="1492.0"
                    HEIGHT="167.0">
            <Shape><Polygon POINTS="474 4741 501 4677 576 4704 743 4693 835 4725 905 4698 1325 4725 1459 4709 1486 4682 1524 4720 1745 4704 1783 4725 1842 4704 1966 4752 1853 4833 1616 4833 1594 4811 1573 4833 1443 4844 1352 4838 1282 4768 1179 4828 1002 4822 980 4801 942 4817 894 4785 840 4822 700 4828 533 4811 479 4758"/></Shape>
	    <String CONTENT="אף במחלוקת ˙ ויאמר למזבח ואין"
                    HPOS="474.0"
                    VPOS="4677.0"
                    WIDTH="1492.0"
                    HEIGHT="167.0"></String>
          </TextLine>

          
          
          <TextLine ID="eSc_line_1356537"
                    
                    BASELINE="474 4855 1955 4876" 
                    HPOS="468.0"
                    VPOS="4768.0"
                    WIDTH="1482.0"
                    HEIGHT="194.0">
            <Shape><Polygon POINTS="468 4849 484 4768 533 4811 856 4822 894 4790 1007 4833 1239 4817 1282 4774 1346 4838 1594 4817 1616 4838 1874 4833 1950 4871 1815 4962 1643 4924 1600 4962 1352 4962 1314 4924 1265 4957 1088 4951 1045 4924 985 4951 948 4914 905 4957 840 4957 549 4919 495 4935 474 4914"/></Shape>
	    <String CONTENT="צריך לפרוכת למה נאמ&#39; לפרכת שאילו"
                    HPOS="468.0"
                    VPOS="4768.0"
                    WIDTH="1482.0"
                    HEIGHT="194.0"></String>
          </TextLine>

          
          
          <TextLine ID="eSc_line_1356535"
                    
                    BASELINE="506 4984 1950 5005" 
                    HPOS="501.0"
                    VPOS="4930.0"
                    WIDTH="1443.0"
                    HEIGHT="172.0">
            <Shape><Polygon POINTS="501 4978 522 4935 759 4951 786 4930 867 4957 926 4935 1066 4935 1093 4957 1169 4941 1228 4962 1287 4941 1368 4962 1573 4946 1600 4968 1621 4946 1772 4968 1863 4946 1928 4968 1944 5000 1928 5075 1837 5102 1810 5075 1691 5097 1670 5075 1551 5070 1395 5070 1346 5102 506 5081"/></Shape>
	    <String CONTENT="נאמ&#39; למזבח ולא נאמ&#39; לפרכת הייתי"
                    HPOS="501.0"
                    VPOS="4930.0"
                    WIDTH="1443.0"
                    HEIGHT="172.0"></String>
          </TextLine>

          
        </TextBlock>
        

        
      </PrintSpace>
    </Page>
  </Layout>
</alto>
