<?xml version="1.0" encoding="UTF-8"?>
<alto xmlns:xsi="http://www.w3.org/2001/XMLSchema-instance"
      xmlns="http://www.loc.gov/standards/alto/ns-v4#"
      xsi:schemaLocation="http://www.loc.gov/standards/alto/ns-v4# http://www.loc.gov/standards/alto/v4/alto-4-2.xsd">
  <Description>
    <MeasurementUnit>pixel</MeasurementUnit>
    <sourceImageInformation>
      <fileName>oulis2017-aya-0636-0.jpg</fileName>
      
    </sourceImageInformation>
  </Description>
  
  <Tags>
    <OtherTag ID="BT1164" LABEL="Hole" DESCRIPTION="block type Hole"/><OtherTag ID="BT2" LABEL="Main" DESCRIPTION="block type Main"/><OtherTag ID="BT3" LABEL="Commentary" DESCRIPTION="block type Commentary"/><OtherTag ID="BT4" LABEL="Illustration" DESCRIPTION="block type Illustration"/><OtherTag ID="BT218" LABEL="Margin" DESCRIPTION="block type Margin"/><OtherTag ID="BT219" LABEL="Paratext" DESCRIPTION="block type Paratext"/>
    <OtherTag ID="LT2" LABEL="Numbering" DESCRIPTION="line type Numbering"/><OtherTag ID="LT3" LABEL="Correction" DESCRIPTION="line type Correction"/><OtherTag ID="LT481" LABEL="Gloss" DESCRIPTION="line type Gloss"/>
  </Tags>
  
  <Layout>
    <Page WIDTH="5398"
          HEIGHT="6459"
          PHYSICAL_IMG_NR="623"
          ID="eSc_dummypage_">
      <PrintSpace HPOS="0"
                  VPOS="0"
                  WIDTH="5398"
                  HEIGHT="6459">
        
        <TextBlock HPOS="2317.0"
                   VPOS="1130.0"
                   WIDTH="1570.0"
                   HEIGHT="4092.0"
                   ID="eSc_textblock_15214"
                   TAGREFS="BT2">
          <Shape><Polygon POINTS="2341 1130 2317 5222 3862 5222 3887 1142"/></Shape>
          
          
          <TextLine ID="eSc_line_1360831"
                    
                    BASELINE="2440 1205 3878 1205" 
                    HPOS="2435.0"
                    VPOS="1141.0"
                    WIDTH="1438.0"
                    HEIGHT="129.0">
            <Shape><Polygon POINTS="2435 1200 2445 1157 2645 1141 3754 1141 3862 1157 3873 1200 3862 1254 3824 1270 3738 1248 3684 1270 3582 1270 3560 1248 3534 1270 3415 1270 3393 1248 3280 1270 3173 1270 3151 1248 3033 1270 2973 1248 2946 1270 2914 1248 2866 1270 2661 1248 2596 1270 2542 1248 2472 1270 2445 1248"/></Shape>
	    <String CONTENT="אל הכהנים אלא אמרו מוסרין לו"
                    HPOS="2435.0"
                    VPOS="1141.0"
                    WIDTH="1438.0"
                    HEIGHT="129.0"></String>
          </TextLine>

          
          
          <TextLine ID="eSc_line_1360796"
                    
                    BASELINE="2375 1324 3889 1324" 
                    HPOS="2370.0"
                    VPOS="1248.0"
                    WIDTH="1514.0"
                    HEIGHT="156.0">
            <Shape><Polygon POINTS="2370 1318 2429 1264 2612 1286 2742 1259 3119 1275 3146 1248 3178 1275 3388 1264 3555 1291 3851 1275 3884 1318 3808 1399 3738 1367 3711 1388 3571 1394 3426 1383 3383 1356 3318 1388 3194 1394 2941 1394 2903 1361 2812 1394 2774 1361 2677 1404 2623 1377 2461 1388 2381 1318"/></Shape>
	    <String CONTENT="שני תלמידי חכמ&#39; בדרך שלא יבא"
                    HPOS="2370.0"
                    VPOS="1248.0"
                    WIDTH="1514.0"
                    HEIGHT="156.0"></String>
          </TextLine>

          
          
          <TextLine ID="eSc_line_1360797"
                    
                    BASELINE="2391 1431 3889 1442" 
                    HPOS="2386.0"
                    VPOS="1356.0"
                    WIDTH="1498.0"
                    HEIGHT="161.0">
            <Shape><Polygon POINTS="2386 1426 2461 1388 2677 1404 2774 1356 2806 1388 3194 1404 3393 1356 3469 1388 3517 1372 3841 1394 3884 1437 3787 1512 3717 1474 3657 1507 3507 1485 3458 1507 2925 1512 2849 1490 2822 1517 2769 1490 2440 1490 2391 1442"/></Shape>
	    <String CONTENT="עליה ˙ ור&#39; או&#39; בעלה נאמן עליה מקל"
                    HPOS="2386.0"
                    VPOS="1356.0"
                    WIDTH="1498.0"
                    HEIGHT="161.0"></String>
          </TextLine>

          
          
          <TextLine ID="eSc_line_1360823"
                    
                    BASELINE="2397 1555 3905 1555" 
                    HPOS="2391.0"
                    VPOS="1480.0"
                    WIDTH="1509.0"
                    HEIGHT="161.0">
            <Shape><Polygon POINTS="2391 1550 2424 1496 2774 1501 2833 1528 2860 1501 3668 1512 3722 1480 3765 1517 3841 1512 3900 1550 3830 1636 3447 1636 3420 1614 3350 1636 3329 1614 3264 1641 2860 1641 2758 1636 2720 1609 2558 1636 2440 1625 2402 1587"/></Shape>
	    <String CONTENT="וחו&#39; ומה נדה שחייבין על ביאתה"
                    HPOS="2391.0"
                    VPOS="1480.0"
                    WIDTH="1509.0"
                    HEIGHT="161.0"></String>
          </TextLine>

          
          
          <TextLine ID="eSc_line_1360814"
                    
                    BASELINE="2391 1690 3911 1690" 
                    HPOS="2386.0"
                    VPOS="1620.0"
                    WIDTH="1519.0"
                    HEIGHT="156.0">
            <Shape><Polygon POINTS="2386 1684 2402 1625 3410 1647 3480 1620 3550 1641 3819 1641 3905 1684 3835 1776 3431 1754 3210 1770 3167 1727 3092 1770 2478 1749 2397 1765"/></Shape>
	    <String CONTENT="כדת ˙ בעלה נאמן עליה ˙ סוטה שאין"
                    HPOS="2386.0"
                    VPOS="1620.0"
                    WIDTH="1519.0"
                    HEIGHT="156.0"></String>
          </TextLine>

          
          
          <TextLine ID="eSc_line_1360835"
                    
                    BASELINE="2391 1797 3868 1808" 
                    HPOS="2386.0"
                    VPOS="1727.0"
                    WIDTH="1476.0"
                    HEIGHT="167.0">
            <Shape><Polygon POINTS="2386 1792 2451 1754 3092 1765 3162 1727 3205 1770 3760 1760 3862 1803 3814 1883 3296 1873 3216 1894 3156 1851 3119 1883 3049 1867 2946 1889 2898 1867 2855 1883 2822 1851 2763 1889 2682 1889 2655 1862 2521 1889 2391 1873"/></Shape>
	    <String CONTENT="חייבין כרת על ביאתה אינו דין [ש&#39;]"
                    HPOS="2386.0"
                    VPOS="1727.0"
                    WIDTH="1476.0"
                    HEIGHT="167.0"></String>
          </TextLine>

          
          
          <TextLine ID="eSc_line_1360832"
                    
                    BASELINE="2413 1926 3846 1926" 
                    HPOS="2408.0"
                    VPOS="1851.0"
                    WIDTH="1433.0"
                    HEIGHT="167.0">
            <Shape><Polygon POINTS="2408 1921 2435 1883 2661 1867 2774 1894 2822 1856 2860 1894 3124 1889 3162 1851 3216 1894 3754 1883 3830 1889 3841 1921 3830 1991 3776 2013 3717 1991 3582 2018 3313 2013 3286 1986 3226 2013 3146 1991 2979 2007 2957 1986 2925 2013 2699 2007 2655 1986 2461 2013 2418 1991"/></Shape>
	    <String CONTENT="שיהא נאמן עליה ˙ אמ&#39; לו כל שכן"
                    HPOS="2408.0"
                    VPOS="1851.0"
                    WIDTH="1433.0"
                    HEIGHT="167.0"></String>
          </TextLine>

          
          
          <TextLine ID="eSc_line_1360820"
                    
                    BASELINE="2375 2056 3884 2061" 
                    HPOS="2370.0"
                    VPOS="1986.0"
                    WIDTH="1508.0"
                    HEIGHT="156.0">
            <Shape><Polygon POINTS="2370 2050 2424 1996 2919 2013 2952 1986 3059 2013 3528 2002 3571 2034 3614 1996 3819 2002 3878 2056 3808 2131 3647 2104 3609 2126 3437 2109 3393 2131 3248 2099 3119 2142 3076 2109 3000 2136 2871 2126 2839 2093 2801 2126 2731 2131 2569 2131 2537 2099 2494 2115 2472 2093 2413 2131 2375 2109"/></Shape>
	    <String CONTENT="הואיל ואין חייבין על ביאתה כרת"
                    HPOS="2370.0"
                    VPOS="1986.0"
                    WIDTH="1508.0"
                    HEIGHT="156.0"></String>
          </TextLine>

          
          
          <TextLine ID="eSc_line_1360824"
                    
                    BASELINE="2375 2185 3862 2185" 
                    HPOS="2370.0"
                    VPOS="2093.0"
                    WIDTH="1487.0"
                    HEIGHT="178.0">
            <Shape><Polygon POINTS="2370 2179 2381 2126 2418 2136 2461 2093 2499 2126 2542 2099 2575 2131 2801 2131 2844 2093 2882 2131 3119 2142 3226 2136 3253 2109 3340 2136 3722 2136 3771 2115 3857 2179 3787 2266 3754 2233 3323 2271 3135 2239 3011 2271 2957 2244 2887 2271 2822 2239 2381 2266"/></Shape>
	    <String CONTENT="לא יהא בעלה נאמן עליה ˙ אמ&#39; לו לא"
                    HPOS="2370.0"
                    VPOS="2093.0"
                    WIDTH="1487.0"
                    HEIGHT="178.0"></String>
          </TextLine>

          
          
          <TextLine ID="eSc_line_1360826"
                    
                    BASELINE="2375 2325 3846 2314" 
                    HPOS="2370.0"
                    VPOS="2233.0"
                    WIDTH="1471.0"
                    HEIGHT="162.0">
            <Shape><Polygon POINTS="2370 2319 2375 2266 2402 2260 2769 2271 2801 2249 3059 2271 3129 2233 3162 2260 3630 2260 3668 2298 3792 2266 3841 2309 3781 2395 3463 2389 3410 2368 3000 2389 2973 2362 2882 2395 2839 2357 2801 2389 2623 2362 2596 2384 2375 2395"/></Shape>
	    <String CONTENT="אם → בנידה שיש לה היתר אחד אסורה"
                    HPOS="2370.0"
                    VPOS="2233.0"
                    WIDTH="1471.0"
                    HEIGHT="162.0"></String>
          </TextLine>

          
          
          <TextLine ID="eSc_line_1360827"
                    
                    BASELINE="2375 2449 3862 2449" 
                    HPOS="2370.0"
                    VPOS="2368.0"
                    WIDTH="1487.0"
                    HEIGHT="156.0">
            <Shape><Polygon POINTS="2370 2443 2424 2389 2903 2400 2962 2368 3011 2395 3814 2395 3857 2443 3814 2519 3625 2513 3582 2486 3550 2513 3259 2502 3070 2524 3033 2502 2849 2519 2790 2497 2742 2524 2634 2492 2591 2513 2456 2508 2381 2465"/></Shape>
	    <String CONTENT="תאמר בסוטה שאין לה היתר אחד"
                    HPOS="2370.0"
                    VPOS="2368.0"
                    WIDTH="1487.0"
                    HEIGHT="156.0"></String>
          </TextLine>

          
          
          <TextLine ID="eSc_line_1360828"
                    
                    BASELINE="2289 2572 3889 2572" 
                    HPOS="2284.0"
                    VPOS="2492.0"
                    WIDTH="1600.0"
                    HEIGHT="166.0">
            <Shape><Polygon POINTS="2284 2567 2354 2513 2585 2519 2612 2492 2736 2524 2785 2502 2941 2524 3280 2502 3733 2513 3819 2519 3884 2567 3787 2637 3727 2615 3706 2637 3426 2621 3226 2642 3189 2610 3156 2637 2952 2621 2860 2648 2774 2626 2688 2648 2408 2637 2348 2658 2294 2605"/></Shape>
	    <String CONTENT="אסורה ר&#39; אמ&#39; נחשדו ישר&#39; על הסוטות"
                    HPOS="2284.0"
                    VPOS="2492.0"
                    WIDTH="1600.0"
                    HEIGHT="166.0"></String>
          </TextLine>

          
          
          <TextLine ID="eSc_line_1360837"
                    
                    BASELINE="2397 2685 3857 2680" 
                    HPOS="2391.0"
                    VPOS="2610.0"
                    WIDTH="1460.0"
                    HEIGHT="151.0">
            <Shape><Polygon POINTS="2391 2680 2408 2632 2790 2648 3027 2621 3156 2637 3183 2610 3216 2642 3706 2637 3738 2615 3851 2675 3803 2755 3270 2734 3210 2761 3173 2723 3129 2750 2866 2755 2790 2707 2752 2745 2709 2723 2661 2755 2397 2739"/></Shape>
	    <String CONTENT="ולא נחשדו על הנידות ˙ והביא"
                    HPOS="2391.0"
                    VPOS="2610.0"
                    WIDTH="1460.0"
                    HEIGHT="151.0"></String>
          </TextLine>

          
          
          <TextLine ID="eSc_line_1360838"
                    
                    BASELINE="2348 2809 3857 2804" 
                    HPOS="2343.0"
                    VPOS="2723.0"
                    WIDTH="1508.0"
                    HEIGHT="167.0">
            <Shape><Polygon POINTS="2343 2804 2386 2750 2602 2761 2682 2750 2709 2723 2860 2755 3119 2755 3162 2723 3210 2761 3275 2734 3329 2755 3814 2755 3851 2798 3792 2868 3684 2885 3571 2863 3490 2885 3313 2885 3275 2863 3200 2885 3151 2847 3113 2885 3059 2863 2989 2890 2936 2852 2747 2885 2602 2858 2456 2874 2402 2863 2348 2809"/></Shape>
	    <String CONTENT="את קרבנה על&#39; ˙ כל קרבן שעליה דברי"
                    HPOS="2343.0"
                    VPOS="2723.0"
                    WIDTH="1508.0"
                    HEIGHT="167.0"></String>
          </TextLine>

          
          
          <TextLine ID="eSc_line_1360840"
                    
                    BASELINE="2408 2928 3868 2917" 
                    HPOS="2402.0"
                    VPOS="2847.0"
                    WIDTH="1460.0"
                    HEIGHT="161.0">
            <Shape><Polygon POINTS="2402 2922 2413 2868 2693 2868 2758 2890 2936 2874 2995 2895 3108 2890 3146 2847 3189 2879 3291 2858 3313 2879 3501 2885 3566 2863 3690 2885 3776 2863 3862 2911 3797 2992 3760 2960 3652 2998 3544 2992 3523 2971 3496 2992 3372 2998 3189 2976 3076 3008 2408 2987"/></Shape>
	    <String CONTENT="ר&#39; יהוד&#39; ˙ וחכמ&#39; או&#39; קרבן שמכשירה"
                    HPOS="2402.0"
                    VPOS="2847.0"
                    WIDTH="1460.0"
                    HEIGHT="161.0"></String>
          </TextLine>

          
          
          <TextLine ID="eSc_line_1360841"
                    
                    BASELINE="2375 3051 3846 3051" 
                    HPOS="2370.0"
                    VPOS="2965.0"
                    WIDTH="1471.0"
                    HEIGHT="167.0">
            <Shape><Polygon POINTS="2370 3046 2397 2992 2510 3014 2936 3014 3173 3003 3205 2981 3226 3003 3361 3008 3722 2992 3749 2965 3814 2998 3841 3046 3803 3116 3630 3127 3598 3105 3571 3127 3329 3127 3302 3105 3000 3127 2936 3100 2736 3132 2478 3105 2424 3132 2381 3105"/></Shape>
	    <String CONTENT="לו ˙ כגון זבה ויולדת הרי זה מביא"
                    HPOS="2370.0"
                    VPOS="2965.0"
                    WIDTH="1471.0"
                    HEIGHT="167.0"></String>
          </TextLine>

          
          
          <TextLine ID="eSc_line_1360842"
                    
                    BASELINE="2359 3181 3868 3181" 
                    HPOS="2354.0"
                    VPOS="3105.0"
                    WIDTH="1508.0"
                    HEIGHT="162.0">
            <Shape><Polygon POINTS="2354 3175 2397 3132 2461 3127 3555 3132 3593 3105 3614 3127 3797 3121 3862 3175 3814 3240 3173 3234 2882 3267 2521 3240 2424 3261 2364 3207"/></Shape>
	    <String CONTENT="משלו ואין מקיץ מכתובתה ˙ וקרבן"
                    HPOS="2354.0"
                    VPOS="3105.0"
                    WIDTH="1508.0"
                    HEIGHT="162.0"></String>
          </TextLine>

          
          
          <TextLine ID="eSc_line_1360843"
                    
                    BASELINE="2354 3310 3862 3283" 
                    HPOS="2348.0"
                    VPOS="3229.0"
                    WIDTH="1509.0"
                    HEIGHT="151.0">
            <Shape><Polygon POINTS="2348 3304 2391 3251 2882 3267 2941 3245 3393 3251 3544 3229 3808 3240 3857 3277 3760 3358 3625 3337 3593 3364 3264 3347 2946 3380 2892 3358 2828 3380 2779 3342 2693 3380 2488 3342 2429 3364 2359 3304"/></Shape>
	    <String CONTENT="שאין מכשירה לו כגון שקפחה"
                    HPOS="2348.0"
                    VPOS="3229.0"
                    WIDTH="1509.0"
                    HEIGHT="151.0"></String>
          </TextLine>

          
          
          <TextLine ID="eSc_line_1360848"
                    
                    BASELINE="2375 3428 3884 3401" 
                    HPOS="2370.0"
                    VPOS="3342.0"
                    WIDTH="1508.0"
                    HEIGHT="151.0">
            <Shape><Polygon POINTS="2370 3423 2391 3358 2693 3380 2769 3342 2801 3369 2919 3380 3701 3347 3797 3353 3841 3396 3878 3396 3781 3482 3722 3460 3447 3482 3415 3455 3275 3487 3124 3487 3081 3455 3016 3487 2860 3493 2725 3466 2672 3493 2510 3460 2451 3487 2381 3471"/></Shape>
	    <String CONTENT="נזירות בראשו או שחיללה את"
                    HPOS="2370.0"
                    VPOS="3342.0"
                    WIDTH="1508.0"
                    HEIGHT="151.0"></String>
          </TextLine>

          
          
          <TextLine ID="eSc_line_1360850"
                    
                    BASELINE="2327 3547 3878 3520" 
                    HPOS="2321.0"
                    VPOS="3466.0"
                    WIDTH="1552.0"
                    HEIGHT="167.0">
            <Shape><Polygon POINTS="2321 3541 2375 3482 2672 3493 2699 3466 2790 3493 3544 3487 3668 3466 3803 3477 3873 3514 3781 3595 3469 3606 3356 3579 3248 3617 3049 3600 2860 3633 2688 3595 2402 3617 2332 3557"/></Shape>
	    <String CONTENT="השבת הרי זה מביא משלו ומק[ו](י)ץ"
                    HPOS="2321.0"
                    VPOS="3466.0"
                    WIDTH="1552.0"
                    HEIGHT="167.0"></String>
          </TextLine>

          
          
          <TextLine ID="eSc_line_1360851"
                    
                    BASELINE="2348 3660 3846 3643" 
                    HPOS="2343.0"
                    VPOS="3595.0"
                    WIDTH="1498.0"
                    HEIGHT="151.0">
            <Shape><Polygon POINTS="2343 3654 2348 3606 2451 3600 2849 3633 2876 3611 3221 3611 3313 3643 3393 3595 3792 3595 3841 3638 3819 3724 3420 3724 3329 3649 3178 3740 3027 3730 3000 3708 2882 3735 2849 3703 2758 3735 2699 3713 2645 3746 2354 3713"/></Shape>
	    <String CONTENT="מכתובתה ˙ עשירית האיפה ˙ אחד"
                    HPOS="2343.0"
                    VPOS="3595.0"
                    WIDTH="1498.0"
                    HEIGHT="151.0"></String>
          </TextLine>

          
          
          <TextLine ID="eSc_line_1360852"
                    
                    BASELINE="2370 3794 3889 3767" 
                    HPOS="2364.0"
                    VPOS="3708.0"
                    WIDTH="1520.0"
                    HEIGHT="162.0">
            <Shape><Polygon POINTS="2364 3789 2391 3730 2661 3746 2833 3708 2876 3740 3717 3713 3884 3762 3803 3848 2930 3864 2892 3843 2596 3870 2467 3864 2375 3810"/></Shape>
	    <String CONTENT="מעשרה באיפה ˙ קמח ˙ למה נאמר"
                    HPOS="2364.0"
                    VPOS="3708.0"
                    WIDTH="1520.0"
                    HEIGHT="162.0"></String>
          </TextLine>

          
          
          <TextLine ID="eSc_line_1360853"
                    
                    BASELINE="2397 3907 3878 3886" 
                    HPOS="2391.0"
                    VPOS="3837.0"
                    WIDTH="1482.0"
                    HEIGHT="156.0">
            <Shape><Polygon POINTS="2391 3902 2397 3843 2591 3870 2909 3853 3011 3864 3038 3891 3124 3848 3571 3837 3803 3848 3873 3880 3754 3966 3609 3950 3442 3972 3404 3950 3367 3983 3205 3961 2892 3983 2785 3961 2758 3993 2402 3972"/></Shape>
	    <String CONTENT="שהיה בדין הואיל ומנחת חוטא"
                    HPOS="2391.0"
                    VPOS="3837.0"
                    WIDTH="1482.0"
                    HEIGHT="156.0"></String>
          </TextLine>

          
          
          <TextLine ID="eSc_line_1360847"
                    
                    BASELINE="2332 4026 3868 4020" 
                    HPOS="2327.0"
                    VPOS="3961.0"
                    WIDTH="1535.0"
                    HEIGHT="151.0">
            <Shape><Polygon POINTS="2327 4020 2381 3977 2440 3972 2709 3972 2769 4004 2795 3977 3367 3983 3399 3961 3474 3993 3523 3966 3787 3961 3862 4015 3808 4090 3593 4079 3512 4101 3469 4058 3426 4090 3329 4079 3205 4112 3146 4090 2391 4101 2338 4047"/></Shape>
	    <String CONTENT="באה על החט וזו באה על החט אם"
                    HPOS="2327.0"
                    VPOS="3961.0"
                    WIDTH="1535.0"
                    HEIGHT="151.0"></String>
          </TextLine>

          
          
          <TextLine ID="eSc_line_1360845"
                    
                    BASELINE="2348 4155 3824 4144" 
                    HPOS="2343.0"
                    VPOS="4063.0"
                    WIDTH="1476.0"
                    HEIGHT="167.0">
            <Shape><Polygon POINTS="2343 4149 2386 4101 3205 4106 3420 4090 3458 4063 3501 4101 3760 4074 3819 4139 3781 4219 3717 4219 3684 4187 3577 4225 3528 4198 3361 4225 3049 4225 3022 4198 2979 4230 2526 4219 2505 4198 2408 4219 2348 4171"/></Shape>
	    <String CONTENT="למדתי למנחת חוטא שאינה באה"
                    HPOS="2343.0"
                    VPOS="4063.0"
                    WIDTH="1476.0"
                    HEIGHT="167.0"></String>
          </TextLine>

          
          
          <TextLine ID="eSc_line_1360854"
                    
                    BASELINE="2348 4279 3841 4279" 
                    HPOS="2343.0"
                    VPOS="4192.0"
                    WIDTH="1492.0"
                    HEIGHT="157.0">
            <Shape><Polygon POINTS="2343 4273 2391 4219 2989 4230 3027 4198 3054 4225 3442 4236 3652 4214 3679 4192 3717 4219 3814 4225 3835 4273 3771 4338 3679 4306 3609 4343 3490 4311 3415 4338 3340 4316 3307 4338 3076 4322 2849 4349 2790 4322 2699 4343 2402 4343 2354 4300"/></Shape>
	    <String CONTENT="אלא סולת אף זו לא תב[ו](י)א אלא"
                    HPOS="2343.0"
                    VPOS="4192.0"
                    WIDTH="1492.0"
                    HEIGHT="157.0"></String>
          </TextLine>

          
          
          <TextLine ID="eSc_line_1360857"
                    
                    BASELINE="2375 4386 3862 4386" 
                    HPOS="2370.0"
                    VPOS="4306.0"
                    WIDTH="1487.0"
                    HEIGHT="161.0">
            <Shape><Polygon POINTS="2370 4381 2381 4338 2709 4343 2801 4322 2844 4349 3329 4327 3393 4343 3490 4311 3614 4343 3679 4306 3706 4332 3803 4332 3857 4381 3797 4456 3528 4462 3463 4440 3415 4462 3070 4462 3043 4435 3011 4456 2979 4435 2952 4462 2451 4467 2381 4419"/></Shape>
	    <String CONTENT="סולת ˙ ת&#39;ל&#39; קמח ˙ שעורים ˙ למה נאמר ˙"
                    HPOS="2370.0"
                    VPOS="4306.0"
                    WIDTH="1487.0"
                    HEIGHT="161.0"></String>
          </TextLine>

          
          
          <TextLine ID="eSc_line_1360855"
                    
                    BASELINE="2391 4515 3846 4510" 
                    HPOS="2386.0"
                    VPOS="4445.0"
                    WIDTH="1455.0"
                    HEIGHT="146.0">
            <Shape><Polygon POINTS="2386 4510 2391 4445 2451 4467 3006 4456 3043 4494 3081 4456 3744 4456 3808 4462 3841 4505 3787 4575 3749 4585 3490 4580 3469 4558 3393 4591 3340 4569 2855 4585 2822 4553 2742 4585 2391 4580"/></Shape>
	    <String CONTENT="שהיה בדין ˙ הואיל ומנחת חוטא"
                    HPOS="2386.0"
                    VPOS="4445.0"
                    WIDTH="1455.0"
                    HEIGHT="146.0"></String>
          </TextLine>

          
          
          <TextLine ID="eSc_line_1360839"
                    
                    BASELINE="2375 4639 3868 4623" 
                    HPOS="2370.0"
                    VPOS="4553.0"
                    WIDTH="1492.0"
                    HEIGHT="167.0">
            <Shape><Polygon POINTS="2370 4634 2397 4580 2747 4591 2817 4558 2855 4591 3173 4591 3393 4585 3469 4553 3507 4580 3792 4580 3862 4618 3808 4698 3727 4704 3614 4704 3593 4682 3512 4715 3463 4666 3356 4704 2952 4693 2860 4720 2650 4709 2618 4682 2553 4709 2375 4704"/></Shape>
	    <String CONTENT="באה על חט וזו באה על חט אם"
                    HPOS="2370.0"
                    VPOS="4553.0"
                    WIDTH="1492.0"
                    HEIGHT="167.0"></String>
          </TextLine>

          
          
          <TextLine ID="eSc_line_1360844"
                    
                    BASELINE="2348 4758 3868 4747" 
                    HPOS="2343.0"
                    VPOS="4672.0"
                    WIDTH="1519.0"
                    HEIGHT="166.0">
            <Shape><Polygon POINTS="2343 4752 2359 4709 2408 4704 3092 4715 3415 4698 3447 4672 3507 4720 3771 4688 3862 4741 3787 4817 3717 4822 3684 4801 3587 4833 3528 4806 3480 4833 3027 4833 2989 4811 2962 4838 2866 4817 2812 4838 2758 4817 2618 4838 2494 4811 2375 4833 2348 4811"/></Shape>
	    <String CONTENT="למדתי למנחת חוטא שאינה באה"
                    HPOS="2343.0"
                    VPOS="4672.0"
                    WIDTH="1519.0"
                    HEIGHT="166.0"></String>
          </TextLine>

          
          
          <TextLine ID="eSc_line_1360849"
                    
                    BASELINE="2327 4892 3889 4871" 
                    HPOS="2321.0"
                    VPOS="4806.0"
                    WIDTH="1563.0"
                    HEIGHT="162.0">
            <Shape><Polygon POINTS="2321 4887 2370 4833 2478 4817 2634 4849 2742 4822 2962 4838 2989 4811 3049 4838 3313 4844 3695 4806 3797 4817 3846 4865 3884 4865 3733 4946 3453 4957 3415 4935 3296 4962 3097 4962 3065 4941 2952 4968 2828 4941 2661 4962 2628 4935 2585 4962 2494 4935 2418 4957 2343 4887"/></Shape>
	    <String CONTENT="אלא חטים אף זו לא תביא אלא"
                    HPOS="2321.0"
                    VPOS="4806.0"
                    WIDTH="1563.0"
                    HEIGHT="162.0"></String>
          </TextLine>

          
          
          <TextLine ID="eSc_line_1360846"
                    
                    BASELINE="2305 5016 3851 5005" 
                    HPOS="2300.0"
                    VPOS="4914.0"
                    WIDTH="1546.0"
                    HEIGHT="183.0">
            <Shape><Polygon POINTS="2300 5011 2305 4973 2364 4914 2413 4962 2440 4935 2558 4962 2785 4968 2822 4946 2936 4973 3270 4962 3410 4930 3463 4962 3797 4946 3846 5000 3803 5070 3383 5086 3345 5059 3280 5091 3162 5091 3129 5059 3006 5097 2946 5064 2909 5091 2812 5097 2381 5075 2316 5011"/></Shape>
	    <String CONTENT="חיטים ˙ ת&#39;ל&#39; שעורים ˙ אמ&#39; רבן גמליﭏ"
                    HPOS="2300.0"
                    VPOS="4914.0"
                    WIDTH="1546.0"
                    HEIGHT="183.0"></String>
          </TextLine>

          
          
          <TextLine ID="eSc_line_1360856"
                    
                    BASELINE="2327 5134 3868 5140" 
                    HPOS="2321.0"
                    VPOS="5075.0"
                    WIDTH="1541.0"
                    HEIGHT="135.0">
            <Shape><Polygon POINTS="2321 5129 2364 5081 3070 5097 3151 5075 3173 5097 3420 5097 3447 5075 3787 5075 3851 5097 3862 5134 3846 5183 3695 5204 3517 5183 3221 5210 3194 5183 3156 5204 3119 5183 3070 5210 2774 5210 2715 5183 2693 5204 2666 5188 2639 5210 2451 5210 2418 5183 2386 5210 2327 5183"/></Shape>
	    <String CONTENT="הניחו סופרים לי ואו&#39; כמו חמור"
                    HPOS="2321.0"
                    VPOS="5075.0"
                    WIDTH="1541.0"
                    HEIGHT="135.0"></String>
          </TextLine>

          
        </TextBlock>
        
        <TextBlock HPOS="3924.0"
                   VPOS="2205.0"
                   WIDTH="223.0"
                   HEIGHT="198.0"
                   ID="eSc_textblock_15212"
                   TAGREFS="BT218">
          <Shape><Polygon POINTS="3924 2205 3924 2403 4147 2403 4147 2205"/></Shape>
          
          
          <TextLine ID="eSc_line_1360825"
                    
                    BASELINE="3916 2295 4180 2309" 
                    HPOS="3911.0"
                    VPOS="2239.0"
                    WIDTH="264.0"
                    HEIGHT="140.0">
            <Shape><Polygon POINTS="3911 2292 3921 2255 4148 2239 4175 2303 4158 2357 4094 2379 3997 2352 3916 2373"/></Shape>
	    <String CONTENT="אמרת"
                    HPOS="3911.0"
                    VPOS="2239.0"
                    WIDTH="264.0"
                    HEIGHT="140.0"></String>
          </TextLine>

          
        </TextBlock>
        
        <TextBlock HPOS="561.0"
                   VPOS="1129.0"
                   WIDTH="1558.0"
                   HEIGHT="4106.0"
                   ID="eSc_textblock_15213"
                   TAGREFS="BT2">
          <Shape><Polygon POINTS="561 1129 561 5235 2119 5235 2119 1129"/></Shape>
          
          
          <TextLine ID="eSc_line_1360830"
                    
                    BASELINE="581 1221 2144 1194" 
                    HPOS="576.0"
                    VPOS="1130.0"
                    WIDTH="1562.0"
                    HEIGHT="156.0">
            <Shape><Polygon POINTS="576 1216 581 1173 614 1162 980 1168 1039 1146 1120 1168 1244 1141 1362 1162 1546 1135 1707 1157 1729 1135 1842 1130 2122 1151 2138 1189 2122 1237 2041 1237 2014 1264 1880 1243 1783 1270 1610 1243 1589 1264 1513 1243 1465 1275 1319 1248 1131 1281 1034 1281 975 1254 915 1281 888 1254 851 1286 689 1286 581 1259"/></Shape>
	    <String CONTENT="אבל נראה לי [ש]הוא כשם שמעשיה"
                    HPOS="576.0"
                    VPOS="1130.0"
                    WIDTH="1562.0"
                    HEIGHT="156.0"></String>
          </TextLine>

          
          
          <TextLine ID="eSc_line_1360834"
                    
                    BASELINE="538 1345 2144 1324" 
                    HPOS="533.0"
                    VPOS="1264.0"
                    WIDTH="1605.0"
                    HEIGHT="146.0">
            <Shape><Polygon POINTS="533 1340 630 1281 754 1302 878 1270 915 1291 2047 1264 2106 1318 2138 1318 2074 1394 2014 1372 1950 1394 1546 1404 1384 1377 1244 1410 630 1404 544 1340"/></Shape>
	    <String CONTENT="מעשה בהמה כך קרבנה מאכל בהמה ˙"
                    HPOS="533.0"
                    VPOS="1264.0"
                    WIDTH="1605.0"
                    HEIGHT="146.0"></String>
          </TextLine>

          
          
          <TextLine ID="eSc_line_1360822"
                    
                    BASELINE="581 1453 2133 1431" 
                    HPOS="576.0"
                    VPOS="1372.0"
                    WIDTH="1551.0"
                    HEIGHT="156.0">
            <Shape><Polygon POINTS="576 1447 592 1394 764 1415 1239 1410 1384 1383 1546 1410 1756 1383 1928 1399 2009 1372 2127 1426 2041 1512 1950 1490 1594 1517 1567 1490 1465 1490 1276 1528 1115 1523 1055 1485 958 1523 608 1523 587 1501"/></Shape>
	    <String CONTENT="לא ישים עליו שמן מגיד שאם נתן"
                    HPOS="576.0"
                    VPOS="1372.0"
                    WIDTH="1551.0"
                    HEIGHT="156.0"></String>
          </TextLine>

          
          
          <TextLine ID="eSc_line_1360813"
                    
                    BASELINE="587 1560 2122 1566" 
                    HPOS="581.0"
                    VPOS="1485.0"
                    WIDTH="1536.0"
                    HEIGHT="178.0">
            <Shape><Polygon POINTS="581 1555 592 1523 969 1523 1039 1496 1104 1528 1287 1528 1556 1490 1589 1517 1869 1512 1955 1485 1977 1507 2074 1501 2117 1560 2014 1636 1928 1614 1702 1647 1465 1641 1438 1614 1406 1641 1298 1652 1174 1620 1136 1647 829 1663 689 1614 646 1641 587 1603"/></Shape>
	    <String CONTENT="עליו שמן ולבונה עובר בלא תעשה"
                    HPOS="581.0"
                    VPOS="1485.0"
                    WIDTH="1536.0"
                    HEIGHT="178.0"></String>
          </TextLine>

          
          
          <TextLine ID="eSc_line_1360816"
                    
                    BASELINE="603 1706 2127 1695" 
                    HPOS="597.0"
                    VPOS="1620.0"
                    WIDTH="1525.0"
                    HEIGHT="166.0">
            <Shape><Polygon POINTS="597 1700 603 1620 684 1657 1309 1652 1433 1620 1573 1647 1944 1630 2047 1636 2122 1690 2052 1765 2014 1749 1696 1770 1567 1733 1497 1770 1330 1749 1239 1781 1093 1781 1055 1749 980 1781 835 1760 748 1786 700 1754 603 1770"/></Shape>
	    <String CONTENT="כשם שעובר על שמנו כך עובר על"
                    HPOS="597.0"
                    VPOS="1620.0"
                    WIDTH="1525.0"
                    HEIGHT="166.0"></String>
          </TextLine>

          
          
          <TextLine ID="eSc_line_1360817"
                    
                    BASELINE="560 1840 2133 1819" 
                    HPOS="554.0"
                    VPOS="1743.0"
                    WIDTH="1573.0"
                    HEIGHT="167.0">
            <Shape><Polygon POINTS="554 1835 608 1776 1249 1781 1336 1743 1368 1770 1691 1776 1971 1770 2025 1749 2127 1813 2052 1883 1998 1894 1815 1894 1767 1862 1729 1889 1573 1867 1379 1900 1325 1867 1260 1867 1212 1900 1082 1905 975 1862 942 1894 915 1873 872 1900 748 1910 619 1894 565 1846"/></Shape>
	    <String CONTENT="לבונתו אמרת על השמן יהא עובר"
                    HPOS="554.0"
                    VPOS="1743.0"
                    WIDTH="1573.0"
                    HEIGHT="167.0"></String>
          </TextLine>

          
          
          <TextLine ID="eSc_line_1360819"
                    
                    BASELINE="592 1953 2079 1943" 
                    HPOS="587.0"
                    VPOS="1862.0"
                    WIDTH="1487.0"
                    HEIGHT="161.0">
            <Shape><Polygon POINTS="587 1948 592 1900 732 1910 980 1873 1093 1910 1292 1867 1395 1900 1551 1883 1573 1862 1626 1889 1664 1873 1815 1905 2057 1883 2074 1937 2057 2007 2020 2018 1907 1996 1863 2023 1820 1991 1772 2013 1648 1991 1449 2002 1416 1969 1368 2002 1330 1975 1239 2018 1109 2013 1082 1986 985 2013 953 1996 781 2018 727 1996 700 2018 592 2018"/></Shape>
	    <String CONTENT="שאין יכול לחזור וללקטו על לבונה לא"
                    HPOS="587.0"
                    VPOS="1862.0"
                    WIDTH="1487.0"
                    HEIGHT="161.0"></String>
          </TextLine>

          
          
          <TextLine ID="eSc_line_1360818"
                    
                    BASELINE="587 2083 2111 2061" 
                    HPOS="581.0"
                    VPOS="1969.0"
                    WIDTH="1525.0"
                    HEIGHT="194.0">
            <Shape><Polygon POINTS="581 2077 587 2023 619 2007 942 2023 1072 1980 1147 2023 1292 2013 1336 1975 1368 2002 1400 1969 1449 2007 2057 2013 2106 2056 2068 2109 1944 2142 1707 2142 1664 2115 1497 2136 1389 2115 1336 2142 1163 2115 1136 2136 770 2163 587 2099"/></Shape>
	    <String CONTENT="יהא עובר שיכול לחזור וללקטה ת&#39;ל&#39;"
                    HPOS="581.0"
                    VPOS="1969.0"
                    WIDTH="1525.0"
                    HEIGHT="194.0"></String>
          </TextLine>

          
          
          <TextLine ID="eSc_line_1360805"
                    
                    BASELINE="544 2206 2117 2201" 
                    HPOS="538.0"
                    VPOS="2109.0"
                    WIDTH="1573.0"
                    HEIGHT="178.0">
            <Shape><Polygon POINTS="538 2201 603 2147 1002 2158 1136 2147 1169 2115 1362 2153 1529 2153 1583 2120 1621 2142 1934 2147 2030 2109 2111 2196 2041 2276 1950 2282 1890 2255 1810 2276 1772 2244 1723 2282 1680 2266 1626 2287 1481 2266 883 2287 845 2249 754 2287 624 2287 544 2239"/></Shape>
	    <String CONTENT="לא ישים עליה שמן → [ו]לבונה מגיד שאם"
                    HPOS="538.0"
                    VPOS="2109.0"
                    WIDTH="1573.0"
                    HEIGHT="178.0"></String>
          </TextLine>

          
          
          <TextLine ID="eSc_line_1360821"
                    
                    BASELINE="560 2336 2127 2336" 
                    HPOS="554.0"
                    VPOS="2244.0"
                    WIDTH="1568.0"
                    HEIGHT="183.0">
            <Shape><Polygon POINTS="554 2330 581 2282 770 2292 829 2255 883 2292 1314 2292 1362 2266 1411 2287 1734 2282 1777 2244 1815 2282 2057 2276 2122 2330 2057 2405 1928 2416 1885 2395 1686 2411 1659 2389 1605 2411 1325 2411 1287 2384 1260 2411 1147 2400 1072 2422 953 2400 754 2427 587 2416 565 2395"/></Shape>
	    <String CONTENT="נתן עליה שמן ולבונה עובר בלא תעש&#39;"
                    HPOS="554.0"
                    VPOS="2244.0"
                    WIDTH="1568.0"
                    HEIGHT="183.0"></String>
          </TextLine>

          
          
          <TextLine ID="eSc_line_1360806"
                    
                    BASELINE="544 2465 2084 2454" 
                    HPOS="538.0"
                    VPOS="2384.0"
                    WIDTH="1541.0"
                    HEIGHT="167.0">
            <Shape><Polygon POINTS="538 2459 614 2400 759 2427 1093 2427 1255 2411 1282 2384 1314 2405 2063 2411 2079 2449 2063 2529 1928 2540 1680 2513 1519 2535 1427 2502 1368 2535 1222 2508 1174 2540 1115 2513 975 2551 888 2519 845 2540 635 2540 544 2475"/></Shape>
	    <String CONTENT="מפני מה טעמו של דבר מגיד כי מנח&#39;"
                    HPOS="538.0"
                    VPOS="2384.0"
                    WIDTH="1541.0"
                    HEIGHT="167.0"></String>
          </TextLine>

          
          
          <TextLine ID="eSc_line_1360801"
                    
                    BASELINE="581 2594 2079 2572" 
                    HPOS="576.0"
                    VPOS="2513.0"
                    WIDTH="1498.0"
                    HEIGHT="156.0">
            <Shape><Polygon POINTS="576 2588 597 2540 958 2551 1174 2540 1212 2513 1513 2540 2057 2529 2074 2567 2036 2653 1998 2626 1971 2648 1880 2648 1793 2615 1659 2653 1406 2648 1362 2615 1319 2658 1239 2653 1201 2621 1163 2658 948 2637 888 2669 754 2669 662 2642 614 2653 581 2626"/></Shape>
	    <String CONTENT="קנאות היא שתי קנא&#39; כשם שקנאה"
                    HPOS="576.0"
                    VPOS="2513.0"
                    WIDTH="1498.0"
                    HEIGHT="156.0"></String>
          </TextLine>

          
          
          <TextLine ID="eSc_line_1360798"
                    
                    BASELINE="565 2702 2084 2696" 
                    HPOS="560.0"
                    VPOS="2615.0"
                    WIDTH="1519.0"
                    HEIGHT="167.0">
            <Shape><Polygon POINTS="560 2696 597 2653 1163 2653 1201 2615 1309 2658 1362 2621 1406 2653 1600 2658 1998 2632 2063 2653 2079 2691 2047 2750 1734 2777 1670 2745 1600 2771 1379 2761 1357 2739 1325 2771 1228 2771 1190 2745 1028 2782 964 2761 635 2771 565 2718"/></Shape>
	    <String CONTENT="לבועל כך קנאה לבעל כשם שקנאה"
                    HPOS="560.0"
                    VPOS="2615.0"
                    WIDTH="1519.0"
                    HEIGHT="167.0"></String>
          </TextLine>

          
          
          <TextLine ID="eSc_line_1360836"
                    
                    BASELINE="527 2825 2084 2809" 
                    HPOS="522.0"
                    VPOS="2739.0"
                    WIDTH="1557.0"
                    HEIGHT="178.0">
            <Shape><Polygon POINTS="522 2820 527 2771 554 2761 754 2782 958 2766 1018 2804 1158 2745 1325 2771 1357 2739 1384 2766 1535 2771 1966 2771 2020 2739 2063 2761 2079 2804 2068 2868 2025 2895 1793 2879 1707 2901 1675 2868 1632 2895 1185 2895 1104 2890 1028 2847 948 2901 630 2885 581 2917 533 2868"/></Shape>
	    <String CONTENT="למטה כך קנאה למעלה ˙ מנחת זכרון ˙"
                    HPOS="522.0"
                    VPOS="2739.0"
                    WIDTH="1557.0"
                    HEIGHT="178.0"></String>
          </TextLine>

          
          
          <TextLine ID="eSc_line_1360829"
                    
                    BASELINE="560 2938 2079 2938" 
                    HPOS="554.0"
                    VPOS="2868.0"
                    WIDTH="1520.0"
                    HEIGHT="167.0">
            <Shape><Polygon POINTS="554 2933 635 2890 942 2906 1012 2868 1093 2901 2057 2890 2074 2933 2063 2987 2014 3019 1788 3008 1761 3035 1583 3003 1395 3030 1002 3030 921 3003 775 3024 678 2987 646 3019 592 3024 565 2998"/></Shape>
	    <String CONTENT="שומע אני זכות וחובה ת&#39;ל&#39; מזכרת"
                    HPOS="554.0"
                    VPOS="2868.0"
                    WIDTH="1520.0"
                    HEIGHT="167.0"></String>
          </TextLine>

          
          
          <TextLine ID="eSc_line_1360804"
                    
                    BASELINE="614 3073 2084 3057" 
                    HPOS="608.0"
                    VPOS="3003.0"
                    WIDTH="1471.0"
                    HEIGHT="156.0">
            <Shape><Polygon POINTS="608 3068 624 3014 878 3024 905 3003 985 3030 1675 3008 1729 3014 1761 3046 1799 3008 2052 3008 2079 3051 2036 3127 1928 3154 1880 3116 1837 3137 1551 3132 1476 3159 1346 3132 1120 3154 958 3132 748 3143 694 3121 641 3143 614 3121"/></Shape>
	    <String CONTENT="עון ↑ כל הזכרונות שבתורה לחובה"
                    HPOS="608.0"
                    VPOS="3003.0"
                    WIDTH="1471.0"
                    HEIGHT="156.0"></String>
          </TextLine>

          
          
          <TextLine ID="eSc_line_1360807"
                    
                    BASELINE="538 3197 2122 3202" 
                    HPOS="533.0"
                    VPOS="3105.0"
                    WIDTH="1584.0"
                    HEIGHT="178.0">
            <Shape><Polygon POINTS="533 3191 608 3137 926 3132 1206 3159 1362 3132 1481 3159 1519 3137 1842 3137 1880 3105 1923 3148 2047 3132 2117 3197 2052 3256 1955 3240 1777 3272 1713 3240 1664 3267 1508 3267 1476 3234 1449 3261 1131 3261 1039 3283 931 3261 894 3229 824 3277 624 3267 538 3197"/></Shape>
	    <String CONTENT="וזו לפורענות דב&#39; ר&#39; טרפון ˙ ר&#39; עקיבא"
                    HPOS="533.0"
                    VPOS="3105.0"
                    WIDTH="1584.0"
                    HEIGHT="178.0"></String>
          </TextLine>

          
          
          <TextLine ID="eSc_line_1360815"
                    
                    BASELINE="560 3304 2127 3304" 
                    HPOS="554.0"
                    VPOS="3229.0"
                    WIDTH="1568.0"
                    HEIGHT="167.0">
            <Shape><Polygon POINTS="554 3299 581 3229 624 3267 775 3277 835 3277 905 3234 1012 3283 1142 3261 1395 3272 1481 3245 1508 3272 1804 3277 1977 3245 2122 3299 2020 3380 1934 3358 1858 3385 1680 3380 1659 3358 1610 3385 1427 3385 1395 3364 1352 3390 1260 3364 1212 3364 1174 3396 727 3385 597 3380 565 3347"/></Shape>
	    <String CONTENT="או&#39; אף זאת לטובה שנ&#39; ואם לא נטמא&#39;"
                    HPOS="554.0"
                    VPOS="3229.0"
                    WIDTH="1568.0"
                    HEIGHT="167.0"></String>
          </TextLine>

          
          
          <TextLine ID="eSc_line_1360802"
                    
                    BASELINE="560 3423 2074 3423" 
                    HPOS="554.0"
                    VPOS="3358.0"
                    WIDTH="1514.0"
                    HEIGHT="162.0">
            <Shape><Polygon POINTS="554 3417 608 3380 1201 3396 1222 3374 1357 3390 1395 3364 1422 3385 1605 3390 1648 3358 1740 3385 2057 3374 2068 3417 2052 3493 1632 3509 1605 3482 1578 3504 1519 3482 1476 3514 1255 3471 1222 3504 1136 3514 797 3498 694 3520 651 3477 597 3482 565 3450"/></Shape>
	    <String CONTENT="האשה וגו&#39; אין לי אלא מזכרת עון [/]"
                    HPOS="554.0"
                    VPOS="3358.0"
                    WIDTH="1514.0"
                    HEIGHT="162.0"></String>
          </TextLine>

          
          
          <TextLine ID="eSc_line_1360833"
                    
                    BASELINE="565 3568 2106 3541" 
                    HPOS="560.0"
                    VPOS="3466.0"
                    WIDTH="1541.0"
                    HEIGHT="188.0">
            <Shape><Polygon POINTS="560 3563 646 3504 1136 3514 1212 3504 1249 3466 1352 3509 1449 3514 1513 3493 1643 3514 2036 3493 2101 3536 2090 3584 2025 3627 1847 3606 1788 3633 1729 3611 1686 3633 1492 3627 1427 3654 1292 3627 1255 3595 1174 3633 1028 3627 991 3600 915 3633 883 3617 856 3643 808 3622 651 3627 576 3563"/></Shape>
	    <String CONTENT="מזכרת זכות מני&#39; ת&#39;ל&#39; מנח&#39; זכרון מכל"
                    HPOS="560.0"
                    VPOS="3466.0"
                    WIDTH="1541.0"
                    HEIGHT="188.0"></String>
          </TextLine>

          
          
          <TextLine ID="eSc_line_1360803"
                    
                    BASELINE="560 3670 2063 3670" 
                    HPOS="554.0"
                    VPOS="3600.0"
                    WIDTH="1503.0"
                    HEIGHT="194.0">
            <Shape><Polygon POINTS="554 3665 581 3617 835 3643 888 3627 926 3660 980 3606 1050 3633 1217 3633 1249 3600 1292 3638 1368 3633 1400 3654 1745 3611 1767 3633 2047 3627 2057 3665 2047 3746 1982 3756 1815 3751 1718 3713 1626 3756 1287 3767 1163 3756 1098 3713 1055 3751 991 3756 942 3708 894 3756 754 3756 700 3724 587 3794 565 3773"/></Shape>
	    <String CONTENT="מקום ˙ ר&#39; ישמע&#39; → מנח&#39; זכר&#39; כלל ˙ מזכר&#39; עון"
                    HPOS="554.0"
                    VPOS="3600.0"
                    WIDTH="1503.0"
                    HEIGHT="194.0"></String>
          </TextLine>

          
          
          <TextLine ID="eSc_line_1360812"
                    
                    BASELINE="581 3805 2117 3805" 
                    HPOS="576.0"
                    VPOS="3713.0"
                    WIDTH="1535.0"
                    HEIGHT="173.0">
            <Shape><Polygon POINTS="576 3800 662 3746 894 3756 937 3713 1002 3762 1104 3719 1158 3756 1282 3767 1632 3756 1713 3713 1826 3756 2036 3751 2111 3800 2101 3837 2025 3886 1562 3880 1449 3859 1303 3886 1201 3859 1104 3875 1066 3837 1023 3875 872 3880 840 3848 813 3875 732 3848 651 3870 587 3805"/></Shape>
	    <String CONTENT="פרט ˙ כלל ופרט אין בכלל אלא מה"
                    HPOS="576.0"
                    VPOS="3713.0"
                    WIDTH="1535.0"
                    HEIGHT="173.0"></String>
          </TextLine>

          
          
          <TextLine ID="eSc_line_1360791"
                    
                    BASELINE="608 3923 2106 3923" 
                    HPOS="603.0"
                    VPOS="3837.0"
                    WIDTH="1498.0"
                    HEIGHT="162.0">
            <Shape><Polygon POINTS="603 3918 614 3870 689 3875 721 3848 775 3880 840 3853 872 3880 1018 3880 1061 3837 1109 3880 1195 3859 1314 3891 1362 3870 1869 3870 2047 3886 2101 3918 2025 3988 1912 3999 1675 3972 1314 3999 1249 3972 1104 3999 1039 3977 937 3999 711 3988 662 3956 614 3977"/></Shape>
	    <String CONTENT="שבפרט שהיה בדין לבעל דין לחלוק"
                    HPOS="603.0"
                    VPOS="3837.0"
                    WIDTH="1498.0"
                    HEIGHT="162.0"></String>
          </TextLine>

          
          
          <TextLine ID="eSc_line_1360808"
                    
                    BASELINE="560 4036 2106 4036" 
                    HPOS="554.0"
                    VPOS="3961.0"
                    WIDTH="1547.0"
                    HEIGHT="156.0">
            <Shape><Polygon POINTS="554 4031 657 3961 711 3993 915 3999 2041 3988 2101 4031 2041 4106 1944 4106 1901 4074 1869 4101 1309 4117 1206 4090 1169 4117 1088 4096 630 4096 565 4031"/></Shape>
	    <String CONTENT="וכי איזו מדה מרובה מדה הטוב או"
                    HPOS="554.0"
                    VPOS="3961.0"
                    WIDTH="1547.0"
                    HEIGHT="156.0"></String>
          </TextLine>

          
          
          <TextLine ID="eSc_line_1360800"
                    
                    BASELINE="549 4144 2127 4155" 
                    HPOS="544.0"
                    VPOS="4085.0"
                    WIDTH="1578.0"
                    HEIGHT="156.0">
            <Shape><Polygon POINTS="544 4139 592 4096 1174 4112 1206 4085 1303 4117 2025 4101 2122 4149 2030 4230 1917 4214 1718 4236 1686 4214 1632 4241 1368 4236 1303 4203 1271 4230 1174 4214 1088 4236 1034 4214 748 4241 716 4209 592 4230 549 4187"/></Shape>
	    <String CONTENT="מדת פורענות הוי או&#39; מדת הטוב אם"
                    HPOS="544.0"
                    VPOS="4085.0"
                    WIDTH="1578.0"
                    HEIGHT="156.0"></String>
          </TextLine>

          
          
          <TextLine ID="eSc_line_1360799"
                    
                    BASELINE="608 4284 2101 4284" 
                    HPOS="603.0"
                    VPOS="4219.0"
                    WIDTH="1492.0"
                    HEIGHT="151.0">
            <Shape><Polygon POINTS="603 4279 614 4236 711 4219 748 4252 1987 4230 2095 4279 2041 4354 1934 4343 1761 4370 1686 4343 1626 4365 1142 4370 980 4343 614 4354"/></Shape>
	    <String CONTENT="מדת פורענות ממעטת הרי הוא [מז/]"
                    HPOS="603.0"
                    VPOS="4219.0"
                    WIDTH="1492.0"
                    HEIGHT="151.0"></String>
          </TextLine>

          
          
          <TextLine ID="eSc_line_1360810"
                    
                    BASELINE="538 4408 2106 4408" 
                    HPOS="533.0"
                    VPOS="4349.0"
                    WIDTH="1568.0"
                    HEIGHT="145.0">
            <Shape><Polygon POINTS="533 4402 581 4349 1125 4375 1950 4349 2041 4359 2101 4402 2036 4478 1723 4472 1626 4494 1589 4472 581 4483 544 4445"/></Shape>
	    <String CONTENT="מזכרת עון מדת טובה מרובה דין הוא"
                    HPOS="533.0"
                    VPOS="4349.0"
                    WIDTH="1568.0"
                    HEIGHT="145.0"></String>
          </TextLine>

          
          
          <TextLine ID="eSc_line_1360793"
                    
                    BASELINE="603 4526 2084 4526" 
                    HPOS="597.0"
                    VPOS="4472.0"
                    WIDTH="1482.0"
                    HEIGHT="135.0">
            <Shape><Polygon POINTS="597 4521 619 4472 1621 4494 2036 4478 2079 4521 2009 4602 1950 4580 1858 4602 1777 4575 1740 4607 1513 4607 1486 4580 1427 4607 1007 4602 964 4575 910 4602 797 4602 700 4569 635 4591 608 4564"/></Shape>
	    <String CONTENT="שתהא מזכרת זכות זו מדה בתורה"
                    HPOS="597.0"
                    VPOS="4472.0"
                    WIDTH="1482.0"
                    HEIGHT="135.0"></String>
          </TextLine>

          
          
          <TextLine ID="eSc_line_1360792"
                    
                    BASELINE="581 4639 2084 4650" 
                    HPOS="576.0"
                    VPOS="4575.0"
                    WIDTH="1503.0"
                    HEIGHT="161.0">
            <Shape><Polygon POINTS="576 4634 651 4591 910 4602 953 4575 991 4596 1330 4607 1486 4585 1513 4612 1740 4602 1767 4575 1885 4602 1944 4575 2079 4645 2030 4720 1723 4715 1653 4736 1616 4715 1540 4725 1508 4698 1465 4725 1265 4725 1217 4677 1169 4715 1082 4682 1039 4725 996 4704 910 4725 657 4715 581 4688"/></Shape>
	    <String CONTENT="כל כלל ופרט שדרך הדין לוקה בו [מ&#39;]"
                    HPOS="576.0"
                    VPOS="4575.0"
                    WIDTH="1503.0"
                    HEIGHT="161.0"></String>
          </TextLine>

          
          
          <TextLine ID="eSc_line_1360811"
                    
                    BASELINE="560 4774 2101 4774" 
                    HPOS="554.0"
                    VPOS="4682.0"
                    WIDTH="1541.0"
                    HEIGHT="178.0">
            <Shape><Polygon POINTS="554 4768 624 4709 1045 4731 1088 4688 1179 4720 1217 4682 1265 4731 2009 4725 2095 4768 2020 4849 1853 4860 1799 4838 1362 4849 1336 4822 1303 4849 1055 4855 1018 4822 942 4844 883 4811 845 4849 802 4828 630 4844 565 4779"/></Shape>
	    <String CONTENT="ניתקיימו זה וזה אל תלקה דרך הדין"
                    HPOS="554.0"
                    VPOS="4682.0"
                    WIDTH="1541.0"
                    HEIGHT="178.0"></String>
          </TextLine>

          
          
          <TextLine ID="eSc_line_1360809"
                    
                    BASELINE="538 4887 2101 4903" 
                    HPOS="533.0"
                    VPOS="4811.0"
                    WIDTH="1562.0"
                    HEIGHT="173.0">
            <Shape><Polygon POINTS="533 4881 592 4828 641 4849 845 4844 899 4811 926 4838 1012 4817 1061 4855 2004 4844 2095 4898 2009 4973 1928 4951 1853 4978 1788 4951 1750 4978 1632 4984 1573 4957 1163 4978 835 4962 808 4935 781 4962 684 4935 614 4962 538 4908"/></Shape>
	    <String CONTENT="כיצד נתקיימו זה וזה אל תלקה דרך"
                    HPOS="533.0"
                    VPOS="4811.0"
                    WIDTH="1562.0"
                    HEIGHT="173.0"></String>
          </TextLine>

          
          
          <TextLine ID="eSc_line_1360794"
                    
                    BASELINE="565 5005 2063 5027" 
                    HPOS="560.0"
                    VPOS="4935.0"
                    WIDTH="1497.0"
                    HEIGHT="178.0">
            <Shape><Polygon POINTS="560 5000 668 4935 738 4962 808 4935 835 4962 1045 4978 1244 4957 1314 4978 1756 4978 1799 4951 1863 4984 2041 4962 2057 5021 2014 5086 1831 5113 1804 5086 1616 5097 1583 5070 1486 5102 1346 5081 630 5081 565 5016"/></Shape>
	    <String CONTENT="הדין [כיצד נתקיימו וזה אל תלקה"
                    HPOS="560.0"
                    VPOS="4935.0"
                    WIDTH="1497.0"
                    HEIGHT="178.0"></String>
          </TextLine>

          
          
          <TextLine ID="eSc_line_1360795"
                    
                    BASELINE="522 5134 2079 5145" 
                    HPOS="517.0"
                    VPOS="5086.0"
                    WIDTH="1557.0"
                    HEIGHT="140.0">
            <Shape><Polygon POINTS="517 5129 522 5102 646 5086 1298 5107 2025 5091 2074 5140 2057 5199 1971 5199 1939 5226 1853 5199 1788 5221 1702 5204 1680 5226 1303 5226 1217 5221 1185 5194 1098 5215 985 5194 856 5221 781 5194 522 5194"/></Shape>
	    <String CONTENT="דרך הדין] אם היתה טמאה פורענות"
                    HPOS="517.0"
                    VPOS="5086.0"
                    WIDTH="1557.0"
                    HEIGHT="140.0"></String>
          </TextLine>

          
        </TextBlock>
        
        <TextBlock HPOS="2131.0"
                   VPOS="2106.0"
                   WIDTH="210.0"
                   HEIGHT="210.0"
                   ID="eSc_textblock_15210"
                   TAGREFS="BT218">
          <Shape><Polygon POINTS="2131 2106 2131 2316 2341 2316 2341 2106"/></Shape>
          
          
          <TextLine ID="eSc_line_1630752"
                    
                    BASELINE="2139 2188 2367 2188" 
                    HPOS="2138.0"
                    VPOS="2120.0"
                    WIDTH="226.0"
                    HEIGHT="108.0">
            <Shape><Polygon POINTS="2138 2185 2230 2120 2289 2120 2364 2185 2300 2228 2230 2206 2192 2228 2149 2217"/></Shape>
	    <String CONTENT="ולא יתן"
                    HPOS="2138.0"
                    VPOS="2120.0"
                    WIDTH="226.0"
                    HEIGHT="108.0"></String>
          </TextLine>

          
          
          <TextLine ID="eSc_line_1630753"
                    
                    BASELINE="2139 2249 2329 2264" 
                    HPOS="2138.0"
                    VPOS="2212.0"
                    WIDTH="189.0"
                    HEIGHT="107.0">
            <Shape><Polygon POINTS="2138 2244 2165 2217 2251 2212 2316 2233 2327 2260 2311 2287 2203 2319 2144 2303"/></Shape>
	    <String CONTENT="עליה"
                    HPOS="2138.0"
                    VPOS="2212.0"
                    WIDTH="189.0"
                    HEIGHT="107.0"></String>
          </TextLine>

          
        </TextBlock>
        
        <TextBlock HPOS="2168.0"
                   VPOS="3565.0"
                   WIDTH="124.0"
                   HEIGHT="174.0"
                   ID="eSc_textblock_15211"
                   TAGREFS="BT218">
          <Shape><Polygon POINTS="2168 3565 2168 3739 2292 3739 2292 3565"/></Shape>
          
          
          <TextLine ID="eSc_line_1630751"
                    
                    BASELINE="2177 3675 2299 3667" 
                    HPOS="2176.0"
                    VPOS="3595.0"
                    WIDTH="118.0"
                    HEIGHT="135.0">
            <Shape><Polygon POINTS="2176 3670 2181 3606 2214 3595 2278 3627 2294 3665 2257 3724 2187 3730"/></Shape>
	    <String CONTENT="או&#39;"
                    HPOS="2176.0"
                    VPOS="3595.0"
                    WIDTH="118.0"
                    HEIGHT="135.0"></String>
          </TextLine>

          
        </TextBlock>
        

        
      </PrintSpace>
    </Page>
  </Layout>
</alto>
