<?xml version="1.0" encoding="UTF-8"?>
<alto xmlns:xsi="http://www.w3.org/2001/XMLSchema-instance"
      xmlns="http://www.loc.gov/standards/alto/ns-v4#"
      xsi:schemaLocation="http://www.loc.gov/standards/alto/ns-v4# http://www.loc.gov/standards/alto/v4/alto-4-2.xsd">
  <Description>
    <MeasurementUnit>pixel</MeasurementUnit>
    <sourceImageInformation>
      <fileName>Vat.ebr.31_0073_fa_0034r.jpg</fileName>
      
    </sourceImageInformation>
  </Description>
  
  <Tags>
    <OtherTag ID="BT1" LABEL="Title" DESCRIPTION="block type Title"/><OtherTag ID="BT2" LABEL="Main" DESCRIPTION="block type Main"/><OtherTag ID="BT3" LABEL="Commentary" DESCRIPTION="block type Commentary"/><OtherTag ID="BT4" LABEL="Illustration" DESCRIPTION="block type Illustration"/><OtherTag ID="BT849" LABEL="Margin" DESCRIPTION="block type Margin"/><OtherTag ID="BT850" LABEL="Paratext" DESCRIPTION="block type Paratext"/>
    <OtherTag ID="LT2" LABEL="Numbering" DESCRIPTION="line type Numbering"/><OtherTag ID="LT3" LABEL="Correction" DESCRIPTION="line type Correction"/>
  </Tags>
  
  <Layout>
    <Page WIDTH="3615"
          HEIGHT="4140"
          PHYSICAL_IMG_NR="66"
          ID="eSc_dummypage_">
      <PrintSpace HPOS="0"
                  VPOS="0"
                  WIDTH="3615"
                  HEIGHT="4140">
        
        <TextBlock HPOS="1985.0"
                   VPOS="669.0"
                   WIDTH="1096.0"
                   HEIGHT="2668.0"
                   ID="eSc_textblock_f2ee4a1b"
                   TAGREFS="BT2">
          <Shape><Polygon POINTS="3081 680 2006 669 1985 3300 3071 3337"/></Shape>
          
          
          <TextLine ID="eSc_line_309be753"
                    
                    BASELINE="1995 742 3023 736" 
                    HPOS="1992.0"
                    VPOS="683.0"
                    WIDTH="1029.0"
                    HEIGHT="103.0">
            <Shape><Polygon POINTS="1992 741 1995 686 2037 700 2099 686 2126 703 2289 703 2316 686 2392 703 2513 686 2627 700 2655 683 2751 683 2782 700 2896 686 2945 700 2990 683 3010 686 3021 734 3007 779 2965 783 2755 765 2689 769 2675 783 2586 772 2503 786 2461 772 2427 786 2282 769 2168 769 2140 786 2123 769 2064 769 1995 786"/></Shape>
	    <String CONTENT="המעשר מביא מן החולין אף תודה פירש ˙˙ מן"
                    HPOS="1992.0"
                    VPOS="683.0"
                    WIDTH="1029.0"
                    HEIGHT="103.0"></String>
          </TextLine>

          
          
          <TextLine ID="eSc_line_931ac806"
                    
                    BASELINE="1990 809 2123 809 2202 816 2540 816 2715 809 2924 811 3039 804" 
                    HPOS="1988.0"
                    VPOS="765.0"
                    WIDTH="1050.0"
                    HEIGHT="100.0">
            <Shape><Polygon POINTS="1988 807 2099 765 2161 783 2282 769 2296 783 2496 793 3007 776 3038 803 3003 848 2655 841 2630 865 2617 852 2306 855 2206 848 2189 834 2019 852 1992 831"/></Shape>
	    <String CONTENT="המעשר מביא מן המעשר מנין ללחם שיבוא"
                    HPOS="1988.0"
                    VPOS="765.0"
                    WIDTH="1050.0"
                    HEIGHT="100.0"></String>
          </TextLine>

          
          
          <TextLine ID="eSc_line_b414232f"
                    
                    BASELINE="1985 880 2731 885 2887 878 3042 880" 
                    HPOS="1981.0"
                    VPOS="838.0"
                    WIDTH="1060.0"
                    HEIGHT="100.0">
            <Shape><Polygon POINTS="1981 879 2009 852 2175 841 2309 859 2617 848 2634 865 2662 838 2755 852 2986 845 3031 855 3041 879 3028 914 2979 928 2603 910 2489 917 2468 931 2033 917 2006 938 1985 914"/></Shape>
	    <String CONTENT="מן המעשר תל&#39; לו&#39; אשר יקריב מה שלמים באין"
                    HPOS="1981.0"
                    VPOS="838.0"
                    WIDTH="1060.0"
                    HEIGHT="100.0"></String>
          </TextLine>

          
          
          <TextLine ID="eSc_line_e89e0c45"
                    
                    BASELINE="1981 959 2333 956 2383 963 2616 963 2671 959 2805 956 3046 956" 
                    HPOS="1978.0"
                    VPOS="914.0"
                    WIDTH="1067.0"
                    HEIGHT="107.0">
            <Shape><Polygon POINTS="1978 955 2033 914 2088 948 2109 948 2140 917 2454 931 2596 914 2700 928 3010 921 3045 955 2969 1021 2917 997 2772 1000 2724 986 2696 1007 2447 993 2358 1010 2275 990 2175 997 2161 983 2026 997 1981 955"/></Shape>
	    <String CONTENT="מן המעשר אף הלחם יביא מן המעשר ˙ [ו&#39;]"
                    HPOS="1978.0"
                    VPOS="914.0"
                    WIDTH="1067.0"
                    HEIGHT="107.0"></String>
          </TextLine>

          
          
          <TextLine ID="eSc_line_d4dabee4"
                    
                    BASELINE="1985 1037 2140 1035 2172 1041 2977 1041 3042 1032" 
                    HPOS="1981.0"
                    VPOS="986.0"
                    WIDTH="1060.0"
                    HEIGHT="100.0">
            <Shape><Polygon POINTS="1981 1035 2016 997 2237 990 2258 1003 2271 993 2375 1010 2527 993 2696 1007 2720 986 2765 1007 2910 997 2955 1021 3024 986 3041 1031 3024 1076 2993 1059 2810 1083 2555 1076 2513 1062 2489 1086 2237 1066 2168 1079 2099 1066 2019 1076 1985 1041"/></Shape>
	    <String CONTENT="ו&#39; אמ&#39; הרי עלי תודה מן המעשר ולא פירש"
                    HPOS="1981.0"
                    VPOS="986.0"
                    WIDTH="1060.0"
                    HEIGHT="100.0"></String>
          </TextLine>

          
          
          <TextLine ID="eSc_line_59dde36c"
                    
                    BASELINE="1972 1110 2068 1108 2202 1115 2662 1115 2710 1110 3030 1110" 
                    HPOS="1971.0"
                    VPOS="1062.0"
                    WIDTH="1057.0"
                    HEIGHT="97.0">
            <Shape><Polygon POINTS="1971 1107 2012 1076 2209 1079 2240 1066 2496 1086 2520 1062 2568 1079 2727 1083 2958 1083 3000 1062 3021 1076 3028 1107 3010 1148 2876 1145 2831 1159 2738 1131 2703 1148 2648 1148 2624 1124 2599 1141 2527 1148 2130 1148 2102 1121 2016 1155 1974 1114"/></Shape>
	    <String CONTENT="לחמה מן המעשר יכול יביא היא ולחמה ˙˙ מן"
                    HPOS="1971.0"
                    VPOS="1062.0"
                    WIDTH="1057.0"
                    HEIGHT="97.0"></String>
          </TextLine>

          
          
          <TextLine ID="eSc_line_edaa63d0"
                    
                    BASELINE="1995 1170 2080 1179 2561 1177 2678 1179 2722 1184 3025 1179" 
                    HPOS="1992.0"
                    VPOS="1121.0"
                    WIDTH="1032.0"
                    HEIGHT="103.0">
            <Shape><Polygon POINTS="1992 1169 2102 1121 2130 1148 2579 1152 2617 1131 2648 1152 2700 1155 2734 1135 2751 1152 2772 1141 2820 1162 3014 1148 3024 1176 3014 1217 2993 1224 2592 1224 2579 1210 2489 1221 2403 1207 2344 1221 2299 1204 2258 1217 2168 1217 2144 1204 2078 1217 1995 1193"/></Shape>
	    <String CONTENT="המעשר תל&#39; לו&#39; שלמים אשר יקריב מה שלמים"
                    HPOS="1992.0"
                    VPOS="1121.0"
                    WIDTH="1032.0"
                    HEIGHT="103.0"></String>
          </TextLine>

          
          
          <TextLine ID="eSc_line_1ecff432"
                    
                    BASELINE="1962 1248 2749 1253 2943 1248 2993 1251 3048 1244" 
                    HPOS="1961.0"
                    VPOS="1207.0"
                    WIDTH="1084.0"
                    HEIGHT="93.0">
            <Shape><Polygon POINTS="1961 1245 1999 1210 2088 1224 2133 1207 2164 1221 2579 1214 2596 1228 3010 1217 3045 1242 3034 1290 2927 1283 2838 1300 2441 1293 2403 1273 2375 1297 2285 1283 2244 1297 2227 1279 2047 1297 1985 1290 1964 1269"/></Shape>
	    <String CONTENT="פירש מן המעשר מיביא מן המעשר לא פירש&#39;"
                    HPOS="1961.0"
                    VPOS="1207.0"
                    WIDTH="1084.0"
                    HEIGHT="93.0"></String>
          </TextLine>

          
          
          <TextLine ID="eSc_line_718566dd"
                    
                    BASELINE="1985 1327 2190 1324 2321 1331 2837 1331 3035 1324" 
                    HPOS="1981.0"
                    VPOS="1273.0"
                    WIDTH="1053.0"
                    HEIGHT="100.0">
            <Shape><Polygon POINTS="1981 1324 1985 1286 2195 1293 2223 1279 2240 1297 2282 1286 2375 1300 2403 1273 2434 1293 2589 1304 3024 1297 3034 1321 3024 1373 1985 1352"/></Shape>
	    <String CONTENT="מן המעשר מיביא מן החולים אף לחם פיריש"
                    HPOS="1981.0"
                    VPOS="1273.0"
                    WIDTH="1053.0"
                    HEIGHT="100.0"></String>
          </TextLine>

          
          
          <TextLine ID="eSc_line_0cc16e73"
                    
                    BASELINE="1985 1389 2047 1389 2107 1396 2236 1393 2574 1393 2662 1398 3021 1393" 
                    HPOS="1981.0"
                    VPOS="1355.0"
                    WIDTH="1036.0"
                    HEIGHT="90.0">
            <Shape><Polygon POINTS="1981 1386 2002 1362 2057 1355 2527 1373 3007 1366 3017 1390 3007 1435 2976 1445 2748 1431 2582 1431 2537 1445 2482 1424 2416 1442 2337 1424 2244 1438 2140 1417 2033 1421 2009 1442 1985 1417"/></Shape>
	    <String CONTENT="מן המעשר מביא מן המעשר ˙ לא פיריש מן"
                    HPOS="1981.0"
                    VPOS="1355.0"
                    WIDTH="1036.0"
                    HEIGHT="90.0"></String>
          </TextLine>

          
          
          <TextLine ID="eSc_line_87b11c54"
                    
                    BASELINE="1967 1469 2807 1474 2830 1469 3032 1469" 
                    HPOS="1964.0"
                    VPOS="1421.0"
                    WIDTH="1067.0"
                    HEIGHT="107.0">
            <Shape><Polygon POINTS="1964 1466 2033 1424 2057 1435 2071 1421 2130 1438 2244 1438 2268 1462 2296 1459 2327 1428 2375 1452 2479 1424 2496 1442 2537 1445 3014 1438 3031 1466 3017 1511 2862 1514 2817 1497 2786 1514 2679 1504 2606 1528 2561 1504 2427 1514 2396 1490 2358 1490 2337 1511 2258 1493 2189 1514 2119 1514 2099 1500 2030 1514 1968 1469"/></Shape>
	    <String CONTENT="המעשר מיביא מן החולים ˙ ז&#39; אמ&#39; הרי עלי"
                    HPOS="1964.0"
                    VPOS="1421.0"
                    WIDTH="1067.0"
                    HEIGHT="107.0"></String>
          </TextLine>

          
          
          <TextLine ID="eSc_line_91fe38a2"
                    
                    BASELINE="1995 1538 2105 1547 3048 1543" 
                    HPOS="1992.0"
                    VPOS="1497.0"
                    WIDTH="1053.0"
                    HEIGHT="96.0">
            <Shape><Polygon POINTS="1992 1535 2009 1511 2334 1511 2361 1497 2430 1518 2558 1504 2596 1524 2679 1500 2869 1521 3034 1511 3045 1542 3034 1580 2921 1593 2848 1573 2824 1593 2713 1590 2662 1566 2634 1583 2610 1566 2582 1583 2489 1573 2372 1590 2157 1566 2106 1583 2019 1576 1995 1552"/></Shape>
	    <String CONTENT="תודה מן החולים ולחמה מן המעשר פירש"
                    HPOS="1992.0"
                    VPOS="1497.0"
                    WIDTH="1053.0"
                    HEIGHT="96.0"></String>
          </TextLine>

          
          
          <TextLine ID="eSc_line_09f0e30b"
                    
                    BASELINE="1995 1605 2098 1612 2289 1609 2379 1616 3055 1616" 
                    HPOS="1992.0"
                    VPOS="1566.0"
                    WIDTH="1060.0"
                    HEIGHT="93.0">
            <Shape><Polygon POINTS="1992 1604 2016 1573 2119 1583 2161 1569 2375 1590 2506 1573 2582 1590 2610 1566 2634 1587 2662 1566 2713 1590 2831 1590 2848 1573 2893 1590 3031 1580 3052 1614 3024 1656 2934 1645 2910 1659 2845 1645 2775 1652 2744 1635 2720 1656 2458 1642 2427 1652 2399 1631 2358 1652 2258 1638 2195 1652 2168 1635 2023 1659 1995 1638"/></Shape>
	    <String CONTENT="זה יכול יביא תל&#39; לו&#39; שלמים אשר יקריב בזמן"
                    HPOS="1992.0"
                    VPOS="1566.0"
                    WIDTH="1060.0"
                    HEIGHT="93.0"></String>
          </TextLine>

          
          
          <TextLine ID="eSc_line_36da5e60"
                    
                    BASELINE="1995 1676 2080 1685 2156 1683 3048 1685" 
                    HPOS="1992.0"
                    VPOS="1638.0"
                    WIDTH="1053.0"
                    HEIGHT="87.0">
            <Shape><Polygon POINTS="1992 1673 2054 1645 2361 1656 2406 1638 2423 1656 2575 1659 2731 1659 2748 1642 2786 1656 2945 1649 3028 1656 3045 1683 3000 1721 2807 1707 2772 1721 2727 1711 2617 1725 2413 1725 2399 1711 2347 1725 2282 1711 2085 1721 2030 1714 1995 1690"/></Shape>
	    <String CONTENT="שאמ&#39; הרי עלי תודה היא ולחמה מן המעשר"
                    HPOS="1992.0"
                    VPOS="1638.0"
                    WIDTH="1053.0"
                    HEIGHT="87.0"></String>
          </TextLine>

          
          
          <TextLine ID="eSc_line_8393a8ed"
                    
                    BASELINE="1990 1747 2186 1747 2229 1754 2489 1754 2517 1747 3044 1752" 
                    HPOS="1988.0"
                    VPOS="1711.0"
                    WIDTH="1053.0"
                    HEIGHT="89.0">
            <Shape><Polygon POINTS="1988 1745 2023 1714 2368 1725 2399 1711 2444 1728 2834 1711 3021 1718 3041 1749 3017 1787 2979 1794 2907 1794 2876 1776 2855 1790 2713 1783 2679 1800 2582 1773 2541 1794 2264 1780 2216 1797 2192 1783 2023 1790 1992 1759"/></Shape>
	    <String CONTENT="יביא התודה מן המעשר ולחמה מן החולים"
                    HPOS="1988.0"
                    VPOS="1711.0"
                    WIDTH="1053.0"
                    HEIGHT="89.0"></String>
          </TextLine>

          
          
          <TextLine ID="eSc_line_dab6eaf3"
                    
                    BASELINE="1999 1828 2149 1826 2952 1826 2998 1830 3030 1826" 
                    HPOS="1995.0"
                    VPOS="1769.0"
                    WIDTH="1033.0"
                    HEIGHT="111.0">
            <Shape><Polygon POINTS="1995 1825 2033 1790 2458 1794 2548 1790 2572 1769 2658 1797 2845 1794 2879 1776 2907 1797 3017 1790 3028 1825 3017 1863 2986 1869 2838 1866 2810 1838 2762 1863 2565 1849 2548 1863 2482 1863 2465 1880 2389 1863 2347 1876 2296 1856 2189 1863 2171 1845 2151 1859 2037 1863 1999 1825"/></Shape>
	    <String CONTENT="אף על פי שפירש לחמה מן המעשר אינו"
                    HPOS="1995.0"
                    VPOS="1769.0"
                    WIDTH="1033.0"
                    HEIGHT="111.0"></String>
          </TextLine>

          
          
          <TextLine ID="eSc_line_53b3c604"
                    
                    BASELINE="1997 1892 3053 1897" 
                    HPOS="1995.0"
                    VPOS="1842.0"
                    WIDTH="1057.0"
                    HEIGHT="96.0">
            <Shape><Polygon POINTS="1995 1890 2037 1866 2099 1876 2168 1856 2296 1863 2344 1887 2396 1869 2461 1890 2489 1866 2568 1849 2589 1863 2765 1866 2810 1842 2834 1866 2883 1869 2990 1869 3041 1852 3052 1894 3017 1935 2720 1938 2527 1932 2461 1894 2413 1935 2382 1932 2351 1900 2296 1935 2054 1935 1999 1894"/></Shape>
	    <String CONTENT="מביא אלא מן החולים ˙ ח&#39; יכול יביא"
                    HPOS="1995.0"
                    VPOS="1842.0"
                    WIDTH="1057.0"
                    HEIGHT="96.0"></String>
          </TextLine>

          
          
          <TextLine ID="eSc_line_1d253b73"
                    
                    BASELINE="1990 1959 2075 1959 2209 1966 3032 1966" 
                    HPOS="1988.0"
                    VPOS="1900.0"
                    WIDTH="1043.0"
                    HEIGHT="104.0">
            <Shape><Polygon POINTS="1988 1956 2030 1921 2299 1932 2351 1900 2385 1932 2496 1904 2527 1932 2561 1935 2993 1932 3021 1935 3031 1963 3021 2004 2889 2001 2862 1980 2841 2001 2779 2004 2696 1990 2651 2004 2627 1983 2603 2001 2565 1990 2517 2004 2427 1990 2133 2001 2116 1987 2071 2004 1995 1956"/></Shape>
	    <String CONTENT="מחיטי מעשר שיני תל&#39; לו&#39; שלמים אשר יקר&#39;"
                    HPOS="1988.0"
                    VPOS="1900.0"
                    WIDTH="1043.0"
                    HEIGHT="104.0"></String>
          </TextLine>

          
          
          <TextLine ID="eSc_line_dd613084"
                    
                    BASELINE="2004 2026 2169 2035 3048 2030" 
                    HPOS="2002.0"
                    VPOS="1983.0"
                    WIDTH="1043.0"
                    HEIGHT="100.0">
            <Shape><Polygon POINTS="2002 2025 2054 1987 2071 2004 2596 2004 2624 1983 2668 2007 2689 1994 2838 2007 2862 1983 2886 2004 3021 2007 3045 2028 3017 2076 2755 2063 2710 2083 2406 2076 2372 2063 2292 2076 2258 2063 2151 2066 2123 2080 2102 2059 2033 2059 2006 2032"/></Shape>
	    <String CONTENT="מה שלמים מן הלקוח בכסף מעשר אף [הלי&#39;]"
                    HPOS="2002.0"
                    VPOS="1983.0"
                    WIDTH="1043.0"
                    HEIGHT="100.0"></String>
          </TextLine>

          
          
          <TextLine ID="eSc_line_913b38e2"
                    
                    BASELINE="2004 2106 2620 2106 2671 2109 2694 2113 2993 2109 3058 2113" 
                    HPOS="2002.0"
                    VPOS="2059.0"
                    WIDTH="1053.0"
                    HEIGHT="107.0">
            <Shape><Polygon POINTS="2002 2104 2040 2059 2064 2073 2102 2059 2123 2080 2175 2070 2206 2090 2258 2063 2296 2097 2330 2066 2703 2087 2758 2059 2789 2076 2889 2083 3045 2066 3055 2111 3031 2152 2900 2156 2872 2142 2848 2166 2824 2149 2738 2163 2655 2145 2613 2163 2465 2135 2365 2145 2316 2104 2264 2139 2206 2128 2185 2149 2037 2149 2006 2118"/></Shape>
	    <String CONTENT="הלחם מן הלקוח בכסף מעשר ˙ ט&#39; מנ&#39; לאו&#39;"
                    HPOS="2002.0"
                    VPOS="2059.0"
                    WIDTH="1053.0"
                    HEIGHT="107.0"></String>
          </TextLine>

          
          
          <TextLine ID="eSc_line_e5d01cea"
                    
                    BASELINE="1992 2189 2547 2189 2604 2196 3051 2196" 
                    HPOS="1988.0"
                    VPOS="2132.0"
                    WIDTH="1060.0"
                    HEIGHT="103.0">
            <Shape><Polygon POINTS="1988 2187 2040 2152 2185 2152 2223 2132 2268 2152 2420 2152 2461 2135 2479 2149 2586 2149 2610 2163 2689 2145 2734 2163 2803 2152 2848 2166 2879 2142 2910 2159 3017 2159 3048 2194 3038 2228 3010 2235 2941 2221 2724 2228 2710 2214 2682 2228 2610 2218 2334 2232 2223 2225 2206 2208 2175 2228 2068 2225 1995 2187"/></Shape>
	    <String CONTENT="הרי עלי תודה לא יביא אלא מן החולים שנ&#39; [/]"
                    HPOS="1988.0"
                    VPOS="2132.0"
                    WIDTH="1060.0"
                    HEIGHT="103.0"></String>
          </TextLine>

          
          
          <TextLine ID="eSc_line_d828d604"
                    
                    BASELINE="2022 2254 2075 2260 2683 2258 2740 2265 3058 2260" 
                    HPOS="2019.0"
                    VPOS="2208.0"
                    WIDTH="1036.0"
                    HEIGHT="100.0">
            <Shape><Polygon POINTS="2019 2252 2033 2218 2175 2228 2202 2208 2220 2225 2347 2235 2610 2221 2675 2235 2703 2214 2748 2232 2941 2225 3038 2232 3055 2259 3045 2308 2751 2301 2731 2280 2682 2297 2592 2287 2575 2304 2544 2287 2451 2304 2351 2301 2302 2280 2282 2294 2133 2287 2044 2304 2023 2283"/></Shape>
	    <String CONTENT="וזבחת פסח לייי אהיך צאן ובקר והלא אין"
                    HPOS="2019.0"
                    VPOS="2208.0"
                    WIDTH="1036.0"
                    HEIGHT="100.0"></String>
          </TextLine>

          
          
          <TextLine ID="eSc_line_295beb90"
                    
                    BASELINE="2004 2329 2556 2327 2630 2334 3042 2334" 
                    HPOS="2002.0"
                    VPOS="2283.0"
                    WIDTH="1039.0"
                    HEIGHT="97.0">
            <Shape><Polygon POINTS="2002 2328 2026 2297 2126 2290 2686 2301 2727 2283 2748 2304 3017 2304 3041 2332 3024 2377 2941 2380 2924 2366 2610 2377 2403 2352 2320 2352 2302 2370 2168 2356 2054 2373 2009 2328"/></Shape>
	    <String CONTENT="הפסח בא אלא מן הכבשים ומן העזים אף"
                    HPOS="2002.0"
                    VPOS="2283.0"
                    WIDTH="1039.0"
                    HEIGHT="97.0"></String>
          </TextLine>

          
          
          <TextLine ID="eSc_line_562208be"
                    
                    BASELINE="1995 2398 2116 2396 2140 2403 2579 2401 2648 2408 3062 2408" 
                    HPOS="1992.0"
                    VPOS="2335.0"
                    WIDTH="1067.0"
                    HEIGHT="124.0">
            <Shape><Polygon POINTS="1992 2397 1995 2352 2012 2335 2050 2373 2119 2366 2147 2380 2164 2363 2299 2373 2320 2352 2347 2370 2399 2352 2620 2380 2921 2366 2965 2383 3031 2373 3059 2404 3024 2449 2952 2459 2720 2439 2520 2449 2441 2425 2261 2442 2144 2428 2102 2446 2033 2428 2002 2397"/></Shape>
	    <String CONTENT="כאן למה נאמ&#39; צאן ובקר אלא להקיש כל"
                    HPOS="1992.0"
                    VPOS="2335.0"
                    WIDTH="1067.0"
                    HEIGHT="124.0"></String>
          </TextLine>

          
          
          <TextLine ID="eSc_line_9cc9e483"
                    
                    BASELINE="1999 2470 2326 2470 2443 2477 2735 2474 2811 2481 3048 2477" 
                    HPOS="1995.0"
                    VPOS="2425.0"
                    WIDTH="1050.0"
                    HEIGHT="100.0">
            <Shape><Polygon POINTS="1995 2466 2040 2432 2106 2452 2151 2428 2261 2442 2437 2425 2458 2442 2606 2449 3034 2446 3045 2473 3024 2518 2865 2525 2755 2508 2717 2525 2499 2515 2468 2497 2413 2511 2396 2497 2175 2515 2144 2494 2047 2518 1999 2470"/></Shape>
	    <String CONTENT="הבא מן הצאן ומן הבקר לפסח מה פסח שֶ"
                    HPOS="1995.0"
                    VPOS="2425.0"
                    WIDTH="1050.0"
                    HEIGHT="100.0"></String>
          </TextLine>

          
          
          <TextLine ID="eSc_line_acb9d9ef"
                    
                    BASELINE="2013 2543 2593 2543 2632 2548 2731 2550 3053 2543" 
                    HPOS="2012.0"
                    VPOS="2497.0"
                    WIDTH="1040.0"
                    HEIGHT="100.0">
            <Shape><Polygon POINTS="2012 2542 2026 2508 2057 2521 2133 2497 2164 2515 2396 2501 2717 2528 2751 2515 2862 2528 3034 2518 3052 2542 3034 2587 2907 2584 2893 2597 2396 2570 2351 2580 2337 2566 2292 2584 2133 2570 2047 2584 2016 2556"/></Shape>
	    <String CONTENT="הוא בא בחובה אינו בא אלא מן החולים"
                    HPOS="2012.0"
                    VPOS="2497.0"
                    WIDTH="1040.0"
                    HEIGHT="100.0"></String>
          </TextLine>

          
          
          <TextLine ID="eSc_line_a30c8a53"
                    
                    BASELINE="2001 2615 2570 2612 2719 2619 3053 2615" 
                    HPOS="1999.0"
                    VPOS="2566.0"
                    WIDTH="1053.0"
                    HEIGHT="100.0">
            <Shape><Polygon POINTS="1999 2611 2026 2584 2278 2587 2323 2566 2354 2584 2458 2573 2889 2601 2907 2587 3038 2590 3052 2611 3031 2659 2993 2666 2872 2659 2855 2642 2813 2659 2689 2659 2634 2642 2278 2649 2261 2632 2230 2649 2157 2639 2026 2659 2002 2635"/></Shape>
	    <String CONTENT="אף כל דבר שהוא בא בחובה לא יבוא אלא"
                    HPOS="1999.0"
                    VPOS="2566.0"
                    WIDTH="1053.0"
                    HEIGHT="100.0"></String>
          </TextLine>

          
          
          <TextLine ID="eSc_line_59e1b2ae"
                    
                    BASELINE="2013 2688 3048 2693" 
                    HPOS="2012.0"
                    VPOS="2635.0"
                    WIDTH="1033.0"
                    HEIGHT="104.0">
            <Shape><Polygon POINTS="2012 2687 2054 2656 2123 2659 2157 2642 2227 2656 2258 2635 2278 2656 2582 2656 2630 2639 2648 2653 2751 2659 2858 2642 2896 2659 3034 2656 3045 2691 3034 2728 3003 2739 2927 2735 2910 2722 2727 2735 2713 2722 2641 2732 2513 2715 2468 2735 2320 2715 2271 2735 2244 2715 2199 2732 2106 2722 2040 2735 2016 2711"/></Shape>
	    <String CONTENT="מן החולים הרי עלי תודה והרי עלי שלמים"
                    HPOS="2012.0"
                    VPOS="2635.0"
                    WIDTH="1033.0"
                    HEIGHT="104.0"></String>
          </TextLine>

          
          
          <TextLine ID="eSc_line_3e2b9bd6"
                    
                    BASELINE="2018 2762 2199 2760 2301 2766 2556 2764 2754 2771 3048 2766" 
                    HPOS="2016.0"
                    VPOS="2711.0"
                    WIDTH="1029.0"
                    HEIGHT="100.0">
            <Shape><Polygon POINTS="2016 2760 2044 2732 2102 2722 2133 2742 2157 2722 2192 2732 2233 2715 2268 2732 2320 2718 2472 2732 2510 2711 2558 2732 2724 2739 2883 2735 2900 2722 2986 2742 3034 2732 3045 2763 3031 2804 2945 2804 2917 2787 2820 2811 2717 2797 2568 2804 2537 2791 2413 2797 2399 2784 2358 2797 2199 2797 2175 2773 2057 2801 2019 2763"/></Shape>
	    <String CONTENT="הואיל והן באים חובה לא יבואו אלא ˙˙ מן"
                    HPOS="2016.0"
                    VPOS="2711.0"
                    WIDTH="1029.0"
                    HEIGHT="100.0"></String>
          </TextLine>

          
          
          <TextLine ID="eSc_line_f97ddee1"
                    
                    BASELINE="2027 2826 2103 2824 2156 2831 2648 2829 2770 2835 3065 2835" 
                    HPOS="2026.0"
                    VPOS="2773.0"
                    WIDTH="1036.0"
                    HEIGHT="125.0">
            <Shape><Polygon POINTS="2026 2825 2040 2787 2116 2804 2168 2773 2195 2797 2358 2797 2399 2784 2420 2801 2537 2791 2572 2808 2824 2811 2921 2787 2941 2804 3052 2794 3062 2832 3052 2891 2993 2870 2948 2898 2921 2873 2876 2884 2862 2870 2769 2870 2755 2856 2582 2887 2520 2880 2489 2856 2461 2873 2434 2849 2382 2846 2306 2877 2237 2849 2182 2870 2092 2870 2075 2887 2030 2877"/></Shape>
	    <String CONTENT="החולים הנסכים בכל מקום לא יבואו אלא מן"
                    HPOS="2026.0"
                    VPOS="2773.0"
                    WIDTH="1036.0"
                    HEIGHT="125.0"></String>
          </TextLine>

          
          
          <TextLine ID="eSc_line_5e2a2d70"
                    
                    BASELINE="2199 2893 2528 2893 2581 2900 2685 2898 2795 2904 2903 2904" 
                    HPOS="2195.0"
                    VPOS="2849.0"
                    WIDTH="705.0"
                    HEIGHT="90.0">
            <Shape><Polygon POINTS="2195 2891 2199 2863 2227 2853 2278 2887 2306 2887 2378 2849 2406 2866 2434 2853 2465 2880 2489 2860 2555 2894 2755 2856 2775 2873 2858 2870 2900 2901 2855 2939 2706 2939 2627 2898 2555 2898 2472 2939 2410 2908 2378 2935 2289 2901 2251 2929 2199 2915"/></Shape>
	    <String CONTENT="החולים ˙ פרק ˙ ב&#39; ˙"
                    HPOS="2195.0"
                    VPOS="2849.0"
                    WIDTH="705.0"
                    HEIGHT="90.0"></String>
          </TextLine>

          
          
          <TextLine ID="eSc_line_25512d8f"
                    
                    BASELINE="1999 2948 2080 2955 2183 2953 2319 2960 2464 2957 2558 2964 2970 2964 3021 2960 3051 2962" 
                    HPOS="1995.0"
                    VPOS="2908.0"
                    WIDTH="1053.0"
                    HEIGHT="103.0">
            <Shape><Polygon POINTS="1995 2946 2002 2911 2171 2911 2216 2932 2320 2908 2382 2932 2420 2908 2468 2939 2530 2915 2603 2932 2665 2925 2706 2942 3041 2922 3048 2960 3038 3004 2779 3011 2641 3008 2624 2994 2572 3008 2534 2987 2099 2998 2071 2980 2030 2991 1999 2960"/></Shape>
	    <String CONTENT="מה הוא או&#39; תודה יקריב מנ&#39; אתה או&#39; המפריש"
                    HPOS="1995.0"
                    VPOS="2908.0"
                    WIDTH="1053.0"
                    HEIGHT="103.0"></String>
          </TextLine>

          
          
          <TextLine ID="eSc_line_21cb51e4"
                    
                    BASELINE="2018 3024 2130 3022 2259 3029 2342 3026 2482 3033 2558 3031 2708 3038 3048 3033" 
                    HPOS="2016.0"
                    VPOS="2984.0"
                    WIDTH="1029.0"
                    HEIGHT="96.0">
            <Shape><Polygon POINTS="2016 3022 2030 2994 2071 2984 2099 2998 2530 2991 2572 3008 2613 2998 2686 3011 3034 3004 3045 3032 3034 3077 2769 3080 2389 3056 2047 3067 2019 3039"/></Shape>
	    <String CONTENT="תודתו ואבדה והפריש אחרת תחתיה ואחר"
                    HPOS="2016.0"
                    VPOS="2984.0"
                    WIDTH="1029.0"
                    HEIGHT="96.0"></String>
          </TextLine>

          
          
          <TextLine ID="eSc_line_a7234840"
                    
                    BASELINE="2022 3095 2151 3095 2360 3102 2457 3100 2616 3107 3053 3107" 
                    HPOS="2019.0"
                    VPOS="3056.0"
                    WIDTH="1033.0"
                    HEIGHT="97.0">
            <Shape><Polygon POINTS="2019 3094 2044 3063 2385 3056 2568 3060 2655 3080 3045 3077 3052 3105 3041 3139 3003 3153 2979 3136 2662 3149 2434 3136 2396 3118 2247 3149 2216 3125 2037 3132 2023 3118"/></Shape>
	    <String CONTENT="כך נמצאת הראשונה והרי שתיהן עומדות"
                    HPOS="2019.0"
                    VPOS="3056.0"
                    WIDTH="1033.0"
                    HEIGHT="97.0"></String>
          </TextLine>

          
          
          <TextLine ID="eSc_line_796271ed"
                    
                    BASELINE="2013 3164 2192 3164 2312 3171 2547 3169 2595 3176 3055 3171" 
                    HPOS="2012.0"
                    VPOS="3122.0"
                    WIDTH="1040.0"
                    HEIGHT="100.0">
            <Shape><Polygon POINTS="2012 3163 2030 3129 2251 3146 2413 3122 2447 3139 2727 3153 3041 3142 3052 3170 3041 3205 2941 3222 2917 3201 2893 3215 2637 3215 2603 3201 2506 3211 2479 3184 2451 3208 2416 3191 2399 3201 2378 3180 2347 3205 2175 3191 2016 3208"/></Shape>
	    <String CONTENT="מנין שיביא אי זו מהן שירצה ויביא עימה"
                    HPOS="2012.0"
                    VPOS="3122.0"
                    WIDTH="1040.0"
                    HEIGHT="100.0"></String>
          </TextLine>

          
          
          <TextLine ID="eSc_line_0a24c375"
                    
                    BASELINE="2013 3236 2252 3245 3074 3240" 
                    HPOS="2012.0"
                    VPOS="3198.0"
                    WIDTH="1060.0"
                    HEIGHT="100.0">
            <Shape><Polygon POINTS="2012 3232 2019 3211 2047 3201 2144 3211 2227 3198 2271 3211 2392 3198 2434 3215 2451 3198 2489 3198 2506 3215 2986 3218 3007 3198 3034 3198 3072 3239 3062 3270 2990 3298 2893 3298 2862 3284 2851 3294 2824 3277 2772 3291 2755 3274 2599 3298 2579 3277 2530 3270 2468 3270 2430 3294 2399 3270 2354 3270 2334 3291 2299 3270 2147 3270 2106 3298 2016 3298"/></Shape>
	    <String CONTENT="לחם והשניה תבוא שלא בלחם תל&#39; לו&#39; תודה"
                    HPOS="2012.0"
                    VPOS="3198.0"
                    WIDTH="1060.0"
                    HEIGHT="100.0"></String>
          </TextLine>

          
        </TextBlock>
        
        <TextBlock HPOS="671.0"
                   VPOS="685.0"
                   WIDTH="1127.0"
                   HEIGHT="2583.0"
                   ID="eSc_textblock_f955d7a1"
                   TAGREFS="BT2">
          <Shape><Polygon POINTS="671 685 724 3268 1798 3268 1778 685"/></Shape>
          
          
          <TextLine ID="eSc_line_d6a7d44c"
                    
                    BASELINE="688 747 717 752 1265 745 1288 747 1746 738" 
                    HPOS="687.0"
                    VPOS="693.0"
                    WIDTH="1056.0"
                    HEIGHT="103.0">
            <Shape><Polygon POINTS="687 745 690 714 721 700 776 700 804 717 832 700 890 714 918 696 1059 696 1091 710 1108 693 1187 710 1267 710 1280 696 1315 710 1353 693 1377 707 1705 696 1733 703 1743 734 1733 765 1684 783 1636 765 1612 779 1553 765 1529 786 1457 769 1436 783 1332 769 1315 786 1201 772 1184 790 1001 783 870 796 835 796 818 779 735 793 690 779"/></Shape>
	    <String CONTENT="יקריב יכול יהו שתיהן טעונות לחם תל&#39; לו&#39;"
                    HPOS="687.0"
                    VPOS="693.0"
                    WIDTH="1056.0"
                    HEIGHT="103.0"></String>
          </TextLine>

          
          
          <TextLine ID="eSc_line_e349628e"
                    
                    BASELINE="697 816 1198 821 1424 818 1470 814 1626 816 1741 807" 
                    HPOS="693.0"
                    VPOS="772.0"
                    WIDTH="1047.0"
                    HEIGHT="100.0">
            <Shape><Polygon POINTS="693 814 707 790 731 796 794 776 825 793 1173 790 1201 772 1225 793 1716 776 1740 803 1726 831 1678 855 1626 838 1564 855 1519 841 1495 855 1384 845 1360 859 1339 841 1318 859 1025 862 994 841 980 855 731 859 697 872"/></Shape>
	    <String CONTENT="יקריבנו אחת טעונה לחם ואין שתים טעונות"
                    HPOS="693.0"
                    VPOS="772.0"
                    WIDTH="1047.0"
                    HEIGHT="100.0"></String>
          </TextLine>

          
          
          <TextLine ID="eSc_line_3bc6d69e"
                    
                    BASELINE="697 887 754 894 1007 892 1182 894 1260 887 1675 890 1746 880" 
                    HPOS="693.0"
                    VPOS="838.0"
                    WIDTH="1050.0"
                    HEIGHT="96.0">
            <Shape><Polygon POINTS="693 886 725 859 980 859 997 845 1032 865 1312 865 1332 848 1360 865 1384 848 1495 862 1522 845 1574 883 1598 859 1678 859 1698 838 1716 838 1743 879 1722 928 1626 928 1574 890 1522 931 1350 917 1263 934 1208 931 1191 914 1160 931 1035 931 963 928 939 910 908 928 870 914 807 928 766 917 735 934 697 924"/></Shape>
	    <String CONTENT="לחם ˙ ב&#39; ומנ&#39; לרבות את הוולדות ˙˙ ואת"
                    HPOS="693.0"
                    VPOS="838.0"
                    WIDTH="1050.0"
                    HEIGHT="96.0"></String>
          </TextLine>

          
          
          <TextLine ID="eSc_line_9ce33f40"
                    
                    BASELINE="711 963 1208 968 1332 961 1479 963 1550 956 1751 959" 
                    HPOS="707.0"
                    VPOS="914.0"
                    WIDTH="1043.0"
                    HEIGHT="100.0">
            <Shape><Polygon POINTS="707 962 769 921 921 931 939 914 973 934 1042 938 1163 931 1191 914 1215 934 1356 914 1722 924 1750 955 1709 1003 1529 1003 1477 986 1425 1003 1353 997 1336 979 1312 1000 1298 990 1260 1007 911 997 866 1014 731 1014 711 993"/></Shape>
	    <String CONTENT="התמורות תל&#39; לו&#39; אם על תודה יכול יהו כולם"
                    HPOS="707.0"
                    VPOS="914.0"
                    WIDTH="1043.0"
                    HEIGHT="100.0"></String>
          </TextLine>

          
          
          <TextLine ID="eSc_line_f7819b08"
                    
                    BASELINE="688 1046 961 1051 1058 1044 1178 1044 1214 1039 1744 1039" 
                    HPOS="687.0"
                    VPOS="983.0"
                    WIDTH="1056.0"
                    HEIGHT="107.0">
            <Shape><Polygon POINTS="687 1045 721 1007 1211 1010 1315 1000 1332 983 1425 1007 1470 986 1495 1003 1733 1003 1743 1038 1733 1069 1657 1079 1574 1069 1474 1079 1453 1066 1350 1079 1318 1059 1284 1079 1198 1069 1077 1083 1053 1069 1015 1086 807 1086 766 1072 745 1090 697 1048"/></Shape>
	    <String CONTENT="טעונות לחם תל&#39; לו&#39; תודה תודה טעונה"
                    HPOS="687.0"
                    VPOS="983.0"
                    WIDTH="1056.0"
                    HEIGHT="107.0"></String>
          </TextLine>

          
          
          <TextLine ID="eSc_line_91dac8f1"
                    
                    BASELINE="701 1113 809 1113 934 1120 1099 1117 1224 1120 1369 1113 1636 1115 1728 1108" 
                    HPOS="700.0"
                    VPOS="1059.0"
                    WIDTH="1026.0"
                    HEIGHT="96.0">
            <Shape><Polygon POINTS="700 1110 721 1083 749 1090 769 1076 839 1090 1008 1090 1053 1069 1101 1086 1201 1069 1277 1083 1322 1059 1367 1083 1446 1066 1474 1083 1546 1083 1560 1069 1657 1083 1716 1066 1726 1107 1716 1145 1671 1152 1508 1148 1488 1131 1436 1148 1129 1155 1022 1155 997 1135 973 1152 828 1152 804 1128 752 1155 707 1110"/></Shape>
	    <String CONTENT="לחם ולא וולדה ולא חליפה ולא תמורתה"
                    HPOS="700.0"
                    VPOS="1059.0"
                    WIDTH="1026.0"
                    HEIGHT="96.0"></String>
          </TextLine>

          
          
          <TextLine ID="eSc_line_019d2f32"
                    
                    BASELINE="683 1177 782 1177 899 1184 1033 1177 1422 1179 1465 1175 1548 1175 1688 1179 1751 1173" 
                    HPOS="680.0"
                    VPOS="1124.0"
                    WIDTH="1070.0"
                    HEIGHT="100.0">
            <Shape><Polygon POINTS="680 1176 714 1124 752 1155 794 1128 828 1152 977 1152 997 1138 1018 1155 1111 1145 1132 1159 1187 1145 1398 1152 1491 1135 1505 1148 1716 1145 1750 1173 1716 1210 1688 1217 1425 1217 1401 1197 1374 1217 1322 1221 1267 1204 1170 1217 925 1207 794 1224 731 1217 690 1176"/></Shape>
	    <String CONTENT="טעונות לחם והקריב על זבח לחייב על כל"
                    HPOS="680.0"
                    VPOS="1124.0"
                    WIDTH="1070.0"
                    HEIGHT="100.0"></String>
          </TextLine>

          
          
          <TextLine ID="eSc_line_255e451a"
                    
                    BASELINE="692 1248 1544 1253 1748 1246" 
                    HPOS="690.0"
                    VPOS="1197.0"
                    WIDTH="1057.0"
                    HEIGHT="107.0">
            <Shape><Polygon POINTS="690 1245 725 1221 797 1231 928 1207 956 1221 1132 1210 1370 1224 1401 1200 1422 1221 1491 1221 1695 1217 1736 1197 1747 1245 1733 1279 1684 1290 1536 1290 1488 1276 1425 1297 1318 1279 1294 1300 1274 1286 970 1283 890 1297 797 1286 738 1304 693 1266"/></Shape>
	    <String CONTENT="זבח וזבח והלא דין הוא מה אם במקום שֶ"
                    HPOS="690.0"
                    VPOS="1197.0"
                    WIDTH="1057.0"
                    HEIGHT="107.0"></String>
          </TextLine>

          
          
          <TextLine ID="eSc_line_9992b84e"
                    
                    BASELINE="699 1322 1208 1327 1297 1320 1468 1324 1491 1322 1518 1327 1718 1327 1746 1317" 
                    HPOS="697.0"
                    VPOS="1276.0"
                    WIDTH="1046.0"
                    HEIGHT="90.0">
            <Shape><Polygon POINTS="697 1321 721 1293 769 1290 797 1304 842 1286 1236 1286 1298 1300 1318 1283 1436 1293 1491 1276 1526 1290 1733 1290 1743 1314 1719 1359 1650 1348 1605 1366 1553 1352 1432 1362 1384 1345 1353 1362 1028 1366 894 1352 842 1366 794 1335 725 1366 700 1342"/></Shape>
	    <String CONTENT="מיעט בלחם ריבה בכבשים כן [שמיעט] שֶ"
                    HPOS="697.0"
                    VPOS="1276.0"
                    WIDTH="1046.0"
                    HEIGHT="90.0"></String>
          </TextLine>

          
          
          <TextLine ID="eSc_line_0562fce1"
                    
                    BASELINE="715 1391 1341 1389 1366 1396 1440 1391 1493 1393 1587 1389 1753 1389" 
                    HPOS="714.0"
                    VPOS="1338.0"
                    WIDTH="1036.0"
                    HEIGHT="107.0">
            <Shape><Polygon POINTS="714 1390 718 1369 790 1338 839 1366 914 1352 1028 1366 1460 1366 1550 1352 1591 1369 1716 1362 1750 1386 1709 1435 1633 1438 1484 1424 1353 1435 1329 1411 1270 1442 1232 1421 1142 1414 1108 1431 845 1424 797 1445 776 1424 718 1424"/></Shape>
	    <String CONTENT="ריבה בלחם אינו דין שירבה בכבשים תל&#39; לו&#39;"
                    HPOS="714.0"
                    VPOS="1338.0"
                    WIDTH="1036.0"
                    HEIGHT="107.0"></String>
          </TextLine>

          
          
          <TextLine ID="eSc_line_ea2eea56"
                    
                    BASELINE="688 1469 952 1467 975 1474 1000 1474 1030 1469 1111 1467 1751 1469" 
                    HPOS="687.0"
                    VPOS="1411.0"
                    WIDTH="1063.0"
                    HEIGHT="107.0">
            <Shape><Polygon POINTS="687 1466 749 1428 814 1459 839 1435 1046 1431 1059 1417 1115 1428 1142 1411 1180 1431 1232 1421 1253 1438 1325 1414 1356 1438 1457 1424 1498 1438 1688 1428 1719 1431 1750 1466 1729 1507 1650 1518 1608 1504 1477 1514 1415 1497 1377 1511 1149 1511 1087 1507 1063 1490 1035 1507 859 1511 807 1466 769 1500 725 1514 690 1480"/></Shape>
	    <String CONTENT="והקריב על זבח לחייב על כל זבח וזבח ˙ ג&#39;"
                    HPOS="687.0"
                    VPOS="1411.0"
                    WIDTH="1063.0"
                    HEIGHT="107.0"></String>
          </TextLine>

          
          
          <TextLine ID="eSc_line_8d4ea5f4"
                    
                    BASELINE="674 1545 754 1552 777 1547 881 1545 1693 1545" 
                    HPOS="673.0"
                    VPOS="1483.0"
                    WIDTH="1018.0"
                    HEIGHT="114.0">
            <Shape><Polygon POINTS="673 1542 711 1511 731 1518 790 1483 828 1511 1032 1511 1056 1493 1087 1511 1615 1507 1660 1514 1691 1542 1660 1580 1581 1590 1467 1576 787 1576 725 1580 707 1597 676 1566"/></Shape>
	    <String CONTENT="והקריב על זבח התודה חלות מצות בלולות"
                    HPOS="673.0"
                    VPOS="1483.0"
                    WIDTH="1018.0"
                    HEIGHT="114.0"></String>
          </TextLine>

          
          
          <TextLine ID="eSc_line_9782a461"
                    
                    BASELINE="688 1614 1735 1614" 
                    HPOS="687.0"
                    VPOS="1573.0"
                    WIDTH="1046.0"
                    HEIGHT="93.0">
            <Shape><Polygon POINTS="687 1611 728 1583 1577 1597 1702 1573 1726 1573 1733 1611 1716 1656 1595 1666 1526 1649 1501 1662 1405 1649 1256 1659 1236 1645 966 1652 952 1638 914 1666 887 1649 738 1659 693 1618"/></Shape>
	    <String CONTENT="בשמן ורקיקי מצות משוחים בשמן מה ת&#39; ל&#39;"
                    HPOS="687.0"
                    VPOS="1573.0"
                    WIDTH="1046.0"
                    HEIGHT="93.0"></String>
          </TextLine>

          
          
          <TextLine ID="eSc_line_dd01e435"
                    
                    BASELINE="692 1683 1629 1683 1652 1688 1721 1688 1751 1681" 
                    HPOS="690.0"
                    VPOS="1635.0"
                    WIDTH="1060.0"
                    HEIGHT="103.0">
            <Shape><Polygon POINTS="690 1680 711 1649 842 1645 911 1662 946 1635 987 1652 1232 1642 1249 1656 1526 1649 1574 1666 1605 1652 1716 1652 1750 1680 1722 1721 1702 1725 1584 1728 1564 1707 1398 1721 1208 1707 1142 1725 1115 1700 1059 1721 1008 1711 873 1725 842 1707 731 1738 693 1731"/></Shape>
	    <String CONTENT="בשמן שני פעמ&#39; אמ&#39; ר&#39; עקיבה אילו נאמ&#39; בשמן"
                    HPOS="690.0"
                    VPOS="1635.0"
                    WIDTH="1060.0"
                    HEIGHT="103.0"></String>
          </TextLine>

          
          
          <TextLine ID="eSc_line_ebae1fba"
                    
                    BASELINE="713 1752 1744 1752" 
                    HPOS="711.0"
                    VPOS="1704.0"
                    WIDTH="1032.0"
                    HEIGHT="93.0">
            <Shape><Polygon POINTS="711 1749 845 1711 873 1728 1011 1714 1066 1725 1118 1704 1146 1728 1211 1714 1733 1725 1743 1749 1733 1790 1691 1797 1249 1780 731 1797 718 1783"/></Shape>
	    <String CONTENT="אחד הייתי או&#39; הרי היא כל המנ&#39; אחת ללוג"
                    HPOS="711.0"
                    VPOS="1704.0"
                    WIDTH="1032.0"
                    HEIGHT="93.0"></String>
          </TextLine>

          
          
          <TextLine ID="eSc_line_990cd650"
                    
                    BASELINE="701 1828 1730 1823" 
                    HPOS="700.0"
                    VPOS="1780.0"
                    WIDTH="1029.0"
                    HEIGHT="93.0">
            <Shape><Polygon POINTS="700 1825 704 1780 721 1794 963 1780 1719 1794 1729 1821 1712 1866 1626 1869 1398 1859 1339 1873 1249 1852 1198 1869 1163 1838 1115 1859 1070 1852 1004 1869 942 1852 828 1873 790 1859 742 1869 704 1845"/></Shape>
	    <String CONTENT="כשהוא או&#39; בשמן בשמן שני פעמ&#39; שאין ריבוי"
                    HPOS="700.0"
                    VPOS="1780.0"
                    WIDTH="1029.0"
                    HEIGHT="93.0"></String>
          </TextLine>

          
          
          <TextLine ID="eSc_line_2be3423c"
                    
                    BASELINE="708 1902 929 1902 964 1897 1118 1895 1548 1897 1578 1892 1758 1892" 
                    HPOS="707.0"
                    VPOS="1842.0"
                    WIDTH="1050.0"
                    HEIGHT="103.0">
            <Shape><Polygon POINTS="707 1900 725 1866 787 1859 842 1873 887 1859 918 1890 952 1856 1001 1883 1018 1866 1132 1859 1160 1842 1194 1869 1236 1849 1339 1869 1733 1859 1757 1890 1729 1925 1667 1932 1598 1932 1577 1911 1543 1932 1419 1918 1280 1928 1267 1914 1205 1932 1073 1918 1049 1928 1008 1904 963 1932 921 1900 880 1935 835 1914 811 1935 711 1945"/></Shape>
	    <String CONTENT="אחר ריבוי בתורה אלא למעט ˙ ד&#39; מיעטה"
                    HPOS="707.0"
                    VPOS="1842.0"
                    WIDTH="1050.0"
                    HEIGHT="103.0"></String>
          </TextLine>

          
          
          <TextLine ID="eSc_line_ab084135"
                    
                    BASELINE="706 1966 1000 1966 1072 1959 1332 1959 1433 1966 1755 1961" 
                    HPOS="704.0"
                    VPOS="1904.0"
                    WIDTH="1049.0"
                    HEIGHT="103.0">
            <Shape><Polygon POINTS="704 1963 725 1938 814 1935 839 1914 887 1935 918 1904 963 1932 1004 1911 1087 1932 1236 1932 1267 1918 1280 1932 1419 1921 1439 1935 1546 1935 1577 1914 1602 1938 1657 1938 1709 1921 1753 1959 1722 2004 1695 2007 1622 2007 1602 1994 1450 2004 1432 1987 1367 1987 1336 2004 1301 1990 1225 1997 1205 1980 1149 1997 1104 1987 773 2001 718 1963"/></Shape>
	    <String CONTENT="לחצי לוג יכול ישתלש חצי לוג זה לשלשת"
                    HPOS="704.0"
                    VPOS="1904.0"
                    WIDTH="1049.0"
                    HEIGHT="103.0"></String>
          </TextLine>

          
          
          <TextLine ID="eSc_line_5fba20d3"
                    
                    BASELINE="701 2028 1072 2028 1187 2035 1737 2030" 
                    HPOS="700.0"
                    VPOS="1980.0"
                    WIDTH="1036.0"
                    HEIGHT="103.0">
            <Shape><Polygon POINTS="700 2025 759 1994 1163 1997 1205 1980 1229 2004 1298 1987 1343 2001 1367 1983 1498 2007 1712 2004 1736 2028 1726 2076 1712 2080 1653 2059 1636 2073 1560 2066 1536 2080 1457 2063 1412 2083 1343 2063 1253 2076 1194 2056 1177 2070 1160 2052 1132 2076 1008 2059 942 2073 742 2073 704 2035"/></Shape>
	    <String CONTENT="המינים האילו לחלות לרקיקים ולרבוכה ת&#39; ל&#39;"
                    HPOS="700.0"
                    VPOS="1980.0"
                    WIDTH="1036.0"
                    HEIGHT="103.0"></String>
          </TextLine>

          
          
          <TextLine ID="eSc_line_4fae935c"
                    
                    BASELINE="704 2109 1739 2109" 
                    HPOS="700.0"
                    VPOS="2059.0"
                    WIDTH="1036.0"
                    HEIGHT="107.0">
            <Shape><Polygon POINTS="700 2107 725 2076 1011 2066 1139 2080 1160 2059 1180 2076 1208 2059 1256 2083 1343 2066 1405 2087 1457 2070 1612 2083 1660 2059 1684 2080 1729 2080 1736 2107 1729 2149 1695 2152 1263 2152 1229 2139 1184 2152 1139 2139 1008 2142 966 2166 914 2139 763 2145 735 2166 707 2139"/></Shape>
	    <String CONTENT="סולת מורבכת חלות בלולת בשמן ריבה שאין"
                    HPOS="700.0"
                    VPOS="2059.0"
                    WIDTH="1036.0"
                    HEIGHT="107.0"></String>
          </TextLine>

          
          
          <TextLine ID="eSc_line_4db9c8e6"
                    
                    BASELINE="701 2187 1764 2182" 
                    HPOS="700.0"
                    VPOS="2135.0"
                    WIDTH="1060.0"
                    HEIGHT="93.0">
            <Shape><Polygon POINTS="700 2183 763 2142 839 2142 880 2176 918 2139 970 2166 1004 2142 1115 2149 1139 2135 1170 2152 1218 2139 1263 2156 1726 2152 1760 2180 1736 2228 1612 2214 1239 2225 1184 2221 1167 2204 1135 2218 1004 2221 973 2197 942 2221 911 2221 880 2190 845 2221 749 2221 704 2183"/></Shape>
	    <String CONTENT="ריבוי אחר מיעוט אלא לרבות ˙ ה&#39; כיצד"
                    HPOS="700.0"
                    VPOS="2135.0"
                    WIDTH="1060.0"
                    HEIGHT="93.0"></String>
          </TextLine>

          
          
          <TextLine ID="eSc_line_4c5f1017"
                    
                    BASELINE="699 2251 1288 2249 1369 2254 1454 2251 1509 2256 1622 2254 1737 2260 1764 2251" 
                    HPOS="697.0"
                    VPOS="2201.0"
                    WIDTH="1063.0"
                    HEIGHT="96.0">
            <Shape><Polygon POINTS="697 2249 731 2218 946 2221 970 2201 997 2221 1129 2221 1163 2204 1180 2221 1298 2214 1353 2228 1702 2221 1760 2249 1740 2290 1650 2297 1401 2297 1294 2277 966 2287 949 2270 852 2290 801 2270 738 2283 700 2249"/></Shape>
	    <String CONTENT="הוא עושה נתן רביעית לרבוכה ורביעית"
                    HPOS="697.0"
                    VPOS="2201.0"
                    WIDTH="1063.0"
                    HEIGHT="96.0"></String>
          </TextLine>

          
          
          <TextLine ID="eSc_line_2fdc27b6"
                    
                    BASELINE="715 2316 1382 2313 1472 2320 1767 2320" 
                    HPOS="714.0"
                    VPOS="2270.0"
                    WIDTH="1050.0"
                    HEIGHT="93.0">
            <Shape><Polygon POINTS="714 2314 728 2280 794 2270 859 2290 925 2287 949 2270 966 2287 1180 2277 1398 2297 1729 2287 1764 2318 1736 2359 1491 2363 1439 2346 1394 2359 1363 2342 1332 2356 1239 2342 1146 2352 1087 2339 997 2363 970 2346 718 2342"/></Shape>
	    <String CONTENT="לשני מינים ורביעית שהוא נותן לשני מינים"
                    HPOS="714.0"
                    VPOS="2270.0"
                    WIDTH="1050.0"
                    HEIGHT="93.0"></String>
          </TextLine>

          
          
          <TextLine ID="eSc_line_cb6d4cd2"
                    
                    BASELINE="720 2385 819 2394 1764 2389" 
                    HPOS="718.0"
                    VPOS="2339.0"
                    WIDTH="1042.0"
                    HEIGHT="107.0">
            <Shape><Polygon POINTS="718 2383 752 2346 949 2346 1001 2363 1025 2349 1066 2359 1097 2339 1149 2359 1229 2346 1305 2363 1353 2346 1391 2359 1439 2346 1460 2366 1716 2356 1760 2387 1733 2435 1667 2432 1650 2446 1581 2428 1360 2435 1246 2421 1056 2425 1039 2439 1015 2425 977 2435 959 2421 921 2432 866 2418 721 2432"/></Shape>
	    <String CONTENT="נותן מחצה לחלות ומחצה לרקיקים ר&#39; שמע&#39;"
                    HPOS="718.0"
                    VPOS="2339.0"
                    WIDTH="1042.0"
                    HEIGHT="107.0"></String>
          </TextLine>

          
          
          <TextLine ID="eSc_line_0a60ff31"
                    
                    BASELINE="697 2465 1631 2465 1746 2470" 
                    HPOS="693.0"
                    VPOS="2421.0"
                    WIDTH="1050.0"
                    HEIGHT="97.0">
            <Shape><Polygon POINTS="693 2463 773 2425 1042 2439 1059 2425 1225 2435 1436 2421 1481 2435 1733 2435 1743 2466 1733 2508 1698 2518 1671 2497 1584 2508 1567 2490 1087 2501 1070 2484 1049 2501 1011 2484 935 2504 873 2490 856 2508 825 2484 787 2515 766 2494 731 2504 697 2470"/></Shape>
	    <String CONTENT="בן יהוד&#39; או&#39; מש&#39; ר&#39; שמע&#39; מושיח את הרקיקים"
                    HPOS="693.0"
                    VPOS="2421.0"
                    WIDTH="1050.0"
                    HEIGHT="97.0"></String>
          </TextLine>

          
          
          <TextLine ID="eSc_line_8fcda546"
                    
                    BASELINE="706 2534 1668 2534 1735 2539 1762 2534" 
                    HPOS="704.0"
                    VPOS="2484.0"
                    WIDTH="1056.0"
                    HEIGHT="100.0">
            <Shape><Polygon POINTS="704 2532 763 2494 790 2518 825 2484 852 2511 873 2490 908 2508 984 2501 1004 2484 1042 2501 1066 2487 1084 2501 1671 2497 1695 2518 1733 2508 1760 2532 1722 2580 1660 2566 1633 2584 1608 2570 1391 2566 1374 2553 1267 2573 1215 2559 769 2570 711 2532"/></Shape>
	    <String CONTENT="כמין כי ומחזיר את השאר לחלות אמ&#39; לו ר&#39;"
                    HPOS="704.0"
                    VPOS="2484.0"
                    WIDTH="1056.0"
                    HEIGHT="100.0"></String>
          </TextLine>

          
          
          <TextLine ID="eSc_line_8575dde4"
                    
                    BASELINE="713 2599 1300 2599 1350 2605 1500 2603 1578 2610 1705 2608 1758 2615" 
                    HPOS="711.0"
                    VPOS="2556.0"
                    WIDTH="1046.0"
                    HEIGHT="100.0">
            <Shape><Polygon POINTS="711 2597 752 2559 866 2573 1184 2559 1267 2577 1287 2559 1343 2570 1374 2556 1394 2570 1629 2584 1684 2566 1705 2584 1743 2577 1757 2611 1729 2646 1574 2639 1539 2656 1512 2628 1453 2649 1405 2625 1370 2642 1294 2642 1253 2622 1211 2639 928 2625 769 2646 718 2597"/></Shape>
	    <String CONTENT="אלעזר בן עזריה לר&#39; עקיבה אפילו אתה"
                    HPOS="711.0"
                    VPOS="2556.0"
                    WIDTH="1046.0"
                    HEIGHT="100.0"></String>
          </TextLine>

          
          
          <TextLine ID="eSc_line_8ef454a5"
                    
                    BASELINE="729 2677 1090 2677 1143 2684 1753 2684" 
                    HPOS="728.0"
                    VPOS="2628.0"
                    WIDTH="1022.0"
                    HEIGHT="111.0">
            <Shape><Polygon POINTS="728 2673 752 2639 773 2649 928 2628 1015 2646 1115 2628 1163 2673 1232 2673 1267 2639 1343 2635 1391 2656 1422 2639 1467 2653 1508 2628 1536 2656 1570 2642 1740 2642 1750 2680 1740 2718 1305 2715 1274 2739 1198 2680 1156 2684 1122 2718 1097 2704 1042 2718 980 2704 821 2711 804 2694 787 2708 731 2701"/></Shape>
	    <String CONTENT="מרבי בכל היום בשמן לרבות ובשמן [/]"
                    HPOS="728.0"
                    VPOS="2628.0"
                    WIDTH="1022.0"
                    HEIGHT="111.0"></String>
          </TextLine>

          
          
          <TextLine ID="eSc_line_e01cc564"
                    
                    BASELINE="711 2746 821 2746 851 2753 1396 2750 1426 2757 1767 2757" 
                    HPOS="707.0"
                    VPOS="2697.0"
                    WIDTH="1057.0"
                    HEIGHT="97.0">
            <Shape><Polygon POINTS="707 2742 804 2697 818 2711 1042 2718 1094 2704 1135 2742 1187 2742 1208 2722 1229 2742 1274 2742 1298 2718 1343 2715 1457 2732 1508 2718 1733 2715 1753 2718 1764 2756 1747 2787 1709 2794 1615 2794 1588 2770 1567 2787 1481 2791 1457 2773 1422 2787 1356 2787 1336 2773 1280 2787 1242 2753 1229 2766 1211 2749 1142 2749 1104 2787 1091 2773 1070 2784 1046 2760 1011 2777 918 2784 828 2770 735 2794 711 2777"/></Shape>
	    <String CONTENT="למעט איני שומע לך אלא חצי לוג"
                    HPOS="707.0"
                    VPOS="2697.0"
                    WIDTH="1057.0"
                    HEIGHT="97.0"></String>
          </TextLine>

          
          
          <TextLine ID="eSc_line_f4a421b7"
                    
                    BASELINE="734 2808 763 2806 812 2812 1281 2810 1355 2817 1544 2815 1599 2822 1746 2817" 
                    HPOS="731.0"
                    VPOS="2763.0"
                    WIDTH="1012.0"
                    HEIGHT="100.0">
            <Shape><Polygon POINTS="731 2804 752 2780 970 2784 1046 2763 1118 2808 1156 2808 1191 2787 1222 2808 1256 2773 1277 2791 1425 2787 1453 2773 1495 2791 1567 2787 1588 2770 1612 2794 1733 2794 1743 2815 1733 2856 1646 2863 1619 2846 1239 2849 1180 2811 1139 2842 1111 2818 1087 2839 1001 2846 973 2822 952 2842 897 2846 876 2825 835 2846 807 2825 735 2815"/></Shape>
	    <String CONTENT="שמן לתודה ורביעית [שמן] ← לנזיר"
                    HPOS="731.0"
                    VPOS="2763.0"
                    WIDTH="1012.0"
                    HEIGHT="100.0"></String>
          </TextLine>

          
          
          <TextLine ID="eSc_line_71fddd8a"
                    
                    BASELINE="743 2875 1157 2875 1249 2881 1451 2879 1587 2886 1767 2881" 
                    HPOS="742.0"
                    VPOS="2825.0"
                    WIDTH="1022.0"
                    HEIGHT="110.0">
            <Shape><Polygon POINTS="742 2873 759 2829 852 2846 876 2825 908 2849 977 2825 997 2846 1139 2842 1173 2829 1194 2846 1291 2853 1747 2853 1764 2880 1740 2918 1619 2922 1595 2908 1553 2935 1529 2911 1488 2915 1470 2898 1346 2922 1322 2904 1125 2908 1097 2891 1063 2904 942 2898 745 2915"/></Shape>
	    <String CONTENT="ואחד עשר שבין נידה לנידה הלכה למשה"
                    HPOS="742.0"
                    VPOS="2825.0"
                    WIDTH="1022.0"
                    HEIGHT="110.0"></String>
          </TextLine>

          
          
          <TextLine ID="eSc_line_8f1bac66"
                    
                    BASELINE="740 2934 998 2934 1155 2941 1256 2939 1378 2946 1502 2946 1550 2950 1760 2946" 
                    HPOS="738.0"
                    VPOS="2894.0"
                    WIDTH="1019.0"
                    HEIGHT="93.0">
            <Shape><Polygon POINTS="738 2932 769 2911 1015 2911 1104 2894 1122 2908 1322 2908 1336 2922 1470 2901 1498 2918 1526 2911 1553 2939 1591 2911 1747 2918 1757 2942 1747 2987 1602 2987 1560 2960 1529 2984 1501 2956 1470 2956 1446 2980 1236 2960 1004 2977 952 2956 914 2973 842 2960 821 2977 801 2956 780 2970 742 2946"/></Shape>
	    <String CONTENT="מסיני ˙ ו&#39; ˙ סלת מורבכת למדנו לרבוכה"
                    HPOS="738.0"
                    VPOS="2894.0"
                    WIDTH="1019.0"
                    HEIGHT="93.0"></String>
          </TextLine>

          
          
          <TextLine ID="eSc_line_e8db6708"
                    
                    BASELINE="747 3001 973 2999 1014 3006 1254 3003 1385 3010 1438 3008 1472 3015 1769 3010" 
                    HPOS="745.0"
                    VPOS="2953.0"
                    WIDTH="1022.0"
                    HEIGHT="103.0">
            <Shape><Polygon POINTS="745 2998 766 2960 787 2967 801 2953 821 2973 845 2956 911 2973 949 2953 1001 2973 1232 2960 1453 2987 1498 2960 1543 2991 1712 2987 1767 3008 1733 3053 1671 3056 1481 3042 1457 3056 1350 3053 1332 3036 1187 3029 1015 3029 977 3042 946 3029 918 3046 856 3049 828 3029 773 3042 749 3018"/></Shape>
	    <String CONTENT="שהיא סולת מנין לכולם שיהיו סלת תל&#39; לו&#39;"
                    HPOS="745.0"
                    VPOS="2953.0"
                    WIDTH="1022.0"
                    HEIGHT="103.0"></String>
          </TextLine>

          
          
          <TextLine ID="eSc_line_64f06bba"
                    
                    BASELINE="738 3079 1182 3077 1309 3079 1366 3084 1525 3081 1601 3088 1778 3088" 
                    HPOS="735.0"
                    VPOS="3029.0"
                    WIDTH="1039.0"
                    HEIGHT="96.0">
            <Shape><Polygon POINTS="735 3077 769 3042 804 3049 821 3032 852 3053 901 3053 946 3029 1004 3046 1180 3029 1332 3036 1350 3053 1460 3053 1481 3039 1664 3056 1698 3042 1774 3087 1747 3125 1695 3111 1173 3111 1132 3098 1070 3115 901 3115 856 3094 804 3125 738 3108"/></Shape>
	    <String CONTENT="חלות מה חלות אמורות ברבוכה סלת ˙˙ אף"
                    HPOS="735.0"
                    VPOS="3029.0"
                    WIDTH="1039.0"
                    HEIGHT="96.0"></String>
          </TextLine>

          
          
          <TextLine ID="eSc_line_04f1334d"
                    
                    BASELINE="743 3148 1346 3146 1472 3153 1546 3150 1613 3157 1760 3153" 
                    HPOS="742.0"
                    VPOS="3098.0"
                    WIDTH="1015.0"
                    HEIGHT="96.0">
            <Shape><Polygon POINTS="742 3146 763 3118 804 3125 859 3098 932 3118 994 3105 1070 3115 1129 3098 1170 3115 1229 3105 1412 3122 1695 3111 1743 3125 1757 3149 1747 3180 1698 3194 1622 3194 1608 3180 1584 3194 1477 3191 1422 3170 1350 3187 1308 3170 1277 3194 1253 3177 1218 3187 942 3163 908 3163 866 3194 773 3187 745 3160"/></Shape>
	    <String CONTENT="חלות האמורות בר[ב](ק)[ו](י)[כ](ק)(י)ם סלת והלא רקיקים"
                    HPOS="742.0"
                    VPOS="3098.0"
                    WIDTH="1015.0"
                    HEIGHT="96.0"></String>
          </TextLine>

          
          
          <TextLine ID="eSc_line_8703c0d5"
                    
                    BASELINE="743 3217 846 3226 1019 3219 1560 3226 1764 3222" 
                    HPOS="742.0"
                    VPOS="3174.0"
                    WIDTH="1018.0"
                    HEIGHT="96.0">
            <Shape><Polygon POINTS="742 3215 745 3194 876 3194 897 3174 1070 3174 1104 3191 1139 3180 1270 3198 1298 3177 1356 3198 1412 3177 1477 3198 1588 3198 1602 3184 1619 3198 1709 3198 1750 3180 1760 3218 1750 3270 1691 3256 1622 3263 1584 3246 1474 3263 1425 3263 1408 3246 1305 3246 1267 3263 1232 3246 1177 3270 1111 3243 1001 3243 987 3256 959 3246 939 3267 745 3267"/></Shape>
	    <String CONTENT="לא נאמ&#39; בהם חלות מנ&#39; שיהיו סולת תל&#39; לו&#39; מצות"
                    HPOS="742.0"
                    VPOS="3174.0"
                    WIDTH="1018.0"
                    HEIGHT="96.0"></String>
          </TextLine>

          
        </TextBlock>
        
        <TextBlock HPOS="592.0"
                   VPOS="2765.0"
                   WIDTH="106.0"
                   HEIGHT="66.0"
                   ID="eSc_textblock_a6d1d731"
                   TAGREFS="BT849">
          <Shape><Polygon POINTS="592 2765 592 2831 698 2831 698 2765"/></Shape>
          
          
          <TextLine ID="eSc_line_1882c354"
                    
                    BASELINE="600 2803 690 2803" 
                    HPOS="600.0"
                    VPOS="2778.0"
                    WIDTH="90.0"
                    HEIGHT="50.0">
            <Shape><Polygon POINTS="600 2778 690 2778 690 2828 600 2828"/></Shape>
	    <String CONTENT="יין"
                    HPOS="600.0"
                    VPOS="2778.0"
                    WIDTH="90.0"
                    HEIGHT="50.0"></String>
          </TextLine>

          
        </TextBlock>
        

        
      </PrintSpace>
    </Page>
  </Layout>
</alto>
