<?xml version="1.0" encoding="UTF-8"?>
<alto xmlns:xsi="http://www.w3.org/2001/XMLSchema-instance"
      xmlns="http://www.loc.gov/standards/alto/ns-v4#"
      xsi:schemaLocation="http://www.loc.gov/standards/alto/ns-v4# http://www.loc.gov/standards/alto/v4/alto-4-2.xsd">
  <Description>
    <MeasurementUnit>pixel</MeasurementUnit>
    <sourceImageInformation>
      <fileName>Vat.ebr.31_0110_fa_0052v.jpg</fileName>
      
    </sourceImageInformation>
  </Description>
  
  <Tags>
    <OtherTag ID="BT1" LABEL="Title" DESCRIPTION="block type Title"/><OtherTag ID="BT2" LABEL="Main" DESCRIPTION="block type Main"/><OtherTag ID="BT3" LABEL="Commentary" DESCRIPTION="block type Commentary"/><OtherTag ID="BT4" LABEL="Illustration" DESCRIPTION="block type Illustration"/><OtherTag ID="BT849" LABEL="Margin" DESCRIPTION="block type Margin"/><OtherTag ID="BT850" LABEL="Paratext" DESCRIPTION="block type Paratext"/>
    <OtherTag ID="LT2" LABEL="Numbering" DESCRIPTION="line type Numbering"/><OtherTag ID="LT3" LABEL="Correction" DESCRIPTION="line type Correction"/>
  </Tags>
  
  <Layout>
    <Page WIDTH="3623"
          HEIGHT="4140"
          PHYSICAL_IMG_NR="103"
          ID="eSc_dummypage_">
      <PrintSpace HPOS="0"
                  VPOS="0"
                  WIDTH="3623"
                  HEIGHT="4140">
        
        <TextBlock HPOS="1748.0"
                   VPOS="653.0"
                   WIDTH="1116.0"
                   HEIGHT="2629.0"
                   ID="eSc_textblock_6d7acf61"
                   TAGREFS="BT2">
          <Shape><Polygon POINTS="1788 653 1748 3282 2864 3269 2864 653"/></Shape>
          
          
          <TextLine ID="eSc_line_ad1f2f67"
                    
                    BASELINE="1814 706 1881 701 2084 708 2132 713 2406 710 2548 717 2571 722 2854 717" 
                    HPOS="1811.0"
                    VPOS="655.0"
                    WIDTH="1042.0"
                    HEIGHT="104.0">
            <Shape><Polygon POINTS="1811 703 1814 655 1883 669 1911 655 2097 669 2159 655 2204 669 2229 655 2373 655 2408 676 2477 658 2498 679 2560 679 2594 658 2615 679 2843 679 2853 714 2843 759 2587 759 2567 745 2549 759 2484 745 2456 759 2415 745 2335 755 2277 734 2142 748 2115 734 1814 734"/></Shape>
	    <String CONTENT="ר&#39; עקיבה צרך לומ&#39; או שומע אני וטמאה"
                    HPOS="1811.0"
                    VPOS="655.0"
                    WIDTH="1042.0"
                    HEIGHT="104.0"></String>
          </TextLine>

          
          
          <TextLine ID="eSc_line_7b3defff"
                    
                    BASELINE="1812 784 1844 791 1900 788 1950 795 2836 791" 
                    HPOS="1811.0"
                    VPOS="738.0"
                    WIDTH="1021.0"
                    HEIGHT="103.0">
            <Shape><Polygon POINTS="1811 783 1859 752 2046 741 2066 755 2097 738 2146 759 2215 745 2232 759 2311 752 2525 772 2781 759 2832 790 2805 838 2687 841 2591 828 2329 838 2311 821 2211 831 2180 814 2159 831 1894 831 1821 786"/></Shape>
	    <String CONTENT="שבעת ימים ובשמיני ימול יכול כל שבעה"
                    HPOS="1811.0"
                    VPOS="738.0"
                    WIDTH="1021.0"
                    HEIGHT="103.0"></String>
          </TextLine>

          
          
          <TextLine ID="eSc_line_05afcd58"
                    
                    BASELINE="1812 862 1849 857 1872 862 1939 864 2113 864 2136 869 2781 867 2843 871" 
                    HPOS="1811.0"
                    VPOS="817.0"
                    WIDTH="1028.0"
                    HEIGHT="93.0">
            <Shape><Polygon POINTS="1811 859 1866 817 1890 831 2159 831 2194 817 2208 831 2311 824 2335 838 2787 834 2839 869 2808 903 2770 910 2577 907 2560 890 2508 907 2387 907 2367 890 2318 910 2246 890 1859 903 1814 859"/></Shape>
	    <String CONTENT="ושמונה הרי חמשה עשר תל&#39; לו&#39; וביום אמ&#39; לו"
                    HPOS="1811.0"
                    VPOS="817.0"
                    WIDTH="1028.0"
                    HEIGHT="93.0"></String>
          </TextLine>

          
          
          <TextLine ID="eSc_line_f486254b"
                    
                    BASELINE="1805 933 1840 931 2038 942 2824 940 2856 945" 
                    HPOS="1804.0"
                    VPOS="890.0"
                    WIDTH="1049.0"
                    HEIGHT="100.0">
            <Shape><Polygon POINTS="1804 931 1808 917 1835 924 1873 900 2249 897 2342 910 2370 893 2384 907 2494 910 2556 890 2577 910 2812 903 2825 917 2843 903 2853 941 2812 983 2632 983 2553 962 2491 979 2432 962 2284 962 2101 972 2066 990 2046 969 1928 983 1859 972 1818 931"/></Shape>
	    <String CONTENT="ר&#39; עקיבה צללתה והלא כבר נאמ&#39; ובן שמונת"
                    HPOS="1804.0"
                    VPOS="890.0"
                    WIDTH="1049.0"
                    HEIGHT="100.0"></String>
          </TextLine>

          
          
          <TextLine ID="eSc_line_166f7441"
                    
                    BASELINE="1803 1009 1840 1018 1865 1014 2065 1016 2090 1011 2155 1016 2838 1016" 
                    HPOS="1801.0"
                    VPOS="962.0"
                    WIDTH="1035.0"
                    HEIGHT="97.0">
            <Shape><Polygon POINTS="1801 1007 1825 1010 1859 976 2001 990 2046 969 2070 993 2115 972 2270 976 2294 962 2315 976 2404 976 2436 962 2484 983 2556 962 2574 979 2791 979 2822 990 2836 1014 2801 1055 2770 1055 2753 1038 2725 1055 2612 1052 2584 1031 2546 1052 2342 1052 2322 1031 2280 1048 2218 1038 2118 1052 2084 1024 2053 1055 1980 1041 1911 1059 1849 1055 1804 1010"/></Shape>
	    <String CONTENT="ימים ימול לכם כל זכר לדרתיכם ˙ ג&#39; וביום"
                    HPOS="1801.0"
                    VPOS="962.0"
                    WIDTH="1035.0"
                    HEIGHT="97.0"></String>
          </TextLine>

          
          
          <TextLine ID="eSc_line_34360657"
                    
                    BASELINE="1817 1081 1904 1090 2856 1085" 
                    HPOS="1814.0"
                    VPOS="1028.0"
                    WIDTH="1039.0"
                    HEIGHT="103.0">
            <Shape><Polygon POINTS="1814 1079 1870 1048 2056 1055 2087 1028 2118 1055 2153 1059 2222 1038 2280 1052 2315 1031 2342 1055 2415 1059 2536 1059 2584 1035 2608 1059 2705 1062 2753 1041 2853 1083 2805 1131 2622 1131 2563 1117 2398 1128 2353 1107 2291 1124 1883 1124 1832 1083"/></Shape>
	    <String CONTENT="מלמד שכל היום כשר למילה אבל הזריזים"
                    HPOS="1814.0"
                    VPOS="1028.0"
                    WIDTH="1039.0"
                    HEIGHT="103.0"></String>
          </TextLine>

          
          
          <TextLine ID="eSc_line_19b1a0aa"
                    
                    BASELINE="1798 1154 1860 1154 1883 1150 1913 1156 2033 1163 2130 1163 2157 1159 2436 1156 2603 1159 2631 1166 2836 1159" 
                    HPOS="1797.0"
                    VPOS="1107.0"
                    WIDTH="1035.0"
                    HEIGHT="103.0">
            <Shape><Polygon POINTS="1797 1152 1856 1114 2139 1128 2294 1124 2346 1107 2363 1121 2511 1131 2556 1117 2580 1131 2822 1128 2832 1155 2822 1207 2750 1210 2701 1197 2398 1197 2339 1183 2011 1197 1987 1179 1973 1193 1894 1197 1828 1152"/></Shape>
	    <String CONTENT="מקדימים למצוות שנ&#39; וישכם אברהם בבקר"
                    HPOS="1797.0"
                    VPOS="1107.0"
                    WIDTH="1035.0"
                    HEIGHT="103.0"></String>
          </TextLine>

          
          
          <TextLine ID="eSc_line_53ffbb16"
                    
                    BASELINE="1817 1223 1877 1223 1904 1230 1927 1225 2426 1225 2449 1230 2624 1230 2725 1232 2753 1237 2836 1237" 
                    HPOS="1814.0"
                    VPOS="1176.0"
                    WIDTH="1018.0"
                    HEIGHT="97.0">
            <Shape><Polygon POINTS="1814 1221 1866 1176 1897 1204 1987 1183 2008 1197 2218 1200 2349 1186 2377 1214 2436 1186 2784 1200 2819 1207 2832 1235 2808 1273 2429 1273 2384 1235 2346 1269 2301 1238 2260 1266 2204 1252 2146 1269 1966 1259 1901 1273 1859 1269 1818 1228"/></Shape>
	    <String CONTENT="ויחבש את חמורו ˙ ד&#39; בשמיני יכול אפילו"
                    HPOS="1814.0"
                    VPOS="1176.0"
                    WIDTH="1018.0"
                    HEIGHT="97.0"></String>
          </TextLine>

          
          
          <TextLine ID="eSc_line_aa5b5058"
                    
                    BASELINE="1789 1292 1821 1304 1867 1299 2203 1299 2252 1304 2431 1306 2838 1306" 
                    HPOS="1787.0"
                    VPOS="1252.0"
                    WIDTH="1049.0"
                    HEIGHT="117.0">
            <Shape><Polygon POINTS="1787 1290 1808 1293 1835 1269 1970 1259 2149 1273 2204 1255 2260 1269 2304 1252 2332 1273 2363 1262 2401 1276 2812 1273 2836 1304 2825 1369 2756 1331 2715 1345 2656 1331 2553 1338 2525 1352 2501 1335 2436 1352 2411 1331 2256 1342 2232 1328 2163 1348 2032 1335 1846 1342 1790 1297"/></Shape>
	    <String CONTENT="בשבת מה אני מקיים מחלליה מות יומ&#39; בשאר"
                    HPOS="1787.0"
                    VPOS="1252.0"
                    WIDTH="1049.0"
                    HEIGHT="117.0"></String>
          </TextLine>

          
          
          <TextLine ID="eSc_line_a05e0901"
                    
                    BASELINE="1794 1370 1831 1377 1854 1373 1948 1373 2001 1377 2235 1380 2298 1384 2838 1380" 
                    HPOS="1790.0"
                    VPOS="1324.0"
                    WIDTH="1046.0"
                    HEIGHT="104.0">
            <Shape><Polygon POINTS="1790 1369 1859 1338 2191 1345 2232 1324 2291 1345 2408 1331 2432 1352 2498 1335 2522 1355 2556 1338 2636 1345 2653 1331 2715 1348 2763 1335 2836 1380 2808 1421 2684 1407 2439 1424 2415 1407 2363 1428 2266 1407 2211 1414 2191 1397 2122 1421 2035 1421 2015 1400 1873 1414 1804 1373"/></Shape>
	    <String CONTENT="כל המלאכות חוץ מן המילה אין מקיים אני"
                    HPOS="1790.0"
                    VPOS="1324.0"
                    WIDTH="1046.0"
                    HEIGHT="104.0"></String>
          </TextLine>

          
          
          <TextLine ID="eSc_line_8b9a5e0c"
                    
                    BASELINE="1794 1439 1826 1437 1996 1449 2258 1446 2314 1451 2396 1451 2419 1446 2491 1446 2615 1453 2666 1449 2836 1444" 
                    HPOS="1790.0"
                    VPOS="1397.0"
                    WIDTH="1042.0"
                    HEIGHT="103.0">
            <Shape><Polygon POINTS="1790 1438 1835 1407 1894 1417 2015 1404 2032 1421 2125 1421 2191 1397 2208 1414 2363 1431 2418 1411 2449 1428 2670 1421 2691 1407 2805 1421 2832 1442 2822 1476 2791 1490 2515 1473 2494 1490 2377 1486 2346 1500 2087 1469 2028 1483 1832 1480 1794 1442"/></Shape>
	    <String CONTENT="מחלליה מות יומת אף במילה מה אני מקיים"
                    HPOS="1790.0"
                    VPOS="1397.0"
                    WIDTH="1042.0"
                    HEIGHT="103.0"></String>
          </TextLine>

          
          
          <TextLine ID="eSc_line_4eb3ccec"
                    
                    BASELINE="1803 1506 1865 1499 1888 1506 1943 1513 1996 1511 2044 1515 2100 1515 2146 1522 2847 1522" 
                    HPOS="1801.0"
                    VPOS="1469.0"
                    WIDTH="1045.0"
                    HEIGHT="97.0">
            <Shape><Polygon POINTS="1801 1504 1856 1473 2049 1483 2084 1469 2177 1490 2349 1497 2384 1483 2498 1486 2522 1469 2543 1486 2808 1490 2846 1521 2801 1559 2722 1559 2698 1538 2677 1559 2522 1549 2370 1566 2270 1545 1856 1549 1811 1504"/></Shape>
	    <String CONTENT="בשמיני ימול חוץ מן השבת תל&#39; לו&#39; וביום"
                    HPOS="1801.0"
                    VPOS="1469.0"
                    WIDTH="1045.0"
                    HEIGHT="97.0"></String>
          </TextLine>

          
          
          <TextLine ID="eSc_line_f4beda01"
                    
                    BASELINE="1796 1575 1858 1575 1883 1580 1973 1582 1998 1586 2516 1584 2539 1589 2836 1591" 
                    HPOS="1794.0"
                    VPOS="1538.0"
                    WIDTH="1038.0"
                    HEIGHT="93.0">
            <Shape><Polygon POINTS="1794 1573 1846 1549 1915 1552 1935 1538 2153 1562 2270 1549 2398 1580 2429 1555 2467 1576 2484 1559 2536 1555 2677 1562 2701 1538 2722 1559 2812 1559 2832 1590 2819 1624 2756 1631 2522 1624 2487 1593 2439 1628 2394 1600 2356 1624 2087 1614 2032 1628 2001 1611 1852 1618 1801 1573"/></Shape>
	    <String CONTENT="אפילו בשבת ˙ ה&#39; ימול ערלתו אף על פי"
                    HPOS="1794.0"
                    VPOS="1538.0"
                    WIDTH="1038.0"
                    HEIGHT="93.0"></String>
          </TextLine>

          
          
          <TextLine ID="eSc_line_99f0eb85"
                    
                    BASELINE="1810 1619 1814 1651 2157 1649 2206 1653 2394 1655 2843 1655" 
                    HPOS="1808.0"
                    VPOS="1604.0"
                    WIDTH="1031.0"
                    HEIGHT="96.0">
            <Shape><Polygon POINTS="1808 1618 1832 1604 1870 1621 1997 1611 2021 1624 2187 1614 2442 1628 2470 1607 2556 1628 2815 1628 2839 1652 2812 1687 2781 1697 2591 1683 2511 1700 2494 1683 2415 1693 2384 1680 2218 1683 2197 1697 2170 1680 2001 1687 1984 1669 1942 1687 1873 1687 1811 1673"/></Shape>
	    <String CONTENT="שיש שם בהרת מה אני מקיים השמר בנגע"
                    HPOS="1808.0"
                    VPOS="1604.0"
                    WIDTH="1031.0"
                    HEIGHT="96.0"></String>
          </TextLine>

          
          
          <TextLine ID="eSc_line_fdd19e25"
                    
                    BASELINE="1808 1718 1895 1724 2463 1722 2560 1729 2838 1729" 
                    HPOS="1804.0"
                    VPOS="1676.0"
                    WIDTH="1032.0"
                    HEIGHT="100.0">
            <Shape><Polygon POINTS="1804 1714 1842 1687 1939 1693 1973 1676 2001 1690 2163 1687 2194 1700 2380 1680 2422 1697 2442 1683 2494 1687 2511 1704 2532 1687 2574 1700 2591 1683 2622 1697 2808 1693 2836 1728 2808 1769 2287 1752 2225 1759 2208 1776 2184 1756 1883 1759 1839 1749 1808 1718"/></Shape>
	    <String CONTENT="הצרעת לשמ&#39; מא&#39; ולעש&#39; חוץ מן המילה אומ&#39;"
                    HPOS="1804.0"
                    VPOS="1676.0"
                    WIDTH="1032.0"
                    HEIGHT="100.0"></String>
          </TextLine>

          
          
          <TextLine ID="eSc_line_5cc42caa"
                    
                    BASELINE="1780 1782 1812 1789 1964 1787 2019 1791 2355 1793 2413 1798 2822 1796 2852 1800" 
                    HPOS="1776.0"
                    VPOS="1745.0"
                    WIDTH="1074.0"
                    HEIGHT="97.0">
            <Shape><Polygon POINTS="1776 1780 1801 1780 1835 1745 1890 1759 2001 1745 2028 1759 2187 1756 2204 1773 2229 1756 2287 1752 2805 1776 2839 1759 2850 1797 2794 1842 2632 1838 2615 1825 2591 1842 2556 1828 2491 1842 2373 1821 2139 1828 2122 1811 2035 1828 1994 1814 1956 1828 1814 1828 1780 1794"/></Shape>
	    <String CONTENT="מה אני מקיים השמר בנגע הצר&#39; לשמ&#39; מא&#39; ולע&#39;"
                    HPOS="1776.0"
                    VPOS="1745.0"
                    WIDTH="1074.0"
                    HEIGHT="97.0"></String>
          </TextLine>

          
          
          <TextLine ID="eSc_line_86814c4d"
                    
                    BASELINE="1778 1856 1870 1862 2185 1860 2215 1865 2311 1867 2659 1867 2700 1872 2856 1865" 
                    HPOS="1776.0"
                    VPOS="1811.0"
                    WIDTH="1077.0"
                    HEIGHT="100.0">
            <Shape><Polygon POINTS="1776 1852 1828 1825 1966 1828 1994 1814 2042 1828 2118 1811 2135 1828 2370 1825 2387 1838 2594 1838 2615 1821 2636 1838 2819 1838 2853 1863 2815 1900 2770 1911 2653 1897 2418 1907 2398 1890 2349 1887 2322 1904 2298 1890 2049 1900 2015 1880 1973 1900 1821 1904 1780 1863"/></Shape>
	    <String CONTENT="אף במילה מה אני מקיים ימול עורלתו בזמן"
                    HPOS="1776.0"
                    VPOS="1811.0"
                    WIDTH="1077.0"
                    HEIGHT="100.0"></String>
          </TextLine>

          
          
          <TextLine ID="eSc_line_a7db1385"
                    
                    BASELINE="1787 1927 1909 1936 2822 1934 2856 1938" 
                    HPOS="1783.0"
                    VPOS="1880.0"
                    WIDTH="1070.0"
                    HEIGHT="107.0">
            <Shape><Polygon POINTS="1783 1925 1818 1904 1952 1904 2015 1880 2059 1904 2277 1907 2304 1894 2318 1907 2360 1890 2411 1907 2815 1911 2853 1935 2812 1976 2677 1987 2663 1973 2511 1963 2456 1980 2301 1973 2284 1956 2263 1973 2111 1980 2084 1959 2032 1976 1832 1969 1790 1928"/></Shape>
	    <String CONTENT="שאין שם בהרת תל&#39; לו&#39; בשר אף על פי שיש"
                    HPOS="1783.0"
                    VPOS="1880.0"
                    WIDTH="1070.0"
                    HEIGHT="107.0"></String>
          </TextLine>

          
          
          <TextLine ID="eSc_line_2d757818"
                    
                    BASELINE="1789 2005 1821 2000 1946 2010 2072 2007 2201 2010 2256 2005 2511 2003 2567 2010 2856 2005" 
                    HPOS="1787.0"
                    VPOS="1959.0"
                    WIDTH="1066.0"
                    HEIGHT="97.0">
            <Shape><Polygon POINTS="1787 2004 1818 1966 2053 1976 2077 1959 2104 1980 2263 1973 2287 1959 2301 1973 2460 1997 2508 1966 2543 1997 2594 1976 2801 1980 2825 2004 2853 2004 2794 2052 2698 2056 2549 2032 2508 2056 2456 2025 2373 2049 2239 2049 2211 2035 2177 2049 1963 2045 1890 2028 1814 2042 1790 2018"/></Shape>
	    <String CONTENT="שם בהרת ˙ ו&#39; עורלתו עורלתו ודאי דוחה"
                    HPOS="1787.0"
                    VPOS="1959.0"
                    WIDTH="1066.0"
                    HEIGHT="97.0"></String>
          </TextLine>

          
          
          <TextLine ID="eSc_line_159f6b2a"
                    
                    BASELINE="1775 2067 1837 2074 1895 2074 1920 2070 1946 2076 2017 2083 2070 2081 2242 2081 2293 2086 2838 2081" 
                    HPOS="1773.0"
                    VPOS="2028.0"
                    WIDTH="1063.0"
                    HEIGHT="111.0">
            <Shape><Polygon POINTS="1773 2066 1880 2028 1932 2045 2128 2052 2408 2052 2432 2028 2456 2028 2487 2052 2539 2059 2556 2042 2812 2052 2836 2080 2825 2118 2808 2125 2525 2125 2505 2139 2484 2125 1842 2114 1780 2070"/></Shape>
	    <String CONTENT="את השבת אין הספק דוחה את השבת ערלתו"
                    HPOS="1773.0"
                    VPOS="2028.0"
                    WIDTH="1063.0"
                    HEIGHT="111.0"></String>
          </TextLine>

          
          
          <TextLine ID="eSc_line_332bdb16"
                    
                    BASELINE="1768 2145 2088 2157 2258 2155 2286 2159 2643 2159 2670 2155 2836 2157" 
                    HPOS="1766.0"
                    VPOS="2111.0"
                    WIDTH="1066.0"
                    HEIGHT="93.0">
            <Shape><Polygon POINTS="1766 2142 1794 2142 1825 2111 2508 2139 2529 2125 2670 2132 2705 2114 2722 2128 2815 2125 2832 2156 2808 2190 2660 2204 2539 2187 2446 2204 2391 2201 2380 2187 2266 2201 2077 2190 2042 2204 1828 2187 1770 2145"/></Shape>
	    <String CONTENT="עורלתו וודיי דוחה את השבת אין אנדרגינס"
                    HPOS="1766.0"
                    VPOS="2111.0"
                    WIDTH="1066.0"
                    HEIGHT="93.0"></String>
          </TextLine>

          
          
          <TextLine ID="eSc_line_ee62a7bc"
                    
                    BASELINE="1757 2214 1814 2221 1842 2219 1906 2226 2072 2231 2833 2226" 
                    HPOS="1756.0"
                    VPOS="2183.0"
                    WIDTH="1076.0"
                    HEIGHT="90.0">
            <Shape><Polygon POINTS="1756 2211 1801 2183 2046 2204 2166 2187 2380 2187 2394 2201 2787 2197 2832 2225 2798 2273 2750 2259 2715 2273 2491 2273 2436 2259 2367 2273 2346 2252 2235 2266 2215 2245 2177 2266 2087 2270 1935 2270 1870 2249 1801 2273 1759 2232"/></Shape>
	    <String CONTENT="דוחה את השבת שר&#39; יודה או&#39; אנדרוגינס דוחין"
                    HPOS="1756.0"
                    VPOS="2183.0"
                    WIDTH="1076.0"
                    HEIGHT="90.0"></String>
          </TextLine>

          
          
          <TextLine ID="eSc_line_1da838a9"
                    
                    BASELINE="1771 2288 1805 2295 1863 2293 1923 2306 1982 2302 2298 2302 2378 2306 2502 2306 2587 2302 2847 2304" 
                    HPOS="1770.0"
                    VPOS="2249.0"
                    WIDTH="1076.0"
                    HEIGHT="103.0">
            <Shape><Polygon POINTS="1770 2287 1852 2256 2021 2277 2177 2273 2215 2249 2239 2273 2342 2280 2432 2263 2605 2280 2756 2259 2815 2273 2846 2301 2781 2346 2722 2328 2646 2346 2356 2335 2277 2352 2260 2335 1811 2335 1773 2297"/></Shape>
	    <String CONTENT="עליו את השבת וחייבין עליו כרת ˙ ז&#39; ערלתו"
                    HPOS="1770.0"
                    VPOS="2249.0"
                    WIDTH="1076.0"
                    HEIGHT="103.0"></String>
          </TextLine>

          
          
          <TextLine ID="eSc_line_4acf753e"
                    
                    BASELINE="1785 2366 1904 2366 2107 2378 2797 2378 2850 2371" 
                    HPOS="1783.0"
                    VPOS="2328.0"
                    WIDTH="1063.0"
                    HEIGHT="93.0">
            <Shape><Polygon POINTS="1783 2363 1811 2335 1904 2328 2277 2352 2701 2346 2732 2328 2750 2346 2801 2339 2846 2370 2812 2418 2622 2418 2608 2404 2560 2404 2097 2421 2070 2401 2032 2418 2018 2404 1932 2408 1901 2390 1825 2415 1787 2383"/></Shape>
	    <String CONTENT="ערלתו ודיי דוחה את השבת אין בן שנולד ב(י)ן"
                    HPOS="1783.0"
                    VPOS="2328.0"
                    WIDTH="1063.0"
                    HEIGHT="93.0"></String>
          </TextLine>

          
          
          <TextLine ID="eSc_line_7c264236"
                    
                    BASELINE="1778 2435 1844 2442 1971 2440 2097 2447 2268 2444 2486 2447 2514 2451 2854 2451" 
                    HPOS="1776.0"
                    VPOS="2397.0"
                    WIDTH="1077.0"
                    HEIGHT="93.0">
            <Shape><Polygon POINTS="1776 2432 1808 2408 1873 2411 1890 2397 2042 2425 2070 2404 2087 2418 2208 2408 2577 2421 2605 2408 2781 2415 2853 2449 2843 2473 2791 2490 2194 2484 2170 2470 2111 2484 2066 2459 2021 2487 1839 2484 1780 2435"/></Shape>
	    <String CONTENT="השמשות דוחה את השבת ˙ ערלתו ערלתו"
                    HPOS="1776.0"
                    VPOS="2397.0"
                    WIDTH="1077.0"
                    HEIGHT="93.0"></String>
          </TextLine>

          
          
          <TextLine ID="eSc_line_a58f91d9"
                    
                    BASELINE="1780 2507 2047 2516 2459 2513 2486 2518 2769 2518 2792 2513 2856 2518" 
                    HPOS="1776.0"
                    VPOS="2459.0"
                    WIDTH="1077.0"
                    HEIGHT="107.0">
            <Shape><Polygon POINTS="1776 2504 1856 2477 2032 2484 2070 2459 2104 2484 2197 2490 2839 2480 2853 2515 2784 2559 2694 2546 2681 2559 2287 2553 2211 2566 2191 2546 1952 2553 1921 2532 1897 2549 1821 2546 1780 2508"/></Shape>
	    <String CONTENT="ודאי דוחה את השבת אין שנולד מהול"
                    HPOS="1776.0"
                    VPOS="2459.0"
                    WIDTH="1077.0"
                    HEIGHT="107.0"></String>
          </TextLine>

          
          
          <TextLine ID="eSc_line_8aa0fa45"
                    
                    BASELINE="1757 2578 1854 2589 2790 2589 2847 2582" 
                    HPOS="1756.0"
                    VPOS="2535.0"
                    WIDTH="1090.0"
                    HEIGHT="100.0">
            <Shape><Polygon POINTS="1756 2577 1808 2542 1894 2553 1921 2535 1939 2553 2191 2546 2208 2563 2291 2549 2681 2563 2701 2549 2812 2556 2846 2580 2805 2632 2325 2622 2277 2590 2246 2622 1990 2622 1977 2635 1946 2618 1835 2628 1797 2618 1759 2580"/></Shape>
	    <String CONTENT="דוחה את השבת שבית שמי אומ&#39; צריך להטיף"
                    HPOS="1756.0"
                    VPOS="2535.0"
                    WIDTH="1090.0"
                    HEIGHT="100.0"></String>
          </TextLine>

          
          
          <TextLine ID="eSc_line_bcf318fb"
                    
                    BASELINE="1775 2656 1936 2656 2001 2663 2599 2661 2790 2665 2813 2661 2847 2665" 
                    HPOS="1773.0"
                    VPOS="2608.0"
                    WIDTH="1073.0"
                    HEIGHT="103.0">
            <Shape><Polygon POINTS="1773 2653 1814 2618 1835 2635 1946 2625 1977 2639 2170 2632 2197 2615 2270 2635 2308 2608 2325 2625 2460 2632 2832 2632 2846 2663 2812 2704 2701 2708 2646 2691 2549 2701 2529 2687 2384 2697 2367 2684 2335 2697 2291 2694 2270 2673 2225 2701 2139 2687 2122 2701 1973 2697 1956 2711 1928 2694 1804 2694 1776 2666"/></Shape>
	    <String CONTENT="ממנו דם ברית בית הלל אומ&#39; אינו צריך ˙ [ח&#39;]"
                    HPOS="1773.0"
                    VPOS="2608.0"
                    WIDTH="1073.0"
                    HEIGHT="103.0"></String>
          </TextLine>

          
          
          <TextLine ID="eSc_line_e898f6b2"
                    
                    BASELINE="1778 2727 1810 2725 1881 2730 1964 2730 2065 2737 2836 2732" 
                    HPOS="1776.0"
                    VPOS="2680.0"
                    WIDTH="1056.0"
                    HEIGHT="100.0">
            <Shape><Polygon POINTS="1776 2725 1801 2694 1852 2684 1956 2708 2122 2704 2139 2687 2232 2704 2273 2680 2294 2701 2311 2687 2342 2701 2363 2684 2384 2701 2794 2701 2822 2704 2832 2728 2794 2780 2722 2753 2694 2777 2653 2777 2605 2753 2560 2773 2522 2756 2505 2770 2408 2777 2380 2753 2342 2770 2104 2777 1911 2766 1890 2746 1808 2766 1780 2749"/></Shape>
	    <String CONTENT="ח&#39; אמ&#39; ר&#39; שמע&#39; בן לעז&#39; לא נחלקו בית שמי [וב&#39;]"
                    HPOS="1776.0"
                    VPOS="2680.0"
                    WIDTH="1056.0"
                    HEIGHT="100.0"></String>
          </TextLine>

          
          
          <TextLine ID="eSc_line_32056cb9"
                    
                    BASELINE="1766 2794 1831 2801 2410 2799 2500 2803 2647 2803 2723 2810 2831 2806" 
                    HPOS="1763.0"
                    VPOS="2749.0"
                    WIDTH="1066.0"
                    HEIGHT="100.0">
            <Shape><Polygon POINTS="1763 2791 1780 2763 1846 2770 1883 2749 1911 2770 2180 2766 2215 2780 2235 2766 2346 2770 2380 2753 2408 2777 2505 2773 2525 2756 2549 2773 2605 2749 2684 2777 2715 2760 2770 2780 2819 2770 2829 2804 2801 2849 2594 2835 2536 2846 2508 2829 2373 2839 2101 2825 2059 2842 2032 2832 1939 2849 1790 2849 1766 2825"/></Shape>
	    <String CONTENT="ובית הלל על שנולד מהול שהוא צריך להטיף"
                    HPOS="1763.0"
                    VPOS="2749.0"
                    WIDTH="1066.0"
                    HEIGHT="100.0"></String>
          </TextLine>

          
          
          <TextLine ID="eSc_line_c45d0a92"
                    
                    BASELINE="1757 2865 1796 2875 2801 2872 2854 2877" 
                    HPOS="1756.0"
                    VPOS="2822.0"
                    WIDTH="1097.0"
                    HEIGHT="100.0">
            <Shape><Polygon POINTS="1756 2863 1832 2839 2053 2842 2097 2822 2118 2839 2201 2829 2743 2846 2853 2873 2801 2918 2746 2918 2732 2904 2712 2918 2594 2915 2532 2891 2515 2908 2411 2908 2398 2922 2346 2898 2084 2908 1852 2894 1821 2911 1763 2866"/></Shape>
	    <String CONTENT="ממנו דם ברית מפני שהיא ערלה כבושה"
                    HPOS="1756.0"
                    VPOS="2822.0"
                    WIDTH="1097.0"
                    HEIGHT="100.0"></String>
          </TextLine>

          
          
          <TextLine ID="eSc_line_3269813e"
                    
                    BASELINE="1762 2930 1794 2941 1826 2937 2597 2937 2702 2941 2847 2941" 
                    HPOS="1759.0"
                    VPOS="2887.0"
                    WIDTH="1087.0"
                    HEIGHT="97.0">
            <Shape><Polygon POINTS="1759 2929 1804 2901 1949 2904 1970 2922 1987 2904 2111 2898 2349 2901 2401 2925 2418 2908 2518 2904 2543 2887 2567 2911 2815 2911 2846 2939 2801 2980 2763 2984 2636 2970 2508 2984 2460 2963 2373 2980 2322 2967 1794 2977 1763 2946"/></Shape>
	    <String CONTENT="ועל מה נחלקו על גר שנתגייר מהול שבית"
                    HPOS="1759.0"
                    VPOS="2887.0"
                    WIDTH="1087.0"
                    HEIGHT="97.0"></String>
          </TextLine>

          
          
          <TextLine ID="eSc_line_46230514"
                    
                    BASELINE="1780 2999 2203 3008 2226 3012 2838 3012" 
                    HPOS="1776.0"
                    VPOS="2967.0"
                    WIDTH="1060.0"
                    HEIGHT="93.0">
            <Shape><Polygon POINTS="1776 2998 1814 2973 2384 2984 2456 2967 2505 2987 2556 2973 2601 2987 2625 2973 2698 2987 2781 2977 2836 3011 2812 3046 2787 3053 2725 3032 2691 3053 2515 3046 2501 3060 2477 3046 2332 3053 2266 3032 2249 3046 2056 3029 1808 3042 1780 3025"/></Shape>
	    <String CONTENT="שמי אומ&#39; צריך להטיף ממנו דם ברית ובית"
                    HPOS="1776.0"
                    VPOS="2967.0"
                    WIDTH="1060.0"
                    HEIGHT="93.0"></String>
          </TextLine>

          
          
          <TextLine ID="eSc_line_7c74af1f"
                    
                    BASELINE="1750 3063 2208 3077 2399 3075 2426 3079 2847 3081" 
                    HPOS="1749.0"
                    VPOS="3029.0"
                    WIDTH="1097.0"
                    HEIGHT="93.0">
            <Shape><Polygon POINTS="1749 3060 1790 3039 2249 3046 2270 3029 2339 3056 2394 3042 2473 3046 2491 3060 2639 3046 2687 3060 2722 3039 2746 3053 2767 3039 2781 3053 2815 3049 2846 3080 2808 3118 2511 3115 2498 3101 2453 3118 2425 3091 2398 3118 2380 3105 2346 3115 2015 3101 1990 3122 1915 3091 1901 3105 1797 3108 1752 3063"/></Shape>
	    <String CONTENT="הלל אומ&#39; אינו צריך ושלשים יכול בין סמוכים"
                    HPOS="1749.0"
                    VPOS="3029.0"
                    WIDTH="1097.0"
                    HEIGHT="93.0"></String>
          </TextLine>

          
          
          <TextLine ID="eSc_line_24438878"
                    
                    BASELINE="1771 3132 1890 3137 1941 3141 2541 3141 2564 3137 2592 3144 2838 3139" 
                    HPOS="1770.0"
                    VPOS="3094.0"
                    WIDTH="1066.0"
                    HEIGHT="93.0">
            <Shape><Polygon POINTS="1770 3129 1780 3101 1870 3108 1918 3094 1990 3118 2015 3101 2329 3105 2398 3122 2429 3094 2456 3122 2494 3101 2515 3115 2722 3108 2815 3118 2836 3136 2822 3180 2760 3187 2663 3180 2649 3167 2632 3180 2584 3167 2473 3177 2453 3156 2422 3177 2104 3160 2046 3177 1801 3170 1773 3149"/></Shape>
	    <String CONTENT="בין מפוזרים תל&#39; לו&#39; יום מה יום רצוף כולו אחד"
                    HPOS="1770.0"
                    VPOS="3094.0"
                    WIDTH="1066.0"
                    HEIGHT="93.0"></String>
          </TextLine>

          
          
          <TextLine ID="eSc_line_7124b2b4"
                    
                    BASELINE="1748 3196 1867 3206 1992 3203 2870 3208" 
                    HPOS="1745.0"
                    VPOS="3167.0"
                    WIDTH="1122.0"
                    HEIGHT="82.0">
            <Shape><Polygon POINTS="1745 3194 1749 3180 1797 3167 1814 3180 1856 3167 1915 3180 2149 3167 2191 3184 2301 3184 2329 3170 2342 3184 2429 3184 2442 3170 2484 3184 2625 3184 2656 3170 2684 3184 2725 3170 2739 3184 2856 3184 2867 3205 2856 3232 2763 3249 2674 3249 2656 3232 2563 3249 2532 3236 2501 3249 2380 3249 2360 3232 2318 3249 2253 3232 2201 3249 2101 3229 2046 3246 1839 3246 1821 3229 1808 3243 1749 3229"/></Shape>
	    <String CONTENT="אף שלשים כולם כאחד יכול שלשים סמוכים"
                    HPOS="1745.0"
                    VPOS="3167.0"
                    WIDTH="1122.0"
                    HEIGHT="82.0"></String>
          </TextLine>

          
        </TextBlock>
        
        <TextBlock HPOS="494.0"
                   VPOS="632.0"
                   WIDTH="1132.0"
                   HEIGHT="2677.0"
                   ID="eSc_textblock_557faec7"
                   TAGREFS="BT2">
          <Shape><Polygon POINTS="1626 3272 1617 644 515 632 494 3263 533 3300 1469 3309"/></Shape>
          
          
          <TextLine ID="eSc_line_02996491"
                    
                    BASELINE="524 692 669 692 927 703 1134 701 1442 701 1497 706 1596 701" 
                    HPOS="521.0"
                    VPOS="645.0"
                    WIDTH="1073.0"
                    HEIGHT="107.0">
            <Shape><Polygon POINTS="521 690 524 658 659 662 710 645 793 645 821 662 966 652 979 665 1042 665 1076 648 1104 662 1166 665 1180 652 1231 665 1249 652 1324 669 1373 652 1414 669 1469 652 1507 665 1583 652 1594 700 1576 752 1490 731 1452 748 1428 738 1293 752 1180 731 1142 748 1028 748 900 731 855 745 797 727 652 741 596 721 524 721"/></Shape>
	    <String CONTENT="ושלשה בין סמוכים בין מפוזרים תל&#39; לו&#39;מר"
                    HPOS="521.0"
                    VPOS="645.0"
                    WIDTH="1073.0"
                    HEIGHT="107.0"></String>
          </TextLine>

          
          
          <TextLine ID="eSc_line_f6a9cb68"
                    
                    BASELINE="570 770 701 777 752 772 779 779 1048 781 1375 779 1398 772 1423 777 1605 777" 
                    HPOS="569.0"
                    VPOS="731.0"
                    WIDTH="1035.0"
                    HEIGHT="97.0">
            <Shape><Polygon POINTS="569 769 593 731 631 745 769 745 803 731 821 748 910 738 1042 755 1176 734 1193 748 1297 745 1314 759 1459 748 1490 731 1511 748 1576 748 1604 776 1580 817 1380 828 1349 807 1314 824 1197 810 1183 824 1097 828 948 814 617 821 572 800"/></Shape>
	    <String CONTENT="ושלשים יום ושלשת ימים מה שלשים"
                    HPOS="569.0"
                    VPOS="731.0"
                    WIDTH="1035.0"
                    HEIGHT="97.0"></String>
          </TextLine>

          
          
          <TextLine ID="eSc_line_769207a3"
                    
                    BASELINE="533 844 570 850 726 848 777 853 982 853 1097 860 1262 860 1605 846" 
                    HPOS="531.0"
                    VPOS="803.0"
                    WIDTH="1073.0"
                    HEIGHT="104.0">
            <Shape><Polygon POINTS="531 841 590 803 627 821 731 810 793 828 845 814 862 828 955 817 1104 834 1200 810 1280 831 1556 817 1604 845 1569 893 1445 900 1380 879 1324 907 1200 893 1076 903 1028 883 935 900 790 886 638 893 576 879 541 845"/></Shape>
	    <String CONTENT="סמוכים אף שלשה סמוכים ˙ ט&#39; ושלשים"
                    HPOS="531.0"
                    VPOS="803.0"
                    WIDTH="1073.0"
                    HEIGHT="104.0"></String>
          </TextLine>

          
          
          <TextLine ID="eSc_line_5e9f74cd"
                    
                    BASELINE="524 915 614 910 671 924 749 922 775 926 869 929 915 933 1101 931 1520 933 1557 929 1582 936 1612 924" 
                    HPOS="521.0"
                    VPOS="879.0"
                    WIDTH="1090.0"
                    HEIGHT="100.0">
            <Shape><Polygon POINTS="521 914 569 883 928 903 1028 886 1079 907 1328 903 1383 879 1404 897 1452 900 1542 890 1611 921 1569 969 897 979 790 959 769 969 572 955 531 914"/></Shape>
	    <String CONTENT="יום ושלשת ימים מה תל&#39; לו&#39; נקבה שימי [טו&#39;]"
                    HPOS="521.0"
                    VPOS="879.0"
                    WIDTH="1090.0"
                    HEIGHT="100.0"></String>
          </TextLine>

          
          
          <TextLine ID="eSc_line_3e54a655"
                    
                    BASELINE="517 988 607 998 690 1000 726 1009 749 1005 1120 1005 1492 1005 1543 1009 1584 1000" 
                    HPOS="514.0"
                    VPOS="959.0"
                    WIDTH="1069.0"
                    HEIGHT="93.0">
            <Shape><Polygon POINTS="514 986 586 959 900 979 1576 969 1583 997 1573 1038 1552 1045 1076 1038 907 1052 593 1035 538 990"/></Shape>
	    <String CONTENT="טומאתה מרובים ימי טהרתה מרובים זכר"
                    HPOS="514.0"
                    VPOS="959.0"
                    WIDTH="1069.0"
                    HEIGHT="93.0"></String>
          </TextLine>

          
          
          <TextLine ID="eSc_line_67d7ed68"
                    
                    BASELINE="515 1062 549 1060 671 1071 726 1069 775 1074 883 1076 1062 1076 1115 1081 1534 1081 1566 1076 1596 1081" 
                    HPOS="514.0"
                    VPOS="1028.0"
                    WIDTH="1080.0"
                    HEIGHT="100.0">
            <Shape><Polygon POINTS="514 1059 558 1028 786 1048 1583 1038 1594 1079 1563 1117 1269 1121 1117 1104 1021 1117 969 1097 817 1128 790 1107 690 1114 665 1093 586 1104 521 1059"/></Shape>
	    <String CONTENT="שימי טמאתו מעוטים אינו דין שיהו ימי"
                    HPOS="514.0"
                    VPOS="1028.0"
                    WIDTH="1080.0"
                    HEIGHT="100.0"></String>
          </TextLine>

          
          
          <TextLine ID="eSc_line_4b794aa6"
                    
                    BASELINE="506 1136 614 1131 653 1140 680 1143 793 1143 839 1147 968 1150 996 1154 1019 1152 1580 1154 1614 1147" 
                    HPOS="503.0"
                    VPOS="1097.0"
                    WIDTH="1108.0"
                    HEIGHT="103.0">
            <Shape><Polygon POINTS="503 1135 538 1131 569 1100 672 1097 696 1117 738 1100 817 1124 966 1100 1031 1124 1107 1107 1204 1124 1569 1117 1611 1145 1576 1186 1552 1190 1349 1183 1297 1197 1262 1183 1214 1200 1055 1193 1038 1176 555 1179 507 1135"/></Shape>
	    <String CONTENT="טהרתו מעוטין תל&#39; לו&#39; ושלשים יום ושלשת"
                    HPOS="503.0"
                    VPOS="1097.0"
                    WIDTH="1108.0"
                    HEIGHT="103.0"></String>
          </TextLine>

          
          
          <TextLine ID="eSc_line_5bd8a55a"
                    
                    BASELINE="515 1202 552 1209 604 1205 644 1221 673 1216 917 1216 940 1223 1594 1219" 
                    HPOS="514.0"
                    VPOS="1173.0"
                    WIDTH="1076.0"
                    HEIGHT="89.0">
            <Shape><Polygon POINTS="514 1200 555 1176 1010 1190 1035 1173 1055 1193 1221 1204 1262 1183 1297 1197 1569 1193 1590 1217 1576 1248 1545 1259 1079 1262 872 1245 838 1262 817 1242 800 1255 576 1245 524 1204"/></Shape>
	    <String CONTENT="ימים תשב להביא שילדה בתוך אחד עשר"
                    HPOS="514.0"
                    VPOS="1173.0"
                    WIDTH="1076.0"
                    HEIGHT="89.0"></String>
          </TextLine>

          
          
          <TextLine ID="eSc_line_c001c152"
                    
                    BASELINE="524 1276 556 1283 630 1281 657 1285 715 1285 747 1288 772 1294 795 1290 1387 1292 1605 1283" 
                    HPOS="521.0"
                    VPOS="1242.0"
                    WIDTH="1083.0"
                    HEIGHT="100.0">
            <Shape><Polygon POINTS="521 1273 569 1242 752 1259 821 1248 835 1262 876 1245 966 1262 1559 1255 1604 1279 1549 1328 1307 1331 1262 1317 1152 1342 993 1321 572 1321 524 1276"/></Shape>
	    <String CONTENT="שתהא טהורה מן הזיבה יכול תהא טהורה"
                    HPOS="521.0"
                    VPOS="1242.0"
                    WIDTH="1083.0"
                    HEIGHT="100.0"></String>
          </TextLine>

          
          
          <TextLine ID="eSc_line_4c1cd124"
                    
                    BASELINE="526 1350 561 1357 632 1352 657 1359 754 1361 784 1366 906 1363 1198 1370 1338 1368 1361 1361 1391 1366 1543 1366 1566 1363 1614 1347" 
                    HPOS="524.0"
                    VPOS="1317.0"
                    WIDTH="1087.0"
                    HEIGHT="97.0">
            <Shape><Polygon POINTS="524 1348 555 1317 669 1331 990 1324 1152 1345 1266 1321 1304 1335 1559 1328 1583 1348 1611 1345 1563 1400 1518 1414 1435 1407 1418 1390 1400 1404 1307 1411 831 1400 814 1383 790 1397 655 1400 624 1383 558 1397 527 1366"/></Shape>
	    <String CONTENT="מן הנידה תל&#39; לו&#39; דותה תטמא בדמי טהרה"
                    HPOS="524.0"
                    VPOS="1317.0"
                    WIDTH="1087.0"
                    HEIGHT="97.0"></String>
          </TextLine>

          
          
          <TextLine ID="eSc_line_056abf6e"
                    
                    BASELINE="515 1423 552 1430 853 1430 881 1426 908 1432 1150 1435 1177 1439 1594 1439" 
                    HPOS="514.0"
                    VPOS="1380.0"
                    WIDTH="1076.0"
                    HEIGHT="103.0">
            <Shape><Polygon POINTS="514 1421 617 1380 645 1397 793 1397 810 1383 828 1400 1066 1407 1356 1411 1418 1390 1435 1407 1500 1414 1566 1404 1590 1438 1563 1476 1504 1483 1373 1480 1349 1455 1328 1473 1014 1466 941 1431 897 1466 835 1469 810 1449 772 1473 731 1449 707 1462 603 1462 590 1449 555 1459 517 1424"/></Shape>
	    <String CONTENT="אף על פי שהיא ראה ˙ י&#39; בכל קדש לא"
                    HPOS="514.0"
                    VPOS="1380.0"
                    WIDTH="1076.0"
                    HEIGHT="103.0"></String>
          </TextLine>

          
          
          <TextLine ID="eSc_line_bf07ad32"
                    
                    BASELINE="501 1488 533 1494 637 1492 759 1504 1138 1501 1193 1506 1391 1508 1442 1513 1587 1506" 
                    HPOS="500.0"
                    VPOS="1442.0"
                    WIDTH="1083.0"
                    HEIGHT="107.0">
            <Shape><Polygon POINTS="500 1486 583 1449 603 1462 714 1462 728 1449 772 1473 814 1452 831 1469 900 1473 948 1442 1038 1473 1318 1476 1349 1455 1373 1480 1566 1476 1583 1504 1573 1545 1117 1549 890 1545 876 1528 845 1542 548 1531 503 1490"/></Shape>
	    <String CONTENT="תגע יכול אף במעשר תל&#39; לו&#39; ואל המקדש לא"
                    HPOS="500.0"
                    VPOS="1442.0"
                    WIDTH="1083.0"
                    HEIGHT="107.0"></String>
          </TextLine>

          
          
          <TextLine ID="eSc_line_29819f3f"
                    
                    BASELINE="515 1563 708 1577 1594 1573" 
                    HPOS="514.0"
                    VPOS="1528.0"
                    WIDTH="1076.0"
                    HEIGHT="93.0">
            <Shape><Polygon POINTS="514 1562 562 1531 845 1542 872 1528 917 1545 1563 1545 1590 1569 1580 1611 1280 1621 1135 1600 1097 1614 928 1614 900 1600 800 1611 652 1597 586 1618 517 1566"/></Shape>
	    <String CONTENT="תבא מה מקדש שיש בו נטילת נשמה אף"
                    HPOS="514.0"
                    VPOS="1528.0"
                    WIDTH="1076.0"
                    HEIGHT="93.0"></String>
          </TextLine>

          
          
          <TextLine ID="eSc_line_22ca47a0"
                    
                    BASELINE="508 1639 673 1639 701 1644 791 1646 1343 1644 1398 1639 1596 1642" 
                    HPOS="507.0"
                    VPOS="1600.0"
                    WIDTH="1087.0"
                    HEIGHT="87.0">
            <Shape><Polygon POINTS="507 1638 562 1607 600 1618 645 1600 1079 1618 1145 1604 1280 1621 1563 1611 1594 1638 1583 1676 1552 1687 1497 1669 1466 1683 1283 1687 721 1683 652 1669 569 1680 510 1638"/></Shape>
	    <String CONTENT="קדש שיש בו נטילת נשמה יצא מעשר או"
                    HPOS="507.0"
                    VPOS="1600.0"
                    WIDTH="1087.0"
                    HEIGHT="87.0"></String>
          </TextLine>

          
          
          <TextLine ID="eSc_line_ed111430"
                    
                    BASELINE="515 1708 572 1715 860 1715 1009 1711 1032 1718 1495 1718 1610 1711" 
                    HPOS="514.0"
                    VPOS="1673.0"
                    WIDTH="1093.0"
                    HEIGHT="96.0">
            <Shape><Polygon POINTS="514 1707 555 1673 1066 1690 1476 1687 1504 1673 1607 1707 1573 1756 1438 1752 1411 1769 1376 1756 1293 1759 1280 1745 1186 1759 803 1752 734 1738 590 1756 555 1749 521 1714"/></Shape>
	    <String CONTENT="מה מקדש הנכנס בו בטומאה ענש כרת אף"
                    HPOS="514.0"
                    VPOS="1673.0"
                    WIDTH="1093.0"
                    HEIGHT="96.0"></String>
          </TextLine>

          
          
          <TextLine ID="eSc_line_6d44be66"
                    
                    BASELINE="506 1775 906 1784 929 1791 1012 1787 1587 1787" 
                    HPOS="503.0"
                    VPOS="1745.0"
                    WIDTH="1080.0"
                    HEIGHT="90.0">
            <Shape><Polygon POINTS="503 1773 562 1745 1238 1762 1273 1745 1287 1759 1400 1766 1431 1752 1556 1756 1583 1783 1566 1825 1497 1835 1356 1818 1314 1831 1290 1818 1266 1831 1180 1818 1035 1825 1017 1807 990 1825 769 1821 734 1807 714 1821 558 1818 517 1776"/></Shape>
	    <String CONTENT="הקדש האכלו בטומאה ענוש כרת יצאת"
                    HPOS="503.0"
                    VPOS="1745.0"
                    WIDTH="1080.0"
                    HEIGHT="90.0"></String>
          </TextLine>

          
          
          <TextLine ID="eSc_line_ec2bdd0e"
                    
                    BASELINE="519 1846 577 1853 798 1851 823 1856 1078 1858 1104 1865 1127 1860 1515 1860 1596 1865" 
                    HPOS="517.0"
                    VPOS="1811.0"
                    WIDTH="1077.0"
                    HEIGHT="89.0">
            <Shape><Polygon POINTS="517 1845 558 1818 596 1814 945 1828 990 1828 1010 1811 1035 1828 1180 1814 1262 1831 1335 1814 1369 1828 1566 1828 1594 1863 1566 1897 1135 1900 1090 1887 979 1900 614 1890 555 1880 524 1849"/></Shape>
	    <String CONTENT="תרומה תל&#39; לו&#39; בכל קדש לרבות תרומה או מה"
                    HPOS="517.0"
                    VPOS="1811.0"
                    WIDTH="1077.0"
                    HEIGHT="89.0"></String>
          </TextLine>

          
          
          <TextLine ID="eSc_line_f91c9d27"
                    
                    BASELINE="506 1920 565 1915 634 1915 726 1927 1587 1927" 
                    HPOS="503.0"
                    VPOS="1880.0"
                    WIDTH="1080.0"
                    HEIGHT="93.0">
            <Shape><Polygon POINTS="503 1918 548 1880 572 1880 983 1900 1093 1883 1135 1900 1552 1897 1583 1925 1563 1966 1507 1973 1369 1966 1352 1949 1321 1966 1228 1969 1093 1966 1069 1949 1028 1973 910 1973 828 1949 731 1966 676 1945 627 1963 531 1956 507 1932"/></Shape>
	    <String CONTENT="הקדש משמע נגיעה אף מקדש משמע נגיע&#39;"
                    HPOS="503.0"
                    VPOS="1880.0"
                    WIDTH="1080.0"
                    HEIGHT="93.0"></String>
          </TextLine>

          
          
          <TextLine ID="eSc_line_23b13fa0"
                    
                    BASELINE="499 1991 535 1989 667 2000 1198 1998 1221 2003 1354 2003 1380 1998 1601 1998" 
                    HPOS="496.0"
                    VPOS="1949.0"
                    WIDTH="1101.0"
                    HEIGHT="103.0">
            <Shape><Polygon POINTS="496 1990 552 1952 659 1966 686 1949 728 1969 828 1952 907 1976 1028 1976 1066 1952 1090 1966 1318 1969 1349 1949 1376 1969 1556 1969 1597 1997 1556 2035 1525 2028 1435 2052 1414 2032 1376 2045 1255 2032 1004 2045 962 2028 928 2045 772 2028 748 2042 576 2042 517 1990"/></Shape>
	    <String CONTENT="ומנין שלא תכנס בגלוגדיקא תל&#39; לו&#39; ואל המקד&#39;"
                    HPOS="496.0"
                    VPOS="1949.0"
                    WIDTH="1101.0"
                    HEIGHT="103.0"></String>
          </TextLine>

          
          
          <TextLine ID="eSc_line_9bd46be6"
                    
                    BASELINE="506 2065 588 2074 664 2072 876 2083 1345 2083 1393 2079 1578 2072" 
                    HPOS="503.0"
                    VPOS="2025.0"
                    WIDTH="1073.0"
                    HEIGHT="100.0">
            <Shape><Polygon POINTS="503 2063 541 2025 576 2038 769 2028 828 2045 945 2045 969 2032 1076 2049 1245 2032 1383 2045 1414 2032 1435 2052 1532 2028 1566 2035 1576 2070 1542 2114 1490 2118 1207 2104 1066 2125 997 2121 973 2101 945 2118 672 2111 645 2125 583 2121 510 2066"/></Shape>
	    <String CONTENT="לא תב&#39; עד מלא&#39; ימ&#39; טהרה לרבות יולדת נקבה ˙"
                    HPOS="503.0"
                    VPOS="2025.0"
                    WIDTH="1073.0"
                    HEIGHT="100.0"></String>
          </TextLine>

          
          
          <TextLine ID="eSc_line_01c5e38d"
                    
                    BASELINE="912 2153 1403 2153" 
                    HPOS="910.0"
                    VPOS="2104.0"
                    WIDTH="490.0"
                    HEIGHT="100.0">
            <Shape><Polygon POINTS="910 2152 917 2121 966 2104 1073 2135 1152 2111 1197 2125 1252 2107 1283 2121 1338 2111 1359 2132 1393 2121 1400 2152 1393 2183 1376 2173 1335 2194 1311 2194 1287 2170 1259 2190 1193 2170 1155 2204 1124 2180 917 2187"/></Shape>
	    <String CONTENT="פרק ˙ ג&#39; ˙"
                    HPOS="910.0"
                    VPOS="2104.0"
                    WIDTH="490.0"
                    HEIGHT="100.0"></String>
          </TextLine>

          
          
          <TextLine ID="eSc_line_5663276b"
                    
                    BASELINE="501 2212 561 2210 655 2219 761 2219 807 2224 920 2226 943 2231 1152 2231 1295 2224 1320 2219 1543 2219 1578 2224" 
                    HPOS="500.0"
                    VPOS="2163.0"
                    WIDTH="1076.0"
                    HEIGHT="110.0">
            <Shape><Polygon POINTS="500 2211 548 2176 621 2180 638 2163 679 2183 793 2183 824 2170 945 2194 997 2176 1117 2180 1145 2201 1183 2170 1262 2187 1283 2166 1307 2190 1552 2180 1576 2221 1542 2256 1507 2263 1407 2252 1331 2270 1259 2242 1242 2259 1200 2249 1076 2273 572 2256 503 2211"/></Shape>
	    <String CONTENT="נקבה אין לי אלא נקבה ומנ&#39; לרבות טומטום"
                    HPOS="500.0"
                    VPOS="2163.0"
                    WIDTH="1076.0"
                    HEIGHT="110.0"></String>
          </TextLine>

          
          
          <TextLine ID="eSc_line_c4821383"
                    
                    BASELINE="499 2279 561 2286 611 2283 786 2295 1578 2295" 
                    HPOS="496.0"
                    VPOS="2245.0"
                    WIDTH="1080.0"
                    HEIGHT="94.0">
            <Shape><Polygon POINTS="496 2277 538 2245 1076 2277 1204 2249 1331 2270 1542 2259 1576 2294 1542 2328 1490 2314 1466 2332 1300 2332 1269 2314 1238 2332 1121 2339 797 2335 779 2321 707 2339 679 2321 562 2321 514 2280 500 2290"/></Shape>
	    <String CONTENT="ואנדרוגינס תל&#39; לו&#39; ואם נקבה תלד אין הדבר"
                    HPOS="496.0"
                    VPOS="2245.0"
                    WIDTH="1080.0"
                    HEIGHT="94.0"></String>
          </TextLine>

          
          
          <TextLine ID="eSc_line_40dcc1fa"
                    
                    BASELINE="487 2352 524 2362 547 2357 650 2357 678 2362 777 2364 809 2369 1198 2366 1221 2371 1249 2364 1525 2359 1582 2362" 
                    HPOS="486.0"
                    VPOS="2318.0"
                    WIDTH="1094.0"
                    HEIGHT="90.0">
            <Shape><Polygon POINTS="486 2349 507 2349 538 2318 665 2321 693 2339 1242 2335 1273 2318 1311 2335 1359 2321 1466 2335 1497 2321 1549 2332 1580 2359 1542 2401 1073 2408 886 2394 862 2408 752 2408 572 2397 496 2352"/></Shape>
	    <String CONTENT="תלוי אלא בלדה וטמאה שבועים כנדתה שני"
                    HPOS="486.0"
                    VPOS="2318.0"
                    WIDTH="1094.0"
                    HEIGHT="90.0"></String>
          </TextLine>

          
          
          <TextLine ID="eSc_line_c90feb4c"
                    
                    BASELINE="496 2435 554 2431 630 2431 655 2435 901 2440 1196 2435 1219 2431 1568 2433" 
                    HPOS="493.0"
                    VPOS="2390.0"
                    WIDTH="1073.0"
                    HEIGHT="90.0">
            <Shape><Polygon POINTS="493 2432 538 2390 679 2411 879 2397 1552 2397 1566 2432 1542 2473 1449 2459 1400 2477 1307 2466 1221 2480 1197 2466 1062 2480 531 2480 496 2446"/></Shape>
	    <String CONTENT="שבועות שהן ארבעה עשר יום ˙ ב&#39; שאלו"
                    HPOS="493.0"
                    VPOS="2390.0"
                    WIDTH="1073.0"
                    HEIGHT="90.0"></String>
          </TextLine>

          
          
          <TextLine ID="eSc_line_0009e2fa"
                    
                    BASELINE="487 2497 524 2504 660 2504 848 2511 874 2518 897 2513 1163 2516 1504 2509 1536 2504 1566 2507" 
                    HPOS="486.0"
                    VPOS="2459.0"
                    WIDTH="1077.0"
                    HEIGHT="100.0">
            <Shape><Polygon POINTS="486 2494 555 2470 1086 2480 1193 2466 1224 2480 1411 2477 1456 2459 1545 2477 1563 2504 1552 2539 1528 2549 1186 2553 1169 2539 1021 2559 962 2539 883 2559 852 2542 783 2539 610 2549 545 2542 507 2504 489 2515"/></Shape>
	    <String CONTENT="התלמידים את ר&#39; יודה בן רועץ אי שומעים"
                    HPOS="486.0"
                    VPOS="2459.0"
                    WIDTH="1077.0"
                    HEIGHT="100.0"></String>
          </TextLine>

          
          
          <TextLine ID="eSc_line_86c025a8"
                    
                    BASELINE="496 2573 618 2580 641 2578 747 2589 1320 2589 1391 2585 1568 2580" 
                    HPOS="493.0"
                    VPOS="2539.0"
                    WIDTH="1073.0"
                    HEIGHT="89.0">
            <Shape><Polygon POINTS="493 2570 555 2542 776 2542 883 2559 959 2539 1004 2559 1549 2546 1566 2577 1542 2618 1490 2625 1117 2628 1083 2615 569 2618 531 2611 496 2577"/></Shape>
	    <String CONTENT="אנו וטמאה שבועים יכול תהא טמאה [שבע&#39;]"
                    HPOS="493.0"
                    VPOS="2539.0"
                    WIDTH="1073.0"
                    HEIGHT="89.0"></String>
          </TextLine>

          
          
          <TextLine ID="eSc_line_fe71dd9b"
                    
                    BASELINE="496 2647 581 2654 632 2651 660 2656 772 2658 795 2663 1090 2663 1564 2649" 
                    HPOS="493.0"
                    VPOS="2615.0"
                    WIDTH="1070.0"
                    HEIGHT="89.0">
            <Shape><Polygon POINTS="493 2646 545 2615 817 2628 1083 2618 1097 2632 1135 2618 1549 2622 1563 2646 1518 2694 1107 2691 1031 2704 931 2691 759 2697 717 2684 696 2697 621 2697 590 2677 545 2680 500 2649"/></Shape>
	    <String CONTENT="שבעים כנדתה אמ&#39; להן טמא וטיהר בזכר"
                    HPOS="493.0"
                    VPOS="2615.0"
                    WIDTH="1070.0"
                    HEIGHT="89.0"></String>
          </TextLine>

          
          
          <TextLine ID="eSc_line_2291ebf4"
                    
                    BASELINE="487 2720 524 2727 632 2725 687 2730 982 2730 1005 2725 1578 2725" 
                    HPOS="486.0"
                    VPOS="2677.0"
                    WIDTH="1090.0"
                    HEIGHT="89.0">
            <Shape><Polygon POINTS="486 2718 531 2680 593 2677 617 2694 679 2697 1528 2691 1576 2722 1511 2763 1152 2766 928 2753 862 2766 614 2766 590 2749 527 2763 489 2725"/></Shape>
	    <String CONTENT="טמא וטיהר בנקבה מה ימי טהרתה כפליים"
                    HPOS="486.0"
                    VPOS="2677.0"
                    WIDTH="1090.0"
                    HEIGHT="89.0"></String>
          </TextLine>

          
          
          <TextLine ID="eSc_line_2867d7dd"
                    
                    BASELINE="527 2787 706 2794 832 2801 1223 2801 1246 2796 1430 2796 1515 2794 1543 2789 1578 2796" 
                    HPOS="524.0"
                    VPOS="2749.0"
                    WIDTH="1052.0"
                    HEIGHT="90.0">
            <Shape><Polygon POINTS="524 2784 527 2766 590 2749 614 2766 700 2770 879 2770 917 2753 1138 2770 1463 2760 1532 2763 1576 2794 1538 2825 1483 2835 1425 2822 1373 2839 1259 2825 807 2839 631 2818 527 2832"/></Shape>
	    <String CONTENT="בזכר אף ימי טמאתה כפליים בזכר ˙ [ג&#39;]"
                    HPOS="524.0"
                    VPOS="2749.0"
                    WIDTH="1052.0"
                    HEIGHT="90.0"></String>
          </TextLine>

          
          
          <TextLine ID="eSc_line_014da2d6"
                    
                    BASELINE="487 2858 526 2865 577 2863 655 2868 858 2870 1223 2868 1278 2863 1545 2863" 
                    HPOS="486.0"
                    VPOS="2822.0"
                    WIDTH="1056.0"
                    HEIGHT="86.0">
            <Shape><Polygon POINTS="486 2856 527 2832 621 2822 931 2839 1249 2825 1487 2839 1532 2825 1542 2860 1532 2908 1442 2884 1404 2901 1297 2904 1259 2891 1149 2908 1045 2904 1004 2887 973 2904 545 2901 496 2860"/></Shape>
	    <String CONTENT="ג&#39; מאחר שניפטרו יצא המחזר אחריהם"
                    HPOS="486.0"
                    VPOS="2822.0"
                    WIDTH="1056.0"
                    HEIGHT="86.0"></String>
          </TextLine>

          
          
          <TextLine ID="eSc_line_48eb155e"
                    
                    BASELINE="473 2923 558 2927 673 2939 1557 2934" 
                    HPOS="472.0"
                    VPOS="2887.0"
                    WIDTH="1084.0"
                    HEIGHT="100.0">
            <Shape><Polygon POINTS="472 2922 514 2891 969 2908 1004 2887 1038 2904 1186 2908 1328 2894 1407 2904 1435 2887 1532 2911 1556 2932 1532 2977 1418 2967 1369 2984 1356 2970 1231 2963 1166 2977 1145 2963 1121 2977 1076 2967 1045 2987 1017 2963 893 2987 869 2963 821 2977 514 2963 476 2925"/></Shape>
	    <String CONTENT="אמ&#39; להן לא הייתי צריך ליזקק לכם מפני שיש"
                    HPOS="472.0"
                    VPOS="2887.0"
                    WIDTH="1084.0"
                    HEIGHT="100.0"></String>
          </TextLine>

          
          
          <TextLine ID="eSc_line_233ee928"
                    
                    BASELINE="473 3001 533 3001 627 3012 1221 3012 1460 3006 1557 3008" 
                    HPOS="472.0"
                    VPOS="2963.0"
                    WIDTH="1084.0"
                    HEIGHT="86.0">
            <Shape><Polygon POINTS="472 2998 517 2963 662 2977 845 2977 869 2963 897 2991 973 2967 1017 2967 1052 2987 1073 2973 1169 2977 1186 2963 1369 2980 1425 2963 1442 2977 1532 2977 1556 3004 1525 3039 1356 3049 510 3042 476 3008"/></Shape>
	    <String CONTENT="אם למקרא אלא זו תשובה לדבר טימא וטיה&#39;"
                    HPOS="472.0"
                    VPOS="2963.0"
                    WIDTH="1084.0"
                    HEIGHT="86.0"></String>
          </TextLine>

          
          
          <TextLine ID="eSc_line_b3f2138e"
                    
                    BASELINE="469 3068 503 3065 616 3077 1304 3077 1331 3072 1566 3072" 
                    HPOS="465.0"
                    VPOS="3039.0"
                    WIDTH="1098.0"
                    HEIGHT="76.0">
            <Shape><Polygon POINTS="465 3067 552 3039 1538 3039 1563 3070 1528 3108 1452 3108 1435 3094 1352 3111 1321 3101 969 3115 762 3111 741 3091 659 3111 521 3111 469 3067"/></Shape>
	    <String CONTENT="בזכר וטימא וטיהר בנקבה מה ימי טהרתה"
                    HPOS="465.0"
                    VPOS="3039.0"
                    WIDTH="1098.0"
                    HEIGHT="76.0"></String>
          </TextLine>

          
          
          <TextLine ID="eSc_line_42b70226"
                    
                    BASELINE="471 3125 506 3132 533 3130 653 3141 1550 3141" 
                    HPOS="469.0"
                    VPOS="3091.0"
                    WIDTH="1080.0"
                    HEIGHT="96.0">
            <Shape><Polygon POINTS="469 3122 507 3101 662 3111 741 3091 762 3111 966 3115 1356 3111 1442 3098 1521 3108 1549 3139 1528 3174 1452 3187 1411 3167 1380 3180 1252 3180 1228 3156 1186 3184 1149 3163 1117 3177 769 3180 717 3167 545 3174 472 3125"/></Shape>
	    <String CONTENT="כפליים בזכר אף ימי טומאתה כפליים בזכר ˙"
                    HPOS="469.0"
                    VPOS="3091.0"
                    WIDTH="1080.0"
                    HEIGHT="96.0"></String>
          </TextLine>

          
          
          <TextLine ID="eSc_line_b2af2d60"
                    
                    BASELINE="464 3199 729 3215 1582 3210" 
                    HPOS="462.0"
                    VPOS="3167.0"
                    WIDTH="1118.0"
                    HEIGHT="120.0">
            <Shape><Polygon POINTS="462 3198 469 3180 524 3167 824 3180 1045 3180 1073 3167 1117 3180 1145 3167 1176 3180 1218 3167 1307 3180 1338 3167 1380 3180 1414 3167 1428 3180 1573 3180 1580 3208 1569 3243 1473 3267 1373 3253 1328 3287 1273 3274 1221 3287 966 3287 866 3243 814 3246 786 3270 741 3253 707 3263 683 3243 569 3280 521 3243 465 3243"/></Shape>
	    <String CONTENT="ד&#39; הולכה לך לדרך הזו זכר שימי טהרתו"
                    HPOS="462.0"
                    VPOS="3167.0"
                    WIDTH="1118.0"
                    HEIGHT="120.0"></String>
          </TextLine>

          
        </TextBlock>
        

        
      </PrintSpace>
    </Page>
  </Layout>
</alto>
