<?xml version="1.0" encoding="UTF-8"?>
<alto xmlns:xsi="http://www.w3.org/2001/XMLSchema-instance"
      xmlns="http://www.loc.gov/standards/alto/ns-v4#"
      xsi:schemaLocation="http://www.loc.gov/standards/alto/ns-v4# http://www.loc.gov/standards/alto/v4/alto-4-2.xsd">
  <Description>
    <MeasurementUnit>pixel</MeasurementUnit>
    <sourceImageInformation>
      <fileName>Vat.ebr.31_0057_fa_0026r.jpg</fileName>
      
    </sourceImageInformation>
  </Description>
  
  <Tags>
    <OtherTag ID="BT1" LABEL="Title" DESCRIPTION="block type Title"/><OtherTag ID="BT2" LABEL="Main" DESCRIPTION="block type Main"/><OtherTag ID="BT3" LABEL="Commentary" DESCRIPTION="block type Commentary"/><OtherTag ID="BT4" LABEL="Illustration" DESCRIPTION="block type Illustration"/><OtherTag ID="BT849" LABEL="Margin" DESCRIPTION="block type Margin"/><OtherTag ID="BT850" LABEL="Paratext" DESCRIPTION="block type Paratext"/>
    <OtherTag ID="LT2" LABEL="Numbering" DESCRIPTION="line type Numbering"/><OtherTag ID="LT3" LABEL="Correction" DESCRIPTION="line type Correction"/>
  </Tags>
  
  <Layout>
    <Page WIDTH="3589"
          HEIGHT="4140"
          PHYSICAL_IMG_NR="50"
          ID="eSc_dummypage_">
      <PrintSpace HPOS="0"
                  VPOS="0"
                  WIDTH="3589"
                  HEIGHT="4140">
        
        <TextBlock HPOS="1976.0"
                   VPOS="696.0"
                   WIDTH="1086.0"
                   HEIGHT="2641.0"
                   ID="eSc_textblock_261d8230"
                   TAGREFS="BT2">
          <Shape><Polygon POINTS="3062 3337 3052 708 1987 696 1976 3318 3062 3337"/></Shape>
          
          
          <TextLine ID="eSc_line_7d3b6c21"
                    
                    BASELINE="1960 772 2259 772 3020 761" 
                    HPOS="1956.0"
                    VPOS="721.0"
                    WIDTH="1063.0"
                    HEIGHT="93.0">
            <Shape><Polygon POINTS="1956 769 1960 748 2036 748 2091 727 2146 748 2246 724 2270 745 2336 745 2353 731 2453 745 2539 721 2615 724 2629 738 2667 721 2753 721 2767 734 2819 724 2836 738 3009 734 3019 759 3009 803 2933 790 2860 803 2750 793 2736 807 2457 796 2432 810 2308 796 2246 814 1960 800"/></Shape>
	    <String CONTENT="קדשי ייי ריבה יכול אם היקדיש תרין למזבח"
                    HPOS="1956.0"
                    VPOS="721.0"
                    WIDTH="1063.0"
                    HEIGHT="93.0"></String>
          </TextLine>

          
          
          <TextLine ID="eSc_line_653d6ee9"
                    
                    BASELINE="1969 844 2029 844 2052 848 2385 848 2422 844 2500 841 2723 844 2878 837 3020 839" 
                    HPOS="1967.0"
                    VPOS="786.0"
                    WIDTH="1052.0"
                    HEIGHT="107.0">
            <Shape><Polygon POINTS="1967 841 1980 814 2005 810 2149 821 2750 807 2781 786 2833 807 2991 807 3019 838 2998 872 2929 879 2864 862 2819 879 2633 869 2439 872 2412 886 2160 883 2143 869 2129 883 2056 876 2029 893 1970 845"/></Shape>
	    <String CONTENT="יהו מועלין בביציהם היקדיש בור ואחר כך"
                    HPOS="1967.0"
                    VPOS="786.0"
                    WIDTH="1052.0"
                    HEIGHT="107.0"></String>
          </TextLine>

          
          
          <TextLine ID="eSc_line_aa02501c"
                    
                    BASELINE="1941 913 2470 917 2553 910 2813 913 2885 906 3029 906" 
                    HPOS="1939.0"
                    VPOS="859.0"
                    WIDTH="1087.0"
                    HEIGHT="110.0">
            <Shape><Polygon POINTS="1939 910 1977 859 2018 893 2053 879 2125 886 2143 869 2243 890 2415 890 2633 872 2822 879 2867 865 2916 879 2991 872 3026 903 2995 948 2819 952 2753 938 2567 959 2515 941 2467 959 2357 952 2322 969 2239 945 2212 959 1991 955 1949 914"/></Shape>
	    <String CONTENT="נתמלא מים אשפות ואחר כך נתמלאת זבל"
                    HPOS="1939.0"
                    VPOS="859.0"
                    WIDTH="1087.0"
                    HEIGHT="110.0"></String>
          </TextLine>

          
          
          <TextLine ID="eSc_line_08faa1ca"
                    
                    BASELINE="1973 991 2006 988 2070 995 2296 995 2388 988 2682 991 2763 988 2786 984 3029 984" 
                    HPOS="1970.0"
                    VPOS="938.0"
                    WIDTH="1056.0"
                    HEIGHT="107.0">
            <Shape><Polygon POINTS="1970 990 1998 955 2215 959 2239 945 2322 966 2463 959 2515 938 2560 955 2729 955 2746 941 2805 955 2960 948 3002 955 3026 983 2978 1024 2898 1031 2722 1021 2671 1035 2657 1021 2457 1017 2243 1031 2218 1007 2191 1035 2056 1028 2022 1045 1973 1003"/></Shape>
	    <String CONTENT="שובך ואחר כך נתמלא יונים אילן ואחר כך"
                    HPOS="1970.0"
                    VPOS="938.0"
                    WIDTH="1056.0"
                    HEIGHT="107.0"></String>
          </TextLine>

          
          
          <TextLine ID="eSc_line_c8a70c4e"
                    
                    BASELINE="1964 1069 2500 1069 2544 1062 2763 1064 2820 1058 3025 1060" 
                    HPOS="1963.0"
                    VPOS="1010.0"
                    WIDTH="1060.0"
                    HEIGHT="104.0">
            <Shape><Polygon POINTS="1963 1066 1984 1035 2022 1048 2060 1035 2181 1038 2218 1010 2243 1031 2281 1035 2443 1021 2671 1035 2991 1024 3023 1059 3012 1093 2985 1100 2926 1100 2891 1083 2853 1100 2688 1104 2653 1086 2602 1104 2388 1110 2156 1093 2122 1114 1987 1114 1967 1093"/></Shape>
	    <String CONTENT="נשא פירות שדה ואחרכך נתמלת עשבים"
                    HPOS="1963.0"
                    VPOS="1010.0"
                    WIDTH="1060.0"
                    HEIGHT="104.0"></String>
          </TextLine>

          
          
          <TextLine ID="eSc_line_818b6ab5"
                    
                    BASELINE="1937 1138 2250 1143 2273 1138 2323 1136 2643 1138 2822 1131 3029 1131" 
                    HPOS="1935.0"
                    VPOS="1083.0"
                    WIDTH="1091.0"
                    HEIGHT="103.0">
            <Shape><Polygon POINTS="1935 1135 1973 1110 2129 1121 2163 1097 2187 1110 2405 1110 2636 1104 2660 1086 2688 1104 2864 1100 2895 1083 2926 1100 2998 1100 3026 1128 3009 1173 2978 1155 2940 1176 2740 1166 2615 1179 2560 1166 2070 1186 1987 1183 1939 1138"/></Shape>
	    <String CONTENT="יכול יהו מועלין במה שבתוכם תל&#39; לו&#39; מקדשי"
                    HPOS="1935.0"
                    VPOS="1083.0"
                    WIDTH="1091.0"
                    HEIGHT="103.0"></String>
          </TextLine>

          
          
          <TextLine ID="eSc_line_11647ad8"
                    
                    BASELINE="1953 1212 2082 1216 2181 1209 2498 1212 2530 1205 3025 1207" 
                    HPOS="1949.0"
                    VPOS="1155.0"
                    WIDTH="1074.0"
                    HEIGHT="100.0">
            <Shape><Polygon POINTS="1949 1210 1977 1179 2036 1176 2574 1166 2636 1179 2753 1166 2771 1179 2943 1179 2978 1155 3023 1204 2985 1242 2940 1248 2902 1245 2881 1224 2847 1248 2746 1245 2712 1224 2667 1248 2467 1238 2446 1255 2388 1224 2353 1245 2277 1248 1970 1255 1953 1238"/></Shape>
	    <String CONTENT="ייי מיעט ר&#39; יוסי או&#39; המקדיש את השדה ואת"
                    HPOS="1949.0"
                    VPOS="1155.0"
                    WIDTH="1074.0"
                    HEIGHT="100.0"></String>
          </TextLine>

          
          
          <TextLine ID="eSc_line_b0cbbf50"
                    
                    BASELINE="1941 1285 2164 1283 2811 1285 3023 1278" 
                    HPOS="1939.0"
                    VPOS="1224.0"
                    WIDTH="1080.0"
                    HEIGHT="114.0">
            <Shape><Polygon POINTS="1939 1283 1967 1252 2350 1248 2377 1224 2436 1255 2660 1252 2712 1224 2743 1245 2843 1252 2881 1224 2905 1248 2998 1245 3019 1276 3009 1317 2916 1317 2871 1290 2833 1317 2702 1311 2595 1331 2560 1304 2515 1324 2087 1324 2060 1307 2042 1324 2001 1317 1980 1338 1942 1335"/></Shape>
	    <String CONTENT="האילן מועלין בהן ובגידוליהן מפני שהן"
                    HPOS="1939.0"
                    VPOS="1224.0"
                    WIDTH="1080.0"
                    HEIGHT="114.0"></String>
          </TextLine>

          
          
          <TextLine ID="eSc_line_867e7a36"
                    
                    BASELINE="1950 1354 2114 1352 2270 1354 2371 1347 2746 1350 2905 1343 3023 1345" 
                    HPOS="1949.0"
                    VPOS="1307.0"
                    WIDTH="1070.0"
                    HEIGHT="86.0">
            <Shape><Polygon POINTS="1949 1352 2001 1321 2539 1324 2560 1307 2588 1331 2660 1314 2864 1328 2881 1311 2998 1321 3019 1342 3005 1383 2788 1390 2677 1386 2639 1355 2615 1380 2567 1386 2501 1362 2481 1376 2353 1373 2291 1393 2101 1380 2067 1393 2049 1376 2025 1393 1998 1390 1960 1352"/></Shape>
	    <String CONTENT="גידולי הקדש ˙ ה&#39; והביא אף לאחר יום"
                    HPOS="1949.0"
                    VPOS="1307.0"
                    WIDTH="1070.0"
                    HEIGHT="86.0"></String>
          </TextLine>

          
          
          <TextLine ID="eSc_line_6c7c5f06"
                    
                    BASELINE="1964 1423 2323 1428 2415 1421 2634 1423 2698 1419 2841 1419 2873 1412 3020 1412" 
                    HPOS="1963.0"
                    VPOS="1359.0"
                    WIDTH="1056.0"
                    HEIGHT="117.0">
            <Shape><Polygon POINTS="1963 1421 1987 1390 2032 1393 2046 1380 2067 1393 2308 1390 2336 1407 2391 1390 2429 1407 2488 1393 2505 1411 2522 1393 2619 1383 2643 1359 2674 1386 2995 1380 3019 1411 3002 1445 2888 1459 2812 1445 2774 1455 2750 1435 2726 1455 2636 1449 2457 1473 2322 1452 2256 1469 2111 1462 2084 1476 2063 1462 1991 1469 1967 1445"/></Shape>
	    <String CONTENT="הכיפורים אייל קשה ↑ [מן שני יונים] צאן [לרב&#39;ו&#39;]"
                    HPOS="1963.0"
                    VPOS="1359.0"
                    WIDTH="1056.0"
                    HEIGHT="117.0"></String>
          </TextLine>

          
          
          <TextLine ID="eSc_line_10096c29"
                    TAGREFS="LT3"
                    BASELINE="2334 1390 2547 1395" 
                    HPOS="2333.0"
                    VPOS="1365.0"
                    WIDTH="214.0"
                    HEIGHT="54.0">
            <Shape><Polygon POINTS="2334 1365 2547 1370 2546 1419 2333 1414"/></Shape>
	    <String CONTENT="בן שתי שנים"
                    HPOS="2333.0"
                    VPOS="1365.0"
                    WIDTH="214.0"
                    HEIGHT="54.0"></String>
          </TextLine>

          
          
          <TextLine ID="eSc_line_2fcb4116"
                    
                    BASELINE="1973 1494 2006 1501 2178 1499 2344 1501 2459 1494 2622 1497 2698 1490 2885 1492 3027 1485" 
                    HPOS="1970.0"
                    VPOS="1435.0"
                    WIDTH="1056.0"
                    HEIGHT="117.0">
            <Shape><Polygon POINTS="1970 1493 2011 1466 2091 1476 2143 1462 2719 1462 2750 1435 2778 1459 2954 1459 2985 1445 3026 1483 2991 1531 2453 1542 2432 1528 2291 1538 2274 1521 2256 1538 2181 1538 2163 1521 2146 1535 2098 1524 2042 1552 1973 1504"/></Shape>
	    <String CONTENT="לרבות מכל משמע צאן אף החרשת ˙˙ אף"
                    HPOS="1970.0"
                    VPOS="1435.0"
                    WIDTH="1056.0"
                    HEIGHT="117.0"></String>
          </TextLine>

          
          
          <TextLine ID="eSc_line_16415584"
                    
                    BASELINE="1946 1566 1980 1563 2063 1570 2153 1568 2606 1570 2710 1563 2951 1566 3027 1559" 
                    HPOS="1942.0"
                    VPOS="1521.0"
                    WIDTH="1084.0"
                    HEIGHT="100.0">
            <Shape><Polygon POINTS="1942 1562 1991 1531 2042 1559 2101 1531 2146 1538 2163 1521 2177 1535 2246 1538 2274 1521 2287 1535 2450 1542 2995 1528 3026 1555 2998 1597 2753 1607 2622 1604 2608 1590 2488 1611 2412 1590 2391 1604 2374 1593 2346 1621 2294 1600 2108 1611 2046 1569 2005 1566 1980 1587 1946 1562"/></Shape>
	    <String CONTENT="השוטה אף הננסת מן הצאן ולא פלגס ˙ ו&#39;"
                    HPOS="1942.0"
                    VPOS="1521.0"
                    WIDTH="1084.0"
                    HEIGHT="100.0"></String>
          </TextLine>

          
          
          <TextLine ID="eSc_line_41b5156e"
                    
                    BASELINE="1941 1632 2065 1632 2123 1639 2167 1637 2243 1639 2302 1632 2666 1635 2811 1628 3029 1630" 
                    HPOS="1939.0"
                    VPOS="1576.0"
                    WIDTH="1087.0"
                    HEIGHT="104.0">
            <Shape><Polygon POINTS="1939 1631 1946 1607 1991 1607 2022 1576 2049 1604 2084 1590 2105 1607 2291 1600 2325 1604 2346 1624 2426 1590 2488 1611 2602 1593 2684 1607 2998 1597 3026 1628 2998 1666 2929 1669 2905 1645 2871 1676 2843 1659 2791 1669 2778 1656 2760 1673 2574 1669 2539 1652 2508 1673 2484 1649 2443 1673 2398 1659 2350 1669 2325 1645 2301 1669 2246 1680 2146 1659 1977 1656 1942 1635"/></Shape>
	    <String CONTENT="בערכך כסף יכול דינר תל&#39; לו&#39; שקלים או שקלין"
                    HPOS="1939.0"
                    VPOS="1576.0"
                    WIDTH="1087.0"
                    HEIGHT="104.0"></String>
          </TextLine>

          
          
          <TextLine ID="eSc_line_2cbf3581"
                    TAGREFS="LT3"
                    BASELINE="1950 1685 2171 1669" 
                    HPOS="1948.0"
                    VPOS="1644.0"
                    WIDTH="224.0"
                    HEIGHT="65.0">
            <Shape><Polygon POINTS="1948 1660 2169 1644 2172 1693 1951 1709"/></Shape>
	    <String CONTENT="אי שקלים כסף"
                    HPOS="1948.0"
                    VPOS="1644.0"
                    WIDTH="224.0"
                    HEIGHT="65.0"></String>
          </TextLine>

          
          
          <TextLine ID="eSc_line_825479fa"
                    
                    BASELINE="2003 1700 2086 1704 2134 1701 2638 1704 2733 1699 3027 1701" 
                    HPOS="2001.0"
                    VPOS="1645.0"
                    WIDTH="1025.0"
                    HEIGHT="117.0">
            <Shape><Polygon POINTS="2001 1697 2070 1680 2136 1693 2156 1673 2253 1687 2298 1676 2325 1649 2350 1673 2446 1673 2484 1649 2512 1676 2536 1652 2598 1673 2760 1673 2778 1659 2871 1676 2905 1645 2929 1669 3002 1669 3026 1700 2998 1731 2947 1738 2926 1721 2822 1745 2771 1731 2419 1735 2353 1714 2301 1745 2184 1742 2149 1762 2125 1738 2025 1745 2005 1725"/></Shape>
	    <String CONTENT="יכול שקלי נחשת תל&#39; לו&#39; שקלים כסף ↑ יכול"
                    HPOS="2001.0"
                    VPOS="1645.0"
                    WIDTH="1025.0"
                    HEIGHT="117.0"></String>
          </TextLine>

          
          
          <TextLine ID="eSc_line_1e4b7201"
                    
                    BASELINE="1969 1770 3034 1770" 
                    HPOS="1967.0"
                    VPOS="1725.0"
                    WIDTH="1066.0"
                    HEIGHT="100.0">
            <Shape><Polygon POINTS="1967 1769 1998 1725 2029 1749 2129 1742 2153 1766 2191 1742 2305 1745 2325 1725 2374 1756 2401 1731 2826 1749 2933 1728 2947 1742 3012 1738 3033 1769 3012 1814 2936 1797 2829 1818 2778 1790 2746 1811 2674 1818 2588 1811 2574 1797 2539 1814 2415 1811 2391 1787 2343 1811 2146 1807 2094 1825 1973 1807"/></Shape>
	    <String CONTENT="בבליות מדיות קפדוקיות תל&#39; לו&#39; בשקל הקודש&#39;"
                    HPOS="1967.0"
                    VPOS="1725.0"
                    WIDTH="1066.0"
                    HEIGHT="100.0"></String>
          </TextLine>

          
          
          <TextLine ID="eSc_line_0f3b43e1"
                    
                    BASELINE="1978 1846 2132 1844 2392 1846 2440 1842 2514 1842 2576 1846 2774 1846 2829 1842 3013 1837" 
                    HPOS="1977.0"
                    VPOS="1787.0"
                    WIDTH="1035.0"
                    HEIGHT="103.0">
            <Shape><Polygon POINTS="1977 1845 2005 1811 2087 1825 2136 1807 2346 1807 2388 1787 2408 1807 2515 1807 2605 1831 2636 1814 2743 1811 2771 1790 2795 1814 2836 1821 2950 1797 3002 1814 3012 1835 2998 1880 2912 1887 2833 1876 2733 1890 2684 1869 2536 1883 2370 1866 2267 1883 1980 1887"/></Shape>
	    <String CONTENT="סלעים שלקודש ↑ צוריות לאשם שיהא"
                    HPOS="1977.0"
                    VPOS="1787.0"
                    WIDTH="1035.0"
                    HEIGHT="103.0"></String>
          </TextLine>

          
          
          <TextLine ID="eSc_line_5978b05d"
                    TAGREFS="LT3"
                    BASELINE="2533 1813 2637 1824" 
                    HPOS="2530.0"
                    VPOS="1788.0"
                    WIDTH="109.0"
                    HEIGHT="60.0">
            <Shape><Polygon POINTS="2535 1788 2639 1799 2634 1848 2530 1837"/></Shape>
	    <String CONTENT="סלעים"
                    HPOS="2530.0"
                    VPOS="1788.0"
                    WIDTH="109.0"
                    HEIGHT="60.0"></String>
          </TextLine>

          
          
          <TextLine ID="eSc_line_17950d92"
                    
                    BASELINE="1964 1915 2220 1920 2417 1913 2914 1915 2967 1911 3039 1911" 
                    HPOS="1963.0"
                    VPOS="1866.0"
                    WIDTH="1073.0"
                    HEIGHT="97.0">
            <Shape><Polygon POINTS="1963 1914 2005 1894 2084 1887 2298 1887 2315 1900 2363 1866 2388 1883 2653 1880 2681 1866 2743 1890 3012 1876 3036 1907 3019 1942 2964 1956 2626 1942 2608 1959 2519 1938 2457 1952 2432 1928 2367 1952 2332 1938 2291 1949 2263 1928 2212 1959 2053 1963 2008 1952 1967 1918"/></Shape>
	    <String CONTENT="הפרש מעות לשם אשם ˙ ז&#39; את אשר"
                    HPOS="1963.0"
                    VPOS="1866.0"
                    WIDTH="1073.0"
                    HEIGHT="97.0"></String>
          </TextLine>

          
          
          <TextLine ID="eSc_line_7789695f"
                    
                    BASELINE="1978 1989 2560 1994 2608 1987 3023 1989" 
                    HPOS="1977.0"
                    VPOS="1928.0"
                    WIDTH="1042.0"
                    HEIGHT="114.0">
            <Shape><Polygon POINTS="1977 1987 2015 1959 2160 1963 2246 1945 2401 1956 2432 1928 2460 1959 2505 1942 2602 1963 2626 1945 2702 1945 2722 1959 3009 1952 3019 1987 3009 2018 2957 2028 2822 2035 2809 2021 2736 2032 2650 2018 2263 2035 2225 2004 2201 2028 2049 2042 1980 1990"/></Shape>
	    <String CONTENT="חטא מן הקוד&#39; יש&#39; ישלם לאתו הקדש ומנין"
                    HPOS="1977.0"
                    VPOS="1928.0"
                    WIDTH="1042.0"
                    HEIGHT="114.0"></String>
          </TextLine>

          
          
          <TextLine ID="eSc_line_d429f9d8"
                    
                    BASELINE="1969 2063 2134 2060 2675 2063 2832 2058 3046 2058" 
                    HPOS="1967.0"
                    VPOS="1990.0"
                    WIDTH="1076.0"
                    HEIGHT="111.0">
            <Shape><Polygon POINTS="1967 2059 1984 1990 2036 2042 2205 2028 2225 2007 2260 2035 2577 2018 2833 2035 3002 2014 3043 2056 3019 2094 2850 2101 2722 2101 2677 2076 2653 2097 2398 2097 2350 2094 2329 2076 2284 2101 2256 2076 2232 2097 2056 2101 1973 2059"/></Shape>
	    <String CONTENT="לרבות פחות משוה פרוטה שיכול הואיל"
                    HPOS="1967.0"
                    VPOS="1990.0"
                    WIDTH="1076.0"
                    HEIGHT="111.0"></String>
          </TextLine>

          
          
          <TextLine ID="eSc_line_0cf35db1"
                    
                    BASELINE="1971 2127 3039 2132" 
                    HPOS="1970.0"
                    VPOS="2080.0"
                    WIDTH="1066.0"
                    HEIGHT="96.0">
            <Shape><Polygon POINTS="1970 2125 2005 2083 2053 2104 2208 2104 2256 2083 2291 2104 2332 2080 2353 2101 2657 2097 2677 2080 2698 2101 2995 2094 3016 2097 3036 2128 3005 2166 2947 2152 2922 2176 2843 2159 2788 2166 2760 2139 2712 2170 2588 2166 2574 2152 2539 2166 2515 2152 2453 2173 2222 2173 2201 2152 2174 2173 2001 2173 1973 2145"/></Shape>
	    <String CONTENT="ואין חייבין עליו משום מעילה לא יהו חייבי&#39;"
                    HPOS="1970.0"
                    VPOS="2080.0"
                    WIDTH="1066.0"
                    HEIGHT="96.0"></String>
          </TextLine>

          
          
          <TextLine ID="eSc_line_36af1613"
                    
                    BASELINE="1964 2205 2222 2203 2298 2210 2360 2210 2397 2205 2489 2203 2972 2205 3036 2196" 
                    HPOS="1963.0"
                    VPOS="2149.0"
                    WIDTH="1070.0"
                    HEIGHT="100.0">
            <Shape><Polygon POINTS="1963 2204 2005 2170 2174 2170 2198 2149 2222 2170 2370 2173 2477 2170 2515 2152 2539 2166 2570 2152 2595 2170 2715 2170 2743 2149 2771 2176 2833 2163 2922 2176 2954 2152 2971 2170 3023 2166 3033 2194 3023 2228 2985 2242 2660 2232 2643 2249 2626 2235 2501 2239 2488 2225 2467 2242 2408 2249 2388 2235 2329 2249 2291 2232 2243 2242 2205 2221 2156 2242 1998 2242 1967 2211"/></Shape>
	    <String CONTENT="עליו בתשלומין תל&#39; לו&#39; מן הקדש לרבות"
                    HPOS="1963.0"
                    VPOS="2149.0"
                    WIDTH="1070.0"
                    HEIGHT="100.0"></String>
          </TextLine>

          
          
          <TextLine ID="eSc_line_11f4a718"
                    
                    BASELINE="1978 2272 2040 2272 2132 2279 2162 2272 3041 2274" 
                    HPOS="1977.0"
                    VPOS="2221.0"
                    WIDTH="1063.0"
                    HEIGHT="93.0">
            <Shape><Polygon POINTS="1977 2270 1984 2242 2156 2245 2205 2221 2239 2242 2325 2252 2391 2239 2405 2252 2470 2245 2484 2232 2622 2239 2639 2252 2657 2235 3009 2239 3040 2273 3016 2311 2988 2314 2764 2308 2715 2287 2695 2308 2560 2311 2529 2290 2484 2311 2422 2297 2388 2308 2370 2294 2332 2311 2101 2311 2049 2287 2011 2311 1980 2294"/></Shape>
	    <String CONTENT="פחות משוה פרוטה מנ&#39; שהוא משלם חומש"
                    HPOS="1977.0"
                    VPOS="2221.0"
                    WIDTH="1063.0"
                    HEIGHT="93.0"></String>
          </TextLine>

          
          
          <TextLine ID="eSc_line_20d02681"
                    
                    BASELINE="1960 2334 1992 2332 2015 2336 2116 2339 3043 2339" 
                    HPOS="1956.0"
                    VPOS="2287.0"
                    WIDTH="1084.0"
                    HEIGHT="103.0">
            <Shape><Polygon POINTS="1956 2332 1980 2304 2022 2311 2049 2290 2070 2311 2336 2308 2363 2290 2391 2308 2419 2294 2477 2311 2529 2290 2546 2308 2684 2311 2715 2287 2757 2308 3012 2311 3040 2335 3016 2373 2991 2363 2943 2390 2919 2370 2774 2377 2639 2363 2612 2387 2591 2366 2432 2373 2405 2349 2346 2373 1998 2373 1960 2335"/></Shape>
	    <String CONTENT="ואשם בתשלומין הללו תל&#39; לו&#39; הקודש ישלם ˙"
                    HPOS="1956.0"
                    VPOS="2287.0"
                    WIDTH="1084.0"
                    HEIGHT="103.0"></String>
          </TextLine>

          
          
          <TextLine ID="eSc_line_d15a899d"
                    
                    BASELINE="1987 2403 2836 2408 2903 2403 2951 2405 3046 2398" 
                    HPOS="1984.0"
                    VPOS="2352.0"
                    WIDTH="1059.0"
                    HEIGHT="94.0">
            <Shape><Polygon POINTS="1984 2401 2008 2377 2353 2377 2398 2352 2429 2377 2522 2366 2612 2387 2636 2366 2916 2370 2943 2397 2998 2363 3043 2397 3016 2435 2933 2428 2888 2442 2715 2428 2702 2442 2567 2432 2367 2446 2336 2418 2312 2442 2118 2446 2098 2428 2008 2439 1987 2418"/></Shape>
	    <String CONTENT="ח&#39; את חמישיתו יוסף עליו שיהא הוא"
                    HPOS="1984.0"
                    VPOS="2352.0"
                    WIDTH="1059.0"
                    HEIGHT="94.0"></String>
          </TextLine>

          
          
          <TextLine ID="eSc_line_b1762902"
                    TAGREFS="LT3"
                    BASELINE="2006 2450 2105 2452" 
                    HPOS="2005.0"
                    VPOS="2425.0"
                    WIDTH="100.0"
                    HEIGHT="51.0">
            <Shape><Polygon POINTS="2006 2425 2105 2427 2104 2476 2005 2474"/></Shape>
	    <String CONTENT="לחמש"
                    HPOS="2005.0"
                    VPOS="2425.0"
                    WIDTH="100.0"
                    HEIGHT="51.0"></String>
          </TextLine>

          
          
          <TextLine ID="eSc_line_0f8346f2"
                    
                    BASELINE="1978 2472 2270 2477 2348 2470 3048 2472" 
                    HPOS="1977.0"
                    VPOS="2418.0"
                    WIDTH="1070.0"
                    HEIGHT="110.0">
            <Shape><Polygon POINTS="1977 2470 1991 2449 2063 2459 2098 2428 2122 2446 2239 2442 2315 2439 2336 2418 2367 2449 2646 2449 2719 2428 2812 2446 2971 2432 3023 2439 3047 2470 3016 2511 2988 2515 2553 2511 2529 2525 2512 2508 2388 2515 2363 2490 2256 2528 2177 2501 2146 2515 1980 2511"/></Shape>
	    <String CONTENT="וחומשו חמשה ונתן אותו לכהן פרט [לחומש] ↑"
                    HPOS="1977.0"
                    VPOS="2418.0"
                    WIDTH="1070.0"
                    HEIGHT="110.0"></String>
          </TextLine>

          
          
          <TextLine ID="eSc_line_c797d72b"
                    
                    BASELINE="1964 2543 1999 2550 3050 2546" 
                    HPOS="1963.0"
                    VPOS="2490.0"
                    WIDTH="1084.0"
                    HEIGHT="118.0">
            <Shape><Polygon POINTS="1963 2542 1987 2515 2143 2518 2167 2501 2215 2532 2232 2518 2256 2532 2281 2515 2329 2515 2357 2490 2388 2515 2512 2508 2526 2521 2557 2508 3005 2515 3047 2542 3012 2590 2909 2590 2878 2570 2857 2590 2715 2577 2574 2584 2550 2601 2522 2580 2426 2587 2384 2573 2274 2604 2225 2563 2101 2594 2042 2587 1998 2608 1967 2577"/></Shape>
	    <String CONTENT="חטאות מיתות ונתן אותו לכהן ˙ ט&#39; והכהן"
                    HPOS="1963.0"
                    VPOS="2490.0"
                    WIDTH="1084.0"
                    HEIGHT="118.0"></String>
          </TextLine>

          
          
          <TextLine ID="eSc_line_208554bd"
                    
                    BASELINE="1983 2628 2417 2628 2521 2622 3027 2624" 
                    HPOS="1980.0"
                    VPOS="2566.0"
                    WIDTH="1046.0"
                    HEIGHT="114.0">
            <Shape><Polygon POINTS="1980 2625 2032 2594 2098 2597 2170 2577 2284 2601 2412 2573 2429 2587 2526 2584 2557 2604 2574 2587 2629 2584 2853 2590 2881 2566 2905 2587 3016 2587 3026 2622 3016 2656 2971 2663 2667 2663 2615 2646 2577 2659 2550 2642 2481 2646 2453 2663 2267 2666 2239 2642 2215 2666 2091 2659 2011 2680 1984 2653"/></Shape>
	    <String CONTENT="מה תל&#39; שיכול הואיל ומעילה באה על ידי כהן"
                    HPOS="1980.0"
                    VPOS="2566.0"
                    WIDTH="1046.0"
                    HEIGHT="114.0"></String>
          </TextLine>

          
          
          <TextLine ID="eSc_line_06f8ea10"
                    
                    BASELINE="1969 2697 2859 2702 3048 2695" 
                    HPOS="1967.0"
                    VPOS="2642.0"
                    WIDTH="1080.0"
                    HEIGHT="114.0">
            <Shape><Polygon POINTS="1967 2694 1987 2673 2022 2684 2160 2659 2201 2670 2239 2642 2267 2666 2463 2666 2481 2649 2557 2649 2584 2666 2602 2649 2650 2666 2971 2666 3009 2653 3047 2694 3016 2732 2888 2742 2809 2725 2764 2753 2691 2732 2457 2739 2394 2722 2312 2742 2250 2732 2229 2711 2201 2735 2153 2742 2105 2742 2063 2718 2001 2756 1970 2732"/></Shape>
	    <String CONTENT="לא יהא כהן מועל תל&#39; לו&#39; והכהן מל&#39; שהכהן"
                    HPOS="1967.0"
                    VPOS="2642.0"
                    WIDTH="1080.0"
                    HEIGHT="114.0"></String>
          </TextLine>

          
          
          <TextLine ID="eSc_line_40932ef9"
                    
                    BASELINE="1976 2771 2121 2776 2217 2769 2394 2771 2484 2764 3032 2764" 
                    HPOS="1973.0"
                    VPOS="2715.0"
                    WIDTH="1056.0"
                    HEIGHT="100.0">
            <Shape><Polygon POINTS="1973 2770 2063 2715 2115 2746 2198 2739 2222 2715 2250 2735 2319 2746 2391 2725 2726 2732 2750 2756 2809 2725 2860 2753 2874 2739 3016 2732 3029 2763 3019 2797 2905 2808 2857 2777 2822 2797 2760 2780 2733 2804 2615 2811 2588 2784 2501 2804 2460 2777 2436 2801 2101 2811 2077 2797 1977 2815"/></Shape>
	    <String CONTENT="מועל ˙ י&#39; והכהן יכפר עליו באיל מה תל&#39; מנ&#39;"
                    HPOS="1973.0"
                    VPOS="2715.0"
                    WIDTH="1056.0"
                    HEIGHT="100.0"></String>
          </TextLine>

          
          
          <TextLine ID="eSc_line_f551ec76"
                    
                    BASELINE="1987 2835 3046 2831" 
                    HPOS="1984.0"
                    VPOS="2777.0"
                    WIDTH="1059.0"
                    HEIGHT="100.0">
            <Shape><Polygon POINTS="1984 2832 2018 2804 2412 2804 2460 2777 2505 2808 2564 2804 2581 2787 2612 2815 2750 2797 2836 2804 2867 2787 2898 2811 3019 2804 3043 2829 3012 2873 2974 2877 2847 2860 2702 2863 2688 2877 2667 2856 2633 2877 2212 2860 2125 2873 2108 2856 2008 2873 1987 2853"/></Shape>
	    <String CONTENT="אתה או&#39; הביא מעילתו ולא הביא אשמו לא"
                    HPOS="1984.0"
                    VPOS="2777.0"
                    WIDTH="1059.0"
                    HEIGHT="100.0"></String>
          </TextLine>

          
          
          <TextLine ID="eSc_line_20c14adb"
                    
                    BASELINE="1973 2902 2763 2902 2871 2909 3046 2900" 
                    HPOS="1970.0"
                    VPOS="2856.0"
                    WIDTH="1073.0"
                    HEIGHT="86.0">
            <Shape><Polygon POINTS="1970 2901 1994 2873 2025 2870 2522 2866 2557 2884 2570 2870 2636 2873 2660 2856 2705 2884 2781 2887 2840 2860 2912 2877 3016 2870 3043 2898 3033 2929 2985 2942 2922 2942 2902 2922 2867 2942 2712 2939 2660 2915 2595 2935 2488 2935 2474 2922 2198 2935 2177 2922 2160 2939 1998 2939 1973 2915"/></Shape>
	    <String CONTENT="יצא תל&#39; לו&#39; ↑ [באיל] יכול הביא אשמו ולא [נ&#39;] הביא"
                    HPOS="1970.0"
                    VPOS="2856.0"
                    WIDTH="1073.0"
                    HEIGHT="86.0"></String>
          </TextLine>

          
          
          <TextLine ID="eSc_line_79e12ea0"
                    TAGREFS="LT3"
                    BASELINE="2696 2878 2818 2886" 
                    HPOS="2694.0"
                    VPOS="2853.0"
                    WIDTH="125.0"
                    HEIGHT="57.0">
            <Shape><Polygon POINTS="2697 2853 2819 2861 2816 2910 2694 2902"/></Shape>
	    <String CONTENT="באשם"
                    HPOS="2694.0"
                    VPOS="2853.0"
                    WIDTH="125.0"
                    HEIGHT="57.0"></String>
          </TextLine>

          
          
          <TextLine ID="eSc_line_b650b322"
                    
                    BASELINE="1985 2962 2017 2969 2367 2966 2549 2973 3055 2969" 
                    HPOS="1984.0"
                    VPOS="2918.0"
                    WIDTH="1070.0"
                    HEIGHT="100.0">
            <Shape><Polygon POINTS="1984 2960 2008 2935 2160 2939 2177 2922 2198 2939 2474 2925 2488 2939 2588 2942 2660 2918 2688 2939 2802 2949 2888 2942 2902 2929 2919 2946 3009 2932 3054 2967 3026 3004 2857 3018 2833 3004 2277 2994 2036 3004 1987 2980"/></Shape>
	    <String CONTENT="מעילתו יצא תל&#39; לו&#39; באיל האשם יכול כשם"
                    HPOS="1984.0"
                    VPOS="2918.0"
                    WIDTH="1070.0"
                    HEIGHT="100.0"></String>
          </TextLine>

          
          
          <TextLine ID="eSc_line_97e7be56"
                    
                    BASELINE="1969 3033 2523 3031 2611 3033 2650 3038 3032 3033" 
                    HPOS="1967.0"
                    VPOS="2991.0"
                    WIDTH="1062.0"
                    HEIGHT="93.0">
            <Shape><Polygon POINTS="1967 3032 1998 2991 2032 3004 2298 3008 2812 3001 2857 3022 3009 3008 3029 3032 3012 3077 2815 3077 2795 3056 2760 3073 2608 3077 2515 3073 2491 3056 2453 3084 2370 3060 2277 3073 1970 3063"/></Shape>
	    <String CONTENT="שהאיל ואשם מעכבים כך יהא החומש מעכב"
                    HPOS="1967.0"
                    VPOS="2991.0"
                    WIDTH="1062.0"
                    HEIGHT="93.0"></String>
          </TextLine>

          
          
          <TextLine ID="eSc_line_b3f788c7"
                    
                    BASELINE="1973 3102 2105 3100 2171 3107 2751 3104 2813 3111 3041 3107" 
                    HPOS="1970.0"
                    VPOS="3056.0"
                    WIDTH="1070.0"
                    HEIGHT="97.0">
            <Shape><Polygon POINTS="1970 3101 1994 3070 2322 3073 2367 3060 2384 3077 2453 3084 2495 3056 2512 3073 2591 3077 2767 3073 2795 3060 2812 3077 2940 3067 2954 3080 2985 3067 3029 3084 3040 3105 3033 3149 2991 3153 2484 3142 2460 3118 2422 3142 2391 3122 2336 3142 2001 3142 1977 3118"/></Shape>
	    <String CONTENT="תל&#39; לו&#39; באיל האשם ונסלח איל ואשם מעכבים"
                    HPOS="1970.0"
                    VPOS="3056.0"
                    WIDTH="1070.0"
                    HEIGHT="97.0"></String>
          </TextLine>

          
          
          <TextLine ID="eSc_line_b111b20a"
                    
                    BASELINE="1992 3162 2079 3171 2638 3169 2689 3171 2712 3176 3059 3171" 
                    HPOS="1991.0"
                    VPOS="3122.0"
                    WIDTH="1066.0"
                    HEIGHT="96.0">
            <Shape><Polygon POINTS="1991 3160 2032 3132 2370 3139 2388 3122 2419 3142 2457 3122 2477 3142 3033 3146 3057 3170 3033 3205 2978 3218 2954 3201 2936 3218 2439 3194 2422 3208 2281 3211 2253 3184 2222 3208 2091 3184 2018 3205 1994 3187"/></Shape>
	    <String CONTENT="ואין החומש מעכב ונסלח לו אין משיירים"
                    HPOS="1991.0"
                    VPOS="3122.0"
                    WIDTH="1066.0"
                    HEIGHT="96.0"></String>
          </TextLine>

          
          
          <TextLine ID="eSc_line_4d5e5b2e"
                    TAGREFS="LT3"
                    BASELINE="2080 3208 2171 3208" 
                    HPOS="2080.0"
                    VPOS="3183.0"
                    WIDTH="91.0"
                    HEIGHT="50.0">
            <Shape><Polygon POINTS="2080 3183 2171 3183 2171 3233 2080 3233"/></Shape>
	    <String CONTENT="שישב"
                    HPOS="2080.0"
                    VPOS="3183.0"
                    WIDTH="91.0"
                    HEIGHT="50.0"></String>
          </TextLine>

          
          
          <TextLine ID="eSc_line_a74df9db"
                    
                    BASELINE="1987 3236 2164 3245 3057 3245" 
                    HPOS="1984.0"
                    VPOS="3201.0"
                    WIDTH="1070.0"
                    HEIGHT="79.0">
            <Shape><Polygon POINTS="1984 3232 1987 3215 2011 3211 2225 3215 2239 3201 2274 3215 2312 3201 2588 3215 2650 3201 2712 3215 2771 3201 2802 3215 2936 3215 2957 3201 2991 3215 3036 3201 3054 3243 3040 3280 2726 3280 2712 3267 2639 3277 2626 3263 2408 3263 2381 3280 2305 3263 2284 3280 2118 3280 2101 3263 2011 3277 1987 3263"/></Shape>
	    <String CONTENT="לו ליום הכיפורים או יכול אף על פי ↑ שחישב"
                    HPOS="1984.0"
                    VPOS="3201.0"
                    WIDTH="1070.0"
                    HEIGHT="79.0"></String>
          </TextLine>

          
        </TextBlock>
        
        <TextBlock HPOS="660.0"
                   VPOS="687.0"
                   WIDTH="1104.0"
                   HEIGHT="2650.0"
                   ID="eSc_textblock_86bad7a9"
                   TAGREFS="BT2">
          <Shape><Polygon POINTS="862 3337 1736 3328 1764 3291 1727 687 669 708 660 3272 708 3337 862 3337"/></Shape>
          
          
          <TextLine ID="eSc_line_f1fc1210"
                    
                    BASELINE="671 772 1028 772 1187 768 1732 768" 
                    HPOS="669.0"
                    VPOS="710.0"
                    WIDTH="1059.0"
                    HEIGHT="104.0">
            <Shape><Polygon POINTS="669 769 700 714 731 731 769 717 986 731 1045 710 1073 731 1138 710 1173 710 1197 731 1263 731 1294 710 1428 710 1456 731 1670 710 1718 724 1728 765 1708 814 1615 800 1577 814 1376 800 1352 814 1328 796 1294 814 1228 800 1214 810 1200 796 1135 800 1121 814 942 796 766 814 672 796"/></Shape>
	    <String CONTENT="ולא הביא תל&#39; לו&#39; לו ˙ [פרש&#39;]"
                    HPOS="669.0"
                    VPOS="710.0"
                    WIDTH="1059.0"
                    HEIGHT="104.0"></String>
          </TextLine>

          
          
          <TextLine ID="eSc_line_c0f453cc"
                    
                    BASELINE="1122 844 1527 844" 
                    HPOS="1121.0"
                    VPOS="793.0"
                    WIDTH="404.0"
                    HEIGHT="97.0">
            <Shape><Polygon POINTS="1121 841 1128 824 1159 824 1194 793 1231 793 1269 828 1318 793 1342 814 1387 796 1418 817 1487 803 1525 841 1518 879 1490 886 1325 886 1283 869 1259 883 1218 869 1187 890 1128 862"/></Shape>
	    <String CONTENT="פרשתה י&#39;ב&#39; ˙"
                    HPOS="1121.0"
                    VPOS="793.0"
                    WIDTH="404.0"
                    HEIGHT="97.0"></String>
          </TextLine>

          
          
          <TextLine ID="eSc_line_ef466733"
                    
                    BASELINE="669 917 1037 922 1127 915 1246 917 1325 910 1525 913 1621 906 1727 906" 
                    HPOS="666.0"
                    VPOS="859.0"
                    WIDTH="1059.0"
                    HEIGHT="113.0">
            <Shape><Polygon POINTS="666 914 700 890 790 883 824 859 886 890 911 865 949 886 1007 890 1062 869 1180 890 1214 869 1318 886 1690 869 1725 903 1701 941 1663 952 1442 959 1414 941 1370 962 1204 962 1138 945 1080 972 1000 955 755 969 735 948 710 959 669 917"/></Shape>
	    <String CONTENT="ואם הרי זה מוסף על עינין הראש&#39; מלמד"
                    HPOS="666.0"
                    VPOS="859.0"
                    WIDTH="1059.0"
                    HEIGHT="113.0"></String>
          </TextLine>

          
          
          <TextLine ID="eSc_line_f5e0aaa4"
                    
                    BASELINE="639 1005 989 1005 1085 998 1157 1000 1302 993 1456 995 1520 988 1596 991 1644 984 1695 986 1725 991" 
                    HPOS="638.0"
                    VPOS="941.0"
                    WIDTH="1084.0"
                    HEIGHT="114.0">
            <Shape><Polygon POINTS="638 1003 690 955 741 972 776 959 859 976 879 959 959 972 993 959 1083 976 1138 945 1314 966 1380 962 1414 941 1473 962 1704 952 1722 990 1715 1035 1646 1024 1466 1041 1162 1035 1107 1017 1087 1041 1024 1031 904 1055 876 1038 766 1035 748 1048 728 1035 683 1055 645 1017"/></Shape>
	    <String CONTENT="שספק מעילות אשם תלוי דב&#39; ר&#39; עקי&#39; אמ&#39; ר&#39; טרפ&#39;"
                    HPOS="638.0"
                    VPOS="941.0"
                    WIDTH="1084.0"
                    HEIGHT="114.0"></String>
          </TextLine>

          
          
          <TextLine ID="eSc_line_746b6a71"
                    
                    BASELINE="660 1078 1074 1083 1145 1076 1267 1078 1297 1071 1497 1074 1541 1067 1734 1067" 
                    HPOS="659.0"
                    VPOS="1017.0"
                    WIDTH="1073.0"
                    HEIGHT="114.0">
            <Shape><Polygon POINTS="659 1076 728 1038 748 1055 876 1041 914 1052 1007 1045 1024 1028 1080 1041 1107 1017 1142 1038 1225 1041 1677 1028 1732 1066 1694 1104 1425 1114 1304 1104 1000 1117 980 1104 966 1117 697 1131 662 1097"/></Shape>
	    <String CONTENT="מה זה מביא שני אשמות אלא מביא מעילה"
                    HPOS="659.0"
                    VPOS="1017.0"
                    WIDTH="1073.0"
                    HEIGHT="114.0"></String>
          </TextLine>

          
          
          <TextLine ID="eSc_line_f1adf1ff"
                    
                    BASELINE="678 1147 1000 1152 1030 1147 1106 1145 1180 1147 1237 1140 1516 1143 1725 1136" 
                    HPOS="676.0"
                    VPOS="1104.0"
                    WIDTH="1046.0"
                    HEIGHT="89.0">
            <Shape><Polygon POINTS="676 1145 714 1121 949 1121 980 1104 1000 1117 1690 1104 1722 1135 1694 1176 1528 1183 1407 1183 1383 1159 1325 1183 1149 1183 1111 1169 1083 1183 735 1193 679 1159"/></Shape>
	    <String CONTENT="וחומשה ומביא אשם בשתי סלעים ויאמר"
                    HPOS="676.0"
                    VPOS="1104.0"
                    WIDTH="1046.0"
                    HEIGHT="89.0"></String>
          </TextLine>

          
          
          <TextLine ID="eSc_line_266c0fc6"
                    
                    BASELINE="671 1225 959 1225 1021 1219 1194 1221 1251 1214 1566 1216 1727 1207" 
                    HPOS="669.0"
                    VPOS="1162.0"
                    WIDTH="1056.0"
                    HEIGHT="104.0">
            <Shape><Polygon POINTS="669 1224 707 1183 738 1197 1045 1190 1111 1173 1138 1186 1245 1186 1363 1179 1380 1162 1407 1183 1694 1179 1725 1204 1701 1248 1632 1255 1483 1245 1062 1259 1021 1242 1000 1262 786 1252 741 1266 700 1262 672 1235"/></Shape>
	    <String CONTENT="אם ודאי מעלתי זה מעילתי וזה אשמי אם"
                    HPOS="669.0"
                    VPOS="1162.0"
                    WIDTH="1056.0"
                    HEIGHT="104.0"></String>
          </TextLine>

          
          
          <TextLine ID="eSc_line_5bde002f"
                    
                    BASELINE="653 1290 871 1294 961 1288 1244 1290 1394 1283 1552 1283 1580 1278 1734 1281" 
                    HPOS="652.0"
                    VPOS="1238.0"
                    WIDTH="1080.0"
                    HEIGHT="107.0">
            <Shape><Polygon POINTS="652 1286 693 1262 766 1273 786 1255 1000 1259 1024 1238 1045 1255 1159 1259 1697 1248 1732 1279 1694 1317 1618 1324 1387 1321 1373 1307 1328 1321 1018 1324 962 1300 931 1328 828 1317 810 1335 762 1311 717 1345 655 1311"/></Shape>
	    <String CONTENT="ספק המעות נדבה והאשם תלוי שממין שֶ"
                    HPOS="652.0"
                    VPOS="1238.0"
                    WIDTH="1080.0"
                    HEIGHT="107.0"></String>
          </TextLine>

          
          
          <TextLine ID="eSc_line_8d93dc65"
                    
                    BASELINE="662 1359 959 1363 1009 1357 1115 1359 1233 1352 1506 1354 1562 1347 1707 1350" 
                    HPOS="659.0"
                    VPOS="1304.0"
                    WIDTH="1045.0"
                    HEIGHT="113.0">
            <Shape><Polygon POINTS="659 1355 690 1338 724 1355 759 1331 917 1331 962 1304 1018 1328 1694 1317 1704 1348 1694 1380 1635 1397 1521 1390 1497 1373 1477 1393 1418 1397 1128 1386 1031 1400 817 1390 786 1404 755 1373 683 1417 662 1400"/></Shape>
	    <String CONTENT="הוא מביא על הודע מביא על לא הודע ˙ [ב&#39;]"
                    HPOS="659.0"
                    VPOS="1304.0"
                    WIDTH="1045.0"
                    HEIGHT="113.0"></String>
          </TextLine>

          
          
          <TextLine ID="eSc_line_fa375dd2"
                    
                    BASELINE="680 1437 908 1437 961 1430 1083 1432 1150 1426 1355 1428 1502 1421 1732 1421" 
                    HPOS="679.0"
                    VPOS="1373.0"
                    WIDTH="1049.0"
                    HEIGHT="110.0">
            <Shape><Polygon POINTS="679 1435 697 1407 735 1404 759 1380 783 1404 828 1393 924 1407 1276 1386 1473 1397 1497 1373 1525 1397 1559 1386 1656 1404 1697 1380 1728 1417 1687 1459 1625 1445 1559 1466 1428 1455 1387 1473 1231 1466 1183 1449 1162 1466 993 1462 969 1483 938 1462 907 1476 873 1469 855 1452 817 1480 714 1480 683 1452"/></Shape>
	    <String CONTENT="ב&#39; אמ&#39; לו ר&#39; עקיבה נראים דבריך במעילה"
                    HPOS="679.0"
                    VPOS="1373.0"
                    WIDTH="1049.0"
                    HEIGHT="110.0"></String>
          </TextLine>

          
          
          <TextLine ID="eSc_line_b92cedc3"
                    
                    BASELINE="674 1506 816 1511 858 1504 1028 1506 1081 1499 1166 1501 1260 1494 1511 1497 1642 1490 1730 1492" 
                    HPOS="672.0"
                    VPOS="1452.0"
                    WIDTH="1056.0"
                    HEIGHT="103.0">
            <Shape><Polygon POINTS="672 1504 697 1473 817 1480 855 1455 879 1473 938 1466 962 1480 993 1459 1162 1469 1183 1452 1228 1469 1363 1473 1428 1459 1490 1469 1701 1455 1728 1490 1701 1524 1621 1524 1597 1538 1566 1518 1549 1535 1432 1538 1401 1518 1342 1538 1097 1528 890 1545 842 1531 676 1555"/></Shape>
	    <String CONTENT="המעוטה הרי שבא על ידו ספק מעילה במאה"
                    HPOS="672.0"
                    VPOS="1452.0"
                    WIDTH="1056.0"
                    HEIGHT="103.0"></String>
          </TextLine>

          
          
          <TextLine ID="eSc_line_0229ec27"
                    
                    BASELINE="667 1573 699 1568 754 1575 825 1575 924 1568 1281 1570 1338 1563 1520 1566 1635 1559 1709 1559" 
                    HPOS="666.0"
                    VPOS="1514.0"
                    WIDTH="1042.0"
                    HEIGHT="100.0">
            <Shape><Polygon POINTS="666 1569 714 1542 804 1545 842 1531 904 1549 931 1535 1373 1538 1401 1514 1432 1535 1549 1531 1566 1514 1587 1535 1690 1524 1708 1555 1694 1597 1621 1587 1387 1607 1283 1607 1263 1590 1221 1607 928 1607 911 1593 890 1611 786 1614 707 1600 676 1569"/></Shape>
	    <String CONTENT="מנה לא יפה לו שיביא אשם בשתי סלעים"
                    HPOS="666.0"
                    VPOS="1514.0"
                    WIDTH="1042.0"
                    HEIGHT="100.0"></String>
          </TextLine>

          
          
          <TextLine ID="eSc_line_69edf5a1"
                    
                    BASELINE="676 1642 743 1649 835 1649 913 1646 938 1642 1171 1644 1228 1639 1345 1637 1523 1639 1598 1632 1734 1635" 
                    HPOS="672.0"
                    VPOS="1587.0"
                    WIDTH="1060.0"
                    HEIGHT="106.0">
            <Shape><Polygon POINTS="672 1638 710 1600 748 1614 1076 1614 1231 1611 1259 1593 1280 1611 1494 1607 1608 1600 1621 1587 1697 1600 1732 1631 1653 1673 1546 1662 1528 1676 1401 1683 1373 1662 1311 1680 1100 1687 1038 1673 993 1693 869 1676 721 1687 676 1645"/></Shape>
	    <String CONTENT="ואל יביא ספק מעילה במאה מנה מודה ר&#39; עקי&#39;"
                    HPOS="672.0"
                    VPOS="1587.0"
                    WIDTH="1060.0"
                    HEIGHT="106.0"></String>
          </TextLine>

          
          
          <TextLine ID="eSc_line_e6c0844d"
                    
                    BASELINE="653 1718 830 1718 865 1713 982 1711 1115 1713 1138 1706 1575 1708 1601 1701 1732 1701" 
                    HPOS="652.0"
                    VPOS="1656.0"
                    WIDTH="1076.0"
                    HEIGHT="103.0">
            <Shape><Polygon POINTS="652 1714 693 1683 793 1676 959 1683 986 1707 1028 1676 1073 1693 1373 1662 1401 1683 1532 1676 1549 1662 1646 1676 1687 1656 1728 1700 1704 1735 1677 1725 1663 1738 1563 1745 1480 1745 1439 1728 1421 1745 1149 1752 1069 1731 1049 1752 1007 1752 980 1725 955 1749 759 1745 686 1759 655 1728"/></Shape>
	    <String CONTENT="לר&#39; טרפ&#39; במעילה מעוטה ˙ ג&#39; ועשתה אחת"
                    HPOS="652.0"
                    VPOS="1656.0"
                    WIDTH="1076.0"
                    HEIGHT="103.0"></String>
          </TextLine>

          
          
          <TextLine ID="eSc_line_fdb1fe26"
                    
                    BASELINE="671 1777 756 1787 821 1787 899 1780 1315 1782 1364 1775 1525 1777 1562 1773 1711 1768" 
                    HPOS="669.0"
                    VPOS="1725.0"
                    WIDTH="1039.0"
                    HEIGHT="110.0">
            <Shape><Polygon POINTS="669 1776 707 1749 766 1745 1425 1749 1442 1731 1470 1745 1566 1745 1663 1738 1677 1725 1708 1766 1694 1811 1653 1797 1590 1814 1383 1818 1363 1797 1314 1818 1238 1821 1218 1807 1194 1821 928 1825 883 1811 848 1825 821 1804 703 1835 672 1804"/></Shape>
	    <String CONTENT="לחייב על כל אחת ואחת שאם בא לפניו ספק"
                    HPOS="669.0"
                    VPOS="1725.0"
                    WIDTH="1039.0"
                    HEIGHT="110.0"></String>
          </TextLine>

          
          
          <TextLine ID="eSc_line_d7a1cea9"
                    
                    BASELINE="680 1856 993 1856 1044 1851 1175 1849 1401 1851 1447 1846 1548 1844 1716 1844" 
                    HPOS="679.0"
                    VPOS="1800.0"
                    WIDTH="1036.0"
                    HEIGHT="97.0">
            <Shape><Polygon POINTS="679 1852 697 1835 824 1800 876 1835 904 1818 1183 1821 1218 1804 1235 1818 1345 1818 1366 1800 1404 1818 1625 1814 1663 1800 1704 1818 1715 1842 1704 1887 1649 1890 1525 1887 1501 1863 1466 1890 1235 1890 1204 1873 1093 1890 814 1883 731 1897 683 1859"/></Shape>
	    <String CONTENT="חלב נותר פיגול בהעלם אחד חייב על כל אחד"
                    HPOS="679.0"
                    VPOS="1800.0"
                    WIDTH="1036.0"
                    HEIGHT="97.0"></String>
          </TextLine>

          
          
          <TextLine ID="eSc_line_186e7f8a"
                    
                    BASELINE="676 1925 952 1925 1081 1918 1644 1920 1730 1913" 
                    HPOS="672.0"
                    VPOS="1863.0"
                    WIDTH="1056.0"
                    HEIGHT="106.0">
            <Shape><Polygon POINTS="672 1921 710 1894 817 1887 938 1883 959 1900 973 1887 1097 1890 1214 1873 1235 1890 1470 1890 1501 1863 1525 1887 1556 1890 1701 1883 1728 1911 1718 1949 1697 1952 1314 1956 1269 1969 1038 1945 1000 1963 752 1966 690 1921"/></Shape>
	    <String CONTENT="ואחד חלב והשומן לפניו ואכל את אחד"
                    HPOS="672.0"
                    VPOS="1863.0"
                    WIDTH="1056.0"
                    HEIGHT="106.0"></String>
          </TextLine>

          
          
          <TextLine ID="eSc_line_cc31969a"
                    
                    BASELINE="671 1998 1148 2003 1315 1996 1440 1998 1550 1991 1605 1994 1631 1987 1709 1987 1739 1996" 
                    HPOS="669.0"
                    VPOS="1945.0"
                    WIDTH="1066.0"
                    HEIGHT="104.0">
            <Shape><Polygon POINTS="669 1997 686 1969 1004 1963 1035 1945 1069 1966 1093 1956 1263 1969 1711 1952 1735 1994 1701 2025 1635 2035 1418 2025 1176 2035 1152 2049 1131 2028 1014 2028 690 2049 672 2032"/></Shape>
	    <String CONTENT="מהן ואין ידוע אי זה מהן אכל אשתו ואחותו"
                    HPOS="669.0"
                    VPOS="1945.0"
                    WIDTH="1066.0"
                    HEIGHT="104.0"></String>
          </TextLine>

          
          
          <TextLine ID="eSc_line_f52396ce"
                    
                    BASELINE="676 2072 1030 2076 1081 2070 1235 2072 1288 2065 1500 2067 1536 2063 1730 2058" 
                    HPOS="672.0"
                    VPOS="2025.0"
                    WIDTH="1056.0"
                    HEIGHT="93.0">
            <Shape><Polygon POINTS="672 2070 703 2049 793 2052 907 2032 1135 2032 1159 2052 1180 2035 1490 2025 1521 2038 1604 2025 1697 2028 1728 2056 1701 2097 1680 2101 1093 2097 1073 2118 1049 2104 862 2107 845 2090 807 2118 707 2114 676 2083"/></Shape>
	    <String CONTENT="עימו בבית שגג באחת מהן ואין ידוע באי"
                    HPOS="672.0"
                    VPOS="2025.0"
                    WIDTH="1056.0"
                    HEIGHT="93.0"></String>
          </TextLine>

          
          
          <TextLine ID="eSc_line_7864e022"
                    
                    BASELINE="692 2136 1120 2141 1182 2134 1631 2136 1704 2134 1734 2127" 
                    HPOS="690.0"
                    VPOS="2090.0"
                    WIDTH="1042.0"
                    HEIGHT="93.0">
            <Shape><Polygon POINTS="690 2135 707 2114 807 2114 842 2090 859 2107 935 2114 1045 2104 1080 2132 1111 2107 1435 2097 1694 2097 1732 2125 1711 2170 745 2183 693 2159"/></Shape>
	    <String CONTENT="זו מהם שגג שבת ויום חול ועשה מלאכה"
                    HPOS="690.0"
                    VPOS="2090.0"
                    WIDTH="1042.0"
                    HEIGHT="93.0"></String>
          </TextLine>

          
          
          <TextLine ID="eSc_line_bbb8f88e"
                    
                    BASELINE="678 2214 1138 2214 1281 2208 1433 2210 1548 2208 1573 2203 1723 2205" 
                    HPOS="676.0"
                    VPOS="2166.0"
                    WIDTH="1046.0"
                    HEIGHT="90.0">
            <Shape><Polygon POINTS="676 2211 710 2170 776 2187 1666 2166 1711 2173 1722 2204 1711 2239 1563 2232 1470 2256 1445 2239 1370 2256 1338 2239 1218 2249 1200 2232 1180 2249 1131 2245 1104 2225 1021 2249 693 2252 679 2239"/></Shape>
	    <String CONTENT="באחד מהן אין ידוע באי זה מהם עשה מנ&#39;"
                    HPOS="676.0"
                    VPOS="2166.0"
                    WIDTH="1046.0"
                    HEIGHT="90.0"></String>
          </TextLine>

          
          
          <TextLine ID="eSc_line_587a98ff"
                    
                    BASELINE="648 2286 685 2283 761 2288 1003 2281 1203 2283 1265 2277 1472 2279 1564 2272 1730 2274" 
                    HPOS="645.0"
                    VPOS="2228.0"
                    WIDTH="1083.0"
                    HEIGHT="97.0">
            <Shape><Polygon POINTS="645 2283 676 2239 690 2252 935 2256 1024 2252 1097 2228 1135 2249 1338 2245 1352 2259 1666 2239 1718 2245 1728 2273 1690 2308 1390 2318 1321 2314 1307 2301 1290 2318 1156 2304 1118 2318 1083 2301 1059 2321 959 2321 942 2304 904 2325 683 2321 648 2287"/></Shape>
	    <String CONTENT="שהוא מביא אשם תלוי תל&#39; לו&#39; אם נפש כי תח&#39;"
                    HPOS="645.0"
                    VPOS="2228.0"
                    WIDTH="1083.0"
                    HEIGHT="97.0"></String>
          </TextLine>

          
          
          <TextLine ID="eSc_line_391e0168"
                    
                    BASELINE="676 2346 708 2352 927 2352 984 2346 1161 2348 1214 2341 1419 2343 1472 2336 1665 2339 1720 2332" 
                    HPOS="672.0"
                    VPOS="2301.0"
                    WIDTH="1046.0"
                    HEIGHT="93.0">
            <Shape><Polygon POINTS="672 2346 700 2318 911 2321 942 2304 959 2321 1062 2318 1087 2301 1114 2318 1269 2308 1294 2321 1311 2304 1376 2318 1704 2304 1718 2328 1708 2366 1639 2383 1245 2370 817 2390 759 2377 741 2394 676 2370"/></Shape>
	    <String CONTENT="ועשתה אחת מכל מצוות ייי אש&#39; לא תעשינה"
                    HPOS="672.0"
                    VPOS="2301.0"
                    WIDTH="1046.0"
                    HEIGHT="93.0"></String>
          </TextLine>

          
          
          <TextLine ID="eSc_line_13452477"
                    
                    BASELINE="671 2417 1028 2417 1067 2412 1177 2410 1463 2412 1601 2405 1718 2405" 
                    HPOS="669.0"
                    VPOS="2363.0"
                    WIDTH="1046.0"
                    HEIGHT="89.0">
            <Shape><Polygon POINTS="669 2415 697 2387 717 2380 741 2397 762 2377 842 2408 866 2383 1018 2373 1407 2383 1435 2370 1642 2383 1684 2363 1704 2366 1715 2404 1704 2446 1646 2449 1135 2449 1114 2432 1062 2449 883 2449 821 2428 776 2452 710 2449 672 2415"/></Shape>
	    <String CONTENT="לא ידע ואש&#39; ונשא עונו ˙ והביא איל ˙ ד&#39; ר&#39;"
                    HPOS="669.0"
                    VPOS="2363.0"
                    WIDTH="1046.0"
                    HEIGHT="89.0"></String>
          </TextLine>

          
          
          <TextLine ID="eSc_line_1c578ecf"
                    
                    BASELINE="653 2481 1327 2481 1467 2474 1631 2477 1734 2470" 
                    HPOS="652.0"
                    VPOS="2442.0"
                    WIDTH="1080.0"
                    HEIGHT="90.0">
            <Shape><Polygon POINTS="652 2480 693 2449 797 2442 1194 2456 1708 2442 1732 2466 1687 2515 797 2518 779 2501 676 2532 655 2511"/></Shape>
	    <String CONTENT="יהודה או&#39; אשתו נדה ואחותו עמו בבית שגג"
                    HPOS="652.0"
                    VPOS="2442.0"
                    WIDTH="1080.0"
                    HEIGHT="90.0"></String>
          </TextLine>

          
          
          <TextLine ID="eSc_line_5db9586f"
                    
                    BASELINE="662 2550 1345 2550 1458 2543 1587 2546 1736 2539" 
                    HPOS="659.0"
                    VPOS="2501.0"
                    WIDTH="1076.0"
                    HEIGHT="103.0">
            <Shape><Polygon POINTS="659 2549 779 2501 800 2521 1708 2508 1735 2535 1711 2577 1684 2584 1528 2577 1494 2601 1390 2590 1376 2604 1318 2577 1242 2594 1135 2577 1004 2587 986 2601 959 2584 693 2594 662 2563"/></Shape>
	    <String CONTENT="באחת מהן ואין ידוע באי זו מהן שגג חלב"
                    HPOS="659.0"
                    VPOS="2501.0"
                    WIDTH="1076.0"
                    HEIGHT="103.0"></String>
          </TextLine>

          
          
          <TextLine ID="eSc_line_8c3a715c"
                    
                    BASELINE="669 2628 821 2638 894 2631 1256 2633 1315 2626 1518 2628 1621 2626 1661 2622 1739 2624" 
                    HPOS="666.0"
                    VPOS="2573.0"
                    WIDTH="1069.0"
                    HEIGHT="111.0">
            <Shape><Polygon POINTS="666 2625 690 2597 800 2587 862 2604 990 2604 1007 2590 1087 2597 1104 2584 1125 2597 1276 2597 1314 2577 1376 2604 1418 2590 1497 2601 1528 2573 1566 2590 1708 2580 1735 2622 1708 2659 1559 2656 1508 2673 1452 2653 1380 2673 1097 2659 1066 2673 900 2670 876 2684 855 2666 800 2670 783 2653 755 2673 703 2670 669 2642"/></Shape>
	    <String CONTENT="ונותר לפניו אכל את אחד מהם ואין ידוע אי"
                    HPOS="666.0"
                    VPOS="2573.0"
                    WIDTH="1069.0"
                    HEIGHT="111.0"></String>
          </TextLine>

          
          
          <TextLine ID="eSc_line_ae354dee"
                    
                    BASELINE="653 2707 1205 2707 1350 2700 1716 2702" 
                    HPOS="652.0"
                    VPOS="2649.0"
                    WIDTH="1063.0"
                    HEIGHT="97.0">
            <Shape><Polygon POINTS="652 2704 686 2670 752 2677 776 2653 800 2670 883 2680 900 2666 1404 2670 1452 2649 1494 2673 1556 2659 1704 2663 1715 2701 1704 2735 1401 2746 1287 2732 686 2746 655 2715"/></Shape>
	    <String CONTENT="זו מהם אכל שבת ויום הכיפורים ועשה מלאכה"
                    HPOS="652.0"
                    VPOS="2649.0"
                    WIDTH="1063.0"
                    HEIGHT="97.0"></String>
          </TextLine>

          
          
          <TextLine ID="eSc_line_a0772974"
                    
                    BASELINE="660 2776 1525 2776 1566 2771 1720 2766" 
                    HPOS="659.0"
                    VPOS="2735.0"
                    WIDTH="1059.0"
                    HEIGHT="83.0">
            <Shape><Polygon POINTS="659 2773 703 2742 1280 2735 1397 2749 1704 2735 1718 2763 1708 2797 1684 2804 1659 2787 1608 2808 1577 2797 1301 2815 1273 2797 1235 2811 1187 2797 1173 2811 904 2818 883 2804 762 2815 748 2801 717 2815 672 2773"/></Shape>
	    <String CONTENT="בין השמשות ואין ידוע באי זו מהן עשה"
                    HPOS="659.0"
                    VPOS="2735.0"
                    WIDTH="1059.0"
                    HEIGHT="83.0"></String>
          </TextLine>

          
          
          <TextLine ID="eSc_line_85786f59"
                    
                    BASELINE="662 2840 922 2845 1083 2838 1403 2840 1449 2835 1741 2831" 
                    HPOS="659.0"
                    VPOS="2791.0"
                    WIDTH="1080.0"
                    HEIGHT="89.0">
            <Shape><Polygon POINTS="659 2839 703 2811 1166 2815 1187 2797 1294 2815 1580 2797 1642 2808 1659 2791 1677 2804 1718 2797 1739 2829 1728 2873 1684 2853 1670 2866 1604 2870 759 2866 724 2880 679 2842"/></Shape>
	    <String CONTENT="ר&#39; ליעז&#39; מחייב חטאת ור&#39; יהושע פוטר שנ&#39; כי"
                    HPOS="659.0"
                    VPOS="2791.0"
                    WIDTH="1080.0"
                    HEIGHT="89.0"></String>
          </TextLine>

          
          
          <TextLine ID="eSc_line_2fe064ee"
                    
                    BASELINE="657 2904 915 2909 1046 2902 1325 2904 1490 2898 1746 2898" 
                    HPOS="655.0"
                    VPOS="2866.0"
                    WIDTH="1087.0"
                    HEIGHT="83.0">
            <Shape><Polygon POINTS="655 2901 697 2866 721 2880 759 2866 942 2880 1708 2866 1742 2898 1728 2929 1577 2939 1411 2929 1314 2942 1190 2929 1104 2942 1049 2929 1028 2942 866 2932 721 2949 690 2946 659 2915"/></Shape>
	    <String CONTENT="תחטא לא ידע פרט שידע שחטא ר&#39; שמע&#39; או&#39;"
                    HPOS="655.0"
                    VPOS="2866.0"
                    WIDTH="1087.0"
                    HEIGHT="83.0"></String>
          </TextLine>

          
          
          <TextLine ID="eSc_line_b56b4ab5"
                    
                    BASELINE="667 2978 773 2983 975 2976 1143 2978 1212 2971 1511 2973 1656 2966 1741 2966" 
                    HPOS="666.0"
                    VPOS="2929.0"
                    WIDTH="1073.0"
                    HEIGHT="93.0">
            <Shape><Polygon POINTS="666 2977 707 2946 1018 2946 1049 2929 1100 2942 1190 2932 1214 2946 1708 2935 1739 2963 1684 3008 1487 3008 1466 2994 1445 3008 1321 3011 883 3004 845 3022 697 3015 669 2987"/></Shape>
	    <String CONTENT="זה הוא עצמו מביא אשם תלוי שנ&#39; כי תחטא"
                    HPOS="666.0"
                    VPOS="2929.0"
                    WIDTH="1073.0"
                    HEIGHT="93.0"></String>
          </TextLine>

          
          
          <TextLine ID="eSc_line_5fc5144b"
                    
                    BASELINE="660 3038 777 3045 837 3045 883 3040 1115 3042 1182 3035 1513 3038 1617 3031 1741 3031" 
                    HPOS="659.0"
                    VPOS="2994.0"
                    WIDTH="1080.0"
                    HEIGHT="100.0">
            <Shape><Polygon POINTS="659 3036 724 3015 848 3025 869 3011 990 3008 1425 3011 1466 2994 1487 3008 1711 2998 1739 3029 1711 3067 1656 3073 1532 3073 1490 3056 1435 3073 1273 3063 1118 3077 1097 3056 1076 3077 1021 3077 1004 3094 973 3077 845 3091 755 3073 721 3091 662 3039"/></Shape>
	    <String CONTENT="ועשתה ולא ידע ושעשה ואין ידוע מה"
                    HPOS="659.0"
                    VPOS="2994.0"
                    WIDTH="1080.0"
                    HEIGHT="100.0"></String>
          </TextLine>

          
          
          <TextLine ID="eSc_line_727d0761"
                    
                    BASELINE="660 3111 1138 3116 1205 3109 1322 3111 1430 3104 1633 3107 1730 3100" 
                    HPOS="659.0"
                    VPOS="3056.0"
                    WIDTH="1069.0"
                    HEIGHT="107.0">
            <Shape><Polygon POINTS="659 3108 700 3077 721 3091 748 3077 831 3091 976 3077 1004 3091 1021 3073 1076 3077 1097 3056 1121 3077 1211 3073 1225 3087 1269 3070 1466 3077 1490 3056 1525 3073 1690 3063 1728 3098 1701 3136 1477 3129 1459 3142 1373 3149 1359 3136 1325 3149 1269 3129 1252 3146 1221 3139 1152 3160 1118 3136 966 3160 890 3146 741 3163 697 3149 662 3115"/></Shape>
	    <String CONTENT="עשה אבל ספק עשה ספק לא עשה צא ובקש"
                    HPOS="659.0"
                    VPOS="3056.0"
                    WIDTH="1069.0"
                    HEIGHT="107.0"></String>
          </TextLine>

          
          
          <TextLine ID="eSc_line_db22d098"
                    
                    BASELINE="683 3185 1092 3185 1150 3178 1313 3180 1357 3176 1483 3176 1569 3169 1649 3171 1702 3164 1732 3167" 
                    HPOS="679.0"
                    VPOS="3129.0"
                    WIDTH="1049.0"
                    HEIGHT="96.0">
            <Shape><Polygon POINTS="679 3184 717 3149 752 3160 893 3146 1004 3163 1038 3153 1073 3174 1121 3139 1176 3174 1200 3149 1252 3149 1273 3129 1332 3149 1356 3136 1380 3149 1670 3136 1715 3139 1728 3163 1715 3205 1670 3187 1653 3205 1594 3191 1349 3208 1332 3191 1307 3218 1276 3201 1259 3215 1156 3205 1142 3218 1062 3201 1035 3222 997 3201 966 3218 945 3198 914 3222 845 3225 828 3211 814 3225 724 3225 683 3191"/></Shape>
	    <String CONTENT="מנ&#39; שיבא אשם תלוי ˙ ה&#39; ולא ידע פרט"
                    HPOS="679.0"
                    VPOS="3129.0"
                    WIDTH="1049.0"
                    HEIGHT="96.0"></String>
          </TextLine>

          
          
          <TextLine ID="eSc_line_882d0b97"
                    
                    BASELINE="662 3256 890 3252 1016 3254 1748 3233" 
                    HPOS="659.0"
                    VPOS="3191.0"
                    WIDTH="1087.0"
                    HEIGHT="110.0">
            <Shape><Polygon POINTS="659 3253 662 3232 786 3232 824 3211 862 3229 931 3208 1004 3208 1035 3225 1142 3222 1159 3208 1190 3222 1328 3198 1370 3215 1459 3215 1480 3194 1597 3191 1694 3191 1735 3205 1746 3232 1739 3256 1687 3277 1639 3263 1594 3280 1501 3270 1463 3284 1349 3270 1328 3287 1276 3287 1207 3270 1183 3291 1135 3280 1059 3294 986 3280 966 3294 949 3277 890 3294 804 3280 748 3301 666 3284"/></Shape>
	    <String CONTENT="[ללא] (ל)הודע שיכול לא הודע שלקלות ולא ידע"
                    HPOS="659.0"
                    VPOS="3191.0"
                    WIDTH="1087.0"
                    HEIGHT="110.0"></String>
          </TextLine>

          
        </TextBlock>
        

        
      </PrintSpace>
    </Page>
  </Layout>
</alto>
