<?xml version="1.0" encoding="UTF-8"?>
<alto xmlns:xsi="http://www.w3.org/2001/XMLSchema-instance"
      xmlns="http://www.loc.gov/standards/alto/ns-v4#"
      xsi:schemaLocation="http://www.loc.gov/standards/alto/ns-v4# http://www.loc.gov/standards/alto/v4/alto-4-2.xsd">
  <Description>
    <MeasurementUnit>pixel</MeasurementUnit>
    <sourceImageInformation>
      <fileName>Vat.ebr.31_0206_fa_0100v.jpg</fileName>
      
    </sourceImageInformation>
  </Description>
  
  <Tags>
    <OtherTag ID="BT1" LABEL="Title" DESCRIPTION="block type Title"/><OtherTag ID="BT2" LABEL="Main" DESCRIPTION="block type Main"/><OtherTag ID="BT3" LABEL="Commentary" DESCRIPTION="block type Commentary"/><OtherTag ID="BT4" LABEL="Illustration" DESCRIPTION="block type Illustration"/><OtherTag ID="BT849" LABEL="Margin" DESCRIPTION="block type Margin"/><OtherTag ID="BT850" LABEL="Paratext" DESCRIPTION="block type Paratext"/>
    <OtherTag ID="LT2" LABEL="Numbering" DESCRIPTION="line type Numbering"/><OtherTag ID="LT3" LABEL="Correction" DESCRIPTION="line type Correction"/>
  </Tags>
  
  <Layout>
    <Page WIDTH="3600"
          HEIGHT="4148"
          PHYSICAL_IMG_NR="199"
          ID="eSc_dummypage_">
      <PrintSpace HPOS="0"
                  VPOS="0"
                  WIDTH="3600"
                  HEIGHT="4148">
        
        <TextBlock HPOS="1721.0"
                   VPOS="615.0"
                   WIDTH="1058.0"
                   HEIGHT="2655.0"
                   ID="eSc_textblock_7a131c67"
                   TAGREFS="BT2">
          <Shape><Polygon POINTS="2770 3270 2779 636 1733 615 1721 3251 2770 3270"/></Shape>
          
          
          <TextLine ID="eSc_line_b23faa0b"
                    
                    BASELINE="1707 672 2277 686 2786 682" 
                    HPOS="1704.0"
                    VPOS="625.0"
                    WIDTH="1079.0"
                    HEIGHT="100.0">
            <Shape><Polygon POINTS="1704 670 1708 646 1794 625 1815 639 1967 629 1991 649 2085 649 2109 636 2126 653 2175 653 2202 632 2265 653 2323 632 2396 632 2455 656 2503 656 2541 636 2597 653 2631 639 2687 656 2773 656 2783 680 2773 708 2725 722 2610 725 2451 712 2403 722 2389 708 2368 722 2237 722 2216 708 2130 722 2074 705 2040 718 1985 718 1971 705 1953 718 1798 718 1708 698"/></Shape>
	    <String CONTENT="ר&#39; יוסה או&#39; אחד עניים ואחד עשירים אוכל&#39;"
                    HPOS="1704.0"
                    VPOS="625.0"
                    WIDTH="1079.0"
                    HEIGHT="100.0"></String>
          </TextLine>

          
          
          <TextLine ID="eSc_line_166083c0"
                    
                    BASELINE="1719 751 1800 760 2666 760 2770 753" 
                    HPOS="1718.0"
                    VPOS="708.0"
                    WIDTH="1048.0"
                    HEIGHT="93.0">
            <Shape><Polygon POINTS="1718 750 1767 725 1943 725 1960 708 2012 729 2216 715 2278 750 2344 718 2375 736 2711 722 2742 725 2766 750 2738 798 2617 801 2469 798 2393 757 2351 798 2292 757 2244 798 1863 798 1846 781 1787 798 1736 753"/></Shape>
	    <String CONTENT="אחר הביעור ˙ ז&#39; דב&#39; אח&#39; ואכלו אביוני"
                    HPOS="1718.0"
                    VPOS="708.0"
                    WIDTH="1048.0"
                    HEIGHT="93.0"></String>
          </TextLine>

          
          
          <TextLine ID="eSc_line_eeacdcdc"
                    
                    BASELINE="1723 827 1813 834 2765 834" 
                    HPOS="1722.0"
                    VPOS="774.0"
                    WIDTH="1041.0"
                    HEIGHT="103.0">
            <Shape><Polygon POINTS="1722 826 1763 788 1805 801 1843 781 1867 801 1967 801 1995 788 2023 801 2265 798 2306 774 2330 798 2406 798 2444 774 2472 801 2742 801 2763 833 2731 871 2704 860 2666 877 2472 860 2330 874 2292 853 2254 874 2071 871 2040 857 1981 871 1770 871 1725 843"/></Shape>
	    <String CONTENT="עמך הראוי לאדם לאדם הראוי לבהמה לבהמ&#39;"
                    HPOS="1722.0"
                    VPOS="774.0"
                    WIDTH="1041.0"
                    HEIGHT="103.0"></String>
          </TextLine>

          
          
          <TextLine ID="eSc_line_fe603854"
                    
                    BASELINE="1728 898 1786 903 1809 907 2767 903" 
                    HPOS="1725.0"
                    VPOS="857.0"
                    WIDTH="1041.0"
                    HEIGHT="103.0">
            <Shape><Polygon POINTS="1725 895 1756 867 2261 874 2292 857 2327 877 2669 881 2707 867 2766 902 2745 947 2610 947 2579 933 2555 957 2534 943 2458 957 2358 940 2123 950 2106 933 2047 960 2023 936 1995 950 1933 947 1902 919 1870 947 1829 950 1729 926"/></Shape>
	    <String CONTENT="ולשכירך מן הגוי ולתושבך מן הגוי הגרים"
                    HPOS="1725.0"
                    VPOS="857.0"
                    WIDTH="1041.0"
                    HEIGHT="103.0"></String>
          </TextLine>

          
          
          <TextLine ID="eSc_line_9462c657"
                    
                    BASELINE="1723 972 1779 981 2060 981 2118 977 2175 981 2383 981 2433 977 2689 974 2728 970 2758 972" 
                    HPOS="1722.0"
                    VPOS="922.0"
                    WIDTH="1034.0"
                    HEIGHT="104.0">
            <Shape><Polygon POINTS="1722 971 1746 943 1874 947 1898 922 1964 967 2016 936 2061 971 2099 940 2458 957 2524 943 2559 957 2593 933 2607 947 2728 943 2756 971 2728 1012 2655 1026 2617 1012 2503 1019 2458 1002 2424 1019 2123 1012 2071 978 2012 1023 1960 995 1936 1016 1763 1023 1725 985"/></Shape>
	    <String CONTENT="עמך לרבות את האכסניים ˙ ח&#39; ולבהמתך"
                    HPOS="1722.0"
                    VPOS="922.0"
                    WIDTH="1034.0"
                    HEIGHT="104.0"></String>
          </TextLine>

          
          
          <TextLine ID="eSc_line_53ba239a"
                    
                    BASELINE="1714 1041 1952 1055 2106 1055 2159 1050 2696 1048 2774 1041" 
                    HPOS="1711.0"
                    VPOS="1002.0"
                    WIDTH="1062.0"
                    HEIGHT="100.0">
            <Shape><Polygon POINTS="1711 1040 1749 1016 1774 1030 1953 1009 1998 1023 2057 1009 2434 1019 2458 1002 2486 1016 2645 1023 2707 1005 2773 1040 2742 1088 2534 1088 2517 1075 2482 1095 1967 1081 1867 1102 1836 1085 1756 1085 1715 1043"/></Shape>
	    <String CONTENT="ולחיה מה תל&#39; אם החיה שאינה ברשותך הרי"
                    HPOS="1711.0"
                    VPOS="1002.0"
                    WIDTH="1062.0"
                    HEIGHT="100.0"></String>
          </TextLine>

          
          
          <TextLine ID="eSc_line_33be6cca"
                    
                    BASELINE="1733 1117 1848 1117 1871 1122 2203 1124 2228 1131 2279 1126 2433 1129 2456 1124 2777 1117" 
                    HPOS="1732.0"
                    VPOS="1078.0"
                    WIDTH="1044.0"
                    HEIGHT="90.0">
            <Shape><Polygon POINTS="1732 1116 1763 1085 1857 1099 1960 1085 2469 1099 2510 1078 2565 1095 2738 1092 2776 1116 2742 1164 2472 1164 2458 1151 2438 1168 2372 1154 2330 1168 2033 1151 1919 1168 1884 1133 1857 1157 1770 1157 1736 1123"/></Shape>
	    <String CONTENT="היא אוכלת הבהמה שהיא ברשותך אינו"
                    HPOS="1732.0"
                    VPOS="1078.0"
                    WIDTH="1044.0"
                    HEIGHT="90.0"></String>
          </TextLine>

          
          
          <TextLine ID="eSc_line_a57bce63"
                    
                    BASELINE="1714 1189 1746 1186 1846 1193 1947 1191 2247 1198 2387 1196 2438 1191 2770 1191" 
                    HPOS="1711.0"
                    VPOS="1140.0"
                    WIDTH="1055.0"
                    HEIGHT="107.0">
            <Shape><Polygon POINTS="1711 1185 1749 1151 1860 1161 1884 1140 1915 1171 2061 1157 2344 1168 2368 1154 2382 1168 2441 1168 2458 1151 2476 1168 2738 1161 2766 1189 2738 1230 2704 1227 2676 1244 2655 1230 2493 1237 2458 1220 2434 1240 2320 1234 2285 1247 2220 1216 2147 1234 2126 1213 2085 1237 1801 1234 1756 1227 1715 1185"/></Shape>
	    <String CONTENT="דין שתאכל אילו כן הייתי או&#39; יכנוס לבהמה"
                    HPOS="1711.0"
                    VPOS="1140.0"
                    WIDTH="1055.0"
                    HEIGHT="107.0"></String>
          </TextLine>

          
          
          <TextLine ID="eSc_line_ec6bd20b"
                    
                    BASELINE="1705 1260 1744 1267 1829 1265 1857 1269 2007 1276 2088 1274 2180 1278 2205 1272 2454 1269 2479 1265 2740 1265 2777 1269" 
                    HPOS="1704.0"
                    VPOS="1216.0"
                    WIDTH="1072.0"
                    HEIGHT="100.0">
            <Shape><Polygon POINTS="1704 1258 1708 1244 1722 1254 1756 1230 2081 1240 2123 1216 2151 1237 2216 1216 2240 1240 2289 1251 2323 1237 2431 1244 2462 1220 2493 1237 2742 1234 2776 1268 2745 1303 2693 1310 1819 1316 1805 1303 1742 1306 1722 1282 1708 1292"/></Shape>
	    <String CONTENT="ותהא אוכלת והולכת לעולם מה אני מקיים"
                    HPOS="1704.0"
                    VPOS="1216.0"
                    WIDTH="1072.0"
                    HEIGHT="100.0"></String>
          </TextLine>

          
          
          <TextLine ID="eSc_line_6354aa1e"
                    
                    BASELINE="1717 1334 1779 1341 1892 1338 1915 1343 2740 1338 2777 1343" 
                    HPOS="1715.0"
                    VPOS="1306.0"
                    WIDTH="1061.0"
                    HEIGHT="80.0">
            <Shape><Polygon POINTS="1715 1330 1749 1330 1777 1306 2731 1310 2776 1341 2745 1382 2365 1382 2323 1361 2303 1379 2157 1386 2071 1368 2033 1382 1777 1375 1722 1334"/></Shape>
	    <String CONTENT="ביעור פירות שביעית בפירות האדם אבל"
                    HPOS="1715.0"
                    VPOS="1306.0"
                    WIDTH="1061.0"
                    HEIGHT="80.0"></String>
          </TextLine>

          
          
          <TextLine ID="eSc_line_1b475500"
                    
                    BASELINE="1707 1403 1809 1403 2025 1414 2180 1412 2758 1414" 
                    HPOS="1704.0"
                    VPOS="1358.0"
                    WIDTH="1052.0"
                    HEIGHT="97.0">
            <Shape><Polygon POINTS="1704 1399 1749 1365 1898 1382 2036 1382 2068 1368 2161 1393 2289 1379 2330 1358 2355 1379 2441 1386 2725 1379 2745 1386 2756 1413 2745 1451 2714 1455 2638 1451 2624 1437 2586 1455 2441 1455 2396 1437 2358 1451 1908 1451 1881 1434 1857 1448 1746 1441 1708 1403"/></Shape>
	    <String CONTENT="הבהמה תהא אוכלת והולכת לעו&#39; וכשהוא"
                    HPOS="1704.0"
                    VPOS="1358.0"
                    WIDTH="1052.0"
                    HEIGHT="97.0"></String>
          </TextLine>

          
          
          <TextLine ID="eSc_line_1550e65a"
                    
                    BASELINE="1705 1470 1740 1465 1763 1472 1850 1479 1922 1477 1991 1481 2242 1484 2295 1488 2694 1481 2721 1477 2777 1479" 
                    HPOS="1704.0"
                    VPOS="1434.0"
                    WIDTH="1072.0"
                    HEIGHT="104.0">
            <Shape><Polygon POINTS="1704 1469 1742 1441 1884 1434 1898 1448 2106 1455 2365 1455 2386 1441 2413 1455 2514 1455 2628 1441 2742 1451 2776 1475 2735 1514 2597 1520 2579 1507 2472 1538 2444 1517 2199 1527 2175 1503 2137 1524 1763 1514 1708 1469"/></Shape>
	    <String CONTENT="או&#39; ולבהמתך ולחיה היקיש הבהמה לחיה ˙"
                    HPOS="1704.0"
                    VPOS="1434.0"
                    WIDTH="1072.0"
                    HEIGHT="104.0"></String>
          </TextLine>

          
          
          <TextLine ID="eSc_line_02e07f2f"
                    
                    BASELINE="1714 1543 1800 1548 1823 1553 2754 1548" 
                    HPOS="1711.0"
                    VPOS="1503.0"
                    WIDTH="1041.0"
                    HEIGHT="100.0">
            <Shape><Polygon POINTS="1711 1541 1746 1510 2140 1524 2175 1503 2202 1531 2220 1517 2337 1517 2451 1520 2479 1538 2493 1524 2565 1527 2586 1514 2635 1524 2655 1545 2721 1510 2752 1545 2742 1583 2714 1593 2662 1558 2604 1593 2500 1603 2465 1586 2251 1590 2237 1576 2202 1593 2161 1576 2144 1593 2081 1600 2012 1586 1742 1590 1715 1562"/></Shape>
	    <String CONTENT="ט&#39; כל זמן שהחיה אוכלת מן השדה הבהמה"
                    HPOS="1711.0"
                    VPOS="1503.0"
                    WIDTH="1041.0"
                    HEIGHT="100.0"></String>
          </TextLine>

          
          
          <TextLine ID="eSc_line_1475b557"
                    
                    BASELINE="1723 1620 1760 1615 1836 1622 1859 1629 1887 1624 2525 1626 2549 1622 2770 1615" 
                    HPOS="1722.0"
                    VPOS="1576.0"
                    WIDTH="1044.0"
                    HEIGHT="100.0">
            <Shape><Polygon POINTS="1722 1617 1753 1590 2085 1596 2140 1593 2157 1576 2182 1590 2230 1576 2292 1593 2472 1586 2486 1600 2617 1579 2738 1586 2766 1614 2735 1659 2683 1648 2645 1662 2614 1645 2583 1662 2061 1666 2040 1648 2005 1676 1805 1655 1767 1669 1725 1628"/></Shape>
	    <String CONTENT="אוכלת מתוך הבית כלה לחייה מן השדה"
                    HPOS="1722.0"
                    VPOS="1576.0"
                    WIDTH="1044.0"
                    HEIGHT="100.0"></String>
          </TextLine>

          
          
          <TextLine ID="eSc_line_f52d745f"
                    
                    BASELINE="1710 1684 1744 1684 1767 1691 2039 1689 2131 1693 2337 1696 2553 1693 2579 1686 2629 1691 2777 1693" 
                    HPOS="1708.0"
                    VPOS="1645.0"
                    WIDTH="1068.0"
                    HEIGHT="100.0">
            <Shape><Polygon POINTS="1708 1683 1746 1659 1791 1655 1919 1659 2002 1683 2033 1652 2071 1679 2099 1659 2455 1666 2586 1662 2624 1645 2642 1662 2687 1648 2731 1659 2776 1690 2738 1731 2493 1731 2472 1745 2441 1724 2313 1745 2296 1728 2154 1735 2099 1690 2050 1728 2002 1690 1957 1690 1919 1728 1832 1731 1749 1717 1711 1683"/></Shape>
	    <String CONTENT="כלה לבהמתך מתוך הבית ˙ י&#39; אשר [/]"
                    HPOS="1708.0"
                    VPOS="1645.0"
                    WIDTH="1068.0"
                    HEIGHT="100.0"></String>
          </TextLine>

          
          
          <TextLine ID="eSc_line_05d5c98c"
                    
                    BASELINE="1696 1758 1733 1767 1760 1762 1866 1765 1949 1760 1972 1767 2219 1769 2272 1774 2383 1774 2410 1769 2479 1767 2705 1767 2733 1762 2763 1765" 
                    HPOS="1694.0"
                    VPOS="1707.0"
                    WIDTH="1065.0"
                    HEIGHT="111.0">
            <Shape><Polygon POINTS="1694 1755 1742 1724 1981 1735 2016 1707 2050 1735 2088 1735 2126 1711 2154 1738 2299 1731 2317 1745 2704 1731 2738 1735 2759 1762 2745 1807 2604 1794 2583 1814 2476 1800 2413 1811 2382 1794 2285 1818 2195 1800 1732 1804 1697 1773"/></Shape>
	    <String CONTENT="בארצך מה שבארצך אוכלים לא מה שהוציא"
                    HPOS="1694.0"
                    VPOS="1707.0"
                    WIDTH="1065.0"
                    HEIGHT="111.0"></String>
          </TextLine>

          
          
          <TextLine ID="eSc_line_d155e995"
                    
                    BASELINE="1723 1841 1855 1836 2044 1836 2067 1841 2373 1841 2396 1836 2740 1838 2772 1832" 
                    HPOS="1722.0"
                    VPOS="1794.0"
                    WIDTH="1048.0"
                    HEIGHT="89.0">
            <Shape><Polygon POINTS="1722 1838 1760 1797 2216 1811 2254 1800 2282 1818 2382 1794 2417 1818 2583 1818 2607 1797 2624 1811 2742 1811 2770 1828 2735 1870 2683 1880 2406 1883 2282 1866 2106 1876 2061 1873 2040 1852 2019 1873 1725 1880"/></Shape>
	    <String CONTENT="עקילס הגר ?שלעבדיו לפונטום אמ&#39; ר&#39; שמע&#39;"
                    HPOS="1722.0"
                    VPOS="1794.0"
                    WIDTH="1048.0"
                    HEIGHT="89.0"></String>
          </TextLine>

          
          
          <TextLine ID="eSc_line_60bb4e64"
                    
                    BASELINE="1714 1896 1751 1905 1781 1901 1940 1901 1986 1905 2187 1908 2767 1898" 
                    HPOS="1711.0"
                    VPOS="1859.0"
                    WIDTH="1055.0"
                    HEIGHT="97.0">
            <Shape><Polygon POINTS="1711 1894 1742 1897 1770 1870 2023 1876 2040 1859 2057 1876 2102 1880 2742 1873 2766 1897 2735 1942 2365 1949 2337 1925 2317 1946 2116 1942 2092 1956 1946 1939 1774 1953 1718 1897"/></Shape>
	    <String CONTENT="שמעתי בפירוש שמוציאין לסוריא ואין"
                    HPOS="1711.0"
                    VPOS="1859.0"
                    WIDTH="1055.0"
                    HEIGHT="97.0"></String>
          </TextLine>

          
          
          <TextLine ID="eSc_line_6e95d3c3"
                    
                    BASELINE="1728 1970 1887 1977 2124 1974 2685 1977 2738 1972 2767 1974" 
                    HPOS="1725.0"
                    VPOS="1921.0"
                    WIDTH="1041.0"
                    HEIGHT="108.0">
            <Shape><Polygon POINTS="1725 1966 1926 1942 1981 1946 2012 1970 2054 1949 2126 1942 2171 1966 2192 1946 2310 1946 2337 1921 2361 1946 2738 1939 2766 1973 2752 2001 2662 2015 2617 2001 2552 2029 2527 2015 2372 2018 2323 2001 2237 2025 2175 1973 2074 2018 2019 1984 1971 2018 1933 2004 1794 2025 1729 1977"/></Shape>
	    <String CONTENT="מוציאין בחוצה לארץ ˙ י&#39;א&#39; תהיה אף"
                    HPOS="1725.0"
                    VPOS="1921.0"
                    WIDTH="1041.0"
                    HEIGHT="108.0"></String>
          </TextLine>

          
          
          <TextLine ID="eSc_line_9eb53e3f"
                    
                    BASELINE="1723 2044 1760 2050 2159 2048 2182 2053 2376 2055 2574 2053 2622 2048 2786 2048" 
                    HPOS="1722.0"
                    VPOS="2001.0"
                    WIDTH="1061.0"
                    HEIGHT="97.0">
            <Shape><Polygon POINTS="1722 2042 1753 2008 1794 2022 1926 2004 2092 2018 2133 2008 2247 2029 2323 2004 2348 2022 2531 2018 2548 2032 2621 2001 2648 2018 2735 2001 2783 2046 2745 2087 2700 2091 2683 2077 2614 2098 2465 2094 2448 2080 2375 2098 2317 2070 2289 2094 1798 2084 1753 2098 1729 2074"/></Shape>
	    <String CONTENT="להדלקת הנר אף לצבוע בה צבע כל תבואתה"
                    HPOS="1722.0"
                    VPOS="2001.0"
                    WIDTH="1061.0"
                    HEIGHT="97.0"></String>
          </TextLine>

          
          
          <TextLine ID="eSc_line_405373ff"
                    
                    BASELINE="1733 2113 1843 2120 1869 2124 2085 2122 2772 2124" 
                    HPOS="1732.0"
                    VPOS="2070.0"
                    WIDTH="1038.0"
                    HEIGHT="104.0">
            <Shape><Polygon POINTS="1732 2112 1787 2087 2199 2084 2265 2098 2310 2070 2330 2091 2372 2098 2438 2084 2610 2098 2683 2077 2738 2091 2770 2122 2749 2160 2721 2167 2624 2160 2610 2146 2524 2163 2368 2163 2351 2150 2327 2163 2095 2167 2036 2163 2012 2146 1978 2163 1850 2153 1798 2174 1739 2115"/></Shape>
	    <String CONTENT="מלמד שאינה נאכלת אלא תבואתה מיכן"
                    HPOS="1732.0"
                    VPOS="2070.0"
                    WIDTH="1038.0"
                    HEIGHT="104.0"></String>
          </TextLine>

          
          
          <TextLine ID="eSc_line_3dc29063"
                    
                    BASELINE="1705 2196 2761 2196" 
                    HPOS="1704.0"
                    VPOS="2153.0"
                    WIDTH="1055.0"
                    HEIGHT="100.0">
            <Shape><Polygon POINTS="1704 2194 1736 2191 1774 2160 1812 2177 1857 2163 1978 2170 2005 2153 2144 2170 2348 2153 2400 2167 2680 2174 2707 2160 2749 2167 2759 2194 2742 2239 2593 2243 2555 2222 2510 2229 2476 2215 2417 2236 2341 2233 2320 2253 2303 2239 2247 2243 2209 2219 2157 2239 2026 2233 2009 2250 1753 2239 1711 2198"/></Shape>
	    <String CONTENT="אמ&#39; מאמתי אוכלין פירות האילן בשביעית"
                    HPOS="1704.0"
                    VPOS="2153.0"
                    WIDTH="1055.0"
                    HEIGHT="100.0"></String>
          </TextLine>

          
          
          <TextLine ID="eSc_line_39c733c4"
                    TAGREFS="LT3"
                    BASELINE="2424 2237 2596 2241" 
                    HPOS="2423.0"
                    VPOS="2212.0"
                    WIDTH="173.0"
                    HEIGHT="53.0">
            <Shape><Polygon POINTS="2424 2212 2596 2216 2595 2265 2423 2261"/></Shape>
	    <String CONTENT="משהזריחו"
                    HPOS="2423.0"
                    VPOS="2212.0"
                    WIDTH="173.0"
                    HEIGHT="53.0"></String>
          </TextLine>

          
          
          <TextLine ID="eSc_line_12c4446f"
                    
                    BASELINE="1733 2265 1770 2272 2767 2267" 
                    HPOS="1732.0"
                    VPOS="2219.0"
                    WIDTH="1034.0"
                    HEIGHT="93.0">
            <Shape><Polygon POINTS="1732 2264 1767 2233 1974 2236 2005 2250 2023 2236 2161 2239 2202 2219 2223 2239 2296 2236 2317 2253 2337 2233 2538 2250 2752 2239 2766 2264 2752 2312 2448 2305 2431 2288 2379 2305 1777 2312 1736 2271"/></Shape>
	    <String CONTENT="הפגים ↑ [משהוסיחו] אוכל בהם פיתו בשדה"
                    HPOS="1732.0"
                    VPOS="2219.0"
                    WIDTH="1034.0"
                    HEIGHT="93.0"></String>
          </TextLine>

          
          
          <TextLine ID="eSc_line_081a6e87"
                    
                    BASELINE="1735 2339 1850 2345 2134 2343 2184 2345 2230 2341 2705 2339 2767 2332" 
                    HPOS="1732.0"
                    VPOS="2291.0"
                    WIDTH="1034.0"
                    HEIGHT="97.0">
            <Shape><Polygon POINTS="1732 2336 1753 2309 2192 2315 2424 2291 2448 2309 2749 2309 2766 2329 2756 2378 2683 2381 2482 2381 2444 2367 2348 2385 2327 2367 2268 2367 2126 2388 1981 2385 1933 2371 1760 2374 1736 2350"/></Shape>
	    <String CONTENT="ביהילו כונס לתוך ביתו וכן כיוצא בו בשאר"
                    HPOS="1732.0"
                    VPOS="2291.0"
                    WIDTH="1034.0"
                    HEIGHT="97.0"></String>
          </TextLine>

          
          
          <TextLine ID="eSc_line_c4c029a0"
                    
                    BASELINE="1714 2401 1800 2410 2429 2410 2452 2405 2735 2403 2765 2396" 
                    HPOS="1711.0"
                    VPOS="2371.0"
                    WIDTH="1052.0"
                    HEIGHT="79.0">
            <Shape><Polygon POINTS="1711 2398 1746 2374 1940 2374 1967 2395 2016 2374 2130 2385 2261 2371 2327 2371 2348 2385 2434 2371 2745 2374 2763 2395 2752 2433 2728 2440 2472 2447 2400 2423 2375 2443 2161 2450 2012 2450 1981 2430 1922 2447 1756 2443 1715 2402"/></Shape>
	    <String CONTENT="שני שבוע חייבים במעשרות ˙ י&#39;ב&#39; הבוסר"
                    HPOS="1711.0"
                    VPOS="2371.0"
                    WIDTH="1052.0"
                    HEIGHT="79.0"></String>
          </TextLine>

          
          
          <TextLine ID="eSc_line_596f0274"
                    
                    BASELINE="1728 2477 1760 2472 1783 2477 1882 2484 2168 2484 2198 2479 2431 2477 2479 2472 2770 2472" 
                    HPOS="1725.0"
                    VPOS="2423.0"
                    WIDTH="1041.0"
                    HEIGHT="100.0">
            <Shape><Polygon POINTS="1725 2474 1749 2443 2330 2447 2379 2443 2400 2423 2458 2447 2745 2443 2766 2471 2752 2509 2628 2516 2420 2506 2209 2519 2175 2506 2071 2523 1753 2523 1729 2499"/></Shape>
	    <String CONTENT="משיגרע אוכל בו פיתו בשדה הבאיש כונס"
                    HPOS="1725.0"
                    VPOS="2423.0"
                    WIDTH="1041.0"
                    HEIGHT="100.0"></String>
          </TextLine>

          
          
          <TextLine ID="eSc_line_4fb7c7e2"
                    
                    BASELINE="1733 2551 1800 2546 1917 2557 2281 2557 2304 2553 2507 2551 2555 2546 2770 2546" 
                    HPOS="1732.0"
                    VPOS="2502.0"
                    WIDTH="1034.0"
                    HEIGHT="100.0">
            <Shape><Polygon POINTS="1732 2547 1767 2519 2074 2523 2178 2506 2285 2523 2400 2519 2420 2506 2617 2519 2718 2502 2756 2509 2766 2544 2745 2582 2673 2578 2655 2595 2624 2578 2583 2589 2565 2571 2534 2589 2438 2592 2406 2571 2386 2589 2168 2585 2102 2589 2088 2602 2068 2585 1777 2585 1739 2547"/></Shape>
	    <String CONTENT="לתוך ביתו וגו&#39; זיתים כל זמן שהן עושים"
                    HPOS="1732.0"
                    VPOS="2502.0"
                    WIDTH="1034.0"
                    HEIGHT="100.0"></String>
          </TextLine>

          
          
          <TextLine ID="eSc_line_1bbe54f8"
                    
                    BASELINE="1733 2615 1795 2622 1995 2620 2048 2624 2320 2624 2371 2620 2765 2622" 
                    HPOS="1732.0"
                    VPOS="2575.0"
                    WIDTH="1031.0"
                    HEIGHT="93.0">
            <Shape><Polygon POINTS="1732 2613 1767 2582 1950 2599 2071 2592 2092 2606 2161 2592 2303 2599 2410 2575 2438 2592 2534 2589 2565 2575 2652 2599 2673 2578 2690 2592 2745 2585 2763 2620 2752 2651 2731 2658 2617 2661 2600 2647 2586 2661 2479 2668 2451 2654 2119 2665 2095 2644 2036 2668 1870 2651 1756 2661 1736 2640"/></Shape>
	    <String CONTENT="שלשת לוגין לסאה היכניסו רביע פוצע"
                    HPOS="1732.0"
                    VPOS="2575.0"
                    WIDTH="1031.0"
                    HEIGHT="93.0"></String>
          </TextLine>

          
          
          <TextLine ID="eSc_line_6f41fb87"
                    
                    BASELINE="1737 2689 1770 2696 2491 2696 2521 2691 2708 2689 2735 2682 2765 2686" 
                    HPOS="1736.0"
                    VPOS="2640.0"
                    WIDTH="1027.0"
                    HEIGHT="108.0">
            <Shape><Polygon POINTS="1736 2685 1767 2661 2040 2665 2092 2640 2112 2661 2576 2658 2600 2675 2614 2661 2752 2654 2763 2685 2742 2727 2393 2734 2372 2720 2317 2737 2147 2734 2130 2716 2064 2734 1867 2734 1843 2716 1805 2748 1739 2692"/></Shape>
	    <String CONTENT="ואוכל בשדה הכניסו חצי לוג כותש וסך"
                    HPOS="1736.0"
                    VPOS="2640.0"
                    WIDTH="1027.0"
                    HEIGHT="108.0"></String>
          </TextLine>

          
          
          <TextLine ID="eSc_line_92fa9572"
                    
                    BASELINE="1714 2769 2334 2769 2615 2763 2710 2765 2767 2753" 
                    HPOS="1711.0"
                    VPOS="2716.0"
                    WIDTH="1055.0"
                    HEIGHT="111.0">
            <Shape><Polygon POINTS="1711 2768 1763 2730 1808 2748 1843 2716 1870 2737 2123 2730 2320 2744 2379 2720 2396 2737 2655 2730 2735 2734 2766 2751 2756 2806 2002 2803 1798 2810 1780 2827 1722 2768"/></Shape>
	    <String CONTENT="בשדה הכניסו לוג כותש בשדה וכונס לתוך"
                    HPOS="1711.0"
                    VPOS="2716.0"
                    WIDTH="1055.0"
                    HEIGHT="111.0"></String>
          </TextLine>

          
          
          <TextLine ID="eSc_line_dc75809c"
                    
                    BASELINE="1740 2836 1797 2843 2217 2843 2290 2839 2772 2832" 
                    HPOS="1739.0"
                    VPOS="2799.0"
                    WIDTH="1031.0"
                    HEIGHT="97.0">
            <Shape><Polygon POINTS="1739 2834 1774 2834 1798 2810 1860 2806 2396 2799 2517 2813 2731 2803 2770 2831 2742 2875 2562 2879 2538 2896 2521 2879 2472 2875 2317 2875 2251 2896 2192 2869 2123 2886 1981 2882 1957 2869 1846 2882 1812 2879 1774 2841 1746 2837"/></Shape>
	    <String CONTENT="ביתו וכן כיוצא בהן ושאר שני שבוע"
                    HPOS="1739.0"
                    VPOS="2799.0"
                    WIDTH="1031.0"
                    HEIGHT="97.0"></String>
          </TextLine>

          
          
          <TextLine ID="eSc_line_c799a37d"
                    
                    BASELINE="1737 2903 2161 2912 2445 2912 2562 2910 2590 2905 2758 2908" 
                    HPOS="1736.0"
                    VPOS="2869.0"
                    WIDTH="1020.0"
                    HEIGHT="93.0">
            <Shape><Polygon POINTS="1736 2900 1815 2875 1850 2886 1953 2872 2099 2907 2137 2872 2185 2869 2230 2903 2275 2882 2465 2872 2514 2875 2534 2896 2552 2882 2690 2872 2745 2875 2756 2907 2745 2941 2676 2934 2600 2962 2576 2945 2503 2951 2476 2934 2448 2951 2299 2955 2247 2910 2206 2910 2151 2951 2106 2951 2064 2910 1998 2945 1822 2948 1777 2945 1739 2907"/></Shape>
	    <String CONTENT="חייבין במעשרות ˙ י&#39;ג&#39; ושאר כל"
                    HPOS="1736.0"
                    VPOS="2869.0"
                    WIDTH="1020.0"
                    HEIGHT="93.0"></String>
          </TextLine>

          
          
          <TextLine ID="eSc_line_25444e94"
                    
                    BASELINE="1728 2970 1998 2979 2074 2977 2154 2981 2528 2981 2767 2968" 
                    HPOS="1725.0"
                    VPOS="2910.0"
                    WIDTH="1041.0"
                    HEIGHT="124.0">
            <Shape><Polygon POINTS="1725 2969 1780 2945 2002 2945 2064 2910 2106 2948 2140 2951 2244 2951 2268 2938 2296 2955 2448 2955 2472 2938 2500 2955 2576 2941 2600 2958 2614 2945 2693 2938 2745 2945 2766 2965 2756 2996 2731 3010 2693 2996 2628 3010 2614 2996 2597 3014 2455 3024 2393 3021 2368 3003 2344 3024 2195 3007 2168 3034 2140 3007 2106 3003 1881 3014 1863 3000 1794 3017 1739 2972"/></Shape>
	    <String CONTENT="פירות האילן אין את רשיי לכבוש מהן"
                    HPOS="1725.0"
                    VPOS="2910.0"
                    WIDTH="1041.0"
                    HEIGHT="124.0"></String>
          </TextLine>

          
          
          <TextLine ID="eSc_line_579e317f"
                    
                    BASELINE="1742 3041 1776 3039 1850 3046 2546 3046 2592 3041 2758 3034" 
                    HPOS="1739.0"
                    VPOS="3000.0"
                    WIDTH="1017.0"
                    HEIGHT="83.0">
            <Shape><Polygon POINTS="1739 3038 1770 3010 1836 3017 1857 3003 1881 3017 2137 3007 2168 3034 2195 3007 2282 3003 2348 3021 2375 3000 2393 3017 2458 3021 2693 3000 2745 3014 2756 3031 2745 3076 2572 3083 2538 3059 2517 3079 2455 3083 2040 3079 2026 3066 2002 3079 1843 3079 1780 3076 1742 3041"/></Shape>
	    <String CONTENT="ולשלוק מהן ולא לאכל מפ[ג](נ)יהם אלא"
                    HPOS="1739.0"
                    VPOS="3000.0"
                    WIDTH="1017.0"
                    HEIGHT="83.0"></String>
          </TextLine>

          
          
          <TextLine ID="eSc_line_14d41623"
                    
                    BASELINE="1723 3104 1813 3111 2463 3111 2486 3106 2712 3106 2767 3099" 
                    HPOS="1722.0"
                    VPOS="3066.0"
                    WIDTH="1044.0"
                    HEIGHT="89.0">
            <Shape><Polygon POINTS="1722 3100 1760 3069 2005 3079 2019 3066 2043 3083 2496 3076 2531 3093 2548 3076 2565 3086 2745 3072 2766 3097 2745 3131 2680 3149 2628 3142 2614 3155 2579 3135 2521 3145 2500 3128 2444 3149 2268 3142 2244 3155 2216 3131 2161 3149 2109 3128 2078 3152 1985 3145 1971 3131 1919 3145 1902 3128 1877 3145 1808 3131 1753 3142 1725 3114"/></Shape>
	    <String CONTENT="כעונתן למעשרות כך עונתן לשביעית"
                    HPOS="1722.0"
                    VPOS="3066.0"
                    WIDTH="1044.0"
                    HEIGHT="89.0"></String>
          </TextLine>

          
          
          <TextLine ID="eSc_line_b6240765"
                    
                    BASELINE="1696 3177 1871 3173 2765 3175" 
                    HPOS="1694.0"
                    VPOS="3131.0"
                    WIDTH="1069.0"
                    HEIGHT="87.0">
            <Shape><Polygon POINTS="1694 3176 1701 3152 1877 3149 1895 3131 1926 3152 1971 3131 2005 3152 2085 3152 2106 3131 2237 3152 2372 3138 2434 3149 2493 3131 2534 3152 2565 3131 2635 3131 2662 3152 2697 3152 2718 3131 2756 3131 2763 3173 2752 3204 2725 3218 2648 3204 2572 3218 2420 3204 2375 3218 2137 3204 1815 3218 1791 3204 1697 3204"/></Shape>
	    <String CONTENT="לאכל לא לעשות ממנה זלחים ולא לעשות"
                    HPOS="1694.0"
                    VPOS="3131.0"
                    WIDTH="1069.0"
                    HEIGHT="87.0"></String>
          </TextLine>

          
        </TextBlock>
        
        <TextBlock HPOS="421.0"
                   VPOS="596.0"
                   WIDTH="1088.0"
                   HEIGHT="2674.0"
                   ID="eSc_textblock_c7d661c2"
                   TAGREFS="BT2">
          <Shape><Polygon POINTS="1500 3270 1509 599 424 596 421 3260 1500 3270"/></Shape>
          
          
          <TextLine ID="eSc_line_c40bc58d"
                    
                    BASELINE="410 659 1498 665" 
                    HPOS="408.0"
                    VPOS="611.0"
                    WIDTH="1089.0"
                    HEIGHT="104.0">
            <Shape><Polygon POINTS="408 656 411 632 466 615 708 632 743 611 767 632 982 615 1016 636 1040 615 1082 636 1117 622 1189 636 1231 615 1400 636 1455 618 1487 636 1497 663 1487 715 1431 698 1286 715 1103 715 1044 701 995 715 892 712 871 698 854 712 802 701 643 712 601 694 570 712 515 698 491 712 473 694 456 708 411 694"/></Shape>
	    <String CONTENT="ממנה מלוגמא ולא לעשות ממנה אספלנית"
                    HPOS="408.0"
                    VPOS="611.0"
                    WIDTH="1089.0"
                    HEIGHT="104.0"></String>
          </TextLine>

          
          
          <TextLine ID="eSc_line_9c7ad6d3"
                    
                    BASELINE="573 744 762 744 829 751 1479 746" 
                    HPOS="570.0"
                    VPOS="698.0"
                    WIDTH="906.0"
                    HEIGHT="117.0">
            <Shape><Polygon POINTS="570 743 629 705 653 722 740 705 1193 722 1324 718 1359 701 1376 718 1421 698 1466 715 1476 743 1466 812 1424 791 1293 808 1276 791 1196 805 1179 791 1054 795 1002 781 961 815 930 791 826 795 809 777 740 808 705 774 608 795 574 760"/></Shape>
	    <String CONTENT="ולאלעשות ממנה אפיקטויזין ˙ [פ&#39;]"
                    HPOS="570.0"
                    VPOS="698.0"
                    WIDTH="906.0"
                    HEIGHT="117.0"></String>
          </TextLine>

          
          
          <TextLine ID="eSc_line_c9c01e96"
                    
                    BASELINE="739 822 880 822 903 827 1196 834 1295 824" 
                    HPOS="736.0"
                    VPOS="777.0"
                    WIDTH="557.0"
                    HEIGHT="100.0">
            <Shape><Polygon POINTS="736 819 805 777 840 812 930 788 964 822 999 788 1054 801 1179 788 1206 815 1276 788 1293 822 1282 857 1238 877 1217 864 1120 864 1096 877 1034 864 975 877 909 871 881 843 850 864 740 867"/></Shape>
	    <String CONTENT="פרשתה ˙ ב&#39; ˙"
                    HPOS="736.0"
                    VPOS="777.0"
                    WIDTH="557.0"
                    HEIGHT="100.0"></String>
          </TextLine>

          
          
          <TextLine ID="eSc_line_0dc33c1b"
                    
                    BASELINE="417 905 451 910 507 905 1046 905 1389 907 1412 901 1461 903 1498 910" 
                    HPOS="414.0"
                    VPOS="843.0"
                    WIDTH="1083.0"
                    HEIGHT="111.0">
            <Shape><Polygon POINTS="414 902 432 905 511 846 553 867 601 843 632 867 715 860 878 877 1203 864 1241 877 1279 857 1303 871 1393 860 1459 867 1497 909 1469 940 1265 954 1099 929 1078 943 1061 926 1023 954 1006 940 874 950 591 936 459 950 418 909"/></Shape>
	    <String CONTENT="וספרת לך בבית דין שבע שבתות יכול שבע"
                    HPOS="414.0"
                    VPOS="843.0"
                    WIDTH="1083.0"
                    HEIGHT="111.0"></String>
          </TextLine>

          
          
          <TextLine ID="eSc_line_805e5ebb"
                    
                    BASELINE="417 970 553 970 578 974 742 977 1053 977 1362 974 1401 967 1424 972 1451 972 1507 965" 
                    HPOS="414.0"
                    VPOS="929.0"
                    WIDTH="1090.0"
                    HEIGHT="90.0">
            <Shape><Polygon POINTS="414 967 463 947 542 954 580 936 1006 947 1023 960 1054 929 1092 964 1117 943 1238 943 1265 957 1414 940 1480 943 1504 964 1459 1009 1296 1019 480 1009 435 967 418 971"/></Shape>
	    <String CONTENT="שבתות ימים תל&#39; לו&#39; שבע שבתות שנים אי"
                    HPOS="414.0"
                    VPOS="929.0"
                    WIDTH="1090.0"
                    HEIGHT="90.0"></String>
          </TextLine>

          
          
          <TextLine ID="eSc_line_f88a322c"
                    
                    BASELINE="424 1039 460 1046 1053 1043 1454 1046 1507 1039" 
                    HPOS="421.0"
                    VPOS="1002.0"
                    WIDTH="1083.0"
                    HEIGHT="86.0">
            <Shape><Polygon POINTS="421 1037 470 1005 878 1019 895 1002 923 1016 1466 1009 1504 1037 1445 1081 1276 1088 767 1088 736 1064 702 1085 663 1071 594 1088 511 1085 466 1081 425 1040"/></Shape>
	    <String CONTENT="שבע שבתות שנים יכול יספור שבע [שמט&#39;]"
                    HPOS="421.0"
                    VPOS="1002.0"
                    WIDTH="1083.0"
                    HEIGHT="86.0"></String>
          </TextLine>

          
          
          <TextLine ID="eSc_line_637910a8"
                    
                    BASELINE="419 1113 523 1119 617 1117 737 1124 1154 1122 1180 1115 1207 1119 1451 1119 1498 1113" 
                    HPOS="418.0"
                    VPOS="1064.0"
                    WIDTH="1079.0"
                    HEIGHT="100.0">
            <Shape><Polygon POINTS="418 1109 477 1081 598 1088 663 1071 702 1088 729 1064 774 1092 1473 1078 1497 1109 1476 1144 1442 1154 971 1151 933 1164 591 1147 449 1157 421 1130"/></Shape>
	    <String CONTENT="שמטים זו אחר זו ויעשה יובל תל&#39; לו&#39; שבע"
                    HPOS="418.0"
                    VPOS="1064.0"
                    WIDTH="1079.0"
                    HEIGHT="100.0"></String>
          </TextLine>

          
          
          <TextLine ID="eSc_line_70725902"
                    
                    BASELINE="414 1179 472 1193 1080 1193 1103 1189 1408 1186 1433 1182 1507 1182" 
                    HPOS="411.0"
                    VPOS="1151.0"
                    WIDTH="1093.0"
                    HEIGHT="93.0">
            <Shape><Polygon POINTS="411 1178 435 1151 923 1164 1331 1151 1459 1154 1504 1178 1462 1223 1424 1227 1362 1227 1341 1206 1310 1227 1234 1213 1210 1230 1065 1216 989 1230 916 1216 888 1234 515 1216 435 1244 414 1223"/></Shape>
	    <String CONTENT="שנים שבע פעמים הא עד שיאמרו שני כתובין"
                    HPOS="411.0"
                    VPOS="1151.0"
                    WIDTH="1093.0"
                    HEIGHT="93.0"></String>
          </TextLine>

          
          
          <TextLine ID="eSc_line_2c17af3e"
                    
                    BASELINE="410 1260 444 1255 493 1255 573 1267 783 1267 859 1260 1223 1262 1405 1260 1431 1255 1488 1258" 
                    HPOS="408.0"
                    VPOS="1206.0"
                    WIDTH="1079.0"
                    HEIGHT="104.0">
            <Shape><Polygon POINTS="408 1258 518 1220 532 1234 771 1227 847 1237 871 1258 909 1223 971 1244 1065 1220 1213 1230 1241 1213 1258 1230 1303 1230 1334 1206 1362 1230 1469 1223 1487 1254 1459 1303 1289 1299 1262 1275 1196 1299 1027 1303 968 1261 923 1306 885 1310 456 1306 411 1261"/></Shape>
	    <String CONTENT="ואם לאו לא שמענו ˙ ב&#39; ומנ&#39; שיספור לשני"
                    HPOS="408.0"
                    VPOS="1206.0"
                    WIDTH="1079.0"
                    HEIGHT="104.0"></String>
          </TextLine>

          
          
          <TextLine ID="eSc_line_26d4d070"
                    
                    BASELINE="424 1334 573 1334 677 1341 1373 1338 1408 1343 1431 1336 1461 1336 1493 1325" 
                    HPOS="421.0"
                    VPOS="1278.0"
                    WIDTH="1069.0"
                    HEIGHT="108.0">
            <Shape><Polygon POINTS="421 1330 470 1296 1168 1303 1255 1278 1310 1303 1469 1303 1490 1323 1476 1358 1431 1379 1130 1375 1085 1372 1068 1355 1040 1379 1013 1365 861 1386 760 1361 622 1379 601 1361 553 1368 522 1337 484 1372 425 1372"/></Shape>
	    <String CONTENT="שבוע תל&#39; לו&#39; והיו לך שבע שבתות שנים ˙ [ג&#39;]"
                    HPOS="421.0"
                    VPOS="1278.0"
                    WIDTH="1069.0"
                    HEIGHT="108.0"></String>
          </TextLine>

          
          
          <TextLine ID="eSc_line_ab88f675"
                    
                    BASELINE="405 1398 472 1405 497 1403 520 1408 693 1410 997 1408 1053 1403 1076 1408 1124 1408 1154 1403 1479 1403" 
                    HPOS="404.0"
                    VPOS="1361.0"
                    WIDTH="1072.0"
                    HEIGHT="90.0">
            <Shape><Polygon POINTS="404 1396 494 1368 601 1361 619 1379 805 1365 861 1389 1002 1368 1058 1386 1089 1372 1359 1368 1435 1386 1466 1361 1476 1399 1466 1441 1448 1444 1217 1434 1106 1448 1047 1431 992 1448 881 1437 439 1451 408 1420"/></Shape>
	    <String CONTENT="ג&#39; ומנ&#39; שיספור לשני יובל תל&#39; לו&#39; והיו לך תשע"
                    HPOS="404.0"
                    VPOS="1361.0"
                    WIDTH="1072.0"
                    HEIGHT="90.0"></String>
          </TextLine>

          
          
          <TextLine ID="eSc_line_45b1686b"
                    
                    BASELINE="414 1470 451 1467 474 1472 654 1479 912 1479 940 1474 1244 1474 1320 1479 1433 1479 1463 1474 1498 1479" 
                    HPOS="411.0"
                    VPOS="1434.0"
                    WIDTH="1086.0"
                    HEIGHT="90.0">
            <Shape><Polygon POINTS="411 1469 477 1444 594 1455 895 1437 989 1458 1051 1434 1103 1455 1227 1437 1469 1441 1497 1475 1483 1514 1421 1517 1051 1517 989 1472 961 1500 881 1514 791 1517 733 1500 684 1520 563 1520 511 1500 466 1524 414 1469"/></Shape>
	    <String CONTENT="וארבעים שנה ˙ ד&#39; ומנ&#39; עשה שביעית"
                    HPOS="411.0"
                    VPOS="1434.0"
                    WIDTH="1086.0"
                    HEIGHT="90.0"></String>
          </TextLine>

          
          
          <TextLine ID="eSc_line_a2d64c15"
                    
                    BASELINE="426 1546 483 1553 1343 1550 1389 1555 1412 1548 1493 1543" 
                    HPOS="425.0"
                    VPOS="1493.0"
                    WIDTH="1065.0"
                    HEIGHT="114.0">
            <Shape><Polygon POINTS="425 1545 494 1514 712 1517 743 1503 764 1517 871 1520 961 1503 992 1517 1016 1493 1047 1517 1473 1514 1490 1541 1480 1579 1438 1590 1155 1586 1134 1607 1103 1583 881 1590 767 1576 729 1600 702 1572 677 1586 625 1576 584 1590 456 1590 428 1562"/></Shape>
	    <String CONTENT="אף על פי שאין יובל תל&#39; לו&#39; והיו לך ימי תשע"
                    HPOS="425.0"
                    VPOS="1493.0"
                    WIDTH="1065.0"
                    HEIGHT="114.0"></String>
          </TextLine>

          
          
          <TextLine ID="eSc_line_1d31a3d1"
                    
                    BASELINE="421 1610 454 1617 541 1613 566 1622 629 1622 656 1626 1000 1620 1366 1620 1495 1613" 
                    HPOS="418.0"
                    VPOS="1579.0"
                    WIDTH="1075.0"
                    HEIGHT="83.0">
            <Shape><Polygon POINTS="418 1607 518 1583 667 1593 702 1579 740 1603 764 1579 1051 1593 1099 1579 1134 1603 1155 1583 1476 1583 1493 1610 1473 1652 1407 1662 1186 1659 1172 1645 1078 1662 1020 1648 912 1662 854 1641 833 1659 702 1662 681 1641 650 1662 574 1648 456 1659 421 1624"/></Shape>
	    <String CONTENT="וארבעים שנה דב&#39; ר&#39; יהוד&#39; וחכמ&#39; או&#39; שביעית"
                    HPOS="418.0"
                    VPOS="1579.0"
                    WIDTH="1075.0"
                    HEIGHT="83.0"></String>
          </TextLine>

          
          
          <TextLine ID="eSc_line_6ea2f8ee"
                    
                    BASELINE="412 1682 467 1689 527 1686 580 1691 1500 1686" 
                    HPOS="411.0"
                    VPOS="1641.0"
                    WIDTH="1086.0"
                    HEIGHT="101.0">
            <Shape><Polygon POINTS="411 1679 494 1652 660 1659 681 1641 702 1662 833 1662 847 1648 899 1662 1016 1648 1168 1648 1182 1662 1269 1666 1473 1655 1497 1683 1473 1728 1417 1717 1393 1735 1276 1742 1106 1721 957 1735 940 1721 733 1731 591 1728 567 1714 542 1728 435 1731 414 1711"/></Shape>
	    <String CONTENT="נוהגת אף על פי שאין יובל והיובל אינו נוהג"
                    HPOS="411.0"
                    VPOS="1641.0"
                    WIDTH="1086.0"
                    HEIGHT="101.0"></String>
          </TextLine>

          
          
          <TextLine ID="eSc_line_4301dd62"
                    
                    BASELINE="419 1755 583 1755 606 1751 629 1758 827 1758 894 1760 919 1765 1465 1762 1498 1767" 
                    HPOS="418.0"
                    VPOS="1717.0"
                    WIDTH="1079.0"
                    HEIGHT="87.0">
            <Shape><Polygon POINTS="418 1752 449 1728 560 1717 670 1738 708 1721 760 1745 809 1724 954 1738 1027 1724 1234 1728 1276 1742 1393 1735 1421 1717 1469 1728 1497 1766 1473 1797 1442 1804 1234 1804 1213 1783 1172 1804 854 1804 795 1800 757 1769 722 1797 667 1780 636 1797 601 1787 473 1800 421 1755"/></Shape>
	    <String CONTENT="אלא אם כן יש עימו שביעית ˙ ה&#39; ומנ&#39; שהו"
                    HPOS="418.0"
                    VPOS="1717.0"
                    WIDTH="1079.0"
                    HEIGHT="87.0"></String>
          </TextLine>

          
          
          <TextLine ID="eSc_line_dcead3c0"
                    
                    BASELINE="407 1827 442 1841 465 1836 1488 1838" 
                    HPOS="404.0"
                    VPOS="1776.0"
                    WIDTH="1083.0"
                    HEIGHT="100.0">
            <Shape><Polygon POINTS="404 1825 439 1776 466 1800 577 1800 605 1787 663 1800 705 1787 719 1800 850 1804 1168 1804 1210 1780 1231 1800 1244 1790 1293 1807 1476 1800 1487 1835 1476 1870 1334 1876 1234 1863 1068 1873 1016 1849 982 1873 442 1876 408 1842"/></Shape>
	    <String CONTENT="בשופר תל&#39; לו&#39; והעברת שופר אין לי אלא ביובל"
                    HPOS="404.0"
                    VPOS="1776.0"
                    WIDTH="1083.0"
                    HEIGHT="100.0"></String>
          </TextLine>

          
          
          <TextLine ID="eSc_line_9904e54e"
                    
                    BASELINE="414 1896 477 1903 532 1901 560 1905 931 1905 979 1901 1495 1903" 
                    HPOS="411.0"
                    VPOS="1852.0"
                    WIDTH="1082.0"
                    HEIGHT="97.0">
            <Shape><Polygon POINTS="411 1894 456 1873 567 1870 733 1883 823 1870 982 1876 1016 1852 1058 1883 1130 1866 1473 1870 1493 1901 1480 1935 1248 1925 1231 1939 878 1949 580 1946 539 1928 480 1946 456 1942 414 1901"/></Shape>
	    <String CONTENT="בראש השנה מנ&#39; תל&#39; לו&#39; והעברת שופר תרועה"
                    HPOS="411.0"
                    VPOS="1852.0"
                    WIDTH="1082.0"
                    HEIGHT="97.0"></String>
          </TextLine>

          
          
          <TextLine ID="eSc_line_7c1dff2f"
                    
                    BASELINE="433 1970 511 1977 887 1977 1177 1970 1200 1965 1504 1967" 
                    HPOS="432.0"
                    VPOS="1925.0"
                    WIDTH="1068.0"
                    HEIGHT="97.0">
            <Shape><Polygon POINTS="432 1966 463 1942 515 1946 532 1928 660 1949 1234 1939 1248 1925 1265 1939 1455 1935 1500 1966 1462 2008 1404 2011 1023 2015 930 1997 899 2015 733 2004 598 2022 466 2015 435 1984"/></Shape>
	    <String CONTENT="בעשור לחודש ביום הכיפורים שאין תל&#39; לו&#39;"
                    HPOS="432.0"
                    VPOS="1925.0"
                    WIDTH="1068.0"
                    HEIGHT="97.0"></String>
          </TextLine>

          
          
          <TextLine ID="eSc_line_489d3997"
                    
                    BASELINE="433 2039 470 2048 564 2050 1451 2050 1507 2044" 
                    HPOS="432.0"
                    VPOS="1997.0"
                    WIDTH="1072.0"
                    HEIGHT="94.0">
            <Shape><Polygon POINTS="432 2035 456 2015 899 2018 930 1997 975 1997 1023 2018 1452 2008 1504 2042 1469 2084 1210 2091 508 2087 494 2074 459 2077 435 2053"/></Shape>
	    <String CONTENT="בחדש השביעי מה תל&#39; לו&#39; בחודש השביעי [/]"
                    HPOS="432.0"
                    VPOS="1997.0"
                    WIDTH="1072.0"
                    HEIGHT="94.0"></String>
          </TextLine>

          
          
          <TextLine ID="eSc_line_63ffb659"
                    
                    BASELINE="444 2113 532 2113 675 2124 1223 2124 1274 2120 1507 2115" 
                    HPOS="442.0"
                    VPOS="2077.0"
                    WIDTH="1062.0"
                    HEIGHT="93.0">
            <Shape><Polygon POINTS="442 2112 477 2077 594 2091 1466 2084 1504 2112 1462 2160 926 2156 788 2170 767 2153 646 2163 605 2139 497 2167 446 2136"/></Shape>
	    <String CONTENT="הרי תרועת שביעי כזו מה זו בשופר ˙˙ אף"
                    HPOS="442.0"
                    VPOS="2077.0"
                    WIDTH="1062.0"
                    HEIGHT="93.0"></String>
          </TextLine>

          
          
          <TextLine ID="eSc_line_d6a254c7"
                    
                    BASELINE="428 2198 1493 2193" 
                    HPOS="425.0"
                    VPOS="2146.0"
                    WIDTH="1065.0"
                    HEIGHT="97.0">
            <Shape><Polygon POINTS="425 2194 453 2160 515 2167 601 2146 708 2170 764 2153 791 2177 840 2160 1417 2160 1473 2163 1490 2191 1469 2233 1359 2239 1286 2236 1272 2222 1158 2239 1075 2226 1054 2243 1034 2222 995 2243 864 2239 788 2222 722 2229 705 2212 657 2233 497 2226 453 2239 428 2215"/></Shape>
	    <String CONTENT="תרועת ראש השנה בשופר ˙ ו&#39; ומנ&#39; שהיא"
                    HPOS="425.0"
                    VPOS="2146.0"
                    WIDTH="1065.0"
                    HEIGHT="97.0"></String>
          </TextLine>

          
          
          <TextLine ID="eSc_line_10c6cfba"
                    
                    BASELINE="424 2265 483 2260 562 2260 585 2265 737 2267 765 2272 1488 2272" 
                    HPOS="421.0"
                    VPOS="2219.0"
                    WIDTH="1066.0"
                    HEIGHT="96.0">
            <Shape><Polygon POINTS="421 2264 491 2229 999 2239 1030 2219 1054 2239 1075 2222 1106 2236 1234 2236 1269 2219 1286 2236 1476 2229 1487 2271 1473 2305 1445 2309 881 2309 847 2288 774 2305 525 2302 504 2315 432 2264"/></Shape>
	    <String CONTENT="פשוטה לפניה תל&#39; לו&#39; והעברת שופר ˙ ומנין"
                    HPOS="421.0"
                    VPOS="2219.0"
                    WIDTH="1066.0"
                    HEIGHT="96.0"></String>
          </TextLine>

          
          
          <TextLine ID="eSc_line_4c783a48"
                    
                    BASELINE="414 2329 451 2336 587 2334 684 2339 1267 2341 1498 2334" 
                    HPOS="411.0"
                    VPOS="2291.0"
                    WIDTH="1086.0"
                    HEIGHT="94.0">
            <Shape><Polygon POINTS="411 2326 449 2298 508 2319 529 2305 771 2312 850 2291 881 2309 1103 2315 1476 2305 1497 2333 1469 2367 1379 2374 1359 2357 1327 2378 1269 2378 1255 2364 1106 2374 1082 2353 1061 2374 708 2367 677 2381 636 2357 605 2371 577 2357 556 2374 459 2385 414 2343"/></Shape>
	    <String CONTENT="שהיא פשוטה לאחריה תל&#39; לו&#39; תעבירו שופר"
                    HPOS="411.0"
                    VPOS="2291.0"
                    WIDTH="1086.0"
                    HEIGHT="94.0"></String>
          </TextLine>

          
          
          <TextLine ID="eSc_line_da21a3ba"
                    
                    BASELINE="444 2401 481 2398 509 2403 682 2405 709 2410 1249 2410 1281 2405 1507 2401" 
                    HPOS="442.0"
                    VPOS="2353.0"
                    WIDTH="1062.0"
                    HEIGHT="101.0">
            <Shape><Polygon POINTS="442 2398 487 2374 560 2371 577 2353 601 2371 632 2353 674 2378 712 2364 1034 2378 1085 2353 1106 2374 1255 2364 1269 2378 1331 2381 1362 2360 1379 2378 1487 2371 1504 2398 1480 2440 1400 2454 1089 2436 508 2440 446 2398"/></Shape>
	    <String CONTENT="אין לי אלא ביובל בראש השנה מנ&#39; תל&#39; לומר"
                    HPOS="442.0"
                    VPOS="2353.0"
                    WIDTH="1062.0"
                    HEIGHT="101.0"></String>
          </TextLine>

          
          
          <TextLine ID="eSc_line_af1771f1"
                    
                    BASELINE="451 2468 601 2474 730 2472 779 2477 1011 2479 1060 2484 1221 2484 1249 2479 1449 2477 1507 2468" 
                    HPOS="449.0"
                    VPOS="2433.0"
                    WIDTH="1055.0"
                    HEIGHT="93.0">
            <Shape><Polygon POINTS="449 2464 480 2433 878 2450 1487 2440 1504 2464 1493 2519 1407 2509 1386 2523 1085 2523 1058 2499 992 2526 798 2523 764 2506 487 2516 453 2492"/></Shape>
	    <String CONTENT="והעברת שופר תרועה בעשור לחדש ביום"
                    HPOS="449.0"
                    VPOS="2433.0"
                    WIDTH="1055.0"
                    HEIGHT="93.0"></String>
          </TextLine>

          
          
          <TextLine ID="eSc_line_aab1b583"
                    
                    BASELINE="435 2548 470 2544 497 2551 656 2553 712 2557 1447 2557 1507 2551" 
                    HPOS="432.0"
                    VPOS="2499.0"
                    WIDTH="1072.0"
                    HEIGHT="103.0">
            <Shape><Polygon POINTS="432 2547 529 2509 989 2526 1058 2499 1092 2523 1473 2516 1504 2547 1473 2592 1155 2589 1127 2602 1113 2589 985 2585 695 2592 674 2571 643 2592 539 2589 504 2585 463 2544"/></Shape>
	    <String CONTENT="הכיפורים שאין תל&#39; לו&#39; בחדש השביעי הרי"
                    HPOS="432.0"
                    VPOS="2499.0"
                    WIDTH="1072.0"
                    HEIGHT="103.0"></String>
          </TextLine>

          
          
          <TextLine ID="eSc_line_80e4cb38"
                    
                    BASELINE="407 2620 546 2620 576 2624 693 2627 1131 2627 1454 2624 1507 2615" 
                    HPOS="404.0"
                    VPOS="2568.0"
                    WIDTH="1100.0"
                    HEIGHT="97.0">
            <Shape><Polygon POINTS="404 2616 473 2568 497 2585 601 2592 646 2592 670 2571 695 2595 1047 2589 1134 2606 1158 2589 1476 2592 1504 2613 1476 2654 1348 2665 446 2661 408 2623"/></Shape>
	    <String CONTENT="תרועת שביעי כזו מה זו פשוטה לפניה ופש&#39;"
                    HPOS="404.0"
                    VPOS="2568.0"
                    WIDTH="1100.0"
                    HEIGHT="97.0"></String>
          </TextLine>

          
          
          <TextLine ID="eSc_line_9d323d5e"
                    
                    BASELINE="435 2686 530 2684 585 2689 700 2691 728 2696 1422 2696 1504 2689" 
                    HPOS="432.0"
                    VPOS="2647.0"
                    WIDTH="1068.0"
                    HEIGHT="97.0">
            <Shape><Polygon POINTS="432 2685 463 2658 1428 2665 1455 2647 1500 2685 1476 2720 1421 2734 1341 2720 1310 2734 1148 2734 1092 2713 1065 2734 850 2734 823 2720 760 2744 587 2713 494 2730 439 2685"/></Shape>
	    <String CONTENT="לאחריה אף תרועת ראש השנה פשוטה"
                    HPOS="432.0"
                    VPOS="2647.0"
                    WIDTH="1068.0"
                    HEIGHT="97.0"></String>
          </TextLine>

          
          
          <TextLine ID="eSc_line_d0197ba5"
                    
                    BASELINE="428 2760 465 2758 562 2769 684 2769 878 2763 977 2765 1004 2769 1507 2765" 
                    HPOS="425.0"
                    VPOS="2713.0"
                    WIDTH="1079.0"
                    HEIGHT="100.0">
            <Shape><Polygon POINTS="425 2758 463 2713 491 2730 580 2713 605 2734 722 2734 750 2761 826 2720 850 2737 1068 2737 1099 2713 1120 2734 1213 2737 1338 2727 1414 2741 1469 2720 1504 2761 1473 2803 1421 2799 1400 2813 1379 2792 1338 2810 1117 2796 930 2806 878 2761 823 2806 764 2768 726 2806 532 2806 459 2799 428 2768"/></Shape>
	    <String CONTENT="לפניה ופשוטה לאחריה ˙ ז&#39; ביום לא [בלי&#39;]"
                    HPOS="425.0"
                    VPOS="2713.0"
                    WIDTH="1079.0"
                    HEIGHT="100.0"></String>
          </TextLine>

          
          
          <TextLine ID="eSc_line_eec0d333"
                    
                    BASELINE="414 2827 557 2836 931 2836 1069 2843 1304 2843 1362 2839 1509 2839" 
                    HPOS="411.0"
                    VPOS="2772.0"
                    WIDTH="1096.0"
                    HEIGHT="117.0">
            <Shape><Polygon POINTS="411 2824 463 2803 594 2796 733 2806 757 2792 829 2810 878 2772 926 2803 1279 2813 1379 2789 1400 2810 1473 2806 1507 2837 1469 2882 1238 2875 1224 2889 1206 2875 1002 2875 954 2858 909 2879 826 2872 805 2886 698 2869 477 2875 414 2827"/></Shape>
	    <String CONTENT="בלילה ביום הכיפורים אפילו בשבת תעבירו"
                    HPOS="411.0"
                    VPOS="2772.0"
                    WIDTH="1096.0"
                    HEIGHT="117.0"></String>
          </TextLine>

          
          
          <TextLine ID="eSc_line_b9bf5718"
                    
                    BASELINE="405 2898 463 2896 553 2905 663 2908 1449 2908 1507 2901" 
                    HPOS="404.0"
                    VPOS="2858.0"
                    WIDTH="1100.0"
                    HEIGHT="93.0">
            <Shape><Polygon POINTS="404 2896 446 2862 487 2875 788 2872 809 2889 833 2869 919 2879 968 2858 999 2875 1210 2875 1227 2893 1244 2875 1410 2872 1504 2900 1459 2938 1359 2951 1334 2934 1092 2948 795 2931 435 2945 408 2917"/></Shape>
	    <String CONTENT="שופר בכל ארצכם מלמ&#39; שכל יחיד ויחיד חייב"
                    HPOS="404.0"
                    VPOS="2858.0"
                    WIDTH="1100.0"
                    HEIGHT="93.0"></String>
          </TextLine>

          
          
          <TextLine ID="eSc_line_75f99422"
                    
                    BASELINE="405 2965 465 2972 566 2970 619 2975 774 2977 1168 2977 1318 2975 1378 2970 1488 2972" 
                    HPOS="404.0"
                    VPOS="2938.0"
                    WIDTH="1083.0"
                    HEIGHT="79.0">
            <Shape><Polygon POINTS="404 2962 432 2962 463 2938 1334 2938 1359 2958 1459 2938 1487 2969 1459 3003 1348 3000 1293 3017 1213 3003 1009 3010 954 2986 933 3007 906 2996 888 3010 459 3010 408 2965"/></Shape>
	    <String CONTENT="יכול אף תרועת ראש השנה תהא דוחה את"
                    HPOS="404.0"
                    VPOS="2938.0"
                    WIDTH="1083.0"
                    HEIGHT="79.0"></String>
          </TextLine>

          
          
          <TextLine ID="eSc_line_eb84dd21"
                    
                    BASELINE="380 3030 417 3037 666 3034 732 3041 1504 3037" 
                    HPOS="376.0"
                    VPOS="2983.0"
                    WIDTH="1124.0"
                    HEIGHT="100.0">
            <Shape><Polygon POINTS="376 3028 435 2983 459 3007 881 3017 909 3000 933 3014 957 2993 1006 3014 1193 3007 1213 3028 1234 3010 1307 3021 1348 3003 1469 3003 1500 3034 1476 3072 1452 3079 556 3076 532 3052 504 3076 480 3052 411 3083 380 3059"/></Shape>
	    <String CONTENT="השבת בכל ארצכם תל&#39; לו&#39; והעברת שופר תרוע&#39;"
                    HPOS="376.0"
                    VPOS="2983.0"
                    WIDTH="1124.0"
                    HEIGHT="100.0"></String>
          </TextLine>

          
          
          <TextLine ID="eSc_line_74ec4bba"
                    
                    BASELINE="421 3099 488 3099 555 3106 993 3104 1498 3108" 
                    HPOS="418.0"
                    VPOS="3052.0"
                    WIDTH="1079.0"
                    HEIGHT="103.0">
            <Shape><Polygon POINTS="418 3097 477 3059 504 3079 532 3052 574 3079 1480 3076 1497 3107 1466 3149 1272 3145 1258 3131 1134 3149 715 3135 632 3138 612 3155 587 3142 456 3145 421 3111"/></Shape>
	    <String CONTENT="בחודש השביעי ביום הכיפרים שאין תל&#39; לו&#39;"
                    HPOS="418.0"
                    VPOS="3052.0"
                    WIDTH="1079.0"
                    HEIGHT="103.0"></String>
          </TextLine>

          
          
          <TextLine ID="eSc_line_58e5381c"
                    
                    BASELINE="398 3177 456 3175 599 3184 1461 3184 1514 3177" 
                    HPOS="397.0"
                    VPOS="3135.0"
                    WIDTH="1114.0"
                    HEIGHT="90.0">
            <Shape><Polygon POINTS="397 3176 401 3152 463 3138 615 3152 695 3135 850 3149 878 3135 923 3149 954 3135 1096 3135 1113 3149 1262 3135 1293 3152 1500 3152 1511 3176 1500 3214 1487 3207 1469 3225 1182 3225 1155 3207 1130 3225 940 3225 909 3207 881 3225 795 3211 726 3225 643 3207 608 3225 553 3225 525 3207 401 3207"/></Shape>
	    <String CONTENT="בעשור לחודש ממשמע שנ&#39; יום הכיפורים"
                    HPOS="397.0"
                    VPOS="3135.0"
                    WIDTH="1114.0"
                    HEIGHT="90.0"></String>
          </TextLine>

          
        </TextBlock>
        

        
      </PrintSpace>
    </Page>
  </Layout>
</alto>
