<?xml version="1.0" encoding="UTF-8"?>
<alto xmlns:xsi="http://www.w3.org/2001/XMLSchema-instance"
      xmlns="http://www.loc.gov/standards/alto/ns-v4#"
      xsi:schemaLocation="http://www.loc.gov/standards/alto/ns-v4# http://www.loc.gov/standards/alto/v4/alto-4-2.xsd">
  <Description>
    <MeasurementUnit>pixel</MeasurementUnit>
    <sourceImageInformation>
      <fileName>Vat.ebr.31_0136_fa_0065v.jpg</fileName>
      
    </sourceImageInformation>
  </Description>
  
  <Tags>
    <OtherTag ID="BT1" LABEL="Title" DESCRIPTION="block type Title"/><OtherTag ID="BT2" LABEL="Main" DESCRIPTION="block type Main"/><OtherTag ID="BT3" LABEL="Commentary" DESCRIPTION="block type Commentary"/><OtherTag ID="BT4" LABEL="Illustration" DESCRIPTION="block type Illustration"/><OtherTag ID="BT849" LABEL="Margin" DESCRIPTION="block type Margin"/><OtherTag ID="BT850" LABEL="Paratext" DESCRIPTION="block type Paratext"/>
    <OtherTag ID="LT2" LABEL="Numbering" DESCRIPTION="line type Numbering"/><OtherTag ID="LT3" LABEL="Correction" DESCRIPTION="line type Correction"/>
  </Tags>
  
  <Layout>
    <Page WIDTH="3623"
          HEIGHT="4140"
          PHYSICAL_IMG_NR="129"
          ID="eSc_dummypage_">
      <PrintSpace HPOS="0"
                  VPOS="0"
                  WIDTH="3623"
                  HEIGHT="4140">
        
        <TextBlock HPOS="1773.0"
                   VPOS="604.0"
                   WIDTH="1104.0"
                   HEIGHT="2632.0"
                   ID="eSc_textblock_1b8198f5"
                   TAGREFS="BT2">
          <Shape><Polygon POINTS="2868 3236 2877 616 1794 604 1773 3208 2868 3236"/></Shape>
          
          
          <TextLine ID="eSc_line_dce7d96b"
                    
                    BASELINE="1785 669 1840 664 1897 669 1978 669 2088 662 2245 667 2452 664 2479 669 2735 669 2783 664 2875 664" 
                    HPOS="1783.0"
                    VPOS="617.0"
                    WIDTH="1091.0"
                    HEIGHT="97.0">
            <Shape><Polygon POINTS="1783 665 1794 624 1935 631 1994 617 2104 617 2122 631 2166 617 2301 631 2377 617 2404 631 2449 617 2473 631 2863 621 2874 662 2867 696 2722 714 2460 714 2429 696 2384 714 2311 714 2291 700 2191 710 2128 696 1987 714 1952 696 1821 710 1790 696"/></Shape>
	    <String CONTENT="או&#39; אחוזתכם מיטמא בנגעים אין אחוזת"
                    HPOS="1783.0"
                    VPOS="617.0"
                    WIDTH="1091.0"
                    HEIGHT="97.0"></String>
          </TextLine>

          
          
          <TextLine ID="eSc_line_057245e3"
                    
                    BASELINE="1778 745 2070 749 2118 745 2801 745 2833 738 2866 742" 
                    HPOS="1776.0"
                    VPOS="707.0"
                    WIDTH="1087.0"
                    HEIGHT="86.0">
            <Shape><Polygon POINTS="1776 741 1804 741 1832 717 2429 707 2832 707 2863 741 2832 783 2170 779 2053 793 1832 790 1780 745"/></Shape>
	    <String CONTENT="גוים מיטמא בנגעים כשם שאין אחוזתם"
                    HPOS="1776.0"
                    VPOS="707.0"
                    WIDTH="1087.0"
                    HEIGHT="86.0"></String>
          </TextLine>

          
          
          <TextLine ID="eSc_line_e11c967b"
                    
                    BASELINE="1794 816 1831 811 1913 816 2323 816 2348 811 2868 811" 
                    HPOS="1790.0"
                    VPOS="779.0"
                    WIDTH="1077.0"
                    HEIGHT="90.0">
            <Shape><Polygon POINTS="1790 814 1832 786 1883 779 2767 779 2825 783 2867 810 2832 855 2373 852 2304 869 2173 848 2039 859 2025 845 1994 859 1832 859 1794 824"/></Shape>
	    <String CONTENT="מיטמא בנגעים כך אין בגדיהם וגופם [מיט&#39;]"
                    HPOS="1790.0"
                    VPOS="779.0"
                    WIDTH="1077.0"
                    HEIGHT="90.0"></String>
          </TextLine>

          
          
          <TextLine ID="eSc_line_422c4eef"
                    
                    BASELINE="1794 887 1909 896 2139 896 2196 892 2417 892 2523 896 2712 896 2767 892 2856 894" 
                    HPOS="1790.0"
                    VPOS="845.0"
                    WIDTH="1063.0"
                    HEIGHT="93.0">
            <Shape><Polygon POINTS="1790 886 1846 859 1984 865 2025 845 2056 862 2180 855 2211 876 2266 859 2311 886 2373 859 2829 855 2853 893 2843 931 2763 914 2743 928 2618 934 2598 914 2567 938 2446 938 2411 934 2384 907 2360 921 2332 893 2291 928 2260 931 2208 893 2166 928 2087 928 2059 903 2015 934 1852 934 1794 890"/></Shape>
	    <String CONTENT="מיטמאין בנגעים ˙ ג&#39; אשר לו הבית"
                    HPOS="1790.0"
                    VPOS="845.0"
                    WIDTH="1063.0"
                    HEIGHT="93.0"></String>
          </TextLine>

          
          
          <TextLine ID="eSc_line_7e4476fb"
                    
                    BASELINE="1766 959 2302 959 2330 963 2532 963 2613 959 2840 961 2873 954" 
                    HPOS="1763.0"
                    VPOS="897.0"
                    WIDTH="1107.0"
                    HEIGHT="120.0">
            <Shape><Polygon POINTS="1763 955 1818 903 1849 931 1911 934 2028 931 2059 903 2087 928 2166 928 2208 897 2249 931 2325 931 2380 907 2442 934 2577 934 2598 914 2618 934 2712 931 2770 914 2870 952 2801 1000 2756 983 2722 1000 2601 983 2560 1003 2280 997 2263 983 2242 1000 2015 997 1956 1017 1935 997 1814 1003 1766 955"/></Shape>
	    <String CONTENT="שלא ישלח ביד שליח יכול אפילו זקן אפילו"
                    HPOS="1763.0"
                    VPOS="897.0"
                    WIDTH="1107.0"
                    HEIGHT="120.0"></String>
          </TextLine>

          
          
          <TextLine ID="eSc_line_ad3a1a88"
                    
                    BASELINE="1766 1030 1985 1039 2155 1032 2783 1035 2808 1030 2836 1030 2866 1039" 
                    HPOS="1763.0"
                    VPOS="983.0"
                    WIDTH="1100.0"
                    HEIGHT="103.0">
            <Shape><Polygon POINTS="1763 1028 1808 1003 1935 1003 1956 1021 2008 1003 2246 1000 2263 983 2284 1000 2480 1007 2563 1007 2594 990 2708 1003 2753 983 2770 1000 2832 1000 2863 1038 2825 1069 2598 1079 2570 1055 2546 1079 2515 1079 2446 1076 2432 1062 2401 1076 2318 1072 2298 1059 2177 1083 2118 1059 2090 1086 2049 1069 2015 1086 1832 1076 1780 1031"/></Shape>
	    <String CONTENT="חולה תל&#39; לו&#39; ובא והגיד לכהן ידקדק הכ&#39; כיצד"
                    HPOS="1763.0"
                    VPOS="983.0"
                    WIDTH="1100.0"
                    HEIGHT="103.0"></String>
          </TextLine>

          
          
          <TextLine ID="eSc_line_551050ad"
                    
                    BASELINE="1766 1097 1798 1108 2695 1108 2760 1101 2815 1101 2838 1097 2873 1101" 
                    HPOS="1763.0"
                    VPOS="1055.0"
                    WIDTH="1107.0"
                    HEIGHT="104.0">
            <Shape><Polygon POINTS="1763 1093 1783 1100 1811 1072 2090 1083 2115 1059 2177 1083 2277 1069 2401 1076 2418 1059 2449 1076 2522 1079 2574 1055 2594 1076 2829 1069 2870 1100 2822 1141 2049 1148 2032 1135 2008 1159 1883 1148 1839 1117 1808 1131 1766 1100"/></Shape>
	    <String CONTENT="בא הנגע לביתו לאמר ואמר לו כהן דברי"
                    HPOS="1763.0"
                    VPOS="1055.0"
                    WIDTH="1107.0"
                    HEIGHT="104.0"></String>
          </TextLine>

          
          
          <TextLine ID="eSc_line_e7d0290a"
                    
                    BASELINE="1778 1170 1833 1182 1943 1182 1966 1177 1992 1184 2107 1179 2633 1182 2686 1177 2799 1175 2838 1170 2870 1175" 
                    HPOS="1776.0"
                    VPOS="1117.0"
                    WIDTH="1091.0"
                    HEIGHT="118.0">
            <Shape><Polygon POINTS="1776 1169 1835 1117 1887 1155 2001 1162 2032 1138 2101 1155 2822 1141 2867 1173 2832 1207 2774 1214 2525 1210 2453 1231 2425 1214 2142 1217 2122 1235 2059 1210 2028 1224 1894 1221 1880 1207 1828 1207 1790 1173"/></Shape>
	    <String CONTENT="כיבושים בני אין נגעים באין אלא על"
                    HPOS="1776.0"
                    VPOS="1117.0"
                    WIDTH="1091.0"
                    HEIGHT="118.0"></String>
          </TextLine>

          
          
          <TextLine ID="eSc_line_99ecb4c6"
                    
                    BASELINE="1787 1246 1851 1244 1874 1248 1950 1248 2001 1255 2116 1253 2406 1255 2438 1251 2670 1248 2693 1244 2863 1246" 
                    HPOS="1783.0"
                    VPOS="1204.0"
                    WIDTH="1077.0"
                    HEIGHT="89.0">
            <Shape><Polygon POINTS="1783 1245 1846 1207 1911 1221 2035 1221 2056 1207 2122 1231 2139 1217 2429 1217 2453 1231 2467 1217 2798 1204 2825 1207 2860 1245 2829 1279 2670 1286 2639 1266 2601 1286 2522 1279 2480 1293 2404 1279 1828 1283 1790 1245"/></Shape>
	    <String CONTENT="לשון הרע שכן מצינו במרים שלא נענשה"
                    HPOS="1783.0"
                    VPOS="1204.0"
                    WIDTH="1077.0"
                    HEIGHT="89.0"></String>
          </TextLine>

          
          
          <TextLine ID="eSc_line_b6fcf5b5"
                    
                    BASELINE="1768 1306 1934 1315 2054 1315 2079 1320 2111 1317 2254 1320 2286 1315 2691 1313 2762 1308 2852 1308" 
                    HPOS="1766.0"
                    VPOS="1266.0"
                    WIDTH="1084.0"
                    HEIGHT="93.0">
            <Shape><Polygon POINTS="1766 1304 1811 1283 2594 1290 2649 1266 2670 1286 2839 1279 2850 1307 2839 1338 2794 1352 2532 1359 2505 1335 2480 1352 2391 1355 2146 1345 1808 1359 1770 1321"/></Shape>
	    <String CONTENT="אלא על לשון הרע שנ&#39; השמר בנגע הצרעת"
                    HPOS="1766.0"
                    VPOS="1266.0"
                    WIDTH="1084.0"
                    HEIGHT="93.0"></String>
          </TextLine>

          
          
          <TextLine ID="eSc_line_e3737cf9"
                    
                    BASELINE="1785 1375 1821 1384 2866 1380" 
                    HPOS="1783.0"
                    VPOS="1342.0"
                    WIDTH="1080.0"
                    HEIGHT="89.0">
            <Shape><Polygon POINTS="1783 1373 1818 1352 1873 1348 2398 1359 2508 1342 2536 1362 2794 1355 2825 1342 2863 1380 2836 1424 2618 1424 2594 1411 2580 1424 2460 1431 2197 1411 2111 1428 2063 1428 2049 1414 1828 1428 1787 1386"/></Shape>
	    <String CONTENT="לשמר מאד ולעשות ˙ זכור את אשר עשה"
                    HPOS="1783.0"
                    VPOS="1342.0"
                    WIDTH="1080.0"
                    HEIGHT="89.0"></String>
          </TextLine>

          
          
          <TextLine ID="eSc_line_b855f47e"
                    
                    BASELINE="1794 1458 1854 1467 1978 1467 2143 1460 2249 1460 2272 1455 2617 1458 2647 1453 2856 1444" 
                    HPOS="1790.0"
                    VPOS="1411.0"
                    WIDTH="1063.0"
                    HEIGHT="93.0">
            <Shape><Polygon POINTS="1790 1455 1821 1431 1894 1414 1966 1431 2035 1417 2059 1431 2318 1417 2463 1431 2580 1428 2594 1414 2618 1428 2705 1414 2781 1424 2812 1411 2853 1442 2829 1486 2781 1469 2732 1497 2656 1473 2612 1497 2325 1486 2229 1504 2173 1483 2153 1504 1873 1500 1856 1486 1828 1504 1794 1469"/></Shape>
	    <String CONTENT="ייי ﭏהיך למרים וכי מה עינין זה לזה אלא"
                    HPOS="1790.0"
                    VPOS="1411.0"
                    WIDTH="1063.0"
                    HEIGHT="93.0"></String>
          </TextLine>

          
          
          <TextLine ID="eSc_line_0dd3e4dc"
                    
                    BASELINE="1798 1522 1925 1531 2845 1529 2875 1534" 
                    HPOS="1797.0"
                    VPOS="1473.0"
                    WIDTH="1077.0"
                    HEIGHT="100.0">
            <Shape><Polygon POINTS="1797 1521 1852 1486 1897 1521 1928 1497 2153 1500 2173 1480 2229 1500 2304 1500 2325 1486 2404 1500 2612 1497 2646 1473 2674 1500 2729 1500 2784 1473 2863 1511 2874 1531 2839 1562 2753 1573 2725 1559 2370 1566 2356 1552 2066 1573 1942 1569 1897 1535 1852 1566 1808 1524"/></Shape>
	    <String CONTENT="מלמ&#39; שלא נענשה אלא על לשון הרע ˙ [ד&#39;]"
                    HPOS="1797.0"
                    VPOS="1473.0"
                    WIDTH="1077.0"
                    HEIGHT="100.0"></String>
          </TextLine>

          
          
          <TextLine ID="eSc_line_5530e295"
                    
                    BASELINE="1785 1584 1817 1596 1969 1593 2021 1598 2233 1600 2332 1593 2859 1593" 
                    HPOS="1783.0"
                    VPOS="1549.0"
                    WIDTH="1073.0"
                    HEIGHT="86.0">
            <Shape><Polygon POINTS="1783 1583 1825 1549 1852 1566 1908 1555 2063 1573 2253 1569 2266 1555 2322 1566 2349 1552 2370 1566 2729 1562 2753 1583 2825 1559 2856 1590 2839 1631 2815 1631 2770 1590 2729 1631 2563 1631 2546 1614 2529 1631 2398 1635 2280 1631 2256 1607 2232 1631 1846 1635 1787 1593"/></Shape>
	    <String CONTENT="ד&#39; והרי הדברים קל וחו&#39; מה אם מרים"
                    HPOS="1783.0"
                    VPOS="1549.0"
                    WIDTH="1073.0"
                    HEIGHT="86.0"></String>
          </TextLine>

          
          
          <TextLine ID="eSc_line_8ad809eb"
                    
                    BASELINE="1780 1653 1840 1660 1941 1658 1992 1662 2143 1662 2171 1655 2199 1660 2859 1660" 
                    HPOS="1776.0"
                    VPOS="1611.0"
                    WIDTH="1080.0"
                    HEIGHT="89.0">
            <Shape><Polygon POINTS="1776 1652 1804 1628 2235 1631 2256 1611 2277 1631 2518 1635 2546 1614 2563 1631 2736 1631 2760 1611 2777 1628 2846 1631 2856 1659 2812 1697 2746 1683 2725 1700 2080 1700 2066 1687 2028 1700 1832 1700 1780 1656"/></Shape>
	    <String CONTENT="שדיברה שלא בפניו שלמשה כך נענשה"
                    HPOS="1776.0"
                    VPOS="1611.0"
                    WIDTH="1080.0"
                    HEIGHT="89.0"></String>
          </TextLine>

          
          
          <TextLine ID="eSc_line_39f5ae94"
                    
                    BASELINE="1750 1722 1814 1731 1888 1734 2781 1731 2866 1736" 
                    HPOS="1749.0"
                    VPOS="1680.0"
                    WIDTH="1114.0"
                    HEIGHT="103.0">
            <Shape><Polygon POINTS="1749 1721 1787 1680 1828 1700 1994 1704 2063 1690 2077 1704 2332 1693 2718 1707 2763 1687 2825 1704 2863 1735 2791 1783 2760 1769 2467 1776 2449 1759 2422 1773 2387 1759 2173 1773 2149 1756 2111 1773 1808 1780 1756 1738"/></Shape>
	    <String CONTENT="על אחת כמה המדבר גנותו שלחבירו בפניו ˙"
                    HPOS="1749.0"
                    VPOS="1680.0"
                    WIDTH="1114.0"
                    HEIGHT="103.0"></String>
          </TextLine>

          
          
          <TextLine ID="eSc_line_198685d9"
                    
                    BASELINE="1762 1805 2166 1805 2196 1810 2277 1810 2309 1805 2868 1805" 
                    HPOS="1759.0"
                    VPOS="1756.0"
                    WIDTH="1108.0"
                    HEIGHT="100.0">
            <Shape><Polygon POINTS="1759 1804 1818 1773 2108 1776 2132 1756 2180 1776 2287 1776 2304 1762 2422 1773 2439 1759 2463 1776 2529 1780 2546 1766 2584 1776 2722 1766 2763 1797 2825 1762 2867 1804 2856 1852 2798 1849 2763 1818 2725 1849 2684 1835 2508 1842 2491 1856 2367 1838 2246 1856 2197 1842 1880 1845 1849 1831 1821 1845 1763 1804"/></Shape>
	    <String CONTENT="ה&#39; ר&#39; שמע&#39; בן לעז&#39; או&#39; אף על גסות הרוח"
                    HPOS="1759.0"
                    VPOS="1756.0"
                    WIDTH="1108.0"
                    HEIGHT="100.0"></String>
          </TextLine>

          
          
          <TextLine ID="eSc_line_c4e2d76b"
                    
                    BASELINE="1794 1872 1828 1867 1849 1879 1897 1881 2173 1879 2684 1881 2707 1876 2854 1876" 
                    HPOS="1790.0"
                    VPOS="1835.0"
                    WIDTH="1063.0"
                    HEIGHT="90.0">
            <Shape><Polygon POINTS="1790 1869 1849 1835 1956 1856 2781 1842 2832 1849 2853 1873 2839 1918 2539 1911 2522 1925 2487 1904 2398 1925 2367 1907 2315 1918 2301 1904 2232 1921 2066 1925 1956 1911 1925 1921 1901 1904 1866 1921 1794 1873"/></Shape>
	    <String CONTENT="הנגעים באין שכן מצינו בעוזיהו שנא&#39;"
                    HPOS="1790.0"
                    VPOS="1835.0"
                    WIDTH="1063.0"
                    HEIGHT="90.0"></String>
          </TextLine>

          
          
          <TextLine ID="eSc_line_69d4a27e"
                    
                    BASELINE="1768 1941 1911 1948 1941 1950 1969 1957 1992 1952 2224 1952 2406 1952 2463 1957 2486 1950 2751 1948 2778 1943 2863 1945" 
                    HPOS="1766.0"
                    VPOS="1897.0"
                    WIDTH="1094.0"
                    HEIGHT="100.0">
            <Shape><Polygon POINTS="1766 1938 1832 1897 1866 1918 1904 1900 1921 1918 2063 1921 2239 1921 2287 1904 2311 1921 2384 1925 2449 1904 2487 1925 2822 1914 2860 1942 2829 1983 2691 1997 2508 1997 2484 1973 2367 1997 2311 1976 2260 1990 2242 1973 2211 1990 1973 1976 1908 1994 1814 1976 1770 1942"/></Shape>
	    <String CONTENT="ובחזקתו גבה לבו עד להשחית וימעל בייי"
                    HPOS="1766.0"
                    VPOS="1897.0"
                    WIDTH="1094.0"
                    HEIGHT="100.0"></String>
          </TextLine>

          
          
          <TextLine ID="eSc_line_9f400fcc"
                    
                    BASELINE="1768 2021 1824 2028 1906 2026 1962 2030 2304 2026 2330 2030 2534 2030 2557 2026 2707 2028 2762 2017 2845 2019" 
                    HPOS="1766.0"
                    VPOS="1976.0"
                    WIDTH="1077.0"
                    HEIGHT="97.0">
            <Shape><Polygon POINTS="1766 2018 1790 2018 1832 1983 1901 1997 1970 1980 2042 1997 2115 1983 2208 1997 2232 1976 2263 2001 2311 1983 2404 2004 2449 2001 2477 1980 2511 2004 2736 1997 2819 1980 2843 2018 2822 2063 2515 2073 2356 2070 2332 2052 2177 2073 2063 2052 2018 2070 1821 2070 1770 2021"/></Shape>
	    <String CONTENT="ﭏהיו ויבא אל היכל ייי להקטיר על מזבח"
                    HPOS="1766.0"
                    VPOS="1976.0"
                    WIDTH="1077.0"
                    HEIGHT="97.0"></String>
          </TextLine>

          
          
          <TextLine ID="eSc_line_681eb887"
                    
                    BASELINE="1775 2095 1858 2102 2113 2099 2629 2102 2682 2097 2845 2093" 
                    HPOS="1773.0"
                    VPOS="2056.0"
                    WIDTH="1070.0"
                    HEIGHT="93.0">
            <Shape><Polygon POINTS="1773 2094 1780 2073 1842 2063 2011 2073 2053 2059 2177 2070 2329 2056 2377 2070 2832 2063 2843 2090 2832 2132 2781 2142 2605 2128 2260 2142 2218 2114 2197 2135 2015 2149 1956 2132 1932 2145 1863 2132 1814 2142 1776 2111"/></Shape>
	    <String CONTENT="הקטרת ויבא אחריו עזריה הכהן ועמו [כ/]"
                    HPOS="1773.0"
                    VPOS="2056.0"
                    WIDTH="1070.0"
                    HEIGHT="93.0"></String>
          </TextLine>

          
          
          <TextLine ID="eSc_line_dbd6cd8e"
                    
                    BASELINE="1768 2168 1886 2175 2150 2173 2500 2175 2528 2171 2822 2168 2875 2178" 
                    HPOS="1766.0"
                    VPOS="2114.0"
                    WIDTH="1108.0"
                    HEIGHT="111.0">
            <Shape><Polygon POINTS="1766 2166 1790 2135 1828 2149 1935 2149 1949 2135 2025 2149 2197 2139 2229 2114 2260 2142 2822 2135 2874 2176 2822 2211 2746 2211 2722 2197 2687 2211 2649 2201 2453 2214 2422 2194 2394 2214 2377 2201 2335 2211 2273 2194 2246 2211 2166 2201 2104 2214 2042 2194 1973 2218 1770 2225"/></Shape>
	    <String CONTENT="כהנים שמונים בני חיל ויעמדו על עוזיהו"
                    HPOS="1766.0"
                    VPOS="2114.0"
                    WIDTH="1108.0"
                    HEIGHT="111.0"></String>
          </TextLine>

          
          
          <TextLine ID="eSc_line_3e805da5"
                    
                    BASELINE="1785 2244 1895 2244 1925 2249 2583 2247 2610 2251 2643 2244 2854 2240" 
                    HPOS="1783.0"
                    VPOS="2194.0"
                    WIDTH="1070.0"
                    HEIGHT="96.0">
            <Shape><Polygon POINTS="1783 2242 1839 2211 1997 2214 2042 2194 2063 2214 2239 2214 2277 2194 2304 2214 2363 2201 2401 2214 2429 2194 2453 2218 2649 2204 2681 2214 2729 2201 2843 2214 2853 2239 2839 2287 2787 2270 2712 2290 2681 2266 2653 2280 2636 2263 2546 2283 2260 2287 2235 2266 2187 2287 2125 2273 1956 2287 1921 2266 1863 2280 1787 2242"/></Shape>
	    <String CONTENT="המלך ויאמרו לו לא לך עוזיה להקטיר"
                    HPOS="1783.0"
                    VPOS="2194.0"
                    WIDTH="1070.0"
                    HEIGHT="96.0"></String>
          </TextLine>

          
          
          <TextLine ID="eSc_line_87db71f7"
                    
                    BASELINE="1757 2304 1849 2313 2215 2311 2629 2313 2654 2309 2856 2304" 
                    HPOS="1756.0"
                    VPOS="2263.0"
                    WIDTH="1097.0"
                    HEIGHT="96.0">
            <Shape><Polygon POINTS="1756 2301 1776 2266 1873 2283 1925 2270 1952 2287 2191 2287 2229 2273 2273 2287 2605 2280 2625 2263 2656 2283 2681 2270 2701 2290 2798 2270 2853 2301 2812 2346 2663 2335 2608 2349 2291 2349 2270 2328 2246 2352 2163 2339 2111 2359 2080 2328 2035 2352 2004 2332 1980 2349 1863 2356 1794 2356 1759 2339"/></Shape>
	    <String CONTENT="לייי כי לכהנים בני אהרן המקריבים להקטיר"
                    HPOS="1756.0"
                    VPOS="2263.0"
                    WIDTH="1097.0"
                    HEIGHT="96.0"></String>
          </TextLine>

          
          
          <TextLine ID="eSc_line_13cb6162"
                    
                    BASELINE="1780 2371 1837 2378 1962 2375 2012 2380 2261 2380 2293 2375 2693 2378 2861 2369" 
                    HPOS="1776.0"
                    VPOS="2332.0"
                    WIDTH="1084.0"
                    HEIGHT="100.0">
            <Shape><Polygon POINTS="1776 2370 1814 2346 1963 2352 1997 2332 2025 2352 2084 2332 2111 2359 2163 2339 2246 2356 2273 2332 2291 2349 2743 2339 2822 2346 2860 2366 2784 2415 2756 2401 2729 2415 2691 2401 2674 2418 2656 2404 2543 2421 2508 2408 2325 2408 2090 2418 2077 2432 2039 2404 1880 2418 1856 2394 1780 2377"/></Shape>
	    <String CONTENT="צא מן המקדש כי מעלת ולא לך לכבוד"
                    HPOS="1776.0"
                    VPOS="2332.0"
                    WIDTH="1084.0"
                    HEIGHT="100.0"></String>
          </TextLine>

          
          
          <TextLine ID="eSc_line_f49d89d3"
                    
                    BASELINE="1775 2444 1835 2451 2433 2451 2491 2447 2677 2444 2700 2440 2804 2440 2827 2442 2875 2456" 
                    HPOS="1773.0"
                    VPOS="2401.0"
                    WIDTH="1101.0"
                    HEIGHT="100.0">
            <Shape><Polygon POINTS="1773 2442 1814 2411 2046 2415 2077 2432 2090 2418 2329 2408 2674 2418 2694 2401 2725 2415 2819 2411 2874 2452 2853 2449 2822 2480 2725 2470 2691 2487 2584 2490 2522 2473 2425 2494 2391 2470 2349 2490 2253 2490 2232 2477 2015 2501 1863 2477 1811 2494 1776 2459"/></Shape>
	    <String CONTENT="מייי ﭏהים ויזעף עזיהו ובידו מקטרת"
                    HPOS="1773.0"
                    VPOS="2401.0"
                    WIDTH="1101.0"
                    HEIGHT="100.0"></String>
          </TextLine>

          
          
          <TextLine ID="eSc_line_8762ed26"
                    
                    BASELINE="1780 2525 1863 2523 1950 2530 2044 2530 2353 2523 2718 2525 2861 2516" 
                    HPOS="1776.0"
                    VPOS="2480.0"
                    WIDTH="1084.0"
                    HEIGHT="97.0">
            <Shape><Polygon POINTS="1776 2521 1787 2497 1859 2490 2084 2504 2232 2484 2442 2497 2774 2480 2805 2480 2860 2515 2819 2559 2736 2577 2615 2549 2473 2570 2401 2566 2387 2553 2360 2570 2084 2563 2028 2577 1935 2556 1897 2573 1856 2553 1828 2566 1783 2521"/></Shape>
	    <String CONTENT="להקטיר ובזעפו עם הכהנים והצרעת"
                    HPOS="1776.0"
                    VPOS="2480.0"
                    WIDTH="1084.0"
                    HEIGHT="97.0"></String>
          </TextLine>

          
          
          <TextLine ID="eSc_line_d55f72c0"
                    
                    BASELINE="1766 2594 1883 2603 2822 2603 2854 2596" 
                    HPOS="1763.0"
                    VPOS="2542.0"
                    WIDTH="1090.0"
                    HEIGHT="121.0">
            <Shape><Polygon POINTS="1763 2590 1801 2542 1825 2566 1887 2573 1935 2559 1980 2573 2391 2570 2425 2556 2529 2570 2594 2566 2608 2553 2667 2573 2739 2573 2808 2559 2853 2594 2825 2639 2629 2649 2429 2635 2401 2663 2342 2625 2260 2642 2066 2642 2028 2628 1997 2639 1984 2625 1894 2646 1814 2642 1766 2594"/></Shape>
	    <String CONTENT="זרחה על מצחו לפני הכהנים בבית ייי מעל"
                    HPOS="1763.0"
                    VPOS="2542.0"
                    WIDTH="1090.0"
                    HEIGHT="121.0"></String>
          </TextLine>

          
          
          <TextLine ID="eSc_line_fe2ea690"
                    
                    BASELINE="1785 2672 1918 2677 1964 2681 2077 2681 2104 2677 2196 2674 2810 2674 2833 2668 2866 2677" 
                    HPOS="1783.0"
                    VPOS="2625.0"
                    WIDTH="1080.0"
                    HEIGHT="97.0">
            <Shape><Polygon POINTS="1783 2670 1825 2642 1890 2649 1980 2625 1997 2642 2015 2628 2070 2646 2280 2642 2301 2663 2342 2625 2384 2666 2429 2639 2643 2653 2805 2632 2863 2673 2812 2708 2684 2701 2656 2715 2605 2715 2587 2697 2570 2711 2439 2711 2398 2673 2349 2711 2308 2684 2277 2711 2004 2708 1959 2722 1804 2715 1787 2697"/></Shape>
	    <String CONTENT="למזבח הקטרת ˙ ו&#39; נגע מה תל&#39; לו&#39; כנגע"
                    HPOS="1783.0"
                    VPOS="2625.0"
                    WIDTH="1080.0"
                    HEIGHT="97.0"></String>
          </TextLine>

          
          
          <TextLine ID="eSc_line_9fbca26f"
                    
                    BASELINE="1785 2737 1936 2741 1959 2748 2017 2743 2445 2746 2491 2741 2866 2737" 
                    HPOS="1783.0"
                    VPOS="2701.0"
                    WIDTH="1080.0"
                    HEIGHT="83.0">
            <Shape><Polygon POINTS="1783 2735 1808 2715 2387 2704 2532 2722 2587 2701 2605 2718 2687 2704 2732 2718 2829 2711 2863 2735 2822 2770 2763 2784 2656 2770 2425 2780 2363 2766 2339 2780 2291 2766 2246 2780 2156 2766 1952 2777 1935 2760 1883 2777 1866 2763 1814 2766 1787 2739"/></Shape>
	    <String CONTENT="אפילו תלמ&#39; חכם ויודע שהוא נגע וודיי"
                    HPOS="1783.0"
                    VPOS="2701.0"
                    WIDTH="1080.0"
                    HEIGHT="83.0"></String>
          </TextLine>

          
          
          <TextLine ID="eSc_line_56dbfb62"
                    
                    BASELINE="1785 2799 1854 2799 1909 2803 2199 2806 2226 2812 2254 2808 2410 2810 2463 2806 2762 2803 2794 2799 2856 2801" 
                    HPOS="1783.0"
                    VPOS="2763.0"
                    WIDTH="1070.0"
                    HEIGHT="86.0">
            <Shape><Polygon POINTS="1783 2797 1804 2773 1918 2780 1935 2763 1949 2777 2156 2766 2239 2780 2339 2780 2360 2766 2436 2780 2767 2780 2812 2763 2853 2797 2825 2835 2691 2846 2546 2842 2518 2829 2491 2846 2442 2829 2304 2846 2280 2825 2232 2849 2146 2832 2042 2835 2018 2822 1987 2839 1949 2825 1928 2842 1846 2842 1787 2801"/></Shape>
	    <String CONTENT="לא יגזור ויאמר נגע נראה לי בבית אלא [כנ/]"
                    HPOS="1783.0"
                    VPOS="2763.0"
                    WIDTH="1070.0"
                    HEIGHT="86.0"></String>
          </TextLine>

          
          
          <TextLine ID="eSc_line_210002d4"
                    
                    BASELINE="1762 2858 1821 2865 1844 2863 1874 2868 1996 2870 2732 2868 2781 2863 2863 2865" 
                    HPOS="1759.0"
                    VPOS="2818.0"
                    WIDTH="1101.0"
                    HEIGHT="93.0">
            <Shape><Polygon POINTS="1759 2856 1811 2818 1846 2839 1932 2839 1952 2825 1973 2839 2015 2825 2184 2835 2225 2860 2280 2825 2311 2853 2332 2839 2498 2846 2522 2829 2539 2842 2687 2846 2825 2835 2860 2863 2829 2901 2777 2894 2756 2908 2356 2908 2318 2877 2270 2904 2229 2870 2194 2904 1987 2894 1925 2911 1808 2904 1763 2860"/></Shape>
	    <String CONTENT="כנגע נראה לי בבית ˙ ז&#39; נראה לי לניני [ול&#39;]"
                    HPOS="1759.0"
                    VPOS="2818.0"
                    WIDTH="1101.0"
                    HEIGHT="93.0"></String>
          </TextLine>

          
          
          <TextLine ID="eSc_line_8a94e790"
                    
                    BASELINE="1762 2930 1794 2941 1874 2937 2010 2937 2035 2941 2677 2941 2723 2937 2856 2939" 
                    HPOS="1759.0"
                    VPOS="2894.0"
                    WIDTH="1094.0"
                    HEIGHT="97.0">
            <Shape><Polygon POINTS="1759 2929 1763 2911 1783 2925 1808 2904 2115 2908 2166 2894 2194 2908 2335 2894 2425 2911 2756 2911 2787 2894 2832 2904 2853 2935 2832 2977 2770 2963 2708 2984 2608 2967 2560 2987 2522 2973 2242 2973 2194 2991 2156 2967 2115 2980 1956 2980 1935 2960 1894 2984 1821 2977 1783 2942 1763 2956"/></Shape>
	    <String CONTENT="ולנכדי מיכן אמ&#39; בבית האפל אין פותחין בו"
                    HPOS="1759.0"
                    VPOS="2894.0"
                    WIDTH="1094.0"
                    HEIGHT="97.0"></String>
          </TextLine>

          
          
          <TextLine ID="eSc_line_2e482373"
                    
                    BASELINE="1775 3008 1897 3008 1925 3012 1950 3008 2090 3008 2164 3012 2344 3010 2459 3015 2574 3015 2640 3010 2868 3010" 
                    HPOS="1773.0"
                    VPOS="2960.0"
                    WIDTH="1094.0"
                    HEIGHT="93.0">
            <Shape><Polygon POINTS="1773 3004 1804 2973 1901 2984 1935 2960 1956 2980 2115 2984 2156 2967 2197 3004 2253 2977 2563 2987 2622 2967 2725 2984 2774 2963 2867 3008 2825 3042 2422 3053 2384 3039 2263 3046 2204 3011 2173 3042 2139 3042 2122 3025 2080 3042 2015 3032 1804 3046 1776 3018"/></Shape>
	    <String CONTENT="חלונות לראות את נגעו ˙ ח&#39; בבית להביא"
                    HPOS="1773.0"
                    VPOS="2960.0"
                    WIDTH="1094.0"
                    HEIGHT="93.0"></String>
          </TextLine>

          
          
          <TextLine ID="eSc_line_2f668ba0"
                    
                    BASELINE="1768 3072 1803 3063 1826 3070 1978 3072 2038 3077 2555 3077 2580 3072 2868 3072" 
                    HPOS="1766.0"
                    VPOS="3032.0"
                    WIDTH="1101.0"
                    HEIGHT="83.0">
            <Shape><Polygon POINTS="1766 3070 1821 3039 2018 3032 2411 3053 2832 3042 2867 3070 2832 3105 2356 3115 2039 3111 2015 3098 1959 3111 1804 3108 1770 3073"/></Shape>
	    <String CONTENT="את היציע בבית להביא את העלייה בבית"
                    HPOS="1766.0"
                    VPOS="3032.0"
                    WIDTH="1101.0"
                    HEIGHT="83.0"></String>
          </TextLine>

          
          
          <TextLine ID="eSc_line_f09e1b40"
                    
                    BASELINE="1734 3134 1791 3141 2051 3139 2884 3144" 
                    HPOS="1732.0"
                    VPOS="3101.0"
                    WIDTH="1149.0"
                    HEIGHT="83.0">
            <Shape><Polygon POINTS="1732 3132 1735 3115 1863 3105 1918 3118 2053 3118 2077 3101 2104 3115 2149 3105 2277 3118 2315 3101 2349 3118 2380 3108 2391 3122 2839 3105 2881 3142 2870 3167 2819 3184 2774 3184 2756 3167 2612 3167 2574 3180 2546 3167 2477 3184 2439 3170 2194 3180 2166 3167 2146 3180 1880 3180 1735 3160"/></Shape>
	    <String CONTENT="מתוכו הוא מיטמא אינו מיטמא מאחוריו ˙"
                    HPOS="1732.0"
                    VPOS="3101.0"
                    WIDTH="1149.0"
                    HEIGHT="83.0"></String>
          </TextLine>

          
        </TextBlock>
        
        <TextBlock HPOS="476.0"
                   VPOS="604.0"
                   WIDTH="1122.0"
                   HEIGHT="2632.0"
                   ID="eSc_textblock_57a25b02"
                   TAGREFS="BT2">
          <Shape><Polygon POINTS="1561 3236 1598 3180 1580 616 515 604 476 3217 1561 3236"/></Shape>
          
          
          <TextLine ID="eSc_line_225787a8"
                    
                    BASELINE="471 664 1557 664" 
                    HPOS="469.0"
                    VPOS="610.0"
                    WIDTH="1087.0"
                    HEIGHT="104.0">
            <Shape><Polygon POINTS="469 662 476 627 524 614 576 624 645 610 679 627 752 627 772 610 828 624 897 610 955 627 1021 627 1042 610 1138 610 1169 627 1549 614 1556 662 1549 693 1525 707 1452 693 1435 710 1393 696 1335 714 1280 700 1166 714 1000 700 586 714 569 700 476 693"/></Shape>
	    <String CONTENT="ט&#39; וציוה הכהן ופינו הציווי בכהן והפינוי"
                    HPOS="469.0"
                    VPOS="610.0"
                    WIDTH="1087.0"
                    HEIGHT="104.0"></String>
          </TextLine>

          
          
          <TextLine ID="eSc_line_3c697b1e"
                    
                    BASELINE="515 752 549 747 1005 747 1028 752 1055 745 1111 742 1345 745 1430 749 1483 745 1580 745" 
                    HPOS="514.0"
                    VPOS="679.0"
                    WIDTH="1062.0"
                    HEIGHT="117.0">
            <Shape><Polygon POINTS="514 748 555 700 583 717 683 714 700 700 734 717 810 717 831 700 862 714 1186 710 1207 727 1252 703 1280 731 1311 710 1421 710 1459 679 1494 714 1542 703 1576 741 1566 796 1552 783 1445 776 1335 786 1276 748 1242 783 1211 752 1162 783 1055 769 1000 786 797 790 655 776 600 786 517 752"/></Shape>
	    <String CONTENT="בכל אדם ˙ י&#39; ופינו את הבית אפילו חבילי"
                    HPOS="514.0"
                    VPOS="679.0"
                    WIDTH="1062.0"
                    HEIGHT="117.0"></String>
          </TextLine>

          
          
          <TextLine ID="eSc_line_2628f5b2"
                    
                    BASELINE="506 825 561 816 655 818 680 823 998 823 1025 818 1136 816 1580 816" 
                    HPOS="503.0"
                    VPOS="755.0"
                    WIDTH="1073.0"
                    HEIGHT="110.0">
            <Shape><Polygon POINTS="503 824 552 772 690 790 1004 786 1055 769 1114 786 1221 772 1242 786 1273 755 1321 786 1532 786 1576 814 1514 862 1262 841 1214 865 1007 845 966 859 659 862 627 848 555 852 524 824"/></Shape>
	    <String CONTENT="עצים חבילי קנים דב&#39; ר&#39; יהודה ר&#39; שמעו&#39; או&#39;"
                    HPOS="503.0"
                    VPOS="755.0"
                    WIDTH="1073.0"
                    HEIGHT="110.0"></String>
          </TextLine>

          
          
          <TextLine ID="eSc_line_38c4f9de"
                    
                    BASELINE="506 890 538 896 1513 894 1568 899" 
                    HPOS="503.0"
                    VPOS="841.0"
                    WIDTH="1063.0"
                    HEIGHT="100.0">
            <Shape><Polygon POINTS="503 886 548 848 621 865 955 862 1004 848 1218 865 1276 841 1311 862 1528 855 1566 897 1507 931 1431 941 1190 938 1173 921 1131 934 917 934 866 921 828 934 548 934 507 893"/></Shape>
	    <String CONTENT="עסק הוא לפינוי אמ&#39; ר&#39; מאיר וכי מה מיטמ&#39;"
                    HPOS="503.0"
                    VPOS="841.0"
                    WIDTH="1063.0"
                    HEIGHT="100.0"></String>
          </TextLine>

          
          
          <TextLine ID="eSc_line_e163cc05"
                    
                    BASELINE="506 961 542 959 648 963 710 970 973 970 1051 963 1189 970 1216 968 1239 972 1262 965 1479 963 1534 959 1564 961" 
                    HPOS="503.0"
                    VPOS="917.0"
                    WIDTH="1060.0"
                    HEIGHT="93.0">
            <Shape><Polygon POINTS="503 959 569 931 1135 941 1173 924 1190 941 1445 941 1521 917 1552 917 1563 959 1538 1000 1173 1007 1131 993 990 1007 945 993 924 1007 872 990 855 1003 634 1010 610 993 558 1003 507 959"/></Shape>
	    <String CONTENT="לו אם תאמר כלי עצו ובגדיו ומתכתו [מ&#39;]"
                    HPOS="503.0"
                    VPOS="917.0"
                    WIDTH="1060.0"
                    HEIGHT="93.0"></String>
          </TextLine>

          
          
          <TextLine ID="eSc_line_8e6ca2ce"
                    
                    BASELINE="499 1028 588 1035 611 1032 660 1037 1014 1039 1444 1037 1495 1032 1561 1032" 
                    HPOS="496.0"
                    VPOS="993.0"
                    WIDTH="1063.0"
                    HEIGHT="90.0">
            <Shape><Polygon POINTS="496 1024 524 1024 548 1000 935 1007 952 993 969 1007 1328 1007 1373 993 1407 1007 1549 1003 1559 1031 1542 1072 1476 1059 1418 1072 1390 1059 1362 1079 1321 1069 1238 1083 1224 1069 1159 1076 1128 1059 1055 1079 952 1079 928 1059 907 1072 552 1076 500 1028"/></Shape>
	    <String CONTENT="מטבילן והן טהורין ועל מה חסה התורה"
                    HPOS="496.0"
                    VPOS="993.0"
                    WIDTH="1063.0"
                    HEIGHT="90.0"></String>
          </TextLine>

          
          
          <TextLine ID="eSc_line_035e34ba"
                    
                    BASELINE="506 1099 572 1108 1559 1104" 
                    HPOS="503.0"
                    VPOS="1062.0"
                    WIDTH="1053.0"
                    HEIGHT="93.0">
            <Shape><Polygon POINTS="503 1097 541 1072 907 1076 931 1062 948 1079 1135 1066 1152 1079 1359 1086 1390 1062 1421 1079 1473 1062 1542 1079 1556 1104 1528 1145 1507 1148 1138 1155 1114 1138 917 1135 572 1148 507 1100"/></Shape>
	    <String CONTENT="על כלי חרסו ועל כפו ועל טפחו וכי מה"
                    HPOS="503.0"
                    VPOS="1062.0"
                    WIDTH="1053.0"
                    HEIGHT="93.0"></String>
          </TextLine>

          
          
          <TextLine ID="eSc_line_d38c3404"
                    
                    BASELINE="496 1173 533 1168 575 1179 600 1182 1304 1182 1341 1177 1575 1173" 
                    HPOS="493.0"
                    VPOS="1138.0"
                    WIDTH="1080.0"
                    HEIGHT="90.0">
            <Shape><Polygon POINTS="493 1173 548 1138 1135 1152 1528 1141 1573 1173 1538 1214 1397 1200 1356 1214 848 1217 831 1200 814 1214 686 1207 662 1228 641 1210 572 1214 524 1169"/></Shape>
	    <String CONTENT="מיטמא בנגעים הרשעים או הצדיקים"
                    HPOS="493.0"
                    VPOS="1138.0"
                    WIDTH="1080.0"
                    HEIGHT="90.0"></String>
          </TextLine>

          
          
          <TextLine ID="eSc_line_b888c3a0"
                    
                    BASELINE="517 1230 552 1248 602 1244 1479 1246 1511 1242 1536 1242 1566 1246" 
                    HPOS="514.0"
                    VPOS="1190.0"
                    WIDTH="1049.0"
                    HEIGHT="107.0">
            <Shape><Polygon POINTS="514 1228 541 1190 579 1217 645 1214 659 1228 686 1207 1128 1221 1380 1214 1400 1200 1452 1217 1549 1214 1563 1245 1552 1283 1456 1266 1169 1283 1145 1262 1111 1283 1031 1276 1007 1297 986 1276 941 1273 900 1286 665 1269 603 1283 517 1231"/></Shape>
	    <String CONTENT="הוי או&#39; הרשעים אם כך חסה התורה על"
                    HPOS="514.0"
                    VPOS="1190.0"
                    WIDTH="1049.0"
                    HEIGHT="107.0"></String>
          </TextLine>

          
          
          <TextLine ID="eSc_line_036495ff"
                    
                    BASELINE="506 1292 545 1308 630 1311 1338 1311 1366 1306 1435 1304 1566 1304" 
                    HPOS="503.0"
                    VPOS="1255.0"
                    WIDTH="1060.0"
                    HEIGHT="100.0">
            <Shape><Polygon POINTS="503 1290 541 1255 603 1283 914 1283 938 1269 1010 1297 1035 1273 1111 1279 1145 1259 1166 1279 1204 1283 1473 1269 1542 1279 1563 1300 1542 1342 1324 1345 1311 1331 1287 1348 1242 1345 1214 1321 1183 1352 1028 1348 1000 1331 979 1352 872 1355 800 1331 748 1348 724 1335 548 1345 507 1307"/></Shape>
	    <String CONTENT="ממונו הבזוי קל וחומ&#39; על נפש בניו ובנותי&#39;"
                    HPOS="503.0"
                    VPOS="1255.0"
                    WIDTH="1060.0"
                    HEIGHT="100.0"></String>
          </TextLine>

          
          
          <TextLine ID="eSc_line_def4eff3"
                    
                    BASELINE="525 1384 1083 1382 1138 1386 1170 1380 1288 1377 1343 1373 1548 1375 1578 1368" 
                    HPOS="524.0"
                    VPOS="1324.0"
                    WIDTH="1052.0"
                    HEIGHT="111.0">
            <Shape><Polygon POINTS="524 1383 527 1338 696 1348 724 1335 779 1352 810 1335 831 1355 872 1362 886 1348 969 1359 1000 1335 1031 1355 1183 1352 1211 1324 1238 1345 1290 1348 1311 1331 1324 1345 1532 1345 1576 1366 1538 1407 1438 1414 1421 1431 1369 1397 1335 1417 1169 1411 1048 1435 862 1417 817 1431 679 1407 610 1411 579 1431 527 1390"/></Shape>
	    <String CONTENT="אם כך על שלרשע קל וחומ&#39; על שלצדיק ˙"
                    HPOS="524.0"
                    VPOS="1324.0"
                    WIDTH="1052.0"
                    HEIGHT="111.0"></String>
          </TextLine>

          
          
          <TextLine ID="eSc_line_2bbdc0b4"
                    
                    BASELINE="519 1451 552 1458 1053 1458 1297 1451 1345 1446 1580 1446" 
                    HPOS="517.0"
                    VPOS="1404.0"
                    WIDTH="1059.0"
                    HEIGHT="103.0">
            <Shape><Polygon POINTS="517 1449 558 1421 590 1431 621 1414 638 1428 669 1407 696 1424 1052 1435 1366 1407 1452 1431 1521 1404 1542 1404 1576 1445 1545 1476 1518 1469 1490 1490 1307 1483 1052 1507 1024 1483 986 1500 907 1500 797 1497 766 1480 717 1493 693 1473 659 1497 562 1497 531 1466 521 1473"/></Shape>
	    <String CONTENT="יא&#39; בטרם יבא הכהן את הנגעים לא"
                    HPOS="517.0"
                    VPOS="1404.0"
                    WIDTH="1059.0"
                    HEIGHT="103.0"></String>
          </TextLine>

          
          
          <TextLine ID="eSc_line_7eeffa16"
                    
                    BASELINE="489 1520 604 1520 680 1534 738 1529 924 1531 996 1527 1313 1520 1497 1522 1534 1517 1568 1524" 
                    HPOS="486.0"
                    VPOS="1469.0"
                    WIDTH="1080.0"
                    HEIGHT="107.0">
            <Shape><Polygon POINTS="486 1518 534 1490 665 1497 693 1473 728 1497 766 1480 810 1500 983 1504 1024 1483 1052 1507 1252 1483 1490 1490 1532 1469 1566 1521 1542 1555 1452 1559 1387 1542 1293 1559 993 1569 879 1566 859 1552 841 1566 562 1559 493 1576"/></Shape>
	    <String CONTENT="לראות את הפנוים ולא יטמא כל אש&#39; בבית"
                    HPOS="486.0"
                    VPOS="1469.0"
                    WIDTH="1080.0"
                    HEIGHT="107.0"></String>
          </TextLine>

          
          
          <TextLine ID="eSc_line_778f0748"
                    
                    BASELINE="489 1586 524 1598 570 1593 802 1596 1032 1589 1205 1589 1281 1584 1559 1584" 
                    HPOS="486.0"
                    VPOS="1545.0"
                    WIDTH="1070.0"
                    HEIGHT="86.0">
            <Shape><Polygon POINTS="486 1583 521 1590 552 1562 835 1566 862 1552 997 1569 1297 1562 1349 1545 1538 1555 1556 1583 1542 1621 990 1631 579 1631 545 1597 489 1590"/></Shape>
	    <String CONTENT="מה תל&#39; לפי שמצינו בנכנס לבית המנוגע"
                    HPOS="486.0"
                    VPOS="1545.0"
                    WIDTH="1070.0"
                    HEIGHT="86.0"></String>
          </TextLine>

          
          
          <TextLine ID="eSc_line_47002a63"
                    
                    BASELINE="480 1649 515 1660 982 1660 1009 1655 1290 1653 1338 1649 1559 1651" 
                    HPOS="479.0"
                    VPOS="1597.0"
                    WIDTH="1077.0"
                    HEIGHT="110.0">
            <Shape><Polygon POINTS="479 1645 545 1597 583 1635 1393 1618 1549 1621 1556 1649 1535 1687 1421 1693 1362 1693 1328 1673 1311 1690 1193 1676 1166 1693 966 1697 910 1680 838 1700 648 1687 634 1700 521 1707 483 1669"/></Shape>
	    <String CONTENT="שאינו מטמא בגדים עד שיהא כדי אכילת"
                    HPOS="479.0"
                    VPOS="1597.0"
                    WIDTH="1077.0"
                    HEIGHT="110.0"></String>
          </TextLine>

          
          
          <TextLine ID="eSc_line_e1d0130d"
                    
                    BASELINE="506 1724 690 1734 798 1734 823 1729 929 1727 1564 1720" 
                    HPOS="503.0"
                    VPOS="1676.0"
                    WIDTH="1060.0"
                    HEIGHT="100.0">
            <Shape><Polygon POINTS="503 1721 541 1697 631 1700 648 1683 779 1704 890 1700 924 1683 973 1704 1169 1693 1193 1676 1297 1693 1335 1676 1356 1697 1532 1690 1563 1718 1538 1769 1255 1769 1231 1749 1186 1766 1031 1769 1004 1756 983 1769 779 1776 752 1756 696 1773 552 1769 507 1725"/></Shape>
	    <String CONTENT="פרס יכול אפילו היו שם כלים מקופלים"
                    HPOS="503.0"
                    VPOS="1676.0"
                    WIDTH="1060.0"
                    HEIGHT="100.0"></String>
          </TextLine>

          
          
          <TextLine ID="eSc_line_2db35757"
                    
                    BASELINE="473 1800 529 1796 552 1803 602 1807 869 1807 897 1803 1216 1800 1322 1796 1564 1798" 
                    HPOS="472.0"
                    VPOS="1752.0"
                    WIDTH="1091.0"
                    HEIGHT="97.0">
            <Shape><Polygon POINTS="472 1797 517 1759 562 1773 707 1773 752 1756 772 1776 986 1766 1007 1752 1059 1769 1214 1769 1228 1756 1255 1773 1552 1769 1563 1797 1545 1838 1311 1831 1255 1845 1162 1838 1138 1818 1117 1838 879 1831 866 1845 741 1835 517 1849 476 1807"/></Shape>
	    <String CONTENT="ומונחים על כתיפו כלים מקופלים ומונחין"
                    HPOS="472.0"
                    VPOS="1752.0"
                    WIDTH="1091.0"
                    HEIGHT="97.0"></String>
          </TextLine>

          
          
          <TextLine ID="eSc_line_309d05f4"
                    
                    BASELINE="473 1872 533 1869 561 1874 630 1876 931 1874 956 1867 979 1872 1561 1872" 
                    HPOS="472.0"
                    VPOS="1818.0"
                    WIDTH="1087.0"
                    HEIGHT="107.0">
            <Shape><Polygon POINTS="472 1869 496 1842 524 1852 1100 1828 1117 1838 1138 1818 1162 1838 1521 1835 1549 1845 1559 1869 1545 1904 1438 1918 1407 1900 1318 1911 1283 1897 1062 1907 1035 1890 1014 1907 993 1894 928 1894 897 1911 752 1904 703 1918 655 1894 631 1914 503 1925 476 1897"/></Shape>
	    <String CONTENT="בתוך הבית יכול לא יהו טמאים עד שישהא"
                    HPOS="472.0"
                    VPOS="1818.0"
                    WIDTH="1087.0"
                    HEIGHT="107.0"></String>
          </TextLine>

          
          
          <TextLine ID="eSc_line_42af9c90"
                    
                    BASELINE="485 1938 517 1945 1571 1945" 
                    HPOS="483.0"
                    VPOS="1890.0"
                    WIDTH="1086.0"
                    HEIGHT="100.0">
            <Shape><Polygon POINTS="483 1935 524 1914 631 1914 659 1894 707 1918 904 1911 931 1894 1010 1911 1042 1890 1090 1914 1221 1914 1273 1897 1297 1911 1425 1918 1535 1911 1569 1942 1532 1983 1476 1987 848 1976 548 1990 493 1938"/></Shape>
	    <String CONTENT="בכדי אכילת פרס תל&#39; לו&#39; לא יטמא כל אשר"
                    HPOS="483.0"
                    VPOS="1890.0"
                    WIDTH="1086.0"
                    HEIGHT="100.0"></String>
          </TextLine>

          
          
          <TextLine ID="eSc_line_aef7b03f"
                    
                    BASELINE="499 2028 1099 2028 1122 2023 1534 2021 1564 2014" 
                    HPOS="496.0"
                    VPOS="1980.0"
                    WIDTH="1067.0"
                    HEIGHT="96.0">
            <Shape><Polygon POINTS="496 2025 534 1983 641 1983 672 1997 690 1983 1269 1994 1438 1980 1525 1987 1563 2011 1542 2059 1497 2066 1345 2052 1297 2063 1273 2049 1083 2070 1052 2049 1014 2063 776 2066 752 2045 724 2066 538 2076 500 2038"/></Shape>
	    <String CONTENT="בבית מי זו ואחר כן אחירים כיוצא בוהק"
                    HPOS="496.0"
                    VPOS="1980.0"
                    WIDTH="1067.0"
                    HEIGHT="96.0"></String>
          </TextLine>

          
          
          <TextLine ID="eSc_line_317cf10e"
                    
                    BASELINE="496 2095 572 2102 786 2102 844 2097 1055 2095 1134 2090 1550 2093" 
                    HPOS="493.0"
                    VPOS="2049.0"
                    WIDTH="1056.0"
                    HEIGHT="93.0">
            <Shape><Polygon POINTS="493 2094 517 2070 728 2070 752 2049 776 2073 1017 2066 1045 2049 1076 2070 1097 2056 1538 2056 1549 2090 1535 2125 1497 2111 1473 2132 890 2128 783 2142 531 2139 496 2104"/></Shape>
	    <String CONTENT="ר&#39; או&#39; אם ממתינין לדבר רשות לא ימתינו"
                    HPOS="493.0"
                    VPOS="2049.0"
                    WIDTH="1056.0"
                    HEIGHT="93.0"></String>
          </TextLine>

          
          
          <TextLine ID="eSc_line_f62e4966"
                    
                    BASELINE="515 2162 676 2168 874 2168 897 2164 1561 2164" 
                    HPOS="514.0"
                    VPOS="2111.0"
                    WIDTH="1045.0"
                    HEIGHT="103.0">
            <Shape><Polygon POINTS="514 2159 541 2139 1480 2132 1507 2111 1559 2163 1521 2204 779 2197 624 2214 590 2187 552 2214 517 2180"/></Shape>
	    <String CONTENT="לדבר מצוה וכמה הוא מצותו ניראה"
                    HPOS="514.0"
                    VPOS="2111.0"
                    WIDTH="1045.0"
                    HEIGHT="103.0"></String>
          </TextLine>

          
          
          <TextLine ID="eSc_line_0ef3cb2c"
                    
                    BASELINE="501 2240 1561 2240" 
                    HPOS="500.0"
                    VPOS="2187.0"
                    WIDTH="1059.0"
                    HEIGHT="100.0">
            <Shape><Polygon POINTS="500 2239 565 2214 593 2187 638 2228 665 2208 1166 2211 1204 2197 1218 2211 1535 2208 1559 2239 1538 2273 1490 2263 1421 2287 1318 2266 1242 2287 1224 2273 1180 2280 1159 2259 1124 2280 917 2280 886 2266 866 2280 800 2280 766 2266 686 2283 638 2263 607 2283 572 2283 507 2242"/></Shape>
	    <String CONTENT="כחתן נותנין לו שבעת ימי המשתה לו"
                    HPOS="500.0"
                    VPOS="2187.0"
                    WIDTH="1059.0"
                    HEIGHT="100.0"></String>
          </TextLine>

          
          
          <TextLine ID="eSc_line_aeac675c"
                    
                    BASELINE="496 2306 535 2313 1083 2313 1246 2306 1442 2306 1504 2302 1534 2304 1568 2297" 
                    HPOS="493.0"
                    VPOS="2259.0"
                    WIDTH="1073.0"
                    HEIGHT="111.0">
            <Shape><Polygon POINTS="493 2304 524 2270 741 2280 762 2263 790 2277 1017 2283 1128 2280 1155 2259 1176 2280 1238 2287 1307 2270 1421 2287 1500 2259 1566 2294 1538 2342 1500 2328 1445 2346 1418 2328 1397 2349 1183 2349 1159 2332 1135 2352 952 2346 914 2370 893 2349 807 2359 759 2346 617 2363 603 2349 531 2352 500 2321"/></Shape>
	    <String CONTENT="ולאיצטליתו ולכסותו וכן ברגל נותנים"
                    HPOS="493.0"
                    VPOS="2259.0"
                    WIDTH="1073.0"
                    HEIGHT="111.0"></String>
          </TextLine>

          
          
          <TextLine ID="eSc_line_be62b7e7"
                    
                    BASELINE="1023 2380 1062 2380 1094 2373 1120 2378 1559 2378" 
                    HPOS="1021.0"
                    VPOS="2325.0"
                    WIDTH="535.0"
                    HEIGHT="103.0">
            <Shape><Polygon POINTS="1021 2377 1048 2346 1117 2352 1155 2328 1190 2349 1397 2346 1418 2325 1449 2346 1511 2328 1545 2349 1556 2377 1494 2428 1476 2415 1435 2428 1404 2404 1380 2421 1311 2401 1211 2421 1145 2394 1121 2411 1079 2394 1024 2428"/></Shape>
	    <String CONTENT="לו כל ימי הרגל ˙ [פ&#39;]"
                    HPOS="1021.0"
                    VPOS="2325.0"
                    WIDTH="535.0"
                    HEIGHT="103.0"></String>
          </TextLine>

          
          
          <TextLine ID="eSc_line_b6d5c036"
                    
                    BASELINE="759 2442 966 2447 996 2451 1262 2451 1393 2442" 
                    HPOS="755.0"
                    VPOS="2387.0"
                    WIDTH="635.0"
                    HEIGHT="107.0">
            <Shape><Polygon POINTS="755 2439 759 2421 800 2418 831 2387 876 2425 973 2421 993 2404 1035 2428 1097 2397 1138 2425 1155 2408 1228 2421 1342 2404 1390 2439 1380 2480 1356 2490 1266 2490 1235 2466 1186 2494 1138 2477 1069 2494 1035 2466 1007 2494 976 2494 890 2459 814 2490 786 2463 759 2463"/></Shape>
	    <String CONTENT="פרשתה ˙ ה&#39; ˙"
                    HPOS="755.0"
                    VPOS="2387.0"
                    WIDTH="635.0"
                    HEIGHT="107.0"></String>
          </TextLine>

          
          
          <TextLine ID="eSc_line_f850aafa"
                    
                    BASELINE="487 2516 607 2513 632 2518 763 2520 793 2525 1552 2525" 
                    HPOS="486.0"
                    VPOS="2449.0"
                    WIDTH="1063.0"
                    HEIGHT="121.0">
            <Shape><Polygon POINTS="486 2515 548 2466 590 2484 669 2484 731 2449 790 2466 814 2490 910 2484 1004 2497 1035 2466 1062 2494 1135 2497 1211 2484 1494 2490 1532 2470 1549 2521 1528 2563 1135 2570 1010 2556 935 2570 910 2546 803 2566 645 2553 545 2566 493 2515"/></Shape>
	    <String CONTENT="וראה את הנגע יכול כגריס תל&#39; לו&#39; וראה"
                    HPOS="486.0"
                    VPOS="2449.0"
                    WIDTH="1063.0"
                    HEIGHT="121.0"></String>
          </TextLine>

          
          
          <TextLine ID="eSc_line_f573a77a"
                    
                    BASELINE="508 2601 598 2601 664 2608 1173 2608 1200 2603 1260 2601 1433 2601 1486 2596 1559 2596" 
                    HPOS="507.0"
                    VPOS="2546.0"
                    WIDTH="1049.0"
                    HEIGHT="107.0">
            <Shape><Polygon POINTS="507 2597 545 2566 852 2570 907 2546 935 2573 986 2577 1007 2559 1290 2577 1532 2566 1556 2594 1525 2639 1456 2642 1218 2632 1193 2646 986 2649 935 2635 769 2649 752 2632 724 2653 707 2635 552 2642 510 2611"/></Shape>
	    <String CONTENT="את הנגע והנה הנגע מלמ&#39; שאין הבית"
                    HPOS="507.0"
                    VPOS="2546.0"
                    WIDTH="1049.0"
                    HEIGHT="107.0"></String>
          </TextLine>

          
          
          <TextLine ID="eSc_line_57527c82"
                    
                    BASELINE="462 2665 549 2670 572 2674 699 2677 1232 2677 1343 2674 1373 2670 1564 2672" 
                    HPOS="458.0"
                    VPOS="2632.0"
                    WIDTH="1105.0"
                    HEIGHT="93.0">
            <Shape><Polygon POINTS="458 2663 517 2632 548 2646 710 2642 724 2656 755 2635 783 2653 935 2639 1200 2646 1242 2632 1304 2646 1521 2639 1563 2670 1525 2704 1431 2711 1245 2701 935 2718 900 2704 821 2725 797 2701 662 2722 634 2708 541 2708 462 2725"/></Shape>
	    <String CONTENT="מיטמא אלא בכשני גריסין ˙ ב&#39; בקירקרות"
                    HPOS="458.0"
                    VPOS="2632.0"
                    WIDTH="1105.0"
                    HEIGHT="93.0"></String>
          </TextLine>

          
          
          <TextLine ID="eSc_line_2b1d53b5"
                    
                    BASELINE="487 2737 554 2734 598 2739 798 2741 821 2746 1030 2746 1111 2741 1559 2732" 
                    HPOS="486.0"
                    VPOS="2701.0"
                    WIDTH="1070.0"
                    HEIGHT="83.0">
            <Shape><Polygon POINTS="486 2735 538 2708 662 2722 800 2704 817 2722 841 2708 962 2722 986 2708 1186 2718 1249 2701 1266 2715 1490 2704 1556 2728 1538 2773 1428 2766 1338 2780 1259 2763 1218 2784 890 2784 817 2770 665 2780 603 2753 541 2766 510 2735"/></Shape>
	    <String CONTENT="הרי שתי ולמטן ידו או בקרקירות הרי"
                    HPOS="486.0"
                    VPOS="2701.0"
                    WIDTH="1070.0"
                    HEIGHT="83.0"></String>
          </TextLine>

          
          
          <TextLine ID="eSc_line_01272caf"
                    
                    BASELINE="496 2803 533 2799 662 2799 713 2803 947 2806 975 2812 1055 2808 1081 2810 1548 2796" 
                    HPOS="493.0"
                    VPOS="2756.0"
                    WIDTH="1052.0"
                    HEIGHT="100.0">
            <Shape><Polygon POINTS="493 2801 572 2756 659 2780 1218 2784 1266 2763 1287 2780 1459 2770 1545 2794 1521 2839 1297 2846 1218 2842 1197 2825 1176 2846 1100 2842 1086 2856 1055 2832 1021 2853 872 2832 755 2842 686 2818 662 2842 596 2842 552 2822 531 2842 496 2808"/></Shape>
	    <String CONTENT="ארבעה מלמ&#39; שאין הבית מיטמא ˙˙ אלא"
                    HPOS="493.0"
                    VPOS="2756.0"
                    WIDTH="1052.0"
                    HEIGHT="100.0"></String>
          </TextLine>

          
          
          <TextLine ID="eSc_line_ea69e46f"
                    
                    BASELINE="489 2863 524 2861 570 2868 625 2870 653 2877 680 2872 848 2875 881 2870 1177 2870 1354 2868 1403 2863 1552 2863" 
                    HPOS="486.0"
                    VPOS="2825.0"
                    WIDTH="1063.0"
                    HEIGHT="93.0">
            <Shape><Polygon POINTS="486 2860 545 2860 569 2839 769 2849 786 2835 952 2835 1017 2853 1052 2839 1086 2860 1104 2842 1180 2842 1197 2825 1218 2842 1538 2832 1549 2860 1528 2898 1497 2904 1142 2908 1090 2877 1052 2908 997 2894 869 2915 824 2904 679 2918 641 2901 621 2915 555 2908 489 2860"/></Shape>
	    <String CONTENT="בארבעה כתלים ˙ ג&#39; מיכן אמ&#39; בית עגול"
                    HPOS="486.0"
                    VPOS="2825.0"
                    WIDTH="1063.0"
                    HEIGHT="93.0"></String>
          </TextLine>

          
          
          <TextLine ID="eSc_line_f665dbd3"
                    
                    BASELINE="496 2932 639 2939 1511 2939 1566 2932" 
                    HPOS="493.0"
                    VPOS="2870.0"
                    WIDTH="1070.0"
                    HEIGHT="114.0">
            <Shape><Polygon POINTS="493 2929 496 2887 514 2870 555 2904 645 2901 669 2918 766 2904 1100 2908 1114 2894 1135 2908 1518 2901 1563 2929 1525 2973 1449 2977 1335 2967 1238 2980 990 2960 969 2973 872 2967 728 2984 679 2953 652 2977 524 2977 496 2949"/></Shape>
	    <String CONTENT="בית טריגון אינו מיטמא בנגעין ˙ ד&#39; יכול"
                    HPOS="493.0"
                    VPOS="2870.0"
                    WIDTH="1070.0"
                    HEIGHT="114.0"></String>
          </TextLine>

          
          
          <TextLine ID="eSc_line_774ac2d7"
                    
                    BASELINE="496 3008 531 3006 579 3015 607 3010 862 3012 910 3008 1559 3003" 
                    HPOS="493.0"
                    VPOS="2963.0"
                    WIDTH="1063.0"
                    HEIGHT="90.0">
            <Shape><Polygon POINTS="493 3004 541 2973 676 2970 772 2987 810 2970 917 2980 983 2963 1079 2980 1521 2977 1556 3001 1500 3046 1411 3032 1121 3049 1059 3039 1042 3022 1021 3039 876 3042 848 3015 803 3046 631 3046 607 3025 555 3053 500 3004"/></Shape>
	    <String CONTENT="עד שיראה בשני כתלים תל&#39; לו&#39; ומראיהן"
                    HPOS="493.0"
                    VPOS="2963.0"
                    WIDTH="1063.0"
                    HEIGHT="90.0"></String>
          </TextLine>

          
          
          <TextLine ID="eSc_line_54e162ac"
                    
                    BASELINE="506 3068 653 3077 791 3077 839 3072 1550 3068" 
                    HPOS="503.0"
                    VPOS="3015.0"
                    WIDTH="1046.0"
                    HEIGHT="103.0">
            <Shape><Polygon POINTS="503 3067 527 3039 555 3053 607 3025 631 3046 807 3046 848 3015 876 3042 1024 3039 1042 3022 1117 3049 1380 3039 1404 3063 1442 3039 1525 3042 1549 3067 1511 3108 1345 3118 1283 3115 1269 3101 1245 3118 1183 3094 1135 3115 1055 3101 935 3108 866 3101 848 3084 779 3115 741 3111 721 3091 679 3111 541 3115 507 3080"/></Shape>
	    <String CONTENT="שפל מן הקיר אפילו בכותל אחר יכול עד"
                    HPOS="503.0"
                    VPOS="3015.0"
                    WIDTH="1046.0"
                    HEIGHT="103.0"></String>
          </TextLine>

          
          
          <TextLine ID="eSc_line_f8d75f50"
                    
                    BASELINE="487 3144 581 3150 814 3150 1596 3141" 
                    HPOS="486.0"
                    VPOS="3101.0"
                    WIDTH="1108.0"
                    HEIGHT="100.0">
            <Shape><Polygon POINTS="486 3142 489 3129 558 3108 648 3125 741 3108 759 3125 800 3125 824 3105 1135 3122 1245 3118 1262 3101 1297 3122 1583 3118 1594 3139 1583 3170 1500 3184 1445 3170 1418 3194 1149 3194 1111 3177 1004 3198 890 3198 866 3180 817 3194 797 3180 721 3201 665 3187 621 3201 600 3184 576 3198 489 3180"/></Shape>
	    <String CONTENT="שיראה על שתי אבנים תל&#39; לו&#39; וחלצו את"
                    HPOS="486.0"
                    VPOS="3101.0"
                    WIDTH="1108.0"
                    HEIGHT="100.0"></String>
          </TextLine>

          
        </TextBlock>
        

        
      </PrintSpace>
    </Page>
  </Layout>
</alto>
