<?xml version="1.0" encoding="UTF-8"?>
<alto xmlns:xsi="http://www.w3.org/2001/XMLSchema-instance"
      xmlns="http://www.loc.gov/standards/alto/ns-v4#"
      xsi:schemaLocation="http://www.loc.gov/standards/alto/ns-v4# http://www.loc.gov/standards/alto/v4/alto-4-2.xsd">
  <Description>
    <MeasurementUnit>pixel</MeasurementUnit>
    <sourceImageInformation>
      <fileName>Vat.ebr.31_0229_fa_0112r.jpg</fileName>
      
    </sourceImageInformation>
  </Description>
  
  <Tags>
    <OtherTag ID="BT1" LABEL="Title" DESCRIPTION="block type Title"/><OtherTag ID="BT2" LABEL="Main" DESCRIPTION="block type Main"/><OtherTag ID="BT3" LABEL="Commentary" DESCRIPTION="block type Commentary"/><OtherTag ID="BT4" LABEL="Illustration" DESCRIPTION="block type Illustration"/><OtherTag ID="BT849" LABEL="Margin" DESCRIPTION="block type Margin"/><OtherTag ID="BT850" LABEL="Paratext" DESCRIPTION="block type Paratext"/>
    <OtherTag ID="LT2" LABEL="Numbering" DESCRIPTION="line type Numbering"/><OtherTag ID="LT3" LABEL="Correction" DESCRIPTION="line type Correction"/>
  </Tags>
  
  <Layout>
    <Page WIDTH="3570"
          HEIGHT="4148"
          PHYSICAL_IMG_NR="222"
          ID="eSc_dummypage_">
      <PrintSpace HPOS="0"
                  VPOS="0"
                  WIDTH="3570"
                  HEIGHT="4148">
        
        <TextBlock HPOS="1942.0"
                   VPOS="643.0"
                   WIDTH="1137.0"
                   HEIGHT="1333.0"
                   ID="eSc_textblock_64ca26a6"
                   TAGREFS="BT2">
          <Shape><Polygon POINTS="1942 643 1942 1976 3079 1976 3079 643"/></Shape>
          
          
          <TextLine ID="eSc_line_30e89ea2"
                    
                    BASELINE="2078 714 2115 714 2348 721 2413 730 2461 732 2661 730 2797 742 3102 737" 
                    HPOS="2075.0"
                    VPOS="674.0"
                    WIDTH="1024.0"
                    HEIGHT="114.0">
            <Shape><Polygon POINTS="2075 712 2082 674 2110 687 2182 674 2258 674 2272 687 2341 677 2369 694 2487 677 2546 698 2774 680 2822 701 3078 694 3099 736 3089 767 3016 788 2833 788 2788 767 2763 781 2743 767 2698 784 2587 784 2539 760 2497 781 2407 760 2386 777 2293 781 2276 763 2210 774 2168 757 2079 757"/></Shape>
	    <String CONTENT="ולאין אונים עצמה ˙ ירבה ˙"
                    HPOS="2075.0"
                    VPOS="674.0"
                    WIDTH="1024.0"
                    HEIGHT="114.0"></String>
          </TextLine>

          
          
          <TextLine ID="eSc_line_2cb6ac5e"
                    
                    BASELINE="1979 919 2018 926 2207 924 2311 935 2565 933 2620 940 2751 944 3069 940" 
                    HPOS="1978.0"
                    VPOS="839.0"
                    WIDTH="1090.0"
                    HEIGHT="156.0">
            <Shape><Polygon POINTS="1978 916 1982 864 2023 839 2386 850 2456 909 2618 905 2705 860 2739 860 2774 888 2805 857 2936 864 2971 843 3002 871 3058 874 3068 936 3033 995 2971 974 2898 988 2618 967 2483 985 2463 964 2366 971 2341 957 2269 971 2189 957 2044 964 2016 960 1982 926"/></Shape>
	    <String CONTENT="סליקו תשע []גולי הארי ˙ בסייוע ישעי ואורי ˙"
                    HPOS="1978.0"
                    VPOS="839.0"
                    WIDTH="1090.0"
                    HEIGHT="156.0"></String>
          </TextLine>

          
          
          <TextLine ID="eSc_line_a2f86e25"
                    
                    BASELINE="1959 981 2000 993 2023 986 2081 997 2138 1000 2373 997 2396 1002 2525 1004 2549 1009 2970 1007 3062 1011" 
                    HPOS="1957.0"
                    VPOS="960.0"
                    WIDTH="1104.0"
                    HEIGHT="94.0">
            <Shape><Polygon POINTS="1957 978 1989 988 2009 967 2296 960 2328 974 2456 971 2490 992 2615 974 2912 988 2943 974 3009 978 3061 1009 3030 1009 2995 1043 2968 1047 2850 1037 2819 1054 2781 1037 2656 1037 2584 1050 2511 1002 2483 1002 2428 1037 2065 1037 1961 985"/></Shape>
	    <String CONTENT="ירפא ויחבוש מזורי ˙ ויתיר עינוב אסורי ˙"
                    HPOS="1957.0"
                    VPOS="960.0"
                    WIDTH="1104.0"
                    HEIGHT="94.0"></String>
          </TextLine>

          
          
          <TextLine ID="eSc_line_6bab81fd"
                    
                    BASELINE="1982 1057 2166 1069 2194 1073 2684 1071 2763 1078 3000 1078 3026 1083 3060 1076" 
                    HPOS="1978.0"
                    VPOS="1023.0"
                    WIDTH="1080.0"
                    HEIGHT="107.0">
            <Shape><Polygon POINTS="1978 1054 2002 1023 2296 1047 2463 1030 2497 1057 2566 1068 2660 1037 2777 1037 2815 1054 2853 1040 2995 1043 3058 1075 3047 1126 3023 1130 2971 1102 2933 1116 2584 1119 2525 1085 2494 1113 2463 1099 2431 1116 2182 1113 2155 1099 2082 1119 2023 1109 1982 1071"/></Shape>
	    <String CONTENT="ויסיר מעלי צערי ˙ ולקדמתי ישובבי ויחזירי ˙"
                    HPOS="1978.0"
                    VPOS="1023.0"
                    WIDTH="1080.0"
                    HEIGHT="107.0"></String>
          </TextLine>

          
          
          <TextLine ID="eSc_line_83da4ba1"
                    
                    BASELINE="2044 1136 2111 1136 2219 1147 2657 1145 2682 1149 2986 1145 3072 1149" 
                    HPOS="2040.0"
                    VPOS="1095.0"
                    WIDTH="1031.0"
                    HEIGHT="118.0">
            <Shape><Polygon POINTS="2040 1133 2047 1113 2428 1116 2463 1095 2507 1123 2936 1116 2968 1102 3071 1147 3061 1213 2971 1185 2957 1199 2712 1182 2604 1182 2573 1196 2511 1168 2473 1196 2390 1196 2373 1178 2165 1192 2113 1164 2044 1175"/></Shape>
	    <String CONTENT="ולעד אה ודינו משירי ˙ בלהקי הגן גדירי ˙"
                    HPOS="2040.0"
                    VPOS="1095.0"
                    WIDTH="1031.0"
                    HEIGHT="118.0"></String>
          </TextLine>

          
          
          <TextLine ID="eSc_line_85fd085b"
                    
                    BASELINE="1977 1765 2196 1774 2643 1772 2731 1783 3097 1783" 
                    HPOS="1975.0"
                    VPOS="1673.0"
                    WIDTH="1121.0"
                    HEIGHT="169.0">
            <Shape><Polygon POINTS="1975 1762 1985 1724 2092 1728 2148 1679 2179 1673 2193 1686 2258 1679 2296 1704 2355 1683 2719 1686 2864 1693 2968 1721 2988 1700 3096 1780 2999 1842 2968 1825 2874 1828 2836 1807 2573 1821 2542 1807 2089 1800 1999 1814 1978 1797"/></Shape>
	    <String CONTENT="ונגמר בשנת ת&#39;ת&#39;ל&#39;ג&#39; ליצירה ˙ ובשנת אלף וחמש"
                    HPOS="1975.0"
                    VPOS="1673.0"
                    WIDTH="1121.0"
                    HEIGHT="169.0"></String>
          </TextLine>

          
          
          <TextLine ID="eSc_line_27344421"
                    
                    BASELINE="2016 1838 2161 1836 2364 1848 2864 1848 2924 1829" 
                    HPOS="2013.0"
                    VPOS="1807.0"
                    WIDTH="910.0"
                    HEIGHT="121.0">
            <Shape><Polygon POINTS="2013 1835 2034 1814 2082 1807 2836 1807 2874 1835 2923 1828 2912 1894 2860 1880 2847 1894 2753 1890 2719 1904 2701 1887 2642 1894 2625 1876 2507 1873 2456 1890 2404 1873 2376 1890 2265 1880 2200 1928 2141 1876 2092 1887 2072 1866 2016 1863"/></Shape>
	    <String CONTENT="לחרבן הבית שיבנה במהרה בימינו"
                    HPOS="2013.0"
                    VPOS="1807.0"
                    WIDTH="910.0"
                    HEIGHT="121.0"></String>
          </TextLine>

          
          
          <TextLine ID="eSc_line_0004a588"
                    
                    BASELINE="2417 1908 2650 1903" 
                    HPOS="2414.0"
                    VPOS="1876.0"
                    WIDTH="235.0"
                    HEIGHT="87.0">
            <Shape><Polygon POINTS="2414 1904 2418 1887 2518 1890 2563 1876 2622 1876 2649 1901 2632 1959 2535 1963 2504 1939 2421 1935"/></Shape>
	    <String CONTENT="אמן ˙"
                    HPOS="2414.0"
                    VPOS="1876.0"
                    WIDTH="235.0"
                    HEIGHT="87.0"></String>
          </TextLine>

          
        </TextBlock>
        
        <TextBlock HPOS="2228.0"
                   VPOS="143.0"
                   WIDTH="488.0"
                   HEIGHT="113.0"
                   ID="eSc_textblock_6312b3c1"
                   TAGREFS="BT850">
          <Shape><Polygon POINTS="2228 256 2228 143 2716 143 2716 256"/></Shape>
          
          
          <TextLine ID="eSc_line_16813fdf"
                    
                    BASELINE="2233 191 2763 203" 
                    HPOS="2232.0"
                    VPOS="166.0"
                    WIDTH="531.0"
                    HEIGHT="61.0">
            <Shape><Polygon POINTS="2233 166 2763 178 2762 227 2232 215"/></Shape>
	    <String CONTENT="לעולם יהא אדם בלב עלין"
                    HPOS="2232.0"
                    VPOS="166.0"
                    WIDTH="531.0"
                    HEIGHT="61.0"></String>
          </TextLine>

          
        </TextBlock>
        
        <TextBlock HPOS="591.0"
                   VPOS="601.0"
                   WIDTH="1196.0"
                   HEIGHT="2696.0"
                   ID="eSc_textblock_fe5d2e7e"
                   TAGREFS="BT2">
          <Shape><Polygon POINTS="591 601 591 3297 1787 3297 1787 601"/></Shape>
          
          
          <TextLine ID="eSc_line_0b78d471"
                    
                    BASELINE="910 679 972 686 1071 684 1156 693 1486 693 1541 705 1687 705 1774 698" 
                    HPOS="909.0"
                    VPOS="632.0"
                    WIDTH="862.0"
                    HEIGHT="100.0">
            <Shape><Polygon POINTS="909 677 913 632 982 649 1006 636 1034 653 1148 653 1176 632 1217 656 1262 636 1397 636 1414 653 1529 636 1549 656 1598 656 1618 639 1657 656 1760 649 1771 694 1760 732 1189 732 1169 718 913 712"/></Shape>
	    <String CONTENT="מיוחד שגב הודו באחת חטיבה ˙"
                    HPOS="909.0"
                    VPOS="632.0"
                    WIDTH="862.0"
                    HEIGHT="100.0"></String>
          </TextLine>

          
          
          <TextLine ID="eSc_line_85d2cfcb"
                    
                    BASELINE="882 827 921 827 970 834 1765 829" 
                    HPOS="878.0"
                    VPOS="750.0"
                    WIDTH="886.0"
                    HEIGHT="138.0">
            <Shape><Polygon POINTS="878 826 882 808 902 819 930 791 975 781 1044 798 1106 757 1145 795 1200 795 1231 763 1269 791 1300 763 1349 763 1373 781 1401 763 1445 798 1480 767 1515 801 1542 805 1594 753 1622 750 1674 798 1764 826 1736 829 1688 881 1643 888 1612 867 1522 888 1376 867 1304 867 1283 881 1176 867 1079 884 1041 864 947 874 909 850 882 864"/></Shape>
	    <String CONTENT="יסייעיני להתחיל ולגמור אליהו רבה ˙"
                    HPOS="878.0"
                    VPOS="750.0"
                    WIDTH="886.0"
                    HEIGHT="138.0"></String>
          </TextLine>

          
          
          <TextLine ID="eSc_line_7734e17b"
                    
                    BASELINE="633 967 1295 974 1438 981 1721 981 1779 974" 
                    HPOS="629.0"
                    VPOS="898.0"
                    WIDTH="1149.0"
                    HEIGHT="132.0">
            <Shape><Polygon POINTS="629 964 712 929 861 940 920 898 958 929 982 922 996 936 1048 898 1075 929 1117 940 1162 926 1234 940 1276 916 1300 940 1414 947 1771 936 1778 971 1736 1023 1445 1023 1297 1005 1248 1016 1231 1002 961 1023 795 1002 774 1019 726 1009 691 1030 633 967"/></Shape>
	    <String CONTENT="ויגרש את האדם מלמד שנתן לו הק&#39;ב&#39;ה&#39; גירושין"
                    HPOS="629.0"
                    VPOS="898.0"
                    WIDTH="1149.0"
                    HEIGHT="132.0"></String>
          </TextLine>

          
          
          <TextLine ID="eSc_line_c3b86087"
                    
                    BASELINE="663 1055 1696 1053 1781 1057" 
                    HPOS="660.0"
                    VPOS="1002.0"
                    WIDTH="1118.0"
                    HEIGHT="104.0">
            <Shape><Polygon POINTS="660 1054 726 1009 778 1016 792 1002 954 1023 1068 1023 1131 1005 1231 1005 1248 1023 1715 1023 1778 1054 1736 1095 1587 1099 1563 1081 1549 1095 1449 1092 1421 1106 1324 1099 1297 1081 1193 1102 1148 1081 1075 1102 1055 1085 895 1092 868 1078 802 1092 764 1075 736 1095 667 1054"/></Shape>
	    <String CONTENT="כאשה ˙ וישכן מקדם לגן עדן את הכר&#39; מלמד"
                    HPOS="660.0"
                    VPOS="1002.0"
                    WIDTH="1118.0"
                    HEIGHT="104.0"></String>
          </TextLine>

          
          
          <TextLine ID="eSc_line_cb9d41de"
                    
                    BASELINE="643 1124 1145 1133 1622 1131 1650 1126 1783 1129" 
                    HPOS="639.0"
                    VPOS="1075.0"
                    WIDTH="1142.0"
                    HEIGHT="107.0">
            <Shape><Polygon POINTS="639 1123 691 1085 743 1095 764 1075 781 1092 1055 1092 1072 1106 1151 1085 1186 1106 1293 1078 1331 1102 1407 1106 1698 1092 1781 1126 1733 1161 1667 1171 1567 1161 1470 1178 1366 1161 1345 1182 1307 1157 691 1164 650 1126"/></Shape>
	    <String CONTENT="שהכרובין קודמין למעשה בראשית ˙ ואת להט"
                    HPOS="639.0"
                    VPOS="1075.0"
                    WIDTH="1142.0"
                    HEIGHT="107.0"></String>
          </TextLine>

          
          
          <TextLine ID="eSc_line_13a62da2"
                    
                    BASELINE="633 1198 672 1189 702 1196 1007 1198 1064 1202 1737 1202 1797 1196" 
                    HPOS="629.0"
                    VPOS="1157.0"
                    WIDTH="1166.0"
                    HEIGHT="87.0">
            <Shape><Polygon POINTS="629 1196 681 1164 954 1157 1304 1157 1328 1178 1366 1161 1466 1175 1698 1161 1795 1192 1733 1240 1456 1240 1335 1223 1307 1237 1200 1234 1176 1216 1151 1234 892 1223 875 1240 833 1227 743 1244 705 1223 660 1234 633 1206"/></Shape>
	    <String CONTENT="הח&#39; המת&#39; זו גהינם ˙ לשמר את דרך זו דרך ארץ [/]"
                    HPOS="629.0"
                    VPOS="1157.0"
                    WIDTH="1166.0"
                    HEIGHT="87.0"></String>
          </TextLine>

          
          
          <TextLine ID="eSc_line_df147d15"
                    
                    BASELINE="643 1260 677 1267 1018 1265 1048 1269 1511 1272 1537 1278 1567 1274 1744 1274 1783 1278" 
                    HPOS="639.0"
                    VPOS="1216.0"
                    WIDTH="1142.0"
                    HEIGHT="100.0">
            <Shape><Polygon POINTS="639 1258 688 1227 743 1244 785 1230 875 1240 892 1223 1027 1237 1127 1223 1148 1237 1183 1216 1207 1237 1605 1244 1681 1230 1733 1240 1781 1275 1719 1313 1629 1313 1605 1292 1497 1316 1466 1303 1369 1313 1352 1296 1331 1313 1113 1292 1048 1310 1006 1292 892 1299 868 1278 795 1310 767 1292 709 1316 650 1261"/></Shape>
	    <String CONTENT="מלמד שדרך ארץ קדמה לכל עץ החיים ˙ אין עץ"
                    HPOS="639.0"
                    VPOS="1216.0"
                    WIDTH="1142.0"
                    HEIGHT="100.0"></String>
          </TextLine>

          
          
          <TextLine ID="eSc_line_06b0ec51"
                    
                    BASELINE="661 1336 783 1336 806 1341 1449 1338 1475 1343 1601 1345 1772 1341" 
                    HPOS="660.0"
                    VPOS="1282.0"
                    WIDTH="1111.0"
                    HEIGHT="100.0">
            <Shape><Polygon POINTS="660 1334 684 1299 705 1316 764 1299 795 1310 875 1282 906 1303 1003 1292 1048 1310 1113 1299 1335 1313 1352 1296 1369 1313 1501 1316 1584 1299 1743 1313 1771 1337 1740 1382 902 1358 875 1372 761 1361 684 1375 664 1355"/></Shape>
	    <String CONTENT="חיים אלא תורה שנ&#39; עץ חיים היא למחזיק&#39; בה וגו&#39;"
                    HPOS="660.0"
                    VPOS="1282.0"
                    WIDTH="1111.0"
                    HEIGHT="100.0"></String>
          </TextLine>

          
          
          <TextLine ID="eSc_line_c097772e"
                    
                    BASELINE="652 1398 686 1394 709 1401 829 1401 857 1405 1341 1403 1493 1410 1518 1414 1783 1410" 
                    HPOS="650.0"
                    VPOS="1365.0"
                    WIDTH="1131.0"
                    HEIGHT="93.0">
            <Shape><Polygon POINTS="650 1396 754 1365 1200 1365 1262 1379 1439 1379 1463 1365 1480 1382 1701 1382 1781 1406 1743 1451 1542 1458 1442 1448 1428 1434 1321 1441 1304 1424 1017 1444 847 1427 733 1437 695 1434 657 1396"/></Shape>
	    <String CONTENT="ברוך המק&#39; ב&#39; ה&#39; שמכיר בראש ובסוף ומגיד מראש&#39;"
                    HPOS="650.0"
                    VPOS="1365.0"
                    WIDTH="1131.0"
                    HEIGHT="93.0"></String>
          </TextLine>

          
          
          <TextLine ID="eSc_line_12fa7a0a"
                    
                    BASELINE="647 1461 682 1472 871 1467 1180 1472 1239 1474 1262 1479 1451 1477 1624 1484 1680 1484 1728 1477 1751 1479 1783 1472" 
                    HPOS="646.0"
                    VPOS="1424.0"
                    WIDTH="1135.0"
                    HEIGHT="100.0">
            <Shape><Polygon POINTS="646 1458 681 1434 1017 1444 1276 1437 1300 1424 1321 1444 1539 1458 1733 1448 1781 1469 1736 1520 1539 1524 1473 1520 1452 1503 1418 1520 1356 1507 1106 1510 1079 1489 1055 1510 889 1496 695 1517 650 1472"/></Shape>
	    <String CONTENT="אחרית מקדם עד שלא נעשה ויודע מה שנעשה"
                    HPOS="646.0"
                    VPOS="1424.0"
                    WIDTH="1135.0"
                    HEIGHT="100.0"></String>
          </TextLine>

          
          
          <TextLine ID="eSc_line_59bdfaaf"
                    
                    BASELINE="670 1537 742 1537 848 1543 1322 1541 1350 1546 1551 1553 1756 1553 1790 1546" 
                    HPOS="667.0"
                    VPOS="1489.0"
                    WIDTH="1121.0"
                    HEIGHT="101.0">
            <Shape><Polygon POINTS="667 1534 712 1507 1058 1507 1086 1489 1103 1507 1421 1517 1452 1500 1484 1520 1736 1520 1760 1545 1788 1545 1743 1586 1663 1590 1494 1576 1262 1583 1203 1565 1162 1579 712 1583 671 1541"/></Shape>
	    <String CONTENT="ומה שעתיד להיעשות וצופה לטובה ואין צופה"
                    HPOS="667.0"
                    VPOS="1489.0"
                    WIDTH="1121.0"
                    HEIGHT="101.0"></String>
          </TextLine>

          
          
          <TextLine ID="eSc_line_f44c8346"
                    
                    BASELINE="643 1613 682 1608 760 1613 956 1610 1055 1617 1405 1615 1431 1620 1680 1622 1749 1615 1783 1620" 
                    HPOS="639.0"
                    VPOS="1565.0"
                    WIDTH="1142.0"
                    HEIGHT="97.0">
            <Shape><Polygon POINTS="639 1610 671 1607 695 1583 1155 1583 1203 1565 1245 1583 1435 1590 1733 1583 1781 1617 1726 1659 1629 1662 1442 1645 844 1652 761 1648 747 1635 729 1652 695 1652 643 1610"/></Shape>
	    <String CONTENT="לרעה ועשיר ושמח בחלקו ובחכמתו ובתבונתו"
                    HPOS="639.0"
                    VPOS="1565.0"
                    WIDTH="1142.0"
                    HEIGHT="97.0"></String>
          </TextLine>

          
          
          <TextLine ID="eSc_line_c0ae431e"
                    
                    BASELINE="643 1679 1030 1679 1055 1684 1362 1686 1389 1693 1412 1689 1774 1689" 
                    HPOS="639.0"
                    VPOS="1631.0"
                    WIDTH="1132.0"
                    HEIGHT="97.0">
            <Shape><Polygon POINTS="639 1676 684 1645 729 1648 747 1631 767 1648 1726 1659 1771 1686 1740 1721 1705 1728 1335 1714 1165 1728 1075 1704 1048 1721 691 1711 646 1676"/></Shape>
	    <String CONTENT="ברא עולמו והכינו ואחרכך ברא את אדם והשליכו"
                    HPOS="639.0"
                    VPOS="1631.0"
                    WIDTH="1132.0"
                    HEIGHT="97.0"></String>
          </TextLine>

          
          
          <TextLine ID="eSc_line_642c801f"
                    
                    BASELINE="654 1746 811 1744 921 1753 1000 1755 1295 1753 1431 1758 1604 1758 1650 1753 1728 1753 1763 1758" 
                    HPOS="653.0"
                    VPOS="1704.0"
                    WIDTH="1107.0"
                    HEIGHT="100.0">
            <Shape><Polygon POINTS="653 1745 695 1714 1048 1724 1072 1704 1172 1735 1729 1717 1760 1755 1736 1794 1691 1800 1643 1797 1622 1776 1598 1797 1473 1790 1352 1804 1283 1783 1259 1797 1207 1783 1145 1800 1079 1787 878 1787 850 1769 816 1790 716 1787 657 1745"/></Shape>
	    <String CONTENT="לפניו והיה מדקדק בו עד סוף כל הדורות וצפה"
                    HPOS="653.0"
                    VPOS="1704.0"
                    WIDTH="1107.0"
                    HEIGHT="100.0"></String>
          </TextLine>

          
          
          <TextLine ID="eSc_line_85882e65"
                    
                    BASELINE="670 1822 709 1818 845 1818 871 1822 1129 1829 1793 1829" 
                    HPOS="667.0"
                    VPOS="1773.0"
                    WIDTH="1124.0"
                    HEIGHT="100.0">
            <Shape><Polygon POINTS="667 1821 712 1783 823 1790 854 1773 878 1790 1158 1800 1214 1783 1241 1800 1286 1787 1362 1804 1601 1797 1629 1780 1646 1797 1743 1797 1791 1828 1764 1828 1715 1866 1404 1873 1196 1856 1003 1863 961 1842 940 1856 716 1863 678 1821"/></Shape>
	    <String CONTENT="שתולדותיו מקציפות אמ&#39; אם משמר אני לו לזה"
                    HPOS="667.0"
                    VPOS="1773.0"
                    WIDTH="1124.0"
                    HEIGHT="100.0"></String>
          </TextLine>

          
          
          <TextLine ID="eSc_line_dd44cdaf"
                    
                    BASELINE="654 1871 682 1896 705 1891 993 1891 1016 1896 1103 1896 1228 1903 1783 1898" 
                    HPOS="653.0"
                    VPOS="1842.0"
                    WIDTH="1128.0"
                    HEIGHT="107.0">
            <Shape><Polygon POINTS="653 1870 674 1883 702 1856 889 1859 923 1845 937 1859 968 1842 992 1859 1151 1866 1186 1852 1266 1870 1729 1866 1781 1897 1729 1935 1670 1942 1311 1935 1283 1949 1162 1925 1051 1932 1027 1908 975 1932 954 1918 771 1928 709 1918 657 1876"/></Shape>
	    <String CONTENT="חובות הראשונים אין העו&#39; עומד עלי להעביר"
                    HPOS="653.0"
                    VPOS="1842.0"
                    WIDTH="1128.0"
                    HEIGHT="107.0"></String>
          </TextLine>

          
          
          <TextLine ID="eSc_line_b0943550"
                    
                    BASELINE="654 1958 834 1956 864 1961 956 1963 979 1967 1212 1965 1235 1970 1405 1972 1440 1977 1521 1977 1544 1972 1569 1977 1592 1972 1700 1972 1756 1965 1793 1970" 
                    HPOS="653.0"
                    VPOS="1908.0"
                    WIDTH="1138.0"
                    HEIGHT="110.0">
            <Shape><Polygon POINTS="653 1956 688 1949 722 1914 750 1928 982 1932 1027 1908 1055 1935 1279 1953 1317 1939 1733 1939 1791 1966 1705 2011 1266 2015 1203 2001 1172 2018 1158 2004 1023 2001 1003 2018 975 1994 899 2004 882 1987 799 2011 709 2001 664 1956"/></Shape>
	    <String CONTENT="ראשונים וכך עשה מניין תדע לך שהוא כן [כש&#39;]"
                    HPOS="653.0"
                    VPOS="1908.0"
                    WIDTH="1138.0"
                    HEIGHT="110.0"></String>
          </TextLine>

          
          
          <TextLine ID="eSc_line_1fb18e0b"
                    
                    BASELINE="663 2034 702 2041 1071 2039 1129 2044 1396 2050 1733 2050 1799 2044" 
                    HPOS="660.0"
                    VPOS="1991.0"
                    WIDTH="1138.0"
                    HEIGHT="110.0">
            <Shape><Polygon POINTS="660 2032 688 2035 716 2008 802 2015 882 1991 902 2011 951 2001 1003 2022 1027 2004 1089 2001 1176 2018 1207 2001 1736 2011 1764 2039 1798 2042 1729 2087 1681 2087 1667 2101 1629 2074 1490 2094 1359 2077 1103 2084 1055 2067 975 2084 861 2070 781 2084 722 2077 684 2039 664 2042"/></Shape>
	    <String CONTENT="כשהיו יש&#39; במדבר סרחו במעשיהם עמד להעביר"
                    HPOS="660.0"
                    VPOS="1991.0"
                    WIDTH="1138.0"
                    HEIGHT="110.0"></String>
          </TextLine>

          
          
          <TextLine ID="eSc_line_acd1bbf8"
                    
                    BASELINE="670 2108 730 2115 781 2110 804 2117 1044 2120 1087 2127 1117 2122 1306 2122 1357 2127 1518 2129 1548 2133 1799 2127" 
                    HPOS="667.0"
                    VPOS="2067.0"
                    WIDTH="1131.0"
                    HEIGHT="103.0">
            <Shape><Polygon POINTS="667 2105 712 2077 812 2084 850 2067 892 2084 1027 2080 1041 2067 1100 2087 1148 2077 1304 2094 1342 2080 1366 2098 1549 2084 1594 2094 1629 2074 1663 2105 1733 2091 1764 2122 1798 2125 1740 2163 1688 2170 1535 2153 1317 2163 1273 2143 1241 2160 958 2156 930 2129 902 2150 698 2156 671 2129"/></Shape>
	    <String CONTENT="את כל אשר עשו שנ&#39; ויעבר ייי על פניו ˙ אל תיקרא"
                    HPOS="667.0"
                    VPOS="2067.0"
                    WIDTH="1131.0"
                    HEIGHT="103.0"></String>
          </TextLine>

          
          
          <TextLine ID="eSc_line_f1875ee2"
                    
                    BASELINE="661 2191 730 2186 755 2191 988 2191 1136 2198 1795 2198" 
                    HPOS="660.0"
                    VPOS="2132.0"
                    WIDTH="1131.0"
                    HEIGHT="104.0">
            <Shape><Polygon POINTS="660 2188 698 2160 902 2153 930 2132 954 2156 1228 2163 1269 2143 1317 2167 1449 2170 1525 2153 1549 2167 1743 2167 1791 2194 1743 2229 1490 2236 1466 2222 1238 2233 1221 2215 1207 2229 982 2215 705 2229 664 2188"/></Shape>
	    <String CONTENT="ויעבר אלא ויעביר מלמד שהעביר כל רעתם מנגד"
                    HPOS="660.0"
                    VPOS="2132.0"
                    WIDTH="1131.0"
                    HEIGHT="104.0"></String>
          </TextLine>

          
          
          <TextLine ID="eSc_line_3bff84b9"
                    
                    BASELINE="645 2253 919 2251 944 2256 1133 2262 1431 2260 1454 2265 1534 2267 1627 2265 1650 2260 1753 2260 1786 2265" 
                    HPOS="643.0"
                    VPOS="2215.0"
                    WIDTH="1141.0"
                    HEIGHT="97.0">
            <Shape><Polygon POINTS="643 2250 691 2222 1186 2233 1221 2215 1238 2233 1401 2243 1452 2222 1487 2236 1743 2233 1784 2264 1736 2309 1636 2291 1584 2309 1401 2302 1373 2284 1324 2302 1259 2291 1207 2312 1189 2295 1041 2298 1003 2284 695 2295 646 2250"/></Shape>
	    <String CONTENT="פניו ˙ ויקרא ייי ייי ˙ תדע לך ממרד כי בשעה שריבוה"
                    HPOS="643.0"
                    VPOS="2215.0"
                    WIDTH="1141.0"
                    HEIGHT="97.0"></String>
          </TextLine>

          
          
          <TextLine ID="eSc_line_61134d5c"
                    
                    BASELINE="643 2329 919 2329 1014 2336 1315 2334 1392 2339 1631 2339 1659 2334 1776 2334" 
                    HPOS="639.0"
                    VPOS="2281.0"
                    WIDTH="1135.0"
                    HEIGHT="107.0">
            <Shape><Polygon POINTS="639 2326 719 2281 740 2302 889 2284 902 2298 1193 2302 1210 2319 1262 2291 1573 2312 1636 2298 1753 2309 1774 2333 1760 2371 1712 2381 1300 2374 1269 2357 1231 2374 1141 2371 1079 2388 1062 2371 972 2378 940 2357 913 2371 722 2360 698 2378 646 2326"/></Shape>
	    <String CONTENT="עימו אסתר דברים שלא כהוגן קצף עליה ˙ ואילו"
                    HPOS="639.0"
                    VPOS="2281.0"
                    WIDTH="1135.0"
                    HEIGHT="107.0"></String>
          </TextLine>

          
          
          <TextLine ID="eSc_line_a140918e"
                    
                    BASELINE="663 2398 834 2398 861 2403 970 2405 995 2410 1154 2408 1258 2412 1290 2408 1313 2412 1389 2415 1682 2415 1740 2408 1802 2412" 
                    HPOS="660.0"
                    VPOS="2357.0"
                    WIDTH="1138.0"
                    HEIGHT="104.0">
            <Shape><Polygon POINTS="660 2395 726 2360 940 2357 978 2378 1020 2364 1086 2385 1134 2371 1248 2374 1279 2357 1297 2374 1736 2378 1798 2409 1705 2461 1625 2440 1539 2450 1452 2436 1383 2450 1138 2443 1096 2457 1072 2436 726 2436 667 2395"/></Shape>
	    <String CONTENT="הן דברים שדיברה שלא כהוגן בשעה שאמרה"
                    HPOS="660.0"
                    VPOS="2357.0"
                    WIDTH="1138.0"
                    HEIGHT="104.0"></String>
          </TextLine>

          
          
          <TextLine ID="eSc_line_417d244b"
                    
                    BASELINE="647 2468 732 2474 834 2474 910 2470 933 2477 1087 2479 1136 2484 1753 2484 1793 2477" 
                    HPOS="646.0"
                    VPOS="2440.0"
                    WIDTH="1145.0"
                    HEIGHT="86.0">
            <Shape><Polygon POINTS="646 2464 688 2440 1075 2440 1093 2457 1138 2443 1577 2454 1625 2440 1695 2461 1743 2450 1791 2474 1740 2516 1705 2506 1684 2526 1224 2519 1207 2506 1082 2516 1065 2502 709 2512 660 2471 650 2478"/></Shape>
	    <String CONTENT="ואני לא נקראתי מה השיבה כי אם החרש תחרישי"
                    HPOS="646.0"
                    VPOS="2440.0"
                    WIDTH="1145.0"
                    HEIGHT="86.0"></String>
          </TextLine>

          
          
          <TextLine ID="eSc_line_9cf24ca3"
                    
                    BASELINE="675 2539 838 2544 889 2548 1060 2546 1209 2557 1783 2557" 
                    HPOS="674.0"
                    VPOS="2502.0"
                    WIDTH="1107.0"
                    HEIGHT="93.0">
            <Shape><Polygon POINTS="674 2537 743 2502 1238 2526 1670 2516 1684 2530 1712 2506 1781 2554 1753 2585 1695 2595 1504 2595 1459 2582 1286 2595 1110 2592 1093 2578 1041 2589 992 2571 875 2589 754 2582 726 2578 688 2540"/></Shape>
	    <String CONTENT="בעת הזאת ˙ וכשחזרה ודיברה עמו כהוגן הודה"
                    HPOS="674.0"
                    VPOS="2502.0"
                    WIDTH="1107.0"
                    HEIGHT="93.0"></String>
          </TextLine>

          
          
          <TextLine ID="eSc_line_1cb8c1f8"
                    
                    BASELINE="663 2590 691 2615 737 2610 788 2610 818 2615 991 2617 1037 2622 1163 2620 1212 2624 1435 2627 1514 2631 1691 2629 1746 2620 1779 2624" 
                    HPOS="660.0"
                    VPOS="2575.0"
                    WIDTH="1118.0"
                    HEIGHT="97.0">
            <Shape><Polygon POINTS="660 2589 691 2606 729 2578 878 2592 992 2575 1006 2589 1331 2599 1432 2599 1449 2585 1473 2599 1684 2599 1743 2585 1778 2623 1715 2668 1594 2668 1563 2647 1522 2665 1380 2672 1359 2651 1328 2668 1110 2644 1086 2668 1006 2647 716 2647 664 2595"/></Shape>
	    <String CONTENT="לדבריה ˙ ואילו הן דברים שדיברה כדרך ארץ [ב&#39;]"
                    HPOS="660.0"
                    VPOS="2575.0"
                    WIDTH="1118.0"
                    HEIGHT="97.0"></String>
          </TextLine>

          
          
          <TextLine ID="eSc_line_609e7907"
                    
                    BASELINE="654 2673 848 2682 871 2686 1103 2686 1191 2691 1214 2696 1793 2691" 
                    HPOS="653.0"
                    VPOS="2644.0"
                    WIDTH="1138.0"
                    HEIGHT="104.0">
            <Shape><Polygon POINTS="653 2672 750 2644 788 2661 812 2647 1010 2647 1086 2668 1106 2651 1338 2665 1356 2647 1380 2668 1563 2654 1591 2668 1719 2668 1760 2647 1791 2689 1771 2723 1743 2734 1380 2727 1342 2748 1324 2730 1151 2727 1089 2710 722 2716 681 2675"/></Shape>
	    <String CONTENT="בשעה שאמרה לך כנוס את כל היהודים ˙ העביר"
                    HPOS="653.0"
                    VPOS="2644.0"
                    WIDTH="1138.0"
                    HEIGHT="104.0"></String>
          </TextLine>

          
          
          <TextLine ID="eSc_line_43500c5c"
                    
                    BASELINE="661 2753 723 2749 746 2753 940 2753 1020 2756 1044 2760 1230 2758 1258 2763 1401 2769 1788 2765" 
                    HPOS="660.0"
                    VPOS="2713.0"
                    WIDTH="1124.0"
                    HEIGHT="97.0">
            <Shape><Polygon POINTS="660 2751 733 2716 961 2727 989 2713 1055 2727 1096 2716 1324 2730 1349 2754 1369 2734 1681 2737 1712 2723 1784 2761 1750 2806 1636 2810 1608 2796 1477 2810 1456 2789 1428 2806 1345 2792 1300 2806 1241 2782 1210 2796 1183 2768 1158 2789 1113 2792 1023 2779 965 2792 923 2775 871 2792 844 2775 719 2789 681 2751"/></Shape>
	    <String CONTENT="כל דבריה שנ&#39; ויעבר מרדכי ˙ ואו&#39; מי ﭏ כמוך נושא"
                    HPOS="660.0"
                    VPOS="2713.0"
                    WIDTH="1124.0"
                    HEIGHT="97.0"></String>
          </TextLine>

          
          
          <TextLine ID="eSc_line_8794fb80"
                    
                    BASELINE="654 2818 689 2813 714 2813 737 2818 838 2825 1110 2822 1133 2827 1244 2834 1343 2832 1389 2836 1500 2839 1728 2839 1756 2834 1788 2839" 
                    HPOS="653.0"
                    VPOS="2772.0"
                    WIDTH="1131.0"
                    HEIGHT="121.0">
            <Shape><Polygon POINTS="653 2817 681 2782 844 2782 864 2799 920 2775 940 2789 1017 2775 1041 2789 1162 2789 1186 2772 1210 2796 1231 2786 1297 2813 1335 2799 1418 2810 1456 2789 1477 2810 1750 2810 1784 2837 1740 2872 1674 2893 1636 2872 1459 2879 1404 2862 1390 2875 1207 2858 1172 2872 1148 2851 1113 2862 1089 2844 1065 2858 767 2855 695 2872 657 2831"/></Shape>
	    <String CONTENT="עון ועובר על פשע ˙ ולהלן הוא או&#39; גולמי ראו עיניך"
                    HPOS="653.0"
                    VPOS="2772.0"
                    WIDTH="1131.0"
                    HEIGHT="121.0"></String>
          </TextLine>

          
          
          <TextLine ID="eSc_line_5597895d"
                    
                    BASELINE="647 2889 684 2887 822 2894 1044 2894 1069 2901 1122 2896 1221 2896 1359 2901 1408 2910 1435 2905 1717 2908 1802 2901" 
                    HPOS="646.0"
                    VPOS="2848.0"
                    WIDTH="1152.0"
                    HEIGHT="114.0">
            <Shape><Polygon POINTS="646 2886 712 2862 1065 2862 1089 2848 1110 2865 1148 2855 1172 2872 1207 2858 1394 2879 1407 2865 1653 2879 1674 2900 1746 2869 1798 2900 1743 2941 1570 2962 1504 2938 1414 2941 1390 2924 1356 2948 1189 2938 1155 2920 1131 2934 999 2934 940 2917 709 2931 650 2886"/></Shape>
	    <String CONTENT="ועל ספרך ˙ מה ת&#39;ל&#39; עתיד הק&#39;ב&#39;ה&#39; לישב בבית המדרש"
                    HPOS="646.0"
                    VPOS="2848.0"
                    WIDTH="1152.0"
                    HEIGHT="114.0"></String>
          </TextLine>

          
          
          <TextLine ID="eSc_line_e4483d1b"
                    
                    BASELINE="656 2956 691 2963 938 2961 965 2965 1020 2965 1120 2972 1246 2970 1362 2981 1608 2979 1654 2984 1799 2984" 
                    HPOS="653.0"
                    VPOS="2917.0"
                    WIDTH="1145.0"
                    HEIGHT="107.0">
            <Shape><Polygon POINTS="653 2955 716 2927 878 2931 940 2917 958 2931 978 2920 1134 2938 1155 2924 1186 2941 1349 2951 1383 2931 1567 2958 1688 2941 1798 2983 1778 2983 1729 3024 1515 3024 1497 3010 1193 3017 1176 3003 1051 2996 712 2996 664 2958"/></Shape>
	    <String CONTENT="שלו וצדיקי עולם יושבין לפניו ואו&#39; להם בניי דור"
                    HPOS="653.0"
                    VPOS="2917.0"
                    WIDTH="1145.0"
                    HEIGHT="107.0"></String>
          </TextLine>

          
          
          <TextLine ID="eSc_line_3e95fbef"
                    
                    BASELINE="661 3034 696 3025 751 3030 875 3032 903 3039 931 3034 1150 3037 1177 3032 1203 3039 1297 3041 1325 3046 1442 3044 1557 3051 1583 3055 1786 3055" 
                    HPOS="660.0"
                    VPOS="2993.0"
                    WIDTH="1124.0"
                    HEIGHT="100.0">
            <Shape><Polygon POINTS="660 3031 709 2996 961 2993 1179 3003 1200 3017 1231 3003 1307 3017 1501 3014 1522 3028 1681 3028 1705 3014 1753 3021 1784 3052 1750 3093 1598 3093 1570 3066 1522 3090 923 3059 792 3072 771 3059 709 3062 678 3031"/></Shape>
	    <String CONTENT="פלוני כך עשה תורה וכך עשיתי עימו צדקה ˙ [וא&#39;]"
                    HPOS="660.0"
                    VPOS="2993.0"
                    WIDTH="1124.0"
                    HEIGHT="100.0"></String>
          </TextLine>

          
          
          <TextLine ID="eSc_line_4e257ab6"
                    
                    BASELINE="670 3094 730 3101 1094 3099 1279 3111 1382 3108 1537 3115 1567 3120 1793 3120" 
                    HPOS="667.0"
                    VPOS="3062.0"
                    WIDTH="1124.0"
                    HEIGHT="97.0">
            <Shape><Polygon POINTS="667 3093 702 3066 965 3062 1176 3079 1228 3069 1248 3083 1311 3069 1497 3093 1573 3069 1598 3093 1753 3093 1791 3117 1743 3159 1674 3142 1612 3159 1238 3135 1127 3145 1100 3117 1041 3142 992 3128 850 3138 819 3121 736 3149 671 3097"/></Shape>
	    <String CONTENT="ואדם פלוני כך עשה תורה וכך עשיתי עימו צדק&#39; ˙"
                    HPOS="667.0"
                    VPOS="3062.0"
                    WIDTH="1124.0"
                    HEIGHT="97.0"></String>
          </TextLine>

          
          
          <TextLine ID="eSc_line_3a5de3bd"
                    
                    BASELINE="638 3173 765 3170 813 3175 1110 3175 1394 3184 1581 3182 1728 3193 1763 3182 1802 3187" 
                    HPOS="636.0"
                    VPOS="3131.0"
                    WIDTH="1162.0"
                    HEIGHT="107.0">
            <Shape><Polygon POINTS="636 3169 643 3145 702 3131 736 3149 844 3131 930 3152 1110 3135 1169 3155 1203 3142 1650 3162 1681 3145 1695 3162 1788 3162 1798 3183 1788 3214 1746 3214 1695 3238 1573 3238 1560 3225 1487 3235 1473 3221 1387 3235 1342 3214 1269 3231 1172 3214 1155 3228 1134 3211 1037 3221 999 3204 930 3228 885 3204 788 3225 767 3211 702 3221 681 3200 639 3197"/></Shape>
	    <String CONTENT="אבל איני זוכר עוונותיהם שליש&#39; ואינן עולין על"
                    HPOS="636.0"
                    VPOS="3131.0"
                    WIDTH="1162.0"
                    HEIGHT="107.0"></String>
          </TextLine>

          
        </TextBlock>
        

        
      </PrintSpace>
    </Page>
  </Layout>
</alto>
