<?xml version="1.0" encoding="UTF-8"?>
<alto xmlns:xsi="http://www.w3.org/2001/XMLSchema-instance"
      xmlns="http://www.loc.gov/standards/alto/ns-v4#"
      xsi:schemaLocation="http://www.loc.gov/standards/alto/ns-v4# http://www.loc.gov/standards/alto/v4/alto-4-2.xsd">
  <Description>
    <MeasurementUnit>pixel</MeasurementUnit>
    <sourceImageInformation>
      <fileName>Cod.Hebr.20_082v.jpg</fileName>
      
    </sourceImageInformation>
  </Description>
  
  <Tags>
    <OtherTag ID="BT1" LABEL="Title" DESCRIPTION="block type Title"/><OtherTag ID="BT2" LABEL="Main" DESCRIPTION="block type Main"/><OtherTag ID="BT3" LABEL="Commentary" DESCRIPTION="block type Commentary"/><OtherTag ID="BT4" LABEL="Illustration" DESCRIPTION="block type Illustration"/><OtherTag ID="BT747" LABEL="Hole" DESCRIPTION="block type Hole"/><OtherTag ID="BT748" LABEL="Margin" DESCRIPTION="block type Margin"/><OtherTag ID="BT749" LABEL="Paratext" DESCRIPTION="block type Paratext"/>
    <OtherTag ID="LT3" LABEL="Correction" DESCRIPTION="line type Correction"/>
  </Tags>
  
  <Layout>
    <Page WIDTH="3685"
          HEIGHT="4631"
          PHYSICAL_IMG_NR="153"
          ID="eSc_dummypage_">
      <PrintSpace HPOS="0"
                  VPOS="0"
                  WIDTH="3685"
                  HEIGHT="4631">
        
        <TextBlock HPOS="595.0"
                   VPOS="472.0"
                   WIDTH="2178.0"
                   HEIGHT="3236.0"
                   ID="eSc_textblock_8663adb2"
                   TAGREFS="BT2">
          <Shape><Polygon POINTS="595 472 2773 472 2773 3708 595 3708"/></Shape>
          
          
          <TextLine ID="eSc_line_1848738"
                    
                    BASELINE="652 551 1436 563 2491 586 2765 598" 
                    HPOS="648.0"
                    VPOS="451.0"
                    WIDTH="2113.0"
                    HEIGHT="201.0">
            <Shape><Polygon POINTS="648 548 656 470 703 466 768 520 842 505 892 517 969 451 1031 513 1081 517 1120 493 1147 517 1178 493 1224 509 1263 474 1297 505 1340 474 1367 501 1398 478 1479 528 1521 524 1552 497 1587 517 1626 478 1718 497 1815 459 1892 482 1942 524 1981 517 2024 478 2058 490 2078 474 2097 490 2170 470 2201 501 2267 459 2298 486 2363 463 2391 490 2445 482 2491 528 2530 520 2572 482 2645 555 2727 548 2761 594 2746 640 2692 632 2661 652 2591 636 2518 644 2503 629 2437 652 2371 625 2228 640 1977 636 1958 617 1923 632 1726 617 1687 629 1641 609 1572 617 1548 598 1506 621 1266 617 1174 598 1131 629 1066 598 1012 602 988 578 954 609 869 617 849 598 830 617 652 613"/></Shape>
	    <String CONTENT="הביא לצרעתו יחזור ויביא לכפרתו לנזירותיו יחזור ויביא לכפרתו קינו של גר אין נוהגת"
                    HPOS="648.0"
                    VPOS="451.0"
                    WIDTH="2113.0"
                    HEIGHT="201.0"></String>
          </TextLine>

          
          
          <TextLine ID="eSc_line_1848739"
                    
                    BASELINE="611 644 764 659 1042 652 1402 663 1448 659 2186 686 2630 686 2765 676" 
                    HPOS="610.0"
                    VPOS="582.0"
                    WIDTH="2151.0"
                    HEIGHT="162.0">
            <Shape><Polygon POINTS="610 640 683 609 842 629 861 613 957 613 992 582 1015 605 1097 609 1131 629 1178 605 1506 625 1552 598 1618 629 1765 636 1846 625 1931 640 2174 632 2669 656 2703 632 2761 675 2727 729 2696 717 2630 744 2510 729 2445 740 2414 725 2356 737 2333 713 2298 744 2263 713 2224 740 2197 713 2116 737 2024 721 1935 737 1846 717 1676 729 1657 713 1579 733 1552 710 1436 717 1367 694 1054 698 1031 717 915 694 842 717 780 683 730 710 683 683 652 710 614 694"/></Shape>
	    <String CONTENT="ﭏא בפני הבית וצריך להביא מעכשיו מפני תקלה מפני מה אמרו שקלים אין נוהגין"
                    HPOS="610.0"
                    VPOS="582.0"
                    WIDTH="2151.0"
                    HEIGHT="162.0"></String>
          </TextLine>

          
          
          <TextLine ID="eSc_line_1848742"
                    
                    BASELINE="611 742 853 756 1270 752 1830 771 2290 779 2591 779 2765 768" 
                    HPOS="610.0"
                    VPOS="679.0"
                    WIDTH="2151.0"
                    HEIGHT="158.0">
            <Shape><Polygon POINTS="610 740 633 713 745 710 780 679 853 721 892 706 996 702 1031 717 1054 702 1247 698 1413 721 1560 717 1583 737 1641 721 2224 737 2251 710 2290 744 2333 717 2360 744 2425 733 2649 748 2703 717 2761 767 2723 825 2584 837 2348 818 2298 833 2166 818 2136 837 2109 814 1997 818 1958 787 1888 825 1800 806 1572 818 1471 787 1433 798 1417 783 1382 802 1309 787 1236 787 1220 802 1046 787 1008 806 969 791 950 806 907 794 857 810 787 787 675 810 614 767"/></Shape>
	    <String CONTENT="ﭏא בפני הבית לפי שאין תורמין מן הישנה ומפני מה אמרו בכורים אין נוהגין ﭏא בפני"
                    HPOS="610.0"
                    VPOS="679.0"
                    WIDTH="2151.0"
                    HEIGHT="158.0"></String>
          </TextLine>

          
          
          <TextLine ID="eSc_line_1848743"
                    
                    BASELINE="614 829 714 845 1108 837 2441 872 2692 864 2765 867" 
                    HPOS="610.0"
                    VPOS="779.0"
                    WIDTH="2151.0"
                    HEIGHT="154.0">
            <Shape><Polygon POINTS="610 825 699 798 849 814 903 794 1008 810 1135 791 1220 810 1239 791 1390 802 1417 779 1444 802 1467 787 1552 818 1792 806 1873 825 1931 818 1962 837 1985 814 2027 810 2128 833 2306 833 2336 818 2406 833 2715 829 2761 864 2719 906 2665 922 2429 922 2402 895 2340 922 2205 918 2182 903 2155 914 2124 899 2054 914 2000 887 1962 906 1846 899 1811 933 1765 895 1506 899 1456 856 1355 922 1309 876 1224 891 1185 872 1147 903 1124 883 1050 891 996 872 957 906 930 883 822 895 791 868 764 891 706 883 679 910 614 872"/></Shape>
	    <String CONTENT="הבית משום שנ&#39; ראשית בכורי אדמתך תביא בית ײי ﭏהיך כל זמן שיש לך בית יש לך"
                    HPOS="610.0"
                    VPOS="779.0"
                    WIDTH="2151.0"
                    HEIGHT="154.0"></String>
          </TextLine>

          
          
          <TextLine ID="eSc_line_1848744"
                    
                    BASELINE="645 949 1684 945 2155 964 2765 953" 
                    HPOS="641.0"
                    VPOS="860.0"
                    WIDTH="2120.0"
                    HEIGHT="170.0">
            <Shape><Polygon POINTS="641 945 648 899 683 910 706 887 764 895 791 868 822 895 927 887 957 906 1000 868 1042 891 1120 887 1151 903 1197 868 1220 891 1328 895 1355 922 1460 860 1510 899 1753 903 1807 941 1854 899 2078 918 2124 895 2151 922 2348 926 2406 899 2433 926 2711 926 2761 949 2711 1018 2510 1003 2464 1030 2429 1003 2398 1018 2375 1003 2248 1011 2209 1007 2186 984 2163 1007 2105 1007 2085 987 2012 1007 1950 984 1900 1003 1830 957 1807 976 1738 957 1687 987 1606 1003 1521 976 1421 976 1390 991 1224 972 1127 987 1100 968 969 987 645 980"/></Shape>
	    <String CONTENT="בכורים אין לך בית אין לך בכורים ˙ כהן גדול אין נכנס לעזרה לעבודה ﭏא אם"
                    HPOS="641.0"
                    VPOS="860.0"
                    WIDTH="2120.0"
                    HEIGHT="170.0"></String>
          </TextLine>

          
          
          <TextLine ID="eSc_line_1848745"
                    
                    BASELINE="611 1026 652 1022 1290 1022 1834 1038 2201 1057 2560 1057 2765 1042" 
                    HPOS="610.0"
                    VPOS="976.0"
                    WIDTH="2151.0"
                    HEIGHT="135.0">
            <Shape><Polygon POINTS="610 1022 645 984 737 995 811 980 977 991 1228 976 1386 999 1409 980 1525 980 1614 1007 1660 984 1761 995 1807 976 1846 980 1865 1003 2097 1003 2120 1022 2194 995 2217 1014 2437 1003 2464 1030 2506 1011 2715 1014 2761 1041 2676 1111 2649 1092 1923 1099 1908 1084 1757 1092 1738 1072 1568 1084 1467 1065 1286 1080 1259 1057 1216 1072 861 1065 803 1088 737 1065 664 1080 614 1045"/></Shape>
	    <String CONTENT="כן נמשח שבעה ונתרבה שבעה א&#39;ע&#39;פ&#39; שלא נמשח שבעה ונתרבה שבעה ועבד [עב&#39;]"
                    HPOS="610.0"
                    VPOS="976.0"
                    WIDTH="2151.0"
                    HEIGHT="135.0"></String>
          </TextLine>

          
          
          <TextLine ID="eSc_line_1848746"
                    
                    BASELINE="611 1119 1351 1115 1854 1126 2047 1138 2765 1146" 
                    HPOS="610.0"
                    VPOS="1065.0"
                    WIDTH="2151.0"
                    HEIGHT="131.0">
            <Shape><Polygon POINTS="610 1115 637 1072 826 1084 1266 1065 1309 1080 1734 1076 1753 1092 1919 1099 2649 1099 2696 1103 2761 1142 2734 1142 2680 1192 2634 1196 2572 1177 2460 1192 2336 1184 2313 1169 2255 1173 2232 1192 2159 1157 1962 1192 1931 1173 1699 1173 1672 1150 1525 1173 1460 1138 1398 1157 1166 1161 1143 1142 969 1165 872 1150 668 1161 614 1130"/></Shape>
	    <String CONTENT="עבודתו כשירה כהן הדיוט אין נכנס לעזרה לעבודה ﭏא אם כן הביא עשירית האיפה"
                    HPOS="610.0"
                    VPOS="1065.0"
                    WIDTH="2151.0"
                    HEIGHT="131.0"></String>
          </TextLine>

          
          
          <TextLine ID="eSc_line_1848747"
                    
                    BASELINE="611 1193 1073 1204 1645 1204 2228 1227 2746 1227" 
                    HPOS="610.0"
                    VPOS="1138.0"
                    WIDTH="2132.0"
                    HEIGHT="147.0">
            <Shape><Polygon POINTS="610 1192 629 1146 672 1165 865 1150 957 1169 1054 1150 1151 1150 1170 1165 1398 1157 1456 1138 1525 1173 1672 1157 1707 1177 1931 1173 1969 1188 2089 1180 2159 1157 2228 1196 2306 1173 2707 1192 2742 1223 2703 1273 2603 1285 2549 1265 2506 1277 2371 1258 2228 1273 2163 1246 2078 1261 1977 1261 1950 1246 1900 1261 1827 1242 1757 1258 1726 1234 1653 1250 1463 1246 1425 1231 1309 1246 1274 1227 1023 1246 965 1204 911 1242 672 1242 614 1211"/></Shape>
	    <String CONTENT="ועובדה בידו א&#39;ע&#39;פ&#39; שלא הביא עשירית האיפה משלו ועובדה בידו ועבד עבודתו כשיר&#39;"
                    HPOS="610.0"
                    VPOS="1138.0"
                    WIDTH="2132.0"
                    HEIGHT="147.0"></String>
          </TextLine>

          
          
          <TextLine ID="eSc_line_1848748"
                    
                    BASELINE="611 1285 683 1281 1378 1285 2468 1315 2645 1315 2761 1304" 
                    HPOS="610.0"
                    VPOS="1227.0"
                    WIDTH="2147.0"
                    HEIGHT="143.0">
            <Shape><Polygon POINTS="610 1281 637 1234 1050 1246 1255 1242 1278 1227 1313 1246 1417 1234 1641 1258 1715 1254 1734 1234 1757 1254 1923 1265 1954 1246 2031 1265 2170 1246 2190 1269 2275 1277 2336 1250 2448 1277 2549 1265 2611 1288 2711 1273 2757 1300 2707 1354 2657 1366 2642 1350 2541 1350 2503 1370 2479 1354 2336 1346 2321 1331 2267 1358 2240 1331 2116 1354 2020 1335 1772 1350 1657 1323 1270 1331 1000 1312 845 1327 811 1312 776 1339 753 1319 687 1327 614 1304"/></Shape>
	    <String CONTENT="בן לוי אין נכנס לעזרה לעבודה ﭏא אם כן למד חמש שנים שנ&#39; זאת אשר ללוים מבן חמש"
                    HPOS="610.0"
                    VPOS="1227.0"
                    WIDTH="2147.0"
                    HEIGHT="143.0"></String>
          </TextLine>

          
          
          <TextLine ID="eSc_line_1848749"
                    
                    BASELINE="611 1362 764 1370 1371 1373 1568 1381 1753 1377 2047 1393 2765 1393" 
                    HPOS="610.0"
                    VPOS="1312.0"
                    WIDTH="2151.0"
                    HEIGHT="135.0">
            <Shape><Polygon POINTS="610 1358 618 1319 753 1323 780 1339 811 1312 1753 1335 1776 1354 1811 1335 2031 1339 2109 1358 2240 1331 2263 1354 2298 1354 2317 1335 2336 1354 2479 1358 2499 1377 2560 1350 2642 1350 2661 1366 2711 1354 2761 1389 2696 1443 2638 1447 2572 1431 2510 1447 2313 1431 2232 1443 2209 1424 2012 1439 1977 1420 1888 1443 1815 1408 1761 1424 1259 1412 1232 1427 1193 1408 1085 1404 977 1420 946 1400 614 1412"/></Shape>
	    <String CONTENT="ועשרים שנה ולהלן הוא אומ&#39; ומבן שלשים שנה אם נאמ&#39; מבן חמש ועשרים למה נאמ&#39;"
                    HPOS="610.0"
                    VPOS="1312.0"
                    WIDTH="2151.0"
                    HEIGHT="135.0"></String>
          </TextLine>

          
          
          <TextLine ID="eSc_line_1848750"
                    
                    BASELINE="611 1451 927 1462 1290 1458 1807 1466 2356 1489 2584 1489 2746 1478" 
                    HPOS="610.0"
                    VPOS="1400.0"
                    WIDTH="2132.0"
                    HEIGHT="135.0">
            <Shape><Polygon POINTS="610 1447 614 1420 664 1412 784 1420 954 1400 973 1420 1046 1420 1081 1400 1228 1431 1313 1412 1575 1427 1823 1416 1888 1439 1977 1420 2000 1439 2201 1427 2228 1447 2344 1431 2696 1443 2742 1474 2700 1524 2638 1535 2448 1520 2081 1532 2054 1516 1997 1524 1969 1501 1950 1520 1784 1516 1707 1497 1525 1516 1390 1501 1371 1516 1351 1497 969 1505 938 1485 919 1505 857 1497 830 1524 799 1501 614 1501"/></Shape>
	    <String CONTENT="מבן שלשים ואם נאמ&#39; מבן שלשים למה נאמ&#39; מבן חמש ועשרים ﭏא כל אותן שנים"
                    HPOS="610.0"
                    VPOS="1400.0"
                    WIDTH="2132.0"
                    HEIGHT="135.0"></String>
          </TextLine>

          
          
          <TextLine ID="eSc_line_1848751"
                    
                    BASELINE="611 1551 1328 1547 1761 1555 2031 1566 2742 1559" 
                    HPOS="610.0"
                    VPOS="1489.0"
                    WIDTH="2128.0"
                    HEIGHT="139.0">
            <Shape><Polygon POINTS="610 1547 614 1512 637 1501 807 1505 834 1520 853 1501 919 1508 942 1489 992 1505 1475 1501 1518 1520 1699 1497 1734 1512 1946 1520 1969 1501 1993 1524 2078 1535 2692 1532 2738 1555 2692 1609 2595 1628 2564 1609 2472 1628 2294 1605 2101 1605 2074 1620 1966 1593 1796 1589 1518 1605 1483 1586 1402 1586 1375 1605 1348 1586 1282 1582 1255 1605 1209 1578 1166 1593 876 1597 799 1582 645 1601 614 1570"/></Shape>
	    <String CONTENT="שבין חמש ועשרים עד בן שלשים היה למד מיכן ואילך מקריבין אותו לעבודה מיכן"
                    HPOS="610.0"
                    VPOS="1489.0"
                    WIDTH="2128.0"
                    HEIGHT="139.0"></String>
          </TextLine>

          
          
          <TextLine ID="eSc_line_1848752"
                    
                    BASELINE="611 1623 764 1636 1066 1644 1861 1640 2456 1659 2742 1651" 
                    HPOS="610.0"
                    VPOS="1586.0"
                    WIDTH="2128.0"
                    HEIGHT="119.0">
            <Shape><Polygon POINTS="610 1620 614 1586 645 1605 764 1586 1116 1601 1201 1586 1259 1605 1286 1586 1375 1605 1402 1589 1483 1593 1514 1609 2294 1605 2468 1628 2684 1613 2738 1647 2684 1698 2607 1686 2557 1701 2487 1686 2421 1698 2398 1674 2356 1701 2317 1678 2298 1698 2070 1690 2043 1705 2020 1690 1637 1682 1603 1705 1545 1678 1448 1686 1390 1671 1367 1686 1266 1671 1077 1686 1046 1655 1019 1682 826 1659 807 1674 614 1686"/></Shape>
	    <String CONTENT="אמרו כל שאינו מראה סימן טוב במשנתו בתוך חמש שנים שוב אינו מראה ר&#39; יוסה אומ&#39;"
                    HPOS="610.0"
                    VPOS="1586.0"
                    WIDTH="2128.0"
                    HEIGHT="119.0"></String>
          </TextLine>

          
          
          <TextLine ID="eSc_line_1848753"
                    
                    BASELINE="611 1712 772 1725 1073 1732 1579 1728 1780 1736 1939 1732 2765 1736" 
                    HPOS="610.0"
                    VPOS="1659.0"
                    WIDTH="2151.0"
                    HEIGHT="131.0">
            <Shape><Polygon POINTS="610 1709 621 1682 656 1674 1019 1686 1050 1659 1081 1686 1375 1686 1390 1671 1572 1686 1603 1705 1618 1690 1811 1686 2317 1705 2375 1698 2398 1674 2425 1698 2472 1682 2510 1701 2688 1698 2715 1725 2761 1732 2734 1732 2676 1782 2394 1790 1997 1771 1923 1790 1884 1759 1830 1790 1807 1771 1606 1786 1583 1771 1382 1763 1181 1771 1151 1748 1108 1771 880 1779 675 1759 641 1775 614 1752"/></Shape>
	    <String CONTENT="שלש שנ&#39; ולגדלם שנים שלש זקן אין מושיבין אותו בלשכת הגזית ﭏא אם נעשה דיין"
                    HPOS="610.0"
                    VPOS="1659.0"
                    WIDTH="2151.0"
                    HEIGHT="131.0"></String>
          </TextLine>

          
          
          <TextLine ID="eSc_line_1848754"
                    
                    BASELINE="611 1809 1127 1809 1827 1829 2514 1829 2765 1818" 
                    HPOS="610.0"
                    VPOS="1752.0"
                    WIDTH="2151.0"
                    HEIGHT="177.0">
            <Shape><Polygon POINTS="610 1806 614 1771 1116 1775 1147 1752 1185 1779 1463 1767 1603 1786 1811 1779 1827 1794 1873 1759 1923 1794 1966 1779 2684 1782 2715 1813 2761 1817 2684 1875 2634 1890 2568 1867 2333 1890 2313 1867 2224 1867 2201 1848 2178 1871 2101 1875 2000 1856 1977 1875 1722 1856 965 1856 934 1863 880 1918 822 1860 695 1852 614 1929"/></Shape>
	    <String CONTENT="בעירו משנעשה דיין בעירו מעלין ומושיבין אותו בהר הבית משם מעלין ומושיבין"
                    HPOS="610.0"
                    VPOS="1752.0"
                    WIDTH="2151.0"
                    HEIGHT="177.0"></String>
          </TextLine>

          
          
          <TextLine ID="eSc_line_1848757"
                    
                    BASELINE="1239 1894 1715 1906 1857 1914 2329 1906" 
                    HPOS="1236.0"
                    VPOS="1856.0"
                    WIDTH="1089.0"
                    HEIGHT="127.0">
            <Shape><Polygon POINTS="1236 1890 1239 1863 1328 1856 1715 1856 1749 1871 1973 1879 1997 1860 2186 1875 2209 1860 2313 1879 2325 1902 2313 1952 2089 1964 1966 1941 1757 1960 1506 1948 1448 1983 1413 1948 1239 1937"/></Shape>
	    <String CONTENT="אותו בחייל משם מעלין ומושיבין אותו"
                    HPOS="1236.0"
                    VPOS="1856.0"
                    WIDTH="1089.0"
                    HEIGHT="127.0"></String>
          </TextLine>

          
          
          <TextLine ID="eSc_line_1848759"
                    
                    BASELINE="1502 1983 1757 1999 1981 1995 2124 2002" 
                    HPOS="1498.0"
                    VPOS="1945.0"
                    WIDTH="622.0"
                    HEIGHT="111.0">
            <Shape><Polygon POINTS="1498 1979 1518 1952 1931 1952 1958 1968 1985 1945 2051 1972 2112 1972 2120 1999 2109 2041 2054 2033 2027 2053 1966 2037 1803 2056 1502 2037"/></Shape>
	    <String CONTENT="בלשכת הגזית ˙˙"
                    HPOS="1498.0"
                    VPOS="1945.0"
                    WIDTH="622.0"
                    HEIGHT="111.0"></String>
          </TextLine>

          
          
          <TextLine ID="eSc_line_1848758"
                    
                    BASELINE="1444 2164 1950 2184 2043 2184 2143 2172" 
                    HPOS="1440.0"
                    VPOS="2041.0"
                    WIDTH="699.0"
                    HEIGHT="259.0">
            <Shape><Polygon POINTS="1440 2161 1467 2122 1494 2137 1591 2122 1854 2134 1973 2041 2020 2049 2093 2126 2124 2110 2139 2168 2128 2219 2062 2261 2024 2269 1969 2211 1873 2292 1676 2280 1645 2300 1606 2269 1572 2288 1475 2188 1444 2211"/></Shape>
	    <String CONTENT="סליק פירקא"
                    HPOS="1440.0"
                    VPOS="2041.0"
                    WIDTH="699.0"
                    HEIGHT="259.0"></String>
          </TextLine>

          
          
          <TextLine ID="eSc_line_1848755"
                    
                    BASELINE="1266 2330 1367 2330 1614 2350 1819 2354 2020 2354 2159 2342" 
                    HPOS="1263.0"
                    VPOS="2219.0"
                    WIDTH="892.0"
                    HEIGHT="274.0">
            <Shape><Polygon POINTS="1263 2327 1270 2296 1456 2280 1873 2296 1962 2219 2031 2296 2139 2296 2155 2338 2143 2469 1931 2454 1854 2493 1800 2454 1765 2481 1695 2458 1572 2454 1533 2489 1471 2438 1429 2469 1328 2369 1266 2369"/></Shape>
	    <String CONTENT="וסליקא מסכתא ˙˙"
                    HPOS="1263.0"
                    VPOS="2219.0"
                    WIDTH="892.0"
                    HEIGHT="274.0"></String>
          </TextLine>

          
          
          <TextLine ID="eSc_line_1848756"
                    
                    BASELINE="1332 2689 1599 2712 2170 2716" 
                    HPOS="1328.0"
                    VPOS="2635.0"
                    WIDTH="838.0"
                    HEIGHT="201.0">
            <Shape><Polygon POINTS="1328 2685 1359 2655 1398 2647 1417 2662 1436 2647 1672 2658 1691 2643 1827 2658 1962 2655 1993 2639 2074 2658 2112 2635 2155 2666 2166 2712 2062 2836 2031 2821 1803 2828 1722 2801 1680 2821 1583 2740 1490 2809 1390 2720 1351 2712 1332 2732"/></Shape>
	    <String CONTENT="מסכת כפורים ˙˙"
                    HPOS="1328.0"
                    VPOS="2635.0"
                    WIDTH="838.0"
                    HEIGHT="201.0"></String>
          </TextLine>

          
          
          <TextLine ID="eSc_line_1848741"
                    
                    BASELINE="611 2941 1073 2956 2734 2956" 
                    HPOS="610.0"
                    VPOS="2828.0"
                    WIDTH="2120.0"
                    HEIGHT="189.0">
            <Shape><Polygon POINTS="610 2940 641 2902 714 2913 842 2898 1081 2917 1239 2917 1278 2902 1305 2925 1471 2905 1487 2921 1572 2925 1599 2902 1769 2905 1838 2836 1900 2898 1950 2905 2043 2828 2124 2909 2163 2913 2371 2913 2406 2894 2557 2917 2595 2909 2642 2863 2719 2917 2730 2952 2696 2986 2638 3002 2452 3006 2421 2990 2336 3014 2240 2998 2217 3017 2139 2994 1923 3002 1892 2971 1846 2998 1649 3014 1630 2998 1560 3006 1479 2986 1421 3017 1359 2998 1274 3006 1255 2986 1232 3002 957 3006 614 2983"/></Shape>
	    <String CONTENT="למה מפרישין כהן גדול מביתו ללשכת פרהדרין פירש ר&#39; יהודה בן פתירה שמא [ת&#39;]"
                    HPOS="610.0"
                    VPOS="2828.0"
                    WIDTH="2120.0"
                    HEIGHT="189.0"></String>
          </TextLine>

          
          
          <TextLine ID="eSc_line_1848733"
                    
                    BASELINE="611 3031 973 3048 2537 3048 2688 3037 2765 3018" 
                    HPOS="610.0"
                    VPOS="2971.0"
                    WIDTH="2151.0"
                    HEIGHT="143.0">
            <Shape><Polygon POINTS="610 3029 614 2994 1193 2994 1463 3014 1494 2986 1518 3010 1668 3014 1846 3002 1892 2971 1923 3002 1966 3006 2112 2998 2217 3017 2240 3002 2340 3014 2676 2990 2707 3021 2761 3017 2730 3025 2676 3079 2626 3091 2448 3075 2383 3095 2275 3091 2251 3114 2174 3068 2147 3095 1981 3091 1958 3071 1931 3098 1510 3091 1382 3106 1116 3071 1015 3091 869 3083 849 3102 815 3083 760 3095 614 3079"/></Shape>
	    <String CONTENT="תמצא אשתו ספק נידה ויבא עליה נמצא טמא שבעת ימים ר&#39; יהודה היה קורא אותה"
                    HPOS="610.0"
                    VPOS="2971.0"
                    WIDTH="2151.0"
                    HEIGHT="143.0"></String>
          </TextLine>

          
          
          <TextLine ID="eSc_line_1848732"
                    
                    BASELINE="611 3126 787 3137 1077 3137 1313 3145 2727 3129" 
                    HPOS="610.0"
                    VPOS="3071.0"
                    WIDTH="2113.0"
                    HEIGHT="139.0">
            <Shape><Polygon POINTS="610 3125 618 3098 672 3083 807 3087 849 3106 1050 3098 1085 3071 1112 3071 1139 3098 1367 3110 1931 3102 1958 3071 1985 3095 2155 3095 2174 3075 2244 3118 2278 3095 2394 3098 2452 3075 2618 3098 2661 3079 2692 3087 2723 3125 2672 3183 2441 3179 2363 3203 2282 3187 2259 3164 2174 3195 2058 3179 2039 3160 2012 3183 1896 3187 1865 3206 1838 3187 1637 3183 1548 3191 1525 3210 1494 3187 1278 3199 1251 3183 1201 3206 1143 3164 1116 3191 934 3191 919 3176 857 3187 815 3172 791 3195 768 3179 618 3168"/></Shape>
	    <String CONTENT="לשכת בלווטין כל הלשכות של מקדש פטורות מן המזוזה חוץ מלשכת פרהדרין מפני"
                    HPOS="610.0"
                    VPOS="3071.0"
                    WIDTH="2113.0"
                    HEIGHT="139.0"></String>
          </TextLine>

          
          
          <TextLine ID="eSc_line_1848737"
                    
                    BASELINE="611 3222 934 3230 1463 3249 1865 3233 2487 3233 2715 3222" 
                    HPOS="610.0"
                    VPOS="3160.0"
                    WIDTH="2101.0"
                    HEIGHT="131.0">
            <Shape><Polygon POINTS="610 3218 637 3183 787 3199 911 3183 1116 3195 1139 3172 1201 3210 1236 3191 1436 3187 1498 3187 1525 3210 1657 3183 1869 3206 2008 3195 2039 3164 2074 3191 2155 3199 2213 3191 2248 3160 2290 3191 2348 3199 2700 3183 2711 3218 2700 3257 2649 3284 2495 3280 2472 3257 2418 3280 2348 3253 2317 3276 2232 3272 2186 3291 2155 3276 1610 3288 1583 3264 1545 3288 1212 3291 1042 3268 919 3280 900 3264 872 3284 660 3268 614 3245"/></Shape>
	    <String CONTENT="שהיא בית דירה לכהן גדול שבעת ימים בשנה אמ&#39; ר&#39; יהודה וכי לא היה שם בית דירה"
                    HPOS="610.0"
                    VPOS="3160.0"
                    WIDTH="2101.0"
                    HEIGHT="131.0"></String>
          </TextLine>

          
          
          <TextLine ID="eSc_line_1848736"
                    
                    BASELINE="611 3305 679 3315 768 3318 1205 3326 1332 3334 1942 3322 2522 3326 2723 3311" 
                    HPOS="610.0"
                    VPOS="3253.0"
                    WIDTH="2109.0"
                    HEIGHT="135.0">
            <Shape><Polygon POINTS="610 3303 625 3280 687 3264 872 3280 896 3260 923 3280 1398 3295 1552 3291 1575 3268 1606 3291 2024 3276 2221 3291 2240 3272 2306 3288 2352 3253 2391 3284 2441 3280 2472 3257 2530 3284 2549 3272 2649 3291 2669 3276 2719 3307 2684 3361 2603 3369 1997 3369 1969 3349 1946 3372 1738 3365 1456 3388 1263 3369 1097 3376 1058 3353 942 3369 880 3353 656 3361 614 3318"/></Shape>
	    <String CONTENT="ﭏא זו בלבד ﭏא כל שהוא בית דירה חייבת כל שאינה בית דירה פטורה כל הלשכות"
                    HPOS="610.0"
                    VPOS="3253.0"
                    WIDTH="2109.0"
                    HEIGHT="135.0"></String>
          </TextLine>

          
          
          <TextLine ID="eSc_line_1848735"
                    
                    BASELINE="569 3399 741 3399 1151 3415 1672 3419 2537 3419 2750 3399" 
                    HPOS="567.0"
                    VPOS="3353.0"
                    WIDTH="2179.0"
                    HEIGHT="116.0">
            <Shape><Polygon POINTS="567 3396 614 3357 1603 3384 1742 3369 1954 3376 1977 3353 2000 3376 2661 3365 2746 3396 2626 3457 2445 3450 2425 3469 2313 3442 2163 3461 2004 3442 1896 3465 1788 3450 1568 3469 1201 3461 1181 3442 1151 3469 1073 3430 1050 3453 1004 3461 930 3457 907 3434 884 3453 865 3442 745 3461 710 3430 691 3446 621 3446 571 3399"/></Shape>
	    <String CONTENT="שבית המקדש רשות היחיד לשבת ורשות הרבים לטומאה חוץ מלשכת יין ושמן שיש"
                    HPOS="567.0"
                    VPOS="3353.0"
                    WIDTH="2179.0"
                    HEIGHT="116.0"></String>
          </TextLine>

          
          
          <TextLine ID="eSc_line_1848740"
                    
                    BASELINE="569 3475 1012 3500 1483 3511 1873 3500 2487 3504 2730 3488" 
                    HPOS="567.0"
                    VPOS="3430.0"
                    WIDTH="2160.0"
                    HEIGHT="124.0">
            <Shape><Polygon POINTS="567 3473 606 3442 691 3446 706 3430 745 3461 880 3461 903 3438 930 3461 1050 3457 1077 3434 1166 3484 1189 3461 1568 3477 1780 3453 1946 3465 2321 3450 2425 3473 2448 3457 2615 3461 2676 3438 2727 3484 2700 3534 2487 3554 2348 3550 2313 3523 2271 3542 2170 3527 2089 3546 1815 3534 1684 3554 1089 3554 1027 3538 930 3546 888 3511 865 3534 818 3515 791 3542 710 3527 598 3534 571 3511"/></Shape>
	    <String CONTENT="לה שני פתחים זה נגד זה שהיא רשות היחיד לשבת ורשות הרבים לטומאה חוץ מלשכת"
                    HPOS="567.0"
                    VPOS="3430.0"
                    WIDTH="2160.0"
                    HEIGHT="124.0"></String>
          </TextLine>

          
          
          <TextLine ID="eSc_line_1848734"
                    
                    BASELINE="621 3585 1050 3596 1680 3596 2765 3578" 
                    HPOS="618.0"
                    VPOS="3511.0"
                    WIDTH="2143.0"
                    HEIGHT="216.0">
            <Shape><Polygon POINTS="618 3581 621 3534 811 3546 884 3511 930 3550 1085 3558 1691 3558 1823 3534 2259 3550 2313 3527 2363 3550 2680 3542 2715 3577 2761 3577 2649 3681 2599 3635 2572 3639 2483 3727 2429 3716 2363 3673 2294 3693 2240 3643 2213 3639 2159 3662 2097 3643 2047 3666 2000 3650 1969 3681 1939 3650 1919 3666 1884 3646 1827 3658 1800 3635 1734 3666 1695 3643 1622 3700 1560 3643 1467 3693 1390 3666 1363 3677 1309 3631 1158 3666 1089 3643 1035 3666 988 3635 942 3666 923 3646 892 3658 869 3635 811 3635 787 3658 764 3643 699 3646 656 3673 625 3643"/></Shape>
	    <String CONTENT="יין ושמן שיש לה שני פתחים זה כנגד זה כגון שערי עזרה רשות היחיד לשבת ורשות"
                    HPOS="618.0"
                    VPOS="3511.0"
                    WIDTH="2143.0"
                    HEIGHT="216.0"></String>
          </TextLine>

          
        </TextBlock>
        

        
      </PrintSpace>
    </Page>
  </Layout>
</alto>
