<?xml version="1.0" encoding="UTF-8"?>
<alto xmlns:xsi="http://www.w3.org/2001/XMLSchema-instance"
      xmlns="http://www.loc.gov/standards/alto/ns-v4#"
      xsi:schemaLocation="http://www.loc.gov/standards/alto/ns-v4# http://www.loc.gov/standards/alto/v4/alto-4-2.xsd">
  <Description>
    <MeasurementUnit>pixel</MeasurementUnit>
    <sourceImageInformation>
      <fileName>Cod.Hebr.20_105r.jpg</fileName>
      
    </sourceImageInformation>
  </Description>
  
  <Tags>
    <OtherTag ID="BT1" LABEL="Title" DESCRIPTION="block type Title"/><OtherTag ID="BT2" LABEL="Main" DESCRIPTION="block type Main"/><OtherTag ID="BT3" LABEL="Commentary" DESCRIPTION="block type Commentary"/><OtherTag ID="BT4" LABEL="Illustration" DESCRIPTION="block type Illustration"/><OtherTag ID="BT747" LABEL="Hole" DESCRIPTION="block type Hole"/><OtherTag ID="BT748" LABEL="Margin" DESCRIPTION="block type Margin"/><OtherTag ID="BT749" LABEL="Paratext" DESCRIPTION="block type Paratext"/>
    <OtherTag ID="LT3" LABEL="Correction" DESCRIPTION="line type Correction"/>
  </Tags>
  
  <Layout>
    <Page WIDTH="3645"
          HEIGHT="4621"
          PHYSICAL_IMG_NR="198"
          ID="eSc_dummypage_">
      <PrintSpace HPOS="0"
                  VPOS="0"
                  WIDTH="3645"
                  HEIGHT="4621">
        
        <TextBlock HPOS="871.0"
                   VPOS="436.0"
                   WIDTH="2162.0"
                   HEIGHT="3216.0"
                   ID="eSc_textblock_04a0a8f5"
                   TAGREFS="BT2">
          <Shape><Polygon POINTS="871 436 3033 436 3033 3652 871 3652"/></Shape>
          
          
          <TextLine ID="eSc_line_1850329"
                    
                    BASELINE="909 504 1067 516 1764 523 3013 550" 
                    HPOS="905.0"
                    VPOS="408.0"
                    WIDTH="2104.0"
                    HEIGHT="208.0">
            <Shape><Polygon POINTS="905 500 913 423 940 438 970 408 1040 469 1101 435 1232 427 1286 477 1329 477 1375 438 1471 462 1502 462 1525 438 1587 438 1622 473 1668 477 1741 415 1807 465 1857 419 1895 446 1926 415 1972 458 2034 473 2142 492 2203 473 2300 500 2346 469 2412 500 2492 435 2554 481 2643 462 2708 504 2801 465 2828 485 2870 446 2959 508 3001 469 3009 546 2966 593 2828 604 2812 585 2770 581 2593 616 2562 589 2423 585 2369 612 2346 589 2207 589 2180 562 2157 585 2103 593 2015 569 1899 581 1741 566 1699 581 1560 554 1525 573 1059 577 994 558 944 569 909 546"/></Shape>
	    <String CONTENT="חובתו ר&#39; שמעון אומ&#39; אין מביאין תודה בחג הסוכות שכל שבא בחג המצות בא בחג"
                    HPOS="905.0"
                    VPOS="408.0"
                    WIDTH="2104.0"
                    HEIGHT="208.0"></String>
          </TextLine>

          
          
          <TextLine ID="eSc_line_1850330"
                    
                    BASELINE="886 608 1229 623 1934 619 2246 635 3040 643" 
                    HPOS="882.0"
                    VPOS="562.0"
                    WIDTH="2154.0"
                    HEIGHT="135.0">
            <Shape><Polygon POINTS="882 604 890 566 928 562 1198 581 1822 573 2119 593 2169 593 2192 573 2211 593 2373 612 2423 593 2573 593 2596 616 2643 596 2963 596 3036 639 2974 685 2766 697 2504 673 2346 693 2238 670 1652 670 1383 650 986 662 920 658 886 623"/></Shape>
	    <String CONTENT="השבועות ובחג הסוכות תודה שאינה באה בחג המצות אינה באה לא בחג השבועות"
                    HPOS="882.0"
                    VPOS="562.0"
                    WIDTH="2154.0"
                    HEIGHT="135.0"></String>
          </TextLine>

          
          
          <TextLine ID="eSc_line_1850332"
                    
                    BASELINE="870 689 1155 708 1390 712 1872 712 2211 723 2512 723 2647 731 3043 723" 
                    HPOS="866.0"
                    VPOS="654.0"
                    WIDTH="2174.0"
                    HEIGHT="135.0">
            <Shape><Polygon POINTS="866 685 913 654 1005 670 1175 654 1926 662 2431 697 2519 677 2862 697 2932 677 3032 689 3040 720 2966 777 2751 785 2496 762 2381 789 2350 766 2288 774 2215 747 2176 770 2038 774 1995 754 1818 754 1791 735 1668 762 1487 739 1444 754 1206 739 1094 762 1036 727 978 747 913 731 870 689"/></Shape>
	    <String CONTENT="ולא בחג הסוכות ר&#39; לעזר בי ר&#39; שמעון אומ&#39; תודה באה בחג הסוכות ויוצא בה ידי"
                    HPOS="866.0"
                    VPOS="654.0"
                    WIDTH="2174.0"
                    HEIGHT="135.0"></String>
          </TextLine>

          
          
          <TextLine ID="eSc_line_1850333"
                    
                    BASELINE="890 793 1198 789 1633 797 2512 824 2832 824 3020 808" 
                    HPOS="886.0"
                    VPOS="727.0"
                    WIDTH="2130.0"
                    HEIGHT="150.0">
            <Shape><Polygon POINTS="886 789 924 743 1013 747 1036 727 1094 762 1140 747 1410 743 1664 766 1768 743 1783 758 2304 781 2350 770 2377 785 2577 766 2620 785 2982 777 3016 804 2970 866 2939 854 2905 874 2797 862 2677 877 2392 866 2346 831 2234 874 2049 839 1907 854 1772 835 1753 851 1710 827 1614 851 1572 847 1525 816 1468 843 1410 820 1367 824 1306 854 1248 831 909 839 890 820"/></Shape>
	    <String CONTENT="חובתו משם שמחה ואין יוצא בה ידי חובה משם חגיגה ˙ עבר הרגל ולא חג"
                    HPOS="886.0"
                    VPOS="727.0"
                    WIDTH="2130.0"
                    HEIGHT="150.0"></String>
          </TextLine>

          
          
          <TextLine ID="eSc_line_1850335"
                    
                    BASELINE="905 874 1348 881 1706 897 2146 904 2234 912 2839 912 3043 920" 
                    HPOS="901.0"
                    VPOS="824.0"
                    WIDTH="2139.0"
                    HEIGHT="146.0">
            <Shape><Polygon POINTS="901 870 944 831 1048 851 1067 831 1105 847 1259 835 1302 851 1375 827 1394 843 1487 843 1525 824 1575 854 1726 839 1760 854 1776 839 1895 858 2176 854 2254 874 2304 870 2342 835 2400 874 2423 862 2608 881 2905 877 2955 854 3040 916 3016 916 2966 958 2885 966 2855 935 2828 962 2785 951 2658 970 2569 943 2539 962 2435 951 2396 970 2188 943 1810 943 1760 916 1645 955 1591 935 1259 928 1236 904 1090 947 1055 924 1001 931 982 912 940 931 905 920"/></Shape>
	    <String CONTENT="אינו חייב באחריותו ועל זה נאמ&#39; מעות לא יוכל לתקון וגו&#39; ואומ&#39; לוה רשע ולא [יש&#39;]"
                    HPOS="901.0"
                    VPOS="824.0"
                    WIDTH="2139.0"
                    HEIGHT="146.0"></String>
          </TextLine>

          
          
          <TextLine ID="eSc_line_1850336"
                    
                    BASELINE="886 962 1529 993 2065 989 2662 1008 2909 1008 3028 997" 
                    HPOS="882.0"
                    VPOS="904.0"
                    WIDTH="2142.0"
                    HEIGHT="158.0">
            <Shape><Polygon POINTS="882 958 920 928 1098 943 1206 931 1240 904 1267 931 1595 935 1641 958 1772 935 2157 958 2192 943 2227 962 2381 970 2623 955 2766 970 2828 962 2858 935 2885 966 2970 958 3024 993 2939 1051 2870 1062 2805 1039 2747 1062 2727 1043 2681 1058 2639 1043 2562 1058 2469 1043 2415 1058 2385 1024 2307 1043 2257 993 2200 1035 2045 1035 1988 1055 1903 1020 1360 1028 1236 1008 1152 1020 1128 993 1105 1016 1044 993 1017 1020 924 1016 886 981"/></Shape>
	    <String CONTENT="ישלם צדיק חונן ונותן ˙ ר&#39; שמעון בן מנסיא אומ&#39; גנב אדם יכול שיחזיר גניבו"
                    HPOS="882.0"
                    VPOS="904.0"
                    WIDTH="2142.0"
                    HEIGHT="158.0"></String>
          </TextLine>

          
          
          <TextLine ID="eSc_line_1850337"
                    
                    BASELINE="890 1043 1067 1058 1406 1066 1822 1066 2165 1082 3009 1089" 
                    HPOS="886.0"
                    VPOS="997.0"
                    WIDTH="2119.0"
                    HEIGHT="142.0">
            <Shape><Polygon POINTS="886 1039 909 1016 1036 1024 1071 1008 1109 1016 1128 997 1148 1016 1252 1024 1891 1024 1968 1032 1988 1055 2211 1039 2257 1001 2307 1047 2396 1039 2423 1062 2465 1039 2558 1066 2620 1047 2674 1055 2689 1039 2751 1062 2963 1047 3005 1085 2970 1135 2689 1120 2674 1135 2523 1135 2489 1120 2269 1139 2230 1120 1907 1116 1876 1093 1837 1109 1433 1112 1417 1097 1306 1105 1229 1085 1198 1101 1128 1074 1063 1097 951 1097 890 1070"/></Shape>
	    <String CONTENT="גזל יכול שיחזיר גזילו בא על אשת איש ופסלה מתחת ידי בעלה נטרד והלך לו מן"
                    HPOS="886.0"
                    VPOS="997.0"
                    WIDTH="2119.0"
                    HEIGHT="142.0"></String>
          </TextLine>

          
          
          <TextLine ID="eSc_line_1850338"
                    
                    BASELINE="917 1120 1117 1139 1861 1143 2577 1174 3009 1166" 
                    HPOS="913.0"
                    VPOS="1078.0"
                    WIDTH="2092.0"
                    HEIGHT="158.0">
            <Shape><Polygon POINTS="913 1116 917 1101 932 1116 955 1093 1071 1097 1128 1078 1155 1097 1379 1097 1437 1116 1845 1112 1876 1097 1903 1120 1988 1109 2119 1132 2153 1116 2265 1139 2331 1124 2666 1143 2847 1128 2974 1135 3005 1162 2982 1205 2870 1236 2808 1213 2697 1228 2670 1209 2354 1220 2030 1201 2003 1178 1957 1197 1787 1186 1687 1197 1579 1174 1333 1189 1290 1170 1263 1186 1240 1162 1125 1186 1036 1178 1021 1193 994 1170 917 1174"/></Shape>
	    <String CONTENT="העולם ועל זה נאמ&#39; מעות לא יוכל לתקון ˙ ר&#39; שמעון בן יוחיי אומ&#39; אין אומ&#39; בקרו"
                    HPOS="913.0"
                    VPOS="1078.0"
                    WIDTH="2092.0"
                    HEIGHT="158.0"></String>
          </TextLine>

          
          
          <TextLine ID="eSc_line_1850356"
                    
                    BASELINE="901 1216 1067 1216 1710 1239 2019 1239 2450 1255 3001 1255" 
                    HPOS="897.0"
                    VPOS="1166.0"
                    WIDTH="2100.0"
                    HEIGHT="143.0">
            <Shape><Polygon POINTS="897 1213 932 1170 1028 1197 1078 1174 1225 1186 1244 1166 1263 1182 1310 1166 1348 1189 1888 1189 1965 1205 1988 1186 2007 1205 2099 1197 2350 1220 2631 1213 2712 1228 2805 1213 2870 1232 2989 1216 2997 1251 2974 1305 2670 1293 2654 1309 2616 1290 2492 1301 2300 1297 2281 1282 2157 1293 2099 1274 1926 1282 1876 1251 1799 1282 1618 1270 1568 1286 1491 1263 1421 1282 1352 1243 1306 1274 1279 1251 1248 1270 901 1251"/></Shape>
	    <String CONTENT="גמל זה שמא יש בו מום בקרו חזיר זה שמא יש בו מום אין מבקרין ﭏא תמימים ואי"
                    HPOS="897.0"
                    VPOS="1166.0"
                    WIDTH="2100.0"
                    HEIGHT="143.0"></String>
          </TextLine>

          
          
          <TextLine ID="eSc_line_1850339"
                    
                    BASELINE="847 1293 1144 1313 1760 1324 2292 1328 2639 1340 2997 1332" 
                    HPOS="843.0"
                    VPOS="1255.0"
                    WIDTH="2150.0"
                    HEIGHT="135.0">
            <Shape><Polygon POINTS="843 1290 878 1290 905 1263 1021 1255 1298 1270 1317 1290 1363 1255 1425 1286 1491 1266 1564 1286 1691 1270 1864 1286 1888 1270 2296 1297 2916 1297 2993 1328 2982 1374 2959 1390 2793 1390 2766 1367 2743 1386 2670 1390 2631 1386 2604 1359 2581 1378 2419 1370 2334 1390 2254 1367 2188 1386 2150 1355 2080 1378 2038 1359 1903 1374 1880 1355 1340 1363 1256 1340 1198 1359 1013 1340 932 1351 847 1297"/></Shape>
	    <String CONTENT="זה זה זה תלמיד חכם שפרש מן התורה ועל זה נאמ&#39; מעות לא יוכל לתקון ואומ&#39; לוה"
                    HPOS="843.0"
                    VPOS="1255.0"
                    WIDTH="2150.0"
                    HEIGHT="135.0"></String>
          </TextLine>

          
          
          <TextLine ID="eSc_line_1850340"
                    
                    BASELINE="839 1394 1005 1394 1267 1405 1676 1405 1814 1413 2365 1420 2681 1432 3001 1432" 
                    HPOS="836.0"
                    VPOS="1336.0"
                    WIDTH="2161.0"
                    HEIGHT="154.0">
            <Shape><Polygon POINTS="836 1390 901 1336 1078 1359 1105 1347 1229 1363 1256 1343 1275 1359 1560 1370 1880 1355 1903 1370 2084 1382 2146 1351 2192 1390 2227 1370 2327 1390 2381 1374 2508 1386 2539 1370 2585 1394 2623 1378 2735 1390 2751 1405 2893 1386 2970 1394 2997 1428 2978 1482 2812 1490 2716 1478 2697 1459 2604 1474 2550 1463 2531 1482 2485 1455 2358 1471 2242 1471 2223 1455 2146 1471 2126 1455 1988 1463 1857 1447 1787 1467 1699 1440 1498 1455 1441 1428 1417 1451 1283 1444 1244 1459 1186 1436 1032 1451 901 1432 859 1390 839 1394"/></Shape>
	    <String CONTENT="רשע ולא ישלם ר&#39; יהודה אומ&#39; עליו הוא אומ&#39; כצפור נודדת מקינה ואו&#39; מה מצאו [א&#39;]"
                    HPOS="836.0"
                    VPOS="1336.0"
                    WIDTH="2161.0"
                    HEIGHT="154.0"></String>
          </TextLine>

          
          
          <TextLine ID="eSc_line_1850357"
                    
                    BASELINE="878 1474 1028 1490 1548 1501 1861 1497 2150 1509 2423 1509 2612 1517 2843 1513 3047 1532" 
                    HPOS="874.0"
                    VPOS="1436.0"
                    WIDTH="2169.0"
                    HEIGHT="138.0">
            <Shape><Polygon POINTS="874 1471 878 1444 955 1436 1028 1451 1132 1440 1244 1455 1298 1444 1448 1459 1475 1444 1737 1463 2126 1459 2250 1478 2489 1459 2523 1478 2697 1467 2708 1482 2955 1486 3043 1528 3001 1524 2928 1574 2882 1574 2855 1544 2774 1574 2647 1551 2573 1571 2527 1532 2496 1559 2435 1540 2392 1555 2350 1528 2315 1551 2215 1548 2192 1528 2161 1555 2096 1544 2038 1559 1992 1532 1876 1551 1787 1528 1764 1544 1664 1544 1641 1524 1622 1544 1568 1536 1483 1555 1460 1528 1286 1551 1190 1524 1013 1540 878 1521"/></Shape>
	    <String CONTENT="אבותיכם בי עול וגו&#39; ˙ התיר נדרים פורחין באויר ואין להם על מי שיסמוכו"
                    HPOS="874.0"
                    VPOS="1436.0"
                    WIDTH="2169.0"
                    HEIGHT="138.0"></String>
          </TextLine>

          
          
          <TextLine ID="eSc_line_1850341"
                    
                    BASELINE="839 1567 1599 1594 1968 1590 2635 1609 3016 1601" 
                    HPOS="836.0"
                    VPOS="1524.0"
                    WIDTH="2177.0"
                    HEIGHT="139.0">
            <Shape><Polygon POINTS="836 1563 890 1524 1001 1540 1248 1532 1286 1555 1310 1540 1464 1536 1494 1559 1645 1536 1760 1544 1776 1559 1845 1544 2184 1567 2234 1551 2469 1551 2504 1571 2847 1574 2862 1559 2920 1578 2955 1567 2982 1590 3005 1574 3013 1598 2970 1655 2920 1663 2839 1644 2700 1659 2581 1632 2496 1663 2438 1636 2396 1655 2300 1628 2184 1652 2157 1632 2007 1648 1953 1628 1807 1648 1733 1625 1656 1644 1564 1617 1533 1632 1429 1628 1406 1605 1348 1632 1267 1609 1248 1628 1109 1636 1036 1617 882 1625 839 1582"/></Shape>
	    <String CONTENT="אבל חכם מתיר לפי חכמתו הלכות שבת חגיגות ומעילות כהררין תלוין בסערה מקרא"
                    HPOS="836.0"
                    VPOS="1524.0"
                    WIDTH="2177.0"
                    HEIGHT="139.0"></String>
          </TextLine>

          
          
          <TextLine ID="eSc_line_1850342"
                    
                    BASELINE="859 1652 1375 1675 1683 1682 2015 1682 2527 1702 3028 1690" 
                    HPOS="855.0"
                    VPOS="1613.0"
                    WIDTH="2169.0"
                    HEIGHT="142.0">
            <Shape><Polygon POINTS="855 1648 917 1617 955 1632 1067 1621 1259 1640 1306 1613 1325 1632 1387 1636 1541 1636 1572 1621 1583 1636 1679 1644 1730 1625 1791 1644 1945 1636 2153 1655 2169 1640 2269 1655 2304 1632 2481 1663 2593 1644 2708 1659 2727 1644 2820 1663 2970 1659 3024 1686 2966 1744 2870 1755 2816 1736 2431 1748 2404 1732 2361 1755 2338 1732 2257 1752 2150 1729 1722 1732 1706 1717 1599 1725 1529 1705 1375 1729 1275 1698 1248 1721 1017 1717 917 1705 863 1652"/></Shape>
	    <String CONTENT="מועט והלכות מרובות אין להן על מי שיסמוכו מיכן היה ר&#39; יהושע או&#39; צבתא בצבתא"
                    HPOS="855.0"
                    VPOS="1613.0"
                    WIDTH="2169.0"
                    HEIGHT="142.0"></String>
          </TextLine>

          
          
          <TextLine ID="eSc_line_1850343"
                    
                    BASELINE="882 1748 1125 1759 1414 1759 2161 1782 3020 1786" 
                    HPOS="878.0"
                    VPOS="1705.0"
                    WIDTH="2138.0"
                    HEIGHT="135.0">
            <Shape><Polygon POINTS="878 1744 932 1705 1360 1729 2026 1729 2169 1748 2304 1736 2358 1759 2396 1740 2677 1736 2847 1755 2970 1748 3016 1782 2978 1829 2828 1840 2778 1825 2535 1836 2504 1813 2346 1832 2269 1817 2246 1794 2215 1821 2150 1829 1976 1806 1941 1821 1741 1806 1695 1821 1618 1798 1575 1813 1541 1786 1417 1821 1352 1798 924 1802 882 1767"/></Shape>
	    <String CONTENT="מתעבדא צבתא קדמיתא מה הות הא לוי בריה הוות הדינין העבודות והטהרות [והמ&#39;]"
                    HPOS="878.0"
                    VPOS="1705.0"
                    WIDTH="2138.0"
                    HEIGHT="135.0"></String>
          </TextLine>

          
          
          <TextLine ID="eSc_line_1850344"
                    
                    BASELINE="839 1840 1028 1840 1217 1852 1876 1856 2458 1871 2839 1871 3043 1848" 
                    HPOS="836.0"
                    VPOS="1794.0"
                    WIDTH="2204.0"
                    HEIGHT="135.0">
            <Shape><Polygon POINTS="836 1836 901 1794 1383 1806 1421 1821 1529 1813 1548 1794 1572 1813 1976 1809 2153 1829 2219 1829 2250 1798 2292 1829 2512 1821 2535 1836 2928 1825 2997 1840 3032 1821 3040 1844 2951 1913 2866 1898 2781 1921 2670 1910 2596 1925 2546 1902 2431 1921 2381 1906 2358 1925 2207 1906 2184 1929 2150 1902 2057 1917 1961 1894 1857 1910 1837 1890 1756 1913 1645 1894 1591 1917 1552 1886 1452 1902 1375 1890 1344 1921 1317 1894 1248 1890 1225 1906 1182 1886 1001 1890 982 1871 905 1890 839 1836"/></Shape>
	    <String CONTENT="והטמאות והעריות מוסף עליהן הערכין והחרמין וההקדשות מקרא מרובה מדרש"
                    HPOS="836.0"
                    VPOS="1794.0"
                    WIDTH="2204.0"
                    HEIGHT="135.0"></String>
          </TextLine>

          
          
          <TextLine ID="eSc_line_1850345"
                    
                    BASELINE="886 1925 967 1936 1325 1948 1899 1944 2381 1963 2731 1963 3032 1952" 
                    HPOS="882.0"
                    VPOS="1875.0"
                    WIDTH="2146.0"
                    HEIGHT="154.0">
            <Shape><Polygon POINTS="882 1921 917 1886 982 1875 1024 1898 1294 1894 1344 1921 1375 1890 1479 1910 1560 1898 1591 1921 1614 1902 1760 1910 1834 1894 1849 1910 2161 1910 2180 1925 2219 1910 2342 1917 2361 1933 2385 1913 2870 1925 2893 1906 2970 1917 3028 1948 2974 2002 2920 2006 2627 2010 2554 2006 2539 1990 2489 2002 2412 1994 2381 1971 2342 2006 2300 2013 2207 1987 2015 2006 1791 1987 1610 1998 1583 1975 1510 2029 1468 1987 1024 1987 986 1963 970 1979 917 1971 886 1940"/></Shape>
	    <String CONTENT="והלכות מרובות יש להן על מי שיסמוכו אבא יוסה בן חנן אומ&#39; אילו שמונה"
                    HPOS="882.0"
                    VPOS="1875.0"
                    WIDTH="2146.0"
                    HEIGHT="154.0"></String>
          </TextLine>

          
          
          <TextLine ID="eSc_line_1850346"
                    
                    BASELINE="1537 2029 1861 2048 3028 2048" 
                    HPOS="1533.0"
                    VPOS="1975.0"
                    WIDTH="1491.0"
                    HEIGHT="162.0">
            <Shape><Polygon POINTS="1533 2025 1537 1994 1583 1975 1610 2002 1699 1987 1941 1994 1988 2037 2034 1998 2084 2010 2119 1994 2146 2010 2207 1990 2304 2013 2388 1975 2423 2002 2562 2013 2704 1998 2978 2006 3024 2044 2986 2087 2912 2087 2882 2106 2866 2091 2766 2098 2658 2079 2527 2098 2346 2079 2323 2102 2211 2052 2176 2075 2153 2052 2099 2044 2072 2071 2030 2071 1995 2048 1899 2133 1814 2137 1783 2106 1733 2125 1703 2110 1679 2133 1656 2110 1599 2137 1537 2125"/></Shape>
	    <String CONTENT="מוקצעי תורה גופי הלכות ˙˙ פרק ב&#39; ˙˙"
                    HPOS="1533.0"
                    VPOS="1975.0"
                    WIDTH="1491.0"
                    HEIGHT="162.0"></String>
          </TextLine>

          
          
          <TextLine ID="eSc_line_1850360"
                    
                    BASELINE="824 2091 982 2106 1468 2106 1556 2148 1787 2156 1918 2148 1953 2141 2130 2125 2242 2121 2431 2133 3051 2133" 
                    HPOS="820.0"
                    VPOS="2010.0"
                    WIDTH="2227.0"
                    HEIGHT="173.0">
            <Shape><Polygon POINTS="820 2087 928 2010 974 2060 1363 2064 1387 2083 1414 2067 1552 2144 1687 2148 1714 2125 1737 2148 1780 2110 1818 2144 1976 2129 2030 2075 2072 2079 2103 2048 2184 2087 2323 2098 2346 2079 2766 2102 2862 2091 2878 2106 2986 2087 3047 2129 2951 2179 2731 2175 2708 2152 2685 2175 2600 2183 2558 2164 2281 2171 2234 2144 2207 2171 2146 2175 2092 2148 2057 2160 2015 2133 1949 2156 1791 2152 1776 2168 1722 2152 1703 2171 1656 2148 1525 2144 1479 2110 1417 2148 1371 2152 1283 2137 1259 2152 1236 2129 1179 2156 890 2152 824 2094"/></Shape>
	    <String CONTENT="אין דורשין בעריות בשלשה אבל דורשין בשנים ולא"
                    HPOS="820.0"
                    VPOS="2010.0"
                    WIDTH="2227.0"
                    HEIGHT="173.0"></String>
          </TextLine>

          
          
          <TextLine ID="eSc_line_1850347"
                    
                    BASELINE="890 2183 1090 2198 1414 2194 1922 2210 2596 2206 2762 2214 2936 2214 3043 2202" 
                    HPOS="886.0"
                    VPOS="2133.0"
                    WIDTH="2154.0"
                    HEIGHT="135.0">
            <Shape><Polygon POINTS="886 2179 890 2156 920 2148 1182 2164 1236 2133 1259 2156 1479 2141 1699 2171 1780 2171 1807 2152 2192 2175 2234 2148 2257 2171 2581 2183 2693 2179 2712 2160 2743 2179 2989 2183 3024 2164 3040 2198 2974 2264 2851 2268 2573 2248 2080 2256 2057 2237 2038 2252 1911 2237 1460 2252 1441 2237 1283 2229 1128 2245 1067 2241 1028 2206 1001 2233 928 2241 890 2221"/></Shape>
	    <String CONTENT="במעשה בראשית בשנים אבל דורשין ביחיד ולא במרכבה [בח] ביחיד ﭏא אם כן היה"
                    HPOS="886.0"
                    VPOS="2133.0"
                    WIDTH="2154.0"
                    HEIGHT="135.0"></String>
          </TextLine>

          
          
          <TextLine ID="eSc_line_1850348"
                    
                    BASELINE="893 2271 1279 2283 1668 2283 2265 2302 3051 2295" 
                    HPOS="890.0"
                    VPOS="2206.0"
                    WIDTH="2157.0"
                    HEIGHT="150.0">
            <Shape><Polygon POINTS="890 2268 897 2237 1001 2237 1032 2206 1071 2245 1433 2237 1460 2256 1479 2241 1826 2241 2030 2248 2045 2264 2801 2256 2974 2264 2997 2287 3047 2291 3020 2295 2978 2337 2770 2352 2643 2337 2581 2352 2519 2337 2400 2349 2346 2329 2288 2341 2265 2318 2242 2341 2207 2333 2188 2352 2165 2329 2061 2352 2038 2329 1992 2356 1961 2325 1880 2322 1491 2337 1456 2314 1163 2325 1140 2306 1117 2325 1078 2291 1017 2329 967 2329 893 2306"/></Shape>
	    <String CONTENT="חכם מבין מדעתו מעשה ברבן יוחנן בן זכיי שהיה רכוב על החמור והיה ר&#39; לעזר"
                    HPOS="890.0"
                    VPOS="2206.0"
                    WIDTH="2157.0"
                    HEIGHT="150.0"></String>
          </TextLine>

          
          
          <TextLine ID="eSc_line_1850349"
                    
                    BASELINE="874 2368 1028 2360 1683 2379 2203 2375 2473 2383 3051 2387" 
                    HPOS="870.0"
                    VPOS="2291.0"
                    WIDTH="2177.0"
                    HEIGHT="158.0">
            <Shape><Polygon POINTS="870 2364 917 2325 1024 2329 1086 2291 1140 2325 1236 2314 1259 2329 1460 2322 1491 2341 1649 2325 1968 2333 1995 2360 2042 2333 2065 2352 2092 2333 2196 2352 2215 2333 2277 2349 2319 2329 2415 2352 2974 2341 3009 2375 3047 2383 2951 2449 2909 2422 2820 2449 2754 2418 2724 2433 2543 2433 2512 2410 2492 2429 2458 2414 2435 2429 2254 2414 2103 2429 2065 2410 1934 2426 1918 2410 1884 2437 1857 2418 1760 2418 1737 2395 1706 2418 1614 2426 1429 2406 1248 2418 1121 2395 1098 2410 947 2414 874 2364"/></Shape>
	    <String CONTENT="בן ערך מחמיר אחריו אמ&#39; לו ר&#39; שנה לי פרק אחד במעשה מרכבה אמ&#39; לו לא כך"
                    HPOS="870.0"
                    VPOS="2291.0"
                    WIDTH="2177.0"
                    HEIGHT="158.0"></String>
          </TextLine>

          
          
          <TextLine ID="eSc_line_1850350"
                    
                    BASELINE="874 2445 1128 2464 1518 2468 2770 2476 2924 2476 3016 2464" 
                    HPOS="870.0"
                    VPOS="2399.0"
                    WIDTH="2143.0"
                    HEIGHT="130.0">
            <Shape><Polygon POINTS="870 2441 920 2402 1664 2429 1703 2426 1733 2399 1760 2426 1857 2418 1880 2433 1907 2418 2492 2429 2516 2410 2546 2437 2735 2445 2762 2422 2828 2449 2893 2429 2951 2449 2966 2433 3013 2460 3001 2510 2955 2526 2878 2522 2847 2499 2820 2526 2785 2510 2770 2526 2751 2510 2731 2526 2716 2510 2596 2526 2419 2506 2396 2529 2358 2503 2334 2526 2315 2510 2184 2518 2169 2503 2123 2526 2065 2506 1810 2514 1780 2495 1741 2510 1710 2491 1687 2510 1568 2503 1529 2529 1494 2495 1333 2510 1248 2499 1163 2522 1132 2499 974 2510 920 2495 874 2449"/></Shape>
	    <String CONTENT="אמרתי לך מתחילה שאין שונין במרכבה ביחיד ﭏא אם כן היה חכם מבין מדעתו"
                    HPOS="870.0"
                    VPOS="2399.0"
                    WIDTH="2143.0"
                    HEIGHT="130.0"></String>
          </TextLine>

          
          
          <TextLine ID="eSc_line_1850351"
                    
                    BASELINE="866 2541 1595 2564 3028 2564" 
                    HPOS="863.0"
                    VPOS="2495.0"
                    WIDTH="2161.0"
                    HEIGHT="127.0">
            <Shape><Polygon POINTS="863 2537 905 2499 1155 2518 1248 2499 1502 2510 1533 2533 1572 2506 1706 2518 1730 2495 1749 2514 1787 2495 1810 2518 1895 2522 2130 2526 2150 2510 2176 2533 2200 2514 2342 2526 2361 2506 2400 2529 2427 2510 2473 2529 2739 2526 2754 2510 2828 2529 2858 2503 2882 2526 2978 2526 3024 2560 2951 2614 2812 2599 2720 2622 2550 2603 2519 2618 2334 2603 2319 2614 2288 2587 2242 2607 2169 2595 2003 2610 1961 2595 1891 2614 1764 2583 1668 2607 1625 2587 1602 2607 1437 2607 1398 2580 1371 2595 1306 2583 1071 2607 1051 2587 897 2599 866 2568"/></Shape>
	    <String CONTENT="אמ&#39; לו מעתה ארצה לפניך אמ&#39; לו אמור פתח ר&#39; לעזר בן ערך ודרש במעשה [מרב&#39;]"
                    HPOS="863.0"
                    VPOS="2495.0"
                    WIDTH="2161.0"
                    HEIGHT="127.0"></String>
          </TextLine>

          
          
          <TextLine ID="eSc_line_1850359"
                    
                    BASELINE="878 2637 1290 2637 1587 2649 2049 2657 3020 2645" 
                    HPOS="874.0"
                    VPOS="2587.0"
                    WIDTH="2142.0"
                    HEIGHT="123.0">
            <Shape><Polygon POINTS="874 2633 909 2595 947 2587 1055 2595 1071 2610 1313 2591 1552 2614 1622 2595 1645 2610 2288 2607 2331 2626 2438 2607 2974 2614 3016 2641 2970 2707 2828 2710 2774 2687 2708 2699 2681 2680 2589 2710 2554 2687 2438 2695 2423 2710 2408 2695 2350 2703 2323 2680 2296 2699 2242 2684 2173 2703 2153 2687 2042 2699 1988 2684 1830 2707 1795 2687 1776 2703 1560 2695 1510 2676 1394 2687 1298 2672 1275 2687 1240 2653 1198 2684 1098 2691 1028 2672 1009 2691 974 2672 917 2684 878 2653"/></Shape>
	    <String CONTENT="מרכבה ירד רבן יוחנן בן זכיי מן החמור ונתעטף בטליתו וישבו שניהם על גבי [ה&#39;]"
                    HPOS="874.0"
                    VPOS="2587.0"
                    WIDTH="2142.0"
                    HEIGHT="123.0"></String>
          </TextLine>

          
          
          <TextLine ID="eSc_line_1850352"
                    
                    BASELINE="866 2722 1926 2737 2334 2749 3028 2749" 
                    HPOS="863.0"
                    VPOS="2657.0"
                    WIDTH="2161.0"
                    HEIGHT="138.0">
            <Shape><Polygon POINTS="863 2718 897 2687 940 2684 997 2687 1017 2707 1044 2684 1209 2687 1240 2657 1275 2691 1298 2672 1406 2695 1529 2680 1552 2695 1753 2695 1776 2710 2019 2691 2184 2714 2211 2695 2307 2703 2327 2684 2354 2710 2377 2699 2415 2714 2446 2699 2558 2699 2577 2714 2666 2695 2820 2710 2916 2699 2978 2703 3024 2745 2982 2784 2781 2791 2747 2768 2724 2791 2450 2780 2408 2795 2369 2780 2246 2784 2200 2761 2153 2791 2069 2772 1918 2788 1629 2772 1548 2784 1352 2761 1213 2776 1179 2761 1128 2776 909 2772 866 2734"/></Shape>
	    <String CONTENT="האבן תחת האבן והרצה לפניו עמד ונשקו על ראשו ואמ&#39; ברוך ייי ﭏהי ישרﭏ אשר"
                    HPOS="863.0"
                    VPOS="2657.0"
                    WIDTH="2161.0"
                    HEIGHT="138.0"></String>
          </TextLine>

          
          
          <TextLine ID="eSc_line_1850353"
                    
                    BASELINE="859 2799 1113 2814 1491 2814 1922 2826 2670 2826 3040 2814" 
                    HPOS="855.0"
                    VPOS="2761.0"
                    WIDTH="2181.0"
                    HEIGHT="123.0">
            <Shape><Polygon POINTS="855 2795 905 2768 1167 2764 1548 2784 2096 2776 2161 2791 2200 2761 2223 2784 2273 2791 2519 2784 2569 2799 2731 2788 2762 2764 2793 2791 2966 2784 3036 2811 2970 2868 2909 2884 2878 2868 2824 2884 2793 2861 2670 2872 2647 2857 2504 2876 2446 2876 2415 2857 2227 2876 2169 2861 2123 2865 2103 2884 2057 2861 1849 2861 1834 2876 1710 2849 1656 2868 1360 2849 917 2857 859 2811"/></Shape>
	    <String CONTENT="נתן בן לאברהם אבינו שיודע להבין ולדרוש בכבוד אביו שבשמים יש נאה דורש"
                    HPOS="855.0"
                    VPOS="2761.0"
                    WIDTH="2181.0"
                    HEIGHT="123.0"></String>
          </TextLine>

          
          
          <TextLine ID="eSc_line_1850354"
                    
                    BASELINE="863 2884 970 2899 1487 2899 2438 2918 2812 2915 3055 2899" 
                    HPOS="859.0"
                    VPOS="2853.0"
                    WIDTH="2192.0"
                    HEIGHT="115.0">
            <Shape><Polygon POINTS="859 2880 890 2853 1834 2876 1857 2861 1957 2861 1992 2876 2069 2868 2099 2888 2169 2861 2423 2861 2446 2876 2797 2868 2824 2888 2989 2861 3051 2895 2970 2957 2901 2968 2681 2949 2654 2961 2639 2945 2373 2968 2331 2926 2300 2957 2203 2953 2188 2938 2169 2957 1884 2942 1787 2953 1768 2934 1672 2961 1652 2945 1575 2953 1518 2938 1452 2938 1429 2957 1283 2926 1256 2949 1113 2942 1086 2918 1059 2945 917 2949 863 2891"/></Shape>
	    <String CONTENT="ואין נאה מקיים נאה מקיים ואין נאה דורש לעזר בן ערך נאה דורש ונאה מקיים"
                    HPOS="859.0"
                    VPOS="2853.0"
                    WIDTH="2192.0"
                    HEIGHT="115.0"></String>
          </TextLine>

          
          
          <TextLine ID="eSc_line_1850355"
                    
                    BASELINE="882 2980 1209 2995 2300 2992 2697 2995 2839 3003 2966 2999 3028 2984" 
                    HPOS="878.0"
                    VPOS="2926.0"
                    WIDTH="2146.0"
                    HEIGHT="139.0">
            <Shape><Polygon POINTS="878 2976 924 2949 1059 2949 1082 2926 1109 2949 1256 2953 1283 2930 1317 2949 1429 2957 1456 2945 1760 2961 2173 2961 2192 2942 2207 2957 2300 2957 2334 2926 2373 2965 2658 2965 2677 2949 2885 2968 2989 2957 3024 2980 2982 3038 2943 3049 2843 3030 2816 3053 2793 3038 2600 3049 2562 3030 2492 3049 2442 3046 2423 3026 2400 3046 2211 3038 2173 3057 2138 3034 2084 3042 2061 3065 2019 3026 1934 3049 1768 3034 1706 3061 1660 3026 1618 3038 1591 3011 1564 3038 1452 3049 1356 3034 1340 3046 1325 3030 944 3034 882 2995"/></Shape>
	    <String CONTENT="אשריך אברהם אבינו שﭏעזר בן ערך יצא מחלציך שיודע להבין ולדרוש לכבוד"
                    HPOS="878.0"
                    VPOS="2926.0"
                    WIDTH="2146.0"
                    HEIGHT="139.0"></String>
          </TextLine>

          
          
          <TextLine ID="eSc_line_1850331"
                    
                    BASELINE="839 3080 1005 3080 1140 3088 3032 3088" 
                    HPOS="836.0"
                    VPOS="3011.0"
                    WIDTH="2192.0"
                    HEIGHT="154.0">
            <Shape><Polygon POINTS="836 3076 905 3026 1529 3046 1591 3011 1625 3046 1683 3046 1710 3065 1733 3046 1930 3053 2011 3030 2061 3065 2084 3042 2173 3057 2188 3042 2531 3049 2569 3034 2593 3053 2820 3061 2843 3038 2858 3053 2970 3049 3028 3084 2982 3138 2943 3146 2816 3138 2793 3123 2766 3142 2581 3149 2535 3119 2516 3138 2392 3138 2361 3153 2323 3123 2288 3138 2092 3138 2065 3123 2026 3138 1988 3123 1941 3142 1899 3126 1876 3149 1803 3149 1753 3123 1714 3142 1556 3142 1514 3119 1437 3165 1390 3119 1352 3119 1302 3153 1271 3126 1225 3142 1206 3123 1148 3130 1059 3111 982 3149 959 3126 893 3126 843 3076"/></Shape>
	    <String CONTENT="אביו שבשמים ר&#39; יוסה בן יהודה או&#39; ר&#39; יהושע הרצה לפני רבן יוחנן בן זכיי ר&#39; עקיבא"
                    HPOS="836.0"
                    VPOS="3011.0"
                    WIDTH="2192.0"
                    HEIGHT="154.0"></String>
          </TextLine>

          
          
          <TextLine ID="eSc_line_1850328"
                    
                    BASELINE="917 3169 1310 3176 1834 3196 2496 3196 2697 3188 3036 3188" 
                    HPOS="913.0"
                    VPOS="3126.0"
                    WIDTH="2119.0"
                    HEIGHT="124.0">
            <Shape><Polygon POINTS="913 3165 920 3134 994 3153 1055 3130 1279 3134 1306 3153 1329 3134 1394 3130 1444 3176 1479 3142 1529 3138 1714 3149 1768 3130 1830 3153 1884 3149 1907 3126 1926 3146 2146 3149 2300 3142 2327 3126 2369 3157 2685 3138 2766 3149 2801 3126 2824 3146 2978 3142 3032 3184 2955 3246 2924 3226 2897 3242 2778 3246 2581 3226 2473 3246 2454 3230 2350 3226 1814 3238 1753 3223 1676 3250 1656 3230 1568 3230 1518 3203 1437 3215 1421 3200 1402 3219 1340 3219 1325 3203 1310 3219 1140 3234 917 3215"/></Shape>
	    <String CONTENT="הרצה לפני ר&#39; יהושע חנניה בן כינאי הרצה לפני ר&#39; עקיבא ˙ ארבעה נכנסו [^]"
                    HPOS="913.0"
                    VPOS="3126.0"
                    WIDTH="2119.0"
                    HEIGHT="124.0"></String>
          </TextLine>

          
          
          <TextLine ID="eSc_line_1850334"
                    
                    BASELINE="839 3246 1109 3265 1583 3273 3067 3273" 
                    HPOS="836.0"
                    VPOS="3211.0"
                    WIDTH="2227.0"
                    HEIGHT="123.0">
            <Shape><Polygon POINTS="836 3242 878 3215 1148 3234 1248 3219 1433 3226 1475 3211 1656 3230 1679 3250 1753 3226 1984 3242 2196 3226 2477 3246 2585 3230 2932 3234 2959 3250 3009 3226 3051 3242 3063 3269 2993 3327 2866 3315 2766 3334 2727 3311 2550 3330 2512 3315 2219 3319 2180 3284 2142 3319 2088 3330 1914 3319 1888 3300 1861 3323 1834 3307 1749 3323 1710 3300 1691 3319 1352 3315 1306 3277 1229 3323 1021 3296 893 3319 839 3269"/></Shape>
	    <String CONTENT="לפרדס בן עזיי ובן זומא אחר ור&#39; עקיבא אחד הציץ ומת אחד הציץ ונפגע אחד הציץ"
                    HPOS="836.0"
                    VPOS="3211.0"
                    WIDTH="2227.0"
                    HEIGHT="123.0"></String>
          </TextLine>

          
          
          <TextLine ID="eSc_line_1850327"
                    
                    BASELINE="855 3327 1063 3350 1333 3361 3082 3361" 
                    HPOS="851.0"
                    VPOS="3273.0"
                    WIDTH="2227.0"
                    HEIGHT="146.0">
            <Shape><Polygon POINTS="851 3323 863 3307 893 3323 1021 3296 1229 3319 1302 3273 1360 3315 1691 3323 1710 3307 1741 3327 1864 3330 1891 3307 1907 3323 2088 3330 2146 3319 2180 3288 2211 3319 2516 3319 2539 3334 2643 3319 2735 3323 2754 3338 2874 3319 2993 3327 3016 3350 3078 3357 3040 3357 2989 3407 2947 3419 2912 3400 2832 3411 2812 3396 2778 3411 2562 3396 2543 3411 2454 3388 2392 3411 2346 3396 2088 3396 1795 3415 1756 3400 1687 3411 1664 3388 1548 3411 1514 3377 1487 3400 1152 3396 1132 3381 1024 3384 1009 3400 978 3381 920 3381 859 3327"/></Shape>
	    <String CONTENT="וקוצץ בנטיעות ואחד עלה בשלום וירד בשלום בן עזיי הציץ ומת עליו הכת או&#39; יקר"
                    HPOS="851.0"
                    VPOS="3273.0"
                    WIDTH="2227.0"
                    HEIGHT="146.0"></String>
          </TextLine>

          
          
          <TextLine ID="eSc_line_1850326"
                    
                    BASELINE="870 3423 1394 3442 1938 3438 2119 3446 3067 3446" 
                    HPOS="866.0"
                    VPOS="3377.0"
                    WIDTH="2197.0"
                    HEIGHT="131.0">
            <Shape><Polygon POINTS="866 3419 936 3377 1005 3400 1090 3388 1310 3407 1494 3407 1518 3384 1545 3407 1575 3392 1637 3404 1664 3384 1687 3407 1888 3415 2096 3400 2346 3400 2377 3415 2438 3400 2550 3415 2566 3400 2654 3415 2778 3411 2805 3396 2835 3419 2909 3404 2939 3419 2989 3411 3013 3434 3063 3442 2982 3500 2909 3508 2851 3485 2477 3492 2431 3473 2346 3504 2319 3485 2153 3481 2099 3496 2080 3477 2061 3492 1834 3496 1760 3469 1718 3488 1564 3473 1414 3488 1390 3465 1367 3485 1263 3485 1094 3473 1067 3458 1044 3481 955 3477 924 3450 901 3461 870 3431"/></Shape>
	    <String CONTENT="בעיני ייי המותה לחסידיו בן זומא הציץ ונפגע עליו הכת&#39; או&#39; דבש מצאת אכול דייך וגו&#39; ˙"
                    HPOS="866.0"
                    VPOS="3377.0"
                    WIDTH="2197.0"
                    HEIGHT="131.0"></String>
          </TextLine>

          
          
          <TextLine ID="eSc_line_1850325"
                    
                    BASELINE="855 3519 1433 3538 3090 3538" 
                    HPOS="851.0"
                    VPOS="3454.0"
                    WIDTH="2235.0"
                    HEIGHT="204.0">
            <Shape><Polygon POINTS="851 3515 924 3454 967 3485 1055 3485 1071 3469 1360 3488 1387 3465 1410 3488 1672 3492 1760 3469 1834 3496 1864 3481 2065 3496 2080 3481 2096 3496 2319 3492 2338 3508 2419 3488 2855 3488 2905 3508 2989 3500 3016 3527 3086 3535 3059 3581 3032 3554 2912 3635 2843 3588 2828 3604 2789 3600 2743 3646 2724 3635 2685 3650 2616 3615 2558 3658 2519 3627 2481 3639 2435 3592 2307 3596 2257 3635 2227 3604 2165 3619 2099 3569 1999 3615 1976 3592 1837 3615 1807 3588 1760 3635 1722 3642 1691 3619 1618 3646 1568 3612 1498 3600 1429 3627 1383 3581 1360 3604 1325 3577 1290 3581 1252 3612 1186 3569 1152 3604 1075 3592 1021 3639 978 3600 913 3585 855 3542"/></Shape>
	    <String CONTENT="אלישע הציץ וקיצץ בנטיעות עליו הכתו&#39; אומ&#39; אל תתן את פיך לחטיא את בשריך וגו&#39;"
                    HPOS="851.0"
                    VPOS="3454.0"
                    WIDTH="2235.0"
                    HEIGHT="204.0"></String>
          </TextLine>

          
        </TextBlock>
        

        
      </PrintSpace>
    </Page>
  </Layout>
</alto>
