<?xml version="1.0" encoding="UTF-8"?>
<alto xmlns:xsi="http://www.w3.org/2001/XMLSchema-instance"
      xmlns="http://www.loc.gov/standards/alto/ns-v4#"
      xsi:schemaLocation="http://www.loc.gov/standards/alto/ns-v4# http://www.loc.gov/standards/alto/v4/alto-4-2.xsd">
  <Description>
    <MeasurementUnit>pixel</MeasurementUnit>
    <sourceImageInformation>
      <fileName>Cod.Hebr.20_012r.jpg</fileName>
      
    </sourceImageInformation>
  </Description>
  
  <Tags>
    <OtherTag ID="BT1" LABEL="Title" DESCRIPTION="block type Title"/><OtherTag ID="BT2" LABEL="Main" DESCRIPTION="block type Main"/><OtherTag ID="BT3" LABEL="Commentary" DESCRIPTION="block type Commentary"/><OtherTag ID="BT4" LABEL="Illustration" DESCRIPTION="block type Illustration"/><OtherTag ID="BT747" LABEL="Hole" DESCRIPTION="block type Hole"/><OtherTag ID="BT748" LABEL="Margin" DESCRIPTION="block type Margin"/><OtherTag ID="BT749" LABEL="Paratext" DESCRIPTION="block type Paratext"/>
    <OtherTag ID="LT3" LABEL="Correction" DESCRIPTION="line type Correction"/>
  </Tags>
  
  <Layout>
    <Page WIDTH="3490"
          HEIGHT="4641"
          PHYSICAL_IMG_NR="20"
          ID="eSc_dummypage_">
      <PrintSpace HPOS="0"
                  VPOS="0"
                  WIDTH="3490"
                  HEIGHT="4641">
        
        <TextBlock HPOS="710.0"
                   VPOS="476.0"
                   WIDTH="2198.0"
                   HEIGHT="3222.0"
                   ID="eSc_textblock_0e77de03"
                   TAGREFS="BT2">
          <Shape><Polygon POINTS="710 476 710 3698 2908 3698 2908 476"/></Shape>
          
          
          <TextLine ID="eSc_line_1848380"
                    
                    BASELINE="804 537 2189 560 2677 576 2898 591" 
                    HPOS="800.0"
                    VPOS="437.0"
                    WIDTH="2094.0"
                    HEIGHT="212.0">
            <Shape><Polygon POINTS="800 533 816 448 866 487 909 491 955 467 1009 502 1036 479 1071 495 1133 437 1222 464 1245 452 1319 495 1389 437 1466 502 1574 510 1597 491 1698 502 1729 487 1764 506 1845 437 1911 506 2008 495 2031 514 2104 510 2201 467 2302 537 2422 464 2503 537 2565 541 2615 510 2634 525 2708 525 2731 549 2832 541 2894 587 2855 587 2805 638 2646 642 2603 611 2514 649 2495 630 2402 622 2131 630 2008 595 1973 611 1953 595 1830 591 1791 611 1694 599 1671 580 1648 599 1578 587 1563 603 1276 580 1257 599 1238 583 947 599 897 591 866 564 804 583"/></Shape>
	    <String CONTENT="ראשון חזקה ללוים בחלוק גרנות החולק בבית דין אין לו חזקה לכהונה שתי [ח&#39;] "
                    HPOS="800.0"
                    VPOS="437.0"
                    WIDTH="2094.0"
                    HEIGHT="212.0"></String>
          </TextLine>

          
          
          <TextLine ID="eSc_line_1841891"
                    
                    BASELINE="750 614 820 626 1094 634 1741 638 2588 680 2847 680" 
                    HPOS="746.0"
                    VPOS="568.0"
                    WIDTH="2097.0"
                    HEIGHT="166.0">
            <Shape><Polygon POINTS="746 611 835 568 858 591 932 599 1265 599 1280 583 1431 595 1447 611 1470 591 1652 607 1679 587 1694 603 1806 611 1953 595 2128 630 2387 626 2514 645 2615 614 2642 645 2797 634 2832 645 2843 676 2828 719 2727 734 2704 719 2499 723 2472 692 2422 723 2352 719 2321 696 2278 723 2240 700 2139 715 2116 696 2046 703 1965 684 1942 700 1880 684 1683 692 1644 672 1617 692 1396 684 1296 676 1280 657 1222 684 1040 684 1021 665 986 684 812 680 750 665"/></Shape>
	    <String CONTENT="חזקות לכהונה בארץ ישרﭏ נשיאות כפים וחלוק גרנות ובסוריא עד מקום ששליח "
                    HPOS="746.0"
                    VPOS="568.0"
                    WIDTH="2097.0"
                    HEIGHT="166.0"></String>
          </TextLine>

          
          
          <TextLine ID="eSc_line_1841892"
                    
                    BASELINE="769 715 1350 715 1605 727 1876 730 2240 761 2843 754" 
                    HPOS="766.0"
                    VPOS="661.0"
                    WIDTH="2073.0"
                    HEIGHT="155.0">
            <Shape><Polygon POINTS="766 711 804 680 990 684 1017 665 1040 688 1172 688 1242 684 1276 661 1292 676 1454 688 1617 692 1656 672 1675 688 1830 700 2015 692 2278 727 2313 700 2348 719 2441 719 2468 696 2499 727 2809 719 2839 750 2816 800 2557 796 2507 816 2484 800 2313 804 2294 785 2271 804 2170 808 2116 788 1907 785 1814 761 1795 777 1276 761 1230 777 1125 746 1079 769 978 754 839 773 769 711"/></Shape>
	    <String CONTENT="חודש מגיע לנשיאות כפים אבל לא לחילוק מצות גרנות ובכל בסוריא ר&#39; שמעון "
                    HPOS="766.0"
                    VPOS="661.0"
                    WIDTH="2073.0"
                    HEIGHT="155.0"></String>
          </TextLine>

          
          
          <TextLine ID="eSc_line_1841896"
                    
                    BASELINE="735 796 1183 804 1358 812 1679 812 2429 846 2785 846 2894 835" 
                    HPOS="731.0"
                    VPOS="746.0"
                    WIDTH="2159.0"
                    HEIGHT="155.0">
            <Shape><Polygon POINTS="731 792 739 758 1075 769 1125 746 1245 785 1377 765 1733 769 2213 808 2298 785 2317 804 2480 804 2518 819 2545 796 2820 804 2847 831 2890 831 2809 901 2712 881 2661 901 2615 874 2530 893 2236 893 2178 874 2081 885 2004 858 1408 862 1334 831 1311 850 1288 827 1269 839 1245 816 1214 843 1153 854 1102 850 1079 827 1025 850 936 831 905 850 808 839 769 854 735 819"/></Shape>
	    <String CONTENT="בן לעזר או&#39; אף באלכסנדריא בראשונה כשהיה שם בית דין ˙ [חומר] חומר בקדשי "
                    HPOS="731.0"
                    VPOS="746.0"
                    WIDTH="2159.0"
                    HEIGHT="155.0"></String>
          </TextLine>

          
          
          <TextLine ID="eSc_line_1841903"
                    
                    BASELINE="750 862 866 881 1203 893 1621 904 2004 904 2174 920 2367 928 2894 932" 
                    HPOS="746.0"
                    VPOS="843.0"
                    WIDTH="2144.0"
                    HEIGHT="154.0">
            <Shape><Polygon POINTS="746 858 812 843 1075 843 1122 858 1276 846 1327 866 2000 862 2201 893 2820 897 2890 928 2863 928 2797 986 2727 997 2708 974 2518 982 2495 963 2395 990 2352 966 2290 974 2255 959 2182 978 1973 959 1938 932 1899 959 1849 943 1729 955 1656 924 1628 947 1528 959 1400 943 1385 928 1346 951 1307 932 1218 951 1102 932 1056 943 1029 924 978 939 947 908 839 939 769 924 750 901"/></Shape>
	    <String CONTENT="מקדש שאין בקדשי הגבול ובקדשי הגבול שאין בקדשי מקדש קדשי הגבול "
                    HPOS="746.0"
                    VPOS="843.0"
                    WIDTH="2144.0"
                    HEIGHT="154.0"></String>
          </TextLine>

          
          
          <TextLine ID="eSc_line_1841904"
                    
                    BASELINE="781 970 1416 990 1814 990 2379 1021 2851 1021" 
                    HPOS="777.0"
                    VPOS="928.0"
                    WIDTH="2070.0"
                    HEIGHT="162.0">
            <Shape><Polygon POINTS="777 966 785 928 1330 951 1547 943 1559 959 1659 935 1725 955 2085 959 2139 978 2441 986 2499 966 2514 982 2704 982 2731 1001 2809 982 2847 1017 2766 1090 2611 1067 2484 1075 2468 1059 2449 1075 2340 1075 2159 1071 2066 1044 1795 1051 1748 1017 1710 1044 1605 1017 1567 1044 1485 1028 1450 1044 1416 1009 1385 1036 1249 1028 1218 1044 1195 1028 1129 1032 1118 1017 990 1032 959 1005 905 1032 781 1013"/></Shape>
	    <String CONTENT="קטנים חולקין בהן וטמאים חולקין בהן וחולקין אותן בטומאה ושוקלין מנה "
                    HPOS="777.0"
                    VPOS="928.0"
                    WIDTH="2070.0"
                    HEIGHT="162.0"></String>
          </TextLine>

          
          
          <TextLine ID="eSc_line_1841905"
                    
                    BASELINE="742 1059 1091 1067 1342 1082 1911 1086 2325 1113 2611 1121 2843 1113" 
                    HPOS="739.0"
                    VPOS="1009.0"
                    WIDTH="2100.0"
                    HEIGHT="170.0">
            <Shape><Polygon POINTS="739 1055 762 1013 897 1036 955 1013 986 1032 1230 1044 1249 1028 1311 1044 1385 1040 1419 1009 1450 1044 1478 1048 1570 1044 1601 1017 1625 1048 1706 1044 1748 1013 1810 1059 1833 1044 1911 1048 1926 1063 2062 1048 2135 1071 2522 1067 2766 1090 2801 1079 2839 1109 2812 1171 2754 1179 2677 1160 2534 1179 2487 1148 2441 1171 2406 1148 2313 1167 1911 1133 1810 1152 1741 1125 1648 1140 1621 1113 1524 1152 1423 1125 1369 1140 1160 1125 1145 1140 1110 1113 1048 1133 978 1109 928 1125 909 1106 855 1137 824 1102 769 1113 742 1094"/></Shape>
	    <String CONTENT="כנגד מנה קדשי מקדש חייבין באחריותן ליטפל בהן ולהביא לבית הבחירה קדשי "
                    HPOS="739.0"
                    VPOS="1009.0"
                    WIDTH="2100.0"
                    HEIGHT="170.0"></String>
          </TextLine>

          
          
          <TextLine ID="eSc_line_1841906"
                    
                    BASELINE="704 1156 1218 1179 1652 1175 2178 1202 2549 1214 2743 1214 2859 1202" 
                    HPOS="700.0"
                    VPOS="1113.0"
                    WIDTH="2155.0"
                    HEIGHT="155.0">
            <Shape><Polygon POINTS="700 1152 773 1113 870 1137 978 1117 1017 1144 1160 1125 1516 1148 1597 1144 1628 1117 1652 1140 1795 1137 1818 1156 1942 1140 2375 1171 2402 1144 2425 1167 2472 1152 2514 1175 2809 1171 2855 1198 2805 1253 2758 1268 2673 1249 2340 1256 2275 1225 2244 1253 1779 1222 1745 1237 1679 1218 1307 1229 1257 1206 1222 1225 835 1206 746 1225 704 1183"/></Shape>
	    <String CONTENT="הגבול נותנין לכל חבר קדשי מקדש אין נותנין ﭏא לאנשי משמר בלבד ˙ אין פוחתין "
                    HPOS="700.0"
                    VPOS="1113.0"
                    WIDTH="2155.0"
                    HEIGHT="155.0"></String>
          </TextLine>

          
          
          <TextLine ID="eSc_line_1841907"
                    
                    BASELINE="754 1245 1091 1260 1350 1260 1667 1272 1992 1276 2333 1295 2770 1299 2863 1287" 
                    HPOS="750.0"
                    VPOS="1206.0"
                    WIDTH="2109.0"
                    HEIGHT="151.0">
            <Shape><Polygon POINTS="750 1241 769 1214 828 1206 862 1222 1075 1214 1145 1229 1269 1210 1300 1229 1849 1225 2224 1256 2275 1233 2302 1256 2669 1253 2766 1272 2816 1256 2859 1284 2797 1345 2774 1334 2750 1357 2692 1338 2584 1357 2522 1326 2472 1345 2189 1345 2008 1318 1973 1334 1837 1311 1783 1318 1752 1284 1717 1318 1659 1322 1392 1307 1311 1318 1272 1299 1207 1322 1091 1299 1052 1314 994 1314 978 1299 754 1299"/></Shape>
	    <String CONTENT="לעני העובר ממקום למקום מככר בפונדיון מארבע סאין בסלע לן נותנין לו פרנסת "
                    HPOS="750.0"
                    VPOS="1206.0"
                    WIDTH="2109.0"
                    HEIGHT="151.0"></String>
          </TextLine>

          
          
          <TextLine ID="eSc_line_1841908"
                    
                    BASELINE="739 1330 901 1349 1168 1357 1857 1361 2449 1392 2863 1384" 
                    HPOS="735.0"
                    VPOS="1299.0"
                    WIDTH="2124.0"
                    HEIGHT="147.0">
            <Shape><Polygon POINTS="735 1326 804 1299 1056 1318 1153 1307 1222 1326 1269 1311 1965 1334 2008 1322 2193 1353 2294 1334 2383 1353 2425 1342 2747 1361 2778 1338 2859 1380 2793 1438 2720 1446 2054 1430 2039 1415 1942 1419 1899 1403 1876 1419 1853 1396 1830 1415 1690 1400 1613 1419 1567 1400 1361 1411 1334 1392 1292 1415 1172 1396 1048 1411 1021 1392 924 1407 754 1388 739 1372"/></Shape>
	    <String CONTENT="לינה שמן וקטנית שבת נותנין לו מזון שלש סעודות שמן וקטנית דג וירק במה "
                    HPOS="735.0"
                    VPOS="1299.0"
                    WIDTH="2124.0"
                    HEIGHT="147.0"></String>
          </TextLine>

          
          
          <TextLine ID="eSc_line_1841909"
                    
                    BASELINE="735 1438 1005 1438 2139 1469 2410 1469 2859 1485" 
                    HPOS="731.0"
                    VPOS="1396.0"
                    WIDTH="2124.0"
                    HEIGHT="139.0">
            <Shape><Polygon POINTS="731 1434 762 1396 932 1411 1036 1400 1056 1415 1899 1407 2104 1434 2805 1442 2855 1481 2801 1523 2739 1535 2704 1508 2685 1527 2406 1527 2104 1519 2019 1496 1992 1512 1899 1496 1845 1512 1799 1488 1721 1508 1404 1504 1354 1492 1323 1461 1272 1500 1156 1488 1098 1508 1048 1488 777 1492 735 1450"/></Shape>
	    <String CONTENT="דברים אמורים בזמן שאין מכירין אותו אבל בזמן שמכירין אותו אף מכסין אותו "
                    HPOS="731.0"
                    VPOS="1396.0"
                    WIDTH="2124.0"
                    HEIGHT="139.0"></String>
          </TextLine>

          
          
          <TextLine ID="eSc_line_1841910"
                    
                    BASELINE="754 1523 1849 1547 2089 1558 2832 1566" 
                    HPOS="750.0"
                    VPOS="1461.0"
                    WIDTH="2078.0"
                    HEIGHT="155.0">
            <Shape><Polygon POINTS="750 1519 754 1481 1183 1504 1284 1496 1319 1461 1354 1500 1582 1512 1783 1508 1806 1492 1841 1508 2015 1500 2166 1527 2364 1516 2692 1535 2712 1519 2785 1519 2828 1562 2809 1612 2758 1601 2723 1616 2449 1612 2406 1593 2348 1612 2259 1597 1969 1601 1946 1577 1892 1589 1845 1574 1791 1593 1729 1577 1625 1585 1609 1570 1559 1589 1358 1589 1319 1570 1211 1589 754 1577"/></Shape>
	    <String CONTENT="היה מסביב על הפתחים אין נזקקין לו לכל דבר תמחוי כל היום קופה מערב שבת "
                    HPOS="750.0"
                    VPOS="1461.0"
                    WIDTH="2078.0"
                    HEIGHT="155.0"></String>
          </TextLine>

          
          
          <TextLine ID="eSc_line_1841911"
                    
                    BASELINE="742 1605 1512 1632 1845 1628 2689 1655 2859 1647" 
                    HPOS="739.0"
                    VPOS="1574.0"
                    WIDTH="2116.0"
                    HEIGHT="139.0">
            <Shape><Polygon POINTS="739 1601 762 1574 967 1589 1880 1581 1922 1601 1953 1589 2201 1612 2793 1608 2855 1643 2801 1701 2747 1713 2542 1690 2244 1693 2213 1666 2182 1690 2100 1693 2015 1674 1965 1690 1888 1674 1830 1693 1764 1663 1694 1682 1582 1663 1497 1686 1454 1643 1385 1678 1319 1663 1230 1678 1036 1674 986 1655 963 1670 742 1659"/></Shape>
	    <String CONTENT="לערב שבת תמחוי לכל אדם קופה לעניי אותה העיר אם שהא שם שלשים יום "
                    HPOS="739.0"
                    VPOS="1574.0"
                    WIDTH="2116.0"
                    HEIGHT="139.0"></String>
          </TextLine>

          
          
          <TextLine ID="eSc_line_1841912"
                    
                    BASELINE="746 1697 1404 1724 1733 1721 1880 1728 2863 1748" 
                    HPOS="742.0"
                    VPOS="1663.0"
                    WIDTH="2117.0"
                    HEIGHT="135.0">
            <Shape><Polygon POINTS="742 1693 769 1663 1284 1682 1427 1670 1450 1686 1737 1674 1806 1690 2000 1690 2015 1674 2066 1693 2182 1690 2213 1663 2251 1701 2383 1690 2750 1713 2824 1697 2859 1744 2812 1790 2774 1798 2712 1775 2685 1794 2553 1798 2429 1790 2414 1775 2298 1794 2263 1767 2189 1790 1950 1782 1922 1759 1895 1779 1590 1771 1567 1744 1543 1767 1443 1779 1369 1751 1249 1779 1195 1740 1164 1767 1091 1759 1060 1775 1036 1751 971 1771 913 1744 889 1763 816 1763 766 1755 746 1732"/></Shape>
	    <String CONTENT="הרי הוא כאנשי העיר לקופה ולכסות ששה חדשים לעניי העיר שנים עשר חדש "
                    HPOS="742.0"
                    VPOS="1663.0"
                    WIDTH="2117.0"
                    HEIGHT="135.0"></String>
          </TextLine>

          
          
          <TextLine ID="eSc_line_1841913"
                    
                    BASELINE="769 1794 1261 1817 1745 1813 2333 1833 2870 1821" 
                    HPOS="766.0"
                    VPOS="1748.0"
                    WIDTH="2101.0"
                    HEIGHT="147.0">
            <Shape><Polygon POINTS="766 1790 773 1751 820 1767 1071 1771 1091 1755 1110 1771 1242 1779 1489 1779 1543 1775 1570 1748 1594 1771 1725 1779 1884 1779 1922 1755 1957 1782 2201 1790 2278 1775 2298 1794 2855 1794 2867 1817 2778 1895 2712 1868 2677 1887 2344 1871 2093 1883 1957 1864 1714 1868 1694 1848 1656 1868 1567 1848 1474 1868 1091 1848 839 1860 804 1821 769 1840"/></Shape>
	    <String CONTENT="עני שנתן פרוטה לקופה ופרוסה לתמחוי מקבלין אותן ממנו אם לא נתן אין [מ&#39;] "
                    HPOS="766.0"
                    VPOS="1748.0"
                    WIDTH="2101.0"
                    HEIGHT="147.0"></String>
          </TextLine>

          
          
          <TextLine ID="eSc_line_1841914"
                    
                    BASELINE="739 1887 1439 1910 1857 1906 2495 1926 2828 1918" 
                    HPOS="735.0"
                    VPOS="1844.0"
                    WIDTH="2089.0"
                    HEIGHT="136.0">
            <Shape><Polygon POINTS="735 1883 754 1844 800 1864 1122 1852 1404 1868 1663 1868 1698 1848 1741 1871 2812 1887 2824 1914 2812 1972 2665 1980 2619 1945 2596 1964 2491 1976 2449 1960 2228 1964 2197 1933 2159 1960 1841 1953 1803 1937 1775 1949 1756 1933 1714 1953 1663 1949 1632 1918 1597 1953 1512 1949 1485 1922 1454 1941 1338 1953 1265 1926 1195 1953 1102 1937 955 1945 944 1929 851 1945 739 1933"/></Shape>
	    <String CONTENT="מחייבין אותו ליתן נתנו לו חדשים והחזיר להן שחקין מקבלין אותו ממנו אם לא "
                    HPOS="735.0"
                    VPOS="1844.0"
                    WIDTH="2089.0"
                    HEIGHT="136.0"></String>
          </TextLine>

          
          
          <TextLine ID="eSc_line_1841915"
                    
                    BASELINE="781 1972 1253 1987 1609 1987 1806 1999 2085 1999 2650 2018 2855 2011" 
                    HPOS="777.0"
                    VPOS="1922.0"
                    WIDTH="2074.0"
                    HEIGHT="147.0">
            <Shape><Polygon POINTS="777 1968 785 1937 1207 1953 1272 1929 1303 1949 1416 1953 1485 1922 1528 1953 1617 1949 1636 1929 1659 1953 1806 1945 2186 1968 2209 1953 2236 1972 2336 1960 2352 1976 2437 1960 2569 1976 2627 1953 2658 1976 2809 1972 2851 2007 2812 2061 2747 2069 2627 2061 2611 2045 2538 2061 2503 2034 2441 2057 2209 2057 2170 2042 2124 2053 2108 2038 2008 2049 1934 2034 1706 2049 1617 2022 1578 2042 1419 2030 1296 2045 1261 2011 1222 2034 1149 2034 1106 2011 1075 2011 1052 2034 963 2022 828 2038 781 2022"/></Shape>
	    <String CONTENT="נתן אין מחייבין אותו ליתן היה משתמש בכלי מילת נותנין לו כלי מילת מעה "
                    HPOS="777.0"
                    VPOS="1922.0"
                    WIDTH="2074.0"
                    HEIGHT="147.0"></String>
          </TextLine>

          
          
          <TextLine ID="eSc_line_1841916"
                    
                    BASELINE="797 2061 1094 2076 1431 2076 2077 2096 2275 2092 2673 2103 2867 2088" 
                    HPOS="793.0"
                    VPOS="2014.0"
                    WIDTH="2070.0"
                    HEIGHT="144.0">
            <Shape><Polygon POINTS="793 2057 797 2022 1222 2038 1257 2014 1296 2053 1358 2034 1841 2049 1926 2034 2131 2057 2453 2057 2495 2034 2534 2061 2778 2061 2863 2084 2809 2150 2731 2158 2642 2138 2526 2150 2460 2130 2333 2154 2290 2134 2213 2150 2120 2115 2097 2138 1872 2127 1810 2142 1563 2119 1505 2134 1478 2115 1450 2134 1354 2130 1334 2111 1311 2127 1125 2127 1087 2111 1005 2123 924 2115 897 2088 851 2130 797 2111"/></Shape>
	    <String CONTENT="נותנין לו [מאה] מעה עיסה נותנין לו עיסה פת נותנין לו פת להאכילו בתוך פיו "
                    HPOS="793.0"
                    VPOS="2014.0"
                    WIDTH="2070.0"
                    HEIGHT="144.0"></String>
          </TextLine>

          
          
          <TextLine ID="eSc_line_1841917"
                    
                    BASELINE="797 2146 1195 2169 1868 2169 2395 2189 2600 2185 2855 2192" 
                    HPOS="793.0"
                    VPOS="2107.0"
                    WIDTH="2058.0"
                    HEIGHT="136.0">
            <Shape><Polygon POINTS="793 2142 797 2119 1056 2127 1079 2107 1172 2134 1311 2127 1334 2111 1358 2134 1656 2127 1818 2146 1864 2130 2093 2142 2124 2123 2220 2150 2453 2134 2526 2154 2770 2146 2851 2189 2805 2239 2754 2243 2685 2243 2619 2212 2542 2243 2449 2227 2356 2239 2317 2204 2271 2235 2205 2219 2108 2231 2058 2204 2004 2231 1868 2212 1787 2227 1628 2219 1601 2204 1559 2231 1528 2196 1485 2216 1358 2223 1315 2181 1257 2223 1187 2185 1114 2219 936 2196 797 2204"/></Shape>
	    <String CONTENT="מאכילין אותו בתוך פיו שנ&#39; די מחסורו אשר יחסר לו אפי&#39; עבד אפי&#39; סוס לו זו "
                    HPOS="793.0"
                    VPOS="2107.0"
                    WIDTH="2058.0"
                    HEIGHT="136.0"></String>
          </TextLine>

          
          
          <TextLine ID="eSc_line_1841918"
                    
                    BASELINE="727 2243 1203 2262 1938 2266 2306 2281 2851 2270" 
                    HPOS="723.0"
                    VPOS="2189.0"
                    WIDTH="2124.0"
                    HEIGHT="150.0">
            <Shape><Polygon POINTS="723 2239 739 2200 1172 2219 1199 2196 1280 2223 1319 2189 1354 2223 1443 2208 1563 2227 1613 2204 1683 2227 2120 2235 2278 2235 2321 2200 2356 2235 2549 2243 2592 2219 2627 2239 2812 2239 2847 2266 2812 2328 2484 2339 2414 2312 2352 2324 2298 2297 2232 2335 2186 2320 2035 2320 2011 2293 1826 2328 1752 2305 1683 2320 1567 2297 1300 2308 1284 2324 1261 2301 916 2301 897 2316 874 2293 727 2297"/></Shape>
	    <String CONTENT="אשה שנ&#39; אעשה לו עזר כנגדו ˙ מעשה בהלל הזקן שלקח לעני אחד בן טובים "
                    HPOS="723.0"
                    VPOS="2189.0"
                    WIDTH="2124.0"
                    HEIGHT="150.0"></String>
          </TextLine>

          
          
          <TextLine ID="eSc_line_1841919"
                    
                    BASELINE="754 2343 959 2339 1214 2351 1957 2355 2487 2374 2870 2366" 
                    HPOS="750.0"
                    VPOS="2297.0"
                    WIDTH="2117.0"
                    HEIGHT="127.0">
            <Shape><Polygon POINTS="750 2339 762 2297 878 2301 897 2320 920 2301 971 2312 994 2297 1118 2312 1261 2305 1284 2324 1342 2305 1683 2320 1752 2308 1803 2324 2019 2312 2186 2320 2240 2339 2325 2305 2348 2328 2414 2316 2456 2335 2770 2328 2867 2363 2805 2424 2700 2409 2685 2424 2615 2421 2596 2401 2557 2421 2418 2424 2321 2401 2298 2424 2255 2397 2186 2424 2089 2401 1717 2405 1675 2363 1613 2397 1536 2401 1501 2421 1443 2393 1013 2393 940 2366 824 2390 773 2386 754 2366"/></Shape>
	    <String CONTENT="סוס שהיה מתעמל בו ועבד שהיה משמשו ˙ שוב מעשה באנשי הגליל שהיו "
                    HPOS="750.0"
                    VPOS="2297.0"
                    WIDTH="2117.0"
                    HEIGHT="127.0"></String>
          </TextLine>

          
          
          <TextLine ID="eSc_line_1841920"
                    
                    BASELINE="773 2421 1180 2428 1563 2444 2062 2448 2480 2463 2720 2463 2863 2451" 
                    HPOS="769.0"
                    VPOS="2370.0"
                    WIDTH="2090.0"
                    HEIGHT="151.0">
            <Shape><Polygon POINTS="769 2417 773 2390 916 2393 951 2370 1067 2401 1439 2393 1501 2436 1532 2405 1590 2397 1667 2413 2039 2405 2151 2424 2247 2401 2271 2424 2321 2405 2356 2424 2700 2417 2809 2424 2859 2448 2816 2513 2766 2506 2743 2521 2712 2521 2685 2494 2661 2510 2603 2498 2526 2513 2383 2502 2367 2486 2348 2506 2313 2490 2275 2510 2124 2510 2066 2502 2031 2471 2000 2502 1957 2506 1872 2506 1822 2479 1690 2498 1663 2475 1582 2490 1520 2448 1431 2482 1334 2475 1315 2494 1017 2475 998 2490 920 2467 793 2479 773 2459"/></Shape>
	    <String CONTENT="מעלין לזקן אחד ליטרא בשר בציפורי בכל יום ˙ היה משתמש בכלי זהב "
                    HPOS="769.0"
                    VPOS="2370.0"
                    WIDTH="2090.0"
                    HEIGHT="151.0"></String>
          </TextLine>

          
          
          <TextLine ID="eSc_line_1841921"
                    
                    BASELINE="762 2510 1036 2525 1551 2529 1996 2544 2839 2548" 
                    HPOS="758.0"
                    VPOS="2471.0"
                    WIDTH="2078.0"
                    HEIGHT="135.0">
            <Shape><Polygon POINTS="758 2506 781 2479 947 2471 1002 2490 1338 2479 1953 2506 2008 2506 2035 2479 2077 2506 2271 2510 2306 2494 2634 2513 2692 2494 2716 2517 2820 2513 2836 2544 2809 2602 2642 2591 2603 2606 2530 2591 2313 2598 2282 2571 2247 2595 2062 2595 1752 2575 1725 2587 1710 2571 1462 2579 1443 2564 1419 2583 1327 2564 1067 2579 1013 2544 959 2571 781 2571 762 2552"/></Shape>
	    <String CONTENT="מוכרן ומשתמש בכלי כסף בכלי כסף מוכרן ומשתמש בכלי נחשת בכלי נחשת "
                    HPOS="758.0"
                    VPOS="2471.0"
                    WIDTH="2078.0"
                    HEIGHT="135.0"></String>
          </TextLine>

          
          
          <TextLine ID="eSc_line_1841922"
                    
                    BASELINE="754 2602 1156 2622 1470 2618 2615 2645 2870 2629" 
                    HPOS="750.0"
                    VPOS="2548.0"
                    WIDTH="2117.0"
                    HEIGHT="151.0">
            <Shape><Polygon POINTS="750 2598 758 2568 975 2571 1017 2548 1048 2579 1245 2568 1427 2583 1447 2564 1462 2579 1756 2575 1919 2595 2224 2595 2282 2568 2325 2598 2843 2598 2867 2626 2820 2687 2704 2684 2689 2699 2661 2680 2514 2695 2402 2684 2340 2699 2302 2676 1551 2676 1443 2653 1419 2668 1218 2672 1102 2656 1060 2680 1036 2664 878 2653 839 2676 754 2645"/></Shape>
	    <String CONTENT="מוכרן ומשתמש בכלי זכוכית אמרו משפחת בית נבטלה היתה בירושלם והיתה "
                    HPOS="750.0"
                    VPOS="2548.0"
                    WIDTH="2117.0"
                    HEIGHT="151.0"></String>
          </TextLine>

          
          
          <TextLine ID="eSc_line_1841923"
                    
                    BASELINE="754 2691 944 2711 1094 2714 1361 2711 1888 2726 2843 2734" 
                    HPOS="750.0"
                    VPOS="2653.0"
                    WIDTH="2089.0"
                    HEIGHT="139.0">
            <Shape><Polygon POINTS="750 2687 781 2664 847 2672 866 2653 1056 2680 1079 2660 1427 2676 1454 2660 1822 2687 1915 2672 2027 2687 2294 2684 2336 2699 2812 2691 2839 2730 2828 2780 2565 2772 2526 2792 2251 2765 2046 2772 2027 2788 2011 2769 1973 2765 1938 2784 1903 2761 1752 2769 1729 2753 1567 2769 1543 2753 1284 2761 1253 2742 1230 2765 1075 2745 978 2761 754 2749"/></Shape>
	    <String CONTENT="מתיחסת עם בני ארנון היבוסי העלו להם חכמים שלש מאות שקלי זהב ולא "
                    HPOS="750.0"
                    VPOS="2653.0"
                    WIDTH="2089.0"
                    HEIGHT="139.0"></String>
          </TextLine>

          
          
          <TextLine ID="eSc_line_1841924"
                    
                    BASELINE="754 2784 1284 2800 1946 2800 2456 2819 2870 2807" 
                    HPOS="750.0"
                    VPOS="2745.0"
                    WIDTH="2117.0"
                    HEIGHT="136.0">
            <Shape><Polygon POINTS="750 2780 789 2745 820 2761 1087 2753 1234 2769 1257 2749 1563 2769 1876 2765 1946 2796 1973 2776 2046 2796 2073 2772 2159 2765 2522 2792 2770 2776 2867 2803 2820 2858 2789 2850 2766 2873 2720 2842 2692 2869 2511 2877 2410 2854 2379 2881 2306 2858 2120 2861 2035 2800 1950 2815 1907 2854 1648 2858 1625 2838 1605 2854 1385 2838 1276 2850 1249 2831 1199 2850 1172 2823 1149 2838 1118 2823 1094 2842 1036 2831 1017 2846 882 2831 862 2850 831 2823 789 2827 754 2792"/></Shape>
	    <String CONTENT="רצו להוציאן חוץ מירושלם ˙ האומר איני מתפרנס משל אחרים שוקדין [^]"
                    HPOS="750.0"
                    VPOS="2745.0"
                    WIDTH="2117.0"
                    HEIGHT="136.0"></String>
          </TextLine>

          
          
          <TextLine ID="eSc_line_1841893"
                    
                    BASELINE="719 2885 1017 2881 1659 2900 1919 2896 2569 2916 2878 2904" 
                    HPOS="715.0"
                    VPOS="2803.0"
                    WIDTH="2159.0"
                    HEIGHT="174.0">
            <Shape><Polygon POINTS="715 2881 762 2834 1149 2846 1172 2827 1199 2850 1261 2838 1903 2858 1953 2815 1984 2838 2023 2803 2058 2842 2073 2834 2116 2865 2240 2858 2391 2881 2414 2858 2507 2881 2692 2877 2727 2850 2758 2881 2809 2869 2836 2896 2874 2900 2754 2977 2731 2954 2476 2966 2445 2939 2402 2958 2325 2943 2302 2966 2189 2947 2120 2954 2077 2916 2042 2950 2004 2923 1977 2947 1950 2931 1884 2950 1694 2927 1578 2943 1528 2923 1505 2943 1416 2927 1346 2943 1292 2896 1261 2927 1242 2912 1191 2939 1025 2927 1005 2947 932 2939 905 2912 878 2931 789 2931 719 2896"/></Shape>
	    <String CONTENT="עליו ומפרנסין אותו ונותנין לו לשום מלוה וחוזרין ונותנין לו לשום מתנה דברי "
                    HPOS="715.0"
                    VPOS="2803.0"
                    WIDTH="2159.0"
                    HEIGHT="174.0"></String>
          </TextLine>

          
          
          <TextLine ID="eSc_line_1841897"
                    
                    BASELINE="746 2966 2108 2993 2503 3008 2820 3001 2882 3005" 
                    HPOS="742.0"
                    VPOS="2912.0"
                    WIDTH="2136.0"
                    HEIGHT="162.0">
            <Shape><Polygon POINTS="742 2962 750 2916 769 2931 882 2935 913 2919 932 2939 1013 2943 1029 2927 1191 2939 1245 2912 1300 2947 1373 2947 1416 2923 1508 2950 1528 2935 1981 2950 2015 2923 2062 2958 2097 2943 2120 2958 2306 2966 2329 2947 2391 2966 2449 2939 2507 2970 2689 2958 2774 2981 2809 2962 2839 2993 2878 3001 2855 3001 2812 3043 2785 3035 2739 3059 2685 3066 2611 3035 2495 3074 2456 3047 2325 3055 2309 3039 2278 3055 2251 3035 2155 3059 2070 3028 2039 3039 2015 3016 1988 3039 1938 3043 1609 3024 1567 3066 1528 3035 1497 3043 1454 3024 1381 3039 1350 3016 1319 3035 1288 3016 955 3032 897 3008 800 3032 781 3020 746 3039"/></Shape>
	    <String CONTENT="ר&#39; מאיר וחכמים או&#39; נותנין לו לשום מתנה וחוזרין ונותנין לו לשום מלוה ר&#39; שמעו&#39; "
                    HPOS="742.0"
                    VPOS="2912.0"
                    WIDTH="2136.0"
                    HEIGHT="162.0"></String>
          </TextLine>

          
          
          <TextLine ID="eSc_line_1841895"
                    
                    BASELINE="781 3063 947 3063 1300 3078 1799 3078 2081 3090 2867 3105" 
                    HPOS="777.0"
                    VPOS="3016.0"
                    WIDTH="2086.0"
                    HEIGHT="143.0">
            <Shape><Polygon POINTS="777 3059 781 3024 812 3020 1319 3039 1350 3016 1373 3039 1470 3032 1512 3070 1536 3070 1594 3047 1613 3059 1632 3039 1988 3043 2015 3016 2050 3047 2325 3063 2453 3051 2487 3074 2603 3043 2700 3074 2778 3047 2863 3101 2828 3152 2758 3140 2677 3159 2588 3128 2561 3152 2449 3136 2383 3155 2104 3140 2085 3121 1942 3136 1791 3121 1721 3144 1621 3074 1512 3074 1450 3124 1261 3132 1203 3113 1118 3128 951 3117 924 3132 874 3109 835 3124 800 3086 781 3097"/></Shape>
	    <String CONTENT="או&#39; אומרין לו הבא משכון כדי לגוס את דעתו ˙ האומ&#39; איני מתפרנס משל [^]"
                    HPOS="777.0"
                    VPOS="3016.0"
                    WIDTH="2086.0"
                    HEIGHT="143.0"></String>
          </TextLine>

          
          
          <TextLine ID="eSc_line_1841901"
                    
                    BASELINE="754 3159 1044 3171 1988 3179 2441 3194 2886 3186" 
                    HPOS="750.0"
                    VPOS="3090.0"
                    WIDTH="2132.0"
                    HEIGHT="181.0">
            <Shape><Polygon POINTS="750 3155 773 3121 828 3128 866 3105 920 3128 1578 3132 1656 3090 1717 3140 2027 3128 2186 3155 2468 3144 2565 3159 2588 3136 2661 3163 2820 3155 2843 3179 2882 3182 2801 3248 2611 3244 2584 3271 2507 3225 2414 3248 2387 3225 2306 3244 2139 3237 2089 3213 2046 3233 1946 3213 1787 3229 1714 3206 1694 3221 1408 3225 1381 3202 1276 3217 1245 3198 1199 3225 781 3210 754 3182"/></Shape>
	    <String CONTENT="עצמו שוקדין עליו ומפרנסין אותו נותנין לו לשם מתנה וחוזרין ונותנין לו לשם "
                    HPOS="750.0"
                    VPOS="3090.0"
                    WIDTH="2132.0"
                    HEIGHT="181.0"></String>
          </TextLine>

          
          
          <TextLine ID="eSc_line_1841894"
                    
                    BASELINE="750 3244 1214 3264 1586 3264 1729 3271 1996 3268 2456 3287 2867 3279" 
                    HPOS="746.0"
                    VPOS="3206.0"
                    WIDTH="2117.0"
                    HEIGHT="131.0">
            <Shape><Polygon POINTS="746 3240 797 3206 924 3225 1005 3225 1025 3210 1195 3229 1222 3213 1385 3206 1416 3229 1555 3213 1775 3217 1791 3233 1946 3217 2031 3237 2124 3221 2278 3248 2395 3233 2410 3248 2487 3248 2518 3275 2615 3275 2642 3248 2669 3260 2824 3244 2863 3275 2820 3337 2696 3333 2615 3283 2580 3302 2549 3291 2476 3337 2290 3337 2271 3322 2116 3326 2097 3306 2077 3322 1992 3306 1915 3329 1814 3302 1659 3318 1621 3295 1574 3318 1512 3298 1319 3318 1280 3298 1203 3310 1187 3295 1168 3314 1137 3298 924 3310 897 3287 882 3302 866 3287 781 3310 750 3279"/></Shape>
	    <String CONTENT="מלוה ˙ המסמא את עינו והמצבה את כריסו והמעבה את שוקיו אין [נפ&#39;] "
                    HPOS="746.0"
                    VPOS="3206.0"
                    WIDTH="2117.0"
                    HEIGHT="131.0"></String>
          </TextLine>

          
          
          <TextLine ID="eSc_line_1841902"
                    
                    BASELINE="785 3329 901 3341 1141 3341 1536 3356 1957 3353 2275 3372 2619 3380 2867 3364" 
                    HPOS="781.0"
                    VPOS="3291.0"
                    WIDTH="2082.0"
                    HEIGHT="139.0">
            <Shape><Polygon POINTS="781 3326 797 3302 897 3291 916 3310 1172 3314 1187 3298 1207 3314 1315 3318 1605 3302 1714 3322 1818 3302 1907 3349 1950 3318 2004 3310 2135 3333 2271 3318 2286 3333 2387 3341 2573 3326 2592 3337 2646 3314 2673 3341 2805 3337 2863 3360 2851 3407 2809 3430 2692 3411 2623 3430 2588 3399 2514 3430 2406 3415 2352 3430 2313 3399 2298 3415 2247 3403 2159 3418 2089 3391 2070 3407 2027 3403 1977 3368 1953 3380 1926 3353 1892 3353 1841 3399 1737 3403 1710 3384 1667 3411 1628 3387 1605 3403 1470 3407 1450 3387 1431 3403 1389 3380 1296 3399 1265 3384 1214 3403 1036 3384 951 3399 878 3384 851 3356 816 3387 785 3356"/></Shape>
	    <String CONTENT="נפטר מן העולם עד שיהא לו כך ˙ גבאי צדקה אין רשאין לפרוש זה מזה "
                    HPOS="781.0"
                    VPOS="3291.0"
                    WIDTH="2082.0"
                    HEIGHT="139.0"></String>
          </TextLine>

          
          
          <TextLine ID="eSc_line_1841900"
                    
                    BASELINE="797 3418 1133 3438 1462 3442 1613 3449 2046 3445 2901 3473" 
                    HPOS="793.0"
                    VPOS="3353.0"
                    WIDTH="2105.0"
                    HEIGHT="166.0">
            <Shape><Polygon POINTS="793 3415 800 3380 824 3387 855 3356 909 3395 1125 3391 1180 3407 1272 3387 1327 3403 1458 3391 1474 3407 1679 3411 1729 3395 1845 3403 1895 3353 1938 3399 2011 3391 2062 3415 2089 3399 2267 3418 2321 3407 2352 3434 2422 3418 2514 3434 2592 3399 2623 3430 2754 3418 2828 3430 2898 3469 2816 3519 2731 3503 2654 3519 2631 3503 2607 3515 2565 3484 2503 3511 2402 3496 2375 3511 2282 3511 2220 3488 2193 3507 2155 3484 2073 3500 2042 3469 2015 3488 2000 3473 1969 3492 1872 3480 1783 3503 1756 3488 1447 3500 1346 3476 1323 3496 1288 3476 1172 3492 1114 3453 1079 3484 951 3465 862 3488 816 3442 797 3457"/></Shape>
	    <String CONTENT="אפי&#39; נתן לו חבירו מעות שהוא חייב לו אפי&#39; מצא מעות בדרך אינו רשיי ליטלן [/]"
                    HPOS="793.0"
                    VPOS="3353.0"
                    WIDTH="2105.0"
                    HEIGHT="166.0"></String>
          </TextLine>

          
          
          <TextLine ID="eSc_line_1841899"
                    
                    BASELINE="723 3503 1087 3527 1493 3534 1833 3531 2518 3554 2781 3554 2909 3542" 
                    HPOS="719.0"
                    VPOS="3457.0"
                    WIDTH="2186.0"
                    HEIGHT="170.0">
            <Shape><Polygon POINTS="719 3500 727 3476 797 3461 862 3488 901 3473 1087 3484 1118 3457 1145 3488 1183 3496 1276 3484 1319 3500 1354 3484 1779 3503 1876 3480 1899 3496 2015 3492 2046 3469 2081 3503 2557 3519 2592 3500 2638 3503 2646 3519 2770 3511 2828 3519 2851 3542 2905 3538 2874 3542 2789 3627 2720 3589 2522 3608 2456 3585 2429 3600 2050 3577 1957 3592 1919 3573 1857 3589 1814 3565 1737 3589 1679 3573 1570 3589 1478 3569 1416 3592 1385 3565 1307 3589 1257 3565 1230 3585 1164 3565 1141 3581 1052 3581 1025 3558 978 3581 920 3558 781 3554 758 3573 723 3538"/></Shape>
	    <String CONTENT="שנ&#39; והייתם נקיים מײ ומישרﭏ אבל פורשין זה מזה לתוך חצר או לתוך חנות וגובין ˙"
                    HPOS="719.0"
                    VPOS="3457.0"
                    WIDTH="2186.0"
                    HEIGHT="170.0"></String>
          </TextLine>

          
          
          <TextLine ID="eSc_line_1841898"
                    
                    BASELINE="754 3600 1443 3627 2816 3643" 
                    HPOS="750.0"
                    VPOS="3558.0"
                    WIDTH="2062.0"
                    HEIGHT="201.0">
            <Shape><Polygon POINTS="750 3596 785 3558 1214 3589 1377 3577 1447 3592 1474 3573 1501 3589 2050 3577 2217 3600 2325 3589 2414 3608 2468 3592 2487 3608 2723 3592 2812 3639 2801 3736 2781 3716 2696 3716 2615 3747 2576 3739 2530 3701 2484 3747 2456 3724 2422 3751 2395 3732 2340 3755 2302 3732 2251 3755 2197 3732 2159 3759 2100 3716 2073 3732 2011 3689 1899 3755 1841 3708 1810 3716 1737 3677 1690 3685 1648 3724 1617 3693 1543 3708 1516 3681 1474 3681 1404 3732 1311 3681 1265 3677 1242 3701 1203 3685 1172 3712 1137 3677 1102 3674 986 3728 944 3685 855 3724 789 3666 754 3666"/></Shape>
	    <String CONTENT="מעשר שני אין גובין ממנו מלוה וחייב ואין משלמין ממנו את הגמולין ואין [פ&#39;] "
                    HPOS="750.0"
                    VPOS="3558.0"
                    WIDTH="2062.0"
                    HEIGHT="201.0"></String>
          </TextLine>

          
        </TextBlock>
        
        <TextBlock HPOS="559.0"
                   VPOS="3684.0"
                   WIDTH="244.0"
                   HEIGHT="129.0"
                   ID="eSc_textblock_f48f2a3c"
                   TAGREFS="BT749">
          <Shape><Polygon POINTS="567 3684 559 3813 796 3806 803 3691"/></Shape>
          
          
          <TextLine ID="eSc_line_1841925"
                    
                    BASELINE="568 3728 808 3724 866 3705" 
                    HPOS="564.0"
                    VPOS="3662.0"
                    WIDTH="298.0"
                    HEIGHT="170.0">
            <Shape><Polygon POINTS="564 3724 607 3677 696 3689 754 3662 808 3705 862 3701 742 3817 700 3790 653 3797 619 3832 572 3824"/></Shape>
	    <String CONTENT="פודין"
                    HPOS="564.0"
                    VPOS="3662.0"
                    WIDTH="298.0"
                    HEIGHT="170.0"></String>
          </TextLine>

          
        </TextBlock>
        

        
      </PrintSpace>
    </Page>
  </Layout>
</alto>
