<?xml version="1.0" encoding="UTF-8"?>
<alto xmlns:xsi="http://www.w3.org/2001/XMLSchema-instance"
      xmlns="http://www.loc.gov/standards/alto/ns-v4#"
      xsi:schemaLocation="http://www.loc.gov/standards/alto/ns-v4# http://www.loc.gov/standards/alto/v4/alto-4-2.xsd">
  <Description>
    <MeasurementUnit>pixel</MeasurementUnit>
    <sourceImageInformation>
      <fileName>Cod.Hebr.20_083r.jpg</fileName>
      
    </sourceImageInformation>
  </Description>
  
  <Tags>
    <OtherTag ID="BT1" LABEL="Title" DESCRIPTION="block type Title"/><OtherTag ID="BT2" LABEL="Main" DESCRIPTION="block type Main"/><OtherTag ID="BT3" LABEL="Commentary" DESCRIPTION="block type Commentary"/><OtherTag ID="BT4" LABEL="Illustration" DESCRIPTION="block type Illustration"/><OtherTag ID="BT747" LABEL="Hole" DESCRIPTION="block type Hole"/><OtherTag ID="BT748" LABEL="Margin" DESCRIPTION="block type Margin"/><OtherTag ID="BT749" LABEL="Paratext" DESCRIPTION="block type Paratext"/>
    <OtherTag ID="LT3" LABEL="Correction" DESCRIPTION="line type Correction"/>
  </Tags>
  
  <Layout>
    <Page WIDTH="3568"
          HEIGHT="4660"
          PHYSICAL_IMG_NR="154"
          ID="eSc_dummypage_">
      <PrintSpace HPOS="0"
                  VPOS="0"
                  WIDTH="3568"
                  HEIGHT="4660">
        
        <TextBlock HPOS="739.0"
                   VPOS="476.0"
                   WIDTH="2230.0"
                   HEIGHT="3228.0"
                   ID="eSc_textblock_e4a60832"
                   TAGREFS="BT2">
          <Shape><Polygon POINTS="739 476 2969 476 2969 3704 739 3704"/></Shape>
          
          
          <TextLine ID="eSc_line_1848803"
                    
                    BASELINE="684 570 956 566 2934 574" 
                    HPOS="680.0"
                    VPOS="462.0"
                    WIDTH="2250.0"
                    HEIGHT="174.0">
            <Shape><Polygon POINTS="680 566 707 508 726 528 792 489 831 524 893 524 928 500 1018 532 1080 469 1119 462 1134 477 1193 469 1251 512 1290 493 1309 512 1356 512 1379 489 1399 500 1426 477 1453 493 1519 466 1550 497 1574 489 1632 520 1659 504 1686 520 1811 520 1846 485 1896 532 1997 516 2110 535 2172 532 2203 504 2230 528 2293 477 2363 543 2405 528 2483 535 2530 500 2588 528 2681 473 2736 524 2782 497 2810 524 2895 520 2930 570 2883 617 2848 625 2495 625 2440 586 2378 625 2273 629 2242 609 2223 629 2056 617 1997 636 1970 617 1888 632 1752 605 1710 621 1352 609 1302 629 1076 613 1037 629 901 617 792 629 711 566"/></Shape>
	    <String CONTENT="הרבים לטומאה ˙ למה מפרישין כהן אחר תחתיו שמא יארע בו פסול ישמש תחתיו"
                    HPOS="680.0"
                    VPOS="462.0"
                    WIDTH="2250.0"
                    HEIGHT="174.0"></String>
          </TextLine>

          
          
          <TextLine ID="eSc_line_1848804"
                    
                    BASELINE="742 664 1057 675 2530 675 2934 664" 
                    HPOS="738.0"
                    VPOS="609.0"
                    WIDTH="2192.0"
                    HEIGHT="121.0">
            <Shape><Polygon POINTS="738 660 765 625 820 617 1861 617 2005 636 2044 621 2223 629 2242 609 2277 629 2903 617 2930 660 2883 714 2658 714 2627 730 2596 714 2203 718 2180 699 2145 714 1986 718 1920 691 1896 710 1710 718 1671 699 1317 718 1259 691 1127 714 800 702 777 722 742 687"/></Shape>
	    <String CONTENT="ר&#39; חנניה סגן הכהנים אומ&#39; לכך היה סגן ממונה כהן שנמצא בו פסול ישמש תחתיו וכהן"
                    HPOS="738.0"
                    VPOS="609.0"
                    WIDTH="2192.0"
                    HEIGHT="121.0"></String>
          </TextLine>

          
          
          <TextLine ID="eSc_line_1848805"
                    
                    BASELINE="676 757 1391 757 1714 768 2468 768 2934 747" 
                    HPOS="672.0"
                    VPOS="691.0"
                    WIDTH="2258.0"
                    HEIGHT="128.0">
            <Shape><Polygon POINTS="672 753 711 745 746 710 785 726 804 706 858 718 878 702 944 718 1103 702 1127 718 1379 722 1469 706 1702 722 1896 714 1920 691 1943 714 2180 710 2207 726 2631 733 2720 714 2868 714 2930 745 2922 784 2895 807 2728 792 2658 815 2448 815 2398 792 2293 819 2083 799 1970 811 1912 792 1679 807 1655 784 1620 811 1570 796 1543 815 1523 799 1356 811 1321 776 1294 803 1255 776 1208 811 1166 768 1131 803 754 807 699 753"/></Shape>
	    <String CONTENT="גדול חוזר לכהונה וזה ששימש תחתיו כל מצות כהונה גדולה עליו דברי ר&#39; מאיר ר&#39; יוסה"
                    HPOS="672.0"
                    VPOS="691.0"
                    WIDTH="2258.0"
                    HEIGHT="128.0"></String>
          </TextLine>

          
          
          <TextLine ID="eSc_line_1848806"
                    
                    BASELINE="742 850 1026 862 1581 862 1733 854 2188 862 2934 847" 
                    HPOS="738.0"
                    VPOS="768.0"
                    WIDTH="2192.0"
                    HEIGHT="148.0">
            <Shape><Polygon POINTS="738 846 746 815 785 803 1123 807 1162 768 1204 811 1255 772 1286 799 1317 772 1356 811 1535 815 1562 796 1620 811 1647 784 1675 811 1908 799 1974 819 2363 815 2386 792 2444 815 2666 811 2689 792 2810 811 2833 796 2930 846 2891 893 2724 908 2452 897 2300 912 2262 897 2219 912 2063 893 2040 916 1943 893 1838 904 1671 889 1651 904 1578 893 1465 912 1290 885 1092 916 994 889 913 908 742 893"/></Shape>
	    <String CONTENT="או&#39; א&#39;ע&#39;פ&#39; שאמרו כל מצות כהונה עליו אינו כשר לא לכהן גדול ולא לכהן הדיוט אמ&#39;"
                    HPOS="738.0"
                    VPOS="768.0"
                    WIDTH="2192.0"
                    HEIGHT="148.0"></String>
          </TextLine>

          
          
          <TextLine ID="eSc_line_1848807"
                    
                    BASELINE="730 943 1247 955 2561 955 2934 940" 
                    HPOS="726.0"
                    VPOS="893.0"
                    WIDTH="2204.0"
                    HEIGHT="116.0">
            <Shape><Polygon POINTS="726 939 777 900 1072 904 1107 920 1127 900 1193 897 1441 900 1476 916 1527 900 1939 893 2052 916 2071 897 2227 912 2716 912 2864 893 2930 939 2891 990 2845 955 2790 994 2534 994 2503 966 2475 994 2421 970 2398 994 2281 994 2265 1009 2215 982 2180 1005 2141 970 2114 998 2094 994 2056 963 2021 994 1818 994 1741 970 1644 994 1449 982 1434 998 1372 974 1352 994 1298 982 1278 1001 1166 982 789 1001 730 951"/></Shape>
	    <String CONTENT="ר&#39; יוסה מעשה היה ביוסף בן אילים מציפורי ששימש תחת כהן גדול שעה אחת"
                    HPOS="726.0"
                    VPOS="893.0"
                    WIDTH="2204.0"
                    HEIGHT="116.0"></String>
          </TextLine>

          
          
          <TextLine ID="eSc_line_1848808"
                    
                    BASELINE="691 1036 1546 1036 1846 1029 2541 1036 2934 1025" 
                    HPOS="687.0"
                    VPOS="959.0"
                    WIDTH="2243.0"
                    HEIGHT="147.0">
            <Shape><Polygon POINTS="687 1032 823 994 1002 1001 1166 986 1259 990 1278 1005 1298 986 1356 994 1372 978 1430 998 1449 986 1628 998 1721 990 1737 974 1818 994 2024 994 2052 966 2137 1009 2157 990 2192 1005 2211 986 2265 1013 2285 998 2405 1001 2429 978 2503 1009 2545 994 2782 1001 2848 959 2930 1021 2899 1079 2720 1075 2635 1091 2553 1064 2514 1083 2367 1079 2339 1106 2316 1083 2265 1075 2122 1075 2102 1095 2079 1079 1989 1087 1904 1071 1881 1048 1853 1071 1671 1075 1620 1060 1558 1079 1480 1044 1449 1075 1364 1083 1337 1064 1286 1079 1216 1056 1197 1075 1072 1087 1045 1060 1026 1079 960 1075 940 1091 851 1083 812 1052 765 1075 722 1032 699 1032"/></Shape>
	    <String CONTENT="ולא היה כשר לא לכהן גדול ולא לכהן הדיוט כיצא אמר למלך פר ושעיר שקרבו [^]"
                    HPOS="687.0"
                    VPOS="959.0"
                    WIDTH="2243.0"
                    HEIGHT="147.0"></String>
          </TextLine>

          
          
          <TextLine ID="eSc_line_1848809"
                    
                    BASELINE="715 1122 909 1118 1053 1126 1255 1126 1445 1118 1900 1118 2040 1126 2401 1126 2934 1106" 
                    HPOS="711.0"
                    VPOS="1048.0"
                    WIDTH="2219.0"
                    HEIGHT="140.0">
            <Shape><Polygon POINTS="711 1118 789 1075 944 1098 1045 1071 1064 1087 1173 1083 1220 1064 1239 1079 1337 1075 1364 1098 1387 1075 1449 1079 1480 1048 1546 1083 1620 1067 1850 1079 1877 1048 1904 1075 1986 1091 2001 1075 2071 1083 2098 1102 2126 1079 2281 1079 2339 1114 2367 1083 2553 1071 2627 1091 2880 1075 2930 1102 2887 1157 2806 1149 2786 1172 2689 1145 2670 1168 2561 1149 2518 1165 2164 1157 2017 1176 1993 1157 1916 1157 1885 1130 1857 1149 1729 1168 1609 1157 1574 1126 1508 1172 1356 1153 1286 1168 928 1157 796 1168 777 1188 715 1130"/></Shape>
	    <String CONTENT="היום משל מי היו משלי או משל כהן גדול ידע המלך על מה אמ&#39; לו אמ&#39; לו מה זה בן"
                    HPOS="711.0"
                    VPOS="1048.0"
                    WIDTH="2219.0"
                    HEIGHT="140.0"></String>
          </TextLine>

          
          
          <TextLine ID="eSc_line_1848810"
                    
                    BASELINE="742 1207 948 1199 2934 1199" 
                    HPOS="738.0"
                    VPOS="1122.0"
                    WIDTH="2192.0"
                    HEIGHT="140.0">
            <Shape><Polygon POINTS="738 1203 843 1165 1508 1168 1574 1122 1612 1161 1850 1157 1885 1130 1912 1157 1993 1161 2013 1180 2032 1161 2670 1165 2697 1145 2782 1172 2806 1153 2880 1157 2930 1196 2868 1246 2607 1250 2553 1223 2530 1246 2468 1231 2448 1250 2137 1242 2056 1246 2040 1262 1962 1223 1943 1242 1885 1231 1799 1250 1539 1254 1480 1238 1243 1254 1200 1231 1150 1250 956 1262 785 1246 742 1203"/></Shape>
	    <String CONTENT="אילים לא דייך ששימשת תחת כהן גדול שעה אחת לפני מי שאמר והיה העולם ﭏא"
                    HPOS="738.0"
                    VPOS="1122.0"
                    WIDTH="2192.0"
                    HEIGHT="140.0"></String>
          </TextLine>

          
          
          <TextLine ID="eSc_line_1848811"
                    
                    BASELINE="754 1285 1037 1297 1830 1293 2421 1297 2918 1281" 
                    HPOS="750.0"
                    VPOS="1227.0"
                    WIDTH="2165.0"
                    HEIGHT="132.0">
            <Shape><Polygon POINTS="750 1281 796 1242 963 1262 1177 1250 1208 1231 1239 1258 1543 1258 1923 1246 1962 1227 2032 1262 2126 1246 2460 1262 2479 1242 2534 1254 2557 1231 2596 1254 2880 1246 2915 1277 2891 1328 2697 1328 2596 1355 2499 1331 2328 1331 2308 1347 2273 1324 2246 1339 2114 1335 2071 1331 2048 1308 1997 1335 1838 1320 1822 1335 1721 1324 1609 1343 1566 1328 1453 1347 1294 1328 1200 1339 1169 1308 1138 1339 928 1339 909 1359 843 1320 812 1316 792 1335 754 1324"/></Shape>
	    <String CONTENT="שאתה מבקש ליטול לך כהונה גדולה באותה שעה ידע בן אילים שהוסע מן [ה&#39;]"
                    HPOS="750.0"
                    VPOS="1227.0"
                    WIDTH="2165.0"
                    HEIGHT="132.0"></String>
          </TextLine>

          
          
          <TextLine ID="eSc_line_1848812"
                    
                    BASELINE="734 1374 1414 1386 1667 1374 2930 1366" 
                    HPOS="730.0"
                    VPOS="1316.0"
                    WIDTH="2196.0"
                    HEIGHT="128.0">
            <Shape><Polygon POINTS="730 1370 816 1320 905 1359 998 1339 1162 1347 1177 1331 1395 1347 1492 1331 2024 1339 2048 1316 2075 1339 2503 1335 2569 1359 2639 1335 2880 1331 2926 1363 2860 1421 2689 1421 2596 1366 2549 1405 2499 1382 2429 1425 2401 1409 2332 1429 2219 1421 2195 1444 2168 1425 1943 1429 1912 1398 1815 1436 1784 1417 1546 1425 1519 1409 1496 1432 1461 1409 1317 1429 1146 1413 831 1432 757 1425 734 1405"/></Shape>
	    <String CONTENT="הכהונה ˙ כיצד כהן גדול נוטל חלק מראש או&#39; זו חטאת שלי זה אשם שלי"
                    HPOS="730.0"
                    VPOS="1316.0"
                    WIDTH="2196.0"
                    HEIGHT="128.0"></String>
          </TextLine>

          
          
          <TextLine ID="eSc_line_1848813"
                    
                    BASELINE="722 1471 1476 1479 1585 1471 2308 1471 2499 1464 2794 1464 2934 1471" 
                    HPOS="719.0"
                    VPOS="1398.0"
                    WIDTH="2211.0"
                    HEIGHT="128.0">
            <Shape><Polygon POINTS="719 1467 792 1432 1181 1436 1216 1421 1278 1436 1449 1413 1484 1432 1756 1429 1780 1413 1811 1436 1885 1421 1908 1398 1943 1429 2172 1429 2192 1444 2215 1429 2378 1429 2405 1409 2600 1429 2775 1429 2825 1413 2883 1425 2930 1467 2903 1514 2786 1510 2767 1495 2670 1514 2491 1514 2464 1498 2149 1526 2009 1518 1958 1491 1931 1518 1768 1510 1745 1487 1714 1514 1632 1518 1449 1506 1197 1522 1169 1498 1123 1526 1084 1506 1053 1522 909 1526 808 1522 726 1471"/></Shape>
	    <String CONTENT="חלה אחת משתי חלות ארבע וחמש חלות מלחם הפנים ר&#39; אומ&#39; אומ&#39; אני שיהא זה"
                    HPOS="719.0"
                    VPOS="1398.0"
                    WIDTH="2211.0"
                    HEIGHT="128.0"></String>
          </TextLine>

          
          
          <TextLine ID="eSc_line_1848814"
                    
                    BASELINE="726 1564 936 1557 2452 1561 2930 1549" 
                    HPOS="722.0"
                    VPOS="1487.0"
                    WIDTH="2204.0"
                    HEIGHT="136.0">
            <Shape><Polygon POINTS="722 1561 773 1522 839 1514 1088 1514 1158 1530 1181 1514 1597 1522 1702 1518 1745 1487 1772 1514 1908 1510 1939 1526 1966 1502 2149 1522 2510 1502 2740 1514 2767 1495 2790 1514 2887 1514 2926 1545 2883 1603 2755 1592 2635 1607 2573 1588 2514 1603 2234 1599 2207 1615 2184 1599 2048 1599 2021 1580 2001 1599 1853 1599 1834 1619 1772 1596 1690 1607 1663 1580 1640 1599 1554 1592 1519 1607 1383 1607 1356 1580 1329 1607 1255 1603 1235 1623 1177 1603 862 1615 777 1596 742 1561"/></Shape>
	    <String CONTENT="נוטל מחצה שנ&#39; והנותרת מן המנחה לאהרון ולבניו שיהא אהרן שקול כנגד בניו במי"
                    HPOS="722.0"
                    VPOS="1487.0"
                    WIDTH="2204.0"
                    HEIGHT="136.0"></String>
          </TextLine>

          
          
          <TextLine ID="eSc_line_1848815"
                    
                    BASELINE="746 1654 1908 1650 2596 1654 2934 1639" 
                    HPOS="742.0"
                    VPOS="1584.0"
                    WIDTH="2188.0"
                    HEIGHT="124.0">
            <Shape><Polygon POINTS="742 1650 792 1603 1239 1623 1317 1599 1348 1623 1368 1603 1527 1619 1578 1596 1655 1623 1671 1607 1803 1607 1830 1627 1853 1607 2001 1607 2024 1584 2052 1603 2203 1615 2293 1599 2833 1603 2887 1607 2930 1638 2891 1685 2829 1693 2798 1662 2759 1693 2576 1673 2444 1697 2409 1681 2238 1697 2192 1665 2168 1689 2137 1669 2118 1689 1958 1704 1912 1681 1885 1704 1834 1685 1772 1700 1535 1689 1449 1708 1372 1693 1084 1693 1053 1708 1029 1689 987 1700 952 1685 781 1700 746 1665"/></Shape>
	    <String CONTENT="דברים אמורים בקדשי מקדש אבל בקדשי הגבול אחד כהן גדול ואחד כהן הדיוט [ח&#39;]"
                    HPOS="742.0"
                    VPOS="1584.0"
                    WIDTH="2188.0"
                    HEIGHT="124.0"></String>
          </TextLine>

          
          
          <TextLine ID="eSc_line_1848828"
                    
                    BASELINE="746 1747 1838 1747 2048 1735 2091 1739 2934 1724" 
                    HPOS="742.0"
                    VPOS="1673.0"
                    WIDTH="2188.0"
                    HEIGHT="124.0">
            <Shape><Polygon POINTS="742 1743 773 1708 827 1697 1076 1712 1853 1689 1888 1704 1912 1681 1955 1700 2137 1700 2192 1673 2234 1697 2899 1685 2930 1720 2903 1763 2747 1794 2666 1766 2464 1782 2436 1759 2409 1782 2351 1770 2328 1794 2246 1770 2091 1770 2028 1790 1900 1770 1803 1782 1756 1755 1698 1790 998 1797 913 1790 890 1770 808 1790 750 1743"/></Shape>
	    <String CONTENT="חולקין בשוה מצות כהן גדול להיות גדול מאחיו בנוי בכח בעשר בחכמה ובמראה"
                    HPOS="742.0"
                    VPOS="1673.0"
                    WIDTH="2188.0"
                    HEIGHT="124.0"></String>
          </TextLine>

          
          
          <TextLine ID="eSc_line_1848829"
                    
                    BASELINE="742 1829 1166 1840 1927 1821 2503 1825 2934 1814" 
                    HPOS="738.0"
                    VPOS="1763.0"
                    WIDTH="2192.0"
                    HEIGHT="132.0">
            <Shape><Polygon POINTS="738 1825 804 1794 1756 1794 1780 1770 2036 1790 2126 1766 2153 1782 2300 1778 2328 1801 2351 1778 2413 1786 2436 1763 2456 1782 2662 1763 2744 1794 2895 1774 2930 1813 2915 1860 2821 1891 2755 1856 2670 1871 2635 1856 2619 1871 2592 1856 2316 1871 2254 1867 2227 1848 2110 1875 2071 1844 2005 1891 1939 1871 1671 1875 1640 1848 1616 1875 1574 1864 1535 1887 1504 1871 1173 1887 983 1875 897 1895 823 1871 785 1883 742 1840"/></Shape>
	    <String CONTENT="אין לו מניין שיגדלוהו אחיו שנ&#39; והכהן הגדול מאחיו שיגדלוהו אחיו אמרו עליו [^]"
                    HPOS="738.0"
                    VPOS="1763.0"
                    WIDTH="2192.0"
                    HEIGHT="132.0"></String>
          </TextLine>

          
          
          <TextLine ID="eSc_line_1848830"
                    
                    BASELINE="730 1926 1721 1933 2075 1918 2460 1918 2934 1900" 
                    HPOS="726.0"
                    VPOS="1840.0"
                    WIDTH="2204.0"
                    HEIGHT="152.0">
            <Shape><Polygon POINTS="726 1922 757 1918 796 1879 905 1898 1216 1879 1535 1891 1550 1875 1612 1883 1644 1852 1675 1883 1939 1871 2009 1887 2071 1840 2106 1875 2192 1871 2230 1848 2254 1871 2588 1864 2623 1879 2639 1864 2755 1864 2821 1891 2907 1867 2930 1898 2903 1953 2802 1964 2390 1964 2363 1945 2347 1961 2234 1968 2199 1941 2168 1964 2083 1964 2044 1930 2009 1964 1978 1968 1822 1964 1791 1980 1717 1961 1527 1976 1185 1964 1158 1992 1115 1968 956 1976 882 1930 804 1984 738 1926"/></Shape>
	    <String CONTENT="על פנחס איש חכתה שעלה גורלו להיות כהן גדול והלכו אחריו גזברין ואמרכלין [מ&#39;]"
                    HPOS="726.0"
                    VPOS="1840.0"
                    WIDTH="2204.0"
                    HEIGHT="152.0"></String>
          </TextLine>

          
          
          <TextLine ID="eSc_line_1848817"
                    
                    BASELINE="730 2015 874 2027 1927 2019 2464 2003 2934 1996" 
                    HPOS="726.0"
                    VPOS="1933.0"
                    WIDTH="2204.0"
                    HEIGHT="148.0">
            <Shape><Polygon POINTS="726 2011 812 1988 862 1937 882 1957 925 1949 960 1984 1099 1972 1154 1992 1344 1961 1403 1980 1772 1964 1962 1976 2009 1972 2048 1933 2087 1972 2172 1964 2195 1941 2265 1972 2367 1957 2903 1953 2930 1992 2918 2038 2837 2050 2133 2046 2102 2065 1791 2054 1756 2069 1620 2069 1554 2046 1511 2065 1414 2050 1348 2069 1274 2038 1243 2069 1111 2065 1064 2081 870 2058 847 2077 823 2062 789 2077 734 2030"/></Shape>
	    <String CONTENT="מצאוהו כשהוא חוצב ומילאו עליו את המחצב דינרי זהב אמ&#39; ר&#39; חנינא בן גמליﭏ לא"
                    HPOS="726.0"
                    VPOS="1933.0"
                    WIDTH="2204.0"
                    HEIGHT="148.0"></String>
          </TextLine>

          
          
          <TextLine ID="eSc_line_1848818"
                    
                    BASELINE="746 2112 1628 2108 1787 2100 2199 2104 2934 2082" 
                    HPOS="742.0"
                    VPOS="2038.0"
                    WIDTH="2188.0"
                    HEIGHT="128.0">
            <Shape><Polygon POINTS="742 2108 812 2062 839 2081 1068 2081 1111 2065 1243 2065 1270 2038 1313 2069 1395 2069 1414 2050 1441 2065 1570 2054 1612 2069 1749 2069 1888 2054 2091 2065 2199 2050 2343 2062 2891 2042 2915 2046 2930 2081 2883 2128 2747 2135 1958 2147 1927 2120 1908 2139 1842 2143 1193 2147 1049 2166 858 2147 785 2163 746 2124"/></Shape>
	    <String CONTENT="סתת היה והלא חתנינו היה ומצאוהו כשהוא חורש כמה שנ&#39; באלישע שנים עשר [צ&#39;]"
                    HPOS="742.0"
                    VPOS="2038.0"
                    WIDTH="2188.0"
                    HEIGHT="128.0"></String>
          </TextLine>

          
          
          <TextLine ID="eSc_line_1848819"
                    
                    BASELINE="761 2197 1321 2197 1842 2190 2188 2178 2619 2178 2934 2161" 
                    HPOS="757.0"
                    VPOS="2128.0"
                    WIDTH="2173.0"
                    HEIGHT="120.0">
            <Shape><Polygon POINTS="757 2194 777 2166 843 2151 928 2166 1395 2147 1593 2159 1780 2139 1923 2151 1939 2131 2145 2147 2234 2131 2903 2128 2930 2159 2876 2213 2448 2213 2425 2236 2378 2217 2297 2225 2227 2209 2133 2229 1931 2221 1912 2240 1360 2240 1298 2236 1267 2213 1239 2240 901 2244 862 2229 812 2248 761 2213"/></Shape>
	    <String CONTENT="צמדים והוא בשנים העשר משרבו מלכים התקינו להיות מעמידין כהנים והיו [מעמ&#39;]"
                    HPOS="757.0"
                    VPOS="2128.0"
                    WIDTH="2173.0"
                    HEIGHT="120.0"></String>
          </TextLine>

          
          
          <TextLine ID="eSc_line_1848820"
                    
                    BASELINE="722 2279 1267 2279 1554 2271 1799 2275 2075 2263 2872 2256 2934 2249" 
                    HPOS="719.0"
                    VPOS="2201.0"
                    WIDTH="2211.0"
                    HEIGHT="132.0">
            <Shape><Polygon POINTS="719 2275 785 2240 1243 2240 1267 2217 1375 2248 1543 2229 1916 2240 1935 2221 2063 2232 2227 2217 2378 2217 2429 2240 2452 2217 2751 2221 2915 2201 2930 2248 2918 2295 2771 2291 2709 2310 2596 2302 2569 2318 2549 2302 2433 2295 2203 2310 2180 2287 2153 2310 2129 2291 2056 2295 2024 2275 1947 2310 1912 2291 1892 2310 1818 2322 1274 2322 1235 2302 1208 2318 1177 2295 1154 2318 1107 2326 917 2333 827 2318 792 2330 738 2275"/></Shape>
	    <String CONTENT="מעמידין אותן בכל שנה ושנה ˙ למה פורש ובוכה מפני שצריך להשביעו למה"
                    HPOS="719.0"
                    VPOS="2201.0"
                    WIDTH="2211.0"
                    HEIGHT="132.0"></String>
          </TextLine>

          
          
          <TextLine ID="eSc_line_1848821"
                    
                    BASELINE="738 2357 1169 2364 1578 2349 2044 2353 2273 2341 2934 2326" 
                    HPOS="734.0"
                    VPOS="2291.0"
                    WIDTH="2196.0"
                    HEIGHT="128.0">
            <Shape><Polygon POINTS="734 2353 773 2349 812 2318 909 2337 1228 2310 1270 2326 1717 2310 1904 2322 1923 2302 2028 2298 2180 2318 2223 2302 2565 2314 2596 2298 2709 2310 2775 2291 2895 2295 2930 2322 2880 2384 2821 2372 2763 2380 2744 2399 2709 2380 2592 2399 2565 2380 2479 2396 2417 2380 2339 2399 2215 2380 2075 2403 1927 2392 1791 2407 1679 2392 1270 2407 1239 2392 998 2419 971 2403 789 2407 742 2361"/></Shape>
	    <String CONTENT="פורשין ובוכין מפני שצרכו להשביעו ולמה צרכו להשביעו שכבר היה מעשה [בבית&#39;]"
                    HPOS="734.0"
                    VPOS="2291.0"
                    WIDTH="2196.0"
                    HEIGHT="128.0"></String>
          </TextLine>

          
          
          <TextLine ID="eSc_line_1848822"
                    
                    BASELINE="761 2454 1853 2450 2215 2434 2934 2420" 
                    HPOS="757.0"
                    VPOS="2380.0"
                    WIDTH="2173.0"
                    HEIGHT="128.0">
            <Shape><Polygon POINTS="757 2450 808 2403 971 2407 1006 2423 1251 2396 1438 2411 2211 2388 2316 2399 2413 2384 2596 2403 2899 2380 2930 2419 2915 2473 2600 2465 2456 2489 2355 2462 2265 2493 2242 2473 2032 2485 1966 2469 1939 2496 1877 2469 1850 2496 1729 2485 1647 2500 1609 2481 1550 2508 1480 2485 1430 2496 1399 2465 1364 2493 1325 2481 1193 2504 1061 2500 1018 2469 952 2504 897 2489 847 2504 792 2493 761 2462"/></Shape>
	    <String CONTENT="בביתסי אחד שהקטיר עד שהוא בחוץ ויצאה ענן הקטרת והרתיע את כל הבית [ש&#39;]"
                    HPOS="757.0"
                    VPOS="2380.0"
                    WIDTH="2173.0"
                    HEIGHT="128.0"></String>
          </TextLine>

          
          
          <TextLine ID="eSc_line_1848823"
                    
                    BASELINE="769 2543 1026 2535 1733 2539 2207 2520 2518 2524 2954 2506" 
                    HPOS="765.0"
                    VPOS="2462.0"
                    WIDTH="2188.0"
                    HEIGHT="135.0">
            <Shape><Polygon POINTS="765 2539 800 2493 975 2508 1026 2469 1057 2500 1321 2500 1360 2496 1395 2462 1434 2496 1492 2489 1550 2516 1574 2493 1659 2504 1780 2485 1846 2500 1881 2469 1943 2504 1966 2477 2277 2489 2386 2473 2464 2496 2522 2473 2899 2469 2934 2477 2953 2504 2903 2555 2806 2551 2728 2570 2631 2566 2607 2543 2580 2570 2565 2555 2510 2578 2386 2555 2324 2574 2044 2582 1993 2547 1900 2582 1741 2570 1717 2594 1410 2574 1212 2590 1189 2574 1150 2586 1123 2563 1057 2590 909 2597 769 2570"/></Shape>
	    <String CONTENT="שהיו ביתסין יקטיר עד שהוא בחוץ שנ&#39; וכסה ענן אמרו להם חכמים והלא כבר [נא&#39;]"
                    HPOS="765.0"
                    VPOS="2462.0"
                    WIDTH="2188.0"
                    HEIGHT="135.0"></String>
          </TextLine>

          
          
          <TextLine ID="eSc_line_1848824"
                    
                    BASELINE="750 2632 1504 2632 1951 2617 2503 2617 2954 2602" 
                    HPOS="746.0"
                    VPOS="2547.0"
                    WIDTH="2207.0"
                    HEIGHT="140.0">
            <Shape><Polygon POINTS="746 2629 808 2594 1068 2601 1115 2570 1154 2590 1305 2578 1352 2594 1717 2594 1741 2574 1803 2590 1904 2586 1943 2566 1978 2597 2005 2570 2056 2582 2557 2566 2596 2582 2615 2563 2782 2570 2810 2547 2903 2559 2953 2601 2911 2644 2701 2660 2378 2648 2355 2663 2316 2652 2017 2667 1962 2652 1869 2671 1756 2675 1721 2660 1543 2675 1508 2648 1469 2671 1391 2679 1302 2667 1274 2683 1181 2663 1002 2687 808 2687 750 2629"/></Shape>
	    <String CONTENT="נאמ&#39; ונתן את הקטרת את האש לפני ייי הא כל המקטיר אין מקטיר ﭏא בפנים אם"
                    HPOS="746.0"
                    VPOS="2547.0"
                    WIDTH="2207.0"
                    HEIGHT="140.0"></String>
          </TextLine>

          
          
          <TextLine ID="eSc_line_1848825"
                    
                    BASELINE="761 2714 979 2722 1127 2714 1364 2714 1578 2706 2005 2710 2475 2695 2771 2695 2954 2681" 
                    HPOS="757.0"
                    VPOS="2644.0"
                    WIDTH="2196.0"
                    HEIGHT="132.0">
            <Shape><Polygon POINTS="757 2710 804 2687 1006 2687 1096 2679 1111 2663 1278 2691 1360 2667 1476 2671 1504 2648 1589 2683 1663 2667 2308 2652 2495 2667 2623 2644 2689 2660 2938 2644 2953 2679 2883 2745 2592 2733 2359 2753 2262 2729 2242 2749 2172 2737 2114 2753 2017 2745 1993 2722 1966 2753 1947 2741 1857 2761 1822 2737 1791 2768 1760 2753 1717 2761 1679 2733 1655 2761 1558 2768 1504 2753 1379 2757 1360 2772 1337 2757 1232 2764 1200 2745 1181 2764 975 2761 960 2776 905 2776 812 2768 761 2718"/></Shape>
	    <String CONTENT="כן למה נאמ&#39; וסמה ענן הקטרת מלמד שנותן בהן מעלה עשן הא אם לא נתן בה"
                    HPOS="757.0"
                    VPOS="2644.0"
                    WIDTH="2196.0"
                    HEIGHT="132.0"></String>
          </TextLine>

          
          
          <TextLine ID="eSc_line_1848826"
                    
                    BASELINE="754 2815 1131 2807 1900 2803 2328 2788 2615 2788 2938 2772" 
                    HPOS="750.0"
                    VPOS="2733.0"
                    WIDTH="2184.0"
                    HEIGHT="140.0">
            <Shape><Polygon POINTS="750 2811 812 2772 952 2776 971 2796 998 2764 1185 2772 1208 2749 1228 2764 1356 2772 1667 2772 1694 2749 1710 2764 1764 2757 1803 2772 1830 2745 1846 2761 1986 2761 2005 2741 2087 2757 2242 2745 2269 2761 2316 2737 2398 2757 2452 2741 2635 2749 2810 2733 2880 2753 2922 2737 2934 2768 2926 2819 2907 2827 2821 2834 2778 2819 2689 2838 2604 2823 2580 2842 2561 2823 2440 2823 2398 2842 2230 2827 2192 2846 2176 2830 2122 2830 2091 2850 1986 2827 1943 2850 1846 2854 1795 2834 1651 2858 1574 2834 1461 2858 1430 2842 1356 2854 1302 2827 1282 2846 1169 2862 1080 2838 1037 2862 839 2873 773 2811"/></Shape>
	    <String CONTENT="מעלה עשן חייב מיתה כשיצא אמ&#39; לאביו כל ימיכם הייתם דורשין ולא הייתם עושין"
                    HPOS="750.0"
                    VPOS="2733.0"
                    WIDTH="2184.0"
                    HEIGHT="140.0"></String>
          </TextLine>

          
          
          <TextLine ID="eSc_line_1848827"
                    
                    BASELINE="777 2908 1131 2900 1527 2900 2223 2881 2607 2877 2926 2865 2954 2857" 
                    HPOS="773.0"
                    VPOS="2823.0"
                    WIDTH="2180.0"
                    HEIGHT="139.0">
            <Shape><Polygon POINTS="773 2904 804 2873 855 2865 1282 2862 1305 2838 1333 2854 1492 2862 1566 2842 1585 2858 1935 2850 1986 2830 2040 2846 2102 2846 2118 2830 2133 2846 2164 2830 2188 2846 2285 2830 2580 2842 2607 2823 2681 2838 2911 2827 2953 2854 2876 2924 2813 2908 2705 2928 2642 2904 2510 2928 2312 2912 2289 2935 2250 2916 2192 2935 2071 2916 1986 2943 1920 2928 1807 2943 1760 2912 1737 2935 1640 2943 1616 2924 1589 2947 1515 2943 1461 2916 1418 2947 1344 2935 1278 2955 1212 2916 1134 2955 967 2959 948 2943 858 2962 789 2904"/></Shape>
	    <String CONTENT="עד שעמדתי ועשיתי אני אמ&#39; לו א&#39;ע&#39;פ&#39; שאנו דורשין ואין אנו עושין שומעין אנו"
                    HPOS="773.0"
                    VPOS="2823.0"
                    WIDTH="2180.0"
                    HEIGHT="139.0"></String>
          </TextLine>

          
          
          <TextLine ID="eSc_line_1848802"
                    
                    BASELINE="750 2997 1123 2994 1263 2986 1690 2986 1927 2974 2355 2970 2782 2955 2954 2958" 
                    HPOS="746.0"
                    VPOS="2904.0"
                    WIDTH="2207.0"
                    HEIGHT="148.0">
            <Shape><Polygon POINTS="746 2994 785 2986 820 2951 967 2966 1045 2951 1208 2959 1228 2935 1410 2951 1465 2912 1511 2943 1601 2955 1624 2931 1721 2951 1772 2908 1815 2947 2227 2920 2297 2943 2320 2920 2646 2912 2876 2928 2899 2904 2953 2955 2887 3001 2848 3005 2763 2990 2650 3009 2460 3001 2308 3021 2281 2994 2168 3021 2052 3021 1997 2997 1974 3021 1943 3001 1904 3029 1539 3025 1519 3040 1267 3036 1232 3005 1197 3044 1064 3029 1045 3048 994 3036 979 3052 921 3032 874 3052 831 3044 765 2994"/></Shape>
	    <String CONTENT="לדברי חכמים תמהני עליך אם תאריך ימים לא שהא שלשה ימים עד שנתנוהו"
                    HPOS="746.0"
                    VPOS="2904.0"
                    WIDTH="2207.0"
                    HEIGHT="148.0"></String>
          </TextLine>

          
          
          <TextLine ID="eSc_line_1848800"
                    
                    BASELINE="734 3095 1158 3079 1356 3083 1721 3075 2262 3048 2954 3036" 
                    HPOS="730.0"
                    VPOS="2997.0"
                    WIDTH="2223.0"
                    HEIGHT="148.0">
            <Shape><Polygon POINTS="730 3091 823 3044 1006 3040 1045 3056 1064 3036 1235 3048 1255 3032 1395 3029 1515 3044 1535 3029 1655 3036 1706 3021 1978 3025 1997 3005 2032 3021 2176 3021 2250 2997 2316 3025 2370 3005 2421 3017 2922 2997 2942 3001 2953 3032 2926 3095 2864 3102 2689 3067 2615 3091 2339 3087 2320 3110 2265 3102 2215 3122 2164 3095 2145 3118 2110 3102 1908 3102 1842 3133 1671 3126 1616 3106 1546 3126 1461 3122 1426 3091 1379 3129 1123 3137 1026 3106 1006 3133 979 3137 944 3114 925 3137 831 3145 746 3091"/></Shape>
	    <String CONTENT="בקברו ˙ אי זהו אצבע הצרדה זו אצבע גדולה של ימין בפה לא בנבל ולא בכנור"
                    HPOS="730.0"
                    VPOS="2997.0"
                    WIDTH="2223.0"
                    HEIGHT="148.0"></String>
          </TextLine>

          
          
          <TextLine ID="eSc_line_1848795"
                    
                    BASELINE="769 3180 1099 3172 1566 3172 1912 3157 2091 3161 2506 3141 2954 3141" 
                    HPOS="765.0"
                    VPOS="3083.0"
                    WIDTH="2188.0"
                    HEIGHT="151.0">
            <Shape><Polygon POINTS="765 3176 835 3141 882 3149 901 3133 944 3149 1002 3133 1029 3106 1111 3141 1372 3133 1410 3091 1461 3129 1500 3114 1519 3133 1647 3118 1838 3133 1916 3098 1951 3118 2075 3102 2145 3118 2168 3102 2215 3122 2281 3102 2538 3102 2561 3087 2607 3102 2639 3083 2701 3102 2942 3098 2953 3137 2922 3184 2880 3164 2845 3192 2506 3176 2475 3195 2386 3203 2293 3199 2258 3176 2195 3203 2118 3192 2098 3207 2056 3192 1978 3211 1896 3184 1846 3211 1737 3223 1523 3223 1469 3195 1414 3219 1321 3219 1270 3195 1146 3234 1033 3215 870 3230 785 3176"/></Shape>
	    <String CONTENT="מה היו אומ&#39; שיר המעלות לשלמה אם ייי לא יבנה בית וגו&#39; לא היו ישנין כל הלילה"
                    HPOS="765.0"
                    VPOS="3083.0"
                    WIDTH="2188.0"
                    HEIGHT="151.0"></String>
          </TextLine>

          
          
          <TextLine ID="eSc_line_1848796"
                    
                    BASELINE="816 3262 1496 3269 2954 3224" 
                    HPOS="812.0"
                    VPOS="3176.0"
                    WIDTH="2141.0"
                    HEIGHT="155.0">
            <Shape><Polygon POINTS="812 3262 827 3219 893 3238 936 3223 1115 3223 1142 3238 1158 3219 1208 3230 1228 3211 1741 3223 1900 3199 2153 3207 2238 3199 2262 3176 2289 3203 2471 3199 2499 3184 2880 3195 2903 3176 2942 3192 2953 3223 2918 3273 2740 3273 2720 3293 2639 3250 2604 3285 2506 3269 2483 3289 2401 3293 2335 3265 2316 3289 2242 3293 2184 3273 2091 3300 2028 3293 2001 3320 1966 3296 1717 3300 1682 3316 1644 3296 1453 3312 1387 3300 1286 3316 1232 3312 1208 3289 1185 3312 1096 3316 1057 3293 901 3331 866 3304 847 3320 820 3308"/></Shape>
	    <String CONTENT="ﭏא שוקדין כנגד כהן גדול כדי לעסקו בהבראה כך היו נוהגין בגבולין אחר חורבן [ה&#39;]"
                    HPOS="812.0"
                    VPOS="3176.0"
                    WIDTH="2141.0"
                    HEIGHT="155.0"></String>
          </TextLine>

          
          
          <TextLine ID="eSc_line_1848798"
                    
                    BASELINE="800 3366 963 3359 1224 3359 1496 3347 1834 3343 2172 3328 2557 3331 2954 3313" 
                    HPOS="796.0"
                    VPOS="3250.0"
                    WIDTH="2157.0"
                    HEIGHT="167.0">
            <Shape><Polygon POINTS="796 3362 823 3324 1189 3316 1208 3296 1224 3312 1340 3320 1391 3304 1682 3316 1900 3300 1989 3331 2032 3296 2195 3281 2320 3293 2339 3312 2359 3289 2409 3293 2425 3277 2456 3293 2506 3277 2604 3285 2639 3250 2716 3296 2759 3273 2918 3277 2953 3312 2883 3370 2335 3366 2184 3382 2161 3362 2098 3382 2048 3378 2017 3347 1986 3343 1962 3362 1927 3351 1888 3386 1799 3397 1772 3382 1675 3413 1651 3394 1441 3409 1414 3390 1228 3405 1107 3394 1053 3409 960 3405 940 3390 909 3417 878 3417 800 3362"/></Shape>
	    <String CONTENT="הבית זכר למקדש אבל חוטאין היו ˙ כיצד מפייס נכנסין ללשכת הגזית ומקיפין"
                    HPOS="796.0"
                    VPOS="3250.0"
                    WIDTH="2157.0"
                    HEIGHT="167.0"></String>
          </TextLine>

          
          
          <TextLine ID="eSc_line_1848799"
                    
                    BASELINE="804 3448 1368 3436 1780 3436 2056 3421 2227 3425 2954 3398" 
                    HPOS="800.0"
                    VPOS="3343.0"
                    WIDTH="2153.0"
                    HEIGHT="159.0">
            <Shape><Polygon POINTS="800 3444 827 3413 847 3428 862 3413 913 3417 940 3394 1033 3409 1298 3394 1550 3409 1647 3390 1679 3417 1776 3382 1807 3397 1881 3394 1927 3355 1966 3366 1993 3343 2048 3386 2161 3366 2192 3386 2312 3370 2561 3382 2600 3366 2942 3362 2953 3397 2915 3448 2860 3463 2806 3456 2747 3421 2701 3463 2094 3460 1853 3487 1780 3467 1752 3483 1601 3487 1317 3475 1255 3502 1224 3483 878 3498 816 3444"/></Shape>
	    <String CONTENT="ועומדין בכלאים הממונה בא ונוטל מצנפתו של אחד מהן ויודעין שממנו פייס"
                    HPOS="800.0"
                    VPOS="3343.0"
                    WIDTH="2153.0"
                    HEIGHT="159.0"></String>
          </TextLine>

          
          
          <TextLine ID="eSc_line_1848797"
                    
                    BASELINE="800 3522 1235 3533 2067 3502 2650 3498 2954 3478" 
                    HPOS="796.0"
                    VPOS="3421.0"
                    WIDTH="2157.0"
                    HEIGHT="163.0">
            <Shape><Polygon POINTS="796 3518 835 3491 1220 3483 1255 3502 1321 3479 1445 3495 1543 3479 1943 3491 1962 3471 2083 3463 2705 3463 2751 3421 2786 3452 2860 3463 2915 3448 2953 3475 2907 3537 2837 3545 2744 3526 2705 3553 2565 3533 2390 3549 2359 3526 2297 3553 2122 3557 2098 3537 2017 3557 1795 3545 1772 3568 1690 3561 1632 3576 1496 3568 1465 3541 1434 3572 1375 3561 1251 3576 1232 3557 1111 3584 1057 3580 1033 3557 1014 3576 994 3564 890 3584 835 3580 804 3549"/></Shape>
	    <String CONTENT="מתחיל לא היו מוציאין שתים שתים ﭏא אחת אחת היחידים שבהן מוציאין שתים"
                    HPOS="796.0"
                    VPOS="3421.0"
                    WIDTH="2157.0"
                    HEIGHT="163.0"></String>
          </TextLine>

          
          
          <TextLine ID="eSc_line_1848801"
                    
                    BASELINE="777 3626 2864 3584 2954 3578" 
                    HPOS="773.0"
                    VPOS="3533.0"
                    WIDTH="2180.0"
                    HEIGHT="218.0">
            <Shape><Polygon POINTS="773 3623 851 3576 901 3588 1022 3580 1037 3564 1119 3584 1228 3564 1263 3580 1387 3561 1453 3580 1531 3564 1636 3576 1776 3568 1799 3545 1869 3564 1955 3549 2067 3561 2091 3537 2180 3557 2351 3549 2367 3533 2386 3553 2922 3537 2953 3576 2946 3607 2775 3673 2728 3630 2693 3658 2650 3630 2600 3654 2557 3630 2522 3638 2444 3708 2370 3650 2304 3638 2262 3681 2246 3665 2227 3681 2203 3669 2172 3696 2110 3638 2075 3630 2032 3673 1997 3642 1970 3642 1904 3689 1842 3650 1729 3654 1706 3673 1679 3658 1655 3681 1632 3665 1531 3669 1515 3689 1403 3658 1379 3677 1263 3673 1212 3712 1142 3658 1103 3693 1084 3673 963 3673 882 3751 777 3665"/></Shape>
	    <String CONTENT="שתים ולא היו מונין את היתירה ר&#39; יהודה או&#39; לא היה פייס למחתה ﭏא מי שזכה [בק&#39;]"
                    HPOS="773.0"
                    VPOS="3533.0"
                    WIDTH="2180.0"
                    HEIGHT="218.0"></String>
          </TextLine>

          
        </TextBlock>
        

        
      </PrintSpace>
    </Page>
  </Layout>
</alto>
