<?xml version="1.0" encoding="UTF-8"?>
<alto xmlns:xsi="http://www.w3.org/2001/XMLSchema-instance"
      xmlns="http://www.loc.gov/standards/alto/ns-v4#"
      xsi:schemaLocation="http://www.loc.gov/standards/alto/ns-v4# http://www.loc.gov/standards/alto/v4/alto-4-2.xsd">
  <Description>
    <MeasurementUnit>pixel</MeasurementUnit>
    <sourceImageInformation>
      <fileName>Cod.Hebr.20_135v.jpg</fileName>
      
    </sourceImageInformation>
  </Description>
  
  <Tags>
    <OtherTag ID="BT1" LABEL="Title" DESCRIPTION="block type Title"/><OtherTag ID="BT2" LABEL="Main" DESCRIPTION="block type Main"/><OtherTag ID="BT3" LABEL="Commentary" DESCRIPTION="block type Commentary"/><OtherTag ID="BT4" LABEL="Illustration" DESCRIPTION="block type Illustration"/><OtherTag ID="BT747" LABEL="Hole" DESCRIPTION="block type Hole"/><OtherTag ID="BT748" LABEL="Margin" DESCRIPTION="block type Margin"/><OtherTag ID="BT749" LABEL="Paratext" DESCRIPTION="block type Paratext"/>
    <OtherTag ID="LT3" LABEL="Correction" DESCRIPTION="line type Correction"/>
  </Tags>
  
  <Layout>
    <Page WIDTH="3701"
          HEIGHT="4602"
          PHYSICAL_IMG_NR="256"
          ID="eSc_dummypage_">
      <PrintSpace HPOS="0"
                  VPOS="0"
                  WIDTH="3701"
                  HEIGHT="4602">
        
        <TextBlock HPOS="523.0"
                   VPOS="392.0"
                   WIDTH="2182.0"
                   HEIGHT="3228.0"
                   ID="eSc_textblock_89c05a8d"
                   TAGREFS="BT2">
          <Shape><Polygon POINTS="523 392 2705 392 2705 3620 523 3620"/></Shape>
          
          
          <TextLine ID="eSc_line_1852390"
                    
                    BASELINE="490 471 1211 467 2711 489" 
                    HPOS="479.0"
                    VPOS="387.0"
                    WIDTH="2228.0"
                    HEIGHT="157.0">
            <Shape><Polygon POINTS="487 467 487 421 908 421 966 387 970 387 970 387 970 387 974 387 974 387 977 387 977 387 977 387 981 387 981 387 981 387 1043 418 1468 395 1472 395 1472 395 1472 395 1476 395 1476 395 1476 395 1480 395 1480 395 1522 429 1522 433 1595 433 1618 433 1691 395 1691 395 1691 395 1695 395 1695 395 1699 395 1699 395 1994 433 2067 402 2067 402 2071 402 2071 402 2074 402 2285 402 2285 402 2285 402 2289 402 2289 402 2289 402 2293 402 2335 433 2512 406 2512 406 2515 406 2515 406 2515 406 2519 406 2519 406 2519 406 2523 406 2573 441 2577 444 2703 444 2707 487 2696 544 479 521"/></Shape>
	    <String CONTENT="מתחלל בדבר אמ&#39; לה לאחר שזכין לו לאדם חבין לו אחר שעשינוה מלכה ועשינוה גברה"
                    HPOS="479.0"
                    VPOS="387.0"
                    WIDTH="2228.0"
                    HEIGHT="157.0"></String>
          </TextLine>

          
          
          <TextLine ID="eSc_line_1852394"
                    
                    BASELINE="521 575 790 575 1273 559 1511 567 2136 571 2711 585" 
                    HPOS="510.0"
                    VPOS="506.0"
                    WIDTH="2197.0"
                    HEIGHT="130.0">
            <Shape><Polygon POINTS="517 571 513 529 1227 506 1231 506 2703 536 2707 582 2700 617 1986 636 1982 636 1982 636 1978 636 1978 636 1978 636 1975 636 1975 636 1975 632 1955 617 1955 617 1948 617 1741 632 1737 632 510 609"/></Shape>
	    <String CONTENT="והכנסנוה לגדולה זו נטרדנה מתוך בתינו מה הבריות אומרות עלינו לא נמצא שם שמים"
                    HPOS="510.0"
                    VPOS="506.0"
                    WIDTH="2197.0"
                    HEIGHT="130.0"></String>
          </TextLine>

          
          
          <TextLine ID="eSc_line_1852416"
                    
                    BASELINE="579 659 770 667 1200 651 1426 651 1860 667 2692 659" 
                    HPOS="575.0"
                    VPOS="594.0"
                    WIDTH="2113.0"
                    HEIGHT="126.0">
            <Shape><Polygon POINTS="575 655 586 625 797 636 885 617 1181 605 1553 617 1576 594 1614 625 1856 636 1932 632 1955 609 1990 632 2634 625 2688 655 2676 709 2650 720 2492 701 2393 720 2005 720 1963 705 1863 720 1840 697 1737 717 1583 694 1307 697 1292 682 1181 701 1073 705 1039 686 951 709 751 701 736 717 579 717"/></Shape>
	    <String CONTENT="מתחלל בדבר אמרה לו הואיל ואתה אומ&#39; חילול שמים בדבר זה ואני אומרת חילול שמים [ב&#39;]"
                    HPOS="575.0"
                    VPOS="594.0"
                    WIDTH="2113.0"
                    HEIGHT="126.0"></String>
          </TextLine>

          
          
          <TextLine ID="eSc_line_1852395"
                    
                    BASELINE="575 763 1139 747 1438 747 1963 770 2416 774 2703 763" 
                    HPOS="571.0"
                    VPOS="686.0"
                    WIDTH="2129.0"
                    HEIGHT="134.0">
            <Shape><Polygon POINTS="571 759 575 732 605 720 747 732 767 713 1012 713 1039 686 1070 709 1415 701 1652 720 1810 720 1840 697 1875 728 2216 713 2619 720 2665 724 2700 759 2688 805 2646 816 2462 809 2435 782 2397 813 2339 797 2297 816 2178 801 2159 820 2036 816 1994 790 1971 813 1913 793 1787 813 1737 782 1633 809 1499 797 1480 782 1449 797 1422 778 1392 801 1326 778 1261 805 1242 786 1169 793 1135 778 1054 793 1035 774 1008 801 954 786 870 813 667 813 632 782 575 790"/></Shape>
	    <String CONTENT="בדבר זה יכריע המקום בין דברי לדבריך הכריע המקום בין דבריה לדבריו שנ&#39; כל אשר"
                    HPOS="571.0"
                    VPOS="686.0"
                    WIDTH="2129.0"
                    HEIGHT="134.0"></String>
          </TextLine>

          
          
          <TextLine ID="eSc_line_1852396"
                    
                    BASELINE="552 843 751 851 1384 832 1917 851 2155 847 2393 855 2711 855" 
                    HPOS="536.0"
                    VPOS="774.0"
                    WIDTH="2171.0"
                    HEIGHT="131.0">
            <Shape><Polygon POINTS="548 839 540 809 621 774 621 774 625 774 625 774 625 774 628 774 628 774 632 774 632 774 632 774 636 774 636 774 678 805 1000 774 1004 774 1541 774 1541 774 1541 774 1545 774 1545 774 1545 774 1549 774 1580 793 1652 774 1656 774 1656 774 1660 774 1660 774 1660 774 1664 774 1664 774 1664 774 1668 774 1710 805 1748 786 1748 786 1748 786 1752 786 1752 786 1756 786 1756 786 1952 801 1978 778 1978 774 1978 774 1982 774 1982 774 1982 774 1986 774 1986 774 1986 774 1990 774 1990 774 1994 774 1994 774 1994 774 1998 774 1998 774 2040 809 2327 809 2439 774 2443 774 2443 774 2446 774 2446 774 2446 774 2450 774 2450 774 2450 774 2454 774 2454 774 2454 778 2485 809 2703 809 2707 851 2700 905 905 885 893 885 790 905 790 905 786 905 786 905 786 905 782 905 721 885 721 885 721 885 594 905 594 905 590 905 590 905 590 905 586 905 586 905 536 882"/></Shape>
	    <String CONTENT="תאמר אליך שרה שמע בקולה שאין ת&#39;ל&#39; כל מה ת&#39;ל&#39; כל מלמד שתכריע לשנייה שהכריע [לר&#39;]"
                    HPOS="536.0"
                    VPOS="774.0"
                    WIDTH="2171.0"
                    HEIGHT="131.0"></String>
          </TextLine>

          
          
          <TextLine ID="eSc_line_1852397"
                    
                    BASELINE="544 931 1399 920 1944 939 2707 939" 
                    HPOS="540.0"
                    VPOS="862.0"
                    WIDTH="2163.0"
                    HEIGHT="131.0">
            <Shape><Polygon POINTS="540 928 602 885 625 905 698 901 728 870 759 897 1016 874 1165 882 1196 912 1300 912 1330 882 1526 885 1591 862 1622 889 1798 893 1829 908 2619 905 2650 882 2703 935 2665 985 2255 989 2232 974 2117 989 2048 985 2025 966 2005 985 1902 993 1821 977 1534 977 1472 970 1445 947 1396 966 1319 920 1208 920 1169 958 993 954 912 981 586 981 544 939"/></Shape>
	    <String CONTENT="לראשונה מה שניה לעדות הגר אף הראשונה לעדות הגר ˙ דרש ר&#39; עקיבא וכל כלי ח&#39;"
                    HPOS="540.0"
                    VPOS="862.0"
                    WIDTH="2163.0"
                    HEIGHT="131.0"></String>
          </TextLine>

          
          
          <TextLine ID="eSc_line_1852398"
                    
                    BASELINE="544 1020 1020 1012 1576 1012 1798 1023 2220 1031 2546 1031 2730 1016" 
                    HPOS="540.0"
                    VPOS="920.0"
                    WIDTH="2186.0"
                    HEIGHT="153.0">
            <Shape><Polygon POINTS="540 1016 625 981 1200 962 1242 920 1311 966 1411 970 1445 947 1468 970 1534 977 1886 993 2615 977 2726 1012 2653 1073 2124 1069 2097 1054 1737 1066 1568 1043 1461 1050 1434 1027 1407 1050 1211 1039 1185 1054 1112 1027 989 1054 605 1069 552 1016"/></Shape>
	    <String CONTENT="וגו&#39; יטמא אינו אומ&#39; טמא ﭏא יטמא לטמא אחרים וללמד על הככר השיני שמטמא את"
                    HPOS="540.0"
                    VPOS="920.0"
                    WIDTH="2186.0"
                    HEIGHT="153.0"></String>
          </TextLine>

          
          
          <TextLine ID="eSc_line_1852399"
                    
                    BASELINE="533 1096 790 1104 889 1096 1461 1092 1557 1100 2001 1112 2742 1112" 
                    HPOS="529.0"
                    VPOS="1031.0"
                    WIDTH="2209.0"
                    HEIGHT="131.0">
            <Shape><Polygon POINTS="529 1092 575 1069 663 1062 1196 1058 1219 1043 1246 1058 1350 1058 1415 1050 1438 1031 1457 1050 1518 1058 1564 1046 1802 1069 2059 1073 2101 1058 2124 1073 2661 1073 2738 1108 2665 1158 2588 1162 2546 1142 2435 1158 2362 1158 2339 1142 2278 1158 2220 1142 1959 1158 1932 1138 1833 1158 1806 1142 1564 1142 1526 1119 1476 1138 1353 1119 1254 1138 1204 1119 1188 1135 1012 1146 977 1115 939 1138 579 1150 533 1104"/></Shape>
	    <String CONTENT="השלישי כיצד תנור תחילה וככר שיני הנוגע בככר שלישי אמ&#39; ר&#39; יהושע כה היה דורש יהודה"
                    HPOS="529.0"
                    VPOS="1031.0"
                    WIDTH="2209.0"
                    HEIGHT="131.0"></String>
          </TextLine>

          
          
          <TextLine ID="eSc_line_1852417"
                    
                    BASELINE="517 1192 1173 1181 1537 1181 1771 1188 1856 1185 2028 1188 2335 1200 2696 1192" 
                    HPOS="513.0"
                    VPOS="1115.0"
                    WIDTH="2179.0"
                    HEIGHT="139.0">
            <Shape><Polygon POINTS="513 1188 586 1150 935 1146 966 1115 1012 1146 1522 1127 1656 1158 1955 1158 1975 1177 2025 1146 2638 1158 2692 1188 2680 1223 2627 1254 2508 1242 2439 1211 2370 1246 2312 1238 2285 1215 2262 1238 2028 1238 1975 1188 1913 1234 1844 1234 1825 1254 1794 1227 1752 1238 1438 1219 1415 1238 1357 1208 1250 1223 1219 1196 1188 1219 1119 1231 1073 1208 977 1238 832 1219 594 1231 548 1188"/></Shape>
	    <String CONTENT="בן פטירי ומדותם מחוץ וגו&#39; ומקרא אחר אומ&#39; מקיר העיר וחוצה אלף אמה סביב אי"
                    HPOS="513.0"
                    VPOS="1115.0"
                    WIDTH="2179.0"
                    HEIGHT="139.0"></String>
          </TextLine>

          
          
          <TextLine ID="eSc_line_1852400"
                    
                    BASELINE="517 1277 1296 1261 1936 1280 2711 1280" 
                    HPOS="513.0"
                    VPOS="1196.0"
                    WIDTH="2194.0"
                    HEIGHT="142.0">
            <Shape><Polygon POINTS="513 1273 571 1231 981 1234 1062 1204 1096 1227 1146 1227 1215 1196 1242 1223 1396 1219 1419 1242 1438 1223 1495 1219 1679 1234 1733 1223 1752 1238 1791 1223 1821 1250 1844 1231 2262 1242 2285 1219 2316 1242 2366 1246 2443 1211 2469 1238 2657 1246 2707 1277 2657 1323 2558 1338 2481 1311 2262 1330 2239 1307 2220 1326 1940 1326 1890 1307 1787 1323 1699 1303 1675 1323 1660 1307 1465 1292 1445 1311 1426 1300 1342 1315 1265 1296 1223 1307 1208 1292 1081 1319 1027 1303 744 1303 632 1326 586 1311 548 1273"/></Shape>
	    <String CONTENT="איפשר לומ&#39; אלפים באמה שכבר נאמ&#39; אלף אמה ואי איפשר לומ&#39; אלף אמה שכבר נאמר"
                    HPOS="513.0"
                    VPOS="1196.0"
                    WIDTH="2194.0"
                    HEIGHT="142.0"></String>
          </TextLine>

          
          
          <TextLine ID="eSc_line_1852401"
                    
                    BASELINE="498 1361 1472 1361 1890 1365 2097 1372 2692 1372" 
                    HPOS="494.0"
                    VPOS="1296.0"
                    WIDTH="2194.0"
                    HEIGHT="138.0">
            <Shape><Polygon POINTS="494 1357 533 1349 563 1319 1112 1323 1169 1319 1204 1296 1227 1319 1453 1323 1472 1303 1545 1326 1572 1311 1672 1330 1741 1311 1768 1326 1909 1330 1971 1315 2032 1330 2220 1330 2239 1311 2301 1334 2646 1334 2688 1369 2650 1426 2370 1422 2163 1399 2143 1418 2017 1411 1978 1434 1952 1415 1829 1403 1606 1403 1587 1422 1560 1403 1426 1411 1357 1395 1338 1411 1081 1399 1054 1415 1020 1392 977 1407 836 1392 816 1411 786 1395 605 1415 502 1357"/></Shape>
	    <String CONTENT="אלפים באמה ולמה נאמ&#39; אלף אמה ולמה נאמ&#39; אלפים אמה ﭏא אלף אמה מגרש ואלפים"
                    HPOS="494.0"
                    VPOS="1296.0"
                    WIDTH="2194.0"
                    HEIGHT="138.0"></String>
          </TextLine>

          
          
          <TextLine ID="eSc_line_1852402"
                    
                    BASELINE="533 1457 1353 1453 2009 1464 2412 1461 2607 1464 2707 1472" 
                    HPOS="529.0"
                    VPOS="1399.0"
                    WIDTH="2174.0"
                    HEIGHT="131.0">
            <Shape><Polygon POINTS="529 1453 559 1418 820 1418 839 1403 970 1415 1365 1399 1430 1418 1472 1399 1557 1426 1618 1407 1925 1418 1982 1438 1998 1422 2143 1418 2170 1399 2243 1418 2573 1418 2638 1430 2703 1468 2619 1518 2500 1503 2289 1510 2228 1495 2120 1514 2086 1499 1641 1507 1595 1487 1050 1487 924 1510 874 1484 859 1499 747 1499 717 1518 609 1503 571 1530 533 1491"/></Shape>
	    <String CONTENT="אמה תחום שבת ר&#39; לעזר בנו של ר&#39; יוסה הגל(י)לי אומ&#39; אלפים אמה תחום ערי לוים צא מהן"
                    HPOS="529.0"
                    VPOS="1399.0"
                    WIDTH="2174.0"
                    HEIGHT="131.0"></String>
          </TextLine>

          
          
          <TextLine ID="eSc_line_1852403"
                    
                    BASELINE="1146 1526 1771 1541 1913 1549 2197 1549 2435 1557 2569 1553 2723 1560" 
                    HPOS="1142.0"
                    VPOS="1495.0"
                    WIDTH="1577.0"
                    HEIGHT="154.0">
            <Shape><Polygon POINTS="1142 1522 1261 1495 2546 1510 2646 1518 2676 1549 2719 1557 2696 1557 2581 1649 2535 1599 2331 1606 2308 1591 2278 1606 2147 1606 2001 1591 1963 1606 1875 1599 1856 1580 1691 1595 1652 1572 1568 1599 1514 1580 1250 1587 1211 1580 1162 1526"/></Shape>
	    <String CONTENT="אלף אמה מגרש נמצא רביע מגרש והשאר שדות וכרמים ˙˙"
                    HPOS="1142.0"
                    VPOS="1495.0"
                    WIDTH="1577.0"
                    HEIGHT="154.0"></String>
          </TextLine>

          
          
          <TextLine ID="eSc_line_1852407"
                    
                    BASELINE="1444 1626 1771 1649 1913 1641 2028 1645" 
                    HPOS="1430.0"
                    VPOS="1568.0"
                    WIDTH="595.0"
                    HEIGHT="188.0">
            <Shape><Polygon POINTS="1442 1622 1442 1583 1603 1587 1626 1568 1626 1568 1629 1568 1629 1568 1629 1568 1633 1568 1633 1568 1637 1568 1637 1568 2021 1610 2025 1641 1990 1756 1817 1748 1817 1748 1814 1748 1814 1748 1814 1748 1771 1729 1733 1706 1706 1718 1664 1741 1664 1741 1664 1741 1660 1741 1660 1741 1656 1741 1656 1741 1656 1741 1652 1741 1652 1741 1652 1741 1649 1741 1649 1741 1649 1737 1618 1706 1603 1687 1430 1679"/></Shape>
	    <String CONTENT="פרק ו&#39; ˙˙"
                    HPOS="1430.0"
                    VPOS="1568.0"
                    WIDTH="595.0"
                    HEIGHT="188.0"></String>
          </TextLine>

          
          
          <TextLine ID="eSc_line_1852411"
                    
                    BASELINE="467 1710 1380 1706 1465 1714 1645 1748 1729 1756 1810 1748 1867 1729 1894 1721 2155 1718 2347 1725 2711 1725" 
                    HPOS="464.0"
                    VPOS="1618.0"
                    WIDTH="2243.0"
                    HEIGHT="165.0">
            <Shape><Polygon POINTS="464 1706 544 1652 575 1675 759 1656 786 1668 809 1649 889 1664 947 1618 993 1668 1050 1672 1108 1652 1162 1672 1384 1672 1422 1649 1484 1714 1683 1748 1764 1733 1794 1744 1886 1698 1952 1710 1986 1675 2331 1679 2366 1664 2385 1683 2588 1683 2619 1656 2676 1714 2707 1721 2646 1771 2604 1744 2550 1771 2443 1760 2143 1779 1963 1767 1940 1744 1894 1756 1840 1733 1752 1752 1722 1783 1679 1756 1618 1760 1591 1737 1568 1752 1545 1729 1472 1714 1422 1756 1380 1764 1350 1741 1208 1760 1173 1737 1116 1764 920 1744 859 1764 797 1748 552 1767 487 1706"/></Shape>
	    <String CONTENT="ר&#39; יהודה אמ&#39; משם בן פטירי הרי הוא אומ&#39; חי אל הסיר משפטי וגו&#39;"
                    HPOS="464.0"
                    VPOS="1618.0"
                    WIDTH="2243.0"
                    HEIGHT="165.0"></String>
          </TextLine>

          
          
          <TextLine ID="eSc_line_1852413"
                    
                    BASELINE="483 1813 2611 1813 2723 1821" 
                    HPOS="479.0"
                    VPOS="1733.0"
                    WIDTH="2240.0"
                    HEIGHT="149.0">
            <Shape><Polygon POINTS="479 1810 575 1764 1135 1764 1173 1733 1204 1760 1652 1764 1722 1779 1748 1752 1814 1767 1848 1733 1886 1771 2155 1783 2569 1783 2615 1744 2680 1810 2719 1817 2684 1817 2634 1863 2531 1859 2492 1882 2462 1852 2381 1859 2335 1882 2297 1852 2262 1863 2239 1840 2216 1863 2071 1844 2032 1863 1883 1863 1856 1836 1837 1852 1814 1836 1775 1859 1668 1844 1580 1863 1215 1844 1181 1867 1150 1844 1104 1856 1070 1840 962 1840 870 1867 855 1852 740 1863 724 1848 617 1836 540 1856 487 1810"/></Shape>
	    <String CONTENT="ללמדך שאין אדם נודר בחיי מלך ﭏא אם כן אוהב את המלך משם ר&#39; נתן אומ&#39; הרי הוא"
                    HPOS="479.0"
                    VPOS="1733.0"
                    WIDTH="2240.0"
                    HEIGHT="149.0"></String>
          </TextLine>

          
          
          <TextLine ID="eSc_line_1852414"
                    
                    BASELINE="487 1905 2174 1905 2707 1921" 
                    HPOS="483.0"
                    VPOS="1836.0"
                    WIDTH="2220.0"
                    HEIGHT="127.0">
            <Shape><Polygon POINTS="483 1902 536 1856 582 1863 613 1836 644 1867 882 1871 1035 1859 1066 1840 1096 1867 1162 1856 1192 1871 1215 1848 1277 1867 1557 1871 1664 1852 1798 1871 1825 1856 1852 1882 1940 1856 2028 1871 2063 1848 2086 1867 2212 1871 2239 1844 2331 1882 2400 1863 2492 1882 2535 1863 2634 1875 2703 1917 2642 1959 2604 1963 2431 1948 2105 1959 2055 1940 1998 1959 1817 1959 1783 1944 1238 1955 1208 1940 836 1955 709 1925 682 1948 552 1948 487 1902"/></Shape>
	    <String CONTENT="אומ&#39; גם הוא לי לישועה ר&#39; אומ&#39; נאמ&#39; ירא ﭏים באברהם ונאמ&#39; ירא ﭏים באיוב מה ירא ﭏים"
                    HPOS="483.0"
                    VPOS="1836.0"
                    WIDTH="2220.0"
                    HEIGHT="127.0"></String>
          </TextLine>

          
          
          <TextLine ID="eSc_line_1852408"
                    
                    BASELINE="479 1986 836 2001 1656 1998 2692 2005" 
                    HPOS="475.0"
                    VPOS="1932.0"
                    WIDTH="2213.0"
                    HEIGHT="135.0">
            <Shape><Polygon POINTS="475 1982 567 1948 678 1959 705 1932 774 1959 1188 1944 1629 1963 1691 1940 1729 1963 2531 1959 2642 1971 2688 2001 2650 2047 2611 2051 2017 2055 1917 2028 1879 2067 1829 2032 1637 2044 1618 2024 1557 2047 1461 2032 1434 2047 920 2032 602 2047 582 2032 533 2055 479 2009"/></Shape>
	    <String CONTENT="אשר באברהם מאהבה עשה אף ירא ﭏים האמור באיוב מאהבה עשה ושאר כל [התרע&#39;]"
                    HPOS="475.0"
                    VPOS="1932.0"
                    WIDTH="2213.0"
                    HEIGHT="135.0"></String>
          </TextLine>

          
          
          <TextLine ID="eSc_line_1852409"
                    
                    BASELINE="525 2086 1373 2082 1886 2093 2293 2093 2688 2082" 
                    HPOS="521.0"
                    VPOS="2028.0"
                    WIDTH="2163.0"
                    HEIGHT="115.0">
            <Shape><Polygon POINTS="521 2082 563 2044 889 2044 908 2028 1066 2040 1104 2074 1154 2074 1196 2044 1599 2051 1622 2032 1637 2047 1829 2040 1883 2070 1925 2032 1944 2051 2013 2055 2646 2055 2684 2078 2650 2132 2546 2128 2531 2143 2389 2136 2366 2116 2347 2136 2293 2139 2078 2139 2059 2124 1768 2136 1733 2120 1453 2132 1430 2116 1231 2132 1158 2082 1108 2082 1070 2120 954 2124 905 2109 820 2139 632 2124 571 2136 525 2097"/></Shape>
	    <String CONTENT="התרעומת האמורה בפרשה לא נאמרה ﭏא מתוך המורע ˙ דרש ר&#39; עקיבא בשעה"
                    HPOS="521.0"
                    VPOS="2028.0"
                    WIDTH="2163.0"
                    HEIGHT="115.0"></String>
          </TextLine>

          
          
          <TextLine ID="eSc_line_1852404"
                    
                    BASELINE="517 2159 682 2170 2063 2166 2281 2174 2696 2174" 
                    HPOS="513.0"
                    VPOS="2120.0"
                    WIDTH="2179.0"
                    HEIGHT="108.0">
            <Shape><Polygon POINTS="513 2155 552 2132 820 2139 897 2120 1457 2136 1917 2136 1936 2120 2347 2136 2366 2120 2642 2139 2692 2170 2634 2220 2228 2208 2105 2228 2071 2208 1691 2201 1576 2216 1553 2197 1499 2220 1434 2201 1315 2205 1296 2220 1261 2201 1169 2205 1154 2220 1100 2212 1077 2189 1000 2212 644 2212 602 2189 559 2201 517 2159"/></Shape>
	    <String CONTENT="שעלו ישרﭏ מן הים בקשו לומ&#39; שירה שרת עליהן רוח הקדש ואמרו שירה כיצד אמרו"
                    HPOS="513.0"
                    VPOS="2120.0"
                    WIDTH="2179.0"
                    HEIGHT="108.0"></String>
          </TextLine>

          
          
          <TextLine ID="eSc_line_1852418"
                    
                    BASELINE="498 2262 2600 2262 2700 2251" 
                    HPOS="494.0"
                    VPOS="2193.0"
                    WIDTH="2202.0"
                    HEIGHT="119.0">
            <Shape><Polygon POINTS="494 2258 563 2201 598 2216 801 2216 1062 2208 1077 2193 1154 2220 1173 2205 1284 2220 2078 2212 2101 2228 2224 2212 2523 2216 2642 2224 2696 2247 2619 2308 2577 2293 2247 2308 2182 2293 1814 2301 1745 2285 1622 2304 1572 2285 1449 2312 1430 2293 1250 2285 1208 2304 1162 2285 1108 2297 1081 2277 1020 2304 977 2274 947 2301 847 2301 813 2277 790 2301 563 2301 521 2258"/></Shape>
	    <String CONTENT="שירה כקטן שקורא את ההלל בבית הסופר ועונין אחריו על כל עניין ועניין משה אמ&#39;"
                    HPOS="494.0"
                    VPOS="2193.0"
                    WIDTH="2202.0"
                    HEIGHT="119.0"></String>
          </TextLine>

          
          
          <TextLine ID="eSc_line_1852405"
                    
                    BASELINE="533 2339 682 2335 859 2343 1848 2343 2247 2354 2707 2339" 
                    HPOS="529.0"
                    VPOS="2281.0"
                    WIDTH="2174.0"
                    HEIGHT="119.0">
            <Shape><Polygon POINTS="529 2335 563 2301 793 2304 816 2281 839 2301 943 2301 974 2327 1004 2301 1073 2293 1430 2297 1457 2316 1507 2297 1649 2304 1752 2289 1810 2304 2109 2312 2404 2297 2423 2316 2642 2308 2669 2335 2703 2335 2642 2393 2565 2400 2542 2381 2500 2393 2473 2373 2450 2396 2404 2373 2335 2396 2197 2393 2174 2370 2117 2393 1955 2393 1898 2370 1833 2389 1564 2373 1545 2389 1426 2393 1380 2373 1353 2389 1181 2385 1123 2362 1096 2381 985 2370 778 2389 740 2370 571 2389 533 2350"/></Shape>
	    <String CONTENT="אשירה לייי וישרﭏ אמרו אשירה לייי משה אמ&#39; עזי וזמרת יה&#39; וישרﭏ אמרו עזי וזמרת"
                    HPOS="529.0"
                    VPOS="2281.0"
                    WIDTH="2174.0"
                    HEIGHT="119.0"></String>
          </TextLine>

          
          
          <TextLine ID="eSc_line_1852406"
                    
                    BASELINE="479 2408 609 2423 774 2427 828 2423 1242 2435 1699 2439 2462 2435 2700 2423" 
                    HPOS="475.0"
                    VPOS="2366.0"
                    WIDTH="2221.0"
                    HEIGHT="134.0">
            <Shape><Polygon POINTS="475 2404 625 2385 1066 2393 1116 2366 1135 2385 1319 2396 1545 2396 1560 2381 1710 2396 1745 2381 1833 2400 1852 2381 1879 2396 1902 2377 1917 2393 2005 2400 2136 2381 2163 2400 2270 2400 2412 2385 2458 2396 2477 2377 2508 2396 2538 2377 2561 2396 2592 2385 2696 2419 2607 2477 2523 2454 2500 2477 2431 2488 2289 2485 2274 2469 2140 2477 2120 2458 2063 2485 1994 2469 1955 2485 1664 2492 1626 2469 1553 2469 1472 2488 1449 2462 1415 2496 1388 2477 1081 2465 1039 2481 970 2465 721 2473 609 2500 479 2408"/></Shape>
	    <String CONTENT="יה&#39; ר&#39; לעזר בנו של ר&#39; יוסי הגלילי אומ&#39; כגדול שמקרא את ההלל בבית הכנסת ועונין [^]"
                    HPOS="475.0"
                    VPOS="2366.0"
                    WIDTH="2221.0"
                    HEIGHT="134.0"></String>
          </TextLine>

          
          
          <TextLine ID="eSc_line_1852419"
                    
                    BASELINE="540 2511 1016 2523 1277 2519 1422 2527 1829 2527 1975 2534 2335 2538 2676 2527" 
                    HPOS="536.0"
                    VPOS="2465.0"
                    WIDTH="2137.0"
                    HEIGHT="127.0">
            <Shape><Polygon POINTS="536 2508 567 2481 625 2508 648 2485 1020 2465 1039 2481 1292 2481 1415 2504 1449 2469 1468 2488 1610 2488 1626 2473 1660 2488 1883 2488 1925 2473 2001 2492 2573 2481 2630 2488 2673 2523 2623 2573 2477 2557 2354 2584 2335 2565 2247 2565 2201 2569 2178 2592 2105 2573 1925 2577 1856 2554 1798 2569 1649 2554 1606 2573 1503 2561 1476 2577 1438 2565 1350 2580 1169 2557 1081 2569 1024 2550 920 2565 897 2550 866 2569 740 2561 682 2577 625 2523 571 2557 540 2531"/></Shape>
	    <String CONTENT="אחריו עניין ראשון משה אמ&#39; אשירה לייי וישרﭏ אמרו אשירה לייי משה אמ&#39; עזי [^]"
                    HPOS="536.0"
                    VPOS="2465.0"
                    WIDTH="2137.0"
                    HEIGHT="127.0"></String>
          </TextLine>

          
          
          <TextLine ID="eSc_line_1852410"
                    
                    BASELINE="498 2603 755 2615 1177 2611 1350 2619 2696 2619" 
                    HPOS="494.0"
                    VPOS="2557.0"
                    WIDTH="2198.0"
                    HEIGHT="108.0">
            <Shape><Polygon POINTS="494 2600 559 2569 874 2573 897 2588 920 2565 1476 2580 1514 2561 1541 2580 1580 2561 1595 2577 1791 2580 1856 2557 1894 2577 2178 2588 2247 2561 2354 2584 2638 2577 2692 2615 2588 2665 2377 2649 2327 2665 2301 2649 2186 2665 1867 2661 1798 2638 1775 2661 1568 2665 1507 2646 1403 2665 1108 2665 1054 2649 977 2665 790 2649 767 2665 740 2649 548 2657 498 2607"/></Shape>
	    <String CONTENT="וזמרת יה&#39; וישרﭏ אמרו אשירה לייי משה אמ&#39; ייי איש מלחמה וגו&#39; וישרﭏ אמרו אשירה"
                    HPOS="494.0"
                    VPOS="2557.0"
                    WIDTH="2198.0"
                    HEIGHT="108.0"></String>
          </TextLine>

          
          
          <TextLine ID="eSc_line_1852415"
                    
                    BASELINE="487 2688 1027 2707 2393 2707 2680 2696" 
                    HPOS="483.0"
                    VPOS="2649.0"
                    WIDTH="2193.0"
                    HEIGHT="119.0">
            <Shape><Polygon POINTS="483 2684 575 2657 981 2665 997 2649 1127 2665 1699 2657 1990 2672 2258 2665 2289 2649 2324 2669 2592 2665 2623 2649 2676 2692 2627 2745 2358 2749 2335 2734 2320 2749 2205 2749 2136 2734 2063 2753 1963 2742 1902 2761 1852 2742 1814 2768 1787 2745 1668 2761 1507 2745 1234 2757 1204 2738 1104 2749 1035 2734 1000 2745 977 2730 912 2749 882 2730 763 2757 709 2734 548 2742 487 2688"/></Shape>
	    <String CONTENT="ר&#39; נחמיה או&#39; [ש&#39;] כבני אדם שקורין שמע בבית הכנסת שנ&#39; ויאמרו לאמר מלמד שהיה"
                    HPOS="483.0"
                    VPOS="2649.0"
                    WIDTH="2193.0"
                    HEIGHT="119.0"></String>
          </TextLine>

          
          
          <TextLine ID="eSc_line_1852386"
                    
                    BASELINE="510 2772 667 2788 1158 2799 2262 2799 2680 2788" 
                    HPOS="506.0"
                    VPOS="2734.0"
                    WIDTH="2170.0"
                    HEIGHT="119.0">
            <Shape><Polygon POINTS="506 2768 563 2738 767 2761 920 2757 977 2734 997 2753 1652 2765 1791 2749 1821 2768 1848 2745 1913 2761 1963 2742 2542 2745 2627 2749 2676 2784 2634 2830 2512 2837 2443 2834 2420 2814 2377 2837 2274 2822 2235 2837 2005 2826 1852 2845 1829 2830 1725 2826 1637 2849 1549 2826 1518 2853 1445 2849 1411 2826 1388 2845 1192 2841 1154 2822 1020 2841 928 2822 862 2841 651 2834 571 2818 510 2772"/></Shape>
	    <String CONTENT="משה פותח בדבר תחילה וישרﭏ עונין אחריו וגומרין עמו משה אמ&#39; אשירה לייי וישרﭏ אמרו [א&#39;]"
                    HPOS="506.0"
                    VPOS="2734.0"
                    WIDTH="2170.0"
                    HEIGHT="119.0"></String>
          </TextLine>

          
          
          <TextLine ID="eSc_line_1852393"
                    
                    BASELINE="483 2868 1369 2891 1633 2891 1909 2880 2500 2872 2592 2872 2692 2880" 
                    HPOS="479.0"
                    VPOS="2818.0"
                    WIDTH="2209.0"
                    HEIGHT="119.0">
            <Shape><Polygon POINTS="479 2864 521 2864 571 2826 602 2845 675 2830 1070 2845 1127 2841 1158 2818 1188 2841 1384 2849 1415 2822 1442 2845 1530 2853 1549 2834 1580 2849 1833 2834 1860 2849 1917 2830 2270 2849 2335 2830 2385 2841 2423 2818 2446 2841 2630 2834 2688 2876 2638 2922 2604 2926 2393 2914 2347 2929 2304 2887 2274 2914 2232 2872 2201 2872 2163 2910 2067 2929 1890 2918 1837 2937 1810 2918 1737 2929 1714 2914 1672 2929 1457 2914 1442 2929 1315 2933 1123 2914 1093 2929 920 2933 836 2918 744 2926 709 2906 609 2929 552 2926 483 2868"/></Shape>
	    <String CONTENT="אשירה לייי וגו&#39; ˙ משה אמ&#39; עזי וזמרת יה&#39; וישרﭏ אמרו זה ﭏי ואנוהו משה אמ&#39; ייי איש"
                    HPOS="479.0"
                    VPOS="2818.0"
                    WIDTH="2209.0"
                    HEIGHT="119.0"></String>
          </TextLine>

          
          
          <TextLine ID="eSc_line_1852384"
                    
                    BASELINE="464 2968 598 2960 782 2968 2492 2968 2680 2952" 
                    HPOS="460.0"
                    VPOS="2891.0"
                    WIDTH="2216.0"
                    HEIGHT="134.0">
            <Shape><Polygon POINTS="460 2964 513 2956 544 2926 698 2914 1419 2933 1480 2918 1675 2926 1714 2910 1748 2929 1932 2941 1971 2922 2274 2922 2304 2891 2339 2926 2581 2918 2676 2949 2665 2991 2638 3010 2212 3014 2094 2998 2013 3014 1959 2979 1913 3014 1863 2964 1840 2964 1802 3002 1679 2998 1637 3018 1254 3010 1238 3025 1208 3010 1104 3018 1085 2998 954 3018 931 3006 882 3025 843 3006 552 3010 506 2964"/></Shape>
	    <String CONTENT="מלחמה וישרﭏ אמרו ייי שמו ˙ ר&#39; יוסי הגלילי אומ&#39; כיון שעלו ישרﭏ מן הים וראו את"
                    HPOS="460.0"
                    VPOS="2891.0"
                    WIDTH="2216.0"
                    HEIGHT="134.0"></String>
          </TextLine>

          
          
          <TextLine ID="eSc_line_1852388"
                    
                    BASELINE="487 3048 744 3064 1004 3068 1560 3068 1909 3056 2515 3056 2676 3064" 
                    HPOS="483.0"
                    VPOS="2968.0"
                    WIDTH="2190.0"
                    HEIGHT="157.0">
            <Shape><Polygon POINTS="483 3044 536 3010 667 3025 836 3018 866 3033 1058 3025 1081 3006 1234 3033 1756 3018 1794 3014 1848 2968 1898 3018 1929 3018 1967 2979 2021 3018 2600 3010 2673 3060 2627 3102 2389 3114 2051 3098 1944 3117 1925 3098 1867 3114 1837 3091 1764 3114 1687 3102 1545 3117 1514 3087 1461 3117 1242 3106 1150 3121 958 3102 889 3125 866 3106 671 3114 640 3094 506 3125 487 3106"/></Shape>
	    <String CONTENT="אויביהם פגרים מתים ומוטלין על שפת הים אמרו כולם שירה עולל מוטל בין ברכי אמו ותינוק"
                    HPOS="483.0"
                    VPOS="2968.0"
                    WIDTH="2190.0"
                    HEIGHT="157.0"></String>
          </TextLine>

          
          
          <TextLine ID="eSc_line_1852389"
                    
                    BASELINE="502 3140 1146 3160 1484 3160 1810 3148 2431 3152 2673 3140" 
                    HPOS="498.0"
                    VPOS="3083.0"
                    WIDTH="2171.0"
                    HEIGHT="142.0">
            <Shape><Polygon POINTS="498 3137 536 3133 563 3106 644 3102 866 3110 885 3125 935 3110 1403 3125 1461 3117 1503 3083 1545 3117 2393 3117 2423 3102 2630 3110 2669 3137 2627 3186 2561 3190 2542 3209 2400 3183 2320 3209 2281 3194 2228 3202 2205 3221 2170 3190 2086 3186 1802 3209 1752 3194 1718 3209 1626 3194 1572 3213 1526 3198 1453 3213 1181 3202 1158 3225 1131 3198 843 3202 809 3183 790 3202 678 3186 586 3198 506 3140"/></Shape>
	    <String CONTENT="יונק משדי אמו כיון שראו את השכינה הגביה עולל צוארו ותינוק שמט פיו משדי אמו וענו"
                    HPOS="498.0"
                    VPOS="3083.0"
                    WIDTH="2171.0"
                    HEIGHT="142.0"></String>
          </TextLine>

          
          
          <TextLine ID="eSc_line_1852391"
                    
                    BASELINE="517 3232 1396 3259 1863 3248 2147 3252 2339 3244 2546 3244 2684 3232" 
                    HPOS="513.0"
                    VPOS="3186.0"
                    WIDTH="2167.0"
                    HEIGHT="138.0">
            <Shape><Polygon POINTS="513 3229 552 3190 582 3206 1123 3202 1154 3225 1177 3206 1434 3217 1522 3198 1580 3217 1618 3202 1710 3213 1863 3194 2021 3206 2086 3186 2201 3221 2228 3206 2381 3198 2538 3213 2565 3190 2619 3194 2680 3229 2627 3294 2569 3282 2469 3305 2377 3282 2289 3298 2262 3271 2197 3294 2090 3278 1982 3298 1917 3290 1898 3271 1852 3290 1664 3301 1568 3294 1430 3313 1388 3298 1361 3324 1330 3298 1284 3294 1043 3290 1016 3313 985 3290 859 3298 832 3271 793 3294 559 3290 517 3255"/></Shape>
	    <String CONTENT="כולם שירה ואמרו זה ﭏי ואנוהו ר&#39; מאיר אומ&#39; אפי&#39; עוברין שבמעי אמותן אמרו שירה שנאמ&#39;"
                    HPOS="513.0"
                    VPOS="3186.0"
                    WIDTH="2167.0"
                    HEIGHT="138.0"></String>
          </TextLine>

          
          
          <TextLine ID="eSc_line_1852387"
                    
                    BASELINE="540 3324 686 3336 1365 3351 2036 3340 2408 3340 2684 3324" 
                    HPOS="536.0"
                    VPOS="3267.0"
                    WIDTH="2144.0"
                    HEIGHT="126.0">
            <Shape><Polygon POINTS="536 3321 582 3286 966 3294 1016 3317 1043 3290 1246 3309 1280 3294 1330 3298 1361 3324 1384 3301 1860 3294 1883 3271 1952 3298 2166 3298 2224 3294 2251 3267 2289 3301 2581 3290 2634 3294 2680 3321 2646 3378 2542 3386 2258 3370 2059 3386 2032 3363 1982 3382 1840 3370 1415 3393 1292 3390 1254 3367 1219 3382 862 3386 801 3367 663 3378 640 3355 571 3370 540 3340"/></Shape>
	    <String CONTENT="במקהלות ברכו ﭏים ממקור ישרﭏ ותינוק שמט דד מפיו ואמ&#39; שירה שנ&#39; מפי עוללים ויונקים"
                    HPOS="536.0"
                    VPOS="3267.0"
                    WIDTH="2144.0"
                    HEIGHT="126.0"></String>
          </TextLine>

          
          
          <TextLine ID="eSc_line_1852385"
                    
                    BASELINE="517 3405 993 3424 1534 3428 2420 3428 2707 3416" 
                    HPOS="513.0"
                    VPOS="3370.0"
                    WIDTH="2190.0"
                    HEIGHT="108.0">
            <Shape><Polygon POINTS="513 3401 552 3370 797 3370 859 3390 1257 3370 1284 3390 1388 3397 1756 3374 2025 3374 2055 3390 2454 3374 2642 3382 2669 3409 2703 3413 2638 3463 2458 3451 2182 3474 1867 3455 1748 3470 1606 3463 1591 3478 1472 3463 1357 3478 1334 3463 1265 3478 1250 3463 920 3470 786 3451 763 3470 632 3447 575 3459 521 3405"/></Shape>
	    <String CONTENT="באותה השעה הציצו מלאכי השרת שקשרו קטיגור לפני הק&#39;ב&#39;ה&#39; בשעה שברא הק&#39;ב&#39;ה&#39; אדם"
                    HPOS="513.0"
                    VPOS="3370.0"
                    WIDTH="2190.0"
                    HEIGHT="108.0"></String>
          </TextLine>

          
          
          <TextLine ID="eSc_line_1852392"
                    
                    BASELINE="529 3493 640 3493 721 3505 1618 3516 2684 3509" 
                    HPOS="525.0"
                    VPOS="3455.0"
                    WIDTH="2155.0"
                    HEIGHT="180.0">
            <Shape><Polygon POINTS="525 3489 605 3455 1223 3482 1246 3466 1265 3486 1465 3466 2354 3470 2469 3455 2634 3463 2680 3505 2611 3566 2592 3547 2527 3551 2469 3608 2400 3551 2243 3555 2186 3593 2120 3547 2055 3574 2021 3551 1990 3581 1948 3570 1844 3593 1817 3574 1787 3604 1695 3555 1660 3581 1610 3555 1530 3574 1503 3601 1453 3578 1396 3635 1346 3593 1265 3589 1215 3555 1135 3601 1116 3581 1077 3589 1004 3555 931 3555 912 3574 859 3558 839 3574 728 3543 636 3562 582 3555 529 3516"/></Shape>
	    <String CONTENT="הראשון ואמרו לפניו רבונו של עולם מה אנוש כי תפקדנו וגו&#39; ותחסרהו מעט מﭏהים וגו&#39;"
                    HPOS="525.0"
                    VPOS="3455.0"
                    WIDTH="2155.0"
                    HEIGHT="180.0"></String>
          </TextLine>

          
        </TextBlock>
        

        
      </PrintSpace>
    </Page>
  </Layout>
</alto>
