<?xml version="1.0" encoding="UTF-8"?>
<alto xmlns:xsi="http://www.w3.org/2001/XMLSchema-instance"
      xmlns="http://www.loc.gov/standards/alto/ns-v4#"
      xsi:schemaLocation="http://www.loc.gov/standards/alto/ns-v4# http://www.loc.gov/standards/alto/v4/alto-4-2.xsd">
  <Description>
    <MeasurementUnit>pixel</MeasurementUnit>
    <sourceImageInformation>
      <fileName>Cod.Hebr.20_017r.jpg</fileName>
      
    </sourceImageInformation>
  </Description>
  
  <Tags>
    <OtherTag ID="BT1" LABEL="Title" DESCRIPTION="block type Title"/><OtherTag ID="BT2" LABEL="Main" DESCRIPTION="block type Main"/><OtherTag ID="BT3" LABEL="Commentary" DESCRIPTION="block type Commentary"/><OtherTag ID="BT4" LABEL="Illustration" DESCRIPTION="block type Illustration"/><OtherTag ID="BT747" LABEL="Hole" DESCRIPTION="block type Hole"/><OtherTag ID="BT748" LABEL="Margin" DESCRIPTION="block type Margin"/><OtherTag ID="BT749" LABEL="Paratext" DESCRIPTION="block type Paratext"/>
    <OtherTag ID="LT3" LABEL="Correction" DESCRIPTION="line type Correction"/>
  </Tags>
  
  <Layout>
    <Page WIDTH="3490"
          HEIGHT="4641"
          PHYSICAL_IMG_NR="30"
          ID="eSc_dummypage_">
      <PrintSpace HPOS="0"
                  VPOS="0"
                  WIDTH="3490"
                  HEIGHT="4641">
        
        <TextBlock HPOS="747.0"
                   VPOS="416.0"
                   WIDTH="2174.0"
                   HEIGHT="3342.0"
                   ID="eSc_textblock_8436"
                   TAGREFS="BT2">
          <Shape><Polygon POINTS="747 416 2921 416 2877 3758 754 3758"/></Shape>
          
          
          <TextLine ID="eSc_line_1842242"
                    
                    BASELINE="769 529 1005 522 1447 522 2926 540" 
                    HPOS="766.0"
                    VPOS="402.0"
                    WIDTH="2159.0"
                    HEIGHT="201.0">
            <Shape><Polygon POINTS="766 525 769 452 800 460 862 417 905 456 944 421 978 437 1044 421 1098 475 1149 437 1180 467 1272 471 1296 448 1319 471 1354 452 1400 471 1462 429 1567 475 1597 464 1683 483 1768 429 1818 475 1861 467 1895 483 1946 452 1996 460 2027 487 2054 467 2120 475 2143 452 2182 475 2271 429 2418 491 2480 467 2545 402 2654 495 2700 483 2832 498 2874 456 2913 479 2925 537 2878 591 2836 603 2762 583 2600 595 2484 572 2391 595 2159 587 2124 572 2093 587 2062 560 2004 580 1880 580 1837 545 1806 572 1756 576 1512 560 1211 580 1137 560 870 580 824 568 785 525"/></Shape>
	    <String CONTENT="הן פירות ערלה הן פירות רבעי הן אין נאמן מפני שהוא כמשבח מקחו אבל אמ&#39; לו"
                    HPOS="766.0"
                    VPOS="402.0"
                    WIDTH="2159.0"
                    HEIGHT="201.0"></String>
          </TextLine>

          
          
          <TextLine ID="eSc_line_1842243"
                    
                    BASELINE="766 603 893 614 1656 607 2182 622 2673 622 2917 630" 
                    HPOS="762.0"
                    VPOS="549.0"
                    WIDTH="2151.0"
                    HEIGHT="135.0">
            <Shape><Polygon POINTS="762 599 843 568 1764 576 1814 572 1841 549 1880 576 2008 580 2070 564 2097 587 2159 591 2754 583 2847 607 2874 591 2913 626 2882 680 2526 661 2437 684 2383 657 2352 680 2336 665 2209 676 1880 649 1803 669 1783 653 1721 661 1698 642 1675 665 1578 665 1520 634 1454 661 1191 653 1160 680 1129 649 944 649 866 672 816 657 766 607"/></Shape>
	    <String CONTENT="מאיש פלוני גוי לקחתים מאיש פלני כותי לקחתים משלי הבאתים נאמן להחמיר דברי"
                    HPOS="762.0"
                    VPOS="549.0"
                    WIDTH="2151.0"
                    HEIGHT="135.0"></String>
          </TextLine>

          
          
          <TextLine ID="eSc_line_1842245"
                    
                    BASELINE="781 696 901 703 1087 696 1919 700 2422 715 2948 715" 
                    HPOS="777.0"
                    VPOS="634.0"
                    WIDTH="2167.0"
                    HEIGHT="151.0">
            <Shape><Polygon POINTS="777 692 831 657 1129 657 1164 688 1191 661 1497 657 1520 634 1543 661 1640 669 1698 645 1717 665 1803 669 1837 653 2189 676 2371 676 2387 661 2441 684 2859 676 2944 711 2874 761 2843 738 2762 781 2716 761 2580 781 2553 765 2507 785 2425 750 2193 750 2174 765 2085 758 2054 738 2031 758 1737 742 1539 761 1485 742 1242 746 1211 727 1183 750 1075 746 1029 727 866 754 781 700"/></Shape>
	    <String CONTENT="ר&#39; רבן שמעון בן גמליﭏ או&#39; אין נאמן שדברי הגוי לא מעלין ולא מורידין ˙ האומר"
                    HPOS="777.0"
                    VPOS="634.0"
                    WIDTH="2167.0"
                    HEIGHT="151.0"></String>
          </TextLine>

          
          
          <TextLine ID="eSc_line_1842248"
                    
                    BASELINE="800 781 1296 796 2093 796 2576 812 2758 812 2940 800" 
                    HPOS="797.0"
                    VPOS="730.0"
                    WIDTH="2139.0"
                    HEIGHT="140.0">
            <Shape><Polygon POINTS="797 777 831 730 862 758 1009 742 1172 742 1187 758 1211 734 1242 750 1485 746 1536 761 1737 746 2035 758 2058 742 2178 765 2197 750 2282 769 2402 769 2425 754 2507 781 2557 765 2576 781 2735 769 2750 785 2816 765 2843 738 2901 792 2936 796 2874 858 2836 866 2793 843 2696 866 2658 839 2623 866 2542 850 2449 862 2425 846 2282 866 2232 843 2131 862 2039 827 1988 850 1911 831 1621 850 1559 823 1543 839 936 839 893 870 800 819"/></Shape>
	    <String CONTENT="למי שאין נאמן על המעשרות קח לי ממי שהוא מעשר וממי שהוא נאמן אין נאמן [מ&#39;]"
                    HPOS="797.0"
                    VPOS="730.0"
                    WIDTH="2139.0"
                    HEIGHT="140.0"></String>
          </TextLine>

          
          
          <TextLine ID="eSc_line_1842257"
                    
                    BASELINE="835 881 1327 881 1532 889 1741 885 2298 904 2816 904 2921 893" 
                    HPOS="831.0"
                    VPOS="831.0"
                    WIDTH="2086.0"
                    HEIGHT="128.0">
            <Shape><Polygon POINTS="831 877 835 839 905 874 936 843 1036 850 1056 835 1125 850 1145 835 1404 835 1632 854 1721 839 2000 850 2031 831 2135 866 2224 846 2271 866 2642 866 2673 846 2692 866 2901 866 2917 889 2905 943 2882 959 2638 955 2619 935 2565 951 2534 932 2329 959 2228 924 2186 943 2054 947 2015 932 1957 943 1938 928 1532 939 1346 924 1307 947 1288 932 835 920"/></Shape>
	    <String CONTENT="מאיש פלני הרי זה נאמן ר&#39; יוסה או&#39; אין נאמן שמא מצא אחר קרוב ממנו מודה ר&#39;"
                    HPOS="831.0"
                    VPOS="831.0"
                    WIDTH="2086.0"
                    HEIGHT="128.0"></String>
          </TextLine>

          
          
          <TextLine ID="eSc_line_1842253"
                    
                    BASELINE="793 963 1292 982 1872 978 2186 990 2480 990 2677 997 2809 997 2917 986" 
                    HPOS="789.0"
                    VPOS="924.0"
                    WIDTH="2124.0"
                    HEIGHT="131.0">
            <Shape><Polygon POINTS="789 959 835 924 1276 932 1307 947 1354 924 1528 943 1764 932 1799 947 1946 928 2336 959 2596 951 2623 932 2646 959 2870 955 2913 982 2839 1048 2631 1051 2584 1032 2542 1055 2217 1032 2124 1044 2093 1024 1988 1036 1922 1021 1861 1040 1686 1017 1605 1036 1404 1017 1296 1036 1052 1017 990 1032 901 1005 828 1021 793 986"/></Shape>
	    <String CONTENT="יוסה באומ&#39; צא אכול את הככר ואני נותן דמיה צא ושתה רביעית ואני נותן את"
                    HPOS="789.0"
                    VPOS="924.0"
                    WIDTH="2124.0"
                    HEIGHT="131.0"></String>
          </TextLine>

          
          
          <TextLine ID="eSc_line_1842254"
                    
                    BASELINE="800 1059 1710 1071 2073 1086 2472 1090 2603 1098 2936 1086" 
                    HPOS="797.0"
                    VPOS="1017.0"
                    WIDTH="2135.0"
                    HEIGHT="143.0">
            <Shape><Polygon POINTS="797 1055 820 1021 905 1017 1002 1036 1868 1036 1884 1021 2093 1044 2843 1048 2932 1082 2870 1144 2704 1152 2658 1133 2642 1148 2495 1140 2476 1160 2418 1129 2395 1152 2244 1129 2186 1144 2159 1121 1799 1121 1694 1144 1663 1117 1532 1109 1505 1129 1474 1102 1416 1125 1319 1109 1300 1125 1060 1109 1017 1125 955 1086 924 1113 800 1098"/></Shape>
	    <String CONTENT="דמיו שהוא נאמן הנכנס לעיר והיתה תרומה מתוך ידו ואין מכיר שום אדם הרי זה"
                    HPOS="797.0"
                    VPOS="1017.0"
                    WIDTH="2135.0"
                    HEIGHT="143.0"></String>
          </TextLine>

          
          
          <TextLine ID="eSc_line_1842258"
                    
                    BASELINE="750 1171 855 1164 1234 1164 1671 1171 1814 1179 2155 1179 2456 1191 2820 1191 2936 1198" 
                    HPOS="746.0"
                    VPOS="1090.0"
                    WIDTH="2186.0"
                    HEIGHT="159.0">
            <Shape><Polygon POINTS="746 1167 750 1140 797 1094 831 1117 920 1121 955 1090 1002 1125 1307 1129 1350 1113 1373 1129 1470 1098 1512 1133 1536 1113 1563 1129 1675 1129 1698 1152 1733 1125 2151 1129 2182 1144 2391 1152 2425 1133 2468 1160 2495 1144 2634 1152 2665 1133 2704 1156 2723 1140 2863 1148 2932 1195 2870 1245 2836 1229 2754 1237 2735 1218 2696 1241 2445 1229 2356 1249 2309 1222 2247 1237 2162 1210 2139 1229 2066 1233 1969 1218 1919 1241 1892 1218 1737 1233 1694 1222 1656 1237 1528 1206 1470 1222 1435 1202 1377 1222 1280 1222 1265 1206 1245 1225 1187 1206 870 1218 793 1210 750 1171"/></Shape>
	    <String CONTENT="נשאל לחבירים ולעמי הארץ דברי רבן שמעון בן גמליﭏ ר&#39; או&#39; אין נשאלין על התרומ&#39;"
                    HPOS="746.0"
                    VPOS="1090.0"
                    WIDTH="2186.0"
                    HEIGHT="159.0"></String>
          </TextLine>

          
          
          <TextLine ID="eSc_line_1842255"
                    
                    BASELINE="766 1249 2046 1276 2944 1276" 
                    HPOS="762.0"
                    VPOS="1206.0"
                    WIDTH="2178.0"
                    HEIGHT="132.0">
            <Shape><Polygon POINTS="762 1245 789 1214 1025 1210 1060 1225 1191 1206 1265 1233 1303 1214 1543 1214 1656 1237 1714 1218 1733 1233 1845 1222 1919 1241 1988 1222 2124 1225 2162 1268 2367 1264 2391 1241 2441 1237 2747 1249 2843 1233 2940 1272 2863 1334 2797 1338 2669 1338 2627 1314 2460 1334 2402 1318 2360 1272 2240 1272 2197 1314 2159 1326 2008 1330 1915 1307 1884 1322 1799 1311 1779 1326 1752 1299 1625 1326 1574 1307 1427 1318 1354 1303 1052 1318 1025 1299 932 1303 916 1318 893 1303 835 1307 789 1334 766 1311"/></Shape>
	    <String CONTENT="ﭏא לחבירים בלבד ˙ היה עומד בתוך סיעה של בני אדם ואמ&#39; מיכן נאמן מיכן"
                    HPOS="762.0"
                    VPOS="1206.0"
                    WIDTH="2178.0"
                    HEIGHT="132.0"></String>
          </TextLine>

          
          
          <TextLine ID="eSc_line_1842259"
                    
                    BASELINE="758 1349 1044 1349 1292 1361 1729 1361 1880 1369 2220 1365 2534 1376 2905 1376" 
                    HPOS="754.0"
                    VPOS="1303.0"
                    WIDTH="2147.0"
                    HEIGHT="135.0">
            <Shape><Polygon POINTS="754 1345 785 1342 816 1311 920 1322 1033 1303 1284 1322 1354 1303 1617 1326 1756 1314 1783 1334 1806 1318 1919 1314 1984 1330 2402 1322 2538 1338 2557 1318 2576 1338 2607 1322 2677 1342 2843 1334 2901 1372 2863 1430 2766 1438 2708 1419 2565 1427 2542 1403 2518 1427 2418 1407 2356 1423 2244 1415 2228 1430 2112 1423 2093 1407 2077 1423 1973 1423 1907 1403 1772 1415 1698 1392 1648 1411 1474 1403 1458 1419 1435 1403 847 1407 808 1396 758 1345"/></Shape>
	    <String CONTENT="מעשר אמ&#39; לו אחד אני אין נאמן מעשר הוא הרי זה נאמן אמ&#39; לו שהוא מעשר בפניו"
                    HPOS="754.0"
                    VPOS="1303.0"
                    WIDTH="2147.0"
                    HEIGHT="135.0"></String>
          </TextLine>

          
          
          <TextLine ID="eSc_line_1842260"
                    
                    BASELINE="789 1438 990 1438 1211 1450 1574 1458 2224 1461 2356 1469 2812 1469 2917 1454" 
                    HPOS="785.0"
                    VPOS="1400.0"
                    WIDTH="2128.0"
                    HEIGHT="131.0">
            <Shape><Polygon POINTS="785 1434 804 1400 1327 1403 1435 1407 1458 1423 1478 1407 1981 1427 2422 1415 2487 1430 2518 1430 2542 1407 2565 1430 2874 1427 2913 1450 2859 1519 2801 1531 2774 1516 2669 1523 2634 1500 2611 1519 2236 1504 2066 1516 2008 1477 1969 1508 1868 1516 1845 1496 1826 1512 1775 1512 1745 1492 1656 1512 1617 1488 1563 1508 1427 1496 1408 1481 1226 1508 1195 1492 1087 1488 1067 1504 789 1481"/></Shape>
	    <String CONTENT="אין נאמן שלא בפניו נאמן בבית דין נאמן במי דברים אמורים בזמן שאין מכיר שם"
                    HPOS="785.0"
                    VPOS="1400.0"
                    WIDTH="2128.0"
                    HEIGHT="131.0"></String>
          </TextLine>

          
          
          <TextLine ID="eSc_line_1842261"
                    
                    BASELINE="789 1527 1520 1550 2217 1550 2534 1562 2898 1554" 
                    HPOS="785.0"
                    VPOS="1488.0"
                    WIDTH="2109.0"
                    HEIGHT="132.0">
            <Shape><Polygon POINTS="785 1523 793 1488 1071 1508 1091 1492 1652 1512 1748 1500 1822 1519 1841 1500 1864 1519 1996 1512 2027 1488 2062 1512 2162 1519 2611 1519 2631 1504 2654 1527 2859 1523 2894 1550 2855 1612 2762 1616 2464 1601 2379 1620 2290 1589 2128 1608 1969 1601 1946 1585 1922 1601 1853 1601 1833 1585 1694 1585 1679 1601 1567 1589 1543 1605 1501 1585 1373 1597 1327 1581 1307 1601 1207 1589 1183 1570 1145 1597 1017 1589 978 1570 812 1597 789 1581"/></Shape>
	    <String CONTENT="אדם אבל אם היה מכיר שם אדם לא יטול ﭏא מן המומחה במה דברים אמורים בזמן"
                    HPOS="785.0"
                    VPOS="1488.0"
                    WIDTH="2109.0"
                    HEIGHT="132.0"></String>
          </TextLine>

          
          
          <TextLine ID="eSc_line_1842262"
                    
                    BASELINE="739 1624 1454 1643 2247 1643 2557 1655 2886 1647" 
                    HPOS="735.0"
                    VPOS="1581.0"
                    WIDTH="2147.0"
                    HEIGHT="124.0">
            <Shape><Polygon POINTS="735 1620 789 1585 820 1597 982 1581 1153 1601 1315 1597 1330 1581 1555 1608 1570 1593 1683 1605 1698 1589 2379 1616 2429 1601 2580 1616 2793 1608 2874 1616 2882 1643 2851 1705 2170 1690 1957 1705 1938 1690 1698 1686 1679 1701 1656 1686 1276 1690 1153 1670 1005 1690 975 1670 793 1686 739 1628"/></Shape>
	    <String CONTENT="שלא שהה שם שלשים יום אבל בזמן ששהה שם שלשים יום לא יטול ﭏא מן המומחה"
                    HPOS="735.0"
                    VPOS="1581.0"
                    WIDTH="2147.0"
                    HEIGHT="124.0"></String>
          </TextLine>

          
          
          <TextLine ID="eSc_line_1842263"
                    
                    BASELINE="882 1713 1621 1740 2259 1736 2580 1748 2898 1748" 
                    HPOS="878.0"
                    VPOS="1674.0"
                    WIDTH="2016.0"
                    HEIGHT="128.0">
            <Shape><Polygon POINTS="878 1709 897 1678 955 1674 1005 1697 1118 1678 1412 1682 1652 1690 1686 1709 1706 1690 1965 1705 2619 1697 2859 1705 2894 1744 2855 1798 2685 1798 2619 1779 2573 1798 2476 1802 2422 1779 2364 1798 2240 1782 1717 1790 1621 1771 1594 1790 1474 1790 1272 1767 1249 1786 1207 1771 982 1771 959 1790 882 1736"/></Shape>
	    <String CONTENT="במה דברים אמורים בתרומות ובמעשרות אבל בשביעית ובטהרות אין נאמן ˙"
                    HPOS="878.0"
                    VPOS="1674.0"
                    WIDTH="2016.0"
                    HEIGHT="128.0"></String>
          </TextLine>

          
          
          <TextLine ID="eSc_line_1842264"
                    
                    BASELINE="719 1813 1532 1833 1946 1829 2217 1840 2638 1840 2789 1829" 
                    HPOS="715.0"
                    VPOS="1763.0"
                    WIDTH="2070.0"
                    HEIGHT="132.0">
            <Shape><Polygon POINTS="715 1809 773 1771 828 1763 932 1775 955 1794 982 1771 1249 1786 1269 1767 1489 1794 1597 1790 1617 1771 1710 1790 1919 1782 1961 1798 2638 1790 2770 1798 2785 1825 2754 1829 2700 1883 2573 1895 2480 1875 2398 1891 2375 1868 2340 1887 2263 1891 2228 1871 1795 1891 1733 1860 1702 1879 1601 1868 1539 1883 1404 1864 777 1868 723 1813"/></Shape>
	    <String CONTENT="הרוצה להפריש תרומה ותרומת מעשר וחלה כאחד נוטל כדי תרומה ותרומת"
                    HPOS="715.0"
                    VPOS="1763.0"
                    WIDTH="2070.0"
                    HEIGHT="132.0"></String>
          </TextLine>

          
          
          <TextLine ID="eSc_line_1842265"
                    
                    BASELINE="769 1902 940 1902 1497 1922 2139 1922 2367 1933 2905 1933" 
                    HPOS="766.0"
                    VPOS="1860.0"
                    WIDTH="2135.0"
                    HEIGHT="124.0">
            <Shape><Polygon POINTS="766 1898 804 1868 866 1860 1013 1864 1036 1879 1768 1875 1795 1891 2847 1883 2901 1929 2863 1980 2805 1984 2278 1980 2147 1956 2058 1984 1969 1960 1690 1976 1621 1953 1590 1968 1392 1972 1211 1953 1064 1972 924 1941 828 1956 769 1902"/></Shape>
	    <String CONTENT="מעשר וחלה וכמה היא אחד מעשרים האומ&#39; אחד ממאה ממה שיש כאן הרי זה"
                    HPOS="766.0"
                    VPOS="1860.0"
                    WIDTH="2135.0"
                    HEIGHT="124.0"></String>
          </TextLine>

          
          
          <TextLine ID="eSc_line_1842266"
                    
                    BASELINE="804 1991 1741 2018 2917 2007" 
                    HPOS="800.0"
                    VPOS="1956.0"
                    WIDTH="2113.0"
                    HEIGHT="120.0">
            <Shape><Polygon POINTS="800 1987 816 1956 1226 1956 2031 1980 2704 1972 2867 1980 2913 2003 2859 2069 2801 2072 2747 2049 2569 2072 2484 2053 2228 2072 2081 2057 1961 2076 1926 2049 1752 2072 1706 2026 1671 2061 1567 2034 1543 2057 1497 2045 1470 2065 1056 2042 1033 2057 909 2057 831 2053 804 2034"/></Shape>
	    <String CONTENT="בצד זה מעשר והשאר מעשר סמוך לו ועוד אחד מארבעים ושמונה מה שיש"
                    HPOS="800.0"
                    VPOS="1956.0"
                    WIDTH="2113.0"
                    HEIGHT="120.0"></String>
          </TextLine>

          
          
          <TextLine ID="eSc_line_1842267"
                    
                    BASELINE="785 2080 932 2092 1245 2096 1567 2111 2921 2111" 
                    HPOS="781.0"
                    VPOS="2042.0"
                    WIDTH="2136.0"
                    HEIGHT="127.0">
            <Shape><Polygon POINTS="781 2076 808 2049 1269 2053 1346 2069 1474 2061 1505 2042 1582 2069 1609 2053 1710 2072 1729 2053 1748 2069 1911 2061 1961 2080 2247 2061 2855 2069 2917 2107 2851 2158 2797 2154 2774 2169 2739 2150 2646 2146 2464 2161 2437 2142 2367 2161 2224 2154 2209 2169 2004 2150 1714 2158 1690 2142 1466 2142 1447 2158 1187 2138 1153 2158 1060 2138 905 2154 870 2119 847 2134 785 2127"/></Shape>
	    <String CONTENT="כאן הרי זה בצד זה חולק והשאר תרומה על הכל [חולק] מאה חולין שיש כאן [^]"
                    HPOS="781.0"
                    VPOS="2042.0"
                    WIDTH="2136.0"
                    HEIGHT="127.0"></String>
          </TextLine>

          
          
          <TextLine ID="eSc_line_1842268"
                    
                    BASELINE="808 2177 1342 2192 1582 2204 2743 2204 2894 2189" 
                    HPOS="804.0"
                    VPOS="2142.0"
                    WIDTH="2086.0"
                    HEIGHT="116.0">
            <Shape><Polygon POINTS="804 2173 808 2142 1191 2142 1454 2165 1470 2150 2128 2154 2209 2169 2228 2154 2267 2165 2425 2150 2472 2169 2847 2158 2890 2185 2847 2243 2797 2247 2774 2231 2665 2254 2561 2239 2499 2254 2480 2239 2464 2254 2360 2258 2286 2235 2263 2250 2159 2254 2128 2219 2089 2250 2015 2254 1950 2227 1922 2247 1849 2243 1833 2258 1795 2231 1760 2247 1702 2235 1547 2250 1458 2235 1122 2239 1064 2204 1036 2204 1005 2235 808 2227"/></Shape>
	    <String CONTENT="הרי זה בצד זה מעשר ושאר מעשר סמוך לו זה שעשיתי מעשר עשוי תרומת"
                    HPOS="804.0"
                    VPOS="2142.0"
                    WIDTH="2086.0"
                    HEIGHT="116.0"></String>
          </TextLine>

          
          
          <TextLine ID="eSc_line_1842269"
                    
                    BASELINE="704 2262 1168 2281 1358 2277 1768 2297 2004 2297 2224 2289 2607 2297 2890 2289" 
                    HPOS="700.0"
                    VPOS="2204.0"
                    WIDTH="2186.0"
                    HEIGHT="155.0">
            <Shape><Polygon POINTS="700 2258 735 2254 766 2223 1013 2239 1067 2204 1102 2235 1280 2247 1466 2235 1536 2250 1710 2239 1830 2258 1857 2243 2046 2254 2108 2250 2131 2227 2162 2254 2774 2243 2843 2247 2886 2285 2847 2335 2785 2351 2712 2347 2673 2324 2507 2359 2476 2335 2085 2335 1988 2351 1922 2328 1818 2347 1644 2347 1582 2332 1447 2339 1044 2316 1002 2335 928 2316 797 2339 704 2270"/></Shape>
	    <String CONTENT="מעשר [וה] עליו והשאר חלה מעשר שיני בצפונו או בדרומו ומחולל על המעות"
                    HPOS="700.0"
                    VPOS="2204.0"
                    WIDTH="2186.0"
                    HEIGHT="155.0"></String>
          </TextLine>

          
          
          <TextLine ID="eSc_line_1842270"
                    
                    BASELINE="785 2363 1396 2386 2867 2378" 
                    HPOS="781.0"
                    VPOS="2324.0"
                    WIDTH="2082.0"
                    HEIGHT="127.0">
            <Shape><Polygon POINTS="781 2359 831 2328 1153 2324 1667 2347 2480 2339 2499 2355 2836 2335 2863 2374 2843 2432 2631 2451 2607 2436 2503 2436 2472 2405 2429 2440 2395 2417 2371 2440 2108 2436 2058 2405 1992 2436 1435 2428 1412 2409 1280 2428 1187 2421 1172 2405 1091 2428 893 2428 785 2374"/></Shape>
	    <String CONTENT="ר&#39; שמעון אוסר בתרומת מעשר ומתיר בחלה במה דברים אמורים בזמן שכולן"
                    HPOS="781.0"
                    VPOS="2324.0"
                    WIDTH="2082.0"
                    HEIGHT="127.0"></String>
          </TextLine>

          
          
          <TextLine ID="eSc_line_1842271"
                    
                    BASELINE="773 2455 1775 2482 2905 2475" 
                    HPOS="769.0"
                    VPOS="2382.0"
                    WIDTH="2132.0"
                    HEIGHT="170.0">
            <Shape><Polygon POINTS="769 2451 777 2413 820 2382 855 2417 994 2432 1164 2417 2139 2444 2387 2440 2402 2424 2441 2444 2476 2409 2511 2444 2642 2455 2805 2432 2847 2436 2901 2471 2843 2529 2770 2533 2731 2498 2696 2529 2661 2513 2603 2537 2251 2521 2213 2552 2182 2521 2062 2521 2027 2540 2008 2525 1984 2540 1868 2521 1779 2533 1752 2513 1679 2529 1656 2510 1632 2529 1520 2533 1327 2506 1311 2521 1292 2510 1191 2525 1083 2502 1064 2521 1013 2521 913 2498 793 2506 773 2486"/></Shape>
	    <String CONTENT="מפרישין נוטל חלה מכולן אבל מקצתן מפרישין ומקצתן אין מפרישין נוטל חלה"
                    HPOS="769.0"
                    VPOS="2382.0"
                    WIDTH="2132.0"
                    HEIGHT="170.0"></String>
          </TextLine>

          
          
          <TextLine ID="eSc_line_1842272"
                    
                    BASELINE="742 2556 1253 2556 1826 2575 2166 2568 2549 2568 2789 2575 2901 2564" 
                    HPOS="739.0"
                    VPOS="2502.0"
                    WIDTH="2159.0"
                    HEIGHT="124.0">
            <Shape><Polygon POINTS="739 2552 781 2506 1067 2525 1091 2506 1191 2521 1296 2513 1315 2529 1640 2525 1659 2506 1679 2525 1892 2540 1911 2525 1988 2540 2008 2521 2031 2537 2073 2521 2182 2529 2224 2560 2251 2533 2696 2533 2739 2502 2770 2533 2851 2529 2898 2560 2839 2622 2689 2626 2615 2622 2600 2606 2530 2626 2445 2598 2418 2610 2352 2564 2309 2564 2271 2602 2201 2598 2170 2622 2035 2610 2019 2626 1861 2618 1841 2602 1822 2618 1710 2622 1659 2583 1628 2614 1524 2614 1485 2591 1462 2614 1125 2602 986 2606 963 2622 800 2583 777 2598 742 2564"/></Shape>
	    <String CONTENT="מכל אחד ואחד ˙ פועלין שהיו יושבין ואוכלין והותירו פרוסות וכן אורחין"
                    HPOS="739.0"
                    VPOS="2502.0"
                    WIDTH="2159.0"
                    HEIGHT="124.0"></String>
          </TextLine>

          
          
          <TextLine ID="eSc_line_1842273"
                    
                    BASELINE="750 2637 901 2649 1265 2649 1741 2664 2422 2668 2704 2656 2882 2656" 
                    HPOS="746.0"
                    VPOS="2568.0"
                    WIDTH="2132.0"
                    HEIGHT="158.0">
            <Shape><Polygon POINTS="746 2633 800 2591 835 2606 936 2602 971 2622 990 2602 1462 2614 1489 2587 1516 2614 1992 2614 2019 2633 2035 2618 2263 2614 2309 2568 2333 2568 2391 2618 2812 2618 2878 2653 2816 2711 2530 2707 2511 2722 2340 2703 2317 2726 2290 2707 1717 2718 1427 2695 1172 2703 1149 2687 978 2691 955 2714 878 2676 855 2695 824 2687 800 2711 750 2660"/></Shape>
	    <String CONTENT="שהיו מסובין ואוכלין והותירו פרוסות ונתנום לשמש או שהיו אחרים מלקטין [ת&#39;]"
                    HPOS="746.0"
                    VPOS="2568.0"
                    WIDTH="2132.0"
                    HEIGHT="158.0"></String>
          </TextLine>

          
          
          <TextLine ID="eSc_line_1842274"
                    
                    BASELINE="766 2730 1064 2745 1245 2745 1427 2757 1737 2761 2770 2757 2894 2745" 
                    HPOS="762.0"
                    VPOS="2680.0"
                    WIDTH="2128.0"
                    HEIGHT="131.0">
            <Shape><Polygon POINTS="762 2726 878 2680 951 2718 978 2695 1714 2718 2201 2707 2290 2711 2313 2730 2336 2711 2518 2722 2534 2707 2832 2707 2890 2742 2851 2796 2673 2796 2658 2811 2534 2811 2464 2788 2433 2803 2217 2800 2197 2784 1988 2807 1934 2792 1833 2807 1470 2807 1334 2788 1269 2800 1249 2784 1164 2796 1114 2776 1056 2803 975 2772 944 2792 866 2792 781 2730"/></Shape>
	    <String CONTENT="תחתיהן מעשר מכל אחד ואחד עני שנתנו לו פרוסות פת וגרוגרות מעשר מכל"
                    HPOS="762.0"
                    VPOS="2680.0"
                    WIDTH="2128.0"
                    HEIGHT="131.0"></String>
          </TextLine>

          
          
          <TextLine ID="eSc_line_1842275"
                    
                    BASELINE="789 2823 1091 2838 1427 2834 1652 2842 2178 2846 2894 2838" 
                    HPOS="785.0"
                    VPOS="2769.0"
                    WIDTH="2105.0"
                    HEIGHT="127.0">
            <Shape><Polygon POINTS="785 2819 789 2792 831 2769 855 2792 1002 2788 1052 2803 1114 2780 1156 2796 1462 2807 2839 2800 2890 2834 2836 2889 2727 2873 2704 2889 2592 2892 2557 2858 2526 2889 2437 2881 2402 2896 2360 2881 1895 2892 1795 2873 1764 2896 1358 2896 1071 2873 1044 2892 1017 2877 928 2885 882 2858 839 2881 789 2861"/></Shape>
	    <String CONTENT="אחד ואחד שחק את הפת ועשאה פירורין או גרוגרות ועשאן דבילה מעשר [מ&#39;]"
                    HPOS="785.0"
                    VPOS="2769.0"
                    WIDTH="2105.0"
                    HEIGHT="127.0"></String>
          </TextLine>

          
          
          <TextLine ID="eSc_line_1842256"
                    
                    BASELINE="800 2916 1079 2931 1853 2927 2131 2935 2542 2935 2886 2919" 
                    HPOS="797.0"
                    VPOS="2865.0"
                    WIDTH="2085.0"
                    HEIGHT="128.0">
            <Shape><Polygon POINTS="797 2912 804 2873 874 2869 1021 2877 1048 2892 1075 2873 1772 2896 1791 2877 1892 2896 2205 2900 2360 2885 2425 2900 2441 2885 2518 2896 2557 2865 2588 2896 2781 2889 2882 2916 2828 2981 2673 2970 2619 2989 2580 2989 2561 2970 2344 2989 2290 2958 2228 2981 2004 2977 1903 2993 1857 2962 1822 2985 1775 2966 1741 2985 1628 2966 1586 2985 1242 2966 1191 2981 1060 2958 1017 2974 901 2970 866 2943 851 2958 800 2939"/></Shape>
	    <String CONTENT="מאחד על הכל אמ&#39; ר&#39; יהודה במה דברים אמורים בשנת שבוע אבל בשאר"
                    HPOS="797.0"
                    VPOS="2865.0"
                    WIDTH="2085.0"
                    HEIGHT="128.0"></String>
          </TextLine>

          
          
          <TextLine ID="eSc_line_1842244"
                    
                    BASELINE="742 3001 889 3016 1125 3024 1729 3020 2070 3032 2600 3028 2774 3020 2901 3024" 
                    HPOS="739.0"
                    VPOS="2962.0"
                    WIDTH="2159.0"
                    HEIGHT="124.0">
            <Shape><Polygon POINTS="739 2997 824 2962 1005 2981 1160 2970 1752 2989 1775 2974 1795 2989 1864 2989 1899 3020 1988 3024 2023 2989 2681 2974 2824 2981 2855 3012 2898 3020 2874 3020 2805 3074 2685 3066 2580 3082 2503 3066 2391 3074 2364 3059 2313 3074 2097 3078 2004 3028 1942 3039 1903 3024 1857 3070 1733 3070 1717 3086 1578 3066 1466 3078 1439 3063 1365 3078 1342 3059 1272 3070 1242 3055 967 3070 940 3043 916 3063 843 3063 816 3059 754 3001 742 3008"/></Shape>
	    <String CONTENT="שנים מעשר מכל אחד ואחד ˙ הלוקח מן העני וכן עני שנתנו לו פרוסות"
                    HPOS="739.0"
                    VPOS="2962.0"
                    WIDTH="2159.0"
                    HEIGHT="124.0"></String>
          </TextLine>

          
          
          <TextLine ID="eSc_line_1842247"
                    
                    BASELINE="762 3094 928 3109 1334 3117 2855 3109" 
                    HPOS="758.0"
                    VPOS="3039.0"
                    WIDTH="2093.0"
                    HEIGHT="143.0">
            <Shape><Polygon POINTS="758 3093 812 3055 916 3063 940 3039 967 3066 1245 3063 1346 3066 1369 3082 1439 3066 1601 3086 1864 3070 2832 3070 2851 3105 2839 3163 2816 3167 2340 3155 1783 3171 1741 3155 1594 3179 1532 3167 1508 3182 1427 3159 1075 3155 1052 3136 1002 3163 951 3144 866 3155 777 3097"/></Shape>
	    <String CONTENT="פת וגרוגרות מעשר מכל אחד ואחד בתמרים בעמקים מעשר מאחד על הכל"
                    HPOS="758.0"
                    VPOS="3039.0"
                    WIDTH="2093.0"
                    HEIGHT="143.0"></String>
          </TextLine>

          
          
          <TextLine ID="eSc_line_1842241"
                    
                    BASELINE="785 3190 1094 3210 2681 3210 2886 3198" 
                    HPOS="781.0"
                    VPOS="3152.0"
                    WIDTH="2101.0"
                    HEIGHT="116.0">
            <Shape><Polygon POINTS="781 3186 808 3152 971 3167 1052 3152 1508 3179 1536 3163 1597 3175 2685 3159 2839 3167 2882 3194 2839 3252 2758 3244 2735 3268 2627 3244 2607 3264 2573 3248 2278 3260 2217 3244 2108 3256 1950 3240 1907 3256 1837 3240 1818 3260 1791 3244 1768 3260 1601 3248 1404 3268 1245 3252 1191 3264 1153 3248 1083 3260 1009 3237 882 3244 866 3260 785 3210"/></Shape>
	    <String CONTENT="במקומות אחרים מעשר מכל אחד ואחד בגרוגרות בשנת שבוע מעשר מאחד"
                    HPOS="781.0"
                    VPOS="3152.0"
                    WIDTH="2101.0"
                    HEIGHT="116.0"></String>
          </TextLine>

          
          
          <TextLine ID="eSc_line_1842246"
                    
                    BASELINE="754 3271 913 3287 1435 3302 2333 3302 2867 3287" 
                    HPOS="750.0"
                    VPOS="3229.0"
                    WIDTH="2113.0"
                    HEIGHT="124.0">
            <Shape><Polygon POINTS="750 3268 800 3229 828 3229 870 3271 928 3248 1164 3252 1214 3291 1303 3295 1350 3279 1458 3295 1485 3268 1559 3256 1640 3268 1822 3260 1837 3244 2278 3260 2453 3248 2580 3252 2607 3268 2631 3248 2704 3252 2735 3271 2762 3248 2851 3256 2863 3283 2851 3322 2801 3349 2720 3333 2472 3345 2433 3326 2348 3345 2309 3333 2023 3349 1957 3333 1876 3349 1532 3353 1450 3298 1234 3295 1187 3337 1079 3333 1056 3353 963 3333 944 3353 878 3298 816 3326 754 3271"/></Shape>
	    <String CONTENT="על הכל בשאר שני שבוע מעשר מכל אחת ואחת ˙ הלוקח מן [ה&#39;]"
                    HPOS="750.0"
                    VPOS="3229.0"
                    WIDTH="2113.0"
                    HEIGHT="124.0"></String>
          </TextLine>

          
          
          <TextLine ID="eSc_line_1842249"
                    
                    BASELINE="735 3353 1141 3380 1377 3380 1586 3387 2538 3387 2778 3384 2909 3372" 
                    HPOS="731.0"
                    VPOS="3298.0"
                    WIDTH="2174.0"
                    HEIGHT="147.0">
            <Shape><Polygon POINTS="731 3349 758 3349 793 3314 901 3322 947 3353 971 3329 1017 3329 1056 3353 1075 3337 1303 3337 1342 3298 1381 3298 1419 3337 1547 3356 1961 3337 2023 3353 2735 3337 2905 3368 2828 3430 2774 3438 2631 3422 2514 3445 2441 3422 2251 3438 2116 3426 2062 3442 1950 3422 1934 3438 1857 3426 1474 3445 1439 3411 1416 3434 1253 3426 1164 3442 1083 3411 1067 3426 990 3422 955 3387 916 3422 889 3407 785 3411 735 3360"/></Shape>
	    <String CONTENT="הפלטר מעשר מכל דפוס ודפוס ואם היה מביאן וצוברן לפניו מעשר מכל קישות"
                    HPOS="731.0"
                    VPOS="3298.0"
                    WIDTH="2174.0"
                    HEIGHT="147.0"></String>
          </TextLine>

          
          
          <TextLine ID="eSc_line_1842252"
                    
                    BASELINE="696 3461 835 3453 1501 3484 1729 3484 1830 3476 2735 3476 2890 3465" 
                    HPOS="692.0"
                    VPOS="3387.0"
                    WIDTH="2194.0"
                    HEIGHT="163.0">
            <Shape><Polygon POINTS="692 3457 735 3453 773 3415 893 3411 920 3426 959 3387 1009 3430 1114 3426 1156 3442 1214 3426 1404 3434 1431 3449 1454 3434 1934 3442 1953 3426 2093 3442 2143 3426 2356 3442 2495 3426 2518 3442 2836 3434 2878 3438 2886 3461 2832 3523 2778 3534 2619 3515 2209 3527 2155 3511 1714 3534 1636 3515 1443 3542 1419 3527 1168 3511 1145 3523 1110 3507 990 3511 951 3550 901 3500 781 3507 731 3457 704 3457"/></Shape>
	    <String CONTENT="וקישות ומכל אגודה ואגודה ומכל תמרה ותמרה הלוקח מן חנוני וחזר ולקח ממנו"
                    HPOS="692.0"
                    VPOS="3387.0"
                    WIDTH="2194.0"
                    HEIGHT="163.0"></String>
          </TextLine>

          
          
          <TextLine ID="eSc_line_1842250"
                    
                    BASELINE="1164 3558 1532 3577 1714 3577 1926 3565 2735 3573 2905 3554" 
                    HPOS="1160.0"
                    VPOS="3515.0"
                    WIDTH="1741.0"
                    HEIGHT="120.0">
            <Shape><Polygon POINTS="1160 3554 1183 3527 1272 3523 1412 3523 1454 3538 1957 3519 2553 3531 2596 3515 2634 3531 2863 3523 2901 3550 2816 3619 2739 3604 2723 3619 2592 3635 2383 3608 2147 3623 2120 3596 2085 3623 1984 3608 1895 3623 1833 3608 1702 3627 1667 3612 1605 3635 1543 3619 1342 3627 1245 3616 1164 3561"/></Shape>
	    <String CONTENT="שניה א&#39;ע&#39;פ&#39; שמכיר את החבית שהיא היא לא יעשה מזה על זה ˙"
                    HPOS="1160.0"
                    VPOS="3515.0"
                    WIDTH="1741.0"
                    HEIGHT="120.0"></String>
          </TextLine>

          
          
          <TextLine ID="eSc_line_1842251"
                    
                    BASELINE="711 3643 1857 3674 2925 3666" 
                    HPOS="708.0"
                    VPOS="3558.0"
                    WIDTH="2213.0"
                    HEIGHT="236.0">
            <Shape><Polygon POINTS="708 3639 766 3635 824 3581 855 3600 967 3604 1060 3558 1106 3604 1334 3631 1520 3619 1609 3635 1818 3616 1903 3631 1919 3616 2093 3619 2120 3592 2147 3619 2255 3627 2491 3616 2592 3635 2720 3631 2747 3608 2770 3623 2843 3623 2878 3658 2921 3662 2886 3670 2832 3724 2766 3728 2720 3774 2677 3763 2646 3782 2611 3766 2588 3786 2530 3724 2495 3751 2449 3716 2383 3766 2336 3732 2294 3732 2232 3794 2201 3794 2159 3786 2081 3716 2004 3728 1961 3712 1899 3759 1830 3720 1791 3736 1764 3720 1702 3724 1679 3739 1621 3724 1586 3747 1539 3736 1516 3751 1481 3724 1431 3739 1377 3720 1350 3747 1303 3728 1257 3763 1226 3732 1203 3747 1153 3743 1114 3705 1083 3716 1048 3701 998 3728 944 3705 858 3739 766 3658 711 3650"/></Shape>
	    <String CONTENT="הלוקח מן הסיטון ונמלך להחזיר לא יחזיר במה דברים אמורים בשל דמיי אבל"
                    HPOS="708.0"
                    VPOS="3558.0"
                    WIDTH="2213.0"
                    HEIGHT="236.0"></String>
          </TextLine>

          
        </TextBlock>
        

        
      </PrintSpace>
    </Page>
  </Layout>
</alto>
