<?xml version="1.0" encoding="UTF-8"?>
<alto xmlns:xsi="http://www.w3.org/2001/XMLSchema-instance"
      xmlns="http://www.loc.gov/standards/alto/ns-v4#"
      xsi:schemaLocation="http://www.loc.gov/standards/alto/ns-v4# http://www.loc.gov/standards/alto/v4/alto-4-2.xsd">
  <Description>
    <MeasurementUnit>pixel</MeasurementUnit>
    <sourceImageInformation>
      <fileName>Cod.Hebr.20_092v.jpg</fileName>
      
    </sourceImageInformation>
  </Description>
  
  <Tags>
    <OtherTag ID="BT1" LABEL="Title" DESCRIPTION="block type Title"/><OtherTag ID="BT2" LABEL="Main" DESCRIPTION="block type Main"/><OtherTag ID="BT3" LABEL="Commentary" DESCRIPTION="block type Commentary"/><OtherTag ID="BT4" LABEL="Illustration" DESCRIPTION="block type Illustration"/><OtherTag ID="BT747" LABEL="Hole" DESCRIPTION="block type Hole"/><OtherTag ID="BT748" LABEL="Margin" DESCRIPTION="block type Margin"/><OtherTag ID="BT749" LABEL="Paratext" DESCRIPTION="block type Paratext"/>
    <OtherTag ID="LT3" LABEL="Correction" DESCRIPTION="line type Correction"/>
  </Tags>
  
  <Layout>
    <Page WIDTH="3685"
          HEIGHT="4631"
          PHYSICAL_IMG_NR="173"
          ID="eSc_dummypage_">
      <PrintSpace HPOS="0"
                  VPOS="0"
                  WIDTH="3685"
                  HEIGHT="4631">
        
        <TextBlock HPOS="513.0"
                   VPOS="452.0"
                   WIDTH="2232.0"
                   HEIGHT="3224.0"
                   ID="eSc_textblock_68436129"
                   TAGREFS="BT2">
          <Shape><Polygon POINTS="551 452 2745 452 2745 3676 513 3643"/></Shape>
          
          
          <TextLine ID="eSc_line_1849474"
                    
                    BASELINE="552 532 861 544 2752 559" 
                    HPOS="548.0"
                    VPOS="432.0"
                    WIDTH="2202.0"
                    HEIGHT="193.0">
            <Shape><Polygon POINTS="548 528 590 482 637 505 672 478 706 509 753 505 842 447 884 443 954 501 992 482 1042 505 1108 463 1127 474 1166 459 1228 470 1251 493 1317 432 1386 501 1421 482 1452 501 1506 493 1545 509 1560 493 1599 497 1637 463 1672 490 1730 455 1769 455 1842 501 1908 490 1954 520 1993 505 2054 520 2085 493 2120 505 2170 463 2217 490 2263 455 2325 513 2410 490 2483 505 2506 482 2533 501 2560 490 2607 517 2645 517 2738 459 2750 555 2696 613 2626 617 2603 602 2557 613 2526 594 2475 625 2201 602 2093 613 2054 598 2024 617 1888 617 1865 598 1807 613 1545 613 1510 590 1479 609 1348 590 753 609 691 594 660 605 641 586 618 598 556 532"/></Shape>
	    <String CONTENT="דבר מועט וממלא לו מיחם מים אפי&#39; לא שתה הימנו ﭏא כוס אחד אבל האופה אין"
                    HPOS="548.0"
                    VPOS="432.0"
                    WIDTH="2202.0"
                    HEIGHT="193.0"></String>
          </TextLine>

          
          
          <TextLine ID="eSc_line_1849476"
                    
                    BASELINE="533 629 706 648 992 644 1973 648 2109 656 2402 656 2541 663 2642 663 2752 649" 
                    HPOS="529.0"
                    VPOS="586.0"
                    WIDTH="2221.0"
                    HEIGHT="147.0">
            <Shape><Polygon POINTS="529 625 567 594 621 602 637 586 699 609 1355 594 1483 613 1510 590 1552 617 1854 613 1869 598 1888 613 2205 605 2309 621 2487 621 2541 594 2568 621 2707 621 2742 629 2750 648 2719 702 2676 713 2518 690 2441 710 2375 690 2352 713 2255 713 2228 698 2105 710 2074 683 2004 733 1973 702 1935 725 1904 694 1842 710 1745 694 1711 710 1463 702 1433 683 1409 702 1336 659 1305 686 1212 686 1189 663 1166 686 892 686 861 706 668 698 637 671 602 698 533 632"/></Shape>
	    <String CONTENT="אופה ﭏא כדי צרכו ר&#39; שמעון בן לעזר אומ&#39; ממלא אשה את התנור פת מפני שהפת"
                    HPOS="529.0"
                    VPOS="586.0"
                    WIDTH="2221.0"
                    HEIGHT="147.0"></String>
          </TextLine>

          
          
          <TextLine ID="eSc_line_1849477"
                    
                    BASELINE="513 729 730 740 1479 740 1757 748 2752 748" 
                    HPOS="509.0"
                    VPOS="683.0"
                    WIDTH="2241.0"
                    HEIGHT="127.0">
            <Shape><Polygon POINTS="509 725 552 725 575 702 641 710 656 694 1336 698 1351 683 1421 710 1440 690 1622 710 1749 702 1765 717 1915 717 1931 733 1977 710 2016 740 2085 698 2352 713 2499 710 2518 690 2615 717 2700 710 2750 744 2661 806 2549 806 2491 787 2429 810 2402 791 2047 802 2016 779 1927 798 1873 760 1834 791 1803 783 1772 802 1691 787 1618 802 1521 783 1498 802 1433 771 1398 787 1371 760 1344 783 1124 783 1097 756 1066 783 1012 775 981 791 768 787 722 764 695 791 625 794 602 779 575 794 513 733"/></Shape>
	    <String CONTENT="יפה כל זמן שהתנור מלא ˙ אין עושין לא לאכילת גוים ולא לאכילת כלבים"
                    HPOS="509.0"
                    VPOS="683.0"
                    WIDTH="2241.0"
                    HEIGHT="127.0"></String>
          </TextLine>

          
          
          <TextLine ID="eSc_line_1849478"
                    
                    BASELINE="556 829 1228 825 1915 841 2630 837 2752 844" 
                    HPOS="552.0"
                    VPOS="760.0"
                    WIDTH="2198.0"
                    HEIGHT="139.0">
            <Shape><Polygon POINTS="552 825 556 787 594 779 699 791 726 764 764 791 950 783 981 798 1008 783 1062 791 1097 760 1127 791 1367 798 1398 783 1425 798 1444 783 1502 802 1521 783 1765 802 1819 787 1865 806 2692 802 2750 841 2692 895 2530 895 2499 879 2479 895 2240 883 2004 899 1977 876 1861 895 1668 883 1630 852 1572 887 1425 868 1054 879 1039 864 1000 879 818 868 768 879 737 852 695 883 633 879 556 829"/></Shape>
	    <String CONTENT="ביום טוב מעשה בשמעון התימני שלא יצא בלילי יום טוב לבית המדרש לשחרי&#39;"
                    HPOS="552.0"
                    VPOS="760.0"
                    WIDTH="2198.0"
                    HEIGHT="139.0"></String>
          </TextLine>

          
          
          <TextLine ID="eSc_line_1849480"
                    
                    BASELINE="521 910 637 922 1189 914 1827 933 2398 933 2553 926 2752 930" 
                    HPOS="517.0"
                    VPOS="856.0"
                    WIDTH="2233.0"
                    HEIGHT="135.0">
            <Shape><Polygon POINTS="517 906 521 879 579 887 614 868 726 887 811 868 872 883 1228 868 1533 891 1599 883 1630 856 1657 883 1800 895 1973 883 2008 899 2027 883 2483 899 2514 883 2676 895 2750 926 2692 987 2518 984 2495 968 2475 984 2352 972 2333 991 2248 991 1981 976 1958 953 1915 980 1857 987 1676 964 1456 976 1417 949 1378 968 1081 953 1054 968 583 972 521 922"/></Shape>
	    <String CONTENT="מצאו ר&#39; יהודה בן בבא אמ&#39; לו מפני מה לא באתה אמש לבית המדרש אמ&#39; לו מצוה"
                    HPOS="517.0"
                    VPOS="856.0"
                    WIDTH="2233.0"
                    HEIGHT="135.0"></String>
          </TextLine>

          
          
          <TextLine ID="eSc_line_1849481"
                    
                    BASELINE="560 999 687 1011 1278 1007 1745 1026 2375 1026 2752 1014" 
                    HPOS="556.0"
                    VPOS="945.0"
                    WIDTH="2194.0"
                    HEIGHT="131.0">
            <Shape><Polygon POINTS="556 995 714 968 1081 957 1378 968 1413 945 1448 972 1749 987 1919 984 1958 953 1985 980 2024 984 2657 984 2750 1011 2684 1068 2572 1076 2217 1076 2120 1068 2101 1049 2078 1068 2000 1072 1927 1068 1896 1045 1869 1072 1722 1068 1695 1041 1672 1065 1363 1061 1321 1041 1050 1057 942 1041 923 1061 641 1065 590 1057 560 1026"/></Shape>
	    <String CONTENT="אחת אירע לי ועשיתיה בלשת של גוים נכנסה לעיר והיו מתיראין שמא יצחיבו"
                    HPOS="556.0"
                    VPOS="945.0"
                    WIDTH="2194.0"
                    HEIGHT="131.0"></String>
          </TextLine>

          
          
          <TextLine ID="eSc_line_1849482"
                    
                    BASELINE="517 1103 590 1096 749 1096 938 1103 1927 1099 2209 1111 2752 1103" 
                    HPOS="513.0"
                    VPOS="1038.0"
                    WIDTH="2237.0"
                    HEIGHT="127.0">
            <Shape><Polygon POINTS="513 1099 587 1057 927 1057 946 1038 973 1053 1143 1045 1599 1068 1668 1068 1695 1041 1722 1068 1884 1080 1908 1065 2081 1065 2101 1049 2217 1076 2692 1076 2715 1099 2750 1099 2665 1165 2506 1150 2394 1165 2356 1134 2282 1165 2221 1146 2024 1150 2000 1134 1977 1157 1784 1161 1089 1142 1042 1119 950 1142 641 1146 621 1130 587 1146 540 1099"/></Shape>
	    <String CONTENT="את בני העיר עשינו להם עגל והאכלנום והשקינום וסכנום כדי שלא יצחיבו את"
                    HPOS="513.0"
                    VPOS="1038.0"
                    WIDTH="2237.0"
                    HEIGHT="127.0"></String>
          </TextLine>

          
          
          <TextLine ID="eSc_line_1849483"
                    
                    BASELINE="509 1169 857 1184 1834 1188 2027 1196 2752 1188" 
                    HPOS="506.0"
                    VPOS="1134.0"
                    WIDTH="2244.0"
                    HEIGHT="120.0">
            <Shape><Polygon POINTS="506 1165 544 1150 567 1165 583 1150 861 1138 1490 1142 1788 1161 2221 1146 2286 1165 2360 1134 2394 1165 2692 1157 2750 1184 2700 1250 2649 1254 2611 1238 2483 1246 2448 1227 2356 1242 2306 1223 2278 1238 2224 1219 2197 1242 2004 1246 1950 1211 1919 1238 1873 1242 1518 1223 1355 1234 1270 1231 1239 1207 1216 1223 1100 1223 1077 1200 1004 1238 984 1223 880 1223 865 1207 795 1234 699 1215 679 1231 587 1231 509 1173"/></Shape>
	    <String CONTENT="בני העיר אמ&#39; לו תמהני עליך אם לא יצא שכרך בהפסדך שהרי אמרו אין עושין לא"
                    HPOS="506.0"
                    VPOS="1134.0"
                    WIDTH="2244.0"
                    HEIGHT="120.0"></String>
          </TextLine>

          
          
          <TextLine ID="eSc_line_1849484"
                    
                    BASELINE="521 1258 1108 1273 2027 1273 2298 1285 2738 1277" 
                    HPOS="517.0"
                    VPOS="1204.0"
                    WIDTH="2217.0"
                    HEIGHT="127.0">
            <Shape><Polygon POINTS="517 1254 563 1219 679 1231 699 1211 760 1231 845 1227 861 1211 880 1231 911 1219 1008 1242 1077 1204 1108 1231 1834 1231 1958 1250 1985 1234 2089 1234 2205 1250 2228 1227 2282 1246 2313 1231 2352 1246 2611 1242 2692 1250 2734 1273 2684 1319 2587 1331 2313 1323 2294 1308 2271 1327 2244 1300 2213 1323 1734 1308 1645 1323 1572 1319 1537 1292 1471 1319 950 1312 934 1296 919 1312 699 1312 583 1300 521 1258"/></Shape>
	    <String CONTENT="לאכילת גוים ולא לאכילת כלבים ביום טוב אמ&#39; רבן שמעון בן גמליﭏ אומ&#39; היו בית שמיי"
                    HPOS="517.0"
                    VPOS="1204.0"
                    WIDTH="2217.0"
                    HEIGHT="127.0"></String>
          </TextLine>

          
          
          <TextLine ID="eSc_line_1849485"
                    
                    BASELINE="540 1346 1297 1346 2097 1366 2348 1366 2730 1350" 
                    HPOS="536.0"
                    VPOS="1292.0"
                    WIDTH="2191.0"
                    HEIGHT="120.0">
            <Shape><Polygon POINTS="536 1342 590 1308 1077 1308 1209 1327 1324 1308 1475 1315 1541 1292 1575 1319 1641 1323 2213 1323 2244 1300 2282 1339 2302 1319 2680 1323 2727 1346 2665 1404 2599 1412 2564 1389 2541 1412 2329 1412 2275 1381 2205 1412 2101 1397 1997 1408 1973 1393 1954 1412 1734 1400 1591 1412 1533 1385 1475 1400 606 1397 540 1342"/></Shape>
	    <String CONTENT="שאין כהן טובל לתרומתו בו ביום אבל מטביל הוא מגב לגב ומחבורה לחבורה ביום [ט&#39;]"
                    HPOS="536.0"
                    VPOS="1292.0"
                    WIDTH="2191.0"
                    HEIGHT="120.0"></String>
          </TextLine>

          
          
          <TextLine ID="eSc_line_1849486"
                    
                    BASELINE="517 1443 621 1435 795 1435 961 1443 1429 1439 2730 1447" 
                    HPOS="513.0"
                    VPOS="1381.0"
                    WIDTH="2214.0"
                    HEIGHT="120.0">
            <Shape><Polygon POINTS="513 1439 575 1389 942 1389 1158 1408 1185 1393 1533 1393 1591 1412 1614 1397 1958 1416 1973 1400 2248 1408 2275 1381 2302 1408 2568 1420 2672 1404 2727 1443 2672 1493 2618 1501 2460 1501 2441 1485 2197 1497 2128 1481 2054 1501 1846 1481 1653 1497 1568 1481 1251 1481 1185 1497 1069 1478 996 1493 853 1478 834 1458 776 1481 598 1485 517 1439"/></Shape>
	    <String CONTENT="טוב כיצד מגב לגב הרוצה לעשות גתו על גב בדו ובדו על גבי עיסתו הרי זה טובל"
                    HPOS="513.0"
                    VPOS="1381.0"
                    WIDTH="2214.0"
                    HEIGHT="120.0"></String>
          </TextLine>

          
          
          <TextLine ID="eSc_line_1849487"
                    
                    BASELINE="540 1524 842 1535 1796 1532 2752 1535" 
                    HPOS="536.0"
                    VPOS="1462.0"
                    WIDTH="2214.0"
                    HEIGHT="131.0">
            <Shape><Polygon POINTS="536 1520 567 1481 799 1485 834 1462 857 1485 1166 1485 1189 1501 1263 1481 1579 1489 1630 1505 1842 1485 2062 1497 2078 1481 2475 1505 2672 1497 2700 1524 2750 1532 2661 1589 2429 1578 2406 1593 2163 1570 1985 1582 1954 1555 1919 1578 1672 1586 1506 1586 1452 1555 1421 1578 1321 1586 818 1562 733 1578 590 1566 540 1528"/></Shape>
	    <String CONTENT="בו ביום כיצד מחבורה לחבורה רצה שלא לעשות בדו על גב עיסתו של חבירו הרי"
                    HPOS="536.0"
                    VPOS="1462.0"
                    WIDTH="2214.0"
                    HEIGHT="131.0"></String>
          </TextLine>

          
          
          <TextLine ID="eSc_line_1849488"
                    
                    BASELINE="506 1605 849 1616 1290 1616 1429 1624 2734 1628" 
                    HPOS="502.0"
                    VPOS="1555.0"
                    WIDTH="2228.0"
                    HEIGHT="135.0">
            <Shape><Polygon POINTS="502 1601 509 1574 533 1597 575 1570 1328 1586 1425 1582 1452 1555 1502 1586 1927 1578 1958 1601 2031 1586 2688 1589 2730 1624 2680 1671 2626 1678 2333 1674 2317 1659 2294 1678 2190 1674 2139 1628 2109 1659 2085 1636 2031 1632 1993 1671 1958 1659 1884 1678 1707 1663 1660 1686 1630 1659 1483 1678 950 1655 760 1674 737 1659 714 1682 679 1659 621 1659 587 1690 506 1624"/></Shape>
	    <String CONTENT="זה מטביל את כליו ˙ אין מטבילין את כלי על גב מימיו ביום טוב ואין משיקין"
                    HPOS="502.0"
                    VPOS="1555.0"
                    WIDTH="2228.0"
                    HEIGHT="135.0"></String>
          </TextLine>

          
          
          <TextLine ID="eSc_line_1849489"
                    
                    BASELINE="536 1701 1104 1701 1409 1713 1834 1709 2752 1713" 
                    HPOS="533.0"
                    VPOS="1636.0"
                    WIDTH="2217.0"
                    HEIGHT="143.0">
            <Shape><Polygon POINTS="533 1698 583 1690 625 1659 687 1659 714 1686 737 1663 1633 1663 1660 1686 1680 1671 2101 1674 2147 1636 2209 1678 2302 1674 2317 1659 2371 1674 2676 1674 2703 1701 2750 1709 2723 1709 2653 1763 2356 1767 2298 1744 2205 1779 2182 1759 2051 1759 2031 1740 1977 1767 1753 1771 1668 1744 1645 1763 1201 1759 1178 1744 1116 1767 1015 1763 876 1752 849 1725 741 1763 722 1744 614 1748 540 1698"/></Shape>
	    <String CONTENT="את המים בכלי אבן לטהרן בשבת דברי ר&#39; וחכמים אומ&#39; מטבילין את כלי על גב [^]"
                    HPOS="533.0"
                    VPOS="1636.0"
                    WIDTH="2217.0"
                    HEIGHT="143.0"></String>
          </TextLine>

          
          
          <TextLine ID="eSc_line_1849490"
                    
                    BASELINE="525 1782 861 1798 1270 1794 1950 1813 2599 1809 2752 1791" 
                    HPOS="521.0"
                    VPOS="1728.0"
                    WIDTH="2229.0"
                    HEIGHT="135.0">
            <Shape><Polygon POINTS="521 1779 571 1740 757 1759 822 1755 853 1728 880 1755 919 1759 1120 1763 1166 1740 1201 1759 1614 1771 2568 1759 2665 1763 2700 1790 2750 1790 2661 1856 2611 1844 2070 1863 1823 1844 1776 1863 1402 1844 1321 1860 1293 1844 1085 1844 1062 1821 996 1848 726 1840 703 1821 675 1840 602 1848 525 1798"/></Shape>
	    <String CONTENT="מימיו ביום טוב ומשיקין את המים בכלי אבן לטהרן אבל לא להטבילן כלים [שנט&#39;]"
                    HPOS="521.0"
                    VPOS="1728.0"
                    WIDTH="2229.0"
                    HEIGHT="135.0"></String>
          </TextLine>

          
          
          <TextLine ID="eSc_line_1849491"
                    
                    BASELINE="533 1879 915 1890 1506 1887 1703 1894 2302 1894 2560 1887 2711 1890" 
                    HPOS="529.0"
                    VPOS="1821.0"
                    WIDTH="2178.0"
                    HEIGHT="135.0">
            <Shape><Polygon POINTS="529 1875 583 1833 614 1848 679 1844 703 1821 776 1848 992 1848 1023 1833 1042 1844 1062 1825 1089 1852 1317 1860 2611 1848 2684 1852 2707 1887 2665 1941 2379 1948 2112 1941 2074 1921 2047 1941 1861 1948 1780 1933 1765 1948 1664 1937 1633 1956 1606 1941 1425 1937 1305 1937 1278 1952 1259 1933 1209 1945 1170 1906 1131 1941 552 1933 533 1914"/></Shape>
	    <String CONTENT="שנטמאו באב הטומאה אין מטבילין אותן ביום טוב ואין צריך לומ&#39; בשבת אבל ממלא"
                    HPOS="529.0"
                    VPOS="1821.0"
                    WIDTH="2178.0"
                    HEIGHT="135.0"></String>
          </TextLine>

          
          
          <TextLine ID="eSc_line_1849492"
                    
                    BASELINE="517 1972 1263 1983 2738 1975" 
                    HPOS="513.0"
                    VPOS="1906.0"
                    WIDTH="2221.0"
                    HEIGHT="139.0">
            <Shape><Polygon POINTS="513 1968 563 1937 1135 1937 1174 1906 1209 1941 1274 1948 2035 1945 2078 1925 2093 1941 2190 1945 2676 1945 2734 1972 2645 2033 2402 2029 2363 1999 2321 2029 1981 2029 1919 2002 1896 2026 1610 2026 1591 2045 1568 2022 1394 2018 1351 2033 1166 2018 571 2026 517 1972"/></Shape>
	    <String CONTENT="הוא כוס דלי או קיתון לשתות וחושב עליהן ומטבילן וטובל כדרכו מטומאה חמורה"
                    HPOS="513.0"
                    VPOS="1906.0"
                    WIDTH="2221.0"
                    HEIGHT="139.0"></String>
          </TextLine>

          
          
          <TextLine ID="eSc_line_1849493"
                    
                    BASELINE="575 2049 876 2068 1788 2064 2016 2076 2746 2064" 
                    HPOS="571.0"
                    VPOS="2002.0"
                    WIDTH="2171.0"
                    HEIGHT="132.0">
            <Shape><Polygon POINTS="571 2045 594 2014 1348 2033 1386 2018 1406 2033 1564 2026 1599 2060 1622 2037 1815 2041 1900 2029 1919 2010 1942 2029 2070 2037 2333 2029 2371 2002 2398 2029 2669 2029 2742 2060 2676 2110 2591 2122 2495 2103 2445 2118 2371 2091 2348 2114 2004 2107 1958 2134 1915 2107 1745 2114 1672 2095 1498 2122 1305 2114 1278 2087 1247 2114 1120 2118 629 2107 575 2091"/></Shape>
	    <String CONTENT="ואין צריך לומר מטומאה קלה ˙ אין [מרחצין] בחמין שהוחמו ביום טוב [א]"
                    HPOS="571.0"
                    VPOS="2002.0"
                    WIDTH="2171.0"
                    HEIGHT="132.0"></String>
          </TextLine>

          
          
          <TextLine ID="eSc_line_1849494"
                    
                    BASELINE="506 2134 1027 2153 2630 2153 2742 2141" 
                    HPOS="502.0"
                    VPOS="2091.0"
                    WIDTH="2236.0"
                    HEIGHT="116.0">
            <Shape><Polygon POINTS="502 2130 540 2130 575 2099 830 2118 1402 2107 1510 2126 1664 2099 1680 2114 1923 2114 1954 2137 1989 2114 2348 2114 2371 2091 2456 2122 2672 2110 2738 2137 2672 2188 2607 2195 2591 2180 2572 2195 2553 2180 2518 2203 2472 2184 2448 2207 2418 2180 2336 2199 2132 2188 2000 2203 1966 2188 1923 2203 1796 2184 1776 2203 1738 2192 1583 2207 1518 2184 1197 2199 1124 2195 1108 2180 1089 2199 598 2199 556 2184 506 2134"/></Shape>
	    <String CONTENT="ואין צריך לומר בשבת אבל מרחיץ הוא פניו ידיו ורגליו בחמין שהוחמו מערב שבת"
                    HPOS="502.0"
                    VPOS="2091.0"
                    WIDTH="2236.0"
                    HEIGHT="116.0"></String>
          </TextLine>

          
          
          <TextLine ID="eSc_line_1849495"
                    
                    BASELINE="536 2219 745 2234 1282 2246 1668 2246 2039 2234 2445 2234 2746 2219" 
                    HPOS="533.0"
                    VPOS="2176.0"
                    WIDTH="2209.0"
                    HEIGHT="116.0">
            <Shape><Polygon POINTS="533 2215 579 2176 598 2195 1089 2203 1108 2188 1448 2199 1514 2184 1579 2203 1776 2203 1800 2184 1830 2199 2375 2192 2456 2207 2472 2192 2518 2203 2591 2184 2742 2215 2680 2276 2607 2265 2591 2280 2340 2280 2275 2253 2236 2276 1680 2273 1529 2292 1487 2276 1174 2280 1151 2265 1093 2284 984 2284 961 2269 791 2284 741 2276 718 2253 695 2276 660 2276 579 2265 536 2222"/></Shape>
	    <String CONTENT="בשבת ואין צריך לומר בחמין שהוחמו מערב יום טוב ביום טוב רבן שמעון בן גמלי&#39;"
                    HPOS="533.0"
                    VPOS="2176.0"
                    WIDTH="2209.0"
                    HEIGHT="116.0"></String>
          </TextLine>

          
          
          <TextLine ID="eSc_line_1849496"
                    
                    BASELINE="544 2296 903 2319 1104 2323 1919 2323 2750 2296" 
                    HPOS="540.0"
                    VPOS="2257.0"
                    WIDTH="2206.0"
                    HEIGHT="120.0">
            <Shape><Polygon POINTS="540 2292 579 2269 699 2276 718 2257 791 2288 1097 2284 1147 2265 1193 2284 1494 2280 1529 2296 1545 2280 1734 2288 1915 2273 2263 2284 2290 2265 2336 2280 2584 2284 2618 2269 2746 2292 2665 2365 2553 2369 2510 2334 2472 2373 2429 2354 2414 2369 2336 2357 2309 2334 2286 2361 2197 2361 2182 2377 1888 2357 1857 2377 1838 2361 1672 2373 1606 2357 1259 2377 1112 2365 1089 2342 1066 2361 969 2361 946 2377 853 2361 757 2373 583 2357 548 2330"/></Shape>
	    <String CONTENT="או&#39; טרקלין שהשיקה מערב יום טוב מטייל בה ביום טוב לא השיקה מערב יום"
                    HPOS="540.0"
                    VPOS="2257.0"
                    WIDTH="2206.0"
                    HEIGHT="120.0"></String>
          </TextLine>

          
          
          <TextLine ID="eSc_line_1849497"
                    
                    BASELINE="548 2392 1270 2415 1452 2408 1854 2408 2402 2396 2580 2400 2723 2388" 
                    HPOS="544.0"
                    VPOS="2334.0"
                    WIDTH="2175.0"
                    HEIGHT="135.0">
            <Shape><Polygon POINTS="544 2388 575 2361 942 2377 1062 2365 1085 2342 1116 2369 1263 2381 1433 2365 1788 2365 1857 2381 1873 2365 2047 2361 2379 2361 2414 2377 2472 2373 2510 2334 2549 2365 2669 2361 2719 2384 2657 2450 1962 2450 1904 2466 1873 2435 1850 2458 1687 2450 1668 2469 1637 2450 1421 2469 660 2458 625 2427 583 2446 548 2411"/></Shape>
	    <String CONTENT="טוב לא יטיילבה ביום טוב אבל מרגילין ביום טוב ואין מרגילין בחול כיום טוב [^]"
                    HPOS="544.0"
                    VPOS="2334.0"
                    WIDTH="2175.0"
                    HEIGHT="135.0"></String>
          </TextLine>

          
          
          <TextLine ID="eSc_line_1849498"
                    
                    BASELINE="540 2477 602 2493 691 2496 1402 2508 1846 2508 2240 2496 2580 2496 2727 2485" 
                    HPOS="536.0"
                    VPOS="2435.0"
                    WIDTH="2187.0"
                    HEIGHT="127.0">
            <Shape><Polygon POINTS="536 2473 563 2477 625 2438 652 2458 718 2462 1313 2454 1676 2473 1722 2458 1846 2462 1873 2435 1904 2466 2665 2450 2723 2481 2626 2547 2491 2543 2468 2523 2437 2543 2309 2554 2282 2527 2232 2547 2201 2516 2170 2547 2143 2535 2112 2554 1997 2562 1966 2547 1896 2554 1873 2535 1827 2554 1800 2527 1772 2554 1541 2539 1494 2562 1456 2539 1417 2562 1367 2543 1274 2547 1259 2562 1143 2554 1089 2523 1069 2543 1027 2523 946 2550 911 2539 753 2554 691 2527 668 2547 633 2516 594 2543 540 2489"/></Shape>
	    <String CONTENT="ובפסולי המוקדשין ועושין כל צרכי מילה דברים שאין עושין לה בשבת עושין לה"
                    HPOS="536.0"
                    VPOS="2435.0"
                    WIDTH="2187.0"
                    HEIGHT="127.0"></String>
          </TextLine>

          
          
          <TextLine ID="eSc_line_1849499"
                    
                    BASELINE="517 2585 629 2581 1035 2593 1807 2601 2752 2574" 
                    HPOS="513.0"
                    VPOS="2520.0"
                    WIDTH="2237.0"
                    HEIGHT="142.0">
            <Shape><Polygon POINTS="513 2581 556 2574 590 2539 652 2535 675 2550 699 2531 799 2558 927 2539 957 2554 981 2531 1012 2543 1031 2523 1077 2558 1100 2539 1147 2562 1236 2566 1340 2558 1351 2543 1417 2566 1521 2562 1541 2543 1572 2554 1603 2539 1761 2558 1800 2523 1827 2550 1958 2543 1993 2566 2012 2550 2170 2554 2205 2520 2236 2550 2282 2531 2317 2558 2665 2543 2692 2566 2750 2570 2649 2635 2070 2647 2012 2631 1997 2647 1939 2628 1884 2662 1846 2639 1749 2628 1715 2651 1649 2635 1630 2651 1560 2651 1525 2631 1456 2647 1429 2631 1321 2635 1251 2662 1228 2639 1170 2651 1042 2631 590 2631 540 2581"/></Shape>
	    <String CONTENT="ביום טוב שוחקין לה במן וטורפין לה יין ושמן רבן שמעון בן גמליﭏ או&#39; ובלבד שלא"
                    HPOS="513.0"
                    VPOS="2520.0"
                    WIDTH="2237.0"
                    HEIGHT="142.0"></String>
          </TextLine>

          
          
          <TextLine ID="eSc_line_1849500"
                    
                    BASELINE="563 2666 1433 2678 2433 2678 2723 2666" 
                    HPOS="560.0"
                    VPOS="2628.0"
                    WIDTH="2159.0"
                    HEIGHT="112.0">
            <Shape><Polygon POINTS="560 2662 587 2631 1124 2647 1220 2635 1247 2658 1317 2635 1649 2635 1695 2651 1846 2651 1884 2670 1931 2639 2294 2647 2475 2643 2491 2628 2661 2631 2719 2662 2626 2724 2584 2693 2533 2736 2263 2716 2182 2740 1935 2732 1834 2682 1780 2728 1456 2724 1440 2740 1255 2720 1046 2732 1012 2709 969 2736 907 2740 892 2724 780 2732 710 2712 679 2728 652 2701 602 2720 563 2697"/></Shape>
	    <String CONTENT="יקרע לה סמרטוטין בתחלה ˙ של בית רבן גמליﭏ לא היו זוקפין את המנורה"
                    HPOS="560.0"
                    VPOS="2628.0"
                    WIDTH="2159.0"
                    HEIGHT="112.0"></String>
          </TextLine>

          
          
          <TextLine ID="eSc_line_1849479"
                    
                    BASELINE="529 2755 896 2770 1189 2767 1340 2774 2514 2759 2719 2763" 
                    HPOS="525.0"
                    VPOS="2693.0"
                    WIDTH="2190.0"
                    HEIGHT="143.0">
            <Shape><Polygon POINTS="525 2751 583 2720 652 2736 718 2716 969 2740 1008 2709 1039 2736 1614 2740 1780 2732 1815 2697 1834 2716 1869 2693 1908 2732 2093 2740 2190 2740 2251 2716 2537 2740 2591 2697 2630 2732 2657 2724 2715 2759 2665 2817 2638 2821 2325 2821 2302 2805 2271 2821 1946 2828 1819 2805 1780 2817 1757 2797 1718 2836 1630 2817 1541 2828 1514 2801 1479 2824 1409 2832 1151 2821 1104 2801 1058 2828 664 2813 587 2805 536 2755"/></Shape>
	    <String CONTENT="בלילי יום טוב ומעשה ברבן גמליﭏ וזקנים שהיו מסובין ברומי ונפלה מנורה בלילי [^]"
                    HPOS="525.0"
                    VPOS="2693.0"
                    WIDTH="2190.0"
                    HEIGHT="143.0"></String>
          </TextLine>

          
          
          <TextLine ID="eSc_line_1849469"
                    
                    BASELINE="533 2840 691 2855 1012 2863 2344 2863 2568 2851 2730 2855" 
                    HPOS="529.0"
                    VPOS="2801.0"
                    WIDTH="2198.0"
                    HEIGHT="128.0">
            <Shape><Polygon POINTS="529 2836 610 2809 1035 2828 1085 2828 1108 2809 1313 2840 1448 2817 1471 2828 1514 2801 1537 2824 1672 2821 1718 2840 1761 2801 1780 2821 1819 2805 1846 2824 1989 2828 2271 2824 2290 2809 2672 2813 2727 2851 2638 2902 2456 2894 2402 2913 2267 2890 2240 2909 2186 2909 2120 2890 1997 2917 1796 2902 1660 2913 1630 2882 1595 2917 1440 2902 1355 2929 621 2898 533 2851"/></Shape>
	    <String CONTENT="יום טוב ועמד ר&#39; עקיבא וזקפה אמ&#39; לו רבן גמליﭏ עקיבא מה לך אתה מכניס ראשך"
                    HPOS="529.0"
                    VPOS="2801.0"
                    WIDTH="2198.0"
                    HEIGHT="128.0"></String>
          </TextLine>

          
          
          <TextLine ID="eSc_line_1849467"
                    
                    BASELINE="509 2921 753 2940 1224 2956 2054 2956 2530 2944 2723 2929" 
                    HPOS="506.0"
                    VPOS="2871.0"
                    WIDTH="2213.0"
                    HEIGHT="143.0">
            <Shape><Polygon POINTS="506 2917 594 2871 621 2898 668 2905 919 2898 1077 2905 1100 2921 1340 2917 1359 2932 1433 2909 1603 2921 1633 2890 1664 2917 1942 2921 2120 2894 2205 2913 2259 2894 2402 2913 2665 2894 2719 2925 2672 2986 2626 2994 2132 2986 2008 3002 1827 2986 1761 3002 1575 2998 1552 3014 1521 2994 1359 3014 1309 2998 1027 2994 992 2979 896 2994 722 2975 695 2998 668 2975 594 2979 575 2998 509 2932"/></Shape>
	    <String CONTENT="בין המחלקות אמ&#39; לו למדתנו אחרי רבים להטות א&#39;ע&#39;פ&#39; שאתה אוסר והן מתירין הלכ&#39;"
                    HPOS="506.0"
                    VPOS="2871.0"
                    WIDTH="2213.0"
                    HEIGHT="143.0"></String>
          </TextLine>

          
          
          <TextLine ID="eSc_line_1849473"
                    
                    BASELINE="548 3010 706 3025 861 3025 1348 3044 1614 3037 2194 3033 2503 3021 2607 3021 2742 3033" 
                    HPOS="544.0"
                    VPOS="2979.0"
                    WIDTH="2194.0"
                    HEIGHT="123.0">
            <Shape><Polygon POINTS="544 3006 571 3006 598 2979 683 2986 703 3006 726 2983 876 2983 903 2998 1008 2986 1363 3010 1514 2994 1556 3010 1969 2986 2348 3002 2672 2986 2738 3029 2711 3029 2653 3075 2398 3091 2321 3091 2298 3075 2170 3087 2128 3052 2101 3079 1881 3087 1827 3087 1796 3060 1742 3102 1711 3083 1552 3071 1521 3087 1328 3083 1309 3102 1278 3079 1220 3091 1039 3087 1027 3071 621 3075 548 3021"/></Shape>
	    <String CONTENT="כדברי המרובין ר&#39; יהודה אומ&#39; משם רבן גמליﭏ מטלטלין את המנורה ביום טוב אבל"
                    HPOS="544.0"
                    VPOS="2979.0"
                    WIDTH="2194.0"
                    HEIGHT="123.0"></String>
          </TextLine>

          
          
          <TextLine ID="eSc_line_1849470"
                    
                    BASELINE="536 3102 1131 3125 2711 3118" 
                    HPOS="533.0"
                    VPOS="3052.0"
                    WIDTH="2174.0"
                    HEIGHT="143.0">
            <Shape><Polygon POINTS="533 3098 571 3095 598 3068 842 3068 915 3087 1278 3083 1305 3098 1715 3083 1738 3102 1796 3060 1827 3087 2016 3087 2101 3083 2136 3052 2170 3087 2669 3075 2707 3114 2672 3160 2626 3160 2607 3179 2580 3152 2464 3172 1935 3164 1915 3183 1730 3164 1595 3172 1556 3195 1537 3176 1460 3191 1386 3187 1359 3168 826 3168 772 3145 672 3164 614 3149 567 3102"/></Shape>
	    <String CONTENT="אין זוקפין אותה של בית רבן גמליﭏ היו זוקפין בין המטות ביום טוב אמ&#39; ר&#39; לעזר"
                    HPOS="533.0"
                    VPOS="3052.0"
                    WIDTH="2174.0"
                    HEIGHT="143.0"></String>
          </TextLine>

          
          
          <TextLine ID="eSc_line_1849471"
                    
                    BASELINE="525 3195 664 3206 1324 3222 2205 3214 2727 3191" 
                    HPOS="513.0"
                    VPOS="3145.0"
                    WIDTH="2210.0"
                    HEIGHT="131.0">
            <Shape><Polygon POINTS="521 3191 517 3149 1000 3168 1433 3168 1444 3152 1452 3149 1452 3145 1452 3145 1456 3145 1456 3145 1456 3145 1460 3145 1460 3145 1463 3145 1463 3145 1463 3145 1467 3145 1467 3145 1487 3152 1514 3168 1877 3168 1888 3156 1900 3145 1900 3145 1904 3145 1904 3145 1904 3145 1908 3145 1908 3145 1908 3145 1912 3145 1912 3145 1912 3145 1969 3156 2004 3164 2089 3156 2244 3145 2248 3145 2719 3164 2723 3187 2719 3253 2147 3276 2143 3276 513 3264"/></Shape>
	    <String CONTENT="בי ר&#39; צדוק פעמים הרבה אכלנו בבית רבן גמליﭏ ולא ראיתים שהן מכבדין את המטות"
                    HPOS="513.0"
                    VPOS="3145.0"
                    WIDTH="2210.0"
                    HEIGHT="131.0"></String>
          </TextLine>

          
          
          <TextLine ID="eSc_line_1849475"
                    
                    BASELINE="536 3288 660 3288 903 3303 1641 3311 1857 3311 2275 3295 2576 3295 2750 3284" 
                    HPOS="533.0"
                    VPOS="3222.0"
                    WIDTH="2213.0"
                    HEIGHT="143.0">
            <Shape><Polygon POINTS="533 3284 583 3253 695 3264 726 3233 757 3260 807 3268 838 3253 876 3268 1008 3260 1027 3276 1054 3260 1672 3272 2587 3257 2626 3222 2692 3276 2746 3280 2719 3284 2669 3334 2611 3342 2518 3338 2499 3322 2425 3349 2398 3334 2255 3353 2221 3330 2166 3349 2128 3311 2089 3349 2027 3357 1915 3338 1796 3345 1780 3361 1552 3345 1490 3365 1467 3349 1429 3365 1143 3342 1116 3353 1093 3330 1069 3349 981 3342 954 3361 923 3342 594 3342 536 3288"/></Shape>
	    <String CONTENT="ﭏא סדינין היו פורסין מערב יום טוב כשאורחין נכנסין מסלקין אותן אמרו לו אם"
                    HPOS="533.0"
                    VPOS="3222.0"
                    WIDTH="2213.0"
                    HEIGHT="143.0"></String>
          </TextLine>

          
          
          <TextLine ID="eSc_line_1849472"
                    
                    BASELINE="525 3388 726 3388 869 3396 915 3392 1321 3403 2445 3384 2752 3366" 
                    HPOS="509.0"
                    VPOS="3318.0"
                    WIDTH="2241.0"
                    HEIGHT="143.0">
            <Shape><Polygon POINTS="521 3384 509 3361 552 3338 552 3338 552 3338 556 3338 556 3338 560 3338 973 3349 1100 3330 1100 3330 1104 3330 1104 3330 1293 3349 1293 3349 1297 3349 1375 3330 1378 3330 1378 3330 1382 3330 1664 3345 1684 3345 1687 3345 1761 3322 1765 3322 1765 3322 1765 3322 1769 3322 1769 3322 1769 3322 1865 3342 1865 3342 1865 3342 2101 3318 2101 3318 2105 3318 2105 3318 2105 3318 2197 3338 2201 3338 2742 3334 2750 3365 2746 3415 2564 3442 2564 3442 2560 3442 2560 3442 2560 3442 2468 3426 1687 3453 1684 3453 1684 3453 1575 3434 1572 3434 1568 3434 1390 3457 1390 3461 1170 3461 1166 3457 1166 3457 1162 3457 1162 3457 1162 3457 1158 3457 1131 3438 1127 3438 521 3446"/></Shape>
	    <String CONTENT="כן אף בשבת מותר לעשות כן של בית רבן גמליﭏ היו מכניסין את המוגמר במגופה"
                    HPOS="509.0"
                    VPOS="3318.0"
                    WIDTH="2241.0"
                    HEIGHT="143.0"></String>
          </TextLine>

          
          
          <TextLine ID="eSc_line_1849468"
                    
                    BASELINE="533 3457 1097 3480 2317 3480 2618 3469 2746 3473" 
                    HPOS="529.0"
                    VPOS="3419.0"
                    WIDTH="2213.0"
                    HEIGHT="119.0">
            <Shape><Polygon POINTS="529 3453 618 3434 1042 3438 1058 3423 1112 3453 1131 3434 1572 3453 1641 3438 2008 3434 2078 3450 2236 3446 2255 3426 2290 3442 2464 3438 2526 3419 2568 3450 2607 3419 2634 3446 2684 3430 2742 3469 2719 3469 2680 3507 2607 3519 2414 3527 2379 3511 2325 3527 2240 3507 2201 3531 1896 3527 1861 3496 1838 3519 1769 3527 1715 3515 1313 3538 1081 3515 641 3515 575 3504 533 3457"/></Shape>
	    <String CONTENT="אמ&#39; ר&#39; לעזר בי ר&#39; צדוק פעמים הרבה אכלנו בבית רבן גמליﭏ ולא ראיתים שהם [^]"
                    HPOS="529.0"
                    VPOS="3419.0"
                    WIDTH="2213.0"
                    HEIGHT="119.0"></String>
          </TextLine>

          
          
          <TextLine ID="eSc_line_1849466"
                    
                    BASELINE="525 3546 1236 3573 2472 3565 2752 3552" 
                    HPOS="517.0"
                    VPOS="3500.0"
                    WIDTH="2233.0"
                    HEIGHT="208.0">
            <Shape><Polygon POINTS="521 3542 521 3500 2746 3519 2750 3550 2750 3658 2618 3697 2615 3697 2615 3697 2611 3697 2611 3697 2611 3697 2607 3697 2607 3697 2607 3697 2603 3697 2603 3697 2560 3662 2560 3662 2414 3662 2410 3662 2367 3697 2367 3697 2363 3697 2363 3697 2360 3697 2360 3697 2360 3697 2356 3697 2356 3697 2356 3697 2352 3697 2352 3697 2348 3697 2348 3697 2306 3662 2302 3662 2248 3662 2240 3666 2139 3704 2139 3704 2136 3704 2136 3704 2136 3708 1587 3708 1583 3704 1583 3704 1579 3704 1579 3704 1579 3704 1575 3704 1521 3670 1510 3662 1421 3658 1382 3670 1348 3685 1348 3685 1344 3685 1344 3685 1340 3685 1340 3685 1247 3673 1189 3666 1170 3673 1116 3700 1116 3700 1116 3700 1112 3700 1112 3700 1108 3700 1108 3700 927 3677 861 3700 861 3700 857 3700 857 3700 853 3700 853 3700 853 3700 849 3700 849 3700 849 3700 845 3700 815 3677 784 3658 517 3677"/></Shape>
	    <String CONTENT="מכניסין את המוגמר במגופה ﭏא ערדסקאות מעשנין מערב יום טוב כשאורחין"
                    HPOS="517.0"
                    VPOS="3500.0"
                    WIDTH="2233.0"
                    HEIGHT="208.0"></String>
          </TextLine>

          
        </TextBlock>
        

        
      </PrintSpace>
    </Page>
  </Layout>
</alto>
