<?xml version="1.0" encoding="UTF-8"?>
<alto xmlns:xsi="http://www.w3.org/2001/XMLSchema-instance"
      xmlns="http://www.loc.gov/standards/alto/ns-v4#"
      xsi:schemaLocation="http://www.loc.gov/standards/alto/ns-v4# http://www.loc.gov/standards/alto/v4/alto-4-2.xsd">
  <Description>
    <MeasurementUnit>pixel</MeasurementUnit>
    <sourceImageInformation>
      <fileName>Cod.Hebr.20_153r.jpg</fileName>
      
    </sourceImageInformation>
  </Description>
  
  <Tags>
    <OtherTag ID="BT1" LABEL="Title" DESCRIPTION="block type Title"/><OtherTag ID="BT2" LABEL="Main" DESCRIPTION="block type Main"/><OtherTag ID="BT3" LABEL="Commentary" DESCRIPTION="block type Commentary"/><OtherTag ID="BT4" LABEL="Illustration" DESCRIPTION="block type Illustration"/><OtherTag ID="BT747" LABEL="Hole" DESCRIPTION="block type Hole"/><OtherTag ID="BT748" LABEL="Margin" DESCRIPTION="block type Margin"/><OtherTag ID="BT749" LABEL="Paratext" DESCRIPTION="block type Paratext"/>
    <OtherTag ID="LT3" LABEL="Correction" DESCRIPTION="line type Correction"/>
  </Tags>
  
  <Layout>
    <Page WIDTH="3761"
          HEIGHT="4562"
          PHYSICAL_IMG_NR="289"
          ID="eSc_dummypage_">
      <PrintSpace HPOS="0"
                  VPOS="0"
                  WIDTH="3761"
                  HEIGHT="4562">
        
        <TextBlock HPOS="951.0"
                   VPOS="428.0"
                   WIDTH="2158.0"
                   HEIGHT="3204.0"
                   ID="eSc_textblock_7a9c8f0f"
                   TAGREFS="BT2">
          <Shape><Polygon POINTS="951 428 3109 428 3109 3632 951 3632"/></Shape>
          
          
          <TextLine ID="eSc_line_1853535"
                    
                    BASELINE="931 471 1943 494 3111 536" 
                    HPOS="927.0"
                    VPOS="399.0"
                    WIDTH="2183.0"
                    HEIGHT="194.0">
            <Shape><Polygon POINTS="927 467 946 410 1022 437 1045 421 1095 440 1372 456 1388 440 1437 444 1460 421 1475 440 1543 433 1631 452 1684 410 1756 402 1791 433 1829 402 1901 456 1958 399 2011 456 2064 440 2190 463 2281 433 2327 475 2372 482 2418 467 2487 486 2521 471 2585 482 2608 463 2707 486 2787 479 2863 440 2920 490 2981 482 3049 505 3095 486 3110 532 3042 593 2852 570 2509 574 2460 558 2410 574 2342 558 2319 577 2300 558 2228 566 2167 543 2133 562 2080 539 1547 543 1479 482 1452 494 1429 479 1365 479 1273 539 1194 524 1106 536 1083 517 1060 539 1026 509 977 517 935 471"/></Shape>
	    <String CONTENT="סופינו לרבות את האשה הניזק והמזיק בתשלומין לשלם חצי נזק ˙ חמשה תמין [וח&#39;]"
                    HPOS="927.0"
                    VPOS="399.0"
                    WIDTH="2183.0"
                    HEIGHT="194.0"></String>
          </TextLine>

          
          
          <TextLine ID="eSc_line_1853536"
                    
                    BASELINE="931 566 1277 581 2007 589 2342 612 2795 631 2989 631 3091 619" 
                    HPOS="927.0"
                    VPOS="528.0"
                    WIDTH="2160.0"
                    HEIGHT="148.0">
            <Shape><Polygon POINTS="927 562 958 558 988 528 1057 547 1091 532 1543 543 1559 528 1631 547 1810 547 1844 532 1882 555 1977 543 2019 558 2076 543 2137 566 2160 547 2201 566 2312 574 2338 558 2407 574 3080 589 3087 615 3049 676 2745 672 2715 646 2684 669 2635 646 2551 676 2487 642 2410 665 2277 646 2102 653 2061 612 2000 638 1958 638 1939 619 1905 634 1357 615 1296 631 1163 612 1026 623 996 619 946 566"/></Shape>
	    <String CONTENT="וחמשה מועדין ר&#39; מאיר אומ&#39; אף הצבוע ר&#39; לעזר אומ&#39; אף הנחש במה דברים אמורים בזמן"
                    HPOS="927.0"
                    VPOS="528.0"
                    WIDTH="2160.0"
                    HEIGHT="148.0"></String>
          </TextLine>

          
          
          <TextLine ID="eSc_line_1853537"
                    
                    BASELINE="931 651 1277 669 1620 676 2004 676 2198 691 2734 714 3111 714" 
                    HPOS="927.0"
                    VPOS="612.0"
                    WIDTH="2183.0"
                    HEIGHT="167.0">
            <Shape><Polygon POINTS="927 650 965 615 2030 642 2064 612 2102 650 2471 672 2525 661 2559 676 2688 669 2715 650 2741 676 3046 676 3110 710 3034 767 2909 756 2859 779 2814 737 2787 760 2726 767 2680 748 2296 752 2262 737 1988 729 1943 695 1909 722 1863 703 1844 722 1783 710 1715 729 1661 710 1639 729 1536 710 1475 729 1350 707 1205 710 1144 729 1064 688 977 729 931 684"/></Shape>
	    <String CONTENT="שבאו מן המזבר אבל היו מרות מועד משלם נזק שלם ותם משלם חצי נזק והנחש בין כך ובין"
                    HPOS="927.0"
                    VPOS="612.0"
                    WIDTH="2183.0"
                    HEIGHT="167.0"></String>
          </TextLine>

          
          
          <TextLine ID="eSc_line_1853538"
                    
                    BASELINE="954 752 1281 767 1958 767 2163 783 2582 802 3099 805" 
                    HPOS="950.0"
                    VPOS="695.0"
                    WIDTH="2145.0"
                    HEIGHT="183.0">
            <Shape><Polygon POINTS="950 748 1003 710 1080 718 1095 703 1144 729 1270 714 1475 729 1543 714 1639 733 1658 714 1844 726 1867 703 1909 722 1939 695 1992 733 2061 741 2182 733 2300 756 2395 745 2719 771 2817 760 2855 779 3053 767 3095 802 3057 855 3015 878 2992 859 2966 878 2928 855 2874 866 2833 843 2745 851 2726 832 2703 855 2585 840 2258 847 2194 824 2042 828 1867 802 1806 824 1760 802 1608 813 1547 790 1422 813 1334 813 1315 790 1285 813 1049 809 992 798 954 760"/></Shape>
	    <String CONTENT="כך מועד לשלם הבהמה אינה מועדה לא ליגח ולא ליגוף ולא לשוך ולא לרבוץ ולא לבעוט"
                    HPOS="950.0"
                    VPOS="695.0"
                    WIDTH="2145.0"
                    HEIGHT="183.0"></String>
          </TextLine>

          
          
          <TextLine ID="eSc_line_1853539"
                    
                    BASELINE="931 851 1699 851 2547 889 2684 900 3111 904" 
                    HPOS="927.0"
                    VPOS="794.0"
                    WIDTH="2183.0"
                    HEIGHT="167.0">
            <Shape><Polygon POINTS="927 847 1003 798 1049 813 1289 817 1315 794 1338 813 1559 824 1589 805 1787 809 2703 862 2924 855 2966 878 3049 862 3110 900 3000 961 2962 939 2878 954 2646 946 2623 931 2384 939 2087 904 1992 916 1745 893 1654 908 1597 900 1540 862 1502 866 1490 847 1403 904 1273 881 1239 897 1129 893 1110 874 1057 897 1019 893 973 847 935 847"/></Shape>
	    <String CONTENT="על כולן משלמת חצי נזק בין ברשות היחיד ובין ברשות הרבים ˙ בהמה שהיתה [מהי&#39;]"
                    HPOS="927.0"
                    VPOS="794.0"
                    WIDTH="2183.0"
                    HEIGHT="167.0"></String>
          </TextLine>

          
          
          <TextLine ID="eSc_line_1853540"
                    
                    BASELINE="931 922 1251 939 1825 942 2384 973 2924 988 3087 980" 
                    HPOS="927.0"
                    VPOS="878.0"
                    WIDTH="2157.0"
                    HEIGHT="156.0">
            <Shape><Polygon POINTS="927 920 984 889 1072 904 1110 878 1133 900 1266 885 1391 904 1882 900 1962 920 2042 908 2468 942 2802 939 2878 961 2897 942 2962 939 2996 961 3065 950 3084 977 3061 1034 2749 1034 2642 1030 2620 1015 2570 1026 2555 1011 2312 1015 2277 999 2220 1015 2205 999 2064 1003 1985 984 1931 999 1715 977 1661 996 1589 969 1536 992 1338 973 1308 988 1258 973 1133 988 1072 961 1019 984 946 923"/></Shape>
	    <String CONTENT="מהלכת כדרכה בין ברשות היחיד ובין ברשות הרבים ונתזו צרורות מתחת רגליה ונפלו על"
                    HPOS="927.0"
                    VPOS="878.0"
                    WIDTH="2157.0"
                    HEIGHT="156.0"></String>
          </TextLine>

          
          
          <TextLine ID="eSc_line_1853544"
                    
                    BASELINE="931 1015 2224 1041 2430 1056 2768 1068 3111 1060" 
                    HPOS="927.0"
                    VPOS="977.0"
                    WIDTH="2183.0"
                    HEIGHT="144.0">
            <Shape><Polygon POINTS="927 1011 984 977 1388 980 1570 999 1734 984 2201 1003 2243 1037 2346 1011 2741 1034 3023 1026 3110 1056 3008 1121 2947 1102 2817 1117 2525 1098 2350 1110 2255 1041 2182 1091 2038 1087 1973 1056 1950 1075 1863 1079 1737 1068 1669 1079 1642 1056 1620 1079 1391 1079 1281 1056 1254 1079 1182 1060 1121 1072 1102 1056 1026 1072 931 1015"/></Shape>
	    <String CONTENT="הכלי ושברתו משלמת חצי נזק ˙ היתה מהלכת בדרכה ברשות הרבים ודרסה על הכלי"
                    HPOS="927.0"
                    VPOS="977.0"
                    WIDTH="2183.0"
                    HEIGHT="144.0"></String>
          </TextLine>

          
          
          <TextLine ID="eSc_line_1853545"
                    
                    BASELINE="931 1092 1426 1117 1791 1113 2186 1125 2414 1140 2726 1151 3111 1144" 
                    HPOS="927.0"
                    VPOS="1045.0"
                    WIDTH="2183.0"
                    HEIGHT="160.0">
            <Shape><Polygon POINTS="927 1091 1000 1045 1030 1075 1224 1064 1258 1083 1327 1064 1399 1083 1620 1083 1642 1060 1665 1075 1950 1079 1973 1056 1996 1079 2049 1087 2163 1094 2198 1075 2255 1094 2319 1091 2350 1110 2372 1094 2806 1121 3038 1113 3110 1140 3049 1193 2958 1205 2680 1182 2604 1193 2532 1174 2296 1182 2274 1163 2087 1170 2057 1151 1992 1174 1958 1155 1798 1148 1779 1163 1517 1151 1502 1167 1486 1151 1399 1163 1327 1144 1285 1163 1258 1144 1060 1148 1038 1121 984 1140 931 1098"/></Shape>
	    <String CONTENT="ושברתו [נ] ונתז הימנו חרס ושבר כלי אחר על הראשון משלם נזק שלם ועל האחרון [מ&#39;]"
                    HPOS="927.0"
                    VPOS="1045.0"
                    WIDTH="2183.0"
                    HEIGHT="160.0"></String>
          </TextLine>

          
          
          <TextLine ID="eSc_line_1853546"
                    
                    BASELINE="943 1174 1311 1193 1851 1197 2757 1231 3091 1235" 
                    HPOS="939.0"
                    VPOS="1132.0"
                    WIDTH="2148.0"
                    HEIGHT="160.0">
            <Shape><Polygon POINTS="939 1170 969 1170 1022 1132 1045 1151 1209 1144 1315 1163 1334 1144 1388 1163 1483 1155 1505 1170 1524 1151 1802 1148 1962 1155 1996 1174 2076 1163 2095 1178 2532 1178 2593 1220 2623 1220 2654 1189 3080 1201 3087 1231 3057 1284 2909 1292 2890 1277 2730 1273 2715 1288 2673 1246 2646 1243 2623 1258 2593 1246 2563 1269 2464 1269 2004 1254 1962 1235 1464 1246 1403 1227 1338 1239 1148 1224 1087 1239 1045 1216 1000 1227 950 1174"/></Shape>
	    <String CONTENT="משלם חצי נזק ˙ בהמה שהיתה מהלכת כדרכה ברשות הרבים נפלה לגנה וניזונת [מ&#39;]"
                    HPOS="939.0"
                    VPOS="1132.0"
                    WIDTH="2148.0"
                    HEIGHT="160.0"></String>
          </TextLine>

          
          
          <TextLine ID="eSc_line_1853547"
                    
                    BASELINE="946 1258 1627 1284 1863 1284 2186 1296 2414 1311 2871 1319 3111 1329" 
                    HPOS="943.0"
                    VPOS="1216.0"
                    WIDTH="2167.0"
                    HEIGHT="164.0">
            <Shape><Polygon POINTS="943 1254 954 1216 981 1239 1045 1220 1581 1250 1623 1235 1909 1250 1973 1239 1996 1254 2266 1269 2673 1269 2707 1288 2738 1273 2817 1292 2890 1277 2905 1296 3011 1284 3110 1326 3042 1380 2745 1357 2684 1368 2604 1349 2582 1364 2479 1364 2426 1334 2365 1353 2266 1353 2198 1326 2102 1360 2026 1315 2004 1338 1581 1319 1521 1334 1490 1303 1452 1330 1292 1330 1254 1311 1019 1315 946 1269"/></Shape>
	    <String CONTENT="משלמת מה שנהנית מצדי הרחבה ומתוך החנות משלמת מה שנהנית כיצד משלמת"
                    HPOS="943.0"
                    VPOS="1216.0"
                    WIDTH="2167.0"
                    HEIGHT="164.0"></String>
          </TextLine>

          
          
          <TextLine ID="eSc_line_1853548"
                    
                    BASELINE="935 1349 1342 1372 2030 1383 2840 1418 3111 1410" 
                    HPOS="931.0"
                    VPOS="1300.0"
                    WIDTH="2179.0"
                    HEIGHT="171.0">
            <Shape><Polygon POINTS="931 1345 988 1300 1038 1334 1129 1311 1448 1334 1486 1303 1528 1338 1988 1341 2023 1319 2099 1357 2198 1334 2258 1357 3049 1376 3076 1402 3110 1406 3042 1467 2950 1456 2882 1471 2867 1456 2650 1459 2483 1437 2395 1452 2350 1429 2285 1452 2224 1433 2061 1437 2023 1402 1996 1425 1901 1433 1734 1414 1285 1418 1243 1414 1205 1383 1178 1406 1087 1410 1038 1360 996 1399 935 1349"/></Shape>
	    <String CONTENT="מה שנהנית אומ&#39; במה אדם רוצה להאכיל את בהמתו מה שאכלה היא אינו ראוי [ל&#39;]"
                    HPOS="931.0"
                    VPOS="1300.0"
                    WIDTH="2179.0"
                    HEIGHT="171.0"></String>
          </TextLine>

          
          
          <TextLine ID="eSc_line_1853549"
                    
                    BASELINE="931 1438 1243 1448 1334 1456 1817 1463 2099 1478 2582 1490 2802 1501 3103 1501" 
                    HPOS="927.0"
                    VPOS="1364.0"
                    WIDTH="2172.0"
                    HEIGHT="194.0">
            <Shape><Polygon POINTS="927 1437 939 1406 1000 1402 1041 1364 1095 1414 1175 1410 1205 1383 1235 1418 1479 1410 1524 1452 1574 1456 1658 1418 1893 1437 1996 1429 2023 1406 2068 1440 3053 1467 3099 1497 3042 1551 2950 1558 2901 1539 2722 1551 2692 1528 2673 1543 2410 1524 2296 1539 2270 1516 2156 1532 2129 1509 2049 1524 1939 1513 1912 1494 1863 1516 1844 1497 1787 1516 1745 1486 1680 1509 1562 1456 1528 1456 1475 1505 1437 1509 1235 1505 1201 1490 1099 1501 969 1494 931 1456"/></Shape>
	    <String CONTENT="לאכילה לפיכך אם אכלה חיטין הראויות לה הרי זו פטורה ˙ שינת ואכלה משלמת"
                    HPOS="927.0"
                    VPOS="1364.0"
                    WIDTH="2172.0"
                    HEIGHT="194.0"></String>
          </TextLine>

          
          
          <TextLine ID="eSc_line_1853550"
                    
                    BASELINE="931 1522 1076 1535 1418 1551 1985 1558 2593 1585 3111 1592" 
                    HPOS="927.0"
                    VPOS="1490.0"
                    WIDTH="2183.0"
                    HEIGHT="156.0">
            <Shape><Polygon POINTS="927 1520 1072 1490 1391 1513 1764 1505 1794 1520 1844 1497 1928 1520 2277 1524 2300 1547 2399 1528 2608 1547 2688 1535 2730 1554 3000 1554 3110 1589 3038 1646 2863 1638 2840 1623 2795 1642 2661 1630 2627 1596 2589 1630 2243 1608 2217 1623 2156 1608 2129 1630 2110 1611 2061 1619 2026 1604 1909 1615 1840 1589 1802 1611 1753 1592 1167 1596 1057 1570 1022 1585 962 1524 943 1524"/></Shape>
	    <String CONTENT="מה שהזיקה כיצד שינת ואכלה היתה קופתו מופשלת לאחוריו ברשות הרבים פשטה"
                    HPOS="927.0"
                    VPOS="1490.0"
                    WIDTH="2183.0"
                    HEIGHT="156.0"></String>
          </TextLine>

          
          
          <TextLine ID="eSc_line_1853551"
                    
                    BASELINE="931 1618 1418 1638 1604 1638 2118 1657 2380 1661 2798 1680 3111 1672" 
                    HPOS="927.0"
                    VPOS="1577.0"
                    WIDTH="2183.0"
                    HEIGHT="164.0">
            <Shape><Polygon POINTS="927 1615 1000 1577 1178 1600 1756 1596 1806 1615 1832 1592 1855 1608 2026 1608 2125 1630 2152 1615 2585 1627 2620 1642 2696 1627 2795 1642 2829 1627 3049 1646 3110 1668 3065 1729 3015 1741 2977 1722 2779 1725 2639 1703 2616 1722 2414 1710 2391 1691 2369 1714 2293 1718 2274 1703 2118 1706 2064 1687 1973 1703 1954 1722 1901 1691 1832 1703 1673 1680 1585 1691 1570 1676 1543 1691 1513 1672 1437 1699 1407 1676 1308 1691 1235 1672 1125 1684 1102 1668 1045 1680 996 1665 965 1691 931 1657"/></Shape>
	    <String CONTENT="פרה ואכלה משלמת מה שהזיקה מסאוי שנתון על פתח החנות חציו בפנים וחציו בחוץ"
                    HPOS="927.0"
                    VPOS="1577.0"
                    WIDTH="2183.0"
                    HEIGHT="164.0"></String>
          </TextLine>

          
          
          <TextLine ID="eSc_line_1853552"
                    
                    BASELINE="943 1706 1422 1729 1840 1729 2909 1771 3111 1760" 
                    HPOS="939.0"
                    VPOS="1665.0"
                    WIDTH="2171.0"
                    HEIGHT="159.0">
            <Shape><Polygon POINTS="939 1703 981 1703 1019 1665 1072 1684 1285 1676 1304 1691 1407 1684 1433 1699 1490 1680 1524 1695 1715 1684 1779 1722 1825 1699 1909 1725 1969 1725 2030 1699 2274 1706 2300 1722 2365 1718 2388 1695 2433 1718 2547 1722 2620 1718 2639 1699 2658 1722 2973 1725 3110 1756 3049 1824 3000 1824 2931 1820 2897 1794 2833 1817 2779 1786 2738 1813 2692 1786 2661 1809 2433 1809 2258 1782 2152 1801 2072 1775 2026 1786 1977 1737 1916 1729 1882 1748 1798 1737 1753 1782 1578 1763 1555 1782 1418 1779 1407 1763 1323 1779 1266 1748 1243 1771 1095 1771 1030 1748 1003 1763 946 1706"/></Shape>
	    <String CONTENT="פשטה פרה פיה לתוכו ואכלה הרי זו פטורה ˙ בהמה שאכלה אוכלין שאין [רא&#39;]"
                    HPOS="939.0"
                    VPOS="1665.0"
                    WIDTH="2171.0"
                    HEIGHT="159.0"></String>
          </TextLine>

          
          
          <TextLine ID="eSc_line_1853553"
                    
                    BASELINE="943 1794 1197 1813 1467 1813 1969 1824 2559 1851 3111 1855" 
                    HPOS="939.0"
                    VPOS="1733.0"
                    WIDTH="2171.0"
                    HEIGHT="175.0">
            <Shape><Polygon POINTS="939 1790 981 1763 1095 1779 1121 1763 1228 1767 1251 1782 1273 1763 1350 1782 1581 1771 1730 1790 1798 1775 1916 1786 1973 1733 2038 1794 2608 1813 2669 1809 2688 1790 2715 1817 2757 1817 2783 1794 2833 1820 2871 1820 2897 1794 2928 1817 3065 1817 3110 1851 3034 1908 2833 1908 2673 1885 2338 1885 2319 1900 2293 1881 2194 1885 2175 1870 2156 1889 2129 1874 1928 1862 1867 1889 1798 1843 1760 1866 1631 1874 1566 1855 1433 1870 1391 1851 1376 1866 1247 1851 1220 1862 1194 1836 1171 1855 1129 1855 1106 1832 1083 1855 1038 1859 996 1851 943 1798"/></Shape>
	    <String CONTENT="ראוין לאכילה לה ושתת משקין שאין ראוין לה וכן חיה שאכלה אוכלין שאין ראוין לה"
                    HPOS="939.0"
                    VPOS="1733.0"
                    WIDTH="2171.0"
                    HEIGHT="175.0"></String>
          </TextLine>

          
          
          <TextLine ID="eSc_line_1853554"
                    
                    BASELINE="931 1889 1011 1889 1216 1904 1559 1904 2471 1938 2684 1935 2821 1942 3111 1942" 
                    HPOS="927.0"
                    VPOS="1832.0"
                    WIDTH="2183.0"
                    HEIGHT="171.0">
            <Shape><Polygon POINTS="927 1885 984 1855 1091 1862 1114 1843 1144 1862 1194 1832 1232 1870 1338 1859 1372 1874 1395 1855 1764 1870 1802 1843 1859 1889 1909 1870 2030 1881 2049 1866 2167 1897 2296 1885 2350 1904 2422 1885 2509 1900 2928 1900 2954 1916 3057 1908 3110 1938 3042 2003 2981 1984 2867 1995 2791 1984 2768 1965 2608 1995 2582 1976 2513 1992 2475 1957 2452 1980 2296 1969 2251 1988 2220 1969 2125 1976 2099 1957 2000 1969 1969 1942 1939 1961 1855 1969 1791 1946 1749 1969 1669 1961 1631 1938 1604 1961 1555 1961 1475 1942 1380 1950 1357 1935 1270 1954 1182 1935 1118 1957 1049 1938 996 1957 931 1893"/></Shape>
	    <String CONTENT="ושתת משקין שאין ראוין לה טרפה את הבהמה ואכלה את הבשר חמור שאכל כרשינין"
                    HPOS="927.0"
                    VPOS="1832.0"
                    WIDTH="2183.0"
                    HEIGHT="171.0"></String>
          </TextLine>

          
          
          <TextLine ID="eSc_line_1853555"
                    
                    BASELINE="931 1975 1060 1988 1251 1995 1734 2003 2179 2022 2814 2037 3111 2030" 
                    HPOS="927.0"
                    VPOS="1942.0"
                    WIDTH="2183.0"
                    HEIGHT="152.0">
            <Shape><Polygon POINTS="927 1973 965 1946 1003 1961 1060 1942 1399 1950 1517 1969 1639 1942 1661 1965 1832 1973 1920 1969 1966 1946 1992 1973 2441 1980 2464 1995 2483 1976 2502 1992 2680 1995 2726 1992 2764 1961 2814 1995 3061 2003 3110 2026 3065 2090 3019 2094 2973 2071 2954 2090 2814 2090 2726 2071 2616 2083 2582 2056 2559 2075 2441 2060 2293 2075 2255 2037 2171 2068 2030 2052 1969 2071 1848 2037 1817 2068 1715 2045 1547 2041 1532 2056 1410 2033 1133 2041 1072 2018 1053 2037 992 2026 973 2045 931 1999"/></Shape>
	    <String CONTENT="פרה שאכלה שעורין חזיר שאכל חתיכות של בשר כלב שלקלק את השמן משלמין נזקן"
                    HPOS="927.0"
                    VPOS="1942.0"
                    WIDTH="2183.0"
                    HEIGHT="152.0"></String>
          </TextLine>

          
          
          <TextLine ID="eSc_line_1853556"
                    
                    BASELINE="954 2064 1414 2087 1802 2090 1939 2098 2209 2098 2574 2113 3111 2121" 
                    HPOS="950.0"
                    VPOS="2026.0"
                    WIDTH="2160.0"
                    HEIGHT="144.0">
            <Shape><Polygon POINTS="950 2060 1003 2030 1057 2041 1072 2026 1091 2041 1486 2041 1528 2060 1555 2045 1711 2045 1810 2064 1855 2049 1973 2068 2007 2052 2228 2064 2255 2041 2296 2075 2559 2075 2578 2060 2620 2083 2665 2075 2719 2083 2745 2106 2817 2109 2985 2075 3110 2117 3030 2170 2878 2159 2825 2113 2741 2113 2692 2163 2475 2147 2418 2163 2308 2136 2251 2155 2224 2132 2144 2151 2038 2132 1897 2140 1870 2121 1806 2140 1334 2117 1262 2132 1224 2113 1064 2121 1049 2106 1026 2125 992 2109 954 2121"/></Shape>
	    <String CONTENT="שלם ˙ בהמה מועדת לילך כדרכה ולשבר למעך את האדם ואת הפירות ואת"
                    HPOS="950.0"
                    VPOS="2026.0"
                    WIDTH="2160.0"
                    HEIGHT="144.0"></String>
          </TextLine>

          
          
          <TextLine ID="eSc_line_1853557"
                    
                    BASELINE="931 2141 1197 2159 1334 2159 1658 2174 2490 2189 2814 2204 3111 2197" 
                    HPOS="927.0"
                    VPOS="2106.0"
                    WIDTH="2183.0"
                    HEIGHT="152.0">
            <Shape><Polygon POINTS="927 2140 969 2140 992 2117 1034 2125 1057 2106 1080 2125 1186 2117 1262 2132 1338 2121 2045 2136 2144 2155 2163 2140 2232 2140 2266 2159 2395 2147 2437 2163 2468 2151 3080 2166 3110 2193 3068 2242 3019 2258 2840 2239 2825 2254 2806 2239 2787 2258 2688 2235 2468 2242 2430 2227 2312 2227 2281 2242 2258 2216 1928 2231 1791 2220 1775 2204 1749 2223 1730 2208 1585 2223 1498 2204 1464 2220 1407 2201 1220 2208 1205 2193 1121 2204 1087 2227 1034 2193 1011 2201 954 2144 931 2144"/></Shape>
	    <String CONTENT="הכלים בין שהזיקה ברגלה כדרך הילוכה ובגופה כדרך הילוכה חמור במשוי שעליו"
                    HPOS="927.0"
                    VPOS="2106.0"
                    WIDTH="2183.0"
                    HEIGHT="152.0"></String>
          </TextLine>

          
          
          <TextLine ID="eSc_line_1853558"
                    
                    BASELINE="1121 2235 1353 2250 2026 2269 2456 2273 2555 2281 3111 2281" 
                    HPOS="1118.0"
                    VPOS="2197.0"
                    WIDTH="1992.0"
                    HEIGHT="152.0">
            <Shape><Polygon POINTS="1118 2231 1247 2197 1315 2216 1395 2204 1566 2223 1715 2216 1753 2231 1775 2208 1791 2223 1920 2231 2688 2239 2791 2261 2840 2242 3053 2250 3110 2281 3049 2341 2966 2330 2935 2349 2901 2330 2821 2330 2802 2311 2753 2341 2661 2322 2585 2334 2566 2319 2334 2319 2281 2296 2247 2322 2106 2303 2023 2303 2007 2319 1912 2311 1897 2296 1836 2319 1631 2296 1350 2307 1239 2284 1224 2300 1121 2235"/></Shape>
	    <String CONTENT="כדרך הילוכו סימכוס אומ&#39; חזיר שהיה ניזק והזיק בחוטמו משלם נזק שלם ˙"
                    HPOS="1118.0"
                    VPOS="2197.0"
                    WIDTH="1992.0"
                    HEIGHT="152.0"></String>
          </TextLine>

          
          
          <TextLine ID="eSc_line_1853559"
                    
                    BASELINE="946 2319 1235 2338 2030 2353 2559 2372 3111 2379" 
                    HPOS="943.0"
                    VPOS="2273.0"
                    WIDTH="2167.0"
                    HEIGHT="160.0">
            <Shape><Polygon POINTS="943 2315 1019 2273 1091 2292 1182 2281 1220 2300 1639 2300 1832 2322 1863 2303 2007 2319 2118 2303 2228 2326 2300 2311 2532 2334 2570 2315 2642 2338 2722 2326 2757 2341 3049 2341 3110 2376 3027 2433 2890 2433 2768 2410 2677 2417 2654 2398 2623 2417 2551 2398 2399 2425 2255 2398 2213 2417 2171 2398 2007 2395 1916 2414 1844 2387 1756 2395 1741 2410 1711 2391 1559 2391 1528 2372 1471 2391 1330 2376 1304 2398 1273 2376 1114 2383 1068 2360 1011 2379 946 2319"/></Shape>
	    <String CONTENT="ארבעה כללים היה ר&#39; שמעון בן לעזר או&#39; בנזקין כל מקום שיש רשות לנזק ולא במזיק"
                    HPOS="943.0"
                    VPOS="2273.0"
                    WIDTH="2167.0"
                    HEIGHT="160.0"></String>
          </TextLine>

          
          
          <TextLine ID="eSc_line_1853560"
                    
                    BASELINE="988 2417 1118 2417 1369 2433 2042 2444 2696 2467 3111 2467" 
                    HPOS="984.0"
                    VPOS="2372.0"
                    WIDTH="2126.0"
                    HEIGHT="156.0">
            <Shape><Polygon POINTS="984 2414 1007 2383 1045 2372 1266 2379 1308 2395 1718 2395 1734 2410 1760 2395 1863 2410 1897 2395 1924 2414 2255 2406 2369 2425 2559 2410 2639 2429 2658 2410 2684 2429 2730 2414 2814 2433 3065 2429 3110 2463 3065 2509 3000 2505 2977 2528 2867 2509 2836 2524 2760 2505 2741 2520 2589 2512 2574 2497 2540 2512 2487 2497 2468 2516 2388 2493 2281 2509 2258 2493 2236 2509 2171 2497 2129 2459 2061 2509 2030 2486 1969 2497 1928 2474 1874 2505 1726 2478 1620 2501 1562 2471 1494 2486 1475 2463 1353 2471 1338 2486 1262 2482 1239 2463 988 2474"/></Shape>
	    <String CONTENT="חייב בנזק שלם למזיק ולא לניזק פטור מן הכל לזה ולזה כגון חצר השותפין והבקעה"
                    HPOS="984.0"
                    VPOS="2372.0"
                    WIDTH="2126.0"
                    HEIGHT="156.0"></String>
          </TextLine>

          
          
          <TextLine ID="eSc_line_1853561"
                    
                    BASELINE="988 2501 1422 2524 2277 2539 2726 2558 2970 2558 3111 2546" 
                    HPOS="984.0"
                    VPOS="2463.0"
                    WIDTH="2126.0"
                    HEIGHT="152.0">
            <Shape><Polygon POINTS="984 2497 1015 2463 1330 2490 1357 2471 1494 2486 1559 2474 1620 2509 1646 2486 1848 2490 1867 2505 1897 2490 2034 2493 2053 2509 2156 2493 2228 2509 2494 2501 2521 2516 2578 2505 2738 2524 2802 2512 2844 2531 2878 2516 2977 2531 3000 2509 3027 2524 3053 2512 3110 2543 3053 2607 3000 2615 2950 2596 2867 2615 2852 2600 2764 2607 2734 2588 2585 2588 2570 2604 2369 2581 2080 2592 2019 2577 1886 2588 1867 2573 1768 2592 1718 2566 1642 2581 1623 2562 1080 2566 988 2512"/></Shape>
	    <String CONTENT="על השן ועל הרגל משלם נזק שלם על נגיחה ועל נגיפה על נשיכה ועל רביצה ועל"
                    HPOS="984.0"
                    VPOS="2463.0"
                    WIDTH="2126.0"
                    HEIGHT="152.0"></String>
          </TextLine>

          
          
          <TextLine ID="eSc_line_1853562"
                    
                    BASELINE="954 2585 1178 2600 1821 2615 2049 2626 2289 2626 2867 2645 3111 2645" 
                    HPOS="950.0"
                    VPOS="2535.0"
                    WIDTH="2160.0"
                    HEIGHT="164.0">
            <Shape><Polygon POINTS="950 2581 1015 2535 1080 2569 1175 2554 1209 2569 1319 2558 1388 2573 1448 2558 1490 2573 1631 2569 1734 2607 1775 2607 1810 2577 2148 2596 2384 2581 2449 2600 2833 2600 2871 2619 2958 2600 2996 2615 3068 2607 3110 2642 3065 2691 2806 2683 2741 2699 2673 2676 2616 2687 2285 2664 1851 2668 1760 2611 1730 2611 1677 2661 1604 2661 1566 2634 1521 2661 1448 2642 1384 2657 1266 2638 1243 2657 1080 2642 1053 2653 954 2585"/></Shape>
	    <String CONTENT="בעיטה מועד משלם נזק שלם ותם משלם חצי נזק ˙ שור המזיק ברשות הניזק [כ&#39;]"
                    HPOS="950.0"
                    VPOS="2535.0"
                    WIDTH="2160.0"
                    HEIGHT="164.0"></String>
          </TextLine>

          
          
          <TextLine ID="eSc_line_1853563"
                    
                    BASELINE="935 2680 1102 2680 1251 2691 1840 2710 2232 2710 2848 2729 2973 2729 3111 2719" 
                    HPOS="931.0"
                    VPOS="2638.0"
                    WIDTH="2179.0"
                    HEIGHT="144.0">
            <Shape><Polygon POINTS="931 2676 977 2672 1007 2642 1239 2657 1258 2638 1289 2657 1357 2645 1403 2664 2323 2664 2346 2680 2509 2687 3061 2691 3110 2718 3053 2775 2970 2782 2859 2763 2802 2775 2772 2744 2749 2767 2654 2779 2612 2752 2544 2775 2399 2775 2319 2741 2247 2760 2171 2748 2152 2767 2099 2752 1928 2752 1897 2767 1874 2752 1794 2748 1768 2763 1635 2741 1600 2752 1334 2729 1296 2760 1232 2725 1152 2744 1087 2725 1015 2733 962 2676 939 2676"/></Shape>
	    <String CONTENT="כיצד נגח נגף נשך רבץ בעט ר&#39; מאיר אומ&#39; משלם נזק שלם וחכמים אומ&#39; על השן ועל"
                    HPOS="931.0"
                    VPOS="2638.0"
                    WIDTH="2179.0"
                    HEIGHT="144.0"></String>
          </TextLine>

          
          
          <TextLine ID="eSc_line_1853564"
                    
                    BASELINE="992 2760 1171 2775 1395 2775 1943 2801 2802 2809 3019 2809 3111 2801" 
                    HPOS="988.0"
                    VPOS="2725.0"
                    WIDTH="2122.0"
                    HEIGHT="141.0">
            <Shape><Polygon POINTS="988 2756 996 2729 1125 2725 1148 2744 1194 2729 1258 2737 1300 2760 1327 2733 1775 2763 1939 2752 2110 2756 2148 2771 2171 2756 2331 2756 2403 2779 2430 2763 2764 2775 2783 2760 2798 2775 3061 2775 3110 2798 3065 2858 2958 2866 2844 2858 2798 2832 2776 2855 2726 2858 2673 2843 2372 2855 2285 2820 2190 2855 2152 2839 1931 2855 1912 2836 1764 2847 1707 2832 1631 2855 1600 2824 1327 2836 1300 2817 1235 2828 1205 2855 1091 2790 1041 2824 992 2794"/></Shape>
	    <String CONTENT="הרגל משלם נזק שלם על נגיחה ועל נגיפה על נשיכה ועל רביצה ועל בעיטה"
                    HPOS="988.0"
                    VPOS="2725.0"
                    WIDTH="2122.0"
                    HEIGHT="141.0"></String>
          </TextLine>

          
          
          <TextLine ID="eSc_line_1853565"
                    
                    BASELINE="1916 2870 2601 2896 3111 2896" 
                    HPOS="1912.0"
                    VPOS="2839.0"
                    WIDTH="1198.0"
                    HEIGHT="175.0">
            <Shape><Polygon POINTS="1912 2866 1962 2862 1988 2839 2521 2858 2669 2847 3053 2862 3110 2893 3053 2953 2764 2942 2692 3014 2620 2938 2156 2938 2114 2919 2053 2957 2004 2904 1981 2912 1939 2870 1916 2870"/></Shape>
	    <String CONTENT="מועד משלם נזק שלם ותם משלם חצי נזק ˙˙"
                    HPOS="1912.0"
                    VPOS="2839.0"
                    WIDTH="1198.0"
                    HEIGHT="175.0"></String>
          </TextLine>

          
          
          <TextLine ID="eSc_line_1853567"
                    
                    BASELINE="1912 2953 2236 2988 2483 2988" 
                    HPOS="1909.0"
                    VPOS="2919.0"
                    WIDTH="570.0"
                    HEIGHT="156.0">
            <Shape><Polygon POINTS="1909 2950 1985 2927 2057 2961 2114 2919 2160 2946 2224 2927 2369 2931 2399 2934 2437 2980 2479 2984 2384 3067 2315 3067 2277 3026 2232 3060 2137 3075 2087 3071 2023 2995 1985 3010 1912 2953"/></Shape>
	    <String CONTENT="פרק ב&#39; ˙˙"
                    HPOS="1909.0"
                    VPOS="2919.0"
                    WIDTH="570.0"
                    HEIGHT="156.0"></String>
          </TextLine>

          
          
          <TextLine ID="eSc_line_1853566"
                    
                    BASELINE="954 3022 1403 3045 1802 3052 2167 3086 2258 3086 2430 3075 3038 3075 3111 3080" 
                    HPOS="950.0"
                    VPOS="2965.0"
                    WIDTH="2160.0"
                    HEIGHT="175.0">
            <Shape><Polygon POINTS="950 3018 1026 2965 1087 3007 1118 2988 1426 2999 1460 2976 1486 3007 1536 2991 1593 3014 1646 2999 1741 3018 1772 2988 1813 3022 1947 3022 1985 3060 2019 3067 2179 3079 2217 3052 2304 3079 2490 3064 2528 3026 2833 3033 2890 2999 2931 3041 2989 3022 3072 3056 3103 3048 3110 3079 3034 3136 2897 3124 2863 3140 2840 3117 2547 3121 2483 3071 2399 3075 2357 3102 2236 3083 2194 3117 2156 3083 2004 3083 1958 3064 1886 3124 1787 3105 1559 3105 1524 3090 1505 3105 1483 3090 1277 3094 1216 3079 1194 3098 1167 3079 1125 3083 1087 3045 1049 3083 1022 3083 965 3022"/></Shape>
	    <String CONTENT="תרנוגלין שהידסו את העיסה ואת הפירות או שניקירו [מ&#39;]"
                    HPOS="950.0"
                    VPOS="2965.0"
                    WIDTH="2160.0"
                    HEIGHT="175.0"></String>
          </TextLine>

          
          
          <TextLine ID="eSc_line_1853543"
                    
                    BASELINE="1114 3124 1433 3132 1661 3147 1943 3155 2198 3151 2878 3170 3111 3163" 
                    HPOS="1110.0"
                    VPOS="3083.0"
                    WIDTH="2000.0"
                    HEIGHT="140.0">
            <Shape><Polygon POINTS="1110 3121 1167 3094 1190 3105 1216 3083 1235 3098 1460 3090 1502 3117 1593 3102 1886 3124 1920 3105 2004 3121 2064 3105 2236 3124 2262 3105 2836 3124 2859 3140 3068 3132 3110 3162 3065 3220 2897 3208 2863 3223 2848 3208 2787 3220 2688 3204 2654 3220 2559 3178 2525 3208 2479 3193 2452 3216 2357 3216 2331 3193 2281 3204 2247 3170 2213 3204 1992 3197 1954 3212 1893 3197 1829 3204 1810 3185 1760 3204 1726 3174 1669 3201 1486 3201 1460 3170 1399 3189 1357 3174 1209 3181 1114 3124"/></Shape>
	    <String CONTENT="משלמין חצי נזק הידסו עפר על גבי עיסה ועל גבי פירות משלמין נזק שלם ˙"
                    HPOS="1110.0"
                    VPOS="3083.0"
                    WIDTH="2000.0"
                    HEIGHT="140.0"></String>
          </TextLine>

          
          
          <TextLine ID="eSc_line_1853542"
                    
                    BASELINE="931 3197 1258 3220 1966 3242 2471 3242 2825 3254 3111 3254" 
                    HPOS="927.0"
                    VPOS="3124.0"
                    WIDTH="2183.0"
                    HEIGHT="183.0">
            <Shape><Polygon POINTS="927 3193 981 3193 1068 3124 1140 3178 1171 3166 1216 3185 1433 3181 1486 3204 1581 3193 1635 3227 1692 3193 1928 3212 2156 3197 2239 3216 2334 3197 2369 3216 2452 3216 2471 3201 2559 3216 2574 3201 2665 3220 3080 3220 3110 3250 3061 3307 2871 3307 2852 3292 2768 3299 2749 3284 2726 3303 2521 3280 2395 3292 2372 3277 2140 3296 2102 3265 2080 3288 1870 3284 1848 3303 1825 3284 1699 3288 1635 3231 1559 3284 1517 3284 1483 3261 1357 3273 1319 3239 1258 3269 1197 3269 1159 3250 1095 3265 1034 3223 1003 3242 958 3197 931 3197"/></Shape>
	    <String CONTENT="היו מחטחטין בחבלו של דלי נפל ונשבר משלם נזק שלם ˙ נפל ונשבר ושיבר כלי [^]"
                    HPOS="927.0"
                    VPOS="3124.0"
                    WIDTH="2183.0"
                    HEIGHT="183.0"></String>
          </TextLine>

          
          
          <TextLine ID="eSc_line_1853534"
                    
                    BASELINE="962 3296 1935 3334 2680 3334 2821 3341 3111 3345" 
                    HPOS="958.0"
                    VPOS="3223.0"
                    WIDTH="2152.0"
                    HEIGHT="179.0">
            <Shape><Polygon POINTS="958 3292 1034 3223 1106 3269 1273 3269 1319 3239 1346 3265 1395 3277 1490 3269 1844 3299 2072 3292 2099 3265 2129 3292 2190 3296 2642 3292 2730 3307 2749 3288 2802 3303 3072 3311 3110 3341 3068 3394 3042 3387 3027 3402 2950 3375 2871 3402 2783 3379 2646 3391 2574 3375 2509 3391 2456 3372 2433 3391 2350 3372 2334 3387 2315 3368 2133 3383 2091 3368 1939 3368 1912 3387 1855 3368 1677 3379 1627 3364 1562 3379 1521 3356 1338 3356 1262 3330 1243 3349 1205 3349 1178 3326 1140 3345 1011 3341 962 3296"/></Shape>
	    <String CONTENT="אחר על הראשון משלמין נזק שלם ועל האחרון משלמין חצי נזק תרנגלין שירדו [לג&#39;]"
                    HPOS="958.0"
                    VPOS="3223.0"
                    WIDTH="2152.0"
                    HEIGHT="179.0"></String>
          </TextLine>

          
          
          <TextLine ID="eSc_line_1853533"
                    
                    BASELINE="931 3377 1220 3394 1490 3398 1775 3417 2346 3417 2798 3432 3111 3432" 
                    HPOS="927.0"
                    VPOS="3326.0"
                    WIDTH="2183.0"
                    HEIGHT="163.0">
            <Shape><Polygon POINTS="927 3375 984 3337 1144 3349 1178 3326 1216 3353 1273 3334 1327 3360 1403 3353 1692 3383 2095 3372 2125 3387 2353 3368 2414 3379 2430 3398 2460 3375 3027 3402 3046 3387 3110 3429 3065 3482 2981 3489 2901 3463 2783 3482 2730 3459 2639 3482 2525 3459 2449 3478 2426 3459 2369 3474 2350 3455 2133 3467 2072 3451 2038 3451 1996 3482 1939 3451 1897 3470 1806 3459 1787 3478 1707 3459 1680 3478 1658 3455 1612 3451 984 3432 931 3383"/></Shape>
	    <String CONTENT="לגינה ושיברו את החליפין וקיטמו את הירק משלמין נזק שלם סימכוס או&#39; על הקיטום"
                    HPOS="927.0"
                    VPOS="3326.0"
                    WIDTH="2183.0"
                    HEIGHT="163.0"></String>
          </TextLine>

          
          
          <TextLine ID="eSc_line_1853541"
                    
                    BASELINE="931 3465 1342 3489 1711 3501 3111 3524" 
                    HPOS="927.0"
                    VPOS="3429.0"
                    WIDTH="2183.0"
                    HEIGHT="224.0">
            <Shape><Polygon POINTS="927 3463 1011 3429 1152 3432 1175 3448 1338 3440 1407 3459 1547 3451 1680 3474 1768 3467 1787 3486 1806 3470 1924 3470 1939 3455 2000 3478 2068 3455 2175 3505 2224 3505 2262 3467 2312 3463 2623 3478 2707 3478 2730 3463 2768 3482 2863 3482 2890 3463 2973 3493 3068 3486 3110 3520 3099 3603 3000 3653 2897 3569 2798 3573 2764 3603 2719 3562 2661 3562 2601 3619 2528 3550 2490 3584 2430 3569 2388 3611 2372 3596 2327 3603 2258 3543 2220 3546 2190 3577 2148 3577 2118 3546 2049 3558 2026 3581 1969 3554 1935 3588 1851 3562 1787 3615 1696 3543 1585 3615 1540 3615 1441 3543 1353 3603 1258 3527 1235 3543 1201 3535 1144 3592 1057 3524 1026 3539 988 3527 931 3470"/></Shape>
	    <String CONTENT="נזק שלם ועל השיבור חצי נזק ˙ תרנגול שהיה פורח ממקום למקום והזיק בגופו"
                    HPOS="927.0"
                    VPOS="3429.0"
                    WIDTH="2183.0"
                    HEIGHT="224.0"></String>
          </TextLine>

          
        </TextBlock>
        

        
      </PrintSpace>
    </Page>
  </Layout>
</alto>
