<?xml version="1.0" encoding="UTF-8"?>
<alto xmlns:xsi="http://www.w3.org/2001/XMLSchema-instance"
      xmlns="http://www.loc.gov/standards/alto/ns-v4#"
      xsi:schemaLocation="http://www.loc.gov/standards/alto/ns-v4# http://www.loc.gov/standards/alto/v4/alto-4-2.xsd">
  <Description>
    <MeasurementUnit>pixel</MeasurementUnit>
    <sourceImageInformation>
      <fileName>Cod.Hebr.20_209v.jpg</fileName>
      
    </sourceImageInformation>
  </Description>
  
  <Tags>
    <OtherTag ID="BT1" LABEL="Title" DESCRIPTION="block type Title"/><OtherTag ID="BT2" LABEL="Main" DESCRIPTION="block type Main"/><OtherTag ID="BT3" LABEL="Commentary" DESCRIPTION="block type Commentary"/><OtherTag ID="BT4" LABEL="Illustration" DESCRIPTION="block type Illustration"/><OtherTag ID="BT747" LABEL="Hole" DESCRIPTION="block type Hole"/><OtherTag ID="BT748" LABEL="Margin" DESCRIPTION="block type Margin"/><OtherTag ID="BT749" LABEL="Paratext" DESCRIPTION="block type Paratext"/>
    <OtherTag ID="LT3" LABEL="Correction" DESCRIPTION="line type Correction"/>
  </Tags>
  
  <Layout>
    <Page WIDTH="3719"
          HEIGHT="4603"
          PHYSICAL_IMG_NR="394"
          ID="eSc_dummypage_">
      <PrintSpace HPOS="0"
                  VPOS="0"
                  WIDTH="3719"
                  HEIGHT="4603">
        
        <TextBlock HPOS="587.0"
                   VPOS="424.0"
                   WIDTH="2166.0"
                   HEIGHT="3124.0"
                   ID="eSc_textblock_8801"
                   TAGREFS="BT2">
          <Shape><Polygon POINTS="587 424 2753 424 2753 3548 587 3548"/></Shape>
          
          
          <TextLine ID="eSc_line_1857260"
                    
                    BASELINE="586 516 1554 506 2732 499" 
                    HPOS="579.0"
                    VPOS="433.0"
                    WIDTH="2149.0"
                    HEIGHT="138.0">
            <Shape><Polygon POINTS="583 514 583 444 637 475 725 475 767 444 767 444 771 444 771 444 771 444 775 444 775 444 779 444 909 448 1539 467 1600 452 1646 441 1650 441 1650 441 1654 441 1654 441 1654 441 1658 441 1658 441 1658 441 1661 441 1677 452 1700 467 1757 452 1819 441 1819 441 1819 441 1823 441 1823 441 1823 441 1826 441 1826 441 1830 441 1830 441 1830 441 1846 456 1857 467 1984 467 1999 456 2037 437 2037 437 2037 437 2041 437 2041 437 2041 437 2045 437 2045 437 2164 456 2202 464 2226 456 2306 433 2310 433 2310 433 2310 433 2314 433 2724 464 2728 498 2724 548 2264 571 2260 571 579 563"/></Shape>
	    <String CONTENT="מן המומחה ולא מורייס ﭏא מן המומחה ולא חתיכה שאין בה סימן ולא מלח [ס&#39;]"
                    HPOS="579.0"
                    VPOS="433.0"
                    WIDTH="2149.0"
                    HEIGHT="138.0"></String>
          </TextLine>

          
          
          <TextLine ID="eSc_line_1857266"
                    
                    BASELINE="586 606 1819 613 2548 594 2732 594" 
                    HPOS="575.0"
                    VPOS="552.0"
                    WIDTH="2153.0"
                    HEIGHT="103.0">
            <Shape><Polygon POINTS="583 602 575 556 2721 552 2728 590 2724 655 579 655"/></Shape>
	    <String CONTENT="סלקונטית ﭏא מן המומחה ולא גבינת בית הינוקי ﭏא מן המומחה ולא קורט של"
                    HPOS="575.0"
                    VPOS="552.0"
                    WIDTH="2153.0"
                    HEIGHT="103.0"></String>
          </TextLine>

          
          
          <TextLine ID="eSc_line_1857268"
                    
                    BASELINE="702 698 1086 705 1373 694 1792 701 2210 690 2732 682" 
                    HPOS="690.0"
                    VPOS="632.0"
                    WIDTH="2038.0"
                    HEIGHT="119.0">
            <Shape><Polygon POINTS="698 694 690 663 1297 640 1301 640 2226 652 2287 652 2295 652 2421 632 2421 632 2425 632 2724 652 2728 678 2724 751 694 751"/></Shape>
	    <String CONTENT="חלתית אלא מן המומחה וכולן נאכלין אצל מי שאינו מומחה ואינו חושש ˙˙"
                    HPOS="690.0"
                    VPOS="632.0"
                    WIDTH="2038.0"
                    HEIGHT="119.0"></String>
          </TextLine>

          
          
          <TextLine ID="eSc_line_1857269"
                    
                    BASELINE="1420 774 1769 797 2022 797" 
                    HPOS="1416.0"
                    VPOS="740.0"
                    WIDTH="602.0"
                    HEIGHT="142.0">
            <Shape><Polygon POINTS="1416 771 1527 740 1577 778 1634 755 1915 744 1965 790 2018 794 1980 794 1853 859 1826 832 1773 878 1700 851 1661 882 1573 782 1508 813 1450 774 1420 774"/></Shape>
	    <String CONTENT="פרק ו&#39; ˙˙"
                    HPOS="1416.0"
                    VPOS="740.0"
                    WIDTH="602.0"
                    HEIGHT="142.0"></String>
          </TextLine>

          
          
          <TextLine ID="eSc_line_1857290"
                    
                    BASELINE="602 874 771 882 1354 863 1727 905 2132 874 2582 866 2732 857" 
                    HPOS="591.0"
                    VPOS="797.0"
                    WIDTH="2137.0"
                    HEIGHT="135.0">
            <Shape><Polygon POINTS="598 870 591 843 1466 813 1469 813 1469 813 1473 813 1473 813 1473 813 1519 836 1554 851 2022 851 2053 832 2076 817 2080 817 2080 817 2084 817 2084 817 2084 817 2087 817 2306 828 2314 828 2318 828 2433 797 2437 797 2437 797 2440 797 2440 797 2440 797 2444 797 2444 797 2444 797 2448 797 2479 820 2513 805 2513 805 2517 805 2517 805 2521 805 2521 805 2724 828 2728 855 2724 901 2437 924 2433 924 2179 909 2133 909 2130 909 2103 928 2099 928 2099 928 2099 928 2095 928 2095 928 2095 932 594 932"/></Shape>
	    <String CONTENT="וחכמים או&#39; אינו אסור ﭏא שיש בידו מקל או ציפור או"
                    HPOS="591.0"
                    VPOS="797.0"
                    WIDTH="2137.0"
                    HEIGHT="135.0"></String>
          </TextLine>

          
          
          <TextLine ID="eSc_line_1857291"
                    
                    BASELINE="587 958 756 970 990 970 1266 955 1899 955 2176 962 2732 955" 
                    HPOS="575.0"
                    VPOS="901.0"
                    WIDTH="2157.0"
                    HEIGHT="119.0">
            <Shape><Polygon POINTS="583 955 575 924 1446 901 1450 901 2724 916 2728 951 2732 993 2701 1016 2701 1016 2698 1016 2698 1016 2698 1016 2694 1016 2694 1016 2694 1020 2325 1020 2321 1016 2321 1016 2226 997 2137 1020 2133 1020 2133 1020 2130 1020 575 1004"/></Shape>
	    <String CONTENT="כדור סיף עטרה וטבעת צלם ונחש ˙ ועל כגון השירים והנזמים קטליות [וט&#39;]"
                    HPOS="575.0"
                    VPOS="901.0"
                    WIDTH="2157.0"
                    HEIGHT="119.0"></String>
          </TextLine>

          
          
          <TextLine ID="eSc_line_1857292"
                    
                    BASELINE="586 1054 1228 1047 1385 1051 1573 1043 2575 1051 2732 1042" 
                    HPOS="571.0"
                    VPOS="1004.0"
                    WIDTH="2157.0"
                    HEIGHT="104.0">
            <Shape><Polygon POINTS="583 1051 579 1008 2721 1004 2728 1039 2724 1085 2544 1108 2544 1108 2540 1108 2540 1108 2391 1089 1519 1108 1516 1108 1516 1108 1512 1108 1512 1108 1512 1108 1508 1108 1477 1089 1120 1089 798 1108 794 1108 794 1108 794 1108 790 1108 790 1108 748 1089 640 1108 640 1108 640 1108 637 1108 637 1108 633 1108 633 1108 571 1085"/></Shape>
	    <String CONTENT="וטבעות הרי אילו אסורות ועל המבוזין כגון היורות מחמי חמין הסיגנין [והקומ&#39;]"
                    HPOS="571.0"
                    VPOS="1004.0"
                    WIDTH="2157.0"
                    HEIGHT="104.0"></String>
          </TextLine>

          
          
          <TextLine ID="eSc_line_1857271"
                    
                    BASELINE="586 1135 2295 1135 2598 1131 2732 1118" 
                    HPOS="579.0"
                    VPOS="1093.0"
                    WIDTH="2149.0"
                    HEIGHT="84.0">
            <Shape><Polygon POINTS="583 1131 579 1093 2724 1093 2728 1116 2724 1173 583 1177"/></Shape>
	    <String CONTENT="והקומסמסין והספלין והסדנין והמטבע הרי אילו מותרין מצא טבעת עליה [צ&#39;]"
                    HPOS="579.0"
                    VPOS="1093.0"
                    WIDTH="2149.0"
                    HEIGHT="84.0"></String>
          </TextLine>

          
          
          <TextLine ID="eSc_line_1857272"
                    
                    BASELINE="671 1212 1043 1212 1362 1219 1823 1215 2141 1219 2732 1208" 
                    HPOS="660.0"
                    VPOS="1173.0"
                    WIDTH="2068.0"
                    HEIGHT="104.0">
            <Shape><Polygon POINTS="667 1208 660 1181 2721 1173 2728 1204 2728 1250 2675 1273 2675 1273 2671 1273 2671 1273 2671 1273 2667 1273 2333 1254 2318 1254 2310 1254 2172 1273 2172 1273 2168 1273 2168 1273 2168 1273 2087 1254 2084 1254 2080 1254 2057 1277 2057 1277 2053 1277 2053 1277 2053 1277 2049 1277 2049 1277 2045 1277 663 1261"/></Shape>
	    <String CONTENT="צורת חמה צורת לבנה יוליך לים המל[ך](ח) ר&#39; יהודה או&#39; אף דמות מניק הוסרפס ˙"
                    HPOS="660.0"
                    VPOS="1173.0"
                    WIDTH="2068.0"
                    HEIGHT="104.0"></String>
          </TextLine>

          
          
          <TextLine ID="eSc_line_1857285"
                    
                    BASELINE="586 1302 813 1311 1166 1304 2011 1308 2452 1304 2533 1296" 
                    HPOS="575.0"
                    VPOS="1261.0"
                    WIDTH="1954.0"
                    HEIGHT="100.0">
            <Shape><Polygon POINTS="583 1300 579 1261 2525 1261 2529 1292 2521 1361 575 1350"/></Shape>
	    <String CONTENT="טבעת שיש עליה ע&#39;ז&#39; בזמן שהיא בולטת אסורה בהנייה אם אינה בולטת"
                    HPOS="575.0"
                    VPOS="1261.0"
                    WIDTH="1954.0"
                    HEIGHT="100.0"></String>
          </TextLine>

          
          
          <TextLine ID="eSc_line_1857273"
                    
                    BASELINE="586 1406 967 1400 1070 1403 1446 1392 1673 1392 2034 1403 2552 1403 2732 1390" 
                    HPOS="579.0"
                    VPOS="1346.0"
                    WIDTH="2149.0"
                    HEIGHT="107.0">
            <Shape><Polygon POINTS="583 1403 579 1346 2724 1350 2728 1388 2724 1430 2456 1453 2452 1453 579 1446"/></Shape>
	    <String CONTENT="מותרת בין כך ובין כך אסור לחתום בה ר&#39; יהודה או&#39; אם היה חותמה שוקע אסו&#39;"
                    HPOS="579.0"
                    VPOS="1346.0"
                    WIDTH="2149.0"
                    HEIGHT="107.0"></String>
          </TextLine>

          
          
          <TextLine ID="eSc_line_1857293"
                    
                    BASELINE="586 1480 2732 1472" 
                    HPOS="575.0"
                    VPOS="1434.0"
                    WIDTH="2153.0"
                    HEIGHT="92.0">
            <Shape><Polygon POINTS="583 1476 575 1442 2721 1434 2728 1469 2724 1518 583 1526"/></Shape>
	    <String CONTENT="לחתום בה מפני שנעשה בולט ומותר ליתנה בידו ושחותמה בולט מותר לחתום"
                    HPOS="575.0"
                    VPOS="1434.0"
                    WIDTH="2153.0"
                    HEIGHT="92.0"></String>
          </TextLine>

          
          
          <TextLine ID="eSc_line_1857286"
                    
                    BASELINE="586 1579 690 1568 1166 1572 1723 1561 2122 1561 2283 1568 2732 1561" 
                    HPOS="575.0"
                    VPOS="1495.0"
                    WIDTH="2153.0"
                    HEIGHT="123.0">
            <Shape><Polygon POINTS="583 1576 575 1534 1032 1507 1036 1507 2291 1518 2345 1518 2345 1518 2371 1495 2371 1495 2375 1495 2375 1495 2375 1495 2379 1495 2379 1495 2379 1495 2383 1495 2724 1518 2728 1557 2724 1599 583 1618"/></Shape>
	    <String CONTENT="בה ואסור ליתנה בידו ˙ טבעת שיש עליה פרצוף מותר לחתום בה ר&#39; חנניה"
                    HPOS="575.0"
                    VPOS="1495.0"
                    WIDTH="2153.0"
                    HEIGHT="123.0"></String>
          </TextLine>

          
          
          <TextLine ID="eSc_line_1857287"
                    
                    BASELINE="586 1657 2732 1664" 
                    HPOS="575.0"
                    VPOS="1591.0"
                    WIDTH="2153.0"
                    HEIGHT="115.0">
            <Shape><Polygon POINTS="583 1653 575 1611 637 1591 640 1591 640 1591 640 1591 644 1591 644 1591 648 1591 648 1591 648 1591 652 1591 652 1591 652 1595 667 1611 671 1614 1220 1614 1224 1611 1297 1591 1301 1591 1301 1591 1304 1591 1304 1591 1304 1591 1308 1591 1308 1591 1308 1591 1312 1591 1312 1591 1312 1595 1327 1607 1354 1591 1358 1591 1358 1591 1358 1591 1362 1591 1362 1591 1366 1591 2118 1614 2172 1614 2179 1614 2272 1595 2272 1595 2272 1595 2275 1595 2275 1595 2279 1595 2279 1595 2279 1595 2283 1595 2283 1595 2306 1614 2310 1614 2314 1614 2525 1595 2529 1595 2529 1595 2724 1618 2728 1660 2721 1706 579 1706"/></Shape>
	    <String CONTENT="בן גמליﭏ או&#39; של בית אבא היו חותמין בפרצופות ר&#39; לעזר בי ר&#39; צדוק אומ&#39; כל"
                    HPOS="575.0"
                    VPOS="1591.0"
                    WIDTH="2153.0"
                    HEIGHT="115.0"></String>
          </TextLine>

          
          
          <TextLine ID="eSc_line_1857274"
                    
                    BASELINE="586 1733 1055 1745 2383 1741 2732 1749" 
                    HPOS="571.0"
                    VPOS="1706.0"
                    WIDTH="2157.0"
                    HEIGHT="100.0">
            <Shape><Polygon POINTS="583 1729 583 1706 2724 1706 2728 1745 2721 1779 2609 1806 2609 1806 2609 1806 2605 1806 2605 1806 2602 1806 2602 1806 2602 1806 2598 1806 2575 1791 2556 1806 2556 1806 2552 1806 2552 1806 2552 1806 2548 1806 2548 1806 2548 1806 2544 1806 2229 1783 2172 1806 2172 1806 2168 1806 2168 1806 2168 1806 2164 1806 2164 1806 2022 1787 1834 1806 1834 1806 1830 1806 1830 1806 1826 1806 1826 1806 1826 1806 1823 1806 1823 1806 1823 1806 1796 1783 1711 1806 1707 1806 1707 1806 1704 1806 1704 1806 1704 1806 1700 1806 1700 1806 1700 1806 1696 1806 1696 1806 1696 1802 1673 1783 1523 1806 1523 1806 1519 1806 1519 1806 1519 1806 1516 1806 1423 1783 978 1783 637 1806 633 1806 633 1806 633 1806 629 1806 629 1806 571 1779"/></Shape>
	    <String CONTENT="הפרצופות היו בירושלם חוץ מפרצוף אדם בלבד כמין דרקון"
                    HPOS="571.0"
                    VPOS="1706.0"
                    WIDTH="2157.0"
                    HEIGHT="100.0"></String>
          </TextLine>

          
          
          <TextLine ID="eSc_line_1857275"
                    
                    BASELINE="990 1806 1116 1825 1400 1829 2732 1833" 
                    HPOS="974.0"
                    VPOS="1783.0"
                    WIDTH="1754.0"
                    HEIGHT="104.0">
            <Shape><Polygon POINTS="986 1802 986 1783 2724 1791 2728 1829 2721 1868 1972 1887 1968 1887 1968 1887 1965 1887 1892 1868 1892 1868 1892 1868 1113 1883 1109 1883 1109 1883 974 1860"/></Shape>
	    <String CONTENT="אסור ושהדרקון תלוי בו נוטלו ומשליכו והשאר הרי זה מותר"
                    HPOS="974.0"
                    VPOS="1783.0"
                    WIDTH="1754.0"
                    HEIGHT="104.0"></String>
          </TextLine>

          
          
          <TextLine ID="eSc_line_1857276"
                    
                    BASELINE="586 1899 1776 1917 2732 1906" 
                    HPOS="571.0"
                    VPOS="1856.0"
                    WIDTH="2157.0"
                    HEIGHT="123.0">
            <Shape><Polygon POINTS="583 1898 583 1856 2724 1871 2728 1902 2724 1956 1619 1979 1615 1979 1615 1979 1611 1979 1611 1979 1611 1979 1608 1979 1577 1960 794 1975 790 1975 790 1975 786 1975 786 1975 786 1975 782 1975 756 1956 660 1975 660 1975 660 1975 656 1975 656 1975 652 1975 571 1952"/></Shape>
	    <String CONTENT="הוא כמין דרקון שאסור ר&#39; שמעון בן לעזר או&#39; כל שהציצין יוצאין מצוארו אבל"
                    HPOS="571.0"
                    VPOS="1856.0"
                    WIDTH="2157.0"
                    HEIGHT="123.0"></String>
          </TextLine>

          
          
          <TextLine ID="eSc_line_1857277"
                    
                    BASELINE="606 1986 1266 2002 1884 1994 2084 2002 2475 1998 2732 2005" 
                    HPOS="594.0"
                    VPOS="1940.0"
                    WIDTH="2134.0"
                    HEIGHT="123.0">
            <Shape><Polygon POINTS="602 1983 598 1960 1017 1940 1020 1940 1020 1940 1024 1940 1024 1940 1024 1940 1028 1940 1055 1960 1059 1960 1086 1960 1600 1944 1604 1944 2724 1971 2728 2002 2721 2040 2256 2056 2252 2056 2252 2056 2095 2036 2068 2036 1984 2036 1930 2036 1907 2059 1907 2063 1907 2063 1903 2063 1903 2063 1903 2063 1899 2063 1899 2063 1895 2063 1895 2063 1730 2044 1688 2063 1688 2063 1688 2063 1684 2063 1684 2063 1681 2063 1681 2063 1681 2063 1677 2063 1596 2040 1435 2059 1435 2059 1431 2059 1431 2059 1431 2059 1335 2040 1051 2059 1047 2059 1047 2059 1047 2059 1043 2059 963 2040 733 2056 729 2056 729 2056 729 2056 594 2025"/></Shape>
	    <String CONTENT="אם היה הלוקח גרוטאות מן הגוי ומוצא בהן ע&#39;ז&#39; ומשליכה [^]"
                    HPOS="594.0"
                    VPOS="1940.0"
                    WIDTH="2134.0"
                    HEIGHT="123.0"></String>
          </TextLine>

          
          
          <TextLine ID="eSc_line_1857289"
                    
                    BASELINE="586 2077 802 2086 1646 2075 2133 2082 2732 2071" 
                    HPOS="571.0"
                    VPOS="2021.0"
                    WIDTH="2157.0"
                    HEIGHT="119.0">
            <Shape><Polygon POINTS="583 2075 571 2056 617 2032 617 2032 617 2032 621 2032 621 2032 625 2032 1001 2048 1116 2029 1116 2029 1116 2029 1120 2029 1366 2048 1400 2032 1400 2032 1400 2032 1404 2032 1404 2032 1408 2032 1408 2032 1408 2032 1412 2032 1412 2032 1416 2032 1443 2052 1450 2052 2206 2048 2206 2044 2260 2021 2260 2021 2264 2021 2264 2021 2264 2021 2268 2021 2724 2044 2728 2067 2724 2105 2429 2128 2425 2128 1688 2113 1523 2113 1439 2117 1036 2140 1032 2140 575 2121"/></Shape>
	    <String CONTENT="ונוטלה ומשליכה עד שלא באת לרשותו אומ&#39;"
                    HPOS="571.0"
                    VPOS="2021.0"
                    WIDTH="2157.0"
                    HEIGHT="119.0"></String>
          </TextLine>

          
          
          <TextLine ID="eSc_line_1857279"
                    
                    BASELINE="586 2171 1320 2178 1884 2167 2732 2171" 
                    HPOS="579.0"
                    VPOS="2105.0"
                    WIDTH="2153.0"
                    HEIGHT="112.0">
            <Shape><Polygon POINTS="583 2167 583 2132 1377 2132 1400 2109 1400 2105 1400 2105 1404 2105 1404 2105 1404 2105 1408 2105 1408 2105 1412 2105 1412 2105 1412 2105 1519 2128 1623 2105 1623 2105 1623 2105 1627 2105 1627 2105 1631 2105 1707 2125 1965 2105 1968 2105 1968 2105 1968 2105 1972 2105 2053 2128 2356 2105 2360 2105 2360 2105 2590 2125 2655 2105 2659 2105 2659 2105 2659 2105 2663 2105 2663 2105 2667 2105 2667 2105 2732 2132 2728 2167 2721 2217 579 2217"/></Shape>
	    <String CONTENT="לגוי ומבטלה שהנכרי מבטל ע&#39;ז&#39; בין שלו בין של חבירו בין עובדה בין שאינה"
                    HPOS="579.0"
                    VPOS="2105.0"
                    WIDTH="2153.0"
                    HEIGHT="112.0"></String>
          </TextLine>

          
          
          <TextLine ID="eSc_line_1857280"
                    
                    BASELINE="586 2251 1600 2263 1807 2255 2471 2259 2755 2243" 
                    HPOS="575.0"
                    VPOS="2217.0"
                    WIDTH="2176.0"
                    HEIGHT="103.0">
            <Shape><Polygon POINTS="583 2247 583 2217 2747 2220 2751 2240 2747 2301 2018 2320 2014 2320 2014 2320 1869 2301 1865 2301 1849 2301 1301 2316 1297 2316 575 2293"/></Shape>
	    <String CONTENT="עובדה בין בשוגג בין במזיד בין באונס בין ברצון ˙ ישרﭏ שעשה"
                    HPOS="575.0"
                    VPOS="2217.0"
                    WIDTH="2176.0"
                    HEIGHT="103.0"></String>
          </TextLine>

          
          
          <TextLine ID="eSc_line_1857288"
                    
                    BASELINE="586 2332 679 2347 1389 2355 2740 2336" 
                    HPOS="568.0"
                    VPOS="2278.0"
                    WIDTH="2168.0"
                    HEIGHT="123.0">
            <Shape><Polygon POINTS="583 2328 568 2316 614 2289 617 2289 617 2289 621 2289 621 2289 621 2289 625 2289 909 2313 917 2313 921 2313 1262 2286 1266 2286 1354 2286 1354 2286 1354 2286 1358 2286 1358 2286 1358 2286 1362 2286 1362 2286 1385 2309 1435 2286 1435 2286 1435 2286 1439 2286 1439 2286 1443 2286 1443 2286 1654 2305 1815 2282 1815 2282 1819 2282 1819 2282 1823 2282 1903 2301 2275 2282 2279 2282 2279 2282 2421 2301 2425 2301 2433 2301 2594 2278 2594 2278 2598 2278 2598 2278 2732 2301 2736 2332 2732 2374 2452 2401 2448 2401 571 2393"/></Shape>
	    <String CONTENT="ע&#39;ז&#39; אסורה א&#39;ע&#39;פ&#39; שלא עבדה לפיכך אין יכול לבטלה ˙ גוי שעשה ע&#39;ז&#39;"
                    HPOS="568.0"
                    VPOS="2278.0"
                    WIDTH="2168.0"
                    HEIGHT="123.0"></String>
          </TextLine>

          
          
          <TextLine ID="eSc_line_1857281"
                    
                    BASELINE="586 2416 1477 2431 1757 2424 2440 2431 2755 2413" 
                    HPOS="575.0"
                    VPOS="2382.0"
                    WIDTH="2176.0"
                    HEIGHT="111.0">
            <Shape><Polygon POINTS="583 2412 583 2382 2747 2393 2751 2412 2747 2470 2460 2493 2456 2493 2456 2493 2456 2493 2452 2493 2452 2493 2448 2493 2414 2474 2022 2489 2018 2489 2018 2489 2014 2489 2014 2489 2014 2489 1976 2470 1957 2489 1957 2489 1953 2489 1953 2489 1953 2489 1949 2489 1949 2489 1945 2489 1945 2489 1945 2489 1942 2489 1876 2470 1830 2489 1830 2489 1826 2489 1826 2489 1826 2489 1823 2489 1823 2489 1819 2489 1742 2470 1742 2470 1738 2470 1393 2485 1389 2485 1389 2485 1385 2485 1385 2485 1335 2466 1324 2462 1308 2466 1270 2481 1270 2481 1266 2481 1266 2481 1262 2481 575 2462"/></Shape>
	    <String CONTENT="מותר עד שתיעבד לפיכך יכול לבטלה ר&#39; או&#39; משם ר&#39; יעקב אם עשאה לישראל"
                    HPOS="575.0"
                    VPOS="2382.0"
                    WIDTH="2176.0"
                    HEIGHT="111.0"></String>
          </TextLine>

          
          
          <TextLine ID="eSc_line_1857282"
                    
                    BASELINE="586 2502 763 2516 1047 2523 1350 2523 1769 2508 1965 2508 2126 2516 2744 2504" 
                    HPOS="575.0"
                    VPOS="2447.0"
                    WIDTH="2165.0"
                    HEIGHT="138.0">
            <Shape><Polygon POINTS="583 2500 575 2477 1059 2458 1063 2458 1063 2458 1170 2474 1212 2477 1255 2474 1358 2454 1358 2454 1358 2454 1362 2454 1362 2454 1469 2470 1496 2474 2118 2474 2122 2466 2133 2451 2137 2451 2137 2447 2137 2447 2141 2447 2141 2447 2141 2447 2145 2447 2145 2447 2149 2447 2736 2466 2740 2500 2736 2543 2141 2573 2137 2573 1849 2554 1803 2550 1800 2554 1780 2570 1780 2573 1780 2573 1776 2573 1776 2573 1776 2573 1773 2573 1773 2573 1773 2573 1769 2573 1769 2573 1765 2573 1688 2554 1684 2554 1681 2554 1573 2577 1573 2577 1573 2577 1569 2577 1569 2577 1569 2577 1565 2577 1500 2554 1500 2554 1496 2554 1477 2573 1477 2577 1477 2577 1473 2577 1473 2577 1473 2577 1469 2577 1469 2577 1469 2577 1466 2577 1466 2577 1366 2562 1339 2581 1339 2581 1335 2581 1335 2581 1335 2581 1331 2581 1331 2581 1331 2585 1109 2585 1105 2581 1105 2581 1101 2581 1101 2581 1040 2558 1032 2558 579 2562"/></Shape>
	    <String CONTENT="מתחילה אין יכול לבטלה ˙ גוי שמכר ע&#39;ז&#39; לעובדיה אסורה שלא לעובדיה"
                    HPOS="575.0"
                    VPOS="2447.0"
                    WIDTH="2165.0"
                    HEIGHT="138.0"></String>
          </TextLine>

          
          
          <TextLine ID="eSc_line_1857283"
                    
                    BASELINE="586 2600 1239 2616 1619 2604 2755 2604" 
                    HPOS="575.0"
                    VPOS="2543.0"
                    WIDTH="2176.0"
                    HEIGHT="103.0">
            <Shape><Polygon POINTS="583 2596 579 2566 1051 2543 1055 2543 1055 2543 1055 2543 1059 2543 1120 2562 1999 2546 2003 2546 2003 2546 2003 2546 2007 2546 2007 2546 2053 2566 2053 2566 2057 2566 2160 2546 2160 2546 2164 2546 2164 2546 2368 2566 2371 2566 2375 2566 2467 2546 2467 2546 2467 2546 2471 2546 2747 2570 2751 2600 2744 2646 575 2642"/></Shape>
	    <String CONTENT="מותרת לוה עליה נפלה עליה מפלת שטפה נהר או שנטלוה ליסטין או [שה&#39;]"
                    HPOS="575.0"
                    VPOS="2543.0"
                    WIDTH="2176.0"
                    HEIGHT="103.0"></String>
          </TextLine>

          
          
          <TextLine ID="eSc_line_1857284"
                    
                    BASELINE="586 2684 710 2692 2022 2692 2736 2677" 
                    HPOS="575.0"
                    VPOS="2623.0"
                    WIDTH="2157.0"
                    HEIGHT="127.0">
            <Shape><Polygon POINTS="583 2681 575 2650 2295 2646 2314 2642 2460 2623 2460 2623 2463 2623 2728 2642 2732 2673 2728 2719 2295 2746 2291 2746 2291 2746 2291 2746 2287 2746 2287 2746 2287 2746 2249 2727 2199 2746 2199 2746 2195 2746 2195 2746 2191 2746 1623 2731 1412 2750 1412 2750 1408 2750 1408 2750 1262 2731 1136 2750 1136 2750 1132 2750 575 2731"/></Shape>
	    <String CONTENT="שהניחוה ליסטין כגון מלחמתו של יהושע אם עתידין הבעלין לחזור עליה [א&#39;]"
                    HPOS="575.0"
                    VPOS="2623.0"
                    WIDTH="2157.0"
                    HEIGHT="127.0"></String>
          </TextLine>

          
          
          <TextLine ID="eSc_line_1857267"
                    
                    BASELINE="586 2756 648 2773 736 2777 1466 2777 1757 2769 2318 2773 2617 2769 2755 2759" 
                    HPOS="575.0"
                    VPOS="2723.0"
                    WIDTH="2176.0"
                    HEIGHT="88.0">
            <Shape><Polygon POINTS="583 2754 579 2723 2747 2731 2751 2757 2747 2807 575 2811"/></Shape>
	    <String CONTENT="אסורה ואם לאו מותרת ˙ במסיות שהעמידו מלכין בשעת השמד א&#39;ע&#39;פ&#39;"
                    HPOS="575.0"
                    VPOS="2723.0"
                    WIDTH="2176.0"
                    HEIGHT="88.0"></String>
          </TextLine>

          
          
          <TextLine ID="eSc_line_1857261"
                    
                    BASELINE="586 2852 752 2850 1301 2853 1546 2861 2064 2861 2567 2853 2755 2842" 
                    HPOS="579.0"
                    VPOS="2803.0"
                    WIDTH="2172.0"
                    HEIGHT="112.0">
            <Shape><Polygon POINTS="583 2850 579 2803 2747 2811 2751 2838 2747 2892 1819 2915 1815 2915 579 2899"/></Shape>
	    <String CONTENT="שעבר השמד הרי אילו אסורות וכל ע&#39;ז&#39; שביטלה גוי יכול תהא אסורה ת&#39;ל&#39; פסילי"
                    HPOS="579.0"
                    VPOS="2803.0"
                    WIDTH="2172.0"
                    HEIGHT="112.0"></String>
          </TextLine>

          
          
          <TextLine ID="eSc_line_1857265"
                    
                    BASELINE="586 2940 1074 2953 1508 2953 1738 2945 2517 2945 2732 2935" 
                    HPOS="575.0"
                    VPOS="2899.0"
                    WIDTH="2153.0"
                    HEIGHT="100.0">
            <Shape><Polygon POINTS="583 2938 583 2899 2724 2903 2728 2934 2724 2980 752 2999 748 2999 575 2976"/></Shape>
	    <String CONTENT="ﭏיהם את שנהג בו מנהג ﭏוה אסור את שאינו נוהג בו משם ﭏוה מותר יכול ע&#39;ז&#39;"
                    HPOS="575.0"
                    VPOS="2899.0"
                    WIDTH="2153.0"
                    HEIGHT="100.0"></String>
          </TextLine>

          
          
          <TextLine ID="eSc_line_1857258"
                    
                    BASELINE="586 3016 1013 3030 1926 3030 2053 3022 2475 3022 2728 3007" 
                    HPOS="579.0"
                    VPOS="2980.0"
                    WIDTH="2145.0"
                    HEIGHT="92.0">
            <Shape><Polygon POINTS="583 3014 583 2980 2721 2984 2724 3003 2721 3060 579 3072"/></Shape>
	    <String CONTENT="של ישרﭏ שביטלה גוי יכול תהא מותרת ת&#39;ל&#39; פסילי ﭏהים שלהן את שנהג בו לשם"
                    HPOS="579.0"
                    VPOS="2980.0"
                    WIDTH="2145.0"
                    HEIGHT="92.0"></String>
          </TextLine>

          
          
          <TextLine ID="eSc_line_1857264"
                    
                    BASELINE="586 3107 748 3107 878 3114 1673 3114 1872 3107 2291 3110 2487 3103 2732 3103" 
                    HPOS="579.0"
                    VPOS="3068.0"
                    WIDTH="2149.0"
                    HEIGHT="81.0">
            <Shape><Polygon POINTS="583 3103 579 3068 2724 3068 2728 3099 2724 3145 583 3149"/></Shape>
	    <String CONTENT="ﭏוה אסור את שאינו נוהג בו לשם ﭏוה מותר ושל ישרﭏ בין שנהג בו לשם ﭏוה"
                    HPOS="579.0"
                    VPOS="3068.0"
                    WIDTH="2149.0"
                    HEIGHT="81.0"></String>
          </TextLine>

          
          
          <TextLine ID="eSc_line_1857262"
                    
                    BASELINE="586 3187 1826 3199 2345 3183 2732 3176" 
                    HPOS="571.0"
                    VPOS="3153.0"
                    WIDTH="2157.0"
                    HEIGHT="103.0">
            <Shape><Polygon POINTS="583 3183 583 3153 2724 3153 2728 3172 2728 3229 2652 3252 2648 3252 2648 3252 2644 3252 2644 3252 2644 3252 2552 3233 1692 3233 1596 3252 1596 3252 1596 3252 1592 3252 1592 3252 1466 3233 1362 3252 1362 3252 1362 3256 644 3256 640 3252 640 3252 637 3252 571 3229"/></Shape>
	    <String CONTENT="בין שלא נהג בו לשם ﭏוה אסור כיצד מבטלה ר&#39; מאיר או&#39; עד שזכה בקורנה"
                    HPOS="571.0"
                    VPOS="3153.0"
                    WIDTH="2157.0"
                    HEIGHT="103.0"></String>
          </TextLine>

          
          
          <TextLine ID="eSc_line_1857259"
                    
                    BASELINE="586 3280 794 3291 1554 3291 1742 3279 2153 3279 2348 3271 2586 3275 2732 3262" 
                    HPOS="575.0"
                    VPOS="3218.0"
                    WIDTH="2153.0"
                    HEIGHT="119.0">
            <Shape><Polygon POINTS="583 3279 575 3241 2014 3218 2018 3218 2724 3237 2728 3260 2724 3317 1842 3317 1826 3317 1727 3337 1727 3337 1723 3337 575 3321"/></Shape>
	    <String CONTENT="ויחבל ר&#39; שמעון או&#39; אפי&#39; רואה סטרה ונפלה הרי זו בטילה וחכמים או&#39; נכרי"
                    HPOS="575.0"
                    VPOS="3218.0"
                    WIDTH="2153.0"
                    HEIGHT="119.0"></String>
          </TextLine>

          
          
          <TextLine ID="eSc_line_1857257"
                    
                    BASELINE="586 3358 717 3367 1324 3367 1907 3348 2732 3337" 
                    HPOS="575.0"
                    VPOS="3287.0"
                    WIDTH="2153.0"
                    HEIGHT="130.0">
            <Shape><Polygon POINTS="583 3356 575 3333 1949 3294 1953 3294 2394 3306 2494 3287 2494 3287 2494 3287 2498 3287 2724 3306 2728 3333 2724 3383 2483 3406 2483 3406 2479 3406 2268 3390 2241 3390 2237 3390 2214 3410 2214 3410 2210 3410 2210 3410 2210 3410 2206 3410 2206 3410 2202 3410 2202 3410 2202 3410 2110 3394 2107 3394 2087 3394 1669 3417 1665 3417 575 3413"/></Shape>
	    <String CONTENT="מבטל ע&#39;ז&#39; שלו ושל ישרﭏ וישרﭏ אין מבטל ע&#39;ז&#39; של נכרי ר&#39; שמעון בן מנסיא"
                    HPOS="575.0"
                    VPOS="3287.0"
                    WIDTH="2153.0"
                    HEIGHT="130.0"></String>
          </TextLine>

          
          
          <TextLine ID="eSc_line_1857263"
                    
                    BASELINE="586 3439 1205 3459 2732 3437" 
                    HPOS="579.0"
                    VPOS="3398.0"
                    WIDTH="2149.0"
                    HEIGHT="150.0">
            <Shape><Polygon POINTS="583 3436 579 3398 2724 3398 2728 3436 2728 3502 2291 3505 2283 3509 2233 3536 2233 3536 2233 3536 2229 3536 2229 3536 2229 3540 2114 3540 2110 3536 2110 3536 2107 3536 2107 3536 2107 3536 2068 3513 2057 3509 2041 3513 1976 3536 1972 3536 1972 3536 1972 3536 1968 3536 1968 3536 1968 3536 1965 3536 1965 3536 1965 3536 1930 3517 1915 3509 1895 3517 1849 3536 1849 3536 1846 3536 1846 3536 1842 3536 1842 3536 1700 3521 1634 3513 1627 3521 1608 3536 1608 3540 1608 3540 1604 3540 1604 3540 1604 3540 1600 3540 1600 3540 1600 3540 1596 3540 1404 3525 1339 3521 1293 3525 1201 3540 1201 3540 1197 3540 1197 3540 1197 3540 1193 3540 1193 3540 1193 3540 1189 3540 1174 3528 1166 3525 1159 3528 1147 3540 1147 3540 1143 3540 1143 3540 1143 3540 1139 3540 1139 3540 1139 3540 1136 3540 1136 3540 1136 3540 1132 3540 1132 3540 1128 3540 1128 3540 1128 3540 1116 3528 1105 3517 1078 3528 1043 3544 1043 3544 1040 3544 1040 3544 1040 3548 805 3548 802 3544 802 3544 798 3544 798 3544 798 3544 779 3536 744 3517 579 3536"/></Shape>
	    <String CONTENT="או&#39; ע&#39;ז&#39; של ישרﭏ אין לה בטילה עולמית בימוס שנפגם רובו הרי זה מותר מזבח"
                    HPOS="579.0"
                    VPOS="3398.0"
                    WIDTH="2149.0"
                    HEIGHT="150.0"></String>
          </TextLine>

          
        </TextBlock>
        

        
      </PrintSpace>
    </Page>
  </Layout>
</alto>
