<?xml version="1.0" encoding="UTF-8"?>
<alto xmlns:xsi="http://www.w3.org/2001/XMLSchema-instance"
      xmlns="http://www.loc.gov/standards/alto/ns-v4#"
      xsi:schemaLocation="http://www.loc.gov/standards/alto/ns-v4# http://www.loc.gov/standards/alto/v4/alto-4-2.xsd">
  <Description>
    <MeasurementUnit>pixel</MeasurementUnit>
    <sourceImageInformation>
      <fileName>Cod.Hebr.20_111v.jpg</fileName>
      
    </sourceImageInformation>
  </Description>
  
  <Tags>
    <OtherTag ID="BT1" LABEL="Title" DESCRIPTION="block type Title"/><OtherTag ID="BT2" LABEL="Main" DESCRIPTION="block type Main"/><OtherTag ID="BT3" LABEL="Commentary" DESCRIPTION="block type Commentary"/><OtherTag ID="BT4" LABEL="Illustration" DESCRIPTION="block type Illustration"/><OtherTag ID="BT747" LABEL="Hole" DESCRIPTION="block type Hole"/><OtherTag ID="BT748" LABEL="Margin" DESCRIPTION="block type Margin"/><OtherTag ID="BT749" LABEL="Paratext" DESCRIPTION="block type Paratext"/>
    <OtherTag ID="LT3" LABEL="Correction" DESCRIPTION="line type Correction"/>
  </Tags>
  
  <Layout>
    <Page WIDTH="3666"
          HEIGHT="4584"
          PHYSICAL_IMG_NR="210"
          ID="eSc_dummypage_">
      <PrintSpace HPOS="0"
                  VPOS="0"
                  WIDTH="3666"
                  HEIGHT="4584">
        
        <TextBlock HPOS="531.0"
                   VPOS="408.0"
                   WIDTH="2158.0"
                   HEIGHT="3232.0"
                   ID="eSc_textblock_ba8a60fe"
                   TAGREFS="BT2">
          <Shape><Polygon POINTS="531 408 2689 408 2689 3640 531 3640"/></Shape>
          
          
          <TextLine ID="eSc_line_1850751"
                    
                    BASELINE="1117 478 2698 488" 
                    HPOS="1108.0"
                    VPOS="420.0"
                    WIDTH="1594.0"
                    HEIGHT="137.0">
            <Shape><Polygon POINTS="1116 477 1112 443 1284 424 1284 424 1288 424 1288 424 1288 424 1292 424 1345 443 1349 443 1353 443 1399 420 1399 420 1399 420 1402 420 1402 420 1406 420 1406 420 1406 420 1410 420 1490 443 1494 443 1498 443 1582 420 1586 420 1586 420 1590 420 1590 420 1590 420 1594 420 1594 420 1594 420 1597 420 1628 443 1632 446 1735 446 1735 443 1796 420 1796 420 1800 420 1800 420 1800 420 1804 420 1804 420 1808 420 1896 446 1903 446 1907 446 1945 427 1945 427 1949 427 1949 427 1949 427 1953 427 1953 427 2071 446 2083 446 2087 446 2133 424 2133 424 2133 424 2136 424 2136 424 2140 424 2140 424 2140 424 2263 446 2270 446 2289 446 2668 424 2672 424 2672 424 2672 424 2675 424 2675 424 2675 424 2679 424 2679 424 2679 427 2702 450 2695 485 2683 557 1108 550"/></Shape>
	    <String CONTENT="נדה שא&#39;ע&#39;פ&#39; שהן בהכרת שאין הולד ממזר ﭏא משאר בשר ˙"
                    HPOS="1108.0"
                    VPOS="420.0"
                    WIDTH="1594.0"
                    HEIGHT="137.0"></String>
          </TextLine>

          
          
          <TextLine ID="eSc_line_1850752"
                    
                    BASELINE="1253 580 1452 580 1873 607" 
                    HPOS="1250.0"
                    VPOS="538.0"
                    WIDTH="619.0"
                    HEIGHT="168.0">
            <Shape><Polygon POINTS="1250 576 1257 546 1464 553 1506 538 1727 561 1766 546 1834 561 1869 603 1857 641 1796 687 1716 706 1662 649 1601 687 1563 645 1517 683 1471 630 1360 622 1311 576 1257 576"/></Shape>
	    <String CONTENT="פרק ז&#39; ˙˙"
                    HPOS="1250.0"
                    VPOS="538.0"
                    WIDTH="619.0"
                    HEIGHT="168.0"></String>
          </TextLine>

          
          
          <TextLine ID="eSc_line_1850762"
                    
                    BASELINE="517 692 634 699 1265 676 1373 676 1613 733 1670 733 1938 676 2415 676 2698 666" 
                    HPOS="508.0"
                    VPOS="595.0"
                    WIDTH="2187.0"
                    HEIGHT="176.0">
            <Shape><Polygon POINTS="516 691 508 660 753 634 753 634 756 634 756 634 867 649 1074 615 1074 615 1078 615 1078 615 1078 615 1185 634 1238 611 1238 611 1242 611 1242 611 1242 611 1246 611 1395 618 1395 618 1395 618 1399 618 1399 618 1402 618 1441 641 1479 664 1789 664 1819 637 1831 626 1831 622 1831 622 1834 622 1834 622 1834 622 1838 622 1838 622 1842 622 1842 622 1957 634 1976 634 1983 634 2048 611 2052 611 2052 611 2052 611 2056 611 2056 611 2056 611 2156 630 2159 630 2163 630 2263 595 2266 595 2266 595 2266 595 2270 595 2270 595 2270 595 2412 626 2438 630 2465 626 2572 599 2572 599 2572 599 2576 599 2576 599 2576 599 2691 622 2695 664 2691 702 2542 733 2542 733 2542 737 1227 737 1070 737 890 737 890 741 879 756 875 756 875 760 875 760 871 760 871 760 871 760 867 760 867 760 863 760 863 760 863 760 776 744 772 744 764 744 672 771 668 771 668 771 665 771 665 771 508 748"/></Shape>
	    <String CONTENT="העושה מאמר ביבמתו ומת חולצת ולא מתיבמת ר&#39; שמעון"
                    HPOS="508.0"
                    VPOS="595.0"
                    WIDTH="2187.0"
                    HEIGHT="176.0"></String>
          </TextLine>

          
          
          <TextLine ID="eSc_line_1850764"
                    
                    BASELINE="523 794 1762 779 2006 779 2698 765" 
                    HPOS="519.0"
                    VPOS="710.0"
                    WIDTH="2176.0"
                    HEIGHT="157.0">
            <Shape><Polygon POINTS="519 790 588 783 611 760 638 775 653 760 795 752 825 718 860 744 1399 725 1968 741 2075 725 2331 733 2362 710 2381 729 2442 733 2668 721 2695 764 2656 809 2580 825 2385 813 2328 832 2167 832 2125 817 1674 832 1636 806 1594 832 1441 809 1383 828 1185 813 963 840 829 825 745 851 661 851 646 867 558 790"/></Shape>
	    <String CONTENT="אומ&#39; או חולצת או מתיבמת שאם מאמרו מאמר תתיבם שהיא אשתו של שיני אין"
                    HPOS="519.0"
                    VPOS="710.0"
                    WIDTH="2176.0"
                    HEIGHT="157.0"></String>
          </TextLine>

          
          
          <TextLine ID="eSc_line_1850766"
                    
                    BASELINE="535 890 795 890 1418 870 2698 870" 
                    HPOS="531.0"
                    VPOS="802.0"
                    WIDTH="2164.0"
                    HEIGHT="141.0">
            <Shape><Polygon POINTS="531 886 558 863 581 878 607 855 649 867 665 851 818 844 833 828 852 844 1406 821 1609 832 1639 802 1685 836 2660 821 2683 825 2695 867 2626 920 1995 920 1964 897 1930 924 1869 928 1643 912 1467 924 1391 909 672 943 634 939 581 886 554 886"/></Shape>
	    <String CONTENT="מאמרו מאמר תתיבם שהיא אשתו של ראשון כיצד מצות יבום עושין בה מאמר"
                    HPOS="531.0"
                    VPOS="802.0"
                    WIDTH="2164.0"
                    HEIGHT="141.0"></String>
          </TextLine>

          
          
          <TextLine ID="eSc_line_1850767"
                    
                    BASELINE="517 963 623 977 764 977 1093 966 1941 970 2140 962 2698 955" 
                    HPOS="508.0"
                    VPOS="901.0"
                    WIDTH="2187.0"
                    HEIGHT="122.0">
            <Shape><Polygon POINTS="516 962 508 924 2064 901 2068 901 2691 920 2695 955 2691 1000 1968 1023 1964 1023 508 1008"/></Shape>
	    <String CONTENT="ואחר כך כונס כנסה עד שלא עשה בה מאמר קנה העושה מאמר ביבמתו קנאה"
                    HPOS="508.0"
                    VPOS="901.0"
                    WIDTH="2187.0"
                    HEIGHT="122.0"></String>
          </TextLine>

          
          
          <TextLine ID="eSc_line_1850768"
                    
                    BASELINE="535 1050 711 1058 890 1046 1081 1042 2698 1031" 
                    HPOS="531.0"
                    VPOS="981.0"
                    WIDTH="2164.0"
                    HEIGHT="134.0">
            <Shape><Polygon POINTS="531 1046 565 1031 584 1042 611 1019 737 1031 776 993 802 1019 1093 1000 1376 1000 1452 1016 1487 1000 1815 1004 1854 1019 2106 1012 2163 1004 2186 981 2240 1008 2595 1008 2614 985 2695 1027 2637 1084 2587 1092 2289 1081 2209 1100 2171 1077 2110 1073 2048 1096 1808 1081 1559 1088 1544 1073 1521 1092 1444 1096 1089 1077 1043 1096 749 1092 730 1111 707 1096 657 1115 607 1107 550 1050"/></Shape>
	    <String CONTENT="לעצמו ופסלה על ידי אחים באו עליה אחין ועשו בה מאמר נתנו גט וחלצו [פוס&#39;]"
                    HPOS="531.0"
                    VPOS="981.0"
                    WIDTH="2164.0"
                    HEIGHT="134.0"></String>
          </TextLine>

          
          
          <TextLine ID="eSc_line_1850769"
                    
                    BASELINE="519 1146 1028 1134 2610 1126 2698 1116" 
                    HPOS="516.0"
                    VPOS="1073.0"
                    WIDTH="2179.0"
                    HEIGHT="122.0">
            <Shape><Polygon POINTS="516 1146 558 1138 588 1107 1265 1081 1525 1096 1544 1073 1559 1088 1995 1088 2029 1111 2102 1092 2129 1119 2209 1119 2243 1088 2297 1081 2389 1096 2641 1084 2695 1115 2637 1172 2503 1165 2484 1184 2461 1165 2412 1180 2370 1161 2243 1165 2205 1126 2045 1126 2003 1168 1907 1184 1624 1161 1525 1176 1452 1157 1433 1172 1318 1176 1227 1157 1162 1176 913 1176 883 1195 860 1180 600 1191 554 1146"/></Shape>
	    <String CONTENT="פוסלין על ידו ˙ העושה מאמר ביבמתו נפטרה צרתה הנותן גט ליבמתו"
                    HPOS="516.0"
                    VPOS="1073.0"
                    WIDTH="2179.0"
                    HEIGHT="122.0"></String>
          </TextLine>

          
          
          <TextLine ID="eSc_line_1850770"
                    
                    BASELINE="527 1214 841 1222 997 1214 1315 1214 1490 1207 2618 1207 2698 1191" 
                    HPOS="523.0"
                    VPOS="1126.0"
                    WIDTH="2172.0"
                    HEIGHT="146.0">
            <Shape><Polygon POINTS="523 1210 638 1184 883 1191 902 1176 1162 1176 1219 1161 1380 1172 1452 1153 1517 1172 1911 1180 2003 1168 2045 1126 2083 1130 2125 1168 2461 1165 2488 1180 2511 1165 2695 1188 2683 1272 2503 1245 2393 1260 2370 1241 2331 1256 2060 1256 2037 1233 2006 1260 1941 1237 1919 1260 1892 1249 1831 1268 1781 1249 1655 1260 1639 1245 1490 1245 1089 1260 898 1249 879 1264 646 1272 607 1268 554 1214 527 1222"/></Shape>
	    <String CONTENT="נפטרה צרתה והיא חלץ לה נפטרה צרתה וחכמים אומ&#39; יש גט אחר גט ומאמר"
                    HPOS="523.0"
                    VPOS="1126.0"
                    WIDTH="2172.0"
                    HEIGHT="146.0"></String>
          </TextLine>

          
          
          <TextLine ID="eSc_line_1850771"
                    
                    BASELINE="517 1317 798 1314 1028 1302 2396 1306 2572 1302 2698 1286" 
                    HPOS="512.0"
                    VPOS="1237.0"
                    WIDTH="2183.0"
                    HEIGHT="115.0">
            <Shape><Polygon POINTS="516 1314 512 1260 959 1260 1001 1237 1001 1237 1001 1237 1005 1237 1005 1237 1009 1237 1769 1237 1769 1237 1769 1237 1773 1237 1773 1237 1827 1256 1865 1237 1865 1237 1865 1237 1869 1237 1869 1237 1869 1237 1873 1237 1873 1237 2018 1256 2542 1237 2545 1237 2545 1237 2691 1260 2695 1283 2691 1340 516 1352"/></Shape>
	    <String CONTENT="אחר מאמר מודה רבן גמליﭏ לחכמים שיש גט אחר מאמר ומאמר אחר גט גט"
                    HPOS="512.0"
                    VPOS="1237.0"
                    WIDTH="2183.0"
                    HEIGHT="115.0"></String>
          </TextLine>

          
          
          <TextLine ID="eSc_line_1850772"
                    
                    BASELINE="517 1400 753 1394 2698 1382" 
                    HPOS="508.0"
                    VPOS="1329.0"
                    WIDTH="2187.0"
                    HEIGHT="114.0">
            <Shape><Polygon POINTS="516 1398 508 1356 1727 1329 1731 1329 2691 1344 2695 1379 2691 1428 516 1443"/></Shape>
	    <String CONTENT="אחר ביאת מאמר ומאמר אחר ביאת גט כיצד היה רבן גמליﭏ אומ&#39; אין גט אחר גט"
                    HPOS="508.0"
                    VPOS="1329.0"
                    WIDTH="2187.0"
                    HEIGHT="114.0"></String>
          </TextLine>

          
          
          <TextLine ID="eSc_line_1850773"
                    
                    BASELINE="517 1497 1035 1485 2312 1485 2698 1471" 
                    HPOS="508.0"
                    VPOS="1417.0"
                    WIDTH="2187.0"
                    HEIGHT="118.0">
            <Shape><Polygon POINTS="516 1493 508 1447 2350 1417 2354 1417 2691 1440 2695 1470 2691 1520 516 1535"/></Shape>
	    <String CONTENT="שתי יבמות ויבם אחד נתן גט לזו וחזר ונתן גט לזו רבן גמליﭏ אומ&#39; חולץ לראשונה"
                    HPOS="508.0"
                    VPOS="1417.0"
                    WIDTH="2187.0"
                    HEIGHT="118.0"></String>
          </TextLine>

          
          
          <TextLine ID="eSc_line_1850774"
                    
                    BASELINE="517 1581 1662 1581 2698 1566" 
                    HPOS="508.0"
                    VPOS="1512.0"
                    WIDTH="2187.0"
                    HEIGHT="115.0">
            <Shape><Polygon POINTS="516 1577 508 1539 1253 1516 1257 1516 1548 1531 1574 1531 1582 1531 1651 1512 1655 1512 1655 1512 1659 1512 2691 1528 2695 1562 2691 1612 516 1627"/></Shape>
	    <String CONTENT="ומותר בקרובות שנייה וחכמים אומ&#39; אסור בקרובות שתיהן וצריכה חליצה [א&#39;]"
                    HPOS="508.0"
                    VPOS="1512.0"
                    WIDTH="2187.0"
                    HEIGHT="115.0"></String>
          </TextLine>

          
          
          <TextLine ID="eSc_line_1850775"
                    
                    BASELINE="517 1662 990 1673 1605 1654 2698 1657" 
                    HPOS="508.0"
                    VPOS="1596.0"
                    WIDTH="2187.0"
                    HEIGHT="126.0">
            <Shape><Polygon POINTS="516 1661 512 1619 2133 1619 2148 1615 2243 1596 2243 1596 2243 1596 2247 1596 2691 1615 2695 1654 2687 1703 2228 1703 2224 1703 2163 1722 2159 1722 2159 1722 2156 1722 508 1707"/></Shape>
	    <String CONTENT="אחת מהן עשה מאמר בזו וחזר ועשה מאמר בזו רבן גמליﭏ או&#39; נותן גט לראשונה"
                    HPOS="508.0"
                    VPOS="1596.0"
                    WIDTH="2187.0"
                    HEIGHT="126.0"></String>
          </TextLine>

          
          
          <TextLine ID="eSc_line_1850776"
                    
                    BASELINE="517 1749 951 1757 1146 1749 2427 1745 2698 1735" 
                    HPOS="508.0"
                    VPOS="1684.0"
                    WIDTH="2187.0"
                    HEIGHT="126.0">
            <Shape><Polygon POINTS="516 1745 512 1707 1899 1707 1915 1703 2037 1684 2037 1684 2041 1684 2691 1703 2695 1734 2691 1791 1995 1791 1983 1791 1876 1810 1876 1810 1873 1810 508 1795"/></Shape>
	    <String CONTENT="וחולץ לה ומותר בקרובות שנייה וחכמים או&#39; אסור בקרובות שתיהן וצריכות שני"
                    HPOS="508.0"
                    VPOS="1684.0"
                    WIDTH="2187.0"
                    HEIGHT="126.0"></String>
          </TextLine>

          
          
          <TextLine ID="eSc_line_1850777"
                    
                    BASELINE="517 1833 615 1845 997 1845 1330 1833 2144 1841 2603 1829 2698 1818" 
                    HPOS="508.0"
                    VPOS="1772.0"
                    WIDTH="2187.0"
                    HEIGHT="130.0">
            <Shape><Polygon POINTS="516 1829 508 1795 2182 1772 2186 1772 2691 1791 2695 1814 2691 1875 2599 1898 2599 1898 2599 1898 2595 1898 2320 1879 2312 1879 2301 1879 2045 1902 2045 1902 2041 1902 1804 1883 1720 1902 1716 1902 1716 1902 1712 1902 1712 1902 1712 1902 1620 1883 1594 1902 1590 1902 1590 1902 1590 1902 1586 1902 1586 1902 1582 1902 1582 1902 1376 1883 1368 1883 1162 1883 1162 1883 1142 1898 1142 1902 1142 1902 1139 1902 1139 1902 1139 1902 1135 1902 1135 1902 1131 1902 508 1883"/></Shape>
	    <String CONTENT="גיטין וחליצה לאחת מהן וכן שני יבמין ויבמה אחת ˙ בעל את זו ובעל את זו"
                    HPOS="508.0"
                    VPOS="1772.0"
                    WIDTH="2187.0"
                    HEIGHT="130.0"></String>
          </TextLine>

          
          
          <TextLine ID="eSc_line_1850778"
                    
                    BASELINE="527 1917 722 1936 993 1936 1410 1925 1693 1925 1876 1932 2423 1932 2698 1919" 
                    HPOS="523.0"
                    VPOS="1848.0"
                    WIDTH="2172.0"
                    HEIGHT="149.0">
            <Shape><Polygon POINTS="523 1913 573 1913 600 1887 642 1902 772 1898 829 1875 860 1894 905 1864 936 1890 1127 1898 1185 1848 1227 1890 1253 1879 1303 1894 1349 1894 1372 1871 1391 1890 1636 1883 1678 1910 1701 1887 1750 1887 1785 1852 1819 1887 1926 1894 2477 1883 2511 1910 2545 1883 2637 1887 2695 1917 2637 1978 2438 1971 2415 1948 2389 1971 2297 1982 2060 1982 2014 1963 1964 1982 1911 1967 1823 1978 1792 1948 1766 1974 1731 1974 1712 1955 1689 1978 1582 1971 1567 1990 1536 1978 1517 1997 1494 1978 1460 1990 1402 1974 921 1978 886 1944 837 1982 802 1978 776 1952 745 1982 676 1997 607 1974 550 1917"/></Shape>
	    <String CONTENT="בעל את זו ועשה מאמר בזו בעל את זו ונתן גט לזו בעל את זו וחלץ לזו אין [א&#39;]"
                    HPOS="523.0"
                    VPOS="1848.0"
                    WIDTH="2172.0"
                    HEIGHT="149.0"></String>
          </TextLine>

          
          
          <TextLine ID="eSc_line_1850779"
                    
                    BASELINE="517 2016 646 2032 791 2036 1131 2020 2178 2024 2331 2016 2698 2010" 
                    HPOS="508.0"
                    VPOS="1955.0"
                    WIDTH="2187.0"
                    HEIGHT="123.0">
            <Shape><Polygon POINTS="516 2013 508 1974 2450 1955 2454 1955 2691 1978 2695 2009 2687 2078 508 2062"/></Shape>
	    <String CONTENT="אחר חליצה כלום חלץ לזו וחלץ לזו חלץ לזו ועשה מאמר בזו חלץ לזו ונתן"
                    HPOS="508.0"
                    VPOS="1955.0"
                    WIDTH="2187.0"
                    HEIGHT="123.0"></String>
          </TextLine>

          
          
          <TextLine ID="eSc_line_1850780"
                    
                    BASELINE="561 2101 707 2116 841 2116 1861 2104 2282 2093 2698 2093" 
                    HPOS="558.0"
                    VPOS="2032.0"
                    WIDTH="2137.0"
                    HEIGHT="141.0">
            <Shape><Polygon POINTS="558 2101 592 2078 626 2097 711 2074 818 2074 848 2101 875 2074 1074 2070 1097 2055 1265 2081 1391 2062 1418 2036 1444 2062 1544 2074 1659 2058 1773 2070 1792 2051 1838 2066 2075 2070 2098 2047 2205 2062 2278 2062 2293 2047 2362 2066 2393 2032 2419 2058 2507 2039 2695 2089 2637 2150 2534 2143 2507 2116 2477 2143 2415 2143 2350 2112 2320 2143 2266 2143 2240 2116 2209 2146 2129 2154 2052 2139 1842 2158 1724 2146 1697 2123 1670 2150 1609 2143 1590 2162 1544 2146 1337 2150 1295 2108 1272 2108 1223 2146 1200 2135 1135 2165 978 2150 776 2173 623 2158 561 2108"/></Shape>
	    <String CONTENT="גט לזו חלץ לזו ובעל את זו אין אחר בעילה כלום ˙ א&#39;ע&#39;פ&#39; שאמרו אין אחר"
                    HPOS="558.0"
                    VPOS="2032.0"
                    WIDTH="2137.0"
                    HEIGHT="141.0"></String>
          </TextLine>

          
          
          <TextLine ID="eSc_line_1850781"
                    
                    BASELINE="517 2192 902 2207 1643 2188 2144 2192 2698 2174" 
                    HPOS="508.0"
                    VPOS="2116.0"
                    WIDTH="2187.0"
                    HEIGHT="133.0">
            <Shape><Polygon POINTS="516 2188 508 2162 1177 2131 1181 2131 1429 2146 1502 2127 1506 2127 1506 2127 1506 2127 1509 2127 1509 2127 1513 2127 1594 2146 1666 2127 1670 2127 1670 2127 1670 2127 1674 2127 1964 2143 2217 2120 2221 2120 2221 2120 2419 2139 2423 2139 2423 2139 2480 2116 2480 2116 2484 2116 2484 2116 2488 2116 2488 2116 2691 2139 2695 2173 2691 2219 1796 2249 1792 2249 508 2246"/></Shape>
	    <String CONTENT="בעילה כלום חליצה אחר בעילה פוסלת לכהונה כיצד שלש יבמות ויבם אחד עשה"
                    HPOS="508.0"
                    VPOS="2116.0"
                    WIDTH="2187.0"
                    HEIGHT="133.0"></String>
          </TextLine>

          
          
          <TextLine ID="eSc_line_1850782"
                    
                    BASELINE="519 2272 619 2284 936 2276 1173 2284 2438 2265 2698 2268" 
                    HPOS="516.0"
                    VPOS="2200.0"
                    WIDTH="2179.0"
                    HEIGHT="134.0">
            <Shape><Polygon POINTS="516 2269 519 2242 581 2261 607 2246 1127 2246 1150 2230 1334 2246 1464 2227 1490 2242 2194 2234 2232 2200 2266 2227 2626 2230 2660 2261 2695 2265 2672 2265 2626 2311 2400 2303 2263 2318 2232 2288 2186 2311 2133 2311 2098 2288 2060 2311 1919 2299 1899 2318 1529 2326 1498 2311 1341 2326 1253 2303 1234 2322 1135 2311 1097 2326 951 2326 932 2311 875 2330 825 2314 787 2334 626 2330 561 2276 519 2280"/></Shape>
	    <String CONTENT="מאמר בזו ובעל את זו וחזר ועשה מאמר בזו ר&#39; נחמיה אומ&#39; ראשונה צריכה גט"
                    HPOS="516.0"
                    VPOS="2200.0"
                    WIDTH="2179.0"
                    HEIGHT="134.0"></String>
          </TextLine>

          
          
          <TextLine ID="eSc_line_1850783"
                    
                    BASELINE="517 2364 959 2372 1682 2356 2148 2356 2698 2341" 
                    HPOS="508.0"
                    VPOS="2299.0"
                    WIDTH="2187.0"
                    HEIGHT="134.0">
            <Shape><Polygon POINTS="516 2360 508 2326 2687 2299 2695 2337 2691 2383 2255 2414 2251 2414 2251 2414 2087 2395 2083 2395 2079 2395 1976 2418 1976 2418 1976 2418 1972 2418 1972 2418 1968 2418 1968 2418 1915 2398 1387 2425 1387 2429 1185 2429 1181 2425 1181 2425 1177 2425 1177 2425 1177 2425 1173 2425 1173 2425 1173 2421 1154 2406 1154 2406 1142 2406 982 2429 982 2429 978 2429 978 2429 978 2429 974 2429 974 2429 974 2429 936 2410 936 2410 925 2410 703 2433 703 2433 699 2433 508 2414"/></Shape>
	    <String CONTENT="ואין אחר בעילה כלום מקל וחומר ומה חליצה שפוסלת בכהונה חליצה אחר [בעי&#39;]"
                    HPOS="508.0"
                    VPOS="2299.0"
                    WIDTH="2187.0"
                    HEIGHT="134.0"></String>
          </TextLine>

          
          
          <TextLine ID="eSc_line_1850785"
                    
                    BASELINE="517 2443 646 2460 1227 2460 1563 2448 2048 2452 2243 2444 2691 2437" 
                    HPOS="508.0"
                    VPOS="2379.0"
                    WIDTH="2179.0"
                    HEIGHT="138.0">
            <Shape><Polygon POINTS="516 2440 512 2410 1043 2410 1055 2406 1139 2387 1139 2387 1139 2387 1142 2387 1425 2402 1437 2402 1441 2402 1521 2383 1525 2383 1525 2383 1529 2383 1964 2398 1999 2379 2003 2379 2003 2379 2003 2379 2006 2379 2006 2379 2010 2379 2683 2398 2687 2433 2683 2483 2542 2509 2542 2509 2542 2513 2347 2513 2343 2509 2343 2509 2339 2509 2339 2509 2339 2509 2335 2509 2335 2509 2308 2490 1915 2513 1911 2513 1911 2513 1911 2513 1907 2513 1907 2513 1903 2513 1869 2494 1410 2513 1406 2513 1406 2513 1402 2513 1402 2513 1402 2513 1399 2513 1372 2494 1372 2494 1368 2494 1230 2517 1230 2517 1227 2517 508 2498"/></Shape>
	    <String CONTENT="בעילה אין אחריה כלום בעילה שאין פוסלת בכהונה בעילה אחר חליצה אינו דין"
                    HPOS="508.0"
                    VPOS="2379.0"
                    WIDTH="2179.0"
                    HEIGHT="138.0"></String>
          </TextLine>

          
          
          <TextLine ID="eSc_line_1850786"
                    
                    BASELINE="517 2544 1991 2540 2698 2521" 
                    HPOS="508.0"
                    VPOS="2471.0"
                    WIDTH="2187.0"
                    HEIGHT="130.0">
            <Shape><Polygon POINTS="516 2540 508 2502 2102 2471 2106 2471 2691 2486 2695 2517 2691 2567 2561 2593 2561 2593 2561 2593 2557 2593 2209 2574 2209 2574 2205 2574 2033 2597 2033 2597 2029 2597 2029 2597 1884 2578 1639 2597 1636 2597 1636 2597 1636 2597 1632 2597 1632 2597 1632 2597 1594 2578 1594 2578 1594 2578 1536 2601 1536 2601 1532 2601 1532 2601 1529 2601 512 2586"/></Shape>
	    <String CONTENT="שלא יהא אחריה כלום וחכמים אומ&#39; צריכות שלשה גיטין וחליצה אחת מהן"
                    HPOS="508.0"
                    VPOS="2471.0"
                    WIDTH="2187.0"
                    HEIGHT="130.0"></String>
          </TextLine>

          
          
          <TextLine ID="eSc_line_1850787"
                    
                    BASELINE="517 2643 974 2639 1162 2631 1980 2635 2683 2612" 
                    HPOS="508.0"
                    VPOS="2563.0"
                    WIDTH="2171.0"
                    HEIGHT="130.0">
            <Shape><Polygon POINTS="516 2639 508 2601 1854 2563 1857 2563 2675 2578 2679 2609 2675 2662 2171 2689 2171 2693 516 2693"/></Shape>
	    <String CONTENT="אימתי אמרו אין אחר בעילה כלום בזמן שהוא כתחלה אינה כתחילה הרי היא"
                    HPOS="508.0"
                    VPOS="2563.0"
                    WIDTH="2171.0"
                    HEIGHT="130.0"></String>
          </TextLine>

          
          
          <TextLine ID="eSc_line_1850788"
                    
                    BASELINE="1055 2719 1464 2742 1563 2742 1701 2727 2255 2700 2698 2693" 
                    HPOS="1051.0"
                    VPOS="2662.0"
                    WIDTH="1644.0"
                    HEIGHT="172.0">
            <Shape><Polygon POINTS="1051 2716 1055 2689 1257 2696 1292 2674 1330 2689 1578 2696 1605 2681 1655 2696 1758 2681 1796 2712 1857 2677 1957 2689 1976 2708 2026 2677 2106 2677 2163 2700 2266 2693 2278 2677 2308 2689 2335 2670 2561 2662 2622 2662 2660 2689 2683 2674 2695 2689 2622 2754 2366 2754 2308 2696 2236 2700 2209 2727 2182 2700 2083 2708 2037 2754 1972 2731 1926 2758 1827 2758 1800 2735 1743 2765 1655 2765 1613 2807 1563 2800 1536 2822 1487 2780 1433 2834 1368 2830 1326 2807 1280 2826 1219 2769 1058 2765"/></Shape>
	    <String CONTENT="כמאמר ˙˙ פרק ח&#39; ˙˙"
                    HPOS="1051.0"
                    VPOS="2662.0"
                    WIDTH="1644.0"
                    HEIGHT="172.0"></String>
          </TextLine>

          
          
          <TextLine ID="eSc_line_1850750"
                    
                    BASELINE="517 2811 768 2811 997 2819 1078 2815 1372 2845 1460 2845 1785 2796 2538 2796 2698 2786" 
                    HPOS="512.0"
                    VPOS="2735.0"
                    WIDTH="2183.0"
                    HEIGHT="137.0">
            <Shape><Polygon POINTS="516 2807 516 2746 569 2765 753 2750 791 2746 791 2746 795 2746 795 2746 798 2746 798 2746 798 2746 806 2750 844 2769 1162 2754 1181 2754 1185 2754 1185 2754 1185 2754 1188 2754 1188 2754 1188 2754 1192 2754 1192 2754 1192 2758 1227 2788 1494 2788 1624 2784 1662 2758 1685 2742 1689 2742 1689 2742 1689 2742 1693 2742 1693 2742 1766 2738 1766 2738 2561 2735 2565 2735 2565 2735 2568 2735 2695 2773 2695 2784 2691 2838 2255 2865 2251 2865 2251 2865 2251 2865 2247 2865 2247 2865 2243 2865 2243 2865 2217 2845 2217 2845 2033 2845 2022 2845 1896 2868 1896 2868 1896 2868 1892 2868 1666 2849 1655 2849 1647 2849 1502 2872 1502 2872 1498 2872 512 2857"/></Shape>
	    <String CONTENT="בן תשע שנים ויום אחד עמוני ומואבי מצרי ואדומי"
                    HPOS="512.0"
                    VPOS="2735.0"
                    WIDTH="2183.0"
                    HEIGHT="137.0"></String>
          </TextLine>

          
          
          <TextLine ID="eSc_line_1850754"
                    
                    BASELINE="517 2895 1196 2910 1743 2891 2243 2891 2698 2869" 
                    HPOS="508.0"
                    VPOS="2826.0"
                    WIDTH="2187.0"
                    HEIGHT="134.0">
            <Shape><Polygon POINTS="516 2891 512 2857 1028 2857 1035 2853 1062 2830 1066 2830 1066 2830 1066 2830 1070 2830 1070 2830 1070 2830 1074 2830 1414 2849 1452 2849 1467 2849 1601 2826 1601 2826 1601 2826 1605 2826 1846 2845 1861 2845 1865 2845 1926 2826 1930 2826 1930 2826 1934 2826 2691 2842 2695 2868 2691 2922 2442 2949 2442 2949 2438 2949 2186 2929 2182 2929 2178 2929 2075 2952 2075 2952 2075 2952 2071 2952 2071 2952 2071 2952 2068 2952 2068 2952 2068 2952 2064 2952 2064 2952 2045 2937 2022 2952 2018 2952 2018 2952 2018 2952 2014 2952 2014 2952 2010 2952 2010 2952 2010 2952 1896 2933 1559 2956 1555 2956 1555 2956 1555 2956 1552 2956 1552 2956 1552 2956 1517 2937 1502 2952 1502 2956 1502 2956 1498 2956 1498 2956 1498 2956 1494 2956 1494 2956 1494 2956 1490 2956 1158 2941 1032 2960 1032 2960 1028 2960 508 2941"/></Shape>
	    <String CONTENT="כותי נתין וממזר שבא על בת כהן ועל בת לוי ועל בת ישרﭏ פסלה מן הכהונה"
                    HPOS="508.0"
                    VPOS="2826.0"
                    WIDTH="2187.0"
                    HEIGHT="134.0"></String>
          </TextLine>

          
          
          <TextLine ID="eSc_line_1850759"
                    
                    BASELINE="517 2983 1269 2991 1636 2979 1980 2979 2251 2968 2454 2968 2698 2954" 
                    HPOS="500.0"
                    VPOS="2914.0"
                    WIDTH="2195.0"
                    HEIGHT="138.0">
            <Shape><Polygon POINTS="516 2979 508 2941 2232 2914 2236 2914 2691 2933 2695 2952 2691 3017 2228 3017 2221 3017 2083 3044 2083 3044 2083 3044 2079 3044 2079 3044 2075 3044 2075 3044 2010 3021 1945 3044 1941 3044 1941 3044 1941 3044 1938 3044 1938 3044 1934 3044 1934 3044 1934 3044 1930 3044 1930 3044 1903 3021 1792 3044 1792 3044 1792 3044 1789 3044 1376 3029 1357 3044 1357 3048 1357 3048 1353 3048 1353 3048 1353 3048 1349 3048 1349 3048 1349 3052 837 3052 833 3048 833 3048 829 3048 745 3025 722 3048 722 3048 718 3048 718 3048 718 3048 714 3048 714 3048 714 3052 539 3052 535 3048 535 3048 531 3048 531 3048 531 3048 527 3048 527 3048 500 3025"/></Shape>
	    <String CONTENT="ר&#39; יוסה אומ&#39; כל שזרעו כשר היא כשירה וכל שזרעו פסול היא פסולה רבן שמעון"
                    HPOS="500.0"
                    VPOS="2914.0"
                    WIDTH="2195.0"
                    HEIGHT="138.0"></String>
          </TextLine>

          
          
          <TextLine ID="eSc_line_1850758"
                    
                    BASELINE="527 3078 821 3090 1139 3090 1490 3078 1876 3075 2098 3063 2404 3063 2698 3053" 
                    HPOS="523.0"
                    VPOS="2998.0"
                    WIDTH="2172.0"
                    HEIGHT="138.0">
            <Shape><Polygon POINTS="523 3075 573 3071 649 3029 718 3044 756 3006 795 3044 948 3036 1005 3052 1070 3036 1200 3044 1219 3025 1265 3048 1383 3033 1789 3036 1808 3017 2106 3029 2163 3021 2186 2998 2228 3021 2385 3021 2419 3002 2454 3025 2480 3010 2614 3013 2660 3052 2695 3052 2614 3120 2461 3094 2232 3120 2167 3094 2144 3117 2079 3105 1892 3124 1789 3105 1525 3132 1498 3109 1471 3136 1368 3117 1315 3132 1284 3101 1242 3132 1123 3136 1093 3105 1032 3132 607 3136 527 3078"/></Shape>
	    <String CONTENT="בן גמליﭏ אומ&#39; כל שאתה מותר לישא בתו אתה מותר לישא אלמנתו וכל [שאתה]"
                    HPOS="523.0"
                    VPOS="2998.0"
                    WIDTH="2172.0"
                    HEIGHT="138.0"></String>
          </TextLine>

          
          
          <TextLine ID="eSc_line_1850761"
                    
                    BASELINE="523 3182 810 3178 959 3185 1146 3185 1605 3170 1961 3170 2500 3155 2698 3155" 
                    HPOS="519.0"
                    VPOS="3098.0"
                    WIDTH="2176.0"
                    HEIGHT="137.0">
            <Shape><Polygon POINTS="519 3178 561 3170 596 3136 1032 3140 1089 3109 1120 3136 1238 3136 1272 3101 1315 3136 1364 3140 1471 3136 1498 3109 1525 3132 2152 3120 2175 3098 2236 3120 2572 3109 2695 3151 2656 3151 2607 3197 2496 3204 2442 3204 2404 3182 2381 3204 2251 3212 2205 3174 2175 3204 2136 3208 1659 3208 1643 3224 1544 3204 1529 3220 1429 3224 1364 3204 1295 3227 1074 3212 1055 3231 993 3216 695 3235 657 3212 619 3220 577 3178"/></Shape>
	    <String CONTENT="שאי אתה מותר לישא בתו אי אתה מותר לישא אלמנתו לויה שנשבת בתה"
                    HPOS="519.0"
                    VPOS="3098.0"
                    WIDTH="2176.0"
                    HEIGHT="137.0"></String>
          </TextLine>

          
          
          <TextLine ID="eSc_line_1850757"
                    
                    BASELINE="531 3224 615 3254 707 3262 856 3258 1085 3266 1368 3266 1639 3262 1766 3254 1980 3254 2285 3239 2698 3239" 
                    HPOS="527.0"
                    VPOS="3178.0"
                    WIDTH="2168.0"
                    HEIGHT="137.0">
            <Shape><Polygon POINTS="527 3220 577 3235 638 3208 695 3231 1299 3227 1360 3208 1383 3227 1624 3212 1647 3224 1662 3208 2117 3212 2171 3208 2205 3178 2240 3212 2377 3208 2404 3185 2442 3208 2630 3201 2695 3235 2626 3292 2454 3292 2415 3277 2396 3296 2278 3296 2209 3273 2190 3292 2133 3300 1888 3289 1078 3315 1009 3300 714 3311 668 3296 619 3311 531 3224"/></Shape>
	    <String CONTENT="כשירה לכהונה לוים המזוהמין באמן לא חששו להם חכמים לויה שנשבית [וש&#39;]"
                    HPOS="527.0"
                    VPOS="3178.0"
                    WIDTH="2168.0"
                    HEIGHT="137.0"></String>
          </TextLine>

          
          
          <TextLine ID="eSc_line_1850755"
                    
                    BASELINE="523 3342 783 3357 1272 3357 2003 3334 2698 3327" 
                    HPOS="519.0"
                    VPOS="3269.0"
                    WIDTH="2176.0"
                    HEIGHT="142.0">
            <Shape><Polygon POINTS="519 3338 638 3308 1295 3319 1682 3296 2159 3300 2209 3269 2240 3292 2607 3289 2652 3323 2695 3323 2668 3327 2622 3373 2435 3388 2396 3373 2343 3392 1964 3373 1888 3395 1861 3380 1739 3380 1548 3403 1345 3403 1292 3395 1265 3373 1204 3411 1169 3388 875 3411 848 3388 730 3403 642 3380 600 3399 535 3342"/></Shape>
	    <String CONTENT="ושנבעלה בעילת זנות נותנין לה את המעשר בת לוי מן הנתינה ומן הממזרת"
                    HPOS="519.0"
                    VPOS="3269.0"
                    WIDTH="2176.0"
                    HEIGHT="142.0"></String>
          </TextLine>

          
          
          <TextLine ID="eSc_line_1850760"
                    
                    BASELINE="517 3441 668 3438 905 3445 1120 3438 1586 3438 1819 3426 1987 3430 2698 3415" 
                    HPOS="508.0"
                    VPOS="3353.0"
                    WIDTH="2187.0"
                    HEIGHT="138.0">
            <Shape><Polygon POINTS="516 3438 508 3403 741 3376 745 3376 745 3376 909 3395 921 3395 928 3395 1028 3373 1028 3373 1028 3373 1032 3373 1032 3373 1204 3392 1215 3392 1215 3392 1253 3369 1257 3369 1257 3369 1261 3369 1261 3369 1261 3369 1265 3369 1265 3369 1265 3369 1269 3369 1334 3388 1693 3365 1697 3365 2033 3376 2075 3357 2075 3357 2075 3357 2079 3357 2079 3357 2083 3357 2083 3357 2083 3357 2175 3376 2404 3353 2404 3353 2408 3353 2408 3353 2412 3353 2412 3353 2412 3353 2415 3353 2446 3373 2595 3353 2595 3353 2599 3353 2599 3353 2599 3353 2691 3373 2695 3411 2691 3457 2584 3480 2584 3480 2584 3480 516 3491"/></Shape>
	    <String CONTENT="אין נותנין לה את המעשר כהן הדיוט שנשא את אילונית הרי זה מאכילה [בתר&#39;]"
                    HPOS="508.0"
                    VPOS="3353.0"
                    WIDTH="2187.0"
                    HEIGHT="138.0"></String>
          </TextLine>

          
          
          <TextLine ID="eSc_line_1850756"
                    
                    BASELINE="535 3522 772 3537 1146 3537 2698 3503" 
                    HPOS="531.0"
                    VPOS="3453.0"
                    WIDTH="2164.0"
                    HEIGHT="176.0">
            <Shape><Polygon POINTS="531 3518 561 3514 592 3483 1173 3495 1318 3487 1337 3468 1368 3491 1433 3491 1735 3468 1865 3483 1964 3464 2045 3483 2094 3453 2129 3472 2152 3457 2198 3472 2561 3476 2626 3460 2664 3499 2695 3502 2687 3552 2652 3583 2626 3556 2565 3560 2511 3594 2492 3575 2350 3564 2289 3594 2224 3552 2190 3552 2117 3590 2052 3590 2006 3621 1987 3602 1964 3617 1922 3575 1892 3602 1865 3575 1827 3609 1758 3564 1704 3571 1670 3606 1643 3583 1605 3586 1578 3613 1521 3583 1452 3613 1425 3590 1288 3579 1223 3621 1185 3594 1131 3617 1081 3583 1035 3617 997 3590 932 3583 883 3621 841 3579 814 3594 756 3583 733 3609 680 3586 649 3617 603 3629 539 3575"/></Shape>
	    <String CONTENT="בתרומתו כהן גדול לא ישא אנוסתו ומפיתתו אבל נושא הוא את הממאנת כהן"
                    HPOS="531.0"
                    VPOS="3453.0"
                    WIDTH="2164.0"
                    HEIGHT="176.0"></String>
          </TextLine>

          
        </TextBlock>
        

        
      </PrintSpace>
    </Page>
  </Layout>
</alto>
