<?xml version="1.0" encoding="UTF-8"?>
<alto xmlns:xsi="http://www.w3.org/2001/XMLSchema-instance"
      xmlns="http://www.loc.gov/standards/alto/ns-v4#"
      xsi:schemaLocation="http://www.loc.gov/standards/alto/ns-v4# http://www.loc.gov/standards/alto/v4/alto-4-2.xsd">
  <Description>
    <MeasurementUnit>pixel</MeasurementUnit>
    <sourceImageInformation>
      <fileName>Cod.Hebr.20_180v.jpg</fileName>
      
    </sourceImageInformation>
  </Description>
  
  <Tags>
    <OtherTag ID="BT1" LABEL="Title" DESCRIPTION="block type Title"/><OtherTag ID="BT2" LABEL="Main" DESCRIPTION="block type Main"/><OtherTag ID="BT3" LABEL="Commentary" DESCRIPTION="block type Commentary"/><OtherTag ID="BT4" LABEL="Illustration" DESCRIPTION="block type Illustration"/><OtherTag ID="BT747" LABEL="Hole" DESCRIPTION="block type Hole"/><OtherTag ID="BT748" LABEL="Margin" DESCRIPTION="block type Margin"/><OtherTag ID="BT749" LABEL="Paratext" DESCRIPTION="block type Paratext"/>
    <OtherTag ID="LT3" LABEL="Correction" DESCRIPTION="line type Correction"/>
  </Tags>
  
  <Layout>
    <Page WIDTH="3737"
          HEIGHT="4603"
          PHYSICAL_IMG_NR="342"
          ID="eSc_dummypage_">
      <PrintSpace HPOS="0"
                  VPOS="0"
                  WIDTH="3737"
                  HEIGHT="4603">
        
        <TextBlock HPOS="571.0"
                   VPOS="380.0"
                   WIDTH="2210.0"
                   HEIGHT="3232.0"
                   ID="eSc_textblock_db4dbf9f"
                   TAGREFS="BT2">
          <Shape><Polygon POINTS="571 380 2781 380 2781 3612 571 3612"/></Shape>
          
          
          <TextLine ID="eSc_line_1855421"
                    
                    BASELINE="623 466 767 460 1634 467 2789 490" 
                    HPOS="621.0"
                    VPOS="364.0"
                    WIDTH="2164.0"
                    HEIGHT="192.0">
            <Shape><Polygon POINTS="621 464 667 418 744 425 824 387 851 387 886 421 909 402 940 414 970 383 1062 391 1104 418 1151 387 1266 410 1339 364 1427 414 1477 418 1534 372 1584 421 1638 402 1676 429 1730 379 1787 429 1830 398 1860 429 1899 437 1952 433 2002 395 2075 444 2117 425 2144 433 2190 395 2229 429 2271 406 2397 429 2463 383 2539 448 2612 433 2632 452 2712 448 2727 433 2785 487 2743 548 2616 552 2589 533 2467 540 2444 556 2420 533 2348 552 2313 533 2286 548 2236 514 2206 537 2114 552 2029 529 1753 537 1672 514 1649 529 1519 514 1473 537 1446 514 1174 510 1151 487 1104 517 959 517 943 533 863 510 844 529 782 525 736 498 705 525 644 464 625 464"/></Shape>
	    <String CONTENT="ממצרים ומן העומדין בערבות מואב נוטל שני חלקין מיוצאי מצרים ולא מן העומדין"
                    HPOS="621.0"
                    VPOS="364.0"
                    WIDTH="2164.0"
                    HEIGHT="192.0"></String>
          </TextLine>

          
          
          <TextLine ID="eSc_line_1855422"
                    
                    BASELINE="623 558 882 563 1016 556 1454 556 1880 579 2309 590 2789 583" 
                    HPOS="621.0"
                    VPOS="487.0"
                    WIDTH="2164.0"
                    HEIGHT="161.0">
            <Shape><Polygon POINTS="621 556 644 525 809 529 867 510 943 533 963 517 1112 517 1151 487 1177 514 1454 521 1473 540 1519 517 1569 517 1753 540 2029 533 2121 548 2209 544 2240 521 2267 548 2317 533 2332 548 2420 540 2447 560 2467 544 2735 548 2785 579 2739 640 2639 648 2505 640 2478 613 2451 636 2355 632 2328 613 2286 636 2236 632 2213 609 2163 632 2075 625 2002 640 1956 617 1880 629 1726 609 1684 625 1642 606 1622 621 1504 602 1438 552 1385 552 1308 602 667 617 625 590"/></Shape>
	    <String CONTENT="בערבות מואב ולא מיוצאי מצרים נוטל חלק אחד ˙ המתלוננים והמרגלים ועדתו"
                    HPOS="621.0"
                    VPOS="487.0"
                    WIDTH="2164.0"
                    HEIGHT="161.0"></String>
          </TextLine>

          
          
          <TextLine ID="eSc_line_1855431"
                    
                    BASELINE="623 643 767 652 1388 648 2213 678 2708 675 2789 682" 
                    HPOS="621.0"
                    VPOS="598.0"
                    WIDTH="2164.0"
                    HEIGHT="142.0">
            <Shape><Polygon POINTS="621 640 682 609 847 621 1089 602 1431 598 1979 640 2167 636 2209 609 2236 632 2298 632 2321 609 2367 640 2440 644 2478 617 2497 636 2635 652 2739 644 2785 678 2727 724 2666 728 2647 713 2601 740 2559 721 2390 732 2290 713 2198 717 2175 736 2152 713 2117 724 2025 694 2002 717 1891 721 1845 694 1810 713 1715 713 1645 686 1619 701 1465 701 1392 675 1312 694 1139 682 1039 701 947 686 767 705 732 671 679 698 625 644"/></Shape>
	    <String CONTENT="של קרח לא נטלו חלק בארץ אבל הבנים ירשו בזכות אבות אבותיהן ובזכות אמות"
                    HPOS="621.0"
                    VPOS="598.0"
                    WIDTH="2164.0"
                    HEIGHT="142.0"></String>
          </TextLine>

          
          
          <TextLine ID="eSc_line_1855432"
                    
                    BASELINE="623 733 821 744 1085 736 1385 736 1619 747 2681 767 2789 777" 
                    HPOS="621.0"
                    VPOS="675.0"
                    WIDTH="2164.0"
                    HEIGHT="153.0">
            <Shape><Polygon POINTS="621 732 671 701 870 705 951 686 1035 701 1135 686 1319 694 1392 675 1488 705 1692 698 1768 717 1845 694 1887 721 2006 721 2029 698 2114 724 2156 717 2175 736 2221 717 2325 717 2378 724 2409 755 2455 724 2559 724 2601 744 2716 728 2785 774 2731 817 2582 828 2555 809 2513 828 2428 759 2374 809 2321 824 2294 805 2160 809 2137 790 1899 820 1872 797 1699 801 1661 778 1645 794 1484 794 1354 767 1319 782 1235 778 1208 751 1181 774 1089 782 1062 763 1047 778 936 790 763 794 625 736"/></Shape>
	    <String CONTENT="אמותיהן ˙ וכן היה ר&#39; שמעון בן לעזר או&#39; יהושע וכלב נטלו שלשה חלקים בנחלה"
                    HPOS="621.0"
                    VPOS="675.0"
                    WIDTH="2164.0"
                    HEIGHT="153.0"></String>
          </TextLine>

          
          
          <TextLine ID="eSc_line_1855433"
                    
                    BASELINE="623 833 679 828 859 836 1032 828 1350 828 2175 859 2582 859 2789 847" 
                    HPOS="621.0"
                    VPOS="778.0"
                    WIDTH="2164.0"
                    HEIGHT="138.0">
            <Shape><Polygon POINTS="621 832 659 794 1461 778 1599 801 1856 801 1899 820 2724 820 2785 843 2724 912 2689 916 2635 893 2608 916 2359 909 2336 886 2313 909 2240 893 2198 916 2171 897 1749 897 1726 878 1596 889 1523 870 1504 882 1473 851 1434 874 1342 863 1316 889 1277 863 1051 863 1024 878 989 851 963 874 682 889 648 886 625 859"/></Shape>
	    <String CONTENT="שהן מיוצאי מצרים ומן העומדים בערבות מואב ושנטלו חלקן של מרגלים וחלק של מרגלים"
                    HPOS="621.0"
                    VPOS="778.0"
                    WIDTH="2164.0"
                    HEIGHT="138.0"></String>
          </TextLine>

          
          
          <TextLine ID="eSc_line_1855434"
                    
                    BASELINE="623 920 1335 920 2359 951 2789 951" 
                    HPOS="621.0"
                    VPOS="851.0"
                    WIDTH="2164.0"
                    HEIGHT="157.0">
            <Shape><Polygon POINTS="621 916 659 886 717 897 771 882 959 882 989 851 1020 874 1055 859 1089 878 1285 870 1312 893 1342 870 1442 878 1473 851 1504 882 1599 893 1722 874 1749 897 2167 901 2190 920 2232 901 2309 909 2336 886 2363 912 2420 916 2605 920 2635 893 2658 916 2727 916 2785 947 2727 1008 2612 993 2420 1008 2290 985 2209 1008 2179 985 1822 989 1722 970 1530 974 1511 955 1358 970 1285 955 982 958 886 981 771 962 667 978 625 951"/></Shape>
	    <String CONTENT="נטלו יהושע וכלב חלק המלוננים ועדתו של קרח נפל לאמצע והבנים נחלו לעצמן וכשם [ש&#39;]"
                    HPOS="621.0"
                    VPOS="851.0"
                    WIDTH="2164.0"
                    HEIGHT="157.0"></String>
          </TextLine>

          
          
          <TextLine ID="eSc_line_1855435"
                    
                    BASELINE="623 1008 966 1008 1231 1001 1868 1028 2789 1046" 
                    HPOS="621.0"
                    VPOS="958.0"
                    WIDTH="2164.0"
                    HEIGHT="139.0">
            <Shape><Polygon POINTS="621 1004 640 978 755 962 916 978 986 962 1039 974 1392 958 1680 985 1699 974 2175 989 2213 1008 2232 989 2704 1004 2785 1043 2724 1089 2620 1097 2589 1066 2532 1089 2451 1089 2083 1066 1803 1074 1768 1058 1638 1074 1603 1051 1335 1054 1266 1039 1139 1051 1085 1004 1035 1004 993 1043 893 1054 832 1039 778 1058 748 1035 667 1058 625 1028"/></Shape>
	    <String CONTENT="שהבן קודם את הבת בנכסי האב כך קודם הבן את הבת בנכסי האם ˙ ר&#39; ﭏעזר בר&#39; יוסי"
                    HPOS="621.0"
                    VPOS="958.0"
                    WIDTH="2164.0"
                    HEIGHT="139.0"></String>
          </TextLine>

          
          
          <TextLine ID="eSc_line_1855436"
                    
                    BASELINE="623 1089 1177 1089 1392 1097 1588 1093 1895 1108 2071 1108 2286 1120 2789 1127" 
                    HPOS="621.0"
                    VPOS="1035.0"
                    WIDTH="2164.0"
                    HEIGHT="138.0">
            <Shape><Polygon POINTS="621 1085 648 1054 805 1058 828 1039 893 1054 1016 1035 1032 1051 1611 1051 1638 1070 1703 1058 1810 1077 2516 1077 2528 1093 2593 1077 2612 1097 2727 1089 2785 1123 2735 1173 2539 1173 2497 1150 2447 1169 2394 1154 2286 1173 2259 1154 2198 1166 1929 1146 1741 1173 1707 1146 1573 1127 1480 1135 1454 1112 1427 1131 1327 1139 824 1127 698 1146 625 1112"/></Shape>
	    <String CONTENT="או&#39; משם ר&#39; זכריה בן הקצב וכן היה ר&#39; שמעון בן יהודה איש כפר איבום או&#39; משום ר&#39; שמעון"
                    HPOS="621.0"
                    VPOS="1035.0"
                    WIDTH="2164.0"
                    HEIGHT="138.0"></String>
          </TextLine>

          
          
          <TextLine ID="eSc_line_1855437"
                    
                    BASELINE="623 1170 1358 1177 2144 1196 2474 1212 2789 1212" 
                    HPOS="621.0"
                    VPOS="1120.0"
                    WIDTH="2164.0"
                    HEIGHT="145.0">
            <Shape><Polygon POINTS="621 1169 625 1135 782 1146 1085 1127 1296 1143 1465 1120 1484 1139 1645 1139 1726 1181 1856 1150 2098 1150 2194 1169 2225 1154 2286 1169 2720 1173 2785 1208 2731 1254 2536 1265 2501 1246 1876 1242 1845 1235 1795 1185 1711 1189 1672 1227 1584 1223 1553 1192 1519 1223 1438 1215 1423 1231 1308 1215 1212 1231 1066 1208 1035 1223 625 1219"/></Shape>
	    <String CONTENT="אחד הבן ואחד הבת שוין בנכסי האם ˙ האו&#39; יחלקו בני נכסיי והיה שם בכור אם זכו"
                    HPOS="621.0"
                    VPOS="1120.0"
                    WIDTH="2164.0"
                    HEIGHT="145.0"></String>
          </TextLine>

          
          
          <TextLine ID="eSc_line_1855438"
                    
                    BASELINE="623 1257 832 1265 1465 1258 2432 1292 2789 1292" 
                    HPOS="621.0"
                    VPOS="1192.0"
                    WIDTH="2164.0"
                    HEIGHT="158.0">
            <Shape><Polygon POINTS="621 1254 659 1223 943 1227 1055 1208 1269 1242 1354 1219 1542 1227 1561 1208 1592 1227 1695 1235 1741 1192 1784 1235 1830 1242 2505 1250 2532 1269 2559 1254 2724 1258 2785 1288 2735 1346 2244 1331 2225 1350 2202 1327 2160 1323 2037 1334 2014 1308 1995 1327 1853 1334 1764 1315 1342 1308 1296 1258 1220 1258 1174 1304 1116 1308 1097 1288 1074 1311 755 1308 728 1288 679 1319 625 1273"/></Shape>
	    <String CONTENT="בנכסים בחיי האב אין נוטל פי שנים ואם לאו נוטל פי שנים ˙ האומ&#39; תנו מאתים דינר"
                    HPOS="621.0"
                    VPOS="1192.0"
                    WIDTH="2164.0"
                    HEIGHT="158.0"></String>
          </TextLine>

          
          
          <TextLine ID="eSc_line_1855439"
                    
                    BASELINE="623 1337 824 1346 1484 1346 1814 1365 2213 1365 2432 1377 2785 1377" 
                    HPOS="621.0"
                    VPOS="1258.0"
                    WIDTH="2160.0"
                    HEIGHT="180.0">
            <Shape><Polygon POINTS="621 1334 636 1311 682 1323 732 1285 767 1311 1074 1308 1089 1292 1174 1311 1235 1258 1277 1304 1308 1308 1626 1311 1841 1334 2156 1327 2202 1331 2221 1350 2271 1331 2436 1331 2493 1350 2685 1338 2781 1373 2708 1426 2524 1438 2390 1407 2355 1423 2025 1403 1814 1419 1596 1392 1546 1403 1492 1380 1450 1403 1404 1384 1124 1403 1101 1380 1024 1396 947 1373 916 1400 821 1400 759 1396 690 1346 656 1380 625 1369"/></Shape>
	    <String CONTENT="לפלני בני בכור כראוי לו [ו]נוטל ונוטל פי שנים בבכורתו ידו על העליונה רצה נוטלן [^]"
                    HPOS="621.0"
                    VPOS="1258.0"
                    WIDTH="2160.0"
                    HEIGHT="180.0"></String>
          </TextLine>

          
          
          <TextLine ID="eSc_line_1855440"
                    
                    BASELINE="623 1426 851 1438 1465 1442 1653 1449 1979 1446 2539 1465 2789 1454" 
                    HPOS="621.0"
                    VPOS="1350.0"
                    WIDTH="2164.0"
                    HEIGHT="176.0">
            <Shape><Polygon POINTS="621 1423 698 1350 755 1396 817 1400 924 1396 943 1377 1005 1400 1454 1400 1488 1380 1561 1407 1596 1396 1810 1419 2712 1430 2785 1453 2712 1515 2647 1526 2478 1507 2267 1511 2198 1449 2133 1503 2068 1492 1949 1511 1903 1492 1749 1503 1484 1480 1266 1488 1216 1472 1197 1488 970 1488 932 1472 656 1484 625 1457"/></Shape>
	    <String CONTENT="ורצה נוטל פי שנים ˙ האומ&#39; תנו שדה פלנית לפלני&#39; אשתי בראוי לה נוטלתה ונוטלת"
                    HPOS="621.0"
                    VPOS="1350.0"
                    WIDTH="2164.0"
                    HEIGHT="176.0"></String>
          </TextLine>

          
          
          <TextLine ID="eSc_line_1855441"
                    
                    BASELINE="623 1520 717 1526 901 1522 1131 1530 1918 1538 2547 1557 2789 1557" 
                    HPOS="621.0"
                    VPOS="1480.0"
                    WIDTH="2164.0"
                    HEIGHT="134.0">
            <Shape><Polygon POINTS="621 1518 633 1480 851 1499 940 1484 1369 1480 1726 1503 1864 1495 1937 1515 2083 1488 2148 1511 2712 1518 2785 1553 2712 1607 2647 1614 2355 1603 2309 1595 2279 1568 2244 1588 2213 1565 2175 1595 2129 1599 2106 1599 2079 1568 2060 1588 1960 1599 1672 1588 1611 1565 1588 1580 1523 1576 1484 1572 1461 1549 1408 1580 1005 1580 966 1576 913 1526 890 1538 874 1522 851 1522 801 1572 625 1565"/></Shape>
	    <String CONTENT="כתובתה בכתובתה ידה על העליונה רוצה נוטלתה רוצה נוטלת כתובתה ˙ האומר"
                    HPOS="621.0"
                    VPOS="1480.0"
                    WIDTH="2164.0"
                    HEIGHT="134.0"></String>
          </TextLine>

          
          
          <TextLine ID="eSc_line_1855442"
                    
                    BASELINE="623 1614 1404 1614 2543 1645 2789 1645" 
                    HPOS="621.0"
                    VPOS="1545.0"
                    WIDTH="2164.0"
                    HEIGHT="161.0">
            <Shape><Polygon POINTS="621 1611 625 1572 1254 1572 1277 1588 1434 1572 1461 1545 1527 1584 1588 1584 1611 1565 1722 1591 1956 1599 2064 1591 2079 1576 2102 1595 2179 1595 2206 1568 2252 1591 2275 1568 2321 1599 2716 1611 2739 1634 2785 1641 2762 1641 2674 1706 2624 1680 2597 1699 2451 1695 2417 1680 2382 1695 2321 1680 2275 1695 2217 1680 2102 1687 2060 1660 2025 1687 1711 1680 1668 1664 1550 1676 1492 1672 1446 1637 1408 1668 1043 1668 1020 1653 1005 1668 928 1660 893 1683 874 1664 805 1657 663 1664 640 1687 625 1668"/></Shape>
	    <String CONTENT="תנו מאתים דינר לפל&#39; בעל חובי בחובו בראוי לו נוטלו ונוטל עוד מאתים דינר בחובו אין"
                    HPOS="621.0"
                    VPOS="1545.0"
                    WIDTH="2164.0"
                    HEIGHT="161.0"></String>
          </TextLine>

          
          
          <TextLine ID="eSc_line_1855443"
                    
                    BASELINE="623 1699 717 1710 1300 1706 1899 1726 2175 1722 2516 1733 2789 1733" 
                    HPOS="621.0"
                    VPOS="1645.0"
                    WIDTH="2164.0"
                    HEIGHT="138.0">
            <Shape><Polygon POINTS="621 1695 690 1660 874 1668 897 1683 959 1660 1419 1672 1450 1645 1488 1676 2002 1691 2060 1664 2098 1687 2344 1695 2367 1718 2394 1718 2420 1691 2597 1699 2624 1680 2651 1703 2716 1699 2739 1722 2785 1729 2762 1729 2708 1783 2447 1775 2397 1726 2298 1726 2240 1772 2190 1745 2156 1772 2117 1752 2071 1775 1653 1768 1561 1745 1530 1768 1457 1756 1442 1772 1354 1749 1170 1764 1055 1749 936 1764 794 1752 771 1772 752 1752 686 1756 625 1699"/></Shape>
	    <String CONTENT="לו ﭏא חובו ˙ היתה לו שדה עשויה הפותיקי לאשה בכתובתה ולבעל חוב בחובו"
                    HPOS="621.0"
                    VPOS="1645.0"
                    WIDTH="2164.0"
                    HEIGHT="138.0"></String>
          </TextLine>

          
          
          <TextLine ID="eSc_line_1855444"
                    
                    BASELINE="570 1786 1032 1802 1530 1799 1784 1810 2321 1814 2559 1825 2789 1818" 
                    HPOS="567.0"
                    VPOS="1729.0"
                    WIDTH="2218.0"
                    HEIGHT="154.0">
            <Shape><Polygon POINTS="567 1783 610 1752 671 1768 748 1752 771 1764 786 1749 920 1764 1342 1752 1434 1768 1469 1752 1519 1772 1565 1756 1768 1760 1826 1775 2094 1775 2121 1752 2160 1775 2198 1752 2236 1775 2313 1729 2355 1772 2493 1787 2632 1775 2785 1814 2716 1871 2620 1883 2524 1883 2444 1860 2286 1871 2263 1852 2236 1871 2148 1875 2110 1841 2071 1864 1979 1871 1764 1852 1511 1860 1434 1845 1166 1845 1081 1860 947 1845 882 1864 855 1841 805 1860 775 1845 675 1860 594 1845 571 1822"/></Shape>
	    <String CONTENT="ואמ&#39; תנו שדה פלני[ת] לפל&#39; אשתי בכתובתה ולפל בעל חובי בחובו נתקבלו וידן על העליונה"
                    HPOS="567.0"
                    VPOS="1729.0"
                    WIDTH="2218.0"
                    HEIGHT="154.0"></String>
          </TextLine>

          
          
          <TextLine ID="eSc_line_1855451"
                    
                    BASELINE="744 1887 997 1887 1235 1898 1979 1906 2236 1917 2666 1910" 
                    HPOS="740.0"
                    VPOS="1841.0"
                    WIDTH="1922.0"
                    HEIGHT="142.0">
            <Shape><Polygon POINTS="740 1883 744 1856 1085 1864 1135 1848 1918 1875 2071 1868 2106 1841 2137 1871 2236 1875 2263 1852 2286 1875 2459 1868 2662 1906 2616 1910 2543 1967 2359 1967 2317 1937 2298 1952 2271 1940 2229 1983 2167 1952 2121 1963 2094 1948 2071 1967 1741 1944 1692 1956 1661 1925 1634 1948 1561 1956 1335 1937 1212 1956 1185 1940 970 1937 951 1952 851 1940 790 1883 748 1883"/></Shape>
	    <String CONTENT="האומ&#39; תנו חלק לפל&#39; בנכסי יירש עם הבנים בבכורה אין נוטל פי שנים ˙"
                    HPOS="740.0"
                    VPOS="1841.0"
                    WIDTH="1922.0"
                    HEIGHT="142.0"></String>
          </TextLine>

          
          
          <TextLine ID="eSc_line_1855457"
                    
                    BASELINE="570 1989 778 1983 989 1983 1166 1990 2075 2006 2746 2006" 
                    HPOS="567.0"
                    VPOS="1929.0"
                    WIDTH="2176.0"
                    HEIGHT="130.0">
            <Shape><Polygon POINTS="567 1986 613 1979 656 1940 721 1929 951 1952 974 1937 1139 1940 1200 1960 1308 1944 1630 1956 1661 1929 1718 1963 1876 1952 2071 1975 2087 1960 2137 1971 2171 1956 2225 1979 2275 1937 2298 1952 2325 1933 2382 1971 2543 1971 2597 1952 2632 1971 2708 1971 2743 2002 2716 2056 2574 2056 2528 2029 2478 2056 2355 2059 2332 2044 1818 2044 1784 2013 1711 2048 1553 2029 1492 2029 1465 2048 1438 2025 1354 2044 1189 2025 702 2032 636 1986 571 1986"/></Shape>
	    <String CONTENT="האומ&#39; יירשני פל לא אמ&#39; כלום תנו נכסיי לפל&#39; דבריו קיימין כתב ירושה מלמטה ומתנה"
                    HPOS="567.0"
                    VPOS="1929.0"
                    WIDTH="2176.0"
                    HEIGHT="130.0"></String>
          </TextLine>

          
          
          <TextLine ID="eSc_line_1855453"
                    
                    BASELINE="579 2059 1131 2079 1707 2075 2321 2094 2670 2094 2746 2084" 
                    HPOS="575.0"
                    VPOS="2013.0"
                    WIDTH="2168.0"
                    HEIGHT="135.0">
            <Shape><Polygon POINTS="575 2056 613 2056 652 2021 732 2036 1434 2032 1469 2056 1511 2032 1715 2048 1784 2013 1814 2044 1864 2052 2071 2040 2386 2059 2509 2048 2536 2029 2566 2059 2701 2056 2743 2082 2704 2144 2543 2148 2486 2128 2106 2136 2052 2121 1914 2132 1649 2113 1457 2128 1308 2109 1273 2128 1246 2113 890 2121 847 2079 813 2113 740 2117 686 2109 629 2059 579 2059"/></Shape>
	    <String CONTENT="מלמעלה ירושה מלמעלה ומתנה מלמטה ירושה מכן ומכן ומתנה באמצע הואיל"
                    HPOS="575.0"
                    VPOS="2013.0"
                    WIDTH="2168.0"
                    HEIGHT="135.0"></String>
          </TextLine>

          
          
          <TextLine ID="eSc_line_1855454"
                    
                    BASELINE="570 2145 1166 2155 1507 2167 2309 2167 2490 2174 2746 2174" 
                    HPOS="567.0"
                    VPOS="2109.0"
                    WIDTH="2176.0"
                    HEIGHT="119.0">
            <Shape><Polygon POINTS="567 2144 625 2109 817 2109 863 2125 1246 2113 1266 2128 1300 2109 1392 2128 1645 2113 1849 2132 2674 2140 2743 2171 2704 2220 2585 2224 2543 2205 2470 2228 2160 2205 2125 2224 2087 2186 2060 2213 2025 2190 1995 2213 1933 2194 1830 2220 1634 2197 1385 2209 1285 2201 1269 2186 1231 2209 1147 2190 663 2197 636 2171 606 2197 571 2163"/></Shape>
	    <String CONTENT="והזכיר שום מתנה דבריו קיימין ר&#39; יוחנן בן ברוקה אומ&#39; אם אמ&#39; על מי שראוי לו ליורשו דבריו"
                    HPOS="567.0"
                    VPOS="2109.0"
                    WIDTH="2176.0"
                    HEIGHT="119.0"></String>
          </TextLine>

          
          
          <TextLine ID="eSc_line_1855446"
                    
                    BASELINE="570 2225 1281 2247 1684 2243 2451 2263 2746 2256" 
                    HPOS="567.0"
                    VPOS="2190.0"
                    WIDTH="2176.0"
                    HEIGHT="130.0">
            <Shape><Polygon POINTS="567 2224 617 2224 652 2194 1128 2194 1231 2213 1273 2190 1296 2205 1676 2201 1833 2220 1883 2205 1995 2217 2018 2194 2064 2213 2087 2190 2121 2224 2712 2224 2743 2255 2731 2293 2689 2320 2655 2297 2624 2313 2582 2293 2501 2313 2478 2297 2163 2301 2144 2286 1810 2301 1400 2282 1377 2305 1346 2282 782 2286 728 2251 702 2274 644 2282 571 2228"/></Shape>
	    <String CONTENT="קיימין על מי שאינו ראוי לו ליורשו אין דבריו קיימין כיצד אמ&#39; על בת הבן בין הבנים ועל"
                    HPOS="567.0"
                    VPOS="2190.0"
                    WIDTH="2176.0"
                    HEIGHT="130.0"></String>
          </TextLine>

          
          
          <TextLine ID="eSc_line_1855447"
                    
                    BASELINE="570 2298 759 2316 1216 2332 1995 2339 2133 2336 2401 2347 2746 2347" 
                    HPOS="567.0"
                    VPOS="2255.0"
                    WIDTH="2176.0"
                    HEIGHT="176.0">
            <Shape><Polygon POINTS="567 2297 694 2278 728 2255 759 2282 913 2293 943 2278 1200 2293 1350 2282 1377 2301 1404 2282 1492 2305 1527 2286 1956 2301 2014 2289 2125 2305 2417 2297 2524 2316 2585 2301 2712 2313 2743 2343 2731 2385 2674 2424 2635 2389 2520 2397 2482 2431 2436 2385 2405 2401 2336 2385 2305 2401 2279 2382 2244 2397 2171 2382 2106 2428 2064 2382 1998 2412 1968 2382 1914 2397 1876 2374 1419 2389 1369 2366 1216 2378 1177 2412 1131 2366 663 2370 571 2301"/></Shape>
	    <String CONTENT="בן הבת בין הבנות דבריו קיימין על הבת בין הבנים ועל האח בין הבנות לא אמ&#39; כלום ˙"
                    HPOS="567.0"
                    VPOS="2255.0"
                    WIDTH="2176.0"
                    HEIGHT="176.0"></String>
          </TextLine>

          
          
          <TextLine ID="eSc_line_1855452"
                    
                    BASELINE="1484 2405 2094 2447" 
                    HPOS="1480.0"
                    VPOS="2374.0"
                    WIDTH="611.0"
                    HEIGHT="157.0">
            <Shape><Polygon POINTS="1480 2401 1496 2382 1653 2393 1703 2374 1764 2397 1880 2378 1933 2401 1964 2378 2021 2431 2091 2443 1998 2523 1941 2531 1910 2531 1872 2489 1780 2523 1718 2493 1684 2516 1626 2451 1592 2470 1530 2447 1480 2462"/></Shape>
	    <String CONTENT="פרק ח&#39; ˙˙"
                    HPOS="1480.0"
                    VPOS="2374.0"
                    WIDTH="611.0"
                    HEIGHT="157.0"></String>
          </TextLine>

          
          
          <TextLine ID="eSc_line_1855458"
                    
                    BASELINE="570 2486 986 2500 1555 2511 1749 2554 1868 2554 2144 2516 2746 2520" 
                    HPOS="567.0"
                    VPOS="2408.0"
                    WIDTH="2176.0"
                    HEIGHT="173.0">
            <Shape><Polygon POINTS="567 2485 602 2481 675 2408 721 2454 790 2458 882 2458 920 2420 982 2454 1197 2470 1235 2454 1576 2470 1615 2458 1695 2535 1734 2546 1776 2546 1807 2516 1841 2546 1991 2527 2060 2470 2309 2474 2348 2435 2432 2481 2693 2466 2743 2516 2704 2562 2570 2581 2397 2558 2175 2566 2156 2546 2071 2566 2018 2531 1975 2535 1952 2558 1849 2550 1799 2573 1707 2543 1692 2558 1561 2550 1484 2570 1327 2546 1235 2570 1204 2539 1170 2562 993 2543 916 2558 644 2543 590 2489"/></Shape>
	    <String CONTENT="הכותב נכסיו לאחד והיה כהן והיו בהן עבדים א&#39;ע&#39;פ&#39; שאמ&#39; הלה"
                    HPOS="567.0"
                    VPOS="2408.0"
                    WIDTH="2176.0"
                    HEIGHT="173.0"></String>
          </TextLine>

          
          
          <TextLine ID="eSc_line_1855449"
                    
                    BASELINE="594 2570 728 2589 832 2593 1047 2593 1223 2600 1764 2600 2117 2612 2746 2619" 
                    HPOS="590.0"
                    VPOS="2531.0"
                    WIDTH="2153.0"
                    HEIGHT="150.0">
            <Shape><Polygon POINTS="590 2566 610 2546 870 2543 897 2562 1104 2546 1208 2573 1331 2550 1469 2573 1546 2558 1745 2558 1799 2573 1845 2554 1952 2566 2006 2531 2048 2566 2117 2570 2152 2543 2171 2562 2244 2573 2612 2570 2697 2581 2743 2616 2708 2665 2681 2669 2608 2658 2536 2677 2482 2658 2409 2654 2382 2669 2359 2650 2190 2646 2014 2658 1979 2681 1956 2658 1872 2658 1849 2639 1807 2658 1619 2646 1415 2665 1216 2639 682 2639 610 2570"/></Shape>
	    <String CONTENT="אי איפשי בהן הרי אילו אוכלין בתרומה רבן שמעון בן גמליﭏ אומ&#39; כיון שאמ&#39; הלה אי"
                    HPOS="590.0"
                    VPOS="2531.0"
                    WIDTH="2153.0"
                    HEIGHT="150.0"></String>
          </TextLine>

          
          
          <TextLine ID="eSc_line_1855450"
                    
                    BASELINE="583 2662 809 2685 1032 2692 1830 2688 2133 2700 2478 2700 2746 2707" 
                    HPOS="579.0"
                    VPOS="2635.0"
                    WIDTH="2164.0"
                    HEIGHT="130.0">
            <Shape><Polygon POINTS="579 2658 648 2635 1300 2646 1400 2662 1768 2646 1803 2681 1830 2662 1887 2681 1952 2662 1991 2688 2018 2662 2294 2654 2359 2658 2386 2677 2697 2665 2743 2704 2708 2750 2624 2761 2536 2750 2459 2765 2440 2750 2328 2750 2305 2731 2271 2761 2248 2742 2137 2738 2060 2738 2044 2754 1995 2704 1952 2715 1918 2688 1814 2688 1764 2738 1699 2746 1515 2746 1469 2711 1442 2738 1388 2746 1289 2727 1174 2750 1151 2727 686 2734 587 2662"/></Shape>
	    <String CONTENT="איפשי בהן זכו בהן היורשין ˙ הכותב נכסיו לעשרה בין שזכה אחד מהן ובין"
                    HPOS="579.0"
                    VPOS="2635.0"
                    WIDTH="2164.0"
                    HEIGHT="130.0"></String>
          </TextLine>

          
          
          <TextLine ID="eSc_line_1855455"
                    
                    BASELINE="579 2765 778 2761 1576 2784 1818 2780 2056 2792 2746 2784" 
                    HPOS="575.0"
                    VPOS="2696.0"
                    WIDTH="2168.0"
                    HEIGHT="157.0">
            <Shape><Polygon POINTS="575 2761 613 2754 648 2719 682 2734 767 2727 786 2742 1009 2727 1104 2754 1266 2731 1365 2750 1849 2746 1906 2696 1952 2742 1995 2704 2048 2757 2248 2746 2271 2761 2305 2731 2325 2750 2459 2765 2674 2754 2743 2780 2689 2842 2589 2834 2497 2850 2478 2830 2444 2846 2317 2834 2294 2853 2271 2830 2025 2842 1922 2819 1872 2846 1845 2830 1672 2827 1457 2827 1438 2842 1404 2807 1373 2830 1185 2823 1120 2769 1032 2819 897 2819 863 2800 786 2823 717 2815 686 2792 652 2807 606 2761"/></Shape>
	    <String CONTENT="שזכו כולן זכו כולן כתב והעלה להן בערכים זכת להן הערכיים ˙ המוציא עשרה"
                    HPOS="575.0"
                    VPOS="2696.0"
                    WIDTH="2168.0"
                    HEIGHT="157.0"></String>
          </TextLine>

          
          
          <TextLine ID="eSc_line_1855427"
                    
                    BASELINE="583 2834 955 2861 1396 2873 1949 2873 2570 2884 2746 2874" 
                    HPOS="579.0"
                    VPOS="2788.0"
                    WIDTH="2164.0"
                    HEIGHT="150.0">
            <Shape><Polygon POINTS="579 2830 633 2834 682 2792 709 2815 867 2827 955 2811 1120 2823 1154 2788 1193 2827 1350 2830 1400 2807 1434 2842 1507 2827 1864 2846 1914 2823 2021 2846 2275 2834 2298 2853 2313 2838 2447 2846 2478 2830 2493 2846 2697 2842 2743 2873 2693 2930 2666 2938 2593 2915 2562 2934 2374 2926 2351 2899 2225 2938 2194 2919 1987 2926 1926 2911 1818 2926 1726 2915 1707 2930 1680 2911 1454 2922 1411 2884 1388 2903 1365 2884 1331 2919 1147 2919 1074 2896 1055 2915 1001 2915 963 2880 936 2903 874 2915 805 2903 725 2857 679 2899 613 2834 594 2834"/></Shape>
	    <String CONTENT="עבדים בני חורין בין שיצא אחד מהן ובין שיצאו כולן יצאו כולן כתב והעלה להן [ב&#39;]"
                    HPOS="579.0"
                    VPOS="2788.0"
                    WIDTH="2164.0"
                    HEIGHT="150.0"></String>
          </TextLine>

          
          
          <TextLine ID="eSc_line_1855429"
                    
                    BASELINE="570 2926 671 2938 1143 2953 1830 2953 2371 2968 2746 2968" 
                    HPOS="567.0"
                    VPOS="2865.0"
                    WIDTH="2176.0"
                    HEIGHT="157.0">
            <Shape><Polygon POINTS="567 2922 621 2892 686 2899 721 2865 744 2888 786 2880 890 2915 943 2907 966 2884 1016 2919 1062 2915 1081 2896 1162 2922 1358 2922 1381 2899 1404 2919 1431 2896 1461 2926 1688 2915 1715 2934 1730 2919 1822 2926 1845 2911 1903 2945 1964 2953 2052 2922 2313 2930 2351 2899 2378 2926 2708 2930 2743 2965 2720 3018 2643 3022 2401 2999 2382 3018 2348 3007 2294 3022 2263 3003 2048 3011 1956 2953 1887 2953 1810 3003 1741 3007 1377 3007 1362 2991 1250 3007 1074 2988 982 3003 955 2988 786 2991 759 2976 652 2988 575 2926"/></Shape>
	    <String CONTENT="בערכיים זכת להן הערכיים ˙ האומ&#39; תנו נכסיי לפל&#39; ואם מת פל&#39; לפל&#39; ואם פל&#39; לפלני"
                    HPOS="567.0"
                    VPOS="2865.0"
                    WIDTH="2176.0"
                    HEIGHT="157.0"></String>
          </TextLine>

          
          
          <TextLine ID="eSc_line_1855428"
                    
                    BASELINE="570 3012 1070 3026 1362 3041 1880 3041 2746 3052" 
                    HPOS="567.0"
                    VPOS="2980.0"
                    WIDTH="2176.0"
                    HEIGHT="130.0">
            <Shape><Polygon POINTS="567 3011 625 2984 752 2980 782 2995 940 2988 993 3003 1070 2988 1289 3011 1354 2995 1810 3007 1841 2980 1864 2999 1929 2988 1998 3007 2229 3007 2290 3022 2355 3007 2382 3022 2401 3003 2624 3026 2716 3018 2743 3049 2712 3095 2536 3110 2486 3091 2232 3099 2186 3076 2163 3095 1975 3095 1872 3076 1761 3095 1488 3095 1469 3080 1392 3091 1373 3076 1316 3087 1197 3068 947 3087 867 3060 752 3087 732 3072 636 3068 579 3014"/></Shape>
	    <String CONTENT="הראשון אוכל פירות ואם מת ינתנו לשיני מת השיני עד שלא ימות הראשון הראשון אוכל"
                    HPOS="567.0"
                    VPOS="2980.0"
                    WIDTH="2176.0"
                    HEIGHT="130.0"></String>
          </TextLine>

          
          
          <TextLine ID="eSc_line_1855426"
                    
                    BASELINE="570 3102 847 3118 978 3118 1465 3137 1787 3130 2317 3130 2467 3137 2746 3132" 
                    HPOS="567.0"
                    VPOS="3064.0"
                    WIDTH="2176.0"
                    HEIGHT="142.0">
            <Shape><Polygon POINTS="567 3099 602 3064 748 3084 863 3068 947 3084 1051 3076 1174 3084 1193 3099 1220 3076 1388 3095 1872 3084 2018 3099 2167 3095 2183 3080 2225 3103 2704 3099 2743 3130 2731 3172 2701 3195 2651 3179 2574 3195 2551 3172 2486 3195 2428 3179 2317 3191 2279 3164 2248 3183 2117 3164 2068 3191 2041 3176 1914 3183 1880 3145 1853 3172 1711 3179 1692 3199 1619 3168 1527 3176 1480 3206 1450 3179 1411 3206 1385 3179 1319 3172 1151 3179 867 3153 775 3176 748 3153 617 3168 571 3153"/></Shape>
	    <String CONTENT="פירות ואם מת יחזרו ליורשי הנותן הראשון מוכר קרקע ואוכל פירות דברי ר&#39; רבן שמעון"
                    HPOS="567.0"
                    VPOS="3064.0"
                    WIDTH="2176.0"
                    HEIGHT="142.0"></String>
          </TextLine>

          
          
          <TextLine ID="eSc_line_1855425"
                    
                    BASELINE="590 3195 1592 3222 1642 3218 2217 3229 2447 3225 2746 3232" 
                    HPOS="587.0"
                    VPOS="3160.0"
                    WIDTH="2156.0"
                    HEIGHT="131.0">
            <Shape><Polygon POINTS="587 3191 629 3160 755 3160 778 3179 920 3160 1024 3176 1089 3164 1147 3179 1392 3179 1419 3206 1504 3214 1538 3179 1622 3172 1688 3195 1711 3179 1856 3176 2041 3179 2071 3199 2087 3183 2248 3183 2279 3164 2313 3195 2413 3179 2482 3199 2505 3176 2528 3191 2547 3172 2582 3195 2716 3195 2743 3229 2731 3268 2704 3283 2658 3271 2582 3287 2551 3268 2520 3283 2386 3271 2328 3291 2213 3268 2129 3291 2068 3252 2037 3271 1876 3260 1795 3275 1741 3260 1668 3279 1511 3264 1496 3248 1457 3271 1423 3252 1342 3275 1143 3256 1043 3260 1012 3279 993 3260 943 3256 682 3256 656 3233 621 3245 590 3218"/></Shape>
	    <String CONTENT="בן גמליﭏ או&#39; אין לראשון ﭏא אכילת פירות בלבד ˙ שנים שהיו באין ממדינת הים [א&#39;]"
                    HPOS="587.0"
                    VPOS="3160.0"
                    WIDTH="2156.0"
                    HEIGHT="131.0"></String>
          </TextLine>

          
          
          <TextLine ID="eSc_line_1855424"
                    
                    BASELINE="570 3291 1047 3302 1569 3321 1807 3321 2083 3310 2325 3321 2589 3317 2746 3330" 
                    HPOS="567.0"
                    VPOS="3241.0"
                    WIDTH="2176.0"
                    HEIGHT="157.0">
            <Shape><Polygon POINTS="567 3287 656 3241 786 3264 997 3264 1028 3279 1043 3264 1124 3271 1158 3256 1323 3279 1995 3268 2037 3283 2071 3256 2148 3294 2229 3275 2340 3291 2559 3279 2601 3294 2670 3275 2724 3287 2743 3329 2727 3371 2670 3371 2635 3390 2467 3367 2413 3398 2382 3367 2313 3367 2252 3398 2213 3371 2102 3367 2064 3383 2037 3360 1922 3360 1880 3379 1814 3360 1599 3367 1561 3348 1542 3364 1408 3360 1385 3375 1304 3364 1285 3383 1246 3348 1185 3371 1089 3344 955 3360 790 3341 613 3352 571 3310"/></Shape>
	    <String CONTENT="א&#39;ע&#39;פ&#39; שמשאן ומתנן ומאכלן ומשקן כאחת ומת אחד מהן אין חבירו יורשו ואם היה נוהג"
                    HPOS="567.0"
                    VPOS="3241.0"
                    WIDTH="2176.0"
                    HEIGHT="157.0"></String>
          </TextLine>

          
          
          <TextLine ID="eSc_line_1855430"
                    
                    BASELINE="570 3390 725 3390 897 3402 1964 3406 2048 3413 2401 3425 2746 3418" 
                    HPOS="567.0"
                    VPOS="3344.0"
                    WIDTH="2176.0"
                    HEIGHT="131.0">
            <Shape><Polygon POINTS="567 3387 644 3344 682 3364 717 3348 1131 3356 1181 3375 1250 3360 1281 3383 1308 3360 1388 3375 1565 3348 1599 3375 1891 3379 1914 3364 2037 3360 2060 3379 2156 3371 2248 3394 2359 3387 2374 3371 2409 3394 2482 3375 2724 3379 2743 3417 2727 3475 2279 3471 2160 3459 2137 3433 2106 3459 1730 3444 1715 3459 1619 3463 1492 3440 1454 3459 1116 3459 736 3436 698 3398 659 3433 629 3436 571 3387"/></Shape>
	    <String CONTENT="בו משום אחזה חבירו יורשו מי שיצא הוא ובנו למדינת הים ובא עמו אח ואמ&#39; זה אחי [ש&#39;]"
                    HPOS="567.0"
                    VPOS="3344.0"
                    WIDTH="2176.0"
                    HEIGHT="131.0"></String>
          </TextLine>

          
          
          <TextLine ID="eSc_line_1855423"
                    
                    BASELINE="571 3475 1553 3498 2728 3512" 
                    HPOS="567.0"
                    VPOS="3398.0"
                    WIDTH="2160.0"
                    HEIGHT="226.0">
            <Shape><Polygon POINTS="567 3471 602 3471 694 3398 732 3440 790 3448 1684 3463 1738 3440 1753 3456 1979 3448 2110 3463 2137 3440 2156 3459 2286 3471 2670 3467 2716 3475 2727 3509 2716 3574 2685 3571 2643 3605 2620 3586 2597 3609 2528 3555 2482 3563 2428 3613 2382 3567 2351 3582 2317 3563 2252 3586 2183 3559 2098 3559 2075 3578 2021 3551 1987 3582 1949 3548 1872 3551 1787 3617 1726 3559 1672 3563 1596 3621 1523 3551 1504 3571 1434 3563 1385 3609 1331 3567 1262 3567 1197 3624 1135 3559 1108 3574 1074 3555 1024 3594 993 3578 963 3590 905 3551 867 3582 786 3540 740 3544 698 3525 648 3540 571 3479"/></Shape>
	    <String CONTENT="שניתן לי במדינת הים ולו חמשה אחין ולפניהן בית חמשת כורין הן אין נותנין לו כלום"
                    HPOS="567.0"
                    VPOS="3398.0"
                    WIDTH="2160.0"
                    HEIGHT="226.0"></String>
          </TextLine>

          
        </TextBlock>
        

        
      </PrintSpace>
    </Page>
  </Layout>
</alto>
