<?xml version="1.0" encoding="UTF-8"?>
<alto xmlns:xsi="http://www.w3.org/2001/XMLSchema-instance"
      xmlns="http://www.loc.gov/standards/alto/ns-v4#"
      xsi:schemaLocation="http://www.loc.gov/standards/alto/ns-v4# http://www.loc.gov/standards/alto/v4/alto-4-2.xsd">
  <Description>
    <MeasurementUnit>pixel</MeasurementUnit>
    <sourceImageInformation>
      <fileName>Cod.Hebr.20_039r.jpg</fileName>
      
    </sourceImageInformation>
  </Description>
  
  <Tags>
    <OtherTag ID="BT1" LABEL="Title" DESCRIPTION="block type Title"/><OtherTag ID="BT2" LABEL="Main" DESCRIPTION="block type Main"/><OtherTag ID="BT3" LABEL="Commentary" DESCRIPTION="block type Commentary"/><OtherTag ID="BT4" LABEL="Illustration" DESCRIPTION="block type Illustration"/><OtherTag ID="BT747" LABEL="Hole" DESCRIPTION="block type Hole"/><OtherTag ID="BT748" LABEL="Margin" DESCRIPTION="block type Margin"/><OtherTag ID="BT749" LABEL="Paratext" DESCRIPTION="block type Paratext"/>
    <OtherTag ID="LT3" LABEL="Correction" DESCRIPTION="line type Correction"/>
  </Tags>
  
  <Layout>
    <Page WIDTH="3527"
          HEIGHT="4640"
          PHYSICAL_IMG_NR="66"
          ID="eSc_dummypage_">
      <PrintSpace HPOS="0"
                  VPOS="0"
                  WIDTH="3527"
                  HEIGHT="4640">
        
        <TextBlock HPOS="735.0"
                   VPOS="464.0"
                   WIDTH="2162.0"
                   HEIGHT="3304.0"
                   ID="eSc_textblock_8472"
                   TAGREFS="BT2">
          <Shape><Polygon POINTS="735 464 2897 464 2897 3768 735 3768"/></Shape>
          
          
          <TextLine ID="eSc_line_1835098"
                    
                    BASELINE="711 591 850 583 1821 560 2301 552 2823 552" 
                    HPOS="707.0"
                    VPOS="452.0"
                    WIDTH="2112.0"
                    HEIGHT="189.0">
            <Shape><Polygon POINTS="707 587 711 502 788 498 835 545 904 533 935 502 1017 533 1044 510 1109 529 1283 525 1322 487 1361 498 1407 460 1496 506 1539 479 1577 510 1628 502 1674 456 1717 494 1736 471 1767 502 1813 479 1864 479 1894 510 1925 487 1987 510 2053 467 2103 514 2157 463 2227 506 2281 452 2339 467 2386 506 2420 502 2471 463 2517 506 2591 502 2614 479 2641 498 2676 467 2695 487 2772 479 2807 494 2819 549 2745 603 2591 591 2517 618 2486 599 2374 595 2196 614 2169 587 2146 614 2115 607 2096 626 1976 603 1512 618 1392 603 1299 622 1206 607 1164 626 916 626 870 641 850 626 754 638 711 595"/></Shape>
	    <String CONTENT="והראהו גפן שמודלה על מקצת תאנה אמ&#39; לו מה אני להביא זרע תחת המותר אמ&#39;"
                    HPOS="707.0"
                    VPOS="452.0"
                    WIDTH="2112.0"
                    HEIGHT="189.0"></String>
          </TextLine>

          
          
          <TextLine ID="eSc_line_1835099"
                    
                    BASELINE="680 684 1117 676 1720 653 2409 657 2544 649 2683 649 2877 634" 
                    HPOS="676.0"
                    VPOS="580.0"
                    WIDTH="2197.0"
                    HEIGHT="150.0">
            <Shape><Polygon POINTS="676 680 715 634 893 641 1206 610 1330 622 1411 607 1914 607 2099 622 2115 607 2150 618 2169 599 2192 618 2490 603 2521 614 2575 599 2741 603 2772 580 2834 630 2873 630 2796 688 2641 692 2610 672 2478 699 2405 692 2370 665 2347 688 2266 703 2173 688 1786 703 1740 676 1713 703 1616 688 1264 711 1210 699 1067 723 1044 699 986 711 966 696 932 719 719 730 684 696"/></Shape>
	    <String CONTENT="לו מותר שאין אדן מבטל תאנתו מפני גפנו העלהו משם לבית המגונין והראהו משם"
                    HPOS="676.0"
                    VPOS="580.0"
                    WIDTH="2197.0"
                    HEIGHT="150.0"></String>
          </TextLine>

          
          
          <TextLine ID="eSc_line_1835101"
                    
                    BASELINE="750 769 874 757 1392 750 1751 734 2424 730 2877 730" 
                    HPOS="746.0"
                    VPOS="665.0"
                    WIDTH="2127.0"
                    HEIGHT="143.0">
            <Shape><Polygon POINTS="746 765 761 723 932 723 962 699 1001 719 1020 703 1059 719 1477 696 1713 703 1740 680 1802 703 2258 703 2343 692 2370 665 2467 703 2587 680 2780 688 2830 723 2873 726 2803 777 2745 784 2575 765 2413 788 2378 765 2297 792 2154 796 2099 769 2011 784 1879 777 1852 796 1829 777 1740 777 1724 761 1628 796 1566 781 1222 792 1195 773 1160 796 904 808 823 788 769 808 750 788"/></Shape>
	    <String CONTENT="גפן שמודלה על מקצת קורה ובו סדן של שקמה ובו קורות הרבה אמ&#39; לו תחת"
                    HPOS="746.0"
                    VPOS="665.0"
                    WIDTH="2127.0"
                    HEIGHT="143.0"></String>
          </TextLine>

          
          
          <TextLine ID="eSc_line_1835102"
                    
                    BASELINE="727 846 1109 839 1249 842 1748 823 2881 827" 
                    HPOS="723.0"
                    VPOS="773.0"
                    WIDTH="2154.0"
                    HEIGHT="127.0">
            <Shape><Polygon POINTS="723 842 750 804 1133 788 1175 800 1195 781 1384 800 1570 781 1632 792 1670 773 2150 796 2417 792 2467 773 2807 773 2877 823 2846 823 2792 877 2765 854 2544 869 2463 835 2405 873 2289 877 2254 862 2227 881 2142 885 2099 858 2014 877 1922 858 1860 873 1659 866 1624 885 1519 854 1450 897 1403 869 1322 885 1225 877 1183 897 1071 881 1036 854 1001 889 959 897 893 881 854 900 754 900 727 873"/></Shape>
	    <String CONTENT="קורה זו אסור והשאר מותר שאני רואה שכל קורה וקורה באילן אילן בפני עצמו"
                    HPOS="723.0"
                    VPOS="773.0"
                    WIDTH="2154.0"
                    HEIGHT="127.0"></String>
          </TextLine>

          
          
          <TextLine ID="eSc_line_1835103"
                    
                    BASELINE="816 935 924 931 1311 935 1879 916 2738 920 2842 908" 
                    HPOS="812.0"
                    VPOS="842.0"
                    WIDTH="2026.0"
                    HEIGHT="140.0">
            <Shape><Polygon POINTS="812 931 877 893 1195 897 1372 885 1392 869 1454 893 1519 850 1562 877 1620 885 1910 866 1964 881 2227 881 2250 862 2374 877 2424 873 2459 842 2490 873 2761 854 2838 904 2788 958 2757 943 2726 962 2641 958 2594 982 2552 962 2509 970 2478 939 2420 974 2041 958 1744 982 1717 962 1678 978 1628 958 1090 978 1032 955 997 978 897 982 819 931"/></Shape>
	    <String CONTENT="ר&#39; שמעון בן לעזר אומ&#39; אם היה מפציע בין קורה לחבירתה כאילו אילן אחד ˙"
                    HPOS="812.0"
                    VPOS="842.0"
                    WIDTH="2026.0"
                    HEIGHT="140.0"></String>
          </TextLine>

          
          
          <TextLine ID="eSc_line_1835104"
                    
                    BASELINE="757 1024 1202 1024 1365 1016 1709 1013 2328 1016 2629 1005" 
                    HPOS="754.0"
                    VPOS="951.0"
                    WIDTH="1871.0"
                    HEIGHT="131.0">
            <Shape><Polygon POINTS="754 1020 777 982 1024 982 1040 966 1276 982 1616 966 1751 978 1852 962 2401 978 2467 970 2486 951 2506 970 2556 962 2625 1001 2614 1036 2587 1051 2459 1047 2413 1071 2386 1055 2289 1059 2266 1082 2235 1051 2185 1063 2123 1040 2096 1067 2034 1059 2011 1036 1972 1036 1949 1059 1856 1047 1581 1071 1430 1055 1388 1067 1334 1044 1260 1071 850 1063 800 1082 757 1051"/></Shape>
	    <String CONTENT="אילו הן פסקי חריץ חריץ שחרב אמצעו ונשתיירו בו חמש גפנים מיכן"
                    HPOS="754.0"
                    VPOS="951.0"
                    WIDTH="1871.0"
                    HEIGHT="131.0"></String>
          </TextLine>

          
          
          <TextLine ID="eSc_line_1835105"
                    
                    BASELINE="719 1121 1109 1121 1434 1109 1755 1109 2030 1102 2583 1105 2850 1094" 
                    HPOS="715.0"
                    VPOS="1040.0"
                    WIDTH="2131.0"
                    HEIGHT="131.0">
            <Shape><Polygon POINTS="715 1117 765 1071 804 1082 1272 1067 1318 1063 1338 1044 1384 1067 1728 1067 1952 1063 1976 1040 2103 1074 2130 1055 2243 1063 2262 1082 2293 1055 2417 1067 2451 1051 2753 1044 2807 1047 2846 1090 2807 1136 2602 1136 2583 1156 2432 1136 2382 1156 2208 1144 2188 1163 2169 1148 2065 1144 1450 1144 1392 1167 1237 1152 812 1171 746 1117"/></Shape>
	    <String CONTENT="וחמש גפנים מיכן אם אין שם שמנה אמות לא יביא זרע לשם שמונה אמות ועוד"
                    HPOS="715.0"
                    VPOS="1040.0"
                    WIDTH="2131.0"
                    HEIGHT="131.0"></String>
          </TextLine>

          
          
          <TextLine ID="eSc_line_1835106"
                    
                    BASELINE="738 1210 1589 1210 1964 1194 2881 1198" 
                    HPOS="734.0"
                    VPOS="1140.0"
                    WIDTH="2143.0"
                    HEIGHT="128.0">
            <Shape><Polygon POINTS="734 1206 765 1167 1620 1148 2165 1148 2200 1163 2587 1156 2602 1140 2799 1144 2846 1190 2877 1194 2846 1194 2792 1241 2680 1248 2579 1229 2548 1245 2382 1245 2359 1221 2335 1241 2246 1233 2188 1252 2072 1237 1937 1245 1914 1225 1879 1245 1705 1237 1570 1252 1523 1229 1477 1248 1372 1237 1341 1252 1214 1252 1164 1233 1144 1252 1017 1248 982 1268 738 1245"/></Shape>
	    <String CONTENT="נותנין לו עבודתו וזורע את המותר כמה הוא ועוד אחד מששה טפחים באמה"
                    HPOS="734.0"
                    VPOS="1140.0"
                    WIDTH="2143.0"
                    HEIGHT="128.0"></String>
          </TextLine>

          
          
          <TextLine ID="eSc_line_1835107"
                    
                    BASELINE="734 1310 1415 1303 1778 1287 2273 1291 2850 1279" 
                    HPOS="730.0"
                    VPOS="1221.0"
                    WIDTH="2116.0"
                    HEIGHT="136.0">
            <Shape><Polygon POINTS="730 1306 757 1260 990 1272 1017 1256 1164 1248 1577 1256 1701 1241 2169 1252 2331 1245 2355 1221 2378 1245 2683 1248 2772 1233 2807 1237 2846 1276 2823 1310 2741 1334 2498 1314 2467 1337 2328 1334 2308 1318 2177 1334 2150 1314 2130 1334 2041 1349 1960 1322 1836 1341 1690 1322 1597 1345 1554 1310 1519 1341 1353 1334 1253 1357 1160 1334 897 1357 835 1334 804 1353 765 1330 738 1341"/></Shape>
	    <String CONTENT="העושה מחיצה לכרם גבוהה עשרה טפחים ואין רחבה ארבעה לא בטל ששה"
                    HPOS="730.0"
                    VPOS="1221.0"
                    WIDTH="2116.0"
                    HEIGHT="136.0"></String>
          </TextLine>

          
          
          <TextLine ID="eSc_line_1835108"
                    
                    BASELINE="769 1392 997 1399 1253 1388 1902 1380 2215 1384 2668 1372 2846 1357" 
                    HPOS="765.0"
                    VPOS="1310.0"
                    WIDTH="2077.0"
                    HEIGHT="136.0">
            <Shape><Polygon POINTS="765 1392 769 1349 877 1361 982 1345 1125 1353 1156 1337 1241 1361 1345 1337 1485 1345 1550 1310 1597 1345 1682 1330 2041 1345 2130 1337 2146 1322 2181 1337 2312 1326 2459 1341 2490 1326 2799 1318 2842 1353 2807 1411 2633 1422 2509 1407 2448 1438 2420 1419 2316 1411 2069 1438 2041 1415 1883 1430 1732 1407 1717 1422 1612 1434 1253 1422 1160 1446 1125 1430 773 1442"/></Shape>
	    <String CONTENT="טפחים שבגפן זמורה של גפן שהיתה מודלה על גבי תבואה אפי&#39; היא מאה אמה"
                    HPOS="765.0"
                    VPOS="1310.0"
                    WIDTH="2077.0"
                    HEIGHT="136.0"></String>
          </TextLine>

          
          
          <TextLine ID="eSc_line_1835109"
                    
                    BASELINE="777 1480 1098 1488 1430 1473 2157 1477 2641 1465 2865 1450" 
                    HPOS="773.0"
                    VPOS="1407.0"
                    WIDTH="2088.0"
                    HEIGHT="139.0">
            <Shape><Polygon POINTS="773 1477 777 1446 866 1438 1167 1446 1260 1430 2034 1422 2069 1442 2243 1419 2409 1419 2451 1434 2509 1411 2540 1426 2734 1430 2757 1407 2861 1450 2850 1484 2799 1511 2741 1500 2633 1523 2324 1500 2084 1523 2003 1496 1983 1515 1504 1515 1280 1535 1082 1511 1020 1535 885 1527 862 1546 777 1515"/></Shape>
	    <String CONTENT="כל הגפן כולה אסורה היא ופירותיה תבואה שנוטה תחת הגפן מחזיר ואינו מקר ˙"
                    HPOS="773.0"
                    VPOS="1407.0"
                    WIDTH="2088.0"
                    HEIGHT="139.0"></String>
          </TextLine>

          
          
          <TextLine ID="eSc_line_1835110"
                    
                    BASELINE="723 1585 1419 1566 2061 1569 2745 1546" 
                    HPOS="719.0"
                    VPOS="1496.0"
                    WIDTH="2022.0"
                    HEIGHT="143.0">
            <Shape><Polygon POINTS="719 1581 773 1519 866 1550 928 1527 1044 1535 1144 1515 1198 1531 1260 1523 1276 1538 1369 1523 1651 1527 1697 1508 1775 1523 1980 1519 2007 1496 2030 1519 2076 1523 2293 1508 2618 1523 2730 1511 2741 1542 2710 1577 2699 1566 2649 1604 2405 1604 2355 1589 2324 1616 2281 1600 2123 1604 2065 1639 2014 1608 1945 1620 1918 1593 1806 1620 1775 1608 1152 1620 1086 1604 1028 1631 970 1608 943 1627 765 1627 723 1585"/></Shape>
	    <String CONTENT="הגפנים והירקות שנוטין לתוך הגפן [תבואה] אבא שאול אומ&#39; ר&#39; עקיבא אומ&#39;"
                    HPOS="719.0"
                    VPOS="1496.0"
                    WIDTH="2022.0"
                    HEIGHT="143.0"></String>
          </TextLine>

          
          
          <TextLine ID="eSc_line_1835111"
                    
                    BASELINE="769 1670 1697 1662 2161 1647 2877 1639" 
                    HPOS="765.0"
                    VPOS="1593.0"
                    WIDTH="2108.0"
                    HEIGHT="123.0">
            <Shape><Polygon POINTS="765 1666 769 1627 943 1631 962 1612 997 1635 1086 1616 1956 1624 2011 1608 2053 1639 2103 1639 2123 1620 2219 1608 2328 1616 2351 1593 2560 1612 2741 1596 2873 1635 2784 1689 2672 1678 2610 1701 2587 1685 2513 1697 2494 1682 2324 1682 2223 1701 2142 1654 2072 1647 2030 1689 1922 1701 1705 1689 1686 1705 1620 1705 1604 1689 1585 1709 1504 1697 1485 1678 1461 1701 1438 1682 1411 1701 1256 1716 1125 1701 997 1716 854 1697 769 1709"/></Shape>
	    <String CONTENT="יחזיר בן עזיי אומ&#39; יספר ˙ היו שרשין יוצאין בתוך ארבע אמות הכל מודים"
                    HPOS="765.0"
                    VPOS="1593.0"
                    WIDTH="2108.0"
                    HEIGHT="123.0"></String>
          </TextLine>

          
          
          <TextLine ID="eSc_line_1835112"
                    
                    BASELINE="738 1751 1655 1751 2235 1736 2513 1740 2877 1724" 
                    HPOS="734.0"
                    VPOS="1682.0"
                    WIDTH="2139.0"
                    HEIGHT="123.0">
            <Shape><Polygon POINTS="734 1747 765 1712 835 1705 1488 1712 1504 1697 1593 1709 1608 1693 1790 1709 2478 1685 2614 1701 2672 1682 2803 1682 2838 1716 2873 1720 2803 1774 2448 1770 2359 1778 2343 1794 2324 1778 2250 1782 2219 1797 2185 1778 1894 1778 1767 1782 1751 1797 1457 1782 1326 1801 1164 1790 1032 1805 990 1778 966 1801 835 1805 796 1782 765 1794 738 1767"/></Shape>
	    <String CONTENT="שרשי פיאה יוצאין בתוך ארבע אמות שבכרם אפי&#39; למטה משלשה טפחים מותר ˙"
                    HPOS="734.0"
                    VPOS="1682.0"
                    WIDTH="2139.0"
                    HEIGHT="123.0"></String>
          </TextLine>

          
          
          <TextLine ID="eSc_line_1835113"
                    
                    BASELINE="723 1840 1245 1848 1759 1828 1964 1832 2703 1817" 
                    HPOS="719.0"
                    VPOS="1770.0"
                    WIDTH="1980.0"
                    HEIGHT="136.0">
            <Shape><Polygon POINTS="719 1836 746 1801 962 1805 990 1774 1017 1801 1187 1805 1442 1797 1457 1782 1481 1797 1887 1782 2223 1797 2320 1778 2343 1797 2362 1778 2660 1770 2687 1782 2699 1813 2672 1863 2533 1859 2502 1886 2459 1848 2432 1871 2111 1867 2076 1890 2049 1871 1891 1883 1852 1867 1790 1883 1771 1867 1728 1886 1581 1890 1527 1867 1504 1883 1419 1875 1372 1890 1334 1867 1303 1886 1152 1894 1044 1875 1017 1890 788 1890 757 1906 727 1875"/></Shape>
	    <String CONTENT="המבריך את הגפן בארץ אם אין על גביו עפר ﭏא כל שהו מותר לזרוע מיכן"
                    HPOS="719.0"
                    VPOS="1770.0"
                    WIDTH="1980.0"
                    HEIGHT="136.0"></String>
          </TextLine>

          
          
          <TextLine ID="eSc_line_1835114"
                    
                    BASELINE="757 1929 858 1941 1028 1941 1806 1921 2254 1925 2877 1910" 
                    HPOS="754.0"
                    VPOS="1852.0"
                    WIDTH="2119.0"
                    HEIGHT="139.0">
            <Shape><Polygon POINTS="754 1925 757 1906 792 1890 1326 1894 1403 1890 1419 1871 1446 1886 1535 1871 1577 1894 1732 1886 1751 1871 1887 1890 1941 1871 1987 1886 2165 1875 2219 1890 2432 1875 2455 1852 2490 1886 2521 1867 2807 1863 2850 1906 2873 1906 2819 1948 2730 1952 2714 1968 2668 1941 2622 1964 2552 1948 2285 1975 2045 1975 2018 1960 1844 1975 1763 1971 1744 1952 1670 1971 1616 1952 1593 1975 1527 1964 1171 1991 1109 1975 1028 1987 1009 1971 761 1991"/></Shape>
	    <String CONTENT="ומיכן ואסור לזרוע על גביו דברי ר&#39; מאיר ר&#39; יוסה או&#39; שלש אצבעות רבן שמעון בן"
                    HPOS="754.0"
                    VPOS="1852.0"
                    WIDTH="2119.0"
                    HEIGHT="139.0"></String>
          </TextLine>

          
          
          <TextLine ID="eSc_line_1835120"
                    
                    BASELINE="692 2026 1222 2033 1856 2014 2281 2018 2703 2006 2857 1991" 
                    HPOS="688.0"
                    VPOS="1941.0"
                    WIDTH="2166.0"
                    HEIGHT="135.0">
            <Shape><Polygon POINTS="688 2022 719 1983 769 1995 1106 1975 1264 1991 1589 1975 1616 1948 1713 1975 2103 1975 2177 1960 2343 1975 2544 1952 2633 1964 2668 1941 2699 1971 2811 1956 2854 1987 2823 2049 2772 2053 2718 2037 2695 2053 2289 2045 2092 2068 2034 2049 1879 2068 1628 2057 1326 2076 1256 2053 1237 2072 1156 2076 1009 2060 765 2076 727 2072 696 2041"/></Shape>
	    <String CONTENT="גמליﭏ אומ&#39; בית שמיי אומ&#39; עשר אמות ובית הלל או&#39; ששה טפחים תבואה שהשרישה"
                    HPOS="688.0"
                    VPOS="1941.0"
                    WIDTH="2166.0"
                    HEIGHT="135.0"></String>
          </TextLine>

          
          
          <TextLine ID="eSc_line_1835121"
                    
                    BASELINE="757 2122 1121 2118 1454 2107 2243 2111 2854 2091" 
                    HPOS="754.0"
                    VPOS="2049.0"
                    WIDTH="2096.0"
                    HEIGHT="131.0">
            <Shape><Polygon POINTS="754 2118 812 2068 1229 2072 1253 2049 1299 2080 1531 2060 2819 2053 2850 2088 2792 2146 2718 2115 2691 2138 2625 2146 2134 2142 2080 2161 1914 2146 1887 2161 1817 2142 1624 2157 1581 2134 1546 2153 1423 2157 1388 2142 1326 2165 1295 2142 1272 2161 1195 2142 1175 2161 1117 2157 1094 2138 1051 2165 959 2161 939 2180 897 2146 870 2165 827 2146 812 2157 773 2118"/></Shape>
	    <String CONTENT="הרי זו אסורה ומקדשת ומתקדשת גפנים שהשרישו הרי אילו אסורין ומקדשין"
                    HPOS="754.0"
                    VPOS="2049.0"
                    WIDTH="2096.0"
                    HEIGHT="131.0"></String>
          </TextLine>

          
          
          <TextLine ID="eSc_line_1835122"
                    
                    BASELINE="734 2207 1133 2200 1755 2204 2312 2184 2865 2184" 
                    HPOS="730.0"
                    VPOS="2115.0"
                    WIDTH="2131.0"
                    HEIGHT="185.0">
            <Shape><Polygon POINTS="730 2204 788 2142 812 2161 827 2146 850 2169 893 2146 943 2180 959 2165 1055 2169 1078 2146 1102 2165 1187 2165 1202 2149 1272 2161 1295 2138 1326 2165 1562 2149 1821 2149 1887 2165 1902 2149 2668 2146 2718 2115 2741 2134 2819 2138 2861 2180 2823 2231 2645 2242 2552 2231 2494 2246 2459 2219 2405 2231 2374 2204 2351 2231 2293 2246 2254 2215 2215 2242 2169 2215 2138 2246 2041 2227 1929 2246 1898 2234 1786 2262 1728 2238 1686 2258 1608 2242 1581 2258 1558 2238 1477 2258 1427 2231 1403 2254 1357 2254 1338 2234 1167 2262 1133 2246 1078 2258 1044 2292 997 2262 959 2300 912 2254 765 2265 738 2242"/></Shape>
	    <String CONTENT="אבל אין מתקדשין עד שייעשו כפול הלבן מקצתן עשו כפול הלבן ומקצתן לא [ע&#39;]"
                    HPOS="730.0"
                    VPOS="2115.0"
                    WIDTH="2131.0"
                    HEIGHT="185.0"></String>
          </TextLine>

          
          
          <TextLine ID="eSc_line_1835126"
                    
                    BASELINE="1075 2300 1767 2296 2482 2277 2892 2277" 
                    HPOS="1071.0"
                    VPOS="2211.0"
                    WIDTH="1817.0"
                    HEIGHT="151.0">
            <Shape><Polygon POINTS="1071 2296 1075 2254 1113 2250 1311 2254 1334 2234 1369 2254 1423 2231 1477 2258 1577 2262 1597 2246 1682 2258 1717 2242 1771 2262 1894 2242 2119 2250 2169 2211 2200 2238 2254 2215 2293 2246 2335 2238 2374 2254 2432 2234 2645 2246 2815 2231 2854 2269 2888 2273 2784 2331 2699 2316 2618 2335 2594 2316 2301 2339 2258 2316 2157 2331 2138 2354 2111 2331 1980 2320 1952 2343 1910 2327 1879 2343 1740 2331 1608 2350 1473 2347 1407 2316 1384 2339 1299 2362 1276 2343 1175 2347 1140 2320 1106 2347 1078 2320"/></Shape>
	    <String CONTENT="עשו עד שעשו כפול הלבן אסורין ואת שלא עשו כפול הלבן מותרין ˙"
                    HPOS="1071.0"
                    VPOS="2211.0"
                    WIDTH="1817.0"
                    HEIGHT="151.0"></String>
          </TextLine>

          
          
          <TextLine ID="eSc_line_1835127"
                    
                    BASELINE="765 2393 2011 2389 2200 2378 2587 2370 2730 2370 2881 2378" 
                    HPOS="761.0"
                    VPOS="2316.0"
                    WIDTH="2116.0"
                    HEIGHT="139.0">
            <Shape><Polygon POINTS="761 2389 769 2350 846 2335 881 2350 1121 2350 1140 2335 1171 2350 1280 2347 1303 2366 1322 2347 1380 2347 1411 2316 1438 2343 1485 2350 2099 2335 2134 2358 2157 2335 2212 2331 2830 2327 2877 2378 2823 2416 2710 2428 2637 2408 2509 2428 2486 2405 2459 2432 2432 2420 2390 2439 2351 2424 2235 2432 2208 2416 2177 2432 1941 2416 1918 2439 1883 2424 1678 2420 1662 2436 1593 2436 1539 2420 1349 2455 1311 2436 1206 2439 1183 2455 1148 2428 1024 2443 993 2424 912 2443 885 2416 819 2447 769 2397"/></Shape>
	    <String CONTENT="המעביר עציץ נקוב בכרם אם הוסיף מאתים אסור אבל אין מתקדש עד שיניחנו"
                    HPOS="761.0"
                    VPOS="2316.0"
                    WIDTH="2116.0"
                    HEIGHT="139.0"></String>
          </TextLine>

          
          
          <TextLine ID="eSc_line_1835128"
                    
                    BASELINE="777 2494 1179 2490 1543 2478 2285 2482 2625 2466 2908 2459" 
                    HPOS="773.0"
                    VPOS="2412.0"
                    WIDTH="2131.0"
                    HEIGHT="178.0">
            <Shape><Polygon POINTS="773 2494 781 2451 843 2447 874 2416 904 2443 966 2447 990 2428 1017 2447 1276 2436 1341 2459 1361 2443 1527 2432 1628 2443 1674 2424 1701 2439 1925 2443 1945 2424 2177 2432 2204 2412 2227 2428 2370 2443 2440 2428 2467 2443 2486 2420 2830 2416 2865 2451 2904 2455 2811 2513 2652 2521 2602 2571 2536 2509 2393 2521 2331 2567 2277 2521 2173 2521 2123 2571 2057 2555 2034 2579 1983 2528 1949 2536 1891 2590 1840 2544 1806 2571 1751 2536 1682 2528 1554 2532 1492 2586 1411 2536 1264 2528 1233 2555 1144 2521 1117 2540 1078 2524 1001 2563 974 2544 897 2540 870 2567 812 2517 777 2513"/></Shape>
	    <String CONTENT="תחת הגפן ר&#39; שמעון אומ&#39; אין בין עציץ נקוב לשאינו נקוב ﭏא הכשר זרעים בלבד ˙˙"
                    HPOS="773.0"
                    VPOS="2412.0"
                    WIDTH="2131.0"
                    HEIGHT="178.0"></String>
          </TextLine>

          
          
          <TextLine ID="eSc_line_1835131"
                    
                    BASELINE="1763 2652 1848 2648 2343 2664" 
                    HPOS="1759.0"
                    VPOS="2532.0"
                    WIDTH="580.0"
                    HEIGHT="248.0">
            <Shape><Polygon POINTS="1759 2648 1763 2610 1864 2617 1976 2532 2041 2598 2270 2602 2339 2660 2328 2706 2266 2760 2208 2753 2157 2702 2076 2780 1976 2718 1937 2749 1840 2652 1809 2683 1763 2671"/></Shape>
	    <String CONTENT="פרק ח&#39; ˙˙"
                    HPOS="1759.0"
                    VPOS="2532.0"
                    WIDTH="580.0"
                    HEIGHT="248.0"></String>
          </TextLine>

          
          
          <TextLine ID="eSc_line_1835129"
                    
                    BASELINE="785 2749 1171 2756 1782 2739 1991 2789 2200 2792 2388 2737 2695 2726 2904 2733" 
                    HPOS="781.0"
                    VPOS="2640.0"
                    WIDTH="2119.0"
                    HEIGHT="171.0">
            <Shape><Polygon POINTS="781 2745 785 2706 816 2683 866 2710 928 2648 1017 2710 1171 2695 1442 2706 1512 2648 1570 2702 1651 2698 1666 2683 1690 2702 1775 2702 1817 2745 1987 2784 2150 2787 2192 2753 2239 2776 2297 2753 2370 2675 2517 2695 2695 2687 2761 2640 2900 2729 2827 2776 2703 2764 2668 2784 2428 2787 2351 2745 2204 2791 2065 2795 1806 2749 1748 2799 1535 2799 1504 2772 1477 2799 1430 2803 1322 2768 1249 2811 1214 2784 1075 2807 1024 2780 970 2807 823 2795 788 2768"/></Shape>
	    <String CONTENT="כלאי הכרם מותרי&#39; משום גזל ופטורין מן המעשר כלאי [זר&#39;]"
                    HPOS="781.0"
                    VPOS="2640.0"
                    WIDTH="2119.0"
                    HEIGHT="171.0"></String>
          </TextLine>

          
          
          <TextLine ID="eSc_line_1835130"
                    
                    BASELINE="812 2853 1651 2849 1968 2834 2192 2838 2405 2826 2680 2826 2904 2811" 
                    HPOS="808.0"
                    VPOS="2772.0"
                    WIDTH="2092.0"
                    HEIGHT="139.0">
            <Shape><Polygon POINTS="808 2849 816 2803 1175 2795 1249 2814 1307 2807 1334 2780 1365 2803 1485 2803 1508 2780 1531 2799 1635 2803 2714 2772 2834 2776 2869 2807 2900 2807 2834 2857 2730 2876 2204 2869 2154 2884 2119 2865 2057 2896 2011 2876 1887 2900 1833 2872 1705 2892 1515 2888 1477 2861 1450 2888 1372 2911 1334 2884 1256 2896 1164 2880 1036 2900 1017 2880 959 2907 816 2892"/></Shape>
	    <String CONTENT="זרעים אסורין משום גזל וחייבין במעשרות סוס שילדה מן החמור מותר עם אמו"
                    HPOS="808.0"
                    VPOS="2772.0"
                    WIDTH="2092.0"
                    HEIGHT="139.0"></String>
          </TextLine>

          
          
          <TextLine ID="eSc_line_1835119"
                    
                    BASELINE="816 2946 1233 2946 1941 2927 2196 2930 2888 2907" 
                    HPOS="812.0"
                    VPOS="2861.0"
                    WIDTH="2073.0"
                    HEIGHT="135.0">
            <Shape><Polygon POINTS="812 2942 831 2900 1210 2888 1376 2907 1446 2896 1477 2861 1512 2892 1744 2892 1782 2927 1906 2923 1941 2888 1983 2880 2053 2900 2196 2872 2730 2880 2811 2865 2885 2903 2834 2954 2776 2965 2672 2950 2401 2969 2351 2954 2246 2973 2192 2950 2119 2981 2003 2969 1933 2927 1798 2927 1751 2977 1717 2981 1608 2969 1369 2992 1330 2973 1078 2988 1048 2969 966 2996 850 2985 819 2958"/></Shape>
	    <String CONTENT="ואם היה אביו חמור אסור עם אמו ˙ חמור שילדה מן הסוס מותר עם אמו"
                    HPOS="812.0"
                    VPOS="2861.0"
                    WIDTH="2073.0"
                    HEIGHT="135.0"></String>
          </TextLine>

          
          
          <TextLine ID="eSc_line_1835124"
                    
                    BASELINE="781 3027 1411 3027 1593 3019 1968 3023 2494 3004 2877 3008" 
                    HPOS="777.0"
                    VPOS="2927.0"
                    WIDTH="2096.0"
                    HEIGHT="154.0">
            <Shape><Polygon POINTS="777 3023 800 2977 959 2992 1709 2981 1755 2973 1798 2930 1864 2969 1906 2927 2011 2977 2714 2954 2834 2961 2873 3004 2846 3050 2819 3054 2687 3043 2328 3058 2270 3035 2219 3062 2161 3043 2142 3062 2041 3050 1891 3074 1798 3054 1608 3074 1574 3054 1535 3077 1202 3062 974 3081 831 3070 785 3031"/></Shape>
	    <String CONTENT="אם היה אביו סוס אסור עם אמו רחל שילדה מותר עם אמו אם היה אביו עז אסור"
                    HPOS="777.0"
                    VPOS="2927.0"
                    WIDTH="2096.0"
                    HEIGHT="154.0"></String>
          </TextLine>

          
          
          <TextLine ID="eSc_line_1835117"
                    
                    BASELINE="796 3116 1036 3124 1140 3116 1450 3112 1949 3116 2529 3097 2904 3097" 
                    HPOS="792.0"
                    VPOS="3046.0"
                    WIDTH="2108.0"
                    HEIGHT="136.0">
            <Shape><Polygon POINTS="792 3112 796 3062 990 3085 1326 3062 1442 3077 1879 3074 2007 3054 2138 3070 2161 3046 2181 3066 2301 3050 2788 3050 2842 3058 2900 3093 2827 3151 2699 3135 2676 3147 2637 3128 2583 3155 2409 3135 2297 3159 2212 3128 2188 3151 2154 3139 2119 3155 2080 3132 2038 3155 2007 3132 1941 3162 1585 3155 1504 3170 1450 3147 1334 3166 1241 3162 1179 3139 1125 3174 1059 3151 1040 3170 955 3155 862 3178 823 3159 796 3182"/></Shape>
	    <String CONTENT="עם אמו עז שילדה מן רחל מותר עם אמו אם היה אביו רחל אסור עם אמו ואין [ק&#39;]"
                    HPOS="792.0"
                    VPOS="3046.0"
                    WIDTH="2108.0"
                    HEIGHT="136.0"></String>
          </TextLine>

          
          
          <TextLine ID="eSc_line_1835125"
                    
                    BASELINE="796 3213 1028 3220 1183 3213 1628 3213 2506 3190 2904 3190" 
                    HPOS="792.0"
                    VPOS="3132.0"
                    WIDTH="2108.0"
                    HEIGHT="139.0">
            <Shape><Polygon POINTS="792 3209 816 3170 1040 3170 1071 3147 1098 3170 1133 3170 1156 3147 1179 3162 1322 3170 1922 3166 2045 3155 2080 3132 2111 3155 2196 3159 2227 3143 2293 3159 2842 3147 2900 3190 2892 3224 2873 3209 2834 3248 2718 3228 2699 3244 2420 3248 2378 3224 2351 3244 2227 3232 2208 3255 2177 3236 2111 3255 2049 3236 1925 3248 1906 3232 1829 3255 1794 3224 1763 3255 1662 3244 1601 3271 1504 3259 1469 3236 1442 3259 1357 3263 1191 3248 1028 3267 982 3244 881 3263 800 3255"/></Shape>
	    <String CONTENT="קרב לגבי מזבח כוי מטילין עליו שני חומרים אין קושרין את הסוס לא לצידי הקרון"
                    HPOS="792.0"
                    VPOS="3132.0"
                    WIDTH="2108.0"
                    HEIGHT="139.0"></String>
          </TextLine>

          
          
          <TextLine ID="eSc_line_1835118"
                    
                    BASELINE="777 3306 885 3298 1867 3302 2579 3282 2892 3282" 
                    HPOS="773.0"
                    VPOS="3228.0"
                    WIDTH="2115.0"
                    HEIGHT="132.0">
            <Shape><Polygon POINTS="773 3306 777 3278 823 3251 874 3267 1311 3251 1446 3263 1465 3244 1601 3271 1693 3248 1763 3259 1794 3228 1821 3255 1906 3232 1922 3248 2173 3244 2200 3259 2223 3244 2359 3240 2699 3248 2718 3232 2780 3251 2850 3244 2888 3278 2861 3333 2618 3329 2594 3309 2506 3340 2482 3325 2088 3340 2057 3321 2018 3360 1995 3336 1852 3348 1806 3313 1767 3348 1693 3336 1593 3352 1546 3333 1465 3348 1415 3336 1048 3356 924 3336 816 3344 781 3309"/></Shape>
	    <String CONTENT="ולא לאחר הקרון ולא את הלפדקים לגמלים ר&#39; מאיר מתיר אם היו מסיעין בירידה"
                    HPOS="773.0"
                    VPOS="3228.0"
                    WIDTH="2115.0"
                    HEIGHT="132.0"></String>
          </TextLine>

          
          
          <TextLine ID="eSc_line_1835115"
                    
                    BASELINE="792 3383 947 3394 1419 3394 2007 3375 2769 3379 2888 3367" 
                    HPOS="788.0"
                    VPOS="3317.0"
                    WIDTH="2097.0"
                    HEIGHT="132.0">
            <Shape><Polygon POINTS="788 3379 808 3344 1821 3340 1875 3375 1956 3367 1991 3336 2014 3360 2041 3333 2498 3344 2521 3329 2699 3333 2714 3317 2842 3333 2885 3364 2854 3418 2811 3429 2618 3410 2428 3421 2405 3406 2382 3425 2096 3425 1891 3375 1836 3429 1736 3429 1717 3449 1693 3425 1647 3437 1593 3418 1558 3437 1376 3437 1326 3421 1256 3437 1179 3418 1071 3437 993 3410 966 3429 877 3433 792 3394"/></Shape>
	    <String CONTENT="ובעלייה הכל מודים שהוא אסור ˙ לא יקשור סוס לפרד ופרד לחמור וחמור"
                    HPOS="788.0"
                    VPOS="3317.0"
                    WIDTH="2097.0"
                    HEIGHT="132.0"></String>
          </TextLine>

          
          
          <TextLine ID="eSc_line_1835123"
                    
                    BASELINE="827 3464 1067 3476 1570 3480 1860 3468 2212 3472 2575 3460 2908 3460" 
                    HPOS="823.0"
                    VPOS="3414.0"
                    WIDTH="2081.0"
                    HEIGHT="108.0">
            <Shape><Polygon POINTS="823 3460 846 3418 908 3456 962 3429 1225 3421 1372 3437 1690 3421 1717 3445 1744 3425 1922 3418 2606 3414 2842 3414 2904 3456 2854 3503 2776 3514 2683 3499 2331 3518 2304 3503 2057 3503 1902 3518 1709 3514 1682 3499 1608 3522 1094 3522 1071 3499 1009 3514 970 3495 943 3518 912 3487 870 3507 827 3483"/></Shape>
	    <String CONTENT="לערוד מפני שמנהגין זה את זה אם עשה כן ר&#39; מאיר מחייב וחכמים פוטרין ר&#39;"
                    HPOS="823.0"
                    VPOS="3414.0"
                    WIDTH="2081.0"
                    HEIGHT="108.0"></String>
          </TextLine>

          
          
          <TextLine ID="eSc_line_1835116"
                    
                    BASELINE="816 3553 974 3565 2007 3565 2757 3545 2904 3549" 
                    HPOS="812.0"
                    VPOS="3503.0"
                    WIDTH="2088.0"
                    HEIGHT="112.0">
            <Shape><Polygon POINTS="812 3549 819 3510 924 3507 951 3522 970 3503 1071 3534 1160 3514 1616 3526 2123 3507 2308 3510 2331 3526 2413 3507 2830 3507 2900 3545 2838 3595 2761 3592 2730 3607 2591 3592 2289 3607 2243 3584 2192 3603 2138 3588 1929 3599 1898 3568 1852 3607 1771 3607 1732 3584 1705 3599 1682 3580 1659 3603 1581 3615 1318 3611 1291 3588 1264 3611 982 3607 935 3592 912 3603 874 3584 843 3603 816 3595"/></Shape>
	    <String CONTENT="יהודה אומ&#39; בני סוסה ובני חמורה כאחד אוסרין זה את זה וחכמים או&#39; כל הפרדות"
                    HPOS="812.0"
                    VPOS="3503.0"
                    WIDTH="2088.0"
                    HEIGHT="112.0"></String>
          </TextLine>

          
          
          <TextLine ID="eSc_line_1835097"
                    
                    BASELINE="777 3654 2080 3657 2923 3650" 
                    HPOS="773.0"
                    VPOS="3584.0"
                    WIDTH="2146.0"
                    HEIGHT="201.0">
            <Shape><Polygon POINTS="773 3653 823 3603 877 3634 928 3603 1585 3619 1655 3611 1682 3584 1709 3611 1728 3592 1767 3611 1891 3611 1910 3592 1929 3607 2127 3592 2850 3595 2919 3646 2912 3704 2873 3681 2765 3750 2703 3696 2649 3739 2564 3739 2529 3704 2486 3696 2424 3708 2401 3692 2351 3711 2266 3696 2185 3746 2084 3735 2045 3700 2003 3711 1987 3696 1949 3696 1902 3742 1666 3715 1635 3746 1604 3723 1523 3735 1477 3700 1380 3785 1237 3704 1187 3727 1129 3688 1075 3719 1036 3696 959 3727 874 3708 839 3731 781 3681"/></Shape>
	    <String CONTENT="מין אחד הן איסי הבבלי אומ&#39; אסור לרכוב על גבי פרדה מקל וחומר ומה אם [ב&#39;]"
                    HPOS="773.0"
                    VPOS="3584.0"
                    WIDTH="2146.0"
                    HEIGHT="201.0"></String>
          </TextLine>

          
        </TextBlock>
        

        
      </PrintSpace>
    </Page>
  </Layout>
</alto>
