<?xml version="1.0" encoding="UTF-8"?>
<alto xmlns:xsi="http://www.w3.org/2001/XMLSchema-instance"
      xmlns="http://www.loc.gov/standards/alto/ns-v4#"
      xsi:schemaLocation="http://www.loc.gov/standards/alto/ns-v4# http://www.loc.gov/standards/alto/v4/alto-4-2.xsd">
  <Description>
    <MeasurementUnit>pixel</MeasurementUnit>
    <sourceImageInformation>
      <fileName>Cod.Hebr.20_071r.jpg</fileName>
      
    </sourceImageInformation>
  </Description>
  
  <Tags>
    <OtherTag ID="BT1" LABEL="Title" DESCRIPTION="block type Title"/><OtherTag ID="BT2" LABEL="Main" DESCRIPTION="block type Main"/><OtherTag ID="BT3" LABEL="Commentary" DESCRIPTION="block type Commentary"/><OtherTag ID="BT4" LABEL="Illustration" DESCRIPTION="block type Illustration"/><OtherTag ID="BT747" LABEL="Hole" DESCRIPTION="block type Hole"/><OtherTag ID="BT748" LABEL="Margin" DESCRIPTION="block type Margin"/><OtherTag ID="BT749" LABEL="Paratext" DESCRIPTION="block type Paratext"/>
    <OtherTag ID="LT3" LABEL="Correction" DESCRIPTION="line type Correction"/>
  </Tags>
  
  <Layout>
    <Page WIDTH="3529"
          HEIGHT="4601"
          PHYSICAL_IMG_NR="130"
          ID="eSc_dummypage_">
      <PrintSpace HPOS="0"
                  VPOS="0"
                  WIDTH="3529"
                  HEIGHT="4601">
        
        <TextBlock HPOS="754.0"
                   VPOS="492.0"
                   WIDTH="2171.0"
                   HEIGHT="3144.0"
                   ID="eSc_textblock_8536"
                   TAGREFS="BT2">
          <Shape><Polygon POINTS="759 492 2925 492 2925 3636 754 3557"/></Shape>
          
          
          <TextLine ID="eSc_line_1837300"
                    
                    BASELINE="736 567 1660 571 2934 589" 
                    HPOS="732.0"
                    VPOS="456.0"
                    WIDTH="2198.0"
                    HEIGHT="188.0">
            <Shape><Polygon POINTS="732 563 751 532 790 555 817 529 866 509 893 525 916 502 951 529 1143 525 1158 509 1262 525 1346 490 1377 521 1461 529 1595 517 1637 486 1672 498 1687 483 1733 529 1806 509 1829 529 1983 517 2002 532 2067 513 2098 532 2128 509 2194 529 2247 483 2316 540 2489 540 2531 509 2608 529 2654 517 2681 540 2757 463 2811 456 2922 529 2930 586 2873 640 2796 621 2754 640 2719 621 2646 640 2608 617 2577 636 2493 632 2451 605 2420 636 2236 644 2159 624 2132 644 2113 628 1925 624 1910 605 1852 628 1825 605 1799 617 1752 590 1703 628 1683 613 1637 628 1515 613 1319 621 1285 605 1235 621 1139 598 1120 617 1043 605 920 621 901 640 851 586 817 601 782 567"/></Shape>
	    <String CONTENT="של כל דבר פותחין ונועלין בהן בשבת ואין צריך לומ&#39; ביום טוב נשברו ציריה אין [^]"
                    HPOS="732.0"
                    VPOS="456.0"
                    WIDTH="2198.0"
                    HEIGHT="188.0"></String>
          </TextLine>

          
          
          <TextLine ID="eSc_line_1837301"
                    
                    BASELINE="736 663 1657 663 2167 678 2731 682 2949 690" 
                    HPOS="732.0"
                    VPOS="590.0"
                    WIDTH="2213.0"
                    HEIGHT="149.0">
            <Shape><Polygon POINTS="732 659 774 651 836 590 893 636 920 621 1227 632 1285 601 1350 621 1380 651 1476 651 1503 628 1545 624 1703 632 1752 590 1852 628 1906 609 1921 624 1937 613 2128 647 2217 632 2696 647 2792 636 2869 644 2945 686 2876 732 2765 716 2723 736 2700 713 2604 739 2585 720 2531 716 2470 732 2443 701 2420 724 2040 713 2006 728 1975 709 1910 713 1883 686 1848 709 1822 682 1799 705 1584 716 1534 713 1480 659 1377 659 1350 686 1323 678 1300 701 1281 693 1246 713 958 709 924 682 893 713 805 716 747 659 736 667"/></Shape>
	    <String CONTENT="פותחין ואין נועלין בה ביום טוב ואין צריך לומ&#39; בשבת ˙ דלת הגוררת ומחצלת"
                    HPOS="732.0"
                    VPOS="590.0"
                    WIDTH="2213.0"
                    HEIGHT="149.0"></String>
          </TextLine>

          
          
          <TextLine ID="eSc_line_1837307"
                    
                    BASELINE="805 751 1262 751 1476 759 1910 755 2658 774 2930 762" 
                    HPOS="801.0"
                    VPOS="678.0"
                    WIDTH="2125.0"
                    HEIGHT="154.0">
            <Shape><Polygon POINTS="801 747 832 713 893 716 924 686 955 709 1254 716 1327 678 1365 705 1576 716 1856 713 1879 690 1910 716 1998 724 2531 716 2604 739 2827 724 2888 732 2926 759 2892 805 2865 812 2750 809 2723 793 2688 820 2658 805 2631 824 2570 816 2550 832 2527 809 2477 820 2451 797 2247 816 2167 797 2128 812 2094 789 1979 809 1956 786 1933 809 1864 801 1837 828 1760 793 1706 805 1611 786 1538 809 1515 786 1472 801 1449 778 1423 805 1384 782 981 805 958 782 909 789 889 774 840 797 805 762"/></Shape>
	    <String CONTENT="הגוררת וקנקלין הגרוד פותחין ונועלין בהן בשבת ואין צריך לומ&#39; ביום טוב דלת"
                    HPOS="801.0"
                    VPOS="678.0"
                    WIDTH="2125.0"
                    HEIGHT="154.0"></String>
          </TextLine>

          
          
          <TextLine ID="eSc_line_1837311"
                    
                    BASELINE="736 839 1868 839 2485 858 2945 858" 
                    HPOS="732.0"
                    VPOS="774.0"
                    WIDTH="2210.0"
                    HEIGHT="138.0">
            <Shape><Polygon POINTS="732 835 801 774 840 797 958 789 981 805 1384 793 1419 809 1449 782 1469 801 1511 789 1549 809 1630 786 1680 793 1729 832 1841 832 1868 805 2063 809 2079 793 2151 824 2167 809 2324 805 2351 820 2527 816 2547 835 2650 812 2811 812 2880 816 2942 855 2869 904 2819 889 2777 901 2754 878 2727 901 2700 874 2631 912 2562 881 2531 908 2493 912 2474 897 2389 897 2366 874 2339 897 2236 904 2182 862 2144 897 1898 893 1810 835 1756 858 1733 835 1703 835 1657 878 1553 866 1507 885 1392 881 1365 908 1323 878 1123 893 1081 851 1016 893 974 870 778 893 736 851"/></Shape>
	    <String CONTENT="שיש לה ציר פותחין ונועלין בה בשבת ˙ היה יושב וקורא בספר על האסקופ&#39;"
                    HPOS="732.0"
                    VPOS="774.0"
                    WIDTH="2210.0"
                    HEIGHT="138.0"></String>
          </TextLine>

          
          
          <TextLine ID="eSc_line_1837312"
                    
                    BASELINE="740 927 1285 939 1810 935 2531 950 2669 958 2807 958 2922 947" 
                    HPOS="736.0"
                    VPOS="855.0"
                    WIDTH="2183.0"
                    HEIGHT="153.0">
            <Shape><Polygon POINTS="736 924 790 889 840 897 855 881 1016 897 1085 855 1120 889 1334 885 1357 908 1384 885 1511 897 1806 889 1833 874 1852 893 2182 912 2336 904 2366 878 2405 912 2665 904 2688 924 2711 901 2742 916 2857 904 2919 943 2880 993 2807 1000 2769 985 2727 1004 2688 989 2646 1008 2566 981 2443 996 2412 977 2378 1000 2305 1000 2205 962 2182 981 2159 962 2125 996 2109 981 2075 989 2040 954 2013 977 1906 973 1868 989 1764 966 1718 981 1668 966 1595 981 1430 981 1403 966 1288 981 1093 966 1016 981 935 966 801 973 755 927"/></Shape>
	    <String CONTENT="ונתגלגל ספר מידו לפנים ולחוץ גוללו מיכן ומיכן ומניחו אבית אגיף אבל מפתח אינו"
                    HPOS="736.0"
                    VPOS="855.0"
                    WIDTH="2183.0"
                    HEIGHT="153.0"></String>
          </TextLine>

          
          
          <TextLine ID="eSc_line_1837313"
                    
                    BASELINE="732 1019 1545 1016 2209 1035 2343 1031 2945 1039" 
                    HPOS="728.0"
                    VPOS="954.0"
                    WIDTH="2214.0"
                    HEIGHT="138.0">
            <Shape><Polygon POINTS="728 1016 790 973 836 970 1269 970 1434 989 1488 973 1706 985 1764 973 1871 989 2013 981 2040 954 2075 989 2109 985 2121 1000 2159 966 2186 989 2209 970 2236 993 2301 1004 2470 989 2650 1008 2769 989 2811 1004 2873 996 2942 1035 2876 1085 2834 1092 2819 1077 2688 1085 2662 1058 2562 1088 2539 1069 2247 1085 2205 1065 2159 1085 2109 1069 2052 1081 2033 1062 1894 1077 1829 1054 1683 1065 1476 1050 1461 1065 1357 1069 1323 1039 1296 1062 1215 1065 1177 1062 1150 1035 1070 1073 1039 1046 970 1065 889 1050 809 1062 744 1016"/></Shape>
	    <String CONTENT="כן ﭏא כל זמן שבית מנעול למעלה מעשרה טפחים נוטל את המפתח מן האסקופה"
                    HPOS="728.0"
                    VPOS="954.0"
                    WIDTH="2214.0"
                    HEIGHT="138.0"></String>
          </TextLine>

          
          
          <TextLine ID="eSc_line_1837314"
                    
                    BASELINE="721 1092 832 1104 1123 1104 1361 1111 1703 1108 2220 1115 2447 1127 2930 1115" 
                    HPOS="717.0"
                    VPOS="1039.0"
                    WIDTH="2209.0"
                    HEIGHT="138.0">
            <Shape><Polygon POINTS="717 1088 759 1092 790 1062 897 1054 1051 1058 1081 1073 1150 1039 1177 1065 1215 1069 1308 1069 1331 1046 1354 1065 1461 1065 1488 1046 1557 1065 1733 1058 2056 1085 2167 1085 2182 1069 2247 1085 2642 1073 2673 1088 2884 1088 2926 1111 2873 1165 2842 1173 2738 1173 2711 1157 2547 1177 2508 1150 2458 1169 2109 1165 2059 1150 1963 1161 1914 1127 1864 1157 1814 1157 1795 1142 1618 1146 1576 1119 1545 1150 1526 1134 1511 1150 1384 1157 1311 1131 1192 1157 1158 1157 1139 1138 843 1150 790 1146 721 1092"/></Shape>
	    <String CONTENT="ונותנו למנעול ופותח ומטלטלו בתוך הבית ומחזירו למנעול ונועל ונוטלו ומניחו"
                    HPOS="717.0"
                    VPOS="1039.0"
                    WIDTH="2209.0"
                    HEIGHT="138.0"></String>
          </TextLine>

          
          
          <TextLine ID="eSc_line_1837315"
                    
                    BASELINE="778 1188 1304 1203 1906 1200 2639 1219 2926 1207" 
                    HPOS="774.0"
                    VPOS="1123.0"
                    WIDTH="2148.0"
                    HEIGHT="149.0">
            <Shape><Polygon POINTS="774 1184 832 1146 1120 1154 1135 1138 1169 1157 1530 1161 1580 1127 1630 1154 1852 1161 1925 1123 1971 1161 2869 1173 2922 1203 2865 1261 2815 1253 2738 1272 2704 1246 2493 1261 2412 1242 2385 1269 2347 1269 2313 1249 2220 1257 2197 1238 2163 1257 2128 1249 2098 1272 2052 1269 2013 1234 1841 1249 1814 1223 1787 1246 1729 1249 1549 1249 1507 1234 1480 1249 1388 1249 1361 1234 1273 1249 1246 1223 1227 1242 1169 1246 1131 1230 1016 1234 1001 1219 947 1242 882 1242 855 1215 836 1226 797 1188"/></Shape>
	    <String CONTENT="בחלון שעל גבי שקוף אם יש בפי חלון ארבעה על ארבעה טפחים אסור שאין"
                    HPOS="774.0"
                    VPOS="1123.0"
                    WIDTH="2148.0"
                    HEIGHT="149.0"></String>
          </TextLine>

          
          
          <TextLine ID="eSc_line_1837316"
                    
                    BASELINE="763 1272 1100 1284 1837 1288 2063 1295 2930 1299" 
                    HPOS="759.0"
                    VPOS="1219.0"
                    WIDTH="2167.0"
                    HEIGHT="134.0">
            <Shape><Polygon POINTS="759 1269 809 1238 851 1265 878 1238 951 1242 970 1226 1043 1246 1208 1246 1246 1223 1269 1246 1484 1246 1499 1230 1545 1253 1733 1253 1787 1242 1810 1219 1848 1249 2013 1246 2063 1292 2209 1292 2240 1261 2290 1253 2389 1265 2416 1238 2443 1261 2485 1265 2662 1265 2688 1242 2727 1269 2896 1257 2926 1295 2869 1349 2773 1349 2746 1334 2696 1345 2665 1322 2616 1353 2454 1353 2393 1334 2274 1345 2220 1295 2067 1295 2021 1341 1963 1330 1910 1345 1891 1326 1833 1334 1810 1315 1691 1349 1626 1318 1549 1338 1446 1311 1384 1341 1346 1322 1250 1318 1139 1334 924 1318 886 1338 847 1299 805 1311 763 1272"/></Shape>
	    <String CONTENT="מטלטלין מרשות לרשות ˙ מלבן של ספקלריא ומריגין של חלונות פותחין [^]"
                    HPOS="759.0"
                    VPOS="1219.0"
                    WIDTH="2167.0"
                    HEIGHT="134.0"></String>
          </TextLine>

          
          
          <TextLine ID="eSc_line_1837317"
                    
                    BASELINE="732 1364 901 1380 1304 1380 1538 1387 2163 1384 2623 1399 2911 1391" 
                    HPOS="728.0"
                    VPOS="1318.0"
                    WIDTH="2179.0"
                    HEIGHT="138.0">
            <Shape><Polygon POINTS="728 1361 774 1361 817 1326 866 1326 893 1345 962 1322 1028 1338 1235 1318 1365 1345 1641 1330 1687 1345 1799 1334 1910 1349 2171 1349 2190 1334 2232 1349 2247 1334 2270 1349 2573 1361 2662 1361 2746 1334 2784 1357 2884 1357 2907 1387 2853 1441 2807 1430 2723 1449 2619 1441 2593 1456 2573 1437 2493 1445 2397 1418 2370 1437 2217 1430 2194 1445 2174 1430 2082 1437 2021 1410 1990 1433 1760 1418 1737 1433 1722 1418 1599 1426 1576 1407 1511 1441 1453 1441 1361 1403 1315 1426 1292 1407 1262 1422 1231 1399 1196 1418 1154 1399 1077 1422 920 1422 878 1437 817 1418 763 1364 740 1364"/></Shape>
	    <String CONTENT="ונועלין בהן אם היו נשמטין אסורין נגר נשמט אסור נקמן מותר ר&#39; יהודה אומ&#39; נקמו"
                    HPOS="728.0"
                    VPOS="1318.0"
                    WIDTH="2179.0"
                    HEIGHT="138.0"></String>
          </TextLine>

          
          
          <TextLine ID="eSc_line_1837318"
                    
                    BASELINE="732 1449 797 1464 1116 1472 1561 1472 1760 1479 2040 1476 2926 1491" 
                    HPOS="728.0"
                    VPOS="1407.0"
                    WIDTH="2194.0"
                    HEIGHT="138.0">
            <Shape><Polygon POINTS="728 1445 774 1453 809 1418 889 1437 939 1422 1127 1426 1146 1407 1196 1430 1380 1422 1442 1437 1768 1422 2197 1449 2213 1433 2397 1430 2439 1445 2466 1430 2600 1456 2619 1441 2731 1453 2815 1430 2922 1487 2873 1529 2784 1545 2635 1518 2619 1533 2420 1533 2359 1506 2309 1525 2266 1514 2140 1529 2086 1502 2040 1502 1937 1525 1779 1514 1756 1491 1672 1525 1580 1506 1380 1522 1354 1499 1331 1518 1158 1506 1135 1525 1039 1510 1016 1487 966 1514 836 1499 813 1510 740 1449"/></Shape>
	    <String CONTENT="א&#39;ע&#39;פ&#39; שאין נשמט נגר נגרר אם היה קשור ותלוי פותחין ונועלין ואם לאו אין פותחין"
                    HPOS="728.0"
                    VPOS="1407.0"
                    WIDTH="2194.0"
                    HEIGHT="138.0"></String>
          </TextLine>

          
          
          <TextLine ID="eSc_line_1837319"
                    
                    BASELINE="759 1541 1097 1556 1511 1552 2144 1568 2600 1568 2700 1575 2911 1564" 
                    HPOS="755.0"
                    VPOS="1495.0"
                    WIDTH="2152.0"
                    HEIGHT="134.0">
            <Shape><Polygon POINTS="755 1537 786 1506 993 1502 1016 1525 1077 1510 1139 1529 1158 1510 1630 1510 1695 1525 1756 1495 1783 1522 1829 1510 2013 1525 2082 1506 2109 1525 2305 1533 2359 1514 2408 1533 2857 1533 2907 1560 2857 1614 2746 1629 2704 1598 2681 1618 2616 1621 2562 1591 2524 1610 2435 1602 2408 1618 2270 1621 2163 1598 2079 1618 1841 1595 1657 1602 1626 1583 1461 1606 1419 1579 1357 1602 1100 1591 1054 1614 943 1572 870 1598 832 1579 797 1587 759 1549"/></Shape>
	    <String CONTENT="ונועלין בו ר&#39; יהודה או&#39; קשור א&#39;ע&#39;פ&#39; שאינו תלוי אי זהו נגר הנגרר כל שקשור ותלוי"
                    HPOS="755.0"
                    VPOS="1495.0"
                    WIDTH="2152.0"
                    HEIGHT="134.0"></String>
          </TextLine>

          
          
          <TextLine ID="eSc_line_1837320"
                    
                    BASELINE="763 1625 1238 1648 1944 1644 2593 1660 2915 1652" 
                    HPOS="759.0"
                    VPOS="1583.0"
                    WIDTH="2152.0"
                    HEIGHT="123.0">
            <Shape><Polygon POINTS="759 1621 817 1583 870 1602 958 1591 1051 1610 1081 1595 1396 1598 1423 1583 1449 1606 1963 1602 2017 1618 2167 1606 2266 1621 2293 1606 2573 1610 2742 1629 2857 1618 2911 1648 2857 1698 2754 1706 2631 1706 2566 1687 2520 1702 2320 1702 2293 1679 2251 1698 2148 1687 2056 1702 1956 1702 1917 1683 1749 1694 1691 1675 1499 1694 1361 1660 1334 1683 1273 1687 1223 1664 1169 1690 1097 1687 1051 1664 1012 1702 974 1675 909 1679 882 1652 855 1679 813 1679 763 1625"/></Shape>
	    <String CONTENT="וראשו אחד מונח בארץ מותר במקדש ואסור במדינה ר&#39; יהודה אומ&#39; אף זה [ב&#39;]"
                    HPOS="759.0"
                    VPOS="1583.0"
                    WIDTH="2152.0"
                    HEIGHT="123.0"></String>
          </TextLine>

          
          
          <TextLine ID="eSc_line_1837321"
                    
                    BASELINE="747 1721 1630 1733 1810 1740 2589 1736 2926 1748" 
                    HPOS="744.0"
                    VPOS="1667.0"
                    WIDTH="2178.0"
                    HEIGHT="135.0">
            <Shape><Polygon POINTS="744 1717 774 1717 813 1679 859 1675 981 1679 1020 1706 1058 1679 1354 1690 1380 1667 1426 1687 1641 1698 1806 1683 1864 1698 1975 1687 1994 1702 2819 1702 2869 1710 2922 1744 2853 1798 2600 1786 2570 1802 2458 1794 2435 1771 2301 1790 2013 1786 1967 1759 1929 1782 1729 1786 1699 1763 1565 1790 1442 1767 1265 1782 1212 1767 1047 1775 1012 1752 951 1775 824 1763 782 1721 747 1721"/></Shape>
	    <String CONTENT="במדינה מותר אי זהו במדינה אסור כל שאינו לא קשור ולא תלוי נוטלו ומניחו"
                    HPOS="744.0"
                    VPOS="1667.0"
                    WIDTH="2178.0"
                    HEIGHT="135.0"></String>
          </TextLine>

          
          
          <TextLine ID="eSc_line_1837322"
                    
                    BASELINE="717 1809 1495 1825 1875 1825 2048 1832 2370 1828 2784 1836 2880 1840 2942 1851" 
                    HPOS="713.0"
                    VPOS="1763.0"
                    WIDTH="2225.0"
                    HEIGHT="131.0">
            <Shape><Polygon POINTS="713 1805 767 1771 840 1763 935 1779 1208 1767 1250 1782 1411 1767 1557 1790 1687 1767 1726 1786 1983 1771 2025 1790 2439 1786 2474 1809 2493 1790 2608 1790 2650 1817 2677 1794 2857 1798 2896 1836 2938 1848 2907 1844 2850 1890 2715 1894 2665 1867 2547 1886 2504 1863 2405 1882 2159 1871 2132 1890 2109 1874 1933 1890 1906 1871 1837 1874 1818 1859 1726 1882 1676 1859 1553 1859 1480 1878 1438 1859 1296 1874 932 1855 912 1871 832 1855 782 1867 717 1809"/></Shape>
	    <String CONTENT="בזוית ˙ המוצא תפלין מכניסן זוג זוג ר&#39; יהודה אומ&#39; שנים שנים אחד האיש"
                    HPOS="713.0"
                    VPOS="1763.0"
                    WIDTH="2225.0"
                    HEIGHT="131.0"></String>
          </TextLine>

          
          
          <TextLine ID="eSc_line_1837323"
                    
                    BASELINE="728 1901 909 1913 1472 1917 1611 1924 2405 1920 2765 1932 2930 1924" 
                    HPOS="724.0"
                    VPOS="1859.0"
                    WIDTH="2202.0"
                    HEIGHT="119.0">
            <Shape><Polygon POINTS="724 1897 763 1897 809 1863 1407 1878 1434 1859 1469 1882 1729 1878 1814 1859 1837 1878 2059 1878 2128 1894 2163 1878 2497 1874 2811 1886 2865 1890 2892 1917 2926 1920 2857 1974 2815 1978 2731 1963 2424 1974 2389 1955 2347 1970 2063 1970 2009 1947 1963 1966 1668 1951 1614 1974 1465 1951 1415 1966 1392 1943 1373 1963 1039 1947 805 1959 728 1901"/></Shape>
	    <String CONTENT="ואחד האשה אחד חדשות ואחד ישנות ר&#39; יהודה אוסר בחדשות ומתיר בישנות"
                    HPOS="724.0"
                    VPOS="1859.0"
                    WIDTH="2202.0"
                    HEIGHT="119.0"></String>
          </TextLine>

          
          
          <TextLine ID="eSc_line_1837331"
                    
                    BASELINE="740 2005 905 1997 1407 1997 1545 2005 1971 2005 2378 2016 2738 2012 2896 2020" 
                    HPOS="736.0"
                    VPOS="1940.0"
                    WIDTH="2156.0"
                    HEIGHT="126.0">
            <Shape><Polygon POINTS="736 2001 790 1963 1369 1963 1392 1940 1415 1963 1614 1974 1783 1963 2857 1974 2892 2016 2861 2055 2796 2062 2754 2039 2727 2066 2662 2043 2642 2062 2573 2066 2547 2051 2493 2066 2359 2058 2339 2039 2232 2062 2121 2047 1791 2055 1772 2039 1749 2058 1722 2032 1641 2062 1618 2043 1465 2051 1369 2035 863 2047 843 2032 809 2043 751 2005"/></Shape>
	    <String CONTENT="המוצא ספר בשדה יושב ומשמרו ומחשיך עליו ונוטלו ובא לו ובסכנה מניחו"
                    HPOS="736.0"
                    VPOS="1940.0"
                    WIDTH="2156.0"
                    HEIGHT="126.0"></String>
          </TextLine>

          
          
          <TextLine ID="eSc_line_1837324"
                    
                    BASELINE="759 2081 970 2081 1204 2093 1568 2089 1799 2097 2209 2097 2631 2108 2784 2108 2896 2097" 
                    HPOS="755.0"
                    VPOS="2032.0"
                    WIDTH="2137.0"
                    HEIGHT="118.0">
            <Shape><Polygon POINTS="755 2078 828 2032 981 2051 1722 2047 1756 2066 1779 2051 2297 2062 2316 2047 2585 2074 2665 2055 2731 2066 2754 2043 2792 2066 2853 2062 2892 2093 2865 2143 2804 2150 2723 2150 2708 2135 2669 2147 2642 2127 2596 2150 2309 2150 2159 2131 2132 2143 2098 2124 2067 2143 2052 2127 1983 2139 1937 2112 1883 2147 1737 2147 1691 2131 1526 2147 1495 2124 1008 2135 928 2124 893 2089 851 2120 805 2124 759 2078"/></Shape>
	    <String CONTENT="והולך לו אם היו גשמים יורדין הרי זה מתעטף בעור וחוזר ומכסה אותו מי [ש&#39;]"
                    HPOS="755.0"
                    VPOS="2032.0"
                    WIDTH="2137.0"
                    HEIGHT="118.0"></String>
          </TextLine>

          
          
          <TextLine ID="eSc_line_1837332"
                    
                    BASELINE="736 2170 1457 2177 1683 2185 2665 2181 2903 2189" 
                    HPOS="732.0"
                    VPOS="2093.0"
                    WIDTH="2167.0"
                    HEIGHT="149.0">
            <Shape><Polygon POINTS="732 2166 790 2127 847 2127 889 2093 932 2131 1173 2139 1917 2147 1940 2124 1956 2139 2071 2150 2589 2150 2650 2127 2669 2147 2727 2154 2850 2147 2899 2185 2846 2235 2213 2235 2174 2200 2140 2235 2086 2223 1960 2242 1906 2204 1856 2235 1503 2216 1400 2227 1377 2212 1311 2223 1238 2208 1173 2231 1139 2208 1108 2223 790 2223 736 2170"/></Shape>
	    <String CONTENT="שיצא לרשות הרבים ונזכר שיש תפלין בראשו מכסה את ראשו עד שמגיע לביתו"
                    HPOS="732.0"
                    VPOS="2093.0"
                    WIDTH="2167.0"
                    HEIGHT="149.0"></String>
          </TextLine>

          
          
          <TextLine ID="eSc_line_1837325"
                    
                    BASELINE="744 2258 1507 2265 1925 2277 2608 2273 2896 2281" 
                    HPOS="740.0"
                    VPOS="2200.0"
                    WIDTH="2152.0"
                    HEIGHT="138.0">
            <Shape><Polygon POINTS="740 2254 817 2216 1177 2231 1235 2212 1442 2239 1898 2239 1914 2223 1956 2242 2136 2239 2178 2200 2213 2235 2846 2239 2892 2277 2850 2327 2761 2338 2692 2304 2631 2331 2217 2323 2159 2285 2109 2323 2025 2312 1986 2338 1971 2323 1879 2315 1852 2331 1764 2308 1565 2327 1503 2265 1469 2296 1430 2281 1338 2323 1200 2292 1173 2319 1146 2308 1108 2327 1047 2300 847 2308 797 2258 778 2273 759 2258"/></Shape>
	    <String CONTENT="אם היה בית המדרש נוטלן ומניחן במקום המוצנע ˙ מחזירין ציר התחתון"
                    HPOS="740.0"
                    VPOS="2200.0"
                    WIDTH="2152.0"
                    HEIGHT="138.0"></String>
          </TextLine>

          
          
          <TextLine ID="eSc_line_1837333"
                    
                    BASELINE="782 2342 1074 2354 1265 2350 1580 2361 1952 2361 2140 2369 2930 2361" 
                    HPOS="778.0"
                    VPOS="2281.0"
                    WIDTH="2148.0"
                    HEIGHT="142.0">
            <Shape><Polygon POINTS="778 2338 805 2296 828 2315 1051 2308 1104 2327 1139 2312 1177 2323 1204 2300 1223 2319 1342 2327 1457 2300 1484 2312 1515 2281 1561 2327 1967 2319 1994 2338 2025 2315 2113 2319 2151 2285 2194 2323 2631 2331 2688 2304 2719 2331 2838 2327 2873 2354 2926 2358 2892 2361 2842 2411 2642 2419 2547 2411 2520 2384 2489 2411 2132 2404 2021 2423 2002 2404 1837 2404 1818 2384 1791 2411 1768 2396 1718 2415 1660 2392 1557 2419 1511 2396 1476 2419 1446 2392 1288 2407 1074 2388 1047 2407 943 2411 782 2381"/></Shape>
	    <String CONTENT="של דלת שידה תיבה ומגדל ואין מחזירין ציר העליון של בור של יציע של"
                    HPOS="778.0"
                    VPOS="2281.0"
                    WIDTH="2148.0"
                    HEIGHT="142.0"></String>
          </TextLine>

          
          
          <TextLine ID="eSc_line_1837326"
                    
                    BASELINE="763 2450 863 2442 1001 2442 1158 2450 2167 2453 2301 2461 2899 2450" 
                    HPOS="759.0"
                    VPOS="2384.0"
                    WIDTH="2137.0"
                    HEIGHT="123.0">
            <Shape><Polygon POINTS="759 2446 790 2396 820 2392 939 2407 1051 2404 1074 2388 1154 2404 1449 2400 1476 2415 1687 2404 1795 2419 1825 2400 2002 2407 2029 2423 2197 2407 2489 2415 2520 2384 2558 2419 2846 2415 2896 2446 2853 2499 2708 2507 2642 2484 2589 2503 2470 2503 2454 2488 2090 2499 2025 2476 1986 2492 1948 2476 1925 2496 1634 2488 1618 2503 1599 2488 1453 2488 1423 2457 1388 2488 1327 2496 1227 2480 1035 2488 978 2465 951 2484 794 2488 763 2457"/></Shape>
	    <String CONTENT="רות הרי זה לא יחזיר ואם החזיר חייב חטאת נימת כנור שנפסקה קושרין אותה"
                    HPOS="759.0"
                    VPOS="2384.0"
                    WIDTH="2137.0"
                    HEIGHT="123.0"></String>
          </TextLine>

          
          
          <TextLine ID="eSc_line_1837327"
                    
                    BASELINE="782 2522 1760 2538 2071 2534 2408 2545 2777 2545 2926 2534" 
                    HPOS="778.0"
                    VPOS="2465.0"
                    WIDTH="2144.0"
                    HEIGHT="138.0">
            <Shape><Polygon POINTS="778 2519 782 2496 951 2488 974 2465 1020 2492 1235 2484 1334 2499 1388 2496 1423 2465 1449 2492 1614 2503 1637 2488 1672 2503 1929 2496 1956 2476 1986 2499 2025 2484 2082 2503 2853 2499 2922 2530 2846 2599 2815 2576 2800 2591 2677 2588 2658 2603 2627 2588 2524 2603 2431 2576 2405 2599 2359 2595 2324 2565 2282 2599 2232 2565 2209 2588 2132 2580 2117 2595 1963 2576 1852 2584 1833 2568 1799 2595 1741 2584 1691 2599 1637 2576 1565 2591 1526 2565 1465 2584 1342 2584 1296 2561 1273 2580 1215 2568 1196 2584 1120 2568 1085 2542 1024 2580 978 2568 943 2584 836 2561 813 2584 782 2572"/></Shape>
	    <String CONTENT="קשרה ונפסקה קושרין אותה אמ&#39; ר&#39; שמעון בן לעזר והלא אין קושרין אותה אין"
                    HPOS="778.0"
                    VPOS="2465.0"
                    WIDTH="2144.0"
                    HEIGHT="138.0"></String>
          </TextLine>

          
          
          <TextLine ID="eSc_line_1837328"
                    
                    BASELINE="732 2607 847 2622 1691 2622 1825 2630 2205 2626 2485 2637 2926 2641" 
                    HPOS="728.0"
                    VPOS="2542.0"
                    WIDTH="2194.0"
                    HEIGHT="153.0">
            <Shape><Polygon POINTS="728 2603 759 2603 790 2576 817 2588 840 2565 951 2591 981 2576 1047 2580 1085 2542 1127 2580 1281 2580 1300 2565 1346 2584 1415 2576 1634 2603 1653 2588 1818 2595 1837 2576 2220 2599 2251 2580 2286 2603 2328 2565 2359 2595 2431 2607 2543 2607 2619 2584 2658 2603 2677 2588 2865 2595 2922 2637 2896 2637 2850 2683 2750 2680 2734 2695 2704 2676 2297 2683 2263 2653 2236 2680 1752 2680 1722 2653 1703 2668 1672 2637 1626 2641 1607 2660 1538 2645 1515 2668 1484 2649 1373 2683 1342 2657 1181 2672 1120 2653 1066 2668 1043 2649 985 2672 809 2668 732 2607"/></Shape>
	    <String CONTENT="לה קול ﭏא משלשל מלמעלה ועוגב מלמטה ˙ כהן שעלתה לו יבלת [במ&#39;]"
                    HPOS="728.0"
                    VPOS="2542.0"
                    WIDTH="2194.0"
                    HEIGHT="153.0"></String>
          </TextLine>

          
          
          <TextLine ID="eSc_line_1837329"
                    
                    BASELINE="744 2699 870 2710 1196 2710 1634 2722 2313 2718 2738 2729 2930 2714" 
                    HPOS="740.0"
                    VPOS="2637.0"
                    WIDTH="2186.0"
                    HEIGHT="146.0">
            <Shape><Polygon POINTS="740 2695 778 2660 1004 2672 1039 2657 1189 2683 1338 2664 1365 2683 1591 2664 1630 2676 1672 2637 1703 2668 1722 2653 1749 2680 2704 2680 2734 2695 2815 2676 2926 2710 2853 2772 2750 2775 2662 2772 2635 2745 2593 2775 2090 2768 2063 2752 1967 2760 1944 2779 1906 2756 1883 2779 1845 2764 1749 2775 1649 2749 1580 2768 1499 2749 1446 2768 1400 2752 1223 2764 1169 2745 1070 2768 1047 2752 970 2756 943 2783 889 2749 778 2749 744 2714"/></Shape>
	    <String CONTENT="במתניו חבירו חותכה לו בשיניו במקדש אבל לא במדינה אם בכלי כאן וכאן אסור"
                    HPOS="740.0"
                    VPOS="2637.0"
                    WIDTH="2186.0"
                    HEIGHT="146.0"></String>
          </TextLine>

          
          
          <TextLine ID="eSc_line_1837335"
                    
                    BASELINE="820 2798 974 2798 1806 2814 2899 2818" 
                    HPOS="817.0"
                    VPOS="2752.0"
                    WIDTH="2079.0"
                    HEIGHT="115.0">
            <Shape><Polygon POINTS="817 2795 820 2764 878 2756 924 2791 958 2775 1004 2791 1035 2760 1070 2772 1104 2752 1599 2764 1641 2787 1664 2764 1887 2775 1906 2756 1937 2775 2063 2760 2585 2779 2639 2752 2662 2775 2846 2772 2896 2814 2846 2852 2788 2867 2658 2860 2623 2829 2593 2860 2504 2867 2462 2852 1910 2860 1883 2841 1664 2867 1641 2848 1419 2856 1315 2833 1169 2856 1120 2848 1077 2814 1051 2837 1024 2810 966 2795 820 2833"/></Shape>
	    <String CONTENT="אין ממלין בעדשה בשבת אם כחס על חבל ועל משיחה הרי זה מותר ˙"
                    HPOS="817.0"
                    VPOS="2752.0"
                    WIDTH="2079.0"
                    HEIGHT="115.0"></String>
          </TextLine>

          
          
          <TextLine ID="eSc_line_1837330"
                    
                    BASELINE="744 2883 974 2894 1756 2902 2919 2902" 
                    HPOS="740.0"
                    VPOS="2806.0"
                    WIDTH="2175.0"
                    HEIGHT="153.0">
            <Shape><Polygon POINTS="740 2879 893 2806 932 2844 1166 2856 2021 2852 2113 2871 2128 2856 2723 2856 2781 2871 2842 2856 2876 2890 2915 2898 2888 2902 2846 2944 2788 2956 2754 2940 2654 2944 2612 2913 2585 2940 2500 2948 2370 2925 2328 2959 2305 2944 1979 2936 1906 2936 1887 2956 1852 2936 1476 2944 1446 2917 1396 2940 1300 2944 1189 2944 1166 2925 909 2936 866 2913 817 2936 751 2883"/></Shape>
	    <String CONTENT="אין ממלין מבאר הקר בגלגל ביום טוב וכשעלו בני הגולה וחנו עליה התירו להם"
                    HPOS="740.0"
                    VPOS="2806.0"
                    WIDTH="2175.0"
                    HEIGHT="153.0"></String>
          </TextLine>

          
          
          <TextLine ID="eSc_line_1837306"
                    
                    BASELINE="759 2971 1262 2982 1975 2979 2708 2994 2815 2990 2934 2975" 
                    HPOS="755.0"
                    VPOS="2917.0"
                    WIDTH="2175.0"
                    HEIGHT="134.0">
            <Shape><Polygon POINTS="755 2967 863 2921 905 2940 1169 2925 1189 2940 1315 2944 1419 2940 1449 2917 1472 2940 1860 2944 1891 2959 1910 2940 2336 2956 2382 2929 2589 2948 2627 2917 2658 2948 2811 2944 2873 2971 2930 2971 2903 2975 2842 3036 2742 3032 2688 3051 2581 3025 2558 3040 2374 3032 2355 3051 2328 3028 2297 3025 2270 3044 2182 3025 2094 3048 2056 3017 2017 3036 1396 3036 1227 3021 1185 3032 1139 2990 1104 3021 824 3025 759 2975"/></Shape>
	    <String CONTENT="נביאין להיות ממלין מבור הקר בגלגל ביום טוב ולא כל בורות הקר התירו אלא"
                    HPOS="755.0"
                    VPOS="2917.0"
                    WIDTH="2175.0"
                    HEIGHT="134.0"></String>
          </TextLine>

          
          
          <TextLine ID="eSc_line_1837304"
                    
                    BASELINE="763 3071 1814 3071 1998 3078 2608 3082 2899 3075" 
                    HPOS="759.0"
                    VPOS="2990.0"
                    WIDTH="2137.0"
                    HEIGHT="154.0">
            <Shape><Polygon POINTS="759 3067 797 3021 1051 3028 1104 3021 1139 2990 1192 3036 2056 3028 2113 3044 2128 3028 2278 3040 2293 3025 2355 3051 2370 3036 2443 3032 2842 3040 2896 3071 2846 3124 2815 3128 2520 3117 2454 3132 2397 3098 2343 3124 2243 3124 2213 3101 2109 3124 1752 3117 1733 3136 1691 3117 1568 3128 1327 3113 1292 3144 1254 3105 1150 3117 1112 3109 1081 3078 1039 3113 817 3117 763 3098"/></Shape>
	    <String CONTENT="אותה שחנו עליה בלבד הלכות שבת חגיגות ומעילות כהררין התלוין בסערה"
                    HPOS="759.0"
                    VPOS="2990.0"
                    WIDTH="2137.0"
                    HEIGHT="154.0"></String>
          </TextLine>

          
          
          <TextLine ID="eSc_line_1837303"
                    
                    BASELINE="744 3140 905 3155 1054 3159 2899 3174" 
                    HPOS="740.0"
                    VPOS="3086.0"
                    WIDTH="2156.0"
                    HEIGHT="142.0">
            <Shape><Polygon POINTS="740 3136 797 3113 1039 3117 1089 3086 1120 3113 1262 3117 1300 3155 1350 3124 1415 3121 1733 3140 1756 3124 1906 3132 1921 3117 2082 3132 2428 3121 2477 3136 2846 3128 2896 3170 2850 3220 2777 3228 2746 3213 2558 3228 2259 3209 1975 3224 1952 3205 1768 3228 1584 3205 1423 3216 1327 3159 1273 3209 1219 3201 1169 3220 1150 3201 1047 3193 786 3209 744 3174"/></Shape>
	    <String CONTENT="מקרא מועט והלכות מרובות ואין להם על מי שיסמוכו ˙ מיכן אמ&#39; ר&#39; יהושע"
                    HPOS="740.0"
                    VPOS="3086.0"
                    WIDTH="2156.0"
                    HEIGHT="142.0"></String>
          </TextLine>

          
          
          <TextLine ID="eSc_line_1837302"
                    
                    BASELINE="744 3239 1300 3259 1952 3255 2190 3262 2830 3262 2922 3251" 
                    HPOS="740.0"
                    VPOS="3174.0"
                    WIDTH="2179.0"
                    HEIGHT="146.0">
            <Shape><Polygon POINTS="740 3236 771 3205 817 3201 1146 3205 1177 3224 1200 3209 1319 3213 1357 3174 1426 3224 2750 3216 2838 3220 2873 3247 2903 3232 2919 3247 2892 3251 2827 3316 2397 3301 2309 3316 2171 3301 1990 3305 1956 3320 1933 3301 1530 3312 1503 3285 1476 3308 1430 3312 1285 3289 1238 3305 1200 3289 958 3301 912 3282 840 3301 794 3259 774 3266 744 3243"/></Shape>
	    <String CONTENT="צבתה בצבתא מתעבדא צבתא קדמיתא מה הות הא לאיי בריה הות הדינין"
                    HPOS="740.0"
                    VPOS="3174.0"
                    WIDTH="2179.0"
                    HEIGHT="146.0"></String>
          </TextLine>

          
          
          <TextLine ID="eSc_line_1837308"
                    
                    BASELINE="732 3324 874 3339 1097 3339 1472 3354 1676 3354 1860 3347 2362 3347 2554 3354 2750 3354 2930 3366" 
                    HPOS="728.0"
                    VPOS="3278.0"
                    WIDTH="2198.0"
                    HEIGHT="134.0">
            <Shape><Polygon POINTS="728 3320 755 3320 797 3278 824 3301 1169 3293 1219 3308 1453 3305 1495 3320 1519 3305 1937 3305 1963 3324 2067 3305 2681 3308 2850 3312 2892 3354 2926 3362 2892 3362 2853 3400 2742 3412 2662 3389 1898 3400 1864 3366 1806 3400 1626 3389 1530 3408 1503 3389 1434 3400 1411 3385 1373 3400 1262 3397 1242 3381 1219 3400 1196 3381 1104 3385 1081 3370 1054 3389 778 3381 732 3335"/></Shape>
	    <String CONTENT="והעבודות הטהרות והטמאות והעריות ומוסף עליהן ערכין וחרמין והקדשות"
                    HPOS="728.0"
                    VPOS="3278.0"
                    WIDTH="2198.0"
                    HEIGHT="134.0"></String>
          </TextLine>

          
          
          <TextLine ID="eSc_line_1837305"
                    
                    BASELINE="728 3412 1626 3443 2915 3435" 
                    HPOS="724.0"
                    VPOS="3370.0"
                    WIDTH="2187.0"
                    HEIGHT="134.0">
            <Shape><Polygon POINTS="724 3408 809 3377 939 3393 1058 3389 1077 3370 1097 3385 1192 3381 1219 3397 1242 3377 1265 3397 1549 3408 1630 3389 1806 3397 1860 3370 1894 3404 2669 3393 2731 3408 2838 3400 2911 3431 2857 3485 2700 3492 2658 3473 2635 3492 2474 3485 2451 3504 2420 3477 2309 3481 2274 3446 2220 3485 1334 3489 1304 3469 1269 3481 1162 3462 813 3473 736 3412"/></Shape>
	    <String CONTENT="ומעשר שני מקרא מרובה מדרש והלכות מרובות ויש להן על מי שיסמוכו אבה"
                    HPOS="724.0"
                    VPOS="3370.0"
                    WIDTH="2187.0"
                    HEIGHT="134.0"></String>
          </TextLine>

          
          
          <TextLine ID="eSc_line_1837309"
                    
                    BASELINE="836 3500 1116 3508 1561 3531 1802 3535 2957 3527" 
                    HPOS="832.0"
                    VPOS="3446.0"
                    WIDTH="2121.0"
                    HEIGHT="242.0">
            <Shape><Polygon POINTS="832 3496 836 3469 870 3466 1158 3466 1660 3500 1687 3485 2033 3477 2232 3489 2274 3446 2316 3485 2420 3473 2447 3500 2524 3485 2838 3485 2876 3519 2953 3523 2942 3615 2892 3650 2857 3646 2827 3669 2792 3650 2742 3684 2642 3661 2604 3684 2577 3657 2524 3673 2451 3657 2382 3680 2339 3650 2309 3680 2278 3684 2194 3650 2155 3684 2121 3673 2086 3688 2033 3653 1986 3650 1948 3669 1860 3657 1783 3581 1388 3581 1357 3561 1177 3573 1135 3535 955 3558 886 3535 855 3554 836 3542"/></Shape>
	    <String CONTENT="יוסה בן חנן אומ&#39; אילו שמנה מקצעות של תורה גופי הלכות ˙˙"
                    HPOS="832.0"
                    VPOS="3446.0"
                    WIDTH="2121.0"
                    HEIGHT="242.0"></String>
          </TextLine>

          
        </TextBlock>
        

        
      </PrintSpace>
    </Page>
  </Layout>
</alto>
