<?xml version="1.0" encoding="UTF-8"?>
<alto xmlns:xsi="http://www.w3.org/2001/XMLSchema-instance"
      xmlns="http://www.loc.gov/standards/alto/ns-v4#"
      xsi:schemaLocation="http://www.loc.gov/standards/alto/ns-v4# http://www.loc.gov/standards/alto/v4/alto-4-2.xsd">
  <Description>
    <MeasurementUnit>pixel</MeasurementUnit>
    <sourceImageInformation>
      <fileName>Cod.Hebr.20_110v.jpg</fileName>
      
    </sourceImageInformation>
  </Description>
  
  <Tags>
    <OtherTag ID="BT1" LABEL="Title" DESCRIPTION="block type Title"/><OtherTag ID="BT2" LABEL="Main" DESCRIPTION="block type Main"/><OtherTag ID="BT3" LABEL="Commentary" DESCRIPTION="block type Commentary"/><OtherTag ID="BT4" LABEL="Illustration" DESCRIPTION="block type Illustration"/><OtherTag ID="BT747" LABEL="Hole" DESCRIPTION="block type Hole"/><OtherTag ID="BT748" LABEL="Margin" DESCRIPTION="block type Margin"/><OtherTag ID="BT749" LABEL="Paratext" DESCRIPTION="block type Paratext"/>
    <OtherTag ID="LT3" LABEL="Correction" DESCRIPTION="line type Correction"/>
  </Tags>
  
  <Layout>
    <Page WIDTH="3666"
          HEIGHT="4584"
          PHYSICAL_IMG_NR="208"
          ID="eSc_dummypage_">
      <PrintSpace HPOS="0"
                  VPOS="0"
                  WIDTH="3666"
                  HEIGHT="4584">
        
        <TextBlock HPOS="541.0"
                   VPOS="404.0"
                   WIDTH="2204.0"
                   HEIGHT="3237.0"
                   ID="eSc_textblock_1aa5aaf3"
                   TAGREFS="BT2">
          <Shape><Polygon POINTS="563 404 2745 404 2701 3630 541 3641"/></Shape>
          
          
          <TextLine ID="eSc_line_1850679"
                    
                    BASELINE="610 509 1513 477 2660 477 2748 483" 
                    HPOS="607.0"
                    VPOS="370.0"
                    WIDTH="2137.0"
                    HEIGHT="183.0">
            <Shape><Polygon POINTS="607 508 611 462 680 393 718 420 753 397 791 435 833 420 867 454 944 446 967 424 1001 454 1093 370 1127 385 1165 374 1238 439 1284 401 1334 435 1376 397 1425 427 1498 420 1594 443 1670 435 1682 420 1727 439 1758 412 1808 443 1964 443 1995 424 2075 443 2159 443 2190 424 2236 439 2278 408 2320 435 2350 420 2458 439 2530 412 2614 443 2706 435 2744 481 2710 538 2568 523 2270 530 2243 515 2217 538 1811 538 1758 519 1620 534 1471 504 1380 527 1295 519 1261 488 1227 523 1146 527 1093 550 1066 534 745 553 611 542"/></Shape>
	    <String CONTENT="משם אשת אח ומשם אחות אשה דברי ר&#39; מאיר ר&#39; יוסה ור&#39; שמעון אומ&#39; אינו חייב ﭏא"
                    HPOS="607.0"
                    VPOS="370.0"
                    WIDTH="2137.0"
                    HEIGHT="183.0"></String>
          </TextLine>

          
          
          <TextLine ID="eSc_line_1850680"
                    
                    BASELINE="607 580 856 580 1127 569 1708 573 2748 561" 
                    HPOS="603.0"
                    VPOS="496.0"
                    WIDTH="2141.0"
                    HEIGHT="138.0">
            <Shape><Polygon POINTS="603 576 619 550 653 542 856 553 1227 530 1261 496 1307 527 1892 530 2006 538 2033 565 2106 557 2129 534 2224 542 2247 519 2278 534 2656 530 2744 557 2714 618 2626 626 2194 626 2163 599 2133 618 2083 569 2022 569 1964 611 1911 618 1861 607 1823 622 1620 630 1532 607 1506 634 1460 599 1414 615 1120 607 879 634 630 630 607 607"/></Shape>
	    <String CONTENT="משם אשת אח בלבד ˙ זר ששימש במקדש ובעל מום ששימש בטומאה"
                    HPOS="603.0"
                    VPOS="496.0"
                    WIDTH="2141.0"
                    HEIGHT="138.0"></String>
          </TextLine>

          
          
          <TextLine ID="eSc_line_1850681"
                    
                    BASELINE="561 676 1150 660 2500 664 2698 657 2748 661" 
                    HPOS="558.0"
                    VPOS="611.0"
                    WIDTH="2186.0"
                    HEIGHT="114.0">
            <Shape><Polygon POINTS="558 672 653 626 837 634 1188 611 1460 615 1502 637 1529 618 1620 634 1850 618 2664 618 2725 622 2744 660 2717 699 2683 710 2652 695 2614 714 2385 702 2201 718 2068 699 2014 718 1938 706 1682 721 1437 699 1406 718 1387 699 1242 702 1211 683 1173 706 1070 714 1009 695 963 714 940 691 875 718 798 718 753 699 726 725 680 725 634 718 588 672"/></Shape>
	    <String CONTENT="חייב משם זרות ומשום טומאה משם בעל מום ומשם טומאה דברי ר&#39; יוסה ר&#39; [שמ&#39;]"
                    HPOS="558.0"
                    VPOS="611.0"
                    WIDTH="2186.0"
                    HEIGHT="114.0"></String>
          </TextLine>

          
          
          <TextLine ID="eSc_line_1850691"
                    
                    BASELINE="581 764 856 764 1150 752 1372 756 2748 744" 
                    HPOS="577.0"
                    VPOS="687.0"
                    WIDTH="2167.0"
                    HEIGHT="149.0">
            <Shape><Polygon POINTS="577 764 642 718 733 733 909 725 940 756 1009 725 1032 748 1062 748 1100 710 1188 710 1211 687 1242 710 1498 706 1655 725 1815 710 2037 721 2068 699 2102 718 2373 718 2400 702 2431 718 2695 714 2744 741 2737 786 2695 806 2549 821 2511 802 2431 798 2029 809 1819 790 1746 813 1720 786 1685 813 1444 813 1418 794 1196 809 1142 767 1016 756 951 760 898 817 787 825 733 802 672 836 596 764"/></Shape>
	    <String CONTENT="שמעון אומ&#39; אינו חייב ﭏא משם זרות ומשם בעל מום בלבד ˙ שנים [שקי&#39;]"
                    HPOS="577.0"
                    VPOS="687.0"
                    WIDTH="2167.0"
                    HEIGHT="149.0"></String>
          </TextLine>

          
          
          <TextLine ID="eSc_line_1850692"
                    
                    BASELINE="607 851 741 863 1066 855 1792 855 1961 863 2748 851" 
                    HPOS="603.0"
                    VPOS="771.0"
                    WIDTH="2141.0"
                    HEIGHT="141.0">
            <Shape><Polygon POINTS="603 848 703 828 730 802 768 825 948 821 1005 775 1055 813 1089 813 1131 771 1192 809 1682 817 1716 786 1746 813 1785 798 1819 813 2026 821 2679 813 2744 848 2702 901 2660 890 2599 912 2549 890 2419 905 2389 878 2362 905 2312 909 1804 897 1773 912 1754 897 1605 905 1444 882 1383 901 1326 886 898 912 646 909 607 870"/></Shape>
	    <String CONTENT="שקידשו שתי נשים ובשעת כניסתן לחופה החליפו את של זה לזה ואת של זה"
                    HPOS="603.0"
                    VPOS="771.0"
                    WIDTH="2141.0"
                    HEIGHT="141.0"></String>
          </TextLine>

          
          
          <TextLine ID="eSc_line_1850693"
                    
                    BASELINE="588 939 691 955 1211 939 1758 947 2748 939" 
                    HPOS="584.0"
                    VPOS="882.0"
                    WIDTH="2160.0"
                    HEIGHT="118.0">
            <Shape><Polygon POINTS="584 935 619 939 661 905 875 916 1360 890 1380 905 1743 897 1777 916 1815 897 2075 912 2358 909 2385 882 2419 909 2664 916 2695 901 2733 912 2744 935 2695 985 2656 993 2549 993 2526 977 2458 993 2297 977 2243 993 2209 970 2159 993 2068 985 2018 1000 1945 977 1899 989 1364 974 856 1000 806 985 730 1000 657 997 596 939"/></Shape>
	    <String CONTENT="לזה הרי אילו חייבין שש עשרה חטאות משם אחים ומשם אחיות משם נדות [ומ&#39;]"
                    HPOS="584.0"
                    VPOS="882.0"
                    WIDTH="2160.0"
                    HEIGHT="118.0"></String>
          </TextLine>

          
          
          <TextLine ID="eSc_line_1850694"
                    
                    BASELINE="588 1019 691 1031 1192 1031 1437 1023 1769 1031 1815 1027 2305 1031 2450 1023 2664 1023 2748 1029" 
                    HPOS="584.0"
                    VPOS="974.0"
                    WIDTH="2160.0"
                    HEIGHT="107.0">
            <Shape><Polygon POINTS="584 1016 634 993 1028 997 1368 974 1945 985 2003 1000 2217 977 2240 997 2293 981 2698 989 2744 1027 2698 1077 2664 1081 2316 1061 2071 1081 1953 1061 1766 1073 1678 1046 1655 1069 1521 1069 1471 1046 1322 1065 1250 1046 1223 1073 959 1061 928 1077 764 1077 745 1061 699 1081 657 1077 592 1019"/></Shape>
	    <String CONTENT="ומשם אשת איש אם אינן אחין חייבין שתים עשרה אם אין אחיות חייבין שמונה"
                    HPOS="584.0"
                    VPOS="974.0"
                    WIDTH="2160.0"
                    HEIGHT="107.0"></String>
          </TextLine>

          
          
          <TextLine ID="eSc_line_1850695"
                    
                    BASELINE="592 1119 1135 1103 2557 1123 2660 1123 2748 1112" 
                    HPOS="588.0"
                    VPOS="1046.0"
                    WIDTH="2156.0"
                    HEIGHT="122.0">
            <Shape><Polygon POINTS="588 1115 646 1077 1230 1069 1253 1046 1307 1069 1513 1073 1659 1069 1682 1050 1773 1081 1953 1065 2691 1077 2744 1111 2702 1165 2668 1168 2511 1165 2488 1149 2454 1165 2263 1149 1964 1165 1548 1134 1529 1153 1494 1146 1471 1168 1456 1153 1360 1146 1185 1153 1165 1134 1150 1149 1131 1138 898 1165 749 1161 703 1138 661 1165 611 1115"/></Shape>
	    <String CONTENT="אם אינן נדות חייבין ארבע היו הם גדולים והן קטנות חייבין שתים הן גדולות"
                    HPOS="588.0"
                    VPOS="1046.0"
                    WIDTH="2156.0"
                    HEIGHT="122.0"></String>
          </TextLine>

          
          
          <TextLine ID="eSc_line_1850696"
                    
                    BASELINE="588 1199 2404 1195 2641 1203 2748 1193" 
                    HPOS="584.0"
                    VPOS="1138.0"
                    WIDTH="2160.0"
                    HEIGHT="137.0">
            <Shape><Polygon POINTS="584 1195 634 1149 707 1176 726 1157 894 1165 1165 1142 1452 1149 1475 1165 1548 1138 1938 1165 2484 1157 2687 1168 2744 1191 2698 1256 2668 1252 2637 1275 2576 1249 2542 1272 2511 1252 2366 1241 2324 1264 2247 1218 2213 1249 2156 1222 2125 1252 1922 1252 1834 1233 1689 1233 1670 1249 1651 1230 1536 1230 1506 1252 1479 1226 1448 1233 1422 1210 1383 1237 1334 1218 1315 1233 1288 1214 1261 1241 1131 1241 1055 1210 1013 1241 959 1218 936 1241 894 1245 856 1214 810 1252 787 1237 733 1245 711 1222 649 1245 592 1195"/></Shape>
	    <String CONTENT="וה[ן](ם) קטנים הן חייבות ארבע אם הסיאן אביהן חייבין שמונה היו אחד גדול [וא&#39;]"
                    HPOS="584.0"
                    VPOS="1138.0"
                    WIDTH="2160.0"
                    HEIGHT="137.0"></String>
          </TextLine>

          
          
          <TextLine ID="eSc_line_1850697"
                    
                    BASELINE="565 1294 993 1294 1196 1287 2087 1287 2748 1301" 
                    HPOS="561.0"
                    VPOS="1210.0"
                    WIDTH="2183.0"
                    HEIGHT="153.0">
            <Shape><Polygon POINTS="561 1291 603 1283 646 1249 821 1256 856 1222 886 1249 940 1249 967 1222 1020 1249 1062 1214 1093 1245 1257 1237 1280 1252 1303 1230 1334 1249 1425 1210 1456 1245 1490 1241 1513 1260 1532 1241 1601 1237 1662 1245 1689 1272 1716 1245 1769 1241 2129 1252 2159 1222 2213 1252 2247 1218 2282 1252 2335 1268 2362 1249 2523 1252 2542 1268 2587 1252 2630 1272 2702 1256 2744 1298 2698 1344 2580 1340 2561 1325 2511 1356 2488 1340 2446 1352 2419 1333 2274 1344 2259 1359 2236 1337 2156 1337 2129 1363 2094 1337 2064 1359 2033 1329 1995 1333 1980 1317 1949 1340 1792 1325 1544 1340 1517 1321 1460 1333 1422 1317 1372 1329 1207 1314 1116 1344 913 1333 798 1356 695 1333 642 1344 588 1291"/></Shape>
	    <String CONTENT="ואחד קטן הנבעלת לקטן חייבת שהיא אשתו של גדול והנבעלת לגדול פטורה"
                    HPOS="561.0"
                    VPOS="1210.0"
                    WIDTH="2183.0"
                    HEIGHT="153.0"></String>
          </TextLine>

          
          
          <TextLine ID="eSc_line_1850698"
                    
                    BASELINE="1009 1367 1303 1382 1613 1375 2293 1375 2561 1386 2733 1386" 
                    HPOS="1005.0"
                    VPOS="1317.0"
                    WIDTH="1724.0"
                    HEIGHT="161.0">
            <Shape><Polygon POINTS="1005 1363 1058 1333 1154 1371 1215 1317 1246 1340 1452 1329 1502 1367 1659 1367 1682 1344 1735 1344 1762 1367 1792 1340 1819 1367 1945 1363 1964 1344 2010 1340 2068 1363 2094 1337 2129 1363 2156 1337 2232 1337 2259 1363 2278 1344 2675 1344 2729 1382 2672 1436 2251 1421 2221 1447 2178 1424 2152 1440 2106 1398 1972 1394 1949 1371 1823 1371 1781 1405 1754 1379 1739 1390 1716 1371 1689 1390 1670 1371 1636 1371 1594 1375 1487 1463 1395 1474 1364 1443 1269 1478 1230 1474 1131 1375 1070 1405 1009 1371"/></Shape>
	    <String CONTENT="שהיא אשתו של קטן ˙˙ פרק ו&#39; ˙˙"
                    HPOS="1005.0"
                    VPOS="1317.0"
                    WIDTH="1724.0"
                    HEIGHT="161.0"></String>
          </TextLine>

          
          
          <TextLine ID="eSc_line_1850699"
                    
                    BASELINE="496 1478 634 1470 986 1470 1357 1493 1540 1474 1636 1470 2270 1478 2656 1478 2748 1468" 
                    HPOS="493.0"
                    VPOS="1379.0"
                    WIDTH="2251.0"
                    HEIGHT="168.0">
            <Shape><Polygon POINTS="493 1474 592 1386 653 1440 764 1440 902 1428 951 1379 1085 1470 1169 1478 1276 1478 1292 1463 1315 1482 1586 1466 1643 1421 1773 1413 1815 1428 1850 1409 1907 1432 2102 1421 2152 1440 2182 1424 2217 1443 2247 1424 2381 1440 2683 1432 2744 1466 2695 1524 2599 1547 2568 1528 2347 1528 2305 1508 2259 1524 2087 1512 1964 1528 1662 1508 1624 1524 1571 1470 1502 1474 1452 1501 1326 1489 1292 1524 1227 1482 1093 1474 1047 1520 913 1512 768 1543 646 1508 588 1531 519 1474"/></Shape>
	    <String CONTENT="העושה מאמר ביבמתו ונמצאת מעוברת וילדה בזמן שהולד"
                    HPOS="493.0"
                    VPOS="1379.0"
                    WIDTH="2251.0"
                    HEIGHT="168.0"></String>
          </TextLine>

          
          
          <TextLine ID="eSc_line_1850700"
                    
                    BASELINE="531 1558 688 1573 1120 1562 1880 1562 2748 1573" 
                    HPOS="527.0"
                    VPOS="1508.0"
                    WIDTH="2217.0"
                    HEIGHT="115.0">
            <Shape><Polygon POINTS="527 1554 577 1558 657 1520 783 1539 1093 1508 1272 1528 1315 1512 1559 1508 1949 1528 2523 1524 2595 1547 2679 1528 2744 1570 2683 1612 2610 1612 2580 1589 2549 1619 2523 1600 2373 1604 2335 1623 2312 1608 2052 1612 2026 1592 1961 1615 1884 1589 1865 1608 1666 1608 1636 1585 1552 1619 1509 1596 1292 1596 603 1623 531 1558"/></Shape>
	    <String CONTENT="של קיימא אין מאמרו מאמר הוא מותר בקרובותיה והיא מותרת בקרוביו ולא"
                    HPOS="527.0"
                    VPOS="1508.0"
                    WIDTH="2217.0"
                    HEIGHT="115.0"></String>
          </TextLine>

          
          
          <TextLine ID="eSc_line_1850701"
                    
                    BASELINE="558 1657 634 1650 963 1657 1865 1654 2415 1657 2549 1650 2748 1656" 
                    HPOS="554.0"
                    VPOS="1592.0"
                    WIDTH="2190.0"
                    HEIGHT="119.0">
            <Shape><Polygon POINTS="554 1654 630 1615 1487 1600 1555 1619 1613 1604 1865 1612 1880 1596 2003 1612 2022 1592 2048 1608 2549 1623 2591 1600 2610 1615 2683 1615 2744 1654 2683 1703 2519 1692 2473 1711 2427 1676 2362 1696 2221 1680 2152 1707 2125 1688 2029 1692 1991 1673 1941 1699 1869 1684 1823 1707 1792 1680 1334 1696 1299 1676 1246 1696 1116 1699 1005 1684 913 1707 737 1707 680 1676 638 1707 565 1654"/></Shape>
	    <String CONTENT="פסלה מן הכהונה אין הולד של קיימא מאמרו מאמר הוא אסור בקרובותיה"
                    HPOS="554.0"
                    VPOS="1592.0"
                    WIDTH="2190.0"
                    HEIGHT="119.0"></String>
          </TextLine>

          
          
          <TextLine ID="eSc_line_1850702"
                    
                    BASELINE="546 1738 917 1749 1047 1749 1295 1738 1857 1738 2240 1749 2549 1749 2744 1738" 
                    HPOS="542.0"
                    VPOS="1676.0"
                    WIDTH="2198.0"
                    HEIGHT="127.0">
            <Shape><Polygon POINTS="542 1734 623 1703 883 1696 921 1711 1207 1696 1299 1703 1326 1730 1422 1730 1525 1726 1555 1696 1601 1688 1796 1692 1827 1707 1850 1692 1945 1703 1976 1680 2163 1711 2221 1684 2285 1703 2404 1696 2427 1676 2461 1711 2599 1696 2679 1703 2740 1734 2683 1787 2465 1787 2381 1753 2343 1787 2266 1795 2236 1780 2045 1795 1903 1780 1850 1803 1815 1772 1605 1780 1540 1734 1353 1734 1303 1780 1257 1791 921 1791 902 1772 875 1791 760 1787 745 1803 592 1799 546 1753"/></Shape>
	    <String CONTENT="והיא אסורה בקרוביו ופסלה מן הכהונה ˙ הכונס את יבמתו ונמצאת"
                    HPOS="542.0"
                    VPOS="1676.0"
                    WIDTH="2198.0"
                    HEIGHT="127.0"></String>
          </TextLine>

          
          
          <TextLine ID="eSc_line_1850710"
                    
                    BASELINE="516 1825 917 1833 1211 1825 1800 1825 2500 1833 2725 1825" 
                    HPOS="512.0"
                    VPOS="1753.0"
                    WIDTH="2209.0"
                    HEIGHT="149.0">
            <Shape><Polygon POINTS="512 1822 623 1795 722 1791 745 1806 764 1787 902 1803 1337 1776 1716 1776 1819 1783 1850 1810 1876 1783 2266 1795 2347 1787 2381 1753 2419 1787 2630 1787 2683 1795 2721 1822 2683 1887 2572 1890 2423 1864 2343 1887 2232 1875 2198 1898 2163 1871 2026 1879 1964 1860 1884 1879 1854 1864 1804 1894 1777 1867 1678 1871 1662 1856 1567 1875 1429 1867 1410 1852 1387 1875 1334 1867 1311 1883 1242 1879 1196 1852 1127 1890 1081 1867 1024 1898 993 1871 905 1883 863 1860 829 1883 741 1875 714 1902 684 1875 588 1887 527 1825"/></Shape>
	    <String CONTENT="מעוברת וילדה בזמן שהולד של קיימא יוציא וחייבין בקרבן אין הולד של קיימא"
                    HPOS="512.0"
                    VPOS="1753.0"
                    WIDTH="2209.0"
                    HEIGHT="149.0"></String>
          </TextLine>

          
          
          <TextLine ID="eSc_line_1850711"
                    
                    BASELINE="554 1925 833 1932 1433 1913 2350 1932 2748 1925" 
                    HPOS="550.0"
                    VPOS="1871.0"
                    WIDTH="2194.0"
                    HEIGHT="119.0">
            <Shape><Polygon POINTS="550 1921 607 1887 688 1887 714 1906 733 1887 841 1883 993 1883 1032 1898 1081 1871 1123 1894 1177 1879 1211 1910 1242 1879 1322 1887 1337 1871 1735 1871 1804 1894 1842 1875 2106 1875 2175 1883 2198 1902 2236 1875 2423 1875 2633 1883 2744 1921 2614 1990 2584 1959 2415 1974 2373 1936 2343 1967 2213 1963 2163 1982 2129 1959 2091 1986 2052 1959 1831 1982 1800 1967 1601 1967 1563 1929 1513 1978 1483 1948 1456 1967 1227 1971 1196 1948 1173 1971 1154 1952 1093 1982 1058 1963 814 1978 753 1952 730 1974 703 1959 676 1986 615 1986 554 1925"/></Shape>
	    <String CONTENT="יקיים ספק שהוא בן קיימא ספק שאינו בן קיימא מטילין עליו שני חומרין ספק"
                    HPOS="550.0"
                    VPOS="1871.0"
                    WIDTH="2194.0"
                    HEIGHT="119.0"></String>
          </TextLine>

          
          
          <TextLine ID="eSc_line_1850703"
                    
                    BASELINE="531 2016 1754 2013 1964 2005 2737 2009" 
                    HPOS="527.0"
                    VPOS="1955.0"
                    WIDTH="2206.0"
                    HEIGHT="134.0">
            <Shape><Polygon POINTS="527 2013 577 2005 630 1971 688 2005 756 1955 818 1978 1498 1967 1521 1990 1540 1971 1574 1982 1739 1963 1823 1986 2048 1967 2094 1990 2121 1967 2159 1982 2377 1967 2404 1994 2423 1978 2584 1971 2614 1997 2675 1974 2733 2005 2683 2062 2645 2074 2614 2058 2458 2066 2415 2043 2228 2051 2213 2066 2182 2039 2125 2066 2075 2043 2048 2062 1743 2047 1701 2058 1594 2055 1536 2032 1487 2055 1322 2047 1303 2066 1150 2047 1070 2066 974 2055 890 2066 863 2089 825 2062 615 2066 561 2013"/></Shape>
	    <String CONTENT="בן תשעה לראשון ובן שבעה לאחרון הולד הראשון כשר לעשות כהן גדול [וה&#39;]"
                    HPOS="527.0"
                    VPOS="1955.0"
                    WIDTH="2206.0"
                    HEIGHT="134.0"></String>
          </TextLine>

          
          
          <TextLine ID="eSc_line_1850704"
                    
                    BASELINE="531 2089 733 2101 2740 2101" 
                    HPOS="527.0"
                    VPOS="2043.0"
                    WIDTH="2210.0"
                    HEIGHT="115.0">
            <Shape><Polygon POINTS="527 2085 634 2062 821 2062 852 2093 1013 2093 1039 2066 1089 2058 1307 2070 1326 2051 1720 2047 2052 2062 2079 2043 2125 2062 2217 2062 2232 2047 2679 2062 2737 2101 2675 2143 2435 2143 2377 2135 2358 2116 2320 2143 2048 2127 1968 2143 1934 2120 1873 2150 1834 2120 1762 2146 1628 2139 1609 2120 1586 2143 1475 2127 1460 2143 1349 2146 1295 2143 1272 2123 1238 2146 1108 2146 1020 2101 879 2101 837 2143 741 2158 615 2150 542 2089"/></Shape>
	    <String CONTENT="והשני ממזר בספק ר&#39; ליעזר בן יעקב אומ&#39; אין ממזר בספק ˙ העושה"
                    HPOS="527.0"
                    VPOS="2043.0"
                    WIDTH="2210.0"
                    HEIGHT="115.0"></String>
          </TextLine>

          
          
          <TextLine ID="eSc_line_1850705"
                    
                    BASELINE="546 2181 749 2192 1223 2192 1876 2173 2240 2185 2733 2177" 
                    HPOS="542.0"
                    VPOS="2131.0"
                    WIDTH="2187.0"
                    HEIGHT="115.0">
            <Shape><Polygon POINTS="542 2177 592 2143 749 2162 967 2135 1368 2150 1460 2146 1475 2131 1601 2154 1735 2154 1804 2135 1873 2154 1919 2135 2530 2150 2660 2139 2729 2173 2675 2227 2591 2223 2576 2238 2523 2219 2167 2230 2140 2207 2094 2230 1892 2215 1838 2230 1754 2215 1666 2227 1617 2204 1586 2230 1345 2230 1315 2211 1250 2238 1127 2238 1089 2215 963 2219 902 2242 711 2227 672 2246 607 2227 561 2181"/></Shape>
	    <String CONTENT="מאמר ביבמתו ונמצאת מעוברת הרי זו לא תנשא צרתה עד שיודע שהוא עובר"
                    HPOS="542.0"
                    VPOS="2131.0"
                    WIDTH="2187.0"
                    HEIGHT="115.0"></String>
          </TextLine>

          
          
          <TextLine ID="eSc_line_1850712"
                    
                    BASELINE="542 2284 657 2276 1360 2272 1647 2265 2580 2265 2737 2272" 
                    HPOS="539.0"
                    VPOS="2204.0"
                    WIDTH="2194.0"
                    HEIGHT="122.0">
            <Shape><Polygon POINTS="539 2280 615 2227 676 2249 707 2230 986 2227 1047 2265 1219 2269 1318 2211 1349 2234 1594 2230 1617 2207 1651 2230 2091 2230 2140 2204 2163 2227 2523 2223 2576 2242 2591 2227 2675 2230 2733 2269 2660 2314 2580 2295 2538 2318 2503 2299 2442 2311 2270 2295 2251 2314 2048 2314 1938 2295 1876 2318 1838 2295 1800 2311 1754 2299 1720 2318 1624 2299 1529 2318 1498 2295 1479 2314 1402 2326 1292 2318 1227 2272 1051 2272 1009 2314 925 2322 703 2318 680 2295 611 2318 561 2280"/></Shape>
	    <String CONTENT="של קיימא שאין הולד פוטר עד שיצא לאויר העולם ˙ שומרת יבם [ש&#39;]"
                    HPOS="539.0"
                    VPOS="2204.0"
                    WIDTH="2194.0"
                    HEIGHT="122.0"></String>
          </TextLine>

          
          
          <TextLine ID="eSc_line_1850713"
                    
                    BASELINE="546 2360 1915 2360 2117 2353 2737 2345" 
                    HPOS="542.0"
                    VPOS="2272.0"
                    WIDTH="2191.0"
                    HEIGHT="146.0">
            <Shape><Polygon POINTS="542 2356 634 2307 672 2322 1001 2318 1055 2272 1112 2311 1372 2326 1594 2318 1617 2299 1639 2314 1842 2311 1884 2326 1941 2307 2224 2303 2255 2318 2274 2299 2530 2318 2610 2307 2733 2341 2652 2398 2373 2398 2343 2383 2316 2410 2289 2391 1643 2406 1617 2387 1532 2418 1490 2391 1414 2410 1292 2395 1234 2410 1204 2395 1093 2414 1058 2387 982 2410 909 2410 890 2395 867 2418 818 2395 695 2418 672 2402 592 2414 546 2368"/></Shape>
	    <String CONTENT="שמתה מותר באמה מה היא למזונות כל זמן שנתחייב הבעל היבמין חייבין לא"
                    HPOS="542.0"
                    VPOS="2272.0"
                    WIDTH="2191.0"
                    HEIGHT="146.0"></String>
          </TextLine>

          
          
          <TextLine ID="eSc_line_1850706"
                    
                    BASELINE="588 2444 1949 2452 2297 2440 2565 2440 2725 2429" 
                    HPOS="584.0"
                    VPOS="2391.0"
                    WIDTH="2137.0"
                    HEIGHT="118.0">
            <Shape><Polygon POINTS="584 2440 626 2410 703 2421 818 2395 860 2418 894 2402 1016 2414 1058 2398 1085 2418 1299 2406 1529 2421 1548 2406 2190 2395 2301 2398 2320 2414 2343 2391 2672 2395 2721 2425 2664 2486 2545 2471 2523 2486 2358 2494 2335 2479 2270 2490 2251 2475 2232 2494 2213 2479 2113 2494 2052 2475 2022 2498 1926 2475 1876 2494 1850 2479 1823 2505 1804 2486 1685 2502 1513 2502 1498 2486 1437 2502 1410 2483 1360 2505 1322 2486 1162 2509 863 2486 642 2498 588 2444"/></Shape>
	    <String CONTENT="נתחייב הבעל אין היבמין חייבין הכונס את יבמתו זכה בנכסי אחיו ר&#39; יהודה"
                    HPOS="584.0"
                    VPOS="2391.0"
                    WIDTH="2137.0"
                    HEIGHT="118.0"></String>
          </TextLine>

          
          
          <TextLine ID="eSc_line_1850707"
                    
                    BASELINE="554 2532 875 2547 1360 2551 1643 2540 1796 2544 2190 2532 2568 2532 2721 2521" 
                    HPOS="550.0"
                    VPOS="2467.0"
                    WIDTH="2167.0"
                    HEIGHT="130.0">
            <Shape><Polygon POINTS="550 2528 607 2467 642 2502 863 2494 970 2509 1368 2505 1399 2483 1437 2505 1808 2490 1831 2509 1850 2490 1941 2486 2029 2502 2052 2479 2228 2498 2255 2479 2354 2494 2542 2479 2660 2490 2717 2517 2672 2578 2645 2582 2503 2574 2484 2589 2423 2570 2404 2586 2381 2567 2274 2589 2251 2574 2106 2582 2018 2563 1991 2578 1701 2578 1659 2593 1582 2593 1555 2574 1532 2597 1513 2582 1441 2593 1410 2574 1318 2597 1104 2597 1085 2582 768 2593 745 2574 726 2593 630 2589 573 2532"/></Shape>
	    <String CONTENT="אומ&#39; בין כך ובין כך אם יש שם אב הנכסין של אב אם אין שם אב נכסין של"
                    HPOS="550.0"
                    VPOS="2467.0"
                    WIDTH="2167.0"
                    HEIGHT="130.0"></String>
          </TextLine>

          
          
          <TextLine ID="eSc_line_1850708"
                    
                    BASELINE="550 2624 2010 2635 2729 2616" 
                    HPOS="546.0"
                    VPOS="2570.0"
                    WIDTH="2179.0"
                    HEIGHT="123.0">
            <Shape><Polygon POINTS="546 2620 581 2620 611 2593 726 2601 745 2582 779 2601 1116 2601 1364 2597 1383 2578 1540 2597 1559 2578 1609 2593 2018 2570 2048 2586 2194 2589 2408 2589 2427 2570 2492 2593 2507 2578 2668 2578 2725 2612 2679 2662 2645 2670 2591 2666 2572 2647 2549 2670 2469 2651 2446 2670 2255 2654 2198 2670 2148 2635 2079 2677 2052 2658 1972 2674 1919 2658 1659 2685 1609 2670 1502 2681 1483 2666 1062 2681 978 2677 951 2658 917 2685 886 2674 818 2693 795 2677 711 2681 688 2658 657 2685 550 2624"/></Shape>
	    <String CONTENT="אחין ארבעה חייבין מן התורה וארבעה שנייה להן אביו ובנו אחיו ובן אחיו [^]"
                    HPOS="546.0"
                    VPOS="2570.0"
                    WIDTH="2179.0"
                    HEIGHT="123.0"></String>
          </TextLine>

          
          
          <TextLine ID="eSc_line_1850709"
                    
                    BASELINE="573 2712 783 2723 1509 2727 2033 2708 2595 2708 2748 2689" 
                    HPOS="569.0"
                    VPOS="2651.0"
                    WIDTH="2175.0"
                    HEIGHT="133.0">
            <Shape><Polygon POINTS="569 2708 623 2677 657 2681 684 2654 711 2681 791 2677 818 2693 837 2677 921 2689 955 2658 1016 2685 1337 2670 1662 2689 1896 2666 2060 2670 2083 2685 2175 2658 2194 2674 2389 2674 2450 2670 2469 2651 2561 2685 2584 2666 2744 2685 2675 2750 2645 2754 2370 2742 2178 2765 2041 2746 2022 2765 1987 2750 1873 2758 1781 2742 1762 2761 1574 2761 1521 2784 1399 2758 1326 2777 1185 2754 1123 2769 1100 2750 1058 2769 948 2769 928 2754 825 2773 795 2742 760 2765 665 2761 626 2777 573 2723"/></Shape>
	    <String CONTENT="הרי אילו חייבין עליה אבי אביו ואבי אמו בן בנו ובן בתו הרי אילו שנייה להן"
                    HPOS="569.0"
                    VPOS="2651.0"
                    WIDTH="2175.0"
                    HEIGHT="133.0"></String>
          </TextLine>

          
          
          <TextLine ID="eSc_line_1850683"
                    
                    BASELINE="588 2815 1200 2815 1628 2800 2075 2803 2542 2788 2748 2792" 
                    HPOS="584.0"
                    VPOS="2746.0"
                    WIDTH="2160.0"
                    HEIGHT="126.0">
            <Shape><Polygon POINTS="584 2811 649 2765 760 2773 787 2746 821 2777 997 2761 1299 2765 1322 2780 1406 2761 1521 2784 1571 2765 1766 2761 1781 2746 1911 2765 2022 2765 2041 2746 2175 2765 2668 2746 2702 2780 2744 2788 2714 2788 2675 2826 2649 2811 2622 2838 2496 2842 2446 2807 2393 2838 2201 2845 2175 2872 2083 2815 2052 2845 1972 2853 1724 2845 1697 2822 1624 2849 1540 2842 1517 2865 1349 2838 1322 2861 1292 2845 1207 2861 1162 2834 1116 2861 1085 2830 1058 2853 1009 2857 955 2834 928 2865 841 2865 691 2857 603 2811"/></Shape>
	    <String CONTENT="חומר בגרושה שאין בחלוצה ובחלוצה שאין בגרושה גרושה מותרת לחזור"
                    HPOS="584.0"
                    VPOS="2746.0"
                    WIDTH="2160.0"
                    HEIGHT="126.0"></String>
          </TextLine>

          
          
          <TextLine ID="eSc_line_1850682"
                    
                    BASELINE="573 2907 783 2903 1200 2910 1571 2895 2159 2891 2737 2868" 
                    HPOS="569.0"
                    VPOS="2811.0"
                    WIDTH="2164.0"
                    HEIGHT="153.0">
            <Shape><Polygon POINTS="569 2903 630 2857 925 2865 959 2838 1009 2861 1051 2857 1078 2830 1112 2865 1158 2834 1192 2865 1288 2853 1322 2868 1345 2845 1364 2861 1513 2865 1540 2845 1983 2853 2048 2845 2079 2815 2175 2872 2221 2845 2415 2842 2446 2811 2484 2842 2610 2842 2649 2811 2702 2861 2733 2865 2668 2929 2603 2922 2576 2949 2549 2922 2488 2918 2435 2937 2373 2926 2358 2941 2324 2914 2228 2937 1834 2926 1746 2941 1685 2929 1659 2945 1414 2937 1353 2952 1242 2945 1215 2926 1185 2952 1108 2952 1043 2922 1016 2952 1001 2937 944 2956 852 2952 833 2937 779 2964 691 2949 600 2903"/></Shape>
	    <String CONTENT="למגרש לפיכך חייב על קרובותיה חלוצה אסורה לחזור לחלוץ לפיכך פטור"
                    HPOS="569.0"
                    VPOS="2811.0"
                    WIDTH="2164.0"
                    HEIGHT="153.0"></String>
          </TextLine>

          
          
          <TextLine ID="eSc_line_1850688"
                    
                    BASELINE="561 2979 730 2994 1074 2994 1292 2983 1502 2987 1854 2975 2243 2975 2721 2960" 
                    HPOS="558.0"
                    VPOS="2926.0"
                    WIDTH="2159.0"
                    HEIGHT="118.0">
            <Shape><Polygon POINTS="558 2975 653 2933 783 2968 825 2945 1016 2960 1047 2929 1070 2952 1185 2952 1207 2937 1234 2952 1360 2952 1983 2929 2113 2945 2255 2926 2362 2949 2377 2933 2549 2926 2576 2952 2603 2926 2717 2956 2668 3017 2633 3029 2576 3006 2538 3033 2507 3013 2366 3025 2293 3006 2266 3021 2106 3029 1968 3013 1896 3021 1876 3040 1819 3017 1567 3036 1391 3036 1372 3017 1337 3044 1188 3021 1158 3036 886 3025 722 3044 680 3017 630 3040 569 2979"/></Shape>
	    <String CONTENT="על קרובותיה שומרת יבם שקידש אחיו את אחותה או שקידשה היא את"
                    HPOS="558.0"
                    VPOS="2926.0"
                    WIDTH="2159.0"
                    HEIGHT="118.0"></String>
          </TextLine>

          
          
          <TextLine ID="eSc_line_1850690"
                    
                    BASELINE="554 3067 741 3082 1376 3082 1578 3075 2018 3078 2725 3056" 
                    HPOS="550.0"
                    VPOS="3006.0"
                    WIDTH="2171.0"
                    HEIGHT="137.0">
            <Shape><Polygon POINTS="550 3063 600 3036 695 3029 753 3044 1093 3029 1334 3048 1360 3021 1391 3040 1827 3025 1884 3036 1934 3021 2243 3029 2293 3006 2328 3025 2507 3021 2526 3036 2568 3021 2668 3025 2721 3056 2660 3109 2607 3120 2484 3105 2347 3117 2274 3090 2148 3124 2037 3124 1980 3105 1964 3120 1880 3109 1517 3128 1452 3105 1425 3132 1410 3117 1395 3132 1196 3128 1181 3143 1154 3120 1078 3132 1058 3113 978 3113 902 3140 837 3128 810 3101 779 3132 707 3140 611 3128 554 3071"/></Shape>
	    <String CONTENT="עצמה משם ר&#39; יהודה בן בתירא אמרו אומרין לו המתן עד שיעשה מעשה"
                    HPOS="550.0"
                    VPOS="3006.0"
                    WIDTH="2171.0"
                    HEIGHT="137.0"></String>
          </TextLine>

          
          
          <TextLine ID="eSc_line_1850686"
                    
                    BASELINE="504 3162 741 3174 1139 3174 1265 3166 1655 3166 2320 3151 2748 3151" 
                    HPOS="500.0"
                    VPOS="3105.0"
                    WIDTH="2244.0"
                    HEIGHT="153.0">
            <Shape><Polygon POINTS="500 3159 561 3124 779 3136 810 3105 841 3132 894 3140 1051 3124 1154 3128 1181 3147 1196 3132 1429 3132 1456 3105 1513 3128 2484 3105 2675 3113 2706 3143 2744 3147 2641 3208 2503 3182 2446 3208 2381 3193 2182 3216 2163 3201 1972 3201 1945 3182 1922 3208 1899 3197 1769 3220 1720 3201 1464 3208 1380 3227 1253 3220 1227 3247 1200 3220 1142 3220 1108 3193 1074 3220 871 3224 829 3220 798 3193 768 3220 726 3189 703 3216 607 3216 561 3258 508 3208"/></Shape>
	    <String CONTENT="עד שיעשה או עד שתחלוץ או עד שתתיבם מת המקדש המיבם חולץ לשתיהן"
                    HPOS="500.0"
                    VPOS="3105.0"
                    WIDTH="2244.0"
                    HEIGHT="153.0"></String>
          </TextLine>

          
          
          <TextLine ID="eSc_line_1850684"
                    
                    BASELINE="558 3266 707 3258 1437 3262 2599 3239 2748 3243" 
                    HPOS="554.0"
                    VPOS="3189.0"
                    WIDTH="2190.0"
                    HEIGHT="126.0">
            <Shape><Polygon POINTS="554 3262 607 3220 695 3224 726 3193 768 3231 798 3201 825 3224 1070 3224 1104 3197 1131 3224 1200 3220 1223 3243 1246 3220 1376 3231 1704 3208 1922 3216 1949 3189 1968 3208 2205 3216 2675 3201 2706 3231 2744 3239 2664 3292 2381 3281 2274 3308 2228 3285 2094 3292 2071 3269 2045 3300 1976 3289 1957 3308 1838 3292 1383 3315 1303 3300 1116 3311 1085 3296 1055 3315 844 3315 791 3289 768 3311 726 3300 646 3315 588 3269 561 3273"/></Shape>
	    <String CONTENT="מת המיבם המקדש מוציא את אשתו בגט ואשת אחיו בחליצה משם ר&#39; ליעזר"
                    HPOS="554.0"
                    VPOS="3189.0"
                    WIDTH="2190.0"
                    HEIGHT="126.0"></String>
          </TextLine>

          
          
          <TextLine ID="eSc_line_1850685"
                    
                    BASELINE="561 3342 1567 3353 1899 3342 2427 3342 2545 3334 2729 3342" 
                    HPOS="558.0"
                    VPOS="3277.0"
                    WIDTH="2167.0"
                    HEIGHT="138.0">
            <Shape><Polygon POINTS="558 3338 626 3311 703 3311 730 3338 928 3342 951 3319 1089 3300 1169 3315 1643 3311 1953 3304 1968 3289 2041 3300 2068 3277 2091 3300 2232 3296 2266 3311 2289 3296 2672 3292 2725 3338 2679 3376 2641 3380 2079 3384 2045 3353 2018 3380 1789 3380 1659 3399 1628 3380 1552 3403 1303 3392 1280 3415 1223 3392 1005 3399 928 3346 883 3342 764 3342 714 3392 676 3399 603 3342"/></Shape>
	    <String CONTENT="אמרו מתה אשתו חולץ ליבמתו מתה יבמתו כונס את אשתו ˙ מי"
                    HPOS="558.0"
                    VPOS="3277.0"
                    WIDTH="2167.0"
                    HEIGHT="138.0"></String>
          </TextLine>

          
          
          <TextLine ID="eSc_line_1850689"
                    
                    BASELINE="542 3418 1162 3441 1387 3441 1727 3430 2714 3411" 
                    HPOS="539.0"
                    VPOS="3361.0"
                    WIDTH="2171.0"
                    HEIGHT="126.0">
            <Shape><Polygon POINTS="539 3415 607 3361 672 3411 718 3384 768 3380 1001 3399 1219 3392 1280 3415 1303 3392 1876 3392 2026 3384 2048 3361 2071 3380 2232 3388 2668 3376 2710 3407 2672 3460 2492 3476 2133 3453 1808 3480 1781 3453 1758 3476 1716 3480 1586 3483 1552 3464 1525 3483 1288 3468 1150 3487 967 3487 894 3460 818 3476 795 3453 768 3472 718 3472 672 3426 600 3476 546 3422"/></Shape>
	    <String CONTENT="שהיה נשוי שתי נשים ומת ביאתה או חליצתה של אחת מהן פוטרת את [צ&#39;]"
                    HPOS="539.0"
                    VPOS="3361.0"
                    WIDTH="2171.0"
                    HEIGHT="126.0"></String>
          </TextLine>

          
          
          <TextLine ID="eSc_line_1850687"
                    
                    BASELINE="558 3522 2121 3522 2587 3510 2748 3496" 
                    HPOS="554.0"
                    VPOS="3430.0"
                    WIDTH="2190.0"
                    HEIGHT="248.0">
            <Shape><Polygon POINTS="554 3518 665 3430 726 3487 787 3453 818 3480 860 3480 886 3457 909 3480 997 3487 1070 3476 1349 3491 1754 3480 1777 3457 1804 3480 2129 3457 2171 3472 2232 3457 2473 3472 2675 3457 2714 3495 2744 3495 2633 3586 2591 3548 2523 3586 2480 3552 2412 3548 2370 3579 2354 3571 2251 3674 2228 3678 2209 3663 2175 3671 2121 3625 2087 3651 1999 3564 1941 3579 1922 3560 1884 3560 1796 3598 1766 3567 1670 3575 1647 3560 1578 3629 1467 3579 1406 3640 1360 3644 1295 3583 1242 3571 1192 3609 1173 3590 1150 3613 1123 3586 1089 3598 1047 3571 1005 3594 955 3567 860 3648 806 3594 684 3575 653 3598 600 3560 561 3583"/></Shape>
	    <String CONTENT="צרתה היתה אחת מהן אסורה לאחד מן האחין אסור ערוה וחלץ לה לא"
                    HPOS="554.0"
                    VPOS="3430.0"
                    WIDTH="2190.0"
                    HEIGHT="248.0"></String>
          </TextLine>

          
        </TextBlock>
        

        
      </PrintSpace>
    </Page>
  </Layout>
</alto>
