<?xml version="1.0" encoding="UTF-8"?>
<alto xmlns:xsi="http://www.w3.org/2001/XMLSchema-instance"
      xmlns="http://www.loc.gov/standards/alto/ns-v4#"
      xsi:schemaLocation="http://www.loc.gov/standards/alto/ns-v4# http://www.loc.gov/standards/alto/v4/alto-4-2.xsd">
  <Description>
    <MeasurementUnit>pixel</MeasurementUnit>
    <sourceImageInformation>
      <fileName>Cod.Hebr.20_146v.jpg</fileName>
      
    </sourceImageInformation>
  </Description>
  
  <Tags>
    <OtherTag ID="BT1" LABEL="Title" DESCRIPTION="block type Title"/><OtherTag ID="BT2" LABEL="Main" DESCRIPTION="block type Main"/><OtherTag ID="BT3" LABEL="Commentary" DESCRIPTION="block type Commentary"/><OtherTag ID="BT4" LABEL="Illustration" DESCRIPTION="block type Illustration"/><OtherTag ID="BT747" LABEL="Hole" DESCRIPTION="block type Hole"/><OtherTag ID="BT748" LABEL="Margin" DESCRIPTION="block type Margin"/><OtherTag ID="BT749" LABEL="Paratext" DESCRIPTION="block type Paratext"/>
    <OtherTag ID="LT3" LABEL="Correction" DESCRIPTION="line type Correction"/>
  </Tags>
  
  <Layout>
    <Page WIDTH="3701"
          HEIGHT="4602"
          PHYSICAL_IMG_NR="276"
          ID="eSc_dummypage_">
      <PrintSpace HPOS="0"
                  VPOS="0"
                  WIDTH="3701"
                  HEIGHT="4602">
        
        <TextBlock HPOS="547.0"
                   VPOS="452.0"
                   WIDTH="2178.0"
                   HEIGHT="3220.0"
                   ID="eSc_textblock_915131da"
                   TAGREFS="BT2">
          <Shape><Polygon POINTS="547 452 2725 452 2725 3672 547 3672"/></Shape>
          
          
          <TextLine ID="eSc_line_1853104"
                    
                    BASELINE="1215 483 1396 513 1618 525 1827 520 2353 511 2723 513" 
                    HPOS="1204.0"
                    VPOS="452.0"
                    WIDTH="1515.0"
                    HEIGHT="153.0">
            <Shape><Polygon POINTS="1211 479 1211 452 1511 471 2711 471 2719 510 2715 556 2496 586 2496 586 2492 586 2492 586 2492 586 2489 586 2489 586 2489 586 2485 586 2439 556 2431 548 2420 552 2381 571 2381 571 2377 571 2377 571 2377 571 2374 571 2374 571 2258 552 2251 552 2243 552 2120 575 2120 575 2117 575 2117 575 1925 552 1863 552 1814 598 1814 602 1814 602 1810 602 1810 602 1810 602 1806 602 1806 602 1806 605 1480 605 1476 602 1419 598 1419 598 1415 598 1415 598 1415 598 1411 598 1411 598 1411 594 1350 540 1346 540 1204 540"/></Shape>
	    <String CONTENT="הגט בטל ˙˙ פרק ה&#39; ˙˙"
                    HPOS="1204.0"
                    VPOS="452.0"
                    WIDTH="1515.0"
                    HEIGHT="153.0"></String>
          </TextLine>

          
          
          <TextLine ID="eSc_line_1853105"
                    
                    BASELINE="510 617 1265 602 1595 636 1837 621 2009 617 2723 621" 
                    HPOS="506.0"
                    VPOS="498.0"
                    WIDTH="2213.0"
                    HEIGHT="184.0">
            <Shape><Polygon POINTS="506 613 556 602 628 529 667 559 755 575 847 548 901 571 1000 563 1031 544 1093 556 1154 498 1200 544 1284 559 1307 540 1384 605 1549 625 1572 609 1587 625 1652 609 1702 621 1729 602 1745 617 1791 613 1825 579 1856 582 1875 563 1894 582 1932 559 1994 579 2067 529 2117 579 2178 559 2308 575 2335 548 2397 579 2661 571 2719 617 2684 663 2619 644 2596 667 2550 674 2339 667 2308 648 2278 667 2247 648 2159 674 1955 674 1913 632 1875 640 1844 617 1710 659 1672 628 1652 648 1614 644 1572 678 1511 625 1384 613 1280 651 1127 648 1096 632 1077 651 870 674 763 663 690 682 667 663 605 667 552 613"/></Shape>
	    <String CONTENT="היה צלוב ומגוייד ורמז לכתוב גט לאשתו כותבין ונותנין לה"
                    HPOS="506.0"
                    VPOS="498.0"
                    WIDTH="2213.0"
                    HEIGHT="184.0"></String>
          </TextLine>

          
          
          <TextLine ID="eSc_line_1853106"
                    
                    BASELINE="533 705 744 713 1165 697 1334 697 1484 705 2101 713 2634 705 2757 694" 
                    HPOS="529.0"
                    VPOS="621.0"
                    WIDTH="2224.0"
                    HEIGHT="149.0">
            <Shape><Polygon POINTS="529 701 563 697 598 667 686 682 751 667 866 674 1070 659 1093 636 1127 655 1338 655 1357 640 1388 651 1419 621 1449 625 1491 663 1564 678 1614 655 1871 674 1913 636 1952 674 2561 671 2623 644 2650 671 2753 690 2676 763 2607 751 2546 770 2512 747 2469 755 2446 740 2420 755 2281 759 2251 743 2159 763 2078 747 1764 763 1714 740 1687 763 1649 724 1618 755 1553 759 1445 747 1415 720 1342 751 1135 736 954 759 908 740 786 767 621 755 563 705"/></Shape>
	    <String CONTENT="כל זמן שיש בו נשמה היה חולה ומשותק אמרו לו נכתוב גט לאשתך הרכין בראשו"
                    HPOS="529.0"
                    VPOS="621.0"
                    WIDTH="2224.0"
                    HEIGHT="149.0"></String>
          </TextLine>

          
          
          <TextLine ID="eSc_line_1853107"
                    
                    BASELINE="536 793 962 801 1108 793 1472 793 1817 805 2347 805 2742 793" 
                    HPOS="533.0"
                    VPOS="728.0"
                    WIDTH="2205.0"
                    HEIGHT="142.0">
            <Shape><Polygon POINTS="533 790 590 763 790 774 805 759 970 751 1384 751 1407 728 1442 755 1576 755 1656 774 1710 743 1737 763 2232 763 2258 743 2281 763 2676 759 2703 786 2738 790 2676 851 2611 839 2554 866 2469 843 2370 851 2350 836 2078 859 1948 836 1729 855 1691 816 1660 847 1434 847 1407 828 1353 847 1319 824 1280 851 1231 820 1208 843 1104 824 1073 851 1031 828 974 839 951 862 931 843 724 859 667 843 605 870 536 797"/></Shape>
	    <String CONTENT="בודקין אותו שלשה פעמים אם אמ&#39; על ליו ליו ועל הן הן דבריו קיימין וכשם שבודקין"
                    HPOS="533.0"
                    VPOS="728.0"
                    WIDTH="2205.0"
                    HEIGHT="142.0"></String>
          </TextLine>

          
          
          <TextLine ID="eSc_line_1853108"
                    
                    BASELINE="540 882 977 889 1315 878 1863 897 2738 889" 
                    HPOS="536.0"
                    VPOS="824.0"
                    WIDTH="2198.0"
                    HEIGHT="123.0">
            <Shape><Polygon POINTS="536 878 632 874 663 847 954 859 974 839 1211 843 1231 824 1277 851 1311 832 1350 847 1484 836 1664 851 1695 824 1729 859 1921 855 1940 836 2071 859 2350 843 2546 866 2577 851 2673 855 2734 885 2676 939 2646 943 2569 943 2546 928 2339 939 2308 908 2278 939 2147 928 2124 947 2109 931 1998 939 1975 924 1925 943 1599 939 1472 920 1158 931 1116 905 1089 924 862 931 843 947 816 928 667 943 605 931 556 882"/></Shape>
	    <String CONTENT="אותו לגיטין כך בודקין אותו למקחות ולמתנות ולירושות ולעידיות זה גיטיך מהיום [^]"
                    HPOS="536.0"
                    VPOS="824.0"
                    WIDTH="2198.0"
                    HEIGHT="123.0"></String>
          </TextLine>

          
          
          <TextLine ID="eSc_line_1853109"
                    
                    BASELINE="540 981 763 981 1070 970 1442 970 2009 989 2327 989 2630 981 2738 985" 
                    HPOS="536.0"
                    VPOS="920.0"
                    WIDTH="2198.0"
                    HEIGHT="115.0">
            <Shape><Polygon POINTS="536 977 575 974 609 943 1373 920 1840 947 1871 931 2063 935 2132 954 2147 939 2669 939 2734 981 2669 1027 2339 1027 2312 1000 2270 1027 2040 1027 2013 1000 1990 1023 1737 1012 1618 1027 1549 997 1530 1016 1507 1000 1280 1016 1131 1004 1116 1020 1089 1004 1043 1020 1012 993 993 1012 816 1020 793 1004 774 1023 751 1012 682 1031 648 1016 605 1035 540 977"/></Shape>
	    <String CONTENT="אם מתי מחולי זה אם מתי מחולי הרי זה גיטיך מהיום דבריו קיימין זה גיטיך מהיום"
                    HPOS="536.0"
                    VPOS="920.0"
                    WIDTH="2198.0"
                    HEIGHT="115.0"></String>
          </TextLine>

          
          
          <TextLine ID="eSc_line_1853110"
                    
                    BASELINE="556 1069 717 1062 1039 1066 1188 1058 1817 1058 2278 1073 2723 1066" 
                    HPOS="552.0"
                    VPOS="997.0"
                    WIDTH="2167.0"
                    HEIGHT="122.0">
            <Shape><Polygon POINTS="552 1066 651 1012 698 1035 778 1027 797 1008 993 1020 1016 997 1035 1016 1135 1004 1526 1023 1553 1004 1572 1023 1629 1031 1978 1031 2013 1004 2036 1027 2086 1035 2266 1027 2312 997 2343 1027 2661 1031 2719 1062 2653 1119 2301 1100 2128 1119 2094 1096 2051 1119 1998 1100 1955 1115 1453 1108 1365 1104 1338 1077 1300 1104 816 1089 767 1112 678 1100 609 1115 559 1066"/></Shape>
	    <String CONTENT="אם מתי מחולי זה נפל עליו בית ונשכו נחש אינו גט שלא מת מאותו חולי אם לא"
                    HPOS="552.0"
                    VPOS="997.0"
                    WIDTH="2167.0"
                    HEIGHT="122.0"></String>
          </TextLine>

          
          
          <TextLine ID="eSc_line_1853114"
                    
                    BASELINE="767 1135 1089 1146 2025 1150 2228 1158 2485 1158 2738 1146" 
                    HPOS="763.0"
                    VPOS="1096.0"
                    WIDTH="1971.0"
                    HEIGHT="108.0">
            <Shape><Polygon POINTS="763 1131 770 1115 801 1131 832 1104 893 1096 1246 1096 1990 1108 2028 1123 2573 1115 2669 1119 2734 1142 2646 1204 2561 1188 2512 1200 2485 1173 2458 1200 2101 1204 2067 1204 2048 1185 1817 1192 1791 1173 1768 1192 1365 1173 1254 1188 1158 1173 859 1185 809 1138 767 1177"/></Shape>
	    <String CONTENT="עמדתי מחולי זה נפל עליו בית ונשכו נחש אינו גט שלא עמד מאותו חולי ˙"
                    HPOS="763.0"
                    VPOS="1096.0"
                    WIDTH="1971.0"
                    HEIGHT="108.0"></String>
          </TextLine>

          
          
          <TextLine ID="eSc_line_1853115"
                    
                    BASELINE="556 1223 675 1234 1791 1231 2730 1242" 
                    HPOS="552.0"
                    VPOS="1169.0"
                    WIDTH="2174.0"
                    HEIGHT="127.0">
            <Shape><Polygon POINTS="552 1219 594 1185 947 1181 997 1196 1365 1169 1771 1204 1794 1185 2458 1204 2485 1177 2512 1204 2538 1188 2615 1208 2676 1200 2726 1238 2657 1284 2343 1284 2304 1257 2285 1277 2048 1273 2025 1296 2001 1273 1699 1277 1675 1254 1637 1273 1606 1242 1553 1273 1468 1250 1419 1265 1303 1250 1288 1265 1200 1261 1162 1277 763 1284 686 1261 648 1284 602 1277 556 1231"/></Shape>
	    <String CONTENT="האומ&#39; לאשתו הרי זה גיטיך מהיום לאחר מיתה ר&#39; אומ&#39; גט וחכמים אומ&#39; אינו גט ואם"
                    HPOS="552.0"
                    VPOS="1169.0"
                    WIDTH="2174.0"
                    HEIGHT="127.0"></String>
          </TextLine>

          
          
          <TextLine ID="eSc_line_1853116"
                    
                    BASELINE="525 1315 805 1326 1016 1315 1534 1315 1906 1326 2600 1323 2719 1330" 
                    HPOS="521.0"
                    VPOS="1246.0"
                    WIDTH="2194.0"
                    HEIGHT="138.0">
            <Shape><Polygon POINTS="521 1311 563 1311 594 1280 671 1284 694 1261 721 1284 1273 1269 1307 1250 1330 1265 1564 1277 1610 1246 1641 1277 1683 1261 1699 1277 1894 1280 1952 1300 2005 1284 2028 1300 2051 1277 2278 1284 2320 1257 2370 1288 2665 1284 2715 1326 2653 1372 2466 1361 2427 1380 2370 1361 2028 1372 1975 1326 1925 1361 1821 1384 1779 1357 1534 1369 1403 1346 1319 1349 1303 1365 1277 1342 1254 1357 1012 1357 958 1338 924 1372 905 1353 602 1369 548 1315 525 1315"/></Shape>
	    <String CONTENT="מת חולצת ולא מתיבמת ˙ וכן האומ&#39; לשפחתו הילך גט שיחרוריך מהיום לאחר"
                    HPOS="521.0"
                    VPOS="1246.0"
                    WIDTH="2194.0"
                    HEIGHT="138.0"></String>
          </TextLine>

          
          
          <TextLine ID="eSc_line_1853117"
                    
                    BASELINE="556 1399 1438 1399 2209 1418 2588 1411 2734 1399" 
                    HPOS="552.0"
                    VPOS="1353.0"
                    WIDTH="2178.0"
                    HEIGHT="111.0">
            <Shape><Polygon POINTS="552 1395 582 1369 694 1376 713 1357 824 1357 870 1388 947 1388 989 1361 1280 1353 1672 1369 1771 1357 1821 1384 1886 1361 2335 1380 2366 1365 2431 1384 2485 1361 2630 1369 2730 1395 2657 1457 2588 1438 2565 1461 2466 1449 2381 1464 2044 1438 1837 1457 1652 1449 1622 1430 1576 1449 1549 1426 1453 1453 1407 1415 1365 1445 1269 1453 1185 1438 1150 1453 1031 1453 981 1415 947 1438 905 1395 882 1395 839 1438 824 1426 805 1445 628 1461 590 1453 556 1418"/></Shape>
	    <String CONTENT="מיתה ר&#39; אומ&#39; גט שיחרור וחכמים או&#39; שחרורי עבדים כגיטי נשים ˙ האומ&#39; עשו"
                    HPOS="552.0"
                    VPOS="1353.0"
                    WIDTH="2178.0"
                    HEIGHT="111.0"></String>
          </TextLine>

          
          
          <TextLine ID="eSc_line_1853118"
                    
                    BASELINE="559 1484 1560 1495 1752 1491 2109 1503 2719 1503" 
                    HPOS="556.0"
                    VPOS="1415.0"
                    WIDTH="2159.0"
                    HEIGHT="165.0">
            <Shape><Polygon POINTS="556 1480 575 1449 744 1457 805 1453 824 1434 847 1453 1311 1453 1373 1445 1403 1415 1468 1457 1507 1438 1606 1453 1629 1430 1660 1453 1925 1461 2604 1453 2653 1461 2715 1499 2653 1553 2554 1549 2531 1534 2458 1568 2400 1534 2335 1580 2301 1541 2255 1545 2205 1518 2170 1545 2082 1549 1886 1534 1863 1549 1840 1530 1764 1530 1549 1549 1480 1530 1330 1526 1204 1553 1181 1530 1135 1541 970 1526 924 1541 893 1514 866 1541 797 1537 774 1553 751 1530 613 1537 559 1507"/></Shape>
	    <String CONTENT="פלני עבדי בן חורין מהיום לאחר מיתה לא אמ&#39; כלום וכופין את היורשין לקיים דברי"
                    HPOS="556.0"
                    VPOS="1415.0"
                    WIDTH="2159.0"
                    HEIGHT="165.0"></String>
          </TextLine>

          
          
          <TextLine ID="eSc_line_1853119"
                    
                    BASELINE="525 1587 736 1580 1411 1587 2182 1583 2358 1591 2696 1591" 
                    HPOS="521.0"
                    VPOS="1522.0"
                    WIDTH="2171.0"
                    HEIGHT="130.0">
            <Shape><Polygon POINTS="521 1583 559 1580 605 1537 782 1557 801 1537 874 1549 901 1522 928 1545 1204 1553 1269 1537 1683 1537 2109 1541 2182 1557 2209 1534 2304 1549 2335 1580 2423 1580 2535 1541 2657 1553 2692 1587 2661 1633 2638 1637 2519 1637 2462 1587 2370 1587 2320 1633 2239 1637 2159 1633 2143 1618 2117 1641 2097 1622 2063 1637 1821 1637 1768 1622 1576 1629 1560 1614 1472 1633 1457 1618 1426 1633 1311 1618 1269 1633 1108 1622 1050 1637 1008 1618 970 1637 912 1626 889 1641 747 1622 648 1645 625 1626 575 1652 525 1603"/></Shape>
	    <String CONTENT="המת ˙ זה גיטיך מהיום אם מתי מחולי זה ימים שבנתים זכיי במציאתה [במע&#39;]"
                    HPOS="521.0"
                    VPOS="1522.0"
                    WIDTH="2171.0"
                    HEIGHT="130.0"></String>
          </TextLine>

          
          
          <TextLine ID="eSc_line_1853120"
                    
                    BASELINE="548 1668 1070 1679 2416 1675 2723 1683" 
                    HPOS="544.0"
                    VPOS="1618.0"
                    WIDTH="2175.0"
                    HEIGHT="126.0">
            <Shape><Polygon POINTS="544 1664 575 1664 625 1626 651 1649 686 1649 751 1622 782 1637 897 1641 920 1626 954 1641 1116 1622 1254 1637 1323 1618 1376 1637 1560 1618 1576 1633 1775 1626 1948 1645 2120 1645 2147 1622 2163 1637 2650 1637 2719 1679 2657 1729 2588 1710 2515 1733 2362 1706 2320 1725 2159 1729 2132 1710 2097 1725 2025 1706 1959 1725 1925 1698 1894 1725 1852 1702 1775 1721 1752 1698 1695 1718 1637 1698 1606 1721 1342 1721 1311 1695 1273 1725 1181 1733 1112 1698 1047 1725 797 1733 763 1718 736 1744 678 1691 613 1725 548 1668"/></Shape>
	    <String CONTENT="במעשה ידיה ובהפר נדריה דברי ר&#39; יהודה ר&#39; מאיר או&#39; ספק ר&#39; יוסה או&#39; בעילתו [ת&#39;]"
                    HPOS="544.0"
                    VPOS="1618.0"
                    WIDTH="2175.0"
                    HEIGHT="126.0"></String>
          </TextLine>

          
          
          <TextLine ID="eSc_line_1853121"
                    
                    BASELINE="556 1760 767 1771 1817 1767 2584 1771 2726 1760" 
                    HPOS="552.0"
                    VPOS="1698.0"
                    WIDTH="2171.0"
                    HEIGHT="127.0">
            <Shape><Polygon POINTS="552 1756 602 1721 701 1710 736 1741 763 1714 793 1729 1572 1725 1614 1721 1637 1698 1664 1721 1825 1721 1848 1741 1921 1702 1959 1729 2324 1729 2362 1710 2381 1725 2542 1733 2588 1710 2723 1756 2669 1813 2627 1825 2569 1806 2500 1821 2347 1802 2293 1817 2128 1817 2082 1802 1967 1817 1875 1813 1856 1794 1798 1817 1745 1794 1706 1813 1610 1813 1576 1794 1545 1810 1185 1810 1093 1787 1035 1821 977 1790 893 1817 836 1802 763 1821 617 1810 556 1760"/></Shape>
	    <String CONTENT="תלויה וחכמי&#39; אומ&#39; מגורשת לכל דבר ובלבד שימות לא תתיחד עמו אפי&#39; על ← בנה"
                    HPOS="552.0"
                    VPOS="1698.0"
                    WIDTH="2171.0"
                    HEIGHT="127.0"></String>
          </TextLine>

          
          
          <TextLine ID="eSc_line_1853122"
                    
                    BASELINE="544 1856 797 1856 981 1863 1875 1859 2235 1863 2423 1856 2730 1856" 
                    HPOS="540.0"
                    VPOS="1790.0"
                    WIDTH="2186.0"
                    HEIGHT="142.0">
            <Shape><Polygon POINTS="540 1852 598 1806 885 1821 970 1790 1016 1821 1591 1810 2036 1825 2063 1810 2653 1825 2726 1852 2642 1932 2592 1913 2573 1929 2542 1905 2416 1909 2400 1894 2370 1909 2235 1913 2063 1898 1649 1913 1560 1894 1027 1909 870 1905 851 1890 686 1902 651 1879 621 1902 548 1852"/></Shape>
	    <String CONTENT="קטן לפי שאינה בושה לשמש כנגדו ראויה שנתיחדה עמו באפילה או שישנה"
                    HPOS="540.0"
                    VPOS="1790.0"
                    WIDTH="2186.0"
                    HEIGHT="142.0"></String>
          </TextLine>

          
          
          <TextLine ID="eSc_line_1853123"
                    
                    BASELINE="517 1940 878 1955 1794 1952 2723 1955" 
                    HPOS="513.0"
                    VPOS="1890.0"
                    WIDTH="2206.0"
                    HEIGHT="123.0">
            <Shape><Polygon POINTS="513 1936 540 1936 582 1902 640 1898 1929 1921 2051 1898 2078 1913 2331 1917 2393 1890 2439 1913 2661 1921 2719 1952 2646 2005 2604 2013 2469 1994 1840 2009 1825 1994 1691 2005 1660 1990 1553 2005 1399 1998 1376 1982 1319 2001 1288 1986 1020 1986 947 2009 920 1990 755 1998 724 1967 686 1994 571 1998 517 1944"/></Shape>
	    <String CONTENT="עמו במרגלות המטה אפי&#39; הוא ער והיא ישינה הוא ישן והיא ערה אין חוששין שמא"
                    HPOS="513.0"
                    VPOS="1890.0"
                    WIDTH="2206.0"
                    HEIGHT="123.0"></String>
          </TextLine>

          
          
          <TextLine ID="eSc_line_1853124"
                    
                    BASELINE="540 2032 705 2044 1376 2036 1530 2044 2703 2044" 
                    HPOS="536.0"
                    VPOS="1967.0"
                    WIDTH="2164.0"
                    HEIGHT="142.0">
            <Shape><Polygon POINTS="536 2028 586 1994 698 1998 728 1967 759 1998 920 1994 943 2009 1024 1990 2197 1998 2569 2005 2653 2013 2700 2040 2653 2097 2500 2090 2481 2109 2446 2086 2316 2093 2166 2070 2082 2082 2055 2055 2028 2078 1986 2082 1852 2082 1829 2059 1794 2082 1610 2090 1426 2086 1403 2063 1384 2082 1246 2082 1173 2059 1150 2082 939 2078 920 2093 897 2074 793 2086 767 2059 744 2082 651 2086 594 2082 544 2032"/></Shape>
	    <String CONTENT="נתעסקו בדבר אחר ואין חוששין משום ביאה ואין חוששין משום קידושין ראוה"
                    HPOS="536.0"
                    VPOS="1967.0"
                    WIDTH="2164.0"
                    HEIGHT="142.0"></String>
          </TextLine>

          
          
          <TextLine ID="eSc_line_1853125"
                    
                    BASELINE="540 2116 939 2132 2726 2124" 
                    HPOS="536.0"
                    VPOS="2063.0"
                    WIDTH="2187.0"
                    HEIGHT="119.0">
            <Shape><Polygon POINTS="536 2113 571 2086 617 2082 1154 2086 1181 2063 1200 2082 1388 2093 1403 2078 1480 2093 1814 2090 1833 2070 1860 2090 2028 2086 2059 2116 2105 2086 2454 2090 2481 2109 2504 2090 2650 2093 2676 2116 2723 2120 2692 2124 2642 2174 2243 2162 2163 2182 2071 2155 2021 2178 1967 2155 1940 2174 1599 2162 1438 2178 1388 2174 1357 2143 1300 2170 1257 2136 1211 2174 1158 2159 594 2170 540 2120"/></Shape>
	    <String CONTENT="שנים שנתיחדה עמו צריכה הימנו גט שני אחד אין צריכה הימנו גט שני אחד"
                    HPOS="536.0"
                    VPOS="2063.0"
                    WIDTH="2187.0"
                    HEIGHT="119.0"></String>
          </TextLine>

          
          
          <TextLine ID="eSc_line_1853126"
                    
                    BASELINE="525 2220 736 2212 2404 2216 2711 2205" 
                    HPOS="521.0"
                    VPOS="2136.0"
                    WIDTH="2186.0"
                    HEIGHT="130.0">
            <Shape><Polygon POINTS="521 2216 582 2170 1211 2174 1250 2136 1300 2170 1357 2143 1388 2174 2492 2170 2646 2174 2707 2201 2650 2258 2504 2243 2255 2262 2228 2247 2132 2258 1867 2243 1733 2266 1668 2251 1380 2258 1307 2235 1227 2258 1165 2239 1139 2254 962 2239 640 2258 613 2239 594 2251 559 2216"/></Shape>
	    <String CONTENT="בשחרית ואחד בין הערבים זה היה מעשה ובא ושאל ר&#39; לעזר בן תדיי לחכמים ואמרו"
                    HPOS="521.0"
                    VPOS="2136.0"
                    WIDTH="2186.0"
                    HEIGHT="130.0"></String>
          </TextLine>

          
          
          <TextLine ID="eSc_line_1853127"
                    
                    BASELINE="575 2277 1024 2293 1572 2289 2017 2301 2719 2301" 
                    HPOS="571.0"
                    VPOS="2239.0"
                    WIDTH="2144.0"
                    HEIGHT="108.0">
            <Shape><Polygon POINTS="571 2274 609 2243 640 2262 966 2243 1035 2258 1054 2239 1196 2262 1488 2251 1537 2285 1606 2285 1641 2258 1725 2274 1760 2251 1863 2247 2592 2254 2646 2258 2715 2301 2688 2301 2650 2339 2554 2339 2531 2324 2477 2347 2389 2343 2374 2327 2354 2347 2262 2331 1775 2343 1695 2293 1652 2308 1599 2289 1537 2293 1484 2339 1434 2335 1388 2308 1361 2335 1292 2347 1227 2343 1200 2324 1177 2347 1135 2327 1070 2347 1039 2331 759 2343 732 2320 701 2339 671 2320 598 2331 575 2308"/></Shape>
	    <String CONTENT="אחד הן ואין צריכה הימנו גט שיני ˙ הרי זה גיטיך על מנת שתתני לי [מ&#39;]"
                    HPOS="571.0"
                    VPOS="2239.0"
                    WIDTH="2144.0"
                    HEIGHT="108.0"></String>
          </TextLine>

          
          
          <TextLine ID="eSc_line_1853128"
                    
                    BASELINE="536 2362 705 2381 893 2385 2707 2377" 
                    HPOS="533.0"
                    VPOS="2304.0"
                    WIDTH="2170.0"
                    HEIGHT="146.0">
            <Shape><Polygon POINTS="533 2358 571 2358 598 2331 651 2331 675 2354 709 2335 1185 2347 1204 2331 1353 2347 1388 2312 1426 2347 1545 2347 1599 2343 1649 2304 1691 2343 2358 2343 2374 2327 2466 2347 2646 2343 2703 2373 2634 2435 2561 2412 2527 2431 2504 2408 2481 2431 2377 2412 2262 2431 2228 2412 2201 2427 1944 2427 1917 2400 1894 2423 1833 2423 1817 2442 1775 2419 1752 2435 1722 2408 1702 2427 1614 2439 1300 2423 1265 2450 1223 2427 1173 2450 1123 2423 1062 2435 954 2419 912 2435 882 2416 736 2431 682 2408 632 2423 575 2366 540 2362"/></Shape>
	    <String CONTENT="מאתים זוז ומת אם נתנה אין זקוקה ליבם ואם לאו זקוקה ליבם רבן שמעון בן"
                    HPOS="533.0"
                    VPOS="2304.0"
                    WIDTH="2170.0"
                    HEIGHT="146.0"></String>
          </TextLine>

          
          
          <TextLine ID="eSc_line_1853129"
                    
                    BASELINE="540 2450 659 2462 1346 2465 1691 2477 2343 2477 2696 2465" 
                    HPOS="536.0"
                    VPOS="2404.0"
                    WIDTH="2156.0"
                    HEIGHT="134.0">
            <Shape><Polygon POINTS="536 2446 579 2450 602 2427 1024 2427 1119 2431 1169 2454 1234 2435 1273 2454 1300 2427 1737 2427 1752 2442 1771 2423 1821 2442 1860 2427 1902 2439 1925 2416 1940 2431 2205 2431 2228 2416 2255 2431 2370 2435 2385 2419 2477 2431 2504 2404 2531 2431 2561 2408 2600 2431 2650 2431 2692 2462 2680 2504 2653 2523 2397 2523 2354 2496 2278 2538 2247 2511 2151 2527 2105 2511 2074 2534 2028 2511 1810 2527 1771 2508 1752 2523 1572 2515 1553 2531 1511 2511 1407 2508 1373 2523 1342 2511 1319 2531 1280 2492 1254 2511 1211 2488 1177 2511 1146 2481 1116 2492 1089 2465 1050 2473 1000 2519 797 2508 736 2531 717 2511 617 2523 540 2450"/></Shape>
	    <String CONTENT="גמליﭏ אומ&#39; תתן לאביו או לאחיו או לאחד מן היורשין ˙˙ הרי זה גיטיך על"
                    HPOS="536.0"
                    VPOS="2404.0"
                    WIDTH="2156.0"
                    HEIGHT="134.0"></String>
          </TextLine>

          
          
          <TextLine ID="eSc_line_1853130"
                    
                    BASELINE="548 2550 1027 2569 2235 2569 2607 2565 2715 2554" 
                    HPOS="544.0"
                    VPOS="2492.0"
                    WIDTH="2167.0"
                    HEIGHT="134.0">
            <Shape><Polygon POINTS="544 2546 586 2515 736 2531 786 2511 912 2531 1000 2523 1043 2492 1073 2523 1139 2508 1169 2523 1292 2515 1319 2534 1346 2515 1557 2534 1576 2515 2274 2538 2304 2515 2320 2531 2366 2496 2397 2527 2623 2523 2711 2550 2638 2615 2500 2592 2481 2611 2435 2615 2335 2603 1967 2626 1932 2607 1856 2623 1718 2615 1699 2600 1480 2611 1461 2596 1392 2611 1288 2596 1066 2619 678 2615 602 2603 552 2554"/></Shape>
	    <String CONTENT="מנת שתתני לי מאתים זוז ונתקרע הגט או שאבד הרי זה גט שהאומ&#39; על מנת כאומ&#39; מעכשיו"
                    HPOS="544.0"
                    VPOS="2492.0"
                    WIDTH="2167.0"
                    HEIGHT="134.0"></String>
          </TextLine>

          
          
          <TextLine ID="eSc_line_1853131"
                    
                    BASELINE="525 2630 640 2649 859 2657 1269 2661 2439 2661 2696 2649" 
                    HPOS="521.0"
                    VPOS="2592.0"
                    WIDTH="2171.0"
                    HEIGHT="138.0">
            <Shape><Polygon POINTS="521 2626 575 2634 625 2603 985 2623 1284 2607 1618 2619 1633 2603 1952 2623 2466 2619 2508 2592 2550 2615 2653 2615 2692 2646 2650 2696 2615 2703 2304 2703 2285 2684 2262 2707 2209 2688 2097 2707 2067 2692 1925 2730 1886 2699 1794 2696 1323 2711 1227 2696 1162 2711 1142 2692 1108 2711 993 2696 855 2703 836 2688 805 2703 667 2703 613 2692 556 2634 525 2630"/></Shape>
	    <String CONTENT="דמי ולא תינשא עד שעה שתתן לכשתתני לי מאתים זוז ונתקרע הגט או שאבד אם נתנה"
                    HPOS="521.0"
                    VPOS="2592.0"
                    WIDTH="2171.0"
                    HEIGHT="138.0"></String>
          </TextLine>

          
          
          <TextLine ID="eSc_line_1853111"
                    
                    BASELINE="579 2738 1047 2753 1495 2753 1710 2745 2427 2749 2707 2738" 
                    HPOS="575.0"
                    VPOS="2692.0"
                    WIDTH="2128.0"
                    HEIGHT="107.0">
            <Shape><Polygon POINTS="575 2734 628 2692 1449 2715 1840 2699 1902 2742 1955 2742 1994 2711 2266 2711 2289 2692 2312 2707 2638 2703 2703 2734 2642 2784 2558 2772 2542 2788 2469 2791 2071 2795 2021 2788 1978 2745 1886 2745 1821 2784 1760 2753 1710 2788 1606 2788 1583 2772 1491 2799 767 2780 740 2753 690 2784 625 2784 579 2742"/></Shape>
	    <String CONTENT="הרי זה גט אם לאו אינו גט ˙ הרי זה גיטיך על מנת שתתני לי מאתים זוז וחזר ואמ&#39;"
                    HPOS="575.0"
                    VPOS="2692.0"
                    WIDTH="2128.0"
                    HEIGHT="107.0"></String>
          </TextLine>

          
          
          <TextLine ID="eSc_line_1853101"
                    
                    BASELINE="513 2811 889 2830 2565 2826 2726 2834" 
                    HPOS="510.0"
                    VPOS="2745.0"
                    WIDTH="2213.0"
                    HEIGHT="138.0">
            <Shape><Polygon POINTS="510 2807 571 2768 713 2780 740 2753 778 2784 1507 2795 1568 2791 1587 2772 1622 2791 1718 2788 1764 2753 1798 2784 1863 2776 1917 2791 1978 2745 2017 2784 2067 2791 2573 2791 2627 2772 2723 2830 2680 2830 2642 2868 2604 2853 2546 2872 2489 2857 2473 2872 2327 2876 2293 2849 2274 2868 2258 2857 2163 2880 2013 2860 1890 2880 1603 2880 1560 2864 1484 2883 1422 2853 1373 2880 1142 2880 1058 2860 993 2872 947 2857 793 2872 724 2841 701 2860 625 2864 579 2857 521 2811"/></Shape>
	    <String CONTENT="לה הרי זה גיטיך מעכשיו לא אמ&#39; כלום כיצד יעשה יטלנו הימנה ויחזור ויתננו לה ויאמר"
                    HPOS="510.0"
                    VPOS="2745.0"
                    WIDTH="2213.0"
                    HEIGHT="138.0"></String>
          </TextLine>

          
          
          <TextLine ID="eSc_line_1853103"
                    
                    BASELINE="556 2903 1223 2922 1511 2922 1848 2910 2021 2910 2308 2922 2569 2910 2711 2914" 
                    HPOS="552.0"
                    VPOS="2841.0"
                    WIDTH="2155.0"
                    HEIGHT="134.0">
            <Shape><Polygon POINTS="552 2899 602 2864 694 2868 721 2841 751 2872 820 2880 928 2868 1392 2883 1426 2860 1511 2891 1553 2872 1829 2872 1867 2903 2017 2868 2132 2883 2489 2880 2588 2872 2615 2853 2673 2903 2707 2910 2680 2910 2634 2956 2489 2949 2377 2968 2281 2941 2132 2972 1879 2906 1829 2956 1591 2960 1530 2945 1468 2975 1430 2960 981 2952 928 2968 797 2952 732 2964 598 2952 556 2910"/></Shape>
	    <String CONTENT="לה הרי זה גיטיך מעכשיו ˙ הרי זה גיטיך על מנת שתשמשי את אבא ועל מנת"
                    HPOS="552.0"
                    VPOS="2841.0"
                    WIDTH="2155.0"
                    HEIGHT="134.0"></String>
          </TextLine>

          
          
          <TextLine ID="eSc_line_1853113"
                    
                    BASELINE="544 2991 759 3002 1070 3002 1211 3010 1514 3014 2147 3006 2696 2987" 
                    HPOS="540.0"
                    VPOS="2945.0"
                    WIDTH="2152.0"
                    HEIGHT="123.0">
            <Shape><Polygon POINTS="540 2987 598 2952 1476 2975 1568 2956 1932 2952 2155 2972 2266 2964 2285 2945 2316 2964 2607 2956 2692 2983 2630 3041 2485 3048 2466 3068 2435 3044 1906 3052 1883 3037 1844 3052 1537 3044 1461 3064 1403 3044 625 3048 552 2991"/></Shape>
	    <String CONTENT="שתיניקי את בני שמשתו שעה אחת והניקתו שעה אחת הרי זה גט על מנת שתיניקי"
                    HPOS="540.0"
                    VPOS="2945.0"
                    WIDTH="2152.0"
                    HEIGHT="123.0"></String>
          </TextLine>

          
          
          <TextLine ID="eSc_line_1853098"
                    
                    BASELINE="529 3075 836 3091 1277 3094 2711 3094" 
                    HPOS="525.0"
                    VPOS="3037.0"
                    WIDTH="2182.0"
                    HEIGHT="115.0">
            <Shape><Polygon POINTS="525 3071 552 3071 586 3037 1342 3060 1411 3048 1426 3064 1614 3064 1664 3044 1852 3056 1871 3041 1902 3056 2362 3048 2469 3064 2634 3044 2673 3083 2707 3091 2646 3137 2546 3125 2527 3144 2477 3110 2423 3144 2343 3125 2201 3148 2182 3133 2074 3144 2009 3125 1978 3144 1909 3125 1848 3129 1825 3152 1687 3140 1660 3117 1618 3117 1595 3140 1472 3148 1215 3133 1135 3144 1024 3137 977 3110 951 3137 889 3129 847 3152 816 3125 651 3140 598 3125 529 3075"/></Shape>
	    <String CONTENT="את בני עשרים וארבעה דברי ר&#39; מאיר ר&#39; יהודה אומ&#39; שמונה עשר חודש רבן שמעון בן"
                    HPOS="525.0"
                    VPOS="3037.0"
                    WIDTH="2182.0"
                    HEIGHT="115.0"></String>
          </TextLine>

          
          
          <TextLine ID="eSc_line_1853097"
                    
                    BASELINE="559 3169 636 3175 1292 3190 1572 3190 1863 3179 2255 3183 2711 3171" 
                    HPOS="548.0"
                    VPOS="3121.0"
                    WIDTH="2159.0"
                    HEIGHT="127.0">
            <Shape><Polygon POINTS="556 3167 556 3129 2063 3140 2094 3137 2224 3121 2224 3121 2228 3121 2228 3121 2358 3140 2366 3140 2370 3140 2389 3121 2389 3121 2393 3121 2393 3121 2393 3121 2397 3121 2397 3121 2400 3121 2569 3121 2569 3121 2569 3121 2703 3144 2707 3167 2703 3229 1576 3248 1572 3248 548 3225"/></Shape>
	    <String CONTENT="גמליﭏ אומ&#39; מונין לתינוק משעת לידתו על מנת שתשמשי אבא ועל מנת שתיניקי את"
                    HPOS="548.0"
                    VPOS="3121.0"
                    WIDTH="2159.0"
                    HEIGHT="127.0"></String>
          </TextLine>

          
          
          <TextLine ID="eSc_line_1853100"
                    
                    BASELINE="559 3261 770 3275 1499 3278 1668 3271 2316 3275 2607 3267 2723 3255" 
                    HPOS="548.0"
                    VPOS="3229.0"
                    WIDTH="2171.0"
                    HEIGHT="103.0">
            <Shape><Polygon POINTS="556 3259 556 3229 2715 3232 2719 3252 2715 3313 1223 3332 1219 3332 548 3309"/></Shape>
	    <String CONTENT="בני הרי זו מגורשת מיד עד שיאמר אם לא תשמשי ואם לא תניקי דברי ר&#39; מאיר וחכמים"
                    HPOS="548.0"
                    VPOS="3229.0"
                    WIDTH="2171.0"
                    HEIGHT="103.0"></String>
          </TextLine>

          
          
          <TextLine ID="eSc_line_1853112"
                    
                    BASELINE="559 3357 809 3367 1039 3363 1384 3378 1603 3378 1699 3370 2600 3370 2730 3378" 
                    HPOS="552.0"
                    VPOS="3298.0"
                    WIDTH="2174.0"
                    HEIGHT="138.0">
            <Shape><Polygon POINTS="556 3355 552 3321 767 3298 767 3298 770 3298 770 3298 901 3321 912 3321 985 3321 1917 3305 1921 3305 2723 3332 2726 3374 2719 3413 2473 3436 2473 3436 2469 3436 2197 3416 2193 3416 2193 3416 2170 3436 2170 3436 2166 3436 2166 3436 2166 3436 2163 3436 2163 3436 2163 3436 2159 3436 2159 3436 2155 3436 2074 3416 2055 3413 1963 3416 1629 3432 1629 3436 1430 3436 1426 3432 1426 3432 1422 3432 1422 3432 1422 3432 1419 3432 1419 3432 1419 3428 1415 3428 1407 3416 1403 3413 552 3416"/></Shape>
	    <String CONTENT="אומ&#39; אם נתקיים התניי מגורשת ואם לאו אינה מגורשת רבן שמעון בן גמליﭏ אומ&#39; אין"
                    HPOS="552.0"
                    VPOS="3298.0"
                    WIDTH="2174.0"
                    HEIGHT="138.0"></String>
          </TextLine>

          
          
          <TextLine ID="eSc_line_1853099"
                    
                    BASELINE="559 3448 1480 3463 1629 3455 2235 3459 2715 3443" 
                    HPOS="552.0"
                    VPOS="3409.0"
                    WIDTH="2159.0"
                    HEIGHT="96.0">
            <Shape><Polygon POINTS="556 3447 552 3413 2703 3409 2711 3439 2707 3497 552 3505"/></Shape>
	    <String CONTENT="תניי בכתובין שאינו כפול על מנת שתשמשי את אבא ועל מנת שתיניקי את בני ומת"
                    HPOS="552.0"
                    VPOS="3409.0"
                    WIDTH="2159.0"
                    HEIGHT="96.0"></String>
          </TextLine>

          
          
          <TextLine ID="eSc_line_1853102"
                    
                    BASELINE="529 3533 1350 3551 2224 3551 2734 3539" 
                    HPOS="513.0"
                    VPOS="3474.0"
                    WIDTH="2217.0"
                    HEIGHT="161.0">
            <Shape><Polygon POINTS="525 3532 521 3497 682 3474 682 3474 686 3474 686 3474 866 3497 885 3501 1050 3501 1050 3497 1070 3482 1070 3478 1070 3478 1073 3478 1073 3478 1073 3478 1077 3478 1077 3478 1077 3478 1081 3478 1081 3478 1085 3478 1085 3478 1085 3478 1127 3497 1127 3501 1603 3501 1606 3501 1660 3478 1660 3478 1664 3478 1664 3478 1664 3478 1668 3478 1668 3478 1802 3501 1817 3501 1833 3501 1944 3482 1944 3482 1948 3482 2730 3505 2730 3535 2726 3604 1829 3635 1825 3635 1825 3635 1821 3635 1821 3635 1821 3635 1752 3601 1748 3601 1729 3601 1442 3631 1442 3631 1438 3631 1438 3631 1284 3601 1223 3631 1223 3631 1223 3631 1219 3631 1219 3631 1219 3635 1119 3635 1116 3631 1116 3631 1112 3631 1112 3631 1112 3631 1108 3631 1066 3604 989 3631 989 3631 985 3631 985 3631 981 3631 981 3631 981 3631 977 3631 977 3631 977 3631 974 3631 974 3631 974 3627 954 3612 836 3627 836 3627 832 3627 832 3627 832 3627 828 3627 828 3627 770 3601 513 3593"/></Shape>
	    <String CONTENT="הואיל ולא נתקיים התנאי אינו גט דברי ר&#39; מאיר וחכמים או&#39; יכולה היא שתאמר לו [^]"
                    HPOS="513.0"
                    VPOS="3474.0"
                    WIDTH="2217.0"
                    HEIGHT="161.0"></String>
          </TextLine>

          
        </TextBlock>
        
        <TextBlock HPOS="383.0"
                   VPOS="1691.0"
                   WIDTH="146.0"
                   HEIGHT="122.0"
                   ID="eSc_textblock_e9d56770"
                   TAGREFS="BT748">
          <Shape><Polygon POINTS="383 1691 529 1691 529 1813 383 1813 383 1691"/></Shape>
          
          
          <TextLine ID="eSc_line_1853132"
                    
                    BASELINE="387 1752 540 1760" 
                    HPOS="383.0"
                    VPOS="1691.0"
                    WIDTH="146.0"
                    HEIGHT="122.0">
            <Shape><Polygon POINTS="383 1748 398 1702 437 1725 494 1691 529 1702 525 1813 387 1813"/></Shape>
	    <String CONTENT="פי"
                    HPOS="383.0"
                    VPOS="1691.0"
                    WIDTH="146.0"
                    HEIGHT="122.0"></String>
          </TextLine>

          
        </TextBlock>
        

        
      </PrintSpace>
    </Page>
  </Layout>
</alto>
