<?xml version="1.0" encoding="UTF-8"?>
<alto xmlns:xsi="http://www.w3.org/2001/XMLSchema-instance"
      xmlns="http://www.loc.gov/standards/alto/ns-v4#"
      xsi:schemaLocation="http://www.loc.gov/standards/alto/ns-v4# http://www.loc.gov/standards/alto/v4/alto-4-2.xsd">
  <Description>
    <MeasurementUnit>pixel</MeasurementUnit>
    <sourceImageInformation>
      <fileName>Cod.Hebr.20_022v.jpg</fileName>
      
    </sourceImageInformation>
  </Description>
  
  <Tags>
    <OtherTag ID="BT1" LABEL="Title" DESCRIPTION="block type Title"/><OtherTag ID="BT2" LABEL="Main" DESCRIPTION="block type Main"/><OtherTag ID="BT3" LABEL="Commentary" DESCRIPTION="block type Commentary"/><OtherTag ID="BT4" LABEL="Illustration" DESCRIPTION="block type Illustration"/><OtherTag ID="BT747" LABEL="Hole" DESCRIPTION="block type Hole"/><OtherTag ID="BT748" LABEL="Margin" DESCRIPTION="block type Margin"/><OtherTag ID="BT749" LABEL="Paratext" DESCRIPTION="block type Paratext"/>
    <OtherTag ID="LT3" LABEL="Correction" DESCRIPTION="line type Correction"/>
  </Tags>
  
  <Layout>
    <Page WIDTH="3647"
          HEIGHT="4687"
          PHYSICAL_IMG_NR="33"
          ID="eSc_dummypage_">
      <PrintSpace HPOS="0"
                  VPOS="0"
                  WIDTH="3647"
                  HEIGHT="4687">
        
        <TextBlock HPOS="619.0"
                   VPOS="512.0"
                   WIDTH="2182.0"
                   HEIGHT="3332.0"
                   ID="eSc_textblock_8439"
                   TAGREFS="BT2">
          <Shape><Polygon POINTS="619 512 2801 512 2801 3844 619 3844"/></Shape>
          
          
          <TextLine ID="eSc_line_1842357"
                    
                    BASELINE="672 629 1148 608 2818 617" 
                    HPOS="664.0"
                    VPOS="523.0"
                    WIDTH="2150.0"
                    HEIGHT="152.0">
            <Shape><Polygon POINTS="668 628 668 570 871 570 899 542 899 539 899 539 902 539 902 539 902 539 906 539 906 539 910 539 910 539 910 539 914 539 914 539 914 539 957 562 1012 523 1016 523 1016 523 1016 523 1020 523 1020 523 1024 523 1125 523 1125 523 1125 523 1129 523 1129 523 1129 523 1211 570 1426 570 1473 527 1473 527 1477 527 1477 527 1477 527 1481 527 1481 527 1481 527 1485 527 1485 527 1489 527 1489 527 1590 566 1719 566 1829 523 1829 523 1833 523 1833 523 1837 523 1837 523 1841 523 2009 566 2196 523 2196 523 2200 523 2396 523 2396 523 2396 523 2400 523 2400 523 2403 523 2443 546 2497 523 2497 523 2501 523 2501 523 2501 523 2505 523 2505 523 2509 523 2509 523 2509 523 2513 523 2513 523 2513 527 2560 566 2673 546 2673 546 2673 546 2677 546 2677 546 2810 570 2814 613 2806 663 664 675"/></Shape>
	    <String CONTENT="חשבון אבל ערלה וכלאי הכרם שוק לנוי בארץ ישרﭏ בסוריא בדוצח לארץ אלא שר&#39; ירון"
                    HPOS="664.0"
                    VPOS="523.0"
                    WIDTH="2150.0"
                    HEIGHT="152.0"></String>
          </TextLine>

          
          
          <TextLine ID="eSc_line_1842358"
                    
                    BASELINE="660 703 859 714 949 706 1770 710 2833 699" 
                    HPOS="656.0"
                    VPOS="644.0"
                    WIDTH="2174.0"
                    HEIGHT="129.0">
            <Shape><Polygon POINTS="656 699 742 675 953 675 985 644 1020 671 1336 660 1426 675 1645 671 1665 652 1712 671 1868 671 1891 656 1911 671 1934 648 2020 671 2544 679 2564 663 2638 683 2708 660 2775 691 2818 671 2830 695 2751 753 2654 761 2615 734 2583 761 2032 757 2009 738 1981 757 1903 749 1872 726 1833 753 1739 746 1657 761 1606 742 1438 757 1270 749 1250 734 1211 753 926 749 773 757 758 773 660 706"/></Shape>
	    <String CONTENT="או&#39; אין לנכרי כרם רבעי בסוריא אמ&#39; ר&#39; יודה מעשה בשביון ראש הכנסת של כזיב שלקח"
                    HPOS="656.0"
                    VPOS="644.0"
                    WIDTH="2174.0"
                    HEIGHT="129.0"></String>
          </TextLine>

          
          
          <TextLine ID="eSc_line_1842359"
                    
                    BASELINE="664 788 2810 796" 
                    HPOS="660.0"
                    VPOS="734.0"
                    WIDTH="2146.0"
                    HEIGHT="117.0">
            <Shape><Polygon POINTS="660 785 703 746 762 785 793 761 1192 757 1254 738 1399 757 1606 746 1657 761 1844 757 1880 734 1903 757 1973 761 2005 742 2032 761 2396 749 2618 765 2763 749 2806 792 2751 847 2704 808 2669 843 2564 847 2470 828 2427 839 2407 824 2357 847 2220 835 2059 851 1899 843 1872 820 1825 847 1731 831 1630 843 1598 828 1176 828 1055 851 844 835 770 851 734 831 715 839 664 788"/></Shape>
	    <String CONTENT="מן הגוי כרם רבעי בסוריא ונתן לו דמיו ובא ושאל את רבן גמליﭏ שהיה עובר ממקום [ל&#39;]"
                    HPOS="660.0"
                    VPOS="734.0"
                    WIDTH="2146.0"
                    HEIGHT="117.0"></String>
          </TextLine>

          
          
          <TextLine ID="eSc_line_1842380"
                    
                    BASELINE="633 874 750 886 953 886 1133 878 2243 882 2794 871" 
                    HPOS="629.0"
                    VPOS="812.0"
                    WIDTH="2161.0"
                    HEIGHT="133.0">
            <Shape><Polygon POINTS="629 871 664 871 707 839 1055 847 1293 831 1411 839 1430 855 1446 839 1641 847 1665 831 1829 843 1872 820 1895 839 2063 851 2364 851 2458 835 2665 851 2704 812 2790 867 2771 933 2642 925 2591 945 2400 925 2188 941 2157 910 2110 937 1946 937 1884 910 1856 933 1309 933 1270 917 1106 925 1067 910 1000 933 856 933 836 917 797 941 699 925 648 874"/></Shape>
	    <String CONTENT="למקום ואמ&#39; לו המתן עד שנחה בהלכה אמ&#39; לו משם ראיה אף הוא ביד שליח חדש מה"
                    HPOS="629.0"
                    VPOS="812.0"
                    WIDTH="2161.0"
                    HEIGHT="133.0"></String>
          </TextLine>

          
          
          <TextLine ID="eSc_line_1842381"
                    
                    BASELINE="621 964 715 976 1047 972 2329 976 2818 964" 
                    HPOS="617.0"
                    VPOS="910.0"
                    WIDTH="2197.0"
                    HEIGHT="125.0">
            <Shape><Polygon POINTS="617 960 633 945 648 960 687 921 789 941 840 921 859 937 1254 917 1309 933 1489 925 1547 964 1583 929 2075 937 2157 910 2185 937 2650 929 2814 960 2732 1023 2654 1035 2591 1015 2446 1035 2169 1015 1680 1023 1641 984 1579 988 1563 972 1469 1019 1286 1015 1246 992 1223 1015 1168 1019 1137 1007 1071 1023 684 1031 621 968"/></Shape>
	    <String CONTENT="שעשיתה עשיתה אבל לא תשנה לעשות כן ˙˙ אין תורמין מן התבואה שלא הביא&#39;"
                    HPOS="617.0"
                    VPOS="910.0"
                    WIDTH="2197.0"
                    HEIGHT="125.0"></String>
          </TextLine>

          
          
          <TextLine ID="eSc_line_1842360"
                    
                    BASELINE="641 1074 879 1066 2095 1070 2837 1058" 
                    HPOS="637.0"
                    VPOS="999.0"
                    WIDTH="2196.0"
                    HEIGHT="137.0">
            <Shape><Polygon POINTS="637 1070 707 1023 1172 1023 1235 1019 1254 999 1278 1015 1426 1027 2724 1023 2763 1054 2833 1054 2790 1058 2728 1120 2501 1124 2403 1097 2341 1120 1790 1120 1673 1105 1575 1117 1524 1101 1458 1120 1188 1101 1012 1117 977 1085 957 1105 816 1136 762 1120 707 1132 644 1085"/></Shape>
	    <String CONTENT="שליש כיצד יודע אם הביאה שליש ואם לאו אם זורעה ומשצמחה הדבר ידוע [שהב&#39;]"
                    HPOS="637.0"
                    VPOS="999.0"
                    WIDTH="2196.0"
                    HEIGHT="137.0"></String>
          </TextLine>

          
          
          <TextLine ID="eSc_line_1842382"
                    
                    BASELINE="781 1156 2083 1163 2286 1156 2787 1156" 
                    HPOS="777.0"
                    VPOS="1097.0"
                    WIDTH="2006.0"
                    HEIGHT="133.0">
            <Shape><Polygon POINTS="777 1152 781 1136 840 1140 934 1113 977 1128 1110 1113 1446 1120 1516 1101 2325 1124 2368 1120 2392 1097 2462 1124 2716 1120 2783 1152 2685 1230 2665 1210 2603 1226 2493 1206 2439 1226 2325 1210 2294 1230 2220 1230 2142 1206 2075 1226 2052 1206 1903 1222 1755 1202 1684 1218 1661 1199 1571 1222 1497 1199 1411 1226 1383 1210 1278 1222 1254 1199 1227 1218 981 1206 895 1222 844 1187 781 1218"/></Shape>
	    <String CONTENT="שהביאה שליש ואם זורעה ואינה מצמחת הדבר ידוע שלא הביאה שליש ˙˙"
                    HPOS="777.0"
                    VPOS="1097.0"
                    WIDTH="2006.0"
                    HEIGHT="133.0"></String>
          </TextLine>

          
          
          <TextLine ID="eSc_line_1842361"
                    
                    BASELINE="1489 1335 1594 1335 1880 1359 2165 1359" 
                    HPOS="1485.0"
                    VPOS="1257.0"
                    WIDTH="676.0"
                    HEIGHT="188.0">
            <Shape><Polygon POINTS="1485 1331 1493 1308 1532 1308 1571 1277 1622 1327 1649 1331 1759 1257 1813 1312 1844 1285 2005 1304 2044 1277 2106 1320 2153 1320 2161 1355 2087 1445 1993 1441 1958 1402 1934 1421 1868 1370 1833 1398 1798 1367 1766 1394 1727 1390 1669 1339 1614 1335 1571 1378 1520 1331 1489 1355"/></Shape>
	    <String CONTENT="פרק ג&#39; ˙˙"
                    HPOS="1485.0"
                    VPOS="1257.0"
                    WIDTH="676.0"
                    HEIGHT="188.0"></String>
          </TextLine>

          
          
          <TextLine ID="eSc_line_1842376"
                    
                    BASELINE="695 1433 1602 1433 2126 1460 2196 1437 2204 1429 2790 1437" 
                    HPOS="691.0"
                    VPOS="1331.0"
                    WIDTH="2096.0"
                    HEIGHT="168.0">
            <Shape><Polygon POINTS="691 1429 699 1398 727 1394 781 1343 875 1363 906 1398 961 1367 1000 1398 1071 1398 1137 1378 1340 1386 1399 1331 1504 1425 1547 1406 1571 1425 1626 1429 1661 1402 1712 1413 1751 1390 1798 1437 1907 1445 1930 1425 1950 1445 2099 1449 2153 1398 2216 1413 2294 1347 2333 1386 2431 1398 2493 1394 2529 1367 2575 1394 2673 1351 2740 1398 2779 1382 2787 1433 2732 1488 2697 1492 2642 1492 2626 1476 2603 1492 2458 1492 2388 1484 2368 1464 2259 1488 2216 1445 2169 1484 2134 1456 2036 1456 2009 1476 1985 1452 1942 1449 1911 1472 1864 1445 1829 1468 1805 1449 1743 1472 1700 1437 1657 1449 1587 1429 1551 1456 1497 1429 1438 1480 1344 1472 1164 1495 988 1492 961 1464 852 1499 832 1480 754 1492 695 1468"/></Shape>
	    <String CONTENT="מפני מה אמרו אלם לא תורם מפני שאין יכול לבור"
                    HPOS="691.0"
                    VPOS="1331.0"
                    WIDTH="2096.0"
                    HEIGHT="168.0"></String>
          </TextLine>

          
          
          <TextLine ID="eSc_line_1842377"
                    
                    BASELINE="680 1538 1192 1538 1508 1527 1985 1527 2255 1534 2783 1527" 
                    HPOS="676.0"
                    VPOS="1437.0"
                    WIDTH="2103.0"
                    HEIGHT="160.0">
            <Shape><Polygon POINTS="676 1534 703 1488 734 1484 863 1499 965 1472 992 1499 1137 1499 1387 1476 1579 1480 1622 1449 1653 1464 1680 1437 1739 1484 1809 1476 1852 1495 1899 1476 2044 1484 2087 1464 2130 1488 2368 1476 2419 1492 2736 1492 2779 1523 2732 1581 2474 1577 2458 1593 2368 1566 2333 1581 2177 1577 2145 1562 1798 1577 1641 1574 1614 1558 1587 1574 1246 1589 1172 1577 1078 1597 1004 1558 981 1581 883 1597 852 1581 766 1589 680 1558"/></Shape>
	    <String CONTENT="את היפה מן הרעה מפני מה אמרו שכור לא יתרום מפני שאין בו דעת ˙ א&#39;ע&#39;פ&#39; שכור"
                    HPOS="676.0"
                    VPOS="1437.0"
                    WIDTH="2103.0"
                    HEIGHT="160.0"></String>
          </TextLine>

          
          
          <TextLine ID="eSc_line_1842378"
                    
                    BASELINE="637 1636 848 1628 1321 1628 1653 1613 2810 1613" 
                    HPOS="633.0"
                    VPOS="1562.0"
                    WIDTH="2173.0"
                    HEIGHT="125.0">
            <Shape><Polygon POINTS="633 1632 703 1581 899 1597 1000 1574 1071 1593 1250 1593 1590 1577 1614 1562 2188 1585 2376 1574 2458 1593 2478 1577 2638 1574 2732 1581 2751 1601 2794 1589 2806 1609 2728 1671 2654 1640 2626 1667 2525 1675 2314 1659 2071 1667 1950 1659 1930 1640 1895 1656 1880 1640 1844 1659 1618 1656 1575 1675 1532 1656 1493 1671 1278 1663 1262 1679 1153 1679 1117 1659 1047 1687 996 1659 949 1683 883 1667 734 1683 687 1679 641 1632"/></Shape>
	    <String CONTENT="מקחו מקח וממכרו ממכר ונדרו נדר והקדשו הקדש ומתנתו מתנה עבר עברה שחייב"
                    HPOS="633.0"
                    VPOS="1562.0"
                    WIDTH="2173.0"
                    HEIGHT="125.0"></String>
          </TextLine>

          
          
          <TextLine ID="eSc_line_1842364"
                    
                    BASELINE="668 1718 988 1718 1254 1706 1989 1710 2525 1702 2798 1706" 
                    HPOS="664.0"
                    VPOS="1656.0"
                    WIDTH="2130.0"
                    HEIGHT="117.0">
            <Shape><Polygon POINTS="664 1714 684 1683 813 1671 1063 1687 1121 1671 1567 1679 1614 1663 1778 1675 1977 1656 2642 1679 2685 1667 2740 1699 2794 1702 2681 1769 2646 1753 2462 1757 2443 1738 2419 1757 2294 1749 2243 1773 2216 1749 2161 1765 2145 1749 1981 1742 1872 1757 1723 1745 1622 1769 1563 1753 1512 1765 1465 1738 1438 1765 1360 1745 1336 1765 1215 1753 1051 1769 1016 1745 981 1769 859 1749 816 1765 793 1742 754 1749 734 1730 703 1757 668 1753"/></Shape>
	    <String CONTENT="עליה חטאת מחייבין אותו סקילה מחייבין אותו סקילה כללו של דבר שכור הרי [^]"
                    HPOS="664.0"
                    VPOS="1656.0"
                    WIDTH="2130.0"
                    HEIGHT="117.0"></String>
          </TextLine>

          
          
          <TextLine ID="eSc_line_1842365"
                    
                    BASELINE="641 1796 1071 1808 1289 1800 1716 1804 2067 1796 2794 1796" 
                    HPOS="637.0"
                    VPOS="1742.0"
                    WIDTH="2153.0"
                    HEIGHT="124.0">
            <Shape><Polygon POINTS="637 1792 672 1765 770 1765 789 1745 828 1769 856 1753 965 1777 1559 1753 1622 1773 1637 1757 1927 1745 1993 1761 2009 1745 2079 1749 2142 1769 2220 1753 2247 1777 2278 1753 2423 1761 2443 1742 2458 1757 2661 1765 2755 1753 2790 1792 2767 1863 2740 1843 2532 1859 2505 1839 2302 1843 2267 1808 2228 1816 2204 1792 2169 1792 2114 1847 1997 1835 1590 1855 1555 1820 1532 1831 1512 1816 1438 1855 1399 1839 1282 1866 1121 1847 992 1866 965 1843 942 1859 852 1843 793 1859 750 1843 727 1859 644 1796"/></Shape>
	    <String CONTENT="הוא כפקח לכל דבר ˙ מפני מה אמרו בעל קרי לא יתרום מפני שאין יכול לברך ˙"
                    HPOS="637.0"
                    VPOS="1742.0"
                    WIDTH="2153.0"
                    HEIGHT="124.0"></String>
          </TextLine>

          
          
          <TextLine ID="eSc_line_1842366"
                    
                    BASELINE="644 1902 758 1894 1485 1894 1680 1886 2701 1890 2802 1878" 
                    HPOS="641.0"
                    VPOS="1796.0"
                    WIDTH="2157.0"
                    HEIGHT="156.0">
            <Shape><Polygon POINTS="641 1898 656 1874 754 1847 973 1851 996 1866 1114 1851 1282 1863 1297 1847 1461 1847 1512 1812 1532 1827 1555 1816 1590 1851 2122 1851 2177 1796 2200 1796 2247 1843 2501 1839 2521 1859 2685 1847 2759 1870 2787 1859 2798 1874 2740 1945 2446 1941 2415 1925 2333 1945 2126 1925 2005 1937 1981 1917 1942 1937 1712 1941 1680 1921 1637 1941 1559 1925 1493 1941 1461 1909 1434 1937 1418 1925 1344 1945 738 1952 715 1933 687 1937 648 1898"/></Shape>
	    <String CONTENT="מפני מה אמרו ערום לא יתרום מפני שאינו יכול לברך אבל מכסה את עצמו בתבן [^]"
                    HPOS="641.0"
                    VPOS="1796.0"
                    WIDTH="2157.0"
                    HEIGHT="156.0"></String>
          </TextLine>

          
          
          <TextLine ID="eSc_line_1842367"
                    
                    BASELINE="652 1984 1262 1991 1716 1976 2794 1984" 
                    HPOS="648.0"
                    VPOS="1921.0"
                    WIDTH="2142.0"
                    HEIGHT="125.0">
            <Shape><Polygon POINTS="648 1980 680 1949 969 1956 1383 1937 1461 1952 1477 1937 1555 1933 1950 1941 1981 1921 2001 1941 2075 1945 2337 1945 2368 1929 2454 1945 2724 1941 2790 1980 2771 2034 2747 2015 2661 2034 2462 2019 2274 2031 2243 2007 2224 2027 2204 2015 2169 2031 2036 2031 1993 1995 1930 2031 1848 2034 1676 2034 1653 2019 1422 2034 1360 2011 1340 2027 1227 2034 1184 1995 1149 2031 1051 2046 996 2031 902 2046 699 2038 652 2015"/></Shape>
	    <String CONTENT="ובקש ובכל דבר (ו)מברך היה הולך להפריש תרומה ומעשר ראשון ומעשר שני מאימתי"
                    HPOS="648.0"
                    VPOS="1921.0"
                    WIDTH="2142.0"
                    HEIGHT="125.0"></String>
          </TextLine>

          
          
          <TextLine ID="eSc_line_1842368"
                    
                    BASELINE="598 2066 746 2077 1231 2077 1422 2070 2509 2066 2708 2070 2802 2077" 
                    HPOS="594.0"
                    VPOS="2011.0"
                    WIDTH="2204.0"
                    HEIGHT="129.0">
            <Shape><Polygon POINTS="594 2062 633 2058 676 2019 707 2038 1055 2042 1180 2038 1200 2019 1227 2038 1360 2015 1415 2034 1993 2034 2224 2031 2243 2011 2271 2034 2740 2034 2798 2073 2740 2120 2665 2124 2466 2124 2419 2077 2345 2124 2259 2116 2239 2136 2157 2113 1919 2124 1887 2109 1829 2124 1798 2097 1778 2116 1618 2109 1524 2124 1434 2101 1352 2132 1325 2109 1246 2128 945 2124 930 2109 914 2124 828 2140 785 2124 758 2140 727 2109 676 2128 613 2066"/></Shape>
	    <String CONTENT="מאימתי מברך עליהן משהפרישן הפרישן אם עתיד לקרות להם שם אין בהן קדוש&#39;"
                    HPOS="594.0"
                    VPOS="2011.0"
                    WIDTH="2204.0"
                    HEIGHT="129.0"></String>
          </TextLine>

          
          
          <TextLine ID="eSc_line_1842369"
                    
                    BASELINE="648 2152 988 2163 2306 2163 2771 2152" 
                    HPOS="644.0"
                    VPOS="2081.0"
                    WIDTH="2123.0"
                    HEIGHT="145.0">
            <Shape><Polygon POINTS="644 2148 676 2144 715 2109 762 2148 832 2148 934 2113 1012 2128 1348 2132 1426 2113 2212 2116 2239 2132 2255 2116 2349 2120 2403 2081 2462 2124 2693 2116 2755 2124 2767 2148 2728 2210 2689 2214 2661 2195 2607 2210 2587 2191 2556 2222 2525 2191 2478 2206 2396 2195 2368 2210 2071 2210 2032 2171 1985 2214 1880 2195 1778 2210 1747 2179 1723 2202 1676 2210 1594 2198 1579 2214 1555 2198 1415 2214 1383 2198 1368 2214 1282 2206 1250 2222 1129 2210 1114 2226 1094 2210 1012 2214 992 2195 973 2210 891 2210 859 2179 820 2191 797 2167 734 2202 668 2152"/></Shape>
	    <String CONTENT="עד שיקרא להן שם ואם אין עתיד לקרוא להן שם כיון שהפרישן נתקדשו ˙ ר&#39;"
                    HPOS="644.0"
                    VPOS="2081.0"
                    WIDTH="2123.0"
                    HEIGHT="145.0"></String>
          </TextLine>

          
          
          <TextLine ID="eSc_line_1842370"
                    
                    BASELINE="629 2241 1141 2257 1524 2257 1919 2245 2708 2249 2818 2234" 
                    HPOS="625.0"
                    VPOS="2179.0"
                    WIDTH="2189.0"
                    HEIGHT="133.0">
            <Shape><Polygon POINTS="625 2238 656 2234 707 2183 738 2206 840 2202 863 2222 985 2226 1000 2210 1121 2230 1372 2214 1387 2198 1411 2214 1680 2210 1747 2179 1786 2218 1802 2202 1950 2218 2040 2218 2056 2202 2364 2214 2396 2198 2501 2206 2521 2191 2552 2222 2744 2206 2767 2230 2814 2230 2787 2234 2716 2296 2466 2296 2411 2265 2380 2296 2278 2292 2263 2308 2138 2284 2087 2304 2001 2288 1868 2304 1821 2284 1696 2304 1665 2273 1630 2304 1528 2288 1395 2304 1364 2284 1321 2308 1200 2296 1160 2312 973 2312 934 2296 770 2292 754 2277 707 2296 629 2241"/></Shape>
	    <String CONTENT="יהודה או&#39; מוריד אדן את טבלו ומכניסו לתוך ביתו ובלבד שלא יתרום במדה שוקל [^]"
                    HPOS="625.0"
                    VPOS="2179.0"
                    WIDTH="2189.0"
                    HEIGHT="133.0"></String>
          </TextLine>

          
          
          <TextLine ID="eSc_line_1842371"
                    
                    BASELINE="641 2323 859 2343 1391 2343 1653 2331 2013 2339 2806 2343" 
                    HPOS="637.0"
                    VPOS="2269.0"
                    WIDTH="2165.0"
                    HEIGHT="136.0">
            <Shape><Polygon POINTS="637 2320 664 2300 750 2292 1063 2316 1243 2296 1630 2308 1665 2281 1692 2308 1809 2288 1844 2304 2005 2288 2271 2308 2380 2300 2411 2269 2454 2300 2740 2292 2802 2339 2790 2370 2771 2351 2744 2378 2681 2374 2665 2390 2544 2394 2486 2374 2435 2394 2267 2398 2200 2394 2165 2366 2087 2405 2059 2378 2016 2390 1993 2366 1962 2390 1516 2382 1074 2402 766 2398 719 2351 687 2363 648 2323"/></Shape>
	    <String CONTENT="אדם את טבלו ומכניסו לתוך ביתו ובלבד שלא יתרום במשקל מונה אדם את טבלו ˙"
                    HPOS="637.0"
                    VPOS="2269.0"
                    WIDTH="2165.0"
                    HEIGHT="136.0"></String>
          </TextLine>

          
          
          <TextLine ID="eSc_line_1842372"
                    
                    BASELINE="641 2445 1375 2445 1704 2433 2646 2437 2802 2417" 
                    HPOS="637.0"
                    VPOS="2355.0"
                    WIDTH="2161.0"
                    HEIGHT="140.0">
            <Shape><Polygon POINTS="637 2441 711 2355 766 2402 988 2402 1055 2386 1078 2402 1192 2390 1293 2405 1313 2386 1426 2398 1571 2382 1626 2398 1977 2402 2059 2386 2095 2409 2177 2374 2200 2398 2470 2394 2486 2378 2525 2394 2716 2386 2798 2413 2712 2484 2568 2488 2513 2452 2486 2480 2427 2491 2400 2472 2360 2491 2290 2488 2271 2468 2247 2488 2204 2472 2185 2491 1954 2491 1895 2456 1848 2488 1673 2495 1626 2448 1579 2480 1563 2464 1528 2484 1395 2491 1313 2460 1289 2484 1258 2476 1243 2491 1137 2476 1090 2491 887 2491 797 2484 781 2468 766 2484 680 2488 641 2448"/></Shape>
	    <String CONTENT="ומכניסו לתוך ביתו ובלבד שלא יתרום במניין ר&#39; יוסה בי ר&#39; יהודה או&#39; לא במדה ולא"
                    HPOS="637.0"
                    VPOS="2355.0"
                    WIDTH="2161.0"
                    HEIGHT="140.0"></String>
          </TextLine>

          
          
          <TextLine ID="eSc_line_1842373"
                    
                    BASELINE="617 2511 820 2530 2798 2523" 
                    HPOS="613.0"
                    VPOS="2452.0"
                    WIDTH="2181.0"
                    HEIGHT="137.0">
            <Shape><Polygon POINTS="613 2507 754 2484 1289 2491 1309 2472 1348 2495 1571 2491 1610 2452 1669 2495 1895 2495 1911 2480 2165 2491 2208 2468 2239 2488 2427 2491 2443 2476 2482 2484 2521 2456 2560 2488 2716 2488 2794 2519 2740 2577 2161 2566 2138 2581 1766 2581 1731 2577 1704 2550 1665 2573 1403 2570 1364 2589 1278 2570 1149 2585 1043 2566 957 2577 934 2562 902 2581 867 2562 766 2577 684 2550 644 2511"/></Shape>
	    <String CONTENT="במדוד ולא במשקל ולא בשקול ולא במניין ולא במנוי אמ&#39; לו מעשה שהיינו מלקטין"
                    HPOS="613.0"
                    VPOS="2452.0"
                    WIDTH="2181.0"
                    HEIGHT="137.0"></String>
          </TextLine>

          
          
          <TextLine ID="eSc_line_1842374"
                    
                    BASELINE="633 2593 750 2609 1047 2616 1403 2616 1645 2609 2032 2609 2341 2616 2704 2609 2802 2593" 
                    HPOS="629.0"
                    VPOS="2554.0"
                    WIDTH="2169.0"
                    HEIGHT="121.0">
            <Shape><Polygon POINTS="629 2589 684 2593 711 2566 867 2566 887 2581 1571 2581 1657 2577 1708 2554 1770 2581 2595 2570 2798 2589 2783 2624 2771 2613 2712 2659 2482 2659 2443 2644 2427 2659 2314 2667 2278 2640 2239 2663 2079 2667 2059 2648 1989 2659 1966 2640 1946 2659 1751 2671 1676 2644 1657 2663 1528 2675 1501 2659 1313 2675 1278 2648 1172 2675 953 2652 742 2659 664 2597 633 2593"/></Shape>
	    <String CONTENT="תאנים אחרי אביך ואמ&#39; לנו היו מונין אמ&#39; ר&#39; שמעון בן ﭏעזר מעשה בזקן אחד [בער&#39;]"
                    HPOS="629.0"
                    VPOS="2554.0"
                    WIDTH="2169.0"
                    HEIGHT="121.0"></String>
          </TextLine>

          
          
          <TextLine ID="eSc_line_1842375"
                    
                    BASELINE="605 2687 1086 2710 1680 2710 1891 2702 2349 2698 2575 2702 2806 2687" 
                    HPOS="601.0"
                    VPOS="2640.0"
                    WIDTH="2201.0"
                    HEIGHT="125.0">
            <Shape><Polygon POINTS="601 2683 684 2687 707 2663 816 2659 961 2659 996 2679 1012 2663 1532 2679 1684 2659 1954 2659 1973 2640 1993 2659 2063 2652 2095 2675 2732 2655 2755 2679 2794 2667 2802 2683 2736 2753 2669 2757 2622 2737 2177 2757 2149 2730 2126 2753 2079 2737 2063 2753 1903 2741 1684 2757 1364 2757 1270 2741 1223 2765 1129 2737 996 2753 703 2745 644 2687"/></Shape>
	    <String CONTENT="בערדסקיס שהיה שוקל את כלכלתו מלאה וחוזר ושוקלה רקנית והיה ר&#39; מאיר [מש&#39;]"
                    HPOS="601.0"
                    VPOS="2640.0"
                    WIDTH="2201.0"
                    HEIGHT="125.0"></String>
          </TextLine>

          
          
          <TextLine ID="eSc_line_1842379"
                    
                    BASELINE="648 2777 1149 2800 1755 2792 2427 2792 2579 2784 2673 2784 2775 2792" 
                    HPOS="644.0"
                    VPOS="2737.0"
                    WIDTH="2127.0"
                    HEIGHT="118.0">
            <Shape><Polygon POINTS="644 2773 703 2741 840 2757 883 2741 922 2757 1129 2741 1227 2765 1270 2745 1598 2761 2067 2753 2083 2737 2134 2753 2153 2737 2181 2761 2697 2749 2732 2753 2771 2788 2728 2839 2634 2847 2439 2835 2400 2851 2349 2835 2329 2855 2267 2839 2208 2855 2126 2851 2099 2827 2013 2847 1841 2835 1606 2855 1528 2835 1501 2851 1407 2851 1391 2835 1286 2843 1254 2820 1215 2843 1141 2847 1117 2831 1090 2847 930 2839 859 2855 730 2835 676 2780 648 2784"/></Shape>
	    <String CONTENT="משבחו התורם את הכלכלה ונמצאו פירות בצידי כלכלה הרי אלו תרומה מפני [שי&#39;]"
                    HPOS="644.0"
                    VPOS="2737.0"
                    WIDTH="2127.0"
                    HEIGHT="118.0"></String>
          </TextLine>

          
          
          <TextLine ID="eSc_line_1842354"
                    
                    BASELINE="652 2882 766 2874 1055 2890 1508 2890 1770 2878 2247 2878 2384 2886 2654 2878 2802 2882" 
                    HPOS="648.0"
                    VPOS="2827.0"
                    WIDTH="2150.0"
                    HEIGHT="117.0">
            <Shape><Polygon POINTS="648 2878 656 2855 680 2859 703 2835 1153 2851 1219 2847 1243 2827 1266 2847 1399 2851 1962 2843 2024 2847 2044 2866 2110 2866 2173 2843 2212 2855 2231 2839 2333 2851 2349 2835 2685 2835 2798 2878 2767 2878 2716 2925 2658 2933 2192 2937 2106 2874 2013 2874 1938 2933 1876 2905 1829 2941 1426 2944 1297 2937 1278 2917 1258 2937 1145 2929 1110 2944 957 2937 926 2917 723 2933 668 2878"/></Shape>
	    <String CONTENT="שלבו לתרום על הכל ˙˙ היו לפניו תאנים ורמונים אין מחייבין אותו להיות"
                    HPOS="648.0"
                    VPOS="2827.0"
                    WIDTH="2150.0"
                    HEIGHT="117.0"></String>
          </TextLine>

          
          
          <TextLine ID="eSc_line_1842355"
                    
                    BASELINE="668 2964 1231 2987 1676 2984 1821 2976 2755 2976" 
                    HPOS="664.0"
                    VPOS="2909.0"
                    WIDTH="2087.0"
                    HEIGHT="149.0">
            <Shape><Polygon POINTS="664 2960 695 2913 719 2937 926 2925 1266 2944 1282 2929 1321 2948 1415 2948 1837 2944 1876 2909 1915 2937 2009 2933 2028 2917 2044 2933 2243 2944 2720 2929 2751 2972 2701 3015 2658 3023 2403 3023 2278 3046 2247 3023 2106 3030 2087 3011 2048 3030 1907 3027 1887 3007 1856 3030 1790 3034 1614 3034 1594 3019 1555 3034 1528 3019 1497 3038 1348 3038 1329 3023 1223 3034 1200 3019 1176 3034 1129 3027 1106 3046 1039 3019 961 3019 934 3038 902 3007 875 3030 824 3030 797 3058 754 3015 668 3023"/></Shape>
	    <String CONTENT="יושב ומשער בין בדקה בין בגסה ﭏא תורם כדרכו בבינוני התורם את הגורן צריך [ש&#39;]"
                    HPOS="664.0"
                    VPOS="2909.0"
                    WIDTH="2087.0"
                    HEIGHT="149.0"></String>
          </TextLine>

          
          
          <TextLine ID="eSc_line_1842352"
                    
                    BASELINE="738 3073 1559 3073 1743 3066 2802 3066" 
                    HPOS="734.0"
                    VPOS="3015.0"
                    WIDTH="2064.0"
                    HEIGHT="121.0">
            <Shape><Polygon POINTS="734 3069 758 3030 801 3058 828 3030 883 3030 899 3015 926 3038 973 3023 1098 3046 1129 3030 1262 3027 1501 3038 1532 3019 1571 3038 1860 3027 1880 3042 1899 3027 2075 3034 2091 3019 2114 3034 2263 3027 2278 3042 2712 3019 2798 3062 2759 3062 2693 3124 2665 3109 2603 3112 2583 3132 2548 3112 2314 3128 2200 3109 2091 3128 2001 3109 1981 3128 1958 3109 1923 3124 1618 3116 1536 3136 1489 3116 1309 3124 1235 3105 1207 3128 1102 3116 1059 3132 1008 3109 961 3124 899 3124 848 3097 801 3109 758 3069"/></Shape>
	    <String CONTENT="שיכוין את לבו על מה שבקוטין על מה שבתבן על מה שבצדדין על מה שבגורן ˙˙"
                    HPOS="734.0"
                    VPOS="3015.0"
                    WIDTH="2064.0"
                    HEIGHT="121.0"></String>
          </TextLine>

          
          
          <TextLine ID="eSc_line_1842349"
                    
                    BASELINE="617 3140 828 3159 1000 3163 2075 3163 2618 3148" 
                    HPOS="613.0"
                    VPOS="3101.0"
                    WIDTH="2002.0"
                    HEIGHT="129.0">
            <Shape><Polygon POINTS="613 3136 652 3105 785 3101 930 3128 1008 3112 1063 3136 1211 3132 1231 3112 1321 3128 1481 3120 1536 3140 1774 3120 1966 3120 1985 3136 2005 3116 2083 3136 2228 3116 2333 3128 2384 3112 2544 3116 2568 3140 2603 3128 2615 3144 2603 3206 2572 3191 2204 3222 2165 3218 2142 3194 2099 3218 2067 3194 2032 3226 1993 3194 1966 3214 1876 3218 1848 3198 1829 3218 1684 3210 1579 3226 1547 3198 1481 3230 1297 3202 1200 3230 1172 3206 1110 3226 1067 3206 957 3218 672 3202 617 3155"/></Shape>
	    <String CONTENT="התורם את הבור צריך שיכוין את לבו על מה שבחרצנין ועל מה שבזגין התורם"
                    HPOS="613.0"
                    VPOS="3101.0"
                    WIDTH="2002.0"
                    HEIGHT="129.0"></String>
          </TextLine>

          
          
          <TextLine ID="eSc_line_1842350"
                    
                    BASELINE="586 3230 758 3249 1243 3265 1844 3253 2779 3253" 
                    HPOS="582.0"
                    VPOS="3183.0"
                    WIDTH="2193.0"
                    HEIGHT="136.0">
            <Shape><Polygon POINTS="582 3226 590 3183 609 3198 824 3214 1160 3214 1200 3230 1289 3214 1407 3234 1680 3214 1833 3222 1852 3202 1868 3218 2040 3222 2067 3194 2095 3214 2142 3198 2169 3218 2677 3198 2775 3249 2716 3296 2642 3304 2611 3292 2411 3308 2384 3280 2333 3304 2278 3304 2243 3273 2216 3300 2138 3300 2122 3316 2099 3300 2001 3312 1970 3288 1930 3312 1798 3312 1743 3284 1684 3316 1637 3304 1438 3319 1344 3304 1160 3316 988 3292 852 3316 828 3292 785 3304 734 3280 703 3304 648 3292 586 3241"/></Shape>
	    <String CONTENT="את הגת צריך שיכוין את לבו צריך שיכוין את לבו על מה שבגפת אם לא כיון תניי בית"
                    HPOS="582.0"
                    VPOS="3183.0"
                    WIDTH="2193.0"
                    HEIGHT="136.0"></String>
          </TextLine>

          
          
          <TextLine ID="eSc_line_1842348"
                    
                    BASELINE="570 3327 1000 3351 2286 3351 2790 3331" 
                    HPOS="566.0"
                    VPOS="3276.0"
                    WIDTH="2221.0"
                    HEIGHT="125.0">
            <Shape><Polygon POINTS="566 3323 621 3292 719 3304 734 3288 852 3316 985 3296 1160 3316 1684 3316 1743 3284 1798 3308 1934 3308 1977 3288 2052 3319 2091 3304 2220 3304 2247 3276 2274 3304 2337 3304 2372 3280 2407 3308 2724 3296 2751 3323 2787 3327 2708 3382 2669 3362 2611 3390 2325 3378 2274 3394 2251 3370 2224 3390 2161 3394 2114 3362 2032 3390 1973 3366 1907 3398 1727 3394 1700 3374 1669 3398 1622 3386 1504 3401 1196 3394 1176 3374 1133 3398 1008 3398 977 3382 945 3398 648 3390 586 3327"/></Shape>
	    <String CONTENT="דין שיתרום [את] על הכל ˙ ר&#39; יוסה או&#39; כל בית גיתות תפוסה אחת כיצד גת אחת לשתי"
                    HPOS="566.0"
                    VPOS="3276.0"
                    WIDTH="2221.0"
                    HEIGHT="125.0"></String>
          </TextLine>

          
          
          <TextLine ID="eSc_line_1842347"
                    
                    BASELINE="605 3417 719 3433 953 3444 1489 3444 1759 3437 2427 3433 2568 3425 2775 3433" 
                    HPOS="601.0"
                    VPOS="3366.0"
                    WIDTH="2170.0"
                    HEIGHT="133.0">
            <Shape><Polygon POINTS="601 3413 660 3386 1133 3398 1180 3378 1203 3398 1598 3401 1680 3398 1704 3374 1739 3398 2110 3378 2130 3394 2212 3394 2251 3374 2271 3394 2532 3394 2650 3390 2677 3366 2771 3429 2720 3480 2654 3468 2274 3484 2185 3464 2165 3484 1524 3480 1497 3495 1340 3499 1317 3480 1164 3480 1149 3495 1129 3480 707 3480 660 3433 605 3417"/></Shape>
	    <String CONTENT="בורות שתי גיתות לבור אחת שתי גיתות לשתי בורות בזמן שכולם תפיסה אחת תורמין"
                    HPOS="601.0"
                    VPOS="3366.0"
                    WIDTH="2170.0"
                    HEIGHT="133.0"></String>
          </TextLine>

          
          
          <TextLine ID="eSc_line_1842353"
                    
                    BASELINE="574 3511 1063 3534 2771 3515" 
                    HPOS="570.0"
                    VPOS="3464.0"
                    WIDTH="2197.0"
                    HEIGHT="129.0">
            <Shape><Polygon POINTS="570 3507 601 3503 637 3468 668 3480 684 3464 703 3484 754 3476 848 3495 1129 3484 1149 3499 1164 3484 1501 3499 1790 3480 2673 3480 2767 3511 2736 3569 2626 3581 2505 3581 2482 3566 1985 3581 1911 3562 1891 3577 1610 3593 1571 3573 1481 3589 1465 3573 1415 3585 1383 3569 1192 3589 1157 3558 1090 3589 793 3577 770 3554 727 3573 641 3569 582 3511"/></Shape>
	    <String CONTENT="ומעשרין מזה על זה ניטמא אחד מהן תורם מן הטהור שבו על הטמא שבו אין כולם"
                    HPOS="570.0"
                    VPOS="3464.0"
                    WIDTH="2197.0"
                    HEIGHT="129.0"></String>
          </TextLine>

          
          
          <TextLine ID="eSc_line_1842351"
                    
                    BASELINE="637 3605 942 3620 1563 3628 1766 3628 2192 3612 2489 3616 2790 3605" 
                    HPOS="633.0"
                    VPOS="3566.0"
                    WIDTH="2154.0"
                    HEIGHT="121.0">
            <Shape><Polygon POINTS="633 3601 648 3569 676 3566 1090 3589 1133 3589 1160 3566 1188 3589 1438 3581 1461 3597 1555 3573 1618 3589 1923 3566 1989 3581 2720 3566 2751 3597 2787 3601 2697 3667 2532 3659 2513 3675 2466 3655 2357 3659 2337 3675 2317 3655 2247 3667 2231 3651 2204 3667 2169 3651 2149 3671 2020 3675 1934 3648 1911 3671 1751 3671 1735 3687 1665 3648 1610 3679 1329 3663 883 3679 856 3655 738 3667 648 3605"/></Shape>
	    <String CONTENT="תפיסה אחת אין תורמין ומעשרין מזה על זה ניטמא אחד מהם לא יתרום מן הטהור"
                    HPOS="633.0"
                    VPOS="3566.0"
                    WIDTH="2154.0"
                    HEIGHT="121.0"></String>
          </TextLine>

          
          
          <TextLine ID="eSc_line_1842356"
                    
                    BASELINE="570 3698 863 3718 1442 3726 2787 3698" 
                    HPOS="566.0"
                    VPOS="3644.0"
                    WIDTH="2217.0"
                    HEIGHT="234.0">
            <Shape><Polygon POINTS="566 3694 621 3694 672 3644 742 3675 813 3679 1325 3671 1426 3691 1614 3679 1661 3648 1735 3691 1755 3675 1915 3675 1938 3655 1962 3671 2001 3659 2020 3679 2153 3675 2169 3659 2317 3659 2341 3679 2681 3667 2736 3687 2771 3675 2783 3694 2701 3773 2673 3757 2615 3792 2595 3773 2536 3769 2486 3812 2435 3765 2368 3812 2306 3808 2271 3773 2231 3769 2142 3831 2020 3753 1962 3804 1868 3769 1794 3823 1739 3773 1641 3769 1587 3815 1547 3823 1430 3800 1399 3831 1329 3780 1278 3808 1254 3784 1184 3780 1137 3808 1106 3784 1055 3796 1035 3780 1008 3808 985 3788 934 3808 867 3878 789 3812 730 3808 609 3702 574 3718"/></Shape>
	    <String CONTENT="שבו על הטמא שבו וכן היה ר&#39; יהודה או&#39; כל בית הבד קורא אחת כיצד קורא אחת"
                    HPOS="566.0"
                    VPOS="3644.0"
                    WIDTH="2217.0"
                    HEIGHT="234.0"></String>
          </TextLine>

          
        </TextBlock>
        

        
      </PrintSpace>
    </Page>
  </Layout>
</alto>
