<?xml version="1.0" encoding="UTF-8"?>
<alto xmlns:xsi="http://www.w3.org/2001/XMLSchema-instance"
      xmlns="http://www.loc.gov/standards/alto/ns-v4#"
      xsi:schemaLocation="http://www.loc.gov/standards/alto/ns-v4# http://www.loc.gov/standards/alto/v4/alto-4-2.xsd">
  <Description>
    <MeasurementUnit>pixel</MeasurementUnit>
    <sourceImageInformation>
      <fileName>Cod.Hebr.20_045r.jpg</fileName>
      
    </sourceImageInformation>
  </Description>
  
  <Tags>
    <OtherTag ID="BT1" LABEL="Title" DESCRIPTION="block type Title"/><OtherTag ID="BT2" LABEL="Main" DESCRIPTION="block type Main"/><OtherTag ID="BT3" LABEL="Commentary" DESCRIPTION="block type Commentary"/><OtherTag ID="BT4" LABEL="Illustration" DESCRIPTION="block type Illustration"/><OtherTag ID="BT747" LABEL="Hole" DESCRIPTION="block type Hole"/><OtherTag ID="BT748" LABEL="Margin" DESCRIPTION="block type Margin"/><OtherTag ID="BT749" LABEL="Paratext" DESCRIPTION="block type Paratext"/>
    <OtherTag ID="LT3" LABEL="Correction" DESCRIPTION="line type Correction"/>
  </Tags>
  
  <Layout>
    <Page WIDTH="3528"
          HEIGHT="4601"
          PHYSICAL_IMG_NR="78"
          ID="eSc_dummypage_">
      <PrintSpace HPOS="0"
                  VPOS="0"
                  WIDTH="3528"
                  HEIGHT="4601">
        
        <TextBlock HPOS="703.0"
                   VPOS="456.0"
                   WIDTH="2210.0"
                   HEIGHT="3164.0"
                   ID="eSc_textblock_8484"
                   TAGREFS="BT2">
          <Shape><Polygon POINTS="703 456 2913 456 2913 3620 703 3620"/></Shape>
          
          
          <TextLine ID="eSc_line_1835467"
                    
                    BASELINE="778 494 1928 494 2960 517" 
                    HPOS="774.0"
                    VPOS="379.0"
                    WIDTH="2182.0"
                    HEIGHT="196.0">
            <Shape><Polygon POINTS="774 490 778 452 855 448 897 406 1008 444 1089 383 1119 383 1184 448 1223 448 1273 410 1392 379 1415 402 1484 414 1514 444 1560 444 1606 398 1668 429 1702 414 1740 444 1817 391 1859 425 1944 383 1978 398 2093 379 2197 463 2369 463 2423 440 2450 463 2500 437 2634 467 2680 429 2749 471 2791 448 2841 479 2902 486 2933 471 2956 513 2902 517 2845 575 2810 559 2634 567 2538 536 2500 559 2400 552 2366 567 2262 544 2212 559 2078 525 2020 563 1997 540 1948 552 1905 529 1859 552 1813 532 1779 540 1756 517 1679 536 1549 536 1487 559 1445 532 1395 529 1334 548 1269 529 1215 544 1104 532 1031 563 912 548 897 532 851 548 778 536"/></Shape>
	    <String CONTENT="מעשר במי דברים אמורים בשל יין אבל של ציר של חומץ של מוריס של שמן של דבש"
                    HPOS="774.0"
                    VPOS="379.0"
                    WIDTH="2182.0"
                    HEIGHT="196.0"></String>
          </TextLine>

          
          
          <TextLine ID="eSc_line_1835468"
                    
                    BASELINE="728 594 893 605 1357 598 1898 598 2070 605 2343 605 2738 621 2922 609" 
                    HPOS="724.0"
                    VPOS="521.0"
                    WIDTH="2194.0"
                    HEIGHT="153.0">
            <Shape><Polygon POINTS="724 590 740 559 797 529 851 555 1023 567 1066 552 1683 548 1729 544 1760 521 1783 544 1840 552 2005 552 2040 567 2193 555 2316 575 2496 567 2542 536 2573 567 2603 571 2780 575 2814 559 2883 590 2910 582 2918 605 2864 663 2818 674 2646 651 2626 667 2607 651 2458 667 2366 651 2335 670 2277 647 2162 659 2109 644 2043 663 2028 644 1879 632 1863 647 1836 628 1599 628 1537 647 1468 605 1430 644 1326 640 1303 624 1181 640 1150 621 1077 659 977 640 766 644 728 613"/></Shape>
	    <String CONTENT="בין גפם בין שלא גפם קנה מעשר בין גפם בין שלא גפם עולין באחד ומאה בין גפם בין שלא"
                    HPOS="724.0"
                    VPOS="521.0"
                    WIDTH="2194.0"
                    HEIGHT="153.0"></String>
          </TextLine>

          
          
          <TextLine ID="eSc_line_1835469"
                    
                    BASELINE="690 686 1821 686 2097 697 2366 693 2615 705 2922 697" 
                    HPOS="686.0"
                    VPOS="609.0"
                    WIDTH="2232.0"
                    HEIGHT="157.0">
            <Shape><Polygon POINTS="686 682 740 647 1073 663 1108 647 1131 659 1154 636 1422 647 1472 609 1533 647 1886 636 2043 659 2274 651 2343 670 2362 655 2599 655 2630 670 2864 667 2918 693 2864 751 2764 743 2684 759 2657 736 2569 766 2542 739 2465 755 2438 728 2362 739 2339 759 2316 739 2059 739 2009 724 1971 743 1898 705 1871 732 1407 720 1323 736 1269 720 1123 724 1104 743 1027 724 943 751 920 728 874 724 832 747 751 736 690 682"/></Shape>
	    <String CONTENT="גפם מקדשין בכל שהן אימתי אמרו קנה מעשר בזמן שכולה מעשר אבל אם הפקיד לתוכה"
                    HPOS="686.0"
                    VPOS="609.0"
                    WIDTH="2232.0"
                    HEIGHT="157.0"></String>
          </TextLine>

          
          
          <TextLine ID="eSc_line_1835470"
                    
                    BASELINE="759 766 1959 774 2358 789 2442 786 2906 793" 
                    HPOS="755.0"
                    VPOS="716.0"
                    WIDTH="2147.0"
                    HEIGHT="135.0">
            <Shape><Polygon POINTS="755 762 763 736 835 747 870 728 920 728 943 751 962 732 1008 728 1108 743 1123 728 1415 720 1499 736 1744 720 1879 739 1902 716 1967 743 2082 732 2331 759 2362 743 2523 747 2573 774 2622 751 2860 755 2902 789 2830 839 2588 839 2542 820 2527 835 2469 824 2450 843 2400 847 2335 824 2304 851 2251 832 2170 839 2147 820 1787 828 1752 809 1614 816 1560 801 1507 820 1395 805 1288 809 1269 824 1104 812 1046 832 1020 801 916 816 824 816 805 797 782 820 759 809"/></Shape>
	    <String CONTENT="רביעית של חולין בין גפם בין שלא גפם לא קנה מעשר אמ&#39; ר&#39; שמעון בן לעזר לא נחלקו"
                    HPOS="755.0"
                    VPOS="716.0"
                    WIDTH="2147.0"
                    HEIGHT="135.0"></String>
          </TextLine>

          
          
          <TextLine ID="eSc_line_1835476"
                    
                    BASELINE="740 866 1905 862 2166 878 2653 878 2918 885" 
                    HPOS="736.0"
                    VPOS="809.0"
                    WIDTH="2178.0"
                    HEIGHT="122.0">
            <Shape><Polygon POINTS="736 862 778 832 858 812 1023 809 1046 832 1096 812 1752 812 1794 828 2155 824 2174 839 2193 824 2304 847 2327 828 2400 847 2469 832 2856 839 2914 881 2849 931 2795 908 2772 927 2642 908 2603 927 2419 924 2396 908 2358 924 2239 908 2162 927 2139 912 1721 901 1694 881 1664 904 1568 893 1403 920 1380 897 1346 920 1311 885 1246 908 1196 893 931 908 862 881 801 901 740 862"/></Shape>
	    <String CONTENT="בית שמיי ובית הלל על הדורך באמצע הבית שמפתיח ואין צריך לערות על מה נחלקו"
                    HPOS="736.0"
                    VPOS="809.0"
                    WIDTH="2178.0"
                    HEIGHT="122.0"></String>
          </TextLine>

          
          
          <TextLine ID="eSc_line_1835477"
                    
                    BASELINE="697 954 1825 954 2377 973 2703 970 2902 973" 
                    HPOS="694.0"
                    VPOS="885.0"
                    WIDTH="2205.0"
                    HEIGHT="177.0">
            <Shape><Polygon POINTS="694 950 724 908 801 912 855 885 893 912 943 916 1257 912 1315 889 1353 924 1372 908 1407 920 1576 901 1660 912 1694 885 1725 912 1913 920 2680 924 2764 927 2787 950 2822 927 2856 931 2899 970 2845 1023 2703 1008 2646 1062 2603 1019 2392 1019 2366 996 2331 1019 2247 1019 2205 996 2151 1016 1928 1000 1794 1012 1549 985 1234 1008 1096 996 1058 1031 1016 1000 939 1054 882 993 828 1008 793 993 740 1000 697 962"/></Shape>
	    <String CONTENT="על הדורך בגת שבית שמיי אומ&#39; מפתח ומערה לגת ובית הלל אומ&#39; מפתח ואין צריך לערות ˙˙"
                    HPOS="694.0"
                    VPOS="885.0"
                    WIDTH="2205.0"
                    HEIGHT="177.0"></String>
          </TextLine>

          
          
          <TextLine ID="eSc_line_1835498"
                    
                    BASELINE="966 1111 1169 1142 2170 1138 2565 1150" 
                    HPOS="962.0"
                    VPOS="1039.0"
                    WIDTH="1599.0"
                    HEIGHT="226.0">
            <Shape><Polygon POINTS="962 1108 1000 1069 1073 1085 1119 1039 1165 1081 1238 1065 1273 1077 1292 1062 1441 1085 1491 1134 1572 1134 1606 1115 1622 1131 1748 1131 1802 1077 1863 1096 1902 1073 2158 1088 2208 1108 2266 1077 2312 1092 2362 1054 2400 1088 2454 1077 2550 1096 2561 1146 2504 1226 2450 1253 2415 1223 2392 1238 2335 1188 2258 1265 2205 1234 2139 1257 2070 1253 1967 1200 1886 1226 1783 1138 1717 1154 1648 1138 1622 1157 1499 1138 1392 1246 1338 1238 1292 1192 1238 1207 1200 1246 1177 1223 1161 1238 1089 1238 1000 1150 966 1157"/></Shape>
	    <String CONTENT="סליק פירקא ˙˙ פרק ג&#39; ˙˙"
                    HPOS="962.0"
                    VPOS="1039.0"
                    WIDTH="1599.0"
                    HEIGHT="226.0"></String>
          </TextLine>

          
          
          <TextLine ID="eSc_line_1835499"
                    
                    BASELINE="766 1299 882 1292 1859 1292 2316 1311 2764 1307 2914 1315" 
                    HPOS="763.0"
                    VPOS="1188.0"
                    WIDTH="2147.0"
                    HEIGHT="184.0">
            <Shape><Polygon POINTS="763 1295 770 1249 1207 1249 1284 1196 1334 1238 1595 1253 1687 1188 1760 1246 1917 1246 1974 1269 2009 1246 2132 1261 2174 1246 2251 1269 2661 1269 2722 1219 2768 1265 2856 1269 2910 1311 2860 1353 2722 1353 2699 1372 2669 1341 2626 1361 2576 1345 2381 1361 2331 1341 2228 1349 2208 1368 2181 1345 2063 1334 2024 1353 1994 1322 1948 1341 1902 1334 1875 1357 1848 1334 1790 1330 1468 1341 1418 1334 1395 1311 1361 1334 1188 1322 1131 1349 1104 1330 1016 1322 993 1341 966 1322 901 1345 835 1326 801 1338 766 1311"/></Shape>
	    <String CONTENT="המוליך פירות מעשר ממקום היוקר למקום הזול או ממקום הזול למקום היוקר פודהו"
                    HPOS="763.0"
                    VPOS="1188.0"
                    WIDTH="2147.0"
                    HEIGHT="184.0"></String>
          </TextLine>

          
          
          <TextLine ID="eSc_line_1835478"
                    
                    BASELINE="736 1376 912 1387 1856 1384 2243 1399 2906 1399" 
                    HPOS="732.0"
                    VPOS="1311.0"
                    WIDTH="2170.0"
                    HEIGHT="149.0">
            <Shape><Polygon POINTS="732 1372 740 1349 778 1338 997 1345 1027 1318 1046 1338 1135 1349 1192 1326 1346 1338 1392 1311 1418 1338 1852 1341 1879 1364 1902 1341 2024 1357 2181 1349 2208 1368 2235 1349 2427 1357 2446 1341 2477 1357 2672 1353 2699 1372 2718 1357 2841 1357 2902 1395 2845 1449 2649 1437 2626 1460 2599 1441 2308 1426 2105 1456 2047 1426 1936 1437 1886 1414 1840 1437 1775 1414 1744 1433 1572 1410 1461 1430 1418 1422 1392 1395 1330 1426 1234 1407 1184 1433 1142 1418 1096 1430 916 1414 862 1437 805 1403 774 1430 736 1403"/></Shape>
	    <String CONTENT="כשער מקומו אמ&#39; ר&#39; יהושע בן קרחא במי דברים אמורים בשל דמיי אבל בשל ודיי פודין"
                    HPOS="732.0"
                    VPOS="1311.0"
                    WIDTH="2170.0"
                    HEIGHT="149.0"></String>
          </TextLine>

          
          
          <TextLine ID="eSc_line_1835479"
                    
                    BASELINE="751 1479 1767 1476 2289 1495 2922 1495" 
                    HPOS="747.0"
                    VPOS="1395.0"
                    WIDTH="2171.0"
                    HEIGHT="150.0">
            <Shape><Polygon POINTS="747 1476 759 1430 789 1445 997 1430 1230 1441 1361 1426 1392 1395 1426 1430 1579 1418 2059 1437 2109 1456 2247 1441 2596 1445 2630 1464 2649 1445 2853 1449 2918 1491 2814 1537 2580 1541 2519 1510 2469 1541 2423 1514 2377 1541 2331 1522 2308 1545 2270 1529 2178 1541 2112 1514 2078 1533 1859 1533 1833 1506 1802 1522 1721 1510 1349 1529 1319 1514 1192 1529 931 1510 801 1525 751 1506"/></Shape>
	    <String CONTENT="אותו כשער היוקר פודין מעשר שני כשער הזול כמו שחנוני לוקח ולא כמות שהוא מוכר"
                    HPOS="747.0"
                    VPOS="1395.0"
                    WIDTH="2171.0"
                    HEIGHT="150.0"></String>
          </TextLine>

          
          
          <TextLine ID="eSc_line_1835480"
                    
                    BASELINE="740 1560 905 1572 1568 1568 2143 1575 2408 1587 2922 1587" 
                    HPOS="736.0"
                    VPOS="1506.0"
                    WIDTH="2182.0"
                    HEIGHT="135.0">
            <Shape><Polygon POINTS="736 1556 759 1525 901 1522 916 1506 958 1529 1507 1533 1606 1518 2274 1529 2304 1549 2331 1525 2473 1545 2527 1514 2588 1549 2810 1545 2845 1529 2918 1583 2895 1583 2853 1625 2626 1621 2588 1641 2538 1618 2469 1629 2400 1606 2358 1625 2281 1625 2239 1598 2205 1621 1971 1610 1921 1637 1867 1610 1629 1610 1610 1629 1533 1575 1503 1606 1395 1575 1299 1621 1261 1606 828 1618 740 1568"/></Shape>
	    <String CONTENT="ר&#39; שמעון בן לעזר אומ&#39; כמות שחנוני לוקח מאותו המין ˙ הפורט דינר כסף למעשר"
                    HPOS="736.0"
                    VPOS="1506.0"
                    WIDTH="2182.0"
                    HEIGHT="135.0"></String>
          </TextLine>

          
          
          <TextLine ID="eSc_line_1835495"
                    
                    BASELINE="705 1667 812 1660 1787 1660 2427 1660 2818 1667 2933 1656" 
                    HPOS="701.0"
                    VPOS="1579.0"
                    WIDTH="2228.0"
                    HEIGHT="146.0">
            <Shape><Polygon POINTS="701 1664 705 1614 751 1610 778 1583 824 1618 1000 1621 1016 1606 1349 1614 1399 1579 1430 1606 1568 1602 1610 1629 1652 1610 1894 1610 1921 1633 1948 1614 2197 1625 2235 1598 2289 1625 2366 1621 2400 1602 2423 1621 2561 1621 2584 1637 2837 1625 2876 1652 2929 1652 2899 1656 2826 1713 2707 1713 2665 1694 2638 1713 2381 1698 2354 1725 2323 1706 2017 1702 1994 1679 1928 1702 1694 1702 1664 1671 1637 1698 1576 1683 1530 1702 1495 1683 1296 1706 1257 1706 1230 1683 1158 1702 1031 1702 989 1679 954 1702 774 1690 728 1706 705 1683"/></Shape>
	    <String CONTENT="שני כמות שחנוני לוקח ולא כמות שהוא מוכר מצרף דינר זהב למעשר שיני כמות ששולחני"
                    HPOS="701.0"
                    VPOS="1579.0"
                    WIDTH="2228.0"
                    HEIGHT="146.0"></String>
          </TextLine>

          
          
          <TextLine ID="eSc_line_1835482"
                    
                    BASELINE="709 1736 828 1748 1100 1756 1579 1748 2074 1756 2569 1752 2899 1759" 
                    HPOS="705.0"
                    VPOS="1679.0"
                    WIDTH="2190.0"
                    HEIGHT="134.0">
            <Shape><Polygon POINTS="705 1733 740 1710 805 1717 828 1698 977 1713 997 1694 1108 1706 1211 1698 1227 1683 1265 1713 1487 1694 1533 1710 1687 1710 1967 1702 1990 1679 2017 1706 2320 1713 2346 1729 2377 1713 2638 1717 2665 1694 2715 1717 2837 1713 2895 1756 2845 1805 2646 1790 2626 1809 2553 1794 2239 1794 2216 1813 2185 1790 2009 1794 1986 1775 1948 1794 1921 1767 1898 1790 1802 1802 1771 1782 1346 1794 1326 1775 1257 1802 1223 1779 1204 1790 1181 1767 1115 1790 1085 1759 1027 1794 974 1775 843 1786 809 1756 755 1786 709 1744"/></Shape>
	    <String CONTENT="פורט ולא כמות שהוא מצרף היה מוליכו ממקום למקום ומשתכר עליו יתר על שיויו [^]"
                    HPOS="705.0"
                    VPOS="1679.0"
                    WIDTH="2190.0"
                    HEIGHT="134.0"></String>
          </TextLine>

          
          
          <TextLine ID="eSc_line_1835483"
                    
                    BASELINE="682 1828 1940 1836 2086 1844 2519 1848 2899 1836" 
                    HPOS="678.0"
                    VPOS="1763.0"
                    WIDTH="2217.0"
                    HEIGHT="142.0">
            <Shape><Polygon POINTS="678 1825 778 1786 1054 1794 1089 1763 1127 1798 1219 1802 1629 1786 1737 1798 1775 1782 1802 1805 1894 1794 1925 1767 1951 1794 2197 1794 2220 1817 2243 1798 2573 1798 2630 1813 2653 1794 2868 1805 2895 1832 2856 1878 2722 1897 2626 1878 2507 1890 2473 1871 2412 1897 2270 1894 2231 1863 2193 1859 2124 1878 2097 1905 2059 1882 1986 1890 1932 1874 1875 1890 1848 1867 1802 1886 1733 1874 1660 1886 1641 1867 1625 1882 1602 1867 1583 1882 1418 1890 1357 1859 1330 1886 1173 1882 1150 1905 1127 1882 1089 1878 947 1874 928 1890 908 1871 855 1897 789 1867 759 1886 682 1828"/></Shape>
	    <String CONTENT="רובע על שיואו רבע דברי ר&#39; יהודה ר&#39; ﭏעזר אמ&#39; עד דינר מעשר שיני אין לו דמים דין הוא"
                    HPOS="678.0"
                    VPOS="1763.0"
                    WIDTH="2217.0"
                    HEIGHT="142.0"></String>
          </TextLine>

          
          
          <TextLine ID="eSc_line_1835484"
                    
                    BASELINE="694 1924 1207 1940 2933 1932" 
                    HPOS="690.0"
                    VPOS="1859.0"
                    WIDTH="2239.0"
                    HEIGHT="134.0">
            <Shape><Polygon POINTS="690 1920 717 1882 774 1886 789 1871 855 1897 947 1878 1131 1882 1150 1901 1173 1882 1840 1882 2074 1894 2097 1909 2189 1859 2231 1863 2262 1894 2822 1894 2883 1928 2929 1928 2830 1993 2626 1970 2576 1989 2500 1963 2431 1993 2373 1974 2135 1989 2089 1966 2024 1982 1836 1966 1794 1982 1729 1959 1694 1974 1510 1974 1491 1989 1453 1963 1399 1974 1380 1959 1234 1978 1089 1978 1062 1959 1023 1978 720 1978 694 1951"/></Shape>
	    <String CONTENT="שיאמר הוא וחומשו מחולל על איסר זה מעשר שיני שאין דמיו ידועים נפדה על פי שלשה"
                    HPOS="690.0"
                    VPOS="1859.0"
                    WIDTH="2239.0"
                    HEIGHT="134.0"></String>
          </TextLine>

          
          
          <TextLine ID="eSc_line_1835485"
                    
                    BASELINE="705 2024 1330 2024 1767 2032 2707 2032 2891 2020" 
                    HPOS="701.0"
                    VPOS="1959.0"
                    WIDTH="2186.0"
                    HEIGHT="119.0">
            <Shape><Polygon POINTS="701 2020 755 1974 1242 1978 1353 1974 1369 1959 1484 1989 1522 1974 1817 1982 1836 1966 2020 1982 2078 1963 2128 1986 2362 1974 2419 1989 2504 1963 2530 1986 2596 1989 2626 1966 2669 1982 2849 1978 2887 2016 2864 2058 2814 2074 2718 2051 2699 2070 2082 2062 2063 2078 2032 2062 1856 2070 1825 2055 1771 2066 1614 2051 1595 2066 1480 2047 1461 2066 1169 2051 1031 2066 1012 2051 835 2070 751 2066 705 2020"/></Shape>
	    <String CONTENT="לקוחות ולא על פי שלשה שאין לקוחות אפי&#39; אחד מהן גוי ואפי&#39; אחד מהן בעלים כופין את"
                    HPOS="701.0"
                    VPOS="1959.0"
                    WIDTH="2186.0"
                    HEIGHT="119.0"></String>
          </TextLine>

          
          
          <TextLine ID="eSc_line_1835486"
                    
                    BASELINE="747 2097 862 2108 2906 2108" 
                    HPOS="743.0"
                    VPOS="2055.0"
                    WIDTH="2159.0"
                    HEIGHT="130.0">
            <Shape><Polygon POINTS="743 2093 770 2058 851 2070 1794 2055 2059 2078 2730 2062 2853 2070 2902 2104 2837 2154 2458 2147 2377 2154 2339 2185 2300 2162 2135 2154 2082 2131 2043 2150 1990 2135 1955 2154 1783 2139 1737 2154 1564 2139 1457 2150 1418 2135 1288 2150 1188 2124 1150 2143 1000 2150 974 2135 924 2154 901 2139 855 2147 824 2124 786 2147 747 2135"/></Shape>
	    <String CONTENT="הבעלים לפתוח ראשון אם אמר הרי היא שלי באיסר יכול לחזור בו זה חומר בהקדש [מ&#39;]"
                    HPOS="743.0"
                    VPOS="2055.0"
                    WIDTH="2159.0"
                    HEIGHT="130.0"></String>
          </TextLine>

          
          
          <TextLine ID="eSc_line_1835496"
                    
                    BASELINE="759 2189 908 2200 2929 2200" 
                    HPOS="755.0"
                    VPOS="2124.0"
                    WIDTH="2170.0"
                    HEIGHT="138.0">
            <Shape><Polygon POINTS="755 2185 759 2162 805 2127 843 2150 931 2154 947 2139 1012 2154 1154 2150 1184 2124 1215 2150 2109 2150 2239 2158 2316 2189 2343 2189 2377 2158 2454 2189 2492 2154 2853 2154 2887 2189 2925 2196 2895 2196 2849 2242 2692 2254 2619 2227 2584 2258 2477 2223 2450 2196 2308 2200 2281 2227 2208 2208 2112 2262 2089 2242 2005 2231 1990 2246 1859 2246 1825 2219 1810 2235 1633 2242 1518 2227 1115 2239 1050 2212 1023 2239 816 2242 759 2227"/></Shape>
	    <String CONTENT="מבמעשר שני ˙ אין פודין מעשר שני אכסרה כיצד היו לו פירות מרקיבין"
                    HPOS="755.0"
                    VPOS="2124.0"
                    WIDTH="2170.0"
                    HEIGHT="138.0"></String>
          </TextLine>

          
          
          <TextLine ID="eSc_line_1835487"
                    
                    BASELINE="724 2269 835 2281 1656 2281 2120 2292 2922 2281" 
                    HPOS="720.0"
                    VPOS="2200.0"
                    WIDTH="2198.0"
                    HEIGHT="142.0">
            <Shape><Polygon POINTS="720 2265 759 2231 1740 2242 1810 2239 1825 2223 1859 2250 2086 2246 2112 2269 2139 2242 2178 2239 2381 2246 2438 2200 2477 2239 2580 2265 2607 2242 2692 2258 2745 2242 2853 2246 2887 2277 2918 2277 2856 2323 2784 2335 2527 2315 2500 2338 2373 2319 2293 2331 2254 2300 2228 2327 2055 2323 2036 2342 1994 2312 1971 2327 1890 2323 1840 2288 1775 2331 1740 2315 1641 2335 1564 2308 1369 2319 1346 2296 1326 2315 1234 2319 1204 2288 1146 2323 1012 2315 981 2331 870 2304 770 2315 724 2269"/></Shape>
	    <String CONTENT="ומעות מחלידין לא יאמר כמה אדן רוצה ליתן בציבור זה וכמה אדם רוצה ליתן בכרי זה"
                    HPOS="720.0"
                    VPOS="2200.0"
                    WIDTH="2198.0"
                    HEIGHT="142.0"></String>
          </TextLine>

          
          
          <TextLine ID="eSc_line_1835488"
                    
                    BASELINE="740 2358 916 2369 2534 2369 2830 2361 2933 2369" 
                    HPOS="736.0"
                    VPOS="2292.0"
                    WIDTH="2193.0"
                    HEIGHT="131.0">
            <Shape><Polygon POINTS="736 2354 755 2319 1165 2323 1196 2292 1230 2319 1564 2315 1645 2338 1683 2323 1810 2319 1836 2335 1990 2312 2040 2338 2059 2319 2228 2323 2254 2296 2289 2327 2477 2323 2504 2338 2523 2319 2692 2315 2776 2335 2856 2323 2891 2358 2929 2365 2899 2365 2856 2407 2569 2404 2500 2423 2458 2423 2412 2396 2331 2411 2254 2388 2216 2423 2189 2423 2166 2404 2097 2400 2074 2419 2043 2404 1990 2419 1848 2400 1802 2415 1679 2400 1648 2415 1587 2392 1572 2407 1491 2396 1438 2411 1330 2396 1299 2419 1269 2396 1066 2411 901 2407 882 2392 809 2407 740 2384"/></Shape>
	    <String CONTENT="ﭏא אומ&#39; כמה אדן רוצה ליקח לו מעות בסלע וכמה אדם רוצה ליקח לו מעות בדינר כמה"
                    HPOS="736.0"
                    VPOS="2292.0"
                    WIDTH="2193.0"
                    HEIGHT="131.0"></String>
          </TextLine>

          
          
          <TextLine ID="eSc_line_1835489"
                    
                    BASELINE="701 2438 981 2461 2469 2461 2914 2450" 
                    HPOS="697.0"
                    VPOS="2396.0"
                    WIDTH="2213.0"
                    HEIGHT="111.0">
            <Shape><Polygon POINTS="697 2434 751 2404 1276 2404 1299 2419 1319 2404 1572 2411 1591 2396 1652 2419 1679 2404 1844 2404 1986 2419 2166 2407 2220 2423 2251 2400 2438 2407 2454 2423 2569 2407 2856 2411 2910 2446 2860 2492 2818 2499 2657 2499 2619 2484 2469 2503 2408 2484 2362 2507 2320 2492 2289 2507 2170 2507 2147 2488 2078 2503 2059 2484 1844 2499 1813 2476 1779 2499 1464 2488 1353 2503 1242 2480 1123 2492 1081 2473 1046 2499 1004 2480 970 2496 889 2496 874 2480 786 2496 713 2438"/></Shape>
	    <String CONTENT="תהא חסירה ולא יהו מחוללין עליה מעשר שיני לסלע ארבע איסרות ולדינר איסר דברי"
                    HPOS="697.0"
                    VPOS="2396.0"
                    WIDTH="2213.0"
                    HEIGHT="111.0"></String>
          </TextLine>

          
          
          <TextLine ID="eSc_line_1835490"
                    
                    BASELINE="755 2542 1077 2553 2036 2553 2768 2545 2933 2530" 
                    HPOS="751.0"
                    VPOS="2480.0"
                    WIDTH="2178.0"
                    HEIGHT="131.0">
            <Shape><Polygon POINTS="751 2538 755 2507 778 2496 1043 2503 1196 2496 1211 2480 1273 2499 1775 2503 1802 2519 1821 2503 1994 2496 2366 2507 2408 2484 2446 2503 2569 2503 2638 2484 2661 2503 2853 2496 2883 2526 2929 2526 2856 2580 2822 2568 2799 2588 2622 2568 2557 2588 2511 2576 2235 2595 2178 2561 2151 2588 2074 2599 2024 2595 1978 2557 1925 2591 1767 2576 1725 2595 1698 2572 1679 2591 1625 2595 1583 2561 1526 2599 1507 2584 1411 2584 1346 2588 1323 2611 1280 2584 993 2591 958 2576 885 2588 843 2568 816 2588 755 2580"/></Shape>
	    <String CONTENT="ר&#39; מאיר ר&#39; יהודה או&#39; לסלע ארבע פנדיונות ולדינר פנדיון ר&#39; שמעון או&#39; שמנה פנדיונות"
                    HPOS="751.0"
                    VPOS="2480.0"
                    WIDTH="2178.0"
                    HEIGHT="131.0"></String>
          </TextLine>

          
          
          <TextLine ID="eSc_line_1835491"
                    
                    BASELINE="736 2630 1035 2645 1625 2645 2017 2634 2906 2634" 
                    HPOS="732.0"
                    VPOS="2553.0"
                    WIDTH="2170.0"
                    HEIGHT="142.0">
            <Shape><Polygon POINTS="732 2626 736 2603 766 2591 954 2584 1280 2588 1323 2611 1346 2591 1430 2588 1510 2591 1537 2611 1587 2561 1629 2595 1925 2591 1986 2553 2024 2591 2070 2595 2147 2591 2178 2561 2228 2595 2515 2580 2596 2595 2849 2588 2902 2630 2856 2672 2814 2660 2784 2680 2734 2653 2707 2676 2665 2664 2646 2680 2603 2668 2519 2683 2488 2668 2304 2680 2254 2657 2220 2680 2139 2676 2116 2695 2043 2649 2005 2680 1487 2687 1453 2672 1369 2695 1242 2664 1192 2680 1165 2657 1112 2687 1027 2664 931 2687 763 2672 736 2653"/></Shape>
	    <String CONTENT="ודינר שתי פינדיאות יתר על כן מחללה בשויהא בסלע עד שקל ובדינר עד רובע פחות"
                    HPOS="732.0"
                    VPOS="2553.0"
                    WIDTH="2170.0"
                    HEIGHT="142.0"></String>
          </TextLine>

          
          
          <TextLine ID="eSc_line_1835497"
                    
                    BASELINE="724 2718 1748 2718 1990 2726 2300 2726 2477 2718 2776 2722 2914 2714" 
                    HPOS="720.0"
                    VPOS="2649.0"
                    WIDTH="2190.0"
                    HEIGHT="130.0">
            <Shape><Polygon POINTS="720 2714 778 2672 939 2687 993 2683 1012 2664 1104 2687 1246 2672 1361 2695 1449 2676 1664 2680 1760 2710 1787 2687 1852 2699 1867 2683 1905 2695 2005 2680 2036 2649 2116 2695 2247 2664 2262 2680 2354 2683 2649 2680 2672 2664 2718 2683 2833 2672 2910 2710 2845 2760 2692 2772 2519 2749 2442 2775 2415 2752 2343 2775 2289 2729 2251 2760 2120 2752 2047 2768 2001 2745 1925 2764 1836 2718 1729 2714 1656 2764 1537 2760 1499 2737 1468 2768 1119 2756 1077 2772 939 2764 828 2779 778 2772 724 2729"/></Shape>
	    <String CONTENT="מכן אפי&#39; איסר אין רשיי לחלל עליה ˙ היתה יוצא לסימון בסלע ולמטבע [ב&#39;]"
                    HPOS="720.0"
                    VPOS="2649.0"
                    WIDTH="2190.0"
                    HEIGHT="130.0"></String>
          </TextLine>

          
          
          <TextLine ID="eSc_line_1835493"
                    
                    BASELINE="1043 2798 1299 2814 1714 2814 2047 2802 2768 2802 2918 2791" 
                    HPOS="1039.0"
                    VPOS="2718.0"
                    WIDTH="1875.0"
                    HEIGHT="146.0">
            <Shape><Polygon POINTS="1039 2795 1043 2772 1112 2760 1472 2768 1499 2741 1530 2764 1748 2764 1798 2718 1859 2760 1928 2768 2216 2768 2254 2764 2289 2733 2339 2779 2385 2760 2415 2760 2438 2783 2461 2764 2603 2760 2699 2779 2726 2764 2856 2760 2883 2787 2914 2787 2860 2844 2741 2852 2695 2829 2638 2848 2553 2844 2534 2864 2511 2844 2385 2856 2350 2837 2105 2856 2059 2829 2043 2844 1997 2837 1875 2860 1844 2837 1794 2852 1740 2852 1725 2837 1706 2852 1576 2848 1549 2821 1518 2848 1303 2852 1280 2837 1073 2856 1043 2837"/></Shape>
	    <String CONTENT="בשקל לסימון בשקל ולמטבע בסלע אין למעשר שני ﭏא כשער המטבע ˙"
                    HPOS="1039.0"
                    VPOS="2718.0"
                    WIDTH="1875.0"
                    HEIGHT="146.0"></String>
          </TextLine>

          
          
          <TextLine ID="eSc_line_1835494"
                    
                    BASELINE="747 2894 1825 2894 1982 2887 2576 2890 2906 2875" 
                    HPOS="743.0"
                    VPOS="2825.0"
                    WIDTH="2159.0"
                    HEIGHT="131.0">
            <Shape><Polygon POINTS="743 2890 809 2844 1514 2852 1545 2825 1579 2856 1844 2844 1871 2867 1890 2852 2350 2841 2511 2844 2538 2860 2553 2844 2768 2837 2860 2844 2902 2871 2837 2925 2722 2925 2699 2910 2669 2936 2619 2913 2542 2933 2488 2917 2450 2948 2415 2921 2262 2940 1982 2925 1951 2956 1810 2921 1664 2956 1472 2917 1453 2936 1261 2925 1238 2948 1188 2921 1108 2940 1020 2929 989 2948 966 2929 935 2944 908 2921 851 2936 832 2917 809 2940 759 2890"/></Shape>
	    <String CONTENT="המוכר פירות לחבירו ונמצאו טבלים רץ אחריו לתקנן לא מצאו אם בידוע שהן קיימין"
                    HPOS="743.0"
                    VPOS="2825.0"
                    WIDTH="2159.0"
                    HEIGHT="131.0"></String>
          </TextLine>

          
          
          <TextLine ID="eSc_line_1835466"
                    
                    BASELINE="724 2975 2243 2982 2818 2971 2937 2959" 
                    HPOS="720.0"
                    VPOS="2913.0"
                    WIDTH="2213.0"
                    HEIGHT="150.0">
            <Shape><Polygon POINTS="720 2971 751 2940 835 2952 966 2936 1000 2956 1031 2936 1192 2933 1242 2956 1265 2933 1445 2944 1487 2925 1518 2944 1668 2956 1710 2936 1921 2933 1959 2952 1994 2929 2419 2929 2458 2948 2481 2925 2622 2921 2680 2936 2703 2913 2718 2929 2841 2925 2887 2956 2933 2956 2902 2959 2845 3017 2810 3017 2784 2994 2749 3021 2722 2994 2646 3025 2546 3002 2477 3025 2446 2998 2381 3036 2362 3017 2189 3009 2109 3028 1974 3021 1959 3036 1932 3013 1898 3036 1867 3013 1802 3036 1752 3021 1683 3036 1664 3017 1461 3032 1346 3017 1269 3036 1242 3009 1188 3063 1165 3063 1123 3025 958 3021 924 3036 901 3021 870 3040 843 3017 797 3028 766 3059 724 3017"/></Shape>
	    <String CONTENT="צריך לעשר על ידן אם בידוע שאינן קיימין אין צריך לעשר על ידן ספק שהן קיימין"
                    HPOS="720.0"
                    VPOS="2913.0"
                    WIDTH="2213.0"
                    HEIGHT="150.0"></String>
          </TextLine>

          
          
          <TextLine ID="eSc_line_1835473"
                    
                    BASELINE="736 3075 2024 3075 2937 3055" 
                    HPOS="732.0"
                    VPOS="3009.0"
                    WIDTH="2201.0"
                    HEIGHT="123.0">
            <Shape><Polygon POINTS="732 3071 797 3028 878 3036 901 3021 935 3036 1119 3028 1158 3067 1342 3063 1380 3025 1407 3040 1526 3025 1694 3044 1744 3025 1783 3040 1871 3025 1898 3040 1925 3017 1959 3040 2028 3021 2358 3021 2385 3036 2427 3013 2764 3028 2784 3009 2933 3051 2864 3105 2833 3094 2764 3124 2734 3105 2592 3121 2569 3101 2534 3121 2496 3090 2473 3105 2442 3098 2415 3124 2327 3109 2304 3132 2208 3101 2155 3121 2089 3101 2066 3124 2005 3105 1967 3124 1902 3094 1879 3113 1810 3121 1733 3109 1637 3132 1583 3109 1484 3109 1445 3128 1357 3071 1161 3071 1089 3117 1000 3121 974 3094 931 3121 885 3101 793 3117 747 3071"/></Shape>
	    <String CONTENT="ספק שאינן קיימין מעשר עליהן וקורא שם למעשרותיהן ˙ המוכר פירות"
                    HPOS="732.0"
                    VPOS="3009.0"
                    WIDTH="2201.0"
                    HEIGHT="123.0"></String>
          </TextLine>

          
          
          <TextLine ID="eSc_line_1835475"
                    
                    BASELINE="747 3155 1541 3167 2343 3167 2937 3147" 
                    HPOS="743.0"
                    VPOS="3075.0"
                    WIDTH="2190.0"
                    HEIGHT="161.0">
            <Shape><Polygon POINTS="743 3151 774 3121 1108 3121 1154 3086 1173 3105 1246 3109 1284 3075 1315 3075 1357 3117 1438 3128 1706 3128 1733 3105 1898 3128 1932 3101 1959 3124 2231 3109 2300 3136 2323 3113 2412 3128 2435 3105 2596 3128 2711 3109 2764 3124 2833 3094 2895 3144 2933 3144 2902 3147 2860 3190 2833 3170 2787 3205 2576 3197 2546 3224 2511 3197 2343 3209 2312 3178 2270 3209 2158 3209 2139 3193 2093 3205 2070 3190 2036 3224 1994 3186 1974 3193 1948 3174 1917 3205 1886 3197 1859 3224 1721 3201 1691 3216 1614 3209 1587 3236 1560 3216 1522 3224 1388 3197 1346 3209 1284 3190 1173 3224 1138 3201 1112 3220 1000 3197 912 3205 885 3228 816 3178 766 3193 747 3174"/></Shape>
	    <String CONTENT="לחבירו והמוכר או&#39; טבלים מכרתי לך והלוקח או&#39; מתוקנין מכרת לי כופין אותו המוכר [^]"
                    HPOS="743.0"
                    VPOS="3075.0"
                    WIDTH="2190.0"
                    HEIGHT="161.0"></String>
          </TextLine>

          
          
          <TextLine ID="eSc_line_1835471"
                    
                    BASELINE="766 3251 1990 3259 2181 3251 2615 3251 2914 3239" 
                    HPOS="763.0"
                    VPOS="3167.0"
                    WIDTH="2147.0"
                    HEIGHT="149.0">
            <Shape><Polygon POINTS="763 3247 766 3213 820 3205 885 3228 908 3209 1138 3209 1173 3224 1227 3205 1556 3220 1583 3239 1606 3220 1687 3224 1714 3209 1859 3228 1913 3213 1948 3178 2032 3228 2082 3205 2323 3216 2515 3201 2550 3224 2573 3201 2795 3201 2833 3167 2895 3201 2910 3236 2868 3289 2799 3293 2780 3312 2734 3289 2481 3293 2454 3278 2331 3289 2308 3308 2228 3282 2193 3301 2005 3301 1959 3266 1932 3293 1913 3282 1875 3305 1687 3301 1614 3316 1541 3301 1430 3312 1399 3282 1342 3305 1257 3305 1230 3289 1200 3316 1165 3282 1054 3308 993 3278 920 3308 882 3274 851 3289 824 3274 805 3289 766 3278"/></Shape>
	    <String CONTENT="לתקן את שלו הרי שלקחו מבית המלך את גרנו אם מחמת החוב צריך לעשר על ידו"
                    HPOS="763.0"
                    VPOS="3167.0"
                    WIDTH="2147.0"
                    HEIGHT="149.0"></String>
          </TextLine>

          
          
          <TextLine ID="eSc_line_1835474"
                    
                    BASELINE="743 3339 2009 3351 2427 3339 2922 3339" 
                    HPOS="740.0"
                    VPOS="3266.0"
                    WIDTH="2178.0"
                    HEIGHT="157.0">
            <Shape><Polygon POINTS="740 3335 743 3305 770 3297 832 3312 882 3293 924 3312 962 3308 985 3285 1046 3308 1161 3301 1207 3316 1357 3312 1395 3282 1430 3312 1533 3305 1606 3335 1740 3316 1760 3335 1817 3305 1863 3324 1959 3266 2005 3301 2193 3308 2220 3289 2297 3312 2415 3289 2738 3293 2776 3312 2860 3293 2918 3335 2841 3385 2465 3377 2408 3397 2381 3377 2339 3393 2293 3354 2266 3381 2155 3400 2082 3377 2001 3397 1971 3366 1909 3404 1848 3362 1802 3370 1733 3347 1702 3374 1668 3347 1618 3347 1553 3400 1507 3412 1484 3397 1457 3423 1403 3393 1334 3404 1315 3381 1131 3400 1066 3377 1023 3393 993 3370 966 3397 862 3404 828 3377 770 3385 743 3362"/></Shape>
	    <String CONTENT="אם מחמת אונס אין צריך לעשר על ידן ˙ האוכל פירות מעשר שיני בין [ב&#39;]"
                    HPOS="740.0"
                    VPOS="3266.0"
                    WIDTH="2178.0"
                    HEIGHT="157.0"></String>
          </TextLine>

          
          
          <TextLine ID="eSc_line_1835472"
                    
                    BASELINE="728 3431 1050 3443 1971 3443 2787 3420 2945 3423" 
                    HPOS="724.0"
                    VPOS="3374.0"
                    WIDTH="2217.0"
                    HEIGHT="130.0">
            <Shape><Polygon POINTS="724 3427 778 3381 858 3400 970 3400 993 3377 1016 3397 1127 3404 1430 3400 1457 3427 1484 3400 1507 3416 1522 3400 1691 3397 1714 3381 1737 3397 1798 3389 1913 3408 1971 3374 2001 3400 2251 3377 2293 3404 2316 3381 2408 3397 2876 3385 2941 3420 2879 3473 2672 3469 2657 3485 2638 3466 2461 3458 2381 3489 2320 3469 2070 3481 2028 3458 1898 3492 1836 3485 1817 3504 1787 3481 1633 3496 1510 3481 1196 3485 1158 3469 1046 3500 1004 3462 974 3485 828 3466 774 3481 728 3439"/></Shape>
	    <String CONTENT="בשוגג בין במזיד יזעק לשמים דברי ר&#39; רבן שמעון בן גמליﭏ אומ&#39; בשוגג יזעק לשמים [ב&#39;]"
                    HPOS="724.0"
                    VPOS="3374.0"
                    WIDTH="2217.0"
                    HEIGHT="130.0"></String>
          </TextLine>

          
          
          <TextLine ID="eSc_line_1835465"
                    
                    BASELINE="732 3535 912 3527 1023 3527 1131 3535 2109 3531 2983 3508" 
                    HPOS="728.0"
                    VPOS="3462.0"
                    WIDTH="2251.0"
                    HEIGHT="188.0">
            <Shape><Polygon POINTS="728 3531 766 3481 977 3485 1000 3462 1046 3500 1154 3477 1641 3500 1664 3485 1706 3500 1775 3485 1817 3508 1863 3477 1890 3492 1982 3477 2036 3527 2109 3523 2147 3481 2270 3473 2385 3489 2450 3466 2638 3473 2657 3489 2676 3473 2830 3469 2883 3477 2910 3504 2979 3504 2956 3508 2860 3604 2749 3558 2730 3573 2699 3561 2642 3592 2611 3565 2538 3623 2442 3565 2343 3650 2300 3611 2258 3627 2197 3581 2135 3596 2078 3550 1986 3611 1940 3569 1905 3569 1813 3634 1767 3630 1698 3584 1576 3592 1530 3634 1484 3588 1441 3611 1392 3584 1365 3611 1280 3581 1188 3577 1169 3592 1138 3577 1062 3630 989 3573 951 3596 928 3577 866 3596 736 3535"/></Shape>
	    <String CONTENT="במזיד יחזרו דמים למקומן ˙ האוכל מעות מעשר שיני בשוגג יזעק לשמים"
                    HPOS="728.0"
                    VPOS="3462.0"
                    WIDTH="2251.0"
                    HEIGHT="188.0"></String>
          </TextLine>

          
        </TextBlock>
        

        
      </PrintSpace>
    </Page>
  </Layout>
</alto>
