<?xml version="1.0" encoding="UTF-8"?>
<alto xmlns:xsi="http://www.w3.org/2001/XMLSchema-instance"
      xmlns="http://www.loc.gov/standards/alto/ns-v4#"
      xsi:schemaLocation="http://www.loc.gov/standards/alto/ns-v4# http://www.loc.gov/standards/alto/v4/alto-4-2.xsd">
  <Description>
    <MeasurementUnit>pixel</MeasurementUnit>
    <sourceImageInformation>
      <fileName>Cod.Hebr.20_070v.jpg</fileName>
      
    </sourceImageInformation>
  </Description>
  
  <Tags>
    <OtherTag ID="BT1" LABEL="Title" DESCRIPTION="block type Title"/><OtherTag ID="BT2" LABEL="Main" DESCRIPTION="block type Main"/><OtherTag ID="BT3" LABEL="Commentary" DESCRIPTION="block type Commentary"/><OtherTag ID="BT4" LABEL="Illustration" DESCRIPTION="block type Illustration"/><OtherTag ID="BT747" LABEL="Hole" DESCRIPTION="block type Hole"/><OtherTag ID="BT748" LABEL="Margin" DESCRIPTION="block type Margin"/><OtherTag ID="BT749" LABEL="Paratext" DESCRIPTION="block type Paratext"/>
    <OtherTag ID="LT3" LABEL="Correction" DESCRIPTION="line type Correction"/>
  </Tags>
  
  <Layout>
    <Page WIDTH="3685"
          HEIGHT="4650"
          PHYSICAL_IMG_NR="129"
          ID="eSc_dummypage_">
      <PrintSpace HPOS="0"
                  VPOS="0"
                  WIDTH="3685"
                  HEIGHT="4650">
        
        <TextBlock HPOS="559.0"
                   VPOS="468.0"
                   WIDTH="2186.0"
                   HEIGHT="3288.0"
                   ID="eSc_textblock_8535"
                   TAGREFS="BT2">
          <Shape><Polygon POINTS="559 468 2745 468 2745 3756 559 3756"/></Shape>
          
          
          <TextLine ID="eSc_line_1837274"
                    
                    BASELINE="539 573 1780 569 2439 581 2734 569" 
                    HPOS="535.0"
                    VPOS="441.0"
                    WIDTH="2195.0"
                    HEIGHT="182.0">
            <Shape><Polygon POINTS="535 569 539 542 593 503 616 527 671 511 698 527 783 523 810 503 845 507 930 441 977 488 1031 445 1152 496 1245 465 1291 503 1384 511 1423 476 1454 507 1582 523 1640 503 1671 519 1718 472 1795 465 1830 499 1865 480 1885 499 1951 492 1986 523 2063 527 2179 527 2226 480 2342 499 2389 472 2420 492 2451 476 2513 519 2567 511 2598 484 2633 519 2653 503 2684 515 2730 565 2699 623 2595 608 2544 623 2517 608 2498 623 2098 612 2067 585 2032 616 1958 604 1745 623 1613 604 1345 608 1291 592 1210 608 1101 608 1066 592 973 612 612 620 539 569"/></Shape>
	    <String CONTENT="מכיר את שלו אמ&#39; להם הרי שהיתה חלוקה או שהיתה עשויה פסיפס לא כל אחד ואחד מכיר"
                    HPOS="535.0"
                    VPOS="441.0"
                    WIDTH="2195.0"
                    HEIGHT="182.0"></String>
          </TextLine>

          
          
          <TextLine ID="eSc_line_1837275"
                    
                    BASELINE="550 658 888 666 1159 654 1838 654 2137 666 2750 674" 
                    HPOS="546.0"
                    VPOS="585.0"
                    WIDTH="2200.0"
                    HEIGHT="162.0">
            <Shape><Polygon POINTS="546 654 601 623 876 608 1377 612 1408 596 1737 627 1865 612 2028 620 2067 585 2102 620 2691 627 2746 670 2691 716 2416 716 2304 697 2284 716 2195 720 2164 705 2121 720 2102 701 1947 697 1823 709 1795 736 1753 697 1656 713 1404 689 1268 697 1210 747 1159 697 1117 693 655 720 608 713 550 658"/></Shape>
	    <String CONTENT="את שלו אמ&#39; ר&#39; שמעון בן לעזר עד כאן היתה תשובה ר&#39; שמעון או&#39; הגג והמרפסת החצר"
                    HPOS="546.0"
                    VPOS="585.0"
                    WIDTH="2200.0"
                    HEIGHT="162.0"></String>
          </TextLine>

          
          
          <TextLine ID="eSc_line_1837276"
                    
                    BASELINE="1869 740 2532 763 2761 755" 
                    HPOS="1865.0"
                    VPOS="697.0"
                    WIDTH="892.0"
                    HEIGHT="136.0">
            <Shape><Polygon POINTS="1865 736 1869 705 2063 705 2121 724 2168 705 2300 716 2323 697 2385 716 2707 716 2757 751 2707 802 2536 813 2447 790 2412 809 2354 806 2323 833 2253 786 2230 802 2156 790 2079 809 1993 794 1958 829 1912 782 1869 786"/></Shape>
	    <String CONTENT="והאכסדרה כולן רשות אחת הן ˙˙"
                    HPOS="1865.0"
                    VPOS="697.0"
                    WIDTH="892.0"
                    HEIGHT="136.0"></String>
          </TextLine>

          
          
          <TextLine ID="eSc_line_1837277"
                    
                    BASELINE="1419 821 1986 844" 
                    HPOS="1415.0"
                    VPOS="759.0"
                    WIDTH="567.0"
                    HEIGHT="186.0">
            <Shape><Polygon POINTS="1415 817 1423 790 1590 790 1648 759 1698 802 1733 782 1799 794 1885 778 1958 829 1974 817 1982 840 1970 895 1947 918 1916 941 1858 945 1811 895 1722 937 1691 933 1648 887 1609 922 1570 875 1520 864 1493 883 1419 833"/></Shape>
	    <String CONTENT="פרק ח&#39; ˙˙"
                    HPOS="1415.0"
                    VPOS="759.0"
                    WIDTH="567.0"
                    HEIGHT="186.0"></String>
          </TextLine>

          
          
          <TextLine ID="eSc_line_1837293"
                    
                    BASELINE="554 930 771 930 1082 918 1392 918 1687 967 1819 963 2084 941 2377 949 2711 941" 
                    HPOS="550.0"
                    VPOS="833.0"
                    WIDTH="2157.0"
                    HEIGHT="174.0">
            <Shape><Polygon POINTS="550 930 589 883 802 887 845 875 888 833 938 875 1124 875 1159 860 1369 871 1419 833 1520 933 1633 953 1656 937 1698 945 1741 918 1780 957 1920 945 1970 899 2106 879 2121 895 2234 902 2420 899 2455 879 2494 899 2688 895 2707 937 2695 980 2668 992 2226 980 2211 995 2024 968 1993 980 1908 953 1714 984 1695 964 1493 933 1450 968 1322 980 1233 941 1214 961 1074 972 628 972 593 1007 554 968"/></Shape>
	    <String CONTENT="שתי חצרות אחת פתוחה לצפון ואחת פתוחה לדרום וגגותיהן"
                    HPOS="550.0"
                    VPOS="833.0"
                    WIDTH="2157.0"
                    HEIGHT="174.0"></String>
          </TextLine>

          
          
          <TextLine ID="eSc_line_1837294"
                    
                    BASELINE="608 1023 1307 1011 1838 1026 2637 1026 2746 1034" 
                    HPOS="605.0"
                    VPOS="937.0"
                    WIDTH="2137.0"
                    HEIGHT="151.0">
            <Shape><Polygon POINTS="605 1023 628 968 1078 972 1210 961 1241 937 1314 976 1625 964 1718 988 1768 972 1974 972 2207 995 2691 992 2742 1030 2688 1081 2618 1069 2598 1088 2393 1073 2179 1081 2063 1057 1927 1073 1892 1057 1353 1054 1322 1030 1295 1054 608 1065"/></Shape>
	    <String CONTENT="שוין הגגות רשות לעצמן והחצרות כל אחת ואחת רשות לעצמה היתה אחת מהן [ג&#39;]"
                    HPOS="605.0"
                    VPOS="937.0"
                    WIDTH="2137.0"
                    HEIGHT="151.0"></String>
          </TextLine>

          
          
          <TextLine ID="eSc_line_1837279"
                    
                    BASELINE="527 1108 826 1104 965 1092 1171 1088 1613 1104 1885 1104 2265 1119 2761 1123" 
                    HPOS="523.0"
                    VPOS="1034.0"
                    WIDTH="2234.0"
                    HEIGHT="140.0">
            <Shape><Polygon POINTS="523 1104 581 1065 841 1065 923 1050 1287 1057 1330 1034 1349 1057 1927 1077 2055 1061 2187 1081 2695 1077 2757 1119 2695 1166 2478 1174 2416 1158 2245 1170 2121 1150 2009 1166 1276 1131 1058 1143 1027 1127 814 1150 740 1135 577 1162 527 1112"/></Shape>
	    <String CONTENT="גבוהה עשרה טפחים ומעטה באבנים ובכפתים ובסולם הצורי או שהביא נסר שרחב"
                    HPOS="523.0"
                    VPOS="1034.0"
                    WIDTH="2234.0"
                    HEIGHT="140.0"></String>
          </TextLine>

          
          
          <TextLine ID="eSc_line_1837280"
                    
                    BASELINE="562 1193 1214 1181 1710 1197 2203 1197 2377 1209 2757 1212" 
                    HPOS="558.0"
                    VPOS="1135.0"
                    WIDTH="2196.0"
                    HEIGHT="132.0">
            <Shape><Polygon POINTS="558 1189 608 1147 1264 1135 1590 1158 2691 1166 2754 1209 2691 1251 2420 1259 2288 1240 2230 1263 2036 1240 1846 1267 1811 1236 1551 1240 1508 1220 1485 1240 1249 1232 1233 1247 1214 1228 1086 1224 849 1232 810 1247 636 1236 562 1189"/></Shape>
	    <String CONTENT="ארבעה טפחים וקבעו בה מערבין שנים ואם רצו מערבין אחד פחות מיכן מערבין"
                    HPOS="558.0"
                    VPOS="1135.0"
                    WIDTH="2196.0"
                    HEIGHT="132.0"></String>
          </TextLine>

          
          
          <TextLine ID="eSc_line_1837295"
                    
                    BASELINE="550 1278 1318 1274 1745 1278 2381 1294 2723 1286" 
                    HPOS="546.0"
                    VPOS="1224.0"
                    WIDTH="2173.0"
                    HEIGHT="128.0">
            <Shape><Polygon POINTS="546 1274 566 1240 620 1224 640 1240 810 1247 868 1232 1210 1232 1233 1251 1291 1232 1819 1240 1854 1271 1885 1255 1908 1278 1974 1243 2226 1267 2292 1247 2680 1251 2719 1282 2680 1340 2490 1336 2451 1352 2428 1336 2238 1352 2009 1333 1986 1313 1927 1313 1912 1329 1664 1317 1431 1329 1380 1309 1357 1329 1113 1313 1024 1329 981 1325 954 1298 923 1321 849 1325 833 1309 717 1333 632 1317 581 1329 550 1298"/></Shape>
	    <String CONTENT="שנים ואין מערבין אחד ˙ שתי גזוזטראות זו כנגד זו ברשות הרבים בין זו לזו"
                    HPOS="546.0"
                    VPOS="1224.0"
                    WIDTH="2173.0"
                    HEIGHT="128.0"></String>
          </TextLine>

          
          
          <TextLine ID="eSc_line_1837296"
                    
                    BASELINE="535 1367 1582 1367 2009 1383 2754 1387" 
                    HPOS="531.0"
                    VPOS="1298.0"
                    WIDTH="2219.0"
                    HEIGHT="159.0">
            <Shape><Polygon POINTS="531 1364 562 1360 605 1321 725 1340 830 1317 923 1325 950 1298 981 1329 1982 1321 2005 1336 2242 1356 2381 1336 2451 1352 2498 1336 2688 1340 2750 1383 2691 1426 2626 1418 2598 1445 2470 1422 2214 1429 2156 1457 2075 1426 1830 1433 1803 1418 1664 1422 1636 1445 1602 1414 1508 1422 1474 1387 1435 1418 1326 1418 1299 1391 1276 1414 1221 1410 1206 1426 1086 1406 1039 1418 989 1383 961 1410 876 1426 837 1395 802 1418 577 1426 535 1383"/></Shape>
	    <String CONTENT="ארבעה טפחים מערבין שנים ואין מערבין אחד שלש דיוטאות זו למעלה מזו [ע&#39;]"
                    HPOS="531.0"
                    VPOS="1298.0"
                    WIDTH="2219.0"
                    HEIGHT="159.0"></String>
          </TextLine>

          
          
          <TextLine ID="eSc_line_1837281"
                    
                    BASELINE="566 1468 671 1460 1757 1460 2040 1472 2335 1472 2761 1484" 
                    HPOS="562.0"
                    VPOS="1387.0"
                    WIDTH="2195.0"
                    HEIGHT="147.0">
            <Shape><Polygon POINTS="562 1464 577 1429 608 1422 884 1422 961 1414 993 1387 1024 1418 1152 1414 1194 1429 1276 1418 1299 1395 1322 1418 1419 1422 1474 1391 1508 1426 1598 1414 1640 1449 1671 1422 2075 1429 2102 1445 2133 1437 2156 1460 2218 1429 2606 1445 2626 1426 2757 1480 2723 1480 2680 1522 2633 1534 2401 1515 2020 1519 1989 1499 1958 1519 1900 1491 1877 1515 1807 1522 1625 1495 1602 1515 1206 1503 1155 1522 1121 1499 1066 1495 1016 1515 923 1491 907 1507 830 1495 694 1522 581 1511 566 1495"/></Shape>
	    <String CONTENT="עליונה ותחתונה של אחד ואמצעית של אחד לא ישלשל מן העליונה לתחתונה"
                    HPOS="562.0"
                    VPOS="1387.0"
                    WIDTH="2195.0"
                    HEIGHT="147.0"></String>
          </TextLine>

          
          
          <TextLine ID="eSc_line_1837297"
                    
                    BASELINE="574 1561 1058 1553 1819 1553 2028 1561 2265 1561 2362 1569 2765 1573" 
                    HPOS="570.0"
                    VPOS="1495.0"
                    WIDTH="2191.0"
                    HEIGHT="132.0">
            <Shape><Polygon POINTS="570 1557 577 1511 698 1519 814 1511 833 1495 919 1515 1047 1515 1070 1499 1144 1519 1202 1503 1605 1515 1629 1499 1799 1522 1873 1519 1896 1495 1923 1519 1958 1519 1986 1495 2017 1519 2688 1530 2719 1561 2761 1569 2726 1569 2680 1615 2610 1627 2552 1608 2342 1615 2315 1588 2288 1612 2168 1608 2133 1573 2098 1608 1904 1604 1885 1623 1858 1604 1768 1596 1474 1596 1450 1573 1384 1608 1349 1592 1035 1596 1012 1573 989 1596 826 1588 643 1612 597 1573 574 1588"/></Shape>
	    <String CONTENT="דרך האמצעית שאין משלשלין מרשות לרשות דרך רשות אבל משלשל הוא מן"
                    HPOS="570.0"
                    VPOS="1495.0"
                    WIDTH="2191.0"
                    HEIGHT="132.0"></String>
          </TextLine>

          
          
          <TextLine ID="eSc_line_1837282"
                    
                    BASELINE="566 1635 818 1650 2304 1646 2657 1658 2726 1650" 
                    HPOS="562.0"
                    VPOS="1577.0"
                    WIDTH="2161.0"
                    HEIGHT="128.0">
            <Shape><Polygon POINTS="562 1631 593 1577 640 1612 729 1596 1004 1608 1020 1592 1388 1608 1450 1577 1474 1600 1772 1600 1861 1608 1885 1627 1923 1604 2292 1612 2315 1592 2339 1615 2389 1619 2676 1615 2723 1646 2688 1693 2660 1701 1706 1693 1671 1674 1629 1689 1264 1681 1241 1705 1214 1677 612 1689 566 1662"/></Shape>
	    <String CONTENT="התחתונה לעליונה שלא כדרך אמצעית משלשל אדם קדירה של בשר ונותנה על"
                    HPOS="562.0"
                    VPOS="1577.0"
                    WIDTH="2161.0"
                    HEIGHT="128.0"></String>
          </TextLine>

          
          
          <TextLine ID="eSc_line_1837283"
                    
                    BASELINE="535 1728 1454 1728 2079 1736 2261 1743 2532 1743 2738 1732" 
                    HPOS="531.0"
                    VPOS="1666.0"
                    WIDTH="2203.0"
                    HEIGHT="135.0">
            <Shape><Polygon POINTS="531 1724 589 1666 612 1689 911 1689 927 1705 946 1685 1214 1685 1241 1712 1264 1689 1338 1681 1900 1701 2668 1697 2734 1728 2680 1794 2606 1790 2591 1774 2269 1786 2238 1763 2211 1790 2152 1801 2121 1782 1873 1782 1850 1759 1819 1782 1730 1770 1660 1790 1508 1770 1016 1770 930 1786 899 1759 880 1778 632 1778 593 1770 539 1724"/></Shape>
	    <String CONTENT="גבי זיז שרחוב ארבעה טפחים היתה חלון באמצע שהיא ארבעה על ארבעה טפחי&#39;"
                    HPOS="531.0"
                    VPOS="1666.0"
                    WIDTH="2203.0"
                    HEIGHT="135.0"></String>
          </TextLine>

          
          
          <TextLine ID="eSc_line_1837284"
                    
                    BASELINE="539 1817 833 1829 1621 1825 2082 1836 2734 1836" 
                    HPOS="535.0"
                    VPOS="1759.0"
                    WIDTH="2195.0"
                    HEIGHT="135.0">
            <Shape><Polygon POINTS="535 1813 574 1813 612 1778 880 1778 899 1759 927 1782 1152 1774 1291 1790 1373 1774 1652 1794 1819 1786 1850 1759 1881 1790 2121 1782 2148 1798 2214 1786 2242 1759 2273 1790 2676 1794 2730 1832 2676 1875 2622 1891 2536 1867 2393 1894 2377 1879 1691 1879 1671 1863 1609 1887 1563 1844 1520 1871 1392 1879 1283 1829 1241 1867 1043 1860 934 1887 903 1867 799 1863 620 1879 539 1817"/></Shape>
	    <String CONTENT="אסור שאין מטלטלין מרשות לרשות דרך רשות ˙ צנור המקלח לרשות"
                    HPOS="535.0"
                    VPOS="1759.0"
                    WIDTH="2195.0"
                    HEIGHT="135.0"></String>
          </TextLine>

          
          
          <TextLine ID="eSc_line_1837285"
                    
                    BASELINE="562 1914 1314 1922 1470 1929 2746 1922" 
                    HPOS="558.0"
                    VPOS="1844.0"
                    WIDTH="2184.0"
                    HEIGHT="143.0">
            <Shape><Polygon POINTS="558 1910 593 1871 899 1875 934 1891 1086 1871 1179 1883 1245 1875 1280 1844 1314 1879 1520 1879 1563 1848 1609 1887 1656 1867 2346 1883 2401 1898 2459 1883 2668 1883 2703 1918 2742 1922 2649 1980 2319 1968 2300 1987 2257 1964 2199 1976 2160 1949 1997 1984 1974 1968 1904 1984 1877 1964 1784 1960 1679 1984 1590 1972 1555 1941 1516 1980 1318 1984 1268 1968 1214 1984 1117 1964 1074 1980 1043 1964 892 1980 709 1960 593 1968 562 1937"/></Shape>
	    <String CONTENT="הרבים אחד יין ואחד שמן בין ביד בין בכלי ומכניס לתוך ביתן היה עומד ברשות"
                    HPOS="558.0"
                    VPOS="1844.0"
                    WIDTH="2184.0"
                    HEIGHT="143.0"></String>
          </TextLine>

          
          
          <TextLine ID="eSc_line_1837298"
                    
                    BASELINE="535 2015 764 2015 958 2022 2754 2022" 
                    HPOS="531.0"
                    VPOS="1937.0"
                    WIDTH="2219.0"
                    HEIGHT="140.0">
            <Shape><Polygon POINTS="531 2015 577 1968 620 1964 1520 1976 1559 1937 1594 1972 1691 1984 1710 1968 1803 1968 1997 1984 2129 1972 2164 1953 2187 1976 2253 1968 2300 1991 2319 1976 2567 1987 2672 1976 2707 2011 2750 2018 2723 2018 2657 2073 2602 2061 2517 2077 2501 2061 2389 2073 2211 2053 1536 2061 1512 2038 1485 2057 1345 2061 1318 2046 1303 2061 1194 2053 1078 2073 965 2053 651 2061 577 2053 539 2015"/></Shape>
	    <String CONTENT="היחיד ופשט ידו לרשות הרבים והיא מלאה אכלין ומשקין ומוציאה ומכניסה"
                    HPOS="531.0"
                    VPOS="1937.0"
                    WIDTH="2219.0"
                    HEIGHT="140.0"></String>
          </TextLine>

          
          
          <TextLine ID="eSc_line_1837286"
                    
                    BASELINE="550 2084 612 2100 740 2108 1466 2104 2214 2108 2478 2115 2734 2104" 
                    HPOS="546.0"
                    VPOS="2038.0"
                    WIDTH="2184.0"
                    HEIGHT="128.0">
            <Shape><Polygon POINTS="546 2080 597 2057 961 2053 1062 2073 1128 2057 1485 2061 1508 2038 1532 2061 1667 2065 2501 2065 2521 2080 2676 2069 2730 2100 2684 2162 2614 2166 2455 2146 2358 2162 2168 2142 2133 2154 2067 2139 2048 2158 1757 2158 1648 2135 1373 2150 1186 2135 1055 2150 690 2146 659 2166 620 2127 577 2139 550 2111"/></Shape>
	    <String CONTENT="אצלו היה עומד ברשות הרבים ופשט ידו לרשות היחיד והיא מליאה אוכלין [^]"
                    HPOS="546.0"
                    VPOS="2038.0"
                    WIDTH="2184.0"
                    HEIGHT="128.0"></String>
          </TextLine>

          
          
          <TextLine ID="eSc_line_1837287"
                    
                    BASELINE="558 2181 1186 2193 2234 2189 2517 2201 2723 2193" 
                    HPOS="554.0"
                    VPOS="2131.0"
                    WIDTH="2165.0"
                    HEIGHT="128.0">
            <Shape><Polygon POINTS="554 2177 616 2131 663 2177 702 2150 1516 2142 1776 2166 1962 2150 2051 2162 2067 2146 2668 2158 2719 2189 2676 2247 2509 2259 2435 2235 2315 2251 1869 2243 1846 2220 1792 2247 1442 2232 1427 2247 1357 2232 1190 2243 1093 2224 954 2243 733 2228 705 2247 667 2208 643 2232 612 2232 558 2181"/></Shape>
	    <String CONTENT="ומשקין ומוציאה אצלו גמל שראשו ורובו בפנים אובסין אותו בפנים בחוץ [א&#39;]"
                    HPOS="554.0"
                    VPOS="2131.0"
                    WIDTH="2165.0"
                    HEIGHT="128.0"></String>
          </TextLine>

          
          
          <TextLine ID="eSc_line_1837288"
                    
                    BASELINE="554 2274 927 2286 1671 2282 2079 2294 2723 2294" 
                    HPOS="550.0"
                    VPOS="2216.0"
                    WIDTH="2169.0"
                    HEIGHT="136.0">
            <Shape><Polygon POINTS="550 2270 601 2232 1749 2251 1815 2239 1842 2216 1873 2243 2323 2255 2447 2239 2505 2259 2660 2255 2719 2294 2653 2340 2505 2336 2486 2352 2455 2332 2261 2340 2195 2317 2168 2344 1962 2340 1815 2317 1761 2340 1330 2325 1287 2336 1256 2305 1237 2325 989 2328 958 2348 934 2328 733 2325 705 2309 554 2328"/></Shape>
	    <String CONTENT="אובסין אותו בחוץ אפוטני כלים פותחין ונועלין בהן יש בקרקע&#39; אסור&#39; אחרים"
                    HPOS="550.0"
                    VPOS="2216.0"
                    WIDTH="2169.0"
                    HEIGHT="136.0"></String>
          </TextLine>

          
          
          <TextLine ID="eSc_line_1837289"
                    
                    BASELINE="550 2363 1097 2379 2591 2375 2742 2383" 
                    HPOS="546.0"
                    VPOS="2317.0"
                    WIDTH="2192.0"
                    HEIGHT="120.0">
            <Shape><Polygon POINTS="546 2359 589 2332 686 2332 702 2317 934 2328 954 2348 996 2328 1462 2340 1512 2325 1764 2336 1803 2321 1962 2344 2176 2344 2199 2321 2265 2340 2439 2332 2478 2352 2583 2332 2672 2340 2738 2379 2649 2425 2536 2418 2505 2433 2490 2418 2397 2418 2350 2437 2319 2414 2288 2429 2009 2418 1989 2433 1966 2410 1799 2429 1543 2410 1415 2425 1388 2410 1353 2429 1183 2414 787 2418 764 2398 744 2418 705 2406 651 2421 624 2394 589 2410 550 2371"/></Shape>
	    <String CONTENT="אומ&#39; אף שבקרקעות פותחון ונועלין בהן הכוהה ברשות הרבים וכל מי שנתלש [^]"
                    HPOS="546.0"
                    VPOS="2317.0"
                    WIDTH="2192.0"
                    HEIGHT="120.0"></String>
          </TextLine>

          
          
          <TextLine ID="eSc_line_1837290"
                    
                    BASELINE="550 2449 857 2460 1400 2460 1733 2472 1993 2464 2726 2456" 
                    HPOS="546.0"
                    VPOS="2394.0"
                    WIDTH="2177.0"
                    HEIGHT="128.0">
            <Shape><Polygon POINTS="546 2449 577 2414 624 2398 655 2421 744 2414 764 2394 783 2414 1299 2418 1345 2441 1377 2421 1679 2433 1966 2414 1986 2433 2668 2429 2691 2452 2723 2452 2668 2507 2598 2522 2544 2499 2525 2518 2428 2503 2218 2514 2195 2499 1970 2514 1342 2503 1307 2483 1249 2503 1035 2491 806 2507 655 2487 593 2499 550 2460"/></Shape>
	    <String CONTENT="רוקו בפיו לא יהלך ארבע אמות עד שירוק ˙ שתי מטהרות זו על גבי זו"
                    HPOS="546.0"
                    VPOS="2394.0"
                    WIDTH="2177.0"
                    HEIGHT="128.0"></String>
          </TextLine>

          
          
          <TextLine ID="eSc_line_1837291"
                    
                    BASELINE="515 2530 985 2549 2711 2542" 
                    HPOS="512.0"
                    VPOS="2491.0"
                    WIDTH="2195.0"
                    HEIGHT="120.0">
            <Shape><Polygon POINTS="512 2526 550 2522 577 2495 640 2491 802 2507 1043 2491 1970 2514 2327 2499 2525 2522 2548 2499 2591 2522 2664 2507 2707 2542 2695 2569 2649 2596 2556 2584 2424 2600 2404 2584 2323 2600 2307 2584 2273 2604 2253 2588 1962 2600 1873 2584 1819 2611 1718 2584 1609 2596 1539 2580 1520 2596 1396 2596 1369 2611 1349 2592 1314 2600 1276 2580 1256 2600 1214 2588 1186 2607 1035 2580 865 2596 589 2584 531 2530"/></Shape>
	    <String CONTENT="נוטל את הפקק מבנתים ומשיקן ומחזיר את הפקק למקומו ר&#39; שמעון בן מנסיא"
                    HPOS="512.0"
                    VPOS="2491.0"
                    WIDTH="2195.0"
                    HEIGHT="120.0"></String>
          </TextLine>

          
          
          <TextLine ID="eSc_line_1837292"
                    
                    BASELINE="554 2631 717 2631 981 2642 2416 2642 2719 2631" 
                    HPOS="550.0"
                    VPOS="2580.0"
                    WIDTH="2165.0"
                    HEIGHT="113.0">
            <Shape><Polygon POINTS="550 2627 601 2580 841 2600 903 2584 1051 2588 1183 2607 1256 2604 1280 2584 1322 2604 1342 2592 1373 2615 1392 2600 1528 2596 1543 2580 1605 2600 1718 2588 1819 2611 1858 2592 1970 2604 2253 2588 2276 2607 2300 2588 2319 2607 2389 2592 2416 2607 2575 2584 2668 2592 2715 2627 2680 2677 2633 2685 2548 2673 2377 2689 2323 2662 2300 2685 2218 2693 1966 2677 1881 2689 1842 2650 1772 2685 1485 2689 1462 2669 1442 2689 1408 2677 1039 2693 1000 2658 977 2681 880 2681 857 2658 830 2681 698 2677 659 2646 601 2669 554 2642"/></Shape>
	    <String CONTENT="אומ&#39; שתי בריכות אחת של חמין ואחת של צונן נוטל את הפקק מבנתים כדי [ש&#39;]"
                    HPOS="550.0"
                    VPOS="2580.0"
                    WIDTH="2165.0"
                    HEIGHT="113.0"></String>
          </TextLine>

          
          
          <TextLine ID="eSc_line_1837299"
                    
                    BASELINE="523 2708 624 2724 942 2735 2242 2735 2726 2724" 
                    HPOS="519.0"
                    VPOS="2646.0"
                    WIDTH="2204.0"
                    HEIGHT="147.0">
            <Shape><Polygon POINTS="519 2704 546 2704 581 2669 632 2669 655 2646 717 2681 833 2681 857 2658 884 2685 993 2697 1012 2677 1035 2693 1442 2693 1466 2669 1485 2689 1799 2685 1842 2654 1877 2689 2296 2689 2327 2662 2370 2689 2684 2689 2723 2720 2637 2786 2478 2762 2381 2790 2354 2766 2242 2786 2195 2755 2164 2782 2051 2786 1954 2766 1912 2793 1881 2770 1826 2766 1780 2793 1749 2770 1446 2786 1252 2778 1144 2755 1124 2774 1074 2778 1047 2751 1024 2774 958 2790 888 2762 810 2778 705 2770 671 2747 585 2778 523 2716"/></Shape>
	    <String CONTENT="שירדו חמין לתוך הצונן וצונן לתוך החמין ובלבד שיחזיר את הפקק [לעצמו] [למק&#39;]"
                    HPOS="519.0"
                    VPOS="2646.0"
                    WIDTH="2204.0"
                    HEIGHT="147.0"></String>
          </TextLine>

          
          
          <TextLine ID="eSc_line_1837272"
                    
                    BASELINE="570 2813 1458 2821 1858 2809 2707 2813" 
                    HPOS="566.0"
                    VPOS="2747.0"
                    WIDTH="2137.0"
                    HEIGHT="136.0">
            <Shape><Polygon POINTS="566 2809 570 2778 585 2790 612 2762 632 2778 663 2747 709 2774 888 2766 958 2790 1016 2782 1047 2755 1074 2782 1124 2782 1152 2762 1175 2782 1582 2790 1745 2774 1780 2793 1830 2770 1908 2797 1954 2774 2172 2786 2199 2759 2238 2790 2346 2770 2373 2790 2490 2770 2641 2786 2660 2766 2703 2809 2684 2855 2598 2863 2575 2883 2548 2863 2474 2855 2346 2859 2327 2875 2265 2863 1850 2879 1621 2871 1567 2848 1508 2871 1481 2844 1439 2879 1148 2859 1124 2879 1055 2844 1031 2867 872 2863 849 2848 826 2867 570 2852"/></Shape>
	    <String CONTENT="למקומו ולא עוד ﭏא שנוטל את הפקק כדי שיצאו מים וילכו להם ואם בשביל [ש&#39;]"
                    HPOS="566.0"
                    VPOS="2747.0"
                    WIDTH="2137.0"
                    HEIGHT="136.0"></String>
          </TextLine>

          
          
          <TextLine ID="eSc_line_1837273"
                    
                    BASELINE="539 2898 752 2914 1629 2921 2311 2910 2723 2914" 
                    HPOS="535.0"
                    VPOS="2848.0"
                    WIDTH="2184.0"
                    HEIGHT="131.0">
            <Shape><Polygon POINTS="535 2894 605 2852 748 2875 826 2875 849 2852 930 2875 1039 2871 1055 2855 1132 2883 1148 2867 1446 2883 1481 2848 1508 2875 1551 2879 2331 2875 2474 2859 2579 2883 2660 2867 2719 2914 2649 2956 2385 2964 2335 2941 2280 2968 2253 2941 2222 2972 2179 2979 2117 2956 1954 2956 1935 2972 1714 2952 1652 2972 1392 2972 1330 2956 1066 2964 1051 2948 996 2964 965 2945 888 2960 865 2937 822 2960 663 2964 632 2945 589 2948 539 2906"/></Shape>
	    <String CONTENT="שתינגב אסור פוקקין את הביב בסודרין ובכל דבר המיטלטל כדי שלא יציפו [ה&#39;]"
                    HPOS="535.0"
                    VPOS="2848.0"
                    WIDTH="2184.0"
                    HEIGHT="131.0"></String>
          </TextLine>

          
          
          <TextLine ID="eSc_line_1837264"
                    
                    BASELINE="519 2991 628 3003 977 3014 1966 3014 2490 2995 2618 2995 2719 3003" 
                    HPOS="515.0"
                    VPOS="2933.0"
                    WIDTH="2200.0"
                    HEIGHT="139.0">
            <Shape><Polygon POINTS="515 2987 550 2987 597 2948 655 2964 837 2956 865 2933 896 2960 958 2948 1008 2964 1567 2976 1943 2976 1962 2956 2114 2960 2183 2979 2319 2960 2664 2956 2715 2999 2637 3057 2525 3049 2505 3030 2435 3053 2051 3061 1951 3038 1861 3061 1807 3041 1788 3061 1598 3072 1574 3053 1260 3057 1214 3034 1144 3049 593 3045 531 2991"/></Shape>
	    <String CONTENT="המים את האכלים ואת הכלים אין פוקקין את הביב כדי שירדו מים לבור ר&#39; מנחם"
                    HPOS="515.0"
                    VPOS="2933.0"
                    WIDTH="2200.0"
                    HEIGHT="139.0"></String>
          </TextLine>

          
          
          <TextLine ID="eSc_line_1837267"
                    
                    BASELINE="597 3076 713 3088 1318 3100 1536 3100 1896 3088 2715 3088" 
                    HPOS="593.0"
                    VPOS="3030.0"
                    WIDTH="2118.0"
                    HEIGHT="128.0">
            <Shape><Polygon POINTS="593 3072 597 3049 628 3041 1027 3057 1148 3057 1179 3041 1272 3061 1516 3053 1683 3069 1792 3065 1807 3049 2044 3065 2474 3053 2505 3030 2525 3049 2664 3041 2711 3084 2680 3134 2649 3142 2513 3142 2451 3123 2428 3142 2350 3150 2311 3134 2280 3150 2195 3138 2082 3158 1958 3131 1935 3150 1908 3123 1869 3154 1710 3154 1691 3134 1357 3146 1326 3115 1291 3150 958 3150 845 3131 826 3111 791 3131 737 3111 705 3142 597 3111"/></Shape>
	    <String CONTENT="איש גליא אומ&#39; צנור שעלו בו קוצים וקישושות דורסן ברגל בצינעה כדי שיצאו"
                    HPOS="593.0"
                    VPOS="3030.0"
                    WIDTH="2118.0"
                    HEIGHT="128.0"></String>
          </TextLine>

          
          
          <TextLine ID="eSc_line_1837266"
                    
                    BASELINE="570 3189 830 3181 2711 3185" 
                    HPOS="566.0"
                    VPOS="3115.0"
                    WIDTH="2141.0"
                    HEIGHT="140.0">
            <Shape><Polygon POINTS="566 3185 570 3150 601 3119 620 3138 709 3146 737 3119 787 3142 822 3115 888 3146 1252 3146 1314 3165 1431 3142 1869 3150 1896 3123 1931 3146 2269 3154 2428 3146 2459 3123 2478 3142 2676 3142 2707 3181 2684 3224 2622 3243 2595 3227 2276 3235 2207 3204 2183 3227 2117 3235 2079 3235 2059 3216 2005 3235 1954 3224 1691 3247 1516 3227 1485 3243 1303 3235 1264 3255 1186 3224 1163 3243 1113 3231 1004 3247 705 3235 678 3208 636 3235 570 3208"/></Shape>
	    <String CONTENT="המים וילכו להם ˙ חבילה של עצים וסוכה של קוצים שעשאן דלת לפרצה"
                    HPOS="566.0"
                    VPOS="3115.0"
                    WIDTH="2141.0"
                    HEIGHT="140.0"></String>
          </TextLine>

          
          
          <TextLine ID="eSc_line_1837269"
                    
                    BASELINE="535 3262 1272 3289 2719 3266" 
                    HPOS="531.0"
                    VPOS="3204.0"
                    WIDTH="2184.0"
                    HEIGHT="140.0">
            <Shape><Polygon POINTS="531 3258 593 3216 640 3231 678 3204 705 3231 1020 3247 1163 3243 1183 3224 1210 3247 1264 3255 1299 3239 1470 3247 1524 3231 1695 3251 2020 3239 2055 3224 2071 3239 2664 3235 2715 3262 2680 3324 2548 3336 2498 3320 2280 3320 2253 3340 2238 3324 2063 3317 2024 3332 1815 3340 1714 3317 1695 3336 1528 3340 1512 3324 1497 3340 1392 3344 1357 3324 1066 3332 1031 3297 989 3336 892 3320 849 3332 830 3317 663 3328 577 3301 539 3262"/></Shape>
	    <String CONTENT="ולחצר אם היו קשורות ותלויות פותחין ונועלין בהן ואם לאו אין פותחין ונועלין [ב&#39;]"
                    HPOS="531.0"
                    VPOS="3204.0"
                    WIDTH="2184.0"
                    HEIGHT="140.0"></String>
          </TextLine>

          
          
          <TextLine ID="eSc_line_1837265"
                    
                    BASELINE="546 3351 853 3367 2711 3367" 
                    HPOS="543.0"
                    VPOS="3313.0"
                    WIDTH="2164.0"
                    HEIGHT="112.0">
            <Shape><Polygon POINTS="543 3348 593 3313 671 3336 733 3320 1020 3340 1047 3317 1062 3332 1380 3344 1698 3336 1718 3317 1811 3336 2195 3324 2249 3340 2269 3324 2664 3320 2707 3363 2691 3410 2626 3410 2610 3425 2583 3410 2467 3406 1726 3417 1675 3402 1652 3417 1524 3417 1505 3398 1474 3421 1245 3406 1225 3421 1183 3394 1155 3417 1066 3402 1047 3417 927 3425 868 3410 744 3413 709 3390 636 3410 597 3402 546 3351"/></Shape>
	    <String CONTENT="בהן אחרים אומ&#39; היתה כבושה באבנים מראשה אחד אין רשיי ליגע בהן נתלו בה"
                    HPOS="543.0"
                    VPOS="3313.0"
                    WIDTH="2164.0"
                    HEIGHT="112.0"></String>
          </TextLine>

          
          
          <TextLine ID="eSc_line_1837271"
                    
                    BASELINE="554 3444 671 3441 1078 3456 1555 3452 1753 3444 2726 3456" 
                    HPOS="550.0"
                    VPOS="3394.0"
                    WIDTH="2173.0"
                    HEIGHT="128.0">
            <Shape><Polygon POINTS="550 3441 593 3398 659 3413 713 3394 744 3413 1113 3413 1167 3433 1190 3410 1229 3425 1249 3410 1481 3425 1505 3402 1524 3421 1656 3421 1675 3402 1695 3417 2048 3421 2249 3410 2614 3425 2633 3410 2684 3417 2723 3452 2657 3514 2622 3491 2548 3514 2509 3479 2373 3518 2280 3499 2164 3506 2121 3472 2079 3506 1764 3495 1481 3514 1431 3499 1392 3522 1377 3506 1295 3514 1256 3499 1183 3514 896 3483 872 3499 605 3491 554 3444"/></Shape>
	    <String CONTENT="קוצין ורופקנין מפשר בידו בצנעה ובלבד שלא יקרע ושל בהמה דורס ברגליו [מ&#39;]"
                    HPOS="550.0"
                    VPOS="3394.0"
                    WIDTH="2173.0"
                    HEIGHT="128.0"></String>
          </TextLine>

          
          
          <TextLine ID="eSc_line_1837268"
                    
                    BASELINE="531 3526 775 3541 1117 3537 1349 3549 1757 3541 1896 3545 2133 3537 2397 3545 2726 3545" 
                    HPOS="527.0"
                    VPOS="3479.0"
                    WIDTH="2196.0"
                    HEIGHT="132.0">
            <Shape><Polygon POINTS="527 3522 574 3491 647 3483 760 3499 872 3499 888 3483 911 3503 1396 3522 1419 3506 1609 3499 2079 3510 2121 3479 2156 3510 2319 3503 2362 3518 2435 3510 2505 3479 2544 3514 2622 3495 2649 3514 2699 3514 2723 3541 2668 3592 2238 3603 2207 3576 2172 3607 1970 3588 1772 3599 1733 3596 1702 3565 1675 3592 1539 3607 1198 3592 1155 3611 1093 3596 1066 3568 1027 3599 915 3599 822 3576 799 3599 667 3584 636 3553 574 3596 531 3553"/></Shape>
	    <String CONTENT="מחצלות פרוסות על פתחי חנויות ברשות הרבים אם היו קשורות ותלויות פותחין"
                    HPOS="527.0"
                    VPOS="3479.0"
                    WIDTH="2196.0"
                    HEIGHT="132.0"></String>
          </TextLine>

          
          
          <TextLine ID="eSc_line_1837270"
                    
                    BASELINE="535 3623 849 3638 865 3646 2412 3638 2755 3628" 
                    HPOS="531.0"
                    VPOS="3553.0"
                    WIDTH="2223.0"
                    HEIGHT="217.0">
            <Shape><Polygon POINTS="531 3619 636 3553 667 3584 795 3599 822 3584 1035 3596 1062 3568 1093 3599 1152 3611 1342 3592 1373 3607 1543 3611 1671 3596 1702 3568 1733 3599 1962 3588 2176 3607 2211 3576 2238 3603 2567 3607 2684 3588 2719 3623 2754 3627 2614 3739 2579 3735 2532 3692 2459 3704 2408 3754 2327 3700 2203 3692 2156 3712 2117 3704 2075 3747 2036 3720 1966 3743 1920 3716 1869 3739 1819 3689 1776 3689 1687 3739 1625 3700 1539 3770 1431 3700 1369 3731 1338 3704 1210 3727 1140 3696 1082 3712 1051 3743 977 3743 880 3696 729 3723 678 3692 628 3739 539 3654"/></Shape>
	    <String CONTENT="בהן ונועלין ואם לאו אין פותחין ונועלין בהן עשה להם ציר של קנים ושל שובלין"
                    HPOS="531.0"
                    VPOS="3553.0"
                    WIDTH="2223.0"
                    HEIGHT="217.0"></String>
          </TextLine>

          
        </TextBlock>
        

        
      </PrintSpace>
    </Page>
  </Layout>
</alto>
