<?xml version="1.0" encoding="UTF-8"?>
<alto xmlns:xsi="http://www.w3.org/2001/XMLSchema-instance"
      xmlns="http://www.loc.gov/standards/alto/ns-v4#"
      xsi:schemaLocation="http://www.loc.gov/standards/alto/ns-v4# http://www.loc.gov/standards/alto/v4/alto-4-2.xsd">
  <Description>
    <MeasurementUnit>pixel</MeasurementUnit>
    <sourceImageInformation>
      <fileName>Cod.Hebr.20_237v.jpg</fileName>
      
    </sourceImageInformation>
  </Description>
  
  <Tags>
    <OtherTag ID="BT1" LABEL="Title" DESCRIPTION="block type Title"/><OtherTag ID="BT2" LABEL="Main" DESCRIPTION="block type Main"/><OtherTag ID="BT3" LABEL="Commentary" DESCRIPTION="block type Commentary"/><OtherTag ID="BT4" LABEL="Illustration" DESCRIPTION="block type Illustration"/><OtherTag ID="BT747" LABEL="Hole" DESCRIPTION="block type Hole"/><OtherTag ID="BT748" LABEL="Margin" DESCRIPTION="block type Margin"/><OtherTag ID="BT749" LABEL="Paratext" DESCRIPTION="block type Paratext"/>
    <OtherTag ID="LT3" LABEL="Correction" DESCRIPTION="line type Correction"/>
  </Tags>
  
  <Layout>
    <Page WIDTH="3615"
          HEIGHT="4620"
          PHYSICAL_IMG_NR="450"
          ID="eSc_dummypage_">
      <PrintSpace HPOS="0"
                  VPOS="0"
                  WIDTH="3615"
                  HEIGHT="4620">
        
        <TextBlock HPOS="581.0"
                   VPOS="484.0"
                   WIDTH="2192.0"
                   HEIGHT="3100.0"
                   ID="eSc_textblock_8857"
                   TAGREFS="BT2">
          <Shape><Polygon POINTS="581 489 2773 484 2773 3584 619 3584"/></Shape>
          
          
          <TextLine ID="eSc_line_1859246"
                    
                    BASELINE="1287 526 2412 519 2774 527" 
                    HPOS="1279.0"
                    VPOS="465.0"
                    WIDTH="1491.0"
                    HEIGHT="139.0">
            <Shape><Polygon POINTS="1283 523 1279 465 2767 473 2770 523 2759 577 2412 565 2366 577 2331 589 2327 589 2327 589 2327 589 2323 589 2173 577 2023 565 2004 577 1984 592 1984 592 1980 592 1980 592 1977 592 1977 592 1977 592 1973 592 1973 592 1853 577 1826 573 1822 577 1799 596 1799 600 1799 600 1795 600 1795 600 1795 600 1792 600 1792 600 1792 604 1464 604 1460 600 1460 600 1456 600 1456 600 1456 600 1452 600 1452 600 1422 577 1406 565 1283 573"/></Shape>
	    <String CONTENT="או&#39; כופח בתנור ˙ פרק ח&#39; ˙˙"
                    HPOS="1279.0"
                    VPOS="465.0"
                    WIDTH="1491.0"
                    HEIGHT="139.0"></String>
          </TextLine>

          
          
          <TextLine ID="eSc_line_1859247"
                    
                    BASELINE="593 621 1094 608 1306 608 1526 627 1738 627 2084 616 2505 619 2639 612 2782 612" 
                    HPOS="581.0"
                    VPOS="539.0"
                    WIDTH="2197.0"
                    HEIGHT="127.0">
            <Shape><Polygon POINTS="589 619 581 600 824 558 824 558 828 558 828 558 828 558 917 573 1314 554 1318 554 1318 554 1318 554 1321 554 1321 554 1321 554 1325 554 1325 554 1325 558 1360 592 1364 592 1792 592 1846 589 1861 589 1911 550 1915 550 1915 550 1915 550 1919 550 1919 550 1919 550 1923 550 1923 550 1926 550 1926 550 1980 569 2069 546 2073 546 2073 546 2077 546 2077 546 2077 546 2081 546 2081 546 2081 546 2084 546 2127 577 2277 542 2277 542 2277 542 2281 542 2281 542 2281 542 2424 573 2651 539 2651 539 2655 539 2655 539 2655 539 2659 539 2778 581 2778 608 2774 658 589 666"/></Shape>
	    <String CONTENT="כל המנחות שריבה מידת חלות או שחיסר מידת חלות או"
                    HPOS="581.0"
                    VPOS="539.0"
                    WIDTH="2197.0"
                    HEIGHT="127.0"></String>
          </TextLine>

          
          
          <TextLine ID="eSc_line_1859248"
                    
                    BASELINE="593 697 728 704 909 696 2308 700 2639 693 2782 680" 
                    HPOS="585.0"
                    VPOS="631.0"
                    WIDTH="2193.0"
                    HEIGHT="108.0">
            <Shape><Polygon POINTS="589 696 589 654 732 654 732 650 751 635 751 631 751 631 755 631 755 631 755 631 759 631 759 631 759 631 763 631 763 631 766 631 766 631 766 631 770 631 770 631 797 650 1021 631 1025 631 2774 650 2778 677 2774 739 585 739"/></Shape>
	    <String CONTENT="שהיתה מדה חסירה מחבירתה או יתירה מחבירתה הרי אילו פסולות שתי הלחם [^]"
                    HPOS="585.0"
                    VPOS="631.0"
                    WIDTH="2193.0"
                    HEIGHT="108.0"></String>
          </TextLine>

          
          
          <TextLine ID="eSc_line_1859249"
                    
                    BASELINE="593 811 824 789 2146 793 2481 781 2782 781" 
                    HPOS="585.0"
                    VPOS="719.0"
                    WIDTH="2193.0"
                    HEIGHT="135.0">
            <Shape><Polygon POINTS="589 808 585 750 751 750 751 746 774 727 774 723 774 723 778 723 778 723 778 723 782 723 782 723 786 723 786 723 786 723 790 723 790 723 790 723 793 723 828 746 828 746 828 746 1148 723 1152 723 1896 746 1965 750 2189 750 2192 746 2219 727 2223 727 2223 727 2223 727 2227 727 2227 727 2227 727 2231 727 2231 727 2235 727 2300 746 2304 746 2308 746 2350 727 2350 727 2354 727 2354 727 2354 727 2358 727 2358 727 2358 727 2362 727 2416 746 2424 746 2435 746 2574 719 2574 719 2578 719 2578 719 2774 746 2778 777 2774 827 589 854"/></Shape>
	    <String CONTENT="ולחם הפנים חלות תודה ורקיקי נזיר שריבה מדת חלות או שחיסר מדת חלות או"
                    HPOS="585.0"
                    VPOS="719.0"
                    WIDTH="2193.0"
                    HEIGHT="135.0"></String>
          </TextLine>

          
          
          <TextLine ID="eSc_line_1859250"
                    
                    BASELINE="593 877 790 885 1079 873 1768 873 2185 885 2778 870" 
                    HPOS="581.0"
                    VPOS="816.0"
                    WIDTH="2193.0"
                    HEIGHT="115.0">
            <Shape><Polygon POINTS="589 873 581 839 1283 816 1287 816 2770 827 2774 866 2774 908 2690 931 2686 931 2686 931 2682 931 581 924"/></Shape>
	    <String CONTENT="שהיתה מדה יתירה מחבירתה או חסירה מחברתה הרי אילו פסולות ˙ ושאר כל"
                    HPOS="581.0"
                    VPOS="816.0"
                    WIDTH="2193.0"
                    HEIGHT="115.0"></String>
          </TextLine>

          
          
          <TextLine ID="eSc_line_1859251"
                    
                    BASELINE="593 977 1302 958 1645 966 2782 954" 
                    HPOS="581.0"
                    VPOS="889.0"
                    WIDTH="2201.0"
                    HEIGHT="150.0">
            <Shape><Polygon POINTS="589 974 581 935 1217 900 1221 900 1437 916 1618 897 1618 897 1622 897 1622 897 1626 897 1626 897 1626 897 1630 897 1664 920 1668 920 1722 920 1846 916 1865 897 1865 893 1865 893 1869 893 1869 893 1869 893 1873 893 1873 893 1873 893 1876 893 1876 893 1880 893 1880 893 1880 893 1930 916 1930 916 1938 916 2108 897 2108 897 2111 897 2111 897 2239 912 2239 912 2239 912 2262 893 2262 889 2262 889 2266 889 2266 889 2266 889 2269 889 2269 889 2269 889 2273 889 2273 889 2277 889 2277 889 2277 889 2281 889 2316 912 2316 912 2327 912 2451 893 2451 893 2454 893 2774 908 2778 950 2782 989 2705 1020 2705 1020 2701 1020 2701 1020 2701 1024 2250 1024 2246 1020 2246 1020 2242 1020 2181 1001 2092 1027 2088 1027 2088 1027 2088 1027 2084 1027 1896 1012 1657 1031 1657 1031 1653 1031 1653 1031 1649 1031 1649 1031 1649 1031 1599 1008 1503 1035 1499 1035 1499 1035 1495 1035 1495 1035 1495 1035 1379 1012 948 1016 917 1039 913 1039 913 1039 913 1039 909 1039 909 1039 905 1039 905 1039 905 1039 901 1039 901 1039 901 1039 859 1020 589 1020"/></Shape>
	    <String CONTENT="המנחות בין משל יחיד ובין משל ציבור אין להן קיצבה ובלבד שיביאו מן המובחר ˙"
                    HPOS="581.0"
                    VPOS="889.0"
                    WIDTH="2201.0"
                    HEIGHT="150.0"></String>
          </TextLine>

          
          
          <TextLine ID="eSc_line_1859252"
                    
                    BASELINE="593 1062 1098 1051 1896 1054 2628 1035" 
                    HPOS="581.0"
                    VPOS="993.0"
                    WIDTH="2043.0"
                    HEIGHT="119.0">
            <Shape><Polygon POINTS="589 1058 581 1020 1244 993 1248 993 2620 997 2624 1031 2620 1081 2501 1104 2501 1104 2497 1104 2497 1104 2316 1089 1888 1112 1884 1112 585 1108"/></Shape>
	    <String CONTENT="שתי הלחם ולחם הפנים נאכלות אבל לא נק[ד](מ)צות מנחת כהן גדול ומנחת כהן"
                    HPOS="581.0"
                    VPOS="993.0"
                    WIDTH="2043.0"
                    HEIGHT="119.0"></String>
          </TextLine>

          
          
          <TextLine ID="eSc_line_1859253"
                    
                    BASELINE="593 1151 759 1143 2474 1147 2770 1135" 
                    HPOS="585.0"
                    VPOS="1078.0"
                    WIDTH="2182.0"
                    HEIGHT="111.0">
            <Shape><Polygon POINTS="589 1147 589 1101 1075 1101 1121 1078 1121 1078 1121 1078 1125 1078 1125 1078 1129 1078 2763 1101 2767 1131 2763 1181 585 1189"/></Shape>
	    <String CONTENT="משוח ומנחת נסכים לא נאכלות ולא נקמצות ר&#39; שמעון או&#39; הקומץ קריב בעצמו [^]"
                    HPOS="585.0"
                    VPOS="1078.0"
                    WIDTH="2182.0"
                    HEIGHT="111.0"></String>
          </TextLine>

          
          
          <TextLine ID="eSc_line_1859254"
                    
                    BASELINE="593 1232 1252 1228 1425 1220 2042 1220 2273 1228 2774 1220" 
                    HPOS="585.0"
                    VPOS="1162.0"
                    WIDTH="2185.0"
                    HEIGHT="116.0">
            <Shape><Polygon POINTS="589 1228 585 1189 1321 1189 1325 1185 1364 1166 1364 1166 1364 1166 1368 1166 1368 1166 1372 1166 1973 1181 2007 1181 2015 1181 2162 1162 2162 1162 2165 1162 2767 1181 2770 1216 2767 1278 589 1278"/></Shape>
	    <String CONTENT="והשירים מתפזרין על גבי הדשן ˙ כל המנחות נעשות בכלי וטעונות שלש [מ&#39;]"
                    HPOS="585.0"
                    VPOS="1162.0"
                    WIDTH="2185.0"
                    HEIGHT="116.0"></String>
          </TextLine>

          
          
          <TextLine ID="eSc_line_1859255"
                    
                    BASELINE="593 1324 878 1324 1202 1312 2678 1312 2782 1319" 
                    HPOS="585.0"
                    VPOS="1274.0"
                    WIDTH="2193.0"
                    HEIGHT="104.0">
            <Shape><Polygon POINTS="589 1320 585 1274 2774 1274 2778 1316 2770 1362 616 1362 597 1378"/></Shape>
	    <String CONTENT="מתנות שמן יציקה ובלילה ומתן שמן בכלי קודם לעשייתן כיצד הוא עושה מתן [ש&#39;]"
                    HPOS="585.0"
                    VPOS="1274.0"
                    WIDTH="2193.0"
                    HEIGHT="104.0"></String>
          </TextLine>

          
          
          <TextLine ID="eSc_line_1859256"
                    
                    BASELINE="593 1401 2031 1409 2778 1386" 
                    HPOS="581.0"
                    VPOS="1347.0"
                    WIDTH="2193.0"
                    HEIGHT="116.0">
            <Shape><Polygon POINTS="589 1397 581 1359 2767 1347 2774 1382 2770 1439 2196 1463 2192 1463 581 1447"/></Shape>
	    <String CONTENT="שמן בכלי ומטגנו שמן בסלת ובוללה ופותתה ויצק עליה שמן כדרך שיצק על"
                    HPOS="581.0"
                    VPOS="1347.0"
                    WIDTH="2193.0"
                    HEIGHT="116.0"></String>
          </TextLine>

          
          
          <TextLine ID="eSc_line_1859257"
                    
                    BASELINE="593 1482 759 1497 994 1501 1136 1493 1726 1482 2605 1486 2782 1476" 
                    HPOS="585.0"
                    VPOS="1428.0"
                    WIDTH="2193.0"
                    HEIGHT="123.0">
            <Shape><Polygon POINTS="589 1478 585 1428 2774 1443 2778 1474 2774 1524 2570 1547 2566 1547 1749 1540 1079 1532 585 1551"/></Shape>
	    <String CONTENT="הגריסין ˙ חלות טעונות בלילה ורקיקה משיחה נמצאתה או&#39; כשר בחלות פסול"
                    HPOS="585.0"
                    VPOS="1428.0"
                    WIDTH="2193.0"
                    HEIGHT="123.0"></String>
          </TextLine>

          
          
          <TextLine ID="eSc_line_1859266"
                    
                    BASELINE="593 1573 682 1582 932 1582 1109 1574 2320 1578 2597 1566 2782 1566" 
                    HPOS="585.0"
                    VPOS="1509.0"
                    WIDTH="2193.0"
                    HEIGHT="111.0">
            <Shape><Polygon POINTS="589 1570 589 1532 851 1532 878 1509 878 1509 882 1509 882 1509 882 1509 886 1509 886 1509 890 1509 890 1509 1067 1528 1094 1509 1098 1509 1098 1509 1098 1509 1102 1509 1102 1509 1102 1509 1106 1509 1106 1509 1109 1509 1109 1509 1163 1528 1372 1509 1375 1509 2774 1532 2778 1563 2774 1620 585 1620"/></Shape>
	    <String CONTENT="ברקיקין כשר ברקיקין פסול בחלות ˙ כיצד בוללן חלות בוללן דברי ר&#39; שנ&#39; חלות"
                    HPOS="585.0"
                    VPOS="1509.0"
                    WIDTH="2193.0"
                    HEIGHT="111.0"></String>
          </TextLine>

          
          
          <TextLine ID="eSc_line_1859279"
                    
                    BASELINE="605 1659 705 1670 1973 1670 2543 1651 2774 1655" 
                    HPOS="601.0"
                    VPOS="1590.0"
                    WIDTH="2169.0"
                    HEIGHT="134.0">
            <Shape><Polygon POINTS="601 1655 655 1620 809 1636 859 1620 1075 1636 1395 1628 1414 1609 1483 1624 1668 1620 1699 1590 1726 1613 1749 1590 1780 1620 1849 1613 1961 1632 2065 1617 2173 1632 2323 1609 2639 1620 2666 1593 2693 1620 2759 1620 2770 1651 2728 1705 2663 1694 2401 1709 2339 1674 2308 1709 2150 1697 2088 1713 1780 1713 1691 1697 1553 1709 1526 1694 1506 1713 1491 1697 1433 1713 1333 1705 1306 1724 1279 1705 1237 1720 1187 1705 1025 1717 978 1686 897 1724 859 1709 766 1717 743 1697 712 1717 647 1717 605 1674"/></Shape>
	    <String CONTENT="בלולות בשמן וחכמים אומ&#39; סלת שנ&#39; בלולה בשמן אמ&#39; להן עד אן דבר שקול מי [מכ&#39;]"
                    HPOS="601.0"
                    VPOS="1590.0"
                    WIDTH="2169.0"
                    HEIGHT="134.0"></String>
          </TextLine>

          
          
          <TextLine ID="eSc_line_1859267"
                    
                    BASELINE="605 1751 817 1763 1144 1763 1657 1751 2597 1751 2782 1736" 
                    HPOS="593.0"
                    VPOS="1682.0"
                    WIDTH="2185.0"
                    HEIGHT="127.0">
            <Shape><Polygon POINTS="601 1747 597 1709 1325 1709 1341 1705 1452 1686 1452 1686 1456 1686 2150 1701 2208 1701 2212 1701 2242 1682 2246 1682 2246 1682 2250 1682 2250 1682 2250 1682 2254 1682 2774 1701 2778 1732 2774 1790 2227 1790 2223 1790 2208 1805 2208 1809 2208 1809 2204 1809 2204 1809 2204 1809 2200 1809 2200 1809 2196 1809 593 1797"/></Shape>
	    <String CONTENT="מכריע אמרו לו [מי מכריע] נאמ&#39; כאן חלות ונאמ&#39; בתודה חלות מה חלות האמורות"
                    HPOS="593.0"
                    VPOS="1682.0"
                    WIDTH="2185.0"
                    HEIGHT="127.0"></String>
          </TextLine>

          
          
          <TextLine ID="eSc_line_1859280"
                    
                    BASELINE="593 1828 759 1840 1822 1836 2254 1840 2394 1836 2632 1828 2782 1832" 
                    HPOS="581.0"
                    VPOS="1782.0"
                    WIDTH="2197.0"
                    HEIGHT="100.0">
            <Shape><Polygon POINTS="589 1824 581 1790 2770 1782 2778 1828 2770 1878 585 1882"/></Shape>
	    <String CONTENT="בתודה אי איפשר לבוללן בלא סלת אף חלות האמורות כאן אי איפשר לבוללן [ב&#39;]"
                    HPOS="581.0"
                    VPOS="1782.0"
                    WIDTH="2197.0"
                    HEIGHT="100.0"></String>
          </TextLine>

          
          
          <TextLine ID="eSc_line_1859268"
                    
                    BASELINE="597 1921 759 1932 1838 1928 1938 1932 2489 1925 2767 1909" 
                    HPOS="593.0"
                    VPOS="1874.0"
                    WIDTH="2170.0"
                    HEIGHT="104.0">
            <Shape><Polygon POINTS="593 1917 632 1890 693 1886 1306 1886 1341 1921 1410 1921 1437 1894 1549 1882 1957 1878 2115 1898 2316 1874 2701 1882 2763 1905 2751 1936 2701 1971 2493 1951 2474 1971 2269 1959 2216 1975 2177 1955 2096 1975 1765 1963 1753 1978 1595 1975 1549 1967 1518 1936 1483 1948 1418 1928 1360 1936 1294 1975 1198 1975 1175 1959 1152 1975 674 1978 605 1921"/></Shape>
	    <String CONTENT="בלא סלת אמ&#39; ר&#39; רואה אני את דבריהן מדברי ˙ כיצד מושחן מושח פני כל"
                    HPOS="593.0"
                    VPOS="1874.0"
                    WIDTH="2170.0"
                    HEIGHT="104.0"></String>
          </TextLine>

          
          
          <TextLine ID="eSc_line_1859269"
                    
                    BASELINE="605 1998 913 2009 2381 2009 2782 1994" 
                    HPOS="593.0"
                    VPOS="1963.0"
                    WIDTH="2185.0"
                    HEIGHT="104.0">
            <Shape><Polygon POINTS="601 1994 597 1963 2774 1963 2778 1990 2774 2044 2647 2067 2647 2067 2643 2067 593 2048"/></Shape>
	    <String CONTENT="הרקיק ר&#39; שמעון או&#39; מושח את הרקיקין כמין כי והשאר השמן נאכל לכהנים ˙"
                    HPOS="593.0"
                    VPOS="1963.0"
                    WIDTH="2185.0"
                    HEIGHT="104.0"></String>
          </TextLine>

          
          
          <TextLine ID="eSc_line_1859276"
                    
                    BASELINE="601 2086 1298 2102 2088 2102 2354 2090 2632 2090" 
                    HPOS="597.0"
                    VPOS="2032.0"
                    WIDTH="2031.0"
                    HEIGHT="124.0">
            <Shape><Polygon POINTS="597 2082 635 2079 662 2052 863 2063 924 2032 955 2059 1098 2067 1244 2044 1491 2059 1545 2032 1583 2059 1637 2059 1680 2032 1707 2059 1757 2063 2516 2048 2547 2079 2593 2067 2628 2086 2616 2117 2516 2140 2258 2129 2219 2144 2189 2129 2154 2144 2061 2132 2000 2148 1942 2132 1896 2148 1815 2129 1549 2144 1479 2125 1452 2152 1406 2136 1383 2156 1287 2132 1233 2156 1156 2129 1079 2148 1009 2140 982 2117 955 2140 909 2129 890 2148 786 2140 739 2156 712 2132 686 2136 635 2086"/></Shape>
	    <String CONTENT="מנחה שהיתה באה מחצה חלות ומחצה רקיקין נותן מחצה לחלות ומחצה"
                    HPOS="597.0"
                    VPOS="2032.0"
                    WIDTH="2031.0"
                    HEIGHT="124.0"></String>
          </TextLine>

          
          
          <TextLine ID="eSc_line_1859277"
                    
                    BASELINE="593 2182 932 2194 1830 2194 2007 2186 2393 2182 2782 2164" 
                    HPOS="581.0"
                    VPOS="2113.0"
                    WIDTH="2197.0"
                    HEIGHT="131.0">
            <Shape><Polygon POINTS="589 2179 581 2144 782 2121 782 2121 786 2121 786 2121 790 2121 790 2121 790 2121 793 2121 793 2121 793 2125 813 2140 886 2121 890 2121 890 2121 894 2121 894 2121 1098 2140 1113 2140 1144 2140 1530 2121 1533 2121 2100 2136 2142 2136 2142 2136 2181 2117 2181 2117 2181 2117 2185 2117 2185 2117 2189 2117 2189 2117 2389 2136 2408 2136 2427 2136 2589 2113 2589 2113 2593 2113 2593 2113 2774 2136 2778 2163 2774 2221 2535 2244 2532 2244 581 2233"/></Shape>
	    <String CONTENT="לרקיקין ר&#39; שמעון או&#39; משח את הרקיקין כמין כי ושאר השמן נותן לחלות וכן היה"
                    HPOS="581.0"
                    VPOS="2113.0"
                    WIDTH="2197.0"
                    HEIGHT="131.0"></String>
          </TextLine>

          
          
          <TextLine ID="eSc_line_1859270"
                    
                    BASELINE="593 2275 801 2267 2200 2271 2308 2271 2782 2252" 
                    HPOS="581.0"
                    VPOS="2206.0"
                    WIDTH="2197.0"
                    HEIGHT="123.0">
            <Shape><Polygon POINTS="589 2271 581 2229 2404 2206 2408 2206 2774 2225 2778 2248 2774 2310 2235 2310 2227 2310 2200 2329 2196 2329 2196 2329 2196 2329 2192 2329 2192 2329 2189 2329 585 2317"/></Shape>
	    <String CONTENT="ר&#39; שמעון או&#39; מותר רקיקי מנחת ישרﭏ פתיתהן כזיתים כדי שיהא שולט בהן לקומצן"
                    HPOS="581.0"
                    VPOS="2206.0"
                    WIDTH="2197.0"
                    HEIGHT="123.0"></String>
          </TextLine>

          
          
          <TextLine ID="eSc_line_1859271"
                    
                    BASELINE="624 2348 1587 2356 2000 2344 2343 2348 2770 2333" 
                    HPOS="620.0"
                    VPOS="2286.0"
                    WIDTH="2147.0"
                    HEIGHT="135.0">
            <Shape><Polygon POINTS="620 2344 666 2340 701 2306 751 2340 786 2313 1248 2313 1294 2286 1345 2317 1730 2325 1899 2310 2158 2310 2192 2325 2273 2306 2312 2317 2350 2290 2389 2317 2485 2310 2512 2329 2678 2294 2767 2329 2717 2379 2655 2398 2609 2383 2485 2398 2458 2379 2435 2398 2162 2387 2081 2402 2061 2383 1880 2410 1849 2387 1799 2402 1583 2390 1556 2406 1468 2406 1452 2390 1029 2402 1009 2387 917 2383 882 2413 847 2394 793 2421 747 2375 720 2394 632 2348"/></Shape>
	    <String CONTENT="חצי לוג מים לסוטה וחצי לוג שמן לסוטה נותן מחצה לחלות ומחצה לרקיקין ר&#39;"
                    HPOS="620.0"
                    VPOS="2286.0"
                    WIDTH="2147.0"
                    HEIGHT="135.0"></String>
          </TextLine>

          
          
          <TextLine ID="eSc_line_1859272"
                    
                    BASELINE="601 2440 2111 2440 2782 2425" 
                    HPOS="589.0"
                    VPOS="2390.0"
                    WIDTH="2189.0"
                    HEIGHT="112.0">
            <Shape><Polygon POINTS="597 2437 589 2398 2770 2390 2778 2421 2778 2475 2624 2498 2624 2498 2620 2498 1772 2483 1614 2502 1614 2502 1610 2502 593 2483"/></Shape>
	    <String CONTENT="שמעון או&#39; מושח את הרקיקין כמין השמן נאכל לכהנים וכן היה ר&#39; שמעון אומר"
                    HPOS="589.0"
                    VPOS="2390.0"
                    WIDTH="2189.0"
                    HEIGHT="112.0"></String>
          </TextLine>

          
          
          <TextLine ID="eSc_line_1859273"
                    
                    BASELINE="616 2517 1021 2533 2004 2533 2759 2506" 
                    HPOS="612.0"
                    VPOS="2475.0"
                    WIDTH="2143.0"
                    HEIGHT="112.0">
            <Shape><Polygon POINTS="612 2514 682 2483 801 2483 824 2502 1148 2479 1179 2494 1375 2483 1522 2498 1568 2479 1645 2494 1734 2479 1992 2494 2004 2479 2054 2490 2096 2475 2705 2475 2755 2502 2744 2544 2717 2564 2327 2564 2289 2579 2216 2560 2088 2571 2058 2552 2038 2567 1934 2575 1826 2556 1788 2579 1741 2556 1715 2583 1664 2564 1610 2575 1541 2560 1464 2579 1368 2564 1318 2575 1283 2544 1202 2571 870 2567 851 2587 824 2560 736 2571 701 2541 678 2548 647 2517 616 2517"/></Shape>
	    <String CONTENT="מאפה מביא מחצה חלות ומחצה רקיקין בולל ונוטל מן האמצע ואם נתן ממין"
                    HPOS="612.0"
                    VPOS="2475.0"
                    WIDTH="2143.0"
                    HEIGHT="112.0"></String>
          </TextLine>

          
          
          <TextLine ID="eSc_line_1859274"
                    
                    BASELINE="593 2599 890 2610 1730 2610 1919 2602 2508 2602 2759 2587" 
                    HPOS="581.0"
                    VPOS="2560.0"
                    WIDTH="2174.0"
                    HEIGHT="108.0">
            <Shape><Polygon POINTS="589 2598 585 2560 2751 2560 2755 2583 2751 2641 2350 2664 2347 2664 2347 2664 2347 2664 2343 2664 2343 2664 2343 2664 2339 2664 2339 2664 2339 2660 2320 2644 2320 2644 2169 2644 2165 2644 2142 2668 2142 2668 2142 2668 2138 2668 2138 2668 2135 2668 2135 2668 2135 2668 2131 2668 2131 2668 2131 2668 2034 2648 1957 2668 1953 2668 1953 2668 1950 2668 581 2648"/></Shape>
	    <String CONTENT="על חבירו יצא ˙ ר&#39; שמעון אומ&#39; שלשה מינין טעונין שלש מצות שתים [ב&#39;]"
                    HPOS="581.0"
                    VPOS="2560.0"
                    WIDTH="2174.0"
                    HEIGHT="108.0"></String>
          </TextLine>

          
          
          <TextLine ID="eSc_line_1859275"
                    
                    BASELINE="597 2683 851 2698 1414 2702 1873 2691 2154 2691 2335 2683 2589 2687 2747 2675" 
                    HPOS="593.0"
                    VPOS="2629.0"
                    WIDTH="2151.0"
                    HEIGHT="116.0">
            <Shape><Polygon POINTS="593 2679 655 2656 1071 2656 1106 2629 1133 2656 1271 2668 1568 2648 1661 2664 1834 2652 1857 2671 2246 2644 2343 2660 2555 2656 2616 2629 2647 2652 2705 2644 2744 2671 2732 2706 2690 2737 2347 2729 2304 2745 2034 2729 1537 2741 1503 2721 1476 2745 1375 2725 1283 2745 1213 2718 1194 2737 1082 2741 1040 2714 986 2733 924 2721 759 2741 712 2706 682 2733 647 2729 601 2683"/></Shape>
	    <String CONTENT="בכל אחת ושלישית אין בהן אילו הן זבחי שלמי צבור וזבחי שלמי יחיד ואשם [מ&#39;]"
                    HPOS="593.0"
                    VPOS="2629.0"
                    WIDTH="2151.0"
                    HEIGHT="116.0"></String>
          </TextLine>

          
          
          <TextLine ID="eSc_line_1859278"
                    
                    BASELINE="605 2772 2212 2779 2605 2768 2774 2752" 
                    HPOS="601.0"
                    VPOS="2721.0"
                    WIDTH="2169.0"
                    HEIGHT="120.0">
            <Shape><Polygon POINTS="601 2768 639 2733 1564 2748 1807 2745 1822 2729 2131 2745 2759 2721 2770 2748 2705 2806 2670 2814 2416 2810 2300 2825 2239 2806 2119 2825 2065 2802 2019 2814 1988 2795 1969 2814 1953 2802 1926 2822 1799 2822 1780 2841 1753 2818 1703 2833 1514 2818 1468 2833 1279 2833 1163 2818 1059 2841 1029 2818 944 2841 913 2822 824 2837 805 2822 666 2825 605 2772"/></Shape>
	    <String CONTENT="ואשם מצורע זבחי שלמי יחיד טעונין סמיכה חיים ותנופה שחוטין ואין בהן תנופה"
                    HPOS="601.0"
                    VPOS="2721.0"
                    WIDTH="2169.0"
                    HEIGHT="120.0"></String>
          </TextLine>

          
          
          <TextLine ID="eSc_line_1859261"
                    
                    BASELINE="628 2856 917 2868 2343 2864 2778 2845" 
                    HPOS="624.0"
                    VPOS="2798.0"
                    WIDTH="2150.0"
                    HEIGHT="131.0">
            <Shape><Polygon POINTS="624 2852 662 2825 797 2818 824 2833 917 2822 940 2841 959 2822 1029 2822 1055 2841 1152 2825 1564 2822 1618 2856 1707 2856 1745 2829 1776 2845 1803 2822 1926 2829 1992 2798 2019 2822 2084 2829 2697 2810 2732 2841 2774 2841 2720 2883 2666 2895 2300 2910 2277 2891 2235 2914 2115 2899 1934 2899 1884 2914 1807 2902 1741 2864 1718 2879 1622 2864 1580 2906 1541 2914 1452 2899 1321 2918 1291 2895 1264 2922 1160 2902 1117 2918 998 2914 978 2929 948 2899 828 2914 774 2895 709 2902 689 2922 632 2875"/></Shape>
	    <String CONTENT="חיים היכן תנופתן בזבחי שלמי צבור ˙ זבחי שלמי צבור טעונין תנופה חיין"
                    HPOS="624.0"
                    VPOS="2798.0"
                    WIDTH="2150.0"
                    HEIGHT="131.0"></String>
          </TextLine>

          
          
          <TextLine ID="eSc_line_1859259"
                    
                    BASELINE="597 2945 828 2960 1036 2964 1433 2960 2007 2945 2366 2949 2636 2937 2763 2941" 
                    HPOS="593.0"
                    VPOS="2895.0"
                    WIDTH="2166.0"
                    HEIGHT="119.0">
            <Shape><Polygon POINTS="593 2941 643 2906 686 2922 770 2902 817 2918 940 2910 978 2933 998 2918 1129 2910 2273 2918 2686 2895 2759 2937 2709 2979 2655 2987 2535 2991 2493 2964 2470 2987 2293 2999 2269 2983 2169 2983 2131 2999 1984 2987 1950 3003 1903 2983 1738 3003 1391 2995 1325 3010 1032 2987 1005 3006 890 3014 689 2999 608 2945"/></Shape>
	    <String CONTENT="ושחוטין ואין בהן סמיכה והיכן סמיכתן באשם מצורע אשם מצורע טעון סמיכה"
                    HPOS="593.0"
                    VPOS="2895.0"
                    WIDTH="2166.0"
                    HEIGHT="119.0"></String>
          </TextLine>

          
          
          <TextLine ID="eSc_line_1859262"
                    
                    BASELINE="605 3026 1572 3037 1799 3029 2246 3029 2744 3014" 
                    HPOS="601.0"
                    VPOS="2968.0"
                    WIDTH="2139.0"
                    HEIGHT="131.0">
            <Shape><Polygon POINTS="601 3022 639 2995 736 2999 759 3022 905 3022 1029 2995 1738 3006 1757 2991 1915 2983 1946 3003 2266 2983 2401 2999 2474 2991 2505 2968 2528 2987 2690 2979 2740 3010 2701 3060 2651 3072 2547 3076 2493 3049 2458 3064 2397 3053 2339 3091 2320 3072 2189 3087 2169 3068 2031 3080 1919 3064 1753 3072 1703 3099 1676 3072 1568 3091 1329 3072 1183 3087 1152 3068 1098 3095 1036 3083 1009 3060 932 3056 901 3026 863 3053 824 3026 790 3026 732 3083 693 3087 605 3033"/></Shape>
	    <String CONTENT="ותנופה חי ואין טעון תנופה שחוט והיכן תנופתו בזבחי שלמי צבור ˙ כל"
                    HPOS="601.0"
                    VPOS="2968.0"
                    WIDTH="2139.0"
                    HEIGHT="131.0"></String>
          </TextLine>

          
          
          <TextLine ID="eSc_line_1859263"
                    
                    BASELINE="608 3114 1109 3133 1318 3133 1792 3118 2612 3114 2763 3122" 
                    HPOS="605.0"
                    VPOS="3049.0"
                    WIDTH="2154.0"
                    HEIGHT="127.0">
            <Shape><Polygon POINTS="605 3110 651 3060 682 3083 1684 3083 1703 3103 1722 3083 1792 3076 2320 3076 2350 3091 2397 3053 2435 3076 2489 3049 2535 3076 2701 3068 2759 3118 2682 3153 2601 3160 2532 3141 2512 3160 2393 3153 2185 3172 2115 3157 1741 3157 1626 3176 1464 3168 1445 3149 1418 3168 1383 3153 1341 3172 1244 3153 1152 3172 1067 3157 805 3168 720 3153 693 3172 608 3118"/></Shape>
	    <String CONTENT="המנחות → שלש מאות שיפה וחמש מאות בעיטה אחרים או&#39; שיפה ובעיטה בחטין ר&#39;"
                    HPOS="605.0"
                    VPOS="3049.0"
                    WIDTH="2154.0"
                    HEIGHT="127.0"></String>
          </TextLine>

          
          
          <TextLine ID="eSc_line_1859264"
                    
                    BASELINE="593 3192 1140 3207 1414 3207 1707 3199 2327 3199 2755 3183" 
                    HPOS="581.0"
                    VPOS="3137.0"
                    WIDTH="2170.0"
                    HEIGHT="123.0">
            <Shape><Polygon POINTS="589 3191 581 3160 2744 3137 2751 3180 2747 3237 2528 3237 2528 3237 2508 3253 2508 3257 2508 3257 2505 3257 2505 3257 2505 3257 2501 3257 2501 3257 2501 3257 2497 3257 2115 3241 2061 3260 2061 3260 2058 3260 2058 3260 2054 3260 2054 3260 2054 3260 1957 3241 1715 3260 1711 3260 581 3241"/></Shape>
	    <String CONTENT="יוסי או&#39; בבצק ˙ העומר היה בו עשרון משלש סאין כמה עשרון שלו שלש"
                    HPOS="581.0"
                    VPOS="3137.0"
                    WIDTH="2170.0"
                    HEIGHT="123.0"></String>
          </TextLine>

          
          
          <TextLine ID="eSc_line_1859265"
                    
                    BASELINE="593 3271 1082 3299 1294 3299 1780 3280 2770 3280" 
                    HPOS="581.0"
                    VPOS="3222.0"
                    WIDTH="2186.0"
                    HEIGHT="131.0">
            <Shape><Polygon POINTS="589 3268 585 3241 1152 3222 1156 3222 1156 3222 1256 3241 1267 3245 2763 3245 2767 3276 2763 3326 2612 3349 2612 3349 2609 3349 1907 3330 1618 3349 1614 3349 1614 3349 1614 3349 1610 3349 1610 3349 1568 3330 1530 3349 1530 3349 1530 3349 1526 3349 1526 3349 1526 3353 1279 3353 1275 3349 581 3322"/></Shape>
	    <String CONTENT="סאין נמצא עשרון שלו קב ומחצה העומר היה מנפהו בשלש עשרה נפה שתי"
                    HPOS="581.0"
                    VPOS="3222.0"
                    WIDTH="2186.0"
                    HEIGHT="131.0"></String>
          </TextLine>

          
          
          <TextLine ID="eSc_line_1859245"
                    
                    BASELINE="593 3357 836 3372 1167 3380 2370 3380 2543 3368 2774 3368" 
                    HPOS="578.0"
                    VPOS="3326.0"
                    WIDTH="2192.0"
                    HEIGHT="108.0">
            <Shape><Polygon POINTS="589 3353 589 3326 2767 3330 2770 3364 2767 3411 1248 3434 1244 3434 998 3411 994 3411 994 3411 670 3430 666 3430 666 3430 662 3430 578 3407"/></Shape>
	    <String CONTENT="הלחם בשתים עשרה לחם הפנים באחת עשרה בדקה ובגסה בדקה שתהא [קול&#39;]"
                    HPOS="578.0"
                    VPOS="3326.0"
                    WIDTH="2192.0"
                    HEIGHT="108.0"></String>
          </TextLine>

          
          
          <TextLine ID="eSc_line_1859260"
                    
                    BASELINE="593 3457 1059 3472 1788 3476 2393 3468 2467 3464 2791 3445" 
                    HPOS="585.0"
                    VPOS="3418.0"
                    WIDTH="2205.0"
                    HEIGHT="131.0">
            <Shape><Polygon POINTS="589 3453 585 3418 2786 3418 2790 3441 2790 3511 2690 3545 2686 3545 2686 3545 2686 3545 2682 3545 2682 3545 2505 3518 2481 3515 2439 3518 2192 3545 2192 3545 2189 3545 2189 3545 2185 3545 2185 3545 2185 3545 2181 3545 2181 3545 2181 3542 2158 3522 2146 3515 1950 3515 1880 3526 1788 3545 1788 3545 1788 3545 1784 3545 1784 3545 1780 3545 1780 3545 1780 3545 1776 3545 1757 3530 1730 3515 1649 3515 1626 3534 1614 3542 1614 3545 1614 3545 1610 3545 1610 3545 1607 3545 1607 3545 1607 3545 1603 3545 1603 3545 1510 3534 1445 3526 1406 3538 1375 3545 1372 3545 1372 3545 1372 3545 1368 3545 1368 3545 1364 3545 1364 3545 1364 3545 1360 3545 1360 3545 1352 3538 1321 3518 1248 3518 1187 3542 1167 3545 1167 3545 1163 3545 1163 3545 1163 3549 1017 3549 1013 3545 1013 3545 1009 3545 1009 3545 1002 3542 948 3518 697 3515 589 3549"/></Shape>
	    <String CONTENT="קולטת את הסלת ובגסה שתהא קולטת את הסובין ר&#39; שמעון בן לעזר או&#39; שלש"
                    HPOS="585.0"
                    VPOS="3418.0"
                    WIDTH="2205.0"
                    HEIGHT="131.0"></String>
          </TextLine>

          
        </TextBlock>
        
        <TextBlock HPOS="2794.0"
                   VPOS="3037.0"
                   WIDTH="266.0"
                   HEIGHT="143.0"
                   ID="eSc_textblock_11687"
                   TAGREFS="BT748">
          <Shape><Polygon POINTS="3060 3037 3060 3180 2794 3180 2794 3037"/></Shape>
          
          
          <TextLine ID="eSc_line_1859258"
                    
                    BASELINE="2797 3110 2867 3099 3071 3106" 
                    HPOS="2794.0"
                    VPOS="3037.0"
                    WIDTH="266.0"
                    HEIGHT="143.0">
            <Shape><Polygon POINTS="2794 3106 2797 3064 2863 3056 2882 3037 2913 3064 2994 3041 3036 3060 3060 3049 3056 3118 3009 3114 2979 3145 2925 3153 2894 3180 2797 3122"/></Shape>
	    <String CONTENT="טעונות"
                    HPOS="2794.0"
                    VPOS="3037.0"
                    WIDTH="266.0"
                    HEIGHT="143.0"></String>
          </TextLine>

          
        </TextBlock>
        

        
      </PrintSpace>
    </Page>
  </Layout>
</alto>
