<?xml version="1.0" encoding="UTF-8"?>
<alto xmlns:xsi="http://www.w3.org/2001/XMLSchema-instance"
      xmlns="http://www.loc.gov/standards/alto/ns-v4#"
      xsi:schemaLocation="http://www.loc.gov/standards/alto/ns-v4# http://www.loc.gov/standards/alto/v4/alto-4-2.xsd">
  <Description>
    <MeasurementUnit>pixel</MeasurementUnit>
    <sourceImageInformation>
      <fileName>Cod.Hebr.20_172r.jpg</fileName>
      
    </sourceImageInformation>
  </Description>
  
  <Tags>
    <OtherTag ID="BT1" LABEL="Title" DESCRIPTION="block type Title"/><OtherTag ID="BT2" LABEL="Main" DESCRIPTION="block type Main"/><OtherTag ID="BT3" LABEL="Commentary" DESCRIPTION="block type Commentary"/><OtherTag ID="BT4" LABEL="Illustration" DESCRIPTION="block type Illustration"/><OtherTag ID="BT747" LABEL="Hole" DESCRIPTION="block type Hole"/><OtherTag ID="BT748" LABEL="Margin" DESCRIPTION="block type Margin"/><OtherTag ID="BT749" LABEL="Paratext" DESCRIPTION="block type Paratext"/>
    <OtherTag ID="LT3" LABEL="Correction" DESCRIPTION="line type Correction"/>
  </Tags>
  
  <Layout>
    <Page WIDTH="3762"
          HEIGHT="4607"
          PHYSICAL_IMG_NR="327"
          ID="eSc_dummypage_">
      <PrintSpace HPOS="0"
                  VPOS="0"
                  WIDTH="3762"
                  HEIGHT="4607">
        
        <TextBlock HPOS="931.0"
                   VPOS="396.0"
                   WIDTH="2198.0"
                   HEIGHT="3208.0"
                   ID="eSc_textblock_770be3a0"
                   TAGREFS="BT2">
          <Shape><Polygon POINTS="959 396 3129 396 3129 3604 931 3587"/></Shape>
          
          
          <TextLine ID="eSc_line_1854893"
                    
                    BASELINE="987 506 1898 491 2736 491 3137 498" 
                    HPOS="983.0"
                    VPOS="391.0"
                    WIDTH="2152.0"
                    HEIGHT="169.0">
            <Shape><Polygon POINTS="983 502 987 456 1014 464 1060 418 1118 464 1202 460 1241 433 1268 460 1310 468 1448 449 1494 460 1529 433 1560 437 1602 391 1663 445 1721 418 1794 445 1875 406 1936 441 1955 426 2009 445 2063 391 2086 391 2136 441 2186 429 2278 449 2317 445 2340 422 2401 441 2424 418 2501 456 2520 441 2551 456 2601 406 2686 426 2724 399 2782 445 2835 414 2874 453 2920 418 2958 456 3058 418 3108 468 3124 456 3135 495 3051 556 2955 541 2855 549 2824 525 2705 556 2647 533 2589 545 2505 529 2405 552 2336 487 2305 487 2255 537 1740 537 1710 514 1683 537 1629 537 1610 518 1571 545 1502 556 1464 552 1441 529 1375 556 1329 541 1294 541 1275 560 1202 541 1091 552 1064 525 1037 549 987 514"/></Shape>
	    <String CONTENT="לפנות עד שעה שיודיע ˙ גת כל שעת הגת בד כל שעת הבד יצירה אין"
                    HPOS="983.0"
                    VPOS="391.0"
                    WIDTH="2152.0"
                    HEIGHT="169.0"></String>
          </TextLine>

          
          
          <TextLine ID="eSc_line_1854894"
                    
                    BASELINE="952 587 1102 595 1752 579 2198 579 2520 591 3137 584" 
                    HPOS="949.0"
                    VPOS="522.0"
                    WIDTH="2186.0"
                    HEIGHT="142.0">
            <Shape><Polygon POINTS="949 583 1037 556 1064 529 1087 552 1268 564 1402 556 1429 529 1506 556 1594 537 2274 541 2294 522 2336 537 2367 522 2401 556 2832 541 3081 556 3108 583 3135 583 3074 644 2970 629 2801 644 2747 629 2666 648 2620 618 2394 637 2297 614 2205 637 2167 614 1882 629 1859 614 1690 625 1636 610 1598 637 1414 629 1275 644 1256 664 1218 637 1083 648 999 587"/></Shape>
	    <String CONTENT="פחות משנים עשר חודש אמ&#39; ר&#39; נחמיה במה דברים אמורים באילו העושין בעפר"
                    HPOS="949.0"
                    VPOS="522.0"
                    WIDTH="2186.0"
                    HEIGHT="142.0"></String>
          </TextLine>

          
          
          <TextLine ID="eSc_line_1854895"
                    
                    BASELINE="939 671 1298 679 1629 664 2082 664 2305 675 2759 679 3137 672" 
                    HPOS="933.0"
                    VPOS="633.0"
                    WIDTH="2202.0"
                    HEIGHT="84.0">
            <Shape><Polygon POINTS="937 668 937 633 3131 633 3135 671 3131 717 933 717"/></Shape>
	    <String CONTENT="שחור אבל באילו העושין בעפר לבן כונס את גרנו ומסתלק ˙ השואל פונדק [^]"
                    HPOS="933.0"
                    VPOS="633.0"
                    WIDTH="2202.0"
                    HEIGHT="84.0"></String>
          </TextLine>

          
          
          <TextLine ID="eSc_line_1854896"
                    
                    BASELINE="939 771 1329 771 1898 756 2589 775 2824 775 3012 763 3137 763" 
                    HPOS="926.0"
                    VPOS="702.0"
                    WIDTH="2209.0"
                    HEIGHT="127.0">
            <Shape><Polygon POINTS="937 767 937 725 1318 725 1387 702 1391 702 1391 702 1391 702 1394 702 1394 702 1571 725 1587 725 1590 725 1633 706 1633 706 1636 706 1636 706 1636 706 1640 706 2413 725 2451 725 2474 725 2962 706 2966 706 2966 706 3131 729 3135 760 3131 806 3031 829 3031 829 3031 829 3028 829 2812 810 2589 829 2589 829 2586 829 2586 829 2582 829 2582 829 2532 810 2455 829 2451 829 2451 829 2447 829 2447 829 2443 829 2443 829 2386 810 2259 829 2259 829 2255 829 2255 829 2255 829 2251 829 2251 829 2201 810 1986 829 1982 829 1982 829 1982 829 1978 829 1978 829 1932 810 1882 829 1882 829 1879 829 1879 829 1879 829 1875 829 1875 829 1871 829 1790 810 1014 825 1010 825 1010 825 1006 825 926 802"/></Shape>
	    <String CONTENT="מחבירו ללינה אין פחות מיום אחד לשביתה אין פחות משני ימים לנישואין אין פחו&#39;"
                    HPOS="926.0"
                    VPOS="702.0"
                    WIDTH="2209.0"
                    HEIGHT="127.0"></String>
          </TextLine>

          
          
          <TextLine ID="eSc_line_1854897"
                    
                    BASELINE="939 867 1341 867 1729 852 2263 859 3137 852" 
                    HPOS="929.0"
                    VPOS="790.0"
                    WIDTH="2206.0"
                    HEIGHT="131.0">
            <Shape><Polygon POINTS="937 863 929 829 1517 821 1540 798 1540 798 1544 798 1544 798 1544 798 1548 798 1548 798 1552 798 2686 817 2755 817 2766 817 2928 790 2928 790 2931 790 2931 790 3131 817 3135 848 3131 894 937 921"/></Shape>
	    <String CONTENT="משלשים ˙ השואל מחבירו חלוק לילך בו לבית האבל או כדי שילך ויחזור"
                    HPOS="929.0"
                    VPOS="790.0"
                    WIDTH="2206.0"
                    HEIGHT="131.0"></String>
          </TextLine>

          
          
          <TextLine ID="eSc_line_1854900"
                    
                    BASELINE="939 948 1429 948 1832 936 2171 936 2413 948 3137 948" 
                    HPOS="933.0"
                    VPOS="879.0"
                    WIDTH="2202.0"
                    HEIGHT="115.0">
            <Shape><Polygon POINTS="937 944 933 909 1083 909 1133 883 1133 883 1133 883 1137 883 1137 883 1141 883 1141 883 1141 883 1145 883 1145 883 1202 906 1375 902 1402 879 1402 879 1406 879 1406 879 1406 879 1410 879 1410 879 1414 879 2247 898 2340 879 2340 879 2340 879 2344 879 2344 879 2344 879 2497 906 2670 879 2670 879 2674 879 2674 879 2674 879 2678 879 2678 879 2682 879 2682 879 2720 909 3131 909 3135 944 3131 994 937 994"/></Shape>
	    <String CONTENT="לבית המשתה כל אותו היום לבית האבל ולבית המשתה שלו אין פחות משבעה"
                    HPOS="933.0"
                    VPOS="879.0"
                    WIDTH="2202.0"
                    HEIGHT="115.0"></String>
          </TextLine>

          
          
          <TextLine ID="eSc_line_1854901"
                    
                    BASELINE="945 1028 1183 1036 1794 1017 2536 1036 2874 1036 3137 1026" 
                    HPOS="941.0"
                    VPOS="971.0"
                    WIDTH="2194.0"
                    HEIGHT="123.0">
            <Shape><Polygon POINTS="941 1025 1018 994 1402 1002 1421 986 1456 1005 1525 986 1759 994 1840 978 2320 990 2344 971 2413 1013 2440 986 2470 1002 3008 994 3085 998 3135 1025 3066 1078 2920 1067 2862 1086 2832 1055 2812 1074 2728 1074 2682 1094 2647 1071 2593 1086 2474 1063 2025 1071 1982 1063 1955 1036 1917 1063 1636 1059 1556 1086 1514 1063 1410 1086 1371 1055 1248 1071 1225 1094 1198 1067 987 1082 945 1040"/></Shape>
	    <String CONTENT="ימים רבן שמעון בן גמליﭏ או&#39; האומר לחבירו השאילני חלוקך ואלך ואבקר את אבא"
                    HPOS="941.0"
                    VPOS="971.0"
                    WIDTH="2194.0"
                    HEIGHT="123.0"></String>
          </TextLine>

          
          
          <TextLine ID="eSc_line_1854902"
                    
                    BASELINE="939 1109 3137 1109" 
                    HPOS="933.0"
                    VPOS="1051.0"
                    WIDTH="2202.0"
                    HEIGHT="104.0">
            <Shape><Polygon POINTS="937 1105 933 1074 1337 1051 1341 1051 1341 1051 1341 1051 1344 1051 1414 1071 1617 1051 1621 1051 3135 1074 3135 1105 3135 1155 937 1155"/></Shape>
	    <String CONTENT="שהוא חול[ך](ה) והלך ומצאו שמת קורע ומשלם את נזקו שאלו הימנו סתם אין רשיי"
                    HPOS="933.0"
                    VPOS="1051.0"
                    WIDTH="2202.0"
                    HEIGHT="104.0"></String>
          </TextLine>

          
          
          <TextLine ID="eSc_line_1854903"
                    
                    BASELINE="939 1190 2551 1186 2693 1193 3137 1193" 
                    HPOS="926.0"
                    VPOS="1128.0"
                    WIDTH="2209.0"
                    HEIGHT="104.0">
            <Shape><Polygon POINTS="937 1186 926 1155 983 1132 983 1132 987 1132 987 1132 991 1132 991 1132 1160 1151 1302 1132 1302 1132 1306 1132 2828 1151 3016 1151 3020 1151 3043 1128 3043 1128 3047 1128 3047 1128 3047 1128 3051 1128 3051 1128 3051 1128 3054 1128 3054 1128 3058 1128 3135 1151 3135 1190 3131 1228 937 1232"/></Shape>
	    <String CONTENT="ליגע בו ˙ השוכר בית מחבירו ממחה בידו על מקום התנור ואין ממחה בידו על"
                    HPOS="926.0"
                    VPOS="1128.0"
                    WIDTH="2209.0"
                    HEIGHT="104.0"></String>
          </TextLine>

          
          
          <TextLine ID="eSc_line_1854904"
                    
                    BASELINE="939 1272 1087 1282 1268 1282 1410 1274 3137 1282" 
                    HPOS="926.0"
                    VPOS="1217.0"
                    WIDTH="2209.0"
                    HEIGHT="130.0">
            <Shape><Polygon POINTS="937 1270 933 1236 1360 1217 1364 1217 1364 1217 1364 1217 1368 1217 1368 1217 1414 1236 1417 1236 1475 1236 2013 1220 2017 1220 3135 1243 3135 1278 3131 1320 3043 1347 3039 1347 3039 1347 3039 1347 3035 1347 2559 1324 2501 1347 2501 1347 2497 1347 2497 1347 2497 1347 2493 1347 2493 1347 2490 1347 2490 1347 2490 1347 2440 1324 2247 1347 2247 1347 2244 1347 2244 1347 2075 1320 1460 1343 1456 1343 1006 1339 1006 1339 1006 1339 1002 1339 926 1312"/></Shape>
	    <String CONTENT="מקום הכירה שכר הימנו חצר אין ממחה בידו לא על מקום התנור ולא על מקום"
                    HPOS="926.0"
                    VPOS="1217.0"
                    WIDTH="2209.0"
                    HEIGHT="130.0"></String>
          </TextLine>

          
          
          <TextLine ID="eSc_line_1854905"
                    
                    BASELINE="941 1362 1294 1374 1832 1370 2709 1374 3137 1363" 
                    HPOS="937.0"
                    VPOS="1297.0"
                    WIDTH="2198.0"
                    HEIGHT="135.0">
            <Shape><Polygon POINTS="937 1359 976 1359 1002 1336 1068 1336 1099 1359 1125 1332 1229 1343 1621 1328 1652 1343 1683 1324 1852 1324 1879 1297 1917 1324 2174 1320 2251 1343 2271 1324 2839 1336 2862 1320 2974 1336 2997 1359 3020 1336 3078 1336 3135 1362 3070 1416 3016 1424 2974 1420 2951 1397 2916 1420 2720 1424 2601 1401 2359 1420 2313 1401 2286 1416 2198 1408 2178 1428 2121 1393 2101 1408 1867 1401 1717 1416 1690 1389 1652 1420 1548 1397 1521 1424 1441 1416 1417 1432 1329 1412 1033 1420 941 1362"/></Shape>
	    <String CONTENT="הכירה ﭏא מעמיד את התנור במקום הראוי לה ואת הכירה במקום הראוי לה"
                    HPOS="937.0"
                    VPOS="1297.0"
                    WIDTH="2198.0"
                    HEIGHT="135.0"></String>
          </TextLine>

          
          
          <TextLine ID="eSc_line_1854906"
                    
                    BASELINE="941 1447 1417 1455 2082 1447 2582 1458 3137 1452" 
                    HPOS="937.0"
                    VPOS="1393.0"
                    WIDTH="2198.0"
                    HEIGHT="123.0">
            <Shape><Polygon POINTS="937 1443 983 1420 1075 1412 1548 1428 1563 1412 1660 1420 1690 1393 1717 1416 2090 1408 2121 1424 2148 1408 2178 1428 2201 1408 2916 1420 2947 1397 2974 1424 3070 1420 3135 1451 3070 1508 3020 1512 2962 1512 2935 1489 2893 1508 2801 1508 2782 1489 2697 1516 2666 1497 2528 1512 2501 1489 2459 1504 2205 1497 2182 1512 2128 1478 2101 1501 2044 1504 1955 1489 1744 1501 1683 1497 1656 1470 1625 1501 1533 1501 1517 1485 1498 1501 1333 1516 1287 1497 1002 1504 945 1447"/></Shape>
	    <String CONTENT="הזבל היוצא מן החצר מה שהוא קולט באויר הרי אילו שלו שברפת ושבחצר הרי"
                    HPOS="937.0"
                    VPOS="1393.0"
                    WIDTH="2198.0"
                    HEIGHT="123.0"></String>
          </TextLine>

          
          
          <TextLine ID="eSc_line_1854907"
                    
                    BASELINE="939 1548 1049 1539 2559 1539 2762 1547 3137 1540" 
                    HPOS="929.0"
                    VPOS="1478.0"
                    WIDTH="2206.0"
                    HEIGHT="111.0">
            <Shape><Polygon POINTS="937 1547 929 1504 1321 1478 1325 1478 1325 1478 1329 1478 1429 1501 1575 1478 1575 1478 1579 1478 2536 1501 2774 1478 2774 1478 2778 1478 2778 1478 2885 1497 2931 1478 2931 1478 2935 1478 2935 1478 2935 1478 2939 1478 2939 1478 2943 1478 2943 1478 2943 1478 2947 1478 2947 1478 2947 1481 2970 1504 3131 1504 3135 1539 3131 1585 937 1589"/></Shape>
	    <String CONTENT="הן של בעל חצר ˙ המשכיר בית לחבירו ונתנגע או&#39; לו הרי שלך לפניך הקדישו"
                    HPOS="929.0"
                    VPOS="1478.0"
                    WIDTH="2206.0"
                    HEIGHT="111.0"></String>
          </TextLine>

          
          
          <TextLine ID="eSc_line_1854908"
                    
                    BASELINE="939 1624 1087 1639 1640 1631 3137 1635" 
                    HPOS="933.0"
                    VPOS="1593.0"
                    WIDTH="2202.0"
                    HEIGHT="84.0">
            <Shape><Polygon POINTS="937 1623 937 1593 3131 1593 3135 1631 3127 1677 933 1677"/></Shape>
	    <String CONTENT="הדר בו מעלה שכר להקדש ˙ השוכר בית מחבירו מעמיד בו רחים של חמור אבל"
                    HPOS="933.0"
                    VPOS="1593.0"
                    WIDTH="2202.0"
                    HEIGHT="84.0"></String>
          </TextLine>

          
          
          <TextLine ID="eSc_line_1854909"
                    
                    BASELINE="939 1731 1018 1719 1352 1727 1821 1723 2109 1727 2789 1723 3137 1713" 
                    HPOS="929.0"
                    VPOS="1662.0"
                    WIDTH="2206.0"
                    HEIGHT="123.0">
            <Shape><Polygon POINTS="937 1727 929 1685 1026 1662 1026 1662 1029 1662 3131 1673 3135 1712 3131 1762 2774 1762 2774 1762 2724 1781 2724 1781 2720 1781 2720 1781 2716 1781 1990 1766 1986 1766 1982 1766 1821 1785 1821 1785 1817 1785 933 1766"/></Shape>
	    <String CONTENT="לא רחים של יד לא ירתף על גביו יין מפני שטועין את הפתלים ולא יגדל בו [ת&#39;]"
                    HPOS="929.0"
                    VPOS="1662.0"
                    WIDTH="2206.0"
                    HEIGHT="123.0"></String>
          </TextLine>

          
          
          <TextLine ID="eSc_line_1854910"
                    
                    BASELINE="939 1805 1233 1815 1786 1808 2563 1815 3137 1801" 
                    HPOS="929.0"
                    VPOS="1746.0"
                    WIDTH="2206.0"
                    HEIGHT="127.0">
            <Shape><Polygon POINTS="937 1804 933 1769 2785 1769 2801 1766 2893 1746 2893 1746 2893 1746 2897 1746 3131 1766 3135 1800 3131 1846 2809 1873 2805 1873 2805 1873 2616 1854 2463 1873 2463 1873 2459 1873 929 1854"/></Shape>
	    <String CONTENT="תרנגלין מפני שמחטחטין את הכותלים לא יעשה בתוכו מכתשת קבועה מפני [ש&#39;]"
                    HPOS="929.0"
                    VPOS="1746.0"
                    WIDTH="2206.0"
                    HEIGHT="127.0"></String>
          </TextLine>

          
          
          <TextLine ID="eSc_line_1854911"
                    
                    BASELINE="956 1896 1294 1908 3137 1896" 
                    HPOS="952.0"
                    VPOS="1827.0"
                    WIDTH="2183.0"
                    HEIGHT="150.0">
            <Shape><Polygon POINTS="952 1892 1026 1861 1275 1865 1402 1900 1433 1869 1621 1865 1640 1846 1675 1865 1905 1865 1944 1827 1994 1861 2382 1861 2436 1881 2505 1842 2555 1865 2636 1842 2655 1861 2866 1861 2893 1885 2943 1865 3085 1865 3135 1892 3062 1954 3012 1961 2951 1934 2916 1961 2747 1942 2424 1942 2382 1957 2240 1942 2217 1957 2082 1950 2055 1977 2017 1938 1698 1954 1629 1931 1594 1957 1510 1957 1487 1934 1352 1946 1314 1923 1287 1950 1102 1957 1006 1946 956 1896"/></Shape>
	    <String CONTENT="שמזיע את הכתלים ולא יעשנו רפת בקר ולא אוצר של תבואה ˙ המשכיר"
                    HPOS="952.0"
                    VPOS="1827.0"
                    WIDTH="2183.0"
                    HEIGHT="150.0"></String>
          </TextLine>

          
          
          <TextLine ID="eSc_line_1854912"
                    
                    BASELINE="939 1988 2712 1996 3137 1985" 
                    HPOS="933.0"
                    VPOS="1931.0"
                    WIDTH="2202.0"
                    HEIGHT="122.0">
            <Shape><Polygon POINTS="937 1984 933 1950 1852 1931 1856 1931 2028 1950 2044 1954 3131 1954 3135 1984 3131 2034 1921 2053 1917 2053 1917 2053 1913 2053 1913 2053 1867 2034 1863 2034 933 2034"/></Shape>
	    <String CONTENT="בית לחבירו לשנה בשנים עשר זהובים לשנה הרי זה מחלקן כל ימות השנה עד אדר"
                    HPOS="933.0"
                    VPOS="1931.0"
                    WIDTH="2202.0"
                    HEIGHT="122.0"></String>
          </TextLine>

          
          
          <TextLine ID="eSc_line_1854913"
                    
                    BASELINE="945 2073 2820 2080 3031 2073 3137 2080" 
                    HPOS="941.0"
                    VPOS="2030.0"
                    WIDTH="2194.0"
                    HEIGHT="150.0">
            <Shape><Polygon POINTS="941 2069 1006 2030 1122 2053 1510 2038 1590 2057 1621 2038 1982 2030 2320 2038 2367 2053 2939 2034 3078 2046 3135 2076 3058 2130 2955 2134 2893 2115 2847 2126 2832 2111 2467 2134 2332 2123 2317 2107 2294 2123 2174 2126 2151 2146 2121 2111 1882 2126 1859 2111 1790 2123 1721 2107 1598 2126 1544 2111 1444 2146 1417 2123 1291 2123 1271 2142 1245 2123 1172 2142 1145 2119 1075 2180 949 2073"/></Shape>
	    <String CONTENT="נתעברה שנה זה או&#39; עד אדר ראשון וזה או&#39; עד אדר שני חולקין ביניהן עד סוף [א&#39;]"
                    HPOS="941.0"
                    VPOS="2030.0"
                    WIDTH="2194.0"
                    HEIGHT="150.0"></String>
          </TextLine>

          
          
          <TextLine ID="eSc_line_1854914"
                    
                    BASELINE="1141 2153 1483 2165 3137 2165" 
                    HPOS="1137.0"
                    VPOS="2111.0"
                    WIDTH="1998.0"
                    HEIGHT="119.0">
            <Shape><Polygon POINTS="1137 2149 1245 2126 1271 2146 1291 2126 1421 2126 1448 2149 1510 2123 1540 2142 1556 2126 1886 2130 2121 2111 2155 2146 2178 2123 2801 2126 2828 2111 2843 2126 2939 2134 3074 2130 3135 2161 3078 2207 3047 2211 2966 2192 2855 2211 2809 2196 2732 2207 2709 2184 2682 2207 2632 2211 2401 2192 2386 2207 2290 2215 2221 2188 2198 2203 2098 2196 2025 2211 1982 2188 1932 2215 1894 2199 1517 2203 1483 2230 1464 2211 1298 2215 1256 2172 1225 2176 1202 2153 1141 2180"/></Shape>
	    <String CONTENT="אדר זה או&#39; עד סוף אדר ראשון וזה או&#39; עד סוף אדר שני חולקין ביניהן ˙"
                    HPOS="1137.0"
                    VPOS="2111.0"
                    WIDTH="1998.0"
                    HEIGHT="119.0"></String>
          </TextLine>

          
          
          <TextLine ID="eSc_line_1854915"
                    
                    BASELINE="939 2238 1663 2249 3137 2249" 
                    HPOS="933.0"
                    VPOS="2184.0"
                    WIDTH="2202.0"
                    HEIGHT="123.0">
            <Shape><Polygon POINTS="937 2234 933 2203 1667 2184 1671 2184 3131 2207 3135 2245 3131 2291 1898 2307 1894 2307 1894 2307 1890 2307 1890 2307 1890 2307 1886 2307 1886 2307 1867 2288 1863 2288 933 2288"/></Shape>
	    <String CONTENT="המשכיר בית לחבירו ונפל חייב להעמיד לו בית היה מקורה בארזים לא יקרינו"
                    HPOS="933.0"
                    VPOS="2184.0"
                    WIDTH="2202.0"
                    HEIGHT="123.0"></String>
          </TextLine>

          
          
          <TextLine ID="eSc_line_1854916"
                    
                    BASELINE="939 2330 1310 2322 2209 2322 2432 2330 2835 2330 3137 2320" 
                    HPOS="933.0"
                    VPOS="2268.0"
                    WIDTH="2202.0"
                    HEIGHT="123.0">
            <Shape><Polygon POINTS="937 2326 933 2291 2251 2291 2267 2288 2397 2268 2397 2268 2401 2268 3131 2288 3135 2318 3135 2364 3074 2387 3074 2387 3070 2387 3070 2387 3070 2391 2624 2391 2620 2387 2620 2387 2616 2387 2555 2368 2551 2368 2540 2368 2247 2391 2244 2391 2244 2391 2244 2391 2132 2372 2086 2391 2086 2391 2082 2391 2082 2391 2082 2391 2078 2391 2078 2391 1944 2372 1759 2391 1759 2391 1756 2391 1756 2391 1625 2372 1621 2372 1617 2372 1563 2391 1563 2391 1560 2391 1560 2391 1556 2391 933 2372"/></Shape>
	    <String CONTENT="בשקמים בשקמים לא יקרינו בארזים היו בו חלונות אינו רשיי שלא לפתוח בו"
                    HPOS="933.0"
                    VPOS="2268.0"
                    WIDTH="2202.0"
                    HEIGHT="123.0"></String>
          </TextLine>

          
          
          <TextLine ID="eSc_line_1854917"
                    
                    BASELINE="956 2410 3024 2418 3137 2406" 
                    HPOS="952.0"
                    VPOS="2353.0"
                    WIDTH="2183.0"
                    HEIGHT="169.0">
            <Shape><Polygon POINTS="952 2407 1014 2372 1106 2384 1137 2353 1183 2387 1490 2372 1821 2380 1848 2353 1879 2380 2005 2384 2098 2376 2125 2353 2155 2380 2409 2380 2432 2399 2459 2376 2555 2391 2578 2368 2709 2387 2901 2376 2955 2391 3008 2364 3135 2403 3070 2460 2981 2468 2820 2468 2774 2445 2697 2468 2432 2468 2386 2445 2359 2472 2174 2457 2098 2476 2002 2457 1967 2468 1936 2437 1917 2457 1806 2472 1141 2472 1091 2522 956 2418"/></Shape>
	    <String CONTENT="חלונות לא היו בו חלונות אינו רשיי לפתוח בו חלונות אימתי בזמן ששכרו לזמן [מ&#39;]"
                    HPOS="952.0"
                    VPOS="2353.0"
                    WIDTH="2183.0"
                    HEIGHT="169.0"></String>
          </TextLine>

          
          
          <TextLine ID="eSc_line_1854918"
                    
                    BASELINE="1383 2495 1929 2506 3137 2499" 
                    HPOS="1379.0"
                    VPOS="2437.0"
                    WIDTH="1756.0"
                    HEIGHT="154.0">
            <Shape><Polygon POINTS="1379 2491 1444 2487 1464 2468 1621 2480 1667 2464 1710 2480 1909 2464 1936 2437 1971 2472 2002 2457 2067 2472 2359 2468 2386 2441 2432 2468 2755 2483 2797 2464 3062 2468 3097 2495 3135 2495 3054 2564 2793 2564 2762 2549 2509 2564 2428 2545 2370 2553 2332 2591 2278 2553 1948 2553 1921 2579 1890 2553 1809 2545 1736 2553 1713 2576 1660 2553 1533 2568 1498 2533 1460 2545 1406 2495"/></Shape>
	    <String CONTENT="מרובה אבל שכרו ממנו לזמן ממועט או&#39; לו הרי שלך לפניך ˙˙"
                    HPOS="1379.0"
                    VPOS="2437.0"
                    WIDTH="1756.0"
                    HEIGHT="154.0"></String>
          </TextLine>

          
          
          <TextLine ID="eSc_line_1854925"
                    
                    BASELINE="1460 2579 1963 2599 2240 2599 2382 2610" 
                    HPOS="1456.0"
                    VPOS="2553.0"
                    WIDTH="922.0"
                    HEIGHT="153.0">
            <Shape><Polygon POINTS="1456 2576 1517 2556 1560 2579 1663 2560 1713 2583 1740 2556 1859 2568 1890 2553 1925 2583 1959 2556 2032 2568 2259 2553 2317 2595 2378 2606 2332 2606 2278 2656 2244 2660 2224 2641 2205 2656 2178 2637 2117 2695 2055 2702 2017 2664 1971 2702 1929 2706 1825 2622 1783 2614 1733 2641 1698 2614 1629 2606 1583 2641 1552 2633 1502 2579 1460 2579"/></Shape>
	    <String CONTENT="פרק ט&#39; ˙˙"
                    HPOS="1456.0"
                    VPOS="2553.0"
                    WIDTH="922.0"
                    HEIGHT="153.0"></String>
          </TextLine>

          
          
          <TextLine ID="eSc_line_1865892"
                    
                    BASELINE="989 2681 1851 2688 1942 2721 2101 2714 2353 2680 3137 2672" 
                    HPOS="987.0"
                    VPOS="2599.0"
                    WIDTH="2148.0"
                    HEIGHT="149.0">
            <Shape><Polygon POINTS="987 2679 1006 2641 1099 2645 1145 2599 1198 2645 1456 2649 1502 2602 1552 2645 1813 2641 1863 2691 1963 2714 2021 2687 2044 2710 2213 2695 2317 2618 2347 2645 2386 2629 2428 2645 2639 2649 3066 2637 3093 2664 3135 2668 3062 2721 2943 2733 2889 2714 2855 2733 2624 2737 2566 2729 2532 2702 2497 2729 2390 2729 2328 2702 2297 2733 2232 2733 2205 2706 2163 2702 2075 2748 2005 2718 1898 2729 1863 2702 1813 2737 1583 2729 1490 2733 1475 2748 1398 2729 1329 2745 1191 2725 1072 2741 991 2721"/></Shape>
	    <String CONTENT="השוכר שדה מחבירו והיה בה תבואה לקצור ענבים לבצור"
                    HPOS="987.0"
                    VPOS="2599.0"
                    WIDTH="2148.0"
                    HEIGHT="149.0"></String>
          </TextLine>

          
          
          <TextLine ID="eSc_line_1854920"
                    
                    BASELINE="939 2768 1763 2775 2386 2775 2882 2768 3137 2753" 
                    HPOS="929.0"
                    VPOS="2725.0"
                    WIDTH="2206.0"
                    HEIGHT="108.0">
            <Shape><Polygon POINTS="937 2764 929 2729 3127 2725 3135 2752 3131 2810 2785 2833 2782 2833 2782 2833 2782 2833 2682 2814 2678 2814 2670 2814 2420 2833 2417 2833 2417 2833 2236 2814 2224 2814 2221 2814 2155 2833 2151 2833 2151 2833 2148 2833 929 2814"/></Shape>
	    <String CONTENT="זתים למסוק הרי אילו שמין אותה ושמין לו תבואה קצורה ענבים בצורות זתים [מ&#39;]"
                    HPOS="929.0"
                    VPOS="2725.0"
                    WIDTH="2206.0"
                    HEIGHT="108.0"></String>
          </TextLine>

          
          
          <TextLine ID="eSc_line_1854921"
                    
                    BASELINE="939 2850 1271 2864 1867 2864 1998 2856 2678 2856 3137 2844" 
                    HPOS="929.0"
                    VPOS="2814.0"
                    WIDTH="2206.0"
                    HEIGHT="111.0">
            <Shape><Polygon POINTS="937 2848 929 2817 3127 2814 3135 2840 3131 2898 2782 2921 2778 2921 2778 2921 2778 2921 2774 2921 2716 2906 2701 2902 2697 2906 2670 2925 2666 2925 2666 2925 2666 2925 2662 2925 2662 2925 2662 2925 2659 2925 2659 2925 2655 2925 2582 2906 2570 2906 2294 2910 1556 2925 1552 2925 1421 2921 1068 2906 933 2925"/></Shape>
	    <String CONTENT="מסוקין אין שמין לו הניחה ויצא והיה בו תבואה לקצור ענבים לבצור זתים למסוק"
                    HPOS="929.0"
                    VPOS="2814.0"
                    WIDTH="2206.0"
                    HEIGHT="111.0"></String>
          </TextLine>

          
          
          <TextLine ID="eSc_line_1854922"
                    
                    BASELINE="939 2940 2367 2948 2659 2936 3135 2929" 
                    HPOS="933.0"
                    VPOS="2887.0"
                    WIDTH="2198.0"
                    HEIGHT="130.0">
            <Shape><Polygon POINTS="937 2936 937 2910 1122 2910 1122 2906 1141 2890 1141 2887 1141 2887 1145 2887 1145 2887 1145 2887 1148 2887 1148 2887 1148 2887 1152 2887 1152 2887 1156 2887 1229 2906 1233 2910 2025 2910 2036 2902 2098 2887 2101 2887 2101 2887 2105 2887 3127 2902 3131 2925 3127 2990 2766 2990 2728 3013 2724 3013 2724 3013 2724 3013 2720 3013 2720 3013 2716 3013 2716 3013 2716 3013 2712 3013 2628 2990 2340 3013 2336 3013 2336 3013 2336 3013 2332 3013 2255 2990 2025 2990 1975 3013 1975 3013 1975 3013 1971 3013 1971 3013 1971 3017 1037 3017 1033 3013 1033 3013 1029 3013 1029 3013 1029 3013 1026 3013 1026 3013 1026 3009 1002 2990 933 2990"/></Shape>
	    <String CONTENT="הרי אילו שמין לו כיצד שמין לו אם היה שכיר נותנין לו לפי שכירותו קבלן לפי"
                    HPOS="933.0"
                    VPOS="2887.0"
                    WIDTH="2198.0"
                    HEIGHT="130.0"></String>
          </TextLine>

          
          
          <TextLine ID="eSc_line_1854923"
                    
                    BASELINE="939 3030 1487 3048 1629 3040 2128 3040 2789 3025 3024 3025 3137 3006" 
                    HPOS="929.0"
                    VPOS="2986.0"
                    WIDTH="2210.0"
                    HEIGHT="116.0">
            <Shape><Polygon POINTS="937 3029 929 3002 3127 2986 3135 3002 3139 3067 3066 3094 3062 3094 3062 3094 3062 3094 3058 3094 2682 3071 2659 3071 2643 3071 2428 3098 2428 3102 2178 3102 2174 3098 2174 3098 2171 3098 2094 3075 2059 3098 2055 3098 2055 3098 2055 3098 2052 3098 2052 3098 2048 3098 1710 3082 1667 3102 1667 3102 1667 3102 1663 3102 1663 3102 1660 3102 929 3079"/></Shape>
	    <String CONTENT="קבלנותו ˙ המוכר שדה בית השלחין מחבירו אין פחות משנים עשר חודש"
                    HPOS="929.0"
                    VPOS="2986.0"
                    WIDTH="2210.0"
                    HEIGHT="116.0"></String>
          </TextLine>

          
          
          <TextLine ID="eSc_line_1854924"
                    
                    BASELINE="952 3125 1517 3140 3137 3110" 
                    HPOS="949.0"
                    VPOS="3063.0"
                    WIDTH="2186.0"
                    HEIGHT="127.0">
            <Shape><Polygon POINTS="949 3121 995 3094 1068 3086 1533 3102 1686 3094 1710 3071 1767 3098 1925 3094 1967 3125 2013 3121 2052 3086 2082 3105 2101 3086 2643 3082 2662 3063 2724 3082 3062 3082 3089 3109 3135 3109 3058 3171 2739 3178 2693 3174 2662 3144 2632 3174 2267 3171 2105 3186 2063 3171 2044 3190 1978 3128 1909 3190 1671 3186 1648 3171 1579 3186 1556 3163 1464 3190 1425 3174 1375 3182 1348 3155 1318 3178 1241 3186 1206 3171 1152 3182 1129 3163 1075 3190 991 3125"/></Shape>
	    <String CONTENT="שדה בית הבעל כונס את גרנו ומסתלק ˙ שדה בית השלחין אני שוכר ממך"
                    HPOS="949.0"
                    VPOS="3063.0"
                    WIDTH="2186.0"
                    HEIGHT="127.0"></String>
          </TextLine>

          
          
          <TextLine ID="eSc_line_1854899"
                    
                    BASELINE="939 3213 1233 3224 2063 3224 2436 3213 3137 3202" 
                    HPOS="929.0"
                    VPOS="3167.0"
                    WIDTH="2206.0"
                    HEIGHT="119.0">
            <Shape><Polygon POINTS="937 3209 929 3182 3127 3167 3135 3201 3131 3255 3020 3278 3020 3278 3020 3278 3016 3278 2770 3259 2755 3259 2747 3259 2636 3282 2636 3282 2636 3282 2632 3282 2632 3282 2455 3263 1921 3282 1917 3282 1917 3282 1917 3282 1913 3282 1913 3282 1909 3282 1909 3282 1886 3263 1886 3263 1879 3263 1783 3286 1783 3286 1783 3286 1779 3286 1779 3286 1779 3286 1683 3267 1663 3282 1663 3286 1663 3286 1660 3286 1660 3286 1660 3286 1656 3286 1656 3286 1652 3286 929 3267"/></Shape>
	    <String CONTENT="שדה בית האילן אני שוכר ממך יבש המעיין ונקצץ האילן חייב להעמיד לו שדה"
                    HPOS="929.0"
                    VPOS="3167.0"
                    WIDTH="2206.0"
                    HEIGHT="119.0"></String>
          </TextLine>

          
          
          <TextLine ID="eSc_line_1854892"
                    
                    BASELINE="939 3309 1917 3309 2670 3290 3137 3290" 
                    HPOS="933.0"
                    VPOS="3259.0"
                    WIDTH="2202.0"
                    HEIGHT="96.0">
            <Shape><Polygon POINTS="937 3305 933 3259 3131 3259 3135 3286 3131 3340 937 3355"/></Shape>
	    <String CONTENT="בית השלחין זו אני שוכר ממך שדה בית האילן זו אני שוכר ממך יבש המעיין ונקצץ"
                    HPOS="933.0"
                    VPOS="3259.0"
                    WIDTH="2202.0"
                    HEIGHT="96.0"></String>
          </TextLine>

          
          
          <TextLine ID="eSc_line_1854898"
                    
                    BASELINE="939 3383 1325 3397 1786 3401 2040 3389 2297 3389 2536 3378 3137 3370" 
                    HPOS="929.0"
                    VPOS="3324.0"
                    WIDTH="2206.0"
                    HEIGHT="131.0">
            <Shape><Polygon POINTS="937 3382 929 3359 1141 3336 1141 3336 1145 3336 1364 3351 1383 3336 1383 3332 1383 3332 1387 3332 1387 3332 1387 3332 1391 3332 1391 3332 1391 3332 1394 3332 1394 3332 1521 3355 1533 3359 1656 3359 1660 3355 1683 3332 1683 3332 1683 3332 1686 3332 1686 3332 1690 3332 1690 3332 1690 3332 1694 3332 1694 3332 1694 3332 1698 3332 1698 3332 1752 3355 1756 3355 2044 3355 2044 3355 2125 3328 2128 3328 2128 3328 2128 3328 2132 3328 2386 3351 2394 3351 2405 3351 2636 3324 2636 3324 2639 3324 3131 3351 3135 3366 3131 3424 2897 3447 2893 3447 2893 3447 2747 3428 2736 3428 2728 3428 2636 3451 2632 3451 2632 3451 2628 3451 2628 3451 2486 3432 1775 3455 1771 3455 929 3436"/></Shape>
	    <String CONTENT="האילן מנכה לו מן חכירו ˙ השוכר שדה מחבירו לו והיו בו אילנות מקום שנהגו"
                    HPOS="929.0"
                    VPOS="3324.0"
                    WIDTH="2206.0"
                    HEIGHT="131.0"></String>
          </TextLine>

          
          
          <TextLine ID="eSc_line_1854891"
                    
                    BASELINE="939 3470 1337 3485 2086 3485 2935 3470 3137 3452" 
                    HPOS="929.0"
                    VPOS="3428.0"
                    WIDTH="2206.0"
                    HEIGHT="150.0">
            <Shape><Polygon POINTS="937 3466 929 3447 3127 3428 3135 3451 3124 3558 3085 3535 3051 3558 3039 3562 3039 3562 3039 3562 3035 3562 3035 3562 3035 3566 2908 3566 2905 3562 2905 3562 2901 3562 2901 3562 2901 3562 2889 3555 2847 3535 2751 3555 2709 3562 2709 3562 2709 3562 2705 3562 2705 3562 2701 3562 2701 3562 2701 3562 2697 3562 2686 3555 2651 3535 2501 3535 2470 3555 2451 3566 2447 3566 2447 3566 2447 3566 2443 3566 2443 3566 2443 3566 2440 3566 2440 3566 2436 3566 2436 3566 2436 3566 2409 3551 2378 3539 2351 3551 2317 3566 2317 3566 2313 3566 2313 3566 2313 3570 2144 3570 2140 3566 2140 3566 2136 3566 2136 3566 2098 3551 2063 3535 2044 3551 2025 3566 2025 3566 2021 3566 2021 3566 2017 3566 2017 3566 2017 3566 2013 3566 2013 3566 2013 3566 2009 3566 2009 3566 2005 3566 1978 3551 1975 3547 1921 3547 1575 3570 1571 3570 1571 3570 1571 3570 1567 3570 1567 3570 1567 3570 1563 3570 1563 3570 1563 3566 1540 3547 1540 3547 1540 3547 1502 3574 1498 3574 1498 3574 1498 3574 1494 3574 1494 3574 1494 3578 1425 3578 1421 3574 1421 3574 1417 3574 1318 3547 1241 3566 1237 3566 1237 3566 1237 3566 1233 3566 929 3539"/></Shape>
	    <String CONTENT="להשכיר אילנות עם השדות הרי הן של שוכר בפני עצמן הרי הן של משכיר ˙"
                    HPOS="929.0"
                    VPOS="3428.0"
                    WIDTH="2206.0"
                    HEIGHT="150.0"></String>
          </TextLine>

          
        </TextBlock>
        

        
      </PrintSpace>
    </Page>
  </Layout>
</alto>
