<?xml version="1.0" encoding="UTF-8"?>
<alto xmlns:xsi="http://www.w3.org/2001/XMLSchema-instance"
      xmlns="http://www.loc.gov/standards/alto/ns-v4#"
      xsi:schemaLocation="http://www.loc.gov/standards/alto/ns-v4# http://www.loc.gov/standards/alto/v4/alto-4-2.xsd">
  <Description>
    <MeasurementUnit>pixel</MeasurementUnit>
    <sourceImageInformation>
      <fileName>Cod.Hebr.20_027r.jpg</fileName>
      
    </sourceImageInformation>
  </Description>
  
  <Tags>
    <OtherTag ID="BT1" LABEL="Title" DESCRIPTION="block type Title"/><OtherTag ID="BT2" LABEL="Main" DESCRIPTION="block type Main"/><OtherTag ID="BT3" LABEL="Commentary" DESCRIPTION="block type Commentary"/><OtherTag ID="BT4" LABEL="Illustration" DESCRIPTION="block type Illustration"/><OtherTag ID="BT747" LABEL="Hole" DESCRIPTION="block type Hole"/><OtherTag ID="BT748" LABEL="Margin" DESCRIPTION="block type Margin"/><OtherTag ID="BT749" LABEL="Paratext" DESCRIPTION="block type Paratext"/>
    <OtherTag ID="LT3" LABEL="Correction" DESCRIPTION="line type Correction"/>
  </Tags>
  
  <Layout>
    <Page WIDTH="3490"
          HEIGHT="4641"
          PHYSICAL_IMG_NR="42"
          ID="eSc_dummypage_">
      <PrintSpace HPOS="0"
                  VPOS="0"
                  WIDTH="3490"
                  HEIGHT="4641">
        
        <TextBlock HPOS="683.0"
                   VPOS="432.0"
                   WIDTH="2154.0"
                   HEIGHT="3304.0"
                   ID="eSc_textblock_8448"
                   TAGREFS="BT2">
          <Shape><Polygon POINTS="683 432 2837 432 2837 3736 683 3736"/></Shape>
          
          
          <TextLine ID="eSc_line_1842673"
                    
                    BASELINE="692 514 1690 514 2828 525" 
                    HPOS="688.0"
                    VPOS="402.0"
                    WIDTH="2136.0"
                    HEIGHT="197.0">
            <Shape><Polygon POINTS="688 510 696 467 731 491 804 444 831 475 893 471 913 452 963 471 1033 409 1114 464 1168 440 1218 467 1257 464 1315 406 1342 402 1412 471 1443 456 1485 464 1536 433 1578 467 1625 475 1702 413 1745 456 1760 444 1830 471 1961 475 1996 452 2023 471 2089 471 2128 433 2155 464 2201 433 2278 491 2298 471 2321 479 2375 433 2441 475 2476 440 2530 448 2565 429 2623 471 2677 425 2708 456 2809 467 2824 522 2789 576 2743 591 2692 576 2592 591 2557 568 2480 591 2317 580 2244 599 2228 583 1864 560 1845 580 1706 564 1640 583 1609 564 1586 587 1516 549 1493 572 1307 564 1288 580 1261 556 1156 553 1087 572 1029 556 982 580 851 576 785 568 723 510 696 510"/></Shape>
	    <String CONTENT="וכן לבעל חוב בחובו וכן לאשה בכתובתה משלם קרן וחומש לכהן חבר וחבר עונה אותן"
                    HPOS="688.0"
                    VPOS="402.0"
                    WIDTH="2136.0"
                    HEIGHT="197.0"></String>
          </TextLine>

          
          
          <TextLine ID="eSc_line_1842674"
                    
                    BASELINE="680 603 785 618 1946 618 2867 626" 
                    HPOS="677.0"
                    VPOS="549.0"
                    WIDTH="2186.0"
                    HEIGHT="135.0">
            <Shape><Polygon POINTS="677 599 742 556 773 583 831 564 971 583 1029 568 1265 568 1296 583 1501 568 1524 549 1586 583 1613 568 1640 583 1698 564 1841 580 1876 568 2228 587 2255 603 2317 587 2395 603 2414 587 2793 580 2863 622 2839 622 2793 669 2669 676 2634 645 2596 657 2565 630 2511 622 2472 661 2402 638 2344 680 2267 684 2054 669 2000 680 1965 657 1926 669 1888 653 1857 669 1690 653 1392 669 1330 657 1307 676 1269 638 1249 657 1183 665 739 665 680 607"/></Shape>
	    <String CONTENT="דמים ˙ הגונב תרומת הקדש ולא אכלה משלם את הקרן ואינו משלם את החומ&#39;"
                    HPOS="677.0"
                    VPOS="549.0"
                    WIDTH="2186.0"
                    HEIGHT="135.0"></String>
          </TextLine>

          
          
          <TextLine ID="eSc_line_1842675"
                    
                    BASELINE="723 696 1853 703 2147 715 2336 715 2518 707 2863 711" 
                    HPOS="719.0"
                    VPOS="645.0"
                    WIDTH="2140.0"
                    HEIGHT="120.0">
            <Shape><Polygon POINTS="719 692 731 669 769 661 1257 665 1276 645 1303 672 1327 657 1876 657 1965 661 2000 680 2410 676 2433 657 2507 676 2634 657 2665 676 2778 669 2859 707 2832 707 2778 758 2731 765 2681 750 2615 750 2600 765 2042 765 1830 738 1806 758 1772 738 1381 754 1153 734 1133 754 1029 754 1002 734 874 750 847 730 769 750 742 727 723 734"/></Shape>
	    <String CONTENT="וכפל אין בה שנ&#39; ישלם שנים לרעהו ולא להקדש אכלה משלם שני חומשין קרן וחומש מן"
                    HPOS="719.0"
                    VPOS="645.0"
                    WIDTH="2140.0"
                    HEIGHT="120.0"></String>
          </TextLine>

          
          
          <TextLine ID="eSc_line_1842681"
                    
                    BASELINE="719 773 901 788 1133 792 1895 792 2356 812 2836 796" 
                    HPOS="715.0"
                    VPOS="738.0"
                    WIDTH="2117.0"
                    HEIGHT="128.0">
            <Shape><Polygon POINTS="715 769 719 746 855 738 1013 738 1040 754 1137 754 1153 738 1323 754 1745 738 1803 758 1830 742 2201 769 2785 758 2832 792 2774 850 2669 843 2650 858 2611 839 2580 862 2476 862 2437 843 2375 866 2336 846 2244 862 2046 843 2031 858 2004 831 1984 850 1911 839 1876 854 1853 835 1725 827 1269 850 1222 804 1187 831 1133 819 1110 839 1056 823 986 850 897 827 719 835"/></Shape>
	    <String CONTENT="החולין והן נעשין קדש בתרומה קרן נותן לגזבר וחומש לבעלים בקרן זה מועלין בחומש"
                    HPOS="715.0"
                    VPOS="738.0"
                    WIDTH="2117.0"
                    HEIGHT="128.0"></String>
          </TextLine>

          
          
          <TextLine ID="eSc_line_1842682"
                    
                    BASELINE="735 874 1261 889 1485 881 1737 889 1919 885 2155 897 2843 889" 
                    HPOS="731.0"
                    VPOS="823.0"
                    WIDTH="2108.0"
                    HEIGHT="128.0">
            <Shape><Polygon POINTS="731 870 750 843 951 839 986 854 1071 823 1114 843 1137 827 1412 850 1853 839 1884 854 2008 839 2023 854 2340 854 2367 870 2437 850 2584 862 2623 843 2646 858 2789 854 2839 885 2785 932 2526 947 2480 935 2464 951 2437 935 2155 951 1922 932 1899 916 1683 935 1485 935 1450 916 1160 932 1122 904 1102 924 1052 908 971 932 913 916 735 935"/></Shape>
	    <String CONTENT="זה אין מועלין חומש שני תרומה ודמיי תרומה נותן לגזבר וחומש לבעלין ר&#39; מאיר מחייב"
                    HPOS="731.0"
                    VPOS="823.0"
                    WIDTH="2108.0"
                    HEIGHT="128.0"></String>
          </TextLine>

          
          
          <TextLine ID="eSc_line_1842683"
                    
                    BASELINE="758 955 2224 982 2843 974" 
                    HPOS="754.0"
                    VPOS="908.0"
                    WIDTH="2085.0"
                    HEIGHT="132.0">
            <Shape><Polygon POINTS="754 951 758 924 975 932 1106 924 1125 908 1156 935 1752 935 1775 920 1822 935 2302 935 2352 951 2774 935 2839 970 2793 1028 2723 1036 2340 1036 2275 1001 2247 1028 2131 1040 2046 1013 1725 1021 1690 997 1594 1028 1303 1009 1106 1032 1021 986 990 1017 916 1024 812 1017 777 990 758 1005"/></Shape>
	    <String CONTENT="בקופה שנייה בחלה ר&#39; יוסה פוטר וחכמים או&#39; מדומע פטור מן החלה ספק מדומע נאכל"
                    HPOS="754.0"
                    VPOS="908.0"
                    WIDTH="2085.0"
                    HEIGHT="132.0"></String>
          </TextLine>

          
          
          <TextLine ID="eSc_line_1842684"
                    
                    BASELINE="711 1055 1628 1055 2518 1075 2809 1067" 
                    HPOS="708.0"
                    VPOS="990.0"
                    WIDTH="2097.0"
                    HEIGHT="143.0">
            <Shape><Polygon POINTS="708 1051 715 1024 742 1013 978 1017 1025 990 1048 1017 1110 1036 1253 1017 1369 1028 1389 1009 1586 1032 1833 1009 1930 1028 2046 1013 2128 1048 2155 1032 2251 1032 2286 1001 2317 1032 2364 1036 2797 1032 2805 1063 2785 1121 2623 1113 2534 1133 2449 1117 2364 1129 2329 1109 2247 1121 2120 1063 2062 1117 1984 1102 1953 1121 1919 1121 1899 1102 1826 1113 1768 1098 1524 1113 1485 1075 1419 1117 1377 1098 1245 1117 986 1109 963 1094 754 1109 711 1082"/></Shape>
	    <String CONTENT="משם דמע וחייב בחלה ˙ ר&#39; ליעזר או&#39; משלמין ממין על שאינו מינו ובלבד שישלם"
                    HPOS="708.0"
                    VPOS="990.0"
                    WIDTH="2097.0"
                    HEIGHT="143.0"></String>
          </TextLine>

          
          
          <TextLine ID="eSc_line_1842685"
                    
                    BASELINE="719 1140 858 1152 1396 1148 1536 1156 2139 1160 2356 1167 2855 1156" 
                    HPOS="715.0"
                    VPOS="1098.0"
                    WIDTH="2136.0"
                    HEIGHT="127.0">
            <Shape><Polygon POINTS="715 1137 719 1098 1400 1117 1640 1102 1915 1117 1992 1106 2108 1125 2329 1113 2352 1129 2484 1137 2731 1121 2851 1152 2789 1214 2750 1225 2720 1206 2642 1222 2418 1206 2356 1222 2309 1206 2240 1218 2058 1198 2004 1214 1981 1191 1516 1202 1450 1179 1416 1198 1381 1183 1361 1202 1176 1206 1153 1191 1056 1206 1009 1175 975 1202 812 1183 762 1198 719 1156"/></Shape>
	    <String CONTENT="מן היפה על הרע כיצד אכל שעורים ומשלם חטים אכל חטין ומשלם שעורין גרוגרות"
                    HPOS="715.0"
                    VPOS="1098.0"
                    WIDTH="2136.0"
                    HEIGHT="127.0"></String>
          </TextLine>

          
          
          <TextLine ID="eSc_line_1842686"
                    
                    BASELINE="680 1241 1632 1241 1830 1245 2015 1256 2476 1256 2839 1245" 
                    HPOS="677.0"
                    VPOS="1175.0"
                    WIDTH="2159.0"
                    HEIGHT="132.0">
            <Shape><Polygon POINTS="677 1237 739 1187 978 1202 1005 1175 1056 1206 1365 1206 1450 1183 1547 1206 1570 1191 2004 1214 2070 1198 2089 1214 2236 1218 2580 1206 2638 1222 2789 1218 2836 1241 2789 1299 2762 1307 2534 1303 2495 1284 2472 1307 2097 1303 2062 1268 2023 1303 1969 1307 1733 1295 1702 1264 1671 1291 1520 1284 1497 1303 1427 1284 1404 1307 1381 1287 1284 1307 1261 1287 1094 1291 1044 1272 947 1295 905 1272 766 1287 680 1237"/></Shape>
	    <String CONTENT="ומשלם תמרים תבוא לו ברכה ר&#39; עקיבא או&#39; אין משלמין ﭏא ממין על מינו ר&#39; לעזר אמ&#39; [כש&#39;]"
                    HPOS="677.0"
                    VPOS="1175.0"
                    WIDTH="2159.0"
                    HEIGHT="132.0"></String>
          </TextLine>

          
          
          <TextLine ID="eSc_line_1842687"
                    
                    BASELINE="727 1338 1238 1334 1439 1342 1946 1342 2224 1353 2824 1338" 
                    HPOS="723.0"
                    VPOS="1268.0"
                    WIDTH="2097.0"
                    HEIGHT="139.0">
            <Shape><Polygon POINTS="723 1334 727 1268 766 1291 940 1295 971 1326 1017 1299 1048 1330 1102 1299 1300 1311 1323 1295 1408 1307 1427 1287 1505 1307 1528 1291 1690 1311 1717 1295 1973 1311 2027 1303 2062 1272 2093 1303 2789 1303 2820 1334 2809 1372 2770 1396 2456 1400 2433 1384 2360 1407 2317 1380 2093 1400 2070 1380 1880 1396 1861 1376 1830 1392 1536 1376 1516 1396 1497 1380 1439 1392 1408 1372 1315 1392 1199 1376 1156 1396 1094 1372 1060 1338 1017 1376 978 1365 773 1384 727 1353"/></Shape>
	    <String CONTENT="כשם שמשלמין מן החדש על הישן כך משלמין ממין על שאינו מינו ˙ האוכל"
                    HPOS="723.0"
                    VPOS="1268.0"
                    WIDTH="2097.0"
                    HEIGHT="139.0"></String>
          </TextLine>

          
          
          <TextLine ID="eSc_line_1842688"
                    
                    BASELINE="661 1411 862 1427 1122 1430 1806 1427 2534 1442 2832 1434" 
                    HPOS="657.0"
                    VPOS="1376.0"
                    WIDTH="2171.0"
                    HEIGHT="120.0">
            <Shape><Polygon POINTS="657 1407 661 1376 1021 1376 1153 1396 1199 1380 1412 1376 1516 1400 1536 1384 1656 1400 1737 1380 2089 1403 2220 1384 2356 1407 2437 1388 2526 1403 2816 1392 2828 1430 2785 1477 2723 1485 2321 1477 2306 1492 2267 1473 2186 1496 2166 1481 2097 1488 2062 1454 2031 1485 1837 1473 1795 1492 1760 1465 1698 1485 1601 1465 1539 1492 1497 1469 1338 1477 1288 1458 1265 1481 1129 1469 1094 1488 889 1458 742 1477 661 1430"/></Shape>
	    <String CONTENT="את הטבל משלם מן הלקט מן השכחה ומן הפאה ומן התבואה שלא הביאה שליש דברי"
                    HPOS="657.0"
                    VPOS="1376.0"
                    WIDTH="2171.0"
                    HEIGHT="120.0"></String>
          </TextLine>

          
          
          <TextLine ID="eSc_line_1842689"
                    
                    BASELINE="673 1512 1079 1523 1714 1519 2275 1535 2499 1535 2843 1519" 
                    HPOS="669.0"
                    VPOS="1461.0"
                    WIDTH="2170.0"
                    HEIGHT="128.0">
            <Shape><Polygon POINTS="669 1508 715 1477 1269 1481 1288 1461 1536 1492 1605 1473 1756 1473 1787 1492 1814 1477 1934 1477 2186 1500 2271 1477 2313 1496 2468 1492 2538 1473 2576 1492 2770 1473 2809 1512 2839 1516 2778 1570 2754 1554 2650 1585 2538 1558 2472 1585 2367 1566 2213 1589 2189 1566 2031 1574 2011 1554 1911 1577 1772 1558 1590 1574 1555 1550 1536 1570 1489 1574 1191 1554 1075 1574 893 1558 874 1577 739 1558 719 1574 673 1527"/></Shape>
	    <String CONTENT="ר&#39; ליעזר ר&#39; עקיבא או&#39; אין משלמין מהן שאין משלמין מדבר שלא בא לעונת המעשרות"
                    HPOS="669.0"
                    VPOS="1461.0"
                    WIDTH="2170.0"
                    HEIGHT="128.0"></String>
          </TextLine>

          
          
          <TextLine ID="eSc_line_1842690"
                    
                    BASELINE="700 1597 1234 1616 1528 1608 2592 1620 2847 1612" 
                    HPOS="696.0"
                    VPOS="1554.0"
                    WIDTH="2147.0"
                    HEIGHT="120.0">
            <Shape><Polygon POINTS="696 1593 739 1554 870 1577 893 1558 1079 1574 1191 1554 1211 1574 1524 1562 1536 1577 1559 1558 1582 1574 1775 1562 1899 1581 1996 1577 2015 1558 2035 1577 2186 1566 2213 1593 2236 1577 2344 1581 2371 1562 2395 1577 2557 1574 2638 1593 2681 1570 2727 1570 2778 1574 2843 1608 2785 1663 2673 1651 2650 1674 2503 1655 2356 1655 2298 1674 2182 1655 2027 1655 1984 1670 1837 1655 1675 1663 1636 1647 1609 1663 1303 1663 1234 1639 1199 1651 1180 1632 1125 1655 1033 1651 990 1666 843 1643 727 1647 700 1624"/></Shape>
	    <String CONTENT="אמ&#39; ר&#39; נתן היה ר&#39; ליעזר או&#39; ימתין עד שיבא שבת ויצא לחצר ויגמור ר&#39; יהושע אומ&#39; דם [ש&#39;]"
                    HPOS="696.0"
                    VPOS="1554.0"
                    WIDTH="2147.0"
                    HEIGHT="120.0"></String>
          </TextLine>

          
          
          <TextLine ID="eSc_line_1842691"
                    
                    BASELINE="719 1682 1017 1697 1806 1697 2124 1709 2855 1701" 
                    HPOS="715.0"
                    VPOS="1647.0"
                    WIDTH="2136.0"
                    HEIGHT="120.0">
            <Shape><Polygon POINTS="715 1678 719 1651 746 1647 986 1666 1899 1655 2658 1670 2673 1655 2778 1663 2809 1693 2851 1697 2824 1701 2778 1748 2681 1767 2650 1744 2472 1751 2410 1732 2344 1755 2116 1740 1876 1748 1857 1732 1741 1751 1717 1732 1609 1751 1327 1740 1102 1755 1075 1740 781 1740 754 1713 719 1732"/></Shape>
	    <String CONTENT="שעל הככר גורר את מקומו ואוכל את השאר נמצא בין שניו משפשפו ואינו חושש ˙"
                    HPOS="715.0"
                    VPOS="1647.0"
                    WIDTH="2136.0"
                    HEIGHT="120.0"></String>
          </TextLine>

          
          
          <TextLine ID="eSc_line_1842700"
                    
                    BASELINE="622 1775 1176 1790 1714 1790 1861 1798 2576 1786" 
                    HPOS="619.0"
                    VPOS="1728.0"
                    WIDTH="1954.0"
                    HEIGHT="151.0">
            <Shape><Polygon POINTS="619 1771 669 1740 715 1736 967 1751 1830 1748 1857 1728 1880 1748 2205 1755 2352 1755 2410 1732 2425 1748 2565 1751 2573 1782 2561 1829 2472 1844 2240 1840 2209 1825 1992 1840 1969 1817 1926 1840 901 1825 789 1844 735 1833 684 1879 622 1821"/></Shape>
	    <String CONTENT="האוכל את הדירה ואת הנמלה ואת הכינה שבתבואה חייב את הזיז שבעדשין"
                    HPOS="619.0"
                    VPOS="1728.0"
                    WIDTH="1954.0"
                    HEIGHT="151.0"></String>
          </TextLine>

          
          
          <TextLine ID="eSc_line_1842692"
                    
                    BASELINE="731 1871 828 1883 1060 1887 2809 1879" 
                    HPOS="727.0"
                    VPOS="1817.0"
                    WIDTH="2078.0"
                    HEIGHT="128.0">
            <Shape><Polygon POINTS="727 1868 739 1837 1880 1844 1942 1840 1965 1817 1988 1840 2306 1852 2325 1837 2723 1840 2778 1844 2805 1875 2789 1933 2735 1941 2650 1926 2545 1941 2522 1918 2503 1937 2360 1941 2325 1926 2255 1945 2131 1926 1922 1945 1888 1926 1741 1937 1698 1918 1652 1937 1307 1941 1195 1914 1153 1937 1106 1918 944 1929 909 1914 889 1933 866 1914 731 1922"/></Shape>
	    <String CONTENT="ואת יתושין שבכליסין ואת התולעין שבתמרים ושבגרוגרות פטור פרשו וחזרן חייב"
                    HPOS="727.0"
                    VPOS="1817.0"
                    WIDTH="2078.0"
                    HEIGHT="128.0"></String>
          </TextLine>

          
          
          <TextLine ID="eSc_line_1842693"
                    
                    BASELINE="677 1972 839 1964 1083 1976 1706 1976 2112 1987 2847 1972" 
                    HPOS="673.0"
                    VPOS="1918.0"
                    WIDTH="2170.0"
                    HEIGHT="124.0">
            <Shape><Polygon POINTS="673 1968 719 1926 866 1922 893 1937 913 1918 1125 1941 1710 1926 1915 1945 2104 1945 2131 1929 2244 1949 2503 1941 2526 1922 2549 1941 2778 1933 2843 1968 2789 2022 2754 2030 2499 2034 2468 2018 2336 2042 2267 2022 2035 2034 1919 2018 1806 2038 1752 2018 1659 2026 1628 2003 1586 2034 1567 2018 1280 2026 1265 2011 1245 2026 1137 2030 1114 2007 1098 2022 882 2026 851 2003 820 2026 719 2014 677 1972"/></Shape>
	    <String CONTENT="את התולעין שבעיקרי אילנות ואת הקפא שבירק חייב יבחושין שביין ושבחומץ הרי"
                    HPOS="673.0"
                    VPOS="1918.0"
                    WIDTH="2170.0"
                    HEIGHT="124.0"></String>
          </TextLine>

          
          
          <TextLine ID="eSc_line_1842701"
                    
                    BASELINE="657 2053 982 2069 1408 2069 1799 2061 2011 2069 2859 2072" 
                    HPOS="653.0"
                    VPOS="2007.0"
                    WIDTH="2202.0"
                    HEIGHT="120.0">
            <Shape><Polygon POINTS="653 2049 661 2018 719 2014 828 2030 855 2011 878 2030 1106 2030 1122 2014 1176 2030 1373 2011 1396 2030 1563 2022 1594 2038 1632 2007 1671 2034 1752 2026 1783 2049 1849 2034 1861 2045 1884 2022 2333 2042 2793 2026 2855 2069 2793 2119 2565 2119 2538 2096 2511 2119 2491 2107 2464 2123 2302 2127 2217 2107 2019 2119 1942 2111 1922 2092 1888 2111 1826 2076 1791 2111 1752 2088 1717 2107 1690 2080 1652 2107 1609 2096 1555 2115 1493 2103 1071 2119 990 2096 967 2119 947 2103 901 2119 700 2103 677 2127 657 2107"/></Shape>
	    <String CONTENT="אילו מותרין אם סינן הרי אילו אסורין ˙ ר&#39; יהודה או&#39; המפנין את היין ואת החומץ"
                    HPOS="653.0"
                    VPOS="2007.0"
                    WIDTH="2202.0"
                    HEIGHT="120.0"></String>
          </TextLine>

          
          
          <TextLine ID="eSc_line_1842702"
                    
                    BASELINE="692 2134 800 2150 1071 2158 1725 2154 2027 2165 2743 2161 2843 2150" 
                    HPOS="688.0"
                    VPOS="2096.0"
                    WIDTH="2151.0"
                    HEIGHT="131.0">
            <Shape><Polygon POINTS="688 2130 704 2107 971 2115 990 2096 1013 2111 1183 2119 1613 2103 1892 2119 1919 2096 1938 2115 2004 2119 2781 2119 2839 2146 2785 2204 2638 2208 2623 2223 2584 2192 2549 2212 2379 2212 2306 2189 2275 2204 2089 2200 2054 2223 2023 2192 1981 2208 1880 2192 1853 2208 1787 2173 1714 2200 1613 2208 1551 2192 1377 2200 1346 2227 1315 2196 1230 2204 1176 2185 1118 2204 777 2204 731 2196 692 2165"/></Shape>
	    <String CONTENT="והמברך על החמה הרי זה דרך אחרת ˙ הציר והחומץ והמורייס והשמן והדבש"
                    HPOS="688.0"
                    VPOS="2096.0"
                    WIDTH="2151.0"
                    HEIGHT="131.0"></String>
          </TextLine>

          
          
          <TextLine ID="eSc_line_1842694"
                    
                    BASELINE="677 2254 742 2243 893 2243 1338 2254 2743 2258 2851 2243" 
                    HPOS="673.0"
                    VPOS="2189.0"
                    WIDTH="2174.0"
                    HEIGHT="119.0">
            <Shape><Polygon POINTS="673 2250 727 2196 924 2216 1296 2196 1350 2227 1373 2204 1791 2204 1814 2189 1853 2212 2035 2208 2062 2231 2085 2208 2271 2212 2313 2196 2375 2212 2592 2208 2611 2223 2770 2208 2809 2239 2836 2219 2847 2239 2785 2301 2750 2305 2677 2301 2638 2270 2611 2297 2294 2285 2155 2308 1868 2301 1814 2285 1543 2301 1520 2277 1474 2297 1342 2285 1211 2301 1091 2301 1056 2281 967 2305 909 2281 886 2305 870 2289 746 2297 677 2250"/></Shape>
	    <String CONTENT="מותרין משום גלוי ור&#39; שמעון אוסר אמ&#39; ר&#39; שמעון אני ראיתיו ששתה ציר בצידן אמרו"
                    HPOS="673.0"
                    VPOS="2189.0"
                    WIDTH="2174.0"
                    HEIGHT="119.0"></String>
          </TextLine>

          
          
          <TextLine ID="eSc_line_1842703"
                    
                    BASELINE="719 2332 1327 2343 2843 2335" 
                    HPOS="715.0"
                    VPOS="2277.0"
                    WIDTH="2124.0"
                    HEIGHT="128.0">
            <Shape><Polygon POINTS="715 2328 719 2293 866 2289 889 2305 913 2281 959 2301 1052 2285 1106 2301 1485 2297 1520 2277 1543 2301 1613 2289 1648 2305 2302 2297 2627 2312 2650 2289 2692 2308 2793 2305 2839 2332 2781 2386 2673 2386 2654 2401 2631 2382 2522 2374 2445 2405 2360 2382 2244 2382 2224 2397 2054 2378 1926 2393 1861 2374 1810 2390 1594 2386 1512 2366 1489 2386 1342 2378 1319 2397 1303 2382 1168 2390 1133 2374 812 2390 789 2366 769 2382 719 2366"/></Shape>
	    <String CONTENT="לו אין ראיה מן השוטין משמרת אסורה משום גלוי ר&#39; נחמיה או&#39; אם היתה תחתונה"
                    HPOS="715.0"
                    VPOS="2277.0"
                    WIDTH="2124.0"
                    HEIGHT="128.0"></String>
          </TextLine>

          
          
          <TextLine ID="eSc_line_1842695"
                    
                    BASELINE="696 2424 1242 2436 2112 2436 2809 2424" 
                    HPOS="692.0"
                    VPOS="2370.0"
                    WIDTH="2113.0"
                    HEIGHT="132.0">
            <Shape><Polygon POINTS="692 2421 708 2370 808 2390 1253 2382 1319 2397 1342 2378 2139 2382 2232 2397 2364 2382 2437 2405 2542 2374 2654 2401 2793 2390 2805 2421 2789 2479 2592 2479 2518 2502 2472 2479 2402 2490 2352 2467 1826 2479 1791 2463 1768 2479 1656 2482 1617 2459 1528 2479 1052 2467 828 2482 739 2451 696 2459"/></Shape>
	    <String CONTENT="מכוסה א&#39;ע&#39;פ&#39; שעליונה מגולה הרי זו מותרת מפני שארס של נחש דומה לספוג ועומד"
                    HPOS="692.0"
                    VPOS="2370.0"
                    WIDTH="2113.0"
                    HEIGHT="132.0"></String>
          </TextLine>

          
          
          <TextLine ID="eSc_line_1842696"
                    
                    BASELINE="719 2506 1350 2517 2580 2517 2712 2510 2855 2513" 
                    HPOS="715.0"
                    VPOS="2463.0"
                    WIDTH="2136.0"
                    HEIGHT="120.0">
            <Shape><Polygon POINTS="715 2502 727 2475 1532 2479 1621 2463 1656 2482 1772 2482 1791 2467 1826 2482 2441 2475 2472 2506 2526 2506 2553 2479 2789 2475 2851 2510 2785 2564 2689 2575 2603 2568 2534 2513 2437 2517 2395 2560 2348 2571 2240 2556 1806 2568 1791 2552 1768 2575 1748 2556 1648 2568 1594 2552 1497 2568 1385 2552 1226 2564 1172 2537 1141 2568 1075 2564 1052 2540 1025 2568 967 2552 916 2583 882 2560 839 2571 800 2552 773 2579 719 2540"/></Shape>
	    <String CONTENT="במקומו ˙ עיסה שלשה במים מגולין אפילו היא של תרומה תשרף ואין צורך"
                    HPOS="715.0"
                    VPOS="2463.0"
                    WIDTH="2136.0"
                    HEIGHT="120.0"></String>
          </TextLine>

          
          
          <TextLine ID="eSc_line_1842697"
                    
                    BASELINE="735 2602 897 2602 1029 2610 2302 2614 2839 2602" 
                    HPOS="731.0"
                    VPOS="2517.0"
                    WIDTH="2105.0"
                    HEIGHT="147.0">
            <Shape><Polygon POINTS="731 2598 735 2571 777 2575 800 2552 916 2579 971 2548 1029 2568 1056 2540 1079 2564 1137 2568 1168 2537 1230 2568 2120 2556 2352 2571 2371 2556 2395 2564 2445 2517 2491 2564 2766 2564 2836 2598 2778 2660 2557 2645 2460 2656 2445 2641 2422 2664 2402 2649 2251 2660 2205 2633 2182 2656 2097 2649 2031 2664 1857 2645 1675 2660 1625 2649 1597 2664 1443 2649 1350 2660 1319 2645 858 2660 812 2653 789 2629 735 2645"/></Shape>
	    <String CONTENT="לומר של חולין ר&#39; נחמיה או&#39; אפאה הרי זו מותרת מפני שארס של נחש כלה באור ˙"
                    HPOS="731.0"
                    VPOS="2517.0"
                    WIDTH="2105.0"
                    HEIGHT="147.0"></String>
          </TextLine>

          
          
          <TextLine ID="eSc_line_1842699"
                    
                    BASELINE="742 2687 940 2699 1269 2695 1458 2703 2128 2703 2360 2695 2720 2695" 
                    HPOS="739.0"
                    VPOS="2645.0"
                    WIDTH="1977.0"
                    HEIGHT="112.0">
            <Shape><Polygon POINTS="739 2684 746 2660 793 2649 2197 2664 2217 2645 2244 2660 2425 2668 2445 2649 2631 2656 2658 2684 2716 2691 2685 2691 2631 2745 2580 2734 2553 2749 2441 2749 2410 2726 2387 2749 2186 2753 2062 2749 2042 2734 1841 2734 1822 2753 1741 2734 1663 2749 1636 2730 1594 2749 990 2742 975 2757 951 2742 812 2745 793 2726 769 2749 742 2738"/></Shape>
	    <String CONTENT="מי כבושין מי שלקות מי תרמוסין אין בהן משום גלוי מים ששרה בהן כבושין"
                    HPOS="739.0"
                    VPOS="2645.0"
                    WIDTH="1977.0"
                    HEIGHT="112.0"></String>
          </TextLine>

          
          
          <TextLine ID="eSc_line_1842698"
                    
                    BASELINE="708 2780 1060 2792 2855 2784" 
                    HPOS="704.0"
                    VPOS="2699.0"
                    WIDTH="2147.0"
                    HEIGHT="151.0">
            <Shape><Polygon POINTS="704 2776 735 2742 773 2749 793 2730 808 2745 951 2745 971 2761 990 2745 1280 2742 1419 2757 1625 2757 1640 2742 1675 2757 1741 2742 1822 2761 1841 2742 2395 2753 2414 2734 2433 2749 2526 2753 2638 2745 2692 2699 2739 2745 2851 2780 2762 2842 2402 2838 2387 2823 2364 2846 2298 2842 2240 2811 2205 2838 2112 2831 2093 2850 2023 2831 1977 2846 1737 2842 1706 2811 1656 2846 1404 2831 1377 2846 1269 2811 1238 2838 1009 2834 986 2819 866 2838 816 2807 789 2834 708 2780"/></Shape>
	    <String CONTENT="שלקות ותורמסין אם יש בהן נותן טעם מותרין ואם לאו אסורין מים שהדיח בהן"
                    HPOS="704.0"
                    VPOS="2699.0"
                    WIDTH="2147.0"
                    HEIGHT="151.0"></String>
          </TextLine>

          
          
          <TextLine ID="eSc_line_1842670"
                    
                    BASELINE="700 2873 1056 2885 2809 2873" 
                    HPOS="696.0"
                    VPOS="2800.0"
                    WIDTH="2109.0"
                    HEIGHT="143.0">
            <Shape><Polygon POINTS="696 2869 700 2819 727 2800 750 2800 789 2838 1245 2846 1272 2823 1292 2842 1350 2846 1640 2838 1671 2854 1690 2834 1853 2850 2019 2838 2097 2854 2112 2838 2367 2846 2387 2827 2665 2854 2793 2842 2805 2869 2793 2923 2743 2939 2646 2931 2627 2912 2607 2931 2549 2919 2464 2935 2422 2919 2217 2931 2193 2912 2031 2939 1745 2931 1706 2916 1454 2943 1369 2923 1191 2935 1168 2919 1153 2935 1091 2935 1025 2916 994 2935 742 2923 700 2892"/></Shape>
	    <String CONTENT="עובשין ודרמסקניות לחולה אין בהן משום גלוי מים שנתגלו וחיממן אסורין משום גלוי"
                    HPOS="696.0"
                    VPOS="2800.0"
                    WIDTH="2109.0"
                    HEIGHT="143.0"></String>
          </TextLine>

          
          
          <TextLine ID="eSc_line_1842671"
                    
                    BASELINE="677 2966 889 2966 1195 2977 1505 2970 1934 2977 2739 2970 2855 2977" 
                    HPOS="673.0"
                    VPOS="2904.0"
                    WIDTH="2178.0"
                    HEIGHT="120.0">
            <Shape><Polygon POINTS="673 2962 692 2904 739 2927 1002 2939 1017 2923 1369 2923 1416 2962 1625 2923 1953 2939 2166 2927 2193 2908 2213 2927 2271 2931 2615 2931 2631 2916 2673 2931 2778 2927 2851 2974 2824 2974 2770 3016 2607 3016 2580 2989 2534 3016 2422 3012 2406 2997 2387 3016 2367 3005 2251 3020 2205 3020 2186 3001 2170 3016 1973 3005 1953 3024 1628 3016 1567 2981 1512 2997 1462 2970 1416 2970 1365 3020 1164 3016 1145 2997 1122 3020 777 3020 762 3005 711 3016 677 2985"/></Shape>
	    <String CONTENT="מים חמין כל זמן שמעלין הכל אין בהן משום גלוי ˙ מים מגולין לא ישפכם ברשו&#39;"
                    HPOS="673.0"
                    VPOS="2904.0"
                    WIDTH="2178.0"
                    HEIGHT="120.0"></String>
          </TextLine>

          
          
          <TextLine ID="eSc_line_1842678"
                    
                    BASELINE="708 3063 1187 3063 1481 3070 1764 3059 2298 3059 2487 3051 2843 3055" 
                    HPOS="704.0"
                    VPOS="2981.0"
                    WIDTH="2135.0"
                    HEIGHT="155.0">
            <Shape><Polygon POINTS="704 3059 715 3020 1369 3020 1408 2981 1443 3016 1543 3016 1582 2993 1632 3020 1694 3024 1953 3024 1973 3008 2553 3020 2580 2997 2615 3024 2789 3016 2839 3051 2781 3105 2414 3105 2352 3109 2329 3132 2294 3105 2058 3109 2008 3086 1938 3117 1899 3097 1826 3097 1803 3121 1787 3105 1698 3101 1559 3117 1470 3090 1423 3109 1373 3101 1354 3121 1292 3105 1098 3105 1075 3090 1044 3109 862 3113 839 3093 777 3136 708 3086"/></Shape>
	    <String CONTENT="הרבים ולא יגבל בהן את הטיט ולא ישקה מהן [את] גוי ולא בהמת אחרים אבל משקה"
                    HPOS="704.0"
                    VPOS="2981.0"
                    WIDTH="2135.0"
                    HEIGHT="155.0"></String>
          </TextLine>

          
          
          <TextLine ID="eSc_line_1842676"
                    
                    BASELINE="742 3144 828 3155 1052 3163 2116 3163 2356 3155 2859 3148" 
                    HPOS="739.0"
                    VPOS="3090.0"
                    WIDTH="2116.0"
                    HEIGHT="131.0">
            <Shape><Polygon POINTS="739 3140 742 3105 781 3140 839 3097 858 3113 1346 3121 1377 3101 1656 3121 1683 3105 1806 3124 1826 3105 1988 3113 2027 3090 2050 3113 2244 3109 2286 3152 2309 3152 2348 3113 2727 3105 2785 3109 2820 3140 2855 3144 2778 3202 2654 3213 2534 3198 2484 3221 2402 3210 2371 3179 2344 3198 2294 3167 2236 3217 2027 3198 2004 3217 1984 3202 1822 3213 1795 3198 1779 3213 1679 3217 1218 3190 1191 3213 1060 3186 897 3206 742 3194"/></Shape>
	    <String CONTENT="הוא בהמת עצמו ˙ מים מגולין לא ירבץ בהן את הבית ולא ירחץ פניו ידיו ורגליו [א&#39;]"
                    HPOS="739.0"
                    VPOS="3090.0"
                    WIDTH="2116.0"
                    HEIGHT="131.0"></String>
          </TextLine>

          
          
          <TextLine ID="eSc_line_1842677"
                    
                    BASELINE="839 3244 1447 3256 1768 3248 2855 3240" 
                    HPOS="835.0"
                    VPOS="3194.0"
                    WIDTH="2016.0"
                    HEIGHT="108.0">
            <Shape><Polygon POINTS="835 3240 839 3210 967 3198 1195 3213 1214 3194 1323 3210 1644 3206 1679 3221 1783 3217 1799 3202 2000 3217 2236 3217 2259 3202 2487 3221 2534 3194 2573 3210 2789 3202 2820 3233 2851 3237 2801 3295 2627 3298 2534 3279 2464 3302 924 3302 839 3260"/></Shape>
	    <String CONTENT="אחרים או&#39; לא אמרו ﭏא בזמן שיש בו סרטה וכמה הן בקרקעות ארבעים סאה ˙"
                    HPOS="835.0"
                    VPOS="3194.0"
                    WIDTH="2016.0"
                    HEIGHT="108.0"></String>
          </TextLine>

          
          
          <TextLine ID="eSc_line_1842680"
                    
                    BASELINE="754 3326 1288 3349 1574 3341 2747 3341 2859 3326" 
                    HPOS="750.0"
                    VPOS="3287.0"
                    WIDTH="2105.0"
                    HEIGHT="112.0">
            <Shape><Polygon POINTS="750 3322 754 3295 816 3291 1358 3310 1501 3295 1532 3310 1745 3287 2089 3306 2557 3287 2793 3298 2816 3322 2855 3322 2793 3387 2685 3376 2623 3391 2131 3391 2104 3368 2058 3391 2019 3376 1903 3387 1806 3356 1775 3384 1640 3395 1478 3380 1408 3395 1369 3376 1272 3387 1253 3372 1195 3387 959 3384 936 3360 913 3380 847 3376 781 3399 754 3372"/></Shape>
	    <String CONTENT="אחרים או&#39; סאתים בין מכונסין בין מפוזרין ר&#39; נחמיה או&#39; כדי שתהא חבית של שועין"
                    HPOS="750.0"
                    VPOS="3287.0"
                    WIDTH="2105.0"
                    HEIGHT="112.0"></String>
          </TextLine>

          
          
          <TextLine ID="eSc_line_1842672"
                    
                    BASELINE="704 3415 916 3426 1806 3422 2832 3430" 
                    HPOS="700.0"
                    VPOS="3368.0"
                    WIDTH="2128.0"
                    HEIGHT="124.0">
            <Shape><Polygon POINTS="700 3411 704 3376 785 3399 916 3384 932 3368 959 3387 1036 3395 1203 3391 1253 3372 1276 3387 1311 3376 1795 3395 1826 3372 2008 3395 2089 3391 2108 3372 2128 3391 2232 3395 2816 3387 2828 3426 2781 3476 2468 3469 2364 3484 2275 3465 2174 3484 1922 3469 1864 3480 1833 3453 1814 3473 1756 3461 1737 3480 1659 3480 1644 3465 1303 3476 1257 3449 1222 3476 1098 3480 951 3473 924 3457 858 3465 824 3492 793 3465 735 3484 704 3449"/></Shape>
	    <String CONTENT="מתמלא מהן מעין כל זמן שהוא מושך אין בו משום גלוי אמ&#39; ר&#39; ישמעﭏ בי ר&#39; יוחנן בן"
                    HPOS="700.0"
                    VPOS="3368.0"
                    WIDTH="2128.0"
                    HEIGHT="124.0"></String>
          </TextLine>

          
          
          <TextLine ID="eSc_line_1842669"
                    
                    BASELINE="739 3503 1160 3519 2294 3519 2650 3507 2863 3519" 
                    HPOS="735.0"
                    VPOS="3461.0"
                    WIDTH="2124.0"
                    HEIGHT="120.0">
            <Shape><Polygon POINTS="735 3500 750 3469 797 3469 824 3496 847 3473 920 3461 1265 3480 1640 3469 1656 3484 1741 3488 1760 3469 2147 3473 2174 3488 2209 3465 2278 3465 2352 3484 2747 3473 2859 3515 2836 3515 2789 3561 2685 3558 2669 3573 2646 3558 2499 3569 2294 3554 2275 3569 2247 3542 2228 3558 2182 3542 2155 3561 1899 3558 1853 3573 1686 3569 1617 3550 1508 3577 1485 3561 909 3554 831 3561 812 3581 739 3554"/></Shape>
	    <String CONTENT="ברוקה מעשה שהלך ר&#39; יוחנן בן ברוקה אצל ר&#39; יוחנן בן נורי לבית שערים ומצא גבי"
                    HPOS="735.0"
                    VPOS="3461.0"
                    WIDTH="2124.0"
                    HEIGHT="120.0"></String>
          </TextLine>

          
          
          <TextLine ID="eSc_line_1842679"
                    
                    BASELINE="835 3592 1110 3604 1094 3608 1501 3612 2205 3612 2874 3604" 
                    HPOS="831.0"
                    VPOS="3554.0"
                    WIDTH="2039.0"
                    HEIGHT="162.0">
            <Shape><Polygon POINTS="831 3589 835 3558 909 3554 1458 3561 1505 3577 1597 3558 2646 3561 2669 3577 2692 3558 2797 3565 2828 3596 2870 3600 2859 3627 2836 3619 2689 3712 2638 3666 2588 3654 2538 3658 2487 3701 2371 3658 2313 3716 2224 3658 2189 3654 2151 3681 2120 3658 2073 3685 1988 3658 1946 3697 1919 3670 1876 3670 1837 3693 1787 3643 1760 3666 1714 3658 1671 3693 1617 3650 1536 3708 1489 3674 1458 3685 1396 3658 1338 3712 1284 3708 1245 3670 1183 3708 1153 3693 1122 3708 1071 3674 1009 3689 978 3658 901 3701 835 3654"/></Shape>
	    <String CONTENT="שאין בו שלשת לוגין ושחה ושתה ממנו ˙ היה בין בכלים בין בקרקע אסור ˙"
                    HPOS="831.0"
                    VPOS="3554.0"
                    WIDTH="2039.0"
                    HEIGHT="162.0"></String>
          </TextLine>

          
        </TextBlock>
        

        
      </PrintSpace>
    </Page>
  </Layout>
</alto>
