<?xml version="1.0" encoding="UTF-8"?>
<alto xmlns:xsi="http://www.w3.org/2001/XMLSchema-instance"
      xmlns="http://www.loc.gov/standards/alto/ns-v4#"
      xsi:schemaLocation="http://www.loc.gov/standards/alto/ns-v4# http://www.loc.gov/standards/alto/v4/alto-4-2.xsd">
  <Description>
    <MeasurementUnit>pixel</MeasurementUnit>
    <sourceImageInformation>
      <fileName>MS-ADD-00470-00001-000-00108.jpg</fileName>
      
    </sourceImageInformation>
  </Description>
  
  <Tags>
    <OtherTag ID="BT2" LABEL="Main" DESCRIPTION="block type Main"/><OtherTag ID="BT835" LABEL="Margin" DESCRIPTION="block type Margin"/><OtherTag ID="BT1" LABEL="Title" DESCRIPTION="block type Title"/><OtherTag ID="BT3" LABEL="Commentary" DESCRIPTION="block type Commentary"/><OtherTag ID="BT4" LABEL="Illustration" DESCRIPTION="block type Illustration"/><OtherTag ID="BT836" LABEL="Paratext" DESCRIPTION="block type Paratext"/>
    <OtherTag ID="LT2" LABEL="Numbering" DESCRIPTION="line type Numbering"/><OtherTag ID="LT3" LABEL="Correction" DESCRIPTION="line type Correction"/>
  </Tags>
  
  <Layout>
    <Page WIDTH="2775"
          HEIGHT="4112"
          PHYSICAL_IMG_NR="103"
          ID="eSc_dummypage_">
      <PrintSpace HPOS="0"
                  VPOS="0"
                  WIDTH="2775"
                  HEIGHT="4112">
        
        <TextBlock HPOS="308.0"
                   VPOS="689.0"
                   WIDTH="1845.0"
                   HEIGHT="2461.0"
                   ID="eSc_textblock_6653"
                   TAGREFS="BT2">
          <Shape><Polygon POINTS="308 689 2153 689 2153 3150 308 3150"/></Shape>
          
          
          <TextLine ID="eSc_line_1868401"
                    
                    BASELINE="353 808 2106 791" 
                    HPOS="346"
                    VPOS="723"
                    WIDTH="1756"
                    HEIGHT="140">
            <Shape><Polygon POINTS="349 805 349 842 634 863 638 863 641 863 706 842 747 860 751 860 754 860 758 860 792 842 795 839 1210 839 1217 839 1276 856 1279 856 1282 856 1478 839 1512 836 1516 836 1540 853 1543 853 1547 853 1550 853 2102 832 2102 788 2095 757 1903 757 1900 753 1883 740 1879 740 1876 740 1872 740 1869 740 1866 740 1848 753 1845 760 1571 760 1543 753 1430 723 1426 723 1423 723 1238 726 1234 726 1231 726 1231 729 1203 753 1190 767 981 767 967 753 943 733 943 729 939 729 936 729 933 729 764 747 627 733 624 733 620 733 617 733 593 753 569 771 504 771 483 753 459 733 456 733 452 733 449 733 346 750 349 805"/></Shape>
	    <String CONTENT="מענין אותם ביום הכפורים אבל מחנכים אותם קודם לשנה וקודם לשתים בשביל"
                    HPOS="346"
                    VPOS="723"
                    WIDTH="1756"
                    HEIGHT="140"></String>
          </TextLine>

          
          
          <TextLine ID="eSc_line_1868402"
                    
                    BASELINE="305 914 480 901 1053 897 1378 887 1423 890 1673 877 1938 873 2075 860" 
                    HPOS="301"
                    VPOS="818"
                    WIDTH="1770"
                    HEIGHT="134">
            <Shape><Polygon POINTS="301 911 301 942 758 952 761 952 922 928 936 928 950 928 1063 945 1066 945 1070 945 1073 945 1073 942 1077 942 1087 928 1197 942 1200 942 1430 921 1526 935 1529 935 1533 935 1581 914 1660 932 1663 932 1667 932 1670 932 1670 928 1673 928 1687 911 1694 911 1831 928 1835 928 2071 901 2071 856 2064 836 1900 836 1866 818 1862 818 1859 818 1855 818 1852 818 1821 839 1817 839 1807 839 1526 829 1522 829 1519 829 1516 829 1516 832 1498 846 1495 846 1269 836 1265 836 1262 836 1210 853 1203 853 929 839 926 839 922 839 878 860 497 849 493 849 305 873 301 911"/></Shape>
	    <String CONTENT="שיהוא רגילים למצות ˙˙ ד&#39; עברה שהריחה מאכילים אותה עד שתשוב נפשה חולה"
                    HPOS="301"
                    VPOS="818"
                    WIDTH="1770"
                    HEIGHT="134"></String>
          </TextLine>

          
          
          <TextLine ID="eSc_line_1868403"
                    
                    BASELINE="329 983 747 973 1149 969 1344 959 1608 959 1900 949 2071 952" 
                    HPOS="322"
                    VPOS="901"
                    WIDTH="1746"
                    HEIGHT="123">
            <Shape><Polygon POINTS="325 980 325 1017 1029 1024 1032 1024 1035 1024 1039 1024 1039 1021 1056 1007 1186 1021 1190 1021 1193 1021 1265 1000 1282 1014 1282 1017 1286 1017 1289 1017 1293 1021 1406 1021 1406 1017 1409 1017 1413 1017 1437 997 1567 993 1649 993 1663 993 1962 1007 1965 1007 2061 983 2068 949 2064 918 1841 901 1838 901 1660 904 1656 904 1608 925 1605 925 1560 925 1107 914 1104 914 1101 914 1042 932 511 925 507 925 322 945 325 980"/></Shape>
	    <String CONTENT="מאכילים אותו על פי בקיין אם אין שם בקיין מאכילין אותו על פי עצמו עד"
                    HPOS="322"
                    VPOS="901"
                    WIDTH="1746"
                    HEIGHT="123"></String>
          </TextLine>

          
          
          <TextLine ID="eSc_line_1868404"
                    
                    BASELINE="308 1041 517 1051 665 1045 1389 1041 1711 1028 1955 1024 2082 1010" 
                    HPOS="301"
                    VPOS="983"
                    WIDTH="1777"
                    HEIGHT="113">
            <Shape><Polygon POINTS="305 1038 305 1072 370 1096 373 1096 377 1096 740 1072 946 1093 950 1093 2078 1055 2078 1007 2071 990 1313 1000 1306 1000 1286 983 1282 983 1279 983 1276 983 655 1007 541 1010 524 1010 435 993 432 993 428 993 425 993 425 997 408 1010 408 1014 301 1014 305 1038"/></Shape>
	    <String CONTENT="שיאמר דיי ˙˙ ה&#39; מי שאחזו בולמוס מאכילין אותו אפילו דברים טמאים עד שייאורו"
                    HPOS="301"
                    VPOS="983"
                    WIDTH="1777"
                    HEIGHT="113"></String>
          </TextLine>

          
          
          <TextLine ID="eSc_line_1868405"
                    
                    BASELINE="325 1120 1234 1113 2078 1093" 
                    HPOS="319"
                    VPOS="1048"
                    WIDTH="1756"
                    HEIGHT="127">
            <Shape><Polygon POINTS="322 1117 322 1154 507 1175 511 1175 514 1175 517 1175 545 1154 548 1154 572 1154 730 1168 734 1168 737 1168 740 1168 761 1154 768 1151 782 1154 826 1168 830 1168 833 1168 939 1154 1005 1147 1090 1154 1210 1165 1214 1165 1217 1165 1221 1165 1234 1154 1252 1144 1286 1154 1310 1161 1313 1161 1317 1161 1399 1154 1505 1144 1581 1154 1622 1158 1625 1158 1629 1158 1639 1154 1670 1137 1776 1154 1793 1154 1797 1154 1800 1154 1807 1154 1886 1134 2071 1151 2075 1089 2071 1065 1866 1048 1862 1048 1646 1069 1639 1069 1632 1069 1519 1051 1516 1051 1399 1072 1392 1072 1389 1072 1262 1055 1258 1055 1142 1075 1135 1075 1121 1075 764 1062 761 1062 319 1086 322 1117"/></Shape>
	    <String CONTENT="עיניו מי שנשכו כלב שוטה אין מאכילין אותו מחצר הכבד שלו ר&#39; מתייה בן חרש"
                    HPOS="319"
                    VPOS="1048"
                    WIDTH="1756"
                    HEIGHT="127"></String>
          </TextLine>

          
          
          <TextLine ID="eSc_line_1868406"
                    
                    BASELINE="336 1192 792 1199 1413 1182 1663 1185 1924 1175 2078 1175" 
                    HPOS="329"
                    VPOS="1123"
                    WIDTH="1746"
                    HEIGHT="103">
            <Shape><Polygon POINTS="332 1189 332 1226 2071 1219 2075 1171 2071 1137 2010 1123 2006 1123 2003 1123 329 1158 332 1189"/></Shape>
	    <String CONTENT="מתיר ועוד אמר ר&#39; מתייה בן חרש החושש בפיו מטילין לתוכו סס בשבת מפני שהוא"
                    HPOS="329"
                    VPOS="1123"
                    WIDTH="1746"
                    HEIGHT="103"></String>
          </TextLine>

          
          
          <TextLine ID="eSc_line_1868407"
                    
                    BASELINE="301 1278 662 1274 1066 1257 1540 1257 1886 1250 2044 1243 2102 1233" 
                    HPOS="294"
                    VPOS="1192"
                    WIDTH="1805"
                    HEIGHT="127">
            <Shape><Polygon POINTS="298 1274 298 1319 2099 1281 2099 1230 2095 1209 1694 1192 1691 1192 1687 1192 1684 1192 1649 1213 1203 1202 1200 1202 1049 1223 1025 1206 1022 1206 1018 1206 1015 1206 1011 1206 1008 1206 1008 1209 987 1226 987 1230 816 1230 812 1230 788 1209 785 1209 782 1209 658 1209 655 1209 651 1209 603 1233 596 1233 483 1213 480 1213 294 1237 298 1274"/></Shape>
	    <String CONTENT="ספק נפשות וכל ספק נפשות דוחה את השבת ˙˙ ו&#39; מי שנפלה עליו מפולת ספק"
                    HPOS="294"
                    VPOS="1192"
                    WIDTH="1805"
                    HEIGHT="127"></String>
          </TextLine>

          
          
          <TextLine ID="eSc_line_1868408"
                    
                    BASELINE="377 1353 589 1353 1018 1336 1598 1336 2102 1319" 
                    HPOS="370"
                    VPOS="1278"
                    WIDTH="1729"
                    HEIGHT="130">
            <Shape><Polygon POINTS="373 1350 373 1387 541 1408 545 1408 703 1384 761 1377 782 1384 830 1401 833 1401 836 1401 840 1401 881 1384 902 1374 1022 1380 1217 1394 1221 1394 1224 1394 1255 1377 1258 1377 1279 1377 1406 1391 1409 1391 1413 1391 1416 1391 1416 1387 1430 1377 1440 1367 1461 1377 1495 1387 1498 1387 1502 1387 1505 1387 1550 1374 1591 1363 1629 1374 1663 1384 1667 1384 1670 1384 1749 1374 1855 1356 2092 1367 2099 1315 2095 1288 1423 1278 1420 1278 1090 1305 1066 1305 1042 1305 720 1291 716 1291 521 1315 507 1315 500 1315 421 1298 418 1298 415 1298 370 1312 373 1350"/></Shape>
	    <String CONTENT="הוא שם ספק אינו שם ספק חי ספק מת ספק נכרי ספק ישרﭏ מפקחין עליו "
                    HPOS="370"
                    VPOS="1278"
                    WIDTH="1729"
                    HEIGHT="130"></String>
          </TextLine>

          
          
          <TextLine ID="eSc_line_1868409"
                    
                    BASELINE="336 1432 511 1432 1107 1415 1649 1418 1927 1411 2106 1398" 
                    HPOS="329"
                    VPOS="1356"
                    WIDTH="1773"
                    HEIGHT="127">
            <Shape><Polygon POINTS="332 1428 332 1466 538 1483 541 1483 710 1463 761 1459 799 1463 891 1476 895 1476 981 1463 1018 1456 1063 1459 1162 1473 1166 1473 1169 1473 1173 1473 1173 1470 1176 1470 1183 1459 1190 1452 2102 1452 2102 1394 2099 1367 1605 1356 1601 1356 1598 1356 1529 1374 1522 1374 1485 1374 998 1367 994 1367 329 1391 332 1428"/></Shape>
	    <String CONTENT="מצאוהו חי מפקחין עליו ואם מת יניחוהו ˙˙ ז&#39; חטאת ואשם ודאי מכפרין מיתה"
                    HPOS="329"
                    VPOS="1356"
                    WIDTH="1773"
                    HEIGHT="127"></String>
          </TextLine>

          
          
          <TextLine ID="eSc_line_1868410"
                    
                    BASELINE="380 1490 857 1500 1025 1494 1673 1490 2099 1476" 
                    HPOS="373"
                    VPOS="1439"
                    WIDTH="1722"
                    HEIGHT="106">
            <Shape><Polygon POINTS="377 1487 377 1535 1138 1524 1152 1531 1169 1542 1173 1542 1176 1542 1179 1545 1402 1545 1402 1542 1529 1524 1550 1524 1560 1524 1632 1542 1636 1542 2092 1518 2095 1473 2092 1456 1756 1439 1752 1439 1612 1456 1598 1459 373 1459 377 1487"/></Shape>
	    <String CONTENT="ויום הכפורים מכפרין עם התשובה והתשובה מכפרת על עבירות הקלות על"
                    HPOS="373"
                    VPOS="1439"
                    WIDTH="1722"
                    HEIGHT="106"></String>
          </TextLine>

          
          
          <TextLine ID="eSc_line_1868411"
                    
                    BASELINE="349 1586 483 1576 1272 1572 1577 1562 2102 1552" 
                    HPOS="343"
                    VPOS="1507"
                    WIDTH="1756"
                    HEIGHT="113">
            <Shape><Polygon POINTS="346 1583 346 1620 2099 1596 2099 1548 2095 1524 1811 1507 1807 1507 1629 1528 1619 1528 1553 1528 435 1524 432 1524 343 1542 346 1583"/></Shape>
	    <String CONTENT="עשה ועל לא תעשה ועל החמורות היא תולה עד שיבוא יום הכפורים ויכפר ˙˙ ח&#39;"
                    HPOS="343"
                    VPOS="1507"
                    WIDTH="1756"
                    HEIGHT="113"></String>
          </TextLine>

          
          
          <TextLine ID="eSc_line_1868412"
                    
                    BASELINE="452 1648 644 1661 2075 1631" 
                    HPOS="445"
                    VPOS="1586"
                    WIDTH="1626"
                    HEIGHT="113">
            <Shape><Polygon POINTS="449 1644 449 1696 1300 1699 1303 1699 1306 1699 1310 1699 1320 1689 1334 1679 1533 1689 1636 1692 1639 1692 1643 1692 1646 1692 1653 1689 1680 1672 1773 1685 1776 1685 1780 1685 1783 1685 1828 1668 2064 1682 2071 1627 2068 1596 1649 1586 1646 1586 1643 1586 1639 1586 1639 1589 1622 1603 1560 1603 960 1600 957 1600 445 1624 449 1644"/></Shape>
	    <String CONTENT="האומר אחטא ואשוב אחטא ואשוב אין מספיקין בידו לעשות תשובה אחטה"
                    HPOS="445"
                    VPOS="1586"
                    WIDTH="1626"
                    HEIGHT="113"></String>
          </TextLine>

          
          
          <TextLine ID="eSc_line_1868413"
                    
                    BASELINE="343 1727 1324 1727 1711 1723 2088 1709" 
                    HPOS="336"
                    VPOS="1682"
                    WIDTH="1749"
                    HEIGHT="96">
            <Shape><Polygon POINTS="339 1723 339 1764 939 1778 943 1778 946 1778 950 1778 970 1761 977 1761 1001 1761 1149 1775 1152 1775 1155 1775 1159 1775 1173 1761 1179 1757 1361 1757 1372 1761 1406 1775 1409 1775 1413 1775 1481 1761 1495 1757 1519 1757 1653 1775 1656 1775 1660 1775 1663 1775 1687 1757 1694 1757 2082 1757 2085 1706 2078 1682 336 1685 339 1723"/></Shape>
	    <String CONTENT="ויום הכפורים מכפר אין יום הכפורים מכפר עבירות שבין אדם למקום יום הכפורים"
                    HPOS="336"
                    VPOS="1682"
                    WIDTH="1749"
                    HEIGHT="96"></String>
          </TextLine>

          
          
          <TextLine ID="eSc_line_1868414"
                    
                    BASELINE="445 1802 679 1809 1087 1795 1423 1802 1701 1792 2109 1792" 
                    HPOS="439"
                    VPOS="1740"
                    WIDTH="1667"
                    HEIGHT="100">
            <Shape><Polygon POINTS="442 1799 442 1836 2099 1840 2106 1788 2102 1757 1745 1740 1742 1740 1653 1757 1649 1757 1646 1757 1454 1744 1450 1744 439 1764 442 1799"/></Shape>
	    <String CONTENT="מכפר ושבינו לבין חבירו אין יום הכפורים מכפר עד שירצה את חבירו ˙˙ ט&#39;"
                    HPOS="439"
                    VPOS="1740"
                    WIDTH="1667"
                    HEIGHT="100"></String>
          </TextLine>

          
          
          <TextLine ID="eSc_line_1868415"
                    
                    BASELINE="535 1877 675 1888 933 1888 1831 1867 1951 1870 2092 1860" 
                    HPOS="528"
                    VPOS="1809"
                    WIDTH="1560"
                    HEIGHT="137">
            <Shape><Polygon POINTS="531 1874 531 1922 624 1946 627 1946 631 1946 634 1946 634 1942 658 1922 662 1922 692 1922 981 1939 984 1939 1118 1936 1121 1936 1152 1922 1169 1912 1179 1922 1197 1936 1200 1936 1203 1936 1207 1936 1210 1936 1214 1936 1214 1932 1217 1932 1227 1922 1234 1912 1252 1922 1286 1932 1289 1932 1293 1932 1372 1918 1464 1905 1492 1918 1509 1929 1512 1929 1516 1929 1653 1918 1914 1898 1958 1918 1962 1918 1965 1918 1968 1918 2085 1915 2088 1857 2082 1829 1859 1829 1855 1829 1759 1809 1756 1809 1752 1809 1704 1833 1701 1836 1495 1836 1485 1836 1409 1816 1406 1816 1402 1816 1399 1816 1348 1836 1341 1840 1306 1836 1125 1822 1121 1822 1118 1822 1087 1840 1063 1822 1059 1822 1056 1822 1053 1822 922 1843 871 1850 528 1850 531 1874"/></Shape>
	    <String CONTENT="את זו דרש ר&#39; לעזר בן עזריה מכל חטאתיכם לפני ייי תטהרו עבירות שבין"
                    HPOS="528"
                    VPOS="1809"
                    WIDTH="1560"
                    HEIGHT="137"></String>
          </TextLine>

          
          
          <TextLine ID="eSc_line_1868416"
                    
                    BASELINE="332 1956 716 1966 1080 1963 1354 1949 1756 1953 2102 1939" 
                    HPOS="325"
                    VPOS="1891"
                    WIDTH="1774"
                    HEIGHT="117">
            <Shape><Polygon POINTS="329 1953 329 1994 1293 2008 1296 2008 1300 2008 1303 2008 1330 1987 1334 1987 1646 1987 1677 1987 1718 2004 1721 2004 1725 2004 1728 2004 1790 1984 1793 1984 1797 1984 1841 2001 1845 2001 1848 2001 2095 1980 2099 1936 2095 1912 1883 1891 1879 1891 1694 1912 1687 1912 1677 1912 1320 1894 1317 1894 1193 1915 1186 1918 514 1918 511 1918 384 1901 380 1901 377 1901 325 1915 329 1953"/></Shape>
	    <String CONTENT="אדם למקום יום הכפורים מכפר ושבינו לבין חבירו אין יום הכפורים מכפר עד שירצ(ה)"
                    HPOS="325"
                    VPOS="1891"
                    WIDTH="1774"
                    HEIGHT="117"></String>
          </TextLine>

          
          
          <TextLine ID="eSc_line_1868417"
                    
                    BASELINE="336 2021 689 2035 912 2035 1090 2028 1330 2028 1540 2018 2095 2018" 
                    HPOS="329"
                    VPOS="1987"
                    WIDTH="1763"
                    HEIGHT="96">
            <Shape><Polygon POINTS="332 2018 329 2052 404 2076 408 2076 411 2076 493 2059 514 2076 517 2076 521 2076 833 2079 836 2083 1035 2083 1035 2079 1039 2079 1042 2079 1042 2076 1059 2062 1217 2079 1221 2079 1224 2079 1227 2079 1227 2076 1248 2059 1450 2079 1454 2079 1457 2079 1557 2056 1938 2056 1996 2079 1999 2079 2003 2079 2006 2079 2088 2052 2092 2014 2085 1987 332 1990 332 2018"/></Shape>
	    <String CONTENT="את חבירו ˙˙ י&#39; אמר ר&#39; עקיבה אשריכם ישראל לפני מי אתם מיטהרין ומי מטה(ר)"
                    HPOS="329"
                    VPOS="1987"
                    WIDTH="1763"
                    HEIGHT="96"></String>
          </TextLine>

          
          
          <TextLine ID="eSc_line_1868391"
                    
                    BASELINE="363 2107 469 2117 613 2117 1176 2100 1488 2100 1718 2090 2003 2093 2106 2083" 
                    HPOS="356"
                    VPOS="2052"
                    WIDTH="1746"
                    HEIGHT="113">
            <Shape><Polygon POINTS="360 2103 360 2148 583 2148 586 2148 613 2165 617 2165 620 2165 624 2165 716 2145 727 2145 744 2145 902 2162 905 2162 908 2162 950 2141 957 2141 963 2141 1025 2158 1029 2158 1032 2158 1224 2155 1227 2155 1231 2155 1252 2138 1255 2138 1282 2138 1454 2151 1457 2151 1461 2151 1522 2134 1550 2131 2102 2131 2102 2079 2099 2052 1101 2052 1097 2052 356 2079 360 2103"/></Shape>
	    <String CONTENT="אתכם אביכם שבשמים שנ&#39; וזרקתי עליכם מים טהורים וטהרתם וגו&#39; ואומר"
                    HPOS="356"
                    VPOS="2052"
                    WIDTH="1746"
                    HEIGHT="113"></String>
          </TextLine>

          
          
          <TextLine ID="eSc_line_1868392"
                    
                    BASELINE="538 2175 627 2186 884 2186 2102 2162" 
                    HPOS="531"
                    VPOS="2110"
                    WIDTH="1568"
                    HEIGHT="117">
            <Shape><Polygon POINTS="535 2172 535 2227 1581 2227 1581 2223 1841 2199 1852 2199 1859 2199 2003 2217 2006 2217 2010 2217 2099 2193 2099 2158 2095 2127 1862 2110 1859 2110 1749 2131 1739 2131 1732 2131 1684 2114 1680 2114 1677 2114 1673 2114 1670 2114 1646 2131 1639 2134 1557 2134 1269 2124 1265 2124 1262 2124 1227 2138 1214 2141 1142 2138 939 2127 936 2127 531 2145 535 2172"/></Shape>
	    <String CONTENT="מקוה ישראל ייי מה המקוה מטהר את הטמאים אף ה&#39;ב&#39;ה&#39; מטהר את ישרﭏ ˙˙"
                    HPOS="531"
                    VPOS="2110"
                    WIDTH="1568"
                    HEIGHT="117"></String>
          </TextLine>

          
          
          <TextLine ID="eSc_line_1868398"
                    
                    BASELINE="926 2261 1073 2268 1210 2261 1498 2261 1711 2251 2047 2244" 
                    HPOS="919"
                    VPOS="2189"
                    WIDTH="1125"
                    HEIGHT="110">
            <Shape><Polygon POINTS="922 2258 922 2299 2044 2285 2044 2241 2040 2213 1900 2189 1896 2189 1595 2220 1564 2220 1550 2220 1433 2196 1430 2196 1426 2196 1344 2220 919 2227 922 2258"/></Shape>
	    <String CONTENT="הל&#39; עשרה ˙˙ חסלת מסכת כפורים"
                    HPOS="919"
                    VPOS="2189"
                    WIDTH="1125"
                    HEIGHT="110"></String>
          </TextLine>

          
          
          <TextLine ID="eSc_line_1868400"
                    
                    BASELINE="373 2412 2092 2405" 
                    HPOS="367"
                    VPOS="2340"
                    WIDTH="1721"
                    HEIGHT="137">
            <Shape><Polygon POINTS="370 2408 370 2446 919 2443 974 2443 974 2446 1005 2474 1005 2477 1008 2477 1011 2477 1015 2477 1152 2456 1217 2477 1221 2477 1224 2477 1227 2477 1330 2443 1337 2439 1509 2439 1519 2443 1598 2474 1601 2474 1605 2477 1859 2477 1859 2474 1862 2474 1866 2474 1866 2470 1883 2456 2023 2474 2027 2474 2030 2474 2034 2474 2088 2439 2088 2402 2085 2357 1598 2340 1595 2340 1591 2340 1588 2340 1588 2343 1564 2360 1553 2371 1392 2364 1241 2357 1238 2357 1018 2367 888 2374 881 2371 860 2354 860 2350 857 2350 854 2350 850 2350 847 2350 799 2367 737 2350 734 2350 730 2350 367 2374 370 2408"/></Shape>
	    <String CONTENT="מסכת שקלים פרק ראשון באחד באדר משמעין"
                    HPOS="367"
                    VPOS="2340"
                    WIDTH="1721"
                    HEIGHT="137"></String>
          </TextLine>

          
          
          <TextLine ID="eSc_line_1868394"
                    
                    BASELINE="380 2484 857 2480 939 2491" 
                    HPOS="373"
                    VPOS="2412"
                    WIDTH="563"
                    HEIGHT="120">
            <Shape><Polygon POINTS="377 2480 377 2522 926 2532 936 2487 933 2443 843 2412 840 2412 836 2412 833 2412 771 2429 703 2412 699 2412 696 2412 692 2412 689 2412 641 2443 607 2412 603 2412 600 2412 596 2412 593 2412 541 2432 490 2412 487 2412 483 2412 480 2412 476 2412 476 2415 442 2446 373 2446 377 2480"/></Shape>
	    <String CONTENT="על השקלים ועל הכלאים"
                    HPOS="373"
                    VPOS="2412"
                    WIDTH="563"
                    HEIGHT="120"></String>
          </TextLine>

          
          
          <TextLine ID="eSc_line_1868397"
                    
                    BASELINE="332 2549 449 2559 974 2552 1097 2556 1279 2549 1660 2546 1886 2535 2099 2535" 
                    HPOS="325"
                    VPOS="2501"
                    WIDTH="1770"
                    HEIGHT="106">
            <Shape><Polygon POINTS="329 2546 329 2590 480 2607 483 2607 569 2590 572 2590 576 2590 686 2604 689 2604 957 2587 1008 2583 1022 2587 1094 2600 1097 2600 1101 2600 1145 2583 1149 2583 1173 2600 1176 2600 1179 2600 1183 2600 1186 2600 1190 2600 1190 2597 1207 2583 1210 2580 1265 2583 1474 2597 1478 2597 2092 2573 2095 2532 2088 2501 325 2515 329 2546"/></Shape>
	    <String CONTENT="ובחמשה עשר בו קורין את המגלה בכרכים ומתקנים את הדרכים ואת הרחובות ואת"
                    HPOS="325"
                    VPOS="2501"
                    WIDTH="1770"
                    HEIGHT="106"></String>
          </TextLine>

          
          
          <TextLine ID="eSc_line_1868396"
                    
                    BASELINE="435 2628 740 2628 1190 2617 1615 2617 1838 2607 1965 2607 2088 2614" 
                    HPOS="428"
                    VPOS="2573"
                    WIDTH="1657"
                    HEIGHT="92">
            <Shape><Polygon POINTS="432 2624 432 2665 2078 2645 2085 2611 2078 2573 428 2576 432 2624"/></Shape>
	    <String CONTENT="מקוות המים ועושין כל צרכי הרבים ומצינין על הקברות ויוצאין אף על הכלאים ˙˙"
                    HPOS="428"
                    VPOS="2573"
                    WIDTH="1657"
                    HEIGHT="92"></String>
          </TextLine>

          
          
          <TextLine ID="eSc_line_1868389"
                    
                    BASELINE="356 2700 1447 2707 1907 2700 2102 2686" 
                    HPOS="349"
                    VPOS="2645"
                    WIDTH="1750"
                    HEIGHT="110">
            <Shape><Polygon POINTS="353 2696 349 2734 387 2751 391 2751 394 2755 617 2755 617 2751 620 2751 624 2751 651 2734 768 2751 771 2751 871 2734 1039 2751 1042 2751 1142 2734 1248 2751 1252 2751 1488 2734 1697 2734 1735 2751 1739 2751 1742 2751 1824 2734 1886 2751 1890 2751 1893 2751 1999 2734 2037 2751 2040 2751 2044 2751 2047 2751 2095 2731 2099 2683 2095 2662 891 2645 888 2645 764 2662 740 2645 737 2645 734 2645 730 2645 727 2645 723 2645 703 2662 703 2665 353 2665 353 2696"/></Shape>
	    <String CONTENT="ב&#39; אמר ר&#39; יודה בראשונה היו עוקרין ומשליכין לפניהם משרבו עוברי עבירה היו "
                    HPOS="349"
                    VPOS="2645"
                    WIDTH="1750"
                    HEIGHT="110"></String>
          </TextLine>

          
          
          <TextLine ID="eSc_line_1868393"
                    
                    BASELINE="370 2772 1176 2779 1289 2772 1715 2775 1883 2768 1955 2772 1958 2773" 
                    HPOS="363"
                    VPOS="2731"
                    WIDTH="1592"
                    HEIGHT="102">
            <Shape><Polygon POINTS="367 2768 363 2809 391 2827 394 2827 397 2827 401 2827 497 2806 521 2827 524 2827 528 2827 531 2827 723 2813 895 2830 898 2830 902 2830 957 2809 1087 2830 1090 2833 1361 2833 1361 2830 1365 2830 1402 2813 1464 2833 1468 2833 1471 2833 1474 2833 1529 2813 1749 2813 1769 2830 1769 2833 1773 2833 1776 2833 1780 2833 1944 2809 1955 2772 1948 2731 367 2737 367 2768"/></Shape>
	    <String CONTENT="משליכין לדרכים התקינו שיהוא מבקירין את השדה ˙˙ ג&#39; בחמשה עשר בו"
                    HPOS="363"
                    VPOS="2731"
                    WIDTH="1592"
                    HEIGHT="102"></String>
          </TextLine>

          
          
          <TextLine ID="eSc_line_1868390"
                    
                    BASELINE="363 2861 493 2854 1159 2857 1378 2850 1848 2850 2126 2833" 
                    HPOS="356"
                    VPOS="2796"
                    WIDTH="1767"
                    HEIGHT="99">
            <Shape><Polygon POINTS="360 2857 360 2888 1982 2895 1986 2895 2119 2874 2123 2830 2119 2809 1924 2796 1920 2796 1917 2796 1869 2809 1862 2813 1859 2809 1841 2796 1838 2796 1835 2796 1831 2796 1828 2796 1824 2796 1800 2813 1790 2816 1752 2813 1649 2799 1646 2799 1351 2816 1289 2820 1282 2816 1262 2803 1258 2803 1255 2803 1252 2803 795 2823 775 2823 771 2823 651 2803 648 2803 473 2820 435 2803 432 2803 428 2803 425 2803 356 2823 360 2857"/></Shape>
	    <String CONTENT="שולחנות יושבים במדינה בעשרים וחמשה ישבו במקדש משישבו במקדש"
                    HPOS="356"
                    VPOS="2796"
                    WIDTH="1767"
                    HEIGHT="99"></String>
          </TextLine>

          
          
          <TextLine ID="eSc_line_1868395"
                    
                    BASELINE="339 2946 1094 2943 1262 2936 1869 2933 2116 2922" 
                    HPOS="332"
                    VPOS="2871"
                    WIDTH="1780"
                    HEIGHT="117">
            <Shape><Polygon POINTS="336 2943 336 2974 1142 2988 1145 2988 1149 2988 1224 2970 1481 2984 1485 2984 2112 2960 2112 2919 2109 2895 1965 2871 1962 2871 1790 2888 1752 2871 1749 2871 1745 2871 1742 2871 1677 2895 1598 2871 1595 2871 1591 2871 1588 2871 1516 2898 1512 2898 1444 2874 1440 2874 1437 2874 1330 2898 1327 2898 1176 2874 1173 2874 1169 2874 1166 2874 1131 2902 1128 2905 648 2905 644 2905 627 2888 627 2885 624 2885 620 2885 535 2881 531 2881 528 2881 524 2881 524 2885 500 2905 500 2909 332 2909 336 2943"/></Shape>
	    <String CONTENT="התחילו למשכן את מי ממשכנין לוים וישראל וגרים ועבדים משוחררים אבל לא נשים"
                    HPOS="332"
                    VPOS="2871"
                    WIDTH="1780"
                    HEIGHT="117"></String>
          </TextLine>

          
          
          <TextLine ID="eSc_line_1868399"
                    
                    BASELINE="346 3029 1900 3015 2082 3008" 
                    HPOS="339"
                    VPOS="2953"
                    WIDTH="1739"
                    HEIGHT="141">
            <Shape><Polygon POINTS="343 3025 343 3066 394 3090 397 3090 401 3094 463 3094 463 3090 466 3090 469 3090 469 3087 493 3066 552 3090 555 3090 559 3090 751 3073 850 3087 854 3087 857 3087 860 3087 860 3084 881 3063 939 3087 943 3087 946 3087 1032 3070 1073 3087 1077 3087 1080 3087 1083 3087 1087 3087 1121 3060 1125 3060 1149 3060 1540 3080 1543 3080 1660 3056 1725 3080 1728 3080 1732 3080 1735 3080 1824 3053 1831 3053 1838 3053 1938 3073 1941 3073 2075 3049 2078 3005 2071 2953 1955 2974 1862 2957 1835 2953 1831 2953 1828 2953 1814 2957 1766 2977 1619 2964 1550 2957 1547 2957 1505 2964 1426 2984 1361 2967 1327 2960 1324 2960 1083 2960 1080 2960 1077 2960 1032 2977 1001 2988 922 2977 867 2974 864 2974 747 2984 644 2991 634 2984 610 2974 607 2974 603 2974 600 2974 596 2974 579 2988 572 2991 562 2988 521 2974 517 2974 514 2974 339 2991 343 3025"/></Shape>
	    <String CONTENT="ולא עבדים ולא קטנים וכל קטן שהתחיל אביו לשקול על ידו אינו פוסק אין ממשכנין"
                    HPOS="339"
                    VPOS="2953"
                    WIDTH="1739"
                    HEIGHT="141"></String>
          </TextLine>

          
        </TextBlock>
        

        
      </PrintSpace>
    </Page>
  </Layout>
</alto>
