<?xml version="1.0" encoding="UTF-8"?>
<alto xmlns:xsi="http://www.w3.org/2001/XMLSchema-instance"
      xmlns="http://www.loc.gov/standards/alto/ns-v4#"
      xsi:schemaLocation="http://www.loc.gov/standards/alto/ns-v4# http://www.loc.gov/standards/alto/v4/alto-4-2.xsd">
  <Description>
    <MeasurementUnit>pixel</MeasurementUnit>
    <sourceImageInformation>
      <fileName>MS-ADD-00470-00001-000-00364.jpg</fileName>
      
    </sourceImageInformation>
  </Description>
  
  <Tags>
    <OtherTag ID="BT2" LABEL="Main" DESCRIPTION="block type Main"/><OtherTag ID="BT835" LABEL="Margin" DESCRIPTION="block type Margin"/><OtherTag ID="BT1" LABEL="Title" DESCRIPTION="block type Title"/><OtherTag ID="BT3" LABEL="Commentary" DESCRIPTION="block type Commentary"/><OtherTag ID="BT4" LABEL="Illustration" DESCRIPTION="block type Illustration"/><OtherTag ID="BT836" LABEL="Paratext" DESCRIPTION="block type Paratext"/>
    <OtherTag ID="LT2" LABEL="Numbering" DESCRIPTION="line type Numbering"/><OtherTag ID="LT3" LABEL="Correction" DESCRIPTION="line type Correction"/>
  </Tags>
  
  <Layout>
    <Page WIDTH="2775"
          HEIGHT="4112"
          PHYSICAL_IMG_NR="359"
          ID="eSc_dummypage_">
      <PrintSpace HPOS="0"
                  VPOS="0"
                  WIDTH="2775"
                  HEIGHT="4112">
        
        <TextBlock HPOS="241.0"
                   VPOS="690.0"
                   WIDTH="1849.0"
                   HEIGHT="2463.0"
                   ID="eSc_textblock_6909"
                   TAGREFS="BT2">
          <Shape><Polygon POINTS="241 690 2090 690 2090 3153 241 3153"/></Shape>
          
          
          <TextLine ID="eSc_line_1885188"
                    
                    BASELINE="246 777 517 798 2027 825" 
                    HPOS="240"
                    VPOS="726"
                    WIDTH="1783"
                    HEIGHT="140">
            <Shape><Polygon POINTS="243 774 240 822 473 849 476 849 576 832 613 849 617 849 620 849 737 836 744 836 758 836 919 856 922 856 926 856 960 839 967 839 970 839 1018 860 1022 860 1025 860 1262 846 1313 846 1324 849 1368 866 1372 866 1375 866 2016 863 2023 822 2023 784 1944 764 1941 764 1938 764 1598 777 1560 777 1553 777 1478 750 1474 750 1471 750 1468 750 1396 771 1341 747 1337 747 1334 747 1330 747 1265 767 1234 740 1234 736 1231 736 1227 736 1162 733 1073 733 1070 733 1066 733 1063 733 1025 764 1022 767 915 767 912 764 823 726 819 726 713 726 710 726 706 726 648 757 644 757 425 757 421 753 394 729 394 726 391 726 387 726 384 726 253 747 243 774"/></Shape>
	    <String CONTENT="אם חמיו ר&#39; יוחנן בן נורי אומר הבא על חמותו חייב עליה משם חמותו ואם חמו(תו)"
                    HPOS="240"
                    VPOS="726"
                    WIDTH="1783"
                    HEIGHT="140"></String>
          </TextLine>

          
          
          <TextLine ID="eSc_line_1885200"
                    
                    BASELINE="281 887 589 897 1471 897 2030 887" 
                    HPOS="274"
                    VPOS="836"
                    WIDTH="1753"
                    HEIGHT="109">
            <Shape><Polygon POINTS="277 884 277 928 1807 945 1811 945 1814 945 1817 945 1848 925 1876 942 1879 942 1883 942 1886 942 2023 921 2027 884 2020 856 1625 856 1615 856 1560 836 1557 836 1553 836 1550 836 1547 836 1529 849 1516 839 1516 836 1512 836 1509 836 1505 836 1502 836 1498 836 1474 856 1471 856 1179 856 1025 836 1022 836 1018 836 963 856 957 856 943 856 850 836 847 836 710 853 548 836 545 836 274 853 277 884"/></Shape>
	    <String CONTENT="ואם חמיו אמרו לו שלשתן שם אחד הם ˙˙ ז&#39; אמר ר&#39; עקיבה שאלתי את רבן"
                    HPOS="274"
                    VPOS="836"
                    WIDTH="1753"
                    HEIGHT="109"></String>
          </TextLine>

          
          
          <TextLine ID="eSc_line_1885189"
                    
                    BASELINE="264 962 1317 969 1739 980 1944 976 2037 983" 
                    HPOS="257"
                    VPOS="897"
                    WIDTH="1777"
                    HEIGHT="127">
            <Shape><Polygon POINTS="260 959 257 993 1673 1024 1677 1024 2027 1007 2034 980 2034 938 1979 938 1979 935 1955 914 1955 911 1951 911 1948 911 1944 911 1663 935 1632 935 1478 935 1474 932 1426 908 1423 908 1420 908 1416 908 1354 928 1282 908 1279 908 1276 908 1272 908 1227 932 1114 932 939 932 939 928 912 908 912 904 908 904 905 904 902 904 675 925 576 901 572 901 569 901 565 901 521 925 517 928 439 928 435 925 370 897 367 897 363 897 260 921 260 959"/></Shape>
	    <String CONTENT="גמליאל ואת ר&#39; יהושע באטלס של אמאוס שהלכו ליקח בהמה למשתה בנו"
                    HPOS="257"
                    VPOS="897"
                    WIDTH="1777"
                    HEIGHT="127"></String>
          </TextLine>

          
          
          <TextLine ID="eSc_line_1885201"
                    
                    BASELINE="319 1045 2040 1045" 
                    HPOS="315"
                    VPOS="986"
                    WIDTH="1722"
                    HEIGHT="100">
            <Shape><Polygon POINTS="315 1041 315 1086 2037 1082 2037 1041 2037 1010 1859 986 1855 986 1763 1004 1745 1010 1378 1010 1327 1000 1252 986 1248 986 1183 997 1121 1007 1046 993 1008 990 1005 990 1001 990 998 990 994 993 981 1007 939 993 915 986 912 986 908 986 905 986 902 986 895 993 874 1010 730 1010 689 990 686 990 682 990 315 986 315 1041"/></Shape>
	    <String CONTENT="הבא על אחותו ועל אחות אביו ועל אחות אמו בעלם אחד מהוא חייב אחת על"
                    HPOS="315"
                    VPOS="986"
                    WIDTH="1722"
                    HEIGHT="100"></String>
          </TextLine>

          
          
          <TextLine ID="eSc_line_1885190"
                    
                    BASELINE="281 1106 559 1120 1008 1113 1258 1123 2027 1123" 
                    HPOS="274"
                    VPOS="1058"
                    WIDTH="1749"
                    HEIGHT="110">
            <Shape><Polygon POINTS="277 1103 274 1151 2016 1168 2023 1120 2020 1079 850 1079 792 1058 788 1058 785 1058 782 1058 778 1058 758 1079 607 1079 559 1058 555 1058 552 1058 548 1058 507 1075 367 1058 363 1058 277 1075 277 1103"/></Shape>
	    <String CONTENT="כולם או אחת על כל אחת ואחת אמרו לי לא שמענו אבל שמענו בבא על חמש"
                    HPOS="274"
                    VPOS="1058"
                    WIDTH="1749"
                    HEIGHT="110"></String>
          </TextLine>

          
          
          <TextLine ID="eSc_line_1885191"
                    
                    BASELINE="294 1185 974 1195 1145 1202 2034 1189" 
                    HPOS="288"
                    VPOS="1137"
                    WIDTH="1742"
                    HEIGHT="89">
            <Shape><Polygon POINTS="291 1182 291 1226 2027 1223 2030 1185 2027 1154 517 1137 514 1137 288 1154 291 1182"/></Shape>
	    <String CONTENT="נשיו נידות בעלם אחד שהוא חייב על כל אחת ואחת ורואים אנו שהדברים קל"
                    HPOS="288"
                    VPOS="1137"
                    WIDTH="1742"
                    HEIGHT="89"></String>
          </TextLine>

          
          
          <TextLine ID="eSc_line_1885192"
                    
                    BASELINE="277 1274 418 1264 847 1264 1046 1271 1828 1271 2054 1278" 
                    HPOS="270"
                    VPOS="1206"
                    WIDTH="1781"
                    HEIGHT="106">
            <Shape><Polygon POINTS="274 1271 270 1305 2040 1312 2051 1274 2047 1233 1800 1233 1749 1209 1745 1209 1742 1209 1540 1230 1485 1209 1481 1209 1478 1209 1474 1209 1471 1209 1447 1230 1125 1226 1104 1206 1101 1206 1097 1206 1094 1206 703 1226 377 1206 373 1206 370 1206 367 1206 367 1209 343 1233 274 1233 274 1271"/></Shape>
	    <String CONTENT="וחומר ˙˙ ח&#39; שאלן ר&#39; עקיבה אבר המדולדל [מן] בבהמה מהוא אמרו לו לא"
                    HPOS="270"
                    VPOS="1206"
                    WIDTH="1781"
                    HEIGHT="106"></String>
          </TextLine>

          
          
          <TextLine ID="eSc_line_1885205"
                    
                    BASELINE="216 1326 504 1343 1433 1346 1704 1356 2020 1346" 
                    HPOS="209"
                    VPOS="1285"
                    WIDTH="1807"
                    HEIGHT="116">
            <Shape><Polygon POINTS="212 1322 209 1374 1536 1401 1540 1401 2013 1384 2016 1343 2016 1319 1855 1295 1852 1295 1848 1295 1814 1312 380 1285 377 1285 212 1302 212 1322"/></Shape>
	    <String CONTENT="שמענו באבר המדולדל באדם שהוא טהור כך היו מוכי שחין שבירושל(ם)"
                    HPOS="209"
                    VPOS="1285"
                    WIDTH="1807"
                    HEIGHT="116"></String>
          </TextLine>

          
          
          <TextLine ID="eSc_line_1885194"
                    
                    BASELINE="332 1415 555 1415 1022 1428 1337 1425 1550 1432 2044 1422" 
                    HPOS="325"
                    VPOS="1360"
                    WIDTH="1715"
                    HEIGHT="113">
            <Shape><Polygon POINTS="329 1411 325 1456 668 1456 710 1473 713 1473 716 1473 2037 1456 2040 1418 2037 1387 1838 1387 1838 1384 1814 1363 1814 1360 1811 1360 1807 1360 1667 1360 1663 1360 1660 1360 1656 1360 1656 1363 1632 1384 1629 1384 1420 1367 1416 1367 1413 1367 1365 1384 1341 1363 1341 1360 1337 1360 1334 1360 1330 1360 1221 1384 1214 1384 1077 1384 716 1380 665 1360 662 1360 658 1360 329 1380 329 1411"/></Shape>
	    <String CONTENT="עושים הולך לו ערב פסחים אצל הרופא וחותכו עד שהוא מניח בו כסערה"
                    HPOS="325"
                    VPOS="1360"
                    WIDTH="1715"
                    HEIGHT="113"></String>
          </TextLine>

          
          
          <TextLine ID="eSc_line_1885195"
                    
                    BASELINE="291 1494 397 1504 884 1500 1910 1507 2040 1514" 
                    HPOS="284"
                    VPOS="1446"
                    WIDTH="1753"
                    HEIGHT="116">
            <Shape><Polygon POINTS="288 1490 284 1531 380 1552 384 1552 679 1538 799 1535 836 1542 905 1555 908 1555 1046 1545 1138 1538 1210 1548 1269 1555 1272 1555 1276 1555 1289 1548 1310 1538 1372 1548 1420 1559 1423 1562 1649 1562 1649 1559 1653 1559 1656 1559 1656 1555 1660 1555 1673 1542 2027 1559 2037 1511 2034 1473 1769 1452 1766 1452 1468 1470 1440 1470 1433 1470 1375 1449 1372 1449 1368 1449 987 1466 984 1466 981 1466 809 1446 504 1446 500 1446 497 1446 449 1463 349 1446 346 1446 343 1446 288 1463 288 1490"/></Shape>
	    <String CONTENT="ותוחבו בסירה ונמשך ממנו והלה עושה פסחו והרופא עושה פסחו ורואים אנו [ש/]"
                    HPOS="284"
                    VPOS="1446"
                    WIDTH="1753"
                    HEIGHT="116"></String>
          </TextLine>

          
          
          <TextLine ID="eSc_line_1885196"
                    
                    BASELINE="298 1569 686 1576 960 1586 1920 1586 1996 1583 2051 1569" 
                    HPOS="291"
                    VPOS="1521"
                    WIDTH="1756"
                    HEIGHT="113">
            <Shape><Polygon POINTS="294 1565 291 1617 312 1631 315 1631 319 1631 322 1631 435 1613 850 1631 854 1631 936 1613 1166 1634 1169 1634 1289 1617 1433 1634 1437 1634 1440 1634 1509 1617 1615 1634 1619 1634 2044 1613 2047 1565 2044 1542 487 1521 483 1521 294 1538 294 1565"/></Shape>
	    <String CONTENT="שהדברים קל וחומר ˙˙ ט&#39; ועוד שאלן ר&#39; עקיבה השוחט חמשה זבחים בחוץ"
                    HPOS="291"
                    VPOS="1521"
                    WIDTH="1756"
                    HEIGHT="113"></String>
          </TextLine>

          
          
          <TextLine ID="eSc_line_1885197"
                    
                    BASELINE="281 1641 421 1655 1210 1648 1547 1658 2023 1651" 
                    HPOS="274"
                    VPOS="1593"
                    WIDTH="1746"
                    HEIGHT="92">
            <Shape><Polygon POINTS="277 1637 277 1685 2016 1685 2020 1648 2016 1620 1866 1593 1862 1593 1859 1593 1855 1593 1855 1596 1831 1620 1385 1620 1303 1593 1300 1593 1296 1593 1053 1620 1042 1620 1035 1620 943 1596 939 1596 936 1596 806 1617 761 1600 758 1600 754 1600 572 1613 421 1596 418 1596 415 1596 411 1596 411 1600 387 1620 387 1624 274 1624 277 1637"/></Shape>
	    <String CONTENT="בעלם אחד מהוא חייב על כולם או אחת על כל אחד ואחד אמרו לו לא"
                    HPOS="274"
                    VPOS="1593"
                    WIDTH="1746"
                    HEIGHT="92"></String>
          </TextLine>

          
          
          <TextLine ID="eSc_line_1885198"
                    
                    BASELINE="246 1716 476 1730 1924 1730 2054 1737" 
                    HPOS="240"
                    VPOS="1675"
                    WIDTH="1811"
                    HEIGHT="100">
            <Shape><Polygon POINTS="243 1713 240 1761 2040 1775 2051 1733 2047 1696 1396 1696 1396 1692 1358 1675 1354 1675 1351 1675 250 1689 243 1713"/></Shape>
	    <String CONTENT="שמענו אמ&#39; ר&#39; יהושע שמעתי באוכל מזבח אחד בחמשה תמחויים בעלם אחד שהוא"
                    HPOS="240"
                    VPOS="1675"
                    WIDTH="1811"
                    HEIGHT="100"></String>
          </TextLine>

          
          
          <TextLine ID="eSc_line_1885202"
                    
                    BASELINE="301 1795 421 1805 723 1802 1392 1812 2030 1805" 
                    HPOS="294"
                    VPOS="1744"
                    WIDTH="1733"
                    HEIGHT="106">
            <Shape><Polygon POINTS="298 1792 294 1833 2020 1850 2027 1802 2023 1768 1732 1747 1728 1747 1481 1764 1474 1764 1471 1764 1406 1747 1402 1747 1399 1747 1396 1747 1334 1764 1330 1764 1265 1747 1262 1747 1258 1747 857 1764 826 1764 792 1744 788 1744 785 1744 782 1744 593 1761 349 1744 346 1744 343 1744 298 1761 298 1792"/></Shape>
	    <String CONTENT="חייב על כל אחד ואחד משם מעילה ורואה אני שהדברים קל וחומר ˙˙ י&#39; אמ&#39;"
                    HPOS="294"
                    VPOS="1744"
                    WIDTH="1733"
                    HEIGHT="106"></String>
          </TextLine>

          
          
          <TextLine ID="eSc_line_1885203"
                    
                    BASELINE="277 1864 469 1877 696 1881 1368 1877 1557 1884 1903 1881 2030 1888" 
                    HPOS="270"
                    VPOS="1822"
                    WIDTH="1757"
                    HEIGHT="114">
            <Shape><Polygon POINTS="274 1860 270 1905 970 1932 974 1932 1094 1915 1118 1912 1131 1915 1183 1932 1186 1932 1190 1936 1313 1936 1313 1932 1317 1932 1320 1932 1320 1929 1334 1918 1337 1915 1351 1918 1444 1932 1447 1932 1450 1932 1478 1918 1492 1912 1502 1918 1529 1932 1533 1932 1536 1932 2020 1922 2027 1884 2023 1846 1608 1826 1605 1826 1471 1843 1464 1846 1183 1846 1183 1843 1166 1829 1166 1826 1162 1826 1159 1826 1155 1826 1049 1843 1039 1843 579 1843 469 1843 452 1826 452 1822 449 1822 445 1822 442 1822 274 1840 274 1860"/></Shape>
	    <String CONTENT="ר&#39; שמעון לא כך שאלן ר&#39; עקיבה אלא באוכל נותר מחמשה זבחים בעלם"
                    HPOS="270"
                    VPOS="1822"
                    WIDTH="1757"
                    HEIGHT="114"></String>
          </TextLine>

          
          
          <TextLine ID="eSc_line_1885204"
                    
                    BASELINE="250 1949 480 1946 631 1956 929 1963 1423 1963 1564 1970 2030 1956" 
                    HPOS="243"
                    VPOS="1891"
                    WIDTH="1784"
                    HEIGHT="120">
            <Shape><Polygon POINTS="246 1946 246 1994 421 2011 425 2011 428 2011 432 2011 449 1994 452 1994 2023 1994 2027 1953 2020 1922 1553 1922 1550 1922 1516 1891 1512 1891 1509 1891 1505 1891 1502 1891 1444 1908 1396 1891 1392 1891 1389 1891 1385 1891 1276 1922 1125 1891 1121 1891 926 1922 356 1894 353 1894 349 1894 346 1894 308 1925 308 1929 243 1929 246 1946"/></Shape>
	    <String CONTENT="אחד מהוא חייב אחת על כולם או אחת על כל אחת ואחת אמרו לו לא שמענו אמ&#39;"
                    HPOS="243"
                    VPOS="1891"
                    WIDTH="1784"
                    HEIGHT="120"></String>
          </TextLine>

          
          
          <TextLine ID="eSc_line_1885199"
                    
                    BASELINE="277 2021 415 2032 994 2042 1965 2042 2064 2028" 
                    HPOS="270"
                    VPOS="1977"
                    WIDTH="1791"
                    HEIGHT="106">
            <Shape><Polygon POINTS="274 2018 270 2066 562 2066 565 2066 583 2083 586 2083 589 2083 593 2083 2058 2076 2061 2025 2061 2001 1979 1984 1975 1984 1972 1984 1968 1984 1951 2001 1948 2004 1327 2004 1324 1997 1317 1987 1313 1987 1313 1984 1310 1984 1306 1984 1303 1984 1231 1997 1227 1997 1224 1997 1176 1980 1173 1980 1169 1980 1166 1980 1162 1980 1142 1997 1138 2001 929 2001 915 1997 809 1980 806 1980 802 1980 758 1997 754 1997 737 1997 569 1977 565 1977 274 1994 274 2018"/></Shape>
	    <String CONTENT="ר&#39; יהושע שמעתי באוכל מזבח אחד בחמשה תמחויים בעלם אחד שהוא חייב על כל"
                    HPOS="270"
                    VPOS="1977"
                    WIDTH="1791"
                    HEIGHT="106"></String>
          </TextLine>

          
          
          <TextLine ID="eSc_line_1885176"
                    
                    BASELINE="301 2100 397 2097 764 2110 1595 2117 2037 2107" 
                    HPOS="294"
                    VPOS="2052"
                    WIDTH="1740"
                    HEIGHT="110">
            <Shape><Polygon POINTS="298 2097 294 2134 397 2155 401 2155 836 2141 854 2155 854 2158 857 2158 860 2158 864 2158 867 2158 871 2158 895 2141 967 2158 970 2158 974 2158 1330 2145 1430 2162 1433 2162 2030 2141 2034 2103 2030 2076 1042 2056 1039 2056 864 2069 854 2069 843 2069 716 2052 713 2052 298 2066 298 2097"/></Shape>
	    <String CONTENT="אחד ואחד משום מעילה ורואה אני שהדברים קל וחומר ˙˙ י&#39;א&#39; אמ&#39; ר&#39; עקיבה"
                    HPOS="294"
                    VPOS="2052"
                    WIDTH="1740"
                    HEIGHT="110"></String>
          </TextLine>

          
          
          <TextLine ID="eSc_line_1885178"
                    
                    BASELINE="291 2172 843 2179 1022 2186 1293 2182 1831 2193 1955 2193 2047 2182" 
                    HPOS="284"
                    VPOS="2121"
                    WIDTH="1760"
                    HEIGHT="120">
            <Shape><Polygon POINTS="288 2169 284 2206 933 2230 936 2230 1159 2217 1176 2217 1179 2217 1203 2234 1207 2234 1210 2234 1214 2234 1354 2220 1468 2237 1471 2237 1704 2223 1752 2241 1756 2241 1759 2241 2040 2223 2044 2179 2044 2151 1855 2134 1852 2134 1848 2134 1845 2134 1831 2148 1824 2155 1800 2148 1752 2134 1749 2134 1745 2134 1742 2134 1704 2148 1691 2151 1670 2148 1608 2131 1605 2131 1601 2131 1598 2131 1550 2145 1529 2151 984 2148 967 2141 898 2121 895 2121 891 2121 768 2141 747 2145 620 2145 613 2138 586 2121 583 2121 579 2121 576 2121 288 2134 288 2169"/></Shape>
	    <String CONTENT="אם הלכה נקבל ואם לדין יש תשובה אמרו לו השב אמ&#39; לו לא אם אמרתה"
                    HPOS="284"
                    VPOS="2121"
                    WIDTH="1760"
                    HEIGHT="120"></String>
          </TextLine>

          
          
          <TextLine ID="eSc_line_1885179"
                    
                    BASELINE="301 2258 761 2251 1488 2268 1910 2265 1986 2268 2037 2278" 
                    HPOS="294"
                    VPOS="2196"
                    WIDTH="1740"
                    HEIGHT="106">
            <Shape><Polygon POINTS="298 2254 294 2292 2020 2302 2034 2275 2030 2230 771 2199 768 2199 579 2217 569 2217 521 2196 517 2196 514 2196 298 2213 298 2254"/></Shape>
	    <String CONTENT="בממֶולה שעשה בה את המאכיל כאוכל ואת המהנה כנהנה צירף את המעילה"
                    HPOS="294"
                    VPOS="2196"
                    WIDTH="1740"
                    HEIGHT="106"></String>
          </TextLine>

          
          
          <TextLine ID="eSc_line_1885186"
                    
                    BASELINE="274 2316 648 2330 1090 2330 1505 2340 2040 2340" 
                    HPOS="267"
                    VPOS="2268"
                    WIDTH="1770"
                    HEIGHT="113">
            <Shape><Polygon POINTS="270 2313 267 2357 301 2374 305 2374 308 2374 751 2364 878 2381 881 2381 2034 2374 2037 2336 2037 2306 1999 2285 1996 2285 1992 2285 1649 2299 1629 2282 1625 2282 1622 2282 1619 2282 1615 2282 1612 2282 1588 2299 1217 2299 1207 2295 1094 2275 1090 2275 902 2292 881 2292 878 2292 830 2271 826 2271 823 2271 672 2289 662 2289 655 2289 593 2268 589 2268 586 2268 270 2282 270 2313"/></Shape>
	    <String CONTENT="לזמן מרובה תאמר בנותר שאין בו אחת מכל אילו ˙˙ יב&#39; אמ&#39; ר&#39; עקיב&#39; שﭏתי"
                    HPOS="267"
                    VPOS="2268"
                    WIDTH="1770"
                    HEIGHT="113"></String>
          </TextLine>

          
          
          <TextLine ID="eSc_line_1885185"
                    
                    BASELINE="284 2419 559 2405 871 2402 1101 2402 1258 2408 1934 2408 2023 2398" 
                    HPOS="277"
                    VPOS="2350"
                    WIDTH="1743"
                    HEIGHT="110">
            <Shape><Polygon POINTS="281 2415 284 2460 360 2443 1121 2446 1821 2450 1824 2450 2016 2429 2020 2395 2016 2367 1399 2350 1396 2350 1392 2350 1324 2371 1317 2371 1276 2371 926 2354 922 2354 919 2354 915 2354 915 2357 898 2371 353 2357 349 2357 346 2357 277 2374 281 2415"/></Shape>
	    <String CONTENT="את ר&#39; ליעזר בעושה מלאכות הרבה בשבתות הרבה מעין מלאכה אחת"
                    HPOS="277"
                    VPOS="2350"
                    WIDTH="1743"
                    HEIGHT="110"></String>
          </TextLine>

          
          
          <TextLine ID="eSc_line_1885183"
                    
                    BASELINE="281 2470 1358 2480 1540 2487 1797 2487 2054 2477" 
                    HPOS="274"
                    VPOS="2422"
                    WIDTH="1777"
                    HEIGHT="93">
            <Shape><Polygon POINTS="277 2467 274 2504 2044 2515 2051 2474 2051 2450 1097 2426 1094 2426 699 2439 679 2439 644 2422 641 2422 638 2422 277 2436 277 2467"/></Shape>
	    <String CONTENT="בעלם אחד מהוא חייב אחת על כולם או אחת על כל אחת ואחת אמ&#39; לי חייב על"
                    HPOS="274"
                    VPOS="2422"
                    WIDTH="1777"
                    HEIGHT="93"></String>
          </TextLine>

          
          
          <TextLine ID="eSc_line_1885182"
                    
                    BASELINE="294 2546 631 2559 1625 2559 2040 2549" 
                    HPOS="288"
                    VPOS="2518"
                    WIDTH="1749"
                    HEIGHT="72">
            <Shape><Polygon POINTS="291 2542 288 2590 2034 2590 2037 2546 2030 2518 291 2518 291 2542"/></Shape>
	    <String CONTENT="כל אחת ואחת מקל וחומר ˙˙ י&#39;ג&#39; מה אם הנידה שאין בה תוצאות הרבה [וח/]"
                    HPOS="288"
                    VPOS="2518"
                    WIDTH="1749"
                    HEIGHT="72"></String>
          </TextLine>

          
          
          <TextLine ID="eSc_line_1885177"
                    
                    BASELINE="325 2621 1022 2621 1361 2631 1752 2631 1886 2638 2023 2631" 
                    HPOS="319"
                    VPOS="2570"
                    WIDTH="1701"
                    HEIGHT="109">
            <Shape><Polygon POINTS="322 2617 319 2655 555 2676 559 2679 2016 2679 2020 2628 2016 2593 778 2573 775 2573 528 2590 490 2590 483 2590 439 2570 435 2570 432 2570 322 2587 322 2617"/></Shape>
	    <String CONTENT="וחטאות הרבה חייב על כל אחת ואחת שבת שיש בה תוצאות הרבה"
                    HPOS="319"
                    VPOS="2570"
                    WIDTH="1701"
                    HEIGHT="109"></String>
          </TextLine>

          
          
          <TextLine ID="eSc_line_1885181"
                    
                    BASELINE="277 2693 823 2707 1063 2703 1426 2713 1824 2713 2051 2703" 
                    HPOS="270"
                    VPOS="2638"
                    WIDTH="1777"
                    HEIGHT="123">
            <Shape><Polygon POINTS="274 2689 270 2724 384 2748 387 2748 1231 2741 1255 2758 1258 2758 1262 2758 1265 2758 1351 2744 1454 2761 1457 2761 2044 2744 2047 2700 2047 2676 1327 2669 1159 2645 1155 2645 888 2665 867 2665 860 2665 775 2641 771 2641 768 2641 538 2655 432 2638 428 2638 274 2659 274 2689"/></Shape>
	    <String CONTENT="וחטאות הרבה אינו דין שיהא חייב על כל אחת ואחת אמרתי לו לא אם אמרת בנד(ה)"
                    HPOS="270"
                    VPOS="2638"
                    WIDTH="1777"
                    HEIGHT="123"></String>
          </TextLine>

          
          
          <TextLine ID="eSc_line_1885180"
                    
                    BASELINE="291 2779 548 2775 689 2782 2030 2782" 
                    HPOS="284"
                    VPOS="2727"
                    WIDTH="1743"
                    HEIGHT="93">
            <Shape><Polygon POINTS="288 2775 284 2813 2020 2820 2027 2779 2023 2748 353 2727 349 2727 346 2727 288 2744 288 2775"/></Shape>
	    <String CONTENT="שיש בה שתי אזהרות שהוא מוזהר על הנידה והנידה מוזהרת עליו תאמר בשבת"
                    HPOS="284"
                    VPOS="2727"
                    WIDTH="1743"
                    HEIGHT="93"></String>
          </TextLine>

          
          
          <TextLine ID="eSc_line_1885175"
                    
                    BASELINE="298 2850 1324 2868 2044 2861" 
                    HPOS="291"
                    VPOS="2816"
                    WIDTH="1749"
                    HEIGHT="103">
            <Shape><Polygon POINTS="294 2847 291 2885 761 2912 764 2912 960 2895 1035 2912 1039 2912 1667 2919 1670 2919 1673 2919 1677 2919 1704 2902 1907 2919 1910 2919 2037 2898 2040 2857 2037 2830 294 2816 294 2847"/></Shape>
	    <String CONTENT="שאין בה אלא אזהרה אחת אמ&#39; לי הבא על הקטנות יוכיח שאין בהם אלא אזהרה"
                    HPOS="291"
                    VPOS="2816"
                    WIDTH="1749"
                    HEIGHT="103"></String>
          </TextLine>

          
          
          <TextLine ID="eSc_line_1885184"
                    
                    BASELINE="239 2938 322 2936 545 2946 593 2943 902 2953 1591 2953 1742 2946 2030 2946" 
                    HPOS="233"
                    VPOS="2881"
                    WIDTH="1794"
                    HEIGHT="120">
            <Shape><Polygon POINTS="236 2936 233 2977 1396 3001 1399 3001 2023 2984 2027 2943 2023 2916 1742 2912 1721 2892 1721 2888 1718 2888 1715 2888 1608 2888 1605 2888 1601 2888 1598 2888 1567 2912 1564 2912 1399 2912 1303 2912 1269 2885 1265 2885 1262 2885 1258 2885 1255 2885 1203 2912 1032 2912 1032 2909 984 2885 981 2885 977 2885 600 2905 493 2881 490 2881 380 2905 325 2881 322 2881 319 2881 315 2881 240 2902 236 2936"/></Shape>
	    <String CONTENT="אחת וחייב על כל אחת ואחת ˙˙ יד&#39; אמרתי לו לא אם אמרתה בבא על הקטנו(ת)"
                    HPOS="233"
                    VPOS="2881"
                    WIDTH="1794"
                    HEIGHT="120"></String>
          </TextLine>

          
          
          <TextLine ID="eSc_line_1885187"
                    
                    BASELINE="343 3029 974 3018 1306 3029 2058 3018" 
                    HPOS="336"
                    VPOS="2964"
                    WIDTH="1718"
                    HEIGHT="140">
            <Shape><Polygon POINTS="339 3025 339 3104 408 3101 411 3101 415 3101 415 3097 442 3070 672 3070 713 3094 716 3097 720 3097 723 3097 727 3097 730 3097 744 3094 812 3070 1015 3084 1059 3087 1063 3087 1121 3080 1265 3066 1300 3077 1351 3094 1354 3094 1358 3094 1474 3090 1478 3090 1519 3070 1522 3066 1529 3070 1560 3090 1564 3090 1567 3090 1571 3090 1841 3066 1866 3087 1869 3087 1872 3087 1876 3090 1975 3090 1975 3087 1979 3087 2054 3053 2054 3015 2047 2988 1893 2988 1890 2988 1866 2967 1866 2964 1862 2964 1859 2964 1793 2964 1790 2964 1697 2988 1670 2994 1131 2994 1114 2988 1097 2974 1094 2974 1090 2974 1087 2974 336 2984 339 3025"/></Shape>
	    <String CONTENT="שאף על פי שאין בהם עכשיו יש בהם לאחר זמן תאמר בשבת שאין"
                    HPOS="336"
                    VPOS="2964"
                    WIDTH="1718"
                    HEIGHT="140"></String>
          </TextLine>

          
        </TextBlock>
        

        
      </PrintSpace>
    </Page>
  </Layout>
</alto>
