<?xml version="1.0" encoding="UTF-8"?>
<alto xmlns:xsi="http://www.w3.org/2001/XMLSchema-instance"
      xmlns="http://www.loc.gov/standards/alto/ns-v4#"
      xsi:schemaLocation="http://www.loc.gov/standards/alto/ns-v4# http://www.loc.gov/standards/alto/v4/alto-4-2.xsd">
  <Description>
    <MeasurementUnit>pixel</MeasurementUnit>
    <sourceImageInformation>
      <fileName>MS-ADD-00470-00001-000-00127.jpg</fileName>
      
    </sourceImageInformation>
  </Description>
  
  <Tags>
    <OtherTag ID="BT2" LABEL="Main" DESCRIPTION="block type Main"/><OtherTag ID="BT835" LABEL="Margin" DESCRIPTION="block type Margin"/><OtherTag ID="BT1" LABEL="Title" DESCRIPTION="block type Title"/><OtherTag ID="BT3" LABEL="Commentary" DESCRIPTION="block type Commentary"/><OtherTag ID="BT4" LABEL="Illustration" DESCRIPTION="block type Illustration"/><OtherTag ID="BT836" LABEL="Paratext" DESCRIPTION="block type Paratext"/>
    <OtherTag ID="LT2" LABEL="Numbering" DESCRIPTION="line type Numbering"/><OtherTag ID="LT3" LABEL="Correction" DESCRIPTION="line type Correction"/>
  </Tags>
  
  <Layout>
    <Page WIDTH="2775"
          HEIGHT="4112"
          PHYSICAL_IMG_NR="122"
          ID="eSc_dummypage_">
      <PrintSpace HPOS="0"
                  VPOS="0"
                  WIDTH="2775"
                  HEIGHT="4112">
        
        <TextBlock HPOS="714.0"
                   VPOS="662.0"
                   WIDTH="1839.0"
                   HEIGHT="2462.0"
                   ID="eSc_textblock_6672"
                   TAGREFS="BT2">
          <Shape><Polygon POINTS="714 662 2553 662 2553 3124 714 3124"/></Shape>
          
          
          <TextLine ID="eSc_line_1868967"
                    
                    BASELINE="747 767 1841 781 2504 774" 
                    HPOS="740"
                    VPOS="699"
                    WIDTH="1760"
                    HEIGHT="137">
            <Shape><Polygon POINTS="744 764 740 805 991 829 994 829 1310 812 1498 832 1502 832 1845 815 1962 836 1965 836 2497 815 2500 771 2497 747 2305 740 2236 709 2233 709 2229 709 1783 726 1454 740 1416 723 1413 723 1409 723 1354 733 1337 716 1324 705 1324 702 1320 702 1317 702 1313 702 1310 702 1279 712 1224 736 1035 719 1032 719 912 736 871 702 867 699 864 699 860 699 857 699 744 699 744 764"/></Shape>
	    <String CONTENT="זכרים ויובל בשל יעלין ˙˙ ה&#39; שופר שניסדק ודיבקו פסול דיבק שברי שופרות פסול"
                    HPOS="740"
                    VPOS="699"
                    WIDTH="1760"
                    HEIGHT="137"></String>
          </TextLine>

          
          
          <TextLine ID="eSc_line_1868968"
                    
                    BASELINE="737 860 864 853 1485 870 1776 866 1900 860 2490 863" 
                    HPOS="730"
                    VPOS="801"
                    WIDTH="1756"
                    HEIGHT="120">
            <Shape><Polygon POINTS="734 856 730 894 1601 914 1605 914 2106 897 2174 897 2318 897 2346 897 2366 918 2366 921 2370 921 2373 921 2377 921 2480 897 2486 860 2486 832 2452 815 2449 815 2445 815 2442 815 2219 829 2161 812 2157 812 2154 812 1989 832 1986 832 1612 832 1608 829 1485 805 1481 805 1365 825 1317 801 1313 801 1310 801 1166 822 1107 801 1104 801 1101 801 1097 801 1029 822 734 822 734 856"/></Shape>
	    <String CONTENT="ניקב וסתמו אם מעכב את התקיעה פסול ואם לאו כשר ˙˙ ו&#39; התוקע"
                    HPOS="730"
                    VPOS="801"
                    WIDTH="1756"
                    HEIGHT="120"></String>
          </TextLine>

          
          
          <TextLine ID="eSc_line_1868969"
                    
                    BASELINE="754 932 1279 932 1426 938 1598 935 2510 938" 
                    HPOS="747"
                    VPOS="877"
                    WIDTH="1760"
                    HEIGHT="113">
            <Shape><Polygon POINTS="751 928 747 966 802 986 806 986 809 986 812 986 878 969 905 969 1104 969 1107 969 1142 986 1145 986 1149 986 1420 973 1454 990 1457 990 1461 990 2500 973 2507 935 2507 901 2473 880 2469 880 2466 880 2462 880 2335 897 1944 880 1941 880 1938 880 1934 880 1903 901 1797 880 1793 880 1790 880 1787 880 1756 904 1721 904 1516 904 1512 901 1471 880 1468 880 1464 880 1461 880 1423 894 1296 877 1293 877 963 897 819 877 816 877 812 877 751 897 751 928"/></Shape>
	    <String CONTENT="לתוך הבור או לתוך החדות או לתוך הפיתם אם קול שופר שמע יצא אם קול"
                    HPOS="747"
                    VPOS="877"
                    WIDTH="1760"
                    HEIGHT="113"></String>
          </TextLine>

          
          
          <TextLine ID="eSc_line_1868970"
                    
                    BASELINE="782 1000 1488 1021 2222 1017 2517 1007" 
                    HPOS="775"
                    VPOS="969"
                    WIDTH="1739"
                    HEIGHT="96">
            <Shape><Polygon POINTS="778 997 775 1034 830 1055 833 1055 836 1055 1200 1041 1252 1058 1255 1058 1258 1058 1958 1048 2092 1065 2095 1065 2510 1048 2514 1004 2514 983 778 969 778 997"/></Shape>
	    <String CONTENT="הברה שמע לא יצא וכן מי שהיה עובר אחורי בית הכנסת או מי שהיה ביתו סמוך"
                    HPOS="775"
                    VPOS="969"
                    WIDTH="1739"
                    HEIGHT="96"></String>
          </TextLine>

          
          
          <TextLine ID="eSc_line_1868971"
                    
                    BASELINE="764 1072 1282 1089 1958 1086 2246 1089 2407 1082 2517 1086" 
                    HPOS="758"
                    VPOS="1021"
                    WIDTH="1756"
                    HEIGHT="120">
            <Shape><Polygon POINTS="761 1069 758 1106 826 1130 830 1130 833 1130 1138 1113 1234 1134 1238 1137 1433 1137 1433 1134 1437 1134 1440 1134 1440 1130 1457 1117 1615 1134 1619 1134 1622 1134 1653 1120 1663 1134 1667 1134 1667 1137 1670 1137 1673 1137 1677 1141 1989 1141 1989 1137 1992 1137 2047 1120 2078 1141 2082 1141 2085 1141 2088 1141 2092 1141 2126 1123 2188 1141 2191 1141 2195 1141 2507 1120 2514 1082 2514 1055 2462 1031 2459 1031 2455 1031 2054 1048 2027 1028 2023 1028 2020 1028 2016 1028 1790 1048 1776 1048 1773 1048 1704 1028 1701 1028 1697 1028 1694 1028 1691 1028 1667 1048 1619 1024 1615 1024 1612 1024 1440 1045 1433 1045 1378 1024 1375 1024 1372 1024 1368 1024 1320 1045 1317 1045 1173 1045 1145 1021 1142 1021 1138 1021 1135 1021 761 1038 761 1069"/></Shape>
	    <String CONTENT="לבית הכנסת ושמע קול השופר או קול המגלה אם כיון לבו יצא ואם לאו לא יצא אף"
                    HPOS="758"
                    VPOS="1021"
                    WIDTH="1756"
                    HEIGHT="120"></String>
          </TextLine>

          
          
          <TextLine ID="eSc_line_1868972"
                    
                    BASELINE="747 1151 1492 1165 2504 1158" 
                    HPOS="740"
                    VPOS="1106"
                    WIDTH="1760"
                    HEIGHT="107">
            <Shape><Polygon POINTS="744 1147 740 1185 1248 1209 1252 1213 1872 1213 1872 1209 1992 1192 2418 1209 2421 1209 2425 1209 2497 1189 2500 1154 2500 1127 2428 1106 2425 1106 2421 1106 2246 1127 1704 1127 1701 1123 1677 1106 1673 1106 1670 1106 1667 1106 1577 1123 1574 1123 1571 1123 1526 1106 1522 1106 1519 1106 1413 1123 1402 1123 1396 1123 1279 1106 1276 1106 1272 1106 1269 1106 1241 1123 1238 1123 1200 1123 830 1106 826 1106 744 1120 744 1147"/></Shape>
	    <String CONTENT="על פי שזה שמע וזה לא שמע זה כיון את לבו וזה לא כיון ˙˙ ז&#39; והיה כאשר ירים"
                    HPOS="740"
                    VPOS="1106"
                    WIDTH="1760"
                    HEIGHT="107"></String>
          </TextLine>

          
          
          <TextLine ID="eSc_line_1868973"
                    
                    BASELINE="788 1219 1533 1230 1862 1240 2473 1240" 
                    HPOS="782"
                    VPOS="1189"
                    WIDTH="1687"
                    HEIGHT="85">
            <Shape><Polygon POINTS="785 1216 782 1267 2462 1274 2469 1237 2466 1189 785 1189 785 1216"/></Shape>
	    <String CONTENT="משה ידו וגבר ישרﭏ וכאשר יניח ידו וגבר עמלק וכי ידיו של משה עושות"
                    HPOS="782"
                    VPOS="1189"
                    WIDTH="1687"
                    HEIGHT="85"></String>
          </TextLine>

          
          
          <TextLine ID="eSc_line_1868974"
                    
                    BASELINE="761 1305 946 1302 1965 1322 2332 1322 2497 1312" 
                    HPOS="754"
                    VPOS="1233"
                    WIDTH="1739"
                    HEIGHT="141">
            <Shape><Polygon POINTS="758 1302 754 1346 1107 1339 1125 1353 1128 1356 1131 1356 1135 1356 1138 1360 1276 1360 1276 1356 1279 1356 1296 1353 1348 1339 1420 1353 1464 1360 1468 1360 1691 1353 1824 1350 1835 1353 1855 1367 1859 1367 1862 1367 1866 1367 1869 1367 1900 1353 1914 1350 1989 1353 2281 1374 2284 1374 2490 1353 2493 1308 2493 1278 2449 1254 2445 1254 2442 1254 2438 1254 2301 1281 2298 1281 2294 1281 2154 1264 2150 1264 1996 1274 1968 1250 1968 1247 1965 1247 1962 1247 1958 1247 1955 1247 1872 1274 1783 1243 1780 1243 1776 1243 1773 1243 1715 1267 1667 1243 1663 1243 1660 1243 1656 1243 1653 1243 1653 1247 1625 1271 1420 1271 1420 1267 1365 1237 1361 1237 1358 1237 1354 1237 1351 1237 1252 1264 1221 1237 1217 1237 1214 1237 1210 1237 1142 1250 1131 1237 1128 1237 1128 1233 1125 1233 1121 1233 1118 1233 1114 1233 1073 1250 1025 1233 1022 1233 1018 1233 1015 1233 1011 1233 1011 1237 987 1257 950 1233 946 1233 943 1233 939 1233 936 1233 933 1233 902 1257 833 1240 830 1240 826 1240 823 1240 758 1257 758 1302"/></Shape>
	    <String CONTENT="מלחמה או ידיו שוברות מלחמה אלא כל זמן שהיו ישרﭏ מסתכלין כלפי למעלה [ומכ/]"
                    HPOS="754"
                    VPOS="1233"
                    WIDTH="1739"
                    HEIGHT="141"></String>
          </TextLine>

          
          
          <TextLine ID="eSc_line_1868975"
                    
                    BASELINE="891 1391 1186 1387 1313 1394 2493 1394" 
                    HPOS="884"
                    VPOS="1332"
                    WIDTH="1606"
                    HEIGHT="96">
            <Shape><Polygon POINTS="888 1387 888 1425 2483 1428 2490 1391 2486 1353 2205 1332 2202 1332 2130 1350 2123 1350 2102 1332 2099 1332 2095 1332 2092 1332 2006 1350 1992 1350 884 1343 888 1387"/></Shape>
	    <String CONTENT="ומכוונים את לבם לאביהם שבשמים היו מתגברים ואם לאו היו נופלים ˙˙ ח&#39;"
                    HPOS="884"
                    VPOS="1332"
                    WIDTH="1606"
                    HEIGHT="96"></String>
          </TextLine>

          
          
          <TextLine ID="eSc_line_1868976"
                    
                    BASELINE="960 1466 1173 1466 1303 1473 2500 1473" 
                    HPOS="953"
                    VPOS="1411"
                    WIDTH="1544"
                    HEIGHT="107">
            <Shape><Polygon POINTS="957 1463 953 1518 2493 1504 2497 1470 2493 1435 2174 1435 2171 1432 2136 1411 2133 1411 2130 1411 2126 1411 2123 1411 2119 1411 2092 1432 2088 1435 1900 1435 1896 1432 1831 1411 1828 1411 1824 1411 1821 1411 1752 1432 1749 1435 1457 1435 1454 1432 1430 1411 1426 1411 1423 1411 1420 1411 957 1428 957 1463"/></Shape>
	    <String CONTENT="כיוצא בו ויאמר ייי אל משה עשה לך שרף ושים אתו על נס והיה כל הנשוך"
                    HPOS="953"
                    VPOS="1411"
                    WIDTH="1544"
                    HEIGHT="107"></String>
          </TextLine>

          
          
          <TextLine ID="eSc_line_1868977"
                    
                    BASELINE="710 1528 1056 1548 1505 1548 1691 1555 2493 1548" 
                    HPOS="703"
                    VPOS="1487"
                    WIDTH="1787"
                    HEIGHT="113">
            <Shape><Polygon POINTS="706 1524 703 1576 871 1596 874 1596 1252 1579 1293 1579 1296 1579 1337 1600 1341 1600 1344 1600 2486 1583 2490 1545 2486 1514 2226 1494 2222 1494 2068 1511 2051 1511 2047 1511 2016 1490 2013 1490 2010 1490 2006 1490 2003 1490 1999 1490 1979 1511 1975 1514 1382 1514 1354 1507 1262 1487 1083 1487 1080 1487 1077 1487 1073 1487 1049 1504 1046 1507 1039 1504 991 1487 987 1487 984 1487 706 1500 706 1524"/></Shape>
	    <String CONTENT="וראה אותו וחי וכי הנחש ממית או מחיה אלא בזמן שהן מסתכלים כלפי למעלה ומכוו(נים)"
                    HPOS="703"
                    VPOS="1487"
                    WIDTH="1787"
                    HEIGHT="113"></String>
          </TextLine>

          
          
          <TextLine ID="eSc_line_1868978"
                    
                    BASELINE="747 1613 878 1624 1368 1627 2366 1624 2500 1613" 
                    HPOS="740"
                    VPOS="1572"
                    WIDTH="1757"
                    HEIGHT="103">
            <Shape><Polygon POINTS="744 1610 744 1658 2380 1675 2383 1675 2493 1655 2497 1610 2493 1593 2383 1572 2243 1572 2239 1572 2236 1572 2233 1572 2233 1576 2215 1589 2215 1593 2109 1593 2109 1589 2092 1576 2092 1572 2088 1572 2085 1572 2082 1572 2078 1572 2075 1572 2051 1589 2044 1589 1958 1572 1955 1572 1951 1572 1920 1589 1917 1589 1896 1589 1780 1572 1776 1572 1625 1586 1577 1589 740 1583 744 1610"/></Shape>
	    <String CONTENT="את לבם לאביהם שבשמים היו מתרפאים ואם לאו היו נימוקין ˙˙ ט&#39; חרש"
                    HPOS="740"
                    VPOS="1572"
                    WIDTH="1757"
                    HEIGHT="103"></String>
          </TextLine>

          
          
          <TextLine ID="eSc_line_1868979"
                    
                    BASELINE="771 1696 1547 1696 2010 1706 2181 1699 2476 1699" 
                    HPOS="764"
                    VPOS="1644"
                    WIDTH="1709"
                    HEIGHT="117">
            <Shape><Polygon POINTS="768 1692 764 1737 902 1737 919 1751 919 1754 922 1754 926 1754 929 1754 1300 1744 1512 1737 1543 1747 1577 1757 1581 1757 1584 1757 1656 1747 1711 1740 1739 1751 1763 1757 1766 1757 1769 1761 2013 1761 2013 1757 2016 1757 2020 1757 2020 1754 2023 1754 2037 1740 2466 1757 2473 1696 2466 1648 1742 1665 1557 1665 1550 1655 1540 1648 1540 1644 1536 1644 1533 1644 1529 1644 970 1661 922 1661 919 1661 850 1644 847 1644 843 1644 840 1644 768 1661 768 1692"/></Shape>
	    <String CONTENT="שוטה וקטן אינן מוציאין את הרבים ידי חובתן זה הכלל כל שאינו חייב"
                    HPOS="764"
                    VPOS="1644"
                    WIDTH="1709"
                    HEIGHT="117"></String>
          </TextLine>

          
          
          <TextLine ID="eSc_line_1868980"
                    
                    BASELINE="936 1768 1354 1778 2510 1771" 
                    HPOS="929"
                    VPOS="1727"
                    WIDTH="1578"
                    HEIGHT="102">
            <Shape><Polygon POINTS="933 1764 933 1816 1550 1829 1553 1829 1557 1829 1625 1812 1629 1812 1636 1812 1691 1829 1694 1829 1697 1829 1920 1812 1924 1812 2191 1829 2195 1829 2198 1829 2250 1812 2353 1829 2356 1829 2504 1805 2507 1768 2504 1744 929 1727 933 1764"/></Shape>
	    <String CONTENT="בדבר אינו מוציא את הרבים ידי חובתן ˙˙ הל&#39; ט&#39; פרק רביעי"
                    HPOS="929"
                    VPOS="1727"
                    WIDTH="1578"
                    HEIGHT="102"></String>
          </TextLine>

          
          
          <TextLine ID="eSc_line_1868981"
                    
                    BASELINE="1557 1857 1653 1850 1955 1850 2157 1857 2366 1857 2490 1846" 
                    HPOS="1550"
                    VPOS="1795"
                    WIDTH="936"
                    HEIGHT="103">
            <Shape><Polygon POINTS="1553 1853 1553 1898 2483 1888 2486 1843 2483 1822 2294 1822 2291 1819 2263 1795 2260 1795 2257 1795 2253 1795 2250 1795 2191 1819 2188 1819 1986 1819 1986 1816 1938 1795 1934 1795 1931 1795 1550 1812 1553 1853"/></Shape>
	    <String CONTENT="יום טוב של ראש השנה שחל להיות בשבת"
                    HPOS="1550"
                    VPOS="1795"
                    WIDTH="936"
                    HEIGHT="103"></String>
          </TextLine>

          
          
          <TextLine ID="eSc_line_1868982"
                    
                    BASELINE="734 1929 884 1918 1821 1929 2517 1922" 
                    HPOS="727"
                    VPOS="1870"
                    WIDTH="1787"
                    HEIGHT="110">
            <Shape><Polygon POINTS="730 1925 727 1956 1073 1980 1077 1980 1255 1963 1324 1980 1327 1980 1330 1980 1334 1980 1382 1963 1629 1980 1632 1980 1636 1980 1684 1963 1965 1980 1968 1980 2058 1963 2061 1963 2064 1963 2116 1980 2119 1980 2123 1980 2510 1963 2514 1918 2514 1891 1128 1891 1111 1888 1008 1870 1005 1870 730 1884 730 1925"/></Shape>
	    <String CONTENT="במקדש היו תוקעין אבל לא במדינה משחרב בית המקדש התקין רבן יוחנן בן זכאי"
                    HPOS="727"
                    VPOS="1870"
                    WIDTH="1787"
                    HEIGHT="110"></String>
          </TextLine>

          
          
          <TextLine ID="eSc_line_1868983"
                    
                    BASELINE="751 1990 884 1987 1152 2001 1547 2001 1670 2008 2500 2001" 
                    HPOS="744"
                    VPOS="1946"
                    WIDTH="1753"
                    HEIGHT="116">
            <Shape><Polygon POINTS="747 1987 747 2035 850 2056 854 2056 857 2056 902 2035 905 2035 908 2035 943 2059 946 2059 950 2059 953 2062 1029 2062 1029 2059 1032 2059 1035 2059 1035 2056 1056 2035 1059 2035 1128 2059 1131 2059 1135 2062 1269 2062 1269 2059 1272 2059 1276 2059 1303 2035 1306 2035 1581 2035 1584 2035 1619 2059 1622 2059 1625 2059 1629 2059 1632 2059 1687 2035 1776 2059 1780 2059 1783 2059 1890 2038 1962 2059 1965 2059 1968 2062 2092 2062 2092 2059 2095 2059 2099 2059 2119 2042 2140 2059 2143 2059 2147 2059 2150 2062 2339 2062 2339 2059 2493 2032 2497 1997 2493 1966 1372 1946 1368 1946 898 1963 812 1946 809 1946 806 1946 744 1963 747 1987"/></Shape>
	    <String CONTENT="שיהוא תוקעין בכל מקום שיש בו בית דין אמ&#39; ר&#39; לעזר לא התקין רבן יוחנן בן זכאי [ש/]"
                    HPOS="744"
                    VPOS="1946"
                    WIDTH="1753"
                    HEIGHT="116"></String>
          </TextLine>

          
          
          <TextLine ID="eSc_line_1868984"
                    
                    BASELINE="740 2073 1293 2073 1481 2079 1917 2083 2339 2083 2493 2069" 
                    HPOS="734"
                    VPOS="2042"
                    WIDTH="1756"
                    HEIGHT="85">
            <Shape><Polygon POINTS="737 2069 734 2127 2486 2114 2490 2066 2486 2042 737 2042 737 2069"/></Shape>
	    <String CONTENT="שיהוא תוקעין אלא ביבנה בלבד אמרו לו אחד ביבנה ואחד בכל מקום שיש בו בית דין "
                    HPOS="734"
                    VPOS="2042"
                    WIDTH="1756"
                    HEIGHT="85"></String>
          </TextLine>

          
          
          <TextLine ID="eSc_line_1868985"
                    
                    BASELINE="758 2151 946 2148 1234 2158 1927 2155 2161 2162 2356 2162 2486 2151" 
                    HPOS="751"
                    VPOS="2100"
                    WIDTH="1732"
                    HEIGHT="89">
            <Shape><Polygon POINTS="754 2148 751 2189 2480 2189 2483 2148 2483 2124 2431 2100 2428 2100 2425 2100 2421 2100 2418 2100 2394 2124 2058 2124 2006 2100 2003 2100 1999 2100 1996 2100 1934 2117 1485 2100 1481 2100 1478 2100 1440 2121 1207 2121 1104 2100 1101 2100 1097 2100 1015 2124 754 2124 754 2148"/></Shape>
	    <String CONTENT="ב&#39; ועוד זו היתה ירושלם יתירה על יבנה שכל עיר שהיא רואה ושומעת וקרובה"
                    HPOS="751"
                    VPOS="2100"
                    WIDTH="1732"
                    HEIGHT="89"></String>
          </TextLine>

          
          
          <TextLine ID="eSc_line_1868986"
                    
                    BASELINE="850 2230 943 2223 1262 2230 2411 2230" 
                    HPOS="843"
                    VPOS="2172"
                    WIDTH="1564"
                    HEIGHT="96">
            <Shape><Polygon POINTS="847 2227 843 2261 2401 2268 2407 2227 2404 2193 2281 2172 2277 2172 2157 2189 2088 2172 2085 2172 2082 2172 1756 2189 1680 2172 1677 2172 1673 2172 1433 2189 1365 2172 1361 2172 1358 2172 1354 2172 1317 2189 1059 2172 1056 2172 939 2189 915 2172 912 2172 908 2172 905 2172 902 2172 847 2189 847 2227"/></Shape>
	    <String CONTENT="ויכולה לבוא תוקעין בה וביבנה לא היו תוקעין אלא בבית דין בלבד ˙˙ ג&#39;"
                    HPOS="843"
                    VPOS="2172"
                    WIDTH="1564"
                    HEIGHT="96"></String>
          </TextLine>

          
          
          <TextLine ID="eSc_line_1868987"
                    
                    BASELINE="922 2292 1317 2302 2490 2302" 
                    HPOS="915"
                    VPOS="2265"
                    WIDTH="1571"
                    HEIGHT="71">
            <Shape><Polygon POINTS="919 2289 915 2333 2480 2336 2486 2299 2483 2268 919 2265 919 2289"/></Shape>
	    <String CONTENT="בראשונה היה הלולב ניטל במקדש שבעה ובמדינה יום אחד משחרב בית"
                    HPOS="915"
                    VPOS="2265"
                    WIDTH="1571"
                    HEIGHT="71"></String>
          </TextLine>

          
          
          <TextLine ID="eSc_line_1868988"
                    
                    BASELINE="761 2374 1893 2374 2047 2381 2401 2384 2500 2391" 
                    HPOS="758"
                    VPOS="2319"
                    WIDTH="1739"
                    HEIGHT="110">
            <Shape><Polygon POINTS="758 2371 758 2412 943 2412 960 2426 960 2429 963 2429 967 2429 970 2429 1070 2412 1077 2412 1574 2412 1591 2412 1673 2429 1677 2429 1749 2415 1766 2412 1793 2415 1907 2429 1910 2429 2490 2415 2497 2388 2493 2343 1739 2343 1728 2340 1605 2323 1601 2323 1598 2323 1547 2340 1543 2340 1540 2340 1474 2323 1471 2323 1468 2323 1372 2340 1365 2340 1354 2340 1262 2323 1258 2323 1169 2340 1159 2340 1131 2340 823 2319 819 2319 816 2319 758 2336 758 2371"/></Shape>
	    <String CONTENT="המקדש התקין רבן יוחנן בן זכאי שיהא הלולב ניטל במדינה שבעה זכר למקדש ושיהא"
                    HPOS="758"
                    VPOS="2319"
                    WIDTH="1739"
                    HEIGHT="110"></String>
          </TextLine>

          
          
          <TextLine ID="eSc_line_1868989"
                    
                    BASELINE="737 2443 1022 2443 1183 2450 1680 2453 1862 2460 2483 2460" 
                    HPOS="730"
                    VPOS="2395"
                    WIDTH="1750"
                    HEIGHT="99">
            <Shape><Polygon POINTS="734 2439 730 2480 2473 2494 2480 2456 2480 2426 2298 2426 2298 2422 2274 2402 2270 2402 2267 2402 2263 2402 1951 2422 1924 2422 1896 2422 1577 2398 1574 2398 1382 2419 1378 2419 1372 2419 1169 2395 833 2395 830 2395 734 2415 734 2439"/></Shape>
	    <String CONTENT="יום הנף כולו אסור ˙˙ ד&#39; בראשונה היו מקבלין עדות החדש כל היום פעם אחת נשתהו"
                    HPOS="730"
                    VPOS="2395"
                    WIDTH="1750"
                    HEIGHT="99"></String>
          </TextLine>

          
          
          <TextLine ID="eSc_line_1868961"
                    
                    BASELINE="734 2525 2075 2525 2257 2532 2500 2525" 
                    HPOS="727"
                    VPOS="2467"
                    WIDTH="1770"
                    HEIGHT="96">
            <Shape><Polygon POINTS="730 2522 730 2563 2493 2559 2497 2522 2493 2494 2164 2494 2013 2467 2010 2467 2006 2467 2003 2467 1972 2494 1903 2494 1872 2467 1869 2467 1866 2467 1735 2467 1732 2467 1728 2467 1725 2467 1694 2494 1450 2494 1087 2467 1083 2467 1080 2467 1077 2467 1049 2484 826 2474 823 2474 727 2491 730 2522"/></Shape>
	    <String CONTENT="העדים מלבוא ונתקלקלו הלוים בשיר התקינ ושלא יהו מקבלים אלא עד המנחה ואם"
                    HPOS="727"
                    VPOS="2467"
                    WIDTH="1770"
                    HEIGHT="96"></String>
          </TextLine>

          
          
          <TextLine ID="eSc_line_1868964"
                    
                    BASELINE="768 2604 1375 2600 1838 2611 2260 2611 2504 2597" 
                    HPOS="761"
                    VPOS="2559"
                    WIDTH="1739"
                    HEIGHT="89">
            <Shape><Polygon POINTS="764 2600 764 2648 2497 2641 2500 2593 2493 2559 761 2563 764 2600"/></Shape>
	    <String CONTENT="באו מן המנחה ולמעלן נוהגין אותו היום קודש ולמחר קדש משחרב בית המקדש התקין"
                    HPOS="761"
                    VPOS="2559"
                    WIDTH="1739"
                    HEIGHT="89"></String>
          </TextLine>

          
          
          <TextLine ID="eSc_line_1868960"
                    
                    BASELINE="751 2683 854 2676 2219 2676 2490 2686" 
                    HPOS="744"
                    VPOS="2628"
                    WIDTH="1742"
                    HEIGHT="103">
            <Shape><Polygon POINTS="747 2679 744 2717 1763 2731 1766 2731 1769 2731 1773 2731 1773 2727 1776 2727 1790 2713 1914 2713 1934 2727 1938 2731 1941 2731 1944 2731 1948 2731 1972 2727 2068 2713 2476 2731 2486 2683 2483 2648 1282 2628 1279 2628 1190 2645 1138 2628 1135 2628 1131 2628 1128 2628 1066 2645 950 2628 946 2628 747 2645 747 2679"/></Shape>
	    <String CONTENT="רבן יוחנן בן זכאי שאפילו שיהוא מקבלין עדות החדש כל היום ˙˙ ה&#39; אמ&#39; ר&#39; יהושע"
                    HPOS="744"
                    VPOS="2628"
                    WIDTH="1742"
                    HEIGHT="103"></String>
          </TextLine>

          
          
          <TextLine ID="eSc_line_1868963"
                    
                    BASELINE="734 2741 826 2751 1056 2744 1402 2751 1910 2751 2274 2761 2373 2761 2476 2751" 
                    HPOS="727"
                    VPOS="2696"
                    WIDTH="1746"
                    HEIGHT="117">
            <Shape><Polygon POINTS="730 2737 727 2785 1214 2785 1217 2785 1258 2806 1262 2806 1265 2806 1704 2789 1725 2806 1725 2809 1728 2809 1732 2809 1735 2813 1948 2813 1948 2809 1951 2809 1955 2809 1955 2806 1968 2792 2010 2813 2013 2813 2016 2813 2020 2813 2075 2796 2425 2813 2428 2813 2431 2813 2435 2813 2469 2789 2473 2748 2469 2724 1900 2703 1896 2703 1653 2717 1636 2717 1629 2717 1543 2700 1540 2700 1125 2713 1101 2713 1097 2713 1025 2696 1022 2696 1018 2696 730 2710 730 2737"/></Shape>
	    <String CONTENT="בן קרחה ועוד זו התקין רבן יוחנן בן זכאי שאפילו ראש בית דין בכל"
                    HPOS="727"
                    VPOS="2696"
                    WIDTH="1746"
                    HEIGHT="117"></String>
          </TextLine>

          
          
          <TextLine ID="eSc_line_1868966"
                    
                    BASELINE="723 2837 2493 2837" 
                    HPOS="720"
                    VPOS="2775"
                    WIDTH="1770"
                    HEIGHT="120">
            <Shape><Polygon POINTS="720 2833 720 2874 823 2895 826 2895 912 2874 919 2874 922 2874 963 2895 967 2895 970 2895 974 2895 1049 2874 1056 2874 1135 2874 1155 2892 1155 2895 1159 2895 1162 2895 1166 2895 1286 2874 1296 2874 1385 2874 1389 2874 1416 2895 1420 2895 1423 2895 1426 2895 1529 2874 1533 2874 1540 2874 1745 2895 1749 2895 2027 2874 2442 2895 2445 2895 2449 2895 2490 2871 2490 2833 2490 2803 2294 2803 2233 2775 2229 2775 2226 2775 2222 2775 2167 2799 2071 2782 2068 2782 2064 2782 2010 2799 1989 2782 1986 2782 1982 2782 1979 2782 1975 2782 1972 2782 1944 2803 1697 2803 1660 2782 1656 2782 1653 2782 1649 2782 1605 2799 1512 2775 1509 2775 1505 2775 1324 2799 1197 2775 891 2775 888 2775 720 2799 720 2833"/></Shape>
	    <String CONTENT="מקום שלא אמ&#39; ר&#39; יהושע בן קרחה ועוד זו התקין יהוא העדים הולכים אלא למקום"
                    HPOS="720"
                    VPOS="2775"
                    WIDTH="1770"
                    HEIGHT="120"></String>
          </TextLine>

          
          
          <TextLine ID="eSc_line_1868962"
                    
                    BASELINE="744 2902 836 2912 1327 2909 1673 2922 2490 2916" 
                    HPOS="737"
                    VPOS="2857"
                    WIDTH="1749"
                    HEIGHT="100">
            <Shape><Polygon POINTS="740 2898 740 2950 2480 2957 2486 2912 2483 2885 943 2857 939 2857 737 2881 740 2898"/></Shape>
	    <String CONTENT="הוועד ˙˙ ו&#39; סדר ברכות אומר אבות וגבורות וקדושת השם וכולל את המלכיות עמם"
                    HPOS="737"
                    VPOS="2857"
                    WIDTH="1749"
                    HEIGHT="100"></String>
          </TextLine>

          
          
          <TextLine ID="eSc_line_1868965"
                    
                    BASELINE="734 3012 2013 3001 2493 2998" 
                    HPOS="727"
                    VPOS="2950"
                    WIDTH="1763"
                    HEIGHT="127">
            <Shape><Polygon POINTS="730 3008 730 3053 967 3049 974 3053 998 3073 1001 3073 1005 3073 1008 3077 1008 3073 1011 3073 1015 3073 1039 3053 1046 3049 1121 3053 1313 3066 1317 3066 1320 3066 1324 3066 1341 3053 1354 3046 1533 3046 1550 3053 1591 3070 1595 3070 1598 3070 1601 3070 1660 3053 1694 3042 1711 3053 1725 3063 1728 3063 1732 3063 1735 3063 1800 3053 1841 3046 1855 3053 1890 3070 1893 3070 1896 3070 2486 3049 2490 2994 2486 2960 1162 2950 1159 2950 727 2970 730 3008"/></Shape>
	    <String CONTENT="ו{[אינו]} תוקע קדושת היום ותוקע זכרונות ותוקע שופרות ותוקע ואומר"
                    HPOS="727"
                    VPOS="2950"
                    WIDTH="1763"
                    HEIGHT="127"></String>
          </TextLine>

          
        </TextBlock>
        

        
      </PrintSpace>
    </Page>
  </Layout>
</alto>
