<?xml version="1.0" encoding="UTF-8"?>
<alto xmlns:xsi="http://www.w3.org/2001/XMLSchema-instance"
      xmlns="http://www.loc.gov/standards/alto/ns-v4#"
      xsi:schemaLocation="http://www.loc.gov/standards/alto/ns-v4# http://www.loc.gov/standards/alto/v4/alto-4-2.xsd">
  <Description>
    <MeasurementUnit>pixel</MeasurementUnit>
    <sourceImageInformation>
      <fileName>MS-ADD-00470-00001-000-00111.jpg</fileName>
      
    </sourceImageInformation>
  </Description>
  
  <Tags>
    <OtherTag ID="BT2" LABEL="Main" DESCRIPTION="block type Main"/><OtherTag ID="BT835" LABEL="Margin" DESCRIPTION="block type Margin"/><OtherTag ID="BT1" LABEL="Title" DESCRIPTION="block type Title"/><OtherTag ID="BT3" LABEL="Commentary" DESCRIPTION="block type Commentary"/><OtherTag ID="BT4" LABEL="Illustration" DESCRIPTION="block type Illustration"/><OtherTag ID="BT836" LABEL="Paratext" DESCRIPTION="block type Paratext"/>
    <OtherTag ID="LT2" LABEL="Numbering" DESCRIPTION="line type Numbering"/><OtherTag ID="LT3" LABEL="Correction" DESCRIPTION="line type Correction"/>
  </Tags>
  
  <Layout>
    <Page WIDTH="2775"
          HEIGHT="4112"
          PHYSICAL_IMG_NR="106"
          ID="eSc_dummypage_">
      <PrintSpace HPOS="0"
                  VPOS="0"
                  WIDTH="2775"
                  HEIGHT="4112">
        
        <TextBlock HPOS="689.0"
                   VPOS="661.0"
                   WIDTH="1845.0"
                   HEIGHT="2465.0"
                   ID="eSc_textblock_6656"
                   TAGREFS="BT2">
          <Shape><Polygon POINTS="689 661 2534 661 2534 3126 689 3126"/></Shape>
          
          
          <TextLine ID="eSc_line_1868454"
                    
                    BASELINE="788 764 2476 781" 
                    HPOS="782"
                    VPOS="702"
                    WIDTH="1691"
                    HEIGHT="137">
            <Shape><Polygon POINTS="785 760 782 801 1025 825 1029 825 1032 825 1035 825 1063 808 1241 825 1245 825 1382 812 1450 832 1454 832 1457 832 1540 815 1560 832 1564 832 1567 832 1571 832 2356 822 2421 839 2425 839 2428 839 2431 839 2469 818 2473 777 2473 750 2404 712 2401 712 2349 712 2346 712 2342 712 2339 712 2298 747 2294 747 1962 747 1958 740 1924 712 1924 709 1920 709 1917 709 1821 709 1817 709 1814 709 1811 709 1780 736 1773 743 1646 743 1639 733 1619 719 1619 716 1615 716 1612 716 1608 716 1605 716 1601 716 1601 719 1584 733 1577 743 1502 743 1492 729 1464 705 1464 702 1461 702 1457 702 1200 702 1197 702 1193 702 1190 702 1190 705 1166 726 1152 736 785 719 785 760"/></Shape>
	    <String CONTENT="גדולים עושים עושין אותו משל עצמן ˙˙ ג&#39; מותר שירי הלשכה מה היו עושין"
                    HPOS="782"
                    VPOS="702"
                    WIDTH="1691"
                    HEIGHT="137"></String>
          </TextLine>

          
          
          <TextLine ID="eSc_line_1868457"
                    
                    BASELINE="758 842 1485 860 1701 870 2397 870 2483 860" 
                    HPOS="751"
                    VPOS="791"
                    WIDTH="1729"
                    HEIGHT="130">
            <Shape><Polygon POINTS="754 839 751 884 1128 890 1128 894 1145 908 1145 911 1149 911 1152 911 1155 911 1159 911 1190 894 1193 894 1197 894 1248 911 1252 911 1255 911 1361 897 1409 894 1420 901 1437 911 1440 911 1444 911 1447 911 1553 904 1632 897 1653 904 1680 918 1684 918 2473 921 2480 856 2480 836 2366 812 2363 812 2267 832 2257 832 1838 829 1838 825 1811 805 1807 805 1804 805 1800 805 1797 805 1752 825 1749 825 1485 825 1481 822 1402 798 1399 798 1396 798 1210 818 1200 818 1186 818 888 791 884 791 754 812 754 839"/></Shape>
	    <String CONTENT="בהם לוקחין בהם יינות ושמנים וסלתות והשכר להקדש דברי ר&#39; ישמעאל רבי"
                    HPOS="751"
                    VPOS="791"
                    WIDTH="1729"
                    HEIGHT="130"></String>
          </TextLine>

          
          
          <TextLine ID="eSc_line_1868458"
                    
                    BASELINE="734 911 963 918 1248 932 1461 932 2092 949 2500 952" 
                    HPOS="727"
                    VPOS="870"
                    WIDTH="1770"
                    HEIGHT="137">
            <Shape><Polygon POINTS="730 908 727 949 1059 976 1063 976 1296 966 1334 983 1337 983 1341 983 1567 973 1622 990 1625 990 1629 990 1749 976 1759 990 1763 990 1763 993 1766 993 1769 993 1914 997 1917 997 2198 986 2349 1007 2353 1007 2490 990 2497 949 2497 921 2061 890 2058 890 1704 901 1677 901 1673 901 1639 880 1636 880 1632 880 1488 877 1485 877 1406 894 1399 894 1265 894 1265 890 1248 877 1248 873 1245 873 1241 873 1238 873 1138 887 1121 873 1121 870 1118 870 1114 870 1111 870 730 877 730 908"/></Shape>
	    <String CONTENT="עקיבה אומ&#39; אין מסתכרין משל הקדש אף לא משל עניים ˙˙ ד&#39; מותר התרומה"
                    HPOS="727"
                    VPOS="870"
                    WIDTH="1770"
                    HEIGHT="137"></String>
          </TextLine>

          
          
          <TextLine ID="eSc_line_1868459"
                    
                    BASELINE="727 1004 823 997 994 997 1313 1004 1478 1017 2500 1021" 
                    HPOS="720"
                    VPOS="952"
                    WIDTH="1777"
                    HEIGHT="110">
            <Shape><Polygon POINTS="723 1000 720 1034 1317 1038 1324 1041 1420 1062 1423 1062 2490 1048 2497 1017 2497 986 2006 966 2003 966 1886 976 1855 980 1841 976 1769 956 1766 956 1763 956 1663 976 1636 980 1560 973 1420 962 1416 962 1269 969 1162 976 1149 969 1125 952 1121 952 1118 952 1114 952 723 962 723 1000"/></Shape>
	    <String CONTENT="מה היו עושין בה רקועי זהב ציפוי לבית קדש הקדשים ר&#39; ישמעאל אומ&#39;"
                    HPOS="720"
                    VPOS="952"
                    WIDTH="1777"
                    HEIGHT="110"></String>
          </TextLine>

          
          
          <TextLine ID="eSc_line_1868460"
                    
                    BASELINE="734 1075 967 1072 1444 1086 1807 1086 2006 1093 2342 1093 2483 1082" 
                    HPOS="727"
                    VPOS="1028"
                    WIDTH="1753"
                    HEIGHT="113">
            <Shape><Polygon POINTS="730 1072 727 1123 1402 1113 1481 1127 1536 1134 1540 1134 1649 1123 1745 1117 1769 1123 1811 1137 1814 1137 1817 1137 1927 1123 1938 1123 1951 1123 2157 1141 2161 1141 2164 1141 2167 1141 2191 1123 2421 1141 2425 1141 2428 1141 2476 1120 2480 1079 2476 1055 1022 1028 1018 1028 730 1041 730 1072"/></Shape>
	    <String CONTENT="מותר הפירות קיץ למזבח מותר נכסים לכלי שרת ר&#39; חנניה סגן הכהנים אומ&#39; מותר"
                    HPOS="727"
                    VPOS="1028"
                    WIDTH="1753"
                    HEIGHT="113"></String>
          </TextLine>

          
          
          <TextLine ID="eSc_line_1868461"
                    
                    BASELINE="812 1147 1866 1171 2473 1161" 
                    HPOS="806"
                    VPOS="1099"
                    WIDTH="1663"
                    HEIGHT="120">
            <Shape><Polygon POINTS="809 1144 806 1182 878 1202 881 1202 884 1202 1917 1199 2202 1219 2205 1219 2466 1202 2469 1158 2462 1117 2239 1130 2212 1113 2209 1110 2205 1110 2202 1110 2198 1110 2130 1113 1941 1127 1776 1113 1670 1103 1667 1103 1584 1110 1502 1120 1457 1110 1402 1099 1399 1099 1320 1110 1265 1117 809 1110 809 1144"/></Shape>
	    <String CONTENT="נכסים קייץ למזבח מותר תרומה לכלי שרת זה וזה לא היו מודין בפירות ˙˙ ה&#39;"
                    HPOS="806"
                    VPOS="1099"
                    WIDTH="1663"
                    HEIGHT="120"></String>
          </TextLine>

          
          
          <TextLine ID="eSc_line_1868462"
                    
                    BASELINE="888 1230 981 1223 1118 1223 1402 1233 1766 1233 2136 1243 2493 1237" 
                    HPOS="881"
                    VPOS="1189"
                    WIDTH="1609"
                    HEIGHT="102">
            <Shape><Polygon POINTS="884 1226 881 1264 1032 1264 1059 1285 1063 1285 1066 1285 1070 1285 1461 1267 1468 1267 1474 1267 2013 1291 2016 1291 2486 1271 2490 1233 2486 1202 884 1189 884 1226"/></Shape>
	    <String CONTENT="מותר הקטורת מה היו עושין בה מפרישין ממנה שכר האמנין ומחללין אותה"
                    HPOS="881"
                    VPOS="1189"
                    WIDTH="1609"
                    HEIGHT="102"></String>
          </TextLine>

          
          
          <TextLine ID="eSc_line_1868463"
                    
                    BASELINE="716 1291 1217 1302 1571 1315 1944 1322 2473 1315" 
                    HPOS="710"
                    VPOS="1247"
                    WIDTH="1759"
                    HEIGHT="123">
            <Shape><Polygon POINTS="713 1288 710 1339 1248 1367 1252 1367 1255 1367 1313 1350 1317 1350 1330 1350 1553 1370 1557 1370 2466 1363 2469 1312 2469 1285 2425 1264 2421 1264 2418 1264 1910 1278 1883 1278 1879 1278 1845 1257 1841 1257 1838 1257 1835 1257 1711 1274 1468 1254 1464 1254 1005 1267 1001 1267 823 1247 819 1247 713 1264 713 1288"/></Shape>
	    <String CONTENT="על מעות האמנין ונותנין אותה לאומנין בשכרן וחוזרין ולוקחין אותה מתרומה חדשה"
                    HPOS="710"
                    VPOS="1247"
                    WIDTH="1759"
                    HEIGHT="123"></String>
          </TextLine>

          
          
          <TextLine ID="eSc_line_1868464"
                    
                    BASELINE="881 1384 1677 1384 1962 1394 2469 1394" 
                    HPOS="874"
                    VPOS="1336"
                    WIDTH="1592"
                    HEIGHT="96">
            <Shape><Polygon POINTS="878 1380 874 1432 2462 1428 2466 1391 2462 1356 1327 1336 1324 1336 878 1350 878 1380"/></Shape>
	    <String CONTENT="אם בא החדש בזמנו לוקחין אותה מתרומה חדשה ואם לאו מן הישנה ˙˙ ו&#39;"
                    HPOS="874"
                    VPOS="1336"
                    WIDTH="1592"
                    HEIGHT="96"></String>
          </TextLine>

          
          
          <TextLine ID="eSc_line_1868465"
                    
                    BASELINE="929 1456 1543 1473 1955 1470 2116 1476 2462 1476" 
                    HPOS="922"
                    VPOS="1415"
                    WIDTH="1537"
                    HEIGHT="109">
            <Shape><Polygon POINTS="926 1452 922 1494 957 1511 960 1511 963 1511 1279 1500 1354 1518 1358 1518 1361 1518 1433 1504 1447 1500 1461 1504 1526 1521 1529 1521 1533 1521 1691 1507 1759 1504 2452 1524 2459 1473 2455 1446 1745 1435 1715 1415 1711 1415 1708 1415 1704 1415 926 1422 926 1452"/></Shape>
	    <String CONTENT="המקדיש נכסיו והיו בהם דברים ראויין לקרבנות הציבור ינתנו לאומנין"
                    HPOS="922"
                    VPOS="1415"
                    WIDTH="1537"
                    HEIGHT="109"></String>
          </TextLine>

          
          
          <TextLine ID="eSc_line_1868466"
                    
                    BASELINE="764 1528 1155 1535 1910 1555 2497 1555" 
                    HPOS="758"
                    VPOS="1494"
                    WIDTH="1735"
                    HEIGHT="116">
            <Shape><Polygon POINTS="761 1524 758 1569 1900 1603 1903 1603 2003 1589 2088 1607 2092 1607 2229 1593 2287 1610 2291 1610 2294 1610 2490 1593 2493 1552 2490 1524 2188 1500 2185 1500 1951 1511 1900 1494 1896 1494 1893 1494 761 1494 761 1524"/></Shape>
	    <String CONTENT="בשכרן דברי ר&#39; עקיבה אמ&#39; לו בן עזאי היא המדה אלא מפרישין מהן שכר האומנים"
                    HPOS="758"
                    VPOS="1494"
                    WIDTH="1735"
                    HEIGHT="116"></String>
          </TextLine>

          
          
          <TextLine ID="eSc_line_1868467"
                    
                    BASELINE="734 1603 987 1617 1372 1620 1728 1631 2483 1631" 
                    HPOS="727"
                    VPOS="1562"
                    WIDTH="1753"
                    HEIGHT="106">
            <Shape><Polygon POINTS="730 1600 727 1651 2473 1668 2480 1627 2480 1596 2366 1576 2363 1576 2359 1576 2298 1593 2294 1593 1934 1593 1931 1589 1903 1572 1900 1572 1896 1572 1893 1572 1814 1589 1807 1589 1769 1589 1279 1565 1276 1565 1077 1579 991 1562 987 1562 730 1579 730 1600"/></Shape>
	    <String CONTENT="ומחללין אותם על מעות האמנים נותנים אתם לאומנים בשכרן וחוזרים ולוקחין"
                    HPOS="727"
                    VPOS="1562"
                    WIDTH="1753"
                    HEIGHT="106"></String>
          </TextLine>

          
          
          <TextLine ID="eSc_line_1868468"
                    
                    BASELINE="737 1689 1039 1685 2010 1706 2490 1699" 
                    HPOS="730"
                    VPOS="1637"
                    WIDTH="1756"
                    HEIGHT="120">
            <Shape><Polygon POINTS="734 1685 730 1733 1269 1727 1286 1737 1293 1744 1296 1744 1300 1744 1303 1744 1447 1737 1588 1733 1622 1737 1691 1751 1694 1751 1697 1751 1735 1737 1752 1733 1766 1737 1790 1751 1793 1751 1797 1751 1938 1737 1975 1737 2016 1737 2284 1757 2287 1757 2483 1737 2486 1696 2483 1672 1083 1637 1080 1637 734 1648 734 1685"/></Shape>
	    <String CONTENT="אותה מתרומה חדשה ˙˙ ז&#39; המקדיש נכסיו והיתה בהם בהמה ראויה על גבי"
                    HPOS="730"
                    VPOS="1637"
                    WIDTH="1756"
                    HEIGHT="120"></String>
          </TextLine>

          
          
          <TextLine ID="eSc_line_1868469"
                    
                    BASELINE="747 1761 1090 1761 1547 1775 1701 1771 1811 1778 2490 1785" 
                    HPOS="740"
                    VPOS="1709"
                    WIDTH="1746"
                    HEIGHT="127">
            <Shape><Polygon POINTS="744 1757 740 1809 1423 1805 1612 1812 1934 1829 1938 1829 1941 1829 1972 1812 1989 1829 1989 1833 1992 1833 1996 1833 2243 1836 2246 1836 2250 1836 2253 1836 2277 1819 2455 1836 2459 1836 2462 1836 2466 1836 2466 1833 2483 1812 2486 1781 2480 1737 1807 1737 1783 1730 1728 1716 1725 1716 1721 1716 1478 1730 1440 1730 1413 1730 1217 1709 1214 1709 744 1723 744 1757"/></Shape>
	    <String CONTENT="המזבח זכרים ונקיבות ר&#39; ליעזר אומ&#39; זכרים ימכרו לצריכי עולות ונקיבות"
                    HPOS="740"
                    VPOS="1709"
                    WIDTH="1746"
                    HEIGHT="127"></String>
          </TextLine>

          
          
          <TextLine ID="eSc_line_1868470"
                    
                    BASELINE="802 1836 1430 1843 2243 1867 2455 1860" 
                    HPOS="795"
                    VPOS="1781"
                    WIDTH="1657"
                    HEIGHT="134">
            <Shape><Polygon POINTS="799 1833 795 1881 2109 1891 2147 1894 2394 1915 2397 1915 2401 1915 2449 1898 2452 1857 2449 1829 2322 1826 2287 1802 2284 1802 2281 1802 2277 1802 2140 1822 2123 1822 2016 1822 2016 1819 1996 1802 1996 1799 1992 1799 1989 1799 1986 1799 1694 1809 1636 1792 1632 1792 1629 1792 1625 1792 1622 1792 1622 1795 1605 1809 1550 1788 1547 1788 1543 1788 1540 1788 1485 1805 1269 1781 1265 1781 1262 1781 1203 1802 974 1802 974 1799 936 1781 933 1781 929 1781 799 1795 799 1833"/></Shape>
	    <String CONTENT="ימכרו לצריכי זבחי שלמים ודמיהן יפלו עם שאר נכסים לבדק הבית ˙˙ ח&#39;"
                    HPOS="795"
                    VPOS="1781"
                    WIDTH="1657"
                    HEIGHT="134"></String>
          </TextLine>

          
          
          <TextLine ID="eSc_line_1868471"
                    
                    BASELINE="991 1915 1797 1929 2099 1939 2473 1939" 
                    HPOS="984"
                    VPOS="1867"
                    WIDTH="1485"
                    HEIGHT="123">
            <Shape><Polygon POINTS="987 1912 984 1960 1509 1960 1512 1963 1526 1973 1526 1977 1529 1977 1533 1977 1536 1977 1619 1963 1625 1963 1629 1963 1643 1977 1643 1980 1646 1980 1649 1980 1653 1980 1783 1966 1807 1963 1811 1966 1821 1980 1824 1980 1824 1984 1828 1984 1831 1984 2040 1987 2044 1987 2250 1973 2335 1990 2339 1990 2466 1970 2469 1936 2469 1901 1344 1867 1341 1867 987 1877 987 1912"/></Shape>
	    <String CONTENT="ר&#39; יושוע אומ&#39; זכרין עצמן יקרבו עולות ונקיבות ימכרו לצריכי זבחי"
                    HPOS="984"
                    VPOS="1867"
                    WIDTH="1485"
                    HEIGHT="123"></String>
          </TextLine>

          
          
          <TextLine ID="eSc_line_1868472"
                    
                    BASELINE="720 1977 1056 1994 2257 2008 2486 2001" 
                    HPOS="713"
                    VPOS="1932"
                    WIDTH="1770"
                    HEIGHT="130">
            <Shape><Polygon POINTS="716 1973 713 2025 795 2045 799 2045 802 2045 840 2028 843 2028 1070 2028 1080 2032 1145 2052 1149 2052 1152 2052 1529 2042 1636 2038 1660 2042 1718 2056 1721 2056 1838 2045 1896 2042 1910 2049 1944 2062 1948 2062 1951 2062 2027 2049 2054 2045 2476 2056 2483 1997 2483 1966 2414 1949 2411 1949 2407 1949 2263 1966 2212 1970 1845 1966 1838 1960 1828 1949 1828 1946 1824 1946 1821 1946 1817 1946 1735 1956 1684 1963 1670 1956 1646 1939 1643 1939 1639 1939 1636 1939 1632 1939 1571 1953 1550 1960 1543 1953 1529 1942 1529 1939 1526 1939 1522 1939 1519 1939 1351 1949 1262 1960 1159 1960 1152 1949 1142 1936 1138 1936 1138 1932 1135 1932 1131 1932 1128 1932 716 1939 716 1973"/></Shape>
	    <String CONTENT="שלמים ויביא בדמיהן עולות ושאר נכסים יפלו לבדק הבית ˙˙ ט&#39; אמ&#39; ר&#39; עקיבה"
                    HPOS="713"
                    VPOS="1932"
                    WIDTH="1770"
                    HEIGHT="130"></String>
          </TextLine>

          
          
          <TextLine ID="eSc_line_1868473"
                    
                    BASELINE="720 2066 939 2059 1337 2076 1986 2083 2161 2090 2346 2090 2476 2079" 
                    HPOS="713"
                    VPOS="2018"
                    WIDTH="1760"
                    HEIGHT="106">
            <Shape><Polygon POINTS="716 2062 713 2103 2466 2124 2473 2076 2469 2056 1461 2025 1457 2025 1008 2035 960 2018 957 2018 953 2018 716 2032 716 2062"/></Shape>
	    <String CONTENT="רואה אני את דברי ר&#39; אליעזר מדברי ר&#39; יהושע שר&#39; אליעזר השווה את"
                    HPOS="713"
                    VPOS="2018"
                    WIDTH="1760"
                    HEIGHT="106"></String>
          </TextLine>

          
          
          <TextLine ID="eSc_line_1868477"
                    
                    BASELINE="696 2134 2123 2165 2452 2165" 
                    HPOS="689"
                    VPOS="2083"
                    WIDTH="1760"
                    HEIGHT="134">
            <Shape><Polygon POINTS="692 2131 689 2175 2442 2217 2449 2162 2449 2124 2136 2107 2133 2107 2130 2107 2126 2107 2112 2117 2106 2121 2102 2117 2095 2107 2092 2107 2092 2103 2088 2103 2085 2103 1934 2100 1931 2100 1927 2100 1879 2114 1866 2117 1845 2114 1769 2100 1766 2100 1547 2110 1444 2114 1426 2107 1389 2093 1385 2093 1382 2093 1162 2103 1101 2107 1090 2103 1032 2083 1029 2083 1025 2083 1022 2083 974 2103 967 2103 692 2100 692 2131"/></Shape>
	    <String CONTENT="מידתו ור&#39; יהושע חלק אמ&#39; ר&#39; פפייס שמעתי את דברי שניהם שהמקדיש בפירוש דברי"
                    HPOS="689"
                    VPOS="2083"
                    WIDTH="1760"
                    HEIGHT="134"></String>
          </TextLine>

          
          
          <TextLine ID="eSc_line_1868474"
                    
                    BASELINE="696 2210 981 2220 1303 2220 1464 2227 1732 2227 2222 2241 2459 2234" 
                    HPOS="689"
                    VPOS="2175"
                    WIDTH="1766"
                    HEIGHT="117">
            <Shape><Polygon POINTS="692 2206 689 2258 1684 2282 1687 2282 1776 2271 1797 2268 1807 2271 1845 2285 1848 2285 1852 2285 1944 2271 1951 2271 1958 2271 2016 2289 2020 2289 2023 2289 2212 2275 2219 2275 2229 2289 2233 2289 2233 2292 2236 2292 2239 2292 2243 2292 2452 2275 2455 2230 2455 2203 692 2175 692 2206"/></Shape>
	    <String CONTENT="ר&#39; אליעזר והמקדיש סתם דברי ר&#39; יהושע ˙˙ י&#39; המקדיש נכסיו והיו בהם דברים"
                    HPOS="689"
                    VPOS="2175"
                    WIDTH="1766"
                    HEIGHT="117"></String>
          </TextLine>

          
          
          <TextLine ID="eSc_line_1868475"
                    
                    BASELINE="710 2295 881 2285 1214 2295 1337 2292 1598 2302 1941 2302 2085 2309 2414 2306 2473 2313" 
                    HPOS="703"
                    VPOS="2241"
                    WIDTH="1766"
                    HEIGHT="109">
            <Shape><Polygon POINTS="706 2292 703 2326 2455 2350 2469 2313 2469 2275 2294 2254 2291 2254 2287 2254 2229 2271 2222 2271 1759 2271 1749 2268 1629 2247 1625 2247 1413 2265 1399 2265 1378 2265 987 2241 984 2241 706 2258 706 2292"/></Shape>
	    <String CONTENT="ראויין לקרב על גבי המזבח יינות ושמנים ועופות ר&#39; לעזר אומר ימכרו"
                    HPOS="703"
                    VPOS="2241"
                    WIDTH="1766"
                    HEIGHT="109"></String>
          </TextLine>

          
          
          <TextLine ID="eSc_line_1868478"
                    
                    BASELINE="706 2357 2452 2388" 
                    HPOS="699"
                    VPOS="2306"
                    WIDTH="1750"
                    HEIGHT="133">
            <Shape><Polygon POINTS="703 2354 699 2402 1018 2419 1022 2419 1025 2419 1049 2408 1059 2402 1080 2408 1135 2422 1138 2422 1142 2422 1145 2422 1200 2408 1217 2405 1224 2408 1245 2422 1248 2422 1252 2422 1255 2422 1502 2412 1588 2408 1608 2412 1697 2432 1701 2436 1821 2436 1821 2432 1824 2432 1828 2432 1855 2415 1862 2412 1893 2415 2068 2439 2071 2439 2442 2419 2449 2384 2442 2330 2294 2350 2123 2326 2106 2326 2102 2326 2099 2326 2095 2326 2075 2347 2027 2326 2016 2323 2013 2323 2010 2323 1982 2326 1883 2343 1845 2326 1841 2326 1838 2326 1835 2326 1766 2340 1749 2326 1745 2323 1745 2319 1742 2319 1739 2319 1735 2319 1653 2326 1498 2336 1399 2323 1282 2309 1279 2309 1210 2323 1190 2330 1005 2330 1001 2323 984 2309 984 2306 981 2306 977 2306 974 2306 970 2306 967 2306 946 2323 939 2326 703 2323 703 2354"/></Shape>
	    <String CONTENT="לצריכי אתו המין ויביא בדמיהן עולות ושאר נכסים יפלו לבדק הבית ˙˙ י&#39;א&#39; אחת"
                    HPOS="699"
                    VPOS="2306"
                    WIDTH="1750"
                    HEIGHT="133"></String>
          </TextLine>

          
          
          <TextLine ID="eSc_line_1868476"
                    
                    BASELINE="682 2422 977 2439 1389 2443 1701 2453 2469 2453" 
                    HPOS="675"
                    VPOS="2384"
                    WIDTH="1791"
                    HEIGHT="124">
            <Shape><Polygon POINTS="679 2419 675 2467 792 2487 795 2487 884 2474 912 2494 915 2494 919 2494 922 2494 1029 2474 1090 2474 1241 2474 1276 2498 1279 2498 1282 2498 1286 2498 1519 2480 1553 2501 1557 2501 1560 2501 1564 2501 1684 2484 1732 2501 1735 2501 1739 2501 2339 2491 2404 2508 2407 2508 2411 2508 2414 2508 2462 2487 2466 2450 2466 2419 2445 2398 2445 2395 2442 2395 2438 2395 2435 2395 2147 2415 2133 2415 1910 2415 1910 2412 1886 2391 1883 2391 1879 2391 1876 2391 1872 2391 1821 2412 1814 2412 1776 2412 1461 2384 1457 2384 1300 2402 1296 2402 679 2395 679 2419"/></Shape>
	    <String CONTENT="לשלשים יום משערין את הלשכה כל המקבל עליו לספק סלתות מארבע עמד(ו)"
                    HPOS="675"
                    VPOS="2384"
                    WIDTH="1791"
                    HEIGHT="124"></String>
          </TextLine>

          
          
          <TextLine ID="eSc_line_1868449"
                    
                    BASELINE="710 2515 891 2511 1485 2528 1859 2525 2119 2535 2473 2528" 
                    HPOS="703"
                    VPOS="2456"
                    WIDTH="1766"
                    HEIGHT="124">
            <Shape><Polygon POINTS="706 2511 703 2546 1687 2573 1691 2573 1876 2559 1886 2559 1890 2559 1948 2576 1951 2576 1955 2576 2075 2563 2178 2580 2181 2580 2466 2563 2469 2525 2469 2501 2359 2474 2356 2474 2353 2474 2298 2498 2294 2498 2284 2498 2116 2477 2112 2477 1982 2494 1968 2494 1900 2494 1217 2467 1214 2467 1128 2484 1118 2484 1111 2484 974 2456 970 2456 706 2477 706 2511"/></Shape>
	    <String CONTENT="משלש יספק מארבע משלש עמדו מארבע יספק מארבע שיר ההדקש לעליונה"
                    HPOS="703"
                    VPOS="2456"
                    WIDTH="1766"
                    HEIGHT="124"></String>
          </TextLine>

          
          
          <TextLine ID="eSc_line_1868451"
                    
                    BASELINE="747 2587 2469 2607" 
                    HPOS="740"
                    VPOS="2535"
                    WIDTH="1726"
                    HEIGHT="127">
            <Shape><Polygon POINTS="744 2583 740 2621 799 2645 802 2645 806 2645 1022 2624 1094 2648 1097 2648 1101 2648 1224 2631 1310 2652 1313 2652 1317 2652 1320 2652 1389 2635 1553 2652 1557 2652 1560 2652 1564 2652 1598 2631 2236 2662 2239 2662 2459 2638 2466 2604 2462 2573 2308 2573 2308 2570 2287 2552 2287 2549 2284 2549 2281 2549 2277 2549 2143 2566 2095 2546 2092 2546 2088 2546 1968 2563 1835 2542 1831 2542 1711 2563 1697 2563 1420 2563 1413 2559 1320 2535 1317 2535 1313 2535 1138 2556 1128 2556 1107 2539 1107 2535 1104 2535 1101 2535 1097 2535 744 2549 744 2583"/></Shape>
	    <String CONTENT="אם התליעה הסולת התליעה לו אם החמיץ יין החמיץ לו אינו מקבל את מעותיו"
                    HPOS="740"
                    VPOS="2535"
                    WIDTH="1726"
                    HEIGHT="127"></String>
          </TextLine>

          
          
          <TextLine ID="eSc_line_1868452"
                    
                    BASELINE="682 2683 737 2672 819 2669 1049 2679 1227 2676 1392 2683 2459 2686" 
                    HPOS="679"
                    VPOS="2624"
                    WIDTH="1776"
                    HEIGHT="110">
            <Shape><Polygon POINTS="679 2679 679 2717 1615 2717 1670 2731 1701 2731 1715 2717 1749 2731 1766 2731 1859 2717 2414 2734 2418 2734 2421 2734 2425 2734 2452 2713 2455 2683 2452 2648 1845 2648 1828 2645 1694 2624 1691 2624 1687 2624 1684 2624 1656 2641 1420 2624 1416 2624 679 2638 679 2679"/></Shape>
	    <String CONTENT="עד שיהא המזבח מרצה ˙˙ הל&#39; י&#39;א&#39; פרק חמישי אילו הן הממונים"
                    HPOS="679"
                    VPOS="2624"
                    WIDTH="1776"
                    HEIGHT="110"></String>
          </TextLine>

          
          
          <TextLine ID="eSc_line_1868453"
                    
                    BASELINE="696 2727 874 2737 1756 2741 2150 2758 2462 2751" 
                    HPOS="689"
                    VPOS="2700"
                    WIDTH="1770"
                    HEIGHT="103">
            <Shape><Polygon POINTS="692 2724 689 2772 874 2772 895 2779 929 2789 933 2789 936 2789 939 2789 984 2779 1005 2772 1022 2779 1049 2789 1053 2789 1056 2789 1173 2779 1238 2772 1317 2779 1502 2792 1505 2792 1509 2792 1512 2792 1512 2789 1526 2779 1529 2775 1684 2775 1691 2779 1718 2796 1721 2796 1725 2796 1728 2796 1732 2796 1804 2779 1807 2779 1814 2779 2075 2799 2078 2803 2421 2803 2421 2799 2425 2799 2428 2799 2455 2779 2459 2748 2455 2724 2013 2700 2010 2700 1817 2713 1752 2717 692 2700 692 2724"/></Shape>
	    <String CONTENT="שהיו במקדש יוחנן בן פנחס על החותמות [א&#39;]"
                    HPOS="689"
                    VPOS="2700"
                    WIDTH="1770"
                    HEIGHT="103"></String>
          </TextLine>

          
          
          <TextLine ID="eSc_line_1868450"
                    
                    BASELINE="703 2813 1649 2830 2013 2844 2305 2844 2435 2833" 
                    HPOS="696"
                    VPOS="2755"
                    WIDTH="1735"
                    HEIGHT="137">
            <Shape><Polygon POINTS="699 2809 696 2854 2425 2892 2431 2830 2428 2809 2311 2809 2308 2806 2239 2775 2236 2775 2233 2775 2229 2775 2171 2796 2112 2775 2109 2775 2106 2775 2102 2775 2099 2775 2099 2779 2078 2799 1924 2799 1848 2799 1835 2799 1646 2765 1643 2765 1639 2765 1550 2792 1348 2792 1310 2792 1306 2789 1262 2758 1258 2758 1255 2758 1252 2758 1248 2758 1159 2779 977 2755 974 2755 970 2755 915 2782 699 2782 699 2809"/></Shape>
	    <String CONTENT="אחייה על הסלתות מתייה בן שמואל על הפיסות פתחיה על הקינים ולמה נקרא"
                    HPOS="696"
                    VPOS="2755"
                    WIDTH="1735"
                    HEIGHT="137"></String>
          </TextLine>

          
          
          <TextLine ID="eSc_line_1868455"
                    
                    BASELINE="720 2895 984 2905 1423 2905 1763 2919 2020 2919 2462 2929" 
                    HPOS="713"
                    VPOS="2840"
                    WIDTH="1746"
                    HEIGHT="130">
            <Shape><Polygon POINTS="716 2892 713 2929 984 2957 987 2960 1135 2960 1135 2957 1138 2957 1142 2957 1142 2953 1155 2943 1179 2960 1183 2960 1186 2960 1190 2960 1320 2943 1334 2943 1341 2943 1365 2964 1368 2964 1372 2964 1375 2964 1461 2946 1471 2946 1481 2946 1557 2967 1560 2967 1564 2970 2452 2970 2459 2926 2459 2892 1739 2881 1728 2874 1691 2857 1687 2857 1684 2857 1577 2871 1543 2874 1536 2871 1509 2854 1505 2854 1502 2854 1498 2854 1426 2868 1406 2871 1392 2868 1344 2850 1341 2850 1337 2850 1258 2864 1231 2868 1166 2861 974 2844 970 2844 967 2844 929 2857 915 2861 888 2857 802 2840 799 2840 716 2850 716 2892"/></Shape>
	    <String CONTENT="שמו פתחיה שהיה פותח דברין ודורשן ויודע שבעים לשון ˙˙ ב&#39; בן אחייה על"
                    HPOS="713"
                    VPOS="2840"
                    WIDTH="1746"
                    HEIGHT="130"></String>
          </TextLine>

          
          
          <TextLine ID="eSc_line_1868456"
                    
                    BASELINE="682 2977 2136 3008 2476 3008" 
                    HPOS="675"
                    VPOS="2933"
                    WIDTH="1798"
                    HEIGHT="140">
            <Shape><Polygon POINTS="679 2974 675 3018 737 3018 740 3018 764 3039 764 3042 768 3042 771 3042 775 3042 1224 3036 1389 3032 1409 3039 1444 3056 1447 3056 1450 3056 1519 3042 1567 3036 1735 3049 1883 3063 1886 3063 1890 3063 1914 3056 1958 3042 2294 3046 2335 3070 2346 3073 2349 3073 2353 3073 2356 3073 2370 3070 2428 3056 2462 3073 2473 3005 2473 2977 2322 2953 2318 2953 1389 2953 1382 2953 1303 2933 1300 2933 1296 2933 1293 2933 1238 2950 679 2943 679 2974"/></Shape>
	    <String CONTENT="חולי מעים נחוניה חופר שיחין גביני כרוז בן גבר על נעילת שערים בן"
                    HPOS="675"
                    VPOS="2933"
                    WIDTH="1798"
                    HEIGHT="140"></String>
          </TextLine>

          
        </TextBlock>
        

        
      </PrintSpace>
    </Page>
  </Layout>
</alto>
