<?xml version="1.0" encoding="UTF-8"?>
<alto xmlns:xsi="http://www.w3.org/2001/XMLSchema-instance"
      xmlns="http://www.loc.gov/standards/alto/ns-v4#"
      xsi:schemaLocation="http://www.loc.gov/standards/alto/ns-v4# http://www.loc.gov/standards/alto/v4/alto-4-2.xsd">
  <Description>
    <MeasurementUnit>pixel</MeasurementUnit>
    <sourceImageInformation>
      <fileName>MS-ADD-00470-00001-000-00238.jpg</fileName>
      
    </sourceImageInformation>
  </Description>
  
  <Tags>
    <OtherTag ID="BT2" LABEL="Main" DESCRIPTION="block type Main"/><OtherTag ID="BT835" LABEL="Margin" DESCRIPTION="block type Margin"/><OtherTag ID="BT1" LABEL="Title" DESCRIPTION="block type Title"/><OtherTag ID="BT3" LABEL="Commentary" DESCRIPTION="block type Commentary"/><OtherTag ID="BT4" LABEL="Illustration" DESCRIPTION="block type Illustration"/><OtherTag ID="BT836" LABEL="Paratext" DESCRIPTION="block type Paratext"/>
    <OtherTag ID="LT2" LABEL="Numbering" DESCRIPTION="line type Numbering"/><OtherTag ID="LT3" LABEL="Correction" DESCRIPTION="line type Correction"/>
  </Tags>
  
  <Layout>
    <Page WIDTH="2775"
          HEIGHT="4112"
          PHYSICAL_IMG_NR="233"
          ID="eSc_dummypage_">
      <PrintSpace HPOS="0"
                  VPOS="0"
                  WIDTH="2775"
                  HEIGHT="4112">
        
        <TextBlock HPOS="267.0"
                   VPOS="668.0"
                   WIDTH="1855.0"
                   HEIGHT="2456.0"
                   ID="eSc_textblock_6783"
                   TAGREFS="BT2">
          <Shape><Polygon POINTS="267 668 2122 668 2122 3124 267 3124"/></Shape>
          
          
          <TextLine ID="eSc_line_1881338"
                    
                    BASELINE="435 781 2045 781" 
                    HPOS="432"
                    VPOS="740"
                    WIDTH="1612"
                    HEIGHT="96">
            <Shape><Polygon POINTS="432 777 432 836 2044 818 2044 777 2044 740 432 740 432 777"/></Shape>
	    <String CONTENT="טפחים ומחצה וזה נותן טפחים ומחצה בלבנים זה נותן טפח ומחצה וזה"
                    HPOS="432"
                    VPOS="740"
                    WIDTH="1612"
                    HEIGHT="96"></String>
          </TextLine>

          
          
          <TextLine ID="eSc_line_1881324"
                    
                    BASELINE="377 870 922 866 1289 853 1735 860 2058 846" 
                    HPOS="370"
                    VPOS="798"
                    WIDTH="1684"
                    HEIGHT="103">
            <Shape><Polygon POINTS="373 866 373 901 2051 884 2054 842 2051 818 1948 798 1944 798 1941 798 1890 818 1886 818 1824 818 1632 818 1591 798 1588 798 1584 798 1471 822 1468 822 1457 822 1059 805 1056 805 370 832 373 866"/></Shape>
	    <String CONTENT="נותן טפח ומחצה לפיכך אם נפל הכותל המקום והאבנים של שניהם ˙˙"
                    HPOS="370"
                    VPOS="798"
                    WIDTH="1684"
                    HEIGHT="103"></String>
          </TextLine>

          
          
          <TextLine ID="eSc_line_1881325"
                    
                    BASELINE="298 938 747 945 1512 935 1800 938 2058 925" 
                    HPOS="291"
                    VPOS="887"
                    WIDTH="1763"
                    HEIGHT="96">
            <Shape><Polygon POINTS="294 935 294 980 2013 983 2016 983 2020 983 2023 983 2054 962 2054 921 2051 897 761 887 758 887 754 887 706 904 490 890 487 890 291 908 294 935"/></Shape>
	    <String CONTENT="ב&#39; וכן בגנה מקום שנהגו לגדור מחייבין אותו אבל בבקעה מקום שנהגו"
                    HPOS="291"
                    VPOS="887"
                    WIDTH="1763"
                    HEIGHT="96"></String>
          </TextLine>

          
          
          <TextLine ID="eSc_line_1881326"
                    
                    BASELINE="291 1007 493 1021 1303 1021 1797 1010 1968 997" 
                    HPOS="284"
                    VPOS="956"
                    WIDTH="1681"
                    HEIGHT="116">
            <Shape><Polygon POINTS="288 1004 288 1048 360 1048 363 1048 384 1069 387 1069 391 1069 394 1072 830 1072 830 1069 833 1069 884 1051 967 1069 970 1069 974 1069 1018 1051 1588 1065 1591 1065 1595 1065 1656 1048 1701 1065 1704 1065 1708 1065 1711 1065 1769 1041 1962 1041 1965 993 1962 973 1797 956 1793 956 1327 973 1310 973 1306 973 1176 956 1173 956 1053 973 1008 956 1005 956 1001 956 998 956 950 976 946 976 905 976 603 959 600 959 596 959 541 976 514 959 511 959 507 959 504 959 284 976 288 1004"/></Shape>
	    <String CONTENT="שלא לגדור אין מחייבין אותו אלא אם רצה כונס לתוך שלו ועושה חזי(ת)"
                    HPOS="284"
                    VPOS="956"
                    WIDTH="1681"
                    HEIGHT="116"></String>
          </TextLine>

          
          
          <TextLine ID="eSc_line_1881327"
                    
                    BASELINE="236 1082 483 1093 758 1093 929 1086 1252 1089 1423 1082 1886 1082 2078 1069" 
                    HPOS="229"
                    VPOS="1028"
                    WIDTH="1846"
                    HEIGHT="109">
            <Shape><Polygon POINTS="233 1079 233 1123 1543 1137 1547 1137 2071 1117 2075 1065 2071 1048 1793 1028 1790 1028 1601 1048 1577 1048 1550 1048 1334 1031 1330 1031 1327 1031 1324 1031 1306 1048 1303 1051 933 1051 929 1048 847 1031 843 1031 840 1031 771 1048 744 1031 740 1031 737 1031 734 1031 730 1031 727 1031 727 1034 710 1048 710 1051 408 1051 408 1048 349 1031 346 1031 343 1031 229 1048 233 1079"/></Shape>
	    <String CONTENT="מבחוץ לפיכך אם נפל הכותל המקום והאבנים שלו ˙˙ ג&#39; ואם עשו מדע(ת)"
                    HPOS="229"
                    VPOS="1028"
                    WIDTH="1846"
                    HEIGHT="109"></String>
          </TextLine>

          
          
          <TextLine ID="eSc_line_1881328"
                    
                    BASELINE="260 1171 682 1168 809 1161 1649 1161 2068 1147" 
                    HPOS="253"
                    VPOS="1106"
                    WIDTH="1811"
                    HEIGHT="110">
            <Shape><Polygon POINTS="257 1168 257 1202 644 1216 648 1216 761 1199 788 1195 812 1199 884 1213 888 1213 891 1213 929 1199 936 1195 970 1195 1166 1213 1169 1213 1173 1213 1176 1213 1200 1195 1214 1206 1214 1209 1217 1209 1221 1209 1224 1213 1543 1213 1543 1209 1975 1189 1992 1202 1992 1206 1996 1206 1999 1206 2003 1206 2006 1206 2064 1185 2064 1144 2061 1123 1663 1106 1660 1106 1656 1106 1615 1123 1598 1123 1169 1110 1166 1110 1046 1127 1039 1130 253 1130 257 1168"/></Shape>
	    <String CONTENT="שניהם בונים את הכותל באמצע ועושין חזית מיכן ומיכן לפיכך"
                    HPOS="253"
                    VPOS="1106"
                    WIDTH="1811"
                    HEIGHT="110"></String>
          </TextLine>

          
          
          <TextLine ID="eSc_line_1881329"
                    
                    BASELINE="260 1219 435 1237 562 1240 1022 1233 1697 1233 1944 1223 2037 1226" 
                    HPOS="253"
                    VPOS="1189"
                    WIDTH="1781"
                    HEIGHT="96">
            <Shape><Polygon POINTS="257 1216 257 1267 1560 1285 1564 1285 2027 1261 2034 1223 2027 1189 253 1192 257 1216"/></Shape>
	    <String CONTENT="אם נפל הכותל המקום והאבנים של שניהם ˙˙ ד&#39; המקיף את חבירו משל(ש)"
                    HPOS="253"
                    VPOS="1189"
                    WIDTH="1781"
                    HEIGHT="96"></String>
          </TextLine>

          
          
          <TextLine ID="eSc_line_1881330"
                    
                    BASELINE="305 1319 593 1319 878 1308 1588 1308 2030 1298" 
                    HPOS="298"
                    VPOS="1264"
                    WIDTH="1729"
                    HEIGHT="96">
            <Shape><Polygon POINTS="301 1315 301 1360 2023 1343 2027 1295 2020 1264 298 1278 301 1315"/></Shape>
	    <String CONTENT="רוחותיו גדר את הראשונה ואת השנייה ואת השלישית אין מחייבין"
                    HPOS="298"
                    VPOS="1264"
                    WIDTH="1729"
                    HEIGHT="96"></String>
          </TextLine>

          
          
          <TextLine ID="eSc_line_1881331"
                    
                    BASELINE="432 1384 535 1384 689 1394 1368 1394 1557 1387 1896 1387 2075 1374" 
                    HPOS="425"
                    VPOS="1326"
                    WIDTH="1646"
                    HEIGHT="113">
            <Shape><Polygon POINTS="428 1380 428 1425 1461 1439 1464 1439 1468 1439 1543 1418 1557 1418 2068 1418 2071 1370 2068 1353 1879 1326 1876 1326 1512 1350 1450 1356 987 1356 977 1350 950 1329 946 1329 943 1329 939 1329 425 1346 428 1380"/></Shape>
	    <String CONTENT="אותו ר&#39; יוסי אומ&#39; אם עמד וגדר את הרביעית מגלגלין עליו את הכל ˙˙"
                    HPOS="425"
                    VPOS="1326"
                    WIDTH="1646"
                    HEIGHT="113"></String>
          </TextLine>

          
          
          <TextLine ID="eSc_line_1881332"
                    
                    BASELINE="274 1449 339 1466 425 1473 1389 1473 1553 1466 1872 1466 2058 1452" 
                    HPOS="267"
                    VPOS="1428"
                    WIDTH="1787"
                    HEIGHT="90">
            <Shape><Polygon POINTS="270 1446 270 1500 1474 1518 1478 1518 1481 1518 1485 1518 1485 1514 1502 1500 1673 1500 1677 1500 1773 1518 1776 1518 1780 1518 1783 1518 1783 1514 1800 1500 1855 1518 1859 1518 1862 1518 1951 1500 1968 1514 1968 1518 1972 1518 1975 1518 1979 1518 1982 1518 2054 1497 2054 1449 2051 1428 267 1428 270 1446"/></Shape>
	    <String CONTENT="ה&#39; כותל חצר שנפל מחייבין אותו לבנותו עד ארבע אמות בחזקת שנתן"
                    HPOS="267"
                    VPOS="1428"
                    WIDTH="1787"
                    HEIGHT="90"></String>
          </TextLine>

          
          
          <TextLine ID="eSc_line_1881333"
                    
                    BASELINE="298 1552 699 1552 1056 1545 1965 1545" 
                    HPOS="291"
                    VPOS="1494"
                    WIDTH="1671"
                    HEIGHT="113">
            <Shape><Polygon POINTS="294 1548 294 1589 449 1603 452 1603 521 1589 555 1583 562 1589 579 1603 583 1603 586 1603 589 1607 703 1607 703 1603 706 1603 710 1603 730 1589 737 1583 751 1589 788 1603 792 1603 795 1603 929 1586 946 1586 950 1586 991 1603 994 1603 998 1603 1001 1603 1053 1586 1066 1583 1070 1586 1094 1603 1097 1603 1101 1603 1104 1603 1107 1603 1111 1603 1111 1600 1128 1586 1131 1583 1200 1583 1214 1586 1272 1603 1276 1603 1279 1603 1282 1603 1286 1603 1310 1586 1313 1583 1324 1586 1389 1603 1392 1603 1396 1603 1399 1603 1478 1583 1488 1583 1804 1583 1807 1583 1841 1603 1845 1603 1848 1603 1852 1603 1958 1579 1962 1542 1958 1511 1454 1494 1450 1494 1358 1511 1348 1514 809 1514 799 1511 627 1494 624 1494 469 1511 404 1494 401 1494 397 1494 291 1511 294 1548"/></Shape>
	    <String CONTENT="עד שיביא ראיה שלא נתן ˙˙ ו&#39; מארבע אמות ולמעלן אין מחייבין [צ]"
                    HPOS="291"
                    VPOS="1494"
                    WIDTH="1671"
                    HEIGHT="113"></String>
          </TextLine>

          
          
          <TextLine ID="eSc_line_1881334"
                    
                    BASELINE="260 1624 442 1637 775 1624 1022 1620 1694 1631 2082 1610" 
                    HPOS="253"
                    VPOS="1559"
                    WIDTH="1825"
                    HEIGHT="120">
            <Shape><Polygon POINTS="257 1620 257 1658 603 1679 607 1679 785 1658 884 1679 888 1679 891 1679 977 1655 987 1655 1282 1655 1293 1655 1536 1675 1540 1675 2075 1648 2078 1607 2075 1589 1989 1569 1986 1569 1804 1579 1742 1559 1739 1559 1735 1559 1732 1559 1728 1559 1687 1586 1598 1562 1595 1562 1591 1562 1588 1562 1584 1562 1584 1565 1564 1586 1447 1589 1409 1572 1406 1572 1402 1572 1399 1572 1396 1572 1396 1576 1378 1593 1186 1593 1118 1562 1114 1562 1111 1562 1107 1562 1104 1562 1104 1565 1083 1586 843 1589 747 1565 744 1565 740 1565 737 1565 734 1565 734 1569 703 1596 607 1596 579 1572 576 1572 572 1572 569 1572 428 1593 401 1569 401 1565 397 1565 394 1565 298 1565 294 1565 291 1565 288 1565 253 1586 257 1620"/></Shape>
	    <String CONTENT="אותו סמך לו כותל אחר אף על פי שלא נתן עליו את התיקרה מגלגל(ין)"
                    HPOS="253"
                    VPOS="1559"
                    WIDTH="1825"
                    HEIGHT="120"></String>
          </TextLine>

          
          
          <TextLine ID="eSc_line_1881335"
                    
                    BASELINE="308 1706 1042 1689 1766 1689 2075 1696" 
                    HPOS="301"
                    VPOS="1641"
                    WIDTH="1770"
                    HEIGHT="113">
            <Shape><Polygon POINTS="305 1703 305 1733 572 1754 576 1754 658 1733 682 1730 706 1733 788 1751 792 1751 974 1733 1059 1727 1087 1733 1131 1747 1135 1747 1138 1747 1142 1747 1145 1747 1162 1733 1176 1727 1258 1727 1265 1733 1279 1744 1279 1747 1282 1747 1286 1747 1289 1747 1406 1733 1464 1727 1512 1733 1591 1744 1595 1744 2064 1730 2071 1692 2068 1658 1454 1641 1450 1641 1447 1641 1444 1641 1413 1661 1409 1661 1392 1661 1118 1644 1114 1644 301 1668 305 1703"/></Shape>
	    <String CONTENT="עליו את הכל בחזקת שלא נתן עד שיביא ראיה שנתן ˙˙ ז&#39; כופין אותו"
                    HPOS="301"
                    VPOS="1641"
                    WIDTH="1770"
                    HEIGHT="113"></String>
          </TextLine>

          
          
          <TextLine ID="eSc_line_1881336"
                    
                    BASELINE="240 1778 552 1771 857 1778 1059 1768 1595 1768 2006 1757 2092 1761" 
                    HPOS="233"
                    VPOS="1706"
                    WIDTH="1855"
                    HEIGHT="127">
            <Shape><Polygon POINTS="236 1775 236 1816 620 1833 624 1833 929 1812 933 1812 1015 1829 1018 1829 1341 1809 1396 1826 1399 1826 1402 1826 1512 1805 1519 1805 1526 1805 1612 1822 1615 1822 1619 1822 1656 1805 1656 1802 2085 1799 2088 1757 2085 1730 2020 1706 2016 1706 2013 1706 2010 1706 2006 1706 2006 1709 1986 1727 1804 1706 1800 1706 1797 1706 1793 1706 1763 1730 1629 1730 1591 1709 1588 1709 1584 1709 1457 1709 1454 1709 1450 1709 1368 1737 1365 1737 1354 1737 891 1716 888 1716 884 1716 881 1716 843 1740 840 1744 764 1744 668 1744 631 1716 627 1716 624 1716 620 1716 487 1744 480 1744 476 1744 353 1720 349 1720 233 1744 236 1775"/></Shape>
	    <String CONTENT="לבנות בית שער ודלת לחצר רבן שמעון בן גמליﭏ אומ&#39; לא כל החצי(רות)"
                    HPOS="233"
                    VPOS="1706"
                    WIDTH="1855"
                    HEIGHT="127"></String>
          </TextLine>

          
          
          <TextLine ID="eSc_line_1881339"
                    
                    BASELINE="315 1857 1090 1857 1224 1850 2078 1840" 
                    HPOS="308"
                    VPOS="1788"
                    WIDTH="1767"
                    HEIGHT="117">
            <Shape><Polygon POINTS="312 1853 312 1888 758 1905 761 1905 2075 1881 2075 1836 2071 1812 1797 1788 1793 1788 1790 1788 1721 1812 1718 1812 1697 1812 1300 1792 1296 1792 1293 1792 1289 1792 1289 1795 1269 1812 1210 1795 1207 1795 1203 1795 1039 1816 1032 1816 1029 1816 847 1795 843 1795 840 1795 782 1819 775 1822 308 1822 312 1853"/></Shape>
	    <String CONTENT="ראויות לבית שער כופין אותו לבנות לעיר חומה ודלתים ובריח רבן שמעון"
                    HPOS="308"
                    VPOS="1788"
                    WIDTH="1767"
                    HEIGHT="117"></String>
          </TextLine>

          
          
          <TextLine ID="eSc_line_1881340"
                    
                    BASELINE="336 1929 833 1929 1080 1922 1872 1925 2068 1915" 
                    HPOS="329"
                    VPOS="1870"
                    WIDTH="1735"
                    HEIGHT="90">
            <Shape><Polygon POINTS="332 1925 332 1960 2061 1956 2064 1912 2061 1891 1125 1870 1121 1870 329 1888 332 1925"/></Shape>
	    <String CONTENT="בן גמליאל אומ&#39; לא כל העיירות ראויות לחומה וכמה יהא בעיר ויהא כאנשי [צ]"
                    HPOS="329"
                    VPOS="1870"
                    WIDTH="1735"
                    HEIGHT="90"></String>
          </TextLine>

          
          
          <TextLine ID="eSc_line_1881341"
                    
                    BASELINE="418 2008 1005 2008 1193 2001 1560 2004 2088 1990" 
                    HPOS="411"
                    VPOS="1956"
                    WIDTH="1674"
                    HEIGHT="96">
            <Shape><Polygon POINTS="415 2004 415 2052 2085 2025 2085 1987 2078 1956 411 1963 415 2004"/></Shape>
	    <String CONTENT="העיר שנים עשר חדש קנה בה בית דירה הרי הוא כאנשי העיר מיד ˙˙ ח&#39;"
                    HPOS="411"
                    VPOS="1956"
                    WIDTH="1674"
                    HEIGHT="96"></String>
          </TextLine>

          
          
          <TextLine ID="eSc_line_1881337"
                    
                    BASELINE="404 2069 596 2083 960 2086 1104 2079 1615 2079 1773 2069 1989 2069 2085 2059" 
                    HPOS="397"
                    VPOS="2028"
                    WIDTH="1685"
                    HEIGHT="99">
            <Shape><Polygon POINTS="401 2066 397 2107 504 2127 507 2127 1104 2110 1972 2127 1975 2127 2078 2107 2082 2056 2078 2038 401 2028 401 2066"/></Shape>
	    <String CONTENT="אין חולקין את החצר עד שיהא בה ארבע אמות לזה וארבע אמות לזה"
                    HPOS="397"
                    VPOS="2028"
                    WIDTH="1685"
                    HEIGHT="99"></String>
          </TextLine>

          
          
          <TextLine ID="eSc_line_1881315"
                    
                    BASELINE="336 2151 572 2162 902 2162 1224 2155 1643 2158 2085 2145" 
                    HPOS="329"
                    VPOS="2097"
                    WIDTH="1753"
                    HEIGHT="113">
            <Shape><Polygon POINTS="332 2148 332 2193 819 2210 823 2210 953 2193 1248 2206 1252 2206 2082 2182 2082 2141 2078 2117 1982 2097 1979 2097 1828 2117 1811 2117 1735 2117 1087 2103 1083 2103 1080 2103 1077 2103 1053 2121 1049 2124 329 2124 332 2148"/></Shape>
	    <String CONTENT="ולא את השדה עד שיהא בה תשעת קבין לזה ותשעת קבין לזה ר&#39; יהודה אומ&#39;"
                    HPOS="329"
                    VPOS="2097"
                    WIDTH="1753"
                    HEIGHT="113"></String>
          </TextLine>

          
          
          <TextLine ID="eSc_line_1881317"
                    
                    BASELINE="332 2230 895 2241 1433 2237 2078 2220" 
                    HPOS="325"
                    VPOS="2172"
                    WIDTH="1750"
                    HEIGHT="106">
            <Shape><Polygon POINTS="329 2227 329 2268 1711 2278 1715 2278 1718 2278 1759 2261 1790 2275 1793 2275 1797 2275 1872 2258 1876 2258 1893 2275 1896 2275 1900 2275 1903 2275 2071 2254 2075 2217 2071 2189 1900 2172 1896 2172 1807 2189 1797 2189 1773 2189 1516 2175 1512 2175 325 2196 329 2227"/></Shape>
	    <String CONTENT="תשעת חצאיי קבים לזה ותשעת חצאי קבין לזה ולא את הגנה עד שיהא בה"
                    HPOS="325"
                    VPOS="2172"
                    WIDTH="1750"
                    HEIGHT="106"></String>
          </TextLine>

          
          
          <TextLine ID="eSc_line_1881313"
                    
                    BASELINE="329 2302 967 2309 1131 2302 1591 2302 1824 2299 2082 2282" 
                    HPOS="322"
                    VPOS="2244"
                    WIDTH="1756"
                    HEIGHT="106">
            <Shape><Polygon POINTS="325 2299 325 2340 1077 2350 1080 2350 1176 2336 1190 2333 1193 2336 1210 2350 1214 2350 1217 2350 1221 2350 1293 2333 1300 2333 1310 2333 1375 2350 1378 2350 1382 2350 1522 2333 1526 2333 1533 2333 1646 2350 1649 2350 2075 2326 2078 2278 2075 2261 1667 2244 1663 2244 1660 2244 1656 2244 1639 2261 1636 2261 1601 2261 1197 2247 1193 2247 1190 2247 1186 2247 1169 2265 1166 2268 970 2268 963 2265 905 2247 902 2247 898 2247 620 2265 607 2265 603 2265 541 2247 538 2247 535 2247 322 2265 325 2299"/></Shape>
	    <String CONTENT="חצי קב לזה וחצי קב לזה ר עקיבה אומ&#39; בית רובע לא את הטרקלין ולא את [צ]"
                    HPOS="322"
                    VPOS="2244"
                    WIDTH="1756"
                    HEIGHT="106"></String>
          </TextLine>

          
          
          <TextLine ID="eSc_line_1881320"
                    
                    BASELINE="325 2378 778 2384 1032 2374 1804 2371 2071 2360" 
                    HPOS="319"
                    VPOS="2313"
                    WIDTH="1749"
                    HEIGHT="106">
            <Shape><Polygon POINTS="322 2374 322 2408 1595 2419 1598 2419 1601 2419 1660 2402 1667 2402 2064 2402 2068 2357 2064 2336 1824 2313 1821 2313 1625 2330 1495 2316 1492 2316 1399 2336 1396 2336 1392 2336 1162 2316 1159 2316 929 2340 908 2340 902 2340 830 2319 826 2319 823 2319 819 2319 816 2319 785 2340 782 2343 319 2343 322 2374"/></Shape>
	    <String CONTENT="המורן ולא את השובך ולא את הטלית ולא את המרחץ ולא את בית הבד עד"
                    HPOS="319"
                    VPOS="2313"
                    WIDTH="1749"
                    HEIGHT="106"></String>
          </TextLine>

          
          
          <TextLine ID="eSc_line_1881316"
                    
                    BASELINE="325 2453 1646 2446 2071 2429" 
                    HPOS="319"
                    VPOS="2388"
                    WIDTH="1749"
                    HEIGHT="116">
            <Shape><Polygon POINTS="322 2450 322 2487 356 2504 360 2504 363 2504 367 2504 452 2484 456 2484 459 2484 627 2504 631 2504 1025 2480 1101 2501 1104 2501 1107 2501 1111 2501 1114 2501 1114 2498 1142 2477 1221 2498 1224 2498 1227 2498 1715 2474 1828 2494 1831 2494 2064 2467 2068 2426 2064 2405 1986 2388 1982 2388 1907 2405 1900 2405 1879 2405 1653 2391 1649 2391 319 2415 322 2450"/></Shape>
	    <String CONTENT="שיהא בהן כדי לזה וכדי לזה אמתי בזמן שאין שניהם רוצין אבל בזמן ששניהן"
                    HPOS="319"
                    VPOS="2388"
                    WIDTH="1749"
                    HEIGHT="116"></String>
          </TextLine>

          
          
          <TextLine ID="eSc_line_1881314"
                    
                    BASELINE="346 2542 449 2535 648 2535 860 2525 1200 2528 1917 2511 2061 2515" 
                    HPOS="339"
                    VPOS="2463"
                    WIDTH="1719"
                    HEIGHT="127">
            <Shape><Polygon POINTS="343 2539 343 2573 524 2590 528 2590 686 2570 716 2566 730 2570 792 2583 795 2583 799 2583 1039 2563 1059 2563 1063 2563 1083 2580 1087 2580 1090 2580 1094 2580 1238 2559 1258 2559 1282 2559 1468 2573 1471 2573 2051 2546 2058 2511 2051 2474 1464 2480 1396 2463 1392 2463 1389 2463 1046 2491 1022 2491 1015 2491 905 2470 902 2470 593 2498 586 2498 579 2498 425 2480 421 2480 418 2480 339 2501 343 2539"/></Shape>
	    <String CONTENT="רוצין אפילו בפחות מיכן יחלוקו וכתבֵו הקדש אף על פי ששניהן רוצין לא"
                    HPOS="339"
                    VPOS="2463"
                    WIDTH="1719"
                    HEIGHT="127"></String>
          </TextLine>

          
          
          <TextLine ID="eSc_line_1881318"
                    
                    BASELINE="325 2614 651 2611 771 2604 1080 2604 1392 2593 1790 2593 1989 2580 2088 2587" 
                    HPOS="319"
                    VPOS="2549"
                    WIDTH="1766"
                    HEIGHT="113">
            <Shape><Polygon POINTS="322 2611 322 2645 476 2662 480 2662 644 2641 675 2638 689 2641 764 2659 768 2659 771 2659 775 2659 840 2638 854 2635 1022 2635 1025 2635 1107 2652 1111 2652 1114 2652 1118 2652 1149 2631 1152 2628 1334 2628 1341 2628 1409 2648 1413 2648 1416 2648 1660 2631 1797 2645 1800 2645 1804 2645 1807 2645 1845 2621 1910 2641 1914 2641 1917 2641 2078 2614 2085 2583 2082 2552 816 2549 812 2549 319 2573 322 2611"/></Shape>
	    <String CONTENT="יחלוקו ˙˙ הל&#39; ח&#39; ˙ פרק כ&#39;ב&#39; לא יחפור אדם בור סמוך לבורו של חבירו"
                    HPOS="319"
                    VPOS="2549"
                    WIDTH="1766"
                    HEIGHT="113"></String>
          </TextLine>

          
          
          <TextLine ID="eSc_line_1881321"
                    
                    BASELINE="322 2672 1231 2679 1402 2672 1636 2672 2013 2652 2092 2655" 
                    HPOS="315"
                    VPOS="2614"
                    WIDTH="1773"
                    HEIGHT="106">
            <Shape><Polygon POINTS="319 2669 319 2703 1382 2720 1385 2720 2082 2693 2088 2652 2082 2614 1859 2621 1855 2621 1752 2652 1337 2652 1300 2628 1276 2617 1272 2617 1269 2617 1200 2631 1152 2641 1111 2635 1039 2617 1035 2617 710 2638 655 2617 651 2617 648 2617 644 2617 641 2617 617 2641 315 2648 319 2669"/></Shape>
	    <String CONTENT="ולא שיח ולא מערה ולא אמת המים ולא נברכת של"
                    HPOS="315"
                    VPOS="2614"
                    WIDTH="1773"
                    HEIGHT="106"></String>
          </TextLine>

          
          
          <TextLine ID="eSc_line_1881322"
                    
                    BASELINE="294 2761 929 2751 1533 2751 1749 2741 2106 2731" 
                    HPOS="288"
                    VPOS="2679"
                    WIDTH="1814"
                    HEIGHT="124">
            <Shape><Polygon POINTS="291 2758 291 2803 1090 2782 1135 2789 1203 2803 1207 2803 1337 2785 1382 2782 1423 2785 1581 2799 1584 2799 1588 2799 1643 2782 1667 2775 1708 2779 1817 2796 1821 2796 1824 2796 1828 2796 1828 2792 1845 2779 1852 2772 1890 2775 1982 2789 1986 2789 2099 2772 2102 2727 2099 2703 1841 2679 1838 2679 1694 2707 1365 2707 1324 2686 1320 2686 1317 2686 1313 2686 1255 2707 1207 2689 1203 2689 1200 2689 1197 2689 1193 2689 1169 2710 545 2696 541 2696 538 2696 493 2717 380 2700 377 2700 373 2700 370 2700 370 2703 349 2720 349 2724 288 2724 291 2758"/></Shape>
	    <String CONTENT="כובסים אלא אם כן הרחיק מכתלו של חבירו שלשה טפחים וסד בסיד מרחיקין"
                    HPOS="288"
                    VPOS="2679"
                    WIDTH="1814"
                    HEIGHT="124"></String>
          </TextLine>

          
          
          <TextLine ID="eSc_line_1881319"
                    
                    BASELINE="308 2837 1258 2837 2071 2809" 
                    HPOS="301"
                    VPOS="2768"
                    WIDTH="1767"
                    HEIGHT="110">
            <Shape><Polygon POINTS="305 2833 305 2878 2064 2850 2068 2806 2064 2785 1509 2775 1505 2775 1502 2775 1447 2792 1444 2792 1440 2792 1375 2768 1372 2768 1368 2768 1365 2768 1361 2768 1361 2772 1341 2792 1173 2796 1008 2799 1005 2799 950 2775 946 2775 943 2775 812 2796 559 2779 555 2779 552 2779 548 2779 524 2799 301 2806 305 2833"/></Shape>
	    <String CONTENT="את הגפת ואת הזבל ואת המלח ואת הסיד ואת הסלעים מכתלו של חבירו [צ]"
                    HPOS="301"
                    VPOS="2768"
                    WIDTH="1767"
                    HEIGHT="110"></String>
          </TextLine>

          
          
          <TextLine ID="eSc_line_1881312"
                    
                    BASELINE="298 2909 445 2919 1083 2919 1495 2909 1886 2909 2075 2895" 
                    HPOS="291"
                    VPOS="2850"
                    WIDTH="1780"
                    HEIGHT="114">
            <Shape><Polygon POINTS="294 2905 294 2950 1300 2964 1303 2964 1468 2943 1474 2943 1478 2943 1522 2960 1526 2960 1529 2964 1790 2964 1790 2960 1793 2960 1835 2940 1838 2940 2068 2940 2071 2892 2068 2868 2030 2850 2027 2850 2023 2850 1763 2874 1728 2874 1694 2874 1378 2854 1375 2854 1276 2878 1265 2878 1207 2878 812 2864 809 2864 624 2881 610 2881 600 2881 343 2861 339 2861 336 2861 291 2878 294 2905"/></Shape>
	    <String CONTENT="שלשה טפחים או סד בסיד מרחיקין את הזרעים ואת המחרישה ואת מי רגלי(ם)"
                    HPOS="291"
                    VPOS="2850"
                    WIDTH="1780"
                    HEIGHT="114"></String>
          </TextLine>

          
          
          <TextLine ID="eSc_line_1881323"
                    
                    BASELINE="284 2991 662 3005 960 3005 1540 2994 1811 2994 2064 3001" 
                    HPOS="277"
                    VPOS="2936"
                    WIDTH="1784"
                    HEIGHT="127">
            <Shape><Polygon POINTS="281 2988 277 3049 610 3063 613 3063 686 3046 710 3042 737 3046 836 3063 840 3063 843 3063 891 3046 908 3039 984 3042 1111 3053 1114 3053 1169 3042 1203 3036 1227 3042 1306 3063 1310 3063 1313 3063 1317 3063 1372 3039 1375 3036 1571 3036 1591 3039 1725 3060 1728 3060 1732 3060 1735 3060 1769 3036 1773 3036 1920 3036 1924 3036 1968 3063 1972 3063 1975 3063 1979 3063 1982 3063 2058 3032 2061 2998 2058 2960 1872 2936 1375 2936 1372 2936 1025 2957 895 2936 891 2936 888 2936 884 2936 884 2940 864 2960 401 2960 380 2940 377 2940 373 2940 370 2940 281 2957 281 2988"/></Shape>
	    <String CONTENT="מן הכותל שלשה טפחים מרחיקים את הריחים שלשה מן השכב שהן ארבע(ה)"
                    HPOS="277"
                    VPOS="2936"
                    WIDTH="1784"
                    HEIGHT="127"></String>
          </TextLine>

          
        </TextBlock>
        

        
      </PrintSpace>
    </Page>
  </Layout>
</alto>
