<?xml version="1.0" encoding="UTF-8"?>
<alto xmlns:xsi="http://www.w3.org/2001/XMLSchema-instance"
      xmlns="http://www.loc.gov/standards/alto/ns-v4#"
      xsi:schemaLocation="http://www.loc.gov/standards/alto/ns-v4# http://www.loc.gov/standards/alto/v4/alto-4-2.xsd">
  <Description>
    <MeasurementUnit>pixel</MeasurementUnit>
    <sourceImageInformation>
      <fileName>MS-ADD-00470-00001-000-00260.jpg</fileName>
      
    </sourceImageInformation>
  </Description>
  
  <Tags>
    <OtherTag ID="BT2" LABEL="Main" DESCRIPTION="block type Main"/><OtherTag ID="BT835" LABEL="Margin" DESCRIPTION="block type Margin"/><OtherTag ID="BT1" LABEL="Title" DESCRIPTION="block type Title"/><OtherTag ID="BT3" LABEL="Commentary" DESCRIPTION="block type Commentary"/><OtherTag ID="BT4" LABEL="Illustration" DESCRIPTION="block type Illustration"/><OtherTag ID="BT836" LABEL="Paratext" DESCRIPTION="block type Paratext"/>
    <OtherTag ID="LT2" LABEL="Numbering" DESCRIPTION="line type Numbering"/><OtherTag ID="LT3" LABEL="Correction" DESCRIPTION="line type Correction"/>
  </Tags>
  
  <Layout>
    <Page WIDTH="2775"
          HEIGHT="4112"
          PHYSICAL_IMG_NR="255"
          ID="eSc_dummypage_">
      <PrintSpace HPOS="0"
                  VPOS="0"
                  WIDTH="2775"
                  HEIGHT="4112">
        
        <TextBlock HPOS="235.0"
                   VPOS="678.0"
                   WIDTH="1844.0"
                   HEIGHT="2467.0"
                   ID="eSc_textblock_6805"
                   TAGREFS="BT2">
          <Shape><Polygon POINTS="235 678 2079 678 2079 3145 235 3145"/></Shape>
          
          
          <TextLine ID="eSc_line_1882011"
                    
                    BASELINE="260 794 2027 794" 
                    HPOS="257"
                    VPOS="723"
                    WIDTH="1766"
                    HEIGHT="113">
            <Shape><Polygon POINTS="257 791 257 836 2023 836 2023 791 2023 747 1962 723 1958 723 1780 723 1776 723 1711 726 1708 726 1704 726 1704 729 1680 750 1677 750 1656 736 1653 736 1649 736 1646 736 1529 750 1468 757 1457 750 1437 736 1433 736 1430 736 1426 736 1272 750 1193 757 1159 750 1039 723 1035 723 1032 723 967 750 960 757 854 757 833 750 754 723 751 723 747 723 744 723 740 723 706 750 706 753 607 757 600 750 572 726 572 723 569 723 565 723 500 723 497 723 493 723 421 750 404 757 257 753 257 791"/></Shape>
	    <String CONTENT="על כן לא יקומו רשעים במשפט זה דור המבול וחטאים בעדת צדיקים אלו אנשי סדו(ם)"
                    HPOS="257"
                    VPOS="723"
                    WIDTH="1766"
                    HEIGHT="113"></String>
          </TextLine>

          
          
          <TextLine ID="eSc_line_1882012"
                    
                    BASELINE="246 880 1135 890 1437 880 1725 884 1848 880 2047 863" 
                    HPOS="240"
                    VPOS="829"
                    WIDTH="1804"
                    HEIGHT="109">
            <Shape><Polygon POINTS="243 877 240 911 305 911 308 911 329 932 332 932 336 932 339 932 545 914 768 932 771 932 775 932 816 914 946 935 950 938 1461 938 1461 935 1464 935 1505 914 1547 935 1550 935 1553 935 1557 935 1622 914 1643 932 1643 935 1646 935 1649 935 1653 935 1656 935 1701 918 1793 935 1797 935 1800 935 1804 935 1828 914 2040 914 2044 860 2037 839 1272 849 1221 842 1159 832 1155 832 1152 832 1149 832 1149 836 1138 842 1131 853 950 853 898 842 775 829 771 829 658 846 648 846 624 829 620 829 617 829 613 829 610 829 607 829 586 846 583 849 243 849 243 877"/></Shape>
	    <String CONTENT="אמרו לו בעדת צדיקים אינן עומדין אבל עומדין הן בעדת רשעים ˙˙ ד&#39; דור המדבר"
                    HPOS="240"
                    VPOS="829"
                    WIDTH="1804"
                    HEIGHT="109"></String>
          </TextLine>

          
          
          <TextLine ID="eSc_line_1882000"
                    
                    BASELINE="243 959 1032 959 1461 956 1643 949 2030 949" 
                    HPOS="236"
                    VPOS="918"
                    WIDTH="1791"
                    HEIGHT="92">
            <Shape><Polygon POINTS="240 956 240 993 826 993 833 993 953 1010 957 1010 1138 993 1337 1010 1341 1010 1344 1010 1348 1010 1375 993 1481 1010 1485 1010 1598 990 1605 990 1612 990 1718 1007 1721 1007 2023 986 2027 945 2020 918 236 921 240 956"/></Shape>
	    <String CONTENT="אין להן חלק לעולם הבא ואין עומדין בדין שנ&#39; במדבר הזה יתמו ושם ימותו דברי"
                    HPOS="236"
                    VPOS="918"
                    WIDTH="1791"
                    HEIGHT="92"></String>
          </TextLine>

          
          
          <TextLine ID="eSc_line_1882001"
                    
                    BASELINE="329 1038 476 1048 881 1048 1588 1031 2034 1031" 
                    HPOS="322"
                    VPOS="976"
                    WIDTH="1708"
                    HEIGHT="99">
            <Shape><Polygon POINTS="325 1034 325 1075 2027 1069 2030 1028 2027 997 1790 976 1787 976 1783 976 1780 976 1745 997 1742 1000 1691 1000 1625 1000 1581 976 1577 976 1574 976 1413 1000 1409 1000 1258 980 1255 980 1252 980 1248 980 1221 1000 1080 983 1077 983 1073 983 1029 1004 1029 1007 751 1007 744 1007 607 986 603 986 322 1010 325 1034"/></Shape>
	    <String CONTENT="ר&#39; עקיבה ר&#39; ליעזר אומ&#39; עליהם הוא אומ&#39; אספו לי חסידי כורתי בריתי עלי זבח ˙˙ ה&#39;"
                    HPOS="322"
                    VPOS="976"
                    WIDTH="1708"
                    HEIGHT="99"></String>
          </TextLine>

          
          
          <TextLine ID="eSc_line_1882002"
                    
                    BASELINE="411 1106 517 1117 1605 1113 1893 1117 2003 1106" 
                    HPOS="404"
                    VPOS="1072"
                    WIDTH="1595"
                    HEIGHT="93">
            <Shape><Polygon POINTS="408 1103 408 1154 764 1165 768 1165 857 1151 891 1147 922 1151 1011 1165 1015 1165 1162 1147 1190 1147 1210 1147 1361 1165 1365 1165 1368 1165 1426 1147 1454 1165 1457 1165 1461 1165 1464 1165 1581 1147 1745 1165 1749 1165 1752 1165 1756 1165 1783 1147 1938 1165 1941 1165 1944 1165 1999 1141 1999 1103 1992 1072 404 1072 408 1103"/></Shape>
	    <String CONTENT="עדת קרח אינה עתידה לעלות שנ&#39; ותכס עליהם הארץ ויאבדו מתוך הקהל דברי"
                    HPOS="404"
                    VPOS="1072"
                    WIDTH="1595"
                    HEIGHT="93"></String>
          </TextLine>

          
          
          <TextLine ID="eSc_line_1882003"
                    
                    BASELINE="277 1182 939 1189 1238 1182 2006 1182" 
                    HPOS="270"
                    VPOS="1144"
                    WIDTH="1733"
                    HEIGHT="79">
            <Shape><Polygon POINTS="274 1178 270 1216 1996 1223 2003 1178 1996 1144 274 1144 274 1178"/></Shape>
	    <String CONTENT="ר&#39; עקיבה ר&#39; ליעזר אומ&#39; עליהם הוא אומ&#39; ייי ממית ומחיה מוריד שאול ויעל ˙˙ ו&#39; עשרת"
                    HPOS="270"
                    VPOS="1144"
                    WIDTH="1733"
                    HEIGHT="79"></String>
          </TextLine>

          
          
          <TextLine ID="eSc_line_1882004"
                    
                    BASELINE="250 1261 593 1261 799 1267 1046 1267 1372 1257 2023 1261" 
                    HPOS="243"
                    VPOS="1202"
                    WIDTH="1777"
                    HEIGHT="106">
            <Shape><Polygon POINTS="246 1257 243 1291 2010 1308 2020 1257 2016 1226 1162 1202 1159 1202 1155 1202 1101 1223 596 1223 517 1202 514 1202 511 1202 246 1223 246 1257"/></Shape>
	    <String CONTENT="השבטים אינן עתידין לחזור שנ&#39; וישליכם אל ארץ אחרת כיום הזה מה היום הולך ואינו"
                    HPOS="243"
                    VPOS="1202"
                    WIDTH="1777"
                    HEIGHT="106"></String>
          </TextLine>

          
          
          <TextLine ID="eSc_line_1882005"
                    
                    BASELINE="294 1346 1234 1343 1629 1332 1914 1336 2010 1326" 
                    HPOS="288"
                    VPOS="1281"
                    WIDTH="1718"
                    HEIGHT="110">
            <Shape><Polygon POINTS="291 1343 291 1387 960 1391 963 1391 1018 1380 1046 1374 1104 1377 1265 1391 1269 1391 1351 1374 1375 1370 1464 1374 1838 1387 1841 1387 2003 1363 2006 1322 2003 1298 1673 1281 1670 1281 1169 1302 1131 1302 1121 1302 1001 1285 998 1285 912 1302 874 1285 871 1285 867 1285 864 1285 809 1305 802 1305 758 1305 442 1288 439 1288 288 1305 291 1343"/></Shape>
	    <String CONTENT="חוזר אף הן הולכין ואינן חוזרין דברי ר&#39; עקיבה ר&#39; ליעזר אומ&#39; מה היום מאפיל ומאיר אף"
                    HPOS="288"
                    VPOS="1281"
                    WIDTH="1718"
                    HEIGHT="110"></String>
          </TextLine>

          
          
          <TextLine ID="eSc_line_1882006"
                    
                    BASELINE="298 1418 836 1415 1145 1422 1282 1415 1769 1415 2023 1418" 
                    HPOS="291"
                    VPOS="1356"
                    WIDTH="1729"
                    HEIGHT="96">
            <Shape><Polygon POINTS="294 1415 291 1452 2016 1449 2020 1415 2016 1384 1759 1377 1735 1356 1732 1356 1728 1356 1725 1356 1721 1356 1643 1380 1276 1356 1272 1356 1269 1356 1221 1380 1162 1360 1159 1360 1155 1360 1152 1360 1083 1380 689 1356 686 1356 576 1380 490 1360 487 1360 483 1360 294 1380 294 1415"/></Shape>
	    <String CONTENT="הן כשהוא אפילה להן עתידה לאור להן ˙˙ י&#39; אנשי עיר הנדחת שנ&#39; יצאו אנשים בני"
                    HPOS="291"
                    VPOS="1356"
                    WIDTH="1729"
                    HEIGHT="96"></String>
          </TextLine>

          
          
          <TextLine ID="eSc_line_1882007"
                    
                    BASELINE="257 1494 1649 1494 1890 1480 2030 1483" 
                    HPOS="250"
                    VPOS="1459"
                    WIDTH="1777"
                    HEIGHT="86">
            <Shape><Polygon POINTS="253 1490 253 1531 1162 1542 1166 1542 1289 1528 1320 1524 1334 1528 1382 1542 1385 1542 1389 1545 1811 1545 1811 1542 2020 1521 2027 1480 2023 1459 250 1459 253 1490"/></Shape>
	    <String CONTENT="בליעל מקרבך וידיחו את ישבי עירם לאמר הא אינן נהרגין עדשיהו מדיחיה"
                    HPOS="250"
                    VPOS="1459"
                    WIDTH="1777"
                    HEIGHT="86"></String>
          </TextLine>

          
          
          <TextLine ID="eSc_line_1882008"
                    
                    BASELINE="246 1583 356 1576 758 1579 926 1572 1547 1572 1769 1565 2030 1565" 
                    HPOS="240"
                    VPOS="1535"
                    WIDTH="1787"
                    HEIGHT="85">
            <Shape><Polygon POINTS="243 1579 243 1620 2023 1613 2027 1562 2020 1535 240 1535 243 1579"/></Shape>
	    <String CONTENT="מאותה העיר ומאותו השבט עד שיודח רובה עד שידיחוה אנשים הדיחוה נשים וקטנים"
                    HPOS="240"
                    VPOS="1535"
                    WIDTH="1787"
                    HEIGHT="85"></String>
          </TextLine>

          
          
          <TextLine ID="eSc_line_1882009"
                    
                    BASELINE="260 1658 826 1648 2047 1651" 
                    HPOS="253"
                    VPOS="1593"
                    WIDTH="1791"
                    HEIGHT="99">
            <Shape><Polygon POINTS="257 1655 257 1685 2037 1692 2044 1648 2040 1617 1701 1593 1697 1593 675 1610 579 1593 576 1593 572 1593 569 1593 569 1596 552 1613 253 1613 257 1655"/></Shape>
	    <String CONTENT="או שהיו מדיחיה מחוצה לה הרי אלו כיחידים וצריכים שני עדים והתראה לכל אחד ואחד"
                    HPOS="253"
                    VPOS="1593"
                    WIDTH="1791"
                    HEIGHT="99"></String>
          </TextLine>

          
          
          <TextLine ID="eSc_line_1882013"
                    
                    BASELINE="243 1713 476 1727 1039 1723 1193 1716 1577 1723 1999 1709" 
                    HPOS="236"
                    VPOS="1668"
                    WIDTH="1760"
                    HEIGHT="103">
            <Shape><Polygon POINTS="240 1709 240 1754 816 1771 819 1771 823 1771 826 1771 850 1754 864 1754 991 1771 994 1771 1252 1754 1313 1751 1351 1754 1478 1768 1481 1768 1992 1751 1996 1706 1992 1682 1077 1668 1073 1668 1070 1668 1039 1685 1032 1689 236 1689 240 1709"/></Shape>
	    <String CONTENT="זה חומר ביחידים מבמרובים שהיחידין בסקילה לפיכך ממונן פלט והמרובים בסיף [צ]"
                    HPOS="236"
                    VPOS="1668"
                    WIDTH="1760"
                    HEIGHT="103"></String>
          </TextLine>

          
          
          <TextLine ID="eSc_line_1882014"
                    
                    BASELINE="223 1777 329 1799 500 1809 740 1799 1022 1802 1478 1792 2027 1792" 
                    HPOS="219"
                    VPOS="1740"
                    WIDTH="1804"
                    HEIGHT="110">
            <Shape><Polygon POINTS="222 1775 222 1833 1001 1850 1005 1850 1145 1829 1166 1829 1169 1829 1190 1846 1193 1846 1197 1846 1200 1846 1203 1846 1248 1829 1255 1829 1608 1829 1629 1829 1910 1846 1914 1846 2020 1826 2023 1788 2020 1757 1931 1740 1927 1740 1924 1740 1920 1740 1920 1744 1907 1757 1903 1761 1547 1761 1540 1757 1495 1740 1492 1740 1488 1740 1361 1757 1337 1757 219 1757 222 1775"/></Shape>
	    <String CONTENT="לפיכך ממונן אבד ˙˙ ח&#39; הכה תכה את יושבי העיר ההיא לפי חרב החמרת והגמלת והעו(ברת)"
                    HPOS="219"
                    VPOS="1740"
                    WIDTH="1804"
                    HEIGHT="110"></String>
          </TextLine>

          
          
          <TextLine ID="eSc_line_1882015"
                    
                    BASELINE="260 1888 1433 1867 2020 1870" 
                    HPOS="253"
                    VPOS="1816"
                    WIDTH="1763"
                    HEIGHT="116">
            <Shape><Polygon POINTS="257 1884 257 1915 493 1932 497 1932 500 1932 541 1915 555 1912 2006 1912 2016 1867 2013 1833 1691 1819 1687 1819 1498 1836 1495 1836 1492 1836 1382 1816 1378 1816 1001 1826 998 1826 994 1826 974 1843 912 1826 908 1826 905 1826 500 1846 370 1829 367 1829 253 1850 257 1884"/></Shape>
	    <String CONTENT="ממקום למקום הרי אלו מצילין אותה הַחֲרֶם אותה ואת כל אשר בה ואת בהמתה"
                    HPOS="253"
                    VPOS="1816"
                    WIDTH="1763"
                    HEIGHT="116"></String>
          </TextLine>

          
          
          <TextLine ID="eSc_line_1882016"
                    
                    BASELINE="264 1949 370 1960 452 1960 692 1949 802 1953 1131 1942 1920 1946 2023 1953" 
                    HPOS="257"
                    VPOS="1891"
                    WIDTH="1763"
                    HEIGHT="93">
            <Shape><Polygon POINTS="260 1946 260 1984 2013 1984 2020 1949 2016 1908 1992 1891 1989 1891 1986 1891 1982 1891 1900 1908 1049 1891 1046 1891 833 1908 812 1891 809 1891 806 1891 548 1891 545 1891 541 1891 504 1912 257 1912 260 1946"/></Shape>
	    <String CONTENT="לפי חרב ˙ מיכן אמרו נכסי צדיקים שבתוכה אובדין ושבחוצה לה פליטין ושל רשעים בין"
                    HPOS="257"
                    VPOS="1891"
                    WIDTH="1763"
                    HEIGHT="93"></String>
          </TextLine>

          
          
          <TextLine ID="eSc_line_1882010"
                    
                    BASELINE="233 2035 332 2028 703 2035 943 2025 1468 2028 2034 2014" 
                    HPOS="229"
                    VPOS="1960"
                    WIDTH="1801"
                    HEIGHT="119">
            <Shape><Polygon POINTS="229 2032 229 2062 497 2079 500 2079 504 2079 507 2079 528 2062 531 2062 541 2062 771 2076 775 2076 778 2076 836 2059 840 2059 843 2059 884 2076 888 2076 891 2076 1001 2059 1005 2059 1053 2076 1056 2076 1059 2076 1063 2076 1066 2076 1087 2059 1090 2056 1145 2056 1450 2073 1454 2073 2030 2049 2030 2011 2023 1984 1646 1984 1622 1963 1622 1960 1619 1960 1615 1960 1560 1960 1557 1960 1553 1960 1478 1987 1474 1990 1354 1990 1354 1987 1330 1966 1327 1966 1324 1966 1320 1966 1317 1966 1258 1987 1063 1963 1059 1963 1056 1963 998 1990 806 1966 802 1966 799 1966 795 1966 795 1970 775 1987 679 1977 675 1977 672 1977 631 1994 322 1970 319 1970 315 1970 243 1990 229 2032"/></Shape>
	    <String CONTENT="מתוכה בין מחוצה לה אובדין ˙˙ ט&#39; ואת כל שללה תקבוץ אל תוך רחובה אם אין לה רחו(ב)"
                    HPOS="229"
                    VPOS="1960"
                    WIDTH="1801"
                    HEIGHT="119"></String>
          </TextLine>

          
          
          <TextLine ID="eSc_line_1881988"
                    
                    BASELINE="274 2107 387 2100 1673 2103 2013 2093" 
                    HPOS="267"
                    VPOS="2042"
                    WIDTH="1743"
                    HEIGHT="109">
            <Shape><Polygon POINTS="270 2103 267 2134 1087 2148 1090 2148 1094 2148 1149 2131 1159 2131 1173 2131 1269 2148 1272 2148 1276 2148 1279 2148 1279 2145 1293 2131 1296 2131 1811 2131 1814 2131 1907 2148 1910 2151 1910 2148 2006 2127 2010 2090 2006 2066 1883 2042 1879 2042 1769 2066 1279 2066 1203 2042 1200 2042 1197 2042 1193 2042 1190 2042 1166 2059 1070 2045 1066 2045 1063 2045 987 2062 902 2042 898 2042 895 2042 891 2042 843 2062 809 2042 806 2042 802 2042 679 2042 675 2042 672 2042 668 2042 668 2045 651 2062 270 2062 270 2103"/></Shape>
	    <String CONTENT="עושין לה רחוב היה רחובה חוצה לה כונסין אותו לתוכה שנ&#39; אל תוך רחובה ושרפת"
                    HPOS="267"
                    VPOS="2042"
                    WIDTH="1743"
                    HEIGHT="109"></String>
          </TextLine>

          
          
          <TextLine ID="eSc_line_1881996"
                    
                    BASELINE="264 2186 1468 2186 2044 2165" 
                    HPOS="257"
                    VPOS="2114"
                    WIDTH="1783"
                    HEIGHT="123">
            <Shape><Polygon POINTS="260 2182 260 2217 593 2237 596 2237 723 2220 764 2237 768 2237 771 2237 957 2217 1282 2234 1286 2234 1289 2234 1334 2217 1776 2230 1780 2230 2040 2206 2040 2162 2037 2138 1814 2138 1752 2114 1749 2114 1745 2114 1742 2114 1739 2114 1704 2138 1701 2141 1574 2141 1571 2138 1536 2114 1533 2114 1529 2114 1526 2114 1378 2131 1286 2114 1282 2114 1279 2114 1193 2134 1107 2117 1104 2117 1101 2117 1097 2117 1063 2141 1059 2141 1029 2141 377 2127 373 2127 257 2145 260 2182"/></Shape>
	    <String CONTENT="באש את כל העיר ואת כל שללה שללה ולא שלל השמים מיכן אמרו ההקדשות שבתוכה"
                    HPOS="257"
                    VPOS="2114"
                    WIDTH="1783"
                    HEIGHT="123"></String>
          </TextLine>

          
          
          <TextLine ID="eSc_line_1881991"
                    
                    BASELINE="253 2244 356 2254 977 2251 1138 2258 1300 2251 2010 2254" 
                    HPOS="246"
                    VPOS="2217"
                    WIDTH="1760"
                    HEIGHT="68">
            <Shape><Polygon POINTS="250 2241 246 2285 1999 2285 2006 2251 2003 2217 250 2217 250 2241"/></Shape>
	    <String CONTENT="יפדו ותרומות ירקבו ומעשר שני וכתבי הקדש ייגנזו ˙˙ כליל לייי אלהיך אמ&#39; ר&#39; שמע&#39;"
                    HPOS="246"
                    VPOS="2217"
                    WIDTH="1760"
                    HEIGHT="68"></String>
          </TextLine>

          
          
          <TextLine ID="eSc_line_1881998"
                    
                    BASELINE="264 2313 459 2323 939 2319 1087 2326 2037 2326" 
                    HPOS="257"
                    VPOS="2265"
                    WIDTH="1777"
                    HEIGHT="102">
            <Shape><Polygon POINTS="260 2313 257 2350 2027 2367 2034 2323 2030 2292 1814 2292 1763 2268 1759 2268 1756 2268 1752 2268 1701 2289 1365 2289 1320 2265 1317 2265 1313 2265 1190 2285 1128 2265 1125 2265 1121 2265 1118 2265 1056 2285 984 2265 981 2265 977 2265 974 2265 970 2265 970 2268 946 2292 826 2292 785 2265 782 2265 778 2265 593 2265 589 2265 466 2289 442 2268 442 2265 439 2265 435 2265 373 2265 370 2265 260 2289 260 2313"/></Shape>
	    <String CONTENT="אם את העושה דין בעיר הנדחת מעלה אני עליך כאילו אתה מעלה עולה כליל [צ]"
                    HPOS="257"
                    VPOS="2265"
                    WIDTH="1777"
                    HEIGHT="102"></String>
          </TextLine>

          
          
          <TextLine ID="eSc_line_1881989"
                    
                    BASELINE="301 2395 548 2405 1173 2402 2020 2381" 
                    HPOS="294"
                    VPOS="2326"
                    WIDTH="1722"
                    HEIGHT="110">
            <Shape><Polygon POINTS="1951 2326 1903 2354 1900 2354 1615 2354 1529 2330 1526 2330 1522 2330 1519 2330 1461 2357 1461 2360 1433 2360 1354 2360 1245 2333 1241 2333 1238 2333 1234 2333 1234 2336 1207 2360 1207 2364 1200 2364 1080 2364 1032 2336 1029 2336 1025 2336 1022 2336 1018 2336 1018 2340 998 2357 981 2343 981 2340 977 2340 974 2340 970 2340 761 2364 706 2343 703 2343 699 2343 466 2364 329 2347 325 2347 322 2347 319 2347 294 2364 298 2391 298 2436 1938 2432 1941 2432 2016 2412 2016 2378 2013 2347 1972 2326 1951 2326"/></Shape>
	    <String CONTENT="לפני והיתה תל עולם לא תבנה עוד לא תעשה אפי&#39; גנות ופרדסים דברי ר&#39; יוסי הגלילי"
                    HPOS="294"
                    VPOS="2326"
                    WIDTH="1722"
                    HEIGHT="110"></String>
          </TextLine>

          
          
          <TextLine ID="eSc_line_1881990"
                    
                    BASELINE="243 2467 583 2477 816 2477 939 2470 2027 2470" 
                    HPOS="236"
                    VPOS="2419"
                    WIDTH="1787"
                    HEIGHT="99">
            <Shape><Polygon POINTS="240 2463 236 2498 319 2518 322 2518 2020 2515 2023 2467 2023 2439 1986 2419 1982 2419 1979 2419 240 2432 240 2463"/></Shape>
	    <String CONTENT="ר&#39; עקיבה אומ&#39; לא תבנה עוד עוד לכמות שהיתה אינה נבנת אבל נעשת היא גנות ופרדסי(ם) ˙˙"
                    HPOS="236"
                    VPOS="2419"
                    WIDTH="1787"
                    HEIGHT="99"></String>
          </TextLine>

          
          
          <TextLine ID="eSc_line_1881992"
                    
                    BASELINE="260 2549 504 2556 679 2549 1176 2549 1457 2542 1763 2542 2027 2552" 
                    HPOS="253"
                    VPOS="2494"
                    WIDTH="1770"
                    HEIGHT="93">
            <Shape><Polygon POINTS="257 2546 253 2587 2016 2583 2023 2549 2023 2515 1975 2494 1972 2494 1968 2494 1965 2494 1903 2511 1841 2494 1838 2494 1835 2494 257 2508 257 2546"/></Shape>
	    <String CONTENT="י&#39;א&#39; ולא ידבק בידך מאומה מן החרם למען ישוב ייי מחרון אפו ונתן לך רחמים ורחמך"
                    HPOS="253"
                    VPOS="2494"
                    WIDTH="1770"
                    HEIGHT="93"></String>
          </TextLine>

          
          
          <TextLine ID="eSc_line_1881999"
                    
                    BASELINE="301 2628 665 2628 977 2617 1553 2621 1852 2617 1938 2607" 
                    HPOS="294"
                    VPOS="2563"
                    WIDTH="1640"
                    HEIGHT="116">
            <Shape><Polygon POINTS="298 2624 298 2679 788 2655 836 2669 857 2676 860 2676 864 2676 867 2676 884 2669 905 2659 1114 2662 1330 2669 1334 2669 1337 2669 1341 2669 1354 2659 1365 2652 1375 2659 1389 2669 1392 2669 1396 2669 1399 2669 1464 2655 1495 2652 1540 2655 1725 2672 1728 2672 1931 2645 1934 2604 1931 2583 1660 2563 1656 2563 1653 2563 1649 2563 1649 2566 1629 2583 1629 2587 1372 2587 1368 2583 1255 2563 1252 2563 1248 2563 1245 2563 1245 2566 1224 2583 950 2566 946 2566 943 2566 895 2587 891 2590 620 2590 620 2587 565 2566 562 2566 373 2566 370 2566 367 2566 294 2587 298 2624"/></Shape>
	    <String CONTENT="והרבך כל זמן שהרשעים בעולם חרון אף בעולם אבדו רשעים מן העולם נסתלק"
                    HPOS="294"
                    VPOS="2563"
                    WIDTH="1640"
                    HEIGHT="116"></String>
          </TextLine>

          
          
          <TextLine ID="eSc_line_1882017"
                    
                    BASELINE="277 2713 346 2703 1252 2713 1385 2707 1718 2703 1879 2703 2003 2710" 
                    HPOS="270"
                    VPOS="2645"
                    WIDTH="1729"
                    HEIGHT="120">
            <Shape><Polygon POINTS="274 2710 270 2744 775 2758 778 2758 902 2744 963 2741 977 2744 1001 2758 1005 2758 1008 2758 1011 2758 1056 2744 1063 2744 1066 2744 1080 2758 1080 2761 1083 2761 1087 2761 1090 2765 1368 2765 1368 2761 1454 2744 1468 2744 1481 2744 1567 2765 1571 2765 1574 2765 1577 2765 1601 2748 1636 2765 1639 2765 1643 2765 1646 2765 1649 2765 1670 2748 1766 2765 1769 2765 1992 2744 1999 2707 1999 2679 1941 2652 1938 2652 1934 2652 1752 2669 1636 2652 1632 2652 1629 2652 1553 2672 1529 2652 1529 2648 1526 2648 1522 2648 1416 2648 1413 2648 1272 2676 1252 2679 1197 2676 1080 2669 1059 2648 1059 2645 1056 2645 1053 2645 1049 2645 1046 2645 1042 2645 994 2676 991 2679 888 2679 884 2676 826 2645 823 2645 819 2645 710 2669 459 2655 456 2655 274 2672 274 2710"/></Shape>
	    <String CONTENT="חרון אף מן העולם&#39; הל&#39; י&#39;א&#39; ˙˙ פרק י&#39;א&#39; ואלו הן הנחנקים המכה אביו"
                    HPOS="270"
                    VPOS="2645"
                    WIDTH="1729"
                    HEIGHT="120"></String>
          </TextLine>

          
          
          <TextLine ID="eSc_line_1881994"
                    
                    BASELINE="288 2779 1591 2779 2016 2765" 
                    HPOS="281"
                    VPOS="2724"
                    WIDTH="1732"
                    HEIGHT="99">
            <Shape><Polygon POINTS="284 2775 284 2823 2010 2806 2013 2761 2010 2734 1550 2724 1547 2724 1543 2724 1492 2737 1461 2748 1303 2748 1293 2741 1282 2731 1279 2731 1276 2731 1272 2731 1001 2741 864 2748 847 2744 802 2731 799 2731 795 2731 723 2744 713 2748 710 2744 692 2731 689 2731 686 2731 377 2727 373 2727 281 2748 284 2775"/></Shape>
	    <String CONTENT="ואמו והגונב נפש מישראל וזקן ממרא על פי"
                    HPOS="281"
                    VPOS="2724"
                    WIDTH="1732"
                    HEIGHT="99"></String>
          </TextLine>

          
          
          <TextLine ID="eSc_line_1881995"
                    
                    BASELINE="212 2864 710 2864 1481 2854 1814 2857 2044 2844" 
                    HPOS="205"
                    VPOS="2796"
                    WIDTH="1835"
                    HEIGHT="126">
            <Shape><Polygon POINTS="209 2861 209 2905 511 2922 514 2922 517 2922 559 2905 572 2898 816 2898 826 2902 854 2916 857 2916 860 2916 987 2902 1049 2895 1125 2898 1238 2909 1241 2909 1296 2898 1334 2892 1341 2898 1354 2909 1354 2912 1358 2912 1361 2912 1365 2912 1368 2912 1426 2898 1444 2895 1468 2898 1577 2912 1581 2912 1670 2895 1697 2892 1721 2895 1783 2909 1787 2909 2040 2892 2040 2840 2034 2816 1639 2816 1560 2796 1557 2796 1553 2796 1550 2796 1464 2816 1378 2796 1375 2796 1372 2796 1368 2796 1365 2796 1324 2820 1324 2823 1179 2823 1159 2823 922 2799 919 2799 915 2799 867 2823 819 2806 816 2806 812 2806 809 2806 754 2827 751 2827 744 2827 651 2809 648 2809 500 2827 473 2806 469 2806 466 2806 332 2806 329 2806 325 2806 322 2806 288 2830 284 2833 205 2833 209 2861"/></Shape>
	    <String CONTENT="בית דין ונביא השקר והמתנבא לשם עבודה זרה והבא על אשת איש וזוממי בת כהן ובועלה ˙˙"
                    HPOS="205"
                    VPOS="2796"
                    WIDTH="1835"
                    HEIGHT="126"></String>
          </TextLine>

          
          
          <TextLine ID="eSc_line_1881987"
                    
                    BASELINE="315 2957 415 2950 826 2950 1101 2936 1927 2940 2037 2929" 
                    HPOS="308"
                    VPOS="2881"
                    WIDTH="1726"
                    HEIGHT="113">
            <Shape><Polygon POINTS="312 2953 312 2994 850 2977 871 2988 881 2994 884 2994 888 2994 891 2994 953 2988 1029 2977 1101 2984 1197 2994 1200 2994 1203 2994 1207 2994 1207 2991 1217 2984 1224 2974 1509 2974 1622 2977 1986 2991 1989 2991 1992 2991 2034 2970 2034 2926 2030 2898 1972 2881 1968 2881 1965 2881 1962 2881 1958 2881 1931 2902 1718 2902 1495 2881 1492 2881 1488 2881 1409 2902 1406 2905 1025 2905 768 2905 655 2885 651 2885 648 2885 644 2885 644 2888 627 2905 428 2905 343 2885 339 2885 336 2885 332 2885 308 2895 312 2953"/></Shape>
	    <String CONTENT="ב&#39; המכה אביו ואמו אינו חייב עד שיעשה בהן חבורה זה חומר במקלל מבמכה שהמקלל"
                    HPOS="308"
                    VPOS="2881"
                    WIDTH="1726"
                    HEIGHT="113"></String>
          </TextLine>

          
          
          <TextLine ID="eSc_line_1881993"
                    
                    BASELINE="274 3025 1951 3025" 
                    HPOS="270"
                    VPOS="2967"
                    WIDTH="1678"
                    HEIGHT="134">
            <Shape><Polygon POINTS="270 3022 270 3101 305 3101 339 3101 373 3101 408 3101 442 3101 476 3101 480 3101 538 3080 607 3101 610 3101 613 3101 617 3101 620 3101 620 3097 641 3080 665 3101 668 3101 672 3101 682 3101 716 3101 751 3101 785 3101 819 3101 854 3101 888 3101 912 3101 915 3101 970 3077 1097 3101 1101 3101 1104 3101 1107 3101 1107 3097 1131 3077 1221 3077 1245 3097 1245 3101 1248 3101 1252 3101 1255 3101 1258 3101 1324 3077 1351 3101 1354 3101 1358 3101 1361 3101 1577 3077 1944 3101 1948 3022 1948 2994 1468 2967 1464 2967 1214 2984 1193 2967 1190 2967 1186 2967 1183 2967 1179 2967 1176 2967 1155 2984 898 2970 895 2970 891 2970 850 2988 816 2970 812 2970 809 2970 806 2970 734 2988 634 2974 631 2974 270 2991 270 3022"/></Shape>
	    <String CONTENT="לאחר מיתה חייב והמקלל לאחר מיתה חייב&#39; פטור וגונב נפש מישראל אינו חייב עד"
                    HPOS="270"
                    VPOS="2967"
                    WIDTH="1678"
                    HEIGHT="134"></String>
          </TextLine>

          
        </TextBlock>
        

        
      </PrintSpace>
    </Page>
  </Layout>
</alto>
