<?xml version="1.0" encoding="UTF-8"?>
<alto xmlns:xsi="http://www.w3.org/2001/XMLSchema-instance"
      xmlns="http://www.loc.gov/standards/alto/ns-v4#"
      xsi:schemaLocation="http://www.loc.gov/standards/alto/ns-v4# http://www.loc.gov/standards/alto/v4/alto-4-2.xsd">
  <Description>
    <MeasurementUnit>pixel</MeasurementUnit>
    <sourceImageInformation>
      <fileName>MS-ADD-00470-00001-000-00104.jpg</fileName>
      
    </sourceImageInformation>
  </Description>
  
  <Tags>
    <OtherTag ID="BT2" LABEL="Main" DESCRIPTION="block type Main"/><OtherTag ID="BT835" LABEL="Margin" DESCRIPTION="block type Margin"/><OtherTag ID="BT1" LABEL="Title" DESCRIPTION="block type Title"/><OtherTag ID="BT3" LABEL="Commentary" DESCRIPTION="block type Commentary"/><OtherTag ID="BT4" LABEL="Illustration" DESCRIPTION="block type Illustration"/><OtherTag ID="BT836" LABEL="Paratext" DESCRIPTION="block type Paratext"/>
    <OtherTag ID="LT2" LABEL="Numbering" DESCRIPTION="line type Numbering"/><OtherTag ID="LT3" LABEL="Correction" DESCRIPTION="line type Correction"/>
  </Tags>
  
  <Layout>
    <Page WIDTH="2775"
          HEIGHT="4112"
          PHYSICAL_IMG_NR="99"
          ID="eSc_dummypage_">
      <PrintSpace HPOS="0"
                  VPOS="0"
                  WIDTH="2775"
                  HEIGHT="4112">
        
        <TextBlock HPOS="310.0"
                   VPOS="676.0"
                   WIDTH="1836.0"
                   HEIGHT="2460.0"
                   ID="eSc_textblock_6649"
                   TAGREFS="BT2">
          <Shape><Polygon POINTS="310 676 2146 676 2146 3136 310 3136"/></Shape>
          
          
          <TextLine ID="eSc_line_1867206"
                    
                    BASELINE="353 808 778 798 1440 798 2071 781" 
                    HPOS="346"
                    VPOS="719"
                    WIDTH="1722"
                    HEIGHT="123">
            <Shape><Polygon POINTS="349 805 349 842 1711 836 1715 836 1718 836 1735 818 1739 818 1745 818 1838 832 1841 832 2068 812 2068 777 2064 743 1872 719 1869 719 1866 719 1821 743 1745 729 1742 729 1643 747 1639 747 1536 723 1533 723 1529 723 1526 723 1526 726 1502 750 1409 750 1224 753 1210 753 1035 729 1032 729 943 733 939 733 936 733 902 757 898 757 888 757 497 740 493 740 490 740 487 740 463 764 346 764 349 805"/></Shape>
	    <String CONTENT="אומר לו אישי כהן גדול הגבה ימינך ואם בשמאלו עלה ראש בית אב אומר לו אישי"
                    HPOS="346"
                    VPOS="719"
                    WIDTH="1722"
                    HEIGHT="123"></String>
          </TextLine>

          
          
          <TextLine ID="eSc_line_1867207"
                    
                    BASELINE="339 887 435 897 562 897 1049 880 1334 884 1917 866 2068 873" 
                    HPOS="332"
                    VPOS="805"
                    WIDTH="1732"
                    HEIGHT="140">
            <Shape><Polygon POINTS="336 884 336 925 480 945 483 945 730 925 806 914 2061 911 2064 870 2061 825 1841 805 1838 805 1835 805 1790 825 1701 812 1697 812 1694 812 1636 829 1601 808 1598 808 1595 808 1591 808 1588 808 1488 832 1375 815 1372 815 1368 815 1365 815 1330 836 1118 825 1114 825 1111 825 1063 842 960 822 957 822 953 822 950 822 922 846 919 846 905 846 586 832 583 832 579 832 576 832 548 853 432 836 428 836 332 856 336 884"/></Shape>
	    <String CONTENT="כהן גדול הגבה שמאלך נתנן על שני שעירים ואומר לייי חטאת ר&#39; ישמעﭏ אומר לא"
                    HPOS="332"
                    VPOS="805"
                    WIDTH="1732"
                    HEIGHT="140"></String>
          </TextLine>

          
          
          <TextLine ID="eSc_line_1867208"
                    
                    BASELINE="408 969 569 969 686 962 981 966 1179 959 1385 959 2078 935" 
                    HPOS="401"
                    VPOS="887"
                    WIDTH="1674"
                    HEIGHT="137">
            <Shape><Polygon POINTS="404 966 404 1007 521 1024 524 1024 528 1024 576 1007 586 1004 624 1007 737 1014 740 1014 854 1004 943 993 994 1000 1063 1010 1066 1010 1131 997 1176 990 1245 997 1320 1004 1324 1004 1396 993 1481 983 2071 983 2075 932 2068 894 1691 904 1660 904 1464 887 1461 887 1457 887 1413 911 1406 914 1046 921 1039 921 1011 901 1008 901 1005 901 1001 901 905 925 891 925 871 925 668 908 665 908 401 935 404 966"/></Shape>
	    <String CONTENT="היה צריך לומר הטאת אלא לייי והן עונין אחריו ברוך שם כבוד מלכותו לעולם ועד ˙˙"
                    HPOS="401"
                    VPOS="887"
                    WIDTH="1674"
                    HEIGHT="137"></String>
          </TextLine>

          
          
          <TextLine ID="eSc_line_1867209"
                    
                    BASELINE="339 1045 620 1038 1348 1034 1797 1017 2051 1017" 
                    HPOS="332"
                    VPOS="962"
                    WIDTH="1715"
                    HEIGHT="124">
            <Shape><Polygon POINTS="336 1041 336 1075 823 1086 826 1086 830 1086 895 1069 905 1069 915 1069 1008 1082 1011 1082 2047 1051 2047 1014 2044 983 2016 962 2013 962 2010 962 2006 962 2003 962 1951 983 1814 962 1811 962 1468 993 1210 993 1083 973 1080 973 1077 973 1073 973 1042 997 943 980 939 980 682 1000 600 980 596 980 593 980 589 980 586 980 586 983 565 1004 332 1004 336 1041"/></Shape>
	    <String CONTENT="ב&#39; קשר לשון של זהורית בראש השעיר המשתלח העמידו כנגד בית שילוחו ולנשחט"
                    HPOS="332"
                    VPOS="962"
                    WIDTH="1715"
                    HEIGHT="124"></String>
          </TextLine>

          
          
          <TextLine ID="eSc_line_1867210"
                    
                    BASELINE="367 1120 493 1113 1039 1113 1866 1086 1968 1089" 
                    HPOS="360"
                    VPOS="1048"
                    WIDTH="1605"
                    HEIGHT="106">
            <Shape><Polygon POINTS="363 1117 363 1154 1958 1134 1965 1086 1958 1048 360 1079 363 1117"/></Shape>
	    <String CONTENT="כנגד בית שחיטתו בא לו אצל פרו שנייה וסמך שתי ידיו עליו והתודה וכך היה"
                    HPOS="360"
                    VPOS="1048"
                    WIDTH="1605"
                    HEIGHT="106"></String>
          </TextLine>

          
          
          <TextLine ID="eSc_line_1867211"
                    
                    BASELINE="363 1189 658 1189 871 1182 1186 1185 1571 1171 1780 1168 1817 1171 2051 1161" 
                    HPOS="356"
                    VPOS="1110"
                    WIDTH="1691"
                    HEIGHT="116">
            <Shape><Polygon POINTS="360 1185 360 1226 2044 1195 2047 1158 2040 1110 356 1147 360 1185"/></Shape>
	    <String CONTENT="אומ&#39; אנא השם עויתי פשעתי חטאתי לפניך אני וביתי ובני אהרן עם קדושיך אנא בשם"
                    HPOS="356"
                    VPOS="1110"
                    WIDTH="1691"
                    HEIGHT="116"></String>
          </TextLine>

          
          
          <TextLine ID="eSc_line_1867212"
                    
                    BASELINE="360 1271 463 1261 2071 1233" 
                    HPOS="353"
                    VPOS="1182"
                    WIDTH="1715"
                    HEIGHT="113">
            <Shape><Polygon POINTS="356 1267 356 1295 2068 1271 2068 1230 2064 1199 1831 1182 1828 1182 1227 1209 1224 1209 1159 1192 1155 1192 1152 1192 353 1223 356 1267"/></Shape>
	    <String CONTENT="כפר נא לעונות ולפשעים ולחטאים שעויתי שפשעתי שחטאתי לפניך אני וביתי ובני"
                    HPOS="353"
                    VPOS="1182"
                    WIDTH="1715"
                    HEIGHT="113"></String>
          </TextLine>

          
          
          <TextLine ID="eSc_line_1867214"
                    
                    BASELINE="367 1339 1090 1336 1725 1319 2058 1322" 
                    HPOS="360"
                    VPOS="1274"
                    WIDTH="1694"
                    HEIGHT="110">
            <Shape><Polygon POINTS="363 1336 363 1384 2051 1353 2054 1319 2047 1274 360 1298 363 1336"/></Shape>
	    <String CONTENT="אהרן עם קדושיך ככתו&#39; בתורת משה עבדך לאמר כי ביום הזה יכפר עליכם לטהר"
                    HPOS="360"
                    VPOS="1274"
                    WIDTH="1694"
                    HEIGHT="110"></String>
          </TextLine>

          
          
          <TextLine ID="eSc_line_1867215"
                    
                    BASELINE="391 1411 953 1411 1382 1401 2064 1401" 
                    HPOS="384"
                    VPOS="1353"
                    WIDTH="1677"
                    HEIGHT="110">
            <Shape><Polygon POINTS="387 1408 387 1463 511 1442 668 1459 672 1459 754 1442 782 1459 785 1459 788 1459 792 1463 915 1463 953 1463 953 1459 957 1459 960 1459 981 1442 1245 1456 1248 1456 1252 1456 1255 1456 1272 1439 1313 1456 1317 1456 1320 1456 1324 1456 1382 1439 1420 1456 1423 1456 1426 1456 1430 1456 1485 1439 1522 1456 1526 1456 1529 1456 1533 1456 1584 1439 2054 1452 2061 1398 2054 1360 908 1370 905 1367 891 1356 891 1353 888 1353 884 1353 723 1353 720 1353 716 1353 713 1353 696 1370 692 1374 480 1374 480 1370 449 1353 445 1353 442 1353 439 1353 435 1353 384 1370 387 1408"/></Shape>
	    <String CONTENT="אתכם מכל חטאתיכם וגו&#39; ˙ והן עונין אחריו ברוך שם כבוד מלכותו לעולם ועד ˙˙ ג&#39;"
                    HPOS="384"
                    VPOS="1353"
                    WIDTH="1677"
                    HEIGHT="110"></String>
          </TextLine>

          
          
          <TextLine ID="eSc_line_1867216"
                    
                    BASELINE="511 1494 874 1494 1101 1483 1492 1487 1684 1480 1958 1480 2071 1466" 
                    HPOS="504"
                    VPOS="1422"
                    WIDTH="1564"
                    HEIGHT="106">
            <Shape><Polygon POINTS="507 1490 507 1528 2068 1511 2068 1463 2064 1439 1800 1422 1797 1422 1715 1439 1694 1442 1632 1439 1372 1425 1368 1425 1252 1442 1221 1446 1169 1442 957 1428 953 1428 950 1428 891 1446 871 1452 634 1452 624 1446 596 1432 593 1432 589 1432 504 1446 507 1490"/></Shape>
	    <String CONTENT="שחטו וקיבל במזרק את דמו נתנו למי שהוא מְמָרֶס בו על הַרוֹבֵדֿ הרביעי [שב/]"
                    HPOS="504"
                    VPOS="1422"
                    WIDTH="1564"
                    HEIGHT="106"></String>
          </TextLine>

          
          
          <TextLine ID="eSc_line_1867217"
                    
                    BASELINE="367 1572 737 1572 864 1565 1015 1569 1776 1552 1965 1555 2058 1545" 
                    HPOS="360"
                    VPOS="1490"
                    WIDTH="1694"
                    HEIGHT="113">
            <Shape><Polygon POINTS="363 1569 363 1603 2054 1586 2054 1542 2047 1500 1855 1507 1831 1504 1759 1490 1756 1490 1591 1507 1536 1514 1519 1511 1474 1497 1471 1497 1468 1497 1289 1514 1258 1518 1245 1518 1159 1500 1155 1500 589 1531 555 1531 545 1531 384 1514 380 1514 377 1514 373 1514 360 1521 363 1569"/></Shape>
	    <String CONTENT="שבהיכל כדי שלא יקדש נטל את המחתה ועלה לראש המזבח וחתה וירד והניחה על"
                    HPOS="360"
                    VPOS="1490"
                    WIDTH="1694"
                    HEIGHT="113"></String>
          </TextLine>

          
          
          <TextLine ID="eSc_line_1867218"
                    
                    BASELINE="384 1655 847 1648 1145 1634 1550 1637 2061 1624" 
                    HPOS="377"
                    VPOS="1576"
                    WIDTH="1681"
                    HEIGHT="113">
            <Shape><Polygon POINTS="380 1651 380 1689 2054 1658 2058 1620 2054 1586 1471 1576 1468 1576 1464 1576 1461 1576 1461 1579 1444 1593 1444 1596 1262 1596 1258 1596 1186 1579 1183 1579 1179 1579 1080 1600 1073 1600 1063 1600 823 1586 819 1586 816 1586 812 1586 788 1607 377 1610 380 1651"/></Shape>
	    <String CONTENT="הרובד שבעזרה ˙˙ ד&#39; בכל יום חותה בשל כסף ומערה בשלזהב ובה היה מכניס"
                    HPOS="377"
                    VPOS="1576"
                    WIDTH="1681"
                    HEIGHT="113"></String>
          </TextLine>

          
          
          <TextLine ID="eSc_line_1867219"
                    
                    BASELINE="363 1720 432 1727 744 1716 1193 1720 1852 1703 2061 1706" 
                    HPOS="356"
                    VPOS="1637"
                    WIDTH="1702"
                    HEIGHT="117">
            <Shape><Polygon POINTS="360 1716 360 1754 2051 1744 2058 1703 2054 1658 1958 1637 1955 1637 1951 1637 1948 1637 1948 1641 1927 1658 1917 1665 1763 1665 1752 1658 1718 1641 1715 1641 1711 1641 1632 1658 1581 1668 1547 1658 1526 1651 1522 1651 1519 1651 1516 1651 1512 1651 1505 1658 1478 1675 1029 1675 1011 1658 1008 1658 1008 1655 1005 1655 1001 1655 878 1655 874 1655 871 1655 857 1658 799 1682 356 1661 360 1716"/></Shape>
	    <String CONTENT="בכל יום חותה בשל ארבעת קבין ומערה בתוך של שלשת קבין והיום חותה בשל"
                    HPOS="356"
                    VPOS="1637"
                    WIDTH="1702"
                    HEIGHT="117"></String>
          </TextLine>

          
          
          <TextLine ID="eSc_line_1867220"
                    
                    BASELINE="360 1809 716 1799 970 1802 1337 1795 1749 1781 2085 1781" 
                    HPOS="353"
                    VPOS="1723"
                    WIDTH="1729"
                    HEIGHT="130">
            <Shape><Polygon POINTS="356 1805 356 1836 500 1853 504 1853 507 1853 572 1836 576 1836 579 1836 689 1850 692 1850 2082 1816 2082 1778 2078 1740 1962 1723 1958 1723 1872 1740 1783 1727 1780 1727 353 1764 356 1805"/></Shape>
	    <String CONTENT="שלשת קבין ובה היה מכניס ˙˙ ה&#39; ר&#39; יוסי אומ&#39; בכל יום חותה בשל סאה ומערה לתוך"
                    HPOS="353"
                    VPOS="1723"
                    WIDTH="1729"
                    HEIGHT="130"></String>
          </TextLine>

          
          
          <TextLine ID="eSc_line_1867224"
                    
                    BASELINE="360 1884 898 1877 1262 1860 1406 1864 1464 1860 1636 1853 1807 1857 2061 1846" 
                    HPOS="353"
                    VPOS="1788"
                    WIDTH="1705"
                    HEIGHT="137">
            <Shape><Polygon POINTS="356 1881 356 1912 655 1925 658 1925 662 1925 665 1925 696 1908 1111 1915 1114 1915 1118 1915 1121 1915 1121 1912 1138 1898 1145 1898 1262 1908 1265 1908 1269 1908 1272 1908 1289 1894 1293 1891 1306 1894 1365 1908 1368 1908 1372 1908 1375 1908 1440 1891 1461 1888 1553 1888 1859 1898 1862 1898 2054 1877 2058 1843 2051 1788 1896 1792 1893 1792 1890 1792 1890 1795 1866 1816 1598 1805 1595 1805 1354 1826 1303 1812 1269 1805 1265 1805 1262 1805 1101 1822 943 1836 795 1833 504 1822 500 1822 353 1846 356 1881"/></Shape>
	    <String CONTENT="של שלשת קבין והיה חותה בשל שלשת קבין ובה היה מכניס ˙˙ ו&#39; בכל יום"
                    HPOS="353"
                    VPOS="1788"
                    WIDTH="1705"
                    HEIGHT="137"></String>
          </TextLine>

          
          
          <TextLine ID="eSc_line_1867222"
                    
                    BASELINE="360 1953 565 1946 1179 1946 1300 1939 2068 1925" 
                    HPOS="353"
                    VPOS="1881"
                    WIDTH="1711"
                    HEIGHT="113">
            <Shape><Polygon POINTS="356 1949 356 1994 2061 1960 2064 1922 2061 1891 1457 1881 1454 1881 1450 1881 1402 1898 1396 1898 1385 1898 1296 1884 1293 1884 353 1908 356 1949"/></Shape>
	    <String CONTENT="היתה כבדה והיום קלה בכל יום היתה ידה קצרה והיום ארוכה בכל יום היה"
                    HPOS="353"
                    VPOS="1881"
                    WIDTH="1711"
                    HEIGHT="113"></String>
          </TextLine>

          
          
          <TextLine ID="eSc_line_1867223"
                    
                    BASELINE="349 2014 459 2028 658 2028 1018 2018 1245 2021 2088 2001" 
                    HPOS="343"
                    VPOS="1956"
                    WIDTH="1742"
                    HEIGHT="123">
            <Shape><Polygon POINTS="346 2011 346 2059 456 2079 459 2079 576 2059 579 2059 586 2059 682 2076 686 2076 689 2076 692 2076 713 2059 716 2056 771 2056 1025 2069 1029 2069 1118 2056 1138 2049 2085 2045 2085 1997 2078 1956 343 1987 346 2011"/></Shape>
	    <String CONTENT="זהבה ירוק והיום אדום דברי ר&#39; מנחם בכל יום מקריב פרס בשחרית ופרס בין הערבי(ם)"
                    HPOS="343"
                    VPOS="1956"
                    WIDTH="1742"
                    HEIGHT="123"></String>
          </TextLine>

          
          
          <TextLine ID="eSc_line_1867191"
                    
                    BASELINE="367 2107 624 2100 1193 2097 1488 2086 1965 2090 2071 2079" 
                    HPOS="360"
                    VPOS="2032"
                    WIDTH="1708"
                    HEIGHT="109">
            <Shape><Polygon POINTS="363 2103 363 2141 1536 2141 1536 2138 1567 2134 1660 2121 1814 2134 1841 2134 1845 2134 1859 2134 1944 2117 2061 2131 2068 2076 2064 2042 1656 2032 1653 2032 1649 2032 1598 2045 1584 2049 1577 2045 1547 2032 1543 2032 1540 2032 1450 2049 1416 2056 648 2059 638 2059 579 2042 576 2042 572 2042 569 2042 565 2042 565 2045 552 2059 548 2062 360 2062 363 2103"/></Shape>
	    <String CONTENT="והיום מוסיף מלא חפניו בכל יום היתה דקה והיום דקה מן הדקה ˙˙ ז&#39; בכל יום הכהנים"
                    HPOS="360"
                    VPOS="2032"
                    WIDTH="1708"
                    HEIGHT="109"></String>
          </TextLine>

          
          
          <TextLine ID="eSc_line_1867193"
                    
                    BASELINE="367 2179 497 2186 1203 2169 1276 2172 2075 2155" 
                    HPOS="360"
                    VPOS="2097"
                    WIDTH="1711"
                    HEIGHT="116">
            <Shape><Polygon POINTS="363 2175 363 2213 2071 2199 2071 2151 2068 2114 1972 2097 1968 2097 1965 2097 1962 2097 1938 2114 1931 2117 1890 2117 1701 2103 1697 2103 1622 2121 1605 2124 1591 2121 1543 2107 1540 2107 1536 2107 1533 2107 1481 2124 1461 2127 1341 2124 1039 2117 1035 2117 960 2131 926 2141 360 2141 363 2175"/></Shape>
	    <String CONTENT="עולים במזרחו של כבש ויורדין במערבו והיום עולים באמצע ויורדין באמצע ר&#39; יוד(ה)"
                    HPOS="360"
                    VPOS="2097"
                    WIDTH="1711"
                    HEIGHT="116"></String>
          </TextLine>

          
          
          <TextLine ID="eSc_line_1867198"
                    
                    BASELINE="377 2254 1135 2247 1485 2237 2092 2237" 
                    HPOS="370"
                    VPOS="2189"
                    WIDTH="1718"
                    HEIGHT="113">
            <Shape><Polygon POINTS="373 2251 373 2302 469 2285 734 2299 737 2299 740 2299 744 2299 799 2282 2082 2285 2088 2234 2082 2189 370 2210 373 2251"/></Shape>
	    <String CONTENT="אומ&#39; לעולם כהן גדול עולה באמצע ויורד באמצע ˙˙ ח&#39; בכל יום כהן גדול מקדש ידיו"
                    HPOS="370"
                    VPOS="2189"
                    WIDTH="1718"
                    HEIGHT="113"></String>
          </TextLine>

          
          
          <TextLine ID="eSc_line_1867197"
                    
                    BASELINE="353 2323 1385 2323 1776 2306 1996 2309 2092 2299" 
                    HPOS="346"
                    VPOS="2261"
                    WIDTH="1742"
                    HEIGHT="110">
            <Shape><Polygon POINTS="349 2319 349 2371 1320 2371 1320 2367 1324 2367 1365 2354 1375 2350 1382 2354 1392 2364 1392 2367 1396 2367 1399 2367 1402 2371 1605 2371 1605 2367 1773 2364 1776 2364 1780 2364 1780 2360 1793 2350 1797 2347 1817 2350 1951 2364 1955 2364 2085 2343 2088 2295 2082 2265 1293 2278 1276 2271 1245 2261 1241 2261 1238 2261 1234 2261 1231 2261 1214 2275 1203 2282 943 2282 884 2278 751 2265 747 2265 744 2265 740 2265 740 2268 727 2278 723 2285 583 2285 576 2282 517 2265 514 2265 511 2265 346 2282 349 2319"/></Shape>
	    <String CONTENT="ורגליו מן הכיור והיום מן התיקון של זהב ר&#39; יודה אומר לעולם כהן גדול מקדש"
                    HPOS="346"
                    VPOS="2261"
                    WIDTH="1742"
                    HEIGHT="110"></String>
          </TextLine>

          
          
          <TextLine ID="eSc_line_1867196"
                    
                    BASELINE="367 2405 1365 2391 1444 2395 1536 2384 1612 2381 2082 2374" 
                    HPOS="360"
                    VPOS="2326"
                    WIDTH="1718"
                    HEIGHT="117">
            <Shape><Polygon POINTS="363 2402 363 2443 2075 2408 2078 2371 2071 2326 360 2360 363 2402"/></Shape>
	    <String CONTENT="ידיו ורגליו מן הקיתון של זהב ˙˙ ז&#39; בכל יום היו שם ארבע מערכות והיום חמש דברי"
                    HPOS="360"
                    VPOS="2326"
                    WIDTH="1718"
                    HEIGHT="117"></String>
          </TextLine>

          
          
          <TextLine ID="eSc_line_1867195"
                    
                    BASELINE="363 2477 456 2470 946 2474 1203 2467 1365 2450 1457 2463 1560 2456 2092 2456" 
                    HPOS="356"
                    VPOS="2402"
                    WIDTH="1732"
                    HEIGHT="102">
            <Shape><Polygon POINTS="360 2474 360 2501 2082 2504 2088 2453 2082 2402 356 2426 360 2474"/></Shape>
	    <String CONTENT="ר&#39; מאיר ר&#39; יוסי אומ&#39; בכל יום שלש והיום ארבע ר&#39; יודה אומ&#39; בכל יום שתים והיום"
                    HPOS="356"
                    VPOS="2402"
                    WIDTH="1732"
                    HEIGHT="102"></String>
          </TextLine>

          
          
          <TextLine ID="eSc_line_1867204"
                    
                    BASELINE="353 2542 692 2539 1121 2546 1409 2542 1519 2542 1776 2539 1999 2525 2106 2528" 
                    HPOS="346"
                    VPOS="2477"
                    WIDTH="1756"
                    HEIGHT="110">
            <Shape><Polygon POINTS="349 2539 349 2576 1625 2587 1629 2587 2099 2566 2102 2525 2095 2484 1104 2494 1097 2494 1035 2477 1032 2477 1029 2477 1025 2477 991 2494 981 2501 672 2501 521 2501 428 2480 425 2480 421 2480 346 2501 349 2539"/></Shape>
	    <String CONTENT="שלש ˙˙ הל&#39; י&#39; פרק חמישי הוציאו לו את הכף ואת המחתה חפן מלא"
                    HPOS="346"
                    VPOS="2477"
                    WIDTH="1756"
                    HEIGHT="110"></String>
          </TextLine>

          
          
          <TextLine ID="eSc_line_1867200"
                    
                    BASELINE="346 2604 535 2621 967 2617 1169 2607 1272 2611 1907 2604 2064 2611" 
                    HPOS="339"
                    VPOS="2556"
                    WIDTH="1722"
                    HEIGHT="106">
            <Shape><Polygon POINTS="343 2600 343 2645 1032 2662 1035 2662 1155 2645 1169 2645 2054 2645 2061 2607 2058 2570 1077 2556 1073 2556 1070 2556 1066 2556 1046 2573 1032 2573 586 2559 583 2559 579 2559 576 2559 576 2563 559 2576 559 2580 339 2580 343 2600"/></Shape>
	    <String CONTENT="חפניו ונתן לתוך הכף הגדול לפי גדלו והקטון לפי"
                    HPOS="339"
                    VPOS="2556"
                    WIDTH="1722"
                    HEIGHT="106"></String>
          </TextLine>

          
          
          <TextLine ID="eSc_line_1867205"
                    
                    BASELINE="394 2683 589 2693 1011 2693 1149 2686 1437 2686 1817 2676 2092 2679" 
                    HPOS="387"
                    VPOS="2628"
                    WIDTH="1701"
                    HEIGHT="96">
            <Shape><Polygon POINTS="391 2679 391 2724 2082 2713 2088 2676 2085 2648 1498 2628 1495 2628 1492 2628 1488 2628 1464 2645 686 2631 682 2631 387 2648 391 2679"/></Shape>
	    <String CONTENT="קטנו וכך היתה מידתה נטל את המחתה בימינו ואת הכף בשמאלו מהלך בהיכל עד"
                    HPOS="387"
                    VPOS="2628"
                    WIDTH="1701"
                    HEIGHT="96"></String>
          </TextLine>

          
          
          <TextLine ID="eSc_line_1867203"
                    
                    BASELINE="349 2775 1025 2761 1828 2761 2085 2748" 
                    HPOS="343"
                    VPOS="2700"
                    WIDTH="1739"
                    HEIGHT="109">
            <Shape><Polygon POINTS="346 2772 346 2809 1907 2809 1907 2806 1910 2806 1914 2806 1944 2785 1948 2785 2082 2785 2082 2744 2078 2717 1793 2700 1790 2700 1787 2700 1783 2700 1763 2717 1763 2720 1488 2720 1481 2720 1313 2703 1310 2703 1306 2703 1269 2724 1265 2724 1186 2724 466 2713 463 2713 343 2731 346 2772"/></Shape>
	    <String CONTENT="שהוא מגיע לבין שתי הפרכות המבדילות בין קדש ובין קדש הקדשים וביניהם אמה ר&#39; יוסי"
                    HPOS="343"
                    VPOS="2700"
                    WIDTH="1739"
                    HEIGHT="109"></String>
          </TextLine>

          
          
          <TextLine ID="eSc_line_1867202"
                    
                    BASELINE="391 2861 524 2854 984 2850 1344 2840 1454 2844 1656 2837 2095 2830" 
                    HPOS="384"
                    VPOS="2768"
                    WIDTH="1708"
                    HEIGHT="124">
            <Shape><Polygon POINTS="387 2857 387 2892 2092 2868 2092 2827 2088 2789 1927 2768 1924 2768 1920 2768 1917 2768 1917 2772 1896 2789 1896 2792 1752 2792 1749 2792 1687 2772 1684 2772 1680 2772 1677 2772 1595 2796 1588 2796 1567 2796 1334 2779 1330 2779 1327 2779 1324 2779 1289 2799 1245 2785 1241 2785 1238 2785 1145 2803 1138 2803 1135 2803 1073 2782 1070 2782 1066 2782 1063 2782 987 2806 977 2806 967 2806 857 2785 854 2785 384 2813 387 2857"/></Shape>
	    <String CONTENT="אומ&#39; לא היה שם אלא פרוכת אחת בלבד שנ&#39; והבדילה הפרוכת לכם בין הקודש ובין קדש"
                    HPOS="384"
                    VPOS="2768"
                    WIDTH="1708"
                    HEIGHT="124"></String>
          </TextLine>

          
          
          <TextLine ID="eSc_line_1867194"
                    
                    BASELINE="377 2940 1083 2936 1601 2922 1684 2926 1855 2919 2078 2919" 
                    HPOS="370"
                    VPOS="2878"
                    WIDTH="1705"
                    HEIGHT="96">
            <Shape><Polygon POINTS="373 2936 373 2974 2071 2964 2075 2916 2068 2878 370 2898 373 2936"/></Shape>
	    <String CONTENT="הקדשים ˙˙ ב&#39; החיצונה פרופה מן הדרום והפנימית מן הצפון מהלך ביניהם עד שהוא"
                    HPOS="370"
                    VPOS="2878"
                    WIDTH="1705"
                    HEIGHT="96"></String>
          </TextLine>

          
          
          <TextLine ID="eSc_line_1867190"
                    
                    BASELINE="349 3015 1540 3008 2114 2991" 
                    HPOS="343"
                    VPOS="2940"
                    WIDTH="1769"
                    HEIGHT="140">
            <Shape><Polygon POINTS="346 3012 346 3080 490 3060 847 3070 991 3073 994 3073 1042 3066 1114 3053 1337 3060 1612 3066 1615 3066 1619 3066 1663 3049 1673 3049 1701 3049 1866 3063 1869 3063 2109 3039 2112 2988 2109 2964 1920 2940 1917 2940 1797 2964 1595 2943 1591 2943 1420 2967 1354 2943 1351 2943 1348 2943 1176 2967 1035 2946 1032 2946 1029 2946 1025 2946 1025 2950 1001 2970 933 2950 929 2950 926 2950 922 2950 919 2950 919 2953 895 2977 541 2977 521 2960 517 2960 514 2960 511 2960 507 2960 504 2960 504 2964 487 2981 343 2981 346 3012"/></Shape>
	    <String CONTENT="מגיע לצפון הגיע לצפון הפך פניו לדרום מהלך לשמאלו עם הפרכות עד שהוא מגיע"
                    HPOS="343"
                    VPOS="2940"
                    WIDTH="1769"
                    HEIGHT="140"></String>
          </TextLine>

          
        </TextBlock>
        

        
      </PrintSpace>
    </Page>
  </Layout>
</alto>
