<?xml version="1.0" encoding="UTF-8"?>
<alto xmlns:xsi="http://www.w3.org/2001/XMLSchema-instance"
      xmlns="http://www.loc.gov/standards/alto/ns-v4#"
      xsi:schemaLocation="http://www.loc.gov/standards/alto/ns-v4# http://www.loc.gov/standards/alto/v4/alto-4-2.xsd">
  <Description>
    <MeasurementUnit>pixel</MeasurementUnit>
    <sourceImageInformation>
      <fileName>MS-ADD-00470-00001-000-00103.jpg</fileName>
      
    </sourceImageInformation>
  </Description>
  
  <Tags>
    <OtherTag ID="BT2" LABEL="Main" DESCRIPTION="block type Main"/><OtherTag ID="BT835" LABEL="Margin" DESCRIPTION="block type Margin"/><OtherTag ID="BT1" LABEL="Title" DESCRIPTION="block type Title"/><OtherTag ID="BT3" LABEL="Commentary" DESCRIPTION="block type Commentary"/><OtherTag ID="BT4" LABEL="Illustration" DESCRIPTION="block type Illustration"/><OtherTag ID="BT836" LABEL="Paratext" DESCRIPTION="block type Paratext"/>
    <OtherTag ID="LT2" LABEL="Numbering" DESCRIPTION="line type Numbering"/><OtherTag ID="LT3" LABEL="Correction" DESCRIPTION="line type Correction"/>
  </Tags>
  
  <Layout>
    <Page WIDTH="2775"
          HEIGHT="4112"
          PHYSICAL_IMG_NR="98"
          ID="eSc_dummypage_">
      <PrintSpace HPOS="0"
                  VPOS="0"
                  WIDTH="2775"
                  HEIGHT="4112">
        
        <TextBlock HPOS="680.0"
                   VPOS="688.0"
                   WIDTH="1850.0"
                   HEIGHT="2450.0"
                   ID="eSc_textblock_6648"
                   TAGREFS="BT2">
          <Shape><Polygon POINTS="680 688 2530 688 2530 3138 680 3138"/></Shape>
          
          
          <TextLine ID="eSc_line_1867186"
                    
                    BASELINE="713 788 1944 815 2332 812 2483 832" 
                    HPOS="706"
                    VPOS="719"
                    WIDTH="1774"
                    HEIGHT="151">
            <Shape><Polygon POINTS="710 784 706 832 2466 870 2480 829 2480 788 2154 743 2150 743 2147 743 2030 774 1972 740 1968 740 1965 740 1962 740 1848 760 1824 740 1824 736 1821 736 1817 736 1752 736 1749 736 1745 736 1742 736 1697 771 1694 771 1646 771 1625 771 1591 736 1591 733 1588 733 1584 733 1581 733 1577 733 1492 760 1090 760 1018 760 1015 757 943 719 939 719 884 719 881 719 878 719 874 719 830 753 710 753 710 784"/></Shape>
	    <String CONTENT="עד שהוא טובל חמש טבילות טובל בו ביום וכולם בקודש בבית הפרווה חוץ מזו בלבד ˙˙"
                    HPOS="706"
                    VPOS="719"
                    WIDTH="1774"
                    HEIGHT="151"></String>
          </TextLine>

          
          
          <TextLine ID="eSc_line_1867159"
                    
                    BASELINE="729 872 1203 887 1492 897 2023 894 2464 904" 
                    HPOS="723"
                    VPOS="822"
                    WIDTH="1739"
                    HEIGHT="134">
            <Shape><Polygon POINTS="727 870 723 911 908 935 912 935 1111 918 1128 918 1131 918 1169 938 1173 938 1176 938 1300 921 1303 921 1306 921 1389 942 1392 942 1396 942 1773 928 1783 928 1797 945 1800 945 1800 949 1804 949 1807 949 1811 949 1917 932 2075 952 2078 952 2284 938 2318 956 2322 956 2325 956 2455 935 2462 901 2462 866 2428 842 2425 842 2421 842 2418 842 2414 842 2363 866 2140 839 2136 839 2030 860 2027 860 2020 860 1931 836 1927 836 1924 836 1684 853 1591 856 1214 853 1183 839 1138 822 1135 822 1131 822 1128 822 1087 836 1056 846 727 829 727 870"/></Shape>
	    <String CONTENT="ד&#39; פרשׂו סדין של בוץ בינו לבין העם קידש ידיו ורגליו ופשט ירד וטבל ועלה ונסתפג הבי(או)"
                    HPOS="723"
                    VPOS="822"
                    WIDTH="1739"
                    HEIGHT="134"></String>
          </TextLine>

          
          
          <TextLine ID="eSc_line_1867183"
                    
                    BASELINE="744 952 1255 966 1409 962 1660 969 2380 973" 
                    HPOS="737"
                    VPOS="901"
                    WIDTH="1640"
                    HEIGHT="109">
            <Shape><Polygon POINTS="740 949 737 990 2366 1010 2377 969 2373 938 2161 938 2154 935 2099 914 2095 914 2092 914 1855 932 1831 932 1824 932 1745 911 1742 911 1739 911 1584 928 1577 928 1547 908 1543 908 1540 908 1536 908 1053 921 922 901 919 901 740 918 740 949"/></Shape>
	    <String CONTENT="לו בגדי זהב ולבש וקידש ידיו ורגליו הביאו לו את התמיד קרצו ומירק אחר שחיטה"
                    HPOS="737"
                    VPOS="901"
                    WIDTH="1640"
                    HEIGHT="109"></String>
          </TextLine>

          
          
          <TextLine ID="eSc_line_1867187"
                    
                    BASELINE="740 1028 1252 1034 1636 1048 2305 1048 2462 1038" 
                    HPOS="734"
                    VPOS="976"
                    WIDTH="1725"
                    HEIGHT="117">
            <Shape><Polygon POINTS="737 1028 734 1065 737 1065 836 1086 840 1086 1293 1072 1334 1089 1337 1089 1341 1089 1344 1089 1348 1089 1372 1075 1896 1093 1900 1093 2455 1075 2459 1034 2459 1007 2428 983 2425 983 2421 983 2353 983 2349 983 2346 983 2342 983 2342 986 2318 1007 2219 983 2215 983 2212 983 2126 1007 2123 1007 2109 1007 1852 990 1848 990 1653 1004 1612 1004 1605 1000 1567 986 1564 986 1560 986 1474 1000 1447 1004 1426 1000 1341 976 1337 976 1334 976 1227 997 1224 997 991 997 987 993 953 976 950 976 946 976 737 990 737 1028"/></Shape>
	    <String CONTENT="על ידו וקיבל את הדם וזרקו נכנס להקטיר את הקטורת ולהטיב את הנירות ולהקריב"
                    HPOS="734"
                    VPOS="976"
                    WIDTH="1725"
                    HEIGHT="117"></String>
          </TextLine>

          
          
          <TextLine ID="eSc_line_1867184"
                    
                    BASELINE="713 1065 785 1089 867 1103 1029 1103 1426 1117 2493 1110" 
                    HPOS="706"
                    VPOS="1055"
                    WIDTH="1784"
                    HEIGHT="106">
            <Shape><Polygon POINTS="710 1062 706 1137 823 1158 826 1158 830 1158 898 1141 1008 1158 1011 1158 1186 1141 1255 1158 1258 1158 1262 1161 1914 1161 1914 1158 2010 1141 2435 1158 2438 1158 2442 1158 2486 1137 2490 1106 2486 1072 710 1055 710 1062"/></Shape>
	    <String CONTENT="את הראש ואת האיברים ואת החבתים ואת היין ˙˙ ה&#39; קטורת של שחר היתה קריב(ה)"
                    HPOS="706"
                    VPOS="1055"
                    WIDTH="1784"
                    HEIGHT="106"></String>
          </TextLine>

          
          
          <TextLine ID="eSc_line_1867171"
                    
                    BASELINE="730 1175 1372 1185 1440 1192 1835 1192 2150 1199 2353 1199 2473 1189" 
                    HPOS="723"
                    VPOS="1123"
                    WIDTH="1746"
                    HEIGHT="124">
            <Shape><Polygon POINTS="727 1171 723 1209 1845 1243 1848 1243 2068 1226 2095 1243 2099 1243 2102 1243 2106 1243 2109 1243 2154 1230 2291 1247 2294 1247 2298 1247 2335 1230 2373 1247 2377 1247 2380 1247 2466 1226 2469 1185 2469 1161 2418 1137 2414 1137 2411 1137 2308 1154 2284 1137 2281 1137 2277 1137 2051 1134 2047 1134 1948 1154 1944 1154 1941 1154 1773 1137 1769 1137 1042 1144 867 1123 864 1123 727 1141 727 1171"/></Shape>
	    <String CONTENT="בין הדם לאיברים ושל בין הערבים היתה קריבה בין אברים לנסכים אם היה"
                    HPOS="723"
                    VPOS="1123"
                    WIDTH="1746"
                    HEIGHT="124"></String>
          </TextLine>

          
          
          <TextLine ID="eSc_line_1867172"
                    
                    BASELINE="809 1247 1979 1267 2483 1261" 
                    HPOS="802"
                    VPOS="1202"
                    WIDTH="1678"
                    HEIGHT="120">
            <Shape><Polygon POINTS="806 1243 802 1285 864 1285 884 1302 884 1305 888 1305 891 1305 895 1305 898 1305 957 1285 960 1285 1008 1305 1011 1305 1015 1305 1018 1305 1077 1285 1083 1285 1094 1285 1173 1302 1176 1302 1289 1288 1296 1288 1303 1288 1396 1312 1399 1312 1402 1315 1577 1315 1577 1312 1581 1312 1584 1312 1612 1291 1629 1308 1632 1308 1636 1308 1639 1308 1643 1308 1701 1295 1831 1315 1835 1315 2143 1298 2205 1322 2209 1322 2212 1322 2476 1298 2480 1257 2480 1233 2243 1233 2236 1226 2209 1209 2205 1209 2202 1209 2198 1209 1986 1223 1941 1226 1876 1223 1598 1202 1595 1202 1444 1216 1399 1219 806 1209 806 1243"/></Shape>
	    <String CONTENT="כהן גדול זקן או אסטנס מחמין לו חמים ומטילין לתוך הצונין כדי שתפוג צינתן ˙˙"
                    HPOS="802"
                    VPOS="1202"
                    WIDTH="1678"
                    HEIGHT="120"></String>
          </TextLine>

          
          
          <TextLine ID="eSc_line_1867180"
                    
                    BASELINE="727 1339 836 1332 1224 1332 1742 1350 2359 1350 2483 1343" 
                    HPOS="720"
                    VPOS="1278"
                    WIDTH="1760"
                    HEIGHT="123">
            <Shape><Polygon POINTS="723 1336 720 1380 888 1387 891 1387 895 1387 898 1387 902 1384 922 1370 1049 1387 1097 1391 1101 1391 1104 1391 1114 1387 1145 1374 1210 1387 1231 1391 1234 1391 1238 1391 1245 1387 1282 1374 1317 1391 1330 1394 1334 1394 1337 1394 1382 1391 1492 1377 1739 1394 1811 1398 1814 1398 1862 1394 2071 1380 2119 1398 2130 1401 2133 1401 2136 1401 2181 1398 2383 1384 2473 1401 2480 1339 2480 1312 2435 1288 2431 1288 2428 1288 2425 1288 2421 1288 2387 1312 2294 1312 2181 1312 2178 1308 2150 1288 2147 1288 2143 1288 2140 1288 1763 1305 1739 1305 1605 1305 1382 1302 1313 1278 1310 1278 1306 1278 723 1295 723 1336"/></Shape>
	    <String CONTENT="ו&#39; הביאוהו לבית הפרווה ובקודש היתה ופרשו סדין של בוץ בינו לבין העם קידש"
                    HPOS="720"
                    VPOS="1278"
                    WIDTH="1760"
                    HEIGHT="123"></String>
          </TextLine>

          
          
          <TextLine ID="eSc_line_1867173"
                    
                    BASELINE="761 1411 1029 1411 1200 1418 2006 1415 2349 1422" 
                    HPOS="754"
                    VPOS="1360"
                    WIDTH="1592"
                    HEIGHT="92">
            <Shape><Polygon POINTS="758 1408 754 1452 2339 1452 2346 1418 2342 1380 2164 1360 2161 1360 2157 1360 2082 1377 1577 1360 1574 1360 1313 1377 1296 1363 1296 1360 1293 1360 1289 1360 1049 1360 1046 1360 1042 1360 994 1377 795 1360 792 1360 788 1360 758 1374 758 1408"/></Shape>
	    <String CONTENT="ידיו ורגליו ופשט ר&#39; מאיר אומר פשט קידש ידיו ורגליו ירד וטבל עלה ונסתפג"
                    HPOS="754"
                    VPOS="1360"
                    WIDTH="1592"
                    HEIGHT="92"></String>
          </TextLine>

          
          
          <TextLine ID="eSc_line_1867174"
                    
                    BASELINE="727 1476 898 1494 1107 1494 1276 1500 1855 1497 2020 1504 2455 1504" 
                    HPOS="720"
                    VPOS="1428"
                    WIDTH="1732"
                    HEIGHT="117">
            <Shape><Polygon POINTS="723 1473 720 1524 1118 1545 1121 1545 2449 1535 2452 1500 2449 1463 2342 1463 2339 1459 2301 1435 2298 1435 2294 1435 2291 1435 2287 1435 2205 1459 2198 1459 2195 1459 2106 1435 2102 1435 2099 1435 2095 1435 2013 1456 1948 1435 1944 1435 1941 1435 1938 1435 1896 1456 1890 1459 1615 1459 1612 1456 1595 1439 1595 1435 1591 1435 1588 1435 1584 1435 1481 1452 1468 1456 1464 1452 1444 1435 1444 1432 1440 1432 1437 1432 1433 1432 1430 1432 1426 1432 1396 1452 1389 1459 1159 1459 1152 1452 1135 1435 1135 1432 1131 1432 1128 1432 1042 1428 1039 1428 723 1446 723 1473"/></Shape>
	    <String CONTENT="הביאו לו בגדי לבן ולבש וקידש ידיו ורגליו ˙˙ ז&#39; בשחר היה לבוש פילוסין של"
                    HPOS="720"
                    VPOS="1428"
                    WIDTH="1732"
                    HEIGHT="117"></String>
          </TextLine>

          
          
          <TextLine ID="eSc_line_1867189"
                    
                    BASELINE="747 1559 847 1569 1282 1565 1433 1572 1522 1576 1759 1576 1941 1583 2486 1572" 
                    HPOS="740"
                    VPOS="1518"
                    WIDTH="1743"
                    HEIGHT="109">
            <Shape><Polygon POINTS="744 1555 744 1607 1354 1620 1358 1620 1437 1607 1464 1603 1478 1607 1529 1624 1533 1624 1536 1627 1941 1627 1941 1624 2480 1603 2483 1569 2480 1538 2407 1518 2404 1518 2401 1518 2397 1518 2394 1518 2363 1538 1622 1524 1619 1524 1615 1524 1612 1524 1612 1528 1598 1542 1595 1545 1402 1545 1396 1542 1351 1521 1348 1521 1344 1521 740 1538 744 1555"/></Shape>
	    <String CONTENT="שנים עשר מנה ובין הערבים הנדווין של שמנה מאות זוז דברי ר&#39; מאיר"
                    HPOS="740"
                    VPOS="1518"
                    WIDTH="1743"
                    HEIGHT="109"></String>
          </TextLine>

          
          
          <TextLine ID="eSc_line_1867165"
                    
                    BASELINE="720 1631 1159 1651 1704 1644 1920 1651 2078 1648 2236 1655 2490 1655" 
                    HPOS="713"
                    VPOS="1579"
                    WIDTH="1773"
                    HEIGHT="120">
            <Shape><Polygon POINTS="716 1627 713 1668 1265 1692 1269 1692 1811 1682 1821 1682 1824 1682 1924 1699 1927 1699 2483 1685 2486 1651 2486 1620 2287 1620 2281 1617 2181 1593 2178 1593 1965 1613 1955 1613 1951 1613 1883 1589 1879 1589 1876 1589 1670 1610 1667 1610 1653 1610 1588 1610 1574 1589 1571 1589 1571 1586 1567 1586 1564 1586 1560 1586 1306 1607 1303 1607 1300 1607 771 1579 768 1579 764 1579 716 1600 716 1627"/></Shape>
	    <String CONTENT="וחכמים אומרי&#39; בשחר היה לבוש של שמונה של שמונה עשר מנה ובין הערבים של"
                    HPOS="713"
                    VPOS="1579"
                    WIDTH="1773"
                    HEIGHT="120"></String>
          </TextLine>

          
          
          <TextLine ID="eSc_line_1867166"
                    
                    BASELINE="699 1706 960 1720 2016 1727 2287 1727 2497 1713" 
                    HPOS="692"
                    VPOS="1655"
                    WIDTH="1801"
                    HEIGHT="123">
            <Shape><Polygon POINTS="696 1703 692 1747 864 1771 867 1771 1241 1754 1368 1775 1372 1775 1896 1757 1999 1778 2003 1778 2109 1761 2284 1778 2287 1778 2490 1757 2493 1709 2493 1685 2112 1685 2109 1682 2085 1665 2082 1665 2078 1665 2075 1665 2071 1665 2020 1682 2016 1682 2003 1668 2003 1665 1999 1665 1996 1665 1992 1665 1759 1679 1756 1679 1739 1665 1739 1661 1735 1661 1732 1661 1728 1661 1426 1679 1385 1679 1358 1679 1166 1658 1162 1658 888 1675 860 1675 857 1675 812 1655 809 1655 806 1655 696 1672 696 1703"/></Shape>
	    <String CONTENT="שנים עשר מנה הכלשלשים מנה אילו נוטל מן ההר קש ואם רצה להוסיף מוסיף משלו ˙˙"
                    HPOS="692"
                    VPOS="1655"
                    WIDTH="1801"
                    HEIGHT="123"></String>
          </TextLine>

          
          
          <TextLine ID="eSc_line_1867175"
                    
                    BASELINE="747 1792 991 1792 1303 1802 1461 1799 1790 1809 2325 1816 2449 1809" 
                    HPOS="740"
                    VPOS="1757"
                    WIDTH="1705"
                    HEIGHT="103">
            <Shape><Polygon POINTS="744 1788 740 1826 2438 1860 2445 1805 2442 1771 744 1757 744 1788"/></Shape>
	    <String CONTENT="ח&#39; בא לו אצל פרו ופר היה עומד בין האולם ולמזבח ראשו לדרום ופניו למערב [צ]"
                    HPOS="740"
                    VPOS="1757"
                    WIDTH="1705"
                    HEIGHT="103"></String>
          </TextLine>

          
          
          <TextLine ID="eSc_line_1867168"
                    
                    BASELINE="758 1867 1231 1867 1454 1877 1680 1877 1835 1884 2034 1881 2332 1888" 
                    HPOS="751"
                    VPOS="1816"
                    WIDTH="1578"
                    HEIGHT="113">
            <Shape><Polygon POINTS="754 1864 751 1901 936 1922 939 1922 1210 1912 1279 1908 1286 1912 1313 1925 1317 1925 1320 1929 2322 1929 2329 1884 2325 1846 1831 1826 1828 1826 1663 1840 1643 1840 1636 1840 1588 1822 1584 1822 1581 1822 998 1833 957 1833 946 1833 826 1816 823 1816 754 1829 754 1864"/></Shape>
	    <String CONTENT="והכהן עומד במזרח ופניו למערב וסמך שתי ידיו עליו והתודה וכך היה אומ&#39;"
                    HPOS="751"
                    VPOS="1816"
                    WIDTH="1578"
                    HEIGHT="113"></String>
          </TextLine>

          
          
          <TextLine ID="eSc_line_1867169"
                    
                    BASELINE="727 1939 1207 1946 1406 1953 1927 1953 2459 1960" 
                    HPOS="720"
                    VPOS="1888"
                    WIDTH="1735"
                    HEIGHT="102">
            <Shape><Polygon POINTS="723 1936 720 1980 2445 1990 2455 1956 2455 1922 2123 1922 2123 1918 2109 1901 2106 1901 2106 1898 2102 1898 2099 1898 2095 1898 1859 1915 1828 1915 1821 1915 1776 1894 1773 1894 1769 1894 1660 1912 1653 1912 1166 1912 1159 1908 1097 1888 1094 1888 1090 1888 723 1901 723 1936"/></Shape>
	    <String CONTENT="אנא השם עויתי פשעתי חטאתי לפניך אני וביתי אנא בשם כפר נא לעונות לפשעים"
                    HPOS="720"
                    VPOS="1888"
                    WIDTH="1735"
                    HEIGHT="102"></String>
          </TextLine>

          
          
          <TextLine ID="eSc_line_1867181"
                    
                    BASELINE="758 2021 1011 2018 1231 2025 1608 2025 1739 2032 1972 2028 2466 2035" 
                    HPOS="751"
                    VPOS="1977"
                    WIDTH="1711"
                    HEIGHT="102">
            <Shape><Polygon POINTS="754 2018 751 2062 1938 2062 1941 2062 1982 2079 1986 2079 1989 2079 2455 2062 2462 2032 2462 1994 754 1977 754 2018"/></Shape>
	    <String CONTENT="ולחטאים שעויתי שפשעתי שחטאתי לפניך אני וביתי ככתו&#39; בתורת משה עבדך לאמר"
                    HPOS="751"
                    VPOS="1977"
                    WIDTH="1711"
                    HEIGHT="102"></String>
          </TextLine>

          
          
          <TextLine ID="eSc_line_1867188"
                    
                    BASELINE="730 2100 1505 2100 1691 2107 2370 2110 2480 2117" 
                    HPOS="723"
                    VPOS="2045"
                    WIDTH="1753"
                    HEIGHT="100">
            <Shape><Polygon POINTS="727 2097 723 2141 2466 2145 2476 2114 2473 2069 1914 2049 1910 2049 1711 2066 1680 2066 1670 2066 1605 2045 1601 2045 1598 2045 727 2059 727 2097"/></Shape>
	    <String CONTENT="כי ביום הזה יכפר עליכם לטהר אתכם מכל חטאתיכם לפני ייי תטהרו והן עונים אחריו"
                    HPOS="723"
                    VPOS="2045"
                    WIDTH="1753"
                    HEIGHT="100"></String>
          </TextLine>

          
          
          <TextLine ID="eSc_line_1867170"
                    
                    BASELINE="730 2169 1553 2179 2236 2193 2452 2186" 
                    HPOS="723"
                    VPOS="2114"
                    WIDTH="1726"
                    HEIGHT="123">
            <Shape><Polygon POINTS="727 2165 723 2217 891 2203 1131 2223 1200 2227 1203 2227 1207 2227 1221 2223 1258 2210 1378 2223 1454 2230 1457 2230 1516 2223 1591 2213 1667 2223 1739 2234 1742 2234 1821 2223 1879 2217 1927 2223 2006 2237 2010 2237 2445 2223 2449 2182 2442 2138 2215 2151 2109 2151 2085 2131 2082 2127 2078 2127 2075 2127 2071 2127 2068 2127 2051 2131 1999 2148 1965 2131 1951 2124 1948 2124 1944 2124 1862 2131 1701 2145 1663 2127 1646 2121 1643 2121 1639 2121 1598 2127 1529 2141 1481 2127 1450 2117 1447 2117 1444 2117 1392 2124 1317 2138 1207 2138 1193 2124 1183 2114 1179 2114 1176 2114 1173 2114 1111 2124 1035 2134 727 2121 727 2165"/></Shape>
	    <String CONTENT="ברוך שם כבוד מלכותו לעולם ועד ˙˙ ט&#39; בא לו למזרח העזרה לצפון המזבח הסגן"
                    HPOS="723"
                    VPOS="2114"
                    WIDTH="1726"
                    HEIGHT="123"></String>
          </TextLine>

          
          
          <TextLine ID="eSc_line_1867176"
                    
                    BASELINE="751 2254 1900 2251 2075 2258 2459 2258" 
                    HPOS="744"
                    VPOS="2196"
                    WIDTH="1711"
                    HEIGHT="103">
            <Shape><Polygon POINTS="747 2251 747 2289 2449 2299 2455 2254 2452 2223 2095 2223 1958 2196 1955 2196 1951 2196 1855 2223 1571 2223 1402 2220 1372 2196 1368 2196 1365 2196 1361 2196 1073 2213 833 2196 830 2196 826 2196 744 2220 747 2251"/></Shape>
	    <String CONTENT="מימינו וראש בית משמאלו ושם שני שעירים וקלפי היתה שם ובה שני גורלות"
                    HPOS="744"
                    VPOS="2196"
                    WIDTH="1711"
                    HEIGHT="103"></String>
          </TextLine>

          
          
          <TextLine ID="eSc_line_1867177"
                    
                    BASELINE="713 2326 974 2319 1488 2333 1841 2330 1996 2336 2332 2336 2466 2326" 
                    HPOS="706"
                    VPOS="2268"
                    WIDTH="1756"
                    HEIGHT="116">
            <Shape><Polygon POINTS="710 2323 706 2357 929 2378 933 2378 936 2378 994 2360 1011 2374 1011 2378 1015 2378 1018 2378 1022 2378 1409 2364 1464 2381 1468 2381 1471 2381 1872 2364 1876 2364 1890 2381 1893 2381 1893 2384 1896 2384 1900 2384 1903 2384 2078 2367 2407 2384 2411 2384 2414 2384 2459 2364 2462 2323 2459 2299 2284 2275 2281 2275 2277 2275 2274 2275 2274 2278 2253 2295 2253 2299 2102 2299 2099 2295 2075 2275 2071 2275 2068 2275 2064 2275 2061 2275 1982 2295 1975 2295 1968 2295 1893 2271 1890 2271 1886 2271 1663 2292 1649 2295 1358 2295 1351 2292 1306 2275 1303 2275 1300 2275 1296 2275 1258 2289 1203 2268 1200 2268 1197 2268 1193 2268 1107 2289 1104 2289 710 2289 710 2323"/></Shape>
	    <String CONTENT="שֶלְאֶשְכָרַה היו עשאן בן גמלה של זהב ומזכירין אותו לשבח ˙˙ ב&#39; בן קטין עשה שנים"
                    HPOS="706"
                    VPOS="2268"
                    WIDTH="1756"
                    HEIGHT="116"></String>
          </TextLine>

          
          
          <TextLine ID="eSc_line_1867182"
                    
                    BASELINE="744 2384 888 2395 1845 2402 1965 2408 2473 2408" 
                    HPOS="737"
                    VPOS="2343"
                    WIDTH="1732"
                    HEIGHT="110">
            <Shape><Polygon POINTS="740 2381 737 2422 782 2443 785 2443 788 2443 987 2426 998 2426 1008 2426 1149 2446 1152 2446 1601 2432 1721 2450 1725 2450 1728 2450 1790 2432 1793 2432 1800 2432 1999 2453 2003 2453 2466 2436 2469 2405 2469 2374 2263 2354 2260 2354 1924 2367 1907 2354 1907 2350 1903 2350 1900 2350 1896 2350 1893 2350 1824 2367 1749 2367 1492 2367 1444 2347 1440 2347 1437 2347 1128 2364 1114 2364 1111 2364 1018 2343 1015 2343 740 2360 740 2381"/></Shape>
	    <String CONTENT="עשר דד לכיור שלא היו בו אלא שנים אף הוא עשה מכני לכיור שלא יהוא מימיו"
                    HPOS="737"
                    VPOS="2343"
                    WIDTH="1732"
                    HEIGHT="110"></String>
          </TextLine>

          
          
          <TextLine ID="eSc_line_1867185"
                    
                    BASELINE="703 2460 1210 2467 1365 2474 1481 2470 1766 2480 2051 2480 2263 2487 2490 2477" 
                    HPOS="696"
                    VPOS="2405"
                    WIDTH="1790"
                    HEIGHT="127">
            <Shape><Polygon POINTS="699 2456 696 2501 1313 2522 1317 2522 1519 2508 1560 2508 1567 2508 1605 2525 1608 2525 1612 2525 1841 2511 1869 2511 1896 2528 1900 2528 1903 2528 1907 2528 2130 2515 2136 2515 2174 2532 2178 2532 2181 2532 2483 2515 2486 2474 2483 2450 2401 2450 2397 2446 2356 2419 2353 2419 2349 2419 2346 2419 2342 2419 2270 2446 2267 2446 2257 2446 2133 2426 2130 2426 1927 2443 1910 2443 1903 2443 1804 2412 1800 2412 1797 2412 1646 2439 1619 2415 1619 2412 1615 2412 1612 2412 1543 2408 1540 2408 1289 2432 1231 2405 1227 2405 1125 2405 1121 2405 1118 2405 1053 2432 1011 2405 1008 2405 1005 2405 1001 2405 699 2429 699 2456"/></Shape>
	    <String CONTENT="נפסלין בלינה מנבז המלך עשה כל ידות הכלים של יום הכפורים של זהב הלני אמו עשת(ה)"
                    HPOS="696"
                    VPOS="2405"
                    WIDTH="1790"
                    HEIGHT="127"></String>
          </TextLine>

          
          
          <TextLine ID="eSc_line_1867154"
                    
                    BASELINE="734 2535 919 2549 1296 2549 1567 2556 1955 2552 2466 2559" 
                    HPOS="727"
                    VPOS="2491"
                    WIDTH="1735"
                    HEIGHT="109">
            <Shape><Polygon POINTS="730 2532 727 2576 761 2593 764 2593 1087 2597 1090 2597 1396 2583 1416 2600 1420 2600 1423 2600 1426 2600 2455 2590 2462 2556 2459 2525 2349 2501 2346 2501 2342 2501 2294 2522 1931 2522 1927 2518 1907 2498 1903 2498 1900 2498 1896 2498 1893 2498 1824 2515 1776 2494 1773 2494 1769 2494 1622 2515 1612 2518 1433 2518 1433 2515 1416 2494 1413 2494 1413 2491 1409 2491 1406 2491 1238 2491 1234 2491 1231 2491 1176 2511 1173 2511 1166 2511 1087 2491 1083 2491 1080 2491 730 2504 730 2532"/></Shape>
	    <String CONTENT="נברשת של זהב על פתחו של היכל אף היא עשתה טבלה של זהב שפרשת סוטה כתוב(ה)"
                    HPOS="727"
                    VPOS="2491"
                    WIDTH="1735"
                    HEIGHT="109"></String>
          </TextLine>

          
          
          <TextLine ID="eSc_line_1867158"
                    
                    BASELINE="727 2617 1262 2624 1876 2624 2010 2631 2054 2628 2291 2638 2466 2638" 
                    HPOS="720"
                    VPOS="2566"
                    WIDTH="1742"
                    HEIGHT="110">
            <Shape><Polygon POINTS="723 2614 720 2648 926 2669 929 2669 1176 2655 1224 2655 1255 2659 1385 2672 1389 2676 2459 2676 2462 2635 2459 2597 1564 2570 1560 2570 1334 2587 1317 2587 1303 2570 1300 2570 1300 2566 1296 2566 1293 2566 1289 2566 1286 2566 1282 2566 1255 2583 1135 2566 1131 2566 1128 2566 1125 2566 1097 2583 1094 2583 723 2583 723 2614"/></Shape>
	    <String CONTENT="עליה ניקנור נעשו נסין לדלתותיו ומזכירין אותו לשבח ˙˙ ג&#39; אילו לגנאי בית גירמו"
                    HPOS="720"
                    VPOS="2566"
                    WIDTH="1742"
                    HEIGHT="110"></String>
          </TextLine>

          
          
          <TextLine ID="eSc_line_1867155"
                    
                    BASELINE="716 2696 1262 2696 1982 2696 2366 2707 2469 2700" 
                    HPOS="710"
                    VPOS="2635"
                    WIDTH="1756"
                    HEIGHT="106">
            <Shape><Polygon POINTS="713 2693 710 2741 2462 2741 2466 2696 2459 2652 2037 2659 2003 2652 1927 2638 1924 2638 1920 2638 1917 2638 1896 2655 1883 2665 1605 2665 1557 2655 1416 2635 1413 2635 1248 2659 1238 2659 1234 2659 1207 2635 1203 2635 1200 2635 1128 2635 1125 2635 1121 2635 1118 2635 1080 2659 1015 2635 1011 2635 1008 2635 1005 2635 950 2659 933 2641 933 2638 929 2638 926 2638 922 2638 809 2659 768 2638 764 2638 761 2638 758 2638 713 2659 713 2693"/></Shape>
	    <String CONTENT="לא רצו ללמד על מעשה לחם הפנים בית אבטינם לא רצו ללמד על מעשה הקטר(ת)"
                    HPOS="710"
                    VPOS="2635"
                    WIDTH="1756"
                    HEIGHT="106"></String>
          </TextLine>

          
          
          <TextLine ID="eSc_line_1867153"
                    
                    BASELINE="713 2775 2459 2775" 
                    HPOS="710"
                    VPOS="2713"
                    WIDTH="1745"
                    HEIGHT="120">
            <Shape><Polygon POINTS="710 2772 710 2813 998 2813 1001 2813 1022 2830 1025 2830 1029 2830 1032 2830 1035 2830 1039 2830 1059 2813 1063 2813 1337 2813 1341 2816 1354 2827 1354 2830 1358 2830 1361 2830 1365 2830 1488 2816 1540 2813 1560 2816 1598 2830 1601 2830 1605 2830 1684 2820 1732 2813 1783 2820 1862 2830 1866 2833 2071 2833 2071 2830 2075 2830 2078 2830 2088 2823 2102 2813 2452 2823 2455 2772 2455 2741 2260 2734 2243 2717 2243 2713 2239 2713 2236 2713 2233 2713 2229 2713 2171 2737 1814 2737 1718 2713 1715 2713 1711 2713 1708 2713 1708 2717 1687 2734 1574 2720 1571 2720 1409 2737 1313 2713 1310 2713 1306 2713 1015 2731 967 2713 963 2713 960 2713 957 2713 908 2737 710 2737 710 2772"/></Shape>
	    <String CONTENT="הוגרם בן לוי היה יודע פרק בשיר ולא רצה ללמוד ובן קמצר לא רצה ללמד על מעשה"
                    HPOS="710"
                    VPOS="2713"
                    WIDTH="1745"
                    HEIGHT="120"></String>
          </TextLine>

          
          
          <TextLine ID="eSc_line_1867156"
                    
                    BASELINE="960 2844 1474 2850 1677 2857 2469 2857" 
                    HPOS="953"
                    VPOS="2799"
                    WIDTH="1513"
                    HEIGHT="113">
            <Shape><Polygon POINTS="957 2840 953 2881 1018 2902 1022 2902 1025 2902 1577 2888 1605 2905 1608 2905 1612 2905 2020 2909 2023 2912 2404 2912 2404 2909 2407 2909 2462 2888 2466 2854 2462 2823 2215 2803 2212 2803 2209 2803 2205 2803 2205 2806 2188 2820 2188 2823 1821 2823 1807 2820 1701 2799 1697 2799 957 2813 957 2840"/></Shape>
	    <String CONTENT="הכתב על הראשונים נאמר זכר צדיק לברכה ועל אילו ושם רשעים ירקב ˙˙"
                    HPOS="953"
                    VPOS="2799"
                    WIDTH="1513"
                    HEIGHT="113"></String>
          </TextLine>

          
          
          <TextLine ID="eSc_line_1867157"
                    
                    BASELINE="710 2933 994 2933 1197 2940 1474 2936 2174 2950 2445 2951" 
                    HPOS="703"
                    VPOS="2864"
                    WIDTH="1739"
                    HEIGHT="151">
            <Shape><Polygon POINTS="706 2929 703 2974 878 2994 881 2994 967 2991 970 2991 974 2991 974 2988 981 2981 994 2970 1227 2970 1255 2988 1276 3001 1279 3001 1282 3001 1286 3001 1368 2991 1478 2977 1526 2994 1550 3005 1553 3005 1557 3005 1663 2998 1872 2984 1893 3005 1896 3005 1896 3008 1900 3008 1903 3008 2431 3015 2442 2950 2442 2912 2390 2885 2387 2885 2383 2885 2284 2885 2281 2885 2277 2885 2205 2916 2202 2916 2143 2892 2140 2892 2136 2892 2133 2892 2064 2912 1931 2892 1927 2892 1649 2905 1598 2874 1595 2874 1591 2874 1588 2874 1584 2874 1488 2898 1454 2871 1450 2871 1447 2871 1444 2871 1289 2902 1248 2868 1245 2868 1241 2868 1238 2868 1234 2868 1159 2898 926 2892 902 2868 902 2864 898 2864 895 2864 788 2864 785 2864 782 2864 706 2892 706 2929"/></Shape>
	    <String CONTENT="הל&#39; י&#39;ב&#39; פרק רביעי טרף בקלפי והעלה שני גורלות אחד כתוב עליו לשם"
                    HPOS="703"
                    VPOS="2864"
                    WIDTH="1739"
                    HEIGHT="151"></String>
          </TextLine>

          
          
          <TextLine ID="eSc_line_1867152"
                    
                    BASELINE="699 3025 1797 3018" 
                    HPOS="692"
                    VPOS="2953"
                    WIDTH="1101"
                    HEIGHT="131">
            <Shape><Polygon POINTS="696 3022 696 3084 830 3063 898 3080 902 3080 905 3080 908 3080 1001 3063 1070 3077 1083 3080 1087 3080 1118 3077 1241 3060 1327 3073 1354 3077 1358 3077 1790 3063 1793 3015 1787 2977 1560 2977 1557 2977 1519 2953 1516 2953 1512 2953 1385 2953 1382 2953 1378 2953 1296 2977 1145 2957 1142 2957 1138 2957 1090 2977 1025 2957 1022 2957 1018 2957 1015 2957 1011 2957 984 2977 957 2957 953 2957 950 2957 946 2957 692 2981 696 3022"/></Shape>
	    <String CONTENT="ואחד כתוב עליו לעזאזל אם של שם עלה בימינו הסגן"
                    HPOS="692"
                    VPOS="2953"
                    WIDTH="1101"
                    HEIGHT="131"></String>
          </TextLine>

          
        </TextBlock>
        

        
      </PrintSpace>
    </Page>
  </Layout>
</alto>
