<?xml version="1.0" encoding="UTF-8"?>
<alto xmlns:xsi="http://www.w3.org/2001/XMLSchema-instance"
      xmlns="http://www.loc.gov/standards/alto/ns-v4#"
      xsi:schemaLocation="http://www.loc.gov/standards/alto/ns-v4# http://www.loc.gov/standards/alto/v4/alto-4-2.xsd">
  <Description>
    <MeasurementUnit>pixel</MeasurementUnit>
    <sourceImageInformation>
      <fileName>MS-ADD-00470-00001-000-00487.jpg</fileName>
      
    </sourceImageInformation>
  </Description>
  
  <Tags>
    <OtherTag ID="BT2" LABEL="Main" DESCRIPTION="block type Main"/><OtherTag ID="BT835" LABEL="Margin" DESCRIPTION="block type Margin"/><OtherTag ID="BT1" LABEL="Title" DESCRIPTION="block type Title"/><OtherTag ID="BT3" LABEL="Commentary" DESCRIPTION="block type Commentary"/><OtherTag ID="BT4" LABEL="Illustration" DESCRIPTION="block type Illustration"/><OtherTag ID="BT836" LABEL="Paratext" DESCRIPTION="block type Paratext"/>
    <OtherTag ID="LT2" LABEL="Numbering" DESCRIPTION="line type Numbering"/><OtherTag ID="LT3" LABEL="Correction" DESCRIPTION="line type Correction"/>
  </Tags>
  
  <Layout>
    <Page WIDTH="2775"
          HEIGHT="4112"
          PHYSICAL_IMG_NR="482"
          ID="eSc_dummypage_">
      <PrintSpace HPOS="0"
                  VPOS="0"
                  WIDTH="2775"
                  HEIGHT="4112">
        
        <TextBlock HPOS="590.0"
                   VPOS="702.0"
                   WIDTH="1858.0"
                   HEIGHT="2462.0"
                   ID="eSc_textblock_7032"
                   TAGREFS="BT2">
          <Shape><Polygon POINTS="590 702 2448 702 2448 3164 590 3164"/></Shape>
          
          
          <TextLine ID="eSc_line_1888957"
                    
                    BASELINE="668 805 2404 818" 
                    HPOS="662"
                    VPOS="740"
                    WIDTH="1739"
                    HEIGHT="133">
            <Shape><Polygon POINTS="665 801 662 842 843 866 847 866 974 849 981 849 984 849 1149 870 1152 870 1279 853 1289 853 1296 853 1372 870 1375 870 1495 856 1526 853 1536 856 1581 873 1584 873 1588 873 1766 860 1817 856 1824 860 1838 873 1841 873 1845 873 1848 873 1852 873 1896 860 1920 856 2390 866 2401 815 2397 747 2215 747 2212 747 2209 747 2205 747 2167 777 2095 777 2064 750 2064 747 2061 747 2058 747 2054 747 2051 747 2037 750 1938 774 1835 757 1831 757 1649 774 1629 753 1619 747 1619 743 1615 743 1612 743 1533 740 1468 740 1464 740 1461 740 1457 740 1457 743 1444 757 1426 771 1368 757 1344 753 1341 753 1337 753 1327 757 1310 767 1296 757 1279 747 1276 747 1272 747 1269 747 1265 747 1241 760 1217 771 1197 760 1166 740 1162 740 1159 740 1155 740 1152 740 1090 760 1077 767 960 767 946 764 908 747 905 747 902 747 898 747 867 764 857 767 665 767 665 801"/></Shape>
	    <String CONTENT="שלא לשמוח אלא אם כן הפכו היו רגליו מלאות טיט וכן רגלי בהמתו ועבר בנהר"
                    HPOS="662"
                    VPOS="740"
                    WIDTH="1739"
                    HEIGHT="133"></String>
          </TextLine>

          
          
          <TextLine ID="eSc_line_1888958"
                    
                    BASELINE="644 887 905 897 1440 901 1615 908 2407 911" 
                    HPOS="638"
                    VPOS="839"
                    WIDTH="1766"
                    HEIGHT="110">
            <Shape><Polygon POINTS="641 884 638 921 850 942 854 942 1025 928 1046 928 1070 928 1248 945 1252 949 2397 949 2404 908 2401 870 1492 846 1488 846 1248 860 1217 860 1210 860 1162 842 1159 842 1155 842 809 856 771 856 761 842 758 842 758 839 754 839 751 839 747 839 641 853 641 884"/></Shape>
	    <String CONTENT="אם שמח בכי יתן ר&#39; יהודה אומ&#39; אפשר שלא לשמוח אלא אם כן עמד או הריח באדם"
                    HPOS="638"
                    VPOS="839"
                    WIDTH="1766"
                    HEIGHT="110"></String>
          </TextLine>

          
          
          <TextLine ID="eSc_line_1888959"
                    
                    BASELINE="644 959 740 956 1169 976 2154 980 2390 986" 
                    HPOS="638"
                    VPOS="901"
                    WIDTH="1749"
                    HEIGHT="127">
            <Shape><Polygon POINTS="641 956 638 997 2377 1028 2387 983 2383 945 2102 945 2099 942 2030 914 2027 914 1927 914 1924 914 1920 914 1917 914 1893 938 1574 938 1464 938 1461 935 1334 908 1330 908 1186 932 1145 904 1142 904 1138 904 1135 904 943 928 682 901 679 901 675 901 672 901 641 921 641 956"/></Shape>
	    <String CONTENT="ובבהמה טמאה לעולם טמא ˙˙ ח&#39; המוריד את הגלגלים את כלי הבקר בשעת הקדי(ם)"
                    HPOS="638"
                    VPOS="901"
                    WIDTH="1749"
                    HEIGHT="127"></String>
          </TextLine>

          
          
          <TextLine ID="eSc_line_1888960"
                    
                    BASELINE="576 1010 627 1024 871 1045 1372 1045 1557 1051 2397 1058" 
                    HPOS="569"
                    VPOS="993"
                    WIDTH="1825"
                    HEIGHT="96">
            <Shape><Polygon POINTS="572 1007 569 1069 2383 1089 2394 1055 2394 1021 2356 1004 2353 1004 2349 1004 2143 1017 2109 1000 2106 1000 2102 1000 1862 1014 1841 1014 572 993 572 1007"/></Shape>
	    <String CONTENT="למים בשביל שייוחצו הרי זה בכי יתן המוריד בהמה לשתות המים העול(ים)"
                    HPOS="569"
                    VPOS="993"
                    WIDTH="1825"
                    HEIGHT="96"></String>
          </TextLine>

          
          
          <TextLine ID="eSc_line_1888961"
                    
                    BASELINE="627 1106 1025 1123 1399 1123 1567 1130 2064 1127 2363 1137" 
                    HPOS="620"
                    VPOS="1072"
                    WIDTH="1739"
                    HEIGHT="113">
            <Shape><Polygon POINTS="624 1103 620 1141 761 1165 764 1165 922 1151 926 1151 953 1168 957 1168 960 1168 1265 1171 1269 1171 1334 1161 1375 1154 1807 1171 2112 1185 2116 1185 2119 1185 2123 1185 2123 1182 2126 1182 2140 1168 2260 1168 2349 1185 2359 1134 2356 1096 624 1072 624 1103"/></Shape>
	    <String CONTENT="בפיה בכי יתן וברגליה אינן בכי יתן ואם חשב שידוחו רגליה אף העולים ברגליה בכי"
                    HPOS="620"
                    VPOS="1072"
                    WIDTH="1739"
                    HEIGHT="113"></String>
          </TextLine>

          
          
          <TextLine ID="eSc_line_1888962"
                    
                    BASELINE="627 1178 764 1189 1255 1199 1560 1199 1756 1206 2390 1199" 
                    HPOS="620"
                    VPOS="1144"
                    WIDTH="1767"
                    HEIGHT="106">
            <Shape><Polygon POINTS="624 1175 620 1223 761 1243 764 1243 939 1230 957 1243 957 1247 960 1247 963 1247 967 1247 1248 1230 1269 1230 1300 1230 1691 1250 1694 1250 2383 1237 2387 1195 2383 1168 1790 1168 1773 1161 1697 1147 1694 1147 1691 1147 1656 1161 1646 1165 1619 1161 1488 1144 1485 1144 624 1154 624 1175"/></Shape>
	    <String CONTENT="יתן בשעת היחף והרי יש לעולם טמא הורידה חרש שוטה וקטן אף על פי שחשב"
                    HPOS="620"
                    VPOS="1144"
                    WIDTH="1767"
                    HEIGHT="106"></String>
          </TextLine>

          
          
          <TextLine ID="eSc_line_1888963"
                    
                    BASELINE="764 1261 867 1271 1166 1271 1502 1281 2414 1274" 
                    HPOS="758"
                    VPOS="1219"
                    WIDTH="1653"
                    HEIGHT="113">
            <Shape><Polygon POINTS="761 1257 761 1308 1279 1329 1282 1329 1461 1312 1509 1308 1557 1312 1704 1326 1708 1326 1711 1326 1715 1326 1732 1312 1735 1308 1742 1312 1783 1329 1787 1329 1790 1332 1890 1332 1890 1329 1893 1329 1896 1329 1896 1326 1910 1312 1914 1312 1917 1312 1944 1329 1948 1329 1951 1329 1955 1329 2407 1312 2411 1271 2407 1240 2185 1240 2185 1237 2167 1223 2167 1219 2164 1219 2161 1219 2157 1219 2154 1219 2095 1237 2092 1237 2058 1237 1560 1219 1557 1219 1444 1233 1420 1237 1416 1233 1396 1219 1392 1219 1389 1219 1385 1219 1300 1233 1276 1237 1252 1233 1173 1219 1169 1219 758 1230 761 1257"/></Shape>
	    <String CONTENT="שידוחו רגליה אינן בכי יתן שיש להם מעשה ואין להם מחשבה ˙˙ הל&#39; ח&#39;"
                    HPOS="758"
                    VPOS="1219"
                    WIDTH="1653"
                    HEIGHT="113"></String>
          </TextLine>

          
          
          <TextLine ID="eSc_line_1888964"
                    
                    BASELINE="981 1353 1111 1346 1227 1353 2387 1356" 
                    HPOS="974"
                    VPOS="1305"
                    WIDTH="1409"
                    HEIGHT="113">
            <Shape><Polygon POINTS="977 1350 974 1380 1032 1411 1035 1411 1039 1411 1042 1411 1145 1384 1210 1415 1214 1415 1217 1415 1221 1415 1282 1387 1557 1408 1560 1408 1680 1387 1769 1411 1773 1411 1776 1411 1780 1411 1817 1391 1941 1387 1968 1387 1972 1387 2016 1404 2020 1404 2023 1404 2130 1387 2157 1384 2164 1387 2191 1411 2191 1415 2195 1415 2198 1415 2202 1418 2346 1418 2346 1415 2349 1415 2353 1415 2380 1391 2383 1353 2380 1319 977 1305 977 1350"/></Shape>
	    <String CONTENT="פרק ד&#39; ˙ השוחח לשתות המים העולים בפיו ובשפמו בכי יתן"
                    HPOS="974"
                    VPOS="1305"
                    WIDTH="1409"
                    HEIGHT="113"></String>
          </TextLine>

          
          
          <TextLine ID="eSc_line_1888976"
                    
                    BASELINE="638 1425 888 1425 1022 1432 2157 1425" 
                    HPOS="631"
                    VPOS="1370"
                    WIDTH="1523"
                    HEIGHT="96">
            <Shape><Polygon POINTS="634 1422 634 1463 2147 1466 2154 1422 2147 1391 1828 1391 1821 1391 1749 1370 1745 1370 1742 1370 1739 1370 1687 1391 1677 1391 1468 1374 1464 1374 1248 1394 1221 1394 1176 1394 710 1374 706 1374 703 1374 631 1394 634 1422"/></Shape>
	    <String CONTENT="בחוטמו ובראשו ובזקנו אינו בכי יתן הממלא בחבית המים העולים"
                    HPOS="631"
                    VPOS="1370"
                    WIDTH="1523"
                    HEIGHT="96"></String>
          </TextLine>

          
          
          <TextLine ID="eSc_line_1888965"
                    
                    BASELINE="665 1494 751 1504 1481 1507 1646 1514 2394 1507" 
                    HPOS="658"
                    VPOS="1449"
                    WIDTH="1732"
                    HEIGHT="93">
            <Shape><Polygon POINTS="662 1490 662 1542 2387 1542 2390 1504 2387 1473 2130 1473 2130 1470 2109 1452 2109 1449 2106 1449 2102 1449 2099 1449 1986 1470 1982 1470 1979 1470 1749 1449 1745 1449 1564 1470 1553 1470 1547 1470 1450 1449 1447 1449 1365 1466 758 1449 754 1449 658 1466 662 1490"/></Shape>
	    <String CONTENT="אחריה ובחבל שהוא מכוּנַן על צוארה ובחבל שהוא צרכה הרי זה בכי יתן כמה"
                    HPOS="658"
                    VPOS="1449"
                    WIDTH="1732"
                    HEIGHT="93"></String>
          </TextLine>

          
          
          <TextLine ID="eSc_line_1888977"
                    
                    BASELINE="607 1583 723 1576 950 1583 1193 1579 1344 1586 1598 1586 1979 1596 2257 1596 2390 1586" 
                    HPOS="600"
                    VPOS="1542"
                    WIDTH="1787"
                    HEIGHT="95">
            <Shape><Polygon POINTS="603 1579 600 1613 1941 1637 1944 1637 2383 1620 2387 1583 2383 1555 603 1542 603 1579"/></Shape>
	    <String CONTENT="הוא צורכה ר&#39; שמעון אומ&#39; טפח נתנה תחת הצינור אינה בכי יתן ˙˙ ב&#39; מי שירדו"
                    HPOS="600"
                    VPOS="1542"
                    WIDTH="1787"
                    HEIGHT="95"></String>
          </TextLine>

          
          
          <TextLine ID="eSc_line_1888966"
                    
                    BASELINE="569 1634 802 1651 1149 1661 2387 1672" 
                    HPOS="562"
                    VPOS="1593"
                    WIDTH="1821"
                    HEIGHT="130">
            <Shape><Polygon POINTS="565 1631 562 1682 641 1682 644 1682 675 1706 679 1706 682 1706 686 1706 689 1706 744 1685 1008 1685 1011 1685 1063 1709 1066 1709 1070 1709 1200 1692 1279 1713 1282 1713 1286 1713 1409 1696 1526 1716 1529 1716 1701 1699 1824 1720 1828 1720 1944 1703 1948 1703 2092 1723 2095 1723 2377 1706 2383 1668 2383 1634 2325 1613 2322 1613 2318 1613 2106 1627 2078 1610 2075 1610 2071 1610 2068 1610 1951 1627 1948 1627 957 1620 946 1617 847 1600 843 1600 768 1613 764 1613 648 1593 644 1593 565 1610 565 1631"/></Shape>
	    <String CONTENT="עליו גשמים אפילו אב הטומאה אינן בכי יתן אם נער בכי יתן עמד תחת הצי(נור)"
                    HPOS="562"
                    VPOS="1593"
                    WIDTH="1821"
                    HEIGHT="130"></String>
          </TextLine>

          
          
          <TextLine ID="eSc_line_1888967"
                    
                    BASELINE="603 1720 1049 1733 1855 1737 2078 1744 2250 1744 2390 1733" 
                    HPOS="596"
                    VPOS="1672"
                    WIDTH="1791"
                    HEIGHT="116">
            <Shape><Polygon POINTS="600 1716 596 1764 1409 1764 1416 1764 1447 1781 1450 1781 1454 1781 1687 1768 1694 1768 1697 1768 1804 1785 1807 1785 1917 1771 2023 1788 2027 1788 2383 1768 2387 1730 2387 1706 2363 1685 2359 1685 2356 1685 2353 1685 2222 1703 2164 1685 2161 1685 2157 1685 2051 1703 1324 1703 1306 1703 1306 1699 1269 1679 1265 1679 1262 1679 1258 1679 1042 1696 888 1672 884 1672 600 1692 600 1716"/></Shape>
	    <String CONTENT="להקר או לידוח בטמא טמאים בטהור בכי יתן ˙˙ ג&#39; הכופה קערה לכותל אם"
                    HPOS="596"
                    VPOS="1672"
                    WIDTH="1791"
                    HEIGHT="116"></String>
          </TextLine>

          
          
          <TextLine ID="eSc_line_1888968"
                    
                    BASELINE="583 1795 847 1805 1588 1812 1841 1822 2380 1822" 
                    HPOS="576"
                    VPOS="1744"
                    WIDTH="1801"
                    HEIGHT="126">
            <Shape><Polygon POINTS="579 1792 576 1836 634 1853 638 1853 641 1853 970 1843 1087 1840 1227 1846 1468 1864 1471 1864 1474 1864 1502 1853 1516 1850 2370 1870 2377 1819 2377 1785 2263 1785 2263 1781 2243 1764 2243 1761 2239 1761 2236 1761 2233 1761 2130 1781 2119 1781 1543 1778 1543 1775 1522 1757 1522 1754 1519 1754 1516 1754 1413 1751 1409 1751 1406 1751 1358 1775 1279 1775 1179 1775 1179 1771 1159 1754 1159 1751 1155 1751 1152 1751 1149 1751 974 1768 946 1747 943 1747 939 1747 936 1747 836 1764 703 1744 699 1744 579 1764 579 1792"/></Shape>
	    <String CONTENT="בשביל שתידוח הרי זה בכי יתן אם בשביל שלא ילקה הכותל אינה בכי יתן ˙˙"
                    HPOS="576"
                    VPOS="1744"
                    WIDTH="1801"
                    HEIGHT="126"></String>
          </TextLine>

          
          
          <TextLine ID="eSc_line_1888969"
                    
                    BASELINE="641 1881 1125 1881 1248 1888 1605 1888 1800 1894 2370 1888" 
                    HPOS="634"
                    VPOS="1829"
                    WIDTH="1732"
                    HEIGHT="100">
            <Shape><Polygon POINTS="638 1877 638 1918 2359 1929 2366 1884 2363 1853 2294 1836 2291 1836 1972 1853 1934 1853 1931 1853 1886 1829 1883 1829 1879 1829 1876 1829 1872 1829 1845 1853 1841 1857 1488 1857 1488 1853 1430 1829 1426 1829 1423 1829 1420 1829 1372 1850 1265 1829 974 1829 970 1829 710 1833 706 1833 634 1853 638 1877"/></Shape>
	    <String CONTENT="ד&#39; חבית שירד הדלף לתוכה בית שמיי אומ&#39; ישבר בית הלל אומ&#39; יערה מודים"
                    HPOS="634"
                    VPOS="1829"
                    WIDTH="1732"
                    HEIGHT="100"></String>
          </TextLine>

          
          
          <TextLine ID="eSc_line_1888973"
                    
                    BASELINE="641 1956 775 1953 1049 1966 2270 1960" 
                    HPOS="634"
                    VPOS="1905"
                    WIDTH="1633"
                    HEIGHT="96">
            <Shape><Polygon POINTS="638 1953 638 2001 2263 2001 2267 1956 2263 1925 2071 1925 2068 1922 2040 1905 2037 1905 2034 1905 2030 1905 2027 1905 2023 1905 1999 1922 1992 1925 1821 1925 1811 1918 1773 1905 1769 1905 1766 1905 1763 1905 1721 1918 1697 1925 634 1908 638 1953"/></Shape>
	    <String CONTENT="שהוא מושיט ידו ונוטל את הפירות מתוכה והן טהורים ˙ ה&#39; עריבה שיר(ד)"
                    HPOS="634"
                    VPOS="1905"
                    WIDTH="1633"
                    HEIGHT="96"></String>
          </TextLine>

          
          
          <TextLine ID="eSc_line_1888974"
                    
                    BASELINE="627 2025 860 2035 1207 2035 1547 2049 2030 2045 2394 2052" 
                    HPOS="620"
                    VPOS="1973"
                    WIDTH="1770"
                    HEIGHT="127">
            <Shape><Polygon POINTS="624 2021 620 2059 672 2079 675 2079 679 2079 943 2066 1540 2093 1543 2093 1715 2076 1814 2097 1817 2097 2082 2079 2106 2100 2109 2100 2112 2100 2116 2100 2219 2083 2335 2100 2339 2100 2342 2100 2387 2079 2390 2049 2390 2011 2308 1990 2305 1990 2301 1990 2112 2008 2027 1987 2023 1987 2020 1987 1595 2004 1550 2004 1444 2004 1444 2001 1413 1980 1409 1980 1406 1980 1402 1980 1276 2001 1262 2001 799 1997 795 1994 713 1973 710 1973 706 1973 624 1990 624 2021"/></Shape>
	    <String CONTENT="הדלף לתוכה הנותזים והצפים אינן בכי יתן נטלה לשופכה בית שמיי אומ&#39;"
                    HPOS="620"
                    VPOS="1973"
                    WIDTH="1770"
                    HEIGHT="127"></String>
          </TextLine>

          
          
          <TextLine ID="eSc_line_1888970"
                    
                    BASELINE="627 2114 1070 2110 1769 2124 2130 2124 2394 2114" 
                    HPOS="620"
                    VPOS="2056"
                    WIDTH="1770"
                    HEIGHT="113">
            <Shape><Polygon POINTS="624 2110 620 2148 1533 2165 1536 2165 1540 2165 1577 2148 1581 2148 1598 2165 1601 2165 1605 2165 1927 2169 1931 2169 2387 2148 2390 2110 2387 2086 2236 2066 2233 2066 2092 2083 2082 2083 2051 2062 2047 2062 2044 2062 2040 2062 1910 2083 1893 2083 1848 2083 1536 2062 1533 2062 1358 2079 1334 2079 1317 2079 1162 2056 1159 2056 624 2073 624 2110"/></Shape>
	    <String CONTENT="בכי יתן בית הלל אומ&#39; אינן בכי יתן ˙˙ ו&#39; הניחה שירד הדלף לתוכה הנותזים"
                    HPOS="620"
                    VPOS="2056"
                    WIDTH="1770"
                    HEIGHT="113"></String>
          </TextLine>

          
          
          <TextLine ID="eSc_line_1888971"
                    
                    BASELINE="638 2186 785 2182 1073 2193 1553 2193 1711 2199 1879 2196 2380 2203" 
                    HPOS="631"
                    VPOS="2124"
                    WIDTH="1746"
                    HEIGHT="110">
            <Shape><Polygon POINTS="634 2182 631 2230 2366 2234 2377 2199 2373 2165 1968 2158 1931 2138 1927 2138 1924 2138 1920 2138 1872 2158 1872 2162 1694 2162 1629 2158 1605 2134 1605 2131 1601 2131 1598 2131 1595 2131 1454 2155 1444 2155 1433 2155 1214 2127 1210 2127 1090 2151 1087 2151 1083 2151 1008 2124 1005 2124 1001 2124 799 2148 795 2148 686 2124 682 2124 679 2124 634 2145 634 2182"/></Shape>
	    <String CONTENT="והצפים בית שמיי אומ&#39; בכי יתן בית הלל אומ&#39; אינן בכי יתן נטלה לשופכה אלו"
                    HPOS="631"
                    VPOS="2124"
                    WIDTH="1746"
                    HEIGHT="110"></String>
          </TextLine>

          
          
          <TextLine ID="eSc_line_1888972"
                    
                    BASELINE="627 2265 799 2261 1276 2271 2013 2271 2394 2278" 
                    HPOS="620"
                    VPOS="2210"
                    WIDTH="1770"
                    HEIGHT="113">
            <Shape><Polygon POINTS="624 2261 620 2302 1361 2302 1375 2302 1457 2319 1461 2319 1876 2306 1914 2306 1917 2306 1968 2323 1972 2323 1975 2323 2383 2306 2390 2275 2390 2241 2318 2217 2315 2217 2311 2217 2095 2237 2085 2237 2058 2237 1396 2210 1392 2210 1262 2230 826 2213 823 2213 624 2227 624 2261"/></Shape>
	    <String CONTENT="ואלו מודים שהן בכי יתן ˙˙ ז&#39; המטביל את כליו והמכבס את כסותו במערה"
                    HPOS="620"
                    VPOS="2210"
                    WIDTH="1770"
                    HEIGHT="113"></String>
          </TextLine>

          
          
          <TextLine ID="eSc_line_1888975"
                    
                    BASELINE="620 2326 720 2336 1131 2333 1447 2343 1903 2343 2082 2350 2267 2350 2387 2340" 
                    HPOS="613"
                    VPOS="2282"
                    WIDTH="1770"
                    HEIGHT="109">
            <Shape><Polygon POINTS="617 2323 613 2374 929 2367 1066 2378 1200 2388 1203 2388 1310 2378 1368 2371 1375 2378 1392 2388 1396 2388 1399 2388 1708 2391 1711 2391 1715 2391 1718 2391 1742 2374 1745 2374 1783 2374 2112 2391 2116 2391 2380 2371 2383 2336 2383 2309 970 2282 967 2282 617 2299 617 2323"/></Shape>
	    <String CONTENT="המים העולים בידיו בכי יתן ברגליו אינן בכי יתן ר&#39; לעזר אומ&#39; אם אפשר"
                    HPOS="613"
                    VPOS="2282"
                    WIDTH="1770"
                    HEIGHT="109"></String>
          </TextLine>

          
          
          <TextLine ID="eSc_line_1888954"
                    
                    BASELINE="627 2405 1320 2419 1938 2419 2119 2426 2263 2415 2404 2419" 
                    HPOS="620"
                    VPOS="2350"
                    WIDTH="1781"
                    HEIGHT="124">
            <Shape><Polygon POINTS="624 2402 620 2436 878 2460 881 2463 1046 2463 1046 2460 1049 2460 1053 2460 1073 2446 1083 2460 1087 2460 1087 2463 1090 2463 1094 2463 1097 2463 1234 2446 1238 2446 1245 2446 1272 2446 1293 2460 1324 2460 1341 2450 1375 2450 1385 2456 1574 2450 1680 2467 1684 2467 1687 2467 1691 2467 1711 2450 1739 2470 1742 2470 1745 2470 2078 2474 2082 2474 2394 2453 2401 2415 2401 2381 2373 2364 2370 2364 2366 2364 2363 2364 2250 2384 2239 2384 2229 2384 2157 2364 2154 2364 2150 2364 2147 2364 2095 2381 1869 2381 1787 2381 1752 2357 1749 2357 1745 2357 1742 2357 1461 2378 1426 2378 1423 2378 1378 2354 1375 2354 1372 2354 1200 2374 1190 2374 1179 2374 1053 2354 1049 2354 912 2371 908 2371 860 2350 857 2350 854 2350 624 2367 624 2402"/></Shape>
	    <String CONTENT="לו שירד אלא אם כן ניטנפו רגליו אף העולים ברגליו בכי יתן ˙˙ ח&#39; קופה שהיא"
                    HPOS="620"
                    VPOS="2350"
                    WIDTH="1781"
                    HEIGHT="124"></String>
          </TextLine>

          
          
          <TextLine ID="eSc_line_1888952"
                    
                    BASELINE="624 2467 867 2480 1193 2480 1951 2501 2370 2501" 
                    HPOS="617"
                    VPOS="2419"
                    WIDTH="1749"
                    HEIGHT="123">
            <Shape><Polygon POINTS="1375 2456 1341 2456 1330 2443 1282 2439 1272 2453 1238 2453 1217 2429 1203 2429 1200 2429 754 2436 737 2436 713 2419 710 2419 706 2419 703 2419 620 2432 620 2463 617 2504 706 2525 710 2525 854 2511 860 2511 871 2525 874 2525 874 2528 878 2528 881 2528 2359 2542 2366 2498 2363 2470 1378 2453 1375 2450 1375 2456"/></Shape>
	    <String CONTENT="מלאה תורמסים ונתונה לתוך המקווה מושיט ידו את ונוטל תורמסים [מ/]"
                    HPOS="617"
                    VPOS="2419"
                    WIDTH="1749"
                    HEIGHT="123"></String>
          </TextLine>

          
          
          <TextLine ID="eSc_line_85744e22"
                    TAGREFS="LT2"
                    BASELINE="1319 2456 1381 2456" 
                    HPOS="1317"
                    VPOS="2436"
                    WIDTH="61"
                    HEIGHT="41">
            <Shape><Polygon POINTS="1317 2453 1317 2477 1351 2477 1378 2477 1378 2453 1378 2439 1317 2436 1317 2453"/></Shape>
	    <String CONTENT="ב&#39;"
                    HPOS="1317"
                    VPOS="2436"
                    WIDTH="61"
                    HEIGHT="41"></String>
          </TextLine>

          
          
          <TextLine ID="eSc_line_b22c7dd1"
                    TAGREFS="LT2"
                    BASELINE="1236 2451 1288 2451" 
                    HPOS="1234"
                    VPOS="2432"
                    WIDTH="52"
                    HEIGHT="42">
            <Shape><Polygon POINTS="1234 2450 1234 2474 1269 2474 1286 2474 1286 2450 1286 2432 1234 2432 1234 2450"/></Shape>
	    <String CONTENT="א&#39;"
                    HPOS="1234"
                    VPOS="2432"
                    WIDTH="52"
                    HEIGHT="42"></String>
          </TextLine>

          
          
          <TextLine ID="eSc_line_1888949"
                    
                    BASELINE="624 2546 1001 2556 1131 2566 1269 2570 1598 2566 1776 2573 2301 2573 2404 2563" 
                    HPOS="617"
                    VPOS="2508"
                    WIDTH="1784"
                    HEIGHT="113">
            <Shape><Polygon POINTS="620 2542 617 2590 1382 2617 1385 2621 1547 2621 1547 2617 1550 2617 1553 2617 1553 2614 1571 2600 2332 2621 2335 2621 2339 2621 2397 2600 2401 2559 2397 2535 2298 2515 2294 2515 2027 2528 1962 2532 1835 2528 1471 2511 1468 2511 1406 2522 1385 2525 1372 2522 1327 2508 1324 2508 1320 2508 620 2511 620 2542"/></Shape>
	    <String CONTENT="מתוכה והן טהורים העלה מן המים הנוגעים בקופה טמאים ושאר כל התורמסים"
                    HPOS="617"
                    VPOS="2508"
                    WIDTH="1784"
                    HEIGHT="113"></String>
          </TextLine>

          
          
          <TextLine ID="eSc_line_1888953"
                    
                    BASELINE="662 2628 977 2638 1382 2635 1509 2641 2394 2635" 
                    HPOS="655"
                    VPOS="2600"
                    WIDTH="1735"
                    HEIGHT="76">
            <Shape><Polygon POINTS="658 2624 658 2676 2387 2669 2390 2631 2383 2600 655 2600 658 2624"/></Shape>
	    <String CONTENT="טהורים הצנון שבמערה נידה מדיחתו והוא טהור העלתו כל שהוא מן המים טמא ˙˙"
                    HPOS="655"
                    VPOS="2600"
                    WIDTH="1735"
                    HEIGHT="76"></String>
          </TextLine>

          
          
          <TextLine ID="eSc_line_1888950"
                    
                    BASELINE="600 2703 1245 2720 2390 2713" 
                    HPOS="593"
                    VPOS="2679"
                    WIDTH="1794"
                    HEIGHT="79">
            <Shape><Polygon POINTS="596 2700 593 2758 2383 2748 2387 2710 2383 2679 596 2679 596 2700"/></Shape>
	    <String CONTENT="ט&#39; פירות שנפלו לתוך אמת המים ופשט מי שהיו ידיו טמאות ונטלן ידיו טהורות"
                    HPOS="593"
                    VPOS="2679"
                    WIDTH="1794"
                    HEIGHT="79"></String>
          </TextLine>

          
          
          <TextLine ID="eSc_line_1888948"
                    
                    BASELINE="730 2779 1715 2796 2281 2785" 
                    HPOS="723"
                    VPOS="2744"
                    WIDTH="1554"
                    HEIGHT="96">
            <Shape><Polygon POINTS="727 2775 723 2816 1159 2837 1162 2837 1358 2823 1385 2823 1399 2823 1488 2840 1492 2840 2274 2830 2277 2782 2274 2755 727 2744 727 2775"/></Shape>
	    <String CONTENT="והפירות טהורים אם חשב שידוחו ידיו ידיו טהורות והפירות בכי יתן ˙˙"
                    HPOS="723"
                    VPOS="2744"
                    WIDTH="1554"
                    HEIGHT="96"></String>
          </TextLine>

          
          
          <TextLine ID="eSc_line_1888955"
                    
                    BASELINE="572 2833 703 2861 751 2864 1721 2874 1982 2885 2209 2885 2397 2864" 
                    HPOS="565"
                    VPOS="2806"
                    WIDTH="1829"
                    HEIGHT="130">
            <Shape><Polygon POINTS="569 2830 565 2895 644 2919 648 2919 651 2919 792 2898 1478 2929 1481 2929 1677 2909 1704 2929 1708 2929 1711 2929 1715 2929 1814 2912 2243 2936 2246 2936 2390 2912 2394 2861 2394 2847 2332 2820 2329 2820 2325 2820 2116 2840 2102 2840 2010 2840 2010 2837 1989 2820 1989 2816 1986 2816 1982 2816 1979 2816 1876 2837 1859 2837 1608 2833 1605 2830 1581 2813 1577 2813 1574 2813 1571 2813 1378 2827 1286 2830 1231 2823 1131 2806 1128 2806 1056 2820 1005 2827 569 2809 569 2830"/></Shape>
	    <String CONTENT="י&#39; קדירה שהיא מלאה מים ונתונה לתוך המקווה פשט את הטומאה את ידו לתוכ(ה)"
                    HPOS="565"
                    VPOS="2806"
                    WIDTH="1829"
                    HEIGHT="130"></String>
          </TextLine>

          
          
          <TextLine ID="eSc_line_1888956"
                    
                    BASELINE="627 2946 1097 2946 1783 2964 2277 2957" 
                    HPOS="620"
                    VPOS="2909"
                    WIDTH="1654"
                    HEIGHT="99">
            <Shape><Polygon POINTS="624 2943 620 2981 2016 3008 2020 3008 2270 2991 2274 2953 2270 2922 624 2909 624 2943"/></Shape>
	    <String CONTENT="טמאה מגע טמאות טהורה ושאר כל המשקים טמאים שאין המים מטהרים"
                    HPOS="620"
                    VPOS="2909"
                    WIDTH="1654"
                    HEIGHT="99"></String>
          </TextLine>

          
          
          <TextLine ID="eSc_line_1888951"
                    
                    BASELINE="624 3022 1492 3042 2358 3038" 
                    HPOS="617"
                    VPOS="2967"
                    WIDTH="1739"
                    HEIGHT="144">
            <Shape><Polygon POINTS="620 3018 617 3066 658 3084 662 3084 665 3084 782 3070 816 3097 819 3097 823 3097 826 3097 830 3097 919 3070 977 3087 981 3087 984 3087 1066 3073 1097 3097 1097 3101 1101 3101 1104 3101 1107 3101 1238 3073 1382 3104 1660 3107 1663 3107 1914 3080 2003 3111 2006 3111 2010 3111 2353 3080 2356 3036 2353 3005 1866 3001 1866 2998 1841 2977 1838 2977 1835 2977 1831 2977 1694 2998 1680 2998 1677 2998 1663 2977 1660 2977 1660 2974 1656 2974 1653 2974 1649 2974 1396 2994 1368 2994 1365 2994 1317 2970 1313 2970 1310 2970 1306 2970 1227 2991 1224 2991 1214 2991 836 2967 833 2967 620 2984 620 3018"/></Shape>
	    <String CONTENT="את שאר המשקים ˙˙ י&#39;א&#39; הממלא בקילון עד שלשה ימים טמאים ר&#39; עקיבה אומ&#39;"
                    HPOS="617"
                    VPOS="2967"
                    WIDTH="1739"
                    HEIGHT="144"></String>
          </TextLine>

          
        </TextBlock>
        

        
      </PrintSpace>
    </Page>
  </Layout>
</alto>
