<?xml version="1.0" encoding="UTF-8"?>
<alto xmlns:xsi="http://www.w3.org/2001/XMLSchema-instance"
      xmlns="http://www.loc.gov/standards/alto/ns-v4#"
      xsi:schemaLocation="http://www.loc.gov/standards/alto/ns-v4# http://www.loc.gov/standards/alto/v4/alto-4-2.xsd">
  <Description>
    <MeasurementUnit>pixel</MeasurementUnit>
    <sourceImageInformation>
      <fileName>MS-ADD-00470-00001-000-00234.jpg</fileName>
      
    </sourceImageInformation>
  </Description>
  
  <Tags>
    <OtherTag ID="BT2" LABEL="Main" DESCRIPTION="block type Main"/><OtherTag ID="BT835" LABEL="Margin" DESCRIPTION="block type Margin"/><OtherTag ID="BT1" LABEL="Title" DESCRIPTION="block type Title"/><OtherTag ID="BT3" LABEL="Commentary" DESCRIPTION="block type Commentary"/><OtherTag ID="BT4" LABEL="Illustration" DESCRIPTION="block type Illustration"/><OtherTag ID="BT836" LABEL="Paratext" DESCRIPTION="block type Paratext"/>
    <OtherTag ID="LT2" LABEL="Numbering" DESCRIPTION="line type Numbering"/><OtherTag ID="LT3" LABEL="Correction" DESCRIPTION="line type Correction"/>
  </Tags>
  
  <Layout>
    <Page WIDTH="2775"
          HEIGHT="4112"
          PHYSICAL_IMG_NR="229"
          ID="eSc_dummypage_">
      <PrintSpace HPOS="0"
                  VPOS="0"
                  WIDTH="2775"
                  HEIGHT="4112">
        
        <TextBlock HPOS="298.0"
                   VPOS="662.0"
                   WIDTH="1849.0"
                   HEIGHT="2458.0"
                   ID="eSc_textblock_6779"
                   TAGREFS="BT2">
          <Shape><Polygon POINTS="298 662 2147 662 2147 3120 298 3120"/></Shape>
          
          
          <TextLine ID="eSc_line_1881263"
                    
                    BASELINE="346 784 404 791 1248 777 2092 771" 
                    HPOS="339"
                    VPOS="699"
                    WIDTH="1749"
                    HEIGHT="123">
            <Shape><Polygon POINTS="343 781 343 822 2085 822 2088 771 2085 729 2006 699 2003 699 1999 699 1996 699 1992 699 1944 733 1941 736 1824 736 1821 733 1735 699 1732 699 1728 699 1725 699 1721 699 1667 733 1660 740 1553 740 1550 733 1522 709 1522 705 1519 705 1516 705 1512 705 1509 705 1433 733 1385 712 1382 712 1378 712 1375 712 1330 736 1320 740 1262 736 1094 719 1090 719 977 736 970 736 915 709 912 709 734 709 730 709 727 709 723 709 723 712 692 736 686 747 631 750 490 750 473 740 439 712 435 712 432 712 363 712 360 712 356 712 353 712 353 716 339 726 343 781"/></Shape>
	    <String CONTENT="לא הודיען מעשר ומאכילן ˙˙ ט&#39; שומרי פירות אוכלין מהלכת המדינה אבל"
                    HPOS="339"
                    VPOS="699"
                    WIDTH="1749"
                    HEIGHT="123"></String>
          </TextLine>

          
          
          <TextLine ID="eSc_line_1881264"
                    
                    BASELINE="349 873 552 873 706 866 874 870 1169 860 1684 860 1852 853 1968 853 2064 860" 
                    HPOS="343"
                    VPOS="808"
                    WIDTH="1718"
                    HEIGHT="93">
            <Shape><Polygon POINTS="346 870 346 901 2054 887 2061 856 2054 812 926 825 919 825 795 808 792 808 788 808 727 829 720 832 343 832 346 870"/></Shape>
	    <String CONTENT="לא מן התורה ארבעה שומרין הם שומר חנם והשואל נושא שכר והשוכר"
                    HPOS="343"
                    VPOS="808"
                    WIDTH="1718"
                    HEIGHT="93"></String>
          </TextLine>

          
          
          <TextLine ID="eSc_line_1881265"
                    
                    BASELINE="312 945 716 945 1135 932 1756 928 2078 914" 
                    HPOS="305"
                    VPOS="866"
                    WIDTH="1770"
                    HEIGHT="127">
            <Shape><Polygon POINTS="308 942 308 976 535 993 538 993 2075 952 2075 911 2068 880 1581 890 1571 887 1526 866 1522 866 1519 866 1516 866 1454 890 1440 894 1433 890 1409 870 1406 870 1402 870 1399 870 1317 887 1241 870 1238 870 1234 870 1231 870 1227 870 1203 887 1186 873 1183 873 1179 873 1176 873 1173 873 1131 890 1042 873 1039 873 1035 873 963 897 950 901 860 901 528 890 524 890 521 890 517 890 497 908 493 908 490 908 439 884 435 884 432 884 428 884 425 884 391 908 387 911 305 911 308 942"/></Shape>
	    <String CONTENT="שומר חנם נשבע על הכל והשואל משלם את הכל נושא שכר והשוכר נשבעין על [הצ]"
                    HPOS="305"
                    VPOS="866"
                    WIDTH="1770"
                    HEIGHT="127"></String>
          </TextLine>

          
          
          <TextLine ID="eSc_line_1881266"
                    
                    BASELINE="281 1034 487 1021 1269 1021 2064 997" 
                    HPOS="274"
                    VPOS="962"
                    WIDTH="1787"
                    HEIGHT="103">
            <Shape><Polygon POINTS="277 1031 277 1065 2058 1034 2061 993 2058 962 874 962 871 962 867 962 826 983 823 986 274 990 277 1031"/></Shape>
	    <String CONTENT="השבר ועל השבויה ועל המיתה ומשלמין את האבדה ואת הגניבה ˙˙ י&#39; זאב אחד "
                    HPOS="274"
                    VPOS="962"
                    WIDTH="1787"
                    HEIGHT="103"></String>
          </TextLine>

          
          
          <TextLine ID="eSc_line_1881267"
                    
                    BASELINE="308 1086 953 1093 1409 1086 1454 1089 1656 1082 2071 1082" 
                    HPOS="301"
                    VPOS="1031"
                    WIDTH="1767"
                    HEIGHT="89">
            <Shape><Polygon POINTS="305 1082 301 1120 2064 1120 2068 1079 2064 1051 1320 1031 1317 1031 1070 1048 977 1031 974 1031 970 1031 967 1031 967 1034 950 1051 305 1051 305 1082"/></Shape>
	    <String CONTENT="אונס שני זאיבים אונס ר&#39; יהודה אומ&#39; אף בשעת משלחת זאיבים אף זאב"
                    HPOS="301"
                    VPOS="1031"
                    WIDTH="1767"
                    HEIGHT="89"></String>
          </TextLine>

          
          
          <TextLine ID="eSc_line_1881268"
                    
                    BASELINE="360 1178 727 1168 895 1171 1107 1165 1677 1161 1866 1154 1951 1158 2078 1147" 
                    HPOS="353"
                    VPOS="1103"
                    WIDTH="1722"
                    HEIGHT="110">
            <Shape><Polygon POINTS="356 1175 356 1213 2071 1192 2075 1144 2071 1117 1718 1103 1715 1103 1711 1103 1643 1120 1639 1120 1636 1120 1492 1106 1488 1106 1485 1106 1430 1123 1426 1123 1368 1123 589 1120 586 1120 353 1137 356 1175"/></Shape>
	    <String CONTENT="אחד אונס ˙˙ י&#39;א&#39; שני כלבים אינן אונס ידע הבבלי אמר משום ר&#39; מאיר מרוח"
                    HPOS="353"
                    VPOS="1103"
                    WIDTH="1722"
                    HEIGHT="110"></String>
          </TextLine>

          
          
          <TextLine ID="eSc_line_1881269"
                    
                    BASELINE="298 1233 397 1243 610 1243 946 1240 1070 1233 1478 1233 1824 1223 2085 1223" 
                    HPOS="291"
                    VPOS="1175"
                    WIDTH="1791"
                    HEIGHT="96">
            <Shape><Polygon POINTS="294 1230 294 1271 2078 1264 2082 1219 2078 1192 1992 1175 1989 1175 1886 1192 1876 1192 1852 1192 1564 1178 1560 1178 291 1202 294 1230"/></Shape>
	    <String CONTENT="אחת אינו אונס משתי רוחות אונס ˙˙ י&#39;ב&#39; הלסטים הרי זה אונס הזאב"
                    HPOS="291"
                    VPOS="1175"
                    WIDTH="1791"
                    HEIGHT="96"></String>
          </TextLine>

          
          
          <TextLine ID="eSc_line_1881270"
                    
                    BASELINE="325 1319 881 1312 1547 1315 2088 1305" 
                    HPOS="319"
                    VPOS="1257"
                    WIDTH="1766"
                    HEIGHT="106">
            <Shape><Polygon POINTS="322 1315 322 1346 819 1363 823 1363 826 1363 902 1346 915 1343 939 1343 1083 1360 1087 1360 1169 1343 1173 1343 1200 1360 1203 1360 1207 1360 1210 1360 2082 1336 2085 1302 2082 1274 1910 1257 1907 1257 1821 1274 1811 1274 1773 1274 1375 1261 1372 1261 1255 1278 1241 1278 1203 1278 836 1264 833 1264 830 1264 792 1281 788 1285 319 1285 322 1315"/></Shape>
	    <String CONTENT="והארי והדוב והנמר והברדלים והנחש הרי אלו אנסין אמתי בזמן שבאו"
                    HPOS="319"
                    VPOS="1257"
                    WIDTH="1766"
                    HEIGHT="106"></String>
          </TextLine>

          
          
          <TextLine ID="eSc_line_1881271"
                    
                    BASELINE="343 1394 926 1394 1135 1387 2061 1391" 
                    HPOS="336"
                    VPOS="1329"
                    WIDTH="1722"
                    HEIGHT="106">
            <Shape><Polygon POINTS="339 1391 336 1425 2047 1435 2058 1387 2058 1356 1965 1329 1962 1329 1958 1329 1276 1350 1152 1329 1149 1329 1145 1329 1142 1329 1142 1332 1121 1353 967 1353 905 1329 902 1329 898 1329 895 1329 847 1356 339 1356 339 1391"/></Shape>
	    <String CONTENT="מאיליהן אבל אם הולכין למקום גדודי חיה ולסטין הרי אלו אנסין ˙˙ י&#39;ג&#39; מתה"
                    HPOS="336"
                    VPOS="1329"
                    WIDTH="1722"
                    HEIGHT="106"></String>
          </TextLine>

          
          
          <TextLine ID="eSc_line_1881272"
                    
                    BASELINE="353 1466 881 1473 1111 1466 1612 1466 1862 1470 2092 1459" 
                    HPOS="346"
                    VPOS="1411"
                    WIDTH="1742"
                    HEIGHT="83">
            <Shape><Polygon POINTS="349 1463 346 1494 2085 1494 2088 1456 2085 1435 1951 1411 1948 1411 1186 1432 1166 1415 1166 1411 1162 1411 1159 1411 987 1411 984 1411 981 1411 926 1435 493 1435 411 1411 408 1411 404 1411 401 1411 349 1432 349 1463"/></Shape>
	    <String CONTENT="כדרכה הרי זה אונס סיגפה ומתה אינו אונס עלתה לראשי הצוקים ונפלה"
                    HPOS="346"
                    VPOS="1411"
                    WIDTH="1742"
                    HEIGHT="83"></String>
          </TextLine>

          
          
          <TextLine ID="eSc_line_1881273"
                    
                    BASELINE="325 1538 432 1548 788 1555 1303 1555 1581 1545 2088 1545" 
                    HPOS="319"
                    VPOS="1490"
                    WIDTH="1766"
                    HEIGHT="93">
            <Shape><Polygon POINTS="322 1535 319 1583 2082 1583 2085 1542 2082 1511 1962 1490 1958 1490 692 1507 565 1490 562 1490 559 1490 555 1490 555 1494 538 1511 425 1511 387 1490 384 1490 380 1490 377 1490 322 1507 322 1535"/></Shape>
	    <String CONTENT="הרי זה אונס העלה לראשי הצוקים ונפלה אינו אונס מתנה שומר חנם להיות פטו(ר)"
                    HPOS="319"
                    VPOS="1490"
                    WIDTH="1766"
                    HEIGHT="93"></String>
          </TextLine>

          
          
          <TextLine ID="eSc_line_1881274"
                    
                    BASELINE="353 1634 970 1631 1227 1620 1522 1617 2095 1617" 
                    HPOS="346"
                    VPOS="1565"
                    WIDTH="1746"
                    HEIGHT="100">
            <Shape><Polygon POINTS="349 1631 349 1665 2092 1651 2092 1613 2088 1583 1622 1565 1619 1565 1615 1565 1612 1565 1612 1569 1595 1583 1595 1586 1509 1586 1406 1586 1375 1565 1372 1565 1368 1565 1365 1565 1258 1586 1248 1589 926 1589 912 1589 860 1569 857 1569 854 1569 850 1569 788 1589 782 1593 346 1593 349 1631"/></Shape>
	    <String CONTENT="משבועה והשואל להיות פטור מלשלם נושא שכר והשוכר להיות פטורים משבועה"
                    HPOS="346"
                    VPOS="1565"
                    WIDTH="1746"
                    HEIGHT="100"></String>
          </TextLine>

          
          
          <TextLine ID="eSc_line_1881275"
                    
                    BASELINE="312 1703 1793 1696 2061 1682" 
                    HPOS="305"
                    VPOS="1634"
                    WIDTH="1753"
                    HEIGHT="106">
            <Shape><Polygon POINTS="308 1699 308 1740 2054 1720 2058 1679 2054 1655 1989 1634 1986 1634 1982 1634 1866 1658 1859 1658 1855 1658 1745 1637 1742 1637 1639 1658 1571 1637 1567 1637 1564 1637 1423 1658 1389 1641 1385 1641 1382 1641 1169 1661 1159 1661 1152 1661 1053 1641 1049 1641 1046 1641 981 1661 716 1644 713 1644 710 1644 644 1665 638 1665 631 1665 521 1644 517 1644 514 1644 511 1644 483 1665 483 1668 305 1668 308 1699"/></Shape>
	    <String CONTENT="ומלשלם ˙˙ י&#39;ד&#39; כל המתנה על משכתוב בתורה תנאו בטל כל תנאי שהוא מעשה"
                    HPOS="305"
                    VPOS="1634"
                    WIDTH="1753"
                    HEIGHT="106"></String>
          </TextLine>

          
          
          <TextLine ID="eSc_line_1881276"
                    
                    BASELINE="312 1788 812 1785 1227 1768 1481 1764 2078 1768" 
                    HPOS="305"
                    VPOS="1706"
                    WIDTH="1770"
                    HEIGHT="120">
            <Shape><Polygon POINTS="308 1785 308 1819 1046 1826 1049 1826 1053 1826 1056 1826 1063 1819 1077 1809 1286 1819 1320 1819 1324 1819 1334 1819 1444 1802 2068 1816 2075 1764 2071 1733 1886 1706 1883 1706 1879 1706 1807 1733 1804 1733 1735 1733 1468 1733 1444 1709 1440 1709 1437 1709 1433 1709 1317 1713 1313 1713 1310 1713 1282 1733 1059 1713 1056 1713 1053 1713 1049 1713 1008 1740 902 1740 675 1744 672 1744 624 1720 620 1720 617 1720 490 1744 487 1744 483 1744 428 1720 425 1720 421 1720 418 1720 415 1720 391 1744 305 1744 308 1785"/></Shape>
	    <String CONTENT="מתחילתו תנאו בטל וכל שאיפשר לו לקיימו בסופו והיתנה עליו מתחילתו"
                    HPOS="305"
                    VPOS="1706"
                    WIDTH="1770"
                    HEIGHT="120"></String>
          </TextLine>

          
          
          <TextLine ID="eSc_line_1881277"
                    
                    BASELINE="312 1850 421 1860 812 1860 1022 1853 1471 1857 1701 1846 2068 1846" 
                    HPOS="305"
                    VPOS="1792"
                    WIDTH="1759"
                    HEIGHT="120">
            <Shape><Polygon POINTS="308 1846 308 1901 1135 1891 1152 1905 1152 1908 1155 1908 1159 1908 1162 1912 1365 1912 1365 1908 1375 1908 1461 1891 1512 1908 1516 1908 1519 1908 1522 1908 1526 1908 1529 1908 1560 1891 1588 1908 1591 1908 1595 1908 1598 1912 1608 1912 1643 1912 1677 1912 1711 1912 1745 1912 1780 1912 1783 1912 1783 1908 1787 1908 1790 1908 1859 1891 1917 1908 1920 1908 1924 1908 1927 1908 1934 1908 2020 1891 2054 1908 2064 1843 2058 1795 1927 1809 1691 1799 1526 1792 1522 1792 1454 1802 1365 1816 1313 1802 1279 1795 1276 1795 1272 1795 1269 1795 1248 1805 1227 1816 1207 1805 1179 1792 1176 1792 1173 1792 1169 1792 1114 1805 1077 1819 857 1819 840 1809 788 1792 785 1792 782 1792 778 1792 775 1792 751 1812 744 1819 524 1819 517 1816 463 1792 459 1792 456 1792 452 1792 449 1792 449 1795 428 1816 305 1816 308 1846"/></Shape>
	    <String CONTENT="תנאו קיים ˙˙ הל&#39; י&#39;ד&#39; ˙ פרק י&#39;ח&#39; ˙ השואל את הפרה ושאל את"
                    HPOS="305"
                    VPOS="1792"
                    WIDTH="1759"
                    HEIGHT="120"></String>
          </TextLine>

          
          
          <TextLine ID="eSc_line_1881281"
                    
                    BASELINE="349 1939 541 1929 751 1929 1529 1925 1680 1918 1934 1918 2061 1929" 
                    HPOS="343"
                    VPOS="1888"
                    WIDTH="1715"
                    HEIGHT="85">
            <Shape><Polygon POINTS="346 1936 346 1973 2051 1963 2058 1925 2051 1888 343 1894 346 1936"/></Shape>
	    <String CONTENT="בעליה עמה שכר את הפרה ושכר את"
                    HPOS="343"
                    VPOS="1888"
                    WIDTH="1715"
                    HEIGHT="85"></String>
          </TextLine>

          
          
          <TextLine ID="eSc_line_1881279"
                    
                    BASELINE="322 1997 586 2008 1203 1997 2023 1997 2112 1987" 
                    HPOS="315"
                    VPOS="1936"
                    WIDTH="1794"
                    HEIGHT="116">
            <Shape><Polygon POINTS="319 1994 319 2028 415 2049 418 2052 1159 2052 1159 2049 1303 2028 1896 2028 1989 2045 1992 2045 2109 2021 2109 1984 2106 1960 1948 1936 1944 1936 1766 1956 1732 1936 1728 1936 1725 1936 1721 1936 1622 1960 1615 1960 1612 1960 1471 1936 1468 1936 1464 1936 1461 1936 1440 1953 1289 1939 1286 1939 1282 1939 1234 1960 936 1939 933 1939 929 1939 926 1939 926 1942 902 1963 864 1963 466 1946 463 1946 315 1963 319 1994"/></Shape>
	    <String CONTENT="בעליה עמה שכר את הבעלים או ששכרן ואחר כך שאל את הפרה ומתה פטור שנ&#39; אם"
                    HPOS="315"
                    VPOS="1936"
                    WIDTH="1794"
                    HEIGHT="116"></String>
          </TextLine>

          
          
          <TextLine ID="eSc_line_1881280"
                    
                    BASELINE="336 2090 806 2090 1276 2079 1481 2069 2071 2062" 
                    HPOS="329"
                    VPOS="2011"
                    WIDTH="1739"
                    HEIGHT="113">
            <Shape><Polygon POINTS="332 2086 332 2124 2064 2107 2068 2059 2064 2035 1787 2011 1783 2011 1780 2011 1776 2011 1752 2032 1673 2011 1670 2011 1667 2011 1663 2011 1660 2011 1615 2038 1567 2018 1564 2018 1560 2018 1557 2018 1492 2038 1378 2014 1375 2014 1372 2014 1368 2014 1368 2018 1365 2018 1351 2038 1252 2042 1245 2042 1241 2042 1121 2021 1118 2021 1114 2021 1053 2045 1049 2045 1029 2045 600 2025 596 2025 593 2025 589 2025 569 2042 476 2028 473 2028 329 2052 332 2086"/></Shape>
	    <String CONTENT="בעליו עמו לא ישלם ˙˙ ב&#39; אבל אם שאל את הפרה ואחר כך שאל את הבעלים או"
                    HPOS="329"
                    VPOS="2011"
                    WIDTH="1739"
                    HEIGHT="113"></String>
          </TextLine>

          
          
          <TextLine ID="eSc_line_1881262"
                    
                    BASELINE="315 2155 408 2165 723 2155 878 2158 1348 2148 1866 2148 2061 2134" 
                    HPOS="308"
                    VPOS="2083"
                    WIDTH="1750"
                    HEIGHT="127">
            <Shape><Polygon POINTS="312 2151 312 2196 545 2210 548 2210 552 2210 589 2193 593 2193 607 2193 740 2206 744 2206 1972 2175 2003 2189 2006 2189 2010 2189 2013 2189 2058 2169 2058 2131 2047 2083 1972 2107 1742 2093 1739 2093 1478 2114 1450 2097 1447 2097 1444 2097 1440 2097 1437 2097 1433 2097 1433 2100 1413 2114 1358 2100 1317 2093 1313 2093 1310 2093 1272 2103 1214 2117 1128 2107 1042 2097 1039 2097 1035 2097 1032 2097 1032 2100 1029 2100 1022 2110 1018 2114 1001 2110 950 2100 946 2100 943 2100 939 2100 939 2103 929 2114 922 2121 908 2114 881 2100 878 2100 874 2100 788 2117 740 2124 703 2117 607 2103 603 2103 308 2127 312 2151"/></Shape>
	    <String CONTENT="ששכרן ומתה חייב שנ&#39; בעליו אין עמו שלם ישלם ˙˙ ג&#39; השואל את הפרה"
                    HPOS="308"
                    VPOS="2083"
                    WIDTH="1750"
                    HEIGHT="127"></String>
          </TextLine>

          
          
          <TextLine ID="eSc_line_1881258"
                    
                    BASELINE="305 2241 559 2227 1608 2227 2088 2217" 
                    HPOS="298"
                    VPOS="2165"
                    WIDTH="1787"
                    HEIGHT="103">
            <Shape><Polygon POINTS="301 2237 301 2268 2082 2247 2085 2213 2082 2186 1982 2165 1979 2165 1975 2165 1934 2186 1931 2186 1896 2186 1512 2165 1509 2165 1505 2165 1457 2186 1344 2169 1341 2169 1337 2169 1262 2189 1255 2189 1227 2189 874 2169 871 2169 867 2169 864 2169 864 2172 843 2193 840 2193 809 2193 583 2175 579 2175 298 2193 301 2237"/></Shape>
	    <String CONTENT="שאלה חצי יום ושכרה חצי יום שאלה יום ושכרה למחר שאל אחת ושכר אחת "
                    HPOS="298"
                    VPOS="2165"
                    WIDTH="1787"
                    HEIGHT="103"></String>
          </TextLine>

          
          
          <TextLine ID="eSc_line_1881253"
                    
                    BASELINE="343 2299 476 2313 634 2302 891 2299 1800 2302 2006 2299 2106 2289" 
                    HPOS="336"
                    VPOS="2241"
                    WIDTH="1766"
                    HEIGHT="85">
            <Shape><Polygon POINTS="339 2295 336 2326 2099 2326 2102 2285 2099 2265 1944 2261 1924 2241 1920 2241 1917 2241 1914 2241 1450 2261 1149 2241 1145 2241 1142 2241 1083 2261 1056 2244 1053 2244 1049 2244 1046 2244 1042 2244 1039 2244 1015 2265 836 2265 778 2244 775 2244 771 2244 686 2261 613 2241 610 2241 607 2241 603 2241 600 2241 576 2265 476 2265 411 2241 408 2241 404 2241 401 2241 339 2261 339 2295"/></Shape>
	    <String CONTENT="המשאיל אומ&#39; שאולה מתה ביום שהיתה שאולה מתה בשעה שהיתה שאולה מתה והלה"
                    HPOS="336"
                    VPOS="2241"
                    WIDTH="1766"
                    HEIGHT="85"></String>
          </TextLine>

          
          
          <TextLine ID="eSc_line_1881260"
                    
                    BASELINE="332 2371 439 2381 816 2384 1073 2374 1203 2378 1577 2371 1859 2371 2078 2378" 
                    HPOS="325"
                    VPOS="2340"
                    WIDTH="1750"
                    HEIGHT="75">
            <Shape><Polygon POINTS="329 2367 329 2415 2068 2415 2075 2374 2071 2340 325 2340 329 2367"/></Shape>
	    <String CONTENT="אומ&#39; איני יודע חייב ˙˙ ד&#39; השוכר אומר שכורה מתה ביום שהיתה שכורה מתה בשע(ה)"
                    HPOS="325"
                    VPOS="2340"
                    WIDTH="1750"
                    HEIGHT="75"></String>
          </TextLine>

          
          
          <TextLine ID="eSc_line_1881257"
                    
                    BASELINE="353 2453 730 2460 1039 2450 1361 2450 1522 2439 1989 2439 2106 2429" 
                    HPOS="346"
                    VPOS="2391"
                    WIDTH="1756"
                    HEIGHT="110">
            <Shape><Polygon POINTS="349 2450 349 2501 1255 2501 1255 2498 1320 2487 1358 2480 1423 2484 1553 2494 1557 2494 1560 2494 1588 2484 1601 2477 1673 2480 1859 2494 1862 2494 1866 2494 1869 2494 1890 2477 1893 2477 2099 2477 2102 2426 2099 2412 1735 2391 1732 2391 1536 2412 1526 2412 1516 2412 1300 2395 1296 2395 1293 2395 1289 2395 1289 2398 1272 2412 710 2398 706 2398 703 2398 655 2415 651 2415 648 2415 541 2398 538 2398 346 2415 349 2450"/></Shape>
	    <String CONTENT="שהיתה שכורה מיתה והלה אומ&#39; איני יודע פטור זה אומ&#39; שאולה וזה אומ&#39; שכורה"
                    HPOS="346"
                    VPOS="2391"
                    WIDTH="1756"
                    HEIGHT="110"></String>
          </TextLine>

          
          
          <TextLine ID="eSc_line_1881259"
                    
                    BASELINE="332 2535 830 2532 1008 2525 1392 2528 1670 2518 2006 2515 2106 2504" 
                    HPOS="325"
                    VPOS="2470"
                    WIDTH="1777"
                    HEIGHT="100">
            <Shape><Polygon POINTS="329 2532 329 2570 1941 2570 1941 2566 2102 2546 2102 2501 2099 2480 1330 2470 1327 2470 1324 2470 1279 2487 1272 2487 1241 2487 981 2474 977 2474 974 2474 970 2474 970 2477 967 2477 957 2491 922 2491 682 2477 679 2477 325 2494 329 2532"/></Shape>
	    <String CONTENT="ישבע השוכר שהשכורה מתה זה אומ&#39; איני יודע וזה אומ&#39; איני יודע יחלוקו ˙˙ ה&#39; השוﭏ"
                    HPOS="325"
                    VPOS="2470"
                    WIDTH="1777"
                    HEIGHT="100"></String>
          </TextLine>

          
          
          <TextLine ID="eSc_line_1881256"
                    
                    BASELINE="353 2597 1169 2611 1464 2600 2102 2590" 
                    HPOS="346"
                    VPOS="2546"
                    WIDTH="1753"
                    HEIGHT="82">
            <Shape><Polygon POINTS="349 2593 346 2628 2095 2624 2099 2587 2095 2559 1135 2546 1131 2546 1128 2546 1090 2563 1087 2566 349 2566 349 2593"/></Shape>
	    <String CONTENT="את הפרה ושילחה לו ביד בנו ביד עבדו ביד שלוחו או ביד בנו ביד עבדו ביד"
                    HPOS="346"
                    VPOS="2546"
                    WIDTH="1753"
                    HEIGHT="82"></String>
          </TextLine>

          
          
          <TextLine ID="eSc_line_1881252"
                    
                    BASELINE="325 2679 1824 2679 2092 2665" 
                    HPOS="319"
                    VPOS="2614"
                    WIDTH="1769"
                    HEIGHT="96">
            <Shape><Polygon POINTS="322 2676 322 2710 2088 2707 2088 2662 2085 2638 2023 2614 2020 2614 2016 2614 2013 2614 1948 2638 1903 2614 1900 2614 1896 2614 1893 2614 1821 2638 1787 2614 1783 2614 1780 2614 1776 2614 1773 2614 1687 2641 1481 2641 1406 2614 1402 2614 1399 2614 1396 2614 1324 2638 1300 2617 1300 2614 1296 2614 1293 2614 1173 2614 1169 2614 1166 2614 1162 2614 1162 2617 1142 2638 1087 2614 1083 2614 1080 2614 1077 2614 1073 2614 1039 2638 675 2621 672 2621 668 2621 665 2621 638 2638 548 2614 545 2614 541 2614 538 2614 535 2614 535 2617 514 2638 319 2638 322 2676"/></Shape>
	    <String CONTENT="שלוחו של שואל ומתה פטור אמ&#39; לו השואל שילחה לי ביד בני ביד עבדי ביד שלוחי או [צ]"
                    HPOS="319"
                    VPOS="2614"
                    WIDTH="1769"
                    HEIGHT="96"></String>
          </TextLine>

          
          
          <TextLine ID="eSc_line_1881251"
                    
                    BASELINE="339 2748 644 2761 1694 2761 2116 2748" 
                    HPOS="332"
                    VPOS="2696"
                    WIDTH="1780"
                    HEIGHT="100">
            <Shape><Polygon POINTS="336 2744 336 2796 2109 2796 2112 2744 2109 2720 1807 2720 1763 2696 1759 2696 1756 2696 1752 2696 1680 2713 1396 2696 1392 2696 1214 2713 1125 2696 1121 2696 1118 2696 1114 2696 1090 2717 878 2717 579 2696 576 2696 572 2696 569 2696 569 2700 552 2713 497 2700 493 2700 490 2700 332 2717 336 2744"/></Shape>
	    <String CONTENT="ביד בנך או ביד עבדך או ביד שלוחך או שאמר לו המשאיל הרי אני משלחה לך ביד בני"
                    HPOS="332"
                    VPOS="2696"
                    WIDTH="1780"
                    HEIGHT="100"></String>
          </TextLine>

          
          
          <TextLine ID="eSc_line_1881254"
                    
                    BASELINE="339 2844 449 2837 994 2837 1313 2833 1461 2827 2064 2827" 
                    HPOS="332"
                    VPOS="2772"
                    WIDTH="1729"
                    HEIGHT="99">
            <Shape><Polygon POINTS="336 2840 336 2871 2058 2871 2061 2827 2058 2792 1711 2772 1708 2772 1605 2792 1598 2796 1022 2796 1015 2796 960 2775 957 2775 953 2775 950 2775 871 2796 864 2796 857 2796 710 2775 706 2775 703 2775 699 2775 672 2796 668 2796 665 2796 401 2775 397 2775 394 2775 332 2796 336 2840"/></Shape>
	    <String CONTENT="ביד עבדי ביד שלוחי או ביד בנך או ביד עבדך או ביד שלוחך ואמר לו השואל שלח ושלח(ה)"
                    HPOS="332"
                    VPOS="2772"
                    WIDTH="1729"
                    HEIGHT="99"></String>
          </TextLine>

          
          
          <TextLine ID="eSc_line_1881255"
                    
                    BASELINE="367 2916 902 2926 1190 2919 1279 2912 2102 2916" 
                    HPOS="360"
                    VPOS="2861"
                    WIDTH="1739"
                    HEIGHT="92">
            <Shape><Polygon POINTS="363 2912 360 2953 2092 2953 2099 2912 2095 2885 1231 2864 1227 2864 1152 2881 1145 2881 1135 2881 1005 2864 1001 2864 998 2864 994 2864 977 2881 974 2885 840 2885 826 2881 703 2861 699 2861 363 2878 363 2912"/></Shape>
	    <String CONTENT="ומתה חייב וכן בשעה שהוא מחזירה ˙˙ ו&#39; המחליף פרה בחמור וילדה וכן המוכר"
                    HPOS="360"
                    VPOS="2861"
                    WIDTH="1739"
                    HEIGHT="92"></String>
          </TextLine>

          
          
          <TextLine ID="eSc_line_1881261"
                    
                    BASELINE="343 3008 998 3005 2114 2986" 
                    HPOS="336"
                    VPOS="2933"
                    WIDTH="1776"
                    HEIGHT="133">
            <Shape><Polygon POINTS="339 3005 339 3046 565 3066 569 3066 572 3066 613 3046 617 3042 631 3042 727 3063 730 3063 734 3063 737 3063 768 3042 782 3042 970 3060 974 3060 977 3060 1049 3039 1056 3039 1066 3039 1214 3056 1217 3056 1306 3036 1310 3036 1313 3036 1334 3056 1337 3056 1341 3056 1344 3056 1348 3056 1426 3036 1444 3032 1522 3032 1944 3049 1948 3049 2109 3025 2112 2984 2109 2957 1828 2933 1824 2933 1821 2933 1773 2957 1646 2936 1643 2936 1639 2936 1636 2936 1608 2957 1457 2936 1454 2936 1296 2964 1293 2964 1289 2964 1077 2943 1073 2943 1070 2943 1022 2967 1018 2967 884 2943 881 2943 878 2943 874 2943 874 2946 857 2960 706 2946 703 2946 586 2974 576 2974 565 2974 459 2953 456 2953 336 2974 339 3005"/></Shape>
	    <String CONTENT="שפחתו וילדה זה אומ&#39; עד שלא מכרתי ילדה וזה אומ&#39; משלקחתי יחלוקו היו"
                    HPOS="336"
                    VPOS="2933"
                    WIDTH="1776"
                    HEIGHT="133"></String>
          </TextLine>

          
        </TextBlock>
        

        
      </PrintSpace>
    </Page>
  </Layout>
</alto>
