<?xml version="1.0" encoding="UTF-8"?>
<alto xmlns:xsi="http://www.w3.org/2001/XMLSchema-instance"
      xmlns="http://www.loc.gov/standards/alto/ns-v4#"
      xsi:schemaLocation="http://www.loc.gov/standards/alto/ns-v4# http://www.loc.gov/standards/alto/v4/alto-4-2.xsd">
  <Description>
    <MeasurementUnit>pixel</MeasurementUnit>
    <sourceImageInformation>
      <fileName>MS-ADD-00470-00001-000-00056.jpg</fileName>
      
    </sourceImageInformation>
  </Description>
  
  <Tags>
    <OtherTag ID="BT2" LABEL="Main" DESCRIPTION="block type Main"/><OtherTag ID="BT835" LABEL="Margin" DESCRIPTION="block type Margin"/><OtherTag ID="BT1" LABEL="Title" DESCRIPTION="block type Title"/><OtherTag ID="BT3" LABEL="Commentary" DESCRIPTION="block type Commentary"/><OtherTag ID="BT4" LABEL="Illustration" DESCRIPTION="block type Illustration"/><OtherTag ID="BT836" LABEL="Paratext" DESCRIPTION="block type Paratext"/>
    <OtherTag ID="LT2" LABEL="Numbering" DESCRIPTION="line type Numbering"/><OtherTag ID="LT3" LABEL="Correction" DESCRIPTION="line type Correction"/>
  </Tags>
  
  <Layout>
    <Page WIDTH="2775"
          HEIGHT="4112"
          PHYSICAL_IMG_NR="51"
          ID="eSc_dummypage_">
      <PrintSpace HPOS="0"
                  VPOS="0"
                  WIDTH="2775"
                  HEIGHT="4112">
        
        <TextBlock HPOS="338.0"
                   VPOS="674.0"
                   WIDTH="1824.0"
                   HEIGHT="2466.0"
                   ID="eSc_textblock_cfdd66a9"
                   TAGREFS="BT2">
          <Shape><Polygon POINTS="338 674 2162 674 2162 3140 338 3140"/></Shape>
          
          
          <TextLine ID="eSc_line_2a0740ff"
                    
                    BASELINE="408 794 1039 784 2082 774" 
                    HPOS="404"
                    VPOS="712"
                    WIDTH="1674"
                    HEIGHT="137">
            <Shape><Polygon POINTS="404 829 476 849 480 849 483 849 734 829 1286 842 1289 842 1447 822 1543 839 1547 839 1550 839 1591 818 1649 836 1653 836 1656 836 1660 836 1735 818 2010 832 2013 832 2016 832 2078 812 2078 771 2075 733 1725 716 1721 716 1718 716 1670 729 1632 736 1588 726 1560 723 1557 723 1553 723 1543 726 1516 743 1296 743 1279 726 1265 716 1265 712 1262 712 1258 712 1193 712 1190 712 1080 723 871 747 816 723 802 716 799 716 696 716 692 716 689 716 686 716 682 719 655 740 538 719 528 719 524 719 521 719 517 719 483 743 404 719 404 791 404 829"/></Shape>
	    <String CONTENT="מן המוקצה ˙˙ ג&#39; השוכר את הפועל לעשות בזיתים אמר לו על מנת לאוכל"
                    HPOS="404"
                    VPOS="712"
                    WIDTH="1674"
                    HEIGHT="137"></String>
          </TextLine>

          
          
          <TextLine ID="eSc_line_8761af8e"
                    
                    BASELINE="394 884 603 880 723 887 761 877 1121 877 1358 866 1543 870 1763 860 1927 860 2006 853 2051 856" 
                    HPOS="387"
                    VPOS="812"
                    WIDTH="1660"
                    HEIGHT="120">
            <Shape><Polygon POINTS="391 880 391 914 641 932 644 932 2040 894 2047 853 2040 812 1166 842 977 842 960 822 957 822 957 818 953 818 950 818 946 818 915 825 854 836 740 825 682 822 679 822 648 829 569 846 552 829 548 829 548 825 545 825 541 825 538 825 387 829 391 880"/></Shape>
	    <String CONTENT="זיתים אוכל אחת אחת ופטור ואם צֵרֵיף חייב לנכש בבצלים אמר לו על"
                    HPOS="387"
                    VPOS="812"
                    WIDTH="1660"
                    HEIGHT="120"></String>
          </TextLine>

          
          
          <TextLine ID="eSc_line_efd2e64a"
                    
                    BASELINE="387 959 555 966 600 959 806 956 850 949 1159 952 1197 945 1348 942 1382 932 1416 938 1564 935 1708 938 1783 932 1986 928 2061 918" 
                    HPOS="380"
                    VPOS="894"
                    WIDTH="1678"
                    HEIGHT="113">
            <Shape><Polygon POINTS="384 956 384 1007 679 1007 679 1004 682 1004 699 1000 737 986 809 997 864 1004 867 1004 936 993 1032 980 1063 990 1083 1000 1087 1000 1090 1000 1173 990 1241 980 1286 986 1358 1000 1361 1000 1365 1000 1426 983 1461 976 1543 983 1752 997 1756 997 1759 997 1763 997 1787 976 1790 973 2058 969 2058 914 2051 894 380 918 384 956"/></Shape>
	    <String CONTENT="מנת לאוכל ורק מקרטם עלה עלֵה ואוכל ואם צריף חייב ˙˙ ד&#39; מצא קציצות"
                    HPOS="380"
                    VPOS="894"
                    WIDTH="1678"
                    HEIGHT="113"></String>
          </TextLine>

          
          
          <TextLine ID="eSc_line_6331af57"
                    
                    BASELINE="404 1028 878 1034 946 1028 1207 1024 1245 1014 1279 1021 1543 1017 1663 1021 1708 1014 1831 1014 1914 1004 2085 1004" 
                    HPOS="397"
                    VPOS="969"
                    WIDTH="1685"
                    HEIGHT="106">
            <Shape><Polygon POINTS="401 1028 401 1069 1025 1075 1029 1075 1224 1062 1303 1055 1344 1058 1457 1072 1461 1072 1464 1072 1522 1055 1533 1055 1543 1055 1615 1072 1619 1072 1721 1055 1742 1051 1745 1055 1769 1069 1773 1069 1776 1069 1780 1069 1903 1051 1910 1051 1914 1051 1934 1069 1938 1069 1941 1069 1944 1069 1948 1069 1951 1069 1951 1065 1968 1051 2078 1051 2082 1000 2078 980 1289 969 1286 969 1015 973 1011 973 957 990 939 1000 397 1000 401 1028"/></Shape>
	    <String CONTENT="בדרך אפי&#39; בצד שדה קציצות וכן תאנה שהיא נוטה לדרך ומצא תחתיה"
                    HPOS="397"
                    VPOS="969"
                    WIDTH="1685"
                    HEIGHT="106"></String>
          </TextLine>

          
          
          <TextLine ID="eSc_line_cd5f9268"
                    
                    BASELINE="373 1106 425 1099 939 1103 981 1096 1258 1093 1300 1082 1378 1089 1691 1086 1776 1093 1814 1082 2085 1082" 
                    HPOS="367"
                    VPOS="1041"
                    WIDTH="1715"
                    HEIGHT="103">
            <Shape><Polygon POINTS="370 1103 370 1144 2078 1134 2082 1079 2078 1058 2051 1041 2047 1041 2044 1041 2040 1041 1320 1058 1152 1041 1149 1041 1145 1041 1107 1062 367 1062 370 1103"/></Shape>
	    <String CONTENT="תאינים מותרות משום גזל ופטורות מן המעשרות ובזיתים ובחרובים חייבין מצא"
                    HPOS="367"
                    VPOS="1041"
                    WIDTH="1715"
                    HEIGHT="103"></String>
          </TextLine>

          
          
          <TextLine ID="eSc_line_7df63c78"
                    
                    BASELINE="391 1178 710 1178 919 1168 1258 1171 1334 1165 1512 1165 1769 1154 2027 1154 2068 1161" 
                    HPOS="384"
                    VPOS="1123"
                    WIDTH="1680"
                    HEIGHT="93">
            <Shape><Polygon POINTS="387 1175 387 1216 2054 1199 2064 1158 2058 1123 384 1137 387 1175"/></Shape>
	    <String CONTENT="גרוגרות אם דרסו רוב אדם חייב ואם לאו פטור מצא פילחי דבילה חייב שיידוע שהן"
                    HPOS="384"
                    VPOS="1123"
                    WIDTH="1680"
                    HEIGHT="93"></String>
          </TextLine>

          
          
          <TextLine ID="eSc_line_ccd6edc8"
                    
                    BASELINE="394 1247 850 1254 926 1247 1231 1243 1276 1237 1721 1240 1756 1233 2095 1226" 
                    HPOS="387"
                    VPOS="1189"
                    WIDTH="1705"
                    HEIGHT="113">
            <Shape><Polygon POINTS="391 1243 387 1281 415 1298 418 1298 421 1298 425 1302 819 1302 819 1298 823 1298 871 1281 1111 1298 1114 1298 1118 1298 1166 1278 1197 1298 1200 1298 1203 1298 1207 1298 1210 1298 1296 1278 1519 1298 1522 1298 1629 1278 1739 1295 1742 1295 1955 1278 2006 1295 2010 1295 2013 1295 2016 1295 2088 1274 2092 1223 2085 1199 864 1206 847 1206 751 1189 747 1189 744 1189 740 1189 740 1192 723 1206 723 1209 391 1209 391 1243"/></Shape>
	    <String CONTENT="מן הדבר הגמור והחרובין עד שלא כינסן לראש הגג מוריד מהם לבהמה ופטור מפני"
                    HPOS="387"
                    VPOS="1189"
                    WIDTH="1705"
                    HEIGHT="113"></String>
          </TextLine>

          
          
          <TextLine ID="eSc_line_134c0200"
                    
                    BASELINE="394 1329 734 1329 919 1326 994 1319 1498 1319 1543 1326 1595 1315 1773 1312 1811 1305 2068 1312" 
                    HPOS="387"
                    VPOS="1267"
                    WIDTH="1677"
                    HEIGHT="100">
            <Shape><Polygon POINTS="391 1326 391 1367 2058 1353 2064 1308 2058 1267 387 1285 391 1326"/></Shape>
	    <String CONTENT="שהוא מחזיר את המותר ˙˙ ה&#39; אי זו היא חצר שהיא חייבת במעשרות ר&#39; ישמעﭏ"
                    HPOS="387"
                    VPOS="1267"
                    WIDTH="1677"
                    HEIGHT="100"></String>
          </TextLine>

          
          
          <TextLine ID="eSc_line_ee56376c"
                    
                    BASELINE="394 1401 1265 1401 1337 1408 1372 1398 1636 1398 1780 1394 1814 1387 2047 1391 2095 1380" 
                    HPOS="387"
                    VPOS="1343"
                    WIDTH="1705"
                    HEIGHT="106">
            <Shape><Polygon POINTS="391 1398 391 1449 2092 1428 2092 1377 2088 1360 2030 1343 2027 1343 2023 1343 1701 1360 1567 1343 1564 1343 1560 1343 1519 1363 1481 1363 1022 1346 1018 1346 833 1363 830 1363 686 1343 682 1343 679 1343 675 1343 644 1367 490 1367 466 1346 463 1346 459 1346 456 1346 452 1346 387 1363 391 1398"/></Shape>
	    <String CONTENT="אומ&#39; חצר הצורית שהכלים נשמרים בתוכה ר&#39; עקיבה אומ&#39; כל שאחד פותי(ח)"
                    HPOS="387"
                    VPOS="1343"
                    WIDTH="1705"
                    HEIGHT="106"></String>
          </TextLine>

          
          
          <TextLine ID="eSc_line_4b82cf1c"
                    
                    BASELINE="428 1480 967 1487 1005 1480 1224 1480 1327 1470 1879 1473 2092 1459" 
                    HPOS="421"
                    VPOS="1418"
                    WIDTH="1667"
                    HEIGHT="96">
            <Shape><Polygon POINTS="425 1476 421 1514 2085 1507 2088 1456 2085 1432 1649 1418 1646 1418 1471 1435 1468 1435 1464 1435 1334 1418 1330 1418 1327 1418 1324 1418 1324 1422 1306 1439 1282 1439 1107 1446 1080 1442 981 1418 977 1418 974 1418 970 1418 970 1422 946 1442 943 1449 425 1449 425 1476"/></Shape>
	    <String CONTENT="ואחד נועל פטורה ר&#39; נחמיה אומ&#39; כל שאין אדם בוש מלאוכל בתוכה חייבת ˙ ר&#39; יוסי"
                    HPOS="421"
                    VPOS="1418"
                    WIDTH="1667"
                    HEIGHT="96"></String>
          </TextLine>

          
          
          <TextLine ID="eSc_line_81185c5e"
                    
                    BASELINE="391 1559 435 1572 473 1562 548 1569 583 1562 874 1562 946 1559 1011 1548 1090 1555 1392 1555 1505 1548 1766 1545 1807 1538 2040 1538 2082 1545" 
                    HPOS="384"
                    VPOS="1494"
                    WIDTH="1694"
                    HEIGHT="102">
            <Shape><Polygon POINTS="387 1555 387 1596 2068 1583 2078 1542 2071 1494 1811 1511 1715 1497 1694 1497 1691 1497 1687 1497 1677 1500 1598 1518 1468 1504 1409 1497 1406 1497 1402 1497 1399 1497 1392 1504 1378 1518 1217 1518 1197 1507 1173 1497 1169 1497 1166 1497 1162 1497 1131 1511 1097 1524 764 1524 754 1518 734 1500 730 1500 727 1500 723 1500 720 1500 716 1500 716 1504 703 1518 696 1524 384 1524 387 1555"/></Shape>
	    <String CONTENT="אומ&#39; כל שנכנסה לה והן אומרין לו מה אתה מבקש פטורה ר&#39; יהודה אומ&#39; שתי חצירות"
                    HPOS="384"
                    VPOS="1494"
                    WIDTH="1694"
                    HEIGHT="102"></String>
          </TextLine>

          
          
          <TextLine ID="eSc_line_e472db41"
                    
                    BASELINE="418 1637 854 1637 963 1627 1080 1631 1313 1620 1938 1624 1972 1617 2068 1617" 
                    HPOS="411"
                    VPOS="1576"
                    WIDTH="1653"
                    HEIGHT="103">
            <Shape><Polygon POINTS="415 1634 415 1679 2061 1672 2064 1613 2058 1583 1457 1596 1365 1589 1238 1576 1234 1576 1083 1589 1025 1596 1015 1593 994 1576 991 1576 987 1576 984 1576 981 1576 977 1576 957 1593 946 1600 411 1600 415 1634"/></Shape>
	    <String CONTENT="זו לפנים מזו הפנימית חייבת והחיצונה פטורה ˙˙ ו&#39; הגגות פטורות אף על"
                    HPOS="411"
                    VPOS="1576"
                    WIDTH="1653"
                    HEIGHT="103"></String>
          </TextLine>

          
          
          <TextLine ID="eSc_line_f81d6671"
                    
                    BASELINE="373 1709 421 1706 466 1713 559 1713 710 1709 758 1703 1265 1706 1310 1699 2082 1685" 
                    HPOS="367"
                    VPOS="1648"
                    WIDTH="1711"
                    HEIGHT="103">
            <Shape><Polygon POINTS="370 1706 370 1751 1917 1751 1917 1747 2075 1727 2078 1682 2071 1648 367 1672 370 1706"/></Shape>
	    <String CONTENT="פי שהן של חצר החייבת וכן בית שער ואכסדרה ומרפסת הרי אלו כחצ(ר)"
                    HPOS="367"
                    VPOS="1648"
                    WIDTH="1711"
                    HEIGHT="103"></String>
          </TextLine>

          
          
          <TextLine ID="eSc_line_59c05a95"
                    
                    BASELINE="415 1778 466 1792 596 1792 716 1785 1005 1788 1083 1781 1272 1781 1354 1778 1396 1768 1464 1775 1838 1775 1883 1768 2013 1764 2095 1768" 
                    HPOS="408"
                    VPOS="1727"
                    WIDTH="1684"
                    HEIGHT="109">
            <Shape><Polygon POINTS="411 1775 411 1826 418 1833 421 1833 425 1833 428 1836 912 1836 912 1833 1169 1812 1248 1833 1252 1833 1255 1833 1258 1833 1262 1833 1262 1829 1282 1812 1591 1812 1595 1812 1749 1833 1752 1833 1756 1833 1824 1812 2085 1812 2092 1764 2088 1744 2047 1727 2044 1727 2040 1727 658 1744 610 1727 607 1727 603 1727 600 1727 596 1727 596 1730 579 1747 408 1747 411 1775"/></Shape>
	    <String CONTENT="אם חייבת חייבין אם פטורה פטורים ˙˙ ז&#39; הצריפים והבורגנים והאלקטיות [צ]"
                    HPOS="408"
                    VPOS="1727"
                    WIDTH="1684"
                    HEIGHT="109"></String>
          </TextLine>

          
          
          <TextLine ID="eSc_line_049565a0"
                    
                    BASELINE="401 1864 490 1864 524 1870 565 1870 679 1864 977 1860 1022 1853 1245 1857 1279 1850 1498 1850 1848 1840 2016 1843 2109 1833" 
                    HPOS="394"
                    VPOS="1802"
                    WIDTH="1712"
                    HEIGHT="113">
            <Shape><Polygon POINTS="397 1860 397 1894 466 1915 469 1915 473 1915 874 1912 1149 1888 1591 1901 1595 1901 1914 1877 2037 1894 2040 1894 2044 1894 2106 1870 2106 1829 2102 1809 1368 1802 1365 1802 1361 1802 1358 1802 1341 1819 1337 1819 1313 1819 953 1809 950 1809 394 1833 397 1860"/></Shape>
	    <String CONTENT="פטורים סוכת גניסר אף על פי שיש בה ריחים ותרנגלים פטורה סוכת"
                    HPOS="394"
                    VPOS="1802"
                    WIDTH="1712"
                    HEIGHT="113"></String>
          </TextLine>

          
          
          <TextLine ID="eSc_line_c6e48820"
                    
                    BASELINE="387 1929 469 1939 744 1936 819 1942 857 1932 1159 1932 1248 1929 1286 1918 1327 1925 1619 1925 2068 1912" 
                    HPOS="380"
                    VPOS="1884"
                    WIDTH="1684"
                    HEIGHT="103">
            <Shape><Polygon POINTS="384 1925 384 1987 2061 1966 2064 1908 2058 1884 380 1901 384 1925"/></Shape>
	    <String CONTENT="היוצרים הפנימית חייבת והחיצונה פטורה ר&#39; יוסי אומ&#39; כל שאינה דירת החמה ודירת"
                    HPOS="380"
                    VPOS="1884"
                    WIDTH="1684"
                    HEIGHT="103"></String>
          </TextLine>

          
          
          <TextLine ID="eSc_line_8dde20ea"
                    
                    BASELINE="418 2014 555 2014 696 2004 1310 2008 1392 2001 1680 1997 1759 1990 2068 1994" 
                    HPOS="411"
                    VPOS="1953"
                    WIDTH="1653"
                    HEIGHT="103">
            <Shape><Polygon POINTS="415 2011 415 2056 2058 2035 2064 1990 2058 1953 411 1966 415 2011"/></Shape>
	    <String CONTENT="הגשמים פטורה סוכת החג בחג ר&#39; יהודה מחייב וחכמים פוטרים ˙˙ ח&#39; תאינה"
                    HPOS="411"
                    VPOS="1953"
                    WIDTH="1653"
                    HEIGHT="103"></String>
          </TextLine>

          
          
          <TextLine ID="eSc_line_ac3c8b64"
                    
                    BASELINE="408 2090 1104 2090 1179 2083 1492 2079 1526 2073 1920 2076 2095 2062" 
                    HPOS="401"
                    VPOS="2038"
                    WIDTH="1691"
                    HEIGHT="100">
            <Shape><Polygon POINTS="404 2086 404 2121 1131 2138 1135 2138 1138 2138 1186 2117 1190 2117 1197 2117 1300 2138 1303 2138 1306 2138 1310 2138 1334 2117 1341 2114 1468 2114 1471 2117 1488 2131 1492 2131 1495 2131 1498 2131 1502 2131 1550 2114 1560 2114 1667 2114 1670 2114 1684 2127 1684 2131 1687 2131 1691 2131 1694 2131 1697 2131 1735 2114 1739 2114 1759 2114 1996 2131 1999 2131 2088 2110 2092 2059 2085 2038 401 2049 404 2086"/></Shape>
	    <String CONTENT="שהיא עומדת בחצר אוכל אחת אחת פטור ואם צריף חייב ר&#39; שמע&#39; אומר"
                    HPOS="401"
                    VPOS="2038"
                    WIDTH="1691"
                    HEIGHT="100"></String>
          </TextLine>

          
          
          <TextLine ID="eSc_line_cacf2b5b"
                    
                    BASELINE="528 2158 888 2165 1166 2155 1629 2158 1663 2151 2078 2145" 
                    HPOS="521"
                    VPOS="2097"
                    WIDTH="1554"
                    HEIGHT="113">
            <Shape><Polygon POINTS="524 2155 524 2196 1049 2210 1053 2210 1056 2210 1059 2210 1059 2206 1073 2193 1077 2193 1255 2193 1258 2193 1310 2210 1313 2210 1317 2210 1416 2193 1420 2193 1423 2193 1543 2210 1547 2210 1643 2189 1656 2189 2071 2189 2075 2141 2068 2114 1691 2117 1673 2114 1601 2097 1598 2097 1595 2097 1512 2117 1488 2121 1416 2117 1169 2100 1166 2100 1162 2100 1101 2121 1090 2124 672 2124 672 2121 586 2100 583 2100 579 2100 576 2100 521 2121 524 2155"/></Shape>
	    <String CONTENT="אחת בימינו ואחת בשמﭏו ואחת בפיו עלה לראשה ממלא את חיקו ואוכל ˙˙"
                    HPOS="521"
                    VPOS="2097"
                    WIDTH="1554"
                    HEIGHT="113"></String>
          </TextLine>

          
          
          <TextLine ID="eSc_line_831961b6"
                    
                    BASELINE="408 2241 908 2237 994 2244 1032 2234 1080 2230 1536 2234 1732 2223 2003 2223 2082 2230" 
                    HPOS="401"
                    VPOS="2179"
                    WIDTH="1677"
                    HEIGHT="110">
            <Shape><Polygon POINTS="404 2237 404 2271 1516 2289 1519 2289 1522 2289 1526 2289 1550 2271 1694 2285 1697 2285 1866 2268 1869 2268 1896 2285 1900 2285 1903 2285 1907 2285 2071 2265 2078 2227 2068 2179 1996 2196 1543 2186 1382 2182 1378 2182 1375 2182 1351 2189 1300 2199 1255 2189 1221 2182 1217 2182 1176 2189 1135 2199 1097 2193 1059 2182 1056 2182 1053 2182 1049 2182 1008 2193 977 2203 401 2203 404 2237"/></Shape>
	    <String CONTENT="ט&#39; גפן שהיא נטועה בחצר נוטל את כל האשכול וכן ברמון וכן באבטיח דברי ר&#39;"
                    HPOS="401"
                    VPOS="2179"
                    WIDTH="1677"
                    HEIGHT="110"></String>
          </TextLine>

          
          
          <TextLine ID="eSc_line_8dea8282"
                    
                    BASELINE="387 2316 493 2316 535 2326 603 2316 881 2316 1022 2313 1056 2306 1440 2306 1474 2313 1529 2302 1893 2292 1975 2295 2023 2285" 
                    HPOS="380"
                    VPOS="2265"
                    WIDTH="1640"
                    HEIGHT="106">
            <Shape><Polygon POINTS="384 2313 384 2354 638 2371 641 2371 644 2371 648 2371 648 2367 651 2367 662 2354 665 2350 706 2354 936 2367 939 2367 943 2367 1015 2350 1090 2364 1094 2364 1097 2364 1101 2364 1101 2360 1114 2347 1118 2347 1159 2347 1485 2360 1488 2360 1492 2360 1495 2360 1519 2343 1526 2340 1564 2343 1691 2357 1694 2357 2020 2336 2020 2282 2013 2265 380 2282 384 2313"/></Shape>
	    <String CONTENT="טרפון ר&#39; עקיבה אומ&#39; מגרגיר באשכול ופורט ברמון ושופית באבטיח כסבר שהיא"
                    HPOS="380"
                    VPOS="2265"
                    WIDTH="1640"
                    HEIGHT="106"></String>
          </TextLine>

          
          
          <TextLine ID="eSc_line_25749fa6"
                    
                    BASELINE="339 2384 734 2391 843 2384 1526 2381 1560 2374 2016 2378 2061 2367" 
                    HPOS="332"
                    VPOS="2330"
                    WIDTH="1726"
                    HEIGHT="113">
            <Shape><Polygon POINTS="336 2381 332 2426 644 2439 648 2439 878 2426 970 2419 1032 2422 1210 2439 1214 2439 1217 2439 1221 2439 1245 2422 1252 2419 1265 2422 1330 2439 1334 2439 1337 2443 1361 2443 1396 2443 1430 2443 1464 2443 1498 2443 1533 2443 1567 2443 1571 2443 1571 2439 1574 2439 1577 2439 1605 2419 1619 2419 1725 2436 1728 2436 2054 2415 2058 2364 2051 2333 435 2347 391 2330 387 2330 384 2330 380 2330 336 2347 336 2381"/></Shape>
	    <String CONTENT="זרועה בחצר מקרטם עלה עלה ואוכל ואם צירף חייב ˙˙ י&#39; הסיאה והאזוב והקור(נית)"
                    HPOS="332"
                    VPOS="2330"
                    WIDTH="1726"
                    HEIGHT="113"></String>
          </TextLine>

          
          
          <TextLine ID="eSc_line_e157dbb0"
                    
                    BASELINE="415 2467 703 2463 744 2456 1238 2460 1303 2453 1752 2450 1787 2443 2078 2446" 
                    HPOS="408"
                    VPOS="2415"
                    WIDTH="1667"
                    HEIGHT="89">
            <Shape><Polygon POINTS="411 2463 411 2504 2068 2484 2075 2443 2068 2415 408 2422 411 2463"/></Shape>
	    <String CONTENT="שבחצר אם היו נשמרים חייבין ˙ תאינה שהיא עומדת בחצר ונוטה לגנה"
                    HPOS="408"
                    VPOS="2415"
                    WIDTH="1667"
                    HEIGHT="89"></String>
          </TextLine>

          
          
          <TextLine ID="eSc_line_58edb3f1"
                    
                    BASELINE="415 2542 1183 2542 1262 2532 1461 2525 1680 2528 1718 2522 2099 2522" 
                    HPOS="408"
                    VPOS="2477"
                    WIDTH="1687"
                    HEIGHT="113">
            <Shape><Polygon POINTS="411 2539 411 2590 1197 2590 1197 2587 1200 2587 1238 2576 1269 2566 1310 2573 1368 2583 1372 2583 1375 2583 1378 2583 1396 2573 1402 2566 1413 2573 1433 2587 1437 2587 1440 2587 1444 2587 1447 2587 1498 2570 1516 2566 1625 2570 2003 2580 2006 2580 2092 2559 2095 2518 2092 2484 1450 2477 1447 2477 1341 2491 1300 2494 1276 2491 1210 2477 1207 2477 1203 2477 1166 2491 1155 2494 1138 2491 1049 2477 1046 2477 1042 2477 1039 2477 1039 2480 1025 2494 1018 2501 408 2501 411 2539"/></Shape>
	    <String CONTENT="אוכל כדרכו ופטור עומדת לגנה ונוטה לחצר אוכל אחת אחת ופטור ואם צֵרֵיף חייב"
                    HPOS="408"
                    VPOS="2477"
                    WIDTH="1687"
                    HEIGHT="113"></String>
          </TextLine>

          
          
          <TextLine ID="eSc_line_e14c5c7a"
                    
                    BASELINE="421 2611 1087 2611 1166 2604 1540 2600 1615 2593 2099 2593" 
                    HPOS="415"
                    VPOS="2549"
                    WIDTH="1680"
                    HEIGHT="106">
            <Shape><Polygon POINTS="418 2607 418 2648 1385 2655 1389 2655 1471 2638 1481 2638 1485 2638 1516 2655 1519 2655 1522 2655 1526 2655 1529 2655 1550 2638 1553 2638 1571 2638 1807 2652 1811 2652 1951 2635 1955 2635 1958 2635 2016 2652 2020 2652 2023 2652 2027 2652 2095 2631 2095 2590 2092 2566 1625 2549 1622 2549 1505 2566 1478 2570 1437 2566 1258 2552 1255 2552 1186 2570 1176 2570 1169 2570 1131 2552 1128 2552 1125 2552 1121 2552 1080 2570 1073 2573 706 2573 703 2570 624 2552 620 2552 617 2552 613 2552 613 2556 596 2570 596 2573 415 2573 418 2607"/></Shape>
	    <String CONTENT="עומדת בארץ ונוטה לחוצה לארץ או לחוצה לארץ ונוטה בארץ הכל הולך אחר"
                    HPOS="415"
                    VPOS="2549"
                    WIDTH="1680"
                    HEIGHT="106"></String>
          </TextLine>

          
          
          <TextLine ID="eSc_line_0d369b89"
                    
                    BASELINE="418 2672 466 2683 843 2683 953 2676 1378 2676 1564 2683 1732 2683 1886 2676 2088 2679" 
                    HPOS="411"
                    VPOS="2624"
                    WIDTH="1674"
                    HEIGHT="110">
            <Shape><Polygon POINTS="415 2669 411 2720 1241 2734 1245 2734 1368 2717 1382 2717 1389 2717 1447 2734 1450 2734 1454 2734 1457 2734 1498 2717 1502 2717 1848 2717 1941 2717 2027 2734 2030 2734 2034 2734 2082 2713 2085 2676 2082 2648 826 2624 823 2624 819 2624 816 2624 816 2628 795 2648 548 2648 439 2624 435 2624 432 2624 428 2624 428 2628 415 2641 415 2669"/></Shape>
	    <String CONTENT="העיקר ובבתי ערי חומה הכל הולך אחר העיקר ערי מקלט הכל הולך אחר הנוף ובירושלם"
                    HPOS="411"
                    VPOS="2624"
                    WIDTH="1674"
                    HEIGHT="110"></String>
          </TextLine>

          
          
          <TextLine ID="eSc_line_88d22d40"
                    
                    BASELINE="415 2761 675 2761 775 2755 1787 2755 1893 2751 1931 2744 2058 2748 2109 2737" 
                    HPOS="408"
                    VPOS="2703"
                    WIDTH="1698"
                    HEIGHT="110">
            <Shape><Polygon POINTS="411 2758 411 2796 686 2789 754 2799 809 2809 812 2809 816 2809 833 2799 860 2789 1142 2789 1176 2803 1190 2809 1193 2809 1197 2813 1365 2813 1365 2809 1399 2806 1502 2789 1553 2806 1564 2809 1567 2809 1571 2809 1574 2809 1584 2806 1646 2789 1680 2806 1680 2809 1684 2809 1687 2809 1691 2809 1711 2806 1814 2792 1914 2809 1924 2809 1927 2809 1931 2809 1934 2809 2016 2789 2099 2809 2106 2734 2099 2703 747 2720 727 2717 641 2703 638 2703 634 2703 631 2703 631 2707 617 2720 613 2724 408 2724 411 2758"/></Shape>
	    <String CONTENT="הכל הולך אחר הנוף ˙˙ הל&#39; י&#39; פרק ד&#39; הכובש השולק המוליח בשדה"
                    HPOS="408"
                    VPOS="2703"
                    WIDTH="1698"
                    HEIGHT="110"></String>
          </TextLine>

          
          
          <TextLine ID="eSc_line_d4f729e0"
                    
                    BASELINE="432 2837 734 2844 833 2837 1138 2833 1265 2827 1835 2830 2109 2816" 
                    HPOS="425"
                    VPOS="2796"
                    WIDTH="1681"
                    HEIGHT="82">
            <Shape><Polygon POINTS="428 2833 428 2878 1522 2864 1615 2868 1968 2878 1972 2878 2102 2857 2106 2813 2099 2796 425 2803 428 2833"/></Shape>
	    <String CONTENT="חייב המכמר באדמה פטור המטביל בשדה פטור"
                    HPOS="425"
                    VPOS="2796"
                    WIDTH="1681"
                    HEIGHT="82"></String>
          </TextLine>

          
          
          <TextLine ID="eSc_line_c33ceccf"
                    
                    BASELINE="391 2929 439 2926 483 2933 675 2933 782 2929 816 2922 1200 2926 1276 2919 1512 2916 1547 2909 1975 2909 2047 2916 2088 2902" 
                    HPOS="384"
                    VPOS="2864"
                    WIDTH="1701"
                    HEIGHT="103">
            <Shape><Polygon POINTS="387 2926 387 2967 2085 2964 2085 2898 2078 2874 884 2885 874 2881 823 2864 819 2864 816 2864 812 2864 809 2864 809 2868 792 2885 788 2888 384 2888 387 2926"/></Shape>
	    <String CONTENT="הפוציע זיתים על מנת שיצא הסורף מהם פטור השוחט זיתים על בשרו פטור ואם שוח(ט)"
                    HPOS="384"
                    VPOS="2864"
                    WIDTH="1701"
                    HEIGHT="103"></String>
          </TextLine>

          
          
          <TextLine ID="eSc_line_85cffb28"
                    
                    BASELINE="415 3015 473 3022 1324 3005 1447 3008 1845 3001 2082 2994 2123 2984" 
                    HPOS="408"
                    VPOS="2936"
                    WIDTH="1711"
                    HEIGHT="144">
            <Shape><Polygon POINTS="411 3012 411 3063 559 3080 562 3080 565 3080 569 3080 589 3063 596 3056 895 3056 902 3056 926 3077 929 3077 933 3077 936 3080 1053 3080 1053 3077 1056 3077 1114 3056 1131 3049 1238 3049 1248 3053 1276 3073 1279 3073 1282 3073 1286 3073 1437 3053 1457 3066 1461 3066 1464 3066 1468 3066 1471 3066 1505 3049 1516 3046 1522 3049 1567 3066 1571 3066 1574 3066 1577 3066 1636 3046 1667 3039 1776 3039 1787 3046 1807 3063 1811 3063 1814 3063 1817 3063 2119 3039 2119 2981 2116 2960 1989 2936 1986 2936 1982 2936 1907 2964 1550 2970 1478 2970 1474 2970 1303 2946 1300 2946 1296 2946 1241 2970 1197 2950 1193 2950 1190 2950 1073 2970 953 2953 950 2953 946 2953 943 2953 943 2957 915 2977 456 2970 452 2970 449 2970 408 2988 411 3012"/></Shape>
	    <String CONTENT="ונתן לתוך ידו חייב ˙˙ ב&#39; המקפה לתבשיל פטור ולקדירה חייב מפני שהוא כבוד"
                    HPOS="408"
                    VPOS="2936"
                    WIDTH="1711"
                    HEIGHT="144"></String>
          </TextLine>

          
        </TextBlock>
        

        
      </PrintSpace>
    </Page>
  </Layout>
</alto>
