<?xml version="1.0" encoding="UTF-8"?>
<alto xmlns:xsi="http://www.w3.org/2001/XMLSchema-instance"
      xmlns="http://www.loc.gov/standards/alto/ns-v4#"
      xsi:schemaLocation="http://www.loc.gov/standards/alto/ns-v4# http://www.loc.gov/standards/alto/v4/alto-4-2.xsd">
  <Description>
    <MeasurementUnit>pixel</MeasurementUnit>
    <sourceImageInformation>
      <fileName>MS-ADD-00470-00001-000-00220.jpg</fileName>
      
    </sourceImageInformation>
  </Description>
  
  <Tags>
    <OtherTag ID="BT2" LABEL="Main" DESCRIPTION="block type Main"/><OtherTag ID="BT835" LABEL="Margin" DESCRIPTION="block type Margin"/><OtherTag ID="BT1" LABEL="Title" DESCRIPTION="block type Title"/><OtherTag ID="BT3" LABEL="Commentary" DESCRIPTION="block type Commentary"/><OtherTag ID="BT4" LABEL="Illustration" DESCRIPTION="block type Illustration"/><OtherTag ID="BT836" LABEL="Paratext" DESCRIPTION="block type Paratext"/>
    <OtherTag ID="LT2" LABEL="Numbering" DESCRIPTION="line type Numbering"/><OtherTag ID="LT3" LABEL="Correction" DESCRIPTION="line type Correction"/>
  </Tags>
  
  <Layout>
    <Page WIDTH="2775"
          HEIGHT="4112"
          PHYSICAL_IMG_NR="215"
          ID="eSc_dummypage_">
      <PrintSpace HPOS="0"
                  VPOS="0"
                  WIDTH="2775"
                  HEIGHT="4112">
        
        <TextBlock HPOS="300.0"
                   VPOS="682.0"
                   WIDTH="1846.0"
                   HEIGHT="2466.0"
                   ID="eSc_textblock_6765"
                   TAGREFS="BT2">
          <Shape><Polygon POINTS="300 682 2146 682 2146 3148 300 3148"/></Shape>
          
          
          <TextLine ID="eSc_line_1880807"
                    
                    BASELINE="332 812 483 805 1276 794 2078 794" 
                    HPOS="325"
                    VPOS="723"
                    WIDTH="1750"
                    HEIGHT="119">
            <Shape><Polygon POINTS="329 808 329 842 2075 836 2075 791 2071 757 1934 757 1886 723 1883 723 1879 723 1876 723 1872 723 1817 747 1780 723 1776 723 1773 723 1769 723 1553 726 1550 726 1547 726 1495 757 1090 729 1087 729 1083 729 1011 760 898 747 895 747 572 764 552 764 497 736 493 736 490 736 325 764 329 808"/></Shape>
	    <String CONTENT="ופטור על הכלים נפל לתוכו שור חרש שוטה וקטן חייב בן או בת עבד או אמה פטור ˙˙"
                    HPOS="325"
                    VPOS="723"
                    WIDTH="1750"
                    HEIGHT="119"></String>
          </TextLine>

          
          
          <TextLine ID="eSc_line_1880808"
                    
                    BASELINE="343 887 480 897 603 897 737 890 1131 887 1282 880 1667 884 1951 880 2047 870" 
                    HPOS="336"
                    VPOS="815"
                    WIDTH="1708"
                    HEIGHT="106">
            <Shape><Polygon POINTS="339 884 339 921 2040 921 2044 866 2040 832 1797 822 1793 822 1725 832 1694 839 1684 836 1667 822 1663 822 1660 822 1656 822 1653 822 1619 836 1605 839 1591 836 1516 815 1512 815 1509 815 1505 815 1447 836 1440 839 1440 836 1420 818 1420 815 1416 815 1413 815 1152 815 1149 815 1145 815 1142 815 1111 839 1111 842 1104 839 1025 815 1022 815 1018 815 1015 815 960 842 950 849 730 849 727 846 703 822 703 818 699 818 696 818 692 818 689 818 644 839 596 818 593 818 589 818 586 818 583 818 583 822 559 846 493 846 483 846 404 818 401 818 397 818 394 818 336 842 339 884"/></Shape>
	    <String CONTENT="ט&#39; אחד השור ואחד כל הבהמה לנפילת הבור ולהפרשת הר סיני ולתשלומי כפל"
                    HPOS="336"
                    VPOS="815"
                    WIDTH="1708"
                    HEIGHT="106"></String>
          </TextLine>

          
          
          <TextLine ID="eSc_line_1880820"
                    
                    BASELINE="325 966 771 973 1022 962 1982 938" 
                    HPOS="319"
                    VPOS="884"
                    WIDTH="1660"
                    HEIGHT="130">
            <Shape><Polygon POINTS="322 962 322 1007 854 1014 857 1014 860 1014 902 997 905 997 908 997 977 1010 981 1010 1423 986 1440 986 1444 986 1540 1000 1543 1000 1975 973 1979 935 1975 908 1841 884 1838 884 1715 911 1694 894 1694 890 1691 890 1687 890 1598 887 1595 887 1591 887 1588 887 1588 890 1564 914 1564 918 1505 918 1502 914 1437 890 1433 890 1430 890 1426 890 1344 918 1310 894 1306 894 1303 894 1217 894 1214 894 1210 894 1149 914 1083 897 1080 897 1077 897 1073 897 1015 925 1011 925 977 925 737 914 734 914 617 932 607 932 576 911 572 911 569 911 565 911 319 935 322 962"/></Shape>
	    <String CONTENT="ולהשב אבדה לפריקה ולחסימה ולכלאים ולשבת וכן חיה ועוף כיוצא בהן אם כן"
                    HPOS="319"
                    VPOS="884"
                    WIDTH="1660"
                    HEIGHT="130"></String>
          </TextLine>

          
          
          <TextLine ID="eSc_line_1880821"
                    
                    BASELINE="394 1038 572 1048 1296 1031 1615 1031 1845 1021 2075 1024" 
                    HPOS="387"
                    VPOS="969"
                    WIDTH="1684"
                    HEIGHT="127">
            <Shape><Polygon POINTS="391 1034 391 1075 596 1096 600 1096 764 1075 991 1089 994 1089 998 1089 1053 1069 1056 1069 1070 1069 1207 1082 1210 1082 1619 1062 1718 1058 1735 1062 1814 1075 1817 1075 1821 1075 1824 1075 1824 1072 1838 1058 1841 1058 1886 1075 1890 1075 1893 1075 2068 1055 2071 1021 2064 969 387 1010 391 1034"/></Shape>
	    <String CONTENT="למה נאמר שור או חמור אלא שדיבר הכתו&#39; בהווה ˙˙ הל&#39; ט&#39; ˙ פרק ששי &#39;"
                    HPOS="387"
                    VPOS="969"
                    WIDTH="1684"
                    HEIGHT="127"></String>
          </TextLine>

          
          
          <TextLine ID="eSc_line_1880810"
                    
                    BASELINE="974 1096 1077 1106 1330 1106 2078 1093" 
                    HPOS="967"
                    VPOS="1041"
                    WIDTH="1108"
                    HEIGHT="93">
            <Shape><Polygon POINTS="970 1093 970 1134 2075 1123 2075 1089 2071 1058 1759 1041 1756 1041 1752 1041 1749 1041 1728 1058 1598 1045 1595 1045 1591 1045 1588 1045 1588 1048 1571 1062 1571 1065 967 1065 970 1093"/></Shape>
	    <String CONTENT="הכונס צאן לדיר ונעל בפניה כראוי ויצאה והזיקה"
                    HPOS="967"
                    VPOS="1041"
                    WIDTH="1108"
                    HEIGHT="93"></String>
          </TextLine>

          
          
          <TextLine ID="eSc_line_1880822"
                    
                    BASELINE="294 1171 710 1185 1344 1185 1557 1178 2075 1171" 
                    HPOS="288"
                    VPOS="1110"
                    WIDTH="1783"
                    HEIGHT="106">
            <Shape><Polygon POINTS="291 1168 288 1209 2064 1216 2071 1168 2071 1144 1996 1110 1992 1110 1989 1110 1986 1110 1903 1134 1848 1110 1845 1110 1841 1110 1838 1110 1756 1130 1687 1110 1684 1110 1680 1110 1677 1110 1588 1141 1186 1141 1162 1117 1159 1117 1155 1117 1152 1117 1149 1117 1101 1144 943 1144 874 1110 871 1110 764 1110 761 1110 758 1110 754 1110 716 1144 607 1144 459 1110 456 1110 452 1110 449 1110 449 1113 428 1130 408 1113 404 1113 401 1113 397 1113 394 1113 391 1113 391 1117 360 1144 291 1144 291 1168"/></Shape>
	    <String CONTENT="פטור ואם לא נעל בפניה כראוי ויצאה והזיקה חייב נפרצה בלילה או שפרצוה לסטי(ם)"
                    HPOS="288"
                    VPOS="1110"
                    WIDTH="1783"
                    HEIGHT="106"></String>
          </TextLine>

          
          
          <TextLine ID="eSc_line_1880811"
                    
                    BASELINE="329 1250 617 1267 908 1257 1365 1257 1780 1250 2092 1254" 
                    HPOS="322"
                    VPOS="1199"
                    WIDTH="1766"
                    HEIGHT="103">
            <Shape><Polygon POINTS="325 1247 322 1285 367 1302 370 1302 373 1302 2082 1288 2088 1250 2085 1219 1989 1199 1221 1199 1217 1199 981 1216 926 1199 922 1199 919 1199 915 1199 912 1199 891 1219 425 1219 380 1199 377 1199 373 1199 370 1199 325 1216 325 1247"/></Shape>
	    <String CONTENT="יצאה והזיקה פטור הוציאוה לסטים הלסטים חייבין ˙˙ ב&#39; הניחה בחמה או שמסר(ה)"
                    HPOS="322"
                    VPOS="1199"
                    WIDTH="1766"
                    HEIGHT="103"></String>
          </TextLine>

          
          
          <TextLine ID="eSc_line_1880823"
                    
                    BASELINE="339 1339 782 1332 1643 1336 1893 1326 2082 1326" 
                    HPOS="332"
                    VPOS="1281"
                    WIDTH="1746"
                    HEIGHT="86">
            <Shape><Polygon POINTS="336 1336 336 1367 2075 1363 2078 1322 2071 1281 332 1298 336 1336"/></Shape>
	    <String CONTENT="לחרש שוטה וקטן ויצאה והזיקה חייב מסרה לרועה נכנס הרועה תחתיו [צ]"
                    HPOS="332"
                    VPOS="1281"
                    WIDTH="1746"
                    HEIGHT="86"></String>
          </TextLine>

          
          
          <TextLine ID="eSc_line_1880812"
                    
                    BASELINE="336 1408 469 1418 1001 1418 1330 1408 1759 1408 1944 1398 2092 1398" 
                    HPOS="329"
                    VPOS="1346"
                    WIDTH="1759"
                    HEIGHT="106">
            <Shape><Polygon POINTS="332 1404 332 1446 1893 1452 1896 1452 2085 1432 2088 1394 2085 1367 1883 1346 1879 1346 1876 1346 1872 1346 1872 1350 1852 1367 1848 1374 1677 1374 1663 1367 1571 1346 1567 1346 1564 1346 1560 1346 1560 1350 1543 1367 1324 1370 1166 1374 1145 1374 981 1350 977 1350 974 1350 970 1350 970 1353 943 1374 809 1353 806 1353 802 1353 747 1377 740 1377 734 1377 675 1360 672 1360 668 1360 665 1360 662 1360 641 1377 638 1380 329 1380 332 1404"/></Shape>
	    <String CONTENT="נפלה לגנה ונהנת משלם משנהנת ירדה כדרכה והזיקה משלם מה שהזיקה כיצד"
                    HPOS="329"
                    VPOS="1346"
                    WIDTH="1759"
                    HEIGHT="106"></String>
          </TextLine>

          
          
          <TextLine ID="eSc_line_1880813"
                    
                    BASELINE="312 1494 1396 1500 2088 1480" 
                    HPOS="305"
                    VPOS="1435"
                    WIDTH="1780"
                    HEIGHT="89">
            <Shape><Polygon POINTS="308 1490 308 1524 2082 1518 2085 1476 2082 1456 1965 1435 1962 1435 1958 1435 1886 1452 1169 1439 1166 1439 1162 1439 1118 1459 1111 1463 305 1463 308 1490"/></Shape>
	    <String CONTENT="משלם משהזיקה שמין בית סאה באותה השדה כמה היתה יפה וכמה היא יפה רבי"
                    HPOS="305"
                    VPOS="1435"
                    WIDTH="1780"
                    HEIGHT="89"></String>
          </TextLine>

          
          
          <TextLine ID="eSc_line_1880814"
                    
                    BASELINE="308 1555 380 1572 569 1583 758 1572 1101 1565 1793 1565 1931 1559 2099 1559" 
                    HPOS="301"
                    VPOS="1514"
                    WIDTH="1794"
                    HEIGHT="89">
            <Shape><Polygon POINTS="305 1552 305 1600 2088 1603 2095 1555 2092 1531 1536 1514 1533 1514 1529 1514 1468 1531 1461 1535 301 1535 305 1552"/></Shape>
	    <String CONTENT="שמעון אומ&#39; אם אכלה פורות גמורים משלם פירות גמורים אם סאה סאה ואם סאתי(ם)"
                    HPOS="301"
                    VPOS="1514"
                    WIDTH="1794"
                    HEIGHT="89"></String>
          </TextLine>

          
          
          <TextLine ID="eSc_line_1880815"
                    
                    BASELINE="322 1641 552 1651 1430 1651 1910 1634 2088 1637" 
                    HPOS="315"
                    VPOS="1586"
                    WIDTH="1770"
                    HEIGHT="113">
            <Shape><Polygon POINTS="319 1637 319 1675 397 1696 401 1699 981 1699 981 1696 2082 1668 2085 1634 2082 1607 1773 1586 1769 1586 1766 1586 1725 1607 1721 1607 1694 1607 1402 1589 1399 1589 1166 1607 1114 1589 1111 1589 1107 1589 1001 1610 987 1610 929 1610 397 1593 394 1593 315 1610 319 1637"/></Shape>
	    <String CONTENT="סאתיש ˙˙ ג&#39; המגדיש בתוך שדה חבירו שלא ברשות אכלתן בהמתו של בעל השד(ה)"
                    HPOS="315"
                    VPOS="1586"
                    WIDTH="1770"
                    HEIGHT="113"></String>
          </TextLine>

          
          
          <TextLine ID="eSc_line_1880824"
                    
                    BASELINE="308 1737 452 1730 778 1733 1437 1716 1907 1720 2078 1706" 
                    HPOS="301"
                    VPOS="1665"
                    WIDTH="1774"
                    HEIGHT="106">
            <Shape><Polygon POINTS="305 1733 305 1771 1471 1771 1471 1768 2075 1740 2075 1703 2068 1675 1420 1682 1402 1668 1402 1665 1399 1665 1396 1665 1234 1665 1231 1665 1227 1665 1224 1665 1224 1668 1221 1668 1207 1685 1152 1685 538 1675 535 1675 301 1696 305 1733"/></Shape>
	    <String CONTENT="פטור אם הוזקה בהן בעל הגדיש חייב ואם הגדיש ברשות בעל השדה חייב ˙˙"
                    HPOS="301"
                    VPOS="1665"
                    WIDTH="1774"
                    HEIGHT="106"></String>
          </TextLine>

          
          
          <TextLine ID="eSc_line_1880816"
                    
                    BASELINE="343 1792 524 1802 1258 1802 1944 1785 2078 1788" 
                    HPOS="336"
                    VPOS="1733"
                    WIDTH="1739"
                    HEIGHT="110">
            <Shape><Polygon POINTS="339 1788 339 1829 1025 1843 1029 1843 2068 1819 2075 1785 2071 1754 1876 1733 1872 1733 1869 1733 1783 1754 1780 1754 1776 1754 1632 1737 1629 1737 1485 1757 1471 1757 1392 1757 380 1747 377 1747 373 1747 336 1761 339 1788"/></Shape>
	    <String CONTENT="ד&#39; השולח את בעירו ביד חרש שוטה וקטן פטור מדיני אדם וחייב בדיני שמים שיל(ח)"
                    HPOS="336"
                    VPOS="1733"
                    WIDTH="1739"
                    HEIGHT="110"></String>
          </TextLine>

          
          
          <TextLine ID="eSc_line_1880817"
                    
                    BASELINE="336 1881 860 1881 1646 1860 2006 1853" 
                    HPOS="329"
                    VPOS="1822"
                    WIDTH="1674"
                    HEIGHT="93">
            <Shape><Polygon POINTS="332 1877 332 1915 2003 1898 2003 1850 1996 1822 329 1846 332 1877"/></Shape>
	    <String CONTENT="ביד פיקח הפיקח חייב אחד המביא את האור ואחד מביא את העצים המביא"
                    HPOS="329"
                    VPOS="1822"
                    WIDTH="1674"
                    HEIGHT="93"></String>
          </TextLine>

          
          
          <TextLine ID="eSc_line_1880818"
                    
                    BASELINE="391 1956 1125 1949 1440 1953 1639 1946 2068 1939" 
                    HPOS="384"
                    VPOS="1894"
                    WIDTH="1680"
                    HEIGHT="100">
            <Shape><Polygon POINTS="387 1953 387 1994 2061 1973 2064 1936 2058 1894 384 1915 387 1953"/></Shape>
	    <String CONTENT="את העצים חייב אחד הביא את העצים ואחד הביא את האור המביא את האור חייב"
                    HPOS="384"
                    VPOS="1894"
                    WIDTH="1680"
                    HEIGHT="100"></String>
          </TextLine>

          
          
          <TextLine ID="eSc_line_1880819"
                    
                    BASELINE="370 2028 507 2035 874 2025 1310 2025 1653 2018 1972 2021 2078 2011" 
                    HPOS="363"
                    VPOS="1960"
                    WIDTH="1712"
                    HEIGHT="116">
            <Shape><Polygon POINTS="367 2025 367 2059 720 2076 723 2076 727 2076 778 2059 1114 2073 1118 2073 1121 2073 1176 2056 1176 2052 2071 2045 2075 2008 2071 1980 1643 1960 1639 1960 1502 1984 1276 1984 737 1990 710 1990 497 1970 493 1970 363 1990 367 2025"/></Shape>
	    <String CONTENT="בא אחר וליבה המלכה חייב ואם ליבתו הרוח הרי כולן פטורין ˙˙ ה&#39; השולח את"
                    HPOS="363"
                    VPOS="1960"
                    WIDTH="1712"
                    HEIGHT="116"></String>
          </TextLine>

          
          
          <TextLine ID="eSc_line_1880800"
                    
                    BASELINE="329 2093 541 2103 1591 2103 2106 2086" 
                    HPOS="322"
                    VPOS="2038"
                    WIDTH="1780"
                    HEIGHT="103">
            <Shape><Polygon POINTS="325 2090 325 2141 2099 2141 2102 2083 2099 2059 1804 2038 1800 2038 1704 2059 1697 2059 1660 2059 1162 2042 1159 2042 1056 2062 1046 2062 981 2062 380 2045 377 2045 373 2045 322 2059 325 2090"/></Shape>
	    <String CONTENT="בעירו ואכלה עצים או אבנים או עפר חייב שנ&#39; כי תצא אש ומצאה קוצים ונאכל"
                    HPOS="322"
                    VPOS="2038"
                    WIDTH="1780"
                    HEIGHT="103"></String>
          </TextLine>

          
          
          <TextLine ID="eSc_line_1880799"
                    
                    BASELINE="277 2162 432 2179 1893 2172 2109 2175" 
                    HPOS="270"
                    VPOS="2121"
                    WIDTH="1836"
                    HEIGHT="96">
            <Shape><Polygon POINTS="274 2158 274 2217 2102 2203 2106 2172 2102 2138 1413 2121 1409 2121 1334 2138 1327 2141 270 2141 274 2158"/></Shape>
	    <String CONTENT="גדיש וגו&#39; עיברה גדר שהוא גבוה ארבע אמות או דרך הרבים או נהר פטור ˙˙ ו&#39; המדלי(ק)"
                    HPOS="270"
                    VPOS="2121"
                    WIDTH="1836"
                    HEIGHT="96"></String>
          </TextLine>

          
          
          <TextLine ID="eSc_line_1880796"
                    
                    BASELINE="332 2254 1663 2254 2106 2237" 
                    HPOS="325"
                    VPOS="2189"
                    WIDTH="1777"
                    HEIGHT="110">
            <Shape><Polygon POINTS="329 2251 329 2292 1667 2299 1670 2299 1673 2299 1715 2282 1721 2282 1735 2282 1835 2299 1838 2299 1914 2282 1917 2282 1958 2299 1962 2299 1965 2299 1968 2299 1972 2299 1972 2295 1989 2282 2099 2282 2102 2234 2099 2210 2044 2193 2040 2193 2037 2193 1656 2210 1258 2189 1255 2189 1149 2213 1145 2213 1121 2213 586 2193 583 2193 480 2213 452 2193 449 2193 445 2193 442 2193 325 2213 329 2251"/></Shape>
	    <String CONTENT="בתוך שלו עד כמה תעבר הדליקה ר&#39; אלעזר בן עזריה אומ&#39; רואין אותה כאילו היא"
                    HPOS="325"
                    VPOS="2189"
                    WIDTH="1777"
                    HEIGHT="110"></String>
          </TextLine>

          
          
          <TextLine ID="eSc_line_1880803"
                    
                    BASELINE="391 2323 1478 2323 2085 2309" 
                    HPOS="384"
                    VPOS="2282"
                    WIDTH="1698"
                    HEIGHT="82">
            <Shape><Polygon POINTS="387 2319 387 2354 1598 2364 1601 2364 2078 2343 2082 2306 2075 2282 384 2285 387 2319"/></Shape>
	    <String CONTENT="באמצע בית כור ר&#39; ליעזר אומ&#39; שש עשרה אמה דרך הרבים ר&#39; עקיבה אומר חמשים"
                    HPOS="384"
                    VPOS="2282"
                    WIDTH="1698"
                    HEIGHT="82"></String>
          </TextLine>

          
          
          <TextLine ID="eSc_line_1880794"
                    
                    BASELINE="353 2405 891 2405 1015 2398 1739 2398 1900 2391 2078 2395" 
                    HPOS="346"
                    VPOS="2340"
                    WIDTH="1729"
                    HEIGHT="103">
            <Shape><Polygon POINTS="349 2402 349 2443 2068 2432 2075 2391 2071 2364 1934 2340 1931 2340 1838 2357 1817 2340 1814 2340 1811 2340 1807 2340 1673 2357 1605 2340 1601 2340 1598 2340 1595 2340 1591 2340 1591 2343 1571 2360 1492 2340 1488 2340 1485 2340 1481 2340 1478 2340 1454 2357 1402 2343 1399 2343 1396 2343 1104 2360 905 2340 902 2340 898 2340 895 2340 895 2343 874 2364 576 2364 452 2340 449 2340 346 2360 349 2402"/></Shape>
	    <String CONTENT="אמה ר&#39; שמעון אומ&#39; שלם ישלם המבעיר את הבעירה הכל לפי הדליקה ˙˙ ז&#39; המדליק"
                    HPOS="346"
                    VPOS="2340"
                    WIDTH="1729"
                    HEIGHT="103"></String>
          </TextLine>

          
          
          <TextLine ID="eSc_line_1880804"
                    
                    BASELINE="346 2467 939 2474 1399 2463 2078 2463" 
                    HPOS="339"
                    VPOS="2415"
                    WIDTH="1736"
                    HEIGHT="86">
            <Shape><Polygon POINTS="343 2463 343 2501 2071 2498 2075 2460 2071 2432 2013 2415 2010 2415 2006 2415 1653 2432 1598 2415 1595 2415 1238 2415 1234 2415 1231 2415 1179 2436 734 2436 696 2415 692 2415 689 2415 686 2415 682 2415 682 2419 665 2436 339 2436 343 2463"/></Shape>
	    <String CONTENT="את הגדיש והיו בו כלים ר&#39; יהודה אומ&#39; ישלם כל מה שהיה בתוכו וחכמי&#39; אומרים"
                    HPOS="339"
                    VPOS="2415"
                    WIDTH="1736"
                    HEIGHT="86"></String>
          </TextLine>

          
          
          <TextLine ID="eSc_line_1880802"
                    
                    BASELINE="349 2549 1378 2549 1667 2539 2003 2542 2102 2532" 
                    HPOS="343"
                    VPOS="2480"
                    WIDTH="1756"
                    HEIGHT="113">
            <Shape><Polygon POINTS="346 2546 346 2587 1485 2593 1488 2593 1492 2593 1495 2593 1495 2590 1512 2576 1663 2576 1667 2576 1701 2593 1704 2593 1708 2593 1711 2593 1749 2576 1962 2590 1965 2590 2095 2570 2099 2528 2095 2508 1869 2480 1866 2480 1728 2501 1550 2484 1547 2484 1543 2484 1464 2508 1457 2511 1289 2511 1286 2508 1234 2484 1231 2484 1227 2484 1224 2484 1221 2484 1221 2487 1197 2508 1193 2511 833 2511 830 2508 758 2484 754 2484 751 2484 747 2484 744 2484 744 2487 720 2508 720 2511 517 2511 517 2508 466 2484 463 2484 459 2484 456 2484 452 2484 452 2487 432 2508 343 2508 346 2546"/></Shape>
	    <String CONTENT="אינו משלם אלא גדיש של חטין או גדיש של שעורים היה גדי כפות לו ועבד סמוך לו [צ]"
                    HPOS="343"
                    VPOS="2480"
                    WIDTH="1756"
                    HEIGHT="113"></String>
          </TextLine>

          
          
          <TextLine ID="eSc_line_1880805"
                    
                    BASELINE="367 2617 960 2617 1125 2624 1474 2624 1876 2617 2099 2607" 
                    HPOS="360"
                    VPOS="2580"
                    WIDTH="1735"
                    HEIGHT="75">
            <Shape><Polygon POINTS="363 2614 363 2655 2092 2655 2095 2604 2088 2580 360 2583 363 2614"/></Shape>
	    <String CONTENT="ונשרף עמו חייב עבד כפות לו וגדי סמוך לו ונשרף עמו פטור ומודים חכמים לר&#39; יהודה"
                    HPOS="360"
                    VPOS="2580"
                    WIDTH="1735"
                    HEIGHT="75"></String>
          </TextLine>

          
          
          <TextLine ID="eSc_line_1880798"
                    
                    BASELINE="325 2700 1711 2700 1893 2693 2123 2696" 
                    HPOS="319"
                    VPOS="2638"
                    WIDTH="1800"
                    HEIGHT="106">
            <Shape><Polygon POINTS="322 2696 322 2744 2112 2734 2119 2693 2116 2659 1979 2638 1975 2638 1780 2655 1372 2638 1368 2638 1365 2638 1361 2638 1361 2641 1344 2659 737 2659 593 2638 589 2638 319 2655 322 2696"/></Shape>
	    <String CONTENT="במדליק את הבירה שהוא משלם כל מה שהיה בתוכה שכן דרך בני אדם להניח בבתים ˙˙"
                    HPOS="319"
                    VPOS="2638"
                    WIDTH="1800"
                    HEIGHT="106"></String>
          </TextLine>

          
          
          <TextLine ID="eSc_line_1880795"
                    
                    BASELINE="373 2761 981 2775 1938 2775 2075 2765" 
                    HPOS="367"
                    VPOS="2734"
                    WIDTH="1704"
                    HEIGHT="89">
            <Shape><Polygon POINTS="370 2758 367 2799 785 2820 788 2820 1505 2806 1540 2823 1543 2823 1547 2823 1800 2806 2034 2823 2037 2823 2040 2823 2044 2823 2068 2803 2071 2761 2068 2741 370 2734 370 2758"/></Shape>
	    <String CONTENT="ח&#39; גץ שיצא מתחת הפטיש יצא והיזיק חייב גמל שהוא טעון פשתן ועובר ברשות"
                    HPOS="367"
                    VPOS="2734"
                    WIDTH="1704"
                    HEIGHT="89"></String>
          </TextLine>

          
          
          <TextLine ID="eSc_line_1880801"
                    
                    BASELINE="363 2864 1193 2854 1773 2857 1938 2847" 
                    HPOS="356"
                    VPOS="2796"
                    WIDTH="1578"
                    HEIGHT="106">
            <Shape><Polygon POINTS="360 2861 360 2898 1663 2902 1667 2902 1931 2881 1934 2844 1927 2816 1564 2816 1560 2816 1464 2796 1461 2796 1457 2796 1382 2816 1152 2799 1149 2799 1018 2820 1015 2820 908 2799 905 2799 902 2799 860 2820 439 2803 435 2803 432 2803 356 2823 360 2861"/></Shape>
	    <String CONTENT="הרבים נכנסה פשתנו לתוך החנות ודלקה בנירו של חנוני והדליק את הבירה"
                    HPOS="356"
                    VPOS="2796"
                    WIDTH="1578"
                    HEIGHT="106"></String>
          </TextLine>

          
          
          <TextLine ID="eSc_line_1880797"
                    
                    BASELINE="336 2950 428 2940 517 2936 1461 2940 1855 2936 1968 2929 2106 2943" 
                    HPOS="329"
                    VPOS="2881"
                    WIDTH="1773"
                    HEIGHT="103">
            <Shape><Polygon POINTS="332 2946 329 2984 2095 2970 2102 2940 2102 2909 2006 2881 2003 2881 1766 2881 1763 2881 1759 2881 1697 2902 1505 2888 1502 2888 1498 2888 1495 2888 1474 2905 1392 2885 1389 2885 1385 2885 888 2905 857 2881 854 2881 850 2881 847 2881 843 2881 840 2881 840 2885 816 2909 538 2909 459 2881 456 2881 452 2881 449 2881 445 2881 445 2885 421 2909 332 2909 332 2946"/></Shape>
	    <String CONTENT="בעל הגמל חייב הניח החנוני את יד&#39;ו נירו מבח&#39;וץ החנוני חייב ר&#39; יודה אומ&#39; בנר של [צ]"
                    HPOS="329"
                    VPOS="2881"
                    WIDTH="1773"
                    HEIGHT="103"></String>
          </TextLine>

          
          
          <TextLine ID="eSc_line_1880806"
                    
                    BASELINE="435 3036 1485 3029 2044 3012" 
                    HPOS="428"
                    VPOS="2960"
                    WIDTH="1612"
                    HEIGHT="134">
            <Shape><Polygon POINTS="432 3032 432 3094 720 3063 1011 3063 1039 3084 1042 3084 1046 3084 1049 3084 1059 3084 1433 3066 1478 3077 1488 3080 1492 3080 1495 3080 1498 3080 1509 3077 1547 3060 1564 3077 1567 3077 1571 3077 1574 3077 1591 3077 1749 3053 1841 3070 1859 3073 1862 3073 1866 3073 1872 3070 1924 3049 2034 3066 2040 3008 2034 2974 1739 2988 1715 2974 1701 2960 1697 2960 1694 2960 1598 2960 1595 2960 1591 2960 1588 2960 1574 2974 1547 2991 1402 2974 1392 2974 1389 2974 1375 2974 1135 2998 915 2998 860 2974 847 2970 843 2970 840 2970 802 2974 710 2988 428 2977 432 3032"/></Shape>
	    <String CONTENT="חנוכה פטור ˙ הל&#39; ח&#39; פרק שביעי ˙˙ מרובה מידת תשלומי כפל"
                    HPOS="428"
                    VPOS="2960"
                    WIDTH="1612"
                    HEIGHT="134"></String>
          </TextLine>

          
        </TextBlock>
        

        
      </PrintSpace>
    </Page>
  </Layout>
</alto>
