<?xml version="1.0" encoding="UTF-8"?>
<alto xmlns:xsi="http://www.w3.org/2001/XMLSchema-instance"
      xmlns="http://www.loc.gov/standards/alto/ns-v4#"
      xsi:schemaLocation="http://www.loc.gov/standards/alto/ns-v4# http://www.loc.gov/standards/alto/v4/alto-4-2.xsd">
  <Description>
    <MeasurementUnit>pixel</MeasurementUnit>
    <sourceImageInformation>
      <fileName>MS-ADD-00470-00001-000-00032.jpg</fileName>
      
    </sourceImageInformation>
  </Description>
  
  <Tags>
    <OtherTag ID="BT2" LABEL="Main" DESCRIPTION="block type Main"/><OtherTag ID="BT835" LABEL="Margin" DESCRIPTION="block type Margin"/><OtherTag ID="BT1" LABEL="Title" DESCRIPTION="block type Title"/><OtherTag ID="BT3" LABEL="Commentary" DESCRIPTION="block type Commentary"/><OtherTag ID="BT4" LABEL="Illustration" DESCRIPTION="block type Illustration"/><OtherTag ID="BT836" LABEL="Paratext" DESCRIPTION="block type Paratext"/>
    <OtherTag ID="LT2" LABEL="Numbering" DESCRIPTION="line type Numbering"/><OtherTag ID="LT3" LABEL="Correction" DESCRIPTION="line type Correction"/>
  </Tags>
  
  <Layout>
    <Page WIDTH="2775"
          HEIGHT="4112"
          PHYSICAL_IMG_NR="27"
          ID="eSc_dummypage_">
      <PrintSpace HPOS="0"
                  VPOS="0"
                  WIDTH="2775"
                  HEIGHT="4112">
        
        <TextBlock HPOS="292.0"
                   VPOS="656.0"
                   WIDTH="1850.0"
                   HEIGHT="2466.0"
                   ID="eSc_textblock_a7c10f49"
                   TAGREFS="BT2">
          <Shape><Polygon POINTS="292 656 2142 656 2142 3122 292 3122"/></Shape>
          
          
          <TextLine ID="eSc_line_bed29258"
                    
                    BASELINE="356 781 908 771 2071 764" 
                    HPOS="349"
                    VPOS="705"
                    WIDTH="1719"
                    HEIGHT="131">
            <Shape><Polygon POINTS="353 777 353 815 706 836 710 836 833 812 840 812 843 812 960 832 963 832 1039 815 1059 832 1063 832 1066 832 1070 832 1509 805 1526 805 1536 805 1763 825 1766 825 1769 825 1814 801 1938 801 1944 801 2003 822 2006 822 2010 822 2013 822 2068 798 2068 760 2064 733 1793 716 1790 716 1687 733 1684 733 1680 733 1557 705 1553 705 1550 705 1547 705 1547 709 1519 733 1454 716 1450 716 1447 716 1444 716 1402 733 1372 712 1368 712 1365 712 1361 712 1118 716 1114 716 1059 736 1049 740 1039 736 974 719 970 719 967 719 963 719 891 740 888 740 884 740 864 719 864 716 860 716 857 716 710 712 706 712 703 712 610 740 593 743 349 743 353 777"/></Shape>
	    <String CONTENT="הרבים ומתקנו דברי ר&#39; יהושע ר&#39; עקיבה אומ&#39; כדרך שאין מקלקלין ברשות הרבים"
                    HPOS="349"
                    VPOS="705"
                    WIDTH="1719"
                    HEIGHT="131"></String>
          </TextLine>

          
          
          <TextLine ID="eSc_line_a5b0322e"
                    
                    BASELINE="373 863 795 863 970 860 1056 853 1581 856 1615 849 2071 842" 
                    HPOS="367"
                    VPOS="805"
                    WIDTH="1701"
                    HEIGHT="116">
            <Shape><Polygon POINTS="370 860 370 914 476 901 596 914 658 918 662 918 665 918 668 918 675 911 692 901 706 911 713 918 716 918 720 918 723 921 998 921 998 918 1001 918 1022 908 1042 897 1118 904 1231 918 1234 918 1238 918 1282 904 1303 897 1368 901 1481 911 1485 911 1488 911 1516 901 1533 894 1756 894 1766 897 1821 914 1824 914 1828 914 2064 890 2068 839 2064 822 2003 805 1999 805 1293 805 1289 805 1183 825 1176 829 367 829 370 860"/></Shape>
	    <String CONTENT="כך לא יתקן מה יעשה בעפר צוברו לתוך שדהו כדרך המזבלין וכן החופר בור ושיח"
                    HPOS="367"
                    VPOS="805"
                    WIDTH="1701"
                    HEIGHT="116"></String>
          </TextLine>

          
          
          <TextLine ID="eSc_line_88b4d610"
                    
                    BASELINE="346 932 1262 938 1581 921 1831 925 2044 911" 
                    HPOS="339"
                    VPOS="880"
                    WIDTH="1701"
                    HEIGHT="110">
            <Shape><Polygon POINTS="343 928 343 969 377 986 380 986 384 990 1070 990 1070 986 1073 986 1077 986 1097 969 1207 986 1210 986 1389 966 1392 966 1396 966 1488 986 1492 986 1495 986 1577 966 1601 986 1605 986 1608 986 1612 986 1615 986 1660 966 2037 966 2040 908 2037 880 1869 880 1866 880 1862 880 1859 880 1811 901 1769 884 1759 880 1756 880 1752 880 1708 884 1588 897 1457 887 1334 880 1330 880 1327 880 1296 890 1255 908 476 908 473 904 373 887 370 887 367 887 363 887 339 897 343 928"/></Shape>
	    <String CONTENT="ומערה ˙˙ הל&#39; י&#39;א&#39; פרק ד&#39; בראשונה היו אומרין מלקט אדם עצי(ם)"
                    HPOS="339"
                    VPOS="880"
                    WIDTH="1701"
                    HEIGHT="110"></String>
          </TextLine>

          
          
          <TextLine ID="eSc_line_d702a7a7"
                    
                    BASELINE="343 1007 723 1014 898 1010 933 1004 1197 1007 1234 1000 1660 1000 1787 997 1821 990 1975 990 2068 997" 
                    HPOS="336"
                    VPOS="959"
                    WIDTH="1728"
                    HEIGHT="106">
            <Shape><Polygon POINTS="339 1004 336 1034 391 1058 394 1058 679 1062 682 1065 1022 1065 1056 1065 1090 1065 1114 1065 1114 1062 1118 1062 1166 1038 1176 1031 1317 1031 1351 1038 1416 1051 1420 1051 1787 1038 1917 1034 1934 1038 1992 1058 1996 1058 1999 1058 2003 1058 2061 1038 2064 993 2058 962 1745 980 1591 966 1557 962 1553 962 1420 966 1104 976 1094 969 1083 959 1080 959 1077 959 1073 959 1022 969 981 976 339 976 339 1004"/></Shape>
	    <String CONTENT="ועשבים מתוך שלו כדרך שהוא מלקט מתוך"
                    HPOS="336"
                    VPOS="959"
                    WIDTH="1728"
                    HEIGHT="106"></String>
          </TextLine>

          
          
          <TextLine ID="eSc_line_3b7e6885"
                    
                    BASELINE="329 1079 377 1089 483 1089 517 1082 847 1082 1107 1072 1907 1075 1948 1069 2040 1069" 
                    HPOS="322"
                    VPOS="1034"
                    WIDTH="1715"
                    HEIGHT="103">
            <Shape><Polygon POINTS="325 1075 322 1120 867 1134 871 1134 967 1117 994 1113 1001 1117 1015 1130 1015 1134 1018 1134 1022 1134 1025 1137 1097 1137 1097 1134 1101 1134 1104 1134 1128 1117 1135 1113 1221 1113 1231 1117 1258 1134 1262 1134 1265 1134 1269 1134 1495 1113 1526 1113 1540 1113 1636 1134 1639 1134 1643 1134 1725 1113 1732 1113 1886 1113 1907 1130 1910 1130 1914 1130 1917 1130 2034 1110 2037 1065 2030 1034 325 1041 325 1075"/></Shape>
	    <String CONTENT="של חבירו את הגס הגס משרבו עוברי עבירה התקינו שיהא זה מלקט מתוך של זה וזה"
                    HPOS="322"
                    VPOS="1034"
                    WIDTH="1715"
                    HEIGHT="103"></String>
          </TextLine>

          
          
          <TextLine ID="eSc_line_a2ebe211"
                    
                    BASELINE="356 1158 1372 1158 1447 1151 1660 1151 2058 1137" 
                    HPOS="349"
                    VPOS="1093"
                    WIDTH="1705"
                    HEIGHT="120">
            <Shape><Polygon POINTS="353 1154 353 1195 1056 1213 1059 1213 1063 1213 1066 1213 1080 1202 1097 1192 1262 1202 1375 1209 1378 1209 1382 1209 1385 1209 1385 1206 1389 1202 1402 1192 1793 1206 1835 1206 1838 1206 1841 1206 1900 1189 2047 1206 2054 1134 2051 1110 2030 1093 2027 1093 2023 1093 2020 1093 1920 1110 1769 1093 1766 1093 1547 1117 1512 1120 1509 1117 1485 1103 1481 1103 1478 1103 1203 1096 1200 1096 1063 1120 1046 1123 1042 1120 1018 1103 1018 1099 1015 1099 1011 1099 950 1099 946 1099 943 1099 939 1099 912 1120 905 1123 864 1123 610 1106 607 1106 349 1123 353 1154"/></Shape>
	    <String CONTENT="מלקט מתוך של זה שלא בטובה ואין צורך לומר שיקצץ להן מזונות ˙˙ ב&#39; שדה"
                    HPOS="349"
                    VPOS="1093"
                    WIDTH="1705"
                    HEIGHT="120"></String>
          </TextLine>

          
          
          <TextLine ID="eSc_line_55b4010d"
                    
                    BASELINE="332 1226 1087 1233 1485 1230 1619 1223 2061 1223" 
                    HPOS="325"
                    VPOS="1182"
                    WIDTH="1733"
                    HEIGHT="106">
            <Shape><Polygon POINTS="329 1223 325 1264 360 1281 363 1281 367 1281 370 1281 373 1281 394 1264 473 1281 476 1285 610 1285 610 1281 613 1281 617 1281 617 1278 634 1264 864 1281 867 1281 871 1281 929 1264 1022 1285 1025 1288 1478 1288 1478 1285 1481 1285 1485 1285 1509 1267 1924 1285 1927 1285 2054 1264 2058 1219 2051 1182 329 1195 329 1223"/></Shape>
	    <String CONTENT="שנתקווצה תזרע מוצאי שביעית שדה שנטייבה או שנדיירה לא תזרע"
                    HPOS="325"
                    VPOS="1182"
                    WIDTH="1733"
                    HEIGHT="106"></String>
          </TextLine>

          
          
          <TextLine ID="eSc_line_06b46512"
                    
                    BASELINE="360 1308 1536 1308 1612 1302 2061 1302" 
                    HPOS="353"
                    VPOS="1250"
                    WIDTH="1705"
                    HEIGHT="110">
            <Shape><Polygon POINTS="356 1305 356 1360 710 1343 2051 1353 2058 1298 2054 1274 1159 1250 1155 1250 1152 1250 1114 1261 1066 1271 1008 1257 977 1250 974 1250 970 1250 967 1250 963 1250 963 1254 957 1257 943 1274 490 1274 466 1250 463 1250 459 1250 353 1250 356 1305"/></Shape>
	    <String CONTENT="מוצאי שביעית שדה שניטייבה בית שמיי אומ&#39; אין אוכלין פירותיה בשביעית ובית הלל"
                    HPOS="353"
                    VPOS="1250"
                    WIDTH="1705"
                    HEIGHT="110"></String>
          </TextLine>

          
          
          <TextLine ID="eSc_line_730d05ad"
                    
                    BASELINE="360 1387 2047 1387" 
                    HPOS="356"
                    VPOS="1336"
                    WIDTH="1688"
                    HEIGHT="96">
            <Shape><Polygon POINTS="356 1384 356 1432 2044 1428 2044 1384 2040 1346 1687 1353 1653 1346 1584 1336 1581 1336 1577 1336 1550 1350 1529 1356 1478 1350 1409 1339 1406 1339 1293 1350 1234 1356 1221 1353 1186 1336 1183 1336 1179 1336 1176 1336 1173 1336 1173 1339 1159 1353 1155 1356 785 1356 775 1356 689 1336 686 1336 682 1336 679 1336 679 1339 658 1356 658 1360 535 1360 531 1356 425 1336 421 1336 418 1336 356 1356 356 1384"/></Shape>
	    <String CONTENT="אומ&#39; אוכלין בטובה ושלא בטובה ר&#39; יהודה אומ&#39; חילוף הדברים זו מקולי בית שמיי [ומח&#39;]"
                    HPOS="356"
                    VPOS="1336"
                    WIDTH="1688"
                    HEIGHT="96"></String>
          </TextLine>

          
          
          <TextLine ID="eSc_line_ddcc02f7"
                    
                    BASELINE="360 1473 1667 1466 1948 1463 1989 1456 2047 1456" 
                    HPOS="353"
                    VPOS="1422"
                    WIDTH="1691"
                    HEIGHT="102">
            <Shape><Polygon POINTS="356 1470 356 1524 531 1504 795 1521 840 1521 843 1521 864 1518 974 1500 1066 1518 1083 1518 1087 1518 2040 1500 2044 1452 2037 1422 353 1435 356 1470"/></Shape>
	    <String CONTENT="ומחומרי בית הלל ˙˙ ג&#39; חוברין נירין מן הגוים בשביעית אבל לא מישר&#39; ומחזקין"
                    HPOS="353"
                    VPOS="1422"
                    WIDTH="1691"
                    HEIGHT="102"></String>
          </TextLine>

          
          
          <TextLine ID="eSc_line_96556258"
                    
                    BASELINE="346 1548 809 1545 994 1538 1457 1542 1588 1531 2047 1531" 
                    HPOS="339"
                    VPOS="1487"
                    WIDTH="1705"
                    HEIGHT="96">
            <Shape><Polygon POINTS="343 1545 343 1583 2040 1576 2044 1528 2037 1487 1478 1511 1423 1494 1392 1487 1389 1487 1385 1487 1272 1497 1169 1507 1159 1500 1152 1494 1152 1490 1149 1490 1145 1490 1142 1490 1077 1500 1053 1504 1039 1500 987 1487 984 1487 981 1487 977 1487 974 1487 950 1504 939 1511 816 1511 589 1511 589 1507 528 1487 524 1487 521 1487 517 1487 514 1487 476 1511 473 1514 339 1514 343 1545"/></Shape>
	    <String CONTENT="ידי גוים בשביעית אבל לא ידי ישר&#39; ושואלין בשלומן מפני דרכי שלום ˙˙"
                    HPOS="339"
                    VPOS="1487"
                    WIDTH="1705"
                    HEIGHT="96"></String>
          </TextLine>

          
          
          <TextLine ID="eSc_line_616b3a74"
                    
                    BASELINE="343 1624 1039 1624 1118 1617 1457 1613 1492 1603 1526 1610 1920 1610 1999 1600 2044 1603" 
                    HPOS="336"
                    VPOS="1559"
                    WIDTH="1704"
                    HEIGHT="109">
            <Shape><Polygon POINTS="339 1620 339 1665 1159 1668 1162 1668 1217 1665 1420 1648 2030 1661 2040 1600 2037 1576 1749 1559 1745 1559 1399 1569 960 1583 919 1565 912 1562 908 1562 905 1562 902 1562 898 1562 895 1565 871 1586 449 1586 428 1565 428 1562 425 1562 421 1562 336 1562 339 1620"/></Shape>
	    <String CONTENT="ד&#39; המדל בזיתים בית שמיי אומ&#39; ישרש ומודים במחליק עד שיגום אי זה הוא המדל"
                    HPOS="336"
                    VPOS="1559"
                    WIDTH="1704"
                    HEIGHT="109"></String>
          </TextLine>

          
          
          <TextLine ID="eSc_line_806cce40"
                    
                    BASELINE="332 1699 747 1696 823 1689 1111 1692 1190 1685 1437 1685 1876 1672" 
                    HPOS="325"
                    VPOS="1641"
                    WIDTH="1547"
                    HEIGHT="92">
            <Shape><Polygon POINTS="329 1696 329 1733 1869 1727 1872 1668 1866 1641 325 1661 329 1696"/></Shape>
	    <String CONTENT="אחד או שנים והמחליק שלשה זה בצד זה במה דברים אמורים מתוך שלו אבל"
                    HPOS="325"
                    VPOS="1641"
                    WIDTH="1547"
                    HEIGHT="92"></String>
          </TextLine>

          
          
          <TextLine ID="eSc_line_1bbe838f"
                    
                    BASELINE="332 1778 463 1771 1059 1775 1097 1768 1227 1768 1358 1757 1797 1761 1831 1754 2044 1747" 
                    HPOS="325"
                    VPOS="1703"
                    WIDTH="1715"
                    HEIGHT="119">
            <Shape><Polygon POINTS="329 1775 329 1812 1035 1822 1039 1822 1135 1805 1179 1799 1221 1805 1286 1816 1289 1816 1293 1816 1296 1816 1310 1805 1320 1799 1464 1799 1471 1802 1512 1822 1516 1822 1519 1822 1522 1822 1560 1802 1571 1799 1646 1799 1653 1802 1680 1822 1684 1822 1687 1822 1691 1822 1797 1799 1807 1799 1817 1799 1931 1816 1934 1816 2037 1795 2040 1744 2037 1713 1540 1703 1536 1703 1533 1703 1529 1703 1505 1720 1498 1723 1492 1720 1471 1709 1468 1709 1464 1709 1399 1720 1324 1733 1306 1720 1286 1703 1282 1703 1279 1703 1276 1703 1272 1703 1231 1723 1207 1733 1029 1733 1018 1727 1005 1713 1001 1713 998 1713 994 1713 991 1713 963 1727 946 1733 912 1727 799 1703 795 1703 792 1703 788 1703 754 1730 747 1737 504 1737 497 1733 442 1703 439 1703 435 1703 432 1703 428 1703 391 1733 391 1737 325 1737 329 1775"/></Shape>
	    <String CONTENT="מתוך של חבירו אף המחליק ישרש ˙˙ ה&#39; המבקיע בזית לא יחפה בעפר אבל [צ]"
                    HPOS="325"
                    VPOS="1703"
                    WIDTH="1715"
                    HEIGHT="119"></String>
          </TextLine>

          
          
          <TextLine ID="eSc_line_5c335f8b"
                    
                    BASELINE="343 1843 1341 1843 1420 1836 1838 1833 1917 1826 2034 1829 2085 1819" 
                    HPOS="336"
                    VPOS="1788"
                    WIDTH="1746"
                    HEIGHT="110">
            <Shape><Polygon POINTS="339 1840 339 1888 620 1894 624 1894 627 1894 651 1888 679 1877 792 1884 929 1894 933 1894 987 1884 1015 1877 1042 1881 1097 1894 1101 1894 1104 1894 1107 1894 1107 1891 1118 1881 1125 1877 1306 1877 1313 1881 1334 1894 1337 1894 1341 1894 1344 1898 1581 1898 1581 1894 2082 1870 2082 1816 2075 1788 408 1805 370 1788 367 1788 363 1788 360 1788 356 1788 336 1799 339 1840"/></Shape>
	    <String CONTENT="מכסה הוא באבנים או בקש הקוצץ קורת שיקמה לא יחפה בעפר אבל מכס(ה)"
                    HPOS="336"
                    VPOS="1788"
                    WIDTH="1746"
                    HEIGHT="110"></String>
          </TextLine>

          
          
          <TextLine ID="eSc_line_6809af49"
                    
                    BASELINE="343 1918 428 1918 466 1929 620 1925 692 1918 981 1918 1231 1908 2013 1908 2071 1915" 
                    HPOS="336"
                    VPOS="1864"
                    WIDTH="1732"
                    HEIGHT="92">
            <Shape><Polygon POINTS="339 1915 339 1953 2061 1956 2068 1912 2064 1881 1313 1864 1310 1864 336 1881 339 1915"/></Shape>
	    <String CONTENT="הוא באבנים או בקש אין קוצצין בתולת שיקמה בשביעית מפני שהיא עבודה ר&#39; יהודה"
                    HPOS="336"
                    VPOS="1864"
                    WIDTH="1732"
                    HEIGHT="92"></String>
          </TextLine>

          
          
          <TextLine ID="eSc_line_0896ad3a"
                    
                    BASELINE="370 2004 860 2001 984 1990 2027 1990 2071 1997" 
                    HPOS="363"
                    VPOS="1960"
                    WIDTH="1705"
                    HEIGHT="75">
            <Shape><Polygon POINTS="367 2001 367 2035 2058 2035 2068 1994 2061 1960 363 1960 367 2001"/></Shape>
	    <String CONTENT="אומ&#39; כדרכה אסור אלא או מגביה עשרה טפחים או גומם מעם הארץ ˙˙ ו&#39; המזנב"
                    HPOS="363"
                    VPOS="1960"
                    WIDTH="1705"
                    HEIGHT="75"></String>
          </TextLine>

          
          
          <TextLine ID="eSc_line_cad96d0d"
                    
                    BASELINE="360 2069 456 2069 490 2076 1385 2076 1420 2069 1595 2069 1907 2059 2064 2062" 
                    HPOS="353"
                    VPOS="2021"
                    WIDTH="1708"
                    HEIGHT="106">
            <Shape><Polygon POINTS="356 2066 356 2110 1358 2127 1361 2127 1365 2127 1368 2127 1396 2110 1485 2127 1488 2127 1612 2107 1646 2124 1649 2124 1653 2124 1972 2107 1999 2124 2003 2124 2006 2124 2010 2124 2013 2124 2058 2103 2061 2059 2054 2028 538 2038 531 2038 442 2021 439 2021 353 2038 356 2066"/></Shape>
	    <String CONTENT="בגפנים והקוצץ בקנים ר&#39; יוסי הגלילי אומ&#39; ירחיק טפח ר&#39; עקיבה אומ&#39; קוצץ כדרכו"
                    HPOS="353"
                    VPOS="2021"
                    WIDTH="1708"
                    HEIGHT="106"></String>
          </TextLine>

          
          
          <TextLine ID="eSc_line_945b41ab"
                    
                    BASELINE="356 2145 1145 2151 1293 2148 1330 2141 2068 2145" 
                    HPOS="349"
                    VPOS="2097"
                    WIDTH="1715"
                    HEIGHT="109">
            <Shape><Polygon POINTS="353 2141 349 2179 384 2196 387 2196 391 2196 775 2186 922 2203 926 2203 1070 2182 1094 2203 1097 2203 1101 2203 1104 2203 1454 2186 1485 2206 1488 2206 1492 2206 1495 2206 1588 2186 1629 2206 1632 2206 1636 2206 1732 2186 2058 2186 2064 2141 2064 2117 2034 2100 2030 2100 2027 2100 1468 2097 1464 2097 353 2107 353 2141"/></Shape>
	    <String CONTENT="בקרדום ובמגל ובמגירה ובכל מה שירצה אילן שניפשח קושרין אותו בשביעית לא"
                    HPOS="349"
                    VPOS="2097"
                    WIDTH="1715"
                    HEIGHT="109"></String>
          </TextLine>

          
          
          <TextLine ID="eSc_line_9dbce0ea"
                    
                    BASELINE="363 2230 411 2241 593 2241 751 2230 1214 2234 1378 2230 1423 2220 1461 2227 1866 2223 1938 2230 1979 2220 2071 2220" 
                    HPOS="356"
                    VPOS="2172"
                    WIDTH="1712"
                    HEIGHT="117">
            <Shape><Polygon POINTS="360 2227 360 2268 425 2285 428 2285 432 2289 778 2289 778 2285 782 2285 785 2285 812 2265 840 2285 843 2285 847 2285 850 2289 1087 2289 1087 2285 1200 2268 1248 2285 1252 2285 1255 2285 1358 2261 1365 2261 1375 2261 1454 2282 1457 2282 1461 2282 1464 2282 1502 2261 1505 2261 1567 2282 1571 2282 1574 2282 1715 2261 1721 2261 1886 2261 1941 2282 1944 2282 1948 2282 2064 2258 2068 2217 2064 2182 1721 2172 1718 2172 1715 2172 1677 2186 1656 2193 1646 2186 1632 2175 1629 2175 1625 2175 1622 2175 1619 2175 1588 2186 1557 2196 1516 2186 1471 2179 1468 2179 1464 2179 1461 2179 1450 2189 1437 2199 1128 2199 1101 2193 1046 2175 1042 2175 1039 2175 1035 2175 1032 2175 1032 2179 1015 2193 1011 2199 867 2199 843 2196 751 2175 747 2175 744 2175 706 2196 696 2203 356 2203 360 2227"/></Shape>
	    <String CONTENT="שיעלה אלא שלא יוסיף ˙˙ ז&#39; מאמתי אוכלין פירות האילן בשביעית הפגים"
                    HPOS="356"
                    VPOS="2172"
                    WIDTH="1712"
                    HEIGHT="117"></String>
          </TextLine>

          
          
          <TextLine ID="eSc_line_9fa9d455"
                    
                    BASELINE="370 2299 425 2313 569 2313 603 2306 1186 2309 1255 2302 1704 2302 1835 2299 1879 2292 1989 2295 2075 2285" 
                    HPOS="363"
                    VPOS="2268"
                    WIDTH="1708"
                    HEIGHT="89">
            <Shape><Polygon POINTS="367 2295 363 2340 397 2357 401 2357 404 2357 2068 2333 2071 2282 2064 2268 367 2268 367 2295"/></Shape>
	    <String CONTENT="משיזריחו אוכל בהם פיתו בשדה ביחֵילו קונס בתוך ביתו וכן כיוצא"
                    HPOS="363"
                    VPOS="2268"
                    WIDTH="1708"
                    HEIGHT="89"></String>
          </TextLine>

          
          
          <TextLine ID="eSc_line_42276cae"
                    
                    BASELINE="353 2378 1447 2378 1571 2371 2085 2364" 
                    HPOS="346"
                    VPOS="2340"
                    WIDTH="1736"
                    HEIGHT="72">
            <Shape><Polygon POINTS="349 2374 349 2412 2078 2408 2082 2360 2075 2340 346 2340 349 2374"/></Shape>
	    <String CONTENT="בהן ושאר שני שבוע חייבין במעשרות ˙˙ ח&#39; הבוסר משהביא מים אוכל בו"
                    HPOS="346"
                    VPOS="2340"
                    WIDTH="1736"
                    HEIGHT="72"></String>
          </TextLine>

          
          
          <TextLine ID="eSc_line_98da6480"
                    
                    BASELINE="329 2446 720 2453 963 2450 1073 2443 1454 2446 1492 2439 2075 2432" 
                    HPOS="322"
                    VPOS="2405"
                    WIDTH="1749"
                    HEIGHT="82">
            <Shape><Polygon POINTS="325 2443 325 2487 2068 2474 2071 2429 2064 2405 322 2412 325 2443"/></Shape>
	    <String CONTENT="פיתו בשדה הבאיש כונס לתוך ביתו וכן כיוצא בו ושאר שני שבוע חייב"
                    HPOS="322"
                    VPOS="2405"
                    WIDTH="1749"
                    HEIGHT="82"></String>
          </TextLine>

          
          
          <TextLine ID="eSc_line_e0beeb48"
                    
                    BASELINE="373 2528 1005 2528 1053 2522 1375 2522 1577 2518 1670 2511 1965 2511 2085 2518" 
                    HPOS="367"
                    VPOS="2470"
                    WIDTH="1715"
                    HEIGHT="103">
            <Shape><Polygon POINTS="370 2525 370 2573 2078 2559 2082 2515 2078 2491 987 2470 984 2470 730 2487 641 2470 638 2470 367 2487 370 2525"/></Shape>
	    <String CONTENT="במעשרות ˙˙ ט&#39; זיתים משהכניסו רביעית לסאה פוצע ואוכל בשדה הכניסו"
                    HPOS="367"
                    VPOS="2470"
                    WIDTH="1715"
                    HEIGHT="103"></String>
          </TextLine>

          
          
          <TextLine ID="eSc_line_1ade26de"
                    
                    BASELINE="373 2590 425 2600 466 2600 589 2593 2061 2593" 
                    HPOS="367"
                    VPOS="2566"
                    WIDTH="1691"
                    HEIGHT="82">
            <Shape><Polygon POINTS="370 2587 370 2648 548 2631 586 2648 589 2648 593 2648 761 2631 929 2648 933 2648 1032 2631 1155 2648 1166 2648 1169 2648 1183 2648 1361 2631 1440 2648 1454 2648 1457 2648 1471 2648 1540 2631 2051 2641 2058 2590 2054 2566 367 2566 370 2587"/></Shape>
	    <String CONTENT="חצי לוג כותיש וסך בשדה הכניסו שליש כותיש בשדה וכונס לתוך ביתו וכן"
                    HPOS="367"
                    VPOS="2566"
                    WIDTH="1691"
                    HEIGHT="82"></String>
          </TextLine>

          
          
          <TextLine ID="eSc_line_e1188d81"
                    
                    BASELINE="336 2679 1351 2679 1426 2672 2061 2672" 
                    HPOS="329"
                    VPOS="2635"
                    WIDTH="1729"
                    HEIGHT="89">
            <Shape><Polygon POINTS="332 2676 332 2724 2054 2710 2058 2669 2051 2635 329 2638 332 2676"/></Shape>
	    <String CONTENT="כיוצא בהן ושאר שני שבוע חייבין במעשרות ושאר כל פירות האילן כעונתן למעשרות"
                    HPOS="329"
                    VPOS="2635"
                    WIDTH="1729"
                    HEIGHT="89"></String>
          </TextLine>

          
          
          <TextLine ID="eSc_line_070b3ddf"
                    
                    BASELINE="332 2748 864 2755 960 2751 1025 2741 1073 2748 1605 2748 1643 2741 2061 2741" 
                    HPOS="325"
                    VPOS="2707"
                    WIDTH="1733"
                    HEIGHT="92">
            <Shape><Polygon POINTS="329 2744 325 2782 1159 2799 1162 2799 1166 2799 1169 2799 1193 2782 1200 2782 1296 2799 1300 2799 1807 2782 1817 2782 1876 2799 1879 2799 1883 2799 1886 2799 1890 2799 1890 2796 1907 2782 2054 2782 2058 2737 2051 2707 329 2717 329 2744"/></Shape>
	    <String CONTENT="כך עונתן לשביעית ˙˙ י&#39; מאמתי אין קוצצין את האילן בשביעית בית שמיי"
                    HPOS="325"
                    VPOS="2707"
                    WIDTH="1733"
                    HEIGHT="92"></String>
          </TextLine>

          
          
          <TextLine ID="eSc_line_2dc3ffa1"
                    
                    BASELINE="329 2820 473 2830 511 2827 548 2837 1413 2827 1605 2830 1927 2820 2071 2823" 
                    HPOS="322"
                    VPOS="2765"
                    WIDTH="1746"
                    HEIGHT="106">
            <Shape><Polygon POINTS="325 2816 325 2871 2064 2864 2068 2820 2064 2789 2013 2765 2010 2765 1896 2765 1893 2765 1890 2765 1886 2765 1855 2789 1797 2765 1793 2765 1790 2765 1612 2792 1166 2772 1162 2772 1159 2772 1155 2772 1155 2775 1135 2792 1121 2779 1118 2779 1114 2779 1111 2779 1107 2779 1104 2779 1104 2782 1090 2796 1053 2779 1049 2779 1046 2779 819 2792 785 2772 782 2772 778 2772 775 2772 692 2775 689 2775 686 2775 686 2779 662 2799 367 2775 363 2775 360 2775 356 2775 322 2792 325 2816"/></Shape>
	    <String CONTENT="אומ&#39; כל האילן משיוציא בית הלל אומ&#39; החרובין משישלשילו הגפנים משיגרי(עו)"
                    HPOS="322"
                    VPOS="2765"
                    WIDTH="1746"
                    HEIGHT="106"></String>
          </TextLine>

          
          
          <TextLine ID="eSc_line_fa2a8009"
                    
                    BASELINE="373 2916 699 2916 785 2909 1121 2912 1241 2905 1492 2902 2078 2905" 
                    HPOS="367"
                    VPOS="2847"
                    WIDTH="1708"
                    HEIGHT="117">
            <Shape><Polygon POINTS="370 2912 367 2953 1402 2946 1430 2950 1509 2964 1512 2964 1612 2950 1632 2946 1653 2946 1773 2964 1776 2964 2068 2943 2075 2902 2071 2874 1845 2857 1841 2857 1732 2874 1721 2874 1715 2874 1608 2847 1605 2847 1601 2847 1286 2864 1224 2847 1221 2847 1217 2847 1214 2847 1169 2871 1111 2847 1107 2847 1104 2847 1101 2847 1015 2878 1008 2878 1001 2878 884 2847 881 2847 878 2847 874 2847 871 2847 830 2878 826 2881 370 2881 370 2912"/></Shape>
	    <String CONTENT="הזיתים משייניצו ושאר כל האילן משיוציא כל האילן כיון שבא לעונת המעשרות מותר"
                    HPOS="367"
                    VPOS="2847"
                    WIDTH="1708"
                    HEIGHT="117"></String>
          </TextLine>

          
          
          <TextLine ID="eSc_line_585325a5"
                    
                    BASELINE="452 2998 1293 2994 2064 2981" 
                    HPOS="445"
                    VPOS="2926"
                    WIDTH="1616"
                    HEIGHT="127">
            <Shape><Polygon POINTS="449 2994 449 3053 2058 3032 2061 2977 2051 2926 1996 2953 1680 2953 1660 2936 1656 2933 1656 2929 1653 2929 1649 2929 1581 2929 1577 2929 1574 2929 1571 2929 1560 2936 1547 2950 1516 2940 1509 2936 1505 2936 1502 2936 1478 2940 1396 2960 1032 2960 1018 2950 1001 2936 998 2936 994 2936 908 2936 905 2936 809 2957 775 2964 768 2957 751 2943 751 2940 747 2940 744 2940 662 2940 658 2940 655 2940 651 2940 651 2943 627 2960 624 2967 445 2967 449 2994"/></Shape>
	    <String CONTENT="לקוצו כמה יהא בזית ולא יקוצינו רובע רבן שמעון בן גמליﭏ אומר הכל לפי הזית ˙˙"
                    HPOS="445"
                    VPOS="2926"
                    WIDTH="1616"
                    HEIGHT="127"></String>
          </TextLine>

          
        </TextBlock>
        

        
      </PrintSpace>
    </Page>
  </Layout>
</alto>
