<?xml version="1.0" encoding="UTF-8"?>
<alto xmlns:xsi="http://www.w3.org/2001/XMLSchema-instance"
      xmlns="http://www.loc.gov/standards/alto/ns-v4#"
      xsi:schemaLocation="http://www.loc.gov/standards/alto/ns-v4# http://www.loc.gov/standards/alto/v4/alto-4-2.xsd">
  <Description>
    <MeasurementUnit>pixel</MeasurementUnit>
    <sourceImageInformation>
      <fileName>MS-ADD-00470-00001-000-00268.jpg</fileName>
      
    </sourceImageInformation>
  </Description>
  
  <Tags>
    <OtherTag ID="BT2" LABEL="Main" DESCRIPTION="block type Main"/><OtherTag ID="BT835" LABEL="Margin" DESCRIPTION="block type Margin"/><OtherTag ID="BT1" LABEL="Title" DESCRIPTION="block type Title"/><OtherTag ID="BT3" LABEL="Commentary" DESCRIPTION="block type Commentary"/><OtherTag ID="BT4" LABEL="Illustration" DESCRIPTION="block type Illustration"/><OtherTag ID="BT836" LABEL="Paratext" DESCRIPTION="block type Paratext"/>
    <OtherTag ID="LT2" LABEL="Numbering" DESCRIPTION="line type Numbering"/><OtherTag ID="LT3" LABEL="Correction" DESCRIPTION="line type Correction"/>
  </Tags>
  
  <Layout>
    <Page WIDTH="2775"
          HEIGHT="4112"
          PHYSICAL_IMG_NR="263"
          ID="eSc_dummypage_">
      <PrintSpace HPOS="0"
                  VPOS="0"
                  WIDTH="2775"
                  HEIGHT="4112">
        
        <TextBlock HPOS="242.0"
                   VPOS="640.0"
                   WIDTH="1862.0"
                   HEIGHT="2464.0"
                   ID="eSc_textblock_6813"
                   TAGREFS="BT2">
          <Shape><Polygon POINTS="242 640 2104 640 2104 3104 242 3104"/></Shape>
          
          
          <TextLine ID="eSc_line_1882245"
                    
                    BASELINE="267 757 1488 753 1999 760" 
                    HPOS="260"
                    VPOS="681"
                    WIDTH="1736"
                    HEIGHT="127">
            <Shape><Polygon POINTS="264 753 264 794 1986 808 1996 757 1986 702 1948 716 1934 702 1920 692 1920 688 1917 688 1914 688 1841 681 1838 681 1835 681 1831 681 1800 702 1780 719 1701 719 1673 705 1622 681 1619 681 1615 681 1612 681 1608 681 1608 685 1584 705 1574 719 1337 719 1327 709 1306 692 1306 688 1303 688 1300 688 1296 688 1293 688 1238 709 1227 712 1221 709 1179 681 1176 681 1173 681 1035 681 1032 681 1029 681 1025 681 991 712 984 716 970 712 884 681 881 681 878 681 874 681 809 712 802 719 514 719 514 716 480 685 480 681 476 681 473 681 408 681 404 681 260 716 264 753"/></Shape>
	    <String CONTENT="וזכור למקדש נעלם ממנו המקדש וזכור לטומאה נעלמו ממנו זה וזה נכנס למקד(ש)"
                    HPOS="260"
                    VPOS="681"
                    WIDTH="1736"
                    HEIGHT="127"></String>
          </TextLine>

          
          
          <TextLine ID="eSc_line_1882256"
                    
                    BASELINE="288 856 686 856 1337 839 1567 846 2023 836" 
                    HPOS="281"
                    VPOS="774"
                    WIDTH="1739"
                    HEIGHT="120">
            <Shape><Polygon POINTS="284 853 284 894 2016 866 2020 832 2016 794 1944 774 1941 774 1938 774 1934 774 1866 798 1866 801 1739 801 1591 801 1529 784 1526 784 1522 784 1519 784 1516 784 1488 805 1485 805 1481 805 1320 784 1317 784 915 815 884 815 871 815 734 794 730 794 727 794 644 815 377 801 373 801 281 822 284 853"/></Shape>
	    <String CONTENT="ולא ידע משיצא ידע הרי זה (ב)עולה ויורד ˙˙ א&#39; אחד הנכנס לעזרה ואחד הנכנס"
                    HPOS="281"
                    VPOS="774"
                    WIDTH="1739"
                    HEIGHT="120"></String>
          </TextLine>

          
          
          <TextLine ID="eSc_line_1882246"
                    
                    BASELINE="288 925 1903 914 2058 901" 
                    HPOS="281"
                    VPOS="856"
                    WIDTH="1773"
                    HEIGHT="106">
            <Shape><Polygon POINTS="284 921 284 962 2054 945 2054 897 2051 873 2010 856 2006 856 2003 856 1677 877 1673 877 1670 877 1286 860 1282 860 1279 860 1231 880 1227 880 1207 880 884 863 881 863 730 884 713 884 696 884 521 866 517 866 281 884 284 921"/></Shape>
	    <String CONTENT="לתוספת העזרה שאין מוסיפין על העיר ועל העזרות אלא במלך ובנביא"
                    HPOS="281"
                    VPOS="856"
                    WIDTH="1773"
                    HEIGHT="106"></String>
          </TextLine>

          
          
          <TextLine ID="eSc_line_1882247"
                    
                    BASELINE="270 993 507 1007 939 1007 1670 990 1931 990 2027 997" 
                    HPOS="264"
                    VPOS="952"
                    WIDTH="1759"
                    HEIGHT="103">
            <Shape><Polygon POINTS="267 990 267 1038 541 1055 545 1055 548 1055 596 1038 600 1038 634 1038 922 1051 926 1051 2016 1031 2023 993 2016 952 264 966 267 990"/></Shape>
	    <String CONTENT="ובאורים ובתומים ובסנהדרין של שבעים ואחד ובשתי תורות ובשיר ובית דין"
                    HPOS="264"
                    VPOS="952"
                    WIDTH="1759"
                    HEIGHT="103"></String>
          </TextLine>

          
          
          <TextLine ID="eSc_line_1882257"
                    
                    BASELINE="274 1075 2030 1062" 
                    HPOS="267"
                    VPOS="1021"
                    WIDTH="1760"
                    HEIGHT="99">
            <Shape><Polygon POINTS="270 1072 270 1113 1101 1117 1104 1117 1224 1103 1265 1099 1269 1103 1282 1113 1282 1117 1286 1117 1289 1117 1293 1120 1577 1120 1577 1117 1581 1117 1584 1117 1605 1099 1612 1096 1660 1099 1869 1113 1872 1113 2023 1093 2027 1058 2023 1028 555 1021 552 1021 548 1021 545 1021 517 1038 511 1038 401 1021 397 1021 267 1038 270 1072"/></Shape>
	    <String CONTENT="מהלכין ושתי תודות אחריהן הפנימית נאכלת והחיצונה נשרפת כל שלא נעשת"
                    HPOS="267"
                    VPOS="1021"
                    WIDTH="1760"
                    HEIGHT="99"></String>
          </TextLine>

          
          
          <TextLine ID="eSc_line_1882248"
                    
                    BASELINE="264 1141 1070 1141 1488 1147 1903 1144 2020 1134" 
                    HPOS="257"
                    VPOS="1099"
                    WIDTH="1759"
                    HEIGHT="96">
            <Shape><Polygon POINTS="260 1137 257 1171 329 1192 332 1192 336 1192 620 1175 795 1192 799 1195 1114 1195 1114 1192 1118 1192 1121 1192 1121 1189 1138 1175 1793 1192 1797 1192 1800 1192 1804 1192 1804 1189 1821 1175 2013 1175 2016 1130 2013 1103 260 1099 260 1137"/></Shape>
	    <String CONTENT="בכל אלו הנכנס לשם אין חייבין עליה ˙˙ ב&#39; נטמא בעזרה נעלמה ממנו הטומא(ה)"
                    HPOS="257"
                    VPOS="1099"
                    WIDTH="1759"
                    HEIGHT="96"></String>
          </TextLine>

          
          
          <TextLine ID="eSc_line_1882249"
                    
                    BASELINE="243 1223 425 1219 627 1226 881 1226 1125 1216 1941 1216 2061 1206" 
                    HPOS="236"
                    VPOS="1161"
                    WIDTH="1822"
                    HEIGHT="93">
            <Shape><Polygon POINTS="240 1219 240 1254 2054 1247 2058 1202 2054 1182 1571 1161 1567 1161 1564 1161 1492 1178 531 1165 528 1165 236 1182 240 1219"/></Shape>
	    <String CONTENT="וזכור למקדש נעלם ממנו המקדש וזכור לטומאה נעלם ממנו זה וזה"
                    HPOS="236"
                    VPOS="1161"
                    WIDTH="1822"
                    HEIGHT="93"></String>
          </TextLine>

          
          
          <TextLine ID="eSc_line_1882250"
                    
                    BASELINE="281 1298 758 1291 1852 1295 2034 1285" 
                    HPOS="274"
                    VPOS="1237"
                    WIDTH="1756"
                    HEIGHT="99">
            <Shape><Polygon POINTS="277 1295 277 1336 2027 1322 2030 1285 2027 1254 1962 1237 1958 1237 1955 1237 1739 1254 1711 1237 1708 1237 1704 1237 1083 1237 1080 1237 274 1254 277 1295"/></Shape>
	    <String CONTENT="השתחווה או ששהה כדי השתחואה ובא לו בארוכה חייב ובקצרה פטור זו היא"
                    HPOS="274"
                    VPOS="1237"
                    WIDTH="1756"
                    HEIGHT="99"></String>
          </TextLine>

          
          
          <TextLine ID="eSc_line_1882251"
                    
                    BASELINE="246 1350 411 1370 586 1377 2040 1367" 
                    HPOS="243"
                    VPOS="1332"
                    WIDTH="1794"
                    HEIGHT="93">
            <Shape><Polygon POINTS="243 1346 243 1404 346 1425 349 1425 353 1425 421 1408 1639 1422 1643 1422 2037 1401 2037 1363 2034 1332 250 1332 243 1346"/></Shape>
	    <String CONTENT="מצות עשה שבמקדש שאין חייבין עליה ˙˙ ד&#39; אי זו היא מצות עשה שבנידה שחיי(בין)"
                    HPOS="243"
                    VPOS="1332"
                    WIDTH="1794"
                    HEIGHT="93"></String>
          </TextLine>

          
          
          <TextLine ID="eSc_line_1882252"
                    
                    BASELINE="270 1449 655 1459 967 1449 1807 1452 2044 1442" 
                    HPOS="264"
                    VPOS="1394"
                    WIDTH="1776"
                    HEIGHT="103">
            <Shape><Polygon POINTS="267 1446 264 1483 816 1497 819 1497 1152 1480 1214 1480 1227 1480 1303 1497 1306 1497 1426 1480 1444 1480 1478 1480 1797 1497 1800 1497 1804 1497 1852 1480 1896 1497 1900 1497 1903 1497 2037 1476 2040 1439 2040 1415 1986 1394 1982 1394 1979 1394 1310 1411 1155 1394 1152 1394 1149 1394 1111 1415 267 1415 267 1446"/></Shape>
	    <String CONTENT="עליה היה משמש עם הטהורה ואמרה לו נטמאתי ופירש מיד חייב שיציאתו"
                    HPOS="264"
                    VPOS="1394"
                    WIDTH="1776"
                    HEIGHT="103"></String>
          </TextLine>

          
          
          <TextLine ID="eSc_line_1882253"
                    
                    BASELINE="281 1531 507 1524 943 1521 1306 1528 2037 1518" 
                    HPOS="274"
                    VPOS="1459"
                    WIDTH="1760"
                    HEIGHT="113">
            <Shape><Polygon POINTS="277 1528 277 1572 1814 1572 1814 1569 2030 1548 2034 1514 2030 1483 1831 1459 1828 1459 1824 1459 1773 1483 1763 1483 1550 1466 1547 1466 1543 1466 1540 1466 1512 1483 1433 1463 1430 1463 1426 1463 1423 1463 1420 1463 1382 1487 1378 1487 1334 1487 658 1470 655 1470 274 1494 277 1528"/></Shape>
	    <String CONTENT="הנאה לו כביאתו ˙˙ ה&#39; ר&#39; ליעזר אומר השרץ ונעלם ממנו על העלם השרץ הוא"
                    HPOS="274"
                    VPOS="1459"
                    WIDTH="1760"
                    HEIGHT="113"></String>
          </TextLine>

          
          
          <TextLine ID="eSc_line_1882254"
                    
                    BASELINE="277 1610 1149 1610 1516 1600 1824 1600 2068 1607" 
                    HPOS="270"
                    VPOS="1545"
                    WIDTH="1794"
                    HEIGHT="103">
            <Shape><Polygon POINTS="274 1607 274 1648 2058 1634 2064 1603 2061 1569 1591 1545 1588 1545 1492 1569 1485 1569 1478 1569 1389 1545 1385 1545 1382 1545 1378 1545 1375 1545 1344 1565 1162 1548 1159 1548 1155 1548 1152 1548 1152 1552 1135 1569 946 1569 908 1545 905 1545 902 1545 898 1545 799 1562 730 1545 727 1545 723 1545 720 1545 716 1545 689 1565 504 1552 500 1552 497 1552 493 1552 469 1569 469 1572 270 1572 274 1607"/></Shape>
	    <String CONTENT="חייב ואינו חייב על העלם המקדש ר&#39; עקיבה אומ&#39; ונעלם ממנו והוא טמא"
                    HPOS="270"
                    VPOS="1545"
                    WIDTH="1794"
                    HEIGHT="103"></String>
          </TextLine>

          
          
          <TextLine ID="eSc_line_1882258"
                    
                    BASELINE="291 1672 1684 1679 2044 1668" 
                    HPOS="284"
                    VPOS="1617"
                    WIDTH="1756"
                    HEIGHT="113">
            <Shape><Polygon POINTS="288 1668 284 1703 349 1723 353 1723 356 1727 624 1727 624 1723 627 1723 662 1706 665 1706 682 1706 826 1727 830 1730 1049 1730 1049 1727 1053 1727 1056 1727 1056 1723 1070 1709 1073 1709 1077 1709 1159 1727 1162 1730 1289 1730 1289 1727 1293 1727 1296 1727 1296 1723 1310 1713 1313 1709 1327 1713 1399 1727 1402 1727 2037 1716 2040 1665 2037 1637 418 1637 373 1617 370 1617 367 1617 288 1634 288 1668"/></Shape>
	    <String CONTENT="על העלם הטומאה הוא חייב ואינו חייב על העלם המקדש ר&#39; שמעון אומ&#39; ונעלם"
                    HPOS="284"
                    VPOS="1617"
                    WIDTH="1756"
                    HEIGHT="113"></String>
          </TextLine>

          
          
          <TextLine ID="eSc_line_1882259"
                    
                    BASELINE="363 1754 2061 1747" 
                    HPOS="356"
                    VPOS="1692"
                    WIDTH="1702"
                    HEIGHT="100">
            <Shape><Polygon POINTS="360 1751 360 1792 2058 1792 2058 1744 2054 1716 1927 1692 1924 1692 1835 1709 1780 1692 1776 1692 1773 1692 1769 1692 1766 1692 1742 1713 1742 1716 1409 1716 1409 1713 1389 1696 1389 1692 1385 1692 1382 1692 1378 1692 1248 1713 1200 1720 1169 1713 1107 1696 1104 1696 1101 1696 1022 1713 984 1723 836 1723 819 1713 795 1696 792 1696 788 1696 785 1696 710 1713 668 1720 356 1713 360 1751"/></Shape>
	    <String CONTENT="ממנו ונעלם ממנו שני פעמים לחייב על העלם הטומאה ועל העלם המקדש ˙˙"
                    HPOS="356"
                    VPOS="1692"
                    WIDTH="1702"
                    HEIGHT="100"></String>
          </TextLine>

          
          
          <TextLine ID="eSc_line_1882260"
                    
                    BASELINE="236 1822 343 1833 905 1833 1094 1826 1457 1833 2058 1833" 
                    HPOS="229"
                    VPOS="1768"
                    WIDTH="1825"
                    HEIGHT="120">
            <Shape><Polygon POINTS="233 1819 229 1860 336 1881 339 1881 343 1881 346 1881 370 1864 373 1864 387 1864 648 1884 651 1884 778 1867 799 1867 826 1867 1029 1888 1032 1888 1125 1870 1162 1867 1327 1867 1341 1874 1354 1888 1358 1888 1361 1888 1365 1888 2051 1881 2054 1829 2054 1799 1975 1771 1972 1771 1968 1771 1711 1795 1694 1795 1677 1795 1502 1771 1498 1771 1351 1792 1320 1795 1276 1792 1138 1778 1135 1778 816 1788 662 1792 641 1785 596 1771 593 1771 589 1771 517 1785 487 1792 480 1785 459 1768 456 1768 452 1768 449 1768 233 1781 233 1819"/></Shape>
	    <String CONTENT="הלכו&#39; ה&#39; ˙˙ פרק ג&#39; שבועות שתים שהן ארבע שבועה שאוכל ושלא"
                    HPOS="229"
                    VPOS="1768"
                    WIDTH="1825"
                    HEIGHT="120"></String>
          </TextLine>

          
          
          <TextLine ID="eSc_line_1882262"
                    
                    BASELINE="308 1905 1094 1912 1327 1901" 
                    HPOS="301"
                    VPOS="1843"
                    WIDTH="1023"
                    HEIGHT="103">
            <Shape><Polygon POINTS="305 1901 301 1932 1317 1946 1324 1898 1320 1874 785 1846 782 1846 778 1846 775 1846 775 1850 751 1870 703 1853 699 1853 696 1853 692 1853 627 1870 620 1870 617 1870 555 1843 552 1843 548 1843 305 1867 305 1901"/></Shape>
	    <String CONTENT="אוכל שאכלתי ושלא אכלתי שבועה שלא אוכל"
                    HPOS="301"
                    VPOS="1843"
                    WIDTH="1023"
                    HEIGHT="103"></String>
          </TextLine>

          
          
          <TextLine ID="eSc_line_1882261"
                    
                    BASELINE="270 1966 613 1980 1907 1977 2040 1984" 
                    HPOS="264"
                    VPOS="1915"
                    WIDTH="1773"
                    HEIGHT="117">
            <Shape><Polygon POINTS="267 1963 264 2014 565 2014 583 2028 583 2032 586 2032 589 2032 593 2032 819 2014 843 2014 854 2014 929 2032 933 2032 1039 2014 1056 2014 1080 2014 1217 2032 1221 2032 1293 2018 1306 2014 1313 2018 1348 2032 1351 2032 1354 2032 1358 2032 1406 2018 1420 2014 1646 2014 1653 2018 1670 2032 1673 2032 1677 2032 1680 2032 2030 2018 2037 1980 2037 1942 1955 1915 1951 1915 1835 1915 1831 1915 1828 1915 1776 1942 1553 1942 1471 1918 1468 1918 1464 1918 1461 1918 1423 1939 1183 1939 1152 1915 1149 1915 1145 1915 1056 1915 1053 1915 1049 1915 1046 1915 1011 1942 583 1942 500 1915 497 1915 493 1915 404 1932 305 1915 301 1915 298 1915 294 1915 267 1932 267 1963"/></Shape>
	    <String CONTENT="ואכל כל שהוא חייב דברי ר&#39; עקיבה אמרו לו לר&#39; עקיבה איכן מצינו באוכל כל שהו(א)"
                    HPOS="264"
                    VPOS="1915"
                    WIDTH="1773"
                    HEIGHT="117"></String>
          </TextLine>

          
          
          <TextLine ID="eSc_line_1882255"
                    
                    BASELINE="274 2042 418 2056 706 2062 1186 2059 1389 2066 1643 2056 2051 2049" 
                    HPOS="267"
                    VPOS="2018"
                    WIDTH="1780"
                    HEIGHT="99">
            <Shape><Polygon POINTS="270 2038 270 2093 638 2093 641 2097 662 2114 662 2117 665 2117 668 2117 672 2117 675 2117 716 2097 747 2117 751 2117 754 2117 758 2117 891 2097 898 2097 905 2097 1066 2114 1070 2114 2044 2097 2047 2045 2040 2018 267 2018 270 2038"/></Shape>
	    <String CONTENT="שהוא חייב שזה חייב אמר להן איכן מצינו במדבר מביא קרבן שזה מדבר ומביא"
                    HPOS="267"
                    VPOS="2018"
                    WIDTH="1780"
                    HEIGHT="99"></String>
          </TextLine>

          
          
          <TextLine ID="eSc_line_1882241"
                    
                    BASELINE="274 2117 843 2134 1543 2134 1725 2127 2058 2131" 
                    HPOS="267"
                    VPOS="2090"
                    WIDTH="1787"
                    HEIGHT="103">
            <Shape><Polygon POINTS="270 2114 267 2155 325 2155 343 2175 346 2175 346 2179 349 2179 353 2179 356 2179 360 2179 411 2158 1077 2186 1080 2186 1221 2165 1368 2189 1372 2189 1701 2169 1745 2189 1749 2189 1752 2189 1821 2175 1992 2193 1996 2193 1999 2193 2051 2169 2054 2127 2054 2107 270 2090 270 2114"/></Shape>
	    <String CONTENT="קרבן ˙˙ א&#39; שבועה שלא אוכל ואכל ושתה אינו חייב אלא אחת שבועה שלא"
                    HPOS="267"
                    VPOS="2090"
                    WIDTH="1787"
                    HEIGHT="103"></String>
          </TextLine>

          
          
          <TextLine ID="eSc_line_1882237"
                    
                    BASELINE="284 2189 439 2206 1077 2213 1361 2213 1571 2206 1766 2210" 
                    HPOS="277"
                    VPOS="2141"
                    WIDTH="1486"
                    HEIGHT="103">
            <Shape><Polygon POINTS="281 2186 277 2230 1752 2244 1763 2206 1759 2182 1622 2155 1317 2151 1313 2151 1310 2151 1272 2169 1238 2151 1234 2151 1231 2151 860 2169 740 2151 737 2151 734 2151 730 2151 730 2155 713 2172 624 2172 469 2172 469 2169 442 2145 442 2141 439 2141 435 2141 432 2141 281 2165 281 2186"/></Shape>
	    <String CONTENT="אוכל ושלא אשתה ואכל ושתה חייב שתים ˙˙ ב&#39; שבועה שלא"
                    HPOS="277"
                    VPOS="2141"
                    WIDTH="1486"
                    HEIGHT="103"></String>
          </TextLine>

          
          
          <TextLine ID="eSc_line_1882243"
                    
                    BASELINE="233 2241 291 2261 363 2271 668 2278 2040 2271" 
                    HPOS="229"
                    VPOS="2213"
                    WIDTH="1808"
                    HEIGHT="117">
            <Shape><Polygon POINTS="229 2306 315 2306 322 2309 356 2326 360 2326 363 2330 641 2330 641 2326 644 2326 699 2309 716 2306 758 2309 902 2326 905 2326 908 2326 953 2309 967 2306 981 2309 1025 2326 1029 2326 1032 2326 2034 2313 2037 2268 2034 2237 1962 2213 1958 2213 1955 2213 1643 2234 1495 2244 1392 2230 1351 2227 1348 2227 1289 2230 1131 2241 1107 2227 1104 2223 1101 2223 1097 2223 1094 2223 1090 2223 1073 2227 1015 2244 998 2230 998 2227 994 2227 991 2227 857 2223 854 2223 850 2223 847 2223 809 2247 648 2247 617 2220 613 2217 610 2217 607 2217 603 2217 562 2220 401 2241 377 2220 377 2217 373 2217 370 2217 367 2217 353 2217 270 2234 229 2217 229 2237 229 2306"/></Shape>
	    <String CONTENT="אוכל ואכל פת חטים ופת שעורים ופת כוסמים אינו חייב אלא אחת שבו(עה)"
                    HPOS="229"
                    VPOS="2213"
                    WIDTH="1808"
                    HEIGHT="117"></String>
          </TextLine>

          
          
          <TextLine ID="eSc_line_1882244"
                    
                    BASELINE="294 2364 421 2354 1227 2364 1927 2354 2068 2343" 
                    HPOS="288"
                    VPOS="2295"
                    WIDTH="1776"
                    HEIGHT="100">
            <Shape><Polygon POINTS="291 2360 291 2395 2061 2384 2064 2340 2061 2319 1989 2295 1986 2295 1982 2295 1848 2319 1783 2299 1780 2299 1776 2299 1773 2299 1769 2299 1742 2323 1615 2323 1238 2299 1234 2299 1135 2319 933 2295 929 2295 926 2295 871 2319 840 2295 836 2295 833 2295 830 2295 490 2316 373 2295 370 2295 367 2295 363 2295 363 2299 339 2323 288 2323 291 2360"/></Shape>
	    <String CONTENT="שלא אוכל פת חטים ופת שעורים ופת כוסמים ואכל חייב על כל אחת ואחת ˙˙ ד&#39;"
                    HPOS="288"
                    VPOS="2295"
                    WIDTH="1776"
                    HEIGHT="100"></String>
          </TextLine>

          
          
          <TextLine ID="eSc_line_1882239"
                    
                    BASELINE="397 2422 531 2432 1272 2432 1420 2426 1866 2422 2054 2426" 
                    HPOS="391"
                    VPOS="2391"
                    WIDTH="1660"
                    HEIGHT="65">
            <Shape><Polygon POINTS="394 2419 394 2456 2044 2456 2051 2422 2047 2391 391 2391 394 2419"/></Shape>
	    <String CONTENT="שבועה שלא אשתה ושתה משקים הרבה אינו חייב אלא אחת שבועה שלא"
                    HPOS="391"
                    VPOS="2391"
                    WIDTH="1660"
                    HEIGHT="65"></String>
          </TextLine>

          
          
          <TextLine ID="eSc_line_1882233"
                    
                    BASELINE="264 2491 411 2508 641 2515 1399 2515 1553 2508 2071 2501" 
                    HPOS="257"
                    VPOS="2443"
                    WIDTH="1811"
                    HEIGHT="116">
            <Shape><Polygon POINTS="260 2487 260 2539 1522 2556 1526 2556 1718 2539 1745 2556 1749 2556 1752 2556 1756 2559 1968 2559 1968 2556 2064 2535 2068 2498 2064 2470 1389 2470 1378 2467 1289 2443 1286 2443 1162 2443 1159 2443 1155 2443 1152 2443 1152 2446 1131 2463 1128 2470 775 2470 768 2463 744 2443 740 2443 737 2443 734 2443 730 2443 686 2463 675 2467 665 2463 603 2443 600 2443 596 2443 593 2443 535 2463 524 2467 521 2463 497 2443 493 2443 490 2443 487 2443 257 2460 260 2487"/></Shape>
	    <String CONTENT="אשתה יין ושמן ודבש ושתה חייב על כל אחת ואחת שבועה שלא אוכל ואכל אכלי(ם)"
                    HPOS="257"
                    VPOS="2443"
                    WIDTH="1811"
                    HEIGHT="116"></String>
          </TextLine>

          
          
          <TextLine ID="eSc_line_1882236"
                    
                    BASELINE="288 2573 1697 2583 2068 2570" 
                    HPOS="281"
                    VPOS="2518"
                    WIDTH="1783"
                    HEIGHT="106">
            <Shape><Polygon POINTS="284 2570 281 2617 2058 2624 2064 2570 2058 2539 1008 2542 1005 2539 967 2522 963 2522 960 2522 957 2522 915 2542 912 2546 703 2546 682 2542 493 2518 490 2518 487 2518 404 2539 325 2518 322 2518 319 2518 315 2518 312 2518 284 2535 284 2570"/></Shape>
	    <String CONTENT="שאינן ראויים לאכילה ושתה משקים שאינן ראויים לשתייה פטור שבועה שלא אוכל"
                    HPOS="281"
                    VPOS="2518"
                    WIDTH="1783"
                    HEIGHT="106"></String>
          </TextLine>

          
          
          <TextLine ID="eSc_line_1882235"
                    
                    BASELINE="298 2652 607 2665 1320 2665 1787 2662 2088 2648" 
                    HPOS="291"
                    VPOS="2604"
                    WIDTH="1794"
                    HEIGHT="103">
            <Shape><Polygon POINTS="294 2648 294 2689 1831 2707 1835 2707 1838 2707 1900 2689 2023 2707 2027 2707 2030 2707 2085 2686 2085 2645 2078 2617 1145 2621 1142 2621 1128 2607 1128 2604 1125 2604 1121 2604 1118 2604 1114 2604 1111 2604 1094 2621 1090 2621 1066 2621 857 2604 854 2604 713 2621 703 2621 686 2621 363 2604 360 2604 356 2604 291 2621 294 2648"/></Shape>
	    <String CONTENT="ואכל נבילות וטרפות ושקצים ורמסים חייב ר&#39; שמעון אומ&#39; פטור אמר קונס אשתי"
                    HPOS="291"
                    VPOS="2604"
                    WIDTH="1794"
                    HEIGHT="103"></String>
          </TextLine>

          
          
          <TextLine ID="eSc_line_1882238"
                    
                    BASELINE="202 2686 408 2724 583 2734 1745 2734 2068 2724" 
                    HPOS="195"
                    VPOS="2669"
                    WIDTH="1869"
                    HEIGHT="123">
            <Shape><Polygon POINTS="198 2683 195 2755 418 2785 421 2789 1056 2789 1056 2785 1059 2785 1135 2765 1166 2785 1169 2785 1173 2785 1176 2785 1179 2785 1183 2785 1210 2768 1399 2768 1522 2789 1526 2789 1529 2789 1598 2765 1656 2789 1660 2789 1663 2792 1931 2792 1931 2789 2061 2761 2064 2720 2061 2703 1907 2676 1903 2676 1900 2676 1828 2693 1673 2676 1670 2676 1667 2676 1663 2676 1636 2693 1629 2700 1255 2700 1241 2686 1227 2676 1227 2672 1224 2672 1221 2672 1217 2672 1214 2672 1162 2686 1128 2696 541 2696 198 2669 198 2683"/></Shape>
	    <String CONTENT="נהנת לי אם אכלתי היום והוא שאכל נבילות וטרפות שקצים ורמסים הרי אשתו אסו(רה) ˙˙"
                    HPOS="195"
                    VPOS="2669"
                    WIDTH="1869"
                    HEIGHT="123"></String>
          </TextLine>

          
          
          <TextLine ID="eSc_line_1882234"
                    
                    BASELINE="281 2820 425 2809 699 2809 819 2816 1344 2816 1502 2809 1903 2813 2037 2803" 
                    HPOS="274"
                    VPOS="2755"
                    WIDTH="1760"
                    HEIGHT="95">
            <Shape><Polygon POINTS="277 2816 277 2850 2030 2847 2034 2799 2030 2772 1982 2755 1979 2755 1975 2755 1776 2772 1474 2755 1471 2755 1022 2775 1001 2775 977 2775 415 2758 411 2758 274 2775 277 2816"/></Shape>
	    <String CONTENT="ה&#39; אחד דברים של עצמו ואחד דברים של אחרים אחד דברים שיש בהן ממש ואחד"
                    HPOS="274"
                    VPOS="2755"
                    WIDTH="1760"
                    HEIGHT="95"></String>
          </TextLine>

          
          
          <TextLine ID="eSc_line_1882240"
                    
                    BASELINE="284 2902 586 2902 1008 2892 1179 2898 1564 2898 1828 2892 1931 2898" 
                    HPOS="277"
                    VPOS="2833"
                    WIDTH="1650"
                    HEIGHT="117">
            <Shape><Polygon POINTS="281 2898 281 2950 644 2933 734 2950 744 2950 747 2950 751 2950 754 2950 788 2929 884 2950 895 2950 898 2950 922 2950 1125 2929 1917 2943 1927 2895 1920 2854 1529 2854 1526 2854 1420 2833 1416 2833 1296 2854 1173 2833 1169 2833 998 2857 991 2857 981 2857 727 2837 723 2837 720 2837 716 2837 689 2861 682 2861 607 2840 603 2840 600 2840 596 2840 593 2840 569 2861 565 2864 277 2864 281 2898"/></Shape>
	    <String CONTENT="דברים שאין בהן ממש כיצד אמר שבועה שאתן לאיש פלוני ושלא אתן שנתתי"
                    HPOS="277"
                    VPOS="2833"
                    WIDTH="1650"
                    HEIGHT="117"></String>
          </TextLine>

          
          
          <TextLine ID="eSc_line_1882242"
                    
                    BASELINE="250 2984 2088 2964" 
                    HPOS="243"
                    VPOS="2905"
                    WIDTH="1842"
                    HEIGHT="137">
            <Shape><Polygon POINTS="246 2981 246 3022 401 3042 404 3042 710 3018 734 3018 754 3036 754 3039 758 3039 761 3039 764 3042 836 3042 836 3039 840 3039 878 3018 884 3015 950 3018 1262 3032 1265 3032 1269 3032 1272 3032 1293 3015 1296 3012 1317 3015 1464 3032 1468 3032 1557 3012 1574 3008 1581 3012 1622 3029 1625 3029 1629 3029 2082 3005 2085 2960 2082 2929 1914 2905 1910 2905 1907 2905 1903 2905 1903 2909 1886 2922 1574 2912 1571 2912 1567 2912 1502 2933 1471 2919 1468 2919 1464 2919 1248 2936 1241 2936 1166 2912 1162 2912 1159 2912 1155 2912 1059 2940 1053 2943 744 2943 737 2943 631 2919 627 2919 624 2919 545 2946 535 2946 524 2946 449 2929 445 2929 243 2946 246 2981"/></Shape>
	    <String CONTENT="ושלא נתתי ˙ שאישן ושלא אישן שישנתי ˙ ושלא ישנתי שאזרוק צרור לים ושלא אזרוק"
                    HPOS="243"
                    VPOS="2905"
                    WIDTH="1842"
                    HEIGHT="137"></String>
          </TextLine>

          
        </TextBlock>
        

        
      </PrintSpace>
    </Page>
  </Layout>
</alto>
