<?xml version="1.0" encoding="UTF-8"?>
<alto xmlns:xsi="http://www.w3.org/2001/XMLSchema-instance"
      xmlns="http://www.loc.gov/standards/alto/ns-v4#"
      xsi:schemaLocation="http://www.loc.gov/standards/alto/ns-v4# http://www.loc.gov/standards/alto/v4/alto-4-2.xsd">
  <Description>
    <MeasurementUnit>pixel</MeasurementUnit>
    <sourceImageInformation>
      <fileName>MS-ADD-00470-00001-000-00425.jpg</fileName>
      
    </sourceImageInformation>
  </Description>
  
  <Tags>
    <OtherTag ID="BT2" LABEL="Main" DESCRIPTION="block type Main"/><OtherTag ID="BT835" LABEL="Margin" DESCRIPTION="block type Margin"/><OtherTag ID="BT1" LABEL="Title" DESCRIPTION="block type Title"/><OtherTag ID="BT3" LABEL="Commentary" DESCRIPTION="block type Commentary"/><OtherTag ID="BT4" LABEL="Illustration" DESCRIPTION="block type Illustration"/><OtherTag ID="BT836" LABEL="Paratext" DESCRIPTION="block type Paratext"/>
    <OtherTag ID="LT2" LABEL="Numbering" DESCRIPTION="line type Numbering"/><OtherTag ID="LT3" LABEL="Correction" DESCRIPTION="line type Correction"/>
  </Tags>
  
  <Layout>
    <Page WIDTH="2775"
          HEIGHT="4112"
          PHYSICAL_IMG_NR="420"
          ID="eSc_dummypage_">
      <PrintSpace HPOS="0"
                  VPOS="0"
                  WIDTH="2775"
                  HEIGHT="4112">
        
        <TextBlock HPOS="610.0"
                   VPOS="680.0"
                   WIDTH="1848.0"
                   HEIGHT="2462.0"
                   ID="eSc_textblock_6970"
                   TAGREFS="BT2">
          <Shape><Polygon POINTS="610 680 2458 680 2458 3142 610 3142"/></Shape>
          
          
          <TextLine ID="eSc_line_1887047"
                    
                    BASELINE="589 794 819 791 1238 801 2428 791" 
                    HPOS="583"
                    VPOS="729"
                    WIDTH="1842"
                    HEIGHT="113">
            <Shape><Polygon POINTS="586 791 586 839 2418 842 2425 788 2421 753 2366 729 2363 729 2359 729 2356 729 2353 729 2353 733 2325 753 1924 733 1920 733 1917 733 1914 733 1886 753 1800 740 1797 740 1793 740 1790 740 1790 743 1773 757 1773 760 1721 760 1636 760 1608 736 1608 733 1605 733 1601 733 1533 733 1529 733 1293 757 1011 736 1008 736 1005 736 960 760 953 760 699 736 696 736 692 736 689 736 651 760 651 764 583 764 586 791"/></Shape>
	    <String CONTENT="בארובה טומאה תחתיה בתוכה או על גבה טומאה בוקעת ועולה ובוקעת ויורד(ת)"
                    HPOS="583"
                    VPOS="729"
                    WIDTH="1842"
                    HEIGHT="113"></String>
          </TextLine>

          
          
          <TextLine ID="eSc_line_1887048"
                    
                    BASELINE="644 870 929 884 1097 877 1684 877 1852 884 2082 877 2425 877" 
                    HPOS="638"
                    VPOS="842"
                    WIDTH="1783"
                    HEIGHT="86">
            <Shape><Polygon POINTS="641 866 638 908 1492 928 1495 928 2418 911 2421 873 2418 846 641 842 641 866"/></Shape>
	    <String CONTENT="היתה גבוהה מן הארץ טפח טומאה תחתיה או בבית תחתיה והבית טמא תוכה"
                    HPOS="638"
                    VPOS="842"
                    WIDTH="1783"
                    HEIGHT="86"></String>
          </TextLine>

          
          
          <TextLine ID="eSc_line_1887049"
                    
                    BASELINE="662 945 850 945 1248 959 1629 959 1814 966 2411 966" 
                    HPOS="655"
                    VPOS="911"
                    WIDTH="1752"
                    HEIGHT="86">
            <Shape><Polygon POINTS="658 942 655 983 2401 997 2407 962 2404 925 658 911 658 942"/></Shape>
	    <String CONTENT="וגבה טהור בתוכה או על גבה הכל טמא ˙˙ ז&#39; היתה נתונה בתוך האסקופ(ה)"
                    HPOS="655"
                    VPOS="911"
                    WIDTH="1752"
                    HEIGHT="86"></String>
          </TextLine>

          
          
          <TextLine ID="eSc_line_1887063"
                    
                    BASELINE="675 1024 1118 1034 1958 1028 2387 1034" 
                    HPOS="668"
                    VPOS="993"
                    WIDTH="1715"
                    HEIGHT="86">
            <Shape><Polygon POINTS="672 1021 668 1058 1248 1079 1252 1079 2377 1062 2383 1031 2380 997 672 993 672 1021"/></Shape>
	    <String CONTENT="שאם תעלה והיא נוגעת בשקוף פותח טפח טומאה תחתיה בתוכה"
                    HPOS="668"
                    VPOS="993"
                    WIDTH="1715"
                    HEIGHT="86"></String>
          </TextLine>

          
          
          <TextLine ID="eSc_line_1887064"
                    
                    BASELINE="631 1096 795 1096 994 1106 1337 1106 1560 1113 2322 1117 2418 1106" 
                    HPOS="624"
                    VPOS="1048"
                    WIDTH="1790"
                    HEIGHT="106">
            <Shape><Polygon POINTS="627 1093 624 1134 761 1134 764 1134 806 1154 809 1154 812 1154 2411 1144 2414 1103 2414 1075 1073 1051 1070 1051 963 1065 953 1065 943 1065 785 1048 782 1048 627 1062 627 1093"/></Shape>
	    <String CONTENT="או על גבה טומאה בוקעת ועולה ובוקעת ויורדת היתה גבוהה מן הארץ טפח"
                    HPOS="624"
                    VPOS="1048"
                    WIDTH="1790"
                    HEIGHT="106"></String>
          </TextLine>

          
          
          <TextLine ID="eSc_line_1887069"
                    
                    BASELINE="662 1171 1176 1185 1601 1182 1958 1185 2418 1178" 
                    HPOS="655"
                    VPOS="1123"
                    WIDTH="1759"
                    HEIGHT="96">
            <Shape><Polygon POINTS="658 1168 655 1209 2407 1219 2414 1175 2411 1147 658 1123 658 1168"/></Shape>
	    <String CONTENT="טומאה תחתיה או בבית תחתיה והבית טמא תוכה וגבה טהור בתוכה או על"
                    HPOS="655"
                    VPOS="1123"
                    WIDTH="1759"
                    HEIGHT="96"></String>
          </TextLine>

          
          
          <TextLine ID="eSc_line_1887051"
                    
                    BASELINE="651 1254 1629 1250 2095 1261 2325 1261 2418 1250" 
                    HPOS="644"
                    VPOS="1219"
                    WIDTH="1770"
                    HEIGHT="66">
            <Shape><Polygon POINTS="648 1250 644 1285 2411 1285 2414 1247 2411 1219 648 1219 648 1250"/></Shape>
	    <String CONTENT="גבה הכל טמא ˙˙ ח&#39; שאם תעלה ואינה נוגעת בשקוף פותח טפח או"
                    HPOS="644"
                    VPOS="1219"
                    WIDTH="1770"
                    HEIGHT="66"></String>
          </TextLine>

          
          
          <TextLine ID="eSc_line_1887052"
                    
                    BASELINE="634 1322 1255 1336 1646 1332 1859 1339 2270 1339 2428 1326" 
                    HPOS="627"
                    VPOS="1271"
                    WIDTH="1798"
                    HEIGHT="116">
            <Shape><Polygon POINTS="631 1319 627 1356 771 1377 775 1377 970 1360 991 1360 1022 1360 1354 1380 1358 1380 1361 1380 1365 1380 1365 1377 1378 1367 1392 1380 1396 1380 1399 1380 1402 1380 1951 1370 2006 1387 2010 1387 2013 1387 2421 1367 2425 1322 2425 1305 2116 1285 2112 1285 2109 1285 2106 1285 2085 1302 2082 1305 1811 1305 1800 1298 1732 1281 1728 1281 1725 1281 1721 1281 1653 1298 1639 1302 1636 1298 1605 1278 1601 1278 1598 1278 1595 1278 1409 1298 1392 1298 1378 1298 1255 1278 1252 1278 1142 1295 1114 1274 1111 1274 1107 1274 1104 1274 953 1291 775 1271 771 1271 631 1291 631 1319"/></Shape>
	    <String CONTENT="מודבקת לשקוף טומאה תחתיה אין טמא אלא תחתיה ˙˙ הל&#39; ח&#39;"
                    HPOS="627"
                    VPOS="1271"
                    WIDTH="1798"
                    HEIGHT="116"></String>
          </TextLine>

          
          
          <TextLine ID="eSc_line_1887065"
                    
                    BASELINE="857 1404 1217 1418 1903 1415 2263 1418 2407 1425" 
                    HPOS="850"
                    VPOS="1363"
                    WIDTH="1554"
                    HEIGHT="117">
            <Shape><Polygon POINTS="854 1401 850 1442 939 1442 953 1449 981 1470 984 1470 987 1470 991 1470 994 1470 1056 1452 1077 1446 1090 1452 1121 1466 1125 1466 1128 1466 1310 1456 1399 1452 1406 1459 1420 1470 1420 1473 1423 1473 1426 1473 1430 1473 1433 1473 1437 1473 1457 1459 1474 1449 1571 1463 1588 1463 1591 1463 1595 1463 1598 1463 1663 1446 1684 1463 1691 1470 1691 1473 1694 1473 1697 1473 1701 1473 1745 1466 1828 1449 2082 1449 2171 1473 2185 1476 2188 1476 2191 1480 2397 1480 2404 1422 2401 1380 854 1363 854 1401"/></Shape>
	    <String CONTENT="פרק י&#39;א&#39; בית שנסדק טומאה בחוץ כלים שבחוץ בית שמיי"
                    HPOS="850"
                    VPOS="1363"
                    WIDTH="1554"
                    HEIGHT="117"></String>
          </TextLine>

          
          
          <TextLine ID="eSc_line_1887059"
                    
                    BASELINE="620 1483 1502 1490 1756 1500 1920 1497 2051 1504" 
                    HPOS="613"
                    VPOS="1425"
                    WIDTH="1434"
                    HEIGHT="106">
            <Shape><Polygon POINTS="617 1480 613 1531 2040 1531 2047 1500 2047 1459 1938 1435 1934 1435 1931 1435 1872 1456 1869 1456 1804 1439 1800 1439 1797 1439 1721 1456 1711 1456 1656 1452 1320 1435 1317 1435 1073 1449 1035 1449 1022 1449 895 1425 891 1425 617 1442 617 1480"/></Shape>
	    <String CONTENT="אומ&#39; עד שיהא בסדק ארבעה טפחים בית הלל אומרי&#39; כל שהוא"
                    HPOS="613"
                    VPOS="1425"
                    WIDTH="1434"
                    HEIGHT="106"></String>
          </TextLine>

          
          
          <TextLine ID="eSc_line_1887066"
                    
                    BASELINE="648 1548 744 1559 1049 1569 2339 1569 2428 1579" 
                    HPOS="641"
                    VPOS="1524"
                    WIDTH="1784"
                    HEIGHT="86">
            <Shape><Polygon POINTS="644 1545 641 1593 2414 1610 2425 1576 2421 1531 644 1524 644 1545"/></Shape>
	    <String CONTENT="ר&#39; יוסי אומ&#39; משם בית הלל פותח טפח ˙˙ ב&#39; אכסדרה שנסדקה טומאה"
                    HPOS="641"
                    VPOS="1524"
                    WIDTH="1784"
                    HEIGHT="86"></String>
          </TextLine>

          
          
          <TextLine ID="eSc_line_1887053"
                    
                    BASELINE="665 1637 1691 1644 1817 1651 2325 1644 2425 1655" 
                    HPOS="658"
                    VPOS="1589"
                    WIDTH="1763"
                    HEIGHT="96">
            <Shape><Polygon POINTS="662 1634 658 1668 2411 1685 2421 1651 2418 1610 1680 1610 1663 1607 1574 1589 1571 1589 662 1600 662 1634"/></Shape>
	    <String CONTENT="בצד זה כלים שבצד השני טהורים נתן את רגלו או קנה מלמעלן ערב"
                    HPOS="658"
                    VPOS="1589"
                    WIDTH="1763"
                    HEIGHT="96"></String>
          </TextLine>

          
          
          <TextLine ID="eSc_line_1887054"
                    
                    BASELINE="620 1699 836 1720 1721 1716 1862 1723 2390 1723" 
                    HPOS="613"
                    VPOS="1675"
                    WIDTH="1774"
                    HEIGHT="96">
            <Shape><Polygon POINTS="617 1696 613 1747 799 1771 802 1771 806 1771 864 1754 1107 1771 1111 1771 1114 1771 1176 1754 1368 1771 1372 1771 1375 1771 1433 1754 1471 1771 1474 1771 1478 1771 1608 1754 1667 1771 1670 1771 1673 1771 1677 1771 1728 1754 2068 1771 2071 1771 2075 1771 2112 1754 2212 1771 2215 1771 2219 1771 2253 1754 2332 1771 2335 1771 2339 1771 2383 1751 2387 1720 2383 1679 617 1675 617 1696"/></Shape>
	    <String CONTENT="את הטומאה נתן את הקנה בארץ אינו מביא את הטומאה עד שיהא גובה מן האר(ץ)"
                    HPOS="613"
                    VPOS="1675"
                    WIDTH="1774"
                    HEIGHT="96"></String>
          </TextLine>

          
          
          <TextLine ID="eSc_line_1887060"
                    
                    BASELINE="620 1792 1409 1792 2407 1802" 
                    HPOS="613"
                    VPOS="1737"
                    WIDTH="1791"
                    HEIGHT="96">
            <Shape><Polygon POINTS="617 1788 613 1826 2394 1833 2404 1799 2401 1768 2270 1747 2267 1747 1948 1764 1907 1764 1900 1764 1835 1744 1831 1744 1828 1744 1560 1761 1547 1761 1529 1761 1255 1740 1252 1740 854 1757 816 1757 809 1757 744 1737 740 1737 737 1737 617 1754 617 1788"/></Shape>
	    <String CONTENT="פותח טפח ˙˙ ג&#39; סגום עבי וכופת עבי אינן מביאים את הטומאה עד שיהוא"
                    HPOS="613"
                    VPOS="1737"
                    WIDTH="1791"
                    HEIGHT="96"></String>
          </TextLine>

          
          
          <TextLine ID="eSc_line_1887055"
                    
                    BASELINE="644 1860 847 1860 1176 1870 1852 1867 2016 1874 2377 1874" 
                    HPOS="638"
                    VPOS="1805"
                    WIDTH="1735"
                    HEIGHT="117">
            <Shape><Polygon POINTS="641 1857 638 1898 933 1898 936 1898 957 1915 960 1915 963 1915 967 1915 1155 1901 1173 1901 1176 1901 1200 1918 1203 1918 1207 1918 1210 1922 1210 1918 1214 1918 1217 1918 1241 1901 1245 1901 1265 1901 1423 1918 1426 1918 1430 1918 1485 1905 1502 1901 1516 1905 1553 1918 1557 1918 1560 1918 1749 1908 1862 1901 2366 1912 2373 1870 2370 1836 1615 1836 1591 1833 1173 1805 1169 1805 641 1829 641 1857"/></Shape>
	    <String CONTENT="גבוהים מן הארץ פותח טפח קפילים זו על גבי זו אינן מביאות את"
                    HPOS="638"
                    VPOS="1805"
                    WIDTH="1735"
                    HEIGHT="117"></String>
          </TextLine>

          
          
          <TextLine ID="eSc_line_1887067"
                    
                    BASELINE="634 1936 744 1932 888 1939 1241 1939 1732 1953 2404 1946" 
                    HPOS="627"
                    VPOS="1888"
                    WIDTH="1774"
                    HEIGHT="99">
            <Shape><Polygon POINTS="631 1932 627 1984 2394 1987 2401 1942 2397 1908 1409 1908 1402 1905 1324 1888 1320 1888 631 1901 631 1932"/></Shape>
	    <String CONTENT="הטומאה עד שתהא העליונה גבוהה מן הארץ פותח טפח היה אדם נתון שם בית"
                    HPOS="627"
                    VPOS="1888"
                    WIDTH="1774"
                    HEIGHT="99"></String>
          </TextLine>

          
          
          <TextLine ID="eSc_line_1887068"
                    
                    BASELINE="627 2004 1186 2021 2305 2021 2397 2011" 
                    HPOS="620"
                    VPOS="1956"
                    WIDTH="1774"
                    HEIGHT="96">
            <Shape><Polygon POINTS="624 2001 620 2049 2387 2052 2394 2008 2390 1980 1550 1980 1547 1977 1533 1963 1533 1960 1529 1960 1526 1960 1522 1960 1519 1960 1457 1973 1447 1977 1440 1973 1399 1960 1396 1960 1392 1960 1389 1960 1344 1973 1334 1977 1313 1973 1224 1960 1221 1960 929 1973 888 1973 884 1973 854 1956 850 1956 847 1956 624 1970 624 2001"/></Shape>
	    <String CONTENT="שמיי אומ&#39; אינו מביא את הטומאה בית הלל אומ&#39; אדם חלול הוא והצד העליון [מ/]"
                    HPOS="620"
                    VPOS="1956"
                    WIDTH="1774"
                    HEIGHT="96"></String>
          </TextLine>

          
          
          <TextLine ID="eSc_line_1887061"
                    
                    BASELINE="638 2083 747 2079 1042 2093 1385 2093 1769 2103 2421 2103" 
                    HPOS="631"
                    VPOS="2038"
                    WIDTH="1787"
                    HEIGHT="110">
            <Shape><Polygon POINTS="634 2079 631 2127 2112 2148 2116 2148 2414 2131 2418 2100 2414 2069 2260 2049 2257 2049 2161 2066 2150 2066 2140 2066 2051 2045 2047 2045 1450 2056 1354 2038 1351 2038 634 2049 634 2079"/></Shape>
	    <String CONTENT="מביא את הטומאה ˙˙ ד&#39; היה משקיף בעד החלון והאהיל על קוברי המת בית"
                    HPOS="631"
                    VPOS="2038"
                    WIDTH="1787"
                    HEIGHT="110"></String>
          </TextLine>

          
          
          <TextLine ID="eSc_line_1887056"
                    
                    BASELINE="672 2175 823 2169 1337 2169 1560 2175 2339 2175 2435 2165" 
                    HPOS="665"
                    VPOS="2114"
                    WIDTH="1766"
                    HEIGHT="92">
            <Shape><Polygon POINTS="668 2172 668 2206 2428 2199 2431 2162 2428 2138 2198 2117 2195 2117 2109 2134 2023 2117 2020 2117 1571 2134 1354 2114 1351 2114 970 2131 730 2114 727 2114 723 2114 665 2134 668 2172"/></Shape>
	    <String CONTENT="שמיי אומ&#39; אינו מביא את הטומאה בית הלל אומ&#39; מביא את הטומאה [ומ/]"
                    HPOS="665"
                    VPOS="2114"
                    WIDTH="1766"
                    HEIGHT="92"></String>
          </TextLine>

          
          
          <TextLine ID="eSc_line_1887057"
                    
                    BASELINE="624 2227 723 2237 1574 2254 2054 2254 2394 2244" 
                    HPOS="617"
                    VPOS="2182"
                    WIDTH="1773"
                    HEIGHT="113">
            <Shape><Polygon POINTS="620 2223 617 2268 1471 2295 1474 2295 2387 2285 2390 2241 2390 2220 1999 2193 1996 2193 1872 2213 1866 2213 1862 2213 1783 2189 1780 2189 1776 2189 1495 2210 1478 2210 1468 2210 1354 2186 1351 2186 1238 2206 1169 2182 1166 2182 1162 2182 1159 2182 1111 2203 747 2203 730 2186 730 2182 727 2182 723 2182 720 2182 620 2199 620 2223"/></Shape>
	    <String CONTENT="ומודים שאם היה לבוש בכליו או שהיו שנים זה על גבי זה שהן מביאין את הטומא(ה) ˙˙"
                    HPOS="617"
                    VPOS="2182"
                    WIDTH="1773"
                    HEIGHT="113"></String>
          </TextLine>

          
          
          <TextLine ID="eSc_line_1887058"
                    
                    BASELINE="579 2309 1001 2323 2383 2323" 
                    HPOS="572"
                    VPOS="2268"
                    WIDTH="1808"
                    HEIGHT="103">
            <Shape><Polygon POINTS="610 2292 607 2278 576 2278 576 2306 572 2347 644 2367 648 2367 651 2367 933 2350 946 2350 963 2350 1276 2371 1279 2371 2377 2354 2380 2319 2380 2289 2071 2268 2068 2268 613 2278 610 2292"/></Shape>
	    <String CONTENT="ה&#39; היה מוטל על האסקופה והאהילו עליו קוברי המת בית שמיי אומ&#39; אינו"
                    HPOS="572"
                    VPOS="2268"
                    WIDTH="1808"
                    HEIGHT="103"></String>
          </TextLine>

          
          
          <TextLine ID="eSc_line_1887062"
                    
                    BASELINE="610 2374 792 2391 967 2388 1440 2398 2315 2405" 
                    HPOS="603"
                    VPOS="2347"
                    WIDTH="1708"
                    HEIGHT="103">
            <Shape><Polygon POINTS="607 2371 603 2412 737 2436 740 2436 1159 2422 1498 2446 1502 2446 1680 2429 2116 2450 2119 2450 2305 2432 2311 2402 2308 2364 607 2347 607 2371"/></Shape>
	    <String CONTENT="מביא את הטומאה ובית הלל אומ&#39; מביא את הטומאה הטומאה בבית והאהיל(ו)"
                    HPOS="603"
                    VPOS="2347"
                    WIDTH="1708"
                    HEIGHT="103"></String>
          </TextLine>

          
          
          <TextLine ID="eSc_line_1887045"
                    
                    BASELINE="675 2467 1245 2463 1979 2470 2387 2460" 
                    HPOS="668"
                    VPOS="2408"
                    WIDTH="1715"
                    HEIGHT="93">
            <Shape><Polygon POINTS="672 2463 672 2501 2380 2494 2383 2456 2380 2429 2322 2408 2318 2408 2315 2408 2191 2432 1653 2432 1533 2408 1529 2408 1444 2426 1145 2408 1142 2408 1138 2408 1073 2429 994 2408 991 2408 987 2408 668 2429 672 2463"/></Shape>
	    <String CONTENT="עליו טהורים בית שמיי מטהרים ובית הלל מטמאים ˙˙ ו&#39; כלב שאכל בשר"
                    HPOS="668"
                    VPOS="2408"
                    WIDTH="1715"
                    HEIGHT="93"></String>
          </TextLine>

          
          
          <TextLine ID="eSc_line_1887040"
                    
                    BASELINE="644 2532 905 2546 1337 2542 1817 2556 2119 2556 2377 2546" 
                    HPOS="638"
                    VPOS="2487"
                    WIDTH="1735"
                    HEIGHT="96">
            <Shape><Polygon POINTS="641 2528 638 2570 2366 2583 2373 2542 2370 2515 1474 2491 1471 2491 1337 2504 1327 2504 1324 2504 1279 2487 1276 2487 1272 2487 641 2498 641 2528"/></Shape>
	    <String CONTENT="המת ומת ומוטל על האסקופה ר&#39; מאיר אומ&#39; אם יש שם בצוארו פותח טפ(ח)"
                    HPOS="638"
                    VPOS="2487"
                    WIDTH="1735"
                    HEIGHT="96"></String>
          </TextLine>

          
          
          <TextLine ID="eSc_line_1887041"
                    
                    BASELINE="579 2590 806 2614 1221 2614 1667 2624 2411 2617" 
                    HPOS="572"
                    VPOS="2573"
                    WIDTH="1835"
                    HEIGHT="99">
            <Shape><Polygon POINTS="576 2587 572 2641 727 2662 730 2662 734 2662 788 2645 792 2645 998 2662 1001 2662 1005 2662 1049 2645 1053 2645 1059 2645 1176 2665 1179 2665 1660 2652 1735 2669 1739 2669 1742 2672 2301 2672 2301 2669 2404 2648 2407 2614 2407 2580 576 2573 576 2587"/></Shape>
	    <String CONTENT="מביא את הטומאה ואם לאו אינו מביא את הטומאה ר&#39; יוסי אומ&#39; רואים את הטומא(ה)"
                    HPOS="572"
                    VPOS="2573"
                    WIDTH="1835"
                    HEIGHT="99"></String>
          </TextLine>

          
          
          <TextLine ID="eSc_line_1887042"
                    
                    BASELINE="620 2693 922 2689 1118 2696 1869 2700 2329 2700 2428 2689" 
                    HPOS="613"
                    VPOS="2638"
                    WIDTH="1812"
                    HEIGHT="110">
            <Shape><Polygon POINTS="617 2689 613 2720 751 2744 754 2744 758 2744 806 2727 1128 2744 1131 2748 1553 2748 1553 2744 1557 2744 1595 2727 2260 2744 2263 2744 2421 2724 2425 2686 2421 2659 1409 2659 1406 2655 1365 2638 1361 2638 1358 2638 617 2652 617 2689"/></Shape>
	    <String CONTENT="מכנגד המשקוף ולפנים הבית טמא מכנגד המשקוף ולחוץ הבית טהור ר&#39; ליעזר"
                    HPOS="613"
                    VPOS="2638"
                    WIDTH="1812"
                    HEIGHT="110"></String>
          </TextLine>

          
          
          <TextLine ID="eSc_line_1887039"
                    
                    BASELINE="648 2751 888 2765 1540 2765 1776 2775 2277 2768 2418 2772" 
                    HPOS="641"
                    VPOS="2710"
                    WIDTH="1773"
                    HEIGHT="113">
            <Shape><Polygon POINTS="644 2748 641 2796 785 2820 788 2820 792 2820 836 2799 888 2820 891 2820 895 2820 898 2820 974 2799 998 2820 1001 2820 1005 2820 1008 2823 1077 2823 1077 2820 1080 2820 1083 2820 1083 2816 1104 2799 1111 2799 1286 2820 1289 2820 1293 2820 1358 2799 1365 2799 1368 2799 1423 2816 1426 2816 1430 2816 1543 2803 1564 2820 1564 2823 1567 2823 1571 2823 1574 2823 1577 2823 1649 2806 1728 2823 1732 2823 1903 2803 1910 2803 1917 2803 2030 2823 2034 2823 2407 2803 2414 2768 2411 2731 1361 2710 1358 2710 644 2724 644 2748"/></Shape>
	    <String CONTENT="אומ&#39; פיו בפנים הבית טהור פיו לחוץ הבית טמא שהטומאה יוצא דרך שוליו ר&#39;"
                    HPOS="641"
                    VPOS="2710"
                    WIDTH="1773"
                    HEIGHT="113"></String>
          </TextLine>

          
          
          <TextLine ID="eSc_line_1887043"
                    
                    BASELINE="658 2847 1056 2844 1704 2850 1879 2857 2401 2857" 
                    HPOS="651"
                    VPOS="2809"
                    WIDTH="1746"
                    HEIGHT="103">
            <Shape><Polygon POINTS="655 2844 651 2885 689 2902 692 2902 696 2902 699 2902 758 2885 778 2881 1186 2881 1193 2885 1231 2905 1234 2905 1238 2909 1354 2909 1354 2905 1529 2885 1547 2885 1550 2885 1574 2905 1577 2905 1581 2905 1742 2909 1745 2912 1869 2912 1869 2909 1872 2909 1876 2909 1903 2888 2136 2909 2140 2909 2394 2885 2397 2854 2394 2816 655 2809 655 2844"/></Shape>
	    <String CONTENT="יהודה בן בתירה אומ&#39; בין כך ובין כך הבית טמא ˙˙ ז&#39; כמה תשהא במיעיו"
                    HPOS="651"
                    VPOS="2809"
                    WIDTH="1746"
                    HEIGHT="103"></String>
          </TextLine>

          
          
          <TextLine ID="eSc_line_1887044"
                    
                    BASELINE="613 2926 953 2922 1488 2933 2414 2926" 
                    HPOS="610"
                    VPOS="2874"
                    WIDTH="1801"
                    HEIGHT="110">
            <Shape><Polygon POINTS="610 2922 610 2967 2353 2984 2356 2984 2359 2984 2411 2960 2411 2922 2407 2895 2318 2874 2315 2874 2311 2874 2308 2874 2260 2898 1989 2898 1924 2874 1920 2874 1917 2874 1914 2874 1910 2874 1872 2898 1653 2898 1389 2874 1385 2874 1272 2892 1217 2874 1214 2874 902 2874 898 2874 895 2874 850 2892 713 2874 710 2874 706 2874 613 2898 610 2922"/></Shape>
	    <String CONTENT="שלשה ימים מעת לעת בעופות ובדגים כדי שתיפול לאור ותשרף דברי ר&#39;"
                    HPOS="610"
                    VPOS="2874"
                    WIDTH="1801"
                    HEIGHT="110"></String>
          </TextLine>

          
          
          <TextLine ID="eSc_line_1887046"
                    
                    BASELINE="589 2998 857 3008 1763 3022 2058 3022 2359 3012" 
                    HPOS="583"
                    VPOS="2950"
                    WIDTH="1773"
                    HEIGHT="137">
            <Shape><Polygon POINTS="586 2994 583 3042 644 3066 648 3066 651 3066 655 3066 703 3046 727 3066 727 3070 730 3070 734 3070 867 3073 871 3073 874 3073 946 3049 981 3073 984 3073 987 3073 991 3073 1111 3049 1118 3049 1135 3049 1608 3080 1612 3080 1615 3080 1680 3056 2085 3087 2088 3087 2353 3060 2356 3008 2353 2977 1276 2977 1252 2970 1138 2953 1135 2953 1131 2953 1128 2953 1107 2970 1032 2953 1029 2953 1025 2953 1022 2953 1005 2970 1001 2974 836 2974 826 2970 747 2950 744 2950 740 2950 586 2967 586 2994"/></Shape>
	    <String CONTENT="שמעון ר&#39; יהודה בן בתירה אומ&#39; בעופות ובדגים מעת לעת ˙˙ ח&#39; החדות שבבי(ת)"
                    HPOS="583"
                    VPOS="2950"
                    WIDTH="1773"
                    HEIGHT="137"></String>
          </TextLine>

          
        </TextBlock>
        

        
      </PrintSpace>
    </Page>
  </Layout>
</alto>
