<?xml version="1.0" encoding="UTF-8"?>
<alto xmlns:xsi="http://www.w3.org/2001/XMLSchema-instance"
      xmlns="http://www.loc.gov/standards/alto/ns-v4#"
      xsi:schemaLocation="http://www.loc.gov/standards/alto/ns-v4# http://www.loc.gov/standards/alto/v4/alto-4-2.xsd">
  <Description>
    <MeasurementUnit>pixel</MeasurementUnit>
    <sourceImageInformation>
      <fileName>MS-ADD-00470-00001-000-00391.jpg</fileName>
      
    </sourceImageInformation>
  </Description>
  
  <Tags>
    <OtherTag ID="BT2" LABEL="Main" DESCRIPTION="block type Main"/><OtherTag ID="BT835" LABEL="Margin" DESCRIPTION="block type Margin"/><OtherTag ID="BT1" LABEL="Title" DESCRIPTION="block type Title"/><OtherTag ID="BT3" LABEL="Commentary" DESCRIPTION="block type Commentary"/><OtherTag ID="BT4" LABEL="Illustration" DESCRIPTION="block type Illustration"/><OtherTag ID="BT836" LABEL="Paratext" DESCRIPTION="block type Paratext"/>
    <OtherTag ID="LT2" LABEL="Numbering" DESCRIPTION="line type Numbering"/><OtherTag ID="LT3" LABEL="Correction" DESCRIPTION="line type Correction"/>
  </Tags>
  
  <Layout>
    <Page WIDTH="2775"
          HEIGHT="4112"
          PHYSICAL_IMG_NR="386"
          ID="eSc_dummypage_">
      <PrintSpace HPOS="0"
                  VPOS="0"
                  WIDTH="2775"
                  HEIGHT="4112">
        
        <TextBlock HPOS="674.0"
                   VPOS="676.0"
                   WIDTH="1845.0"
                   HEIGHT="2458.0"
                   ID="eSc_textblock_6936"
                   TAGREFS="BT2">
          <Shape><Polygon POINTS="674 676 2519 676 2519 3134 674 3134"/></Shape>
          
          
          <TextLine ID="eSc_line_1886004"
                    
                    BASELINE="703 788 2455 798" 
                    HPOS="696"
                    VPOS="729"
                    WIDTH="1756"
                    HEIGHT="113">
            <Shape><Polygon POINTS="699 784 696 818 747 839 751 839 754 839 1245 825 1330 842 1334 842 2445 829 2452 794 2449 753 2287 736 2284 736 2281 736 2236 753 2229 753 2226 753 2195 736 2191 736 2188 736 2185 736 2154 753 2150 753 2130 736 2126 736 2123 736 2119 736 1979 753 1903 760 1893 753 1872 736 1872 733 1869 733 1866 733 1749 733 1745 733 1742 733 1739 733 1739 736 1721 753 1718 753 1697 753 1591 740 1588 740 1584 740 1581 740 1567 753 1557 760 1313 760 1293 753 1227 729 1224 729 1221 729 1217 729 1152 753 699 753 699 784"/></Shape>
	    <String CONTENT="והחידוד מכריעו טהור ניטלה אוזן נשבר החדוד טהור ר&#39; יהודה מטמא חבית"
                    HPOS="696"
                    VPOS="729"
                    WIDTH="1756"
                    HEIGHT="113"></String>
          </TextLine>

          
          
          <TextLine ID="eSc_line_1886005"
                    
                    BASELINE="696 863 1183 873 1474 884 2287 880 2473 866" 
                    HPOS="689"
                    VPOS="815"
                    WIDTH="1780"
                    HEIGHT="117">
            <Shape><Polygon POINTS="692 860 689 908 1059 908 1063 908 1121 925 1125 925 1128 925 1282 911 1303 928 1306 928 1310 928 1313 932 1817 932 1817 928 1821 928 1824 928 1852 911 1896 928 1900 928 1903 928 2157 911 2329 928 2332 928 2466 908 2469 863 2466 842 1838 818 1835 818 1667 839 1660 839 1649 839 1492 818 1488 818 1485 818 1420 839 1416 839 1382 818 1378 818 1375 818 1372 818 1217 839 1203 839 1190 839 1056 815 1053 815 1049 815 1046 815 1011 836 802 818 799 818 692 836 692 860"/></Shape>
	    <String CONTENT="שנפחתה והיא מקבלת על דפנותיה או שנחלקה כמין שני עריבות ר&#39; יהודה מטהר"
                    HPOS="689"
                    VPOS="815"
                    WIDTH="1780"
                    HEIGHT="117"></String>
          </TextLine>

          
          
          <TextLine ID="eSc_line_1886006"
                    
                    BASELINE="699 942 1114 952 1320 949 1502 956 1773 949 2466 952" 
                    HPOS="692"
                    VPOS="897"
                    WIDTH="1770"
                    HEIGHT="100">
            <Shape><Polygon POINTS="696 938 692 976 912 997 915 997 2455 993 2462 949 2459 921 1745 901 1742 901 1488 914 1450 914 1433 914 1306 897 1303 897 696 908 696 938"/></Shape>
	    <String CONTENT="וחכמי&#39; מטמים ˙˙ ב&#39; חבית שנתרעעה ואינה יכולה לעמוד בחצי קב גרוגרות"
                    HPOS="692"
                    VPOS="897"
                    WIDTH="1770"
                    HEIGHT="100"></String>
          </TextLine>

          
          
          <TextLine ID="eSc_line_1886007"
                    
                    BASELINE="710 1014 799 1024 1276 1034 1612 1031 2445 1034" 
                    HPOS="703"
                    VPOS="966"
                    WIDTH="1739"
                    HEIGHT="113">
            <Shape><Polygon POINTS="706 1010 703 1051 1488 1079 1492 1079 2435 1065 2442 1031 2438 997 1968 997 1962 993 1910 976 1907 976 1903 976 1536 990 1495 990 1492 990 1454 969 1450 969 1447 969 1361 986 1121 969 1118 969 905 983 867 966 864 966 860 966 706 983 706 1010"/></Shape>
	    <String CONTENT="טהורה גיסטרה שנתרעעה ואינה מקבלת משקים אף על פי שמקבלת"
                    HPOS="703"
                    VPOS="966"
                    WIDTH="1739"
                    HEIGHT="113"></String>
          </TextLine>

          
          
          <TextLine ID="eSc_line_1886008"
                    
                    BASELINE="682 1099 891 1096 1502 1110 1927 1099 2459 1106" 
                    HPOS="675"
                    VPOS="1041"
                    WIDTH="1780"
                    HEIGHT="120">
            <Shape><Polygon POINTS="679 1096 675 1130 816 1151 819 1151 823 1151 888 1134 898 1134 905 1134 984 1151 987 1151 1056 1137 1077 1134 1114 1137 1265 1154 1269 1158 1533 1158 1533 1154 1536 1154 1560 1141 1567 1137 1574 1144 1591 1158 1595 1158 1598 1158 1601 1158 1680 1144 1718 1137 1732 1144 1752 1158 1756 1158 1759 1158 1763 1158 1766 1158 1793 1144 1814 1137 1838 1144 1876 1158 1879 1158 1883 1158 1951 1147 1989 1141 1999 1147 2013 1161 2016 1161 2020 1161 2023 1161 2027 1161 2078 1147 2112 1141 2445 1151 2455 1103 2449 1051 2363 1072 2301 1051 2298 1051 2294 1051 2284 1051 2143 1065 2054 1051 2020 1048 2016 1048 1924 1051 1691 1069 1673 1055 1667 1048 1663 1048 1660 1048 1656 1048 1653 1048 1639 1055 1612 1069 1169 1069 1142 1058 1094 1041 1090 1041 1087 1041 679 1058 679 1096"/></Shape>
	    <String CONTENT="אכלים טהורה שאין שירין לשירין ˙˙ ג&#39; אי זו היא גסטרה כל שנטלו אזניה היו בה"
                    HPOS="675"
                    VPOS="1041"
                    WIDTH="1780"
                    HEIGHT="120"></String>
          </TextLine>

          
          
          <TextLine ID="eSc_line_1886009"
                    
                    BASELINE="686 1165 775 1175 1313 1171 2085 1182 2483 1175" 
                    HPOS="679"
                    VPOS="1137"
                    WIDTH="1801"
                    HEIGHT="76">
            <Shape><Polygon POINTS="682 1161 679 1213 2476 1209 2480 1171 2480 1144 682 1137 682 1161"/></Shape>
	    <String CONTENT="חדודים יוצאים כל המקבל עמה בזיתים מטמא במגע וכנגדו מטמא"
                    HPOS="679"
                    VPOS="1137"
                    WIDTH="1801"
                    HEIGHT="76"></String>
          </TextLine>

          
          
          <TextLine ID="eSc_line_1886010"
                    
                    BASELINE="723 1247 874 1247 1001 1254 1643 1250 2449 1254" 
                    HPOS="716"
                    VPOS="1213"
                    WIDTH="1729"
                    HEIGHT="72">
            <Shape><Polygon POINTS="720 1243 716 1285 2438 1285 2445 1250 2442 1213 720 1213 720 1243"/></Shape>
	    <String CONTENT="באויר וכל שאינו מקבל עמה בזיתים מטמא במגע ואין כנגדו מטמא באויר [היי/]"
                    HPOS="716"
                    VPOS="1213"
                    WIDTH="1729"
                    HEIGHT="72"></String>
          </TextLine>

          
          
          <TextLine ID="eSc_line_1886011"
                    
                    BASELINE="679 1315 1605 1336 2305 1336 2476 1326" 
                    HPOS="672"
                    VPOS="1267"
                    WIDTH="1801"
                    HEIGHT="120">
            <Shape><Polygon POINTS="675 1312 672 1353 1104 1377 1107 1377 1111 1377 1155 1360 1159 1360 1492 1380 1495 1380 1691 1367 1711 1384 1715 1384 1718 1384 1721 1384 2010 1370 2037 1387 2040 1387 2044 1387 2047 1387 2469 1367 2473 1322 2473 1302 2425 1285 2421 1285 2418 1285 1996 1298 1965 1298 1962 1298 1931 1278 1927 1278 1924 1278 1920 1278 1444 1291 1413 1291 1389 1291 1032 1267 1029 1267 679 1281 675 1312"/></Shape>
	    <String CONTENT="היתה מוטה על צידה כמין קתדרה כל המקבל עמה בזתים מטמא במגע וכנגדו"
                    HPOS="672"
                    VPOS="1267"
                    WIDTH="1801"
                    HEIGHT="120"></String>
          </TextLine>

          
          
          <TextLine ID="eSc_line_1886012"
                    
                    BASELINE="696 1404 1255 1404 1605 1398 1893 1404 2359 1404 2466 1394" 
                    HPOS="689"
                    VPOS="1367"
                    WIDTH="1773"
                    HEIGHT="85">
            <Shape><Polygon POINTS="692 1401 692 1439 2250 1452 2253 1452 2459 1432 2462 1391 2455 1367 689 1367 692 1401"/></Shape>
	    <String CONTENT="מטמא באויר וכל שאינו מקבל עמה בזתים מטמא במגע וכנגדו מטמא באויר"
                    HPOS="689"
                    VPOS="1367"
                    WIDTH="1773"
                    HEIGHT="85"></String>
          </TextLine>

          
          
          <TextLine ID="eSc_line_1886013"
                    
                    BASELINE="699 1470 871 1480 1721 1480 1893 1487 2459 1476" 
                    HPOS="692"
                    VPOS="1425"
                    WIDTH="1763"
                    HEIGHT="96">
            <Shape><Polygon POINTS="696 1466 696 1521 2452 1521 2455 1473 2452 1446 2068 1446 2027 1425 2023 1425 2020 1425 2016 1425 2013 1425 1982 1446 1975 1449 1838 1449 1835 1446 1821 1432 1821 1428 1817 1428 1814 1428 1632 1428 1629 1428 1625 1428 1622 1428 1605 1446 1598 1446 1547 1428 1543 1428 1540 1428 1420 1446 1396 1449 1059 1449 1053 1446 1022 1428 1018 1428 1015 1428 692 1442 696 1466"/></Shape>
	    <String CONTENT="היתה מוטה על צידה כמין קתדרה כל המקבל עמה בזיתים מטמא במגע וכנגדו"
                    HPOS="692"
                    VPOS="1425"
                    WIDTH="1763"
                    HEIGHT="96"></String>
          </TextLine>

          
          
          <TextLine ID="eSc_line_1886014"
                    
                    BASELINE="740 1559 1684 1569 2452 1555" 
                    HPOS="734"
                    VPOS="1524"
                    WIDTH="1715"
                    HEIGHT="86">
            <Shape><Polygon POINTS="737 1555 737 1593 1866 1610 1869 1610 1965 1593 1968 1593 1972 1593 2078 1610 2082 1610 2085 1610 2147 1593 2274 1610 2277 1610 2445 1589 2449 1552 2445 1524 734 1524 737 1555"/></Shape>
	    <String CONTENT="מטמא באויר וכל שאינו מקבל עמה בזתים מטמא במגע וכנגדו מטמא באויר"
                    HPOS="734"
                    VPOS="1524"
                    WIDTH="1715"
                    HEIGHT="86"></String>
          </TextLine>

          
          
          <TextLine ID="eSc_line_1886015"
                    
                    BASELINE="665 1644 795 1634 1639 1651 1951 1651 2480 1637" 
                    HPOS="658"
                    VPOS="1593"
                    WIDTH="1818"
                    HEIGHT="103">
            <Shape><Polygon POINTS="662 1641 658 1675 1845 1696 1848 1696 2236 1679 2390 1696 2394 1696 2397 1696 2473 1675 2476 1634 2476 1613 2394 1593 2390 1593 662 1600 662 1641"/></Shape>
	    <String CONTENT="וכל שאינו מקבל עמה בזתים מטמא במגע ואין כנגדו מטמא באויר שולי קורפיות"
                    HPOS="658"
                    VPOS="1593"
                    WIDTH="1818"
                    HEIGHT="103"></String>
          </TextLine>

          
          
          <TextLine ID="eSc_line_1886016"
                    
                    BASELINE="686 1696 857 1709 1677 1713 1886 1720 2342 1716 2480 1696" 
                    HPOS="679"
                    VPOS="1655"
                    WIDTH="1797"
                    HEIGHT="109">
            <Shape><Polygon POINTS="682 1692 679 1737 751 1757 754 1757 758 1757 1149 1744 1186 1761 1190 1761 1193 1764 1632 1764 1632 1761 1636 1761 1691 1744 1759 1761 1763 1761 1766 1764 2380 1764 2380 1761 2473 1740 2476 1692 2473 1675 1018 1675 1001 1672 895 1655 891 1655 682 1668 682 1692"/></Shape>
	    <String CONTENT="שולי קוסים הצדניים אף על פי שאינן יכולים לישב שלא מסומכים טמאים שלכן נע(שו)"
                    HPOS="679"
                    VPOS="1655"
                    WIDTH="1797"
                    HEIGHT="109"></String>
          </TextLine>

          
          
          <TextLine ID="eSc_line_1886017"
                    
                    BASELINE="613 1771 713 1771 960 1788 1135 1785 1265 1792 2075 1792 2466 1778" 
                    HPOS="607"
                    VPOS="1727"
                    WIDTH="1855"
                    HEIGHT="113">
            <Shape><Polygon POINTS="610 1768 610 1816 946 1836 950 1836 1049 1819 1107 1836 1111 1836 1114 1836 1118 1836 1176 1819 1461 1836 1464 1840 2016 1840 2016 1836 2020 1836 2075 1819 2095 1836 2099 1836 2102 1836 2106 1840 2329 1840 2329 1836 2462 1816 2462 1775 2459 1751 2133 1751 2126 1747 2044 1727 2040 1727 2037 1727 2034 1727 2030 1727 1999 1747 1996 1751 1804 1751 1797 1744 1756 1727 1752 1727 1749 1727 1581 1744 1567 1744 607 1740 610 1768"/></Shape>
	    <String CONTENT="מתחילתן ˙˙ ד&#39; כלי חרס שיש לו שלש ספיות הפנימית עודפת הכל טהור החיצו(נה)"
                    HPOS="607"
                    VPOS="1727"
                    WIDTH="1855"
                    HEIGHT="113"></String>
          </TextLine>

          
          
          <TextLine ID="eSc_line_1886018"
                    
                    BASELINE="689 1860 1413 1860 1838 1870 2462 1864" 
                    HPOS="682"
                    VPOS="1805"
                    WIDTH="1777"
                    HEIGHT="100">
            <Shape><Polygon POINTS="686 1857 682 1905 2455 1894 2459 1860 2455 1829 2315 1809 2311 1809 2308 1809 2253 1826 2233 1805 2229 1805 2226 1805 2222 1805 2119 1829 1601 1829 1296 1805 1293 1805 686 1826 686 1857"/></Shape>
	    <String CONTENT="עודפת הכל טמא האמצעית עודפת ממנה ולפנים טמא ממנה ולחוץ טהור"
                    HPOS="682"
                    VPOS="1805"
                    WIDTH="1777"
                    HEIGHT="100"></String>
          </TextLine>

          
          
          <TextLine ID="eSc_line_1886019"
                    
                    BASELINE="672 1936 1917 1936 2167 1942 2377 1942 2476 1932" 
                    HPOS="665"
                    VPOS="1881"
                    WIDTH="1808"
                    HEIGHT="106">
            <Shape><Polygon POINTS="668 1932 665 1966 734 1987 737 1987 740 1987 744 1987 778 1970 891 1987 895 1987 898 1987 902 1987 902 1984 919 1970 1289 1970 1313 1987 1317 1987 1320 1987 1324 1987 1327 1987 1389 1970 1437 1987 1440 1987 1444 1987 1447 1987 1481 1970 1646 1987 1649 1987 2469 1966 2473 1929 2469 1901 764 1881 761 1881 682 1894 668 1932"/></Shape>
	    <String CONTENT="היו שוות ר&#39; יהודה אומ&#39; חולקים את האמצעית וחכ&#39; אומ&#39; הכל טהור כלי חרס מאמתי"
                    HPOS="665"
                    VPOS="1881"
                    WIDTH="1808"
                    HEIGHT="106"></String>
          </TextLine>

          
          
          <TextLine ID="eSc_line_1886021"
                    
                    BASELINE="737 2021 836 2014 1258 2021 1766 2021 2466 2008" 
                    HPOS="730"
                    VPOS="1953"
                    WIDTH="1732"
                    HEIGHT="120">
            <Shape><Polygon POINTS="734 2018 734 2073 2462 2052 2462 2004 2459 1977 2294 1953 2291 1953 2287 1953 2284 1953 2260 1973 1468 1960 1464 1960 1262 1980 1162 1960 1159 1960 1155 1960 1080 1984 1073 1984 1056 1984 830 1963 826 1963 823 1963 819 1963 819 1966 799 1984 799 1987 730 1987 734 2018"/></Shape>
	    <String CONTENT="מקבלים טומאה משיצרפו בכבשן היא גמר מלאכתן ˙˙ הל&#39; ד&#39; ˙ פר&#39; ה&#39; ˙"
                    HPOS="730"
                    VPOS="1953"
                    WIDTH="1732"
                    HEIGHT="120"></String>
          </TextLine>

          
          
          <TextLine ID="eSc_line_1886022"
                    
                    BASELINE="1255 2097 2215 2093 2455 2100" 
                    HPOS="1248"
                    VPOS="2052"
                    WIDTH="1204"
                    HEIGHT="93">
            <Shape><Polygon POINTS="1252 2093 1252 2131 2442 2145 2452 2097 2449 2056 1248 2052 1252 2093"/></Shape>
	    <String CONTENT="תנור שתחילתו ארבעה ושיריו ארבעה דברי ר&#39; מאיר"
                    HPOS="1248"
                    VPOS="2052"
                    WIDTH="1204"
                    HEIGHT="93"></String>
          </TextLine>

          
          
          <TextLine ID="eSc_line_1886023"
                    
                    BASELINE="734 2165 1763 2165 1886 2172 2428 2162" 
                    HPOS="727"
                    VPOS="2107"
                    WIDTH="1698"
                    HEIGHT="110">
            <Shape><Polygon POINTS="730 2162 730 2199 1649 2217 1653 2217 1656 2217 1660 2217 1670 2210 1687 2199 2205 2213 2267 2213 2270 2213 2274 2213 2277 2213 2277 2210 2294 2196 2418 2213 2425 2158 2421 2131 2322 2110 2318 2110 2315 2110 2281 2127 2212 2114 2209 2114 1673 2131 1625 2131 1584 2131 936 2107 933 2107 727 2131 730 2162"/></Shape>
	    <String CONTENT="וחכמי&#39; אומ&#39; במה דברים אמורים בגדול אבל בקטן תחילתו כל שהוא ושיריו ורובו [מ/]"
                    HPOS="727"
                    VPOS="2107"
                    WIDTH="1698"
                    HEIGHT="110"></String>
          </TextLine>

          
          
          <TextLine ID="eSc_line_1886027"
                    
                    BASELINE="665 2210 761 2234 836 2241 1121 2237 1337 2244 2311 2241 2445 2230" 
                    HPOS="658"
                    VPOS="2186"
                    WIDTH="1784"
                    HEIGHT="103">
            <Shape><Polygon POINTS="662 2206 662 2271 2394 2289 2397 2289 2401 2289 2442 2268 2442 2227 2438 2206 658 2186 662 2206"/></Shape>
	    <String CONTENT="משיתגמר מלאכתו אי זו היא גמר מלאכתו משיסקנו כדי לאפות בו סיפגנים ר&#39; יהוד(ה)"
                    HPOS="658"
                    VPOS="2186"
                    WIDTH="1784"
                    HEIGHT="103"></String>
          </TextLine>

          
          
          <TextLine ID="eSc_line_1886025"
                    
                    BASELINE="696 2306 1526 2306 1667 2313 2037 2313 2462 2323" 
                    HPOS="689"
                    VPOS="2268"
                    WIDTH="1770"
                    HEIGHT="79">
            <Shape><Polygon POINTS="692 2302 689 2347 2452 2347 2459 2319 2455 2278 692 2268 692 2302"/></Shape>
	    <String CONTENT="אומר משיסיק את החדש כדי לאפות בישן סיפגנים ˙˙ ב&#39; כירה תחילתה שלוש [ו/]"
                    HPOS="689"
                    VPOS="2268"
                    WIDTH="1770"
                    HEIGHT="79"></String>
          </TextLine>

          
          
          <TextLine ID="eSc_line_1886026"
                    
                    BASELINE="655 2391 758 2384 867 2384 1053 2391 2260 2388 2445 2395" 
                    HPOS="648"
                    VPOS="2333"
                    WIDTH="1794"
                    HEIGHT="96">
            <Shape><Polygon POINTS="651 2388 651 2429 2438 2429 2442 2391 2438 2357 2246 2333 2243 2333 2239 2333 2150 2354 1739 2333 1735 2333 1619 2354 1485 2333 1481 2333 1245 2354 1221 2333 1217 2333 1214 2333 747 2333 744 2333 648 2354 651 2388"/></Shape>
	    <String CONTENT="ושיריה שלוש משיתגמר מלאכתה אי זו היא גמר מלאכתה משיסיקנה כדי"
                    HPOS="648"
                    VPOS="2333"
                    WIDTH="1794"
                    HEIGHT="96"></String>
          </TextLine>

          
          
          <TextLine ID="eSc_line_1886020"
                    
                    BASELINE="692 2463 864 2456 1392 2456 1783 2467 2452 2460" 
                    HPOS="686"
                    VPOS="2402"
                    WIDTH="1763"
                    HEIGHT="106">
            <Shape><Polygon POINTS="689 2460 689 2494 2442 2508 2449 2456 2445 2426 2421 2405 2421 2402 2418 2402 2414 2402 2222 2402 2219 2402 2215 2402 2212 2402 2212 2405 2188 2426 1900 2405 1896 2405 1893 2405 1890 2405 1852 2429 1601 2429 1461 2402 1457 2402 902 2419 843 2402 840 2402 836 2402 686 2426 689 2460"/></Shape>
	    <String CONTENT="לבשל עליה ביצה קלה שבבצים טרופה ונתונה בלפס הכופח עשאו לאפייה שיעורו"
                    HPOS="686"
                    VPOS="2402"
                    WIDTH="1763"
                    HEIGHT="106"></String>
          </TextLine>

          
          
          <TextLine ID="eSc_line_1886001"
                    
                    BASELINE="679 2532 823 2542 902 2539 1210 2549 1841 2546 2030 2539 2435 2542" 
                    HPOS="672"
                    VPOS="2484"
                    WIDTH="1759"
                    HEIGHT="106">
            <Shape><Polygon POINTS="675 2528 672 2570 1365 2590 1368 2590 2425 2576 2431 2539 2428 2504 1368 2504 1351 2501 1193 2484 1190 2484 689 2498 675 2528"/></Shape>
	    <String CONTENT="כתנור עשאו לבישול שעורו ככירה והאבן היוצא מן התנור טפח ומן הכירה שלש"
                    HPOS="672"
                    VPOS="2484"
                    WIDTH="1759"
                    HEIGHT="106"></String>
          </TextLine>

          
          
          <TextLine ID="eSc_line_1885999"
                    
                    BASELINE="658 2587 830 2604 1128 2604 1324 2611 2462 2611" 
                    HPOS="651"
                    VPOS="2563"
                    WIDTH="1808"
                    HEIGHT="99">
            <Shape><Polygon POINTS="655 2583 651 2638 768 2659 771 2659 857 2641 957 2659 960 2659 963 2659 998 2641 1011 2655 1011 2659 1015 2659 1018 2659 1022 2659 1392 2645 1420 2662 1423 2662 1426 2662 1430 2662 1433 2662 1485 2645 1708 2662 1711 2662 2455 2641 2459 2607 2455 2576 655 2563 655 2583"/></Shape>
	    <String CONTENT="אצבעות חיבור היוצא מן הכופח עשאו לאפייה שיעורו כתנור עשאו לבישול שיעו(רו)"
                    HPOS="651"
                    VPOS="2563"
                    WIDTH="1808"
                    HEIGHT="99"></String>
          </TextLine>

          
          
          <TextLine ID="eSc_line_1885996"
                    
                    BASELINE="686 2689 2466 2689" 
                    HPOS="682"
                    VPOS="2641"
                    WIDTH="1780"
                    HEIGHT="103">
            <Shape><Polygon POINTS="682 2686 682 2744 2363 2744 2397 2744 2431 2744 2462 2744 2462 2686 2459 2641 682 2652 682 2686"/></Shape>
	    <String CONTENT="ככירה אמ&#39; ר&#39; יהודה לא אמרו טפח אלא בין תנור לכותל היו שני תנורים סמוכים זה"
                    HPOS="682"
                    VPOS="2641"
                    WIDTH="1780"
                    HEIGHT="103"></String>
          </TextLine>

          
          
          <TextLine ID="eSc_line_1885997"
                    
                    BASELINE="692 2765 826 2758 2143 2761 2449 2751" 
                    HPOS="686"
                    VPOS="2703"
                    WIDTH="1759"
                    HEIGHT="106">
            <Shape><Polygon POINTS="689 2761 686 2806 836 2792 1571 2799 2366 2809 2370 2809 2373 2809 2442 2789 2445 2748 2442 2720 2171 2703 2167 2703 2075 2720 2064 2720 2054 2720 1982 2703 1979 2703 1975 2703 1972 2703 1972 2707 1958 2720 1955 2724 1516 2724 1512 2720 1468 2703 1464 2703 1461 2703 1337 2720 1330 2720 1327 2720 1269 2703 1265 2703 1262 2703 1258 2703 1255 2703 1234 2720 1231 2724 689 2724 689 2761"/></Shape>
	    <String CONTENT="לזה נותן לזה טפח ולזה טפח והשאר טהור ˙˙ ג&#39; עטרת הכירה טהורה טירת [ה/]"
                    HPOS="686"
                    VPOS="2703"
                    WIDTH="1759"
                    HEIGHT="106"></String>
          </TextLine>

          
          
          <TextLine ID="eSc_line_1885998"
                    
                    BASELINE="716 2837 1378 2837 1896 2847 2459 2840" 
                    HPOS="710"
                    VPOS="2806"
                    WIDTH="1745"
                    HEIGHT="92">
            <Shape><Polygon POINTS="713 2833 710 2874 850 2874 874 2895 878 2895 881 2895 884 2898 1210 2898 1210 2895 1214 2895 1265 2874 1337 2892 1341 2892 1344 2892 1348 2892 1399 2874 1402 2874 1636 2874 1656 2892 1656 2895 1660 2895 1663 2895 1667 2895 1670 2895 1715 2874 1752 2892 1756 2892 1759 2892 1903 2874 1914 2874 1958 2895 1962 2895 1965 2895 2274 2878 2401 2895 2404 2895 2407 2895 2452 2874 2455 2837 2452 2806 713 2806 713 2833"/></Shape>
	    <String CONTENT="התנור בזמן שהיא גבוהה ארבעה טפחים מטמא במגע ובאויר פחותה"
                    HPOS="710"
                    VPOS="2806"
                    WIDTH="1745"
                    HEIGHT="92"></String>
          </TextLine>

          
          
          <TextLine ID="eSc_line_1886000"
                    
                    BASELINE="706 2926 1066 2919 1581 2919 2082 2933 2438 2933" 
                    HPOS="699"
                    VPOS="2857"
                    WIDTH="1736"
                    HEIGHT="127">
            <Shape><Polygon POINTS="703 2922 699 2953 836 2974 840 2974 915 2957 929 2957 984 2960 1231 2977 1234 2977 1238 2977 1265 2964 1276 2960 1763 2960 1804 2974 1831 2981 1835 2981 1838 2981 1886 2974 1951 2964 1982 2974 1996 2981 1999 2981 2003 2984 2431 2984 2435 2929 2435 2895 2359 2864 2356 2864 2353 2864 2349 2864 2346 2864 2308 2895 2198 2895 1968 2895 1968 2892 1941 2868 1941 2864 1938 2864 1934 2864 1866 2864 1862 2864 1859 2864 1855 2864 1855 2868 1831 2885 1800 2861 1797 2861 1793 2861 1605 2861 1601 2861 1598 2861 1595 2861 1595 2864 1571 2885 1495 2868 1492 2868 1300 2885 1241 2864 1238 2864 1234 2864 991 2885 823 2857 819 2857 703 2885 703 2922"/></Shape>
	    <String CONTENT="מיכן טהורה ואם חיברה לו אפי&#39; על שלש אבנים טמאה בית הפך ובית התבלים"
                    HPOS="699"
                    VPOS="2857"
                    WIDTH="1736"
                    HEIGHT="127"></String>
          </TextLine>

          
          
          <TextLine ID="eSc_line_1886002"
                    
                    BASELINE="658 2998 1207 3008 2418 3012" 
                    HPOS="651"
                    VPOS="2953"
                    WIDTH="1763"
                    HEIGHT="127">
            <Shape><Polygon POINTS="655 2994 651 3053 826 3070 830 3070 833 3070 836 3070 836 3066 847 3056 854 3049 871 3056 902 3070 905 3070 908 3070 912 3070 915 3070 915 3066 926 3060 939 3046 1118 3046 1152 3060 1176 3073 1179 3073 1183 3073 1186 3073 1210 3063 1231 3049 1255 3063 1258 3066 1262 3066 1265 3066 1269 3066 1310 3063 1447 3049 1464 3066 1471 3070 1471 3073 1474 3073 1478 3073 1481 3077 1543 3077 1543 3073 1547 3073 1564 3066 1605 3049 1639 3066 1649 3073 1653 3073 1804 3077 1807 3077 1811 3077 1824 3070 1862 3053 2102 3053 2167 3077 2174 3077 2178 3077 2181 3080 2407 3080 2414 3008 2414 2974 1221 2974 1214 2970 1169 2953 1166 2953 1162 2953 655 2967 655 2994"/></Shape>
	    <String CONTENT="ובית הנר שבכירה מטמאים במגע ואינם מטמים באויר דברי ר&#39; מאיר ור&#39; שמעון"
                    HPOS="651"
                    VPOS="2953"
                    WIDTH="1763"
                    HEIGHT="127"></String>
          </TextLine>

          
        </TextBlock>
        

        
      </PrintSpace>
    </Page>
  </Layout>
</alto>
