<?xml version="1.0" encoding="UTF-8"?>
<alto xmlns:xsi="http://www.w3.org/2001/XMLSchema-instance"
      xmlns="http://www.loc.gov/standards/alto/ns-v4#"
      xsi:schemaLocation="http://www.loc.gov/standards/alto/ns-v4# http://www.loc.gov/standards/alto/v4/alto-4-2.xsd">
  <Description>
    <MeasurementUnit>pixel</MeasurementUnit>
    <sourceImageInformation>
      <fileName>MS-ADD-00470-00001-000-00030.jpg</fileName>
      
    </sourceImageInformation>
  </Description>
  
  <Tags>
    <OtherTag ID="BT2" LABEL="Main" DESCRIPTION="block type Main"/><OtherTag ID="BT835" LABEL="Margin" DESCRIPTION="block type Margin"/><OtherTag ID="BT1" LABEL="Title" DESCRIPTION="block type Title"/><OtherTag ID="BT3" LABEL="Commentary" DESCRIPTION="block type Commentary"/><OtherTag ID="BT4" LABEL="Illustration" DESCRIPTION="block type Illustration"/><OtherTag ID="BT836" LABEL="Paratext" DESCRIPTION="block type Paratext"/>
    <OtherTag ID="LT2" LABEL="Numbering" DESCRIPTION="line type Numbering"/><OtherTag ID="LT3" LABEL="Correction" DESCRIPTION="line type Correction"/>
  </Tags>
  
  <Layout>
    <Page WIDTH="2775"
          HEIGHT="4112"
          PHYSICAL_IMG_NR="25"
          ID="eSc_dummypage_">
      <PrintSpace HPOS="0"
                  VPOS="0"
                  WIDTH="2775"
                  HEIGHT="4112">
        
        <TextBlock HPOS="298.0"
                   VPOS="652.0"
                   WIDTH="1842.0"
                   HEIGHT="2472.0"
                   ID="eSc_textblock_3581a3ad"
                   TAGREFS="BT2">
          <Shape><Polygon POINTS="298 652 2140 652 2140 3124 298 3124"/></Shape>
          
          
          <TextLine ID="eSc_line_7ef46100"
                    
                    BASELINE="353 771 1574 753 2064 757" 
                    HPOS="346"
                    VPOS="692"
                    WIDTH="1715"
                    HEIGHT="123">
            <Shape><Polygon POINTS="349 771 349 815 2058 798 2061 753 2054 695 1859 719 1667 695 1612 692 1608 692 1605 692 1588 699 1519 726 1269 726 1183 702 1173 699 1169 699 1166 699 1162 699 1155 702 1097 729 1046 709 1042 709 1039 709 1035 709 987 733 720 733 699 716 696 716 692 716 689 716 490 736 346 709 349 771"/></Shape>
	    <String CONTENT="אומר עשרה דילועין לבית סאה חורשין כל בית סאה עד ראש השנה ˙˙ ט&#39; עד"
                    HPOS="346"
                    VPOS="692"
                    WIDTH="1715"
                    HEIGHT="123"></String>
          </TextLine>

          
          
          <TextLine ID="eSc_line_64beb6d4"
                    
                    BASELINE="325 849 970 856 1049 849 1313 846 1354 836 1396 842 1653 842 1735 836 2037 829" 
                    HPOS="319"
                    VPOS="791"
                    WIDTH="1715"
                    HEIGHT="110">
            <Shape><Polygon POINTS="322 846 319 884 360 901 363 901 367 901 631 884 679 901 682 901 686 901 2030 880 2034 825 2030 798 1481 791 1478 791 1344 801 1245 812 1142 805 946 791 943 791 939 791 898 808 884 815 322 815 322 846"/></Shape>
	    <String CONTENT="אמתי נקראו נטיעות ר&#39; אלעזר בן עזריה אומ&#39; עד שיחולו ר&#39; יהושע אומ&#39; עד בת"
                    HPOS="319"
                    VPOS="791"
                    WIDTH="1715"
                    HEIGHT="110"></String>
          </TextLine>

          
          
          <TextLine ID="eSc_line_c98f6d6c"
                    
                    BASELINE="336 928 432 938 860 938 895 932 1162 928 1234 921 1378 925 1619 918 1701 908 1869 911 2034 897" 
                    HPOS="329"
                    VPOS="866"
                    WIDTH="1701"
                    HEIGHT="127">
            <Shape><Polygon POINTS="332 925 332 969 367 990 370 990 373 993 603 993 603 990 607 990 641 973 775 986 778 986 782 986 857 966 970 986 974 986 1248 983 1252 983 1300 959 1361 980 1365 980 1368 980 1372 980 1450 956 1636 956 1704 976 1708 976 1711 976 1715 976 1718 976 1718 973 1742 949 2027 945 2030 894 2023 866 1293 890 1224 880 1166 873 1162 873 1063 884 970 894 895 887 771 877 768 877 682 890 644 897 600 894 473 880 469 880 329 897 332 925"/></Shape>
	    <String CONTENT="שבע שנים ר&#39; עקיבה אומ&#39; נטיעה כשמה אילן שנגמם והוציא חיליפים מטפח ולמטן"
                    HPOS="329"
                    VPOS="866"
                    WIDTH="1701"
                    HEIGHT="127"></String>
          </TextLine>

          
          
          <TextLine ID="eSc_line_0135de9c"
                    
                    BASELINE="370 1007 1097 1007 1173 1000 1478 997 1560 990 1756 993 2051 980" 
                    HPOS="363"
                    VPOS="942"
                    WIDTH="1684"
                    HEIGHT="120">
            <Shape><Polygon POINTS="367 1004 367 1034 442 1062 445 1062 449 1062 737 1045 809 1062 812 1062 816 1062 819 1062 823 1062 823 1058 843 1041 864 1058 867 1058 871 1058 874 1058 878 1058 960 1038 1166 1058 1169 1058 1173 1058 1176 1058 1176 1055 1203 1031 1269 1028 1310 1028 1320 1028 1447 1055 1450 1055 1454 1055 1547 1028 1595 1051 1598 1051 1601 1051 2047 1021 2047 976 2044 952 1800 942 1797 942 1735 956 1684 966 1577 956 1433 945 1430 945 1039 966 929 969 912 966 843 949 840 949 836 949 833 949 830 949 830 952 826 952 816 966 802 956 799 956 795 956 792 956 644 969 613 973 596 973 480 952 476 952 363 973 367 1004"/></Shape>
	    <String CONTENT="בנטיעה מטפח ולמעלן כאילן דברי ר&#39; שמעון ˙˙ הל&#39; ט&#39; פרק ב&#39;"
                    HPOS="363"
                    VPOS="942"
                    WIDTH="1684"
                    HEIGHT="120"></String>
          </TextLine>

          
          
          <TextLine ID="eSc_line_23683df0"
                    
                    BASELINE="991 1069 1663 1065 1701 1058 1979 1062 2071 1051" 
                    HPOS="984"
                    VPOS="1024"
                    WIDTH="1084"
                    HEIGHT="99">
            <Shape><Polygon POINTS="987 1065 987 1113 1059 1099 1077 1113 1083 1120 1087 1120 1090 1120 1094 1123 1320 1123 1320 1120 1324 1120 1361 1110 1389 1099 1402 1110 1420 1120 1423 1120 1426 1120 1430 1123 1701 1123 1701 1120 1704 1120 1742 1103 1756 1096 1763 1103 1773 1113 1776 1113 1780 1113 1783 1113 1787 1113 1817 1103 1835 1096 2061 1096 2068 1048 2061 1024 984 1031 987 1065"/></Shape>
	    <String CONTENT="עד אמתי חורשין שדה הלבן ערב שביעית משיתכלה"
                    HPOS="984"
                    VPOS="1024"
                    WIDTH="1084"
                    HEIGHT="99"></String>
          </TextLine>

          
          
          <TextLine ID="eSc_line_504244fc"
                    
                    BASELINE="380 1151 884 1158 922 1151 1344 1151 1474 1147 1519 1141 1721 1144 1859 1134 2020 1130 2078 1120" 
                    HPOS="373"
                    VPOS="1089"
                    WIDTH="1702"
                    HEIGHT="113">
            <Shape><Polygon POINTS="377 1147 373 1202 1450 1202 1450 1199 1454 1199 1457 1199 1457 1195 1468 1189 1471 1182 1481 1189 1505 1199 1509 1199 1512 1199 1584 1185 1612 1182 1656 1185 1800 1199 1804 1199 1807 1199 1811 1199 1811 1195 1824 1182 1828 1182 2071 1182 2075 1117 2068 1093 1502 1110 1430 1099 1368 1089 1365 1089 1361 1089 1358 1089 1358 1093 1348 1099 1341 1110 1059 1110 1011 1103 908 1089 905 1089 902 1089 836 1106 819 1110 812 1106 788 1089 785 1089 782 1089 778 1089 775 1089 720 1106 710 1113 377 1113 377 1147"/></Shape>
	    <String CONTENT="הַלָחַה כל זמן שבני אדם חורשין ליטע במקשאות ובמדלעות אמ&#39; ר&#39; שמעון נתתה"
                    HPOS="373"
                    VPOS="1089"
                    WIDTH="1702"
                    HEIGHT="113"></String>
          </TextLine>

          
          
          <TextLine ID="eSc_line_c6d122d8"
                    
                    BASELINE="432 1233 689 1230 768 1223 1622 1226 1972 1209 2061 1213" 
                    HPOS="425"
                    VPOS="1171"
                    WIDTH="1633"
                    HEIGHT="110">
            <Shape><Polygon POINTS="428 1230 435 1281 459 1264 905 1274 1176 1278 1179 1278 2051 1254 2058 1209 2054 1189 1814 1171 1811 1171 1581 1189 1567 1189 1560 1189 1454 1171 1450 1171 1447 1171 1444 1171 1444 1175 1426 1189 1426 1192 1293 1192 1293 1189 1234 1171 1231 1171 1227 1171 1224 1171 1183 1192 1179 1192 1118 1192 737 1175 734 1175 730 1175 727 1175 706 1192 703 1195 425 1195 428 1230"/></Shape>
	    <String CONTENT="תורת כל אחד ואחד בידו אלא בשדה הלבן עד הפסח ובשדה האילן עד העצרת ˙˙"
                    HPOS="425"
                    VPOS="1171"
                    WIDTH="1633"
                    HEIGHT="110"></String>
          </TextLine>

          
          
          <TextLine ID="eSc_line_90366506"
                    
                    BASELINE="336 1312 552 1312 589 1305 1070 1308 1145 1302 1426 1302 1643 1291 1831 1291 1965 1298 2006 1288 2068 1288" 
                    HPOS="329"
                    VPOS="1247"
                    WIDTH="1735"
                    HEIGHT="120">
            <Shape><Polygon POINTS="332 1308 332 1367 778 1363 795 1360 884 1343 1032 1343 1049 1356 1053 1360 1056 1360 1059 1360 1063 1360 1176 1356 1413 1343 1423 1350 1433 1360 1433 1363 1437 1363 1440 1363 1444 1363 1447 1363 1495 1350 1516 1343 1522 1350 1536 1360 1536 1363 1540 1363 1543 1363 1547 1367 1564 1367 1598 1367 1632 1367 1667 1367 1701 1367 1735 1367 1752 1367 1752 1363 2061 1339 2064 1285 2061 1267 1999 1247 1996 1247 1992 1247 1989 1247 1910 1267 1814 1247 1811 1247 1550 1267 1454 1250 1450 1250 1248 1267 1227 1250 1227 1247 1224 1247 1221 1247 1217 1247 1090 1267 963 1250 960 1250 957 1250 953 1250 926 1271 596 1271 572 1247 569 1247 565 1247 562 1247 435 1267 353 1247 349 1247 346 1247 343 1247 339 1247 339 1250 329 1257 332 1308"/></Shape>
	    <String CONTENT="ב&#39; מזבלין ומעדרין במקשאות ובמדלעות עד ראש השנה וכן בבית השלחין מייבלין"
                    HPOS="329"
                    VPOS="1247"
                    WIDTH="1735"
                    HEIGHT="120"></String>
          </TextLine>

          
          
          <TextLine ID="eSc_line_b33e8f0d"
                    
                    BASELINE="308 1384 782 1380 826 1374 1841 1374 1900 1380" 
                    HPOS="301"
                    VPOS="1350"
                    WIDTH="1595"
                    HEIGHT="82">
            <Shape><Polygon POINTS="305 1380 305 1415 1595 1432 1598 1432 1615 1432 1715 1415 1886 1432 1896 1377 1893 1350 301 1350 305 1380"/></Shape>
	    <String CONTENT="מפרקין מאבקין מעשנין עד ראש השנה רבי שמעון אומ&#39; אף נוטל הוא את"
                    HPOS="301"
                    VPOS="1350"
                    WIDTH="1595"
                    HEIGHT="82"></String>
          </TextLine>

          
          
          <TextLine ID="eSc_line_04948214"
                    
                    BASELINE="329 1466 843 1466 929 1463 970 1456 1680 1459 1763 1452 1989 1449 2051 1439" 
                    HPOS="322"
                    VPOS="1408"
                    WIDTH="1725"
                    HEIGHT="106">
            <Shape><Polygon POINTS="325 1463 325 1514 2047 1494 2047 1435 2040 1408 322 1425 325 1463"/></Shape>
	    <String CONTENT="העלה מן האשכל בשביעית ˙˙ ג&#39; מסקלין עד ראש השנה מקרסמין מזרדין מפס(לין)"
                    HPOS="322"
                    VPOS="1408"
                    WIDTH="1725"
                    HEIGHT="106"></String>
          </TextLine>

          
          
          <TextLine ID="eSc_line_37231926"
                    
                    BASELINE="343 1535 723 1542 823 1535 1169 1531 1252 1524 1653 1528 2051 1511" 
                    HPOS="336"
                    VPOS="1490"
                    WIDTH="1711"
                    HEIGHT="99">
            <Shape><Polygon POINTS="339 1531 339 1572 806 1589 809 1589 926 1572 974 1565 1083 1572 1234 1579 1238 1579 1351 1569 1447 1562 1481 1569 1536 1583 1540 1583 1543 1583 2044 1565 2047 1507 2040 1490 336 1504 339 1531"/></Shape>
	    <String CONTENT="עד ראש השנה ר&#39; אומ&#39; כזירודה וכפסולה של חמישית כך של ששית ר&#39; שמעון"
                    HPOS="336"
                    VPOS="1490"
                    WIDTH="1711"
                    HEIGHT="99"></String>
          </TextLine>

          
          
          <TextLine ID="eSc_line_5ce2d8fc"
                    
                    BASELINE="298 1617 648 1617 809 1613 884 1607 1430 1610 1495 1603 2078 1596" 
                    HPOS="291"
                    VPOS="1548"
                    WIDTH="1784"
                    HEIGHT="113">
            <Shape><Polygon POINTS="294 1613 294 1661 1732 1661 1766 1661 1800 1661 1821 1661 1821 1658 2075 1637 2075 1593 2071 1576 1804 1548 1800 1548 1694 1572 1245 1552 1241 1552 1101 1576 960 1555 957 1555 953 1555 950 1555 922 1579 919 1579 854 1559 850 1559 847 1559 843 1559 840 1559 806 1579 802 1583 500 1583 387 1583 360 1559 356 1559 353 1559 349 1559 346 1559 291 1576 294 1613"/></Shape>
	    <String CONTENT="אומר כל זמן שאני רשאי בעבודת האילן רשאי אני בפיסולו ˙˙ ד&#39; מזהמין את הנטיעו(ת)"
                    HPOS="291"
                    VPOS="1548"
                    WIDTH="1784"
                    HEIGHT="113"></String>
          </TextLine>

          
          
          <TextLine ID="eSc_line_7cbd3f03"
                    
                    BASELINE="336 1696 404 1689 613 1692 723 1685 1118 1685 1245 1682 1279 1675 1663 1679 1708 1672 1903 1668 2078 1672" 
                    HPOS="329"
                    VPOS="1627"
                    WIDTH="1746"
                    HEIGHT="117">
            <Shape><Polygon POINTS="332 1692 332 1723 675 1740 679 1740 682 1740 686 1740 686 1737 703 1723 706 1720 936 1720 967 1723 1097 1740 1101 1740 1104 1740 1107 1740 1107 1737 1125 1723 1169 1737 1173 1737 1176 1737 1245 1720 1255 1720 1258 1720 1286 1740 1289 1740 1293 1740 1296 1740 1478 1723 1516 1740 1519 1740 1522 1744 1769 1744 1797 1744 1797 1740 1800 1740 1804 1740 1804 1737 1824 1720 1886 1737 1890 1737 1893 1737 2068 1716 2075 1668 2071 1644 2006 1627 2003 1627 1999 1627 1800 1644 1334 1627 1330 1627 1327 1627 1324 1627 1293 1648 1289 1648 1176 1627 1173 1627 329 1648 332 1692"/></Shape>
	    <String CONTENT="וכורכין אותן וקוטמין אותן ועושין להן בתים ומשקים אותם עד ראש השנה ר&#39;"
                    HPOS="329"
                    VPOS="1627"
                    WIDTH="1746"
                    HEIGHT="117"></String>
          </TextLine>

          
          
          <TextLine ID="eSc_line_cf280b0f"
                    
                    BASELINE="445 1764 720 1775 799 1768 1166 1764 1203 1757 1526 1761 1848 1751 1890 1744 2061 1747" 
                    HPOS="439"
                    VPOS="1699"
                    WIDTH="1619"
                    HEIGHT="123">
            <Shape><Polygon POINTS="442 1761 442 1802 490 1819 493 1819 497 1822 1011 1822 1011 1819 1015 1819 1077 1802 1207 1819 1210 1819 1214 1819 1255 1799 1289 1819 1293 1819 1296 1819 1300 1822 1433 1822 1468 1819 1488 1819 1492 1819 1557 1799 1598 1819 1601 1819 1605 1819 1608 1819 1673 1799 1739 1819 1742 1819 1745 1819 1749 1819 1793 1795 2051 1792 2058 1744 2051 1699 1793 1716 1691 1706 1663 1703 1660 1703 1656 1703 1653 1703 1653 1706 1625 1727 1498 1730 960 1730 950 1720 936 1706 936 1703 933 1703 929 1703 758 1703 754 1703 751 1703 747 1703 720 1723 710 1730 439 1730 442 1761"/></Shape>
	    <String CONTENT="אלעזר בר&#39; צדוק אומ&#39; אף משקה הוא על הנוף בשביעית אבל לא על העיקר ˙˙ ה&#39;"
                    HPOS="439"
                    VPOS="1699"
                    WIDTH="1619"
                    HEIGHT="123"></String>
          </TextLine>

          
          
          <TextLine ID="eSc_line_98a85963"
                    
                    BASELINE="555 1836 1255 1836 1430 1833 1468 1826 2020 1829 2078 1819" 
                    HPOS="548"
                    VPOS="1785"
                    WIDTH="1527"
                    HEIGHT="103">
            <Shape><Polygon POINTS="552 1833 548 1867 620 1888 624 1888 627 1888 974 1870 1152 1888 1155 1888 1262 1867 1269 1867 1282 1867 1519 1888 1522 1888 1526 1888 1529 1888 1557 1867 1577 1888 1581 1888 1584 1888 1588 1888 1684 1870 1800 1888 1804 1888 1807 1888 1811 1888 1811 1884 1831 1867 2071 1867 2075 1816 2068 1785 552 1799 552 1833"/></Shape>
	    <String CONTENT="סכין את הפגין ומנקבין אותן עד ראש השנה פגי ערב שביעית שנכנסו [צ]"
                    HPOS="548"
                    VPOS="1785"
                    WIDTH="1527"
                    HEIGHT="103"></String>
          </TextLine>

          
          
          <TextLine ID="eSc_line_0ca3cd20"
                    
                    BASELINE="343 1915 432 1925 895 1925 977 1918 1238 1915 1272 1905 1354 1912 1553 1912 1636 1905 1838 1901 1872 1894 1986 1898 2088 1888" 
                    HPOS="336"
                    VPOS="1853"
                    WIDTH="1749"
                    HEIGHT="117">
            <Shape><Polygon POINTS="339 1912 339 1949 867 1970 871 1970 874 1970 936 1949 1210 1966 1214 1966 1327 1946 1375 1966 1378 1966 1382 1966 1564 1942 1567 1942 1649 1956 1653 1956 2082 1936 2085 1884 2078 1853 1776 1877 1749 1860 1745 1860 1742 1860 1739 1860 1715 1860 1241 1877 1207 1870 1159 1860 1155 1860 1152 1860 1121 1874 1097 1881 1042 1874 939 1860 936 1860 933 1860 891 1877 874 1888 617 1888 610 1884 562 1864 559 1864 555 1864 552 1864 548 1864 524 1884 524 1888 336 1888 339 1912"/></Shape>
	    <String CONTENT="לשביעית ושל שביעית שיצאו למוצאי שביעית לא סכין ולא מנקבין ר&#39; יהודה אומ&#39; מקום"
                    HPOS="336"
                    VPOS="1853"
                    WIDTH="1749"
                    HEIGHT="117"></String>
          </TextLine>

          
          
          <TextLine ID="eSc_line_c03dceba"
                    
                    BASELINE="339 1994 524 2001 740 1990 1131 1994 1166 1987 1296 1987 1495 1977 1986 1980 2020 1973 2078 1973" 
                    HPOS="332"
                    VPOS="1932"
                    WIDTH="1743"
                    HEIGHT="113">
            <Shape><Polygon POINTS="336 1990 336 2028 1029 2045 1032 2045 1035 2045 1104 2025 1118 2021 1135 2025 1197 2045 1200 2045 1203 2045 1207 2045 1210 2045 1238 2025 1245 2021 1581 2021 1584 2021 1605 2042 1605 2045 1608 2045 1612 2045 1615 2045 1619 2045 1677 2025 1739 2045 1742 2045 1745 2045 1749 2045 1752 2045 1787 2025 1835 2042 1838 2042 1841 2042 1845 2042 1914 2021 1941 2042 1944 2042 1948 2042 1951 2042 2071 2018 2075 1970 2071 1949 1437 1936 1433 1936 1039 1953 974 1956 970 1956 919 1932 915 1932 912 1932 908 1932 905 1932 905 1936 884 1956 881 1960 504 1960 445 1960 397 1932 394 1932 391 1932 387 1932 332 1953 336 1990"/></Shape>
	    <String CONTENT="שנהגו לסוך אינן סכין מפני שהיא עבודה מקום שלא נהגו לסוך סכין ר&#39; שמעון מתיר בﭏו"
                    HPOS="332"
                    VPOS="1932"
                    WIDTH="1743"
                    HEIGHT="113"></String>
          </TextLine>

          
          
          <TextLine ID="eSc_line_c46d909e"
                    
                    BASELINE="319 2076 1193 2076 1227 2069 1420 2069 1533 2066 1574 2059 1817 2062 2013 2052 2078 2056" 
                    HPOS="312"
                    VPOS="2018"
                    WIDTH="1763"
                    HEIGHT="113">
            <Shape><Polygon POINTS="315 2073 315 2107 360 2127 363 2127 367 2131 1011 2131 1011 2127 1015 2127 1018 2127 1039 2110 1142 2127 1145 2127 1149 2127 1234 2103 1241 2103 1245 2103 1289 2127 1293 2127 1296 2131 1306 2131 1341 2131 1375 2131 1409 2131 1440 2131 1440 2127 1444 2127 1447 2127 1481 2103 1485 2103 1595 2103 1601 2103 1687 2127 1691 2127 1694 2127 1697 2127 1701 2127 1735 2103 1739 2103 2068 2103 2075 2056 2068 2018 555 2035 545 2035 480 2018 476 2018 473 2018 312 2035 315 2073"/></Shape>
	    <String CONTENT="מפני שהוא רשאי בעבודת האילן ˙˙ ו&#39; אין נוטעין ואין מבריכין ואין מרכיבין ער(ב)"
                    HPOS="312"
                    VPOS="2018"
                    WIDTH="1763"
                    HEIGHT="113"></String>
          </TextLine>

          
          
          <TextLine ID="eSc_line_343bd7fe"
                    
                    BASELINE="349 2151 679 2151 905 2141 1173 2145 1341 2138 1759 2138 1793 2124 1951 2131 2088 2121" 
                    HPOS="343"
                    VPOS="2103"
                    WIDTH="1742"
                    HEIGHT="83">
            <Shape><Polygon POINTS="346 2148 346 2186 2085 2169 2085 2117 2078 2103 343 2114 346 2148"/></Shape>
	    <String CONTENT="שביעית פחות משלשים יום לפני ראש השנה אם נטע או הבריך או הרכיב [צ]"
                    HPOS="343"
                    VPOS="2103"
                    WIDTH="1742"
                    HEIGHT="83"></String>
          </TextLine>

          
          
          <TextLine ID="eSc_line_f2008078"
                    
                    BASELINE="349 2244 840 2230 878 2223 1176 2227 1210 2220 1433 2220 1653 2210 1992 2213 2078 2199" 
                    HPOS="343"
                    VPOS="2151"
                    WIDTH="1732"
                    HEIGHT="124">
            <Shape><Polygon POINTS="346 2241 346 2275 2075 2244 2075 2196 2071 2175 1927 2172 1910 2155 1910 2151 1907 2151 1903 2151 1900 2151 1896 2151 1893 2151 1893 2155 1869 2175 1869 2179 1639 2179 1577 2155 1574 2155 1571 2155 1567 2155 1516 2182 1402 2182 1234 2158 1231 2158 1056 2162 1053 2162 1049 2162 1008 2189 1005 2189 984 2189 734 2169 730 2169 727 2169 638 2193 634 2196 343 2196 346 2241"/></Shape>
	    <String CONTENT="יעקור ר&#39; יהודה אומ&#39; כל הרכבה שאינה קולטת לשלשה ימים אינה קולטת ר&#39; יוסה ור&#39; שמעון"
                    HPOS="343"
                    VPOS="2151"
                    WIDTH="1732"
                    HEIGHT="124"></String>
          </TextLine>

          
          
          <TextLine ID="eSc_line_75063159"
                    
                    BASELINE="363 2302 812 2302 1015 2292 1420 2295 1577 2285 1701 2285 1742 2278 2085 2278" 
                    HPOS="356"
                    VPOS="2241"
                    WIDTH="1726"
                    HEIGHT="109">
            <Shape><Polygon POINTS="360 2299 360 2336 1063 2350 1066 2350 1070 2350 1104 2333 1183 2347 1186 2347 1423 2326 1454 2326 1457 2326 1471 2340 1471 2343 1474 2343 1478 2343 1481 2343 1646 2330 1735 2347 1739 2347 1742 2347 1745 2347 1745 2343 1766 2323 2078 2319 2082 2275 2075 2247 1605 2258 1588 2251 1564 2241 1560 2241 1557 2241 1553 2241 1550 2241 1536 2251 1519 2265 1433 2265 1324 2254 1162 2244 1159 2244 1046 2258 991 2265 981 2258 960 2244 957 2244 953 2244 950 2244 782 2261 737 2265 710 2261 586 2244 583 2244 579 2244 576 2244 552 2265 548 2268 356 2268 360 2299"/></Shape>
	    <String CONTENT="אומר לשתי שבתות ˙˙ ז&#39; האורז והדוחן והפרגין וה(ש)משמין שהשרישו לפני ראש"
                    HPOS="356"
                    VPOS="2241"
                    WIDTH="1726"
                    HEIGHT="109"></String>
          </TextLine>

          
          
          <TextLine ID="eSc_line_28ef0de0"
                    
                    BASELINE="339 2384 397 2374 480 2381 517 2374 672 2378 1121 2367 1155 2360 1420 2364 1498 2357 2058 2350" 
                    HPOS="332"
                    VPOS="2319"
                    WIDTH="1722"
                    HEIGHT="107">
            <Shape><Polygon POINTS="336 2381 339 2415 826 2408 833 2408 854 2426 857 2426 860 2426 864 2426 867 2426 919 2408 929 2405 936 2408 953 2422 957 2422 960 2422 963 2426 1128 2426 1128 2422 1485 2402 1656 2391 1667 2398 1680 2412 1684 2412 1687 2412 1691 2412 1756 2398 1787 2391 1811 2395 1883 2412 1886 2412 2054 2391 2054 2347 2047 2319 332 2340 336 2381"/></Shape>
	    <String CONTENT="השנה מתעשרין לשעבר ומותרין בשביעית ואם לאו אסורין בשביעית"
                    HPOS="332"
                    VPOS="2319"
                    WIDTH="1722"
                    HEIGHT="107"></String>
          </TextLine>

          
          
          <TextLine ID="eSc_line_64dd8dce"
                    
                    BASELINE="363 2450 603 2450 675 2443 1035 2446 1125 2439 1512 2439 1591 2429 2006 2432 2092 2422" 
                    HPOS="356"
                    VPOS="2388"
                    WIDTH="1732"
                    HEIGHT="103">
            <Shape><Polygon POINTS="360 2446 360 2484 1742 2474 1756 2474 1859 2491 1862 2491 1866 2491 1869 2491 1869 2487 1886 2474 2085 2474 2088 2419 2085 2398 1656 2388 1653 2388 1564 2398 1519 2405 1512 2398 1502 2391 1502 2388 1498 2388 1495 2388 1324 2388 1320 2388 1231 2402 1203 2405 1200 2402 1179 2388 1176 2388 1173 2388 1169 2388 1166 2388 1135 2402 1125 2405 1104 2402 1015 2388 1011 2388 1008 2388 1005 2388 987 2402 981 2408 655 2408 648 2405 583 2388 579 2388 576 2388 572 2388 569 2388 548 2405 545 2408 356 2408 360 2446"/></Shape>
	    <String CONTENT="ומתעשרין לשנה הבאה ˙˙ ח&#39; ר&#39; שמעון השזורי אומ&#39; פול המצרי שזרעו לזרע כתחלה"
                    HPOS="356"
                    VPOS="2388"
                    WIDTH="1732"
                    HEIGHT="103"></String>
          </TextLine>

          
          
          <TextLine ID="eSc_line_9bbea4c4"
                    
                    BASELINE="363 2532 456 2525 682 2528 723 2522 1070 2518 1104 2511 1324 2515 1440 2508 1835 2504 1876 2498 2020 2501 2075 2487" 
                    HPOS="356"
                    VPOS="2453"
                    WIDTH="1715"
                    HEIGHT="110">
            <Shape><Polygon POINTS="360 2528 360 2563 2071 2546 2071 2484 2064 2453 1855 2474 1660 2460 1601 2456 1598 2456 1595 2456 1591 2456 1591 2460 1588 2460 1574 2477 1409 2463 1334 2460 1330 2460 1258 2467 1149 2480 1111 2470 1083 2463 1080 2463 1077 2463 1073 2463 1053 2470 1032 2480 898 2474 727 2467 723 2467 720 2467 716 2467 716 2470 706 2477 699 2487 356 2487 360 2528"/></Shape>
	    <String CONTENT="כיוצא בהם ר&#39; שמעון אומ&#39; האפונין והגמלונין כיוצא בהן ר&#39; אלעזר אומ&#39; האפונין"
                    HPOS="356"
                    VPOS="2453"
                    WIDTH="1715"
                    HEIGHT="110"></String>
          </TextLine>

          
          
          <TextLine ID="eSc_line_6c9cfae1"
                    
                    BASELINE="336 2600 401 2593 874 2597 908 2590 1272 2590 1485 2587 1560 2580 1979 2583 2106 2570" 
                    HPOS="329"
                    VPOS="2528"
                    WIDTH="1773"
                    HEIGHT="117">
            <Shape><Polygon POINTS="332 2597 332 2631 812 2628 833 2631 922 2645 926 2645 929 2645 994 2628 1018 2624 1066 2628 1210 2645 1214 2645 1217 2645 1221 2645 1238 2628 1245 2624 1828 2624 1831 2624 1893 2645 1896 2645 1900 2645 1903 2645 1907 2645 1938 2624 1941 2624 2099 2624 2102 2570 2099 2552 1979 2528 1643 2528 1639 2528 1636 2528 1567 2552 1560 2556 1221 2556 1217 2552 1162 2528 1159 2528 1155 2528 1152 2528 1149 2528 1121 2552 1118 2556 613 2556 610 2552 572 2528 569 2528 565 2528 562 2528 559 2528 555 2528 555 2532 528 2552 528 2556 329 2556 332 2597"/></Shape>
	    <String CONTENT="והגמלונין שיתרמלו → לפני ראש השנה מתעשרין לשעבר ומותרין בשביעית ואם לאו אסורין"
                    HPOS="329"
                    VPOS="2528"
                    WIDTH="1773"
                    HEIGHT="117"></String>
          </TextLine>

          
          
          <TextLine ID="eSc_line_03b893fe"
                    
                    BASELINE="339 2665 651 2672 802 2669 836 2662 2058 2665" 
                    HPOS="332"
                    VPOS="2617"
                    WIDTH="1722"
                    HEIGHT="100">
            <Shape><Polygon POINTS="336 2662 332 2700 1361 2700 1485 2717 1488 2717 2047 2696 2054 2662 2047 2621 1330 2638 1306 2628 1296 2621 1293 2621 1289 2621 1255 2628 1200 2638 1166 2628 1142 2621 1138 2621 1135 2621 878 2631 761 2635 744 2631 668 2617 665 2617 336 2635 336 2662"/></Shape>
	    <String CONTENT="בשביעית ומתעשרין לשנה הבאה ˙˙ י&#39; ושל בעל שמנע מהם מים שתי עונות דברי"
                    HPOS="332"
                    VPOS="2617"
                    WIDTH="1722"
                    HEIGHT="100"></String>
          </TextLine>

          
          
          <TextLine ID="eSc_line_3dad9d4f"
                    
                    BASELINE="343 2755 397 2744 819 2748 881 2741 1306 2741 1522 2737 1591 2731 2034 2734 2085 2720" 
                    HPOS="339"
                    VPOS="2696"
                    WIDTH="1743"
                    HEIGHT="100">
            <Shape><Polygon POINTS="339 2751 339 2792 795 2775 830 2789 836 2792 840 2792 843 2796 1094 2796 1094 2792 1097 2792 1111 2789 1152 2772 1169 2789 1173 2789 1173 2792 1176 2792 1179 2792 1183 2792 1217 2785 1300 2772 1413 2785 1447 2789 1450 2789 1495 2785 1615 2772 2078 2775 2082 2717 2075 2696 339 2703 339 2751"/></Shape>
	    <String CONTENT="ר&#39; מאיר וחכמי&#39; אומ&#39; שלש ˙˙ י&#39;א&#39; הדלועין שקימן לזרע אם הקשו לפני ראש"
                    HPOS="339"
                    VPOS="2696"
                    WIDTH="1743"
                    HEIGHT="100"></String>
          </TextLine>

          
          
          <TextLine ID="eSc_line_d4d08a08"
                    
                    BASELINE="294 2820 401 2830 950 2830 994 2823 1176 2820 1217 2813 1560 2816 1601 2809 2092 2803" 
                    HPOS="291"
                    VPOS="2761"
                    WIDTH="1797"
                    HEIGHT="124">
            <Shape><Polygon POINTS="291 2816 291 2868 607 2881 610 2881 613 2881 658 2864 668 2861 675 2864 696 2881 699 2881 703 2881 706 2881 823 2864 826 2864 929 2881 933 2881 1066 2861 1070 2861 1094 2881 1097 2881 1101 2881 1104 2885 1207 2885 1207 2881 1210 2881 1214 2881 1214 2878 1238 2857 1248 2850 1845 2850 1848 2850 1866 2868 1869 2868 1872 2868 1876 2868 2085 2847 2088 2799 2085 2782 2027 2761 2023 2761 2020 2761 1914 2779 1814 2761 1811 2761 1358 2785 1227 2761 1224 2761 1221 2761 1114 2789 1049 2765 1046 2765 1042 2765 1039 2765 994 2789 991 2792 950 2792 864 2792 788 2765 785 2765 782 2765 778 2765 775 2765 737 2792 291 2792 291 2816"/></Shape>
	    <String CONTENT="השנה ונפסלו מאוכל אדם מותר לקיימן בשביעית ואם לאו אסור לקיימן בשבי(עית)"
                    HPOS="291"
                    VPOS="2761"
                    WIDTH="1797"
                    HEIGHT="124"></String>
          </TextLine>

          
          
          <TextLine ID="eSc_line_020e6b8c"
                    
                    BASELINE="380 2919 627 2916 662 2909 991 2912 1035 2905 1348 2902 1382 2895 1704 2898 2075 2885" 
                    HPOS="373"
                    VPOS="2840"
                    WIDTH="1698"
                    HEIGHT="127">
            <Shape><Polygon POINTS="377 2916 377 2967 778 2967 778 2964 860 2957 1011 2940 1149 2950 1289 2960 1293 2960 1296 2960 1327 2946 1351 2936 1522 2943 1811 2953 1814 2953 1817 2953 1821 2953 1848 2936 1852 2933 2071 2929 2071 2881 2068 2854 1817 2840 1814 2840 1557 2861 1498 2864 1492 2861 1471 2847 1468 2847 1464 2847 1461 2847 1252 2864 1176 2871 1145 2868 1035 2847 1032 2847 1029 2847 1025 2847 1025 2850 1001 2871 998 2871 984 2871 895 2857 891 2857 888 2857 884 2857 884 2861 871 2871 867 2878 747 2878 744 2874 692 2850 689 2850 686 2850 613 2854 610 2854 607 2854 607 2857 586 2874 583 2881 373 2881 377 2916"/></Shape>
	    <String CONTENT="התמרות שלהן אסורות בשביעית ומרביצין בעפר הלבן דברי ר&#39; שמעון אבל לא מכסחין ˙˙"
                    HPOS="373"
                    VPOS="2840"
                    WIDTH="1698"
                    HEIGHT="127"></String>
          </TextLine>

          
          
          <TextLine ID="eSc_line_235ad092"
                    
                    BASELINE="353 2988 1173 2994 1924 2977 2006 2984 2061 2967" 
                    HPOS="346"
                    VPOS="2929"
                    WIDTH="1712"
                    HEIGHT="127">
            <Shape><Polygon POINTS="349 2984 349 3036 408 3056 411 3056 415 3056 572 3036 576 3036 603 3056 607 3056 610 3056 613 3056 706 3039 847 3056 850 3056 854 3056 908 3032 912 3032 926 3032 1145 3053 1149 3053 1447 3029 1457 3029 1464 3029 1749 3049 1752 3049 1756 3049 1831 3029 1979 3049 1982 3049 1986 3049 2058 3022 2058 2964 2054 2950 1869 2929 1866 2929 1595 2950 1560 2929 1557 2929 1553 2929 1550 2929 1447 2953 1426 2960 1176 2960 1155 2957 957 2933 953 2933 950 2933 902 2957 895 2964 469 2964 435 2964 397 2943 394 2943 391 2943 387 2943 346 2957 349 2984"/></Shape>
	    <String CONTENT="הל&#39; י&#39;א&#39; פרק ג&#39; מאמתי מוציאין זבלין לאשפתות משיפסקו עוברי עב(י)ר(ה)"
                    HPOS="346"
                    VPOS="2929"
                    WIDTH="1712"
                    HEIGHT="127"></String>
          </TextLine>

          
        </TextBlock>
        
        <TextBlock HPOS="2106.0"
                   VPOS="2478.0"
                   WIDTH="408.0"
                   HEIGHT="355.0"
                   ID="eSc_textblock_d6a84b36"
                   TAGREFS="BT835">
          <Shape><Polygon POINTS="2514 2478 2514 2833 2106 2833 2106 2478"/></Shape>
          
          
          <TextLine ID="eSc_line_6a0a906d"
                    
                    BASELINE="2126 2566 2438 2566 2490 2576" 
                    HPOS="2119"
                    VPOS="2504"
                    WIDTH="367"
                    HEIGHT="103">
            <Shape><Polygon POINTS="2123 2563 2119 2607 2476 2604 2486 2573 2480 2504 2123 2511 2123 2563"/></Shape>
	    <String CONTENT="לפני ראש השנה ˙˙"
                    HPOS="2119"
                    VPOS="2504"
                    WIDTH="367"
                    HEIGHT="103"></String>
          </TextLine>

          
          
          <TextLine ID="eSc_line_ca3cd747"
                    
                    BASELINE="2143 2641 2198 2628 2517 2631" 
                    HPOS="2140"
                    VPOS="2576"
                    WIDTH="374"
                    HEIGHT="93">
            <Shape><Polygon POINTS="2140 2638 2140 2669 2164 2665 2171 2662 2205 2662 2239 2665 2274 2665 2291 2665 2401 2665 2411 2665 2445 2662 2445 2665 2507 2665 2514 2628 2493 2593 2311 2576 2308 2576 2140 2593 2140 2638"/></Shape>
	    <String CONTENT="פז&#39; הבצלים והסריסים"
                    HPOS="2140"
                    VPOS="2576"
                    WIDTH="374"
                    HEIGHT="93"></String>
          </TextLine>

          
          
          <TextLine ID="eSc_line_907ea950"
                    
                    BASELINE="2146 2669 2390 2679 2449 2669" 
                    HPOS="2140"
                    VPOS="2645"
                    WIDTH="305"
                    HEIGHT="68">
            <Shape><Polygon POINTS="2143 2665 2140 2713 2442 2707 2445 2665 2442 2645 2143 2645 2143 2665"/></Shape>
	    <String CONTENT="ופול המצרי שמנע"
                    HPOS="2140"
                    VPOS="2645"
                    WIDTH="305"
                    HEIGHT="68"></String>
          </TextLine>

          
          
          <TextLine ID="eSc_line_0911c03f"
                    
                    BASELINE="2112 2727 2509 2727" 
                    HPOS="2109"
                    VPOS="2700"
                    WIDTH="398"
                    HEIGHT="89">
            <Shape><Polygon POINTS="2109 2724 2109 2765 2178 2789 2181 2789 2185 2789 2380 2775 2383 2775 2418 2775 2425 2775 2507 2772 2507 2724 2500 2700 2109 2700 2109 2724"/></Shape>
	    <String CONTENT="מהם מים שלשים יום"
                    HPOS="2109"
                    VPOS="2700"
                    WIDTH="398"
                    HEIGHT="89"></String>
          </TextLine>

          
          
          <TextLine ID="eSc_line_019cc3f3"
                    
                    BASELINE="2369 2782 2478 2789" 
                    HPOS="2359"
                    VPOS="2727"
                    WIDTH="117"
                    HEIGHT="106">
            <Shape><Polygon POINTS="2421 2727 2418 2727 2414 2727 2366 2748 2366 2779 2359 2833 2469 2820 2476 2785 2476 2744 2425 2727 2421 2727"/></Shape>
	    <String CONTENT="[לפני]"
                    HPOS="2359"
                    VPOS="2727"
                    WIDTH="117"
                    HEIGHT="106"></String>
          </TextLine>

          
        </TextBlock>
        

        
      </PrintSpace>
    </Page>
  </Layout>
</alto>
