<?xml version="1.0" encoding="UTF-8"?>
<alto xmlns:xsi="http://www.w3.org/2001/XMLSchema-instance"
      xmlns="http://www.loc.gov/standards/alto/ns-v4#"
      xsi:schemaLocation="http://www.loc.gov/standards/alto/ns-v4# http://www.loc.gov/standards/alto/v4/alto-4-2.xsd">
  <Description>
    <MeasurementUnit>pixel</MeasurementUnit>
    <sourceImageInformation>
      <fileName>MS-ADD-00470-00001-000-00043.jpg</fileName>
      
    </sourceImageInformation>
  </Description>
  
  <Tags>
    <OtherTag ID="BT2" LABEL="Main" DESCRIPTION="block type Main"/><OtherTag ID="BT835" LABEL="Margin" DESCRIPTION="block type Margin"/><OtherTag ID="BT1" LABEL="Title" DESCRIPTION="block type Title"/><OtherTag ID="BT3" LABEL="Commentary" DESCRIPTION="block type Commentary"/><OtherTag ID="BT4" LABEL="Illustration" DESCRIPTION="block type Illustration"/><OtherTag ID="BT836" LABEL="Paratext" DESCRIPTION="block type Paratext"/>
    <OtherTag ID="LT2" LABEL="Numbering" DESCRIPTION="line type Numbering"/><OtherTag ID="LT3" LABEL="Correction" DESCRIPTION="line type Correction"/>
  </Tags>
  
  <Layout>
    <Page WIDTH="2775"
          HEIGHT="4112"
          PHYSICAL_IMG_NR="38"
          ID="eSc_dummypage_">
      <PrintSpace HPOS="0"
                  VPOS="0"
                  WIDTH="2775"
                  HEIGHT="4112">
        
        <TextBlock HPOS="638.0"
                   VPOS="670.0"
                   WIDTH="1840.0"
                   HEIGHT="2468.0"
                   ID="eSc_textblock_d97553ca"
                   TAGREFS="BT2">
          <Shape><Polygon POINTS="638 670 2478 670 2478 3138 638 3138"/></Shape>
          
          
          <TextLine ID="eSc_line_e1a8775f"
                    
                    BASELINE="713 777 2397 788" 
                    HPOS="706"
                    VPOS="702"
                    WIDTH="1688"
                    HEIGHT="140">
            <Shape><Polygon POINTS="710 774 706 815 751 836 754 836 758 836 960 818 1248 818 1272 839 1276 839 1279 839 1282 839 1416 822 1663 839 1667 839 1841 825 1862 842 1866 842 1869 842 1872 842 1965 825 2051 842 2054 842 2387 825 2394 784 2380 709 2318 750 1934 750 1890 726 1886 726 1883 726 1879 726 1831 747 1725 747 1684 723 1660 705 1656 705 1653 705 1457 705 1454 705 1450 705 1447 705 1447 709 1426 726 1409 747 1358 747 1341 726 1320 709 1320 705 1317 705 1313 705 1269 702 1265 702 1066 733 1029 736 1015 733 933 702 929 702 926 702 922 702 919 702 881 736 874 740 710 740 710 774"/></Shape>
	    <String CONTENT="לעצמה אם תרומה שזכה בה כהן אכלה משלמת קרן לבעלים וחומש למי שירצה"
                    HPOS="706"
                    VPOS="702"
                    WIDTH="1688"
                    HEIGHT="140"></String>
          </TextLine>

          
          
          <TextLine ID="eSc_line_8cc084b4"
                    
                    BASELINE="778 849 943 856 1063 849 1101 860 1348 863 1382 873 1481 866 2164 866 2215 873 2284 866 2404 873" 
                    HPOS="771"
                    VPOS="808"
                    WIDTH="1630"
                    HEIGHT="117">
            <Shape><Polygon POINTS="775 846 771 897 809 918 812 918 816 918 819 918 823 918 823 914 843 897 1166 897 1197 918 1200 918 1203 918 1207 918 1313 901 1433 921 1437 921 1601 901 1632 921 1636 921 1639 921 1643 921 1835 901 1907 921 1910 921 1914 925 2356 925 2356 921 2359 921 2363 921 2397 897 2401 870 2394 832 2040 832 2027 832 1955 812 1951 812 1948 812 1944 812 1941 812 1941 815 1924 832 1920 836 1680 836 1667 832 1584 812 1581 812 1577 812 1509 832 1498 832 1488 832 1392 812 1389 812 1385 812 1382 812 1351 832 1348 832 1320 832 1162 815 1159 815 1155 815 1111 829 905 808 902 808 775 829 775 846"/></Shape>
	    <String CONTENT="מפני שאמרו האוכל תרומה שוגג משלם קרן לבעלים וחומש למי שירצה ˙˙"
                    HPOS="771"
                    VPOS="808"
                    WIDTH="1630"
                    HEIGHT="117"></String>
          </TextLine>

          
          
          <TextLine ID="eSc_line_10061b22"
                    
                    BASELINE="696 925 905 932 943 942 1011 935 1361 935 1756 945 2263 945 2390 945" 
                    HPOS="689"
                    VPOS="877"
                    WIDTH="1698"
                    HEIGHT="123">
            <Shape><Polygon POINTS="692 921 689 969 2380 1000 2387 942 2380 897 2335 918 2013 918 1903 897 1821 887 1817 887 1759 901 1701 911 1399 901 761 877 758 877 754 877 692 901 692 921"/></Shape>
	    <String CONTENT="ג&#39; המאכיל את פועליו ואת אורחיו תרומה הוא משלם את הקרן והן משלמין"
                    HPOS="689"
                    VPOS="877"
                    WIDTH="1698"
                    HEIGHT="123"></String>
          </TextLine>

          
          
          <TextLine ID="eSc_line_65966142"
                    
                    BASELINE="706 1004 878 1004 915 1010 1145 1014 1179 1021 2143 1017 2226 1024" 
                    HPOS="699"
                    VPOS="962"
                    WIDTH="1523"
                    HEIGHT="100">
            <Shape><Polygon POINTS="703 1000 703 1048 2212 1062 2222 1021 2219 986 1636 986 1509 962 1505 962 1413 983 1317 962 1313 962 1032 983 778 962 775 962 771 962 699 983 703 1000"/></Shape>
	    <String CONTENT="את החומש דברי ר&#39; מאיר וחכ&#39; אומ&#39; הן משלמין קרן וחומש והוא משלם להן"
                    HPOS="699"
                    VPOS="962"
                    WIDTH="1523"
                    HEIGHT="100"></String>
          </TextLine>

          
          
          <TextLine ID="eSc_line_99789311"
                    
                    BASELINE="689 1082 1032 1082 1073 1089 1159 1082 1197 1086 1238 1079 1399 1082 1468 1089 1680 1086 2329 1089 2411 1079" 
                    HPOS="682"
                    VPOS="1034"
                    WIDTH="1725"
                    HEIGHT="110">
            <Shape><Polygon POINTS="686 1079 682 1120 747 1141 751 1141 754 1144 1409 1144 1409 1141 1519 1123 2181 1141 2185 1141 2404 1120 2407 1075 2404 1058 1996 1058 1996 1055 1965 1034 1962 1034 1958 1034 1955 1034 1951 1034 1948 1034 1917 1055 1625 1038 1622 1038 1306 1055 1279 1034 1276 1034 1272 1034 1269 1034 1265 1034 1190 1055 1114 1034 1111 1034 713 1034 710 1034 706 1034 703 1034 686 1045 686 1079"/></Shape>
	    <String CONTENT="דמי סעודתן ˙˙ ד&#39; הגונב תרומה ולא אכלה משלם תשלומי כפל דמי תרומ(ה)"
                    HPOS="682"
                    VPOS="1034"
                    WIDTH="1725"
                    HEIGHT="110"></String>
          </TextLine>

          
          
          <TextLine ID="eSc_line_a30bf196"
                    
                    BASELINE="689 1158 963 1154 998 1161 1258 1165 2383 1165" 
                    HPOS="682"
                    VPOS="1113"
                    WIDTH="1698"
                    HEIGHT="106">
            <Shape><Polygon POINTS="686 1154 682 1195 812 1219 816 1219 819 1219 871 1199 912 1219 915 1219 919 1219 1080 1202 1210 1219 1214 1219 1217 1219 1221 1219 1245 1199 1348 1219 1351 1219 1461 1202 1701 1219 1704 1219 1708 1219 1711 1219 1711 1216 1728 1199 1859 1199 1900 1219 1903 1219 1907 1219 1910 1219 1999 1199 2377 1199 2380 1161 2380 1134 2329 1113 2325 1113 2322 1113 2123 1130 2116 1130 686 1123 686 1154"/></Shape>
	    <String CONTENT="ואכלה משלם שני קרנים וחומש קרן וחומש מן החולין וקרן דמי תרומ(ה)"
                    HPOS="682"
                    VPOS="1113"
                    WIDTH="1698"
                    HEIGHT="106"></String>
          </TextLine>

          
          
          <TextLine ID="eSc_line_e652fe00"
                    
                    BASELINE="734 1233 905 1233 939 1240 2260 1237 2383 1243" 
                    HPOS="727"
                    VPOS="1189"
                    WIDTH="1653"
                    HEIGHT="106">
            <Shape><Polygon POINTS="730 1230 730 1278 1735 1295 1739 1295 1766 1291 1831 1278 2047 1291 2092 1295 2095 1295 2119 1295 2267 1278 2370 1295 2380 1240 2377 1209 1848 1189 1845 1189 1841 1189 1838 1189 1817 1206 1732 1189 1728 1189 1608 1206 1543 1189 1540 1189 1536 1189 984 1206 802 1189 799 1189 795 1189 727 1206 730 1230"/></Shape>
	    <String CONTENT="גנב תרומת הקדש ואכלה משלם שני חמשים וקרן שאין בהקדש תשלומי כפל ˙˙"
                    HPOS="727"
                    VPOS="1189"
                    WIDTH="1653"
                    HEIGHT="106"></String>
          </TextLine>

          
          
          <TextLine ID="eSc_line_02141a2a"
                    
                    BASELINE="689 1305 936 1305 1176 1315 1344 1315 1382 1326 1468 1319 2315 1319" 
                    HPOS="682"
                    VPOS="1271"
                    WIDTH="1629"
                    HEIGHT="113">
            <Shape><Polygon POINTS="686 1302 682 1356 957 1356 963 1360 1015 1380 1018 1380 1022 1380 1025 1380 1083 1360 1087 1360 1155 1380 1159 1380 1162 1380 1197 1380 1231 1380 1265 1380 1300 1380 1334 1380 1368 1380 1402 1380 1437 1380 1450 1380 1454 1380 1457 1380 1481 1363 1488 1360 1502 1367 1547 1380 1550 1380 1574 1380 1608 1380 1643 1380 1677 1384 1697 1384 1697 1380 1701 1380 1704 1380 1721 1367 1735 1360 1787 1370 1859 1380 1862 1380 1931 1370 2006 1360 2078 1360 2095 1374 2102 1380 2106 1380 2109 1380 2112 1380 2150 1374 2212 1360 2305 1374 2311 1315 2308 1281 686 1271 686 1302"/></Shape>
	    <String CONTENT="ה&#39; אין משלמין מן הלקט ומן השכחה ומן הפיאה ומן ההבקיר ולא ממעשר"
                    HPOS="682"
                    VPOS="1271"
                    WIDTH="1629"
                    HEIGHT="113"></String>
          </TextLine>

          
          
          <TextLine ID="eSc_line_e126d567"
                    
                    BASELINE="720 1391 1615 1387 1694 1394 1793 1387 2088 1391 2215 1380" 
                    HPOS="713"
                    VPOS="1356"
                    WIDTH="1499"
                    HEIGHT="93">
            <Shape><Polygon POINTS="716 1387 716 1428 1437 1449 1440 1449 1444 1449 1502 1428 1588 1449 1591 1449 1595 1449 1598 1449 1656 1428 2085 1446 2088 1446 2209 1422 2212 1377 2205 1356 713 1356 716 1387"/></Shape>
	    <String CONTENT="ראשון שלא ניטלה תרומתו ולא ממעשר שני והקדש שלא נפדו שאין"
                    HPOS="713"
                    VPOS="1356"
                    WIDTH="1499"
                    HEIGHT="93"></String>
          </TextLine>

          
          
          <TextLine ID="eSc_line_318c0fc4"
                    
                    BASELINE="703 1476 754 1466 1197 1466 1231 1473 2359 1470 2404 1476" 
                    HPOS="696"
                    VPOS="1418"
                    WIDTH="1705"
                    HEIGHT="106">
            <Shape><Polygon POINTS="699 1473 699 1518 1989 1524 1992 1524 2390 1504 2401 1473 2397 1435 2315 1418 2311 1418 696 1435 699 1473"/></Shape>
	    <String CONTENT="הק(ו)דש פודה את הקודש דברי ר&#39; מאיר וחכמי&#39; מתירים באילו ˙˙ ו&#39; ר&#39; ליעזר"
                    HPOS="696"
                    VPOS="1418"
                    WIDTH="1705"
                    HEIGHT="106"></String>
          </TextLine>

          
          
          <TextLine ID="eSc_line_ddc13cb4"
                    
                    BASELINE="689 1548 898 1545 933 1535 967 1542 1293 1538 1348 1545 1498 1548 1903 1545 2281 1548 2318 1555 2404 1545" 
                    HPOS="682"
                    VPOS="1494"
                    WIDTH="1719"
                    HEIGHT="113">
            <Shape><Polygon POINTS="686 1545 686 1586 1138 1583 1159 1586 1286 1607 1289 1607 1293 1607 1296 1607 1296 1603 1320 1583 1324 1583 1512 1583 1519 1583 1656 1603 1660 1603 1663 1603 1745 1579 1756 1579 1769 1579 1896 1603 1900 1603 2236 1600 2239 1600 2243 1600 2263 1583 2335 1600 2339 1600 2342 1600 2346 1600 2401 1576 2401 1542 2397 1518 1938 1497 1934 1497 1660 1514 1553 1494 1550 1494 1547 1494 1543 1494 1516 1514 1488 1494 1485 1494 1481 1494 1478 1494 1063 1521 1046 1521 1035 1521 812 1497 809 1497 682 1521 686 1545"/></Shape>
	    <String CONTENT="אומ&#39; משלמין ממין על שאינו מינו ובלבד שישלם מן היפה על הרע"
                    HPOS="682"
                    VPOS="1494"
                    WIDTH="1719"
                    HEIGHT="113"></String>
          </TextLine>

          
          
          <TextLine ID="eSc_line_9420cb1f"
                    
                    BASELINE="682 1624 1605 1631 1687 1637 2363 1637 2407 1627" 
                    HPOS="675"
                    VPOS="1569"
                    WIDTH="1729"
                    HEIGHT="123">
            <Shape><Polygon POINTS="679 1620 675 1658 737 1682 740 1682 744 1682 984 1661 1001 1682 1005 1682 1005 1685 1008 1685 1011 1685 1015 1685 1138 1665 1200 1665 1221 1682 1221 1685 1224 1685 1227 1685 1231 1685 1234 1685 1306 1665 1416 1685 1420 1685 1636 1665 1701 1689 1704 1689 1708 1692 2044 1692 2044 1689 2047 1689 2085 1672 2106 1685 2109 1685 2112 1685 2116 1685 2119 1685 2164 1668 2342 1689 2346 1689 2349 1689 2401 1665 2404 1624 2397 1593 2119 1596 2112 1589 2099 1579 2099 1576 2095 1576 2092 1576 2088 1576 2085 1576 2082 1576 2064 1589 2058 1600 1811 1600 1783 1589 1732 1576 1728 1576 1725 1576 1721 1576 1718 1576 1704 1589 1694 1596 1653 1589 1543 1572 1540 1572 1536 1572 1471 1589 1454 1596 1186 1596 1159 1589 1080 1572 1077 1572 1073 1572 1025 1589 1011 1593 998 1589 946 1569 943 1569 939 1569 679 1586 679 1620"/></Shape>
	    <String CONTENT="ר&#39; עקיבה אומ&#39; אין משלמין אלא ממין על מינו ˙˙ ז&#39; לפיכך אם אכל קישואין"
                    HPOS="675"
                    VPOS="1569"
                    WIDTH="1729"
                    HEIGHT="123"></String>
          </TextLine>

          
          
          <TextLine ID="eSc_line_475da299"
                    
                    BASELINE="692 1699 1505 1699 1584 1706 1673 1703 2253 1706 2287 1699 2383 1699" 
                    HPOS="686"
                    VPOS="1672"
                    WIDTH="1694"
                    HEIGHT="92">
            <Shape><Polygon POINTS="689 1696 686 1740 987 1740 994 1744 1022 1761 1025 1761 1029 1761 1032 1761 1114 1744 1138 1740 1183 1744 1324 1761 1327 1764 1389 1764 1406 1761 1423 1764 1474 1764 1474 1761 1478 1761 1481 1761 1481 1757 1492 1747 1502 1740 1526 1747 1567 1761 1571 1761 1574 1761 1790 1751 2064 1740 2373 1757 2380 1696 2377 1672 689 1672 689 1696"/></Shape>
	    <String CONTENT="של ערב שביעית ימתין לקשיין של מוצאי שביעית וישלם מהם ממקום"
                    HPOS="686"
                    VPOS="1672"
                    WIDTH="1694"
                    HEIGHT="92"></String>
          </TextLine>

          
          
          <TextLine ID="eSc_line_d8032c5b"
                    
                    BASELINE="662 1768 823 1768 867 1775 1385 1775 1420 1768 1457 1778 1742 1781 2383 1775" 
                    HPOS="655"
                    VPOS="1723"
                    WIDTH="1725"
                    HEIGHT="113">
            <Shape><Polygon POINTS="658 1764 658 1816 2373 1836 2380 1771 2373 1744 2112 1744 2109 1740 2092 1727 2092 1723 2088 1723 2085 1723 2082 1723 2078 1723 2040 1740 2034 1744 1944 1740 1605 1727 1601 1727 1358 1740 1214 1747 1138 1740 1025 1727 1022 1727 655 1737 658 1764"/></Shape>
	    <String CONTENT="שר&#39; ליעזר מקל משם ר&#39; עקיבה מחמיר שנ&#39; ונתן לכהן את הקדש כל שהוא ראוי לעשו(ת)"
                    HPOS="655"
                    VPOS="1723"
                    WIDTH="1725"
                    HEIGHT="113"></String>
          </TextLine>

          
          
          <TextLine ID="eSc_line_b63b249f"
                    
                    BASELINE="926 1843 1375 1850 1409 1857 2390 1850" 
                    HPOS="919"
                    VPOS="1819"
                    WIDTH="1468"
                    HEIGHT="96">
            <Shape><Polygon POINTS="922 1840 922 1891 1142 1891 1152 1894 1190 1915 1193 1915 1197 1915 1200 1915 1262 1894 1276 1891 1320 1894 1454 1908 1457 1908 1461 1908 1495 1894 1509 1891 1519 1894 1571 1915 1574 1915 1577 1915 1711 1898 1715 1898 1879 1915 1883 1915 2383 1898 2387 1846 2383 1819 919 1819 922 1840"/></Shape>
	    <String CONTENT="קדש דברי ר&#39; ליעזר ר&#39; עקיבה אומ&#39; ונתן לכהן את הקדש הקדש שאכל ˙˙"
                    HPOS="919"
                    VPOS="1819"
                    WIDTH="1468"
                    HEIGHT="96"></String>
          </TextLine>

          
          
          <TextLine ID="eSc_line_ab837f13"
                    
                    BASELINE="692 1918 830 1918 864 1925 1581 1922 1656 1929 2054 1932 2390 1925" 
                    HPOS="686"
                    VPOS="1874"
                    WIDTH="1701"
                    HEIGHT="123">
            <Shape><Polygon POINTS="689 1915 689 1966 1018 1966 1035 1973 1056 1984 1059 1984 1063 1984 1107 1973 1162 1963 1632 1963 1694 1984 1732 1997 1735 1997 1739 1997 2054 1994 2058 1994 2061 1994 2064 1990 2109 1960 2181 1994 2185 1994 2188 1994 2191 1997 2383 1997 2387 1922 2380 1891 2305 1898 2291 1891 2270 1874 2267 1874 2263 1874 2191 1874 2188 1874 2185 1874 2181 1874 2181 1877 2164 1891 2154 1898 2071 1891 1972 1881 1968 1881 1965 1881 1931 1891 1903 1898 1893 1891 1872 1874 1869 1874 1866 1874 1862 1874 1763 1891 1694 1905 1382 1905 1368 1891 1354 1881 1354 1877 1351 1877 1348 1877 1344 1877 686 1891 689 1915"/></Shape>
	    <String CONTENT="הל&#39; ז&#39; פרק שביעי האוכל תרומה מזיד משלם את"
                    HPOS="686"
                    VPOS="1874"
                    WIDTH="1701"
                    HEIGHT="123"></String>
          </TextLine>

          
          
          <TextLine ID="eSc_line_0bf8fe87"
                    
                    BASELINE="716 2001 1464 2001" 
                    HPOS="713"
                    VPOS="1946"
                    WIDTH="748"
                    HEIGHT="113">
            <Shape><Polygon POINTS="713 1997 713 2042 1183 2042 1207 2052 1221 2059 1224 2059 1227 2059 1265 2056 1368 2042 1457 2059 1461 1997 1461 1973 1025 1946 1022 1946 713 1970 713 1997"/></Shape>
	    <String CONTENT="הקרן ואינו משלם את החומש"
                    HPOS="713"
                    VPOS="1946"
                    WIDTH="748"
                    HEIGHT="113"></String>
          </TextLine>

          
          
          <TextLine ID="eSc_line_53240640"
                    
                    BASELINE="703 2076 1437 2073 1471 2079 1622 2083 2071 2083 2212 2090 2383 2079" 
                    HPOS="696"
                    VPOS="2008"
                    WIDTH="1684"
                    HEIGHT="119">
            <Shape><Polygon POINTS="699 2073 699 2127 2377 2121 2380 2076 2377 2045 2311 2045 2277 2011 2277 2008 2274 2008 2270 2008 2267 2008 2263 2008 2174 2038 2071 2008 2068 2008 2064 2008 2061 2008 2058 2008 1999 2045 1759 2045 1728 2014 1728 2011 1725 2011 1721 2011 1409 2011 1406 2011 1402 2011 1399 2011 1351 2045 1348 2045 1231 2028 1227 2028 1131 2045 1073 2018 1070 2018 1066 2018 1063 2018 1059 2018 1025 2045 908 2014 905 2014 902 2014 696 2045 699 2073"/></Shape>
	    <String CONTENT="והתשלומין חולין ואם רצה הכהן למחול מוחל ˙˙ ב&#39; בת כהן שנישאת"
                    HPOS="696"
                    VPOS="2008"
                    WIDTH="1684"
                    HEIGHT="119"></String>
          </TextLine>

          
          
          <TextLine ID="eSc_line_4d7d9a0a"
                    
                    BASELINE="696 2155 2112 2155 2181 2162 2363 2155 2407 2162" 
                    HPOS="689"
                    VPOS="2107"
                    WIDTH="1715"
                    HEIGHT="110">
            <Shape><Polygon POINTS="692 2151 692 2217 727 2217 761 2217 795 2217 830 2217 830 2213 833 2213 836 2213 836 2210 854 2196 946 2213 963 2213 967 2217 1090 2217 1090 2213 1094 2213 1097 2213 1097 2210 1101 2210 1114 2196 1162 2210 1179 2213 1183 2213 1186 2213 1190 2213 1200 2210 1227 2196 1293 2206 1334 2213 1337 2213 1694 2203 1907 2196 1992 2199 2346 2213 2349 2213 2353 2213 2397 2193 2404 2158 2401 2124 2233 2107 2229 2107 2226 2107 2181 2124 2174 2127 1711 2127 1704 2124 1629 2107 1625 2107 1622 2107 1588 2124 1584 2127 1111 2127 1101 2124 864 2107 860 2107 689 2124 692 2151"/></Shape>
	    <String CONTENT="לישרﭏ ואחר כך אכלה בתרומה משלמת את הקרן ואינה משלמת את"
                    HPOS="689"
                    VPOS="2107"
                    WIDTH="1715"
                    HEIGHT="110"></String>
          </TextLine>

          
          
          <TextLine ID="eSc_line_255d6005"
                    
                    BASELINE="699 2223 946 2223 1025 2230 1289 2234 2394 2234" 
                    HPOS="692"
                    VPOS="2175"
                    WIDTH="1698"
                    HEIGHT="107">
            <Shape><Polygon POINTS="696 2220 692 2268 2383 2282 2390 2230 2387 2199 1835 2199 1835 2196 1780 2179 1776 2179 1773 2179 1769 2179 1725 2196 1725 2199 1464 2199 1461 2196 1437 2175 1433 2175 1430 2175 1426 2175 1423 2175 1420 2175 1420 2179 1402 2193 1382 2175 1378 2175 1375 2175 1372 2175 1272 2193 1149 2175 1145 2175 1142 2175 1094 2196 1090 2196 905 2196 782 2196 751 2175 747 2175 744 2175 740 2175 737 2175 696 2193 696 2220"/></Shape>
	    <String CONTENT="החומש ומיתתה בשריפה נשאת לאחד מכל הפסולים משלמת קרן וחומש ומיתת(ה)"
                    HPOS="692"
                    VPOS="2175"
                    WIDTH="1698"
                    HEIGHT="107"></String>
          </TextLine>

          
          
          <TextLine ID="eSc_line_10e02efb"
                    
                    BASELINE="703 2302 1135 2302 1248 2309 2397 2302" 
                    HPOS="696"
                    VPOS="2254"
                    WIDTH="1698"
                    HEIGHT="103">
            <Shape><Polygon POINTS="699 2299 699 2357 2390 2340 2394 2299 2390 2268 1505 2254 1502 2254 1498 2254 1433 2271 1423 2275 696 2275 699 2299"/></Shape>
	    <String CONTENT="בחנק דברי ר&#39; מאיר וחכמי&#39; אומ&#39; זו וזו משלמות את הקרן ואינן משלמות את החומש"
                    HPOS="696"
                    VPOS="2254"
                    WIDTH="1698"
                    HEIGHT="103"></String>
          </TextLine>

          
          
          <TextLine ID="eSc_line_65c81d21"
                    
                    BASELINE="696 2378 939 2374 1444 2384 2383 2378" 
                    HPOS="689"
                    VPOS="2350"
                    WIDTH="1691"
                    HEIGHT="76">
            <Shape><Polygon POINTS="692 2374 692 2419 2373 2426 2380 2374 2377 2350 689 2350 692 2374"/></Shape>
	    <String CONTENT="ומיתתן בשריפה ˙˙ ג&#39; המאכיל את בניו קטנים ואת עבדיו בין גדולים"
                    HPOS="689"
                    VPOS="2350"
                    WIDTH="1691"
                    HEIGHT="76"></String>
          </TextLine>

          
          
          <TextLine ID="eSc_line_5bcb11d3"
                    
                    BASELINE="696 2456 744 2450 826 2460 1996 2456 2030 2463 2147 2467 2414 2467" 
                    HPOS="689"
                    VPOS="2412"
                    WIDTH="1722"
                    HEIGHT="89">
            <Shape><Polygon POINTS="692 2453 692 2501 2407 2501 2411 2463 2407 2432 2257 2412 2253 2412 2250 2412 2246 2412 2219 2429 2215 2429 689 2415 692 2453"/></Shape>
	    <String CONTENT="בין קטנים האוכל תרומה חוצה לארץ והאוכל פחות מכזית תרומ(ה)"
                    HPOS="689"
                    VPOS="2412"
                    WIDTH="1722"
                    HEIGHT="89"></String>
          </TextLine>

          
          
          <TextLine ID="eSc_line_478cf33d"
                    
                    BASELINE="692 2528 740 2522 795 2522 836 2532 878 2525 1269 2525 1337 2535 1996 2535 2109 2542 2291 2542 2380 2532" 
                    HPOS="689"
                    VPOS="2477"
                    WIDTH="1688"
                    HEIGHT="110">
            <Shape><Polygon POINTS="689 2525 689 2580 1502 2566 1526 2583 1529 2583 1533 2583 1536 2583 1547 2583 1653 2566 1752 2583 1759 2583 1763 2583 1769 2583 1855 2566 1914 2583 1917 2583 1920 2587 2373 2587 2377 2528 2373 2501 1931 2501 1903 2477 1900 2477 1896 2477 1893 2477 1739 2498 1221 2477 1217 2477 1032 2494 847 2477 843 2477 689 2498 689 2525"/></Shape>
	    <String CONTENT="משלם את הקרן ואינו משלם את החומש והתשלומין חולין ואם רצה הכהן למחול [צ]"
                    HPOS="689"
                    VPOS="2477"
                    WIDTH="1688"
                    HEIGHT="110"></String>
          </TextLine>

          
          
          <TextLine ID="eSc_line_4ffa17de"
                    
                    BASELINE="706 2597 1131 2604 1234 2614 1276 2604 2270 2604 2308 2611 2428 2611" 
                    HPOS="699"
                    VPOS="2552"
                    WIDTH="1726"
                    HEIGHT="113">
            <Shape><Polygon POINTS="703 2593 699 2659 809 2641 984 2641 1018 2662 1022 2662 1025 2662 1029 2662 1214 2662 1224 2659 1227 2659 1231 2659 1258 2641 1426 2659 1498 2665 1502 2665 1553 2659 1649 2645 1783 2659 1845 2662 1848 2662 2421 2652 2425 2607 2425 2576 2171 2576 2171 2573 2154 2559 2154 2556 2150 2556 2147 2556 2143 2556 2140 2556 2136 2556 2109 2573 1893 2556 1890 2556 1351 2570 1286 2552 1282 2552 1279 2552 936 2570 737 2552 734 2552 730 2552 727 2552 703 2566 703 2593"/></Shape>
	    <String CONTENT="מוחל ˙˙ ד&#39; זה הכלל כל המשלם קרן וחומש והתשלומין תרומה אם רצה הכהן"
                    HPOS="699"
                    VPOS="2552"
                    WIDTH="1726"
                    HEIGHT="113"></String>
          </TextLine>

          
          
          <TextLine ID="eSc_line_e0171b90"
                    
                    BASELINE="675 2686 2085 2686 2346 2683 2394 2672" 
                    HPOS="668"
                    VPOS="2635"
                    WIDTH="1722"
                    HEIGHT="99">
            <Shape><Polygon POINTS="672 2683 672 2731 2387 2734 2390 2669 2383 2641 1979 2655 1835 2645 1680 2635 1677 2635 1577 2648 1519 2655 1368 2652 1063 2638 1059 2638 1056 2638 1015 2655 1008 2655 981 2655 761 2635 758 2635 754 2635 668 2655 672 2683"/></Shape>
	    <String CONTENT="למחול אינו מוחל וכל המשלם את הקרן ואינו משלם את החומש התשלומין"
                    HPOS="668"
                    VPOS="2635"
                    WIDTH="1722"
                    HEIGHT="99"></String>
          </TextLine>

          
          
          <TextLine ID="eSc_line_94286c27"
                    
                    BASELINE="689 2748 2078 2755 2126 2761 2281 2761 2318 2755 2414 2755" 
                    HPOS="682"
                    VPOS="2703"
                    WIDTH="1729"
                    HEIGHT="106">
            <Shape><Polygon POINTS="686 2744 682 2782 1005 2806 1008 2806 1464 2789 1615 2806 1619 2806 1622 2806 1684 2789 1694 2789 2215 2809 2219 2809 2407 2789 2411 2751 2411 2727 2353 2707 2349 2707 2346 2707 2260 2724 2257 2724 1852 2707 1848 2707 1732 2720 1711 2724 1694 2720 1612 2703 1608 2703 1605 2703 1550 2720 1547 2720 1540 2720 1413 2703 1409 2703 1406 2703 1402 2703 1385 2720 1382 2720 1348 2720 1063 2703 1059 2703 686 2713 686 2744"/></Shape>
	    <String CONTENT="חולין אם רצה הכהן למחול מוחל ˙˙ ה&#39; שתי קופות אחת של תרומה ואחת"
                    HPOS="682"
                    VPOS="2703"
                    WIDTH="1729"
                    HEIGHT="106"></String>
          </TextLine>

          
          
          <TextLine ID="eSc_line_750d2943"
                    
                    BASELINE="720 2833 1101 2833 1461 2840 1574 2833 1646 2844 1684 2837 2411 2837" 
                    HPOS="713"
                    VPOS="2782"
                    WIDTH="1694"
                    HEIGHT="120">
            <Shape><Polygon POINTS="716 2830 713 2892 922 2871 970 2888 974 2888 977 2888 1083 2874 1104 2892 1111 2895 1111 2898 1114 2898 1118 2898 1121 2902 1276 2902 1276 2898 1279 2898 1282 2898 1296 2888 1320 2874 1375 2888 1430 2898 1433 2898 1437 2898 1461 2885 1485 2874 1591 2874 1612 2885 1643 2898 1646 2898 1649 2902 1759 2902 1759 2898 1763 2898 1800 2881 1817 2874 1931 2878 2281 2898 2284 2898 2287 2898 2291 2898 2291 2895 2311 2874 2404 2871 2407 2833 2407 2803 2380 2785 2377 2785 2373 2785 2370 2785 2366 2785 2294 2803 1745 2785 1742 2785 1739 2785 1735 2785 1715 2806 1701 2806 1255 2806 1255 2803 1217 2785 1214 2785 1210 2785 1207 2785 1142 2803 1135 2803 1114 2803 830 2782 826 2782 716 2799 716 2830"/></Shape>
	    <String CONTENT="של חולין שנפלה סאה תרומה לתוך אחת מהן ואין ידוע לאי זו מהן"
                    HPOS="713"
                    VPOS="2782"
                    WIDTH="1694"
                    HEIGHT="120"></String>
          </TextLine>

          
          
          <TextLine ID="eSc_line_1d14ef2d"
                    
                    BASELINE="696 2919 1485 2919 1708 2926 2020 2922 2229 2929 2397 2922" 
                    HPOS="689"
                    VPOS="2861"
                    WIDTH="1705"
                    HEIGHT="113">
            <Shape><Polygon POINTS="692 2916 689 2957 2387 2974 2394 2919 2394 2892 2342 2861 2339 2861 2335 2861 2332 2861 2329 2861 2257 2895 1917 2895 1848 2861 1845 2861 1841 2861 1838 2861 1769 2888 1529 2888 1478 2861 1474 2861 1324 2861 1320 2861 1317 2861 1231 2892 1149 2868 1145 2868 1142 2868 1138 2868 1135 2868 1135 2871 1111 2895 1011 2895 950 2861 946 2861 871 2861 867 2861 692 2892 692 2916"/></Shape>
	    <String CONTENT="נפלה הרי אני אומר בתוך של תרומה ואי זו היא של חולים ˙˙ ו&#39; אכל את אחת"
                    HPOS="689"
                    VPOS="2861"
                    WIDTH="1705"
                    HEIGHT="113"></String>
          </TextLine>

          
          
          <TextLine ID="eSc_line_3380a1a7"
                    
                    BASELINE="662 2998 740 3008 1883 3015 2287 3015 2404 3005" 
                    HPOS="655"
                    VPOS="2953"
                    WIDTH="1746"
                    HEIGHT="131">
            <Shape><Polygon POINTS="658 2994 655 3066 840 3049 1193 3049 1241 3070 1255 3077 1258 3077 1262 3077 1289 3070 1368 3053 1601 3053 1625 3070 1629 3073 1629 3077 1632 3077 1636 3077 1715 3080 1718 3084 1951 3084 1951 3080 1955 3080 1972 3070 1999 3056 2088 3070 2123 3077 2126 3077 2397 3070 2401 3001 2401 2984 2380 2964 2380 2960 2377 2960 2373 2960 2370 2960 1824 2981 1440 2957 1437 2957 1039 2977 981 2953 977 2953 799 2953 795 2953 658 2974 658 2994"/></Shape>
	    <String CONTENT="מהן פטור והשנייה נוהג בה כתרומה וחייבת בחלה דברי ר&#39; מאיר ר&#39; יוסי"
                    HPOS="655"
                    VPOS="2953"
                    WIDTH="1746"
                    HEIGHT="131"></String>
          </TextLine>

          
        </TextBlock>
        

        
      </PrintSpace>
    </Page>
  </Layout>
</alto>
