<?xml version="1.0" encoding="UTF-8"?>
<alto xmlns:xsi="http://www.w3.org/2001/XMLSchema-instance"
      xmlns="http://www.loc.gov/standards/alto/ns-v4#"
      xsi:schemaLocation="http://www.loc.gov/standards/alto/ns-v4# http://www.loc.gov/standards/alto/v4/alto-4-2.xsd">
  <Description>
    <MeasurementUnit>pixel</MeasurementUnit>
    <sourceImageInformation>
      <fileName>MsParm3259_F13946_0109.jpg</fileName>
      
    </sourceImageInformation>
  </Description>
  
  <Tags>
    <OtherTag ID="BT1" LABEL="Title" DESCRIPTION="block type Title"/><OtherTag ID="BT2" LABEL="Main" DESCRIPTION="block type Main"/><OtherTag ID="BT3" LABEL="Commentary" DESCRIPTION="block type Commentary"/><OtherTag ID="BT4" LABEL="Illustration" DESCRIPTION="block type Illustration"/><OtherTag ID="BT740" LABEL="Margin" DESCRIPTION="block type Margin"/><OtherTag ID="BT741" LABEL="Paratext" DESCRIPTION="block type Paratext"/><OtherTag ID="BT742" LABEL="Hole" DESCRIPTION="block type Hole"/>
    <OtherTag ID="LT2" LABEL="Numbering" DESCRIPTION="line type Numbering"/><OtherTag ID="LT3" LABEL="Correction" DESCRIPTION="line type Correction"/>
  </Tags>
  
  <Layout>
    <Page WIDTH="3066"
          HEIGHT="4088"
          PHYSICAL_IMG_NR="101"
          ID="eSc_dummypage_">
      <PrintSpace HPOS="0"
                  VPOS="0"
                  WIDTH="3066"
                  HEIGHT="4088">
        
        <TextBlock HPOS="1442.0"
                   VPOS="642.0"
                   WIDTH="942.0"
                   HEIGHT="2389.0"
                   ID="eSc_textblock_65651"
                   TAGREFS="BT2">
          <Shape><Polygon POINTS="2384 3031 2384 654 1453 642 1442 3013 2384 3031"/></Shape>
          
          
          <TextLine ID="eSc_line_969829"
                    
                    BASELINE="1428 717 1462 717 1489 724 1539 719 1621 722 1671 715 1923 715 2055 710 2352 713" 
                    HPOS="1427.0"
                    VPOS="620.0"
                    WIDTH="923.0"
                    HEIGHT="156.0">
            <Shape><Polygon POINTS="1427 715 1430 688 1560 664 1594 633 1652 647 1679 620 1710 647 1764 664 1825 660 1853 681 1914 630 1958 671 2054 647 2081 674 2122 677 2170 633 2210 667 2268 664 2285 677 2340 626 2350 711 2340 756 2299 756 2272 729 2244 756 2176 746 2122 759 2095 746 1955 766 1924 746 1856 769 1808 749 1573 773 1533 746 1495 776 1464 756 1430 769"/></Shape>
	    <String CONTENT="פרט לחרטום ולציפרנים ולכנפיים"
                    HPOS="1427.0"
                    VPOS="620.0"
                    WIDTH="923.0"
                    HEIGHT="156.0"></String>
          </TextLine>

          
          
          <TextLine ID="eSc_line_969837"
                    
                    BASELINE="1517 785 1580 790 1605 794 1830 792 1875 797 1898 790 1957 788 1984 783 2355 783" 
                    HPOS="1515.0"
                    VPOS="732.0"
                    WIDTH="839.0"
                    HEIGHT="106.0">
            <Shape><Polygon POINTS="1515 783 1693 752 1808 752 1853 773 1924 749 1958 773 2061 756 2244 759 2272 732 2354 780 2323 827 2292 807 2251 834 2156 827 2098 780 2061 780 2044 797 2023 783 1989 817 1965 807 1928 831 1907 810 1825 834 1778 821 1751 838 1727 824 1682 831 1645 793 1614 821 1594 803 1519 824"/></Shape>
	    <String CONTENT="ולנוצה : פרק ב&#39; ˙"
                    HPOS="1515.0"
                    VPOS="732.0"
                    WIDTH="839.0"
                    HEIGHT="106.0"></String>
          </TextLine>

          
          
          <TextLine ID="eSc_line_969885"
                    
                    BASELINE="1417 860 1448 858 1498 865 1573 867 1766 867 1835 860 1996 860 2073 856 2352 858" 
                    HPOS="1413.0"
                    VPOS="790.0"
                    WIDTH="937.0"
                    HEIGHT="119.0">
            <Shape><Polygon POINTS="1413 858 1468 793 1526 831 1611 827 1645 797 1679 831 1751 838 1778 824 2016 824 2057 790 2095 821 2122 793 2180 831 2272 827 2299 803 2350 855 2340 895 2279 906 2231 878 2200 902 2088 899 2047 882 1958 902 1924 885 1890 902 1843 889 1604 909 1498 909 1423 858"/></Shape>
	    <String CONTENT="לא יאכלו לחייב את המאכיל כאוכל ˙"
                    HPOS="1413.0"
                    VPOS="790.0"
                    WIDTH="937.0"
                    HEIGHT="119.0"></String>
          </TextLine>

          
          
          <TextLine ID="eSc_line_969831"
                    
                    BASELINE="1426 933 1458 940 2082 937 2130 942 2157 935 2225 933 2287 940 2346 940" 
                    HPOS="1423.0"
                    VPOS="882.0"
                    WIDTH="920.0"
                    HEIGHT="105.0">
            <Shape><Polygon POINTS="1423 930 1468 899 1676 909 1836 892 1894 902 1931 885 1948 902 2016 906 2057 885 2088 902 2200 902 2231 882 2258 909 2316 899 2343 936 2330 977 2227 953 2187 981 2159 953 2108 981 2030 981 1975 960 1958 977 1856 967 1659 987 1533 984 1512 964 1485 977 1427 940"/></Shape>
	    <String CONTENT="או לא יאכלו אלא לאוסרם בהנאה ˙"
                    HPOS="1423.0"
                    VPOS="882.0"
                    WIDTH="920.0"
                    HEIGHT="105.0"></String>
          </TextLine>

          
          
          <TextLine ID="eSc_line_969832"
                    
                    BASELINE="1426 1022 1982 1022 2016 1015 2116 1015 2143 1010 2361 1012" 
                    HPOS="1423.0"
                    VPOS="953.0"
                    WIDTH="937.0"
                    HEIGHT="113.0">
            <Shape><Polygon POINTS="1423 1022 1509 967 1533 987 1785 974 1819 984 1863 970 1914 984 1955 981 1979 960 2013 984 2108 984 2159 953 2187 981 2227 953 2323 977 2360 1011 2333 1059 2251 1045 2037 1066 1992 1049 1478 1066 1434 1022"/></Shape>
	    <String CONTENT="תל&#39; לו&#39; לא תאכלום הא כיצד באכילה"
                    HPOS="1423.0"
                    VPOS="953.0"
                    WIDTH="937.0"
                    HEIGHT="113.0"></String>
          </TextLine>

          
          
          <TextLine ID="eSc_line_969833"
                    
                    BASELINE="1430 1096 1485 1103 1791 1103 1891 1096 1998 1096 2023 1090 2073 1094 2227 1094 2255 1090 2361 1085" 
                    HPOS="1427.0"
                    VPOS="1049.0"
                    WIDTH="933.0"
                    HEIGHT="99.0">
            <Shape><Polygon POINTS="1427 1093 1471 1066 1522 1062 1880 1069 1986 1052 2040 1069 2180 1062 2204 1049 2319 1056 2350 1062 2360 1083 2350 1113 2316 1134 2241 1120 2187 1141 2142 1141 2101 1120 2074 1141 1965 1131 1846 1144 1798 1124 1757 1141 1727 1127 1682 1144 1642 1134 1475 1148 1430 1103"/></Shape>
	    <String CONTENT="הם אסורים ובהנאה הם מותרים ˙ הא"
                    HPOS="1427.0"
                    VPOS="1049.0"
                    WIDTH="933.0"
                    HEIGHT="99.0"></String>
          </TextLine>

          
          
          <TextLine ID="eSc_line_969886"
                    
                    BASELINE="1437 1176 2137 1176 2184 1171 2355 1165" 
                    HPOS="1434.0"
                    VPOS="1127.0"
                    WIDTH="920.0"
                    HEIGHT="99.0">
            <Shape><Polygon POINTS="1434 1175 1464 1148 1686 1144 1727 1127 1757 1144 1798 1127 1819 1141 1952 1141 1975 1127 1989 1141 2078 1144 2244 1131 2323 1137 2354 1161 2343 1205 2326 1212 2173 1216 2139 1202 2098 1222 2064 1205 2026 1219 1979 1185 1941 1219 1911 1202 1866 1219 1679 1202 1645 1219 1519 1209 1468 1226 1437 1195"/></Shape>
	    <String CONTENT="מה אני מקיים לא יאכלו לחייב את"
                    HPOS="1434.0"
                    VPOS="1127.0"
                    WIDTH="920.0"
                    HEIGHT="99.0"></String>
          </TextLine>

          
          
          <TextLine ID="eSc_line_969834"
                    
                    BASELINE="1439 1251 1494 1258 1703 1255 1730 1260 1762 1251 1853 1251 1900 1246 2037 1249 2291 1242 2373 1233" 
                    HPOS="1437.0"
                    VPOS="1188.0"
                    WIDTH="934.0"
                    HEIGHT="120.0">
            <Shape><Polygon POINTS="1437 1250 1461 1226 1645 1222 1682 1202 1761 1222 1900 1209 1928 1233 1975 1188 2020 1216 2101 1222 2139 1202 2221 1216 2336 1209 2371 1229 2336 1277 2302 1291 2241 1274 2183 1291 2166 1274 2135 1274 2122 1291 1999 1287 1965 1267 1907 1297 1863 1284 1771 1301 1747 1284 1730 1301 1642 1287 1607 1304 1529 1308 1481 1301 1444 1263"/></Shape>
	    <String CONTENT="המאכיל כאוכל : ב&#39; את אלה תשקצו"
                    HPOS="1437.0"
                    VPOS="1188.0"
                    WIDTH="934.0"
                    HEIGHT="120.0"></String>
          </TextLine>

          
          
          <TextLine ID="eSc_line_969879"
                    
                    BASELINE="1419 1337 1453 1335 1501 1339 1728 1339 1873 1328 2198 1328 2221 1333 2248 1326 2298 1330 2364 1326" 
                    HPOS="1417.0"
                    VPOS="1274.0"
                    WIDTH="943.0"
                    HEIGHT="112.0">
            <Shape><Polygon POINTS="1417 1335 1420 1314 1451 1318 1475 1301 1730 1301 1751 1284 1774 1301 2006 1301 2050 1280 2112 1301 2210 1291 2231 1274 2265 1294 2343 1297 2360 1325 2347 1366 2299 1376 2238 1352 2193 1372 2176 1359 2084 1376 2026 1352 1972 1372 1764 1369 1635 1386 1604 1362 1570 1379 1502 1379 1420 1335"/></Shape>
	    <String CONTENT="מן לא יאכלו ˙ הרי זה בא לעיניין איסור"
                    HPOS="1417.0"
                    VPOS="1274.0"
                    WIDTH="943.0"
                    HEIGHT="112.0"></String>
          </TextLine>

          
          
          <TextLine ID="eSc_line_969880"
                    
                    BASELINE="1435 1405 1467 1412 2082 1412 2150 1405 2364 1399" 
                    HPOS="1434.0"
                    VPOS="1352.0"
                    WIDTH="926.0"
                    HEIGHT="106.0">
            <Shape><Polygon POINTS="1434 1403 1464 1362 1536 1383 1580 1379 1601 1359 1635 1383 1975 1376 2026 1352 2054 1376 2112 1362 2197 1376 2234 1355 2265 1379 2336 1372 2360 1396 2350 1447 2248 1458 2135 1444 1880 1454 1825 1427 1795 1451 1744 1437 1655 1458 1607 1437 1587 1454 1505 1458 1485 1437 1468 1451 1437 1420"/></Shape>
	    <String CONTENT="אכילה ˙ ולא לעיניין היתר אכילה ˙ מכלל"
                    HPOS="1434.0"
                    VPOS="1352.0"
                    WIDTH="926.0"
                    HEIGHT="106.0"></String>
          </TextLine>

          
          
          <TextLine ID="eSc_line_969838"
                    
                    BASELINE="1453 1485 1510 1494 1555 1494 1680 1487 1760 1487 1782 1483 2359 1485" 
                    HPOS="1451.0"
                    VPOS="1427.0"
                    WIDTH="906.0"
                    HEIGHT="109.0">
            <Shape><Polygon POINTS="1451 1481 1478 1481 1498 1461 1584 1458 1611 1437 1676 1458 1802 1451 1825 1427 1849 1451 1887 1454 2347 1451 2357 1481 2347 1519 2272 1533 2132 1529 2118 1515 2071 1533 1880 1529 1856 1505 1808 1529 1754 1509 1723 1529 1539 1536 1505 1529 1461 1485"/></Shape>
	    <String CONTENT="שנ&#39; כירק עשב נתתי לכם את כל ˙ הכל"
                    HPOS="1451.0"
                    VPOS="1427.0"
                    WIDTH="906.0"
                    HEIGHT="109.0"></String>
          </TextLine>

          
          
          <TextLine ID="eSc_line_969881"
                    
                    BASELINE="1428 1564 1467 1569 1517 1564 2130 1564 2202 1569 2227 1562 2252 1562 2364 1567" 
                    HPOS="1427.0"
                    VPOS="1509.0"
                    WIDTH="933.0"
                    HEIGHT="112.0">
            <Shape><Polygon POINTS="1427 1563 1430 1539 1447 1550 1488 1533 1733 1533 1757 1509 1843 1536 2074 1533 2115 1519 2241 1536 2330 1526 2350 1529 2360 1563 2336 1597 2262 1607 2159 1601 2139 1584 2112 1611 2023 1594 1972 1611 1938 1580 1897 1611 1795 1611 1778 1594 1733 1611 1710 1587 1686 1611 1638 1618 1505 1604 1468 1621 1430 1601"/></Shape>
	    <String CONTENT="היה בחזקת היתר עד שלא ניתנה תורה"
                    HPOS="1427.0"
                    VPOS="1509.0"
                    WIDTH="933.0"
                    HEIGHT="112.0"></String>
          </TextLine>

          
          
          <TextLine ID="eSc_line_969842"
                    
                    BASELINE="1446 1653 1682 1651 1705 1646 2327 1648 2361 1642" 
                    HPOS="1444.0"
                    VPOS="1587.0"
                    WIDTH="916.0"
                    HEIGHT="112.0">
            <Shape><Polygon POINTS="1444 1652 1498 1607 1642 1621 1682 1614 1710 1587 1737 1614 1982 1614 2020 1601 2115 1611 2139 1587 2193 1614 2330 1597 2350 1604 2360 1638 2326 1689 2292 1679 2217 1693 2170 1693 2142 1665 2115 1689 2003 1689 1979 1669 1952 1696 1907 1679 1754 1686 1737 1669 1642 1696 1495 1699 1447 1655"/></Shape>
	    <String CONTENT="ליש&#39; ˙ אבל משניתנה תורה ליש&#39; בא [הכ&#39;]"
                    HPOS="1444.0"
                    VPOS="1587.0"
                    WIDTH="916.0"
                    HEIGHT="112.0"></String>
          </TextLine>

          
          
          <TextLine ID="eSc_line_969843"
                    
                    BASELINE="1455 1730 1825 1730 1950 1723 2352 1716" 
                    HPOS="1454.0"
                    VPOS="1662.0"
                    WIDTH="896.0"
                    HEIGHT="116.0">
            <Shape><Polygon POINTS="1454 1727 1481 1699 1703 1696 1733 1676 1764 1696 1822 1686 1873 1703 1900 1682 1952 1703 1982 1672 2009 1696 2105 1693 2139 1662 2173 1693 2292 1682 2340 1693 2350 1713 2340 1764 2299 1771 2190 1774 2159 1754 2146 1768 2040 1771 2023 1754 1982 1751 1962 1771 1843 1761 1485 1778 1458 1751"/></Shape>
	    <String CONTENT="הכתוב להבדיל : ג&#39; את הנשר ואת"
                    HPOS="1454.0"
                    VPOS="1662.0"
                    WIDTH="896.0"
                    HEIGHT="116.0"></String>
          </TextLine>

          
          
          <TextLine ID="eSc_line_969844"
                    
                    BASELINE="1453 1814 1489 1810 2039 1812 2062 1807 2168 1805 2221 1807 2361 1798" 
                    HPOS="1451.0"
                    VPOS="1764.0"
                    WIDTH="909.0"
                    HEIGHT="96.0">
            <Shape><Polygon POINTS="1451 1812 1509 1771 1597 1778 1614 1764 1652 1778 1856 1781 2003 1764 2016 1778 2336 1764 2360 1795 2350 1843 2296 1853 2210 1843 1958 1856 1907 1829 1887 1843 1856 1829 1815 1860 1693 1843 1509 1856 1458 1812"/></Shape>
	    <String CONTENT="הפרס ואת העזניה ˙ ר&#39; עקיבה או&#39; נאמ&#39;"
                    HPOS="1451.0"
                    VPOS="1764.0"
                    WIDTH="909.0"
                    HEIGHT="96.0"></String>
          </TextLine>

          
          
          <TextLine ID="eSc_line_969845"
                    
                    BASELINE="1444 1889 2037 1889 2339 1887 2368 1880" 
                    HPOS="1441.0"
                    VPOS="1825.0"
                    WIDTH="926.0"
                    HEIGHT="120.0">
            <Shape><Polygon POINTS="1441 1887 1488 1853 1819 1856 1846 1829 1883 1846 1907 1825 1934 1853 2357 1853 2367 1877 2336 1938 2255 1945 2142 1934 2122 1914 2095 1938 2044 1941 1941 1911 1887 1934 1737 1931 1699 1914 1682 1931 1570 1938 1505 1931 1458 1887"/></Shape>
	    <String CONTENT="כאן נשר ˙ ונאמר להלן נשר ˙ מה נשר"
                    HPOS="1441.0"
                    VPOS="1825.0"
                    WIDTH="926.0"
                    HEIGHT="120.0"></String>
          </TextLine>

          
          
          <TextLine ID="eSc_line_969846"
                    
                    BASELINE="1444 1969 1526 1975 2143 1973 2380 1975" 
                    HPOS="1441.0"
                    VPOS="1924.0"
                    WIDTH="936.0"
                    HEIGHT="102.0">
            <Shape><Polygon POINTS="1441 1965 1488 1928 1590 1941 1706 1924 1829 1941 2343 1938 2371 1945 2377 1972 2354 2013 2221 2016 2187 1999 2159 2016 2108 2009 2091 2026 2071 2009 1989 2016 1972 1999 1948 2016 1839 2016 1798 1999 1768 2016 1662 2006 1515 2020 1444 1975"/></Shape>
	    <String CONTENT="האמור כאן עשה את האמורים בנשר"
                    HPOS="1441.0"
                    VPOS="1924.0"
                    WIDTH="936.0"
                    HEIGHT="102.0"></String>
          </TextLine>

          
          
          <TextLine ID="eSc_line_969847"
                    
                    BASELINE="1444 2050 1508 2057 1678 2057 1798 2050 2180 2050 2232 2046 2357 2046 2386 2050" 
                    HPOS="1441.0"
                    VPOS="1999.0"
                    WIDTH="943.0"
                    HEIGHT="106.0">
            <Shape><Polygon POINTS="1441 2047 1481 2009 1699 2020 1774 2016 1798 1999 1819 2016 1948 2016 1972 1999 2023 2023 2071 2013 2091 2033 2108 2016 2343 2016 2384 2047 2354 2091 2323 2081 2306 2095 2258 2067 2204 2095 2101 2078 2047 2091 1791 2081 1737 2095 1533 2091 1498 2105 1444 2050"/></Shape>
	    <String CONTENT="בבל תאכל ובבל תאכיל ˙ אף נשר האמ&#39;"
                    HPOS="1441.0"
                    VPOS="1999.0"
                    WIDTH="943.0"
                    HEIGHT="106.0"></String>
          </TextLine>

          
          
          <TextLine ID="eSc_line_969848"
                    
                    BASELINE="1446 2121 1903 2121 1948 2116 1975 2123 2130 2123 2155 2118 2364 2121" 
                    HPOS="1444.0"
                    VPOS="2067.0"
                    WIDTH="916.0"
                    HEIGHT="106.0">
            <Shape><Polygon POINTS="1444 2118 1597 2088 2095 2081 2210 2095 2258 2067 2285 2091 2350 2091 2360 2118 2347 2166 2248 2170 2224 2149 2200 2173 2112 2166 2095 2149 2033 2166 1948 2166 1917 2149 1873 2166 1805 2153 1529 2170 1471 2118 1447 2118"/></Shape>
	    <String CONTENT="להלן נעשה את האמורים בנשר בבל"
                    HPOS="1444.0"
                    VPOS="2067.0"
                    WIDTH="916.0"
                    HEIGHT="106.0"></String>
          </TextLine>

          
          
          <TextLine ID="eSc_line_969849"
                    
                    BASELINE="1448 2205 1732 2205 1755 2200 2373 2200" 
                    HPOS="1447.0"
                    VPOS="2149.0"
                    WIDTH="924.0"
                    HEIGHT="102.0">
            <Shape><Polygon POINTS="1447 2204 1509 2159 1584 2173 1607 2159 1645 2170 1659 2156 1808 2156 1870 2170 1917 2149 1992 2170 2098 2153 2115 2170 2193 2170 2214 2190 2234 2170 2326 2163 2371 2197 2360 2238 2319 2248 2231 2248 2214 2234 2187 2251 1986 2251 1958 2224 1931 2241 1904 2224 1873 2241 1733 2234 1710 2251 1672 2238 1553 2251 1498 2248 1451 2221"/></Shape>
	    <String CONTENT="תאכל ובבל תאכיל ˙ ר&#39; ישמעﭏ או&#39; נאמ&#39;"
                    HPOS="1447.0"
                    VPOS="2149.0"
                    WIDTH="924.0"
                    HEIGHT="102.0"></String>
          </TextLine>

          
          
          <TextLine ID="eSc_line_969850"
                    
                    BASELINE="1453 2284 1533 2293 1614 2287 1746 2287 1771 2282 1991 2282 2046 2289 2177 2287 2200 2282 2330 2282 2386 2287" 
                    HPOS="1451.0"
                    VPOS="2227.0"
                    WIDTH="933.0"
                    HEIGHT="113.0">
            <Shape><Polygon POINTS="1451 2282 1492 2251 1713 2251 1737 2238 1856 2251 1904 2227 1931 2248 1958 2227 1989 2258 2347 2248 2384 2285 2343 2326 2279 2336 2149 2323 2129 2302 2030 2333 1982 2313 1955 2336 1914 2323 1890 2340 1825 2313 1805 2330 1638 2316 1495 2336 1454 2299"/></Shape>
	    <String CONTENT="כאן איה ונאמ&#39; להלן דיה ˙ מה דיה [האמ&#39;]"
                    HPOS="1451.0"
                    VPOS="2227.0"
                    WIDTH="933.0"
                    HEIGHT="113.0"></String>
          </TextLine>

          
          
          <TextLine ID="eSc_line_969852"
                    
                    BASELINE="1435 2366 1489 2377 1564 2373 2039 2375 2096 2368 2311 2368 2371 2361" 
                    HPOS="1434.0"
                    VPOS="2323.0"
                    WIDTH="933.0"
                    HEIGHT="99.0">
            <Shape><Polygon POINTS="1434 2364 1488 2330 1655 2343 1768 2326 1819 2340 1843 2323 1887 2340 2037 2333 2067 2364 2149 2350 2170 2333 2347 2330 2367 2360 2350 2401 2262 2415 1900 2405 1699 2418 1604 2408 1580 2422 1488 2415 1441 2367"/></Shape>
	    <String CONTENT="האמורה [כאן] ↑ עשה את הראה מין דיה ˙"
                    HPOS="1434.0"
                    VPOS="2323.0"
                    WIDTH="933.0"
                    HEIGHT="99.0"></String>
          </TextLine>

          
          
          <TextLine ID="eSc_line_969851"
                    TAGREFS="LT3"
                    BASELINE="2047 2342 2139 2339" 
                    HPOS="2046.0"
                    VPOS="2327.0"
                    WIDTH="93.0"
                    HEIGHT="38.0">
            <Shape><Polygon POINTS="2046 2330 2138 2327 2139 2362 2047 2365"/></Shape>
	    <String CONTENT="להלן"
                    HPOS="2046.0"
                    VPOS="2327.0"
                    WIDTH="93.0"
                    HEIGHT="38.0"></String>
          </TextLine>

          
          
          <TextLine ID="eSc_line_969840"
                    
                    BASELINE="1453 2441 1519 2448 1671 2448 1694 2443 2327 2441 2355 2436 2386 2441" 
                    HPOS="1451.0"
                    VPOS="2405.0"
                    WIDTH="933.0"
                    HEIGHT="88.0">
            <Shape><Polygon POINTS="1451 2439 1522 2408 1584 2418 1751 2405 2153 2418 2347 2405 2384 2439 2347 2483 2221 2473 2159 2493 2044 2480 1873 2490 1853 2476 1498 2490 1454 2445"/></Shape>
	    <String CONTENT="אף דיה אמורה כאן עשה את הראה"
                    HPOS="1451.0"
                    VPOS="2405.0"
                    WIDTH="933.0"
                    HEIGHT="88.0"></String>
          </TextLine>

          
          
          <TextLine ID="eSc_line_969828"
                    
                    BASELINE="1428 2523 1662 2523 1687 2518 2330 2518 2391 2523" 
                    HPOS="1427.0"
                    VPOS="2459.0"
                    WIDTH="961.0"
                    HEIGHT="109.0">
            <Shape><Polygon POINTS="1427 2520 1468 2490 2013 2480 2047 2497 2074 2480 2112 2497 2197 2480 2347 2486 2374 2459 2388 2520 2377 2561 2357 2551 2282 2568 2227 2551 2067 2561 2044 2541 2009 2561 1904 2558 1880 2534 1846 2565 1648 2555 1492 2568 1468 2565 1430 2527"/></Shape>
	    <String CONTENT="מין דיה : ד&#39; [ע]איסי בן יהודה או&#39; מאה"
                    HPOS="1427.0"
                    VPOS="2459.0"
                    WIDTH="961.0"
                    HEIGHT="109.0"></String>
          </TextLine>

          
          
          <TextLine ID="eSc_line_969853"
                    
                    BASELINE="1417 2593 1480 2602 1803 2602 1825 2598 1962 2595 2293 2595 2343 2591 2373 2593" 
                    HPOS="1413.0"
                    VPOS="2534.0"
                    WIDTH="958.0"
                    HEIGHT="119.0">
            <Shape><Polygon POINTS="1413 2592 1461 2565 1846 2565 1877 2534 1904 2558 1945 2561 2227 2555 2285 2568 2360 2555 2371 2592 2360 2640 1924 2640 1863 2606 1829 2640 1795 2623 1771 2640 1485 2636 1464 2653 1417 2606"/></Shape>
	    <String CONTENT="עופות טמיאין כול&#39; ויש מאה עופות"
                    HPOS="1413.0"
                    VPOS="2534.0"
                    WIDTH="958.0"
                    HEIGHT="119.0"></String>
          </TextLine>

          
          
          <TextLine ID="eSc_line_969835"
                    
                    BASELINE="1453 2677 1537 2673 2373 2673" 
                    HPOS="1451.0"
                    VPOS="2606.0"
                    WIDTH="920.0"
                    HEIGHT="126.0">
            <Shape><Polygon POINTS="1451 2674 1492 2640 1832 2640 1866 2606 1917 2640 2343 2636 2371 2670 2360 2698 2306 2715 2241 2698 2200 2721 2047 2718 2023 2694 2003 2715 1880 2704 1856 2721 1832 2708 1754 2721 1740 2708 1665 2715 1642 2694 1604 2732 1573 2711 1515 2732 1458 2674"/></Shape>
	    <String CONTENT="טמאין במערב וכולן מין דאיה הם"
                    HPOS="1451.0"
                    VPOS="2606.0"
                    WIDTH="920.0"
                    HEIGHT="126.0"></String>
          </TextLine>

          
          
          <TextLine ID="eSc_line_969841"
                    
                    BASELINE="1473 2750 1508 2750 1533 2757 1839 2754 1894 2759 1921 2752 1950 2750 2321 2752 2361 2745" 
                    HPOS="1471.0"
                    VPOS="2698.0"
                    WIDTH="889.0"
                    HEIGHT="102.0">
            <Shape><Polygon POINTS="1471 2749 1512 2745 1550 2715 1597 2742 1642 2698 1665 2718 1839 2725 1914 2721 1931 2708 1999 2721 2023 2701 2047 2725 2108 2728 2210 2721 2244 2698 2268 2718 2343 2715 2360 2742 2340 2793 2258 2783 2241 2796 2166 2796 2139 2783 1989 2800 1883 2796 1843 2773 1815 2796 1689 2793 1669 2773 1618 2793 1546 2796 1498 2749"/></Shape>
	    <String CONTENT="וכולן כדי שלא ליתן פתח כול&#39; : ה&#39;"
                    HPOS="1471.0"
                    VPOS="2698.0"
                    WIDTH="889.0"
                    HEIGHT="102.0"></String>
          </TextLine>

          
          
          <TextLine ID="eSc_line_969836"
                    
                    BASELINE="1460 2827 2366 2827" 
                    HPOS="1458.0"
                    VPOS="2776.0"
                    WIDTH="906.0"
                    HEIGHT="99.0">
            <Shape><Polygon POINTS="1458 2824 1509 2786 1543 2800 1642 2796 1669 2776 1693 2800 1822 2800 1846 2776 1883 2796 1982 2800 2153 2790 2238 2803 2268 2790 2347 2796 2364 2824 2357 2868 2309 2875 2135 2861 2037 2861 2023 2875 1897 2861 1829 2875 1481 2875 1464 2858"/></Shape>
	    <String CONTENT="עורב זה עורב גדול למיניהו להביא [ע&#39;]"
                    HPOS="1458.0"
                    VPOS="2776.0"
                    WIDTH="906.0"
                    HEIGHT="99.0"></String>
          </TextLine>

          
          
          <TextLine ID="eSc_line_969830"
                    
                    BASELINE="1446 2902 2373 2897" 
                    HPOS="1444.0"
                    VPOS="2865.0"
                    WIDTH="927.0"
                    HEIGHT="85.0">
            <Shape><Polygon POINTS="1444 2899 1475 2875 1529 2865 2020 2878 2037 2865 2279 2868 2350 2871 2371 2895 2360 2933 2313 2950 2234 2936 2135 2950 1669 2950 1642 2922 1621 2943 1533 2946 1488 2943 1447 2902"/></Shape>
	    <String CONTENT="עורב העמקי ועורב הבא בין היונים ˙"
                    HPOS="1444.0"
                    VPOS="2865.0"
                    WIDTH="927.0"
                    HEIGHT="85.0"></String>
          </TextLine>

          
          
          <TextLine ID="eSc_line_969839"
                    
                    BASELINE="1458 2977 1519 2984 1891 2984 1980 2977 2037 2979 2246 2972 2384 2972" 
                    HPOS="1454.0"
                    VPOS="2926.0"
                    WIDTH="927.0"
                    HEIGHT="136.0">
            <Shape><Polygon POINTS="1454 2974 1488 2943 1621 2946 1642 2926 1665 2950 1952 2950 2030 2936 2316 2950 2354 2933 2381 2970 2371 3025 2336 3055 2265 3028 2207 3062 2135 3059 2088 3014 2057 3031 2040 3014 1969 3004 1934 3042 1914 3021 1791 3025 1761 3042 1703 3018 1662 3045 1624 3028 1577 3031 1550 3011 1519 3035 1461 2977"/></Shape>
	    <String CONTENT="ר&#39; אליעזר אומ&#39; להביא סנונית לבנה"
                    HPOS="1454.0"
                    VPOS="2926.0"
                    WIDTH="927.0"
                    HEIGHT="136.0"></String>
          </TextLine>

          
        </TextBlock>
        
        <TextBlock HPOS="388.0"
                   VPOS="660.0"
                   WIDTH="945.0"
                   HEIGHT="2381.0"
                   ID="eSc_textblock_65652"
                   TAGREFS="BT2">
          <Shape><Polygon POINTS="1069 3041 1324 3031 1333 2986 1324 663 399 660 388 3022 1069 3041"/></Shape>
          
          
          <TextLine ID="eSc_line_969884"
                    
                    BASELINE="358 733 390 731 554 740 788 729 1142 729 1215 733 1249 719 1303 722" 
                    HPOS="357.0"
                    VPOS="630.0"
                    WIDTH="944.0"
                    HEIGHT="153.0">
            <Shape><Polygon POINTS="357 732 442 660 511 694 572 701 650 701 705 647 749 691 875 681 889 691 909 671 936 684 987 671 1028 688 1100 664 1131 694 1178 698 1205 671 1243 671 1280 630 1301 718 1294 742 1253 769 1096 769 1069 746 1028 776 930 763 858 773 831 752 803 776 657 783 511 766 412 783 364 735"/></Shape>
	    <String CONTENT="אמרו לו אנשי שוק העליון שבירושלם"
                    HPOS="357.0"
                    VPOS="630.0"
                    WIDTH="944.0"
                    HEIGHT="153.0"></String>
          </TextLine>

          
          
          <TextLine ID="eSc_line_969873"
                    
                    BASELINE="392 801 429 806 451 801 526 810 608 813 799 813 824 808 1006 801 1292 803" 
                    HPOS="391.0"
                    VPOS="746.0"
                    WIDTH="900.0"
                    HEIGHT="109.0">
            <Shape><Polygon POINTS="391 800 473 766 643 783 725 780 742 766 803 776 831 752 858 776 1028 776 1069 746 1093 769 1274 769 1291 800 1277 844 1045 851 960 848 940 831 923 848 783 851 756 838 647 855 432 851 395 814"/></Shape>
	    <String CONTENT="היו אוכלין סנונית לבנה מפני [שקרקב&#39;]"
                    HPOS="391.0"
                    VPOS="746.0"
                    WIDTH="900.0"
                    HEIGHT="109.0"></String>
          </TextLine>

          
          
          <TextLine ID="eSc_line_969874"
                    
                    BASELINE="408 878 445 874 554 885 794 885 881 878 976 878 1001 874 1283 876" 
                    HPOS="405.0"
                    VPOS="838.0"
                    WIDTH="875.0"
                    HEIGHT="95.0">
            <Shape><Polygon POINTS="405 875 453 851 599 861 756 838 780 851 926 851 940 838 1035 851 1246 838 1270 841 1280 875 1260 912 1199 919 1134 909 1117 923 1052 923 1032 906 1004 926 919 926 780 909 718 930 664 916 633 930 599 902 534 933 466 933 408 878"/></Shape>
	    <String CONTENT="שקורקבנו נקלף ˙ אמ&#39; להן אף הם"
                    HPOS="405.0"
                    VPOS="838.0"
                    WIDTH="875.0"
                    HEIGHT="95.0"></String>
          </TextLine>

          
          
          <TextLine ID="eSc_line_969878"
                    
                    BASELINE="401 951 463 958 960 958 1044 951 1126 951 1153 947 1351 947" 
                    HPOS="398.0"
                    VPOS="902.0"
                    WIDTH="951.0"
                    HEIGHT="106.0">
            <Shape><Polygon POINTS="398 950 425 950 449 926 575 923 596 902 637 933 657 919 715 933 776 912 974 926 1032 906 1117 923 1304 902 1338 906 1349 943 1338 984 1297 970 1250 977 1229 998 1022 984 987 1001 936 991 851 1004 773 987 735 1008 688 987 657 1001 633 977 602 1004 463 1004 432 977 401 981"/></Shape>
	    <String CONTENT="עתידים ליתן את הדין : ו&#39; למינהו"
                    HPOS="398.0"
                    VPOS="902.0"
                    WIDTH="951.0"
                    HEIGHT="106.0"></String>
          </TextLine>

          
          
          <TextLine ID="eSc_line_969888"
                    
                    BASELINE="390 1042 508 1037 947 1040 994 1035 1101 1033 1126 1028 1278 1031 1310 1024" 
                    HPOS="388.0"
                    VPOS="977.0"
                    WIDTH="920.0"
                    HEIGHT="113.0">
            <Shape><Polygon POINTS="388 1039 432 1008 609 1011 691 994 749 1015 943 991 957 1004 1233 998 1253 977 1308 1022 1236 1073 909 1079 848 1066 810 1090 708 1076 623 1090 589 1073 446 1090 419 1086 391 1059"/></Shape>
	    <String CONTENT="להביא את הזרזיר ˙ אנשי כפר תמרתא"
                    HPOS="388.0"
                    VPOS="977.0"
                    WIDTH="920.0"
                    HEIGHT="113.0"></String>
          </TextLine>

          
          
          <TextLine ID="eSc_line_969875"
                    
                    BASELINE="390 1112 447 1121 860 1121 999 1110 1289 1112" 
                    HPOS="388.0"
                    VPOS="1069.0"
                    WIDTH="899.0"
                    HEIGHT="96.0">
            <Shape><Polygon POINTS="388 1110 436 1083 568 1073 613 1086 810 1090 844 1076 1168 1069 1270 1073 1287 1110 1277 1148 1257 1151 919 1148 889 1165 633 1151 446 1165 395 1113"/></Shape>
	    <String CONTENT="היו אומ&#39; בת היענה זה נעמית ˙ תחמס"
                    HPOS="388.0"
                    VPOS="1069.0"
                    WIDTH="899.0"
                    HEIGHT="96.0"></String>
          </TextLine>

          
          
          <TextLine ID="eSc_line_969876"
                    
                    BASELINE="411 1187 467 1194 976 1194 1165 1183 1301 1185" 
                    HPOS="408.0"
                    VPOS="1148.0"
                    WIDTH="889.0"
                    HEIGHT="92.0">
            <Shape><Polygon POINTS="408 1185 466 1158 889 1171 909 1158 1117 1148 1270 1151 1297 1182 1270 1226 858 1240 664 1240 637 1222 613 1240 548 1226 483 1240 429 1188"/></Shape>
	    <String CONTENT="זה התפית ˙ שחף כמשמעו ˙ נץ נץ"
                    HPOS="408.0"
                    VPOS="1148.0"
                    WIDTH="889.0"
                    HEIGHT="92.0"></String>
          </TextLine>

          
          
          <TextLine ID="eSc_line_969877"
                    
                    BASELINE="417 1265 606 1265 685 1269 742 1269 794 1265 1292 1267" 
                    HPOS="415.0"
                    VPOS="1222.0"
                    WIDTH="876.0"
                    HEIGHT="99.0">
            <Shape><Polygon POINTS="415 1263 449 1229 749 1240 780 1226 807 1240 1199 1222 1277 1229 1291 1263 1270 1308 1178 1294 1148 1311 1124 1294 1096 1308 878 1311 807 1291 759 1314 722 1301 698 1321 620 1304 582 1318 565 1304 446 1314 419 1291"/></Shape>
	    <String CONTENT="ממש ˙ כשהוא אומ&#39; למינהו להביא"
                    HPOS="415.0"
                    VPOS="1222.0"
                    WIDTH="876.0"
                    HEIGHT="99.0"></String>
          </TextLine>

          
          
          <TextLine ID="eSc_line_969861"
                    
                    BASELINE="411 1349 1103 1349 1162 1342 1314 1342" 
                    HPOS="408.0"
                    VPOS="1291.0"
                    WIDTH="903.0"
                    HEIGHT="109.0">
            <Shape><Polygon POINTS="408 1345 412 1325 439 1335 470 1308 715 1321 783 1314 814 1291 889 1314 1151 1311 1185 1297 1277 1308 1311 1338 1301 1369 1274 1383 1148 1376 1076 1393 810 1389 790 1372 773 1389 500 1400 412 1359"/></Shape>
	    <String CONTENT="הכוס והקאת והשלך ואת הינשוף"
                    HPOS="408.0"
                    VPOS="1291.0"
                    WIDTH="903.0"
                    HEIGHT="109.0"></String>
          </TextLine>

          
          
          <TextLine ID="eSc_line_969862"
                    
                    BASELINE="390 1423 422 1430 897 1430 919 1426 1037 1423 1071 1419 1310 1421" 
                    HPOS="388.0"
                    VPOS="1383.0"
                    WIDTH="920.0"
                    HEIGHT="95.0">
            <Shape><Polygon POINTS="388 1420 432 1389 589 1400 1120 1383 1270 1383 1308 1420 1297 1458 1280 1464 889 1468 831 1451 807 1468 483 1464 419 1478 391 1451"/></Shape>
	    <String CONTENT="והדוכיפת והתנשמת זה בעופות זאת"
                    HPOS="388.0"
                    VPOS="1383.0"
                    WIDTH="920.0"
                    HEIGHT="95.0"></String>
          </TextLine>

          
          
          <TextLine ID="eSc_line_969860"
                    
                    BASELINE="417 1503 1242 1501 1303 1505" 
                    HPOS="415.0"
                    VPOS="1451.0"
                    WIDTH="886.0"
                    HEIGHT="102.0">
            <Shape><Polygon POINTS="415 1502 425 1481 487 1464 783 1471 834 1451 858 1471 1291 1468 1301 1502 1291 1543 1253 1546 1039 1550 981 1536 960 1553 861 1550 790 1546 769 1526 711 1546 439 1550 419 1529"/></Shape>
	    <String CONTENT="או אינו אומ&#39; זה בלא בתנשמת [שבע&#39;]"
                    HPOS="415.0"
                    VPOS="1451.0"
                    WIDTH="886.0"
                    HEIGHT="102.0"></String>
          </TextLine>

          
          
          <TextLine ID="eSc_line_969871"
                    
                    BASELINE="401 1576 438 1573 545 1585 1006 1585 1028 1580 1208 1578 1235 1573 1314 1576" 
                    HPOS="398.0"
                    VPOS="1529.0"
                    WIDTH="913.0"
                    HEIGHT="102.0">
            <Shape><Polygon POINTS="398 1573 449 1546 715 1553 769 1529 790 1550 1287 1543 1311 1573 1301 1618 1253 1624 906 1614 892 1628 793 1628 746 1611 729 1628 620 1631 497 1611 466 1631 401 1628"/></Shape>
	    <String CONTENT="שבעופות או אינו אלא תינשמת"
                    HPOS="398.0"
                    VPOS="1529.0"
                    WIDTH="913.0"
                    HEIGHT="102.0"></String>
          </TextLine>

          
          
          <TextLine ID="eSc_line_969870"
                    
                    BASELINE="413 1660 472 1666 960 1664 1015 1669 1037 1662 1303 1655" 
                    HPOS="412.0"
                    VPOS="1607.0"
                    WIDTH="889.0"
                    HEIGHT="103.0">
            <Shape><Polygon POINTS="412 1659 442 1631 500 1618 671 1635 732 1628 759 1607 780 1628 821 1631 889 1628 906 1611 940 1628 1042 1631 1274 1621 1301 1652 1291 1693 1270 1699 1154 1703 1117 1682 1100 1703 1004 1710 930 1696 449 1703 415 1669"/></Shape>
	    <String CONTENT="שבשדות צא למד כולה החסידה זה"
                    HPOS="412.0"
                    VPOS="1607.0"
                    WIDTH="889.0"
                    HEIGHT="103.0"></String>
          </TextLine>

          
          
          <TextLine ID="eSc_line_969882"
                    
                    BASELINE="401 1739 436 1735 483 1739 951 1739 997 1735 1128 1732 1153 1726 1203 1730 1328 1730" 
                    HPOS="398.0"
                    VPOS="1682.0"
                    WIDTH="927.0"
                    HEIGHT="103.0">
            <Shape><Polygon POINTS="398 1737 473 1693 511 1706 1008 1706 1103 1699 1120 1682 1154 1703 1287 1699 1325 1727 1277 1774 1205 1781 1154 1757 1103 1778 977 1785 759 1785 729 1771 572 1781 487 1768 456 1785 408 1737"/></Shape>
	    <String CONTENT="דאה לבנה ˙ נפה זה היא דוכיפת ˙ וכולן"
                    HPOS="398.0"
                    VPOS="1682.0"
                    WIDTH="927.0"
                    HEIGHT="103.0"></String>
          </TextLine>

          
          
          <TextLine ID="eSc_line_969869"
                    
                    BASELINE="417 1812 454 1810 563 1821 960 1821 1015 1816 1201 1814 1308 1821" 
                    HPOS="415.0"
                    VPOS="1764.0"
                    WIDTH="889.0"
                    HEIGHT="102.0">
            <Shape><Polygon POINTS="415 1808 480 1771 817 1791 1076 1785 1168 1764 1195 1781 1284 1778 1304 1819 1287 1860 1240 1849 1202 1863 1161 1849 1035 1866 1008 1849 933 1866 671 1853 572 1863 551 1839 528 1860 490 1863 456 1860 419 1822"/></Shape>
	    <String CONTENT="מין דאה הן ˙ דוכיפת זה חורשת [שבש&#39;]"
                    HPOS="415.0"
                    VPOS="1764.0"
                    WIDTH="889.0"
                    HEIGHT="102.0"></String>
          </TextLine>

          
          
          <TextLine ID="eSc_line_969855"
                    
                    BASELINE="383 1894 442 1891 465 1896 585 1896 663 1903 931 1903 1024 1896 1115 1896 1165 1891 1319 1891" 
                    HPOS="381.0"
                    VPOS="1843.0"
                    WIDTH="937.0"
                    HEIGHT="105.0">
            <Shape><Polygon POINTS="381 1890 429 1856 528 1863 548 1843 572 1863 674 1853 759 1870 1243 1856 1297 1863 1318 1890 1308 1914 1246 1938 1137 1948 1073 1938 1056 1921 933 1948 892 1931 872 1945 773 1945 759 1931 725 1948 585 1948 551 1931 490 1945 466 1931 436 1941 384 1907"/></Shape>
	    <String CONTENT="שבשדה : ז&#39; עורב זה עורב ˙ כל עורב"
                    HPOS="381.0"
                    VPOS="1843.0"
                    WIDTH="937.0"
                    HEIGHT="105.0"></String>
          </TextLine>

          
          
          <TextLine ID="eSc_line_969854"
                    
                    BASELINE="370 1975 490 1984 985 1984 1131 1978 1237 1978 1260 1973 1321 1969" 
                    HPOS="367.0"
                    VPOS="1917.0"
                    WIDTH="951.0"
                    HEIGHT="109.0">
            <Shape><Polygon POINTS="367 1972 371 1952 419 1941 1052 1938 1131 1952 1243 1941 1294 1917 1308 1921 1318 1965 1311 1996 1284 2020 1100 2009 1083 2026 970 2023 950 2003 926 2026 848 2026 827 2006 810 2023 763 2026 500 2013 459 2026 422 2020 374 1982"/></Shape>
	    <String CONTENT="להביא עורב העמקי ועורב הבא בראש"
                    HPOS="367.0"
                    VPOS="1917.0"
                    WIDTH="951.0"
                    HEIGHT="109.0"></String>
          </TextLine>

          
          
          <TextLine ID="eSc_line_969859"
                    
                    BASELINE="429 2050 490 2057 1312 2053" 
                    HPOS="425.0"
                    VPOS="2006.0"
                    WIDTH="886.0"
                    HEIGHT="95.0">
            <Shape><Polygon POINTS="425 2047 493 2016 926 2030 950 2006 974 2030 1083 2030 1100 2013 1120 2026 1287 2023 1311 2050 1301 2091 1260 2084 1222 2101 1148 2101 1131 2084 1035 2101 998 2101 981 2084 936 2101 606 2098 558 2081 490 2098 442 2050"/></Shape>
	    <String CONTENT="היונים ˙ למינו להביא את הזרזירים ˙"
                    HPOS="425.0"
                    VPOS="2006.0"
                    WIDTH="886.0"
                    HEIGHT="95.0"></String>
          </TextLine>

          
          
          <TextLine ID="eSc_line_969866"
                    
                    BASELINE="420 2132 981 2132 1003 2128 1324 2128" 
                    HPOS="419.0"
                    VPOS="2081.0"
                    WIDTH="902.0"
                    HEIGHT="99.0">
            <Shape><Polygon POINTS="419 2129 459 2098 531 2091 950 2105 974 2088 1069 2098 1090 2081 1117 2098 1202 2101 1263 2081 1297 2091 1321 2125 1287 2163 1240 2173 1171 2173 1158 2159 1141 2173 1120 2159 1011 2173 970 2159 875 2180 660 2166 633 2180 575 2163 459 2180 422 2142"/></Shape>
	    <String CONTENT="למינהו להביא את הסנונים ˙ נץ זה בן"
                    HPOS="419.0"
                    VPOS="2081.0"
                    WIDTH="902.0"
                    HEIGHT="99.0"></String>
          </TextLine>

          
          
          <TextLine ID="eSc_line_969887"
                    
                    BASELINE="383 2205 445 2212 1321 2207" 
                    HPOS="381.0"
                    VPOS="2163.0"
                    WIDTH="937.0"
                    HEIGHT="99.0">
            <Shape><Polygon POINTS="381 2204 422 2176 729 2187 953 2176 967 2163 994 2180 1144 2176 1158 2163 1178 2180 1291 2170 1318 2204 1280 2258 1233 2244 1212 2255 1185 2227 1154 2251 1096 2262 1066 2241 1018 2255 998 2234 953 2258 899 2255 878 2234 844 2262 688 2262 657 2241 592 2258 432 2258 384 2210"/></Shape>
	    <String CONTENT="הנץ ˙ למינהו להביא את בר הוריא ˙ מה"
                    HPOS="381.0"
                    VPOS="2163.0"
                    WIDTH="937.0"
                    HEIGHT="99.0"></String>
          </TextLine>

          
          
          <TextLine ID="eSc_line_969868"
                    
                    BASELINE="401 2289 699 2302 828 2300 851 2305 876 2298 1028 2296 1056 2291 1310 2291" 
                    HPOS="398.0"
                    VPOS="2231.0"
                    WIDTH="910.0"
                    HEIGHT="119.0">
            <Shape><Polygon POINTS="398 2285 425 2282 456 2251 582 2268 609 2255 841 2265 875 2234 906 2265 977 2268 1042 2258 1059 2241 1103 2265 1188 2231 1212 2255 1233 2241 1284 2258 1308 2289 1297 2326 1263 2340 1212 2313 1175 2343 1127 2340 1096 2313 1045 2343 1011 2333 981 2350 957 2330 919 2347 902 2326 885 2340 851 2326 790 2350 718 2336 463 2340 401 2289"/></Shape>
	    <String CONTENT="תל&#39; לומ&#39; למינהו למינהו ארבעה [פע&#39;]"
                    HPOS="398.0"
                    VPOS="2231.0"
                    WIDTH="910.0"
                    HEIGHT="119.0"></String>
          </TextLine>

          
          
          <TextLine ID="eSc_line_969856"
                    
                    BASELINE="377 2368 411 2375 465 2373 542 2377 765 2380 1074 2380 1321 2373" 
                    HPOS="374.0"
                    VPOS="2309.0"
                    WIDTH="944.0"
                    HEIGHT="116.0">
            <Shape><Polygon POINTS="374 2367 429 2309 459 2340 487 2343 817 2347 851 2326 875 2343 960 2330 981 2350 1226 2336 1287 2340 1318 2371 1294 2422 1233 2425 1127 2422 1110 2408 1083 2422 998 2422 943 2391 916 2418 885 2398 844 2418 814 2391 773 2418 599 2405 425 2418 395 2388 378 2394"/></Shape>
	    <String CONTENT="פעמים ˙ שיכול אילו יהו אסורים ואילו"
                    HPOS="374.0"
                    VPOS="2309.0"
                    WIDTH="944.0"
                    HEIGHT="116.0"></String>
          </TextLine>

          
          
          <TextLine ID="eSc_line_969863"
                    
                    BASELINE="408 2441 440 2448 912 2448 969 2443 997 2452 1115 2450 1155 2445 1321 2448" 
                    HPOS="405.0"
                    VPOS="2391.0"
                    WIDTH="913.0"
                    HEIGHT="102.0">
            <Shape><Polygon POINTS="405 2439 446 2411 776 2418 814 2391 848 2422 878 2398 916 2422 947 2394 991 2418 1287 2418 1318 2445 1270 2486 1175 2493 1090 2493 1076 2480 943 2493 923 2473 868 2493 844 2469 814 2493 677 2493 620 2476 599 2490 500 2493 429 2490 408 2469"/></Shape>
	    <String CONTENT="יהו מותרים ˙ תל&#39; לו&#39; למינהו ריבה ˙ הא"
                    HPOS="405.0"
                    VPOS="2391.0"
                    WIDTH="913.0"
                    HEIGHT="102.0"></String>
          </TextLine>

          
          
          <TextLine ID="eSc_line_969864"
                    
                    BASELINE="399 2523 445 2532 467 2527 1305 2527" 
                    HPOS="398.0"
                    VPOS="2480.0"
                    WIDTH="906.0"
                    HEIGHT="95.0">
            <Shape><Polygon POINTS="398 2520 401 2503 436 2490 950 2497 1028 2480 1086 2493 1287 2490 1304 2524 1280 2565 1107 2568 1062 2544 1022 2568 930 2568 912 2551 889 2575 858 2558 742 2572 694 2548 667 2568 463 2568 408 2524"/></Shape>
	    <String CONTENT="כיצד הוי למד מן המפורש ˙ מה נשר"
                    HPOS="398.0"
                    VPOS="2480.0"
                    WIDTH="906.0"
                    HEIGHT="95.0"></String>
          </TextLine>

          
          
          <TextLine ID="eSc_line_969867"
                    
                    BASELINE="408 2604 440 2600 1035 2604 1085 2600 1289 2602 1321 2595" 
                    HPOS="405.0"
                    VPOS="2555.0"
                    WIDTH="913.0"
                    HEIGHT="98.0">
            <Shape><Polygon POINTS="405 2602 449 2568 885 2578 912 2555 930 2572 1280 2565 1318 2592 1291 2633 1253 2623 1229 2646 1107 2646 1086 2629 1056 2646 902 2646 882 2633 848 2650 718 2653 674 2633 657 2650 449 2653 408 2609"/></Shape>
	    <String CONTENT="מפורש שאין לו אצבע יתירה ואין"
                    HPOS="405.0"
                    VPOS="2555.0"
                    WIDTH="913.0"
                    HEIGHT="98.0"></String>
          </TextLine>

          
          
          <TextLine ID="eSc_line_969872"
                    
                    BASELINE="401 2675 436 2673 488 2677 644 2679 667 2684 1012 2684 1090 2677 1167 2677 1242 2673 1303 2675" 
                    HPOS="398.0"
                    VPOS="2623.0"
                    WIDTH="903.0"
                    HEIGHT="105.0">
            <Shape><Polygon POINTS="398 2674 473 2643 637 2650 674 2629 708 2650 1222 2650 1257 2623 1291 2636 1301 2674 1270 2718 1229 2715 1212 2728 1144 2711 1066 2721 1035 2704 1011 2728 981 2711 964 2725 875 2728 776 2715 739 2728 701 2715 548 2721 517 2701 470 2721 408 2674"/></Shape>
	    <String CONTENT="לו זְפק ואין קורקבנו נקלף ודורס"
                    HPOS="398.0"
                    VPOS="2623.0"
                    WIDTH="903.0"
                    HEIGHT="105.0"></String>
          </TextLine>

          
          
          <TextLine ID="eSc_line_969865"
                    
                    BASELINE="390 2761 422 2752 499 2757 810 2754 833 2759 1046 2759 1140 2754 1321 2757" 
                    HPOS="388.0"
                    VPOS="2708.0"
                    WIDTH="930.0"
                    HEIGHT="95.0">
            <Shape><Polygon POINTS="388 2759 446 2708 466 2721 735 2728 1011 2728 1039 2708 1086 2728 1280 2725 1318 2755 1284 2800 855 2803 752 2790 643 2796 596 2776 562 2800 534 2779 514 2796 453 2796 408 2752"/></Shape>
	    <String CONTENT="ואוכל וכל שכיוצא בו אסור ˙ מה [תר&#39;]"
                    HPOS="388.0"
                    VPOS="2708.0"
                    WIDTH="930.0"
                    HEIGHT="95.0"></String>
          </TextLine>

          
          
          <TextLine ID="eSc_line_969858"
                    
                    BASELINE="392 2829 429 2825 456 2829 867 2827 890 2832 1076 2834 1187 2834 1301 2827" 
                    HPOS="391.0"
                    VPOS="2779.0"
                    WIDTH="906.0"
                    HEIGHT="99.0">
            <Shape><Polygon POINTS="391 2827 446 2796 511 2796 528 2779 555 2800 599 2786 681 2803 1287 2796 1297 2824 1287 2865 1127 2878 824 2865 810 2851 780 2851 746 2875 715 2854 681 2871 582 2871 558 2854 459 2868 415 2827"/></Shape>
	    <String CONTENT="תרין ובני יונה מיוחדין שיש להם"
                    HPOS="391.0"
                    VPOS="2779.0"
                    WIDTH="906.0"
                    HEIGHT="99.0"></String>
          </TextLine>

          
          
          <TextLine ID="eSc_line_969827"
                    
                    BASELINE="386 2893 417 2904 445 2900 1303 2902" 
                    HPOS="384.0"
                    VPOS="2851.0"
                    WIDTH="917.0"
                    HEIGHT="109.0">
            <Shape><Polygon POINTS="384 2892 425 2858 718 2858 746 2871 810 2851 831 2868 950 2875 1291 2868 1301 2899 1280 2943 1195 2936 1137 2950 1096 2936 970 2943 957 2929 940 2943 906 2929 858 2943 831 2926 817 2939 623 2936 589 2950 548 2933 473 2936 436 2960 388 2912"/></Shape>
	    <String CONTENT="אצבע יתירה ויש להן זפק וקורקבנן"
                    HPOS="384.0"
                    VPOS="2851.0"
                    WIDTH="917.0"
                    HEIGHT="109.0"></String>
          </TextLine>

          
          
          <TextLine ID="eSc_line_969857"
                    
                    BASELINE="383 2975 567 2972 624 2984 1305 2984" 
                    HPOS="381.0"
                    VPOS="2933.0"
                    WIDTH="923.0"
                    HEIGHT="146.0">
            <Shape><Polygon POINTS="381 2974 449 2967 476 2939 565 2939 592 2960 613 2939 940 2946 953 2933 1001 2950 1274 2943 1304 2980 1294 3072 1260 3076 1219 3052 1185 3079 1148 3052 1131 3059 1100 3028 1011 3045 977 3021 916 3048 878 3021 810 3072 783 3055 739 3062 684 3011 660 3008 623 3031 596 3008 545 3038 528 3021 487 3028 419 2977 384 2984"/></Shape>
	    <String CONTENT="נקלף ואינן דורסין ואוכלין וכל"
                    HPOS="381.0"
                    VPOS="2933.0"
                    WIDTH="923.0"
                    HEIGHT="146.0"></String>
          </TextLine>

          
        </TextBlock>
        
        <TextBlock HPOS="470.0"
                   VPOS="3340.0"
                   WIDTH="308.0"
                   HEIGHT="100.0"
                   ID="eSc_textblock_65647"
                   TAGREFS="BT741">
          <Shape><Polygon POINTS="733 3440 778 3413 751 3340 470 3361 533 3379 479 3397 499 3422 733 3440"/></Shape>
          
          
          <TextLine ID="eSc_line_969883"
                    
                    BASELINE="454 3383 535 3381 694 3388 772 3383" 
                    HPOS="453.0"
                    VPOS="3324.0"
                    WIDTH="316.0"
                    HEIGHT="147.0">
            <Shape><Polygon POINTS="453 3382 548 3328 613 3345 691 3324 763 3345 769 3382 759 3427 735 3450 681 3427 640 3444 620 3427 555 3471 456 3382"/></Shape>
	    <String CONTENT="[שכיוצא ˙]"
                    HPOS="453.0"
                    VPOS="3324.0"
                    WIDTH="316.0"
                    HEIGHT="147.0"></String>
          </TextLine>

          
        </TextBlock>
        

        
      </PrintSpace>
    </Page>
  </Layout>
</alto>
