<?xml version="1.0" encoding="UTF-8"?>
<alto xmlns:xsi="http://www.w3.org/2001/XMLSchema-instance"
      xmlns="http://www.loc.gov/standards/alto/ns-v4#"
      xsi:schemaLocation="http://www.loc.gov/standards/alto/ns-v4# http://www.loc.gov/standards/alto/v4/alto-4-2.xsd">
  <Description>
    <MeasurementUnit>pixel</MeasurementUnit>
    <sourceImageInformation>
      <fileName>MsParm3259_F13946_0091.jpg</fileName>
      
    </sourceImageInformation>
  </Description>
  
  <Tags>
    <OtherTag ID="BT1" LABEL="Title" DESCRIPTION="block type Title"/><OtherTag ID="BT2" LABEL="Main" DESCRIPTION="block type Main"/><OtherTag ID="BT3" LABEL="Commentary" DESCRIPTION="block type Commentary"/><OtherTag ID="BT4" LABEL="Illustration" DESCRIPTION="block type Illustration"/><OtherTag ID="BT740" LABEL="Margin" DESCRIPTION="block type Margin"/><OtherTag ID="BT741" LABEL="Paratext" DESCRIPTION="block type Paratext"/><OtherTag ID="BT742" LABEL="Hole" DESCRIPTION="block type Hole"/>
    <OtherTag ID="LT2" LABEL="Numbering" DESCRIPTION="line type Numbering"/><OtherTag ID="LT3" LABEL="Correction" DESCRIPTION="line type Correction"/>
  </Tags>
  
  <Layout>
    <Page WIDTH="3066"
          HEIGHT="4088"
          PHYSICAL_IMG_NR="83"
          ID="eSc_dummypage_">
      <PrintSpace HPOS="0"
                  VPOS="0"
                  WIDTH="3066"
                  HEIGHT="4088">
        
        <TextBlock HPOS="1451.0"
                   VPOS="742.0"
                   WIDTH="951.0"
                   HEIGHT="2380.0"
                   ID="eSc_textblock_65479"
                   TAGREFS="BT2">
          <Shape><Polygon POINTS="2402 754 1471 742 1451 3077 2384 3122 2402 754"/></Shape>
          
          
          <TextLine ID="eSc_line_968601"
                    
                    BASELINE="1448 806 1682 813 1966 801 2371 801" 
                    HPOS="1447.0"
                    VPOS="722.0"
                    WIDTH="920.0"
                    HEIGHT="129.0">
            <Shape><Polygon POINTS="1447 803 1468 769 1505 752 1526 769 1556 739 1628 756 1662 746 1679 759 1696 746 1737 749 1764 722 1822 766 1907 729 2033 749 2064 769 2084 769 2122 732 2176 763 2214 722 2262 759 2292 746 2357 756 2367 800 2350 834 2302 838 2282 824 2262 841 2224 834 2163 851 2091 838 1999 851 1972 834 1941 848 1832 851 1785 834 1751 851 1665 851 1652 838 1628 851 1515 851 1471 807"/></Shape>
	    <String CONTENT="יהו חייבין מיד תל&#39; לו&#39; אשר יקרב אמ&#39; רבי"
                    HPOS="1447.0"
                    VPOS="722.0"
                    WIDTH="920.0"
                    HEIGHT="129.0"></String>
          </TextLine>

          
          
          <TextLine ID="eSc_line_968602"
                    
                    BASELINE="1448 874 1480 888 1503 883 1928 885 1953 881 2134 878 2157 874 2361 876" 
                    HPOS="1447.0"
                    VPOS="824.0"
                    WIDTH="913.0"
                    HEIGHT="99.0">
            <Shape><Polygon POINTS="1447 872 1464 878 1498 844 2166 848 2265 841 2285 824 2302 841 2347 838 2360 875 2350 909 2319 916 2285 906 2258 919 1924 919 1863 906 1825 919 1802 895 1774 919 1689 923 1498 919 1451 875"/></Shape>
	    <String CONTENT="אלעזר וכי יש נוגע חייב אם כן למה נאמ&#39;"
                    HPOS="1447.0"
                    VPOS="824.0"
                    WIDTH="913.0"
                    HEIGHT="99.0"></String>
          </TextLine>

          
          
          <TextLine ID="eSc_line_968603"
                    
                    BASELINE="1453 949 1489 947 1539 951 1703 951 1751 947 2327 947 2382 951" 
                    HPOS="1451.0"
                    VPOS="899.0"
                    WIDTH="930.0"
                    HEIGHT="99.0">
            <Shape><Polygon POINTS="1451 947 1485 916 1778 919 1802 899 1822 919 2350 912 2381 950 2354 981 2330 974 2289 991 2234 974 2190 994 2091 984 2067 998 2033 984 1883 991 1832 974 1754 998 1733 981 1495 994 1454 953"/></Shape>
	    <String CONTENT="אשר יקרב עד שיכשר ליקרב את שיש"
                    HPOS="1451.0"
                    VPOS="899.0"
                    WIDTH="930.0"
                    HEIGHT="99.0"></String>
          </TextLine>

          
          
          <TextLine ID="eSc_line_968604"
                    
                    BASELINE="1444 1033 1476 1028 1526 1033 1698 1033 1723 1026 1748 1031 2173 1031 2196 1026 2262 1024 2296 1017 2318 1022 2380 1017" 
                    HPOS="1441.0"
                    VPOS="977.0"
                    WIDTH="936.0"
                    HEIGHT="102.0">
            <Shape><Polygon POINTS="1441 1032 1481 994 1539 987 1587 1001 1676 987 1764 998 1785 984 1808 998 2030 991 2061 1004 2227 984 2296 994 2336 977 2377 1015 2357 1056 2299 1073 2180 1059 2163 1076 2132 1062 2108 1079 2067 1056 2030 1076 1996 1059 1975 1079 1948 1066 1877 1073 1860 1056 1774 1076 1727 1056 1706 1073 1686 1059 1638 1079 1488 1079 1444 1035"/></Shape>
	    <String CONTENT="לו מתירין עד שיקרבו מתיריו את שאין"
                    HPOS="1441.0"
                    VPOS="977.0"
                    WIDTH="936.0"
                    HEIGHT="102.0"></String>
          </TextLine>

          
          
          <TextLine ID="eSc_line_968657"
                    
                    BASELINE="1462 1106 1526 1112 2093 1112 2116 1108 2216 1106 2241 1101 2389 1103" 
                    HPOS="1461.0"
                    VPOS="1049.0"
                    WIDTH="927.0"
                    HEIGHT="105.0">
            <Shape><Polygon POINTS="1461 1103 1505 1076 1699 1083 1730 1059 1764 1083 1795 1062 1853 1062 1880 1079 1941 1062 1982 1076 1999 1059 2037 1073 2061 1056 2088 1076 2118 1076 2135 1059 2149 1073 2180 1059 2302 1073 2333 1049 2388 1100 2330 1144 2224 1148 2193 1131 2173 1151 2139 1137 2088 1151 2067 1131 2037 1154 1972 1151 1945 1134 1917 1151 1846 1151 1774 1131 1733 1151 1553 1154 1468 1107"/></Shape>
	    <String CONTENT="לו מתירין עד שיקדש בכלי : ו&#39; אחר [שרי&#39;]"
                    HPOS="1461.0"
                    VPOS="1049.0"
                    WIDTH="927.0"
                    HEIGHT="105.0"></String>
          </TextLine>

          
          
          <TextLine ID="eSc_line_968658"
                    
                    BASELINE="1508 1187 1651 1187 1680 1183 2107 1183 2180 1183 2202 1187 2227 1180 2307 1174 2391 1176" 
                    HPOS="1505.0"
                    VPOS="1137.0"
                    WIDTH="883.0"
                    HEIGHT="89.0">
            <Shape><Polygon POINTS="1505 1185 1509 1151 1863 1154 1928 1151 1941 1137 2003 1154 2067 1141 2163 1154 2354 1144 2388 1175 2330 1222 2289 1202 2224 1222 2129 1226 2101 1202 2074 1222 2020 1226 1509 1226"/></Shape>
	    <String CONTENT="שריבינו דברים שהן כשלמים (ו)דברים שאינן"
                    HPOS="1505.0"
                    VPOS="1137.0"
                    WIDTH="883.0"
                    HEIGHT="89.0"></String>
          </TextLine>

          
          
          <TextLine ID="eSc_line_968659"
                    
                    BASELINE="1498 1260 1646 1260 1691 1255 2384 1255" 
                    HPOS="1495.0"
                    VPOS="1202.0"
                    WIDTH="886.0"
                    HEIGHT="106.0">
            <Shape><Polygon POINTS="1495 1257 1498 1229 1515 1226 1716 1229 1798 1216 2071 1226 2105 1202 2129 1226 2244 1222 2258 1209 2354 1219 2381 1253 2367 1294 2319 1284 1969 1304 1887 1291 1843 1301 1815 1284 1802 1297 1710 1304 1672 1291 1642 1304 1498 1308"/></Shape>
	    <String CONTENT="כשלמים [ו]למה נאמר(ו) שלמים מעתה פרט"
                    HPOS="1495.0"
                    VPOS="1202.0"
                    WIDTH="886.0"
                    HEIGHT="106.0"></String>
          </TextLine>

          
          
          <TextLine ID="eSc_line_968661"
                    
                    BASELINE="1498 1335 1533 1335 1555 1339 2062 1337 2084 1342 2125 1333 2182 1333 2207 1328 2371 1330" 
                    HPOS="1495.0"
                    VPOS="1284.0"
                    WIDTH="872.0"
                    HEIGHT="105.0">
            <Shape><Polygon POINTS="1495 1332 1515 1301 1720 1308 1798 1301 1815 1284 1843 1304 1972 1311 2262 1301 2333 1284 2357 1297 2367 1328 2354 1362 2248 1386 2084 1386 2054 1366 2013 1389 1938 1366 1907 1389 1812 1372 1611 1386 1563 1366 1519 1376 1498 1355"/></Shape>
	    <String CONTENT="לדם ר&#39; שמעון או&#39; מה שלמים מיוחדים"
                    HPOS="1495.0"
                    VPOS="1284.0"
                    WIDTH="872.0"
                    HEIGHT="105.0"></String>
          </TextLine>

          
          
          <TextLine ID="eSc_line_968609"
                    
                    BASELINE="1417 1414 1455 1423 1480 1417 1533 1421 2107 1419 2130 1421 2343 1410 2373 1412" 
                    HPOS="1413.0"
                    VPOS="1362.0"
                    WIDTH="958.0"
                    HEIGHT="106.0">
            <Shape><Polygon POINTS="1413 1413 1543 1369 1611 1393 1839 1379 1904 1393 1938 1366 1965 1386 2023 1389 2047 1362 2078 1383 2231 1389 2323 1383 2336 1369 2371 1410 2343 1458 2187 1464 2149 1447 2026 1464 1843 1461 1822 1447 1805 1461 1723 1451 1706 1468 1563 1458 1485 1468 1430 1417"/></Shape>
	    <String CONTENT="שהן ראויים לאכילה יצאו העצים והלבונה"
                    HPOS="1413.0"
                    VPOS="1362.0"
                    WIDTH="958.0"
                    HEIGHT="106.0"></String>
          </TextLine>

          
          
          <TextLine ID="eSc_line_968615"
                    
                    BASELINE="1453 1496 1485 1492 1510 1492 1533 1496 1673 1496 1723 1492 2382 1492" 
                    HPOS="1451.0"
                    VPOS="1447.0"
                    WIDTH="930.0"
                    HEIGHT="96.0">
            <Shape><Polygon POINTS="1451 1495 1495 1464 1618 1454 1669 1468 1720 1451 1805 1461 1819 1447 1839 1461 2350 1458 2381 1488 2343 1533 2241 1536 2214 1519 2176 1543 2006 1539 1982 1522 1931 1536 1904 1519 1866 1536 1836 1515 1768 1539 1669 1526 1498 1539 1454 1495"/></Shape>
	    <String CONTENT="והקטרת שאינן ראוים לאכילה : ז&#39; אתה"
                    HPOS="1451.0"
                    VPOS="1447.0"
                    WIDTH="930.0"
                    HEIGHT="96.0"></String>
          </TextLine>

          
          
          <TextLine ID="eSc_line_968663"
                    
                    BASELINE="1464 1567 1526 1576 2373 1571" 
                    HPOS="1461.0"
                    VPOS="1515.0"
                    WIDTH="910.0"
                    HEIGHT="106.0">
            <Shape><Polygon POINTS="1461 1563 1502 1539 1798 1539 1832 1515 1853 1536 1900 1519 1921 1539 1989 1529 2006 1546 2183 1546 2221 1522 2248 1546 2350 1543 2371 1570 2357 1611 2279 1621 2248 1607 2193 1621 2163 1604 2129 1621 2081 1621 2067 1607 1975 1621 1870 1601 1822 1614 1791 1601 1774 1618 1502 1618 1464 1580"/></Shape>
	    <String CONTENT="אומ&#39; לכך בא הכתוב לחלוק בין טמאות"
                    HPOS="1461.0"
                    VPOS="1515.0"
                    WIDTH="910.0"
                    HEIGHT="106.0"></String>
          </TextLine>

          
          
          <TextLine ID="eSc_line_968616"
                    
                    BASELINE="1426 1655 2330 1655 2382 1660" 
                    HPOS="1423.0"
                    VPOS="1601.0"
                    WIDTH="958.0"
                    HEIGHT="105.0">
            <Shape><Polygon POINTS="1423 1652 1485 1618 1706 1621 1740 1607 1771 1621 1791 1601 1815 1618 1870 1601 1924 1621 2037 1621 2064 1604 2081 1621 2139 1614 2153 1628 2336 1604 2381 1659 2354 1689 2330 1679 2313 1696 2163 1703 2132 1682 2115 1699 1822 1699 1747 1682 1689 1706 1478 1699 1430 1652"/></Shape>
	    <String CONTENT="לטמאות או לא בא אלא לחלוק בין קדשים"
                    HPOS="1423.0"
                    VPOS="1601.0"
                    WIDTH="958.0"
                    HEIGHT="105.0"></String>
          </TextLine>

          
          
          <TextLine ID="eSc_line_968664"
                    
                    BASELINE="1455 1723 1512 1730 1542 1728 1569 1732 1991 1735 2041 1728 2371 1728" 
                    HPOS="1454.0"
                    VPOS="1679.0"
                    WIDTH="913.0"
                    HEIGHT="106.0">
            <Shape><Polygon POINTS="1454 1720 1498 1699 1699 1706 1747 1686 1802 1703 2040 1703 2115 1699 2139 1682 2170 1703 2313 1696 2333 1679 2367 1727 2357 1761 2316 1778 2268 1761 2173 1774 2159 1761 2084 1771 2047 1757 2016 1781 1938 1781 1904 1764 1887 1778 1846 1768 1825 1785 1785 1781 1761 1757 1733 1778 1642 1764 1512 1778 1458 1723"/></Shape>
	    <String CONTENT="לקדשים לומר על קדשים קלים חייבים"
                    HPOS="1454.0"
                    VPOS="1679.0"
                    WIDTH="913.0"
                    HEIGHT="106.0"></String>
          </TextLine>

          
          
          <TextLine ID="eSc_line_968617"
                    
                    BASELINE="1437 1805 1476 1812 2121 1810 2327 1812 2389 1805" 
                    HPOS="1434.0"
                    VPOS="1754.0"
                    WIDTH="954.0"
                    HEIGHT="109.0">
            <Shape><Polygon POINTS="1434 1802 1485 1771 1730 1778 1757 1754 1785 1778 1819 1781 2023 1778 2108 1761 2176 1778 2350 1771 2388 1802 2343 1849 2146 1856 2108 1832 2081 1860 2016 1860 1992 1839 1975 1853 1754 1849 1730 1863 1655 1856 1631 1832 1597 1860 1556 1843 1488 1860 1437 1815"/></Shape>
	    <String CONTENT="משם פיגול נותר וטמא על קדשי קדשים"
                    HPOS="1434.0"
                    VPOS="1754.0"
                    WIDTH="954.0"
                    HEIGHT="109.0"></String>
          </TextLine>

          
          
          <TextLine ID="eSc_line_968618"
                    
                    BASELINE="1444 1891 1476 1889 1498 1896 1528 1891 2352 1891 2382 1896" 
                    HPOS="1441.0"
                    VPOS="1832.0"
                    WIDTH="940.0"
                    HEIGHT="109.0">
            <Shape><Polygon POINTS="1441 1890 1478 1883 1509 1853 1601 1860 1628 1832 1662 1863 2081 1860 2108 1832 2132 1856 2204 1863 2350 1853 2381 1894 2360 1924 2302 1917 2234 1941 2139 1941 2118 1924 2054 1941 1969 1914 1931 1941 1829 1934 1802 1917 1774 1938 1594 1941 1567 1921 1522 1931 1478 1890 1451 1890"/></Shape>
	    <String CONTENT="חייבין בין לפני זריקת דמים בין לאחר"
                    HPOS="1441.0"
                    VPOS="1832.0"
                    WIDTH="940.0"
                    HEIGHT="109.0"></String>
          </TextLine>

          
          
          <TextLine ID="eSc_line_968622"
                    
                    BASELINE="1444 1975 2141 1973 2364 1975" 
                    HPOS="1441.0"
                    VPOS="1917.0"
                    WIDTH="919.0"
                    HEIGHT="109.0">
            <Shape><Polygon POINTS="1441 1972 1560 1924 1590 1945 1778 1945 1802 1924 1832 1941 1934 1945 1969 1917 2061 1948 2343 1938 2360 1972 2354 2016 2289 2009 2272 2026 2248 2009 2221 2026 2180 2009 2091 2026 2023 2026 1999 2009 1832 2023 1815 2006 1778 2026 1733 2023 1710 2003 1624 2026 1509 2026 1447 1979"/></Shape>
	    <String CONTENT="זריקת דמים תל&#39; לו&#39; ואכל בשר ואכל זבח"
                    HPOS="1441.0"
                    VPOS="1917.0"
                    WIDTH="919.0"
                    HEIGHT="109.0"></String>
          </TextLine>

          
          
          <TextLine ID="eSc_line_968619"
                    
                    BASELINE="1455 2059 1487 2055 1510 2059 1596 2062 1730 2059 1760 2062 1787 2068 1944 2059 2019 2062 2223 2059 2250 2055 2382 2055" 
                    HPOS="1454.0"
                    VPOS="2003.0"
                    WIDTH="927.0"
                    HEIGHT="105.0">
            <Shape><Polygon POINTS="1454 2057 1495 2023 1648 2030 1696 2003 1761 2026 2071 2026 2166 2009 2221 2026 2248 2009 2262 2023 2357 2023 2381 2054 2364 2098 2149 2101 2115 2088 1989 2105 1965 2084 1938 2101 1795 2108 1754 2105 1737 2088 1550 2105 1468 2057"/></Shape>
	    <String CONTENT="ואכל שלמים ונכרתה הנפש לא הציבור"
                    HPOS="1454.0"
                    VPOS="2003.0"
                    WIDTH="927.0"
                    HEIGHT="105.0"></String>
          </TextLine>

          
          
          <TextLine ID="eSc_line_968620"
                    
                    BASELINE="1444 2123 1483 2130 1585 2128 1639 2132 1807 2132 1857 2128 2375 2128" 
                    HPOS="1441.0"
                    VPOS="2078.0"
                    WIDTH="933.0"
                    HEIGHT="126.0">
            <Shape><Polygon POINTS="1441 2122 1461 2122 1492 2091 1921 2105 1965 2078 1996 2105 2343 2095 2364 2098 2374 2125 2354 2170 2040 2176 1972 2149 1952 2170 1860 2170 1778 2204 1710 2166 1662 2180 1546 2166 1509 2183 1447 2125"/></Shape>
	    <String CONTENT="ההיא לא אנוסה לא שוגגת ולא מוטעה"
                    HPOS="1441.0"
                    VPOS="2078.0"
                    WIDTH="933.0"
                    HEIGHT="126.0"></String>
          </TextLine>

          
          
          <TextLine ID="eSc_line_968665"
                    
                    BASELINE="1814 2200 1896 2200 1987 2212 2109 2205 2273 2205 2325 2200 2389 2200" 
                    HPOS="1812.0"
                    VPOS="2149.0"
                    WIDTH="576.0"
                    HEIGHT="113.0">
            <Shape><Polygon POINTS="1812 2197 1883 2190 1972 2149 2033 2176 2357 2170 2388 2197 2354 2248 2309 2241 2268 2258 2238 2238 2214 2251 2159 2244 2135 2262 2050 2238 1921 2251 1860 2197 1815 2224"/></Shape>
	    <String CONTENT="מעמיה ועמה שלום :"
                    HPOS="1812.0"
                    VPOS="2149.0"
                    WIDTH="576.0"
                    HEIGHT="113.0"></String>
          </TextLine>

          
          
          <TextLine ID="eSc_line_968666"
                    
                    BASELINE="1762 2277 1825 2273 1882 2273 1905 2277 1991 2280 2109 2275 2146 2277" 
                    HPOS="1761.0"
                    VPOS="2234.0"
                    WIDTH="381.0"
                    HEIGHT="99.0">
            <Shape><Polygon POINTS="1761 2275 1808 2268 1839 2238 1870 2234 1914 2255 2095 2248 2142 2275 2132 2306 2084 2333 2054 2313 2023 2326 1931 2323 1907 2299 1873 2313 1798 2275 1764 2279"/></Shape>
	    <String CONTENT="פרשתה י ˙"
                    HPOS="1761.0"
                    VPOS="2234.0"
                    WIDTH="381.0"
                    HEIGHT="99.0"></String>
          </TextLine>

          
          
          <TextLine ID="eSc_line_968621"
                    
                    BASELINE="1444 2366 1526 2373 1721 2375 1782 2368 1989 2368 2068 2364 2375 2364" 
                    HPOS="1441.0"
                    VPOS="2296.0"
                    WIDTH="933.0"
                    HEIGHT="119.0">
            <Shape><Polygon POINTS="1441 2364 1505 2299 1570 2309 1594 2333 1706 2306 1737 2333 1764 2306 1788 2319 1849 2296 1877 2313 1911 2306 1931 2323 1952 2313 2016 2333 2098 2330 2125 2306 2170 2309 2193 2333 2238 2313 2265 2326 2360 2309 2374 2360 2360 2405 2316 2411 2279 2391 2234 2411 2118 2411 2084 2391 2033 2411 2006 2391 1982 2415 1921 2411 1900 2394 1839 2411 1798 2401 1761 2415 1502 2415 1454 2367 1444 2374"/></Shape>
	    <String CONTENT="בני יש&#39; מוזהרים על החלב אין הגוים [מוז&#39;]"
                    HPOS="1441.0"
                    VPOS="2296.0"
                    WIDTH="933.0"
                    HEIGHT="119.0"></String>
          </TextLine>

          
          
          <TextLine ID="eSc_line_968605"
                    
                    BASELINE="1455 2448 1517 2445 1562 2450 1646 2450 1669 2443 1696 2448 2380 2443" 
                    HPOS="1454.0"
                    VPOS="2394.0"
                    WIDTH="923.0"
                    HEIGHT="103.0">
            <Shape><Polygon POINTS="1454 2445 1502 2415 1873 2418 1900 2398 1921 2418 1969 2422 2009 2394 2030 2415 2081 2398 2118 2415 2350 2408 2377 2442 2354 2486 2248 2490 2214 2476 2132 2497 1911 2483 1836 2493 1815 2476 1768 2493 1720 2490 1703 2473 1676 2490 1529 2493 1502 2490 1458 2445"/></Shape>
	    <String CONTENT="מוזהרים על החלב הלא דין הוא מה אם"
                    HPOS="1454.0"
                    VPOS="2394.0"
                    WIDTH="923.0"
                    HEIGHT="103.0"></String>
          </TextLine>

          
          
          <TextLine ID="eSc_line_968662"
                    
                    BASELINE="1453 2514 1517 2520 1539 2516 1564 2523 1646 2525 1671 2530 2373 2525" 
                    HPOS="1451.0"
                    VPOS="2473.0"
                    WIDTH="920.0"
                    HEIGHT="102.0">
            <Shape><Polygon POINTS="1451 2510 1485 2510 1509 2490 1672 2493 1699 2473 1737 2493 2360 2493 2371 2524 2360 2565 2336 2572 2285 2575 2262 2558 2248 2572 2149 2575 2108 2572 2084 2551 2037 2575 2023 2561 1948 2572 1931 2555 1894 2565 1873 2548 1843 2568 1791 2572 1764 2558 1727 2572 1703 2548 1679 2572 1607 2568 1594 2555 1577 2568 1509 2568 1454 2517"/></Shape>
	    <String CONTENT="אבר מן החי שאין חייבין עליו כרת [א]"
                    HPOS="1451.0"
                    VPOS="2473.0"
                    WIDTH="920.0"
                    HEIGHT="102.0"></String>
          </TextLine>

          
          
          <TextLine ID="eSc_line_968612"
                    
                    BASELINE="1426 2600 1794 2600 1878 2607 2382 2598" 
                    HPOS="1423.0"
                    VPOS="2551.0"
                    WIDTH="958.0"
                    HEIGHT="102.0">
            <Shape><Polygon POINTS="1423 2599 1481 2565 1676 2578 1703 2551 1727 2572 1778 2575 1805 2561 1849 2572 1866 2555 1890 2572 1945 2575 2354 2568 2381 2595 2354 2640 2299 2633 2282 2650 2224 2640 2173 2653 1928 2653 1829 2636 1788 2650 1682 2650 1669 2636 1621 2650 1563 2629 1495 2650 1444 2599"/></Shape>
	    <String CONTENT="איסורו נוהג בבני נח כיש&#39; חלב שחייבין"
                    HPOS="1423.0"
                    VPOS="2551.0"
                    WIDTH="958.0"
                    HEIGHT="102.0"></String>
          </TextLine>

          
          
          <TextLine ID="eSc_line_968613"
                    
                    BASELINE="1446 2675 1505 2670 1528 2679 1578 2684 2093 2684 2118 2679 2300 2675 2391 2677" 
                    HPOS="1444.0"
                    VPOS="2636.0"
                    WIDTH="944.0"
                    HEIGHT="89.0">
            <Shape><Polygon POINTS="1444 2674 1556 2640 2135 2653 2282 2650 2296 2636 2354 2646 2388 2674 2330 2725 2285 2708 2244 2725 2190 2711 2044 2725 2023 2704 1975 2694 1955 2715 1917 2718 1727 2708 1703 2721 1652 2708 1492 2725 1447 2681"/></Shape>
	    <String CONTENT="עליו כרת אינו דין שיהא איסורו נוהג"
                    HPOS="1444.0"
                    VPOS="2636.0"
                    WIDTH="944.0"
                    HEIGHT="89.0"></String>
          </TextLine>

          
          
          <TextLine ID="eSc_line_968611"
                    
                    BASELINE="1426 2748 1489 2759 1569 2754 2382 2757" 
                    HPOS="1423.0"
                    VPOS="2698.0"
                    WIDTH="958.0"
                    HEIGHT="112.0">
            <Shape><Polygon POINTS="1423 2745 1464 2704 1492 2725 1652 2711 1696 2725 1730 2711 1938 2725 1975 2698 1992 2711 2023 2704 2044 2725 2347 2718 2381 2755 2371 2783 2340 2800 2217 2800 2183 2776 2156 2800 2122 2786 2033 2800 2006 2779 1894 2800 1836 2779 1805 2800 1737 2803 1703 2783 1621 2800 1512 2783 1485 2810 1427 2752"/></Shape>
	    <String CONTENT="בבני נח כיש&#39; תל&#39; לו&#39; בני יש&#39; בני יש&#39; מוזהרין"
                    HPOS="1423.0"
                    VPOS="2698.0"
                    WIDTH="958.0"
                    HEIGHT="112.0"></String>
          </TextLine>

          
          
          <TextLine ID="eSc_line_968614"
                    
                    BASELINE="1444 2827 1610 2832 1657 2838 2003 2838 2128 2832 2209 2832 2232 2827 2255 2832 2309 2832 2332 2825 2389 2832" 
                    HPOS="1441.0"
                    VPOS="2776.0"
                    WIDTH="947.0"
                    HEIGHT="109.0">
            <Shape><Polygon POINTS="1441 2824 1481 2820 1515 2786 1543 2783 1590 2800 1703 2786 1720 2803 1808 2803 1849 2783 1907 2807 1938 2790 1979 2800 2009 2786 2044 2803 2118 2786 2146 2803 2183 2776 2214 2800 2350 2800 2388 2830 2340 2878 2135 2868 2061 2882 2033 2868 1972 2882 1952 2861 1928 2882 1873 2878 1856 2861 1788 2878 1754 2861 1730 2882 1703 2868 1655 2885 1590 2868 1509 2878 1454 2827"/></Shape>
	    <String CONTENT="על החלב אין הגוים מוזהרין על החלב :"
                    HPOS="1441.0"
                    VPOS="2776.0"
                    WIDTH="947.0"
                    HEIGHT="109.0"></String>
          </TextLine>

          
          
          <TextLine ID="eSc_line_968656"
                    
                    BASELINE="1473 2911 2357 2911" 
                    HPOS="1471.0"
                    VPOS="2861.0"
                    WIDTH="883.0"
                    HEIGHT="99.0">
            <Shape><Polygon POINTS="1471 2909 1515 2882 1669 2888 1761 2865 1805 2882 1853 2861 1924 2885 1952 2861 1975 2882 2333 2882 2354 2909 2319 2956 2282 2946 2173 2960 2129 2943 1989 2956 1938 2939 1887 2953 1744 2953 1723 2939 1693 2956 1645 2943 1519 2953 1478 2912"/></Shape>
	    <String CONTENT="ב&#39; או בני יש&#39; אין לי אלא בני יש&#39; ומניין"
                    HPOS="1471.0"
                    VPOS="2861.0"
                    WIDTH="883.0"
                    HEIGHT="99.0"></String>
          </TextLine>

          
          
          <TextLine ID="eSc_line_968660"
                    
                    BASELINE="1471 2975 1642 2984 2377 2979" 
                    HPOS="1468.0"
                    VPOS="2929.0"
                    WIDTH="906.0"
                    HEIGHT="99.0">
            <Shape><Polygon POINTS="1468 2974 1495 2946 1546 2943 2125 2946 2187 2960 2316 2956 2347 2929 2374 2977 2360 3014 2326 3021 2309 3008 2289 3028 2081 3014 2061 2994 1992 3021 1931 3025 1802 3028 1751 3011 1659 3025 1631 2997 1607 3018 1519 3018 1478 2977"/></Shape>
	    <String CONTENT="לרבות את הגרים ואת העבדים תל&#39; לו&#39; כי"
                    HPOS="1468.0"
                    VPOS="2929.0"
                    WIDTH="906.0"
                    HEIGHT="99.0"></String>
          </TextLine>

          
          
          <TextLine ID="eSc_line_968610"
                    
                    BASELINE="1435 3050 1519 3056 1982 3054 2078 3063 2302 3054 2357 3056 2389 3050" 
                    HPOS="1434.0"
                    VPOS="2994.0"
                    WIDTH="954.0"
                    HEIGHT="163.0">
            <Shape><Polygon POINTS="1434 3048 1485 2994 1515 3018 1573 3021 1631 3001 1659 3028 1992 3021 2088 3052 2125 3018 2173 3031 2207 3018 2227 3031 2289 3025 2309 3004 2388 3048 2381 3079 2313 3123 2272 3106 2231 3134 2207 3110 2146 3103 2101 3137 2074 3113 2047 3123 2033 3110 1986 3157 1924 3106 1890 3130 1863 3103 1795 3113 1768 3100 1754 3113 1720 3096 1689 3123 1631 3093 1498 3103 1441 3079"/></Shape>
	    <String CONTENT="כל אכל חלב ↑ שור [או] (ו)כשב [א]ועז לא תאכלו"
                    HPOS="1434.0"
                    VPOS="2994.0"
                    WIDTH="954.0"
                    HEIGHT="163.0"></String>
          </TextLine>

          
          
          <TextLine ID="eSc_line_968655"
                    TAGREFS="LT3"
                    BASELINE="2009 3022 2075 3029 2146 3029" 
                    HPOS="2006.0"
                    VPOS="3010.0"
                    WIDTH="140.0"
                    HEIGHT="43.0">
            <Shape><Polygon POINTS="2010 3010 2076 3017 2146 3017 2146 3053 2072 3052 2006 3045"/></Shape>
	    <String CONTENT="כל חלב"
                    HPOS="2006.0"
                    VPOS="3010.0"
                    WIDTH="140.0"
                    HEIGHT="43.0"></String>
          </TextLine>

          
        </TextBlock>
        
        <TextBlock HPOS="424.0"
                   VPOS="751.0"
                   WIDTH="963.0"
                   HEIGHT="2353.0"
                   ID="eSc_textblock_65478"
                   TAGREFS="BT2">
          <Shape><Polygon POINTS="1333 1389 1387 1333 1342 1314 1333 1233 1342 754 426 751 424 3086 1314 3104 1333 1389"/></Shape>
          
          
          <TextLine ID="eSc_line_968646"
                    
                    BASELINE="465 819 1240 810 1319 813" 
                    HPOS="463.0"
                    VPOS="735.0"
                    WIDTH="855.0"
                    HEIGHT="130.0">
            <Shape><Polygon POINTS="463 817 466 776 497 746 528 756 551 735 620 783 691 742 766 780 817 742 882 776 936 742 1025 776 1052 752 1124 763 1202 739 1229 766 1287 756 1318 810 1301 851 933 865 810 848 517 861 470 817"/></Shape>
	    <String CONTENT="פרט לבהמה טמאה לחיה ולעופות : ג&#39;"
                    HPOS="463.0"
                    VPOS="735.0"
                    WIDTH="855.0"
                    HEIGHT="130.0"></String>
          </TextLine>

          
          
          <TextLine ID="eSc_line_968647"
                    
                    BASELINE="429 878 465 885 969 883 1010 888 1146 883 1321 883" 
                    HPOS="425.0"
                    VPOS="838.0"
                    WIDTH="893.0"
                    HEIGHT="92.0">
            <Shape><Polygon POINTS="425 875 459 838 514 861 579 851 640 865 708 851 1168 858 1250 841 1301 855 1318 882 1308 912 1284 923 1202 923 1182 909 1165 926 1062 930 933 916 459 923 429 892"/></Shape>
	    <String CONTENT="ה&#39;ד&#39;ה&#39; מה אם הדם שאין חייבין עליו משם"
                    HPOS="425.0"
                    VPOS="838.0"
                    WIDTH="893.0"
                    HEIGHT="92.0"></String>
          </TextLine>

          
          
          <TextLine ID="eSc_line_968648"
                    
                    BASELINE="445 951 479 949 526 958 985 956 1312 958" 
                    HPOS="442.0"
                    VPOS="909.0"
                    WIDTH="869.0"
                    HEIGHT="95.0">
            <Shape><Polygon POINTS="442 950 470 923 500 919 933 919 1056 933 1165 926 1188 909 1202 923 1291 923 1311 957 1291 1001 1182 991 1148 1004 1066 991 926 1001 909 984 885 998 701 998 626 994 613 981 507 998 446 953"/></Shape>
	    <String CONTENT="פיגול נותר וטמא נוהג בבהמה טמיאה"
                    HPOS="442.0"
                    VPOS="909.0"
                    WIDTH="869.0"
                    HEIGHT="95.0"></String>
          </TextLine>

          
          
          <TextLine ID="eSc_line_968649"
                    
                    BASELINE="420 1026 508 1031 592 1040 1287 1037 1321 1042" 
                    HPOS="419.0"
                    VPOS="981.0"
                    WIDTH="899.0"
                    HEIGHT="102.0">
            <Shape><Polygon POINTS="419 1025 466 1001 585 998 606 981 630 998 756 1001 882 1001 909 984 967 1008 987 994 1308 1004 1318 1039 1301 1076 1250 1083 1178 1066 1079 1083 858 1069 817 1079 763 1066 613 1079 473 1073 429 1028"/></Shape>
	    <String CONTENT="ובחיה ובעופות חלב שחייבין עליו משם"
                    HPOS="419.0"
                    VPOS="981.0"
                    WIDTH="899.0"
                    HEIGHT="102.0"></String>
          </TextLine>

          
          
          <TextLine ID="eSc_line_968650"
                    
                    BASELINE="436 1103 499 1112 810 1110 856 1115 1119 1115 1144 1110 1310 1112" 
                    HPOS="432.0"
                    VPOS="1066.0"
                    WIDTH="876.0"
                    HEIGHT="92.0">
            <Shape><Polygon POINTS="432 1100 473 1073 514 1069 1066 1086 1195 1066 1297 1079 1308 1110 1284 1154 1182 1144 824 1158 766 1144 732 1158 664 1137 640 1151 504 1151 436 1103"/></Shape>
	    <String CONTENT="פיגול נותר וטמא אינו דין שינהוג [בבה&#39;]"
                    HPOS="432.0"
                    VPOS="1066.0"
                    WIDTH="876.0"
                    HEIGHT="92.0"></String>
          </TextLine>

          
          
          <TextLine ID="eSc_line_968652"
                    
                    BASELINE="383 1169 417 1180 490 1185 674 1183 751 1187 792 1194 990 1194 1151 1187 1324 1187" 
                    HPOS="381.0"
                    VPOS="1124.0"
                    WIDTH="940.0"
                    HEIGHT="105.0">
            <Shape><Polygon POINTS="381 1168 432 1124 459 1148 487 1137 500 1151 640 1151 664 1137 739 1161 783 1148 1202 1148 1301 1154 1321 1185 1294 1226 1233 1216 868 1229 521 1222 497 1199 408 1216 384 1192"/></Shape>
	    <String CONTENT="בבהמה טמיאה (ו)בחיה ובעופות → : ד&#39; אין לי (אלא)"
                    HPOS="381.0"
                    VPOS="1124.0"
                    WIDTH="940.0"
                    HEIGHT="105.0"></String>
          </TextLine>

          
          
          <TextLine ID="eSc_line_968651"
                    
                    BASELINE="433 1249 517 1258 1087 1255 1115 1260 1171 1260 1199 1253 1246 1258 1269 1253 1294 1260 1306 1258" 
                    HPOS="432.0"
                    VPOS="1202.0"
                    WIDTH="872.0"
                    HEIGHT="106.0">
            <Shape><Polygon POINTS="432 1246 500 1202 524 1226 1202 1233 1243 1219 1291 1229 1304 1257 1294 1297 1270 1287 1233 1304 1154 1304 1073 1291 967 1308 933 1280 909 1301 524 1297 511 1284 483 1291 442 1250"/></Shape>
	    <String CONTENT="חלב שור וכשב ועז המיוחדין מניין [לר&#39;]"
                    HPOS="432.0"
                    VPOS="1202.0"
                    WIDTH="872.0"
                    HEIGHT="106.0"></String>
          </TextLine>

          
          
          <TextLine ID="eSc_line_968644"
                    
                    BASELINE="440 1330 499 1328 601 1339 1196 1339 1244 1333 1330 1333" 
                    HPOS="439.0"
                    VPOS="1280.0"
                    WIDTH="889.0"
                    HEIGHT="103.0">
            <Shape><Polygon POINTS="439 1328 493 1291 521 1304 855 1304 909 1301 930 1280 960 1308 1059 1304 1073 1291 1219 1304 1274 1284 1328 1332 1318 1355 1270 1379 936 1383 895 1359 868 1376 769 1383 698 1359 562 1379 524 1355 500 1372 442 1328"/></Shape>
	    <String CONTENT="לרבות הכלאים תל&#39; לו&#39; וכשב ועז דברי ר&#39;"
                    HPOS="439.0"
                    VPOS="1280.0"
                    WIDTH="889.0"
                    HEIGHT="103.0"></String>
          </TextLine>

          
          
          <TextLine ID="eSc_line_968628"
                    
                    BASELINE="411 1405 472 1412 704 1410 772 1421 1237 1421 1314 1414" 
                    HPOS="408.0"
                    VPOS="1352.0"
                    WIDTH="903.0"
                    HEIGHT="112.0">
            <Shape><Polygon POINTS="408 1403 446 1376 504 1376 531 1352 558 1376 626 1372 722 1400 759 1379 865 1383 899 1362 950 1386 1267 1379 1301 1389 1311 1413 1301 1458 1260 1464 1236 1464 1212 1441 1188 1464 998 1464 974 1451 943 1458 923 1437 858 1461 810 1444 783 1458 694 1458 650 1441 616 1458 538 1444 453 1458 412 1427"/></Shape>
	    <String CONTENT="עקיבה אם נפשך לומר מן [הכלאים] ↑ לרבות"
                    HPOS="408.0"
                    VPOS="1352.0"
                    WIDTH="903.0"
                    HEIGHT="112.0"></String>
          </TextLine>

          
          
          <TextLine ID="eSc_line_1244344"
                    TAGREFS="LT3"
                    BASELINE="636 1384 777 1396" 
                    HPOS="633.0"
                    VPOS="1372.0"
                    WIDTH="145.0"
                    HEIGHT="47.0">
            <Shape><Polygon POINTS="637 1372 778 1384 774 1419 633 1407"/></Shape>
	    <String CONTENT="הבהמה"
                    HPOS="633.0"
                    VPOS="1372.0"
                    WIDTH="145.0"
                    HEIGHT="47.0"></String>
          </TextLine>

          
          
          <TextLine ID="eSc_line_968632"
                    
                    BASELINE="429 1487 463 1494 676 1492 699 1496 729 1496 763 1505 813 1501 1033 1503 1083 1496 1201 1496 1228 1492 1285 1492 1337 1496 1367 1492" 
                    HPOS="425.0"
                    VPOS="1437.0"
                    WIDTH="941.0"
                    HEIGHT="106.0">
            <Shape><Polygon POINTS="425 1485 456 1485 487 1458 616 1461 640 1441 739 1464 882 1464 923 1441 943 1461 974 1451 994 1464 1113 1468 1188 1464 1212 1441 1236 1464 1308 1461 1352 1437 1366 1488 1345 1519 1274 1539 1131 1539 1107 1519 1032 1543 688 1539 630 1526 534 1536 504 1533 436 1488"/></Shape>
	    <String CONTENT="(את) הכלאים שיכול כל שהיה בכלל עונש"
                    HPOS="425.0"
                    VPOS="1437.0"
                    WIDTH="941.0"
                    HEIGHT="106.0"></String>
          </TextLine>

          
          
          <TextLine ID="eSc_line_968623"
                    
                    BASELINE="408 1560 467 1567 542 1562 567 1569 654 1576 1328 1576" 
                    HPOS="405.0"
                    VPOS="1505.0"
                    WIDTH="920.0"
                    HEIGHT="119.0">
            <Shape><Polygon POINTS="405 1556 425 1556 476 1505 504 1533 541 1539 1035 1543 1110 1519 1131 1539 1287 1539 1325 1573 1301 1618 1205 1624 1117 1601 1035 1621 957 1604 878 1621 844 1607 773 1618 732 1601 534 1614 473 1597 446 1611 408 1573"/></Shape>
	    <String CONTENT="יהא בכלל אזהרה כוי ופחות מכזית שלא"
                    HPOS="405.0"
                    VPOS="1505.0"
                    WIDTH="920.0"
                    HEIGHT="119.0"></String>
          </TextLine>

          
          
          <TextLine ID="eSc_line_968624"
                    
                    BASELINE="417 1660 490 1660 513 1655 1292 1657 1321 1651" 
                    HPOS="415.0"
                    VPOS="1601.0"
                    WIDTH="903.0"
                    HEIGHT="105.0">
            <Shape><Polygon POINTS="415 1659 473 1601 517 1621 633 1624 718 1604 783 1624 916 1621 936 1604 970 1621 1086 1621 1113 1601 1165 1624 1277 1618 1318 1648 1297 1696 1117 1696 1093 1682 1059 1706 906 1699 889 1682 855 1703 739 1703 725 1689 497 1703 449 1659 419 1659"/></Shape>
	    <String CONTENT="היו בכלל עונש לא יהיו בכלל אזהרה תל&#39;"
                    HPOS="415.0"
                    VPOS="1601.0"
                    WIDTH="903.0"
                    HEIGHT="105.0"></String>
          </TextLine>

          
          
          <TextLine ID="eSc_line_968631"
                    
                    BASELINE="420 1730 476 1728 526 1732 647 1735 694 1732 717 1741 799 1737 1015 1739 1060 1735 1165 1732 1187 1728 1317 1730" 
                    HPOS="419.0"
                    VPOS="1682.0"
                    WIDTH="895.0"
                    HEIGHT="96.0">
            <Shape><Polygon POINTS="419 1727 470 1699 613 1703 664 1686 681 1699 817 1703 882 1682 906 1703 1022 1710 1066 1706 1096 1682 1117 1699 1154 1689 1175 1703 1263 1686 1314 1727 1260 1774 1188 1774 1165 1754 1120 1778 1025 1764 994 1778 551 1764 500 1778 422 1727"/></Shape>
	    <String CONTENT="לו&#39; [ל]כל חלב : ה&#39; וחלב נבלה וחלב טריפה"
                    HPOS="419.0"
                    VPOS="1682.0"
                    WIDTH="895.0"
                    HEIGHT="96.0"></String>
          </TextLine>

          
          
          <TextLine ID="eSc_line_968630"
                    
                    BASELINE="392 1803 476 1800 517 1805 690 1807 713 1812 1319 1812" 
                    HPOS="391.0"
                    VPOS="1744.0"
                    WIDTH="927.0"
                    HEIGHT="112.0">
            <Shape><Polygon POINTS="391 1802 453 1744 497 1774 824 1781 1131 1778 1171 1757 1188 1774 1291 1771 1318 1808 1308 1843 1260 1856 1144 1856 1127 1843 1107 1856 947 1843 572 1853 545 1836 480 1849 425 1802"/></Shape>
	    <String CONTENT="בנבילת בהמה טהורה הכתוב מדבר יכול"
                    HPOS="391.0"
                    VPOS="1744.0"
                    WIDTH="927.0"
                    HEIGHT="112.0"></String>
          </TextLine>

          
          
          <TextLine ID="eSc_line_968636"
                    
                    BASELINE="426 1885 463 1882 542 1894 1301 1889" 
                    HPOS="425.0"
                    VPOS="1846.0"
                    WIDTH="872.0"
                    HEIGHT="102.0">
            <Shape><Polygon POINTS="425 1883 470 1849 947 1846 960 1860 1083 1866 1127 1846 1144 1863 1287 1860 1297 1887 1287 1934 1192 1948 1151 1934 991 1938 940 1917 912 1934 861 1921 620 1934 596 1917 473 1931 429 1887"/></Shape>
	    <String CONTENT="אף נבילת בהמה טמיאה במשמע ודין"
                    HPOS="425.0"
                    VPOS="1846.0"
                    WIDTH="872.0"
                    HEIGHT="102.0"></String>
          </TextLine>

          
          
          <TextLine ID="eSc_line_968637"
                    
                    BASELINE="429 1964 463 1964 486 1973 511 1975 1324 1975" 
                    HPOS="425.0"
                    VPOS="1917.0"
                    WIDTH="896.0"
                    HEIGHT="103.0">
            <Shape><Polygon POINTS="425 1962 463 1928 534 1934 592 1917 616 1938 671 1941 821 1938 861 1921 909 1938 940 1917 994 1941 1277 1934 1321 1972 1284 2016 1216 2020 1100 2020 1069 2006 1049 2020 981 2020 964 2006 895 2020 708 2016 684 2003 643 2016 589 1996 511 2016 466 2013 429 1975"/></Shape>
	    <String CONTENT="הוא טיהר מכלל חלב וטיהר מכלל [שחו&#39;]"
                    HPOS="425.0"
                    VPOS="1917.0"
                    WIDTH="896.0"
                    HEIGHT="103.0"></String>
          </TextLine>

          
          
          <TextLine ID="eSc_line_968626"
                    
                    BASELINE="417 2048 451 2046 474 2050 574 2057 1303 2057" 
                    HPOS="415.0"
                    VPOS="1999.0"
                    WIDTH="886.0"
                    HEIGHT="102.0">
            <Shape><Polygon POINTS="415 2047 453 2013 568 2016 596 1999 654 2020 878 2026 1280 2020 1301 2054 1291 2088 1274 2095 1039 2098 1018 2084 967 2101 885 2088 643 2095 616 2071 568 2091 517 2074 453 2091 419 2057"/></Shape>
	    <String CONTENT="שחוטה מה מצינו שטיהר מכלל שחיטה"
                    HPOS="415.0"
                    VPOS="1999.0"
                    WIDTH="886.0"
                    HEIGHT="102.0"></String>
          </TextLine>

          
          
          <TextLine ID="eSc_line_968639"
                    
                    BASELINE="426 2114 508 2121 665 2121 688 2116 715 2123 742 2123 781 2130 937 2128 1042 2132 1069 2125 1330 2121" 
                    HPOS="425.0"
                    VPOS="2071.0"
                    WIDTH="903.0"
                    HEIGHT="102.0">
            <Shape><Polygon POINTS="425 2112 511 2074 568 2091 613 2071 640 2095 1294 2095 1328 2118 1318 2146 1277 2173 1226 2156 1202 2173 1161 2159 892 2173 711 2153 640 2166 476 2159 432 2115"/></Shape>
	    <String CONTENT="בטהורה כך לא [מצינו] טיהר מכלל חלב"
                    HPOS="425.0"
                    VPOS="2071.0"
                    WIDTH="903.0"
                    HEIGHT="102.0"></String>
          </TextLine>

          
          
          <TextLine ID="eSc_line_968635"
                    
                    BASELINE="433 2191 517 2191 601 2202 1321 2198" 
                    HPOS="432.0"
                    VPOS="2159.0"
                    WIDTH="886.0"
                    HEIGHT="92.0">
            <Shape><Polygon POINTS="432 2190 466 2159 817 2159 889 2173 1205 2173 1233 2159 1294 2173 1318 2197 1294 2244 1246 2251 1199 2234 1161 2251 1113 2238 1069 2251 1039 2238 851 2244 827 2221 742 2227 725 2244 698 2221 664 2241 548 2241 436 2190"/></Shape>
	    <String CONTENT="אלא בטהורה או כלך לדרך זו טיהר"
                    HPOS="432.0"
                    VPOS="2159.0"
                    WIDTH="886.0"
                    HEIGHT="92.0"></String>
          </TextLine>

          
          
          <TextLine ID="eSc_line_968629"
                    
                    BASELINE="417 2277 454 2273 481 2275 535 2287 583 2282 1305 2282" 
                    HPOS="415.0"
                    VPOS="2221.0"
                    WIDTH="889.0"
                    HEIGHT="112.0">
            <Shape><Polygon POINTS="415 2275 490 2224 511 2241 650 2248 698 2221 722 2244 831 2224 858 2248 1086 2251 1103 2234 1161 2248 1205 2231 1236 2248 1280 2244 1304 2279 1277 2326 1171 2319 1076 2333 998 2313 970 2326 919 2313 895 2330 814 2316 759 2330 715 2316 476 2326 419 2275"/></Shape>
	    <String CONTENT="מכלל חלב וטיהר מכלל נבילה מה מצינו"
                    HPOS="415.0"
                    VPOS="2221.0"
                    WIDTH="889.0"
                    HEIGHT="112.0"></String>
          </TextLine>

          
          
          <TextLine ID="eSc_line_968643"
                    
                    BASELINE="436 2359 467 2366 679 2364 701 2368 785 2368 810 2375 912 2373 942 2377 965 2368 1065 2375 1308 2361" 
                    HPOS="432.0"
                    VPOS="2313.0"
                    WIDTH="872.0"
                    HEIGHT="109.0">
            <Shape><Polygon POINTS="432 2357 476 2326 732 2336 790 2319 807 2336 851 2336 872 2319 895 2336 923 2313 953 2336 1001 2316 1069 2340 1287 2330 1304 2360 1250 2415 1158 2415 1131 2401 1110 2418 1042 2418 994 2398 912 2415 875 2401 844 2422 735 2415 718 2398 667 2415 640 2401 500 2411 439 2367"/></Shape>
	    <String CONTENT="שטיהר מכלל חלב בנבלת טמיאה אף"
                    HPOS="432.0"
                    VPOS="2313.0"
                    WIDTH="872.0"
                    HEIGHT="109.0"></String>
          </TextLine>

          
          
          <TextLine ID="eSc_line_968633"
                    
                    BASELINE="424 2439 483 2448 849 2445 901 2450 1237 2450 1319 2443" 
                    HPOS="422.0"
                    VPOS="2398.0"
                    WIDTH="896.0"
                    HEIGHT="102.0">
            <Shape><Polygon POINTS="422 2435 473 2405 671 2415 715 2398 735 2415 838 2422 875 2401 895 2418 991 2401 1032 2422 1291 2411 1318 2442 1294 2493 1209 2500 1188 2486 1004 2497 981 2473 964 2490 865 2493 766 2493 732 2476 691 2490 473 2483 429 2439"/></Shape>
	    <String CONTENT="כאן יטהר מכלל חלב בנבילת טמיאה"
                    HPOS="422.0"
                    VPOS="2398.0"
                    WIDTH="896.0"
                    HEIGHT="102.0"></String>
          </TextLine>

          
          
          <TextLine ID="eSc_line_968645"
                    
                    BASELINE="438 2518 665 2525 1330 2520" 
                    HPOS="436.0"
                    VPOS="2476.0"
                    WIDTH="892.0"
                    HEIGHT="96.0">
            <Shape><Polygon POINTS="436 2517 466 2486 534 2490 548 2476 766 2497 964 2493 981 2476 1004 2497 1257 2490 1328 2517 1291 2568 1144 2572 470 2565 439 2534"/></Shape>
	    <String CONTENT="כשאתה בא לדרך הזו אין כאן אלא [ב&#39;]"
                    HPOS="436.0"
                    VPOS="2476.0"
                    WIDTH="892.0"
                    HEIGHT="96.0"></String>
          </TextLine>

          
          
          <TextLine ID="eSc_line_968634"
                    
                    BASELINE="424 2595 456 2602 894 2600 974 2607 1099 2600 1301 2602 1330 2595" 
                    HPOS="422.0"
                    VPOS="2558.0"
                    WIDTH="906.0"
                    HEIGHT="88.0">
            <Shape><Polygon POINTS="422 2592 453 2558 861 2572 940 2558 991 2572 1291 2565 1328 2592 1318 2629 1291 2643 763 2646 677 2623 640 2640 459 2643 425 2616"/></Shape>
	    <String CONTENT="בהמה טהורה כשאתה בא לדרך הזו אין"
                    HPOS="422.0"
                    VPOS="2558.0"
                    WIDTH="906.0"
                    HEIGHT="88.0"></String>
          </TextLine>

          
          
          <TextLine ID="eSc_line_968640"
                    
                    BASELINE="415 2668 470 2668 492 2675 708 2673 772 2684 949 2682 1006 2686 1028 2679 1317 2675" 
                    HPOS="412.0"
                    VPOS="2623.0"
                    WIDTH="902.0"
                    HEIGHT="105.0">
            <Shape><Polygon POINTS="412 2667 446 2640 643 2643 677 2623 769 2653 1257 2643 1294 2646 1314 2674 1304 2711 1284 2721 1141 2715 1001 2728 729 2721 684 2701 623 2718 507 2718 480 2715 415 2667"/></Shape>
	    <String CONTENT="כאן אלא בהמה טמיאה תל&#39; לו&#39; טריפה ˙"
                    HPOS="412.0"
                    VPOS="2623.0"
                    WIDTH="902.0"
                    HEIGHT="105.0"></String>
          </TextLine>

          
          
          <TextLine ID="eSc_line_968625"
                    
                    BASELINE="413 2743 663 2757 1092 2757 1249 2752 1271 2757 1330 2750" 
                    HPOS="412.0"
                    VPOS="2701.0"
                    WIDTH="916.0"
                    HEIGHT="102.0">
            <Shape><Polygon POINTS="412 2742 463 2715 643 2721 681 2701 725 2721 817 2725 1253 2718 1291 2721 1328 2749 1250 2803 1219 2790 885 2803 698 2786 476 2796 419 2745"/></Shape>
	    <String CONTENT="יצאת בהמה טמיאה שאין לה טריפה :"
                    HPOS="412.0"
                    VPOS="2701.0"
                    WIDTH="916.0"
                    HEIGHT="102.0"></String>
          </TextLine>

          
          
          <TextLine ID="eSc_line_968627"
                    
                    BASELINE="386 2827 803 2827 828 2832 967 2832 999 2836 1078 2832 1183 2832 1205 2827 1283 2827 1312 2832" 
                    HPOS="384.0"
                    VPOS="2783.0"
                    WIDTH="927.0"
                    HEIGHT="95.0">
            <Shape><Polygon POINTS="384 2824 442 2783 514 2796 575 2786 1001 2803 1226 2793 1287 2800 1311 2830 1260 2847 1229 2878 1195 2861 1165 2875 909 2878 507 2858 439 2878 388 2827"/></Shape>
	    <String CONTENT="ו&#39; (ה)משמע מוציא בהמה טמיאה שאין"
                    HPOS="384.0"
                    VPOS="2783.0"
                    WIDTH="927.0"
                    HEIGHT="95.0"></String>
          </TextLine>

          
          
          <TextLine ID="eSc_line_968638"
                    
                    BASELINE="426 2895 567 2902 751 2900 776 2904 881 2911 1305 2911" 
                    HPOS="425.0"
                    VPOS="2847.0"
                    WIDTH="879.0"
                    HEIGHT="106.0">
            <Shape><Polygon POINTS="425 2892 497 2861 1008 2885 1233 2878 1270 2847 1294 2868 1304 2909 1287 2939 1257 2946 1158 2936 1107 2953 1076 2933 1059 2950 998 2953 977 2939 930 2953 844 2946 827 2929 807 2946 602 2929 575 2943 466 2939 429 2902"/></Shape>
	    <String CONTENT="לה טריפה ומביא חיה טהורה שיש לה"
                    HPOS="425.0"
                    VPOS="2847.0"
                    WIDTH="879.0"
                    HEIGHT="106.0"></String>
          </TextLine>

          
          
          <TextLine ID="eSc_line_968641"
                    
                    BASELINE="429 2968 463 2968 486 2975 847 2972 892 2977 1015 2977 1083 2984 1292 2984 1321 2977" 
                    HPOS="425.0"
                    VPOS="2926.0"
                    WIDTH="893.0"
                    HEIGHT="102.0">
            <Shape><Polygon POINTS="425 2967 463 2936 694 2933 807 2946 827 2926 848 2946 981 2939 994 2953 1059 2953 1076 2936 1103 2956 1158 2943 1284 2946 1318 2974 1308 3021 1233 3014 1178 3028 1018 3004 981 3021 657 3011 640 2994 620 3011 459 3008 429 2977"/></Shape>
	    <String CONTENT="טריפה תל&#39; לו&#39; לא תאכלוהו חלב שהוא [א&#39;]"
                    HPOS="425.0"
                    VPOS="2926.0"
                    WIDTH="893.0"
                    HEIGHT="102.0"></String>
          </TextLine>

          
          
          <TextLine ID="eSc_line_968642"
                    
                    BASELINE="436 3038 592 3047 799 3047 944 3056 1067 3056 1258 3050 1280 3045 1312 3047" 
                    HPOS="432.0"
                    VPOS="2997.0"
                    WIDTH="879.0"
                    HEIGHT="126.0">
            <Shape><Polygon POINTS="432 3035 459 3008 620 3014 643 2997 657 3011 844 3021 987 3018 1015 3004 1096 3028 1294 3018 1311 3045 1277 3110 1175 3096 1137 3117 1117 3103 1069 3117 1045 3093 998 3117 926 3089 861 3089 834 3117 783 3086 749 3117 708 3123 650 3086 620 3113 565 3086 436 3086"/></Shape>
	    <String CONTENT="אסור באכילה טיהרתי יצא חלב חיה"
                    HPOS="432.0"
                    VPOS="2997.0"
                    WIDTH="879.0"
                    HEIGHT="126.0"></String>
          </TextLine>

          
        </TextBlock>
        
        <TextBlock HPOS="1301.0"
                   VPOS="1142.0"
                   WIDTH="195.0"
                   HEIGHT="224.0"
                   ID="eSc_textblock_65477"
                   TAGREFS="BT740">
          <Shape><Polygon POINTS="1487 1360 1496 1180 1460 1142 1344 1151 1301 1366 1487 1360"/></Shape>
          
          
          <TextLine ID="eSc_line_1244346"
                    
                    BASELINE="1326 1195 1469 1198" 
                    HPOS="1325.0"
                    VPOS="1137.0"
                    WIDTH="143.0"
                    HEIGHT="75.0">
            <Shape><Polygon POINTS="1325 1192 1335 1144 1372 1158 1430 1137 1458 1158 1468 1195 1359 1212 1328 1195"/></Shape>
	    <String CONTENT="תל&#39; לו&#39; חלב"
                    HPOS="1325.0"
                    VPOS="1137.0"
                    WIDTH="143.0"
                    HEIGHT="75.0"></String>
          </TextLine>

          
          
          <TextLine ID="eSc_line_1244345"
                    
                    BASELINE="1316 1220 1469 1225" 
                    HPOS="1314.0"
                    VPOS="1192.0"
                    WIDTH="154.0"
                    HEIGHT="48.0">
            <Shape><Polygon POINTS="1314 1219 1321 1192 1352 1219 1458 1205 1468 1222 1437 1240 1318 1236"/></Shape>
	    <String CONTENT="שור וכשב"
                    HPOS="1314.0"
                    VPOS="1192.0"
                    WIDTH="154.0"
                    HEIGHT="48.0"></String>
          </TextLine>

          
          
          <TextLine ID="eSc_line_968606"
                    
                    BASELINE="1316 1260 1410 1260 1483 1251" 
                    HPOS="1314.0"
                    VPOS="1236.0"
                    WIDTH="167.0"
                    HEIGHT="38.0">
            <Shape><Polygon POINTS="1314 1257 1318 1236 1461 1236 1481 1250 1451 1274 1321 1274"/></Shape>
	    <String CONTENT="ועז לא תאכ&#39;"
                    HPOS="1314.0"
                    VPOS="1236.0"
                    WIDTH="167.0"
                    HEIGHT="38.0"></String>
          </TextLine>

          
          
          <TextLine ID="eSc_line_968654"
                    
                    BASELINE="1319 1289 1412 1289 1435 1296 1478 1285" 
                    HPOS="1318.0"
                    VPOS="1267.0"
                    WIDTH="157.0"
                    HEIGHT="44.0">
            <Shape><Polygon POINTS="1318 1287 1328 1270 1458 1267 1475 1284 1458 1311 1325 1304"/></Shape>
	    <String CONTENT="פרט לבהמה"
                    HPOS="1318.0"
                    VPOS="1267.0"
                    WIDTH="157.0"
                    HEIGHT="44.0"></String>
          </TextLine>

          
          
          <TextLine ID="eSc_line_968607"
                    
                    BASELINE="1324 1326 1475 1326" 
                    HPOS="1321.0"
                    VPOS="1301.0"
                    WIDTH="150.0"
                    HEIGHT="37.0">
            <Shape><Polygon POINTS="1321 1325 1345 1301 1447 1308 1471 1325 1464 1338 1328 1332"/></Shape>
	    <String CONTENT="טמיאה ולחיה"
                    HPOS="1321.0"
                    VPOS="1301.0"
                    WIDTH="150.0"
                    HEIGHT="37.0"></String>
          </TextLine>

          
          
          <TextLine ID="eSc_line_968608"
                    
                    BASELINE="1337 1349 1378 1358 1455 1358" 
                    HPOS="1335.0"
                    VPOS="1335.0"
                    WIDTH="119.0"
                    HEIGHT="71.0">
            <Shape><Polygon POINTS="1335 1345 1423 1335 1454 1355 1444 1406 1393 1383 1338 1383"/></Shape>
	    <String CONTENT="ולעופות ˙"
                    HPOS="1335.0"
                    VPOS="1335.0"
                    WIDTH="119.0"
                    HEIGHT="71.0"></String>
          </TextLine>

          
        </TextBlock>
        

        
      </PrintSpace>
    </Page>
  </Layout>
</alto>
