<?xml version="1.0" encoding="UTF-8"?>
<alto xmlns:xsi="http://www.w3.org/2001/XMLSchema-instance"
      xmlns="http://www.loc.gov/standards/alto/ns-v4#"
      xsi:schemaLocation="http://www.loc.gov/standards/alto/ns-v4# http://www.loc.gov/standards/alto/v4/alto-4-2.xsd">
  <Description>
    <MeasurementUnit>pixel</MeasurementUnit>
    <sourceImageInformation>
      <fileName>MsParm3259_F13946_0157.jpg</fileName>
      
    </sourceImageInformation>
  </Description>
  
  <Tags>
    <OtherTag ID="BT1" LABEL="Title" DESCRIPTION="block type Title"/><OtherTag ID="BT2" LABEL="Main" DESCRIPTION="block type Main"/><OtherTag ID="BT3" LABEL="Commentary" DESCRIPTION="block type Commentary"/><OtherTag ID="BT4" LABEL="Illustration" DESCRIPTION="block type Illustration"/><OtherTag ID="BT740" LABEL="Margin" DESCRIPTION="block type Margin"/><OtherTag ID="BT741" LABEL="Paratext" DESCRIPTION="block type Paratext"/><OtherTag ID="BT742" LABEL="Hole" DESCRIPTION="block type Hole"/>
    <OtherTag ID="LT2" LABEL="Numbering" DESCRIPTION="line type Numbering"/><OtherTag ID="LT3" LABEL="Correction" DESCRIPTION="line type Correction"/>
  </Tags>
  
  <Layout>
    <Page WIDTH="3066"
          HEIGHT="4088"
          PHYSICAL_IMG_NR="149"
          ID="eSc_dummypage_">
      <PrintSpace HPOS="0"
                  VPOS="0"
                  WIDTH="3066"
                  HEIGHT="4088">
        
        <TextBlock HPOS="1435.0"
                   VPOS="742.0"
                   WIDTH="958.0"
                   HEIGHT="2289.0"
                   ID="eSc_textblock_66010"
                   TAGREFS="BT2">
          <Shape><Polygon POINTS="2384 3031 2393 754 1435 742 1460 3013 2384 3031"/></Shape>
          
          
          <TextLine ID="eSc_line_972979"
                    
                    BASELINE="1439 831 2118 831 2148 828 2182 819 2352 819" 
                    HPOS="1437.0"
                    VPOS="688.0"
                    WIDTH="903.0"
                    HEIGHT="190.0">
            <Shape><Polygon POINTS="1437 827 1441 763 1502 776 1539 763 1642 800 1723 746 1744 749 1815 691 1907 769 1938 742 2009 797 2064 769 2078 783 2129 732 2156 752 2200 739 2231 759 2340 688 2340 861 2227 848 2197 865 2146 851 2122 865 2040 865 2013 838 1979 868 1618 861 1539 878 1512 875 1461 831 1441 834"/></Shape>
	    <String CONTENT="בכלי בא וזרקו על קיר המזבח וזה שקיבל"
                    HPOS="1437.0"
                    VPOS="688.0"
                    WIDTH="903.0"
                    HEIGHT="190.0"></String>
          </TextLine>

          
          
          <TextLine ID="eSc_line_972980"
                    
                    BASELINE="1439 903 1955 903 2118 892 2355 894" 
                    HPOS="1437.0"
                    VPOS="844.0"
                    WIDTH="917.0"
                    HEIGHT="103.0">
            <Shape><Polygon POINTS="1437 902 1481 848 1533 878 1969 875 2013 844 2047 872 2118 872 2142 855 2200 868 2231 855 2330 861 2354 892 2319 933 2279 912 2224 940 2153 930 1924 947 1863 926 1832 947 1703 943 1676 930 1635 947 1533 947 1451 902"/></Shape>
	    <String CONTENT="ביד בא לו אצל המצורע ומצורע טובל"
                    HPOS="1437.0"
                    VPOS="844.0"
                    WIDTH="917.0"
                    HEIGHT="103.0"></String>
          </TextLine>

          
          
          <TextLine ID="eSc_line_972957"
                    
                    BASELINE="1412 978 1480 985 1576 985 1669 978 1780 978 1855 974 2107 976 2146 969 2364 962" 
                    HPOS="1410.0"
                    VPOS="916.0"
                    WIDTH="950.0"
                    HEIGHT="109.0">
            <Shape><Polygon POINTS="1410 977 1413 940 1444 957 1488 926 1515 947 1577 950 1849 936 1928 947 2251 936 2282 916 2360 960 2336 1004 2105 998 2081 1011 2030 998 1992 1018 1843 1004 1805 1018 1751 998 1733 1018 1696 1004 1635 1025 1498 1022 1437 981"/></Shape>
	    <String CONTENT="בלשכת המצורעים בא ועמד בשערי ניקנור"
                    HPOS="1410.0"
                    VPOS="916.0"
                    WIDTH="950.0"
                    HEIGHT="109.0"></String>
          </TextLine>

          
          
          <TextLine ID="eSc_line_972954"
                    
                    BASELINE="1399 1042 1439 1051 1512 1046 1535 1051 1564 1051 1617 1046 1964 1046 1994 1051 2034 1042 2087 1042 2116 1037 2364 1040" 
                    HPOS="1396.0"
                    VPOS="991.0"
                    WIDTH="964.0"
                    HEIGHT="109.0">
            <Shape><Polygon POINTS="1396 1039 1403 1004 1444 991 1498 1025 1679 1022 1699 1001 1716 1015 1757 1004 1805 1018 1996 1015 2026 1001 2040 1011 2057 994 2081 1011 2108 998 2330 1001 2360 1039 2330 1079 2302 1059 2279 1076 2197 1083 2101 1079 2088 1066 2044 1083 1945 1086 1921 1069 1900 1086 1819 1073 1747 1090 1706 1066 1679 1090 1662 1076 1624 1100 1437 1079 1417 1096 1400 1090"/></Shape>
	    <String CONTENT="ר&#39; יהודה או&#39; לא היה צריך טבילה שכבר טבל"
                    HPOS="1396.0"
                    VPOS="991.0"
                    WIDTH="964.0"
                    HEIGHT="109.0"></String>
          </TextLine>

          
          
          <TextLine ID="eSc_line_972949"
                    
                    BASELINE="1421 1121 1512 1131 1562 1131 1585 1126 1741 1124 1771 1119 1975 1121 2084 1119 2132 1115 2246 1115 2296 1110 2361 1112" 
                    HPOS="1420.0"
                    VPOS="1066.0"
                    WIDTH="940.0"
                    HEIGHT="105.0">
            <Shape><Polygon POINTS="1420 1120 1464 1083 1631 1096 1682 1090 1710 1066 1740 1090 1870 1076 1900 1090 1917 1073 1952 1090 2050 1083 2067 1069 2091 1086 2319 1076 2360 1110 2333 1148 2292 1154 2187 1158 2153 1127 2081 1158 2003 1161 1975 1137 1955 1148 1914 1127 1890 1148 1829 1158 1791 1137 1761 1161 1696 1151 1652 1168 1587 1154 1522 1171 1485 1168 1441 1124"/></Shape>
	    <String CONTENT="מבערב ˙ ה&#39; ונתן על ת[נ]וך → יכול על תוך [יכול]"
                    HPOS="1420.0"
                    VPOS="1066.0"
                    WIDTH="940.0"
                    HEIGHT="105.0"></String>
          </TextLine>

          
          
          <TextLine ID="eSc_line_972924"
                    
                    BASELINE="1430 1192 1471 1205 1494 1201 1719 1203 1751 1196 1832 1196 1855 1192 2153 1194 2175 1190 2255 1185 2371 1185" 
                    HPOS="1427.0"
                    VPOS="1131.0"
                    WIDTH="940.0"
                    HEIGHT="122.0">
            <Shape><Polygon POINTS="1427 1188 1471 1195 1492 1175 1570 1175 1590 1158 1648 1171 1699 1154 1761 1165 1798 1137 1822 1161 1849 1148 1877 1171 1955 1178 2037 1154 2091 1161 2153 1131 2187 1158 2336 1151 2367 1182 2343 1219 2285 1202 2268 1219 2183 1229 2095 1219 2071 1236 1975 1236 1955 1219 1917 1236 1839 1219 1815 1236 1567 1246 1539 1226 1509 1253 1451 1199 1430 1199"/></Shape>
	    <String CONTENT="וודאי תל&#39; לו&#39; על נוך ↑ יכול על גובה שלאוזן"
                    HPOS="1427.0"
                    VPOS="1131.0"
                    WIDTH="940.0"
                    HEIGHT="122.0"></String>
          </TextLine>

          
          
          <TextLine ID="eSc_line_972981"
                    TAGREFS="LT3"
                    BASELINE="1850 1162 2009 1162" 
                    HPOS="1849.0"
                    VPOS="1145.0"
                    WIDTH="160.0"
                    HEIGHT="40.0">
            <Shape><Polygon POINTS="1849 1161 1852 1145 2009 1145 2006 1161 2006 1182 1849 1185"/></Shape>
	    <String CONTENT="אי על נוך"
                    HPOS="1849.0"
                    VPOS="1145.0"
                    WIDTH="160.0"
                    HEIGHT="40.0"></String>
          </TextLine>

          
          
          <TextLine ID="eSc_line_972950"
                    
                    BASELINE="1426 1267 1473 1276 1753 1276 1864 1269 1887 1262 1941 1267 2118 1267 2153 1260 2207 1255 2361 1258" 
                    HPOS="1423.0"
                    VPOS="1205.0"
                    WIDTH="937.0"
                    HEIGHT="120.0">
            <Shape><Polygon POINTS="1423 1263 1471 1229 1512 1250 1543 1222 1563 1243 1819 1236 1839 1222 1877 1236 2016 1236 2187 1229 2282 1205 2336 1222 2360 1257 2350 1294 2234 1287 2044 1304 2013 1291 1989 1308 1856 1304 1832 1284 1798 1304 1638 1318 1604 1301 1577 1321 1505 1304 1485 1325 1427 1277"/></Shape>
	    <String CONTENT="תל&#39; לו&#39; נוך הא כיצד זה גדר האמצעי על בהן"
                    HPOS="1423.0"
                    VPOS="1205.0"
                    WIDTH="937.0"
                    HEIGHT="120.0"></String>
          </TextLine>

          
          
          <TextLine ID="eSc_line_972959"
                    
                    BASELINE="1426 1339 1467 1349 1698 1349 1773 1337 1975 1337 2030 1342 2055 1335 2123 1330 2230 1330 2373 1319" 
                    HPOS="1423.0"
                    VPOS="1291.0"
                    WIDTH="948.0"
                    HEIGHT="115.0">
            <Shape><Polygon POINTS="1423 1338 1505 1308 1577 1328 1597 1308 1631 1325 1652 1311 1805 1308 1822 1291 1856 1308 1962 1301 1996 1314 2013 1297 2057 1308 2333 1291 2371 1318 2343 1345 2285 1366 2200 1376 2129 1366 1975 1379 1934 1376 1904 1352 1860 1383 1720 1383 1696 1369 1662 1386 1522 1383 1475 1406 1430 1362"/></Shape>
	    <String CONTENT="ידו הימנית ועל בהן רגלו הימנית : ו&#39; מלוג"
                    HPOS="1423.0"
                    VPOS="1291.0"
                    WIDTH="948.0"
                    HEIGHT="115.0"></String>
          </TextLine>

          
          
          <TextLine ID="eSc_line_972982"
                    
                    BASELINE="1435 1419 1748 1419 1832 1410 2046 1412 2105 1405 2361 1399" 
                    HPOS="1434.0"
                    VPOS="1352.0"
                    WIDTH="926.0"
                    HEIGHT="123.0">
            <Shape><Polygon POINTS="1434 1417 1522 1383 1860 1383 1904 1352 1931 1379 2023 1383 2316 1362 2360 1396 2350 1434 2330 1444 2255 1434 2231 1447 2091 1451 2078 1437 1812 1458 1781 1437 1757 1458 1607 1468 1573 1441 1529 1475 1461 1417 1437 1427"/></Shape>
	    <String CONTENT="השמן ויצק חסר הלוג עד שלא יצק"
                    HPOS="1434.0"
                    VPOS="1352.0"
                    WIDTH="926.0"
                    HEIGHT="123.0"></String>
          </TextLine>

          
          
          <TextLine ID="eSc_line_972983"
                    
                    BASELINE="1444 1496 1501 1496 1528 1503 1553 1496 1712 1492 1739 1494 1835 1487 1860 1480 2116 1485 2216 1478 2241 1471 2268 1476 2380 1471" 
                    HPOS="1441.0"
                    VPOS="1434.0"
                    WIDTH="936.0"
                    HEIGHT="109.0">
            <Shape><Polygon POINTS="1441 1495 1492 1458 1543 1475 1577 1444 1628 1468 1710 1451 1822 1461 2078 1437 2153 1454 2262 1434 2340 1444 2377 1468 2367 1492 2306 1522 2197 1526 2047 1515 1924 1529 1880 1512 1812 1533 1747 1512 1730 1529 1676 1522 1560 1543 1512 1539 1468 1495"/></Shape>
	    <String CONTENT="ימלאינו ומשיצק יביא אחר כתחילה דב&#39;"
                    HPOS="1441.0"
                    VPOS="1434.0"
                    WIDTH="936.0"
                    HEIGHT="109.0"></String>
          </TextLine>

          
          
          <TextLine ID="eSc_line_972960"
                    
                    BASELINE="1417 1567 1462 1578 1510 1573 1585 1576 1642 1569 1669 1562 1696 1567 1860 1567 1882 1560 1937 1560 1959 1555 2168 1557 2275 1555 2330 1546 2368 1548" 
                    HPOS="1413.0"
                    VPOS="1509.0"
                    WIDTH="954.0"
                    HEIGHT="109.0">
            <Shape><Polygon POINTS="1413 1563 1434 1567 1468 1533 1638 1539 1682 1522 1727 1529 1744 1512 1853 1533 1877 1512 1934 1529 2153 1512 2173 1526 2302 1526 2333 1509 2367 1546 2333 1594 2309 1577 2200 1597 2170 1573 2142 1573 2115 1597 1693 1597 1604 1618 1567 1604 1515 1614 1502 1601 1464 1618 1417 1570"/></Shape>
	    <String CONTENT="ר&#39; יעקב ר&#39; שמעון אומ&#39; חסר הלוג עד שלא"
                    HPOS="1413.0"
                    VPOS="1509.0"
                    WIDTH="954.0"
                    HEIGHT="109.0"></String>
          </TextLine>

          
          
          <TextLine ID="eSc_line_972961"
                    
                    BASELINE="1399 1648 1603 1646 1703 1651 1739 1642 1814 1637 2093 1639 2214 1632 2241 1628 2384 1628" 
                    HPOS="1396.0"
                    VPOS="1573.0"
                    WIDTH="985.0"
                    HEIGHT="123.0">
            <Shape><Polygon POINTS="1396 1645 1492 1601 1584 1618 1737 1601 2088 1604 2159 1573 2207 1604 2309 1584 2381 1624 2330 1682 2299 1669 2272 1679 2255 1662 2231 1676 2187 1679 2173 1665 2095 1679 2071 1659 2030 1679 1716 1686 1679 1669 1621 1693 1526 1679 1471 1696 1427 1652 1403 1648"/></Shape>
	    <String CONTENT="נתן ימלאינו ומשנתן יביא אחר כתחילה :"
                    HPOS="1396.0"
                    VPOS="1573.0"
                    WIDTH="985.0"
                    HEIGHT="123.0"></String>
          </TextLine>

          
          
          <TextLine ID="eSc_line_972985"
                    
                    BASELINE="1444 1723 1607 1723 1635 1719 1903 1721 1941 1714 2003 1714 2025 1710 2271 1710 2321 1714 2359 1698" 
                    HPOS="1441.0"
                    VPOS="1659.0"
                    WIDTH="916.0"
                    HEIGHT="109.0">
            <Shape><Polygon POINTS="1441 1720 1519 1682 1614 1696 1665 1672 1706 1686 1969 1682 2050 1676 2067 1659 2088 1679 2241 1665 2265 1686 2296 1669 2326 1699 2357 1696 2292 1747 2268 1730 2197 1754 2163 1754 2139 1730 2108 1754 1883 1754 1863 1733 1812 1754 1495 1768 1444 1730"/></Shape>
	    <String CONTENT="ז&#39; ויצק על כף הכהן השמאלית מצוה"
                    HPOS="1441.0"
                    VPOS="1659.0"
                    WIDTH="916.0"
                    HEIGHT="109.0"></String>
          </TextLine>

          
          
          <TextLine ID="eSc_line_972986"
                    
                    BASELINE="1446 1796 1539 1791 1771 1794 1830 1787 2000 1782 2380 1782" 
                    HPOS="1444.0"
                    VPOS="1733.0"
                    WIDTH="933.0"
                    HEIGHT="110.0">
            <Shape><Polygon POINTS="1444 1795 1509 1764 1846 1754 1863 1737 1883 1754 1941 1761 2112 1757 2135 1733 2159 1757 2268 1740 2289 1754 2367 1747 2377 1781 2340 1815 2306 1822 2197 1829 2163 1815 1969 1832 1948 1815 1928 1829 1836 1815 1699 1829 1672 1815 1659 1829 1638 1819 1624 1832 1526 1843 1461 1795"/></Shape>
	    <String CONTENT="שיצוק לתוך כפו שלחבירו ואם יצק"
                    HPOS="1444.0"
                    VPOS="1733.0"
                    WIDTH="933.0"
                    HEIGHT="110.0"></String>
          </TextLine>

          
          
          <TextLine ID="eSc_line_972962"
                    
                    BASELINE="1419 1869 1494 1869 1544 1864 1816 1866 1885 1860 1978 1860 2005 1855 2212 1855 2371 1844" 
                    HPOS="1417.0"
                    VPOS="1815.0"
                    WIDTH="950.0"
                    HEIGHT="102.0">
            <Shape><Polygon POINTS="1417 1866 1478 1825 1509 1843 1570 1843 1659 1832 1676 1815 1696 1829 1839 1822 1860 1836 2326 1815 2367 1843 2336 1894 2289 1900 2255 1900 2227 1873 2197 1897 2139 1883 2112 1904 2037 1900 2009 1873 1934 1904 1696 1900 1662 1877 1628 1907 1451 1917 1423 1890"/></Shape>
	    <String CONTENT="לתוך כף עצמו יצא : ח&#39; וטבל לא המספג"
                    HPOS="1417.0"
                    VPOS="1815.0"
                    WIDTH="950.0"
                    HEIGHT="102.0"></String>
          </TextLine>

          
          
          <TextLine ID="eSc_line_972963"
                    
                    BASELINE="1408 1944 1553 1937 1812 1939 1871 1932 2034 1932 2093 1928 2366 1928" 
                    HPOS="1406.0"
                    VPOS="1870.0"
                    WIDTH="958.0"
                    HEIGHT="119.0">
            <Shape><Polygon POINTS="1406 1941 1464 1914 1635 1904 1669 1873 1703 1904 1880 1897 1934 1911 2003 1877 2033 1900 2088 1907 2135 1887 2197 1897 2224 1870 2251 1897 2343 1897 2364 1924 2343 1969 2037 1979 1877 1975 1853 1962 1812 1975 1788 1955 1768 1975 1730 1965 1485 1989 1427 1941"/></Shape>
	    <String CONTENT="וטבל והזה על כל הזייה טבילה אצבעו"
                    HPOS="1406.0"
                    VPOS="1870.0"
                    WIDTH="958.0"
                    HEIGHT="119.0"></String>
          </TextLine>

          
          
          <TextLine ID="eSc_line_972964"
                    
                    BASELINE="1421 2014 1580 2014 1632 2009 1907 2012 1930 2007 2112 2005 2134 2000 2386 2003" 
                    HPOS="1420.0"
                    VPOS="1952.0"
                    WIDTH="964.0"
                    HEIGHT="105.0">
            <Shape><Polygon POINTS="1420 2013 1468 1986 1710 1979 1730 1965 1764 1975 1788 1952 1815 1975 2326 1965 2384 1999 2326 2047 2231 2037 1972 2054 1948 2040 1836 2047 1812 2033 1771 2047 1471 2057 1423 2020"/></Shape>
	    <String CONTENT="נאמ&#39; כאן אצבעו ונאמ&#39; להלן אצבעו מה"
                    HPOS="1420.0"
                    VPOS="1952.0"
                    WIDTH="964.0"
                    HEIGHT="105.0"></String>
          </TextLine>

          
          
          <TextLine ID="eSc_line_972965"
                    
                    BASELINE="1439 2087 1530 2093 1582 2091 1612 2096 1642 2087 1746 2082 2093 2084 2148 2080 2225 2080 2389 2071" 
                    HPOS="1437.0"
                    VPOS="2044.0"
                    WIDTH="951.0"
                    HEIGHT="88.0">
            <Shape><Polygon POINTS="1437 2084 1475 2057 1642 2061 1781 2044 1972 2057 2340 2047 2388 2067 2377 2098 2285 2125 1829 2115 1611 2129 1594 2112 1577 2129 1492 2132 1444 2088"/></Shape>
	    <String CONTENT="אצבעו האמורה כאן הימנית המיומנת"
                    HPOS="1437.0"
                    VPOS="2044.0"
                    WIDTH="951.0"
                    HEIGHT="88.0"></String>
          </TextLine>

          
          
          <TextLine ID="eSc_line_972966"
                    
                    BASELINE="1412 2155 1480 2159 1508 2153 1582 2157 2100 2157 2128 2153 2309 2150 2382 2143" 
                    HPOS="1410.0"
                    VPOS="2115.0"
                    WIDTH="971.0"
                    HEIGHT="99.0">
            <Shape><Polygon POINTS="1410 2153 1413 2139 1444 2149 1475 2118 1546 2132 1594 2115 2343 2115 2381 2142 2336 2193 2190 2200 2071 2187 1941 2207 1887 2183 1733 2190 1720 2204 1659 2190 1631 2204 1604 2190 1587 2207 1522 2197 1471 2214 1434 2176 1413 2176"/></Shape>
	    <String CONTENT="שבימין אף אצבעו האמורה להלן הימנ&#39;"
                    HPOS="1410.0"
                    VPOS="2115.0"
                    WIDTH="971.0"
                    HEIGHT="99.0"></String>
          </TextLine>

          
          
          <TextLine ID="eSc_line_972967"
                    
                    BASELINE="1435 2239 2014 2239 2062 2232 2200 2232 2223 2227 2396 2230" 
                    HPOS="1434.0"
                    VPOS="2187.0"
                    WIDTH="960.0"
                    HEIGHT="102.0">
            <Shape><Polygon POINTS="1434 2238 1519 2200 1550 2210 1604 2193 1727 2204 1883 2187 1938 2207 2067 2190 2347 2193 2394 2227 2350 2265 2268 2275 1965 2279 1921 2255 1866 2275 1788 2279 1764 2258 1672 2285 1611 2275 1533 2289 1464 2238"/></Shape>
	    <String CONTENT="המיומנת שבימין : ט&#39; והזה מן השמן"
                    HPOS="1434.0"
                    VPOS="2187.0"
                    WIDTH="960.0"
                    HEIGHT="102.0"></String>
          </TextLine>

          
          
          <TextLine ID="eSc_line_972988"
                    
                    BASELINE="1455 2321 1785 2321 1839 2314 2130 2314 2157 2309 2382 2311" 
                    HPOS="1454.0"
                    VPOS="2258.0"
                    WIDTH="927.0"
                    HEIGHT="106.0">
            <Shape><Polygon POINTS="1454 2319 1495 2285 1669 2289 1764 2258 1788 2279 1907 2275 1924 2262 1962 2279 2193 2282 2360 2265 2381 2309 2354 2354 2251 2357 2227 2343 2193 2360 2142 2340 2030 2357 1911 2357 1883 2340 1860 2354 1744 2360 1662 2347 1631 2360 1502 2364 1458 2319"/></Shape>
	    <String CONTENT="באצבעו שבע פעמים מלמד שהוא"
                    HPOS="1454.0"
                    VPOS="2258.0"
                    WIDTH="927.0"
                    HEIGHT="106.0"></String>
          </TextLine>

          
          
          <TextLine ID="eSc_line_972971"
                    
                    BASELINE="1444 2400 1510 2391 1533 2396 1705 2396 1732 2391 2398 2391" 
                    HPOS="1441.0"
                    VPOS="2343.0"
                    WIDTH="953.0"
                    HEIGHT="102.0">
            <Shape><Polygon POINTS="1441 2398 1512 2364 2088 2360 2129 2347 2214 2360 2231 2343 2248 2357 2350 2357 2394 2388 2347 2428 2081 2422 1941 2439 1890 2418 1860 2435 1815 2411 1788 2432 1659 2439 1638 2418 1618 2439 1587 2439 1546 2415 1512 2445 1447 2398"/></Shape>
	    <String CONTENT="טובל ומזה שבע פעמים כנגד בית"
                    HPOS="1441.0"
                    VPOS="2343.0"
                    WIDTH="953.0"
                    HEIGHT="102.0"></String>
          </TextLine>

          
          
          <TextLine ID="eSc_line_972974"
                    
                    BASELINE="1439 2468 1592 2475 1744 2475 1796 2468 2044 2468 2121 2464 2386 2466" 
                    HPOS="1437.0"
                    VPOS="2411.0"
                    WIDTH="947.0"
                    HEIGHT="106.0">
            <Shape><Polygon POINTS="1437 2466 1481 2466 1546 2422 1611 2445 1798 2432 1819 2411 1890 2449 1907 2435 2357 2428 2384 2463 2340 2514 2299 2490 2153 2510 2105 2497 1911 2507 1757 2493 1515 2517 1464 2469 1441 2469"/></Shape>
	    <String CONTENT="קודש הקדשים ועל כל הזייה טבילה :"
                    HPOS="1437.0"
                    VPOS="2411.0"
                    WIDTH="947.0"
                    HEIGHT="106.0"></String>
          </TextLine>

          
          
          <TextLine ID="eSc_line_972970"
                    
                    BASELINE="1426 2536 1582 2541 1605 2534 1628 2539 2157 2536 2239 2541 2268 2532 2291 2530 2389 2530" 
                    HPOS="1423.0"
                    VPOS="2490.0"
                    WIDTH="965.0"
                    HEIGHT="102.0">
            <Shape><Polygon POINTS="1423 2534 1427 2510 1451 2527 1485 2510 1706 2507 1757 2493 2156 2514 2214 2500 2282 2507 2306 2490 2336 2520 2374 2497 2388 2527 2350 2527 2319 2558 2292 2544 2262 2578 2204 2568 2166 2582 1662 2568 1492 2592 1427 2548"/></Shape>
	    <String CONTENT="י&#39; ומיתר השמן אשר על כפו יתן הכהן"
                    HPOS="1423.0"
                    VPOS="2490.0"
                    WIDTH="965.0"
                    HEIGHT="102.0"></String>
          </TextLine>

          
          
          <TextLine ID="eSc_line_972969"
                    
                    BASELINE="1437 2604 1480 2614 1680 2614 1705 2609 2273 2611 2400 2600" 
                    HPOS="1434.0"
                    VPOS="2544.0"
                    WIDTH="964.0"
                    HEIGHT="120.0">
            <Shape><Polygon POINTS="1434 2602 1451 2589 1488 2609 1526 2585 1614 2592 1672 2575 2265 2575 2296 2544 2326 2568 2357 2565 2398 2599 2333 2646 2078 2657 1992 2636 1846 2650 1788 2633 1768 2653 1621 2650 1587 2664 1536 2660 1475 2612 1437 2606"/></Shape>
	    <String CONTENT="על תנוך אזן המטהר הימנית על בוהן"
                    HPOS="1434.0"
                    VPOS="2544.0"
                    WIDTH="964.0"
                    HEIGHT="120.0"></String>
          </TextLine>

          
          
          <TextLine ID="eSc_line_972972"
                    
                    BASELINE="1448 2686 1723 2686 1805 2682 2302 2684 2364 2675 2407 2677" 
                    HPOS="1447.0"
                    VPOS="2636.0"
                    WIDTH="958.0"
                    HEIGHT="96.0">
            <Shape><Polygon POINTS="1447 2684 1475 2670 1512 2677 1533 2657 1768 2653 1785 2636 1808 2650 1999 2640 2074 2657 2350 2643 2377 2670 2405 2674 2398 2701 2306 2725 2118 2728 1897 2728 1877 2715 1791 2725 1768 2704 1747 2725 1529 2732 1461 2684"/></Shape>
	    <String CONTENT="ידו הימנית ועל בוהן רגלו הימנית על"
                    HPOS="1447.0"
                    VPOS="2636.0"
                    WIDTH="958.0"
                    HEIGHT="96.0"></String>
          </TextLine>

          
          
          <TextLine ID="eSc_line_972968"
                    
                    BASELINE="1430 2759 1526 2766 1657 2766 1682 2761 1828 2759 1850 2752 1873 2759 2073 2759 2096 2752 2146 2757 2355 2757 2393 2748" 
                    HPOS="1427.0"
                    VPOS="2704.0"
                    WIDTH="964.0"
                    HEIGHT="109.0">
            <Shape><Polygon POINTS="1427 2755 1492 2728 1744 2725 1764 2704 1788 2725 2026 2732 2357 2711 2391 2745 2384 2769 2323 2793 2214 2796 2170 2783 2153 2800 2112 2786 2003 2803 1979 2790 1819 2800 1768 2786 1747 2800 1580 2796 1505 2813 1444 2759"/></Shape>
	    <String CONTENT="דם האשם שיקדום הדם לשמן אי אינו"
                    HPOS="1427.0"
                    VPOS="2704.0"
                    WIDTH="964.0"
                    HEIGHT="109.0"></String>
          </TextLine>

          
          
          <TextLine ID="eSc_line_972987"
                    
                    BASELINE="1462 2829 1510 2838 1769 2836 1794 2841 1816 2834 1869 2832 2116 2832 2196 2827 2396 2829" 
                    HPOS="1461.0"
                    VPOS="2786.0"
                    WIDTH="933.0"
                    HEIGHT="89.0">
            <Shape><Polygon POINTS="1461 2827 1563 2800 2037 2803 2153 2800 2166 2786 2221 2800 2364 2790 2394 2827 2357 2865 2282 2868 2255 2844 2234 2865 2078 2871 2044 2847 2026 2861 2006 2847 1979 2871 1904 2858 1887 2871 1802 2871 1774 2858 1635 2875 1519 2875 1475 2830"/></Shape>
	    <String CONTENT="אומ&#39; אלא אם יש שם דם יתן אין שם"
                    HPOS="1461.0"
                    VPOS="2786.0"
                    WIDTH="933.0"
                    HEIGHT="89.0"></String>
          </TextLine>

          
          
          <TextLine ID="eSc_line_972984"
                    
                    BASELINE="1473 2904 1626 2904 1707 2900 2071 2902 2321 2891 2389 2893" 
                    HPOS="1471.0"
                    VPOS="2847.0"
                    WIDTH="917.0"
                    HEIGHT="103.0">
            <Shape><Polygon POINTS="1471 2902 1526 2875 1733 2875 1774 2861 1975 2875 2003 2851 2023 2865 2037 2851 2057 2871 2210 2871 2251 2847 2275 2871 2364 2865 2388 2892 2357 2933 2319 2939 2210 2939 2187 2926 2149 2939 2061 2943 2030 2929 2016 2943 1917 2946 1853 2926 1832 2946 1761 2936 1682 2950 1533 2946 1475 2902"/></Shape>
	    <String CONTENT="דם לא יתן תל&#39; לו&#39; אל מקום דם האשם"
                    HPOS="1471.0"
                    VPOS="2847.0"
                    WIDTH="917.0"
                    HEIGHT="103.0"></String>
          </TextLine>

          
          
          <TextLine ID="eSc_line_972973"
                    
                    BASELINE="1444 2979 1664 2984 1773 2977 1957 2972 2355 2975 2389 2954" 
                    HPOS="1441.0"
                    VPOS="2929.0"
                    WIDTH="947.0"
                    HEIGHT="167.0">
            <Shape><Polygon POINTS="1441 2977 1444 2963 1481 2970 1505 2946 1703 2939 1849 2950 2360 2929 2388 2953 2377 2997 2323 3035 2292 3008 2234 3014 2197 3045 2156 3011 2122 3025 2074 3018 2044 3048 1986 3021 1924 3021 1904 3042 1870 3011 1825 3042 1737 3014 1696 3031 1601 3031 1536 3066 1502 3055 1461 3096 1444 3093"/></Shape>
	    <String CONTENT="הווי אין הדם גורם אלא המקום גורם :"
                    HPOS="1441.0"
                    VPOS="2929.0"
                    WIDTH="947.0"
                    HEIGHT="167.0"></String>
          </TextLine>

          
        </TextBlock>
        
        <TextBlock HPOS="2502.0"
                   VPOS="1060.0"
                   WIDTH="91.0"
                   HEIGHT="64.0"
                   ID="eSc_textblock_66009"
                   TAGREFS="BT740">
          <Shape><Polygon POINTS="2593 1124 2593 1060 2502 1081 2514 1124 2593 1124"/></Shape>
          
          
          <TextLine ID="eSc_line_972958"
                    
                    BASELINE="2491 1090 2591 1094" 
                    HPOS="2490.0"
                    VPOS="1052.0"
                    WIDTH="99.0"
                    HEIGHT="92.0">
            <Shape><Polygon POINTS="2490 1086 2503 1052 2534 1066 2575 1056 2589 1093 2575 1144 2493 1107"/></Shape>
	    <String CONTENT="תוך"
                    HPOS="2490.0"
                    VPOS="1052.0"
                    WIDTH="99.0"
                    HEIGHT="92.0"></String>
          </TextLine>

          
        </TextBlock>
        
        <TextBlock HPOS="388.0"
                   VPOS="760.0"
                   WIDTH="936.0"
                   HEIGHT="2290.0"
                   ID="eSc_textblock_66011"
                   TAGREFS="BT2">
          <Shape><Polygon POINTS="1324 3050 1324 790 399 760 388 3041 1324 3050"/></Shape>
          
          
          <TextLine ID="eSc_line_972948"
                    
                    BASELINE="367 860 436 867 540 867 660 856 890 851 917 847 1142 847 1210 838 1328 838" 
                    HPOS="364.0"
                    VPOS="766.0"
                    WIDTH="961.0"
                    HEIGHT="150.0">
            <Shape><Polygon POINTS="364 858 398 827 507 817 558 831 616 797 657 817 749 786 807 821 861 807 923 814 940 797 967 810 1015 776 1052 810 1073 790 1113 803 1154 766 1178 783 1199 769 1253 817 1287 824 1308 810 1325 834 1304 885 1219 868 1192 882 1161 872 1144 889 953 892 930 875 902 892 780 895 729 892 708 875 660 899 558 895 408 916 367 875"/></Shape>
	    <String CONTENT="י&#39;א&#39; אין לו בוהן יד בוהן רגל אוזן ימנית"
                    HPOS="364.0"
                    VPOS="766.0"
                    WIDTH="961.0"
                    HEIGHT="150.0"></String>
          </TextLine>

          
          
          <TextLine ID="eSc_line_972956"
                    
                    BASELINE="383 928 451 928 474 935 522 928 715 933 783 919 1171 922 1274 910 1312 912" 
                    HPOS="381.0"
                    VPOS="868.0"
                    WIDTH="930.0"
                    HEIGHT="116.0">
            <Shape><Polygon POINTS="381 926 432 906 691 892 708 875 729 892 906 892 919 878 1059 892 1137 889 1165 868 1185 882 1240 872 1301 885 1311 909 1257 953 1117 957 1100 943 1086 957 984 964 933 950 746 964 708 947 667 967 620 957 459 984 401 926 384 930"/></Shape>
	    <String CONTENT="אין לו טהרה עולמית ר&#39; אליעזר או&#39; נותן"
                    HPOS="381.0"
                    VPOS="868.0"
                    WIDTH="930.0"
                    HEIGHT="116.0"></String>
          </TextLine>

          
          
          <TextLine ID="eSc_line_972953"
                    
                    BASELINE="381 1010 560 1010 606 1015 635 999 665 1003 797 1003 844 997 933 997 1003 992 1201 994 1301 983" 
                    HPOS="378.0"
                    VPOS="943.0"
                    WIDTH="919.0"
                    HEIGHT="116.0">
            <Shape><Polygon POINTS="378 1008 429 953 459 984 493 984 701 957 763 967 926 953 943 967 1001 967 1083 960 1103 943 1117 957 1202 964 1277 950 1297 981 1287 1032 1076 1028 1059 1011 1035 1039 722 1032 446 1059 391 1008"/></Shape>
	    <String CONTENT="הוא על מקומו ר&#39; שמעון או&#39; אם נתן על"
                    HPOS="378.0"
                    VPOS="943.0"
                    WIDTH="919.0"
                    HEIGHT="116.0"></String>
          </TextLine>

          
          
          <TextLine ID="eSc_line_972945"
                    
                    BASELINE="401 1076 706 1074 794 1069 819 1065 1058 1067 1099 1060 1242 1056 1308 1058" 
                    HPOS="398.0"
                    VPOS="1022.0"
                    WIDTH="906.0"
                    HEIGHT="98.0">
            <Shape><Polygon POINTS="398 1073 466 1049 643 1035 909 1045 1015 1032 1049 1056 1086 1028 1209 1022 1284 1028 1304 1056 1274 1093 1134 1103 1059 1083 987 1113 943 1110 895 1079 858 1110 718 1110 698 1090 677 1110 453 1120 405 1073"/></Shape>
	    <String CONTENT="שלשמאל יצא : י&#39;ב&#39; והנותר בשמן [א&#39;]"
                    HPOS="398.0"
                    VPOS="1022.0"
                    WIDTH="906.0"
                    HEIGHT="98.0"></String>
          </TextLine>

          
          
          <TextLine ID="eSc_line_972946"
                    
                    BASELINE="392 1149 685 1149 813 1142 835 1135 858 1140 1060 1137 1115 1140 1140 1135 1312 1128" 
                    HPOS="391.0"
                    VPOS="1079.0"
                    WIDTH="920.0"
                    HEIGHT="113.0">
            <Shape><Polygon POINTS="391 1148 415 1117 606 1117 640 1103 677 1110 694 1093 718 1113 855 1110 899 1083 981 1113 1049 1103 1069 1079 1096 1103 1270 1100 1311 1127 1274 1171 1257 1161 1240 1178 1171 1175 1148 1154 1103 1178 872 1182 848 1165 793 1188 763 1175 592 1188 568 1175 551 1192 497 1192 432 1188 395 1151"/></Shape>
	    <String CONTENT="אשר על כף הכהן יתן על ראש המטהר"
                    HPOS="391.0"
                    VPOS="1079.0"
                    WIDTH="920.0"
                    HEIGHT="113.0"></String>
          </TextLine>

          
          
          <TextLine ID="eSc_line_972947"
                    
                    BASELINE="390 1221 860 1221 883 1215 958 1210 1033 1212 1314 1199" 
                    HPOS="388.0"
                    VPOS="1161.0"
                    WIDTH="923.0"
                    HEIGHT="113.0">
            <Shape><Polygon POINTS="388 1219 429 1188 548 1195 568 1175 596 1192 711 1188 729 1175 763 1188 882 1188 902 1175 1103 1182 1154 1161 1195 1175 1257 1165 1301 1175 1311 1195 1274 1240 1216 1250 1168 1253 1151 1240 1134 1257 872 1250 769 1263 749 1246 698 1263 643 1257 616 1274 596 1257 579 1270 453 1270 401 1219"/></Shape>
	    <String CONTENT="לכפר אם נתן כיפר ואם לא נתן לא כיפר"
                    HPOS="388.0"
                    VPOS="1161.0"
                    WIDTH="923.0"
                    HEIGHT="113.0"></String>
          </TextLine>

          
          
          <TextLine ID="eSc_line_972952"
                    
                    BASELINE="386 1303 483 1301 531 1305 583 1305 608 1299 760 1303 838 1296 863 1289 885 1294 1144 1294 1192 1287 1310 1280" 
                    HPOS="384.0"
                    VPOS="1246.0"
                    WIDTH="924.0"
                    HEIGHT="106.0">
            <Shape><Polygon POINTS="384 1301 388 1263 405 1274 425 1253 446 1270 613 1277 637 1263 974 1263 1018 1250 1182 1260 1243 1246 1308 1277 1284 1325 1250 1332 1209 1332 1185 1314 1158 1332 1022 1318 1001 1328 981 1311 960 1332 752 1342 694 1318 657 1349 568 1349 524 1332 429 1352 391 1314"/></Shape>
	    <String CONTENT="דב&#39; ר&#39; עקיבה ר&#39; יוחנן בן נורי או&#39; שירי [מצ&#39;]"
                    HPOS="384.0"
                    VPOS="1246.0"
                    WIDTH="924.0"
                    HEIGHT="106.0"></String>
          </TextLine>

          
          
          <TextLine ID="eSc_line_972935"
                    
                    BASELINE="401 1374 751 1374 851 1378 899 1369 1008 1364 1285 1364 1319 1344" 
                    HPOS="398.0"
                    VPOS="1325.0"
                    WIDTH="920.0"
                    HEIGHT="95.0">
            <Shape><Polygon POINTS="398 1372 453 1345 667 1345 688 1325 742 1345 1165 1325 1318 1342 1287 1400 1209 1403 1161 1386 1100 1406 1052 1389 1022 1410 1001 1400 861 1413 838 1400 790 1420 473 1420 419 1372"/></Shape>
	    <String CONTENT="מצוה הן בין שנתן ובין שלא נתן כיפר"
                    HPOS="398.0"
                    VPOS="1325.0"
                    WIDTH="920.0"
                    HEIGHT="95.0"></String>
          </TextLine>

          
          
          <TextLine ID="eSc_line_972934"
                    
                    BASELINE="411 1444 624 1458 681 1451 790 1446 897 1448 949 1442 1003 1442 1026 1437 1312 1437" 
                    HPOS="408.0"
                    VPOS="1393.0"
                    WIDTH="903.0"
                    HEIGHT="102.0">
            <Shape><Polygon POINTS="408 1441 446 1417 596 1430 694 1410 797 1420 838 1400 865 1417 892 1403 1028 1410 1052 1393 1110 1413 1158 1393 1287 1400 1311 1434 1287 1471 1168 1471 1141 1485 1120 1471 923 1475 899 1488 861 1475 814 1492 715 1492 677 1458 633 1495 504 1495 480 1475 456 1492 412 1447"/></Shape>
	    <String CONTENT="ומעלין עליו כאילו לא כיפר י&#39;ג&#39; ועשה"
                    HPOS="408.0"
                    VPOS="1393.0"
                    WIDTH="903.0"
                    HEIGHT="102.0"></String>
          </TextLine>

          
          
          <TextLine ID="eSc_line_972951"
                    
                    BASELINE="354 1521 940 1521 972 1514 1056 1510 1205 1514 1235 1505 1314 1505" 
                    HPOS="350.0"
                    VPOS="1461.0"
                    WIDTH="961.0"
                    HEIGHT="119.0">
            <Shape><Polygon POINTS="350 1519 412 1481 459 1495 480 1475 497 1492 640 1492 677 1461 715 1492 1280 1471 1311 1502 1291 1543 1263 1546 609 1567 473 1556 425 1580 361 1519"/></Shape>
	    <String CONTENT="הכהן את החטאת שיהו כל מעשיה לשם"
                    HPOS="350.0"
                    VPOS="1461.0"
                    WIDTH="961.0"
                    HEIGHT="119.0"></String>
          </TextLine>

          
          
          <TextLine ID="eSc_line_972927"
                    
                    BASELINE="383 1592 426 1589 474 1596 574 1598 715 1596 744 1589 801 1594 897 1592 924 1596 951 1589 1042 1587 1065 1582 1276 1585 1321 1567" 
                    HPOS="381.0"
                    VPOS="1546.0"
                    WIDTH="937.0"
                    HEIGHT="99.0">
            <Shape><Polygon POINTS="381 1590 473 1560 851 1567 872 1553 1291 1546 1318 1563 1291 1624 1182 1631 1148 1618 1131 1635 1100 1611 1079 1631 981 1621 851 1638 834 1624 797 1645 487 1642 398 1590"/></Shape>
	    <String CONTENT="חטאת ועשה הכהן את החטאת וכיפר"
                    HPOS="381.0"
                    VPOS="1546.0"
                    WIDTH="937.0"
                    HEIGHT="99.0"></String>
          </TextLine>

          
          
          <TextLine ID="eSc_line_972936"
                    
                    BASELINE="392 1673 463 1673 486 1678 860 1673 888 1678 910 1669 1040 1664 1142 1666 1165 1662 1278 1655 1319 1657" 
                    HPOS="391.0"
                    VPOS="1611.0"
                    WIDTH="927.0"
                    HEIGHT="112.0">
            <Shape><Polygon POINTS="391 1672 459 1621 483 1642 596 1652 688 1638 817 1645 834 1628 875 1642 981 1624 1079 1631 1100 1611 1131 1635 1151 1618 1178 1631 1308 1618 1318 1655 1284 1696 1229 1706 1154 1706 1134 1693 1113 1706 1056 1696 960 1713 739 1716 677 1703 640 1723 449 1723 395 1676"/></Shape>
	    <String CONTENT="מה תל&#39; לפי שנ&#39; והעלה הכהן את העולה"
                    HPOS="391.0"
                    VPOS="1611.0"
                    WIDTH="927.0"
                    HEIGHT="112.0"></String>
          </TextLine>

          
          
          <TextLine ID="eSc_line_972941"
                    
                    BASELINE="399 1753 445 1746 497 1746 520 1751 608 1751 635 1746 885 1748 1115 1737 1324 1737" 
                    HPOS="398.0"
                    VPOS="1703.0"
                    WIDTH="923.0"
                    HEIGHT="92.0">
            <Shape><Polygon POINTS="398 1751 463 1720 613 1723 677 1703 732 1720 1287 1703 1321 1733 1287 1778 953 1785 868 1768 841 1788 729 1791 688 1771 596 1795 476 1791 429 1747"/></Shape>
	    <String CONTENT="ואת המנחה המזבחה יכול יהו כולם"
                    HPOS="398.0"
                    VPOS="1703.0"
                    WIDTH="923.0"
                    HEIGHT="92.0"></String>
          </TextLine>

          
          
          <TextLine ID="eSc_line_972940"
                    
                    BASELINE="408 1821 774 1821 824 1816 1017 1814 1044 1807 1090 1812 1312 1812" 
                    HPOS="405.0"
                    VPOS="1771.0"
                    WIDTH="906.0"
                    HEIGHT="92.0">
            <Shape><Polygon POINTS="405 1819 463 1788 848 1788 872 1771 885 1785 912 1771 940 1785 1284 1778 1311 1808 1301 1846 1141 1856 1004 1856 943 1825 868 1843 844 1822 827 1839 766 1829 746 1843 681 1836 466 1863 419 1819"/></Shape>
	    <String CONTENT="מעכבין אותו תל&#39; לו&#39; ועשה הכהן את"
                    HPOS="405.0"
                    VPOS="1771.0"
                    WIDTH="906.0"
                    HEIGHT="92.0"></String>
          </TextLine>

          
          
          <TextLine ID="eSc_line_972944"
                    
                    BASELINE="404 1882 474 1894 833 1894 962 1885 1121 1885 1194 1878 1217 1871 1240 1875 1330 1871" 
                    HPOS="401.0"
                    VPOS="1843.0"
                    WIDTH="927.0"
                    HEIGHT="91.0">
            <Shape><Polygon POINTS="401 1880 480 1860 654 1863 705 1880 865 1860 889 1873 902 1860 960 1866 987 1846 1015 1856 1240 1843 1291 1846 1328 1870 1287 1914 1011 1928 977 1900 933 1931 476 1934 405 1883"/></Shape>
	    <String CONTENT="החטאת וכפר ↑ על המטהר מטומאתו"
                    HPOS="401.0"
                    VPOS="1843.0"
                    WIDTH="927.0"
                    HEIGHT="91.0"></String>
          </TextLine>

          
          
          <TextLine ID="eSc_line_972930"
                    TAGREFS="LT3"
                    BASELINE="581 1863 679 1855 781 1857 1004 1855" 
                    HPOS="580.0"
                    VPOS="1843.0"
                    WIDTH="424.0"
                    HEIGHT="43.0">
            <Shape><Polygon POINTS="580 1851 678 1843 781 1845 1003 1843 1004 1878 780 1880 680 1878 582 1886"/></Shape>
	    <String CONTENT="מלמד שכפרה בחטאת ˙ וכפר"
                    HPOS="580.0"
                    VPOS="1843.0"
                    WIDTH="424.0"
                    HEIGHT="43.0"></String>
          </TextLine>

          
          
          <TextLine ID="eSc_line_972933"
                    
                    BASELINE="401 1962 856 1966 890 1959 919 1959 947 1955 1151 1957 1219 1950 1317 1946" 
                    HPOS="398.0"
                    VPOS="1904.0"
                    WIDTH="916.0"
                    HEIGHT="112.0">
            <Shape><Polygon POINTS="398 1958 415 1931 453 1924 660 1941 718 1928 940 1928 977 1904 1008 1928 1280 1914 1314 1945 1304 1979 1284 1989 1165 1982 1086 1999 858 1996 701 2013 671 1989 613 2009 507 2009 473 1992 429 2016 401 1989"/></Shape>
	    <String CONTENT="מטומאתו ולא מזובו ואחר ישחט את"
                    HPOS="398.0"
                    VPOS="1904.0"
                    WIDTH="916.0"
                    HEIGHT="112.0"></String>
          </TextLine>

          
          
          <TextLine ID="eSc_line_972931"
                    
                    BASELINE="390 2034 488 2034 513 2041 574 2044 722 2037 842 2039 967 2032 990 2025 1035 2030 1258 2030 1321 2016" 
                    HPOS="388.0"
                    VPOS="1986.0"
                    WIDTH="930.0"
                    HEIGHT="102.0">
            <Shape><Polygon POINTS="388 2033 436 2026 476 1996 511 2016 609 2016 630 1996 667 1992 701 2016 800 1999 1178 1986 1308 1989 1318 2013 1291 2061 1219 2074 1137 2061 977 2071 940 2057 902 2081 759 2064 722 2084 677 2067 643 2081 620 2064 599 2081 473 2088 408 2033"/></Shape>
	    <String CONTENT="העולה אחר המעשה הזה : י&#39;ד&#39; והעלה"
                    HPOS="388.0"
                    VPOS="1986.0"
                    WIDTH="930.0"
                    HEIGHT="102.0"></String>
          </TextLine>

          
          
          <TextLine ID="eSc_line_972925"
                    
                    BASELINE="417 2112 458 2109 513 2116 615 2116 706 2114 729 2109 906 2112 956 2105 1121 2100 1274 2103 1337 2096" 
                    HPOS="415.0"
                    VPOS="2057.0"
                    WIDTH="920.0"
                    HEIGHT="99.0">
            <Shape><Polygon POINTS="415 2108 453 2081 688 2088 749 2067 776 2081 916 2078 943 2057 970 2071 1287 2067 1335 2095 1277 2142 1216 2129 1192 2146 1137 2129 1124 2142 1004 2149 885 2135 872 2149 793 2156 487 2142 459 2156 419 2115"/></Shape>
	    <String CONTENT="הכהן את העולה אף על פי ששחטה"
                    HPOS="415.0"
                    VPOS="2057.0"
                    WIDTH="920.0"
                    HEIGHT="99.0"></String>
          </TextLine>

          
          
          <TextLine ID="eSc_line_972955"
                    
                    BASELINE="417 2184 463 2182 520 2187 581 2187 608 2180 663 2184 810 2184 933 2177 958 2173 1178 2175 1201 2171 1296 2166 1339 2168" 
                    HPOS="415.0"
                    VPOS="2125.0"
                    WIDTH="923.0"
                    HEIGHT="109.0">
            <Shape><Polygon POINTS="415 2183 483 2142 507 2156 797 2156 1124 2142 1137 2129 1195 2142 1212 2125 1338 2166 1287 2210 1175 2214 1144 2187 1113 2214 875 2227 838 2207 817 2227 735 2234 585 2231 568 2214 538 2234 514 2217 487 2231 425 2183"/></Shape>
	    <String CONTENT="שלא לשמה והעלה הכהן את העולה"
                    HPOS="415.0"
                    VPOS="2125.0"
                    WIDTH="923.0"
                    HEIGHT="109.0"></String>
          </TextLine>

          
          
          <TextLine ID="eSc_line_972926"
                    
                    BASELINE="363 2268 440 2264 731 2266 881 2255 1031 2257 1067 2250 1119 2250 1167 2246 1308 2248" 
                    HPOS="361.0"
                    VPOS="2193.0"
                    WIDTH="943.0"
                    HEIGHT="120.0">
            <Shape><Polygon POINTS="361 2265 395 2238 487 2234 500 2221 524 2234 562 2217 582 2238 677 2238 793 2231 834 2204 861 2224 1113 2217 1137 2193 1168 2217 1280 2210 1304 2244 1294 2282 1236 2296 1205 2282 1096 2296 1069 2268 1042 2296 991 2296 957 2275 899 2299 841 2289 824 2306 800 2292 701 2313 626 2313 613 2299 585 2313 408 2309 364 2265"/></Shape>
	    <String CONTENT="אף על פי שקדמה לחטאת והעלה הכהן"
                    HPOS="361.0"
                    VPOS="2193.0"
                    WIDTH="943.0"
                    HEIGHT="120.0"></String>
          </TextLine>

          
          
          <TextLine ID="eSc_line_972928"
                    
                    BASELINE="354 2336 449 2336 501 2341 799 2341 822 2336 969 2339 1074 2327 1312 2327" 
                    HPOS="350.0"
                    VPOS="2265.0"
                    WIDTH="961.0"
                    HEIGHT="123.0">
            <Shape><Polygon POINTS="350 2333 391 2306 885 2306 936 2299 964 2275 991 2296 1035 2299 1069 2265 1120 2296 1291 2292 1311 2326 1304 2377 1263 2357 1219 2374 1093 2360 667 2388 626 2364 602 2384 558 2367 534 2388 500 2374 412 2388 354 2333"/></Shape>
	    <String CONTENT="את העולה מלמד שאיברי עולה קודמין"
                    HPOS="350.0"
                    VPOS="2265.0"
                    WIDTH="961.0"
                    HEIGHT="123.0"></String>
          </TextLine>

          
          
          <TextLine ID="eSc_line_972922"
                    
                    BASELINE="372 2411 420 2421 717 2421 822 2418 931 2409 1060 2411 1169 2409 1265 2400 1330 2402" 
                    HPOS="371.0"
                    VPOS="2354.0"
                    WIDTH="957.0"
                    HEIGHT="115.0">
            <Shape><Polygon POINTS="371 2408 378 2398 401 2411 442 2384 602 2388 620 2371 667 2391 889 2371 1246 2371 1263 2354 1328 2401 1243 2449 1161 2445 1124 2428 1103 2449 1008 2435 970 2456 848 2445 803 2459 769 2445 725 2466 674 2466 654 2445 626 2466 476 2456 439 2469 374 2411"/></Shape>
	    <String CONTENT="לאימורי חטאת א&#39;ר שמעון למה חטאת"
                    HPOS="371.0"
                    VPOS="2354.0"
                    WIDTH="957.0"
                    HEIGHT="115.0"></String>
          </TextLine>

          
          
          <TextLine ID="eSc_line_972939"
                    
                    BASELINE="399 2484 445 2495 467 2491 919 2493 944 2486 999 2486 1026 2482 1330 2484" 
                    HPOS="398.0"
                    VPOS="2425.0"
                    WIDTH="930.0"
                    HEIGHT="123.0">
            <Shape><Polygon POINTS="398 2483 456 2463 589 2456 637 2473 759 2452 933 2456 1011 2432 1103 2449 1127 2425 1161 2449 1287 2442 1328 2483 1297 2514 1267 2517 1188 2517 1168 2497 1127 2524 967 2514 861 2537 800 2524 722 2537 589 2527 480 2548 401 2500"/></Shape>
	    <String CONTENT="דומה לפרקלט שנכנס לרצות ורוצה"
                    HPOS="398.0"
                    VPOS="2425.0"
                    WIDTH="930.0"
                    HEIGHT="123.0"></String>
          </TextLine>

          
          
          <TextLine ID="eSc_line_972942"
                    
                    BASELINE="508 2557 1065 2557 1092 2550 1180 2550 1203 2545 1342 2545" 
                    HPOS="507.0"
                    VPOS="2497.0"
                    WIDTH="831.0"
                    HEIGHT="122.0">
            <Shape><Polygon POINTS="507 2555 511 2541 582 2527 807 2524 861 2537 1028 2514 1120 2527 1168 2497 1188 2517 1287 2514 1338 2544 1291 2592 1240 2585 1202 2602 1151 2595 1134 2578 1086 2599 930 2578 912 2595 810 2599 776 2585 698 2609 664 2582 589 2619 511 2585"/></Shape>
	    <String CONTENT="פרקלט ונכנסה דורון :"
                    HPOS="507.0"
                    VPOS="2497.0"
                    WIDTH="831.0"
                    HEIGHT="122.0"></String>
          </TextLine>

          
          
          <TextLine ID="eSc_line_972943"
                    
                    BASELINE="713 2618 754 2632 781 2627 987 2629 1062 2618 1087 2623 1155 2618" 
                    HPOS="711.0"
                    VPOS="2585.0"
                    WIDTH="443.0"
                    HEIGHT="89.0">
            <Shape><Polygon POINTS="711 2616 790 2585 817 2602 930 2585 1039 2595 1066 2616 1154 2616 1086 2619 1025 2670 987 2657 957 2670 797 2674 752 2650 715 2650"/></Shape>
	    <String CONTENT="פרשתה ד&#39; ˙"
                    HPOS="711.0"
                    VPOS="2585.0"
                    WIDTH="443.0"
                    HEIGHT="89.0"></String>
          </TextLine>

          
          
          <TextLine ID="eSc_line_972938"
                    
                    BASELINE="395 2711 897 2711 919 2704 1053 2700 1333 2700" 
                    HPOS="391.0"
                    VPOS="2629.0"
                    WIDTH="941.0"
                    HEIGHT="130.0">
            <Shape><Polygon POINTS="391 2708 439 2667 490 2674 524 2640 565 2674 637 2681 674 2674 705 2646 769 2674 1018 2670 1103 2660 1134 2629 1205 2664 1297 2664 1332 2698 1301 2738 1260 2742 1011 2735 786 2752 739 2738 684 2755 470 2759 439 2755 395 2711"/></Shape>
	    <String CONTENT="ואם דל הוא שומע אני דל איש פל&#39; ממה"
                    HPOS="391.0"
                    VPOS="2629.0"
                    WIDTH="941.0"
                    HEIGHT="130.0"></String>
          </TextLine>

          
          
          <TextLine ID="eSc_line_972932"
                    
                    BASELINE="449 2775 492 2784 1042 2784 1099 2777 1187 2777 1210 2773 1328 2775" 
                    HPOS="446.0"
                    VPOS="2738.0"
                    WIDTH="879.0"
                    HEIGHT="92.0">
            <Shape><Polygon POINTS="446 2773 500 2749 694 2755 1069 2738 1284 2738 1304 2742 1325 2773 1277 2813 967 2817 947 2803 930 2820 906 2807 878 2824 691 2830 504 2827 453 2776"/></Shape>
	    <String CONTENT="שהיה שהיה בן מאה מנה ונעשה בן"
                    HPOS="446.0"
                    VPOS="2738.0"
                    WIDTH="879.0"
                    HEIGHT="92.0"></String>
          </TextLine>

          
          
          <TextLine ID="eSc_line_972937"
                    
                    BASELINE="411 2861 454 2854 476 2859 683 2859 708 2852 763 2857 978 2857 1028 2850 1085 2850 1117 2845 1342 2845" 
                    HPOS="408.0"
                    VPOS="2810.0"
                    WIDTH="930.0"
                    HEIGHT="89.0">
            <Shape><Polygon POINTS="408 2858 412 2824 882 2827 943 2810 977 2824 1297 2813 1338 2844 1301 2882 1195 2892 953 2892 930 2875 868 2895 838 2878 817 2895 504 2885 476 2899 432 2858"/></Shape>
	    <String CONTENT="חמשים מנה תל&#39; לו&#39; ואין ידו משגת אי"
                    HPOS="408.0"
                    VPOS="2810.0"
                    WIDTH="930.0"
                    HEIGHT="89.0"></String>
          </TextLine>

          
          
          <TextLine ID="eSc_line_972923"
                    
                    BASELINE="379 2920 420 2929 749 2929 808 2922 890 2922 917 2916 947 2920 1185 2920 1278 2913 1351 2913" 
                    HPOS="378.0"
                    VPOS="2875.0"
                    WIDTH="971.0"
                    HEIGHT="95.0">
            <Shape><Polygon POINTS="378 2919 439 2878 490 2902 504 2888 821 2899 838 2882 868 2895 933 2875 970 2895 1297 2878 1349 2912 1294 2950 1236 2936 1219 2953 1199 2939 1148 2960 1028 2963 1008 2950 994 2963 861 2953 793 2967 480 2970 432 2967 381 2922"/></Shape>
	    <String CONTENT="ואין ידו משגת יש לו ואינו מוציא ליקח"
                    HPOS="378.0"
                    VPOS="2875.0"
                    WIDTH="971.0"
                    HEIGHT="95.0"></String>
          </TextLine>

          
          
          <TextLine ID="eSc_line_972929"
                    
                    BASELINE="381 3004 474 3000 883 3002 926 2995 987 2995 1010 2991 1337 2993" 
                    HPOS="378.0"
                    VPOS="2936.0"
                    WIDTH="957.0"
                    HEIGHT="143.0">
            <Shape><Polygon POINTS="378 3001 419 2967 991 2967 1008 2950 1022 2963 1168 2956 1192 2939 1219 2953 1236 2936 1297 2953 1335 2991 1325 3025 1287 3048 1240 3014 1205 3048 1188 3031 1127 3031 1096 3052 1052 3031 1008 3076 984 3079 892 3038 855 3059 752 3035 688 3048 671 3031 637 3045 579 3038 558 3055 517 3031 497 3052 480 3042 446 3055 381 3001"/></Shape>
	    <String CONTENT="תל&#39; לו&#39; ואם דל הוא הא עד שיאמרו שני"
                    HPOS="378.0"
                    VPOS="2936.0"
                    WIDTH="957.0"
                    HEIGHT="143.0"></String>
          </TextLine>

          
        </TextBlock>
        
        <TextBlock HPOS="451.0"
                   VPOS="3395.0"
                   WIDTH="282.0"
                   HEIGHT="136.0"
                   ID="eSc_textblock_66003"
                   TAGREFS="BT741">
          <Shape><Polygon POINTS="669 3531 733 3477 679 3404 545 3395 451 3461 526 3531 669 3531"/></Shape>
          
          
          <TextLine ID="eSc_line_972975"
                    
                    BASELINE="451 3486 495 3486 520 3492 570 3481 699 3488" 
                    HPOS="449.0"
                    VPOS="3403.0"
                    WIDTH="242.0"
                    HEIGHT="156.0">
            <Shape><Polygon POINTS="449 3485 456 3427 483 3444 521 3416 589 3410 640 3423 667 3403 691 3413 688 3536 616 3549 589 3532 545 3532 517 3559 483 3525 453 3529"/></Shape>
	    <String CONTENT="כתובים"
                    HPOS="449.0"
                    VPOS="3403.0"
                    WIDTH="242.0"
                    HEIGHT="156.0"></String>
          </TextLine>

          
        </TextBlock>
        

        
      </PrintSpace>
    </Page>
  </Layout>
</alto>
