<?xml version="1.0" encoding="UTF-8"?>
<alto xmlns:xsi="http://www.w3.org/2001/XMLSchema-instance"
      xmlns="http://www.loc.gov/standards/alto/ns-v4#"
      xsi:schemaLocation="http://www.loc.gov/standards/alto/ns-v4# http://www.loc.gov/standards/alto/v4/alto-4-2.xsd">
  <Description>
    <MeasurementUnit>pixel</MeasurementUnit>
    <sourceImageInformation>
      <fileName>MsParm3259_F13946_0264.jpg</fileName>
      
    </sourceImageInformation>
  </Description>
  
  <Tags>
    <OtherTag ID="BT1" LABEL="Title" DESCRIPTION="block type Title"/><OtherTag ID="BT2" LABEL="Main" DESCRIPTION="block type Main"/><OtherTag ID="BT3" LABEL="Commentary" DESCRIPTION="block type Commentary"/><OtherTag ID="BT4" LABEL="Illustration" DESCRIPTION="block type Illustration"/><OtherTag ID="BT740" LABEL="Margin" DESCRIPTION="block type Margin"/><OtherTag ID="BT741" LABEL="Paratext" DESCRIPTION="block type Paratext"/><OtherTag ID="BT742" LABEL="Hole" DESCRIPTION="block type Hole"/>
    <OtherTag ID="LT2" LABEL="Numbering" DESCRIPTION="line type Numbering"/><OtherTag ID="LT3" LABEL="Correction" DESCRIPTION="line type Correction"/>
  </Tags>
  
  <Layout>
    <Page WIDTH="3066"
          HEIGHT="4088"
          PHYSICAL_IMG_NR="256"
          ID="eSc_dummypage_">
      <PrintSpace HPOS="0"
                  VPOS="0"
                  WIDTH="3066"
                  HEIGHT="4088">
        
        <TextBlock HPOS="1642.0"
                   VPOS="633.0"
                   WIDTH="960.0"
                   HEIGHT="2471.0"
                   ID="eSc_textblock_99c1010f"
                   TAGREFS="BT2">
          <Shape><Polygon POINTS="2593 3104 2602 663 1642 633 1648 3086 2593 3104"/></Shape>
          
          
          <TextLine ID="eSc_line_f21ce481"
                    
                    BASELINE="1603 719 1669 724 1696 717 1751 722 1939 722 1980 715 2030 715 2075 710 2264 713 2352 701 2548 701" 
                    HPOS="1601.0"
                    VPOS="623.0"
                    WIDTH="943.0"
                    HEIGHT="150.0">
            <Shape><Polygon POINTS="1601 718 1669 667 1699 688 1733 688 1805 660 1829 681 1890 667 2020 677 2084 654 2125 677 2183 654 2200 671 2221 657 2255 667 2296 626 2347 660 2384 623 2439 664 2466 664 2534 623 2544 698 2534 735 2493 752 2367 742 2313 756 2282 742 1877 769 1849 759 1659 773 1607 722"/></Shape>
	    <String CONTENT="וקיבלו עליכם שבע פורעניות : ב&#39; ושברתי"
                    HPOS="1601.0"
                    VPOS="623.0"
                    WIDTH="943.0"
                    HEIGHT="150.0"></String>
          </TextLine>

          
          
          <TextLine ID="eSc_line_8f21e9ee"
                    
                    BASELINE="1621 801 1664 799 1687 806 1741 801 1864 803 1898 797 1959 797 1982 792 2175 794 2221 788 2305 788 2334 783 2552 783" 
                    HPOS="1618.0"
                    VPOS="746.0"
                    WIDTH="933.0"
                    HEIGHT="98.0">
            <Shape><Polygon POINTS="1618 800 1672 766 1853 759 2527 746 2551 780 2534 821 2360 838 2302 838 2282 817 2234 834 2210 824 1815 844 1703 831 1672 844 1628 800"/></Shape>
	    <String CONTENT="את גאון עזכם זה בית המקדש וכן הוא"
                    HPOS="1618.0"
                    VPOS="746.0"
                    WIDTH="933.0"
                    HEIGHT="98.0"></String>
          </TextLine>

          
          
          <TextLine ID="eSc_line_1568414c"
                    
                    BASELINE="1644 876 2007 876 2030 872 2118 867 2321 867 2343 863 2441 860 2468 856 2557 858" 
                    HPOS="1642.0"
                    VPOS="821.0"
                    WIDTH="913.0"
                    HEIGHT="95.0">
            <Shape><Polygon POINTS="1642 875 1696 834 2067 841 2272 821 2296 838 2527 821 2555 855 2527 892 2497 899 2125 916 2078 902 2057 916 1723 916 1648 875"/></Shape>
	    <String CONTENT="או&#39; הנני מחלל את מקדשי גאון עזכם וגו&#39; ר&#39;"
                    HPOS="1642.0"
                    VPOS="821.0"
                    WIDTH="913.0"
                    HEIGHT="95.0"></String>
          </TextLine>

          
          
          <TextLine ID="eSc_line_35a7ff87"
                    
                    BASELINE="1635 942 1721 949 2003 949 2066 942 2118 942 2143 937 2373 940 2398 935 2548 926" 
                    HPOS="1631.0"
                    VPOS="895.0"
                    WIDTH="913.0"
                    HEIGHT="96.0">
            <Shape><Polygon POINTS="1631 940 1703 899 1723 919 1853 923 2531 895 2544 923 2531 967 2480 977 2135 974 1914 991 1689 987 1645 943"/></Shape>
	    <String CONTENT="עקיבה או&#39; ושברתי את גאון עזכם אילו"
                    HPOS="1631.0"
                    VPOS="895.0"
                    WIDTH="913.0"
                    HEIGHT="96.0"></String>
          </TextLine>

          
          
          <TextLine ID="eSc_line_7786d9bc"
                    
                    BASELINE="1630 1012 1696 1019 1794 1015 1941 1015 1987 1010 2255 1010 2311 1015 2368 1006 2423 1006 2450 1001 2555 1001" 
                    HPOS="1628.0"
                    VPOS="970.0"
                    WIDTH="927.0"
                    HEIGHT="92.0">
            <Shape><Polygon POINTS="1628 1011 1669 974 1693 991 1917 991 2163 984 2204 970 2524 970 2555 998 2520 1049 2388 1035 2350 1052 2319 1042 2095 1059 2081 1045 2009 1062 1819 1049 1679 1062 1631 1015"/></Shape>
	    <String CONTENT="הגיבורים שביש&#39; כגון יואב בן צרויה [וחבי&#39;]"
                    HPOS="1628.0"
                    VPOS="970.0"
                    WIDTH="927.0"
                    HEIGHT="92.0"></String>
          </TextLine>

          
          
          <TextLine ID="eSc_line_ecba824d"
                    
                    BASELINE="1651 1096 1707 1103 1805 1101 1830 1106 1871 1096 1928 1096 1978 1092 2200 1094 2230 1090 2350 1087 2377 1083 2566 1083" 
                    HPOS="1648.0"
                    VPOS="1049.0"
                    WIDTH="917.0"
                    HEIGHT="102.0">
            <Shape><Polygon POINTS="1648 1093 1699 1059 1822 1052 1948 1062 2534 1049 2565 1079 2534 1127 2439 1113 2394 1134 1975 1141 1938 1127 1873 1148 1696 1151 1652 1107"/></Shape>
	    <String CONTENT="וחביריו אחרים אומ&#39; ושברתי את גאו&#39; עז&#39;"
                    HPOS="1648.0"
                    VPOS="1049.0"
                    WIDTH="917.0"
                    HEIGHT="102.0"></String>
          </TextLine>

          
          
          <TextLine ID="eSc_line_410bd99c"
                    
                    BASELINE="1632 1180 2012 1185 2096 1171 2146 1176 2248 1176 2459 1165 2566 1167" 
                    HPOS="1631.0"
                    VPOS="1113.0"
                    WIDTH="934.0"
                    HEIGHT="116.0">
            <Shape><Polygon POINTS="1631 1178 1669 1144 1873 1154 1938 1131 1962 1144 2326 1141 2425 1134 2445 1113 2476 1131 2520 1127 2565 1165 2537 1212 2466 1205 2343 1222 2262 1202 2190 1229 2095 1209 2057 1226 2006 1212 1992 1226 1676 1229 1635 1192"/></Shape>
	    <String CONTENT="אילו הגאים שהן גאונם שליש&#39; כגון פפוס"
                    HPOS="1631.0"
                    VPOS="1113.0"
                    WIDTH="934.0"
                    HEIGHT="116.0"></String>
          </TextLine>

          
          
          <TextLine ID="eSc_line_af926bad"
                    
                    BASELINE="1639 1267 1907 1267 2080 1255 2266 1255 2380 1246 2573 1249" 
                    HPOS="1638.0"
                    VPOS="1202.0"
                    WIDTH="934.0"
                    HEIGHT="112.0">
            <Shape><Polygon POINTS="1638 1263 1696 1229 1917 1233 2009 1216 2061 1229 2078 1212 2187 1229 2255 1202 2302 1202 2336 1222 2537 1209 2572 1246 2544 1291 2251 1291 2125 1308 2057 1308 2023 1291 2006 1308 1948 1297 1849 1314 1703 1311 1642 1263"/></Shape>
	    <String CONTENT="בן יהודה ולולינוס אלכסנדרי וחביריו : ג&#39;"
                    HPOS="1638.0"
                    VPOS="1202.0"
                    WIDTH="934.0"
                    HEIGHT="112.0"></String>
          </TextLine>

          
          
          <TextLine ID="eSc_line_6c6474c9"
                    
                    BASELINE="1648 1342 1714 1349 1966 1349 2046 1342 2068 1335 2091 1339 2216 1337 2293 1342 2318 1335 2396 1333 2432 1326 2455 1330 2566 1326" 
                    HPOS="1645.0"
                    VPOS="1294.0"
                    WIDTH="920.0"
                    HEIGHT="99.0">
            <Shape><Polygon POINTS="1645 1338 1679 1308 2003 1314 2023 1294 2037 1308 2541 1294 2565 1325 2541 1372 2374 1383 2350 1362 2333 1379 2227 1372 1928 1393 1706 1389 1648 1345"/></Shape>
	    <String CONTENT="ונתתי את שמיכם כברזל ואת ארצכ&#39; כנחו&#39;"
                    HPOS="1645.0"
                    VPOS="1294.0"
                    WIDTH="920.0"
                    HEIGHT="99.0"></String>
          </TextLine>

          
          
          <TextLine ID="eSc_line_1adb5e69"
                    
                    BASELINE="1651 1423 1689 1419 1955 1421 2227 1410 2536 1412 2575 1405" 
                    HPOS="1648.0"
                    VPOS="1366.0"
                    WIDTH="924.0"
                    HEIGHT="105.0">
            <Shape><Polygon POINTS="1648 1420 1682 1383 1890 1396 2217 1376 2330 1383 2350 1366 2371 1383 2534 1372 2572 1403 2541 1447 2483 1454 2204 1458 2176 1444 2118 1461 2095 1451 1914 1468 1880 1444 1860 1464 1686 1471 1652 1454"/></Shape>
	    <String CONTENT="זו קשה לכם יותר מן האחרונה שבאחרונ&#39;"
                    HPOS="1648.0"
                    VPOS="1366.0"
                    WIDTH="924.0"
                    HEIGHT="105.0"></String>
          </TextLine>

          
          
          <TextLine ID="eSc_line_6984f523"
                    
                    BASELINE="1646 1496 1735 1503 1819 1503 1853 1498 1996 1496 2019 1492 2302 1494 2352 1487 2407 1487 2457 1483 2573 1485" 
                    HPOS="1645.0"
                    VPOS="1444.0"
                    WIDTH="927.0"
                    HEIGHT="106.0">
            <Shape><Polygon POINTS="1645 1495 1693 1468 1856 1468 1883 1444 1907 1468 2534 1447 2572 1481 2537 1522 2207 1522 2193 1536 2115 1526 2101 1539 2030 1543 1941 1529 1914 1546 1866 1536 1751 1550 1693 1536 1652 1498"/></Shape>
	    <String CONTENT="מה הוא או&#39; והיו שמיך אשר על ראשך"
                    HPOS="1645.0"
                    VPOS="1444.0"
                    WIDTH="927.0"
                    HEIGHT="106.0"></String>
          </TextLine>

          
          
          <TextLine ID="eSc_line_b5d3f26a"
                    
                    BASELINE="1617 1576 1678 1580 1828 1578 1882 1573 2080 1573 2103 1578 2128 1569 2159 1569 2187 1564 2336 1564 2366 1569 2393 1562 2473 1560 2495 1555 2582 1557" 
                    HPOS="1614.0"
                    VPOS="1519.0"
                    WIDTH="964.0"
                    HEIGHT="123.0">
            <Shape><Polygon POINTS="1614 1573 1669 1536 1730 1550 1863 1536 2098 1543 2118 1526 2347 1536 2463 1519 2544 1522 2578 1556 2537 1601 1870 1618 1846 1594 1822 1618 1727 1611 1672 1642 1618 1594"/></Shape>
	    <String CONTENT="נחש&#39; והא&#39; אש&#39; תח&#39; ברז&#39; שיהו השמים מזיעין"
                    HPOS="1614.0"
                    VPOS="1519.0"
                    WIDTH="964.0"
                    HEIGHT="123.0"></String>
          </TextLine>

          
          
          <TextLine ID="eSc_line_d1ee211d"
                    
                    BASELINE="1651 1653 1687 1653 1710 1657 1755 1651 1832 1651 1862 1646 2155 1648 2180 1642 2336 1637 2391 1637 2421 1642 2445 1635 2530 1632 2552 1628 2584 1630" 
                    HPOS="1648.0"
                    VPOS="1597.0"
                    WIDTH="934.0"
                    HEIGHT="106.0">
            <Shape><Polygon POINTS="1648 1652 1727 1614 1825 1618 1843 1601 1866 1621 1952 1621 2507 1597 2548 1601 2582 1628 2537 1676 2486 1665 2439 1682 2418 1669 2313 1689 2078 1676 2050 1693 1989 1693 1969 1676 1945 1696 1887 1696 1870 1682 1686 1703 1652 1669"/></Shape>
	    <String CONTENT="כדרך שהנחשת מיזיע והארץ לא תהא"
                    HPOS="1648.0"
                    VPOS="1597.0"
                    WIDTH="934.0"
                    HEIGHT="106.0"></String>
          </TextLine>

          
          
          <TextLine ID="eSc_line_ef571d1e"
                    
                    BASELINE="1639 1732 1764 1739 1816 1732 1869 1732 1914 1728 2089 1730 2132 1723 2191 1723 2214 1719 2359 1721 2382 1716 2591 1707" 
                    HPOS="1638.0"
                    VPOS="1672.0"
                    WIDTH="951.0"
                    HEIGHT="106.0">
            <Shape><Polygon POINTS="1638 1730 1682 1703 1870 1686 1894 1699 1948 1696 1969 1676 1989 1693 2248 1693 2578 1672 2589 1706 2578 1747 2466 1744 2360 1764 2268 1764 2251 1751 2214 1768 2009 1771 1986 1751 1952 1771 1883 1761 1853 1778 1768 1764 1682 1778 1642 1737"/></Shape>
	    <String CONTENT="מזיעה כדרך שאין הברזל מזיע והיא"
                    HPOS="1638.0"
                    VPOS="1672.0"
                    WIDTH="951.0"
                    HEIGHT="106.0"></String>
          </TextLine>

          
          
          <TextLine ID="eSc_line_10f4d70a"
                    
                    BASELINE="1657 1805 1746 1800 1769 1805 1798 1800 2062 1803 2109 1796 2164 1796 2191 1791 2511 1794 2552 1782 2584 1787" 
                    HPOS="1655.0"
                    VPOS="1747.0"
                    WIDTH="927.0"
                    HEIGHT="102.0">
            <Shape><Polygon POINTS="1655 1802 1710 1774 1955 1771 1986 1751 2009 1771 2142 1771 2251 1754 2432 1761 2473 1747 2572 1757 2582 1785 2561 1825 2023 1843 1900 1832 1839 1846 1716 1836 1693 1849 1659 1825"/></Shape>
	    <String CONTENT="משמרת את פירותיה אבל כאן מה הוא"
                    HPOS="1655.0"
                    VPOS="1747.0"
                    WIDTH="927.0"
                    HEIGHT="102.0"></String>
          </TextLine>

          
          
          <TextLine ID="eSc_line_550ee107"
                    
                    BASELINE="1639 1875 1907 1875 1944 1869 2005 1869 2055 1864 2311 1864 2339 1869 2364 1862 2482 1860 2532 1855 2591 1857" 
                    HPOS="1638.0"
                    VPOS="1822.0"
                    WIDTH="951.0"
                    HEIGHT="106.0">
            <Shape><Polygon POINTS="1638 1873 1713 1839 1894 1832 2026 1843 2517 1822 2551 1825 2589 1856 2578 1894 2520 1907 2364 1894 2241 1914 2135 1900 2105 1914 1948 1917 1914 1904 1815 1921 1737 1911 1713 1928 1693 1928 1642 1877"/></Shape>
	    <String CONTENT="אומ&#39; ונתתי את שמיכם כברזל ואת ארצ&#39;"
                    HPOS="1638.0"
                    VPOS="1822.0"
                    WIDTH="951.0"
                    HEIGHT="106.0"></String>
          </TextLine>

          
          
          <TextLine ID="eSc_line_ad10cb2a"
                    
                    BASELINE="1644 1957 2087 1957 2175 1950 2225 1950 2252 1946 2484 1948 2509 1944 2536 1944 2593 1932" 
                    HPOS="1642.0"
                    VPOS="1894.0"
                    WIDTH="950.0"
                    HEIGHT="115.0">
            <Shape><Polygon POINTS="1642 1955 1740 1921 2279 1917 2367 1894 2415 1911 2551 1900 2592 1931 2582 1986 2394 1979 2292 1992 2272 1975 2234 1992 2054 1999 1958 1986 1917 2003 1798 1986 1740 2009 1659 1955"/></Shape>
	    <String CONTENT="כנח&#39; שלא יהוא השמים מזיעים כדרך"
                    HPOS="1642.0"
                    VPOS="1894.0"
                    WIDTH="950.0"
                    HEIGHT="115.0"></String>
          </TextLine>

          
          
          <TextLine ID="eSc_line_9d0436e2"
                    
                    BASELINE="1648 2032 1737 2039 1839 2039 1950 2028 2191 2030 2225 2023 2305 2019 2457 2021 2482 2016 2593 2012" 
                    HPOS="1645.0"
                    VPOS="1975.0"
                    WIDTH="947.0"
                    HEIGHT="109.0">
            <Shape><Polygon POINTS="1645 2030 1689 1996 1723 2009 1798 1996 1921 2006 2255 1989 2272 1975 2289 1992 2558 1986 2592 2009 2575 2057 2442 2071 2268 2054 2180 2057 2159 2071 2016 2064 1999 2078 1832 2078 1781 2064 1723 2084 1696 2081 1648 2033"/></Shape>
	    <String CONTENT="שאין הברזל מזיע והארץ תהא מזיעה"
                    HPOS="1645.0"
                    VPOS="1975.0"
                    WIDTH="947.0"
                    HEIGHT="109.0"></String>
          </TextLine>

          
          
          <TextLine ID="eSc_line_53fab221"
                    
                    BASELINE="1639 2105 1680 2114 1726 2109 2037 2112 2191 2100 2318 2103 2470 2093 2584 2093" 
                    HPOS="1638.0"
                    VPOS="2061.0"
                    WIDTH="944.0"
                    HEIGHT="102.0">
            <Shape><Polygon POINTS="1638 2101 1669 2081 2139 2074 2183 2061 2555 2061 2582 2091 2572 2129 2551 2139 2435 2129 2360 2146 2207 2146 2146 2125 2074 2156 1917 2146 1877 2159 1689 2163 1642 2115"/></Shape>
	    <String CONTENT="כדרך שהנחשת מזיע והיא מאבדת את"
                    HPOS="1638.0"
                    VPOS="2061.0"
                    WIDTH="944.0"
                    HEIGHT="102.0"></String>
          </TextLine>

          
          
          <TextLine ID="eSc_line_153ce7bd"
                    
                    BASELINE="1657 2187 1691 2193 1871 2191 1894 2196 1925 2187 1978 2182 2107 2184 2168 2177 2225 2177 2250 2171 2280 2175 2411 2175 2434 2171 2564 2168 2600 2162" 
                    HPOS="1655.0"
                    VPOS="2129.0"
                    WIDTH="944.0"
                    HEIGHT="109.0">
            <Shape><Polygon POINTS="1655 2183 1720 2156 2081 2153 2146 2129 2176 2149 2285 2156 2309 2135 2347 2149 2449 2135 2565 2139 2599 2159 2592 2193 2531 2221 2296 2204 2279 2224 2118 2210 2095 2227 1917 2221 1822 2238 1771 2224 1703 2238 1662 2197"/></Shape>
	    <String CONTENT="פירותיה : ד&#39; ותם לריק כחכם יש אומ&#39; זה"
                    HPOS="1655.0"
                    VPOS="2129.0"
                    WIDTH="944.0"
                    HEIGHT="109.0"></String>
          </TextLine>

          
          
          <TextLine ID="eSc_line_5c5e1f37"
                    
                    BASELINE="1648 2266 2007 2266 2150 2255 2300 2257 2330 2252 2475 2246 2586 2248" 
                    HPOS="1645.0"
                    VPOS="2207.0"
                    WIDTH="940.0"
                    HEIGHT="109.0">
            <Shape><Polygon POINTS="1645 2265 1720 2234 2275 2224 2296 2207 2432 2224 2558 2214 2585 2244 2578 2275 2537 2296 2442 2296 2405 2279 2377 2299 2282 2289 2118 2302 2091 2289 2067 2306 1962 2299 1846 2316 1795 2316 1771 2299 1710 2313 1662 2265"/></Shape>
	    <String CONTENT="הכוח דב&#39; אח&#39; זה שהוא משיא את בתו"
                    HPOS="1645.0"
                    VPOS="2207.0"
                    WIDTH="940.0"
                    HEIGHT="109.0"></String>
          </TextLine>

          
          
          <TextLine ID="eSc_line_115895bc"
                    
                    BASELINE="1657 2341 1723 2348 1964 2348 2021 2341 2071 2341 2093 2336 2318 2339 2400 2332 2534 2332 2591 2325" 
                    HPOS="1655.0"
                    VPOS="2275.0"
                    WIDTH="934.0"
                    HEIGHT="119.0">
            <Shape><Polygon POINTS="1655 2340 1689 2309 2067 2306 2091 2285 2118 2302 2343 2299 2381 2296 2401 2275 2449 2299 2558 2299 2589 2323 2578 2371 2551 2377 2452 2381 2411 2367 2272 2381 2248 2360 2227 2381 1693 2394 1659 2360"/></Shape>
	    <String CONTENT="ונותן לה ממון הרבה לא הספיקו שבעת"
                    HPOS="1655.0"
                    VPOS="2275.0"
                    WIDTH="934.0"
                    HEIGHT="119.0"></String>
          </TextLine>

          
          
          <TextLine ID="eSc_line_9295fb37"
                    
                    BASELINE="1632 2434 1669 2425 1691 2430 1744 2430 1896 2421 2128 2421 2230 2414 2252 2409 2511 2409 2620 2414" 
                    HPOS="1631.0"
                    VPOS="2360.0"
                    WIDTH="988.0"
                    HEIGHT="116.0">
            <Shape><Polygon POINTS="1631 2432 1682 2394 2132 2388 2227 2381 2248 2360 2268 2381 2558 2374 2592 2408 2619 2411 2589 2411 2527 2452 2299 2463 2268 2449 2095 2473 2050 2452 2037 2466 1686 2476 1638 2432"/></Shape>
	    <String CONTENT="ימי המשתה לצאת עד שמתה בתו נמצא"
                    HPOS="1631.0"
                    VPOS="2360.0"
                    WIDTH="988.0"
                    HEIGHT="116.0"></String>
          </TextLine>

          
          
          <TextLine ID="eSc_line_0e4ae040"
                    
                    BASELINE="1669 2505 1785 2511 1850 2505 1982 2505 2005 2500 2166 2500 2343 2491 2582 2491" 
                    HPOS="1665.0"
                    VPOS="2452.0"
                    WIDTH="913.0"
                    HEIGHT="99.0">
            <Shape><Polygon POINTS="1665 2503 1699 2476 1808 2476 1832 2463 2101 2473 2255 2452 2555 2452 2578 2490 2568 2531 2456 2524 2142 2544 2112 2531 2074 2548 2050 2531 2033 2548 1890 2548 1863 2520 1836 2548 1710 2551 1669 2510"/></Shape>
	    <String CONTENT="קובר את בתו ומאבד את ממונו : ה&#39; ותם"
                    HPOS="1665.0"
                    VPOS="2452.0"
                    WIDTH="913.0"
                    HEIGHT="99.0"></String>
          </TextLine>

          
          
          <TextLine ID="eSc_line_f629bbcb"
                    
                    BASELINE="1669 2584 1962 2584 2107 2573 2212 2575 2234 2570 2368 2564 2543 2566 2598 2559" 
                    HPOS="1665.0"
                    VPOS="2524.0"
                    WIDTH="930.0"
                    HEIGHT="105.0">
            <Shape><Polygon POINTS="1665 2582 1696 2551 1836 2551 1860 2527 1900 2551 2033 2544 2050 2531 2067 2548 2156 2548 2537 2524 2595 2558 2558 2602 2510 2585 2476 2612 2374 2616 2319 2595 2302 2612 2241 2602 2142 2623 2101 2606 2088 2619 1880 2609 1822 2629 1757 2616 1710 2626 1669 2585"/></Shape>
	    <String CONTENT="לריק כחכם הרי אדם שלא עמל ולא חרש"
                    HPOS="1665.0"
                    VPOS="2524.0"
                    WIDTH="930.0"
                    HEIGHT="105.0"></String>
          </TextLine>

          
          
          <TextLine ID="eSc_line_a436039a"
                    
                    BASELINE="1671 2659 1707 2654 2055 2657 2134 2650 2189 2650 2214 2645 2500 2648 2564 2639 2600 2641" 
                    HPOS="1669.0"
                    VPOS="2585.0"
                    WIDTH="930.0"
                    HEIGHT="123.0">
            <Shape><Polygon POINTS="1669 2657 1699 2626 1829 2626 1880 2606 1986 2623 2091 2616 2105 2602 2146 2619 2299 2612 2323 2592 2343 2612 2473 2616 2510 2585 2589 2616 2599 2640 2561 2684 1829 2694 1802 2708 1757 2681 1723 2698 1676 2657"/></Shape>
	    <String CONTENT="ולא זרע ולא ניכש ולא כיסח ולא עידר"
                    HPOS="1669.0"
                    VPOS="2585.0"
                    WIDTH="930.0"
                    HEIGHT="123.0"></String>
          </TextLine>

          
          
          <TextLine ID="eSc_line_b48b01fc"
                    
                    BASELINE="1676 2732 1760 2738 2155 2738 2252 2727 2525 2729 2611 2723" 
                    HPOS="1672.0"
                    VPOS="2684.0"
                    WIDTH="937.0"
                    HEIGHT="102.0">
            <Shape><Polygon POINTS="1672 2728 1754 2684 1791 2708 2548 2684 2609 2721 2561 2766 2343 2776 2323 2755 2306 2773 2244 2762 2200 2776 2173 2759 2132 2776 2006 2783 1907 2766 1866 2786 1740 2786 1710 2783 1676 2749"/></Shape>
	    <String CONTENT="ובשעת הקציר בא שדפון וירקון והלקה"
                    HPOS="1672.0"
                    VPOS="2684.0"
                    WIDTH="937.0"
                    HEIGHT="102.0"></String>
          </TextLine>

          
          
          <TextLine ID="eSc_line_c6742bcd"
                    
                    BASELINE="1664 2816 1701 2816 1723 2820 1957 2820 1998 2813 2107 2809 2516 2811 2573 2800 2607 2804" 
                    HPOS="1662.0"
                    VPOS="2755.0"
                    WIDTH="944.0"
                    HEIGHT="106.0">
            <Shape><Polygon POINTS="1662 2813 1716 2779 1870 2786 1911 2766 2003 2783 2122 2779 2176 2759 2193 2776 2299 2776 2323 2755 2343 2776 2558 2766 2606 2803 2572 2841 2503 2851 2391 2837 1962 2861 1928 2847 1723 2858 1672 2813"/></Shape>
	    <String CONTENT="אין בכך כלום אבל אדם שעמל וחרש [וז&#39;]"
                    HPOS="1662.0"
                    VPOS="2755.0"
                    WIDTH="944.0"
                    HEIGHT="106.0"></String>
          </TextLine>

          
          
          <TextLine ID="eSc_line_46f4fa5c"
                    
                    BASELINE="1657 2891 1894 2891 1921 2895 1950 2886 2109 2886 2157 2882 2493 2884 2564 2875 2600 2877" 
                    HPOS="1655.0"
                    VPOS="2841.0"
                    WIDTH="944.0"
                    HEIGHT="95.0">
            <Shape><Polygon POINTS="1655 2888 1706 2854 1962 2861 2391 2841 2565 2841 2599 2875 2568 2916 2537 2922 2207 2929 2176 2905 2159 2922 1999 2933 1849 2933 1815 2902 1785 2933 1710 2936 1662 2888"/></Shape>
	    <String CONTENT="וניכש וכיסח ועידר ובשעת הקציר בא"
                    HPOS="1655.0"
                    VPOS="2841.0"
                    WIDTH="944.0"
                    HEIGHT="95.0"></String>
          </TextLine>

          
          
          <TextLine ID="eSc_line_0834fdfc"
                    
                    BASELINE="1666 2959 1728 2966 2114 2966 2150 2959 2262 2959 2287 2952 2336 2956 2593 2952" 
                    HPOS="1665.0"
                    VPOS="2902.0"
                    WIDTH="927.0"
                    HEIGHT="112.0">
            <Shape><Polygon POINTS="1665 2956 1716 2933 1785 2933 1815 2902 1846 2933 2115 2929 2156 2926 2176 2905 2207 2933 2568 2919 2592 2950 2555 2997 2435 3008 2384 2980 2326 3008 2054 2994 1924 3008 1894 2984 1866 3008 1757 2997 1733 3014 1672 2960"/></Shape>
	    <String CONTENT="שדפון וירקון והלקה הרי שיניו שלזה"
                    HPOS="1665.0"
                    VPOS="2902.0"
                    WIDTH="927.0"
                    HEIGHT="112.0"></String>
          </TextLine>

          
          
          <TextLine ID="eSc_line_e4c481a5"
                    
                    BASELINE="1642 3047 2128 3047 2159 3041 2216 3041 2271 3036 2509 3038 2561 3036 2593 3029" 
                    HPOS="1638.0"
                    VPOS="2977.0"
                    WIDTH="954.0"
                    HEIGHT="180.0">
            <Shape><Polygon POINTS="1638 3045 1686 3011 1863 3011 1894 2987 1924 3008 2170 3008 2330 3004 2377 2977 2422 3004 2565 2997 2592 3028 2585 3096 2561 3086 2524 3103 2493 3083 2439 3127 2408 3100 2343 3134 2319 3120 2292 3127 2275 3110 2248 3127 2200 3086 2187 3100 2112 3089 2067 3134 2006 3134 1948 3093 1914 3123 1846 3140 1781 3127 1737 3157 1672 3096 1645 3100"/></Shape>
	    <String CONTENT="קיהות ולא תתן ארצכם את יבולה מה שאת"
                    HPOS="1638.0"
                    VPOS="2977.0"
                    WIDTH="954.0"
                    HEIGHT="180.0"></String>
          </TextLine>

          
        </TextBlock>
        
        <TextBlock HPOS="597.0"
                   VPOS="642.0"
                   WIDTH="942.0"
                   HEIGHT="2489.0"
                   ID="eSc_textblock_a2efbf04"
                   TAGREFS="BT2">
          <Shape><Polygon POINTS="669 3131 1539 3095 1523 642 597 681 606 3113 669 3131"/></Shape>
          
          
          <TextLine ID="eSc_line_190485b9"
                    
                    BASELINE="590 735 708 749 778 749 835 742 885 744 937 738 1196 738 1326 729 1487 729" 
                    HPOS="589.0"
                    VPOS="650.0"
                    WIDTH="896.0"
                    HEIGHT="140.0">
            <Shape><Polygon POINTS="589 732 596 711 630 725 688 667 739 691 790 660 841 701 902 667 940 701 987 667 1015 674 1042 654 1073 674 1117 664 1161 681 1195 650 1246 684 1325 650 1359 677 1376 667 1393 681 1437 650 1475 667 1485 725 1458 773 1066 773 1049 786 1008 773 892 790 824 790 810 776 643 790 592 739"/></Shape>
	    <String CONTENT="מוביל לה ועץ הארץ לא יתן פריו שלא"
                    HPOS="589.0"
                    VPOS="650.0"
                    WIDTH="896.0"
                    HEIGHT="140.0"></String>
          </TextLine>

          
          
          <TextLine ID="eSc_line_98710af5"
                    
                    BASELINE="610 813 758 822 1051 822 1203 810 1405 813 1496 803" 
                    HPOS="609.0"
                    VPOS="769.0"
                    WIDTH="886.0"
                    HEIGHT="96.0">
            <Shape><Polygon POINTS="609 810 701 783 1090 790 1410 769 1461 769 1495 800 1444 848 1362 844 1314 861 1260 851 1018 865 991 838 967 861 930 865 735 865 708 841 664 865 616 821"/></Shape>
	    <String CONTENT="יהא העץ חונט את פירותיו ובשעה"
                    HPOS="609.0"
                    VPOS="769.0"
                    WIDTH="886.0"
                    HEIGHT="96.0"></String>
          </TextLine>

          
          
          <TextLine ID="eSc_line_a5ea2191"
                    
                    BASELINE="592 888 629 894 1053 892 1103 894 1171 888 1476 881" 
                    HPOS="589.0"
                    VPOS="838.0"
                    WIDTH="886.0"
                    HEIGHT="105.0">
            <Shape><Polygon POINTS="589 885 637 858 926 865 964 861 987 838 1015 865 1134 851 1311 861 1458 844 1475 878 1434 919 1393 930 1260 933 1226 906 1202 926 1022 940 895 919 848 943 701 933 688 919 647 930 602 889"/></Shape>
	    <String CONTENT="שהוא מפרה יהא מקליח את פירותיו :"
                    HPOS="589.0"
                    VPOS="838.0"
                    WIDTH="886.0"
                    HEIGHT="105.0"></String>
          </TextLine>

          
          
          <TextLine ID="eSc_line_9b4fa30b"
                    
                    BASELINE="606 960 649 960 694 967 897 967 919 962 1003 960 1115 960 1219 956 1358 958 1476 951" 
                    HPOS="602.0"
                    VPOS="909.0"
                    WIDTH="873.0"
                    HEIGHT="99.0">
            <Shape><Polygon POINTS="602 957 684 919 701 933 851 943 895 926 1015 940 1205 926 1222 909 1246 930 1434 923 1475 950 1417 998 1301 1001 1274 981 1246 1001 1165 987 1022 1008 647 1004 606 964"/></Shape>
	    <String CONTENT="ו&#39; ואם תלכו עמי בקרי ולא תאבו [לש&#39;]"
                    HPOS="602.0"
                    VPOS="909.0"
                    WIDTH="873.0"
                    HEIGHT="99.0"></String>
          </TextLine>

          
          
          <TextLine ID="eSc_line_b2b1c749"
                    
                    BASELINE="588 1031 758 1040 783 1035 856 1033 1017 1033 1040 1028 1367 1031 1483 1017" 
                    HPOS="585.0"
                    VPOS="957.0"
                    WIDTH="896.0"
                    HEIGHT="133.0">
            <Shape><Polygon POINTS="585 1028 630 1001 1250 1001 1274 981 1301 1001 1376 998 1417 994 1454 957 1471 964 1481 1015 1471 1052 1444 1066 1366 1069 1338 1052 1311 1076 1246 1059 1202 1073 1113 1066 1079 1083 841 1083 810 1069 773 1086 742 1069 698 1090 640 1079 592 1032"/></Shape>
	    <String CONTENT="לשמע לי אתם עשיתם את דיניי עראי"
                    HPOS="585.0"
                    VPOS="957.0"
                    WIDTH="896.0"
                    HEIGHT="133.0"></String>
          </TextLine>

          
          
          <TextLine ID="eSc_line_dd085ff9"
                    
                    BASELINE="599 1115 683 1121 869 1121 894 1117 953 1115 1067 1115 1169 1110 1401 1112 1485 1103" 
                    HPOS="596.0"
                    VPOS="1056.0"
                    WIDTH="885.0"
                    HEIGHT="115.0">
            <Shape><Polygon POINTS="596 1113 654 1079 705 1093 810 1073 1318 1079 1342 1056 1369 1076 1454 1069 1481 1100 1471 1148 1393 1161 1352 1134 1332 1154 1270 1161 1073 1144 1056 1161 814 1154 759 1171 701 1154 684 1168 626 1117 602 1117"/></Shape>
	    <String CONTENT="בעולם אף אני אעשה אתכם עראי"
                    HPOS="596.0"
                    VPOS="1056.0"
                    WIDTH="885.0"
                    HEIGHT="115.0"></String>
          </TextLine>

          
          
          <TextLine ID="eSc_line_ee722087"
                    
                    BASELINE="599 1203 663 1201 751 1212 788 1205 817 1205 844 1199 899 1203 1110 1196 1155 1192 1485 1192" 
                    HPOS="596.0"
                    VPOS="1137.0"
                    WIDTH="885.0"
                    HEIGHT="123.0">
            <Shape><Polygon POINTS="596 1202 647 1137 684 1171 729 1175 1056 1168 1076 1148 1096 1161 1257 1161 1355 1137 1386 1161 1461 1154 1481 1188 1468 1236 1400 1246 1260 1233 936 1250 906 1236 892 1250 872 1240 855 1253 756 1260 694 1260 623 1202"/></Shape>
	    <String CONTENT="בעולם ויספתי עליכם מכה שבע על"
                    HPOS="596.0"
                    VPOS="1137.0"
                    WIDTH="885.0"
                    HEIGHT="123.0"></String>
          </TextLine>

          
          
          <TextLine ID="eSc_line_eb392d94"
                    
                    BASELINE="626 1285 744 1294 769 1289 899 1287 926 1283 1160 1285 1269 1278 1292 1274 1442 1274 1505 1278" 
                    HPOS="623.0"
                    VPOS="1236.0"
                    WIDTH="879.0"
                    HEIGHT="113.0">
            <Shape><Polygon POINTS="623 1284 667 1257 882 1257 909 1236 936 1253 1468 1236 1502 1277 1437 1318 1280 1328 1226 1318 1062 1332 1025 1318 984 1335 943 1314 906 1335 851 1338 814 1318 783 1338 654 1349 626 1318"/></Shape>
	    <String CONTENT="חטאתיכם אתם עברתם לפניי שבע"
                    HPOS="623.0"
                    VPOS="1236.0"
                    WIDTH="879.0"
                    HEIGHT="113.0"></String>
          </TextLine>

          
          
          <TextLine ID="eSc_line_75e5c831"
                    
                    BASELINE="570 1378 608 1378 631 1374 885 1376 942 1369 990 1371 1083 1364 1224 1367 1321 1360 1383 1360 1408 1355 1494 1355" 
                    HPOS="568.0"
                    VPOS="1314.0"
                    WIDTH="924.0"
                    HEIGHT="113.0">
            <Shape><Polygon POINTS="568 1376 633 1332 654 1345 858 1342 936 1314 977 1332 1049 1318 1066 1335 1441 1321 1475 1328 1492 1352 1475 1400 1413 1406 1352 1393 1274 1406 1250 1393 1199 1410 1008 1403 970 1417 926 1400 882 1417 677 1413 650 1427 626 1423 579 1376"/></Shape>
	    <String CONTENT="עבירות בואו וקבלו עליכם שבע פורענ&#39; :"
                    HPOS="568.0"
                    VPOS="1314.0"
                    WIDTH="924.0"
                    HEIGHT="113.0"></String>
          </TextLine>

          
          
          <TextLine ID="eSc_line_ecc052ec"
                    
                    BASELINE="608 1444 1042 1448 1119 1442 1280 1437 1414 1439 1464 1433 1496 1435" 
                    HPOS="606.0"
                    VPOS="1393.0"
                    WIDTH="889.0"
                    HEIGHT="109.0">
            <Shape><Polygon POINTS="606 1441 640 1441 671 1420 848 1406 1113 1417 1229 1410 1253 1393 1270 1406 1383 1400 1403 1413 1444 1396 1495 1434 1444 1471 1410 1458 1393 1475 1362 1461 1345 1478 1291 1481 1263 1461 1229 1485 1188 1488 906 1478 647 1502 609 1464"/></Shape>
	    <String CONTENT="ז&#39; והשלחתי בכם את חי&#39; הש&#39; משמע"
                    HPOS="606.0"
                    VPOS="1393.0"
                    WIDTH="889.0"
                    HEIGHT="109.0"></String>
          </TextLine>

          
          
          <TextLine ID="eSc_line_ea1dd716"
                    
                    BASELINE="610 1523 654 1519 729 1530 799 1523 878 1523 901 1519 1137 1521 1183 1514 1246 1514 1303 1510 1496 1512" 
                    HPOS="609.0"
                    VPOS="1461.0"
                    WIDTH="886.0"
                    HEIGHT="119.0">
            <Shape><Polygon POINTS="609 1522 623 1505 684 1495 930 1492 960 1478 1222 1485 1263 1461 1287 1481 1342 1481 1362 1461 1386 1478 1471 1468 1495 1509 1475 1543 1406 1560 1342 1533 1301 1560 1134 1560 1076 1539 1042 1563 824 1560 694 1580 674 1560 650 1577 613 1539"/></Shape>
	    <String CONTENT="אין לי אלא חיה משכלת חיה שאינה"
                    HPOS="609.0"
                    VPOS="1461.0"
                    WIDTH="886.0"
                    HEIGHT="119.0"></String>
          </TextLine>

          
          
          <TextLine ID="eSc_line_a80524d0"
                    
                    BASELINE="604 1610 635 1601 658 1605 710 1607 733 1614 765 1605 847 1605 872 1598 899 1603 1083 1601 1106 1605 1133 1596 1185 1596 1230 1592 1394 1594 1496 1585" 
                    HPOS="602.0"
                    VPOS="1536.0"
                    WIDTH="893.0"
                    HEIGHT="116.0">
            <Shape><Polygon POINTS="602 1607 674 1560 694 1580 827 1563 1039 1570 1076 1543 1093 1556 1120 1546 1134 1560 1246 1563 1311 1560 1342 1536 1366 1560 1396 1563 1475 1550 1495 1584 1417 1635 1352 1635 1321 1618 1304 1635 1202 1645 1096 1628 1028 1645 981 1631 960 1648 763 1652 725 1652 694 1631 643 1648 606 1611"/></Shape>
	    <String CONTENT="משכלת מניין תל&#39; לו&#39; ושן בהמות אשלח"
                    HPOS="602.0"
                    VPOS="1536.0"
                    WIDTH="893.0"
                    HEIGHT="116.0"></String>
          </TextLine>

          
          
          <TextLine ID="eSc_line_f21c807a"
                    
                    BASELINE="606 1678 644 1676 674 1682 754 1685 942 1685 967 1680 990 1671 1074 1676 1176 1676 1324 1664 1442 1664 1505 1669" 
                    HPOS="602.0"
                    VPOS="1618.0"
                    WIDTH="900.0"
                    HEIGHT="119.0">
            <Shape><Polygon POINTS="602 1676 660 1635 681 1642 698 1628 752 1652 930 1652 977 1635 1253 1642 1308 1635 1325 1618 1362 1635 1481 1628 1502 1665 1464 1710 1185 1706 943 1727 889 1713 875 1727 841 1720 783 1737 759 1723 650 1730 606 1686"/></Shape>
	    <String CONTENT="בם יכול יהוא נושכין ולא ממיתין תל&#39; לו&#39;"
                    HPOS="602.0"
                    VPOS="1618.0"
                    WIDTH="900.0"
                    HEIGHT="119.0"></String>
          </TextLine>

          
          
          <TextLine ID="eSc_line_7b2eb6fb"
                    
                    BASELINE="606 1760 694 1766 874 1766 962 1755 1146 1757 1174 1753 1276 1751 1326 1746 1494 1746" 
                    HPOS="602.0"
                    VPOS="1703.0"
                    WIDTH="890.0"
                    HEIGHT="102.0">
            <Shape><Polygon POINTS="602 1757 640 1730 872 1730 889 1713 916 1730 1052 1730 1073 1716 1171 1716 1185 1703 1263 1716 1475 1710 1492 1744 1481 1774 1451 1791 1161 1781 1131 1795 1062 1785 1039 1798 885 1805 660 1805 613 1761"/></Shape>
	    <String CONTENT="עם חמת זוחלי עפר מה אילו נושכים"
                    HPOS="602.0"
                    VPOS="1703.0"
                    WIDTH="890.0"
                    HEIGHT="102.0"></String>
          </TextLine>

          
          
          <TextLine ID="eSc_line_1c3e480d"
                    
                    BASELINE="606 1832 642 1828 778 1832 801 1828 1046 1828 1106 1832 1144 1823 1235 1823 1292 1819 1510 1819" 
                    HPOS="602.0"
                    VPOS="1778.0"
                    WIDTH="907.0"
                    HEIGHT="99.0">
            <Shape><Polygon POINTS="602 1829 643 1798 1475 1778 1509 1815 1481 1853 1454 1856 1093 1856 783 1877 660 1877 606 1829"/></Shape>
	    <String CONTENT="וממיתים אף אילו נושכים וממיתים כבר"
                    HPOS="602.0"
                    VPOS="1778.0"
                    WIDTH="907.0"
                    HEIGHT="99.0"></String>
          </TextLine>

          
          
          <TextLine ID="eSc_line_166a9ed2"
                    
                    BASELINE="608 1903 744 1912 853 1905 962 1905 990 1900 1196 1903 1246 1896 1299 1896 1326 1889 1371 1894 1512 1894" 
                    HPOS="606.0"
                    VPOS="1853.0"
                    WIDTH="903.0"
                    HEIGHT="109.0">
            <Shape><Polygon POINTS="606 1900 640 1877 1090 1863 1229 1873 1475 1853 1498 1860 1509 1890 1485 1928 1349 1941 950 1938 926 1952 848 1952 824 1928 800 1952 643 1962 609 1928"/></Shape>
	    <String CONTENT="היו שנים בארץ יש&#39; חמור נושך וממית"
                    HPOS="606.0"
                    VPOS="1853.0"
                    WIDTH="903.0"
                    HEIGHT="109.0"></String>
          </TextLine>

          
          
          <TextLine ID="eSc_line_511c6ddb"
                    
                    BASELINE="615 1987 654 1982 681 1987 822 1987 874 1982 1046 1984 1233 1973 1374 1975 1448 1973 1510 1959" 
                    HPOS="613.0"
                    VPOS="1928.0"
                    WIDTH="896.0"
                    HEIGHT="109.0">
            <Shape><Polygon POINTS="613 1986 647 1958 763 1958 800 1952 824 1928 851 1955 964 1952 987 1938 1028 1955 1124 1938 1216 1948 1475 1931 1509 1958 1461 2006 1417 2013 1396 1999 1342 2020 1107 2013 1062 2026 1028 2009 902 2033 688 2037 654 2030 616 1992"/></Shape>
	    <String CONTENT="ושור נושך וממית : ח&#39; ושכלה אתכם"
                    HPOS="613.0"
                    VPOS="1928.0"
                    WIDTH="896.0"
                    HEIGHT="109.0"></String>
          </TextLine>

          
          
          <TextLine ID="eSc_line_a3070b00"
                    
                    BASELINE="608 2057 667 2055 692 2059 813 2062 908 2059 935 2053 960 2057 1194 2057 1246 2050 1523 2041" 
                    HPOS="606.0"
                    VPOS="1996.0"
                    WIDTH="916.0"
                    HEIGHT="119.0">
            <Shape><Polygon POINTS="606 2054 647 2030 1280 2023 1379 2016 1400 1996 1417 2013 1485 2009 1522 2040 1478 2088 1376 2084 1314 2101 1090 2101 1073 2088 1028 2105 970 2095 759 2115 671 2112 613 2057"/></Shape>
	    <String CONTENT="אילו הקטנים והכריתה את בהמתכם"
                    HPOS="606.0"
                    VPOS="1996.0"
                    WIDTH="916.0"
                    HEIGHT="119.0"></String>
          </TextLine>

          
          
          <TextLine ID="eSc_line_66b8e9af"
                    
                    BASELINE="581 2141 617 2148 776 2148 899 2141 928 2137 1167 2139 1280 2128 1521 2130" 
                    HPOS="579.0"
                    VPOS="2088.0"
                    WIDTH="940.0"
                    HEIGHT="99.0">
            <Shape><Polygon POINTS="579 2139 637 2101 1025 2108 1366 2088 1481 2095 1519 2129 1478 2170 1154 2170 1008 2187 626 2187 585 2146"/></Shape>
	    <String CONTENT="מבחוץ והמעיטה אתכם מבפנים ונשמו"
                    HPOS="579.0"
                    VPOS="2088.0"
                    WIDTH="940.0"
                    HEIGHT="99.0"></String>
          </TextLine>

          
          
          <TextLine ID="eSc_line_033d6fba"
                    
                    BASELINE="597 2223 635 2218 967 2221 1035 2209 1142 2212 1255 2200 1523 2200" 
                    HPOS="596.0"
                    VPOS="2166.0"
                    WIDTH="926.0"
                    HEIGHT="106.0">
            <Shape><Polygon POINTS="596 2221 620 2190 657 2180 851 2190 875 2176 950 2187 1485 2166 1522 2197 1492 2241 1410 2248 1386 2224 1359 2248 1240 2258 1168 2238 1137 2255 694 2272 677 2258 630 2268 602 2241"/></Shape>
	    <String CONTENT="דרכיכם דרך דרכי דרכיכם לרבות שבילים"
                    HPOS="596.0"
                    VPOS="2166.0"
                    WIDTH="926.0"
                    HEIGHT="106.0"></String>
          </TextLine>

          
          
          <TextLine ID="eSc_line_c3903889"
                    
                    BASELINE="663 2296 699 2296 731 2302 842 2302 917 2291 1251 2293 1283 2287 1337 2287 1385 2282 1521 2284" 
                    HPOS="660.0"
                    VPOS="2227.0"
                    WIDTH="859.0"
                    HEIGHT="130.0">
            <Shape><Polygon POINTS="660 2292 664 2275 722 2268 844 2265 872 2279 984 2258 1113 2258 1165 2234 1229 2255 1321 2255 1376 2227 1403 2248 1478 2241 1519 2282 1509 2309 1471 2330 1192 2326 1083 2343 1039 2326 977 2343 943 2326 912 2340 861 2333 841 2350 793 2340 773 2357 718 2333 664 2333"/></Shape>
	    <String CONTENT="גדולים ושבילים קטנים : פרק ד&#39; ˙"
                    HPOS="660.0"
                    VPOS="2227.0"
                    WIDTH="859.0"
                    HEIGHT="130.0"></String>
          </TextLine>

          
          
          <TextLine ID="eSc_line_6ad1720a"
                    
                    BASELINE="615 2386 649 2382 940 2384 1046 2373 1269 2375 1324 2366" 
                    HPOS="613.0"
                    VPOS="2330.0"
                    WIDTH="708.0"
                    HEIGHT="105.0">
            <Shape><Polygon POINTS="613 2384 677 2340 776 2354 851 2350 865 2336 998 2347 1049 2330 1090 2347 1113 2333 1246 2330 1311 2343 1321 2364 1280 2411 1096 2411 1069 2425 810 2422 691 2435 667 2432 620 2384"/></Shape>
	    <String CONTENT="והבאתי עליכם חרב נוקמ&#39; נקם"
                    HPOS="613.0"
                    VPOS="2330.0"
                    WIDTH="708.0"
                    HEIGHT="105.0"></String>
          </TextLine>

          
          
          <TextLine ID="eSc_line_94b1c3a0"
                    
                    BASELINE="615 2459 681 2466 783 2464 806 2468 833 2459 890 2459 912 2455 1096 2455 1153 2450 1180 2443 1203 2448 1412 2448 1471 2439 1533 2439" 
                    HPOS="613.0"
                    VPOS="2398.0"
                    WIDTH="920.0"
                    HEIGHT="109.0">
            <Shape><Polygon POINTS="613 2456 647 2425 1069 2425 1461 2398 1533 2435 1495 2483 1355 2497 1195 2486 926 2507 814 2493 654 2507 616 2473"/></Shape>
	    <String CONTENT="ברית נקם כברית ונקם שאין כברית אי זו"
                    HPOS="613.0"
                    VPOS="2398.0"
                    WIDTH="920.0"
                    HEIGHT="109.0"></String>
          </TextLine>

          
          
          <TextLine ID="eSc_line_de950887"
                    
                    BASELINE="590 2534 974 2539 1131 2527 1326 2530 1383 2523 1523 2516" 
                    HPOS="589.0"
                    VPOS="2483.0"
                    WIDTH="933.0"
                    HEIGHT="102.0">
            <Shape><Polygon POINTS="589 2531 633 2507 691 2503 1417 2483 1498 2483 1522 2514 1495 2558 1011 2575 902 2565 872 2578 759 2568 729 2585 643 2585 592 2534"/></Shape>
	    <String CONTENT="היא נקם שאינה כברית כגון סימוי עינים"
                    HPOS="589.0"
                    VPOS="2483.0"
                    WIDTH="933.0"
                    HEIGHT="102.0"></String>
          </TextLine>

          
          
          <TextLine ID="eSc_line_ae80a4b0"
                    
                    BASELINE="633 2604 699 2611 942 2611 1024 2609 1046 2604 1135 2604 1180 2600 1339 2600 1396 2604 1419 2598 1478 2595 1505 2591 1537 2595" 
                    HPOS="630.0"
                    VPOS="2558.0"
                    WIDTH="906.0"
                    HEIGHT="102.0">
            <Shape><Polygon POINTS="630 2602 664 2582 878 2578 906 2565 970 2578 1451 2558 1492 2558 1536 2592 1461 2636 1059 2650 1035 2640 899 2657 868 2640 831 2653 698 2646 677 2660 633 2616"/></Shape>
	    <String CONTENT="שסימו את עיני צדקיהו מלך יהודה"
                    HPOS="630.0"
                    VPOS="2558.0"
                    WIDTH="906.0"
                    HEIGHT="102.0"></String>
          </TextLine>

          
          
          <TextLine ID="eSc_line_b585b761"
                    
                    BASELINE="606 2686 640 2684 665 2691 692 2693 776 2693 806 2686 890 2686 912 2682 1094 2684 1165 2677 1240 2677 1265 2673 1423 2675 1476 2668 1539 2670" 
                    HPOS="602.0"
                    VPOS="2629.0"
                    WIDTH="934.0"
                    HEIGHT="106.0">
            <Shape><Polygon POINTS="602 2684 643 2629 674 2660 756 2646 909 2657 1498 2633 1536 2667 1495 2711 1468 2715 1403 2715 1386 2701 1369 2718 1052 2718 998 2732 861 2721 838 2735 620 2735 606 2721"/></Shape>
	    <String CONTENT="ונאספתם אל עריכם מפני המצודה [ושל&#39;]"
                    HPOS="602.0"
                    VPOS="2629.0"
                    WIDTH="934.0"
                    HEIGHT="106.0"></String>
          </TextLine>

          
          
          <TextLine ID="eSc_line_d1903dca"
                    
                    BASELINE="590 2766 629 2761 656 2770 708 2773 754 2768 838 2768 863 2761 888 2766 1040 2766 1071 2759 1215 2754 1423 2757 1467 2750 1496 2750 1528 2738" 
                    HPOS="589.0"
                    VPOS="2711.0"
                    WIDTH="937.0"
                    HEIGHT="109.0">
            <Shape><Polygon POINTS="589 2762 643 2735 1049 2721 1383 2725 1498 2711 1526 2735 1498 2790 1325 2803 1096 2800 1079 2786 1059 2803 1015 2796 981 2810 637 2820 596 2779"/></Shape>
	    <String CONTENT="ושילחתי דבר בתוככם שיהא המות הורג"
                    HPOS="589.0"
                    VPOS="2711.0"
                    WIDTH="937.0"
                    HEIGHT="109.0"></String>
          </TextLine>

          
          
          <TextLine ID="eSc_line_2474790e"
                    
                    BASELINE="610 2841 699 2847 851 2847 1006 2836 1158 2838 1208 2832 1353 2827 1405 2829 1548 2820" 
                    HPOS="609.0"
                    VPOS="2786.0"
                    WIDTH="937.0"
                    HEIGHT="106.0">
            <Shape><Polygon POINTS="609 2837 684 2810 984 2810 1062 2803 1079 2786 1120 2807 1502 2790 1546 2817 1505 2868 1107 2885 1073 2865 994 2885 926 2868 865 2892 674 2892 616 2841"/></Shape>
	    <String CONTENT="אתכם מבפנים ובעלי דבב מקיפין אתכם"
                    HPOS="609.0"
                    VPOS="2786.0"
                    WIDTH="937.0"
                    HEIGHT="106.0"></String>
          </TextLine>

          
          
          <TextLine ID="eSc_line_b47f900a"
                    
                    BASELINE="597 2913 635 2920 869 2920 983 2909 1292 2911 1349 2904 1537 2897" 
                    HPOS="596.0"
                    VPOS="2865.0"
                    WIDTH="940.0"
                    HEIGHT="105.0">
            <Shape><Polygon POINTS="596 2912 633 2871 671 2892 861 2892 906 2888 923 2871 1103 2882 1495 2865 1536 2895 1509 2939 1158 2953 1127 2929 1086 2950 793 2970 735 2956 640 2963 599 2922"/></Shape>
	    <String CONTENT="מבחוץ ונתתם ביד אויב הלכה אין מלינים"
                    HPOS="596.0"
                    VPOS="2865.0"
                    WIDTH="940.0"
                    HEIGHT="105.0"></String>
          </TextLine>

          
          
          <TextLine ID="eSc_line_39967122"
                    
                    BASELINE="590 2997 622 2988 667 3002 765 3002 833 2995 885 2995 910 2991 1058 2993 1092 2986 1144 2984 1346 2984 1401 2977 1505 2972 1539 2977" 
                    HPOS="589.0"
                    VPOS="2929.0"
                    WIDTH="947.0"
                    HEIGHT="113.0">
            <Shape><Polygon POINTS="589 2994 637 2963 1008 2960 1100 2950 1131 2929 1154 2950 1270 2953 1509 2939 1536 2974 1505 3014 1481 3004 1441 3025 1226 3018 960 3042 643 3042 592 2994"/></Shape>
	    <String CONTENT="את המת בירושלם וכשהן מוציאין אותו"
                    HPOS="589.0"
                    VPOS="2929.0"
                    WIDTH="947.0"
                    HEIGHT="113.0"></String>
          </TextLine>

          
          
          <TextLine ID="eSc_line_1fad95b1"
                    
                    BASELINE="579 3077 685 3072 933 3075 1106 3063 1212 3066 1244 3052 1324 3056 1423 3056 1492 3045 1528 3045" 
                    HPOS="575.0"
                    VPOS="3004.0"
                    WIDTH="951.0"
                    HEIGHT="181.0">
            <Shape><Polygon POINTS="575 3076 616 3069 637 3048 807 3031 861 3042 1188 3021 1441 3025 1481 3004 1515 3018 1526 3042 1515 3089 1454 3151 1386 3147 1325 3185 1304 3168 1257 3175 1216 3137 1182 3137 1144 3106 1127 3123 1093 3106 998 3113 984 3127 967 3113 858 3117 834 3140 807 3117 773 3113 677 3147 602 3076 579 3079"/></Shape>
	    <String CONTENT="לקוברו יהו קיברי מיתיכם ניתנין ביד אויב :"
                    HPOS="575.0"
                    VPOS="3004.0"
                    WIDTH="951.0"
                    HEIGHT="181.0"></String>
          </TextLine>

          
        </TextBlock>
        

        
      </PrintSpace>
    </Page>
  </Layout>
</alto>
