<?xml version="1.0" encoding="UTF-8"?>
<alto xmlns:xsi="http://www.w3.org/2001/XMLSchema-instance"
      xmlns="http://www.loc.gov/standards/alto/ns-v4#"
      xsi:schemaLocation="http://www.loc.gov/standards/alto/ns-v4# http://www.loc.gov/standards/alto/v4/alto-4-2.xsd">
  <Description>
    <MeasurementUnit>pixel</MeasurementUnit>
    <sourceImageInformation>
      <fileName>MsParm3259_F13946_0137.jpg</fileName>
      
    </sourceImageInformation>
  </Description>
  
  <Tags>
    <OtherTag ID="BT1" LABEL="Title" DESCRIPTION="block type Title"/><OtherTag ID="BT2" LABEL="Main" DESCRIPTION="block type Main"/><OtherTag ID="BT3" LABEL="Commentary" DESCRIPTION="block type Commentary"/><OtherTag ID="BT4" LABEL="Illustration" DESCRIPTION="block type Illustration"/><OtherTag ID="BT740" LABEL="Margin" DESCRIPTION="block type Margin"/><OtherTag ID="BT741" LABEL="Paratext" DESCRIPTION="block type Paratext"/><OtherTag ID="BT742" LABEL="Hole" DESCRIPTION="block type Hole"/>
    <OtherTag ID="LT2" LABEL="Numbering" DESCRIPTION="line type Numbering"/><OtherTag ID="LT3" LABEL="Correction" DESCRIPTION="line type Correction"/>
  </Tags>
  
  <Layout>
    <Page WIDTH="3066"
          HEIGHT="4088"
          PHYSICAL_IMG_NR="129"
          ID="eSc_dummypage_">
      <PrintSpace HPOS="0"
                  VPOS="0"
                  WIDTH="3066"
                  HEIGHT="4088">
        
        <TextBlock HPOS="1423.0"
                   VPOS="742.0"
                   WIDTH="970.0"
                   HEIGHT="2353.0"
                   ID="eSc_textblock_65853"
                   TAGREFS="BT2">
          <Shape><Polygon POINTS="1630 3095 2393 3059 2375 742 1423 763 1423 3068 1630 3095"/></Shape>
          
          
          <TextLine ID="eSc_line_971575"
                    
                    BASELINE="1430 817 1517 810 1882 803 2109 792 2364 788" 
                    HPOS="1427.0"
                    VPOS="698.0"
                    WIDTH="933.0"
                    HEIGHT="163.0">
            <Shape><Polygon POINTS="1427 814 1430 766 1458 786 1498 763 1522 786 1567 773 1665 786 1696 766 1747 759 1764 773 1798 752 1843 752 1914 715 1962 746 2009 729 2064 752 2112 729 2180 732 2214 698 2248 729 2296 698 2347 715 2360 786 2343 834 2057 841 1958 827 1924 844 1703 855 1659 838 1631 861 1539 861 1515 841 1492 861 1434 814"/></Shape>
	    <String CONTENT="בזה שהוא טהור אי זה הוא שיער פקודה"
                    HPOS="1427.0"
                    VPOS="698.0"
                    WIDTH="933.0"
                    HEIGHT="163.0"></String>
          </TextLine>

          
          
          <TextLine ID="eSc_line_971563"
                    
                    BASELINE="1410 881 1446 888 1471 881 1494 885 1798 885 1823 878 1932 874 2009 876 2037 869 2352 863" 
                    HPOS="1406.0"
                    VPOS="831.0"
                    WIDTH="944.0"
                    HEIGHT="105.0">
            <Shape><Polygon POINTS="1406 878 1441 875 1464 851 1495 858 1512 841 1543 861 1635 861 1659 841 1682 855 1839 851 1924 848 1962 831 2326 831 2350 861 2340 912 2296 899 2003 912 1969 899 1945 919 1890 923 1761 906 1733 926 1669 919 1618 936 1587 923 1464 930 1417 882"/></Shape>
	    <String CONTENT="משהיתה בו בהרת ובה שיער לבן והלכה"
                    HPOS="1406.0"
                    VPOS="831.0"
                    WIDTH="944.0"
                    HEIGHT="105.0"></String>
          </TextLine>

          
          
          <TextLine ID="eSc_line_971526"
                    
                    BASELINE="1401 965 1712 965 1778 956 1900 958 2007 947 2103 949 2207 937 2361 937" 
                    HPOS="1400.0"
                    VPOS="895.0"
                    WIDTH="960.0"
                    HEIGHT="109.0">
            <Shape><Polygon POINTS="1400 964 1447 926 1505 940 1580 926 1621 936 1648 923 1744 930 1761 912 1774 926 1791 912 1819 926 1911 923 1969 895 2003 923 2197 902 2333 909 2360 936 2336 977 2241 981 2221 967 2105 991 2030 987 2006 970 1934 987 1911 970 1870 998 1839 987 1778 1001 1441 1004 1403 967"/></Shape>
	    <String CONTENT="הבהרת והניחה לשיער לבן במקומו וחזרה"
                    HPOS="1400.0"
                    VPOS="895.0"
                    WIDTH="960.0"
                    HEIGHT="109.0"></String>
          </TextLine>

          
          
          <TextLine ID="eSc_line_971564"
                    
                    BASELINE="1399 1024 1480 1031 1748 1031 1959 1019 2089 1022 2150 1015 2246 1010 2359 1010" 
                    HPOS="1396.0"
                    VPOS="967.0"
                    WIDTH="961.0"
                    HEIGHT="116.0">
            <Shape><Polygon POINTS="1396 1022 1423 1001 1471 998 1877 998 1914 974 1955 987 1996 967 2050 991 2316 977 2357 1008 2309 1049 2268 1059 2207 1049 2135 1066 2047 1062 2013 1045 1992 1066 1914 1056 1887 1076 1870 1059 1703 1066 1689 1079 1573 1066 1533 1083 1488 1066 1458 1079 1400 1032"/></Shape>
	    <String CONTENT="עקביה בן מהללאל מטמא וחכמ&#39; מטהרין :"
                    HPOS="1396.0"
                    VPOS="967.0"
                    WIDTH="961.0"
                    HEIGHT="116.0"></String>
          </TextLine>

          
          
          <TextLine ID="eSc_line_971568"
                    
                    BASELINE="1419 1106 1480 1112 1716 1112 1823 1101 1982 1103 2089 1092 2189 1094 2268 1087 2296 1081 2355 1083" 
                    HPOS="1417.0"
                    VPOS="1049.0"
                    WIDTH="937.0"
                    HEIGHT="112.0">
            <Shape><Polygon POINTS="1417 1103 1454 1103 1492 1066 1533 1086 1570 1069 1590 1083 1815 1062 1890 1073 1911 1059 1992 1073 2251 1049 2265 1062 2296 1049 2354 1079 2299 1131 2268 1117 2204 1144 2190 1131 2156 1144 2135 1124 2105 1144 2074 1131 1999 1144 1969 1134 1945 1158 1887 1141 1662 1161 1614 1134 1577 1158 1495 1158 1444 1107 1420 1110"/></Shape>
	    <String CONTENT="ה&#39; אי זה הוא שיער פקודה משהיתה בו"
                    HPOS="1417.0"
                    VPOS="1049.0"
                    WIDTH="937.0"
                    HEIGHT="112.0"></String>
          </TextLine>

          
          
          <TextLine ID="eSc_line_971558"
                    
                    BASELINE="1408 1194 1900 1194 1987 1183 2039 1185 2130 1174 2257 1176 2359 1162" 
                    HPOS="1406.0"
                    VPOS="1127.0"
                    WIDTH="951.0"
                    HEIGHT="116.0">
            <Shape><Polygon POINTS="1406 1192 1420 1165 1563 1158 1577 1171 1607 1141 1672 1168 1836 1148 1969 1158 2009 1141 2224 1141 2251 1127 2323 1134 2357 1161 2333 1212 1945 1233 1914 1212 1883 1233 1802 1226 1778 1240 1744 1219 1696 1243 1468 1240 1420 1192"/></Shape>
	    <String CONTENT="בהרת כגריס ובה שתי שערות והלך ממנה"
                    HPOS="1406.0"
                    VPOS="1127.0"
                    WIDTH="951.0"
                    HEIGHT="116.0"></String>
          </TextLine>

          
          
          <TextLine ID="eSc_line_971576"
                    
                    BASELINE="1435 1267 1910 1267 1991 1260 2014 1253 2041 1258 2091 1258 2216 1246 2302 1246 2364 1251" 
                    HPOS="1434.0"
                    VPOS="1209.0"
                    WIDTH="926.0"
                    HEIGHT="105.0">
            <Shape><Polygon POINTS="1434 1263 1444 1246 1492 1236 1723 1243 1747 1219 1781 1243 1890 1236 1914 1216 1948 1233 2272 1209 2333 1216 2360 1250 2347 1287 2078 1287 2020 1304 1917 1294 1825 1314 1788 1294 1733 1314 1590 1314 1573 1297 1550 1314 1502 1314 1451 1263"/></Shape>
	    <String CONTENT="כחצי גריס והיניח לשיער לבן במקום"
                    HPOS="1434.0"
                    VPOS="1209.0"
                    WIDTH="926.0"
                    HEIGHT="105.0"></String>
          </TextLine>

          
          
          <TextLine ID="eSc_line_971527"
                    
                    BASELINE="1419 1342 1560 1349 1712 1349 1787 1342 1823 1335 1871 1339 2000 1339 2087 1328 2112 1330 2250 1321 2359 1321" 
                    HPOS="1417.0"
                    VPOS="1284.0"
                    WIDTH="940.0"
                    HEIGHT="109.0">
            <Shape><Polygon POINTS="1417 1338 1468 1311 1553 1318 1567 1304 1587 1318 1791 1301 1870 1311 1887 1297 2050 1308 2074 1294 2330 1284 2357 1318 2347 1359 2309 1369 2108 1376 2067 1362 2040 1379 1945 1386 1900 1369 1768 1389 1740 1372 1720 1389 1601 1379 1584 1393 1495 1393 1423 1342"/></Shape>
	    <String CONTENT="הבהרת וחזר אמרו לו כשם שביטלו את"
                    HPOS="1417.0"
                    VPOS="1284.0"
                    WIDTH="940.0"
                    HEIGHT="109.0"></String>
          </TextLine>

          
          
          <TextLine ID="eSc_line_971577"
                    
                    BASELINE="1428 1417 1569 1426 1757 1419 1937 1421 2053 1410 2175 1412 2296 1401 2355 1401" 
                    HPOS="1427.0"
                    VPOS="1355.0"
                    WIDTH="927.0"
                    HEIGHT="123.0">
            <Shape><Polygon POINTS="1427 1413 1468 1393 1539 1386 1659 1396 1907 1372 1928 1389 1982 1389 2050 1372 2064 1386 2132 1369 2262 1376 2330 1355 2354 1400 2323 1444 2265 1451 2231 1430 2190 1458 2071 1447 1849 1464 1836 1451 1737 1464 1716 1447 1686 1471 1621 1461 1604 1478 1570 1458 1492 1471 1444 1451 1434 1461"/></Shape>
	    <String CONTENT="דברי עקביה כך אף דבריך אינן מקיימין :"
                    HPOS="1427.0"
                    VPOS="1355.0"
                    WIDTH="927.0"
                    HEIGHT="123.0"></String>
          </TextLine>

          
          
          <TextLine ID="eSc_line_971586"
                    
                    BASELINE="1439 1498 1471 1505 1548 1501 1798 1501 1821 1505 1878 1489 1900 1494 1975 1492 2030 1496 2066 1489 2153 1483 2321 1485 2352 1478" 
                    HPOS="1437.0"
                    VPOS="1441.0"
                    WIDTH="913.0"
                    HEIGHT="109.0">
            <Shape><Polygon POINTS="1437 1495 1505 1464 1563 1461 1607 1478 1631 1461 1679 1475 1716 1447 1754 1468 1829 1468 1982 1454 2166 1461 2248 1441 2279 1454 2299 1441 2350 1475 2340 1505 2306 1522 2009 1522 1911 1543 1740 1529 1485 1550 1441 1509"/></Shape>
	    <String CONTENT="ו&#39; והיא הפכה שהפכתו כולה ולא [שהפ&#39;]"
                    HPOS="1437.0"
                    VPOS="1441.0"
                    WIDTH="913.0"
                    HEIGHT="109.0"></String>
          </TextLine>

          
          
          <TextLine ID="eSc_line_971565"
                    
                    BASELINE="1419 1573 1451 1578 1473 1573 1498 1573 1523 1578 1578 1578 1605 1571 1632 1576 1803 1576 1923 1569 1946 1564 2044 1567 2232 1555 2339 1555 2373 1548" 
                    HPOS="1417.0"
                    VPOS="1509.0"
                    WIDTH="954.0"
                    HEIGHT="122.0">
            <Shape><Polygon POINTS="1417 1570 1454 1546 2255 1529 2323 1509 2350 1509 2371 1546 2302 1604 2105 1597 2013 1618 1934 1618 1890 1597 1870 1618 1843 1604 1795 1621 1676 1614 1526 1631 1464 1621 1423 1580"/></Shape>
	    <String CONTENT="שהפכתו מקצתה כיצד בהרת כחצי גריס"
                    HPOS="1417.0"
                    VPOS="1509.0"
                    WIDTH="954.0"
                    HEIGHT="122.0"></String>
          </TextLine>

          
          
          <TextLine ID="eSc_line_971569"
                    
                    BASELINE="1417 1655 1744 1655 1766 1660 1841 1644 1869 1648 2066 1648 2091 1644 2146 1642 2168 1635 2218 1639 2355 1639" 
                    HPOS="1413.0"
                    VPOS="1590.0"
                    WIDTH="941.0"
                    HEIGHT="113.0">
            <Shape><Polygon POINTS="1413 1652 1488 1618 1805 1628 1866 1618 1890 1597 1941 1621 2112 1601 2302 1607 2336 1590 2354 1638 2343 1669 2319 1679 2163 1682 2142 1665 2122 1682 2088 1676 2061 1689 1955 1682 1928 1696 1802 1682 1785 1699 1652 1703 1614 1686 1594 1703 1495 1693 1464 1703 1417 1655"/></Shape>
	    <String CONTENT="ובה שתי שערות ונולדה בהרת כחצי גריס"
                    HPOS="1413.0"
                    VPOS="1590.0"
                    WIDTH="941.0"
                    HEIGHT="113.0"></String>
          </TextLine>

          
          
          <TextLine ID="eSc_line_971530"
                    
                    BASELINE="1423 1730 1458 1735 1510 1728 1780 1730 1903 1719 2000 1721 2162 1714 2189 1710 2384 1710" 
                    HPOS="1420.0"
                    VPOS="1672.0"
                    WIDTH="961.0"
                    HEIGHT="106.0">
            <Shape><Polygon POINTS="1420 1727 1475 1699 1590 1710 1621 1693 1648 1710 1706 1693 2112 1689 2142 1672 2340 1679 2381 1706 2343 1751 2309 1754 2255 1740 1938 1761 1914 1747 1856 1768 1788 1754 1737 1768 1665 1747 1628 1768 1512 1764 1485 1778 1430 1730"/></Shape>
	    <String CONTENT="ובה שערה אחת הרי זו להסגיר : ז&#39; והיא"
                    HPOS="1420.0"
                    VPOS="1672.0"
                    WIDTH="961.0"
                    HEIGHT="106.0"></String>
          </TextLine>

          
          
          <TextLine ID="eSc_line_971559"
                    
                    BASELINE="1426 1800 1462 1798 1487 1803 1666 1803 1698 1796 1728 1796 1751 1789 1773 1794 1975 1794 2030 1787 2082 1787 2107 1782 2180 1785 2280 1778 2302 1780 2382 1771" 
                    HPOS="1423.0"
                    VPOS="1744.0"
                    WIDTH="958.0"
                    HEIGHT="102.0">
            <Shape><Polygon POINTS="1423 1798 1427 1778 1471 1795 1495 1771 1635 1768 1652 1754 1747 1774 1781 1751 1863 1768 1907 1754 2061 1764 2265 1744 2340 1747 2381 1768 2330 1815 2282 1822 2268 1808 2238 1825 2146 1819 2095 1832 1989 1822 1853 1839 1751 1825 1519 1846 1468 1798"/></Shape>
	    <String CONTENT="הפכה שהפך כולה את כולו ולא שהפך"
                    HPOS="1423.0"
                    VPOS="1744.0"
                    WIDTH="958.0"
                    HEIGHT="102.0"></String>
          </TextLine>

          
          
          <TextLine ID="eSc_line_971570"
                    
                    BASELINE="1414 1869 1644 1869 1680 1864 1982 1866 2168 1855 2325 1857 2386 1850" 
                    HPOS="1413.0"
                    VPOS="1812.0"
                    WIDTH="971.0"
                    HEIGHT="112.0">
            <Shape><Polygon POINTS="1413 1866 1417 1846 1441 1856 1502 1829 1515 1843 1921 1825 2105 1836 2149 1819 2265 1812 2340 1819 2384 1849 2347 1897 2326 1900 2227 1887 2142 1907 1958 1911 1904 1897 1873 1911 1836 1887 1815 1911 1778 1914 1751 1897 1699 1917 1584 1904 1458 1924 1420 1897"/></Shape>
	    <String CONTENT="כולה את מקצתה כיצד בהרת כחצי [/]"
                    HPOS="1413.0"
                    VPOS="1812.0"
                    WIDTH="971.0"
                    HEIGHT="112.0"></String>
          </TextLine>

          
          
          <TextLine ID="eSc_line_971587"
                    
                    BASELINE="1444 1944 1478 1944 1501 1948 1526 1944 1764 1941 1789 1937 2080 1939 2153 1934 2300 1932 2323 1925 2384 1925" 
                    HPOS="1441.0"
                    VPOS="1894.0"
                    WIDTH="940.0"
                    HEIGHT="98.0">
            <Shape><Polygon POINTS="1441 1941 1488 1914 1699 1914 1733 1897 1819 1911 1836 1894 1856 1911 1975 1914 2350 1900 2381 1924 2343 1986 2105 1979 2088 1992 2071 1979 1999 1992 1914 1975 1900 1989 1798 1989 1771 1972 1614 1992 1536 1975 1485 1992 1444 1962"/></Shape>
	    <String CONTENT="גריס ובה שערה אחת ונולדה בהרת"
                    HPOS="1441.0"
                    VPOS="1894.0"
                    WIDTH="940.0"
                    HEIGHT="98.0"></String>
          </TextLine>

          
          
          <TextLine ID="eSc_line_971588"
                    
                    BASELINE="1437 2016 1471 2023 1526 2019 1551 2023 1714 2023 1785 2019 2248 2021 2323 2009 2371 2014 2400 2009" 
                    HPOS="1434.0"
                    VPOS="1955.0"
                    WIDTH="964.0"
                    HEIGHT="123.0">
            <Shape><Polygon POINTS="1434 2013 1468 2016 1488 1996 1570 1982 1604 2003 1679 1979 2091 1992 2108 1979 2210 1989 2333 1975 2354 1989 2388 1955 2398 2006 2388 2040 2377 2033 2350 2061 2323 2044 2289 2061 2275 2047 2180 2067 2098 2054 2074 2071 1931 2057 1907 2074 1815 2061 1795 2074 1778 2061 1648 2074 1611 2047 1567 2074 1529 2054 1505 2078 1461 2033 1437 2030"/></Shape>
	    <String CONTENT="כחצי גריס ובה שערה אחת הרי זה"
                    HPOS="1434.0"
                    VPOS="1955.0"
                    WIDTH="964.0"
                    HEIGHT="123.0"></String>
          </TextLine>

          
          
          <TextLine ID="eSc_line_971589"
                    
                    BASELINE="1437 2107 1473 2107 1498 2112 1946 2112 2062 2100 2221 2103 2307 2093 2391 2093" 
                    HPOS="1434.0"
                    VPOS="2047.0"
                    WIDTH="954.0"
                    HEIGHT="109.0">
            <Shape><Polygon POINTS="1434 2105 1437 2088 1505 2078 1533 2050 1573 2078 1631 2064 1648 2078 1900 2084 1938 2064 2183 2071 2289 2064 2330 2047 2388 2091 2316 2139 2285 2125 2268 2142 2210 2149 2190 2129 2153 2146 1958 2142 1941 2156 1860 2156 1843 2142 1815 2156 1498 2153 1451 2105"/></Shape>
	    <String CONTENT="להסגיר בהרת כחצי גריס ואין בה כלום"
                    HPOS="1434.0"
                    VPOS="2047.0"
                    WIDTH="954.0"
                    HEIGHT="109.0"></String>
          </TextLine>

          
          
          <TextLine ID="eSc_line_971531"
                    
                    BASELINE="1428 2187 1778 2187 1835 2182 2084 2184 2282 2173 2398 2175" 
                    HPOS="1427.0"
                    VPOS="2129.0"
                    WIDTH="967.0"
                    HEIGHT="102.0">
            <Shape><Polygon POINTS="1427 2183 1488 2153 1808 2159 2190 2139 2214 2156 2289 2129 2384 2156 2394 2173 2388 2200 2340 2224 2262 2210 2064 2227 1764 2231 1730 2217 1713 2231 1645 2231 1621 2217 1471 2231 1434 2193"/></Shape>
	    <String CONTENT="נולדה בהרת כחצי גריס ובה שתי שערות"
                    HPOS="1427.0"
                    VPOS="2129.0"
                    WIDTH="967.0"
                    HEIGHT="102.0"></String>
          </TextLine>

          
          
          <TextLine ID="eSc_line_971571"
                    
                    BASELINE="1435 2248 1467 2259 1489 2255 1519 2255 1707 2259 1732 2252 1760 2257 2084 2255 2134 2257 2241 2250 2327 2250 2357 2246 2391 2250" 
                    HPOS="1434.0"
                    VPOS="2210.0"
                    WIDTH="954.0"
                    HEIGHT="92.0">
            <Shape><Polygon POINTS="1434 2244 1468 2251 1505 2231 1621 2221 2084 2227 2309 2210 2377 2224 2388 2248 2343 2289 2279 2279 2238 2292 2074 2285 1914 2299 1836 2282 1795 2302 1567 2299 1533 2268 1485 2282 1437 2251"/></Shape>
	    <String CONTENT="הרי זו להחליט מפני שהפכתו הבהרת :"
                    HPOS="1434.0"
                    VPOS="2210.0"
                    WIDTH="954.0"
                    HEIGHT="92.0"></String>
          </TextLine>

          
          
          <TextLine ID="eSc_line_971590"
                    
                    BASELINE="1462 2334 1498 2334 1521 2339 1682 2339 1705 2334 1871 2327 2202 2330 2371 2316" 
                    HPOS="1461.0"
                    VPOS="2268.0"
                    WIDTH="906.0"
                    HEIGHT="116.0">
            <Shape><Polygon POINTS="1461 2333 1526 2268 1567 2306 1706 2299 1754 2313 1815 2306 1836 2285 1934 2306 2084 2289 2224 2299 2309 2279 2354 2292 2367 2313 2357 2371 2285 2350 2221 2371 2170 2350 2139 2374 1999 2364 1952 2377 1931 2360 1866 2374 1829 2360 1812 2377 1751 2364 1567 2384 1543 2367 1502 2377 1464 2340"/></Shape>
	    <String CONTENT="ח&#39; ומחית בשר חי יכול כל שהוא תל&#39; לו&#39;"
                    HPOS="1461.0"
                    VPOS="2268.0"
                    WIDTH="906.0"
                    HEIGHT="116.0"></String>
          </TextLine>

          
          
          <TextLine ID="eSc_line_971583"
                    
                    BASELINE="1446 2400 1510 2405 1533 2409 1614 2411 1894 2409 1948 2414 1987 2405 2105 2405 2132 2398 2187 2402 2384 2402" 
                    HPOS="1444.0"
                    VPOS="2347.0"
                    WIDTH="937.0"
                    HEIGHT="112.0">
            <Shape><Polygon POINTS="1444 2398 1451 2381 1488 2394 1519 2374 1570 2388 1648 2371 1890 2374 1917 2360 1941 2374 2132 2374 2176 2347 2200 2371 2330 2360 2371 2374 2381 2401 2367 2435 2330 2445 2299 2428 2231 2445 2210 2428 2153 2449 1877 2449 1853 2425 1829 2449 1768 2445 1754 2432 1727 2452 1682 2432 1648 2456 1607 2432 1533 2459 1447 2411"/></Shape>
	    <String CONTENT="שיער לבן ומחית בשר מה שיער לבן"
                    HPOS="1444.0"
                    VPOS="2347.0"
                    WIDTH="937.0"
                    HEIGHT="112.0"></String>
          </TextLine>

          
          
          <TextLine ID="eSc_line_971573"
                    
                    BASELINE="1448 2484 1533 2493 1716 2493 1739 2489 1864 2486 1889 2482 2202 2484 2230 2480 2284 2480 2339 2484 2366 2477 2398 2480" 
                    HPOS="1447.0"
                    VPOS="2439.0"
                    WIDTH="947.0"
                    HEIGHT="95.0">
            <Shape><Polygon POINTS="1447 2483 1492 2452 1580 2466 1601 2445 1665 2456 1682 2439 1733 2456 2357 2439 2388 2452 2394 2476 2384 2531 2323 2510 2173 2514 2159 2527 2125 2510 2023 2531 2003 2510 1948 2531 1757 2520 1488 2534 1451 2497"/></Shape>
	    <String CONTENT="מקום שתי שערות אף מחיה מקום שתי"
                    HPOS="1447.0"
                    VPOS="2439.0"
                    WIDTH="947.0"
                    HEIGHT="95.0"></String>
          </TextLine>

          
          
          <TextLine ID="eSc_line_971574"
                    
                    BASELINE="1444 2559 1480 2559 1508 2552 1533 2559 1612 2561 1735 2559 1760 2552 1789 2557 2053 2557 2259 2545 2393 2545" 
                    HPOS="1441.0"
                    VPOS="2510.0"
                    WIDTH="950.0"
                    HEIGHT="102.0">
            <Shape><Polygon POINTS="1441 2558 1444 2541 1522 2524 1601 2537 1706 2524 1904 2531 1962 2517 1986 2527 2003 2510 2037 2531 2125 2514 2156 2531 2221 2514 2319 2514 2354 2517 2391 2544 2350 2585 2166 2582 2118 2595 2101 2582 2040 2595 1992 2572 1975 2589 1948 2578 1887 2602 1693 2602 1665 2589 1642 2612 1604 2582 1560 2612 1475 2558 1444 2565"/></Shape>
	    <String CONTENT="שערות : ט&#39; יכול לא תהא [טומאה] עד"
                    HPOS="1441.0"
                    VPOS="2510.0"
                    WIDTH="950.0"
                    HEIGHT="102.0"></String>
          </TextLine>

          
          
          <TextLine ID="eSc_line_971582"
                    
                    BASELINE="1446 2629 2000 2629 2046 2623 2123 2623 2153 2618 2393 2618" 
                    HPOS="1444.0"
                    VPOS="2578.0"
                    WIDTH="947.0"
                    HEIGHT="96.0">
            <Shape><Polygon POINTS="1444 2626 1464 2602 1519 2585 1570 2609 1601 2578 1645 2612 1669 2589 1693 2602 1945 2602 1996 2585 2139 2595 2357 2582 2391 2616 2350 2650 2098 2660 2071 2646 2023 2664 1982 2650 1914 2667 1822 2657 1693 2670 1648 2650 1628 2667 1563 2674 1529 2674 1464 2626"/></Shape>
	    <String CONTENT="שיהא בה שיער לבן ומיחיה תל&#39; לו&#39; [צר&#39;]"
                    HPOS="1444.0"
                    VPOS="2578.0"
                    WIDTH="947.0"
                    HEIGHT="96.0"></String>
          </TextLine>

          
          
          <TextLine ID="eSc_line_971580"
                    
                    BASELINE="1455 2698 1830 2702 1950 2693 2109 2693 2227 2682 2393 2682" 
                    HPOS="1454.0"
                    VPOS="2646.0"
                    WIDTH="937.0"
                    HEIGHT="99.0">
            <Shape><Polygon POINTS="1454 2694 1509 2664 1917 2667 2302 2646 2357 2646 2391 2681 2347 2721 2296 2708 2268 2725 1965 2735 1941 2715 1924 2732 1662 2732 1580 2745 1509 2742 1464 2698"/></Shape>
	    <String CONTENT="צרעת נושנת היא היא טמיאה ואינה"
                    HPOS="1454.0"
                    VPOS="2646.0"
                    WIDTH="937.0"
                    HEIGHT="99.0"></String>
          </TextLine>

          
          
          <TextLine ID="eSc_line_971581"
                    
                    BASELINE="1448 2768 1530 2775 1703 2775 1789 2763 2032 2766 2093 2759 2380 2752" 
                    HPOS="1447.0"
                    VPOS="2715.0"
                    WIDTH="930.0"
                    HEIGHT="102.0">
            <Shape><Polygon POINTS="1447 2766 1478 2742 1733 2735 1751 2749 1785 2735 1911 2738 1941 2718 1958 2735 2098 2738 2302 2715 2364 2725 2377 2749 2330 2800 2200 2790 2030 2803 1931 2783 1907 2810 1866 2813 1560 2817 1515 2810 1458 2769"/></Shape>
	    <String CONTENT="צריכה דבר אחר לשערה : י&#39; ואם כן"
                    HPOS="1447.0"
                    VPOS="2715.0"
                    WIDTH="930.0"
                    HEIGHT="102.0"></String>
          </TextLine>

          
          
          <TextLine ID="eSc_line_971579"
                    
                    BASELINE="1446 2845 1537 2843 1562 2847 1607 2847 1844 2836 2021 2838 2091 2832 2168 2832 2216 2827 2382 2827" 
                    HPOS="1444.0"
                    VPOS="2783.0"
                    WIDTH="937.0"
                    HEIGHT="109.0">
            <Shape><Polygon POINTS="1444 2844 1492 2803 1573 2820 1873 2813 1911 2810 1934 2786 2020 2807 2255 2807 2347 2783 2381 2824 2360 2865 2285 2854 2244 2875 2112 2854 2081 2878 1989 2882 1965 2861 1904 2888 1853 2865 1744 2888 1590 2878 1553 2892 1451 2865"/></Shape>
	    <String CONTENT="למה נאמר שיער לבן ומחית בשר מלמד"
                    HPOS="1444.0"
                    VPOS="2783.0"
                    WIDTH="937.0"
                    HEIGHT="109.0"></String>
          </TextLine>

          
          
          <TextLine ID="eSc_line_971578"
                    
                    BASELINE="1453 2913 1492 2922 1626 2922 1660 2916 1687 2920 1875 2920 2078 2909 2205 2911 2280 2904 2402 2904" 
                    HPOS="1451.0"
                    VPOS="2858.0"
                    WIDTH="950.0"
                    HEIGHT="112.0">
            <Shape><Polygon POINTS="1451 2912 1488 2912 1512 2888 1570 2895 1594 2882 1607 2895 1798 2888 1849 2865 1907 2888 2026 2871 2268 2875 2285 2858 2391 2878 2401 2902 2388 2926 2330 2950 2238 2933 2204 2953 2159 2933 2139 2956 2030 2943 1989 2960 1958 2946 1900 2963 1754 2967 1730 2946 1546 2970 1492 2926 1458 2943"/></Shape>
	    <String CONTENT="שלא תהא טמיאה אלא עד שיהא בה"
                    HPOS="1451.0"
                    VPOS="2858.0"
                    WIDTH="950.0"
                    HEIGHT="112.0"></String>
          </TextLine>

          
          
          <TextLine ID="eSc_line_971584"
                    
                    BASELINE="1446 2988 1492 2995 1548 2995 1571 3000 1646 3002 1830 3002 1862 2991 2046 2991 2230 2981 2366 2984 2400 2977" 
                    HPOS="1444.0"
                    VPOS="2933.0"
                    WIDTH="954.0"
                    HEIGHT="153.0">
            <Shape><Polygon POINTS="1444 2987 1515 2987 1539 2963 1706 2960 1723 2974 1737 2960 1900 2963 1958 2946 1992 2963 2026 2950 2135 2956 2159 2936 2207 2953 2238 2933 2265 2950 2364 2946 2398 2974 2391 3038 2364 3048 2330 3025 2306 3052 2268 3025 2234 3048 2156 3011 2129 3038 2095 3042 2071 3025 2044 3055 2006 3031 1958 3031 1914 3072 1873 3035 1791 3059 1713 3031 1662 3086 1638 3086 1614 3062 1580 3083 1481 3008 1451 3042"/></Shape>
	    <String CONTENT="כדי לקבל שיער לבן ומיחיה : י&#39;א&#39; יכול"
                    HPOS="1444.0"
                    VPOS="2933.0"
                    WIDTH="954.0"
                    HEIGHT="153.0"></String>
          </TextLine>

          
        </TextBlock>
        
        <TextBlock HPOS="406.0"
                   VPOS="760.0"
                   WIDTH="936.0"
                   HEIGHT="2308.0"
                   ID="eSc_textblock_65852"
                   TAGREFS="BT2">
          <Shape><Polygon POINTS="1205 3068 1324 3059 1342 2950 1333 763 417 760 406 3041 1205 3068"/></Shape>
          
          
          <TextLine ID="eSc_line_971562"
                    
                    BASELINE="390 844 447 828 524 835 665 835 1274 817" 
                    HPOS="388.0"
                    VPOS="708.0"
                    WIDTH="882.0"
                    HEIGHT="187.0">
            <Shape><Polygon POINTS="388 841 391 793 432 763 504 797 545 783 582 803 630 776 684 803 739 752 769 752 800 722 851 729 878 708 906 711 991 793 1022 800 1103 739 1151 739 1188 769 1212 749 1229 763 1260 752 1270 814 1263 848 1205 868 940 875 923 858 906 878 872 882 851 868 674 882 630 861 599 882 500 872 463 895 395 841"/></Shape>
	    <String CONTENT="שיער לבן מצד זה ומיחיה מצד זה תל&#39;"
                    HPOS="388.0"
                    VPOS="708.0"
                    WIDTH="882.0"
                    HEIGHT="187.0"></String>
          </TextLine>

          
          
          <TextLine ID="eSc_line_971553"
                    
                    BASELINE="474 906 556 912 858 910 906 915 935 906 1010 901 1169 906 1199 894 1276 894 1312 888" 
                    HPOS="473.0"
                    VPOS="841.0"
                    WIDTH="838.0"
                    HEIGHT="112.0">
            <Shape><Polygon POINTS="473 902 500 875 613 878 626 865 677 882 950 878 984 865 1205 865 1274 841 1301 855 1311 885 1301 926 1277 943 1212 930 521 953 476 926"/></Shape>
	    <String CONTENT="לו&#39; בשאת שתהא מבוצרת בשאת :"
                    HPOS="473.0"
                    VPOS="841.0"
                    WIDTH="838.0"
                    HEIGHT="112.0"></String>
          </TextLine>

          
          
          <TextLine ID="eSc_line_971567"
                    
                    BASELINE="399 976 699 981 928 978 956 974 1169 976 1285 967" 
                    HPOS="398.0"
                    VPOS="930.0"
                    WIDTH="886.0"
                    HEIGHT="92.0">
            <Shape><Polygon POINTS="398 974 463 936 517 953 776 953 1229 930 1284 964 1257 1004 882 1004 851 1018 688 1018 667 1001 613 1022 538 1008 470 1022 422 977"/></Shape>
	    <String CONTENT="י&#39;ב&#39; [ו]נמצאו מקום שתי שערות מימ[י]נה"
                    HPOS="398.0"
                    VPOS="930.0"
                    WIDTH="886.0"
                    HEIGHT="92.0"></String>
          </TextLine>

          
          
          <TextLine ID="eSc_line_971557"
                    
                    BASELINE="383 1044 906 1049 956 1042 1019 1042 1044 1037 1287 1037" 
                    HPOS="381.0"
                    VPOS="998.0"
                    WIDTH="903.0"
                    HEIGHT="98.0">
            <Shape><Polygon POINTS="381 1042 439 1004 466 1025 613 1025 667 1004 684 1022 848 1022 878 1008 953 1018 1274 998 1284 1035 1274 1079 1253 1083 1137 1069 1107 1086 1079 1073 1052 1083 1028 1059 984 1090 919 1079 844 1093 810 1079 790 1093 667 1096 456 1096 395 1045"/></Shape>
	    <String CONTENT="מקום שתי שערות משמאלה וכן למעלה"
                    HPOS="381.0"
                    VPOS="998.0"
                    WIDTH="903.0"
                    HEIGHT="98.0"></String>
          </TextLine>

          
          
          <TextLine ID="eSc_line_971554"
                    
                    BASELINE="417 1121 472 1133 495 1128 815 1131 867 1124 922 1124 944 1119 1240 1121 1292 1112" 
                    HPOS="415.0"
                    VPOS="1062.0"
                    WIDTH="876.0"
                    HEIGHT="113.0">
            <Shape><Polygon POINTS="415 1120 453 1096 538 1090 987 1090 1025 1062 1052 1086 1267 1083 1291 1110 1280 1144 1257 1158 1195 1144 1178 1158 1062 1165 1049 1151 987 1168 878 1161 814 1175 786 1158 575 1175 487 1158 459 1168 419 1127"/></Shape>
	    <String CONTENT="ממנה וכן למטה ממנה מרובעת נמצאו"
                    HPOS="415.0"
                    VPOS="1062.0"
                    WIDTH="876.0"
                    HEIGHT="113.0"></String>
          </TextLine>

          
          
          <TextLine ID="eSc_line_971555"
                    
                    BASELINE="408 1196 445 1205 499 1201 1076 1201 1233 1205 1289 1187" 
                    HPOS="405.0"
                    VPOS="1144.0"
                    WIDTH="882.0"
                    HEIGHT="106.0">
            <Shape><Polygon POINTS="405 1195 408 1182 429 1195 480 1154 500 1168 742 1165 814 1178 1011 1158 1124 1168 1195 1144 1216 1161 1253 1158 1287 1185 1277 1219 1250 1240 1192 1216 1168 1240 1137 1229 987 1243 964 1229 821 1246 800 1233 783 1250 688 1250 568 1246 548 1233 528 1246 463 1246 408 1205"/></Shape>
	    <String CONTENT="שלשים ושש שערה נמצא גופה [שלב&#39;]"
                    HPOS="405.0"
                    VPOS="1144.0"
                    WIDTH="882.0"
                    HEIGHT="106.0"></String>
          </TextLine>

          
          
          <TextLine ID="eSc_line_971556"
                    
                    BASELINE="411 1278 442 1274 538 1285 803 1285 892 1278 1019 1278 1071 1274 1269 1276 1303 1269" 
                    HPOS="408.0"
                    VPOS="1216.0"
                    WIDTH="893.0"
                    HEIGHT="112.0">
            <Shape><Polygon POINTS="408 1277 449 1250 528 1253 548 1240 572 1253 786 1253 800 1240 821 1253 909 1253 1018 1236 1062 1250 1168 1243 1195 1216 1222 1240 1291 1250 1301 1267 1270 1311 1171 1318 1154 1301 1137 1318 1110 1308 1032 1321 964 1304 947 1321 916 1311 858 1328 831 1311 773 1328 742 1301 718 1325 517 1325 470 1318 436 1287 412 1291"/></Shape>
	    <String CONTENT="שלבהרת כגריס הקילקי מרובע בשר"
                    HPOS="408.0"
                    VPOS="1216.0"
                    WIDTH="893.0"
                    HEIGHT="112.0"></String>
          </TextLine>

          
          
          <TextLine ID="eSc_line_971534"
                    
                    BASELINE="381 1351 436 1346 685 1353 999 1351 1026 1344 1071 1349 1285 1344" 
                    HPOS="378.0"
                    VPOS="1294.0"
                    WIDTH="906.0"
                    HEIGHT="123.0">
            <Shape><Polygon POINTS="378 1349 381 1314 419 1294 442 1314 541 1325 718 1321 739 1301 769 1325 814 1311 947 1325 964 1308 987 1321 1110 1321 1154 1301 1171 1318 1274 1314 1284 1342 1274 1379 1246 1372 1226 1389 875 1396 841 1366 817 1389 793 1393 763 1372 725 1400 545 1389 517 1417 493 1393 408 1393 381 1372"/></Shape>
	    <String CONTENT="חי ולא השחין בשר חי לא הבוהק בשאת"
                    HPOS="378.0"
                    VPOS="1294.0"
                    WIDTH="906.0"
                    HEIGHT="123.0"></String>
          </TextLine>

          
          
          <TextLine ID="eSc_line_971543"
                    
                    BASELINE="604 1421 663 1430 1083 1428 1106 1433 1128 1426 1165 1423 1219 1423 1242 1419 1303 1421" 
                    HPOS="602.0"
                    VPOS="1369.0"
                    WIDTH="699.0"
                    HEIGHT="116.0">
            <Shape><Polygon POINTS="602 1420 630 1396 735 1400 759 1376 780 1396 814 1393 838 1369 875 1400 1226 1393 1253 1372 1301 1420 1253 1468 1216 1481 1165 1461 1148 1475 984 1464 960 1481 912 1464 865 1475 851 1461 814 1485 711 1464 657 1478 606 1430"/></Shape>
	    <String CONTENT="לא השחין בשאת לא הבוהק :"
                    HPOS="602.0"
                    VPOS="1369.0"
                    WIDTH="699.0"
                    HEIGHT="116.0"></String>
          </TextLine>

          
          
          <TextLine ID="eSc_line_971552"
                    
                    BASELINE="399 1503 1203 1503" 
                    HPOS="398.0"
                    VPOS="1451.0"
                    WIDTH="804.0"
                    HEIGHT="105.0">
            <Shape><Polygon POINTS="398 1502 405 1471 429 1488 521 1451 551 1475 592 1458 657 1481 797 1478 817 1498 872 1498 892 1478 912 1498 930 1481 964 1492 991 1468 1022 1485 1042 1464 1059 1478 1124 1471 1141 1488 1168 1468 1202 1502 1161 1505 1113 1550 1066 1543 1049 1556 977 1550 950 1522 895 1536 841 1505 773 1553 739 1536 708 1553 524 1553 490 1536 470 1553 405 1505"/></Shape>
	    <String CONTENT="פרק ב&#39; ˙ צרעת ביניין אב"
                    HPOS="398.0"
                    VPOS="1451.0"
                    WIDTH="804.0"
                    HEIGHT="105.0"></String>
          </TextLine>

          
          
          <TextLine ID="eSc_line_971536"
                    
                    BASELINE="390 1580 429 1580 454 1585 1101 1585 1176 1578 1199 1571 1221 1576 1246 1573 1312 1578" 
                    HPOS="388.0"
                    VPOS="1505.0"
                    WIDTH="923.0"
                    HEIGHT="123.0">
            <Shape><Polygon POINTS="388 1577 405 1546 470 1550 487 1533 531 1553 831 1546 865 1526 885 1543 909 1529 943 1550 1154 1546 1195 1505 1219 1529 1243 1505 1311 1577 1301 1624 1267 1607 1240 1624 1188 1611 1124 1628 1042 1628 1022 1614 998 1628 943 1624 916 1607 878 1628 858 1614 783 1624 766 1611 739 1624 711 1614 684 1628 524 1628 439 1618 391 1577"/></Shape>
	    <String CONTENT="לכל הצרעות שיהו כגריס נושנת מלמד"
                    HPOS="388.0"
                    VPOS="1505.0"
                    WIDTH="923.0"
                    HEIGHT="123.0"></String>
          </TextLine>

          
          
          <TextLine ID="eSc_line_971550"
                    
                    BASELINE="420 1655 454 1655 508 1669 531 1664 1051 1664 1078 1669 1103 1662 1183 1655 1292 1657" 
                    HPOS="419.0"
                    VPOS="1607.0"
                    WIDTH="872.0"
                    HEIGHT="99.0">
            <Shape><Polygon POINTS="419 1652 422 1611 456 1628 664 1621 756 1635 769 1621 878 1631 912 1607 933 1628 977 1631 1260 1614 1291 1655 1243 1696 1131 1703 916 1693 681 1706 599 1689 568 1706 534 1689 480 1703 439 1665 422 1669"/></Shape>
	    <String CONTENT="שהיא מטמא שלא הפוכה ה&#39;ד&#39;ה&#39; שיער"
                    HPOS="419.0"
                    VPOS="1607.0"
                    WIDTH="872.0"
                    HEIGHT="99.0"></String>
          </TextLine>

          
          
          <TextLine ID="eSc_line_971560"
                    
                    BASELINE="379 1730 436 1739 994 1739 1110 1732 1137 1728 1310 1728" 
                    HPOS="378.0"
                    VPOS="1686.0"
                    WIDTH="930.0"
                    HEIGHT="95.0">
            <Shape><Polygon POINTS="378 1727 429 1699 1148 1703 1243 1699 1257 1686 1308 1727 1287 1768 1274 1757 1233 1771 1056 1774 1032 1757 1001 1774 681 1774 664 1761 620 1781 446 1781 395 1730"/></Shape>
	    <String CONTENT="לבן סימן טומאה ומיחיה סימן טומאה"
                    HPOS="378.0"
                    VPOS="1686.0"
                    WIDTH="930.0"
                    HEIGHT="95.0"></String>
          </TextLine>

          
          
          <TextLine ID="eSc_line_971547"
                    
                    BASELINE="399 1805 492 1812 760 1810 806 1814 851 1805 1022 1805 1044 1798 1071 1803 1312 1803" 
                    HPOS="398.0"
                    VPOS="1757.0"
                    WIDTH="913.0"
                    HEIGHT="99.0">
            <Shape><Polygon POINTS="398 1802 408 1781 439 1798 487 1774 616 1781 667 1764 694 1778 977 1778 1028 1757 1049 1774 1274 1768 1287 1781 1301 1768 1311 1802 1263 1839 1137 1832 1113 1846 1069 1819 1018 1846 906 1849 814 1832 759 1849 575 1839 555 1853 534 1836 456 1856 415 1815 401 1822"/></Shape>
	    <String CONTENT="מה שיער לבן אינו מטמא אלא הפוך [/]"
                    HPOS="398.0"
                    VPOS="1757.0"
                    WIDTH="913.0"
                    HEIGHT="99.0"></String>
          </TextLine>

          
          
          <TextLine ID="eSc_line_971566"
                    
                    BASELINE="383 1873 483 1885 633 1885 708 1880 926 1878 981 1873 1294 1875" 
                    HPOS="381.0"
                    VPOS="1822.0"
                    WIDTH="910.0"
                    HEIGHT="106.0">
            <Shape><Polygon POINTS="381 1870 538 1839 555 1856 575 1843 626 1856 780 1849 817 1832 902 1853 1001 1853 1049 1846 1073 1822 1096 1846 1277 1836 1291 1873 1280 1911 1236 1914 1216 1900 1131 1921 1110 1904 1008 1928 650 1924 633 1907 609 1928 572 1911 466 1921 401 1873"/></Shape>
	    <String CONTENT="ומיחיה לא תטמא אלא הפוכה תל&#39; לומר"
                    HPOS="381.0"
                    VPOS="1822.0"
                    WIDTH="910.0"
                    HEIGHT="106.0"></String>
          </TextLine>

          
          
          <TextLine ID="eSc_line_971533"
                    
                    BASELINE="395 1950 479 1957 1051 1957 1074 1953 1194 1950 1240 1946 1301 1948" 
                    HPOS="391.0"
                    VPOS="1904.0"
                    WIDTH="906.0"
                    HEIGHT="109.0">
            <Shape><Polygon POINTS="391 1948 442 1921 572 1911 609 1924 630 1904 664 1924 1045 1924 1066 1904 1093 1921 1222 1907 1287 1914 1297 1945 1277 2013 1240 1986 1100 1999 1042 1982 977 2003 660 1999 630 1982 582 1999 459 2006 405 1952"/></Shape>
	    <String CONTENT="נושנת מלמד שהיא מטמא שלא הפוכה :"
                    HPOS="391.0"
                    VPOS="1904.0"
                    WIDTH="906.0"
                    HEIGHT="109.0"></String>
          </TextLine>

          
          
          <TextLine ID="eSc_line_971538"
                    
                    BASELINE="417 2032 554 2039 1022 2039 1044 2034 1308 2025" 
                    HPOS="415.0"
                    VPOS="1982.0"
                    WIDTH="889.0"
                    HEIGHT="106.0">
            <Shape><Polygon POINTS="415 2030 459 2006 521 2009 541 1996 974 2009 1035 1982 1096 1999 1226 1989 1274 2023 1304 2023 1212 2084 1192 2071 1090 2078 1049 2061 1018 2074 981 2061 957 2084 725 2088 602 2064 470 2084 419 2033"/></Shape>
	    <String CONTENT="ב&#39; היא מלמד שמטמא הפוכה ה&#39;ד&#39;ה&#39; מה"
                    HPOS="415.0"
                    VPOS="1982.0"
                    WIDTH="889.0"
                    HEIGHT="106.0"></String>
          </TextLine>

          
          
          <TextLine ID="eSc_line_971551"
                    
                    BASELINE="417 2116 454 2116 481 2123 560 2116 585 2116 608 2123 638 2118 1067 2121 1094 2116 1199 2114 1244 2109 1330 2109" 
                    HPOS="415.0"
                    VPOS="2061.0"
                    WIDTH="913.0"
                    HEIGHT="102.0">
            <Shape><Polygon POINTS="415 2115 453 2088 562 2081 599 2064 626 2081 739 2084 964 2081 977 2067 1008 2081 1039 2061 1100 2084 1318 2074 1328 2108 1270 2156 1107 2163 1073 2142 1042 2159 974 2149 957 2163 667 2149 504 2163 466 2159 419 2115"/></Shape>
	    <String CONTENT="אם שיער לבן שאינו מטמא שלא הפוך"
                    HPOS="415.0"
                    VPOS="2061.0"
                    WIDTH="913.0"
                    HEIGHT="102.0"></String>
          </TextLine>

          
          
          <TextLine ID="eSc_line_971541"
                    
                    BASELINE="417 2187 538 2193 1324 2189" 
                    HPOS="415.0"
                    VPOS="2149.0"
                    WIDTH="906.0"
                    HEIGHT="92.0">
            <Shape><Polygon POINTS="415 2183 487 2149 511 2163 1049 2163 1062 2149 1090 2166 1284 2156 1311 2163 1321 2187 1311 2241 1291 2227 1148 2238 1131 2224 1100 2238 722 2234 664 2217 623 2234 517 2234 487 2217 453 2234 419 2217"/></Shape>
	    <String CONTENT="מטמא הפוך ומיחיה שהיא מטמא שלא"
                    HPOS="415.0"
                    VPOS="2149.0"
                    WIDTH="906.0"
                    HEIGHT="92.0"></String>
          </TextLine>

          
          
          <TextLine ID="eSc_line_971532"
                    
                    BASELINE="395 2268 458 2264 1312 2264" 
                    HPOS="391.0"
                    VPOS="2217.0"
                    WIDTH="920.0"
                    HEIGHT="96.0">
            <Shape><Polygon POINTS="391 2265 490 2217 524 2238 630 2234 657 2217 681 2234 701 2221 752 2238 1294 2227 1311 2262 1301 2299 1246 2309 1144 2296 851 2313 725 2313 691 2289 671 2309 446 2309 401 2265"/></Shape>
	    <String CONTENT="הפוכה לא תיטמא הפוכה תל&#39; לו&#39; היא מלמד"
                    HPOS="391.0"
                    VPOS="2217.0"
                    WIDTH="920.0"
                    HEIGHT="96.0"></String>
          </TextLine>

          
          
          <TextLine ID="eSc_line_971540"
                    
                    BASELINE="426 2341 463 2336 486 2341 835 2341 881 2336 1333 2336" 
                    HPOS="425.0"
                    VPOS="2296.0"
                    WIDTH="907.0"
                    HEIGHT="88.0">
            <Shape><Polygon POINTS="425 2340 473 2309 677 2309 691 2296 722 2313 841 2316 1321 2302 1332 2333 1321 2371 1205 2367 1168 2381 1039 2377 1011 2364 957 2381 694 2367 483 2384 439 2340"/></Shape>
	    <String CONTENT="שהיא מטמא הפוכה : ג&#39; וטימאו הכהן"
                    HPOS="425.0"
                    VPOS="2296.0"
                    WIDTH="907.0"
                    HEIGHT="88.0"></String>
          </TextLine>

          
          
          <TextLine ID="eSc_line_971545"
                    
                    BASELINE="417 2407 1319 2411" 
                    HPOS="415.0"
                    VPOS="2364.0"
                    WIDTH="903.0"
                    HEIGHT="105.0">
            <Shape><Polygon POINTS="415 2405 463 2374 476 2388 691 2374 763 2388 964 2381 1015 2364 1039 2381 1308 2371 1318 2408 1253 2456 1212 2439 1195 2456 1151 2442 1134 2459 872 2449 773 2463 729 2445 684 2469 647 2449 616 2463 514 2452 470 2466 419 2415"/></Shape>
	    <String CONTENT="לא יסגירנו למדנו שאין מסגירין את"
                    HPOS="415.0"
                    VPOS="2364.0"
                    WIDTH="903.0"
                    HEIGHT="105.0"></String>
          </TextLine>

          
          
          <TextLine ID="eSc_line_971539"
                    
                    BASELINE="438 2486 526 2493 1278 2491 1305 2495 1337 2484" 
                    HPOS="436.0"
                    VPOS="2442.0"
                    WIDTH="899.0"
                    HEIGHT="102.0">
            <Shape><Polygon POINTS="436 2483 500 2452 708 2466 732 2442 776 2463 1134 2459 1151 2442 1195 2459 1212 2442 1226 2456 1277 2445 1335 2483 1325 2527 1308 2531 848 2537 742 2524 725 2541 647 2544 633 2531 497 2534 463 2514 439 2527"/></Shape>
	    <String CONTENT="המוחלט מניין שאין מחליטין את [המו&#39;]"
                    HPOS="436.0"
                    VPOS="2442.0"
                    WIDTH="899.0"
                    HEIGHT="102.0"></String>
          </TextLine>

          
          
          <TextLine ID="eSc_line_971546"
                    
                    BASELINE="433 2566 547 2575 833 2575 899 2568 1022 2568 1049 2564 1296 2566 1330 2559" 
                    HPOS="432.0"
                    VPOS="2527.0"
                    WIDTH="896.0"
                    HEIGHT="92.0">
            <Shape><Polygon POINTS="432 2565 446 2531 660 2548 746 2534 1015 2541 1209 2527 1291 2531 1328 2558 1318 2599 1199 2592 1182 2606 909 2612 872 2589 844 2616 763 2619 732 2602 694 2616 674 2599 647 2616 575 2602 473 2612 436 2575"/></Shape>
	    <String CONTENT="המוסגר ואין מסגירין את המוסגר ואין"
                    HPOS="432.0"
                    VPOS="2527.0"
                    WIDTH="896.0"
                    HEIGHT="92.0"></String>
          </TextLine>

          
          
          <TextLine ID="eSc_line_971544"
                    
                    BASELINE="431 2639 515 2636 542 2641 667 2641 692 2636 1314 2636" 
                    HPOS="429.0"
                    VPOS="2589.0"
                    WIDTH="882.0"
                    HEIGHT="95.0">
            <Shape><Polygon POINTS="429 2636 459 2609 630 2616 674 2595 691 2612 735 2602 766 2619 844 2612 868 2589 906 2609 1185 2606 1205 2592 1301 2602 1311 2633 1291 2670 810 2664 790 2677 766 2657 752 2670 701 2664 633 2681 511 2657 480 2684 432 2640"/></Shape>
	    <String CONTENT="מחליטין את המוחלט תל&#39; לו&#39; לא יסגירנו ˙"
                    HPOS="429.0"
                    VPOS="2589.0"
                    WIDTH="882.0"
                    HEIGHT="95.0"></String>
          </TextLine>

          
          
          <TextLine ID="eSc_line_971548"
                    
                    BASELINE="422 2704 456 2700 483 2711 685 2711 790 2704 931 2704 953 2698 1001 2702 1333 2698" 
                    HPOS="419.0"
                    VPOS="2667.0"
                    WIDTH="913.0"
                    HEIGHT="85.0">
            <Shape><Polygon POINTS="419 2701 507 2670 534 2691 739 2670 1018 2674 1059 2687 1076 2670 1124 2681 1263 2667 1321 2670 1332 2694 1291 2749 1260 2732 1240 2745 970 2749 943 2721 902 2749 824 2749 807 2735 786 2749 763 2728 660 2752 538 2752 483 2725 463 2742 425 2735"/></Shape>
	    <String CONTENT="כי טמא כל שנקרא עליו טמא אינו ↑ לו :"
                    HPOS="419.0"
                    VPOS="2667.0"
                    WIDTH="913.0"
                    HEIGHT="85.0"></String>
          </TextLine>

          
          
          <TextLine ID="eSc_line_1244643"
                    TAGREFS="LT3"
                    BASELINE="513 2677 598 2682" 
                    HPOS="511.0"
                    VPOS="2665.0"
                    WIDTH="87.0"
                    HEIGHT="40.0">
            <Shape><Polygon POINTS="513 2665 598 2670 596 2705 511 2700"/></Shape>
	    <String CONTENT="זקוק"
                    HPOS="511.0"
                    VPOS="2665.0"
                    WIDTH="87.0"
                    HEIGHT="40.0"></String>
          </TextLine>

          
          
          <TextLine ID="eSc_line_971535"
                    
                    BASELINE="399 2773 463 2784 1024 2784 1078 2777 1160 2777 1183 2773 1269 2775 1321 2768" 
                    HPOS="398.0"
                    VPOS="2721.0"
                    WIDTH="920.0"
                    HEIGHT="106.0">
            <Shape><Polygon POINTS="398 2769 422 2773 480 2728 504 2749 548 2752 766 2738 892 2749 940 2721 967 2749 1233 2749 1257 2732 1318 2766 1274 2810 1229 2793 1202 2820 1001 2820 964 2807 844 2824 793 2800 763 2820 701 2820 671 2796 602 2824 446 2827 401 2783"/></Shape>
	    <String CONTENT="ד&#39; או אינו או&#39; לא יסגירנו כי טמא אלא"
                    HPOS="398.0"
                    VPOS="2721.0"
                    WIDTH="920.0"
                    HEIGHT="106.0"></String>
          </TextLine>

          
          
          <TextLine ID="eSc_line_971542"
                    
                    BASELINE="417 2852 1215 2857 1255 2850 1287 2850 1321 2841" 
                    HPOS="415.0"
                    VPOS="2796.0"
                    WIDTH="903.0"
                    HEIGHT="109.0">
            <Shape><Polygon POINTS="415 2851 487 2824 606 2827 633 2810 654 2820 674 2800 708 2827 766 2824 790 2800 817 2824 906 2827 1182 2824 1240 2796 1318 2837 1308 2871 1277 2895 1236 2885 1195 2899 1175 2885 1124 2899 892 2899 844 2878 824 2895 800 2882 776 2899 701 2905 667 2878 616 2902 456 2905 419 2868"/></Shape>
	    <String CONTENT="שלא יסגירנו כהן מוחלט תל&#39; לו&#39; כי טמא"
                    HPOS="415.0"
                    VPOS="2796.0"
                    WIDTH="903.0"
                    HEIGHT="109.0"></String>
          </TextLine>

          
          
          <TextLine ID="eSc_line_971537"
                    
                    BASELINE="411 2934 449 2934 472 2938 669 2938 788 2932 981 2932 1026 2927 1330 2929" 
                    HPOS="408.0"
                    VPOS="2878.0"
                    WIDTH="920.0"
                    HEIGHT="102.0">
            <Shape><Polygon POINTS="408 2933 476 2902 776 2902 827 2899 844 2882 885 2902 1175 2888 1202 2899 1280 2895 1297 2878 1328 2926 1321 2963 1297 2980 1263 2960 1233 2974 681 2974 664 2956 643 2974 487 2977 415 2933"/></Shape>
	    <String CONTENT="הוא בנראה דברתי ולא דברתי ברואה :"
                    HPOS="408.0"
                    VPOS="2878.0"
                    WIDTH="920.0"
                    HEIGHT="102.0"></String>
          </TextLine>

          
          
          <TextLine ID="eSc_line_971549"
                    
                    BASELINE="429 3004 490 3011 667 3011 708 3004 788 3006 853 3000 1249 3002 1308 2995" 
                    HPOS="425.0"
                    VPOS="2960.0"
                    WIDTH="879.0"
                    HEIGHT="133.0">
            <Shape><Polygon POINTS="425 3001 517 2974 640 2977 657 2960 677 2977 1011 2963 1226 2977 1257 2960 1304 2994 1294 3048 1280 3055 1243 3038 1168 3055 1001 3038 974 3062 936 3048 902 3076 868 3052 810 3048 769 3079 739 3059 708 3069 691 3052 626 3072 582 3055 534 3093 429 3004"/></Shape>
	    <String CONTENT="ה&#39; ואם פרוח תפרח אין לי אלא בזמן"
                    HPOS="425.0"
                    VPOS="2960.0"
                    WIDTH="879.0"
                    HEIGHT="133.0"></String>
          </TextLine>

          
        </TextBlock>
        

        
      </PrintSpace>
    </Page>
  </Layout>
</alto>
