<?xml version="1.0" encoding="UTF-8"?>
<alto xmlns:xsi="http://www.w3.org/2001/XMLSchema-instance"
      xmlns="http://www.loc.gov/standards/alto/ns-v4#"
      xsi:schemaLocation="http://www.loc.gov/standards/alto/ns-v4# http://www.loc.gov/standards/alto/v4/alto-4-2.xsd">
  <Description>
    <MeasurementUnit>pixel</MeasurementUnit>
    <sourceImageInformation>
      <fileName>MsParm3259_F13946_0278.jpg</fileName>
      
    </sourceImageInformation>
  </Description>
  
  <Tags>
    <OtherTag ID="BT1" LABEL="Title" DESCRIPTION="block type Title"/><OtherTag ID="BT2" LABEL="Main" DESCRIPTION="block type Main"/><OtherTag ID="BT3" LABEL="Commentary" DESCRIPTION="block type Commentary"/><OtherTag ID="BT4" LABEL="Illustration" DESCRIPTION="block type Illustration"/><OtherTag ID="BT740" LABEL="Margin" DESCRIPTION="block type Margin"/><OtherTag ID="BT741" LABEL="Paratext" DESCRIPTION="block type Paratext"/><OtherTag ID="BT742" LABEL="Hole" DESCRIPTION="block type Hole"/>
    <OtherTag ID="LT2" LABEL="Numbering" DESCRIPTION="line type Numbering"/><OtherTag ID="LT3" LABEL="Correction" DESCRIPTION="line type Correction"/>
  </Tags>
  
  <Layout>
    <Page WIDTH="3066"
          HEIGHT="4088"
          PHYSICAL_IMG_NR="270"
          ID="eSc_dummypage_">
      <PrintSpace HPOS="0"
                  VPOS="0"
                  WIDTH="3066"
                  HEIGHT="4088">
        
        <TextBlock HPOS="1630.0"
                   VPOS="697.0"
                   WIDTH="972.0"
                   HEIGHT="2507.0"
                   ID="eSc_textblock_1dfea0a7"
                   TAGREFS="BT2">
          <Shape><Polygon POINTS="2602 717 1660 697 1630 769 1666 3159 2602 3204"/></Shape>
          
          
          <TextLine ID="eSc_line_a5237a91"
                    
                    BASELINE="1642 778 1723 785 1803 785 1828 781 1880 778 2019 778 2068 774 2368 776 2600 769" 
                    HPOS="1638.0"
                    VPOS="654.0"
                    WIDTH="961.0"
                    HEIGHT="167.0">
            <Shape><Polygon POINTS="1638 776 1642 732 1655 742 1672 729 1703 749 1805 732 1843 749 1934 752 2006 684 2081 671 2135 674 2190 725 2272 654 2316 691 2330 677 2381 729 2398 722 2459 746 2510 701 2599 766 2555 807 2394 814 2309 814 2296 800 2037 814 2016 800 1986 817 1934 807 1921 821 1679 821 1645 790"/></Shape>
	    <String CONTENT="שנ&#39; וימותו לפ&#39; ייי אם כן למה נאמ&#39; ויקרבו וישא&#39; בכתנו&#39;"
                    HPOS="1638.0"
                    VPOS="654.0"
                    WIDTH="961.0"
                    HEIGHT="167.0"></String>
          </TextLine>

          
          
          <TextLine ID="eSc_line_475b2ee0"
                    
                    BASELINE="1628 847 1885 847 1984 851 2019 844 2062 842 2309 842 2332 838 2579 840" 
                    HPOS="1624.0"
                    VPOS="797.0"
                    WIDTH="954.0"
                    HEIGHT="92.0">
            <Shape><Polygon POINTS="1624 844 1662 817 1921 824 1938 807 1989 817 2023 800 2084 821 2146 807 2272 810 2285 797 2309 810 2565 807 2578 838 2565 872 2534 858 2425 889 2388 865 2105 882 2037 865 2013 878 1733 889 1628 872"/></Shape>
	    <String CONTENT="מלמד שהטיל בהם חכות שלברזל גררם והוציאם"
                    HPOS="1624.0"
                    VPOS="797.0"
                    WIDTH="954.0"
                    HEIGHT="92.0"></String>
          </TextLine>

          
          
          <TextLine ID="eSc_line_30dd6621"
                    
                    BASELINE="1637 906 1696 912 2028 912 2177 906 2343 908 2366 901 2584 901" 
                    HPOS="1635.0"
                    VPOS="858.0"
                    WIDTH="947.0"
                    HEIGHT="89.0">
            <Shape><Polygon POINTS="1635 902 1638 885 2016 875 2037 861 2084 878 2302 872 2319 889 2367 865 2428 892 2534 858 2582 899 2561 926 2493 923 2473 943 2425 909 2394 940 2333 940 2316 926 2244 940 1897 930 1866 943 1706 947 1686 926 1638 919"/></Shape>
	    <String CONTENT="לחוץ ˙ כ&#39;א&#39; ויאמר משה אל אהרן הוא אשר דבר"
                    HPOS="1635.0"
                    VPOS="858.0"
                    WIDTH="947.0"
                    HEIGHT="89.0"></String>
          </TextLine>

          
          
          <TextLine ID="eSc_line_750903f4"
                    
                    BASELINE="1639 969 1751 976 2400 976 2514 965 2573 965" 
                    HPOS="1638.0"
                    VPOS="923.0"
                    WIDTH="934.0"
                    HEIGHT="92.0">
            <Shape><Polygon POINTS="1638 967 1676 926 1706 947 1808 947 1897 930 2391 943 2432 923 2469 943 2493 923 2510 936 2544 923 2572 964 2561 998 2459 1008 2244 1008 2207 991 2176 1004 1751 998 1659 1015 1642 998"/></Shape>
	    <String CONTENT="ייי לאמ&#39; בקרבי אקד&#39; ˙ זה הדבר נאמ&#39; לו למשה בסיני לא"
                    HPOS="1638.0"
                    VPOS="923.0"
                    WIDTH="934.0"
                    HEIGHT="92.0"></String>
          </TextLine>

          
          
          <TextLine ID="eSc_line_c8bd2429"
                    
                    BASELINE="1635 1033 1671 1040 2025 1040 2048 1035 2432 1033 2482 1028 2593 1028" 
                    HPOS="1631.0"
                    VPOS="994.0"
                    WIDTH="961.0"
                    HEIGHT="82.0">
            <Shape><Polygon POINTS="1631 1032 1686 1001 1720 1011 1754 998 1894 1008 2132 994 2251 1011 2527 998 2592 1025 2548 1062 2411 1066 2394 1052 2217 1073 2061 1059 2016 1076 1989 1059 1877 1069 1863 1056 1672 1076 1635 1039"/></Shape>
	    <String CONTENT="ידעו עד שבא מעשה לידו שנ&#39; ונועדתי שמ&#39; לבנ&#39; יש&#39;"
                    HPOS="1631.0"
                    VPOS="994.0"
                    WIDTH="961.0"
                    HEIGHT="82.0"></String>
          </TextLine>

          
          
          <TextLine ID="eSc_line_ec174e55"
                    
                    BASELINE="1651 1096 1741 1103 1905 1103 1955 1099 2250 1099 2402 1096 2427 1092 2586 1092" 
                    HPOS="1648.0"
                    VPOS="1056.0"
                    WIDTH="937.0"
                    HEIGHT="78.0">
            <Shape><Polygon POINTS="1648 1093 1689 1073 1860 1056 1924 1073 1986 1059 2009 1076 2054 1062 2234 1073 2517 1059 2555 1062 2585 1090 2561 1124 2520 1131 2333 1117 2258 1134 2234 1110 2210 1131 2020 1131 1975 1110 1924 1131 1883 1120 1699 1134 1662 1096"/></Shape>
	    <String CONTENT="ונקד&#39; בכבודי ˙ כיון שבא מעשה לידו אמ&#39; לו משה"
                    HPOS="1648.0"
                    VPOS="1056.0"
                    WIDTH="937.0"
                    HEIGHT="78.0"></String>
          </TextLine>

          
          
          <TextLine ID="eSc_line_fc11ebc4"
                    
                    BASELINE="1635 1162 1669 1169 1716 1165 1989 1167 2071 1160 2182 1160 2205 1153 2311 1158 2570 1153" 
                    HPOS="1631.0"
                    VPOS="1113.0"
                    WIDTH="937.0"
                    HEIGHT="89.0">
            <Shape><Polygon POINTS="1631 1161 1672 1131 1931 1131 1969 1113 2016 1131 2214 1131 2231 1113 2255 1134 2480 1124 2510 1137 2544 1124 2568 1151 2558 1188 2500 1178 2364 1195 2265 1178 2071 1199 2037 1188 1754 1202 1679 1199 1645 1165"/></Shape>
	    <String CONTENT="לאהר&#39; אהרן אחי לא מתו בניך אלא על קדושת שמו"
                    HPOS="1631.0"
                    VPOS="1113.0"
                    WIDTH="937.0"
                    HEIGHT="89.0"></String>
          </TextLine>

          
          
          <TextLine ID="eSc_line_bab6d9b1"
                    
                    BASELINE="1651 1233 1707 1228 1994 1230 2128 1224 2150 1219 2448 1221 2573 1210" 
                    HPOS="1648.0"
                    VPOS="1178.0"
                    WIDTH="924.0"
                    HEIGHT="92.0">
            <Shape><Polygon POINTS="1648 1229 1676 1199 2234 1185 2401 1195 2497 1178 2561 1188 2572 1209 2561 1246 2466 1260 2354 1240 2336 1257 2190 1243 2112 1260 1900 1253 1778 1270 1761 1253 1682 1263 1652 1236"/></Shape>
	    <String CONTENT="שלמקום כיון שידע אהרן שבניו יודעי המקום הם"
                    HPOS="1648.0"
                    VPOS="1178.0"
                    WIDTH="924.0"
                    HEIGHT="92.0"></String>
          </TextLine>

          
          
          <TextLine ID="eSc_line_5cc4688d"
                    
                    BASELINE="1651 1296 1732 1292 2037 1294 2066 1289 2162 1285 2393 1285 2507 1274 2589 1274" 
                    HPOS="1648.0"
                    VPOS="1240.0"
                    WIDTH="937.0"
                    HEIGHT="92.0">
            <Shape><Polygon POINTS="1648 1294 1672 1263 1754 1253 1791 1274 1958 1253 2112 1263 2193 1243 2330 1260 2354 1240 2452 1260 2561 1243 2585 1270 2575 1308 2486 1318 2360 1301 2336 1321 2258 1304 2193 1325 2112 1318 2074 1332 1999 1314 1921 1332 1904 1314 1877 1328 1693 1332 1652 1308"/></Shape>
	    <String CONTENT="שתק וקיבל שכר על [ה]שתיקתו מיכן אמרו כל [המק&#39;]"
                    HPOS="1648.0"
                    VPOS="1240.0"
                    WIDTH="937.0"
                    HEIGHT="92.0"></String>
          </TextLine>

          
          
          <TextLine ID="eSc_line_9cfc6c59"
                    
                    BASELINE="1651 1360 1705 1355 2012 1358 2214 1346 2582 1346" 
                    HPOS="1648.0"
                    VPOS="1297.0"
                    WIDTH="930.0"
                    HEIGHT="99.0">
            <Shape><Polygon POINTS="1648 1359 1676 1325 1825 1328 1904 1311 1921 1328 1996 1318 2078 1332 2343 1318 2364 1297 2476 1318 2561 1308 2578 1345 2565 1372 2497 1389 2442 1362 2405 1386 2296 1372 2244 1389 2227 1372 2166 1386 2139 1372 2115 1393 2084 1379 2037 1389 2009 1372 1982 1386 1955 1372 1924 1389 1839 1379 1693 1396 1652 1379"/></Shape>
	    <String CONTENT="המקבל עליו שתיקה סימן יפה לו ˙ על ידי דוד אומ&#39;"
                    HPOS="1648.0"
                    VPOS="1297.0"
                    WIDTH="930.0"
                    HEIGHT="99.0"></String>
          </TextLine>

          
          
          <TextLine ID="eSc_line_90a61f10"
                    
                    BASELINE="1651 1414 1687 1421 2012 1421 2034 1417 2289 1414 2316 1410 2589 1412" 
                    HPOS="1648.0"
                    VPOS="1366.0"
                    WIDTH="937.0"
                    HEIGHT="95.0">
            <Shape><Polygon POINTS="1648 1413 1757 1389 1928 1393 1999 1372 2030 1389 2115 1389 2139 1369 2163 1383 2210 1383 2224 1369 2248 1386 2296 1369 2408 1386 2435 1366 2493 1389 2568 1376 2585 1410 2572 1441 2544 1430 2517 1447 2442 1437 2354 1451 2316 1434 2159 1454 2084 1434 2026 1454 1761 1461 1693 1461 1652 1420"/></Shape>
	    <String CONTENT="דום לייי והתחולל לו ˙ על ידי שלמה בנו אומ&#39; עת"
                    HPOS="1648.0"
                    VPOS="1366.0"
                    WIDTH="937.0"
                    HEIGHT="95.0"></String>
          </TextLine>

          
          
          <TextLine ID="eSc_line_06ae6e68"
                    
                    BASELINE="1651 1487 1691 1483 2389 1485 2473 1478 2589 1473" 
                    HPOS="1648.0"
                    VPOS="1434.0"
                    WIDTH="937.0"
                    HEIGHT="99.0">
            <Shape><Polygon POINTS="1648 1485 1679 1454 2026 1454 2088 1434 2153 1454 2302 1447 2319 1434 2350 1451 2527 1451 2548 1434 2585 1471 2575 1515 2238 1502 2190 1522 2115 1502 2061 1519 2033 1502 2003 1519 1757 1509 1686 1533 1652 1498"/></Shape>
	    <String CONTENT="לחשות ועת לדבר ˙ עתים לכל ˙ עתים שאדם שותק"
                    HPOS="1648.0"
                    VPOS="1434.0"
                    WIDTH="937.0"
                    HEIGHT="99.0"></String>
          </TextLine>

          
          
          <TextLine ID="eSc_line_162054b6"
                    
                    BASELINE="1662 1548 2591 1544" 
                    HPOS="1659.0"
                    VPOS="1505.0"
                    WIDTH="930.0"
                    HEIGHT="75.0">
            <Shape><Polygon POINTS="1659 1546 1761 1509 2020 1515 2054 1539 2105 1505 2156 1543 2238 1512 2558 1515 2578 1519 2589 1543 2572 1573 2537 1580 2503 1567 2463 1577 2445 1560 2425 1577 2231 1580 2166 1546 2129 1580 2081 1577 2050 1546 1982 1580 1778 1580 1689 1577 1662 1550"/></Shape>
	    <String CONTENT="עתים שאדם מדבר ˙ כ&#39;ב&#39; ויקרא משה אל מיש&#39;"
                    HPOS="1659.0"
                    VPOS="1505.0"
                    WIDTH="930.0"
                    HEIGHT="75.0"></String>
          </TextLine>

          
          
          <TextLine ID="eSc_line_bb2dc30b"
                    
                    BASELINE="1646 1596 1710 1603 1732 1601 1755 1605 2246 1605 2298 1601 2607 1603" 
                    HPOS="1645.0"
                    VPOS="1560.0"
                    WIDTH="961.0"
                    HEIGHT="88.0">
            <Shape><Polygon POINTS="1645 1594 1723 1577 1986 1584 2040 1563 2084 1580 2207 1563 2231 1577 2428 1577 2452 1560 2466 1573 2578 1573 2606 1601 2568 1631 2251 1638 2125 1624 2098 1642 2057 1628 1890 1645 1802 1635 1785 1648 1682 1642 1648 1607"/></Shape>
	    <String CONTENT="ואל אל(י)צפן בני עוזי&#39; דד אהר&#39; ˙ ממשמע שנ&#39; ובני קהת"
                    HPOS="1645.0"
                    VPOS="1560.0"
                    WIDTH="961.0"
                    HEIGHT="88.0"></String>
          </TextLine>

          
          
          <TextLine ID="eSc_line_a26d5e37"
                    
                    BASELINE="1644 1669 1705 1676 1825 1676 1848 1671 1944 1669 1971 1664 2227 1666 2250 1662 2600 1653" 
                    HPOS="1642.0"
                    VPOS="1624.0"
                    WIDTH="957.0"
                    HEIGHT="82.0">
            <Shape><Polygon POINTS="1642 1665 1665 1635 1781 1648 1805 1631 1894 1645 2101 1638 2125 1624 2377 1642 2514 1628 2568 1631 2599 1652 2555 1689 2463 1693 2435 1676 2405 1696 2347 1679 2323 1693 2255 1682 1863 1706 1802 1682 1768 1703 1676 1703 1645 1686"/></Shape>
	    <String CONTENT="עמרם ויצהר חבר&#39; יעוזיﭏ איני יודע שעוזיﭏ דד אהר&#39;"
                    HPOS="1642.0"
                    VPOS="1624.0"
                    WIDTH="957.0"
                    HEIGHT="82.0"></String>
          </TextLine>

          
          
          <TextLine ID="eSc_line_77de172c"
                    
                    BASELINE="1660 1726 2055 1730 2273 1719 2552 1721 2579 1719 2627 1703" 
                    HPOS="1659.0"
                    VPOS="1676.0"
                    WIDTH="967.0"
                    HEIGHT="88.0">
            <Shape><Polygon POINTS="1659 1723 1672 1706 1771 1703 1802 1682 1880 1703 2343 1682 2405 1696 2442 1676 2463 1693 2575 1686 2626 1699 2612 1740 2572 1751 2551 1737 2490 1757 2449 1744 2081 1761 2020 1744 1972 1761 1894 1747 1873 1761 1768 1751 1730 1764 1686 1761 1662 1737"/></Shape>
	    <String CONTENT="אם כן למה נאמ&#39; דד אהרן מקיש מעשה עוז&#39; למעשה"
                    HPOS="1659.0"
                    VPOS="1676.0"
                    WIDTH="967.0"
                    HEIGHT="88.0"></String>
          </TextLine>

          
          
          <TextLine ID="eSc_line_a1702806"
                    
                    BASELINE="1660 1787 1723 1794 1910 1794 1939 1789 2168 1782 2325 1785 2371 1780 2495 1778 2525 1773 2575 1773 2604 1778" 
                    HPOS="1659.0"
                    VPOS="1737.0"
                    WIDTH="943.0"
                    HEIGHT="92.0">
            <Shape><Polygon POINTS="1659 1785 1682 1761 1754 1764 1768 1751 1853 1768 1894 1751 1975 1761 2020 1744 2040 1761 2163 1764 2173 1751 2244 1747 2463 1744 2483 1757 2548 1737 2602 1774 2565 1805 2197 1805 2173 1825 2112 1825 2095 1812 2044 1822 2016 1808 1788 1829 1706 1825 1662 1805"/></Shape>
	    <String CONTENT="למעשה אהר&#39; מה אהרן רדף שלום ביש&#39; אף עוז&#39; רדף"
                    HPOS="1659.0"
                    VPOS="1737.0"
                    WIDTH="943.0"
                    HEIGHT="92.0"></String>
          </TextLine>

          
          
          <TextLine ID="eSc_line_0f7458a5"
                    
                    BASELINE="1646 1850 1959 1850 2005 1846 2239 1848 2262 1844 2400 1837 2530 1837 2591 1841" 
                    HPOS="1645.0"
                    VPOS="1795.0"
                    WIDTH="944.0"
                    HEIGHT="88.0">
            <Shape><Polygon POINTS="1645 1849 1686 1812 1706 1825 2016 1808 2183 1822 2197 1808 2371 1815 2398 1802 2490 1812 2510 1795 2572 1802 2589 1839 2548 1866 2180 1866 2129 1883 1887 1870 1856 1883 1713 1883 1665 1849"/></Shape>
	    <String CONTENT="שלום ביש&#39; ˙ ומנ&#39; שאהר&#39; רדף שלום ביש&#39; שנ&#39; ויראו כל"
                    HPOS="1645.0"
                    VPOS="1795.0"
                    WIDTH="944.0"
                    HEIGHT="88.0"></String>
          </TextLine>

          
          
          <TextLine ID="eSc_line_56f33c59"
                    
                    BASELINE="1655 1905 1687 1912 1741 1910 1796 1914 1878 1914 1905 1910 2112 1910 2184 1910 2212 1914 2241 1905 2321 1905 2393 1900 2518 1903 2607 1896" 
                    HPOS="1652.0"
                    VPOS="1860.0"
                    WIDTH="954.0"
                    HEIGHT="88.0">
            <Shape><Polygon POINTS="1652 1904 1682 1866 1720 1887 1856 1883 1883 1870 1938 1887 2129 1887 2224 1870 2503 1873 2531 1860 2606 1894 2568 1934 2425 1924 2054 1948 1975 1948 1952 1934 1921 1948 1703 1948 1662 1907"/></Shape>
	    <String CONTENT="כל העד&#39; כי גוע אהר&#39; ויבכו את אהר&#39; שלשים יום כל"
                    HPOS="1652.0"
                    VPOS="1860.0"
                    WIDTH="954.0"
                    HEIGHT="88.0"></String>
          </TextLine>

          
          
          <TextLine ID="eSc_line_cca1ebd7"
                    
                    BASELINE="1642 1978 1955 1978 1978 1971 2000 1975 2125 1973 2218 1975 2248 1971 2348 1969 2396 1964 2591 1966" 
                    HPOS="1638.0"
                    VPOS="1928.0"
                    WIDTH="951.0"
                    HEIGHT="98.0">
            <Shape><Polygon POINTS="1638 1975 1689 1948 1924 1945 1945 1931 1979 1948 2044 1948 2531 1928 2578 1931 2589 1965 2575 1992 2493 1999 2302 1989 2272 2003 2108 1996 2009 2013 1757 2006 1733 2026 1699 2026 1648 1975"/></Shape>
	    <String CONTENT="בית יש&#39; ˙ ובמשה הוא אומ&#39; ויבכו בני יש את משה ˙ וכן"
                    HPOS="1638.0"
                    VPOS="1928.0"
                    WIDTH="951.0"
                    HEIGHT="98.0"></String>
          </TextLine>

          
          
          <TextLine ID="eSc_line_5719a02a"
                    
                    BASELINE="1644 2048 1732 2046 1814 2053 1898 2050 1923 2044 1953 2048 2082 2048 2196 2037 2275 2039 2298 2034 2427 2032 2452 2028 2552 2030 2609 2023" 
                    HPOS="1642.0"
                    VPOS="1989.0"
                    WIDTH="964.0"
                    HEIGHT="95.0">
            <Shape><Polygon POINTS="1642 2047 1645 2020 1662 2013 1737 2030 1757 2013 2044 2016 2108 1996 2129 2009 2258 2009 2302 1992 2418 2003 2514 1989 2575 1996 2606 2020 2578 2061 2500 2064 2483 2050 2456 2067 2401 2057 2316 2071 2289 2057 2170 2081 2095 2064 2047 2081 1706 2084 1648 2057"/></Shape>
	    <String CONTENT="הכת&#39; מפורש על אהרן בקבלה בריתי היתה אתו החיים ˙"
                    HPOS="1642.0"
                    VPOS="1989.0"
                    WIDTH="964.0"
                    HEIGHT="95.0"></String>
          </TextLine>

          
          
          <TextLine ID="eSc_line_7febe332"
                    
                    BASELINE="1632 2103 1687 2109 1953 2112 2189 2100 2321 2103 2416 2096 2477 2096 2502 2091 2593 2091" 
                    HPOS="1631.0"
                    VPOS="2054.0"
                    WIDTH="961.0"
                    HEIGHT="95.0">
            <Shape><Polygon POINTS="1631 2101 1669 2081 1761 2074 1802 2088 1839 2074 1887 2084 1900 2071 2057 2081 2095 2064 2224 2078 2289 2057 2330 2071 2459 2067 2480 2054 2497 2067 2582 2061 2592 2088 2572 2125 2033 2132 1986 2146 1897 2129 1860 2149 1696 2146 1635 2105"/></Shape>
	    <String CONTENT="והשלום ואתנם לו מורא מלמד שקיבל עליו כל דברי"
                    HPOS="1631.0"
                    VPOS="2054.0"
                    WIDTH="961.0"
                    HEIGHT="95.0"></String>
          </TextLine>

          
          
          <TextLine ID="eSc_line_bb10c371"
                    
                    BASELINE="1660 2166 1716 2175 1848 2175 1962 2168 2046 2168 2068 2164 2216 2166 2289 2159 2441 2155 2607 2157" 
                    HPOS="1659.0"
                    VPOS="2125.0"
                    WIDTH="947.0"
                    HEIGHT="85.0">
            <Shape><Polygon POINTS="1659 2163 1737 2139 1863 2146 1897 2129 1979 2149 2020 2135 2296 2125 2541 2125 2606 2156 2551 2190 2057 2197 2016 2210 1907 2197 1703 2207 1662 2166"/></Shape>
	    <String CONTENT="תורה באימה ביראה ברתת ובזיע ˙ מה ת&#39;ל&#39; מפני שמי"
                    HPOS="1659.0"
                    VPOS="2125.0"
                    WIDTH="947.0"
                    HEIGHT="85.0"></String>
          </TextLine>

          
          
          <TextLine ID="eSc_line_4fe910a5"
                    
                    BASELINE="1662 2232 1696 2227 1719 2232 1996 2232 2023 2227 2180 2230 2330 2223 2352 2218 2466 2221 2514 2214 2611 2214" 
                    HPOS="1659.0"
                    VPOS="2180.0"
                    WIDTH="950.0"
                    HEIGHT="95.0">
            <Shape><Polygon POINTS="1659 2231 1730 2204 2020 2210 2064 2197 2572 2180 2599 2187 2609 2210 2572 2244 2524 2234 2510 2248 2234 2258 2142 2258 2118 2244 2071 2268 1941 2258 1880 2275 1819 2268 1798 2251 1778 2268 1710 2268 1672 2231"/></Shape>
	    <String CONTENT="נחת הוא ˙ אמרו בשעה שהציק משה שמן המשחה"
                    HPOS="1659.0"
                    VPOS="2180.0"
                    WIDTH="950.0"
                    HEIGHT="95.0"></String>
          </TextLine>

          
          
          <TextLine ID="eSc_line_de2d0c83"
                    
                    BASELINE="1646 2296 1732 2302 1855 2302 1882 2298 1978 2296 2000 2291 2134 2293 2182 2287 2282 2282 2364 2284 2386 2280 2498 2273 2600 2275" 
                    HPOS="1645.0"
                    VPOS="2234.0"
                    WIDTH="954.0"
                    HEIGHT="99.0">
            <Shape><Polygon POINTS="1645 2292 1693 2268 1788 2258 1877 2275 1890 2262 2067 2265 2084 2248 2101 2262 2118 2248 2135 2262 2503 2251 2520 2234 2589 2244 2599 2272 2555 2306 2493 2296 2466 2309 2309 2306 2224 2323 1774 2319 1686 2333 1652 2299"/></Shape>
	    <String CONTENT="על ראש אהרן נרתע ונפל לאחוריו ואמ&#39; אוי לי שמא"
                    HPOS="1645.0"
                    VPOS="2234.0"
                    WIDTH="954.0"
                    HEIGHT="99.0"></String>
          </TextLine>

          
          
          <TextLine ID="eSc_line_26d6c83e"
                    
                    BASELINE="1657 2350 1689 2357 1975 2357 2003 2352 2175 2346 2275 2350 2302 2343 2373 2336 2527 2339 2591 2327" 
                    HPOS="1655.0"
                    VPOS="2292.0"
                    WIDTH="934.0"
                    HEIGHT="96.0">
            <Shape><Polygon POINTS="1655 2347 1778 2319 2336 2319 2490 2292 2531 2309 2572 2302 2589 2326 2572 2367 2156 2371 1996 2388 1703 2388 1665 2350"/></Shape>
	    <String CONTENT="מעלתי בשמן המשחה משיבה אתו רוח הקודש הנה"
                    HPOS="1655.0"
                    VPOS="2292.0"
                    WIDTH="934.0"
                    HEIGHT="96.0"></String>
          </TextLine>

          
          
          <TextLine ID="eSc_line_c9d330cd"
                    
                    BASELINE="1669 2405 1701 2411 1723 2409 1773 2414 1866 2414 1889 2409 2118 2411 2146 2407 2259 2405 2287 2400 2434 2402 2566 2398 2598 2402" 
                    HPOS="1665.0"
                    VPOS="2367.0"
                    WIDTH="930.0"
                    HEIGHT="82.0">
            <Shape><Polygon POINTS="1665 2401 1802 2381 2357 2381 2445 2367 2582 2367 2595 2401 2578 2425 2037 2442 2003 2428 1945 2442 1917 2428 1883 2442 1832 2435 1819 2449 1710 2445 1669 2415"/></Shape>
	    <String CONTENT="מה טוב ומה נעים שבת אחים גם יחד ˙ כשמן הטוב"
                    HPOS="1665.0"
                    VPOS="2367.0"
                    WIDTH="930.0"
                    HEIGHT="82.0"></String>
          </TextLine>

          
          
          <TextLine ID="eSc_line_e47658b7"
                    
                    BASELINE="1651 2468 1687 2475 1871 2473 1948 2477 1978 2468 2184 2464 2271 2459 2296 2455 2455 2457 2477 2452 2600 2441" 
                    HPOS="1648.0"
                    VPOS="2422.0"
                    WIDTH="951.0"
                    HEIGHT="85.0">
            <Shape><Polygon POINTS="1648 2466 1682 2442 1819 2452 1832 2435 1907 2432 1945 2445 1999 2432 2016 2445 2217 2425 2299 2435 2534 2422 2599 2439 2589 2473 2551 2483 2210 2483 2173 2500 1992 2490 1744 2507 1689 2500 1659 2469"/></Shape>
	    <String CONTENT="על הראש שיורד על הזקן זקן אהר&#39; שיור&#39; על פי מידות&#39; ˙"
                    HPOS="1648.0"
                    VPOS="2422.0"
                    WIDTH="951.0"
                    HEIGHT="85.0"></String>
          </TextLine>

          
          
          <TextLine ID="eSc_line_4f0666e1"
                    
                    BASELINE="1644 2525 1678 2532 1701 2527 2082 2530 2237 2518 2289 2520 2505 2509 2609 2509" 
                    HPOS="1642.0"
                    VPOS="2473.0"
                    WIDTH="964.0"
                    HEIGHT="88.0">
            <Shape><Polygon POINTS="1642 2524 1686 2500 2173 2500 2200 2486 2469 2486 2490 2473 2575 2480 2606 2507 2568 2544 2377 2548 2323 2531 2227 2555 2170 2541 2061 2558 1965 2548 1945 2561 1713 2558 1652 2527"/></Shape>
	    <String CONTENT="כטל חרמון שיורד על הררי ציון כי שם צוה ייי את הבר&#39;"
                    HPOS="1642.0"
                    VPOS="2473.0"
                    WIDTH="964.0"
                    HEIGHT="88.0"></String>
          </TextLine>

          
          
          <TextLine ID="eSc_line_e1ced564"
                    
                    BASELINE="1644 2584 2180 2584 2202 2579 2350 2577 2400 2573 2584 2575 2614 2568" 
                    HPOS="1642.0"
                    VPOS="2534.0"
                    WIDTH="970.0"
                    HEIGHT="89.0">
            <Shape><Polygon POINTS="1642 2582 1696 2548 2084 2558 2173 2537 2193 2551 2306 2551 2323 2534 2384 2555 2565 2548 2589 2534 2612 2565 2602 2592 2575 2602 2411 2606 2377 2619 2306 2619 2292 2606 2268 2616 2224 2595 2129 2616 1808 2623 1720 2606 1696 2616 1662 2582"/></Shape>
	    <String CONTENT="חיים עד העולם ˙ מה טל אין בו מעילה אף שמן המשח&#39;"
                    HPOS="1642.0"
                    VPOS="2534.0"
                    WIDTH="970.0"
                    HEIGHT="89.0"></String>
          </TextLine>

          
          
          <TextLine ID="eSc_line_2ba96553"
                    
                    BASELINE="1671 2641 1737 2648 2057 2645 2112 2650 2162 2641 2241 2641 2268 2636 2593 2636" 
                    HPOS="1669.0"
                    VPOS="2599.0"
                    WIDTH="923.0"
                    HEIGHT="88.0">
            <Shape><Polygon POINTS="1669 2640 1682 2616 1716 2606 1822 2623 2200 2619 2217 2602 2255 2602 2302 2629 2336 2612 2371 2623 2572 2599 2592 2633 2578 2667 2541 2674 2463 2657 2418 2677 2340 2677 2299 2640 2244 2681 2142 2667 2108 2681 1843 2684 1829 2670 1788 2681 1768 2667 1696 2687 1672 2664"/></Shape>
	    <String CONTENT="אין בו מעילה ˙ כ&#39;ג&#39; תורת אמת היתה בפיהו ˙ שלא"
                    HPOS="1669.0"
                    VPOS="2599.0"
                    WIDTH="923.0"
                    HEIGHT="88.0"></String>
          </TextLine>

          
          
          <TextLine ID="eSc_line_4b9fc063"
                    
                    BASELINE="1678 2709 2103 2709 2212 2713 2239 2707 2421 2704 2443 2700 2598 2702" 
                    HPOS="1676.0"
                    VPOS="2657.0"
                    WIDTH="919.0"
                    HEIGHT="92.0">
            <Shape><Polygon POINTS="1676 2708 1768 2667 1791 2684 1822 2670 1839 2684 1924 2684 2146 2664 2200 2677 2422 2674 2463 2657 2486 2674 2575 2667 2595 2701 2582 2728 2517 2718 2497 2735 2340 2735 2299 2721 2187 2738 1945 2732 1931 2745 1870 2749 1720 2749 1679 2708"/></Shape>
	    <String CONTENT="אמ&#39; על הטמא טהור ועל הטהור טמא ˙ ועולה לא"
                    HPOS="1676.0"
                    VPOS="2657.0"
                    WIDTH="919.0"
                    HEIGHT="92.0"></String>
          </TextLine>

          
          
          <TextLine ID="eSc_line_dd8a1b06"
                    
                    BASELINE="1687 2777 1723 2773 2048 2775 2109 2768 2168 2768 2223 2763 2491 2766 2532 2759 2593 2759" 
                    HPOS="1686.0"
                    VPOS="2721.0"
                    WIDTH="906.0"
                    HEIGHT="96.0">
            <Shape><Polygon POINTS="1686 2776 1710 2749 1934 2745 1948 2732 2497 2735 2520 2721 2578 2728 2592 2755 2582 2786 2531 2783 2517 2796 2377 2796 2360 2779 2238 2796 1761 2800 1716 2817 1689 2800"/></Shape>
	    <String CONTENT="נמצ&#39; בשפת&#39; ˙ שלא אסר את המותר ולא התיר את"
                    HPOS="1686.0"
                    VPOS="2721.0"
                    WIDTH="906.0"
                    HEIGHT="96.0"></String>
          </TextLine>

          
          
          <TextLine ID="eSc_line_73258ec9"
                    
                    BASELINE="1680 2832 1739 2829 1819 2834 1900 2834 2044 2832 2096 2827 2495 2829 2609 2822" 
                    HPOS="1679.0"
                    VPOS="2783.0"
                    WIDTH="927.0"
                    HEIGHT="82.0">
            <Shape><Polygon POINTS="1679 2830 1757 2803 2282 2796 2350 2783 2405 2800 2572 2790 2606 2820 2582 2861 2517 2865 2452 2847 2428 2865 2231 2851 2098 2865 2078 2844 2013 2865 1785 2865 1720 2851 1699 2830"/></Shape>
	    <String CONTENT="האסור ˙ בשלום ובמישור הלך אתי ˙ שלא הירהר"
                    HPOS="1679.0"
                    VPOS="2783.0"
                    WIDTH="927.0"
                    HEIGHT="82.0"></String>
          </TextLine>

          
          
          <TextLine ID="eSc_line_a3dd5ccb"
                    
                    BASELINE="1637 2884 1696 2893 2598 2893" 
                    HPOS="1635.0"
                    VPOS="2834.0"
                    WIDTH="960.0"
                    HEIGHT="95.0">
            <Shape><Polygon POINTS="1635 2882 1638 2858 1669 2834 1785 2865 2016 2865 2074 2844 2098 2865 2558 2861 2582 2865 2595 2892 2585 2926 2163 2929 1911 2912 1682 2926 1638 2905"/></Shape>
	    <String CONTENT="אחר דרכי המקום כדרך שלא הירהר אברהם אבינו ˙"
                    HPOS="1635.0"
                    VPOS="2834.0"
                    WIDTH="960.0"
                    HEIGHT="95.0"></String>
          </TextLine>

          
          
          <TextLine ID="eSc_line_50a2b5f7"
                    
                    BASELINE="1660 2950 1696 2947 1896 2956 2602 2956" 
                    HPOS="1659.0"
                    VPOS="2916.0"
                    WIDTH="940.0"
                    HEIGHT="81.0">
            <Shape><Polygon POINTS="1659 2946 1713 2926 1911 2916 2170 2933 2531 2922 2578 2926 2599 2953 2589 2977 2541 2987 2381 2980 2262 2994 2234 2977 2153 2997 2118 2977 2054 2997 2003 2980 1720 2987 1662 2946"/></Shape>
	    <String CONTENT="ורבים השיב מעון ˙ שהשיב פושעים ללמוד תורה ˙"
                    HPOS="1659.0"
                    VPOS="2916.0"
                    WIDTH="940.0"
                    HEIGHT="81.0"></String>
          </TextLine>

          
          
          <TextLine ID="eSc_line_5e468433"
                    
                    BASELINE="1698 3013 1900 3013 2118 3020 2539 3020 2579 3013 2609 3016" 
                    HPOS="1696.0"
                    VPOS="2970.0"
                    WIDTH="910.0"
                    HEIGHT="85.0">
            <Shape><Polygon POINTS="1696 3011 1703 2970 1716 2984 1860 2974 1873 2987 2037 2987 2057 3008 2125 2980 2156 3011 2183 2991 2238 2984 2272 2994 2572 2980 2595 2984 2606 3014 2578 3042 2493 3031 2480 3045 2445 3035 2231 3055 2159 3021 2132 3048 2091 3045 2064 3025 2040 3045 1999 3048 1819 3031 1699 3042"/></Shape>
	    <String CONTENT="ואומ&#39; מישרים אהבוך ˙ כ&#39;ד&#39; ויאמר משה אל אהר&#39;"
                    HPOS="1696.0"
                    VPOS="2970.0"
                    WIDTH="910.0"
                    HEIGHT="85.0"></String>
          </TextLine>

          
          
          <TextLine ID="eSc_line_4fa631a6"
                    
                    BASELINE="1687 3066 1753 3075 2575 3075 2607 3068" 
                    HPOS="1686.0"
                    VPOS="3028.0"
                    WIDTH="920.0"
                    HEIGHT="78.0">
            <Shape><Polygon POINTS="1686 3066 1689 3042 1706 3055 1815 3031 1863 3045 2132 3045 2163 3028 2221 3052 2445 3035 2480 3045 2493 3031 2517 3045 2544 3031 2606 3066 2595 3093 2466 3106 2384 3093 2241 3106 2122 3093 2047 3106 1986 3089 1877 3103 1829 3086 1798 3103 1737 3103 1693 3069"/></Shape>
	    <String CONTENT="ולאלעז&#39; ולאיתמר בניו ˙ ר&#39; אומ&#39; בגדולה מתחילין מן"
                    HPOS="1686.0"
                    VPOS="3028.0"
                    WIDTH="920.0"
                    HEIGHT="78.0"></String>
          </TextLine>

          
          
          <TextLine ID="eSc_line_a9acc026"
                    
                    BASELINE="1651 3122 1732 3129 1910 3127 1932 3131 2166 3131 2257 3138 2282 3138 2325 3131 2432 3131 2461 3127 2509 3129 2600 3122" 
                    HPOS="1648.0"
                    VPOS="3086.0"
                    WIDTH="951.0"
                    HEIGHT="119.0">
            <Shape><Polygon POINTS="1648 3120 1655 3096 1798 3103 1825 3086 1873 3103 1928 3089 1958 3103 1982 3089 2044 3106 2122 3093 2463 3110 2480 3096 2565 3096 2599 3120 2592 3151 2565 3154 2537 3181 2473 3157 2439 3192 2418 3181 2377 3205 2336 3164 2309 3164 2262 3202 2224 3178 2193 3188 2170 3168 2132 3164 2074 3205 2006 3154 1917 3171 1883 3157 1839 3178 1706 3171 1679 3151 1655 3161"/></Shape>
	    <String CONTENT="הגדול ובקלקלה מן הקטן שנ&#39; ויאמר ייי ﭏים אל הנחש ˙"
                    HPOS="1648.0"
                    VPOS="3086.0"
                    WIDTH="951.0"
                    HEIGHT="119.0"></String>
          </TextLine>

          
        </TextBlock>
        
        <TextBlock HPOS="570.0"
                   VPOS="724.0"
                   WIDTH="969.0"
                   HEIGHT="1953.0"
                   ID="eSc_textblock_9eb59d7c"
                   TAGREFS="BT2">
          <Shape><Polygon POINTS="1387 2641 1523 2514 1539 744 590 724 570 1778 633 2541 744 2641 1142 2677"/></Shape>
          
          
          <TextLine ID="eSc_line_9927f262"
                    
                    BASELINE="545 788 631 783 894 792 1185 794 1383 783 1494 785 1526 778" 
                    HPOS="541.0"
                    VPOS="623.0"
                    WIDTH="981.0"
                    HEIGHT="208.0">
            <Shape><Polygon POINTS="541 786 548 725 582 701 606 708 729 623 848 711 895 705 940 667 977 698 1001 684 1066 749 1141 746 1175 711 1216 715 1246 746 1270 746 1301 722 1338 718 1355 735 1396 694 1420 694 1522 776 1512 807 1475 814 1437 803 1406 817 1277 817 1250 790 1202 793 1178 817 916 817 899 800 878 821 759 814 602 831 545 786"/></Shape>
	    <String CONTENT="כי עשית זאת וג&#39; ˙ ואל האשה אמר הרבה ארבה עצבונ&#39;"
                    HPOS="541.0"
                    VPOS="623.0"
                    WIDTH="981.0"
                    HEIGHT="208.0"></String>
          </TextLine>

          
          
          <TextLine ID="eSc_line_c62c3365"
                    
                    BASELINE="563 842 617 838 640 842 708 844 738 849 981 847 1321 849 1351 844 1519 840" 
                    HPOS="562.0"
                    VPOS="803.0"
                    WIDTH="953.0"
                    HEIGHT="75.0">
            <Shape><Polygon POINTS="562 841 613 817 882 821 899 803 912 817 1202 824 1441 810 1515 838 1478 875 1400 872 1366 855 1345 875 1110 878 1018 865 987 878 705 878 677 861 623 875 589 841"/></Shape>
	    <String CONTENT="והרונך וג&#39; ˙ ולאדם אמ&#39; כי שמע&#39; לקול אשת&#39; וג&#39; ˙ תחילה"
                    HPOS="562.0"
                    VPOS="803.0"
                    WIDTH="953.0"
                    HEIGHT="75.0"></String>
          </TextLine>

          
          
          <TextLine ID="eSc_line_c7efdad8"
                    
                    BASELINE="558 897 590 903 1099 901 1528 903" 
                    HPOS="555.0"
                    VPOS="851.0"
                    WIDTH="971.0"
                    HEIGHT="96.0">
            <Shape><Polygon POINTS="555 895 585 861 620 875 677 861 701 878 851 868 940 882 1001 865 1100 878 1321 875 1376 851 1403 872 1481 872 1526 902 1464 947 1396 919 1372 933 1158 923 1141 940 981 936 964 919 947 933 851 919 831 933 708 940 664 923 589 940 558 916"/></Shape>
	    <String CONTENT="נתקלל נחש ואחר כך נתקללה חוה ואחר כך נתקלל אדם ˙"
                    HPOS="555.0"
                    VPOS="851.0"
                    WIDTH="971.0"
                    HEIGHT="96.0"></String>
          </TextLine>

          
          
          <TextLine ID="eSc_line_b6fcc358"
                    
                    BASELINE="572 960 604 956 724 962 885 962 917 967 1110 965 1133 969 1155 962 1180 960 1442 960 1464 953 1494 965" 
                    HPOS="568.0"
                    VPOS="919.0"
                    WIDTH="924.0"
                    HEIGHT="82.0">
            <Shape><Polygon POINTS="568 957 667 926 718 940 858 919 885 933 1141 943 1158 926 1372 936 1393 919 1492 964 1468 957 1430 991 1287 991 1267 977 1219 994 1035 1001 885 984 739 994 725 981 677 998 616 987 572 957"/></Shape>
	    <String CONTENT="כה&#39; ראשיכם אל תפרעו ˙ אל תגדילו שיער ˙ או&#39; [/]"
                    HPOS="568.0"
                    VPOS="919.0"
                    WIDTH="924.0"
                    HEIGHT="82.0"></String>
          </TextLine>

          
          
          <TextLine ID="eSc_line_f90a6900"
                    
                    BASELINE="563 1015 595 1022 1119 1019 1530 1022" 
                    HPOS="562.0"
                    VPOS="977.0"
                    WIDTH="967.0"
                    HEIGHT="82.0">
            <Shape><Polygon POINTS="562 1011 609 984 1113 998 1250 991 1274 977 1287 991 1461 981 1529 1022 1505 1022 1481 1045 1417 1052 1226 1056 1158 1039 1144 1052 953 1059 718 1052 698 1032 677 1052 630 1052 565 1015"/></Shape>
	    <String CONTENT="ראשיכם אל תפר&#39; אל תפרעו מן הכובע ˙ הריני דן נאמ&#39;"
                    HPOS="562.0"
                    VPOS="977.0"
                    WIDTH="967.0"
                    HEIGHT="82.0"></String>
          </TextLine>

          
          
          <TextLine ID="eSc_line_f99a611a"
                    
                    BASELINE="565 1078 624 1071 651 1078 901 1081 953 1085 1110 1083 1160 1087 1183 1081 1226 1078 1526 1078" 
                    HPOS="562.0"
                    VPOS="1035.0"
                    WIDTH="960.0"
                    HEIGHT="78.0">
            <Shape><Polygon POINTS="562 1076 606 1052 677 1056 698 1035 718 1052 953 1059 1144 1052 1161 1039 1222 1056 1485 1045 1522 1076 1458 1110 1403 1107 1383 1090 1328 1113 650 1113 606 1103 579 1076"/></Shape>
	    <String CONTENT="כן פירוע ונאמ&#39; להלן פירוע ˙ מה פירוע האמור להלן [/]"
                    HPOS="562.0"
                    VPOS="1035.0"
                    WIDTH="960.0"
                    HEIGHT="78.0"></String>
          </TextLine>

          
          
          <TextLine ID="eSc_line_8efbf141"
                    
                    BASELINE="565 1133 651 1140 1049 1137 1478 1140 1510 1133" 
                    HPOS="562.0"
                    VPOS="1093.0"
                    WIDTH="947.0"
                    HEIGHT="82.0">
            <Shape><Polygon POINTS="562 1131 596 1103 1332 1113 1379 1093 1403 1107 1488 1103 1509 1131 1492 1165 1304 1168 1229 1158 953 1171 841 1158 769 1171 746 1154 599 1175 565 1141"/></Shape>
	    <String CONTENT="גידול שיער אף פירוע האמור כן גידול שער ˙ ובגדיכם"
                    HPOS="562.0"
                    VPOS="1093.0"
                    WIDTH="947.0"
                    HEIGHT="82.0"></String>
          </TextLine>

          
          
          <TextLine ID="eSc_line_b1707993"
                    
                    BASELINE="572 1187 608 1194 1433 1194 1512 1185" 
                    HPOS="568.0"
                    VPOS="1158.0"
                    WIDTH="941.0"
                    HEIGHT="71.0">
            <Shape><Polygon POINTS="568 1185 637 1165 967 1171 1229 1158 1471 1161 1509 1182 1492 1212 1468 1202 1400 1222 1076 1226 1032 1209 1018 1222 602 1229 572 1199"/></Shape>
	    <String CONTENT="לא תפרימו ˙ אל תקרעו בגדיכם ˙ ולא תמותו ˙ ממשמע"
                    HPOS="568.0"
                    VPOS="1158.0"
                    WIDTH="941.0"
                    HEIGHT="71.0"></String>
          </TextLine>

          
          
          <TextLine ID="eSc_line_1a180b5b"
                    
                    BASELINE="551 1253 590 1253 617 1258 1022 1258 1051 1253 1269 1251 1299 1246 1485 1249 1517 1242" 
                    HPOS="548.0"
                    VPOS="1205.0"
                    WIDTH="967.0"
                    HEIGHT="82.0">
            <Shape><Polygon POINTS="548 1250 582 1226 1001 1226 1032 1209 1069 1226 1192 1226 1447 1219 1475 1205 1515 1240 1492 1267 1447 1274 1107 1284 1011 1270 977 1287 912 1274 868 1287 630 1284 579 1250"/></Shape>
	    <String CONTENT="לאו אתה שומע הן ˙ ועל כל העדה יקצף ואחיכם יבכו ˙"
                    HPOS="548.0"
                    VPOS="1205.0"
                    WIDTH="967.0"
                    HEIGHT="82.0"></String>
          </TextLine>

          
          
          <TextLine ID="eSc_line_b3e9a4ba"
                    
                    BASELINE="574 1303 708 1312 1128 1312 1230 1305 1344 1305 1423 1301 1508 1303" 
                    HPOS="572.0"
                    VPOS="1263.0"
                    WIDTH="933.0"
                    HEIGHT="79.0">
            <Shape><Polygon POINTS="572 1301 602 1263 650 1287 858 1291 906 1274 981 1287 1011 1270 1233 1284 1492 1267 1505 1301 1495 1325 1410 1335 814 1338 797 1325 769 1338 739 1328 626 1342 585 1304"/></Shape>
	    <String CONTENT="והמקרא מסורס אין ראוי לומר אלא ואחיכם יבכו על"
                    HPOS="572.0"
                    VPOS="1263.0"
                    WIDTH="933.0"
                    HEIGHT="79.0"></String>
          </TextLine>

          
          
          <TextLine ID="eSc_line_3d249475"
                    
                    BASELINE="538 1367 572 1362 649 1367 1124 1367 1153 1362 1317 1360 1364 1355 1503 1358" 
                    HPOS="534.0"
                    VPOS="1321.0"
                    WIDTH="968.0"
                    HEIGHT="85.0">
            <Shape><Polygon POINTS="534 1366 602 1321 623 1342 742 1328 1410 1335 1451 1321 1492 1328 1502 1355 1492 1386 1257 1393 1216 1379 1069 1379 1056 1393 657 1389 592 1406 538 1366"/></Shape>
	    <String CONTENT="כל העדה יקצף ˙ אם אין אחיכם בוכים על כל העד&#39; יקצ&#39; ˙"
                    HPOS="534.0"
                    VPOS="1321.0"
                    WIDTH="968.0"
                    HEIGHT="85.0"></String>
          </TextLine>

          
          
          <TextLine ID="eSc_line_1a540d3e"
                    
                    BASELINE="583 1417 667 1423 729 1423 754 1419 1160 1421 1210 1417 1253 1421 1351 1421 1453 1414 1521 1414" 
                    HPOS="582.0"
                    VPOS="1379.0"
                    WIDTH="937.0"
                    HEIGHT="85.0">
            <Shape><Polygon POINTS="582 1413 739 1389 1035 1393 1066 1406 1100 1383 1120 1396 1205 1379 1253 1393 1492 1386 1519 1413 1447 1447 1253 1447 1205 1430 1100 1451 885 1454 807 1441 630 1451 602 1464 585 1447"/></Shape>
	    <String CONTENT="יבכו אש&#39; שרף ייי ˙ מה ת&#39;ל&#39; את השרפה הריני דן נאמרה"
                    HPOS="582.0"
                    VPOS="1379.0"
                    WIDTH="937.0"
                    HEIGHT="85.0"></String>
          </TextLine>

          
          
          <TextLine ID="eSc_line_b4507c76"
                    
                    BASELINE="590 1478 626 1473 1519 1476" 
                    HPOS="589.0"
                    VPOS="1430.0"
                    WIDTH="926.0"
                    HEIGHT="85.0">
            <Shape><Polygon POINTS="589 1475 633 1454 1103 1447 1199 1430 1250 1447 1498 1441 1515 1475 1468 1505 1073 1495 841 1509 705 1492 647 1515 592 1478"/></Shape>
	    <String CONTENT="כן שריפה ונאמ&#39; להלן שריפה מה שריפה האמורה כן"
                    HPOS="589.0"
                    VPOS="1430.0"
                    WIDTH="926.0"
                    HEIGHT="85.0"></String>
          </TextLine>

          
          
          <TextLine ID="eSc_line_e5ef4dd1"
                    
                    BASELINE="535 1528 620 1535 799 1533 826 1526 874 1530 1512 1526" 
                    HPOS="534.0"
                    VPOS="1488.0"
                    WIDTH="975.0"
                    HEIGHT="92.0">
            <Shape><Polygon POINTS="534 1526 565 1502 688 1509 708 1488 838 1509 943 1495 1148 1509 1498 1498 1509 1522 1481 1556 1216 1567 769 1550 701 1567 633 1556 572 1580 538 1546"/></Shape>
	    <String CONTENT="שריפת נשמה וגוף קיים אף שריפה האמורה להלן שריפת"
                    HPOS="534.0"
                    VPOS="1488.0"
                    WIDTH="975.0"
                    HEIGHT="92.0"></String>
          </TextLine>

          
          
          <TextLine ID="eSc_line_57e11449"
                    
                    BASELINE="576 1582 610 1587 635 1582 683 1587 792 1589 1246 1587 1292 1594 1401 1594 1505 1585" 
                    HPOS="575.0"
                    VPOS="1546.0"
                    WIDTH="927.0"
                    HEIGHT="85.0">
            <Shape><Polygon POINTS="575 1580 626 1560 705 1567 786 1546 844 1560 1141 1567 1437 1553 1492 1556 1502 1584 1485 1621 1277 1624 1202 1611 1137 1614 1107 1631 1073 1607 1018 1621 664 1621 609 1584 582 1584"/></Shape>
	    <String CONTENT="נשמה וגוף קיים ˙ שריפה האמורה בבת כהן ושריפה"
                    HPOS="575.0"
                    VPOS="1546.0"
                    WIDTH="927.0"
                    HEIGHT="85.0"></String>
          </TextLine>

          
          
          <TextLine ID="eSc_line_8a990d78"
                    
                    BASELINE="576 1642 656 1648 1151 1648 1178 1644 1203 1651 1467 1646 1528 1651" 
                    HPOS="575.0"
                    VPOS="1590.0"
                    WIDTH="951.0"
                    HEIGHT="89.0">
            <Shape><Polygon POINTS="575 1638 620 1590 660 1621 1076 1607 1107 1638 1137 1614 1512 1614 1526 1648 1488 1676 1205 1665 1188 1679 1148 1676 1110 1648 1073 1676 844 1676 807 1662 752 1679 715 1659 677 1679 633 1672 599 1642"/></Shape>
	    <String CONTENT="האמורה באשה ואמה ˙ כ&#39;ו&#39; ומפתח אהל מועד ˙ יכול"
                    HPOS="575.0"
                    VPOS="1590.0"
                    WIDTH="951.0"
                    HEIGHT="89.0"></String>
          </TextLine>

          
          
          <TextLine ID="eSc_line_8b064325"
                    
                    BASELINE="545 1698 1494 1703 1523 1696" 
                    HPOS="541.0"
                    VPOS="1662.0"
                    WIDTH="981.0"
                    HEIGHT="82.0">
            <Shape><Polygon POINTS="541 1696 545 1669 575 1689 602 1672 681 1682 715 1662 752 1682 807 1665 841 1679 991 1679 1120 1662 1195 1686 1212 1669 1451 1672 1505 1676 1522 1693 1512 1727 1492 1730 1219 1737 1154 1723 1131 1744 1117 1730 1025 1723 596 1737 558 1699 545 1706"/></Shape>
	    <String CONTENT="בשעת העבודה ת&#39;ל&#39; ומן המקדש לא יצא ולא יחלל ˙ אמתי"
                    HPOS="541.0"
                    VPOS="1662.0"
                    WIDTH="981.0"
                    HEIGHT="82.0"></String>
          </TextLine>

          
          
          <TextLine ID="eSc_line_db8024d8"
                    
                    BASELINE="563 1753 690 1760 1324 1760 1346 1755 1487 1757 1521 1751" 
                    HPOS="562.0"
                    VPOS="1723.0"
                    WIDTH="957.0"
                    HEIGHT="72.0">
            <Shape><Polygon POINTS="562 1751 579 1727 912 1723 1113 1730 1131 1744 1158 1723 1216 1737 1509 1730 1519 1747 1509 1785 1447 1788 1318 1774 1253 1791 759 1791 742 1774 722 1795 677 1781 592 1795 565 1768"/></Shape>
	    <String CONTENT="אינו יוצא ואינו מחלל הוי אומ&#39; בשעת העבודה ˙ פן תמותו ˙"
                    HPOS="562.0"
                    VPOS="1723.0"
                    WIDTH="957.0"
                    HEIGHT="72.0"></String>
          </TextLine>

          
          
          <TextLine ID="eSc_line_cf3dc1c1"
                    
                    BASELINE="572 1814 608 1821 1233 1821 1337 1814 1533 1814" 
                    HPOS="568.0"
                    VPOS="1774.0"
                    WIDTH="965.0"
                    HEIGHT="86.0">
            <Shape><Polygon POINTS="568 1812 579 1795 674 1781 722 1795 742 1774 759 1791 1260 1791 1325 1774 1355 1788 1498 1785 1533 1812 1505 1839 1393 1832 1291 1846 1274 1829 1240 1849 1185 1836 1076 1853 1018 1839 899 1853 725 1843 633 1860 575 1819"/></Shape>
	    <String CONTENT="ממשמע לאו אתה שומע הן ˙ כי שמן משחת ייי עליכם ˙"
                    HPOS="568.0"
                    VPOS="1774.0"
                    WIDTH="965.0"
                    HEIGHT="86.0"></String>
          </TextLine>

          
          
          <TextLine ID="eSc_line_fe25614e"
                    
                    BASELINE="583 1875 617 1887 699 1882 933 1885 956 1880 1017 1878 1162 1878 1212 1873 1392 1875 1526 1866" 
                    HPOS="582.0"
                    VPOS="1832.0"
                    WIDTH="940.0"
                    HEIGHT="85.0">
            <Shape><Polygon POINTS="582 1873 722 1846 885 1856 964 1843 1076 1853 1107 1839 1158 1853 1178 1836 1243 1853 1270 1832 1287 1849 1481 1843 1522 1863 1502 1897 1240 1911 1154 1900 643 1917 609 1883 585 1883"/></Shape>
	    <String CONTENT="מה ת&#39;ל&#39; שיכול אין לי אלא אהרן ובניו שנתרבו בשמן"
                    HPOS="582.0"
                    VPOS="1832.0"
                    WIDTH="940.0"
                    HEIGHT="85.0"></String>
          </TextLine>

          
          
          <TextLine ID="eSc_line_24328485"
                    
                    BASELINE="581 1932 620 1939 1074 1939 1528 1921" 
                    HPOS="579.0"
                    VPOS="1894.0"
                    WIDTH="947.0"
                    HEIGHT="85.0">
            <Shape><Polygon POINTS="579 1931 582 1904 667 1921 1434 1894 1509 1897 1526 1917 1498 1955 1294 1962 1277 1948 1257 1965 1233 1948 1168 1969 987 1958 970 1972 878 1975 793 1952 681 1979 609 1938 582 1941"/></Shape>
	    <String CONTENT="בשמן המשחה שאם יצאו בשעת העבודה חייבין [/]"
                    HPOS="579.0"
                    VPOS="1894.0"
                    WIDTH="947.0"
                    HEIGHT="85.0"></String>
          </TextLine>

          
          
          <TextLine ID="eSc_line_3f97ae8d"
                    
                    BASELINE="595 1996 629 1991 713 1996 849 1996 908 1991 1187 1994 1519 1980" 
                    HPOS="592.0"
                    VPOS="1948.0"
                    WIDTH="923.0"
                    HEIGHT="89.0">
            <Shape><Polygon POINTS="592 1992 643 1965 691 1979 780 1969 797 1952 875 1972 974 1972 987 1958 1178 1969 1233 1948 1257 1965 1277 1948 1403 1965 1505 1952 1515 1979 1498 2013 1359 2009 1325 2030 1284 2009 1209 2030 735 2020 650 2037 623 2009 596 2009"/></Shape>
	    <String CONTENT="מיתה ˙ מנין לכל הכהנים שבכל הדורות ת&#39;ל&#39; כי שמן"
                    HPOS="592.0"
                    VPOS="1948.0"
                    WIDTH="923.0"
                    HEIGHT="89.0"></String>
          </TextLine>

          
          
          <TextLine ID="eSc_line_ebc0962e"
                    
                    BASELINE="574 2053 1121 2057 1358 2050 1410 2046 1523 2046" 
                    HPOS="572.0"
                    VPOS="2006.0"
                    WIDTH="950.0"
                    HEIGHT="102.0">
            <Shape><Polygon POINTS="572 2050 602 2047 633 2020 650 2037 735 2016 800 2030 1216 2026 1294 2009 1328 2026 1359 2006 1509 2013 1522 2044 1512 2071 1151 2088 882 2078 821 2095 647 2091 630 2108 575 2067"/></Shape>
	    <String CONTENT="משחת ייי עליכם ˙ ויעשו כדבר משה ˙ שקיבלו עליהן"
                    HPOS="572.0"
                    VPOS="2006.0"
                    WIDTH="950.0"
                    HEIGHT="102.0"></String>
          </TextLine>

          
          
          <TextLine ID="eSc_line_5451140d"
                    
                    BASELINE="610 2114 644 2121 856 2121 1031 2114 1185 2114 1208 2109 1358 2112 1412 2105 1467 2105 1494 2100 1523 2103" 
                    HPOS="609.0"
                    VPOS="2071.0"
                    WIDTH="913.0"
                    HEIGHT="85.0">
            <Shape><Polygon POINTS="609 2112 613 2098 626 2112 647 2091 821 2098 994 2078 1236 2091 1349 2071 1509 2074 1522 2101 1512 2132 1257 2149 1233 2129 1168 2156 1018 2135 841 2156 613 2149"/></Shape>
	    <String CONTENT="מצות משה רבן ˙ וכן הכתוב משבח את יש&#39; במצרים"
                    HPOS="609.0"
                    VPOS="2071.0"
                    WIDTH="913.0"
                    HEIGHT="85.0"></String>
          </TextLine>

          
          
          <TextLine ID="eSc_line_d647632a"
                    
                    BASELINE="613 2175 644 2187 754 2182 806 2184 899 2177 1008 2177 1035 2171 1081 2175 1303 2173 1333 2177 1360 2168 1469 2164 1530 2166" 
                    HPOS="609.0"
                    VPOS="2125.0"
                    WIDTH="920.0"
                    HEIGHT="99.0">
            <Shape><Polygon POINTS="609 2173 626 2149 936 2153 1018 2139 1171 2156 1229 2132 1267 2149 1451 2139 1475 2125 1505 2132 1529 2163 1505 2193 1345 2207 984 2200 940 2214 688 2210 654 2224 616 2200"/></Shape>
	    <String CONTENT="שנ&#39; ויעשו בני יש&#39; כאשר צוה ייי את משה ואת אהרן"
                    HPOS="609.0"
                    VPOS="2125.0"
                    WIDTH="920.0"
                    HEIGHT="99.0"></String>
          </TextLine>

          
          
          <TextLine ID="eSc_line_b8d59074"
                    
                    BASELINE="629 2239 860 2243 1185 2237 1321 2239 1351 2234 1455 2232 1478 2227 1530 2232" 
                    HPOS="626.0"
                    VPOS="2193.0"
                    WIDTH="903.0"
                    HEIGHT="86.0">
            <Shape><Polygon POINTS="626 2238 735 2207 998 2200 1086 2214 1437 2193 1515 2197 1529 2231 1512 2258 1478 2268 1349 2251 1304 2275 1059 2265 1032 2279 960 2265 926 2279 783 2279 763 2265 705 2279 664 2272 633 2241"/></Shape>
	    <String CONTENT="כן עשו ˙ וכן הכת&#39; משבח את יש&#39; בפרשת שילוח [/]"
                    HPOS="626.0"
                    VPOS="2193.0"
                    WIDTH="903.0"
                    HEIGHT="86.0"></String>
          </TextLine>

          
          
          <TextLine ID="eSc_line_35af1219"
                    
                    BASELINE="592 2311 922 2311 947 2307 1065 2305 1090 2300 1423 2302 1451 2298 1535 2298" 
                    HPOS="589.0"
                    VPOS="2258.0"
                    WIDTH="944.0"
                    HEIGHT="92.0">
            <Shape><Polygon POINTS="589 2309 654 2275 732 2282 752 2268 1308 2275 1342 2258 1379 2272 1515 2265 1533 2296 1522 2323 1485 2316 1389 2340 1301 2323 1274 2336 1195 2326 1178 2343 1015 2330 650 2350 609 2309 592 2313"/></Shape>
	    <String CONTENT="טמאין שנ&#39; ויעשו כן בני יש&#39; וישלחו אותם אל מחוץ"
                    HPOS="589.0"
                    VPOS="2258.0"
                    WIDTH="944.0"
                    HEIGHT="92.0"></String>
          </TextLine>

          
          
          <TextLine ID="eSc_line_fae51959"
                    
                    BASELINE="608 2368 644 2375 956 2375 1115 2368 1137 2364 1310 2366 1453 2357 1535 2359" 
                    HPOS="606.0"
                    VPOS="2313.0"
                    WIDTH="927.0"
                    HEIGHT="98.0">
            <Shape><Polygon POINTS="606 2367 626 2333 647 2354 1015 2333 1182 2343 1195 2330 1304 2326 1332 2340 1359 2326 1471 2326 1485 2313 1512 2319 1533 2357 1522 2381 1209 2405 667 2411 640 2408 609 2377"/></Shape>
	    <String CONTENT="למחנה וג&#39; ˙ וכן הכת&#39; משבח את יהושע כאשר צוה"
                    HPOS="606.0"
                    VPOS="2313.0"
                    WIDTH="927.0"
                    HEIGHT="98.0"></String>
          </TextLine>

          
          
          <TextLine ID="eSc_line_6ed94ed6"
                    
                    BASELINE="620 2443 826 2441 853 2436 1165 2439 1187 2434 1294 2427 1349 2430 1376 2425 1496 2421 1530 2423" 
                    HPOS="616.0"
                    VPOS="2381.0"
                    WIDTH="913.0"
                    HEIGHT="102.0">
            <Shape><Polygon POINTS="616 2442 647 2408 1188 2408 1485 2381 1512 2384 1529 2422 1519 2442 1485 2452 1386 2459 1369 2442 1342 2459 1202 2466 1178 2480 1090 2473 1076 2459 919 2476 858 2463 786 2483 715 2469 657 2480 620 2463"/></Shape>
	    <String CONTENT="ייי את משה עבדו כן צוה משה את יהושע וכן עשה"
                    HPOS="616.0"
                    VPOS="2381.0"
                    WIDTH="913.0"
                    HEIGHT="102.0"></String>
          </TextLine>

          
          
          <TextLine ID="eSc_line_47c0da95"
                    
                    BASELINE="635 2502 722 2500 751 2507 826 2505 853 2500 1155 2502 1235 2495 1362 2491 1387 2493 1514 2480 1544 2482" 
                    HPOS="633.0"
                    VPOS="2445.0"
                    WIDTH="910.0"
                    HEIGHT="116.0">
            <Shape><Polygon POINTS="633 2500 674 2476 790 2483 861 2463 1079 2463 1175 2480 1192 2466 1495 2445 1543 2480 1526 2544 1488 2517 1454 2514 1389 2537 1362 2524 1304 2531 1284 2551 1233 2517 1178 2544 974 2531 882 2555 855 2534 810 2558 756 2541 735 2561 654 2500"/></Shape>
	    <String CONTENT="יהושע לא הסיר דבר מכל אשר צוה ייי את משה ˙"
                    HPOS="633.0"
                    VPOS="2445.0"
                    WIDTH="910.0"
                    HEIGHT="116.0"></String>
          </TextLine>

          
          
          <TextLine ID="eSc_line_cb3a3cd5"
                    
                    BASELINE="774 2604 928 2604 999 2611 1160 2611 1228 2600 1327 2596 1356 2600" 
                    HPOS="773.0"
                    VPOS="2520.0"
                    WIDTH="582.0"
                    HEIGHT="184.0">
            <Shape><Polygon POINTS="773 2602 776 2582 834 2534 889 2568 919 2541 957 2534 991 2561 1062 2534 1127 2555 1148 2537 1175 2561 1229 2520 1277 2561 1311 2531 1345 2527 1355 2599 1349 2646 1280 2650 1257 2674 1202 2681 1178 2660 1151 2664 1090 2677 1069 2698 1022 2657 970 2640 875 2650 814 2704 780 2694"/></Shape>
	    <String CONTENT="חסלת מגילת מילואים"
                    HPOS="773.0"
                    VPOS="2520.0"
                    WIDTH="582.0"
                    HEIGHT="184.0"></String>
          </TextLine>

          
        </TextBlock>
        
        <TextBlock HPOS="960.0"
                   VPOS="2839.0"
                   WIDTH="693.0"
                   HEIGHT="362.0"
                   ID="eSc_textblock_d32ea761"
                   TAGREFS="BT741">
          <Shape><Polygon POINTS="960 2839 960 3201 1653 3201 1653 2839"/></Shape>
          
          
          <TextLine ID="eSc_line_30d32dc6"
                    
                    BASELINE="965 2940 1429 2957" 
                    HPOS="960.0"
                    VPOS="2868.0"
                    WIDTH="467.0"
                    HEIGHT="140.0">
            <Shape><Polygon POINTS="964 2939 964 2868 1069 2892 1423 2885 1427 2956 1427 2977 1362 3004 1362 3004 1359 3004 1359 3004 1355 3004 1355 3004 1355 3004 1270 2987 1209 2977 960 3008"/></Shape>
	    <String CONTENT="Dominico"
                    HPOS="960.0"
                    VPOS="2868.0"
                    WIDTH="467.0"
                    HEIGHT="140.0"></String>
          </TextLine>

          
          
          <TextLine ID="eSc_line_cd5ab171"
                    
                    BASELINE="1016 3020 1653 3040" 
                    HPOS="1011.0"
                    VPOS="2970.0"
                    WIDTH="641.0"
                    HEIGHT="119.0">
            <Shape><Polygon POINTS="1015 3018 1015 2970 1652 2970 1652 3038 1645 3089 1451 3072 1369 3086 1335 3089 1335 3089 1332 3089 1332 3089 1332 3089 1301 3083 1205 3062 1011 3076"/></Shape>
	    <String CONTENT="Girosomino"
                    HPOS="1011.0"
                    VPOS="2970.0"
                    WIDTH="641.0"
                    HEIGHT="119.0"></String>
          </TextLine>

          
          
          <TextLine ID="eSc_line_47064976"
                    
                    BASELINE="1149 3116 1396 3146" 
                    HPOS="1137.0"
                    VPOS="3048.0"
                    WIDTH="256.0"
                    HEIGHT="137.0">
            <Shape><Polygon POINTS="1148 3113 1148 3048 1393 3093 1393 3144 1386 3171 1257 3185 1257 3185 1253 3185 1253 3185 1250 3185 1137 3151"/></Shape>
	    <String CONTENT="1598"
                    HPOS="1137.0"
                    VPOS="3048.0"
                    WIDTH="256.0"
                    HEIGHT="137.0"></String>
          </TextLine>

          
        </TextBlock>
        

        
      </PrintSpace>
    </Page>
  </Layout>
</alto>
