<?xml version="1.0" encoding="UTF-8"?>
<alto xmlns:xsi="http://www.w3.org/2001/XMLSchema-instance"
      xmlns="http://www.loc.gov/standards/alto/ns-v4#"
      xsi:schemaLocation="http://www.loc.gov/standards/alto/ns-v4# http://www.loc.gov/standards/alto/v4/alto-4-2.xsd">
  <Description>
    <MeasurementUnit>pixel</MeasurementUnit>
    <sourceImageInformation>
      <fileName>add_ms_16406_f282v.jpg</fileName>
      
    </sourceImageInformation>
  </Description>
  
  <Tags>
    <OtherTag ID="BT1" LABEL="Title" DESCRIPTION="block type Title"/><OtherTag ID="BT2" LABEL="Main" DESCRIPTION="block type Main"/><OtherTag ID="BT3" LABEL="Commentary" DESCRIPTION="block type Commentary"/><OtherTag ID="BT4" LABEL="Illustration" DESCRIPTION="block type Illustration"/><OtherTag ID="BT224" LABEL="Hole" DESCRIPTION="block type Hole"/><OtherTag ID="BT225" LABEL="Margin" DESCRIPTION="block type Margin"/><OtherTag ID="BT226" LABEL="Paratext" DESCRIPTION="block type Paratext"/>
    <OtherTag ID="LT2" LABEL="Numbering" DESCRIPTION="line type Numbering"/><OtherTag ID="LT3" LABEL="Correction" DESCRIPTION="line type Correction"/><OtherTag ID="LT329" LABEL="Gloss" DESCRIPTION="line type Gloss"/>
  </Tags>
  
  <Layout>
    <Page WIDTH="4979"
          HEIGHT="6966"
          PHYSICAL_IMG_NR="564"
          ID="eSc_dummypage_">
      <PrintSpace HPOS="0"
                  VPOS="0"
                  WIDTH="4979"
                  HEIGHT="6966">
        
        <TextBlock HPOS="2303.0"
                   VPOS="646.0"
                   WIDTH="1638.0"
                   HEIGHT="4814.0"
                   ID="eSc_textblock_019aeab9"
                   TAGREFS="BT2">
          <Shape><Polygon POINTS="3910 5429 3941 727 3879 677 2369 646 2303 774 2303 5445 3821 5460"/></Shape>
          
          
          <TextLine ID="eSc_line_aefb1e1a"
                    
                    BASELINE="2319 785 3112 812 3972 801" 
                    HPOS="2318.0"
                    VPOS="684.0"
                    WIDTH="1650.0"
                    HEIGHT="215.0">
            <Shape><Polygon POINTS="2318 783 2329 731 2474 725 2515 684 2602 684 2626 708 2649 684 2806 684 2875 725 3026 737 3119 731 3183 690 3247 737 3317 737 3387 690 3451 737 3811 719 3950 737 3968 795 3950 864 3828 893 3735 870 3654 899 3456 899 3427 870 3247 899 3050 899 2997 876 2672 893 2620 870 2504 893 2457 859 2434 882 2323 859"/></Shape>
	    <String CONTENT="מתרעמים ולא היו מתרעמין על דבר"
                    HPOS="2318.0"
                    VPOS="684.0"
                    WIDTH="1650.0"
                    HEIGHT="215.0"></String>
          </TextLine>

          
          
          <TextLine ID="eSc_line_0b4a3a15"
                    
                    BASELINE="2350 948 2555 948 2632 955 2837 959 2876 967 3786 967 3941 955" 
                    HPOS="2347.0"
                    VPOS="859.0"
                    WIDTH="1592.0"
                    HEIGHT="209.0">
            <Shape><Polygon POINTS="2347 946 2457 859 2515 905 3061 922 3247 911 3276 888 3340 917 3671 911 3724 870 3770 911 3880 911 3939 952 3822 1062 3729 1027 3683 1062 3491 1068 3212 1044 3102 1062 3073 1033 3032 1056 2992 1027 2922 1056 2474 1044 2352 975"/></Shape>
	    <String CONTENT="שלא טעמו מ(י)מיהן וישובו ויבכו וגו&#39; ˙"
                    HPOS="2347.0"
                    VPOS="859.0"
                    WIDTH="1592.0"
                    HEIGHT="209.0"></String>
          </TextLine>

          
          
          <TextLine ID="eSc_line_b21bfbe2"
                    
                    BASELINE="2334 1091 2504 1106 3043 1102 3085 1110 3252 1114 3333 1122 3755 1122 3949 1110" 
                    HPOS="2329.0"
                    VPOS="1027.0"
                    WIDTH="1615.0"
                    HEIGHT="186.0">
            <Shape><Polygon POINTS="2329 1085 2393 1027 2474 1050 3114 1068 3689 1068 3758 1027 3799 1068 3875 1062 3944 1108 3857 1207 3695 1207 3636 1178 3590 1207 3445 1213 3224 1166 3073 1207 2660 1195 2637 1172 2498 1190 2445 1137 2393 1149 2341 1097"/></Shape>
	    <String CONTENT="מלמד שאף הראשונים היו בני ישר&#39; ˙"
                    HPOS="2329.0"
                    VPOS="1027.0"
                    WIDTH="1615.0"
                    HEIGHT="186.0"></String>
          </TextLine>

          
          
          <TextLine ID="eSc_line_1101a672"
                    
                    BASELINE="2288 1250 2357 1242 2609 1242 2667 1250 2830 1253 2876 1265 2923 1257 3918 1257" 
                    HPOS="2283.0"
                    VPOS="1137.0"
                    WIDTH="1632.0"
                    HEIGHT="215.0">
            <Shape><Polygon POINTS="2283 1248 2289 1219 2318 1224 2434 1137 2492 1195 3148 1213 3212 1166 3265 1207 3869 1207 3915 1253 3886 1340 3817 1317 3741 1346 3660 1317 3567 1346 3445 1323 3410 1346 3207 1352 2864 1340 2817 1317 2730 1346 2405 1323 2364 1352 2289 1294"/></Shape>
	    <String CONTENT="ויאמרו מי יאכילנו בשר וכי מפני שלא"
                    HPOS="2283.0"
                    VPOS="1137.0"
                    WIDTH="1632.0"
                    HEIGHT="215.0"></String>
          </TextLine>

          
          
          <TextLine ID="eSc_line_1b0865c8"
                    
                    BASELINE="2350 1393 2508 1393 2644 1400 3925 1400" 
                    HPOS="2347.0"
                    VPOS="1317.0"
                    WIDTH="1574.0"
                    HEIGHT="180.0">
            <Shape><Polygon POINTS="2347 1387 2411 1323 2614 1346 2788 1346 2823 1317 2881 1352 3602 1352 3654 1317 3695 1352 3863 1346 3921 1399 3904 1445 3840 1491 3352 1486 3317 1462 3236 1491 3207 1462 3160 1491 3038 1497 2672 1486 2591 1457 2538 1480 2422 1474 2352 1404"/></Shape>
	    <String CONTENT="היה להם היו מתרעמין והלא כבר נאמ&#39;"
                    HPOS="2347.0"
                    VPOS="1317.0"
                    WIDTH="1574.0"
                    HEIGHT="180.0"></String>
          </TextLine>

          
          
          <TextLine ID="eSc_line_c64aec4e"
                    
                    BASELINE="2292 1524 2477 1524 2516 1517 2566 1528 2752 1532 2799 1540 3271 1536 3314 1544 3492 1548 3577 1555 3848 1555 3941 1544" 
                    HPOS="2289.0"
                    VPOS="1422.0"
                    WIDTH="1650.0"
                    HEIGHT="226.0">
            <Shape><Polygon POINTS="2289 1520 2294 1480 2364 1422 2416 1474 2521 1486 2591 1462 2660 1486 3270 1497 3311 1468 3352 1497 3863 1497 3939 1538 3875 1642 3741 1619 3665 1648 3613 1625 3358 1642 3044 1607 2928 1637 2870 1613 2736 1631 2695 1590 2631 1625 2567 1625 2533 1590 2440 1613 2318 1520"/></Shape>
	    <String CONTENT="גם ערב רב עלה אתם צאן ובקר וגו&#39; ˙ יכול"
                    HPOS="2289.0"
                    VPOS="1422.0"
                    WIDTH="1650.0"
                    HEIGHT="226.0"></String>
          </TextLine>

          
          
          <TextLine ID="eSc_line_8076d9ff"
                    
                    BASELINE="2342 1667 2404 1679 2690 1675 2779 1683 3019 1687 3062 1695 3817 1695 3918 1683" 
                    HPOS="2341.0"
                    VPOS="1596.0"
                    WIDTH="1574.0"
                    HEIGHT="186.0">
            <Shape><Polygon POINTS="2341 1666 2422 1613 2626 1631 2689 1596 2730 1637 3607 1619 3642 1642 3857 1637 3915 1677 3822 1776 3392 1782 3334 1747 3276 1776 3218 1753 3195 1776 3108 1753 3085 1776 2933 1776 2840 1735 2777 1782 2730 1747 2620 1764 2562 1735 2515 1764 2480 1729 2445 1764 2347 1700"/></Shape>
	    <String CONTENT="שאכלום במדבר ת&#39;ל&#39; בכניסתן לארץ [/]"
                    HPOS="2341.0"
                    VPOS="1596.0"
                    WIDTH="1574.0"
                    HEIGHT="186.0"></String>
          </TextLine>

          
          
          <TextLine ID="eSc_line_4c500fdb"
                    
                    BASELINE="2369 1818 2733 1818 2810 1811 2861 1822 3008 1826 3047 1834 3922 1826" 
                    HPOS="2364.0"
                    VPOS="1729.0"
                    WIDTH="1557.0"
                    HEIGHT="198.0">
            <Shape><Polygon POINTS="2364 1816 2480 1729 2515 1764 2736 1758 2777 1782 2835 1741 3026 1787 3276 1787 3323 1753 3363 1787 3857 1776 3921 1822 3857 1915 3799 1904 3758 1927 3660 1892 3590 1927 3392 1927 3340 1898 3282 1927 3044 1898 2992 1927 2562 1880 2440 1904 2370 1869"/></Shape>
	    <String CONTENT="מקנה רב היה לבני ראובן ולבני גד אלא"
                    HPOS="2364.0"
                    VPOS="1729.0"
                    WIDTH="1557.0"
                    HEIGHT="198.0"></String>
          </TextLine>

          
          
          <TextLine ID="eSc_line_283ac630"
                    
                    BASELINE="2350 1958 2446 1973 3898 1973" 
                    HPOS="2347.0"
                    VPOS="1892.0"
                    WIDTH="1545.0"
                    HEIGHT="186.0">
            <Shape><Polygon POINTS="2347 1956 2405 1898 2655 1915 2713 1892 2742 1915 2986 1927 3032 1898 3143 1892 3265 1921 3340 1898 3392 1927 3689 1898 3735 1927 3857 1921 3892 1967 3875 2014 3811 2060 3654 2072 3363 2066 3329 2037 3253 2037 3224 2066 3137 2049 3073 2078 3038 2043 2939 2025 2846 2054 2753 2025 2684 2066 2567 2031 2509 2072 2352 2020"/></Shape>
	    <String CONTENT="שמ(ב)קשין עלילה [לפני] היאך לפרוש [מ&#39;]"
                    HPOS="2347.0"
                    VPOS="1892.0"
                    WIDTH="1545.0"
                    HEIGHT="186.0"></String>
          </TextLine>

          
          
          <TextLine ID="eSc_line_db9c762d"
                    
                    BASELINE="2613 2113 3139 2109 3178 2116 3480 2128 3616 2124 3829 2128 3933 2116" 
                    HPOS="2608.0"
                    VPOS="2025.0"
                    WIDTH="1319.0"
                    HEIGHT="186.0">
            <Shape><Polygon POINTS="2608 2107 2620 2078 2718 2066 2753 2031 2870 2072 2939 2025 3044 2043 3096 2101 3137 2107 3288 2066 3851 2060 3927 2113 3863 2200 3776 2211 3613 2182 3485 2211 3311 2205 3282 2176 3236 2200 3148 2113 3009 2200 2881 2165 2840 2200 2660 2165 2614 2194"/></Shape>
	    <String CONTENT="מאחרי המקום ˙ ˙ סל&#39; ˙ פס&#39; ˙ ˙"
                    HPOS="2608.0"
                    VPOS="2025.0"
                    WIDTH="1319.0"
                    HEIGHT="186.0"></String>
          </TextLine>

          
          
          <TextLine ID="eSc_line_a07fc12f"
                    
                    BASELINE="2350 2236 2559 2232 2597 2240 2748 2240 2946 2252 3771 2248 3825 2256" 
                    HPOS="2347.0"
                    VPOS="2171.0"
                    WIDTH="1475.0"
                    HEIGHT="168.0">
            <Shape><Polygon POINTS="2347 2234 2428 2171 2777 2200 3642 2194 3735 2200 3776 2240 3805 2217 3822 2252 3805 2298 3770 2292 3735 2327 3555 2339 3009 2327 2962 2281 2910 2327 2527 2333 2498 2304 2411 2333 2352 2287"/></Shape>
	    <String CONTENT="זכרנו את הדגה וכי יש בעיניין [ש&#39;]"
                    HPOS="2347.0"
                    VPOS="2171.0"
                    WIDTH="1475.0"
                    HEIGHT="168.0"></String>
          </TextLine>

          
          
          <TextLine ID="eSc_line_c9d5fcdd"
                    
                    BASELINE="2365 2372 2834 2380 3023 2391 3639 2387 3860 2391 3925 2380" 
                    HPOS="2364.0"
                    VPOS="2281.0"
                    WIDTH="1557.0"
                    HEIGHT="203.0">
            <Shape><Polygon POINTS="2364 2368 2498 2322 2910 2327 2957 2281 3015 2339 3846 2316 3921 2374 3828 2467 3700 2443 3584 2472 3363 2455 3055 2484 2986 2438 2928 2467 2800 2449 2486 2472 2370 2432"/></Shape>
	    <String CONTENT="שהיו המצריים נותנין להם דגים בחינם"
                    HPOS="2364.0"
                    VPOS="2281.0"
                    WIDTH="1557.0"
                    HEIGHT="203.0"></String>
          </TextLine>

          
          
          <TextLine ID="eSc_line_6d00a8d9"
                    
                    BASELINE="2323 2515 2559 2511 2853 2523 2896 2530 3662 2527 3894 2530" 
                    HPOS="2318.0"
                    VPOS="2432.0"
                    WIDTH="1574.0"
                    HEIGHT="191.0">
            <Shape><Polygon POINTS="2318 2513 2440 2449 2573 2478 2887 2472 3009 2432 3055 2478 3317 2455 3671 2472 3706 2443 3758 2472 3846 2472 3892 2525 3863 2600 3799 2583 3654 2612 3526 2606 3497 2577 3427 2612 3073 2606 3026 2571 2992 2606 2916 2589 2875 2618 2544 2623 2492 2571 2376 2612 2323 2560"/></Shape>
	    <String CONTENT="והלא כבר נאמ&#39; ואתם לכו עבדו ותבן לא"
                    HPOS="2318.0"
                    VPOS="2432.0"
                    WIDTH="1574.0"
                    HEIGHT="191.0"></String>
          </TextLine>

          
          
          <TextLine ID="eSc_line_492896b4"
                    
                    BASELINE="2338 2658 2547 2658 2768 2670 3678 2666 3906 2670" 
                    HPOS="2335.0"
                    VPOS="2571.0"
                    WIDTH="1569.0"
                    HEIGHT="192.0">
            <Shape><Polygon POINTS="2335 2652 2486 2571 2550 2629 2986 2612 3038 2571 3079 2612 3218 2618 3421 2618 3480 2577 3532 2618 3817 2589 3886 2600 3904 2664 3880 2751 3689 2739 3584 2763 3538 2734 3108 2763 3044 2705 2962 2751 2411 2757 2341 2687"/></Shape>
	    <String CONTENT="[לא] ינתן לכם אם תבן לא היו נותנין להם"
                    HPOS="2335.0"
                    VPOS="2571.0"
                    WIDTH="1569.0"
                    HEIGHT="192.0"></String>
          </TextLine>

          
          
          <TextLine ID="eSc_line_56720ec1"
                    
                    BASELINE="2319 2798 2652 2809 3922 2801" 
                    HPOS="2318.0"
                    VPOS="2705.0"
                    WIDTH="1603.0"
                    HEIGHT="191.0">
            <Shape><Polygon POINTS="2318 2792 2393 2751 2992 2751 3044 2705 3102 2763 3718 2751 3851 2757 3921 2798 3863 2890 3160 2896 3108 2873 2405 2890 2323 2809"/></Shape>
	    <String CONTENT="בחנם דגים היו נותנין להם בחנם ומה [אני]"
                    HPOS="2318.0"
                    VPOS="2705.0"
                    WIDTH="1603.0"
                    HEIGHT="191.0"></String>
          </TextLine>

          
          
          <TextLine ID="eSc_line_41e0cc12"
                    
                    BASELINE="2365 2929 2961 2941 3047 2948 3476 2948 3523 2941 3658 2941 3728 2925 3856 2933 3910 2921" 
                    HPOS="2364.0"
                    VPOS="2885.0"
                    WIDTH="1545.0"
                    HEIGHT="151.0">
            <Shape><Polygon POINTS="2364 2925 2469 2890 3038 2885 3857 2885 3909 2919 3846 3018 3636 3030 2916 3030 2881 3001 2846 3024 2672 3024 2637 2989 2596 3024 2480 3006 2399 3036 2370 3001"/></Shape>
	    <String CONTENT="אני מקיים חנם חנם מן המצוות ˙ ˙ את"
                    HPOS="2364.0"
                    VPOS="2885.0"
                    WIDTH="1545.0"
                    HEIGHT="151.0"></String>
          </TextLine>

          
          
          <TextLine ID="eSc_line_5efac437"
                    
                    BASELINE="2365 3076 2477 3068 3898 3072" 
                    HPOS="2364.0"
                    VPOS="3006.0"
                    WIDTH="1528.0"
                    HEIGHT="157.0">
            <Shape><Polygon POINTS="2364 3070 2416 3030 2852 3030 2875 3006 2957 3036 3846 3018 3892 3070 3863 3146 3782 3157 3538 3128 3398 3146 3363 3117 3073 3163 3026 3117 2980 3157 2596 3163 2498 3128 2428 3163 2370 3105"/></Shape>
	    <String CONTENT="הקישואים ˙ ר&#39; שמעון אומ&#39; מפני מה"
                    HPOS="2364.0"
                    VPOS="3006.0"
                    WIDTH="1528.0"
                    HEIGHT="157.0"></String>
          </TextLine>

          
          
          <TextLine ID="eSc_line_da7b4395"
                    
                    BASELINE="2307 3196 2594 3204 2690 3212 3581 3208 3794 3212 3941 3200" 
                    HPOS="2306.0"
                    VPOS="3111.0"
                    WIDTH="1633.0"
                    HEIGHT="186.0">
            <Shape><Polygon POINTS="2306 3192 2387 3152 2986 3152 3026 3111 3090 3163 3288 3140 3729 3152 3857 3157 3939 3198 3863 3279 3764 3297 3613 3274 3410 3297 3189 3262 3050 3285 3021 3256 2997 3279 2893 3285 2846 3239 2794 3279 2748 3268 2713 3291 2620 3250 2573 3285 2411 3297 2312 3198"/></Shape>
	    <String CONTENT="המן משתנה להם לכל דבר שהיו רוצין"
                    HPOS="2306.0"
                    VPOS="3111.0"
                    WIDTH="1633.0"
                    HEIGHT="186.0"></String>
          </TextLine>

          
          
          <TextLine ID="eSc_line_17f71705"
                    
                    BASELINE="2292 3332 2652 3332 2690 3339 2822 3343 3050 3343 3089 3351 3860 3347 3956 3355" 
                    HPOS="2289.0"
                    VPOS="3239.0"
                    WIDTH="1661.0"
                    HEIGHT="197.0">
            <Shape><Polygon POINTS="2289 3326 2364 3285 2585 3285 2620 3250 2724 3291 2846 3239 2899 3291 3079 3297 3172 3268 3363 3297 3869 3285 3950 3349 3863 3419 3753 3436 3137 3436 3090 3401 3038 3424 2840 3401 2620 3436 2411 3424 2294 3326"/></Shape>
	    <String CONTENT="חוץ מחמשת המ(י)נין משל למלך בשר"
                    HPOS="2289.0"
                    VPOS="3239.0"
                    WIDTH="1661.0"
                    HEIGHT="197.0"></String>
          </TextLine>

          
          
          <TextLine ID="eSc_line_8059475f"
                    
                    BASELINE="2319 3463 2377 3475 2667 3471 2717 3479 3047 3483 3143 3486 3182 3494 3225 3483 3554 3483 3670 3479 3712 3467 3805 3475 3910 3463" 
                    HPOS="2318.0"
                    VPOS="3395.0"
                    WIDTH="1591.0"
                    HEIGHT="175.0">
            <Shape><Polygon POINTS="2318 3459 2382 3424 2928 3430 3050 3424 3079 3395 3148 3436 3846 3419 3909 3459 3857 3558 3758 3570 3334 3541 3270 3570 2852 3570 2823 3546 2759 3570 2643 3570 2614 3546 2474 3570 2434 3541 2387 3564 2323 3500"/></Shape>
	    <String CONTENT="ודם שמסר את בנו לפידגוג והיה יושב"
                    HPOS="2318.0"
                    VPOS="3395.0"
                    WIDTH="1591.0"
                    HEIGHT="175.0"></String>
          </TextLine>

          
          
          <TextLine ID="eSc_line_288d6abf"
                    
                    BASELINE="2381 3614 2547 3610 2907 3622 3561 3622 3654 3610 3863 3610 3922 3618" 
                    HPOS="2376.0"
                    VPOS="3541.0"
                    WIDTH="1545.0"
                    HEIGHT="162.0">
            <Shape><Polygon POINTS="2376 3610 2422 3541 2463 3570 2777 3575 2823 3552 2852 3575 3038 3581 3270 3575 3329 3541 3358 3570 3851 3564 3921 3616 3863 3697 3735 3703 3642 3674 3387 3674 3236 3703 2556 3703 2486 3651 2428 3697 2382 3680"/></Shape>
	    <String CONTENT="ומפקדו ואמ&#39; לו הנראה שלא יאכל"
                    HPOS="2376.0"
                    VPOS="3541.0"
                    WIDTH="1545.0"
                    HEIGHT="162.0"></String>
          </TextLine>

          
          
          <TextLine ID="eSc_line_8bef6204"
                    
                    BASELINE="2319 3742 2605 3753 3689 3753 3941 3742" 
                    HPOS="2318.0"
                    VPOS="3651.0"
                    WIDTH="1621.0"
                    HEIGHT="197.0">
            <Shape><Polygon POINTS="2318 3738 2382 3697 2428 3703 2480 3651 2538 3703 3317 3703 3392 3674 3602 3697 3642 3674 3683 3703 3851 3697 3939 3738 3863 3825 3584 3813 3543 3837 3334 3831 3305 3808 3247 3831 2846 3831 2817 3808 2782 3837 2707 3819 2637 3842 2550 3813 2411 3848 2323 3761"/></Shape>
	    <String CONTENT="מאכל רע ולא ישתה משקה רע וכל כך"
                    HPOS="2318.0"
                    VPOS="3651.0"
                    WIDTH="1621.0"
                    HEIGHT="197.0"></String>
          </TextLine>

          
          
          <TextLine ID="eSc_line_8c0c727f"
                    
                    BASELINE="2361 3885 2466 3885 2543 3893 2996 3893 3182 3885 3492 3885 3778 3873 3860 3873 3925 3881" 
                    HPOS="2358.0"
                    VPOS="3813.0"
                    WIDTH="1563.0"
                    HEIGHT="169.0">
            <Shape><Polygon POINTS="2358 3883 2399 3848 2556 3813 2631 3842 2788 3842 2823 3813 2910 3842 3834 3825 3921 3877 3863 3959 3805 3935 3770 3964 3590 3982 3253 3947 3015 3976 2951 3935 2899 3970 2451 3970 2364 3895"/></Shape>
	    <String CONTENT="היה הבן ההוא מתרעם על אביו לומר"
                    HPOS="2358.0"
                    VPOS="3813.0"
                    WIDTH="1563.0"
                    HEIGHT="169.0"></String>
          </TextLine>

          
          
          <TextLine ID="eSc_line_aec5fbde"
                    
                    BASELINE="2319 4009 3860 4017 3925 4005" 
                    HPOS="2318.0"
                    VPOS="3935.0"
                    WIDTH="1603.0"
                    HEIGHT="186.0">
            <Shape><Polygon POINTS="2318 4005 2393 3941 2445 3976 2724 3976 2899 3970 2939 3935 3003 3976 3230 3953 3590 3976 3770 3964 3811 3935 3921 3999 3851 4086 3805 4063 3747 4098 3625 4104 3456 4075 3416 4104 3079 4080 3055 4104 2992 4086 2649 4115 2556 4092 2463 4121 2393 4098 2323 4028"/></Shape>
	    <String CONTENT="לא מפני שאוהבני אלא שאי איפש&#39;"
                    HPOS="2318.0"
                    VPOS="3935.0"
                    WIDTH="1603.0"
                    HEIGHT="186.0"></String>
          </TextLine>

          
          
          <TextLine ID="eSc_line_19ca3ef1"
                    
                    BASELINE="2334 4160 3829 4152 3879 4160 3894 4102" 
                    HPOS="2329.0"
                    VPOS="4063.0"
                    WIDTH="1563.0"
                    HEIGHT="186.0">
            <Shape><Polygon POINTS="2329 4156 2399 4092 2451 4115 2655 4115 2962 4109 3009 4086 3032 4109 3398 4121 3456 4075 3607 4109 3758 4098 3817 4063 3892 4098 3851 4214 3602 4208 3532 4237 3468 4214 3427 4231 3392 4202 3334 4237 3270 4214 3241 4237 3148 4220 2666 4243 2620 4208 2585 4243 2428 4249 2335 4167"/></Shape>
	    <String CONTENT="לו שאוכל ˙ וחכמ&#39; אומ&#39; מן היה משתנ&#39;"
                    HPOS="2329.0"
                    VPOS="4063.0"
                    WIDTH="1563.0"
                    HEIGHT="186.0"></String>
          </TextLine>

          
          
          <TextLine ID="eSc_line_e681109c"
                    
                    BASELINE="2272 4299 2377 4291 3058 4295 3248 4284 3391 4284 3469 4276 3879 4280" 
                    HPOS="2271.0"
                    VPOS="4202.0"
                    WIDTH="1604.0"
                    HEIGHT="192.0">
            <Shape><Polygon POINTS="2271 4295 2387 4231 2585 4249 2620 4214 2684 4249 3201 4237 3270 4208 3340 4231 3387 4202 3491 4237 3602 4208 3706 4231 3811 4208 3857 4231 3875 4278 3846 4342 3729 4371 3636 4347 3543 4371 3445 4347 3143 4371 3102 4336 3055 4371 2992 4342 2840 4376 2649 4353 2579 4382 2527 4347 2486 4382 2347 4394 2283 4330"/></Shape>
	    <String CONTENT="להם לישר&#39; לכל דבר שרוצין אלא שלא"
                    HPOS="2271.0"
                    VPOS="4202.0"
                    WIDTH="1604.0"
                    HEIGHT="192.0"></String>
          </TextLine>

          
          
          <TextLine ID="eSc_line_436e208a"
                    
                    BASELINE="2353 4435 3043 4435 3081 4427 3542 4423 3589 4415 3879 4419" 
                    HPOS="2352.0"
                    VPOS="4342.0"
                    WIDTH="1523.0"
                    HEIGHT="174.0">
            <Shape><Polygon POINTS="2352 4429 2393 4388 2480 4382 2521 4347 2556 4382 2649 4353 2794 4382 2957 4371 2986 4342 3032 4371 3822 4359 3875 4417 3851 4493 3753 4493 3712 4464 3677 4498 3613 4504 3137 4504 3061 4475 2980 4504 2893 4481 2846 4516 2782 4493 2579 4510 2550 4487 2445 4516 2358 4446"/></Shape>
	    <String CONTENT="היו רואין בעיניהם אלא מן שנ&#39; בלתי"
                    HPOS="2352.0"
                    VPOS="4342.0"
                    WIDTH="1523.0"
                    HEIGHT="174.0"></String>
          </TextLine>

          
          
          <TextLine ID="eSc_line_51f86fd9"
                    
                    BASELINE="2323 4562 2384 4554 3484 4554 3523 4562 3585 4551 3716 4539 3906 4547" 
                    HPOS="2318.0"
                    VPOS="4464.0"
                    WIDTH="1586.0"
                    HEIGHT="197.0">
            <Shape><Polygon POINTS="2318 4556 2411 4498 2457 4522 2538 4487 2689 4516 2864 4516 2893 4487 3038 4504 3067 4475 3143 4510 3520 4510 3671 4504 3718 4464 3758 4498 3880 4493 3904 4545 3817 4620 3590 4644 3532 4614 3485 4644 3358 4644 3294 4609 3265 4638 3172 4649 3102 4609 3061 4649 2933 4632 2724 4661 2672 4626 2602 4655 2411 4655 2323 4568"/></Shape>
	    <String CONTENT="אל המן עינינו אין לנו אלא מן [שב] [בש&#39;]"
                    HPOS="2318.0"
                    VPOS="4464.0"
                    WIDTH="1586.0"
                    HEIGHT="197.0"></String>
          </TextLine>

          
          
          <TextLine ID="eSc_line_0bef6ae9"
                    
                    BASELINE="2501 4686 2566 4698 3534 4698 3767 4678 3879 4682" 
                    HPOS="2498.0"
                    VPOS="4609.0"
                    WIDTH="1377.0"
                    HEIGHT="197.0">
            <Shape><Polygon POINTS="2498 4684 2655 4644 3067 4649 3108 4609 3160 4649 3265 4649 3299 4614 3346 4649 3834 4632 3875 4678 3834 4765 3724 4783 3497 4771 3462 4742 3404 4794 3270 4789 3172 4748 2945 4806 2602 4765 2504 4783"/></Shape>
	    <String CONTENT="בשחר ואין לנו אלא מן בערב ˙ ˙"
                    HPOS="2498.0"
                    VPOS="4609.0"
                    WIDTH="1377.0"
                    HEIGHT="197.0"></String>
          </TextLine>

          
          
          <TextLine ID="eSc_line_f1aaf94f"
                    
                    BASELINE="2311 4829 2981 4837 3066 4825 3225 4825 3263 4814 3314 4822 3612 4822" 
                    HPOS="2306.0"
                    VPOS="4736.0"
                    WIDTH="1301.0"
                    HEIGHT="198.0">
            <Shape><Polygon POINTS="2306 4823 2347 4823 2416 4760 2463 4789 2730 4783 2945 4812 3172 4760 3305 4800 3392 4794 3462 4736 3596 4783 3607 4818 3590 4899 3480 4899 3433 4858 3195 4916 3131 4864 3096 4893 3026 4829 2893 4835 2800 4928 2701 4934 2393 4922 2312 4841"/></Shape>
	    <String CONTENT="סל&#39; ˙ פס&#39; ˙ ˙ ועתה נפש&#39;"
                    HPOS="2306.0"
                    VPOS="4736.0"
                    WIDTH="1301.0"
                    HEIGHT="198.0"></String>
          </TextLine>

          
          
          <TextLine ID="eSc_line_dbe447a2"
                    
                    BASELINE="2334 4969 2818 4976 3139 4965 3186 4957 3623 4961 3802 4941 3863 4949" 
                    HPOS="2329.0"
                    VPOS="4835.0"
                    WIDTH="1528.0"
                    HEIGHT="226.0">
            <Shape><Polygon POINTS="2329 4963 2416 4916 2823 4922 2928 4835 3003 4911 3044 4916 3137 4864 3189 4911 3276 4876 3352 4905 3817 4893 3857 4945 3817 5021 3758 5038 3695 5021 3410 5044 3282 5015 3247 5044 2707 5038 2649 5061 2422 5061 2335 4974"/></Shape>
	    <String CONTENT="יבישה אין כל בלתי אל המן עינינו [א&#39;]"
                    HPOS="2329.0"
                    VPOS="4835.0"
                    WIDTH="1528.0"
                    HEIGHT="226.0"></String>
          </TextLine>

          
          
          <TextLine ID="eSc_line_00801089"
                    
                    BASELINE="2288 5100 2458 5116 2501 5108 2826 5104 2865 5096 3379 5100 3430 5092 3558 5089 3604 5077 3643 5085 3879 5077" 
                    HPOS="2283.0"
                    VPOS="5015.0"
                    WIDTH="1592.0"
                    HEIGHT="192.0">
            <Shape><Polygon POINTS="2283 5096 2352 5061 2533 5067 2585 5044 3259 5050 3294 5015 3410 5044 3834 5032 3875 5073 3811 5166 3677 5172 3613 5131 3567 5178 3462 5149 3416 5172 3381 5149 3270 5189 2899 5189 2852 5166 2817 5195 2591 5178 2370 5207 2323 5160 2289 5172"/></Shape>
	    <String CONTENT="אמרו עתיד ליפח בתוך כריסינו להורגנו"
                    HPOS="2283.0"
                    VPOS="5015.0"
                    WIDTH="1592.0"
                    HEIGHT="192.0"></String>
          </TextLine>

          
          
          <TextLine ID="eSc_line_141c8290"
                    
                    BASELINE="2334 5243 2601 5243 2648 5236 3472 5239 3511 5232 3612 5228 3651 5216 3689 5224 3875 5224" 
                    HPOS="2329.0"
                    VPOS="5137.0"
                    WIDTH="1540.0"
                    HEIGHT="209.0">
            <Shape><Polygon POINTS="2329 5241 2399 5207 2579 5189 3363 5183 3445 5149 3573 5178 3613 5137 3677 5178 3817 5172 3869 5218 3822 5288 3636 5317 3538 5265 3468 5311 3375 5282 3305 5311 3253 5282 3201 5317 3137 5282 3038 5328 2684 5317 2405 5346 2335 5270"/></Shape>
	    <String CONTENT="יש לך ילוד אשה שאינו מוציא מה"
                    HPOS="2329.0"
                    VPOS="5137.0"
                    WIDTH="1540.0"
                    HEIGHT="209.0"></String>
          </TextLine>

          
          
          <TextLine ID="eSc_line_54f44f66"
                    
                    BASELINE="2323 5379 3120 5379 3647 5359 3891 5363" 
                    HPOS="2318.0"
                    VPOS="5299.0"
                    WIDTH="1568.0"
                    HEIGHT="175.0">
            <Shape><Polygon POINTS="2318 5375 2323 5346 2416 5346 2440 5323 2515 5346 2858 5346 3079 5305 3416 5334 3555 5299 3625 5328 3787 5311 3886 5358 3869 5421 3811 5416 3764 5450 3549 5445 3509 5468 3329 5468 3236 5439 3166 5462 3079 5421 2933 5474 2771 5474 2718 5439 2631 5433 2463 5474 2416 5427 2323 5427"/></Shape>
	    <String CONTENT="שאוכל אמרו לו לר&#39; שמעון ומה אני"
                    HPOS="2318.0"
                    VPOS="5299.0"
                    WIDTH="1568.0"
                    HEIGHT="175.0"></String>
          </TextLine>

          
        </TextBlock>
        
        <TextBlock HPOS="445.0"
                   VPOS="692.0"
                   WIDTH="1564.0"
                   HEIGHT="4753.0"
                   ID="eSc_textblock_6acbb674"
                   TAGREFS="BT2">
          <Shape><Polygon POINTS="476 5414 445 3049 460 727 495 692 1947 708 1965 985 2009 2550 1962 3544 1978 5429 1947 5445"/></Shape>
          
          
          <TextLine ID="eSc_line_e4ea4c5a"
                    
                    BASELINE="526 897 588 878 673 870 727 859 813 859 890 839 929 843 1173 832 1211 824 1962 824" 
                    HPOS="522.0"
                    VPOS="743.0"
                    WIDTH="1435.0"
                    HEIGHT="185.0">
            <Shape><Polygon POINTS="522 893 528 795 714 795 772 748 813 777 1028 743 1098 766 1214 743 1295 789 1353 748 1435 789 1940 777 1957 818 1940 888 1824 917 1783 882 1318 888 1289 911 1220 888 1173 917 1115 882 1028 922 976 888 935 928 528 928"/></Shape>
	    <String CONTENT="מקיים ויתד תהיה לך על אזניך אמ&#39; להם"
                    HPOS="522.0"
                    VPOS="743.0"
                    WIDTH="1435.0"
                    HEIGHT="185.0"></String>
          </TextLine>

          
          
          <TextLine ID="eSc_line_bc4a0515"
                    
                    BASELINE="518 1029 580 1029 634 1013 762 1010 867 994 952 994 1002 1002 1049 990 1173 986 1211 979 1901 982 1959 963" 
                    HPOS="517.0"
                    VPOS="882.0"
                    WIDTH="1440.0"
                    HEIGHT="238.0">
            <Shape><Polygon POINTS="517 1027 633 928 673 957 807 952 917 934 976 882 1022 922 1109 899 1161 928 1574 922 1615 899 1638 922 1835 928 1940 905 1957 957 1940 1044 1911 1062 1783 1068 1754 1044 1708 1068 1551 1068 1289 1027 1220 1062 1074 1068 1022 1033 952 1079 749 1079 720 1102 668 1085 522 1120"/></Shape>
	    <String CONTENT="מה שתגרי אומות העולם מוכרין להם"
                    HPOS="517.0"
                    VPOS="882.0"
                    WIDTH="1440.0"
                    HEIGHT="238.0"></String>
          </TextLine>

          
          
          <TextLine ID="eSc_line_04b5882f"
                    
                    BASELINE="483 1172 542 1164 689 1168 774 1145 816 1153 863 1153 913 1141 979 1141 1025 1133 1111 1137 1300 1126 1599 1118 1959 1122" 
                    HPOS="482.0"
                    VPOS="1033.0"
                    WIDTH="1475.0"
                    HEIGHT="249.0">
            <Shape><Polygon POINTS="482 1166 511 1131 633 1102 970 1079 1028 1033 1080 1073 1231 1073 1289 1033 1342 1068 1917 1062 1957 1120 1917 1184 1859 1166 1795 1213 1708 1184 1574 1219 1522 1178 1429 1178 1359 1213 1318 1184 1278 1213 1138 1224 946 1190 912 1230 737 1213 702 1248 580 1248 522 1282 493 1259"/></Shape>
	    <String CONTENT="יוצא מהן ˙ אבל המן לא היה יוצא מהן"
                    HPOS="482.0"
                    VPOS="1033.0"
                    WIDTH="1475.0"
                    HEIGHT="249.0"></String>
          </TextLine>

          
          
          <TextLine ID="eSc_line_66c45a89"
                    
                    BASELINE="522 1300 592 1300 669 1288 967 1292 1010 1284 1169 1280 1246 1273 1533 1273 1622 1280 1660 1269 1742 1265 1780 1253 1819 1261 1959 1253" 
                    HPOS="517.0"
                    VPOS="1172.0"
                    WIDTH="1440.0"
                    HEIGHT="215.0">
            <Shape><Polygon POINTS="517 1294 580 1253 702 1242 743 1201 784 1236 906 1236 946 1195 1010 1230 1307 1224 1388 1219 1423 1184 1475 1219 1510 1190 1661 1213 1702 1178 1801 1219 1870 1172 1957 1248 1917 1340 1864 1329 1806 1364 1760 1340 1649 1352 1620 1329 1580 1358 1347 1364 1295 1317 1260 1352 1144 1352 1115 1329 1022 1369 970 1329 917 1375 522 1387"/></Shape>
	    <String CONTENT="לעולם שנ&#39; לחם אבירים לחם המ(ו)בלע [ב&#39;]"
                    HPOS="517.0"
                    VPOS="1172.0"
                    WIDTH="1440.0"
                    HEIGHT="215.0"></String>
          </TextLine>

          
          
          <TextLine ID="eSc_line_2d50d211"
                    
                    BASELINE="476 1435 627 1447 820 1428 1041 1431 1080 1424 1316 1420 1358 1412 1916 1416 1978 1397" 
                    HPOS="470.0"
                    VPOS="1317.0"
                    WIDTH="1505.0"
                    HEIGHT="215.0">
            <Shape><Polygon POINTS="470 1433 551 1387 923 1375 964 1335 1010 1369 1179 1340 1243 1358 1295 1317 1382 1364 1911 1340 1957 1352 1975 1393 1928 1491 1812 1468 1783 1491 1435 1509 1347 1497 1307 1457 1260 1497 935 1491 830 1532 737 1520 708 1491 673 1520 575 1526 488 1439"/></Shape>
	    <String CONTENT="באיברים ˙ אין כל בלתי אל המן עינינו [א&#39;]"
                    HPOS="470.0"
                    VPOS="1317.0"
                    WIDTH="1505.0"
                    HEIGHT="215.0"></String>
          </TextLine>

          
          
          <TextLine ID="eSc_line_118d1a5f"
                    
                    BASELINE="476 1578 778 1567 1045 1571 1095 1563 1285 1559 1331 1551 1850 1555 1943 1528" 
                    HPOS="470.0"
                    VPOS="1462.0"
                    WIDTH="1470.0"
                    HEIGHT="215.0">
            <Shape><Polygon POINTS="470 1573 476 1526 522 1480 575 1532 702 1503 836 1532 941 1486 976 1509 1254 1509 1307 1462 1347 1503 1923 1491 1940 1526 1923 1625 1812 1642 1498 1619 1382 1648 1144 1625 854 1660 575 1648 546 1677 476 1660"/></Shape>
	    <String CONTENT="אתה סבור שכל מה שאמ&#39; זה אל זה על"
                    HPOS="470.0"
                    VPOS="1462.0"
                    WIDTH="1470.0"
                    HEIGHT="215.0"></String>
          </TextLine>

          
          
          <TextLine ID="eSc_line_81c6d61a"
                    
                    BASELINE="464 1714 526 1726 603 1726 685 1718 898 1714 944 1706 1157 1710 1246 1702 1490 1698 1533 1687 1571 1695 1657 1691 1835 1695 1986 1683" 
                    HPOS="458.0"
                    VPOS="1631.0"
                    WIDTH="1523.0"
                    HEIGHT="185.0">
            <Shape><Polygon POINTS="458 1712 580 1648 662 1671 697 1648 842 1666 1156 1631 1917 1637 1981 1677 1963 1741 1905 1782 1789 1747 1748 1776 1574 1787 1469 1764 1080 1793 952 1770 859 1799 697 1782 656 1805 604 1770 528 1816 464 1753"/></Shape>
	    <String CONTENT="מה שאומר זה אומ&#39; זה ויש אומ&#39; בלתי"
                    HPOS="458.0"
                    VPOS="1631.0"
                    WIDTH="1523.0"
                    HEIGHT="185.0"></String>
          </TextLine>

          
          
          <TextLine ID="eSc_line_749565a9"
                    
                    BASELINE="445 1853 511 1865 642 1865 685 1857 890 1853 929 1845 1149 1849 1595 1838 1676 1830 1804 1834 1986 1822" 
                    HPOS="441.0"
                    VPOS="1747.0"
                    WIDTH="1540.0"
                    HEIGHT="203.0">
            <Shape><Polygon POINTS="441 1851 482 1816 563 1816 604 1776 644 1811 697 1782 743 1805 1719 1787 1795 1747 1981 1816 1882 1909 1818 1886 1789 1915 1713 1904 1667 1938 1609 1909 1400 1927 1365 1892 1330 1927 923 1944 871 1921 807 1933 766 1898 702 1950 551 1950 447 1880"/></Shape>
	    <String CONTENT="אל המן עינינו והמקום מפיים לכל באי"
                    HPOS="441.0"
                    VPOS="1747.0"
                    WIDTH="1540.0"
                    HEIGHT="203.0"></String>
          </TextLine>

          
          
          <TextLine ID="eSc_line_08503a76"
                    
                    BASELINE="464 1993 522 2004 600 1996 936 1993 975 1981 1014 1989 1467 1989 1691 1977 1738 1969 1974 1973" 
                    HPOS="458.0"
                    VPOS="1892.0"
                    WIDTH="1511.0"
                    HEIGHT="191.0">
            <Shape><Polygon POINTS="458 1991 493 1915 551 1950 644 1950 720 1944 766 1898 824 1944 1330 1927 1365 1892 1405 1927 1458 1909 1673 1938 1731 1904 1760 1927 1928 1927 1969 1967 1946 2049 1830 2066 1632 2066 1458 2031 1342 2066 1016 2054 830 2083 784 2060 499 2078 464 2043"/></Shape>
	    <String CONTENT="העולם ואומ&#39; להם בואו ראו על מה אילו"
                    HPOS="458.0"
                    VPOS="1892.0"
                    WIDTH="1511.0"
                    HEIGHT="191.0"></String>
          </TextLine>

          
          
          <TextLine ID="eSc_line_12b99f94"
                    
                    BASELINE="464 2120 1219 2128 1262 2120 1684 2109 1993 2109" 
                    HPOS="458.0"
                    VPOS="2031.0"
                    WIDTH="1534.0"
                    HEIGHT="198.0">
            <Shape><Polygon POINTS="458 2118 505 2078 563 2072 1336 2072 1435 2060 1464 2031 1522 2060 1911 2054 1992 2107 1917 2194 1376 2200 1266 2165 1231 2200 1138 2211 941 2188 848 2211 766 2182 598 2217 557 2188 511 2229 464 2182"/></Shape>
	    <String CONTENT="מתרעמין לפני ˙ והמן כזרע גד הוא [וע&#39;]"
                    HPOS="458.0"
                    VPOS="2031.0"
                    WIDTH="1534.0"
                    HEIGHT="198.0"></String>
          </TextLine>

          
          
          <TextLine ID="eSc_line_8b2bb323"
                    
                    BASELINE="483 2248 542 2267 998 2267 1045 2260 1432 2256 1614 2248 1974 2252" 
                    HPOS="482.0"
                    VPOS="2171.0"
                    WIDTH="1487.0"
                    HEIGHT="180.0">
            <Shape><Polygon POINTS="482 2246 557 2188 586 2217 726 2211 772 2182 813 2211 1138 2217 1225 2211 1266 2171 1313 2205 1870 2188 1917 2194 1969 2246 1923 2327 1586 2351 1446 2339 1400 2304 1243 2345 1080 2345 1051 2316 1010 2339 976 2304 935 2345 888 2322 848 2345 598 2351 528 2345 488 2304"/></Shape>
	    <String CONTENT="ועינו כעין הבדולח כעיניין שנ&#39; וזהב [ה&#39;]"
                    HPOS="482.0"
                    VPOS="2171.0"
                    WIDTH="1487.0"
                    HEIGHT="180.0"></String>
          </TextLine>

          
          
          <TextLine ID="eSc_line_09fb99fc"
                    
                    BASELINE="460 2391 758 2399 1053 2395 1099 2387 1958 2391" 
                    HPOS="458.0"
                    VPOS="2304.0"
                    WIDTH="1499.0"
                    HEIGHT="174.0">
            <Shape><Polygon POINTS="458 2385 528 2345 935 2351 976 2310 1010 2339 1045 2316 1074 2339 1254 2339 1394 2304 1562 2345 1923 2327 1957 2385 1923 2461 1748 2443 1708 2478 1661 2455 546 2478 464 2403"/></Shape>
	    <String CONTENT="הארץ ההיא → שם הבדולח כיוצא בו [א&#39;]"
                    HPOS="458.0"
                    VPOS="2304.0"
                    WIDTH="1499.0"
                    HEIGHT="174.0"></String>
          </TextLine>

          
          
          <TextLine ID="eSc_line_9e4257ed"
                    
                    BASELINE="460 2523 530 2523 573 2530 1982 2530" 
                    HPOS="458.0"
                    VPOS="2455.0"
                    WIDTH="1523.0"
                    HEIGHT="163.0">
            <Shape><Polygon POINTS="458 2519 522 2478 1475 2484 1580 2455 1609 2478 1923 2472 1981 2525 1911 2606 1551 2618 1400 2618 1359 2589 1318 2612 1103 2612 1074 2583 987 2612 807 2583 755 2618 604 2594 546 2618 464 2536"/></Shape>
	    <String CONTENT="אתה אומ&#39; ויכר יהודה ויאמר צדקה"
                    HPOS="458.0"
                    VPOS="2455.0"
                    WIDTH="1523.0"
                    HEIGHT="163.0"></String>
          </TextLine>

          
          
          <TextLine ID="eSc_line_c132547a"
                    
                    BASELINE="429 2658 530 2670 1997 2670" 
                    HPOS="424.0"
                    VPOS="2583.0"
                    WIDTH="1568.0"
                    HEIGHT="174.0">
            <Shape><Polygon POINTS="424 2652 511 2612 737 2623 859 2583 900 2618 987 2618 1074 2583 1150 2618 1923 2606 1992 2664 1923 2739 1864 2716 1824 2751 1214 2751 1179 2716 1127 2751 981 2751 912 2722 842 2757 697 2734 575 2757 522 2745 435 2658"/></Shape>
	    <String CONTENT="ממני והמקום הכת&#39; על ידו ולא יסף עוד"
                    HPOS="424.0"
                    VPOS="2583.0"
                    WIDTH="1568.0"
                    HEIGHT="174.0"></String>
          </TextLine>

          
          
          <TextLine ID="eSc_line_4cfc2d3e"
                    
                    BASELINE="491 2798 592 2809 1939 2809 1993 2798" 
                    HPOS="488.0"
                    VPOS="2716.0"
                    WIDTH="1504.0"
                    HEIGHT="192.0">
            <Shape><Polygon POINTS="488 2792 534 2745 691 2768 714 2745 854 2757 946 2728 976 2757 1074 2757 1185 2722 1220 2757 1568 2757 1830 2751 1864 2716 1992 2792 1911 2879 1847 2885 1824 2861 1754 2896 772 2879 743 2908 697 2879 610 2896 493 2832"/></Shape>
	    <String CONTENT="לדעתה כיוצא בו [ואתה עייף] על ישר&#39;"
                    HPOS="488.0"
                    VPOS="2716.0"
                    WIDTH="1504.0"
                    HEIGHT="192.0"></String>
          </TextLine>

          
          
          <TextLine ID="eSc_line_15fd01c4"
                    
                    BASELINE="468 2933 526 2952 576 2945 1897 2948 2005 2937" 
                    HPOS="464.0"
                    VPOS="2856.0"
                    WIDTH="1540.0"
                    HEIGHT="185.0">
            <Shape><Polygon POINTS="464 2931 551 2856 610 2896 743 2908 778 2879 1928 2885 2004 2931 1923 3018 1812 3024 1580 2995 1522 3018 1475 2989 1388 3024 1161 3030 1132 3001 784 3024 755 3001 546 3041 470 2966"/></Shape>
	    <String CONTENT="הוא אומ&#39; ˙ ואתה עייף ויגע ועל עמלק"
                    HPOS="464.0"
                    VPOS="2856.0"
                    WIDTH="1540.0"
                    HEIGHT="185.0"></String>
          </TextLine>

          
          
          <TextLine ID="eSc_line_cc7faabf"
                    
                    BASELINE="507 3076 565 3068 1893 3068 1993 3076" 
                    HPOS="505.0"
                    VPOS="2995.0"
                    WIDTH="1487.0"
                    HEIGHT="157.0">
            <Shape><Polygon POINTS="505 3070 580 3024 1121 3001 1161 3030 1394 3024 1458 2995 1516 3018 1917 3018 1992 3070 1928 3152 1179 3146 1121 3111 1063 3146 929 3128 592 3152 511 3082"/></Shape>
	    <String CONTENT="הוא אומ&#39; ולא ירא ﭏקים ˙ כיוצא בו"
                    HPOS="505.0"
                    VPOS="2995.0"
                    WIDTH="1487.0"
                    HEIGHT="157.0"></String>
          </TextLine>

          
          
          <TextLine ID="eSc_line_b7131d1d"
                    
                    BASELINE="522 3185 677 3196 1227 3192 1266 3200 1560 3200 1881 3212 1978 3196" 
                    HPOS="517.0"
                    VPOS="3111.0"
                    WIDTH="1458.0"
                    HEIGHT="180.0">
            <Shape><Polygon POINTS="517 3181 569 3146 1074 3146 1115 3111 1196 3152 1905 3152 1975 3192 1923 3279 1760 3256 1713 3291 598 3274 522 3215"/></Shape>
	    <String CONTENT="מדוע בושש רכבו לבוא אמרה אמו"
                    HPOS="517.0"
                    VPOS="3111.0"
                    WIDTH="1458.0"
                    HEIGHT="180.0"></String>
          </TextLine>

          
          
          <TextLine ID="eSc_line_2c87a245"
                    
                    BASELINE="514 3312 654 3324 898 3328 936 3335 1978 3335" 
                    HPOS="511.0"
                    VPOS="3256.0"
                    WIDTH="1464.0"
                    HEIGHT="168.0">
            <Shape><Polygon POINTS="511 3308 569 3268 1725 3291 1777 3256 1824 3285 1934 3285 1975 3332 1893 3424 1127 3419 1045 3413 1005 3378 970 3413 743 3424 557 3413 517 3372"/></Shape>
	    <String CONTENT="של סיסרא חכמות שרותיה תענינה"
                    HPOS="511.0"
                    VPOS="3256.0"
                    WIDTH="1464.0"
                    HEIGHT="168.0"></String>
          </TextLine>

          
          
          <TextLine ID="eSc_line_0c1d341c"
                    
                    BASELINE="464 3452 580 3459 662 3452 704 3463 979 3475 1916 3471 1970 3479" 
                    HPOS="458.0"
                    VPOS="3378.0"
                    WIDTH="1511.0"
                    HEIGHT="192.0">
            <Shape><Polygon POINTS="458 3448 505 3401 964 3419 1005 3378 1039 3413 1202 3424 1917 3424 1969 3477 1917 3558 1864 3570 1824 3541 1783 3570 1342 3558 1307 3529 1260 3558 1086 3552 1039 3506 946 3552 644 3529 517 3546 464 3494"/></Shape>
	    <String CONTENT="אף היא תשיב אמריה לה אמרה אשתו"
                    HPOS="458.0"
                    VPOS="3378.0"
                    WIDTH="1511.0"
                    HEIGHT="192.0"></String>
          </TextLine>

          
          
          <TextLine ID="eSc_line_98d6426a"
                    
                    BASELINE="468 3587 627 3599 836 3595 875 3602 1068 3614 1366 3610 1649 3630 1966 3630" 
                    HPOS="464.0"
                    VPOS="3512.0"
                    WIDTH="1499.0"
                    HEIGHT="197.0">
            <Shape><Polygon POINTS="464 3581 627 3541 952 3552 1039 3512 1092 3564 1260 3570 1307 3535 1342 3570 1777 3581 1824 3546 1934 3575 1963 3628 1934 3703 1539 3709 1260 3674 888 3697 819 3674 551 3680 470 3593"/></Shape>
	    <String CONTENT="הלא ימצאו יחלקו שלל נגלו דברים"
                    HPOS="464.0"
                    VPOS="3512.0"
                    WIDTH="1499.0"
                    HEIGHT="197.0"></String>
          </TextLine>

          
          
          <TextLine ID="eSc_line_72d109f4"
                    
                    BASELINE="445 3726 553 3719 600 3726 747 3730 793 3738 1180 3734 1227 3742 1343 3746 1382 3753 1897 3753 1993 3742" 
                    HPOS="441.0"
                    VPOS="3668.0"
                    WIDTH="1551.0"
                    HEIGHT="163.0">
            <Shape><Polygon POINTS="441 3721 499 3668 824 3674 888 3697 1254 3668 1568 3709 1928 3703 1992 3738 1899 3831 1353 3831 1307 3784 1237 3825 1121 3796 894 3813 836 3790 604 3813 499 3802 447 3750"/></Shape>
	    <String CONTENT="שאמרה אמו ˙ של סיסרא לדבורה ברוח"
                    HPOS="441.0"
                    VPOS="3668.0"
                    WIDTH="1551.0"
                    HEIGHT="163.0"></String>
          </TextLine>

          
          
          <TextLine ID="eSc_line_e7373646"
                    
                    BASELINE="414 3850 518 3862 677 3858 754 3866 847 3866 890 3870 929 3881 975 3873 1281 3873 1506 3893 2001 3885" 
                    HPOS="412.0"
                    VPOS="3790.0"
                    WIDTH="1586.0"
                    HEIGHT="186.0">
            <Shape><Polygon POINTS="412 3848 522 3802 842 3796 964 3825 1121 3802 1173 3831 1266 3831 1307 3790 1353 3837 1957 3837 1998 3883 1981 3947 1824 3976 1737 3947 1249 3964 1202 3935 1161 3964 1132 3941 935 3964 894 3924 836 3947 493 3947 418 3871"/></Shape>
	    <String CONTENT="הקודש אמרה לה אל תצפי לבנו סיסרא"
                    HPOS="412.0"
                    VPOS="3790.0"
                    WIDTH="1586.0"
                    HEIGHT="186.0"></String>
          </TextLine>

          
          
          <TextLine ID="eSc_line_28beaf31"
                    
                    BASELINE="483 3978 712 3993 758 4001 971 3997 1018 4005 1153 4009 1192 4017 1746 4013 1831 4032 1970 4020" 
                    HPOS="482.0"
                    VPOS="3918.0"
                    WIDTH="1487.0"
                    HEIGHT="191.0">
            <Shape><Polygon POINTS="482 3976 563 3935 807 3953 888 3918 929 3959 1150 3970 1191 3935 1295 3970 1917 3970 1952 3976 1969 4017 1928 4104 1783 4109 1708 4075 1597 4109 1562 4080 1388 4098 1336 4057 1289 4098 1022 4086 993 4063 958 4086 923 4057 615 4080 557 4069 488 3999"/></Shape>
	    <String CONTENT="מעתה כן יאבדו כל אויביך ייי כיוצא בו"
                    HPOS="482.0"
                    VPOS="3918.0"
                    WIDTH="1487.0"
                    HEIGHT="191.0"></String>
          </TextLine>

          
          
          <TextLine ID="eSc_line_761a02b1"
                    
                    BASELINE="433 4113 584 4125 797 4121 913 4133 960 4144 1006 4137 1138 4137 1417 4148 1459 4156 1939 4152 1993 4160" 
                    HPOS="429.0"
                    VPOS="4063.0"
                    WIDTH="1563.0"
                    HEIGHT="180.0">
            <Shape><Polygon POINTS="429 4109 499 4069 929 4069 970 4092 999 4063 1028 4086 1289 4104 1342 4063 1382 4098 1580 4098 1620 4121 1719 4080 1783 4115 1928 4109 1992 4156 1905 4243 1777 4231 1742 4202 1696 4243 1615 4243 1539 4220 1301 4237 1103 4208 819 4214 702 4197 656 4156 615 4191 505 4208 435 4138"/></Shape>
	    <String CONTENT="אוי לנו מי יצילנו מיד הﭏקים האדירים"
                    HPOS="429.0"
                    VPOS="4063.0"
                    WIDTH="1563.0"
                    HEIGHT="180.0"></String>
          </TextLine>

          
          
          <TextLine ID="eSc_line_614d9164"
                    
                    BASELINE="464 4237 704 4249 751 4245 917 4264 1002 4260 1126 4268 1223 4284 1262 4276 1451 4280 1537 4287 1579 4299 1622 4291 1835 4291 1986 4299" 
                    HPOS="458.0"
                    VPOS="4162.0"
                    WIDTH="1523.0"
                    HEIGHT="226.0">
            <Shape><Polygon POINTS="458 4231 650 4162 813 4214 1318 4237 1696 4243 1742 4202 1795 4237 1928 4249 1981 4295 1905 4388 1673 4359 1603 4382 1464 4353 1423 4376 1307 4342 1272 4371 1132 4347 1051 4365 1005 4324 946 4359 912 4330 563 4330 464 4243"/></Shape>
	    <String CONTENT="האלה עד כאן אמרו צדיקים אבל [רש&#39;]"
                    HPOS="458.0"
                    VPOS="4162.0"
                    WIDTH="1523.0"
                    HEIGHT="226.0"></String>
          </TextLine>

          
          
          <TextLine ID="eSc_line_0fb88404"
                    
                    BASELINE="491 4373 685 4388 727 4384 913 4396 956 4404 1095 4400 1134 4407 1227 4411 1269 4423 1316 4415 1521 4415 1664 4435 1928 4431 1986 4438" 
                    HPOS="488.0"
                    VPOS="4318.0"
                    WIDTH="1493.0"
                    HEIGHT="204.0">
            <Shape><Polygon POINTS="488 4371 534 4330 604 4318 941 4353 993 4324 1045 4365 1260 4371 1313 4342 1417 4382 1452 4353 1603 4382 1957 4371 1981 4435 1963 4510 1684 4522 1435 4487 1237 4498 1214 4469 1115 4498 662 4469 546 4458 493 4405"/></Shape>
	    <String CONTENT="רשעים אומ&#39; אלה הם הﭏקים המכים"
                    HPOS="488.0"
                    VPOS="4318.0"
                    WIDTH="1493.0"
                    HEIGHT="204.0"></String>
          </TextLine>

          
          
          <TextLine ID="eSc_line_2d74a41c"
                    
                    BASELINE="507 4516 573 4508 774 4527 905 4524 1072 4543 1196 4539 1455 4558 1668 4554 1711 4562 1962 4570" 
                    HPOS="505.0"
                    VPOS="4458.0"
                    WIDTH="1452.0"
                    HEIGHT="197.0">
            <Shape><Polygon POINTS="505 4510 569 4458 1150 4504 1208 4469 1243 4504 1928 4516 1957 4568 1917 4638 1795 4655 1475 4638 1440 4597 1394 4644 1161 4614 999 4632 935 4585 865 4620 708 4603 668 4568 610 4591 511 4510"/></Shape>
	    <String CONTENT="את מצרים אמרו לו עשר מכות היו"
                    HPOS="505.0"
                    VPOS="4458.0"
                    WIDTH="1452.0"
                    HEIGHT="197.0"></String>
          </TextLine>

          
          
          <TextLine ID="eSc_line_55a81547"
                    
                    BASELINE="483 4640 724 4647 789 4663 886 4663 1339 4686 1393 4690 1440 4702 1525 4694 1777 4694 2001 4705" 
                    HPOS="482.0"
                    VPOS="4562.0"
                    WIDTH="1516.0"
                    HEIGHT="227.0">
            <Shape><Polygon POINTS="482 4638 563 4562 604 4597 673 4574 761 4614 1051 4638 1394 4644 1446 4603 1516 4649 1830 4661 1888 4626 1998 4702 1917 4783 1719 4789 1347 4765 1313 4731 1266 4771 1214 4748 1109 4760 1051 4731 1010 4760 766 4748 732 4719 673 4736 650 4707 534 4725 488 4678"/></Shape>
	    <String CONTENT="לו הביאם על המצריים שוב אין לו [מב&#39;]"
                    HPOS="482.0"
                    VPOS="4562.0"
                    WIDTH="1516.0"
                    HEIGHT="227.0"></String>
          </TextLine>

          
          
          <TextLine ID="eSc_line_5d98a2fc"
                    
                    BASELINE="491 4763 557 4775 596 4771 712 4787 1053 4806 1091 4802 1277 4814 1320 4822 1490 4822 1529 4814 1571 4825 1695 4837 1978 4837" 
                    HPOS="488.0"
                    VPOS="4713.0"
                    WIDTH="1487.0"
                    HEIGHT="209.0">
            <Shape><Polygon POINTS="488 4760 551 4713 650 4713 766 4754 1010 4760 1051 4736 1144 4765 1272 4765 1313 4731 1347 4765 1481 4777 1917 4783 1975 4835 1940 4911 1841 4922 1708 4916 1644 4887 1609 4911 1376 4882 906 4887 859 4864 546 4852 493 4800"/></Shape>
	    <String CONTENT="מכה מעתה אמ&#39; להם הק&#39;ב&#39;ה&#39; אתם אומ&#39; [ש&#39;]"
                    HPOS="488.0"
                    VPOS="4713.0"
                    WIDTH="1487.0"
                    HEIGHT="209.0"></String>
          </TextLine>

          
          
          <TextLine ID="eSc_line_04f35e74"
                    
                    BASELINE="476 4903 542 4903 619 4914 739 4911 871 4930 960 4926 1095 4934 1138 4938 1176 4949 1397 4941 1436 4949 1490 4949 1548 4965 1602 4957 1928 4957 1986 4965" 
                    HPOS="470.0"
                    VPOS="4841.0"
                    WIDTH="1511.0"
                    HEIGHT="209.0">
            <Shape><Polygon POINTS="470 4899 522 4852 639 4841 685 4870 1069 4899 1638 4887 1696 4916 1928 4922 1981 4963 1899 5044 1719 5050 1591 5003 1498 5032 1016 5021 952 4974 912 5009 691 5009 644 4974 522 4974 476 4928"/></Shape>
	    <String CONTENT="שאין לי מכה מעתה אני אביא עליכם"
                    HPOS="470.0"
                    VPOS="4841.0"
                    WIDTH="1511.0"
                    HEIGHT="209.0"></String>
          </TextLine>

          
          
          <TextLine ID="eSc_line_806d63bf"
                    
                    BASELINE="491 5042 600 5038 689 5046 727 5058 859 5050 991 5061 1037 5073 1188 5061 1273 5077 1571 5085 1726 5100 1962 5100" 
                    HPOS="488.0"
                    VPOS="4980.0"
                    WIDTH="1469.0"
                    HEIGHT="215.0">
            <Shape><Polygon POINTS="488 5038 540 4980 784 5015 929 5009 952 4986 1039 5027 1545 5044 1597 5009 1742 5056 1928 5050 1957 5096 1928 5183 1818 5195 1731 5166 1446 5172 1359 5131 1278 5166 720 5143 604 5125 493 5038"/></Shape>
	    <String CONTENT="מכה שלא נחייתה בעולם והיה אחד"
                    HPOS="488.0"
                    VPOS="4980.0"
                    WIDTH="1469.0"
                    HEIGHT="215.0"></String>
          </TextLine>

          
          
          <TextLine ID="eSc_line_2718dc42"
                    
                    BASELINE="491 5181 553 5178 704 5193 832 5189 1087 5209 1219 5205 1432 5224 1653 5220 1819 5236 1974 5239" 
                    HPOS="488.0"
                    VPOS="5090.0"
                    WIDTH="1481.0"
                    HEIGHT="233.0">
            <Shape><Polygon POINTS="488 5178 551 5090 592 5131 691 5143 1928 5183 1969 5236 1928 5317 1771 5323 1690 5282 1632 5311 1208 5276 1161 5299 987 5270 673 5276 551 5259 493 5207"/></Shape>
	    <String CONTENT="מהן יושב בטבור ועכבר יוצא מן [הת&#39;]"
                    HPOS="488.0"
                    VPOS="5090.0"
                    WIDTH="1481.0"
                    HEIGHT="233.0"></String>
          </TextLine>

          
          
          <TextLine ID="eSc_line_1ae9eebe"
                    
                    BASELINE="511 5305 762 5332 936 5332 1115 5348 1386 5344 1506 5363 1730 5363 1947 5379 2009 5367" 
                    HPOS="505.0"
                    VPOS="5253.0"
                    WIDTH="1499.0"
                    HEIGHT="209.0">
            <Shape><Polygon POINTS="505 5299 517 5253 563 5253 586 5276 941 5270 964 5294 1161 5282 1220 5305 1731 5305 1870 5334 1992 5317 2004 5363 1986 5450 1957 5462 1841 5433 1777 5456 1742 5416 1702 5450 1644 5445 1615 5410 1452 5410 1423 5439 1359 5439 1063 5404 1028 5421 993 5387 952 5416 883 5416 819 5381 772 5404 668 5369 511 5369"/></Shape>
	    <String CONTENT="התהום ושומט אף בני מעיו וחוזר"
                    HPOS="505.0"
                    VPOS="5253.0"
                    WIDTH="1499.0"
                    HEIGHT="209.0"></String>
          </TextLine>

          
        </TextBlock>
        
        <TextBlock HPOS="1969.0"
                   VPOS="2312.0"
                   WIDTH="182.0"
                   HEIGHT="156.0"
                   ID="eSc_textblock_55447281"
                   TAGREFS="BT225">
          <Shape><Polygon POINTS="2151 2312 1969 2312 1969 2468 2151 2468"/></Shape>
          
          
          <TextLine ID="eSc_line_8acfc5ff"
                    
                    BASELINE="1966 2391 2032 2391 2148 2380" 
                    HPOS="1966"
                    VPOS="2350"
                    WIDTH="184"
                    HEIGHT="71">
            <Shape><Polygon POINTS="1966 2361 2032 2361 2145 2350 2150 2409 2032 2421 1966 2421"/></Shape>
	    <String CONTENT="טוב"
                    HPOS="1966"
                    VPOS="2350"
                    WIDTH="184"
                    HEIGHT="71"></String>
          </TextLine>

          
        </TextBlock>
        
        <TextBlock HPOS="1089.0"
                   VPOS="6188.0"
                   WIDTH="310.0"
                   HEIGHT="281.0"
                   ID="eSc_textblock_0ac4c919"
                   TAGREFS="BT226">
          <Shape><Polygon POINTS="1399 6391 1389 6222 1343 6188 1146 6203 1095 6253 1089 6391 1155 6469 1294 6453"/></Shape>
          
          
          <TextLine ID="eSc_line_b3640314"
                    
                    BASELINE="1093 6319 1387 6318" 
                    HPOS="1092.0"
                    VPOS="6205.0"
                    WIDTH="279.0"
                    HEIGHT="261.0">
            <Shape><Polygon POINTS="1092 6315 1127 6217 1185 6251 1260 6251 1318 6205 1371 6222 1371 6437 1330 6460 1249 6437 1179 6466 1103 6455"/></Shape>
	    <String CONTENT="לתהום"
                    HPOS="1092.0"
                    VPOS="6205.0"
                    WIDTH="279.0"
                    HEIGHT="261.0"></String>
          </TextLine>

          
        </TextBlock>
        
        <TextBlock HPOS="1964.0"
                   VPOS="1347.0"
                   WIDTH="372.0"
                   HEIGHT="400.0"
                   ID="eSc_textblock_6a2c8dbd"
                   TAGREFS="BT4">
          <Shape><Polygon POINTS="1964 1347 1964 1747 2336 1747 2336 1347"/></Shape>
          
        </TextBlock>
        

        
      </PrintSpace>
    </Page>
  </Layout>
</alto>
