<?xml version="1.0" encoding="UTF-8"?>
<alto xmlns:xsi="http://www.w3.org/2001/XMLSchema-instance"
      xmlns="http://www.loc.gov/standards/alto/ns-v4#"
      xsi:schemaLocation="http://www.loc.gov/standards/alto/ns-v4# http://www.loc.gov/standards/alto/v4/alto-4-2.xsd">
  <Description>
    <MeasurementUnit>pixel</MeasurementUnit>
    <sourceImageInformation>
      <fileName>add_ms_16406_f328r.jpg</fileName>
      
    </sourceImageInformation>
  </Description>
  
  <Tags>
    <OtherTag ID="BT1" LABEL="Title" DESCRIPTION="block type Title"/><OtherTag ID="BT2" LABEL="Main" DESCRIPTION="block type Main"/><OtherTag ID="BT3" LABEL="Commentary" DESCRIPTION="block type Commentary"/><OtherTag ID="BT4" LABEL="Illustration" DESCRIPTION="block type Illustration"/><OtherTag ID="BT224" LABEL="Hole" DESCRIPTION="block type Hole"/><OtherTag ID="BT225" LABEL="Margin" DESCRIPTION="block type Margin"/><OtherTag ID="BT226" LABEL="Paratext" DESCRIPTION="block type Paratext"/>
    <OtherTag ID="LT2" LABEL="Numbering" DESCRIPTION="line type Numbering"/><OtherTag ID="LT3" LABEL="Correction" DESCRIPTION="line type Correction"/><OtherTag ID="LT329" LABEL="Gloss" DESCRIPTION="line type Gloss"/>
  </Tags>
  
  <Layout>
    <Page WIDTH="4375"
          HEIGHT="6449"
          PHYSICAL_IMG_NR="655"
          ID="eSc_dummypage_">
      <PrintSpace HPOS="0"
                  VPOS="0"
                  WIDTH="4375"
                  HEIGHT="6449">
        
        <TextBlock HPOS="2630.0"
                   VPOS="669.0"
                   WIDTH="1329.0"
                   HEIGHT="4414.0"
                   ID="eSc_textblock_81dff460"
                   TAGREFS="BT2">
          <Shape><Polygon POINTS="3876 5083 3945 5069 3959 4668 3902 2060 3927 700 2676 669 2630 1461 2630 5055 3876 5083"/></Shape>
          
          
          <TextLine ID="eSc_line_8028cdc9"
                    
                    BASELINE="2665 784 2902 795 3013 791 3300 806 3468 820 3906 912" 
                    HPOS="2660.0"
                    VPOS="677.0"
                    WIDTH="1242.0"
                    HEIGHT="301.0">
            <Shape><Polygon POINTS="2660 779 2681 677 2923 709 2956 682 2977 704 3042 677 3074 709 3224 736 3418 704 3724 747 3751 784 3859 795 3896 832 3902 908 3880 978 3853 978 3794 940 3762 951 3627 908 3579 918 3439 881 3402 902 3380 875 3214 854 2950 859 2708 827 2665 790"/></Shape>
	    <String CONTENT="כך דברי תורה מכוונין דעתו של אדם מדרכי"
                    HPOS="2660.0"
                    VPOS="677.0"
                    WIDTH="1242.0"
                    HEIGHT="301.0"></String>
          </TextLine>

          
          
          <TextLine ID="eSc_line_9431aac6"
                    
                    BASELINE="2690 924 2909 938 3038 938 3085 931 3124 942 3239 953 3328 949 3432 963 3472 963 3550 981 3586 978 3661 996 3701 996 3895 1048" 
                    HPOS="2687.0"
                    VPOS="859.0"
                    WIDTH="1204.0"
                    HEIGHT="253.0">
            <Shape><Polygon POINTS="2687 918 2757 859 2810 897 3004 875 3106 897 3208 859 3240 902 3364 918 3445 881 3498 913 3525 902 3574 945 3627 918 3660 956 3724 924 3751 956 3778 945 3885 994 3891 1047 3869 1107 3842 1112 3563 1031 3353 1031 3262 1004 3214 1021 3187 994 3128 1031 3095 1004 2907 1026 2816 999 2773 1026 2687 978"/></Shape>
	    <String CONTENT="מיתה לדרכי חיים ולא השומע מפי חכם [כשמ&#39;]"
                    HPOS="2687.0"
                    VPOS="859.0"
                    WIDTH="1204.0"
                    HEIGHT="253.0"></String>
          </TextLine>

          
          
          <TextLine ID="eSc_line_428faadb"
                    
                    BASELINE="2705 1067 2837 1074 2877 1081 3192 1078 3360 1096 3443 1092 3550 1110 3601 1103 3647 1121 3683 1124 3719 1139 3758 1139 3852 1173 3906 1173" 
                    HPOS="2703.0"
                    VPOS="1004.0"
                    WIDTH="1199.0"
                    HEIGHT="232.0">
            <Shape><Polygon POINTS="2703 1064 2719 1031 2789 1021 3122 1031 3192 1004 3257 1042 3332 1015 3369 1053 3472 1021 3633 1069 3810 1085 3902 1171 3875 1225 3832 1236 3751 1203 3708 1225 3633 1171 3595 1187 3482 1160 3461 1182 3359 1182 3283 1150 3214 1166 3154 1123 3085 1155 3020 1123 2945 1160 2741 1160 2708 1133"/></Shape>
	    <String CONTENT="כשומע מפי סנהדרין שנ&#39; בעלי אסופות ואין"
                    HPOS="2703.0"
                    VPOS="1004.0"
                    WIDTH="1199.0"
                    HEIGHT="232.0"></String>
          </TextLine>

          
          
          <TextLine ID="eSc_line_664e5195"
                    
                    BASELINE="2716 1200 2816 1200 2934 1210 3142 1207 3239 1214 3303 1228 3339 1221 3378 1221 3457 1228 3507 1239 3543 1236 3618 1253 3658 1250 3694 1264 3765 1279 3902 1306" 
                    HPOS="2714.0"
                    VPOS="1150.0"
                    WIDTH="1182.0"
                    HEIGHT="225.0">
            <Shape><Polygon POINTS="2714 1198 2730 1160 2891 1150 3004 1171 3219 1171 3262 1150 3289 1171 3547 1203 3627 1176 3703 1225 3826 1246 3896 1305 3826 1375 3649 1322 3541 1327 3520 1300 3477 1322 3445 1279 3402 1311 3364 1262 3283 1305 3052 1295 3009 1246 2945 1279 2789 1289 2719 1262"/></Shape>
	    <String CONTENT="אסופה אלא סנהדרין שנ&#39; אספה לי שבעים"
                    HPOS="2714.0"
                    VPOS="1150.0"
                    WIDTH="1182.0"
                    HEIGHT="225.0"></String>
          </TextLine>

          
          
          <TextLine ID="eSc_line_a6deef2b"
                    
                    BASELINE="2662 1325 2784 1332 2819 1343 2895 1336 3092 1339 3128 1332 3174 1343 3353 1354 3429 1347 3504 1372 3550 1365 3590 1368 3661 1382 3701 1382 3737 1397 3849 1428 3906 1428" 
                    HPOS="2660.0"
                    VPOS="1268.0"
                    WIDTH="1242.0"
                    HEIGHT="242.0">
            <Shape><Polygon POINTS="2660 1322 2708 1279 3294 1305 3364 1268 3407 1311 3445 1289 3477 1322 3531 1305 3568 1332 3676 1332 3859 1386 3902 1424 3885 1472 3832 1510 3601 1451 3423 1440 3386 1397 3305 1434 2950 1429 2907 1408 2810 1424 2789 1397 2698 1434 2665 1397"/></Shape>
	    <String CONTENT="איש מזקני ישר&#39; וגו&#39; ולא השומע מפי סנהדרין"
                    HPOS="2660.0"
                    VPOS="1268.0"
                    WIDTH="1242.0"
                    HEIGHT="242.0"></String>
          </TextLine>

          
          
          <TextLine ID="eSc_line_7ce9f7a7"
                    
                    BASELINE="2690 1468 2999 1465 3192 1476 3231 1486 3307 1479 3421 1483 3572 1497 3608 1494 3755 1526 3888 1553" 
                    HPOS="2687.0"
                    VPOS="1397.0"
                    WIDTH="1198.0"
                    HEIGHT="236.0">
            <Shape><Polygon POINTS="2687 1467 2751 1397 2773 1424 3273 1434 3353 1434 3391 1408 3418 1434 3842 1510 3885 1547 3869 1596 3810 1633 3622 1558 3590 1580 3391 1569 3197 1553 3160 1520 3101 1553 2988 1537 2875 1558 2843 1526 2789 1553 2692 1483"/></Shape>
	    <String CONTENT="כשומע מפי משה שנ&#39; נתנו מרועה אחד ואו&#39;"
                    HPOS="2687.0"
                    VPOS="1397.0"
                    WIDTH="1198.0"
                    HEIGHT="236.0"></String>
          </TextLine>

          
          
          <TextLine ID="eSc_line_0c6aaffd"
                    
                    BASELINE="2687 1601 2805 1594 2977 1594 3414 1612 3497 1608 3615 1626 3654 1622 3733 1640 3899 1660" 
                    HPOS="2681.0"
                    VPOS="1520.0"
                    WIDTH="1215.0"
                    HEIGHT="231.0">
            <Shape><Polygon POINTS="2681 1596 2741 1531 2778 1553 2945 1558 3101 1553 3149 1520 3181 1553 3525 1580 3617 1553 3665 1596 3896 1655 3799 1751 3724 1708 3692 1725 3644 1682 3622 1703 2789 1682 2687 1596"/></Shape>
	    <String CONTENT="ויזכר ימי עולם משה עבדו ˙ וגו&#39; את רועה [צא&#39;]"
                    HPOS="2681.0"
                    VPOS="1520.0"
                    WIDTH="1215.0"
                    HEIGHT="231.0"></String>
          </TextLine>

          
          
          <TextLine ID="eSc_line_04059d2a"
                    
                    BASELINE="2687 1723 2973 1723 3009 1730 3167 1734 3242 1741 3443 1737 3554 1755 3636 1751 3877 1797" 
                    HPOS="2681.0"
                    VPOS="1655.0"
                    WIDTH="1194.0"
                    HEIGHT="209.0">
            <Shape><Polygon POINTS="2681 1719 2730 1655 2848 1687 3429 1687 3627 1714 3654 1698 3848 1757 3875 1794 3848 1843 3789 1864 3649 1821 3289 1827 2929 1789 2762 1811 2687 1768"/></Shape>
	    <String CONTENT="צאנו וגו&#39; ˙ ולא השומע מפי משה כשומע [מ&#39;]"
                    HPOS="2681.0"
                    VPOS="1655.0"
                    WIDTH="1194.0"
                    HEIGHT="209.0"></String>
          </TextLine>

          
          
          <TextLine ID="eSc_line_5a31fe26"
                    
                    BASELINE="2690 1855 2970 1852 3013 1859 3429 1870 3507 1877 3547 1888 3583 1880 3672 1880 3751 1898 3874 1918" 
                    HPOS="2687.0"
                    VPOS="1794.0"
                    WIDTH="1182.0"
                    HEIGHT="194.0">
            <Shape><Polygon POINTS="2687 1854 2757 1805 2902 1816 2923 1794 3601 1837 3633 1816 3832 1864 3869 1913 3853 1972 3816 1988 3429 1929 3332 1950 3133 1902 3042 1934 2886 1918 2864 1940 2843 1913 2821 1934 2741 1934 2692 1886"/></Shape>
	    <String CONTENT="מפי הק&#39;ב&#39;ה&#39; שנ&#39; נתנו מרועה אחד ˙ ואומ&#39; רועה"
                    HPOS="2687.0"
                    VPOS="1794.0"
                    WIDTH="1182.0"
                    HEIGHT="194.0"></String>
          </TextLine>

          
          
          <TextLine ID="eSc_line_d65ea49d"
                    
                    BASELINE="2694 1974 2784 1984 2895 1981 3210 1988 3264 1992 3303 2002 3339 1995 3507 1999 3543 1992 3636 2013 3708 2013 3744 2006 3790 2024 3887 2027" 
                    HPOS="2692.0"
                    VPOS="1907.0"
                    WIDTH="1193.0"
                    HEIGHT="194.0">
            <Shape><Polygon POINTS="2692 1972 2735 1934 2886 1945 2939 1918 3047 1945 3138 1907 3219 1945 3262 1929 3859 1983 3885 2026 3869 2101 3348 2058 3025 2069 2977 2042 2896 2063 2746 2052 2698 2079"/></Shape>
	    <String CONTENT="ישר&#39; האזינה וגו&#39; שמע ישר&#39; ייי ﭏקינו ייי אחד"
                    HPOS="2692.0"
                    VPOS="1907.0"
                    WIDTH="1193.0"
                    HEIGHT="194.0"></String>
          </TextLine>

          
          
          <TextLine ID="eSc_line_413d6aaa"
                    
                    BASELINE="2733 2099 2891 2106 2930 2113 3167 2110 3368 2121 3407 2128 3611 2124 3647 2131 3687 2131 3733 2146 3902 2135" 
                    HPOS="2730.0"
                    VPOS="2047.0"
                    WIDTH="1166.0"
                    HEIGHT="177.0">
            <Shape><Polygon POINTS="2730 2095 2746 2063 2988 2047 3773 2085 3859 2101 3896 2133 3880 2224 3810 2192 3778 2214 3321 2187 2794 2198 2735 2144"/></Shape>
	    <String CONTENT="הריהו אומ&#39; עיניך בריכות בחשבון וגו&#39; ˙ עיניך"
                    HPOS="2730.0"
                    VPOS="2047.0"
                    WIDTH="1166.0"
                    HEIGHT="177.0"></String>
          </TextLine>

          
          
          <TextLine ID="eSc_line_b2e4ca24"
                    
                    BASELINE="2701 2228 2945 2242 3350 2239 3522 2257 3687 2253 3833 2271 3923 2271" 
                    HPOS="2698.0"
                    VPOS="2138.0"
                    WIDTH="1220.0"
                    HEIGHT="210.0">
            <Shape><Polygon POINTS="2698 2224 2708 2144 2730 2138 2778 2198 3418 2192 3762 2224 3816 2198 3918 2267 3859 2343 3789 2348 3756 2321 3724 2343 3439 2332 3402 2305 3197 2327 3101 2294 3058 2332 2977 2332 2939 2300 2907 2321 2762 2321 2703 2273"/></Shape>
	    <String CONTENT="אילו הזקנים המתמנין על הציבור וכן הוא או&#39;"
                    HPOS="2698.0"
                    VPOS="2138.0"
                    WIDTH="1220.0"
                    HEIGHT="210.0"></String>
          </TextLine>

          
          
          <TextLine ID="eSc_line_5f1efb72"
                    
                    BASELINE="2687 2357 2834 2364 2877 2371 3335 2371 3472 2378 3507 2386 3841 2382 3880 2386 3937 2421" 
                    HPOS="2681.0"
                    VPOS="2310.0"
                    WIDTH="1253.0"
                    HEIGHT="156.0">
            <Shape><Polygon POINTS="2681 2353 2730 2310 3692 2343 3756 2316 3789 2343 3907 2353 3934 2418 3885 2461 3832 2466 3520 2445 2821 2455 2773 2450 2687 2375"/></Shape>
	    <String CONTENT="כינכך ייי רוח תורדימה ויעצם את עיניהם [מרא&#39;]"
                    HPOS="2681.0"
                    VPOS="2310.0"
                    WIDTH="1253.0"
                    HEIGHT="156.0"></String>
          </TextLine>

          
          
          <TextLine ID="eSc_line_f0b16e85"
                    
                    BASELINE="2669 2486 2984 2493 3020 2500 3715 2497 3798 2507 3923 2511" 
                    HPOS="2665.0"
                    VPOS="2418.0"
                    WIDTH="1253.0"
                    HEIGHT="166.0">
            <Shape><Polygon POINTS="2665 2482 2735 2418 2805 2450 3880 2461 3918 2509 3880 2584 3445 2574 3418 2547 3321 2574 3240 2536 3160 2579 2751 2584 2671 2520"/></Shape>
	    <String CONTENT="מראות בריכות מה בריכה זו אין אדם מה [שב&#39;]"
                    HPOS="2665.0"
                    VPOS="2418.0"
                    WIDTH="1253.0"
                    HEIGHT="166.0"></String>
          </TextLine>

          
          
          <TextLine ID="eSc_line_663a0613"
                    
                    BASELINE="2755 2615 3063 2622 3102 2629 3862 2626 3955 2633" 
                    HPOS="2751.0"
                    VPOS="2536.0"
                    WIDTH="1199.0"
                    HEIGHT="172.0">
            <Shape><Polygon POINTS="2751 2611 2757 2590 2859 2574 3165 2579 3240 2536 3310 2574 3412 2558 3461 2579 3896 2584 3950 2627 3875 2703 3708 2687 3665 2708 3085 2708 3042 2676 3009 2703 2934 2708 2757 2660"/></Shape>
	    <String CONTENT="שבתוכה אין אדם עומד על דברי חכמים ˙˙"
                    HPOS="2751.0"
                    VPOS="2536.0"
                    WIDTH="1199.0"
                    HEIGHT="172.0"></String>
          </TextLine>

          
          
          <TextLine ID="eSc_line_9d04664b"
                    
                    BASELINE="2633 2744 2913 2737 2956 2747 3224 2751 3264 2758 3945 2751" 
                    HPOS="2628.0"
                    VPOS="2660.0"
                    WIDTH="1311.0"
                    HEIGHT="188.0">
            <Shape><Polygon POINTS="2628 2740 2724 2660 2810 2708 2950 2719 3896 2703 3939 2746 3896 2826 3842 2837 3289 2842 3197 2816 3101 2832 3058 2794 3020 2837 2741 2821 2714 2848 2633 2767"/></Shape>
	    <String CONTENT="בחשבון בחשבונות שגומרין בעיצה ומחשבה"
                    HPOS="2628.0"
                    VPOS="2660.0"
                    WIDTH="1311.0"
                    HEIGHT="188.0"></String>
          </TextLine>

          
          
          <TextLine ID="eSc_line_5fa27f53"
                    
                    BASELINE="2687 2876 2837 2869 3615 2869 3959 2880" 
                    HPOS="2681.0"
                    VPOS="2794.0"
                    WIDTH="1274.0"
                    HEIGHT="172.0">
            <Shape><Polygon POINTS="2681 2875 2746 2826 3025 2832 3063 2794 3101 2832 3230 2837 3891 2826 3955 2875 3880 2955 3826 2961 3568 2961 3531 2939 3498 2961 3353 2966 3224 2955 3203 2934 3171 2966 2741 2961 2687 2907"/></Shape>
	    <String CONTENT="והיכן נגמרין בבתי מדרשות שנ&#39; על שער בת"
                    HPOS="2681.0"
                    VPOS="2794.0"
                    WIDTH="1274.0"
                    HEIGHT="172.0"></String>
          </TextLine>

          
          
          <TextLine ID="eSc_line_738e319a"
                    
                    BASELINE="2687 2998 3927 2998" 
                    HPOS="2681.0"
                    VPOS="2945.0"
                    WIDTH="1242.0"
                    HEIGHT="150.0">
            <Shape><Polygon POINTS="2681 2993 2735 2961 3192 2977 3214 2955 3423 2971 3541 2945 3568 2966 3907 2961 3923 2993 3912 3084 3816 3090 3574 3068 3525 3090 3482 3068 3455 3095 3273 3095 3240 3074 3058 3090 3025 3057 2999 3084 2966 3057 2929 3090 2778 3084 2692 3031"/></Shape>
	    <String CONTENT="רבים וכן הוא אומ&#39; אפך כמגדל הלבנון עשיתם"
                    HPOS="2681.0"
                    VPOS="2945.0"
                    WIDTH="1242.0"
                    HEIGHT="150.0"></String>
          </TextLine>

          
          
          <TextLine ID="eSc_line_73a96a4c"
                    
                    BASELINE="2690 3124 2913 3124 2948 3131 3264 3127 3941 3131" 
                    HPOS="2687.0"
                    VPOS="3063.0"
                    WIDTH="1252.0"
                    HEIGHT="156.0">
            <Shape><Polygon POINTS="2687 3122 2741 3079 2923 3095 2956 3063 2988 3090 3020 3063 3047 3090 3455 3090 3477 3068 3515 3090 3563 3063 3595 3084 3902 3079 3939 3127 3912 3181 3859 3197 3391 3192 3369 3213 3230 3192 3058 3219 2735 3208 2692 3165"/></Shape>
	    <String CONTENT="את התורה קוו לאליהו שאמרתי לו לך שוב"
                    HPOS="2687.0"
                    VPOS="3063.0"
                    WIDTH="1252.0"
                    HEIGHT="156.0"></String>
          </TextLine>

          
          
          <TextLine ID="eSc_line_a010cf32"
                    
                    BASELINE="2673 3242 2859 3242 2902 3249 3128 3253 3389 3249 3511 3242 3945 3242" 
                    HPOS="2671.0"
                    VPOS="3181.0"
                    WIDTH="1268.0"
                    HEIGHT="161.0">
            <Shape><Polygon POINTS="2671 3240 2735 3203 3042 3219 3230 3197 3359 3219 3396 3192 3848 3203 3880 3181 3939 3240 3918 3283 3837 3321 3601 3310 3310 3342 3192 3337 3160 3310 3128 3342 3020 3337 2982 3305 2956 3331 2714 3337 2676 3299"/></Shape>
	    <String CONTENT="לדרכך מדבר&#39; דמשק וגו&#39; ואומ&#39; זכרו תורת משה"
                    HPOS="2671.0"
                    VPOS="3181.0"
                    WIDTH="1268.0"
                    HEIGHT="161.0"></String>
          </TextLine>

          
          
          <TextLine ID="eSc_line_0c03ef54"
                    
                    BASELINE="2719 3367 3633 3374 3672 3367 3930 3357" 
                    HPOS="2714.0"
                    VPOS="3310.0"
                    WIDTH="1214.0"
                    HEIGHT="161.0">
            <Shape><Polygon POINTS="2714 3364 2762 3326 2956 3337 2982 3310 3015 3337 3101 3342 3160 3315 3267 3342 3579 3331 3611 3310 3907 3315 3928 3353 3912 3401 3859 3439 3826 3423 3692 3455 3343 3460 3310 3434 3273 3466 3176 3471 2929 3460 2907 3439 2778 3460 2719 3412"/></Shape>
	    <String CONTENT="עבדי וגו&#39; ואומ&#39; הנה אנכי שולח מלאך ˙ וגו&#39; ˙"
                    HPOS="2714.0"
                    VPOS="3310.0"
                    WIDTH="1214.0"
                    HEIGHT="161.0"></String>
          </TextLine>

          
          
          <TextLine ID="eSc_line_7550d937"
                    
                    BASELINE="2673 3507 2862 3500 3554 3503 3740 3486 3945 3486" 
                    HPOS="2671.0"
                    VPOS="3417.0"
                    WIDTH="1268.0"
                    HEIGHT="178.0">
            <Shape><Polygon POINTS="2671 3503 2741 3434 2773 3460 2913 3444 3187 3477 3547 3444 3859 3450 3907 3417 3939 3482 3923 3563 3810 3563 3778 3541 3654 3579 3396 3589 3192 3589 3160 3557 3117 3595 2784 3584 2730 3579 2676 3525"/></Shape>
	    <String CONTENT="לאהבה אותו וגו&#39; שמא תאמר הריני למד [בש&#39;]"
                    HPOS="2671.0"
                    VPOS="3417.0"
                    WIDTH="1268.0"
                    HEIGHT="178.0"></String>
          </TextLine>

          
          
          <TextLine ID="eSc_line_ba06120a"
                    
                    BASELINE="2676 3625 3045 3625 3085 3632 3167 3632 3489 3618 3672 3618 3855 3600 3916 3604" 
                    HPOS="2671.0"
                    VPOS="3546.0"
                    WIDTH="1241.0"
                    HEIGHT="172.0">
            <Shape><Polygon POINTS="2671 3622 2746 3568 2784 3589 3063 3600 3165 3563 3192 3589 3396 3595 3660 3584 3773 3546 3805 3568 3891 3557 3912 3600 3832 3675 3783 3643 3746 3681 3649 3697 3246 3692 3074 3718 2982 3681 2896 3681 2848 3713 2735 3697 2676 3638"/></Shape>
	    <String CONTENT="בשביל שאהא עשיר בשביל שאיקרא ר&#39;"
                    HPOS="2671.0"
                    VPOS="3546.0"
                    WIDTH="1241.0"
                    HEIGHT="172.0"></String>
          </TextLine>

          
          
          <TextLine ID="eSc_line_231a61c3"
                    
                    BASELINE="2644 3736 2877 3747 3246 3747 3543 3736 3590 3729 3927 3733" 
                    HPOS="2638.0"
                    VPOS="3643.0"
                    WIDTH="1285.0"
                    HEIGHT="188.0">
            <Shape><Polygon POINTS="2638 3735 2714 3697 2864 3708 2891 3681 2982 3681 3015 3713 3251 3692 3300 3708 3364 3686 3536 3702 3568 3675 3595 3697 3746 3681 3783 3643 3821 3675 3891 3670 3923 3729 3896 3778 3853 3794 3794 3761 3756 3799 3595 3815 3568 3788 3536 3821 3482 3804 3461 3826 3300 3826 3278 3804 3219 3831 3031 3831 2972 3826 2929 3788 2880 3826 2719 3831 2644 3767"/></Shape>
	    <String CONTENT="בשביל שאקבל שכר לעולם הבא ת&#39;ל&#39; לאהבה"
                    HPOS="2638.0"
                    VPOS="3643.0"
                    WIDTH="1285.0"
                    HEIGHT="188.0"></String>
          </TextLine>

          
          
          <TextLine ID="eSc_line_da5021f9"
                    
                    BASELINE="2694 3865 2787 3876 3235 3872 3271 3880 3310 3869 3475 3865 3522 3858 3644 3862 3959 3837" 
                    HPOS="2692.0"
                    VPOS="3778.0"
                    WIDTH="1263.0"
                    HEIGHT="193.0">
            <Shape><Polygon POINTS="2692 3864 2751 3815 2880 3831 2929 3788 2977 3831 3160 3842 3434 3837 3488 3804 3552 3831 3816 3810 3875 3778 3955 3831 3945 3869 3869 3928 3751 3939 3713 3907 3681 3939 3579 3955 3504 3933 3445 3960 3412 3939 3251 3960 3214 3933 3171 3966 3009 3971 2945 3923 2907 3955 2800 3960 2703 3901"/></Shape>
	    <String CONTENT="כל שאתם עושין לא תהו עושין אלא [מא&#39;]"
                    HPOS="2692.0"
                    VPOS="3778.0"
                    WIDTH="1263.0"
                    HEIGHT="193.0"></String>
          </TextLine>

          
          
          <TextLine ID="eSc_line_a70e8183"
                    
                    BASELINE="2665 3994 2759 4005 3249 4005 3651 3987 3730 3994 3823 3973 3959 3973" 
                    HPOS="2660.0"
                    VPOS="3928.0"
                    WIDTH="1295.0"
                    HEIGHT="177.0">
            <Shape><Polygon POINTS="2660 3993 2714 3928 2757 3928 2794 3966 2918 3960 2950 3933 2982 3966 3085 3976 3224 3944 3369 3966 3412 3939 3450 3966 3912 3928 3955 3971 3907 4041 3875 4025 3832 4062 3547 4084 3504 4052 3439 4100 3326 4095 3294 4068 3187 4105 2918 4100 2837 4073 2703 4078 2671 4052"/></Shape>
	    <String CONTENT="מאהבה ולעובדו זו תלמוד אתה אומ&#39; זה [תלמ&#39;]"
                    HPOS="2660.0"
                    VPOS="3928.0"
                    WIDTH="1295.0"
                    HEIGHT="177.0"></String>
          </TextLine>

          
          
          <TextLine ID="eSc_line_49fece60"
                    
                    BASELINE="2673 4138 2805 4130 3497 4134 3647 4116 3722 4120 3887 4102 3941 4105" 
                    HPOS="2671.0"
                    VPOS="4046.0"
                    WIDTH="1268.0"
                    HEIGHT="178.0">
            <Shape><Polygon POINTS="2671 4132 2719 4084 3455 4100 3498 4057 3541 4089 3595 4089 3891 4046 3923 4052 3939 4100 3923 4175 3842 4170 3767 4202 3660 4186 3622 4213 3477 4224 2816 4224 2735 4218 2676 4175"/></Shape>
	    <String CONTENT="תלמוד או אינו אלא עבודה ממש הרי הוא"
                    HPOS="2671.0"
                    VPOS="4046.0"
                    WIDTH="1268.0"
                    HEIGHT="178.0"></String>
          </TextLine>

          
          
          <TextLine ID="eSc_line_00468e03"
                    
                    BASELINE="2673 4252 2726 4263 3450 4259 3486 4267 3525 4256 3608 4245 3730 4245 3773 4242 3808 4231 3941 4234" 
                    HPOS="2671.0"
                    VPOS="4175.0"
                    WIDTH="1268.0"
                    HEIGHT="194.0">
            <Shape><Polygon POINTS="2671 4250 2730 4218 3278 4234 3633 4213 3660 4186 3799 4202 3837 4175 3923 4181 3939 4229 3864 4304 3767 4331 3300 4331 3176 4369 3063 4326 3020 4363 2907 4353 2870 4315 2746 4342 2676 4272"/></Shape>
	    <String CONTENT="אומ&#39; ויקח ייי ﭏקים את האדם ˙ וגו&#39; מה שמירה"
                    HPOS="2671.0"
                    VPOS="4175.0"
                    WIDTH="1268.0"
                    HEIGHT="194.0"></String>
          </TextLine>

          
          
          <TextLine ID="eSc_line_912a6616"
                    
                    BASELINE="2680 4378 2737 4392 3271 4392 3439 4381 3479 4374 3644 4381 3733 4363 3930 4345" 
                    HPOS="2676.0"
                    VPOS="4304.0"
                    WIDTH="1252.0"
                    HEIGHT="172.0">
            <Shape><Polygon POINTS="2676 4374 2724 4342 3025 4363 3074 4331 3214 4363 3294 4342 3418 4353 3439 4331 3773 4331 3864 4304 3912 4304 3928 4342 3902 4396 3832 4433 3724 4444 3681 4422 3649 4455 3552 4449 3509 4471 3472 4449 3407 4471 3375 4444 3332 4476 3187 4449 3149 4476 2805 4476 2751 4449 2714 4460 2681 4428"/></Shape>
	    <String CONTENT="לשעבר אף עבודה לשעבר הא למדת לעבדה"
                    HPOS="2676.0"
                    VPOS="4304.0"
                    WIDTH="1252.0"
                    HEIGHT="172.0"></String>
          </TextLine>

          
          
          <TextLine ID="eSc_line_7e4f51a7"
                    
                    BASELINE="2676 4496 2766 4507 3504 4507 3622 4489 3701 4489 3859 4474 3959 4474" 
                    HPOS="2671.0"
                    VPOS="4396.0"
                    WIDTH="1284.0"
                    HEIGHT="193.0">
            <Shape><Polygon POINTS="2671 4492 2746 4449 2800 4476 3149 4482 3176 4455 3343 4476 3375 4444 3402 4471 3472 4476 3649 4455 3681 4422 3735 4449 3885 4396 3955 4471 3869 4535 3477 4589 2784 4584 2714 4568 2676 4530"/></Shape>
	    <String CONTENT="ולשומרה לעבדה זה תלמוד ולשמרה אילו [מ&#39;]"
                    HPOS="2671.0"
                    VPOS="4396.0"
                    WIDTH="1284.0"
                    HEIGHT="193.0"></String>
          </TextLine>

          
          
          <TextLine ID="eSc_line_1a440330"
                    
                    BASELINE="2687 4614 2956 4625 3203 4625 3246 4618 3536 4621 3855 4589 3955 4593" 
                    HPOS="2681.0"
                    VPOS="4530.0"
                    WIDTH="1269.0"
                    HEIGHT="193.0">
            <Shape><Polygon POINTS="2681 4611 2687 4557 2848 4594 3154 4600 3654 4578 3907 4530 3934 4530 3950 4589 3853 4664 3783 4680 3730 4659 3617 4702 3515 4686 3472 4713 3224 4718 3160 4691 3106 4723 3004 4702 2848 4718 2724 4697 2692 4664"/></Shape>
	    <String CONTENT="מצות כשם שעבודת מזבח קרוי עבודה כך [עב&#39;]"
                    HPOS="2681.0"
                    VPOS="4530.0"
                    WIDTH="1269.0"
                    HEIGHT="193.0"></String>
          </TextLine>

          
          
          <TextLine ID="eSc_line_5dcd39e3"
                    
                    BASELINE="2690 4740 2748 4750 3371 4750 3475 4740 3640 4732 3765 4718 3801 4722 3959 4700" 
                    HPOS="2687.0"
                    VPOS="4648.0"
                    WIDTH="1268.0"
                    HEIGHT="194.0">
            <Shape><Polygon POINTS="2687 4734 2730 4697 3031 4723 3111 4718 3165 4686 3257 4729 3450 4718 3713 4691 3735 4670 3799 4680 3885 4648 3934 4648 3955 4697 3902 4766 3848 4756 3799 4799 3584 4820 3515 4793 3455 4842 3289 4826 3257 4799 3176 4842 2982 4842 2913 4809 2805 4831 2698 4777"/></Shape>
	    <String CONTENT="עבודת תלמוד קרוי עבודה ˙˙ ד&#39;א&#39; ולעובדו זו [/]"
                    HPOS="2687.0"
                    VPOS="4648.0"
                    WIDTH="1268.0"
                    HEIGHT="194.0"></String>
          </TextLine>

          
          
          <TextLine ID="eSc_line_ccf537f1"
                    
                    BASELINE="2658 4865 2948 4872 3067 4879 3271 4879 3568 4861 3644 4868 3704 4843 3740 4851 3862 4833 3952 4833" 
                    HPOS="2655.0"
                    VPOS="4761.0"
                    WIDTH="1295.0"
                    HEIGHT="210.0">
            <Shape><Polygon POINTS="2655 4863 2660 4788 2762 4836 2875 4831 2907 4804 2982 4842 3251 4847 3321 4815 3353 4842 3477 4836 3515 4804 3601 4831 3805 4799 3842 4761 3864 4783 3934 4772 3950 4831 3939 4885 3864 4906 3799 4890 3681 4949 3590 4928 3552 4960 3407 4971 3294 4965 3246 4938 3165 4971 3025 4949 2805 4965 2660 4885"/></Shape>
	    <String CONTENT="תפילה אתה אומ&#39; זו תפילה או אינו אלא [עבוד&#39;]"
                    HPOS="2655.0"
                    VPOS="4761.0"
                    WIDTH="1295.0"
                    HEIGHT="210.0"></String>
          </TextLine>

          
          
          <TextLine ID="eSc_line_608c281a"
                    
                    BASELINE="2680 4994 3052 5008 3289 5008 3672 4997 3744 4980 3787 4980 3826 4969 3873 4969 3912 4962 3970 4937" 
                    HPOS="2676.0"
                    VPOS="4911.0"
                    WIDTH="1290.0"
                    HEIGHT="194.0">
            <Shape><Polygon POINTS="2676 4992 2762 4922 2827 4971 2945 4976 3176 4976 3230 4922 3310 4971 3525 4971 3584 4922 3665 4965 3762 4911 3950 4911 3966 4933 3950 5035 3805 5035 3708 5083 3601 5094 3488 5067 3445 5094 3391 5073 3364 5094 3192 5105 2773 5094 2730 5051 2681 5046"/></Shape>
	    <String CONTENT="ת&#39;ל&#39; בכל לבבך ובכל נפשך ובכל מאדך וכי יש לך"
                    HPOS="2676.0"
                    VPOS="4911.0"
                    WIDTH="1290.0"
                    HEIGHT="194.0"></String>
          </TextLine>

          
        </TextBlock>
        
        <TextBlock HPOS="842.0"
                   VPOS="669.0"
                   WIDTH="1487.0"
                   HEIGHT="4404.0"
                   ID="eSc_textblock_3f0cc2fa"
                   TAGREFS="BT2">
          <Shape><Polygon POINTS="2329 5073 2329 702 2257 669 874 684 842 745 842 5040 2329 5073"/></Shape>
          
          
          <TextLine ID="eSc_line_b2c13501"
                    
                    BASELINE="863 816 1472 802 1637 806 2017 791 2339 791" 
                    HPOS="859.0"
                    VPOS="677.0"
                    WIDTH="1478.0"
                    HEIGHT="209.0">
            <Shape><Polygon POINTS="859 811 865 730 951 730 1021 693 1144 720 1230 687 1440 704 1617 682 1714 704 1832 677 1918 682 1967 714 2321 709 2337 790 2321 849 2241 865 2166 849 2085 870 1902 854 1827 875 1182 886 865 870"/></Shape>
	    <String CONTENT="עבודה בלב אלא מה ת&#39;ל&#39; ולעובדו זו תפילה אתה"
                    HPOS="859.0"
                    VPOS="677.0"
                    WIDTH="1478.0"
                    HEIGHT="209.0"></String>
          </TextLine>

          
          
          <TextLine ID="eSc_line_c94de24f"
                    
                    BASELINE="931 949 2321 949" 
                    HPOS="929.0"
                    VPOS="854.0"
                    WIDTH="1387.0"
                    HEIGHT="204.0">
            <Shape><Polygon POINTS="929 945 940 924 1064 918 1117 875 1203 918 1268 892 1526 886 1558 918 1757 924 1822 918 1902 865 2246 875 2300 854 2316 945 2294 1004 2042 1004 2010 1037 1956 1010 1913 1053 1800 1053 1768 1021 1531 1015 1413 1026 1375 1058 1295 1026 1150 1047 1069 1031 1037 1058 940 999"/></Shape>
	    <String CONTENT="אומ&#39; זו תפילה או אינו אלא [עבודה] ת&#39;ל&#39; מוד"
                    HPOS="929.0"
                    VPOS="854.0"
                    WIDTH="1387.0"
                    HEIGHT="204.0"></String>
          </TextLine>

          
          
          <TextLine ID="eSc_line_3cc0b342"
                    
                    BASELINE="902 1096 1723 1092 1895 1096 1938 1089 2081 1085 2117 1078 2325 1081" 
                    HPOS="897.0"
                    VPOS="999.0"
                    WIDTH="1424.0"
                    HEIGHT="188.0">
            <Shape><Polygon POINTS="897 1090 951 1010 1026 1058 1123 1058 1171 1026 1225 1058 1424 1058 1510 1015 1612 1015 1650 1053 1918 1047 1961 1004 2004 1031 2037 999 2106 1004 2144 1042 2294 1042 2321 1080 2289 1166 2139 1176 2042 1171 1994 1128 1934 1176 1811 1176 1773 1139 1698 1144 1639 1187 1585 1133 1526 1182 1456 1160 1418 1187 1354 1160 1279 1160 1252 1187 1193 1166 994 1187 902 1144"/></Shape>
	    <String CONTENT="ומה ת&#39;ל&#39; ולעובדו זו תפילה וכן דוד הוא אומ&#39; [/]"
                    HPOS="897.0"
                    VPOS="999.0"
                    WIDTH="1424.0"
                    HEIGHT="188.0"></String>
          </TextLine>

          
          
          <TextLine ID="eSc_line_0959cca4"
                    
                    BASELINE="870 1225 1300 1232 1522 1228 1562 1221 2042 1225 2078 1218 2343 1200" 
                    HPOS="865.0"
                    VPOS="1128.0"
                    WIDTH="1472.0"
                    HEIGHT="194.0">
            <Shape><Polygon POINTS="865 1219 919 1166 983 1193 1053 1193 1091 1166 1284 1187 1338 1160 1386 1187 1526 1187 1585 1139 1633 1187 1886 1182 1934 1176 1983 1128 2047 1182 2294 1171 2337 1198 2321 1311 1805 1311 1730 1305 1703 1279 1644 1311 1478 1311 1435 1268 1402 1268 1354 1316 1198 1322 1037 1289 967 1311 870 1241"/></Shape>
	    <String CONTENT="תכון תפילתינו קטורת לפניך וגו&#39; ˙ ואומ&#39; דניﭏ"
                    HPOS="865.0"
                    VPOS="1128.0"
                    WIDTH="1472.0"
                    HEIGHT="194.0"></String>
          </TextLine>

          
          
          <TextLine ID="eSc_line_33cd42fd"
                    
                    BASELINE="870 1343 924 1354 1694 1350 1827 1354 1863 1347 2339 1332" 
                    HPOS="865.0"
                    VPOS="1273.0"
                    WIDTH="1472.0"
                    HEIGHT="178.0">
            <Shape><Polygon POINTS="865 1338 929 1289 967 1316 1370 1322 1418 1273 1472 1311 2278 1295 2337 1327 2327 1375 2262 1429 2214 1391 2182 1424 2139 1391 2101 1429 2031 1391 1918 1434 1843 1434 1789 1402 1757 1429 1558 1434 1531 1408 1451 1402 1402 1440 1316 1440 1279 1408 1230 1451 988 1440 945 1429 876 1359"/></Shape>
	    <String CONTENT="כך ידע דרשום כתבא עייל לביתיה וכוין [פתי&#39;]"
                    HPOS="865.0"
                    VPOS="1273.0"
                    WIDTH="1472.0"
                    HEIGHT="178.0"></String>
          </TextLine>

          
          
          <TextLine ID="eSc_line_89afaa82"
                    
                    BASELINE="885 1472 938 1483 1569 1479 2157 1483 2286 1468 2343 1483" 
                    HPOS="881.0"
                    VPOS="1386.0"
                    WIDTH="1456.0"
                    HEIGHT="183.0">
            <Shape><Polygon POINTS="881 1467 940 1429 1752 1434 1789 1402 1832 1429 1956 1429 2037 1386 2080 1429 2284 1424 2337 1477 2284 1553 2187 1526 2112 1563 2037 1526 1983 1558 1902 1563 1795 1531 1725 1563 1558 1558 1526 1526 1478 1553 1440 1526 1322 1569 1026 1569 983 1531 945 1569 886 1520"/></Shape>
	    <String CONTENT="פתיחין ליה בעיליתיה נגד ירושלם וזימנין [ת&#39;]"
                    HPOS="881.0"
                    VPOS="1386.0"
                    WIDTH="1456.0"
                    HEIGHT="183.0"></String>
          </TextLine>

          
          
          <TextLine ID="eSc_line_120083e4"
                    
                    BASELINE="888 1612 2357 1605" 
                    HPOS="886.0"
                    VPOS="1526.0"
                    WIDTH="1468.0"
                    HEIGHT="172.0">
            <Shape><Polygon POINTS="886 1606 978 1537 1026 1569 1392 1569 1440 1526 1504 1569 2155 1569 2208 1531 2354 1601 2300 1687 1951 1692 1875 1687 1848 1660 1816 1692 1596 1698 1553 1655 1515 1692 1349 1676 1198 1698 1155 1660 1101 1698 1080 1676 929 1687 897 1655"/></Shape>
	    <String CONTENT="תלתא ביומא הוה מברך על בירכוהי ומצלי [/]"
                    HPOS="886.0"
                    VPOS="1526.0"
                    WIDTH="1468.0"
                    HEIGHT="172.0"></String>
          </TextLine>

          
          
          <TextLine ID="eSc_line_3a461f15"
                    
                    BASELINE="885 1726 996 1741 1605 1737 1795 1741 2246 1726 2300 1730 2350 1744" 
                    HPOS="881.0"
                    VPOS="1665.0"
                    WIDTH="1467.0"
                    HEIGHT="162.0">
            <Shape><Polygon POINTS="881 1725 945 1682 1112 1698 1144 1665 1187 1698 1483 1703 1547 1665 1585 1703 1811 1698 1848 1665 1875 1692 2321 1687 2348 1741 2284 1811 2149 1805 2112 1778 2026 1821 1918 1827 1789 1821 1768 1800 1703 1827 1408 1805 1375 1827 1332 1784 1268 1827 1031 1821 988 1778 940 1816 886 1768"/></Shape>
	    <String CONTENT="ומודי קדם אלהיה ואומ&#39; וכמקרביה לגובא"
                    HPOS="881.0"
                    VPOS="1665.0"
                    WIDTH="1467.0"
                    HEIGHT="162.0"></String>
          </TextLine>

          
          
          <TextLine ID="eSc_line_63256f76"
                    
                    BASELINE="845 1859 899 1870 2343 1863" 
                    HPOS="843.0"
                    VPOS="1778.0"
                    WIDTH="1494.0"
                    HEIGHT="178.0">
            <Shape><Polygon POINTS="843 1854 908 1800 945 1821 988 1778 1031 1821 1128 1827 1279 1827 1332 1784 1375 1827 1714 1827 1746 1800 1795 1827 2031 1827 2090 1794 2128 1821 2289 1816 2337 1859 2300 1934 2246 1907 2208 1945 2101 1945 2069 1913 2010 1956 1891 1934 1843 1956 1617 1956 1558 1934 1193 1950 1112 1923 1058 1950 1015 1913 929 1945 849 1864"/></Shape>
	    <String CONTENT="ודניאל בקב עציב זעיק ענה מלכא ואמר [לדני&#39;]"
                    HPOS="843.0"
                    VPOS="1778.0"
                    WIDTH="1494.0"
                    HEIGHT="178.0"></String>
          </TextLine>

          
          
          <TextLine ID="eSc_line_57ca8546"
                    
                    BASELINE="870 1984 1060 1992 1107 1999 1676 1999 1787 1988 2300 1981 2354 2006" 
                    HPOS="865.0"
                    VPOS="1902.0"
                    WIDTH="1483.0"
                    HEIGHT="183.0">
            <Shape><Polygon POINTS="865 1983 1010 1913 1058 1956 1112 1929 1193 1956 1494 1956 1526 1934 1843 1956 1870 1929 2026 1950 2069 1907 2106 1945 2203 1945 2262 1902 2348 2004 2214 2069 1961 2074 1870 2052 1827 2074 1693 2069 1671 2047 1650 2069 1510 2058 1478 2079 1171 2058 1144 2085 1091 2047 940 2074 870 2004"/></Shape>
	    <String CONTENT="לדניאל עבד ﭏקא חייא ﭏקך דאנת פלח ליה"
                    HPOS="865.0"
                    VPOS="1902.0"
                    WIDTH="1483.0"
                    HEIGHT="183.0"></String>
          </TextLine>

          
          
          <TextLine ID="eSc_line_8622c985"
                    
                    BASELINE="827 2103 917 2113 1239 2110 1275 2117 1608 2117 1730 2110 2354 2113" 
                    HPOS="822.0"
                    VPOS="2052.0"
                    WIDTH="1526.0"
                    HEIGHT="156.0">
            <Shape><Polygon POINTS="822 2101 892 2069 1058 2079 1085 2052 1139 2090 1177 2063 1252 2085 1483 2085 2273 2058 2348 2112 2246 2192 2085 2187 2053 2165 2010 2198 1048 2208 908 2198 827 2117"/></Shape>
	    <String CONTENT="בתדירה וכי יש עבודה בזו הא מה ת&#39;ל&#39; ולעובדו"
                    HPOS="822.0"
                    VPOS="2052.0"
                    WIDTH="1526.0"
                    HEIGHT="156.0"></String>
          </TextLine>

          
          
          <TextLine ID="eSc_line_6e90d0bf"
                    
                    BASELINE="874 2242 2346 2235" 
                    HPOS="870.0"
                    VPOS="2171.0"
                    WIDTH="1473.0"
                    HEIGHT="156.0">
            <Shape><Polygon POINTS="870 2241 892 2198 2020 2203 2053 2171 2090 2198 2278 2192 2343 2230 2300 2305 2187 2327 2063 2305 2010 2327 1832 2321 1795 2300 1741 2321 1542 2305 1488 2327 1435 2284 1392 2321 1349 2305 1177 2327 1134 2289 1096 2321 1005 2327 951 2305 908 2321 881 2294"/></Shape>
	    <String CONTENT="זו תפילה וכשם שעבודת מקדש קרוי עבודה"
                    HPOS="870.0"
                    VPOS="2171.0"
                    WIDTH="1473.0"
                    HEIGHT="156.0"></String>
          </TextLine>

          
          
          <TextLine ID="eSc_line_17670a77"
                    
                    BASELINE="885 2371 2339 2371" 
                    HPOS="881.0"
                    VPOS="2284.0"
                    WIDTH="1456.0"
                    HEIGHT="177.0">
            <Shape><Polygon POINTS="881 2370 935 2316 1386 2332 1435 2284 1483 2332 1547 2305 1590 2332 1994 2332 2042 2305 2085 2327 2289 2321 2337 2370 2268 2455 2225 2418 2187 2450 1940 2450 1843 2407 1795 2455 1461 2455 1418 2434 1381 2461 1257 2461 1187 2423 1150 2461 1064 2461 962 2455 892 2413"/></Shape>
	    <String CONTENT="כך תפילה קרוי עבודה ר&#39; אליעז&#39; בן יעקב אומ&#39;"
                    HPOS="881.0"
                    VPOS="2284.0"
                    WIDTH="1456.0"
                    HEIGHT="177.0"></String>
          </TextLine>

          
          
          <TextLine ID="eSc_line_b59d9f57"
                    
                    BASELINE="885 2486 999 2500 2339 2500" 
                    HPOS="881.0"
                    VPOS="2402.0"
                    WIDTH="1456.0"
                    HEIGHT="177.0">
            <Shape><Polygon POINTS="881 2482 908 2439 1123 2461 1177 2423 1220 2455 1768 2455 1843 2402 1940 2450 2182 2450 2219 2418 2337 2498 2289 2574 2192 2574 2166 2547 2128 2574 2037 2552 1945 2574 1886 2531 1843 2574 1220 2579 1182 2558 1053 2579 929 2558 886 2515"/></Shape>
	    <String CONTENT="ולעובדו בכל לבבכם הרי זו אזהרה לכהנים [ש&#39;]"
                    HPOS="881.0"
                    VPOS="2402.0"
                    WIDTH="1456.0"
                    HEIGHT="177.0"></String>
          </TextLine>

          
          
          <TextLine ID="eSc_line_d7683824"
                    
                    BASELINE="885 2611 978 2611 1014 2619 1340 2622 1415 2629 1734 2629 1938 2619 2110 2619 2157 2629 2235 2629 2278 2611 2325 2629" 
                    HPOS="881.0"
                    VPOS="2525.0"
                    WIDTH="1440.0"
                    HEIGHT="188.0">
            <Shape><Polygon POINTS="881 2606 886 2525 1015 2579 1187 2558 1209 2579 1805 2579 1897 2531 1945 2579 2128 2574 2155 2547 2187 2574 2284 2574 2321 2627 2257 2697 2176 2665 2020 2708 1854 2708 1805 2681 1762 2708 1526 2708 1488 2681 1461 2708 1402 2687 1365 2703 1300 2670 1257 2708 1198 2692 1112 2713 988 2676 935 2697 886 2649"/></Shape>
	    <String CONTENT="שלא יהא לכם גם בשעת עבודה ד&#39;א&#39; מה ת&#39;ל&#39;"
                    HPOS="881.0"
                    VPOS="2525.0"
                    WIDTH="1440.0"
                    HEIGHT="188.0"></String>
          </TextLine>

          
          
          <TextLine ID="eSc_line_12bdd6ff"
                    
                    BASELINE="870 2751 2357 2758" 
                    HPOS="865.0"
                    VPOS="2670.0"
                    WIDTH="1489.0"
                    HEIGHT="172.0">
            <Shape><Polygon POINTS="865 2746 913 2692 951 2708 983 2681 1031 2719 1273 2708 1311 2670 1375 2708 1467 2708 1504 2681 1537 2713 1773 2713 1800 2687 1843 2713 1972 2713 2096 2708 2192 2670 2230 2703 2300 2708 2354 2756 2284 2832 2235 2810 2047 2837 1994 2810 1945 2837 1908 2810 1859 2837 1816 2799 1784 2832 1741 2821 1719 2842 1408 2837 1365 2794 1306 2826 945 2837 870 2762"/></Shape>
	    <String CONTENT="בכל לבבכם ובכל נפשכם להלן ליחיד כאן [לצי&#39;]"
                    HPOS="865.0"
                    VPOS="2670.0"
                    WIDTH="1489.0"
                    HEIGHT="172.0"></String>
          </TextLine>

          
          
          <TextLine ID="eSc_line_42f2c8e6"
                    
                    BASELINE="885 2869 1368 2869 1415 2876 1651 2880 1730 2887 2329 2887" 
                    HPOS="881.0"
                    VPOS="2794.0"
                    WIDTH="1446.0"
                    HEIGHT="167.0">
            <Shape><Polygon POINTS="881 2864 1015 2826 1295 2832 1354 2794 1402 2837 1725 2837 1746 2816 1784 2832 1816 2799 1848 2832 1918 2805 1945 2832 1999 2810 2037 2837 2219 2832 2251 2810 2327 2885 2273 2955 2214 2961 1241 2955 1134 2950 1107 2923 983 2961 886 2902"/></Shape>
	    <String CONTENT="לציבור להלן לתלמוד וכאן למעשה הואיל"
                    HPOS="881.0"
                    VPOS="2794.0"
                    WIDTH="1446.0"
                    HEIGHT="167.0"></String>
          </TextLine>

          
          
          <TextLine ID="eSc_line_dcc56c17"
                    
                    BASELINE="842 2991 902 3002 2200 2998 2325 3009" 
                    HPOS="838.0"
                    VPOS="2923.0"
                    WIDTH="1483.0"
                    HEIGHT="167.0">
            <Shape><Polygon POINTS="838 2988 913 2945 1064 2955 1101 2923 1134 2955 2284 2961 2321 3004 2305 3084 2219 3090 1752 3090 1633 3079 1607 3052 1569 3079 1440 3090 1279 3063 892 3079 843 3031"/></Shape>
	    <String CONTENT="ושמעת עשה שעשייתן מה שעליכם אף"
                    HPOS="838.0"
                    VPOS="2923.0"
                    WIDTH="1483.0"
                    HEIGHT="167.0"></String>
          </TextLine>

          
          
          <TextLine ID="eSc_line_1203c514"
                    
                    BASELINE="874 3117 1196 3124 1272 3131 2325 3124" 
                    HPOS="870.0"
                    VPOS="3052.0"
                    WIDTH="1451.0"
                    HEIGHT="161.0">
            <Shape><Polygon POINTS="870 3111 913 3079 1569 3084 1607 3052 1639 3084 2278 3079 2321 3122 2284 3197 2074 3186 2047 3213 1956 3208 1924 3176 1870 3208 1779 3213 1703 3176 1671 3208 1623 3208 1547 3154 1467 3208 1284 3203 1257 3176 1220 3203 988 3203 919 3197 876 3154"/></Shape>
	    <String CONTENT="אני אעשה מה שעלי ˙˙ ונתתי מטר ארצכם"
                    HPOS="870.0"
                    VPOS="3052.0"
                    WIDTH="1451.0"
                    HEIGHT="161.0"></String>
          </TextLine>

          
          
          <TextLine ID="eSc_line_e5114d57"
                    
                    BASELINE="899 3249 988 3242 1171 3242 1494 3253 1565 3260 2329 3260" 
                    HPOS="897.0"
                    VPOS="3165.0"
                    WIDTH="1430.0"
                    HEIGHT="177.0">
            <Shape><Polygon POINTS="897 3245 945 3192 1225 3208 1252 3181 1284 3213 1435 3219 1488 3213 1553 3165 1601 3213 1676 3213 1703 3186 1741 3213 1870 3213 1908 3176 1956 3213 2053 3213 2080 3186 2112 3208 2284 3203 2327 3256 2284 3326 2020 3337 1940 3294 1859 3342 1709 3342 1628 3305 1590 3337 1494 3331 1467 3305 1429 3331 1311 3337 1257 3315 978 3321 902 3245"/></Shape>
	    <String CONTENT="אני ולא מלאך ולא על ידי השליח מטר [א&#39;]"
                    HPOS="897.0"
                    VPOS="3165.0"
                    WIDTH="1430.0"
                    HEIGHT="177.0"></String>
          </TextLine>

          
          
          <TextLine ID="eSc_line_bebb8894"
                    
                    BASELINE="870 3353 971 3353 1010 3364 1143 3364 1390 3374 2124 3371 2300 3382 2357 3396" 
                    HPOS="865.0"
                    VPOS="3288.0"
                    WIDTH="1489.0"
                    HEIGHT="172.0">
            <Shape><Polygon POINTS="865 3348 929 3288 972 3321 1601 3331 1633 3305 1660 3331 1848 3348 1913 3337 1951 3299 2015 3342 2337 3337 2354 3391 2278 3450 1945 3460 1843 3439 1805 3460 1542 3455 1461 3417 1424 3450 1359 3417 1322 3455 1134 3450 1064 3412 1031 3444 940 3444 870 3396"/></Shape>
	    <String CONTENT="ארצכם ולא מטר כל הארצות וכן הוא אומ&#39;"
                    HPOS="865.0"
                    VPOS="3288.0"
                    WIDTH="1489.0"
                    HEIGHT="172.0"></String>
          </TextLine>

          
          
          <TextLine ID="eSc_line_443acf0b"
                    
                    BASELINE="885 3489 1196 3489 1490 3503 2346 3503" 
                    HPOS="881.0"
                    VPOS="3423.0"
                    WIDTH="1462.0"
                    HEIGHT="161.0">
            <Shape><Polygon POINTS="881 3487 897 3455 1037 3450 1064 3423 1112 3450 1295 3460 1359 3423 1429 3460 1805 3455 1827 3434 1870 3455 2289 3455 2343 3498 2294 3568 2262 3573 2015 3573 1961 3552 1924 3579 1795 3584 1741 3557 1698 3579 1451 3579 1413 3552 1327 3573 1295 3541 1268 3568 1230 3541 1193 3573 1015 3579 962 3530 913 3541 886 3514"/></Shape>
	    <String CONTENT="הנותן מטר על פני ארץ ושולח מים על פני [/]"
                    HPOS="881.0"
                    VPOS="3423.0"
                    WIDTH="1462.0"
                    HEIGHT="161.0"></String>
          </TextLine>

          
          
          <TextLine ID="eSc_line_463e01df"
                    
                    BASELINE="885 3604 1028 3600 1110 3607 1311 3611 1350 3618 2354 3611" 
                    HPOS="881.0"
                    VPOS="3525.0"
                    WIDTH="1467.0"
                    HEIGHT="183.0">
            <Shape><Polygon POINTS="881 3600 924 3536 962 3525 1010 3573 1193 3573 1236 3541 1263 3568 1295 3546 1365 3579 1402 3557 1494 3579 1741 3563 1805 3589 1988 3563 2273 3573 2348 3606 2294 3686 2214 3659 2176 3697 2128 3702 2069 3665 2004 3708 1967 3670 1929 3708 1386 3708 1322 3702 1289 3670 1246 3697 1214 3665 1155 3702 1107 3697 1069 3659 1005 3697 892 3600"/></Shape>
	    <String CONTENT="חוצות וגו&#39; בעתו ר&#39; יונתן אומ&#39; מלילי שבת [לל&#39;]"
                    HPOS="881.0"
                    VPOS="3525.0"
                    WIDTH="1467.0"
                    HEIGHT="183.0"></String>
          </TextLine>

          
          
          <TextLine ID="eSc_line_7fa33de3"
                    
                    BASELINE="913 3729 1049 3740 1175 3740 1218 3751 1261 3744 2325 3747" 
                    HPOS="908.0"
                    VPOS="3659.0"
                    WIDTH="1413.0"
                    HEIGHT="178.0">
            <Shape><Polygon POINTS="908 3724 951 3665 1021 3702 1064 3659 1112 3702 1553 3713 1924 3708 1967 3665 2004 3702 2069 3665 2106 3702 2176 3702 2225 3665 2278 3675 2321 3745 2241 3826 2198 3826 2149 3788 2096 3826 2015 3826 1945 3788 1886 3837 1822 3810 1714 3831 1687 3804 1644 3837 1494 3810 1295 3821 1263 3794 1193 3821 1155 3794 1112 3821 1037 3821 1005 3788 956 3826 913 3783"/></Shape>
	    <String CONTENT="[לליא] ללילי שבת כדרך שירדו בימי הילני [ה&#39;]"
                    HPOS="908.0"
                    VPOS="3659.0"
                    WIDTH="1413.0"
                    HEIGHT="178.0"></String>
          </TextLine>

          
          
          <TextLine ID="eSc_line_504ea1ef"
                    
                    BASELINE="845 3851 974 3862 1171 3858 1483 3876 2350 3869" 
                    HPOS="843.0"
                    VPOS="3783.0"
                    WIDTH="1505.0"
                    HEIGHT="188.0">
            <Shape><Polygon POINTS="843 3847 892 3810 962 3821 999 3783 1042 3821 1123 3821 1144 3799 1214 3821 1263 3794 1289 3821 1526 3810 1612 3831 1676 3804 1714 3831 1822 3804 1897 3837 1951 3794 1999 3831 2096 3837 2144 3794 2192 3831 2289 3831 2348 3864 2284 3955 1956 3950 1902 3971 1848 3950 1730 3955 1698 3923 1639 3955 1445 3955 1397 3912 1316 3950 1053 3955 1021 3923 951 3950 849 3858"/></Shape>
	    <String CONTENT="המלכה וכל כך למה ר&#39; אומ&#39; כדי שלא ליתן לבאי"
                    HPOS="843.0"
                    VPOS="3783.0"
                    WIDTH="1505.0"
                    HEIGHT="188.0"></String>
          </TextLine>

          
          
          <TextLine ID="eSc_line_2af872df"
                    
                    BASELINE="913 3991 1049 3991 1085 3984 1125 3994 1325 3998 1365 4005 2332 4005" 
                    HPOS="908.0"
                    VPOS="3912.0"
                    WIDTH="1419.0"
                    HEIGHT="177.0">
            <Shape><Polygon POINTS="908 3987 994 3923 1048 3955 1295 3955 1375 3912 1456 3960 1650 3955 1682 3923 1730 3955 1897 3966 2294 3955 2327 4003 2311 4057 2268 4078 2160 4062 2139 4084 1999 4084 1961 4052 1902 4089 1752 4089 1709 4062 1687 4084 1445 4089 1091 4078 1064 4057 967 4078 913 4035"/></Shape>
	    <String CONTENT="העולם הרי שכר כל המצות אלא אם בחוק(ו)תי"
                    HPOS="908.0"
                    VPOS="3912.0"
                    WIDTH="1419.0"
                    HEIGHT="177.0"></String>
          </TextLine>

          
          
          <TextLine ID="eSc_line_52b4f513"
                    
                    BASELINE="885 4120 1383 4134 2350 4134" 
                    HPOS="881.0"
                    VPOS="4062.0"
                    WIDTH="1467.0"
                    HEIGHT="156.0">
            <Shape><Polygon POINTS="881 4116 913 4084 1945 4095 2182 4089 2225 4062 2348 4132 2284 4218 962 4197 913 4218 886 4191"/></Shape>
	    <String CONTENT="תלכו ונתתי גשמיכם בעתם והיה אם שמוע"
                    HPOS="881.0"
                    VPOS="4062.0"
                    WIDTH="1467.0"
                    HEIGHT="156.0"></String>
          </TextLine>

          
          
          <TextLine ID="eSc_line_24a88168"
                    
                    BASELINE="902 4245 1178 4252 1307 4263 1856 4259 1985 4267 2031 4277 2357 4270" 
                    HPOS="897.0"
                    VPOS="4191.0"
                    WIDTH="1457.0"
                    HEIGHT="156.0">
            <Shape><Polygon POINTS="897 4240 945 4191 1069 4213 1633 4218 1859 4218 1886 4197 1918 4218 2289 4224 2354 4267 2294 4342 2257 4347 1854 4347 1816 4310 1773 4347 1585 4347 1564 4326 1521 4347 1117 4342 988 4336 902 4299"/></Shape>
	    <String CONTENT="תשמעו אל מצותי ונתתי מטר ארצכם [בע&#39;]"
                    HPOS="897.0"
                    VPOS="4191.0"
                    WIDTH="1457.0"
                    HEIGHT="156.0"></String>
          </TextLine>

          
          
          <TextLine ID="eSc_line_e7cfb4ed"
                    
                    BASELINE="888 4370 1311 4385 1350 4392 2354 4392" 
                    HPOS="886.0"
                    VPOS="4310.0"
                    WIDTH="1462.0"
                    HEIGHT="166.0">
            <Shape><Polygon POINTS="886 4369 924 4320 1112 4347 1526 4353 1564 4331 1585 4353 1709 4353 1773 4347 1811 4310 1848 4347 1897 4353 2284 4342 2348 4390 2278 4460 1940 4471 1908 4449 1881 4476 1752 4449 1590 4471 1553 4444 1504 4471 1214 4471 1155 4444 1080 4471 929 4455 892 4417"/></Shape>
	    <String CONTENT="בעתו יורה ומלקוש וגו&#39; ˙ ומניין שנתנה [ברכ&#39;]"
                    HPOS="886.0"
                    VPOS="4310.0"
                    WIDTH="1462.0"
                    HEIGHT="166.0"></String>
          </TextLine>

          
          
          <TextLine ID="eSc_line_a37dfedf"
                    
                    BASELINE="913 4496 967 4507 2329 4507" 
                    HPOS="908.0"
                    VPOS="4444.0"
                    WIDTH="1419.0"
                    HEIGHT="140.0">
            <Shape><Polygon POINTS="908 4492 935 4455 1521 4465 1558 4444 1585 4465 1757 4455 1875 4476 2284 4460 2327 4503 2294 4573 2219 4551 2176 4584 1779 4584 1741 4551 1693 4584 1139 4562 1037 4578 945 4573 913 4541"/></Shape>
	    <String CONTENT="ברכה אחת לישר&#39; שכל הברכות כלולות בה"
                    HPOS="908.0"
                    VPOS="4444.0"
                    WIDTH="1419.0"
                    HEIGHT="140.0"></String>
          </TextLine>

          
          
          <TextLine ID="eSc_line_fa743964"
                    
                    BASELINE="874 4611 971 4621 1401 4618 1440 4625 1605 4628 2350 4636" 
                    HPOS="870.0"
                    VPOS="4551.0"
                    WIDTH="1478.0"
                    HEIGHT="167.0">
            <Shape><Polygon POINTS="870 4605 913 4568 1956 4594 2182 4584 2225 4551 2305 4584 2348 4632 2294 4702 2042 4686 1934 4718 1827 4697 1746 4713 1714 4680 1655 4707 1424 4707 1392 4675 1316 4713 1064 4691 988 4707 945 4702 876 4632"/></Shape>
	    <String CONTENT="ת&#39;ל&#39; אוהב כסף לא ישבע כסף וגו&#39; ˙ ואומ&#39; ויתרון"
                    HPOS="870.0"
                    VPOS="4551.0"
                    WIDTH="1478.0"
                    HEIGHT="167.0"></String>
          </TextLine>

          
          
          <TextLine ID="eSc_line_1d5e13b8"
                    
                    BASELINE="856 4725 953 4740 1107 4743 1146 4750 2357 4750" 
                    HPOS="854.0"
                    VPOS="4637.0"
                    WIDTH="1500.0"
                    HEIGHT="194.0">
            <Shape><Polygon POINTS="854 4723 876 4637 940 4702 1359 4707 1397 4680 1424 4707 1639 4713 1709 4675 1741 4707 1822 4691 2015 4713 2047 4686 2080 4707 2289 4702 2354 4745 2289 4820 2090 4831 1897 4809 1703 4831 1005 4820 908 4804 859 4756"/></Shape>
	    <String CONTENT="כסף בכל היא וגו&#39; מלך זה שולט באוצרות של"
                    HPOS="854.0"
                    VPOS="4637.0"
                    WIDTH="1500.0"
                    HEIGHT="194.0"></String>
          </TextLine>

          
          
          <TextLine ID="eSc_line_d7408070"
                    
                    BASELINE="856 4858 1383 4865 1429 4858 1469 4868 2038 4868 2114 4879 2325 4872" 
                    HPOS="854.0"
                    VPOS="4793.0"
                    WIDTH="1467.0"
                    HEIGHT="167.0">
            <Shape><Polygon POINTS="854 4852 935 4793 1037 4831 1236 4836 2144 4815 2294 4826 2321 4868 2294 4944 2235 4933 2214 4954 2085 4933 1945 4960 1881 4928 1838 4954 1730 4960 1590 4949 1564 4922 1526 4949 1134 4954 956 4917 902 4954 859 4944"/></Shape>
	    <String CONTENT="כסף [לשעבר] ושל זהב ואינו משועבד אלא"
                    HPOS="854.0"
                    VPOS="4793.0"
                    WIDTH="1467.0"
                    HEIGHT="167.0"></String>
          </TextLine>

          
          
          <TextLine ID="eSc_line_927c7989"
                    
                    BASELINE="899 4976 1293 4994 2339 4997" 
                    HPOS="897.0"
                    VPOS="4944.0"
                    WIDTH="1440.0"
                    HEIGHT="139.0">
            <Shape><Polygon POINTS="897 4971 983 4944 1537 4944 1633 4965 2278 4949 2337 4992 2321 5067 2187 5083 902 5078"/></Shape>
	    <String CONTENT="ליוצא מן השדה הא למדת שניתנה ברכה"
                    HPOS="897.0"
                    VPOS="4944.0"
                    WIDTH="1440.0"
                    HEIGHT="139.0"></String>
          </TextLine>

          
        </TextBlock>
        

        
      </PrintSpace>
    </Page>
  </Layout>
</alto>
