<?xml version="1.0" encoding="UTF-8"?>
<alto xmlns:xsi="http://www.w3.org/2001/XMLSchema-instance"
      xmlns="http://www.loc.gov/standards/alto/ns-v4#"
      xsi:schemaLocation="http://www.loc.gov/standards/alto/ns-v4# http://www.loc.gov/standards/alto/v4/alto-4-2.xsd">
  <Description>
    <MeasurementUnit>pixel</MeasurementUnit>
    <sourceImageInformation>
      <fileName>add_ms_16406_f346v.jpg</fileName>
      
    </sourceImageInformation>
  </Description>
  
  <Tags>
    <OtherTag ID="BT1" LABEL="Title" DESCRIPTION="block type Title"/><OtherTag ID="BT2" LABEL="Main" DESCRIPTION="block type Main"/><OtherTag ID="BT3" LABEL="Commentary" DESCRIPTION="block type Commentary"/><OtherTag ID="BT4" LABEL="Illustration" DESCRIPTION="block type Illustration"/><OtherTag ID="BT224" LABEL="Hole" DESCRIPTION="block type Hole"/><OtherTag ID="BT225" LABEL="Margin" DESCRIPTION="block type Margin"/><OtherTag ID="BT226" LABEL="Paratext" DESCRIPTION="block type Paratext"/>
    <OtherTag ID="LT2" LABEL="Numbering" DESCRIPTION="line type Numbering"/><OtherTag ID="LT3" LABEL="Correction" DESCRIPTION="line type Correction"/><OtherTag ID="LT329" LABEL="Gloss" DESCRIPTION="line type Gloss"/>
  </Tags>
  
  <Layout>
    <Page WIDTH="4909"
          HEIGHT="7025"
          PHYSICAL_IMG_NR="692"
          ID="eSc_dummypage_">
      <PrintSpace HPOS="0"
                  VPOS="0"
                  WIDTH="4909"
                  HEIGHT="7025">
        
        <TextBlock HPOS="2522.0"
                   VPOS="651.0"
                   WIDTH="1840.0"
                   HEIGHT="4965.0"
                   ID="eSc_textblock_f259396f"
                   TAGREFS="BT2">
          <Shape><Polygon POINTS="4362 5553 4362 686 4299 651 2557 651 2522 718 2522 5616 4331 5616"/></Shape>
          
          
          <TextLine ID="eSc_line_96c99357"
                    
                    BASELINE="2526 745 4245 768 4389 780" 
                    HPOS="2524.0"
                    VPOS="673.0"
                    WIDTH="1863.0"
                    HEIGHT="181.0">
            <Shape><Polygon POINTS="2524 743 2606 690 2688 696 2723 673 2899 702 3052 673 3098 720 3145 725 3444 725 3508 679 3555 679 3866 684 3918 731 3977 737 4083 737 4112 714 4135 737 4370 737 4387 778 4334 843 4229 825 4188 854 4059 831 3995 848 3942 819 3895 819 3860 854 3825 819 3778 819 3743 854 3678 819 3561 854 3409 848 3327 813 3280 843 3186 813 3046 843 2589 837 2530 802"/></Shape>
	    <String CONTENT="הוראה בזדון ˙ על ודון הוא חייב ואין חייב [ע&#39;]"
                    HPOS="2524.0"
                    VPOS="673.0"
                    WIDTH="1863.0"
                    HEIGHT="181.0"></String>
          </TextLine>

          
          
          <TextLine ID="eSc_line_4cd572bc"
                    
                    BASELINE="2530 909 3628 909 4014 928 4280 924 4389 932" 
                    HPOS="2524.0"
                    VPOS="819.0"
                    WIDTH="1863.0"
                    HEIGHT="199.0">
            <Shape><Polygon POINTS="2524 907 2624 843 2700 872 2964 848 3257 860 3321 825 3403 866 3737 872 3790 819 3848 866 3901 819 3965 878 4182 866 4229 819 4293 872 4334 866 4387 930 4299 1018 4223 965 4170 1012 4024 1012 3954 960 3842 1001 3725 1001 3672 965 3602 1006 3503 977 3421 1006 3298 965 3227 995 3175 971 3110 1006 2970 965 2934 1001 2753 1006 2718 971 2624 1001 2530 907"/></Shape>
	    <String CONTENT="על שגגה ˙ לבלתי שמע ˙ ולא שומע מפי [ש&#39;]"
                    HPOS="2524.0"
                    VPOS="819.0"
                    WIDTH="1863.0"
                    HEIGHT="199.0"></String>
          </TextLine>

          
          
          <TextLine ID="eSc_line_a4d21dc7"
                    
                    BASELINE="2542 1049 3780 1049 3999 1069 4373 1061" 
                    HPOS="2536.0"
                    VPOS="965.0"
                    WIDTH="1834.0"
                    HEIGHT="194.0">
            <Shape><Polygon POINTS="2536 1047 2600 989 2911 1006 2975 965 3022 1001 3134 1006 3175 977 3268 995 3303 965 3356 1001 3842 1001 3889 977 4030 1024 4329 1018 4370 1059 4352 1118 4293 1159 4088 1159 4024 1100 3983 1141 3877 1118 3790 1141 3508 1118 3462 1135 3397 1100 3286 1141 3157 1100 3122 1135 3063 1141 3034 1118 2928 1135 2852 1094 2805 1135 2612 1147 2542 1077"/></Shape>
	    <String CONTENT="שומע ˙ אל הכהן העומד מגיד מלמד שאין"
                    HPOS="2536.0"
                    VPOS="965.0"
                    WIDTH="1834.0"
                    HEIGHT="194.0"></String>
          </TextLine>

          
          
          <TextLine ID="eSc_line_b7267de0"
                    
                    BASELINE="2557 1190 3542 1190 3635 1198 3737 1198 3819 1209 4276 1205 4358 1217 4413 1205" 
                    HPOS="2554.0"
                    VPOS="1118.0"
                    WIDTH="1857.0"
                    HEIGHT="187.0">
            <Shape><Polygon POINTS="2554 1188 2595 1147 2835 1124 3842 1147 3895 1124 3983 1147 4030 1118 4083 1159 4317 1153 4411 1200 4311 1299 4200 1270 4006 1293 3948 1264 3725 1287 3661 1246 3444 1270 3409 1241 3350 1287 3315 1258 3262 1305 3081 1246 2899 1276 2858 1235 2800 1282 2624 1282 2559 1217"/></Shape>
	    <String CONTENT="שירות [אלא] כשר אלא מעומד הא אם"
                    HPOS="2554.0"
                    VPOS="1118.0"
                    WIDTH="1857.0"
                    HEIGHT="187.0"></String>
          </TextLine>

          
          
          <TextLine ID="eSc_line_df7f3bac"
                    
                    BASELINE="2518 1338 2577 1330 3467 1330 3514 1338 3749 1350 4373 1342" 
                    HPOS="2513.0"
                    VPOS="1235.0"
                    WIDTH="1857.0"
                    HEIGHT="210.0">
            <Shape><Polygon POINTS="2513 1334 2571 1282 2811 1282 2858 1235 2905 1282 3128 1270 3186 1317 3274 1317 3409 1241 3491 1282 4258 1293 4334 1305 4370 1340 4346 1405 4264 1440 4129 1416 4088 1440 4001 1434 3960 1405 3842 1440 3743 1410 3555 1428 3503 1393 3380 1422 3262 1328 3204 1328 3128 1405 3069 1416 3011 1387 2934 1422 2864 1399 2759 1428 2630 1434 2571 1410 2536 1445 2518 1434"/></Shape>
	    <String CONTENT="ישב ועבד עבודתו פסולה ˙ או אל השופט"
                    HPOS="2513.0"
                    VPOS="1235.0"
                    WIDTH="1857.0"
                    HEIGHT="210.0"></String>
          </TextLine>

          
          
          <TextLine ID="eSc_line_28411030"
                    
                    BASELINE="2518 1471 3421 1471 3467 1479 3663 1483 3710 1490 4280 1486 4385 1494" 
                    HPOS="2513.0"
                    VPOS="1381.0"
                    WIDTH="1868.0"
                    HEIGHT="199.0">
            <Shape><Polygon POINTS="2513 1469 2583 1410 2624 1434 3069 1422 3180 1381 3245 1416 3503 1399 3549 1428 3743 1416 3860 1440 3948 1416 4323 1440 4381 1492 4323 1568 4270 1551 4194 1580 4006 1574 3965 1551 3901 1580 3836 1522 3737 1574 3520 1545 3444 1568 3380 1539 3292 1563 3257 1527 3186 1568 3151 1539 3122 1568 2975 1545 2718 1568 2647 1539 2618 1563 2518 1469"/></Shape>
	    <String CONTENT="זה שאמרנו אף על פי שאין בו כהנים [ול&#39;]"
                    HPOS="2513.0"
                    VPOS="1381.0"
                    WIDTH="1868.0"
                    HEIGHT="199.0"></String>
          </TextLine>

          
          
          <TextLine ID="eSc_line_e749d827"
                    
                    BASELINE="2557 1611 2800 1611 2843 1619 3217 1623 3280 1631 4248 1631 4389 1619" 
                    HPOS="2554.0"
                    VPOS="1551.0"
                    WIDTH="1833.0"
                    HEIGHT="170.0">
            <Shape><Polygon POINTS="2554 1609 2653 1563 3626 1563 3913 1586 4200 1580 4276 1551 4387 1615 4346 1703 4223 1697 4170 1721 4012 1715 3942 1668 3889 1709 3807 1721 3567 1703 3526 1662 3467 1715 3421 1686 3362 1709 3145 1709 3069 1680 3028 1703 2747 1709 2641 1680 2606 1697 2559 1656"/></Shape>
	    <String CONTENT="ולוים כשר ˙ ומת האיש סתם מיתה האמורה"
                    HPOS="2554.0"
                    VPOS="1551.0"
                    WIDTH="1833.0"
                    HEIGHT="170.0"></String>
          </TextLine>

          
          
          <TextLine ID="eSc_line_0754b5e9"
                    
                    BASELINE="2483 1752 2764 1752 2846 1760 3100 1764 3139 1771 4206 1771 4252 1764 4295 1783 4346 1787 4397 1775" 
                    HPOS="2477.0"
                    VPOS="1668.0"
                    WIDTH="1916.0"
                    HEIGHT="205.0">
            <Shape><Polygon POINTS="2477 1750 2536 1686 2647 1686 2712 1715 2999 1709 3063 1686 3134 1709 3479 1715 3526 1668 3573 1715 3643 1721 4247 1709 4329 1721 4393 1773 4375 1838 4311 1873 4229 1867 4194 1838 4153 1861 4006 1849 3924 1873 3719 1844 3561 1861 3520 1832 3432 1855 3385 1832 3298 1861 3145 1838 3110 1803 3081 1832 3011 1826 2917 1867 2677 1844 2571 1867 2483 1779"/></Shape>
	    <String CONTENT="בתורה בחנק ההוא ולא אנוס ולא שוגג ולא"
                    HPOS="2477.0"
                    VPOS="1668.0"
                    WIDTH="1916.0"
                    HEIGHT="205.0"></String>
          </TextLine>

          
          
          <TextLine ID="eSc_line_b94f6e94"
                    
                    BASELINE="2538 1900 2593 1912 3362 1908 3686 1927 4409 1927" 
                    HPOS="2536.0"
                    VPOS="1814.0"
                    WIDTH="1869.0"
                    HEIGHT="199.0">
            <Shape><Polygon POINTS="2536 1896 2600 1861 3057 1861 3110 1814 3145 1849 3286 1867 4282 1867 4405 1926 4305 2013 4071 2013 4006 1967 3913 2007 3708 2002 3649 1972 3561 2013 3450 2002 3415 1972 3350 2007 3257 1972 2970 2007 2917 1955 2858 2007 2718 2002 2694 1978 2612 2007 2542 1931"/></Shape>
	    <String CONTENT="מוטעה ˙ ובערת הרע מישראל בער עושי [ה&#39;]"
                    HPOS="2536.0"
                    VPOS="1814.0"
                    WIDTH="1869.0"
                    HEIGHT="199.0"></String>
          </TextLine>

          
          
          <TextLine ID="eSc_line_c5b7b01f"
                    
                    BASELINE="2589 2041 2741 2052 3428 2048 3706 2056 3803 2068 4405 2060" 
                    HPOS="2583.0"
                    VPOS="1949.0"
                    WIDTH="1816.0"
                    HEIGHT="205.0">
            <Shape><Polygon POINTS="2583 2037 2677 1990 2864 2002 2917 1949 2970 2002 3450 2002 3567 2043 3649 1984 3672 2007 4258 2007 4399 2054 4329 2154 4247 2130 4182 2154 4024 2148 3942 2113 3901 2142 3678 2142 3637 2101 3620 2119 3585 2095 3503 2148 3438 2113 3356 2148 3163 2148 3098 2101 3028 2136 2934 2113 2876 2130 2841 2107 2782 2142 2723 2125 2671 2148 2589 2066"/></Shape>
	    <String CONTENT="הרעות מישראל ˙ כי תבואו אל הארץ"
                    HPOS="2583.0"
                    VPOS="1949.0"
                    WIDTH="1816.0"
                    HEIGHT="205.0"></String>
          </TextLine>

          
          
          <TextLine ID="eSc_line_a27762db"
                    
                    BASELINE="2561 2193 3503 2189 3932 2208 4373 2201" 
                    HPOS="2559.0"
                    VPOS="2107.0"
                    WIDTH="1811.0"
                    HEIGHT="193.0">
            <Shape><Polygon POINTS="2559 2189 2600 2113 2665 2148 2782 2148 2846 2107 2911 2142 3374 2142 3438 2119 3479 2142 4317 2148 4370 2195 4352 2248 4276 2300 4065 2283 4024 2242 3983 2283 3672 2283 3579 2259 3514 2277 3491 2253 3415 2283 3344 2253 3280 2283 3233 2236 3186 2277 2923 2283 2864 2242 2829 2277 2653 2283 2565 2248"/></Shape>
	    <String CONTENT="עשה מצוה האמורה בעינין שבשבילה [תיכנ&#39;]"
                    HPOS="2559.0"
                    VPOS="2107.0"
                    WIDTH="1811.0"
                    HEIGHT="193.0"></String>
          </TextLine>

          
          
          <TextLine ID="eSc_line_194b90fe"
                    
                    BASELINE="2557 2337 2612 2329 3628 2333 3721 2326 3764 2341 3854 2349 4346 2349 4405 2337" 
                    HPOS="2554.0"
                    VPOS="2242.0"
                    WIDTH="1845.0"
                    HEIGHT="193.0">
            <Shape><Polygon POINTS="2554 2335 2606 2265 2829 2283 2870 2242 2911 2283 3163 2288 3233 2248 3274 2288 3350 2265 3403 2294 3467 2259 3520 2288 3977 2288 4024 2242 4071 2288 4305 2294 4399 2335 4334 2429 4282 2435 4006 2406 3854 2429 3801 2388 3702 2423 3549 2417 3520 2388 3339 2400 3268 2429 3169 2429 3134 2400 3104 2423 2946 2423 2917 2400 2852 2429 2811 2394 2653 2423 2559 2353"/></Shape>
	    <String CONTENT="תיכנס לארץ ˙ אשר ייי ﭏקיך נותן לך ˙ בזכו&#39;"
                    HPOS="2554.0"
                    VPOS="2242.0"
                    WIDTH="1845.0"
                    HEIGHT="193.0"></String>
          </TextLine>

          
          
          <TextLine ID="eSc_line_3fca53ed"
                    
                    BASELINE="2530 2462 2651 2474 3768 2470 3807 2478 4077 2482 4124 2489 4299 2486 4358 2493" 
                    HPOS="2524.0"
                    VPOS="2388.0"
                    WIDTH="1828.0"
                    HEIGHT="187.0">
            <Shape><Polygon POINTS="2524 2458 2612 2388 2653 2423 2852 2429 4323 2429 4352 2488 4311 2575 4006 2575 3872 2540 3831 2569 3690 2569 3661 2540 3227 2564 3093 2558 3052 2523 3011 2552 2870 2564 2817 2517 2764 2564 2653 2534 2600 2569 2530 2499"/></Shape>
	    <String CONTENT="בזכותכם וירשת וישבת בה בשכר שתירש [ות&#39;]"
                    HPOS="2524.0"
                    VPOS="2388.0"
                    WIDTH="1828.0"
                    HEIGHT="187.0"></String>
          </TextLine>

          
          
          <TextLine ID="eSc_line_5f4ec2d6"
                    
                    BASELINE="2600 2610 3542 2610 3624 2618 3721 2618 3807 2630 4393 2630" 
                    HPOS="2595.0"
                    VPOS="2517.0"
                    WIDTH="1792.0"
                    HEIGHT="205.0">
            <Shape><Polygon POINTS="2595 2605 2647 2540 2723 2587 2811 2517 2858 2564 2917 2569 2981 2546 3643 2546 3983 2564 4012 2587 4293 2575 4387 2628 4317 2710 4229 2722 4083 2716 4024 2669 3989 2704 3819 2710 3772 2687 3532 2704 3467 2675 3309 2698 3268 2657 3221 2698 3087 2687 3046 2710 2964 2657 2911 2704 2823 2710 2600 2675"/></Shape>
	    <String CONTENT="ותשב ˙ ואמרת [אמר] אשימה עלי מלך ר&#39;"
                    HPOS="2595.0"
                    VPOS="2517.0"
                    WIDTH="1792.0"
                    HEIGHT="205.0"></String>
          </TextLine>

          
          
          <TextLine ID="eSc_line_8fa8df52"
                    
                    BASELINE="2573 2743 2636 2755 2804 2751 2850 2759 3229 2763 3323 2770 4252 2767 4299 2782 4354 2770" 
                    HPOS="2571.0"
                    VPOS="2657.0"
                    WIDTH="1781.0"
                    HEIGHT="205.0">
            <Shape><Polygon POINTS="2571 2739 2577 2692 2905 2710 2958 2657 3011 2710 3216 2704 3268 2657 3356 2710 4282 2716 4352 2769 4334 2839 4293 2862 4206 2850 4165 2810 4118 2856 4053 2856 4018 2821 3983 2850 3766 2850 3713 2827 3479 2856 3268 2821 3175 2839 3116 2792 3052 2839 3011 2810 2911 2850 2823 2850 2788 2815 2753 2845 2682 2845 2577 2804"/></Shape>
	    <String CONTENT="נהוראי אמ&#39; הרי זה גנאי לישראל שנאמר"
                    HPOS="2571.0"
                    VPOS="2657.0"
                    WIDTH="1781.0"
                    HEIGHT="205.0"></String>
          </TextLine>

          
          
          <TextLine ID="eSc_line_1149da42"
                    
                    BASELINE="2561 2895 3241 2891 3378 2899 3706 2899 3764 2903 3803 2915 3850 2907 4358 2907" 
                    HPOS="2559.0"
                    VPOS="2792.0"
                    WIDTH="1793.0"
                    HEIGHT="205.0">
            <Shape><Polygon POINTS="2559 2891 2618 2839 2753 2850 2788 2821 2817 2850 2911 2856 3011 2815 3063 2839 3110 2792 3157 2839 3473 2850 4112 2862 4165 2815 4223 2868 4317 2868 4352 2903 4334 2962 4282 2997 4182 2962 4030 2991 4001 2962 3743 2979 3713 2950 3631 2973 3596 2944 3549 2973 2975 2979 2934 2950 2846 2985 2800 2950 2741 2979 2641 2979 2565 2903"/></Shape>
	    <String CONTENT="כי לא מאסו כי אותי מאסו ממלוך עליהם"
                    HPOS="2559.0"
                    VPOS="2792.0"
                    WIDTH="1793.0"
                    HEIGHT="205.0"></String>
          </TextLine>

          
          
          <TextLine ID="eSc_line_1a14b996"
                    
                    BASELINE="2503 3016 3358 3036 4276 3032 4366 3040" 
                    HPOS="2501.0"
                    VPOS="2909.0"
                    WIDTH="1863.0"
                    HEIGHT="211.0">
            <Shape><Polygon POINTS="2501 3014 2507 2968 2565 2909 2653 2985 2753 2985 2805 2956 2846 2991 3561 2979 3596 2950 3626 2979 3924 2985 4001 2956 4030 2985 4129 2985 4176 2956 4217 2985 4305 2985 4364 3038 4299 3108 4264 3091 4176 3120 4024 3108 4001 3085 3918 3114 3655 3114 3614 3085 3544 3114 3262 3091 3034 3114 2999 3079 2928 3120 2829 3079 2788 3120 2665 3120 2595 3102 2513 3020"/></Shape>
	    <String CONTENT="אמ&#39; לו ר&#39; יהודה והלא מצוה מן התורה לשאול"
                    HPOS="2501.0"
                    VPOS="2909.0"
                    WIDTH="1863.0"
                    HEIGHT="211.0"></String>
          </TextLine>

          
          
          <TextLine ID="eSc_line_0b7cbc0e"
                    
                    BASELINE="2561 3161 3952 3157 3995 3165 4338 3169" 
                    HPOS="2559.0"
                    VPOS="3073.0"
                    WIDTH="1775.0"
                    HEIGHT="187.0">
            <Shape><Polygon POINTS="2559 3155 2583 3108 2788 3114 2829 3073 2917 3120 2999 3079 3034 3108 3163 3114 3257 3091 3362 3114 4235 3120 4270 3091 4334 3167 4317 3237 4229 3260 4159 3237 3907 3249 3831 3219 3778 3243 3508 3243 3467 3202 3397 3243 3251 3231 3210 3254 3163 3231 2993 3254 2952 3213 2923 3243 2794 3249 2759 3213 2618 3254 2565 3219"/></Shape>
	    <String CONTENT="להן שנאמר שום תשים עליך מלך ולמה"
                    HPOS="2559.0"
                    VPOS="3073.0"
                    WIDTH="1775.0"
                    HEIGHT="187.0"></String>
          </TextLine>

          
          
          <TextLine ID="eSc_line_efa44f46"
                    
                    BASELINE="2534 3293 2952 3301 3038 3293 3085 3305 3749 3305 3885 3317 4389 3317" 
                    HPOS="2530.0"
                    VPOS="3213.0"
                    WIDTH="1857.0"
                    HEIGHT="194.0">
            <Shape><Polygon POINTS="2530 3290 2600 3254 2729 3249 2759 3219 2805 3254 3415 3266 3473 3213 3508 3249 4317 3254 4387 3313 4293 3401 4188 3377 4106 3401 4065 3372 3907 3389 3860 3360 3743 3395 3467 3366 3391 3401 3210 3377 3128 3407 3063 3366 2823 3407 2759 3372 2612 3395 2536 3319"/></Shape>
	    <String CONTENT="נענשו בימי שמואל לפי שהקדימו על ידם"
                    HPOS="2530.0"
                    VPOS="3213.0"
                    WIDTH="1857.0"
                    HEIGHT="194.0"></String>
          </TextLine>

          
          
          <TextLine ID="eSc_line_b1e6a92b"
                    
                    BASELINE="2542 3450 3124 3450 3163 3457 4354 3450" 
                    HPOS="2536.0"
                    VPOS="3372.0"
                    WIDTH="1816.0"
                    HEIGHT="193.0">
            <Shape><Polygon POINTS="2536 3448 2589 3401 3134 3401 3216 3372 3356 3407 3848 3389 4047 3412 4188 3377 4223 3407 4329 3401 4352 3448 4334 3565 4282 3518 4059 3553 4024 3524 3936 3547 3895 3512 3790 3541 3708 3512 3526 3541 3479 3506 3415 3547 3309 3547 3257 3512 3157 3541 3116 3506 2964 3535 2876 3512 2811 3541 2653 3541 2542 3448"/></Shape>
	    <String CONTENT="ככל הגוים אשר סביבותינו ר&#39; נהוראי אומר"
                    HPOS="2536.0"
                    VPOS="3372.0"
                    WIDTH="1816.0"
                    HEIGHT="193.0"></String>
          </TextLine>

          
          
          <TextLine ID="eSc_line_c81e76ba"
                    
                    BASELINE="2530 3586 2682 3598 3920 3594 4139 3613 4331 3613 4381 3602" 
                    HPOS="2524.0"
                    VPOS="3500.0"
                    WIDTH="1851.0"
                    HEIGHT="199.0">
            <Shape><Polygon POINTS="2524 3582 2630 3541 2970 3541 3046 3506 3116 3506 3151 3541 3426 3541 3479 3500 3520 3541 3631 3512 3766 3547 3836 3541 3872 3506 3942 3547 4223 3553 4282 3518 4375 3600 4311 3682 4065 3699 3942 3658 3825 3693 3766 3658 3573 3676 3532 3641 3485 3682 3356 3693 3268 3664 3192 3688 3157 3658 3028 3688 2987 3653 2928 3688 2829 3688 2794 3653 2682 3688 2606 3670 2530 3594"/></Shape>
	    <String CONTENT="לא בקשו להן אלא להעבידן לע&#39;ז&#39; שנאמר"
                    HPOS="2524.0"
                    VPOS="3500.0"
                    WIDTH="1851.0"
                    HEIGHT="199.0"></String>
          </TextLine>

          
          
          <TextLine ID="eSc_line_1d44a1f2"
                    
                    BASELINE="2565 3727 2671 3738 3217 3734 3257 3742 3713 3746 3756 3754 4385 3754" 
                    HPOS="2559.0"
                    VPOS="3641.0"
                    WIDTH="1822.0"
                    HEIGHT="199.0">
            <Shape><Polygon POINTS="2559 3723 2606 3676 2718 3693 2788 3653 2829 3688 3368 3693 3485 3688 3532 3641 3585 3688 3766 3664 3807 3693 4305 3693 4381 3752 4323 3840 4211 3811 4159 3834 3983 3834 3960 3811 3590 3828 3555 3805 3122 3834 2823 3828 2794 3805 2723 3834 2677 3828 2571 3729"/></Shape>
	    <String CONTENT="והיינו גם אנחנו ככל הגוים ושפטנו מלכיני ˙"
                    HPOS="2559.0"
                    VPOS="3641.0"
                    WIDTH="1822.0"
                    HEIGHT="199.0"></String>
          </TextLine>

          
          
          <TextLine ID="eSc_line_e60e1d9b"
                    
                    BASELINE="2534 3875 3346 3875 3385 3883 4042 3883 4127 3875 4166 3879 4206 3871 4256 3887" 
                    HPOS="2530.0"
                    VPOS="3764.0"
                    WIDTH="1722.0"
                    HEIGHT="210.0">
            <Shape><Polygon POINTS="2530 3869 2606 3764 2677 3834 2753 3840 2788 3816 4206 3828 4252 3881 4159 3969 3848 3945 3532 3963 3391 3934 3356 3957 3034 3945 3005 3974 2940 3945 2899 3969 2829 3945 2753 3974 2723 3945 2571 3969 2536 3934"/></Shape>
	    <String CONTENT="שום תשים מתמנה אחר תחתיו מלך ולא"
                    HPOS="2530.0"
                    VPOS="3764.0"
                    WIDTH="1722.0"
                    HEIGHT="210.0"></String>
          </TextLine>

          
          
          <TextLine ID="eSc_line_8b98753b"
                    
                    BASELINE="2546 4008 2600 4019 4334 4012" 
                    HPOS="2542.0"
                    VPOS="3904.0"
                    WIDTH="1787.0"
                    HEIGHT="211.0">
            <Shape><Polygon POINTS="2542 4004 2606 3963 3011 3980 3040 3951 3333 3963 3397 3934 3538 3974 3585 3951 4159 3974 4229 3904 4329 4010 4311 4103 4170 4109 4071 4086 3913 4109 3854 4074 3790 4103 3620 4074 3538 4103 3315 4103 3286 4074 2975 4115 2905 4086 2876 4109 2606 4103 2548 4045"/></Shape>
	    <String CONTENT="מלכה אשר יכחר ייי ﭏקיך בו על פי נביא"
                    HPOS="2542.0"
                    VPOS="3904.0"
                    WIDTH="1787.0"
                    HEIGHT="211.0"></String>
          </TextLine>

          
          
          <TextLine ID="eSc_line_6ee37296"
                    
                    BASELINE="2534 4152 2597 4148 2796 4160 3784 4160 3823 4152 4124 4148 4163 4136 4248 4144 4342 4133" 
                    HPOS="2530.0"
                    VPOS="4074.0"
                    WIDTH="1810.0"
                    HEIGHT="181.0">
            <Shape><Polygon POINTS="2530 4150 2595 4103 2671 4097 2958 4121 3233 4086 3672 4097 3708 4074 3737 4097 4299 4097 4340 4127 4305 4226 4258 4238 4229 4209 4194 4244 4153 4220 3831 4238 3807 4215 3544 4238 3467 4232 3432 4197 3385 4244 3186 4215 3069 4250 2940 4220 2712 4255 2548 4150"/></Shape>
	    <String CONTENT="מקרב אחיך ולא מחוצה לאחיך ˙ אחיך"
                    HPOS="2530.0"
                    VPOS="4074.0"
                    WIDTH="1810.0"
                    HEIGHT="181.0"></String>
          </TextLine>

          
          
          <TextLine ID="eSc_line_59b65cfb"
                    
                    BASELINE="2546 4293 4276 4300 4373 4285" 
                    HPOS="2542.0"
                    VPOS="4203.0"
                    WIDTH="1828.0"
                    HEIGHT="193.0">
            <Shape><Polygon POINTS="2542 4291 2606 4215 2659 4255 2741 4261 3104 4255 3192 4220 3385 4244 3426 4203 3467 4238 3544 4244 4194 4244 4229 4209 4370 4279 4305 4373 4217 4349 4176 4373 4018 4373 3907 4343 3754 4378 3637 4355 3491 4384 3356 4384 3327 4361 3186 4384 3134 4332 3075 4384 2630 4396 2548 4337"/></Shape>
	    <String CONTENT="ולא אחרים תשים עליך מלך שתהא [אימ&#39;]"
                    HPOS="2542.0"
                    VPOS="4203.0"
                    WIDTH="1828.0"
                    HEIGHT="193.0"></String>
          </TextLine>

          
          
          <TextLine ID="eSc_line_e600fbb9"
                    
                    BASELINE="2526 4429 2632 4441 3300 4437 3346 4445 3393 4433 3874 4429 3928 4417 3971 4425 4362 4425" 
                    HPOS="2524.0"
                    VPOS="4361.0"
                    WIDTH="1834.0"
                    HEIGHT="181.0">
            <Shape><Polygon POINTS="2524 4425 2577 4367 2624 4390 2964 4396 3866 4361 3960 4384 4299 4373 4358 4419 4293 4507 4200 4496 4165 4525 4030 4525 3983 4490 3901 4536 3813 4531 3778 4496 3708 4519 3661 4501 3579 4525 3544 4501 3403 4525 3350 4484 3315 4519 3233 4531 3128 4531 3075 4501 2952 4536 2846 4507 2577 4542 2530 4496"/></Shape>
	    <String CONTENT="אימתו עליך מיכן אמרו מלך אין רוכבין [ע&#39;]"
                    HPOS="2524.0"
                    VPOS="4361.0"
                    WIDTH="1834.0"
                    HEIGHT="181.0"></String>
          </TextLine>

          
          
          <TextLine ID="eSc_line_e92a3bc2"
                    
                    BASELINE="2530 4581 2593 4574 2643 4574 2741 4581 3635 4581 3721 4574 3995 4574 4092 4570 4131 4562 4315 4562 4370 4570" 
                    HPOS="2524.0"
                    VPOS="4478.0"
                    WIDTH="1840.0"
                    HEIGHT="193.0">
            <Shape><Polygon POINTS="2524 4577 2618 4531 3262 4525 3350 4478 3403 4525 4129 4525 4206 4496 4305 4513 4364 4566 4276 4659 3948 4642 3825 4671 3766 4636 3532 4665 3005 4648 2928 4671 2659 4671 2530 4577"/></Shape>
	    <String CONTENT="על סוסו ואין יושבין על כסאו ואין [משתמ&#39;]"
                    HPOS="2524.0"
                    VPOS="4478.0"
                    WIDTH="1840.0"
                    HEIGHT="193.0"></String>
          </TextLine>

          
          
          <TextLine ID="eSc_line_befa6bfd"
                    
                    BASELINE="2550 4714 2893 4714 2932 4722 3581 4722 3628 4714 3909 4714 4190 4702 4280 4706 4331 4698 4346 4749" 
                    HPOS="2548.0"
                    VPOS="4654.0"
                    WIDTH="1792.0"
                    HEIGHT="158.0">
            <Shape><Polygon POINTS="2548 4712 2600 4654 2917 4677 3005 4654 4211 4654 4323 4665 4340 4747 4323 4788 4270 4800 4047 4794 4012 4759 3960 4800 3227 4800 3169 4759 3134 4794 2952 4806 2911 4782 2729 4806 2682 4782 2606 4812 2554 4771"/></Shape>
	    <String CONTENT="משתמשין בשרביטו ואין רואין אותו [ע&#39;]"
                    HPOS="2548.0"
                    VPOS="4654.0"
                    WIDTH="1792.0"
                    HEIGHT="158.0"></String>
          </TextLine>

          
          
          <TextLine ID="eSc_line_38eb79da"
                    
                    BASELINE="2503 4855 3327 4851 3366 4843 4299 4847 4358 4835" 
                    HPOS="2501.0"
                    VPOS="4759.0"
                    WIDTH="1851.0"
                    HEIGHT="199.0">
            <Shape><Polygon POINTS="2501 4853 2524 4812 2571 4800 2981 4806 3134 4794 3169 4759 3221 4800 3585 4806 3965 4806 4012 4771 4042 4800 4311 4794 4352 4829 4334 4888 4252 4946 4206 4923 3690 4917 3333 4940 3274 4888 3239 4917 2706 4929 2589 4958 2507 4882"/></Shape>
	    <String CONTENT="ערום ולא כשהוא מסתפר ולא בבית המרחץ ˙"
                    HPOS="2501.0"
                    VPOS="4759.0"
                    WIDTH="1851.0"
                    HEIGHT="199.0"></String>
          </TextLine>

          
          
          <TextLine ID="eSc_line_f4539769"
                    
                    BASELINE="2546 4976 2655 4987 4233 4987" 
                    HPOS="2542.0"
                    VPOS="4888.0"
                    WIDTH="1687.0"
                    HEIGHT="205.0">
            <Shape><Polygon POINTS="2542 4970 2647 4935 3239 4923 3280 4888 3327 4935 4200 4935 4229 4981 4211 5052 4135 5075 4094 5075 4047 5028 3960 5063 3848 5022 3790 5063 3719 5028 3684 5063 3637 5034 3585 5063 3415 5058 3385 5034 3327 5069 3216 5069 3186 5046 3011 5075 2970 5034 2917 5069 2747 5063 2600 5093 2548 5040"/></Shape>
	    <String CONTENT="דבר אחר שום תשים עליך מלך מצות [עש&#39;]"
                    HPOS="2542.0"
                    VPOS="4888.0"
                    WIDTH="1687.0"
                    HEIGHT="205.0"></String>
          </TextLine>

          
          
          <TextLine ID="eSc_line_0ba17418"
                    
                    BASELINE="2557 5116 2616 5128 4342 5120" 
                    HPOS="2554.0"
                    VPOS="5040.0"
                    WIDTH="1786.0"
                    HEIGHT="176.0">
            <Shape><Polygon POINTS="2554 5110 2665 5075 3292 5075 3385 5052 3526 5075 3626 5046 3684 5069 3713 5040 3754 5069 3983 5069 4042 5040 4094 5087 4299 5069 4340 5116 4323 5175 4270 5216 3989 5180 3942 5204 3766 5204 3719 5169 3602 5204 3432 5198 3397 5169 3339 5198 3303 5163 3216 5192 3157 5175 3110 5204 2923 5210 2858 5180 2659 5210 2612 5204 2559 5151"/></Shape>
	    <String CONTENT="עשה לא תוכל לתת עליך איש נוכרי זו [מ/]"
                    HPOS="2554.0"
                    VPOS="5040.0"
                    WIDTH="1786.0"
                    HEIGHT="176.0"></String>
          </TextLine>

          
          
          <TextLine ID="eSc_line_a8f3858d"
                    
                    BASELINE="2573 5249 4174 5249 4221 5257 4373 5257" 
                    HPOS="2571.0"
                    VPOS="5175.0"
                    WIDTH="1799.0"
                    HEIGHT="169.0">
            <Shape><Polygon POINTS="2571 5245 2624 5204 2858 5192 3866 5204 3989 5175 4036 5204 4311 5204 4370 5251 4311 5339 4170 5344 3989 5315 3737 5344 3573 5315 3485 5327 3462 5303 3274 5333 3169 5298 3081 5339 3022 5298 2975 5339 2911 5339 2882 5309 2729 5344 2677 5298 2630 5315 2577 5262"/></Shape>
	    <String CONTENT="מצות לא תעשה איש נוכרי מיכן אמרו"
                    HPOS="2571.0"
                    VPOS="5175.0"
                    WIDTH="1799.0"
                    HEIGHT="169.0"></String>
          </TextLine>

          
          
          <TextLine ID="eSc_line_c762d063"
                    
                    BASELINE="2526 5381 2581 5393 4354 5385" 
                    HPOS="2524.0"
                    VPOS="5298.0"
                    WIDTH="1828.0"
                    HEIGHT="193.0">
            <Shape><Polygon POINTS="2524 5379 2659 5298 2718 5344 2975 5350 3016 5309 3063 5344 3298 5344 3432 5315 3731 5344 4317 5344 4352 5379 4340 5461 4276 5485 4159 5461 4118 5485 3784 5485 3538 5456 3262 5479 3145 5467 3110 5438 3011 5491 2753 5444 2600 5485 2536 5420"/></Shape>
	    <String CONTENT="האיש ממנין פרנס על הציבור [ע&#39;] אשר לא"
                    HPOS="2524.0"
                    VPOS="5298.0"
                    WIDTH="1828.0"
                    HEIGHT="193.0"></String>
          </TextLine>

          
          
          <TextLine ID="eSc_line_7873e487"
                    
                    BASELINE="2542 5522 3034 5534 4014 5530 4389 5538" 
                    HPOS="2536.0"
                    VPOS="5473.0"
                    WIDTH="1851.0"
                    HEIGHT="152.0">
            <Shape><Polygon POINTS="2536 5520 2595 5485 2747 5497 2794 5473 2870 5497 3052 5473 3649 5473 3795 5497 3854 5473 3883 5497 4299 5485 4375 5497 4387 5532 4370 5584 4147 5584 4112 5620 4065 5584 3883 5584 3801 5625 3731 5602 3690 5625 3403 5602 3239 5625 3081 5590 2958 5596 2923 5625 2600 5625 2542 5584"/></Shape>
	    <String CONTENT="אחיך הוא ˙ כשהיה אגריפס מגיע לפסוק"
                    HPOS="2536.0"
                    VPOS="5473.0"
                    WIDTH="1851.0"
                    HEIGHT="152.0"></String>
          </TextLine>

          
        </TextBlock>
        
        <TextBlock HPOS="511.0"
                   VPOS="682.0"
                   WIDTH="1715.0"
                   HEIGHT="4934.0"
                   ID="eSc_textblock_af7d7cdb"
                   TAGREFS="BT2">
          <Shape><Polygon POINTS="2194 702 734 714 577 682 542 702 527 921 511 1998 527 5553 2163 5616 2226 5569"/></Shape>
          
          
          <TextLine ID="eSc_line_a9035f7a"
                    
                    BASELINE="570 901 624 913 781 893 824 901 863 878 1159 831 1519 800 1605 800 1776 780 2233 788" 
                    HPOS="568.0"
                    VPOS="702.0"
                    WIDTH="1663.0"
                    HEIGHT="263.0">
            <Shape><Polygon POINTS="568 895 574 819 732 813 773 766 907 802 948 761 1042 749 1171 790 1282 725 1417 720 1446 743 1482 720 1564 737 1593 708 1804 702 1892 743 2003 743 2190 720 2231 784 2214 831 1985 848 1880 889 1798 889 1763 854 1698 878 1669 860 1599 907 1505 907 1470 872 1376 895 1312 878 1282 913 1195 883 1083 948 990 913 925 954 579 965"/></Shape>
	    <String CONTENT="הזה היה בוכה עד שזלגו עיניו דמעות והיו"
                    HPOS="568.0"
                    VPOS="702.0"
                    WIDTH="1663.0"
                    HEIGHT="263.0"></String>
          </TextLine>

          
          
          <TextLine ID="eSc_line_c70f0d95"
                    
                    BASELINE="566 1042 777 1034 1023 995 1105 995 1155 979 1468 948 1515 936 1648 940 1890 924 2116 924 2222 932" 
                    HPOS="562.0"
                    VPOS="848.0"
                    WIDTH="1658.0"
                    HEIGHT="287.0">
            <Shape><Polygon POINTS="562 1036 626 995 1148 936 1177 895 1282 924 1323 883 1382 907 1552 901 1728 866 2026 872 2067 848 2155 872 2220 930 2149 1018 2062 977 1933 1018 1880 977 1810 1024 1739 989 1687 1018 1610 1012 1581 1042 1493 1006 1446 1053 1388 1024 1347 1053 1300 1018 1271 1059 1136 1047 1107 1077 1025 1036 966 1094 697 1135 574 1100"/></Shape>
	    <String CONTENT="כל ישראל אומרין לו אל תירא אגריפס [א&#39;]"
                    HPOS="562.0"
                    VPOS="848.0"
                    WIDTH="1658.0"
                    HEIGHT="287.0"></String>
          </TextLine>

          
          
          <TextLine ID="eSc_line_40bbb467"
                    
                    BASELINE="562 1166 617 1178 699 1178 781 1163 866 1163 1062 1127 1101 1131 1261 1112 1308 1120 1390 1092 1429 1100 1515 1100 1691 1081 1780 1084 1995 1065 2226 1065" 
                    HPOS="556.0"
                    VPOS="995.0"
                    WIDTH="1664.0"
                    HEIGHT="269.0">
            <Shape><Polygon POINTS="556 1164 597 1124 761 1135 784 1112 972 1094 1007 1047 1118 1077 1312 1030 1341 1053 1458 1053 1640 1018 2026 1024 2073 995 2167 1012 2220 1059 2167 1141 2085 1159 2009 1124 1944 1164 1903 1141 1739 1170 1651 1147 1599 1176 1452 1188 1411 1159 1370 1188 1183 1205 1130 1164 1089 1217 925 1211 685 1264 615 1258 568 1217"/></Shape>
	    <String CONTENT="אחינו אתה אחינו אתה ˙ רק לא ירבה לו [סו&#39;]"
                    HPOS="556.0"
                    VPOS="995.0"
                    WIDTH="1664.0"
                    HEIGHT="269.0"></String>
          </TextLine>

          
          
          <TextLine ID="eSc_line_3294269f"
                    
                    BASELINE="554 1303 788 1303 878 1284 917 1291 984 1272 1155 1252 1245 1260 1343 1233 1476 1241 1523 1233 1714 1221 1847 1225 2038 1205 2179 1205 2233 1213" 
                    HPOS="550.0"
                    VPOS="1147.0"
                    WIDTH="1681.0"
                    HEIGHT="269.0">
            <Shape><Polygon POINTS="550 1299 620 1258 702 1264 732 1235 802 1252 1089 1217 1130 1170 1177 1200 1277 1200 1411 1164 1446 1188 1610 1176 1640 1147 1698 1170 2161 1153 2231 1211 2185 1293 2132 1252 2085 1311 2015 1276 1944 1299 1710 1282 1435 1305 1382 1334 1335 1305 1300 1334 1031 1328 954 1369 779 1352 738 1399 691 1381 626 1416 562 1364"/></Shape>
	    <String CONTENT="רק לא ירבה לו סוסים יכול לא ירבה לו [למרכב&#39;]"
                    HPOS="550.0"
                    VPOS="1147.0"
                    WIDTH="1681.0"
                    HEIGHT="269.0"></String>
          </TextLine>

          
          
          <TextLine ID="eSc_line_a4b60509"
                    
                    BASELINE="577 1432 675 1444 749 1432 886 1424 937 1405 976 1408 1109 1393 1148 1397 1265 1373 1402 1385 1515 1358 1566 1365 1687 1365 1726 1358 1894 1354 1933 1342 2022 1350 2190 1346 2237 1377" 
                    HPOS="574.0"
                    VPOS="1252.0"
                    WIDTH="1657.0"
                    HEIGHT="258.0">
            <Shape><Polygon POINTS="574 1428 697 1387 732 1399 779 1358 831 1381 1031 1334 1066 1358 1142 1305 1177 1340 1622 1287 2085 1305 2138 1252 2231 1375 2167 1434 1827 1440 1745 1416 1657 1451 1610 1428 1575 1445 1528 1410 1493 1445 1405 1463 1259 1457 1236 1481 1195 1445 1077 1445 1042 1486 884 1510 585 1510"/></Shape>
	    <String CONTENT="למרכבתו ולפרשיו תלמוד לו&#39; לא ירבה לו לו [א&#39;]"
                    HPOS="574.0"
                    VPOS="1252.0"
                    WIDTH="1657.0"
                    HEIGHT="258.0"></String>
          </TextLine>

          
          
          <TextLine ID="eSc_line_bf2013d3"
                    
                    BASELINE="546 1572 609 1565 648 1568 1085 1533 1183 1541 1222 1525 1370 1522 1765 1494 1858 1494 1940 1486 2159 1486 2222 1494" 
                    HPOS="544.0"
                    VPOS="1410.0"
                    WIDTH="1676.0"
                    HEIGHT="252.0">
            <Shape><Polygon POINTS="544 1568 550 1516 890 1510 1042 1486 1077 1451 1107 1475 1294 1481 1493 1457 1528 1410 1587 1451 2185 1434 2220 1492 2155 1574 2085 1557 2050 1580 1938 1580 1892 1557 1851 1580 1716 1563 1628 1592 1552 1568 1528 1592 1089 1604 1054 1627 995 1580 925 1639 755 1633 644 1662 556 1639"/></Shape>
	    <String CONTENT="אינו מרבה אבל מרבה הוא למרכבתו [ולפרש&#39;]"
                    HPOS="544.0"
                    VPOS="1410.0"
                    WIDTH="1676.0"
                    HEIGHT="252.0"></String>
          </TextLine>

          
          
          <TextLine ID="eSc_line_bd150dbd"
                    
                    BASELINE="546 1697 601 1689 863 1689 902 1697 1003 1674 1105 1674 1152 1682 1222 1666 1312 1658 1355 1662 1636 1643 1765 1646 2026 1627 2116 1631 2222 1619" 
                    HPOS="544.0"
                    VPOS="1568.0"
                    WIDTH="1676.0"
                    HEIGHT="229.0">
            <Shape><Polygon POINTS="544 1691 626 1650 1400 1609 1470 1586 2167 1568 2220 1615 2173 1715 2056 1732 1821 1697 1593 1744 1493 1721 1464 1744 1183 1756 1042 1726 990 1779 667 1773 615 1797 556 1756"/></Shape>
	    <String CONTENT="ולפרשיו אם כן למה נאמר למען הרבות"
                    HPOS="544.0"
                    VPOS="1568.0"
                    WIDTH="1676.0"
                    HEIGHT="229.0"></String>
          </TextLine>

          
          
          <TextLine ID="eSc_line_3748865d"
                    
                    BASELINE="515 1799 562 1838 738 1830 777 1838 831 1826 1101 1814 1152 1818 1280 1799 1386 1803 1585 1791 1628 1783 2101 1787 2171 1775 2241 1775" 
                    HPOS="509.0"
                    VPOS="1721.0"
                    WIDTH="1728.0"
                    HEIGHT="193.0">
            <Shape><Polygon POINTS="509 1797 966 1779 1042 1726 1118 1762 1540 1726 2155 1721 2237 1773 2144 1861 1757 1849 1698 1873 1546 1849 1511 1885 1353 1873 1300 1908 1253 1885 667 1914 597 1902 521 1826"/></Shape>
	    <String CONTENT="סוס סוסים בטילין מניין אפילו סוס אחד"
                    HPOS="509.0"
                    VPOS="1721.0"
                    WIDTH="1728.0"
                    HEIGHT="193.0"></String>
          </TextLine>

          
          
          <TextLine ID="eSc_line_dfdc25c0"
                    
                    BASELINE="488 1951 1042 1959 1171 1947 1218 1935 1316 1943 1402 1939 1448 1947 1515 1931 1569 1931 1612 1924 2144 1927 2237 1916" 
                    HPOS="486.0"
                    VPOS="1849.0"
                    WIDTH="1745.0"
                    HEIGHT="211.0">
            <Shape><Polygon POINTS="486 1949 574 1914 1294 1908 1341 1879 1482 1890 1528 1867 1710 1873 1739 1849 2155 1861 2231 1914 2167 2007 2050 1978 1980 2007 1763 1984 1692 2013 1628 1967 1546 2013 1423 2031 1359 1990 1318 2031 1165 2031 1142 2007 1077 2043 638 2060 591 2031 544 2043 492 1990"/></Shape>
	    <String CONTENT="והוא בטל כדיי הוא להחזיר את העם למצרים"
                    HPOS="486.0"
                    VPOS="1849.0"
                    WIDTH="1745.0"
                    HEIGHT="211.0"></String>
          </TextLine>

          
          
          <TextLine ID="eSc_line_b93b434d"
                    
                    BASELINE="531 2103 601 2095 917 2095 964 2103 1011 2091 1109 2087 1155 2080 1366 2084 1550 2072 1644 2072 1691 2064 2132 2064 2237 2072" 
                    HPOS="527.0"
                    VPOS="1972.0"
                    WIDTH="1704.0"
                    HEIGHT="229.0">
            <Shape><Polygon POINTS="527 2101 591 2043 656 2060 1312 2031 1359 1984 1400 2025 1581 2019 1628 1972 1692 2019 2015 2007 2073 1978 2231 2066 2173 2148 2120 2154 1927 2113 1780 2148 1710 2113 1593 2160 773 2171 632 2201 533 2154"/></Shape>
	    <String CONTENT="תלמוד לומר לא ירבה לו סוסים והרי דברים קל"
                    HPOS="527.0"
                    VPOS="1972.0"
                    WIDTH="1704.0"
                    HEIGHT="229.0"></String>
          </TextLine>

          
          
          <TextLine ID="eSc_line_b691950c"
                    
                    BASELINE="554 2228 695 2240 742 2232 921 2232 1062 2220 1351 2224 1437 2212 1530 2212 1608 2205 2163 2208 2253 2177" 
                    HPOS="550.0"
                    VPOS="2130.0"
                    WIDTH="1699.0"
                    HEIGHT="199.0">
            <Shape><Polygon POINTS="550 2224 568 2166 638 2201 1230 2160 1722 2166 1757 2136 1845 2130 2249 2171 2231 2230 2138 2288 1991 2294 1921 2259 1856 2288 1558 2300 1523 2271 1353 2306 1236 2283 1171 2306 907 2300 843 2324 802 2300 615 2329 556 2283"/></Shape>
	    <String CONTENT="וחומר ומה מצוה שהברית כרותה עליה [עבי&#39;]"
                    HPOS="550.0"
                    VPOS="2130.0"
                    WIDTH="1699.0"
                    HEIGHT="199.0"></String>
          </TextLine>

          
          
          <TextLine ID="eSc_line_04643f7a"
                    
                    BASELINE="515 2365 1120 2365 1163 2357 1382 2353 1425 2345 2116 2349 2163 2345 2253 2322" 
                    HPOS="509.0"
                    VPOS="2271.0"
                    WIDTH="1740.0"
                    HEIGHT="193.0">
            <Shape><Polygon POINTS="509 2359 568 2318 1300 2306 1517 2271 1552 2294 2173 2283 2249 2318 2144 2429 1716 2406 1593 2429 1511 2394 1476 2429 1019 2423 984 2447 761 2435 650 2464 615 2435 562 2452 515 2406"/></Shape>
	    <String CONTENT="עבירה מחזרתן לשם שאר ארצות שאין [/]"
                    HPOS="509.0"
                    VPOS="2271.0"
                    WIDTH="1740.0"
                    HEIGHT="193.0"></String>
          </TextLine>

          
          
          <TextLine ID="eSc_line_789210ee"
                    
                    BASELINE="562 2493 624 2505 839 2505 925 2493 1109 2493 1148 2486 2186 2489 2237 2470" 
                    HPOS="556.0"
                    VPOS="2400.0"
                    WIDTH="1675.0"
                    HEIGHT="199.0">
            <Shape><Polygon POINTS="556 2488 597 2458 738 2470 761 2447 837 2470 1013 2441 1446 2441 1511 2400 1628 2452 1675 2411 1909 2435 2179 2423 2231 2464 2214 2523 2161 2569 2026 2546 1950 2569 1903 2534 1868 2569 1751 2552 1540 2575 1499 2540 1446 2575 1095 2569 937 2593 837 2534 779 2587 691 2599 562 2558"/></Shape>
	    <String CONTENT="הברית כרותה ← על אחת כמה וכמה ˙ לא [יר&#39;]"
                    HPOS="556.0"
                    VPOS="2400.0"
                    WIDTH="1675.0"
                    HEIGHT="199.0"></String>
          </TextLine>

          
          
          <TextLine ID="eSc_line_3418de92"
                    
                    BASELINE="519 2642 878 2642 917 2649 956 2638 1288 2634 1327 2626 2218 2626" 
                    HPOS="515.0"
                    VPOS="2546.0"
                    WIDTH="1699.0"
                    HEIGHT="182.0">
            <Shape><Polygon POINTS="515 2640 591 2593 779 2593 820 2552 878 2587 1025 2587 1499 2558 1874 2575 1909 2546 1938 2575 2173 2581 2214 2622 2173 2692 2073 2722 1880 2698 1757 2716 1716 2692 1435 2710 1411 2687 1359 2722 1277 2722 1241 2687 1206 2722 1113 2704 1019 2728 896 2681 866 2710 808 2692 749 2728 603 2728 521 2646"/></Shape>
	    <String CONTENT="ירבה לו נשים אלא שמונה עשר ˙ ר&#39; יהודה"
                    HPOS="515.0"
                    VPOS="2546.0"
                    WIDTH="1699.0"
                    HEIGHT="182.0"></String>
          </TextLine>

          
          
          <TextLine ID="eSc_line_39ee4b9d"
                    
                    BASELINE="503 2778 1183 2778 1370 2774 1413 2767 2233 2767" 
                    HPOS="497.0"
                    VPOS="2692.0"
                    WIDTH="1734.0"
                    HEIGHT="170.0">
            <Shape><Polygon POINTS="497 2774 562 2704 720 2733 802 2704 925 2728 960 2698 1007 2728 1206 2728 1241 2692 1277 2728 1376 2722 1405 2692 1441 2716 2161 2710 2231 2763 2114 2850 1980 2850 1915 2821 1862 2850 1698 2850 1628 2821 1587 2850 1505 2833 890 2856 861 2833 667 2862 562 2833 503 2774"/></Shape>
	    <String CONTENT="אומר מרבה הוא לו ובלבד שלא יהו [מסיר&#39;]"
                    HPOS="497.0"
                    VPOS="2692.0"
                    WIDTH="1734.0"
                    HEIGHT="170.0"></String>
          </TextLine>

          
          
          <TextLine ID="eSc_line_ad72e98b"
                    
                    BASELINE="503 2895 562 2915 609 2907 2171 2911 2222 2899" 
                    HPOS="497.0"
                    VPOS="2821.0"
                    WIDTH="1723.0"
                    HEIGHT="176.0">
            <Shape><Polygon POINTS="497 2891 568 2833 620 2862 1189 2868 1505 2833 1593 2850 1634 2821 1681 2850 2161 2850 2220 2897 2202 2944 2138 2985 1493 2962 1441 2991 1077 2973 1025 2997 943 2962 767 2997 562 2985 503 2927"/></Shape>
	    <String CONTENT="מסירות את לבו ר&#39; שמעון אומר אפילו [אח&#39;]"
                    HPOS="497.0"
                    VPOS="2821.0"
                    WIDTH="1723.0"
                    HEIGHT="176.0"></String>
          </TextLine>

          
          
          <TextLine ID="eSc_line_67d77b95"
                    
                    BASELINE="535 3024 640 3036 2171 3036 2222 3024" 
                    HPOS="533.0"
                    VPOS="2968.0"
                    WIDTH="1687.0"
                    HEIGHT="158.0">
            <Shape><Polygon POINTS="533 3020 603 2979 1306 2991 1487 2968 2161 2979 2220 3020 2155 3114 2067 3114 2015 3085 1980 3114 1593 3114 1558 3079 1482 3108 1318 3114 1271 3079 1236 3114 1189 3114 1148 3079 1118 3102 990 3108 948 3085 907 3114 574 3126 538 3091"/></Shape>
	    <String CONTENT="אחת והיא מסירה את לבו לא ישאנה אם"
                    HPOS="533.0"
                    VPOS="2968.0"
                    WIDTH="1687.0"
                    HEIGHT="158.0"></String>
          </TextLine>

          
          
          <TextLine ID="eSc_line_5e4997fc"
                    TAGREFS="LT3"
                    BASELINE="1259 3113 1326 3113" 
                    HPOS="1259"
                    VPOS="3083"
                    WIDTH="67"
                    HEIGHT="60">
            <Shape><Polygon POINTS="1259 3083 1326 3083 1326 3143 1259 3143"/></Shape>
	    <String CONTENT="לו"
                    HPOS="1259"
                    VPOS="3083"
                    WIDTH="67"
                    HEIGHT="60"></String>
          </TextLine>

          
          
          <TextLine ID="eSc_line_c3576284"
                    
                    BASELINE="628 3161 1136 3157 1476 3165 1667 3176 2202 3169" 
                    HPOS="626.0"
                    VPOS="3079.0"
                    WIDTH="1570.0"
                    HEIGHT="187.0">
            <Shape><Polygon POINTS="626 3155 644 3120 702 3108 1007 3114 1148 3091 1230 3120 1265 3085 1300 3114 1394 3114 1505 3108 1552 3079 1587 3114 1675 3120 1980 3114 2009 3085 2073 3120 2167 3120 2196 3167 2179 3243 2103 3266 2062 3237 1815 3260 1774 3225 1675 3254 1610 3219 1347 3249 1282 3213 1189 3254 1107 3254 1083 3231 784 3254 679 3208 632 3231"/></Shape>
	    <String CONTENT="כן למה נאמר לא ירבה ↑ אפילו כאביגיל ˙"
                    HPOS="626.0"
                    VPOS="3079.0"
                    WIDTH="1570.0"
                    HEIGHT="187.0"></String>
          </TextLine>

          
          
          <TextLine ID="eSc_line_47e8da77"
                    
                    BASELINE="511 3290 613 3301 1019 3297 1058 3305 1300 3317 2085 3313 2229 3321" 
                    HPOS="509.0"
                    VPOS="3219.0"
                    WIDTH="1717.0"
                    HEIGHT="188.0">
            <Shape><Polygon POINTS="509 3284 585 3237 843 3260 937 3231 1241 3260 1294 3219 1364 3260 1534 3231 1569 3254 1605 3231 1634 3260 1728 3260 1786 3231 1827 3266 2108 3266 2149 3243 2226 3319 2167 3395 2062 3407 1821 3383 1628 3407 1581 3360 1540 3395 1411 3407 1271 3372 1218 3401 931 3377 808 3395 767 3360 685 3389 620 3360 568 3377 515 3325"/></Shape>
	    <String CONTENT="לא ירבה לו נשים אפילו כאביגיל וחברותיה [ש&#39;]"
                    HPOS="509.0"
                    VPOS="3219.0"
                    WIDTH="1717.0"
                    HEIGHT="188.0"></String>
          </TextLine>

          
          
          <TextLine ID="eSc_line_c48f4ac0"
                    
                    BASELINE="523 3430 636 3442 898 3438 980 3446 1148 3450 1187 3461 1234 3453 2163 3453 2222 3461" 
                    HPOS="521.0"
                    VPOS="3366.0"
                    WIDTH="1699.0"
                    HEIGHT="181.0">
            <Shape><Polygon POINTS="521 3424 609 3366 697 3401 767 3366 802 3401 1165 3407 1540 3401 1581 3366 1628 3412 2173 3407 2220 3459 2132 3547 1839 3541 1810 3518 1681 3541 1019 3547 784 3518 650 3530 527 3430"/></Shape>
	    <String CONTENT="שהן כשירות לא ישאנה ˙ כגון איזבל [וחברו&#39;]"
                    HPOS="521.0"
                    VPOS="3366.0"
                    WIDTH="1699.0"
                    HEIGHT="181.0"></String>
          </TextLine>

          
          
          <TextLine ID="eSc_line_a3101b60"
                    
                    BASELINE="531 3574 593 3574 632 3582 1050 3578 1089 3586 1234 3590 1280 3602 1476 3594 2112 3594 2218 3602" 
                    HPOS="527.0"
                    VPOS="3500.0"
                    WIDTH="1687.0"
                    HEIGHT="199.0">
            <Shape><Polygon POINTS="527 3571 597 3500 667 3530 1013 3541 2161 3541 2214 3600 2179 3682 1792 3693 1757 3670 1587 3693 1534 3641 1429 3699 1329 3676 1212 3693 1130 3664 990 3676 943 3641 796 3670 620 3664 533 3582"/></Shape>
	    <String CONTENT="וחברותיה שהן רעות אפילו הכי והיא [מסיר&#39;]"
                    HPOS="527.0"
                    VPOS="3500.0"
                    WIDTH="1687.0"
                    HEIGHT="199.0"></String>
          </TextLine>

          
          
          <TextLine ID="eSc_line_e4363321"
                    
                    BASELINE="546 3719 835 3719 1148 3738 1456 3734 1659 3754 2237 3746" 
                    HPOS="544.0"
                    VPOS="3653.0"
                    WIDTH="1687.0"
                    HEIGHT="187.0">
            <Shape><Polygon POINTS="544 3717 661 3658 708 3682 866 3682 943 3653 995 3688 1107 3693 1446 3699 1558 3670 1593 3699 1675 3682 2026 3705 2103 3676 2161 3682 2231 3740 2161 3840 1927 3840 1769 3805 1505 3834 1458 3799 1435 3822 1312 3828 1224 3787 1048 3828 966 3805 913 3828 843 3799 761 3822 714 3793 603 3811 550 3770"/></Shape>
	    <String CONTENT="[וה] מסירה את לבו ˙ וכסף וזהב לא ירבה לו [מ&#39;]"
                    HPOS="544.0"
                    VPOS="3653.0"
                    WIDTH="1687.0"
                    HEIGHT="187.0"></String>
          </TextLine>

          
          
          <TextLine ID="eSc_line_f75a304b"
                    
                    BASELINE="546 3852 609 3863 866 3859 917 3867 1109 3871 1202 3879 1589 3875 1776 3894 2167 3894 2222 3883" 
                    HPOS="544.0"
                    VPOS="3793.0"
                    WIDTH="1676.0"
                    HEIGHT="181.0">
            <Shape><Polygon POINTS="544 3846 702 3793 937 3828 1171 3828 1218 3793 1247 3822 1458 3816 1663 3846 1757 3811 1933 3846 2120 3834 2220 3881 2173 3974 1991 3969 1938 3928 1856 3974 1599 3974 1546 3916 1470 3963 1224 3945 1019 3969 825 3951 796 3928 738 3951 609 3934 550 3875"/></Shape>
	    <String CONTENT="מאד אלא כדי שיתן לאספסניא תלמוד"
                    HPOS="544.0"
                    VPOS="3793.0"
                    WIDTH="1676.0"
                    HEIGHT="181.0"></String>
          </TextLine>

          
          
          <TextLine ID="eSc_line_764025c9"
                    
                    BASELINE="535 3988 738 3996 784 4004 1081 4000 1359 4012 1398 4019 1851 4015 2038 4031 2229 4031" 
                    HPOS="533.0"
                    VPOS="3916.0"
                    WIDTH="1693.0"
                    HEIGHT="199.0">
            <Shape><Polygon POINTS="533 3986 591 3939 767 3957 796 3934 907 3963 1458 3969 1552 3916 1610 3974 2138 3969 2226 4027 2149 4109 2062 4115 1980 4086 1827 4115 1780 4068 1728 4109 1663 4109 1587 4056 1534 4097 1493 4068 1446 4103 726 4092 609 4074 538 4015"/></Shape>
	    <String CONTENT="לומר לא ירבה לו ˙ לו אינו מרבה אבל מרבה"
                    HPOS="533.0"
                    VPOS="3916.0"
                    WIDTH="1693.0"
                    HEIGHT="199.0"></String>
          </TextLine>

          
          
          <TextLine ID="eSc_line_01ae28d4"
                    
                    BASELINE="515 4121 777 4136 816 4144 1034 4140 1288 4152 1327 4164 1366 4156 1737 4156 1784 4164 2007 4175 2144 4172 2206 4179" 
                    HPOS="509.0"
                    VPOS="4056.0"
                    WIDTH="1693.0"
                    HEIGHT="199.0">
            <Shape><Polygon POINTS="509 4115 574 4056 714 4092 1072 4092 1165 4121 1241 4097 1423 4109 1487 4080 1546 4109 1681 4115 1774 4068 1833 4127 2167 4115 2202 4174 2179 4250 1933 4255 1874 4203 1815 4250 1728 4232 1640 4255 1382 4250 1282 4220 1230 4238 1177 4209 1113 4238 1007 4203 954 4232 814 4197 726 4226 615 4162 562 4185 515 4138"/></Shape>
	    <String CONTENT="הוא כדי ליתן לאכסניות ˙ דבר אחר כדי"
                    HPOS="509.0"
                    VPOS="4056.0"
                    WIDTH="1693.0"
                    HEIGHT="199.0"></String>
          </TextLine>

          
          
          <TextLine ID="eSc_line_789326c1"
                    
                    BASELINE="531 4257 628 4269 808 4265 1034 4285 1171 4285 1261 4277 1308 4289 1456 4300 1769 4296 1972 4316 2237 4308" 
                    HPOS="527.0"
                    VPOS="4168.0"
                    WIDTH="1704.0"
                    HEIGHT="240.0">
            <Shape><Polygon POINTS="527 4255 620 4168 667 4215 749 4226 820 4209 884 4232 1095 4232 1118 4209 1224 4244 1318 4238 1335 4261 1815 4250 1874 4203 1921 4261 2120 4250 2231 4302 2103 4396 2056 4373 1956 4408 1874 4378 1558 4396 1446 4355 1382 4384 1200 4367 1177 4343 1019 4367 960 4314 902 4367 679 4355 603 4343 533 4273"/></Shape>
	    <String CONTENT="שיתן לאספסניא תלמוד לומר לא ירבה לו"
                    HPOS="527.0"
                    VPOS="4168.0"
                    WIDTH="1704.0"
                    HEIGHT="240.0"></String>
          </TextLine>

          
          
          <TextLine ID="eSc_line_7af277bf"
                    
                    BASELINE="515 4394 656 4410 835 4410 886 4402 925 4414 988 4417 1140 4425 1320 4421 1362 4429 1484 4433 1523 4441 1788 4441 1866 4433 1905 4445 1956 4445 2050 4456 2171 4456 2253 4425" 
                    HPOS="509.0"
                    VPOS="4314.0"
                    WIDTH="1740.0"
                    HEIGHT="228.0">
            <Shape><Polygon POINTS="509 4390 609 4343 902 4367 960 4314 1048 4373 1177 4355 1394 4390 1446 4361 1552 4390 1950 4408 2062 4384 2091 4402 2155 4373 2249 4419 2167 4525 1921 4542 1458 4507 1236 4519 1001 4484 720 4501 609 4490 515 4396"/></Shape>
	    <String CONTENT="לו אינו מרבה אבל מרבה הוא לאכסניות ˙"
                    HPOS="509.0"
                    VPOS="4314.0"
                    WIDTH="1740.0"
                    HEIGHT="228.0"></String>
          </TextLine>

          
          
          <TextLine ID="eSc_line_e0ecded8"
                    
                    BASELINE="531 4527 820 4550 945 4546 1155 4558 1202 4566 1362 4566 1402 4558 1444 4570 1675 4581 2140 4577 2233 4585" 
                    HPOS="527.0"
                    VPOS="4443.0"
                    WIDTH="1704.0"
                    HEIGHT="252.0">
            <Shape><Polygon POINTS="527 4525 556 4443 603 4490 714 4501 1815 4542 2179 4531 2231 4583 2190 4659 2138 4648 2091 4683 2026 4659 1968 4695 1915 4654 1827 4677 1704 4665 1651 4613 1605 4659 1558 4665 1464 4671 1329 4624 1171 4659 1118 4636 907 4642 890 4618 644 4624 533 4566"/></Shape>
	    <String CONTENT="וכן עשה דוד שנאמר והנה בעיני הכינותי [ל&#39;]"
                    HPOS="527.0"
                    VPOS="4443.0"
                    WIDTH="1704.0"
                    HEIGHT="252.0"></String>
          </TextLine>

          
          
          <TextLine ID="eSc_line_b6194e7d"
                    
                    BASELINE="535 4659 824 4675 1019 4691 1390 4706 1476 4702 1640 4718 1855 4718 1897 4726 2034 4730 2077 4737 2233 4730" 
                    HPOS="533.0"
                    VPOS="4601.0"
                    WIDTH="1698.0"
                    HEIGHT="216.0">
            <Shape><Polygon POINTS="533 4654 585 4601 626 4624 1083 4642 1154 4665 1359 4648 1605 4671 1663 4618 1710 4665 1862 4677 1903 4654 1956 4695 2009 4671 2114 4683 2167 4648 2231 4724 2214 4777 2138 4817 1880 4777 1815 4806 1698 4806 1651 4777 1610 4800 1364 4771 1277 4794 954 4782 878 4747 825 4771 656 4759 603 4741 538 4671"/></Shape>
	    <String CONTENT="לבית ˙ ייי אבל שלמה עינה כעינין שנאמר"
                    HPOS="533.0"
                    VPOS="4601.0"
                    WIDTH="1698.0"
                    HEIGHT="216.0"></String>
          </TextLine>

          
          
          <TextLine ID="eSc_line_df994729"
                    
                    BASELINE="531 4788 812 4808 851 4816 976 4812 1163 4831 1249 4827 1503 4847 1737 4843 1827 4855 1870 4866 1917 4858 2132 4858 2229 4866" 
                    HPOS="527.0"
                    VPOS="4741.0"
                    WIDTH="1699.0"
                    HEIGHT="211.0">
            <Shape><Polygon POINTS="527 4782 609 4741 1066 4777 1113 4823 1159 4782 1259 4771 1452 4800 1651 4788 1687 4812 2185 4812 2226 4864 2190 4940 2108 4946 2079 4923 2044 4952 1950 4929 1792 4946 1669 4935 1651 4911 1575 4935 1400 4905 1206 4917 1142 4847 1072 4899 1001 4905 632 4888 533 4806"/></Shape>
	    <String CONTENT="וישם את הכסף בירושלם ˙ והיה כשבתו"
                    HPOS="527.0"
                    VPOS="4741.0"
                    WIDTH="1699.0"
                    HEIGHT="211.0"></String>
          </TextLine>

          
          
          <TextLine ID="eSc_line_eb976d0b"
                    
                    BASELINE="515 4929 581 4925 718 4940 808 4937 1046 4952 1179 4952 1273 4964 1448 4972 1487 4968 1526 4976 1698 4987 2038 4983 2136 5003 2233 4991" 
                    HPOS="509.0"
                    VPOS="4864.0"
                    WIDTH="1722.0"
                    HEIGHT="229.0">
            <Shape><Polygon POINTS="509 4923 550 4864 884 4905 1130 4882 1171 4911 1347 4929 2079 4929 2190 4946 2231 4987 2173 5075 2114 5093 2073 5069 1698 5075 1669 5052 1587 5075 1528 5063 1487 5017 1411 5058 1183 5046 1148 5022 620 5017 515 4940"/></Shape>
	    <String CONTENT="על כסא ממלכתו אם עושה הוא כל האמור"
                    HPOS="509.0"
                    VPOS="4864.0"
                    WIDTH="1722.0"
                    HEIGHT="229.0"></String>
          </TextLine>

          
          
          <TextLine ID="eSc_line_da659ea6"
                    
                    BASELINE="577 5061 722 5061 843 5073 890 5085 991 5081 1175 5097 1308 5093 1468 5112 1554 5112 1605 5104 1648 5116 1780 5128 2226 5128" 
                    HPOS="574.0"
                    VPOS="5005.0"
                    WIDTH="1646.0"
                    HEIGHT="216.0">
            <Shape><Polygon POINTS="574 5058 603 5005 1054 5028 1142 5058 1446 5058 1482 5022 1569 5075 2185 5081 2220 5122 2185 5210 1997 5221 1862 5216 1810 5169 1780 5192 1757 5175 1681 5204 1534 5204 1458 5139 1400 5192 1007 5151 890 5163 761 5122 685 5151 579 5063"/></Shape>
	    <String CONTENT="בעינין כדיי הוא לישב על כסא ממלכתו"
                    HPOS="574.0"
                    VPOS="5005.0"
                    WIDTH="1646.0"
                    HEIGHT="216.0"></String>
          </TextLine>

          
          
          <TextLine ID="eSc_line_b843fe4f"
                    
                    BASELINE="484 5194 683 5190 816 5206 1230 5218 1441 5237 1480 5229 1519 5241 1651 5253 1733 5249 1913 5260 1952 5268 2226 5268" 
                    HPOS="480.0"
                    VPOS="5104.0"
                    WIDTH="1740.0"
                    HEIGHT="252.0">
            <Shape><Polygon POINTS="480 5192 574 5104 679 5151 767 5128 808 5157 1364 5198 1452 5145 1523 5204 1757 5204 1810 5169 1897 5221 2196 5216 2220 5262 2202 5344 2126 5356 1892 5321 1692 5344 1610 5309 1534 5339 1511 5315 1405 5321 1370 5286 1341 5309 1212 5286 1171 5309 872 5292 808 5286 761 5245 667 5280 597 5245 550 5257 486 5192"/></Shape>
	    <String CONTENT="וכתב לו לשמו שלא יהא ניאות בשל [אבות&#39;]"
                    HPOS="480.0"
                    VPOS="5104.0"
                    WIDTH="1740.0"
                    HEIGHT="252.0"></String>
          </TextLine>

          
          
          <TextLine ID="eSc_line_8bb0e440"
                    
                    BASELINE="531 5319 593 5315 870 5331 960 5339 999 5350 1038 5342 1132 5342 1234 5358 1320 5358 1405 5370 1589 5370 1671 5385 1858 5393 2132 5393 2179 5405 2229 5393" 
                    HPOS="527.0"
                    VPOS="5245.0"
                    WIDTH="1699.0"
                    HEIGHT="246.0">
            <Shape><Polygon POINTS="527 5315 591 5245 656 5280 767 5262 948 5298 1206 5286 1323 5321 1370 5286 1400 5315 1528 5339 2185 5350 2226 5391 2208 5450 2132 5491 2009 5467 1968 5491 1804 5485 1774 5444 1704 5485 1581 5450 1446 5473 1335 5415 1241 5444 1212 5420 1077 5438 796 5420 773 5391 585 5397 533 5344"/></Shape>
	    <String CONTENT="אבותיו משנה אין לי אלא משנה תורה [ש&#39;]"
                    HPOS="527.0"
                    VPOS="5245.0"
                    WIDTH="1699.0"
                    HEIGHT="246.0"></String>
          </TextLine>

          
          
          <TextLine ID="eSc_line_0956e660"
                    
                    BASELINE="546 5459 640 5459 734 5471 855 5471 999 5491 1042 5483 1222 5502 1308 5495 1374 5522 1460 5518 1624 5530 1757 5530 1937 5549 2163 5549 2257 5538" 
                    HPOS="544.0"
                    VPOS="5403.0"
                    WIDTH="1711.0"
                    HEIGHT="234.0">
            <Shape><Polygon POINTS="544 5456 574 5403 814 5420 837 5444 907 5415 960 5444 1230 5432 1282 5467 1376 5444 1405 5473 1710 5485 1769 5456 1897 5497 2243 5491 2255 5532 2237 5596 2190 5596 2144 5637 2009 5637 1821 5625 1763 5579 1698 5620 1517 5614 1487 5584 1400 5590 1253 5549 1189 5573 1165 5549 1118 5567 966 5538 907 5573 761 5526 714 5573 550 5520"/></Shape>
	    <String CONTENT="שעתידה להשתנות אחרים אומרים אין [קו&#39;]"
                    HPOS="544.0"
                    VPOS="5403.0"
                    WIDTH="1711.0"
                    HEIGHT="234.0"></String>
          </TextLine>

          
        </TextBlock>
        
        <TextBlock HPOS="292.0"
                   VPOS="2462.0"
                   WIDTH="203.0"
                   HEIGHT="109.0"
                   ID="eSc_textblock_465d92b4"
                   TAGREFS="BT225">
          <Shape><Polygon POINTS="464 2462 292 2497 328 2571 495 2540"/></Shape>
          
          
          <TextLine ID="eSc_line_ee03c699"
                    
                    BASELINE="296 2493 433 2521 488 2521" 
                    HPOS="289"
                    VPOS="2463"
                    WIDTH="199"
                    HEIGHT="88">
            <Shape><Polygon POINTS="302 2463 439 2491 488 2491 488 2551 426 2550 289 2522"/></Shape>
	    <String CONTENT="עמהן"
                    HPOS="289"
                    VPOS="2463"
                    WIDTH="199"
                    HEIGHT="88"></String>
          </TextLine>

          
        </TextBlock>
        
        <TextBlock HPOS="670.0"
                   VPOS="6230.0"
                   WIDTH="545.0"
                   HEIGHT="150.0"
                   ID="eSc_textblock_0ecad36d"
                   TAGREFS="BT225">
          <Shape><Polygon POINTS="1120 6240 700 6230 670 6329 1215 6380 1214 6291"/></Shape>
          
          
          <TextLine ID="eSc_line_6e273f5b"
                    
                    BASELINE="735 6279 976 6275 1187 6299" 
                    HPOS="734"
                    VPOS="6245"
                    WIDTH="456"
                    HEIGHT="83">
            <Shape><Polygon POINTS="734 6249 975 6245 1190 6269 1183 6328 976 6304 735 6308"/></Shape>
	    <String CONTENT="קוראין ביום"
                    HPOS="734"
                    VPOS="6245"
                    WIDTH="456"
                    HEIGHT="83"></String>
          </TextLine>

          
        </TextBlock>
        

        
      </PrintSpace>
    </Page>
  </Layout>
</alto>
