<?xml version="1.0" encoding="UTF-8"?>
<alto xmlns:xsi="http://www.w3.org/2001/XMLSchema-instance"
      xmlns="http://www.loc.gov/standards/alto/ns-v4#"
      xsi:schemaLocation="http://www.loc.gov/standards/alto/ns-v4# http://www.loc.gov/standards/alto/v4/alto-4-2.xsd">
  <Description>
    <MeasurementUnit>pixel</MeasurementUnit>
    <sourceImageInformation>
      <fileName>add_ms_16406_f328v.jpg</fileName>
      
    </sourceImageInformation>
  </Description>
  
  <Tags>
    <OtherTag ID="BT1" LABEL="Title" DESCRIPTION="block type Title"/><OtherTag ID="BT2" LABEL="Main" DESCRIPTION="block type Main"/><OtherTag ID="BT3" LABEL="Commentary" DESCRIPTION="block type Commentary"/><OtherTag ID="BT4" LABEL="Illustration" DESCRIPTION="block type Illustration"/><OtherTag ID="BT224" LABEL="Hole" DESCRIPTION="block type Hole"/><OtherTag ID="BT225" LABEL="Margin" DESCRIPTION="block type Margin"/><OtherTag ID="BT226" LABEL="Paratext" DESCRIPTION="block type Paratext"/>
    <OtherTag ID="LT2" LABEL="Numbering" DESCRIPTION="line type Numbering"/><OtherTag ID="LT3" LABEL="Correction" DESCRIPTION="line type Correction"/><OtherTag ID="LT329" LABEL="Gloss" DESCRIPTION="line type Gloss"/>
  </Tags>
  
  <Layout>
    <Page WIDTH="4833"
          HEIGHT="6898"
          PHYSICAL_IMG_NR="656"
          ID="eSc_dummypage_">
      <PrintSpace HPOS="0"
                  VPOS="0"
                  WIDTH="4833"
                  HEIGHT="6898">
        
        <TextBlock HPOS="2276.0"
                   VPOS="701.0"
                   WIDTH="1652.0"
                   HEIGHT="4798.0"
                   ID="eSc_textblock_e3df5214"
                   TAGREFS="BT2">
          <Shape><Polygon POINTS="3882 5499 3928 5146 3928 751 3897 716 2326 701 2291 766 2276 1962 2291 5483 3882 5499"/></Shape>
          
          
          <TextLine ID="eSc_line_e4de6018"
                    
                    BASELINE="2326 820 3012 831 3368 846 3939 839" 
                    HPOS="2324.0"
                    VPOS="724.0"
                    WIDTH="1611.0"
                    HEIGHT="207.0">
            <Shape><Polygon POINTS="2324 816 2330 764 2497 724 2571 758 2675 730 2715 764 2761 741 2801 758 3181 730 3268 776 3434 776 3486 741 3544 776 3739 741 3797 764 3843 735 3872 764 3918 758 3935 833 3906 908 3791 925 3722 919 3693 890 3555 931 3377 931 3187 908 2796 925 2600 908 2577 885 2525 913 2330 879"/></Shape>
	    <String CONTENT="לישר&#39; שכל הברכות כלולות בה יורה שיורד"
                    HPOS="2324.0"
                    VPOS="724.0"
                    WIDTH="1611.0"
                    HEIGHT="207.0"></String>
          </TextLine>

          
          
          <TextLine ID="eSc_line_8cb34e1f"
                    
                    BASELINE="2295 992 2349 984 2475 984 2805 996 2851 1004 3890 1000 3939 1007" 
                    HPOS="2289.0"
                    VPOS="896.0"
                    WIDTH="1646.0"
                    HEIGHT="201.0">
            <Shape><Polygon POINTS="2289 988 2376 896 2416 936 2606 942 2669 902 2709 942 2859 948 3198 948 3233 913 3273 942 3532 948 3682 913 3716 948 3831 931 3935 1005 3872 1080 3676 1086 3624 1063 3532 1092 3256 1069 3204 1092 3060 1074 3026 1097 2905 1069 2709 1097 2669 1074 2606 1092 2537 1057 2404 1086 2295 988"/></Shape>
	    <String CONTENT="ומורה את הבריות להכניס פירותיהן ולהטיח [גני&#39;]"
                    HPOS="2289.0"
                    VPOS="896.0"
                    WIDTH="1646.0"
                    HEIGHT="201.0"></String>
          </TextLine>

          
          
          <TextLine ID="eSc_line_ddddd811"
                    
                    BASELINE="2299 1130 2357 1142 2441 1138 2947 1157 3924 1149" 
                    HPOS="2295.0"
                    VPOS="1069.0"
                    WIDTH="1628.0"
                    HEIGHT="189.0">
            <Shape><Polygon POINTS="2295 1126 2370 1086 2807 1103 2928 1069 3014 1103 3216 1103 3302 1069 3383 1109 3567 1103 3636 1069 3676 1109 3843 1074 3923 1143 3895 1235 3820 1224 3751 1258 3630 1230 3365 1247 3296 1218 3239 1241 3152 1218 3078 1253 3032 1212 2917 1241 2727 1241 2698 1212 2669 1235 2439 1218 2387 1241 2301 1155"/></Shape>
	    <String CONTENT="גניהן ולעשות כל צורכן ˙˙ ד&#39;א&#39; יורה שמתכוין"
                    HPOS="2295.0"
                    VPOS="1069.0"
                    WIDTH="1628.0"
                    HEIGHT="189.0"></String>
          </TextLine>

          
          
          <TextLine ID="eSc_line_2cc82802"
                    
                    BASELINE="2341 1287 2525 1287 2571 1299 2617 1291 3058 1291 3307 1310 3909 1310" 
                    HPOS="2335.0"
                    VPOS="1224.0"
                    WIDTH="1571.0"
                    HEIGHT="178.0">
            <Shape><Polygon POINTS="2335 1281 2422 1241 2997 1224 3078 1258 3757 1258 3849 1224 3906 1304 3889 1362 3843 1391 3498 1402 3325 1373 3135 1396 3072 1350 2991 1385 2905 1362 2433 1373 2341 1299"/></Shape>
	    <String CONTENT="לארץ ואין יורד בזעם ˙˙ ד&#39;א&#39; שיורד ומרוה"
                    HPOS="2335.0"
                    VPOS="1224.0"
                    WIDTH="1571.0"
                    HEIGHT="178.0"></String>
          </TextLine>

          
          
          <TextLine ID="eSc_line_272a29ae"
                    
                    BASELINE="2341 1417 2433 1433 2698 1433 2782 1425 2828 1437 3138 1448 3920 1448" 
                    HPOS="2335.0"
                    VPOS="1356.0"
                    WIDTH="1583.0"
                    HEIGHT="190.0">
            <Shape><Polygon POINTS="2335 1414 2387 1362 2451 1379 2502 1356 2750 1391 3831 1391 3877 1396 3918 1442 3872 1529 3601 1517 3561 1546 3417 1517 3135 1534 2439 1511 2341 1448"/></Shape>
	    <String CONTENT="את הארץ ומשקה עד תהום וכן הוא אומ&#39; [וה&#39;]"
                    HPOS="2335.0"
                    VPOS="1356.0"
                    WIDTH="1583.0"
                    HEIGHT="190.0"></String>
          </TextLine>

          
          
          <TextLine ID="eSc_line_d2af96a7"
                    
                    BASELINE="2299 1555 2640 1571 2690 1567 2966 1578 3008 1586 3936 1578" 
                    HPOS="2295.0"
                    VPOS="1488.0"
                    WIDTH="1640.0"
                    HEIGHT="184.0">
            <Shape><Polygon POINTS="2295 1552 2376 1488 2439 1517 2842 1540 3860 1529 3935 1575 3877 1667 3049 1672 2381 1649 2301 1569"/></Shape>
	    <String CONTENT="והורדתי את הגשם בעתו או מהו יורה [שמש&#39;]"
                    HPOS="2295.0"
                    VPOS="1488.0"
                    WIDTH="1640.0"
                    HEIGHT="184.0"></String>
          </TextLine>

          
          
          <TextLine ID="eSc_line_75399e02"
                    
                    BASELINE="2280 1701 2422 1701 2464 1713 2552 1705 2767 1705 2813 1713 3016 1716 3054 1724 3909 1724" 
                    HPOS="2278.0"
                    VPOS="1644.0"
                    WIDTH="1628.0"
                    HEIGHT="166.0">
            <Shape><Polygon POINTS="2278 1695 2451 1644 3877 1672 3906 1718 3889 1764 3820 1810 3601 1799 3572 1776 3486 1810 3411 1781 3360 1810 3083 1804 3014 1770 2963 1804 2830 1799 2796 1770 2755 1799 2640 1770 2594 1793 2353 1793 2284 1724"/></Shape>
	    <String CONTENT="שמשיר את הפירות ושוטף את הזרעים ואת"
                    HPOS="2278.0"
                    VPOS="1644.0"
                    WIDTH="1628.0"
                    HEIGHT="166.0"></String>
          </TextLine>

          
          
          <TextLine ID="eSc_line_48e3c643"
                    
                    BASELINE="2261 1831 2456 1847 2759 1843 2840 1850 2931 1850 3016 1866 3112 1858 3867 1858 3955 1885" 
                    HPOS="2255.0"
                    VPOS="1770.0"
                    WIDTH="1697.0"
                    HEIGHT="190.0">
            <Shape><Polygon POINTS="2255 1827 2330 1793 2761 1799 2790 1770 2825 1799 2928 1804 3020 1776 3118 1816 3377 1816 3406 1787 3492 1816 3578 1781 3653 1810 3866 1810 3952 1879 3872 1948 3820 1931 3785 1954 3469 1954 3423 1919 3377 1960 3129 1948 3066 1908 2986 1942 2612 1937 2525 1914 2353 1937 2261 1839"/></Shape>
	    <String CONTENT="הגרנות ת&#39;ל&#39; מלקוש מה מלקוש לברכה אף יורה"
                    HPOS="2255.0"
                    VPOS="1770.0"
                    WIDTH="1697.0"
                    HEIGHT="190.0"></String>
          </TextLine>

          
          
          <TextLine ID="eSc_line_40eeee25"
                    
                    BASELINE="2314 1973 2368 1985 2579 1981 2625 1988 2970 2000 3771 1996 3909 2000" 
                    HPOS="2312.0"
                    VPOS="1908.0"
                    WIDTH="1594.0"
                    HEIGHT="190.0">
            <Shape><Polygon POINTS="2312 1971 2502 1908 2606 1942 2819 1948 3020 1948 3066 1914 3135 1954 3383 1954 3417 1919 3469 1954 3601 1960 3797 1954 3843 1931 3906 1994 3889 2057 3843 2086 3711 2086 3670 2063 3555 2092 3434 2057 3394 2098 3337 2075 2738 2086 2698 2046 2623 2080 2577 2057 2387 2069 2318 2000"/></Shape>
	    <String CONTENT="לברכה או מלקוש מפיל בתים ועוקר אילנות"
                    HPOS="2312.0"
                    VPOS="1908.0"
                    WIDTH="1594.0"
                    HEIGHT="190.0"></String>
          </TextLine>

          
          
          <TextLine ID="eSc_line_5b9e17d5"
                    
                    BASELINE="2311 2126 2372 2119 2449 2126 2671 2130 2713 2138 3269 2134 3315 2142 3445 2142 3503 2130 3545 2138 3725 2134 3767 2142 3936 2142" 
                    HPOS="2307.0"
                    VPOS="2046.0"
                    WIDTH="1628.0"
                    HEIGHT="190.0">
            <Shape><Polygon POINTS="2307 2121 2381 2080 2658 2080 2698 2046 2738 2086 3009 2098 3198 2075 3394 2098 3434 2057 3532 2092 3688 2069 3711 2092 3866 2092 3935 2138 3872 2224 3711 2230 3665 2195 3561 2236 3302 2230 3239 2195 3072 2230 3020 2190 2963 2224 2416 2213 2318 2121"/></Shape>
	    <String CONTENT="ומעל סקן ת&#39;ל&#39; בעתו [ועוקר] יורה ומלקוש מה"
                    HPOS="2307.0"
                    VPOS="2046.0"
                    WIDTH="1628.0"
                    HEIGHT="190.0"></String>
          </TextLine>

          
          
          <TextLine ID="eSc_line_36a323fe"
                    
                    BASELINE="2326 2264 2387 2257 2702 2257 2924 2276 3261 2276 3299 2268 3338 2280 3529 2291 3568 2287 3867 2291 3955 2261" 
                    HPOS="2324.0"
                    VPOS="2190.0"
                    WIDTH="1628.0"
                    HEIGHT="184.0">
            <Shape><Polygon POINTS="2324 2259 2381 2190 2675 2224 2968 2218 2997 2190 3072 2230 3187 2230 3239 2195 3285 2230 3486 2241 3618 2241 3676 2201 3711 2236 3872 2230 3952 2259 3837 2368 3653 2374 3480 2368 3446 2333 3406 2368 3078 2362 3037 2333 2997 2356 2917 2333 2709 2362 2376 2339 2330 2293"/></Shape>
	    <String CONTENT="יורה לברכה אף מלקוש לברכה וכן הוא אומ&#39;"
                    HPOS="2324.0"
                    VPOS="2190.0"
                    WIDTH="1628.0"
                    HEIGHT="184.0"></String>
          </TextLine>

          
          
          <TextLine ID="eSc_line_02cb158a"
                    
                    BASELINE="2341 2383 2441 2398 2698 2395 2778 2402 2954 2406 2993 2414 3468 2410 3514 2418 3652 2418 3744 2429 3828 2429 3893 2402" 
                    HPOS="2335.0"
                    VPOS="2333.0"
                    WIDTH="1554.0"
                    HEIGHT="179.0">
            <Shape><Polygon POINTS="2335 2379 2416 2339 2704 2362 2894 2362 2922 2339 2997 2362 3049 2339 3089 2368 3411 2368 3446 2333 3486 2368 3808 2362 3889 2397 3872 2506 3682 2477 3613 2512 3486 2489 3170 2500 3135 2466 3089 2500 2945 2500 2911 2477 2882 2500 2663 2494 2594 2460 2560 2494 2491 2506 2341 2402"/></Shape>
	    <String CONTENT="ובני ציון גילו ושמחו בייי וגו&#39; ˙ ואספת דגנך"
                    HPOS="2335.0"
                    VPOS="2333.0"
                    WIDTH="1554.0"
                    HEIGHT="179.0"></String>
          </TextLine>

          
          
          <TextLine ID="eSc_line_a7f82702"
                    
                    BASELINE="2314 2525 2410 2536 2629 2533 2671 2540 2870 2544 2954 2552 3905 2544" 
                    HPOS="2312.0"
                    VPOS="2454.0"
                    WIDTH="1588.0"
                    HEIGHT="190.0">
            <Shape><Polygon POINTS="2312 2523 2376 2483 2560 2489 2594 2454 2675 2494 3078 2506 3124 2471 3164 2506 3584 2517 3699 2483 3745 2512 3866 2506 3900 2540 3860 2632 3676 2644 3072 2638 3009 2615 2819 2638 2778 2609 2445 2621 2381 2603 2318 2540"/></Shape>
	    <String CONTENT="ממלא תירושך ממלא ויצהרך ממלא או [/]"
                    HPOS="2312.0"
                    VPOS="2454.0"
                    WIDTH="1588.0"
                    HEIGHT="190.0"></String>
          </TextLine>

          
          
          <TextLine ID="eSc_line_5186f796"
                    
                    BASELINE="2345 2663 2403 2674 2805 2671 2847 2678 2997 2682 3035 2690 3901 2682" 
                    HPOS="2341.0"
                    VPOS="2603.0"
                    WIDTH="1559.0"
                    HEIGHT="179.0">
            <Shape><Polygon POINTS="2341 2661 2422 2603 2842 2644 3780 2632 3860 2638 3900 2678 3877 2770 3618 2776 3532 2747 3480 2782 3423 2759 3360 2782 3285 2770 3245 2730 3175 2782 3083 2776 3037 2741 2997 2776 2848 2776 2801 2747 2404 2759 2347 2701"/></Shape>
	    <String CONTENT="ואספת דגנ[י]ך תירושך ויצהריך ממעיט [הפי&#39;]"
                    HPOS="2341.0"
                    VPOS="2603.0"
                    WIDTH="1559.0"
                    HEIGHT="179.0"></String>
          </TextLine>

          
          
          <TextLine ID="eSc_line_9d6955a0"
                    
                    BASELINE="2291 2812 2564 2809 2606 2816 2855 2828 3790 2824 3832 2832 3943 2832" 
                    HPOS="2289.0"
                    VPOS="2724.0"
                    WIDTH="1652.0"
                    HEIGHT="196.0">
            <Shape><Polygon POINTS="2289 2810 2324 2764 2370 2753 3181 2776 3245 2724 3296 2776 3498 2782 3526 2753 3590 2753 3618 2782 3837 2770 3941 2828 3872 2914 3808 2920 3676 2885 3636 2914 3279 2914 3060 2885 3009 2908 2727 2908 2399 2879 2358 2908 2295 2851"/></Shape>
	    <String CONTENT="הפירות ת&#39;ל&#39; והשיג לכם דיש את בציר וגו&#39; מקיש"
                    HPOS="2289.0"
                    VPOS="2724.0"
                    WIDTH="1652.0"
                    HEIGHT="196.0"></String>
          </TextLine>

          
          
          <TextLine ID="eSc_line_5b7b3566"
                    
                    BASELINE="2341 2950 2740 2966 3713 2962 3909 2966" 
                    HPOS="2335.0"
                    VPOS="2885.0"
                    WIDTH="1571.0"
                    HEIGHT="167.0">
            <Shape><Polygon POINTS="2335 2948 2399 2902 2502 2914 2600 2891 2709 2914 3636 2920 3676 2885 3711 2920 3883 2920 3906 2960 3872 3046 3826 3029 3572 3052 3509 3006 3440 3046 3193 3029 3135 3052 2485 3046 2364 2954"/></Shape>
	    <String CONTENT="דיש לבציר מה בציר משאתה מתחיל בו אי"
                    HPOS="2335.0"
                    VPOS="2885.0"
                    WIDTH="1571.0"
                    HEIGHT="167.0"></String>
          </TextLine>

          
          
          <TextLine ID="eSc_line_ad45f668"
                    
                    BASELINE="2341 3077 2395 3088 2843 3084 2889 3092 3123 3104 3905 3096" 
                    HPOS="2335.0"
                    VPOS="2966.0"
                    WIDTH="1565.0"
                    HEIGHT="230.0">
            <Shape><Polygon POINTS="2335 3075 2341 2989 2370 2966 2445 3040 3411 3058 3521 3012 3572 3058 3877 3052 3900 3092 3877 3173 3699 3196 3279 3184 3239 3161 3181 3190 2986 3155 2531 3178 2428 3167 2341 3086"/></Shape>
	    <String CONTENT="אתה יכול להניחו אף דיש משאתה מתחיל"
                    HPOS="2335.0"
                    VPOS="2966.0"
                    WIDTH="1565.0"
                    HEIGHT="230.0"></String>
          </TextLine>

          
          
          <TextLine ID="eSc_line_43018836"
                    
                    BASELINE="2311 3215 2376 3226 2502 3222 2552 3230 2809 3234 2847 3245 2886 3238 3836 3242 3932 3230" 
                    HPOS="2307.0"
                    VPOS="3150.0"
                    WIDTH="1622.0"
                    HEIGHT="166.0">
            <Shape><Polygon POINTS="2307 3213 2387 3150 2433 3178 2698 3184 2882 3184 2974 3155 3026 3184 3198 3184 3239 3155 3279 3184 3854 3178 3929 3224 3912 3299 3877 3316 2462 3316 2376 3311 2312 3247"/></Shape>
	    <String CONTENT="בו אי אתה רשאי להניחו ד&#39;א&#39; שיהא חורש [ב&#39;]"
                    HPOS="2307.0"
                    VPOS="3150.0"
                    WIDTH="1622.0"
                    HEIGHT="166.0"></String>
          </TextLine>

          
          
          <TextLine ID="eSc_line_a10d356b"
                    
                    BASELINE="2272 3353 2326 3364 2820 3360 2943 3368 3261 3372 3618 3372 3767 3360 3848 3380 3939 3364" 
                    HPOS="2266.0"
                    VPOS="3299.0"
                    WIDTH="1669.0"
                    HEIGHT="161.0">
            <Shape><Polygon POINTS="2266 3351 2341 3305 3394 3299 3872 3322 3935 3362 3883 3449 3797 3460 3544 3437 3314 3454 3279 3420 3245 3454 3198 3420 3032 3454 2347 3454 2272 3380"/></Shape>
	    <String CONTENT="בשעת [חרישה] קצירה וקוצר בשעת חרישה"
                    HPOS="2266.0"
                    VPOS="3299.0"
                    WIDTH="1669.0"
                    HEIGHT="161.0"></String>
          </TextLine>

          
          
          <TextLine ID="eSc_line_5b07da95"
                    
                    BASELINE="2345 3502 2997 3498 3441 3510 3713 3502 3936 3506" 
                    HPOS="2341.0"
                    VPOS="3420.0"
                    WIDTH="1594.0"
                    HEIGHT="178.0">
            <Shape><Polygon POINTS="2341 3500 2381 3449 3135 3454 3181 3420 3227 3454 3279 3420 3314 3454 3877 3454 3935 3500 3889 3581 3814 3598 3665 3563 3630 3586 3256 3563 3181 3598 2968 3592 2853 3552 2773 3558 2744 3586 2479 3592 2376 3586 2347 3558"/></Shape>
	    <String CONTENT="וכן איוב אומ&#39; וטל ילין בקצירי ˙˙ ד&#39;א&#39; ואספת"
                    HPOS="2341.0"
                    VPOS="3420.0"
                    WIDTH="1594.0"
                    HEIGHT="178.0"></String>
          </TextLine>

          
          
          <TextLine ID="eSc_line_23d297d9"
                    
                    BASELINE="2326 3632 3939 3640" 
                    HPOS="2324.0"
                    VPOS="3558.0"
                    WIDTH="1611.0"
                    HEIGHT="178.0">
            <Shape><Polygon POINTS="2324 3627 2353 3592 2721 3598 2773 3558 2825 3581 2865 3563 2905 3592 3147 3604 3279 3598 3319 3569 3463 3598 3624 3592 3665 3563 3688 3586 3877 3592 3935 3638 3877 3719 3780 3730 3705 3696 3642 3724 3314 3736 2842 3713 2387 3730 2330 3673"/></Shape>
	    <String CONTENT="דגנך למה נאמ&#39; לפי שהוא אומ&#39; לא ימוש ספר"
                    HPOS="2324.0"
                    VPOS="3558.0"
                    WIDTH="1611.0"
                    HEIGHT="178.0"></String>
          </TextLine>

          
          
          <TextLine ID="eSc_line_114aae69"
                    
                    BASELINE="2318 3763 2564 3770 2602 3778 3924 3770" 
                    HPOS="2312.0"
                    VPOS="3713.0"
                    WIDTH="1611.0"
                    HEIGHT="155.0">
            <Shape><Polygon POINTS="2312 3759 2370 3719 3072 3736 3227 3713 3877 3730 3923 3765 3872 3857 3601 3868 3337 3868 3175 3834 3089 3868 2422 3857 2318 3782"/></Shape>
	    <String CONTENT="התורה הזה מפיך וגו&#39; ˙ שומע אני כמשמעו [/]"
                    HPOS="2312.0"
                    VPOS="3713.0"
                    WIDTH="1611.0"
                    HEIGHT="155.0"></String>
          </TextLine>

          
          
          <TextLine ID="eSc_line_af7ec45f"
                    
                    BASELINE="2341 3889 2437 3905 2725 3908 2771 3916 3560 3912 3916 3916" 
                    HPOS="2335.0"
                    VPOS="3839.0"
                    WIDTH="1577.0"
                    HEIGHT="161.0">
            <Shape><Polygon POINTS="2335 3885 2376 3839 2428 3862 3331 3868 3820 3839 3912 3914 3889 3989 3492 3977 3411 4000 3348 3977 2404 3983 2341 3920"/></Shape>
	    <String CONTENT="ת&#39;ל&#39; ואספת דגנך דרך ארץ דברה תורה דברי ר&#39;"
                    HPOS="2335.0"
                    VPOS="3839.0"
                    WIDTH="1577.0"
                    HEIGHT="161.0"></String>
          </TextLine>

          
          
          <TextLine ID="eSc_line_89c8badd"
                    
                    BASELINE="2314 4035 2594 4035 2686 4042 2878 4046 2943 4054 3825 4054 3924 4042" 
                    HPOS="2312.0"
                    VPOS="3966.0"
                    WIDTH="1611.0"
                    HEIGHT="172.0">
            <Shape><Polygon POINTS="2312 4029 2376 3983 2537 3995 2617 3966 2652 3995 2819 3972 3043 4000 3245 3977 3394 4006 3492 3977 3613 4000 3843 3989 3923 4041 3860 4104 3780 4133 3515 4127 3486 4098 3446 4127 3164 4138 3124 4115 2358 4127 2318 4087"/></Shape>
	    <String CONTENT="ישמעﭏ ר&#39; שמעו&#39; בן יוחי אומ&#39; אין לדבר סוף"
                    HPOS="2312.0"
                    VPOS="3966.0"
                    WIDTH="1611.0"
                    HEIGHT="172.0"></String>
          </TextLine>

          
          
          <TextLine ID="eSc_line_96cae644"
                    
                    BASELINE="2326 4180 2636 4180 2782 4184 2836 4192 3909 4192" 
                    HPOS="2324.0"
                    VPOS="4127.0"
                    WIDTH="1582.0"
                    HEIGHT="144.0">
            <Shape><Polygon POINTS="2324 4179 2376 4133 2445 4127 3831 4127 3889 4150 3906 4190 3854 4271 3785 4248 3734 4271 3693 4248 3371 4271 3020 4242 2980 4265 2721 4271 2577 4236 2399 4271 2330 4207"/></Shape>
	    <String CONTENT="קוצר בשעת קצירה חורש בשעת חרישה"
                    HPOS="2324.0"
                    VPOS="4127.0"
                    WIDTH="1582.0"
                    HEIGHT="144.0"></String>
          </TextLine>

          
          
          <TextLine ID="eSc_line_0d77b54c"
                    
                    BASELINE="2326 4315 2694 4330 3874 4330 3924 4318" 
                    HPOS="2324.0"
                    VPOS="4253.0"
                    WIDTH="1599.0"
                    HEIGHT="161.0">
            <Shape><Polygon POINTS="2324 4311 2364 4253 2479 4282 2554 4253 2623 4276 3722 4276 3791 4253 3872 4271 3923 4316 3866 4397 3814 4380 3688 4408 3624 4385 3567 4414 3262 4403 3233 4380 3152 4414 2404 4414 2330 4351"/></Shape>
	    <String CONTENT="דש בשעת שרב זורה בשעת הרוח אימתי [א&#39;]"
                    HPOS="2324.0"
                    VPOS="4253.0"
                    WIDTH="1599.0"
                    HEIGHT="161.0"></String>
          </TextLine>

          
          
          <TextLine ID="eSc_line_90c21b06"
                    
                    BASELINE="2280 4453 2422 4468 3909 4460" 
                    HPOS="2278.0"
                    VPOS="4380.0"
                    WIDTH="1628.0"
                    HEIGHT="178.0">
            <Shape><Polygon POINTS="2278 4449 2376 4403 2859 4397 2911 4420 3083 4420 3175 4414 3233 4380 3268 4414 3584 4420 3630 4391 3676 4420 3837 4408 3906 4454 3860 4546 3728 4529 3618 4558 3469 4552 3429 4523 3279 4552 3032 4552 3003 4529 2911 4552 2790 4529 2606 4558 2525 4518 2491 4546 2393 4552 2295 4454"/></Shape>
	    <String CONTENT="אדם למד תורה אלא כשישר&#39; עושין רצונו"
                    HPOS="2278.0"
                    VPOS="4380.0"
                    WIDTH="1628.0"
                    HEIGHT="178.0"></String>
          </TextLine>

          
          
          <TextLine ID="eSc_line_da8fd6ec"
                    
                    BASELINE="2314 4594 2468 4606 3729 4606 3767 4587 3913 4598" 
                    HPOS="2312.0"
                    VPOS="4523.0"
                    WIDTH="1600.0"
                    HEIGHT="167.0">
            <Shape><Polygon POINTS="2312 4592 2376 4546 2629 4558 2761 4546 2784 4523 2836 4546 3245 4552 3371 4552 3400 4523 3457 4552 3636 4552 3745 4523 3854 4546 3912 4592 3837 4673 3739 4661 3647 4690 3078 4690 2991 4661 2917 4690 2807 4684 2778 4656 2750 4679 2669 4661 2640 4684 2525 4684 2479 4661 2399 4684 2318 4627"/></Shape>
	    <String CONTENT="של מקום מלאכתן נעשית על ידי אחרים"
                    HPOS="2312.0"
                    VPOS="4523.0"
                    WIDTH="1600.0"
                    HEIGHT="167.0"></String>
          </TextLine>

          
          
          <TextLine ID="eSc_line_3e7fd49c"
                    
                    BASELINE="2303 4732 2360 4744 3813 4744 3916 4732" 
                    HPOS="2301.0"
                    VPOS="4661.0"
                    WIDTH="1611.0"
                    HEIGHT="173.0">
            <Shape><Polygon POINTS="2301 4730 2370 4679 2451 4690 2479 4667 2623 4696 2934 4690 2957 4667 3256 4696 3711 4690 3739 4661 3849 4684 3912 4730 3808 4817 3302 4817 3268 4794 3175 4822 2957 4805 2686 4834 2635 4805 2404 4822 2318 4736"/></Shape>
	    <String CONTENT="שנ&#39; ועמדו זרים ורעו צאנ&#39; וכשאין ישר&#39; [עו&#39;]"
                    HPOS="2301.0"
                    VPOS="4661.0"
                    WIDTH="1611.0"
                    HEIGHT="173.0"></String>
          </TextLine>

          
          
          <TextLine ID="eSc_line_1669babb"
                    
                    BASELINE="2311 4855 2406 4866 2656 4863 2736 4870 3472 4870 3549 4863 3759 4863 3909 4870" 
                    HPOS="2307.0"
                    VPOS="4799.0"
                    WIDTH="1599.0"
                    HEIGHT="161.0">
            <Shape><Polygon POINTS="2307 4851 2376 4822 3187 4822 3279 4799 3319 4822 3854 4817 3906 4868 3820 4949 3636 4955 3555 4932 3492 4955 3406 4914 3371 4949 3164 4955 3043 4926 2807 4960 2761 4920 2727 4949 2404 4960 2312 4868"/></Shape>
	    <String CONTENT="עושין רצונו של מקום מלאכתן נעשית על"
                    HPOS="2307.0"
                    VPOS="4799.0"
                    WIDTH="1599.0"
                    HEIGHT="161.0"></String>
          </TextLine>

          
          
          <TextLine ID="eSc_line_1ba39a21"
                    
                    BASELINE="2284 4993 2433 5004 3836 5001 3893 5008" 
                    HPOS="2278.0"
                    VPOS="4920.0"
                    WIDTH="1611.0"
                    HEIGHT="173.0">
            <Shape><Polygon POINTS="2278 4989 2353 4949 2721 4955 2755 4920 2796 4960 3009 4949 3049 4926 3083 4949 3342 4960 3411 4920 3480 4960 3849 4949 3889 5006 3831 5081 3745 5064 3555 5093 3469 5052 3417 5087 3296 5093 3193 5070 2974 5081 2951 5058 2899 5081 2796 5064 2364 5087 2289 5012"/></Shape>
	    <String CONTENT="ידי עצמן ולא עוד אלא שמלאכת אחרים"
                    HPOS="2278.0"
                    VPOS="4920.0"
                    WIDTH="1611.0"
                    HEIGHT="173.0"></String>
          </TextLine>

          
          
          <TextLine ID="eSc_line_dc9bf401"
                    
                    BASELINE="2326 5127 2606 5135 2709 5142 3192 5142 3238 5135 3901 5119" 
                    HPOS="2324.0"
                    VPOS="5047.0"
                    WIDTH="1576.0"
                    HEIGHT="172.0">
            <Shape><Polygon POINTS="2324 5121 2399 5070 2669 5093 2951 5064 3302 5093 3417 5087 3452 5047 3521 5087 3849 5081 3883 5047 3900 5116 3883 5190 3843 5219 3457 5196 3302 5219 2428 5219 2335 5150"/></Shape>
	    <String CONTENT="נעשית על ידן בעצמן שנ&#39; ועבדת את [אוי&#39;]"
                    HPOS="2324.0"
                    VPOS="5047.0"
                    WIDTH="1576.0"
                    HEIGHT="172.0"></String>
          </TextLine>

          
          
          <TextLine ID="eSc_line_4bdbc4fb"
                    
                    BASELINE="2334 5265 2483 5261 2521 5269 3303 5269 3349 5261 3878 5261" 
                    HPOS="2330.0"
                    VPOS="5196.0"
                    WIDTH="1547.0"
                    HEIGHT="161.0">
            <Shape><Polygon POINTS="2330 5259 2370 5213 2675 5219 2715 5196 2796 5219 3388 5196 3843 5213 3877 5259 3860 5351 3734 5328 3653 5357 3601 5334 3423 5345 3388 5311 3348 5340 2479 5351 2433 5328 2399 5345 2335 5282"/></Shape>
	    <String CONTENT="אויביך וגו&#39; ˙ ד&#39;א&#39; ואספת דגנך וגו&#39; שתהא"
                    HPOS="2330.0"
                    VPOS="5196.0"
                    WIDTH="1547.0"
                    HEIGHT="161.0"></String>
          </TextLine>

          
          
          <TextLine ID="eSc_line_008dc64b"
                    
                    BASELINE="2295 5391 2357 5407 3652 5407 3721 5399 3759 5407 3905 5399" 
                    HPOS="2289.0"
                    VPOS="5334.0"
                    WIDTH="1611.0"
                    HEIGHT="167.0">
            <Shape><Polygon POINTS="2289 5386 2335 5334 2393 5334 2422 5363 2945 5363 2991 5340 3170 5363 3222 5334 3417 5334 3469 5363 3532 5334 3567 5363 3826 5351 3883 5363 3900 5397 3883 5501 3705 5501 3665 5466 3578 5489 3509 5460 3434 5489 3354 5472 3066 5495 2997 5466 2819 5501 2744 5455 2646 5501 2560 5478 2497 5501 2462 5466 2295 5455"/></Shape>
	    <String CONTENT="ארץ ישר&#39; מליאה דגן ותירוש ויצהר וכל"
                    HPOS="2289.0"
                    VPOS="5334.0"
                    WIDTH="1611.0"
                    HEIGHT="167.0"></String>
          </TextLine>

          
        </TextBlock>
        
        <TextBlock HPOS="456.0"
                   VPOS="731.0"
                   WIDTH="1498.0"
                   HEIGHT="4752.0"
                   ID="eSc_textblock_878e490d"
                   TAGREFS="BT2">
          <Shape><Polygon POINTS="1908 5483 1954 5453 1939 751 490 731 456 1640 471 5453 1908 5483"/></Shape>
          
          
          <TextLine ID="eSc_line_69a3091b"
                    
                    BASELINE="490 873 1536 831 1958 823" 
                    HPOS="489.0"
                    VPOS="758.0"
                    WIDTH="1467.0"
                    HEIGHT="190.0">
            <Shape><Polygon POINTS="489 867 506 810 558 839 805 833 880 776 1306 758 1369 810 1605 799 1697 770 1749 799 1915 781 1956 822 1944 885 1910 896 1156 908 1133 931 1047 913 978 936 863 919 650 948 500 931"/></Shape>
	    <String CONTENT="הארצות דובאות למלאות אותה כסף וזהב"
                    HPOS="489.0"
                    VPOS="758.0"
                    WIDTH="1467.0"
                    HEIGHT="190.0"></String>
          </TextLine>

          
          
          <TextLine ID="eSc_line_c1b075fd"
                    
                    BASELINE="509 1034 620 1034 689 1023 778 1019 942 1019 1107 1000 1326 1004 1364 996 1483 992 1521 984 1847 988 1889 984 1927 965" 
                    HPOS="506.0"
                    VPOS="908.0"
                    WIDTH="1415.0"
                    HEIGHT="224.0">
            <Shape><Polygon POINTS="506 1028 552 971 707 977 822 942 966 954 1029 925 1283 954 1375 908 1438 948 1501 913 1553 936 1875 919 1921 959 1910 1017 1800 1080 1703 1057 1645 1080 1616 1051 1478 1086 1369 1051 1300 1092 770 1086 655 1132 609 1103 546 1126 517 1097"/></Shape>
	    <String CONTENT="כעיניין שנ&#39; וילקט יוסף וגו&#39; ואומ&#39; וכימיך [ד/&#39;]"
                    HPOS="506.0"
                    VPOS="908.0"
                    WIDTH="1415.0"
                    HEIGHT="224.0"></String>
          </TextLine>

          
          
          <TextLine ID="eSc_line_cb5576ad"
                    
                    BASELINE="475 1176 632 1176 720 1168 804 1172 965 1161 1011 1149 1057 1157 1218 1157 1494 1138 1628 1142 1789 1130 1828 1122 1950 1130" 
                    HPOS="471.0"
                    VPOS="1063.0"
                    WIDTH="1473.0"
                    HEIGHT="213.0">
            <Shape><Polygon POINTS="471 1172 592 1126 868 1097 1288 1103 1346 1063 1409 1097 1892 1063 1944 1126 1898 1207 1754 1201 1714 1230 1662 1195 1599 1224 1363 1212 1317 1235 1196 1207 1162 1241 943 1230 540 1276 483 1235"/></Shape>
	    <String CONTENT="דובאך שיהו כל הארצות דובאות כסף וזהב"
                    HPOS="471.0"
                    VPOS="1063.0"
                    WIDTH="1473.0"
                    HEIGHT="213.0"></String>
          </TextLine>

          
          
          <TextLine ID="eSc_line_8a6f7204"
                    
                    BASELINE="513 1314 613 1314 659 1306 862 1310 1145 1291 1372 1287 1425 1283 1471 1272 1510 1279 1717 1276 1797 1279 1935 1268" 
                    HPOS="512.0"
                    VPOS="1184.0"
                    WIDTH="1421.0"
                    HEIGHT="230.0">
            <Shape><Polygon POINTS="512 1310 546 1264 1317 1235 1369 1212 1484 1230 1530 1207 1772 1224 1858 1184 1933 1264 1904 1345 1818 1362 1708 1368 1657 1333 1576 1368 1495 1322 1455 1368 1018 1368 978 1402 880 1379 753 1396 707 1373 673 1408 586 1414 523 1362"/></Shape>
	    <String CONTENT="לארץ ישר&#39; ˙˙ ד&#39;א&#39; ואספת דגנך כמשמעו [תיר&#39;]"
                    HPOS="512.0"
                    VPOS="1184.0"
                    WIDTH="1421.0"
                    HEIGHT="230.0"></String>
          </TextLine>

          
          
          <TextLine ID="eSc_line_f779bd78"
                    
                    BASELINE="448 1463 513 1456 551 1463 605 1456 862 1444 988 1448 1030 1440 1180 1437 1226 1429 1448 1429 1498 1437 1540 1425 1625 1421 1667 1410 1755 1417 1889 1414 1950 1421" 
                    HPOS="443.0"
                    VPOS="1356.0"
                    WIDTH="1501.0"
                    HEIGHT="190.0">
            <Shape><Polygon POINTS="443 1460 517 1414 673 1408 707 1373 765 1396 983 1396 1018 1373 1075 1391 1898 1356 1927 1362 1944 1419 1921 1488 1846 1506 1743 1488 1415 1523 1075 1523 1041 1500 863 1534 753 1500 673 1540 558 1546 454 1465"/></Shape>
	    <String CONTENT="תירושך זה היין כעינין שנ&#39; כה אמר ייי כאשר"
                    HPOS="443.0"
                    VPOS="1356.0"
                    WIDTH="1501.0"
                    HEIGHT="190.0"></String>
          </TextLine>

          
          
          <TextLine ID="eSc_line_4b710f6a"
                    
                    BASELINE="482 1590 540 1590 582 1578 632 1586 900 1586 1260 1575 1349 1567 1659 1571 1766 1559 1805 1548 1966 1555" 
                    HPOS="477.0"
                    VPOS="1494.0"
                    WIDTH="1484.0"
                    HEIGHT="190.0">
            <Shape><Polygon POINTS="477 1586 523 1534 989 1534 1047 1494 1075 1523 1167 1529 1904 1506 1961 1552 1846 1649 1806 1626 1179 1661 1035 1626 989 1667 592 1684 517 1678 489 1649"/></Shape>
	    <String CONTENT="ימצא התירוש באשכול יצהר זה השמן [כ&#39;]"
                    HPOS="477.0"
                    VPOS="1494.0"
                    WIDTH="1484.0"
                    HEIGHT="190.0"></String>
          </TextLine>

          
          
          <TextLine ID="eSc_line_38c69428"
                    
                    BASELINE="505 1716 1019 1724 1096 1716 1475 1705 1862 1709 1966 1697" 
                    HPOS="500.0"
                    VPOS="1632.0"
                    WIDTH="1461.0"
                    HEIGHT="178.0">
            <Shape><Polygon POINTS="500 1713 535 1678 1438 1655 1536 1632 1875 1638 1961 1695 1892 1776 1846 1758 1818 1787 1697 1793 1639 1770 1340 1770 1311 1799 1167 1776 1144 1799 834 1781 747 1804 707 1781 592 1810 506 1747"/></Shape>
	    <String CONTENT="כעיניין שנ&#39; והשיקו היקבים תירוש ויצהר"
                    HPOS="500.0"
                    VPOS="1632.0"
                    WIDTH="1461.0"
                    HEIGHT="178.0"></String>
          </TextLine>

          
          
          <TextLine ID="eSc_line_eb2b87f3"
                    
                    BASELINE="459 1862 900 1858 977 1866 1034 1854 1276 1850 1322 1843 1720 1843 1950 1820" 
                    HPOS="454.0"
                    VPOS="1764.0"
                    WIDTH="1490.0"
                    HEIGHT="196.0">
            <Shape><Polygon POINTS="454 1856 529 1810 793 1810 822 1787 1818 1793 1858 1764 1944 1816 1933 1879 1864 1925 1685 1919 1657 1891 1576 1942 1524 1914 1472 1937 1214 1914 1162 1942 1029 1919 972 1942 932 1908 799 1948 586 1931 546 1960 466 1879"/></Shape>
	    <String CONTENT="לא כעיניין שנ&#39; והיה אם זרע ישר&#39; ובא מדין"
                    HPOS="454.0"
                    VPOS="1764.0"
                    WIDTH="1490.0"
                    HEIGHT="196.0"></String>
          </TextLine>

          
          
          <TextLine ID="eSc_line_11e55739"
                    
                    BASELINE="482 2000 1099 2000 1180 1992 1575 1981 1751 1985 1878 1981 1935 1958" 
                    HPOS="477.0"
                    VPOS="1891.0"
                    WIDTH="1456.0"
                    HEIGHT="201.0">
            <Shape><Polygon POINTS="477 1994 581 1931 661 1960 874 1954 914 1919 960 1948 1173 1937 1202 1914 1311 1942 1570 1942 1651 1891 1685 1925 1829 1908 1933 1954 1898 2063 1812 2063 1777 2034 1553 2080 1369 2086 1300 2057 1190 2075 1150 2052 1104 2080 972 2086 932 2046 857 2092 736 2092 678 2063 575 2086 483 1994"/></Shape>
	    <String CONTENT="וגו&#39; ˙ אלא כעיניין שנ&#39; נשבע ייי בימינו ˙ וגו&#39; ˙"
                    HPOS="477.0"
                    VPOS="1891.0"
                    WIDTH="1456.0"
                    HEIGHT="201.0"></String>
          </TextLine>

          
          
          <TextLine ID="eSc_line_cde5c48c"
                    
                    BASELINE="429 2157 490 2146 586 2149 950 2142 1042 2134 1406 2138 1444 2130 1636 2126 1674 2119 1946 2123" 
                    HPOS="425.0"
                    VPOS="2046.0"
                    WIDTH="1519.0"
                    HEIGHT="195.0">
            <Shape><Polygon POINTS="425 2155 494 2092 650 2092 690 2069 857 2098 914 2046 972 2092 1098 2092 1133 2052 1190 2080 1593 2080 1731 2052 1766 2075 1887 2063 1944 2121 1915 2201 1812 2207 857 2224 822 2201 793 2230 540 2213 506 2241 437 2172"/></Shape>
	    <String CONTENT="ואומ&#39; כי מאספיו יאכלהו והללו את ייי וגו&#39; ˙ הא"
                    HPOS="425.0"
                    VPOS="2046.0"
                    WIDTH="1519.0"
                    HEIGHT="195.0"></String>
          </TextLine>

          
          
          <TextLine ID="eSc_line_560fbdbe"
                    
                    BASELINE="498 2261 601 2276 1069 2276 1115 2268 1333 2264 1433 2257 1901 2261 1950 2249" 
                    HPOS="494.0"
                    VPOS="2195.0"
                    WIDTH="1450.0"
                    HEIGHT="173.0">
            <Shape><Polygon POINTS="494 2259 540 2218 730 2230 817 2201 1409 2218 1875 2195 1944 2247 1892 2328 1760 2310 1737 2333 1587 2345 1294 2351 1225 2328 1196 2351 863 2339 627 2368 546 2362 500 2316"/></Shape>
	    <String CONTENT="מה אני מקיים ונתתי עשב בשדך לבהמתך [ש&#39;]"
                    HPOS="494.0"
                    VPOS="2195.0"
                    WIDTH="1450.0"
                    HEIGHT="173.0"></String>
          </TextLine>

          
          
          <TextLine ID="eSc_line_a1012757"
                    
                    BASELINE="490 2406 1149 2402 1195 2395 1747 2398 1820 2387 1962 2387" 
                    HPOS="489.0"
                    VPOS="2316.0"
                    WIDTH="1472.0"
                    HEIGHT="178.0">
            <Shape><Polygon POINTS="489 2402 517 2362 667 2351 1202 2351 1231 2328 1283 2351 1599 2345 1737 2339 1760 2316 1898 2339 1961 2385 1881 2466 1829 2477 1294 2489 1104 2477 1075 2448 983 2489 529 2494 494 2466"/></Shape>
	    <String CONTENT="שלא תהא מצטער למדברות אתה אומ&#39; כן או"
                    HPOS="489.0"
                    VPOS="2316.0"
                    WIDTH="1472.0"
                    HEIGHT="178.0"></String>
          </TextLine>

          
          
          <TextLine ID="eSc_line_5fe2ae0d"
                    
                    BASELINE="471 2529 1847 2536 1889 2533 1981 2510" 
                    HPOS="466.0"
                    VPOS="2471.0"
                    WIDTH="1513.0"
                    HEIGHT="167.0">
            <Shape><Polygon POINTS="466 2523 512 2500 1093 2477 1467 2494 1898 2471 1933 2506 1979 2506 1898 2603 1812 2581 1772 2621 1662 2621 1611 2592 1518 2632 1179 2638 1139 2603 932 2615 903 2638 747 2609 586 2632 529 2621 471 2563"/></Shape>
	    <String CONTENT="אינו ונתתי עשב בשדך לבהמתך כמשמעו [/]"
                    HPOS="466.0"
                    VPOS="2471.0"
                    WIDTH="1513.0"
                    HEIGHT="167.0"></String>
          </TextLine>

          
          
          <TextLine ID="eSc_line_43ec9302"
                    
                    BASELINE="479 2663 536 2674 1935 2667" 
                    HPOS="477.0"
                    VPOS="2592.0"
                    WIDTH="1456.0"
                    HEIGHT="178.0">
            <Shape><Polygon POINTS="477 2661 546 2621 736 2615 891 2644 978 2621 1541 2621 1611 2644 1639 2615 1777 2626 1812 2592 1881 2609 1933 2661 1910 2753 1593 2770 1536 2747 1455 2759 1403 2730 1369 2764 1167 2764 1110 2730 1075 2759 972 2764 834 2764 730 2730 678 2759 558 2759 483 2684"/></Shape>
	    <String CONTENT="ת&#39;ל&#39; ואכלת ושבעת הא מה אני מקיים ונתתי"
                    HPOS="477.0"
                    VPOS="2592.0"
                    WIDTH="1456.0"
                    HEIGHT="178.0"></String>
          </TextLine>

          
          
          <TextLine ID="eSc_line_fb55c29e"
                    
                    BASELINE="482 2801 628 2812 1950 2812" 
                    HPOS="477.0"
                    VPOS="2724.0"
                    WIDTH="1467.0"
                    HEIGHT="184.0">
            <Shape><Polygon POINTS="477 2799 535 2759 667 2764 719 2730 765 2759 834 2764 863 2741 960 2764 1070 2759 1110 2724 1150 2759 1231 2764 1369 2764 1398 2736 1449 2764 1892 2753 1944 2810 1841 2897 1587 2897 1547 2868 1507 2908 1248 2885 1190 2908 1162 2879 609 2897 540 2891 483 2833"/></Shape>
	    <String CONTENT="עשב בשדך לבהמתך למה נאמ&#39; שלא תהא"
                    HPOS="477.0"
                    VPOS="2724.0"
                    WIDTH="1467.0"
                    HEIGHT="184.0"></String>
          </TextLine>

          
          
          <TextLine ID="eSc_line_c493ad82"
                    
                    BASELINE="494 2939 551 2950 1023 2946 1073 2954 1257 2958 1598 2958 1705 2954 1747 2946 1939 2946" 
                    HPOS="489.0"
                    VPOS="2874.0"
                    WIDTH="1449.0"
                    HEIGHT="178.0">
            <Shape><Polygon POINTS="489 2937 506 2891 632 2902 661 2879 701 2902 1208 2914 1254 2891 1507 2914 1553 2874 1593 2914 1887 2902 1938 2943 1904 3035 1674 3052 1599 3029 1478 3046 1438 3023 1398 3052 1283 3046 1219 3017 972 3046 546 3029 494 2994"/></Shape>
	    <String CONTENT="מצטער למדברות ר&#39; יהודה בן בבא אומ&#39; ונתתי"
                    HPOS="489.0"
                    VPOS="2874.0"
                    WIDTH="1449.0"
                    HEIGHT="178.0"></String>
          </TextLine>

          
          
          <TextLine ID="eSc_line_957e3177"
                    
                    BASELINE="467 3073 659 3088 1019 3084 1069 3092 1303 3096 1345 3104 1935 3096" 
                    HPOS="466.0"
                    VPOS="3023.0"
                    WIDTH="1467.0"
                    HEIGHT="167.0">
            <Shape><Polygon POINTS="466 3069 523 3023 1352 3040 1415 3063 1449 3029 1639 3052 1887 3040 1933 3092 1915 3144 1858 3184 1214 3190 868 3173 840 3144 805 3178 535 3173 471 3109"/></Shape>
	    <String CONTENT="עשב בשדך לבהמתך מן התחומין ר&#39; שמעון"
                    HPOS="466.0"
                    VPOS="3023.0"
                    WIDTH="1467.0"
                    HEIGHT="167.0"></String>
          </TextLine>

          
          
          <TextLine ID="eSc_line_029c032c"
                    
                    BASELINE="490 3211 643 3226 1073 3222 1111 3230 1195 3230 1291 3242 1931 3242" 
                    HPOS="489.0"
                    VPOS="3150.0"
                    WIDTH="1438.0"
                    HEIGHT="178.0">
            <Shape><Polygon POINTS="489 3207 558 3173 811 3178 840 3150 863 3173 1214 3190 1892 3184 1927 3236 1910 3305 1858 3328 1680 3305 1317 3316 1294 3293 1225 3322 1150 3288 1110 3311 937 3316 891 3293 759 3305 730 3282 673 3316 546 3305 494 3253"/></Shape>
	    <String CONTENT="בן יוחי אומ&#39; ונתתי עשב בשדך לבהמתך [שת&#39;]"
                    HPOS="489.0"
                    VPOS="3150.0"
                    WIDTH="1438.0"
                    HEIGHT="178.0"></String>
          </TextLine>

          
          
          <TextLine ID="eSc_line_eaf8a335"
                    
                    BASELINE="509 3337 567 3349 651 3345 1004 3364 1249 3360 1295 3368 1533 3380 1874 3376 1935 3383" 
                    HPOS="506.0"
                    VPOS="3293.0"
                    WIDTH="1427.0"
                    HEIGHT="178.0">
            <Shape><Polygon POINTS="506 3334 575 3293 920 3322 1110 3322 1150 3293 1185 3328 1288 3293 1311 3322 1898 3322 1933 3380 1887 3443 1783 3466 1288 3443 1242 3471 1196 3443 840 3454 563 3426 512 3374"/></Shape>
	    <String CONTENT="שתהא גוזז ומשליך לפני בהמתך כל ימות"
                    HPOS="506.0"
                    VPOS="3293.0"
                    WIDTH="1427.0"
                    HEIGHT="178.0"></String>
          </TextLine>

          
          
          <TextLine ID="eSc_line_e625f495"
                    
                    BASELINE="494 3475 555 3487 720 3483 889 3502 1176 3498 1214 3506 1487 3517 1939 3517" 
                    HPOS="489.0"
                    VPOS="3431.0"
                    WIDTH="1449.0"
                    HEIGHT="173.0">
            <Shape><Polygon POINTS="489 3471 540 3431 1237 3477 1306 3449 1887 3454 1938 3512 1910 3592 1766 3575 1703 3598 1098 3604 1064 3581 655 3575 569 3552 494 3477"/></Shape>
	    <String CONTENT="הגשמים ואתה מונע ידך ממנה קודם הקציר"
                    HPOS="489.0"
                    VPOS="3431.0"
                    WIDTH="1449.0"
                    HEIGHT="173.0"></String>
          </TextLine>

          
          
          <TextLine ID="eSc_line_13b4c7a1"
                    
                    BASELINE="521 3613 636 3613 735 3625 831 3621 1076 3632 1115 3640 1885 3636 1981 3663" 
                    HPOS="517.0"
                    VPOS="3558.0"
                    WIDTH="1462.0"
                    HEIGHT="172.0">
            <Shape><Polygon POINTS="517 3609 575 3558 1104 3604 1749 3598 1783 3575 1812 3598 1898 3592 1979 3661 1944 3655 1835 3730 1599 3730 1570 3707 880 3719 845 3690 793 3719 604 3696 523 3621"/></Shape>
	    <String CONTENT="שלשים יום והיא עושה ואינה פותחת [מד&#39;]"
                    HPOS="517.0"
                    VPOS="3558.0"
                    WIDTH="1462.0"
                    HEIGHT="172.0"></String>
          </TextLine>

          
          
          <TextLine ID="eSc_line_80add07a"
                    
                    BASELINE="490 3744 640 3744 843 3763 1023 3759 1260 3770 1299 3778 1935 3770" 
                    HPOS="489.0"
                    VPOS="3690.0"
                    WIDTH="1444.0"
                    HEIGHT="184.0">
            <Shape><Polygon POINTS="489 3742 563 3690 782 3713 851 3690 874 3713 1070 3724 1892 3730 1933 3765 1904 3857 1668 3874 1639 3845 1484 3868 1225 3839 655 3839 569 3811 494 3742"/></Shape>
	    <String CONTENT="מדגנה ˙˙ ד&#39;א&#39; ונתתי עשב בשדך לבהמתך זה"
                    HPOS="489.0"
                    VPOS="3690.0"
                    WIDTH="1444.0"
                    HEIGHT="184.0"></String>
          </TextLine>

          
          
          <TextLine ID="eSc_line_69015b3b"
                    
                    BASELINE="509 3870 666 3878 709 3885 755 3882 946 3893 984 3901 1153 3901 1191 3893 1237 3905 1372 3912 1789 3912 1874 3916 1966 3935" 
                    HPOS="506.0"
                    VPOS="3811.0"
                    WIDTH="1455.0"
                    HEIGHT="201.0">
            <Shape><Polygon POINTS="506 3868 558 3811 673 3845 724 3828 932 3862 1173 3839 1254 3868 1892 3857 1950 3868 1961 3931 1898 4000 1708 4012 1444 3995 1403 3966 1288 3995 926 3983 874 3949 667 3960 546 3937 512 3903"/></Shape>
	    <String CONTENT="פשתן וכן הוא אומ&#39; [ומצמיח הרים חציר] [מצ&#39;]"
                    HPOS="506.0"
                    VPOS="3811.0"
                    WIDTH="1455.0"
                    HEIGHT="201.0"></String>
          </TextLine>

          
          
          <TextLine ID="eSc_line_7992e139"
                    
                    BASELINE="502 3989 647 4000 689 4008 774 4004 893 4020 1157 4035 1406 4035 1582 4054 1908 4054 1966 4042" 
                    HPOS="500.0"
                    VPOS="3943.0"
                    WIDTH="1461.0"
                    HEIGHT="195.0">
            <Shape><Polygon POINTS="500 3983 546 3943 834 3972 880 3954 914 3983 1098 3995 1380 3995 1409 3966 1432 3995 1605 4012 1915 4000 1961 4041 1904 4127 1657 4138 1461 4110 1311 4127 1242 4087 1214 4115 1127 4127 926 4115 673 4087 632 4058 569 4081 506 4035"/></Shape>
	    <String CONTENT="מצמיח חציר לבהמה ועשב וגו&#39; ואכלת [ושב&#39;]"
                    HPOS="500.0"
                    VPOS="3943.0"
                    WIDTH="1461.0"
                    HEIGHT="195.0"></String>
          </TextLine>

          
          
          <TextLine ID="eSc_line_4a60d098"
                    
                    BASELINE="521 4131 578 4127 693 4146 735 4142 896 4154 935 4165 1065 4157 1368 4177 1747 4173 1931 4180" 
                    HPOS="517.0"
                    VPOS="4058.0"
                    WIDTH="1410.0"
                    HEIGHT="218.0">
            <Shape><Polygon POINTS="517 4127 558 4075 627 4058 655 4092 1075 4127 1219 4121 1254 4092 1323 4133 1904 4133 1927 4179 1910 4253 1777 4276 1306 4265 1219 4230 1116 4259 1058 4230 684 4230 604 4202 552 4213 523 4184"/></Shape>
	    <String CONTENT="ושבעת סימן טוב לאדם שבהמתו אוכלת"
                    HPOS="517.0"
                    VPOS="4058.0"
                    WIDTH="1410.0"
                    HEIGHT="218.0"></String>
          </TextLine>

          
          
          <TextLine ID="eSc_line_0ba8f94f"
                    
                    BASELINE="494 4269 605 4265 643 4276 686 4276 724 4284 808 4284 923 4299 1007 4299 1153 4315 1375 4311 1418 4318 1594 4330 1935 4330" 
                    HPOS="489.0"
                    VPOS="4213.0"
                    WIDTH="1444.0"
                    HEIGHT="207.0">
            <Shape><Polygon POINTS="489 4265 512 4213 1098 4265 1231 4236 1467 4282 1910 4271 1933 4328 1904 4403 1541 4420 1490 4391 1438 4414 1121 4403 1081 4374 1012 4397 897 4362 840 4385 650 4362 627 4339 535 4357 494 4311"/></Shape>
	    <String CONTENT="ושבעה וכן הוא אומ&#39; יודע צדיק נפש בהמתו"
                    HPOS="489.0"
                    VPOS="4213.0"
                    WIDTH="1444.0"
                    HEIGHT="207.0"></String>
          </TextLine>

          
          
          <TextLine ID="eSc_line_92c27185"
                    
                    BASELINE="521 4391 574 4414 617 4422 743 4418 862 4437 992 4430 1030 4441 1188 4453 1314 4449 1410 4460 1456 4472 1694 4464 1931 4468" 
                    HPOS="517.0"
                    VPOS="4339.0"
                    WIDTH="1410.0"
                    HEIGHT="219.0">
            <Shape><Polygon POINTS="517 4385 540 4351 621 4339 655 4374 1139 4408 1449 4408 1495 4385 1536 4426 1703 4403 1766 4426 1823 4403 1898 4408 1927 4466 1910 4546 1714 4558 817 4523 782 4500 523 4477"/></Shape>
	    <String CONTENT="וגו&#39; ˙ ד&#39;א&#39; ואכלת ושבעת כשבהמתך אוכלת"
                    HPOS="517.0"
                    VPOS="4339.0"
                    WIDTH="1410.0"
                    HEIGHT="219.0"></String>
          </TextLine>

          
          
          <TextLine ID="eSc_line_c87a5627"
                    
                    BASELINE="521 4537 697 4552 735 4560 774 4556 850 4564 893 4575 981 4571 1165 4587 1314 4583 1360 4594 1456 4606 1812 4606 1862 4598 1946 4610" 
                    HPOS="517.0"
                    VPOS="4489.0"
                    WIDTH="1427.0"
                    HEIGHT="213.0">
            <Shape><Polygon POINTS="517 4535 535 4489 581 4489 828 4529 880 4512 1438 4558 1524 4535 1564 4564 1898 4558 1944 4604 1910 4690 1628 4702 1536 4679 1185 4679 1133 4656 1018 4673 949 4638 840 4661 707 4610 667 4633 581 4621 523 4581"/></Shape>
	    <String CONTENT="ושביעה [את הא] עובדת בכח את האדמה"
                    HPOS="517.0"
                    VPOS="4489.0"
                    WIDTH="1427.0"
                    HEIGHT="213.0"></String>
          </TextLine>

          
          
          <TextLine ID="eSc_line_508f6172"
                    
                    BASELINE="502 4671 555 4682 640 4679 762 4698 804 4694 904 4713 942 4709 1184 4728 1222 4725 1349 4736 1395 4748 1441 4740 1740 4740 1878 4748 1920 4740 1943 4790" 
                    HPOS="500.0"
                    VPOS="4604.0"
                    WIDTH="1438.0"
                    HEIGHT="236.0">
            <Shape><Polygon POINTS="500 4667 546 4604 604 4633 724 4621 805 4661 949 4638 983 4673 1167 4684 1547 4684 1668 4707 1795 4679 1933 4713 1938 4788 1858 4840 1518 4817 1334 4834 1311 4811 1162 4811 1058 4765 972 4794 598 4765 506 4713"/></Shape>
	    <String CONTENT="שנ&#39; ורב תבואות בכח שור ˙˙ ד&#39;א&#39; ואכלת"
                    HPOS="500.0"
                    VPOS="4604.0"
                    WIDTH="1438.0"
                    HEIGHT="236.0"></String>
          </TextLine>

          
          
          <TextLine ID="eSc_line_3c4e4f23"
                    
                    BASELINE="490 4801 643 4820 732 4813 847 4836 931 4828 1030 4851 1111 4847 1241 4870 1337 4863 1414 4874 1548 4882 1755 4878 1839 4897 1935 4889" 
                    HPOS="489.0"
                    VPOS="4753.0"
                    WIDTH="1444.0"
                    HEIGHT="219.0">
            <Shape><Polygon POINTS="489 4799 575 4753 868 4794 1052 4771 1139 4811 1294 4811 1334 4834 1892 4828 1933 4886 1910 4960 1869 4932 1829 4966 1668 4972 1564 4960 1541 4932 1449 4955 1329 4943 1311 4920 828 4920 805 4897 632 4891 598 4863 569 4886 494 4817"/></Shape>
	    <String CONTENT="ושבעת מן הוולדות א&#39;ע&#39;פ&#39; שאין ראייה"
                    HPOS="489.0"
                    VPOS="4753.0"
                    WIDTH="1444.0"
                    HEIGHT="219.0"></String>
          </TextLine>

          
          
          <TextLine ID="eSc_line_2f2e29ce"
                    
                    BASELINE="490 4928 586 4943 716 4939 827 4962 916 4955 1057 4974 1303 4989 1391 4985 1571 5004 1935 5004" 
                    HPOS="489.0"
                    VPOS="4880.0"
                    WIDTH="1444.0"
                    HEIGHT="218.0">
            <Shape><Polygon POINTS="489 4926 535 4880 609 4880 1064 4937 1536 4937 1668 4972 1829 4972 1869 4932 1933 5001 1904 5081 1789 5098 1645 5087 1616 5058 1467 5075 1415 5029 1352 5075 817 5035 747 4995 707 5024 569 5018 494 4943"/></Shape>
	    <String CONTENT="לדבר זכר לדבר שנ&#39; ובאו ורננו במרום ציון"
                    HPOS="489.0"
                    VPOS="4880.0"
                    WIDTH="1444.0"
                    HEIGHT="218.0"></String>
          </TextLine>

          
          
          <TextLine ID="eSc_line_b868fc0f"
                    
                    BASELINE="494 5058 551 5058 590 5066 678 5066 758 5077 839 5073 950 5096 1000 5093 1184 5112 1222 5108 1391 5127 1556 5123 1743 5142 1874 5142 1969 5131" 
                    HPOS="489.0"
                    VPOS="4983.0"
                    WIDTH="1478.0"
                    HEIGHT="236.0">
            <Shape><Polygon POINTS="489 5052 529 4983 558 5012 713 5035 747 5006 886 5047 1317 5075 1409 5029 1455 5075 1915 5087 1967 5127 1910 5219 1869 5190 1818 5219 1449 5213 1403 5179 1346 5213 1300 5190 615 5144 546 5127 494 5070"/></Shape>
	    <String CONTENT="ונהרו וגו&#39; ˙ ואכלת ושבעת השמרו לכם אמ&#39;"
                    HPOS="489.0"
                    VPOS="4983.0"
                    WIDTH="1478.0"
                    HEIGHT="236.0"></String>
          </TextLine>

          
          
          <TextLine ID="eSc_line_62bec571"
                    
                    BASELINE="536 5181 785 5204 889 5219 1030 5227 1069 5234 1145 5227 1276 5250 1356 5250 1406 5242 1452 5253 1594 5265 1954 5265" 
                    HPOS="535.0"
                    VPOS="5121.0"
                    WIDTH="1415.0"
                    HEIGHT="236.0">
            <Shape><Polygon POINTS="535 5179 546 5127 575 5121 604 5144 880 5179 1340 5213 1392 5179 1455 5213 1703 5225 1829 5225 1887 5196 1950 5259 1933 5317 1875 5351 1703 5357 1530 5322 1237 5334 1156 5288 1110 5317 840 5299 811 5271 638 5288 540 5213"/></Shape>
	    <String CONTENT="להם הזהרו שלא תמרדו במקום שאין [א&#39;]"
                    HPOS="535.0"
                    VPOS="5121.0"
                    WIDTH="1415.0"
                    HEIGHT="236.0"></String>
          </TextLine>

          
          
          <TextLine ID="eSc_line_3506bd03"
                    
                    BASELINE="490 5296 544 5315 632 5322 847 5357 931 5353 1023 5372 1107 5368 1264 5388 1395 5388 1552 5403 1678 5403 1981 5422" 
                    HPOS="489.0"
                    VPOS="5242.0"
                    WIDTH="1490.0"
                    HEIGHT="259.0">
            <Shape><Polygon POINTS="489 5294 517 5242 655 5288 765 5276 782 5299 1047 5322 1167 5299 1248 5328 1283 5311 1334 5340 1421 5334 1444 5357 1495 5328 1524 5357 1582 5340 1714 5374 1887 5363 1979 5420 1961 5489 1789 5501 1639 5460 1421 5483 1087 5426 937 5443 897 5397 874 5420 673 5420 489 5380"/></Shape>
	    <String CONTENT="אדם מורד במקום אלא מתוך שביעה שנ&#39;"
                    HPOS="489.0"
                    VPOS="5242.0"
                    WIDTH="1490.0"
                    HEIGHT="259.0"></String>
          </TextLine>

          
        </TextBlock>
        

        
      </PrintSpace>
    </Page>
  </Layout>
</alto>
