<?xml version="1.0" encoding="UTF-8"?>
<alto xmlns:xsi="http://www.w3.org/2001/XMLSchema-instance"
      xmlns="http://www.loc.gov/standards/alto/ns-v4#"
      xsi:schemaLocation="http://www.loc.gov/standards/alto/ns-v4# http://www.loc.gov/standards/alto/v4/alto-4-2.xsd">
  <Description>
    <MeasurementUnit>pixel</MeasurementUnit>
    <sourceImageInformation>
      <fileName>add_ms_16406_f280v.jpg</fileName>
      
    </sourceImageInformation>
  </Description>
  
  <Tags>
    <OtherTag ID="BT1" LABEL="Title" DESCRIPTION="block type Title"/><OtherTag ID="BT2" LABEL="Main" DESCRIPTION="block type Main"/><OtherTag ID="BT3" LABEL="Commentary" DESCRIPTION="block type Commentary"/><OtherTag ID="BT4" LABEL="Illustration" DESCRIPTION="block type Illustration"/><OtherTag ID="BT224" LABEL="Hole" DESCRIPTION="block type Hole"/><OtherTag ID="BT225" LABEL="Margin" DESCRIPTION="block type Margin"/><OtherTag ID="BT226" LABEL="Paratext" DESCRIPTION="block type Paratext"/>
    <OtherTag ID="LT2" LABEL="Numbering" DESCRIPTION="line type Numbering"/><OtherTag ID="LT3" LABEL="Correction" DESCRIPTION="line type Correction"/><OtherTag ID="LT329" LABEL="Gloss" DESCRIPTION="line type Gloss"/>
  </Tags>
  
  <Layout>
    <Page WIDTH="4979"
          HEIGHT="6910"
          PHYSICAL_IMG_NR="560"
          ID="eSc_dummypage_">
      <PrintSpace HPOS="0"
                  VPOS="0"
                  WIDTH="4979"
                  HEIGHT="6910">
        
        <TextBlock HPOS="2270.0"
                   VPOS="595.0"
                   WIDTH="1614.0"
                   HEIGHT="4852.0"
                   ID="eSc_textblock_5dbed91d"
                   TAGREFS="BT2">
          <Shape><Polygon POINTS="3837 5447 3884 5416 3884 675 3807 641 2320 595 2270 721 2270 5416 3837 5447"/></Shape>
          
          
          <TextLine ID="eSc_line_e71cfa63"
                    
                    BASELINE="2335 763 3469 786 3880 779" 
                    HPOS="2333.0"
                    VPOS="650.0"
                    WIDTH="1545.0"
                    HEIGHT="236.0">
            <Shape><Polygon POINTS="2333 760 2339 691 2564 691 2633 667 2696 696 2766 650 2817 650 2864 679 2898 656 3129 656 3209 691 3278 667 3325 708 3463 685 3555 714 3642 714 3705 679 3740 702 3814 691 3861 702 3878 777 3861 857 3814 875 3521 857 3209 886 3146 852 3083 881 2846 881 2817 852 2472 875 2426 840 2339 834"/></Shape>
	    <String CONTENT="בם ˙ ר&#39; שמעון בן יוחי אומ&#39; כי בא ישר&#39;"
                    HPOS="2333.0"
                    VPOS="650.0"
                    WIDTH="1545.0"
                    HEIGHT="236.0"></String>
          </TextLine>

          
          
          <TextLine ID="eSc_line_8091fa66"
                    
                    BASELINE="2297 921 2608 936 2658 944 3204 940 3338 948 3476 948 3515 940 3784 944 3880 932" 
                    HPOS="2293.0"
                    VPOS="863.0"
                    WIDTH="1585.0"
                    HEIGHT="185.0">
            <Shape><Polygon POINTS="2293 915 2374 863 2869 904 3129 892 3152 869 3232 898 3296 875 3365 904 3446 881 3497 904 3722 869 3774 898 3843 892 3878 927 3832 1024 3786 1013 3716 1048 3676 1013 3388 1042 3325 1019 3232 1019 3209 1042 3088 1019 3042 1048 2933 1048 2898 1024 2731 1048 2547 1013 2345 1030 2299 984"/></Shape>
	    <String CONTENT="דרך האתרים כיון שמת אהרן אמרו מת"
                    HPOS="2293.0"
                    VPOS="863.0"
                    WIDTH="1585.0"
                    HEIGHT="185.0"></String>
          </TextLine>

          
          
          <TextLine ID="eSc_line_25eab967"
                    
                    BASELINE="2289 1078 2393 1078 2451 1086 2620 1090 2700 1097 3895 1097" 
                    HPOS="2287.0"
                    VPOS="1013.0"
                    WIDTH="1602.0"
                    HEIGHT="184.0">
            <Shape><Polygon POINTS="2287 1076 2333 1030 2460 1013 2794 1048 2887 1019 2933 1048 3054 1048 3094 1019 3204 1048 3325 1013 3359 1042 3676 1019 3705 1048 3791 1019 3889 1094 3826 1174 3740 1191 3497 1145 3423 1191 3204 1197 2368 1168 2293 1099"/></Shape>
	    <String CONTENT="כהן גדול שלהם נלך ונלחם בם מי התייר"
                    HPOS="2287.0"
                    VPOS="1013.0"
                    WIDTH="1602.0"
                    HEIGHT="184.0"></String>
          </TextLine>

          
          
          <TextLine ID="eSc_line_49f51622"
                    
                    BASELINE="2297 1228 2397 1224 2566 1236 2858 1232 3219 1251 3880 1243" 
                    HPOS="2293.0"
                    VPOS="1151.0"
                    WIDTH="1585.0"
                    HEIGHT="190.0">
            <Shape><Polygon POINTS="2293 1226 2345 1168 2403 1163 3204 1203 3497 1197 3601 1151 3636 1186 3780 1180 3878 1238 3820 1335 3653 1312 3590 1341 3469 1318 3175 1341 3111 1335 3065 1295 3002 1341 2725 1324 2685 1289 2650 1318 2604 1295 2529 1318 2501 1289 2460 1318 2362 1318 2299 1255"/></Shape>
	    <String CONTENT="הגדול שבהן ועמוד ענן שהיה עושה"
                    HPOS="2293.0"
                    VPOS="1151.0"
                    WIDTH="1585.0"
                    HEIGHT="190.0"></String>
          </TextLine>

          
          
          <TextLine ID="eSc_line_adaf6688"
                    
                    BASELINE="2316 1362 2370 1374 2662 1370 2712 1378 2835 1382 2877 1389 3891 1382" 
                    HPOS="2310.0"
                    VPOS="1295.0"
                    WIDTH="1579.0"
                    HEIGHT="196.0">
            <Shape><Polygon POINTS="2310 1358 2489 1295 2598 1324 2696 1295 2731 1330 2921 1347 3820 1335 3889 1382 3786 1479 3670 1462 3636 1485 3255 1491 3094 1462 2944 1491 2915 1462 2547 1462 2512 1428 2391 1451 2316 1376"/></Shape>
	    <String CONTENT="עמהן מלחמה הרי שעה שנלך ונלחם"
                    HPOS="2310.0"
                    VPOS="1295.0"
                    WIDTH="1579.0"
                    HEIGHT="196.0"></String>
          </TextLine>

          
          
          <TextLine ID="eSc_line_f36af630"
                    
                    BASELINE="2339 1512 2620 1508 2658 1516 2892 1527 3192 1524 3230 1531 3695 1531 3734 1547 3768 1520 3845 1531 3903 1531" 
                    HPOS="2333.0"
                    VPOS="1428.0"
                    WIDTH="1568.0"
                    HEIGHT="207.0">
            <Shape><Polygon POINTS="2333 1508 2385 1456 2466 1456 2512 1428 2587 1468 2915 1462 2938 1485 3088 1462 3244 1485 3809 1468 3901 1525 3820 1623 3630 1600 3607 1623 3463 1606 3255 1635 3215 1595 3175 1623 3100 1623 3071 1595 2956 1618 2420 1595 2339 1520"/></Shape>
	    <String CONTENT="בם ר&#39; שמעון בן יוחי אומ&#39; גנות גדולה"
                    HPOS="2333.0"
                    VPOS="1428.0"
                    WIDTH="1568.0"
                    HEIGHT="207.0"></String>
          </TextLine>

          
          
          <TextLine ID="eSc_line_54adbc4a"
                    
                    BASELINE="2335 1643 2543 1658 2597 1669 2862 1662 3261 1681 3864 1673" 
                    HPOS="2333.0"
                    VPOS="1595.0"
                    WIDTH="1528.0"
                    HEIGHT="184.0">
            <Shape><Polygon POINTS="2333 1641 2449 1595 2910 1623 3008 1600 3157 1635 3215 1600 3261 1646 3636 1606 3814 1623 3861 1669 3820 1756 3763 1762 3711 1733 3423 1779 3221 1739 2385 1744 2339 1698"/></Shape>
	    <String CONTENT="הייתה בידן של ישר&#39; בשעה שאמרו"
                    HPOS="2333.0"
                    VPOS="1595.0"
                    WIDTH="1528.0"
                    HEIGHT="184.0"></String>
          </TextLine>

          
          
          <TextLine ID="eSc_line_bc98914e"
                    
                    BASELINE="2274 1792 2508 1785 2627 1788 2670 1781 2712 1792 2766 1796 3277 1808 3403 1819 3830 1819 3910 1788" 
                    HPOS="2270.0"
                    VPOS="1721.0"
                    WIDTH="1637.0"
                    HEIGHT="185.0">
            <Shape><Polygon POINTS="2270 1790 2368 1733 2679 1744 2702 1721 2754 1750 3077 1767 3129 1744 3307 1773 3618 1744 3682 1762 3734 1733 3763 1762 3907 1785 3809 1894 3446 1906 3221 1906 3175 1882 3031 1906 2575 1865 2362 1888 2276 1802"/></Shape>
	    <String CONTENT="נשלחה אנשים לפנינו אמ&#39; להם המקום"
                    HPOS="2270.0"
                    VPOS="1721.0"
                    WIDTH="1637.0"
                    HEIGHT="185.0"></String>
          </TextLine>

          
          
          <TextLine ID="eSc_line_d40864f6"
                    
                    BASELINE="2305 1915 2370 1927 2535 1927 2670 1919 2712 1930 2804 1934 2842 1946 2889 1938 3108 1942 3238 1934 3300 1946 3411 1950 3457 1957 3857 1950" 
                    HPOS="2299.0"
                    VPOS="1871.0"
                    WIDTH="1556.0"
                    HEIGHT="167.0">
            <Shape><Polygon POINTS="2299 1911 2489 1871 3019 1900 3175 1882 3284 1906 3797 1894 3855 1946 3803 2032 3065 2038 3025 1998 2973 2032 2841 2009 2420 2015 2305 1923"/></Shape>
	    <String CONTENT="אם כשהייתם בארץ ערבה ושוחה"
                    HPOS="2299.0"
                    VPOS="1871.0"
                    WIDTH="1556.0"
                    HEIGHT="167.0"></String>
          </TextLine>

          
          
          <TextLine ID="eSc_line_950821b5"
                    
                    BASELINE="2331 2061 2389 2061 2428 2069 2604 2073 2658 2080 2958 2080 3100 2073 3146 2084 3507 2096 3864 2088" 
                    HPOS="2328.0"
                    VPOS="1998.0"
                    WIDTH="1533.0"
                    HEIGHT="178.0">
            <Shape><Polygon POINTS="2328 2055 2385 1998 2501 2032 2823 2009 3048 2038 3803 2032 3861 2084 3809 2153 3763 2170 3232 2176 2858 2147 2645 2165 2558 2136 2483 2165 2408 2147 2333 2073"/></Shape>
	    <String CONTENT="זנתי ופרנסתי [ו]אתכם כשאתם נכנסין [ב&#39;]"
                    HPOS="2328.0"
                    VPOS="1998.0"
                    WIDTH="1533.0"
                    HEIGHT="178.0"></String>
          </TextLine>

          
          
          <TextLine ID="eSc_line_77559829"
                    
                    BASELINE="2293 2188 2401 2203 2831 2203 2869 2195 2915 2207 3046 2211 3088 2222 3273 2215 3864 2215" 
                    HPOS="2287.0"
                    VPOS="2101.0"
                    WIDTH="1574.0"
                    HEIGHT="202.0">
            <Shape><Polygon POINTS="2287 2182 2356 2101 2408 2153 2483 2165 2558 2136 2639 2165 2846 2147 3786 2165 3861 2211 3809 2303 3665 2268 3624 2303 3567 2280 3140 2297 2944 2263 2904 2291 2869 2268 2777 2291 2489 2268 2431 2291 2293 2188"/></Shape>
	    <String CONTENT="בארץ טובה ורחבה ארץ זבת חלב על"
                    HPOS="2287.0"
                    VPOS="2101.0"
                    WIDTH="1574.0"
                    HEIGHT="202.0"></String>
          </TextLine>

          
          
          <TextLine ID="eSc_line_7f5e47b8"
                    
                    BASELINE="2274 2330 2335 2322 2378 2326 2439 2318 2481 2330 2743 2341 3177 2337 3357 2345 3588 2345 3630 2357 3707 2337 3749 2345 3799 2345 3861 2334" 
                    HPOS="2270.0"
                    VPOS="2263.0"
                    WIDTH="1585.0"
                    HEIGHT="172.0">
            <Shape><Polygon POINTS="2270 2326 2305 2280 2443 2286 2477 2263 2691 2286 2864 2268 2892 2291 2938 2263 3071 2297 3624 2303 3665 2274 3855 2332 3791 2430 3653 2435 3526 2430 3446 2395 3382 2430 3255 2430 3215 2406 2990 2435 2673 2401 2385 2412 2276 2343"/></Shape>
	    <String CONTENT="אחת כמה וכמה שאזון ואפרנס אתכם ˙ ˙"
                    HPOS="2270.0"
                    VPOS="2263.0"
                    WIDTH="1585.0"
                    HEIGHT="172.0"></String>
          </TextLine>

          
          
          <TextLine ID="eSc_line_167dcec1"
                    
                    BASELINE="2293 2453 2351 2464 2712 2460 2892 2479 3584 2476 3634 2483" 
                    HPOS="2287.0"
                    VPOS="2395.0"
                    WIDTH="1343.0"
                    HEIGHT="173.0">
            <Shape><Polygon POINTS="2287 2447 2362 2401 2673 2401 2800 2430 2892 2412 2979 2435 3221 2412 3382 2435 3446 2395 3607 2435 3630 2481 3613 2550 3544 2562 3382 2527 3284 2568 3181 2527 3146 2550 3083 2533 3042 2556 2979 2539 2754 2568 2720 2539 2380 2550 2293 2470"/></Shape>
	    <String CONTENT="סל&#39; ˙ פסו&#39; ˙ ˙ וענן ייי עליהם"
                    HPOS="2287.0"
                    VPOS="2395.0"
                    WIDTH="1343.0"
                    HEIGHT="173.0"></String>
          </TextLine>

          
          
          <TextLine ID="eSc_line_ec658ffa"
                    
                    BASELINE="2381 2595 2539 2602 2577 2595 2623 2606 2819 2610 2862 2618 3645 2614 3699 2618 3880 2606" 
                    HPOS="2380.0"
                    VPOS="2539.0"
                    WIDTH="1498.0"
                    HEIGHT="167.0">
            <Shape><Polygon POINTS="2380 2591 2408 2556 2512 2539 2720 2545 2754 2568 3192 2539 3273 2573 3365 2545 3446 2568 3745 2545 3878 2602 3791 2689 3653 2700 3555 2677 3469 2706 3388 2671 3290 2706 3157 2706 3123 2677 3083 2700 2835 2694 2812 2671 2771 2700 2501 2694 2426 2677 2385 2637"/></Shape>
	    <String CONTENT="יומם מיכאן אמרו שבעה עננים היו"
                    HPOS="2380.0"
                    VPOS="2539.0"
                    WIDTH="1498.0"
                    HEIGHT="167.0"></String>
          </TextLine>

          
          
          <TextLine ID="eSc_line_a8d75210"
                    
                    BASELINE="2320 2729 2424 2744 2647 2748 2689 2760 2769 2752 3864 2756" 
                    HPOS="2316.0"
                    VPOS="2643.0"
                    WIDTH="1545.0"
                    HEIGHT="201.0">
            <Shape><Polygon POINTS="2316 2723 2380 2643 2466 2700 2783 2700 2812 2677 2841 2700 3215 2689 3273 2712 3359 2706 3388 2677 3428 2706 3515 2706 3572 2677 3665 2706 3803 2694 3861 2752 3826 2833 3659 2844 3538 2798 3446 2844 3417 2821 3359 2844 3060 2844 2921 2810 2766 2844 2662 2810 2604 2838 2558 2815 2408 2827 2322 2740"/></Shape>
	    <String CONTENT="וענן ייי עליהם ובעמוד ענן אתה [הול&#39;]"
                    HPOS="2316.0"
                    VPOS="2643.0"
                    WIDTH="1545.0"
                    HEIGHT="201.0"></String>
          </TextLine>

          
          
          <TextLine ID="eSc_line_2c3a426a"
                    
                    BASELINE="2308 2875 2616 2875 2823 2886 3015 2886 3061 2894 3480 2894 3611 2883 3657 2871 3695 2879 3830 2879 3880 2886" 
                    HPOS="2305.0"
                    VPOS="2798.0"
                    WIDTH="1573.0"
                    HEIGHT="184.0">
            <Shape><Polygon POINTS="2305 2873 2460 2815 2558 2815 2581 2838 2662 2815 2760 2850 3405 2821 3486 2844 3561 2798 3653 2844 3861 2827 3878 2884 3855 2959 3653 2971 3618 2942 3526 2977 3181 2954 2933 2982 2829 2977 2789 2936 2748 2971 2645 2977 2535 2930 2472 2971 2403 2971 2310 2879"/></Shape>
	    <String CONTENT="הולך לפניהם יומם ובעמוד אש לילה ˙"
                    HPOS="2305.0"
                    VPOS="2798.0"
                    WIDTH="1573.0"
                    HEIGHT="184.0"></String>
          </TextLine>

          
          
          <TextLine ID="eSc_line_d5ea4b82"
                    
                    BASELINE="2324 3005 2381 3017 3542 3013 3872 3017" 
                    HPOS="2322.0"
                    VPOS="2925.0"
                    WIDTH="1544.0"
                    HEIGHT="184.0">
            <Shape><Polygon POINTS="2322 3000 2397 2965 2477 2965 2535 2925 2575 2965 2639 2971 2743 2971 2783 2930 2829 2971 2927 2977 3745 2954 3832 2959 3866 3011 3832 3086 3567 3074 3521 3109 3474 3080 3250 3109 3134 3074 3100 3103 3048 3080 2714 3103 2662 3074 2604 3103 2477 3080 2420 3103 2328 3011"/></Shape>
	    <String CONTENT="ובהאריך הענן [את] ˙ ואם לא יעלה"
                    HPOS="2322.0"
                    VPOS="2925.0"
                    WIDTH="1544.0"
                    HEIGHT="184.0"></String>
          </TextLine>

          
          
          <TextLine ID="eSc_line_0eacb0f2"
                    
                    BASELINE="2308 3147 2420 3147 2458 3159 2497 3151 3861 3155" 
                    HPOS="2305.0"
                    VPOS="3074.0"
                    WIDTH="1550.0"
                    HEIGHT="173.0">
            <Shape><Polygon POINTS="2305 3144 2385 3097 2610 3103 2656 3080 2702 3103 3094 3109 3134 3074 3244 3109 3348 3086 3469 3086 3503 3109 3561 3086 3820 3092 3855 3149 3826 3218 3665 3241 3509 3218 3376 3241 3325 3207 3192 3241 2979 3218 2817 3247 2783 3213 2748 3236 2477 3213 2408 3236 2310 3144"/></Shape>
	    <String CONTENT="הענן כי ענן ייי על המשכן [יומם] הרי [/]"
                    HPOS="2305.0"
                    VPOS="3074.0"
                    WIDTH="1550.0"
                    HEIGHT="173.0"></String>
          </TextLine>

          
          
          <TextLine ID="eSc_line_015c0681"
                    
                    BASELINE="2274 3286 3684 3293 3745 3278 3791 3274 3891 3282" 
                    HPOS="2270.0"
                    VPOS="3213.0"
                    WIDTH="1619.0"
                    HEIGHT="178.0">
            <Shape><Polygon POINTS="2270 3282 2322 3241 2443 3247 2466 3224 2754 3247 2783 3218 2829 3259 2985 3224 3088 3247 3342 3213 3382 3241 3503 3218 3630 3241 3832 3224 3889 3276 3780 3362 3607 3374 3342 3339 3296 3374 3157 3362 3134 3385 2910 3385 2800 3351 2777 3374 2696 3357 2662 3380 2610 3357 2535 3391 2333 3380 2276 3322"/></Shape>
	    <String CONTENT="שבעה הרי שבעה עננים ארבע עננים"
                    HPOS="2270.0"
                    VPOS="3213.0"
                    WIDTH="1619.0"
                    HEIGHT="178.0"></String>
          </TextLine>

          
          
          <TextLine ID="eSc_line_1e3e55d6"
                    
                    BASELINE="2278 3431 3499 3428 3592 3435 3630 3424 3791 3412 3895 3420" 
                    HPOS="2276.0"
                    VPOS="3334.0"
                    WIDTH="1613.0"
                    HEIGHT="190.0">
            <Shape><Polygon POINTS="2276 3426 2328 3385 2570 3385 2604 3357 2679 3385 2760 3380 2806 3345 2898 3380 3123 3385 3163 3362 3423 3357 3705 3374 3832 3334 3872 3351 3889 3414 3809 3501 3699 3478 3544 3512 3163 3518 3100 3478 3065 3512 2979 3518 2495 3501 2322 3524 2282 3483"/></Shape>
	    <String CONTENT="מארבע רוחותם אחת מלמעלה ואחת"
                    HPOS="2276.0"
                    VPOS="3334.0"
                    WIDTH="1613.0"
                    HEIGHT="190.0"></String>
          </TextLine>

          
          
          <TextLine ID="eSc_line_d7549d6b"
                    
                    BASELINE="2235 3574 2293 3585 2850 3585 2892 3577 3215 3574 3257 3562 3426 3570 3546 3566 3768 3570 3818 3566 3910 3543" 
                    HPOS="2230.0"
                    VPOS="3483.0"
                    WIDTH="1677.0"
                    HEIGHT="196.0">
            <Shape><Polygon POINTS="2230 3570 2305 3524 3019 3524 3100 3483 3152 3524 3653 3512 3699 3483 3786 3512 3889 3483 3907 3541 3832 3633 3705 3650 2547 3650 2316 3679 2241 3621"/></Shape>
	    <String CONTENT="מלמטה ואחת מלפניהם הגבוה מנמכו"
                    HPOS="2230.0"
                    VPOS="3483.0"
                    WIDTH="1677.0"
                    HEIGHT="196.0"></String>
          </TextLine>

          
          
          <TextLine ID="eSc_line_f04b046a"
                    
                    BASELINE="2343 3708 2946 3716 3254 3712 3292 3704 3830 3708 3910 3677" 
                    HPOS="2339.0"
                    VPOS="3621.0"
                    WIDTH="1568.0"
                    HEIGHT="185.0">
            <Shape><Polygon POINTS="2339 3702 2403 3673 3699 3650 3843 3621 3878 3621 3907 3673 3832 3777 3751 3783 3232 3771 2639 3806 2604 3771 2570 3806 2518 3783 2408 3806 2345 3765"/></Shape>
	    <String CONTENT="והנמוך מגביהו ומכבה את הנחשים"
                    HPOS="2339.0"
                    VPOS="3621.0"
                    WIDTH="1568.0"
                    HEIGHT="185.0"></String>
          </TextLine>

          
          
          <TextLine ID="eSc_line_29abce71"
                    
                    BASELINE="2289 3835 2355 3846 3772 3842 3864 3850" 
                    HPOS="2287.0"
                    VPOS="3771.0"
                    WIDTH="1574.0"
                    HEIGHT="167.0">
            <Shape><Polygon POINTS="2287 3829 2362 3788 2575 3800 2604 3771 2639 3800 3809 3777 3843 3788 3861 3846 3837 3904 3768 3915 3400 3921 3359 3898 3227 3921 3157 3892 3117 3921 2604 3909 2570 3932 2385 3938 2293 3846"/></Shape>
	    <String CONTENT="ואת העקרבים ומכבד ומרבץ לפניהם ˙"
                    HPOS="2287.0"
                    VPOS="3771.0"
                    WIDTH="1574.0"
                    HEIGHT="167.0"></String>
          </TextLine>

          
          
          <TextLine ID="eSc_line_07200065"
                    
                    BASELINE="2351 3969 3837 3965 3895 3973" 
                    HPOS="2345.0"
                    VPOS="3898.0"
                    WIDTH="1544.0"
                    HEIGHT="161.0">
            <Shape><Polygon POINTS="2345 3967 2414 3927 2575 3932 2610 3909 3129 3927 3163 3898 3221 3927 3359 3904 3394 3927 3809 3904 3889 3967 3832 4048 3768 4030 3699 4053 3480 4053 3428 4030 3405 4053 3325 4036 2996 4059 2921 4053 2858 4013 2812 4053 2668 4036 2645 4059 2426 4059 2351 3990"/></Shape>
	    <String CONTENT="ר&#39; יהודה אומ&#39; שלש עשרה [אמה] היו"
                    HPOS="2345.0"
                    VPOS="3898.0"
                    WIDTH="1544.0"
                    HEIGHT="161.0"></String>
          </TextLine>

          
          
          <TextLine ID="eSc_line_ae894521"
                    
                    BASELINE="2305 4107 3526 4107 3757 4096 3803 4099 3845 4092 3895 4096" 
                    HPOS="2299.0"
                    VPOS="4013.0"
                    WIDTH="1590.0"
                    HEIGHT="190.0">
            <Shape><Polygon POINTS="2299 4105 2345 4059 2645 4065 2673 4036 2800 4059 2864 4013 2915 4053 2990 4059 3192 4036 3405 4048 3428 4025 3492 4053 3780 4036 3889 4094 3803 4169 3636 4186 3111 4163 3054 4186 2829 4197 2783 4174 2754 4197 2587 4180 2356 4203 2305 4151"/></Shape>
	    <String CONTENT="שנים מכל רוח ושנים מלמעלן ושנים"
                    HPOS="2299.0"
                    VPOS="4013.0"
                    WIDTH="1590.0"
                    HEIGHT="190.0"></String>
          </TextLine>

          
          
          <TextLine ID="eSc_line_ada6701c"
                    
                    BASELINE="2351 4230 3480 4238 3791 4226 3895 4234" 
                    HPOS="2345.0"
                    VPOS="4163.0"
                    WIDTH="1544.0"
                    HEIGHT="178.0">
            <Shape><Polygon POINTS="2345 4226 2408 4197 2754 4203 2794 4180 2841 4203 3106 4169 3653 4186 3716 4163 3820 4169 3889 4232 3820 4312 3642 4301 3561 4324 3463 4295 3278 4318 3134 4295 3106 4318 3008 4301 2708 4341 2454 4312 2414 4341 2351 4278"/></Shape>
	    <String CONTENT="מלמטן ואחת מלפניהם ˙ ר&#39; יאשיה"
                    HPOS="2345.0"
                    VPOS="4163.0"
                    WIDTH="1544.0"
                    HEIGHT="178.0"></String>
          </TextLine>

          
          
          <TextLine ID="eSc_line_646e1939"
                    
                    BASELINE="2366 4372 2470 4372 2612 4384 2865 4380 2962 4387 3004 4376 3296 4372 3384 4364 3864 4368" 
                    HPOS="2362.0"
                    VPOS="4301.0"
                    WIDTH="1499.0"
                    HEIGHT="184.0">
            <Shape><Polygon POINTS="2362 4370 2460 4307 2587 4341 2720 4341 3008 4307 3117 4324 3146 4301 3814 4312 3861 4364 3791 4445 3613 4428 3584 4451 3532 4433 3273 4462 3198 4416 3123 4462 2633 4462 2581 4485 2443 4445 2408 4474 2368 4462"/></Shape>
	    <String CONTENT="אומ&#39; ארבעה ˙ ר&#39; אומ&#39; שנים וענן ייי"
                    HPOS="2362.0"
                    VPOS="4301.0"
                    WIDTH="1499.0"
                    HEIGHT="184.0"></String>
          </TextLine>

          
          
          <TextLine ID="eSc_line_1dedfa37"
                    
                    BASELINE="2289 4522 3111 4522 3157 4514 3327 4510 3369 4503 3868 4503" 
                    HPOS="2287.0"
                    VPOS="4416.0"
                    WIDTH="1579.0"
                    HEIGHT="213.0">
            <Shape><Polygon POINTS="2287 4520 2322 4479 2443 4456 2552 4479 2633 4456 3111 4462 3198 4416 3267 4462 3434 4462 3538 4433 3659 4451 3716 4428 3826 4445 3866 4497 3768 4583 3630 4566 3607 4589 3273 4595 3227 4566 3204 4589 2973 4600 2927 4566 2892 4595 2622 4612 2524 4589 2443 4612 2408 4589 2356 4629 2293 4583"/></Shape>
	    <String CONTENT="עליהם יומם על החיגרים ועל הסומים"
                    HPOS="2287.0"
                    VPOS="4416.0"
                    WIDTH="1579.0"
                    HEIGHT="213.0"></String>
          </TextLine>

          
          
          <TextLine ID="eSc_line_36dc3fc6"
                    
                    BASELINE="2312 4648 2412 4660 2754 4660 2854 4652 3173 4648 3300 4641 3791 4645 3880 4633" 
                    HPOS="2310.0"
                    VPOS="4566.0"
                    WIDTH="1568.0"
                    HEIGHT="196.0">
            <Shape><Polygon POINTS="2310 4646 2351 4646 2414 4589 2437 4612 2501 4589 2552 4612 2771 4606 2887 4600 2933 4566 2967 4600 3198 4595 3232 4566 3267 4595 3607 4589 3653 4566 3797 4577 3878 4629 3803 4716 3763 4698 3699 4721 3653 4693 3538 4733 3365 4710 3307 4733 3065 4716 3042 4739 2927 4704 2892 4739 2714 4721 2598 4750 2524 4727 2385 4762 2316 4693"/></Shape>
	    <String CONTENT="ועל הזבין ועל המצורעים וענן ייי [ע&#39;]"
                    HPOS="2310.0"
                    VPOS="4566.0"
                    WIDTH="1568.0"
                    HEIGHT="196.0"></String>
          </TextLine>

          
          
          <TextLine ID="eSc_line_ff493885"
                    
                    BASELINE="2351 4790 2885 4798 2923 4790 3181 4787 3261 4779 3807 4783 3861 4764" 
                    HPOS="2345.0"
                    VPOS="4693.0"
                    WIDTH="1510.0"
                    HEIGHT="207.0">
            <Shape><Polygon POINTS="2345 4785 2529 4739 2892 4744 2933 4710 2967 4739 3071 4721 3532 4744 3653 4693 3699 4721 3820 4716 3855 4762 3774 4854 3572 4871 3031 4854 2956 4877 2892 4860 2823 4883 2581 4883 2489 4860 2426 4900 2351 4831"/></Shape>
	    <String CONTENT="עליהם מניין אתה אומ&#39; שאם היה"
                    HPOS="2345.0"
                    VPOS="4693.0"
                    WIDTH="1510.0"
                    HEIGHT="207.0"></String>
          </TextLine>

          
          
          <TextLine ID="eSc_line_5949f663"
                    
                    BASELINE="2320 4936 2846 4936 3353 4917 3807 4921 3849 4902 3853 4952" 
                    HPOS="2316.0"
                    VPOS="4854.0"
                    WIDTH="1533.0"
                    HEIGHT="178.0">
            <Shape><Polygon POINTS="2316 4934 2368 4865 2420 4894 2477 4871 2587 4894 2904 4860 3417 4877 3503 4854 3809 4854 3832 4860 3849 4946 3780 5003 3607 4980 3584 5003 3186 4992 3100 5015 3042 4957 2996 5003 2892 5015 2587 5032 2552 5003 2506 5027 2466 5003 2351 5032 2322 5009"/></Shape>
	    <String CONTENT="אחד מישר&#39; נמשך מתחת כנפי הענ&#39;"
                    HPOS="2316.0"
                    VPOS="4854.0"
                    WIDTH="1533.0"
                    HEIGHT="178.0"></String>
          </TextLine>

          
          
          <TextLine ID="eSc_line_4efe58a6"
                    
                    BASELINE="2297 5067 2923 5075 2973 5067 3254 5063 3334 5055 3830 5059 3880 5048" 
                    HPOS="2293.0"
                    VPOS="4969.0"
                    WIDTH="1585.0"
                    HEIGHT="201.0">
            <Shape><Polygon POINTS="2293 5061 2466 5015 2495 5038 2558 5009 3002 5015 3048 4969 3100 5015 3814 4992 3878 5044 3757 5142 3561 5113 3457 5153 3290 5124 3163 5142 3129 5107 3083 5107 3042 5142 2864 5142 2841 5119 2806 5142 2420 5170 2368 5165 2299 5096"/></Shape>
	    <String CONTENT="עמוד ענן נמשך לאחוריו עד שעה"
                    HPOS="2293.0"
                    VPOS="4969.0"
                    WIDTH="1585.0"
                    HEIGHT="201.0"></String>
          </TextLine>

          
          
          <TextLine ID="eSc_line_0d79b90e"
                    
                    BASELINE="2335 5197 3465 5197 3549 5190 3807 5182 3864 5170" 
                    HPOS="2333.0"
                    VPOS="5107.0"
                    WIDTH="1528.0"
                    HEIGHT="184.0">
            <Shape><Polygon POINTS="2333 5194 2391 5153 2794 5147 2904 5119 3042 5136 3071 5107 3181 5147 3434 5153 3561 5124 3763 5147 3820 5119 3861 5165 3843 5228 3774 5274 3561 5274 3515 5234 3457 5274 3042 5245 2996 5274 2915 5251 2892 5274 2685 5280 2650 5257 2622 5286 2408 5291 2339 5263"/></Shape>
	    <String CONTENT="שחוזר שנ&#39; וענן ייי עליהם כשם [ש&#39;]"
                    HPOS="2333.0"
                    VPOS="5107.0"
                    WIDTH="1528.0"
                    HEIGHT="184.0"></String>
          </TextLine>

          
          
          <TextLine ID="eSc_line_878125db"
                    
                    BASELINE="2258 5339 3223 5336 3668 5316 3880 5324" 
                    HPOS="2253.0"
                    VPOS="5251.0"
                    WIDTH="1625.0"
                    HEIGHT="173.0">
            <Shape><Polygon POINTS="2253 5337 2258 5297 2604 5297 2639 5263 2708 5297 2806 5257 2864 5286 2921 5257 2973 5280 3209 5263 3261 5286 3365 5251 3440 5280 3474 5251 3549 5251 3757 5286 3861 5251 3878 5320 3861 5384 3786 5412 3711 5389 3659 5412 3463 5389 3250 5412 3157 5389 3117 5418 2852 5418 2771 5395 2737 5424 2380 5424 2258 5395"/></Shape>
	    <String CONTENT="שמגין על ישר&#39; כך מגין על אומות"
                    HPOS="2253.0"
                    VPOS="5251.0"
                    WIDTH="1625.0"
                    HEIGHT="173.0"></String>
          </TextLine>

          
        </TextBlock>
        
        <TextBlock HPOS="457.0"
                   VPOS="641.0"
                   WIDTH="1506.0"
                   HEIGHT="4760.0"
                   ID="eSc_textblock_39a3f9cc"
                   TAGREFS="BT2">
          <Shape><Polygon POINTS="1947 5401 1963 691 1917 656 507 641 472 675 457 1136 457 5339 537 5401 1947 5401"/></Shape>
          
          
          <TextLine ID="eSc_line_968077e7"
                    
                    BASELINE="553 859 656 871 922 813 1555 790 1955 783" 
                    HPOS="547.0"
                    VPOS="691.0"
                    WIDTH="1406.0"
                    HEIGHT="241.0">
            <Shape><Polygon POINTS="547 857 553 788 731 783 881 719 956 748 1025 714 1290 725 1383 696 1411 725 1504 691 1596 719 1682 696 1751 731 1832 691 1930 719 1953 777 1947 846 1878 869 1325 857 1181 869 1146 898 1117 869 991 898 881 881 824 921 656 932 587 932 558 904"/></Shape>
	    <String CONTENT="העולם ת&#39;ל&#39; עליהם על ישר&#39; מגין ואין"
                    HPOS="547.0"
                    VPOS="691.0"
                    WIDTH="1406.0"
                    HEIGHT="241.0"></String>
          </TextLine>

          
          
          <TextLine ID="eSc_line_710d0c29"
                    
                    BASELINE="495 998 603 1005 918 971 1398 940 1894 944 1943 925" 
                    HPOS="489.0"
                    VPOS="857.0"
                    WIDTH="1453.0"
                    HEIGHT="242.0">
            <Shape><Polygon POINTS="489 996 541 921 628 961 1077 875 1123 898 1198 875 1256 892 1290 857 1388 886 1486 863 1821 863 1913 886 1942 921 1930 984 1838 1024 1642 1036 1578 1007 1365 1036 1279 1001 1244 1036 1169 1024 1129 1048 1031 1019 996 1053 956 1030 864 1059 766 1053 754 1076 691 1053 622 1099 507 1082"/></Shape>
	    <String CONTENT="על אומות העולם או כשם שמגין עליה&#39;"
                    HPOS="489.0"
                    VPOS="857.0"
                    WIDTH="1453.0"
                    HEIGHT="242.0"></String>
          </TextLine>

          
          
          <TextLine ID="eSc_line_926d08af"
                    
                    BASELINE="491 1151 637 1159 691 1143 776 1143 833 1132 918 1128 983 1105 1021 1113 1271 1094 1406 1097 1448 1090 1613 1086 1659 1078 1943 1078" 
                    HPOS="489.0"
                    VPOS="1001.0"
                    WIDTH="1453.0"
                    HEIGHT="254.0">
            <Shape><Polygon POINTS="489 1145 593 1088 645 1105 697 1048 743 1082 893 1042 922 1065 950 1036 996 1059 1031 1019 1141 1053 1256 1036 1290 1001 1336 1036 1895 1019 1942 1076 1918 1168 1809 1191 1694 1168 1440 1191 1400 1157 1296 1191 1233 1168 1158 1203 1048 1163 945 1215 893 1186 835 1220 674 1203 639 1243 553 1255 501 1220"/></Shape>
	    <String CONTENT="ביום כך מגין עליהן בלילה ˙ ת&#39;ל&#39; יו(מ)ם ביום"
                    HPOS="489.0"
                    VPOS="1001.0"
                    WIDTH="1453.0"
                    HEIGHT="254.0"></String>
          </TextLine>

          
          
          <TextLine ID="eSc_line_4a514f7f"
                    
                    BASELINE="491 1282 825 1282 929 1270 968 1259 1052 1262 1287 1247 1333 1251 1613 1239 1655 1232 1867 1236 1909 1232 1990 1205" 
                    HPOS="489.0"
                    VPOS="1174.0"
                    WIDTH="1499.0"
                    HEIGHT="213.0">
            <Shape><Polygon POINTS="489 1278 633 1249 731 1197 818 1232 887 1191 1175 1203 1481 1174 1780 1197 1907 1174 1942 1209 1988 1203 1895 1312 1792 1330 1590 1318 1555 1341 1469 1301 1406 1341 1094 1324 1020 1353 789 1370 720 1330 674 1376 593 1387 501 1301"/></Shape>
	    <String CONTENT="הוא מגין ואין מגין ואין מגין בלילה"
                    HPOS="489.0"
                    VPOS="1174.0"
                    WIDTH="1499.0"
                    HEIGHT="213.0"></String>
          </TextLine>

          
          
          <TextLine ID="eSc_line_dca84d3d"
                    
                    BASELINE="553 1412 695 1420 879 1408 922 1397 964 1405 1094 1405 1233 1393 1275 1382 1360 1389 1605 1389 1682 1378 1821 1370 1917 1370 1970 1378" 
                    HPOS="547.0"
                    VPOS="1312.0"
                    WIDTH="1418.0"
                    HEIGHT="202.0">
            <Shape><Polygon POINTS="547 1410 576 1382 680 1376 720 1335 777 1370 1083 1330 1411 1341 1457 1312 1550 1335 1590 1312 1867 1318 1965 1376 1884 1462 1711 1439 1671 1474 1596 1474 1521 1428 1481 1474 1423 1456 1296 1479 1273 1456 1158 1479 1106 1439 1014 1479 818 1479 662 1514 558 1468"/></Shape>
	    <String CONTENT="אמרו עמוד ענן לא היה מגין עליהן ˙ ˙"
                    HPOS="547.0"
                    VPOS="1312.0"
                    WIDTH="1418.0"
                    HEIGHT="202.0"></String>
          </TextLine>

          
          
          <TextLine ID="eSc_line_7a7aa96d"
                    
                    BASELINE="510 1550 699 1558 860 1535 1021 1543 1068 1535 1283 1531 1321 1524 1717 1527 1813 1516 1978 1516" 
                    HPOS="507.0"
                    VPOS="1439.0"
                    WIDTH="1469.0"
                    HEIGHT="207.0">
            <Shape><Polygon POINTS="507 1548 587 1491 656 1514 1008 1485 1112 1445 1152 1479 1296 1485 1504 1479 1538 1445 1573 1474 1665 1474 1705 1439 1757 1462 1821 1445 1849 1474 1936 1474 1976 1514 1872 1606 1371 1595 1285 1629 1256 1600 1175 1623 1129 1577 1037 1629 973 1595 933 1629 703 1629 668 1600 628 1641 564 1646 512 1595"/></Shape>
	    <String CONTENT="בלילה אלא מגין עליהן עמוד האש [/]"
                    HPOS="507.0"
                    VPOS="1439.0"
                    WIDTH="1469.0"
                    HEIGHT="207.0"></String>
          </TextLine>

          
          
          <TextLine ID="eSc_line_1cf8a38b"
                    
                    BASELINE="510 1681 572 1689 741 1685 779 1677 948 1681 1202 1669 1340 1669 1383 1658 1471 1666 1817 1666 1897 1662 1951 1643" 
                    HPOS="507.0"
                    VPOS="1577.0"
                    WIDTH="1440.0"
                    HEIGHT="202.0">
            <Shape><Polygon POINTS="507 1675 628 1641 668 1600 714 1641 858 1635 1083 1623 1129 1577 1175 1623 1313 1623 1377 1595 1607 1618 1826 1589 1913 1600 1947 1641 1890 1739 1803 1733 1746 1762 1613 1715 1538 1750 1331 1750 1308 1727 1279 1756 1141 1756 1077 1721 1048 1750 1002 1733 973 1756 864 1756 760 1721 697 1779 656 1750 541 1773 512 1744"/></Shape>
	    <String CONTENT="או עמוד האש יכול יהא מאיר עליהם"
                    HPOS="507.0"
                    VPOS="1577.0"
                    WIDTH="1440.0"
                    HEIGHT="202.0"></String>
          </TextLine>

          
          
          <TextLine ID="eSc_line_da1cb71f"
                    
                    BASELINE="464 1804 522 1823 607 1815 825 1819 864 1811 1190 1808 1233 1800 1901 1804 1959 1781" 
                    HPOS="461.0"
                    VPOS="1710.0"
                    WIDTH="1492.0"
                    HEIGHT="196.0">
            <Shape><Polygon POINTS="461 1802 651 1756 703 1773 766 1715 795 1744 835 1727 864 1756 933 1762 1002 1733 1048 1756 1083 1721 1215 1756 1515 1750 1613 1710 1723 1762 1924 1727 1953 1779 1936 1882 1423 1882 1383 1859 1262 1888 1227 1865 1169 1888 1071 1865 1002 1888 806 1871 547 1906 466 1831"/></Shape>
	    <String CONTENT="ביום ˙ ת&#39;ל&#39; ואש תהיה לילה בלילה הוא"
                    HPOS="461.0"
                    VPOS="1710.0"
                    WIDTH="1492.0"
                    HEIGHT="196.0"></String>
          </TextLine>

          
          
          <TextLine ID="eSc_line_6ea0b128"
                    
                    BASELINE="430 1938 487 1950 814 1946 895 1938 1801 1942 1855 1930 1993 1930" 
                    HPOS="426.0"
                    VPOS="1859.0"
                    WIDTH="1562.0"
                    HEIGHT="185.0">
            <Shape><Polygon POINTS="426 1934 507 1906 1014 1894 1077 1871 1267 1888 1388 1859 1434 1888 1913 1877 1988 1929 1913 2015 1861 1992 1792 2021 1676 1969 1642 2003 1544 2026 1204 1998 1181 2021 1048 2003 973 2032 801 2032 743 2003 708 2038 633 2044 530 2038 432 1940"/></Shape>
	    <String CONTENT="מאיר ואין מאיר ביום ˙ או כשם שמאיר"
                    HPOS="426.0"
                    VPOS="1859.0"
                    WIDTH="1562.0"
                    HEIGHT="185.0"></String>
          </TextLine>

          
          
          <TextLine ID="eSc_line_8a6a4bda"
                    
                    BASELINE="484 2084 1002 2084 1048 2076 1728 2080 1840 2065 1982 2069" 
                    HPOS="478.0"
                    VPOS="1969.0"
                    WIDTH="1498.0"
                    HEIGHT="207.0">
            <Shape><Polygon POINTS="478 2078 535 2044 703 2044 749 2003 795 2032 1187 2026 1210 2003 1550 2026 1676 1969 1780 2021 1878 1998 1976 2067 1913 2142 1844 2113 1797 2159 1642 2119 1602 2159 1555 2124 1521 2153 1429 2153 1331 2119 1100 2159 1048 2130 968 2170 674 2170 616 2136 570 2176 484 2096"/></Shape>
	    <String CONTENT="לישרﭏ כך מאיר לאומות העולם ואש"
                    HPOS="478.0"
                    VPOS="1969.0"
                    WIDTH="1498.0"
                    HEIGHT="207.0"></String>
          </TextLine>

          
          
          <TextLine ID="eSc_line_6c8e8967"
                    
                    BASELINE="445 2207 583 2218 1052 2218 1098 2211 1406 2207 1444 2195 1536 2203 1917 2203 1974 2192" 
                    HPOS="443.0"
                    VPOS="2113.0"
                    WIDTH="1527.0"
                    HEIGHT="184.0">
            <Shape><Polygon POINTS="443 2205 530 2130 570 2170 616 2130 656 2165 720 2170 979 2165 1043 2130 1083 2159 1285 2153 1319 2124 1371 2153 1544 2165 1607 2159 1642 2124 1688 2153 1797 2159 1844 2113 1970 2188 1907 2268 1844 2280 1780 2245 1740 2280 1602 2263 1423 2286 1331 2263 1285 2291 904 2291 864 2268 812 2291 726 2245 680 2291 507 2297 449 2239"/></Shape>
	    <String CONTENT="תהיה לילה בו לעיני כל בית ישר&#39; ˙ בלילה"
                    HPOS="443.0"
                    VPOS="2113.0"
                    WIDTH="1527.0"
                    HEIGHT="184.0"></String>
          </TextLine>

          
          
          <TextLine ID="eSc_line_88bac591"
                    
                    BASELINE="461 2326 514 2337 729 2341 1237 2341 1275 2334 1951 2318" 
                    HPOS="455.0"
                    VPOS="2245.0"
                    WIDTH="1492.0"
                    HEIGHT="185.0">
            <Shape><Polygon POINTS="455 2320 501 2326 576 2286 680 2297 726 2251 806 2297 1285 2297 1331 2274 1746 2286 1780 2245 1815 2280 1913 2274 1947 2314 1930 2366 1872 2406 1705 2389 1636 2418 1584 2395 1325 2424 1250 2401 1146 2430 1043 2383 1002 2418 818 2424 783 2395 708 2424 524 2418 461 2355"/></Shape>
	    <String CONTENT="על ישר&#39; הוא מאיר ואין מאיר לאומות"
                    HPOS="455.0"
                    VPOS="2245.0"
                    WIDTH="1492.0"
                    HEIGHT="185.0"></String>
          </TextLine>

          
          
          <TextLine ID="eSc_line_93ba8b95"
                    
                    BASELINE="464 2472 1144 2472 1482 2460 1955 2464" 
                    HPOS="461.0"
                    VPOS="2383.0"
                    WIDTH="1492.0"
                    HEIGHT="185.0">
            <Shape><Polygon POINTS="461 2470 558 2412 697 2424 789 2401 1002 2424 1037 2389 1071 2424 1440 2424 1671 2412 1705 2383 1901 2406 1953 2458 1918 2545 1607 2550 1578 2522 1538 2556 1417 2533 1308 2568 1037 2533 979 2562 893 2545 605 2568 541 2545 466 2470"/></Shape>
	    <String CONTENT="העולם ר&#39; שמעון בן אלעז&#39; אומ&#39; מניין [א&#39;]"
                    HPOS="461.0"
                    VPOS="2383.0"
                    WIDTH="1492.0"
                    HEIGHT="185.0"></String>
          </TextLine>

          
          
          <TextLine ID="eSc_line_3d05e891"
                    
                    BASELINE="461 2606 522 2618 1006 2614 1317 2621 1356 2610 1571 2606 1613 2595 1651 2602 1955 2595" 
                    HPOS="455.0"
                    VPOS="2533.0"
                    WIDTH="1498.0"
                    HEIGHT="173.0">
            <Shape><Polygon POINTS="455 2602 535 2545 605 2573 887 2550 1313 2568 1417 2533 1475 2562 1567 2533 1642 2562 1890 2545 1953 2591 1884 2683 1423 2683 1394 2706 1192 2700 1158 2671 1123 2700 939 2677 703 2694 668 2660 587 2706 461 2614"/></Shape>
	    <String CONTENT="אתה אומ&#39; כל ארבעים שנה שהיו ישר&#39;"
                    HPOS="455.0"
                    VPOS="2533.0"
                    WIDTH="1498.0"
                    HEIGHT="173.0"></String>
          </TextLine>

          
          
          <TextLine ID="eSc_line_851b74d1"
                    
                    BASELINE="437 2740 491 2760 680 2752 1559 2756 1728 2748 1805 2737 1943 2740" 
                    HPOS="432.0"
                    VPOS="2666.0"
                    WIDTH="1510.0"
                    HEIGHT="184.0">
            <Shape><Polygon POINTS="432 2735 605 2712 656 2666 708 2706 898 2706 927 2683 1117 2700 1158 2666 1204 2700 1584 2671 1613 2694 1901 2689 1942 2735 1924 2810 1878 2833 1584 2833 1492 2798 1457 2833 1377 2838 1083 2821 524 2850 437 2764"/></Shape>
	    <String CONTENT="במדבר לא נצרכו לנר אלא אפילו נכנס"
                    HPOS="432.0"
                    VPOS="2666.0"
                    WIDTH="1510.0"
                    HEIGHT="184.0"></String>
          </TextLine>

          
          
          <TextLine ID="eSc_line_b8c071bf"
                    
                    BASELINE="507 2883 599 2875 1982 2879" 
                    HPOS="501.0"
                    VPOS="2804.0"
                    WIDTH="1475.0"
                    HEIGHT="167.0">
            <Shape><Polygon POINTS="501 2879 570 2827 1383 2838 1457 2833 1486 2804 1532 2833 1907 2821 1976 2873 1895 2954 1746 2971 1705 2948 1434 2971 985 2965 945 2942 864 2971 691 2965 628 2936 570 2965 507 2902"/></Shape>
	    <String CONTENT="אדם חדר לפנים מחדר כמו פנס נכנס [ע&#39;]"
                    HPOS="501.0"
                    VPOS="2804.0"
                    WIDTH="1475.0"
                    HEIGHT="167.0"></String>
          </TextLine>

          
          
          <TextLine ID="eSc_line_34da09c6"
                    
                    BASELINE="464 3009 607 3005 752 3009 802 3017 1924 3017 1974 3005" 
                    HPOS="461.0"
                    VPOS="2942.0"
                    WIDTH="1509.0"
                    HEIGHT="167.0">
            <Shape><Polygon POINTS="461 3005 628 2942 870 2977 939 2942 979 2965 1360 2971 1907 2954 1970 3000 1953 3040 1855 3103 1769 3092 1734 3057 1694 3097 1440 3097 1417 3074 1325 3109 1112 3097 1083 3069 939 3092 910 3063 835 3097 535 3092 466 3023"/></Shape>
	    <String CONTENT="עמו עד שעה שחוזר שנ&#39; לעיני כל בית"
                    HPOS="461.0"
                    VPOS="2942.0"
                    WIDTH="1509.0"
                    HEIGHT="167.0"></String>
          </TextLine>

          
          
          <TextLine ID="eSc_line_2b4ba61c"
                    
                    BASELINE="484 3144 583 3140 1021 3155 1974 3155" 
                    HPOS="478.0"
                    VPOS="3063.0"
                    WIDTH="1492.0"
                    HEIGHT="184.0">
            <Shape><Polygon POINTS="478 3138 553 3092 864 3103 904 3069 945 3103 1031 3080 1112 3109 1325 3115 1417 3080 1457 3103 1694 3097 1734 3063 1797 3103 1861 3103 1895 3074 1970 3149 1913 3247 1642 3241 1596 3218 1331 3241 708 3236 541 3224 484 3167"/></Shape>
	    <String CONTENT="בית ישר&#39; בכל מסעיהם לכל מסע ומסע"
                    HPOS="478.0"
                    VPOS="3063.0"
                    WIDTH="1492.0"
                    HEIGHT="184.0"></String>
          </TextLine>

          
          
          <TextLine ID="eSc_line_11b2f25a"
                    
                    BASELINE="476 3266 722 3278 895 3274 1202 3282 1336 3293 1951 3293" 
                    HPOS="472.0"
                    VPOS="3218.0"
                    WIDTH="1475.0"
                    HEIGHT="162.0">
            <Shape><Polygon POINTS="472 3264 570 3218 726 3241 1550 3247 1590 3224 1918 3247 1947 3288 1907 3374 1509 3357 1475 3380 1440 3351 1377 3380 1083 3345 956 3368 910 3334 870 3374 754 3380 720 3357 662 3380 645 3357 570 3362 478 3270"/></Shape>
	    <String CONTENT="הא אפילו אדם נכנס חדר לפנים מן [הח&#39;]"
                    HPOS="472.0"
                    VPOS="3218.0"
                    WIDTH="1475.0"
                    HEIGHT="162.0"></String>
          </TextLine>

          
          
          <TextLine ID="eSc_line_6530cfc5"
                    
                    BASELINE="787 3412 1194 3412 1233 3420 1613 3431 1824 3431 1967 3420" 
                    HPOS="783.0"
                    VPOS="3328.0"
                    WIDTH="1182.0"
                    HEIGHT="201.0">
            <Shape><Polygon POINTS="783 3408 916 3328 956 3368 1878 3368 1965 3414 1913 3501 1826 3495 1734 3529 1567 3512 1515 3472 1486 3501 1348 3495 1238 3524 1066 3483 1031 3512 789 3506"/></Shape>
	    <String CONTENT="החדר עמוד האש מאיר לו ˙ ˙"
                    HPOS="783.0"
                    VPOS="3328.0"
                    WIDTH="1182.0"
                    HEIGHT="201.0"></String>
          </TextLine>

          
          
          <TextLine ID="eSc_line_4b48fe36"
                    
                    BASELINE="491 3558 545 3550 626 3550 845 3562 975 3562 1056 3570 1694 3583" 
                    HPOS="478.0"
                    VPOS="3478.0"
                    WIDTH="1210.0"
                    HEIGHT="184.0">
            <Shape><Polygon POINTS="489 3552 489 3501 1071 3506 1083 3506 1192 3478 1198 3478 1198 3478 1198 3478 1204 3478 1682 3518 1688 3581 1676 3662 668 3662 662 3656 662 3656 478 3621"/></Shape>
	    <String CONTENT="סלי&#39; פסו&#39; ˙ ˙ ויהי בנסוע"
                    HPOS="478.0"
                    VPOS="3478.0"
                    WIDTH="1210.0"
                    HEIGHT="184.0"></String>
          </TextLine>

          
          
          <TextLine ID="eSc_line_a8f47516"
                    
                    BASELINE="507 3685 607 3681 687 3685 726 3693 975 3689 1290 3708 1778 3704 1959 3712" 
                    HPOS="501.0"
                    VPOS="3598.0"
                    WIDTH="1452.0"
                    HEIGHT="208.0">
            <Shape><Polygon POINTS="501 3679 599 3633 726 3650 766 3610 801 3645 916 3645 962 3598 1014 3656 1071 3610 1106 3645 1141 3610 1187 3656 1313 3656 1348 3621 1388 3656 1498 3621 1590 3656 1844 3639 1930 3662 1953 3708 1924 3806 1757 3777 1602 3800 1567 3765 1538 3794 558 3765 507 3714"/></Shape>
	    <String CONTENT="הארון נקוד עליו מלמעלה ומלמטה"
                    HPOS="501.0"
                    VPOS="3598.0"
                    WIDTH="1452.0"
                    HEIGHT="208.0"></String>
          </TextLine>

          
          
          <TextLine ID="eSc_line_493f27bf"
                    
                    BASELINE="526 3804 764 3815 810 3812 1029 3831 1210 3827 1536 3846 1913 3842 1974 3850" 
                    HPOS="524.0"
                    VPOS="3760.0"
                    WIDTH="1446.0"
                    HEIGHT="184.0">
            <Shape><Polygon POINTS="524 3800 558 3760 939 3765 1002 3788 1486 3777 1532 3800 1578 3765 1602 3794 1953 3794 1970 3846 1907 3921 1821 3944 1723 3904 1682 3927 1590 3904 1100 3915 893 3881 754 3904 587 3892 530 3858"/></Shape>
	    <String CONTENT="מפני שלא היה זה מקומו ר&#39; אומ&#39; מפני"
                    HPOS="524.0"
                    VPOS="3760.0"
                    WIDTH="1446.0"
                    HEIGHT="184.0"></String>
          </TextLine>

          
          
          <TextLine ID="eSc_line_9249becd"
                    
                    BASELINE="476 3927 810 3942 925 3954 1148 3950 1371 3961 1413 3969 1901 3969 1990 3988" 
                    HPOS="472.0"
                    VPOS="3875.0"
                    WIDTH="1516.0"
                    HEIGHT="178.0">
            <Shape><Polygon POINTS="472 3921 518 3875 818 3909 962 3892 1002 3915 1734 3904 1803 3944 1913 3921 1988 3984 1890 4053 979 4048 927 4007 864 4036 645 4002 553 4019 478 3944"/></Shape>
	    <String CONTENT="שהוא ספר בפני עצמו מיכן אמרו ספר"
                    HPOS="472.0"
                    VPOS="3875.0"
                    WIDTH="1516.0"
                    HEIGHT="178.0"></String>
          </TextLine>

          
          
          <TextLine ID="eSc_line_7095c4b6"
                    
                    BASELINE="430 4046 537 4061 668 4057 783 4073 1079 4084 1121 4092 1287 4088 1552 4103 1917 4103 1974 4111" 
                    HPOS="426.0"
                    VPOS="3990.0"
                    WIDTH="1544.0"
                    HEIGHT="202.0">
            <Shape><Polygon POINTS="426 4042 518 3990 553 4013 858 4042 933 4013 985 4048 1602 4059 1682 4036 1884 4053 1970 4105 1918 4186 1648 4192 1613 4169 1411 4192 1002 4174 945 4146 893 4169 610 4151 553 4122 495 4134 432 4071"/></Shape>
	    <String CONTENT="תורה שנמחק ונשתייר בו שמונים וחמש"
                    HPOS="426.0"
                    VPOS="3990.0"
                    WIDTH="1544.0"
                    HEIGHT="202.0"></String>
          </TextLine>

          
          
          <TextLine ID="eSc_line_797def5e"
                    
                    BASELINE="484 4184 664 4199 710 4195 925 4215 1006 4211 1287 4230 1544 4226 1732 4238 1771 4245 1901 4245 1955 4234" 
                    HPOS="478.0"
                    VPOS="4122.0"
                    WIDTH="1475.0"
                    HEIGHT="202.0">
            <Shape><Polygon POINTS="478 4180 558 4122 593 4151 841 4151 870 4174 1054 4157 1440 4192 1590 4186 1619 4163 1682 4197 1942 4180 1953 4232 1878 4324 1544 4324 1469 4289 1417 4318 1210 4295 870 4307 841 4278 570 4278 484 4192"/></Shape>
	    <String CONTENT="אותיות בפרשת ויהי בנסוע הארון [מט&#39;]"
                    HPOS="478.0"
                    VPOS="4122.0"
                    WIDTH="1475.0"
                    HEIGHT="202.0"></String>
          </TextLine>

          
          
          <TextLine ID="eSc_line_a95dff83"
                    
                    BASELINE="522 4326 722 4337 764 4334 952 4353 1167 4349 1206 4357 1402 4368 1701 4364 1882 4384 1924 4384 2005 4353" 
                    HPOS="518.0"
                    VPOS="4272.0"
                    WIDTH="1481.0"
                    HEIGHT="207.0">
            <Shape><Polygon POINTS="518 4324 587 4272 680 4295 835 4278 881 4307 1809 4307 1999 4347 1965 4451 1844 4479 1786 4439 1630 4456 1567 4416 1498 4445 1377 4422 1302 4445 1192 4433 1164 4405 1112 4445 973 4428 887 4456 847 4422 605 4416 524 4341"/></Shape>
	    <String CONTENT="מטמא את הידים ˙ ר&#39; שמעון אומ&#39; נקוד"
                    HPOS="518.0"
                    VPOS="4272.0"
                    WIDTH="1481.0"
                    HEIGHT="207.0"></String>
          </TextLine>

          
          
          <TextLine ID="eSc_line_6cda77ae"
                    
                    BASELINE="507 4476 560 4472 641 4479 706 4495 756 4487 925 4487 964 4495 1114 4499 1171 4506 1667 4503 1759 4510 1801 4522 1990 4522" 
                    HPOS="501.0"
                    VPOS="4399.0"
                    WIDTH="1487.0"
                    HEIGHT="201.0">
            <Shape><Polygon POINTS="501 4474 553 4416 662 4410 691 4439 806 4428 916 4456 979 4433 1106 4445 1158 4399 1244 4445 1325 4445 1354 4416 1429 4451 1532 4445 1561 4416 1636 4456 1751 4462 1797 4439 1832 4474 1913 4468 1988 4520 1890 4595 1723 4600 1630 4572 1446 4595 1169 4572 835 4589 795 4554 553 4554 507 4508"/></Shape>
	    <String CONTENT="עליו מלמעלה ומלמטה מפני שלא"
                    HPOS="501.0"
                    VPOS="4399.0"
                    WIDTH="1487.0"
                    HEIGHT="201.0"></String>
          </TextLine>

          
          
          <TextLine ID="eSc_line_16990222"
                    
                    BASELINE="491 4598 595 4606 633 4614 756 4610 875 4629 914 4625 1183 4641 1409 4641 1632 4660 1894 4660 1986 4648" 
                    HPOS="489.0"
                    VPOS="4549.0"
                    WIDTH="1493.0"
                    HEIGHT="195.0">
            <Shape><Polygon POINTS="489 4595 553 4549 1094 4595 1175 4577 1527 4600 1619 4577 1653 4606 1930 4589 1982 4646 1913 4744 1296 4733 922 4716 870 4670 812 4716 599 4693 495 4606"/></Shape>
	    <String CONTENT="היה זה מקומו ומה היה ראוי ליכתב [וי&#39;]"
                    HPOS="489.0"
                    VPOS="4549.0"
                    WIDTH="1493.0"
                    HEIGHT="195.0"></String>
          </TextLine>

          
          
          <TextLine ID="eSc_line_47d2ce46"
                    
                    BASELINE="453 4725 595 4741 660 4756 810 4744 849 4756 941 4760 983 4767 1079 4767 1117 4760 1160 4771 1267 4775 1306 4787 1360 4779 1648 4783 1686 4775 1797 4802 1844 4794 1947 4798 2001 4787" 
                    HPOS="449.0"
                    VPOS="4658.0"
                    WIDTH="1550.0"
                    HEIGHT="225.0">
            <Shape><Polygon POINTS="449 4721 524 4658 547 4681 801 4716 881 4675 962 4727 1855 4727 1988 4739 1999 4785 1982 4854 1913 4883 1884 4854 1688 4871 789 4842 553 4796 507 4813 455 4762"/></Shape>
	    <String CONTENT="ויהי העם כמתאוננים ˙ משל הדבר דומה"
                    HPOS="449.0"
                    VPOS="4658.0"
                    WIDTH="1550.0"
                    HEIGHT="225.0"></String>
          </TextLine>

          
          
          <TextLine ID="eSc_line_74f16805"
                    
                    BASELINE="476 4867 537 4867 576 4875 695 4871 852 4890 895 4886 1202 4906 1333 4902 1540 4921 1840 4917 1990 4929" 
                    HPOS="472.0"
                    VPOS="4796.0"
                    WIDTH="1516.0"
                    HEIGHT="213.0">
            <Shape><Polygon POINTS="472 4865 547 4796 628 4831 939 4854 1048 4831 1227 4865 1844 4877 1884 4854 1988 4923 1878 5009 1757 4986 1688 5003 1653 4980 1573 4998 1521 4969 1279 4986 1238 4946 1169 4980 1031 4986 916 4980 870 4952 766 4969 714 4946 656 4957 616 4929 547 4940 478 4871"/></Shape>
	    <String CONTENT="לבני אדם שאמרו למלך הנראה שתגי&#39;"
                    HPOS="472.0"
                    VPOS="4796.0"
                    WIDTH="1516.0"
                    HEIGHT="213.0"></String>
          </TextLine>

          
          
          <TextLine ID="eSc_line_64f32627"
                    
                    BASELINE="507 4986 599 4998 641 4994 787 5009 872 5005 914 5017 1106 5028 1156 5025 1540 5044 1625 5040 1805 5059 1986 5051" 
                    HPOS="501.0"
                    VPOS="4923.0"
                    WIDTH="1481.0"
                    HEIGHT="213.0">
            <Shape><Polygon POINTS="501 4980 610 4923 651 4957 858 4952 893 4980 1025 4992 1164 4986 1233 4940 1285 4992 1751 4986 1780 5009 1918 5003 1982 5050 1901 5136 1774 5107 1734 5136 1607 5107 1394 5119 1360 5090 1325 5113 1256 5119 1227 5096 1135 5119 1077 5067 1020 5113 950 5113 887 5107 847 5061 795 5101 703 5067 616 5084 507 4998"/></Shape>
	    <String CONTENT="עמנו אצל מושל עכו הגיע עכו הלך"
                    HPOS="501.0"
                    VPOS="4923.0"
                    WIDTH="1481.0"
                    HEIGHT="213.0"></String>
          </TextLine>

          
          
          <TextLine ID="eSc_line_16c2c6a7"
                    
                    BASELINE="464 5113 522 5113 560 5121 641 5117 756 5132 841 5132 883 5140 929 5140 968 5155 1098 5147 1206 5159 1244 5170 1336 5163 1467 5163 1505 5170 1663 5182 1836 5182 1974 5170" 
                    HPOS="461.0"
                    VPOS="5044.0"
                    WIDTH="1509.0"
                    HEIGHT="224.0">
            <Shape><Polygon POINTS="461 5107 530 5044 766 5101 841 5061 881 5101 945 5113 1025 5113 1066 5073 1123 5119 1878 5119 1970 5165 1913 5257 1867 5228 1826 5257 1717 5268 1550 5251 1515 5222 1429 5257 1377 5211 1331 5240 1279 5217 1141 5245 1054 5245 1002 5217 685 5222 639 5170 605 5199 553 5170 512 5211 466 5165"/></Shape>
	    <String CONTENT="לו לצור הגיע לצור הלך לו לצידון הגיע"
                    HPOS="461.0"
                    VPOS="5044.0"
                    WIDTH="1509.0"
                    HEIGHT="224.0"></String>
          </TextLine>

          
          
          <TextLine ID="eSc_line_60ee766a"
                    
                    BASELINE="461 5243 664 5259 703 5251 772 5274 860 5270 1037 5289 1751 5320 1886 5320 1990 5309" 
                    HPOS="455.0"
                    VPOS="5194.0"
                    WIDTH="1533.0"
                    HEIGHT="207.0">
            <Shape><Polygon POINTS="455 5240 461 5211 628 5194 766 5234 858 5217 898 5240 1198 5251 1290 5222 1325 5251 1400 5228 1457 5263 1532 5234 1561 5263 1619 5245 1700 5274 1890 5251 1988 5303 1970 5378 1832 5401 1642 5401 1578 5372 1544 5395 1244 5366 1060 5378 1002 5349 927 5372 858 5343 795 5361 645 5320 587 5349 461 5314"/></Shape>
	    <String CONTENT="לצידון הלך לו לאנטוכיא הגיע לאנ&#39;"
                    HPOS="455.0"
                    VPOS="5194.0"
                    WIDTH="1533.0"
                    HEIGHT="207.0"></String>
          </TextLine>

          
        </TextBlock>
        

        
      </PrintSpace>
    </Page>
  </Layout>
</alto>
