<?xml version="1.0" encoding="UTF-8"?>
<alto xmlns:xsi="http://www.w3.org/2001/XMLSchema-instance"
      xmlns="http://www.loc.gov/standards/alto/ns-v4#"
      xsi:schemaLocation="http://www.loc.gov/standards/alto/ns-v4# http://www.loc.gov/standards/alto/v4/alto-4-2.xsd">
  <Description>
    <MeasurementUnit>pixel</MeasurementUnit>
    <sourceImageInformation>
      <fileName>add_ms_16406_f298r.jpg</fileName>
      
    </sourceImageInformation>
  </Description>
  
  <Tags>
    <OtherTag ID="BT1" LABEL="Title" DESCRIPTION="block type Title"/><OtherTag ID="BT2" LABEL="Main" DESCRIPTION="block type Main"/><OtherTag ID="BT3" LABEL="Commentary" DESCRIPTION="block type Commentary"/><OtherTag ID="BT4" LABEL="Illustration" DESCRIPTION="block type Illustration"/><OtherTag ID="BT224" LABEL="Hole" DESCRIPTION="block type Hole"/><OtherTag ID="BT225" LABEL="Margin" DESCRIPTION="block type Margin"/><OtherTag ID="BT226" LABEL="Paratext" DESCRIPTION="block type Paratext"/>
    <OtherTag ID="LT2" LABEL="Numbering" DESCRIPTION="line type Numbering"/><OtherTag ID="LT3" LABEL="Correction" DESCRIPTION="line type Correction"/><OtherTag ID="LT329" LABEL="Gloss" DESCRIPTION="line type Gloss"/>
  </Tags>
  
  <Layout>
    <Page WIDTH="4635"
          HEIGHT="6786"
          PHYSICAL_IMG_NR="595"
          ID="eSc_dummypage_">
      <PrintSpace HPOS="0"
                  VPOS="0"
                  WIDTH="4635"
                  HEIGHT="6786">
        
        <TextBlock HPOS="2738.0"
                   VPOS="644.0"
                   WIDTH="1474.0"
                   HEIGHT="4660.0"
                   ID="eSc_textblock_8a8b9216"
                   TAGREFS="BT2">
          <Shape><Polygon POINTS="4137 5304 4197 5228 4212 5032 4197 693 4137 659 2832 644 2753 723 2738 1100 2738 5274 4137 5304"/></Shape>
          
          
          <TextLine ID="eSc_line_8f4714ec"
                    
                    BASELINE="2783 750 3254 772 3571 780 4202 885" 
                    HPOS="2761.0"
                    VPOS="644.0"
                    WIDTH="1443.0"
                    HEIGHT="345.0">
            <Shape><Polygon POINTS="2778 746 2778 667 3231 644 3237 644 3237 644 3237 644 3242 644 3242 644 3248 644 3248 644 3316 695 3418 655 3418 655 3423 655 3423 655 3429 655 3429 655 3429 655 3435 655 3435 655 3440 655 3440 655 3440 661 3508 718 3780 695 3786 695 3786 695 3786 695 4204 797 4199 882 4165 989 4029 921 3995 944 3989 944 3989 944 3989 944 3984 944 3984 944 3978 944 3978 944 3978 944 3972 944 3972 944 3972 944 3967 944 3916 904 3367 848 3220 876 3186 882 3186 882 3186 882 3180 882 3180 882 2761 819"/></Shape>
	    <String CONTENT="ים ושלמים קדשים קלים מה שלמים [/]"
                    HPOS="2761.0"
                    VPOS="644.0"
                    WIDTH="1443.0"
                    HEIGHT="345.0"></String>
          </TextLine>

          
          
          <TextLine ID="eSc_line_4f75e0e2"
                    
                    BASELINE="2828 885 2930 897 3054 893 3096 901 3228 901 3401 912 3522 908 3752 923 3903 946 4088 1002 4174 1006" 
                    HPOS="2824.0"
                    VPOS="842.0"
                    WIDTH="1346.0"
                    HEIGHT="249.0">
            <Shape><Polygon POINTS="2824 882 3106 842 3355 842 3480 870 3503 853 3537 876 3576 853 3837 899 3916 870 3961 921 4018 910 4046 950 4142 955 4170 1000 4148 1091 4108 1091 3955 1040 3916 995 3814 1023 3763 989 3718 1012 3684 978 3593 1012 3514 944 3372 967 3248 938 3152 989 2965 989 2840 887"/></Shape>
	    <String CONTENT="נאכלים לשני ימים ולילה אחד ˙ אף בכור"
                    HPOS="2824.0"
                    VPOS="842.0"
                    WIDTH="1346.0"
                    HEIGHT="249.0"></String>
          </TextLine>

          
          
          <TextLine ID="eSc_line_ea4b7d4d"
                    
                    BASELINE="2753 1036 2820 1048 3465 1044 3646 1055 3688 1063 3771 1059 3869 1078 3907 1074 4008 1108 4046 1100 4088 1119 4163 1127 4205 1121" 
                    HPOS="2727.0"
                    VPOS="938.0"
                    WIDTH="1477.0"
                    HEIGHT="232.0">
            <Shape><Polygon POINTS="2750 1034 2744 955 2891 938 2891 938 2897 938 2897 938 2903 938 2903 938 2903 938 2908 938 2908 938 2937 961 2971 983 3152 972 3548 944 3554 944 3554 944 3554 944 3559 944 3559 944 3559 944 3565 944 3565 944 3565 950 3605 989 3661 995 3757 1006 3769 1000 3825 972 3825 972 3825 972 3831 972 3831 972 3831 972 3837 972 3837 972 3842 972 3842 972 3938 1006 3967 1023 4199 1023 4204 1119 4193 1170 2727 1114"/></Shape>
	    <String CONTENT="יהא נאכל לשני ימים ולילה ˙ היה ר&#39; יוסי הגלילי"
                    HPOS="2727.0"
                    VPOS="938.0"
                    WIDTH="1477.0"
                    HEIGHT="232.0"></String>
          </TextLine>

          
          
          <TextLine ID="eSc_line_96eae654"
                    
                    BASELINE="2828 1153 3088 1161 3175 1168 3465 1164 3503 1172 3688 1183 3729 1176 3839 1198 3933 1210 3971 1206 4024 1225 4205 1235" 
                    HPOS="2807.0"
                    VPOS="1068.0"
                    WIDTH="1397.0"
                    HEIGHT="221.0">
            <Shape><Polygon POINTS="2824 1147 2818 1102 3101 1068 3101 1068 3106 1068 4204 1159 4204 1232 4187 1289 2807 1221"/></Shape>
	    <String CONTENT="אומ&#39; שבא לשמש את חכמים ˙ אמ&#39; לו ר&#39;"
                    HPOS="2807.0"
                    VPOS="1068.0"
                    WIDTH="1397.0"
                    HEIGHT="221.0"></String>
          </TextLine>

          
          
          <TextLine ID="eSc_line_c0516411"
                    
                    BASELINE="2820 1293 2968 1304 3341 1304 3382 1296 3424 1308 3560 1315 3729 1315 3831 1334 3873 1334 3910 1327 3952 1345 4031 1357 4114 1379 4167 1372 4205 1382" 
                    HPOS="2807.0"
                    VPOS="1210.0"
                    WIDTH="1397.0"
                    HEIGHT="232.0">
            <Shape><Polygon POINTS="2818 1289 2818 1255 3050 1255 3157 1210 3157 1210 3163 1210 3163 1210 3163 1210 3169 1210 3169 1210 3520 1249 3820 1232 3825 1232 3825 1232 3825 1232 3831 1232 3831 1232 3831 1232 3837 1232 3837 1232 3837 1238 3882 1283 4204 1300 4204 1379 4176 1442 3491 1379 3271 1391 3005 1408 2999 1408 2999 1408 2999 1408 2807 1362"/></Shape>
	    <String CONTENT="חטאת מתנה לכהן ובכור מתנה לכהן מה"
                    HPOS="2807.0"
                    VPOS="1210.0"
                    WIDTH="1397.0"
                    HEIGHT="232.0"></String>
          </TextLine>

          
          
          <TextLine ID="eSc_line_2f735a54"
                    
                    BASELINE="2794 1443 2930 1455 3443 1451 3480 1458 3771 1466 3884 1485 3925 1481 4076 1511 4178 1519" 
                    HPOS="2790.0"
                    VPOS="1323.0"
                    WIDTH="1386.0"
                    HEIGHT="277.0">
            <Shape><Polygon POINTS="2790 1442 2801 1374 2852 1323 2914 1385 2942 1357 3033 1413 3429 1402 3497 1357 3531 1379 3576 1368 3616 1408 3706 1413 3763 1385 3797 1419 3837 1385 3876 1419 4136 1481 4176 1515 4153 1589 4035 1600 3848 1526 3786 1549 3752 1515 3695 1538 3571 1498 3491 1515 3469 1492 3395 1538 3299 1515 3180 1549 3106 1498 3056 1532 2908 1543 2795 1447"/></Shape>
	    <String CONTENT="חטאת נאכלת ליום ולילו אף הבכור נאכל"
                    HPOS="2790.0"
                    VPOS="1323.0"
                    WIDTH="1386.0"
                    HEIGHT="277.0"></String>
          </TextLine>

          
          
          <TextLine ID="eSc_line_7e5f7a0e"
                    
                    BASELINE="2817 1594 3243 1594 3405 1606 3661 1602 3888 1621 3925 1617 3975 1632 4167 1639" 
                    HPOS="2812.0"
                    VPOS="1492.0"
                    WIDTH="1353.0"
                    HEIGHT="232.0">
            <Shape><Polygon POINTS="2812 1589 2954 1526 2993 1549 3186 1555 3271 1543 3310 1509 3344 1543 3395 1543 3474 1492 3497 1515 3610 1509 3644 1549 3752 1509 3786 1543 3842 1526 3882 1566 3921 1549 3972 1600 4148 1589 4165 1634 4148 1713 4040 1724 3786 1668 3621 1679 3474 1651 3401 1673 3350 1634 3316 1662 3208 1651 3180 1679 3101 1685 2971 1634 2874 1651 2818 1594"/></Shape>
	    <String CONTENT="ליום ולילו אמ&#39; לו בני אלמוד דבר מדבר"
                    HPOS="2812.0"
                    VPOS="1492.0"
                    WIDTH="1353.0"
                    HEIGHT="232.0"></String>
          </TextLine>

          
          
          <TextLine ID="eSc_line_6873c5d5"
                    
                    BASELINE="2809 1730 3533 1730 3737 1741 3775 1737 3865 1745 3907 1756 3986 1756 4054 1771 4167 1764" 
                    HPOS="2807.0"
                    VPOS="1639.0"
                    WIDTH="1358.0"
                    HEIGHT="221.0">
            <Shape><Polygon POINTS="2807 1724 2948 1639 3112 1685 3316 1673 3355 1639 3406 1679 3480 1656 3791 1673 4165 1758 4148 1826 4097 1860 3769 1815 3735 1786 3701 1809 3610 1809 3588 1786 3542 1809 3503 1770 3435 1803 3254 1781 3191 1809 3152 1781 3084 1781 2982 1820 2863 1786 2812 1736"/></Shape>
	    <String CONTENT="ואדון דבר מדבר ואדון דבר מדבר אלמוד"
                    HPOS="2807.0"
                    VPOS="1639.0"
                    WIDTH="1358.0"
                    HEIGHT="221.0"></String>
          </TextLine>

          
          
          <TextLine ID="eSc_line_ea05f66c"
                    
                    BASELINE="2768 1862 3258 1858 3296 1866 3473 1866 3571 1869 3612 1877 3786 1877 3835 1869 3914 1896 3963 1888 4144 1896" 
                    HPOS="2767.0"
                    VPOS="1770.0"
                    WIDTH="1375.0"
                    HEIGHT="214.0">
            <Shape><Polygon POINTS="2767 1860 2824 1849 2880 1792 2982 1820 3095 1786 3180 1809 3265 1786 3293 1809 3452 1809 3508 1770 3554 1815 3893 1820 4108 1860 4142 1894 4125 1973 4057 1984 3904 1945 3718 1939 3689 1911 3588 1939 3548 1911 3508 1939 3350 1939 3322 1917 3231 1939 3203 1911 3146 1945 3005 1928 2903 1950 2801 1860"/></Shape>
	    <String CONTENT="דבר שהוא קדשים קלים מדבר שהוא [קד&#39;]"
                    HPOS="2767.0"
                    VPOS="1770.0"
                    WIDTH="1375.0"
                    HEIGHT="214.0"></String>
          </TextLine>

          
          
          <TextLine ID="eSc_line_7cae2e83"
                    
                    BASELINE="2783 1986 2839 1998 3518 1994 3741 2005 3778 2016 3869 2009 3907 2013 3956 2005 3993 2020 4039 2028 4182 2020" 
                    HPOS="2778.0"
                    VPOS="1905.0"
                    WIDTH="1398.0"
                    HEIGHT="204.0">
            <Shape><Polygon POINTS="2778 1984 2801 1905 2886 1950 3463 1939 3548 1905 3582 1939 3684 1911 3712 1939 3910 1950 4176 2018 4142 2081 4086 2109 3927 2086 3882 2041 3848 2075 3701 2069 3672 2047 3610 2069 3299 2064 3271 2035 3231 2064 2857 2069 2784 1996"/></Shape>
	    <String CONTENT="קדשים קלים ואל אלמוד דבר שהוא קדשי&#39;"
                    HPOS="2778.0"
                    VPOS="1905.0"
                    WIDTH="1398.0"
                    HEIGHT="204.0"></String>
          </TextLine>

          
          
          <TextLine ID="eSc_line_c1712759"
                    
                    BASELINE="2768 2107 2922 2118 3315 2118 3352 2111 3409 2122 3496 2122 3597 2133 3824 2130 3956 2137 3997 2145 4171 2148" 
                    HPOS="2767.0"
                    VPOS="2052.0"
                    WIDTH="1403.0"
                    HEIGHT="187.0">
            <Shape><Polygon POINTS="2767 2103 2869 2069 3848 2081 3887 2052 3921 2086 4131 2114 4170 2143 4153 2211 4108 2239 4023 2199 3978 2222 3893 2182 3837 2216 3774 2216 3655 2205 3610 2171 3548 2205 3401 2182 3276 2211 3237 2177 3095 2177 3061 2211 3027 2182 2846 2205 2773 2131"/></Shape>
	    <String CONTENT="קדשים קלים מדבר שהוא קדשי קדשים"
                    HPOS="2767.0"
                    VPOS="2052.0"
                    WIDTH="1403.0"
                    HEIGHT="187.0"></String>
          </TextLine>

          
          
          <TextLine ID="eSc_line_ba6e81eb"
                    
                    BASELINE="2768 2258 2968 2269 3699 2265 3899 2284 4156 2280 4205 2287" 
                    HPOS="2756.0"
                    VPOS="2182.0"
                    WIDTH="1448.0"
                    HEIGHT="170.0">
            <Shape><Polygon POINTS="2767 2256 2761 2216 3797 2182 3803 2182 4199 2216 4204 2284 4187 2352 2756 2329"/></Shape>
	    <String CONTENT="אמ&#39; לו אלמוד דבר מדבר ואדון דבר מדבר"
                    HPOS="2756.0"
                    VPOS="2182.0"
                    WIDTH="1448.0"
                    HEIGHT="170.0"></String>
          </TextLine>

          
          
          <TextLine ID="eSc_line_9edeff01"
                    
                    BASELINE="2809 2397 3318 2409 3514 2420 3971 2416 4057 2424 4110 2435 4205 2428" 
                    HPOS="2784.0"
                    VPOS="2324.0"
                    WIDTH="1420.0"
                    HEIGHT="181.0">
            <Shape><Polygon POINTS="2807 2392 2801 2352 3497 2324 3503 2324 3503 2324 3865 2363 4091 2335 4091 2335 4097 2335 4097 2335 4103 2335 4103 2335 4204 2375 4204 2425 4193 2505 3152 2471 3123 2471 2857 2493 2852 2493 2852 2493 2852 2493 2846 2493 2846 2493 2840 2493 2784 2459"/></Shape>
	    <String CONTENT="אלמוד דבר שמתנה לכהן מדבר שהוא"
                    HPOS="2784.0"
                    VPOS="2324.0"
                    WIDTH="1420.0"
                    HEIGHT="181.0"></String>
          </TextLine>

          
          
          <TextLine ID="eSc_line_096d5c3d"
                    
                    BASELINE="2813 2544 3126 2544 3345 2556 3756 2552 3873 2559 3944 2574 3986 2567 4205 2567" 
                    HPOS="2812.0"
                    VPOS="2459.0"
                    WIDTH="1392.0"
                    HEIGHT="187.0">
            <Shape><Polygon POINTS="2812 2539 2948 2493 3350 2505 3480 2499 3531 2471 3559 2499 3655 2499 3701 2459 3735 2493 3887 2510 3984 2465 4029 2510 4204 2561 4142 2646 3820 2640 3752 2629 3706 2589 3644 2629 3610 2589 3565 2629 3457 2595 3418 2618 3384 2589 3344 2629 3288 2595 3225 2629 3191 2595 3157 2623 3106 2612 3027 2640 2976 2595 2931 2635 2824 2539"/></Shape>
	    <String CONTENT="מתנה לכהן ˙ ואל אלמוד דבר שמתנה"
                    HPOS="2812.0"
                    VPOS="2459.0"
                    WIDTH="1392.0"
                    HEIGHT="187.0"></String>
          </TextLine>

          
          
          <TextLine ID="eSc_line_bc9f4b09"
                    
                    BASELINE="2783 2676 3002 2691 4057 2688 4122 2703 4205 2703" 
                    HPOS="2761.0"
                    VPOS="2584.0"
                    WIDTH="1443.0"
                    HEIGHT="215.0">
            <Shape><Polygon POINTS="2778 2674 2778 2635 3005 2635 3129 2584 3129 2584 3135 2584 3135 2584 3140 2584 3140 2584 3146 2584 3282 2618 3339 2584 3344 2584 3344 2584 3350 2584 3350 2584 3350 2584 3355 2584 3355 2584 3355 2584 3361 2584 3474 2618 3735 2584 3735 2584 3740 2584 3740 2584 3746 2584 3746 2584 3746 2584 3752 2584 3752 2584 3803 2629 4199 2635 4204 2697 4204 2759 4120 2793 4120 2793 4114 2793 4114 2793 4114 2799 4108 2793 4108 2793 4103 2793 4103 2793 4023 2765 3537 2765 3486 2793 3480 2793 3480 2793 3480 2793 3474 2793 3474 2793 3474 2799 2863 2799 2857 2793 2857 2793 2852 2793 2852 2793 2761 2759"/></Shape>
	    <String CONTENT="מדבר שמתנה לכל אדם [מ](נ)סתלק ר&#39; טרפון"
                    HPOS="2761.0"
                    VPOS="2584.0"
                    WIDTH="1443.0"
                    HEIGHT="215.0"></String>
          </TextLine>

          
          
          <TextLine ID="eSc_line_5192d11d"
                    
                    BASELINE="2828 2812 3303 2808 3341 2816 3748 2827 4205 2827" 
                    HPOS="2812.0"
                    VPOS="2765.0"
                    WIDTH="1392.0"
                    HEIGHT="152.0">
            <Shape><Polygon POINTS="2824 2810 2824 2765 4199 2765 4204 2821 4193 2917 2812 2895"/></Shape>
	    <String CONTENT="וקפץ ר&#39; עקיבא ואמ&#39; לו בני כך אני דורש"
                    HPOS="2812.0"
                    VPOS="2765.0"
                    WIDTH="1392.0"
                    HEIGHT="152.0"></String>
          </TextLine>

          
          
          <TextLine ID="eSc_line_0cd5c8f5"
                    
                    BASELINE="2730 2944 2790 2940 2832 2951 2922 2944 3786 2944 3824 2951 3967 2955 4005 2963 4205 2956" 
                    HPOS="2722.0"
                    VPOS="2867.0"
                    WIDTH="1482.0"
                    HEIGHT="175.0">
            <Shape><Polygon POINTS="2727 2940 2722 2901 3429 2867 3435 2867 4199 2895 4204 2951 4193 3042 2722 3031"/></Shape>
	    <String CONTENT="ובשרם יהיה לך בא הכת&#39; והקיש את הבכור"
                    HPOS="2722.0"
                    VPOS="2867.0"
                    WIDTH="1482.0"
                    HEIGHT="175.0"></String>
          </TextLine>

          
          
          <TextLine ID="eSc_line_7cd5c423"
                    
                    BASELINE="2828 3072 2885 3065 3273 3065 3318 3072 3571 3076 3612 3083 4205 3083" 
                    HPOS="2824.0"
                    VPOS="3019.0"
                    WIDTH="1380.0"
                    HEIGHT="164.0">
            <Shape><Polygon POINTS="2824 3070 2824 3019 4199 3019 4204 3081 4199 3183 2824 3183"/></Shape>
	    <String CONTENT="לחזה ושוק של שלמים מה חזה ושוק"
                    HPOS="2824.0"
                    VPOS="3019.0"
                    WIDTH="1380.0"
                    HEIGHT="164.0"></String>
          </TextLine>

          
          
          <TextLine ID="eSc_line_437c47d8"
                    
                    BASELINE="2832 3196 3133 3204 3171 3196 3216 3208 3635 3212 3714 3219 4205 3219" 
                    HPOS="2829.0"
                    VPOS="3115.0"
                    WIDTH="1375.0"
                    HEIGHT="187.0">
            <Shape><Polygon POINTS="2829 3195 2897 3161 3039 3172 3123 3115 3169 3161 3242 3172 3497 3166 3548 3121 3593 3166 3667 3132 3695 3155 3989 3144 4018 3166 4086 3138 4182 3178 4204 3217 4159 3291 4074 3274 3723 3296 3667 3274 3599 3302 3548 3262 3503 3302 3452 3268 3355 3302 3310 3262 3259 3302 3197 3302 3129 3251 3039 3296 2999 3268 2931 3302 2835 3229"/></Shape>
	    <String CONTENT="של שלמים נאכלים לשני ימים ולילה"
                    HPOS="2829.0"
                    VPOS="3115.0"
                    WIDTH="1375.0"
                    HEIGHT="187.0"></String>
          </TextLine>

          
          
          <TextLine ID="eSc_line_829f36ae"
                    
                    BASELINE="2828 3340 2968 3336 3013 3343 3322 3347 3635 3347 3967 3336 4205 3340" 
                    HPOS="2812.0"
                    VPOS="3285.0"
                    WIDTH="1392.0"
                    HEIGHT="170.0">
            <Shape><Polygon POINTS="2824 3336 2812 3291 4193 3285 4204 3336 4193 3409 3984 3449 3984 3449 3978 3449 3978 3449 3633 3421 3565 3455 3565 3455 3565 3455 3559 3455 3559 3455 3559 3455 3554 3455 3039 3421 3016 3421 3010 3421 2897 3455 2891 3455 2891 3455 2891 3455 2886 3455 2886 3455 2880 3455 2880 3455 2880 3455 2812 3421"/></Shape>
	    <String CONTENT="אחד אף הבכור יהו נאכלין לשני ימים"
                    HPOS="2812.0"
                    VPOS="3285.0"
                    WIDTH="1392.0"
                    HEIGHT="170.0"></String>
          </TextLine>

          
          
          <TextLine ID="eSc_line_5107a86d"
                    
                    BASELINE="2802 3475 3518 3483 3756 3479 3797 3472 4205 3472" 
                    HPOS="2784.0"
                    VPOS="3381.0"
                    WIDTH="1432.0"
                    HEIGHT="215.0">
            <Shape><Polygon POINTS="2801 3472 2801 3426 2959 3426 2959 3421 2999 3387 2999 3381 2999 3381 3005 3381 3005 3381 3005 3381 3010 3381 3010 3381 3010 3381 3016 3381 3016 3381 3022 3381 3022 3381 3135 3421 3146 3432 3537 3432 3548 3421 3616 3387 3616 3387 3616 3387 3621 3387 3621 3387 3627 3387 3627 3387 3876 3415 4148 3387 4148 3387 4153 3387 4153 3387 4159 3387 4159 3387 4159 3387 4165 3387 4216 3421 4204 3466 4199 3556 3146 3596 3140 3596 3140 3596 3135 3596 3135 3596 3135 3596 3129 3596 3129 3596 3084 3562 2869 3590 2869 3590 2863 3590 2863 3590 2863 3590 2857 3590 2857 3590 2857 3590 2784 3551"/></Shape>
	    <String CONTENT="ולילה אחד אמ&#39; לו ר&#39; אתה מקישו לחזה"
                    HPOS="2784.0"
                    VPOS="3381.0"
                    WIDTH="1432.0"
                    HEIGHT="215.0"></String>
          </TextLine>

          
          
          <TextLine ID="eSc_line_2df74032"
                    
                    BASELINE="2802 3611 3477 3607 4193 3611 4205 3609" 
                    HPOS="2784.0"
                    VPOS="3551.0"
                    WIDTH="1420.0"
                    HEIGHT="169.0">
            <Shape><Polygon POINTS="2801 3607 2795 3556 4193 3551 4204 3607 4199 3698 3022 3720 3016 3720 3016 3720 3010 3720 3010 3720 3010 3720 3005 3720 3005 3720 3005 3715 2971 3687 2897 3715 2897 3715 2891 3715 2891 3715 2886 3715 2886 3715 2886 3715 2880 3715 2784 3681"/></Shape>
	    <String CONTENT="ושוק של תודה מה חזה ושוק של תודה"
                    HPOS="2784.0"
                    VPOS="3551.0"
                    WIDTH="1420.0"
                    HEIGHT="169.0"></String>
          </TextLine>

          
          
          <TextLine ID="eSc_line_21580a08"
                    
                    BASELINE="2798 3732 3605 3739 3959 3728 4205 3732" 
                    HPOS="2778.0"
                    VPOS="3647.0"
                    WIDTH="1426.0"
                    HEIGHT="215.0">
            <Shape><Polygon POINTS="2795 3726 2784 3687 2931 3647 2937 3647 2937 3647 2942 3647 2942 3647 2948 3647 2948 3647 2948 3647 3022 3681 3022 3681 4199 3675 4204 3726 4199 3805 3542 3811 3497 3851 3497 3856 3491 3856 3491 3856 3491 3856 3486 3856 3486 3856 3486 3862 3293 3862 3288 3856 2908 3851 2908 3851 2908 3851 2903 3851 2903 3851 2778 3800"/></Shape>
	    <String CONTENT="נאכל ליום ולילה אף הבכור יהוא נאכלים"
                    HPOS="2778.0"
                    VPOS="3647.0"
                    WIDTH="1426.0"
                    HEIGHT="215.0"></String>
          </TextLine>

          
          
          <TextLine ID="eSc_line_71a3d64f"
                    
                    BASELINE="2738 3860 3367 3875 3654 3871 3692 3864 4205 3868" 
                    HPOS="2710.0"
                    VPOS="3777.0"
                    WIDTH="1494.0"
                    HEIGHT="209.0">
            <Shape><Polygon POINTS="2733 3856 2733 3817 3395 3822 3486 3794 3548 3777 3554 3777 3554 3777 3554 3777 3559 3777 3559 3777 3565 3777 3565 3777 3565 3777 3571 3777 3571 3777 3571 3783 3588 3794 3610 3817 3672 3794 3712 3777 3712 3777 3718 3777 3718 3777 3723 3777 3723 3777 3723 3777 3729 3777 3774 3788 3882 3822 3921 3788 3921 3788 3921 3783 3927 3783 3927 3783 3927 3783 3933 3783 3933 3783 3938 3783 4204 3783 4204 3862 4199 3947 3791 3986 3791 3986 3786 3986 3786 3986 3542 3947 3474 3981 3474 3981 3474 3981 3469 3981 3469 3981 3469 3986 3248 3986 3242 3981 3242 3981 3237 3981 3237 3981 3237 3981 3231 3981 3231 3981 3186 3941 3118 3975 3118 3975 3118 3975 3112 3975 3112 3975 3112 3981 2840 3981 2835 3975 2835 3975 2829 3975 2829 3975 2710 3930"/></Shape>
	    <String CONTENT="ליום ולילה אמ&#39; לו בני לכך אני דורש ובשרם"
                    HPOS="2710.0"
                    VPOS="3777.0"
                    WIDTH="1494.0"
                    HEIGHT="209.0"></String>
          </TextLine>

          
          
          <TextLine ID="eSc_line_14061092"
                    
                    BASELINE="2790 3992 2941 4003 3850 4003 4031 3984 4205 3984" 
                    HPOS="2778.0"
                    VPOS="3907.0"
                    WIDTH="1426.0"
                    HEIGHT="209.0">
            <Shape><Polygon POINTS="2784 3986 2778 3947 3090 3947 3123 3913 3123 3907 3123 3907 3129 3907 3129 3907 3129 3907 3135 3907 3135 3907 3140 3907 3140 3907 3140 3907 3146 3907 3254 3947 3429 3947 3486 3907 3491 3907 3491 3907 3491 3907 3497 3907 3497 3907 3497 3907 3503 3907 3503 3907 3718 3941 4063 3907 4063 3907 4069 3907 4069 3907 4074 3907 4204 3947 4204 3981 4199 4088 3486 4111 3480 4111 3480 4111 3474 4111 3474 4111 3474 4111 3469 4111 3469 4111 3469 4105 3463 4105 3440 4082 2976 4082 2778 4116"/></Shape>
	    <String CONTENT="יהיה לך וגו&#39; שאין ת&#39;ל&#39; לך יהיה אלא ריבה"
                    HPOS="2778.0"
                    VPOS="3907.0"
                    WIDTH="1426.0"
                    HEIGHT="209.0"></String>
          </TextLine>

          
          
          <TextLine ID="eSc_line_7168f95a"
                    
                    BASELINE="2798 4135 3171 4135 3307 4143 4012 4135 4107 4143 4189 4124 4205 4126" 
                    HPOS="2784.0"
                    VPOS="4054.0"
                    WIDTH="1420.0"
                    HEIGHT="209.0">
            <Shape><Polygon POINTS="2795 4133 2784 4088 2993 4054 2993 4054 2999 4054 3237 4054 3237 4054 3237 4054 3242 4054 3242 4054 3242 4054 3248 4054 3248 4054 3248 4060 3271 4077 3276 4082 4193 4065 4204 4122 4199 4207 3593 4258 3593 4263 2999 4263 2993 4258 2993 4258 2790 4218"/></Shape>
	    <String CONTENT="בו הכת&#39; הויה אחת שיהא נאכלים לשני [/]"
                    HPOS="2784.0"
                    VPOS="4054.0"
                    WIDTH="1420.0"
                    HEIGHT="209.0"></String>
          </TextLine>

          
          
          <TextLine ID="eSc_line_79c21e75"
                    
                    BASELINE="2768 4278 2915 4271 3880 4275 3925 4267 4174 4256 4205 4260" 
                    HPOS="2756.0"
                    VPOS="4190.0"
                    WIDTH="1448.0"
                    HEIGHT="170.0">
            <Shape><Polygon POINTS="2767 4275 2756 4229 2891 4196 2891 4196 2891 4196 2897 4196 3378 4212 3689 4218 4193 4190 4204 4258 4182 4360 2761 4348"/></Shape>
	    <String CONTENT="ימים ולילה אחד ˙ ר&#39; ישמעﭏ אומ&#39; וכי תודה"
                    HPOS="2756.0"
                    VPOS="4190.0"
                    WIDTH="1448.0"
                    HEIGHT="170.0"></String>
          </TextLine>

          
          
          <TextLine ID="eSc_line_33b54275"
                    
                    BASELINE="2820 4399 2975 4410 3831 4407 3880 4414 3925 4403 4024 4399 4065 4392 4205 4392" 
                    HPOS="2807.0"
                    VPOS="4320.0"
                    WIDTH="1397.0"
                    HEIGHT="158.0">
            <Shape><Polygon POINTS="2818 4393 2812 4360 3050 4320 3050 4320 3056 4320 3056 4320 3061 4320 3061 4320 3140 4348 3157 4360 3440 4360 3463 4343 3491 4320 3497 4320 3497 4320 3497 4320 3503 4320 3503 4320 3503 4320 3508 4320 3508 4320 3514 4320 3599 4343 3650 4354 3701 4337 3763 4320 3769 4320 3769 4320 3769 4320 3774 4320 3774 4320 3780 4320 3780 4320 3825 4337 3859 4348 4193 4331 4204 4388 4193 4478 2807 4473"/></Shape>
	    <String CONTENT="מאין לימדה לא משלמים ודבר הלמד"
                    HPOS="2807.0"
                    VPOS="4320.0"
                    WIDTH="1397.0"
                    HEIGHT="158.0"></String>
          </TextLine>

          
          
          <TextLine ID="eSc_line_f82725b6"
                    
                    BASELINE="2802 4524 3220 4539 3484 4539 3707 4535 3793 4527 3959 4531 4182 4512 4205 4515" 
                    HPOS="2790.0"
                    VPOS="4439.0"
                    WIDTH="1414.0"
                    HEIGHT="192.0">
            <Shape><Polygon POINTS="2801 4524 2795 4439 2959 4439 2959 4439 2959 4439 2965 4439 2965 4439 2965 4439 2971 4439 2971 4439 2971 4439 3010 4473 3174 4444 3197 4444 3197 4444 3203 4444 3203 4444 3265 4450 3565 4473 3582 4456 3599 4444 3599 4439 3599 4439 3605 4439 3605 4439 3605 4439 3610 4439 3610 4439 3610 4439 3616 4439 4199 4473 4204 4512 4187 4597 4035 4631 4035 4631 4029 4631 2790 4603"/></Shape>
	    <String CONTENT="ממקום אחר אתה למד ממנו הלמד או על"
                    HPOS="2790.0"
                    VPOS="4439.0"
                    WIDTH="1414.0"
                    HEIGHT="192.0"></String>
          </TextLine>

          
          
          <TextLine ID="eSc_line_a7036526"
                    
                    BASELINE="2798 4655 2866 4667 2903 4659 2949 4671 3413 4674 3612 4671 3692 4663 3910 4663 3997 4655 4035 4644 4156 4652 4205 4645" 
                    HPOS="2784.0"
                    VPOS="4580.0"
                    WIDTH="1420.0"
                    HEIGHT="198.0">
            <Shape><Polygon POINTS="2795 4654 2795 4620 3242 4620 3259 4614 3305 4580 3310 4580 3310 4580 3310 4580 3316 4580 3316 4580 3322 4580 3322 4580 3322 4580 3327 4580 3327 4580 3327 4580 3384 4614 3406 4625 3503 4625 3514 4608 3542 4586 3542 4580 3542 4580 3548 4580 3548 4580 3548 4580 3554 4580 3554 4580 3554 4580 3559 4580 3559 4580 3565 4580 3565 4580 3638 4608 3678 4580 3684 4580 3684 4580 3684 4580 3689 4580 3689 4580 3689 4580 3695 4580 3695 4580 3701 4580 3701 4580 3780 4608 3780 4608 3780 4608 3837 4580 3837 4580 3837 4580 3842 4580 3842 4580 3842 4580 3848 4580 4199 4608 4204 4642 4199 4733 3910 4733 3904 4733 3746 4778 3740 4778 3740 4778 3740 4778 3735 4778 3339 4744 3305 4772 3305 4772 3299 4772 3299 4772 3299 4772 3293 4772 3293 4772 3293 4772 2942 4778 2937 4778 2937 4778 2931 4778 2931 4778 2931 4778 2925 4778 2857 4733 2846 4727 2784 4733"/></Shape>
	    <String CONTENT="הלמד הא אין עליך לומר כלשון אחרון [/]"
                    HPOS="2784.0"
                    VPOS="4580.0"
                    WIDTH="1420.0"
                    HEIGHT="198.0"></String>
          </TextLine>

          
          
          <TextLine ID="eSc_line_acc97a51"
                    
                    BASELINE="2798 4806 2854 4799 2934 4799 3111 4806 3635 4806 3718 4799 3797 4802 4027 4784 4189 4787 4205 4784" 
                    HPOS="2778.0"
                    VPOS="4710.0"
                    WIDTH="1432.0"
                    HEIGHT="204.0">
            <Shape><Polygon POINTS="2795 4801 2778 4767 2903 4733 2908 4733 2908 4733 2914 4733 2914 4733 2914 4733 3056 4755 3101 4721 3106 4721 3106 4721 3106 4721 3112 4721 3112 4721 3112 4721 3118 4721 3118 4721 3123 4721 3123 4721 3123 4721 3129 4721 3186 4755 3197 4761 3893 4755 3921 4744 4006 4710 4006 4710 4012 4710 4012 4710 4018 4710 4018 4710 4199 4738 4204 4778 4210 4863 4029 4863 4023 4863 3972 4908 3972 4908 3967 4908 3967 4908 3967 4908 3961 4908 3961 4908 3961 4908 3101 4914 3095 4914 3095 4914 3090 4914 3090 4914 2976 4874 2971 4874 2795 4874"/></Shape>
	    <String CONTENT="או כלשון ראשון ובשרם יהיה לך בא"
                    HPOS="2778.0"
                    VPOS="4710.0"
                    WIDTH="1432.0"
                    HEIGHT="204.0"></String>
          </TextLine>

          
          
          <TextLine ID="eSc_line_b56b65d6"
                    
                    BASELINE="2753 4927 2949 4927 3039 4931 3077 4938 3612 4934 3699 4942 3741 4931 3869 4927 3918 4919 4046 4923 4205 4902" 
                    HPOS="2733.0"
                    VPOS="4835.0"
                    WIDTH="1477.0"
                    HEIGHT="197.0">
            <Shape><Polygon POINTS="2750 4925 2733 4897 2812 4851 2812 4851 2812 4851 2818 4851 2818 4851 2818 4851 2824 4851 3259 4874 3463 4885 3480 4868 3491 4851 3497 4851 3497 4846 3497 4846 3503 4846 3503 4846 3508 4846 3508 4846 3508 4846 3514 4846 3514 4846 3520 4846 3520 4846 3520 4846 3559 4863 3593 4885 3825 4885 3944 4846 3995 4835 4001 4835 4001 4835 4006 4835 4199 4840 4204 4897 4210 4982 3480 5032 3474 5032 2744 4999"/></Shape>
	    <String CONTENT="הכת&#39; והקיש הבכור לחזה ושוק של [שלמ&#39;]"
                    HPOS="2733.0"
                    VPOS="4835.0"
                    WIDTH="1477.0"
                    HEIGHT="197.0"></String>
          </TextLine>

          
          
          <TextLine ID="eSc_line_2c6aaedc"
                    
                    BASELINE="2790 5063 2847 5055 2986 5074 3594 5074 3895 5055 3986 5063 4065 5040 4144 5044 4205 5036" 
                    HPOS="2778.0"
                    VPOS="4976.0"
                    WIDTH="1426.0"
                    HEIGHT="220.0">
            <Shape><Polygon POINTS="2784 5061 2778 4987 3129 5021 3191 4982 3197 4976 3203 4976 3203 4976 3203 4976 3208 4976 3208 4976 3214 4976 3361 4976 3361 4976 3361 4976 3367 4976 3367 4976 3367 4976 3372 4976 3378 4982 3435 5015 4193 4982 4204 5032 4199 5123 3293 5196 3288 5196 3288 5196 2778 5134"/></Shape>
	    <String CONTENT="שלמים מה חזה ושוק של שלמים נאכל"
                    HPOS="2778.0"
                    VPOS="4976.0"
                    WIDTH="1426.0"
                    HEIGHT="220.0"></String>
          </TextLine>

          
          
          <TextLine ID="eSc_line_1ced6f28"
                    
                    BASELINE="2745 5198 2854 5210 3831 5210 4008 5195 4137 5198 4178 5176 4205 5172" 
                    HPOS="2727.0"
                    VPOS="5100.0"
                    WIDTH="1489.0"
                    HEIGHT="283.0">
            <Shape><Polygon POINTS="2744 5196 2727 5157 2880 5100 2880 5100 2886 5100 2886 5100 2891 5100 2891 5100 2891 5100 2897 5100 2897 5100 2993 5140 3061 5106 3061 5106 3061 5106 3067 5106 3067 5106 3073 5106 3073 5106 3073 5106 3078 5106 3078 5106 3084 5106 3084 5106 3084 5112 3123 5140 3135 5151 4187 5106 4204 5168 4216 5332 4120 5377 4120 5377 4114 5377 4114 5377 4114 5383 3927 5383 3921 5377 3921 5377 3916 5377 3916 5377 3916 5377 3910 5377 3910 5377 3870 5343 3559 5372 3559 5372 3554 5372 3554 5372 3548 5372 3548 5372 3474 5343 3163 5377 3163 5377 3157 5377 3157 5377 3152 5377 3152 5377 3152 5377 3146 5377 3146 5377 3084 5332 3084 5332 2739 5332"/></Shape>
	    <String CONTENT="לשני ימים ולילה אחד [או אינו אלא לאם]"
                    HPOS="2727.0"
                    VPOS="5100.0"
                    WIDTH="1489.0"
                    HEIGHT="283.0"></String>
          </TextLine>

          
        </TextBlock>
        
        <TextBlock HPOS="901.0"
                   VPOS="674.0"
                   WIDTH="1535.0"
                   HEIGHT="4615.0"
                   ID="eSc_textblock_f26c3904"
                   TAGREFS="BT2">
          <Shape><Polygon POINTS="2436 5289 2436 708 950 674 916 708 901 1281 901 5274 2436 5289"/></Shape>
          
          
          <TextLine ID="eSc_line_97ea002c"
                    
                    BASELINE="931 840 1157 867 1372 859 1553 844 1991 833 2437 826" 
                    HPOS="916.0"
                    VPOS="735.0"
                    WIDTH="1517.0"
                    HEIGHT="226.0">
            <Shape><Polygon POINTS="928 836 916 774 2422 735 2433 825 2422 933 1992 916 1833 933 1641 955 1641 955 1635 955 1635 955 1629 955 1629 955 1573 933 1539 921 1414 933 1097 961 1097 961 1092 961 1092 961 916 927"/></Shape>
	    <String CONTENT="אף הבכור נאכל לשני ימים ולילה אחד ˙ ˙"
                    HPOS="916.0"
                    VPOS="735.0"
                    WIDTH="1517.0"
                    HEIGHT="226.0"></String>
          </TextLine>

          
          
          <TextLine ID="eSc_line_5ef0b12d"
                    
                    BASELINE="961 991 1602 983 1651 991 1693 980 1878 968 2036 972 2074 965 2228 957 2437 951" 
                    HPOS="945.0"
                    VPOS="882.0"
                    WIDTH="1488.0"
                    HEIGHT="215.0">
            <Shape><Polygon POINTS="956 989 945 938 1324 933 1329 927 1352 904 1352 899 1352 899 1358 899 1358 899 1358 899 1363 899 1363 899 1363 899 1369 899 1369 899 1375 899 1375 899 1437 921 1448 927 1460 921 1499 893 1505 893 1505 893 1505 893 1511 893 1511 893 1516 893 1516 893 1516 893 1522 893 1601 916 1618 921 1686 916 2009 882 2009 882 2014 882 2427 899 2433 950 2427 1034 1748 1085 1743 1085 1743 1085 1743 1085 1737 1085 1641 1057 1641 1057 1635 1057 1216 1097 1211 1097 1211 1097 950 1068"/></Shape>
	    <String CONTENT="ד&#39;א&#39; אין תלמ&#39; לומ&#39; יהיה אלא להביא את"
                    HPOS="945.0"
                    VPOS="882.0"
                    WIDTH="1488.0"
                    HEIGHT="215.0"></String>
          </TextLine>

          
          
          <TextLine ID="eSc_line_4439bfc1"
                    
                    BASELINE="946 1108 1010 1127 1055 1119 1263 1123 1308 1115 1527 1112 1606 1104 1742 1108 1783 1100 1964 1097 2002 1089 2372 1093 2437 1086" 
                    HPOS="916.0"
                    VPOS="1023.0"
                    WIDTH="1517.0"
                    HEIGHT="187.0">
            <Shape><Polygon POINTS="945 1102 939 1051 2422 1023 2433 1085 2427 1170 1035 1210 1030 1210 1030 1210 1024 1210 1024 1210 916 1170"/></Shape>
	    <String CONTENT="בכור בעל מום שמתנה לכהן שלא שמענו"
                    HPOS="916.0"
                    VPOS="1023.0"
                    WIDTH="1517.0"
                    HEIGHT="187.0"></String>
          </TextLine>

          
          
          <TextLine ID="eSc_line_fa106212"
                    
                    BASELINE="969 1232 1071 1244 1255 1244 1715 1232 1761 1225 1930 1229 2255 1210 2417 1210 2437 1212" 
                    HPOS="956.0"
                    VPOS="1125.0"
                    WIDTH="1477.0"
                    HEIGHT="198.0">
            <Shape><Polygon POINTS="967 1227 956 1193 1182 1153 1182 1153 1188 1153 1561 1176 1578 1176 1584 1176 1618 1142 1618 1142 1618 1142 1624 1142 1624 1142 1629 1142 1629 1142 1629 1142 1635 1142 2201 1159 2297 1125 2297 1125 2303 1125 2303 1125 2309 1125 2309 1125 2309 1125 2314 1125 2433 1159 2433 1210 2416 1317 962 1323"/></Shape>
	    <String CONTENT="בכל התורה ˙ ˙ ר&#39; אלעז&#39; לשני ימים ולילה"
                    HPOS="956.0"
                    VPOS="1125.0"
                    WIDTH="1477.0"
                    HEIGHT="198.0"></String>
          </TextLine>

          
          
          <TextLine ID="eSc_line_65ad1aa1"
                    
                    BASELINE="980 1383 1451 1383 1583 1376 1753 1379 1866 1368 2096 1360 2437 1364" 
                    HPOS="967.0"
                    VPOS="1294.0"
                    WIDTH="1466.0"
                    HEIGHT="153.0">
            <Shape><Polygon POINTS="979 1379 967 1323 2422 1294 2433 1362 2422 1436 979 1447"/></Shape>
	    <String CONTENT="אחד ˙ אתה אומ&#39; לשני ימים ולילה אחד"
                    HPOS="967.0"
                    VPOS="1294.0"
                    WIDTH="1466.0"
                    HEIGHT="153.0"></String>
          </TextLine>

          
          
          <TextLine ID="eSc_line_dba08326"
                    
                    BASELINE="961 1534 1071 1526 1282 1526 1369 1534 1410 1523 1798 1511 1893 1515 1934 1508 2127 1504 2206 1496 2437 1500" 
                    HPOS="945.0"
                    VPOS="1413.0"
                    WIDTH="1488.0"
                    HEIGHT="193.0">
            <Shape><Polygon POINTS="956 1532 945 1470 1584 1419 1590 1419 1590 1419 1590 1419 1748 1453 1754 1453 1754 1453 1963 1413 1963 1413 1963 1413 1969 1413 1969 1413 1975 1413 1975 1413 2065 1447 2065 1447 2422 1447 2433 1498 2422 1572 956 1606"/></Shape>
	    <String CONTENT="או אינו אלא ליום ולילה ת&#39;ל&#39; לפני ייי ﭏקיך"
                    HPOS="945.0"
                    VPOS="1413.0"
                    WIDTH="1488.0"
                    HEIGHT="193.0"></String>
          </TextLine>

          
          
          <TextLine ID="eSc_line_ce4be192"
                    
                    BASELINE="886 1666 1636 1666 1798 1655 1949 1655 1991 1647 2406 1651 2437 1641" 
                    HPOS="871.0"
                    VPOS="1572.0"
                    WIDTH="1568.0"
                    HEIGHT="198.0">
            <Shape><Polygon POINTS="882 1662 877 1606 1052 1606 1052 1600 1080 1577 1080 1572 1080 1572 1086 1572 1086 1572 1086 1572 1092 1572 1092 1572 1097 1572 1097 1572 1097 1572 1233 1600 1256 1600 2422 1583 2433 1639 2439 1747 996 1770 990 1770 990 1770 984 1770 871 1736"/></Shape>
	    <String CONTENT="תאכלנו שנה בשנה מלמד שנאכלין לשני"
                    HPOS="871.0"
                    VPOS="1572.0"
                    WIDTH="1568.0"
                    HEIGHT="198.0"></String>
          </TextLine>

          
          
          <TextLine ID="eSc_line_5994889b"
                    
                    BASELINE="931 1786 1399 1794 1912 1790 2089 1783 2437 1783" 
                    HPOS="905.0"
                    VPOS="1713.0"
                    WIDTH="1528.0"
                    HEIGHT="187.0">
            <Shape><Polygon POINTS="928 1781 922 1736 2422 1713 2433 1781 2427 1860 984 1900 979 1900 979 1900 973 1900 973 1900 973 1900 967 1900 905 1860"/></Shape>
	    <String CONTENT="ימים ולילה אחד כל תרומת הקדשים יש [פ&#39;]"
                    HPOS="905.0"
                    VPOS="1713.0"
                    WIDTH="1528.0"
                    HEIGHT="187.0"></String>
          </TextLine>

          
          
          <TextLine ID="eSc_line_473be2f3"
                    
                    BASELINE="923 1907 1489 1915 1708 1911 1746 1903 2437 1903" 
                    HPOS="905.0"
                    VPOS="1832.0"
                    WIDTH="1528.0"
                    HEIGHT="186.0">
            <Shape><Polygon POINTS="922 1905 916 1866 2422 1832 2433 1900 2422 1996 2173 1979 2105 1996 2031 2013 2026 2013 2026 2013 2020 2013 2020 2013 2020 2013 1918 1990 1867 1979 1856 1990 1833 2007 1833 2013 1833 2013 1827 2013 1827 2013 1827 2013 1822 2013 1822 2013 1822 2018 1539 2018 1533 2013 1533 2013 1528 2013 1528 2013 1528 2013 1522 2013 1522 2013 1522 2007 1494 1984 1488 1979 1380 1979 1375 1984 1346 2007 1346 2013 1346 2013 1341 2013 1341 2013 1341 2013 1335 2013 1335 2013 1329 2013 1329 2013 1329 2013 1177 1984 1075 2013 1069 2013 1069 2013 1069 2013 1063 2013 1063 2013 1058 2013 905 1973"/></Shape>
	    <String CONTENT="פרשה שכולל בתחילתה ופורש בסוף פורט"
                    HPOS="905.0"
                    VPOS="1832.0"
                    WIDTH="1528.0"
                    HEIGHT="186.0"></String>
          </TextLine>

          
          
          <TextLine ID="eSc_line_5f2b3162"
                    
                    BASELINE="931 2035 991 2035 1029 2043 1802 2043 1840 2035 2402 2024 2437 2036" 
                    HPOS="916.0"
                    VPOS="1945.0"
                    WIDTH="1517.0"
                    HEIGHT="175.0">
            <Shape><Polygon POINTS="928 2030 916 1990 1160 1950 1160 1950 1165 1950 1165 1950 1171 1950 1171 1950 1267 1984 1392 1950 1397 1950 1397 1950 1403 1950 1403 1950 1771 1984 1794 1984 1799 1984 1839 1950 1839 1945 1839 1945 1844 1945 1844 1945 1850 1945 1850 1945 1850 1945 1856 1945 2427 1984 2433 2035 2399 2120 922 2114"/></Shape>
	    <String CONTENT="בתחילתה וכולל בסוף זו כוללה בתחילתה"
                    HPOS="916.0"
                    VPOS="1945.0"
                    WIDTH="1517.0"
                    HEIGHT="175.0"></String>
          </TextLine>

          
          
          <TextLine ID="eSc_line_a53cee43"
                    
                    BASELINE="969 2160 1142 2160 1187 2167 1659 2167 1700 2156 1795 2163 2349 2160 2437 2165" 
                    HPOS="956.0"
                    VPOS="2081.0"
                    WIDTH="1477.0"
                    HEIGHT="175.0">
            <Shape><Polygon POINTS="967 2154 956 2114 1160 2081 1160 2081 1165 2081 1165 2081 1171 2081 1171 2081 1256 2109 1499 2081 1499 2081 1505 2081 1505 2081 1505 2081 1646 2109 2184 2081 2190 2081 2190 2081 2427 2114 2433 2160 2422 2250 967 2256"/></Shape>
	    <String CONTENT="וכוללה בסוף ˙ ˙ נתתי לך ולבניך אתך לחק"
                    HPOS="956.0"
                    VPOS="2081.0"
                    WIDTH="1477.0"
                    HEIGHT="175.0"></String>
          </TextLine>

          
          
          <TextLine ID="eSc_line_46d1c15c"
                    
                    BASELINE="923 2307 1048 2307 1123 2314 2437 2314" 
                    HPOS="911.0"
                    VPOS="2222.0"
                    WIDTH="1522.0"
                    HEIGHT="181.0">
            <Shape><Polygon POINTS="922 2301 916 2256 1097 2222 1097 2222 1103 2222 1103 2222 1103 2222 1109 2222 1222 2250 1222 2256 1561 2256 1567 2250 1607 2222 1612 2222 1612 2222 1612 2222 1618 2222 1618 2222 1624 2222 2427 2250 2433 2312 2422 2403 911 2380"/></Shape>
	    <String CONTENT="עולם שינהוג הדבר לדורות ברית מלח"
                    HPOS="911.0"
                    VPOS="2222.0"
                    WIDTH="1522.0"
                    HEIGHT="181.0"></String>
          </TextLine>

          
          
          <TextLine ID="eSc_line_eab0fab0"
                    
                    BASELINE="946 2435 1221 2442 1267 2454 1312 2446 2428 2446 2437 2447" 
                    HPOS="933.0"
                    VPOS="2358.0"
                    WIDTH="1500.0"
                    HEIGHT="181.0">
            <Shape><Polygon POINTS="945 2431 945 2358 2427 2363 2433 2442 2422 2539 933 2527"/></Shape>
	    <String CONTENT="ברית הכת&#39; ברית עם אהרן לך ולזרעך אתך"
                    HPOS="933.0"
                    VPOS="2358.0"
                    WIDTH="1500.0"
                    HEIGHT="181.0"></String>
          </TextLine>

          
          
          <TextLine ID="eSc_line_7b9df447"
                    
                    BASELINE="935 2574 1082 2586 2437 2578" 
                    HPOS="922.0"
                    VPOS="2522.0"
                    WIDTH="1511.0"
                    HEIGHT="158.0">
            <Shape><Polygon POINTS="933 2573 928 2522 2427 2527 2433 2573 2422 2680 922 2669"/></Shape>
	    <String CONTENT="בדבר הברית ולא עוד אלא שמביא את"
                    HPOS="922.0"
                    VPOS="2522.0"
                    WIDTH="1511.0"
                    HEIGHT="158.0"></String>
          </TextLine>

          
          
          <TextLine ID="eSc_line_ba93f35b"
                    
                    BASELINE="1293 2710 1350 2703 2413 2703 2437 2706" 
                    HPOS="1279.0"
                    VPOS="2635.0"
                    WIDTH="1154.0"
                    HEIGHT="164.0">
            <Shape><Polygon POINTS="1290 2708 1279 2652 2422 2635 2433 2703 2410 2799 1505 2770 1290 2799"/></Shape>
	    <String CONTENT="אחרים ˙ ˙ סל&#39; פס&#39; ˙ ˙"
                    HPOS="1279.0"
                    VPOS="2635.0"
                    WIDTH="1154.0"
                    HEIGHT="164.0"></String>
          </TextLine>

          
          
          <TextLine ID="eSc_line_4987bc2b"
                    
                    BASELINE="946 2831 1097 2823 1184 2827 1233 2819 1274 2831 1410 2835 2006 2835 2047 2846 2085 2838 2330 2842 2437 2834" 
                    HPOS="933.0"
                    VPOS="2725.0"
                    WIDTH="1500.0"
                    HEIGHT="198.0">
            <Shape><Polygon POINTS="945 2827 939 2742 1177 2725 1182 2725 1182 2725 1182 2725 1188 2725 1188 2725 1188 2725 1194 2725 1194 2725 1216 2742 1250 2770 1380 2748 1505 2725 1505 2725 1511 2725 1511 2725 1511 2725 1516 2725 1516 2725 1516 2725 1522 2725 1556 2748 1590 2770 1675 2748 1765 2731 1765 2731 1765 2731 1771 2731 1771 2731 1777 2731 1777 2731 1839 2753 1890 2776 2082 2776 2099 2759 2116 2742 2116 2737 2116 2737 2122 2737 2122 2737 2122 2737 2127 2737 2127 2737 2133 2737 2133 2737 2133 2737 2139 2737 2139 2737 2139 2737 2144 2737 2144 2737 2144 2742 2161 2759 2173 2765 2427 2765 2433 2833 2422 2923 933 2912"/></Shape>
	    <String CONTENT="ויאמר ייי בארצם לא תנחל למה נאמ&#39; לפי"
                    HPOS="933.0"
                    VPOS="2725.0"
                    WIDTH="1500.0"
                    HEIGHT="198.0"></String>
          </TextLine>

          
          
          <TextLine ID="eSc_line_df594e40"
                    
                    BASELINE="916 2955 1040 2955 1120 2963 2360 2959 2437 2964" 
                    HPOS="899.0"
                    VPOS="2895.0"
                    WIDTH="1534.0"
                    HEIGHT="153.0">
            <Shape><Polygon POINTS="911 2951 911 2895 2427 2901 2433 2963 2416 3048 899 3042"/></Shape>
	    <String CONTENT="שהוא אומ&#39; לאלה תחלק הארץ במשמע ˙"
                    HPOS="899.0"
                    VPOS="2895.0"
                    WIDTH="1534.0"
                    HEIGHT="153.0"></String>
          </TextLine>

          
          
          <TextLine ID="eSc_line_fb5adf4d"
                    
                    BASELINE="901 3076 1538 3091 1930 3087 2010 3080 2432 3080 2437 3081" 
                    HPOS="888.0"
                    VPOS="3019.0"
                    WIDTH="1545.0"
                    HEIGHT="193.0">
            <Shape><Polygon POINTS="899 3070 894 3036 2422 3019 2433 3076 2427 3189 1992 3212 1986 3212 1986 3212 1714 3178 1652 3172 1641 3178 1607 3206 1607 3206 1601 3206 1601 3206 1601 3206 1595 3206 1595 3206 1595 3212 1397 3212 1392 3206 888 3161"/></Shape>
	    <String CONTENT="כהנים לוים וישרﭏים וגרים נשים ועבדים"
                    HPOS="888.0"
                    VPOS="3019.0"
                    WIDTH="1545.0"
                    HEIGHT="193.0"></String>
          </TextLine>

          
          
          <TextLine ID="eSc_line_08aebae8"
                    
                    BASELINE="950 3215 1259 3215 1308 3223 1580 3227 1625 3238 1678 3230 2066 3234 2277 3223 2437 3226" 
                    HPOS="933.0"
                    VPOS="3166.0"
                    WIDTH="1500.0"
                    HEIGHT="170.0">
            <Shape><Polygon POINTS="945 3212 945 3166 2433 3172 2433 3223 2416 3336 933 3308"/></Shape>
	    <String CONTENT="וטומטום ואנדרוגינוס במשמע ויאמר ייי ˙"
                    HPOS="933.0"
                    VPOS="3166.0"
                    WIDTH="1500.0"
                    HEIGHT="170.0"></String>
          </TextLine>

          
          
          <TextLine ID="eSc_line_1dcba6f9"
                    
                    BASELINE="950 3359 1304 3370 2085 3370 2127 3362 2360 3351 2398 3355 2436 3347 2437 3347" 
                    HPOS="933.0"
                    VPOS="3291.0"
                    WIDTH="1506.0"
                    HEIGHT="186.0">
            <Shape><Polygon POINTS="945 3353 945 3291 2427 3296 2433 3342 2439 3432 2184 3472 2184 3472 2178 3472 2178 3472 1765 3438 1692 3472 1692 3472 1692 3472 1686 3472 1686 3472 1680 3472 1680 3472 1680 3472 1539 3443 1397 3472 1397 3472 1397 3472 1392 3472 1392 3472 1386 3472 1386 3472 1386 3472 1380 3472 1346 3449 1324 3466 1324 3472 1324 3472 1318 3472 1318 3472 1318 3472 1312 3472 1312 3472 1312 3477 1109 3477 1103 3472 1103 3472 933 3432"/></Shape>
	    <String CONTENT="אל אהרן בארצם לא תנחל יצאו כהנים"
                    HPOS="933.0"
                    VPOS="3291.0"
                    WIDTH="1506.0"
                    HEIGHT="186.0"></String>
          </TextLine>

          
          
          <TextLine ID="eSc_line_5c857b50"
                    
                    BASELINE="886 3498 946 3498 995 3509 1078 3502 2051 3502 2089 3509 2130 3498 2375 3487 2437 3491" 
                    HPOS="865.0"
                    VPOS="3409.0"
                    WIDTH="1568.0"
                    HEIGHT="204.0">
            <Shape><Polygon POINTS="882 3494 865 3443 996 3409 1001 3409 1001 3409 1007 3409 1007 3409 1007 3409 1165 3438 1329 3409 1329 3409 1335 3409 1335 3409 1335 3409 1341 3409 1341 3409 1409 3438 1511 3409 1516 3409 1516 3409 1522 3409 1522 3409 1522 3409 1652 3438 1748 3409 1754 3409 1754 3409 1754 3409 1760 3409 2427 3443 2433 3489 2422 3613 882 3613"/></Shape>
	    <String CONTENT="ובתוך בני ישר&#39; לא ינחלו נחלה יצאו לוים"
                    HPOS="865.0"
                    VPOS="3409.0"
                    WIDTH="1568.0"
                    HEIGHT="204.0"></String>
          </TextLine>

          
          
          <TextLine ID="eSc_line_a2c7531a"
                    
                    BASELINE="908 3626 1421 3634 1591 3645 1629 3634 1991 3630 2032 3619 2074 3626 2436 3622 2437 3622" 
                    HPOS="888.0"
                    VPOS="3568.0"
                    WIDTH="1545.0"
                    HEIGHT="169.0">
            <Shape><Polygon POINTS="905 3624 905 3568 2427 3573 2433 3619 2427 3720 1024 3737 1018 3737 1018 3737 1013 3737 888 3704"/></Shape>
	    <String CONTENT="לשמות מטות אבותם יצאו גרים ונשים"
                    HPOS="888.0"
                    VPOS="3568.0"
                    WIDTH="1545.0"
                    HEIGHT="169.0"></String>
          </TextLine>

          
          
          <TextLine ID="eSc_line_1350d5e7"
                    
                    BASELINE="901 3747 1138 3762 2437 3754" 
                    HPOS="888.0"
                    VPOS="3698.0"
                    WIDTH="1545.0"
                    HEIGHT="164.0">
            <Shape><Polygon POINTS="899 3743 888 3709 2422 3698 2433 3749 2427 3862 888 3845"/></Shape>
	    <String CONTENT="ועבדים איש לפי פקודיו יצאו טומטום"
                    HPOS="888.0"
                    VPOS="3698.0"
                    WIDTH="1545.0"
                    HEIGHT="164.0"></String>
          </TextLine>

          
          
          <TextLine ID="eSc_line_2d5c66d8"
                    
                    BASELINE="920 3879 1244 3879 1282 3886 1546 3890 2115 3890 2266 3886 2311 3879 2391 3890 2437 3890" 
                    HPOS="899.0"
                    VPOS="3828.0"
                    WIDTH="1534.0"
                    HEIGHT="164.0">
            <Shape><Polygon POINTS="916 3873 916 3828 2433 3828 2433 3884 2416 3986 2359 3964 2218 3986 2150 3992 2150 3992 2144 3992 2144 3992 2144 3992 2139 3992 2139 3992 2133 3992 2133 3992 2122 3981 2093 3964 1924 3981 1754 3992 1748 3992 1748 3992 1748 3992 1743 3992 1743 3992 1703 3975 1675 3964 1573 3969 1358 3992 1358 3992 1352 3992 1352 3992 1211 3964 1194 3964 1171 3964 1030 3992 1030 3992 1030 3992 1024 3992 1024 3992 1018 3992 899 3958"/></Shape>
	    <String CONTENT="ואנדרוגינוס ויאמר ייי אל אהרן בארצם"
                    HPOS="899.0"
                    VPOS="3828.0"
                    WIDTH="1534.0"
                    HEIGHT="164.0"></String>
          </TextLine>

          
          
          <TextLine ID="eSc_line_c9899702"
                    
                    BASELINE="927 4007 1105 4018 2437 4018" 
                    HPOS="916.0"
                    VPOS="3947.0"
                    WIDTH="1517.0"
                    HEIGHT="175.0">
            <Shape><Polygon POINTS="922 4003 916 3952 2427 3947 2433 4015 2427 4116 1850 4122 1844 4122 1844 4122 1839 4122 1788 4105 1731 4094 1658 4105 1550 4122 1550 4122 1545 4122 1545 4122 1545 4122 1539 4122 1539 4122 1488 4099 1465 4094 1426 4099 1307 4122 1307 4122 1307 4122 1301 4122 1301 4122 1295 4122 1295 4122 1295 4122 1250 4099 1239 4094 1228 4099 1148 4122 1143 4122 1143 4122 1143 4122 1137 4122 1137 4122 1131 4122 1131 4122 1131 4122 1126 4122 1126 4122 1126 4116 1097 4094 1097 4094 916 4094"/></Shape>
	    <String CONTENT="לא תנחל בשעת חילוק הארץ וחלק לא"
                    HPOS="916.0"
                    VPOS="3947.0"
                    WIDTH="1517.0"
                    HEIGHT="175.0"></String>
          </TextLine>

          
          
          <TextLine ID="eSc_line_d16f390b"
                    
                    BASELINE="946 4139 1286 4147 1327 4158 1380 4150 2428 4150 2437 4153" 
                    HPOS="933.0"
                    VPOS="4082.0"
                    WIDTH="1500.0"
                    HEIGHT="181.0">
            <Shape><Polygon POINTS="945 4133 945 4082 2427 4094 2433 4150 2422 4241 1165 4263 1160 4263 1160 4263 933 4229"/></Shape>
	    <String CONTENT="יהיה בביזה אני חלקך ונחלתך על שולחני"
                    HPOS="933.0"
                    VPOS="4082.0"
                    WIDTH="1500.0"
                    HEIGHT="181.0"></String>
          </TextLine>

          
          
          <TextLine ID="eSc_line_642569d2"
                    
                    BASELINE="923 4275 1108 4282 1150 4290 2409 4286 2437 4290" 
                    HPOS="911.0"
                    VPOS="4224.0"
                    WIDTH="1522.0"
                    HEIGHT="164.0">
            <Shape><Polygon POINTS="922 4269 916 4224 2427 4229 2433 4286 2410 4388 911 4365"/></Shape>
	    <String CONTENT="אתה אוכל ועל שולחני אתה שותה למה"
                    HPOS="911.0"
                    VPOS="4224.0"
                    WIDTH="1522.0"
                    HEIGHT="164.0"></String>
          </TextLine>

          
          
          <TextLine ID="eSc_line_07557a1a"
                    
                    BASELINE="901 4395 1259 4410 1384 4403 1421 4414 1595 4418 1674 4425 2432 4422 2437 4423" 
                    HPOS="888.0"
                    VPOS="4343.0"
                    WIDTH="1545.0"
                    HEIGHT="186.0">
            <Shape><Polygon POINTS="899 4393 894 4360 2427 4343 2433 4422 2433 4490 2388 4524 2388 4524 2382 4524 2382 4524 2376 4524 2376 4524 2376 4524 2371 4524 2371 4524 2161 4490 2093 4524 2093 4524 2093 4524 2088 4524 2088 4524 2088 4529 1658 4529 1652 4524 1652 4524 1646 4524 1505 4490 1386 4524 1380 4524 1380 4524 1380 4524 1375 4524 1375 4524 1369 4524 1369 4524 1369 4524 1363 4524 1363 4524 1363 4518 1335 4495 1097 4518 1097 4518 1092 4518 1092 4518 888 4484"/></Shape>
	    <String CONTENT="הדבר דומה למלך שנתן לבניו מתנות ולבנו"
                    HPOS="888.0"
                    VPOS="4343.0"
                    WIDTH="1545.0"
                    HEIGHT="186.0"></String>
          </TextLine>

          
          
          <TextLine ID="eSc_line_8f161990"
                    
                    BASELINE="920 4531 1146 4539 1237 4546 2383 4542 2437 4546" 
                    HPOS="905.0"
                    VPOS="4456.0"
                    WIDTH="1528.0"
                    HEIGHT="192.0">
            <Shape><Polygon POINTS="916 4529 905 4490 990 4456 990 4456 996 4456 996 4456 1001 4456 1312 4456 1312 4456 1312 4456 1318 4456 1318 4456 1318 4456 1324 4456 1369 4484 1482 4456 1488 4456 1488 4456 1494 4456 2088 4484 2184 4456 2190 4456 2190 4456 2190 4456 2195 4456 2195 4456 2201 4456 2201 4456 2201 4456 2207 4456 2207 4456 2207 4461 2235 4490 2433 4490 2433 4540 2422 4648 905 4631"/></Shape>
	    <String CONTENT="אחד לא נתן מתנות אמ&#39; לו בני א&#39;ע&#39;פ&#39; שלא"
                    HPOS="905.0"
                    VPOS="4456.0"
                    WIDTH="1528.0"
                    HEIGHT="192.0"></String>
          </TextLine>

          
          
          <TextLine ID="eSc_line_cc76490e"
                    
                    BASELINE="950 4667 1138 4663 1187 4671 1512 4674 1595 4682 2368 4682 2437 4675" 
                    HPOS="933.0"
                    VPOS="4614.0"
                    WIDTH="1500.0"
                    HEIGHT="153.0">
            <Shape><Polygon POINTS="945 4665 945 4614 2427 4620 2433 4671 2422 4767 933 4750"/></Shape>
	    <String CONTENT="נתן מתנות על שולחני אתה אוכל ועל"
                    HPOS="933.0"
                    VPOS="4614.0"
                    WIDTH="1500.0"
                    HEIGHT="153.0"></String>
          </TextLine>

          
          
          <TextLine ID="eSc_line_f948fc1b"
                    
                    BASELINE="916 4787 1244 4795 1331 4802 1727 4799 1814 4806 2345 4818 2437 4813" 
                    HPOS="899.0"
                    VPOS="4738.0"
                    WIDTH="1534.0"
                    HEIGHT="176.0">
            <Shape><Polygon POINTS="911 4784 911 4738 2433 4755 2433 4812 2427 4902 1550 4914 1545 4914 1545 4914 1539 4914 1539 4914 1539 4914 1533 4914 1488 4885 1477 4880 1454 4885 1329 4908 1329 4908 1329 4908 1324 4908 1324 4908 1318 4908 1318 4908 1318 4908 1312 4908 1312 4908 1284 4880 1279 4880 1273 4880 1097 4902 1097 4902 1092 4902 1092 4902 899 4868"/></Shape>
	    <String CONTENT="שולחני אתה שותה וכן הוא אומ&#39; חלקם"
                    HPOS="899.0"
                    VPOS="4738.0"
                    WIDTH="1534.0"
                    HEIGHT="176.0"></String>
          </TextLine>

          
          
          <TextLine ID="eSc_line_37d22181"
                    
                    BASELINE="905 4908 1055 4916 1105 4923 1429 4919 1557 4931 1644 4931 1689 4938 2406 4934 2437 4938" 
                    HPOS="888.0"
                    VPOS="4874.0"
                    WIDTH="1545.0"
                    HEIGHT="164.0">
            <Shape><Polygon POINTS="899 4902 894 4874 2427 4874 2433 4936 2422 5038 2009 5038 2003 5032 2003 5032 1997 5032 1997 5032 1969 5021 1884 4993 1505 5010 1165 5021 1160 5021 1160 5021 888 4987"/></Shape>
	    <String CONTENT="נתתי אותה מאישי ˙ אשה ייי ונחלתו יאכלו"
                    HPOS="888.0"
                    VPOS="4874.0"
                    WIDTH="1545.0"
                    HEIGHT="164.0"></String>
          </TextLine>

          
          
          <TextLine ID="eSc_line_be5262d5"
                    
                    BASELINE="916 5032 1014 5044 1093 5040 1240 5051 1297 5063 1376 5055 1715 5055 2025 5074 2437 5066" 
                    HPOS="894.0"
                    VPOS="4993.0"
                    WIDTH="1539.0"
                    HEIGHT="181.0">
            <Shape><Polygon POINTS="911 5027 911 4993 2433 5015 2433 5061 2427 5140 2009 5174 2003 5174 2003 5174 2003 5174 1997 5174 1997 5174 1992 5174 1992 5174 1952 5146 1573 5168 1567 5168 1567 5168 1567 5168 1352 5134 1188 5163 1188 5163 1182 5163 1182 5163 894 5123"/></Shape>
	    <String CONTENT="אני חלקך ונחלתך עשרים וארבעה [מתנה] [מ&#39;]"
                    HPOS="894.0"
                    VPOS="4993.0"
                    WIDTH="1539.0"
                    HEIGHT="181.0"></String>
          </TextLine>

          
          
          <TextLine ID="eSc_line_6c1b9053"
                    
                    BASELINE="931 5161 999 5179 1180 5179 1463 5195 2138 5210 2437 5203" 
                    HPOS="905.0"
                    VPOS="5117.0"
                    WIDTH="1528.0"
                    HEIGHT="283.0">
            <Shape><Polygon POINTS="928 5157 928 5117 2433 5151 2433 5202 2422 5400 2195 5383 2195 5383 2190 5383 2190 5383 2190 5383 2105 5338 1754 5366 1748 5366 1748 5366 1748 5366 1743 5366 1607 5327 1550 5366 1533 5377 1528 5377 1528 5377 1528 5377 1522 5377 1522 5377 1516 5377 1516 5377 1516 5377 1426 5360 1380 5349 1358 5355 1284 5377 1279 5377 1279 5377 1279 5377 1273 5377 1273 5377 905 5332"/></Shape>
	    <String CONTENT="מתנות ניתנו לכהנים שתים עשרה במדבר"
                    HPOS="905.0"
                    VPOS="5117.0"
                    WIDTH="1528.0"
                    HEIGHT="283.0"></String>
          </TextLine>

          
        </TextBlock>
        

        
      </PrintSpace>
    </Page>
  </Layout>
</alto>
