<?xml version="1.0" encoding="UTF-8"?>
<alto xmlns:xsi="http://www.w3.org/2001/XMLSchema-instance"
      xmlns="http://www.loc.gov/standards/alto/ns-v4#"
      xsi:schemaLocation="http://www.loc.gov/standards/alto/ns-v4# http://www.loc.gov/standards/alto/v4/alto-4-2.xsd">
  <Description>
    <MeasurementUnit>pixel</MeasurementUnit>
    <sourceImageInformation>
      <fileName>add_ms_16406_f221v.jpg</fileName>
      
    </sourceImageInformation>
  </Description>
  
  <Tags>
    <OtherTag ID="BT1" LABEL="Title" DESCRIPTION="block type Title"/><OtherTag ID="BT2" LABEL="Main" DESCRIPTION="block type Main"/><OtherTag ID="BT3" LABEL="Commentary" DESCRIPTION="block type Commentary"/><OtherTag ID="BT4" LABEL="Illustration" DESCRIPTION="block type Illustration"/><OtherTag ID="BT224" LABEL="Hole" DESCRIPTION="block type Hole"/><OtherTag ID="BT225" LABEL="Margin" DESCRIPTION="block type Margin"/><OtherTag ID="BT226" LABEL="Paratext" DESCRIPTION="block type Paratext"/>
    <OtherTag ID="LT2" LABEL="Numbering" DESCRIPTION="line type Numbering"/><OtherTag ID="LT3" LABEL="Correction" DESCRIPTION="line type Correction"/><OtherTag ID="LT329" LABEL="Gloss" DESCRIPTION="line type Gloss"/>
  </Tags>
  
  <Layout>
    <Page WIDTH="4548"
          HEIGHT="6828"
          PHYSICAL_IMG_NR="442"
          ID="eSc_dummypage_">
      <PrintSpace HPOS="0"
                  VPOS="0"
                  WIDTH="4548"
                  HEIGHT="6828">
        
        <TextBlock HPOS="2031.0"
                   VPOS="739.0"
                   WIDTH="1742.0"
                   HEIGHT="4749.0"
                   ID="eSc_textblock_f74f3561"
                   TAGREFS="BT2">
          <Shape><Polygon POINTS="3712 5488 3758 5473 3773 5306 3773 804 3727 754 2110 739 2061 789 2091 1027 2031 2973 2046 5458 3712 5488"/></Shape>
          
          
          <TextLine ID="eSc_line_9f3262b5"
                    
                    BASELINE="2103 815 2600 838 3325 853 3760 853" 
                    HPOS="2083.0"
                    VPOS="728.0"
                    WIDTH="1673.0"
                    HEIGHT="250.0">
            <Shape><Polygon POINTS="2100 813 2094 756 2550 728 2555 728 2555 728 2555 728 2561 728 2561 728 2567 728 2618 756 2646 779 3073 779 3090 762 3113 745 3113 739 3113 739 3119 739 3119 739 3119 739 3124 739 3124 739 3124 739 3130 739 3751 773 3756 847 3745 978 2083 916"/></Shape>
	    <String CONTENT="את בגדי הבד מלמד שחמש טבילות ועשרה"
                    HPOS="2083.0"
                    VPOS="728.0"
                    WIDTH="1673.0"
                    HEIGHT="250.0"></String>
          </TextLine>

          
          
          <TextLine ID="eSc_line_04ae9cba"
                    
                    BASELINE="2163 971 2270 978 2437 971 2479 982 2581 993 2885 990 2923 997 3230 1009 3693 1005 3760 1012" 
                    HPOS="2151.0"
                    VPOS="921.0"
                    WIDTH="1605.0"
                    HEIGHT="199.0">
            <Shape><Polygon POINTS="2157 967 2157 921 3751 944 3756 1007 3745 1120 3443 1120 3438 1115 3438 1115 3432 1115 3432 1115 3432 1115 3426 1115 3426 1115 3420 1109 3386 1086 3233 1103 3085 1115 3085 1115 3079 1115 3079 1115 3073 1115 3073 1115 3073 1115 3068 1115 3068 1115 3068 1109 3050 1098 3028 1069 2988 1092 2959 1109 2959 1109 2959 1109 2954 1109 2954 1109 2948 1109 2948 1109 2720 1086 2618 1075 2589 1081 2498 1109 2493 1109 2493 1109 2493 1109 2487 1109 2487 1109 2481 1109 2481 1109 2481 1109 2476 1109 2476 1109 2436 1075 2424 1069 2151 1069"/></Shape>
	    <String CONTENT="קידושין טובל ומקדש בו ביום ר&#39; אומר וכי [מ&#39;]"
                    HPOS="2151.0"
                    VPOS="921.0"
                    WIDTH="1605.0"
                    HEIGHT="199.0"></String>
          </TextLine>

          
          
          <TextLine ID="eSc_line_5eed8cb7"
                    
                    BASELINE="2133 1122 2194 1111 2311 1111 2520 1122 2566 1130 2873 1126 3048 1145 3545 1141 3659 1160 3760 1160" 
                    HPOS="2123.0"
                    VPOS="1075.0"
                    WIDTH="1639.0"
                    HEIGHT="182.0">
            <Shape><Polygon POINTS="2128 1120 2128 1075 3751 1086 3756 1155 3762 1211 3699 1251 3694 1251 3694 1251 3694 1251 3688 1251 3688 1251 3688 1257 3216 1257 3210 1251 3210 1251 3204 1251 3204 1251 3204 1251 3198 1251 3198 1251 3164 1223 2840 1246 2834 1246 2834 1246 2834 1246 2828 1246 2828 1246 2823 1246 2823 1246 2823 1240 2777 1206 2544 1206 2356 1246 2356 1246 2356 1246 2350 1246 2350 1246 2345 1246 2345 1246 2345 1246 2339 1246 2339 1246 2288 1200 2123 1194"/></Shape>
	    <String CONTENT="מיכאן אני למד והלא כבר נאמר בגדי קדש"
                    HPOS="2123.0"
                    VPOS="1075.0"
                    WIDTH="1639.0"
                    HEIGHT="182.0"></String>
          </TextLine>

          
          
          <TextLine ID="eSc_line_d2522887"
                    
                    BASELINE="2167 1244 2399 1259 2444 1266 2710 1263 2756 1270 2949 1274 2991 1282 3568 1278 3705 1285 3760 1270" 
                    HPOS="2157.0"
                    VPOS="1189.0"
                    WIDTH="1599.0"
                    HEIGHT="205.0">
            <Shape><Polygon POINTS="2163 1240 2163 1189 3751 1223 3756 1268 3756 1394 3147 1394 3142 1388 3142 1388 3136 1388 3113 1382 3028 1354 2937 1376 2902 1388 2897 1388 2897 1388 2897 1388 2891 1388 2891 1388 2885 1388 2885 1388 2885 1388 2880 1388 2868 1376 2817 1348 2760 1376 2743 1382 2743 1382 2737 1382 2737 1382 2737 1382 2732 1382 2732 1382 2726 1382 2698 1376 2589 1348 2157 1365"/></Shape>
	    <String CONTENT="הן ורחץ במים את בשרו ולבשם מלמד [המ&#39;]"
                    HPOS="2157.0"
                    VPOS="1189.0"
                    WIDTH="1599.0"
                    HEIGHT="205.0"></String>
          </TextLine>

          
          
          <TextLine ID="eSc_line_fbc7ac61"
                    
                    BASELINE="2175 1388 2403 1384 2551 1399 2843 1399 3109 1418 3587 1414 3678 1430 3760 1435" 
                    HPOS="2163.0"
                    VPOS="1320.0"
                    WIDTH="1593.0"
                    HEIGHT="221.0">
            <Shape><Polygon POINTS="2174 1382 2174 1320 3751 1365 3756 1433 3745 1502 3375 1541 3375 1541 3369 1541 3369 1541 3364 1541 3238 1513 3011 1536 3011 1536 3005 1536 3005 1536 2999 1536 2999 1536 2999 1536 2994 1536 2937 1496 2885 1530 2880 1530 2880 1530 2880 1530 2874 1530 2874 1530 2868 1530 2345 1519 2345 1519 2345 1519 2163 1479"/></Shape>
	    <String CONTENT="המשנה בבגדי זהב לבגדי לבן ומבגדי לבן [לב&#39;]"
                    HPOS="2163.0"
                    VPOS="1320.0"
                    WIDTH="1593.0"
                    HEIGHT="221.0"></String>
          </TextLine>

          
          
          <TextLine ID="eSc_line_190d2ab2"
                    
                    BASELINE="2179 1528 2285 1521 2323 1528 2505 1532 2547 1540 2797 1536 2835 1543 2995 1547 3037 1555 3454 1551 3545 1559 3583 1551 3760 1572" 
                    HPOS="2163.0"
                    VPOS="1473.0"
                    WIDTH="1593.0"
                    HEIGHT="199.0">
            <Shape><Polygon POINTS="2174 1524 2174 1473 3751 1473 3756 1570 3745 1627 3642 1672 3642 1672 3637 1672 3637 1672 3631 1672 3346 1667 3346 1667 3346 1667 3341 1667 3341 1667 3341 1667 3335 1667 3335 1667 3335 1661 3312 1644 3267 1672 3261 1672 3261 1672 3261 1672 3255 1672 3255 1672 3250 1672 3250 1672 3250 1672 3244 1672 3244 1672 3164 1644 2976 1672 2976 1672 2971 1672 2163 1621"/></Shape>
	    <String CONTENT="לבגדי זהב טעון טבילה חמש עבודות הם"
                    HPOS="2163.0"
                    VPOS="1473.0"
                    WIDTH="1593.0"
                    HEIGHT="199.0"></String>
          </TextLine>

          
          
          <TextLine ID="eSc_line_6b2f403b"
                    
                    BASELINE="2186 1661 2251 1676 2596 1672 2634 1680 2759 1684 2805 1691 3067 1688 3276 1699 3325 1707 3760 1699" 
                    HPOS="2168.0"
                    VPOS="1627.0"
                    WIDTH="1588.0"
                    HEIGHT="171.0">
            <Shape><Polygon POINTS="2185 1655 2180 1627 3751 1633 3756 1695 3751 1746 3694 1792 3694 1792 3688 1792 3688 1792 3688 1792 3682 1792 3682 1792 3677 1792 3335 1786 3335 1786 3335 1786 3329 1786 3329 1786 3329 1786 3324 1786 3284 1758 3250 1786 3250 1786 3244 1786 3244 1786 3244 1786 3238 1786 3238 1786 3238 1786 3233 1786 3011 1769 2925 1798 2925 1798 2920 1798 2920 1798 2914 1798 2914 1798 2914 1798 2908 1798 2789 1763 2743 1786 2743 1786 2743 1786 2737 1786 2737 1786 2737 1786 2732 1786 2732 1786 2567 1758 2567 1758 2567 1758 2487 1792 2487 1792 2481 1792 2481 1792 2481 1792 2476 1792 2476 1792 2470 1792 2470 1792 2470 1792 2464 1792 2464 1792 2464 1786 2430 1758 2430 1758 2168 1758"/></Shape>
	    <String CONTENT="עושה תמיד של שחר בבגדי זהב ועבודת"
                    HPOS="2168.0"
                    VPOS="1627.0"
                    WIDTH="1588.0"
                    HEIGHT="171.0"></String>
          </TextLine>

          
          
          <TextLine ID="eSc_line_90dcf60b"
                    
                    BASELINE="2133 1809 2475 1809 2513 1817 2630 1820 2668 1832 2759 1824 2964 1824 3002 1832 3086 1835 3124 1847 3261 1839 3557 1839 3690 1847 3727 1835 3760 1843" 
                    HPOS="2117.0"
                    VPOS="1735.0"
                    WIDTH="1639.0"
                    HEIGHT="193.0">
            <Shape><Polygon POINTS="2128 1803 2117 1775 2254 1735 2259 1735 2259 1735 2265 1735 3751 1780 3756 1837 3739 1906 2123 1928"/></Shape>
	    <String CONTENT="היום בבגדי לבן ויצא ועשה עולתו ואת עולת"
                    HPOS="2117.0"
                    VPOS="1735.0"
                    WIDTH="1639.0"
                    HEIGHT="193.0"></String>
          </TextLine>

          
          
          <TextLine ID="eSc_line_078c396d"
                    
                    BASELINE="2179 1961 2661 1961 2904 1980 3621 1976 3705 1983 3760 2005" 
                    HPOS="2163.0"
                    VPOS="1911.0"
                    WIDTH="1593.0"
                    HEIGHT="188.0">
            <Shape><Polygon POINTS="2174 1957 2174 1911 3751 1923 3756 2002 3734 2099 3534 2099 3529 2093 3529 2093 3523 2093 3523 2093 3523 2093 3517 2093 3517 2093 3517 2088 3472 2059 3198 2076 2982 2093 2976 2093 2976 2093 2976 2093 2857 2065 2783 2054 2709 2065 2561 2082 2561 2082 2555 2082 2555 2082 2555 2082 2550 2082 2550 2082 2550 2082 2544 2082 2544 2082 2515 2059 2510 2048 2163 2042"/></Shape>
	    <String CONTENT="העם ושבעה כבשים תמימים בבגדי זהב"
                    HPOS="2163.0"
                    VPOS="1911.0"
                    WIDTH="1593.0"
                    HEIGHT="188.0"></String>
          </TextLine>

          
          
          <TextLine ID="eSc_line_31c623e4"
                    
                    BASELINE="2106 2086 2171 2082 2209 2090 2361 2090 2460 2101 2786 2097 2828 2105 2949 2109 2987 2116 3390 2112 3541 2131 3712 2131 3760 2119" 
                    HPOS="2089.0"
                    VPOS="2031.0"
                    WIDTH="1667.0"
                    HEIGHT="199.0">
            <Shape><Polygon POINTS="2100 2082 2094 2042 3512 2031 3517 2031 3517 2031 3756 2065 3756 2116 3756 2230 2948 2230 2942 2224 2942 2224 2937 2224 2937 2224 2937 2224 2874 2196 2840 2179 2823 2196 2800 2213 2800 2213 2794 2213 2794 2213 2794 2213 2789 2213 2789 2213 2783 2213 2783 2213 2595 2184 2521 2179 2458 2184 2248 2202 2242 2202 2242 2202 2242 2202 2089 2167"/></Shape>
	    <String CONTENT="נכנס והוציא את הכף ואת המחתה בבגדי"
                    HPOS="2089.0"
                    VPOS="2031.0"
                    WIDTH="1667.0"
                    HEIGHT="199.0"></String>
          </TextLine>

          
          
          <TextLine ID="eSc_line_7adbde41"
                    
                    BASELINE="2118 2219 2479 2219 2684 2230 2733 2238 3112 2234 3150 2241 3238 2241 3276 2257 3367 2249 3579 2249 3663 2249 3701 2257 3760 2257" 
                    HPOS="2106.0"
                    VPOS="2173.0"
                    WIDTH="1650.0"
                    HEIGHT="182.0">
            <Shape><Polygon POINTS="2117 2213 2117 2173 3751 2184 3756 2253 3756 2315 3654 2349 3648 2349 3648 2349 3648 2355 2777 2355 2772 2349 2106 2310"/></Shape>
	    <String CONTENT="לבן עושה תמיד של ב(י)ן הערבים בבגדי זהב"
                    HPOS="2106.0"
                    VPOS="2173.0"
                    WIDTH="1650.0"
                    HEIGHT="182.0"></String>
          </TextLine>

          
          
          <TextLine ID="eSc_line_d290245d"
                    
                    BASELINE="2057 2344 2160 2340 2376 2348 2441 2351 2486 2363 2524 2355 2904 2355 2953 2363 3158 2374 3557 2370 3690 2374 3746 2359" 
                    HPOS="2054.0"
                    VPOS="2287.0"
                    WIDTH="1691.0"
                    HEIGHT="176.0">
            <Shape><Polygon POINTS="2054 2338 2163 2287 2698 2327 3050 2321 3090 2298 3113 2321 3682 2327 3745 2355 3677 2452 3597 2463 3500 2458 3443 2418 3409 2452 3335 2452 3295 2412 3227 2452 3130 2423 3090 2452 2868 2429 2521 2446 2464 2401 2379 2435 2254 2412 2202 2429 2066 2338"/></Shape>
	    <String CONTENT="ואומר בגדי קודש הם ורחץ במים את בשרו"
                    HPOS="2054.0"
                    VPOS="2287.0"
                    WIDTH="1691.0"
                    HEIGHT="176.0"></String>
          </TextLine>

          
          
          <TextLine ID="eSc_line_7d4b64af"
                    
                    BASELINE="2103 2480 2308 2477 2384 2484 2699 2496 3295 2492 3424 2499 3500 2511 3746 2503" 
                    HPOS="2100.0"
                    VPOS="2401.0"
                    WIDTH="1645.0"
                    HEIGHT="193.0">
            <Shape><Polygon POINTS="2100 2475 2180 2429 2419 2435 2458 2401 2498 2441 2880 2429 3210 2458 3301 2429 3346 2458 3631 2452 3745 2497 3665 2583 3625 2566 3586 2588 3386 2594 3216 2543 3164 2577 2715 2577 2658 2537 2629 2566 2521 2571 2356 2571 2305 2537 2191 2583 2106 2497"/></Shape>
	    <String CONTENT="ולבשם מלמד שהמשנה בגדי זהב לבגדי לבן"
                    HPOS="2100.0"
                    VPOS="2401.0"
                    WIDTH="1645.0"
                    HEIGHT="193.0"></String>
          </TextLine>

          
          
          <TextLine ID="eSc_line_16877966"
                    
                    BASELINE="2141 2621 2247 2613 2539 2613 2585 2621 2710 2624 2748 2632 3625 2628 3760 2639" 
                    HPOS="2134.0"
                    VPOS="2577.0"
                    WIDTH="1622.0"
                    HEIGHT="165.0">
            <Shape><Polygon POINTS="2140 2617 2134 2577 3751 2577 3756 2634 3751 2697 3677 2736 3677 2736 3677 2736 3671 2736 3671 2736 3671 2736 3665 2736 2885 2702 2863 2702 2857 2702 2811 2736 2806 2736 2806 2736 2806 2736 2800 2736 2800 2736 2800 2742 2646 2742 2641 2736 2641 2736 2635 2736 2635 2736 2635 2736 2629 2736 2629 2736 2629 2731 2595 2702 2595 2702 2441 2702 2430 2702 2328 2736 2322 2736 2322 2736 2322 2736 2316 2736 2316 2736 2134 2702"/></Shape>
	    <String CONTENT="ומבגדי לבן לבגדי זהב טעון טבילה אם כן"
                    HPOS="2134.0"
                    VPOS="2577.0"
                    WIDTH="1622.0"
                    HEIGHT="165.0"></String>
          </TextLine>

          
          
          <TextLine ID="eSc_line_7570edc7"
                    
                    BASELINE="2152 2746 2513 2757 2623 2772 2661 2765 3760 2765" 
                    HPOS="2140.0"
                    VPOS="2674.0"
                    WIDTH="1616.0"
                    HEIGHT="188.0">
            <Shape><Polygon POINTS="2151 2742 2151 2674 2356 2708 3751 2708 3756 2759 3751 2827 2817 2862 2811 2862 2811 2862 2806 2862 2806 2862 2806 2862 2800 2862 2800 2862 2766 2833 2652 2862 2646 2862 2646 2862 2641 2862 2641 2862 2641 2862 2487 2833 2424 2862 2424 2862 2424 2862 2419 2862 2419 2862 2413 2862 2413 2862 2140 2822"/></Shape>
	    <String CONTENT="ולמה נאמר ורחץ את בשרו במים קדוש [ול&#39;]"
                    HPOS="2140.0"
                    VPOS="2674.0"
                    WIDTH="1616.0"
                    HEIGHT="188.0"></String>
          </TextLine>

          
          
          <TextLine ID="eSc_line_07659080"
                    
                    BASELINE="2072 2894 2501 2886 2543 2894 3238 2894 3405 2898 3485 2905 3760 2894" 
                    HPOS="2054.0"
                    VPOS="2805.0"
                    WIDTH="1702.0"
                    HEIGHT="193.0">
            <Shape><Polygon POINTS="2071 2890 2054 2845 2134 2810 2134 2810 2140 2810 2140 2810 2145 2810 3534 2833 3574 2805 3574 2805 3580 2805 3580 2805 3580 2805 3586 2805 3586 2805 3591 2805 3591 2805 3591 2805 3751 2839 3756 2890 3751 2958 3198 2998 3193 2998 2066 2970"/></Shape>
	    <String CONTENT="ולבש את בגדיו הא אינו מדבר אל&#39; בקידוש ידי&#39;"
                    HPOS="2054.0"
                    VPOS="2805.0"
                    WIDTH="1702.0"
                    HEIGHT="193.0"></String>
          </TextLine>

          
          
          <TextLine ID="eSc_line_2d9b7740"
                    
                    BASELINE="2015 3019 2076 3004 2144 3019 2596 3027 3659 3023 3760 3030" 
                    HPOS="2003.0"
                    VPOS="2930.0"
                    WIDTH="1753.0"
                    HEIGHT="210.0">
            <Shape><Polygon POINTS="2009 3015 2009 2930 2441 2930 2441 2930 2441 2930 2447 2930 2447 2930 2447 2930 2453 2930 2458 2936 2498 2964 3500 2964 3506 2958 3540 2930 3540 2930 3546 2930 3546 2930 3551 2930 3551 2930 3551 2930 3557 2930 3557 2930 3751 2964 3756 3027 3751 3095 3671 3135 3671 3135 3671 3135 3665 3135 3665 3135 3665 3140 3432 3140 3426 3135 3426 3135 3420 3135 3420 3135 3420 3135 3358 3101 3290 3135 3290 3135 3290 3135 3284 3135 3284 3135 3284 3140 2959 3140 2954 3135 2954 3135 2948 3135 2948 3135 2948 3135 2942 3135 2942 3135 2897 3101 2578 3101 2493 3135 2493 3135 2487 3135 2487 3135 2487 3140 2151 3140 2145 3135 2145 3135 2140 3135 2003 3095"/></Shape>
	    <String CONTENT="ורגלים ובזמן ששני קידושי ידים ורגל&#39; על כל טביל&#39;"
                    HPOS="2003.0"
                    VPOS="2930.0"
                    WIDTH="1753.0"
                    HEIGHT="210.0"></String>
          </TextLine>

          
          
          <TextLine ID="eSc_line_c59f941b"
                    
                    BASELINE="2122 3156 2281 3156 2319 3163 3485 3159 3760 3171" 
                    HPOS="2106.0"
                    VPOS="3072.0"
                    WIDTH="1650.0"
                    HEIGHT="199.0">
            <Shape><Polygon POINTS="2117 3152 2117 3106 2498 3106 2532 3072 2532 3072 2532 3072 2538 3072 2538 3072 2544 3072 2544 3072 2544 3072 2550 3072 3751 3106 3756 3169 3751 3237 3677 3271 3677 3271 3671 3271 3671 3271 3671 3271 3665 3271 2510 3243 2248 3271 2248 3271 2242 3271 2242 3271 2242 3271 2106 3237"/></Shape>
	    <String CONTENT="וטבילה ת&#39;ל&#39; ופשט ורחץ ורחץ ולבש אמ&#39; ר&#39; [שמ&#39;]"
                    HPOS="2106.0"
                    VPOS="3072.0"
                    WIDTH="1650.0"
                    HEIGHT="199.0"></String>
          </TextLine>

          
          
          <TextLine ID="eSc_line_f9f3534b"
                    
                    BASELINE="2141 3285 2501 3292 2547 3300 3496 3296 3760 3300" 
                    HPOS="2128.0"
                    VPOS="3243.0"
                    WIDTH="1634.0"
                    HEIGHT="165.0">
            <Shape><Polygon POINTS="2140 3283 2140 3243 3751 3243 3756 3294 3762 3362 3694 3402 3688 3402 3688 3402 3682 3402 3682 3402 3682 3408 3352 3408 3346 3402 3346 3402 3341 3402 3341 3402 3341 3402 3335 3402 3290 3368 3124 3402 3124 3402 3124 3402 3119 3402 3119 3402 3119 3402 3113 3402 3005 3368 2902 3402 2902 3402 2897 3402 2897 3402 2891 3402 2891 3402 2891 3402 2885 3402 2885 3402 2880 3402 2880 3402 2880 3402 2840 3368 2624 3368 2430 3402 2430 3402 2430 3402 2424 3402 2424 3402 2419 3402 2419 3402 2419 3402 2413 3402 2413 3402 2413 3396 2384 3368 2128 3362"/></Shape>
	    <String CONTENT="שמעון בר&#39; אלעזר ודין הוא מה במקום [שא&#39;]"
                    HPOS="2128.0"
                    VPOS="3243.0"
                    WIDTH="1634.0"
                    HEIGHT="165.0"></String>
          </TextLine>

          
          
          <TextLine ID="eSc_line_f77cbb6c"
                    
                    BASELINE="2087 3417 2217 3417 2266 3425 2608 3429 2684 3436 3454 3432 3735 3436 3760 3429" 
                    HPOS="2066.0"
                    VPOS="3374.0"
                    WIDTH="1690.0"
                    HEIGHT="170.0">
            <Shape><Polygon POINTS="2083 3414 2083 3374 3751 3374 3756 3425 3756 3505 3512 3539 3512 3539 3506 3539 3005 3510 2931 3539 2931 3539 2925 3539 2925 3539 2925 3544 2157 3544 2151 3539 2151 3539 2145 3539 2145 3539 2066 3505"/></Shape>
	    <String CONTENT="שאין טעון טבילה טעון קידוש ידים ורגלי&#39; כאן"
                    HPOS="2066.0"
                    VPOS="3374.0"
                    WIDTH="1690.0"
                    HEIGHT="170.0"></String>
          </TextLine>

          
          
          <TextLine ID="eSc_line_48d39a47"
                    
                    BASELINE="2087 3558 2475 3554 2558 3561 3287 3565 3420 3554 3727 3554 3760 3560" 
                    HPOS="2077.0"
                    VPOS="3510.0"
                    WIDTH="1679.0"
                    HEIGHT="160.0">
            <Shape><Polygon POINTS="2083 3556 2083 3510 3751 3510 3756 3556 3739 3641 2333 3670 2328 3670 2328 3670 2322 3670 2322 3670 2322 3670 2316 3670 2316 3670 2316 3664 2282 3635 2282 3635 2077 3635"/></Shape>
	    <String CONTENT="שטעון טבילה אינו דין שיטעון קידוש [יד&#39;]"
                    HPOS="2077.0"
                    VPOS="3510.0"
                    WIDTH="1679.0"
                    HEIGHT="160.0"></String>
          </TextLine>

          
          
          <TextLine ID="eSc_line_11ed1540"
                    
                    BASELINE="2072 3683 2179 3694 3720 3690 3760 3698" 
                    HPOS="2054.0"
                    VPOS="3601.0"
                    WIDTH="1702.0"
                    HEIGHT="205.0">
            <Shape><Polygon POINTS="2071 3681 2054 3641 2128 3601 2128 3601 2128 3601 2134 3601 2134 3601 2134 3601 2140 3601 2140 3601 2407 3641 2606 3641 3079 3641 3085 3635 3124 3601 3124 3601 3130 3601 3130 3601 3130 3601 3136 3601 3136 3601 3142 3601 3142 3601 3147 3601 3284 3635 3290 3635 3295 3635 3369 3601 3369 3601 3375 3601 3375 3601 3375 3601 3381 3601 3751 3635 3756 3692 3751 3766 3688 3800 3688 3800 3688 3800 3682 3800 3682 3800 3682 3800 3677 3800 3136 3772 3107 3795 3107 3800 3107 3800 3102 3800 3102 3800 3102 3800 3096 3800 3096 3800 3096 3806 2567 3806 2561 3800 2561 3800 2419 3772 2174 3800 2174 3800 2168 3800 2168 3800 2163 3800 2054 3766"/></Shape>
	    <String CONTENT="ידים ורגלים טול לך מה שהבאתה אי מה להלן"
                    HPOS="2054.0"
                    VPOS="3601.0"
                    WIDTH="1702.0"
                    HEIGHT="205.0"></String>
          </TextLine>

          
          
          <TextLine ID="eSc_line_f3a946e3"
                    
                    BASELINE="2179 3816 2509 3823 2596 3831 3287 3831 3329 3823 3526 3819 3602 3812 3727 3812 3760 3818" 
                    HPOS="2157.0"
                    VPOS="3761.0"
                    WIDTH="1599.0"
                    HEIGHT="176.0">
            <Shape><Polygon POINTS="2174 3812 2168 3772 3745 3761 3756 3817 3734 3903 3033 3903 2937 3937 2937 3937 2931 3937 2931 3937 2925 3937 2925 3937 2925 3937 2920 3937 2920 3937 2846 3903 2817 3931 2817 3937 2817 3937 2811 3937 2811 3937 2811 3937 2806 3937 2806 3937 2806 3937 2800 3937 2350 3909 2265 3937 2265 3937 2259 3937 2259 3937 2254 3937 2254 3937 2254 3937 2248 3937 2248 3937 2157 3897"/></Shape>
	    <String CONTENT="אחת כל היום כולו אף כאן [כ] אחת כל היום"
                    HPOS="2157.0"
                    VPOS="3761.0"
                    WIDTH="1599.0"
                    HEIGHT="176.0"></String>
          </TextLine>

          
          
          <TextLine ID="eSc_line_4978d39c"
                    
                    BASELINE="2118 3952 2877 3960 3245 3956 3295 3948 3727 3948 3760 3952" 
                    HPOS="2106.0"
                    VPOS="3869.0"
                    WIDTH="1650.0"
                    HEIGHT="193.0">
            <Shape><Polygon POINTS="2117 3948 2111 3903 2441 3869 2441 3869 2447 3869 2447 3869 2453 3869 2453 3869 2453 3869 2458 3869 2458 3869 2498 3903 2504 3903 2532 3903 2828 3874 2834 3874 2834 3874 2834 3874 2982 3903 2994 3903 3028 3903 3642 3874 3648 3874 3648 3874 3648 3874 3654 3874 3756 3909 3756 3948 3739 4034 2464 4062 2458 4062 2106 4028"/></Shape>
	    <String CONTENT="כולו אם כן למה נאמר ופשט את בגדי הבד"
                    HPOS="2106.0"
                    VPOS="3869.0"
                    WIDTH="1650.0"
                    HEIGHT="193.0"></String>
          </TextLine>

          
          
          <TextLine ID="eSc_line_01bd6046"
                    
                    BASELINE="2152 4081 3173 4089 3211 4081 3488 4077 3572 4070 3690 4070 3760 4075" 
                    HPOS="2134.0"
                    VPOS="4005.0"
                    WIDTH="1622.0"
                    HEIGHT="188.0">
            <Shape><Polygon POINTS="2151 4079 2151 4005 3751 4028 3756 4074 3751 4148 3648 4187 3648 4187 3642 4187 3642 4187 3637 4187 3637 4187 3238 4153 3164 4187 3164 4187 3164 4187 3159 4187 3159 4187 3153 4187 3153 4187 3153 4187 3147 4187 3022 4153 2857 4187 2857 4187 2857 4193 2282 4193 2276 4187 2276 4187 2271 4187 2134 4148"/></Shape>
	    <String CONTENT="שאין תלמוד לומר אשר לבש וכי עלה על"
                    HPOS="2134.0"
                    VPOS="4005.0"
                    WIDTH="1622.0"
                    HEIGHT="188.0"></String>
          </TextLine>

          
          
          <TextLine ID="eSc_line_9bcdec6d"
                    
                    BASELINE="2091 4214 2160 4225 2794 4225 2832 4218 2991 4214 3500 4206 3727 4210 3760 4202" 
                    HPOS="2071.0"
                    VPOS="4125.0"
                    WIDTH="1691.0"
                    HEIGHT="199.0">
            <Shape><Polygon POINTS="2089 4210 2077 4165 2384 4130 2384 4130 2390 4130 2390 4130 2396 4130 2396 4130 2396 4130 2402 4130 2447 4159 2487 4130 2493 4130 2493 4130 2493 4130 2498 4130 2498 4130 2504 4130 2504 4130 2504 4130 2510 4130 2510 4130 2584 4159 2584 4165 3181 4165 3193 4159 3301 4125 3307 4125 3307 4125 3307 4125 3312 4125 3751 4159 3756 4199 3762 4284 3500 4318 3500 4318 3494 4318 3494 4318 3489 4318 3489 4318 3420 4290 3415 4290 3415 4290 3307 4324 3301 4324 3301 4324 3301 4324 3295 4324 2071 4295"/></Shape>
	    <String CONTENT="דעתינו כלום הוא פושט אלא מה שלובש"
                    HPOS="2071.0"
                    VPOS="4125.0"
                    WIDTH="1691.0"
                    HEIGHT="199.0"></String>
          </TextLine>

          
          
          <TextLine ID="eSc_line_ba3f5124"
                    
                    BASELINE="2160 4362 2740 4362 2778 4354 3010 4350 3048 4343 3652 4347 3760 4323" 
                    HPOS="2145.0"
                    VPOS="4273.0"
                    WIDTH="1611.0"
                    HEIGHT="182.0">
            <Shape><Polygon POINTS="2157 4358 2145 4295 3745 4273 3756 4318 3756 4421 3301 4421 3284 4421 3124 4455 3124 4455 3124 4455 3119 4455 2151 4426"/></Shape>
	    <String CONTENT="אם כן למה נאמר אשר לבש הקיש [פשי&#39;]"
                    HPOS="2145.0"
                    VPOS="4273.0"
                    WIDTH="1611.0"
                    HEIGHT="182.0"></String>
          </TextLine>

          
          
          <TextLine ID="eSc_line_29ddc524"
                    
                    BASELINE="2148 4487 2296 4498 2680 4498 2854 4487 2949 4487 3002 4476 3393 4483 3435 4476 3640 4464 3760 4467" 
                    HPOS="2134.0"
                    VPOS="4386.0"
                    WIDTH="1622.0"
                    HEIGHT="211.0">
            <Shape><Polygon POINTS="2145 4483 2134 4432 3745 4386 3756 4466 3739 4586 2350 4569 2140 4597"/></Shape>
	    <String CONTENT="פשיטה ללבישה מה לבישה בקידוש ידים"
                    HPOS="2134.0"
                    VPOS="4386.0"
                    WIDTH="1622.0"
                    HEIGHT="211.0"></String>
          </TextLine>

          
          
          <TextLine ID="eSc_line_8c13b30d"
                    
                    BASELINE="2167 4624 2277 4616 2968 4620 3249 4601 3724 4601 3760 4605" 
                    HPOS="2151.0"
                    VPOS="4523.0"
                    WIDTH="1605.0"
                    HEIGHT="205.0">
            <Shape><Polygon POINTS="2163 4620 2151 4563 2339 4529 2339 4529 2345 4529 2345 4529 2345 4529 2504 4557 2515 4557 2567 4557 3318 4523 3324 4523 3751 4552 3756 4603 3739 4682 3494 4722 3494 4722 3489 4722 3489 4722 3136 4688 3102 4688 3096 4688 3028 4728 3028 4728 3028 4728 3022 4728 3022 4728 3022 4728 3016 4728 2157 4694"/></Shape>
	    <String CONTENT="ורגלים אף פשיטה בקידוש ידים ורגלים"
                    HPOS="2151.0"
                    VPOS="4523.0"
                    WIDTH="1605.0"
                    HEIGHT="205.0"></String>
          </TextLine>

          
          
          <TextLine ID="eSc_line_286c2946"
                    
                    BASELINE="2179 4756 2695 4756 2987 4745 3033 4734 3120 4741 3652 4741 3758 4730" 
                    HPOS="2174.0"
                    VPOS="4654.0"
                    WIDTH="1582.0"
                    HEIGHT="199.0">
            <Shape><Polygon POINTS="2174 4751 2237 4705 2527 4717 2612 4677 2663 4711 2749 4711 2783 4682 2908 4711 3073 4699 3153 4654 3238 4694 3324 4671 3546 4694 3734 4671 3756 4728 3734 4825 3563 4819 3534 4790 3455 4813 3386 4773 3352 4808 3216 4819 2709 4847 2663 4819 2635 4842 2532 4819 2254 4853 2180 4790"/></Shape>
	    <String CONTENT="והניחם שם מלמד שטעונין גניזה ואין"
                    HPOS="2174.0"
                    VPOS="4654.0"
                    WIDTH="1582.0"
                    HEIGHT="199.0"></String>
          </TextLine>

          
          
          <TextLine ID="eSc_line_cc8b0785"
                    
                    BASELINE="2118 4878 2497 4885 2805 4882 2930 4874 3181 4874 3226 4882 3302 4866 3443 4866 3492 4859 3727 4859 3760 4865" 
                    HPOS="2106.0"
                    VPOS="4790.0"
                    WIDTH="1650.0"
                    HEIGHT="188.0">
            <Shape><Polygon POINTS="2117 4876 2106 4825 2891 4790 2897 4790 2897 4790 2897 4790 2902 4790 2902 4790 2902 4790 2908 4790 2908 4790 2937 4813 2942 4819 2999 4813 3312 4790 3318 4790 3751 4813 3756 4864 3734 4950 3238 4950 3238 4950 3159 4978 3159 4978 3153 4978 3153 4978 3147 4978 2106 4950"/></Shape>
	    <String CONTENT="כשירין ליום הכיפורים הבא ˙ ר&#39; דוסא אומר"
                    HPOS="2106.0"
                    VPOS="4790.0"
                    WIDTH="1650.0"
                    HEIGHT="188.0"></String>
          </TextLine>

          
          
          <TextLine ID="eSc_line_43b88f2a"
                    
                    BASELINE="2194 5007 2752 5014 2843 5007 3086 5003 3128 4995 3760 4995" 
                    HPOS="2180.0"
                    VPOS="4916.0"
                    WIDTH="1576.0"
                    HEIGHT="193.0">
            <Shape><Polygon POINTS="2191 5001 2191 4950 2641 4950 2720 4916 2720 4916 2726 4916 2726 4916 2732 4916 2732 4916 2732 4916 2737 4916 2846 4950 2863 4950 2914 4950 3176 4921 3176 4921 3181 4921 3751 4950 3756 4990 3751 5086 2880 5109 2874 5109 2874 5109 2874 5109 2868 5109 2772 5081 2760 5075 2754 5081 2715 5103 2709 5103 2709 5103 2709 5103 2703 5103 2703 5103 2703 5109 2328 5109 2322 5103 2322 5103 2180 5069"/></Shape>
	    <String CONTENT="כשירין הן לכהן הדיוט ורחץ את בשרו"
                    HPOS="2180.0"
                    VPOS="4916.0"
                    WIDTH="1576.0"
                    HEIGHT="193.0"></String>
          </TextLine>

          
          
          <TextLine ID="eSc_line_c5f7295e"
                    
                    BASELINE="2110 5136 2467 5143 2744 5139 2839 5132 3705 5132 3760 5143" 
                    HPOS="2094.0"
                    VPOS="5064.0"
                    WIDTH="1662.0"
                    HEIGHT="159.0">
            <Shape><Polygon POINTS="2106 5132 2106 5064 3751 5069 3756 5138 3734 5223 2094 5206"/></Shape>
	    <String CONTENT="במים קדוש בלישכת בית הפרוה וחמש [טב&#39;]"
                    HPOS="2094.0"
                    VPOS="5064.0"
                    WIDTH="1662.0"
                    HEIGHT="159.0"></String>
          </TextLine>

          
          
          <TextLine ID="eSc_line_6217e71c"
                    
                    BASELINE="2137 5268 2558 5268 2604 5276 2649 5265 2843 5261 2881 5253 3760 5253" 
                    HPOS="2123.0"
                    VPOS="5189.0"
                    WIDTH="1633.0"
                    HEIGHT="153.0">
            <Shape><Polygon POINTS="2134 5263 2123 5200 3745 5189 3756 5251 3745 5342 2128 5337"/></Shape>
	    <String CONTENT="טבילות היו שם באותו היום וכולן בקודש"
                    HPOS="2123.0"
                    VPOS="5189.0"
                    WIDTH="1633.0"
                    HEIGHT="153.0"></String>
          </TextLine>

          
          
          <TextLine ID="eSc_line_6c034311"
                    
                    BASELINE="2061 5394 2748 5394 3029 5386 3760 5404" 
                    HPOS="2052"
                    VPOS="5297"
                    WIDTH="1704"
                    HEIGHT="174">
            <Shape><Polygon POINTS="2060 5388 2054 5314 3176 5297 3181 5297 3756 5342 3756 5399 3754 5471 3236 5471 3231 5471 3225 5471 3219 5471 3094 5471 3060 5471 2957 5471 2855 5471 2849 5471 2843 5471 2838 5471 2815 5471 2713 5471 2252 5471 2212 5471 2143 5471 2138 5471 2132 5471 2126 5471 2121 5471 2052 5471"/></Shape>
	    <String CONTENT="בבית הפרוה חוץ מן הראשונה שהיא בחול"
                    HPOS="2052"
                    VPOS="5297"
                    WIDTH="1704"
                    HEIGHT="174"></String>
          </TextLine>

          
        </TextBlock>
        
        <TextBlock HPOS="330.0"
                   VPOS="770.0"
                   WIDTH="1382.0"
                   HEIGHT="4688.0"
                   ID="eSc_textblock_49f9fbed"
                   TAGREFS="BT2">
          <Shape><Polygon POINTS="1712 5458 1712 804 1681 770 379 770 345 804 330 1365 345 5428 1712 5458"/></Shape>
          
          
          <TextLine ID="eSc_line_4a30fc6d"
                    
                    BASELINE="432 1001 501 971 744 933 835 910 964 910 1260 880 1712 869" 
                    HPOS="415.0"
                    VPOS="762.0"
                    WIDTH="1298.0"
                    HEIGHT="302.0">
            <Shape><Polygon POINTS="426 995 415 864 688 864 734 842 808 813 808 813 813 813 813 813 819 813 819 813 819 813 825 813 825 813 825 813 831 813 859 836 876 847 944 830 1115 790 1115 790 1115 790 1121 790 1121 790 1303 813 1343 813 1377 807 1553 762 1559 762 1559 762 1565 762 1565 762 1565 762 1701 790 1707 864 1713 938 1610 984 1610 984 1605 984 1605 984 1605 984 1599 984 1599 984 1593 984 1593 984 1593 984 1588 984 1542 955 1542 955 438 1064"/></Shape>
	    <String CONTENT="על שער המים ויצא ועשה את עולתו ואת"
                    HPOS="415.0"
                    VPOS="762.0"
                    WIDTH="1298.0"
                    HEIGHT="302.0"></String>
          </TextLine>

          
          
          <TextLine ID="eSc_line_31218613"
                    
                    BASELINE="421 1130 531 1100 565 1081 607 1084 668 1073 979 1043 1017 1031 1104 1039 1435 1020 1696 1024 1712 1020" 
                    HPOS="404.0"
                    VPOS="927.0"
                    WIDTH="1309.0"
                    HEIGHT="273.0">
            <Shape><Polygon POINTS="415 1126 404 1035 836 972 836 972 1457 967 1548 927 1548 927 1553 927 1553 927 1559 927 1559 927 1559 927 1701 955 1707 1018 1713 1081 1588 1126 1588 1126 1582 1126 1582 1126 1576 1126 1576 1126 1576 1126 1571 1126 1571 1126 1571 1126 1565 1126 1525 1098 1525 1098 1514 1098 1405 1138 1400 1138 1400 1138 1400 1138 1394 1138 1394 1138 1394 1138 1388 1138 1388 1138 1337 1115 1314 1109 1275 1120 1195 1149 1189 1149 1189 1149 1189 1149 1183 1149 1183 1149 1178 1149 1178 1149 1178 1149 1172 1149 1155 1132 1132 1120 1092 1138 1047 1160 1047 1160 1041 1160 1041 1160 1041 1160 1035 1160 939 1155 779 1143 421 1200"/></Shape>
	    <String CONTENT="עולת העם וכפר בעדו ובעד ביתו עולתו קודמת"
                    HPOS="404.0"
                    VPOS="927.0"
                    WIDTH="1309.0"
                    HEIGHT="273.0"></String>
          </TextLine>

          
          
          <TextLine ID="eSc_line_8b5b6344"
                    
                    BASELINE="436 1248 546 1213 596 1221 633 1217 683 1198 721 1206 854 1187 1025 1179 1066 1172 1294 1175 1332 1168 1442 1164 1488 1153 1575 1160 1712 1160" 
                    HPOS="421.0"
                    VPOS="1058.0"
                    WIDTH="1286.0"
                    HEIGHT="273.0">
            <Shape><Polygon POINTS="432 1246 421 1160 739 1149 751 1132 785 1103 785 1098 785 1098 791 1098 791 1098 791 1098 796 1098 796 1098 796 1098 802 1098 1018 1109 1127 1115 1183 1098 1246 1075 1246 1075 1252 1075 1252 1075 1257 1075 1257 1075 1349 1086 1479 1098 1525 1069 1531 1064 1536 1064 1536 1064 1536 1064 1542 1064 1542 1064 1548 1064 1548 1064 1548 1064 1553 1064 1553 1064 1553 1064 1559 1064 1559 1064 1559 1069 1593 1098 1690 1058 1707 1155 1707 1268 1149 1268 438 1331"/></Shape>
	    <String CONTENT="לעולת העם כפרתו קודמת לכפרת העם ואת חלב"
                    HPOS="421.0"
                    VPOS="1058.0"
                    WIDTH="1286.0"
                    HEIGHT="273.0"></String>
          </TextLine>

          
          
          <TextLine ID="eSc_line_7c10e360"
                    
                    BASELINE="391 1388 546 1358 1131 1308 1222 1312 1431 1293 1712 1297" 
                    HPOS="375.0"
                    VPOS="1223.0"
                    WIDTH="1332.0"
                    HEIGHT="267.0">
            <Shape><Polygon POINTS="387 1382 375 1320 802 1257 802 1257 1696 1223 1707 1291 1707 1388 392 1490"/></Shape>
	    <String CONTENT="החטאת יקטיר המזבחה יקטיר אף בשבת [א&#39;]"
                    HPOS="375.0"
                    VPOS="1223.0"
                    WIDTH="1332.0"
                    HEIGHT="267.0"></String>
          </TextLine>

          
          
          <TextLine ID="eSc_line_dd4b9ea2"
                    
                    BASELINE="1085 1437 1154 1430 1230 1437 1522 1430 1712 1432" 
                    HPOS="1070.0"
                    VPOS="1376.0"
                    WIDTH="637.0"
                    HEIGHT="160.0">
            <Shape><Polygon POINTS="1081 1433 1070 1382 1696 1376 1707 1428 1701 1536 1075 1530"/></Shape>
	    <String CONTENT="אף בטומאה ˙"
                    HPOS="1070.0"
                    VPOS="1376.0"
                    WIDTH="637.0"
                    HEIGHT="160.0"></String>
          </TextLine>

          
          
          <TextLine ID="eSc_line_ace9e194"
                    
                    BASELINE="694 1585 1055 1585 1123 1574" 
                    HPOS="688.0"
                    VPOS="1468.0"
                    WIDTH="433.0"
                    HEIGHT="210.0">
            <Shape><Polygon POINTS="688 1581 774 1530 842 1524 910 1468 967 1524 1041 1502 1121 1570 1104 1627 1047 1667 961 1650 785 1678 734 1627 694 1627"/></Shape>
	    <String CONTENT="פרשתא ˙"
                    HPOS="688.0"
                    VPOS="1468.0"
                    WIDTH="433.0"
                    HEIGHT="210.0"></String>
          </TextLine>

          
          
          <TextLine ID="eSc_line_1ac5807f"
                    
                    BASELINE="341 1763 413 1748 618 1752 770 1733 808 1737 990 1718 1150 1725 1195 1714 1366 1703 1712 1707" 
                    HPOS="330.0"
                    VPOS="1615.0"
                    WIDTH="1377.0"
                    HEIGHT="205.0">
            <Shape><Polygon POINTS="335 1758 330 1684 552 1684 557 1672 591 1638 591 1638 591 1633 591 1633 597 1633 597 1633 603 1633 603 1633 603 1633 609 1633 609 1633 614 1633 614 1633 614 1633 688 1667 700 1672 813 1667 1400 1615 1400 1615 1405 1615 1701 1638 1707 1707 1696 1786 335 1820"/></Shape>
	    <String CONTENT="והמשלח לא המשלח את המשלח והמשלח"
                    HPOS="330.0"
                    VPOS="1615.0"
                    WIDTH="1377.0"
                    HEIGHT="205.0"></String>
          </TextLine>

          
          
          <TextLine ID="eSc_line_e3b94a47"
                    
                    BASELINE="341 1892 410 1900 520 1885 603 1889 774 1870 816 1873 945 1862 1397 1847 1442 1835 1712 1843" 
                    HPOS="318.0"
                    VPOS="1758.0"
                    WIDTH="1389.0"
                    HEIGHT="227.0">
            <Shape><Polygon POINTS="335 1889 324 1832 1178 1763 1183 1763 1183 1763 1183 1763 1189 1763 1303 1792 1633 1758 1633 1758 1639 1758 1639 1758 1639 1758 1645 1758 1645 1758 1707 1786 1707 1837 1701 1906 1326 1957 1326 1957 1320 1957 939 1940 842 1974 842 1974 836 1974 836 1974 831 1974 831 1974 637 1951 392 1985 392 1985 387 1985 387 1985 387 1985 381 1985 381 1985 381 1985 318 1951"/></Shape>
	    <String CONTENT="את השעיר לעזאזל יכבס בגדיו יכול יכבס [/]"
                    HPOS="318.0"
                    VPOS="1758.0"
                    WIDTH="1389.0"
                    HEIGHT="227.0"></String>
          </TextLine>

          
          
          <TextLine ID="eSc_line_9637b960"
                    
                    BASELINE="315 2055 368 2021 611 2025 774 2006 812 2010 1051 1999 1093 1987 1309 1995 1351 1991 1393 1999 1431 1987 1537 1983 1575 1976 1696 1976 1712 1979" 
                    HPOS="301.0"
                    VPOS="1917.0"
                    WIDTH="1406.0"
                    HEIGHT="205.0">
            <Shape><Polygon POINTS="313 2054 301 1968 1696 1917 1707 1974 1701 2054 1314 2099 1309 2099 711 2093 648 2122 648 2122 643 2122 643 2122 643 2122 637 2122 324 2099"/></Shape>
	    <String CONTENT="בגדיו הא כיצד כיון שיצא חומת ירושלם [מ&#39;]"
                    HPOS="301.0"
                    VPOS="1917.0"
                    WIDTH="1406.0"
                    HEIGHT="205.0"></String>
          </TextLine>

          
          
          <TextLine ID="eSc_line_1603b111"
                    
                    BASELINE="341 2154 523 2162 637 2147 937 2128 1104 2131 1275 2120 1605 2112 1712 2115" 
                    HPOS="324.0"
                    VPOS="2031.0"
                    WIDTH="1383.0"
                    HEIGHT="216.0">
            <Shape><Polygon POINTS="335 2150 324 2088 1497 2065 1497 2059 1571 2031 1571 2031 1576 2031 1576 2031 1576 2031 1582 2031 1582 2031 1582 2031 1701 2059 1707 2110 1701 2213 1457 2184 1286 2224 1280 2224 1280 2224 1280 2224 1275 2224 1275 2224 1269 2224 1041 2196 330 2247"/></Shape>
	    <String CONTENT="מטמי בגדים דברי ר&#39; יהודה ר&#39; יוסה אומר [לעז&#39;]"
                    HPOS="324.0"
                    VPOS="2031.0"
                    WIDTH="1383.0"
                    HEIGHT="216.0"></String>
          </TextLine>

          
          
          <TextLine ID="eSc_line_98a718ac"
                    
                    BASELINE="330 2287 402 2287 440 2279 615 2279 823 2264 861 2268 1157 2249 1340 2253 1378 2245 1484 2241 1533 2230 1575 2238 1712 2238" 
                    HPOS="313.0"
                    VPOS="2179.0"
                    WIDTH="1394.0"
                    HEIGHT="216.0">
            <Shape><Polygon POINTS="324 2281 313 2230 1696 2179 1707 2236 1696 2338 1337 2327 1314 2349 1303 2355 1303 2361 1303 2361 1297 2361 1297 2361 1297 2361 1292 2361 1292 2361 1292 2361 1286 2361 1127 2355 961 2344 802 2361 466 2395 466 2395 461 2395 461 2395 318 2367"/></Shape>
	    <String CONTENT="לעזאזל יכבס בגדיו אינו מטמא בגדים עד"
                    HPOS="313.0"
                    VPOS="2179.0"
                    WIDTH="1394.0"
                    HEIGHT="216.0"></String>
          </TextLine>

          
          
          <TextLine ID="eSc_line_e2aeaa65"
                    
                    BASELINE="337 2416 535 2404 892 2393 930 2386 1100 2389 1150 2382 1305 2378 1351 2367 1480 2374 1696 2374 1712 2370" 
                    HPOS="324.0"
                    VPOS="2293.0"
                    WIDTH="1389.0"
                    HEIGHT="221.0">
            <Shape><Polygon POINTS="335 2412 324 2349 1269 2327 1309 2293 1309 2293 1314 2293 1314 2293 1320 2293 1320 2293 1320 2293 1326 2293 1701 2321 1707 2367 1713 2475 1457 2492 1451 2492 1451 2492 1451 2492 1445 2492 1445 2492 1417 2480 1354 2452 1309 2480 1292 2497 1286 2497 1286 2497 1286 2497 1280 2497 1280 2497 1280 2497 1275 2497 1275 2497 1275 2497 1269 2497 1269 2497 1263 2497 1263 2497 1263 2492 1252 2480 1218 2458 1109 2458 1075 2486 1058 2497 1058 2503 1058 2503 1053 2503 1053 2503 1047 2503 1047 2503 1047 2503 1041 2503 1041 2503 1041 2503 1035 2503 984 2486 916 2463 739 2492 569 2514 569 2514 563 2514 563 2514 330 2492"/></Shape>
	    <String CONTENT="שיגיע לצוק ר&#39; שמעון אומר המשלח את"
                    HPOS="324.0"
                    VPOS="2293.0"
                    WIDTH="1389.0"
                    HEIGHT="221.0"></String>
          </TextLine>

          
          
          <TextLine ID="eSc_line_86b53859"
                    
                    BASELINE="318 2526 383 2541 466 2541 801 2530 838 2522 1085 2526 1199 2514 1290 2514 1328 2507 1712 2511" 
                    HPOS="295.0"
                    VPOS="2429.0"
                    WIDTH="1412.0"
                    HEIGHT="205.0">
            <Shape><Polygon POINTS="313 2520 301 2480 1081 2435 1087 2435 1087 2435 1087 2435 1212 2463 1218 2463 1229 2463 1320 2429 1326 2429 1326 2429 1326 2429 1331 2429 1701 2458 1707 2509 1696 2588 1195 2628 1189 2628 1189 2628 939 2606 905 2634 905 2634 899 2634 899 2634 899 2634 893 2634 893 2634 893 2634 887 2634 887 2634 882 2634 882 2634 882 2634 808 2600 717 2634 717 2634 711 2634 711 2634 711 2634 705 2634 295 2600"/></Shape>
	    <String CONTENT="השעיר לעזאזל יכבס בגדיו הם והזוקרן בת"
                    HPOS="295.0"
                    VPOS="2429.0"
                    WIDTH="1412.0"
                    HEIGHT="205.0"></String>
          </TextLine>

          
          
          <TextLine ID="eSc_line_34fa3e86"
                    
                    BASELINE="296 2674 630 2666 671 2659 888 2662 926 2655 1081 2651 1123 2643 1712 2647" 
                    HPOS="284.0"
                    VPOS="2566.0"
                    WIDTH="1423.0"
                    HEIGHT="199.0">
            <Shape><Polygon POINTS="295 2668 284 2606 1696 2566 1707 2645 1684 2759 1605 2725 1434 2725 1405 2753 1400 2753 1400 2759 1400 2759 1394 2759 1394 2759 1394 2759 1388 2759 1388 2759 1388 2759 1383 2759 1383 2759 1377 2759 1343 2753 1240 2725 1172 2748 1138 2759 1138 2759 1132 2759 1132 2759 1127 2759 1127 2759 984 2742 876 2731 825 2742 728 2759 728 2759 728 2759 722 2759 722 2759 722 2759 717 2759 717 2759 717 2759 711 2759 683 2736 671 2725 654 2736 626 2759 620 2759 620 2759 620 2759 614 2759 614 2759 614 2765 387 2765 381 2759 381 2759 375 2759 375 2759 284 2725"/></Shape>
	    <String CONTENT="הראש מטמא בגדים יכבס בגדיו ורחץ בשרו"
                    HPOS="284.0"
                    VPOS="2566.0"
                    WIDTH="1423.0"
                    HEIGHT="199.0"></String>
          </TextLine>

          
          
          <TextLine ID="eSc_line_41ce0654"
                    
                    BASELINE="318 2780 379 2795 497 2803 558 2791 827 2791 1154 2780 1712 2780" 
                    HPOS="290.0"
                    VPOS="2697.0"
                    WIDTH="1417.0"
                    HEIGHT="199.0">
            <Shape><Polygon POINTS="313 2776 307 2731 591 2731 597 2725 637 2697 643 2697 643 2697 643 2697 648 2697 648 2697 654 2697 1701 2719 1707 2776 1696 2890 1582 2862 1434 2890 1377 2896 1377 2896 1371 2896 1371 2896 1371 2896 1309 2884 1206 2867 1070 2884 944 2896 944 2896 939 2896 290 2867"/></Shape>
	    <String CONTENT="יכול גזירת מלך הוא תלמוד לומר ואחר יבא"
                    HPOS="290.0"
                    VPOS="2697.0"
                    WIDTH="1417.0"
                    HEIGHT="199.0"></String>
          </TextLine>

          
          
          <TextLine ID="eSc_line_0fcc419f"
                    
                    BASELINE="341 2909 1131 2909 1188 2901 1712 2901" 
                    HPOS="330.0"
                    VPOS="2856.0"
                    WIDTH="1377.0"
                    HEIGHT="136.0">
            <Shape><Polygon POINTS="335 2907 330 2856 1701 2856 1707 2896 1701 2987 335 2992"/></Shape>
	    <String CONTENT="אל המחנה מה ואחר האמור להלן מפני"
                    HPOS="330.0"
                    VPOS="2856.0"
                    WIDTH="1377.0"
                    HEIGHT="136.0"></String>
          </TextLine>

          
          
          <TextLine ID="eSc_line_725ed3ce"
                    
                    BASELINE="356 3027 417 3042 1131 3042 1222 3034 1491 3030 1529 3023 1712 3029" 
                    HPOS="335.0"
                    VPOS="2981.0"
                    WIDTH="1372.0"
                    HEIGHT="142.0">
            <Shape><Polygon POINTS="352 3021 347 2981 1701 2981 1707 3027 1696 3118 335 3123"/></Shape>
	    <String CONTENT="הטומאה אף כאן מפני הטומאה ˙ ואת"
                    HPOS="335.0"
                    VPOS="2981.0"
                    WIDTH="1372.0"
                    HEIGHT="142.0"></String>
          </TextLine>

          
          
          <TextLine ID="eSc_line_3719d392"
                    
                    BASELINE="372 3167 485 3159 751 3159 888 3167 1389 3171 1484 3178 1617 3178 1712 3171" 
                    HPOS="352.0"
                    VPOS="3095.0"
                    WIDTH="1355.0"
                    HEIGHT="176.0">
            <Shape><Polygon POINTS="369 3163 364 3112 1696 3095 1707 3169 1701 3271 802 3271 796 3266 796 3266 677 3243 648 3237 620 3237 426 3266 426 3266 421 3266 421 3266 421 3266 415 3266 415 3266 415 3266 352 3231"/></Shape>
	    <String CONTENT="פר החטאת ואת שעיר החטאת אשר"
                    HPOS="352.0"
                    VPOS="3095.0"
                    WIDTH="1355.0"
                    HEIGHT="176.0"></String>
          </TextLine>

          
          
          <TextLine ID="eSc_line_3f2d436b"
                    
                    BASELINE="345 3285 611 3292 706 3300 1222 3300 1302 3292 1347 3303 1435 3303 1476 3315 1662 3315 1712 3309" 
                    HPOS="330.0"
                    VPOS="3243.0"
                    WIDTH="1377.0"
                    HEIGHT="153.0">
            <Shape><Polygon POINTS="341 3283 341 3243 1701 3248 1707 3305 1707 3362 1588 3396 1582 3396 1582 3396 1582 3396 1576 3396 1240 3374 745 3396 739 3396 739 3396 739 3396 734 3396 734 3396 734 3396 728 3396 683 3362 546 3391 546 3391 546 3391 540 3391 540 3391 330 3357"/></Shape>
	    <String CONTENT="יובא את דמם לכפר בקודש וגו&#39; ˙ והשורף [א&#39;]"
                    HPOS="330.0"
                    VPOS="3243.0"
                    WIDTH="1377.0"
                    HEIGHT="153.0"></String>
          </TextLine>

          
          
          <TextLine ID="eSc_line_4a78043b"
                    
                    BASELINE="326 3406 516 3421 725 3414 766 3425 968 3436 1529 3432 1685 3440 1712 3447" 
                    HPOS="313.0"
                    VPOS="3357.0"
                    WIDTH="1394.0"
                    HEIGHT="193.0">
            <Shape><Polygon POINTS="324 3402 324 3357 1707 3374 1707 3442 1679 3550 1576 3516 1531 3544 1531 3550 1525 3550 1525 3550 1525 3550 1519 3550 1519 3550 1519 3550 1514 3550 1514 3550 1508 3550 1485 3544 1400 3522 1121 3533 774 3544 768 3544 768 3544 762 3544 762 3544 762 3544 705 3516 677 3505 654 3516 597 3539 597 3539 591 3539 591 3539 591 3539 586 3539 586 3539 586 3539 580 3539 580 3539 574 3539 529 3510 512 3505 313 3505"/></Shape>
	    <String CONTENT="אותם מה תלמוד לומר שיכול אין לי מטמא"
                    HPOS="313.0"
                    VPOS="3357.0"
                    WIDTH="1394.0"
                    HEIGHT="193.0"></String>
          </TextLine>

          
          
          <TextLine ID="eSc_line_ec8e5e11"
                    
                    BASELINE="341 3546 459 3558 770 3554 846 3561 952 3561 994 3565 1032 3577 1108 3569 1712 3573" 
                    HPOS="318.0"
                    VPOS="3476.0"
                    WIDTH="1389.0"
                    HEIGHT="199.0">
            <Shape><Polygon POINTS="335 3544 318 3516 369 3476 369 3476 375 3476 375 3476 375 3476 381 3476 381 3476 387 3476 1701 3516 1707 3567 1701 3647 637 3675 631 3675 631 3675 626 3675 626 3675 626 3675 620 3675 574 3641 569 3641 330 3641"/></Shape>
	    <String CONTENT="בגדים ונשרפין אבית הדשן אלא אילו בלבד"
                    HPOS="318.0"
                    VPOS="3476.0"
                    WIDTH="1389.0"
                    HEIGHT="199.0"></String>
          </TextLine>

          
          
          <TextLine ID="eSc_line_72110098"
                    
                    BASELINE="349 3671 410 3668 489 3679 527 3675 709 3683 835 3694 1123 3690 1161 3698 1370 3709 1712 3709" 
                    HPOS="335.0"
                    VPOS="3630.0"
                    WIDTH="1378.0"
                    HEIGHT="182.0">
            <Shape><Polygon POINTS="347 3670 341 3635 1701 3630 1707 3704 1713 3772 1645 3812 1639 3812 1639 3812 1633 3812 1633 3812 1633 3812 1627 3812 1627 3812 1622 3812 1485 3778 973 3806 967 3806 967 3806 967 3806 961 3806 961 3806 876 3772 648 3800 648 3800 643 3800 643 3800 335 3755"/></Shape>
	    <String CONTENT="מניין לרבות פר כהן משיח ופר העלם דבר [מ&#39;]"
                    HPOS="335.0"
                    VPOS="3630.0"
                    WIDTH="1378.0"
                    HEIGHT="182.0"></String>
          </TextLine>

          
          
          <TextLine ID="eSc_line_c62c220f"
                    
                    BASELINE="345 3789 459 3800 554 3800 702 3816 793 3812 1176 3831 1647 3827 1712 3843" 
                    HPOS="324.0"
                    VPOS="3749.0"
                    WIDTH="1383.0"
                    HEIGHT="199.0">
            <Shape><Polygon POINTS="341 3783 341 3749 1707 3778 1707 3840 1696 3903 1656 3943 1656 3948 1656 3948 1650 3948 1650 3948 1650 3948 1645 3948 1645 3948 1645 3948 1639 3948 1639 3948 1633 3948 1633 3948 1519 3909 1337 3943 1337 3943 1337 3943 1331 3943 1331 3943 1326 3943 1326 3943 1326 3943 1320 3943 1320 3943 1320 3937 1275 3903 1064 3937 1064 3937 1058 3937 1058 3937 1058 3937 1053 3937 1053 3937 1053 3937 961 3891 779 3931 779 3931 779 3931 774 3931 774 3931 324 3874"/></Shape>
	    <String CONTENT="משל ציבור ושעירי ע&#39;ז&#39; תלמוד לומר חטאת"
                    HPOS="324.0"
                    VPOS="3749.0"
                    WIDTH="1383.0"
                    HEIGHT="199.0"></String>
          </TextLine>

          
          
          <TextLine ID="eSc_line_afaecfa4"
                    
                    BASELINE="349 3910 455 3922 539 3918 683 3937 861 3941 987 3952 1157 3948 1195 3956 1385 3967 1712 3967" 
                    HPOS="335.0"
                    VPOS="3852.0"
                    WIDTH="1372.0"
                    HEIGHT="222.0">
            <Shape><Polygon POINTS="347 3909 347 3852 1707 3903 1707 3965 1701 4074 1121 4074 1115 4068 1115 4068 1109 4068 1109 4068 1109 4068 1104 4068 1104 4068 1104 4062 1081 4045 1070 4034 1058 4039 1041 4056 1041 4056 1035 4056 1035 4056 1035 4056 1030 4056 1030 4056 1030 4062 734 4062 728 4056 728 4056 722 4056 722 4056 722 4056 717 4056 717 4056 677 4022 671 4022 660 4022 523 4045 523 4045 517 4045 517 4045 517 4045 512 4045 512 4045 512 4045 506 4045 506 4045 472 4017 466 4011 335 4011"/></Shape>
	    <String CONTENT="חטאת דברי ר&#39; יהודה ר&#39; אומר ממקומו הוא [מ&#39;]"
                    HPOS="335.0"
                    VPOS="3852.0"
                    WIDTH="1372.0"
                    HEIGHT="222.0"></String>
          </TextLine>

          
          
          <TextLine ID="eSc_line_1f038af9"
                    
                    BASELINE="356 4036 463 4047 516 4062 558 4055 793 4074 1013 4070 1051 4077 1161 4077 1199 4085 1283 4089 1613 4085 1712 4090" 
                    HPOS="341.0"
                    VPOS="4005.0"
                    WIDTH="1366.0"
                    HEIGHT="177.0">
            <Shape><Polygon POINTS="352 4034 352 4005 1707 4034 1707 4085 1690 4182 341 4142"/></Shape>
	    <String CONTENT="מוכרע אשר הובא את דמם לכפר בקודש זה"
                    HPOS="341.0"
                    VPOS="4005.0"
                    WIDTH="1366.0"
                    HEIGHT="177.0"></String>
          </TextLine>

          
          
          <TextLine ID="eSc_line_3d415f7b"
                    
                    BASELINE="334 4165 440 4176 531 4176 671 4195 797 4191 930 4210 1097 4206 1275 4225 1571 4221 1655 4237 1712 4237" 
                    HPOS="313.0"
                    VPOS="4108.0"
                    WIDTH="1394.0"
                    HEIGHT="227.0">
            <Shape><Polygon POINTS="330 4159 324 4125 591 4108 597 4108 597 4108 859 4130 1109 4153 1206 4136 1257 4130 1257 4130 1263 4130 1263 4130 1354 4142 1599 4170 1696 4148 1707 4233 1696 4335 313 4261"/></Shape>
	    <String CONTENT="ביניין אב כל שדמו נכנס לפנים השורפו [מטמ&#39;]"
                    HPOS="313.0"
                    VPOS="4108.0"
                    WIDTH="1394.0"
                    HEIGHT="227.0"></String>
          </TextLine>

          
          
          <TextLine ID="eSc_line_114a65a0"
                    
                    BASELINE="372 4294 550 4313 633 4309 755 4331 876 4324 914 4335 1028 4347 1192 4343 1343 4362 1712 4362" 
                    HPOS="358.0"
                    VPOS="4239.0"
                    WIDTH="1349.0"
                    HEIGHT="210.0">
            <Shape><Polygon POINTS="369 4290 364 4267 478 4239 478 4239 478 4239 483 4239 483 4239 483 4239 648 4273 671 4278 1707 4295 1707 4358 1696 4449 358 4398"/></Shape>
	    <String CONTENT="מטמא בגדים לכפר בקודש אם כיפרו [במ&#39;]"
                    HPOS="358.0"
                    VPOS="4239.0"
                    WIDTH="1349.0"
                    HEIGHT="210.0"></String>
          </TextLine>

          
          
          <TextLine ID="eSc_line_39a937ef"
                    
                    BASELINE="345 4423 698 4453 736 4449 774 4457 816 4457 865 4472 952 4464 1066 4476 1108 4487 1154 4479 1328 4479 1472 4498 1712 4492" 
                    HPOS="324.0"
                    VPOS="4358.0"
                    WIDTH="1383.0"
                    HEIGHT="250.0">
            <Shape><Polygon POINTS="341 4421 330 4386 404 4358 404 4358 409 4358 409 4358 415 4358 1701 4449 1707 4489 1696 4608 324 4517"/></Shape>
	    <String CONTENT="במצוותן נשרפין בבית הדשן ומיטמי בגדים"
                    HPOS="324.0"
                    VPOS="4358.0"
                    WIDTH="1383.0"
                    HEIGHT="250.0"></String>
          </TextLine>

          
          
          <TextLine ID="eSc_line_6a3d063f"
                    
                    BASELINE="368 4544 428 4540 489 4559 535 4555 656 4574 694 4570 846 4589 884 4586 922 4593 1009 4597 1047 4608 1131 4601 1355 4608 1412 4624 1507 4616 1729 4623" 
                    HPOS="352.0"
                    VPOS="4500.0"
                    WIDTH="1372.0"
                    HEIGHT="222.0">
            <Shape><Polygon POINTS="364 4540 364 4500 1719 4580 1724 4620 1707 4722 1479 4688 1440 4705 1423 4717 1423 4717 1423 4717 1417 4717 1417 4717 1411 4717 671 4688 671 4688 671 4688 665 4688 665 4688 586 4648 574 4643 352 4631"/></Shape>
	    <String CONTENT="אם לא כפרו במצוותן נשרפין בבית הבירה"
                    HPOS="352.0"
                    VPOS="4500.0"
                    WIDTH="1372.0"
                    HEIGHT="222.0"></String>
          </TextLine>

          
          
          <TextLine ID="eSc_line_bf6849b6"
                    
                    BASELINE="360 4665 588 4684 645 4696 725 4692 808 4711 933 4715 1051 4726 1097 4722 1381 4741 1651 4737 1729 4747" 
                    HPOS="341.0"
                    VPOS="4597.0"
                    WIDTH="1383.0"
                    HEIGHT="233.0">
            <Shape><Polygon POINTS="358 4660 341 4625 381 4597 387 4597 387 4597 387 4597 392 4597 392 4597 392 4597 398 4597 1719 4699 1724 4745 1701 4830 990 4825 990 4825 990 4825 984 4825 984 4825 882 4785 876 4785 876 4785 791 4813 785 4813 785 4813 785 4813 779 4813 779 4813 774 4813 774 4813 774 4813 768 4813 768 4813 768 4808 734 4779 580 4802 580 4802 574 4802 574 4802 574 4802 341 4751"/></Shape>
	    <String CONTENT="ואינן מיטמאין בגדים יוציא אל מחוץ [ל&#39;]"
                    HPOS="341.0"
                    VPOS="4597.0"
                    WIDTH="1383.0"
                    HEIGHT="233.0"></String>
          </TextLine>

          
          
          <TextLine ID="eSc_line_dcf066bf"
                    
                    BASELINE="372 4809 432 4798 960 4847 1040 4844 1203 4859 1378 4859 1518 4878 1729 4878" 
                    HPOS="364.0"
                    VPOS="4745.0"
                    WIDTH="1360.0"
                    HEIGHT="228.0">
            <Shape><Polygon POINTS="369 4808 369 4745 1724 4808 1724 4876 1713 4973 569 4921 569 4921 569 4921 364 4876"/></Shape>
	    <String CONTENT="למחנה מה להלן את נותן לו שלש מחנות [וכא&#39;]"
                    HPOS="364.0"
                    VPOS="4745.0"
                    WIDTH="1360.0"
                    HEIGHT="228.0"></String>
          </TextLine>

          
          
          <TextLine ID="eSc_line_be6043b0"
                    
                    BASELINE="406 4919 531 4938 573 4935 865 4965 1093 4980 1176 4984 1256 4976 1302 4988 1442 4999 1729 4999" 
                    HPOS="387.0"
                    VPOS="4876.0"
                    WIDTH="1337.0"
                    HEIGHT="227.0">
            <Shape><Polygon POINTS="404 4916 404 4876 1719 4955 1724 4995 1719 5081 1343 5103 1337 5103 1337 5103 1331 5103 1331 5103 1331 5103 1235 5058 1149 5092 1149 5092 1144 5092 1144 5092 1138 5092 1138 5092 387 5007"/></Shape>
	    <String CONTENT="וכאן אתה נותן לו [שלש מחנות] מחנה אחת"
                    HPOS="387.0"
                    VPOS="4876.0"
                    WIDTH="1337.0"
                    HEIGHT="227.0"></String>
          </TextLine>

          
          
          <TextLine ID="eSc_line_47bac6b3"
                    
                    BASELINE="375 5045 478 5060 565 5060 611 5075 656 5071 941 5105 1032 5102 1169 5113 1214 5124 1252 5117 1378 5117 1503 5124 1548 5139 1586 5132 1729 5135" 
                    HPOS="347.0"
                    VPOS="4995.0"
                    WIDTH="1377.0"
                    HEIGHT="245.0">
            <Shape><Polygon POINTS="369 5041 369 4995 1724 5103 1724 5132 1701 5240 347 5138"/></Shape>
	    <String CONTENT="ואם [כאן] כן למה נאמר יוציא אל מחוץ [ל&#39;]"
                    HPOS="347.0"
                    VPOS="4995.0"
                    WIDTH="1377.0"
                    HEIGHT="245.0"></String>
          </TextLine>

          
          
          <TextLine ID="eSc_line_fa3a54fc"
                    
                    BASELINE="387 5151 485 5185 523 5177 607 5193 656 5193 755 5208 797 5208 895 5231 941 5223 1074 5231 1154 5242 1286 5238 1408 5257 1651 5253 1729 5269" 
                    HPOS="352.0"
                    VPOS="5103.0"
                    WIDTH="1372.0"
                    HEIGHT="262.0">
            <Shape><Polygon POINTS="381 5149 381 5103 1724 5206 1724 5268 1707 5365 1218 5365 1212 5359 1212 5359 1206 5359 1206 5359 1109 5320 990 5342 990 5342 990 5342 984 5342 984 5342 352 5257"/></Shape>
	    <String CONTENT="למחנה אלא כיון שיצא חוץ למחנה אחת [ה&#39;]"
                    HPOS="352.0"
                    VPOS="5103.0"
                    WIDTH="1372.0"
                    HEIGHT="262.0"></String>
          </TextLine>

          
          
          <TextLine ID="eSc_line_b9e21bdc"
                    
                    BASELINE="387 5295 447 5284 520 5303 561 5322 774 5352 861 5344 1017 5363 1104 5359 1218 5375 1378 5378 1560 5394 1729 5387" 
                    HPOS="375.0"
                    VPOS="5223.0"
                    WIDTH="1349.0"
                    HEIGHT="301.0">
            <Shape><Polygon POINTS="381 5291 381 5223 813 5291 1719 5320 1724 5382 1719 5519 1104 5524 1098 5524 1098 5524 1092 5524 910 5473 870 5507 870 5507 865 5507 865 5507 865 5507 859 5507 859 5507 853 5507 711 5502 711 5502 711 5502 375 5422"/></Shape>
	    <String CONTENT="השורפו מטמי בגדים מיכן אמרו היו סובלין"
                    HPOS="375.0"
                    VPOS="5223.0"
                    WIDTH="1349.0"
                    HEIGHT="301.0"></String>
          </TextLine>

          
        </TextBlock>
        

        
      </PrintSpace>
    </Page>
  </Layout>
</alto>
