<?xml version="1.0" encoding="UTF-8"?>
<alto xmlns:xsi="http://www.w3.org/2001/XMLSchema-instance"
      xmlns="http://www.loc.gov/standards/alto/ns-v4#"
      xsi:schemaLocation="http://www.loc.gov/standards/alto/ns-v4# http://www.loc.gov/standards/alto/v4/alto-4-2.xsd">
  <Description>
    <MeasurementUnit>pixel</MeasurementUnit>
    <sourceImageInformation>
      <fileName>add_ms_16406_f326v.jpg</fileName>
      
    </sourceImageInformation>
  </Description>
  
  <Tags>
    <OtherTag ID="BT1" LABEL="Title" DESCRIPTION="block type Title"/><OtherTag ID="BT2" LABEL="Main" DESCRIPTION="block type Main"/><OtherTag ID="BT3" LABEL="Commentary" DESCRIPTION="block type Commentary"/><OtherTag ID="BT4" LABEL="Illustration" DESCRIPTION="block type Illustration"/><OtherTag ID="BT224" LABEL="Hole" DESCRIPTION="block type Hole"/><OtherTag ID="BT225" LABEL="Margin" DESCRIPTION="block type Margin"/><OtherTag ID="BT226" LABEL="Paratext" DESCRIPTION="block type Paratext"/>
    <OtherTag ID="LT2" LABEL="Numbering" DESCRIPTION="line type Numbering"/><OtherTag ID="LT3" LABEL="Correction" DESCRIPTION="line type Correction"/><OtherTag ID="LT329" LABEL="Gloss" DESCRIPTION="line type Gloss"/>
  </Tags>
  
  <Layout>
    <Page WIDTH="4833"
          HEIGHT="6898"
          PHYSICAL_IMG_NR="652"
          ID="eSc_dummypage_">
      <PrintSpace HPOS="0"
                  VPOS="0"
                  WIDTH="4833"
                  HEIGHT="6898">
        
        <TextBlock HPOS="2215.0"
                   VPOS="593.0"
                   WIDTH="1667.0"
                   HEIGHT="4798.0"
                   ID="eSc_textblock_f8707568"
                   TAGREFS="BT2">
          <Shape><Polygon POINTS="3821 5391 3867 5376 3882 5177 3882 659 3821 609 2249 593 2215 674 2215 5345 2234 5376 3821 5391"/></Shape>
          
          
          <TextLine ID="eSc_line_fd4706e0"
                    
                    BASELINE="2268 758 2460 754 2548 762 2977 774 3878 766" 
                    HPOS="2266.0"
                    VPOS="655.0"
                    WIDTH="1611.0"
                    HEIGHT="201.0">
            <Shape><Polygon POINTS="2266 753 2284 655 2468 689 2520 655 2583 655 2623 689 2663 655 2704 689 2761 666 2980 684 3060 655 3147 689 3245 672 3342 695 3665 695 3688 672 3774 695 3860 655 3877 764 3860 850 3826 856 3555 856 3532 833 3446 856 2566 833 2525 856 2502 833 2451 850 2272 827"/></Shape>
	    <String CONTENT="בבקעה שפירות ההר קלין ופירות הבקעה [ש&#39;]"
                    HPOS="2266.0"
                    VPOS="655.0"
                    WIDTH="1611.0"
                    HEIGHT="201.0"></String>
          </TextLine>

          
          
          <TextLine ID="eSc_line_398dfb2e"
                    
                    BASELINE="2203 915 2307 904 2349 915 2579 919 2617 927 3836 923 3886 931" 
                    HPOS="2197.0"
                    VPOS="822.0"
                    WIDTH="1686.0"
                    HEIGHT="212.0">
            <Shape><Polygon POINTS="2197 913 2284 822 2330 862 2479 873 2709 873 2732 850 2928 885 3457 885 3480 856 3814 873 3883 925 3791 1011 3653 1000 3555 1028 3486 1000 3417 1028 3170 1011 3118 1034 3072 994 2836 1017 2727 982 2646 1017 2341 994 2295 1011 2209 925"/></Shape>
	    <String CONTENT="שמינין ר&#39; שמעון בן יוחי אומ&#39; כשהוא אומ&#39;"
                    HPOS="2197.0"
                    VPOS="822.0"
                    WIDTH="1686.0"
                    HEIGHT="212.0"></String>
          </TextLine>

          
          
          <TextLine ID="eSc_line_f5d8df29"
                    
                    BASELINE="2253 1065 2702 1061 3008 1080 3744 1080 3890 1069" 
                    HPOS="2249.0"
                    VPOS="988.0"
                    WIDTH="1640.0"
                    HEIGHT="178.0">
            <Shape><Polygon POINTS="2249 1063 2318 1000 2652 1017 2704 988 2761 1017 2882 1023 3072 994 3106 1028 3797 1011 3889 1063 3854 1132 3751 1166 3009 1143 2905 1166 2876 1138 2583 1155 2543 1126 2451 1155 2301 1138 2255 1092"/></Shape>
	    <String CONTENT="בקעה מן המערב [בית כוו מן הדרום] הרי הוא"
                    HPOS="2249.0"
                    VPOS="988.0"
                    WIDTH="1640.0"
                    HEIGHT="178.0"></String>
          </TextLine>

          
          
          <TextLine ID="eSc_line_accbd1b3"
                    
                    BASELINE="2234 1207 2372 1199 2502 1199 2583 1207 2771 1210 2820 1218 3863 1210" 
                    HPOS="2232.0"
                    VPOS="1138.0"
                    WIDTH="1628.0"
                    HEIGHT="172.0">
            <Shape><Polygon POINTS="2232 1201 2301 1138 2462 1161 2819 1161 2859 1138 2905 1172 3803 1161 3860 1207 3785 1299 3584 1310 3342 1304 3314 1276 3279 1304 3198 1310 2738 1281 2669 1299 2629 1270 2566 1299 2347 1293 2272 1287 2238 1253"/></Shape>
	    <String CONTENT="עושה בית כור כשהוא אומ&#39; הר הרי היא [עוש&#39;]"
                    HPOS="2232.0"
                    VPOS="1138.0"
                    WIDTH="1628.0"
                    HEIGHT="172.0"></String>
          </TextLine>

          
          
          <TextLine ID="eSc_line_b5dff9dc"
                    
                    BASELINE="2234 1337 2556 1348 2617 1360 2663 1352 3874 1356" 
                    HPOS="2232.0"
                    VPOS="1293.0"
                    WIDTH="1640.0"
                    HEIGHT="161.0">
            <Shape><Polygon POINTS="2232 1333 2272 1299 3423 1293 3820 1304 3872 1350 3774 1442 3728 1425 3452 1448 3308 1419 3233 1454 3037 1425 2899 1448 2773 1425 2669 1454 2238 1425"/></Shape>
	    <String CONTENT="עושה בית כור ˙ מן ההר בית כור מן המזרח בית"
                    HPOS="2232.0"
                    VPOS="1293.0"
                    WIDTH="1640.0"
                    HEIGHT="161.0"></String>
          </TextLine>

          
          
          <TextLine ID="eSc_line_a30510e1"
                    
                    BASELINE="2226 1479 2376 1494 2947 1490 2997 1498 3299 1509 3698 1506 3763 1486 3802 1498 3863 1498" 
                    HPOS="2220.0"
                    VPOS="1431.0"
                    WIDTH="1640.0"
                    HEIGHT="167.0">
            <Shape><Polygon POINTS="2220 1477 2278 1437 2353 1431 2686 1460 3791 1442 3860 1494 3843 1552 3780 1586 3250 1586 3210 1557 3175 1586 3014 1569 2963 1598 2830 1575 2393 1586 2330 1546 2301 1557 2226 1483"/></Shape>
	    <String CONTENT="כור מן המערב בית כור מן הדרום בית כור מן [/]"
                    HPOS="2220.0"
                    VPOS="1431.0"
                    WIDTH="1640.0"
                    HEIGHT="167.0"></String>
          </TextLine>

          
          
          <TextLine ID="eSc_line_41211167"
                    
                    BASELINE="2268 1617 2387 1624 2433 1636 2472 1628 2640 1628 2954 1640 2993 1647 3848 1640" 
                    HPOS="2266.0"
                    VPOS="1552.0"
                    WIDTH="1577.0"
                    HEIGHT="189.0">
            <Shape><Polygon POINTS="2266 1615 2324 1552 2358 1580 2761 1592 2986 1592 3014 1563 3170 1592 3216 1557 3262 1592 3814 1592 3843 1638 3826 1741 3757 1718 3636 1741 3595 1701 3555 1730 3354 1724 3331 1701 3245 1730 3129 1707 2991 1730 2675 1718 2646 1690 2612 1713 2422 1707 2318 1701 2272 1655"/></Shape>
	    <String CONTENT="הצפון בית כור מלמעלה נמצאת חמשה [מק&#39;]"
                    HPOS="2266.0"
                    VPOS="1552.0"
                    WIDTH="1577.0"
                    HEIGHT="189.0"></String>
          </TextLine>

          
          
          <TextLine ID="eSc_line_aa188efc"
                    
                    BASELINE="2268 1758 2418 1758 2544 1770 2732 1766 3115 1785 3664 1781 3756 1785 3805 1801 3863 1793" 
                    HPOS="2266.0"
                    VPOS="1690.0"
                    WIDTH="1594.0"
                    HEIGHT="189.0">
            <Shape><Polygon POINTS="2266 1753 2330 1707 2606 1718 2640 1690 2675 1718 2974 1735 3112 1713 3561 1741 3595 1707 3630 1741 3791 1735 3860 1787 3803 1868 3521 1879 3239 1868 3129 1827 3049 1868 2945 1873 2773 1833 2341 1850 2272 1781"/></Shape>
	    <String CONTENT="מקופלת שנ&#39; כה אמר ייי זאת ירושלים וגו&#39; [ובמ&#39;]"
                    HPOS="2266.0"
                    VPOS="1690.0"
                    WIDTH="1594.0"
                    HEIGHT="189.0"></String>
          </TextLine>

          
          
          <TextLine ID="eSc_line_529bf777"
                    
                    BASELINE="2265 1893 2602 1908 2736 1904 3138 1923 3648 1919 3878 1927" 
                    HPOS="2261.0"
                    VPOS="1845.0"
                    WIDTH="1616.0"
                    HEIGHT="184.0">
            <Shape><Polygon POINTS="2261 1891 2301 1856 2479 1845 2911 1873 3803 1873 3877 1925 3808 2006 3670 2029 3360 1983 2968 2011 2865 1988 2801 2006 2773 1977 2635 1994 2410 1965 2324 1988 2266 1931"/></Shape>
	    <String CONTENT="ובמקום אחר קורא אותה ארץ כיצד יתקיימו"
                    HPOS="2261.0"
                    VPOS="1845.0"
                    WIDTH="1616.0"
                    HEIGHT="184.0"></String>
          </TextLine>

          
          
          <TextLine ID="eSc_line_7417cdd8"
                    
                    BASELINE="2234 2050 2326 2042 2541 2042 2908 2061 3131 2057 3326 2069 3365 2077 3533 2073 3844 2077" 
                    HPOS="2232.0"
                    VPOS="1983.0"
                    WIDTH="1611.0"
                    HEIGHT="178.0">
            <Shape><Polygon POINTS="2232 2046 2307 1988 3222 2011 3296 1983 3383 2017 3601 2011 3653 2034 3826 2011 3843 2075 3780 2149 3688 2161 3262 2149 3227 2115 3193 2144 3049 2161 3014 2132 2974 2149 2928 2109 2853 2144 2623 2121 2468 2138 2428 2109 2284 2138 2238 2092"/></Shape>
	    <String CONTENT="שני כתובים הללו ˙ ארץ שיש בה מיני ארצות"
                    HPOS="2232.0"
                    VPOS="1983.0"
                    WIDTH="1611.0"
                    HEIGHT="178.0"></String>
          </TextLine>

          
          
          <TextLine ID="eSc_line_5fe11007"
                    
                    BASELINE="2265 2176 2506 2184 2663 2192 2709 2199 2928 2195 3154 2207 3204 2215 3495 2211 3848 2215" 
                    HPOS="2261.0"
                    VPOS="2109.0"
                    WIDTH="1582.0"
                    HEIGHT="196.0">
            <Shape><Polygon POINTS="2261 2172 2422 2109 2474 2138 2830 2155 2928 2109 2968 2149 3049 2161 3785 2155 3843 2213 3808 2287 3722 2276 3567 2305 3325 2282 3060 2299 2922 2282 2894 2253 2836 2287 2548 2282 2514 2247 2358 2276 2266 2201"/></Shape>
	    <String CONTENT="הרבה בית הארץ בית החולות בית העפר ˙˙ ד&#39;א&#39; [/]"
                    HPOS="2261.0"
                    VPOS="2109.0"
                    WIDTH="1582.0"
                    HEIGHT="196.0"></String>
          </TextLine>

          
          
          <TextLine ID="eSc_line_1c8b64f6"
                    
                    BASELINE="2253 2322 2575 2337 2840 2337 2889 2329 2943 2341 3158 2352 3591 2349 3832 2352" 
                    HPOS="2249.0"
                    VPOS="2253.0"
                    WIDTH="1582.0"
                    HEIGHT="184.0">
            <Shape><Polygon POINTS="2249 2316 2335 2276 2859 2293 2899 2253 2934 2287 3078 2299 3734 2287 3820 2305 3831 2351 3808 2420 3682 2437 3595 2414 3095 2431 3020 2402 2963 2425 2922 2385 2871 2425 2801 2402 2629 2414 2606 2391 2560 2420 2439 2425 2307 2414 2255 2368"/></Shape>
	    <String CONTENT="ארץ הרים ובקעות מגיד שלא שוו טעם פירות"
                    HPOS="2249.0"
                    VPOS="2253.0"
                    WIDTH="1582.0"
                    HEIGHT="184.0"></String>
          </TextLine>

          
          
          <TextLine ID="eSc_line_93a5cdbf"
                    
                    BASELINE="2268 2460 2472 2467 2510 2479 2594 2471 3836 2471" 
                    HPOS="2266.0"
                    VPOS="2385.0"
                    WIDTH="1565.0"
                    HEIGHT="184.0">
            <Shape><Polygon POINTS="2266 2454 2324 2408 2554 2425 2594 2391 2635 2420 2767 2420 2796 2397 2859 2425 2922 2385 2963 2425 3797 2425 3831 2466 3814 2540 3745 2569 3711 2540 3670 2563 3204 2563 3129 2540 2997 2563 2842 2552 2807 2517 2750 2552 2404 2552 2341 2540 2272 2471"/></Shape>
	    <String CONTENT="בקעה לטעם פירות הר אין לי אלא שלא שוו [א&#39;]"
                    HPOS="2266.0"
                    VPOS="2385.0"
                    WIDTH="1565.0"
                    HEIGHT="184.0"></String>
          </TextLine>

          
          
          <TextLine ID="eSc_line_6ef06836"
                    
                    BASELINE="2280 2598 2376 2594 2460 2602 2820 2613 3119 2609 3368 2621 3411 2632 3503 2625 3863 2625" 
                    HPOS="2278.0"
                    VPOS="2517.0"
                    WIDTH="1582.0"
                    HEIGHT="190.0">
            <Shape><Polygon POINTS="2278 2592 2324 2546 2738 2563 2807 2517 2848 2558 3009 2575 3636 2575 3711 2540 3860 2621 3797 2701 3751 2707 3377 2678 3296 2701 3003 2701 2951 2655 2894 2695 2830 2678 2629 2701 2525 2678 2433 2695 2347 2690 2284 2626"/></Shape>
	    <String CONTENT="אלא טעם הר בקעה מניין שלא שוו טעם הר"
                    HPOS="2278.0"
                    VPOS="2517.0"
                    WIDTH="1582.0"
                    HEIGHT="190.0"></String>
          </TextLine>

          
          
          <TextLine ID="eSc_line_4c967b09"
                    
                    BASELINE="2226 2732 2280 2751 3591 2747 3848 2751" 
                    HPOS="2220.0"
                    VPOS="2655.0"
                    WIDTH="1623.0"
                    HEIGHT="190.0">
            <Shape><Polygon POINTS="2220 2730 2249 2736 2295 2695 2888 2701 2945 2655 3014 2701 3808 2707 3843 2747 3814 2833 3676 2816 3578 2839 2830 2822 2767 2845 2646 2816 2353 2839 2318 2816 2272 2828 2226 2782"/></Shape>
	    <String CONTENT="והר טעם בקעה ובקעה ת&#39;ל&#39; ארץ הרים ובקעות"
                    HPOS="2220.0"
                    VPOS="2655.0"
                    WIDTH="1623.0"
                    HEIGHT="190.0"></String>
          </TextLine>

          
          
          <TextLine ID="eSc_line_892983d2"
                    
                    BASELINE="2238 2874 2345 2889 3572 2889 3721 2870 3874 2877" 
                    HPOS="2232.0"
                    VPOS="2822.0"
                    WIDTH="1640.0"
                    HEIGHT="155.0">
            <Shape><Polygon POINTS="2232 2868 2295 2822 2525 2822 2755 2845 3814 2828 3872 2874 3854 2920 3797 2954 3572 2960 3532 2937 3498 2960 3434 2943 3394 2966 3170 2977 2525 2966 2497 2943 2451 2971 2295 2977 2238 2920"/></Shape>
	    <String CONTENT="הרים הרים הרבה בקעות בקעות הרבה ר&#39; שמע&#39;"
                    HPOS="2232.0"
                    VPOS="2822.0"
                    WIDTH="1640.0"
                    HEIGHT="155.0"></String>
          </TextLine>

          
          
          <TextLine ID="eSc_line_8e88be39"
                    
                    BASELINE="2268 3000 2337 3015 2629 3019 2667 3027 3265 3027 3644 3008 3767 3008 3809 3012 3893 3035" 
                    HPOS="2266.0"
                    VPOS="2948.0"
                    WIDTH="1623.0"
                    HEIGHT="156.0">
            <Shape><Polygon POINTS="2266 2994 2330 2966 3181 2977 3417 2948 3457 2971 3820 2966 3889 3029 3774 3104 3429 3104 3394 3081 3112 3104 3043 3075 2940 3104 2502 3104 2462 3081 2404 3098 2370 3063 2330 3075 2272 3017"/></Shape>
	    <String CONTENT="בן יוחי אומ&#39; שנים עשר ארצות ניתנו כנגד"
                    HPOS="2266.0"
                    VPOS="2948.0"
                    WIDTH="1623.0"
                    HEIGHT="156.0"></String>
          </TextLine>

          
          
          <TextLine ID="eSc_line_7fc92325"
                    
                    BASELINE="2234 3138 2295 3150 3625 3150 3802 3146 3855 3134" 
                    HPOS="2232.0"
                    VPOS="3081.0"
                    WIDTH="1622.0"
                    HEIGHT="166.0">
            <Shape><Polygon POINTS="2232 3132 2307 3098 2974 3109 3043 3081 3083 3109 3814 3092 3854 3132 3797 3219 3578 3224 3555 3247 3440 3224 2295 3236 2243 3184"/></Shape>
	    <String CONTENT="שנים עשר שבטים ולא שוו טעם זה לטעם"
                    HPOS="2232.0"
                    VPOS="3081.0"
                    WIDTH="1622.0"
                    HEIGHT="166.0"></String>
          </TextLine>

          
          
          <TextLine ID="eSc_line_fd4f94bc"
                    
                    BASELINE="2280 3272 2487 3268 2525 3276 2951 3280 2997 3288 3219 3288 3269 3280 3445 3280 3782 3268 3844 3272" 
                    HPOS="2278.0"
                    VPOS="3219.0"
                    WIDTH="1565.0"
                    HEIGHT="155.0">
            <Shape><Polygon POINTS="2278 3270 2364 3224 3555 3242 3578 3219 3808 3219 3843 3270 3820 3345 3768 3322 3734 3357 3170 3374 2934 3351 2341 3362 2284 3305"/></Shape>
	    <String CONTENT="זה ואילו הן כי הארץ אשר אתה עובר שמה"
                    HPOS="2278.0"
                    VPOS="3219.0"
                    WIDTH="1565.0"
                    HEIGHT="155.0"></String>
          </TextLine>

          
          
          <TextLine ID="eSc_line_c589eed4"
                    
                    BASELINE="2261 3410 2610 3406 2705 3414 3092 3414 3184 3406 3867 3406" 
                    HPOS="2255.0"
                    VPOS="3328.0"
                    WIDTH="1611.0"
                    HEIGHT="189.0">
            <Shape><Polygon POINTS="2255 3408 2330 3362 3561 3368 3734 3362 3768 3328 3814 3362 3849 3351 3866 3403 3843 3489 3739 3466 3682 3494 3383 3500 3262 3471 3078 3500 2963 3471 2928 3494 2600 3506 2451 3489 2422 3517 2272 3408"/></Shape>
	    <String CONTENT="לרשתה ארץ הרים ובקעות [הרבה] ארץ אשר"
                    HPOS="2255.0"
                    VPOS="3328.0"
                    WIDTH="1611.0"
                    HEIGHT="189.0"></String>
          </TextLine>

          
          
          <TextLine ID="eSc_line_2ec2ecc7"
                    
                    BASELINE="2238 3540 3338 3548 3629 3537 3671 3529 3851 3529" 
                    HPOS="2232.0"
                    VPOS="3466.0"
                    WIDTH="1617.0"
                    HEIGHT="178.0">
            <Shape><Polygon POINTS="2232 3535 2272 3506 2428 3523 2451 3500 2899 3500 2963 3471 3072 3506 3400 3506 3676 3494 3722 3466 3803 3466 3849 3523 3831 3609 3780 3598 3636 3632 3480 3627 3446 3604 3406 3632 3325 3615 3296 3638 2957 3609 2871 3638 2813 3621 2289 3644 2238 3592"/></Shape>
	    <String CONTENT="ייי ﭏקיך דורש אותה כי ייי ﭏקיך מביאך אל ארץ"
                    HPOS="2232.0"
                    VPOS="3466.0"
                    WIDTH="1617.0"
                    HEIGHT="178.0"></String>
          </TextLine>

          
          
          <TextLine ID="eSc_line_18c7721a"
                    
                    BASELINE="2226 3675 2322 3686 3541 3686 3725 3667 3863 3671" 
                    HPOS="2220.0"
                    VPOS="3609.0"
                    WIDTH="1640.0"
                    HEIGHT="167.0">
            <Shape><Polygon POINTS="2220 3673 2341 3632 2876 3638 3066 3609 3279 3632 3814 3615 3860 3667 3849 3730 3814 3747 3492 3770 3319 3742 3032 3747 2991 3770 2876 3736 2848 3765 2341 3776 2243 3678"/></Shape>
	    <String CONTENT="טובה ארץ נחלי מים ארץ חטה ושעורה ארץ"
                    HPOS="2220.0"
                    VPOS="3609.0"
                    WIDTH="1640.0"
                    HEIGHT="167.0"></String>
          </TextLine>

          
          
          <TextLine ID="eSc_line_ff284081"
                    
                    BASELINE="2253 3816 2314 3816 2357 3824 2935 3824 3069 3816 3483 3813 3522 3805 3890 3809" 
                    HPOS="2249.0"
                    VPOS="3713.0"
                    WIDTH="1640.0"
                    HEIGHT="195.0">
            <Shape><Polygon POINTS="2249 3811 2266 3713 2335 3776 2790 3770 2876 3736 2980 3770 3820 3747 3889 3805 3814 3891 3676 3874 3578 3908 3216 3874 3181 3903 2928 3874 2790 3880 2767 3903 2566 3903 2531 3880 2502 3908 2364 3908 2318 3903 2255 3839"/></Shape>
	    <String CONTENT="זית שמן ודבש ארץ אשר לא במסכנות תאכל"
                    HPOS="2249.0"
                    VPOS="3713.0"
                    WIDTH="1640.0"
                    HEIGHT="195.0"></String>
          </TextLine>

          
          
          <TextLine ID="eSc_line_40970ddc"
                    
                    BASELINE="2234 3947 2468 3962 3441 3962 3568 3958 3710 3943 3836 3943 3886 3951" 
                    HPOS="2232.0"
                    VPOS="3874.0"
                    WIDTH="1651.0"
                    HEIGHT="184.0">
            <Shape><Polygon POINTS="2232 3943 2289 3903 2497 3914 2537 3880 2571 3908 2698 3885 2761 3908 2790 3880 2911 3908 3279 3885 3584 3908 3693 3874 3716 3897 3820 3897 3883 3949 3814 4035 3452 4046 3193 4012 3141 4041 2848 4023 2767 4046 2658 4006 2600 4046 2330 4058 2238 3966"/></Shape>
	    <String CONTENT="בה לחם ארץ אשר אבניה ברזל וגו&#39; ˙˙ על הארץ"
                    HPOS="2232.0"
                    VPOS="3874.0"
                    WIDTH="1651.0"
                    HEIGHT="184.0"></String>
          </TextLine>

          
          
          <TextLine ID="eSc_line_9d893f46"
                    
                    BASELINE="2280 4100 3859 4092" 
                    HPOS="2278.0"
                    VPOS="4012.0"
                    WIDTH="1576.0"
                    HEIGHT="178.0">
            <Shape><Polygon POINTS="2278 4098 2312 4058 2370 4046 3055 4052 3147 4041 3175 4012 3227 4041 3446 4052 3797 4041 3854 4087 3837 4173 3797 4179 3457 4184 3383 4156 3262 4190 3141 4161 2312 4190 2284 4161"/></Shape>
	    <String CONTENT="הטובה אשר נתן לך הרי שנים עשר ארצות"
                    HPOS="2278.0"
                    VPOS="4012.0"
                    WIDTH="1576.0"
                    HEIGHT="178.0"></String>
          </TextLine>

          
          
          <TextLine ID="eSc_line_5ac5a6a0"
                    
                    BASELINE="2284 4230 3342 4238 3391 4230 3664 4223 3893 4226" 
                    HPOS="2278.0"
                    VPOS="4156.0"
                    WIDTH="1611.0"
                    HEIGHT="178.0">
            <Shape><Polygon POINTS="2278 4225 2341 4190 2773 4196 2899 4184 2934 4156 2974 4179 3262 4196 3831 4173 3889 4225 3820 4299 3475 4299 3423 4322 3319 4316 3268 4282 3204 4311 2474 4334 2330 4328 2284 4282"/></Shape>
	    <String CONTENT="כנגד שנים עשר שבטים ולא שוו טעם פירות"
                    HPOS="2278.0"
                    VPOS="4156.0"
                    WIDTH="1611.0"
                    HEIGHT="178.0"></String>
          </TextLine>

          
          
          <TextLine ID="eSc_line_278a411b"
                    
                    BASELINE="2265 4364 2360 4376 3269 4376 3518 4364 3556 4357 3870 4357" 
                    HPOS="2261.0"
                    VPOS="4294.0"
                    WIDTH="1605.0"
                    HEIGHT="178.0">
            <Shape><Polygon POINTS="2261 4362 2358 4322 3457 4316 3480 4294 3549 4322 3820 4311 3866 4351 3774 4443 2801 4443 2566 4472 2353 4454 2266 4368"/></Shape>
	    <String CONTENT="שבט זה לטעם פירות שבט זה שנ&#39; ארץ הרים"
                    HPOS="2261.0"
                    VPOS="4294.0"
                    WIDTH="1605.0"
                    HEIGHT="178.0"></String>
          </TextLine>

          
          
          <TextLine ID="eSc_line_567cd6b3"
                    
                    BASELINE="2249 4506 2403 4506 2449 4514 2935 4510 2981 4518 3023 4506 3418 4502 3503 4495 3874 4499" 
                    HPOS="2243.0"
                    VPOS="4443.0"
                    WIDTH="1629.0"
                    HEIGHT="155.0">
            <Shape><Polygon POINTS="2243 4500 2330 4449 2571 4472 2686 4449 3429 4443 3814 4443 3872 4495 3814 4575 3665 4592 3538 4558 3515 4581 3014 4592 2681 4569 2508 4598 2324 4575 2249 4500"/></Shape>
	    <String CONTENT="ובקעות הרים הרבה בקעות הרבה ר&#39; יוסי בן [המש&#39;]"
                    HPOS="2243.0"
                    VPOS="4443.0"
                    WIDTH="1629.0"
                    HEIGHT="155.0"></String>
          </TextLine>

          
          
          <TextLine ID="eSc_line_900e21f5"
                    
                    BASELINE="2257 4625 2314 4636 3874 4636" 
                    HPOS="2255.0"
                    VPOS="4552.0"
                    WIDTH="1617.0"
                    HEIGHT="173.0">
            <Shape><Polygon POINTS="2255 4621 2330 4575 2479 4598 3354 4569 3509 4587 3549 4552 3624 4587 3820 4575 3872 4633 3808 4707 3170 4725 2347 4719 2261 4633"/></Shape>
	    <String CONTENT="המשולם אומ&#39; מניין אתה אומ&#39; שכשם שני&#39;"
                    HPOS="2255.0"
                    VPOS="4552.0"
                    WIDTH="1617.0"
                    HEIGHT="173.0"></String>
          </TextLine>

          
          
          <TextLine ID="eSc_line_aa24a5c4"
                    
                    BASELINE="2265 4763 2357 4774 3188 4774 3230 4767 3338 4763 3468 4763 3591 4755 3798 4759 3890 4748" 
                    HPOS="2261.0"
                    VPOS="4713.0"
                    WIDTH="1628.0"
                    HEIGHT="144.0">
            <Shape><Polygon POINTS="2261 4759 2353 4719 2836 4713 3826 4713 3889 4742 3808 4828 3711 4845 3670 4822 3521 4822 3400 4845 3302 4828 2353 4857 2266 4782"/></Shape>
	    <String CONTENT="שניתנו מטעמים בארץ כך ניתנו מטעמים"
                    HPOS="2261.0"
                    VPOS="4713.0"
                    WIDTH="1628.0"
                    HEIGHT="144.0"></String>
          </TextLine>

          
          
          <TextLine ID="eSc_line_0ef77316"
                    
                    BASELINE="2242 4886 2299 4897 3802 4897 3863 4882" 
                    HPOS="2238.0"
                    VPOS="4822.0"
                    WIDTH="1622.0"
                    HEIGHT="161.0">
            <Shape><Polygon POINTS="2238 4880 2301 4845 3452 4845 3521 4822 3826 4834 3860 4880 3826 4966 3308 4972 3198 4943 3129 4972 2623 4978 2571 4949 2525 4978 2422 4983 2341 4978 2249 4886"/></Shape>
	    <String CONTENT="בים ת&#39;ל&#39; ולמקוה המים קרא ימים ˙ והרי ים אחד"
                    HPOS="2238.0"
                    VPOS="4822.0"
                    WIDTH="1622.0"
                    HEIGHT="161.0"></String>
          </TextLine>

          
          
          <TextLine ID="eSc_line_ba0cf58a"
                    
                    BASELINE="2265 5020 3012 5027 3307 5024 3437 5016 3897 5016" 
                    HPOS="2261.0"
                    VPOS="4943.0"
                    WIDTH="1634.0"
                    HEIGHT="173.0">
            <Shape><Polygon POINTS="2261 5018 2571 4972 3089 4978 3210 4943 3302 4972 3826 4966 3895 5012 3820 5087 3682 5104 3544 5081 3049 5104 2951 5058 2905 5098 2738 5081 2704 5110 2479 5116 2428 5093 2376 5116 2266 5029"/></Shape>
	    <String CONTENT="יקוו המים מה ת&#39;ל&#39; למקוה המים קרא ימים"
                    HPOS="2261.0"
                    VPOS="4943.0"
                    WIDTH="1634.0"
                    HEIGHT="173.0"></String>
          </TextLine>

          
          
          <TextLine ID="eSc_line_bf6b6fd3"
                    TAGREFS="LT3"
                    BASELINE="2926 5101 3024 5101" 
                    HPOS="2926"
                    VPOS="5071"
                    WIDTH="98"
                    HEIGHT="60">
            <Shape><Polygon POINTS="2926 5071 3024 5071 3024 5131 2926 5131"/></Shape>
	    <String CONTENT="דג"
                    HPOS="2926"
                    VPOS="5071"
                    WIDTH="98"
                    HEIGHT="60"></String>
          </TextLine>

          
          
          <TextLine ID="eSc_line_27b4bfc5"
                    
                    BASELINE="2280 5142 2372 5158 3342 5158 3388 5150 3606 5146 3644 5139 3901 5142" 
                    HPOS="2278.0"
                    VPOS="5058.0"
                    WIDTH="1622.0"
                    HEIGHT="184.0">
            <Shape><Polygon POINTS="2278 5139 2404 5116 2433 5087 2479 5110 2721 5110 2750 5081 2899 5104 2957 5058 3043 5104 3849 5093 3900 5139 3837 5213 3785 5202 3757 5225 3642 5202 3607 5225 3371 5230 3337 5196 3285 5230 2991 5236 2905 5207 2848 5236 2629 5219 2531 5242 2479 5219 2393 5242 2370 5219 2318 5236 2284 5202"/></Shape>
	    <String CONTENT="מגיד שלא [א] שוה טעם ↑ העולה מעט [לטע&#39;]"
                    HPOS="2278.0"
                    VPOS="5058.0"
                    WIDTH="1622.0"
                    HEIGHT="184.0"></String>
          </TextLine>

          
          
          <TextLine ID="eSc_line_278d623c"
                    
                    BASELINE="2234 5280 2403 5296 3069 5296 3909 5276" 
                    HPOS="2232.0"
                    VPOS="5213.0"
                    WIDTH="1674.0"
                    HEIGHT="167.0">
            <Shape><Polygon POINTS="2232 5276 2330 5230 2381 5230 2410 5259 2589 5259 2635 5225 2721 5253 2836 5253 2894 5225 3037 5253 3291 5248 3319 5219 3388 5248 3699 5225 3751 5242 3780 5213 3889 5236 3906 5271 3889 5322 3785 5363 3567 5363 3526 5340 3417 5368 3348 5340 3227 5363 3118 5340 3066 5368 2899 5351 2876 5374 2727 5357 2589 5380 2531 5351 2370 5380 2312 5345 2238 5345"/></Shape>
	    <String CONTENT="לטעם דג העולה מצידון ולא העולה מצור [לס&#39;]"
                    HPOS="2232.0"
                    VPOS="5213.0"
                    WIDTH="1674.0"
                    HEIGHT="167.0"></String>
          </TextLine>

          
        </TextBlock>
        
        <TextBlock HPOS="394.0"
                   VPOS="639.0"
                   WIDTH="1514.0"
                   HEIGHT="4722.0"
                   ID="eSc_textblock_f940b53f"
                   TAGREFS="BT2">
          <Shape><Polygon POINTS="1908 5361 1893 689 1862 655 444 639 394 797 410 5330 1908 5361"/></Shape>
          
          
          <TextLine ID="eSc_line_b5c2abeb"
                    
                    BASELINE="429 846 904 812 954 800 1272 785 1935 762" 
                    HPOS="425.0"
                    VPOS="661.0"
                    WIDTH="1508.0"
                    HEIGHT="258.0">
            <Shape><Polygon POINTS="425 845 437 747 529 770 638 730 707 747 765 712 880 764 1104 753 1150 695 1288 689 1352 741 1559 730 1605 689 1680 707 1714 672 1731 689 1910 661 1933 758 1921 816 1852 816 1823 850 1237 850 1196 879 1139 862 1075 885 1041 862 972 890 868 873 851 896 822 879 770 902 443 919"/></Shape>
	    <String CONTENT="לטעם מפמיים או לפי שעפרו של הר קל ושל"
                    HPOS="425.0"
                    VPOS="661.0"
                    WIDTH="1508.0"
                    HEIGHT="258.0"></String>
          </TextLine>

          
          
          <TextLine ID="eSc_line_a3f1808b"
                    
                    BASELINE="417 1004 574 1004 689 984 774 988 877 969 916 973 1115 958 1253 961 1314 946 1433 938 1575 942 1759 923 1901 927" 
                    HPOS="414.0"
                    VPOS="856.0"
                    WIDTH="1484.0"
                    HEIGHT="247.0">
            <Shape><Polygon POINTS="414 1000 500 948 604 948 661 902 724 931 1075 890 1300 896 1352 856 1426 856 1472 885 1818 867 1898 925 1858 1000 1772 1028 1611 1005 1501 1040 1357 1017 1214 1051 874 1046 644 1063 517 1103 425 1028"/></Shape>
	    <String CONTENT="בקעה שמן ת&#39;ל&#39; ארץ הרים ובקעות יכול יהו [המ&#39;]"
                    HPOS="414.0"
                    VPOS="856.0"
                    WIDTH="1484.0"
                    HEIGHT="247.0"></String>
          </TextLine>

          
          
          <TextLine ID="eSc_line_950c028f"
                    
                    BASELINE="398 1161 490 1142 528 1138 609 1145 705 1122 743 1126 889 1111 969 1107 1007 1115 1053 1103 1161 1099 1199 1092 1337 1092 1375 1099 1414 1088 1494 1084 1533 1073 1705 1080 1847 1076 1904 1065" 
                    HPOS="396.0"
                    VPOS="1011.0"
                    WIDTH="1502.0"
                    HEIGHT="236.0">
            <Shape><Polygon POINTS="396 1155 500 1097 1035 1040 1242 1051 1852 1011 1898 1063 1887 1115 1835 1155 1651 1166 1559 1138 1524 1166 1254 1178 1173 1149 1121 1184 793 1184 489 1247 408 1184"/></Shape>
	    <String CONTENT="המים גורשים את העפר ממקום בקעה ובקעה"
                    HPOS="396.0"
                    VPOS="1011.0"
                    WIDTH="1502.0"
                    HEIGHT="236.0"></String>
          </TextLine>

          
          
          <TextLine ID="eSc_line_df4152e2"
                    
                    BASELINE="471 1272 525 1279 567 1268 689 1264 877 1245 927 1249 1061 1237 1103 1226 1280 1233 1464 1222 1502 1214 1717 1218 1786 1207 1920 1199" 
                    HPOS="466.0"
                    VPOS="1143.0"
                    WIDTH="1449.0"
                    HEIGHT="225.0">
            <Shape><Polygon POINTS="466 1270 506 1235 770 1195 1041 1172 1139 1189 1179 1143 1242 1184 1789 1149 1915 1195 1841 1287 1800 1293 1674 1299 1622 1264 1587 1304 1058 1304 1006 1327 932 1322 891 1281 845 1327 546 1368 477 1304"/></Shape>
	    <String CONTENT="מחוסרת את המים ת&#39;ל&#39; ארץ הרים ובקעות וגו&#39; ˙˙"
                    HPOS="466.0"
                    VPOS="1143.0"
                    WIDTH="1449.0"
                    HEIGHT="225.0"></String>
          </TextLine>

          
          
          <TextLine ID="eSc_line_e8b170a6"
                    
                    BASELINE="463 1402 617 1402 801 1383 843 1387 1004 1375 1042 1364 1122 1371 1372 1360 1410 1348 1498 1356 1747 1356 1847 1337 1901 1345" 
                    HPOS="460.0"
                    VPOS="1270.0"
                    WIDTH="1438.0"
                    HEIGHT="213.0">
            <Shape><Polygon POINTS="460 1396 494 1362 840 1333 886 1287 932 1322 1035 1327 1587 1304 1639 1270 1674 1299 1846 1287 1898 1339 1887 1385 1829 1431 1662 1414 1582 1448 1478 1425 1283 1442 1231 1419 1196 1448 1024 1460 966 1437 857 1471 471 1483"/></Shape>
	    <String CONTENT="הרים לפי מה שהוא ובקעות לפי מה שהוא [/]"
                    HPOS="460.0"
                    VPOS="1270.0"
                    WIDTH="1438.0"
                    HEIGHT="213.0"></String>
          </TextLine>

          
          
          <TextLine ID="eSc_line_f0cbbb27"
                    
                    BASELINE="417 1532 559 1540 601 1532 778 1521 870 1529 935 1513 981 1513 1019 1506 1099 1509 1180 1502 1356 1498 1395 1490 1862 1494 1912 1483" 
                    HPOS="414.0"
                    VPOS="1419.0"
                    WIDTH="1496.0"
                    HEIGHT="202.0">
            <Shape><Polygon POINTS="414 1529 558 1460 650 1483 874 1471 972 1437 1202 1448 1231 1419 1277 1448 1455 1419 1547 1442 1846 1437 1910 1477 1841 1575 1587 1552 1541 1580 1409 1557 1357 1586 1173 1586 1110 1563 1024 1592 983 1563 949 1592 897 1569 851 1603 546 1621 460 1615 420 1580"/></Shape>
	    <String CONTENT="וכן הוא אומ&#39; שאלו מאת ייי מטר בעת מלקוש"
                    HPOS="414.0"
                    VPOS="1419.0"
                    WIDTH="1496.0"
                    HEIGHT="202.0"></String>
          </TextLine>

          
          
          <TextLine ID="eSc_line_f9a24310"
                    
                    BASELINE="367 1682 429 1670 479 1678 521 1670 739 1667 781 1659 946 1663 1046 1651 1218 1644 1360 1651 1402 1640 1502 1636 1548 1624 1598 1632 1816 1632 1904 1621" 
                    HPOS="362.0"
                    VPOS="1552.0"
                    WIDTH="1536.0"
                    HEIGHT="206.0">
            <Shape><Polygon POINTS="362 1678 448 1615 529 1632 834 1609 891 1569 1006 1603 1081 1598 1116 1563 1237 1598 1559 1586 1605 1552 1708 1580 1841 1569 1898 1615 1887 1684 1852 1707 1645 1695 1605 1724 1530 1672 1478 1718 1363 1707 1323 1735 1260 1707 673 1741 638 1707 598 1753 483 1758 373 1678"/></Shape>
	    <String CONTENT="וגו&#39; או לפי שארץ ישר&#39; מקופלת בהרים יהא גילוי"
                    HPOS="362.0"
                    VPOS="1552.0"
                    WIDTH="1536.0"
                    HEIGHT="206.0"></String>
          </TextLine>

          
          
          <TextLine ID="eSc_line_af89e0bf"
                    
                    BASELINE="406 1793 728 1801 1019 1781 1191 1785 1230 1778 1372 1774 1410 1762 1460 1770 1617 1766 1709 1774 1747 1758 1797 1758 1839 1751 1889 1755" 
                    HPOS="402.0"
                    VPOS="1667.0"
                    WIDTH="1485.0"
                    HEIGHT="218.0">
            <Shape><Polygon POINTS="402 1787 431 1758 598 1753 638 1713 678 1753 1467 1724 1530 1667 1616 1718 1858 1713 1887 1753 1835 1833 1772 1816 1651 1850 1524 1827 1277 1868 1093 1845 661 1885 443 1879 408 1845"/></Shape>
	    <String CONTENT="שותה ת&#39;ל&#39; למטר השמים תשתה מים גלויו אינו"
                    HPOS="402.0"
                    VPOS="1667.0"
                    WIDTH="1485.0"
                    HEIGHT="218.0"></String>
          </TextLine>

          
          
          <TextLine ID="eSc_line_6c9d06dc"
                    
                    BASELINE="413 1927 789 1919 1092 1923 1379 1904 1513 1908 1671 1896 1713 1885 1755 1893 1904 1885" 
                    HPOS="408.0"
                    VPOS="1810.0"
                    WIDTH="1490.0"
                    HEIGHT="219.0">
            <Shape><Polygon POINTS="408 1925 448 1879 1708 1850 1772 1810 1800 1839 1852 1833 1898 1879 1869 1971 1772 1983 1726 1948 1697 1977 1403 2006 909 2006 857 1971 799 2011 724 1994 506 2029 420 1965"/></Shape>
	    <String CONTENT="גלוי שותה וכן הוא אומ&#39; אף ברי יטריח עב ˙ וגו&#39;"
                    HPOS="408.0"
                    VPOS="1810.0"
                    WIDTH="1490.0"
                    HEIGHT="219.0"></String>
          </TextLine>

          
          
          <TextLine ID="eSc_line_2789c223"
                    
                    BASELINE="421 2065 862 2065 908 2057 1310 2061 1441 2050 1567 2050 1609 2042 1908 2042" 
                    HPOS="420.0"
                    VPOS="1983.0"
                    WIDTH="1484.0"
                    HEIGHT="172.0">
            <Shape><Polygon POINTS="420 2063 448 2023 523 2017 1662 1983 1841 1983 1887 1994 1904 2040 1852 2121 1800 2126 1173 2144 1139 2115 1116 2138 949 2144 920 2121 891 2144 667 2155 448 2155 425 2132"/></Shape>
	    <String CONTENT="והוא מסיבות מתהפך שהעננים מקיפות אותה"
                    HPOS="420.0"
                    VPOS="1983.0"
                    WIDTH="1484.0"
                    HEIGHT="172.0"></String>
          </TextLine>

          
          
          <TextLine ID="eSc_line_12316846"
                    
                    BASELINE="429 2188 540 2199 1387 2199 1433 2192 1636 2180 1855 2184 1904 2172" 
                    HPOS="425.0"
                    VPOS="2126.0"
                    WIDTH="1473.0"
                    HEIGHT="167.0">
            <Shape><Polygon POINTS="425 2184 454 2161 759 2144 920 2161 1680 2126 1841 2132 1898 2167 1846 2264 1749 2247 1651 2276 1478 2276 1432 2241 1398 2276 949 2264 880 2287 834 2247 719 2287 523 2293 431 2241"/></Shape>
	    <String CONTENT="ומשקות אותה מכל רוח או לפי ששותה מי"
                    HPOS="425.0"
                    VPOS="2126.0"
                    WIDTH="1473.0"
                    HEIGHT="167.0"></String>
          </TextLine>

          
          
          <TextLine ID="eSc_line_1bbd00fb"
                    
                    BASELINE="410 2341 850 2341 935 2333 1360 2337 1602 2326 1651 2314 1690 2322 1889 2314" 
                    HPOS="408.0"
                    VPOS="2247.0"
                    WIDTH="1479.0"
                    HEIGHT="184.0">
            <Shape><Polygon POINTS="408 2339 443 2276 489 2299 747 2293 834 2247 891 2293 1386 2287 1432 2247 1467 2276 1846 2264 1887 2310 1829 2397 1657 2379 1611 2408 1478 2414 1426 2391 1323 2431 1179 2397 1133 2425 972 2397 937 2425 868 2385 696 2431 454 2425 420 2391"/></Shape>
	    <String CONTENT="גשמים אבל אין שותה מי שילוח וכן הוא אומ&#39;"
                    HPOS="408.0"
                    VPOS="2247.0"
                    WIDTH="1479.0"
                    HEIGHT="184.0"></String>
          </TextLine>

          
          
          <TextLine ID="eSc_line_24b4de5f"
                    
                    BASELINE="433 2475 1176 2475 1264 2467 1628 2456 1901 2460" 
                    HPOS="431.0"
                    VPOS="2379.0"
                    WIDTH="1467.0"
                    HEIGHT="184.0">
            <Shape><Polygon POINTS="431 2471 489 2425 782 2425 857 2385 903 2425 1133 2425 1179 2397 1214 2425 1329 2431 1628 2408 1668 2379 1829 2402 1898 2454 1846 2535 1726 2512 1582 2552 1449 2529 1352 2563 1294 2540 1029 2563 1001 2540 914 2558 857 2535 799 2558 701 2523 661 2558 569 2563 483 2540 437 2494"/></Shape>
	    <String CONTENT="כי ייי ﭏקיך מביאך אל ארץ או לפי ששותה מי"
                    HPOS="431.0"
                    VPOS="2379.0"
                    WIDTH="1467.0"
                    HEIGHT="184.0"></String>
          </TextLine>

          
          
          <TextLine ID="eSc_line_6833d76b"
                    
                    BASELINE="429 2602 521 2613 965 2613 1337 2602 1418 2594 1855 2594 1935 2567" 
                    HPOS="425.0"
                    VPOS="2517.0"
                    WIDTH="1508.0"
                    HEIGHT="184.0">
            <Shape><Polygon POINTS="425 2598 483 2540 523 2563 655 2563 701 2529 788 2563 845 2540 886 2563 1357 2563 1426 2558 1455 2529 1582 2552 1697 2517 1933 2563 1910 2632 1806 2684 1731 2649 1685 2672 1541 2684 1461 2661 1409 2695 1306 2695 1265 2655 1219 2690 983 2672 724 2701 667 2672 558 2701 506 2695 431 2621"/></Shape>
	    <String CONTENT="שילוח אבל אינה שותה מי נחלים ת&#39;ל&#39; ארץ [נח&#39;]"
                    HPOS="425.0"
                    VPOS="2517.0"
                    WIDTH="1508.0"
                    HEIGHT="184.0"></String>
          </TextLine>

          
          
          <TextLine ID="eSc_line_d6c8da2c"
                    
                    BASELINE="433 2736 670 2743 709 2751 1015 2751 1483 2740 1521 2732 1889 2732" 
                    HPOS="431.0"
                    VPOS="2644.0"
                    WIDTH="1456.0"
                    HEIGHT="189.0">
            <Shape><Polygon POINTS="431 2730 460 2661 512 2701 650 2695 673 2672 719 2695 1219 2695 1254 2661 1300 2695 1415 2695 1444 2672 1680 2684 1737 2644 1789 2684 1869 2684 1887 2730 1852 2816 1731 2793 1518 2828 1288 2810 1121 2833 972 2805 949 2828 678 2810 558 2833 494 2822 437 2764"/></Shape>
	    <String CONTENT="נחלי מים וגו&#39; ˙ או לפי ששותה מי נחלים אבל"
                    HPOS="431.0"
                    VPOS="2644.0"
                    WIDTH="1456.0"
                    HEIGHT="189.0"></String>
          </TextLine>

          
          
          <TextLine ID="eSc_line_81b58ca3"
                    
                    BASELINE="383 2862 494 2874 663 2874 762 2866 801 2877 1391 2881 1513 2877 1552 2870 1904 2874" 
                    HPOS="379.0"
                    VPOS="2799.0"
                    WIDTH="1519.0"
                    HEIGHT="172.0">
            <Shape><Polygon POINTS="379 2856 483 2828 943 2833 983 2799 1110 2833 1852 2822 1898 2868 1881 2960 1403 2960 1369 2937 1323 2966 1052 2966 1012 2943 448 2971 385 2908"/></Shape>
	    <String CONTENT="אינה שותה מי שלגים ת&#39;ל&#39; למטר השמים תשתה"
                    HPOS="379.0"
                    VPOS="2799.0"
                    WIDTH="1519.0"
                    HEIGHT="172.0"></String>
          </TextLine>

          
          
          <TextLine ID="eSc_line_97b9848a"
                    
                    BASELINE="429 2996 758 3004 881 3012 1885 3004" 
                    HPOS="425.0"
                    VPOS="2948.0"
                    WIDTH="1456.0"
                    HEIGHT="156.0">
            <Shape><Polygon POINTS="425 2994 489 2948 1196 2948 1846 2960 1881 3000 1846 3092 1634 3081 1518 3104 1162 3075 891 3086 811 3052 736 3086 494 3081 431 3017"/></Shape>
	    <String CONTENT="מים ˙ וגו&#39; וכן הוא אומ&#39; כי כאשר ירד הגשם [והש&#39;]"
                    HPOS="425.0"
                    VPOS="2948.0"
                    WIDTH="1456.0"
                    HEIGHT="156.0"></String>
          </TextLine>

          
          
          <TextLine ID="eSc_line_4365202a"
                    
                    BASELINE="448 3123 636 3134 766 3130 808 3138 912 3138 1092 3150 1889 3150" 
                    HPOS="443.0"
                    VPOS="3058.0"
                    WIDTH="1444.0"
                    HEIGHT="178.0">
            <Shape><Polygon POINTS="443 3121 500 3086 667 3092 690 3069 770 3098 811 3058 845 3092 983 3098 1846 3092 1887 3144 1852 3224 1513 3236 1444 3207 1329 3224 1294 3190 1260 3224 1001 3230 747 3224 730 3201 684 3224 558 3213 466 3127"/></Shape>
	    <String CONTENT="והשלג מן השמים וגו&#39; ואומ&#39; כי לשלג יאמר"
                    HPOS="443.0"
                    VPOS="3058.0"
                    WIDTH="1444.0"
                    HEIGHT="178.0"></String>
          </TextLine>

          
          
          <TextLine ID="eSc_line_86c172e0"
                    
                    BASELINE="452 3257 605 3265 659 3272 1122 3268 1161 3276 1329 3280 1395 3291 1433 3284 1812 3288 1878 3265 1893 3314" 
                    HPOS="448.0"
                    VPOS="3173.0"
                    WIDTH="1444.0"
                    HEIGHT="195.0">
            <Shape><Polygon POINTS="448 3253 454 3207 494 3173 552 3219 661 3230 724 3207 753 3230 1167 3236 1254 3224 1294 3190 1329 3224 1444 3207 1513 3236 1864 3230 1892 3311 1823 3362 1271 3357 1214 3311 1139 3368 1024 3339 782 3362 552 3351 454 3270"/></Shape>
	    <String CONTENT="הוה ארץ וגו&#39; או לפי ששותה מי שלגים אבל"
                    HPOS="448.0"
                    VPOS="3173.0"
                    WIDTH="1444.0"
                    HEIGHT="195.0"></String>
          </TextLine>

          
          
          <TextLine ID="eSc_line_7fc70b1b"
                    
                    BASELINE="459 3383 521 3395 605 3391 651 3399 801 3403 847 3410 1418 3406 1467 3414 1655 3414 1709 3406 1789 3414 1924 3414" 
                    HPOS="454.0"
                    VPOS="3311.0"
                    WIDTH="1467.0"
                    HEIGHT="201.0">
            <Shape><Polygon POINTS="454 3380 500 3328 558 3351 920 3362 1024 3334 1156 3362 1208 3311 1283 3368 1789 3362 1921 3408 1910 3454 1852 3500 1737 3512 1202 3477 770 3489 650 3449 529 3471 466 3408"/></Shape>
	    <String CONTENT="אינה שותה מי טללים ת&#39;ל&#39; למטר השמים [תש&#39;]"
                    HPOS="454.0"
                    VPOS="3311.0"
                    WIDTH="1467.0"
                    HEIGHT="201.0"></String>
          </TextLine>

          
          
          <TextLine ID="eSc_line_6072f827"
                    
                    BASELINE="498 3521 555 3533 774 3533 896 3540 935 3548 1230 3544 1268 3552 1471 3563 1908 3563" 
                    HPOS="494.0"
                    VPOS="3454.0"
                    WIDTH="1410.0"
                    HEIGHT="190.0">
            <Shape><Polygon POINTS="494 3517 535 3477 598 3483 644 3454 713 3489 909 3500 1823 3500 1881 3517 1904 3558 1858 3632 1806 3644 1651 3644 1559 3615 1461 3644 1087 3638 1024 3632 989 3598 949 3627 828 3627 759 3604 667 3615 615 3575 535 3604 500 3569"/></Shape>
	    <String CONTENT="תשתה מים כשהוא אומ&#39; מים אף מי טללים"
                    HPOS="494.0"
                    VPOS="3454.0"
                    WIDTH="1410.0"
                    HEIGHT="190.0"></String>
          </TextLine>

          
          
          <TextLine ID="eSc_line_3e7e0851"
                    
                    BASELINE="490 3655 682 3671 808 3671 854 3663 935 3678 1042 3678 1088 3686 1513 3682 1594 3690 1697 3690 1740 3682 1786 3682 1904 3694" 
                    HPOS="489.0"
                    VPOS="3581.0"
                    WIDTH="1409.0"
                    HEIGHT="195.0">
            <Shape><Polygon POINTS="489 3650 512 3615 621 3581 701 3627 943 3632 989 3598 1029 3644 1484 3644 1547 3621 1634 3650 1858 3638 1898 3690 1846 3759 1703 3776 1651 3776 1622 3747 1593 3776 1242 3753 1052 3770 1018 3742 972 3770 874 3742 736 3759 667 3753 621 3719 552 3747 494 3707"/></Shape>
	    <String CONTENT="שותה ˙˙ ד&#39;א&#39; מה הגשמים לברכה אף הטללים"
                    HPOS="489.0"
                    VPOS="3581.0"
                    WIDTH="1409.0"
                    HEIGHT="195.0"></String>
          </TextLine>

          
          
          <TextLine ID="eSc_line_bcdb9b29"
                    
                    BASELINE="433 3793 620 3790 789 3809 916 3805 954 3813 1092 3816 1138 3824 1908 3824" 
                    HPOS="431.0"
                    VPOS="3713.0"
                    WIDTH="1473.0"
                    HEIGHT="201.0">
            <Shape><Polygon POINTS="431 3788 500 3713 529 3742 638 3719 678 3759 880 3747 955 3776 1006 3747 1058 3776 1731 3776 1841 3753 1904 3822 1823 3903 1098 3908 1058 3880 1024 3914 880 3891 834 3908 627 3862 483 3874 437 3828"/></Shape>
	    <String CONTENT="לברכה וכן הוא אומ&#39; ויתן לך הﭏקים מטל השמ&#39;"
                    HPOS="431.0"
                    VPOS="3713.0"
                    WIDTH="1473.0"
                    HEIGHT="201.0"></String>
          </TextLine>

          
          
          <TextLine ID="eSc_line_58652beb"
                    
                    BASELINE="459 3920 594 3931 686 3924 827 3947 916 3943 1053 3951 1119 3954 1165 3966 1211 3958 1782 3958 1904 3966" 
                    HPOS="454.0"
                    VPOS="3874.0"
                    WIDTH="1444.0"
                    HEIGHT="184.0">
            <Shape><Polygon POINTS="454 3914 512 3874 1018 3914 1070 3874 1098 3903 1196 3914 1697 3920 1783 3897 1881 3920 1898 3960 1858 4046 1662 4023 1628 4058 1513 4018 1472 4046 1144 4018 1047 4046 972 4023 759 4035 506 4012 460 3966"/></Shape>
	    <String CONTENT="וגו&#39; ˙ ואומ&#39; יערף כמטר לקחי וגו&#39; ואומ&#39; אהיה"
                    HPOS="454.0"
                    VPOS="3874.0"
                    WIDTH="1444.0"
                    HEIGHT="184.0"></String>
          </TextLine>

          
          
          <TextLine ID="eSc_line_57c7dd7a"
                    
                    BASELINE="429 4054 525 4069 712 4073 766 4088 900 4081 1084 4092 1149 4104 1234 4096 1755 4096 1916 4104" 
                    HPOS="425.0"
                    VPOS="4000.0"
                    WIDTH="1490.0"
                    HEIGHT="196.0">
            <Shape><Polygon POINTS="425 4052 483 4000 1035 4052 1167 4052 1208 4029 1478 4058 1530 4029 1616 4064 1662 4023 1714 4023 1743 4052 1892 4064 1915 4098 1852 4184 1708 4161 1547 4196 1421 4190 1398 4167 1173 4190 1081 4161 972 4184 828 4150 667 4167 632 4138 592 4156 477 4133 431 4087"/></Shape>
	    <String CONTENT="כטל לישר&#39; וגו&#39; ואומ&#39; והיה שארית יעקב בגוים"
                    HPOS="425.0"
                    VPOS="4000.0"
                    WIDTH="1490.0"
                    HEIGHT="196.0"></String>
          </TextLine>

          
          
          <TextLine ID="eSc_line_f62a4cea"
                    
                    BASELINE="429 4196 540 4207 620 4203 781 4219 1119 4238 1314 4238 1471 4253 1935 4253" 
                    HPOS="425.0"
                    VPOS="4138.0"
                    WIDTH="1508.0"
                    HEIGHT="201.0">
            <Shape><Polygon POINTS="425 4190 500 4138 644 4144 678 4173 914 4161 1024 4184 1081 4161 1110 4184 1392 4202 1524 4173 1634 4207 1743 4161 1789 4207 1852 4202 1933 4248 1858 4328 1829 4311 1789 4339 1611 4339 1576 4305 1541 4334 1501 4305 1398 4334 1300 4294 1231 4322 1052 4299 995 4322 811 4316 661 4259 598 4288 489 4276 431 4219"/></Shape>
	    <String CONTENT="כטל מאת ייי וכרביבים עלי עשב אשר לא יקוה"
                    HPOS="425.0"
                    VPOS="4138.0"
                    WIDTH="1508.0"
                    HEIGHT="201.0"></String>
          </TextLine>

          
          
          <TextLine ID="eSc_line_aa873f14"
                    
                    BASELINE="536 4330 674 4345 804 4341 919 4364 1019 4361 1352 4376 1935 4376" 
                    HPOS="535.0"
                    VPOS="4259.0"
                    WIDTH="1398.0"
                    HEIGHT="213.0">
            <Shape><Polygon POINTS="535 4328 540 4288 661 4259 730 4311 845 4345 891 4311 1133 4328 1288 4294 1380 4334 1536 4334 1570 4305 1674 4345 1818 4311 1933 4374 1852 4454 1766 4472 1041 4449 932 4391 799 4397 719 4431 650 4403 598 4426 540 4385"/></Shape>
	    <String CONTENT="לאיש ולא ייחל לבני אדם ˙˙ סליק&#39; ˙"
                    HPOS="535.0"
                    VPOS="4259.0"
                    WIDTH="1398.0"
                    HEIGHT="213.0"></String>
          </TextLine>

          
          
          <TextLine ID="eSc_line_9fa07085"
                    
                    BASELINE="444 4456 505 4468 636 4464 804 4479 927 4479 1076 4499 1329 4495 1372 4506 1456 4514 1809 4510 1904 4518" 
                    HPOS="443.0"
                    VPOS="4397.0"
                    WIDTH="1455.0"
                    HEIGHT="207.0">
            <Shape><Polygon POINTS="443 4454 466 4408 506 4397 822 4437 1001 4403 1052 4449 1110 4454 1386 4449 1438 4477 1846 4466 1887 4477 1898 4512 1852 4604 1697 4604 1651 4564 1576 4581 1530 4535 1495 4552 1455 4518 1392 4581 1306 4564 1254 4592 1087 4581 1041 4546 897 4541 868 4564 840 4535 811 4564 753 4564 477 4541 448 4512"/></Shape>
	    <String CONTENT="פסוק&#39; ˙˙ ארץ אשר ייי ﭏקיך דורש אותה"
                    HPOS="443.0"
                    VPOS="4397.0"
                    WIDTH="1455.0"
                    HEIGHT="207.0"></String>
          </TextLine>

          
          
          <TextLine ID="eSc_line_0caf88d2"
                    
                    BASELINE="490 4591 601 4591 755 4606 839 4598 885 4610 1046 4621 1126 4617 1237 4629 1287 4640 1333 4633 1452 4633 1682 4652 1920 4652" 
                    HPOS="489.0"
                    VPOS="4529.0"
                    WIDTH="1426.0"
                    HEIGHT="207.0">
            <Shape><Polygon POINTS="489 4587 529 4535 1392 4587 1455 4529 1541 4587 1869 4604 1915 4650 1875 4725 1800 4736 1691 4730 1645 4696 1570 4730 1225 4707 1087 4673 1041 4707 667 4679 638 4656 575 4679 494 4615"/></Shape>
	    <String CONTENT="וכי אותה בלבד הוא דורש שנ&#39; להמטיר על"
                    HPOS="489.0"
                    VPOS="4529.0"
                    WIDTH="1426.0"
                    HEIGHT="207.0"></String>
          </TextLine>

          
          
          <TextLine ID="eSc_line_7f1e5eca"
                    
                    BASELINE="475 4705 528 4717 689 4728 732 4725 820 4732 858 4748 958 4740 1138 4751 1180 4759 1345 4751 1391 4763 1506 4771 1755 4774 1843 4786 1908 4786" 
                    HPOS="471.0"
                    VPOS="4644.0"
                    WIDTH="1433.0"
                    HEIGHT="219.0">
            <Shape><Polygon POINTS="471 4702 506 4644 552 4673 793 4696 1041 4707 1150 4684 1202 4713 1513 4725 1645 4702 1680 4736 1869 4730 1904 4782 1887 4857 1795 4863 1357 4845 1288 4817 1070 4834 868 4805 805 4828 776 4805 540 4794 477 4736"/></Shape>
	    <String CONTENT="ארץ לא איש וגו&#39; ואומ&#39; להשביע שואה [ומ&#39;]"
                    HPOS="471.0"
                    VPOS="4644.0"
                    WIDTH="1433.0"
                    HEIGHT="219.0"></String>
          </TextLine>

          
          
          <TextLine ID="eSc_line_d0f29ee0"
                    
                    BASELINE="406 4832 701 4855 751 4870 885 4859 923 4870 1019 4878 1253 4886 1387 4897 1582 4897 1632 4889 1671 4901 1828 4912 1927 4901" 
                    HPOS="402.0"
                    VPOS="4776.0"
                    WIDTH="1519.0"
                    HEIGHT="213.0">
            <Shape><Polygon POINTS="402 4828 454 4776 494 4776 799 4828 909 4805 1052 4834 1283 4817 1329 4845 1864 4857 1921 4897 1898 4983 1703 4989 1662 4955 1524 4983 1104 4966 1035 4932 822 4955 799 4932 724 4943 512 4909 460 4926 408 4874"/></Shape>
	    <String CONTENT="ומשואה וגו&#39; מה ת&#39;ל&#39; אשר ייי ﭏקיך דורש אותה"
                    HPOS="402.0"
                    VPOS="4776.0"
                    WIDTH="1519.0"
                    HEIGHT="213.0"></String>
          </TextLine>

          
          
          <TextLine ID="eSc_line_70edb1ed"
                    
                    BASELINE="444 4978 513 4974 674 4985 778 4981 824 4993 931 4997 969 5004 1199 5012 1245 5020 1329 5016 1678 5035 1889 5031 1939 5039" 
                    HPOS="443.0"
                    VPOS="4914.0"
                    WIDTH="1495.0"
                    HEIGHT="207.0">
            <Shape><Polygon POINTS="443 4972 506 4914 817 4955 1547 4989 1662 4949 1703 4989 1858 4983 1938 5035 1875 5110 1818 5121 1472 5104 1415 5075 1357 5104 1248 5070 1190 5098 983 5087 776 5047 719 5075 552 5052 448 4983"/></Shape>
	    <String CONTENT="כביכול אין דורש אותה ובשכר דרישה [שרו&#39;]"
                    HPOS="443.0"
                    VPOS="4914.0"
                    WIDTH="1495.0"
                    HEIGHT="207.0"></String>
          </TextLine>

          
          
          <TextLine ID="eSc_line_ef95a621"
                    
                    BASELINE="471 5093 574 5104 613 5116 747 5108 866 5119 904 5131 1038 5127 1180 5135 1218 5142 1260 5139 1502 5150 1540 5158 1885 5154 1935 5169" 
                    HPOS="466.0"
                    VPOS="5035.0"
                    WIDTH="1467.0"
                    HEIGHT="207.0">
            <Shape><Polygon POINTS="466 5087 489 5035 529 5035 701 5075 1150 5098 1237 5075 1553 5116 1887 5116 1933 5167 1841 5242 1449 5230 1409 5202 1369 5225 1225 5219 1196 5196 1150 5219 1093 5196 960 5213 932 5184 874 5213 615 5196 529 5173 471 5116"/></Shape>
	    <String CONTENT="שדורשה דורש כל הארצות עמה כיוצא [בד&#39;]"
                    HPOS="466.0"
                    VPOS="5035.0"
                    WIDTH="1467.0"
                    HEIGHT="207.0"></String>
          </TextLine>

          
          
          <TextLine ID="eSc_line_2afe8d9b"
                    
                    BASELINE="413 5234 590 5242 858 5265 1184 5280 1406 5276 1571 5296 1828 5296 1943 5284" 
                    HPOS="408.0"
                    VPOS="5184.0"
                    WIDTH="1530.0"
                    HEIGHT="196.0">
            <Shape><Polygon POINTS="408 5230 546 5184 707 5225 857 5230 955 5202 995 5236 1139 5236 1173 5213 1254 5213 1311 5248 1386 5219 1444 5248 1599 5259 1731 5236 1772 5265 1835 5248 1938 5282 1921 5340 1835 5380 1789 5351 1564 5368 1432 5334 897 5345 828 5317 753 5334 719 5299 644 5334 586 5294 414 5282"/></Shape>
	    <String CONTENT="בדבר אתה אומ&#39; הנה לא ינום ולא ישן שומר"
                    HPOS="408.0"
                    VPOS="5184.0"
                    WIDTH="1530.0"
                    HEIGHT="196.0"></String>
          </TextLine>

          
        </TextBlock>
        

        
      </PrintSpace>
    </Page>
  </Layout>
</alto>
