<?xml version="1.0" encoding="UTF-8"?>
<alto xmlns:xsi="http://www.w3.org/2001/XMLSchema-instance"
      xmlns="http://www.loc.gov/standards/alto/ns-v4#"
      xsi:schemaLocation="http://www.loc.gov/standards/alto/ns-v4# http://www.loc.gov/standards/alto/v4/alto-4-2.xsd">
  <Description>
    <MeasurementUnit>pixel</MeasurementUnit>
    <sourceImageInformation>
      <fileName>add_ms_16406_f200r.jpg</fileName>
      
    </sourceImageInformation>
  </Description>
  
  <Tags>
    <OtherTag ID="BT1" LABEL="Title" DESCRIPTION="block type Title"/><OtherTag ID="BT2" LABEL="Main" DESCRIPTION="block type Main"/><OtherTag ID="BT3" LABEL="Commentary" DESCRIPTION="block type Commentary"/><OtherTag ID="BT4" LABEL="Illustration" DESCRIPTION="block type Illustration"/><OtherTag ID="BT224" LABEL="Hole" DESCRIPTION="block type Hole"/><OtherTag ID="BT225" LABEL="Margin" DESCRIPTION="block type Margin"/><OtherTag ID="BT226" LABEL="Paratext" DESCRIPTION="block type Paratext"/>
    <OtherTag ID="LT2" LABEL="Numbering" DESCRIPTION="line type Numbering"/><OtherTag ID="LT3" LABEL="Correction" DESCRIPTION="line type Correction"/><OtherTag ID="LT329" LABEL="Gloss" DESCRIPTION="line type Gloss"/>
  </Tags>
  
  <Layout>
    <Page WIDTH="4471"
          HEIGHT="6346"
          PHYSICAL_IMG_NR="399"
          ID="eSc_dummypage_">
      <PrintSpace HPOS="0"
                  VPOS="0"
                  WIDTH="4471"
                  HEIGHT="6346">
        
        <TextBlock HPOS="2648.0"
                   VPOS="743.0"
                   WIDTH="1495.0"
                   HEIGHT="4428.0"
                   ID="eSc_textblock_15a5e454"
                   TAGREFS="BT2">
          <Shape><Polygon POINTS="4100 5171 4143 5129 4114 761 2679 743 2648 789 2662 5129 4100 5171"/></Shape>
          
          
          <TextLine ID="eSc_line_ea220049"
                    
                    BASELINE="2623 821 3377 821 3557 832 3596 839 3744 835 3956 853 4069 849 4114 856" 
                    HPOS="2619.0"
                    VPOS="750.0"
                    WIDTH="1492.0"
                    HEIGHT="159.0">
            <Shape><Polygon POINTS="2619 819 2624 787 2687 787 2746 750 2904 756 2931 782 2984 756 3042 777 3185 756 3238 782 3439 756 3470 793 3650 777 3687 798 3978 798 4031 766 4095 798 4111 851 4042 909 3719 909 3555 883 3497 909 3402 872 3349 872 3322 899 3285 872 3174 872 3116 904 3037 904 3005 872 2724 899 2677 867 2624 867"/></Shape>
	    <String CONTENT="לומר וכסתה הצרעת ולא הבוהק ˙ את כל עור"
                    HPOS="2619.0"
                    VPOS="750.0"
                    WIDTH="1492.0"
                    HEIGHT="159.0"></String>
          </TextLine>

          
          
          <TextLine ID="eSc_line_18cf49a0"
                    
                    BASELINE="2665 955 2722 962 2820 955 2993 958 3035 966 3473 966 3508 958 3554 969 3709 980 3917 980 3959 994 4083 987" 
                    HPOS="2661.0"
                    VPOS="861.0"
                    WIDTH="1418.0"
                    HEIGHT="217.0">
            <Shape><Polygon POINTS="2661 951 2698 914 2793 893 2936 904 3010 877 3079 909 3328 904 3386 861 3455 914 3952 936 4047 946 4079 983 4063 1052 4000 1078 3836 1068 3772 1015 3740 1047 3629 1047 3560 1020 3465 1047 3391 1015 3317 1036 3037 1015 2709 1036 2666 994"/></Shape>
	    <String CONTENT="הנגע עור הראוי לקבל נגע פרט לשחין [המ&#39;]"
                    HPOS="2661.0"
                    VPOS="861.0"
                    WIDTH="1418.0"
                    HEIGHT="217.0"></String>
          </TextLine>

          
          
          <TextLine ID="eSc_line_8d6900cb"
                    
                    BASELINE="2683 1082 2774 1071 2824 1082 2965 1085 3007 1092 3441 1089 3564 1096 3624 1107 3741 1107 3818 1099 3871 1117 3910 1121 4079 1114" 
                    HPOS="2682.0"
                    VPOS="1020.0"
                    WIDTH="1392.0"
                    HEIGHT="185.0">
            <Shape><Polygon POINTS="2682 1078 2724 1036 2867 1020 3703 1047 3772 1020 3825 1068 4042 1078 4074 1110 4058 1195 4031 1205 3878 1184 3846 1152 3724 1179 3592 1152 3455 1158 3386 1126 3306 1163 3195 1136 3031 1163 3000 1136 2920 1158 2888 1126 2851 1158 2804 1158 2756 1121 2687 1121"/></Shape>
	    <String CONTENT="המורד ולמכוה המורדת או אינו אומר ˙"
                    HPOS="2682.0"
                    VPOS="1020.0"
                    WIDTH="1392.0"
                    HEIGHT="185.0"></String>
          </TextLine>

          
          
          <TextLine ID="eSc_line_48bab733"
                    
                    BASELINE="2669 1226 2852 1226 2898 1233 3614 1230 3695 1244 3899 1244 3945 1258 3980 1262 4107 1251" 
                    HPOS="2666.0"
                    VPOS="1126.0"
                    WIDTH="1439.0"
                    HEIGHT="211.0">
            <Shape><Polygon POINTS="2666 1221 2672 1179 2724 1126 2772 1168 2841 1168 2888 1126 2925 1163 2957 1142 3264 1174 3349 1168 3396 1131 3455 1168 3788 1195 3841 1158 3899 1205 3936 1195 4105 1248 4021 1337 3867 1337 3836 1311 3767 1337 3645 1311 3560 1322 3407 1279 3306 1290 3269 1316 3195 1279 2936 1295 2899 1258 2836 1311 2719 1295 2672 1248"/></Shape>
	    <String CONTENT="את כל עור הנגע אלא עור הראוי לקבל"
                    HPOS="2666.0"
                    VPOS="1126.0"
                    WIDTH="1439.0"
                    HEIGHT="211.0"></String>
          </TextLine>

          
          
          <TextLine ID="eSc_line_2a409e9d"
                    
                    BASELINE="2697 1378 2789 1371 3448 1371 3494 1378 3547 1378 3582 1389 3748 1385 3783 1392 3832 1392 3878 1403 4093 1403" 
                    HPOS="2693.0"
                    VPOS="1269.0"
                    WIDTH="1397.0"
                    HEIGHT="217.0">
            <Shape><Polygon POINTS="2693 1374 2719 1327 2841 1322 2899 1269 2941 1311 3047 1279 3079 1311 3111 1285 3137 1311 3597 1311 4026 1353 4090 1401 4015 1486 3830 1475 3788 1433 3740 1464 3418 1417 3338 1438 3211 1417 3174 1443 3090 1417 2994 1449 2904 1433 2825 1459 2719 1459 2698 1438"/></Shape>
	    <String CONTENT="נגע כגריס יעכב ושאינו ראוי לקבל נגע"
                    HPOS="2693.0"
                    VPOS="1269.0"
                    WIDTH="1397.0"
                    HEIGHT="217.0"></String>
          </TextLine>

          
          
          <TextLine ID="eSc_line_80a6ce33"
                    
                    BASELINE="2679 1512 2729 1498 2764 1505 3018 1498 3490 1498 3614 1515 3748 1512 3871 1519 3906 1530 4026 1526 4083 1533" 
                    HPOS="2677.0"
                    VPOS="1417.0"
                    WIDTH="1402.0"
                    HEIGHT="195.0">
            <Shape><Polygon POINTS="2677 1507 2719 1464 2915 1438 3179 1449 3232 1417 3254 1438 3428 1422 3460 1443 3534 1433 3730 1464 3788 1438 3825 1475 4031 1486 4079 1528 4026 1602 3941 1612 3788 1575 3719 1586 3682 1549 3645 1586 3481 1544 3391 1570 3333 1549 3312 1570 3232 1528 3164 1575 3111 1554 2894 1560 2767 1586 2682 1512"/></Shape>
	    <String CONTENT="כגריס לא יעכב ˙ תלמוד לומר כולו הפך"
                    HPOS="2677.0"
                    VPOS="1417.0"
                    WIDTH="1402.0"
                    HEIGHT="195.0"></String>
          </TextLine>

          
          
          <TextLine ID="eSc_line_fe24054e"
                    
                    BASELINE="2679 1625 3236 1625 3279 1632 3406 1632 3518 1642 3645 1642 3779 1657 4104 1657" 
                    HPOS="2677.0"
                    VPOS="1528.0"
                    WIDTH="1423.0"
                    HEIGHT="217.0">
            <Shape><Polygon POINTS="2677 1623 2724 1575 3153 1575 3227 1528 3269 1570 3428 1575 3476 1549 3502 1575 3624 1597 3682 1560 3724 1597 4005 1597 4100 1655 4010 1729 3941 1745 3904 1708 3851 1734 3814 1697 3783 1723 3677 1723 3650 1702 3539 1718 3502 1681 3402 1713 3227 1676 3095 1702 2978 1671 2920 1702 2767 1718 2682 1628"/></Shape>
	    <String CONTENT="לבן אי כולו הפך לבן יכול תוך ראש תוך"
                    HPOS="2677.0"
                    VPOS="1528.0"
                    WIDTH="1423.0"
                    HEIGHT="217.0"></String>
          </TextLine>

          
          
          <TextLine ID="eSc_line_d5b64a20"
                    
                    BASELINE="2679 1762 3039 1762 3120 1769 3571 1769 3607 1762 3681 1783 3829 1780 3977 1798 4061 1798" 
                    HPOS="2677.0"
                    VPOS="1676.0"
                    WIDTH="1381.0"
                    HEIGHT="196.0">
            <Shape><Polygon POINTS="2677 1761 2724 1681 2777 1713 2936 1708 2989 1676 3015 1702 3084 1708 3444 1702 3714 1729 3783 1723 3809 1697 3857 1739 4005 1750 4058 1792 4000 1866 3936 1872 3857 1845 3481 1845 3386 1819 2740 1835 2682 1782"/></Shape>
	    <String CONTENT="רגליו לכל מראה עיני הכהן פרט לבית [הס&#39;]"
                    HPOS="2677.0"
                    VPOS="1676.0"
                    WIDTH="1381.0"
                    HEIGHT="196.0"></String>
          </TextLine>

          
          
          <TextLine ID="eSc_line_b8a893fd"
                    
                    BASELINE="2651 1886 2834 1896 3585 1893 3621 1900 3769 1910 4097 1910" 
                    HPOS="2650.0"
                    VPOS="1824.0"
                    WIDTH="1445.0"
                    HEIGHT="164.0">
            <Shape><Polygon POINTS="2650 1882 2714 1835 3111 1824 3650 1835 4000 1866 4095 1909 3984 1988 3746 1977 3709 1956 3645 1977 3576 1956 3502 1967 3460 1935 3285 1967 3238 1946 3074 1967 2910 1946 2788 1977 2656 1887"/></Shape>
	    <String CONTENT="הסתרים מיכן אמרו האיש נראה כעודר"
                    HPOS="2650.0"
                    VPOS="1824.0"
                    WIDTH="1445.0"
                    HEIGHT="164.0"></String>
          </TextLine>

          
          
          <TextLine ID="eSc_line_de81ac05"
                    
                    BASELINE="2637 2027 2722 2037 3776 2034 3853 2041 3931 2034 4054 2051" 
                    HPOS="2634.0"
                    VPOS="1956.0"
                    WIDTH="1419.0"
                    HEIGHT="180.0">
            <Shape><Polygon POINTS="2634 2025 2698 1956 2735 1983 3137 1956 4000 1998 4053 2046 3952 2136 3883 2115 3804 2136 3740 2104 3518 2115 3433 2078 3312 2110 3042 2104 3010 2073 2963 2104 2756 2099 2687 2131 2645 2104"/></Shape>
	    <String CONTENT="וכמוסק זיתים כעודר בבית הסתרים וכמוסק"
                    HPOS="2634.0"
                    VPOS="1956.0"
                    WIDTH="1419.0"
                    HEIGHT="180.0"></String>
          </TextLine>

          
          
          <TextLine ID="eSc_line_6d258e2f"
                    
                    BASELINE="2672 2175 3617 2175 3702 2182 3829 2182 3878 2192 4002 2192 4083 2182" 
                    HPOS="2666.0"
                    VPOS="2110.0"
                    WIDTH="1413.0"
                    HEIGHT="148.0">
            <Shape><Polygon POINTS="2666 2173 2703 2125 2772 2115 3571 2110 3968 2136 4079 2178 4005 2258 3619 2247 3582 2226 2703 2247 2672 2215"/></Shape>
	    <String CONTENT="זיתים בבית השיחי האשה כעורכת בבית [ה&#39;]"
                    HPOS="2666.0"
                    VPOS="2110.0"
                    WIDTH="1413.0"
                    HEIGHT="148.0"></String>
          </TextLine>

          
          
          <TextLine ID="eSc_line_e52af8c2"
                    
                    BASELINE="2679 2295 2771 2305 3219 2302 4083 2305" 
                    HPOS="2677.0"
                    VPOS="2236.0"
                    WIDTH="1402.0"
                    HEIGHT="143.0">
            <Shape><Polygon POINTS="2677 2289 2730 2236 3582 2242 3989 2258 4079 2300 4000 2374 3915 2379 3280 2374 3201 2348 3015 2374 2899 2342 2793 2379 2693 2295"/></Shape>
	    <String CONTENT="הסתרים וכמניקה את בנה תחת הדר [כאו&#39;]"
                    HPOS="2677.0"
                    VPOS="2236.0"
                    WIDTH="1402.0"
                    HEIGHT="143.0"></String>
          </TextLine>

          
          
          <TextLine ID="eSc_line_bf1414cd"
                    
                    BASELINE="2686 2436 2817 2429 4069 2429" 
                    HPOS="2682.0"
                    VPOS="2348.0"
                    WIDTH="1386.0"
                    HEIGHT="163.0">
            <Shape><Polygon POINTS="2682 2432 2740 2353 2804 2385 3153 2379 3190 2348 3222 2374 4010 2379 4068 2427 4053 2474 4005 2506 3915 2490 3714 2511 3645 2506 3587 2469 3523 2501 3158 2474 3137 2496 3095 2480 2968 2506 2931 2474 2899 2506 2793 2506 2693 2432"/></Shape>
	    <String CONTENT="כאורגת בעומרים בשיחי ליד הימנית ר&#39;"
                    HPOS="2682.0"
                    VPOS="2348.0"
                    WIDTH="1386.0"
                    HEIGHT="163.0"></String>
          </TextLine>

          
          
          <TextLine ID="eSc_line_d83474b1"
                    
                    BASELINE="2683 2563 3106 2573 3219 2566 3794 2563 3875 2556 4083 2556" 
                    HPOS="2682.0"
                    VPOS="2480.0"
                    WIDTH="1397.0"
                    HEIGHT="169.0">
            <Shape><Polygon POINTS="2682 2559 2724 2485 2899 2511 2931 2480 2968 2511 4026 2511 4079 2554 3994 2633 3730 2633 3672 2601 3640 2633 3333 2623 3153 2644 3090 2623 3031 2649 2984 2607 2910 2644 2804 2644 2783 2623 2730 2638 2687 2596"/></Shape>
	    <String CONTENT="יהודה אומר אף כטווה בפשתן [לשמא&#39;]"
                    HPOS="2682.0"
                    VPOS="2480.0"
                    WIDTH="1397.0"
                    HEIGHT="169.0"></String>
          </TextLine>

          
          
          <TextLine ID="eSc_line_e65235f6"
                    
                    BASELINE="2672 2700 3310 2697 3801 2700 3991 2697 4072 2682 4121 2686" 
                    HPOS="2666.0"
                    VPOS="2607.0"
                    WIDTH="1450.0"
                    HEIGHT="169.0">
            <Shape><Polygon POINTS="2666 2697 2724 2644 2947 2644 2984 2607 3031 2649 4021 2628 4116 2681 4037 2760 3984 2776 3783 2749 3613 2776 3190 2755 2751 2776 2672 2697"/></Shape>
	    <String CONTENT="לשמאלית כשם שהוא נראה לנגעו כך"
                    HPOS="2666.0"
                    VPOS="2607.0"
                    WIDTH="1450.0"
                    HEIGHT="169.0"></String>
          </TextLine>

          
          
          <TextLine ID="eSc_line_a40aa23e"
                    
                    BASELINE="2658 2834 2707 2820 2824 2827 3212 2823 3899 2827 4005 2823 4076 2813 4125 2816" 
                    HPOS="2656.0"
                    VPOS="2749.0"
                    WIDTH="1465.0"
                    HEIGHT="159.0">
            <Shape><Polygon POINTS="2656 2829 2693 2776 2910 2786 3000 2755 3386 2776 3661 2771 3682 2749 4042 2765 4121 2813 4037 2892 3883 2898 3603 2898 3571 2871 3465 2898 3412 2866 3322 2892 3074 2871 2973 2903 2814 2887 2740 2908 2661 2860"/></Shape>
	    <String CONTENT="הוא נראה לתגלחתו ˙ דבר אחר לכל מראה"
                    HPOS="2656.0"
                    VPOS="2749.0"
                    WIDTH="1465.0"
                    HEIGHT="159.0"></String>
          </TextLine>

          
          
          <TextLine ID="eSc_line_d453df71"
                    
                    BASELINE="2665 2964 2926 2961 2961 2968 3233 2968 3325 2961 3652 2957 3688 2950 4072 2954 4121 2943" 
                    HPOS="2661.0"
                    VPOS="2871.0"
                    WIDTH="1455.0"
                    HEIGHT="169.0">
            <Shape><Polygon POINTS="2661 2961 2740 2908 3523 2903 3555 2871 3640 2903 4058 2903 4116 2940 4031 3030 3899 3014 3714 3035 3428 3014 3047 3030 2957 3009 2862 3040 2793 3035 2687 2961"/></Shape>
	    <String CONTENT="עיני הכהן פרט לכהן שחסר מאור עיניו"
                    HPOS="2661.0"
                    VPOS="2871.0"
                    WIDTH="1455.0"
                    HEIGHT="169.0"></String>
          </TextLine>

          
          
          <TextLine ID="eSc_line_05158756"
                    
                    BASELINE="2690 3088 2901 3088 2937 3095 3145 3091 3392 3095 3437 3088 3642 3084 3681 3077 4086 3077 4132 3084" 
                    HPOS="2687.0"
                    VPOS="3019.0"
                    WIDTH="1440.0"
                    HEIGHT="148.0">
            <Shape><Polygon POINTS="2687 3083 2761 3030 2904 3040 2952 3019 3264 3040 4047 3024 4127 3083 4031 3151 2984 3146 2947 3167 2756 3157 2693 3093"/></Shape>
	    <String CONTENT="מיכן אמרו כהן סומא באחת או שכהה"
                    HPOS="2687.0"
                    VPOS="3019.0"
                    WIDTH="1440.0"
                    HEIGHT="148.0"></String>
          </TextLine>

          
          
          <TextLine ID="eSc_line_02afa521"
                    
                    BASELINE="2644 3222 3282 3218 3325 3222 3409 3215 3582 3211 3628 3204 4072 3208 4118 3197" 
                    HPOS="2640.0"
                    VPOS="3146.0"
                    WIDTH="1476.0"
                    HEIGHT="159.0">
            <Shape><Polygon POINTS="2640 3220 2682 3167 2724 3162 2867 3178 3994 3146 4116 3194 4042 3273 3894 3262 3825 3294 3703 3268 3592 3289 3518 3268 3455 3299 3386 3278 3275 3294 3179 3268 3116 3305 2984 3305 2915 3299 2878 3268 2851 3289 2693 3299 2650 3262"/></Shape>
	    <String CONTENT="מאור עיניו לא יראה את הנגעים ˙ וראה"
                    HPOS="2640.0"
                    VPOS="3146.0"
                    WIDTH="1476.0"
                    HEIGHT="159.0"></String>
          </TextLine>

          
          
          <TextLine ID="eSc_line_583cd5da"
                    
                    BASELINE="2665 3356 3335 3363 3540 3345 3910 3349 4079 3328" 
                    HPOS="2661.0"
                    VPOS="3268.0"
                    WIDTH="1413.0"
                    HEIGHT="169.0">
            <Shape><Polygon POINTS="2661 3352 2719 3299 3127 3305 3185 3268 3248 3305 3994 3278 4074 3326 4031 3405 3846 3421 3666 3389 3635 3421 2857 3416 2799 3437 2714 3416 2666 3368"/></Shape>
	    <String CONTENT="והנה כסתה הצרעת מה תלמוד לומר [שיכ&#39;]"
                    HPOS="2661.0"
                    VPOS="3268.0"
                    WIDTH="1413.0"
                    HEIGHT="169.0"></String>
          </TextLine>

          
          
          <TextLine ID="eSc_line_8a42619d"
                    
                    BASELINE="2623 3479 2679 3490 3236 3490 3367 3486 3444 3479 3483 3469 3529 3476 3734 3476 3836 3462 4016 3462 4107 3451" 
                    HPOS="2619.0"
                    VPOS="3389.0"
                    WIDTH="1486.0"
                    HEIGHT="185.0">
            <Shape><Polygon POINTS="2619 3474 2666 3421 2709 3416 2788 3437 3396 3437 3635 3421 3666 3389 3698 3416 3851 3426 4042 3405 4105 3447 4000 3537 3963 3522 3926 3543 3724 3553 3645 3511 3582 3553 3497 3543 3386 3574 3312 3527 3190 3574 2862 3548 2714 3548 2672 3569 2624 3522"/></Shape>
	    <String CONTENT="שיכול אין לי אלא פריחה בטהרתו אלא"
                    HPOS="2619.0"
                    VPOS="3389.0"
                    WIDTH="1486.0"
                    HEIGHT="185.0"></String>
          </TextLine>

          
          
          <TextLine ID="eSc_line_778760e1"
                    
                    BASELINE="2640 3617 2778 3624 2820 3634 2947 3627 3342 3631 3459 3624 3526 3613 3772 3617 3896 3599 4083 3599" 
                    HPOS="2634.0"
                    VPOS="3511.0"
                    WIDTH="1445.0"
                    HEIGHT="196.0">
            <Shape><Polygon POINTS="2634 3611 2714 3548 2756 3569 3227 3574 3312 3522 3365 3574 3608 3559 3656 3511 3724 3559 4026 3543 4079 3596 4063 3648 3994 3680 3719 3685 3682 3654 3650 3685 3529 3696 3502 3675 3476 3701 3317 3680 3047 3707 2920 3670 2894 3691 2735 3691 2650 3617"/></Shape>
	    <String CONTENT="מן השאת בלבד מניין לרבות שאר [המרא&#39;]"
                    HPOS="2634.0"
                    VPOS="3511.0"
                    WIDTH="1445.0"
                    HEIGHT="196.0"></String>
          </TextLine>

          
          
          <TextLine ID="eSc_line_01aa61ec"
                    
                    BASELINE="2637 3740 2923 3758 3353 3758 3395 3751 3490 3751 3596 3740 3744 3744 3832 3740 3938 3726 4054 3730 4104 3719" 
                    HPOS="2634.0"
                    VPOS="3654.0"
                    WIDTH="1466.0"
                    HEIGHT="185.0">
            <Shape><Polygon POINTS="2634 3738 2714 3685 3052 3717 3402 3712 3502 3685 3650 3691 3687 3654 3724 3691 4031 3664 4100 3717 4058 3797 3878 3807 3841 3781 3809 3812 3555 3807 3470 3828 3359 3802 3232 3839 3190 3818 3132 3839 2714 3823 2640 3749"/></Shape>
	    <String CONTENT="המראות תלמוד לומר הצרעת את כל [בש&#39;]"
                    HPOS="2634.0"
                    VPOS="3654.0"
                    WIDTH="1466.0"
                    HEIGHT="185.0"></String>
          </TextLine>

          
          
          <TextLine ID="eSc_line_dcfe6b67"
                    
                    BASELINE="2655 3871 2785 3867 3004 3881 3402 3885 3695 3867 3896 3871 4002 3856 4121 3856" 
                    HPOS="2650.0"
                    VPOS="3802.0"
                    WIDTH="1466.0"
                    HEIGHT="158.0">
            <Shape><Polygon POINTS="2650 3865 2735 3818 3455 3834 4026 3802 4058 3802 4116 3855 4026 3934 3465 3960 3052 3950 3010 3913 2984 3939 2809 3950 2693 3865"/></Shape>
	    <String CONTENT="בשרו להביא את בין האצבעות ידיהם [ו&#39;]"
                    HPOS="2650.0"
                    VPOS="3802.0"
                    WIDTH="1466.0"
                    HEIGHT="158.0"></String>
          </TextLine>

          
          
          <TextLine ID="eSc_line_070c44ad"
                    
                    BASELINE="2679 4001 2782 4012 3194 4012 3459 3994 3705 3997 3892 3980 4058 3983 4139 3973" 
                    HPOS="2677.0"
                    VPOS="3918.0"
                    WIDTH="1460.0"
                    HEIGHT="169.0">
            <Shape><Polygon POINTS="2677 3997 2740 3939 2973 3960 3010 3918 3058 3955 3222 3966 4063 3923 4137 3971 4063 4029 3830 4066 3772 4050 3534 4072 3486 4050 3460 4072 3190 4082 3090 4045 3000 4087 2883 4050 2820 4050 2777 4082 2735 4077 2682 4029"/></Shape>
	    <String CONTENT="ורגליהם ˙ דבר אחר מה תלמוד לומר את"
                    HPOS="2677.0"
                    VPOS="3918.0"
                    WIDTH="1460.0"
                    HEIGHT="169.0"></String>
          </TextLine>

          
          
          <TextLine ID="eSc_line_e6d10523"
                    
                    BASELINE="2651 4121 2707 4131 2792 4131 2838 4139 3124 4139 3399 4121 3677 4121 3719 4128 3822 4110 4026 4110 4118 4096" 
                    HPOS="2650.0"
                    VPOS="4034.0"
                    WIDTH="1466.0"
                    HEIGHT="186.0">
            <Shape><Polygon POINTS="2650 4119 2719 4077 2788 4093 2825 4056 2883 4093 3820 4072 4000 4034 4053 4040 4116 4093 4047 4172 3941 4161 3894 4188 3677 4204 3396 4188 3317 4209 3248 4172 3195 4209 2984 4193 2894 4220 2783 4172 2730 4183 2666 4124"/></Shape>
	    <String CONTENT="כל בשרו מניין אתה אומר פרחה בכולו [א&#39;]"
                    HPOS="2650.0"
                    VPOS="4034.0"
                    WIDTH="1466.0"
                    HEIGHT="186.0"></String>
          </TextLine>

          
          
          <TextLine ID="eSc_line_0f0c148d"
                    
                    BASELINE="2665 4255 2722 4265 3585 4265 3737 4248 3853 4251 3927 4234 4104 4227" 
                    HPOS="2661.0"
                    VPOS="4161.0"
                    WIDTH="1439.0"
                    HEIGHT="191.0">
            <Shape><Polygon POINTS="2661 4251 2756 4172 2830 4214 2936 4220 3000 4193 3021 4214 3195 4220 3275 4172 3322 4220 3486 4220 3904 4188 3952 4161 4084 4172 4100 4225 4058 4283 3978 4304 3941 4283 3867 4320 3751 4331 3698 4315 3645 4347 3539 4315 3497 4347 3370 4347 3333 4315 3243 4347 2994 4325 2873 4352 2804 4320 2719 4336 2666 4283"/></Shape>
	    <String CONTENT="אבל לא בכחצי הסמוך לראש ולזקן [ולש&#39;]"
                    HPOS="2661.0"
                    VPOS="4161.0"
                    WIDTH="1439.0"
                    HEIGHT="191.0"></String>
          </TextLine>

          
          
          <TextLine ID="eSc_line_66d1cb37"
                    
                    BASELINE="2655 4392 2750 4389 2954 4406 3236 4406 3279 4399 3395 4399 3543 4389 3705 4392 3808 4371 3850 4378 3927 4378 4051 4368 4086 4357 4104 4406" 
                    HPOS="2650.0"
                    VPOS="4288.0"
                    WIDTH="1450.0"
                    HEIGHT="207.0">
            <Shape><Polygon POINTS="2650 4389 2687 4331 2910 4362 3338 4336 3534 4362 3555 4341 3661 4347 3793 4315 3941 4320 4031 4288 4084 4325 4100 4405 3878 4458 3820 4442 3777 4463 3534 4463 3502 4484 3460 4463 3301 4473 3238 4452 3174 4484 2973 4473 2952 4495 2873 4468 2783 4473 2751 4447 2682 4458 2656 4431"/></Shape>
	    <String CONTENT="ולשחין ולמכוה ולקרח חזר הוא הזקן ונקרח"
                    HPOS="2650.0"
                    VPOS="4288.0"
                    WIDTH="1450.0"
                    HEIGHT="207.0"></String>
          </TextLine>

          
          
          <TextLine ID="eSc_line_4a489b4a"
                    
                    BASELINE="2651 4523 2782 4533 3367 4533 3557 4519 3674 4519 3825 4502 3942 4505 3977 4495 4111 4484" 
                    HPOS="2650.0"
                    VPOS="4431.0"
                    WIDTH="1455.0"
                    HEIGHT="185.0">
            <Shape><Polygon POINTS="2650 4521 2746 4447 2793 4479 2957 4495 3883 4463 4068 4431 4105 4479 4095 4532 3952 4558 3920 4584 3724 4574 3243 4616 3121 4574 3074 4616 2735 4600 2661 4526"/></Shape>
	    <String CONTENT="השחין והמכוה והקרח ונעשו צרבתה תלמ&#39;"
                    HPOS="2650.0"
                    VPOS="4431.0"
                    WIDTH="1455.0"
                    HEIGHT="185.0"></String>
          </TextLine>

          
          
          <TextLine ID="eSc_line_b4ca3544"
                    
                    BASELINE="2792 4650 2926 4650 3004 4660 3226 4660 3437 4653 3540 4643 3695 4646 3783 4629 3829 4632 3977 4618 4121 4618" 
                    HPOS="2788.0"
                    VPOS="4542.0"
                    WIDTH="1328.0"
                    HEIGHT="196.0">
            <Shape><Polygon POINTS="2788 4648 2793 4616 2851 4600 3243 4622 3698 4595 3724 4569 3756 4590 3915 4584 4031 4542 4116 4616 4074 4674 3994 4690 3947 4664 3904 4701 3830 4711 3724 4696 3682 4722 3603 4722 3523 4701 3455 4738 3381 4701 3338 4733 3285 4717 3243 4738 2910 4722 2820 4648"/></Shape>
	    <String CONTENT="לומר את כל בשרו עד שתפרח בכולו ˙"
                    HPOS="2788.0"
                    VPOS="4542.0"
                    WIDTH="1328.0"
                    HEIGHT="196.0"></String>
          </TextLine>

          
          
          <TextLine ID="eSc_line_1bbc956c"
                    
                    BASELINE="2697 4763 2750 4773 2958 4770 2997 4777 3152 4780 3335 4777 3370 4766 3444 4773 3663 4773 3769 4755 3885 4759 3945 4748 4153 4738" 
                    HPOS="2693.0"
                    VPOS="4674.0"
                    WIDTH="1455.0"
                    HEIGHT="196.0">
            <Shape><Polygon POINTS="2693 4759 2756 4690 2867 4727 3222 4738 3338 4733 3381 4706 3460 4738 4068 4674 4148 4733 4031 4812 3936 4807 3761 4844 3661 4844 3613 4812 3455 4870 3333 4822 3264 4854 3090 4859 3021 4822 3000 4844 2878 4854 2746 4822 2703 4780"/></Shape>
	    <String CONTENT="וטהר הנגע טהור אין לי אלא פריחת [מט&#39;]"
                    HPOS="2693.0"
                    VPOS="4674.0"
                    WIDTH="1455.0"
                    HEIGHT="196.0"></String>
          </TextLine>

          
          
          <TextLine ID="eSc_line_f7b54dfa"
                    
                    BASELINE="2655 4886 2908 4900 3635 4900 3705 4893 3741 4882 3899 4886 4026 4868 4065 4872 4146 4861" 
                    HPOS="2650.0"
                    VPOS="4801.0"
                    WIDTH="1492.0"
                    HEIGHT="191.0">
            <Shape><Polygon POINTS="2650 4881 2656 4844 2751 4822 3047 4854 3275 4854 3317 4833 3460 4865 3571 4844 3608 4812 3661 4844 3777 4844 4063 4801 4142 4859 4058 4934 3730 4971 3650 4949 3523 4976 3460 4955 3370 4976 3312 4960 3259 4986 3079 4944 2915 4992 2656 4939"/></Shape>
	    <String CONTENT="מטהרת אלא לאחר החלט מחייה בתחילתה"
                    HPOS="2650.0"
                    VPOS="4801.0"
                    WIDTH="1492.0"
                    HEIGHT="191.0"></String>
          </TextLine>

          
          
          <TextLine ID="eSc_line_0deeccca"
                    
                    BASELINE="2707 5034 2986 5048 3561 5038 3674 5041 4139 4988" 
                    HPOS="2703.0"
                    VPOS="4944.0"
                    WIDTH="1434.0"
                    HEIGHT="185.0">
            <Shape><Polygon POINTS="2703 5029 2735 4997 3349 4997 3402 4976 3460 4992 3486 4965 3587 4986 3635 4960 3873 4976 4010 4944 4100 4944 4137 4986 4127 5060 4005 5087 3920 5066 3883 5092 3799 5071 3486 5108 3418 5087 3179 5119 3132 5097 3095 5124 2963 5129 2920 5108 2714 5113"/></Shape>
	    <String CONTENT="מניין אחר החלט מחייה בסוף שבוע [הראש&#39;]"
                    HPOS="2703.0"
                    VPOS="4944.0"
                    WIDTH="1434.0"
                    HEIGHT="185.0"></String>
          </TextLine>

          
        </TextBlock>
        
        <TextBlock HPOS="786.0"
                   VPOS="786.0"
                   WIDTH="1537.0"
                   HEIGHT="4371.0"
                   ID="eSc_textblock_e866af2a"
                   TAGREFS="BT2">
          <Shape><Polygon POINTS="2281 5157 2323 5115 2295 817 2253 786 874 800 814 832 786 2411 800 5115 832 5157 2281 5157"/></Shape>
          
          
          <TextLine ID="eSc_line_87644d22"
                    
                    BASELINE="846 881 1153 895 1449 877 2263 877" 
                    HPOS="841.0"
                    VPOS="819.0"
                    WIDTH="1418.0"
                    HEIGHT="132.0">
            <Shape><Polygon POINTS="841 877 857 819 894 846 1100 846 1232 819 1317 819 1359 846 1455 846 1492 819 1973 846 2047 819 2079 846 2195 819 2259 872 2243 925 2201 946 2142 925 2089 951 1957 951 1931 925 1846 951 1793 951 1767 925 1693 946 1576 930 1545 951 1497 930 1380 951 1354 925 1264 951 1179 936 952 951 915 925 846 925"/></Shape>
	    <String CONTENT="הראשון בתוך שבוע שיני לאחר הפטור"
                    HPOS="841.0"
                    VPOS="819.0"
                    WIDTH="1418.0"
                    HEIGHT="132.0"></String>
          </TextLine>

          
          
          <TextLine ID="eSc_line_9aa2c941"
                    
                    BASELINE="832 1011 976 1004 1011 1011 1350 1022 1519 1015 1953 1015 2263 1001" 
                    HPOS="830.0"
                    VPOS="925.0"
                    WIDTH="1429.0"
                    HEIGHT="174.0">
            <Shape><Polygon POINTS="830 1010 894 957 1296 967 1338 925 1375 962 1899 962 1931 930 1968 967 2195 951 2259 999 2227 1089 2084 1062 1899 1089 1640 1078 1582 1099 1545 1078 1285 1094 1100 1068 915 1094 835 1036"/></Shape>
	    <String CONTENT="אחר החלט שער לבן בתחילה בסוף שבוע"
                    HPOS="830.0"
                    VPOS="925.0"
                    WIDTH="1429.0"
                    HEIGHT="174.0"></String>
          </TextLine>

          
          
          <TextLine ID="eSc_line_c8b0c888"
                    
                    BASELINE="821 1149 1713 1145 2062 1149 2140 1145 2175 1138 2260 1142" 
                    HPOS="820.0"
                    VPOS="1068.0"
                    WIDTH="1439.0"
                    HEIGHT="164.0">
            <Shape><Polygon POINTS="820 1147 862 1078 1047 1094 1089 1068 1158 1094 2232 1094 2259 1136 2216 1216 2026 1232 1661 1200 1587 1226 1412 1195 1338 1216 1074 1200 899 1221 825 1179"/></Shape>
	    <String CONTENT="ראשון בסוף שבוע שיני אחר החלט [הפס&#39;]"
                    HPOS="820.0"
                    VPOS="1068.0"
                    WIDTH="1439.0"
                    HEIGHT="164.0"></String>
          </TextLine>

          
          
          <TextLine ID="eSc_line_af30e64c"
                    
                    BASELINE="818 1262 994 1276 1703 1272 2224 1276 2277 1265" 
                    HPOS="814.0"
                    VPOS="1205.0"
                    WIDTH="1461.0"
                    HEIGHT="159.0">
            <Shape><Polygon POINTS="814 1258 841 1216 1502 1205 2005 1226 2206 1211 2275 1263 2222 1337 2158 1359 2079 1337 2042 1364 2000 1327 1957 1353 1814 1332 1587 1353 1555 1327 1386 1359 1158 1327 1116 1353 1074 1327 947 1359 857 1332 820 1295"/></Shape>
	    <String CONTENT="הפסיון בסוף שבוע ראשון בסוף שבוע [שי&#39;]"
                    HPOS="814.0"
                    VPOS="1205.0"
                    WIDTH="1461.0"
                    HEIGHT="159.0"></String>
          </TextLine>

          
          
          <TextLine ID="eSc_line_124e45c6"
                    
                    BASELINE="810 1406 860 1417 1597 1413 2249 1417" 
                    HPOS="809.0"
                    VPOS="1327.0"
                    WIDTH="1439.0"
                    HEIGHT="164.0">
            <Shape><Polygon POINTS="809 1401 873 1327 936 1364 1031 1359 1074 1327 1121 1364 1957 1359 1994 1327 2037 1369 2227 1364 2248 1411 2232 1464 2111 1491 2042 1470 1925 1491 1613 1464 1513 1491 1470 1459 1243 1491 1132 1486 1089 1459 1026 1486 941 1454 878 1480 814 1422"/></Shape>
	    <String CONTENT="שיני לאחר הפטור ופריחת הסגר תלמוד [לו&#39;]"
                    HPOS="809.0"
                    VPOS="1327.0"
                    WIDTH="1439.0"
                    HEIGHT="164.0"></String>
          </TextLine>

          
          
          <TextLine ID="eSc_line_ebb2d10b"
                    
                    BASELINE="832 1537 944 1537 987 1547 1026 1540 2249 1540" 
                    HPOS="830.0"
                    VPOS="1454.0"
                    WIDTH="1418.0"
                    HEIGHT="164.0">
            <Shape><Polygon POINTS="830 1533 862 1486 936 1454 973 1486 1052 1491 1095 1459 1132 1491 2052 1496 2211 1475 2248 1538 2222 1602 2142 1618 2063 1597 1899 1612 1862 1591 1820 1612 1529 1618 1354 1586 1322 1607 1074 1612 1031 1581 894 1607 835 1575"/></Shape>
	    <String CONTENT="לומר וטהר את הנגע טהור את כולן יכול [ה&#39;]"
                    HPOS="830.0"
                    VPOS="1454.0"
                    WIDTH="1418.0"
                    HEIGHT="164.0"></String>
          </TextLine>

          
          
          <TextLine ID="eSc_line_e5f85386"
                    
                    BASELINE="835 1660 892 1671 1696 1667 2260 1671" 
                    HPOS="830.0"
                    VPOS="1586.0"
                    WIDTH="1429.0"
                    HEIGHT="164.0">
            <Shape><Polygon POINTS="830 1655 873 1607 1031 1586 1089 1618 2206 1612 2259 1665 2201 1739 1931 1750 1714 1734 1687 1708 1634 1734 1518 1739 1169 1739 1095 1718 947 1739 846 1660"/></Shape>
	    <String CONTENT="הפורח מן הטהור יהא טהור תלמוד לומר"
                    HPOS="830.0"
                    VPOS="1586.0"
                    WIDTH="1429.0"
                    HEIGHT="164.0"></String>
          </TextLine>

          
          
          <TextLine ID="eSc_line_7787113f"
                    
                    BASELINE="793 1787 849 1798 2277 1790" 
                    HPOS="788.0"
                    VPOS="1718.0"
                    WIDTH="1487.0"
                    HEIGHT="164.0">
            <Shape><Polygon POINTS="788 1782 846 1718 878 1718 910 1745 2216 1745 2275 1787 2222 1866 2095 1882 1957 1872 1925 1840 1867 1877 1587 1856 1476 1882 1386 1872 1359 1845 1206 1877 894 1872 793 1792"/></Shape>
	    <String CONTENT="הוא [ט&#39;] הוא טהור ואין פורח מן הטהור [א&#39;]"
                    HPOS="788.0"
                    VPOS="1718.0"
                    WIDTH="1487.0"
                    HEIGHT="164.0"></String>
          </TextLine>

          
          
          <TextLine ID="eSc_line_ddf5bc64"
                    
                    BASELINE="1537 1910 1625 1921 1914 1924 2288 1917" 
                    HPOS="1534.0"
                    VPOS="1835.0"
                    WIDTH="751.0"
                    HEIGHT="185.0">
            <Shape><Polygon POINTS="1534 1909 1539 1877 1883 1872 1925 1835 1963 1872 2216 1877 2285 1914 2269 1972 2201 2020 2100 1988 1978 2009 1809 1977 1640 1993 1539 1956"/></Shape>
	    <String CONTENT="טהור אלא טמא ˙"
                    HPOS="1534.0"
                    VPOS="1835.0"
                    WIDTH="751.0"
                    HEIGHT="185.0"></String>
          </TextLine>

          
          
          <TextLine ID="eSc_line_9415453f"
                    
                    BASELINE="1413 2048 1671 2058 1925 2051" 
                    HPOS="1412.0"
                    VPOS="1967.0"
                    WIDTH="508.0"
                    HEIGHT="185.0">
            <Shape><Polygon POINTS="1412 2046 1423 2009 1518 1967 1629 2046 1777 1983 1888 2025 1910 2009 1920 2046 1910 2120 1836 2152 1788 2125 1724 2152 1619 2088 1481 2141 1423 2115"/></Shape>
	    <String CONTENT="פרק ב ˙"
                    HPOS="1412.0"
                    VPOS="1967.0"
                    WIDTH="508.0"
                    HEIGHT="185.0"></String>
          </TextLine>

          
          
          <TextLine ID="eSc_line_93f950f7"
                    
                    BASELINE="818 2203 1815 2203 1886 2210 1925 2199 1981 2199 2016 2210 2055 2203 2260 2203" 
                    HPOS="814.0"
                    VPOS="2051.0"
                    WIDTH="1445.0"
                    HEIGHT="228.0">
            <Shape><Polygon POINTS="814 2199 830 2088 851 2083 904 2136 1000 2141 1089 2051 1179 2131 1232 2147 1518 2141 1550 2120 1714 2147 1894 2125 2164 2147 2190 2125 2259 2199 2211 2273 1624 2273 1523 2247 1449 2268 1407 2242 1365 2268 1037 2268 973 2236 888 2279 820 2215"/></Shape>
	    <String CONTENT="וביום הראות בו וגומ&#39; הרי זה בא ללמד על"
                    HPOS="814.0"
                    VPOS="2051.0"
                    WIDTH="1445.0"
                    HEIGHT="228.0"></String>
          </TextLine>

          
          
          <TextLine ID="eSc_line_5b3c7b04"
                    
                    BASELINE="807 2319 990 2326 1029 2333 2147 2333 2182 2326 2277 2326" 
                    HPOS="804.0"
                    VPOS="2236.0"
                    WIDTH="1471.0"
                    HEIGHT="164.0">
            <Shape><Polygon POINTS="804 2316 846 2242 883 2279 925 2279 994 2236 1031 2268 1148 2273 2211 2273 2275 2321 2211 2400 2068 2400 2037 2379 1857 2400 1809 2369 1693 2395 1497 2374 1407 2400 1338 2374 1306 2395 1137 2374 1068 2395 1010 2363 936 2400 888 2390 814 2321"/></Shape>
	    <String CONTENT="ראשי איברים שיהיו טמיאים יכול כל"
                    HPOS="804.0"
                    VPOS="2236.0"
                    WIDTH="1471.0"
                    HEIGHT="164.0"></String>
          </TextLine>

          
          
          <TextLine ID="eSc_line_f383c73f"
                    
                    BASELINE="789 2453 881 2453 916 2460 2055 2457 2168 2464 2207 2453 2263 2446" 
                    HPOS="788.0"
                    VPOS="2369.0"
                    WIDTH="1471.0"
                    HEIGHT="169.0">
            <Shape><Polygon POINTS="788 2448 814 2369 894 2400 973 2400 1015 2369 1052 2400 1132 2379 1179 2400 1460 2411 1751 2400 1783 2379 1820 2406 1931 2406 1973 2385 2222 2400 2259 2443 2190 2527 2063 2506 1994 2533 1798 2517 1486 2538 1349 2527 1306 2485 1243 2517 1206 2485 1169 2522 994 2538 973 2517 835 2527 793 2490"/></Shape>
	    <String CONTENT="שהו תלמוד לומר כאן בשר חי ולהלן נאמ&#39;"
                    HPOS="788.0"
                    VPOS="2369.0"
                    WIDTH="1471.0"
                    HEIGHT="169.0"></String>
          </TextLine>

          
          
          <TextLine ID="eSc_line_aa7d2e5e"
                    
                    BASELINE="807 2591 856 2587 1145 2594 1315 2591 1396 2584 2270 2587" 
                    HPOS="804.0"
                    VPOS="2485.0"
                    WIDTH="1465.0"
                    HEIGHT="185.0">
            <Shape><Polygon POINTS="804 2585 846 2538 1158 2533 1206 2490 1253 2527 1296 2485 1365 2538 2216 2522 2269 2585 2238 2644 2153 2660 2079 2633 1814 2660 1603 2638 1555 2660 1105 2649 1015 2670 978 2649 841 2660 809 2633"/></Shape>
	    <String CONTENT="בשר חי מה בשר חי האמור להלן בכעדשה"
                    HPOS="804.0"
                    VPOS="2485.0"
                    WIDTH="1465.0"
                    HEIGHT="185.0"></String>
          </TextLine>

          
          
          <TextLine ID="eSc_line_07a72d8d"
                    
                    BASELINE="779 2704 832 2714 2260 2707" 
                    HPOS="777.0"
                    VPOS="2644.0"
                    WIDTH="1482.0"
                    HEIGHT="153.0">
            <Shape><Polygon POINTS="777 2702 814 2660 1206 2670 1365 2665 1386 2644 1476 2665 2222 2665 2259 2702 2211 2786 1978 2797 1603 2771 1502 2792 1476 2765 1391 2755 1354 2786 1264 2786 1238 2765 1148 2792 1084 2760 1026 2786 883 2792 783 2723"/></Shape>
	    <String CONTENT="אף כאן בכעדשה דברי ר&#39; יוסי אמ&#39; ר&#39; מאיר"
                    HPOS="777.0"
                    VPOS="2644.0"
                    WIDTH="1482.0"
                    HEIGHT="153.0"></String>
          </TextLine>

          
          
          <TextLine ID="eSc_line_614c0fc5"
                    
                    BASELINE="818 2841 1318 2848 1593 2845 1724 2838 2270 2841" 
                    HPOS="814.0"
                    VPOS="2760.0"
                    WIDTH="1455.0"
                    HEIGHT="164.0">
            <Shape><Polygon POINTS="814 2839 841 2792 1042 2792 1095 2760 1148 2792 1354 2797 2216 2781 2269 2839 2238 2903 2190 2913 2127 2898 1830 2919 1772 2898 1645 2919 1608 2898 1587 2919 1280 2924 1227 2903 1000 2898 915 2924 820 2898"/></Shape>
	    <String CONTENT="וכי משום מחיה הוא מטמא והלא אין [מ&#39;]"
                    HPOS="814.0"
                    VPOS="2760.0"
                    WIDTH="1455.0"
                    HEIGHT="164.0"></String>
          </TextLine>

          
          
          <TextLine ID="eSc_line_5204bcec"
                    
                    BASELINE="803 2972 902 2982 1713 2982 2260 2961" 
                    HPOS="798.0"
                    VPOS="2898.0"
                    WIDTH="1461.0"
                    HEIGHT="158.0">
            <Shape><Polygon POINTS="798 2966 862 2908 973 2924 1010 2898 1074 2929 2142 2919 2243 2924 2259 2956 2243 3030 2201 3051 2121 3030 1518 3051 1470 3009 1275 3051 1232 3030 1164 3056 1026 3030 873 3051 804 2987"/></Shape>
	    <String CONTENT="מחיה מטמאה בראשי איברים אלא [גז&#39;]"
                    HPOS="798.0"
                    VPOS="2898.0"
                    WIDTH="1461.0"
                    HEIGHT="158.0"></String>
          </TextLine>

          
          
          <TextLine ID="eSc_line_167de589"
                    
                    BASELINE="789 3102 1114 3102 1160 3109 1230 3102 1932 3098 1974 3091 2221 3095 2277 3084" 
                    HPOS="788.0"
                    VPOS="3019.0"
                    WIDTH="1487.0"
                    HEIGHT="159.0">
            <Shape><Polygon POINTS="788 3098 820 3051 1428 3051 1460 3019 1502 3051 1671 3056 2127 3035 2227 3046 2275 3083 2179 3178 2153 3157 1904 3167 1883 3146 1592 3178 1375 3173 1349 3151 1306 3173 1164 3151 1100 3173 867 3173 798 3125"/></Shape>
	    <String CONTENT="גזירת מלך היא אפילו כל שהו אמ&#39; ר&#39; יוסי"
                    HPOS="788.0"
                    VPOS="3019.0"
                    WIDTH="1487.0"
                    HEIGHT="159.0"></String>
          </TextLine>

          
          
          <TextLine ID="eSc_line_59849f8d"
                    
                    BASELINE="832 3225 1054 3225 1170 3229 1212 3236 1375 3236 1420 3229 1710 3225 1752 3218 2246 3218" 
                    HPOS="830.0"
                    VPOS="3162.0"
                    WIDTH="1413.0"
                    HEIGHT="143.0">
            <Shape><Polygon POINTS="830 3220 883 3173 1148 3162 2153 3173 2227 3183 2243 3215 2227 3289 2179 3305 2074 3284 1777 3299 1624 3273 1587 3299 1502 3299 1465 3273 1423 3299 1280 3284 1015 3305 984 3284 878 3294 835 3268"/></Shape>
	    <String CONTENT="וכי משום ראשי איברים היא מטמאה"
                    HPOS="830.0"
                    VPOS="3162.0"
                    WIDTH="1413.0"
                    HEIGHT="143.0"></String>
          </TextLine>

          
          
          <TextLine ID="eSc_line_b148a830"
                    
                    BASELINE="818 3356 1914 3363 1949 3356 2087 3352 2200 3356 2246 3338" 
                    HPOS="814.0"
                    VPOS="3273.0"
                    WIDTH="1429.0"
                    HEIGHT="169.0">
            <Shape><Polygon POINTS="814 3352 841 3310 915 3284 1000 3310 1582 3305 1619 3273 1661 3305 2015 3305 2105 3284 2211 3299 2243 3336 2227 3416 2158 3426 1719 3410 1338 3437 1248 3400 1211 3432 851 3442 820 3405"/></Shape>
	    <String CONTENT="והלא אם חזרה לאמצעיתו טמא אלא"
                    HPOS="814.0"
                    VPOS="3273.0"
                    WIDTH="1429.0"
                    HEIGHT="169.0"></String>
          </TextLine>

          
          
          <TextLine ID="eSc_line_3b9547fc"
                    
                    BASELINE="835 3486 1131 3486 1205 3493 1424 3493 1459 3486 2231 3486 2277 3493" 
                    HPOS="830.0"
                    VPOS="3400.0"
                    WIDTH="1445.0"
                    HEIGHT="169.0">
            <Shape><Polygon POINTS="830 3485 867 3437 1132 3437 1164 3416 1206 3437 1253 3400 1301 3442 2195 3426 2275 3490 2216 3559 2174 3569 2074 3564 2031 3537 1984 3564 1740 3564 1693 3537 1613 3559 1523 3543 1492 3564 1418 3548 1380 3569 1322 3532 1169 3569 915 3559 835 3495"/></Shape>
	    <String CONTENT="נאמר כאן בשר חי ונאמר להלן בשר חי"
                    HPOS="830.0"
                    VPOS="3400.0"
                    WIDTH="1445.0"
                    HEIGHT="169.0"></String>
          </TextLine>

          
          
          <TextLine ID="eSc_line_9c39c5c4"
                    
                    BASELINE="789 3624 1784 3631 1819 3624 2002 3620 2038 3613 2274 3613" 
                    HPOS="788.0"
                    VPOS="3543.0"
                    WIDTH="1481.0"
                    HEIGHT="179.0">
            <Shape><Polygon POINTS="788 3622 825 3569 1396 3580 1423 3553 1486 3574 1539 3543 1592 3569 2211 3564 2269 3611 2211 3691 1984 3691 1941 3670 1671 3696 1576 3659 1444 3707 1100 3685 846 3722 793 3664"/></Shape>
	    <String CONTENT="מה בשר חי האמור להלן בכעדשה אף כאן"
                    HPOS="788.0"
                    VPOS="3543.0"
                    WIDTH="1481.0"
                    HEIGHT="179.0"></String>
          </TextLine>

          
          
          <TextLine ID="eSc_line_6d4a0f89"
                    
                    BASELINE="846 3751 952 3751 987 3761 1033 3754 1487 3758 1882 3747 2291 3747" 
                    HPOS="841.0"
                    VPOS="3664.0"
                    WIDTH="1444.0"
                    HEIGHT="170.0">
            <Shape><Polygon POINTS="841 3749 883 3701 1449 3701 1571 3664 1661 3701 2227 3701 2285 3744 2238 3818 2089 3834 2047 3812 1693 3807 1185 3828 1137 3797 899 3823 851 3786"/></Shape>
	    <String CONTENT="בכעדשה וביום מלמד שנותנין לו שנים"
                    HPOS="841.0"
                    VPOS="3664.0"
                    WIDTH="1444.0"
                    HEIGHT="170.0"></String>
          </TextLine>

          
          
          <TextLine ID="eSc_line_837ec6fc"
                    
                    BASELINE="803 3874 987 3874 1156 3885 1392 3885 1470 3878 1777 3874 1819 3867 2270 3867" 
                    HPOS="798.0"
                    VPOS="3802.0"
                    WIDTH="1471.0"
                    HEIGHT="153.0">
            <Shape><Polygon POINTS="798 3871 857 3807 1037 3828 1111 3802 1179 3834 1682 3807 2243 3818 2269 3865 2211 3939 2000 3945 1910 3918 1867 3945 1566 3950 1523 3923 1460 3955 1380 3945 1354 3918 1317 3950 952 3950 873 3929 814 3871"/></Shape>
	    <String CONTENT="ימים שני ימים לביתו שני ימים לכסותו [ד&#39;]"
                    HPOS="798.0"
                    VPOS="3802.0"
                    WIDTH="1471.0"
                    HEIGHT="153.0"></String>
          </TextLine>

          
          
          <TextLine ID="eSc_line_37a318f7"
                    
                    BASELINE="818 3997 867 4008 980 4012 1607 4012 1685 4005 1844 4001 1879 3994 2274 3997" 
                    HPOS="814.0"
                    VPOS="3929.0"
                    WIDTH="1455.0"
                    HEIGHT="158.0">
            <Shape><Polygon POINTS="814 3992 857 3945 1312 3955 1354 3929 1444 3955 2232 3939 2269 3992 2243 4050 2190 4066 2026 4034 1957 4066 1767 4045 1746 4066 1603 4077 1555 4050 1402 4050 1354 4077 1084 4082 984 4061 920 4087 820 4040"/></Shape>
	    <String CONTENT="דברי ר&#39; יהודה ר&#39; אומר הרי הוא אומר וצוה"
                    HPOS="814.0"
                    VPOS="3929.0"
                    WIDTH="1455.0"
                    HEIGHT="158.0"></String>
          </TextLine>

          
          
          <TextLine ID="eSc_line_2e66b2d2"
                    
                    BASELINE="842 4139 1646 4139 1681 4131 1854 4128 1889 4121 2270 4124" 
                    HPOS="841.0"
                    VPOS="4050.0"
                    WIDTH="1428.0"
                    HEIGHT="170.0">
            <Shape><Polygon POINTS="841 4135 888 4087 2026 4050 2232 4066 2269 4119 2243 4183 2164 4198 2047 4183 1963 4204 1899 4161 1830 4204 1502 4204 1460 4161 1423 4198 1238 4193 1132 4220 1100 4188 910 4214 846 4177"/></Shape>
	    <String CONTENT="הכהן ופנו את הבית וגו&#39; ˙ ואחרי כן אם [ממ&#39;]"
                    HPOS="841.0"
                    VPOS="4050.0"
                    WIDTH="1428.0"
                    HEIGHT="170.0"></String>
          </TextLine>

          
          
          <TextLine ID="eSc_line_048e3b26"
                    
                    BASELINE="818 4269 1346 4269 1382 4262 1872 4265 1907 4258 2020 4255 2062 4248 2284 4248" 
                    HPOS="814.0"
                    VPOS="4167.0"
                    WIDTH="1466.0"
                    HEIGHT="180.0">
            <Shape><Polygon POINTS="814 4267 873 4220 1005 4220 1063 4188 1111 4220 1412 4214 1460 4167 1507 4214 1862 4204 1899 4167 1941 4204 2238 4193 2280 4246 2264 4299 2222 4320 2000 4331 1952 4309 1809 4331 1788 4309 1735 4325 1693 4304 1645 4336 1264 4325 1174 4347 1127 4320 910 4341 820 4267"/></Shape>
	    <String CONTENT="ממתינו לדבר הרשות לא ימתינו לדבר"
                    HPOS="814.0"
                    VPOS="4167.0"
                    WIDTH="1466.0"
                    HEIGHT="180.0"></String>
          </TextLine>

          
          
          <TextLine ID="eSc_line_e94e8d74"
                    
                    BASELINE="807 4396 902 4406 1145 4406 1498 4389 2059 4389 2140 4396 2182 4382 2224 4385 2277 4364" 
                    HPOS="804.0"
                    VPOS="4320.0"
                    WIDTH="1471.0"
                    HEIGHT="164.0">
            <Shape><Polygon POINTS="804 4394 857 4320 904 4352 1116 4336 1148 4357 1259 4336 2232 4325 2275 4362 2259 4452 2137 4468 2089 4442 1973 4442 1925 4463 1661 4447 1317 4473 1291 4452 1232 4473 1195 4447 1142 4479 1063 4452 994 4484 862 4473 814 4426"/></Shape>
	    <String CONTENT="מצוה וכמה היא מצוותו נראה בחתן [נות&#39;]"
                    HPOS="804.0"
                    VPOS="4320.0"
                    WIDTH="1471.0"
                    HEIGHT="164.0"></String>
          </TextLine>

          
          
          <TextLine ID="eSc_line_5257f8e6"
                    
                    BASELINE="828 4512 1029 4526 1071 4533 1272 4533 1537 4523 1583 4516 2277 4519" 
                    HPOS="825.0"
                    VPOS="4436.0"
                    WIDTH="1450.0"
                    HEIGHT="170.0">
            <Shape><Polygon POINTS="825 4510 846 4473 1031 4479 1058 4452 1137 4479 1201 4452 1232 4484 1555 4479 1936 4463 1984 4436 2010 4458 2243 4463 2275 4516 2259 4563 2222 4584 2169 4553 2137 4584 2074 4590 1941 4569 1746 4595 1703 4569 1640 4600 1587 4579 1470 4600 1439 4569 1396 4606 1291 4579 1222 4600 1100 4584 1063 4606 894 4590 830 4537"/></Shape>
	    <String CONTENT="נותנין לו שבעת ימי המשתה לו ולביתו [וי&#39;]"
                    HPOS="825.0"
                    VPOS="4436.0"
                    WIDTH="1450.0"
                    HEIGHT="170.0"></String>
          </TextLine>

          
          
          <TextLine ID="eSc_line_1387f220"
                    
                    BASELINE="810 4653 952 4653 990 4660 1406 4660 1710 4643 1985 4646 2200 4629 2249 4629 2302 4636" 
                    HPOS="809.0"
                    VPOS="4558.0"
                    WIDTH="1492.0"
                    HEIGHT="180.0">
            <Shape><Polygon POINTS="809 4648 846 4595 931 4584 1026 4611 1259 4606 1285 4579 1317 4606 1380 4606 1433 4569 1470 4600 1656 4600 1693 4569 1798 4600 1952 4574 2132 4595 2174 4558 2301 4632 2248 4690 2164 4711 2000 4685 1915 4717 1709 4706 1518 4733 1476 4711 1328 4733 1301 4706 1227 4733 1137 4706 1005 4738 941 4701 888 4727 814 4664"/></Shape>
	    <String CONTENT="ולכסותו וכן ברגל נותנין לו כל ימי הרגל ˙ בו"
                    HPOS="809.0"
                    VPOS="4558.0"
                    WIDTH="1492.0"
                    HEIGHT="180.0"></String>
          </TextLine>

          
          
          <TextLine ID="eSc_line_d9ce6b94"
                    
                    BASELINE="810 4777 941 4770 980 4777 1184 4784 1470 4777 1509 4770 1780 4773 1928 4763 2306 4748" 
                    HPOS="809.0"
                    VPOS="4696.0"
                    WIDTH="1492.0"
                    HEIGHT="158.0">
            <Shape><Polygon POINTS="809 4775 851 4722 1507 4738 2005 4696 2238 4706 2301 4743 2285 4807 2227 4833 2089 4801 2063 4833 1989 4838 1888 4796 1836 4801 1798 4844 1735 4822 1709 4844 1555 4854 1190 4854 1164 4828 1105 4854 878 4838 814 4785"/></Shape>
	    <String CONTENT="מה תלמוד לומר מניין אתה אומר פרחה [ב&#39;]"
                    HPOS="809.0"
                    VPOS="4696.0"
                    WIDTH="1492.0"
                    HEIGHT="158.0"></String>
          </TextLine>

          
          
          <TextLine ID="eSc_line_c38e1448"
                    
                    BASELINE="835 4886 973 4900 1650 4900 1724 4893 1805 4893 1879 4882 2277 4886" 
                    HPOS="830.0"
                    VPOS="4801.0"
                    WIDTH="1445.0"
                    HEIGHT="191.0">
            <Shape><Polygon POINTS="830 4881 851 4833 1058 4854 1560 4849 1798 4838 1836 4801 1894 4801 1925 4833 2063 4828 2089 4801 2137 4828 2243 4828 2275 4881 2259 4944 2211 4960 2058 4928 1984 4960 1894 4939 1719 4971 1671 4949 1560 4971 1492 4955 1460 4976 1402 4960 1375 4986 1206 4986 1164 4960 1095 4992 1063 4960 888 4965 835 4934"/></Shape>
	    <String CONTENT="בכולו אבל לא בראש ובזקן בשחין ובמכוה"
                    HPOS="830.0"
                    VPOS="4801.0"
                    WIDTH="1445.0"
                    HEIGHT="191.0"></String>
          </TextLine>

          
          
          <TextLine ID="eSc_line_72249e93"
                    
                    BASELINE="849 5041 1424 5041 2203 5027 2291 5016" 
                    HPOS="846.0"
                    VPOS="4965.0"
                    WIDTH="1439.0"
                    HEIGHT="154.0">
            <Shape><Polygon POINTS="846 5039 851 5008 904 4992 1211 5008 1343 4981 1439 5002 1465 4976 1518 4976 1592 5002 1693 4976 1968 4986 2005 4965 2164 4965 2206 4992 2227 4971 2285 5013 2269 5103 2174 5103 2132 5071 1978 5071 1862 5076 1841 5097 1772 5076 1740 5103 1714 5076 1608 5076 1555 5113 1502 5092 1365 5113 1338 5092 1301 5113 1222 5092 1201 5119 1010 5119 973 5087 941 5119 851 5119"/></Shape>
	    <String CONTENT="ובקרח המורידין חזר הראש והזקן ונקרחו"
                    HPOS="846.0"
                    VPOS="4965.0"
                    WIDTH="1439.0"
                    HEIGHT="154.0"></String>
          </TextLine>

          
        </TextBlock>
        

        
      </PrintSpace>
    </Page>
  </Layout>
</alto>
