<?xml version="1.0" encoding="UTF-8"?>
<alto xmlns:xsi="http://www.w3.org/2001/XMLSchema-instance"
      xmlns="http://www.loc.gov/standards/alto/ns-v4#"
      xsi:schemaLocation="http://www.loc.gov/standards/alto/ns-v4# http://www.loc.gov/standards/alto/v4/alto-4-2.xsd">
  <Description>
    <MeasurementUnit>pixel</MeasurementUnit>
    <sourceImageInformation>
      <fileName>add_ms_16406_f219r.jpg</fileName>
      
    </sourceImageInformation>
  </Description>
  
  <Tags>
    <OtherTag ID="BT1" LABEL="Title" DESCRIPTION="block type Title"/><OtherTag ID="BT2" LABEL="Main" DESCRIPTION="block type Main"/><OtherTag ID="BT3" LABEL="Commentary" DESCRIPTION="block type Commentary"/><OtherTag ID="BT4" LABEL="Illustration" DESCRIPTION="block type Illustration"/><OtherTag ID="BT224" LABEL="Hole" DESCRIPTION="block type Hole"/><OtherTag ID="BT225" LABEL="Margin" DESCRIPTION="block type Margin"/><OtherTag ID="BT226" LABEL="Paratext" DESCRIPTION="block type Paratext"/>
    <OtherTag ID="LT2" LABEL="Numbering" DESCRIPTION="line type Numbering"/><OtherTag ID="LT3" LABEL="Correction" DESCRIPTION="line type Correction"/><OtherTag ID="LT329" LABEL="Gloss" DESCRIPTION="line type Gloss"/>
  </Tags>
  
  <Layout>
    <Page WIDTH="4719"
          HEIGHT="6659"
          PHYSICAL_IMG_NR="437"
          ID="eSc_dummypage_">
      <PrintSpace HPOS="0"
                  VPOS="0"
                  WIDTH="4719"
                  HEIGHT="6659">
        
        <TextBlock HPOS="2557.0"
                   VPOS="691.0"
                   WIDTH="1569.0"
                   HEIGHT="4676.0"
                   ID="eSc_textblock_8a6ce2be"
                   TAGREFS="BT2">
          <Shape><Polygon POINTS="4097 5353 4126 5249 4126 725 4082 691 2590 691 2557 769 2557 5338 3593 5367"/></Shape>
          
          
          <TextLine ID="eSc_line_c70d9c38"
                    
                    BASELINE="2561 795 2668 787 3016 784 3327 806 3412 802 3479 824 3664 817 3860 836 4167 843" 
                    HPOS="2559.0"
                    VPOS="710.0"
                    WIDTH="1604.0"
                    HEIGHT="216.0">
            <Shape><Polygon POINTS="2559 793 2625 738 2720 760 2775 732 2809 754 2870 710 2953 765 2997 732 3053 760 3131 710 3325 710 3369 749 3469 776 3569 726 3669 749 3741 721 3808 754 3891 732 4002 793 4152 793 4163 837 4147 926 3958 926 3847 898 3797 921 3669 915 3536 882 3436 910 3397 876 3336 898 3308 865 3170 887 3114 860 2909 860 2870 882 2803 854 2709 893 2670 860 2564 860"/></Shape>
	    <String CONTENT="חטאתי עויתי פשעתי לפניך ˙ מהו שמשה"
                    HPOS="2559.0"
                    VPOS="710.0"
                    WIDTH="1604.0"
                    HEIGHT="216.0"></String>
          </TextLine>

          
          
          <TextLine ID="eSc_line_12cf4c2c"
                    
                    BASELINE="2590 943 2653 935 2742 935 3064 954 3234 950 3412 961 3453 969 3575 965 3690 980 3860 984 3923 998 4004 995 4141 1002" 
                    HPOS="2587.0"
                    VPOS="865.0"
                    WIDTH="1549.0"
                    HEIGHT="228.0">
            <Shape><Polygon POINTS="2587 937 2675 871 2709 898 2798 882 2831 904 3025 876 3092 898 3131 865 3225 910 3281 887 3308 910 3719 904 3747 937 3814 926 3875 948 3975 932 4008 960 4086 948 4136 998 4047 1093 3869 1082 3752 1032 3658 1065 3464 1054 3414 1021 3331 1048 3264 1021 3197 1037 2997 1004 2953 1026 2886 1004 2842 1026 2809 1004 2775 1026 2725 1009 2687 1032 2592 954"/></Shape>
	    <String CONTENT="אמ&#39; נושא עון ופשע וחטאה ונקה ˙ [ודת&#39;]"
                    HPOS="2587.0"
                    VPOS="865.0"
                    WIDTH="1549.0"
                    HEIGHT="228.0"></String>
          </TextLine>

          
          
          <TextLine ID="eSc_line_b37a4ce3"
                    
                    BASELINE="2590 1076 2642 1069 2757 1069 2935 1076 3049 1087 3338 1083 3497 1102 3630 1102 3667 1095 3760 1117 3889 1109 3956 1132 4141 1132" 
                    HPOS="2587.0"
                    VPOS="1004.0"
                    WIDTH="1549.0"
                    HEIGHT="211.0">
            <Shape><Polygon POINTS="2587 1070 2659 1026 2759 1037 2798 1004 2820 1026 3003 1009 3397 1059 3725 1059 3752 1037 3802 1070 3980 1093 4108 1076 4136 1126 4119 1209 3958 1215 3830 1181 3769 1198 3658 1159 3586 1181 3414 1148 3342 1170 3092 1159 3042 1104 2975 1154 2731 1148 2675 1176 2592 1104"/></Shape>
	    <String CONTENT="והתודה עליו את כל עונות וגו&#39; ˙ אלא כיון"
                    HPOS="2587.0"
                    VPOS="1004.0"
                    WIDTH="1549.0"
                    HEIGHT="211.0"></String>
          </TextLine>

          
          
          <TextLine ID="eSc_line_78105e53"
                    
                    BASELINE="2590 1194 2650 1206 3112 1202 3245 1213 3286 1224 3545 1217 3678 1235 3756 1228 3838 1250 3956 1246 4067 1265 4152 1254" 
                    HPOS="2587.0"
                    VPOS="1109.0"
                    WIDTH="1560.0"
                    HEIGHT="283.0">
            <Shape><Polygon POINTS="2587 1193 2592 1120 2642 1165 2720 1176 2970 1154 3042 1109 3086 1154 3836 1187 4097 1215 4147 1248 4130 1326 4047 1342 3936 1309 3514 1315 3469 1270 3414 1292 3331 1265 3197 1298 3153 1276 3031 1392 2975 1392 2864 1281 2798 1265 2659 1292 2592 1243"/></Shape>
	    <String CONTENT="שהיה מתוודה על הזדונות ועל המרדים [כ&#39;]"
                    HPOS="2587.0"
                    VPOS="1109.0"
                    WIDTH="1560.0"
                    HEIGHT="283.0"></String>
          </TextLine>

          
          
          <TextLine ID="eSc_line_0695b6b0"
                    
                    BASELINE="3131 1328 3231 1339 3312 1335 3490 1353 3527 1350 3690 1365 3771 1365 3908 1387 4023 1379 4123 1383" 
                    HPOS="3125.0"
                    VPOS="1265.0"
                    WIDTH="994.0"
                    HEIGHT="216.0">
            <Shape><Polygon POINTS="3125 1326 3158 1292 3314 1292 3353 1270 3381 1298 3458 1265 3519 1315 3603 1292 3630 1320 3680 1304 3880 1337 3941 1309 3963 1342 4080 1342 4119 1381 4097 1453 4047 1481 3864 1442 3797 1464 3736 1448 3686 1476 3569 1426 3314 1426 3192 1337 3131 1331"/></Shape>
	    <String CONTENT="כאילו הם שגגות לפניך ˙"
                    HPOS="3125.0"
                    VPOS="1265.0"
                    WIDTH="994.0"
                    HEIGHT="216.0"></String>
          </TextLine>

          
          
          <TextLine ID="eSc_line_7db3e1a1"
                    
                    BASELINE="3227 1457 3364 1472 3575 1472" 
                    HPOS="3225.0"
                    VPOS="1403.0"
                    WIDTH="344.0"
                    HEIGHT="161.0">
            <Shape><Polygon POINTS="3225 1453 3236 1403 3292 1442 3475 1415 3558 1437 3569 1470 3553 1514 3475 1564 3292 1537 3231 1492"/></Shape>
	    <String CONTENT="פרק ˙"
                    HPOS="3225.0"
                    VPOS="1403.0"
                    WIDTH="344.0"
                    HEIGHT="161.0"></String>
          </TextLine>

          
          
          <TextLine ID="eSc_line_d3a6aa2b"
                    
                    BASELINE="2598 1575 2901 1590 3023 1587 3397 1605 3490 1601 3641 1620 3845 1620 3930 1635 4123 1627" 
                    HPOS="2592.0"
                    VPOS="1492.0"
                    WIDTH="1527.0"
                    HEIGHT="228.0">
            <Shape><Polygon POINTS="2592 1570 2620 1514 2642 1542 2781 1548 2936 1537 2975 1503 3020 1542 3125 1492 3175 1542 3197 1526 3231 1553 3325 1542 3369 1564 3547 1542 3747 1581 3852 1553 3886 1587 3980 1531 4119 1625 4102 1709 4047 1720 3630 1703 3603 1681 3486 1692 3353 1664 3070 1675 3036 1653 2931 1681 2831 1653 2781 1681 2759 1653 2637 1664 2598 1625"/></Shape>
	    <String CONTENT="ולקח את שני השעירים מלמד שהם [מנ&#39;]"
                    HPOS="2592.0"
                    VPOS="1492.0"
                    WIDTH="1527.0"
                    HEIGHT="228.0"></String>
          </TextLine>

          
          
          <TextLine ID="eSc_line_0e1e7218"
                    
                    BASELINE="2561 1705 2661 1705 2761 1723 3142 1720 3319 1738 3534 1735 3671 1753 3856 1749 3904 1753 3952 1772 4123 1760" 
                    HPOS="2559.0"
                    VPOS="1648.0"
                    WIDTH="1560.0"
                    HEIGHT="199.0">
            <Shape><Polygon POINTS="2559 1703 2570 1664 2598 1681 2659 1648 2714 1681 2842 1659 2898 1686 3047 1653 3181 1681 3597 1675 3764 1714 3886 1692 3913 1720 4019 1709 4074 1736 4108 1714 4119 1759 4058 1847 3814 1847 3764 1814 3519 1820 3386 1792 3242 1814 3170 1781 3142 1803 3108 1770 3075 1797 2759 1814 2681 1764 2648 1792 2564 1742"/></Shape>
	    <String CONTENT="מעכבין זה את זה והעמיד אתם לפני ייי"
                    HPOS="2559.0"
                    VPOS="1648.0"
                    WIDTH="1560.0"
                    HEIGHT="199.0"></String>
          </TextLine>

          
          
          <TextLine ID="eSc_line_d59b25cb"
                    
                    BASELINE="2576 1842 2853 1857 3157 1853 3501 1871 3741 1864 3841 1886 4008 1883 4100 1890" 
                    HPOS="2570.0"
                    VPOS="1792.0"
                    WIDTH="1527.0"
                    HEIGHT="189.0">
            <Shape><Polygon POINTS="2570 1836 2587 1803 2648 1797 3153 1814 3181 1792 3353 1814 3392 1792 3503 1825 3752 1814 3919 1853 4086 1842 4097 1886 4080 1953 4030 1981 3891 1947 3697 1953 3669 1925 3580 1947 3425 1925 3358 1947 3208 1908 3175 1936 3142 1903 3114 1931 2992 1914 2903 1947 2798 1920 2703 1942 2631 1881 2576 1908"/></Shape>
	    <String CONTENT="פתח אהל מועד מעמידין בשער ניקנור"
                    HPOS="2570.0"
                    VPOS="1792.0"
                    WIDTH="1527.0"
                    HEIGHT="189.0"></String>
          </TextLine>

          
          
          <TextLine ID="eSc_line_d1575b19"
                    
                    BASELINE="2605 1964 2698 1975 3090 1971 3134 1979 3393 1990 3604 1986 3701 2005 3871 2001 3982 2019 4115 2012" 
                    HPOS="2603.0"
                    VPOS="1903.0"
                    WIDTH="1510.0"
                    HEIGHT="194.0">
            <Shape><Polygon POINTS="2603 1958 2670 1925 2759 1947 2986 1920 3031 1936 3114 1931 3142 1903 3175 1936 3208 1914 3392 1947 3675 1931 3830 1964 3886 1953 4063 1975 4113 2008 4047 2092 3980 2097 3875 2064 3786 2080 3580 2064 3553 2042 3519 2069 3158 2042 2947 2058 2870 2019 2820 2058 2742 2036 2692 2064 2609 1975"/></Shape>
	    <String CONTENT="אחוריהם למזרח ופניהם למערב ˙ ונתן"
                    HPOS="2603.0"
                    VPOS="1903.0"
                    WIDTH="1510.0"
                    HEIGHT="194.0"></String>
          </TextLine>

          
          
          <TextLine ID="eSc_line_9e4eb7c7"
                    
                    BASELINE="2564 2090 2890 2108 3356 2104 3501 2123 3749 2123 3786 2127 3834 2141 3960 2134 4104 2138" 
                    HPOS="2559.0"
                    VPOS="2014.0"
                    WIDTH="1543.0"
                    HEIGHT="216.0">
            <Shape><Polygon POINTS="2559 2086 2637 2014 2687 2069 2748 2036 2809 2064 2864 2030 2959 2064 3125 2042 3347 2069 3553 2053 3580 2080 3769 2064 3864 2092 4052 2092 4102 2136 4086 2191 4041 2219 3880 2230 3775 2180 3664 2214 3558 2214 3469 2175 3331 2203 3275 2164 3197 2186 3053 2164 2992 2180 2947 2153 2870 2186 2675 2180 2587 2092 2564 2097"/></Shape>
	    <String CONTENT="אהרן על שני השעירים גורלות של כל"
                    HPOS="2559.0"
                    VPOS="2014.0"
                    WIDTH="1543.0"
                    HEIGHT="216.0"></String>
          </TextLine>

          
          
          <TextLine ID="eSc_line_4e392279"
                    
                    BASELINE="2531 2230 2594 2241 3146 2241 3194 2234 3238 2245 3419 2256 3664 2252 3775 2271 4086 2264" 
                    HPOS="2526.0"
                    VPOS="2153.0"
                    WIDTH="1554.0"
                    HEIGHT="205.0">
            <Shape><Polygon POINTS="2526 2225 2631 2158 2659 2180 2714 2164 2836 2191 2953 2153 2981 2180 3192 2191 3281 2164 3336 2203 3458 2175 3558 2208 3786 2186 3880 2225 4047 2225 4080 2258 4063 2325 3997 2358 3930 2325 3875 2347 3775 2325 3703 2358 3658 2319 3475 2341 3392 2297 3331 2325 3136 2330 3064 2286 2992 2330 2831 2286 2703 2330 2648 2280 2614 2308 2537 2230"/></Shape>
	    <String CONTENT="דבר יכול שנים על זה ושנים על זה תלמוד"
                    HPOS="2526.0"
                    VPOS="2153.0"
                    WIDTH="1554.0"
                    HEIGHT="205.0"></String>
          </TextLine>

          
          
          <TextLine ID="eSc_line_73213d19"
                    
                    BASELINE="2576 2363 2664 2375 2997 2371 3046 2378 3201 2382 3242 2389 3616 2386 3760 2404 4119 2404" 
                    HPOS="2570.0"
                    VPOS="2286.0"
                    WIDTH="1543.0"
                    HEIGHT="200.0">
            <Shape><Polygon POINTS="2570 2358 2637 2286 2731 2336 2814 2297 2920 2336 3020 2336 3075 2291 3125 2330 3331 2330 3386 2297 3469 2347 3653 2325 3703 2369 3814 2336 3875 2358 3925 2330 3991 2363 4030 2330 4102 2358 4113 2402 4097 2463 3980 2486 3930 2452 3875 2486 3819 2486 3775 2452 3741 2480 3664 2486 3608 2441 3530 2480 3314 2436 3253 2463 3170 2424 3014 2474 2925 2436 2820 2474 2748 2469 2709 2424 2675 2447 2576 2375"/></Shape>
	    <String CONTENT="לומר גורל לייי וגורל אחד לעזא(ז)ל יכול"
                    HPOS="2570.0"
                    VPOS="2286.0"
                    WIDTH="1543.0"
                    HEIGHT="200.0"></String>
          </TextLine>

          
          
          <TextLine ID="eSc_line_3d1f3d70"
                    
                    BASELINE="2516 2497 2579 2511 2846 2515 2890 2523 3297 2523 3475 2515 3516 2526 3582 2534 3678 2537 4108 2537" 
                    HPOS="2514.0"
                    VPOS="2424.0"
                    WIDTH="1588.0"
                    HEIGHT="200.0">
            <Shape><Polygon POINTS="2514 2491 2520 2452 2559 2469 2592 2441 2681 2463 2714 2436 2748 2474 2820 2480 2920 2430 3014 2469 3120 2458 3170 2424 3231 2463 3314 2441 3342 2469 3469 2480 3542 2480 3603 2441 3641 2486 3741 2474 3769 2497 3869 2491 3919 2458 4002 2497 4086 2474 4102 2535 4058 2602 4002 2624 3797 2619 3730 2574 3686 2613 3486 2619 3447 2585 3319 2597 3297 2574 3208 2602 3164 2558 3120 2591 2931 2597 2881 2558 2842 2597 2670 2602 2537 2502 2520 2519"/></Shape>
	    <String CONTENT="של שם ושל עזאזל על זה ועל זה תלמוד"
                    HPOS="2514.0"
                    VPOS="2424.0"
                    WIDTH="1588.0"
                    HEIGHT="200.0"></String>
          </TextLine>

          
          
          <TextLine ID="eSc_line_5f592700"
                    
                    BASELINE="2576 2637 2960 2637 3179 2645 3279 2656 3701 2652 3834 2670 4108 2663" 
                    HPOS="2570.0"
                    VPOS="2563.0"
                    WIDTH="1532.0"
                    HEIGHT="183.0">
            <Shape><Polygon POINTS="2570 2635 2603 2563 2664 2597 2848 2591 2892 2563 2942 2602 3108 2597 3164 2563 3203 2602 3447 2580 3480 2613 3675 2613 3730 2580 3786 2619 4058 2608 4102 2658 4086 2724 4058 2741 3825 2746 3725 2691 3686 2730 3625 2735 3503 2724 3464 2685 3331 2730 3164 2691 3075 2719 2886 2691 2786 2730 2675 2713 2576 2646"/></Shape>
	    <String CONTENT="לומר גורל אחד לייי וגורל אחד לעזאזל"
                    HPOS="2570.0"
                    VPOS="2563.0"
                    WIDTH="1532.0"
                    HEIGHT="183.0"></String>
          </TextLine>

          
          
          <TextLine ID="eSc_line_1083e9d2"
                    
                    BASELINE="2561 2763 2613 2756 2687 2756 2731 2763 3053 2774 3353 2774 3430 2767 3468 2778 3604 2789 4030 2785 4119 2793" 
                    HPOS="2559.0"
                    VPOS="2685.0"
                    WIDTH="1554.0"
                    HEIGHT="195.0">
            <Shape><Polygon POINTS="2559 2757 2648 2702 2792 2730 2925 2702 3325 2735 3464 2685 3514 2735 3686 2741 3730 2696 3825 2746 4091 2735 4113 2791 4058 2863 3991 2868 3952 2830 3902 2868 3836 2857 3780 2880 3758 2857 3392 2863 3358 2830 3292 2857 2842 2852 2798 2807 2753 2841 2659 2841 2564 2757"/></Shape>
	    <String CONTENT="אין כאן לשם אלא אחד ואין לעזאזל"
                    HPOS="2559.0"
                    VPOS="2685.0"
                    WIDTH="1554.0"
                    HEIGHT="195.0"></String>
          </TextLine>

          
          
          <TextLine ID="eSc_line_c5ba3c9c"
                    
                    BASELINE="2576 2881 2635 2892 2883 2889 3201 2907 3697 2904 3838 2922 4130 2915" 
                    HPOS="2570.0"
                    VPOS="2813.0"
                    WIDTH="1554.0"
                    HEIGHT="211.0">
            <Shape><Polygon POINTS="2570 2880 2614 2846 2764 2846 2803 2813 2836 2852 2942 2835 3319 2863 3364 2835 3392 2863 3747 2857 3780 2880 3919 2868 3963 2835 3991 2868 4063 2868 4124 2913 4108 3024 4069 2985 3775 2991 3680 2952 3653 2979 3497 2974 3453 2996 3403 2957 3319 2991 3153 2985 3036 2963 2898 2974 2836 2935 2792 2963 2648 2968 2576 2896"/></Shape>
	    <String CONTENT="אלא אחד אם כן למה נאמר גורלות"
                    HPOS="2570.0"
                    VPOS="2813.0"
                    WIDTH="1554.0"
                    HEIGHT="211.0"></String>
          </TextLine>

          
          
          <TextLine ID="eSc_line_5018bdd9"
                    
                    BASELINE="2516 3015 2816 3007 3123 3018 3164 3026 3608 3022 3849 3040 4108 3033" 
                    HPOS="2514.0"
                    VPOS="2924.0"
                    WIDTH="1588.0"
                    HEIGHT="211.0">
            <Shape><Polygon POINTS="2514 3013 2598 2924 2664 2968 2842 2941 2909 2979 3031 2963 3331 2985 3408 2963 3442 2996 3503 2974 3647 2979 3680 2952 3769 2985 4063 2991 4102 3029 4086 3135 3980 3101 3725 3090 3669 3113 3641 3085 3170 3101 3031 3057 2992 3096 2659 3090 2614 3052 2520 3029"/></Shape>
	    <String CONTENT="שיהיו שוין שלא יעשה אחד גדול ואחד"
                    HPOS="2514.0"
                    VPOS="2924.0"
                    WIDTH="1588.0"
                    HEIGHT="211.0"></String>
          </TextLine>

          
          
          <TextLine ID="eSc_line_a7fdcb35"
                    
                    BASELINE="2590 3133 2779 3144 3149 3140 3190 3148 3282 3148 3412 3159 4126 3159" 
                    HPOS="2587.0"
                    VPOS="3068.0"
                    WIDTH="1537.0"
                    HEIGHT="189.0">
            <Shape><Polygon POINTS="2587 3129 2642 3085 2886 3107 2992 3101 3031 3068 3175 3107 3897 3101 4052 3118 4124 3157 4041 3257 3958 3229 3936 3251 3908 3229 3775 3235 3747 3212 3703 3240 3425 3240 3342 3207 3303 3235 3197 3207 3125 3240 3075 3240 3036 3207 2914 3246 2864 3218 2703 3224 2592 3135"/></Shape>
	    <String CONTENT="קטן אחד של כסף ואחד של זהב אחד"
                    HPOS="2587.0"
                    VPOS="3068.0"
                    WIDTH="1537.0"
                    HEIGHT="189.0"></String>
          </TextLine>

          
          
          <TextLine ID="eSc_line_1de3cdb2"
                    
                    BASELINE="2564 3262 2823 3277 2986 3274 3023 3281 3242 3292 3678 3288 3775 3311 3901 3303 4037 3307 4130 3296" 
                    HPOS="2559.0"
                    VPOS="3212.0"
                    WIDTH="1565.0"
                    HEIGHT="178.0">
            <Shape><Polygon POINTS="2559 3257 2631 3218 2881 3224 2909 3251 3042 3212 3092 3240 3281 3246 3336 3212 3364 3240 3475 3246 3908 3235 3941 3268 4069 3246 4124 3290 4108 3379 4069 3362 4025 3384 3864 3384 3791 3362 3719 3384 3664 3362 3636 3390 3492 3351 3425 3379 3364 3357 3208 3379 3086 3357 2875 3368 2820 3340 2759 3373 2637 3357 2564 3290"/></Shape>
	    <String CONTENT="של שייש ואחד של אשכרוע ˙ והקריב"
                    HPOS="2559.0"
                    VPOS="3212.0"
                    WIDTH="1565.0"
                    HEIGHT="178.0"></String>
          </TextLine>

          
          
          <TextLine ID="eSc_line_62769fdd"
                    
                    BASELINE="2568 3410 2823 3407 2864 3414 3016 3418 3090 3425 3501 3421 3734 3440 4030 3440 4137 3429" 
                    HPOS="2564.0"
                    VPOS="3335.0"
                    WIDTH="1572.0"
                    HEIGHT="188.0">
            <Shape><Polygon POINTS="2564 3407 2642 3346 2786 3368 2836 3335 2925 3373 4058 3373 4136 3423 4036 3518 3908 3523 3875 3501 3680 3523 3653 3495 3564 3484 3525 3518 3297 3507 3264 3473 3192 3507 3108 3507 3059 3462 2953 3501 2836 3501 2803 3468 2720 3501 2592 3407"/></Shape>
	    <String CONTENT="הכהן את פר החטאת אשר לו וגו&#39; ˙ יכול"
                    HPOS="2564.0"
                    VPOS="3335.0"
                    WIDTH="1572.0"
                    HEIGHT="188.0"></String>
          </TextLine>

          
          
          <TextLine ID="eSc_line_f5d371ea"
                    
                    BASELINE="2620 3547 2816 3558 3223 3558 3268 3551 3308 3562 3453 3573 3982 3569 4123 3577" 
                    HPOS="2614.0"
                    VPOS="3468.0"
                    WIDTH="1505.0"
                    HEIGHT="194.0">
            <Shape><Polygon POINTS="2614 3545 2692 3484 2903 3518 3014 3507 3059 3468 3103 3512 3269 3479 3303 3512 3497 3529 3553 3495 3680 3534 4058 3518 4119 3573 4008 3645 3952 3629 3930 3651 3730 3656 3697 3623 3630 3662 3480 3662 3430 3618 3319 3651 3186 3645 3131 3612 3003 3645 2914 3590 2870 3634 2725 3634 2625 3551"/></Shape>
	    <String CONTENT="יהא נותנו על גביו תלמוד לומר אשר"
                    HPOS="2614.0"
                    VPOS="3468.0"
                    WIDTH="1505.0"
                    HEIGHT="194.0"></String>
          </TextLine>

          
          
          <TextLine ID="eSc_line_c4f762ab"
                    
                    BASELINE="2564 3677 2753 3692 3356 3688 3393 3695 3571 3706 4078 3706 4130 3695" 
                    HPOS="2559.0"
                    VPOS="3590.0"
                    WIDTH="1565.0"
                    HEIGHT="200.0">
            <Shape><Polygon POINTS="2559 3673 2692 3623 2864 3634 2914 3590 2959 3634 3014 3645 3081 3618 3120 3645 3286 3651 3392 3645 3425 3618 3469 3656 3930 3651 3975 3629 4086 3645 4124 3690 4019 3790 3897 3762 3819 3784 3736 3745 3669 3784 3580 3790 3303 3778 3275 3756 3158 3756 3086 3784 3025 3740 2986 3773 2931 3740 2864 3778 2814 3756 2642 3773 2609 3740 2564 3762"/></Shape>
	    <String CONTENT="עלה עליו שעלה לשמו מתוך קלפי [ועש&#39;]"
                    HPOS="2559.0"
                    VPOS="3590.0"
                    WIDTH="1565.0"
                    HEIGHT="200.0"></String>
          </TextLine>

          
          
          <TextLine ID="eSc_line_4c6a7c75"
                    
                    BASELINE="2620 3814 2727 3814 2827 3825 3294 3821 3645 3840 4108 3832" 
                    HPOS="2614.0"
                    VPOS="3751.0"
                    WIDTH="1488.0"
                    HEIGHT="166.0">
            <Shape><Polygon POINTS="2614 3812 2664 3767 2875 3784 2931 3751 3025 3790 3242 3784 3269 3762 3375 3790 3658 3790 3786 3762 3819 3790 3897 3767 3991 3795 4052 3784 4102 3828 4086 3895 4013 3917 3825 3895 3769 3917 3475 3917 3442 3884 3386 3917 3325 3878 3242 3917 2981 3917 2903 3884 2792 3906 2748 3878 2692 3901 2620 3828"/></Shape>
	    <String CONTENT="ועשהו שאם מת אחד מהם כשהגריל"
                    HPOS="2614.0"
                    VPOS="3751.0"
                    WIDTH="1488.0"
                    HEIGHT="166.0"></String>
          </TextLine>

          
          
          <TextLine ID="eSc_line_6caa9ff9"
                    
                    BASELINE="2531 3939 2779 3951 2816 3958 3356 3954 3508 3965 3604 3965 3645 3973 4074 3973 4123 3962" 
                    HPOS="2526.0"
                    VPOS="3878.0"
                    WIDTH="1593.0"
                    HEIGHT="178.0">
            <Shape><Polygon POINTS="2526 3934 2725 3884 2803 3912 2898 3884 2947 3917 3264 3917 3325 3878 3381 3917 3442 3889 3469 3917 3997 3923 4074 3917 4102 3889 4119 3956 4102 4006 4030 4056 3963 4028 3536 4050 3508 4023 3364 4056 3181 4034 3036 4056 2992 4023 2853 4034 2786 3989 2714 4039 2620 4028 2531 3939"/></Shape>
	    <String CONTENT="יביא שנים ויגריל עליהם בתחילה ויאמר"
                    HPOS="2526.0"
                    VPOS="3878.0"
                    WIDTH="1593.0"
                    HEIGHT="178.0"></String>
          </TextLine>

          
          
          <TextLine ID="eSc_line_d195632d"
                    
                    BASELINE="2583 4076 2716 4084 2757 4091 3282 4087 3319 4095 3764 4095 3864 4087 4074 4087 4123 4095" 
                    HPOS="2581.0"
                    VPOS="3989.0"
                    WIDTH="1538.0"
                    HEIGHT="211.0">
            <Shape><Polygon POINTS="2581 4073 2637 4017 2731 4034 2803 3989 2853 4028 2892 4017 2959 4045 2981 4023 3036 4056 3403 4045 3658 4067 3802 4034 3836 4061 3936 4039 4041 4061 4069 4039 4119 4089 4063 4178 3980 4195 3925 4172 3730 4195 3591 4167 3558 4200 3536 4178 3369 4195 3281 4167 3208 4195 3175 4161 2986 4184 2931 4139 2786 4178 2698 4150 2637 4172 2587 4128"/></Shape>
	    <String CONTENT="אם של → מת זה שעלה עליו הגורל לייי [ות&#39;]"
                    HPOS="2581.0"
                    VPOS="3989.0"
                    WIDTH="1538.0"
                    HEIGHT="211.0"></String>
          </TextLine>

          
          
          <TextLine ID="eSc_line_9a068bf4"
                    
                    BASELINE="2590 4213 2679 4224 3031 4221 3075 4228 3253 4232 3290 4239 4060 4239 4152 4209" 
                    HPOS="2587.0"
                    VPOS="4139.0"
                    WIDTH="1560.0"
                    HEIGHT="194.0">
            <Shape><Polygon POINTS="2587 4211 2692 4156 2759 4184 2836 4161 2870 4178 2914 4139 2981 4184 3181 4172 3208 4200 3236 4178 3403 4195 3525 4172 3553 4195 3919 4178 4069 4184 4091 4206 4119 4184 4147 4206 4063 4311 3969 4333 3902 4295 3769 4333 3703 4300 3641 4333 3603 4306 3536 4300 3508 4328 3392 4311 3364 4283 3297 4317 3231 4278 3164 4322 3103 4295 3047 4317 2770 4311 2664 4300 2592 4228"/></Shape>
	    <String CONTENT="ותקיים תחתיו ואם של עזאזל מת זה"
                    HPOS="2587.0"
                    VPOS="4139.0"
                    WIDTH="1560.0"
                    HEIGHT="194.0"></String>
          </TextLine>

          
          
          <TextLine ID="eSc_line_278eb536"
                    
                    BASELINE="2542 4343 2683 4357 3101 4354 3142 4361 3434 4372 3978 4372 4100 4354" 
                    HPOS="2537.0"
                    VPOS="4283.0"
                    WIDTH="1560.0"
                    HEIGHT="184.0">
            <Shape><Polygon POINTS="2537 4339 2620 4300 2853 4322 3103 4300 3170 4322 3236 4295 3325 4317 3358 4283 3386 4311 3497 4328 3536 4306 3675 4328 3719 4295 3758 4333 3902 4289 3947 4328 4063 4311 4097 4350 4080 4422 4047 4444 3913 4461 3875 4439 3775 4467 3653 4433 3591 4467 3536 4467 3497 4433 3453 4461 3369 4433 3292 4461 3164 4455 3125 4422 2986 4461 2920 4439 2631 4444 2542 4356"/></Shape>
	    <String CONTENT="שעלה עליו הגורל לעזאל ותקיים השיני"
                    HPOS="2537.0"
                    VPOS="4283.0"
                    WIDTH="1560.0"
                    HEIGHT="184.0"></String>
          </TextLine>

          
          
          <TextLine ID="eSc_line_16fe7990"
                    
                    BASELINE="2561 4480 2657 4491 2983 4487 3027 4494 3364 4505 3871 4505 3949 4498 4012 4483 4052 4491 4108 4483" 
                    HPOS="2559.0"
                    VPOS="4439.0"
                    WIDTH="1543.0"
                    HEIGHT="155.0">
            <Shape><Polygon POINTS="2559 4478 2687 4439 3170 4467 3591 4467 3653 4439 3752 4472 4069 4444 4102 4478 4074 4572 3791 4594 3597 4572 3253 4594 3175 4561 3114 4589 3081 4555 2992 4589 2831 4566 2803 4539 2659 4583 2564 4500"/></Shape>
	    <String CONTENT="ימות דברי ר&#39; יהודה וחכמים אומר ירעה"
                    HPOS="2559.0"
                    VPOS="4439.0"
                    WIDTH="1543.0"
                    HEIGHT="155.0"></String>
          </TextLine>

          
          
          <TextLine ID="eSc_line_e50aba43"
                    
                    BASELINE="2564 4613 2620 4624 2838 4620 3323 4639 3712 4639 4023 4620 4152 4642" 
                    HPOS="2559.0"
                    VPOS="4533.0"
                    WIDTH="1588.0"
                    HEIGHT="200.0">
            <Shape><Polygon POINTS="2559 4611 2587 4616 2631 4572 2725 4578 2798 4533 2842 4578 3042 4594 3086 4555 3125 4594 3247 4600 3802 4600 4063 4572 4136 4605 4147 4639 4025 4711 3947 4694 3864 4722 3819 4694 3747 4727 3625 4733 3480 4700 3342 4727 3286 4672 3153 4733 2931 4716 2848 4683 2675 4700 2620 4694 2564 4639"/></Shape>
	    <String CONTENT="עד שיסתאב וימכר ויפלו דמיו לנדבה"
                    HPOS="2559.0"
                    VPOS="4533.0"
                    WIDTH="1588.0"
                    HEIGHT="200.0"></String>
          </TextLine>

          
          
          <TextLine ID="eSc_line_d8a001e5"
                    
                    BASELINE="2590 4742 2775 4757 3245 4753 3319 4761 3727 4761 3782 4753 4119 4753" 
                    HPOS="2587.0"
                    VPOS="4677.0"
                    WIDTH="1526.0"
                    HEIGHT="178.0">
            <Shape><Polygon POINTS="2587 4738 2648 4677 2675 4700 2903 4694 2925 4716 3125 4727 3214 4722 3292 4677 3353 4733 3386 4711 3697 4727 3819 4694 3852 4722 4069 4700 4113 4750 4097 4816 4019 4844 3841 4849 3808 4822 3708 4855 3442 4855 3247 4816 3075 4855 2931 4844 2881 4816 2814 4838 2592 4822"/></Shape>
	    <String CONTENT="ועשאהו שיאמר לייי חטאת ר&#39; ישמע&#39;"
                    HPOS="2587.0"
                    VPOS="4677.0"
                    WIDTH="1526.0"
                    HEIGHT="178.0"></String>
          </TextLine>

          
          
          <TextLine ID="eSc_line_8015e27e"
                    
                    BASELINE="2546 4883 2598 4879 2683 4890 3960 4890 4108 4875" 
                    HPOS="2542.0"
                    VPOS="4816.0"
                    WIDTH="1560.0"
                    HEIGHT="178.0">
            <Shape><Polygon POINTS="2542 4877 2603 4833 3097 4861 3220 4849 3258 4816 3331 4866 3364 4838 3430 4861 3669 4861 3808 4827 3847 4855 4025 4844 4058 4822 4086 4827 4102 4872 4080 4955 3913 4966 3852 4927 3769 4972 3669 4983 3569 4983 3542 4955 3492 4994 3425 4960 3397 4983 3203 4988 2986 4972 2964 4949 2825 4972 2792 4938 2748 4966 2642 4972 2548 4877"/></Shape>
	    <String CONTENT="אומר לא היה צריך לומר חטאת אינו"
                    HPOS="2542.0"
                    VPOS="4816.0"
                    WIDTH="1560.0"
                    HEIGHT="178.0"></String>
          </TextLine>

          
          
          <TextLine ID="eSc_line_f960a6cb"
                    
                    BASELINE="2590 5005 2927 5016 2968 5023 3660 5023 3893 5012 3938 5005 4067 5005 4152 4983" 
                    HPOS="2587.0"
                    VPOS="4927.0"
                    WIDTH="1560.0"
                    HEIGHT="189.0">
            <Shape><Polygon POINTS="2587 4999 2753 4966 2786 4938 2820 4972 2964 4955 2992 4977 3497 4994 3603 4966 3647 4988 3769 4977 3864 4927 3902 4966 4102 4944 4147 4977 4036 5077 3930 5088 3869 5049 3764 5105 3719 5083 3697 5105 3514 5110 3375 5110 3342 5077 3192 5116 3158 5094 2992 5110 2931 5099 2892 5060 2831 5105 2742 5094 2620 5005"/></Shape>
	    <String CONTENT="אומר → לשם והשעיר אשר עלה עליו"
                    HPOS="2587.0"
                    VPOS="4927.0"
                    WIDTH="1560.0"
                    HEIGHT="189.0"></String>
          </TextLine>

          
          
          <TextLine ID="eSc_line_0876564d"
                    
                    BASELINE="2605 5134 2749 5134 2786 5142 3786 5142 3971 5123 4156 5123" 
                    HPOS="2603.0"
                    VPOS="5060.0"
                    WIDTH="1549.0"
                    HEIGHT="178.0">
            <Shape><Polygon POINTS="2603 5132 2648 5071 2675 5094 2842 5105 2886 5066 2986 5110 3153 5094 3192 5121 3214 5099 3342 5094 3386 5116 3691 5116 3719 5088 3769 5110 3886 5060 3925 5094 4080 5077 4152 5121 4002 5210 3802 5227 3775 5205 3564 5232 3530 5199 3480 5238 3436 5216 3381 5232 3336 5188 3264 5238 3081 5227 3036 5188 2981 5227 2859 5227 2820 5188 2792 5210 2670 5199 2614 5144"/></Shape>
	    <String CONTENT="הגורל יכול [ת] יהא תן על גביו תלמוד [לו&#39;]"
                    HPOS="2603.0"
                    VPOS="5060.0"
                    WIDTH="1549.0"
                    HEIGHT="178.0"></String>
          </TextLine>

          
          
          <TextLine ID="eSc_line_c880bee9"
                    
                    BASELINE="2568 5264 2661 5275 2701 5271 3815 5279 3878 5264 4137 5249" 
                    HPOS="2564.0"
                    VPOS="5194.0"
                    WIDTH="1572.0"
                    HEIGHT="177.0">
            <Shape><Polygon POINTS="2564 5260 2570 5232 2637 5232 2687 5194 2825 5194 2892 5232 2964 5232 3042 5194 3081 5232 3197 5238 3303 5238 3336 5205 3392 5238 3486 5238 3525 5205 3630 5232 3669 5205 3741 5238 3802 5205 3858 5221 3886 5199 4097 5199 4136 5243 4119 5321 3969 5321 3936 5354 3891 5338 3802 5366 3764 5343 3719 5360 3669 5321 3580 5371 3369 5371 3336 5338 3197 5371 3175 5349 3047 5354 3025 5332 2825 5360 2731 5316 2570 5366"/></Shape>
	    <String CONTENT="לומר אשר עלה עליו הגורל שעלה [לש&#39;]"
                    HPOS="2564.0"
                    VPOS="5194.0"
                    WIDTH="1572.0"
                    HEIGHT="177.0"></String>
          </TextLine>

          
        </TextBlock>
        
        <TextBlock HPOS="573.0"
                   VPOS="691.0"
                   WIDTH="1584.0"
                   HEIGHT="4662.0"
                   ID="eSc_textblock_9fcdc6a2"
                   TAGREFS="BT2">
          <Shape><Polygon POINTS="2157 710 636 691 588 1908 573 5308 2142 5353"/></Shape>
          
          
          <TextLine ID="eSc_line_3a2a61b6"
                    
                    BASELINE="710 776 884 773 1269 791 1676 802 2198 795" 
                    HPOS="705.0"
                    VPOS="715.0"
                    WIDTH="1487.0"
                    HEIGHT="178.0">
            <Shape><Polygon POINTS="705 771 738 738 938 715 1021 715 1054 743 1143 715 1176 749 1343 760 1426 726 1610 721 1682 760 1732 738 1776 765 1976 765 2109 726 2176 754 2192 793 2176 854 2109 854 2048 893 1870 871 1832 893 1765 865 1604 865 1554 887 1443 865 1343 887 1238 882 1199 854 1038 882 904 837 710 837"/></Shape>
	    <String CONTENT="לשמו מתוך קלפי יעמד חי לפני ייי מה"
                    HPOS="705.0"
                    VPOS="715.0"
                    WIDTH="1487.0"
                    HEIGHT="178.0"></String>
          </TextLine>

          
          
          <TextLine ID="eSc_line_f288bcea"
                    
                    BASELINE="688 910 740 928 780 921 1025 921 1188 939 1443 935 1680 954 1891 950 2157 954" 
                    HPOS="682.0"
                    VPOS="849.0"
                    WIDTH="1472.0"
                    HEIGHT="199.0">
            <Shape><Polygon POINTS="682 904 705 910 766 849 916 854 943 882 977 860 1043 887 1110 871 1210 910 1238 887 1421 898 1482 865 1521 904 1598 871 1632 910 1676 887 1704 910 1743 887 1848 904 1887 882 2009 915 2093 865 2154 948 2109 1032 2076 1009 2015 1048 1976 1015 1909 1043 1721 1032 1654 993 1548 1032 1376 1004 1232 1026 1199 993 1121 1021 1071 971 960 1009 921 982 816 1004 793 982 760 998 688 926"/></Shape>
	    <String CONTENT="לפי שנאמר לשלח אותו שילחו אות"
                    HPOS="682.0"
                    VPOS="849.0"
                    WIDTH="1472.0"
                    HEIGHT="199.0"></String>
          </TextLine>

          
          
          <TextLine ID="eSc_line_337e82cf"
                    
                    BASELINE="666 1046 721 1058 999 1054 1036 1061 1154 1065 1199 1076 1236 1069 1624 1069 1717 1080 1761 1091 1809 1083 2135 1083 2179 1106" 
                    HPOS="660.0"
                    VPOS="987.0"
                    WIDTH="1516.0"
                    HEIGHT="178.0">
            <Shape><Polygon POINTS="660 1043 666 987 716 1021 882 993 904 1015 1082 1026 1176 998 1243 1026 1371 1009 1510 1037 1593 1032 1637 993 1826 1037 1976 1015 2043 1043 2076 1009 2176 1104 2148 1093 2093 1148 2031 1165 1976 1126 1920 1159 1859 1159 1832 1137 1737 1148 1693 1115 1648 1148 1548 1132 1526 1154 1471 1154 1437 1120 1399 1154 1210 1120 1176 1143 1032 1126 893 1148 838 1115 760 1137 666 1070"/></Shape>
	    <String CONTENT="למיתה יכול לחיים תלמוד לומר יעמד"
                    HPOS="660.0"
                    VPOS="987.0"
                    WIDTH="1516.0"
                    HEIGHT="178.0"></String>
          </TextLine>

          
          
          <TextLine ID="eSc_line_87448edb"
                    
                    BASELINE="651 1176 784 1191 1447 1187 1487 1194 1632 1198 1672 1206 2179 1198" 
                    HPOS="649.0"
                    VPOS="1115.0"
                    WIDTH="1527.0"
                    HEIGHT="183.0">
            <Shape><Polygon POINTS="649 1170 816 1115 888 1148 966 1132 999 1154 1054 1132 1093 1154 1399 1148 1432 1115 1465 1148 1648 1154 1693 1115 1732 1154 1793 1143 1904 1170 1981 1132 2015 1165 2159 1159 2176 1193 2115 1270 2037 1259 1932 1298 1765 1254 1726 1276 1449 1276 1360 1243 1271 1276 1054 1281 1015 1254 932 1276 660 1237"/></Shape>
	    <String CONTENT="חי לפני ייי לכפר עליו הא כיצד עמידתו"
                    HPOS="649.0"
                    VPOS="1115.0"
                    WIDTH="1527.0"
                    HEIGHT="183.0"></String>
          </TextLine>

          
          
          <TextLine ID="eSc_line_d31c4cb1"
                    
                    BASELINE="669 1317 840 1317 877 1324 1591 1320 1724 1324 1913 1339 2198 1342" 
                    HPOS="666.0"
                    VPOS="1248.0"
                    WIDTH="1526.0"
                    HEIGHT="172.0">
            <Shape><Polygon POINTS="666 1315 721 1265 1260 1276 1360 1248 1437 1276 1626 1276 1748 1254 1904 1298 1954 1270 1993 1292 2054 1270 2192 1337 2098 1409 2009 1381 1932 1415 1715 1376 1665 1398 1421 1398 1399 1376 1371 1398 1154 1403 1110 1381 1054 1409 1004 1381 943 1403 810 1392 771 1420 671 1348"/></Shape>
	    <String CONTENT="חי לפני השם ימיתינו בצוק עד אימתי"
                    HPOS="666.0"
                    VPOS="1248.0"
                    WIDTH="1526.0"
                    HEIGHT="172.0"></String>
          </TextLine>

          
          
          <TextLine ID="eSc_line_be5e4f45"
                    
                    BASELINE="751 1442 1028 1439 1325 1457 2120 1453 2198 1479" 
                    HPOS="749.0"
                    VPOS="1381.0"
                    WIDTH="1443.0"
                    HEIGHT="161.0">
            <Shape><Polygon POINTS="749 1437 810 1409 999 1398 1371 1409 1399 1381 1526 1403 1726 1381 1859 1415 2081 1403 2192 1476 2104 1542 1776 1542 1732 1514 1665 1520 1637 1492 1587 1520 1437 1498 1304 1537 1243 1492 1171 1537 1054 1537 1004 1503 977 1531 899 1537 755 1487"/></Shape>
	    <String CONTENT="יהא זקוק להיות חי לכפר עד שיכפר ˙"
                    HPOS="749.0"
                    VPOS="1381.0"
                    WIDTH="1443.0"
                    HEIGHT="161.0"></String>
          </TextLine>

          
          
          <TextLine ID="eSc_line_c369534f"
                    
                    BASELINE="695 1557 1051 1575 1547 1572 1680 1579 1746 1594 1795 1587 2128 1587 2179 1594" 
                    HPOS="693.0"
                    VPOS="1492.0"
                    WIDTH="1483.0"
                    HEIGHT="183.0">
            <Shape><Polygon POINTS="693 1553 743 1492 899 1537 1010 1503 1093 1537 1254 1509 1288 1531 1587 1531 1659 1503 1776 1542 2109 1542 2159 1553 2176 1592 2076 1670 2004 1675 1854 1670 1787 1631 1715 1653 1543 1637 1393 1659 1354 1631 1099 1653 982 1614 932 1648 832 1659 699 1625"/></Shape>
	    <String CONTENT="שנאמר וכלה מכפר וגו&#39; ˙ דברי ר&#39; יהודה ר&#39;"
                    HPOS="693.0"
                    VPOS="1492.0"
                    WIDTH="1483.0"
                    HEIGHT="183.0"></String>
          </TextLine>

          
          
          <TextLine ID="eSc_line_1a923830"
                    
                    BASELINE="651 1694 1062 1690 1106 1698 1195 1698 1332 1709 1780 1709 1861 1701 1983 1723 2168 1723" 
                    HPOS="649.0"
                    VPOS="1625.0"
                    WIDTH="1516.0"
                    HEIGHT="178.0">
            <Shape><Polygon POINTS="649 1692 655 1653 710 1625 827 1659 1820 1642 1904 1670 2109 1670 2148 1681 2165 1720 2142 1770 2081 1803 1843 1792 1748 1759 1676 1786 1621 1753 1432 1786 1293 1786 1254 1759 1121 1792 655 1764"/></Shape>
	    <String CONTENT="שמעון אומר לכפר עליו כפרה שהוא [ב&#39;]"
                    HPOS="649.0"
                    VPOS="1625.0"
                    WIDTH="1516.0"
                    HEIGHT="178.0"></String>
          </TextLine>

          
          
          <TextLine ID="eSc_line_e60f4abf"
                    
                    BASELINE="599 1816 651 1827 1117 1823 1165 1831 1387 1834 1465 1842 1843 1838 1991 1857 2183 1846" 
                    HPOS="594.0"
                    VPOS="1759.0"
                    WIDTH="1587.0"
                    HEIGHT="177.0">
            <Shape><Polygon POINTS="594 1814 649 1809 688 1770 1127 1786 1254 1764 1460 1786 1615 1764 1704 1786 1748 1759 1898 1803 2098 1803 2181 1842 2126 1936 1932 1931 1865 1897 1487 1903 1465 1881 1393 1908 1326 1875 1293 1903 1060 1920 816 1892 716 1892 682 1920 599 1847"/></Shape>
	    <String CONTENT="בגופו לשלח אותו שאם נשפך הדם ימות"
                    HPOS="594.0"
                    VPOS="1759.0"
                    WIDTH="1587.0"
                    HEIGHT="177.0"></String>
          </TextLine>

          
          
          <TextLine ID="eSc_line_53c2bb37"
                    
                    BASELINE="651 1945 888 1960 1484 1957 1521 1964 1695 1975 2202 1975" 
                    HPOS="649.0"
                    VPOS="1886.0"
                    WIDTH="1549.0"
                    HEIGHT="172.0">
            <Shape><Polygon POINTS="649 1942 710 1897 810 1942 838 1914 1176 1920 1332 1886 1376 1914 1754 1897 1798 1920 1854 1897 1948 1936 2165 1925 2198 1969 2104 2058 2076 2036 1859 2047 1832 2019 1759 2019 1721 2047 1410 2025 1354 2042 1226 2003 1182 2036 1060 2047 966 2014 866 2036 816 1986 777 2025 699 2036 655 1992"/></Shape>
	    <String CONTENT="המשתלח מת המשתלח ישפך הדם ˙ [לע&#39;]"
                    HPOS="649.0"
                    VPOS="1886.0"
                    WIDTH="1549.0"
                    HEIGHT="172.0"></String>
          </TextLine>

          
          
          <TextLine ID="eSc_line_d94fcbf1"
                    
                    BASELINE="666 2075 1058 2075 1095 2082 1225 2086 1262 2093 1787 2090 1980 2108 2109 2104 2198 2082" 
                    HPOS="660.0"
                    VPOS="2008.0"
                    WIDTH="1532.0"
                    HEIGHT="183.0">
            <Shape><Polygon POINTS="660 2069 666 2030 899 2036 966 2008 1054 2042 1304 2014 1337 2036 1732 2047 1765 2019 1787 2042 1826 2019 1854 2047 2159 2047 2192 2080 2137 2164 2037 2164 1993 2191 1865 2169 1820 2125 1748 2175 1648 2180 1615 2158 1410 2169 1387 2147 1282 2169 1215 2136 1165 2169 988 2141 816 2164 782 2136 716 2164 666 2119"/></Shape>
	    <String CONTENT="לעזאזל למקום קשה בהרים יכול בישוב"
                    HPOS="660.0"
                    VPOS="2008.0"
                    WIDTH="1532.0"
                    HEIGHT="183.0"></String>
          </TextLine>

          
          
          <TextLine ID="eSc_line_9de022ee"
                    
                    BASELINE="592 2204 647 2204 684 2212 1132 2208 1317 2227 1917 2223 1969 2241 2176 2234" 
                    HPOS="588.0"
                    VPOS="2130.0"
                    WIDTH="1582.0"
                    HEIGHT="200.0">
            <Shape><Polygon POINTS="588 2203 621 2141 705 2164 782 2136 810 2164 1621 2164 1671 2186 1771 2175 1815 2130 1870 2180 1993 2197 2087 2175 2170 2230 2159 2291 2126 2319 2081 2302 1998 2330 1943 2297 1904 2314 1870 2280 1743 2319 1659 2286 1582 2308 1115 2308 943 2280 916 2308 688 2280 599 2230"/></Shape>
	    <String CONTENT="תלמוד לומר המדברה ומניין בצוק תלמוד"
                    HPOS="588.0"
                    VPOS="2130.0"
                    WIDTH="1582.0"
                    HEIGHT="200.0"></String>
          </TextLine>

          
          
          <TextLine ID="eSc_line_91f28a4a"
                    
                    BASELINE="644 2345 925 2341 1095 2360 1684 2356 1724 2363 1761 2378 1898 2371 2157 2371" 
                    HPOS="638.0"
                    VPOS="2280.0"
                    WIDTH="1516.0"
                    HEIGHT="183.0">
            <Shape><Polygon POINTS="638 2341 699 2280 904 2308 938 2286 1121 2314 1243 2297 1271 2325 1326 2297 1648 2314 1676 2291 1732 2319 1765 2291 1865 2319 1926 2297 1954 2325 2093 2297 2154 2369 2137 2436 1959 2463 1915 2430 1798 2447 1765 2413 1682 2447 1510 2458 1315 2424 1260 2458 1215 2413 1132 2452 960 2447 932 2419 843 2441 705 2424 644 2363"/></Shape>
	    <String CONTENT="לומר אל ארץ גזירה ˙ והקריב אהרן ˙"
                    HPOS="638.0"
                    VPOS="2280.0"
                    WIDTH="1516.0"
                    HEIGHT="183.0"></String>
          </TextLine>

          
          
          <TextLine ID="eSc_line_0603fecf"
                    
                    BASELINE="621 2482 762 2493 1173 2489 1210 2497 1384 2500 1421 2508 2150 2500" 
                    HPOS="616.0"
                    VPOS="2413.0"
                    WIDTH="1532.0"
                    HEIGHT="184.0">
            <Shape><Polygon POINTS="616 2480 688 2424 1165 2452 1204 2413 1254 2463 1321 2436 1498 2463 1876 2458 1904 2436 1970 2469 2131 2447 2148 2497 2131 2580 1915 2597 1498 2591 1471 2569 1421 2591 1310 2569 1193 2580 1171 2558 938 2580 893 2558 649 2552 621 2530"/></Shape>
	    <String CONTENT="את פר החטאת אשר לו זהו שאמרו"
                    HPOS="616.0"
                    VPOS="2413.0"
                    WIDTH="1532.0"
                    HEIGHT="184.0"></String>
          </TextLine>

          
          
          <TextLine ID="eSc_line_74c2760e"
                    
                    BASELINE="636 2611 836 2619 917 2626 1284 2622 1410 2634 1450 2645 1495 2637 2080 2637 2183 2645" 
                    HPOS="632.0"
                    VPOS="2547.0"
                    WIDTH="1549.0"
                    HEIGHT="177.0">
            <Shape><Polygon POINTS="632 2608 638 2547 849 2580 1115 2580 1160 2619 1249 2569 1288 2591 1426 2591 1454 2569 1870 2597 2076 2580 2131 2591 2181 2641 2054 2724 1865 2696 1820 2719 1532 2713 1460 2674 1415 2719 1249 2685 1176 2719 999 2719 966 2685 816 2719 749 2674 682 2691 638 2658"/></Shape>
	    <String CONTENT="שלא יביא משל ציבור ˙ וכפר בעדו [ו&#39;]"
                    HPOS="632.0"
                    VPOS="2547.0"
                    WIDTH="1549.0"
                    HEIGHT="177.0"></String>
          </TextLine>

          
          
          <TextLine ID="eSc_line_a6e90a9c"
                    
                    BASELINE="621 2744 895 2752 932 2763 969 2756 1558 2756 1802 2774 2179 2767" 
                    HPOS="616.0"
                    VPOS="2696.0"
                    WIDTH="1560.0"
                    HEIGHT="156.0">
            <Shape><Polygon POINTS="616 2741 716 2696 1282 2696 1310 2719 1437 2724 1482 2696 1621 2724 1759 2702 2087 2719 2126 2757 2176 2763 2098 2841 1937 2846 1909 2824 1809 2852 1787 2830 1560 2846 1465 2818 1404 2841 1310 2841 1288 2818 660 2830 621 2796"/></Shape>
	    <String CONTENT="ובעד ביתו זה וידוי דברים כיצד היה [מת&#39;]"
                    HPOS="616.0"
                    VPOS="2696.0"
                    WIDTH="1560.0"
                    HEIGHT="156.0"></String>
          </TextLine>

          
          
          <TextLine ID="eSc_line_dd6ea2bf"
                    
                    BASELINE="636 2867 821 2878 1180 2874 1436 2885 1476 2892 2161 2885" 
                    HPOS="632.0"
                    VPOS="2818.0"
                    WIDTH="1527.0"
                    HEIGHT="156.0">
            <Shape><Polygon POINTS="632 2863 638 2835 677 2857 716 2824 1210 2841 1276 2818 1382 2846 1437 2824 1809 2852 1920 2830 1976 2852 2098 2846 2159 2880 2104 2974 1987 2974 1937 2946 1776 2963 1743 2941 1715 2963 1471 2968 1104 2963 1082 2941 1027 2963 721 2941 682 2957 638 2913"/></Shape>
	    <String CONTENT="מתוודה אנא השם חטאתי עויתי [פשע&#39;]"
                    HPOS="632.0"
                    VPOS="2818.0"
                    WIDTH="1527.0"
                    HEIGHT="156.0"></String>
          </TextLine>

          
          
          <TextLine ID="eSc_line_74c17499"
                    
                    BASELINE="651 2981 788 2989 829 2996 1132 2992 1513 3011 2105 3011 2168 3000" 
                    HPOS="649.0"
                    VPOS="2946.0"
                    WIDTH="1516.0"
                    HEIGHT="150.0">
            <Shape><Polygon POINTS="649 2979 705 2952 932 2946 1665 2974 1904 2974 1937 2952 2137 2963 2165 2996 2142 3074 2048 3096 1809 3090 1782 3063 1659 3096 1571 3085 1532 3046 1393 3096 1337 3074 755 3074 727 3046 655 3079"/></Shape>
	    <String CONTENT="פשעתי לפניך אני וביתי ובני אהרן [ע&#39;]"
                    HPOS="649.0"
                    VPOS="2946.0"
                    WIDTH="1516.0"
                    HEIGHT="150.0"></String>
          </TextLine>

          
          
          <TextLine ID="eSc_line_6cc76863"
                    
                    BASELINE="640 3111 777 3111 977 3129 2020 3126 2057 3133 2165 3133" 
                    HPOS="638.0"
                    VPOS="3052.0"
                    WIDTH="1521.0"
                    HEIGHT="188.0">
            <Shape><Polygon POINTS="638 3107 710 3052 760 3079 821 3063 1054 3096 1404 3090 1537 3057 1571 3090 1648 3096 2142 3085 2159 3129 2142 3240 2098 3196 2026 3229 1976 3207 1915 3224 1887 3196 1776 3224 1698 3174 1565 3218 1354 3196 1065 3229 1032 3207 716 3201 644 3129"/></Shape>
	    <String CONTENT="עם קדושך ˙ אנא השם כפר נא [לחט&#39;]"
                    HPOS="638.0"
                    VPOS="3052.0"
                    WIDTH="1521.0"
                    HEIGHT="188.0"></String>
          </TextLine>

          
          
          <TextLine ID="eSc_line_d14ba8c9"
                    
                    BASELINE="636 3255 695 3251 773 3255 810 3262 1136 3259 1176 3266 1339 3270 1413 3277 2035 3274 2120 3281 2198 3296" 
                    HPOS="632.0"
                    VPOS="3179.0"
                    WIDTH="1560.0"
                    HEIGHT="189.0">
            <Shape><Polygon POINTS="632 3251 638 3201 693 3190 1060 3224 1387 3196 1460 3229 1598 3229 1698 3179 1748 3229 1837 3212 1876 3235 1965 3212 2031 3229 2087 3196 2192 3290 2093 3362 2026 3368 1898 3340 1870 3362 1776 3362 1693 3329 1626 3368 1399 3346 1360 3368 1254 3362 1221 3329 1149 3368 949 3335 727 3340 660 3274 638 3296"/></Shape>
	    <String CONTENT="לחטאים לעונות ולפשעים שחטאתי"
                    HPOS="632.0"
                    VPOS="3179.0"
                    WIDTH="1560.0"
                    HEIGHT="189.0"></String>
          </TextLine>

          
          
          <TextLine ID="eSc_line_17ff87af"
                    
                    BASELINE="621 3399 710 3392 832 3392 1088 3410 1473 3407 1565 3414 1869 3418 1906 3425 2028 3421 2168 3429" 
                    HPOS="616.0"
                    VPOS="3335.0"
                    WIDTH="1549.0"
                    HEIGHT="177.0">
            <Shape><Polygon POINTS="616 3396 677 3340 1165 3373 1226 3335 1260 3368 1460 3357 1571 3379 1876 3368 1920 3346 1965 3368 2076 3357 2165 3423 2109 3495 1776 3501 1737 3479 1626 3512 1343 3512 1271 3479 1060 3507 1015 3479 943 3495 877 3468 710 3473 621 3434"/></Shape>
	    <String CONTENT="ושעויתי ושפשעתי לפניך אני וביתי"
                    HPOS="616.0"
                    VPOS="3335.0"
                    WIDTH="1549.0"
                    HEIGHT="177.0"></String>
          </TextLine>

          
          
          <TextLine ID="eSc_line_01b902bf"
                    
                    BASELINE="621 3532 684 3544 1025 3540 1117 3547 1306 3551 1347 3562 1424 3555 2194 3558" 
                    HPOS="616.0"
                    VPOS="3473.0"
                    WIDTH="1576.0"
                    HEIGHT="172.0">
            <Shape><Polygon POINTS="616 3529 688 3473 1265 3518 1848 3490 2093 3495 2192 3557 2120 3623 1726 3640 1687 3618 1637 3645 1543 3623 1515 3645 1443 3623 1337 3645 1288 3612 1243 3645 899 3606 693 3618 638 3562 621 3573"/></Shape>
	    <String CONTENT="ובני אהרן עם קדשך ככתוב בתורת [מש&#39;]"
                    HPOS="616.0"
                    VPOS="3473.0"
                    WIDTH="1576.0"
                    HEIGHT="172.0"></String>
          </TextLine>

          
          
          <TextLine ID="eSc_line_f15c62fe"
                    
                    BASELINE="636 3662 777 3658 1128 3677 2124 3673 2179 3680" 
                    HPOS="632.0"
                    VPOS="3612.0"
                    WIDTH="1544.0"
                    HEIGHT="155.0">
            <Shape><Polygon POINTS="632 3656 743 3612 1615 3645 1676 3623 2098 3623 2176 3679 2104 3762 1948 3740 1870 3740 1826 3767 1682 3767 1659 3745 1482 3767 1360 3740 1276 3762 1171 3734 810 3756 749 3701 677 3745 638 3712"/></Shape>
	    <String CONTENT="משה עבדך לאמר כי ביום הזה יכפר [ע&#39;]"
                    HPOS="632.0"
                    VPOS="3612.0"
                    WIDTH="1544.0"
                    HEIGHT="155.0"></String>
          </TextLine>

          
          
          <TextLine ID="eSc_line_d53eba5c"
                    
                    BASELINE="577 3784 1054 3810 2083 3806 2120 3810 2198 3832" 
                    HPOS="571.0"
                    VPOS="3717.0"
                    WIDTH="1621.0"
                    HEIGHT="189.0">
            <Shape><Polygon POINTS="571 3778 721 3751 755 3717 810 3762 1104 3756 1176 3734 1210 3762 1365 3745 1437 3773 1709 3773 1959 3745 2104 3762 2192 3828 2159 3823 2098 3884 2031 3901 1848 3884 1732 3906 1598 3867 1565 3895 1454 3901 710 3895 649 3889 599 3840 577 3851"/></Shape>
	    <String CONTENT="עליכם לטהר אתכם מכל חטא[פ](ת)כם לפני"
                    HPOS="571.0"
                    VPOS="3717.0"
                    WIDTH="1621.0"
                    HEIGHT="189.0"></String>
          </TextLine>

          
          
          <TextLine ID="eSc_line_c799886d"
                    
                    BASELINE="595 3928 866 3936 947 3943 2165 3943" 
                    HPOS="594.0"
                    VPOS="3884.0"
                    WIDTH="1565.0"
                    HEIGHT="155.0">
            <Shape><Polygon POINTS="594 3923 677 3884 1349 3906 2093 3884 2159 3939 2059 4028 1998 4000 1959 4028 1837 4023 1793 3989 1732 4017 1587 4023 1554 3989 1510 4034 1193 4012 982 4012 949 4034 899 4006 727 4039 699 4039 599 3939"/></Shape>
	    <String CONTENT="ייי תטהרו והם עונין אחריו ברוך שם [כב&#39;]"
                    HPOS="594.0"
                    VPOS="3884.0"
                    WIDTH="1565.0"
                    HEIGHT="155.0"></String>
          </TextLine>

          
          
          <TextLine ID="eSc_line_09c8c7b7"
                    
                    BASELINE="1021 4069 1084 4069 1125 4076 2128 4073 2179 4080" 
                    HPOS="1015.0"
                    VPOS="3995.0"
                    WIDTH="1161.0"
                    HEIGHT="227.0">
            <Shape><Polygon POINTS="1015 4067 1027 4028 1082 4023 1127 4045 1176 4017 1510 4034 1554 3995 1610 4034 1748 4028 1787 3995 1848 4034 1965 4034 1993 4012 2026 4034 2159 4028 2176 4078 2165 4200 2120 4222 2054 4167 1937 4134 1832 4189 1726 4150 1637 4161 1587 4139 1498 4172 1460 4139 1332 4150 1221 4189 1027 4150"/></Shape>
	    <String CONTENT="כבוד מלכותו לעולם ועד ˙"
                    HPOS="1015.0"
                    VPOS="3995.0"
                    WIDTH="1161.0"
                    HEIGHT="227.0"></String>
          </TextLine>

          
          
          <TextLine ID="eSc_line_20357995"
                    
                    BASELINE="1258 4198 1310 4209 1350 4206 1436 4217 1517 4217 1565 4206 1606 4213 1665 4213" 
                    HPOS="1254.0"
                    VPOS="4145.0"
                    WIDTH="405.0"
                    HEIGHT="166.0">
            <Shape><Polygon POINTS="1254 4195 1288 4161 1387 4184 1437 4145 1487 4172 1548 4156 1582 4195 1637 4156 1659 4211 1637 4283 1437 4311 1260 4211"/></Shape>
	    <String CONTENT="פרק ˙"
                    HPOS="1254.0"
                    VPOS="4145.0"
                    WIDTH="405.0"
                    HEIGHT="166.0"></String>
          </TextLine>

          
          
          <TextLine ID="eSc_line_b6ed5d4a"
                    
                    BASELINE="595 4328 743 4324 780 4332 1003 4332 1184 4335 1228 4343 1276 4339 1550 4346 1606 4335 1717 4328 1898 4320" 
                    HPOS="594.0"
                    VPOS="4228.0"
                    WIDTH="1299.0"
                    HEIGHT="211.0">
            <Shape><Polygon POINTS="594 4322 732 4234 788 4283 849 4289 888 4250 971 4283 1021 4261 1060 4300 1132 4272 1165 4300 1315 4272 1432 4311 1754 4283 1809 4228 1876 4272 1893 4317 1876 4428 1820 4383 1787 4411 1732 4394 1704 4417 1399 4439 1065 4411 1027 4439 977 4411 854 4428 810 4389 749 4417 693 4378 660 4389 599 4328"/></Shape>
	    <String CONTENT="ושחט את פר החטאת אשר לו ˙"
                    HPOS="594.0"
                    VPOS="4228.0"
                    WIDTH="1299.0"
                    HEIGHT="211.0"></String>
          </TextLine>

          
          
          <TextLine ID="eSc_line_2f77398a"
                    
                    BASELINE="592 4480 681 4472 2157 4472" 
                    HPOS="588.0"
                    VPOS="4361.0"
                    WIDTH="1566.0"
                    HEIGHT="211.0">
            <Shape><Polygon POINTS="588 4478 688 4411 727 4433 821 4411 849 4433 1027 4433 1060 4406 1410 4433 1709 4422 1737 4394 1782 4417 1815 4394 1843 4422 1932 4433 2020 4361 2076 4411 2126 4400 2154 4467 2109 4566 2020 4539 1987 4572 1859 4555 1804 4522 1598 4555 1315 4528 1288 4555 1121 4566 1065 4533 1015 4561 927 4561 893 4533 838 4566 716 4561 594 4500"/></Shape>
	    <String CONTENT="ולקח מלא המחתה והביא שם שהוא"
                    HPOS="588.0"
                    VPOS="4361.0"
                    WIDTH="1566.0"
                    HEIGHT="211.0"></String>
          </TextLine>

          
          
          <TextLine ID="eSc_line_f8d6adad"
                    
                    BASELINE="592 4602 692 4602 729 4609 1332 4609 1369 4602 1598 4594 1626 4596" 
                    HPOS="577.0"
                    VPOS="4544.0"
                    WIDTH="1044.0"
                    HEIGHT="145.0">
            <Shape><Polygon POINTS="588 4600 577 4550 1610 4544 1621 4594 1598 4689 582 4677"/></Shape>
	    <String CONTENT="˙ נותנו לאחר למרס(ו) את [ד&#39;]"
                    HPOS="577.0"
                    VPOS="4544.0"
                    WIDTH="1044.0"
                    HEIGHT="145.0"></String>
          </TextLine>

          
          
          <TextLine ID="eSc_line_ae57af25"
                    
                    BASELINE="544 4731 681 4727 1110 4742 2154 4742" 
                    HPOS="538.0"
                    VPOS="4572.0"
                    WIDTH="1610.0"
                    HEIGHT="261.0">
            <Shape><Polygon POINTS="538 4727 632 4633 716 4683 810 4694 882 4666 921 4705 960 4683 1310 4694 1337 4666 1548 4694 1632 4650 1737 4694 1776 4655 1854 4666 2076 4611 2131 4572 2148 4738 2076 4822 1832 4827 1759 4794 1721 4822 1682 4800 1648 4827 1560 4827 1515 4794 1437 4827 1310 4833 1254 4800 1221 4833 1021 4833 943 4805 893 4827 838 4805 710 4816 682 4788 632 4816 544 4738"/></Shape>
	    <String CONTENT="דמו על הרובד הרביעי שבהיכל כדי שלא"
                    HPOS="538.0"
                    VPOS="4572.0"
                    WIDTH="1610.0"
                    HEIGHT="261.0"></String>
          </TextLine>

          
          
          <TextLine ID="eSc_line_125ab90a"
                    
                    BASELINE="592 4861 966 4875 2165 4868" 
                    HPOS="588.0"
                    VPOS="4788.0"
                    WIDTH="1571.0"
                    HEIGHT="178.0">
            <Shape><Polygon POINTS="588 4855 666 4788 716 4822 1010 4833 1465 4827 1526 4794 1587 4833 1682 4805 1715 4827 1754 4800 1793 4827 2093 4822 2159 4866 2131 4922 2026 4960 1593 4960 1548 4933 1504 4966 1387 4944 1265 4944 1243 4966 705 4949 616 4861 594 4877"/></Shape>
	    <String CONTENT="יקרש ולקח מלא המחתה והביא בכל"
                    HPOS="588.0"
                    VPOS="4788.0"
                    WIDTH="1571.0"
                    HEIGHT="178.0"></String>
          </TextLine>

          
          
          <TextLine ID="eSc_line_4a03c409"
                    
                    BASELINE="606 4997 666 5009 2183 5009" 
                    HPOS="605.0"
                    VPOS="4922.0"
                    WIDTH="1576.0"
                    HEIGHT="172.0">
            <Shape><Polygon POINTS="605 4994 660 4922 716 4960 1054 4949 1165 4972 1360 4944 1515 4966 1548 4933 1598 4966 2109 4944 2181 5005 2009 5077 1915 5049 1865 5077 1698 5088 1526 5071 927 5094 610 5060"/></Shape>
	    <String CONTENT="יום חותה בשל ומערה זהב והיום חותה [ב&#39;]"
                    HPOS="605.0"
                    VPOS="4922.0"
                    WIDTH="1576.0"
                    HEIGHT="172.0"></String>
          </TextLine>

          
          
          <TextLine ID="eSc_line_170ec14c"
                    
                    BASELINE="614 5116 710 5127 884 5123 921 5131 1188 5134 1376 5131 1421 5123 2109 5127 2157 5116" 
                    HPOS="610.0"
                    VPOS="5049.0"
                    WIDTH="1544.0"
                    HEIGHT="172.0">
            <Shape><Polygon POINTS="610 5110 616 5066 1171 5099 1815 5088 1920 5049 1976 5077 2104 5060 2154 5110 2137 5177 2065 5199 1954 5182 1798 5210 1576 5194 1276 5216 1238 5194 1154 5221 977 5182 932 5216 827 5188 716 5199 616 5121"/></Shape>
	    <String CONTENT="בשל זהב ובה היה מכנים בכל יום בשל"
                    HPOS="610.0"
                    VPOS="5049.0"
                    WIDTH="1544.0"
                    HEIGHT="172.0"></String>
          </TextLine>

          
          
          <TextLine ID="eSc_line_a6b20cb6"
                    
                    BASELINE="603 5245 732 5260 1350 5256 2183 5264" 
                    HPOS="599.0"
                    VPOS="5188.0"
                    WIDTH="1582.0"
                    HEIGHT="166.0">
            <Shape><Polygon POINTS="599 5243 671 5188 827 5188 904 5221 949 5188 1071 5188 1104 5221 1260 5199 1310 5227 1659 5227 1737 5194 1848 5227 1887 5205 1970 5221 2165 5194 2181 5260 2165 5316 1876 5316 1687 5354 1454 5354 1376 5327 1204 5354 1171 5321 1104 5349 982 5349 949 5321 899 5349 782 5349 749 5321 605 5310"/></Shape>
	    <String CONTENT="ארבעת קבין ומערה לתוך של שלשת"
                    HPOS="599.0"
                    VPOS="5188.0"
                    WIDTH="1582.0"
                    HEIGHT="166.0"></String>
          </TextLine>

          
        </TextBlock>
        
        <TextBlock HPOS="4141.0"
                   VPOS="4050.0"
                   WIDTH="148.0"
                   HEIGHT="89.0"
                   ID="eSc_textblock_b4cc67a3"
                   TAGREFS="BT225">
          <Shape><Polygon POINTS="4289 4095 4274 4050 4145 4050 4141 4139 4230 4139"/></Shape>
          
          
          <TextLine ID="eSc_line_2611dc63"
                    
                    BASELINE="4152 4080 4211 4095 4282 4095" 
                    HPOS="4144"
                    VPOS="4050"
                    WIDTH="138"
                    HEIGHT="75">
            <Shape><Polygon POINTS="4159 4050 4218 4065 4282 4065 4282 4125 4203 4124 4144 4109"/></Shape>
	    <String CONTENT="שם"
                    HPOS="4144"
                    VPOS="4050"
                    WIDTH="138"
                    HEIGHT="75"></String>
          </TextLine>

          
        </TextBlock>
        
        <TextBlock HPOS="4171.0"
                   VPOS="4953.0"
                   WIDTH="163.0"
                   HEIGHT="89.0"
                   ID="eSc_textblock_1ec26451"
                   TAGREFS="BT225">
          <Shape><Polygon POINTS="4334 4957 4174 4953 4171 5027 4260 5042"/></Shape>
          
          
          <TextLine ID="eSc_line_fead790d"
                    
                    BASELINE="4178 4990 4322 4983" 
                    HPOS="4176"
                    VPOS="4953"
                    WIDTH="147"
                    HEIGHT="66">
            <Shape><Polygon POINTS="4176 4960 4320 4953 4323 5012 4179 5019"/></Shape>
	    <String CONTENT="אלא"
                    HPOS="4176"
                    VPOS="4953"
                    WIDTH="147"
                    HEIGHT="66"></String>
          </TextLine>

          
        </TextBlock>
        
        <TextBlock HPOS="1723.0"
                   VPOS="4513.0"
                   WIDTH="203.0"
                   HEIGHT="194.0"
                   ID="eSc_textblock_76321bed"
                   TAGREFS="BT224">
          <Shape><Polygon POINTS="1723 4707 1723 4513 1926 4513 1926 4707"/></Shape>
          
        </TextBlock>
        

        
      </PrintSpace>
    </Page>
  </Layout>
</alto>
