<?xml version="1.0" encoding="UTF-8"?>
<alto xmlns:xsi="http://www.w3.org/2001/XMLSchema-instance"
      xmlns="http://www.loc.gov/standards/alto/ns-v4#"
      xsi:schemaLocation="http://www.loc.gov/standards/alto/ns-v4# http://www.loc.gov/standards/alto/v4/alto-4-2.xsd">
  <Description>
    <MeasurementUnit>pixel</MeasurementUnit>
    <sourceImageInformation>
      <fileName>add_ms_16406_f321v.jpg</fileName>
      
    </sourceImageInformation>
  </Description>
  
  <Tags>
    <OtherTag ID="BT1" LABEL="Title" DESCRIPTION="block type Title"/><OtherTag ID="BT2" LABEL="Main" DESCRIPTION="block type Main"/><OtherTag ID="BT3" LABEL="Commentary" DESCRIPTION="block type Commentary"/><OtherTag ID="BT4" LABEL="Illustration" DESCRIPTION="block type Illustration"/><OtherTag ID="BT224" LABEL="Hole" DESCRIPTION="block type Hole"/><OtherTag ID="BT225" LABEL="Margin" DESCRIPTION="block type Margin"/><OtherTag ID="BT226" LABEL="Paratext" DESCRIPTION="block type Paratext"/>
    <OtherTag ID="LT2" LABEL="Numbering" DESCRIPTION="line type Numbering"/><OtherTag ID="LT3" LABEL="Correction" DESCRIPTION="line type Correction"/><OtherTag ID="LT329" LABEL="Gloss" DESCRIPTION="line type Gloss"/>
  </Tags>
  
  <Layout>
    <Page WIDTH="4833"
          HEIGHT="6898"
          PHYSICAL_IMG_NR="642"
          ID="eSc_dummypage_">
      <PrintSpace HPOS="0"
                  VPOS="0"
                  WIDTH="4833"
                  HEIGHT="6898">
        
        <TextBlock HPOS="2460.0"
                   VPOS="762.0"
                   WIDTH="1637.0"
                   HEIGHT="4691.0"
                   ID="eSc_textblock_1bf8394b"
                   TAGREFS="BT2">
          <Shape><Polygon POINTS="4051 5453 4097 5437 4081 812 3974 762 2495 762 2460 1073 2475 5437 4051 5453"/></Shape>
          
          
          <TextLine ID="eSc_line_39e2a5ec"
                    
                    BASELINE="2491 885 3418 896 3460 892 4081 908" 
                    HPOS="2485.0"
                    VPOS="793.0"
                    WIDTH="1594.0"
                    HEIGHT="189.0">
            <Shape><Polygon POINTS="2485 879 2520 804 3210 793 3296 816 4062 810 4079 902 4062 977 4027 982 2491 954"/></Shape>
	    <String CONTENT="ומפני דתיקוס מתיירא שלא יחזירנו אתה"
                    HPOS="2485.0"
                    VPOS="793.0"
                    WIDTH="1594.0"
                    HEIGHT="189.0"></String>
          </TextLine>

          
          
          <TextLine ID="eSc_line_4462969c"
                    
                    BASELINE="2460 1023 2518 1034 2782 1030 2824 1038 2920 1038 3096 1050 4066 1042" 
                    HPOS="2456.0"
                    VPOS="942.0"
                    WIDTH="1606.0"
                    HEIGHT="219.0">
            <Shape><Polygon POINTS="2456 1017 2548 942 2600 942 2635 977 2778 994 2911 959 2968 1000 3014 959 3147 965 3181 1000 3607 1011 3722 1011 3785 971 3900 1005 4004 988 4062 1040 4044 1109 4010 1126 3854 1149 3820 1120 3780 1161 3688 1126 3647 1155 3532 1120 3348 1143 3302 1115 3256 1143 3147 1143 3124 1120 3009 1155 2853 1143 2825 1115 2629 1138 2468 1023"/></Shape>
	    <String CONTENT="שאין לך דתיכוס מפני מה אין אתה מוחללי"
                    HPOS="2456.0"
                    VPOS="942.0"
                    WIDTH="1606.0"
                    HEIGHT="219.0"></String>
          </TextLine>

          
          
          <TextLine ID="eSc_line_db3be962"
                    
                    BASELINE="2491 1187 2874 1184 3756 1203 3859 1195 3905 1184 3982 1195 4085 1195" 
                    HPOS="2485.0"
                    VPOS="1120.0"
                    WIDTH="1594.0"
                    HEIGHT="173.0">
            <Shape><Polygon POINTS="2485 1184 2554 1120 2583 1149 3204 1155 3532 1126 3590 1155 3774 1161 4015 1120 4079 1189 4033 1264 3923 1258 3889 1281 3837 1253 3762 1293 3716 1264 3521 1287 3492 1258 3452 1281 3342 1264 3314 1287 3256 1258 3181 1293 3129 1258 3078 1281 3037 1253 2928 1287 2813 1293 2669 1258 2577 1287 2491 1201"/></Shape>
	    <String CONTENT="אשר יעשה כמעשיך במצרים וכגבורותיך"
                    HPOS="2485.0"
                    VPOS="1120.0"
                    WIDTH="1594.0"
                    HEIGHT="173.0"></String>
          </TextLine>

          
          
          <TextLine ID="eSc_line_7e6d69b2"
                    
                    BASELINE="2460 1314 2529 1325 2866 1322 2905 1329 3119 1333 3169 1345 3207 1337 3476 1337 3514 1345 3560 1333 3744 1329 3786 1322 4081 1325" 
                    HPOS="2456.0"
                    VPOS="1253.0"
                    WIDTH="1623.0"
                    HEIGHT="172.0">
            <Shape><Polygon POINTS="2456 1310 2491 1310 2543 1258 2566 1281 2658 1258 2761 1287 2997 1281 3020 1258 3118 1287 3618 1287 3642 1264 3774 1287 3837 1253 3895 1281 3923 1258 4021 1276 4079 1322 4062 1373 3987 1414 3935 1373 3883 1419 3797 1419 3762 1385 3722 1425 3302 1425 3262 1385 3204 1419 3129 1379 3078 1419 3020 1379 2980 1419 2853 1425 2721 1396 2589 1414 2479 1316"/></Shape>
	    <String CONTENT="על הים ˙˙ ד&#39;א&#39; כמעשיך במצרים וכגבורותיך"
                    HPOS="2456.0"
                    VPOS="1253.0"
                    WIDTH="1623.0"
                    HEIGHT="172.0"></String>
          </TextLine>

          
          
          <TextLine ID="eSc_line_d3814a06"
                    
                    BASELINE="2468 1448 2617 1456 2663 1463 3993 1463 4097 1452" 
                    HPOS="2462.0"
                    VPOS="1362.0"
                    WIDTH="1634.0"
                    HEIGHT="201.0">
            <Shape><Polygon POINTS="2462 1442 2531 1362 2589 1419 2669 1402 2848 1425 2974 1425 3032 1379 3078 1425 3716 1431 3889 1419 3935 1379 3969 1414 4015 1396 4096 1448 3998 1546 3929 1511 3889 1552 3780 1563 3711 1511 3636 1557 3325 1552 3296 1523 3250 1557 3141 1523 3095 1557 3009 1517 2951 1557 2669 1557 2629 1523 2543 1517 2474 1448"/></Shape>
	    <String CONTENT="על הירדן ˙˙ אעברה נא שהיה משה מבקש [מל&#39;]"
                    HPOS="2462.0"
                    VPOS="1362.0"
                    WIDTH="1634.0"
                    HEIGHT="201.0"></String>
          </TextLine>

          
          
          <TextLine ID="eSc_line_5890627f"
                    
                    BASELINE="2495 1586 2648 1601 4081 1594" 
                    HPOS="2491.0"
                    VPOS="1517.0"
                    WIDTH="1588.0"
                    HEIGHT="184.0">
            <Shape><Polygon POINTS="2491 1580 2606 1529 2663 1557 2951 1557 3003 1517 3043 1557 3250 1557 3296 1523 3331 1557 3780 1569 3895 1557 3935 1517 4079 1592 4039 1672 3958 1661 3912 1695 3837 1672 3515 1690 3486 1661 3440 1695 3337 1695 3302 1667 3233 1695 3193 1661 3147 1701 3055 1690 3014 1649 2899 1684 2848 1661 2761 1684 2583 1667 2502 1586"/></Shape>
	    <String CONTENT="מלפני המקום שיכנס לארץ והלא כבר נאמ&#39; כי"
                    HPOS="2491.0"
                    VPOS="1517.0"
                    WIDTH="1588.0"
                    HEIGHT="184.0"></String>
          </TextLine>

          
          
          <TextLine ID="eSc_line_1cec0bb0"
                    
                    BASELINE="2491 1716 2801 1732 2843 1739 4031 1735 4097 1743" 
                    HPOS="2485.0"
                    VPOS="1626.0"
                    WIDTH="1611.0"
                    HEIGHT="207.0">
            <Shape><Polygon POINTS="2485 1713 2491 1672 2543 1626 2589 1672 2623 1661 2698 1695 2767 1690 2796 1661 2911 1690 3003 1649 3060 1695 3129 1701 3607 1678 3688 1695 3814 1672 3906 1695 3987 1655 4096 1741 4015 1810 3808 1833 3716 1804 3515 1827 3480 1793 3388 1833 3141 1804 3078 1827 3009 1793 2928 1822 2876 1793 2842 1827 2790 1793 2727 1822 2704 1799 2543 1799 2491 1747"/></Shape>
	    <String CONTENT="לא תעבור את הירדן הזה משל למלך שהיו לו"
                    HPOS="2485.0"
                    VPOS="1626.0"
                    WIDTH="1611.0"
                    HEIGHT="207.0"></String>
          </TextLine>

          
          
          <TextLine ID="eSc_line_71e10eae"
                    
                    BASELINE="2475 1862 2732 1870 2809 1877 4035 1877 4097 1866" 
                    HPOS="2474.0"
                    VPOS="1793.0"
                    WIDTH="1622.0"
                    HEIGHT="178.0">
            <Shape><Polygon POINTS="2474 1856 2566 1799 2623 1822 2704 1804 2727 1827 2796 1799 2836 1833 2882 1793 2934 1833 3003 1793 3078 1833 3135 1804 3164 1827 3388 1833 3475 1793 3515 1833 4015 1816 4096 1862 3981 1954 3941 1931 3912 1960 3872 1937 3797 1965 3734 1925 3647 1965 3406 1942 3371 1971 3302 1931 3256 1960 3210 1942 3152 1965 3118 1931 3066 1948 3043 1925 2934 1965 2876 1908 2813 1960 2767 1931 2727 1960 2612 1937 2560 1960 2479 1879"/></Shape>
	    <String CONTENT="שני עבדים וגזר לאחד מהן שלא לשתות יין"
                    HPOS="2474.0"
                    VPOS="1793.0"
                    WIDTH="1622.0"
                    HEIGHT="178.0"></String>
          </TextLine>

          
          
          <TextLine ID="eSc_line_55aa638f"
                    
                    BASELINE="2475 2004 2544 1996 2794 1996 2843 2004 3031 2008 3069 2015 4028 2011 4066 2019" 
                    HPOS="2474.0"
                    VPOS="1914.0"
                    WIDTH="1588.0"
                    HEIGHT="195.0">
            <Shape><Polygon POINTS="2474 2000 2612 1948 2727 1965 2761 1931 2825 1960 2871 1914 2928 1965 3043 1925 3078 1954 3118 1937 3147 1965 3216 1971 3262 1971 3296 1937 3354 1977 3411 1948 3659 1971 3728 1937 3791 1971 3946 1971 4044 1925 4062 2017 4015 2086 3964 2098 3941 2075 3866 2092 3803 2069 3757 2098 3642 2075 3613 2103 3509 2109 3360 2109 3325 2075 3285 2109 3158 2052 3106 2098 3037 2057 2963 2098 2894 2069 2825 2098 2773 2057 2698 2092 2548 2086 2479 2017"/></Shape>
	    <String CONTENT="כל שלשים יום אמ&#39; מה גזר עלי שלא לשתות"
                    HPOS="2474.0"
                    VPOS="1914.0"
                    WIDTH="1588.0"
                    HEIGHT="195.0"></String>
          </TextLine>

          
          
          <TextLine ID="eSc_line_cf1de0eb"
                    
                    BASELINE="2460 2123 2610 2138 3223 2138 3269 2130 3315 2142 3939 2134 4020 2138 4112 2161" 
                    HPOS="2456.0"
                    VPOS="2057.0"
                    WIDTH="1652.0"
                    HEIGHT="179.0">
            <Shape><Polygon POINTS="2456 2121 2531 2086 2698 2098 2750 2057 2813 2098 2882 2069 2980 2098 3020 2057 3106 2098 3170 2057 3210 2098 3279 2103 3319 2075 3354 2103 3757 2098 3820 2063 3872 2092 4015 2092 4108 2155 4062 2149 3975 2230 3923 2201 3797 2201 3745 2224 3383 2236 3331 2230 3291 2190 3250 2224 3124 2207 3037 2236 2819 2230 2796 2207 2738 2224 2704 2190 2652 2218 2560 2218 2468 2126"/></Shape>
	    <String CONTENT="יין שלשים יום אפילו שנה אחת אפילו שתי"
                    HPOS="2456.0"
                    VPOS="2057.0"
                    WIDTH="1652.0"
                    HEIGHT="179.0"></String>
          </TextLine>

          
          
          <TextLine ID="eSc_line_c0ae84d0"
                    
                    BASELINE="2495 2261 2594 2276 3744 2272 4066 2276" 
                    HPOS="2491.0"
                    VPOS="2195.0"
                    WIDTH="1571.0"
                    HEIGHT="179.0">
            <Shape><Polygon POINTS="2491 2259 2537 2259 2606 2201 2640 2224 2698 2195 2732 2230 2784 2207 2807 2230 3101 2236 3129 2207 3245 2230 3296 2195 3342 2236 3400 2241 3923 2207 3952 2230 4004 2218 4062 2270 4004 2333 3883 2362 3521 2339 3492 2362 3296 2345 3233 2374 3152 2339 3112 2362 2980 2362 2951 2333 2853 2368 2767 2368 2721 2339 2652 2362 2525 2264"/></Shape>
	    <String CONTENT="שנים אינו טועמו וכל כך למה כדי לפוג דברי"
                    HPOS="2491.0"
                    VPOS="2195.0"
                    WIDTH="1571.0"
                    HEIGHT="179.0"></String>
          </TextLine>

          
          
          <TextLine ID="eSc_line_182885a0"
                    
                    BASELINE="2475 2406 2537 2406 2575 2414 3652 2410 4051 2414" 
                    HPOS="2474.0"
                    VPOS="2316.0"
                    WIDTH="1576.0"
                    HEIGHT="196.0">
            <Shape><Polygon POINTS="2474 2402 2566 2316 2646 2368 2997 2368 3020 2345 3106 2368 3141 2339 3233 2374 3492 2368 3521 2339 3618 2368 3987 2356 4050 2408 4033 2471 3975 2483 3670 2494 3624 2471 3549 2500 3365 2471 3314 2506 3285 2477 2865 2494 2825 2471 2796 2494 2755 2477 2709 2512 2675 2477 2571 2471 2485 2402"/></Shape>
	    <String CONTENT="רבו חזר וגזר על השיני שלא לשתות יין [של&#39;]"
                    HPOS="2474.0"
                    VPOS="2316.0"
                    WIDTH="1576.0"
                    HEIGHT="196.0"></String>
          </TextLine>

          
          
          <TextLine ID="eSc_line_df8919be"
                    
                    BASELINE="2475 2552 4062 2544" 
                    HPOS="2474.0"
                    VPOS="2471.0"
                    WIDTH="1582.0"
                    HEIGHT="184.0">
            <Shape><Polygon POINTS="2474 2546 2548 2471 2658 2512 2784 2512 2830 2471 2859 2494 3020 2483 3043 2506 3279 2489 3314 2517 3360 2483 3406 2512 3561 2517 3618 2483 3699 2506 4033 2483 4056 2540 4044 2592 3987 2638 3906 2609 3849 2632 3797 2615 3549 2644 3365 2621 3198 2655 3083 2615 3026 2638 2796 2638 2738 2609 2704 2644 2606 2626 2537 2644 2485 2592"/></Shape>
	    <String CONTENT="שלשים יום אמ&#39; אי איפשר אנכי להיות בלא"
                    HPOS="2474.0"
                    VPOS="2471.0"
                    WIDTH="1582.0"
                    HEIGHT="184.0"></String>
          </TextLine>

          
          
          <TextLine ID="eSc_line_761754b4"
                    
                    BASELINE="2521 2678 2579 2690 3629 2686 4066 2690" 
                    HPOS="2520.0"
                    VPOS="2609.0"
                    WIDTH="1542.0"
                    HEIGHT="173.0">
            <Shape><Polygon POINTS="2520 2672 2594 2626 2704 2644 2738 2609 2796 2644 3014 2644 3066 2615 3193 2655 3308 2632 3705 2638 3734 2615 3843 2644 3900 2609 4010 2632 4062 2684 3975 2776 3216 2753 3147 2782 3112 2747 2963 2776 2859 2747 2612 2776 2525 2718"/></Shape>
	    <String CONTENT="יין אפילו שעה אחת וכל כך למה כדי לחבב"
                    HPOS="2520.0"
                    VPOS="2609.0"
                    WIDTH="1542.0"
                    HEIGHT="173.0"></String>
          </TextLine>

          
          
          <TextLine ID="eSc_line_a4ec4c51"
                    
                    BASELINE="2537 2812 2962 2820 3000 2828 4066 2820" 
                    HPOS="2531.0"
                    VPOS="2764.0"
                    WIDTH="1531.0"
                    HEIGHT="150.0">
            <Shape><Polygon POINTS="2531 2810 2560 2770 3164 2787 3256 2764 4021 2770 4062 2816 4033 2902 3906 2874 3820 2908 3745 2885 3716 2914 3653 2879 3613 2908 3578 2885 3233 2908 3198 2879 3106 2908 2957 2879 2807 2914 2755 2885 2652 2908 2589 2891 2537 2839"/></Shape>
	    <String CONTENT="דברי רבו כך משה היה מחבב דברי הקדוש [/]"
                    HPOS="2531.0"
                    VPOS="2764.0"
                    WIDTH="1531.0"
                    HEIGHT="150.0"></String>
          </TextLine>

          
          
          <TextLine ID="eSc_line_9d18bcb1"
                    
                    BASELINE="2495 2954 2977 2954 3054 2966 3181 2966 3219 2958 3644 2954 3721 2946 4020 2946 4112 2973" 
                    HPOS="2491.0"
                    VPOS="2874.0"
                    WIDTH="1617.0"
                    HEIGHT="172.0">
            <Shape><Polygon POINTS="2491 2948 2554 2891 2669 2914 2727 2885 2778 2914 2963 2925 2986 2902 3141 2914 3181 2879 3233 2914 3607 2908 3653 2874 3688 2908 4015 2897 4108 2971 4033 3029 3665 3017 3584 3040 3498 3000 3446 3035 3388 3006 3342 3035 3204 3017 3147 3040 3101 3023 3078 3046 3020 3017 2945 3046 2761 3040 2721 3012 2560 3040 2497 2977"/></Shape>
	    <String CONTENT="ומבקש מלפניו שיכנם לארץ לכך נאמ&#39; [אע&#39;]"
                    HPOS="2491.0"
                    VPOS="2874.0"
                    WIDTH="1617.0"
                    HEIGHT="172.0"></String>
          </TextLine>

          
          
          <TextLine ID="eSc_line_816d3a60"
                    
                    BASELINE="2518 3084 4112 3084" 
                    HPOS="2514.0"
                    VPOS="3017.0"
                    WIDTH="1594.0"
                    HEIGHT="167.0">
            <Shape><Polygon POINTS="2514 3081 2560 3046 2658 3052 2721 3017 2761 3046 2934 3058 3014 3029 3083 3052 3216 3023 3360 3046 3388 3017 3429 3040 3503 3017 3532 3046 4033 3035 4108 3081 4039 3161 3900 3173 3233 3155 2635 3184 2525 3121"/></Shape>
	    <String CONTENT="אעברה נא ואראה ההר הטוב הזה והלבנון [/]"
                    HPOS="2514.0"
                    VPOS="3017.0"
                    WIDTH="1594.0"
                    HEIGHT="167.0"></String>
          </TextLine>

          
          
          <TextLine ID="eSc_line_7c9e88a9"
                    
                    BASELINE="2506 3215 2575 3207 2740 3207 2820 3215 3457 3215 3506 3207 4089 3207" 
                    HPOS="2502.0"
                    VPOS="3155.0"
                    WIDTH="1583.0"
                    HEIGHT="150.0">
            <Shape><Polygon POINTS="2502 3213 2554 3167 3912 3155 4050 3155 4085 3201 4067 3270 4010 3288 3918 3270 3860 3293 3814 3270 3774 3293 3584 3276 3446 3299 3262 3276 3239 3299 3078 3305 2600 3293 2508 3213"/></Shape>
	    <String CONTENT="הכל קראו אותו הר ההר אברהם קראו אותו"
                    HPOS="2502.0"
                    VPOS="3155.0"
                    WIDTH="1583.0"
                    HEIGHT="150.0"></String>
          </TextLine>

          
          
          <TextLine ID="eSc_line_c0bcfa4d"
                    
                    BASELINE="2495 3349 2644 3345 2728 3353 3322 3353 3549 3345 4081 3349" 
                    HPOS="2491.0"
                    VPOS="3270.0"
                    WIDTH="1588.0"
                    HEIGHT="179.0">
            <Shape><Polygon POINTS="2491 3345 2560 3282 2623 3305 2675 3288 2704 3311 2951 3311 3555 3299 3590 3276 3757 3299 3814 3270 3872 3299 4062 3288 4079 3345 4062 3414 4021 3426 3705 3437 3613 3414 3572 3437 3377 3437 3273 3431 3245 3403 3198 3449 3118 3426 3078 3449 2894 3426 2750 3443 2721 3414 2566 3437 2497 3368"/></Shape>
	    <String CONTENT="הר שנ&#39; בהר ייי יראה דוד קראו [ה]הר ההר שנ&#39; ˙"
                    HPOS="2491.0"
                    VPOS="3270.0"
                    WIDTH="1588.0"
                    HEIGHT="179.0"></String>
          </TextLine>

          
          
          <TextLine ID="eSc_line_c134f158"
                    
                    BASELINE="2506 3494 2805 3494 2847 3502 3284 3502 3368 3494 3725 3483 3985 3483 4097 3491" 
                    HPOS="2502.0"
                    VPOS="3426.0"
                    WIDTH="1594.0"
                    HEIGHT="160.0">
            <Shape><Polygon POINTS="2502 3489 2617 3431 3222 3454 3440 3426 4044 3426 4096 3489 4079 3552 4015 3569 3273 3581 3239 3558 3129 3586 2951 3586 2715 3563 2646 3581 2617 3552 2548 3581 2508 3540"/></Shape>
	    <String CONTENT="הטוב ישעיה קראו הר שנ&#39; והיה באחרית"
                    HPOS="2502.0"
                    VPOS="3426.0"
                    WIDTH="1594.0"
                    HEIGHT="160.0"></String>
          </TextLine>

          
          
          <TextLine ID="eSc_line_8df34b87"
                    
                    BASELINE="2460 3625 2587 3621 2633 3629 3177 3629 3261 3621 4043 3621 4097 3629" 
                    HPOS="2456.0"
                    VPOS="3558.0"
                    WIDTH="1640.0"
                    HEIGHT="161.0">
            <Shape><Polygon POINTS="2456 3621 2514 3575 2617 3569 3147 3586 3175 3563 3521 3581 4033 3558 4096 3627 4050 3696 3900 3678 3860 3701 3762 3684 3688 3707 3653 3678 3618 3701 3239 3713 3164 3678 3089 3713 3049 3678 2974 3719 2830 3713 2796 3678 2738 3713 2525 3713 2462 3650"/></Shape>
	    <String CONTENT="הימים נכון יהיה הר בית ייי ˙ גוים קראו אותו הר"
                    HPOS="2456.0"
                    VPOS="3558.0"
                    WIDTH="1640.0"
                    HEIGHT="161.0"></String>
          </TextLine>

          
          
          <TextLine ID="eSc_line_957b10f4"
                    
                    BASELINE="2491 3755 3330 3763 3641 3751 3687 3744 4070 3744" 
                    HPOS="2485.0"
                    VPOS="3678.0"
                    WIDTH="1582.0"
                    HEIGHT="179.0">
            <Shape><Polygon POINTS="2485 3753 2525 3713 2606 3696 2715 3719 2790 3678 2830 3713 2934 3719 3014 3713 3049 3678 3089 3713 3929 3684 4033 3696 4067 3742 4027 3805 3952 3828 3831 3828 3791 3793 3757 3828 3688 3839 3112 3822 2894 3857 2801 3834 2571 3845 2491 3770"/></Shape>
	    <String CONTENT="שנ&#39; והלכו גוים רבים ואמרו לכו ונעלה אל הר"
                    HPOS="2485.0"
                    VPOS="3678.0"
                    WIDTH="1582.0"
                    HEIGHT="179.0"></String>
          </TextLine>

          
          
          <TextLine ID="eSc_line_e09eb32c"
                    
                    BASELINE="2506 3889 3334 3889 3384 3882 3959 3885 4035 3874 4097 3878" 
                    HPOS="2502.0"
                    VPOS="3793.0"
                    WIDTH="1594.0"
                    HEIGHT="184.0">
            <Shape><Polygon POINTS="2502 3885 2554 3845 2623 3839 3705 3839 3757 3834 3797 3793 3837 3834 4027 3805 4096 3874 4033 3931 3987 3914 3941 3960 3762 3966 3716 3943 3688 3972 3245 3972 3210 3949 3152 3977 3106 3954 3055 3977 2899 3954 2853 3977 2600 3972 2514 3885"/></Shape>
	    <String CONTENT="ייי ˙ והלבנון זה בית המקדש שנ&#39; גלעד אתה"
                    HPOS="2502.0"
                    VPOS="3793.0"
                    WIDTH="1594.0"
                    HEIGHT="184.0"></String>
          </TextLine>

          
          
          <TextLine ID="eSc_line_c8d5f138"
                    
                    BASELINE="2510 4012 2575 4023 3556 4023 3870 4004 4043 4008 4097 3997" 
                    HPOS="2508.0"
                    VPOS="3920.0"
                    WIDTH="1588.0"
                    HEIGHT="195.0">
            <Shape><Polygon POINTS="2508 4006 2606 3972 3935 3972 3987 3920 4096 3995 4027 4081 3952 4092 3923 4069 3883 4098 3613 4115 3377 4087 3337 4115 3227 4092 2727 4110 2669 4069 2600 4098 2514 4012"/></Shape>
	    <String CONTENT="לי ראש לבנון ואומ&#39; וניקף סבכי היער בברזל"
                    HPOS="2508.0"
                    VPOS="3920.0"
                    WIDTH="1588.0"
                    HEIGHT="195.0"></String>
          </TextLine>

          
          
          <TextLine ID="eSc_line_af915b47"
                    
                    BASELINE="2475 4146 2571 4161 3372 4161 3748 4142 3978 4146 4108 4123" 
                    HPOS="2474.0"
                    VPOS="4069.0"
                    WIDTH="1628.0"
                    HEIGHT="184.0">
            <Shape><Polygon POINTS="2474 4144 2554 4092 2629 4110 2663 4075 2709 4110 2819 4115 3170 4115 3233 4092 3337 4110 3377 4081 3601 4121 3877 4104 3935 4069 4102 4121 4039 4219 3854 4230 3826 4207 3676 4242 3544 4213 3440 4242 3377 4202 3342 4236 3216 4236 3175 4213 3141 4248 3003 4225 2571 4253 2485 4167"/></Shape>
	    <String CONTENT="והלבנון באדיר יפול ˙ ולמה נקרא שמו לבנון"
                    HPOS="2474.0"
                    VPOS="4069.0"
                    WIDTH="1628.0"
                    HEIGHT="184.0"></String>
          </TextLine>

          
          
          <TextLine ID="eSc_line_54e1f08f"
                    
                    BASELINE="2495 4284 2843 4292 3246 4288 3338 4280 3805 4284 4001 4265 4070 4265" 
                    HPOS="2491.0"
                    VPOS="4207.0"
                    WIDTH="1576.0"
                    HEIGHT="173.0">
            <Shape><Polygon POINTS="2491 4282 2554 4253 2859 4225 2951 4242 3009 4219 3135 4248 3170 4213 3204 4242 3434 4248 3797 4230 3820 4207 4050 4213 4067 4259 3998 4351 3693 4351 3665 4374 3394 4380 3308 4339 3245 4374 3170 4334 3112 4374 2980 4345 2928 4374 2589 4380 2537 4328 2497 4345"/></Shape>
	    <String CONTENT="שמלבין עונותיהם של ישר&#39; שנ&#39; אם יהיו"
                    HPOS="2491.0"
                    VPOS="4207.0"
                    WIDTH="1576.0"
                    HEIGHT="173.0"></String>
          </TextLine>

          
          
          <TextLine ID="eSc_line_3d28f292"
                    
                    BASELINE="2495 4430 3050 4430 3242 4426 3334 4418 3943 4422 4104 4407" 
                    HPOS="2491.0"
                    VPOS="4334.0"
                    WIDTH="1611.0"
                    HEIGHT="184.0">
            <Shape><Polygon POINTS="2491 4426 2566 4380 3112 4374 3152 4334 3245 4374 3302 4334 3342 4374 4027 4357 4102 4403 4085 4506 4062 4518 3981 4472 3906 4495 3814 4472 3791 4495 3394 4500 3354 4466 3314 4506 3233 4477 3181 4506 2871 4512 2836 4489 2813 4512 2600 4512 2514 4426"/></Shape>
	    <String CONTENT="חטאיכם כשני כשלג ילבינו ואומ&#39; ויתעבר"
                    HPOS="2491.0"
                    VPOS="4334.0"
                    WIDTH="1611.0"
                    HEIGHT="184.0"></String>
          </TextLine>

          
          
          <TextLine ID="eSc_line_22725fc2"
                    
                    BASELINE="2533 4548 2636 4560 3372 4560 3472 4548 3618 4548 3702 4541 4097 4541" 
                    HPOS="2531.0"
                    VPOS="4466.0"
                    WIDTH="1565.0"
                    HEIGHT="178.0">
            <Shape><Polygon POINTS="2531 4546 2589 4512 2813 4518 2836 4495 3204 4506 3239 4477 3314 4506 3354 4466 3434 4506 3492 4483 3791 4495 3814 4472 3935 4495 3975 4472 4096 4535 3964 4621 3734 4633 3567 4610 3400 4633 3354 4610 3302 4638 2715 4644 2669 4610 2617 4644 2537 4564"/></Shape>
	    <String CONTENT="ייי בי למענכם ˙ ר&#39; אליעז&#39; אומ&#39; נתמלא עלין"
                    HPOS="2531.0"
                    VPOS="4466.0"
                    WIDTH="1565.0"
                    HEIGHT="178.0"></String>
          </TextLine>

          
          
          <TextLine ID="eSc_line_bd90c999"
                    
                    BASELINE="2521 4682 3177 4690 3349 4686 3399 4679 4028 4682 4116 4667" 
                    HPOS="2520.0"
                    VPOS="4610.0"
                    WIDTH="1593.0"
                    HEIGHT="172.0">
            <Shape><Polygon POINTS="2520 4679 2589 4638 2646 4650 2681 4615 2709 4644 3285 4650 3365 4615 3423 4644 4015 4610 4113 4661 4050 4742 3969 4725 3946 4748 3843 4753 3780 4730 3538 4771 3337 4748 3308 4776 2997 4759 2882 4782 2853 4753 2801 4753 2583 4782 2525 4725"/></Shape>
	    <String CONTENT="חימה ר&#39; יהושע אומ&#39; כאשה שאין יכולה"
                    HPOS="2520.0"
                    VPOS="4610.0"
                    WIDTH="1593.0"
                    HEIGHT="172.0"></String>
          </TextLine>

          
          
          <TextLine ID="eSc_line_b1409e29"
                    
                    BASELINE="2502 4820 3253 4820 3564 4809 3610 4797 3656 4805 3828 4805 4097 4790" 
                    HPOS="2497.0"
                    VPOS="4725.0"
                    WIDTH="1599.0"
                    HEIGHT="189.0">
            <Shape><Polygon POINTS="2497 4817 2629 4759 2675 4782 2836 4759 2894 4794 3216 4765 3319 4782 3348 4753 3941 4753 3969 4725 4096 4788 4044 4863 3969 4880 3745 4863 3688 4897 3630 4868 3590 4897 3526 4886 3498 4914 3457 4886 2761 4914 2715 4880 2646 4914 2589 4903 2502 4817"/></Shape>
	    <String CONTENT="לשוח מפני עוברה למענכם בשבילכם [נע&#39;]"
                    HPOS="2497.0"
                    VPOS="4725.0"
                    WIDTH="1599.0"
                    HEIGHT="189.0"></String>
          </TextLine>

          
          
          <TextLine ID="eSc_line_228d8027"
                    
                    BASELINE="2552 4958 3407 4958 3556 4947 3656 4947 3694 4939 4081 4943" 
                    HPOS="2548.0"
                    VPOS="4857.0"
                    WIDTH="1531.0"
                    HEIGHT="195.0">
            <Shape><Polygon POINTS="2548 4955 2594 4903 2675 4914 2709 4880 2755 4914 2911 4920 2945 4886 3032 4909 3060 4880 3187 4914 3498 4914 3526 4886 3590 4897 3624 4874 3716 4891 3751 4857 3877 4891 4027 4874 4079 4937 4039 5029 3929 5029 3877 4995 3808 5024 3751 4995 3665 5041 3613 5012 3319 5012 3222 5047 3072 5018 3043 5047 3003 5029 2853 5052 2744 5047 2698 5018 2663 5052 2617 5052 2554 4989"/></Shape>
	    <String CONTENT="נעשהלי כך ולא שמע אלי ולא קיבל [תפי&#39;]"
                    HPOS="2548.0"
                    VPOS="4857.0"
                    WIDTH="1531.0"
                    HEIGHT="195.0"></String>
          </TextLine>

          
          
          <TextLine ID="eSc_line_15f81bc8"
                    
                    BASELINE="2521 5089 3296 5096 3342 5089 3579 5085 3625 5077 4020 5077 4112 5085" 
                    HPOS="2520.0"
                    VPOS="4995.0"
                    WIDTH="1588.0"
                    HEIGHT="207.0">
            <Shape><Polygon POINTS="2520 5087 2525 5035 2554 5029 2606 5058 2669 5058 2698 5029 2744 5058 3112 5052 3141 5029 3239 5052 3296 5047 3331 5012 3670 5041 3716 5018 3843 5024 3872 4995 3918 5024 4039 5029 4108 5081 4050 5167 3958 5167 3923 5133 3883 5156 3774 5156 3751 5133 3624 5156 3590 5127 3555 5156 3532 5133 3440 5150 3417 5127 3377 5167 3342 5144 3233 5173 3181 5150 3147 5184 3106 5156 3078 5179 2813 5184 2704 5156 2675 5184 2635 5167 2554 5202 2525 5173"/></Shape>
	    <String CONTENT="תפילתי ויאמר ייי אלי רב לך אדם נודר להיכן"
                    HPOS="2520.0"
                    VPOS="4995.0"
                    WIDTH="1588.0"
                    HEIGHT="207.0"></String>
          </TextLine>

          
          
          <TextLine ID="eSc_line_0df4640b"
                    
                    BASELINE="2541 5223 2698 5215 2870 5215 3016 5223 3100 5215 3909 5219 4104 5207" 
                    HPOS="2537.0"
                    VPOS="5133.0"
                    WIDTH="1565.0"
                    HEIGHT="184.0">
            <Shape><Polygon POINTS="2537 5219 2704 5150 2773 5179 3147 5179 3181 5144 3210 5167 3377 5173 3417 5133 3457 5167 3555 5167 3584 5139 3630 5167 3785 5167 3808 5144 3883 5167 3923 5139 3958 5173 4050 5173 4102 5202 4044 5207 3935 5311 3883 5271 3739 5294 3250 5271 3193 5299 2980 5276 2865 5305 2836 5276 2801 5311 2692 5317 2646 5271 2589 5294 2543 5248"/></Shape>
	    <String CONTENT="הולך לו אצל רבו להתיר לו נדרו מה עליך"
                    HPOS="2537.0"
                    VPOS="5133.0"
                    WIDTH="1565.0"
                    HEIGHT="184.0"></String>
          </TextLine>

          
          
          <TextLine ID="eSc_line_10174fb7"
                    
                    BASELINE="2521 5357 3326 5357 4112 5334" 
                    HPOS="2520.0"
                    VPOS="5276.0"
                    WIDTH="1588.0"
                    HEIGHT="161.0">
            <Shape><Polygon POINTS="2520 5351 2525 5322 2600 5322 2629 5294 2692 5322 2940 5288 3285 5317 3319 5282 3716 5311 3757 5288 3969 5305 4021 5276 4108 5328 4090 5397 4039 5420 3584 5391 3549 5426 3463 5426 3423 5391 3331 5391 3296 5420 3250 5397 3152 5426 3066 5397 2940 5403 2888 5437 2865 5414 2623 5437 2525 5403"/></Shape>
	    <String CONTENT="לשמע דברי רבך ˙˙ ד&#39;א&#39; ויאמר ייי אלי רב לך"
                    HPOS="2520.0"
                    VPOS="5276.0"
                    WIDTH="1588.0"
                    HEIGHT="161.0"></String>
          </TextLine>

          
        </TextBlock>
        
        <TextBlock HPOS="456.0"
                   VPOS="793.0"
                   WIDTH="1559.0"
                   HEIGHT="4660.0"
                   ID="eSc_textblock_d5675353"
                   TAGREFS="BT2">
          <Shape><Polygon POINTS="2015 5453 1969 812 475 793 456 5422 505 5453 2015 5453"/></Shape>
          
          
          <TextLine ID="eSc_line_bcc17164"
                    
                    BASELINE="471 992 582 992 950 950 992 954 1728 904 2008 908" 
                    HPOS="466.0"
                    VPOS="822.0"
                    WIDTH="1541.0"
                    HEIGHT="264.0">
            <Shape><Polygon POINTS="466 988 471 954 880 931 926 873 1363 850 1438 867 1484 833 1651 822 1829 833 1869 867 1990 862 2007 902 1996 959 1956 959 1915 1005 1472 988 1380 1040 1093 1057 1018 1017 851 1051 759 1034 558 1086 483 1069"/></Shape>
	    <String CONTENT="אמ&#39; לו דוגמא את עושה לדיינין שיאמרו"
                    HPOS="466.0"
                    VPOS="822.0"
                    WIDTH="1541.0"
                    HEIGHT="264.0"></String>
          </TextLine>

          
          
          <TextLine ID="eSc_line_9584ed10"
                    
                    BASELINE="459 1142 563 1142 705 1122 789 1126 946 1107 992 1111 1391 1084 1429 1076 1559 1080 1697 1061 1870 1065 1908 1061 1954 1046 2008 1053" 
                    HPOS="454.0"
                    VPOS="1000.0"
                    WIDTH="1553.0"
                    HEIGHT="247.0">
            <Shape><Polygon POINTS="454 1138 529 1092 673 1080 707 1034 770 1074 805 1034 868 1063 914 1028 955 1057 995 1011 1116 1057 1933 1000 2007 1051 2002 1166 1904 1143 1726 1161 1703 1138 1536 1184 1334 1155 1283 1178 1231 1155 1202 1184 1110 1189 840 1178 811 1207 742 1195 546 1247 466 1189"/></Shape>
	    <String CONTENT="ומה משה חכם חכמים גדול גדולים לא נשא"
                    HPOS="454.0"
                    VPOS="1000.0"
                    WIDTH="1553.0"
                    HEIGHT="247.0"></String>
          </TextLine>

          
          
          <TextLine ID="eSc_line_ef99d9dc"
                    
                    BASELINE="475 1283 571 1276 716 1276 801 1260 881 1260 931 1268 1046 1245 1096 1249 1322 1230 1402 1233 1571 1214 1797 1218 1843 1207 2000 1195" 
                    HPOS="471.0"
                    VPOS="1132.0"
                    WIDTH="1525.0"
                    HEIGHT="247.0">
            <Shape><Polygon POINTS="471 1281 483 1230 552 1247 724 1207 868 1212 932 1184 1260 1195 1300 1161 1536 1184 1645 1132 1726 1166 1927 1149 1996 1189 1984 1241 1904 1293 1818 1264 1731 1293 1536 1281 1455 1304 1409 1281 1380 1316 1190 1322 1144 1287 1098 1333 753 1333 558 1379 483 1327"/></Shape>
	    <String CONTENT="פנים על ידי שאמ&#39; שמעו נא המורים נגזרה"
                    HPOS="471.0"
                    VPOS="1132.0"
                    WIDTH="1525.0"
                    HEIGHT="247.0"></String>
          </TextLine>

          
          
          <TextLine ID="eSc_line_f64e66b9"
                    
                    BASELINE="475 1410 624 1417 755 1398 793 1402 1015 1383 1053 1387 1172 1368 1299 1368 1368 1360 1410 1348 1544 1360 1651 1333 1690 1341 1774 1337 1862 1341 1908 1337 1966 1314" 
                    HPOS="471.0"
                    VPOS="1258.0"
                    WIDTH="1490.0"
                    HEIGHT="259.0">
            <Shape><Polygon POINTS="471 1408 483 1368 540 1385 667 1350 1087 1333 1150 1287 1265 1322 1398 1310 1426 1281 1490 1310 1628 1281 1795 1287 1829 1258 1961 1310 1950 1362 1892 1419 1829 1391 1806 1419 1731 1425 1685 1391 1530 1437 1472 1419 1242 1448 1162 1425 1127 1460 1075 1437 1047 1465 581 1488 546 1517 483 1471"/></Shape>
	    <String CONTENT="עליו גזירה שלא יכנס לארץ המענין את הדין"
                    HPOS="471.0"
                    VPOS="1258.0"
                    WIDTH="1490.0"
                    HEIGHT="259.0"></String>
          </TextLine>

          
          
          <TextLine ID="eSc_line_09e3900b"
                    
                    BASELINE="459 1544 521 1552 651 1536 732 1540 866 1521 958 1525 1103 1506 1191 1513 1230 1502 1349 1490 1391 1494 1663 1475 1901 1479 1969 1452" 
                    HPOS="454.0"
                    VPOS="1402.0"
                    WIDTH="1513.0"
                    HEIGHT="236.0">
            <Shape><Polygon POINTS="454 1540 483 1500 529 1517 880 1460 1047 1471 1075 1442 1127 1465 1173 1419 1271 1448 1587 1431 1680 1402 1766 1425 1915 1408 1967 1448 1956 1534 1869 1557 1800 1529 1737 1557 1668 1534 1622 1563 1576 1534 1524 1569 1363 1552 1323 1592 1283 1592 1260 1569 1208 1586 1173 1552 1104 1592 1029 1575 845 1603 811 1580 776 1615 581 1615 535 1638 466 1598"/></Shape>
	    <String CONTENT="והמעוותין את הדין על אחת כמה וכמה ומשה"
                    HPOS="454.0"
                    VPOS="1402.0"
                    WIDTH="1513.0"
                    HEIGHT="236.0"></String>
          </TextLine>

          
          
          <TextLine ID="eSc_line_c6480668"
                    
                    BASELINE="440 1682 594 1678 678 1667 808 1659 847 1663 984 1644 1080 1647 1272 1628 1372 1632 1517 1617 1648 1617 1774 1601 1969 1594" 
                    HPOS="437.0"
                    VPOS="1529.0"
                    WIDTH="1530.0"
                    HEIGHT="241.0">
            <Shape><Polygon POINTS="437 1678 483 1626 517 1644 742 1621 817 1586 1127 1592 1173 1552 1219 1592 1317 1592 1380 1586 1421 1540 1461 1569 1553 1575 1582 1540 1685 1569 1800 1529 1869 1557 1910 1546 1967 1592 1921 1678 1737 1667 1622 1713 1564 1690 1306 1718 1219 1695 903 1741 845 1707 770 1758 719 1741 690 1764 483 1770 448 1741"/></Shape>
	    <String CONTENT="שנ&#39; לו רב לך אל תוסף לא נמנע מלבקש רחמים"
                    HPOS="437.0"
                    VPOS="1529.0"
                    WIDTH="1530.0"
                    HEIGHT="241.0"></String>
          </TextLine>

          
          
          <TextLine ID="eSc_line_01e92839"
                    
                    BASELINE="490 1801 643 1808 785 1797 870 1801 1000 1789 1042 1778 1191 1785 1230 1774 1322 1766 1467 1774 1506 1762 1640 1751 1755 1755 1835 1732 1981 1739" 
                    HPOS="489.0"
                    VPOS="1661.0"
                    WIDTH="1490.0"
                    HEIGHT="235.0">
            <Shape><Polygon POINTS="489 1799 586 1753 747 1764 840 1707 926 1747 1144 1707 1179 1730 1202 1707 1277 1730 1634 1707 1703 1672 1772 1701 1812 1661 1927 1678 1979 1735 1956 1793 1869 1793 1812 1839 1260 1839 955 1856 932 1879 799 1862 707 1896 529 1891 500 1868"/></Shape>
	    <String CONTENT="מלפני המקום שאר בני אדם על אחת כמה"
                    HPOS="489.0"
                    VPOS="1661.0"
                    WIDTH="1490.0"
                    HEIGHT="235.0"></String>
          </TextLine>

          
          
          <TextLine ID="eSc_line_2ee09b38"
                    
                    BASELINE="479 1939 793 1939 958 1919 1130 1927 1199 1912 1291 1904 1448 1908 1640 1889 1893 1893 1954 1881 2019 1881" 
                    HPOS="477.0"
                    VPOS="1810.0"
                    WIDTH="1536.0"
                    HEIGHT="219.0">
            <Shape><Polygon POINTS="477 1937 506 1879 719 1896 799 1862 937 1879 995 1856 1139 1862 1162 1839 1214 1862 1582 1856 1835 1839 1910 1810 2013 1879 1944 1965 1818 1948 1783 1977 1645 1965 1478 1994 1346 1965 1306 1994 1277 1971 1116 2000 1058 1983 897 2023 840 1988 650 2029 529 2029 489 1994"/></Shape>
	    <String CONTENT="וכמה ומה חזקיה שנ&#39; לו צו לביתך לא נמנע [מ&#39;]"
                    HPOS="477.0"
                    VPOS="1810.0"
                    WIDTH="1536.0"
                    HEIGHT="219.0"></String>
          </TextLine>

          
          
          <TextLine ID="eSc_line_e6b72d17"
                    
                    BASELINE="456 2069 820 2065 858 2057 984 2061 1149 2050 1195 2038 1383 2042 1536 2027 1663 2027 1755 2034 1866 2015 2004 2008" 
                    HPOS="454.0"
                    VPOS="1948.0"
                    WIDTH="1548.0"
                    HEIGHT="207.0">
            <Shape><Polygon POINTS="454 2063 523 2029 707 2029 840 1994 903 2023 1041 1994 1225 2006 1260 1971 1306 1994 1783 1977 1812 1948 1921 1960 2002 2006 1944 2086 1881 2103 1777 2109 1737 2069 1703 2103 1524 2115 1449 2092 1426 2115 1254 2132 1087 2126 1058 2103 1024 2144 575 2155 466 2069"/></Shape>
	    <String CONTENT="מלבקש רחמים מלפני המקום שהיה דורש"
                    HPOS="454.0"
                    VPOS="1948.0"
                    WIDTH="1548.0"
                    HEIGHT="207.0"></String>
          </TextLine>

          
          
          <TextLine ID="eSc_line_a43ec190"
                    
                    BASELINE="486 2188 624 2199 977 2180 1157 2184 1257 2172 1444 2165 1483 2169 1525 2161 1770 2149 1946 2149 2031 2123" 
                    HPOS="483.0"
                    VPOS="2075.0"
                    WIDTH="1542.0"
                    HEIGHT="218.0">
            <Shape><Polygon POINTS="483 2184 540 2149 1024 2138 1052 2109 1081 2132 1363 2126 1432 2098 1697 2115 1737 2075 1772 2103 1933 2092 1967 2126 2025 2121 1933 2224 1904 2213 1852 2241 1766 2218 1743 2241 1616 2224 1507 2253 1444 2224 1403 2259 1340 2236 1248 2259 1179 2230 1110 2259 793 2282 765 2264 604 2293 494 2207"/></Shape>
	    <String CONTENT="אפילו חרב על צוארו של אדם לא ימנע [ש&#39;]"
                    HPOS="483.0"
                    VPOS="2075.0"
                    WIDTH="1542.0"
                    HEIGHT="218.0"></String>
          </TextLine>

          
          
          <TextLine ID="eSc_line_44e7706b"
                    
                    BASELINE="471 2322 536 2341 578 2333 663 2333 701 2341 747 2329 919 2326 1004 2318 1088 2318 1130 2326 1168 2314 1276 2303 1513 2310 1609 2295 1786 2287 1989 2287" 
                    HPOS="466.0"
                    VPOS="2230.0"
                    WIDTH="1518.0"
                    HEIGHT="201.0">
            <Shape><Polygon POINTS="466 2316 529 2241 621 2299 765 2270 1121 2264 1185 2230 1311 2264 1933 2230 1984 2282 1927 2356 1887 2368 1639 2391 1524 2345 1455 2385 1329 2391 1306 2368 1173 2397 1133 2374 1047 2408 891 2385 863 2414 747 2431 581 2420 471 2322"/></Shape>
	    <String CONTENT="עצמו מן הרחמים שנ&#39; ויסב חזקיהו פניו אל"
                    HPOS="466.0"
                    VPOS="2230.0"
                    WIDTH="1518.0"
                    HEIGHT="201.0"></String>
          </TextLine>

          
          
          <TextLine ID="eSc_line_c312084a"
                    
                    BASELINE="475 2464 866 2464 904 2456 1069 2460 1318 2444 1452 2444 1533 2433 1717 2425 1954 2429 2015 2418" 
                    HPOS="471.0"
                    VPOS="2351.0"
                    WIDTH="1542.0"
                    HEIGHT="207.0">
            <Shape><Polygon POINTS="471 2460 529 2385 569 2425 759 2431 868 2414 897 2385 1018 2414 1449 2397 1530 2351 1570 2385 1944 2368 2013 2414 1950 2512 1795 2506 1760 2483 1587 2523 1501 2500 1421 2529 1329 2500 1271 2535 1167 2517 1121 2540 1081 2512 1047 2546 1012 2529 701 2558 644 2523 615 2552 529 2552 477 2500"/></Shape>
	    <String CONTENT="הקיר ויתפלל שאר בני אדם על אחת כמה וכמ&#39;"
                    HPOS="471.0"
                    VPOS="2351.0"
                    WIDTH="1542.0"
                    HEIGHT="207.0"></String>
          </TextLine>

          
          
          <TextLine ID="eSc_line_6406451e"
                    
                    BASELINE="444 2598 1034 2598 1349 2579 1529 2579 1575 2586 1617 2575 1717 2563 1862 2563 2015 2571" 
                    HPOS="443.0"
                    VPOS="2489.0"
                    WIDTH="1570.0"
                    HEIGHT="206.0">
            <Shape><Polygon POINTS="443 2592 506 2552 621 2552 644 2529 730 2558 1029 2546 1081 2506 1121 2540 1173 2512 1277 2540 1317 2506 1375 2535 1495 2506 1639 2529 1703 2489 1915 2494 2013 2569 1950 2644 1910 2603 1858 2649 1749 2609 1651 2661 1547 2632 1363 2684 1294 2644 1271 2672 1179 2678 1144 2649 978 2684 673 2695 638 2661 535 2678 448 2598"/></Shape>
	    <String CONTENT="ד&#39;א&#39; ˙ ויאמר ייי רב לך אמ&#39; לו משה הרבה לך בידי"
                    HPOS="443.0"
                    VPOS="2489.0"
                    WIDTH="1570.0"
                    HEIGHT="206.0"></String>
          </TextLine>

          
          
          <TextLine ID="eSc_line_002a3276"
                    
                    BASELINE="490 2720 996 2728 1172 2724 1214 2717 1513 2720 1559 2713 1682 2709 1720 2701 2000 2705" 
                    HPOS="489.0"
                    VPOS="2609.0"
                    WIDTH="1507.0"
                    HEIGHT="219.0">
            <Shape><Polygon POINTS="489 2718 627 2661 667 2701 978 2690 1035 2655 1075 2678 1133 2661 1357 2684 1507 2667 1536 2638 1587 2667 1697 2667 1754 2609 1800 2649 1869 2649 1915 2609 1996 2701 1961 2759 1921 2753 1875 2793 1737 2799 1668 2770 1628 2810 1495 2816 1340 2805 1317 2782 978 2816 897 2793 868 2822 776 2793 747 2822 673 2828 644 2805 621 2828 494 2730"/></Shape>
	    <String CONTENT="לעולם הבא כאדם שאמ&#39; לחבירו הרבה לך"
                    HPOS="489.0"
                    VPOS="2609.0"
                    WIDTH="1507.0"
                    HEIGHT="219.0"></String>
          </TextLine>

          
          
          <TextLine ID="eSc_line_b9281908"
                    
                    BASELINE="521 2851 1605 2858 1805 2843 1996 2843" 
                    HPOS="517.0"
                    VPOS="2770.0"
                    WIDTH="1473.0"
                    HEIGHT="190.0">
            <Shape><Polygon POINTS="517 2845 575 2799 621 2839 650 2816 742 2828 776 2793 874 2816 903 2787 949 2816 1185 2793 1553 2816 1634 2805 1668 2770 1714 2799 1927 2787 1990 2839 1938 2920 1823 2897 1783 2925 1582 2943 1541 2914 1484 2943 1444 2902 1403 2943 1346 2914 1196 2943 1012 2937 955 2902 868 2943 793 2920 707 2954 673 2925 638 2960 592 2914 558 2931 523 2908"/></Shape>
	    <String CONTENT="בידי אל תביישיני ˙ ד&#39;א&#39; ויאמר ייי אלי רב לך"
                    HPOS="517.0"
                    VPOS="2770.0"
                    WIDTH="1473.0"
                    HEIGHT="190.0"></String>
          </TextLine>

          
          
          <TextLine ID="eSc_line_b149718a"
                    
                    BASELINE="494 2985 594 2996 1096 2992 1145 3000 1184 2989 1410 2985 1460 2977 2008 2981" 
                    HPOS="489.0"
                    VPOS="2902.0"
                    WIDTH="1518.0"
                    HEIGHT="179.0">
            <Shape><Polygon POINTS="489 2983 581 2914 661 2960 684 2937 886 2943 949 2908 1006 2937 1409 2937 1444 2902 1478 2937 1530 2908 1564 2937 1933 2920 2007 2977 1950 3046 1829 3029 1795 3063 1357 3069 1311 3040 1237 3040 1202 3063 989 3052 811 3081 776 3052 638 3081 558 3069 494 3006"/></Shape>
	    <String CONTENT="באדם שאומ&#39; לחבירו עובר פלוני דרך על פלונו"
                    HPOS="489.0"
                    VPOS="2902.0"
                    WIDTH="1518.0"
                    HEIGHT="179.0"></String>
          </TextLine>

          
          
          <TextLine ID="eSc_line_d8a8d787"
                    
                    BASELINE="509 3104 567 3123 617 3115 1314 3119 1418 3111 1659 3107 1697 3100 1985 3104" 
                    HPOS="506.0"
                    VPOS="3029.0"
                    WIDTH="1478.0"
                    HEIGHT="184.0">
            <Shape><Polygon POINTS="506 3098 563 3069 673 3086 696 3063 811 3086 1156 3052 1265 3069 1294 3040 1346 3069 1800 3063 1835 3029 1967 3052 1984 3098 1967 3161 1915 3196 1363 3207 1311 3178 1225 3207 1150 3173 1116 3207 1035 3190 983 3213 949 3178 897 3213 621 3213 512 3127"/></Shape>
	    <String CONTENT="אלתוסף מיכן היה ר&#39; אליעז בן יעקב אומ&#39; יפה"
                    HPOS="506.0"
                    VPOS="3029.0"
                    WIDTH="1478.0"
                    HEIGHT="184.0"></String>
          </TextLine>

          
          
          <TextLine ID="eSc_line_a68cc71c"
                    
                    BASELINE="505 3245 647 3238 686 3245 1023 3249 1579 3245 1770 3238 2004 3242" 
                    HPOS="500.0"
                    VPOS="3178.0"
                    WIDTH="1502.0"
                    HEIGHT="161.0">
            <Shape><Polygon POINTS="500 3242 569 3201 1093 3213 1162 3178 1214 3207 1357 3213 1950 3190 2002 3236 1904 3322 1818 3328 1760 3299 1737 3322 1478 3339 1398 3311 1340 3334 1110 3311 1075 3334 960 3334 851 3305 817 3328 736 3305 621 3328 517 3242"/></Shape>
	    <String CONTENT="שעה אחת בתפילה יותר ממעשיהם טונים"
                    HPOS="500.0"
                    VPOS="3178.0"
                    WIDTH="1502.0"
                    HEIGHT="161.0"></String>
          </TextLine>

          
          
          <TextLine ID="eSc_line_42489696"
                    
                    BASELINE="517 3364 804 3380 1732 3380 1996 3357" 
                    HPOS="512.0"
                    VPOS="3305.0"
                    WIDTH="1478.0"
                    HEIGHT="166.0">
            <Shape><Polygon POINTS="512 3362 569 3305 719 3345 845 3305 955 3334 1104 3305 1340 3328 1392 3305 1438 3334 1593 3339 1777 3305 1806 3334 1950 3328 1990 3351 1938 3437 1858 3466 1524 3466 1380 3420 1346 3454 1254 3454 1219 3426 1185 3460 1139 3437 1029 3466 880 3443 782 3471 742 3437 701 3466 575 3460 517 3403"/></Shape>
	    <String CONTENT="שכל מעשין של משה לא נאמ&#39; לו עלה"
                    HPOS="512.0"
                    VPOS="3305.0"
                    WIDTH="1478.0"
                    HEIGHT="166.0"></String>
          </TextLine>

          
          
          <TextLine ID="eSc_line_3f8b0b58"
                    
                    BASELINE="517 3502 617 3510 659 3521 755 3514 1832 3517 1962 3514 2046 3487" 
                    HPOS="512.0"
                    VPOS="3420.0"
                    WIDTH="1530.0"
                    HEIGHT="195.0">
            <Shape><Polygon POINTS="512 3500 609 3454 701 3466 730 3437 776 3471 828 3449 1098 3471 1127 3443 1179 3466 1214 3431 1340 3466 1386 3420 1484 3466 1875 3466 1938 3437 1990 3489 2042 3483 2031 3529 1961 3598 1921 3604 1858 3575 1823 3598 1754 3575 1708 3604 1472 3598 1432 3558 1386 3598 1346 3575 1300 3604 1139 3604 1116 3581 1035 3615 932 3586 886 3609 828 3581 776 3604 736 3569 655 3598 540 3506"/></Shape>
	    <String CONTENT="ובדבר הזה נאמ&#39; לו עלה מיכן היה ו&#39; אליעזר"
                    HPOS="512.0"
                    VPOS="3420.0"
                    WIDTH="1530.0"
                    HEIGHT="195.0"></String>
          </TextLine>

          
          
          <TextLine ID="eSc_line_287bb14f"
                    
                    BASELINE="555 3640 613 3636 697 3644 870 3648 919 3659 1088 3652 2000 3652" 
                    HPOS="552.0"
                    VPOS="3558.0"
                    WIDTH="1444.0"
                    HEIGHT="184.0">
            <Shape><Polygon POINTS="552 3638 609 3563 673 3604 736 3575 788 3609 834 3575 874 3609 920 3586 943 3609 1093 3615 1380 3604 1426 3558 1478 3604 1956 3604 1996 3650 1956 3724 1846 3707 1754 3742 1645 3719 1231 3736 1196 3701 1127 3742 966 3719 920 3742 753 3696 701 3736 558 3690"/></Shape>
	    <String CONTENT="בן יעקב אומ&#39; כל העומדים בחוצה לארץפ&#39;"
                    HPOS="552.0"
                    VPOS="3558.0"
                    WIDTH="1444.0"
                    HEIGHT="184.0"></String>
          </TextLine>

          
          
          <TextLine ID="eSc_line_4b60b5e1"
                    
                    BASELINE="509 3767 647 3778 908 3774 1000 3782 1199 3786 1770 3786 1866 3774 2015 3778" 
                    HPOS="506.0"
                    VPOS="3701.0"
                    WIDTH="1507.0"
                    HEIGHT="184.0">
            <Shape><Polygon POINTS="506 3765 575 3713 707 3747 747 3707 811 3736 1075 3747 1156 3736 1190 3701 1225 3736 1311 3742 1961 3730 2013 3776 1984 3885 1904 3862 1766 3880 1737 3851 1703 3880 1674 3851 1576 3868 1530 3839 1444 3862 1248 3845 1214 3874 1167 3845 1075 3874 799 3874 753 3845 713 3874 684 3851 569 3862 512 3805"/></Shape>
	    <String CONTENT="הופכין פניהם כנגדארץ ישר&#39; ומתפללין [שנ&#39;]"
                    HPOS="506.0"
                    VPOS="3701.0"
                    WIDTH="1507.0"
                    HEIGHT="184.0"></String>
          </TextLine>

          
          
          <TextLine ID="eSc_line_526f0e58"
                    
                    BASELINE="532 3901 597 3897 636 3905 781 3908 831 3916 1529 3912 1659 3920 1797 3920 1847 3931 1889 3920 2031 3920" 
                    HPOS="529.0"
                    VPOS="3845.0"
                    WIDTH="1496.0"
                    HEIGHT="161.0">
            <Shape><Polygon POINTS="529 3897 575 3857 667 3851 1047 3874 1150 3845 1219 3880 1524 3845 1593 3880 1662 3857 1697 3885 1731 3857 1760 3885 1910 3868 2025 3914 1967 4006 1564 4006 1524 3972 1375 4006 1306 3977 1219 4000 1185 3972 1144 4000 1018 4000 989 3977 960 4006 874 4006 828 3966 782 3995 667 3989 535 3903"/></Shape>
	    <String CONTENT="והת פללו אל ייי דרך ארצם העומרים בארץ"
                    HPOS="529.0"
                    VPOS="3845.0"
                    WIDTH="1496.0"
                    HEIGHT="161.0"></String>
          </TextLine>

          
          
          <TextLine ID="eSc_line_3705886d"
                    
                    BASELINE="521 4023 670 4039 958 4035 1460 4054 1954 4054 2008 4042" 
                    HPOS="517.0"
                    VPOS="3937.0"
                    WIDTH="1490.0"
                    HEIGHT="207.0">
            <Shape><Polygon POINTS="517 4018 575 3943 615 3937 673 3995 782 4000 828 3972 868 4012 966 4012 995 3983 1127 4006 1311 3983 1357 4006 1864 3995 1961 4000 2007 4041 1910 4127 1823 4098 1766 4144 1260 4133 1225 4110 1041 4127 995 4104 955 4133 655 4127 581 4104 523 4041"/></Shape>
	    <String CONTENT="ישר&#39; הופכין פניהם כנגד ירושלים שנ&#39; והתפללו"
                    HPOS="517.0"
                    VPOS="3937.0"
                    WIDTH="1490.0"
                    HEIGHT="207.0"></String>
          </TextLine>

          
          
          <TextLine ID="eSc_line_b7c69fff"
                    
                    BASELINE="548 4165 689 4157 820 4157 870 4165 1030 4169 1073 4177 1973 4173 2027 4180" 
                    HPOS="546.0"
                    VPOS="4098.0"
                    WIDTH="1479.0"
                    HEIGHT="184.0">
            <Shape><Polygon POINTS="546 4161 581 4104 1622 4150 1783 4144 1835 4098 1887 4133 1956 4127 2025 4179 1950 4253 1864 4248 1749 4282 1639 4242 1605 4271 1260 4265 1214 4236 932 4253 863 4213 811 4248 730 4213 667 4248 609 4242 552 4184"/></Shape>
	    <String CONTENT="אל העיר הזאת העומדים בירושלים הופכין"
                    HPOS="546.0"
                    VPOS="4098.0"
                    WIDTH="1479.0"
                    HEIGHT="184.0"></String>
          </TextLine>

          
          
          <TextLine ID="eSc_line_54d03107"
                    
                    BASELINE="521 4276 820 4299 1027 4295 1322 4315 1862 4311 2023 4318" 
                    HPOS="517.0"
                    VPOS="4213.0"
                    WIDTH="1502.0"
                    HEIGHT="195.0">
            <Shape><Polygon POINTS="517 4271 586 4230 817 4253 863 4213 926 4259 1127 4242 1179 4265 1219 4242 1254 4265 1576 4271 1662 4242 1760 4282 1933 4253 2019 4316 1944 4408 1380 4397 1329 4368 1271 4403 1219 4374 1173 4397 926 4397 863 4362 581 4368 523 4316"/></Shape>
	    <String CONTENT="פניהם אל בית המקדש שנ&#39; והתפלל אל הכות"
                    HPOS="517.0"
                    VPOS="4213.0"
                    WIDTH="1502.0"
                    HEIGHT="195.0"></String>
          </TextLine>

          
          
          <TextLine ID="eSc_line_1394d14f"
                    
                    BASELINE="540 4418 693 4418 843 4437 1096 4433 1142 4441 1364 4453 2035 4453" 
                    HPOS="535.0"
                    VPOS="4357.0"
                    WIDTH="1496.0"
                    HEIGHT="189.0">
            <Shape><Polygon POINTS="535 4414 575 4362 627 4357 891 4374 920 4397 1219 4380 1518 4408 1967 4403 2031 4449 1979 4529 1927 4500 1864 4535 1703 4546 1576 4512 1518 4535 1185 4512 1133 4529 1087 4500 1041 4529 776 4518 747 4489 667 4506 627 4466 569 4489 540 4460"/></Shape>
	    <String CONTENT="הזה העומדים בבית המקדש מכוונין את"
                    HPOS="535.0"
                    VPOS="4357.0"
                    WIDTH="1496.0"
                    HEIGHT="189.0"></String>
          </TextLine>

          
          
          <TextLine ID="eSc_line_489eaa11"
                    
                    BASELINE="532 4545 636 4560 720 4556 946 4564 1042 4575 1345 4571 1517 4583 1613 4583 1651 4591 1924 4591 2027 4579" 
                    HPOS="529.0"
                    VPOS="4483.0"
                    WIDTH="1496.0"
                    HEIGHT="201.0">
            <Shape><Polygon POINTS="529 4541 604 4483 673 4518 747 4489 770 4512 966 4529 1616 4523 1777 4552 1938 4506 2025 4575 1967 4650 1766 4684 1708 4638 1668 4673 1582 4661 1553 4633 1518 4667 1472 4638 1426 4661 1248 4661 1208 4638 1001 4661 770 4633 719 4661 684 4633 592 4638 535 4587"/></Shape>
	    <String CONTENT="לבן כנגדבות קדשי הקדשים ומת פללין [שנ&#39;]"
                    HPOS="529.0"
                    VPOS="4483.0"
                    WIDTH="1496.0"
                    HEIGHT="201.0"></String>
          </TextLine>

          
          
          <TextLine ID="eSc_line_12a49325"
                    
                    BASELINE="502 4686 567 4679 816 4698 1076 4698 1303 4705 1352 4713 2000 4713" 
                    HPOS="500.0"
                    VPOS="4621.0"
                    WIDTH="1496.0"
                    HEIGHT="184.0">
            <Shape><Polygon POINTS="500 4684 558 4621 724 4656 1455 4656 1547 4690 1576 4667 1680 4673 1720 4638 1766 4679 1961 4661 1996 4707 1956 4794 1852 4805 1720 4794 1691 4765 1622 4799 1392 4794 1283 4759 1179 4794 960 4771 713 4782 609 4753 558 4771 506 4719"/></Shape>
	    <String CONTENT="ויתפללו אל המקום הזה עומדים בצפרן פניה"
                    HPOS="500.0"
                    VPOS="4621.0"
                    WIDTH="1496.0"
                    HEIGHT="184.0"></String>
          </TextLine>

          
          
          <TextLine ID="eSc_line_5fa9ea48"
                    
                    BASELINE="486 4809 893 4828 935 4836 1207 4832 1402 4843 1444 4851 1962 4847 2015 4855" 
                    HPOS="483.0"
                    VPOS="4753.0"
                    WIDTH="1530.0"
                    HEIGHT="196.0">
            <Shape><Polygon POINTS="483 4805 604 4753 707 4788 1237 4794 1277 4765 1386 4799 1657 4799 1691 4765 1749 4805 1967 4805 2013 4851 1979 4937 1823 4949 1645 4914 1323 4926 1277 4897 1196 4926 943 4903 719 4920 586 4897 506 4811"/></Shape>
	    <String CONTENT="פניהם לדרום פניהם לצפרן במזרח פניהם [למ]"
                    HPOS="483.0"
                    VPOS="4753.0"
                    WIDTH="1530.0"
                    HEIGHT="196.0"></String>
          </TextLine>

          
          
          <TextLine ID="eSc_line_61a128d7"
                    
                    BASELINE="532 4943 636 4958 801 4955 1149 4974 1283 4974 1360 4966 1406 4978 1502 4981 1548 4989 1969 4985 2031 4993" 
                    HPOS="529.0"
                    VPOS="4891.0"
                    WIDTH="1496.0"
                    HEIGHT="184.0">
            <Shape><Polygon POINTS="529 4937 632 4891 811 4926 1294 4914 1789 4932 1927 4960 1990 4943 2025 4989 1979 5058 1950 5047 1904 5075 1662 5070 1611 5047 1570 5070 1530 5029 1495 5058 1380 5070 1041 5035 914 5058 840 5024 724 5047 609 5029 535 4960"/></Shape>
	    <String CONTENT="למערב במערב פניהם למזרח נמצאו כל"
                    HPOS="529.0"
                    VPOS="4891.0"
                    WIDTH="1496.0"
                    HEIGHT="184.0"></String>
          </TextLine>

          
          
          <TextLine ID="eSc_line_d2f82084"
                    
                    BASELINE="505 5070 567 5081 697 5077 889 5096 1099 5093 1145 5100 1306 5104 1349 5112 2012 5104" 
                    HPOS="500.0"
                    VPOS="5012.0"
                    WIDTH="1507.0"
                    HEIGHT="190.0">
            <Shape><Polygon POINTS="500 5064 569 5012 1001 5064 1398 5070 1495 5058 1524 5029 1570 5075 1605 5041 1639 5064 1979 5075 2007 5098 1990 5167 1927 5202 1823 5173 1708 5173 1645 5202 1605 5162 1495 5202 1426 5167 1329 5196 1219 5162 1185 5184 1058 5162 1006 5179 978 5150 932 5173 621 5167 506 5070"/></Shape>
	    <String CONTENT="ישר&#39; מתפללין למקום אחר ˙ וראה בעיניך"
                    HPOS="500.0"
                    VPOS="5012.0"
                    WIDTH="1507.0"
                    HEIGHT="190.0"></String>
          </TextLine>

          
          
          <TextLine ID="eSc_line_7ca5214a"
                    
                    BASELINE="502 5204 1172 5234 1253 5230 1563 5250 2019 5242" 
                    HPOS="500.0"
                    VPOS="5139.0"
                    WIDTH="1513.0"
                    HEIGHT="206.0">
            <Shape><Polygon POINTS="500 5202 586 5139 621 5173 828 5184 932 5179 966 5144 1018 5184 1190 5190 1225 5162 1265 5190 1518 5207 1599 5167 1645 5207 1772 5173 1841 5207 1979 5196 2013 5236 1984 5317 1915 5299 1858 5334 1789 5305 1749 5328 1674 5305 1622 5345 1570 5299 1426 5328 1346 5288 1271 5322 1116 5294 1058 5317 926 5305 891 5276 845 5311 638 5294 609 5271 575 5282 506 5207"/></Shape>
	    <String CONTENT="משל למלך שגזר על בנו שלא יכנסבבית"
                    HPOS="500.0"
                    VPOS="5139.0"
                    WIDTH="1513.0"
                    HEIGHT="206.0"></String>
          </TextLine>

          
          
          <TextLine ID="eSc_line_b3771244"
                    
                    BASELINE="486 5326 609 5334 647 5342 747 5342 847 5357 935 5353 1184 5361 1276 5372 1360 5368 1759 5388 1920 5384 1981 5372 2073 5372" 
                    HPOS="483.0"
                    VPOS="5271.0"
                    WIDTH="1588.0"
                    HEIGHT="207.0">
            <Shape><Polygon POINTS="483 5322 529 5271 615 5271 776 5317 845 5317 897 5282 932 5322 1144 5328 1179 5294 1237 5294 1271 5334 1398 5340 1616 5345 1691 5311 1726 5351 1772 5351 1996 5322 2071 5368 2054 5443 1915 5437 1875 5472 1812 5478 1651 5455 1507 5478 1432 5449 1363 5472 955 5437 886 5455 834 5426 753 5449 632 5391 489 5386"/></Shape>
	    <String CONTENT="לינה שלו נכנס בפתח פלטרין שלו ומשכו [ומ&#39;]"
                    HPOS="483.0"
                    VPOS="5271.0"
                    WIDTH="1588.0"
                    HEIGHT="207.0"></String>
          </TextLine>

          
        </TextBlock>
        

        
      </PrintSpace>
    </Page>
  </Layout>
</alto>
