<?xml version="1.0" encoding="UTF-8"?>
<alto xmlns:xsi="http://www.w3.org/2001/XMLSchema-instance"
      xmlns="http://www.loc.gov/standards/alto/ns-v4#"
      xsi:schemaLocation="http://www.loc.gov/standards/alto/ns-v4# http://www.loc.gov/standards/alto/v4/alto-4-2.xsd">
  <Description>
    <MeasurementUnit>pixel</MeasurementUnit>
    <sourceImageInformation>
      <fileName>add_ms_16406_f218r.jpg</fileName>
      
    </sourceImageInformation>
  </Description>
  
  <Tags>
    <OtherTag ID="BT1" LABEL="Title" DESCRIPTION="block type Title"/><OtherTag ID="BT2" LABEL="Main" DESCRIPTION="block type Main"/><OtherTag ID="BT3" LABEL="Commentary" DESCRIPTION="block type Commentary"/><OtherTag ID="BT4" LABEL="Illustration" DESCRIPTION="block type Illustration"/><OtherTag ID="BT224" LABEL="Hole" DESCRIPTION="block type Hole"/><OtherTag ID="BT225" LABEL="Margin" DESCRIPTION="block type Margin"/><OtherTag ID="BT226" LABEL="Paratext" DESCRIPTION="block type Paratext"/>
    <OtherTag ID="LT2" LABEL="Numbering" DESCRIPTION="line type Numbering"/><OtherTag ID="LT3" LABEL="Correction" DESCRIPTION="line type Correction"/><OtherTag ID="LT329" LABEL="Gloss" DESCRIPTION="line type Gloss"/>
  </Tags>
  
  <Layout>
    <Page WIDTH="4720"
          HEIGHT="6651"
          PHYSICAL_IMG_NR="435"
          ID="eSc_dummypage_">
      <PrintSpace HPOS="0"
                  VPOS="0"
                  WIDTH="4720"
                  HEIGHT="6651">
        
        <TextBlock HPOS="2653.0"
                   VPOS="661.0"
                   WIDTH="1564.0"
                   HEIGHT="4803.0"
                   ID="eSc_textblock_46931ab7"
                   TAGREFS="BT2">
          <Shape><Polygon POINTS="4158 5464 4202 5376 4217 4474 4202 709 2687 661 2653 709 2653 5435 4158 5464"/></Shape>
          
          
          <TextLine ID="eSc_line_69dfade0"
                    
                    BASELINE="2672 764 3241 772 3496 787 3625 783 3733 801 3807 801 4062 831 4228 842" 
                    HPOS="2667.0"
                    VPOS="687.0"
                    WIDTH="1559.0"
                    HEIGHT="210.0">
            <Shape><Polygon POINTS="2667 759 2678 726 2745 726 2817 687 2895 687 2939 737 3366 753 3455 753 3499 709 3760 720 3799 748 3937 726 4043 731 4148 781 4198 748 4226 836 4204 897 4154 875 4087 897 3705 881 3649 848 3344 842 3289 864 3200 836 3078 859 3033 825 2934 842 2800 820 2751 842 2723 814 2673 814"/></Shape>
	    <String CONTENT="ייי אל משה דבר אל אהרן אחיך ואל [יב&#39;]"
                    HPOS="2667.0"
                    VPOS="687.0"
                    WIDTH="1559.0"
                    HEIGHT="210.0"></String>
          </TextLine>

          
          
          <TextLine ID="eSc_line_a615daae"
                    
                    BASELINE="2627 894 2679 912 2716 908 3049 923 3089 920 3437 938 3570 953 3699 949 3795 964 3877 968 3925 986 4010 982 4154 997 4283 990" 
                    HPOS="2623.0"
                    VPOS="853.0"
                    WIDTH="1658.0"
                    HEIGHT="238.0">
            <Shape><Polygon POINTS="2623 892 2667 897 2712 859 3183 859 3300 897 3538 897 3649 853 3699 903 3843 920 3915 886 3960 931 4176 947 4231 986 4281 986 4181 1086 4087 1091 3921 1064 3888 1025 3766 1069 3721 1030 3632 1019 3499 1041 3449 981 3372 1025 3300 997 3089 1008 3067 986 2967 1014 2922 975 2867 1014 2839 981 2706 992 2651 931 2629 936"/></Shape>
	    <String CONTENT="יבוא בכל עת אל הקודש אם בא מת הוא"
                    HPOS="2623.0"
                    VPOS="853.0"
                    WIDTH="1658.0"
                    HEIGHT="238.0"></String>
          </TextLine>

          
          
          <TextLine ID="eSc_line_03d288fb"
                    
                    BASELINE="2694 1053 2842 1053 3056 1071 3226 1067 3407 1082 3537 1082 3677 1101 3758 1097 3866 1112 3947 1115 3984 1134 4021 1126 4069 1126 4113 1130 4165 1145 4272 1138" 
                    HPOS="2690.0"
                    VPOS="981.0"
                    WIDTH="1580.0"
                    HEIGHT="243.0">
            <Shape><Polygon POINTS="2690 1047 2739 1014 2945 1003 3272 1025 3305 1003 3388 1030 3449 981 3499 1041 3721 1036 3766 1069 3838 1047 3899 1075 4170 1091 4270 1136 4176 1224 4082 1224 3965 1208 3926 1169 3865 1197 3804 1186 3766 1147 3677 1180 3594 1169 3560 1136 3505 1169 3444 1136 3361 1169 3316 1136 3266 1152 2934 1125 2834 1125 2756 1158 2695 1086"/></Shape>
	    <String CONTENT="שנאמר אל יבא ואל ימות אם בא מת [ה&#39;]"
                    HPOS="2690.0"
                    VPOS="981.0"
                    WIDTH="1580.0"
                    HEIGHT="243.0"></String>
          </TextLine>

          
          
          <TextLine ID="eSc_line_eaff942c"
                    
                    BASELINE="2735 1178 2875 1189 3034 1186 3308 1204 3345 1200 3515 1219 3596 1215 3659 1226 3788 1234 3836 1252 3962 1245 3999 1259 4257 1271" 
                    HPOS="2734.0"
                    VPOS="1130.0"
                    WIDTH="1520.0"
                    HEIGHT="233.0">
            <Shape><Polygon POINTS="2734 1175 2817 1136 2917 1130 3311 1147 3361 1169 3494 1169 3549 1136 3594 1175 4204 1224 4254 1269 4226 1363 4132 1335 3982 1341 3943 1313 3888 1335 3854 1296 3788 1319 3699 1296 3577 1313 3544 1280 3444 1296 3416 1263 3350 1291 3216 1274 3189 1247 3083 1269 3006 1208 2950 1258 2867 1269 2834 1235 2773 1247 2739 1219"/></Shape>
	    <String CONTENT="הוא כדרך שמת פלוני לכך נאמר אחרי"
                    HPOS="2734.0"
                    VPOS="1130.0"
                    WIDTH="1520.0"
                    HEIGHT="233.0"></String>
          </TextLine>

          
          
          <TextLine ID="eSc_line_75e74594"
                    
                    BASELINE="2716 1315 2779 1315 2820 1326 2908 1319 3123 1319 3245 1341 3400 1333 3540 1348 3677 1352 3792 1367 3829 1363 3940 1378 4021 1378 4124 1396 4228 1389" 
                    HPOS="2712.0"
                    VPOS="1213.0"
                    WIDTH="1514.0"
                    HEIGHT="277.0">
            <Shape><Polygon POINTS="2712 1313 2784 1269 2945 1269 3006 1213 3089 1274 3172 1241 3222 1285 3960 1324 4181 1346 4226 1385 4209 1463 4098 1490 4015 1452 3971 1474 3943 1435 3888 1468 3771 1452 3743 1424 3549 1435 3516 1407 3477 1424 3444 1396 3344 1418 3211 1368 3039 1407 2989 1368 2945 1402 2900 1380 2789 1424 2717 1352"/></Shape>
	    <String CONTENT="מות שני בני אהרן ˙ ויאמר ייי אל משה"
                    HPOS="2712.0"
                    VPOS="1213.0"
                    WIDTH="1514.0"
                    HEIGHT="277.0"></String>
          </TextLine>

          
          
          <TextLine ID="eSc_line_3b8e69f4"
                    
                    BASELINE="2757 1444 2916 1455 3078 1452 3175 1463 3215 1474 3260 1466 3430 1466 3540 1489 3622 1481 3736 1500 3818 1492 3862 1514 3947 1511 3999 1529 4076 1526 4254 1544" 
                    HPOS="2756.0"
                    VPOS="1380.0"
                    WIDTH="1492.0"
                    HEIGHT="243.0">
            <Shape><Polygon POINTS="2756 1441 2989 1380 3028 1407 3449 1407 3477 1435 3521 1418 3876 1468 3937 1435 3965 1474 4010 1457 4059 1490 4154 1490 4248 1540 4170 1618 4082 1623 4048 1590 3960 1607 3932 1568 3865 1596 3693 1568 3666 1585 3555 1524 3510 1562 3488 1535 3361 1551 3289 1518 3244 1546 3072 1546 2961 1513 2861 1551 2762 1457"/></Shape>
	    <String CONTENT="דבר אל אהרן אחיך ואל יבא בכל עת ˙"
                    HPOS="2756.0"
                    VPOS="1380.0"
                    WIDTH="1492.0"
                    HEIGHT="243.0"></String>
          </TextLine>

          
          
          <TextLine ID="eSc_line_bb6cd684"
                    
                    BASELINE="2664 1577 2801 1588 2934 1585 3175 1603 3345 1599 3444 1614 3563 1614 3607 1625 3733 1633 3814 1647 3892 1644 3999 1662 4172 1662 4257 1681" 
                    HPOS="2662.0"
                    VPOS="1513.0"
                    WIDTH="1592.0"
                    HEIGHT="249.0">
            <Shape><Polygon POINTS="2662 1574 2767 1513 2823 1546 2911 1551 2972 1524 3011 1557 3050 1529 3505 1568 3555 1524 3621 1579 3888 1596 3926 1574 4015 1618 4176 1612 4254 1679 4154 1762 4098 1734 3954 1745 3899 1707 3793 1729 3638 1718 3566 1701 3538 1668 3483 1701 3394 1701 3355 1662 2878 1679 2745 1657 2673 1579"/></Shape>
	    <String CONTENT="משום ר&#39; ישמעאל אמרו הואיל ונאמרו"
                    HPOS="2662.0"
                    VPOS="1513.0"
                    WIDTH="1592.0"
                    HEIGHT="249.0"></String>
          </TextLine>

          
          
          <TextLine ID="eSc_line_f1882b1b"
                    
                    BASELINE="2694 1721 2827 1729 2868 1736 3178 1732 3378 1751 3463 1747 3548 1755 3603 1766 3725 1762 3762 1773 3851 1780 3888 1777 3962 1795 4124 1792 4228 1799" 
                    HPOS="2690.0"
                    VPOS="1646.0"
                    WIDTH="1536.0"
                    HEIGHT="243.0">
            <Shape><Polygon POINTS="2690 1718 2706 1646 2800 1684 3316 1673 3416 1707 3538 1696 3638 1723 4104 1745 4226 1795 4143 1878 4098 1889 3960 1845 3876 1862 3505 1829 3472 1801 3438 1823 3355 1801 3100 1823 2800 1812 2695 1751"/></Shape>
	    <String CONTENT="שתי דיברות ביד משה אחד פתוח ואחד ˙"
                    HPOS="2690.0"
                    VPOS="1646.0"
                    WIDTH="1536.0"
                    HEIGHT="243.0"></String>
          </TextLine>

          
          
          <TextLine ID="eSc_line_d4057b92"
                    
                    BASELINE="2701 1854 2857 1869 3311 1865 3407 1877 3452 1888 3500 1880 3625 1880 3666 1888 3873 1902 3914 1914 4039 1910 4076 1928 4213 1921" 
                    HPOS="2695.0"
                    VPOS="1801.0"
                    WIDTH="1514.0"
                    HEIGHT="205.0">
            <Shape><Polygon POINTS="2695 1851 2867 1806 3161 1829 3355 1806 3433 1829 3472 1801 3505 1834 4071 1873 4209 1917 4154 2006 3987 2006 3943 1973 3865 1995 3810 1967 3294 1945 3250 1912 3211 1945 3139 1950 2917 1950 2856 1912 2795 1945 2701 1856"/></Shape>
	    <String CONTENT="סתום ילמד פתוח על הסתום מה פתוח"
                    HPOS="2695.0"
                    VPOS="1801.0"
                    WIDTH="1514.0"
                    HEIGHT="205.0"></String>
          </TextLine>

          
          
          <TextLine ID="eSc_line_03865117"
                    
                    BASELINE="2701 1976 2923 2002 3300 1998 3452 2017 3588 2017 3625 2010 3673 2024 3718 2028 3818 2024 3873 2047 3951 2047 3995 2039 4043 2058 4084 2061 4165 2061 4213 2050" 
                    HPOS="2695.0"
                    VPOS="1912.0"
                    WIDTH="1514.0"
                    HEIGHT="232.0">
            <Shape><Polygon POINTS="2695 1973 2762 1917 2817 1945 2850 1912 2906 1956 3205 1950 3250 1917 3294 1950 4137 2011 4209 2045 4165 2139 4115 2122 4054 2144 4015 2111 3949 2133 3638 2083 3571 2100 3544 2072 3377 2089 3316 2045 3266 2078 3144 2061 3061 2089 2989 2056 2906 2095 2867 2072 2784 2078 2701 1995"/></Shape>
	    <String CONTENT="דיבר ביד משה שיאמר לאהרן על [ביא&#39;]"
                    HPOS="2695.0"
                    VPOS="1912.0"
                    WIDTH="1514.0"
                    HEIGHT="232.0"></String>
          </TextLine>

          
          
          <TextLine ID="eSc_line_33f8a335"
                    
                    BASELINE="2724 2124 2812 2135 3189 2135 3226 2128 3271 2139 3356 2143 3393 2150 3611 2146 3762 2165 3847 2165 3914 2180 4084 2176 4213 2198" 
                    HPOS="2723.0"
                    VPOS="2056.0"
                    WIDTH="1486.0"
                    HEIGHT="216.0">
            <Shape><Polygon POINTS="2723 2122 2778 2083 3277 2083 3305 2056 3366 2095 3538 2078 3582 2106 3721 2100 4048 2144 4115 2128 4209 2194 4154 2272 4037 2272 3893 2255 3849 2211 3804 2250 3743 2222 3544 2233 3505 2189 3466 2222 3377 2222 3316 2189 3250 2217 3183 2189 3133 2222 3028 2194 2972 2222 2784 2211 2728 2156"/></Shape>
	    <String CONTENT="ביאת הקדש אף סתום דיבר ביד משה"
                    HPOS="2723.0"
                    VPOS="2056.0"
                    WIDTH="1486.0"
                    HEIGHT="216.0"></String>
          </TextLine>

          
          
          <TextLine ID="eSc_line_69c504ea"
                    
                    BASELINE="2657 2253 2831 2261 2879 2272 3012 2265 3175 2268 3211 2261 3378 2283 3581 2279 3747 2294 3877 2298 3991 2313 4113 2313 4198 2324" 
                    HPOS="2656.0"
                    VPOS="2194.0"
                    WIDTH="1537.0"
                    HEIGHT="216.0">
            <Shape><Polygon POINTS="2656 2250 2712 2205 3472 2228 3505 2194 3599 2239 3804 2244 3843 2211 3893 2261 4154 2277 4193 2322 4176 2383 4076 2410 3854 2377 3832 2355 3671 2372 3638 2338 3527 2372 3361 2355 3327 2327 3277 2361 3228 2338 3144 2361 3067 2322 3017 2355 2917 2333 2723 2350 2662 2289"/></Shape>
	    <String CONTENT="שיאמר לאהרן על ביאת הקודש ואיזה"
                    HPOS="2656.0"
                    VPOS="2194.0"
                    WIDTH="1537.0"
                    HEIGHT="216.0"></String>
          </TextLine>

          
          
          <TextLine ID="eSc_line_130d4d9a"
                    
                    BASELINE="2672 2383 2724 2401 3093 2398 3289 2416 3463 2412 3500 2416 3537 2409 3644 2427 3862 2427 3925 2442 4184 2446" 
                    HPOS="2667.0"
                    VPOS="2327.0"
                    WIDTH="1514.0"
                    HEIGHT="217.0">
            <Shape><Polygon POINTS="2667 2377 2701 2383 2745 2344 3272 2361 3305 2327 3355 2361 3577 2372 3627 2333 3671 2377 4143 2405 4181 2444 4159 2544 4059 2510 3982 2527 3926 2494 3854 2516 3804 2466 3732 2510 3582 2466 3538 2505 3477 2466 3383 2499 3322 2455 3261 2488 3144 2494 3105 2460 3028 2488 2789 2488 2673 2388"/></Shape>
	    <String CONTENT="זה זה דיבר של יין ושל שכר שנאמר"
                    HPOS="2667.0"
                    VPOS="2327.0"
                    WIDTH="1514.0"
                    HEIGHT="217.0"></String>
          </TextLine>

          
          
          <TextLine ID="eSc_line_60c22098"
                    
                    BASELINE="2657 2534 2716 2531 2934 2538 3016 2549 3300 2545 3503 2564 3670 2560 3766 2579 3851 2575 3980 2579 4121 2593 4213 2586" 
                    HPOS="2656.0"
                    VPOS="2460.0"
                    WIDTH="1553.0"
                    HEIGHT="211.0">
            <Shape><Polygon POINTS="2656 2532 2739 2460 2795 2488 3078 2477 3100 2499 3333 2471 3433 2499 3466 2471 3516 2510 3582 2471 3693 2516 3804 2466 3860 2527 4059 2521 4209 2582 4181 2671 4076 2671 3954 2638 3838 2660 3793 2627 3721 2649 3643 2649 3610 2621 3533 2643 3383 2632 3333 2582 3272 2632 3155 2604 3072 2632 3011 2588 2972 2627 2839 2621 2800 2593 2723 2643 2662 2577"/></Shape>
	    <String CONTENT="ואחיכם כל בית ישראל יבכו את השריפ&#39;"
                    HPOS="2656.0"
                    VPOS="2460.0"
                    WIDTH="1553.0"
                    HEIGHT="211.0"></String>
          </TextLine>

          
          
          <TextLine ID="eSc_line_947039e0"
                    
                    BASELINE="2712 2664 2919 2664 3119 2682 3374 2682 3418 2675 3455 2686 3503 2686 3544 2697 3710 2693 3847 2701 3917 2712 4209 2704" 
                    HPOS="2706.0"
                    VPOS="2577.0"
                    WIDTH="1498.0"
                    HEIGHT="216.0">
            <Shape><Polygon POINTS="2706 2660 2789 2621 2972 2627 3011 2593 3056 2632 3272 2632 3327 2577 3383 2632 3499 2649 3943 2638 3971 2665 4132 2665 4204 2699 4187 2787 4137 2771 4021 2793 3971 2754 3893 2749 3799 2787 3760 2754 3488 2776 3466 2754 3383 2765 3327 2732 3261 2760 3144 2743 3089 2765 3050 2726 2995 2754 2845 2760 2712 2671"/></Shape>
	    <String CONTENT="וידבר ייי אל משה ואל אהרן לאמר"
                    HPOS="2706.0"
                    VPOS="2577.0"
                    WIDTH="1498.0"
                    HEIGHT="216.0"></String>
          </TextLine>

          
          
          <TextLine ID="eSc_line_6cf7fba4"
                    
                    BASELINE="2679 2789 2834 2800 2919 2797 3186 2815 3396 2811 3526 2826 3740 2826 3880 2841 4184 2841 4235 2848" 
                    HPOS="2678.0"
                    VPOS="2721.0"
                    WIDTH="1553.0"
                    HEIGHT="216.0">
            <Shape><Polygon POINTS="2678 2787 2690 2754 2751 2721 2839 2760 3000 2754 3050 2726 3089 2765 3183 2771 3283 2749 3460 2776 3727 2765 3760 2793 3882 2776 3937 2798 4181 2804 4220 2782 4231 2843 4176 2909 4098 2937 4076 2915 3888 2920 3849 2876 3760 2920 3677 2876 3638 2909 3494 2909 3449 2865 3377 2898 3283 2876 3233 2898 3194 2871 3133 2898 3022 2854 2978 2893 2934 2893 2895 2859 2756 2876 2684 2810"/></Shape>
	    <String CONTENT="יין ושכר אל תשת ˙ אחיך בכל יבא [א&#39;]"
                    HPOS="2678.0"
                    VPOS="2721.0"
                    WIDTH="1553.0"
                    HEIGHT="216.0"></String>
          </TextLine>

          
          
          <TextLine ID="eSc_line_dfee0b03"
                    
                    BASELINE="2687 2937 2738 2930 2979 2930 3230 2948 3426 2944 3559 2963 3773 2963 3862 2956 3925 2974 3973 2978 4184 2974 4232 2981" 
                    HPOS="2684.0"
                    VPOS="2859.0"
                    WIDTH="1547.0"
                    HEIGHT="217.0">
            <Shape><Polygon POINTS="2684 2931 2734 2865 2806 2882 2878 2859 2917 2893 3050 2876 3261 2904 3449 2882 3477 2909 3610 2909 3649 2931 3693 2904 4082 2937 4165 2920 4231 2976 4170 3059 4048 3076 3943 3037 3710 3053 3660 3015 3560 3048 3438 3020 3294 3037 3266 3009 3216 3031 2917 3026 2834 2987 2751 3020 2690 2959"/></Shape>
	    <String CONTENT="אין משה בכל יבא ואין הבנים בכל [יבו&#39;]"
                    HPOS="2684.0"
                    VPOS="2859.0"
                    WIDTH="1547.0"
                    HEIGHT="217.0"></String>
          </TextLine>

          
          
          <TextLine ID="eSc_line_95451a3b"
                    
                    BASELINE="2672 3066 2735 3063 2772 3070 3064 3081 3274 3077 3455 3096 3622 3096 3714 3089 3755 3103 3807 3107 3980 3107 4139 3125 4243 3114" 
                    HPOS="2667.0"
                    VPOS="3009.0"
                    WIDTH="1570.0"
                    HEIGHT="200.0">
            <Shape><Polygon POINTS="2667 3065 2728 3020 2834 3009 3200 3042 3438 3026 3577 3048 3605 3026 3727 3059 3827 3037 3976 3076 4170 3070 4237 3109 4159 3198 4104 3209 4032 3198 3960 3142 3893 3181 3749 3153 3705 3175 3582 3159 3505 3181 3377 3131 3300 3181 3255 3131 3211 3164 2850 3142 2778 3159 2717 3148 2673 3098"/></Shape>
	    <String CONTENT="יבואו אמ&#39; ר&#39; אלעזר ודין הוא ומה אם"
                    HPOS="2667.0"
                    VPOS="3009.0"
                    WIDTH="1570.0"
                    HEIGHT="200.0"></String>
          </TextLine>

          
          
          <TextLine ID="eSc_line_bf377c88"
                    
                    BASELINE="2676 3199 2731 3218 2768 3210 3193 3210 3333 3225 3592 3225 3829 3244 4032 3244 4069 3236 4106 3258 4187 3258 4239 3247" 
                    HPOS="2673.0"
                    VPOS="3131.0"
                    WIDTH="1564.0"
                    HEIGHT="205.0">
            <Shape><Polygon POINTS="2673 3198 2723 3148 3211 3170 3255 3137 3305 3175 3388 3131 3427 3170 3505 3186 3610 3170 3760 3192 3804 3164 3921 3170 3954 3142 4032 3209 4176 3198 4237 3242 4159 3331 4065 3292 3993 3336 3949 3286 3810 3331 3582 3314 3527 3270 3477 3319 3388 3281 3222 3308 3161 3292 3122 3314 2812 3286 2778 3253 2723 3281 2678 3236"/></Shape>
	    <String CONTENT="מי [שלא] (ש)נצטווה שלא לבא נצטווה [ש&#39;]"
                    HPOS="2673.0"
                    VPOS="3131.0"
                    WIDTH="1564.0"
                    HEIGHT="205.0"></String>
          </TextLine>

          
          
          <TextLine ID="eSc_line_89029a8f"
                    
                    BASELINE="2676 3332 2827 3347 3038 3347 3200 3362 3503 3358 3677 3377 4039 3377 4084 3369 4136 3392 4243 3395" 
                    HPOS="2673.0"
                    VPOS="3264.0"
                    WIDTH="1564.0"
                    HEIGHT="205.0">
            <Shape><Polygon POINTS="2673 3331 2773 3264 2806 3292 3050 3314 3322 3314 3411 3292 3505 3342 3549 3308 3888 3325 3949 3286 3993 3336 4071 3292 4237 3392 4098 3469 3882 3452 3860 3430 3815 3458 3649 3425 3466 3441 3433 3403 3394 3441 2972 3441 2828 3397 2795 3419 2678 3408"/></Shape>
	    <String CONTENT="שלא לבא ישראל יוכיחו שניצטוו [לב&#39;]"
                    HPOS="2673.0"
                    VPOS="3264.0"
                    WIDTH="1564.0"
                    HEIGHT="205.0"></String>
          </TextLine>

          
          
          <TextLine ID="eSc_line_c412f071"
                    
                    BASELINE="2716 3469 2823 3480 3197 3480 3241 3473 3278 3484 3319 3488 3489 3495 3614 3491 3840 3510 4239 3510" 
                    HPOS="2712.0"
                    VPOS="3408.0"
                    WIDTH="1525.0"
                    HEIGHT="200.0">
            <Shape><Polygon POINTS="2712 3464 2762 3419 3394 3447 3438 3408 3472 3441 3815 3458 3860 3430 3888 3458 3998 3469 4132 3447 4237 3508 4154 3585 4071 3580 4004 3608 3849 3574 3777 3585 3738 3547 3688 3591 3599 3585 3483 3536 3399 3569 3128 3547 3028 3563 2972 3536 2917 3563 2795 3563 2717 3486"/></Shape>
	    <String CONTENT="לבא ברגלים ונצטוו לבוא שלא ריקנין"
                    HPOS="2712.0"
                    VPOS="3408.0"
                    WIDTH="1525.0"
                    HEIGHT="200.0"></String>
          </TextLine>

          
          
          <TextLine ID="eSc_line_6a38a099"
                    
                    BASELINE="2672 3602 2735 3595 2968 3613 3237 3610 3282 3617 3407 3621 3444 3628 3762 3624 3803 3632 4036 3628 4121 3639 4213 3632" 
                    HPOS="2667.0"
                    VPOS="3508.0"
                    WIDTH="1542.0"
                    HEIGHT="216.0">
            <Shape><Polygon POINTS="2667 3597 2734 3508 2789 3569 3460 3558 3693 3591 3732 3552 3771 3591 4010 3608 4065 3580 4165 3591 4209 3630 4193 3707 3943 3713 3904 3685 3871 3719 3738 3724 3699 3702 3605 3724 3577 3702 3338 3696 3305 3663 3117 3707 2956 3680 2789 3685 2673 3597"/></Shape>
	    <String CONTENT="אבל כאן על יום שנצטווה נצטווה [תל&#39;]"
                    HPOS="2667.0"
                    VPOS="3508.0"
                    WIDTH="1542.0"
                    HEIGHT="216.0"></String>
          </TextLine>

          
          
          <TextLine ID="eSc_line_3132e08a"
                    
                    BASELINE="2635 3720 2687 3731 2738 3728 2990 3735 3075 3746 3441 3746 3478 3739 3515 3750 3603 3761 4136 3757 4228 3765" 
                    HPOS="2634.0"
                    VPOS="3674.0"
                    WIDTH="1592.0"
                    HEIGHT="183.0">
            <Shape><Polygon POINTS="2634 3719 2701 3674 3039 3707 3283 3696 3316 3674 3361 3707 3843 3707 3899 3735 3926 3713 4176 3707 4226 3763 4148 3857 4115 3857 4010 3852 3949 3818 3804 3840 3749 3813 3533 3846 3289 3813 3233 3835 3028 3835 2934 3824 2884 3774 2823 3818 2773 3818 2695 3813 2640 3757"/></Shape>
	    <String CONTENT="תלמוד לומר אל הקדש לרבות שאר ימות"
                    HPOS="2634.0"
                    VPOS="3674.0"
                    WIDTH="1592.0"
                    HEIGHT="183.0"></String>
          </TextLine>

          
          
          <TextLine ID="eSc_line_aecd0562"
                    
                    BASELINE="2642 3861 2860 3861 3012 3879 3285 3876 3381 3887 3422 3898 3500 3890 3869 3890 3995 3894 4080 3909 4209 3898" 
                    HPOS="2640.0"
                    VPOS="3774.0"
                    WIDTH="1564.0"
                    HEIGHT="216.0">
            <Shape><Polygon POINTS="2640 3857 2690 3813 2823 3824 2878 3774 2934 3829 2989 3835 3399 3824 3422 3846 3521 3852 3605 3846 3660 3813 3727 3852 3943 3852 3965 3829 3993 3852 4148 3857 4204 3896 4187 3962 4037 3990 3915 3968 3827 3985 3793 3957 3749 3985 3693 3962 3643 3985 3394 3962 3277 3985 3178 3918 3078 3962 2917 3968 2878 3929 2762 3962 2690 3957 2645 3913"/></Shape>
	    <String CONTENT="השנה מבית לפרכת להזהיר את כל הבית"
                    HPOS="2640.0"
                    VPOS="3774.0"
                    WIDTH="1564.0"
                    HEIGHT="216.0"></String>
          </TextLine>

          
          
          <TextLine ID="eSc_line_1b25fddf"
                    
                    BASELINE="2701 3997 2834 4012 3082 4012 3167 4005 3204 4016 3333 4027 3666 4023 3755 4031 3810 4042 4062 4038 4228 4046" 
                    HPOS="2695.0"
                    VPOS="3918.0"
                    WIDTH="1531.0"
                    HEIGHT="211.0">
            <Shape><Polygon POINTS="2695 3996 2745 3962 3072 3968 3172 3918 3277 3985 3388 3962 3411 3985 3616 3996 3910 3962 3998 3996 4143 3985 4226 4040 4154 4106 4093 4123 4048 4084 3960 4123 3793 4095 3599 4129 3483 4123 3444 4095 3311 4106 3244 4068 3200 4106 3133 4101 3028 4057 2978 4095 2911 4095 2834 4084 2795 4051 2728 4062 2701 4034"/></Shape>
	    <String CONTENT="יכול על כל הבית במיתה תלמוד לומר [א&#39;]"
                    HPOS="2695.0"
                    VPOS="3918.0"
                    WIDTH="1531.0"
                    HEIGHT="211.0"></String>
          </TextLine>

          
          
          <TextLine ID="eSc_line_86682a96"
                    
                    BASELINE="2694 4134 2746 4127 2831 4123 2868 4134 2979 4145 3141 4142 3378 4160 3681 4156 3722 4164 3962 4167 4039 4160 4139 4164 4195 4153" 
                    HPOS="2690.0"
                    VPOS="4073.0"
                    WIDTH="1503.0"
                    HEIGHT="189.0">
            <Shape><Polygon POINTS="2690 4129 2751 4084 2873 4079 2961 4101 3083 4079 3111 4106 3205 4106 3250 4073 3277 4106 3350 4118 3777 4106 3926 4129 4010 4118 4048 4084 4087 4123 4170 4123 4193 4151 4159 4234 3982 4262 3727 4256 3693 4228 3643 4251 3538 4245 3505 4212 3433 4251 3388 4206 3283 4256 3200 4228 3100 4240 3050 4212 3000 4245 2961 4212 2856 4206 2834 4228 2756 4206 2695 4151"/></Shape>
	    <String CONTENT="אל פני הכפורת אשר על הארן ולא [/]"
                    HPOS="2690.0"
                    VPOS="4073.0"
                    WIDTH="1503.0"
                    HEIGHT="189.0"></String>
          </TextLine>

          
          
          <TextLine ID="eSc_line_c9842fff"
                    
                    BASELINE="2657 4264 2809 4271 2849 4278 3023 4275 3064 4282 3352 4293 3563 4293 3640 4286 3677 4297 3758 4300 3795 4308 4228 4297" 
                    HPOS="2656.0"
                    VPOS="4212.0"
                    WIDTH="1570.0"
                    HEIGHT="183.0">
            <Shape><Polygon POINTS="2656 4262 2762 4212 3161 4251 3433 4251 3505 4217 3533 4245 3627 4256 4204 4251 4226 4295 4120 4384 4059 4356 3998 4389 3821 4389 3766 4350 3727 4389 3682 4389 3632 4345 3605 4373 3505 4356 3472 4389 3399 4395 3333 4356 3277 4389 3183 4384 3117 4339 3022 4384 2906 4378 2861 4334 2767 4361 2662 4273"/></Shape>
	    <String CONTENT="ימות הא כיצד אל פני הכפורת במיתה"
                    HPOS="2656.0"
                    VPOS="4212.0"
                    WIDTH="1570.0"
                    HEIGHT="183.0"></String>
          </TextLine>

          
          
          <TextLine ID="eSc_line_4b926b32"
                    
                    BASELINE="2690 4411 2805 4419 2849 4426 3126 4422 3289 4434 3326 4441 4158 4437 4206 4445" 
                    HPOS="2684.0"
                    VPOS="4345.0"
                    WIDTH="1520.0"
                    HEIGHT="183.0">
            <Shape><Polygon POINTS="2684 4406 2723 4367 3039 4384 3100 4345 3261 4395 3732 4395 3766 4361 3821 4395 4026 4389 4076 4361 4109 4395 4187 4400 4204 4439 4137 4517 4015 4528 3793 4506 3716 4528 3438 4528 3361 4483 3316 4522 3250 4494 3194 4528 3139 4483 3089 4528 2989 4528 2934 4478 2817 4517 2778 4478 2728 4500 2690 4461"/></Shape>
	    <String CONTENT="ולשאר כל הבית באזהרה אל פני הכפרת"
                    HPOS="2684.0"
                    VPOS="4345.0"
                    WIDTH="1520.0"
                    HEIGHT="183.0"></String>
          </TextLine>

          
          
          <TextLine ID="eSc_line_f6df3a11"
                    
                    BASELINE="2657 4541 2709 4559 2897 4555 3075 4567 3115 4578 3163 4570 4158 4570 4209 4578" 
                    HPOS="2656.0"
                    VPOS="4483.0"
                    WIDTH="1548.0"
                    HEIGHT="194.0">
            <Shape><Polygon POINTS="2656 4539 2684 4544 2734 4500 2873 4522 2917 4483 2983 4528 3094 4528 3144 4483 3200 4533 3316 4528 3361 4489 3405 4533 3455 4539 3804 4533 3832 4511 3882 4533 4143 4522 4204 4572 4187 4622 4082 4655 3998 4661 3954 4627 3893 4672 3766 4650 3616 4677 3505 4666 3466 4627 3416 4666 3261 4655 3211 4622 3178 4650 3067 4655 3028 4616 2850 4655 2817 4622 2767 4639 2662 4550"/></Shape>
	    <String CONTENT="אשר על הארן מה תלמוד לומר לפי [ש&#39;]"
                    HPOS="2656.0"
                    VPOS="4483.0"
                    WIDTH="1548.0"
                    HEIGHT="194.0"></String>
          </TextLine>

          
          
          <TextLine ID="eSc_line_be0d6a1e"
                    
                    BASELINE="2694 4681 2790 4692 2916 4688 3056 4703 3430 4703 3640 4714 3766 4703 4099 4707 4198 4696" 
                    HPOS="2690.0"
                    VPOS="4605.0"
                    WIDTH="1503.0"
                    HEIGHT="216.0">
            <Shape><Polygon POINTS="2690 4677 2695 4622 2723 4605 2850 4655 2978 4655 3011 4622 3067 4661 3422 4672 3466 4639 3505 4677 3621 4683 3688 4661 3832 4683 4120 4650 4193 4694 4115 4788 3926 4805 3882 4777 3766 4821 3599 4788 3488 4799 3455 4766 3355 4805 3316 4772 3277 4794 3239 4755 3194 4799 3111 4766 3050 4788 3028 4766 2939 4783 2917 4761 2884 4794 2784 4788 2695 4700"/></Shape>
	    <String CONTENT="שנאמר כפרת יכול יהי כיסוי לארן [תל&#39;]"
                    HPOS="2690.0"
                    VPOS="4605.0"
                    WIDTH="1503.0"
                    HEIGHT="216.0"></String>
          </TextLine>

          
          
          <TextLine ID="eSc_line_f054a14a"
                    
                    BASELINE="2672 4821 2768 4821 2960 4840 3126 4840 3211 4833 3256 4844 3322 4847 3378 4858 3455 4851 4165 4855 4213 4844" 
                    HPOS="2667.0"
                    VPOS="4727.0"
                    WIDTH="1542.0"
                    HEIGHT="227.0">
            <Shape><Polygon POINTS="2667 4816 2695 4727 2784 4794 2972 4777 3211 4799 3244 4766 3289 4810 3777 4821 3893 4772 3937 4810 4087 4777 4209 4838 4154 4932 3976 4932 3926 4894 3882 4927 3782 4921 3655 4954 3577 4910 3544 4938 3510 4916 3438 4949 3366 4916 3178 4938 3144 4905 3067 4938 3033 4905 2934 4888 2878 4921 2789 4921 2673 4860"/></Shape>
	    <String CONTENT="תלמוד לומר כפרת כפרת לארון ואין [כיס&#39;]"
                    HPOS="2667.0"
                    VPOS="4727.0"
                    WIDTH="1542.0"
                    HEIGHT="227.0"></String>
          </TextLine>

          
          
          <TextLine ID="eSc_line_f9764485"
                    
                    BASELINE="2701 4958 2801 4966 2838 4973 3119 4969 3160 4977 3393 4980 3474 4988 4124 4984 4213 4991" 
                    HPOS="2695.0"
                    VPOS="4894.0"
                    WIDTH="1514.0"
                    HEIGHT="188.0">
            <Shape><Polygon POINTS="2695 4954 2756 4916 3294 4949 3361 4921 3477 4943 3516 4916 3544 4938 3571 4910 3610 4949 3732 4949 3876 4932 3932 4894 3982 4943 4193 4916 4209 4988 4170 5065 4065 5071 3993 5032 3954 5060 3766 5082 3721 5049 3682 5071 3571 5049 3205 5071 3178 5043 3122 5065 3000 5038 2861 5054 2834 5032 2789 5060 2701 4971"/></Shape>
	    <String CONTENT="כיסוי לארון יכול לא יהא כיסוי לארון"
                    HPOS="2695.0"
                    VPOS="4894.0"
                    WIDTH="1514.0"
                    HEIGHT="188.0"></String>
          </TextLine>

          
          
          <TextLine ID="eSc_line_4830cbec"
                    
                    BASELINE="2690 5091 2875 5084 2927 5099 3004 5106 3182 5099 3226 5110 3333 5113 4217 5113" 
                    HPOS="2684.0"
                    VPOS="4988.0"
                    WIDTH="1531.0"
                    HEIGHT="227.0">
            <Shape><Polygon POINTS="2684 5088 2690 5010 2717 4988 2789 5060 2834 5038 3056 5071 3172 5038 3205 5071 3771 5082 3960 5065 4010 5032 4082 5076 4198 5076 4215 5110 4165 5171 4115 5165 4082 5193 3954 5171 3910 5198 3827 5165 3743 5198 3693 5171 3466 5215 2789 5171 2690 5110"/></Shape>
	    <String CONTENT="אבל יהא דבר חוצץ בין [כפרת] כפורת [ל&#39;]"
                    HPOS="2684.0"
                    VPOS="4988.0"
                    WIDTH="1531.0"
                    HEIGHT="227.0"></String>
          </TextLine>

          
          
          <TextLine ID="eSc_line_5611975b"
                    
                    BASELINE="2642 5213 2705 5224 2783 5221 3041 5239 3160 5235 3197 5243 3337 5246 3803 5243 3840 5235 4143 5239 4198 5228" 
                    HPOS="2640.0"
                    VPOS="5165.0"
                    WIDTH="1553.0"
                    HEIGHT="177.0">
            <Shape><Polygon POINTS="2640 5209 2701 5176 3178 5215 3754 5204 3843 5176 3926 5209 3976 5182 4071 5198 4137 5165 4193 5226 4154 5309 4076 5331 3976 5315 3899 5337 3782 5309 3710 5342 3627 5320 3372 5320 3338 5342 3228 5320 3167 5342 2989 5304 2717 5315 2645 5237"/></Shape>
	    <String CONTENT="לעדות ולא ימות הרי זה עונש כי בענן"
                    HPOS="2640.0"
                    VPOS="5165.0"
                    WIDTH="1553.0"
                    HEIGHT="177.0"></String>
          </TextLine>

          
          
          <TextLine ID="eSc_line_16ddc5a5"
                    
                    BASELINE="2687 5350 2823 5357 2938 5372 3278 5387 3906 5387 4213 5365" 
                    HPOS="2684.0"
                    VPOS="5315.0"
                    WIDTH="1525.0"
                    HEIGHT="160.0">
            <Shape><Polygon POINTS="2684 5348 2706 5315 3211 5348 3277 5326 3300 5348 3571 5342 3616 5315 3649 5348 3732 5348 3766 5315 3926 5348 3976 5315 4032 5315 4059 5342 4193 5320 4209 5359 4193 5442 3882 5426 3810 5475 3716 5442 3638 5475 3472 5475 3383 5431 3333 5464 3189 5448 3161 5475 3078 5431 3006 5475 2873 5475 2823 5426 2690 5426"/></Shape>
	    <String CONTENT="אראה על הכפרת הרי זה אזהרה ˙ אמ&#39;"
                    HPOS="2684.0"
                    VPOS="5315.0"
                    WIDTH="1525.0"
                    HEIGHT="160.0"></String>
          </TextLine>

          
        </TextBlock>
        
        <TextBlock HPOS="572.0"
                   VPOS="646.0"
                   WIDTH="1727.0"
                   HEIGHT="4759.0"
                   ID="eSc_textblock_468e5637"
                   TAGREFS="BT2">
          <Shape><Polygon POINTS="2225 5405 2269 5391 2284 5198 2299 694 2269 661 650 646 602 709 572 5331 606 5376 2225 5405"/></Shape>
          
          
          <TextLine ID="eSc_line_8e6d9a60"
                    
                    BASELINE="639 746 824 742 1585 757 2350 787" 
                    HPOS="637.0"
                    VPOS="648.0"
                    WIDTH="1709.0"
                    HEIGHT="227.0">
            <Shape><Polygon POINTS="637 742 665 659 782 676 848 648 876 676 953 681 1081 648 1142 670 1475 654 1508 676 1591 659 1630 692 1713 665 1741 692 1935 665 2007 709 2201 676 2246 714 2335 714 2346 781 2329 836 2296 853 2240 842 2129 875 1652 864 1608 825 1536 814 1148 836 1053 803 1003 836 959 809 737 820 643 792"/></Shape>
	    <String CONTENT="אלעזר יכול עונש ואזהרה נאמרו קודם למיה&#39;]"
                    HPOS="637.0"
                    VPOS="648.0"
                    WIDTH="1709.0"
                    HEIGHT="227.0"></String>
          </TextLine>

          
          
          <TextLine ID="eSc_line_004db2ed"
                    
                    BASELINE="709 890 1057 890 1097 897 1315 908 1570 905 1711 923 1958 920 2099 938 2324 931" 
                    HPOS="704.0"
                    VPOS="814.0"
                    WIDTH="1619.0"
                    HEIGHT="216.0">
            <Shape><Polygon POINTS="704 886 748 842 1320 864 1375 814 1442 864 1508 870 1591 814 1641 864 1869 886 2196 886 2235 848 2323 925 2290 986 2207 1030 2152 986 2090 1014 1913 1025 1769 969 1697 1008 1663 975 1525 992 1430 964 1320 992 1231 958 826 981 782 975 709 908"/></Shape>
	    <String CONTENT="למיתת בני אהרן תלמוד לומר אחרי מות שני"
                    HPOS="704.0"
                    VPOS="814.0"
                    WIDTH="1619.0"
                    HEIGHT="216.0"></String>
          </TextLine>

          
          
          <TextLine ID="eSc_line_341aa89b"
                    
                    BASELINE="694 1034 754 1034 790 1041 1204 1038 1408 1056 1781 1053 1818 1060 1859 1060 1896 1071 2236 1067 2324 1082" 
                    HPOS="693.0"
                    VPOS="964.0"
                    WIDTH="1630.0"
                    HEIGHT="194.0">
            <Shape><Polygon POINTS="693 1030 759 969 831 992 1186 964 1308 1003 1430 969 1491 975 1530 1014 1580 975 1614 1008 1702 1008 1763 969 1808 1003 1880 992 1907 1019 2262 1030 2323 1080 2257 1158 2140 1158 1991 1125 1935 1147 1902 1114 1841 1141 1752 1102 1719 1130 1652 1114 1630 1136 1503 1136 1469 1102 1436 1130 1320 1136 1203 1097 931 1130 892 1102 754 1114 698 1058"/></Shape>
	    <String CONTENT="בני אהרן יכול שניהם נאמרו לאחר מיתת"
                    HPOS="693.0"
                    VPOS="964.0"
                    WIDTH="1630.0"
                    HEIGHT="194.0"></String>
          </TextLine>

          
          
          <TextLine ID="eSc_line_3b399a7f"
                    
                    BASELINE="713 1160 857 1167 894 1175 1411 1171 1559 1186 1766 1189 1855 1189 1899 1182 1947 1197 1992 1200 2284 1200 2339 1208" 
                    HPOS="709.0"
                    VPOS="1097.0"
                    WIDTH="1626.0"
                    HEIGHT="194.0">
            <Shape><Polygon POINTS="709 1158 798 1108 881 1130 1164 1130 1209 1097 1314 1136 1436 1136 1469 1102 1503 1136 1636 1136 1675 1114 1702 1136 1813 1125 1835 1147 1907 1125 1974 1158 2268 1158 2335 1202 2235 1285 2196 1291 2168 1263 2029 1291 1968 1263 1869 1285 1769 1269 1741 1241 1675 1263 1519 1230 1397 1258 1331 1224 1270 1263 1064 1258 1037 1230 970 1258 937 1224 831 1252 765 1235 715 1180"/></Shape>
	    <String CONTENT="שני בני אהרן תלמוד לומר כי בענן אראה"
                    HPOS="709.0"
                    VPOS="1097.0"
                    WIDTH="1626.0"
                    HEIGHT="194.0"></String>
          </TextLine>

          
          
          <TextLine ID="eSc_line_0151f38b"
                    
                    BASELINE="731 1285 783 1293 912 1285 949 1296 1057 1308 1471 1304 1556 1311 1596 1322 1896 1319 2069 1337 2335 1330" 
                    HPOS="726.0"
                    VPOS="1208.0"
                    WIDTH="1603.0"
                    HEIGHT="221.0">
            <Shape><Polygon POINTS="726 1280 732 1208 787 1263 1541 1252 1991 1285 2174 1269 2329 1324 2196 1429 2002 1424 1941 1380 1885 1413 1785 1385 1691 1396 1641 1357 1597 1391 1536 1352 1453 1385 1297 1363 1220 1391 970 1357 920 1391 887 1363 804 1374 732 1352"/></Shape>
	    <String CONTENT="על הכפורת הא כיצד אזהרה נאמרה קודם [ל&#39;]"
                    HPOS="726.0"
                    VPOS="1208.0"
                    WIDTH="1603.0"
                    HEIGHT="221.0"></String>
          </TextLine>

          
          
          <TextLine ID="eSc_line_dd451955"
                    
                    BASELINE="676 1415 728 1426 1031 1422 1212 1433 1256 1441 1426 1437 1685 1452 1892 1452 1962 1474 2055 1466 2239 1466 2339 1478" 
                    HPOS="671.0"
                    VPOS="1352.0"
                    WIDTH="1664.0"
                    HEIGHT="216.0">
            <Shape><Polygon POINTS="671 1413 759 1352 798 1374 865 1357 931 1396 970 1363 1031 1357 1170 1391 1403 1363 1464 1396 1530 1363 1597 1396 1641 1363 1675 1396 1874 1418 2179 1435 2235 1402 2335 1474 2235 1557 2185 1568 2046 1546 1874 1568 1336 1540 1175 1474 1125 1524 1037 1540 748 1529 676 1457"/></Shape>
	    <String CONTENT="למיתת בני אהרן ועונש נאמר לאחר מיתת"
                    HPOS="671.0"
                    VPOS="1352.0"
                    WIDTH="1664.0"
                    HEIGHT="216.0"></String>
          </TextLine>

          
          
          <TextLine ID="eSc_line_417083fa"
                    
                    BASELINE="1086 1559 1190 1555 1230 1562 1312 1562 1482 1574 1818 1588 2036 1603 2280 1599 2332 1607" 
                    HPOS="1081.0"
                    VPOS="1479.0"
                    WIDTH="1248.0"
                    HEIGHT="222.0">
            <Shape><Polygon POINTS="1081 1557 1186 1479 1403 1562 1819 1562 1880 1585 1996 1546 2274 1562 2329 1601 2257 1701 1968 1690 1808 1585 1392 1568 1297 1662 1214 1640 1159 1662 1087 1601"/></Shape>
	    <String CONTENT="בני אהרן ˙ פרק ˙"
                    HPOS="1081.0"
                    VPOS="1479.0"
                    WIDTH="1248.0"
                    HEIGHT="222.0"></String>
          </TextLine>

          
          
          <TextLine ID="eSc_line_f48ece05"
                    
                    BASELINE="650 1688 938 1688 975 1696 1071 1699 1108 1710 1153 1703 1474 1703 1655 1721 1825 1714 1910 1736 2165 1736 2199 1755 2284 1744 2343 1744" 
                    HPOS="648.0"
                    VPOS="1546.0"
                    WIDTH="1692.0"
                    HEIGHT="283.0">
            <Shape><Polygon POINTS="648 1684 660 1601 826 1568 909 1607 1020 1546 1164 1668 1292 1662 1353 1612 1436 1596 1486 1618 1552 1585 1608 1640 1702 1612 1785 1646 1891 1640 1963 1696 2240 1696 2340 1740 2251 1829 2102 1829 1869 1790 1702 1812 1658 1768 1597 1795 1541 1768 1408 1795 1331 1756 1281 1795 1198 1795 1164 1762 937 1773 865 1740 743 1779 654 1701"/></Shape>
	    <String CONTENT="בזאת יבא אהרן אל הקודש מה תלמוד לומר"
                    HPOS="648.0"
                    VPOS="1546.0"
                    WIDTH="1692.0"
                    HEIGHT="283.0"></String>
          </TextLine>

          
          
          <TextLine ID="eSc_line_5ad46d5d"
                    
                    BASELINE="643 1814 835 1825 949 1821 1160 1832 1197 1840 1452 1836 1622 1854 1788 1851 1947 1869 2165 1865 2291 1880 2339 1873" 
                    HPOS="637.0"
                    VPOS="1729.0"
                    WIDTH="1698.0"
                    HEIGHT="244.0">
            <Shape><Polygon POINTS="637 1812 648 1745 698 1729 743 1779 831 1790 992 1768 1020 1790 1125 1790 1164 1762 1192 1795 1614 1801 1658 1768 1697 1812 2218 1817 2290 1867 2335 1867 2229 1962 2168 1973 2102 1923 2063 1956 1863 1950 1813 1901 1763 1934 1686 1901 1580 1934 1514 1901 1353 1928 1275 1884 1192 1923 1042 1873 909 1906 831 1867 737 1906 643 1823"/></Shape>
	    <String CONTENT="לפי שנאמר אל הקדש מה תלמוד לומר אל"
                    HPOS="637.0"
                    VPOS="1729.0"
                    WIDTH="1698.0"
                    HEIGHT="244.0"></String>
          </TextLine>

          
          
          <TextLine ID="eSc_line_8499e89c"
                    
                    BASELINE="643 1947 739 1958 1020 1954 1201 1973 1371 1969 1578 1980 1615 1987 1781 1984 1936 2002 2232 1998 2324 2010" 
                    HPOS="637.0"
                    VPOS="1895.0"
                    WIDTH="1686.0"
                    HEIGHT="205.0">
            <Shape><Polygon POINTS="637 1945 698 1912 1236 1923 1270 1895 1320 1934 1491 1901 1530 1934 1630 1939 1686 1895 1730 1939 2246 1962 2323 2006 2240 2095 2185 2100 2102 2072 1957 2083 1913 2056 1874 2083 1797 2083 1686 2039 1652 2072 1541 2072 1503 2028 1436 2011 1397 2039 1358 2023 1164 2050 1081 2017 1026 2050 976 2011 904 2039 870 2006 826 2045 732 2045 643 1956"/></Shape>
	    <String CONTENT="פני הכפרת יכול אין לי אלא קודש שיש בו"
                    HPOS="637.0"
                    VPOS="1895.0"
                    WIDTH="1686.0"
                    HEIGHT="205.0"></String>
          </TextLine>

          
          
          <TextLine ID="eSc_line_a8b37ba4"
                    
                    BASELINE="595 2072 813 2083 850 2091 1105 2091 1230 2098 1271 2106 1430 2102 1596 2117 1777 2117 1818 2128 1907 2135 2250 2135 2310 2124" 
                    HPOS="593.0"
                    VPOS="2006.0"
                    WIDTH="1714.0"
                    HEIGHT="222.0">
            <Shape><Polygon POINTS="593 2067 687 2006 732 2039 1103 2056 1292 2050 1375 2017 1403 2050 1442 2023 1508 2034 1541 2067 2262 2095 2307 2122 2257 2217 2140 2200 2085 2228 1869 2189 1802 2211 1625 2200 1575 2150 1525 2194 1425 2189 1386 2144 1358 2172 1220 2189 1042 2178 976 2144 942 2172 676 2167 599 2089"/></Shape>
	    <String CONTENT="ארון וכפורת מניין [שא] לעשות קודש שאין"
                    HPOS="593.0"
                    VPOS="2006.0"
                    WIDTH="1714.0"
                    HEIGHT="222.0"></String>
          </TextLine>

          
          
          <TextLine ID="eSc_line_6f228fbc"
                    
                    BASELINE="613 2209 787 2209 824 2202 864 2213 935 2217 975 2228 1020 2220 1275 2220 1419 2239 1544 2235 1729 2253 1929 2250 2088 2268 2310 2261" 
                    HPOS="610.0"
                    VPOS="2150.0"
                    WIDTH="1697.0"
                    HEIGHT="205.0">
            <Shape><Polygon POINTS="610 2205 704 2161 1308 2189 1386 2150 1419 2183 1514 2194 1575 2161 1619 2205 2240 2217 2307 2255 2246 2350 2196 2355 2152 2322 2079 2355 1957 2333 1841 2350 1774 2294 1724 2327 1530 2327 1447 2277 1336 2316 1247 2277 1203 2311 1070 2316 892 2283 676 2300 615 2239"/></Shape>
	    <String CONTENT="בו ארון וכפורת תלמוד לומר בזאת יבא אהרן"
                    HPOS="610.0"
                    VPOS="2150.0"
                    WIDTH="1697.0"
                    HEIGHT="205.0"></String>
          </TextLine>

          
          
          <TextLine ID="eSc_line_39d1783b"
                    
                    BASELINE="650 2342 790 2338 990 2357 1201 2353 1238 2361 1389 2372 1563 2372 1670 2386 1840 2383 1981 2401 2191 2398 2295 2405" 
                    HPOS="648.0"
                    VPOS="2289.0"
                    WIDTH="1642.0"
                    HEIGHT="205.0">
            <Shape><Polygon POINTS="648 2338 698 2294 1247 2316 1281 2289 1342 2322 1724 2338 1797 2300 1841 2344 1980 2355 2107 2350 2157 2316 2207 2361 2251 2355 2290 2399 2246 2488 2168 2494 2140 2466 2024 2483 1985 2455 1863 2466 1835 2438 1724 2477 1636 2444 1508 2460 1430 2427 1353 2455 1331 2427 1247 2416 1198 2449 1125 2427 965 2438 920 2410 848 2433 793 2394 698 2438 654 2394"/></Shape>
	    <String CONTENT="אל הקודש לעשות קודש [א] שאין בו ארון"
                    HPOS="648.0"
                    VPOS="2289.0"
                    WIDTH="1642.0"
                    HEIGHT="205.0"></String>
          </TextLine>

          
          
          <TextLine ID="eSc_line_783e542f"
                    
                    BASELINE="646 2471 861 2471 1038 2490 1197 2486 1426 2505 1548 2501 1763 2519 1922 2516 2029 2534 2151 2531 2324 2542" 
                    HPOS="643.0"
                    VPOS="2416.0"
                    WIDTH="1680.0"
                    HEIGHT="211.0">
            <Shape><Polygon POINTS="643 2466 737 2427 881 2422 1175 2455 1242 2416 1353 2455 1503 2466 1614 2449 1752 2471 1830 2449 1880 2477 1946 2455 1974 2483 2224 2488 2323 2538 2235 2621 2113 2627 2063 2588 1996 2621 1963 2582 1863 2610 1824 2571 1785 2599 1713 2571 1636 2588 1614 2566 1536 2588 1508 2560 1464 2588 1419 2544 1342 2582 1286 2544 1242 2588 1159 2544 1114 2577 1037 2571 1009 2544 953 2577 887 2544 859 2566 737 2566 648 2471"/></Shape>
	    <String CONTENT="וכפורת כקדש שיש בו ארון וכפורת אתה"
                    HPOS="643.0"
                    VPOS="2416.0"
                    WIDTH="1680.0"
                    HEIGHT="211.0"></String>
          </TextLine>

          
          
          <TextLine ID="eSc_line_4da8815b"
                    
                    BASELINE="665 2601 1064 2623 1153 2619 1467 2638 1556 2638 1633 2630 1726 2656 1814 2649 1899 2653 1944 2645 2007 2671 2051 2664 2177 2667 2310 2656" 
                    HPOS="660.0"
                    VPOS="2538.0"
                    WIDTH="1647.0"
                    HEIGHT="211.0">
            <Shape><Polygon POINTS="660 2599 782 2560 1114 2577 1159 2538 1214 2588 1286 2549 1342 2588 1464 2593 1503 2560 1530 2588 1852 2616 1963 2588 1991 2616 2251 2621 2307 2654 2229 2749 2068 2749 2029 2710 1957 2743 1869 2710 1819 2743 1774 2715 1686 2726 1636 2688 1591 2710 1480 2693 1369 2715 1292 2682 1214 2710 1181 2671 1103 2710 987 2688 870 2710 820 2671 715 2682 665 2632"/></Shape>
	    <String CONTENT="אומר לכך נאמר אל הקודש לעשות קודש"
                    HPOS="660.0"
                    VPOS="2538.0"
                    WIDTH="1647.0"
                    HEIGHT="211.0"></String>
          </TextLine>

          
          
          <TextLine ID="eSc_line_8b5745b5"
                    
                    BASELINE="628 2741 898 2741 1068 2749 1105 2756 1356 2752 1493 2774 1541 2767 1615 2767 1770 2778 1807 2786 2062 2782 2184 2800 2317 2789" 
                    HPOS="626.0"
                    VPOS="2660.0"
                    WIDTH="1686.0"
                    HEIGHT="222.0">
            <Shape><Polygon POINTS="626 2737 687 2660 759 2699 831 2677 865 2710 1164 2688 1231 2715 1397 2715 1486 2693 1514 2721 1769 2721 1797 2743 2229 2743 2312 2787 2174 2876 1996 2882 1236 2848 1203 2815 1164 2837 1048 2832 1003 2804 937 2832 715 2810 682 2837 632 2787"/></Shape>
	    <String CONTENT="שאינו כַזֵה [כ](בְ)פַר זה או אינו אומר אלא [לע&#39;]"
                    HPOS="626.0"
                    VPOS="2660.0"
                    WIDTH="1686.0"
                    HEIGHT="222.0"></String>
          </TextLine>

          
          
          <TextLine ID="eSc_line_5859e957"
                    
                    BASELINE="661 2871 920 2871 1105 2882 1142 2889 1267 2885 1463 2904 1648 2900 1685 2911 1770 2915 2132 2919 2262 2926 2310 2941" 
                    HPOS="660.0"
                    VPOS="2810.0"
                    WIDTH="1647.0"
                    HEIGHT="210.0">
            <Shape><Polygon POINTS="660 2865 709 2826 965 2832 998 2810 1053 2843 1619 2854 1708 2876 1791 2859 1913 2882 2179 2882 2229 2843 2307 2937 2224 3004 2124 3020 2052 2998 1907 3009 1863 2965 1802 2998 1747 2976 1353 2992 1275 2943 1209 2965 1164 2943 1087 2965 1009 2943 953 2965 909 2943 721 2948 665 2893"/></Shape>
	    <String CONTENT="לעשות פר שאינו כזה בקודש זה ואיזה זה"
                    HPOS="660.0"
                    VPOS="2810.0"
                    WIDTH="1647.0"
                    HEIGHT="210.0"></String>
          </TextLine>

          
          
          <TextLine ID="eSc_line_da708084"
                    
                    BASELINE="606 3007 783 3015 831 3022 1201 3018 1411 3037 1548 3033 1685 3052 2025 3048 2154 3066 2324 3066" 
                    HPOS="604.0"
                    VPOS="2943.0"
                    WIDTH="1719.0"
                    HEIGHT="205.0">
            <Shape><Polygon POINTS="604 3004 737 2954 1125 2976 1175 2948 1203 2976 1270 2943 1358 3026 1425 2987 1641 3004 1741 2976 1797 2998 1858 2965 1935 3009 2229 3009 2323 3065 2229 3148 2185 3148 2140 3103 2052 3142 1719 3109 1591 3131 1558 3092 1519 3120 1453 3087 1408 3109 1358 3059 1297 3114 1259 3087 909 3114 859 3076 693 3098 610 3015"/></Shape>
	    <String CONTENT="פר הבא על כל המצות ˙ ה&#39;ד&#39;ה&#39; מה פרו הבא"
                    HPOS="604.0"
                    VPOS="2943.0"
                    WIDTH="1719.0"
                    HEIGHT="205.0"></String>
          </TextLine>

          
          
          <TextLine ID="eSc_line_6fed5b8b"
                    
                    BASELINE="635 3140 909 3155 1116 3151 1323 3170 1533 3166 1681 3185 1981 3181 2084 3199 2310 3199" 
                    HPOS="632.0"
                    VPOS="3087.0"
                    WIDTH="1675.0"
                    HEIGHT="199.0">
            <Shape><Polygon POINTS="632 3137 709 3098 1081 3120 1209 3114 1253 3087 1320 3125 1453 3087 1491 3131 1941 3142 2052 3142 2135 3103 2190 3159 2240 3148 2307 3198 2218 3275 2152 3286 2090 3253 1963 3270 1858 3247 1769 3275 1591 3242 1530 3258 1486 3214 1414 3253 1320 3253 1292 3225 1037 3253 931 3192 865 3231 765 3192 704 3231 637 3164"/></Shape>
	    <String CONTENT="על לא הודע נכנס בו לפני לפנים פרו הודע"
                    HPOS="632.0"
                    VPOS="3087.0"
                    WIDTH="1675.0"
                    HEIGHT="199.0"></String>
          </TextLine>

          
          
          <TextLine ID="eSc_line_a498c0a2"
                    
                    BASELINE="602 3266 831 3273 931 3281 975 3292 1097 3284 1134 3288 1179 3281 1216 3292 1360 3303 1397 3299 1574 3307 1652 3318 1907 3314 2110 3332 2321 3325" 
                    HPOS="599.0"
                    VPOS="3192.0"
                    WIDTH="1719.0"
                    HEIGHT="222.0">
            <Shape><Polygon POINTS="599 3264 676 3198 709 3231 759 3203 798 3231 892 3225 931 3192 987 3247 1242 3231 1314 3258 1430 3253 1486 3209 1536 3264 1957 3264 2163 3292 2229 3275 2268 3314 2318 3319 2218 3403 2063 3414 1980 3369 1907 3403 1780 3380 1564 3392 1491 3353 1453 3386 1353 3380 1331 3358 1153 3375 1125 3353 682 3353 604 3275"/></Shape>
	    <String CONTENT="אינו דין שיכנס בו לפניי ולפנים תלמוד לומ&#39;"
                    HPOS="599.0"
                    VPOS="3192.0"
                    WIDTH="1719.0"
                    HEIGHT="222.0"></String>
          </TextLine>

          
          
          <TextLine ID="eSc_line_7b7ba7c5"
                    
                    BASELINE="595 3395 650 3406 909 3403 1079 3421 1341 3417 1567 3436 1781 3436 1922 3451 2084 3447 2162 3451 2202 3465 2295 3465" 
                    HPOS="593.0"
                    VPOS="3347.0"
                    WIDTH="1697.0"
                    HEIGHT="194.0">
            <Shape><Polygon POINTS="593 3392 665 3347 948 3369 1125 3353 1181 3386 1336 3369 1469 3392 1530 3369 1675 3397 2229 3408 2290 3464 2224 3541 2152 3513 2074 3536 2035 3508 1946 3530 1830 3508 1641 3519 1602 3475 1497 3513 1364 3513 1281 3475 1220 3508 1175 3464 1131 3497 1053 3480 976 3502 942 3475 682 3497 599 3414"/></Shape>
	    <String CONTENT="בזאת יבא אהרן אל הקודש למעט פר הבא"
                    HPOS="593.0"
                    VPOS="3347.0"
                    WIDTH="1697.0"
                    HEIGHT="194.0"></String>
          </TextLine>

          
          
          <TextLine ID="eSc_line_1f0c3e11"
                    
                    BASELINE="709 3525 946 3539 1023 3536 1204 3554 1363 3550 1482 3561 1522 3573 1825 3565 1910 3573 1962 3587 2007 3580 2206 3580 2247 3584 2324 3606" 
                    HPOS="704.0"
                    VPOS="3458.0"
                    WIDTH="1619.0"
                    HEIGHT="216.0">
            <Shape><Polygon POINTS="704 3519 804 3480 1125 3508 1181 3458 1225 3513 1552 3519 1608 3480 1636 3513 1719 3525 1957 3530 2029 3508 2085 3541 2146 3508 2323 3602 2290 3597 2201 3674 2035 3641 1835 3658 1791 3613 1741 3652 1614 3624 1514 3646 1491 3619 1381 3646 1325 3608 1303 3630 1236 3613 1081 3641 1037 3597 1014 3619 787 3613 709 3536"/></Shape>
	    <String CONTENT="על כל המצות שלא יכנס בו לפניי ולפנים ˙"
                    HPOS="704.0"
                    VPOS="3458.0"
                    WIDTH="1619.0"
                    HEIGHT="216.0"></String>
          </TextLine>

          
          
          <TextLine ID="eSc_line_884f9f43"
                    
                    BASELINE="661 3658 757 3665 798 3676 842 3669 1057 3672 1105 3665 1186 3680 1622 3691 1681 3706 1726 3698 1981 3698 2058 3717 2280 3709" 
                    HPOS="660.0"
                    VPOS="3608.0"
                    WIDTH="1619.0"
                    HEIGHT="205.0">
            <Shape><Polygon POINTS="660 3652 721 3613 926 3608 1076 3641 1247 3619 1297 3641 1325 3619 1369 3646 1486 3630 1530 3652 1752 3646 1785 3619 1835 3663 1913 3646 2229 3669 2279 3707 2262 3813 2118 3802 2085 3774 2057 3796 1880 3791 1835 3746 1791 3774 1763 3741 1697 3791 1652 3763 1530 3779 1491 3752 1386 3774 1314 3741 1170 3768 1125 3724 1003 3757 959 3713 837 3757 693 3730 665 3702"/></Shape>
	    <String CONTENT="בפר בן בקר לחטאת ואיל לעולה יכול מקום"
                    HPOS="660.0"
                    VPOS="3608.0"
                    WIDTH="1619.0"
                    HEIGHT="205.0"></String>
          </TextLine>

          
          
          <TextLine ID="eSc_line_c16c64da"
                    
                    BASELINE="657 3791 805 3798 846 3805 1031 3802 1641 3835 1899 3831 1999 3850 2306 3850" 
                    HPOS="654.0"
                    VPOS="3713.0"
                    WIDTH="1647.0"
                    HEIGHT="227.0">
            <Shape><Polygon POINTS="654 3785 704 3730 865 3763 965 3713 1003 3763 1070 3763 1125 3719 1170 3774 1697 3791 1769 3746 1797 3779 2118 3796 2301 3846 2213 3940 2063 3940 2018 3913 1946 3918 1902 3885 1852 3924 1791 3896 1747 3924 1641 3901 1619 3924 1469 3918 1419 3868 1347 3907 1303 3907 1259 3868 1203 3901 1159 3868 1059 3896 942 3840 887 3890 782 3885 660 3796"/></Shape>
	    <String CONTENT="מתן דמו של פר במתן דמו של איל ˙ אמ&#39; ר&#39;"
                    HPOS="654.0"
                    VPOS="3713.0"
                    WIDTH="1647.0"
                    HEIGHT="227.0"></String>
          </TextLine>

          
          
          <TextLine ID="eSc_line_39757aae"
                    
                    BASELINE="650 3927 713 3938 790 3935 1112 3953 1326 3949 1411 3957 1478 3972 1526 3964 1726 3964 1962 3983 2284 3983" 
                    HPOS="648.0"
                    VPOS="3852.0"
                    WIDTH="1631.0"
                    HEIGHT="221.0">
            <Shape><Polygon POINTS="648 3924 743 3890 948 3901 1009 3852 1070 3907 1164 3879 1198 3907 1381 3913 1419 3890 1458 3918 1614 3929 2029 3924 2229 3940 2279 3979 2218 4046 2129 4073 2074 4029 1996 4062 1941 4057 1913 4023 1863 4057 1669 4040 1619 4062 1575 4018 1503 4046 1464 4007 1225 4051 1137 4001 1087 4040 1031 4040 998 4001 942 4007 909 4040 782 3996 704 4029 654 3979"/></Shape>
	    <String CONTENT="יוסי מה אני מקיים לא תעלו עליו קטרת"
                    HPOS="648.0"
                    VPOS="3852.0"
                    WIDTH="1631.0"
                    HEIGHT="221.0"></String>
          </TextLine>

          
          
          <TextLine ID="eSc_line_e03fa2df"
                    
                    BASELINE="591 4075 868 4064 909 4075 1034 4086 1323 4082 1522 4101 1822 4097 1910 4105 1966 4116 2225 4116 2310 4105" 
                    HPOS="587.0"
                    VPOS="4001.0"
                    WIDTH="1720.0"
                    HEIGHT="189.0">
            <Shape><Polygon POINTS="587 4073 643 4023 831 4029 859 4001 892 4034 1198 4046 1403 4046 1458 4001 1503 4046 1852 4062 1907 4023 1941 4057 2190 4057 2307 4101 2218 4184 2152 4190 2046 4162 1985 4190 1952 4156 1780 4184 1741 4145 1686 4184 1625 4145 1547 4184 1386 4151 1192 4179 870 4145 721 4167 637 4156 593 4112"/></Shape>
	    <String CONTENT="זרה ועולה איזהו עולה שצרך הכתוב למעטה"
                    HPOS="587.0"
                    VPOS="4001.0"
                    WIDTH="1720.0"
                    HEIGHT="189.0"></String>
          </TextLine>

          
          
          <TextLine ID="eSc_line_6ec75f69"
                    
                    BASELINE="558 4193 650 4204 816 4201 994 4212 1034 4219 1289 4215 1415 4223 1478 4238 1526 4230 1892 4230 2036 4249 2262 4249 2310 4238" 
                    HPOS="554.0"
                    VPOS="4145.0"
                    WIDTH="1753.0"
                    HEIGHT="189.0">
            <Shape><Polygon POINTS="554 4190 593 4162 848 4145 942 4173 1381 4167 1519 4195 1625 4145 1686 4190 1741 4145 1780 4184 1885 4195 1946 4162 1980 4195 2041 4173 2224 4190 2268 4234 2307 4234 2224 4323 2185 4312 2152 4334 2118 4306 2041 4312 2007 4289 1891 4317 1852 4295 1808 4334 1752 4295 1658 4295 1619 4334 1541 4289 1508 4323 1403 4323 1314 4267 1270 4306 1236 4284 1170 4317 953 4312 904 4256 709 4306 560 4300"/></Shape>
	    <String CONTENT="זה איל העולה לכך נאמר בפר בן בקר לחטאת"
                    HPOS="554.0"
                    VPOS="4145.0"
                    WIDTH="1753.0"
                    HEIGHT="189.0"></String>
          </TextLine>

          
          
          <TextLine ID="eSc_line_999ddea2"
                    
                    BASELINE="613 4341 809 4341 938 4352 1142 4349 1301 4360 1345 4371 1382 4363 1552 4363 1722 4382 1970 4378 2055 4382 2095 4397 2250 4393 2306 4382" 
                    HPOS="610.0"
                    VPOS="4289.0"
                    WIDTH="1691.0"
                    HEIGHT="189.0">
            <Shape><Polygon POINTS="610 4339 721 4300 1203 4317 1247 4289 1353 4323 1708 4323 1752 4350 1858 4295 1907 4339 2013 4295 2090 4339 2213 4339 2257 4378 2301 4378 2218 4478 2041 4445 1996 4472 1885 4478 1819 4472 1763 4417 1702 4467 1625 4422 1558 4467 1503 4428 1442 4456 1369 4411 1320 4450 1247 4411 1203 4450 1142 4417 1114 4445 1037 4445 992 4395 898 4434 843 4389 787 4428 715 4395 676 4411 615 4356"/></Shape>
	    <String CONTENT="ואיל לעולה ˙ בד שיהיו של בוץ בד שיהיו [/]"
                    HPOS="610.0"
                    VPOS="4289.0"
                    WIDTH="1691.0"
                    HEIGHT="189.0"></String>
          </TextLine>

          
          
          <TextLine ID="eSc_line_d961d4e3"
                    
                    BASELINE="639 4470 824 4467 946 4482 1116 4482 1330 4500 1459 4496 1611 4515 1944 4511 2036 4530 2265 4522" 
                    HPOS="637.0"
                    VPOS="4395.0"
                    WIDTH="1625.0"
                    HEIGHT="216.0">
            <Shape><Polygon POINTS="637 4467 648 4400 804 4434 848 4395 892 4439 937 4439 992 4395 1037 4439 1247 4461 2068 4467 2207 4478 2262 4517 2207 4611 2113 4583 2063 4611 2007 4583 1891 4611 1830 4567 1758 4600 1697 4567 1614 4605 1458 4567 1436 4589 1186 4589 1064 4578 1009 4533 926 4550 904 4528 787 4572 754 4572 715 4528 643 4572"/></Shape>
	    <String CONTENT="חדשים בד שיהיו מוטעף בד שלא ילבש [ע&#39;]"
                    HPOS="637.0"
                    VPOS="4395.0"
                    WIDTH="1625.0"
                    HEIGHT="216.0"></String>
          </TextLine>

          
          
          <TextLine ID="eSc_line_48b875e3"
                    
                    BASELINE="669 4600 813 4611 850 4618 1057 4615 1278 4633 1400 4629 1570 4648 1777 4644 1922 4663 2262 4663" 
                    HPOS="665.0"
                    VPOS="4522.0"
                    WIDTH="1592.0"
                    HEIGHT="239.0">
            <Shape><Polygon POINTS="665 4594 693 4539 721 4567 793 4572 892 4522 942 4578 1486 4594 1536 4572 1569 4605 2196 4611 2257 4661 2185 4755 2135 4738 2085 4761 1880 4749 1824 4700 1747 4744 1680 4744 1619 4694 1558 4738 1447 4727 1369 4688 1170 4688 1103 4722 1048 4661 959 4711 887 4666 765 4688 671 4644"/></Shape>
	    <String CONTENT="עמהן בגדי צמר תלמוד לומר בד יכול לא [יל&#39;]"
                    HPOS="665.0"
                    VPOS="4522.0"
                    WIDTH="1592.0"
                    HEIGHT="239.0"></String>
          </TextLine>

          
          
          <TextLine ID="eSc_line_13cf8030"
                    
                    BASELINE="613 4733 853 4751 931 4751 972 4744 1082 4766 1208 4762 1367 4781 1489 4777 1685 4796 1984 4792 2103 4810 2295 4799" 
                    HPOS="610.0"
                    VPOS="4661.0"
                    WIDTH="1680.0"
                    HEIGHT="227.0">
            <Shape><Polygon POINTS="610 4727 687 4661 770 4705 920 4677 976 4711 1048 4666 1103 4722 1203 4727 1275 4694 1308 4733 1580 4749 2074 4761 2146 4733 2290 4794 2174 4877 2135 4860 2046 4888 1863 4888 1669 4871 1636 4838 1569 4877 1336 4849 1192 4860 1103 4799 998 4849 915 4805 848 4838 793 4799 715 4821 615 4766"/></Shape>
	    <String CONTENT="ילבש עמהן בגדי פשתן תלמוד לומר בד ומה"
                    HPOS="610.0"
                    VPOS="4661.0"
                    WIDTH="1680.0"
                    HEIGHT="227.0"></String>
          </TextLine>

          
          
          <TextLine ID="eSc_line_33cf470f"
                    
                    BASELINE="606 4862 702 4877 868 4884 909 4881 1108 4899 1193 4899 1374 4914 1574 4910 1659 4921 1696 4932 1748 4925 2291 4929" 
                    HPOS="604.0"
                    VPOS="4805.0"
                    WIDTH="1686.0"
                    HEIGHT="210.0">
            <Shape><Polygon POINTS="604 4860 643 4833 770 4821 1037 4855 1098 4805 1148 4855 1214 4866 1530 4877 1630 4838 1675 4882 2152 4871 2290 4927 2174 5015 2146 4988 2035 5010 1985 4966 1930 5010 1863 5010 1808 4966 1747 5010 1686 4971 1652 5004 1575 4977 1430 4999 1364 4971 1270 5004 1114 4966 926 4971 870 4943 610 4966"/></Shape>
	    <String CONTENT="תלמוד לומר בד ארבעה פעמים למעט ארבעה"
                    HPOS="604.0"
                    VPOS="4805.0"
                    WIDTH="1686.0"
                    HEIGHT="210.0"></String>
          </TextLine>

          
          
          <TextLine ID="eSc_line_b1edb6f4"
                    
                    BASELINE="635 4995 776 5003 853 4995 946 5021 983 5014 1023 5014 1156 5025 1197 5036 1234 5028 1404 5032 1445 5025 1482 5036 1626 5047 1885 5043 2007 5062 2273 5054" 
                    HPOS="632.0"
                    VPOS="4949.0"
                    WIDTH="1636.0"
                    HEIGHT="194.0">
            <Shape><Polygon POINTS="632 4993 776 4949 1225 4982 1264 5004 1530 4977 1575 5004 2052 5021 2135 4977 2268 5049 2251 5099 2190 5143 1785 5126 1752 5093 1708 5137 1464 5126 1303 5071 1253 5115 1109 5110 1064 5071 981 5104 820 5082 759 5038 637 5093"/></Shape>
	    <String CONTENT="כלים שנאמר בהם לפני ייי ˙ בתוך שנאמר [ב&#39;]"
                    HPOS="632.0"
                    VPOS="4949.0"
                    WIDTH="1636.0"
                    HEIGHT="194.0"></String>
          </TextLine>

          
          
          <TextLine ID="eSc_line_64df2e2e"
                    
                    BASELINE="680 5121 735 5117 857 5136 942 5132 1301 5165 1471 5161 1508 5169 1659 5180 2306 5180" 
                    HPOS="676.0"
                    VPOS="5043.0"
                    WIDTH="1625.0"
                    HEIGHT="227.0">
            <Shape><Polygon POINTS="676 5115 721 5049 770 5043 854 5093 1475 5132 2063 5132 2218 5143 2301 5176 2185 5270 2013 5270 1980 5243 1896 5270 1808 5248 1636 5265 1602 5237 1558 5259 1519 5221 1458 5259 1253 5254 1186 5204 1142 5237 1026 5237 965 5176 881 5215 854 5187 715 5182 682 5148"/></Shape>
	    <String CONTENT="בחושן ונשא אהרן את שמות בני ישראל"
                    HPOS="676.0"
                    VPOS="5043.0"
                    WIDTH="1625.0"
                    HEIGHT="227.0"></String>
          </TextLine>

          
          
          <TextLine ID="eSc_line_0d1e1de6"
                    
                    BASELINE="576 5243 798 5272 1090 5283 1182 5302 1312 5294 1397 5302 1463 5317 2280 5317" 
                    HPOS="571.0"
                    VPOS="5209.0"
                    WIDTH="1708.0"
                    HEIGHT="200.0">
            <Shape><Polygon POINTS="571 5237 687 5209 815 5209 859 5237 1014 5215 1042 5243 1125 5254 1164 5215 1203 5215 1259 5270 1353 5270 1519 5221 1564 5276 1924 5282 2057 5259 2262 5282 2279 5315 2262 5409 1663 5403 1619 5359 1503 5354 1425 5392 1353 5354 1253 5376 1209 5348 1103 5348 1064 5387 876 5387 804 5348 576 5354"/></Shape>
	    <String CONTENT="בחושן המשפט אל וגו&#39; יכול יכנס לפניי ולפנים"
                    HPOS="571.0"
                    VPOS="5209.0"
                    WIDTH="1708.0"
                    HEIGHT="200.0"></String>
          </TextLine>

          
        </TextBlock>
        

        
      </PrintSpace>
    </Page>
  </Layout>
</alto>
