<?xml version="1.0" encoding="UTF-8"?>
<alto xmlns:xsi="http://www.w3.org/2001/XMLSchema-instance"
      xmlns="http://www.loc.gov/standards/alto/ns-v4#"
      xsi:schemaLocation="http://www.loc.gov/standards/alto/ns-v4# http://www.loc.gov/standards/alto/v4/alto-4-2.xsd">
  <Description>
    <MeasurementUnit>pixel</MeasurementUnit>
    <sourceImageInformation>
      <fileName>add_ms_16406_f258r.jpg</fileName>
      
    </sourceImageInformation>
  </Description>
  
  <Tags>
    <OtherTag ID="BT1" LABEL="Title" DESCRIPTION="block type Title"/><OtherTag ID="BT2" LABEL="Main" DESCRIPTION="block type Main"/><OtherTag ID="BT3" LABEL="Commentary" DESCRIPTION="block type Commentary"/><OtherTag ID="BT4" LABEL="Illustration" DESCRIPTION="block type Illustration"/><OtherTag ID="BT224" LABEL="Hole" DESCRIPTION="block type Hole"/><OtherTag ID="BT225" LABEL="Margin" DESCRIPTION="block type Margin"/><OtherTag ID="BT226" LABEL="Paratext" DESCRIPTION="block type Paratext"/>
    <OtherTag ID="LT2" LABEL="Numbering" DESCRIPTION="line type Numbering"/><OtherTag ID="LT3" LABEL="Correction" DESCRIPTION="line type Correction"/><OtherTag ID="LT329" LABEL="Gloss" DESCRIPTION="line type Gloss"/>
  </Tags>
  
  <Layout>
    <Page WIDTH="4698"
          HEIGHT="6742"
          PHYSICAL_IMG_NR="515"
          ID="eSc_dummypage_">
      <PrintSpace HPOS="0"
                  VPOS="0"
                  WIDTH="4698"
                  HEIGHT="6742">
        
        <TextBlock HPOS="2704.0"
                   VPOS="618.0"
                   WIDTH="1479.0"
                   HEIGHT="4963.0"
                   ID="eSc_textblock_cd65ee07"
                   TAGREFS="BT2">
          <Shape><Polygon POINTS="2704 618 2704 5581 3596 5581 4183 5480 4163 770 3373 618 2704 618"/></Shape>
          
          
          <TextLine ID="eSc_line_a24a2994"
                    
                    BASELINE="2776 752 3040 752 3231 769 3293 764 3433 775 3776 809 4113 859" 
                    HPOS="2770.0"
                    VPOS="651.0"
                    WIDTH="1337.0"
                    HEIGHT="270.0">
            <Shape><Polygon POINTS="2770 747 2781 691 2882 696 3062 651 3130 724 3225 691 3270 730 3360 679 3433 685 3501 747 3545 724 3635 752 3680 713 3804 719 3933 792 4096 809 4107 853 4085 921 4046 921 3877 904 3793 853 3692 870 3663 842 3551 831 3444 859 3405 825 3371 842 3242 814 3208 837 3175 803 3146 831 3079 831 3040 786 2978 820 2776 786"/></Shape>
	    <String CONTENT="אדם רשאי להחרים כל נכסיו על אחת"
                    HPOS="2770.0"
                    VPOS="651.0"
                    WIDTH="1337.0"
                    HEIGHT="270.0"></String>
          </TextLine>

          
          
          <TextLine ID="eSc_line_f4a86101"
                    
                    BASELINE="2798 876 3017 876 3186 893 3309 887 3484 898 3810 943 4040 988 4169 1000" 
                    HPOS="2792.0"
                    VPOS="809.0"
                    WIDTH="1372.0"
                    HEIGHT="269.0">
            <Shape><Polygon POINTS="2792 870 2809 809 2832 837 3040 814 3135 837 3175 814 3253 842 3321 820 3349 848 3590 842 4102 943 4164 994 4102 1078 3928 1022 3883 1039 3697 988 3394 971 3326 921 3287 955 3242 932 3191 955 3045 943 2916 966 2877 932 2837 955 2792 927"/></Shape>
	    <String CONTENT="כמה וכמה שאדם חייב להיות חס על"
                    HPOS="2792.0"
                    VPOS="809.0"
                    WIDTH="1372.0"
                    HEIGHT="269.0"></String>
          </TextLine>

          
          
          <TextLine ID="eSc_line_d773e6d5"
                    
                    BASELINE="2776 1016 3040 1011 3304 1028 3366 1022 3529 1039 3585 1033 3742 1056 3905 1095 4124 1123" 
                    HPOS="2770.0"
                    VPOS="927.0"
                    WIDTH="1349.0"
                    HEIGHT="269.0">
            <Shape><Polygon POINTS="2770 1011 2787 971 2866 938 2922 971 3203 960 3236 927 3281 960 3321 927 3383 971 3596 977 4107 1073 4119 1118 4102 1191 4051 1196 3956 1151 3720 1129 3669 1073 3562 1112 3478 1078 3411 1112 3315 1067 2984 1095 2933 1045 2843 1106 2776 1045"/></Shape>
	    <String CONTENT="נכסיו לא ימכר ולא יגאל לא ימכר [לג&#39;]"
                    HPOS="2770.0"
                    VPOS="927.0"
                    WIDTH="1349.0"
                    HEIGHT="269.0"></String>
          </TextLine>

          
          
          <TextLine ID="eSc_line_e14cd302"
                    
                    BASELINE="2770 1162 3276 1157 3489 1174 3607 1168 4119 1247" 
                    HPOS="2764.0"
                    VPOS="1050.0"
                    WIDTH="1349.0"
                    HEIGHT="275.0">
            <Shape><Polygon POINTS="2764 1157 2798 1084 2854 1118 2933 1050 2995 1101 3242 1101 3281 1078 3433 1112 3478 1078 3512 1112 3568 1118 3607 1078 3641 1101 3669 1078 3720 1134 4096 1191 4113 1241 4096 1325 4051 1325 3967 1269 3821 1280 3675 1236 3315 1241 3276 1202 3236 1224 3197 1207 3141 1236 2995 1236 2950 1191 2905 1230 2804 1241 2770 1207"/></Shape>
	    <String CONTENT="לגיזבר ולא יגאל לבעלים מה יעשה לו [ה&#39;]"
                    HPOS="2764.0"
                    VPOS="1050.0"
                    WIDTH="1349.0"
                    HEIGHT="275.0"></String>
          </TextLine>

          
          
          <TextLine ID="eSc_line_728685de"
                    
                    BASELINE="2815 1292 3208 1292 3360 1309 3551 1303 3607 1331 3663 1314 3793 1325 3905 1354 4119 1376" 
                    HPOS="2809.0"
                    VPOS="1202.0"
                    WIDTH="1304.0"
                    HEIGHT="247.0">
            <Shape><Polygon POINTS="2809 1286 2832 1241 2922 1247 2955 1213 2989 1236 3146 1241 3214 1236 3259 1202 3304 1241 3663 1247 3866 1292 3933 1292 3961 1264 4018 1320 4096 1325 4113 1370 4091 1449 4046 1449 4001 1427 3888 1432 3759 1370 3590 1382 3545 1348 3456 1382 3394 1348 3298 1370 3259 1337 3141 1376 3062 1354 3012 1382 2950 1348 2899 1387 2815 1348"/></Shape>
	    <String CONTENT="חרם לכהן תהיה אחוזתו יכול אף על פי"
                    HPOS="2809.0"
                    VPOS="1202.0"
                    WIDTH="1304.0"
                    HEIGHT="247.0"></String>
          </TextLine>

          
          
          <TextLine ID="eSc_line_2a27d603"
                    
                    BASELINE="2742 1438 3529 1438 3669 1455 3731 1449 4006 1511 4085 1522 4158 1511" 
                    HPOS="2736.0"
                    VPOS="1354.0"
                    WIDTH="1416.0"
                    HEIGHT="252.0">
            <Shape><Polygon POINTS="2736 1432 2787 1359 2905 1387 2950 1359 2984 1382 3321 1382 3506 1376 3545 1354 3590 1387 3748 1370 3787 1410 3956 1449 4018 1432 4152 1505 4091 1595 3967 1606 3838 1539 3753 1550 3635 1505 3495 1528 3383 1494 3264 1511 3220 1483 3191 1511 2939 1494 2821 1522 2742 1466"/></Shape>
	    <String CONTENT="שלא פירש להן תלמוד לומר הוא ר&#39; יהוד&#39;"
                    HPOS="2736.0"
                    VPOS="1354.0"
                    WIDTH="1416.0"
                    HEIGHT="252.0"></String>
          </TextLine>

          
          
          <TextLine ID="eSc_line_285b689e"
                    
                    BASELINE="2781 1567 2860 1589 2916 1578 3000 1589 3478 1584 3545 1601 3663 1595 3748 1606 4001 1668 4136 1679" 
                    HPOS="2776.0"
                    VPOS="1505.0"
                    WIDTH="1354.0"
                    HEIGHT="253.0">
            <Shape><Polygon POINTS="2776 1561 2809 1522 3163 1505 3197 1528 3652 1528 3956 1606 4074 1612 4130 1674 4079 1752 4023 1758 3905 1713 3832 1719 3753 1668 3641 1679 3545 1646 3489 1679 3456 1646 3388 1674 3304 1629 3264 1657 3214 1640 3102 1663 3012 1634 2978 1663 2882 1674 2781 1640"/></Shape>
	    <String CONTENT="בן בתירא אומר מניין שסתם חרמים"
                    HPOS="2776.0"
                    VPOS="1505.0"
                    WIDTH="1354.0"
                    HEIGHT="253.0"></String>
          </TextLine>

          
          
          <TextLine ID="eSc_line_907ac202"
                    
                    BASELINE="2731 1719 3051 1719 3270 1736 3439 1730 3708 1741 4046 1809 4124 1809" 
                    HPOS="2725.0"
                    VPOS="1629.0"
                    WIDTH="1394.0"
                    HEIGHT="258.0">
            <Shape><Polygon POINTS="2725 1713 2787 1668 2967 1668 3017 1640 3057 1663 3259 1668 3304 1629 3343 1668 3394 1674 3742 1663 3832 1719 4001 1758 4057 1741 4119 1803 4046 1887 3900 1865 3860 1820 3765 1837 3607 1786 3472 1814 3242 1775 3141 1809 3040 1814 3012 1786 2882 1814 2792 1797 2731 1730"/></Shape>
	    <String CONTENT="לבדק הבית תלמוד לומר כל חרם קדש [קד&#39;]"
                    HPOS="2725.0"
                    VPOS="1629.0"
                    WIDTH="1394.0"
                    HEIGHT="258.0"></String>
          </TextLine>

          
          
          <TextLine ID="eSc_line_d0c4939d"
                    
                    BASELINE="2759 1876 3489 1876 3607 1893 3675 1887 3911 1910 3967 1927 4096 1938" 
                    HPOS="2753.0"
                    VPOS="1769.0"
                    WIDTH="1338.0"
                    HEIGHT="247.0">
            <Shape><Polygon POINTS="2753 1870 2809 1792 2916 1820 3124 1820 3259 1769 3298 1809 3377 1820 3624 1825 3675 1792 3737 1842 3849 1825 3894 1865 4051 1887 4091 1932 4074 2016 4040 2016 3950 1972 3894 1988 3804 1927 3753 1972 3675 1932 3579 1960 3338 1938 3141 1955 3096 1927 3051 1949 2860 1955 2759 1876"/></Shape>
	    <String CONTENT="קדשים לייי יכול הכהנים והלוים יהיו [מו&#39;]"
                    HPOS="2753.0"
                    VPOS="1769.0"
                    WIDTH="1338.0"
                    HEIGHT="247.0"></String>
          </TextLine>

          
          
          <TextLine ID="eSc_line_aa3b2073"
                    
                    BASELINE="2736 2011 3422 2011 3748 2022 4107 2067" 
                    HPOS="2731.0"
                    VPOS="1927.0"
                    WIDTH="1371.0"
                    HEIGHT="219.0">
            <Shape><Polygon POINTS="2731 2005 2809 1955 2984 1960 3006 1938 3562 1966 3686 1949 3753 1972 3804 1927 3855 1977 4091 2022 4102 2061 4085 2140 4012 2146 3905 2140 3843 2106 3737 2118 3641 2067 3540 2101 3461 2073 3309 2101 3276 2067 3062 2101 3006 2073 2927 2106 2832 2084 2804 2112 2736 2045"/></Shape>
	    <String CONTENT="מוחר(י)מין תלמוד לומר אך דברי ר&#39; יהודה"
                    HPOS="2731.0"
                    VPOS="1927.0"
                    WIDTH="1371.0"
                    HEIGHT="219.0"></String>
          </TextLine>

          
          
          <TextLine ID="eSc_line_c03f21c3"
                    
                    BASELINE="2798 2168 3545 2168 3641 2185 3697 2179 3843 2196 3905 2191 4018 2208 4147 2208" 
                    HPOS="2792.0"
                    VPOS="2090.0"
                    WIDTH="1349.0"
                    HEIGHT="196.0">
            <Shape><Polygon POINTS="2792 2163 2815 2112 3298 2090 4091 2140 4141 2202 4096 2281 4034 2286 3871 2281 3776 2236 3703 2264 3658 2230 3242 2252 3208 2224 3152 2247 3006 2224 2849 2264 2798 2230"/></Shape>
	    <String CONTENT="ר&#39; שמעון אומר הכהנים אין מחרימין"
                    HPOS="2792.0"
                    VPOS="2090.0"
                    WIDTH="1349.0"
                    HEIGHT="196.0"></String>
          </TextLine>

          
          
          <TextLine ID="eSc_line_e696f21a"
                    
                    BASELINE="2764 2303 3276 2303 3405 2320 3602 2314 3675 2331 3798 2325 4057 2354 4136 2342" 
                    HPOS="2759.0"
                    VPOS="2230.0"
                    WIDTH="1371.0"
                    HEIGHT="208.0">
            <Shape><Polygon POINTS="2759 2297 2804 2258 2877 2247 3574 2252 3624 2230 3669 2264 3737 2264 3782 2230 3871 2286 4102 2297 4130 2337 4113 2399 4062 2438 3894 2421 3860 2387 3832 2410 3787 2387 3354 2387 3309 2354 3242 2387 3141 2393 3096 2370 3040 2399 2984 2376 2809 2399 2764 2365"/></Shape>
	    <String CONTENT="שחרמין שלהם ולוים מחרימין שאין [ה&#39;]"
                    HPOS="2759.0"
                    VPOS="2230.0"
                    WIDTH="1371.0"
                    HEIGHT="208.0"></String>
          </TextLine>

          
          
          <TextLine ID="eSc_line_361e2be8"
                    
                    BASELINE="2753 2449 2955 2466 3472 2460 3798 2477 3855 2472 3973 2488 4107 2477" 
                    HPOS="2747.0"
                    VPOS="2370.0"
                    WIDTH="1355.0"
                    HEIGHT="203.0">
            <Shape><Polygon POINTS="2747 2443 2809 2399 3051 2404 3113 2370 3152 2399 3613 2382 3714 2415 3843 2415 3866 2393 3894 2421 4085 2443 4102 2472 4074 2573 3888 2556 3866 2533 3826 2556 3590 2522 3287 2539 3208 2505 3146 2522 3113 2488 3017 2539 2972 2511 2843 2533 2753 2460"/></Shape>
	    <String CONTENT="חרמין שלהן אמ&#39; ר&#39; נראין דברי ר&#39; יהודה"
                    HPOS="2747.0"
                    VPOS="2370.0"
                    WIDTH="1355.0"
                    HEIGHT="203.0"></String>
          </TextLine>

          
          
          <TextLine ID="eSc_line_86d9da11"
                    
                    BASELINE="2770 2595 3399 2595 3619 2612 3810 2606 3933 2623 4124 2623" 
                    HPOS="2764.0"
                    VPOS="2494.0"
                    WIDTH="1355.0"
                    HEIGHT="214.0">
            <Shape><Polygon POINTS="2764 2590 2804 2522 2933 2545 2967 2511 2995 2539 3051 2539 3107 2494 3152 2539 3484 2528 3950 2556 4096 2578 4119 2618 4102 2708 3776 2691 3669 2651 3602 2679 3394 2679 3366 2657 3253 2674 3220 2646 3057 2674 2984 2646 2939 2685 2894 2657 2832 2679 2770 2629"/></Shape>
	    <String CONTENT="בקרקעות ודברי ר&#39; שמעון במטלטלין [ש&#39;]"
                    HPOS="2764.0"
                    VPOS="2494.0"
                    WIDTH="1355.0"
                    HEIGHT="214.0"></String>
          </TextLine>

          
          
          <TextLine ID="eSc_line_db4e0dc7"
                    
                    BASELINE="2731 2736 3624 2730 3753 2747 3871 2741 4158 2758" 
                    HPOS="2725.0"
                    VPOS="2646.0"
                    WIDTH="1427.0"
                    HEIGHT="191.0">
            <Shape><Polygon POINTS="2725 2730 2764 2674 3175 2668 3214 2646 3248 2674 3484 2679 3607 2674 3647 2646 3770 2685 4124 2708 4152 2752 4136 2803 4085 2837 3675 2809 3641 2786 3579 2803 3517 2769 3467 2809 3309 2814 3270 2775 3231 2797 3175 2769 3040 2809 2731 2797"/></Shape>
	    <String CONTENT="שאין חרמים שלהם ˙ מניין לחייבי מיתות"
                    HPOS="2725.0"
                    VPOS="2646.0"
                    WIDTH="1427.0"
                    HEIGHT="191.0"></String>
          </TextLine>

          
          
          <TextLine ID="eSc_line_957be647"
                    
                    BASELINE="2719 2854 2854 2870 3641 2865 3725 2882 4085 2882 4158 2859" 
                    HPOS="2714.0"
                    VPOS="2769.0"
                    WIDTH="1438.0"
                    HEIGHT="197.0">
            <Shape><Polygon POINTS="2714 2848 2832 2797 3073 2809 3186 2775 3231 2809 3264 2775 3304 2814 3472 2809 3517 2769 3590 2809 4152 2854 4124 2966 3928 2955 3900 2927 3798 2949 3619 2949 3534 2921 3321 2944 3276 2899 3220 2932 2776 2938 2719 2882"/></Shape>
	    <String CONTENT="ואמ&#39; אחד ערכו של זה עלי לא אמ&#39; כלום"
                    HPOS="2714.0"
                    VPOS="2769.0"
                    WIDTH="1438.0"
                    HEIGHT="197.0"></String>
          </TextLine>

          
          
          <TextLine ID="eSc_line_4e5f22f2"
                    
                    BASELINE="2787 2994 2995 2988 3068 3000 3270 3005 4119 3005" 
                    HPOS="2781.0"
                    VPOS="2899.0"
                    WIDTH="1332.0"
                    HEIGHT="191.0">
            <Shape><Polygon POINTS="2781 2988 2787 2944 2815 2932 3225 2938 3276 2899 3321 2944 3742 2927 3787 2949 3894 2921 3933 2955 4096 2960 4113 3000 4079 3090 3798 3050 3647 3084 3562 3056 3343 3084 3242 3045 3073 3073 2910 3045 2871 3078 2787 3039"/></Shape>
	    <String CONTENT="תלמוד לומר לא יפדה ˙ אין לי אלא חייבי"
                    HPOS="2781.0"
                    VPOS="2899.0"
                    WIDTH="1332.0"
                    HEIGHT="191.0"></String>
          </TextLine>

          
          
          <TextLine ID="eSc_line_46a09ede"
                    
                    BASELINE="2804 3140 3939 3135 4136 3151" 
                    HPOS="2798.0"
                    VPOS="3050.0"
                    WIDTH="1332.0"
                    HEIGHT="180.0">
            <Shape><Polygon POINTS="2798 3135 2849 3078 3135 3078 3175 3050 3197 3073 3338 3084 3973 3078 4113 3095 4130 3146 4113 3230 4057 3196 4012 3224 3922 3191 3877 3213 3613 3196 3557 3219 3517 3179 3472 3219 3405 3196 3231 3224 3180 3191 3090 3208 3062 3185 3034 3213 2860 3230 2804 3174"/></Shape>
	    <String CONTENT="מיתות חמורות חייבי מיתות קלות מניין"
                    HPOS="2798.0"
                    VPOS="3050.0"
                    WIDTH="1332.0"
                    HEIGHT="180.0"></String>
          </TextLine>

          
          
          <TextLine ID="eSc_line_de10e10c"
                    
                    BASELINE="2731 3275 2809 3269 2910 3281 3287 3286 3568 3269 3939 3269 4136 3281" 
                    HPOS="2725.0"
                    VPOS="3157.0"
                    WIDTH="1405.0"
                    HEIGHT="214.0">
            <Shape><Polygon POINTS="2725 3269 2731 3208 2781 3157 2854 3230 3023 3219 3057 3191 3152 3224 3478 3219 3512 3185 3557 3224 3697 3196 3871 3219 3900 3191 3944 3219 4029 3219 4057 3196 4113 3224 4130 3275 4102 3359 3950 3314 3883 3354 3630 3337 3596 3359 3422 3342 3326 3365 3225 3337 3180 3365 3124 3342 2927 3365 2888 3342 2837 3371 2731 3286"/></Shape>
	    <String CONTENT="תלמוד לומר כל חרם לא יפדה יכול אף על"
                    HPOS="2725.0"
                    VPOS="3157.0"
                    WIDTH="1405.0"
                    HEIGHT="214.0"></String>
          </TextLine>

          
          
          <TextLine ID="eSc_line_cd5d00e3"
                    
                    BASELINE="2708 3415 4158 3415" 
                    HPOS="2703.0"
                    VPOS="3320.0"
                    WIDTH="1449.0"
                    HEIGHT="197.0">
            <Shape><Polygon POINTS="2703 3410 2781 3342 2821 3376 3506 3371 3540 3348 3753 3371 3911 3365 3961 3320 4012 3359 4124 3365 4152 3410 4141 3483 4096 3511 3989 3488 3810 3511 3748 3477 3619 3511 3540 3483 3456 3511 3225 3517 3169 3494 3107 3517 2916 3511 2860 3455 2792 3488 2714 3410"/></Shape>
	    <String CONTENT="פי שלא נגמר דינו ר&#39; חנינא בן עקיבא [או&#39;]"
                    HPOS="2703.0"
                    VPOS="3320.0"
                    WIDTH="1449.0"
                    HEIGHT="197.0"></String>
          </TextLine>

          
          
          <TextLine ID="eSc_line_3404bd14"
                    
                    BASELINE="2725 3550 3051 3567 3961 3567 4158 3550" 
                    HPOS="2719.0"
                    VPOS="3455.0"
                    WIDTH="1433.0"
                    HEIGHT="202.0">
            <Shape><Polygon POINTS="2719 3545 2854 3455 2910 3511 4018 3500 4113 3505 4152 3545 4136 3601 4085 3635 3613 3623 3439 3646 3360 3623 3326 3657 3006 3629 2882 3646 2849 3612 2787 3623 2725 3567"/></Shape>
	    <String CONTENT="אומר נערך מפני שדמיו קצובות אבל [א&#39;]"
                    HPOS="2719.0"
                    VPOS="3455.0"
                    WIDTH="1433.0"
                    HEIGHT="202.0"></String>
          </TextLine>

          
          
          <TextLine ID="eSc_line_8319df6b"
                    
                    BASELINE="2764 3691 2905 3713 3208 3713 3332 3696 3697 3702 4124 3680" 
                    HPOS="2759.0"
                    VPOS="3635.0"
                    WIDTH="1360.0"
                    HEIGHT="168.0">
            <Shape><Polygon POINTS="2759 3685 2804 3640 2984 3635 3023 3663 4091 3635 4119 3674 4102 3764 3933 3753 3843 3786 3579 3769 3422 3792 3326 3764 3293 3797 3051 3803 2967 3758 2837 3781 2764 3713"/></Shape>
	    <String CONTENT="אין נידר מפני שאין דמיו קצובין ר&#39; יוסי"
                    HPOS="2759.0"
                    VPOS="3635.0"
                    WIDTH="1360.0"
                    HEIGHT="168.0"></String>
          </TextLine>

          
          
          <TextLine ID="eSc_line_4b0f826b"
                    
                    BASELINE="2708 3837 3433 3848 3562 3831 3692 3837 4029 3820 4169 3826" 
                    HPOS="2703.0"
                    VPOS="3764.0"
                    WIDTH="1461.0"
                    HEIGHT="180.0">
            <Shape><Polygon POINTS="2703 3831 2781 3786 2927 3797 2967 3775 3057 3803 3928 3764 4102 3764 4164 3820 4074 3899 4029 3904 3989 3876 3961 3904 3894 3904 3871 3882 3832 3915 3680 3927 3619 3899 3489 3932 3427 3910 3220 3910 2944 3944 2905 3915 2770 3932 2708 3871"/></Shape>
	    <String CONTENT="אומר נידר מעריך ומקדיש ולא הוזק חייב"
                    HPOS="2703.0"
                    VPOS="3764.0"
                    WIDTH="1461.0"
                    HEIGHT="180.0"></String>
          </TextLine>

          
          
          <TextLine ID="eSc_line_1386554e"
                    
                    BASELINE="2719 3983 3489 3983 3770 3966 3826 3972 4158 3955" 
                    HPOS="2714.0"
                    VPOS="3887.0"
                    WIDTH="1438.0"
                    HEIGHT="191.0">
            <Shape><Polygon POINTS="2714 3977 2759 3932 2826 3921 2955 3949 3304 3915 3371 3938 3793 3938 3989 3887 4012 3910 4113 3899 4152 3949 4136 4033 3961 4022 3894 4067 3815 4005 3770 4045 3619 4067 3467 4039 3416 4078 3366 4050 3146 4078 3062 4050 3012 4078 2770 4067 2719 4022"/></Shape>
	    <String CONTENT="בתשלומין ˙ זרע הארץ לרבות זרע השום"
                    HPOS="2714.0"
                    VPOS="3887.0"
                    WIDTH="1438.0"
                    HEIGHT="191.0"></String>
          </TextLine>

          
          
          <TextLine ID="eSc_line_a2dfc971"
                    
                    BASELINE="2776 4118 3624 4118 3849 4101 3905 4107 4001 4090 4136 4095" 
                    HPOS="2770.0"
                    VPOS="4017.0"
                    WIDTH="1360.0"
                    HEIGHT="185.0">
            <Shape><Polygon POINTS="2770 4112 2809 4056 3422 4078 3495 4039 3652 4073 3798 4045 3894 4062 3967 4017 4001 4045 4113 4039 4130 4090 4096 4163 3978 4146 3911 4180 3787 4191 3697 4191 3647 4157 3590 4191 3495 4168 3439 4202 3141 4180 2804 4191 2776 4163"/></Shape>
	    <String CONTENT="השחלים והגרגיר יכול שאני מרבה אף"
                    HPOS="2770.0"
                    VPOS="4017.0"
                    WIDTH="1360.0"
                    HEIGHT="185.0"></String>
          </TextLine>

          
          
          <TextLine ID="eSc_line_d712e4a2"
                    
                    BASELINE="2770 4241 3579 4241 3669 4224 3860 4230 3978 4213 4175 4213" 
                    HPOS="2764.0"
                    VPOS="4151.0"
                    WIDTH="1405.0"
                    HEIGHT="180.0">
            <Shape><Polygon POINTS="2764 4236 2804 4191 2849 4185 3798 4191 3944 4180 3984 4151 4018 4174 4124 4163 4169 4208 4119 4281 4057 4303 3939 4314 3866 4275 3815 4314 3590 4298 3433 4320 3304 4298 3253 4331 3073 4320 3040 4292 3006 4320 2894 4314 2776 4236"/></Shape>
	    <String CONTENT="זרע לפת וצנונות ושאר זרע גינה שאין"
                    HPOS="2764.0"
                    VPOS="4151.0"
                    WIDTH="1405.0"
                    HEIGHT="180.0"></String>
          </TextLine>

          
          
          <TextLine ID="eSc_line_53aa4fbe"
                    
                    BASELINE="2798 4365 3197 4376 3405 4359 3574 4365 3843 4348 4169 4348" 
                    HPOS="2792.0"
                    VPOS="4269.0"
                    WIDTH="1372.0"
                    HEIGHT="197.0">
            <Shape><Polygon POINTS="2792 4359 2804 4326 3012 4320 3040 4292 3068 4320 3253 4337 3315 4314 3832 4309 3871 4269 3911 4309 4124 4292 4164 4342 4119 4416 3748 4416 3557 4455 3461 4421 3394 4466 3225 4438 3163 4466 3062 4432 2905 4455 2843 4404 2798 4416"/></Shape>
	    <String CONTENT="נאכלין תלמוד לומר מזרע הארץ ולא כל"
                    HPOS="2792.0"
                    VPOS="4269.0"
                    WIDTH="1372.0"
                    HEIGHT="197.0"></String>
          </TextLine>

          
          
          <TextLine ID="eSc_line_4f671171"
                    
                    BASELINE="2792 4511 3405 4511 3495 4494 3669 4500 3765 4483 3883 4489 4147 4466" 
                    HPOS="2787.0"
                    VPOS="4404.0"
                    WIDTH="1354.0"
                    HEIGHT="197.0">
            <Shape><Polygon POINTS="2787 4505 2792 4432 2826 4404 2894 4455 3057 4472 3253 4449 3394 4466 3472 4421 3534 4460 3607 4438 4124 4416 4141 4460 4119 4533 3905 4556 3866 4584 3776 4584 3720 4550 3585 4590 3517 4567 3405 4601 3225 4601 3197 4573 3045 4601 2905 4567 2849 4595 2792 4545"/></Shape>
	    <String CONTENT="זרע הארץ פרי העץ לרבות פירות האילן"
                    HPOS="2787.0"
                    VPOS="4404.0"
                    WIDTH="1354.0"
                    HEIGHT="197.0"></String>
          </TextLine>

          
          
          <TextLine ID="eSc_line_bdc7fd82"
                    
                    BASELINE="2764 4646 3422 4646 4147 4590" 
                    HPOS="2759.0"
                    VPOS="4539.0"
                    WIDTH="1382.0"
                    HEIGHT="202.0">
            <Shape><Polygon POINTS="2759 4640 2764 4573 2792 4545 2849 4601 3871 4584 4074 4539 4107 4539 4141 4584 4130 4640 4085 4674 4040 4646 4006 4680 3894 4708 3427 4708 3354 4736 3287 4702 3220 4741 3163 4696 3113 4741 3006 4736 2961 4696 2877 4736 2770 4646"/></Shape>
	    <String CONTENT="יכול שאני מרבה את חירובי שיטה [וציל&#39;]"
                    HPOS="2759.0"
                    VPOS="4539.0"
                    WIDTH="1382.0"
                    HEIGHT="202.0"></String>
          </TextLine>

          
          
          <TextLine ID="eSc_line_41f86c20"
                    
                    BASELINE="2759 4781 2905 4775 2978 4792 3146 4775 3517 4781 3574 4764 3641 4769 4180 4725" 
                    HPOS="2753.0"
                    VPOS="4640.0"
                    WIDTH="1422.0"
                    HEIGHT="242.0">
            <Shape><Polygon POINTS="2753 4775 2781 4713 2899 4741 2961 4691 3012 4741 3124 4741 3169 4702 3214 4747 3900 4708 3995 4691 4040 4640 4175 4719 4164 4781 4062 4820 3860 4826 3815 4848 3776 4820 3742 4848 3607 4820 3579 4854 3495 4871 3304 4843 3287 4865 3146 4882 3006 4831 2866 4876 2764 4781"/></Shape>
	    <String CONTENT="וצלמונה ואת חירובי גירור תלמוד לומר"
                    HPOS="2753.0"
                    VPOS="4640.0"
                    WIDTH="1422.0"
                    HEIGHT="242.0"></String>
          </TextLine>

          
          
          <TextLine ID="eSc_line_fa97c22c"
                    
                    BASELINE="2759 4938 3411 4927 3501 4910 3557 4916 3686 4899 3759 4904 3883 4887 3939 4904 3995 4876 4152 4859" 
                    HPOS="2753.0"
                    VPOS="4809.0"
                    WIDTH="1394.0"
                    HEIGHT="225.0">
            <Shape><Polygon POINTS="2753 4932 2826 4876 2922 4887 3000 4837 3057 4882 3270 4882 3360 4859 3562 4865 3602 4826 3641 4854 3737 4854 3765 4831 3826 4848 4130 4809 4147 4854 4136 4944 4057 4955 4006 4916 3928 4983 3810 4966 3703 4994 3624 4972 3568 5011 3472 4955 3422 5005 3309 5034 3191 4994 3107 5034 3012 5000 2837 5022 2764 4960"/></Shape>
	    <String CONTENT="מפרי העץ ולא כל פרי העץ מניין לרבות"
                    HPOS="2753.0"
                    VPOS="4809.0"
                    WIDTH="1394.0"
                    HEIGHT="225.0"></String>
          </TextLine>

          
          
          <TextLine ID="eSc_line_787b71d8"
                    
                    BASELINE="2753 5073 3383 5073 3731 5045 3787 5050 4147 5000" 
                    HPOS="2747.0"
                    VPOS="4921.0"
                    WIDTH="1394.0"
                    HEIGHT="242.0">
            <Shape><Polygon POINTS="2747 5067 2798 5022 2866 5011 3141 5034 3197 4994 3298 5034 3399 5022 3467 4955 3523 5011 3624 4972 3680 5005 3883 4994 3944 4977 4006 4921 4057 4960 4124 4944 4141 4994 4130 5062 4062 5101 3961 5095 3916 5123 3855 5107 3663 5146 3517 5118 3399 5157 3309 5129 3141 5163 2950 5163 2905 5118 2815 5123 2753 5067"/></Shape>
	    <String CONTENT="ירק למעשרות תלמוד לומר וכל מעשר"
                    HPOS="2747.0"
                    VPOS="4921.0"
                    WIDTH="1394.0"
                    HEIGHT="242.0"></String>
          </TextLine>

          
          
          <TextLine ID="eSc_line_76519029"
                    
                    BASELINE="2809 5196 3270 5208 3540 5191 3596 5196 4169 5129" 
                    HPOS="2804.0"
                    VPOS="5073.0"
                    WIDTH="1360.0"
                    HEIGHT="225.0">
            <Shape><Polygon POINTS="2804 5191 2832 5135 2967 5168 3248 5140 3349 5163 3489 5135 3900 5123 4023 5090 4068 5101 4102 5073 4141 5078 4164 5123 4130 5196 3995 5236 3905 5225 3793 5269 3753 5241 3720 5275 3461 5269 3399 5292 3214 5298 3096 5247 3068 5281 2989 5298 2821 5275"/></Shape>
	    <String CONTENT="הארץ יכול בשני מעשרות [תלמוד] הכתוב"
                    HPOS="2804.0"
                    VPOS="5073.0"
                    WIDTH="1360.0"
                    HEIGHT="225.0"></String>
          </TextLine>

          
          
          <TextLine ID="eSc_line_72e4831f"
                    
                    BASELINE="2753 5343 3388 5343 3540 5326 3602 5331 3826 5309 4152 5258" 
                    HPOS="2747.0"
                    VPOS="5208.0"
                    WIDTH="1400.0"
                    HEIGHT="241.0">
            <Shape><Polygon POINTS="2747 5337 2809 5286 3000 5298 3090 5264 3146 5303 3399 5298 3461 5275 3562 5292 3720 5275 3748 5241 3843 5264 3900 5230 3950 5247 4102 5208 4130 5208 4147 5253 4046 5354 4001 5348 3956 5382 3855 5359 3708 5416 3624 5399 3574 5421 3259 5438 3169 5410 3135 5432 3062 5421 3023 5449 2984 5410 2894 5404 2832 5444 2759 5371"/></Shape>
	    <String CONTENT="מדבר תלמוד לומר הוא האמור כאן הוא"
                    HPOS="2747.0"
                    VPOS="5208.0"
                    WIDTH="1400.0"
                    HEIGHT="241.0"></String>
          </TextLine>

          
          
          <TextLine ID="eSc_line_2b4c5a67"
                    
                    BASELINE="2787 5489 3343 5500 3557 5489 3911 5444 4169 5393" 
                    HPOS="2781.0"
                    VPOS="5387.0"
                    WIDTH="1383.0"
                    HEIGHT="197.0">
            <Shape><Polygon POINTS="2781 5483 2787 5449 2815 5477 2860 5449 3253 5472 3708 5444 3866 5387 4164 5387 4152 5477 3939 5489 3826 5545 3776 5511 3725 5556 3456 5545 3354 5573 3315 5550 3231 5579 3152 5562 3051 5584 3028 5562 2905 5545 2871 5567 2843 5539 2792 5539"/></Shape>
	    <String CONTENT="האמור להלן דברים המדוברים כאן אמור"
                    HPOS="2781.0"
                    VPOS="5387.0"
                    WIDTH="1383.0"
                    HEIGHT="197.0"></String>
          </TextLine>

          
        </TextBlock>
        
        <TextBlock HPOS="770.0"
                   VPOS="699.0"
                   WIDTH="1620.0"
                   HEIGHT="4872.0"
                   ID="eSc_textblock_bcdb062b"
                   TAGREFS="BT2">
          <Shape><Polygon POINTS="770 699 770 5571 2390 5571 2390 699 770 699"/></Shape>
          
          
          <TextLine ID="eSc_line_cc5db32e"
                    
                    BASELINE="786 803 932 814 1966 786 2287 792" 
                    HPOS="781.0"
                    VPOS="702.0"
                    WIDTH="1500.0"
                    HEIGHT="191.0">
            <Shape><Polygon POINTS="781 797 786 730 887 730 938 775 1022 780 1084 752 1275 775 1483 769 1511 747 1556 769 1646 713 1775 713 1815 752 1865 730 1916 758 1961 730 2056 758 2124 702 2259 707 2281 786 2264 837 2146 865 2090 848 1798 876 1725 848 1697 876 1640 853 1376 882 1337 859 1185 887 1152 859 1123 887 1028 893 786 865"/></Shape>
	    <String CONTENT="להלן ואם גאל לרבות את האשה יגאל"
                    HPOS="781.0"
                    VPOS="702.0"
                    WIDTH="1500.0"
                    HEIGHT="191.0"></String>
          </TextLine>

          
          
          <TextLine ID="eSc_line_3bccd302"
                    
                    BASELINE="786 949 1270 949 1461 932 1646 938 1764 921 2090 927 2281 904" 
                    HPOS="781.0"
                    VPOS="831.0"
                    WIDTH="1494.0"
                    HEIGHT="208.0">
            <Shape><Polygon POINTS="781 943 797 910 876 887 1118 904 1152 870 1180 893 1343 870 1365 893 1511 893 1702 865 2135 882 2230 831 2275 898 2264 966 2186 1000 2101 971 1938 1000 1910 977 1854 1000 1770 971 1725 1000 972 1039 826 1022 792 988"/></Shape>
	    <String CONTENT="לרבות את היורש ואם גאל יגאל ממעשרו"
                    HPOS="781.0"
                    VPOS="831.0"
                    WIDTH="1494.0"
                    HEIGHT="208.0"></String>
          </TextLine>

          
          
          <TextLine ID="eSc_line_158351a6"
                    
                    BASELINE="775 1073 1028 1084 1281 1067 1455 1073 1511 1061 1629 1056 1865 1061 2079 1045 2275 1045" 
                    HPOS="769.0"
                    VPOS="971.0"
                    WIDTH="1501.0"
                    HEIGHT="197.0">
            <Shape><Polygon POINTS="769 1067 854 1022 1045 1039 1562 1016 1742 1000 1770 971 1854 1005 1899 977 1938 1005 2045 1005 2079 971 2157 1000 2253 988 2270 1039 2253 1129 2191 1101 2157 1134 2045 1095 2006 1134 1831 1134 1787 1112 1640 1146 1573 1123 1528 1146 1191 1162 1152 1129 1101 1162 1022 1168 932 1129 854 1168 775 1095"/></Shape>
	    <String CONTENT="אין לי אלא מעשר שכנס משדותיו ירש"
                    HPOS="769.0"
                    VPOS="971.0"
                    WIDTH="1501.0"
                    HEIGHT="197.0"></String>
          </TextLine>

          
          
          <TextLine ID="eSc_line_da8c441c"
                    
                    BASELINE="809 1219 1253 1219 1343 1202 1511 1207 1809 1191 2174 1196 2315 1179" 
                    HPOS="803.0"
                    VPOS="1095.0"
                    WIDTH="1506.0"
                    HEIGHT="208.0">
            <Shape><Polygon POINTS="803 1213 809 1168 882 1168 944 1129 1000 1168 1107 1168 1146 1134 1196 1168 1697 1146 1787 1118 2000 1140 2045 1095 2107 1140 2157 1140 2197 1101 2309 1174 2270 1258 2202 1247 2163 1275 2023 1269 2000 1247 1938 1275 1854 1269 1781 1236 1697 1280 1365 1292 1326 1252 1281 1297 1253 1280 1191 1303 1157 1280 1112 1303 1005 1275 915 1297 814 1275"/></Shape>
	    <String CONTENT="ולקח לו ונתן לו במתנה מניין תלמוד לומר"
                    HPOS="803.0"
                    VPOS="1095.0"
                    WIDTH="1506.0"
                    HEIGHT="208.0"></String>
          </TextLine>

          
          
          <TextLine ID="eSc_line_61e8efd9"
                    
                    BASELINE="826 1342 1348 1354 1489 1337 1674 1342 1871 1325 2304 1331" 
                    HPOS="820.0"
                    VPOS="1241.0"
                    WIDTH="1478.0"
                    HEIGHT="208.0">
            <Shape><Polygon POINTS="820 1337 859 1303 1123 1297 1152 1275 1180 1297 1286 1297 1326 1258 1359 1292 1562 1292 1742 1280 1775 1247 1848 1280 1938 1275 1978 1241 2051 1275 2264 1269 2298 1325 2270 1404 2084 1410 2051 1376 2023 1398 1792 1393 1770 1415 1629 1410 1562 1432 1472 1387 1444 1415 1236 1410 1196 1432 927 1449 826 1376"/></Shape>
	    <String CONTENT="אם גאל יגאל ממעשרו ולא כל מעשרו"
                    HPOS="820.0"
                    VPOS="1241.0"
                    WIDTH="1478.0"
                    HEIGHT="208.0"></String>
          </TextLine>

          
          
          <TextLine ID="eSc_line_3371317f"
                    
                    BASELINE="797 1477 1123 1488 1472 1472 1646 1477 1882 1460 2337 1466" 
                    HPOS="792.0"
                    VPOS="1376.0"
                    WIDTH="1540.0"
                    HEIGHT="197.0">
            <Shape><Polygon POINTS="792 1472 848 1415 960 1449 1230 1415 1433 1427 1477 1387 1517 1427 1573 1432 2023 1404 2051 1376 2096 1415 2259 1404 2332 1460 2264 1545 2068 1528 1837 1556 1781 1528 1680 1556 1084 1567 1062 1545 1005 1573 854 1573 803 1522"/></Shape>
	    <String CONTENT="פרט למעשר שנכנס לירושלם ויצא [ממ&#39;]"
                    HPOS="792.0"
                    VPOS="1376.0"
                    WIDTH="1540.0"
                    HEIGHT="197.0"></String>
          </TextLine>

          
          
          <TextLine ID="eSc_line_10c416dd"
                    
                    BASELINE="786 1623 1045 1634 1163 1618 1477 1623 1758 1606 2292 1612" 
                    HPOS="781.0"
                    VPOS="1539.0"
                    WIDTH="1506.0"
                    HEIGHT="180.0">
            <Shape><Polygon POINTS="781 1618 842 1578 1017 1573 1045 1550 1275 1567 2062 1539 2259 1556 2287 1606 2253 1691 1528 1691 1483 1657 1416 1691 1253 1707 1090 1691 1028 1713 893 1696 848 1719 786 1657"/></Shape>
	    <String CONTENT="ממעשרו וחמישתו יוסיף פרט לפחות"
                    HPOS="781.0"
                    VPOS="1539.0"
                    WIDTH="1506.0"
                    HEIGHT="180.0"></String>
          </TextLine>

          
          
          <TextLine ID="eSc_line_8867f36d"
                    
                    BASELINE="837 1769 1230 1769 1365 1752 2292 1758" 
                    HPOS="831.0"
                    VPOS="1663.0"
                    WIDTH="1456.0"
                    HEIGHT="202.0">
            <Shape><Polygon POINTS="831 1764 871 1719 1388 1707 1472 1663 1573 1702 2219 1691 2264 1696 2287 1752 2264 1831 1775 1814 1494 1842 1461 1814 1062 1837 1005 1865 837 1825"/></Shape>
	    <String CONTENT="משוה פרוטה יוסיף עליו שיהא חומשו"
                    HPOS="831.0"
                    VPOS="1663.0"
                    WIDTH="1456.0"
                    HEIGHT="202.0"></String>
          </TextLine>

          
          
          <TextLine ID="eSc_line_55b46592"
                    
                    BASELINE="809 1910 966 1910 1045 1898 1461 1904 1595 1887 2281 1893" 
                    HPOS="803.0"
                    VPOS="1825.0"
                    WIDTH="1472.0"
                    HEIGHT="169.0">
            <Shape><Polygon POINTS="803 1904 809 1859 848 1848 1028 1865 1286 1837 2039 1825 2253 1831 2275 1887 2259 1960 1921 1949 1725 1977 1685 1955 1489 1983 1449 1949 1421 1977 1326 1988 1202 1960 1168 1994 1112 1960 1062 1988 809 1988"/></Shape>
	    <String CONTENT="חומשא ˙ מניין שאין מעשרין מן הצאן"
                    HPOS="803.0"
                    VPOS="1825.0"
                    WIDTH="1472.0"
                    HEIGHT="169.0"></String>
          </TextLine>

          
          
          <TextLine ID="eSc_line_3079740f"
                    
                    BASELINE="781 2028 1455 2039 1730 2033 1820 2022 2326 2028" 
                    HPOS="775.0"
                    VPOS="1943.0"
                    WIDTH="1545.0"
                    HEIGHT="197.0">
            <Shape><Polygon POINTS="775 2022 904 1977 1045 1988 1112 1955 1191 1994 1421 1983 1461 1949 1489 1977 1950 1983 2135 1972 2174 1943 2320 2022 2225 2123 2163 2084 2096 2123 2000 2129 1955 2095 1809 2129 1730 2101 1640 2118 1579 2078 1511 2123 1449 2101 1399 2123 1247 2106 1208 2140 1039 2106 831 2129 781 2078"/></Shape>
	    <String CONTENT="על הבקר ומן הבקר על הצאן תלמוד לומ&#39;"
                    HPOS="775.0"
                    VPOS="1943.0"
                    WIDTH="1545.0"
                    HEIGHT="197.0"></String>
          </TextLine>

          
          
          <TextLine ID="eSc_line_2d01a429"
                    
                    BASELINE="792 2196 1461 2196 1820 2179 2326 2179" 
                    HPOS="786.0"
                    VPOS="2090.0"
                    WIDTH="1534.0"
                    HEIGHT="202.0">
            <Shape><Polygon POINTS="786 2191 837 2134 1157 2146 1219 2140 1253 2106 1410 2140 1697 2118 2096 2134 2146 2090 2320 2174 2304 2230 2225 2275 1933 2275 1865 2230 1781 2281 1719 2236 1601 2286 1359 2275 1326 2252 1180 2281 1129 2247 1084 2281 949 2264 865 2292 792 2224"/></Shape>
	    <String CONTENT="וכל מעשר בקר וצאן יכול לא יעשר מן"
                    HPOS="786.0"
                    VPOS="2090.0"
                    WIDTH="1534.0"
                    HEIGHT="202.0"></String>
          </TextLine>

          
          
          <TextLine ID="eSc_line_3d628654"
                    
                    BASELINE="792 2342 1579 2342 1747 2337 1803 2325 2326 2325" 
                    HPOS="786.0"
                    VPOS="2230.0"
                    WIDTH="1534.0"
                    HEIGHT="191.0">
            <Shape><Polygon POINTS="786 2337 826 2275 1809 2281 1865 2230 1921 2275 2253 2264 2320 2320 2264 2399 2197 2410 1713 2421 1506 2399 1455 2421 1404 2387 1292 2421 831 2415 792 2376"/></Shape>
	    <String CONTENT="הכשבים על העזים ודין הוא ומה אם [הח&#39;]"
                    HPOS="786.0"
                    VPOS="2230.0"
                    WIDTH="1534.0"
                    HEIGHT="191.0"></String>
          </TextLine>

          
          
          <TextLine ID="eSc_line_f3d57e92"
                    
                    BASELINE="792 2466 1410 2477 1843 2460 2337 2466" 
                    HPOS="786.0"
                    VPOS="2387.0"
                    WIDTH="1546.0"
                    HEIGHT="174.0">
            <Shape><Polygon POINTS="786 2460 848 2421 1314 2427 1376 2421 1410 2387 1455 2421 2270 2410 2332 2460 2264 2539 2230 2545 2124 2522 2090 2545 1910 2528 1697 2550 1635 2545 1601 2511 1551 2556 989 2539 854 2561 792 2500"/></Shape>
	    <String CONTENT="החדש והישן שאינן כלאים זה בזה אין"
                    HPOS="786.0"
                    VPOS="2387.0"
                    WIDTH="1546.0"
                    HEIGHT="174.0"></String>
          </TextLine>

          
          
          <TextLine ID="eSc_line_1e5de4d1"
                    
                    BASELINE="769 2601 1556 2612 1809 2601 2208 2612 2337 2590" 
                    HPOS="764.0"
                    VPOS="2517.0"
                    WIDTH="1568.0"
                    HEIGHT="185.0">
            <Shape><Polygon POINTS="764 2595 809 2550 1489 2561 1551 2556 1595 2517 1719 2561 2191 2539 2332 2584 2275 2679 2225 2685 2191 2651 2096 2691 1983 2663 1938 2696 1719 2668 1337 2691 1292 2657 1258 2691 1174 2679 1101 2702 1062 2674 820 2691 769 2640"/></Shape>
	    <String CONTENT="מתעשרין מזה על זה כבשים ועזים שהן"
                    HPOS="764.0"
                    VPOS="2517.0"
                    WIDTH="1568.0"
                    HEIGHT="185.0"></String>
          </TextLine>

          
          
          <TextLine ID="eSc_line_9e0f01ae"
                    
                    BASELINE="775 2747 1843 2747 1921 2730 2304 2736" 
                    HPOS="769.0"
                    VPOS="2651.0"
                    WIDTH="1529.0"
                    HEIGHT="169.0">
            <Shape><Polygon POINTS="769 2741 865 2685 1258 2691 1298 2651 1331 2685 1399 2691 2101 2691 2191 2657 2219 2685 2270 2685 2298 2730 2281 2803 2242 2814 2039 2814 2000 2786 1882 2820 1775 2786 1747 2814 1618 2820 1573 2781 1489 2820 854 2820 775 2769"/></Shape>
	    <String CONTENT="כלאים זה בזה אינו דין שלא יתעשרו [מ&#39;]"
                    HPOS="769.0"
                    VPOS="2651.0"
                    WIDTH="1529.0"
                    HEIGHT="169.0"></String>
          </TextLine>

          
          
          <TextLine ID="eSc_line_b3716771"
                    
                    BASELINE="797 2859 876 2882 1123 2882 1180 2870 1309 2876 1607 2865 2320 2870" 
                    HPOS="792.0"
                    VPOS="2781.0"
                    WIDTH="1523.0"
                    HEIGHT="174.0">
            <Shape><Polygon POINTS="792 2854 820 2826 899 2820 1494 2826 1579 2781 1618 2820 1753 2814 1781 2786 1871 2820 1966 2814 2006 2786 2039 2814 2270 2814 2315 2865 2270 2944 1809 2944 1775 2921 1747 2944 1595 2932 1517 2955 1461 2910 1421 2949 1359 2955 1225 2955 1202 2932 1163 2955 797 2955"/></Shape>
	    <String CONTENT="מזה על זה תלמוד לומר וצאן כל משמע"
                    HPOS="792.0"
                    VPOS="2781.0"
                    WIDTH="1523.0"
                    HEIGHT="174.0"></String>
          </TextLine>

          
          
          <TextLine ID="eSc_line_df31e82a"
                    
                    BASELINE="820 2994 2315 3005" 
                    HPOS="814.0"
                    VPOS="2910.0"
                    WIDTH="1495.0"
                    HEIGHT="191.0">
            <Shape><Polygon POINTS="814 2988 871 2955 1174 2955 1196 2932 1421 2949 1472 2910 1517 2955 1747 2955 1775 2927 1815 2955 2281 2949 2309 3000 2242 3084 2163 3056 2124 3095 1831 3095 1787 3061 1753 3084 1601 3090 1534 3050 1506 3078 1365 3067 1326 3090 1168 3056 1045 3101 966 3090 921 3050 865 3084 820 3039"/></Shape>
	    <String CONTENT="צאן אחד קל וחומר לחדש ולישן מזה"
                    HPOS="814.0"
                    VPOS="2910.0"
                    WIDTH="1495.0"
                    HEIGHT="191.0"></String>
          </TextLine>

          
          
          <TextLine ID="eSc_line_c09260d9"
                    
                    BASELINE="741 3129 1005 3151 1573 3146 1798 3135 2304 3135" 
                    HPOS="736.0"
                    VPOS="3045.0"
                    WIDTH="1562.0"
                    HEIGHT="185.0">
            <Shape><Polygon POINTS="736 3123 921 3045 960 3084 1045 3095 2129 3095 2169 3056 2197 3084 2281 3095 2298 3129 2281 3191 2225 3230 1489 3224 1438 3191 1343 3230 1275 3208 1135 3230 837 3208 797 3230 741 3179"/></Shape>
	    <String CONTENT="על זה ומה אם כבשים והעזים שהן כלאים"
                    HPOS="736.0"
                    VPOS="3045.0"
                    WIDTH="1562.0"
                    HEIGHT="185.0"></String>
          </TextLine>

          
          
          <TextLine ID="eSc_line_a8c08c72"
                    
                    BASELINE="809 3286 2287 3275" 
                    HPOS="803.0"
                    VPOS="3196.0"
                    WIDTH="1478.0"
                    HEIGHT="180.0">
            <Shape><Polygon POINTS="803 3281 809 3230 842 3208 876 3230 1331 3241 1427 3196 1500 3236 2157 3230 2264 3236 2281 3269 2264 3365 2197 3371 1950 3354 1798 3376 1719 3331 1674 3376 1607 3348 1444 3376 1416 3354 1163 3371 1056 3342 932 3371 809 3337"/></Shape>
	    <String CONTENT="זה בזה מתעשרין זה על זה חדש וישן [ש&#39;]"
                    HPOS="803.0"
                    VPOS="3196.0"
                    WIDTH="1478.0"
                    HEIGHT="180.0"></String>
          </TextLine>

          
          
          <TextLine ID="eSc_line_baa3d2bd"
                    
                    BASELINE="797 3415 1152 3415 1270 3427 1792 3427 1910 3415 2326 3415" 
                    HPOS="792.0"
                    VPOS="3354.0"
                    WIDTH="1528.0"
                    HEIGHT="174.0">
            <Shape><Polygon POINTS="792 3410 842 3371 1831 3382 1961 3354 2039 3376 2281 3371 2320 3410 2309 3455 2242 3511 2084 3517 1983 3483 1905 3517 1820 3511 1792 3483 1680 3517 1595 3494 1382 3517 1309 3488 1230 3528 1135 3494 1028 3517 876 3500 803 3427"/></Shape>
	    <String CONTENT="שאין כלאים זה בזה אינו דין שיתעשרו"
                    HPOS="792.0"
                    VPOS="3354.0"
                    WIDTH="1528.0"
                    HEIGHT="174.0"></String>
          </TextLine>

          
          
          <TextLine ID="eSc_line_515b3b59"
                    
                    BASELINE="786 3562 2315 3562" 
                    HPOS="781.0"
                    VPOS="3488.0"
                    WIDTH="1528.0"
                    HEIGHT="169.0">
            <Shape><Polygon POINTS="781 3556 820 3511 1247 3528 1590 3494 1618 3517 1730 3517 1775 3488 1882 3522 1983 3488 2079 3517 2275 3511 2309 3556 2275 3646 2045 3657 1994 3606 1961 3640 1815 3651 1629 3623 1309 3657 1185 3623 1101 3657 983 3629 848 3657 792 3629"/></Shape>
	    <String CONTENT="מזה על זה תלמוד לומר עשר תעשר שנה"
                    HPOS="781.0"
                    VPOS="3488.0"
                    WIDTH="1528.0"
                    HEIGHT="169.0"></String>
          </TextLine>

          
          
          <TextLine ID="eSc_line_9a09de88"
                    
                    BASELINE="842 3696 2292 3696" 
                    HPOS="837.0"
                    VPOS="3612.0"
                    WIDTH="1450.0"
                    HEIGHT="180.0">
            <Shape><Polygon POINTS="837 3691 882 3651 1101 3657 1180 3629 1303 3657 1809 3657 1955 3646 1989 3612 2039 3657 2264 3646 2287 3691 2275 3781 2180 3792 1972 3769 1388 3786 1354 3758 989 3786 848 3713"/></Shape>
	    <String CONTENT="בשנה לרבות מעשר בהמה שלא יעשר"
                    HPOS="837.0"
                    VPOS="3612.0"
                    WIDTH="1450.0"
                    HEIGHT="180.0"></String>
          </TextLine>

          
          
          <TextLine ID="eSc_line_c433a32a"
                    
                    BASELINE="809 3826 893 3820 1191 3837 2337 3837" 
                    HPOS="803.0"
                    VPOS="3741.0"
                    WIDTH="1529.0"
                    HEIGHT="191.0">
            <Shape><Polygon POINTS="803 3820 904 3741 983 3786 1253 3786 1320 3758 1404 3792 2259 3769 2332 3831 2264 3915 2051 3927 1753 3899 1708 3927 1545 3904 1433 3932 1382 3887 1213 3921 932 3921 899 3887 854 3915 809 3871"/></Shape>
	    <String CONTENT="לא מן החדש על הישן ולא מישן על [ה&#39;]"
                    HPOS="803.0"
                    VPOS="3741.0"
                    WIDTH="1529.0"
                    HEIGHT="191.0"></String>
          </TextLine>

          
          
          <TextLine ID="eSc_line_b1f5ec7c"
                    
                    BASELINE="786 3966 1163 3966 1219 3983 1331 3972 1618 3983 2298 3972" 
                    HPOS="781.0"
                    VPOS="3887.0"
                    WIDTH="1511.0"
                    HEIGHT="175.0">
            <Shape><Polygon POINTS="781 3960 831 3915 1331 3921 1382 3887 1427 3932 1477 3938 2011 3915 2259 3927 2292 3966 2275 4056 1871 4033 1742 4062 1219 4050 1163 4017 1028 4056 887 4011 848 4028 786 3966"/></Shape>
	    <String CONTENT="החדש דברי ר&#39; עקיבא ˙ כל אשר יעבור"
                    HPOS="781.0"
                    VPOS="3887.0"
                    WIDTH="1511.0"
                    HEIGHT="175.0"></String>
          </TextLine>

          
          
          <TextLine ID="eSc_line_d16f4458"
                    
                    BASELINE="775 4090 983 4090 1101 4107 2304 4095" 
                    HPOS="769.0"
                    VPOS="4033.0"
                    WIDTH="1529.0"
                    HEIGHT="158.0">
            <Shape><Polygon POINTS="769 4084 814 4033 915 4033 1427 4062 1579 4039 1685 4062 2264 4050 2298 4090 2287 4174 2230 4191 2073 4157 2034 4185 1781 4191 1646 4163 1545 4180 1506 4157 1444 4185 1028 4157 949 4180 871 4151 809 4174 781 4146"/></Shape>
	    <String CONTENT="תחת השבט פרט לטריפה שאינה עוברת"
                    HPOS="769.0"
                    VPOS="4033.0"
                    WIDTH="1529.0"
                    HEIGHT="158.0"></String>
          </TextLine>

          
          
          <TextLine ID="eSc_line_d2fa2e29"
                    
                    BASELINE="786 4219 927 4213 1090 4230 2141 4224 2264 4230 2337 4241" 
                    HPOS="781.0"
                    VPOS="4157.0"
                    WIDTH="1551.0"
                    HEIGHT="163.0">
            <Shape><Polygon POINTS="781 4213 842 4157 944 4180 1517 4168 1775 4191 1871 4168 2017 4185 2084 4157 2135 4185 2270 4185 2332 4236 2264 4309 2157 4320 2051 4281 2006 4303 1500 4314 1264 4286 848 4298 786 4236"/></Shape>
	    <String CONTENT="אין לי אלא שמנאן בשבט מנאן [רבו&#39;]"
                    HPOS="781.0"
                    VPOS="4157.0"
                    WIDTH="1551.0"
                    HEIGHT="163.0"></String>
          </TextLine>

          
          
          <TextLine ID="eSc_line_456d2bf4"
                    
                    BASELINE="809 4365 887 4348 1129 4348 1314 4354 1376 4365 2309 4365" 
                    HPOS="803.0"
                    VPOS="4286.0"
                    WIDTH="1501.0"
                    HEIGHT="169.0">
            <Shape><Polygon POINTS="803 4359 859 4298 1039 4286 1095 4309 1247 4286 1483 4314 2264 4309 2304 4359 2287 4432 2242 4444 1871 4432 1612 4455 1567 4432 1382 4449 1337 4404 1292 4438 1112 4410 994 4432 955 4404 848 4399 809 4359"/></Shape>
	    <String CONTENT="רבוצים או עומדין מניין תלמוד לומר"
                    HPOS="803.0"
                    VPOS="4286.0"
                    WIDTH="1501.0"
                    HEIGHT="169.0"></String>
          </TextLine>

          
          
          <TextLine ID="eSc_line_1b3860ce"
                    
                    BASELINE="831 4494 1635 4494 1725 4511 2292 4500" 
                    HPOS="826.0"
                    VPOS="4404.0"
                    WIDTH="1461.0"
                    HEIGHT="191.0">
            <Shape><Polygon POINTS="826 4489 831 4432 887 4444 955 4404 989 4432 1281 4444 1337 4404 1388 4455 2197 4444 2270 4455 2287 4494 2270 4578 2191 4590 1978 4550 1899 4584 1736 4595 1646 4567 1612 4590 1388 4590 1298 4539 1258 4578 1191 4556 1146 4578 899 4578 831 4550"/></Shape>
	    <String CONTENT="העשירי יהיה קודש אין לי קדש אלא [ב&#39;]"
                    HPOS="826.0"
                    VPOS="4404.0"
                    WIDTH="1461.0"
                    HEIGHT="191.0"></String>
          </TextLine>

          
          
          <TextLine ID="eSc_line_ee885691"
                    
                    BASELINE="775 4635 1005 4635 1073 4646 2326 4635" 
                    HPOS="769.0"
                    VPOS="4545.0"
                    WIDTH="1551.0"
                    HEIGHT="196.0">
            <Shape><Polygon POINTS="769 4629 809 4545 893 4584 2270 4584 2320 4629 2309 4708 2275 4725 2118 4736 2051 4702 1927 4741 1865 4708 1803 4730 1612 4730 1567 4708 1433 4730 1303 4702 1275 4725 1152 4708 1112 4730 966 4691 854 4719 775 4646"/></Shape>
	    <String CONTENT="בזמן שנקרא שמו עשירי מניין אף על"
                    HPOS="769.0"
                    VPOS="4545.0"
                    WIDTH="1551.0"
                    HEIGHT="196.0"></String>
          </TextLine>

          
          
          <TextLine ID="eSc_line_4cf05bd0"
                    
                    BASELINE="842 4775 1275 4775 1331 4786 1511 4781 1567 4792 2315 4792" 
                    HPOS="837.0"
                    VPOS="4691.0"
                    WIDTH="1472.0"
                    HEIGHT="185.0">
            <Shape><Polygon POINTS="837 4769 842 4719 966 4691 1011 4725 1168 4702 1202 4730 1534 4736 1933 4736 2045 4702 2084 4730 2264 4730 2309 4786 2292 4854 2259 4876 2202 4876 2169 4843 2129 4871 2051 4843 1916 4876 1860 4848 1607 4876 1545 4837 1444 4871 1376 4820 1331 4854 1298 4837 1202 4865 1168 4843 1118 4865 960 4820 899 4848 842 4809"/></Shape>
	    <String CONTENT="פי שלא קרא שמו עשירי תלמוד לומר"
                    HPOS="837.0"
                    VPOS="4691.0"
                    WIDTH="1472.0"
                    HEIGHT="185.0"></String>
          </TextLine>

          
          
          <TextLine ID="eSc_line_44e0840a"
                    
                    BASELINE="826 4910 1084 4910 1298 4927 2337 4927" 
                    HPOS="820.0"
                    VPOS="4826.0"
                    WIDTH="1512.0"
                    HEIGHT="191.0">
            <Shape><Polygon POINTS="820 4904 854 4843 915 4859 949 4826 994 4865 1135 4871 1174 4848 1202 4876 1326 4871 1376 4826 1421 4871 2186 4871 2270 4876 2332 4921 2270 4994 2186 5011 1989 4972 1893 4994 1854 4972 1758 5011 1652 4989 1567 5011 1528 4983 1444 5011 1399 4983 1225 5017 1146 4966 1090 5000 887 4983 826 4932"/></Shape>
	    <String CONTENT="העשירי יהיה קודש יכול אפילו היו לו [מ&#39;]"
                    HPOS="820.0"
                    VPOS="4826.0"
                    WIDTH="1512.0"
                    HEIGHT="191.0"></String>
          </TextLine>

          
          
          <TextLine ID="eSc_line_b4645ac9"
                    
                    BASELINE="831 5034 910 5050 1095 5045 1163 5062 2337 5050" 
                    HPOS="826.0"
                    VPOS="4960.0"
                    WIDTH="1506.0"
                    HEIGHT="197.0">
            <Shape><Polygon POINTS="826 5028 848 4960 949 4994 1090 5000 1140 4960 1219 5017 1747 5017 1865 4977 1905 5005 1989 4983 2056 5017 2264 5005 2332 5045 2264 5140 2197 5112 2146 5146 2051 5135 1978 5157 1876 5118 1820 5146 1663 5129 1500 5157 1421 5135 1241 5146 1152 5112 899 5118 831 5056"/></Shape>
	    <String CONTENT="מאה ונטל עשרה עשרה ונטל אחד [תל&#39;]"
                    HPOS="826.0"
                    VPOS="4960.0"
                    WIDTH="1506.0"
                    HEIGHT="197.0"></String>
          </TextLine>

          
          
          <TextLine ID="eSc_line_0899d000"
                    
                    BASELINE="826 5168 1095 5168 1163 5185 1399 5180 1449 5208 1506 5191 2337 5191" 
                    HPOS="820.0"
                    VPOS="5084.0"
                    WIDTH="1512.0"
                    HEIGHT="197.0">
            <Shape><Polygon POINTS="820 5163 826 5107 859 5084 893 5118 960 5101 1500 5152 1691 5135 1978 5157 2000 5135 2157 5140 2197 5118 2332 5185 2270 5281 2152 5281 2056 5241 1978 5269 1865 5253 1697 5281 1539 5247 1511 5269 1365 5275 1118 5258 1017 5225 972 5241 882 5230 826 5174"/></Shape>
	    <String CONTENT="תלמוד לומר העשירי אין זה עשירי ר&#39; [יו&#39;]"
                    HPOS="820.0"
                    VPOS="5084.0"
                    WIDTH="1512.0"
                    HEIGHT="197.0"></String>
          </TextLine>

          
          
          <TextLine ID="eSc_line_c423d883"
                    
                    BASELINE="854 5292 1230 5320 1477 5314 1573 5331 2281 5331" 
                    HPOS="848.0"
                    VPOS="5236.0"
                    WIDTH="1427.0"
                    HEIGHT="191.0">
            <Shape><Polygon POINTS="848 5286 854 5241 921 5236 1376 5281 2259 5281 2275 5326 2259 5387 2191 5416 2124 5393 2079 5421 2011 5387 1944 5410 1899 5387 1713 5410 1567 5387 1489 5427 1303 5376 1101 5404 1005 5359 966 5393 932 5365 854 5365"/></Shape>
	    <String CONTENT="יוסי בר&#39; יהודה אומר מעשר מניין שקרא"
                    HPOS="848.0"
                    VPOS="5236.0"
                    WIDTH="1427.0"
                    HEIGHT="191.0"></String>
          </TextLine>

          
          
          <TextLine ID="eSc_line_ab14f51d"
                    
                    BASELINE="803 5432 882 5455 1551 5477 2315 5466" 
                    HPOS="797.0"
                    VPOS="5393.0"
                    WIDTH="1512.0"
                    HEIGHT="169.0">
            <Shape><Polygon POINTS="797 5427 826 5399 899 5393 1034 5399 1067 5427 1135 5416 1163 5438 1365 5410 1545 5438 1601 5399 1663 5404 1702 5444 2073 5444 2264 5404 2309 5461 2270 5528 2157 5539 2101 5517 2017 5562 1860 5562 1820 5528 1742 5528 1713 5556 1669 5534 1607 5556 1483 5534 1449 5556 1264 5556 1196 5511 1107 5545 1073 5511 803 5505"/></Shape>
	    <String CONTENT="לתשיעי עשירי ולעשירי תשיעי [ולאחד]"
                    HPOS="797.0"
                    VPOS="5393.0"
                    WIDTH="1512.0"
                    HEIGHT="169.0"></String>
          </TextLine>

          
        </TextBlock>
        

        
      </PrintSpace>
    </Page>
  </Layout>
</alto>
