<?xml version="1.0" encoding="UTF-8"?>
<alto xmlns:xsi="http://www.w3.org/2001/XMLSchema-instance"
      xmlns="http://www.loc.gov/standards/alto/ns-v4#"
      xsi:schemaLocation="http://www.loc.gov/standards/alto/ns-v4# http://www.loc.gov/standards/alto/v4/alto-4-2.xsd">
  <Description>
    <MeasurementUnit>pixel</MeasurementUnit>
    <sourceImageInformation>
      <fileName>00000330.jpg</fileName>
      
    </sourceImageInformation>
  </Description>
  
  <Tags>
    <OtherTag ID="BT1" LABEL="Title" DESCRIPTION="block type Title"/><OtherTag ID="BT2" LABEL="Main" DESCRIPTION="block type Main"/><OtherTag ID="BT3" LABEL="Commentary" DESCRIPTION="block type Commentary"/><OtherTag ID="BT4" LABEL="Illustration" DESCRIPTION="block type Illustration"/><OtherTag ID="BT851" LABEL="Margin" DESCRIPTION="block type Margin"/><OtherTag ID="BT852" LABEL="Paratext" DESCRIPTION="block type Paratext"/>
    <OtherTag ID="LT2" LABEL="Numbering" DESCRIPTION="line type Numbering"/><OtherTag ID="LT3" LABEL="Correction" DESCRIPTION="line type Correction"/><OtherTag ID="LT336" LABEL="Gloss" DESCRIPTION="line type Gloss"/>
  </Tags>
  
  <Layout>
    <Page WIDTH="3626"
          HEIGHT="4571"
          PHYSICAL_IMG_NR="325"
          ID="eSc_dummypage_">
      <PrintSpace HPOS="0"
                  VPOS="0"
                  WIDTH="3626"
                  HEIGHT="4571">
        
        <TextBlock HPOS="167.0"
                   VPOS="612.0"
                   WIDTH="2568.0"
                   HEIGHT="2859.0"
                   ID="eSc_textblock_25778"
                   TAGREFS="BT2">
          <Shape><Polygon POINTS="2721 3451 2735 620 457 612 441 967 167 990 176 1081 178 1102 436 1080 424 3451 1623 3471"/></Shape>
          
          
          <TextLine ID="eSc_line_799909"
                    
                    BASELINE="462 713 2424 713 2774 729" 
                    HPOS="457"
                    VPOS="647"
                    WIDTH="2314"
                    HEIGHT="149">
            <Shape><Polygon POINTS="1833 674 1814 674 1807 685 1231 685 1178 658 1151 647 1147 647 1040 647 1037 647 979 655 838 681 808 655 808 651 804 651 800 651 461 651 461 712 457 735 476 777 545 796 549 796 552 796 739 777 869 780 876 777 915 777 953 777 991 780 1029 780 1067 780 1105 784 1143 784 1181 784 1189 792 1399 777 1422 796 1425 796 1429 796 1433 796 2764 773 2771 727 2768 681 2661 662 2657 662 2653 662 2649 662 2627 678 2619 685 2150 685 2112 670 2039 647 2036 647 1853 647 1849 647 1833 674"/></Shape>
	    <String CONTENT="תורה בכבוד אב ואם מנין ת&#39;ל&#39; ↑ כבד את אביך ואת אמך וגו&#39; ˙ בשלוח הקן כתו&#39; ←"
                    HPOS="457"
                    VPOS="647"
                    WIDTH="2314"
                    HEIGHT="149"></String>
          </TextLine>

          
          
          <TextLine ID="eSc_line_1671630"
                    TAGREFS="LT336"
                    BASELINE="1440 657 1861 675" 
                    HPOS="1433"
                    VPOS="613"
                    WIDTH="427"
                    HEIGHT="95">
            <Shape><Polygon POINTS="1513 613 1475 613 1437 613 1437 655 1433 697 1681 708 1700 708 1738 708 1776 708 1814 708 1849 708 1860 674 1860 628 1521 613 1513 613"/></Shape>
	    <String CONTENT="בפרש&#39; יתרו"
                    HPOS="1433"
                    VPOS="613"
                    WIDTH="427"
                    HEIGHT="95"></String>
          </TextLine>

          
          
          <TextLine ID="eSc_line_799910"
                    
                    BASELINE="449 830 658 838 719 832 1148 830 1392 832 1633 830 1722 825 2777 835" 
                    HPOS="442"
                    VPOS="773"
                    WIDTH="2333"
                    HEIGHT="141">
            <Shape><Polygon POINTS="1052 788 1014 788 976 784 892 799 873 784 861 788 854 777 854 777 850 777 701 796 644 773 640 773 636 773 632 773 629 773 598 799 446 799 446 826 442 883 484 902 488 902 491 902 728 887 831 906 835 906 1262 887 1368 910 1372 910 1711 887 1734 887 1742 887 1830 914 1833 914 1837 914 1841 914 1894 895 2768 895 2775 834 2775 815 2703 788 2699 788 2283 784 2280 784 1372 803 1349 784 1349 780 1345 780 1342 780 1338 780 1090 799 1059 788 1052 788"/></Shape>
	    <String CONTENT="שלח תשלח את האם ואת הבנים ˙ ובהבאת שלום כתו&#39; ↑ וכל בניך למודי ייי ורב"
                    HPOS="442"
                    VPOS="773"
                    WIDTH="2333"
                    HEIGHT="141"></String>
          </TextLine>

          
          
          <TextLine ID="eSc_line_799886"
                    TAGREFS="LT336"
                    BASELINE="856 789 894 784 1191 794" 
                    HPOS="854"
                    VPOS="758"
                    WIDTH="335"
                    HEIGHT="64">
            <Shape><Polygon POINTS="854 788 854 822 888 822 926 822 964 822 1002 822 1040 822 1079 822 1117 822 1155 822 1178 822 1189 792 1189 769 854 758 854 788"/></Shape>
	    <String CONTENT="בישעיה"
                    HPOS="854"
                    VPOS="758"
                    WIDTH="335"
                    HEIGHT="64"></String>
          </TextLine>

          
          
          <TextLine ID="eSc_line_799903"
                    
                    BASELINE="439 939 541 937 630 942 2154 942 2187 937 2754 947" 
                    HPOS="434"
                    VPOS="895"
                    WIDTH="2318"
                    HEIGHT="129">
            <Shape><Polygon POINTS="438 937 434 994 1208 1020 1212 1024 1978 1024 1978 1020 1982 1020 1986 1020 2016 1001 2497 1020 2501 1020 2745 998 2752 944 2749 918 716 895 712 895 438 910 438 937"/></Shape>
	    <String CONTENT="שלום בניך ˙ וידבר ייי אל משה בעצם היום הזה ˙ בג&#39; מקומות כתו&#39; בעצם היום"
                    HPOS="434"
                    VPOS="895"
                    WIDTH="2318"
                    HEIGHT="129"></String>
          </TextLine>

          
          
          <TextLine ID="eSc_line_799911"
                    
                    BASELINE="424 1075 464 1070 2650 1051 2764 1049" 
                    HPOS="419"
                    VPOS="1005"
                    WIDTH="2341"
                    HEIGHT="133">
            <Shape><Polygon POINTS="571 1036 533 1036 495 1036 476 1032 419 1032 423 1074 427 1131 1014 1116 1025 1123 1033 1131 1033 1135 1037 1135 1040 1135 1044 1138 1292 1138 1292 1135 1296 1135 1300 1135 1300 1131 1303 1131 1311 1119 1315 1116 1334 1119 1391 1131 1395 1131 1399 1131 1441 1119 1460 1112 1467 1116 1483 1131 1487 1131 1490 1131 1494 1131 2100 1127 2104 1127 2158 1108 2169 1104 2234 1104 2577 1123 2581 1123 2756 1097 2760 1047 2756 1017 1727 1005 1723 1005 1589 1024 1578 1024 1567 1024 1425 1009 1422 1009 571 1028 571 1036"/></Shape>
	    <String CONTENT="הזה בא → נח ˙ מלמד שהיו דור נח או&#39; אם אנו מרגישין בו אין אנו מניחין אותו ↑ ולא"
                    HPOS="419"
                    VPOS="1005"
                    WIDTH="2341"
                    HEIGHT="133"></String>
          </TextLine>

          
          
          <TextLine ID="eSc_line_1671637"
                    TAGREFS="LT3"
                    BASELINE="190 1025 608 1038" 
                    HPOS="183"
                    VPOS="982"
                    WIDTH="423"
                    HEIGHT="130">
            <Shape><Polygon POINTS="186 986 186 1024 183 1104 305 1112 308 1112 312 1112 362 1089 404 1066 446 1066 449 1062 488 1058 526 1058 564 1058 598 1058 606 1036 606 986 221 982 186 986"/></Shape>
	    <String CONTENT="ליכנס בתיבה"
                    HPOS="183"
                    VPOS="982"
                    WIDTH="423"
                    HEIGHT="130"></String>
          </TextLine>

          
          
          <TextLine ID="eSc_line_799893"
                    
                    BASELINE="434 1165 1163 1165 1336 1168 1364 1173 2749 1181" 
                    HPOS="427"
                    VPOS="1116"
                    WIDTH="2318"
                    HEIGHT="144">
            <Shape><Polygon POINTS="430 1161 427 1218 701 1249 705 1249 987 1226 1067 1253 1071 1253 1075 1253 1079 1253 1151 1230 1254 1253 1258 1253 1262 1253 1265 1253 1300 1230 1342 1249 1345 1249 1349 1249 1677 1237 1734 1257 1738 1257 1742 1257 1902 1234 1948 1257 1952 1257 1955 1260 2089 1260 2089 1257 2093 1257 2097 1257 2131 1234 2165 1260 2169 1260 2173 1260 2177 1260 2737 1234 2745 1180 2741 1146 1788 1123 1784 1123 1666 1138 1628 1142 1448 1142 1445 1138 1425 1119 1422 1119 1418 1119 1414 1119 1410 1119 1364 1138 1357 1138 823 1138 819 1135 774 1116 770 1116 766 1116 430 1131 430 1161"/></Shape>
	    <String CONTENT="עוד ﭏא ↑ נוטלין בכשילין וקרדומות ומפקעין בהם את התיבה ˙ אמ&#39; הק&#39;ב&#39;ה&#39; הריני"
                    HPOS="427"
                    VPOS="1116"
                    WIDTH="2318"
                    HEIGHT="144"></String>
          </TextLine>

          
          
          <TextLine ID="eSc_line_799904"
                    TAGREFS="LT3"
                    BASELINE="2370 1135 2515 1137" 
                    HPOS="2363"
                    VPOS="1097"
                    WIDTH="149"
                    HEIGHT="76">
            <Shape><Polygon POINTS="2367 1131 2363 1173 2402 1173 2440 1173 2478 1173 2505 1173 2512 1135 2512 1100 2367 1097 2367 1131"/></Shape>
	    <String CONTENT="אנו"
                    HPOS="2363"
                    VPOS="1097"
                    WIDTH="149"
                    HEIGHT="76"></String>
          </TextLine>

          
          
          <TextLine ID="eSc_line_799912"
                    
                    BASELINE="431 1277 917 1277 1011 1279 1039 1284 1153 1282 2744 1292" 
                    HPOS="427"
                    VPOS="1230"
                    WIDTH="2314"
                    HEIGHT="133">
            <Shape><Polygon POINTS="430 1276 427 1333 1593 1359 1597 1359 2093 1344 2108 1344 2146 1363 2150 1363 2154 1363 2733 1344 2741 1291 2741 1264 2665 1241 2661 1241 2657 1241 2112 1257 1959 1237 1955 1237 1593 1257 1570 1257 1563 1257 1452 1234 1448 1234 1445 1234 1384 1257 1120 1257 983 1257 979 1253 896 1230 892 1230 888 1230 884 1230 880 1230 850 1249 552 1230 549 1230 430 1249 430 1276"/></Shape>
	    <String CONTENT="מכניסו לתוכה בחצי היום וכל מי שיש בידו למחות יבא וימחה ˙ ומה ראה לומר"
                    HPOS="427"
                    VPOS="1230"
                    WIDTH="2314"
                    HEIGHT="133"></String>
          </TextLine>

          
          
          <TextLine ID="eSc_line_799894"
                    
                    BASELINE="470 1378 508 1386 602 1383 630 1389 1021 1383 1079 1389 2002 1389 2126 1391 2157 1396 2480 1394 2754 1404" 
                    HPOS="465"
                    VPOS="1340"
                    WIDTH="2287"
                    HEIGHT="130">
            <Shape><Polygon POINTS="468 1375 465 1443 549 1466 552 1470 854 1470 854 1466 857 1466 861 1466 888 1447 911 1466 915 1466 918 1466 922 1466 1101 1447 1239 1466 1242 1466 1384 1447 1425 1466 1429 1466 1433 1466 1437 1466 1502 1447 2676 1466 2680 1466 2684 1466 2749 1443 2752 1401 2749 1340 2554 1340 2550 1340 2546 1340 2543 1340 2543 1344 2524 1359 2100 1344 1967 1340 1963 1340 1936 1344 1872 1359 1750 1348 1677 1340 1673 1340 1609 1348 1513 1363 804 1363 793 1356 770 1340 766 1340 762 1340 758 1340 754 1340 751 1340 751 1344 735 1356 732 1359 705 1356 610 1340 606 1340 468 1356 468 1375"/></Shape>
	    <String CONTENT="→ בעצם היום הזה יצאו כל צבאות ייי לפי שהיו מצרים או&#39; מכך וכך אם אנו"
                    HPOS="465"
                    VPOS="1340"
                    WIDTH="2287"
                    HEIGHT="130"></String>
          </TextLine>

          
          
          <TextLine ID="eSc_line_799895"
                    
                    BASELINE="459 1498 952 1498 983 1493 1008 1500 1224 1500 1295 1508 1509 1505 1684 1510 1717 1500 2215 1500 2266 1495 2352 1495 2383 1500 2767 1508" 
                    HPOS="453"
                    VPOS="1451"
                    WIDTH="2311"
                    HEIGHT="133">
            <Shape><Polygon POINTS="457 1497 453 1554 1185 1580 1189 1580 1830 1561 1849 1561 1853 1561 1971 1584 1975 1584 1978 1584 2028 1565 2146 1584 2150 1584 2154 1584 2222 1565 2333 1584 2337 1584 2341 1584 2402 1565 2520 1584 2524 1584 2756 1561 2764 1504 2764 1474 1120 1474 1109 1470 1021 1451 1018 1451 457 1466 457 1497"/></Shape>
	    <String CONTENT="מרגישים בהם אין אנו מניחין אותן ↑ ולא עוד ﭏא שאנו נוטלין סיפין וחרבות"
                    HPOS="453"
                    VPOS="1451"
                    WIDTH="2311"
                    HEIGHT="133"></String>
          </TextLine>

          
          
          <TextLine ID="eSc_line_799905"
                    TAGREFS="LT3"
                    BASELINE="1483 1465 1765 1465" 
                    HPOS="1479"
                    VPOS="1428"
                    WIDTH="282"
                    HEIGHT="72">
            <Shape><Polygon POINTS="1479 1462 1479 1500 1517 1500 1555 1500 1593 1500 1631 1500 1670 1500 1708 1493 1723 1493 1761 1462 1757 1428 1479 1436 1479 1462"/></Shape>
	    <String CONTENT="לצאת"
                    HPOS="1479"
                    VPOS="1428"
                    WIDTH="282"
                    HEIGHT="72"></String>
          </TextLine>

          
          
          <TextLine ID="eSc_line_799896"
                    
                    BASELINE="454 1602 513 1610 719 1607 749 1612 848 1615 1095 1612 1194 1615 1222 1620 1926 1620 1984 1615 2218 1615 2276 1620 2614 1620 2749 1620" 
                    HPOS="449"
                    VPOS="1569"
                    WIDTH="2296"
                    HEIGHT="129">
            <Shape><Polygon POINTS="453 1599 449 1664 766 1687 770 1687 774 1687 857 1668 979 1695 983 1695 987 1695 1044 1668 1227 1695 1231 1695 1235 1695 1239 1695 1269 1676 1345 1695 1349 1695 1353 1698 1609 1698 1609 1695 1612 1695 1616 1695 1639 1676 1936 1695 1940 1695 2100 1668 2188 1695 2192 1695 2196 1698 2554 1698 2554 1695 2741 1664 2745 1618 2741 1588 453 1569 453 1599"/></Shape>
	    <String CONTENT="והורגין אותם בהם ˙ אמ&#39; הק&#39;ב&#39;ה&#39; הריני מוציאם בחצי היום וכל מי שיש בידו"
                    HPOS="449"
                    VPOS="1569"
                    WIDTH="2296"
                    HEIGHT="129"></String>
          </TextLine>

          
          
          <TextLine ID="eSc_line_799897"
                    
                    BASELINE="459 1714 528 1709 698 1709 848 1716 1069 1714 1331 1721 2350 1719 2650 1721 2714 1724 2767 1727" 
                    HPOS="453"
                    VPOS="1664"
                    WIDTH="2311"
                    HEIGHT="133">
            <Shape><Polygon POINTS="457 1710 453 1767 972 1794 976 1797 1345 1797 1345 1794 1349 1794 1399 1775 1490 1794 1494 1794 2112 1775 2135 1794 2138 1794 2142 1794 2146 1794 2150 1794 2211 1775 2527 1794 2531 1794 2756 1771 2764 1725 2764 1691 2688 1668 2684 1668 2680 1668 1879 1687 1845 1687 1833 1687 1616 1668 1612 1668 1456 1687 1448 1687 1429 1672 1429 1668 1425 1668 1422 1668 1242 1668 1239 1668 1235 1668 1181 1687 1174 1691 751 1691 735 1687 617 1664 613 1664 457 1683 457 1710"/></Shape>
	    <String CONTENT="למחות יבא וימחה ˙ ומה ראה לומ&#39; כ(א)ן וידבר ייי אל משה בעצם היום הזה לפי"
                    HPOS="453"
                    VPOS="1664"
                    WIDTH="2311"
                    HEIGHT="133"></String>
          </TextLine>

          
          
          <TextLine ID="eSc_line_799898"
                    
                    BASELINE="470 1815 508 1810 675 1818 701 1825 752 1820 950 1820 1013 1825 1334 1828 1364 1833 2706 1838 2757 1844" 
                    HPOS="465"
                    VPOS="1790"
                    WIDTH="2291"
                    HEIGHT="122">
            <Shape><Polygon POINTS="468 1813 465 1877 686 1881 720 1908 724 1908 728 1908 732 1908 1090 1885 1109 1885 1117 1885 1223 1908 1227 1908 1231 1908 1319 1885 1326 1885 1338 1885 1410 1908 1414 1908 1418 1908 1597 1889 1643 1885 1677 1889 1803 1912 1807 1912 1811 1912 1814 1912 1814 1908 1833 1893 1837 1889 1845 1893 1929 1912 1933 1912 1936 1912 2745 1896 2756 1843 2749 1790 468 1790 468 1813"/></Shape>
	    <String CONTENT="שהיו ישרﭏ או&#39; מכך וכך שאם אנו מרגישין בו אין אנו מניחין אות[](ו) אדם"
                    HPOS="465"
                    VPOS="1790"
                    WIDTH="2291"
                    HEIGHT="122"></String>
          </TextLine>

          
          
          <TextLine ID="eSc_line_799899"
                    
                    BASELINE="482 1935 1064 1932 1090 1937 1326 1937 1422 1940 1453 1945 1679 1945 1705 1940 1877 1937 2238 1937 2421 1940 2480 1945 2746 1953" 
                    HPOS="476"
                    VPOS="1881"
                    WIDTH="2269"
                    HEIGHT="134">
            <Shape><Polygon POINTS="480 1931 476 1992 926 2015 930 2015 2737 2003 2745 1950 2729 1893 2710 1912 2459 1912 2432 1893 2428 1889 2424 1889 2421 1889 2417 1889 2413 1889 2409 1889 2409 1893 2405 1893 2390 1908 2344 1893 2329 1889 2325 1889 2322 1889 2318 1889 2302 1893 2253 1908 2036 1896 1921 1889 1917 1889 1914 1889 1887 1896 1837 1908 1704 1896 1609 1889 1605 1889 1506 1896 1425 1904 1410 1896 1384 1885 1380 1885 1376 1885 1029 1900 899 1904 880 1900 827 1885 823 1885 819 1885 815 1885 774 1900 762 1904 735 1900 590 1881 587 1881 480 1900 480 1931"/></Shape>
	    <String CONTENT="שהוציאנו ממצרים וקרע לנו את הים והוריד לנו את המן והגיז לנו את השליו"
                    HPOS="476"
                    VPOS="1881"
                    WIDTH="2269"
                    HEIGHT="134"></String>
          </TextLine>

          
          
          <TextLine ID="eSc_line_799914"
                    
                    BASELINE="431 2049 528 2044 581 2049 1120 2051 1173 2056 1572 2054 1631 2062 1717 2054 1819 2054 1915 2062 2037 2054 2124 2059 2421 2062 2767 2062" 
                    HPOS="427"
                    VPOS="1996"
                    WIDTH="2337"
                    HEIGHT="125">
            <Shape><Polygon POINTS="430 2045 427 2106 2756 2121 2764 2060 2756 2018 1265 2022 1220 2015 1147 1999 1143 1999 1048 2015 991 2022 949 2015 884 1999 880 1999 785 2015 747 2018 728 2015 682 1996 678 1996 674 1996 430 2011 430 2045"/></Shape>
	    <String CONTENT="ועשה לנו נסים וגבורות אין אנו מניחין אותו ˙ אמ&#39; הק&#39;ב&#39;ה&#39; הריני מכניסו למערה"
                    HPOS="427"
                    VPOS="1996"
                    WIDTH="2337"
                    HEIGHT="125"></String>
          </TextLine>

          
          
          <TextLine ID="eSc_line_799900"
                    
                    BASELINE="442 2158 566 2155 592 2161 741 2163 1008 2161 1171 2163 1201 2168 2736 2171" 
                    HPOS="434"
                    VPOS="2110"
                    WIDTH="2299"
                    HEIGHT="133">
            <Shape><Polygon POINTS="438 2155 438 2220 1231 2239 1235 2239 1342 2228 1441 2220 1509 2232 1563 2239 1567 2239 1570 2239 1586 2232 1609 2220 1616 2232 1624 2235 1624 2239 1628 2239 1631 2239 1635 2243 1792 2243 1792 2239 1830 2232 1902 2220 2016 2235 2058 2239 2062 2239 2089 2235 2177 2220 2375 2239 2405 2239 2409 2239 2421 2239 2516 2220 2546 2239 2550 2239 2554 2239 2558 2239 2562 2239 2619 2220 2726 2239 2733 2167 2726 2125 2337 2133 2299 2125 2226 2110 2222 2110 2219 2110 2180 2125 2161 2136 1864 2136 1853 2129 1826 2110 1822 2110 1818 2110 1700 2110 1696 2110 1692 2110 1689 2110 1658 2129 1647 2136 1284 2136 1277 2129 1235 2110 1231 2110 1227 2110 1223 2110 1220 2110 1193 2133 1189 2136 892 2136 888 2133 812 2110 808 2110 804 2110 697 2129 549 2110 545 2110 434 2133 438 2155"/></Shape>
	    <String CONTENT="בחצי היום וכל מי שיש בידו למחות יבא וימחה לכך נאמ&#39; וידבר ייי אל משה"
                    HPOS="434"
                    VPOS="2110"
                    WIDTH="2299"
                    HEIGHT="133"></String>
          </TextLine>

          
          
          <TextLine ID="eSc_line_799901"
                    
                    BASELINE="439 2270 472 2267 523 2272 1024 2275 1049 2280 2373 2280 2403 2275 2627 2275 2764 2273" 
                    HPOS="434"
                    VPOS="2220"
                    WIDTH="2326"
                    HEIGHT="137">
            <Shape><Polygon POINTS="438 2266 434 2327 526 2354 529 2354 533 2354 537 2354 587 2331 610 2331 1018 2354 1021 2354 1025 2354 1090 2335 1117 2331 1143 2338 1220 2354 1223 2354 1311 2338 1357 2331 1380 2338 1418 2354 1422 2354 1425 2357 1570 2357 1570 2354 1574 2354 1578 2354 1593 2342 1612 2331 1647 2342 1681 2354 1685 2354 1689 2354 1952 2346 2432 2331 2752 2354 2760 2270 2752 2220 2531 2243 2421 2224 2402 2220 2398 2220 2394 2220 2386 2224 2337 2251 2158 2251 2104 2224 2089 2220 2085 2220 2081 2220 2047 2228 1978 2243 1925 2228 1898 2220 1894 2220 1891 2220 1887 2220 1883 2220 1872 2228 1837 2251 1334 2251 1319 2235 1303 2224 1303 2220 1300 2220 1296 2220 1292 2220 1147 2235 1090 2243 1082 2239 1067 2224 1067 2220 1063 2220 1059 2220 1056 2220 827 2239 785 2243 770 2239 686 2220 682 2220 678 2220 674 2220 617 2243 613 2247 438 2247 438 2266"/></Shape>
	    <String CONTENT="בעצם היום הזה ˙ עלה אל הר העברים הזה ˙ עליה היא לך ואינה ירידה ˙ הר"
                    HPOS="434"
                    VPOS="2220"
                    WIDTH="2326"
                    HEIGHT="137"></String>
          </TextLine>

          
          
          <TextLine ID="eSc_line_799907"
                    
                    BASELINE="444 2369 599 2369 693 2374 1123 2374 1278 2376 1303 2381 2754 2384" 
                    HPOS="438"
                    VPOS="2335"
                    WIDTH="2314"
                    HEIGHT="125">
            <Shape><Polygon POINTS="442 2365 438 2430 552 2456 556 2456 678 2434 747 2456 751 2456 754 2460 915 2460 915 2456 918 2456 922 2456 957 2434 1094 2434 1120 2456 1124 2456 1128 2456 1132 2456 1136 2456 1185 2434 1265 2456 1269 2456 1273 2456 1277 2456 1326 2434 1532 2434 1570 2456 1574 2456 1578 2456 1582 2456 1673 2437 2295 2456 2299 2456 2302 2456 2352 2434 2623 2456 2627 2456 2749 2430 2752 2380 2749 2350 442 2335 442 2365"/></Shape>
	    <String CONTENT="העברים הזה שנקרא ד&#39; שמות הר העברים ˙ הר נבו ˙ הור ההר ˙ וראש הפסנה ˙"
                    HPOS="438"
                    VPOS="2335"
                    WIDTH="2314"
                    HEIGHT="125"></String>
          </TextLine>

          
          
          <TextLine ID="eSc_line_799908"
                    
                    BASELINE="437 2483 741 2488 772 2493 1755 2491 1786 2496 1814 2488 2170 2488 2248 2493 2342 2491 2741 2501" 
                    HPOS="430"
                    VPOS="2437"
                    WIDTH="2307"
                    HEIGHT="141">
            <Shape><Polygon POINTS="434 2479 430 2544 541 2571 545 2571 549 2571 640 2548 644 2548 678 2571 682 2571 686 2571 690 2571 876 2552 926 2548 953 2552 1021 2567 1025 2567 1082 2555 1101 2552 1311 2559 1727 2571 1731 2571 1776 2563 1849 2552 1898 2567 1929 2574 1933 2574 1936 2574 1940 2574 1959 2567 1994 2552 2200 2552 2261 2571 2276 2574 2280 2574 2283 2578 2729 2578 2737 2498 2737 2464 2688 2441 2684 2441 2493 2441 2489 2441 2485 2441 2482 2441 2455 2460 2455 2464 2047 2464 2039 2460 2005 2441 2001 2441 1997 2441 1860 2460 1837 2460 1826 2460 1765 2441 1761 2441 1757 2441 1753 2441 1700 2456 1689 2460 1677 2456 1624 2441 1620 2441 1616 2441 1513 2456 1479 2464 1357 2464 1349 2456 1338 2445 1338 2441 1334 2441 1330 2441 1326 2441 1323 2441 1281 2456 1262 2460 1185 2456 1018 2441 1014 2441 915 2453 880 2456 873 2453 850 2437 846 2437 842 2437 838 2437 766 2453 743 2456 434 2453 434 2479"/></Shape>
	    <String CONTENT="למה קורא אותו נבו שנקברו בו ג&#39; הללו שמתו ולא מידי עבירה וﭏו הן ˙ משה"
                    HPOS="430"
                    VPOS="2437"
                    WIDTH="2307"
                    HEIGHT="141"></String>
          </TextLine>

          
          
          <TextLine ID="eSc_line_799915"
                    
                    BASELINE="421 2597 490 2605 871 2605 902 2600 1285 2600 1341 2605 1613 2605 1664 2600 1900 2600 1933 2605 2538 2605 2566 2600 2741 2603" 
                    HPOS="415"
                    VPOS="2559"
                    WIDTH="2322"
                    HEIGHT="122">
            <Shape><Polygon POINTS="419 2594 415 2670 945 2681 949 2681 953 2681 957 2681 972 2670 983 2658 1307 2658 1349 2666 1418 2677 1422 2677 1425 2677 1471 2666 1494 2658 1509 2666 1548 2681 1551 2681 1555 2681 1670 2662 1708 2658 1765 2662 1971 2681 1975 2681 1978 2681 2062 2662 2077 2658 2352 2658 2356 2658 2379 2677 2383 2677 2386 2677 2627 2681 2630 2681 2634 2681 2733 2654 2737 2601 2733 2559 419 2571 419 2594"/></Shape>
	    <String CONTENT="ואהרן ומרים ˙ אשר בארץ מואב ˙ מלמד שהראהו שלשה מל[א]כים העתידי&#39;"
                    HPOS="415"
                    VPOS="2559"
                    WIDTH="2322"
                    HEIGHT="122"></String>
          </TextLine>

          
          
          <TextLine ID="eSc_line_799902"
                    
                    BASELINE="442 2709 477 2704 609 2704 640 2709 1422 2712 2012 2709 2063 2704 2767 2712" 
                    HPOS="438"
                    VPOS="2662"
                    WIDTH="2326"
                    HEIGHT="130">
            <Shape><Polygon POINTS="438 2708 438 2754 613 2788 617 2788 1220 2769 1281 2788 1284 2788 1288 2788 1448 2761 1620 2792 1624 2792 1845 2773 1894 2792 1898 2792 1902 2792 2020 2765 2219 2765 2322 2792 2325 2792 2329 2792 2333 2792 2337 2792 2337 2788 2367 2765 2478 2765 2596 2792 2600 2792 2604 2792 2607 2792 2649 2765 2756 2765 2764 2708 2764 2689 2703 2666 2699 2666 2695 2666 2577 2685 2459 2666 2104 2666 2100 2666 2097 2666 2055 2685 2051 2685 2032 2685 1891 2666 1887 2666 1883 2666 1849 2681 1841 2685 1445 2685 1445 2681 1425 2666 1425 2662 1422 2662 1418 2662 1414 2662 1292 2681 1273 2681 438 2677 438 2708"/></Shape>
	    <String CONTENT="לצאת מרחב הזונה ˙ וראה ארץ כנען ˙ ר&#39; ﭏיעזר או&#39; אצבעו של מקום היא"
                    HPOS="438"
                    VPOS="2662"
                    WIDTH="2326"
                    HEIGHT="130"></String>
          </TextLine>

          
          
          <TextLine ID="eSc_line_799888"
                    
                    BASELINE="470 2818 503 2816 625 2821 818 2821 843 2813 902 2818 2746 2826" 
                    HPOS="465"
                    VPOS="2769"
                    WIDTH="2280"
                    HEIGHT="141">
            <Shape><Polygon POINTS="468 2814 465 2872 651 2898 968 2902 972 2902 976 2902 979 2902 998 2883 1025 2902 1029 2902 1033 2902 1037 2906 1319 2906 1319 2902 1323 2902 1326 2902 1342 2887 1349 2883 1353 2887 1364 2898 1368 2898 1372 2898 1376 2898 1437 2887 1490 2879 1517 2891 1548 2902 1551 2902 1555 2902 1559 2902 1582 2891 1609 2879 1826 2879 1990 2898 2051 2902 2055 2902 2077 2898 2138 2883 2158 2898 2165 2906 2169 2906 2173 2906 2177 2910 2341 2910 2341 2906 2363 2902 2455 2883 2733 2906 2745 2822 2737 2780 1902 2795 1807 2773 1795 2773 1792 2773 1723 2773 1166 2792 1094 2773 1090 2773 1086 2773 1082 2773 1079 2773 1079 2776 1059 2795 930 2795 468 2769 468 2814"/></Shape>
	    <String CONTENT="היתה לו מטטרון למשה והראהו כל קריי ארץ ישרﭏ עד כאן תחומו של"
                    HPOS="465"
                    VPOS="2769"
                    WIDTH="2280"
                    HEIGHT="141"></String>
          </TextLine>

          
          
          <TextLine ID="eSc_line_799889"
                    
                    BASELINE="434 2922 528 2930 1273 2927 1300 2933 1382 2935 1468 2933 1494 2925 1519 2930 2426 2930 2467 2925 2749 2928" 
                    HPOS="430"
                    VPOS="2902"
                    WIDTH="2315"
                    HEIGHT="103">
            <Shape><Polygon POINTS="430 2986 2447 3005 2451 3005 2737 2982 2745 2925 2741 2902 430 2902 430 2921 430 2986"/></Shape>
	    <String CONTENT="אפרים עד כאן תחומו של מנשה ˙ ר&#39; יהושע או&#39; משה הוא בעצמו ראה אותה"
                    HPOS="430"
                    VPOS="2902"
                    WIDTH="2315"
                    HEIGHT="103"></String>
          </TextLine>

          
          
          <TextLine ID="eSc_line_799887"
                    
                    BASELINE="470 3024 551 3034 1336 3034 1511 3029 1885 3029 1943 3037 2136 3034 2197 3029 2767 3037" 
                    HPOS="465"
                    VPOS="2982"
                    WIDTH="2299"
                    HEIGHT="130">
            <Shape><Polygon POINTS="2714 3020 2703 2997 2653 2986 2318 2986 2314 2986 2310 2986 2306 2986 2306 2990 2287 3009 2241 2990 2238 2990 2234 2990 2230 2990 2192 3009 2188 3013 1948 3013 1944 3009 1925 2990 1925 2986 1921 2986 1917 2986 1914 2986 1750 3005 1711 3009 1662 3005 1487 2990 1483 2990 1403 3005 1395 3005 1391 3005 1372 2986 1368 2986 1364 2986 1361 2986 1246 3005 1231 3005 1227 3005 1204 2982 1201 2982 1197 2982 1193 2982 1189 2982 1136 3001 1124 3005 468 3001 468 3020 465 3085 575 3108 579 3112 2756 3112 2764 3035 2760 3013 2714 3001 2714 3020"/></Shape>
	    <String CONTENT="הא כיצד נתן כח בעיניו של משה וראה מסוף העולם ועד סופו ˙ ומות בהר"
                    HPOS="465"
                    VPOS="2982"
                    WIDTH="2299"
                    HEIGHT="130"></String>
          </TextLine>

          
          
          <TextLine ID="eSc_line_799890"
                    
                    BASELINE="472 3146 505 3141 1067 3141 1168 3146 1496 3148 1577 3146 1608 3141 2454 3143 2507 3138 2757 3141" 
                    HPOS="465"
                    VPOS="3112"
                    WIDTH="2291"
                    HEIGHT="110">
            <Shape><Polygon POINTS="468 3142 465 3192 537 3214 541 3214 1792 3222 1795 3222 2749 3199 2756 3138 2752 3119 468 3112 468 3142"/></Shape>
	    <String CONTENT="אשר אתה עולה שמה ˙ אמ&#39; לפניו רבונו ש&#39;ע&#39; למה אני מת לא טוב שיאמרו"
                    HPOS="465"
                    VPOS="3112"
                    WIDTH="2291"
                    HEIGHT="110"></String>
          </TextLine>

          
          
          <TextLine ID="eSc_line_799891"
                    
                    BASELINE="459 3258 551 3265 719 3265 795 3258 853 3258 879 3253 2363 3255 2431 3250 2762 3250" 
                    HPOS="453"
                    VPOS="3214"
                    WIDTH="2307"
                    HEIGHT="119">
            <Shape><Polygon POINTS="2436 3233 2398 3233 2360 3233 2322 3233 2283 3233 2245 3233 2207 3233 2200 3214 457 3226 457 3256 453 3306 510 3329 514 3329 518 3329 888 3313 976 3310 995 3313 1059 3333 1063 3333 1067 3333 1319 3317 1403 3313 1437 3317 1513 3333 1517 3333 1769 3321 2013 3313 2752 3333 2760 3249 2752 3214 2440 3214 2436 3233"/></Shape>
	    <String CONTENT="טוב משה ↑ משיאמרו טוב משה משמועה לא טוב שיאמרו משה שהוציאנו"
                    HPOS="453"
                    VPOS="3214"
                    WIDTH="2307"
                    HEIGHT="119"></String>
          </TextLine>

          
          
          <TextLine ID="eSc_line_799906"
                    TAGREFS="LT3"
                    BASELINE="2207 3231 2441 3231" 
                    HPOS="2203"
                    VPOS="3188"
                    WIDTH="237"
                    HEIGHT="57">
            <Shape><Polygon POINTS="2203 3230 2203 3245 2241 3245 2280 3245 2318 3245 2356 3245 2394 3245 2432 3245 2440 3245 2440 3230 2440 3199 2203 3188 2203 3230"/></Shape>
	    <String CONTENT="בראייה"
                    HPOS="2203"
                    VPOS="3188"
                    WIDTH="237"
                    HEIGHT="57"></String>
          </TextLine>

          
          
          <TextLine ID="eSc_line_799892"
                    
                    BASELINE="434 3372 645 3377 2167 3367 2711 3365 2767 3357" 
                    HPOS="427"
                    VPOS="3317"
                    WIDTH="2337"
                    HEIGHT="149">
            <Shape><Polygon POINTS="430 3371 430 3432 716 3439 758 3466 762 3466 766 3466 770 3466 941 3439 945 3439 1006 3466 1010 3466 1014 3466 1018 3466 1113 3439 1151 3432 1281 3435 1284 3443 1307 3462 1311 3462 1315 3462 1319 3466 1418 3466 1418 3462 1422 3462 1425 3462 1445 3443 1448 3439 1452 3443 1483 3462 1487 3462 1490 3462 1494 3462 1589 3443 1681 3428 1891 3447 2009 3458 2013 3458 2062 3451 2150 3432 2268 3451 2295 3454 2299 3454 2302 3454 2314 3451 2379 3432 2764 3454 2764 3355 2760 3336 2215 3317 2211 3317 2207 3317 2146 3336 2127 3336 1620 3321 1616 3321 1528 3340 1521 3340 1490 3340 1094 3325 1090 3325 427 3344 430 3371"/></Shape>
	    <String CONTENT="ממצרים וקרע לנו את הים והוריד לנו את המן ועשה לנו נסים וגבורות שיאמר"
                    HPOS="427"
                    VPOS="3317"
                    WIDTH="2337"
                    HEIGHT="149"></String>
          </TextLine>

          
        </TextBlock>
        
        <TextBlock HPOS="1728.0"
                   VPOS="286.0"
                   WIDTH="310.0"
                   HEIGHT="121.0"
                   ID="eSc_textblock_114481"
                   TAGREFS="BT852">
          <Shape><Polygon POINTS="1728 286 1728 407 2038 407 2038 286"/></Shape>
          
          
          <TextLine ID="eSc_line_1671629"
                    
                    BASELINE="1745 328 2043 337" 
                    HPOS="1738"
                    VPOS="289"
                    WIDTH="301"
                    HEIGHT="107">
            <Shape><Polygon POINTS="1856 289 1818 289 1780 289 1742 289 1742 327 1738 396 2032 388 2039 335 2009 289 1883 289 1856 289"/></Shape>
	    <String CONTENT="האזינו"
                    HPOS="1738"
                    VPOS="289"
                    WIDTH="301"
                    HEIGHT="107"></String>
          </TextLine>

          
        </TextBlock>
        
        <TextBlock HPOS="141.0"
                   VPOS="685.0"
                   WIDTH="332.0"
                   HEIGHT="180.0"
                   ID="eSc_textblock_114482"
                   TAGREFS="BT3">
          <Shape><Polygon POINTS="141 685 145 865 473 865 473 685"/></Shape>
          
          
          <TextLine ID="eSc_line_1671631"
                    
                    BASELINE="204 742 488 737" 
                    HPOS="198"
                    VPOS="697"
                    WIDTH="286"
                    HEIGHT="80">
            <Shape><Polygon POINTS="465 716 438 697 198 697 202 738 202 777 484 773 484 735 480 716 465 716"/></Shape>
	    <String CONTENT="בפרש&#39;"
                    HPOS="198"
                    VPOS="697"
                    WIDTH="286"
                    HEIGHT="80"></String>
          </TextLine>

          
          
          <TextLine ID="eSc_line_1671632"
                    
                    BASELINE="225 826 477 796" 
                    HPOS="217"
                    VPOS="754"
                    WIDTH="259"
                    HEIGHT="133">
            <Shape><Polygon POINTS="224 822 232 887 449 830 453 822 461 822 476 792 449 754 278 754 274 754 270 754 217 780 224 822"/></Shape>
	    <String CONTENT="כי תצא"
                    HPOS="217"
                    VPOS="754"
                    WIDTH="259"
                    HEIGHT="133"></String>
          </TextLine>

          
        </TextBlock>
        
        <TextBlock HPOS="2733.0"
                   VPOS="981.0"
                   WIDTH="587.0"
                   HEIGHT="269.0"
                   ID="eSc_textblock_114483"
                   TAGREFS="BT3">
          <Shape><Polygon POINTS="3320 981 3320 1250 2733 1250 2733 981"/></Shape>
          
          
          <TextLine ID="eSc_line_1671634"
                    
                    BASELINE="2883 1065 3277 1054" 
                    HPOS="2878"
                    VPOS="1013"
                    WIDTH="397"
                    HEIGHT="99">
            <Shape><Polygon POINTS="2882 1062 2882 1112 3275 1097 3275 1051 3271 1013 2878 1013 2882 1062"/></Shape>
	    <String CONTENT="כפרש&#39; נח"
                    HPOS="2878"
                    VPOS="1013"
                    WIDTH="397"
                    HEIGHT="99"></String>
          </TextLine>

          
          
          <TextLine ID="eSc_line_1671633"
                    
                    BASELINE="2816 1132 3261 1135" 
                    HPOS="2813"
                    VPOS="1070"
                    WIDTH="446"
                    HEIGHT="129">
            <Shape><Polygon POINTS="2813 1131 2813 1177 3031 1199 3035 1199 3259 1177 3259 1131 3259 1093 2970 1070 2966 1070 2813 1089 2813 1131"/></Shape>
	    <String CONTENT="כתי&#39; בעצם"
                    HPOS="2813"
                    VPOS="1070"
                    WIDTH="446"
                    HEIGHT="129"></String>
          </TextLine>

          
          
          <TextLine ID="eSc_line_1671635"
                    
                    BASELINE="2735 1213 3283 1221" 
                    HPOS="2729"
                    VPOS="1138"
                    WIDTH="553"
                    HEIGHT="141">
            <Shape><Polygon POINTS="2733 1211 2729 1249 2836 1276 2840 1276 2913 1260 2928 1257 2947 1260 3000 1279 3004 1279 3008 1279 3275 1276 3282 1218 3282 1173 3210 1142 3206 1142 3202 1142 3198 1142 3130 1169 3118 1173 3069 1165 2874 1138 2871 1138 2741 1150 2733 1211"/></Shape>
	    <String CONTENT="היום הזה בא נח"
                    HPOS="2729"
                    VPOS="1138"
                    WIDTH="553"
                    HEIGHT="141"></String>
          </TextLine>

          
        </TextBlock>
        
        <TextBlock HPOS="2728.0"
                   VPOS="1362.0"
                   WIDTH="395.0"
                   HEIGHT="135.0"
                   ID="eSc_textblock_114484"
                   TAGREFS="BT3">
          <Shape><Polygon POINTS="3123 1362 3123 1497 2728 1497 2728 1362"/></Shape>
          
          
          <TextLine ID="eSc_line_1671636"
                    
                    BASELINE="2741 1431 3124 1436" 
                    HPOS="2733"
                    VPOS="1363"
                    WIDTH="389"
                    HEIGHT="114">
            <Shape><Polygon POINTS="3118 1428 3096 1390 3015 1390 3012 1386 2974 1363 2966 1363 2928 1363 2890 1363 2851 1363 2813 1363 2775 1363 2737 1401 2737 1428 2733 1474 3111 1477 3122 1432 3118 1417 3118 1428"/></Shape>
	    <String CONTENT="בפרש&#39; בא"
                    HPOS="2733"
                    VPOS="1363"
                    WIDTH="389"
                    HEIGHT="114"></String>
          </TextLine>

          
        </TextBlock>
        

        
      </PrintSpace>
    </Page>
  </Layout>
</alto>
