<?xml version="1.0" encoding="UTF-8"?>
<alto xmlns:xsi="http://www.w3.org/2001/XMLSchema-instance"
      xmlns="http://www.loc.gov/standards/alto/ns-v4#"
      xsi:schemaLocation="http://www.loc.gov/standards/alto/ns-v4# http://www.loc.gov/standards/alto/v4/alto-4-2.xsd">
  <Description>
    <MeasurementUnit>pixel</MeasurementUnit>
    <sourceImageInformation>
      <fileName>00000071.jpg</fileName>
      
    </sourceImageInformation>
  </Description>
  
  <Tags>
    <OtherTag ID="BT1" LABEL="Title" DESCRIPTION="block type Title"/><OtherTag ID="BT2" LABEL="Main" DESCRIPTION="block type Main"/><OtherTag ID="BT3" LABEL="Commentary" DESCRIPTION="block type Commentary"/><OtherTag ID="BT4" LABEL="Illustration" DESCRIPTION="block type Illustration"/><OtherTag ID="BT851" LABEL="Margin" DESCRIPTION="block type Margin"/><OtherTag ID="BT852" LABEL="Paratext" DESCRIPTION="block type Paratext"/>
    <OtherTag ID="LT2" LABEL="Numbering" DESCRIPTION="line type Numbering"/><OtherTag ID="LT3" LABEL="Correction" DESCRIPTION="line type Correction"/><OtherTag ID="LT336" LABEL="Gloss" DESCRIPTION="line type Gloss"/>
  </Tags>
  
  <Layout>
    <Page WIDTH="3626"
          HEIGHT="4571"
          PHYSICAL_IMG_NR="66"
          ID="eSc_dummypage_">
      <PrintSpace HPOS="0"
                  VPOS="0"
                  WIDTH="3626"
                  HEIGHT="4571">
        
        <TextBlock HPOS="3145.0"
                   VPOS="2317.0"
                   WIDTH="227.0"
                   HEIGHT="308.0"
                   ID="eSc_textblock_5617"
                   TAGREFS="BT3">
          <Shape><Polygon POINTS="3372 2597 3153 2625 3145 2317 3364 2317"/></Shape>
          
          
          <TextLine ID="eSc_line_673602"
                    
                    BASELINE="3167 2388 3342 2393" 
                    HPOS="3160"
                    VPOS="2327"
                    WIDTH="180"
                    HEIGHT="107">
            <Shape><Polygon POINTS="3164 2384 3160 2430 3198 2434 3332 2434 3340 2392 3340 2346 3164 2327 3164 2384"/></Shape>
	    <String CONTENT="נ&#39;ל&#39;"
                    HPOS="3160"
                    VPOS="2327"
                    WIDTH="180"
                    HEIGHT="107"></String>
          </TextLine>

          
          
          <TextLine ID="eSc_line_673603"
                    
                    BASELINE="3116 2436 3355 2450" 
                    HPOS="3111"
                    VPOS="2373"
                    WIDTH="240"
                    HEIGHT="106">
            <Shape><Polygon POINTS="3115 2434 3111 2456 3149 2453 3157 2464 3340 2479 3351 2449 3347 2388 3240 2399 3115 2373 3115 2434"/></Shape>
	    <String CONTENT="משם"
                    HPOS="3111"
                    VPOS="2373"
                    WIDTH="240"
                    HEIGHT="106"></String>
          </TextLine>

          
          
          <TextLine ID="eSc_line_673604"
                    
                    BASELINE="3130 2520 3372 2506" 
                    HPOS="3122"
                    VPOS="2434"
                    WIDTH="248"
                    HEIGHT="217">
            <Shape><Polygon POINTS="3351 2449 3309 2449 3294 2445 3240 2460 3134 2449 3122 2456 3126 2517 3126 2582 3130 2651 3187 2651 3187 2647 3191 2647 3195 2647 3244 2605 3294 2563 3370 2555 3370 2502 3359 2434 3351 2434 3351 2449"/></Shape>
	    <String CONTENT="לכאן"
                    HPOS="3122"
                    VPOS="2434"
                    WIDTH="248"
                    HEIGHT="217"></String>
          </TextLine>

          
        </TextBlock>
        
        <TextBlock HPOS="412.0"
                   VPOS="1602.0"
                   WIDTH="500.0"
                   HEIGHT="158.0"
                   ID="eSc_textblock_5618"
                   TAGREFS="BT3">
          <Shape><Polygon POINTS="412 1760 912 1748 912 1602 420 1614"/></Shape>
          
          
          <TextLine ID="eSc_line_673601"
                    
                    BASELINE="414 1689 598 1695 689 1673 910 1684" 
                    HPOS="407"
                    VPOS="1603"
                    WIDTH="500"
                    HEIGHT="179">
            <Shape><Polygon POINTS="876 1626 793 1603 789 1603 751 1603 712 1607 674 1607 667 1607 636 1611 629 1607 602 1607 564 1611 526 1611 495 1611 442 1618 411 1679 411 1687 407 1778 533 1782 537 1782 541 1782 568 1767 659 1717 712 1748 716 1748 720 1748 724 1748 804 1721 892 1744 907 1683 903 1668 876 1626"/></Shape>
	    <String CONTENT="בפרש&#39; תצוה"
                    HPOS="407"
                    VPOS="1603"
                    WIDTH="500"
                    HEIGHT="179"></String>
          </TextLine>

          
        </TextBlock>
        
        <TextBlock HPOS="120.0"
                   VPOS="2425.0"
                   WIDTH="684.0"
                   HEIGHT="277.0"
                   ID="eSc_textblock_5619"
                   TAGREFS="BT3">
          <Shape><Polygon POINTS="130 2582 535 2558 536 2702 804 2693 781 2425 120 2463"/></Shape>
          
          
          <TextLine ID="eSc_line_673605"
                    
                    BASELINE="132 2514 357 2504 526 2506 753 2495" 
                    HPOS="129"
                    VPOS="2426"
                    WIDTH="622"
                    HEIGHT="190">
            <Shape><Polygon POINTS="735 2426 697 2430 659 2430 621 2434 583 2434 545 2437 507 2441 468 2441 461 2441 430 2445 415 2445 198 2460 186 2456 163 2460 129 2460 129 2510 129 2563 179 2601 183 2601 186 2601 354 2616 358 2616 411 2613 415 2613 419 2613 518 2544 526 2540 747 2540 751 2491 743 2426 735 2426"/></Shape>
	    <String CONTENT="נ&#39;ל&#39; יצאו משם"
                    HPOS="129"
                    VPOS="2426"
                    WIDTH="622"
                    HEIGHT="190"></String>
          </TextLine>

          
          
          <TextLine ID="eSc_line_673606"
                    
                    BASELINE="528 2598 770 2584" 
                    HPOS="522"
                    VPOS="2506"
                    WIDTH="244"
                    HEIGHT="202">
            <Shape><Polygon POINTS="522 2559 526 2597 529 2708 766 2674 766 2582 754 2506 522 2552 522 2559"/></Shape>
	    <String CONTENT="לכאן"
                    HPOS="522"
                    VPOS="2506"
                    WIDTH="244"
                    HEIGHT="202"></String>
          </TextLine>

          
        </TextBlock>
        
        <TextBlock HPOS="81.0"
                   VPOS="2894.0"
                   WIDTH="800.0"
                   HEIGHT="568.0"
                   ID="eSc_textblock_5620"
                   TAGREFS="BT3">
          <Shape><Polygon POINTS="873 3413 81 3462 89 2894 881 2894"/></Shape>
          
          
          <TextLine ID="eSc_line_673609"
                    
                    BASELINE="194 2974 333 2996 432 2988 604 2985 709 2974 864 2996" 
                    HPOS="186"
                    VPOS="2894"
                    WIDTH="675"
                    HEIGHT="164">
            <Shape><Polygon POINTS="522 2894 518 2894 423 2910 354 2921 297 2921 282 2898 274 2894 266 2894 228 2894 190 2894 190 2971 186 3039 354 3051 358 3051 362 3051 366 3051 385 3039 404 3028 442 3039 465 3043 468 3043 472 3043 514 3035 590 3024 625 3035 686 3058 690 3058 693 3058 697 3058 701 3058 728 3035 735 3032 846 3032 861 2994 846 2940 632 2933 613 2925 526 2894 522 2894"/></Shape>
	    <String CONTENT="בשני הלחם של"
                    HPOS="186"
                    VPOS="2894"
                    WIDTH="675"
                    HEIGHT="164"></String>
          </TextLine>

          
          
          <TextLine ID="eSc_line_673610"
                    
                    BASELINE="243 3061 381 3063 569 3058 848 3074" 
                    HPOS="236"
                    VPOS="2994"
                    WIDTH="610"
                    HEIGHT="144">
            <Shape><Polygon POINTS="240 3058 236 3104 377 3127 381 3127 671 3112 686 3112 690 3112 720 3134 732 3138 735 3138 739 3138 842 3112 846 3073 842 3001 674 3032 632 3032 610 3005 598 2997 598 2994 594 2994 590 2994 587 2994 240 3013 240 3058"/></Shape>
	    <String CONTENT="חג השבועות"
                    HPOS="236"
                    VPOS="2994"
                    WIDTH="610"
                    HEIGHT="144"></String>
          </TextLine>

          
          
          <TextLine ID="eSc_line_673611"
                    
                    BASELINE="208 3169 335 3150 556 3140 858 3150" 
                    HPOS="202"
                    VPOS="3077"
                    WIDTH="655"
                    HEIGHT="130">
            <Shape><Polygon POINTS="850 3108 815 3077 770 3096 735 3108 720 3096 701 3081 697 3081 693 3081 541 3077 537 3077 533 3077 529 3077 529 3081 526 3081 514 3096 343 3089 339 3089 202 3112 205 3165 205 3207 850 3184 857 3146 854 3108 850 3108"/></Shape>
	    <String CONTENT="בפרש&#39; אמור"
                    HPOS="202"
                    VPOS="3077"
                    WIDTH="655"
                    HEIGHT="130"></String>
          </TextLine>

          
          
          <TextLine ID="eSc_line_673612"
                    
                    BASELINE="57 3263 174 3266 400 3239 553 3226 712 3235 861 3235" 
                    HPOS="49"
                    VPOS="3157"
                    WIDTH="808"
                    HEIGHT="179">
            <Shape><Polygon POINTS="850 3230 823 3176 724 3157 720 3157 716 3157 667 3180 663 3184 659 3180 621 3157 617 3157 613 3157 610 3157 358 3169 354 3169 350 3169 327 3188 301 3203 190 3207 49 3192 53 3260 53 3333 129 3317 144 3333 148 3336 152 3336 156 3336 160 3336 297 3333 301 3333 343 3317 385 3298 415 3310 449 3325 453 3325 457 3325 461 3325 507 3302 518 3298 522 3302 537 3313 541 3313 545 3313 549 3313 857 3275 857 3233 854 3230 850 3230"/></Shape>
	    <String CONTENT="ממו שבותיכם תביאו"
                    HPOS="49"
                    VPOS="3157"
                    WIDTH="808"
                    HEIGHT="179"></String>
          </TextLine>

          
          
          <TextLine ID="eSc_line_673613"
                    
                    BASELINE="57 3373 335 3338 551 3346 861 3311" 
                    HPOS="49"
                    VPOS="3245"
                    WIDTH="808"
                    HEIGHT="206">
            <Shape><Polygon POINTS="53 3371 57 3435 163 3447 167 3447 171 3447 224 3424 320 3451 324 3451 327 3451 331 3451 427 3405 434 3405 442 3405 549 3432 552 3432 556 3432 663 3393 720 3405 724 3405 857 3371 857 3310 850 3245 202 3317 186 3317 114 3302 110 3302 106 3302 49 3329 53 3371"/></Shape>
	    <String CONTENT="לחם תנופה שתים וגו&#39;"
                    HPOS="49"
                    VPOS="3245"
                    WIDTH="808"
                    HEIGHT="206"></String>
          </TextLine>

          
        </TextBlock>
        
        <TextBlock HPOS="132.0"
                   VPOS="3373.0"
                   WIDTH="3124.0"
                   HEIGHT="397.0"
                   ID="eSc_textblock_5621"
                   TAGREFS="BT3">
          <Shape><Polygon POINTS="3252 3770 843 3770 813 3628 157 3621 132 3494 596 3495 618 3414 862 3414 889 3373 3256 3440"/></Shape>
          
          
          <TextLine ID="eSc_line_673614"
                    
                    BASELINE="600 3467 755 3456 984 3469 1231 3475 1460 3494 1568 3483 1718 3502 1853 3496 2151 3504 2402 3507 2582 3515 2832 3519 3240 3500" 
                    HPOS="594"
                    VPOS="3397"
                    WIDTH="2643"
                    HEIGHT="168">
            <Shape><Polygon POINTS="3183 3439 3145 3439 3111 3435 3073 3435 3035 3435 3012 3443 2947 3458 2607 3458 2592 3443 2588 3439 2588 3435 2585 3435 2581 3435 2577 3435 2539 3443 2474 3454 2459 3443 2428 3416 2424 3416 2421 3416 2417 3416 2413 3416 2375 3428 2360 3416 2348 3416 2325 3413 2291 3443 2276 3451 2074 3443 1845 3432 1841 3432 1719 3443 1647 3447 1532 3443 1456 3439 1403 3397 1399 3397 1395 3397 1391 3397 1159 3416 873 3401 861 3413 823 3416 785 3416 747 3416 712 3416 674 3416 648 3416 625 3424 598 3462 598 3466 594 3515 1254 3519 1292 3527 1429 3553 1433 3553 1616 3534 1654 3531 1696 3534 1856 3557 1860 3557 2329 3546 2474 3542 2642 3550 2935 3565 2939 3565 2993 3553 3084 3538 3229 3557 3237 3496 3233 3443 3202 3439 3183 3439"/></Shape>
	    <String CONTENT="אורז ריזו: דוחן מילייו: פרגין הוא כרמון אבל לא עגול כמוהו"
                    HPOS="594"
                    VPOS="3397"
                    WIDTH="2643"
                    HEIGHT="168"></String>
          </TextLine>

          
          
          <TextLine ID="eSc_line_673615"
                    
                    BASELINE="148 3527 368 3532 639 3540 809 3540 1038 3543 1151 3546 1444 3570 1769 3581 1928 3581 2079 3592 2230 3583 2499 3600 2800 3593 3267 3577" 
                    HPOS="141"
                    VPOS="3481"
                    WIDTH="3122"
                    HEIGHT="183">
            <Shape><Polygon POINTS="564 3496 526 3496 488 3496 449 3496 411 3496 373 3496 335 3496 297 3496 259 3496 221 3496 183 3496 144 3496 144 3523 141 3618 1075 3603 1170 3626 1216 3637 1220 3637 1223 3637 1227 3637 1269 3626 1338 3607 1361 3626 1368 3630 1368 3633 1372 3633 1376 3633 1628 3645 2066 3649 2070 3649 2074 3649 2138 3630 2142 3630 2161 3630 2741 3660 2745 3664 2859 3664 2859 3660 2863 3660 2867 3660 2909 3633 3259 3633 3263 3576 3263 3546 3137 3519 3134 3519 3035 3538 3012 3542 2623 3538 2607 3531 2581 3515 2577 3515 2573 3515 2135 3519 1719 3523 1673 3508 1647 3500 1643 3500 1639 3500 1464 3504 1109 3515 1075 3496 1067 3489 1063 3489 1059 3489 590 3481 564 3496"/></Shape>
	    <String CONTENT="ומלא זרע כחרדל וכשמנע נעו קורא קיש וכשי נקב יצא הכל מן הנקב והוא"
                    HPOS="141"
                    VPOS="3481"
                    WIDTH="3122"
                    HEIGHT="183"></String>
          </TextLine>

          
          
          <TextLine ID="eSc_line_673616"
                    
                    BASELINE="853 3648 1073 3643 1258 3643 1417 3652 1487 3674 1788 3679 1939 3685 2057 3669 2259 3678 2547 3667 2752 3686 3021 3664 3272 3648" 
                    HPOS="846"
                    VPOS="3595"
                    WIDTH="2425"
                    HEIGHT="198">
            <Shape><Polygon POINTS="850 3645 850 3740 1391 3729 1410 3736 1498 3793 1502 3793 1506 3793 1509 3793 1513 3793 1650 3755 1772 3790 1776 3790 1780 3790 1784 3790 1788 3790 1853 3744 1959 3790 1963 3790 1967 3790 2077 3786 2081 3786 2150 3752 2253 3786 2257 3786 2261 3786 2493 3782 2497 3782 2577 3752 2646 3782 2649 3782 2653 3786 2756 3786 2756 3782 2836 3778 2840 3778 2844 3778 2913 3736 3115 3771 3118 3771 3122 3771 3126 3771 3206 3710 3267 3710 3271 3645 3263 3599 2768 3626 2501 3603 2493 3603 2489 3603 2485 3603 2344 3630 2138 3603 2116 3603 2112 3603 2108 3603 2100 3603 2001 3633 1822 3607 1814 3607 1811 3607 1807 3607 1727 3633 1528 3630 1471 3607 1429 3595 1425 3595 1246 3595 1242 3595 1239 3595 1235 3595 1212 3611 1193 3622 1162 3611 1132 3599 1128 3599 1124 3599 846 3611 850 3645"/></Shape>
	    <String CONTENT="מתוק ועושין ממנו שמן: שומשמין זרעונין ירוקין שושמי&#39; בלע&#39; :"
                    HPOS="846"
                    VPOS="3595"
                    WIDTH="2425"
                    HEIGHT="198"></String>
          </TextLine>

          
        </TextBlock>
        
        <TextBlock HPOS="862.0"
                   VPOS="622.0"
                   WIDTH="2302.0"
                   HEIGHT="2822.0"
                   ID="eSc_textblock_5622"
                   TAGREFS="BT2">
          <Shape><Polygon POINTS="3164 3444 862 3398 889 622 3153 622"/></Shape>
          
          
          <TextLine ID="eSc_line_656486"
                    
                    BASELINE="889 650 950 647 1001 652 1232 655 1811 655 2754 672 3183 672" 
                    HPOS="884"
                    VPOS="617"
                    WIDTH="2295"
                    HEIGHT="141">
            <Shape><Polygon POINTS="3134 624 3096 624 3057 624 3019 624 2566 636 2524 624 2524 624 2485 624 2447 624 2409 624 2371 624 2333 624 2295 624 2291 624 2222 628 2211 624 2180 624 2142 624 2104 624 2066 624 2028 624 1990 624 1952 624 1914 624 1875 624 1837 624 1799 624 1761 624 1723 624 1685 624 1647 624 1609 624 1570 624 1532 624 1494 624 1456 624 1418 624 1380 624 1342 624 1303 624 1265 624 1227 624 1189 624 1151 624 1113 624 1075 624 1037 624 998 624 960 624 926 624 888 617 888 647 884 700 1090 704 1155 735 1159 735 1162 735 1418 712 1429 712 1441 712 1662 742 1666 742 1799 719 1948 746 1952 746 2146 723 2158 723 2165 723 2268 750 2272 750 2276 750 2520 731 2562 727 2577 731 2657 754 2661 754 2665 754 2668 754 2729 735 2749 727 2966 731 2974 738 3023 758 3027 758 3031 758 3176 738 3179 670 3172 620 3134 620 3134 624"/></Shape>
	    <String CONTENT="בהן אי מה ישרﭏ בדם עולה וזבחי שלמים אף גרים כן ת&#39;ל&#39; ועשה אשה ריח ניחוח"
                    HPOS="884"
                    VPOS="617"
                    WIDTH="2295"
                    HEIGHT="141"></String>
          </TextLine>

          
          
          <TextLine ID="eSc_line_656487"
                    
                    BASELINE="851 764 988 774 1379 779 1501 777 1725 782 2131 782 2469 789 2525 787 2698 794 3023 794 3074 799 3155 794" 
                    HPOS="846"
                    VPOS="712"
                    WIDTH="2307"
                    HEIGHT="167">
            <Shape><Polygon POINTS="850 761 846 841 884 826 1006 845 1014 845 1018 845 1021 845 1025 845 1086 830 1105 845 1117 857 1120 857 1124 857 1288 860 1292 860 1296 860 1326 845 1353 834 1433 845 1532 860 1536 860 1666 845 1750 838 1769 845 1803 864 1807 864 1936 868 1940 868 1944 868 2001 845 2020 841 2188 841 2203 845 2253 872 2257 872 2261 876 2424 876 2424 872 2428 872 2474 849 2482 845 2501 849 2672 876 2676 876 2680 876 2684 876 2684 872 2714 849 2871 872 2874 872 3015 853 3096 879 3099 879 3103 879 3107 879 3111 879 3149 853 3153 792 3149 761 2836 761 2825 758 2737 731 2733 731 2729 731 2539 754 2516 754 2501 754 2390 727 2386 727 2211 750 2192 750 2177 750 2066 723 2062 723 2058 723 1978 746 1971 746 1967 746 1872 719 1868 719 1746 719 1742 719 1738 719 1734 719 1704 742 1700 742 1498 716 1494 716 1490 716 1399 738 1395 738 1033 738 1029 735 941 712 937 712 934 712 930 712 850 731 850 761"/></Shape>
	    <String CONTENT="אמרת צא וראה אי זהו מן דמים שכולו עולה לאישים ואין לך הימנו היתר אי את&#39;"
                    HPOS="846"
                    VPOS="712"
                    WIDTH="2307"
                    HEIGHT="167"></String>
          </TextLine>

          
          
          <TextLine ID="eSc_line_656488"
                    
                    BASELINE="874 881 1079 888 1412 888 1806 896 2022 896 2358 906 2899 906 3094 911 3150 906" 
                    HPOS="869"
                    VPOS="826"
                    WIDTH="2280"
                    HEIGHT="149">
            <Shape><Polygon POINTS="873 879 869 937 1456 967 1460 967 1559 948 1563 948 1570 948 1677 971 1681 971 1685 971 1753 952 1780 971 1784 971 1788 971 1792 971 1887 952 1898 952 1921 952 2142 975 2146 975 3145 967 3149 902 3137 849 3107 868 2935 849 2890 845 2886 845 2882 845 2878 845 2878 849 2874 849 2855 872 2790 872 2771 849 2771 845 2768 845 2768 841 2764 841 2760 841 2756 841 2752 841 2726 849 2668 864 2566 849 2508 841 2505 841 2375 849 2177 860 2131 849 2093 838 2089 838 2085 838 2081 838 2051 849 2024 860 1723 860 1711 849 1696 834 1692 834 1689 834 1544 830 1540 830 1536 830 1532 830 1509 849 1498 857 1296 857 1250 849 1113 826 1109 826 1105 826 1101 826 1079 849 1075 849 873 849 873 879"/></Shape>
	    <String CONTENT="מוצא ﭏא עולת העוף להביא פרידה אחת אינו יכול שלא מצינו פרידה אחת"
                    HPOS="869"
                    VPOS="826"
                    WIDTH="2280"
                    HEIGHT="149"></String>
          </TextLine>

          
          
          <TextLine ID="eSc_line_656489"
                    
                    BASELINE="859 998 1356 1008 2022 1005 2197 1010 2553 1013 2673 1020 3155 1013" 
                    HPOS="854"
                    VPOS="944"
                    WIDTH="2299"
                    HEIGHT="153">
            <Shape><Polygon POINTS="857 994 854 1066 1075 1066 1079 1066 1113 1093 1117 1093 1120 1093 1124 1093 1128 1093 1197 1070 1208 1066 1239 1070 1403 1093 1406 1093 1506 1074 1544 1066 1788 1066 1807 1077 1837 1093 1841 1093 1845 1097 2001 1097 2001 1093 2005 1093 2032 1081 2062 1066 2200 1066 2241 1081 2268 1093 2272 1093 2276 1093 2493 1089 2497 1089 2505 1085 2543 1066 2607 1089 2627 1093 2630 1093 2634 1093 2726 1089 3038 1070 3145 1093 3153 1009 3149 975 2855 975 2851 971 2829 948 2829 944 2825 944 2821 944 2817 944 2813 944 2718 967 2703 975 2356 975 2337 963 2299 952 2295 952 2291 952 2287 952 2261 963 2253 967 2253 963 2234 948 2234 944 2230 944 2226 944 2222 944 2009 963 1971 963 1944 959 1864 948 1860 948 1856 948 1853 948 1853 952 1841 959 1830 971 1746 959 1666 948 1662 948 1609 956 1532 975 1376 975 1353 956 1342 944 1338 944 1334 944 1231 944 1227 944 1223 944 1220 944 1220 948 1212 952 1189 971 857 952 857 994"/></Shape>
	    <String CONTENT="קריבה בכל התורה ˙ מכאן אמרו כל הקינין שבתורה חציין עולות חוץ משל"
                    HPOS="854"
                    VPOS="944"
                    WIDTH="2299"
                    HEIGHT="153"></String>
          </TextLine>

          
          
          <TextLine ID="eSc_line_656490"
                    
                    BASELINE="869 1104 952 1112 1234 1109 1328 1114 1738 1112 1951 1117 2238 1117 2474 1124 3147 1119" 
                    HPOS="861"
                    VPOS="1047"
                    WIDTH="2284"
                    HEIGHT="156">
            <Shape><Polygon POINTS="865 1100 865 1173 1098 1173 1109 1177 1151 1199 1155 1199 1159 1199 1162 1199 1166 1199 1166 1196 1189 1177 1197 1173 1605 1173 1647 1180 1784 1203 1788 1203 1921 1184 1944 1203 1948 1203 1952 1203 1955 1203 2089 1199 2093 1199 2161 1180 2196 1173 2234 1180 2329 1203 2333 1203 2436 1184 2455 1180 2478 1184 2581 1199 2585 1199 3141 1184 3145 1116 3141 1081 2802 1081 2790 1074 2733 1051 2729 1051 2726 1051 2722 1051 2657 1074 2646 1077 2642 1074 2611 1047 2607 1047 2604 1047 2600 1047 2596 1047 2535 1070 2516 1077 2485 1070 2398 1051 2394 1051 2390 1051 2386 1051 2386 1055 2371 1070 2360 1085 2169 1085 2146 1066 2127 1051 2123 1051 2119 1051 2116 1051 2112 1051 2108 1051 2089 1066 2066 1085 1891 1085 1849 1062 1822 1051 1818 1051 1814 1051 1811 1051 1780 1062 1742 1074 1700 1058 1670 1051 1666 1051 1662 1051 1658 1051 1639 1058 1597 1085 1452 1085 1391 1055 1376 1051 1372 1051 1368 1051 1364 1051 1361 1051 1353 1055 1323 1074 1281 1055 1277 1055 1273 1055 1262 1055 1113 1070 861 1051 865 1100"/></Shape>
	    <String CONTENT="גר מפני שכולם עולה כליל כאשר תעשו כן יעשה למה נאמ&#39; שהיה בדין הואיל"
                    HPOS="861"
                    VPOS="1047"
                    WIDTH="2284"
                    HEIGHT="156"></String>
          </TextLine>

          
          
          <TextLine ID="eSc_line_656492"
                    
                    BASELINE="843 1216 902 1213 1072 1221 1125 1218 1575 1226 1806 1224 1832 1229 1994 1226 2075 1231 2241 1229 2640 1241 3112 1241 3165 1246" 
                    HPOS="838"
                    VPOS="1165"
                    WIDTH="2326"
                    HEIGHT="156">
            <Shape><Polygon POINTS="842 1215 838 1268 987 1295 991 1295 1216 1279 1239 1298 1239 1302 1242 1302 1246 1302 1250 1302 1254 1302 1353 1279 1460 1302 1464 1302 1563 1283 1883 1310 1887 1310 1891 1310 1982 1287 2009 1310 2013 1310 2016 1310 2219 1314 2222 1317 2402 1317 2402 1314 2405 1314 2409 1314 2432 1295 2543 1317 2546 1317 2863 1302 3073 1321 3076 1321 3080 1321 3157 1295 3164 1245 3160 1207 2909 1207 2890 1203 2836 1184 2832 1184 2829 1184 2825 1184 2764 1199 2752 1203 2737 1199 2676 1184 2672 1184 2668 1184 2665 1184 2634 1199 2627 1203 2394 1203 2386 1196 2363 1180 2360 1180 2356 1180 2352 1180 2348 1180 2306 1196 2299 1199 2081 1199 2058 1196 1887 1173 1883 1173 1879 1173 1803 1192 1795 1192 1780 1192 1570 1169 1567 1169 1326 1188 1300 1188 1292 1188 1262 1165 1258 1165 1254 1165 1250 1165 842 1180 842 1215"/></Shape>
	    <String CONTENT="ומצינו שחלקה תורה את קרבנותיו כך תחלוק נסכים ת&#39;ל&#39; כאשר תעשו מה אתם"
                    HPOS="838"
                    VPOS="1165"
                    WIDTH="2326"
                    HEIGHT="156"></String>
          </TextLine>

          
          
          <TextLine ID="eSc_line_656493"
                    
                    BASELINE="874 1330 985 1338 1415 1338 1740 1345 1865 1343 1915 1348 2225 1350 2492 1361 3165 1356" 
                    HPOS="869"
                    VPOS="1283"
                    WIDTH="2295"
                    HEIGHT="153">
            <Shape><Polygon POINTS="873 1329 869 1397 995 1424 998 1424 1002 1424 1006 1424 1040 1401 1178 1424 1181 1424 1185 1424 1242 1401 1296 1420 1300 1420 1303 1420 1452 1401 1509 1436 1513 1436 1517 1436 1521 1436 1639 1413 1677 1432 1681 1432 1685 1432 1689 1432 1742 1405 1795 1428 1799 1428 1803 1428 1807 1428 1894 1405 1975 1436 1978 1436 1982 1436 1986 1436 2055 1405 2100 1436 2104 1436 2108 1436 2112 1436 2447 1417 2790 1436 2794 1436 2798 1436 2802 1436 2848 1409 2867 1424 2867 1428 2871 1428 2874 1428 3027 1436 3031 1436 3035 1436 3160 1401 3164 1352 3160 1317 2989 1317 2989 1314 2932 1287 2928 1287 2924 1287 2920 1287 2916 1287 2916 1291 2886 1314 2886 1317 2672 1317 2672 1314 2646 1291 2646 1287 2642 1287 2638 1287 2497 1287 2493 1287 2489 1287 2424 1314 2360 1287 2356 1287 2352 1287 2348 1287 2257 1314 2215 1287 2211 1287 2207 1287 2203 1287 2200 1287 2142 1314 1860 1291 1856 1291 1853 1291 1799 1314 1799 1317 1650 1317 1650 1314 1570 1287 1567 1287 1563 1287 1559 1287 1464 1314 1448 1314 1281 1314 1250 1287 1250 1283 1246 1283 1242 1283 1239 1283 1235 1283 1189 1302 911 1283 907 1283 903 1283 899 1283 873 1302 873 1329"/></Shape>
	    <String CONTENT="ששה לפר וארבע לאיל ושלשה לכבש אף גרים כיוצא בהן ˙ ס&#39;פ&#39; ˙ הקהל אין לי"
                    HPOS="869"
                    VPOS="1283"
                    WIDTH="2295"
                    HEIGHT="153"></String>
          </TextLine>

          
          
          <TextLine ID="eSc_line_656494"
                    
                    BASELINE="907 1444 965 1442 1021 1447 1738 1460 1847 1457 2088 1465 2157 1462 2355 1467 2467 1465 2668 1470 3147 1465" 
                    HPOS="899"
                    VPOS="1386"
                    WIDTH="2246"
                    HEIGHT="168">
            <Shape><Polygon POINTS="903 1443 899 1500 1006 1527 1010 1527 1223 1508 1262 1531 1265 1531 1269 1531 1273 1531 1277 1531 1364 1508 1414 1535 1418 1535 1422 1535 1582 1516 1708 1538 1711 1538 2173 1519 2268 1546 2272 1546 2276 1546 2455 1523 2558 1550 2562 1550 2566 1554 2684 1554 2684 1550 2688 1550 2691 1550 2691 1546 2714 1527 2851 1554 2855 1554 3141 1527 3145 1462 3145 1436 3103 1409 3099 1409 3096 1409 3092 1409 3088 1409 2993 1439 2951 1439 2867 1439 2863 1436 2829 1413 2825 1413 2821 1413 2817 1413 2615 1432 2569 1401 2566 1401 2562 1401 2558 1401 2299 1428 2295 1428 2219 1401 2215 1401 2036 1397 2032 1397 2028 1397 2024 1397 1982 1424 1910 1394 1906 1394 1902 1394 1898 1394 1841 1424 1772 1424 1731 1424 1727 1420 1670 1390 1666 1390 1662 1390 1658 1390 1555 1417 1227 1417 1166 1386 1162 1386 1159 1386 1155 1386 1151 1386 1117 1409 1094 1390 1090 1390 1086 1390 1082 1390 903 1409 903 1443"/></Shape>
	    <String CONTENT="ﭏא אנשים נשים מנין ת&#39;ל&#39; חוקה אחת לכם ולגר הגר לפי שאמרו בישרﭏ צריך"
                    HPOS="899"
                    VPOS="1386"
                    WIDTH="2246"
                    HEIGHT="168"></String>
          </TextLine>

          
          
          <TextLine ID="eSc_line_656495"
                    
                    BASELINE="859 1549 1229 1556 1400 1554 1516 1559 1778 1561 2040 1559 2629 1571 3147 1571" 
                    HPOS="854"
                    VPOS="1516"
                    WIDTH="2291"
                    HEIGHT="129">
            <Shape><Polygon POINTS="857 1546 854 1603 960 1630 964 1630 1300 1611 1303 1611 1368 1634 1372 1634 1376 1634 1635 1615 1685 1637 1689 1637 1692 1637 1872 1618 1990 1637 1994 1637 1997 1637 2051 1618 2108 1641 2112 1641 2116 1641 2295 1622 2417 1645 2421 1645 3141 1626 3145 1569 3145 1531 857 1516 857 1546"/></Shape>
	    <String CONTENT="להביא את הגרים שבכל מקום שמעשה בישרﭏ צריך להביא את הגרים חוקת"
                    HPOS="854"
                    VPOS="1516"
                    WIDTH="2291"
                    HEIGHT="129"></String>
          </TextLine>

          
          
          <TextLine ID="eSc_line_656496"
                    
                    BASELINE="903 1668 935 1670 1435 1670 1471 1676 1610 1678 1758 1676 2177 1683 2662 1683 2688 1688 2911 1686 3160 1691" 
                    HPOS="896"
                    VPOS="1611"
                    WIDTH="2261"
                    HEIGHT="145">
            <Shape><Polygon POINTS="899 1664 896 1725 3145 1756 3157 1687 3153 1649 3023 1618 2840 1618 2836 1618 2832 1618 2829 1618 2794 1645 2790 1649 2649 1649 2649 1645 2630 1630 2630 1626 2627 1626 2623 1626 2619 1626 2615 1626 2611 1626 2611 1630 2596 1645 2592 1649 2337 1649 2329 1641 2257 1615 2253 1615 2249 1615 2093 1641 2085 1645 1731 1645 1723 1641 1654 1615 1650 1615 1647 1615 1643 1615 1582 1637 1578 1641 1570 1637 1517 1615 1513 1615 1509 1615 1506 1615 1502 1615 1471 1637 1471 1641 1467 1637 1433 1611 1429 1611 1425 1611 1422 1611 1418 1611 1315 1637 1311 1637 1307 1637 1155 1611 1151 1611 1147 1611 1071 1637 1063 1637 899 1637 899 1664"/></Shape>
	    <String CONTENT="עולם לדורותיכם שינהג הדבר לדורות ˙ כגר יהיה לפני ייי ˙ למה נאמ&#39; לפי שנא&#39; ←"
                    HPOS="896"
                    VPOS="1611"
                    WIDTH="2261"
                    HEIGHT="145"></String>
          </TextLine>

          
          
          <TextLine ID="eSc_line_656497"
                    
                    BASELINE="843 1780 1247 1790 1461 1787 2030 1795 2342 1795 2520 1800 2576 1797 2673 1803 2899 1797 2995 1800 3160 1792" 
                    HPOS="838"
                    VPOS="1725"
                    WIDTH="2319"
                    HEIGHT="156">
            <Shape><Polygon POINTS="842 1778 838 1839 1830 1874 1833 1874 2074 1851 2192 1877 2196 1877 2200 1877 2203 1877 2226 1858 2291 1877 2295 1877 2299 1877 2550 1855 2573 1874 2573 1877 2577 1877 2581 1877 2676 1881 2680 1881 2684 1881 2729 1862 2768 1881 2771 1881 2775 1881 2779 1881 2863 1862 3012 1881 3015 1881 3153 1855 3157 1790 3149 1744 1967 1752 1952 1744 1933 1729 1929 1729 1925 1729 1772 1729 1769 1729 1765 1729 1727 1744 1711 1752 1696 1744 1654 1725 1650 1725 1647 1725 1643 1725 1570 1744 1567 1744 1563 1744 1425 1725 1422 1725 1418 1725 1361 1744 1349 1748 842 1748 842 1778"/></Shape>
	    <String CONTENT="והיה על מצחו ואין לי ﭏא הציץ מרצה בישרﭏ לגרים מנין ת&#39;ל&#39; כגר יהיה תורה אחת"
                    HPOS="838"
                    VPOS="1725"
                    WIDTH="2319"
                    HEIGHT="156"></String>
          </TextLine>

          
          
          <TextLine ID="eSc_line_656499"
                    
                    BASELINE="838 1896 960 1902 990 1907 1044 1902 1379 1902 1468 1907 1804 1907 1997 1912 2139 1909 2406 1917 3155 1917" 
                    HPOS="831"
                    VPOS="1847"
                    WIDTH="2322"
                    HEIGHT="145">
            <Shape><Polygon POINTS="831 1957 1037 1957 1040 1957 1071 1980 1075 1980 1079 1980 1082 1980 1265 1961 1319 1957 1323 1961 1330 1973 1334 1973 1334 1976 1338 1976 1342 1976 1345 1976 1506 1965 1578 1961 1612 1969 1696 1984 1700 1984 1910 1973 2032 1965 2089 1973 2150 1984 2154 1984 2238 1976 2325 1969 2531 1980 2668 1988 2672 1988 2676 1988 2680 1988 2684 1984 2703 1973 2714 1984 2718 1984 2718 1988 2722 1988 2726 1988 2729 1992 3149 1992 3153 1916 3149 1881 2825 1881 2810 1874 2745 1855 2741 1855 2737 1855 2733 1855 2684 1874 2668 1881 2383 1881 2352 1870 2314 1855 2310 1855 2306 1855 2302 1855 2299 1855 2280 1866 2264 1877 2230 1866 2184 1851 2180 1851 2177 1851 1822 1862 1372 1874 1269 1855 1235 1847 945 1847 941 1847 937 1847 934 1847 884 1870 838 1847 835 1893 831 1957"/></Shape>
	    <String CONTENT="יהיה בא הכתו&#39; והשוה הגר לאזרח לכל מצות שבתורה ˙˙ ס&#39;פ&#39; ˙ וידבר ייי"
                    HPOS="831"
                    VPOS="1847"
                    WIDTH="2322"
                    HEIGHT="145"></String>
          </TextLine>

          
          
          <TextLine ID="eSc_line_656506"
                    
                    BASELINE="854 2008 1257 2018 3155 2026" 
                    HPOS="846"
                    VPOS="1957"
                    WIDTH="2307"
                    HEIGHT="141">
            <Shape><Polygon POINTS="850 2007 846 2068 1227 2091 1231 2091 1395 2072 1422 2072 1437 2075 1513 2095 1517 2095 1521 2095 1525 2095 1563 2075 1570 2075 1792 2095 1795 2098 2219 2098 2219 2095 2222 2095 2226 2095 2226 2091 2241 2079 2245 2075 2322 2075 2329 2079 2348 2098 2352 2098 2356 2098 2360 2098 3145 2083 3153 2022 3153 1988 2867 1965 2863 1965 2859 1965 2855 1965 2855 1969 2836 1984 2832 1992 2668 1992 2657 1984 2592 1965 2588 1965 2585 1965 2581 1965 2535 1984 2527 1992 2356 1992 2295 1984 1990 1961 1986 1961 1982 1961 1933 1984 1925 1984 1772 1965 1769 1965 1570 1984 1551 1984 1536 1984 1349 1957 1345 1957 1006 1980 922 1961 918 1961 915 1961 911 1961 850 1980 850 2007"/></Shape>
	    <String CONTENT="דבר אל בני ישרﭏ בבואכם ˙ ר&#39; ישמעﭏ או&#39; שינה הכתו&#39; ביאה זו לכל ביאות"
                    HPOS="846"
                    VPOS="1957"
                    WIDTH="2307"
                    HEIGHT="141"></String>
          </TextLine>

          
          
          <TextLine ID="eSc_line_656507"
                    
                    BASELINE="838 2117 924 2115 996 2120 1583 2120 1887 2125 2037 2122 2187 2128 2566 2130 2970 2130 3150 2122" 
                    HPOS="831"
                    VPOS="2079"
                    WIDTH="2318"
                    HEIGHT="126">
            <Shape><Polygon POINTS="835 2114 831 2178 1006 2178 1040 2201 1044 2201 1048 2201 1052 2201 1056 2201 1109 2182 1132 2201 1136 2201 1140 2201 1143 2201 1147 2201 1223 2182 1296 2201 1300 2201 1303 2201 1742 2182 1906 2205 1910 2205 1914 2205 1975 2182 2318 2205 2322 2205 2909 2186 2974 2205 2977 2205 2981 2205 3145 2178 3149 2121 3145 2091 835 2079 835 2114"/></Shape>
	    <String CONTENT="שבתורה שכל ביאות שבתורה הוא או&#39; כי תבואו והיה כי יביאך וכאן הוא או&#39;"
                    HPOS="831"
                    VPOS="2079"
                    WIDTH="2318"
                    HEIGHT="126"></String>
          </TextLine>

          
          
          <TextLine ID="eSc_line_656515"
                    
                    BASELINE="894 2229 1595 2237 2385 2234 2568 2234 2701 2239 3142 2234" 
                    HPOS="888"
                    VPOS="2178"
                    WIDTH="2253"
                    HEIGHT="141">
            <Shape><Polygon POINTS="888 2289 1071 2315 1075 2315 1079 2315 1124 2293 1364 2312 1368 2312 1586 2293 1677 2315 1681 2315 1685 2315 1792 2293 2138 2293 2219 2315 2222 2315 2226 2315 2394 2296 2421 2315 2424 2315 2428 2315 2432 2319 2733 2319 2733 2315 2737 2315 2802 2293 3065 2315 3069 2315 3073 2315 3137 2289 3141 2232 3137 2201 2028 2178 2024 2178 1967 2190 1914 2197 1814 2186 1738 2178 1734 2178 1696 2186 1635 2197 1548 2182 1506 2178 1502 2178 1475 2182 1410 2197 1277 2182 1242 2178 1239 2178 1235 2178 1227 2182 1193 2201 949 2201 896 2178 892 2228 888 2289"/></Shape>
	    <String CONTENT="בבואכם ללמדך שכיון שנכנסו ישרﭏ מיד נתחייבו בחלה ˙ אשר אני מביא"
                    HPOS="888"
                    VPOS="2178"
                    WIDTH="2253"
                    HEIGHT="141"></String>
          </TextLine>

          
          
          <TextLine ID="eSc_line_656508"
                    
                    BASELINE="879 2336 1880 2343 1908 2341 2253 2348 2396 2346 3150 2348" 
                    HPOS="873"
                    VPOS="2281"
                    WIDTH="2276"
                    HEIGHT="149">
            <Shape><Polygon POINTS="876 2335 873 2399 1353 2418 1357 2418 1361 2418 1391 2403 1406 2395 1418 2403 1448 2418 1452 2418 1456 2418 1586 2403 1589 2403 1635 2422 1639 2422 1643 2422 2413 2403 2508 2403 2520 2403 2615 2430 2619 2430 2623 2430 3141 2403 3149 2346 3141 2315 2680 2315 2661 2312 2596 2289 2592 2289 2588 2289 2585 2289 2512 2312 2505 2315 2291 2315 2276 2308 2192 2289 2188 2289 2184 2289 2180 2289 2135 2308 2131 2312 2131 2308 2108 2289 2108 2285 2104 2285 2100 2285 2097 2285 1792 2308 1757 2308 1738 2308 1578 2281 1574 2281 1570 2281 1567 2281 1528 2304 1525 2304 1181 2281 1178 2281 876 2300 876 2335"/></Shape>
	    <String CONTENT="אתכם ˙ מכאן אתה או&#39; פירות חוצה לארץ שנכנסו לארץ חייבין בחלה יצאו"
                    HPOS="873"
                    VPOS="2281"
                    WIDTH="2276"
                    HEIGHT="149"></String>
          </TextLine>

          
          
          <TextLine ID="eSc_line_656510"
                    
                    BASELINE="846 2448 1567 2448 1669 2453 2032 2450 2119 2455 2325 2455 2363 2460 3054 2460 3082 2465 3158 2458" 
                    HPOS="838"
                    VPOS="2395"
                    WIDTH="2319"
                    HEIGHT="145">
            <Shape><Polygon POINTS="3126 2437 3115 2411 2958 2395 2954 2395 2749 2411 2707 2418 1891 2418 1822 2403 1769 2395 1765 2395 1761 2395 1746 2403 1719 2418 1170 2418 842 2395 842 2445 838 2525 1140 2536 1143 2536 1201 2525 1258 2510 1296 2521 1334 2536 1338 2536 1342 2536 1345 2536 1349 2536 1364 2521 1380 2514 1437 2521 1544 2536 1548 2536 1551 2536 1582 2521 1605 2510 1639 2521 1670 2529 1673 2529 1677 2529 1921 2517 2089 2510 2123 2514 2226 2536 2230 2536 2234 2536 2287 2514 2295 2510 2306 2514 2348 2533 2352 2533 2356 2533 2790 2514 2867 2536 2871 2536 2874 2540 3096 2540 3096 2536 3099 2536 3153 2506 3157 2456 3153 2418 3126 2415 3126 2437"/></Shape>
	    <String CONTENT="מכאן לשם → ר&#39; ﭏיעזר מחייב ור&#39; עקיבא פוטר ˙ ר&#39; יהודה או&#39; פירות חוצה לארץ"
                    HPOS="838"
                    VPOS="2395"
                    WIDTH="2319"
                    HEIGHT="145"></String>
          </TextLine>

          
          
          <TextLine ID="eSc_line_656511"
                    
                    BASELINE="813 2564 1458 2564 2540 2572 3021 2569 3066 2572 3092 2580 3145 2567" 
                    HPOS="808"
                    VPOS="2502"
                    WIDTH="2333"
                    HEIGHT="152">
            <Shape><Polygon POINTS="812 2563 808 2647 1902 2628 2081 2639 2287 2654 2291 2654 2524 2635 2585 2632 2630 2635 2836 2654 2840 2654 2844 2654 2928 2632 2932 2632 2935 2632 3012 2654 3015 2654 3019 2654 3137 2628 3141 2563 3137 2506 3015 2506 3012 2506 3008 2506 3004 2506 3004 2510 2974 2536 2768 2536 2729 2510 2729 2506 2726 2506 2722 2506 2638 2506 2634 2506 2577 2510 2367 2533 2306 2514 2280 2506 2276 2506 2272 2506 2268 2506 2249 2514 2211 2533 2161 2514 2131 2506 2127 2506 2123 2506 2119 2506 2116 2506 2104 2517 2085 2533 1971 2533 1925 2517 1875 2502 1872 2502 1868 2502 1864 2502 1830 2517 1818 2525 1753 2521 1563 2502 1559 2502 1555 2502 1502 2521 1483 2529 1464 2525 1414 2510 1410 2510 1406 2510 1403 2510 1399 2510 1380 2525 1368 2533 812 2533 812 2563"/></Shape>
	    <String CONTENT="ר&#39; ﭏעזר פוטר שנ&#39; והיה באכלכם להוציא של חוצה לארץ ור&#39; עקיבא מחייב שנא&#39;"
                    HPOS="808"
                    VPOS="2502"
                    WIDTH="2333"
                    HEIGHT="152"></String>
          </TextLine>

          
          
          <TextLine ID="eSc_line_656512"
                    
                    BASELINE="859 2668 1031 2668 1199 2676 1931 2674 2258 2681 3145 2676" 
                    HPOS="854"
                    VPOS="2613"
                    WIDTH="2287"
                    HEIGHT="144">
            <Shape><Polygon POINTS="857 2666 857 2731 1021 2754 1025 2754 1029 2754 1086 2731 1094 2731 1109 2731 1231 2754 1235 2754 1239 2754 1296 2731 1300 2731 1315 2731 1487 2754 1490 2754 1494 2754 1536 2731 1544 2731 1792 2731 1795 2731 1830 2754 1833 2754 1837 2754 1841 2757 1997 2757 1997 2754 2001 2754 2005 2754 2024 2734 2081 2754 2085 2754 2089 2754 2093 2754 2138 2731 2257 2754 2261 2757 2768 2757 2798 2727 2836 2731 2874 2738 2905 2757 2924 2757 2924 2754 2928 2754 2932 2754 2932 2750 2951 2734 3069 2750 3073 2750 3076 2750 3141 2727 3141 2674 3137 2643 3069 2624 3065 2624 3061 2624 2871 2643 2851 2628 2851 2624 2848 2624 2844 2624 2840 2624 2836 2624 2790 2647 2520 2647 2478 2613 2474 2613 2470 2613 2466 2613 2463 2613 2459 2613 2413 2647 2108 2647 1940 2613 1936 2613 1067 2635 930 2613 926 2613 922 2613 854 2639 857 2666"/></Shape>
	    <String CONTENT="שמה אתה חייב חוץ לשם פטור יצאו מכאן לשם ← ר&#39; ﭏיעזר מחייב שנ&#39; והיה"
                    HPOS="854"
                    VPOS="2613"
                    WIDTH="2287"
                    HEIGHT="144"></String>
          </TextLine>

          
          
          <TextLine ID="eSc_line_656513"
                    
                    BASELINE="874 2767 1649 2775 2007 2773 2068 2778 2279 2775 2462 2780 2525 2775 2777 2775 2881 2770 3147 2765" 
                    HPOS="869"
                    VPOS="2723"
                    WIDTH="2276"
                    HEIGHT="137">
            <Shape><Polygon POINTS="2890 2746 2851 2742 2813 2734 2775 2731 2768 2723 2760 2723 2756 2723 2741 2723 2649 2746 2390 2746 2360 2727 2348 2723 2344 2723 2341 2723 2306 2727 2230 2742 2093 2731 2009 2723 2005 2723 1959 2731 1902 2746 1757 2746 1746 2734 1734 2723 1731 2723 1727 2723 1723 2723 1719 2723 1677 2734 1635 2742 873 2742 873 2765 869 2822 941 2853 945 2853 949 2853 953 2853 1029 2826 1162 2849 1166 2849 1418 2826 1498 2856 1502 2856 1506 2856 1692 2830 1753 2834 1784 2834 1822 2834 1860 2834 1898 2834 1936 2834 1975 2834 2013 2834 2051 2834 2089 2834 2119 2834 2150 2830 2154 2834 2165 2834 2203 2837 2219 2860 2611 2860 2623 2853 2630 2853 2653 2834 2672 2849 2699 2849 2707 2849 2741 2834 3038 2856 3042 2856 3046 2856 3141 2826 3145 2761 3137 2723 2890 2738 2890 2746"/></Shape>
	    <String CONTENT="באכלכם ↑ בארץ בין בחוצה לארץ ור&#39; עקיבא פוטר שנ&#39; שמה ˙ שם אתה חייב"
                    HPOS="869"
                    VPOS="2723"
                    WIDTH="2276"
                    HEIGHT="137"></String>
          </TextLine>

          
          
          <TextLine ID="eSc_line_d97579a5"
                    TAGREFS="LT3"
                    BASELINE="2772 2730 2893 2748" 
                    HPOS="2764"
                    VPOS="2708"
                    WIDTH="126"
                    HEIGHT="61">
            <Shape><Polygon POINTS="2771 2727 2764 2769 2802 2765 2840 2765 2878 2761 2878 2761 2890 2746 2886 2723 2771 2708 2771 2727"/></Shape>
	    <String CONTENT="בין"
                    HPOS="2764"
                    VPOS="2708"
                    WIDTH="126"
                    HEIGHT="61"></String>
          </TextLine>

          
          
          <TextLine ID="eSc_line_656516"
                    
                    BASELINE="866 2884 1069 2884 1123 2892 1199 2889 1367 2894 1483 2892 1509 2897 1671 2894 2012 2900 2149 2894 2507 2894 2612 2897 2662 2902 2924 2902 2967 2897 3160 2892" 
                    HPOS="861"
                    VPOS="2837"
                    WIDTH="2296"
                    HEIGHT="141">
            <Shape><Polygon POINTS="1982 2841 1872 2849 1734 2860 1700 2849 1658 2837 1654 2837 1650 2837 1494 2853 1395 2860 1384 2853 1368 2837 1364 2837 1361 2837 1357 2837 865 2853 865 2883 861 2944 1059 2967 1063 2967 1067 2967 1136 2948 1338 2967 1342 2967 1345 2967 1384 2948 1448 2967 1452 2967 1456 2967 1460 2967 1464 2967 1490 2948 1513 2967 1517 2967 1521 2967 1525 2967 1860 2952 1898 2974 1902 2974 1906 2974 1910 2974 2108 2952 2184 2974 2188 2974 2192 2978 2489 2978 2489 2974 2493 2974 2588 2952 3069 2974 3073 2974 3076 2974 3153 2948 3157 2891 3157 2845 2939 2841 2935 2841 2932 2841 2928 2841 2928 2845 2905 2868 2356 2868 2322 2849 2314 2841 2310 2841 2306 2841 2302 2841 2299 2841 2276 2849 2215 2864 2066 2849 1986 2841 1982 2841"/></Shape>
	    <String CONTENT="חוץ לשם ↑ פטור ˙ והיה באכלכם ↑ מה ת&#39;ל&#39; לפי שהוא אומ&#39; ראשית עריסותיכם"
                    HPOS="861"
                    VPOS="2837"
                    WIDTH="2296"
                    HEIGHT="141"></String>
          </TextLine>

          
          
          <TextLine ID="eSc_line_673607"
                    TAGREFS="LT3"
                    BASELINE="2610 2861 2887 2853" 
                    HPOS="2604"
                    VPOS="2818"
                    WIDTH="282"
                    HEIGHT="76">
            <Shape><Polygon POINTS="2607 2860 2607 2887 2646 2891 2684 2894 2722 2894 2745 2894 2882 2891 2886 2849 2878 2818 2604 2826 2607 2860"/></Shape>
	    <String CONTENT="אתה"
                    HPOS="2604"
                    VPOS="2818"
                    WIDTH="282"
                    HEIGHT="76"></String>
          </TextLine>

          
          
          <TextLine ID="eSc_line_656520"
                    TAGREFS="LT3"
                    BASELINE="1714 2845 1819 2841 2205 2844" 
                    HPOS="1708"
                    VPOS="2795"
                    WIDTH="495"
                    HEIGHT="84">
            <Shape><Polygon POINTS="1711 2841 1708 2879 2196 2879 2203 2841 2203 2818 2158 2795 2154 2795 2150 2795 1711 2811 1711 2841"/></Shape>
	    <String CONTENT="מלחם הארץ"
                    HPOS="1708"
                    VPOS="2795"
                    WIDTH="495"
                    HEIGHT="84"></String>
          </TextLine>

          
          
          <TextLine ID="eSc_line_656517"
                    
                    BASELINE="849 2994 904 2991 970 2996 1201 2999 1400 2996 1483 3001 1745 3004 2276 3001 2457 3009 2568 3006 2650 3011 3145 3004" 
                    HPOS="842"
                    VPOS="2948"
                    WIDTH="2299"
                    HEIGHT="141">
            <Shape><Polygon POINTS="846 2990 846 2994 869 3058 1044 3089 1048 3089 1052 3089 1140 3062 1425 3062 1452 3085 1452 3089 1456 3089 1460 3089 1464 3089 1559 3070 1845 3089 1849 3089 1853 3089 1856 3089 1894 3062 2158 3085 2161 3085 2165 3085 2207 3066 2363 3077 2367 3077 2371 3077 2375 3077 2375 3073 2390 3058 2394 3058 2459 3058 3054 3085 3057 3085 3061 3085 3141 3058 3141 3001 3137 2974 2291 2974 2268 2967 2161 2948 2158 2948 2043 2967 2016 2971 2005 2967 1967 2948 1963 2948 1959 2948 1830 2967 1792 2971 1761 2967 1677 2948 1673 2948 1586 2963 1570 2967 1567 2963 1544 2948 1540 2948 1536 2948 1532 2948 1334 2963 1242 2971 1235 2963 1220 2952 1220 2948 1216 2948 1212 2948 1208 2948 842 2959 846 2990"/></Shape>
	    <String CONTENT="שומע אני אף שאר פירות במשמע הרי אתה דן נאמ&#39; כאן לחם ונא&#39; להלן לחם ←"
                    HPOS="842"
                    VPOS="2948"
                    WIDTH="2299"
                    HEIGHT="141"></String>
          </TextLine>

          
          
          <TextLine ID="eSc_line_656514"
                    
                    BASELINE="841 3105 1483 3115 1778 3113 1829 3118 1971 3115 2177 3120 2355 3118 2668 3126 3041 3126 3155 3118" 
                    HPOS="835"
                    VPOS="3051"
                    WIDTH="2318"
                    HEIGHT="156">
            <Shape><Polygon POINTS="838 3104 835 3165 1044 3188 1048 3188 1216 3173 1277 3169 1319 3176 1414 3192 1418 3192 1536 3180 1601 3173 1711 3180 1883 3195 1887 3195 1997 3188 2100 3176 2123 3188 2131 3195 2135 3195 2138 3195 2142 3195 2219 3188 2329 3180 2508 3195 2585 3199 2588 3199 2611 3195 2684 3180 2741 3199 2756 3203 2760 3203 2764 3207 3149 3207 3153 3115 3149 3085 2844 3066 2840 3066 2726 3081 2688 3085 2680 3081 2653 3062 2649 3062 2646 3062 2642 3062 2089 3077 2047 3077 2043 3077 1990 3058 1986 3058 1982 3058 1784 3077 1757 3077 1746 3077 1658 3054 1654 3054 1650 3054 1315 3073 1296 3073 1281 3073 1021 3051 1018 3051 838 3070 838 3104"/></Shape>
	    <String CONTENT="מה לחם האמור להלן חמשת המינין אף לחם האמור כאן חמשת [ו]המינין וﭏו"
                    HPOS="835"
                    VPOS="3051"
                    WIDTH="2318"
                    HEIGHT="156"></String>
          </TextLine>

          
          
          <TextLine ID="eSc_line_656498"
                    
                    BASELINE="854 3227 2070 3227 2352 3232 2487 3230 2617 3235 2934 3232 3077 3227 3160 3230" 
                    HPOS="846"
                    VPOS="3173"
                    WIDTH="2311"
                    HEIGHT="144">
            <Shape><Polygon POINTS="850 3226 850 3310 1441 3291 1479 3306 1502 3313 1506 3313 1509 3313 1513 3313 1544 3306 1582 3294 1639 3302 1700 3313 1704 3313 1708 3313 1711 3313 1723 3302 1738 3291 1837 3291 1875 3302 1917 3313 1921 3313 1925 3313 2039 3298 2112 3291 2119 3298 2131 3306 2131 3310 2135 3310 2138 3310 2142 3310 2249 3298 2283 3294 2299 3298 2356 3313 2360 3313 2363 3313 2367 3313 2371 3313 2371 3310 2386 3294 2390 3294 2398 3294 2489 3313 2493 3313 2497 3313 2546 3294 2566 3310 2566 3313 2569 3313 2573 3313 2577 3317 2863 3317 2863 3313 2867 3313 2928 3294 3008 3313 3012 3313 3015 3313 3153 3287 3157 3226 3149 3180 2150 3192 2116 3184 2055 3173 2051 3173 2047 3173 2020 3184 2009 3192 1891 3188 1605 3173 1601 3173 1502 3188 1479 3192 1418 3192 1105 3173 1101 3173 846 3192 850 3226"/></Shape>
	    <String CONTENT="הם חטים ושעורים וכוסמין ושבולת שועל ושיפון ˙ יצאו אורז ↡ ודוחן והפרגין"
                    HPOS="846"
                    VPOS="3173"
                    WIDTH="2311"
                    HEIGHT="144"></String>
          </TextLine>

          
          
          <TextLine ID="eSc_line_656491"
                    
                    BASELINE="866 3349 1501 3349 1877 3354 1994 3352 2182 3357 2208 3354 2609 3359 2957 3359 3066 3354 3147 3359" 
                    HPOS="865"
                    VPOS="3287"
                    WIDTH="2280"
                    HEIGHT="152">
            <Shape><Polygon POINTS="865 3348 869 3424 907 3401 1178 3401 1197 3416 1197 3420 1201 3420 1204 3420 1208 3420 1212 3420 1258 3401 1349 3420 1391 3428 1395 3428 1399 3428 1425 3420 1467 3405 1483 3420 1494 3428 1494 3432 1498 3432 1502 3432 1506 3435 1689 3435 1689 3432 1692 3432 1696 3432 1715 3416 1738 3405 1860 3416 2028 3432 2032 3432 2036 3432 2081 3416 2112 3405 2161 3413 2234 3428 2238 3428 2341 3413 2371 3409 2375 3413 2409 3435 2413 3435 2417 3435 2421 3439 2989 3439 2989 3435 2993 3435 2996 3435 2996 3432 3027 3409 3137 3409 3145 3355 3134 3294 3050 3317 2989 3294 2985 3294 2981 3294 2977 3294 2974 3294 2935 3321 2562 3321 2466 3298 2440 3294 2436 3294 2329 3298 2108 3313 2055 3302 2013 3294 2009 3294 2005 3294 1982 3302 1952 3313 1940 3302 1929 3291 1925 3291 1921 3291 1917 3291 1612 3306 1445 3313 1429 3306 1395 3291 1391 3291 1387 3291 1166 3310 1147 3310 1136 3310 949 3287 945 3287 941 3287 865 3310 865 3348"/></Shape>
	    <String CONTENT="והשומשמין שאין באין לידי מצה וחמץ ﭏא לידי סרחון ˙ תרימו תרומה לייי ˙"
                    HPOS="865"
                    VPOS="3287"
                    WIDTH="2280"
                    HEIGHT="152"></String>
          </TextLine>

          
        </TextBlock>
        

        
      </PrintSpace>
    </Page>
  </Layout>
</alto>
