<?xml version="1.0" encoding="UTF-8"?>
<alto xmlns:xsi="http://www.w3.org/2001/XMLSchema-instance"
      xmlns="http://www.loc.gov/standards/alto/ns-v4#"
      xsi:schemaLocation="http://www.loc.gov/standards/alto/ns-v4# http://www.loc.gov/standards/alto/v4/alto-4-2.xsd">
  <Description>
    <MeasurementUnit>pixel</MeasurementUnit>
    <sourceImageInformation>
      <fileName>00000257.jpg</fileName>
      
    </sourceImageInformation>
  </Description>
  
  <Tags>
    <OtherTag ID="BT1" LABEL="Title" DESCRIPTION="block type Title"/><OtherTag ID="BT2" LABEL="Main" DESCRIPTION="block type Main"/><OtherTag ID="BT3" LABEL="Commentary" DESCRIPTION="block type Commentary"/><OtherTag ID="BT4" LABEL="Illustration" DESCRIPTION="block type Illustration"/><OtherTag ID="BT851" LABEL="Margin" DESCRIPTION="block type Margin"/><OtherTag ID="BT852" LABEL="Paratext" DESCRIPTION="block type Paratext"/>
    <OtherTag ID="LT2" LABEL="Numbering" DESCRIPTION="line type Numbering"/><OtherTag ID="LT3" LABEL="Correction" DESCRIPTION="line type Correction"/><OtherTag ID="LT336" LABEL="Gloss" DESCRIPTION="line type Gloss"/>
  </Tags>
  
  <Layout>
    <Page WIDTH="3626"
          HEIGHT="4571"
          PHYSICAL_IMG_NR="252"
          ID="eSc_dummypage_">
      <PrintSpace HPOS="0"
                  VPOS="0"
                  WIDTH="3626"
                  HEIGHT="4571">
        
        <TextBlock HPOS="564.0"
                   VPOS="538.0"
                   WIDTH="2584.0"
                   HEIGHT="2873.0"
                   ID="eSc_textblock_25064"
                   TAGREFS="BT2">
          <Shape><Polygon POINTS="3127 3380 3148 538 894 545 847 629 852 1805 564 1856 584 1943 833 1918 842 3209 659 3251 691 3376 831 3357 889 3411 2955 3410"/></Shape>
          
          
          <TextLine ID="eSc_line_1636120"
                    TAGREFS="LT336"
                    BASELINE="1103 587 1476 587 1914 572 2357 587" 
                    HPOS="1098"
                    VPOS="544"
                    WIDTH="1258"
                    HEIGHT="84">
            <Shape><Polygon POINTS="1975 544 1936 544 1898 544 1860 544 1822 544 1784 544 1746 544 1708 544 1670 544 1631 544 1593 544 1555 544 1517 544 1479 544 1445 544 1406 544 1368 544 1330 544 1292 544 1254 544 1216 544 1178 544 1140 544 1101 544 1101 586 1098 624 2344 628 2356 586 2352 544 2013 544 1975 544"/></Shape>
	    <String CONTENT="בפרש&#39; כי תצא על המחזקת במבושי איש"
                    HPOS="1098"
                    VPOS="544"
                    WIDTH="1258"
                    HEIGHT="84"></String>
          </TextLine>

          
          
          <TextLine ID="eSc_line_797057"
                    
                    BASELINE="833 660 1168 657 1229 652 1763 655 1791 650 1971 647 2004 642 2408 642 2436 647 2467 639 2617 639 2756 645 2812 642 3172 657" 
                    HPOS="827"
                    VPOS="590"
                    WIDTH="2341"
                    HEIGHT="152">
            <Shape><Polygon POINTS="831 658 827 712 873 735 876 735 880 738 1216 738 1216 735 1220 735 1300 712 1323 731 1323 735 1326 735 1330 735 1334 735 1437 719 1589 738 1593 738 1719 716 1776 738 1780 738 1784 738 2005 716 2306 738 2310 738 2314 738 2318 738 2356 716 2497 735 2501 735 2505 735 2562 719 2592 742 2596 742 2600 742 2604 742 2707 719 2760 738 2764 738 2768 738 2771 738 2775 738 2802 719 2977 719 3054 742 3057 742 3061 742 3065 742 3164 716 3168 655 3168 624 3088 594 3084 594 3080 594 3076 594 3031 613 2935 594 2932 594 2726 617 2604 594 2600 594 2478 617 2455 598 2455 594 2451 594 2447 594 2306 590 2302 590 2299 590 2207 613 2180 624 1761 624 1742 609 1719 590 1715 590 1711 590 1708 590 1704 590 1643 605 1589 620 831 598 831 658"/></Shape>
	    <String CONTENT="כאן לא תחוס עינך ונא&#39; להלן ↑ לא תחוס עינך מה לא תחוס עינך האמורה להלן"
                    HPOS="827"
                    VPOS="590"
                    WIDTH="2341"
                    HEIGHT="152"></String>
          </TextLine>

          
          
          <TextLine ID="eSc_line_797072"
                    
                    BASELINE="884 769 945 777 1199 774 1580 777 1875 769 2088 769 2142 764 2807 764 2833 769 3154 781" 
                    HPOS="876"
                    VPOS="727"
                    WIDTH="2277"
                    HEIGHT="126">
            <Shape><Polygon POINTS="880 765 876 815 960 845 964 845 968 849 1673 849 1673 845 1677 845 1753 822 1807 834 1830 834 1868 830 1906 830 1944 826 1982 826 2020 826 2058 826 2097 826 2135 826 2173 826 2211 822 2249 822 2287 822 2325 822 2363 822 2402 822 2440 822 2478 826 2516 830 2531 830 2543 826 2851 826 2863 838 2897 838 2916 853 3031 853 3031 849 3145 822 3153 780 3149 750 2913 727 2909 727 880 727 880 765"/></Shape>
	    <String CONTENT="ממון אף לא תחוס עינך האמורה כאן ממון ˙ ר&#39; יהודה או&#39; נאמ&#39; כאן יד ורגל"
                    HPOS="876"
                    VPOS="727"
                    WIDTH="2277"
                    HEIGHT="126"></String>
          </TextLine>

          
          
          <TextLine ID="eSc_line_797077"
                    
                    BASELINE="863 881 899 888 1245 888 1550 881 1941 881 2009 876 3021 878 3162 883" 
                    HPOS="857"
                    VPOS="838"
                    WIDTH="2303"
                    HEIGHT="129">
            <Shape><Polygon POINTS="2878 845 2840 841 2802 841 2787 838 861 853 861 879 857 940 899 967 903 967 907 967 911 967 1277 963 1384 940 1513 967 1517 967 1521 967 1525 967 1563 937 1650 967 1654 967 1658 967 1841 956 1849 952 1887 952 1925 952 1940 952 2020 944 2039 944 2039 944 2222 937 2322 967 2325 967 2329 967 2333 967 2390 937 2627 937 2836 937 2867 963 2867 967 2871 967 2874 967 2878 967 2882 967 2954 940 3054 967 3057 967 3061 967 3065 967 3157 933 3160 879 3160 860 3107 838 3103 838 3099 838 2878 838 2878 845"/></Shape>
	    <String CONTENT="ונא&#39; להלן ↑ יד ורגל מה יד ורגל האמור להלן ממון אף יד ורגל האמור כאן ממון ˙"
                    HPOS="857"
                    VPOS="838"
                    WIDTH="2303"
                    HEIGHT="129"></String>
          </TextLine>

          
          
          <TextLine ID="eSc_line_797076"
                    TAGREFS="LT336"
                    BASELINE="1689 846 1915 838 2162 832 2210 832 2434 827 2497 838 2599 838 2736 835 2910 848" 
                    HPOS="1681"
                    VPOS="765"
                    WIDTH="1228"
                    HEIGHT="111">
            <Shape><Polygon POINTS="2138 765 2100 765 2062 769 2024 769 1986 769 1948 769 1910 769 1872 769 1833 769 1814 769 1772 807 1681 807 1685 845 1685 876 1723 876 1761 876 1799 876 1837 876 1875 876 1914 876 1952 872 1990 868 2024 868 2062 868 2104 868 2142 868 2180 868 2219 868 2257 868 2295 868 2333 868 2371 868 2409 868 2444 868 2482 868 2520 868 2558 868 2596 868 2634 868 2672 868 2710 868 2749 868 2787 868 2825 868 2863 868 2901 868 2901 868 2909 845 2905 811 2707 811 2676 784 2672 784 2668 784 2665 784 2283 811 2230 811 2226 811 2142 765 2138 765"/></Shape>
	    <String CONTENT="בפרש&#39; משפטים על נוגפי אשה הרה"
                    HPOS="1681"
                    VPOS="765"
                    WIDTH="1228"
                    HEIGHT="111"></String>
          </TextLine>

          
          
          <TextLine ID="eSc_line_797080"
                    
                    BASELINE="869 1003 930 998 1016 1003 1077 998 1938 1000 2022 992 3162 1007" 
                    HPOS="861"
                    VPOS="940"
                    WIDTH="2299"
                    HEIGHT="149">
            <Shape><Polygon POINTS="2036 952 1971 975 1963 975 1273 971 1273 967 1242 944 1242 940 1239 940 1235 940 1231 940 1227 940 1159 967 1079 967 1052 940 1048 940 1044 940 1040 940 1037 940 1033 940 1033 944 1014 959 995 940 991 940 987 940 983 940 979 940 976 940 976 944 953 967 865 967 865 1001 861 1047 911 1070 915 1070 1376 1074 1380 1074 1384 1074 1452 1051 1597 1077 1601 1077 1750 1058 1959 1081 1963 1081 2180 1058 2463 1081 2466 1081 2710 1062 2749 1089 2752 1089 2756 1089 2760 1089 2764 1089 2840 1066 3153 1066 3160 1005 3160 978 3134 956 3130 956 3126 956 3122 956 2531 975 2363 948 2360 948 2112 971 2051 952 2047 952 2043 952 2036 952"/></Shape>
	    <String CONTENT="ר&#39; יוסי או&#39; מנין [שאם] ↑ יוצא למלחמה עד ↑ לו עינים ושינים וידים ורגלים ת&#39;ל&#39; לא"
                    HPOS="861"
                    VPOS="940"
                    WIDTH="2299"
                    HEIGHT="149"></String>
          </TextLine>

          
          
          <TextLine ID="eSc_line_797078"
                    TAGREFS="LT3"
                    BASELINE="2505 952 2543 947 2728 949" 
                    HPOS="2497"
                    VPOS="921"
                    WIDTH="229"
                    HEIGHT="69">
            <Shape><Polygon POINTS="2501 948 2497 990 2718 986 2726 948 2718 921 2501 921 2501 948"/></Shape>
	    <String CONTENT="שאינו"
                    HPOS="2497"
                    VPOS="921"
                    WIDTH="229"
                    HEIGHT="69"></String>
          </TextLine>

          
          
          <TextLine ID="eSc_line_797079"
                    TAGREFS="LT3"
                    BASELINE="1849 959 2009 959 2062 952" 
                    HPOS="1841"
                    VPOS="929"
                    WIDTH="217"
                    HEIGHT="61">
            <Shape><Polygon POINTS="1845 956 1845 990 1883 990 1921 990 1959 990 1997 986 2036 986 2058 986 2058 948 2055 929 1841 929 1845 956"/></Shape>
	    <String CONTENT="שיהיה"
                    HPOS="1841"
                    VPOS="929"
                    WIDTH="217"
                    HEIGHT="61"></String>
          </TextLine>

          
          
          <TextLine ID="eSc_line_797081"
                    
                    BASELINE="874 1112 1133 1112 1161 1107 1504 1104 1534 1099 2190 1102 2233 1097 2482 1094 3144 1106" 
                    HPOS="869"
                    VPOS="1043"
                    WIDTH="2272"
                    HEIGHT="156">
            <Shape><Polygon POINTS="873 1108 869 1161 888 1180 888 1184 892 1184 896 1184 899 1184 1159 1169 1216 1188 1220 1188 1223 1192 1536 1192 1536 1188 1540 1188 1544 1188 1567 1169 1635 1192 1639 1192 1643 1196 1772 1196 1772 1192 1776 1192 1780 1192 1811 1169 1830 1184 1830 1188 1833 1188 1837 1188 1948 1192 1952 1192 1955 1192 1959 1192 1959 1188 1990 1161 2039 1161 2085 1161 2119 1192 2119 1196 2123 1196 2127 1196 2131 1199 2306 1199 2306 1196 2310 1196 2314 1196 2356 1165 2760 1165 2790 1196 2790 1199 2794 1199 2798 1199 2802 1199 2806 1199 2886 1169 3134 1169 3141 1104 3134 1074 2703 1077 2627 1070 2466 1055 2463 1055 2363 1070 2337 1074 2310 1070 2226 1055 2222 1055 2108 1070 2077 1074 2070 1070 2051 1055 2047 1055 2043 1055 2039 1055 1875 1070 1822 1074 1818 1070 1799 1055 1799 1051 1795 1051 1792 1051 1670 1051 1666 1051 1662 1051 1605 1070 1586 1074 1555 1070 1422 1047 1418 1047 1414 1047 1410 1047 1380 1070 1372 1074 1075 1074 1075 1070 1056 1047 1052 1047 1052 1043 1048 1043 1044 1043 1040 1043 1037 1043 1033 1043 1006 1070 873 1070 873 1108"/></Shape>
	    <String CONTENT="תחוס עינך ˙ נפש בנפש עין בעין ˙ כי תצא למלחמה על אויביך ˙ במלחמת"
                    HPOS="869"
                    VPOS="1043"
                    WIDTH="2272"
                    HEIGHT="156"></String>
          </TextLine>

          
          
          <TextLine ID="eSc_line_797082"
                    
                    BASELINE="863 1218 1181 1224 1262 1218 1473 1216 1849 1216 1910 1211 3051 1213 3162 1218" 
                    HPOS="857"
                    VPOS="1184"
                    WIDTH="2303"
                    HEIGHT="114">
            <Shape><Polygon POINTS="861 1215 857 1268 1143 1295 1147 1295 1326 1276 1616 1295 1620 1295 2097 1279 2146 1298 2150 1298 2154 1298 3153 1276 3160 1215 3157 1196 861 1184 861 1215"/></Shape>
	    <String CONTENT="הרשות הכתו&#39; מדבר ˙ על אויביך ˙ כנגד אויביך אתה נלחם ˙ וראית סוס"
                    HPOS="857"
                    VPOS="1184"
                    WIDTH="2303"
                    HEIGHT="114"></String>
          </TextLine>

          
          
          <TextLine ID="eSc_line_797058"
                    
                    BASELINE="853 1338 914 1333 1115 1335 1140 1330 1201 1328 1646 1328 1677 1320 1768 1325 1966 1325 1994 1320 2325 1320 2350 1325 2749 1325 2802 1320 3159 1327" 
                    HPOS="846"
                    VPOS="1276"
                    WIDTH="2311"
                    HEIGHT="141">
            <Shape><Polygon POINTS="850 1337 846 1382 903 1405 907 1405 911 1405 1120 1390 1197 1413 1201 1413 1204 1413 1532 1390 1559 1413 1563 1413 1567 1413 1570 1413 1795 1390 2020 1413 2024 1413 2123 1394 2150 1417 2154 1417 2158 1417 2161 1417 2276 1397 2527 1417 2531 1417 2646 1390 2688 1417 2691 1417 2695 1417 2699 1417 2703 1417 2707 1417 2707 1413 2737 1390 3149 1390 3157 1325 3153 1302 1856 1279 1853 1279 1681 1298 1666 1298 1654 1298 1570 1279 1567 1279 1563 1279 1525 1298 1521 1302 1162 1302 1159 1298 1136 1276 1132 1276 1128 1276 1124 1276 850 1295 850 1337"/></Shape>
	    <String CONTENT="ורכב ˙ במה הן יוצאין עליך בעם רב אף אתה צא עליהם בעם רב ˙ לא תירא"
                    HPOS="846"
                    VPOS="1276"
                    WIDTH="2311"
                    HEIGHT="141"></String>
          </TextLine>

          
          
          <TextLine ID="eSc_line_797059"
                    
                    BASELINE="843 1450 904 1457 1295 1457 1382 1452 1710 1450 1738 1444 1915 1444 1979 1450 2004 1442 2070 1439 2612 1439 2642 1434 3149 1449" 
                    HPOS="838"
                    VPOS="1390"
                    WIDTH="2307"
                    HEIGHT="152">
            <Shape><Polygon POINTS="842 1447 838 1500 880 1527 884 1527 888 1527 892 1527 1018 1512 1120 1531 1124 1535 1647 1535 1647 1531 1650 1531 1654 1531 1685 1508 1750 1527 1753 1527 1757 1527 1761 1527 1814 1504 1856 1531 1860 1531 1864 1531 1868 1531 1872 1531 1959 1508 2043 1535 2047 1535 2051 1535 2055 1535 2100 1508 2127 1527 2131 1527 2135 1527 2138 1527 2219 1512 2253 1538 2257 1538 2261 1538 2264 1538 2398 1508 2520 1538 2524 1538 2527 1538 2531 1538 2607 1508 2657 1542 2661 1542 2665 1542 2668 1542 2672 1542 2752 1512 3137 1512 3145 1447 3141 1413 2329 1420 2299 1413 2241 1397 2238 1397 2234 1397 2230 1397 2226 1397 2207 1413 2203 1417 2154 1413 1959 1401 1955 1401 1711 1417 1555 1424 1532 1417 1464 1390 1460 1390 1456 1390 1452 1390 1399 1417 1391 1420 842 1420 842 1447"/></Shape>
	    <String CONTENT="מהם כי ייי ﭏהיך עמך המעלך מארץ מצרים ˙ מי שהעלך מארץ מצרים יהיה"
                    HPOS="838"
                    VPOS="1390"
                    WIDTH="2307"
                    HEIGHT="152"></String>
          </TextLine>

          
          
          <TextLine ID="eSc_line_797084"
                    
                    BASELINE="894 1561 1283 1561 1313 1556 2009 1559 2035 1554 2144 1551 3147 1566" 
                    HPOS="888"
                    VPOS="1504"
                    WIDTH="2257"
                    HEIGHT="149">
            <Shape><Polygon POINTS="892 1557 888 1607 995 1634 1731 1641 1734 1641 1738 1641 1799 1615 1803 1615 1849 1634 1853 1634 1856 1634 2131 1618 2135 1618 2138 1618 2314 1645 2318 1645 2322 1645 2394 1618 2398 1618 2771 1618 2771 1622 2829 1649 2832 1649 2836 1649 2947 1630 2974 1653 2977 1653 2981 1653 2985 1653 3137 1622 3145 1565 3145 1546 3092 1519 3088 1519 2634 1519 2630 1519 2627 1519 2581 1538 2554 1516 2550 1516 2546 1516 2543 1516 2192 1527 2070 1508 2066 1508 2062 1508 2024 1527 1963 1508 1959 1508 1955 1508 1952 1508 1948 1508 1914 1535 1795 1535 1719 1535 1715 1531 1681 1504 1677 1504 1673 1504 1670 1504 1666 1504 1593 1527 1193 1527 1174 1508 1174 1504 1170 1504 1166 1504 1162 1504 892 1519 892 1557"/></Shape>
	    <String CONTENT="עמך בעת צרה ˙ והיה כקרבכם למלחמה ˙ יכול זה יום הקרבים למלחמה"
                    HPOS="888"
                    VPOS="1504"
                    WIDTH="2257"
                    HEIGHT="149"></String>
          </TextLine>

          
          
          <TextLine ID="eSc_line_797085"
                    
                    BASELINE="884 1663 1016 1670 1374 1670 1407 1665 1735 1663 1791 1658 3144 1670" 
                    HPOS="876"
                    VPOS="1615"
                    WIDTH="2265"
                    HEIGHT="133">
            <Shape><Polygon POINTS="880 1660 876 1710 922 1736 926 1736 1250 1740 1254 1740 1258 1740 1296 1721 1311 1736 1311 1740 1315 1740 1319 1740 1532 1744 1536 1748 1929 1748 1929 1744 1933 1744 1982 1717 2127 1748 2131 1748 2322 1721 2859 1740 2863 1740 3134 1721 3141 1668 3137 1637 2081 1637 2077 1634 2047 1615 2043 1615 2039 1615 2036 1615 1849 1634 1792 1637 880 1634 880 1660"/></Shape>
	    <String CONTENT="כשהוא אומ&#39; וא[ו]מ&#39; אליהם שמע ישרﭏ אתם קריבים היום הרי יום שקריבין"
                    HPOS="876"
                    VPOS="1615"
                    WIDTH="2265"
                    HEIGHT="133"></String>
          </TextLine>

          
          
          <TextLine ID="eSc_line_797060"
                    
                    BASELINE="843 1775 904 1782 1265 1782 1298 1777 1593 1777 1839 1769 1865 1772 1893 1767 2246 1764 2286 1757 2312 1762 2568 1762 2599 1757 2627 1764 2657 1767 2713 1757 2744 1762 3149 1769" 
                    HPOS="838"
                    VPOS="1729"
                    WIDTH="2307"
                    HEIGHT="122">
            <Shape><Polygon POINTS="842 1771 838 1828 873 1851 876 1851 880 1851 884 1851 1349 1843 1372 1843 1410 1843 1410 1843 3137 1824 3145 1767 3137 1729 842 1736 842 1771"/></Shape>
	    <String CONTENT="בו למלחמה [](אמ)ור מה ת&#39;ל&#39; והיה כקרבכם אל המלחמה ← ﭏא כיון שמגיעין לספ[ר]"
                    HPOS="838"
                    VPOS="1729"
                    WIDTH="2307"
                    HEIGHT="122"></String>
          </TextLine>

          
          
          <TextLine ID="eSc_line_797061"
                    
                    BASELINE="891 1924 1542 1884 1692 1879 2017 1876 2070 1871 3152 1886" 
                    HPOS="884"
                    VPOS="1828"
                    WIDTH="2265"
                    HEIGHT="141">
            <Shape><Polygon POINTS="1418 1851 1380 1851 1357 1851 1349 1858 1345 1858 1326 1858 1300 1855 1265 1858 1227 1858 1189 1862 1151 1862 1147 1862 1113 1862 1075 1866 1037 1866 998 1870 960 1870 922 1870 884 1870 888 1923 888 1969 1212 1965 1216 1965 1220 1965 1246 1946 1490 1961 1548 1961 1551 1961 1555 1961 1563 1957 1605 1942 1784 1954 1902 1961 1906 1961 2055 1950 2066 1942 2104 1942 2142 1942 2180 1942 2207 1942 2261 1938 2268 1942 2295 1942 2333 1942 2371 1942 2375 1942 2394 1942 2440 1935 2577 1938 2928 1954 2932 1954 3141 1927 3149 1885 3145 1847 2493 1828 2489 1828 1955 1851 1910 1832 1906 1832 1902 1832 1788 1855 1776 1855 1746 1855 1422 1836 1418 1851"/></Shape>
	    <String CONTENT="כהן מַתְנֵה עמהן כל התנאין הﭏו ואומר אליהם שמע ישרﭏ ↑ על אויביכם ולא"
                    HPOS="884"
                    VPOS="1828"
                    WIDTH="2265"
                    HEIGHT="141"></String>
          </TextLine>

          
          
          <TextLine ID="eSc_line_1636122"
                    TAGREFS="LT3"
                    BASELINE="573 1913 838 1871 1038 1867 1431 1848" 
                    HPOS="568"
                    VPOS="1809"
                    WIDTH="861"
                    HEIGHT="152">
            <Shape><Polygon POINTS="571 1912 575 1961 861 1931 865 1931 869 1931 869 1927 892 1908 918 1912 953 1912 987 1912 995 1908 1037 1896 1342 1885 1368 1885 1406 1885 1425 1881 1429 1847 1422 1809 1033 1836 1025 1836 724 1828 720 1828 716 1828 568 1870 571 1912"/></Shape>
	    <String CONTENT="אתם קרבים היום למלחמה"
                    HPOS="568"
                    VPOS="1809"
                    WIDTH="861"
                    HEIGHT="152"></String>
          </TextLine>

          
          
          <TextLine ID="eSc_line_797087"
                    
                    BASELINE="884 1998 1105 1998 1130 1993 1522 1996 1550 1990 1765 1988 2195 1988 2225 1983 3134 1995" 
                    HPOS="876"
                    VPOS="1927"
                    WIDTH="2254"
                    HEIGHT="156">
            <Shape><Polygon POINTS="2058 1950 2055 1946 2005 1935 2001 1935 1997 1935 1994 1935 1929 1965 1887 1938 1883 1938 1879 1938 1875 1938 1872 1938 1792 1965 1761 1938 1761 1935 1757 1935 1753 1935 1750 1935 1631 1961 1574 1931 1570 1931 1567 1931 1563 1931 1483 1965 1357 1965 1288 1931 1284 1931 1281 1931 1277 1931 1273 1931 1273 1935 1242 1965 1212 1965 1052 1965 1029 1961 983 1961 953 1931 953 1927 949 1927 945 1927 941 1927 937 1927 880 1954 880 1996 876 2041 1044 2072 1578 2075 1582 2075 1586 2075 1589 2075 1609 2056 1677 2075 1681 2075 1685 2075 1689 2075 1692 2075 1692 2072 1723 2049 1898 2075 1902 2075 2169 2053 2222 2079 2226 2079 2230 2083 2249 2083 2287 2083 2325 2083 2363 2083 2383 2083 2383 2079 2386 2079 2390 2079 2390 2075 2417 2053 3118 2053 3130 1992 3130 1973 3099 1946 3099 1942 3096 1942 3092 1942 3088 1942 2768 1961 2554 1938 2550 1938 2131 1965 2066 1950 2058 1950"/></Shape>
	    <String CONTENT="על אחיכם כמה שנא&#39; להלן ↑ ויקומו האנשים ˙ אל ירך לבבכם אל תיראו כי ייי"
                    HPOS="876"
                    VPOS="1927"
                    WIDTH="2254"
                    HEIGHT="156"></String>
          </TextLine>

          
          
          <TextLine ID="eSc_line_797086"
                    TAGREFS="LT336"
                    BASELINE="2053 1952 2126 1947 2383 1950" 
                    HPOS="2047"
                    VPOS="1912"
                    WIDTH="332"
                    HEIGHT="68">
            <Shape><Polygon POINTS="2051 1950 2051 1980 2089 1980 2127 1980 2165 1980 2200 1976 2238 1976 2261 1976 2379 1946 2371 1912 2047 1919 2051 1950"/></Shape>
	    <String CONTENT="במלכים"
                    HPOS="2047"
                    VPOS="1912"
                    WIDTH="332"
                    HEIGHT="68"></String>
          </TextLine>

          
          
          <TextLine ID="eSc_line_797088"
                    
                    BASELINE="866 2112 1250 2110 1275 2105 1654 2107 1679 2102 1819 2100 1880 2095 2048 2097 2101 2092 2462 2089 2490 2084 3026 2087 3141 2091" 
                    HPOS="861"
                    VPOS="2053"
                    WIDTH="2276"
                    HEIGHT="133">
            <Shape><Polygon POINTS="865 2110 865 2159 899 2182 903 2182 907 2182 911 2182 1429 2163 1456 2182 1460 2182 1464 2182 1467 2182 1681 2163 1731 2182 1734 2182 1738 2186 2127 2186 2127 2182 2131 2182 2135 2182 2169 2159 2222 2182 2226 2182 2230 2182 2234 2182 2257 2167 2272 2159 2283 2155 2291 2155 2302 2155 2310 2155 2348 2155 2386 2155 2424 2155 2463 2155 2501 2155 2539 2155 2577 2155 2615 2159 2653 2159 2691 2159 2729 2159 2768 2159 2806 2159 2806 2159 3130 2148 3137 2087 3134 2068 2497 2053 2493 2053 2402 2068 2383 2072 2352 2072 2192 2053 2188 2053 2062 2072 2047 2075 1086 2075 1029 2053 1025 2053 1021 2053 1018 2053 1014 2053 1014 2056 991 2075 991 2079 861 2079 865 2110"/></Shape>
	    <String CONTENT="ﭏהיכם ההולך עמכם ˙ מי שהיה עמכם במדבר הוא יהיה עמכם בכל צרה ˙"
                    HPOS="861"
                    VPOS="2053"
                    WIDTH="2276"
                    HEIGHT="133"></String>
          </TextLine>

          
          
          <TextLine ID="eSc_line_797063"
                    
                    BASELINE="843 2219 904 2229 1024 2229 1054 2224 1173 2222 1229 2216 1613 2219 1671 2214 1796 2214 1931 2206 2170 2209 2220 2204 2764 2201 2795 2194 2820 2199 3131 2211" 
                    HPOS="838"
                    VPOS="2178"
                    WIDTH="2292"
                    HEIGHT="122">
            <Shape><Polygon POINTS="842 2216 838 2277 1258 2296 1262 2296 1265 2296 1269 2296 1292 2277 1303 2270 1315 2277 1323 2285 1326 2285 1330 2285 1334 2285 1338 2285 1364 2277 1380 2270 1387 2277 1406 2293 1406 2296 1410 2296 1414 2296 1418 2296 1685 2281 1792 2300 1795 2300 1799 2300 1860 2281 1982 2300 1986 2300 1990 2300 2089 2274 2093 2274 2165 2300 2169 2300 2173 2300 2333 2296 2337 2296 2341 2296 2371 2270 2375 2270 2981 2270 3012 2296 3012 2300 3015 2300 3019 2300 3023 2300 3027 2300 3031 2300 3031 2296 3065 2270 3122 2270 3130 2209 3126 2186 842 2178 842 2216"/></Shape>
	    <String CONTENT="וכן הוא או&#39; ↑ ייי ילחם לכם ואתם תחרישון ˙ ודברו השוטרים ˙ כיון שהתחיל"
                    HPOS="838"
                    VPOS="2178"
                    WIDTH="2292"
                    HEIGHT="122"></String>
          </TextLine>

          
          
          <TextLine ID="eSc_line_797089"
                    TAGREFS="LT336"
                    BASELINE="2271 2171 2342 2163 2617 2166 2830 2166" 
                    HPOS="2268"
                    VPOS="2140"
                    WIDTH="561"
                    HEIGHT="54">
            <Shape><Polygon POINTS="2268 2167 2314 2194 2341 2194 2379 2194 2417 2194 2455 2194 2493 2194 2531 2194 2569 2194 2607 2194 2646 2194 2684 2194 2722 2194 2760 2190 2798 2186 2817 2190 2829 2163 2825 2140 2268 2140 2268 2167"/></Shape>
	    <String CONTENT="בפרש&#39; בשלח"
                    HPOS="2268"
                    VPOS="2140"
                    WIDTH="561"
                    HEIGHT="54"></String>
          </TextLine>

          
          
          <TextLine ID="eSc_line_797092"
                    
                    BASELINE="874 2333 1107 2333 1140 2328 1936 2331 1964 2326 2050 2323 2939 2323 3023 2318 3141 2335" 
                    HPOS="869"
                    VPOS="2281"
                    WIDTH="2268"
                    HEIGHT="126">
            <Shape><Polygon POINTS="873 2331 869 2392 896 2407 899 2407 903 2407 907 2407 3126 2384 3137 2331 3137 2304 3088 2281 3084 2281 3080 2281 1254 2300 1098 2281 1094 2281 1090 2281 1086 2281 1063 2304 873 2304 873 2331"/></Shape>
	    <String CONTENT="שוטר לדבר כהן משמיע להם בדברים מי האיש אשר בנה ˙ אין לי ﭏא אשר"
                    HPOS="869"
                    VPOS="2281"
                    WIDTH="2268"
                    HEIGHT="126"></String>
          </TextLine>

          
          
          <TextLine ID="eSc_line_797093"
                    
                    BASELINE="874 2442 1550 2442 1669 2437 1989 2435 2045 2430 2075 2435 2258 2430 3131 2444" 
                    HPOS="869"
                    VPOS="2380"
                    WIDTH="2261"
                    HEIGHT="145">
            <Shape><Polygon POINTS="873 2441 869 2495 1151 2514 1155 2514 1159 2514 1162 2514 1178 2498 1197 2514 1197 2517 1201 2517 1204 2517 1208 2521 1567 2521 1567 2517 1570 2517 1574 2517 1605 2498 1673 2521 1677 2521 1681 2521 2032 2498 2055 2498 2077 2517 2077 2521 2081 2521 2085 2521 2089 2521 2215 2502 2280 2525 2283 2525 2287 2525 2444 2502 2516 2525 2520 2525 2524 2525 2527 2525 2615 2498 2623 2498 2775 2498 2798 2498 2821 2521 2821 2525 2825 2525 2829 2525 2832 2525 2836 2525 2840 2525 2882 2502 3122 2502 3130 2441 3130 2415 3050 2395 3046 2395 3042 2395 2173 2407 2100 2388 2097 2388 2093 2388 1940 2411 1929 2411 1894 2411 1548 2392 1544 2392 1277 2407 1254 2407 1204 2380 1201 2380 1197 2380 873 2403 873 2441"/></Shape>
	    <String CONTENT="בנה ˙ לקח ירש נתן לו במתנה מנין ת&#39;ל&#39; מי האיש אשר בנה בית אין לי ﭏא בית"
                    HPOS="869"
                    VPOS="2380"
                    WIDTH="2261"
                    HEIGHT="145"></String>
          </TextLine>

          
          
          <TextLine ID="eSc_line_797094"
                    
                    BASELINE="876 2554 1194 2554 1222 2549 1372 2547 1651 2547 1679 2541 2637 2541 2690 2547 2716 2539 2914 2539 3121 2543" 
                    HPOS="869"
                    VPOS="2502"
                    WIDTH="2249"
                    HEIGHT="122">
            <Shape><Polygon POINTS="873 2552 869 2601 930 2624 934 2624 937 2624 941 2624 945 2624 964 2605 991 2624 995 2624 998 2624 1002 2624 2016 2605 2158 2624 2161 2624 2268 2605 2405 2624 2409 2624 2951 2605 3004 2624 3008 2624 3012 2624 3111 2601 3118 2540 3115 2521 1223 2502 1220 2502 873 2517 873 2552"/></Shape>
	    <String CONTENT="מנין לבונה בית התבן בית הבקר בית העצים בית האוצרות ת&#39;ל&#39; אשר בנה"
                    HPOS="869"
                    VPOS="2502"
                    WIDTH="2249"
                    HEIGHT="122"></String>
          </TextLine>

          
          
          <TextLine ID="eSc_line_797064"
                    
                    BASELINE="843 2658 907 2653 965 2658 1062 2658 1173 2653 1905 2656 2027 2651 2063 2658 2088 2653 2416 2653 2446 2658 2474 2651 2764 2648 2790 2643 3129 2658" 
                    HPOS="838"
                    VPOS="2613"
                    WIDTH="2288"
                    HEIGHT="125">
            <Shape><Polygon POINTS="842 2654 838 2696 1037 2727 1040 2731 1982 2731 1982 2727 1986 2727 2051 2708 2077 2712 2097 2712 2135 2715 2173 2715 2211 2715 2249 2719 2287 2719 2325 2719 2363 2719 2402 2719 2440 2719 2478 2719 2516 2719 2554 2719 2592 2719 2630 2719 2668 2719 2691 2719 2851 2715 2924 2738 2928 2738 2932 2738 2935 2738 2939 2738 2977 2715 3118 2715 3126 2654 3122 2613 842 2620 842 2654"/></Shape>
	    <String CONTENT="יכול אף הבונה בית שער אכסדרה ומ[כ](ר)פסת ת&#39;ל&#39; בית מה בית מיוחד שהוא"
                    HPOS="838"
                    VPOS="2613"
                    WIDTH="2288"
                    HEIGHT="125"></String>
          </TextLine>

          
          
          <TextLine ID="eSc_line_797097"
                    
                    BASELINE="886 2762 1006 2770 1232 2770 1331 2765 2952 2767 2978 2762 3121 2774" 
                    HPOS="880"
                    VPOS="2719"
                    WIDTH="2238"
                    HEIGHT="134">
            <Shape><Polygon POINTS="2596 2727 2566 2727 2459 2742 2451 2746 2009 2746 2009 2742 1967 2723 1963 2723 1959 2723 1872 2742 1864 2742 1609 2742 1479 2742 1452 2719 1448 2719 1445 2719 1441 2719 884 2738 884 2761 880 2845 1223 2849 1227 2849 1231 2849 1235 2849 1239 2845 1262 2830 1330 2841 1368 2849 1372 2849 1410 2841 1475 2830 1528 2841 1567 2849 1570 2849 1574 2849 1601 2841 1650 2826 1670 2841 1681 2849 1685 2849 1689 2849 1692 2849 1952 2837 2142 2830 2154 2837 2173 2853 2177 2853 2180 2853 2184 2853 2188 2853 2234 2834 2241 2834 2261 2834 2390 2853 2394 2853 2592 2834 2627 2830 2642 2834 2722 2853 2726 2853 2729 2853 2733 2853 2775 2830 2779 2830 2794 2830 2947 2849 2951 2849 3111 2826 3118 2773 3115 2746 2981 2723 2977 2723 2790 2742 2787 2742 2634 2727 2596 2727"/></Shape>
	    <String CONTENT="בית דירה ↑ יצאו ﭏו שאינן בית דירה ˙ ולא חנכו ˙ פרט לגזלן ˙ ילך וישוב"
                    HPOS="880"
                    VPOS="2719"
                    WIDTH="2238"
                    HEIGHT="134"></String>
          </TextLine>

          
          
          <TextLine ID="eSc_line_797091"
                    TAGREFS="LT3"
                    BASELINE="2048 2718 2225 2724 2459 2729 2566 2724 2703 2729 2741 2724 2855 2724" 
                    HPOS="2043"
                    VPOS="2693"
                    WIDTH="808"
                    HEIGHT="64">
            <Shape><Polygon POINTS="2047 2715 2043 2757 2081 2757 2119 2757 2158 2757 2196 2757 2234 2757 2272 2757 2310 2757 2348 2757 2386 2757 2424 2757 2463 2757 2501 2757 2539 2757 2577 2757 2615 2757 2653 2757 2691 2757 2729 2757 2768 2757 2806 2757 2844 2757 2848 2757 2851 2723 2848 2700 2047 2693 2047 2715"/></Shape>
	    <String CONTENT="אף כל שהוא בית דירה"
                    HPOS="2043"
                    VPOS="2693"
                    WIDTH="808"
                    HEIGHT="64"></String>
          </TextLine>

          
          
          <TextLine ID="eSc_line_797098"
                    
                    BASELINE="881 2882 945 2877 2729 2879 2754 2874 2929 2872 2985 2867 3147 2884" 
                    HPOS="876"
                    VPOS="2826"
                    WIDTH="2269"
                    HEIGHT="133">
            <Shape><Polygon POINTS="880 2879 876 2952 1235 2940 1307 2952 1345 2959 1349 2959 1384 2952 1441 2940 1540 2952 1616 2959 1620 2959 1704 2952 1788 2940 1845 2948 1910 2959 1914 2959 2009 2948 2070 2940 2112 2948 2188 2959 2192 2959 2196 2959 2200 2959 2219 2944 2230 2940 2261 2944 2341 2959 2344 2959 2421 2944 2440 2940 2447 2944 2470 2959 2474 2959 2478 2959 2482 2959 2485 2959 2520 2944 2527 2940 2535 2944 2577 2959 2581 2959 2585 2959 2588 2959 2592 2959 2592 2955 2607 2940 2611 2940 2653 2940 2939 2959 2943 2959 2947 2959 3008 2940 3065 2959 3069 2959 3073 2959 3076 2959 3141 2936 3145 2883 3145 2856 3073 2826 3069 2826 3065 2826 2630 2849 2607 2830 2607 2826 2604 2826 2600 2826 2497 2826 2493 2826 2489 2826 2485 2826 2485 2830 2455 2853 2104 2830 2100 2830 2097 2830 2093 2830 2066 2853 1963 2826 1959 2826 1955 2826 1952 2826 1887 2856 1624 2856 1319 2853 1235 2826 1231 2826 1227 2826 1223 2826 1220 2826 1185 2853 880 2853 880 2879"/></Shape>
	    <String CONTENT="לביתו ילך וישמע דברי כהן מערכי מלחמה ויחזור פן ימות במלחמה ˙ אם"
                    HPOS="876"
                    VPOS="2826"
                    WIDTH="2269"
                    HEIGHT="133"></String>
          </TextLine>

          
          
          <TextLine ID="eSc_line_797066"
                    
                    BASELINE="815 2994 907 2988 1854 2991 1887 2986 2022 2983 2698 2983 2790 2978 3139 2993" 
                    HPOS="808"
                    VPOS="2940"
                    WIDTH="2329"
                    HEIGHT="130">
            <Shape><Polygon POINTS="812 2990 808 3035 873 3062 876 3062 880 3066 1109 3066 1109 3062 1113 3062 1117 3062 1143 3039 1307 3062 1311 3062 1445 3039 1517 3058 1532 3058 1563 3058 1666 3043 1681 3058 1685 3058 1723 3058 1727 3058 1765 3047 2081 3047 2108 3066 2112 3066 2116 3066 2119 3066 2123 3066 2177 3047 2196 3066 2200 3066 2203 3066 2379 3070 2383 3070 2550 3047 2596 3070 2600 3070 2604 3070 2607 3070 2676 3047 2737 3066 2741 3066 2745 3066 3130 3043 3137 2990 3134 2967 2672 2944 2668 2944 2546 2963 2531 2963 2512 2963 2383 2940 2379 2940 812 2952 812 2990"/></Shape>
	    <String CONTENT="אינו שומע לדברי כהן לסוף ימות במלחמה ˙ ואיש אחר יחנכנו ˙ יכול דודו"
                    HPOS="808"
                    VPOS="2940"
                    WIDTH="2329"
                    HEIGHT="130"></String>
          </TextLine>

          
          
          <TextLine ID="eSc_line_797096"
                    
                    BASELINE="889 3103 1297 3103 2457 3103 2805 3095 2835 3087 2866 3093 3131 3099" 
                    HPOS="884"
                    VPOS="3073"
                    WIDTH="2246"
                    HEIGHT="115">
            <Shape><Polygon POINTS="888 3100 888 3188 998 3188 998 3184 1002 3184 1006 3184 1006 3180 1029 3161 1113 3184 1120 3184 1124 3184 1128 3184 1181 3184 1521 3161 1589 3176 1620 3184 1624 3184 1628 3184 1631 3184 1635 3184 1647 3176 1673 3161 1929 3161 1978 3173 2028 3184 2032 3184 2036 3184 2097 3173 2142 3161 2409 3161 2463 3165 2607 3184 2611 3184 2615 3184 2680 3165 2695 3161 2710 3165 2787 3180 2790 3180 2958 3161 2966 3161 2970 3161 3038 3184 3042 3184 3046 3184 3050 3184 3126 3157 3130 3096 3122 3073 884 3073 888 3100"/></Shape>
	    <String CONTENT="ובן דודו נאמ&#39; כאן אחר ונאמ&#39; להלן ↑ אח[ד](ר) מה אחר האמור [](להלן) נכרי אף"
                    HPOS="884"
                    VPOS="3073"
                    WIDTH="2246"
                    HEIGHT="115"></String>
          </TextLine>

          
          
          <TextLine ID="eSc_line_797103"
                    TAGREFS="LT336"
                    BASELINE="1351 3065 2088 3065" 
                    HPOS="1349"
                    VPOS="3035"
                    WIDTH="736"
                    HEIGHT="61">
            <Shape><Polygon POINTS="1349 3062 1349 3096 1387 3096 1425 3096 1464 3096 1502 3096 1540 3096 1578 3096 1616 3096 1654 3096 1692 3096 1731 3096 1769 3096 1807 3096 1845 3096 1883 3096 1921 3096 1959 3096 1997 3096 2036 3096 2074 3096 2085 3096 2085 3062 2085 3035 1349 3035 1349 3062"/></Shape>
	    <String CONTENT="בפרש&#39; תבא לעם אחר"
                    HPOS="1349"
                    VPOS="3035"
                    WIDTH="736"
                    HEIGHT="61"></String>
          </TextLine>

          
          
          <TextLine ID="eSc_line_797062"
                    
                    BASELINE="843 3209 1290 3211 1943 3214 1997 3209 2126 3207 2566 3207 2596 3202 3129 3216" 
                    HPOS="838"
                    VPOS="3157"
                    WIDTH="2288"
                    HEIGHT="130">
            <Shape><Polygon POINTS="842 3207 838 3253 1296 3275 1334 3275 1372 3275 1410 3275 1433 3275 1662 3260 1681 3260 1692 3260 1772 3275 1792 3275 1830 3275 1849 3275 1891 3264 2077 3275 2097 3275 2097 3275 2207 3283 2211 3283 2215 3283 2219 3283 2245 3264 2268 3287 2272 3287 2276 3287 2280 3287 2283 3287 2352 3268 2470 3287 2474 3287 3118 3268 3126 3214 3122 3184 1471 3184 1456 3176 1391 3157 1387 3157 1384 3157 1380 3157 1342 3176 1338 3176 842 3176 842 3207"/></Shape>
	    <String CONTENT="אח[](ר) האמור כאן נכרי ˙ ומי האיש : אשר נטע כרם ˙ מנין לנוטע [כרם] חמש&#39;"
                    HPOS="838"
                    VPOS="3157"
                    WIDTH="2288"
                    HEIGHT="130"></String>
          </TextLine>

          
          
          <TextLine ID="eSc_line_797065"
                    
                    BASELINE="843 3326 1938 3326 2147 3319 2657 3313 2711 3316 3131 3310" 
                    HPOS="838"
                    VPOS="3264"
                    WIDTH="2292"
                    HEIGHT="168">
            <Shape><Polygon POINTS="1982 3283 1944 3283 1906 3283 1891 3283 1872 3291 1864 3294 1487 3294 1479 3291 1460 3283 1448 3283 1414 3283 1403 3294 1399 3298 1170 3298 1170 3294 1155 3283 1143 3283 1105 3283 1067 3283 1029 3283 991 3283 953 3283 915 3283 838 3294 842 3325 842 3424 998 3397 1136 3416 1140 3416 1143 3416 1223 3397 1277 3424 1284 3428 1288 3428 1292 3432 1487 3432 1487 3428 1490 3428 1506 3424 1578 3401 1654 3424 1662 3424 1666 3424 1670 3424 1673 3424 1677 3424 1757 3393 1864 3424 1872 3424 1875 3424 1879 3428 2161 3428 2161 3424 2165 3424 2173 3420 2241 3393 2291 3409 2295 3409 2299 3409 2394 3390 2527 3409 2531 3409 2924 3390 2966 3420 2970 3420 2974 3420 2977 3420 3130 3416 3130 3306 3126 3283 2939 3264 2935 3264 2932 3264 2928 3264 2909 3283 2905 3287 2897 3283 2867 3268 2863 3268 2859 3268 2855 3268 2810 3283 2794 3287 2760 3283 2596 3264 2592 3264 2588 3264 2585 3264 2550 3287 2543 3291 2039 3291 2024 3287 2005 3283 1982 3283"/></Shape>
	    <String CONTENT="אילני מאכל ואפי&#39; מחמשת המינין ↑ ת&#39;ל&#39; אשר נטע ˙ יכול אף הנוטע ארבע"
                    HPOS="838"
                    VPOS="3264"
                    WIDTH="2292"
                    HEIGHT="168"></String>
          </TextLine>

          
          
          <TextLine ID="eSc_line_797100"
                    TAGREFS="LT336"
                    BASELINE="706 3311 907 3283 2107 3286" 
                    HPOS="701"
                    VPOS="3207"
                    WIDTH="1403"
                    HEIGHT="126">
            <Shape><Polygon POINTS="2074 3207 2036 3207 1997 3207 1959 3211 1921 3211 1883 3211 1845 3211 1807 3211 1769 3211 1731 3211 1692 3211 1654 3211 1616 3211 1586 3211 1582 3214 1540 3256 949 3256 930 3245 873 3211 854 3211 815 3214 796 3214 762 3253 701 3253 705 3310 766 3333 850 3329 854 3321 892 3321 930 3321 968 3321 1006 3321 1044 3321 1082 3321 1120 3321 1159 3321 1197 3321 1235 3321 1273 3321 1311 3321 1349 3321 1387 3321 1425 3321 1464 3321 1502 3321 1540 3321 1578 3321 1616 3321 1654 3321 1692 3321 1731 3321 1769 3321 1807 3321 1845 3321 1883 3321 1921 3321 1959 3317 1997 3317 2036 3317 2074 3313 2097 3313 2104 3283 2100 3207 2074 3207"/></Shape>
	    <String CONTENT="ר&#39;ל&#39; מחמשת מיני דגן שחוזר מעורכי המלחמה"
                    HPOS="701"
                    VPOS="3207"
                    WIDTH="1403"
                    HEIGHT="126"></String>
          </TextLine>

          
        </TextBlock>
        
        <TextBlock HPOS="80.0"
                   VPOS="1717.0"
                   WIDTH="792.0"
                   HEIGHT="198.0"
                   ID="eSc_textblock_26579"
                   TAGREFS="BT3">
          <Shape><Polygon POINTS="80 1717 99 1869 415 1915 868 1845 872 1717"/></Shape>
          
          
          <TextLine ID="eSc_line_1636121"
                    
                    BASELINE="111 1837 607 1829 839 1794" 
                    HPOS="106"
                    VPOS="1717"
                    WIDTH="732"
                    HEIGHT="210">
            <Shape><Polygon POINTS="827 1717 789 1717 751 1717 712 1717 674 1717 640 1717 636 1717 632 1717 629 1717 629 1721 610 1740 575 1775 369 1782 324 1771 224 1736 221 1736 217 1736 213 1736 106 1786 110 1836 114 1927 354 1900 381 1904 465 1916 468 1916 472 1916 560 1881 587 1874 598 1877 617 1893 621 1893 625 1893 629 1893 632 1893 636 1893 671 1870 690 1858 838 1851 838 1790 835 1717 827 1717"/></Shape>
	    <String CONTENT="ר&#39;ל&#39; לתחום מקום המלחמה"
                    HPOS="106"
                    VPOS="1717"
                    WIDTH="732"
                    HEIGHT="210"></String>
          </TextLine>

          
        </TextBlock>
        

        
      </PrintSpace>
    </Page>
  </Layout>
</alto>
