<?xml version="1.0" encoding="UTF-8"?>
<alto xmlns:xsi="http://www.w3.org/2001/XMLSchema-instance"
      xmlns="http://www.loc.gov/standards/alto/ns-v4#"
      xsi:schemaLocation="http://www.loc.gov/standards/alto/ns-v4# http://www.loc.gov/standards/alto/v4/alto-4-2.xsd">
  <Description>
    <MeasurementUnit>pixel</MeasurementUnit>
    <sourceImageInformation>
      <fileName>00000081.jpg</fileName>
      
    </sourceImageInformation>
  </Description>
  
  <Tags>
    <OtherTag ID="BT1" LABEL="Title" DESCRIPTION="block type Title"/><OtherTag ID="BT2" LABEL="Main" DESCRIPTION="block type Main"/><OtherTag ID="BT3" LABEL="Commentary" DESCRIPTION="block type Commentary"/><OtherTag ID="BT4" LABEL="Illustration" DESCRIPTION="block type Illustration"/><OtherTag ID="BT851" LABEL="Margin" DESCRIPTION="block type Margin"/><OtherTag ID="BT852" LABEL="Paratext" DESCRIPTION="block type Paratext"/>
    <OtherTag ID="LT2" LABEL="Numbering" DESCRIPTION="line type Numbering"/><OtherTag ID="LT3" LABEL="Correction" DESCRIPTION="line type Correction"/><OtherTag ID="LT336" LABEL="Gloss" DESCRIPTION="line type Gloss"/>
  </Tags>
  
  <Layout>
    <Page WIDTH="3626"
          HEIGHT="4571"
          PHYSICAL_IMG_NR="76"
          ID="eSc_dummypage_">
      <PrintSpace HPOS="0"
                  VPOS="0"
                  WIDTH="3626"
                  HEIGHT="4571">
        
        <TextBlock HPOS="3342.0"
                   VPOS="165.0"
                   WIDTH="72.0"
                   HEIGHT="139.0"
                   ID="eSc_textblock_5665"
                   TAGREFS="BT852">
          <Shape><Polygon POINTS="3342 165 3342 304 3414 304 3414 165 3342 165"/></Shape>
          
          
          <TextLine ID="eSc_line_673745"
                    
                    BASELINE="3359 255 3443 255" 
                    HPOS="3355"
                    VPOS="220"
                    WIDTH="87"
                    HEIGHT="84">
            <Shape><Polygon POINTS="3355 251 3355 297 3439 304 3442 251 3442 232 3355 220 3355 251"/></Shape>
	    <String CONTENT="ו&#39;"
                    HPOS="3355"
                    VPOS="220"
                    WIDTH="87"
                    HEIGHT="84"></String>
          </TextLine>

          
        </TextBlock>
        
        <TextBlock HPOS="920.0"
                   VPOS="560.0"
                   WIDTH="2274.0"
                   HEIGHT="2856.0"
                   ID="eSc_textblock_5666"
                   TAGREFS="BT2">
          <Shape><Polygon POINTS="3194 560 3194 3416 920 3416 920 560 3194 560"/></Shape>
          
          
          <TextLine ID="eSc_line_656826"
                    
                    BASELINE="917 683 1171 683 1372 675 1748 670 2055 670 2284 675 2485 672 2642 680 3208 675" 
                    HPOS="915"
                    VPOS="613"
                    WIDTH="2291"
                    HEIGHT="152">
            <Shape><Polygon POINTS="3008 639 2970 639 2932 636 2893 632 2871 628 2535 639 2501 628 2451 613 2447 613 2444 613 2440 613 2386 632 2363 639 2341 632 2291 613 2287 613 2283 613 2280 613 2211 632 2177 643 1948 639 1948 636 1925 617 1921 617 1917 617 1914 617 1811 636 1769 617 1765 617 1761 617 1757 617 1753 617 1753 620 1734 636 1624 620 1620 620 1616 620 1528 643 1525 643 1521 643 1403 620 1399 620 1395 620 1391 620 1361 647 1323 620 1319 620 1315 620 1079 620 1075 620 922 651 915 681 915 738 1033 761 1037 765 1445 765 1445 761 1574 738 1597 738 2058 738 2062 738 2077 754 2077 758 2081 758 2085 758 2089 758 2230 738 2287 735 2363 738 2520 754 2524 754 3206 738 3206 674 3198 620 3012 624 3008 639"/></Shape>
	    <String CONTENT="וזכרתם ↑ ועשיתם אותם זו פרשת קרית שמע או אינו ﭏא פרשת והיה"
                    HPOS="915"
                    VPOS="613"
                    WIDTH="2291"
                    HEIGHT="152"></String>
          </TextLine>

          
          
          <TextLine ID="eSc_line_673746"
                    TAGREFS="LT3"
                    BASELINE="2452 597 3010 640" 
                    HPOS="2444"
                    VPOS="563"
                    WIDTH="564"
                    HEIGHT="107">
            <Shape><Polygon POINTS="2874 563 2855 563 2810 575 2783 578 2771 571 2760 563 2756 563 2718 563 2680 563 2642 563 2604 563 2566 563 2527 563 2489 563 2451 563 2451 594 2444 639 2932 670 2939 670 2977 670 2996 670 3008 639 3008 590 2890 563 2874 563"/></Shape>
	    <String CONTENT="את כל מצות ה&#39;"
                    HPOS="2444"
                    VPOS="563"
                    WIDTH="564"
                    HEIGHT="107"></String>
          </TextLine>

          
          
          <TextLine ID="eSc_line_656827"
                    
                    BASELINE="932 797 1224 794 1341 787 2030 787 2098 792 2551 794 2632 799 3214 799" 
                    HPOS="926"
                    VPOS="758"
                    WIDTH="2284"
                    HEIGHT="114">
            <Shape><Polygon POINTS="930 796 926 849 976 872 979 872 983 872 1326 853 1410 872 1414 872 1418 872 1422 872 1487 849 3054 872 3057 872 3206 845 3210 796 3206 761 930 758 930 796"/></Shape>
	    <String CONTENT="אם שמוע אמרת צא וראה אי זו היא פרשה שיש בה קבול מלכות"
                    HPOS="926"
                    VPOS="758"
                    WIDTH="2284"
                    HEIGHT="114"></String>
          </TextLine>

          
          
          <TextLine ID="eSc_line_656828"
                    
                    BASELINE="978 901 1428 906 1557 901 1697 901 2164 909 2281 906 2596 914 2650 911 2734 916 2772 914 2924 919 3188 919" 
                    HPOS="972"
                    VPOS="849"
                    WIDTH="2215"
                    HEIGHT="145">
            <Shape><Polygon POINTS="976 898 972 963 1544 963 1574 967 1658 982 1662 982 1666 982 1670 982 1689 967 1700 963 1982 963 2013 967 2089 986 2093 986 2097 986 2100 986 2123 971 2138 963 2409 963 2436 971 2558 994 2562 994 2566 994 2569 994 2592 971 2653 994 2657 994 2661 994 3183 971 3187 918 3183 887 1853 857 1849 857 1353 868 1342 868 1338 868 1170 849 1166 849 976 864 976 898"/></Shape>
	    <String CONTENT="שמים ומיעט בה ע&#39;ז&#39; אי אתה מוצא ﭏא פרשת שמע תקדום פרשת"
                    HPOS="972"
                    VPOS="849"
                    WIDTH="2215"
                    HEIGHT="145"></String>
          </TextLine>

          
          
          <TextLine ID="eSc_line_656832"
                    
                    BASELINE="947 1020 1849 1015 2355 1025 2502 1023 2624 1028 2683 1025 3196 1031" 
                    HPOS="941"
                    VPOS="982"
                    WIDTH="2254"
                    HEIGHT="107">
            <Shape><Polygon POINTS="945 1017 941 1077 3183 1089 3195 1028 3191 994 945 982 945 1017"/></Shape>
	    <String CONTENT="והיה אם שמוע לפרשת שמע אמרת תקדים פרשת שמע שיש בה"
                    HPOS="941"
                    VPOS="982"
                    WIDTH="2254"
                    HEIGHT="107"></String>
          </TextLine>

          
          
          <TextLine ID="eSc_line_656833"
                    
                    BASELINE="914 1132 1255 1137 1483 1132 2238 1132 2495 1135 2622 1140 2678 1137 2917 1142 3188 1142" 
                    HPOS="907"
                    VPOS="1077"
                    WIDTH="2280"
                    HEIGHT="134">
            <Shape><Polygon POINTS="911 1131 907 1188 3179 1211 3187 1138 3172 1093 2405 1104 2230 1097 1952 1081 1948 1081 1868 1097 1830 1108 1464 1108 1437 1100 1357 1085 1353 1085 1109 1100 1105 1100 1006 1077 1002 1077 998 1077 995 1077 911 1100 911 1131"/></Shape>
	    <String CONTENT="קבול מלכות שמים ומיעט בה ע&#39;ז&#39; לפרשת והיה אם שמוע שאינה ﭏא"
                    HPOS="907"
                    VPOS="1077"
                    WIDTH="2280"
                    HEIGHT="134"></String>
          </TextLine>

          
          
          <TextLine ID="eSc_line_656834"
                    
                    BASELINE="909 1249 1306 1244 1407 1246 1524 1241 1819 1244 1844 1239 1979 1244 2264 1241 2419 1246 2736 1246 2990 1257 3196 1257" 
                    HPOS="903"
                    VPOS="1196"
                    WIDTH="2292"
                    HEIGHT="114">
            <Shape><Polygon POINTS="907 1245 903 1298 2272 1302 2276 1302 2314 1302 2352 1302 2390 1302 2428 1302 2466 1302 2505 1302 2505 1306 3187 1310 3195 1253 3191 1215 3149 1196 3145 1196 3141 1196 3008 1215 2863 1196 2546 1196 2543 1196 2539 1196 2485 1215 2287 1196 2283 1196 2138 1215 2135 1215 2131 1215 2051 1196 2047 1196 2043 1196 2039 1196 1967 1215 1963 1215 1948 1215 1662 1196 1658 1196 907 1211 907 1245"/></Shape>
	    <String CONTENT="ללמד תקדים פרשת ציצית לפרשת והיה אם שמוע אמרת תקדים פרשה"
                    HPOS="903"
                    VPOS="1196"
                    WIDTH="2292"
                    HEIGHT="114"></String>
          </TextLine>

          
          
          <TextLine ID="eSc_line_656835"
                    
                    BASELINE="935 1358 1029 1363 1443 1356 2086 1353 2205 1358 2281 1356 2660 1363 3196 1363" 
                    HPOS="930"
                    VPOS="1306"
                    WIDTH="2265"
                    HEIGHT="111">
            <Shape><Polygon POINTS="1349 1333 1326 1333 1311 1333 934 1333 934 1356 930 1417 3191 1417 3195 1359 3187 1333 3019 1333 3000 1314 3000 1310 2996 1310 2993 1310 2989 1310 2985 1310 2981 1310 2954 1333 2787 1333 2680 1306 2676 1306 2024 1325 1597 1306 1593 1306 1589 1306 1586 1306 1586 1310 1563 1329 1361 1310 1357 1310 1349 1333"/></Shape>
	    <String CONTENT="שנוהגת ביום ובלילה [לפיכך] ↑ ציצית שאינה נוהגת ﭏא ביום או ↑ יהי קורא"
                    HPOS="930"
                    VPOS="1306"
                    WIDTH="2265"
                    HEIGHT="111"></String>
          </TextLine>

          
          
          <TextLine ID="eSc_line_673747"
                    TAGREFS="LT3"
                    BASELINE="2258 1310 2518 1313" 
                    HPOS="2253"
                    VPOS="1279"
                    WIDTH="263"
                    HEIGHT="69">
            <Shape><Polygon POINTS="2257 1306 2253 1348 2291 1348 2329 1348 2367 1348 2405 1348 2444 1348 2508 1348 2516 1310 2512 1283 2257 1279 2257 1306"/></Shape>
	    <String CONTENT="לפרש&#39;"
                    HPOS="2253"
                    VPOS="1279"
                    WIDTH="263"
                    HEIGHT="69"></String>
          </TextLine>

          
          
          <TextLine ID="eSc_line_673748"
                    TAGREFS="LT3"
                    BASELINE="1179 1323 1374 1334" 
                    HPOS="1178"
                    VPOS="1287"
                    WIDTH="194"
                    HEIGHT="61">
            <Shape><Polygon POINTS="1178 1321 1216 1348 1250 1348 1288 1348 1326 1348 1364 1348 1368 1348 1372 1333 1368 1306 1178 1287 1178 1321"/></Shape>
	    <String CONTENT="יכול"
                    HPOS="1178"
                    VPOS="1287"
                    WIDTH="194"
                    HEIGHT="61"></String>
          </TextLine>

          
          
          <TextLine ID="eSc_line_656836"
                    
                    BASELINE="922 1475 985 1470 2114 1470 2230 1475 2373 1472 2764 1480 3175 1475" 
                    HPOS="915"
                    VPOS="1420"
                    WIDTH="2257"
                    HEIGHT="115">
            <Shape><Polygon POINTS="918 1474 915 1523 3164 1535 3172 1474 3172 1443 3122 1420 3118 1420 3115 1420 3000 1439 1624 1420 1620 1420 1502 1439 1334 1420 1330 1420 1174 1439 1090 1420 1086 1420 1082 1420 1079 1420 1075 1420 1075 1424 1056 1443 918 1443 918 1474"/></Shape>
	    <String CONTENT="שלש בערב כדרך שקורא שלש בשחר ת&#39;ל&#39; וראיתם אותו ביום ולא"
                    HPOS="915"
                    VPOS="1420"
                    WIDTH="2257"
                    HEIGHT="115"></String>
          </TextLine>

          
          
          <TextLine ID="eSc_line_656837"
                    
                    BASELINE="894 1579 1448 1584 1720 1579 2020 1579 2304 1582 2345 1587 2609 1584 2873 1587 2939 1592 3188 1592" 
                    HPOS="888"
                    VPOS="1523"
                    WIDTH="2299"
                    HEIGHT="145">
            <Shape><Polygon POINTS="892 1576 888 1630 960 1656 964 1656 968 1656 1197 1637 1296 1660 1300 1660 1303 1660 1410 1637 1567 1660 1570 1660 1704 1637 1894 1656 1898 1656 1902 1656 1906 1656 1936 1637 2089 1664 2093 1668 2188 1668 2188 1664 2192 1664 2196 1664 2226 1641 2417 1664 2421 1664 2424 1664 2493 1641 2524 1664 2527 1664 2531 1664 2535 1668 2821 1668 2821 1664 2825 1664 2878 1641 3130 1664 3134 1664 3137 1664 3183 1637 3187 1588 3179 1538 2177 1550 2161 1538 2146 1527 2142 1527 2138 1527 2135 1527 1910 1542 1864 1542 1856 1542 1799 1523 1795 1523 1792 1523 1788 1523 1784 1523 1761 1542 1750 1550 1589 1550 1586 1542 1570 1531 1570 1527 1567 1527 1563 1527 1559 1527 1422 1542 1384 1546 1376 1542 1357 1523 1353 1523 1349 1523 1262 1523 1258 1523 1254 1523 1178 1542 1162 1546 1151 1542 1098 1523 1094 1523 1090 1523 1086 1523 1082 1523 1052 1542 1044 1546 892 1546 892 1576"/></Shape>
	    <String CONTENT="בלילה ˙ ר&#39; שמעון בן יוחאי או&#39; תקדים פרשת שמע שהיא ללמוד לפרשת"
                    HPOS="888"
                    VPOS="1523"
                    WIDTH="2299"
                    HEIGHT="145"></String>
          </TextLine>

          
          
          <TextLine ID="eSc_line_656838"
                    
                    BASELINE="917 1678 980 1688 1087 1691 1293 1683 1776 1683 1966 1688 2269 1686 2406 1691 2665 1688 2695 1693 2721 1691 2777 1696 3178 1691" 
                    HPOS="915"
                    VPOS="1641"
                    WIDTH="2261"
                    HEIGHT="122">
            <Shape><Polygon POINTS="915 1676 915 1740 1223 1763 1227 1763 1231 1763 1235 1763 1265 1740 1269 1740 1281 1740 1380 1763 1384 1763 1567 1740 1589 1740 1609 1740 1822 1763 1826 1763 1830 1763 1879 1740 1891 1736 1967 1736 1971 1740 1990 1756 1990 1759 1994 1759 1997 1759 2001 1759 2108 1740 2135 1736 2203 1740 2489 1759 2493 1759 3172 1736 3176 1687 3172 1653 1079 1641 1075 1641 918 1660 915 1676"/></Shape>
	    <String CONTENT="והיה אם שמוע שאינה ﭏא ללמד תקדים פרשת והיה אם שמוע שהיא"
                    HPOS="915"
                    VPOS="1641"
                    WIDTH="2261"
                    HEIGHT="122"></String>
          </TextLine>

          
          
          <TextLine ID="eSc_line_656839"
                    
                    BASELINE="914 1800 1420 1805 1796 1800 2236 1800 2444 1805 2581 1803 2825 1808 3178 1808" 
                    HPOS="907"
                    VPOS="1744"
                    WIDTH="2269"
                    HEIGHT="137">
            <Shape><Polygon POINTS="911 1797 907 1858 1727 1881 1731 1881 3172 1862 3176 1805 3172 1767 2749 1748 2745 1748 2741 1748 2676 1767 2653 1775 2276 1775 2261 1767 2211 1748 2207 1748 2203 1748 2200 1748 2150 1767 2138 1771 2127 1767 2081 1748 2077 1748 2074 1748 2070 1748 2016 1767 2005 1771 1994 1767 1948 1748 1944 1748 1940 1748 1803 1767 1772 1771 1769 1767 1734 1744 1731 1744 1727 1744 1723 1744 1563 1767 1559 1767 1555 1767 1490 1744 1487 1744 1483 1744 1479 1744 1475 1744 1475 1748 1456 1767 1273 1767 1242 1767 1220 1748 1220 1744 1216 1744 1212 1744 1120 1744 1117 1744 1113 1744 1109 1744 1109 1748 1086 1767 1086 1771 911 1771 911 1797"/></Shape>
	    <String CONTENT="ללמד לפרשת ציצית שאינה ﭏא לעשות שעל כך נתנה תורה ללמוד"
                    HPOS="907"
                    VPOS="1744"
                    WIDTH="2269"
                    HEIGHT="137"></String>
          </TextLine>

          
          
          <TextLine ID="eSc_line_656840"
                    
                    BASELINE="937 1907 1128 1914 1649 1909 1677 1914 1971 1912 2373 1917 2500 1914 2650 1919 3178 1914" 
                    HPOS="930"
                    VPOS="1862"
                    WIDTH="2246"
                    HEIGHT="126">
            <Shape><Polygon POINTS="934 1904 934 1969 2649 1988 2653 1988 2657 1988 2668 1984 2737 1969 2844 1988 2859 1988 2863 1988 2874 1988 2974 1969 3168 1988 3176 1912 3168 1870 1330 1881 1326 1881 1288 1862 1284 1862 1281 1862 1277 1862 1273 1862 1246 1881 1242 1885 930 1885 934 1904"/></Shape>
	    <String CONTENT="וללמד לשמור ולעשות ˙ וראיתם ועשיתם מגיד הכתו&#39; שכל המקיים"
                    HPOS="930"
                    VPOS="1862"
                    WIDTH="2246"
                    HEIGHT="126"></String>
          </TextLine>

          
          
          <TextLine ID="eSc_line_656841"
                    
                    BASELINE="922 2029 960 2023 1097 2029 2093 2026 2149 2031 2205 2029 3143 2031 3198 2023" 
                    HPOS="915"
                    VPOS="1973"
                    WIDTH="2280"
                    HEIGHT="129">
            <Shape><Polygon POINTS="918 2026 918 2083 3141 2102 3145 2102 3149 2102 3195 2079 3195 2022 3187 1996 2859 1973 2855 1973 2851 1973 2848 1973 2848 1976 2825 1999 2733 1999 2707 1973 2703 1973 2699 1973 2607 1973 2604 1973 2600 1973 2596 1973 2569 1999 2478 1999 2386 1973 2383 1973 2379 1973 2375 1973 2371 1973 2333 1999 2043 1999 2020 1976 2020 1973 2016 1973 2013 1973 1875 1973 1872 1973 1868 1973 1864 1973 1830 1999 1361 1999 1273 1973 1269 1973 1265 1973 1262 1973 1258 1973 1231 1999 915 1999 918 2026"/></Shape>
	    <String CONTENT="מצות ציצית כﭏו קיים כל המצוות ק&#39;ו&#39; לכל מצות שבתורה ˙ לא תתורו"
                    HPOS="915"
                    VPOS="1973"
                    WIDTH="2280"
                    HEIGHT="129"></String>
          </TextLine>

          
          
          <TextLine ID="eSc_line_656842"
                    
                    BASELINE="922 2138 1646 2135 2009 2140 2190 2138 2373 2140 2408 2135 2688 2140 3180 2135" 
                    HPOS="915"
                    VPOS="2087"
                    WIDTH="2264"
                    HEIGHT="129">
            <Shape><Polygon POINTS="918 2136 918 2197 2398 2216 2402 2216 2699 2194 2752 2213 2756 2213 2760 2216 3149 2216 3149 2213 3153 2213 3157 2213 3179 2190 3179 2133 3176 2106 2905 2087 2901 2087 2619 2106 2577 2110 915 2110 918 2136"/></Shape>
	    <String CONTENT="אחרי לבבכם זו מינות כענין שנא&#39; ומוצא אני מר ˙ והמלך ישמח וגו&#39; ˙ ואחרי"
                    HPOS="915"
                    VPOS="2087"
                    WIDTH="2264"
                    HEIGHT="129"></String>
          </TextLine>

          
          
          <TextLine ID="eSc_line_656843"
                    
                    BASELINE="932 2244 1557 2239 1941 2242 2256 2249 3198 2244" 
                    HPOS="926"
                    VPOS="2197"
                    WIDTH="2269"
                    HEIGHT="118">
            <Shape><Polygon POINTS="930 2243 930 2300 2112 2315 2116 2315 2600 2304 2604 2304 2642 2304 2653 2304 3191 2293 3195 2243 3187 2213 2451 2197 2447 2197 926 2216 930 2243"/></Shape>
	    <String CONTENT="עיניכם זו זנות כענין שנא&#39; כי היא ישרה בעיני ˙ אשר אתם זונים אחריהם"
                    HPOS="926"
                    VPOS="2197"
                    WIDTH="2269"
                    HEIGHT="118"></String>
          </TextLine>

          
          
          <TextLine ID="eSc_line_656844"
                    
                    BASELINE="909 2343 1260 2348 1684 2343 1783 2348 1887 2346 1941 2351 2294 2348 2652 2356 2713 2354 2744 2359 3094 2359 3120 2354 3178 2356" 
                    HPOS="903"
                    VPOS="2296"
                    WIDTH="2273"
                    HEIGHT="111">
            <Shape><Polygon POINTS="2924 2319 2886 2319 2848 2319 2810 2315 2771 2315 2733 2315 2695 2312 2657 2312 2619 2312 2615 2308 2329 2300 2325 2300 2230 2319 2226 2319 2215 2319 1986 2300 1982 2300 1978 2300 1929 2319 1925 2319 1914 2319 1761 2300 1757 2300 1639 2319 1624 2319 1509 2319 1448 2319 1429 2300 1429 2296 1425 2296 1422 2296 1418 2296 1414 2296 1361 2315 1010 2296 1006 2296 907 2315 907 2342 903 2407 3168 2407 3176 2354 3172 2323 3069 2300 3065 2300 3061 2300 2996 2319 2924 2315 2924 2319"/></Shape>
	    <String CONTENT="זו ע&#39;ז&#39; שנ&#39; ↑ ויזנו אחרי הבעלי&#39; ˙ ר&#39; נתן שלא יהי שותה בכוסו ומשתמש בכוסו"
                    HPOS="903"
                    VPOS="2296"
                    WIDTH="2273"
                    HEIGHT="111"></String>
          </TextLine>

          
          
          <TextLine ID="eSc_line_673749"
                    TAGREFS="LT336"
                    BASELINE="2605 2311 2953 2322" 
                    HPOS="2600"
                    VPOS="2281"
                    WIDTH="351"
                    HEIGHT="69">
            <Shape><Polygon POINTS="2604 2308 2600 2346 2638 2346 2676 2346 2714 2346 2718 2346 2939 2350 2951 2319 2951 2285 2604 2281 2604 2308"/></Shape>
	    <String CONTENT="בשופטים"
                    HPOS="2600"
                    VPOS="2281"
                    WIDTH="351"
                    HEIGHT="69"></String>
          </TextLine>

          
          
          <TextLine ID="eSc_line_656845"
                    
                    BASELINE="942 2453 1356 2453 1499 2460 1532 2453 1748 2453 1885 2458 2147 2455 2495 2460 2523 2458 2810 2465 3183 2460" 
                    HPOS="937"
                    VPOS="2399"
                    WIDTH="2242"
                    HEIGHT="126">
            <Shape><Polygon POINTS="941 2449 937 2510 3172 2525 3179 2456 3172 2411 2832 2422 2794 2411 2768 2403 2764 2403 2760 2403 2710 2411 2649 2422 2588 2411 2539 2403 2535 2403 2531 2403 2512 2411 2489 2422 2451 2411 2417 2403 2413 2403 2409 2403 2405 2403 2383 2415 2367 2422 2348 2415 2325 2403 2322 2403 2318 2403 2165 2415 2047 2422 2016 2415 1971 2403 1967 2403 1963 2403 1959 2403 1955 2403 1944 2415 1933 2426 1643 2426 1609 2418 1517 2399 1513 2399 1509 2399 1506 2399 1506 2403 1490 2418 1487 2422 941 2422 941 2449"/></Shape>
	    <String CONTENT="של חבירו ˙ ר&#39; או&#39; ולא תלכו אחרי הבעל ˙ ר&#39; נתן או&#39; שלא יהי שותה בכוסו"
                    HPOS="937"
                    VPOS="2399"
                    WIDTH="2242"
                    HEIGHT="126"></String>
          </TextLine>

          
          
          <TextLine ID="eSc_line_656846"
                    
                    BASELINE="881 2569 1013 2577 1989 2574 2027 2580 2370 2577 3041 2580 3201 2572" 
                    HPOS="876"
                    VPOS="2521"
                    WIDTH="2322"
                    HEIGHT="114">
            <Shape><Polygon POINTS="880 2567 880 2635 3198 2632 3198 2571 3195 2544 3065 2521 3061 2521 3057 2521 3054 2521 3027 2544 3023 2548 2890 2548 2882 2544 2825 2521 2821 2521 2817 2521 2627 2544 2607 2544 2600 2544 2527 2521 2524 2521 2520 2521 2516 2521 2512 2521 2485 2544 2482 2548 2249 2548 2245 2544 2200 2521 2196 2521 2013 2521 2009 2521 2005 2521 2001 2521 1971 2540 1910 2521 1906 2521 1902 2521 1750 2540 1704 2521 1700 2521 1696 2521 1692 2521 1609 2544 1605 2544 1597 2544 1326 2521 1323 2521 1319 2521 1315 2521 1315 2525 1292 2544 1292 2548 1109 2548 1109 2544 998 2521 995 2521 876 2544 880 2567"/></Shape>
	    <String CONTENT="ומשתמש בכוסו של חבירו ˙ ר&#39; או&#39; ולא תלכו אחרי וגו&#39; ˙ מגיד שעינים הולכות"
                    HPOS="876"
                    VPOS="2521"
                    WIDTH="2322"
                    HEIGHT="114"></String>
          </TextLine>

          
          
          <TextLine ID="eSc_line_656847"
                    
                    BASELINE="917 2681 990 2681 1016 2686 2103 2686 2396 2694 3188 2694" 
                    HPOS="911"
                    VPOS="2635"
                    WIDTH="2276"
                    HEIGHT="134">
            <Shape><Polygon POINTS="2741 2662 2703 2662 2665 2658 2627 2658 2588 2658 2581 2647 2375 2639 2371 2639 2108 2654 2055 2635 2051 2635 2047 2635 1296 2658 1269 2658 1265 2658 1197 2635 1193 2635 1189 2635 1075 2658 1071 2658 949 2635 945 2635 941 2635 937 2635 926 2639 915 2677 911 2742 1025 2765 1029 2769 1536 2769 1536 2765 1540 2765 1605 2746 3134 2765 3137 2765 3141 2765 3183 2742 3187 2693 3179 2658 3042 2639 3038 2639 2939 2658 2886 2635 2882 2635 2878 2635 2874 2635 2790 2658 2741 2654 2741 2662"/></Shape>
	    <String CONTENT="אחרי הלב או ↑ הלב אחרי העינים ˙ אמ&#39;ר&#39; והלא יש סומא שעושה כל"
                    HPOS="911"
                    VPOS="2635"
                    WIDTH="2276"
                    HEIGHT="134"></String>
          </TextLine>

          
          
          <TextLine ID="eSc_line_673750"
                    TAGREFS="LT3"
                    BASELINE="2576 2658 2776 2666" 
                    HPOS="2569"
                    VPOS="2624"
                    WIDTH="206"
                    HEIGHT="65">
            <Shape><Polygon POINTS="2573 2654 2569 2689 2607 2689 2646 2689 2684 2689 2695 2689 2775 2662 2775 2632 2573 2624 2573 2654"/></Shape>
	    <String CONTENT="יכול"
                    HPOS="2569"
                    VPOS="2624"
                    WIDTH="206"
                    HEIGHT="65"></String>
          </TextLine>

          
          
          <TextLine ID="eSc_line_656848"
                    
                    BASELINE="942 2785 1135 2793 1161 2790 1229 2795 1913 2795 2050 2801 2253 2798 2401 2803 2703 2806 3188 2801" 
                    HPOS="937"
                    VPOS="2746"
                    WIDTH="2250"
                    HEIGHT="133">
            <Shape><Polygon POINTS="941 2784 937 2845 1052 2868 1056 2868 1178 2849 1273 2875 1277 2875 1281 2875 1403 2853 1479 2875 1483 2875 1487 2875 1601 2853 1650 2875 1654 2875 1658 2879 2047 2879 2047 2875 2051 2875 2097 2853 3115 2875 3118 2875 3122 2875 3183 2849 3187 2799 3176 2769 2794 2769 2787 2765 2749 2746 2745 2746 2741 2746 2737 2746 2733 2746 2733 2750 2718 2761 2718 2765 2714 2761 2676 2746 2672 2746 2668 2746 2665 2746 2627 2761 2615 2769 2363 2769 2356 2761 2344 2750 2344 2746 2341 2746 2337 2746 2333 2746 2234 2757 2184 2765 2135 2757 2058 2746 2055 2746 1986 2757 1933 2765 941 2750 941 2784"/></Shape>
	    <String CONTENT="תועבות שבעולם הא מה ת&#39;ל&#39; אחרי עיניכם מגיד שעינים הולכות אחר"
                    HPOS="937"
                    VPOS="2746"
                    WIDTH="2250"
                    HEIGHT="133"></String>
          </TextLine>

          
          
          <TextLine ID="eSc_line_656849"
                    
                    BASELINE="927 2897 1514 2905 2058 2902 2131 2907 2200 2905 2571 2915 3183 2907" 
                    HPOS="922"
                    VPOS="2849"
                    WIDTH="2257"
                    HEIGHT="133">
            <Shape><Polygon POINTS="926 2894 922 2959 968 2978 972 2978 976 2978 1079 2959 1364 2978 1368 2978 1616 2963 1654 2982 1658 2982 1662 2982 1666 2982 1746 2963 1986 2963 2020 2982 2024 2982 2028 2982 2032 2982 2196 2963 2474 2982 2478 2982 2989 2963 3038 2982 3042 2982 3046 2982 3176 2959 3179 2906 3176 2868 2924 2853 2920 2853 2916 2853 2913 2853 2893 2868 2882 2875 2703 2875 2684 2868 2642 2853 2638 2853 2634 2853 2630 2853 2588 2868 2573 2872 2546 2868 2470 2853 2466 2853 2463 2853 2417 2868 2398 2872 2333 2868 2150 2853 2146 2853 2142 2853 2138 2853 2119 2868 2108 2875 1868 2875 1845 2868 1765 2853 1761 2853 1757 2853 1753 2853 1753 2856 1738 2868 1734 2875 1612 2875 1582 2868 1479 2853 1475 2853 1227 2868 1197 2849 1193 2849 1189 2849 1185 2849 926 2868 926 2894"/></Shape>
	    <String CONTENT="הלב ˙ ר&#39; ישמעﭏ או&#39; ולא תתורו לפי שהוא אומ&#39; ועשיתם לעשות זכרון"
                    HPOS="922"
                    VPOS="2849"
                    WIDTH="2257"
                    HEIGHT="133"></String>
          </TextLine>

          
          
          <TextLine ID="eSc_line_656850"
                    
                    BASELINE="907 3011 945 3006 1026 3011 1811 3009 1908 3014 2129 3011 2281 3019 2365 3016 2645 3024 2830 3024 2939 3029 3112 3029 3193 3021" 
                    HPOS="899"
                    VPOS="2959"
                    WIDTH="2292"
                    HEIGHT="137">
            <Shape><Polygon POINTS="903 3009 899 3066 1208 3093 1212 3093 1334 3073 1364 3070 1441 3073 1692 3093 1696 3093 1761 3077 1803 3070 2123 3070 2142 3081 2158 3093 2161 3093 2165 3093 2169 3093 2261 3085 2394 3070 2440 3085 2459 3093 2463 3093 2466 3096 2817 3096 2817 3093 2821 3093 2829 3089 2871 3073 2890 3089 2890 3093 2893 3093 2897 3093 2901 3096 3187 3096 3191 3020 3187 2986 2318 2986 2306 2982 2200 2959 2196 2959 903 2974 903 3009"/></Shape>
	    <String CONTENT="כמעשה ˙ והייתם קדושים זו קדושת כל המצוות או אינו ﭏא קדושת"
                    HPOS="899"
                    VPOS="2959"
                    WIDTH="2292"
                    HEIGHT="137"></String>
          </TextLine>

          
          
          <TextLine ID="eSc_line_656851"
                    
                    BASELINE="914 3120 1745 3120 1915 3126 2032 3123 2439 3131 2701 3131 2784 3136 2985 3136 3036 3141 3203 3136" 
                    HPOS="907"
                    VPOS="3073"
                    WIDTH="2295"
                    HEIGHT="138">
            <Shape><Polygon POINTS="1368 3085 1364 3081 911 3089 911 3119 907 3173 1155 3203 1159 3203 1288 3180 1334 3203 1338 3203 1342 3203 1517 3180 1765 3195 1769 3195 2074 3180 2150 3207 2154 3207 2158 3207 2161 3207 2245 3184 2402 3207 2405 3207 2760 3188 2790 3207 2794 3207 2798 3207 2802 3211 3160 3211 3160 3207 3164 3207 3168 3207 3198 3180 3202 3134 3198 3100 1963 3073 1959 3073 1376 3081 1368 3085"/></Shape>
	    <String CONTENT="ציצית ˙ אמרת במה ענין מדבר בקדושת כל המצוות ˙ ר&#39; או&#39; ↑ קדושת ציצית"
                    HPOS="907"
                    VPOS="3073"
                    WIDTH="2295"
                    HEIGHT="138"></String>
          </TextLine>

          
          
          <TextLine ID="eSc_line_7e9acc75"
                    TAGREFS="LT3"
                    BASELINE="1344 3088 1432 3081" 
                    HPOS="1338"
                    VPOS="3032"
                    WIDTH="91"
                    HEIGHT="83">
            <Shape><Polygon POINTS="1342 3085 1342 3115 1380 3115 1418 3115 1425 3115 1429 3077 1425 3047 1384 3032 1380 3032 1376 3032 1372 3032 1368 3032 1338 3051 1342 3085"/></Shape>
	    <String CONTENT="זו"
                    HPOS="1338"
                    VPOS="3032"
                    WIDTH="91"
                    HEIGHT="83"></String>
          </TextLine>

          
          
          <TextLine ID="eSc_line_656831"
                    
                    BASELINE="896 3217 1057 3227 1552 3225 1816 3230 1842 3227 1890 3232 2195 3232 2325 3237 2449 3235 2685 3242 2802 3240 3198 3245" 
                    HPOS="888"
                    VPOS="3180"
                    WIDTH="2307"
                    HEIGHT="130">
            <Shape><Polygon POINTS="892 3214 888 3287 2009 3287 2016 3287 2066 3306 2070 3306 2074 3306 2402 3291 2421 3291 2436 3291 2646 3310 2649 3310 2745 3306 2756 3298 2794 3298 2832 3302 2863 3302 3187 3291 3195 3241 3187 3203 2360 3184 2356 3184 2055 3199 2024 3199 2013 3199 1883 3180 1879 3180 892 3192 892 3214"/></Shape>
	    <String CONTENT="אתה אומ&#39; זו קדושת ציצית או אינו ﭏא קדושת כל המצוות כשהוא אומר"
                    HPOS="888"
                    VPOS="3180"
                    WIDTH="2307"
                    HEIGHT="130"></String>
          </TextLine>

          
          
          <TextLine ID="eSc_line_656830"
                    
                    BASELINE="942 3326 1260 3334 1516 3331 1674 3334 1707 3339 1948 3339 2030 3344 2698 3344 2919 3349 3214 3344" 
                    HPOS="937"
                    VPOS="3279"
                    WIDTH="2273"
                    HEIGHT="175">
            <Shape><Polygon POINTS="2958 3313 2920 3313 2882 3310 2844 3310 2516 3310 2516 3306 2405 3283 2402 3283 2222 3306 2150 3283 2146 3283 2142 3283 2138 3283 2135 3283 2135 3287 2116 3306 1841 3306 1807 3306 1792 3287 1788 3287 1788 3283 1784 3283 1780 3283 1563 3279 1559 3279 1178 3298 972 3283 968 3283 964 3283 960 3283 941 3294 941 3325 937 3424 1090 3447 1094 3447 1098 3447 1159 3428 1212 3409 1342 3409 1380 3428 1391 3432 1395 3432 1399 3432 1441 3428 1555 3409 1597 3428 1654 3451 1658 3451 1662 3451 1795 3443 1799 3443 1833 3428 1868 3413 1955 3413 1971 3428 1990 3443 1990 3447 1994 3447 1997 3447 2001 3447 2135 3428 2169 3424 2180 3428 2234 3451 2238 3451 2241 3451 2245 3451 2295 3428 2329 3413 2478 3413 2516 3428 2569 3451 2573 3451 2577 3454 2783 3454 2783 3451 2787 3451 2829 3428 2863 3413 2916 3428 2989 3451 2993 3451 2996 3451 3206 3428 3210 3340 3206 3310 2958 3310 2958 3313"/></Shape>
	    <String CONTENT="קדושים ↑ הרי קדושת כל המצוות אמור הא מה ת&#39;ל&#39; והייתם קדושים זו"
                    HPOS="937"
                    VPOS="3279"
                    WIDTH="2273"
                    HEIGHT="175"></String>
          </TextLine>

          
          
          <TextLine ID="eSc_line_673751"
                    TAGREFS="LT3"
                    BASELINE="2756 3304 2970 3317" 
                    HPOS="2749"
                    VPOS="3275"
                    WIDTH="217"
                    HEIGHT="65">
            <Shape><Polygon POINTS="2752 3302 2749 3336 2787 3336 2825 3340 2863 3340 2901 3340 2909 3340 2966 3313 2966 3287 2752 3275 2752 3302"/></Shape>
	    <String CONTENT="תהיו"
                    HPOS="2749"
                    VPOS="3275"
                    WIDTH="217"
                    HEIGHT="65"></String>
          </TextLine>

          
        </TextBlock>
        

        
      </PrintSpace>
    </Page>
  </Layout>
</alto>
