<?xml version="1.0" encoding="UTF-8"?>
<alto xmlns:xsi="http://www.w3.org/2001/XMLSchema-instance"
      xmlns="http://www.loc.gov/standards/alto/ns-v4#"
      xsi:schemaLocation="http://www.loc.gov/standards/alto/ns-v4# http://www.loc.gov/standards/alto/v4/alto-4-2.xsd">
  <Description>
    <MeasurementUnit>pixel</MeasurementUnit>
    <sourceImageInformation>
      <fileName>00000204.jpg</fileName>
      
    </sourceImageInformation>
  </Description>
  
  <Tags>
    <OtherTag ID="BT1" LABEL="Title" DESCRIPTION="block type Title"/><OtherTag ID="BT2" LABEL="Main" DESCRIPTION="block type Main"/><OtherTag ID="BT3" LABEL="Commentary" DESCRIPTION="block type Commentary"/><OtherTag ID="BT4" LABEL="Illustration" DESCRIPTION="block type Illustration"/><OtherTag ID="BT851" LABEL="Margin" DESCRIPTION="block type Margin"/><OtherTag ID="BT852" LABEL="Paratext" DESCRIPTION="block type Paratext"/>
    <OtherTag ID="LT2" LABEL="Numbering" DESCRIPTION="line type Numbering"/><OtherTag ID="LT3" LABEL="Correction" DESCRIPTION="line type Correction"/><OtherTag ID="LT336" LABEL="Gloss" DESCRIPTION="line type Gloss"/>
  </Tags>
  
  <Layout>
    <Page WIDTH="3626"
          HEIGHT="4571"
          PHYSICAL_IMG_NR="199"
          ID="eSc_dummypage_">
      <PrintSpace HPOS="0"
                  VPOS="0"
                  WIDTH="3626"
                  HEIGHT="4571">
        
        <TextBlock HPOS="424.0"
                   VPOS="599.0"
                   WIDTH="2277.0"
                   HEIGHT="2831.0"
                   ID="eSc_textblock_24614"
                   TAGREFS="BT2">
          <Shape><Polygon POINTS="2680 599 426 627 424 3410 2701 3430"/></Shape>
          
          
          <TextLine ID="eSc_line_794944"
                    
                    BASELINE="406 690 612 690 762 683 879 685 1201 672 1483 667 1544 662 2477 665 2722 668" 
                    HPOS="404"
                    VPOS="609"
                    WIDTH="2314"
                    HEIGHT="152">
            <Shape><Polygon POINTS="1914 609 1910 609 1906 609 1872 632 1868 636 1864 632 1845 617 1841 617 1837 617 1833 617 1727 632 1723 632 1700 613 1696 613 1692 613 1689 613 1685 613 1681 613 1658 632 1521 613 1506 613 1475 613 1418 636 1403 639 1387 636 1326 617 1315 617 1277 617 1239 636 1231 643 655 643 651 639 625 624 602 624 583 639 583 643 404 643 404 689 404 742 419 758 423 758 427 758 430 761 1246 761 1246 758 1464 735 1498 758 1502 758 1506 758 1509 758 1513 758 1517 758 1517 754 1540 735 1673 754 1677 754 1681 754 1738 735 2283 735 2371 758 2375 758 2379 758 2383 758 2386 758 2386 754 2409 735 2710 735 2718 666 2714 628 1917 609 1914 609"/></Shape>
	    <String CONTENT="לאדם שאמ&#39; איש פלוני גבור הא שזה גבור ﭏא שהלה גבור ממנו ˙ מכם עוד למה נאמ&#39;"
                    HPOS="404"
                    VPOS="609"
                    WIDTH="2314"
                    HEIGHT="152"></String>
          </TextLine>

          
          
          <TextLine ID="eSc_line_794957"
                    
                    BASELINE="447 810 508 805 716 805 813 799 843 794 1021 797 1087 789 1204 789 1283 784 1618 787 1644 782 1959 779 2119 782 2144 787 2253 782 2530 782 2617 787 2701 790" 
                    HPOS="442"
                    VPOS="735"
                    WIDTH="2257"
                    HEIGHT="137">
            <Shape><Polygon POINTS="1929 750 1891 750 1853 750 1814 750 1776 750 1769 738 1517 735 1513 735 1315 754 1269 735 1265 735 1262 735 1258 735 1216 758 1212 758 1204 758 1086 735 1082 735 1079 735 1075 735 1075 738 1052 758 1052 761 972 761 968 758 896 735 892 735 888 735 884 735 880 735 880 738 857 758 857 761 442 761 446 807 446 860 937 853 1021 860 1162 872 1166 872 1277 857 1326 853 1349 857 1395 872 1399 872 1403 872 1406 872 1410 872 1410 868 1422 857 1429 853 1609 853 1620 857 1658 872 1662 872 1666 872 1670 872 1673 872 1689 857 1696 853 1914 853 1921 857 1948 872 1952 872 1955 872 1959 872 1963 872 1967 872 1994 853 1997 853 2016 853 2131 872 2135 872 2264 853 2280 853 2291 853 2455 872 2459 872 2691 849 2699 788 2695 754 1929 738 1929 750"/></Shape>
	    <String CONTENT="והלא כבר נאמ&#39; שבעה גוים [גדולים] ↑ ועצומים ממך ˙ ומה ת&#39;ל&#39; מכם ﭏא שאחד מז&#39;"
                    HPOS="442"
                    VPOS="735"
                    WIDTH="2257"
                    HEIGHT="137"></String>
          </TextLine>

          
          
          <TextLine ID="eSc_line_1192003"
                    TAGREFS="LT3"
                    BASELINE="1753 747 1945 750" 
                    HPOS="1750"
                    VPOS="719"
                    WIDTH="194"
                    HEIGHT="54">
            <Shape><Polygon POINTS="1750 746 1750 773 1788 773 1826 773 1864 773 1902 773 1940 773 1944 773 1944 746 1944 719 1750 719 1750 746"/></Shape>
	    <String CONTENT="רבים"
                    HPOS="1750"
                    VPOS="719"
                    WIDTH="194"
                    HEIGHT="54"></String>
          </TextLine>

          
          
          <TextLine ID="eSc_line_794958"
                    
                    BASELINE="447 934 480 919 505 916 810 919 866 911 957 911 985 904 1046 909 1173 906 1458 909 1483 904 1760 896 2619 896 2701 912" 
                    HPOS="442"
                    VPOS="853"
                    WIDTH="2257"
                    HEIGHT="141">
            <Shape><Polygon POINTS="1582 876 1544 879 1517 879 1506 879 1467 879 1429 879 1391 879 1353 879 1315 879 1307 860 1296 860 1292 860 1162 876 1140 857 1136 857 1132 857 1128 857 1124 857 1063 876 1052 883 442 883 446 933 453 994 1342 994 1342 990 1345 990 1349 990 1349 986 1357 982 1368 971 1460 978 1570 990 1574 990 1578 990 1582 990 1601 978 1620 967 1689 978 1780 990 1784 990 1788 990 1833 975 1860 967 2024 975 2428 990 2432 990 2688 963 2699 910 2695 868 1589 853 1582 876"/></Shape>
	    <String CONTENT="עממים קשה כנגד כל ישרﭏ וכן הוא או&#39; ↑ ואנכי השמדתי את האמורי מפניכם ˙˙"
                    HPOS="442"
                    VPOS="853"
                    WIDTH="2257"
                    HEIGHT="141"></String>
          </TextLine>

          
          
          <TextLine ID="eSc_line_1192004"
                    TAGREFS="LT336"
                    BASELINE="1317 877 1585 879" 
                    HPOS="1315"
                    VPOS="853"
                    WIDTH="267"
                    HEIGHT="45">
            <Shape><Polygon POINTS="1315 876 1315 898 1353 898 1391 898 1429 898 1467 898 1506 895 1544 895 1582 895 1582 876 1582 853 1315 853 1315 876"/></Shape>
	    <String CONTENT="בעמוס"
                    HPOS="1315"
                    VPOS="853"
                    WIDTH="267"
                    HEIGHT="45"></String>
          </TextLine>

          
          
          <TextLine ID="eSc_line_794959"
                    
                    BASELINE="439 1041 678 1041 714 1028 856 1031 930 1023 1077 1018 1387 1020 1450 1015 1702 1013 1786 1008 1974 1008 2004 1013 2167 1015 2373 1013 2406 1008 2699 1019" 
                    HPOS="434"
                    VPOS="963"
                    WIDTH="2261"
                    HEIGHT="141">
            <Shape><Polygon POINTS="2680 994 2676 986 2428 967 2424 967 2421 967 2417 967 2390 986 2348 963 2344 963 2341 963 1689 982 1650 963 1647 963 1643 963 1639 963 1589 982 1437 963 1433 963 1323 986 1197 963 1193 963 1189 963 1185 963 1159 990 1071 990 1029 963 1025 963 1021 963 1018 963 1014 963 964 990 598 990 556 967 552 967 549 967 438 986 438 1039 434 1077 495 1100 499 1100 503 1104 1101 1104 1101 1100 1105 1100 1155 1077 1201 1100 1204 1100 1208 1104 1357 1104 1357 1100 1361 1100 1414 1077 1452 1100 1456 1100 1460 1100 1464 1100 1624 1077 1647 1097 1647 1100 1650 1100 1654 1100 1658 1104 1891 1104 1891 1100 1894 1100 1990 1077 1994 1077 2688 1077 2695 1017 2691 990 2680 986 2680 994"/></Shape>
	    <String CONTENT="ס&#39;פ&#39; ˙ כל המקום אשר תדרוך כף רגלכם ˙ אם ללמד על תחומי ארץ ישרﭏ הרי"
                    HPOS="434"
                    VPOS="963"
                    WIDTH="2261"
                    HEIGHT="141"></String>
          </TextLine>

          
          
          <TextLine ID="eSc_line_794960"
                    
                    BASELINE="457 1122 490 1140 599 1142 711 1130 1181 1130 1217 1135 1257 1127 1748 1124 1778 1119 1948 1119 1976 1124 2704 1135" 
                    HPOS="449"
                    VPOS="1074"
                    WIDTH="2254"
                    HEIGHT="144">
            <Shape><Polygon POINTS="2463 1100 2424 1100 2405 1100 2386 1100 2348 1100 2329 1100 2325 1104 2325 1108 2093 1108 2085 1104 1879 1077 1875 1077 1063 1100 831 1074 827 1074 823 1074 774 1097 720 1074 716 1074 712 1074 709 1074 705 1074 667 1097 491 1077 488 1077 484 1077 480 1077 453 1093 453 1119 449 1188 522 1211 526 1211 529 1215 777 1215 777 1211 884 1188 896 1184 899 1188 930 1211 934 1211 937 1211 941 1211 945 1211 1018 1192 1048 1215 1052 1215 1056 1215 1059 1215 1063 1215 1094 1203 1124 1192 1483 1215 1487 1215 1490 1215 1555 1188 1578 1207 1582 1207 1586 1207 1589 1207 1837 1188 1849 1188 1875 1215 1875 1218 1879 1218 1883 1218 1887 1218 1891 1218 1997 1192 2161 1215 2165 1215 2295 1199 2314 1215 2314 1218 2318 1218 2322 1218 2325 1218 2329 1218 2394 1196 2619 1215 2623 1215 2627 1215 2699 1188 2703 1131 2703 1104 2646 1085 2642 1085 2638 1085 2463 1093 2463 1100"/></Shape>
	    <String CONTENT="כבר נאמ&#39; ↑ מן המדבר והלבנון ˙ מה ת&#39;ל&#39; כל המקום אשר תדרוך ˙ אמ&#39; להם כל"
                    HPOS="449"
                    VPOS="1074"
                    WIDTH="2254"
                    HEIGHT="144"></String>
          </TextLine>

          
          
          <TextLine ID="eSc_line_1192005"
                    TAGREFS="LT336"
                    BASELINE="2030 1095 2467 1103" 
                    HPOS="2024"
                    VPOS="1055"
                    WIDTH="442"
                    HEIGHT="68">
            <Shape><Polygon POINTS="2028 1093 2024 1119 2062 1119 2100 1119 2138 1119 2177 1119 2215 1119 2253 1119 2291 1119 2329 1119 2367 1123 2405 1123 2444 1123 2463 1123 2466 1100 2459 1055 2028 1058 2028 1093"/></Shape>
	    <String CONTENT="בפרשה זאת"
                    HPOS="2024"
                    VPOS="1055"
                    WIDTH="442"
                    HEIGHT="68"></String>
          </TextLine>

          
          
          <TextLine ID="eSc_line_794961"
                    
                    BASELINE="447 1246 482 1254 749 1254 955 1241 2401 1244 2717 1245" 
                    HPOS="442"
                    VPOS="1192"
                    WIDTH="2272"
                    HEIGHT="137">
            <Shape><Polygon POINTS="446 1245 442 1302 518 1325 522 1325 526 1329 903 1329 903 1325 907 1325 911 1325 941 1306 1281 1325 1284 1325 1509 1302 1570 1325 1574 1325 1578 1325 1582 1325 1586 1325 1624 1302 2581 1325 2585 1325 2588 1325 2592 1325 2592 1321 2615 1302 2710 1302 2714 1241 2714 1215 2672 1192 2668 1192 2665 1192 2661 1192 1879 1211 1700 1192 1696 1192 1589 1211 1479 1192 1475 1192 1471 1192 1410 1215 1353 1192 1349 1192 1345 1192 1342 1192 1338 1192 1307 1218 964 1218 823 1192 819 1192 815 1192 739 1218 446 1218 446 1245"/></Shape>
	    <String CONTENT="מקום שתכנסו חוץ ממקומות הﭏו הרי הוא שלכם או ↑ רשות בידם ליכבש חוצה"
                    HPOS="442"
                    VPOS="1192"
                    WIDTH="2272"
                    HEIGHT="137"></String>
          </TextLine>

          
          
          <TextLine ID="eSc_line_1192006"
                    TAGREFS="LT3"
                    BASELINE="1073 1208 1227 1213" 
                    HPOS="1067"
                    VPOS="1184"
                    WIDTH="156"
                    HEIGHT="50">
            <Shape><Polygon POINTS="1071 1207 1067 1234 1105 1234 1143 1234 1181 1234 1220 1234 1223 1211 1223 1188 1071 1184 1071 1207"/></Shape>
	    <String CONTENT="יכול"
                    HPOS="1067"
                    VPOS="1184"
                    WIDTH="156"
                    HEIGHT="50"></String>
          </TextLine>

          
          
          <TextLine ID="eSc_line_794945"
                    
                    BASELINE="421 1361 653 1358 680 1350 734 1356 963 1356 1054 1348 1293 1350 1364 1348 1392 1340 1425 1345 2373 1343 2629 1345 2712 1349" 
                    HPOS="419"
                    VPOS="1295"
                    WIDTH="2291"
                    HEIGHT="133">
            <Shape><Polygon POINTS="419 1359 419 1409 1384 1428 1387 1428 1582 1409 1673 1428 1677 1428 1681 1428 1757 1405 1769 1405 1780 1405 1887 1424 1891 1424 1894 1424 1967 1405 1971 1405 2001 1424 2005 1424 2009 1424 2013 1424 2016 1424 2081 1405 2089 1405 2100 1405 2268 1424 2272 1424 2703 1401 2710 1348 2707 1317 2646 1295 2642 1295 2638 1295 2421 1298 2417 1298 2413 1298 2386 1317 2325 1295 2322 1295 1864 1295 1860 1295 1593 1298 1589 1298 1586 1298 1548 1325 1132 1325 1052 1298 1048 1298 1044 1298 876 1321 770 1298 766 1298 762 1298 758 1298 758 1302 735 1325 427 1325 419 1359"/></Shape>
	    <String CONTENT="לארץ עד שלא יכבשו ארץ ישרﭏ ת&#39;ל&#39; וירישתם גוים גדולים ועצומים מכם ואחר"
                    HPOS="419"
                    VPOS="1295"
                    WIDTH="2291"
                    HEIGHT="133"></String>
          </TextLine>

          
          
          <TextLine ID="eSc_line_794962"
                    
                    BASELINE="477 1447 538 1467 866 1467 1016 1460 1273 1460 1323 1455 2624 1457 2727 1461" 
                    HPOS="472"
                    VPOS="1409"
                    WIDTH="2254"
                    HEIGHT="141">
            <Shape><Polygon POINTS="476 1443 472 1535 488 1546 491 1546 495 1546 499 1550 823 1550 823 1546 998 1523 1021 1519 1025 1523 1048 1542 1048 1546 1052 1546 1056 1546 1059 1546 1063 1546 1067 1546 1101 1523 1189 1546 1193 1546 1197 1546 1311 1523 1326 1519 1342 1523 1445 1550 1448 1550 1452 1550 1456 1550 1525 1523 1578 1550 1582 1550 1586 1550 1792 1523 1818 1546 1818 1550 1822 1550 1826 1550 1830 1550 1833 1550 1902 1527 1982 1550 1986 1550 1990 1550 1994 1550 1997 1550 1997 1546 2028 1523 2295 1523 2348 1550 2352 1550 2356 1550 2474 1527 2627 1550 2630 1550 2634 1550 2722 1519 2726 1458 2722 1432 2615 1409 2611 1409 2070 1424 1868 1428 1853 1420 1833 1409 1830 1409 1826 1409 1822 1409 1818 1409 1780 1420 1753 1428 1719 1420 1677 1409 1673 1409 1670 1409 1616 1420 1570 1428 1525 1417 1490 1409 1487 1409 1483 1409 1429 1417 1361 1428 476 1409 476 1443"/></Shape>
	    <String CONTENT="כך כל מקום אשר תדרוך כף רגלכם שלא תהא ארץ ישרﭏ מטמא בגלולים"
                    HPOS="472"
                    VPOS="1409"
                    WIDTH="2254"
                    HEIGHT="141"></String>
          </TextLine>

          
          
          <TextLine ID="eSc_line_794946"
                    
                    BASELINE="421 1571 485 1579 764 1579 863 1571 1102 1574 1194 1571 1222 1566 2579 1569 2717 1572" 
                    HPOS="415"
                    VPOS="1542"
                    WIDTH="2299"
                    HEIGHT="111">
            <Shape><Polygon POINTS="419 1569 415 1630 484 1653 488 1653 491 1653 941 1634 1044 1653 1048 1653 1353 1634 1425 1653 1429 1653 1433 1653 1437 1653 1487 1634 1734 1634 1757 1653 1761 1653 1765 1653 1769 1653 2219 1634 2348 1653 2352 1653 2356 1653 2360 1653 2360 1649 2379 1634 2707 1634 2714 1569 2710 1542 423 1542 419 1569"/></Shape>
	    <String CONTENT="ואתם חוזרין ומכבשין חוצה לארץ משתכבשו ארץ ישרﭏ תהו רשאין לכבש"
                    HPOS="415"
                    VPOS="1542"
                    WIDTH="2299"
                    HEIGHT="111"></String>
          </TextLine>

          
          
          <TextLine ID="eSc_line_794963"
                    
                    BASELINE="437 1683 482 1678 790 1681 871 1676 1555 1676 1585 1681 1915 1681 2009 1676 2332 1681 2368 1676 2401 1681 2576 1681 2607 1676 2722 1687" 
                    HPOS="430"
                    VPOS="1630"
                    WIDTH="2288"
                    HEIGHT="133">
            <Shape><Polygon POINTS="434 1679 430 1733 476 1756 480 1756 484 1756 774 1733 842 1756 846 1756 850 1756 1014 1740 1140 1759 1143 1759 1357 1736 1464 1759 1467 1759 2226 1740 2356 1763 2360 1763 2710 1736 2718 1683 2714 1653 1738 1630 1734 1630 434 1641 434 1679"/></Shape>
	    <String CONTENT="חוצה לארץ שהרי שכבשו בחוצה לארץ מנין שהמצות נוהגות שם הרי אתה דן"
                    HPOS="430"
                    VPOS="1630"
                    WIDTH="2288"
                    HEIGHT="133"></String>
          </TextLine>

          
          
          <TextLine ID="eSc_line_794947"
                    
                    BASELINE="416 1795 452 1790 2719 1801" 
                    HPOS="411"
                    VPOS="1759"
                    WIDTH="2307"
                    HEIGHT="122">
            <Shape><Polygon POINTS="415 1794 411 1843 621 1874 625 1874 1147 1855 1178 1877 1181 1877 1185 1877 1189 1877 1891 1851 1910 1851 1914 1851 2009 1881 2013 1881 2016 1881 2161 1855 2409 1855 2436 1877 2436 1881 2440 1881 2444 1881 2447 1881 2710 1851 2718 1797 2714 1759 415 1759 415 1794"/></Shape>
	    <String CONTENT="נאמ&#39; כאן יהיה ונאמ&#39; להלן יהיה מה יהיה האמור להלן מצות נוהגות שם אף יהיה"
                    HPOS="411"
                    VPOS="1759"
                    WIDTH="2307"
                    HEIGHT="122"></String>
          </TextLine>

          
          
          <TextLine ID="eSc_line_794949"
                    
                    BASELINE="409 1891 437 1917 492 1912 579 1914 744 1907 1181 1907 1234 1902 2712 1913" 
                    HPOS="404"
                    VPOS="1866"
                    WIDTH="2306"
                    HEIGHT="130">
            <Shape><Polygon POINTS="407 1889 404 1961 461 1984 465 1984 468 1988 644 1988 644 1984 648 1984 651 1984 674 1961 709 1984 712 1984 716 1984 720 1984 846 1965 899 1984 903 1984 907 1984 911 1984 968 1961 1002 1988 1006 1988 1010 1988 1014 1988 1856 1969 2405 1996 2409 1996 2703 1969 2710 1912 2710 1889 2653 1866 2649 1866 2646 1866 407 1866 407 1889"/></Shape>
	    <String CONTENT="האמור כאן מצות נוהגות שם ˙ אם תאמר מפני מה כבש דוד ארם נהרים וארם"
                    HPOS="404"
                    VPOS="1866"
                    WIDTH="2306"
                    HEIGHT="130"></String>
          </TextLine>

          
          
          <TextLine ID="eSc_line_794950"
                    
                    BASELINE="401 2021 825 2018 856 2013 2624 2016 2674 2022 2729 2022" 
                    HPOS="396"
                    VPOS="1988"
                    WIDTH="2330"
                    HEIGHT="110">
            <Shape><Polygon POINTS="400 2018 396 2075 541 2098 545 2098 991 2079 1372 2098 1376 2098 1487 2079 1536 2098 1540 2098 1544 2098 1548 2098 1628 2079 1757 2098 1761 2098 1925 2079 2447 2098 2451 2098 2543 2079 2638 2098 2642 2098 2646 2098 2722 2075 2726 2018 2726 1988 400 1988 400 2018"/></Shape>
	    <String CONTENT="צובה ואין מצות נוהגות שם אמרו דוד עשה שלא כתורה תורה אמרה משתכבשו"
                    HPOS="396"
                    VPOS="1988"
                    WIDTH="2330"
                    HEIGHT="110"></String>
          </TextLine>

          
          
          <TextLine ID="eSc_line_794964"
                    
                    BASELINE="437 2125 2712 2136" 
                    HPOS="430"
                    VPOS="2068"
                    WIDTH="2280"
                    HEIGHT="145">
            <Shape><Polygon POINTS="434 2121 430 2194 537 2194 545 2186 583 2190 610 2190 995 2182 1018 2197 1025 2205 1029 2205 1033 2205 1037 2205 1086 2197 1140 2186 1166 2197 1201 2209 1204 2209 1208 2213 1609 2213 1609 2209 1612 2209 1666 2194 1692 2186 1719 2194 1784 2209 1788 2209 1792 2209 1795 2209 1860 2194 1887 2186 1948 2190 2142 2213 2146 2213 2150 2213 2154 2213 2180 2190 2184 2190 2428 2190 2436 2190 2566 2213 2569 2213 2573 2213 2577 2213 2577 2209 2600 2190 2703 2190 2710 2133 2707 2102 2562 2075 2234 2075 2230 2075 2226 2075 2173 2095 2161 2098 2123 2095 1902 2072 1898 2072 1894 2072 1849 2095 1845 2095 1822 2095 1658 2072 1654 2072 1563 2091 1540 2098 1353 2098 1345 2091 1330 2075 1330 2072 1326 2072 1323 2072 1319 2072 1315 2072 1277 2087 1262 2095 1021 2095 1014 2087 998 2072 998 2068 995 2068 991 2068 987 2068 983 2068 941 2087 926 2091 434 2083 434 2121"/></Shape>
	    <String CONTENT="ארץ ישרﭏ תהו רשאין לכבוש חוצה לארץ והוא לא עשה כן ﭏא חזר וכבש ארם"
                    HPOS="430"
                    VPOS="2068"
                    WIDTH="2280"
                    HEIGHT="145"></String>
          </TextLine>

          
          
          <TextLine ID="eSc_line_794965"
                    
                    BASELINE="462 2242 523 2237 569 2237 602 2242 688 2239 716 2244 741 2239 795 2237 1936 2239 1969 2234 2719 2240" 
                    HPOS="457"
                    VPOS="2186"
                    WIDTH="2261"
                    HEIGHT="133">
            <Shape><Polygon POINTS="686 2205 648 2201 636 2201 632 2205 625 2201 610 2201 571 2197 541 2194 461 2205 461 2239 457 2296 499 2315 503 2315 507 2315 766 2296 789 2315 793 2315 796 2315 800 2319 1227 2319 1227 2315 1231 2315 1300 2296 1498 2319 1502 2319 2710 2296 2718 2239 2714 2209 2093 2190 2089 2190 1670 2209 1589 2209 1559 2209 1414 2190 1410 2190 1334 2209 1323 2209 1319 2209 1273 2186 1269 2186 1128 2186 1124 2186 1120 2186 1117 2186 1117 2190 1098 2209 720 2209 712 2205 686 2205"/></Shape>
	    <String CONTENT="נהרים ואת ארם צובה ואת היבוסי סמוך לירושלם לא הוריש ↑ את היבוסי"
                    HPOS="457"
                    VPOS="2186"
                    WIDTH="2261"
                    HEIGHT="133"></String>
          </TextLine>

          
          
          <TextLine ID="eSc_line_1192007"
                    TAGREFS="LT3"
                    BASELINE="526 2192 699 2209 926 2203" 
                    HPOS="518"
                    VPOS="2167"
                    WIDTH="404"
                    HEIGHT="68">
            <Shape><Polygon POINTS="522 2190 518 2232 556 2232 594 2232 632 2232 671 2232 709 2235 747 2232 777 2232 922 2201 918 2175 522 2167 522 2190"/></Shape>
	    <String CONTENT="אמר הקבה"
                    HPOS="518"
                    VPOS="2167"
                    WIDTH="404"
                    HEIGHT="68"></String>
          </TextLine>

          
          
          <TextLine ID="eSc_line_794966"
                    
                    BASELINE="457 2343 543 2338 571 2343 752 2343 805 2338 2335 2338 2594 2338 2732 2354" 
                    HPOS="449"
                    VPOS="2289"
                    WIDTH="2280"
                    HEIGHT="137">
            <Shape><Polygon POINTS="453 2342 449 2422 602 2407 728 2426 747 2426 751 2426 754 2426 758 2426 800 2407 934 2422 972 2426 976 2426 1140 2422 1502 2407 1559 2418 1616 2426 1620 2426 1624 2426 1666 2415 1700 2407 1708 2415 1719 2426 1723 2426 1727 2426 1731 2426 1814 2415 1868 2407 2016 2411 2360 2426 2363 2426 2493 2407 2505 2407 2512 2407 2596 2426 2600 2426 2722 2403 2729 2350 2726 2312 2016 2289 2013 2289 2009 2289 1944 2308 1811 2289 1807 2289 1647 2312 823 2312 789 2289 785 2289 781 2289 777 2289 774 2289 732 2312 453 2312 453 2342"/></Shape>
	    <String CONTENT="סמוך לפלטורין שלך לא הורשת היאך אתה חוזר ומכבש את ארם נהרים"
                    HPOS="449"
                    VPOS="2289"
                    WIDTH="2280"
                    HEIGHT="137"></String>
          </TextLine>

          
          
          <TextLine ID="eSc_line_794967"
                    
                    BASELINE="439 2455 1168 2455 1201 2450 1862 2453 1887 2448 1981 2453 2391 2450 2607 2453 2632 2448 2742 2459" 
                    HPOS="434"
                    VPOS="2407"
                    WIDTH="2307"
                    HEIGHT="133">
            <Shape><Polygon POINTS="438 2453 434 2510 491 2536 495 2536 499 2540 751 2540 751 2536 754 2536 758 2536 785 2514 880 2536 884 2536 888 2540 1315 2540 1315 2536 1319 2536 1323 2536 1345 2517 1425 2536 1429 2536 1433 2536 1437 2536 1441 2536 1441 2533 1464 2514 2226 2514 2344 2536 2348 2536 2352 2536 2421 2514 2733 2514 2741 2456 2741 2426 438 2407 438 2453"/></Shape>
	    <String CONTENT="ואת ארם צובה ˙ הרי שכבשו בחוצה לארץ מנין שכנגדן בים הרי הוא שלכם"
                    HPOS="434"
                    VPOS="2407"
                    WIDTH="2307"
                    HEIGHT="133"></String>
          </TextLine>

          
          
          <TextLine ID="eSc_line_794968"
                    
                    BASELINE="437 2557 480 2564 1227 2562 1308 2567 1339 2559 1372 2557 1527 2557 1585 2552 2750 2565" 
                    HPOS="430"
                    VPOS="2502"
                    WIDTH="2319"
                    HEIGHT="152">
            <Shape><Polygon POINTS="434 2555 430 2635 926 2643 930 2643 934 2643 937 2643 949 2635 976 2620 1189 2635 1399 2647 1403 2647 1406 2647 1410 2647 1433 2632 1448 2624 1467 2632 1494 2643 1498 2643 1502 2643 1597 2632 1662 2624 1711 2632 1830 2651 1833 2651 1837 2651 1841 2651 1864 2632 1872 2624 1879 2632 1906 2643 1910 2643 1914 2643 1917 2643 1921 2643 1940 2632 1944 2624 1952 2632 1975 2651 1978 2651 1982 2651 1986 2654 2108 2654 2108 2651 2207 2628 2230 2624 2245 2628 2283 2643 2287 2643 2291 2643 2459 2628 2470 2628 2535 2654 2539 2654 2543 2654 2546 2654 2550 2654 2550 2651 2577 2628 2741 2628 2749 2563 2749 2536 2684 2510 2680 2510 2676 2510 1975 2525 1952 2506 1948 2506 1944 2506 1940 2506 1936 2506 1860 2525 1788 2506 1784 2506 1780 2506 1658 2525 1635 2506 1635 2502 1631 2502 1628 2502 1624 2502 1521 2521 1448 2502 1445 2502 1441 2502 1437 2502 1433 2502 1403 2525 1384 2533 1109 2533 1101 2521 1082 2506 1082 2502 1079 2502 1075 2502 1071 2502 1067 2502 1063 2502 1040 2521 1025 2529 434 2517 434 2555"/></Shape>
	    <String CONTENT="ת&#39;ל&#39; מן המדבר והלבנון מן המדבר גבולכם ולא מן הים גבולכם אם כבשתם יהיו"
                    HPOS="430"
                    VPOS="2502"
                    WIDTH="2319"
                    HEIGHT="152"></String>
          </TextLine>

          
          
          <TextLine ID="eSc_line_794969"
                    
                    BASELINE="437 2668 472 2676 907 2676 963 2671 1402 2668 1428 2663 2719 2677" 
                    HPOS="430"
                    VPOS="2620"
                    WIDTH="2288"
                    HEIGHT="141">
            <Shape><Polygon POINTS="434 2666 430 2746 671 2734 1162 2750 1406 2754 1410 2754 1448 2746 1509 2734 1910 2746 2577 2761 2581 2761 2710 2738 2718 2674 2710 2620 434 2632 434 2666"/></Shape>
	    <String CONTENT="גבולכם והמדבר גבולכם ˙ מן הנהר נהר פרת ˙ מן הנהר גבולכם ואין הנהר גבולכם"
                    HPOS="430"
                    VPOS="2620"
                    WIDTH="2288"
                    HEIGHT="141"></String>
          </TextLine>

          
          
          <TextLine ID="eSc_line_794951"
                    
                    BASELINE="421 2783 1463 2778 2729 2791" 
                    HPOS="415"
                    VPOS="2731"
                    WIDTH="2311"
                    HEIGHT="137">
            <Shape><Polygon POINTS="419 2780 415 2834 510 2860 514 2860 518 2860 804 2841 865 2864 869 2864 873 2868 1429 2868 1429 2864 1631 2841 1685 2864 1689 2864 1692 2864 1826 2849 1875 2868 1879 2868 1883 2868 1887 2868 1971 2845 2138 2868 2142 2868 2241 2849 2592 2868 2596 2868 2718 2841 2726 2788 2722 2757 2192 2734 2188 2734 1898 2754 1860 2754 1845 2754 1727 2731 1723 2731 1719 2731 1666 2750 1620 2731 1616 2731 1612 2731 1609 2731 1536 2750 1418 2731 1414 2731 1262 2750 1254 2754 960 2754 957 2750 918 2731 915 2731 911 2731 907 2731 869 2750 865 2750 838 2750 590 2731 587 2731 430 2746 419 2780"/></Shape>
	    <String CONTENT="אם כבשתם גבולכם והנהר גבולכם עד הים גבולכם ואין הים גבולכם ˙ אם כבשתם"
                    HPOS="415"
                    VPOS="2731"
                    WIDTH="2311"
                    HEIGHT="137"></String>
          </TextLine>

          
          
          <TextLine ID="eSc_line_794955"
                    
                    BASELINE="467 2892 533 2887 1265 2889 1534 2882 1847 2884 1948 2882 1994 2877 2248 2882 2276 2874 2327 2879 2725 2887" 
                    HPOS="461"
                    VPOS="2830"
                    WIDTH="2261"
                    HEIGHT="144">
            <Shape><Polygon POINTS="465 2891 461 2940 507 2967 510 2967 514 2967 918 2948 972 2967 976 2967 979 2967 983 2967 987 2967 1014 2948 1037 2967 1040 2967 1044 2967 1048 2967 1319 2952 1502 2971 1506 2971 1620 2948 1650 2971 1654 2971 1658 2971 1662 2974 1795 2974 1795 2971 1799 2971 1803 2971 1841 2948 1955 2948 1967 2963 1971 2963 1971 2967 1975 2967 1978 2967 1982 2967 2058 2952 2081 2971 2081 2974 2085 2974 2089 2974 2093 2974 2219 2952 2371 2974 2375 2974 2505 2952 2600 2974 2604 2974 2607 2974 2611 2974 2615 2974 2615 2971 2638 2952 2714 2952 2722 2883 2718 2837 2226 2837 2222 2837 2219 2837 2215 2837 2184 2856 1978 2837 1894 2834 1891 2834 1795 2841 1639 2853 1586 2841 1548 2834 1544 2834 1475 2841 1384 2853 983 2853 972 2845 949 2830 945 2830 941 2830 937 2830 934 2830 892 2845 876 2849 854 2845 781 2830 777 2830 465 2845 465 2891"/></Shape>
	    <String CONTENT="יהא גבולכם והים גבולכם ˙ נמצאת או&#39; כל מקום שהחזיקו עולי בבל מארץ"
                    HPOS="461"
                    VPOS="2830"
                    WIDTH="2261"
                    HEIGHT="144"></String>
          </TextLine>

          
          
          <TextLine ID="eSc_line_794956"
                    
                    BASELINE="495 2996 2596 3001 2709 3007" 
                    HPOS="488"
                    VPOS="2936"
                    WIDTH="2219"
                    HEIGHT="141">
            <Shape><Polygon POINTS="491 2994 488 3054 876 3077 880 3077 2699 3058 2707 3005 2695 2940 2627 2967 2558 2940 2554 2940 2550 2940 2546 2940 2524 2940 2337 2967 2245 2944 2219 2940 2215 2940 2177 2944 2043 2967 1917 2948 1856 2940 1853 2940 1849 2940 1845 2940 1845 2944 1837 2948 1818 2971 1628 2971 1609 2952 1597 2944 1597 2940 1593 2940 1589 2940 1509 2940 1506 2940 1502 2940 1467 2955 1437 2967 1403 2955 1368 2940 1364 2940 1361 2940 1357 2940 1353 2940 1338 2955 1319 2971 1250 2971 1231 2955 1208 2940 1204 2940 1201 2940 1197 2940 1193 2940 1128 2959 1090 2967 1056 2959 995 2940 991 2940 987 2940 983 2940 934 2959 915 2967 892 2959 808 2936 804 2936 800 2936 796 2936 793 2936 758 2963 751 2967 491 2967 491 2994"/></Shape>
	    <String CONTENT="ישרﭏ ועד כזיב לא נאכל ולא נעבד [ולא] (ו)עולי מצרים נאכל אבל לא נעבד ˙"
                    HPOS="488"
                    VPOS="2936"
                    WIDTH="2219"
                    HEIGHT="141"></String>
          </TextLine>

          
          
          <TextLine ID="eSc_line_794952"
                    
                    BASELINE="548 3115 1064 3115 1120 3110 2002 3113 2035 3108 2152 3105 2697 3118 2755 3108" 
                    HPOS="541"
                    VPOS="3043"
                    WIDTH="2211"
                    HEIGHT="160">
            <Shape><Polygon POINTS="541 3161 911 3199 915 3203 1406 3203 1406 3199 1410 3199 1494 3169 1498 3169 1509 3169 1643 3176 1670 3203 1673 3203 1677 3203 1681 3203 1910 3173 2749 3173 2752 3104 2752 3081 2695 3054 2691 3054 2478 3054 2474 3054 2470 3054 2417 3077 2394 3054 2390 3054 2386 3054 2257 3054 2253 3054 2249 3054 2180 3077 2161 3081 2146 3077 2085 3051 2081 3051 2077 3051 2074 3051 2005 3073 1997 3077 1990 3073 1948 3051 1944 3051 1940 3051 1795 3073 1731 3085 1578 3085 1563 3070 1540 3051 1540 3047 1536 3047 1532 3047 1528 3047 1418 3070 1372 3077 827 3077 812 3066 793 3047 789 3047 785 3047 781 3047 705 3062 663 3073 651 3062 636 3047 636 3043 632 3043 629 3043 625 3043 621 3043 617 3043 587 3062 568 3073 549 3062 545 3112 541 3161"/></Shape>
	    <String CONTENT="ﭏו וﭏו נאכל ונעבד ﭏו תחומי ארץ ישרﭏ עד מקום שהחזיקו עולי בבל ˙"
                    HPOS="541"
                    VPOS="3043"
                    WIDTH="2211"
                    HEIGHT="160"></String>
          </TextLine>

          
          
          <TextLine ID="eSc_line_794948"
                    
                    BASELINE="439 3225 1201 3225 1227 3220 1285 3217 1550 3217 1577 3212 1783 3217 1809 3209 1842 3214 2735 3227" 
                    HPOS="434"
                    VPOS="3161"
                    WIDTH="2299"
                    HEIGHT="156">
            <Shape><Polygon POINTS="438 3222 434 3272 476 3272 480 3275 503 3294 503 3298 507 3298 510 3298 1143 3306 1147 3306 1654 3283 1658 3283 1677 3306 1681 3306 1681 3310 1685 3310 1689 3310 1692 3310 1696 3310 1753 3287 1769 3302 1769 3306 1772 3306 1776 3306 1780 3306 1784 3306 1837 3283 1841 3283 1917 3306 1921 3306 1925 3306 2188 3287 2222 3313 2226 3313 2230 3313 2318 3317 2322 3317 2325 3317 2417 3291 2726 3291 2733 3226 2729 3199 2585 3173 2581 3173 2344 3188 2325 3173 2325 3169 2322 3169 2318 3169 2314 3169 2036 3188 1982 3169 1978 3169 1975 3169 1971 3169 1921 3188 1883 3165 1879 3165 1875 3165 1769 3165 1765 3165 1761 3165 1708 3192 1677 3165 1673 3165 1670 3165 1589 3165 1586 3165 1582 3165 1487 3188 1357 3161 1353 3161 1349 3161 1296 3188 438 3184 438 3222"/></Shape>
	    <String CONTENT="פרשת אשקלון חמת מגדל שרשן דור וחמת עכו וראש מגיאתו וגיאתו עצמ&#39;"
                    HPOS="434"
                    VPOS="3161"
                    WIDTH="2299"
                    HEIGHT="156"></String>
          </TextLine>

          
          
          <TextLine ID="eSc_line_794953"
                    
                    BASELINE="429 3344 2742 3349" 
                    HPOS="423"
                    VPOS="3291"
                    WIDTH="2318"
                    HEIGHT="152">
            <Shape><Polygon POINTS="427 3340 423 3401 522 3428 526 3428 529 3428 533 3428 602 3405 857 3432 861 3432 865 3432 869 3432 892 3413 1002 3428 1006 3428 1010 3428 1071 3413 1086 3409 1098 3413 1193 3435 1197 3435 1201 3435 1384 3416 1502 3405 1532 3420 1574 3439 1578 3439 1582 3443 1643 3443 1643 3439 1647 3439 1650 3439 1650 3435 1666 3420 1681 3409 1765 3424 1822 3432 1826 3432 1860 3424 1936 3409 1975 3428 1997 3439 2001 3439 2005 3439 2058 3428 2112 3416 2146 3432 2169 3439 2173 3439 2177 3443 2409 3443 2409 3439 2413 3439 2424 3435 2497 3409 2729 3439 2741 3348 2737 3317 1567 3291 1563 3291 434 3306 427 3340"/></Shape>
	    <String CONTENT="כברתא ובית מיתא וקצרא דגללת קביא דעויתא ממציא דעבתא נמותא"
                    HPOS="423"
                    VPOS="3291"
                    WIDTH="2318"
                    HEIGHT="152"></String>
          </TextLine>

          
        </TextBlock>
        
        <TextBlock HPOS="1877.0"
                   VPOS="257.0"
                   WIDTH="215.0"
                   HEIGHT="119.0"
                   ID="eSc_textblock_112006"
                   TAGREFS="BT852">
          <Shape><Polygon POINTS="1877 257 1877 376 2092 376 2092 257"/></Shape>
          
          
          <TextLine ID="eSc_line_1192002"
                    
                    BASELINE="1896 306 2096 304" 
                    HPOS="1891"
                    VPOS="259"
                    WIDTH="202"
                    HEIGHT="118">
            <Shape><Polygon POINTS="2043 259 2005 259 1967 259 1929 259 1914 259 1891 266 1894 304 1894 346 2036 377 2039 377 2043 377 2047 377 2093 342 2093 300 2081 259 2062 259 2043 259"/></Shape>
	    <String CONTENT="עקב"
                    HPOS="1891"
                    VPOS="259"
                    WIDTH="202"
                    HEIGHT="118"></String>
          </TextLine>

          
        </TextBlock>
        

        
      </PrintSpace>
    </Page>
  </Layout>
</alto>
