<?xml version="1.0" encoding="UTF-8"?>
<alto xmlns:xsi="http://www.w3.org/2001/XMLSchema-instance"
      xmlns="http://www.loc.gov/standards/alto/ns-v4#"
      xsi:schemaLocation="http://www.loc.gov/standards/alto/ns-v4# http://www.loc.gov/standards/alto/v4/alto-4-2.xsd">
  <Description>
    <MeasurementUnit>pixel</MeasurementUnit>
    <sourceImageInformation>
      <fileName>00000080.jpg</fileName>
      
    </sourceImageInformation>
  </Description>
  
  <Tags>
    <OtherTag ID="BT1" LABEL="Title" DESCRIPTION="block type Title"/><OtherTag ID="BT2" LABEL="Main" DESCRIPTION="block type Main"/><OtherTag ID="BT3" LABEL="Commentary" DESCRIPTION="block type Commentary"/><OtherTag ID="BT4" LABEL="Illustration" DESCRIPTION="block type Illustration"/><OtherTag ID="BT851" LABEL="Margin" DESCRIPTION="block type Margin"/><OtherTag ID="BT852" LABEL="Paratext" DESCRIPTION="block type Paratext"/>
    <OtherTag ID="LT2" LABEL="Numbering" DESCRIPTION="line type Numbering"/><OtherTag ID="LT3" LABEL="Correction" DESCRIPTION="line type Correction"/><OtherTag ID="LT336" LABEL="Gloss" DESCRIPTION="line type Gloss"/>
  </Tags>
  
  <Layout>
    <Page WIDTH="3626"
          HEIGHT="4511"
          PHYSICAL_IMG_NR="75"
          ID="eSc_dummypage_">
      <PrintSpace HPOS="0"
                  VPOS="0"
                  WIDTH="3626"
                  HEIGHT="4511">
        
        <TextBlock HPOS="405.0"
                   VPOS="591.0"
                   WIDTH="2255.0"
                   HEIGHT="2825.0"
                   ID="eSc_textblock_5664"
                   TAGREFS="BT2">
          <Shape><Polygon POINTS="2660 3416 438 3374 405 609 2660 591"/></Shape>
          
          
          <TextLine ID="eSc_line_656803"
                    
                    BASELINE="421 666 546 674 596 669 1105 664 1156 659 1371 661 1449 656 1870 654 2289 666 2374 664 2442 671 2700 674" 
                    HPOS="413"
                    VPOS="597"
                    WIDTH="2283"
                    HEIGHT="128">
            <Shape><Polygon POINTS="1963 597 1959 597 1955 597 1922 620 1918 624 1542 624 1527 620 1470 601 1466 601 1436 601 1380 620 1369 624 1361 620 1335 601 1316 601 1278 605 1241 605 1203 605 1184 605 1053 612 1038 605 1015 605 996 605 981 620 977 624 643 624 635 620 609 608 601 608 564 608 526 608 522 608 507 620 417 620 417 665 413 725 2689 721 2696 672 2696 624 2098 601 2095 601 2091 601 2087 601 2087 605 2068 620 1967 597 1963 597"/></Shape>
	    <String CONTENT="[כולה ציצית ת&#39;ל&#39; גדילים שומע אני יעשה[ כולה גדילים ת&#39;ל&#39; ציצית ˙ הא כיצד שתהא"
                    HPOS="413"
                    VPOS="597"
                    WIDTH="2283"
                    HEIGHT="128"></String>
          </TextLine>

          
          
          <TextLine ID="eSc_line_656805"
                    
                    BASELINE="461 784 697 784 812 779 872 784 1013 776 1163 779 1441 771 1775 771 2068 779 2678 779" 
                    HPOS="455"
                    VPOS="721"
                    WIDTH="2219"
                    HEIGHT="136">
            <Shape><Polygon POINTS="868 744 831 744 804 744 793 744 756 744 740 744 737 748 549 748 507 721 504 721 500 721 496 721 492 721 488 721 455 736 458 781 458 838 1083 845 1094 834 1132 834 1169 838 1207 842 1245 842 1252 845 1519 853 1523 853 1527 853 1530 853 1538 845 1564 834 1764 834 1839 849 1865 853 1869 853 1873 853 1888 849 1940 834 1959 849 1963 853 1967 853 1970 853 1974 857 2166 857 2166 853 2170 853 2177 853 2230 834 2249 849 2249 853 2253 853 2256 853 2260 857 2422 857 2422 853 2426 853 2463 834 2666 853 2674 778 2670 740 1609 721 1606 721 1602 721 1538 740 1466 721 1463 721 1459 721 1357 740 1297 721 1293 721 1290 721 1286 721 1233 744 1233 748 1075 748 1075 744 1023 721 1019 721 1015 721 1011 721 951 744 898 721 895 721 891 721 887 721 876 721 868 744"/></Shape>
	    <String CONTENT="גדילה יוצא מן הכנף וציצית מן הגדילה על כנפי בגדיהם על בעלי [שלש] ↑ ובעלי"
                    HPOS="455"
                    VPOS="721"
                    WIDTH="2219"
                    HEIGHT="136"></String>
          </TextLine>

          
          
          <TextLine ID="eSc_line_673727"
                    TAGREFS="LT3"
                    BASELINE="625 742 903 742" 
                    HPOS="624"
                    VPOS="714"
                    WIDTH="278"
                    HEIGHT="64">
            <Shape><Polygon POINTS="624 740 624 778 662 778 699 774 737 774 774 774 812 774 850 774 887 774 902 774 902 740 902 714 624 714 624 740"/></Shape>
	    <String CONTENT="ארבע"
                    HPOS="624"
                    VPOS="714"
                    WIDTH="278"
                    HEIGHT="64"></String>
          </TextLine>

          
          
          <TextLine ID="eSc_line_656806"
                    
                    BASELINE="418 894 456 902 561 904 1391 882 1890 882 2314 892 2693 887" 
                    HPOS="413"
                    VPOS="827"
                    WIDTH="2276"
                    HEIGHT="150">
            <Shape><Polygon POINTS="417 890 417 954 579 977 583 977 692 958 714 954 733 958 823 973 827 973 936 966 940 966 977 966 1004 966 1181 958 1429 947 1489 958 1564 973 1568 973 1572 973 1624 958 1673 943 1715 958 1745 969 1749 969 1752 973 1895 973 1895 969 1955 958 2034 943 2061 958 2068 966 2072 966 2076 966 2080 966 2181 958 2185 958 2189 958 2219 936 2332 958 2350 962 2354 962 2689 958 2689 883 2681 849 2396 849 2392 849 2365 827 2362 827 2358 827 2354 827 2166 849 2125 853 2110 849 2049 830 2046 830 2042 830 1910 849 1861 857 1831 849 1771 834 1767 834 1764 834 1609 849 1542 857 1481 853 1354 838 1350 838 1256 853 1196 860 413 857 417 890"/></Shape>
	    <String CONTENT="חמש ובעלי שש ובעלי שבע ובעלי שמונה במשמע ↑ משמע מוציא את ﭏו ומביא"
                    HPOS="413"
                    VPOS="827"
                    WIDTH="2276"
                    HEIGHT="150"></String>
          </TextLine>

          
          
          <TextLine ID="eSc_line_673728"
                    TAGREFS="LT3"
                    BASELINE="1093 842 1258 850" 
                    HPOS="1087"
                    VPOS="815"
                    WIDTH="169"
                    HEIGHT="64">
            <Shape><Polygon POINTS="1090 838 1087 879 1113 879 1124 879 1162 879 1199 879 1237 879 1245 875 1256 849 1252 827 1090 815 1090 838"/></Shape>
	    <String CONTENT="יכול"
                    HPOS="1087"
                    VPOS="815"
                    WIDTH="169"
                    HEIGHT="64"></String>
          </TextLine>

          
          
          <TextLine ID="eSc_line_656807"
                    
                    BASELINE="423 1014 646 1014 855 1004 1090 1004 1316 997 1431 997 1497 1002 1998 1002 2306 1007 2404 1012 2680 1004" 
                    HPOS="417"
                    VPOS="951"
                    WIDTH="2261"
                    HEIGHT="124">
            <Shape><Polygon POINTS="1094 973 1083 973 1053 977 1034 981 417 981 421 1011 421 1067 2670 1075 2678 1003 2674 973 2155 951 2151 951 2147 951 2144 951 2144 954 2125 969 1256 954 1252 954 1094 969 1094 973"/></Shape>
	    <String CONTENT="כרים וכסתות ת&#39;ל&#39; אשר תכסה בה פרט לכרים וכסתות או ↑ אשר תכסה בה שומע"
                    HPOS="417"
                    VPOS="951"
                    WIDTH="2261"
                    HEIGHT="124"></String>
          </TextLine>

          
          
          <TextLine ID="eSc_line_673730"
                    TAGREFS="LT3"
                    BASELINE="923 971 1097 976" 
                    HPOS="921.0"
                    VPOS="951.0"
                    WIDTH="173.0"
                    HEIGHT="22.0">
            <Shape><Polygon POINTS="921 969 970 951 1056 951 1094 973 925 973"/></Shape>
	    <String CONTENT="יכול"
                    HPOS="921.0"
                    VPOS="951.0"
                    WIDTH="173.0"
                    HEIGHT="22.0"></String>
          </TextLine>

          
          
          <TextLine ID="eSc_line_656808"
                    
                    BASELINE="433 1115 757 1120 1268 1110 1675 1115 1975 1112 2276 1117 2695 1112" 
                    HPOS="428"
                    VPOS="1056"
                    WIDTH="2265"
                    HEIGHT="135">
            <Shape><Polygon POINTS="432 1112 432 1187 1406 1169 1410 1169 1448 1169 1455 1169 1508 1169 1816 1176 2565 1191 2569 1191 2689 1161 2693 1108 2685 1078 2347 1082 2335 1078 2305 1056 2301 1056 2298 1056 2294 1056 2290 1056 2241 1078 2234 1082 2219 1078 2121 1056 2117 1056 2113 1056 2110 1056 2110 1060 2087 1078 2083 1086 1831 1086 1828 1082 1797 1056 1794 1056 1790 1056 1703 1056 1700 1056 1696 1056 1692 1056 1692 1060 1673 1075 1372 1063 1369 1063 1252 1082 1248 1082 1245 1082 895 1060 891 1060 887 1060 823 1086 819 1090 428 1090 432 1112"/></Shape>
	    <String CONTENT="אני אף בכסות לילה במשמע ת&#39;ל&#39; וראיתם אותו ביום ולא בלילה ואם היתה"
                    HPOS="428"
                    VPOS="1056"
                    WIDTH="2265"
                    HEIGHT="135"></String>
          </TextLine>

          
          
          <TextLine ID="eSc_line_656809"
                    
                    BASELINE="373 1225 463 1235 516 1230 850 1227 912 1222 1168 1225 1258 1217 1519 1217 1569 1222 1807 1220 1873 1225 2006 1225 2046 1230 2073 1227 2357 1235 2668 1230" 
                    HPOS="372"
                    VPOS="1169"
                    WIDTH="2294"
                    HEIGHT="124">
            <Shape><Polygon POINTS="1572 1180 1534 1180 1497 1180 1459 1176 1421 1176 1418 1172 1008 1169 1004 1169 1000 1169 996 1169 966 1195 962 1199 372 1199 372 1221 372 1285 2663 1293 2666 1229 2663 1191 1572 1176 1572 1180"/></Shape>
	    <String CONTENT="מיוחדת ליום ולילה תהי חייבת בציצית ↑ משמע כסות לילה ומוציא כסות סומא"
                    HPOS="372"
                    VPOS="1169"
                    WIDTH="2294"
                    HEIGHT="124"></String>
          </TextLine>

          
          
          <TextLine ID="eSc_line_673731"
                    TAGREFS="LT3"
                    BASELINE="1400 1175 1573 1183" 
                    HPOS="1395"
                    VPOS="1146"
                    WIDTH="177"
                    HEIGHT="68">
            <Shape><Polygon POINTS="1399 1172 1395 1210 1433 1210 1470 1210 1508 1210 1538 1210 1560 1214 1572 1180 1572 1154 1399 1146 1399 1172"/></Shape>
	    <String CONTENT="יכול"
                    HPOS="1395"
                    VPOS="1146"
                    WIDTH="177"
                    HEIGHT="68"></String>
          </TextLine>

          
          
          <TextLine ID="eSc_line_656810"
                    
                    BASELINE="388 1340 584 1345 662 1340 835 1340 1065 1333 1203 1335 1667 1330 1855 1335 1908 1333 2264 1340 2680 1343" 
                    HPOS="383"
                    VPOS="1281"
                    WIDTH="2295"
                    HEIGHT="136">
            <Shape><Polygon POINTS="387 1338 383 1390 458 1413 462 1413 466 1417 985 1417 985 1413 989 1413 1045 1394 1109 1413 1113 1413 1117 1413 2407 1394 2463 1413 2467 1413 2471 1413 2670 1390 2678 1342 2678 1308 2614 1281 2610 1281 2606 1281 2426 1304 2358 1281 2354 1281 2350 1281 2347 1281 2286 1300 2034 1285 2031 1285 2027 1285 1986 1304 1579 1281 1576 1281 1572 1281 1497 1304 1387 1281 1384 1281 1380 1281 1324 1304 1245 1285 1241 1285 1237 1285 1102 1304 1008 1281 1004 1281 1000 1281 996 1281 947 1304 929 1285 929 1281 925 1281 921 1281 789 1281 786 1281 782 1281 778 1281 752 1308 560 1308 507 1281 504 1281 500 1281 496 1281 492 1281 492 1285 470 1308 387 1308 387 1338"/></Shape>
	    <String CONTENT="ת&#39;ל&#39; והיה לכם לציצית מ&#39;מ&#39; ונתנו על ציצית הכנף פתיל תכלת למה נאמ&#39; לפי"
                    HPOS="383"
                    VPOS="1281"
                    WIDTH="2295"
                    HEIGHT="136"></String>
          </TextLine>

          
          
          <TextLine ID="eSc_line_656811"
                    
                    BASELINE="413 1453 486 1458 536 1453 629 1456 1138 1446 2678 1451" 
                    HPOS="406"
                    VPOS="1417"
                    WIDTH="2268"
                    HEIGHT="105">
            <Shape><Polygon POINTS="409 1451 406 1499 545 1522 549 1522 2666 1507 2674 1447 2670 1417 409 1417 409 1451"/></Shape>
	    <String CONTENT="שהוא או&#39; ועשו להם ציצית שומע אני יעשה צמר כמו שהוא ת&#39;ל&#39; פתיל"
                    HPOS="406"
                    VPOS="1417"
                    WIDTH="2268"
                    HEIGHT="105"></String>
          </TextLine>

          
          
          <TextLine ID="eSc_line_656812"
                    
                    BASELINE="408 1566 687 1566 727 1561 900 1561 1296 1548 1775 1548 2013 1561 2693 1568" 
                    HPOS="402"
                    VPOS="1499"
                    WIDTH="2287"
                    HEIGHT="139">
            <Shape><Polygon POINTS="406 1563 402 1608 470 1635 473 1635 477 1638 827 1638 827 1635 831 1635 895 1612 898 1612 977 1635 981 1635 985 1635 1685 1616 1718 1638 1722 1638 1726 1638 1730 1638 1734 1638 1737 1638 1775 1616 1779 1616 2211 1616 2234 1635 2234 1638 2238 1638 2241 1638 2245 1638 2249 1638 2309 1616 2317 1616 2678 1616 2689 1567 2689 1529 2569 1529 2569 1526 2546 1507 2546 1503 2542 1503 2538 1503 2535 1503 2531 1503 2475 1526 2475 1529 2313 1529 2313 1526 2286 1503 2283 1503 2279 1503 2275 1503 2271 1503 2185 1526 2185 1529 2091 1529 2091 1526 2057 1503 2053 1503 2049 1503 2046 1503 1263 1522 1241 1503 1241 1499 1237 1499 1233 1499 1229 1499 1079 1526 492 1526 451 1499 447 1499 443 1499 440 1499 436 1499 432 1499 406 1514 406 1563"/></Shape>
	    <String CONTENT="תכלת טווי ושזור ˙ אין לי ﭏא תכלת טווי ושזור לבן מנין הרי אתה דן הואיל"
                    HPOS="402"
                    VPOS="1499"
                    WIDTH="2287"
                    HEIGHT="139"></String>
          </TextLine>

          
          
          <TextLine ID="eSc_line_656813"
                    
                    BASELINE="398 1674 702 1671 892 1664 2159 1664 2377 1671 2670 1671" 
                    HPOS="394"
                    VPOS="1612"
                    WIDTH="2272"
                    HEIGHT="139">
            <Shape><Polygon POINTS="394 1725 1154 1748 1158 1748 1162 1748 1248 1725 1256 1725 1504 1725 1508 1725 1549 1744 1553 1744 1557 1744 1703 1725 1707 1725 1737 1748 1741 1748 1745 1748 1749 1751 1865 1751 1865 1748 2049 1725 2053 1725 2181 1748 2185 1748 2189 1748 2192 1748 2230 1725 2264 1748 2268 1748 2271 1748 2275 1748 2516 1725 2572 1748 2576 1748 2580 1748 2584 1748 2666 1721 2666 1669 2659 1620 2140 1635 1948 1623 1752 1612 1749 1612 1670 1627 1613 1635 1557 1627 1451 1612 1448 1612 1444 1612 1440 1612 1440 1616 1425 1627 1421 1635 1252 1635 1154 1631 842 1612 838 1612 835 1612 767 1635 759 1638 394 1638 394 1672 394 1725"/></Shape>
	    <String CONTENT="ואמרה תורה תן תכלת ותן לבן מה תכלת טווי ושזור אף לבן טווי ושזור"
                    HPOS="394"
                    VPOS="1612"
                    WIDTH="2272"
                    HEIGHT="139"></String>
          </TextLine>

          
          
          <TextLine ID="eSc_line_656814"
                    
                    BASELINE="421 1786 529 1791 794 1784 875 1786 993 1779 1692 1779 1795 1784 2113 1784 2427 1791 2665 1791" 
                    HPOS="413"
                    VPOS="1729"
                    WIDTH="2250"
                    HEIGHT="131">
            <Shape><Polygon POINTS="2651 1748 2576 1729 2572 1729 2569 1729 2565 1729 2505 1751 2095 1751 2068 1729 2065 1729 2061 1729 1211 1729 1207 1729 850 1748 797 1729 793 1729 789 1729 786 1729 782 1729 782 1732 763 1751 541 1751 500 1729 496 1729 492 1729 488 1729 417 1748 417 1785 413 1834 819 1860 823 1860 993 1841 1030 1838 1041 1841 1094 1860 1098 1860 1102 1860 1192 1841 1218 1838 1226 1841 1241 1857 1245 1857 1248 1857 1252 1857 1256 1857 1297 1841 1316 1838 1376 1845 1485 1857 1489 1857 1639 1845 1715 1841 1722 1845 1737 1860 1741 1860 1745 1860 1749 1860 1752 1860 1805 1849 1831 1841 1861 1849 1910 1860 1914 1860 1918 1860 1922 1860 1948 1849 1974 1838 2038 1849 2098 1860 2102 1860 2106 1860 2140 1849 2185 1838 2655 1853 2663 1789 2663 1785 2651 1748"/></Shape>
	    <String CONTENT="→ על מקום הארוג ולא על מקום האריג ולא על מקום הפתיל כשרה ור&#39;"
                    HPOS="413"
                    VPOS="1729"
                    WIDTH="2250"
                    HEIGHT="131"></String>
          </TextLine>

          
          
          <TextLine ID="eSc_line_656815"
                    
                    BASELINE="418 1899 744 1904 965 1899 1050 1902 1133 1897 1667 1897 1815 1902 1965 1899 2241 1907 2296 1904 2469 1907 2520 1912 2680 1914" 
                    HPOS="413"
                    VPOS="1841"
                    WIDTH="2265"
                    HEIGHT="143">
            <Shape><Polygon POINTS="413 1958 816 1958 868 1977 872 1977 876 1977 1361 1962 1455 1981 1459 1981 1869 1958 1907 1958 1922 1958 2065 1984 2068 1984 2072 1984 2117 1962 2140 1984 2144 1984 2147 1984 2151 1984 2256 1962 2670 1962 2678 1913 2678 1879 2482 1879 2475 1875 2433 1853 2429 1853 2426 1853 2057 1868 2004 1868 1974 1864 1831 1849 1828 1849 1745 1860 1707 1868 1696 1860 1681 1849 1677 1849 1673 1849 1670 1849 1557 1860 1493 1864 1436 1857 1350 1845 1346 1845 1282 1853 1196 1868 1098 1853 1053 1845 1049 1845 1019 1849 944 1868 481 1868 421 1841 417 1898 413 1958"/></Shape>
	    <String CONTENT="יהודה פוסל על קרן כשרה ˙ ר&#39; ﭏיעזר בן יעקב פוסל שאמרה תורה על"
                    HPOS="413"
                    VPOS="1841"
                    WIDTH="2265"
                    HEIGHT="143"></String>
          </TextLine>

          
          
          <TextLine ID="eSc_line_656816"
                    
                    BASELINE="418 2012 614 2017 759 2009 830 2012 1587 2007 1757 2012 1981 2012 2051 2017 2266 2022 2344 2019 2673 2022" 
                    HPOS="413"
                    VPOS="1958"
                    WIDTH="2257"
                    HEIGHT="128">
            <Shape><Polygon POINTS="417 2011 417 2071 2354 2086 2358 2086 2640 2082 2644 2082 2648 2082 2670 2060 2670 2018 2663 1984 2189 1984 2181 1984 2106 1958 2102 1958 2098 1958 2095 1958 2091 1958 2053 1984 2046 1984 1940 1958 1937 1958 1933 1958 1929 1958 1895 1984 1854 1962 1850 1962 1846 1962 1658 1984 1643 1984 1632 1984 1523 1962 1519 1962 1229 1981 989 1962 985 1962 981 1962 977 1962 951 1984 729 1962 725 1962 413 1984 417 2011"/></Shape>
	    <String CONTENT="ארבע כנפות ולא על שמונה ˙ ונתנו על ציצית למה נאמ&#39; לפי שהוא"
                    HPOS="413"
                    VPOS="1958"
                    WIDTH="2257"
                    HEIGHT="128"></String>
          </TextLine>

          
          
          <TextLine ID="eSc_line_656817"
                    
                    BASELINE="416 2115 514 2115 589 2112 1579 2110 1913 2117 2256 2117 2306 2122 2384 2120 2625 2127" 
                    HPOS="409"
                    VPOS="2060"
                    WIDTH="2212"
                    HEIGHT="127">
            <Shape><Polygon POINTS="413 2112 409 2169 2610 2187 2621 2123 2621 2086 2569 2063 2565 2063 2561 2063 2557 2063 2512 2082 2117 2063 2113 2063 1779 2082 1771 2082 1734 2063 1730 2063 1726 2063 1722 2063 1718 2063 1688 2082 1685 2086 1448 2086 1433 2082 1173 2060 1169 2060 413 2078 413 2112"/></Shape>
	    <String CONTENT="אומ&#39; ועשו להם ציצית שומע אני יארגנה עמה ת&#39;ל&#39; ונתנו שומעני"
                    HPOS="409"
                    VPOS="2060"
                    WIDTH="2212"
                    HEIGHT="127"></String>
          </TextLine>

          
          
          <TextLine ID="eSc_line_656818"
                    
                    BASELINE="393 2227 807 2227 1093 2222 1489 2227 1650 2225 2357 2237 2685 2237" 
                    HPOS="387"
                    VPOS="2180"
                    WIDTH="2294"
                    HEIGHT="143">
            <Shape><Polygon POINTS="391 2225 387 2274 443 2304 447 2304 451 2304 616 2289 804 2308 808 2308 1094 2281 1128 2308 1132 2308 1135 2308 1139 2308 1143 2308 1147 2308 1177 2285 1226 2308 1229 2308 1233 2308 1357 2285 1497 2311 1500 2311 1504 2311 1508 2311 1534 2289 1655 2289 1677 2311 1677 2315 1681 2315 1685 2315 1688 2315 1888 2289 2098 2319 2102 2319 2271 2293 2317 2315 2320 2315 2448 2323 2452 2323 2456 2323 2493 2304 2606 2323 2610 2323 2614 2323 2678 2293 2681 2236 2681 2210 2486 2187 2482 2187 2332 2206 2309 2206 2301 2206 2249 2184 2245 2184 2046 2184 2042 2184 2038 2184 2034 2184 2008 2202 2004 2202 1986 2202 1816 2180 1813 2180 391 2184 391 2225"/></Shape>
	    <String CONTENT="יקשרנה עמה ת&#39;ל&#39; ועשו ˙ הא כיצד תופרה עמה שארבע ציציות מעכבו&#39;"
                    HPOS="387"
                    VPOS="2180"
                    WIDTH="2294"
                    HEIGHT="143"></String>
          </TextLine>

          
          
          <TextLine ID="eSc_line_656819"
                    
                    BASELINE="448 2328 832 2335 1226 2333 1356 2338 1634 2338 1813 2343 1858 2340 2389 2343 2600 2348 2668 2343" 
                    HPOS="443"
                    VPOS="2289"
                    WIDTH="2223"
                    HEIGHT="109">
            <Shape><Polygon POINTS="447 2326 443 2383 2659 2398 2666 2341 2663 2315 1651 2289 1647 2289 447 2296 447 2326"/></Shape>
	    <String CONTENT="זו את זו שארבעתן מצוה אחת ˙ ר&#39; שמעון או&#39; ארבע ציציות ד&#39; מצות ˙"
                    HPOS="443"
                    VPOS="2289"
                    WIDTH="2223"
                    HEIGHT="109"></String>
          </TextLine>

          
          
          <TextLine ID="eSc_line_656820"
                    
                    BASELINE="398 2435 747 2435 1055 2430 1103 2435 1426 2433 1539 2438 1750 2438 1830 2443 2023 2443 2061 2448 2088 2445 2668 2450" 
                    HPOS="391"
                    VPOS="2379"
                    WIDTH="2275"
                    HEIGHT="139">
            <Shape><Polygon POINTS="394 2432 391 2488 507 2511 511 2511 1256 2492 1293 2492 1305 2492 1478 2514 1481 2514 1485 2514 1549 2496 1666 2496 1685 2511 1685 2514 1688 2514 1692 2514 1696 2514 1839 2496 1922 2514 1925 2514 1929 2514 2049 2496 2121 2514 2125 2514 2128 2518 2546 2518 2546 2514 2659 2492 2666 2447 2663 2405 1907 2383 1903 2383 1899 2383 1895 2383 1895 2387 1876 2402 1876 2405 1756 2405 1752 2402 1730 2383 1726 2383 1722 2383 1718 2383 1715 2383 1673 2402 1670 2405 1403 2405 1395 2402 1305 2379 1301 2379 1297 2379 1293 2379 1218 2398 1173 2379 1169 2379 1166 2379 801 2398 707 2379 703 2379 575 2398 549 2379 545 2379 541 2379 537 2379 394 2398 394 2432"/></Shape>
	    <String CONTENT="ר&#39; שמעון בן ﭏעזר או&#39; למה נקרא שמה תכלת על שום שנתכלו המצרים"
                    HPOS="391"
                    VPOS="2379"
                    WIDTH="2275"
                    HEIGHT="139"></String>
          </TextLine>

          
          
          <TextLine ID="eSc_line_656821"
                    
                    BASELINE="433 2553 1341 2548 1697 2553 1790 2558 2038 2558 2294 2566 2565 2563 2625 2558 2680 2561" 
                    HPOS="428"
                    VPOS="2496"
                    WIDTH="2250"
                    HEIGHT="135">
            <Shape><Polygon POINTS="432 2552 432 2608 752 2631 756 2631 993 2612 1072 2608 1124 2612 1256 2631 1260 2631 1263 2631 1301 2616 1316 2608 1346 2616 1406 2627 1410 2627 1414 2627 1463 2616 1497 2608 1752 2608 1771 2616 1794 2627 1797 2627 1801 2627 1805 2627 1809 2627 1820 2616 1828 2608 1846 2616 1876 2631 1880 2631 1884 2631 1955 2620 2004 2608 2031 2620 2053 2627 2057 2627 2061 2627 2670 2620 2678 2559 2674 2522 2256 2496 2253 2496 2249 2496 2245 2496 2219 2522 2046 2522 1989 2496 1986 2496 1982 2496 1978 2496 1933 2522 1929 2522 1925 2522 1839 2499 1835 2499 1831 2499 1617 2522 1602 2522 1591 2522 1436 2499 1433 2499 744 2518 624 2499 620 2499 428 2522 432 2552"/></Shape>
	    <String CONTENT="בבכוריהן שנ&#39; ויהי בחצי הלילה ˙ ר&#39; או&#39; על שם שכלו המצריים על הים ˙"
                    HPOS="428"
                    VPOS="2496"
                    WIDTH="2250"
                    HEIGHT="135"></String>
          </TextLine>

          
          
          <TextLine ID="eSc_line_656804"
                    
                    BASELINE="433 2658 599 2663 656 2658 1512 2658 1604 2663 1873 2663 2231 2674 2314 2671 2402 2676 2680 2679" 
                    HPOS="428"
                    VPOS="2601"
                    WIDTH="2250"
                    HEIGHT="139">
            <Shape><Polygon POINTS="432 2657 428 2717 2666 2740 2678 2676 2670 2616 2004 2631 1651 2616 1316 2605 1312 2605 1038 2620 944 2623 921 2620 861 2605 857 2605 853 2605 782 2620 763 2623 737 2620 609 2601 605 2601 601 2601 598 2601 598 2605 579 2620 579 2623 432 2623 432 2657"/></Shape>
	    <String CONTENT="ר&#39; אומ&#39; למה נקרא שמה ציצית על שם שהציץ המקום על בתי אבותינו"
                    HPOS="428"
                    VPOS="2601"
                    WIDTH="2250"
                    HEIGHT="139"></String>
          </TextLine>

          
          
          <TextLine ID="eSc_line_656797"
                    
                    BASELINE="451 2764 990 2769 1389 2764 1459 2769 1747 2769 2276 2781 2334 2779 2627 2784 2683 2776" 
                    HPOS="443"
                    VPOS="2721"
                    WIDTH="2238"
                    HEIGHT="135">
            <Shape><Polygon POINTS="447 2762 443 2826 1293 2823 1451 2841 1485 2845 1489 2845 1493 2845 1497 2845 1497 2841 1515 2826 1752 2826 2034 2849 2065 2849 2068 2849 2072 2849 2076 2849 2144 2830 2215 2849 2226 2853 2230 2853 2234 2856 2678 2856 2681 2774 2681 2744 2102 2725 2098 2725 1948 2740 1891 2744 1839 2740 1681 2721 1677 2721 1463 2736 1418 2740 1410 2736 1376 2721 1372 2721 1369 2721 447 2732 447 2762"/></Shape>
	    <String CONTENT="במצרים שנ&#39; קול דודי וגו&#39; ˙ דומה דודי ˙ הנה זה עומד ˙ ר&#39; חנינא בן"
                    HPOS="443"
                    VPOS="2721"
                    WIDTH="2238"
                    HEIGHT="135"></String>
          </TextLine>

          
          
          <TextLine ID="eSc_line_656798"
                    
                    BASELINE="420 2877 895 2877 1070 2872 1276 2874 1341 2879 1384 2877 1652 2882 1828 2889 2404 2894 2462 2899 2545 2897 2622 2902 2685 2894" 
                    HPOS="413"
                    VPOS="2826"
                    WIDTH="2268"
                    HEIGHT="132">
            <Shape><Polygon POINTS="417 2875 413 2894 417 2928 669 2954 673 2958 906 2958 906 2954 910 2954 947 2935 951 2935 985 2954 989 2954 993 2954 996 2954 1060 2935 1072 2935 1384 2935 1391 2932 1429 2932 1466 2932 1504 2932 1542 2932 1579 2932 1617 2932 1655 2932 1662 2939 2674 2954 2681 2890 2681 2856 1989 2856 1955 2845 1914 2834 1910 2834 1907 2834 1410 2838 613 2845 417 2826 417 2875"/></Shape>
	    <String CONTENT="אנטיגנוס או&#39; כל המקיים מצות ציצית מהו או&#39; ↑ בימים ההמה אשר יחזיקו ← ˙"
                    HPOS="413"
                    VPOS="2826"
                    WIDTH="2268"
                    HEIGHT="132"></String>
          </TextLine>

          
          
          <TextLine ID="eSc_line_673733"
                    TAGREFS="LT336"
                    BASELINE="969 2838 1242 2835" 
                    HPOS="966"
                    VPOS="2811"
                    WIDTH="275"
                    HEIGHT="57">
            <Shape><Polygon POINTS="966 2834 966 2868 1004 2864 1041 2864 1079 2864 1083 2864 1241 2834 1241 2811 966 2811 966 2834"/></Shape>
	    <String CONTENT="בזכריה"
                    HPOS="966"
                    VPOS="2811"
                    WIDTH="275"
                    HEIGHT="57"></String>
          </TextLine>

          
          
          <TextLine ID="eSc_line_656801"
                    
                    BASELINE="471 2987 967 2982 1163 2984 1216 2982 1241 2977 1271 2982 1574 2982 1981 2994 2174 2994 2329 2999 2630 3002 2685 2994" 
                    HPOS="466"
                    VPOS="2932"
                    WIDTH="2215"
                    HEIGHT="116">
            <Shape><Polygon POINTS="470 2984 466 3041 2678 3048 2681 2992 2678 2962 2038 2962 2019 2958 1922 2939 1918 2939 1549 2954 1508 2954 1493 2954 1354 2935 1350 2935 947 2950 921 2950 910 2950 748 2932 744 2932 470 2947 470 2984"/></Shape>
	    <String CONTENT="וכל המבטל מצות ציצית מהו או&#39; ↑ לאחוז בכנפות הארץ וגו&#39; ˙ ר&#39; מאיר"
                    HPOS="466"
                    VPOS="2932"
                    WIDTH="2215"
                    HEIGHT="116"></String>
          </TextLine>

          
          
          <TextLine ID="eSc_line_fc43d2da"
                    TAGREFS="LT336"
                    BASELINE="1385 2939 1656 2939" 
                    HPOS="1384"
                    VPOS="2917"
                    WIDTH="271"
                    HEIGHT="60">
            <Shape><Polygon POINTS="1384 2935 1384 2977 1421 2977 1459 2977 1497 2977 1534 2977 1572 2977 1609 2977 1647 2977 1651 2977 1655 2935 1655 2917 1384 2917 1384 2935"/></Shape>
	    <String CONTENT="באיוב"
                    HPOS="1384"
                    VPOS="2917"
                    WIDTH="271"
                    HEIGHT="60"></String>
          </TextLine>

          
          
          <TextLine ID="eSc_line_656799"
                    
                    BASELINE="463 3098 554 3102 1105 3102 1461 3097 2021 3107 2399 3105 2582 3112 2690 3107" 
                    HPOS="458"
                    VPOS="3044"
                    WIDTH="2231"
                    HEIGHT="140">
            <Shape><Polygon POINTS="462 3071 462 3097 458 3172 1451 3161 1478 3172 1504 3180 1508 3180 1512 3180 1515 3180 1549 3168 1583 3161 1613 3168 1643 3180 1647 3180 1651 3180 1655 3180 1658 3180 1673 3168 1688 3161 1745 3168 1850 3184 1854 3184 1858 3184 1914 3168 1929 3165 1944 3168 2008 3184 2012 3184 2016 3184 2113 3165 2128 3165 2185 3165 2617 3184 2621 3184 2625 3184 2685 3161 2689 3105 2689 3074 2324 3052 2320 3052 2317 3052 2249 3071 2245 3071 2166 3052 2162 3052 2159 3052 2155 3052 2080 3071 2076 3071 2004 3052 2001 3052 1997 3052 1993 3052 1989 3052 1967 3071 1884 3052 1880 3052 1745 3071 1734 3071 1722 3071 1542 3048 1538 3048 1023 3067 932 3048 929 3048 925 3048 861 3067 808 3048 804 3048 801 3048 695 3067 488 3044 485 3044 481 3044 477 3044 470 3048 462 3071"/></Shape>
	    <String CONTENT="אומ&#39; וראיתם לא נאמ&#39; ﭏא וראיתם אותו מגיד הכתו&#39; כל המקיים מצות"
                    HPOS="458"
                    VPOS="3044"
                    WIDTH="2231"
                    HEIGHT="140"></String>
          </TextLine>

          
          
          <TextLine ID="eSc_line_656802"
                    
                    BASELINE="383 3207 421 3205 506 3210 1060 3210 1203 3205 1479 3205 1599 3210 1983 3212 2066 3217 2459 3217 2575 3220 2600 3225 2675 3217" 
                    HPOS="379"
                    VPOS="3153"
                    WIDTH="2295"
                    HEIGHT="136">
            <Shape><Polygon POINTS="379 3206 379 3266 680 3266 695 3277 714 3277 737 3277 756 3266 804 3266 1173 3266 1290 3289 1293 3289 1406 3270 2614 3289 2617 3289 2621 3289 2670 3266 2674 3214 2666 3165 1730 3176 1718 3168 1707 3157 1703 3157 1700 3157 1500 3157 1497 3157 1433 3168 1391 3176 1346 3168 1267 3157 1263 3157 1019 3172 970 3172 966 3172 929 3153 925 3153 921 3153 917 3153 857 3172 850 3172 846 3172 774 3153 771 3153 767 3153 763 3153 759 3153 729 3172 725 3176 379 3176 379 3206"/></Shape>
	    <String CONTENT="ציצית כﭏו מקבל פני שכינה שתכלת דומה לים וים דומה לרקיע ורקיע"
                    HPOS="379"
                    VPOS="3153"
                    WIDTH="2295"
                    HEIGHT="136"></String>
          </TextLine>

          
          
          <TextLine ID="eSc_line_656800"
                    
                    BASELINE="471 3330 1692 3325 2118 3335 2673 3335" 
                    HPOS="466"
                    VPOS="3274"
                    WIDTH="2204"
                    HEIGHT="139">
            <Shape><Polygon POINTS="1670 3285 1632 3281 1594 3281 1591 3274 1331 3274 1327 3274 1181 3277 1181 3281 1143 3281 1105 3281 1079 3281 470 3296 470 3326 466 3390 594 3413 598 3413 601 3413 643 3394 646 3394 1293 3394 1308 3402 1327 3413 1331 3413 1335 3413 1339 3413 1451 3402 1545 3394 1760 3405 1914 3413 1918 3413 2004 3409 2207 3394 2317 3413 2335 3413 2339 3413 2343 3413 2350 3413 2403 3394 2663 3413 2670 3334 2666 3300 2471 3300 2448 3277 2448 3274 2444 3274 2441 3274 2437 3274 2433 3274 2358 3296 2034 3274 2031 3274 2027 3274 2023 3274 1997 3293 1933 3277 1929 3277 1925 3277 1922 3277 1918 3277 1895 3300 1715 3300 1688 3285 1670 3285"/></Shape>
	    <String CONTENT="דומה לכסא כבוד כענין שנ&#39; ↑ וממעל לרקיע אשר ← וגו ˙ וראיתם אותו"
                    HPOS="466"
                    VPOS="3274"
                    WIDTH="2204"
                    HEIGHT="139"></String>
          </TextLine>

          
          
          <TextLine ID="eSc_line_673741"
                    TAGREFS="LT336"
                    BASELINE="1585 3279 1858 3296" 
                    HPOS="1579"
                    VPOS="3244"
                    WIDTH="275"
                    HEIGHT="79">
            <Shape><Polygon POINTS="1583 3277 1579 3315 1662 3319 1692 3319 1730 3319 1767 3319 1805 3319 1843 3323 1843 3323 1854 3293 1854 3262 1583 3244 1583 3277"/></Shape>
	    <String CONTENT="ביחזקﭏ"
                    HPOS="1579"
                    VPOS="3244"
                    WIDTH="275"
                    HEIGHT="79"></String>
          </TextLine>

          
        </TextBlock>
        
        <TextBlock HPOS="2664.0"
                   VPOS="1757.0"
                   WIDTH="269.0"
                   HEIGHT="126.0"
                   ID="eSc_textblock_5660"
                   TAGREFS="BT851">
          <Shape><Polygon POINTS="2664 1883 2933 1883 2933 1757 2664 1757"/></Shape>
          
          
          <TextLine ID="eSc_line_673732"
                    
                    BASELINE="2662 1791 2937 1808" 
                    HPOS="2651"
                    VPOS="1751"
                    WIDTH="282"
                    HEIGHT="136">
            <Shape><Polygon POINTS="2734 1759 2696 1759 2659 1751 2659 1789 2651 1849 2869 1887 2873 1887 2877 1887 2930 1860 2933 1804 2922 1766 2768 1759 2734 1759"/></Shape>
	    <String CONTENT="נתנו"
                    HPOS="2651"
                    VPOS="1751"
                    WIDTH="282"
                    HEIGHT="136"></String>
          </TextLine>

          
        </TextBlock>
        
        <TextBlock HPOS="1267.0"
                   VPOS="187.0"
                   WIDTH="420.0"
                   HEIGHT="265.0"
                   ID="eSc_textblock_5659"
                   TAGREFS="BT852">
          <Shape><Polygon POINTS="1267 452 1687 416 1687 187 1284 196"/></Shape>
          
          
          <TextLine ID="eSc_line_673726"
                    
                    BASELINE="1289 309 1429 277 1708 266" 
                    HPOS="1278"
                    VPOS="187"
                    WIDTH="429"
                    HEIGHT="252">
            <Shape><Polygon POINTS="1613 187 1576 187 1538 191 1534 191 1497 225 1399 191 1387 195 1354 195 1290 233 1278 255 1286 308 1297 439 1387 436 1391 436 1395 436 1436 405 1545 338 1707 338 1707 263 1700 210 1617 187 1613 187"/></Shape>
	    <String CONTENT="שלח לך"
                    HPOS="1278"
                    VPOS="187"
                    WIDTH="429"
                    HEIGHT="252"></String>
          </TextLine>

          
        </TextBlock>
        
        <TextBlock HPOS="246.0"
                   VPOS="3255.0"
                   WIDTH="965.0"
                   HEIGHT="188.0"
                   ID="eSc_textblock_5662"
                   TAGREFS="BT851">
          <Shape><Polygon POINTS="246 3443 479 3425 481 3318 1211 3276 282 3255"/></Shape>
          
          
          <TextLine ID="eSc_line_673740"
                    
                    BASELINE="321 3277 445 3288 617 3290 819 3285 1204 3279" 
                    HPOS="315"
                    VPOS="3255"
                    WIDTH="888"
                    HEIGHT="68">
            <Shape><Polygon POINTS="1181 3266 1143 3266 1105 3274 1068 3277 1030 3270 993 3270 955 3270 917 3270 880 3266 842 3266 804 3266 767 3266 729 3262 692 3262 654 3262 616 3262 579 3259 541 3259 504 3259 466 3259 428 3255 391 3255 353 3255 315 3255 319 3274 319 3323 466 3323 504 3319 541 3319 579 3319 616 3319 654 3319 692 3319 729 3319 767 3319 804 3319 842 3319 880 3319 917 3319 955 3319 993 3319 1030 3319 1068 3319 1105 3319 1143 3319 1181 3319 1199 3319 1203 3277 1199 3266 1181 3266"/></Shape>
	    <String CONTENT="על ראשם כמראה אבן ספיר"
                    HPOS="315"
                    VPOS="3255"
                    WIDTH="888"
                    HEIGHT="68"></String>
          </TextLine>

          
          
          <TextLine ID="eSc_line_673742"
                    
                    BASELINE="291 3339 473 3347" 
                    HPOS="285"
                    VPOS="3293"
                    WIDTH="185"
                    HEIGHT="97">
            <Shape><Polygon POINTS="289 3338 285 3390 323 3390 361 3390 398 3387 436 3387 462 3387 470 3345 470 3315 383 3293 379 3293 376 3293 289 3308 289 3338"/></Shape>
	    <String CONTENT="דמות"
                    HPOS="285"
                    VPOS="3293"
                    WIDTH="185"
                    HEIGHT="97"></String>
          </TextLine>

          
          
          <TextLine ID="eSc_line_673743"
                    
                    BASELINE="240 3401 489 3392" 
                    HPOS="233"
                    VPOS="3334"
                    WIDTH="255"
                    HEIGHT="131">
            <Shape><Polygon POINTS="308 3341 300 3338 267 3334 263 3334 259 3334 255 3334 255 3338 233 3353 236 3398 236 3447 485 3465 488 3390 485 3356 338 3341 308 3341"/></Shape>
	    <String CONTENT="כסא וגו&#39;"
                    HPOS="233"
                    VPOS="3334"
                    WIDTH="255"
                    HEIGHT="131"></String>
          </TextLine>

          
        </TextBlock>
        
        <TextBlock HPOS="204.0"
                   VPOS="2840.0"
                   WIDTH="287.0"
                   HEIGHT="397.0"
                   ID="eSc_textblock_5661"
                   TAGREFS="BT851">
          <Shape><Polygon POINTS="204 3237 470 3192 491 3030 449 2849 249 2840"/></Shape>
          
          
          <TextLine ID="eSc_line_673734"
                    
                    BASELINE="270 2879 448 2895" 
                    HPOS="259"
                    VPOS="2841"
                    WIDTH="188"
                    HEIGHT="87">
            <Shape><Polygon POINTS="417 2879 379 2845 342 2841 304 2841 267 2841 267 2875 259 2917 436 2928 447 2894 436 2879 417 2879"/></Shape>
	    <String CONTENT="עשרה"
                    HPOS="259"
                    VPOS="2841"
                    WIDTH="188"
                    HEIGHT="87"></String>
          </TextLine>

          
          
          <TextLine ID="eSc_line_673735"
                    
                    BASELINE="251 2959 470 2948" 
                    HPOS="244"
                    VPOS="2909"
                    WIDTH="222"
                    HEIGHT="105">
            <Shape><Polygon POINTS="440 2909 244 2913 248 2958 248 2996 308 3014 312 3014 315 3014 319 3011 323 3011 334 3011 466 2984 466 2947 462 2943 440 2909"/></Shape>
	    <String CONTENT="אנשים"
                    HPOS="244"
                    VPOS="2909"
                    WIDTH="222"
                    HEIGHT="105"></String>
          </TextLine>

          
          
          <TextLine ID="eSc_line_673736"
                    
                    BASELINE="321 3016 505 3024" 
                    HPOS="315"
                    VPOS="2958"
                    WIDTH="189"
                    HEIGHT="98">
            <Shape><Polygon POINTS="319 3014 315 3056 496 3056 504 3022 504 2992 379 2958 376 2958 372 2958 368 2958 319 2973 319 3014"/></Shape>
	    <String CONTENT="מכל"
                    HPOS="315"
                    VPOS="2958"
                    WIDTH="189"
                    HEIGHT="98"></String>
          </TextLine>

          
          
          <TextLine ID="eSc_line_673737"
                    
                    BASELINE="272 3091 486 3070" 
                    HPOS="263"
                    VPOS="3022"
                    WIDTH="222"
                    HEIGHT="101">
            <Shape><Polygon POINTS="451 3022 263 3033 270 3090 270 3123 447 3108 458 3093 485 3093 485 3067 477 3041 451 3022"/></Shape>
	    <String CONTENT="לשונות"
                    HPOS="263"
                    VPOS="3022"
                    WIDTH="222"
                    HEIGHT="101"></String>
          </TextLine>

          
          
          <TextLine ID="eSc_line_673738"
                    
                    BASELINE="202 3199 291 3174 470 3148" 
                    HPOS="191"
                    VPOS="3105"
                    WIDTH="279"
                    HEIGHT="154">
            <Shape><Polygon POINTS="199 3195 210 3259 338 3199 470 3195 466 3146 455 3105 191 3150 199 3195"/></Shape>
	    <String CONTENT="הגוים וגו&#39;"
                    HPOS="191"
                    VPOS="3105"
                    WIDTH="279"
                    HEIGHT="154"></String>
          </TextLine>

          
        </TextBlock>
        
        <TextBlock HPOS="306.0"
                   VPOS="4062.0"
                   WIDTH="104.0"
                   HEIGHT="153.0"
                   ID="eSc_textblock_5663"
                   TAGREFS="BT852">
          <Shape><Polygon POINTS="306 4215 410 4215 410 4062 306 4062"/></Shape>
          
          
          <TextLine ID="eSc_line_673744"
                    
                    BASELINE="313 4157 424 4165" 
                    HPOS="304"
                    VPOS="4112"
                    WIDTH="117"
                    HEIGHT="105">
            <Shape><Polygon POINTS="312 4153 304 4214 409 4217 421 4161 421 4123 312 4112 312 4153"/></Shape>
	    <String CONTENT="ה&#39;"
                    HPOS="304"
                    VPOS="4112"
                    WIDTH="117"
                    HEIGHT="105"></String>
          </TextLine>

          
        </TextBlock>
        

        
      </PrintSpace>
    </Page>
  </Layout>
</alto>
