<?xml version="1.0" encoding="UTF-8"?>
<alto xmlns:xsi="http://www.w3.org/2001/XMLSchema-instance"
      xmlns="http://www.loc.gov/standards/alto/ns-v4#"
      xsi:schemaLocation="http://www.loc.gov/standards/alto/ns-v4# http://www.loc.gov/standards/alto/v4/alto-4-2.xsd">
  <Description>
    <MeasurementUnit>pixel</MeasurementUnit>
    <sourceImageInformation>
      <fileName>00000022.jpg</fileName>
      
    </sourceImageInformation>
  </Description>
  
  <Tags>
    <OtherTag ID="BT1" LABEL="Title" DESCRIPTION="block type Title"/><OtherTag ID="BT2" LABEL="Main" DESCRIPTION="block type Main"/><OtherTag ID="BT3" LABEL="Commentary" DESCRIPTION="block type Commentary"/><OtherTag ID="BT4" LABEL="Illustration" DESCRIPTION="block type Illustration"/><OtherTag ID="BT851" LABEL="Margin" DESCRIPTION="block type Margin"/><OtherTag ID="BT852" LABEL="Paratext" DESCRIPTION="block type Paratext"/>
    <OtherTag ID="LT2" LABEL="Numbering" DESCRIPTION="line type Numbering"/><OtherTag ID="LT3" LABEL="Correction" DESCRIPTION="line type Correction"/><OtherTag ID="LT336" LABEL="Gloss" DESCRIPTION="line type Gloss"/>
  </Tags>
  
  <Layout>
    <Page WIDTH="3626"
          HEIGHT="4571"
          PHYSICAL_IMG_NR="17"
          ID="eSc_dummypage_">
      <PrintSpace HPOS="0"
                  VPOS="0"
                  WIDTH="3626"
                  HEIGHT="4571">
        
        <TextBlock HPOS="356.0"
                   VPOS="572.0"
                   WIDTH="2416.0"
                   HEIGHT="2846.0"
                   ID="eSc_textblock_5417"
                   TAGREFS="BT2">
          <Shape><Polygon POINTS="2772 3401 485 3418 487 2394 356 2394 364 2310 487 2294 489 603 2726 572"/></Shape>
          
          
          <TextLine ID="eSc_line_654871"
                    
                    BASELINE="503 708 711 708 955 695 983 698 1270 690 1318 685 1689 685 1773 680 1956 683 2162 678 2746 678" 
                    HPOS="495"
                    VPOS="613"
                    WIDTH="2250"
                    HEIGHT="175">
            <Shape><Polygon POINTS="1258 639 1239 639 1231 643 1208 655 495 651 499 704 499 788 667 784 671 784 674 784 674 780 697 758 762 784 766 784 770 784 774 784 846 780 1395 750 1460 765 1498 777 1502 777 1506 777 1639 761 1765 750 1822 758 1906 773 1910 773 1914 773 1952 754 1971 746 2051 754 2261 773 2264 773 2741 735 2745 674 2737 632 2638 643 2615 632 2588 613 2585 613 2581 613 2268 613 2264 613 2131 636 2077 643 2028 636 1910 617 1906 617 1902 617 1853 636 1818 651 1757 639 1719 632 1715 632 1711 632 1708 632 1708 636 1704 639 1689 655 1532 655 1479 639 1384 620 1380 620 1273 624 1269 624 1258 639"/></Shape>
	    <String CONTENT="ס&#39;פ&#39; ˙ יברכך ייי בברכה המפורשת ˙ וכן הוא אומ&#39; ↑ ברוך אתה בעיר ˙ ברוך"
                    HPOS="495"
                    VPOS="613"
                    WIDTH="2250"
                    HEIGHT="175"></String>
          </TextLine>

          
          
          <TextLine ID="eSc_line_656911"
                    TAGREFS="LT336"
                    BASELINE="754 632 1272 642" 
                    HPOS="747"
                    VPOS="594"
                    WIDTH="522"
                    HEIGHT="84">
            <Shape><Polygon POINTS="1246 594 1208 594 1170 594 1132 594 1094 594 1056 594 1018 598 979 598 941 598 903 598 865 598 827 598 789 598 751 601 751 628 747 666 1258 678 1269 639 1262 594 1246 594"/></Shape>
	    <String CONTENT="בפרש&#39; כי תבא"
                    HPOS="747"
                    VPOS="594"
                    WIDTH="522"
                    HEIGHT="84"></String>
          </TextLine>

          
          
          <TextLine ID="eSc_line_654873"
                    
                    BASELINE="472 820 645 825 678 817 762 820 815 812 843 815 965 807 990 810 1161 802 1705 802 1814 797 2208 797 2271 792 2355 794 2449 789 2738 784" 
                    HPOS="465"
                    VPOS="746"
                    WIDTH="2272"
                    HEIGHT="149">
            <Shape><Polygon POINTS="468 818 468 872 747 895 751 895 1124 868 1162 868 1166 868 1193 891 1197 891 1201 891 1204 895 1315 895 1315 891 1319 891 1372 868 1399 891 1403 891 1406 891 1410 891 1414 891 1471 868 1483 864 1490 868 1551 887 1555 887 1559 887 1803 868 1914 887 1917 887 2085 864 2112 860 2123 864 2192 883 2196 883 2200 883 2733 857 2737 780 2733 765 2043 746 2039 746 1929 769 1910 773 1864 769 1612 750 1609 750 1605 750 1601 750 1570 773 1361 773 1071 754 1067 754 1063 754 976 777 960 784 465 784 468 818"/></Shape>
	    <String CONTENT="טנאך ומשארתך ˙ ברוך אתה בבואך ˙ ובאו עליך כל הברכות אימתי כי"
                    HPOS="465"
                    VPOS="746"
                    WIDTH="2272"
                    HEIGHT="149"></String>
          </TextLine>

          
          
          <TextLine ID="eSc_line_654874"
                    
                    BASELINE="480 926 729 931 780 926 902 926 985 919 1069 921 1115 916 1234 914 1306 916 1687 909 1740 911 1867 906 2025 909 2088 904 2246 906 2449 898 2584 901 2637 896 2726 896" 
                    HPOS="472"
                    VPOS="849"
                    WIDTH="2250"
                    HEIGHT="160">
            <Shape><Polygon POINTS="476 925 476 982 774 1009 777 1009 781 1009 892 982 1025 1005 1029 1005 1033 1005 1037 1005 1067 982 1540 998 1544 998 1548 998 1551 998 1582 975 1582 971 1788 971 1978 971 2089 994 2093 994 2722 959 2722 895 2718 872 2569 849 2566 849 2478 868 2447 849 2444 849 2440 849 2436 849 2432 849 2428 849 2428 853 2424 853 2409 872 2375 853 2371 853 2367 853 2100 876 2089 876 2081 876 1772 857 1769 857 1765 857 1761 857 1731 879 1727 879 1563 864 1559 864 1193 883 1151 864 1147 864 1143 864 1140 864 1136 864 1105 887 1101 887 1086 887 838 868 835 868 831 868 827 868 793 891 789 891 766 891 545 872 541 872 537 872 472 891 476 925"/></Shape>
	    <String CONTENT="תשמע בקול ייי יברכך ייי בנכסים ˙ וישמרך בנכסים ˙ ר&#39; נתן אומ&#39; יברכך ייי"
                    HPOS="472"
                    VPOS="849"
                    WIDTH="2250"
                    HEIGHT="160"></String>
          </TextLine>

          
          
          <TextLine ID="eSc_line_654875"
                    
                    BASELINE="538 1043 645 1043 721 1036 802 1038 848 1031 1245 1033 1506 1025 1715 1025 1776 1020 1908 1023 2083 1015 2284 1018 2571 1013 2647 1008 2685 1008 2738 1013" 
                    HPOS="533"
                    VPOS="978"
                    WIDTH="2204"
                    HEIGHT="130">
            <Shape><Polygon POINTS="537 1039 537 1108 2733 1089 2737 1009 2729 978 533 998 537 1039"/></Shape>
	    <String CONTENT="בנכסים ˙ וישמרך בגוף ˙ ר&#39; יצחק אומ&#39; וישמרך מיצר הרע ˙ וכן הוא אומ&#39; ←"
                    HPOS="533"
                    VPOS="978"
                    WIDTH="2204"
                    HEIGHT="130"></String>
          </TextLine>

          
          
          <TextLine ID="eSc_line_654876"
                    
                    BASELINE="553 1150 724 1155 749 1150 894 1150 919 1142 1128 1145 1275 1140 1773 1140 1860 1135 2205 1137 2279 1132 2355 1135 2731 1124" 
                    HPOS="549"
                    VPOS="1081"
                    WIDTH="2180"
                    HEIGHT="145">
            <Shape><Polygon POINTS="552 1146 552 1222 953 1207 1044 1218 1075 1222 1079 1222 1082 1222 1094 1218 1143 1196 1265 1215 1315 1222 1319 1222 1323 1222 1357 1215 1429 1196 1551 1196 1582 1211 1593 1218 1597 1218 1601 1218 1605 1218 1670 1207 1723 1199 1734 1207 1757 1222 1761 1222 1765 1222 1769 1222 1883 1203 1944 1196 1982 1203 2055 1218 2058 1218 2062 1218 2119 1199 2135 1196 2138 1199 2165 1222 2169 1222 2173 1222 2177 1226 2253 1226 2253 1222 2363 1196 2390 1192 2726 1192 2729 1123 2726 1100 2558 1081 2554 1081 2356 1100 2268 1108 2249 1100 2211 1085 2207 1085 2203 1085 2116 1100 2077 1112 1715 1112 1711 1104 1692 1089 1692 1085 1689 1085 1685 1085 1597 1085 1593 1085 1506 1104 1490 1108 1479 1104 1418 1085 1414 1085 1410 1085 1136 1108 1101 1108 1090 1108 1010 1085 1006 1085 1002 1085 998 1085 941 1108 937 1108 876 1085 873 1085 869 1085 865 1085 789 1108 785 1112 549 1112 552 1146"/></Shape>
	    <String CONTENT="כי ייי יהיה בכסלך ˙ ד&#39;א&#39; וישמרך שלא ישליט אחרים עליך וכן הוא אומר ←"
                    HPOS="549"
                    VPOS="1081"
                    WIDTH="2180"
                    HEIGHT="145"></String>
          </TextLine>

          
          
          <TextLine ID="eSc_line_654877"
                    
                    BASELINE="513 1262 858 1262 952 1257 1621 1251 1671 1246 1753 1249 2185 1239 2421 1241 2736 1234" 
                    HPOS="510"
                    VPOS="1188"
                    WIDTH="2223"
                    HEIGHT="156">
            <Shape><Polygon POINTS="510 1314 571 1314 575 1314 598 1337 598 1340 602 1340 606 1340 610 1344 743 1344 743 1340 747 1340 796 1314 842 1340 846 1340 850 1340 880 1329 892 1321 926 1321 972 1310 983 1310 1021 1310 1460 1333 1464 1333 1467 1333 1471 1333 1513 1306 1582 1333 1586 1333 1589 1333 1776 1302 1784 1302 1792 1302 1902 1329 1906 1329 2062 1302 2436 1325 2440 1325 2733 1291 2733 1230 2726 1207 2318 1207 2306 1203 2264 1188 2261 1188 2257 1188 2253 1188 2249 1188 2249 1192 2234 1203 2230 1207 2146 1203 1860 1192 1856 1192 1853 1192 1826 1203 1811 1211 1784 1203 1742 1192 1738 1192 1734 1192 1731 1192 1692 1203 1654 1215 1555 1203 1479 1196 1475 1196 1429 1203 1368 1215 1353 1203 1342 1196 1338 1196 1334 1196 1330 1196 1292 1203 1220 1218 1094 1203 1052 1199 1048 1199 1044 1199 1040 1199 1037 1203 1018 1218 712 1203 693 1203 690 1203 682 1203 568 1222 510 1203 510 1260 510 1314"/></Shape>
	    <String CONTENT="יומם השמש לא יככה וגו&#39; ˙ הנה לא ינום ולא יישן ˙ ואומ&#39; ייי ישמור צאתך"
                    HPOS="510"
                    VPOS="1188"
                    WIDTH="2223"
                    HEIGHT="156"></String>
          </TextLine>

          
          
          <TextLine ID="eSc_line_654878"
                    
                    BASELINE="528 1373 599 1378 653 1373 772 1371 1054 1373 1237 1368 1275 1363 1430 1363 1560 1356 1776 1358 1926 1350 2136 1353 2302 1348 2485 1348 2738 1338" 
                    HPOS="522"
                    VPOS="1317"
                    WIDTH="2215"
                    HEIGHT="126">
            <Shape><Polygon POINTS="1284 1333 1246 1333 1208 1329 1170 1325 1132 1325 1094 1321 1056 1321 1018 1321 979 1325 941 1325 903 1329 896 1317 522 1317 526 1371 526 1436 1189 1443 1193 1443 1254 1436 1353 1413 1780 1413 1860 1432 1887 1436 1891 1436 1929 1432 2024 1413 2066 1428 2081 1436 2085 1436 2089 1436 2188 1428 2478 1405 2505 1428 2508 1428 2512 1428 2516 1428 2733 1424 2737 1337 2733 1317 1288 1317 1284 1333"/></Shape>
	    <String CONTENT="ובואך ˙ ד&#39;א&#39; וישמרך מן המזיקין וכן הוא אומ&#39; ↑ כי מלאכיו יצוה לך ˙ ד&#39;א&#39;"
                    HPOS="522"
                    VPOS="1317"
                    WIDTH="2215"
                    HEIGHT="126"></String>
          </TextLine>

          
          
          <TextLine ID="eSc_line_657100"
                    TAGREFS="LT336"
                    BASELINE="876 1332 1013 1323 1036 1320 1320 1336" 
                    HPOS="869"
                    VPOS="1287"
                    WIDTH="450"
                    HEIGHT="76">
            <Shape><Polygon POINTS="873 1329 869 1363 907 1363 945 1363 983 1363 1021 1363 1059 1363 1098 1363 1136 1363 1174 1363 1212 1363 1250 1359 1288 1356 1311 1356 1319 1333 1319 1295 873 1287 873 1329"/></Shape>
	    <String CONTENT="במזמור צ&#39;א&#39;"
                    HPOS="869"
                    VPOS="1287"
                    WIDTH="450"
                    HEIGHT="76"></String>
          </TextLine>

          
          
          <TextLine ID="eSc_line_654891"
                    
                    BASELINE="472 1480 508 1488 1054 1472 1199 1475 1245 1470 1473 1470 1501 1475 1552 1467 1781 1470 1938 1465 2258 1465 2358 1460 2619 1460 2738 1452" 
                    HPOS="465"
                    VPOS="1405"
                    WIDTH="2272"
                    HEIGHT="160">
            <Shape><Polygon POINTS="468 1477 468 1542 648 1565 651 1565 655 1565 739 1538 747 1538 758 1538 918 1561 922 1561 926 1561 930 1561 964 1535 972 1527 1208 1527 1216 1531 1242 1554 1246 1554 1250 1554 1254 1557 1433 1557 1433 1554 1437 1554 1441 1554 1441 1550 1467 1527 1517 1546 1521 1546 1525 1546 1528 1546 1582 1523 1586 1523 1601 1523 1826 1542 1837 1535 1875 1535 1898 1535 1986 1519 2173 1542 2177 1542 2295 1516 2451 1538 2455 1538 2733 1500 2737 1451 2729 1417 2489 1424 2466 1420 2409 1405 2405 1405 2402 1405 2299 1424 2283 1424 2280 1424 2253 1405 2249 1405 2245 1405 2241 1405 2238 1405 2192 1424 2173 1436 1948 1436 1936 1428 1887 1413 1883 1413 1879 1413 1750 1432 1696 1439 1582 1436 1220 1420 1216 1420 1098 1443 1079 1447 1021 1447 667 1432 663 1432 659 1432 655 1432 655 1436 636 1455 632 1458 465 1458 468 1477"/></Shape>
	    <String CONTENT="ישמור לך ברית אבות ˙ וכן הוא ↑ ושמר ייי ﭏהיך לך ˙ ד&#39;א&#39; וישמרך ˙ ישמור"
                    HPOS="465"
                    VPOS="1405"
                    WIDTH="2272"
                    HEIGHT="160"></String>
          </TextLine>

          
          
          <TextLine ID="eSc_line_654890"
                    TAGREFS="LT336"
                    BASELINE="1346 1424 1509 1424 1555 1429 1583 1424 1785 1424" 
                    HPOS="1342"
                    VPOS="1390"
                    WIDTH="442"
                    HEIGHT="76">
            <Shape><Polygon POINTS="1345 1420 1342 1462 1380 1462 1418 1462 1456 1462 1494 1466 1532 1462 1570 1462 1609 1462 1647 1462 1685 1462 1723 1462 1761 1462 1780 1458 1784 1420 1776 1390 1345 1390 1345 1420"/></Shape>
	    <String CONTENT="בפרש&#39; עקב"
                    HPOS="1342"
                    VPOS="1390"
                    WIDTH="442"
                    HEIGHT="76"></String>
          </TextLine>

          
          
          <TextLine ID="eSc_line_654879"
                    
                    BASELINE="485 1597 686 1597 881 1587 1133 1587 1344 1579 1369 1592 1392 1579 1483 1584 1577 1582 1659 1587 1974 1587 2048 1579 2205 1582 2419 1574 2632 1576 2749 1569" 
                    HPOS="480"
                    VPOS="1512"
                    WIDTH="2265"
                    HEIGHT="164">
            <Shape><Polygon POINTS="2116 1550 2077 1550 2051 1546 1967 1550 1772 1550 1753 1538 1708 1523 1704 1523 1700 1523 1189 1542 671 1561 480 1546 484 1596 484 1649 774 1676 777 1676 781 1676 785 1676 785 1672 808 1653 960 1668 964 1668 1006 1653 1018 1649 1037 1649 1052 1645 1082 1641 1292 1645 1323 1645 1357 1645 1391 1645 1429 1645 1429 1645 1761 1656 1765 1656 1959 1641 1959 1637 1963 1637 2001 1637 2005 1637 2100 1630 2138 1641 2154 1641 2192 1641 2230 1645 2238 1653 2745 1634 2745 1565 2741 1535 2657 1512 2653 1512 2649 1512 2646 1512 2642 1512 2607 1535 2493 1516 2489 1516 2379 1538 2375 1538 2341 1516 2337 1516 2333 1516 2329 1516 2325 1516 2238 1538 2222 1542 2207 1538 2138 1519 2135 1519 2131 1519 2127 1519 2116 1550"/></Shape>
	    <String CONTENT="לך הקץ וכן הוא אומ&#39; ↑ משא דומה אלי : ד&#39;א&#39; וישמרך ˙ ישמור נפשך בשעת"
                    HPOS="480"
                    VPOS="1512"
                    WIDTH="2265"
                    HEIGHT="164"></String>
          </TextLine>

          
          
          <TextLine ID="eSc_line_657230"
                    TAGREFS="LT336"
                    BASELINE="1844 1539 2144 1552" 
                    HPOS="1837"
                    VPOS="1500"
                    WIDTH="305"
                    HEIGHT="76">
            <Shape><Polygon POINTS="1841 1538 1837 1576 1971 1576 1990 1576 2028 1573 2066 1573 2104 1573 2131 1573 2142 1550 2142 1512 1841 1500 1841 1538"/></Shape>
	    <String CONTENT="בישעיה"
                    HPOS="1837"
                    VPOS="1500"
                    WIDTH="305"
                    HEIGHT="76"></String>
          </TextLine>

          
          
          <TextLine ID="eSc_line_654892"
                    
                    BASELINE="498 1698 630 1703 680 1698 830 1698 970 1691 1135 1693 1184 1688 2370 1688 2421 1683 2723 1678" 
                    HPOS="491"
                    VPOS="1637"
                    WIDTH="2231"
                    HEIGHT="134">
            <Shape><Polygon POINTS="2207 1649 2169 1649 2131 1649 2093 1649 2055 1645 2016 1645 1978 1645 1971 1645 1445 1649 1445 1653 1406 1653 1368 1653 1330 1653 1292 1653 1254 1653 1216 1656 1178 1656 1140 1656 1101 1656 1063 1656 1025 1656 1021 1653 491 1656 495 1695 495 1763 812 1771 815 1771 819 1771 846 1763 880 1748 896 1759 907 1771 911 1771 915 1771 918 1771 922 1771 945 1759 964 1752 998 1759 1044 1771 1048 1771 1052 1771 1208 1759 1368 1744 1532 1756 1681 1763 1685 1763 1689 1763 1715 1752 1734 1744 1784 1752 1902 1771 1906 1771 1910 1771 1963 1752 1978 1744 1982 1748 1997 1763 2001 1763 2005 1763 2009 1763 2306 1748 2367 1744 2383 1744 2501 1771 2505 1771 2718 1740 2722 1676 2714 1637 2207 1641 2207 1649"/></Shape>
	    <String CONTENT="מיתה וכן הוא אומ&#39; ↑ והיתה נפש אדוני צרורה ↑ שומע אני בין הצדיקים ובין"
                    HPOS="491"
                    VPOS="1637"
                    WIDTH="2231"
                    HEIGHT="134"></String>
          </TextLine>

          
          
          <TextLine ID="eSc_line_654880"
                    TAGREFS="LT336"
                    BASELINE="1936 1643 2233 1650" 
                    HPOS="1929"
                    VPOS="1615"
                    WIDTH="301"
                    HEIGHT="68">
            <Shape><Polygon POINTS="1933 1641 1929 1679 2219 1683 2230 1649 2226 1622 1933 1615 1933 1641"/></Shape>
	    <String CONTENT="בשמוﭏ"
                    HPOS="1929"
                    VPOS="1615"
                    WIDTH="301"
                    HEIGHT="68"></String>
          </TextLine>

          
          
          <TextLine ID="eSc_line_657342"
                    TAGREFS="LT3"
                    BASELINE="1015 1660 1463 1652" 
                    HPOS="1010"
                    VPOS="1599"
                    WIDTH="450"
                    HEIGHT="84">
            <Shape><Polygon POINTS="1014 1656 1185 1683 1204 1683 1242 1683 1281 1683 1319 1683 1357 1683 1395 1683 1433 1683 1456 1683 1460 1649 1456 1618 1399 1599 1395 1599 1391 1599 1281 1618 1227 1626 1193 1615 1155 1603 1151 1603 1147 1603 1010 1611 1014 1656"/></Shape>
	    <String CONTENT="בצרור החיים"
                    HPOS="1010"
                    VPOS="1599"
                    WIDTH="450"
                    HEIGHT="84"></String>
          </TextLine>

          
          
          <TextLine ID="eSc_line_654893"
                    
                    BASELINE="503 1810 744 1815 775 1810 1196 1810 1529 1803 1613 1805 1847 1797 1994 1800 2210 1792 2345 1795 2728 1787" 
                    HPOS="495"
                    VPOS="1740"
                    WIDTH="2231"
                    HEIGHT="137">
            <Shape><Polygon POINTS="499 1809 499 1877 1864 1877 1872 1870 1910 1870 1948 1870 1986 1870 2024 1870 2062 1870 2100 1870 2104 1877 2238 1877 2238 1874 2241 1874 2245 1874 2245 1870 2264 1855 2280 1855 2566 1870 2569 1870 2722 1847 2726 1786 2722 1763 2314 1740 2310 1740 2306 1740 2238 1767 2234 1771 2097 1771 2097 1767 2047 1744 2043 1744 2039 1744 1849 1771 1833 1771 1822 1771 1639 1748 1635 1748 1479 1775 1467 1775 1460 1775 1361 1759 1357 1759 846 1782 774 1782 758 1782 613 1759 610 1759 495 1782 499 1809"/></Shape>
	    <String CONTENT="הרשעים ת&#39;ל&#39; ואת נפש אויביך יקלענה ˙ ד&#39;א&#39; וישמרך ˙ ישמור רגלך"
                    HPOS="495"
                    VPOS="1740"
                    WIDTH="2231"
                    HEIGHT="137"></String>
          </TextLine>

          
          
          <TextLine ID="eSc_line_654882"
                    
                    BASELINE="495 1924 1140 1924 1224 1919 1486 1922 1651 1917 1771 1919 1994 1914 2030 1922 2081 1922 2614 1907 2738 1909" 
                    HPOS="488"
                    VPOS="1866"
                    WIDTH="2249"
                    HEIGHT="141">
            <Shape><Polygon POINTS="2089 1877 2051 1877 2013 1877 1975 1877 1936 1877 1898 1877 1860 1877 1853 1866 1609 1866 1605 1866 1330 1885 1254 1889 1185 1885 926 1874 922 1874 918 1874 884 1889 876 1893 831 1893 552 1874 549 1874 545 1874 488 1889 491 1923 491 1984 640 2007 644 2007 648 2007 693 1984 697 1984 743 1984 1151 2003 1155 2003 1254 1980 1284 1976 1864 1976 1902 1976 1940 1976 1978 1976 2013 1976 2051 1976 2089 1976 2127 1976 2729 1976 2737 1908 2733 1870 2093 1866 2089 1877"/></Shape>
	    <String CONTENT="מגיהנם וכן הוא אומ&#39; ↑ רגלי חסידיו ישמור ˙ ד&#39;א&#39; וישמרך ישמרך לעולם"
                    HPOS="488"
                    VPOS="1866"
                    WIDTH="2249"
                    HEIGHT="141"></String>
          </TextLine>

          
          
          <TextLine ID="eSc_line_654881"
                    TAGREFS="LT336"
                    BASELINE="1842 1880 2112 1875" 
                    HPOS="1837"
                    VPOS="1824"
                    WIDTH="271"
                    HEIGHT="88">
            <Shape><Polygon POINTS="1841 1877 1841 1908 1879 1908 1917 1908 1955 1908 1994 1908 2016 1912 2104 1912 2108 1874 2104 1836 1837 1824 1841 1877"/></Shape>
	    <String CONTENT="בשמוﭏ"
                    HPOS="1837"
                    VPOS="1824"
                    WIDTH="271"
                    HEIGHT="88"></String>
          </TextLine>

          
          
          <TextLine ID="eSc_line_654883"
                    
                    BASELINE="470 2029 904 2034 1112 2029 1448 2031 1735 2026 1867 2026 1920 2031 2233 2029 2474 2018 2738 2013" 
                    HPOS="465"
                    VPOS="1965"
                    WIDTH="2272"
                    HEIGHT="149">
            <Shape><Polygon POINTS="2142 1980 2112 1980 2104 1992 2100 1992 2062 1992 1933 1984 1914 1984 1875 1984 1872 1980 1677 1969 1673 1969 1536 1996 1521 1999 1418 1999 1414 1996 1387 1973 1384 1973 1380 1973 1376 1973 1082 1992 1021 1973 1018 1973 1014 1973 884 1996 884 2003 846 1999 842 1999 808 1999 770 1996 762 1988 686 1976 682 1976 678 1976 629 1999 629 2003 465 2003 468 2026 468 2083 556 2110 560 2110 564 2110 568 2110 613 2087 632 2106 632 2110 636 2110 640 2110 644 2114 827 2114 827 2110 979 2106 983 2106 1033 2083 1044 2079 1059 2083 1132 2102 1136 2102 1140 2102 1143 2102 1193 2083 1204 2079 1220 2083 1296 2098 1300 2098 1334 2095 1345 2083 1384 2083 1422 2083 1460 2083 1498 2079 1536 2079 1574 2079 1612 2079 1612 2083 1616 2083 1666 2102 1670 2102 1673 2102 1677 2102 1681 2102 1704 2079 1708 2079 1734 2079 1975 2102 1978 2102 2737 2075 2737 2011 2733 1988 2653 1969 2649 1969 2375 1988 2363 1988 2360 1988 2295 1969 2291 1969 2287 1969 2283 1969 2215 1988 2150 1965 2142 1980"/></Shape>
	    <String CONTENT="הבא ˙ וכן הוא אומ&#39; ↑ וקויי ייי יחליפו כח ˙ ס&#39;פ&#39; ˙ יאר ייי פניו ↑ יתן לך מאור"
                    HPOS="465"
                    VPOS="1965"
                    WIDTH="2272"
                    HEIGHT="149"></String>
          </TextLine>

          
          
          <TextLine ID="eSc_line_657379"
                    TAGREFS="LT336"
                    BASELINE="1868 1983 2144 1983" 
                    HPOS="1864"
                    VPOS="1950"
                    WIDTH="278"
                    HEIGHT="72">
            <Shape><Polygon POINTS="1864 1980 1864 2018 1902 2022 1940 2022 1978 2022 2016 2022 2055 2022 2093 2022 2131 2022 2142 2022 2142 1980 2138 1950 1864 1950 1864 1980"/></Shape>
	    <String CONTENT="בישעיה"
                    HPOS="1864"
                    VPOS="1950"
                    WIDTH="278"
                    HEIGHT="72"></String>
          </TextLine>

          
          
          <TextLine ID="eSc_line_657378"
                    TAGREFS="LT3"
                    BASELINE="765 1993 898 2004" 
                    HPOS="762"
                    VPOS="1965"
                    WIDTH="134"
                    HEIGHT="57">
            <Shape><Polygon POINTS="762 1992 789 2022 796 2022 835 2022 873 2022 892 2022 896 2003 896 1984 762 1965 762 1992"/></Shape>
	    <String CONTENT="ﭏיך"
                    HPOS="762"
                    VPOS="1965"
                    WIDTH="134"
                    HEIGHT="57"></String>
          </TextLine>

          
          
          <TextLine ID="eSc_line_654884"
                    
                    BASELINE="500 2135 1026 2133 1237 2138 1478 2133 1550 2135 1717 2128 2177 2130 2203 2125 2497 2128 2749 2120" 
                    HPOS="495"
                    VPOS="2095"
                    WIDTH="2250"
                    HEIGHT="95">
            <Shape><Polygon POINTS="499 2133 499 2186 1978 2186 1982 2186 2020 2186 2058 2186 2097 2186 2135 2186 2173 2186 2211 2186 2249 2186 2287 2186 2325 2186 2363 2186 2402 2186 2440 2186 2440 2186 2737 2190 2745 2117 2737 2095 495 2098 499 2133"/></Shape>
	    <String CONTENT="פנים ˙ ר&#39; נתן אומ&#39; זה מאור שכינה שנא&#39; ↑ קומי כי בא אורך וכתי&#39; כי הנה"
                    HPOS="495"
                    VPOS="2095"
                    WIDTH="2250"
                    HEIGHT="95"></String>
          </TextLine>

          
          
          <TextLine ID="eSc_line_657380"
                    TAGREFS="LT336"
                    BASELINE="1316 2093 1613 2087" 
                    HPOS="1311"
                    VPOS="2056"
                    WIDTH="301"
                    HEIGHT="73">
            <Shape><Polygon POINTS="1315 2091 1315 2129 1353 2129 1391 2125 1429 2125 1467 2125 1506 2125 1544 2125 1582 2125 1609 2125 1612 2083 1605 2056 1311 2060 1315 2091"/></Shape>
	    <String CONTENT="בישעיה"
                    HPOS="1311"
                    VPOS="2056"
                    WIDTH="301"
                    HEIGHT="73"></String>
          </TextLine>

          
          
          <TextLine ID="eSc_line_654885"
                    
                    BASELINE="506 2252 678 2252 818 2244 1786 2244 1865 2239 2022 2242 2304 2237 2487 2239 2754 2232" 
                    HPOS="499"
                    VPOS="2197"
                    WIDTH="2253"
                    HEIGHT="118">
            <Shape><Polygon POINTS="503 2251 503 2304 762 2308 770 2308 808 2308 846 2308 846 2308 1181 2315 1185 2315 1189 2315 1193 2315 1212 2300 1216 2296 1242 2300 1319 2315 1323 2315 1326 2312 1338 2300 1376 2300 1414 2300 1452 2300 1490 2300 1528 2300 1567 2300 1570 2300 1635 2296 1753 2293 1776 2296 1788 2300 1795 2300 1833 2300 1856 2300 1864 2296 1875 2293 1917 2296 1955 2300 1986 2300 1986 2300 2077 2312 2081 2312 2085 2312 2089 2312 2108 2296 2116 2293 2188 2293 2607 2312 2611 2312 2749 2289 2752 2228 2745 2197 499 2209 503 2251"/></Shape>
	    <String CONTENT="החשך וגומ&#39; ↑ ˙ ﭏהים יחננו ויברכנו ↑ ˙ ↓ ﭏ ייי ויאר לנו ˙ ד&#39;א&#39; ↑ זה מאור תורה שנא&#39; ←"
                    HPOS="499"
                    VPOS="2197"
                    WIDTH="2253"
                    HEIGHT="118"></String>
          </TextLine>

          
          
          <TextLine ID="eSc_line_654900"
                    TAGREFS="LT3"
                    BASELINE="1971 2196 2468 2191" 
                    HPOS="1963"
                    VPOS="2152"
                    WIDTH="503"
                    HEIGHT="80">
            <Shape><Polygon POINTS="1967 2194 1967 2232 2005 2232 2043 2232 2081 2232 2119 2232 2158 2232 2196 2232 2234 2232 2272 2232 2295 2232 2463 2228 2466 2190 2463 2163 1963 2152 1967 2194"/></Shape>
	    <String CONTENT="וכו&#39; במזמור ס&#39;ז&#39;"
                    HPOS="1963"
                    VPOS="2152"
                    WIDTH="503"
                    HEIGHT="80"></String>
          </TextLine>

          
          
          <TextLine ID="eSc_line_657381"
                    TAGREFS="LT3"
                    BASELINE="1322 2198 1807 2200" 
                    HPOS="1319"
                    VPOS="2171"
                    WIDTH="484"
                    HEIGHT="68">
            <Shape><Polygon POINTS="1319 2197 1319 2239 1357 2239 1395 2239 1433 2239 1471 2239 1509 2239 1548 2239 1586 2239 1624 2239 1662 2239 1700 2239 1738 2239 1776 2239 1803 2235 1803 2197 1803 2171 1319 2171 1319 2197"/></Shape>
	    <String CONTENT="יאר פניו אתנו"
                    HPOS="1319"
                    VPOS="2171"
                    WIDTH="484"
                    HEIGHT="68"></String>
          </TextLine>

          
          
          <TextLine ID="eSc_line_657382"
                    TAGREFS="LT3"
                    BASELINE="633 2198 1161 2200" 
                    HPOS="632"
                    VPOS="2175"
                    WIDTH="527"
                    HEIGHT="68">
            <Shape><Polygon POINTS="632 2197 632 2243 712 2239 747 2239 785 2239 823 2239 861 2239 899 2239 937 2239 976 2239 1014 2239 1052 2239 1090 2239 1128 2239 1159 2239 1159 2197 1159 2178 632 2175 632 2197"/></Shape>
	    <String CONTENT="יאר ה&#39; פניו אליך"
                    HPOS="632"
                    VPOS="2175"
                    WIDTH="527"
                    HEIGHT="68"></String>
          </TextLine>

          
          
          <TextLine ID="eSc_line_654886"
                    
                    BASELINE="467 2361 564 2371 724 2366 749 2369 889 2361 919 2364 1029 2356 1092 2359 1247 2351 1644 2354 1936 2346 2248 2348 2462 2343 2599 2346 2749 2338" 
                    HPOS="461"
                    VPOS="2293"
                    WIDTH="2284"
                    HEIGHT="144">
            <Shape><Polygon POINTS="1986 2308 1948 2308 1910 2308 1887 2308 1719 2319 1650 2308 1643 2308 1605 2308 1570 2308 1532 2319 1410 2308 1376 2308 1353 2308 1334 2323 1223 2304 1220 2304 1082 2327 1079 2327 1071 2327 976 2308 972 2308 968 2308 964 2308 964 2312 945 2327 892 2312 888 2312 884 2312 880 2312 838 2331 835 2335 461 2335 465 2357 465 2437 537 2434 541 2430 575 2430 613 2430 651 2430 655 2430 854 2418 930 2430 957 2430 995 2430 1002 2434 1136 2430 1433 2415 1513 2422 1601 2434 1605 2434 1609 2434 1650 2422 1685 2411 1750 2418 1830 2430 1833 2430 1925 2415 1990 2407 2104 2411 2341 2426 2344 2426 2543 2403 2566 2403 2577 2403 2661 2422 2665 2422 2668 2422 2745 2399 2745 2335 2741 2315 2371 2293 2367 2293 2363 2293 2360 2293 2333 2312 2062 2296 2058 2296 1986 2300 1986 2308"/></Shape>
	    <String CONTENT="כי נר מצוה ותורה אור ˙ ויחנך ˙ יחנך במשאלותיך ˙ וכן הוא ↑ וחנותי את"
                    HPOS="461"
                    VPOS="2293"
                    WIDTH="2284"
                    HEIGHT="144"></String>
          </TextLine>

          
          
          <TextLine ID="eSc_line_657414"
                    TAGREFS="LT336"
                    BASELINE="1324 2311 2020 2305" 
                    HPOS="1319"
                    VPOS="2258"
                    WIDTH="697"
                    HEIGHT="88">
            <Shape><Polygon POINTS="1323 2308 1323 2346 1361 2346 1399 2346 1437 2346 1475 2346 1513 2346 1551 2346 1589 2346 1628 2346 1666 2342 1704 2342 1742 2342 1780 2342 1818 2338 1856 2338 1894 2338 1933 2338 1971 2338 2009 2338 2013 2338 2016 2304 2013 2281 1521 2258 1517 2258 1319 2281 1323 2308"/></Shape>
	    <String CONTENT="וכתי&#39; במזמור קיח"
                    HPOS="1319"
                    VPOS="2258"
                    WIDTH="697"
                    HEIGHT="88"></String>
          </TextLine>

          
          
          <TextLine ID="eSc_line_654898"
                    TAGREFS="LT336"
                    BASELINE="405 2334 855 2313" 
                    HPOS="400"
                    VPOS="2277"
                    WIDTH="454"
                    HEIGHT="84">
            <Shape><Polygon POINTS="476 2296 438 2300 400 2304 404 2331 404 2361 476 2361 480 2354 518 2357 556 2361 594 2361 625 2361 724 2357 747 2357 785 2357 823 2354 850 2354 854 2312 846 2277 480 2289 476 2296"/></Shape>
	    <String CONTENT="בפרש&#39; כי תשא"
                    HPOS="400"
                    VPOS="2277"
                    WIDTH="454"
                    HEIGHT="84"></String>
          </TextLine>

          
          
          <TextLine ID="eSc_line_654887"
                    
                    BASELINE="516 2486 1046 2468 1072 2470 1133 2463 1308 2465 1458 2458 1608 2458 1664 2463 1717 2458 1974 2460 2142 2455 2482 2455 2751 2445" 
                    HPOS="510"
                    VPOS="2395"
                    WIDTH="2239"
                    HEIGHT="160">
            <Shape><Polygon POINTS="1006 2437 968 2437 930 2437 892 2437 854 2437 815 2437 777 2437 739 2437 701 2437 663 2437 625 2437 587 2437 549 2437 545 2434 510 2434 514 2483 514 2536 651 2555 655 2555 659 2555 663 2555 693 2536 701 2529 735 2529 743 2521 781 2521 819 2525 857 2525 896 2529 960 2529 979 2533 983 2533 1010 2536 1010 2536 1090 2555 1094 2555 1098 2555 1193 2533 1262 2552 1265 2552 1269 2552 1273 2552 1277 2552 1277 2548 1300 2525 1303 2525 1307 2525 1361 2540 1364 2540 1368 2540 1372 2540 1376 2540 1399 2525 1414 2517 1483 2525 1689 2544 1692 2544 1898 2536 1902 2536 1906 2536 1910 2529 1921 2521 1925 2521 1933 2517 1940 2510 1959 2517 1971 2521 1997 2521 2036 2521 2039 2521 2070 2514 2108 2506 2203 2514 2375 2525 2379 2525 2749 2502 2749 2441 2741 2395 2192 2418 2081 2403 2028 2399 2024 2399 1925 2407 1681 2430 1483 2415 1456 2415 1452 2415 1437 2415 1319 2437 1006 2434 1006 2437"/></Shape>
	    <String CONTENT="אשר אחון ˙ ר&#39; אחא אומ&#39; יתן חנך בעיני בריותיו וכן הוא אומ&#39; ↑ ויהי ייי את"
                    HPOS="510"
                    VPOS="2395"
                    WIDTH="2239"
                    HEIGHT="160"></String>
          </TextLine>

          
          
          <TextLine ID="eSc_line_657443"
                    TAGREFS="LT336"
                    BASELINE="549 2435 1024 2435" 
                    HPOS="545"
                    VPOS="2399"
                    WIDTH="476"
                    HEIGHT="76">
            <Shape><Polygon POINTS="545 2434 545 2475 583 2472 621 2472 659 2472 697 2472 735 2468 774 2468 812 2468 850 2464 888 2464 926 2464 964 2460 1002 2460 1021 2460 1021 2434 1021 2403 545 2399 545 2434"/></Shape>
	    <String CONTENT="בפרש&#39; וישב"
                    HPOS="545"
                    VPOS="2399"
                    WIDTH="476"
                    HEIGHT="76"></String>
          </TextLine>

          
          
          <TextLine ID="eSc_line_654888"
                    
                    BASELINE="477 2585 541 2582 589 2587 747 2587 772 2582 1085 2582 1204 2574 1321 2577 1468 2569 2426 2572 2464 2567 2619 2567 2675 2562 2759 2564" 
                    HPOS="472"
                    VPOS="2521"
                    WIDTH="2284"
                    HEIGHT="133">
            <Shape><Polygon POINTS="2417 2533 2379 2533 2341 2533 2302 2533 2264 2533 2226 2533 2188 2533 2177 2529 1479 2540 1471 2536 1456 2521 1452 2521 1448 2521 1277 2521 1273 2521 1185 2540 1155 2544 1124 2540 1037 2525 1033 2525 1029 2525 1025 2525 1010 2540 1006 2544 1002 2548 819 2548 815 2544 800 2529 777 2529 766 2529 751 2544 747 2548 476 2548 476 2582 472 2628 522 2651 526 2651 529 2654 1254 2654 1254 2651 1330 2635 1364 2628 1399 2635 1464 2651 1467 2651 1471 2651 1551 2635 1605 2628 2539 2628 2592 2647 2600 2651 2604 2651 2607 2651 2623 2651 2707 2632 2737 2651 2756 2563 2749 2525 2417 2529 2417 2533"/></Shape>
	    <String CONTENT="יוסף ˙ ואומ&#39; ↑ ותהי אסתר נשאת חן בעיני כל רואיה ˙ ואומ&#39; ↑ ויתן ﭏהים את"
                    HPOS="472"
                    VPOS="2521"
                    WIDTH="2284"
                    HEIGHT="133"></String>
          </TextLine>

          
          
          <TextLine ID="eSc_line_654895"
                    TAGREFS="LT336"
                    BASELINE="1920 2526 2425 2534" 
                    HPOS="1914"
                    VPOS="2495"
                    WIDTH="510"
                    HEIGHT="68">
            <Shape><Polygon POINTS="1917 2525 1914 2563 1952 2563 1990 2563 2028 2563 2066 2563 2104 2563 2142 2563 2180 2563 2219 2563 2257 2563 2295 2563 2333 2563 2371 2563 2409 2563 2413 2563 2424 2533 2421 2502 1917 2495 1917 2525"/></Shape>
	    <String CONTENT="במגלת אסתר"
                    HPOS="1914"
                    VPOS="2495"
                    WIDTH="510"
                    HEIGHT="68"></String>
          </TextLine>

          
          
          <TextLine ID="eSc_line_657444"
                    TAGREFS="LT336"
                    BASELINE="743 2526 1043 2545" 
                    HPOS="735"
                    VPOS="2495"
                    WIDTH="305"
                    HEIGHT="79">
            <Shape><Polygon POINTS="739 2525 735 2571 831 2574 850 2574 888 2574 926 2574 964 2574 1002 2574 1029 2574 1040 2544 1040 2506 739 2495 739 2525"/></Shape>
	    <String CONTENT="בדניﭏ"
                    HPOS="735"
                    VPOS="2495"
                    WIDTH="305"
                    HEIGHT="79"></String>
          </TextLine>

          
          
          <TextLine ID="eSc_line_654889"
                    
                    BASELINE="564 2689 828 2689 1041 2681 1168 2681 1219 2676 1308 2679 1422 2674 2683 2674 2764 2663" 
                    HPOS="556"
                    VPOS="2620"
                    WIDTH="2204"
                    HEIGHT="126">
            <Shape><Polygon POINTS="1853 2639 1833 2639 1826 2647 1418 2647 1406 2639 1376 2620 1372 2620 1368 2620 1029 2620 1025 2620 1021 2620 1018 2620 995 2639 968 2620 964 2620 960 2620 957 2620 953 2620 949 2620 949 2624 930 2643 926 2647 556 2647 560 2685 560 2742 2752 2746 2760 2662 2756 2632 2222 2620 2219 2620 2215 2620 2211 2620 2211 2624 2200 2635 2188 2647 1986 2647 1940 2635 1864 2620 1860 2620 1853 2639"/></Shape>
	    <String CONTENT="דניאל לחסד ולרחמים ˙ ואומ&#39; ↑ ומצא חן ושכל טוב ˙ ד&#39;א&#39; ויחנך ˙ בדיעה"
                    HPOS="556"
                    VPOS="2620"
                    WIDTH="2204"
                    HEIGHT="126"></String>
          </TextLine>

          
          
          <TextLine ID="eSc_line_657445"
                    TAGREFS="LT336"
                    BASELINE="1593 2639 1866 2639" 
                    HPOS="1589.0"
                    VPOS="2613.0"
                    WIDTH="275.0"
                    HEIGHT="49.0">
            <Shape><Polygon POINTS="1589 2635 1692 2613 1711 2632 1738 2616 1822 2616 1864 2635 1757 2635 1731 2662 1647 2662 1631 2647 1597 2662"/></Shape>
	    <String CONTENT="במשלי"
                    HPOS="1589.0"
                    VPOS="2613.0"
                    WIDTH="275.0"
                    HEIGHT="49.0"></String>
          </TextLine>

          
          
          <TextLine ID="eSc_line_654867"
                    
                    BASELINE="539 2802 843 2806 869 2801 970 2798 1112 2801 1514 2788 1542 2790 1768 2788 1819 2783 2081 2783 2116 2778 2276 2780 2304 2775 2761 2775" 
                    HPOS="533"
                    VPOS="2727"
                    WIDTH="2227"
                    HEIGHT="145">
            <Shape><Polygon POINTS="537 2799 537 2872 1010 2872 1014 2872 1018 2872 1018 2868 1021 2868 1037 2853 1269 2864 1403 2868 1406 2868 1410 2868 1429 2860 1452 2849 1525 2856 1605 2868 1609 2868 1677 2856 1734 2845 1822 2853 1955 2864 1959 2864 1963 2864 1967 2864 1986 2849 1997 2845 2043 2849 2192 2860 2196 2860 2665 2837 2668 2837 2707 2856 2710 2856 2714 2856 2718 2856 2760 2834 2760 2773 2756 2750 2588 2727 2585 2727 2398 2750 2371 2750 2356 2750 2280 2731 2276 2731 2081 2750 2009 2754 1948 2750 1830 2734 1826 2734 1425 2750 930 2765 533 2750 537 2799"/></Shape>
	    <String CONTENT="בחכמה בהשכל במוסר ובינה ˙ ד&#39;א&#39; ויחנך בתלמוד תורה ˙ וכן הוא אומר ←"
                    HPOS="533"
                    VPOS="2727"
                    WIDTH="2227"
                    HEIGHT="145"></String>
          </TextLine>

          
          
          <TextLine ID="eSc_line_654868"
                    
                    BASELINE="518 2915 749 2915 935 2910 973 2912 1013 2907 1041 2910 1138 2905 1219 2907 1326 2900 1428 2900 1489 2894 1702 2897 1743 2889 2253 2892 2429 2887 2756 2887" 
                    HPOS="510"
                    VPOS="2837"
                    WIDTH="2242"
                    HEIGHT="153">
            <Shape><Polygon POINTS="514 2914 514 2990 941 2967 998 2982 1018 2986 1021 2986 1025 2986 1029 2986 1052 2982 1155 2952 1185 2978 1193 2982 1193 2986 1197 2986 1201 2986 1204 2986 1429 2978 1433 2978 1452 2971 1506 2952 1536 2967 1540 2967 1578 2967 1597 2986 1620 2967 1650 2948 1845 2948 2043 2948 2062 2959 2112 2982 2116 2982 2119 2982 2123 2982 2188 2959 2226 2982 2230 2982 2234 2982 2238 2982 2241 2982 2291 2955 2310 2948 2367 2948 2375 2952 2402 2978 2402 2982 2405 2982 2409 2982 2413 2982 2417 2982 2421 2982 2459 2952 2512 2971 2516 2971 2520 2971 2524 2971 2573 2952 2623 2982 2627 2982 2630 2982 2634 2982 2638 2982 2752 2944 2752 2883 2749 2868 2585 2837 2581 2837 1971 2860 1826 2837 1822 2837 1818 2837 1776 2856 1696 2841 1692 2841 1689 2841 1685 2841 1685 2845 1658 2868 1647 2868 1334 2841 1330 2841 1326 2841 1323 2841 1292 2868 1239 2841 1235 2841 1231 2841 1227 2841 1120 2868 1117 2868 1113 2868 937 2845 934 2845 930 2845 926 2845 892 2868 892 2872 510 2872 514 2914"/></Shape>
	    <String CONTENT="תתן לראשך לוויית חן ˙ ואומ&#39; כי לויית חן הם לראשך ˙ ד&#39;א&#39; ויחנך ˙ יחנך"
                    HPOS="510"
                    VPOS="2837"
                    WIDTH="2242"
                    HEIGHT="153"></String>
          </TextLine>

          
          
          <TextLine ID="eSc_line_654869"
                    
                    BASELINE="492 3019 927 3024 1013 3016 1255 3019 1445 3011 1565 3014 1839 3001 2060 3004 2195 2996 2457 2999 2754 2991" 
                    HPOS="488"
                    VPOS="2952"
                    WIDTH="2264"
                    HEIGHT="141">
            <Shape><Polygon POINTS="1784 2971 1746 2971 1723 2971 1719 2974 1715 2974 1681 2974 1593 2967 1593 2974 1555 2974 1517 2974 1479 2971 1471 2959 1418 2959 1414 2959 1262 2978 1242 2978 1216 2959 1212 2959 1208 2959 1025 2959 1021 2959 1018 2959 1014 2959 979 2978 976 2982 930 2982 693 2963 690 2963 686 2963 682 2963 682 2967 663 2982 663 2986 488 2986 491 3016 491 3073 876 3093 880 3093 884 3093 964 3073 979 3070 983 3073 1002 3089 1006 3089 1010 3089 1014 3089 1098 3073 1117 3070 1143 3073 1273 3089 1277 3089 1372 3070 1387 3070 1406 3070 1532 3085 1536 3085 1772 3070 1833 3066 1853 3070 1929 3085 1933 3085 1936 3085 1975 3070 1990 3062 2081 3066 2287 3081 2291 3081 2749 3062 2752 2990 2749 2967 2085 2952 2081 2952 1982 2971 1978 2971 1967 2971 1818 2959 1784 2971"/></Shape>
	    <String CONTENT="במתנת חנם וכן הוא אומ&#39; ↑ הנה כעבדים ↑ ואומ&#39; חננו ייי חננו ˙ ואומ&#39; ייי חננו"
                    HPOS="488"
                    VPOS="2952"
                    WIDTH="2264"
                    HEIGHT="141"></String>
          </TextLine>

          
          
          <TextLine ID="eSc_line_657447"
                    TAGREFS="LT336"
                    BASELINE="1653 2970 1815 2970 1826 2961 2019 2958" 
                    HPOS="1647"
                    VPOS="2929"
                    WIDTH="369"
                    HEIGHT="72">
            <Shape><Polygon POINTS="1650 2967 1650 3001 1689 3001 1727 2997 1765 2997 1803 2994 1837 2994 1875 2994 1914 2994 1952 2994 1990 2994 2013 2994 2016 2955 2009 2929 1647 2929 1650 2967"/></Shape>
	    <String CONTENT="במזמור ק&#39;כ&#39;ג&#39;"
                    HPOS="1647"
                    VPOS="2929"
                    WIDTH="369"
                    HEIGHT="72"></String>
          </TextLine>

          
          
          <TextLine ID="eSc_line_657448"
                    TAGREFS="LT3"
                    BASELINE="1486 2973 1603 2973" 
                    HPOS="1483"
                    VPOS="2936"
                    WIDTH="118"
                    HEIGHT="69">
            <Shape><Polygon POINTS="1483 2971 1483 3005 1521 3005 1559 3005 1597 3005 1601 3005 1601 2971 1601 2948 1483 2936 1483 2971"/></Shape>
	    <String CONTENT="וגו&#39;"
                    HPOS="1483"
                    VPOS="2936"
                    WIDTH="118"
                    HEIGHT="69"></String>
          </TextLine>

          
          
          <TextLine ID="eSc_line_654870"
                    
                    BASELINE="547 3133 574 3136 769 3131 823 3133 919 3128 1059 3131 1717 3113 1837 3115 2380 3105 2776 3105" 
                    HPOS="541"
                    VPOS="3043"
                    WIDTH="2234"
                    HEIGHT="171">
            <Shape><Polygon POINTS="545 3131 545 3214 770 3188 827 3211 831 3211 835 3211 838 3211 1002 3184 1037 3207 1040 3207 1044 3207 1048 3211 1239 3211 1239 3207 1281 3199 1345 3188 1406 3195 1456 3203 1460 3203 1464 3203 1467 3203 1479 3195 1506 3176 1620 3192 1696 3199 1700 3199 1704 3199 1750 3188 1807 3173 1853 3184 1894 3195 1898 3195 1902 3195 1906 3195 1944 3180 1978 3169 2066 3176 2127 3184 2131 3184 2394 3169 2550 3161 2566 3165 2630 3184 2634 3184 2638 3184 2771 3157 2775 3104 2771 3062 2688 3043 2684 3043 2680 3043 2676 3043 2672 3043 2672 3047 2649 3066 2615 3066 2211 3051 2207 3051 2119 3070 2100 3073 2058 3073 1879 3058 1875 3058 1872 3058 1868 3058 1868 3062 1853 3073 1849 3077 1803 3073 1666 3062 1662 3062 1555 3077 1490 3089 541 3089 545 3131"/></Shape>
	    <String CONTENT="לך קוינו ˙˙ ס&#39;פ&#39; ˙ ישא ייי פניו אליך בשעה שאתה עומד ומתפלל שנא&#39; ←"
                    HPOS="541"
                    VPOS="3043"
                    WIDTH="2234"
                    HEIGHT="171"></String>
          </TextLine>

          
          
          <TextLine ID="eSc_line_654866"
                    
                    BASELINE="472 3242 670 3242 1085 3230 1267 3232 1712 3214 1826 3217 2058 3209 2635 3212 2779 3204" 
                    HPOS="465"
                    VPOS="3153"
                    WIDTH="2310"
                    HEIGHT="160">
            <Shape><Polygon POINTS="503 3195 499 3195 465 3203 468 3241 468 3313 926 3313 930 3313 945 3306 972 3294 1197 3302 1380 3306 1384 3306 1387 3306 1425 3294 1460 3287 1509 3294 1582 3302 1586 3302 1589 3302 1593 3302 1609 3291 1624 3283 1780 3287 2074 3294 2077 3294 2081 3294 2085 3294 2085 3291 2089 3291 2097 3279 2100 3275 2138 3279 2302 3291 2306 3291 2310 3291 2314 3291 2337 3272 2341 3272 2379 3272 2680 3283 2684 3283 2775 3260 2775 3203 2771 3169 2306 3153 2302 3153 2299 3153 2249 3176 2245 3180 1986 3180 1982 3180 1940 3161 1936 3161 1933 3161 1677 3184 1673 3184 1635 3165 1631 3165 1628 3165 1624 3165 1620 3165 1586 3188 1582 3188 1563 3188 1387 3169 1384 3169 1380 3169 1338 3192 1334 3192 1319 3192 1155 3173 1151 3173 1147 3173 1079 3195 1075 3195 1048 3195 732 3180 728 3180 724 3180 720 3180 690 3203 686 3203 671 3203 549 3184 545 3184 541 3184 503 3192 503 3195"/></Shape>
	    <String CONTENT="ויאמר אליו הנה נשאתי פניך ˙ הרי דברים ק&#39;ו&#39; אם ללוט נשאתי פנים מפני"
                    HPOS="465"
                    VPOS="3153"
                    WIDTH="2310"
                    HEIGHT="160"></String>
          </TextLine>

          
          
          <TextLine ID="eSc_line_654872"
                    
                    BASELINE="482 3344 993 3349 1082 3344 1405 3339 1483 3331 1537 3334 1941 3319 2467 3311 2782 3313" 
                    HPOS="480"
                    VPOS="3264"
                    WIDTH="2299"
                    HEIGHT="168">
            <Shape><Polygon POINTS="480 3340 480 3401 674 3432 678 3432 682 3432 747 3409 842 3432 846 3432 850 3432 854 3432 934 3409 1288 3428 1292 3428 1296 3428 1300 3428 1326 3405 1349 3424 1353 3424 1357 3424 1361 3424 1456 3405 1467 3405 1475 3405 1570 3424 1574 3424 1689 3405 1776 3393 2009 3393 2043 3409 2077 3420 2081 3420 2085 3420 2089 3420 2093 3420 2108 3409 2127 3397 2215 3409 2295 3416 2299 3416 2302 3416 2325 3409 2379 3386 2714 3386 2771 3409 2779 3310 2775 3283 2127 3264 2123 3264 1894 3294 1872 3298 1685 3298 1616 3298 1593 3275 1589 3275 1586 3275 1582 3275 1433 3298 1334 3272 1330 3272 1326 3272 1323 3272 1319 3272 1277 3302 1273 3306 1143 3306 1029 3306 957 3275 953 3275 949 3275 945 3275 869 3306 831 3283 827 3283 823 3283 819 3283 815 3283 812 3283 774 3310 617 3310 549 3279 545 3279 541 3279 537 3279 491 3302 480 3340"/></Shape>
	    <String CONTENT="אברהם אוהבי לך לא אשא פנים מפניך ומפני אבותיך זהו שנא&#39; ישא ייי"
                    HPOS="480"
                    VPOS="3264"
                    WIDTH="2299"
                    HEIGHT="168"></String>
          </TextLine>

          
        </TextBlock>
        
        <TextBlock HPOS="1672.0"
                   VPOS="287.0"
                   WIDTH="220.0"
                   HEIGHT="91.0"
                   ID="eSc_textblock_5410"
                   TAGREFS="BT852">
          <Shape><Polygon POINTS="1682 378 1892 338 1890 287 1672 319"/></Shape>
          
          
          <TextLine ID="eSc_line_657003"
                    
                    BASELINE="1690 340 1922 313" 
                    HPOS="1685"
                    VPOS="281"
                    WIDTH="236"
                    HEIGHT="111">
            <Shape><Polygon POINTS="1872 289 1833 293 1799 300 1761 304 1723 312 1685 316 1689 339 1692 392 1921 361 1921 312 1917 281 1872 281 1872 289"/></Shape>
	    <String CONTENT="נשא"
                    HPOS="1685"
                    VPOS="281"
                    WIDTH="236"
                    HEIGHT="111"></String>
          </TextLine>

          
        </TextBlock>
        
        <TextBlock HPOS="278.0"
                   VPOS="1029.0"
                   WIDTH="249.0"
                   HEIGHT="81.0"
                   ID="eSc_textblock_5411"
                   TAGREFS="BT3">
          <Shape><Polygon POINTS="278 1110 527 1110 527 1029 278 1029"/></Shape>
          
          
          <TextLine ID="eSc_line_657064"
                    
                    BASELINE="310 1081 534 1060" 
                    HPOS="301"
                    VPOS="1013"
                    WIDTH="236"
                    HEIGHT="141">
            <Shape><Polygon POINTS="495 1032 457 1032 419 1032 381 1032 343 1032 301 1032 308 1077 312 1150 438 1154 442 1154 446 1154 537 1123 533 1058 526 1013 499 1013 495 1032"/></Shape>
	    <String CONTENT="במשלי"
                    HPOS="301"
                    VPOS="1013"
                    WIDTH="236"
                    HEIGHT="141"></String>
          </TextLine>

          
        </TextBlock>
        
        <TextBlock HPOS="297.0"
                   VPOS="1160.0"
                   WIDTH="241.0"
                   HEIGHT="131.0"
                   ID="eSc_textblock_5412"
                   TAGREFS="BT3">
          <Shape><Polygon POINTS="308 1291 538 1291 535 1160 297 1168"/></Shape>
          
          
          <TextLine ID="eSc_line_657065"
                    
                    BASELINE="321 1191 545 1167" 
                    HPOS="316"
                    VPOS="1119"
                    WIDTH="225"
                    HEIGHT="122">
            <Shape><Polygon POINTS="507 1161 468 1161 430 1161 392 1165 354 1165 316 1165 320 1188 324 1241 362 1237 362 1237 400 1234 430 1234 541 1222 541 1165 529 1119 514 1119 507 1161"/></Shape>
	    <String CONTENT="במזמור"
                    HPOS="316"
                    VPOS="1119"
                    WIDTH="225"
                    HEIGHT="122"></String>
          </TextLine>

          
          
          <TextLine ID="eSc_line_657066"
                    
                    BASELINE="348 1248 513 1237" 
                    HPOS="343"
                    VPOS="1199"
                    WIDTH="167"
                    HEIGHT="149">
            <Shape><Polygon POINTS="350 1348 510 1340 510 1257 510 1234 503 1199 343 1199 346 1245 350 1348"/></Shape>
	    <String CONTENT="ק&#39;כ&#39;א&#39;"
                    HPOS="343"
                    VPOS="1199"
                    WIDTH="167"
                    HEIGHT="149"></String>
          </TextLine>

          
        </TextBlock>
        
        <TextBlock HPOS="293.0"
                   VPOS="2198.0"
                   WIDTH="211.0"
                   HEIGHT="100.0"
                   ID="eSc_textblock_5413"
                   TAGREFS="BT3">
          <Shape><Polygon POINTS="297 2298 504 2290 504 2198 293 2198"/></Shape>
          
          
          <TextLine ID="eSc_line_657383"
                    
                    BASELINE="323 2268 508 2268" 
                    HPOS="320"
                    VPOS="2201"
                    WIDTH="187"
                    HEIGHT="122">
            <Shape><Polygon POINTS="358 2201 320 2201 320 2266 320 2323 507 2312 507 2266 480 2216 369 2201 358 2201"/></Shape>
	    <String CONTENT="במשלי"
                    HPOS="320"
                    VPOS="2201"
                    WIDTH="187"
                    HEIGHT="122"></String>
          </TextLine>

          
        </TextBlock>
        
        <TextBlock HPOS="321.0"
                   VPOS="2728.0"
                   WIDTH="212.0"
                   HEIGHT="124.0"
                   ID="eSc_textblock_5414"
                   TAGREFS="BT3">
          <Shape><Polygon POINTS="321 2852 533 2852 533 2728 321 2728"/></Shape>
          
          
          <TextLine ID="eSc_line_657446"
                    
                    BASELINE="334 2809 537 2817" 
                    HPOS="327"
                    VPOS="2731"
                    WIDTH="206"
                    HEIGHT="125">
            <Shape><Polygon POINTS="331 2731 331 2807 327 2856 526 2856 533 2814 526 2769 346 2731 331 2731"/></Shape>
	    <String CONTENT="במשלי"
                    HPOS="327"
                    VPOS="2731"
                    WIDTH="206"
                    HEIGHT="125"></String>
          </TextLine>

          
        </TextBlock>
        
        <TextBlock HPOS="288.0"
                   VPOS="3088.0"
                   WIDTH="243.0"
                   HEIGHT="151.0"
                   ID="eSc_textblock_5415"
                   TAGREFS="BT3">
          <Shape><Polygon POINTS="288 3239 531 3239 531 3088 288 3088"/></Shape>
          
          
          <TextLine ID="eSc_line_657450"
                    
                    BASELINE="305 3142 548 3153" 
                    HPOS="297"
                    VPOS="3066"
                    WIDTH="248"
                    HEIGHT="137">
            <Shape><Polygon POINTS="529 3081 507 3085 503 3089 499 3085 491 3089 453 3089 415 3089 377 3089 339 3089 301 3089 301 3138 297 3180 369 3188 373 3184 411 3184 449 3188 488 3188 495 3199 533 3203 545 3150 537 3066 533 3066 529 3081"/></Shape>
	    <String CONTENT="בפרש&#39;"
                    HPOS="297"
                    VPOS="3066"
                    WIDTH="248"
                    HEIGHT="137"></String>
          </TextLine>

          
          
          <TextLine ID="eSc_line_657451"
                    
                    BASELINE="356 3191 505 3199" 
                    HPOS="350"
                    VPOS="3153"
                    WIDTH="153"
                    HEIGHT="138">
            <Shape><Polygon POINTS="354 3188 350 3291 461 3256 465 3237 499 3237 503 3195 503 3161 354 3153 354 3188"/></Shape>
	    <String CONTENT="וירא"
                    HPOS="350"
                    VPOS="3153"
                    WIDTH="153"
                    HEIGHT="138"></String>
          </TextLine>

          
        </TextBlock>
        

        
      </PrintSpace>
    </Page>
  </Layout>
</alto>
